/*--------------------------------*- C++ -*----------------------------------*\
| =========                 |                                                 |
| \\      /  F ield         | OpenFOAM: The Open Source CFD Toolbox           |
|  \\    /   O peration     | Version:  2206                                  |
|   \\  /    A nd           | Website:  www.openfoam.com                      |
|    \\/     M anipulation  |                                                 |
\*---------------------------------------------------------------------------*/
FoamFile
{
    version     2.0;
    format      ascii;
    arch        "LSB;label=32;scalar=64";
    class       volVectorField;
    location    "0.1";
    object      INe;
}
// * * * * * * * * * * * * * * * * * * * * * * * * * * * * * * * * * * * * * //

dimensions      [0 -2 0 0 0 1 0];

internalField   nonuniform List<vector> 
17988
(
(2.30435e-06 0 0)
(4.58493e-06 0 0)
(3.13587e-06 0 0)
(-8.50826e-07 0 0)
(5.92505e-06 0 0)
(1.01048e-05 0 0)
(5.58483e-06 0 0)
(1.16676e-05 0 0)
(1.07783e-05 0 0)
(8.52319e-06 0 0)
(3.82932e-06 0 0)
(-8.16336e-07 0 0)
(-8.12124e-07 4.33133e-06 0)
(1.61587e-06 0 0)
(2.67922e-06 0 0)
(-2.39886e-06 0 0)
(-1.59099e-06 -8.48526e-06 0)
(-1.58278e-06 0 0)
(-4.4614e-06 0 0)
(-2.34973e-06 -4.1773e-06 0)
(5.45442e-06 -4.15575e-06 0)
(9.30219e-06 -4.13431e-06 0)
(3.85592e-06 8.22595e-06 0)
(-5.11469e-07 0 0)
(-1.78091e-06 0 0)
(1.51862e-06 -4.04964e-06 0)
(-5.03594e-07 0 0)
(-4.50896e-06 0 0)
(-2.74126e-06 0 0)
(-7.68551e-06 0 0)
(-1.03589e-05 0 0)
(-6.8703e-06 0 0)
(-5.61435e-06 0 0)
(-7.28528e-07 0 0)
(-2.17431e-06 0 0)
(-7.2103e-06 0 0)
(-3.82565e-06 0 0)
(-1.02284e-05 0 0)
(-1.34886e-05 0 0)
(-5.88553e-06 0 0)
(-4.44993e-06 0 0)
(-4.65997e-07 0 0)
(-2.78155e-06 0 0)
(-8.53221e-06 0 0)
(-1.10117e-05 0 0)
(-1.25525e-05 0 0)
(-8.62788e-06 0 0)
(-6.55046e-06 0 0)
(-3.5954e-06 0 0)
(0 0 0)
(-5.3376e-06 0 0)
(-6.63757e-06 3.54004e-06 0)
(-5.50277e-06 0 0)
(8.75901e-07 0 0)
(2.17845e-06 0 0)
(2.38394e-06 0 0)
(2.37164e-06 6.89931e-06 0)
(1.93042e-06 -6.86371e-06 0)
(-2.13384e-07 0 0)
(-1.10387e-05 0 0)
(-4.64614e-06 0 0)
(1.68079e-06 0 0)
(-8.36058e-07 0 0)
(1.45555e-06 0 0)
(6.2059e-06 3.30981e-06 0)
(5.3507e-06 0 0)
(1.84261e-06 0 0)
(-3.46253e-06 0 0)
(-6.68669e-06 0 0)
(-5.03954e-06 0 0)
(-1.00271e-06 0 0)
(-1.79556e-06 0 0)
(-2.38173e-06 0 0)
(5.92361e-07 0 0)
(5.69661e-06 -6.28592e-06 0)
(8.79396e-06 0 0)
(2.13854e-06 0 0)
(1.9341e-07 0 0)
(2.30895e-06 6.15719e-06 0)
(-4.21123e-06 0 0)
(-7.61727e-06 0 0)
(-6.44128e-06 -6.06238e-06 0)
(-4.7118e-06 0 0)
(4.31249e-06 0 0)
(1.17515e-05 0 0)
(7.79393e-06 0 0)
(4.79992e-06 0 0)
(9.55031e-06 0 0)
(1.22417e-05 5.84679e-06 0)
(6.5437e-06 0 0)
(3.79747e-06 0 0)
(4.67737e-06 0 0)
(7.87471e-06 0 0)
(9.61455e-06 0 0)
(7.08514e-06 0 0)
(9.69181e-06 5.63887e-06 0)
(1.01677e-05 0 0)
(5.75524e-06 0 0)
(8.84857e-06 0 0)
(1.58798e-05 0 0)
(1.45958e-05 0 0)
(6.83319e-06 0 0)
(7.30778e-06 0 0)
(5.9175e-06 0 0)
(4.70958e-06 -5.38237e-06 0)
(8.70123e-06 0 0)
(6.65872e-06 0 0)
(1.04334e-05 5.29949e-06 0)
(1.49927e-05 0 0)
(3.76981e-06 0 0)
(3.91342e-06 0 0)
(1.37885e-05 0 0)
(1.09739e-05 0 0)
(4.49535e-06 5.13754e-06 0)
(1.75692e-06 0 0)
(6.83252e-06 0 0)
(9.95879e-06 0 0)
(7.07672e-06 0 0)
(-4.69347e-07 0 0)
(-4.51361e-06 0 0)
(-6.19355e-06 0 0)
(-9.85856e-06 0 0)
(-5.67007e-06 0 0)
(-9.14727e-07 0 0)
(-1.51668e-06 0 0)
(1.50885e-06 0 0)
(3.75268e-06 4.80342e-06 0)
(1.00053e-05 0 0)
(9.35941e-06 0 0)
(-5.91182e-07 0 0)
(-3.08769e-06 0 0)
(-7.89882e-06 -4.68078e-06 0)
(-9.60431e-06 0 0)
(-2.3163e-06 0 0)
(-6.33697e-06 0 0)
(-2.73642e-06 0 0)
(3.90876e-06 0 0)
(1.4552e-06 0 0)
(-4.82706e-06 0 0)
(-7.05759e-06 0 0)
(-9.16333e-06 0 0)
(-9.21085e-06 0 0)
(-6.27197e-06 0 0)
(-1.05075e-05 0 0)
(-6.48808e-06 0 0)
(-5.00504e-06 0 0)
(-9.90955e-06 0 0)
(-9.96094e-06 0 0)
(-9.70452e-06 0 0)
(-9.90969e-06 0 0)
(-1.12062e-05 -4.98054e-06 0)
(-1.29853e-05 0 0)
(-1.5097e-05 0 0)
(-1.13815e-05 0 0)
(-7.78589e-06 0 0)
(-9.42347e-06 0 0)
(-9.63289e-06 0 0)
(-9.68285e-06 0 0)
(-6.81315e-06 0 0)
(-5.05483e-06 -5.21789e-06 0)
(-8.19523e-07 0 0)
(-2.63608e-06 0 0)
(-4.80267e-06 0 0)
(-8.65634e-06 0 0)
(-8.36657e-06 0 0)
(-6.72797e-07 0 0)
(-4.22679e-06 0 0)
(-4.07876e-06 0 0)
(-6.14987e-06 0 0)
(-5.15147e-06 0 0)
(2.24388e-06 0 0)
(-7.63406e-06 0 0)
(-1.13361e-05 0 0)
(-7.01222e-06 0 0)
(-7.92966e-06 0 0)
(-7.4394e-06 0 0)
(-7.12189e-07 5.69751e-06 0)
(1.78971e-07 0 0)
(-1.61909e-06 0 0)
(-2.53164e-06 0 0)
(-1.8177e-06 0 0)
(-5.84679e-06 0 0)
(-1.41418e-05 0 0)
(-9.41523e-06 -5.90759e-06 0)
(-1.03919e-05 0 0)
(-8.58048e-06 0 0)
(-7.68748e-06 0 0)
(-1.54547e-05 0 0)
(-1.61032e-05 0 0)
(-1.25685e-05 0 0)
(-1.12937e-05 0 0)
(-1.32764e-05 0 0)
(-8.12322e-06 0 0)
(-4.4715e-06 0 0)
(-8.98938e-06 0 0)
(-8.83957e-06 0 0)
(-6.12106e-06 0 0)
(-3.77108e-06 0 0)
(-3.19211e-06 0 0)
(-1.2233e-05 0 0)
(-1.33044e-05 0 0)
(-8.30771e-06 0 0)
(-1.44611e-05 0 0)
(-1.49456e-05 0 0)
(-8.23184e-06 0 0)
(-1.13775e-05 0 0)
(-1.45555e-05 0 0)
(-1.06597e-05 0 0)
(-1.21857e-05 0 0)
(-1.28825e-05 0 0)
(-7.21763e-06 0 0)
(-1.17361e-05 0 0)
(-2.05911e-05 6.86371e-06 0)
(-1.81107e-05 0 0)
(-8.45214e-06 0 0)
(-6.75321e-06 0 0)
(-5.47438e-06 0 0)
(-2.86144e-06 0 0)
(-7.96509e-06 0 0)
(-1.15648e-05 0 0)
(-1.02834e-05 0 0)
(-5.84253e-06 0 0)
(-6.55046e-06 0 0)
(-6.58443e-06 0 0)
(-2.05404e-06 0 0)
(-9.17642e-07 0 0)
(-4.61201e-07 0 0)
(-2.31796e-06 0 0)
(-3.72797e-06 0 0)
(-6.08937e-06 0 0)
(-7.53348e-06 0 0)
(-4.73285e-06 0 0)
(-3.0923e-06 0 0)
(-1.21943e-05 0 0)
(-1.00944e-05 3.84549e-06 0)
(-2.4159e-06 0 0)
(-1.94274e-06 0 0)
(-7.32306e-07 0 0)
(-4.66199e-06 0 0)
(-1.13455e-05 0 0)
(-5.70215e-06 0 0)
(-2.49205e-07 0 0)
(-5.76145e-06 0 0)
(-7.5539e-06 0 0)
(-5.06205e-06 4.04964e-06 0)
(-8.3957e-06 0 0)
(-1.02294e-06 0 0)
(1.28531e-06 0 0)
(-6.45985e-06 0 0)
(-6.23362e-06 0 0)
(-2.87189e-06 0 0)
(-1.04974e-06 0 0)
(1.31898e-06 0 0)
(6.62911e-06 0 0)
(6.93003e-06 0 0)
(6.96597e-06 0 0)
(7.27141e-06 0 0)
(2.97779e-06 0 0)
(1.63267e-06 0 0)
(1.36762e-06 0 0)
(3.2993e-06 0 0)
(4.42188e-06 0 0)
(2.22241e-06 0 0)
(2.79242e-07 0 0)
(-1.68414e-06 0 0)
(1.97502e-06 0 0)
(7.09022e-06 0 0)
(1.71048e-06 0 0)
(-6.01772e-06 0 0)
(-1.72826e-06 0 0)
(2.80858e-06 -3.74477e-06 0)
(4.65681e-06 3.72545e-06 0)
(2.77967e-06 3.70623e-06 0)
(-1.38266e-06 -3.6871e-06 0)
(6.41914e-06 3.66808e-06 0)
(1.00352e-05 0 0)
(5.44549e-06 3.63033e-06 0)
(1.17377e-05 0 0)
(1.07789e-05 -3.59296e-06 0)
(8.04246e-06 -3.57443e-06 0)
(4.44498e-06 -7.11197e-06 0)
(-8.8441e-07 0 0)
(-4.39923e-07 0 0)
(1.75061e-06 7.00246e-06 0)
(2.17698e-06 0 0)
(-2.16575e-06 -6.93039e-06 0)
(-1.72366e-06 0 0)
(-1.71476e-06 0 0)
(-4.69127e-06 -3.41183e-06 0)
(-2.12139e-06 6.78846e-06 0)
(5.48717e-06 0 0)
(9.23807e-06 0 0)
(4.17746e-06 -3.34197e-06 0)
(-8.31181e-07 0 0)
(-1.65378e-06 0 0)
(1.64525e-06 3.2905e-06 0)
(-4.09191e-07 -3.27353e-06 0)
(-4.88496e-06 0 0)
(-2.42988e-06 0 0)
(-7.65491e-06 0 0)
(-1.04211e-05 3.20649e-06 0)
(-7.17738e-06 -3.18995e-06 0)
(-5.15692e-06 6.34698e-06 0)
(-1.18392e-06 0 0)
(-1.96302e-06 -3.14083e-06 0)
(-7.0304e-06 -3.12462e-06 0)
(-3.49706e-06 3.1085e-06 0)
(-1.08236e-05 0 0)
(-1.34597e-05 0 0)
(-5.73869e-06 0 0)
(-4.56727e-06 3.04484e-06 0)
(-3.78642e-07 0 0)
(-2.63682e-06 -9.04052e-06 0)
(-8.99388e-06 0 0)
(-1.08115e-05 0 0)
(-1.29811e-05 0 0)
(-8.48641e-06 -5.90359e-06 0)
(-6.2402e-06 0 0)
(-3.65177e-06 0 0)
(3.63293e-07 5.81268e-06 0)
(-5.42128e-06 0 0)
(-6.47197e-06 5.75286e-06 0)
(-5.72318e-06 2.86159e-06 0)
(7.11706e-07 5.69365e-06 0)
(2.1241e-06 -2.83214e-06 0)
(2.46533e-06 0 0)
(2.45261e-06 0 0)
(1.74283e-06 8.36558e-06 0)
(-3.46767e-07 -8.32242e-06 0)
(-1.06943e-05 0 0)
(-4.80478e-06 0 0)
(1.70714e-06 2.73142e-06 0)
(-6.79332e-07 0 0)
(1.68957e-06 -2.70331e-06 0)
(5.71489e-06 5.37872e-06 0)
(5.35097e-06 -8.02646e-06 0)
(1.66355e-06 -5.32337e-06 0)
(-3.30994e-06 0 0)
(-6.58572e-06 0 0)
(-4.91381e-06 0 0)
(-9.77691e-07 0 0)
(-1.62108e-06 5.18745e-06 0)
(-2.58034e-06 5.16068e-06 0)
(6.41757e-07 0 0)
(5.42679e-06 5.10757e-06 0)
(8.57456e-06 0 0)
(2.5275e-06 -5.055e-06 0)
(3.14308e-07 0 0)
(2.1888e-06 0 0)
(-4.35502e-06 -4.97716e-06 0)
(-7.42723e-06 4.95148e-06 0)
(-6.77316e-06 0 0)
(-4.59424e-06 0 0)
(4.26583e-06 0 0)
(1.18221e-05 -4.85009e-06 0)
(8.44386e-06 4.82506e-06 0)
(4.50016e-06 9.60034e-06 0)
(9.25234e-06 0 0)
(1.24708e-05 0 0)
(6.20321e-06 0 0)
(4.11414e-06 4.70187e-06 0)
(4.67761e-06 0 0)
(7.85274e-06 9.30695e-06 0)
(9.54828e-06 0 0)
(7.19622e-06 0 0)
(9.73637e-06 4.58182e-06 0)
(9.97102e-06 0 0)
(5.66833e-06 -9.06933e-06 0)
(9.02253e-06 -4.51127e-06 0)
(1.5708e-05 0 0)
(1.45107e-05 0 0)
(6.94031e-06 -8.8836e-06 0)
(7.18069e-06 -4.41888e-06 0)
(6.04462e-06 0 0)
(4.92008e-06 0 0)
(8.42975e-06 0 0)
(7.03364e-06 0 0)
(1.02269e-05 8.61212e-06 0)
(1.49935e-05 0 0)
(3.72902e-06 0 0)
(3.97477e-06 4.23975e-06 0)
(1.37081e-05 0 0)
(1.10148e-05 0 0)
(4.43537e-06 -4.17447e-06 0)
(1.81691e-06 -4.15293e-06 0)
(6.97191e-06 4.1315e-06 0)
(9.7617e-06 8.22038e-06 0)
(7.15572e-06 0 0)
(-5.08486e-07 0 0)
(-4.55276e-06 0 0)
(-6.03903e-06 0 0)
(-1.00131e-05 0 0)
(-5.72784e-06 3.98458e-06 0)
(-9.91006e-07 0 0)
(-1.23237e-06 0 0)
(1.22601e-06 3.92323e-06 0)
(3.90298e-06 0 0)
(9.9498e-06 3.88285e-06 0)
(9.65703e-06 -3.86281e-06 0)
(-7.20541e-07 3.84288e-06 0)
(-3.34518e-06 3.82306e-06 0)
(-7.84437e-06 -7.60667e-06 0)
(-9.45927e-06 0 0)
(-2.58788e-06 0 0)
(-6.08525e-06 -7.48953e-06 0)
(-2.57453e-06 3.74477e-06 0)
(3.99945e-06 0 0)
(1.18241e-06 3.78371e-06 0)
(-4.75417e-06 -3.80333e-06 0)
(-7.16823e-06 -3.82306e-06 0)
(-8.88667e-06 0 0)
(-9.41561e-06 3.86281e-06 0)
(-6.5523e-06 0 0)
(-1.02453e-05 -3.90298e-06 0)
(-6.62044e-06 3.92323e-06 0)
(-4.92946e-06 -7.88714e-06 0)
(-9.91006e-06 -3.96402e-06 0)
(-9.96145e-06 0 0)
(-1.00131e-05 -4.00525e-06 0)
(-9.56179e-06 0 0)
(-1.1129e-05 0 0)
(-1.29664e-05 0 0)
(-1.50781e-05 8.17796e-06 0)
(-1.15599e-05 8.22038e-06 0)
(-7.74657e-06 0 0)
(-9.34409e-06 4.15293e-06 0)
(-9.39255e-06 8.34894e-06 0)
(-9.96578e-06 0 0)
(-6.85405e-06 0 0)
(-5.03471e-06 0 0)
(-7.99077e-07 0 0)
(-2.6774e-06 0 0)
(-4.84432e-06 0 0)
(-8.38626e-06 0 0)
(-8.42975e-06 8.70168e-06 0)
(-8.20013e-07 0 0)
(-4.39609e-06 -4.39609e-06 0)
(-3.86652e-06 -4.41888e-06 0)
(-5.82986e-06 4.4418e-06 0)
(-5.58105e-06 0 0)
(1.9635e-06 0 0)
(-7.33081e-06 -9.02253e-06 0)
(-1.13367e-05 4.53466e-06 0)
(-6.83727e-06 0 0)
(-8.01819e-06 9.16364e-06 0)
(-7.48407e-06 4.60558e-06 0)
(-5.78683e-07 4.62947e-06 0)
(0 0 0)
(-1.46175e-06 0 0)
(-2.35093e-06 0 0)
(-1.77234e-06 0 0)
(-6.23538e-06 -4.75076e-06 0)
(-1.43262e-05 0 0)
(-9.30033e-06 0 0)
(-1.02533e-05 -4.82506e-06 0)
(-8.48765e-06 4.85009e-06 0)
(-7.92226e-06 -4.87524e-06 0)
(-1.53141e-05 0 0)
(-1.63172e-05 0 0)
(-1.23787e-05 4.95148e-06 0)
(-1.15097e-05 4.97716e-06 0)
(-1.31328e-05 0 0)
(-7.85769e-06 1.00578e-05 0)
(-4.42313e-06 5.055e-06 0)
(-9.20971e-06 0 0)
(-8.61903e-06 0 0)
(-6.0967e-06 5.13406e-06 0)
(-4.19306e-06 0 0)
(-2.91794e-06 0 0)
(-1.271e-05 -5.21435e-06 0)
(-1.27759e-05 0 0)
(-8.23215e-06 5.26858e-06 0)
(-1.48947e-05 0 0)
(-1.4972e-05 -5.32337e-06 0)
(-8.3609e-06 5.35097e-06 0)
(-1.10936e-05 -2.68936e-06 0)
(-1.41924e-05 2.70331e-06 0)
(-1.08693e-05 0 0)
(-1.195e-05 0 0)
(-1.33847e-05 2.74559e-06 0)
(-7.24454e-06 0 0)
(-1.14433e-05 0 0)
(-2.09139e-05 0 0)
(-1.75187e-05 0 0)
(-8.45257e-06 2.81752e-06 0)
(-7.08034e-06 -2.83214e-06 0)
(-5.3378e-06 0 0)
(-3.21929e-06 0 0)
(-7.91018e-06 -5.75286e-06 0)
(-1.15654e-05 0 0)
(-1.05355e-05 -2.90634e-06 0)
(-5.84283e-06 -5.84283e-06 0)
(-6.60727e-06 -5.87313e-06 0)
(-5.90359e-06 2.95179e-06 0)
(-2.22533e-06 2.9671e-06 0)
(-1.11843e-06 0 0)
(-7.4949e-07 -5.99592e-06 0)
(-1.88344e-06 -6.02701e-06 0)
(-3.78642e-06 0 0)
(-5.70908e-06 -3.04484e-06 0)
(-7.65159e-06 3.06064e-06 0)
(-4.61476e-06 0 0)
(-3.09246e-06 3.09246e-06 0)
(-1.20454e-05 0 0)
(-1.0155e-05 9.37387e-06 0)
(-2.74822e-06 3.14083e-06 0)
(-2.36784e-06 -3.15712e-06 0)
(-7.93372e-07 -6.34698e-06 0)
(-4.38618e-06 0 0)
(-1.12227e-05 0 0)
(-5.64046e-06 0 0)
(-4.0498e-07 0 0)
(-6.1062e-06 -6.51328e-06 0)
(-6.95625e-06 0 0)
(-5.34707e-06 3.2905e-06 0)
(-8.26892e-06 -3.30757e-06 0)
(-8.31181e-07 6.64945e-06 0)
(1.25324e-06 0 0)
(-6.7186e-06 -3.3593e-06 0)
(-5.90926e-06 0 0)
(-2.96995e-06 3.39423e-06 0)
(-8.52959e-07 0 0)
(8.57382e-07 3.42953e-06 0)
(6.89463e-06 0 0)
(6.93039e-06 0 0)
(6.96633e-06 3.48316e-06 0)
(7.00246e-06 3.50123e-06 0)
(2.63954e-06 -3.51939e-06 0)
(1.76882e-06 -3.53764e-06 0)
(1.33349e-06 -3.55598e-06 0)
(3.57443e-06 0 0)
(4.49121e-06 0 0)
(2.25725e-06 0 0)
(4.53791e-07 0 0)
(-2.28072e-06 -3.64916e-06 0)
(2.29255e-06 -3.66808e-06 0)
(7.37421e-06 3.6871e-06 0)
(1.85311e-06 0 0)
(-6.05385e-06 3.72545e-06 0)
(-2.34048e-06 0 0)
(2.66243e-06 6.08556e-06 0)
(4.54062e-06 3.02708e-06 0)
(3.01146e-06 0 0)
(-7.48982e-07 2.99593e-06 0)
(5.96094e-06 8.94141e-06 0)
(1.00072e-05 0 0)
(5.89959e-06 5.89959e-06 0)
(1.06378e-05 2.93457e-06 0)
(1.05829e-05 -2.91943e-06 0)
(8.35007e-06 -2.90437e-06 0)
(4.33408e-06 -8.66816e-06 0)
(-3.5931e-07 0 0)
(-3.57456e-07 0 0)
(1.42245e-06 2.84489e-06 0)
(2.12266e-06 0 0)
(-2.46366e-06 -5.63123e-06 0)
(-1.05041e-06 0 0)
(-1.74165e-06 2.78664e-06 0)
(-4.50492e-06 0 0)
(-1.72372e-06 5.51591e-06 0)
(4.80152e-06 2.74373e-06 0)
(8.8711e-06 0 0)
(3.7338e-06 -8.14646e-06 0)
(-3.37685e-07 -5.40295e-06 0)
(-1.67971e-06 -2.68754e-06 0)
(1.67105e-06 2.67367e-06 0)
(-6.6497e-07 -1.06395e-05 0)
(-4.63077e-06 -5.29231e-06 0)
(-2.6325e-06 0 0)
(-7.20203e-06 0 0)
(-1.04216e-05 5.21082e-06 0)
(-6.80391e-06 2.59197e-06 0)
(-5.80184e-06 0 0)
(-1.28264e-06 -2.56529e-06 0)
(-2.23305e-06 -2.55205e-06 0)
(-6.66458e-06 -2.53889e-06 0)
(-3.47296e-06 2.52579e-06 0)
(-1.09933e-05 -7.53827e-06 0)
(-1.31239e-05 0 0)
(-5.59551e-06 0 0)
(-4.32961e-06 7.42219e-06 0)
(-1.23065e-06 2.4613e-06 0)
(-2.75468e-06 -4.8972e-06 0)
(-8.52589e-06 0 0)
(-1.09053e-05 -2.4234e-06 0)
(-1.26572e-05 -2.4109e-06 0)
(-8.3946e-06 4.79691e-06 0)
(-6.56173e-06 2.38608e-06 0)
(-3.26394e-06 0 0)
(2.95191e-07 4.72305e-06 0)
(-5.57968e-06 2.34934e-06 0)
(-6.1352e-06 2.33722e-06 0)
(-5.23161e-06 4.65032e-06 0)
(2.89146e-07 9.25266e-06 0)
(1.72592e-06 -2.30123e-06 0)
(2.28936e-06 2.28936e-06 0)
(2.56224e-06 -4.55509e-06 0)
(1.69935e-06 6.79738e-06 0)
(-5.63526e-07 -9.01642e-06 0)
(-1.06518e-05 -4.48495e-06 0)
(-4.46181e-06 2.23091e-06 0)
(1.66455e-06 4.43879e-06 0)
(-8.27979e-07 6.62383e-06 0)
(1.37285e-06 -4.39311e-06 0)
(6.00935e-06 0 0)
(4.89138e-06 -6.52184e-06 0)
(1.89239e-06 -6.48819e-06 0)
(-2.95841e-06 -4.30314e-06 0)
(-6.42141e-06 4.28094e-06 0)
(-5.05739e-06 4.25885e-06 0)
(-7.94415e-07 0 0)
(-1.58063e-06 4.21502e-06 0)
(-2.6208e-06 8.38655e-06 0)
(7.82182e-07 4.17164e-06 0)
(5.44703e-06 8.30023e-06 0)
(8.25741e-06 0 0)
(2.31041e-06 0 0)
(5.10776e-07 0 0)
(2.03256e-06 0 0)
(-4.29691e-06 -8.08831e-06 0)
(-7.54367e-06 0 0)
(-6.75427e-06 0 0)
(-4.47962e-06 0 0)
(4.4565e-06 7.92267e-06 0)
(1.18227e-05 0 0)
(8.3312e-06 3.92057e-06 0)
(4.63165e-06 3.90034e-06 0)
(9.21551e-06 0 0)
(1.20631e-05 -3.8602e-06 0)
(6.48047e-06 -1.15208e-05 0)
(3.82047e-06 -3.82047e-06 0)
(5.22604e-06 0 0)
(8.03493e-06 1.13434e-05 0)
(8.93389e-06 3.76164e-06 0)
(7.48446e-06 0 0)
(9.77267e-06 0 0)
(9.49076e-06 -3.70371e-06 0)
(5.52691e-06 -3.6846e-06 0)
(9.16398e-06 -3.66559e-06 0)
(1.61822e-05 0 0)
(1.4058e-05 -3.62787e-06 0)
(6.76716e-06 -1.08274e-05 0)
(7.62987e-06 0 0)
(6.25101e-06 0 0)
(4.88616e-06 7.10715e-06 0)
(8.61715e-06 3.53524e-06 0)
(6.81419e-06 0 0)
(1.02779e-05 3.49885e-06 0)
(1.45759e-05 0 0)
(4.11213e-06 -6.92569e-06 0)
(3.66029e-06 1.03349e-05 0)
(1.37088e-05 -3.4272e-06 0)
(1.08679e-05 -3.40952e-06 0)
(4.45191e-06 -6.78386e-06 0)
(2.31992e-06 -3.37443e-06 0)
(7.13367e-06 1.00711e-05 0)
(9.60164e-06 6.6794e-06 0)
(6.64494e-06 -3.32247e-06 0)
(-4.13166e-07 0 0)
(-4.31586e-06 0 0)
(-6.1337e-06 0 0)
(-9.76329e-06 -3.25443e-06 0)
(-5.66587e-06 9.71292e-06 0)
(-1.00654e-06 6.44187e-06 0)
(-1.20162e-06 3.20432e-06 0)
(1.39466e-06 6.37557e-06 0)
(3.76596e-06 3.17134e-06 0)
(9.66211e-06 6.30995e-06 0)
(9.21993e-06 -6.2774e-06 0)
(-1.95157e-07 -6.24501e-06 0)
(-3.49469e-06 3.10639e-06 0)
(-7.91907e-06 -6.18073e-06 0)
(-9.41542e-06 3.07442e-06 0)
(-2.67624e-06 0 0)
(-6.08556e-06 -9.12834e-06 0)
(-2.28209e-06 9.12834e-06 0)
(4.01436e-06 3.05856e-06 0)
(9.60757e-07 3.07442e-06 0)
(-5.21499e-06 -6.18073e-06 0)
(-6.98939e-06 -3.10639e-06 0)
(-8.58689e-06 -6.24501e-06 0)
(-9.21993e-06 6.2774e-06 0)
(-6.50714e-06 0 0)
(-1.05051e-05 -3.17134e-06 0)
(-6.57481e-06 6.37557e-06 0)
(-5.20702e-06 -3.20432e-06 0)
(-9.66281e-06 -6.44187e-06 0)
(-9.91527e-06 0 0)
(-9.76329e-06 -3.25443e-06 0)
(-9.81393e-06 3.27131e-06 0)
(-1.13034e-05 -3.28827e-06 0)
(-1.2395e-05 3.30533e-06 0)
(-1.49511e-05 6.64494e-06 0)
(-1.18977e-05 6.6794e-06 0)
(-7.76311e-06 -3.35702e-06 0)
(-9.06878e-06 3.37443e-06 0)
(-9.7518e-06 6.78386e-06 0)
(-9.80237e-06 3.40952e-06 0)
(-6.85441e-06 3.4272e-06 0)
(-5.38278e-06 3.44498e-06 0)
(-4.32856e-07 0 0)
(-3.0457e-06 0 0)
(-4.81093e-06 0 0)
(-8.35288e-06 -3.517e-06 0)
(-8.17524e-06 7.07048e-06 0)
(-1.11049e-06 7.10715e-06 0)
(-4.465e-06 -3.572e-06 0)
(-3.59053e-06 0 0)
(-6.09044e-06 -7.2183e-06 0)
(-5.21506e-06 3.62787e-06 0)
(1.59542e-06 0 0)
(-7.10209e-06 -7.33119e-06 0)
(-1.12841e-05 3.6846e-06 0)
(-6.94446e-06 0 0)
(-7.44584e-06 7.44584e-06 0)
(-7.71835e-06 1.12267e-05 0)
(-9.40409e-07 3.76164e-06 0)
(0 0 0)
(-1.66283e-06 3.80075e-06 0)
(-2.38779e-06 0 0)
(-1.92014e-06 7.68056e-06 0)
(-6.03156e-06 -3.8602e-06 0)
(-1.40658e-05 0 0)
(-9.50707e-06 3.90034e-06 0)
(-1.00465e-05 -3.92057e-06 0)
(-8.37441e-06 3.9409e-06 0)
(-8.17026e-06 0 0)
(-1.56787e-05 0 0)
(-1.576e-05 -4.00253e-06 0)
(-1.20699e-05 8.04658e-06 0)
(-1.16269e-05 8.08831e-06 0)
(-1.32117e-05 -4.06513e-06 0)
(-7.91703e-06 4.08621e-06 0)
(-4.36411e-06 4.1074e-06 0)
(-9.54763e-06 0 0)
(-8.819e-06 -4.15012e-06 0)
(-6.25746e-06 -4.17164e-06 0)
(-3.93119e-06 0 0)
(-3.4247e-06 -8.43004e-06 0)
(-1.2181e-05 -1.27106e-05 0)
(-1.25104e-05 0 0)
(-8.56188e-06 0 0)
(-1.45231e-05 0 0)
(-1.45984e-05 6.48819e-06 0)
(-8.69578e-06 2.17395e-06 0)
(-1.14724e-05 -6.55566e-06 0)
(-1.42776e-05 0 0)
(-1.07637e-05 6.62383e-06 0)
(-1.19292e-05 -2.21939e-06 0)
(-1.28277e-05 4.46181e-06 0)
(-7.56835e-06 4.48495e-06 0)
(-1.15523e-05 -6.76231e-06 0)
(-2.09586e-05 0 0)
(-1.7651e-05 -4.55509e-06 0)
(-8.58509e-06 4.57871e-06 0)
(-6.61604e-06 -4.60246e-06 0)
(-5.20462e-06 2.31316e-06 0)
(-3.77839e-06 0 0)
(-8.18027e-06 -4.67444e-06 0)
(-1.11594e-05 0 0)
(-1.03317e-05 0 0)
(-5.63771e-06 4.74754e-06 0)
(-6.26347e-06 4.77217e-06 0)
(-6.29595e-06 9.59383e-06 0)
(-2.71226e-06 2.4109e-06 0)
(-1.51462e-06 0 0)
(-3.04496e-07 -7.3079e-06 0)
(-1.83645e-06 0 0)
(-3.99961e-06 0 0)
(-5.8759e-06 -2.47406e-06 0)
(-7.14982e-06 -2.48689e-06 0)
(-4.37464e-06 7.49938e-06 0)
(-3.45504e-06 5.02551e-06 0)
(-1.16818e-05 0 0)
(-9.83819e-06 7.61666e-06 0)
(-2.87106e-06 2.55205e-06 0)
(-2.56529e-06 2.56529e-06 0)
(-6.44648e-07 5.15719e-06 0)
(-4.53594e-06 0 0)
(-1.1073e-05 2.60541e-06 0)
(-5.56521e-06 7.85676e-06 0)
(-6.58126e-07 0 0)
(-6.28462e-06 5.29231e-06 0)
(-6.6497e-06 -2.65988e-06 0)
(-5.34735e-06 0 0)
(-8.39856e-06 0 0)
(-6.75369e-07 1.08059e-05 0)
(6.78872e-07 -5.43097e-06 0)
(-6.14153e-06 -2.72957e-06 0)
(-6.17338e-06 2.74373e-06 0)
(-3.1027e-06 -2.75796e-06 0)
(-6.93065e-07 -2.77226e-06 0)
(1.39332e-06 5.57327e-06 0)
(6.30245e-06 2.80109e-06 0)
(6.68709e-06 -5.63123e-06 0)
(7.42932e-06 -2.83022e-06 0)
(7.11224e-06 2.84489e-06 0)
(2.50219e-06 0 0)
(1.43724e-06 2.87448e-06 0)
(1.44469e-06 -2.88939e-06 0)
(3.63046e-06 2.90437e-06 0)
(4.37915e-06 0 0)
(2.56775e-06 0 0)
(0 2.94979e-06 0)
(-1.48255e-06 2.96509e-06 0)
(2.23535e-06 5.96094e-06 0)
(7.11533e-06 5.99185e-06 0)
(1.50573e-06 0 0)
(-5.67578e-06 3.02708e-06 0)
(-2.28209e-06 6.08556e-06 0)
(2.47239e-06 4.94477e-06 0)
(4.61181e-06 2.45963e-06 0)
(2.44694e-06 2.44694e-06 0)
(0 0 0)
(6.05439e-06 9.68703e-06 0)
(9.63705e-06 0 0)
(5.99208e-06 2.39683e-06 0)
(1.07301e-05 2.38447e-06 0)
(9.78517e-06 -2.37216e-06 0)
(7.96474e-06 -2.35992e-06 0)
(4.10856e-06 -7.04324e-06 0)
(2.91954e-07 -2.33564e-06 0)
(0 0 0)
(1.44475e-06 2.3116e-06 0)
(1.43729e-06 -4.59934e-06 0)
(-2.28781e-06 -6.86342e-06 0)
(-5.69e-07 2.276e-06 0)
(-2.26426e-06 -2.26426e-06 0)
(-3.94201e-06 -2.25258e-06 0)
(-1.12048e-06 2.24095e-06 0)
(4.45879e-06 4.45879e-06 0)
(8.31709e-06 -2.21789e-06 0)
(3.30967e-06 -6.61934e-06 0)
(0 -6.58519e-06 0)
(-1.36484e-06 -6.55122e-06 0)
(1.35779e-06 2.17247e-06 0)
(-1.35079e-06 -6.48379e-06 0)
(-3.7627e-06 -2.15011e-06 0)
(-2.4064e-06 0 0)
(-7.44794e-06 -6.38395e-06 0)
(-1.03204e-05 0 0)
(-6.84476e-06 0 0)
(-5.76184e-06 2.09522e-06 0)
(-1.5633e-06 -2.08441e-06 0)
(-1.81444e-06 -6.22095e-06 0)
(-6.96246e-06 0 0)
(-3.59154e-06 0 0)
(-1.09742e-05 -6.12516e-06 0)
(-1.26949e-05 2.03119e-06 0)
(-5.05177e-06 2.02071e-06 0)
(-4.77442e-06 2.01028e-06 0)
(-1.49993e-06 0 0)
(-3.23308e-06 -5.96877e-06 0)
(-8.16472e-06 -5.93798e-06 0)
(-1.08301e-05 -1.96911e-06 0)
(-1.24883e-05 -1.95895e-06 0)
(-8.2826e-06 3.89769e-06 0)
(-6.78577e-06 -1.93879e-06 0)
(-3.13428e-06 0 0)
(2.39855e-07 0 0)
(-5.4882e-06 -1.90894e-06 0)
(-5.93465e-06 5.69727e-06 0)
(-4.95939e-06 1.88929e-06 0)
(-2.34943e-07 1.31568e-05 0)
(1.40238e-06 -3.73969e-06 0)
(2.55777e-06 3.7204e-06 0)
(2.7759e-06 -3.7012e-06 0)
(1.38079e-06 5.52316e-06 0)
(-9.15777e-07 -7.32622e-06 0)
(-9.79381e-06 0 0)
(-4.53176e-06 5.43811e-06 0)
(2.02877e-06 3.6067e-06 0)
(-1.34554e-06 3.58809e-06 0)
(1.33859e-06 0 0)
(5.5487e-06 -5.32675e-06 0)
(4.63686e-06 -5.29927e-06 0)
(2.19664e-06 -5.27192e-06 0)
(-2.62236e-06 -1.74824e-06 0)
(-6.30468e-06 3.47844e-06 0)
(-4.97446e-06 6.92099e-06 0)
(-8.60661e-07 6.88529e-06 0)
(-1.49839e-06 0 0)
(-2.34246e-06 3.40721e-06 0)
(6.35556e-07 3.38963e-06 0)
(5.47973e-06 6.74429e-06 0)
(7.54818e-06 0 0)
(2.50308e-06 -3.33744e-06 0)
(2.07514e-07 0 0)
(1.85799e-06 -6.60617e-06 0)
(-4.10756e-06 -3.28605e-06 0)
(-7.35545e-06 0 0)
(-6.30119e-06 -6.50445e-06 0)
(-4.04431e-06 6.47089e-06 0)
(4.22461e-06 1.2875e-05 0)
(1.12075e-05 0 0)
(8.76047e-06 0 0)
(4.35763e-06 0 0)
(9.06441e-06 3.15284e-06 0)
(1.17621e-05 0 0)
(6.4358e-06 -6.24078e-06 0)
(4.2684e-06 -3.10429e-06 0)
(5.59749e-06 0 0)
(8.06489e-06 6.14468e-06 0)
(8.59637e-06 0 0)
(7.41175e-06 0 0)
(9.45322e-06 0 0)
(9.59253e-06 -6.01884e-06 0)
(5.80067e-06 0 0)
(9.1215e-06 2.97845e-06 0)
(1.57414e-05 -2.96308e-06 0)
(1.4002e-05 -5.89559e-06 0)
(6.96489e-06 -8.79776e-06 0)
(8.023e-06 2.91746e-06 0)
(6.16761e-06 0 0)
(5.23346e-06 5.77486e-06 0)
(8.25853e-06 2.87253e-06 0)
(6.78706e-06 0 0)
(1.06611e-05 5.68593e-06 0)
(1.41415e-05 2.8283e-06 0)
(4.39642e-06 -8.44112e-06 0)
(3.84889e-06 8.39757e-06 0)
(1.30535e-05 -2.78475e-06 0)
(1.09084e-05 -2.77038e-06 0)
(4.47864e-06 0 0)
(2.91323e-06 0 0)
(7.50123e-06 1.36386e-05 0)
(9.32816e-06 8.14094e-06 0)
(6.24293e-06 2.69965e-06 0)
(-3.35715e-07 -5.37143e-06 0)
(-4.34177e-06 2.67186e-06 0)
(-6.31293e-06 0 0)
(-9.42054e-06 -2.64436e-06 0)
(-5.42586e-06 7.89215e-06 0)
(-1.145e-06 2.61715e-06 0)
(-1.46455e-06 5.20728e-06 0)
(1.45699e-06 5.18042e-06 0)
(3.70422e-06 0 0)
(9.61331e-06 5.1271e-06 0)
(8.92613e-06 -5.10065e-06 0)
(-1.58573e-07 -5.07433e-06 0)
(-3.4706e-06 -2.52408e-06 0)
(-7.84704e-06 -5.02211e-06 0)
(-8.89947e-06 4.9962e-06 0)
(-3.10651e-06 4.97042e-06 0)
(-5.71739e-06 -2.47239e-06 0)
(-2.16334e-06 1.73067e-05 0)
(3.57249e-06 0 0)
(6.24524e-07 0 0)
(-5.17905e-06 -1.00442e-05 0)
(-6.94121e-06 0 0)
(-8.40436e-06 -5.07433e-06 0)
(-9.08553e-06 7.65097e-06 0)
(-6.72932e-06 0 0)
(-9.98528e-06 2.57685e-06 0)
(-6.7993e-06 5.18042e-06 0)
(-5.69547e-06 -2.60364e-06 0)
(-9.81429e-06 -5.23429e-06 0)
(-9.70077e-06 0 0)
(-9.58581e-06 -2.64436e-06 0)
(-9.80165e-06 7.97423e-06 0)
(-1.11884e-05 -2.67186e-06 0)
(-1.22536e-05 2.68572e-06 0)
(-1.48481e-05 2.69965e-06 0)
(-1.22114e-05 5.42729e-06 0)
(-7.84219e-06 0 0)
(-8.56833e-06 5.48373e-06 0)
(-9.81856e-06 5.51217e-06 0)
(-1.00426e-05 5.54076e-06 0)
(-6.96187e-06 0 0)
(-4.89858e-06 2.79919e-06 0)
(-7.03427e-07 8.44112e-06 0)
(-3.18184e-06 0 0)
(-4.79751e-06 2.84297e-06 0)
(-8.21592e-06 -8.57313e-06 0)
(-7.71993e-06 8.61759e-06 0)
(-1.62418e-06 2.88743e-06 0)
(-4.7164e-06 -5.80481e-06 0)
(-3.64682e-06 2.91746e-06 0)
(-6.04846e-06 -2.93259e-06 0)
(-4.9744e-06 5.89559e-06 0)
(1.29635e-06 2.96308e-06 0)
(-7.44612e-06 -8.93535e-06 0)
(-1.06658e-05 2.9939e-06 0)
(-6.58311e-06 3.00942e-06 0)
(-7.37351e-06 0 0)
(-7.41175e-06 1.21629e-05 0)
(-1.52824e-06 1.22259e-05 0)
(-1.92021e-07 -3.07234e-06 0)
(-1.73715e-06 0 0)
(-2.1342e-06 0 0)
(-1.95024e-06 6.24078e-06 0)
(-6.46918e-06 -9.40971e-06 0)
(-1.37937e-05 -3.15284e-06 0)
(-9.30949e-06 6.33838e-06 0)
(-1.01542e-05 0 0)
(-8.40563e-06 6.40429e-06 0)
(-8.24805e-06 0 0)
(-1.5975e-05 -3.23545e-06 0)
(-1.52448e-05 -3.25222e-06 0)
(-1.18505e-05 3.26909e-06 0)
(-1.19119e-05 6.57209e-06 0)
(-1.30059e-05 3.30309e-06 0)
(-7.678e-06 9.96065e-06 0)
(-5.00615e-06 6.67487e-06 0)
(-9.43522e-06 0 0)
(-8.85188e-06 6.74429e-06 0)
(-6.35556e-06 -3.38963e-06 0)
(-4.04606e-06 0 0)
(-4.06705e-06 -3.42488e-06 0)
(-1.18341e-05 -1.03279e-05 0)
(-1.21117e-05 0 0)
(-8.47871e-06 0 0)
(-1.4423e-05 0 0)
(-1.44978e-05 1.75731e-06 0)
(-9.05291e-06 5.29927e-06 0)
(-1.15413e-05 -7.10233e-06 0)
(-1.3609e-05 3.56958e-06 0)
(-1.09885e-05 8.97024e-06 0)
(-1.21726e-05 -1.80335e-06 0)
(-1.26889e-05 1.8127e-06 0)
(-7.97171e-06 1.8221e-06 0)
(-1.16762e-05 -9.15777e-06 0)
(-2.04817e-05 1.84105e-06 0)
(-1.75807e-05 3.7012e-06 0)
(-8.60342e-06 3.7204e-06 0)
(-7.01192e-06 0 0)
(-5.16874e-06 0 0)
(-3.54242e-06 -1.88929e-06 0)
(-8.30851e-06 -1.89909e-06 0)
(-1.14536e-05 -1.90894e-06 0)
(-9.83404e-06 -1.91884e-06 0)
(-5.30417e-06 3.85758e-06 0)
(-6.30107e-06 1.93879e-06 0)
(-5.84654e-06 1.36419e-05 0)
(-2.93843e-06 7.83582e-06 0)
(-2.21525e-06 1.96911e-06 0)
(-4.94831e-07 -3.95865e-06 0)
(-1.24349e-06 0 0)
(-4.24981e-06 1.99991e-06 0)
(-6.03084e-06 0 0)
(-7.07247e-06 0 0)
(-4.31627e-06 4.06237e-06 0)
(-3.57301e-06 -4.08344e-06 0)
(-1.12877e-05 -4.10462e-06 0)
(-1.00569e-05 1.03148e-05 0)
(-2.85127e-06 2.07365e-06 0)
(-2.34496e-06 6.25322e-06 0)
(-1.04761e-06 2.09522e-06 0)
(-4.47542e-06 -6.31824e-06 0)
(-1.0585e-05 4.23401e-06 0)
(-5.85195e-06 6.38395e-06 0)
(-1.33689e-06 -4.27804e-06 0)
(-5.91281e-06 -4.30022e-06 0)
(-6.75395e-06 0 0)
(-5.43118e-06 0 0)
(-7.37012e-06 -2.18374e-06 0)
(-1.37191e-06 8.78025e-06 0)
(-2.75806e-07 -6.61934e-06 0)
(-5.82196e-06 -2.21789e-06 0)
(-5.57348e-06 0 0)
(-3.08131e-06 2.24095e-06 0)
(0 4.50515e-06 0)
(1.13213e-06 6.79278e-06 0)
(5.69e-06 2.276e-06 0)
(6.57744e-06 -4.57561e-06 0)
(7.76139e-06 0 0)
(7.22374e-06 2.3116e-06 0)
(2.32358e-06 0 0)
(1.45977e-06 2.33564e-06 0)
(1.76081e-06 0 0)
(3.53989e-06 2.35992e-06 0)
(4.44781e-06 -2.37216e-06 0)
(2.38447e-06 2.38447e-06 0)
(5.99208e-07 2.39683e-06 0)
(-1.80695e-06 7.22778e-06 0)
(2.42176e-06 9.68703e-06 0)
(6.69437e-06 2.43432e-06 0)
(1.22347e-06 -2.44694e-06 0)
(-5.22672e-06 4.91926e-06 0)
(-1.85429e-06 7.41716e-06 0)
(2.26003e-06 6.02675e-06 0)
(4.24693e-06 0 0)
(2.4853e-06 3.97648e-06 0)
(4.94496e-07 0 0)
(5.90334e-06 1.18067e-05 0)
(9.05402e-06 0 0)
(6.08602e-06 3.89505e-06 0)
(1.06561e-05 1.93748e-06 0)
(9.63741e-06 0 0)
(7.43046e-06 -1.91754e-06 0)
(4.05374e-06 -5.72293e-06 0)
(9.48901e-07 -3.7956e-06 0)
(2.36001e-07 0 0)
(1.4087e-06 1.87827e-06 0)
(4.67145e-07 -3.73716e-06 0)
(-1.85894e-06 -3.71788e-06 0)
(-2.31168e-07 0 0)
(-1.83981e-06 -1.83981e-06 0)
(-4.1182e-06 1.83031e-06 0)
(-1.13804e-06 3.64174e-06 0)
(3.84938e-06 5.43443e-06 0)
(7.65905e-06 -7.20852e-06 0)
(3.36156e-06 -8.96416e-06 0)
(0 -5.35074e-06 0)
(-6.65392e-07 -1.77438e-06 0)
(8.82612e-07 0 0)
(-1.09757e-06 -8.78058e-06 0)
(-3.27573e-06 -1.74706e-06 0)
(-2.60706e-06 1.73804e-06 0)
(-7.34857e-06 -3.45815e-06 0)
(-9.89089e-06 1.72015e-06 0)
(-7.05903e-06 3.42256e-06 0)
(-5.74577e-06 3.4049e-06 0)
(-1.90538e-06 1.69367e-06 0)
(-2.31678e-06 -6.73971e-06 0)
(-6.28588e-06 -3.35247e-06 0)
(-4.16897e-06 0 0)
(-1.0576e-05 -6.63593e-06 0)
(-1.23782e-05 3.30085e-06 0)
(-5.3362e-06 3.28382e-06 0)
(-4.28777e-06 0 0)
(-2.23439e-06 1.62501e-06 0)
(-3.63741e-06 -4.84988e-06 0)
(-8.04143e-06 -4.82486e-06 0)
(-1.03999e-05 -4.79996e-06 0)
(-1.2137e-05 0 0)
(-8.31348e-06 4.75056e-06 0)
(-6.89216e-06 0 0)
(-2.93854e-06 4.70167e-06 0)
(-1.94892e-07 -3.11827e-06 0)
(-5.23494e-06 -1.55109e-06 0)
(-5.78659e-06 3.08618e-06 0)
(-4.02971e-06 6.14051e-06 0)
(-3.81802e-07 1.37449e-05 0)
(7.59664e-07 0 0)
(2.0783e-06 3.02298e-06 0)
(2.81942e-06 -3.00738e-06 0)
(1.30894e-06 2.99187e-06 0)
(-1.30219e-06 -8.92929e-06 0)
(-9.06829e-06 0 0)
(-4.23458e-06 4.41869e-06 0)
(2.01479e-06 4.3959e-06 0)
(-1.45774e-06 2.91548e-06 0)
(7.25109e-07 4.35065e-06 0)
(5.04957e-06 -2.88547e-06 0)
(5.02352e-06 -5.74117e-06 0)
(2.32032e-06 -5.71155e-06 0)
(-2.13078e-06 -2.84104e-06 0)
(-5.82941e-06 2.82638e-06 0)
(-4.92065e-06 5.6236e-06 0)
(-1.22382e-06 5.59458e-06 0)
(-1.39143e-06 2.78286e-06 0)
(-2.24941e-06 5.537e-06 0)
(6.88554e-07 2.75422e-06 0)
(5.30876e-06 8.22002e-06 0)
(7.15541e-06 0 0)
(2.20334e-06 -5.42361e-06 0)
(3.37227e-07 -2.69782e-06 0)
(1.67744e-06 -2.6839e-06 0)
(-4.00507e-06 -5.3401e-06 0)
(-7.63679e-06 -2.65627e-06 0)
(-5.78062e-06 -2.64257e-06 0)
(-3.12186e-06 5.25787e-06 0)
(3.92306e-06 1.04615e-05 0)
(1.08954e-05 2.60188e-06 0)
(8.73603e-06 0 0)
(4.50642e-06 2.5751e-06 0)
(8.64612e-06 2.56181e-06 0)
(1.13094e-05 -5.09719e-06 0)
(6.33862e-06 -1.01418e-05 0)
(4.72943e-06 0 0)
(5.95971e-06 0 0)
(7.95729e-06 9.98562e-06 0)
(8.38189e-06 -2.48352e-06 0)
(7.41213e-06 0 0)
(9.37099e-06 -2.45796e-06 0)
(9.47547e-06 0 0)
(5.92962e-06 -4.86533e-06 0)
(9.22669e-06 2.42011e-06 0)
(1.53486e-05 -4.81526e-06 0)
(1.37724e-05 -7.18562e-06 0)
(7.4464e-06 -7.14855e-06 0)
(8.29694e-06 4.74111e-06 0)
(6.48539e-06 0 0)
(5.13222e-06 7.03847e-06 0)
(8.0233e-06 4.6681e-06 0)
(7.11115e-06 0 0)
(1.03951e-05 6.93009e-06 0)
(1.3645e-05 0 0)
(4.7154e-06 -6.85876e-06 0)
(4.40676e-06 1.13723e-05 0)
(1.2445e-05 4.52545e-06 0)
(1.06925e-05 0 0)
(4.7588e-06 -4.47887e-06 0)
(3.20258e-06 2.22788e-06 0)
(7.89588e-06 6.64916e-06 0)
(8.682e-06 6.61486e-06 0)
(6.03233e-06 0 0)
(-4.09173e-07 -4.36452e-06 0)
(-4.342e-06 -2.171e-06 0)
(-6.20942e-06 -4.3196e-06 0)
(-8.99749e-06 2.14865e-06 0)
(-5.34392e-06 4.27514e-06 0)
(-1.32909e-06 2.12654e-06 0)
(-1.05778e-06 4.23114e-06 0)
(1.31541e-06 6.31396e-06 0)
(3.53328e-06 2.0938e-06 0)
(9.11309e-06 4.16598e-06 0)
(8.80704e-06 -8.28898e-06 0)
(-2.57694e-07 -6.18466e-06 0)
(-3.46092e-06 -4.10184e-06 0)
(-7.39622e-06 -4.08067e-06 0)
(-8.62669e-06 4.05962e-06 0)
(-3.15521e-06 6.05801e-06 0)
(-5.52452e-06 0 0)
(-2.13448e-06 1.20535e-05 0)
(2.9028e-06 0 0)
(3.80589e-07 -2.02981e-06 0)
(-5.10084e-06 -1.02017e-05 0)
(-6.79366e-06 0 0)
(-8.11737e-06 -8.24622e-06 0)
(-8.93656e-06 2.07225e-06 0)
(-6.89991e-06 0 0)
(-9.94553e-06 0 0)
(-6.70858e-06 2.10465e-06 0)
(-5.95004e-06 4.23114e-06 0)
(-9.70234e-06 -2.12654e-06 0)
(-9.75266e-06 0 0)
(-9.26607e-06 -2.14865e-06 0)
(-9.85408e-06 6.47939e-06 0)
(-1.15334e-05 -2.171e-06 0)
(-1.21388e-05 0 0)
(-1.45324e-05 -4.38715e-06 0)
(-1.21272e-05 8.81981e-06 0)
(-7.89588e-06 -2.21639e-06 0)
(-8.4938e-06 6.68364e-06 0)
(-9.65757e-06 4.47887e-06 0)
(-1.04111e-05 4.5021e-06 0)
(-7.07101e-06 2.26272e-06 0)
(-4.69107e-06 2.27446e-06 0)
(-1.14313e-06 4.57251e-06 0)
(-3.01627e-06 -4.59622e-06 0)
(-5.34194e-06 2.31003e-06 0)
(-7.83678e-06 -6.96603e-06 0)
(-7.29391e-06 7.00216e-06 0)
(-2.05289e-06 2.34616e-06 0)
(-4.56925e-06 -2.35832e-06 0)
(-3.55583e-06 4.74111e-06 0)
(-6.10605e-06 0 0)
(-5.08981e-06 4.79041e-06 0)
(6.01907e-07 -2.40763e-06 0)
(-6.95783e-06 -9.68046e-06 0)
(-1.00347e-05 2.43267e-06 0)
(-6.87736e-06 2.44528e-06 0)
(-7.06665e-06 2.45796e-06 0)
(-7.10329e-06 7.41213e-06 0)
(-2.01786e-06 7.45057e-06 0)
(-6.24101e-07 -2.4964e-06 0)
(-1.56834e-06 2.50935e-06 0)
(-1.89177e-06 -2.52236e-06 0)
(-2.37698e-06 5.07089e-06 0)
(-6.84935e-06 -1.01944e-05 0)
(-1.29692e-05 0 0)
(-9.33473e-06 5.1502e-06 0)
(-1.0192e-05 0 0)
(-8.29348e-06 5.20375e-06 0)
(-8.82688e-06 -2.61537e-06 0)
(-1.56093e-05 0 0)
(-1.51948e-05 5.28514e-06 0)
(-1.14552e-05 5.31255e-06 0)
(-1.20152e-05 5.3401e-06 0)
(-1.29163e-05 5.36779e-06 0)
(-7.41899e-06 1.07913e-05 0)
(-5.5931e-06 5.42361e-06 0)
(-9.37018e-06 -2.72587e-06 0)
(-8.90502e-06 2.74001e-06 0)
(-6.71341e-06 -2.75422e-06 0)
(-4.49881e-06 -2.7685e-06 0)
(-4.17429e-06 -5.56572e-06 0)
(-1.15388e-05 -8.39187e-06 0)
(-1.14229e-05 5.6236e-06 0)
(-8.65579e-06 0 0)
(-1.43828e-05 -4.26156e-06 0)
(-1.42789e-05 2.85577e-06 0)
(-9.68822e-06 4.30588e-06 0)
(-1.15419e-05 -4.32821e-06 0)
(-1.25081e-05 1.45022e-06 0)
(-1.14797e-05 5.83095e-06 0)
(-1.26382e-05 -4.3959e-06 0)
(-1.27037e-05 -1.4729e-06 0)
(-8.51309e-06 -1.48054e-06 0)
(-1.17197e-05 -1.04175e-05 0)
(-1.94471e-05 0 0)
(-1.74804e-05 3.00738e-06 0)
(-9.06894e-06 4.53447e-06 0)
(-7.02689e-06 -1.51933e-06 0)
(-5.53613e-06 0 0)
(-3.64593e-06 -6.14051e-06 0)
(-8.10122e-06 -1.54309e-06 0)
(-1.12454e-05 -3.10218e-06 0)
(-9.54971e-06 -3.11827e-06 0)
(-4.89757e-06 4.70167e-06 0)
(-5.71064e-06 1.57535e-06 0)
(-5.54232e-06 9.50112e-06 0)
(-3.5814e-06 1.11421e-05 0)
(-2.99998e-06 4.79996e-06 0)
(-8.04143e-07 -3.21657e-06 0)
(-1.21247e-06 -1.61663e-06 0)
(-3.8594e-06 -1.62501e-06 0)
(-6.12539e-06 -1.63344e-06 0)
(-6.77287e-06 0 0)
(-4.33236e-06 3.30085e-06 0)
(-3.94009e-06 -1.65898e-06 0)
(-1.08393e-05 -1.66759e-06 0)
(-9.63835e-06 8.38118e-06 0)
(-3.15924e-06 5.05479e-06 0)
(-2.5405e-06 3.38733e-06 0)
(-1.91526e-06 -1.70245e-06 0)
(-4.2782e-06 -8.5564e-06 0)
(-9.89089e-06 -5.16046e-06 0)
(-6.2679e-06 6.9163e-06 0)
(-1.52079e-06 -1.73804e-06 0)
(-5.45955e-06 -1.74706e-06 0)
(-6.58544e-06 3.51223e-06 0)
(-5.73698e-06 1.76522e-06 0)
(-6.87572e-06 0 0)
(-1.56063e-06 1.24851e-05 0)
(-1.12052e-06 -5.37849e-06 0)
(-5.18112e-06 -5.40639e-06 0)
(-5.66086e-06 0 0)
(-2.7313e-06 5.46261e-06 0)
(0 3.66063e-06 0)
(1.37985e-06 7.35922e-06 0)
(4.62337e-06 3.69869e-06 0)
(6.50628e-06 -3.71788e-06 0)
(8.4086e-06 1.86858e-06 0)
(7.27829e-06 0 0)
(2.12401e-06 1.88801e-06 0)
(1.42335e-06 -1.8978e-06 0)
(1.90764e-06 1.90764e-06 0)
(3.116e-06 0 0)
(4.0959e-06 -1.92748e-06 0)
(2.90622e-06 -1.93748e-06 0)
(1.2172e-06 0 0)
(-9.78813e-07 3.91525e-06 0)
(1.96778e-06 7.87112e-06 0)
(5.6867e-06 3.95597e-06 0)
(1.73971e-06 0 0)
(-4.74656e-06 3.99711e-06 0)
(-2.00892e-06 6.02675e-06 0)
(2.04041e-06 6.52932e-06 0)
(4.05977e-06 -1.62391e-06 0)
(2.82718e-06 4.84659e-06 0)
(8.03597e-07 0 0)
(6.39561e-06 9.59342e-06 0)
(7.95327e-06 0 0)
(6.7254e-06 6.32979e-06 0)
(1.02328e-05 1.57428e-06 0)
(9.39696e-06 1.56616e-06 0)
(6.62184e-06 -3.11616e-06 0)
(3.8751e-06 -6.20016e-06 0)
(1.15653e-06 -4.62613e-06 0)
(7.67044e-07 -3.06817e-06 0)
(7.63086e-07 -1.52617e-06 0)
(3.79575e-07 -4.5549e-06 0)
(-1.51046e-06 -4.53139e-06 0)
(-3.75668e-07 -1.50267e-06 0)
(-1.49492e-06 -2.98984e-06 0)
(-3.34621e-06 1.48721e-06 0)
(-1.47953e-06 1.47953e-06 0)
(3.67975e-06 2.9438e-06 0)
(6.95545e-06 -1.46431e-06 0)
(2.9135e-06 -5.827e-06 0)
(7.24617e-07 -5.79694e-06 0)
(0 -2.88351e-06 0)
(0 0 0)
(-1.07019e-06 -5.70767e-06 0)
(-2.48422e-06 0 0)
(-2.82447e-06 0 0)
(-7.7272e-06 -2.80989e-06 0)
(-8.73561e-06 1.3977e-06 0)
(-6.95243e-06 4.17146e-06 0)
(-5.87908e-06 5.53325e-06 0)
(-3.09639e-06 2.75235e-06 0)
(-3.08042e-06 -8.21445e-06 0)
(-5.10754e-06 -2.72402e-06 0)
(-4.74245e-06 0 0)
(-1.011e-05 -6.73997e-06 0)
(-1.13988e-05 5.36415e-06 0)
(-5.67001e-06 1.33412e-06 0)
(-4.64533e-06 1.32724e-06 0)
(-2.31068e-06 2.64078e-06 0)
(-4.26912e-06 -6.56788e-06 0)
(-8.16749e-06 -3.9204e-06 0)
(-9.75043e-06 -1.30006e-06 0)
(-1.13168e-05 0 0)
(-8.3634e-06 5.14671e-06 0)
(-7.04021e-06 1.28004e-06 0)
(-3.50194e-06 5.09374e-06 0)
(-3.16716e-07 -1.26686e-06 0)
(-4.72623e-06 -1.26033e-06 0)
(-5.0153e-06 6.26912e-06 0)
(-4.05391e-06 4.98942e-06 0)
(-3.1023e-07 9.92736e-06 0)
(3.08629e-07 2.46904e-06 0)
(1.53519e-06 6.14074e-06 0)
(3.05453e-06 -1.22181e-06 0)
(6.07754e-07 2.43102e-06 0)
(-1.51155e-06 -6.04619e-06 0)
(-8.12024e-06 -2.406e-06 0)
(-3.88957e-06 5.98396e-06 0)
(1.48827e-06 2.38123e-06 0)
(-1.18447e-06 1.18447e-06 0)
(5.89181e-07 3.53509e-06 0)
(4.39606e-06 -1.17228e-06 0)
(4.37338e-06 -3.4987e-06 0)
(2.61049e-06 -3.48065e-06 0)
(-1.73135e-06 -2.30846e-06 0)
(-5.16724e-06 0 0)
(-4.56941e-06 4.56941e-06 0)
(-1.42057e-06 2.27292e-06 0)
(-1.13059e-06 4.52238e-06 0)
(-2.8119e-06 8.99809e-06 0)
(8.39219e-07 4.47583e-06 0)
(5.00934e-06 4.45274e-06 0)
(6.64465e-06 -2.21488e-06 0)
(2.20346e-06 -6.61037e-06 0)
(5.48022e-07 0 0)
(1.36299e-06 -4.36156e-06 0)
(-4.06786e-06 -4.33905e-06 0)
(-7.28438e-06 -2.15833e-06 0)
(-5.6364e-06 -2.1472e-06 0)
(-2.13612e-06 6.40836e-06 0)
(3.71892e-06 8.5004e-06 0)
(1.00421e-05 4.22827e-06 0)
(8.41291e-06 -4.20645e-06 0)
(4.96939e-06 -2.09238e-06 0)
(8.58652e-06 2.08158e-06 0)
(1.03542e-05 -2.07084e-06 0)
(6.95303e-06 -8.24063e-06 0)
(5.38001e-06 2.04953e-06 0)
(6.37173e-06 2.03895e-06 0)
(7.86018e-06 4.05687e-06 0)
(7.81962e-06 2.01797e-06 0)
(7.27739e-06 -2.00756e-06 0)
(9.48669e-06 3.9944e-06 0)
(9.18939e-06 0 0)
(6.17701e-06 -1.97664e-06 0)
(9.09481e-06 3.93289e-06 0)
(1.49168e-05 -3.9126e-06 0)
(1.33802e-05 -9.73103e-06 0)
(8.2287e-06 -7.74466e-06 0)
(8.66779e-06 1.92618e-06 0)
(6.70683e-06 0 0)
(5.48076e-06 9.53175e-06 0)
(7.82312e-06 5.68955e-06 0)
(7.07524e-06 3.77346e-06 0)
(1.05581e-05 5.63099e-06 0)
(1.26044e-05 1.86731e-06 0)
(5.10861e-06 -9.28839e-06 0)
(5.31327e-06 9.24047e-06 0)
(1.17208e-05 3.67712e-06 0)
(1.00599e-05 -1.82907e-06 0)
(5.004e-06 -5.45891e-06 0)
(4.07306e-06 3.62049e-06 0)
(7.87897e-06 7.20363e-06 0)
(8.51018e-06 3.58323e-06 0)
(5.34712e-06 0 0)
(-6.64941e-07 -5.31953e-06 0)
(-3.96906e-06 -1.76403e-06 0)
(-6.14224e-06 0 0)
(-8.72936e-06 0 0)
(-5.21059e-06 5.21059e-06 0)
(-1.29593e-06 1.7279e-06 0)
(-1.07437e-06 5.15697e-06 0)
(1.06882e-06 5.13036e-06 0)
(3.61525e-06 1.7013e-06 0)
(8.67416e-06 3.38504e-06 0)
(8.20846e-06 -8.41893e-06 0)
(0 -8.3755e-06 0)
(-3.12461e-06 -3.33291e-06 0)
(-7.25313e-06 -6.63143e-06 0)
(-8.04036e-06 4.94792e-06 0)
(-3.48669e-06 6.56318e-06 0)
(-5.10103e-06 -1.63233e-06 0)
(-2.04041e-06 1.30586e-05 0)
(2.25609e-06 1.6408e-06 0)
(-2.06163e-07 -1.64931e-06 0)
(-4.97358e-06 -9.94715e-06 0)
(-6.87413e-06 -1.66646e-06 0)
(-7.95672e-06 -6.7004e-06 0)
(-8.41893e-06 1.68379e-06 0)
(-6.98164e-06 0 0)
(-9.99512e-06 0 0)
(-6.41295e-06 1.71012e-06 0)
(-6.01646e-06 1.71899e-06 0)
(-9.93544e-06 0 0)
(-9.98697e-06 1.73686e-06 0)
(-9.16583e-06 -1.74587e-06 0)
(-9.43273e-06 5.26478e-06 0)
(-1.16867e-05 1.76403e-06 0)
(-1.26339e-05 3.54635e-06 0)
(-1.40362e-05 -1.78237e-06 0)
(-1.18695e-05 8.95808e-06 0)
(-8.10408e-06 0 0)
(-8.14611e-06 5.43074e-06 0)
(-9.78054e-06 7.27854e-06 0)
(-1.02885e-05 5.48722e-06 0)
(-7.12441e-06 7.35423e-06 0)
(-4.85124e-06 3.69619e-06 0)
(-1.39326e-06 3.71536e-06 0)
(-3.50121e-06 -7.46925e-06 0)
(-5.16174e-06 0 0)
(-7.54692e-06 -1.88673e-06 0)
(-7.11193e-06 9.48258e-06 0)
(-2.62123e-06 0 0)
(-4.31153e-06 -3.83247e-06 0)
(-3.37081e-06 3.85235e-06 0)
(-6.05051e-06 -1.93616e-06 0)
(-5.10879e-06 1.94621e-06 0)
(-2.44537e-07 -1.9563e-06 0)
(-6.63675e-06 -9.83222e-06 0)
(-9.38905e-06 5.92993e-06 0)
(-6.95413e-06 1.98689e-06 0)
(-6.74054e-06 5.9916e-06 0)
(-6.7755e-06 6.02267e-06 0)
(-2.52246e-06 1.00898e-05 0)
(-1.01422e-06 -2.02843e-06 0)
(-1.27435e-06 2.03895e-06 0)
(-2.04953e-06 -2.04953e-06 0)
(-2.83271e-06 4.12031e-06 0)
(-6.98909e-06 -8.28336e-06 0)
(-1.22293e-05 0 0)
(-9.15414e-06 4.18475e-06 0)
(-1.02532e-05 0 0)
(-8.98507e-06 4.22827e-06 0)
(-9.03167e-06 -6.3753e-06 0)
(-1.49528e-05 -4.27224e-06 0)
(-1.4762e-05 2.1472e-06 0)
(-1.13313e-05 4.31667e-06 0)
(-1.19324e-05 2.16953e-06 0)
(-1.25395e-05 4.36156e-06 0)
(-7.67231e-06 8.76835e-06 0)
(-6.33494e-06 4.40691e-06 0)
(-9.69012e-06 -2.21488e-06 0)
(-8.90548e-06 2.22637e-06 0)
(-6.99349e-06 0 0)
(-4.49905e-06 0 0)
(-4.80503e-06 -6.78357e-06 0)
(-1.07964e-05 -6.81875e-06 0)
(-1.08523e-05 2.2847e-06 0)
(-9.47328e-06 0 0)
(-1.41393e-05 -6.92539e-06 0)
(-1.36326e-05 3.48065e-06 0)
(-9.913e-06 3.4987e-06 0)
(-1.17228e-05 -3.51685e-06 0)
(-1.20782e-05 1.17836e-06 0)
(-1.18447e-05 5.92237e-06 0)
(-1.30968e-05 -4.76247e-06 0)
(-1.25663e-05 -2.39358e-06 0)
(-8.72174e-06 -2.406e-06 0)
(-1.17901e-05 -7.25542e-06 0)
(-1.88404e-05 -3.64653e-06 0)
(-1.67999e-05 4.88725e-06 0)
(-9.21111e-06 6.14074e-06 0)
(-7.40711e-06 0 0)
(-5.89437e-06 2.48184e-06 0)
(-4.05391e-06 -7.48414e-06 0)
(-7.83641e-06 -3.76147e-06 0)
(-1.10279e-05 -2.52065e-06 0)
(-8.86805e-06 3.80059e-06 0)
(-5.41209e-06 5.09374e-06 0)
(-5.44016e-06 -1.28004e-06 0)
(-4.82504e-06 5.14671e-06 0)
(-3.88005e-06 6.46675e-06 0)
(-3.57516e-06 5.20023e-06 0)
(-1.3068e-06 0 0)
(-1.31358e-06 -1.31358e-06 0)
(-3.96117e-06 -1.32039e-06 0)
(-5.64076e-06 1.32724e-06 0)
(-6.6706e-06 -1.33412e-06 0)
(-4.69364e-06 0 0)
(-4.38098e-06 -1.34799e-06 0)
(-9.82364e-06 -2.70997e-06 0)
(-8.85307e-06 4.08603e-06 0)
(-3.42269e-06 4.10723e-06 0)
(-3.44044e-06 2.75235e-06 0)
(-2.76662e-06 -4.14994e-06 0)
(-4.17146e-06 -4.17146e-06 0)
(-8.73561e-06 -1.3977e-06 0)
(-6.32226e-06 5.61979e-06 0)
(-2.11835e-06 -2.82447e-06 0)
(-4.96845e-06 -2.83911e-06 0)
(-6.42113e-06 2.85384e-06 0)
(-5.73728e-06 0 0)
(-6.12747e-06 1.44176e-06 0)
(-2.17385e-06 8.69541e-06 0)
(-2.18513e-06 -4.37025e-06 0)
(-5.12507e-06 -1.46431e-06 0)
(-4.78367e-06 -1.4719e-06 0)
(-2.2193e-06 7.39767e-06 0)
(0 2.97441e-06 0)
(1.49492e-06 7.47459e-06 0)
(4.13235e-06 6.01069e-06 0)
(6.04186e-06 1.51046e-06 0)
(8.35064e-06 0 0)
(7.24932e-06 0 0)
(2.30113e-06 0 0)
(1.15653e-06 0 0)
(2.32506e-06 0 0)
(2.72664e-06 3.11616e-06 0)
(3.9154e-06 -1.56616e-06 0)
(3.54213e-06 1.57428e-06 0)
(7.91223e-07 1.58245e-06 0)
(-3.97663e-07 1.59065e-06 0)
(2.39835e-06 4.79671e-06 0)
(5.22338e-06 1.60719e-06 0)
(1.61553e-06 0 0)
(-4.46575e-06 1.62391e-06 0)
(-2.4485e-06 4.89699e-06 0)
(1.32634e-06 6.63168e-06 0)
(3.95848e-06 2.63899e-06 0)
(2.95354e-06 3.93806e-06 0)
(9.79435e-07 2.61183e-06 0)
(5.84629e-06 7.79505e-06 0)
(8.07795e-06 0 0)
(6.42902e-06 5.14322e-06 0)
(9.91357e-06 2.55834e-06 0)
(8.90799e-06 -1.27257e-06 0)
(6.01352e-06 -2.53201e-06 0)
(3.77842e-06 -3.77842e-06 0)
(1.25297e-06 -3.75892e-06 0)
(9.34883e-07 -2.49302e-06 0)
(9.30059e-07 -1.24008e-06 0)
(3.0842e-07 -3.70104e-06 0)
(-1.22732e-06 -3.68195e-06 0)
(-3.05246e-07 -1.22098e-06 0)
(-1.51836e-06 -2.42937e-06 0)
(-3.02104e-06 2.41683e-06 0)
(-9.01637e-07 2.40437e-06 0)
(3.58794e-06 2.39196e-06 0)
(5.35414e-06 -3.56943e-06 0)
(2.66326e-06 -7.10203e-06 0)
(8.83173e-07 -3.53269e-06 0)
(2.92872e-07 -3.51447e-06 0)
(2.91361e-07 -2.33089e-06 0)
(-1.15943e-06 -4.63773e-06 0)
(-2.3069e-06 -1.15345e-06 0)
(-3.15562e-06 -2.295e-06 0)
(-7.13486e-06 -4.56631e-06 0)
(-8.23374e-06 0 0)
(-6.49651e-06 2.25966e-06 0)
(-6.182e-06 1.124e-06 0)
(-3.9137e-06 3.3546e-06 0)
(-3.05919e-06 -4.44972e-06 0)
(-5.25678e-06 -2.21338e-06 0)
(-4.95442e-06 -2.20196e-06 0)
(-9.58389e-06 -6.57181e-06 0)
(-1.08965e-05 3.26895e-06 0)
(-5.69115e-06 2.16806e-06 0)
(-4.85296e-06 3.23531e-06 0)
(-3.21861e-06 0 0)
(-4.26934e-06 -5.33668e-06 0)
(-7.69826e-06 -4.24732e-06 0)
(-9.77124e-06 -1.05635e-06 0)
(-1.07717e-05 0 0)
(-8.10246e-06 2.09096e-06 0)
(-6.76055e-06 3.12025e-06 0)
(-3.88019e-06 3.10416e-06 0)
(-1.02938e-06 -1.02938e-06 0)
(-3.84026e-06 -2.04814e-06 0)
(-4.83923e-06 4.07514e-06 0)
(-3.54735e-06 4.05412e-06 0)
(-1.0083e-06 5.0415e-06 0)
(0 0 0)
(1.74636e-06 3.99169e-06 0)
(2.23374e-06 -2.97832e-06 0)
(4.93826e-07 0 0)
(-1.71947e-06 -5.89534e-06 0)
(-7.33115e-06 -2.93246e-06 0)
(-3.16044e-06 6.8071e-06 0)
(7.2557e-07 1.93485e-06 0)
(-9.62435e-07 -9.62435e-07 0)
(4.78735e-07 4.78735e-06 0)
(3.81012e-06 -9.52529e-07 0)
(4.50117e-06 -2.84284e-06 0)
(2.35681e-06 -2.82818e-06 0)
(-1.64126e-06 -4.68931e-06 0)
(-4.43186e-06 -1.86605e-06 0)
(-4.17694e-06 3.71284e-06 0)
(-1.38513e-06 5.54052e-06 0)
(-9.18656e-07 1.83731e-06 0)
(-2.28479e-06 5.4835e-06 0)
(4.546e-07 3.6368e-06 0)
(4.29642e-06 3.61804e-06 0)
(5.84898e-06 0 0)
(2.0142e-06 -3.5808e-06 0)
(4.45291e-07 -3.56233e-06 0)
(1.32898e-06 -5.31592e-06 0)
(-3.30531e-06 -5.2885e-06 0)
(-7.01495e-06 0 0)
(-5.23407e-06 1.74469e-06 0)
(-1.95265e-06 5.20706e-06 0)
(4.10099e-06 8.63366e-06 0)
(9.01857e-06 1.71782e-06 0)
(7.90394e-06 -3.41792e-06 0)
(5.31295e-06 0 0)
(8.66828e-06 1.69137e-06 0)
(9.67521e-06 -3.36529e-06 0)
(6.9051e-06 -5.02189e-06 0)
(6.03681e-06 -1.66533e-06 0)
(6.83403e-06 0 0)
(7.62287e-06 3.29637e-06 0)
(7.37858e-06 -1.63968e-06 0)
(7.74831e-06 0 0)
(9.33114e-06 3.24562e-06 0)
(8.87939e-06 0 0)
(6.42442e-06 -1.60611e-06 0)
(8.98773e-06 1.59782e-06 0)
(1.41075e-05 -1.58958e-06 0)
(1.3244e-05 -7.90687e-06 0)
(8.65268e-06 -6.29286e-06 0)
(9.19495e-06 1.5651e-06 0)
(7.39586e-06 -1.55702e-06 0)
(6.00234e-06 6.19596e-06 0)
(7.31974e-06 4.62299e-06 0)
(7.09034e-06 6.13219e-06 0)
(1.0104e-05 4.57541e-06 0)
(1.19485e-05 0 0)
(5.84908e-06 -6.03776e-06 0)
(5.81891e-06 7.50827e-06 0)
(1.12043e-05 2.98781e-06 0)
(9.66029e-06 1.4862e-06 0)
(5.17486e-06 -4.43559e-06 0)
(4.78043e-06 5.88361e-06 0)
(7.86531e-06 4.38994e-06 0)
(8.0067e-06 4.36729e-06 0)
(4.70682e-06 -2.8965e-06 0)
(-5.40293e-07 -2.88156e-06 0)
(-3.76253e-06 -1.43335e-06 0)
(-6.06029e-06 0 0)
(-8.33424e-06 1.41859e-06 0)
(-5.46869e-06 5.6451e-06 0)
(-1.22849e-06 2.80799e-06 0)
(-6.98375e-07 2.7935e-06 0)
(1.04216e-06 5.55818e-06 0)
(3.28314e-06 1.38237e-06 0)
(8.25145e-06 2.75048e-06 0)
(7.52481e-06 -8.20888e-06 0)
(3.40272e-07 -5.44435e-06 0)
(-3.21591e-06 -1.35407e-06 0)
(-6.56701e-06 -4.04124e-06 0)
(-7.37071e-06 4.02039e-06 0)
(-3.66634e-06 6.66608e-06 0)
(-4.97376e-06 0 0)
(-1.82371e-06 1.06107e-05 0)
(1.33322e-06 2.66643e-06 0)
(-8.37581e-07 -1.34013e-06 0)
(-5.05155e-06 -8.08248e-06 0)
(-6.60107e-06 -2.70813e-06 0)
(-7.82626e-06 -6.80544e-06 0)
(-8.03786e-06 4.10444e-06 0)
(-7.22002e-06 -1.37524e-06 0)
(-9.84942e-06 -1.38237e-06 0)
(-6.42664e-06 1.38954e-06 0)
(-6.11078e-06 -2.7935e-06 0)
(-9.82796e-06 -2.80799e-06 0)
(-9.52611e-06 1.41128e-06 0)
(-8.86621e-06 2.83719e-06 0)
(-9.80342e-06 4.27785e-06 0)
(-1.18251e-05 -1.43335e-06 0)
(-1.26068e-05 1.44078e-06 0)
(-1.37584e-05 0 0)
(-1.18281e-05 5.82305e-06 0)
(-8.23113e-06 1.46331e-06 0)
(-7.72223e-06 4.41271e-06 0)
(-9.98008e-06 2.95706e-06 0)
(-1.02176e-05 5.94479e-06 0)
(-7.28279e-06 2.98781e-06 0)
(-4.88037e-06 4.50496e-06 0)
(-2.45284e-06 1.50944e-06 0)
(-3.2242e-06 -3.03454e-06 0)
(-4.9567e-06 1.52514e-06 0)
(-6.89871e-06 -1.53305e-06 0)
(-6.93449e-06 7.70499e-06 0)
(-3.48523e-06 1.54899e-06 0)
(-4.08719e-06 -1.55702e-06 0)
(-3.71711e-06 1.5651e-06 0)
(-6.09621e-06 -3.14643e-06 0)
(-4.94179e-06 1.58137e-06 0)
(-7.94788e-07 -1.58958e-06 0)
(-5.99182e-06 -7.98909e-06 0)
(-8.83358e-06 4.81832e-06 0)
(-6.86135e-06 1.61443e-06 0)
(-6.49123e-06 3.24562e-06 0)
(-6.52489e-06 4.89367e-06 0)
(-3.27937e-06 6.55873e-06 0)
(-1.44216e-06 -1.64819e-06 0)
(-1.44964e-06 1.65673e-06 0)
(-1.66533e-06 -3.33065e-06 0)
(-3.55717e-06 0 0)
(-6.94091e-06 -3.36529e-06 0)
(-1.14168e-05 0 0)
(-9.35079e-06 3.40029e-06 0)
(-1.00401e-05 0 0)
(-9.2333e-06 1.71782e-06 0)
(-9.71287e-06 -5.1802e-06 0)
(-1.45364e-05 -3.47137e-06 0)
(-1.39575e-05 1.74469e-06 0)
(-1.18377e-05 3.50747e-06 0)
(-1.16788e-05 0 0)
(-1.19608e-05 5.31592e-06 0)
(-7.79259e-06 5.34349e-06 0)
(-6.93781e-06 1.7904e-06 0)
(-9.89828e-06 -1.79969e-06 0)
(-8.81897e-06 1.80902e-06 0)
(-7.04631e-06 0 0)
(-5.02654e-06 0 0)
(-5.51194e-06 -7.34925e-06 0)
(-1.01576e-05 -7.38736e-06 0)
(-1.04424e-05 1.85642e-06 0)
(-1.003e-05 -3.73209e-06 0)
(-1.3599e-05 -4.68931e-06 0)
(-1.29625e-05 1.88545e-06 0)
(-1.04238e-05 9.47615e-07 0)
(-1.19066e-05 -9.52529e-07 0)
(-1.1729e-05 -1.91494e-06 0)
(-1.20304e-05 0 0)
(-1.3544e-05 -1.93485e-06 0)
(-1.19124e-05 0 0)
(-9.77486e-06 0 0)
(-1.17907e-05 -5.89534e-06 0)
(-1.77777e-05 -3.95061e-06 0)
(-1.58844e-05 3.97109e-06 0)
(-9.97922e-06 5.98753e-06 0)
(-7.77401e-06 -1.0031e-06 0)
(-6.30187e-06 2.0166e-06 0)
(-4.56088e-06 -4.05412e-06 0)
(-7.38619e-06 -4.07514e-06 0)
(-1.04967e-05 -3.07221e-06 0)
(-8.49238e-06 3.08814e-06 0)
(-5.43227e-06 2.06944e-06 0)
(-5.46044e-06 1.04008e-06 0)
(-4.18191e-06 4.18191e-06 0)
(-3.41543e-06 6.3054e-06 0)
(-4.48949e-06 3.16905e-06 0)
(-1.8582e-06 3.18549e-06 0)
(-1.601e-06 -3.20201e-06 0)
(-3.75505e-06 -1.07287e-06 0)
(-5.93139e-06 -1.07844e-06 0)
(-6.50417e-06 0 0)
(-4.90343e-06 -2.1793e-06 0)
(-4.10738e-06 -3.2859e-06 0)
(-9.63359e-06 -3.30295e-06 0)
(-8.30019e-06 4.42677e-06 0)
(-3.6154e-06 1.11243e-06 0)
(-3.63415e-06 3.3546e-06 0)
(-3.653e-06 -2.248e-06 0)
(-4.23686e-06 -4.51931e-06 0)
(-7.94982e-06 -2.27138e-06 0)
(-5.99328e-06 3.42473e-06 0)
(-3.15562e-06 -1.1475e-06 0)
(-4.6138e-06 -2.3069e-06 0)
(-5.79716e-06 0 0)
(-5.82722e-06 1.16544e-06 0)
(-5.2717e-06 1.17149e-06 0)
(-3.2383e-06 4.71026e-06 0)
(-2.95918e-06 -4.73468e-06 0)
(-4.46179e-06 0 0)
(-3.88694e-06 2.39196e-06 0)
(-2.10382e-06 6.01091e-06 0)
(3.02104e-07 4.83367e-06 0)
(1.51836e-06 7.28811e-06 0)
(3.9682e-06 6.10492e-06 0)
(5.52292e-06 2.45463e-06 0)
(7.71051e-06 2.46736e-06 0)
(6.82044e-06 -1.24008e-06 0)
(2.80465e-06 0 0)
(1.56622e-06 1.25297e-06 0)
(2.20408e-06 1.25947e-06 0)
(2.84851e-06 3.79801e-06 0)
(3.81771e-06 0 0)
(3.19793e-06 1.27917e-06 0)
(1.60726e-06 -1.2858e-06 0)
(0 3.87742e-06 0)
(1.62397e-06 3.89753e-06 0)
(4.89717e-06 1.30591e-06 0)
(1.64086e-06 0 0)
(-3.95848e-06 2.63899e-06 0)
(-1.98951e-06 6.63168e-06 0)
(8.08278e-07 5.38852e-06 0)
(3.7525e-06 3.21643e-06 0)
(3.19984e-06 4.26645e-06 0)
(1.59166e-06 4.24444e-06 0)
(5.54208e-06 8.44508e-06 0)
(7.61386e-06 2.10038e-06 0)
(6.791e-06 3.13431e-06 0)
(8.83473e-06 3.11814e-06 0)
(7.75513e-06 -1.03402e-06 0)
(6.17209e-06 -2.05736e-06 0)
(3.58181e-06 -3.07012e-06 0)
(1.52714e-06 -3.05428e-06 0)
(1.01284e-06 -2.02568e-06 0)
(1.00762e-06 -2.01523e-06 0)
(0 -3.00725e-06 0)
(-9.97246e-07 -1.99449e-06 0)
(-2.48025e-07 -1.9842e-06 0)
(-9.86982e-07 -2.96095e-06 0)
(-2.20925e-06 9.8189e-07 0)
(-9.76824e-07 1.95365e-06 0)
(2.42946e-06 1.94357e-06 0)
(4.59216e-06 -3.86708e-06 0)
(3.12579e-06 -3.84713e-06 0)
(9.5682e-07 -4.7841e-06 0)
(4.75942e-07 -2.85565e-06 0)
(0 -9.46972e-07 0)
(-9.42087e-07 -2.82626e-06 0)
(-2.34306e-06 -9.37226e-07 0)
(-3.49646e-06 -3.72956e-06 0)
(-6.49306e-06 -2.78274e-06 0)
(-7.38235e-06 9.22794e-07 0)
(-6.42623e-06 1.83607e-06 0)
(-6.16475e-06 9.13297e-07 0)
(-4.54292e-06 1.81717e-06 0)
(-3.61559e-06 -9.03897e-07 0)
(-5.17059e-06 -1.79847e-06 0)
(-5.36756e-06 -2.68378e-06 0)
(-8.89978e-06 -4.44989e-06 0)
(-9.73925e-06 1.77077e-06 0)
(-5.94552e-06 3.52327e-06 0)
(-5.25764e-06 8.76274e-07 0)
(-4.14083e-06 -1.74351e-06 0)
(-4.55309e-06 -4.33628e-06 0)
(-7.11794e-06 -2.58834e-06 0)
(-9.44162e-06 -2.57499e-06 0)
(-1.02468e-05 1.7078e-06 0)
(-8.07021e-06 3.39798e-06 0)
(-6.97218e-06 1.69022e-06 0)
(-3.99357e-06 2.52226e-06 0)
(-1.46373e-06 -1.67283e-06 0)
(-3.53642e-06 -8.32099e-07 0)
(-4.13903e-06 2.48342e-06 0)
(-3.50002e-06 3.29414e-06 0)
(-1.43375e-06 4.91572e-06 0)
(0 0 0)
(1.62171e-06 3.24342e-06 0)
(1.81501e-06 -3.22668e-06 0)
(0 -1.60502e-06 0)
(-1.99592e-06 -5.58858e-06 0)
(-5.7583e-06 -7.94249e-07 0)
(-3.1606e-06 5.53106e-06 0)
(5.89556e-07 1.57215e-06 0)
(-9.77523e-07 7.82019e-07 0)
(3.88992e-07 3.11194e-06 0)
(3.28937e-06 0 0)
(4.04238e-06 -7.69977e-07 0)
(2.29801e-06 -3.06402e-06 0)
(-1.33359e-06 -3.04821e-06 0)
(-3.98013e-06 0 0)
(-3.39394e-06 3.01684e-06 0)
(-1.31306e-06 6.00254e-06 0)
(-1.30628e-06 4.47868e-06 0)
(-2.22779e-06 4.45557e-06 0)
(3.69382e-07 4.43258e-06 0)
(4.22598e-06 2.93981e-06 0)
(5.11812e-06 1.46232e-06 0)
(1.81847e-06 -2.90955e-06 0)
(1.80909e-07 -1.44727e-06 0)
(1.07985e-06 -4.31941e-06 0)
(-3.40189e-06 -7.16187e-06 0)
(-6.05619e-06 -1.42498e-06 0)
(-4.4301e-06 1.41763e-06 0)
(-1.23403e-06 5.64127e-06 0)
(3.33223e-06 7.01521e-06 0)
(8.02587e-06 2.79161e-06 0)
(7.98446e-06 -2.7772e-06 0)
(5.87111e-06 0 0)
(8.24586e-06 1.37431e-06 0)
(9.22873e-06 -2.73444e-06 0)
(6.97085e-06 -4.0805e-06 0)
(6.76574e-06 0 0)
(6.73083e-06 1.34617e-06 0)
(7.53312e-06 1.33922e-06 0)
(7.66079e-06 0 0)
(7.62127e-06 1.32544e-06 0)
(9.39502e-06 1.3186e-06 0)
(8.85462e-06 0 0)
(6.68827e-06 1.30503e-06 0)
(8.76349e-06 2.59659e-06 0)
(1.30774e-05 0 0)
(1.28493e-05 -6.42466e-06 0)
(9.58727e-06 -3.83491e-06 0)
(9.37885e-06 1.27171e-06 0)
(7.59088e-06 -1.26515e-06 0)
(6.45042e-06 5.03448e-06 0)
(7.51275e-06 3.75638e-06 0)
(7.16258e-06 4.98266e-06 0)
(9.759e-06 4.95695e-06 0)
(1.10956e-05 1.23284e-06 0)
(6.13242e-06 -6.13242e-06 0)
(6.55834e-06 6.10078e-06 0)
(1.0773e-05 2.42772e-06 0)
(9.05699e-06 -1.2076e-06 0)
(5.7065e-06 -2.40274e-06 0)
(5.22887e-06 4.78068e-06 0)
(7.72852e-06 4.75601e-06 0)
(7.39293e-06 3.54861e-06 0)
(4.55997e-06 -1.17677e-06 0)
(-4.3901e-07 -1.17069e-06 0)
(-3.63954e-06 0 0)
(-5.79323e-06 0 0)
(-7.92459e-06 1.15267e-06 0)
(-5.16024e-06 5.7336e-06 0)
(-1.426e-06 3.42241e-06 0)
(-7.09324e-07 3.40475e-06 0)
(7.05664e-07 3.38719e-06 0)
(3.36971e-06 0 0)
(7.40305e-06 3.35233e-06 0)
(6.67006e-06 -8.89341e-06 0)
(8.29456e-07 -7.74159e-06 0)
(-3.02565e-06 -3.30071e-06 0)
(-6.02007e-06 -4.37824e-06 0)
(-6.66958e-06 4.35565e-06 0)
(-3.92694e-06 5.41647e-06 0)
(-4.58024e-06 3.23311e-06 0)
(-1.88598e-06 9.69934e-06 0)
(5.41647e-07 2.16659e-06 0)
(-1.36114e-06 -1.08891e-06 0)
(-5.19915e-06 -6.56735e-06 0)
(-6.60141e-06 -2.20047e-06 0)
(-7.32686e-06 -5.52971e-06 0)
(-7.64278e-06 3.33503e-06 0)
(-7.68242e-06 -1.11744e-06 0)
(-9.26671e-06 0 0)
(-6.77438e-06 1.12906e-06 0)
(-6.66764e-06 -4.53967e-06 0)
(-9.41163e-06 -2.28161e-06 0)
(-9.17376e-06 0 0)
(-8.64501e-06 2.30533e-06 0)
(-9.99332e-06 1.15865e-06 0)
(-1.19377e-05 2.32931e-06 0)
(-1.24386e-05 2.34139e-06 0)
(-1.35328e-05 0 0)
(-1.18287e-05 3.54861e-06 0)
(-8.02577e-06 2.37801e-06 0)
(-7.7686e-06 4.78068e-06 0)
(-9.76111e-06 3.6041e-06 0)
(-1.02646e-05 3.62279e-06 0)
(-7.58663e-06 4.85544e-06 0)
(-5.18566e-06 2.44031e-06 0)
(-2.60628e-06 2.45297e-06 0)
(-3.54443e-06 -3.69853e-06 0)
(-4.95695e-06 0 0)
(-6.07262e-06 -2.49133e-06 0)
(-6.41714e-06 7.51275e-06 0)
(-4.40517e-06 3.77586e-06 0)
(-4.42801e-06 -1.26515e-06 0)
(-3.4972e-06 1.27171e-06 0)
(-6.07194e-06 -2.55661e-06 0)
(-4.97911e-06 2.56987e-06 0)
(-1.6145e-06 -1.2916e-06 0)
(-5.68004e-06 -6.49147e-06 0)
(-7.83017e-06 3.91508e-06 0)
(-7.0509e-06 2.62359e-06 0)
(-6.26335e-06 3.9558e-06 0)
(-6.46151e-06 3.97631e-06 0)
(-3.66386e-06 5.32925e-06 0)
(-1.67403e-06 0 0)
(-1.85098e-06 2.69233e-06 0)
(-1.86058e-06 -2.7063e-06 0)
(-3.23039e-06 0 0)
(-6.8361e-06 -2.73444e-06 0)
(-1.08227e-05 1.37431e-06 0)
(-9.84274e-06 2.76288e-06 0)
(-1.02409e-05 -1.3886e-06 0)
(-9.59615e-06 0 0)
(-9.8213e-06 -4.20913e-06 0)
(-1.37506e-05 -1.41032e-06 0)
(-1.36447e-05 1.41763e-06 0)
(-1.17561e-05 2.84997e-06 0)
(-1.19961e-05 1.43237e-06 0)
(-1.15184e-05 2.87961e-06 0)
(-7.95999e-06 4.34181e-06 0)
(-7.63758e-06 0 0)
(-9.68788e-06 0 0)
(-8.63569e-06 1.4699e-06 0)
(-6.83357e-06 0 0)
(-5.94076e-06 1.48519e-06 0)
(-5.78496e-06 -2.98579e-06 0)
(-9.75413e-06 -4.50191e-06 0)
(-1.01818e-05 0 0)
(-1.06137e-05 -1.51624e-06 0)
(-1.31454e-05 -3.81026e-06 0)
(-1.24476e-05 1.53201e-06 0)
(-1.07797e-05 0 0)
(-1.219e-05 -2.32191e-06 0)
(-1.18643e-05 -3.88992e-06 0)
(-1.17303e-05 -2.34606e-06 0)
(-1.33633e-05 -2.35822e-06 0)
(-1.22473e-05 -7.90151e-07 0)
(-1.01267e-05 -7.94249e-07 0)
(-1.19755e-05 -5.58858e-06 0)
(-1.68527e-05 -1.60502e-06 0)
(-1.51251e-05 4.84002e-06 0)
(-9.93296e-06 4.05427e-06 0)
(-8.35435e-06 8.15059e-07 0)
(-6.75911e-06 1.63857e-06 0)
(-5.14709e-06 -3.29414e-06 0)
(-7.2433e-06 -3.31122e-06 0)
(-9.77716e-06 -2.4963e-06 0)
(-7.94594e-06 1.67283e-06 0)
(-5.46489e-06 2.52226e-06 0)
(-5.28195e-06 2.53534e-06 0)
(-3.82273e-06 5.09697e-06 0)
(-3.84255e-06 4.2695e-06 0)
(-4.29165e-06 4.29165e-06 0)
(-2.58834e-06 1.72556e-06 0)
(-1.95132e-06 -8.67255e-07 0)
(-3.70495e-06 -1.74351e-06 0)
(-5.69578e-06 -1.75255e-06 0)
(-6.60614e-06 0 0)
(-5.09097e-06 -8.85387e-07 0)
(-4.44989e-06 -1.77996e-06 0)
(-8.49864e-06 -1.78919e-06 0)
(-7.86829e-06 4.49617e-06 0)
(-4.06754e-06 1.80779e-06 0)
(-4.31578e-06 9.08585e-07 0)
(-4.33816e-06 -9.13297e-07 0)
(-4.36066e-06 -2.7541e-06 0)
(-6.92096e-06 -2.76838e-06 0)
(-5.79737e-06 9.2758e-07 0)
(-3.49646e-06 0 0)
(-4.92044e-06 -1.87445e-06 0)
(-5.88804e-06 0 0)
(-5.68183e-06 -9.46972e-07 0)
(-4.99739e-06 -9.51884e-07 0)
(-3.10967e-06 9.5682e-07 0)
(-2.88535e-06 -9.61782e-07 0)
(-4.10877e-06 9.6677e-07 0)
(-3.40124e-06 1.94357e-06 0)
(-1.70944e-06 2.93047e-06 0)
(2.45472e-07 4.90945e-06 0)
(1.48047e-06 3.94793e-06 0)
(3.47235e-06 3.9684e-06 0)
(5.48485e-06 2.99174e-06 0)
(7.26753e-06 1.00242e-06 0)
(6.2976e-06 -1.00762e-06 0)
(2.78532e-06 -2.02568e-06 0)
(2.03619e-06 0 0)
(2.55844e-06 2.04675e-06 0)
(2.82888e-06 1.02868e-06 0)
(3.61906e-06 1.03402e-06 0)
(2.85829e-06 1.03938e-06 0)
(1.82835e-06 0 0)
(5.25094e-07 1.05019e-06 0)
(1.84736e-06 4.22254e-06 0)
(3.97916e-06 1.06111e-06 0)
(1.59992e-06 -1.06661e-06 0)
(-2.68036e-06 2.14429e-06 0)
(-1.34713e-06 6.46623e-06 0)
(4.3784e-07 6.12976e-06 0)
(3.48465e-06 4.35581e-06 0)
(3.03334e-06 2.6e-06 0)
(2.15549e-06 3.44878e-06 0)
(5.57536e-06 6.00423e-06 0)
(6.39992e-06 3.41329e-06 0)
(7.21582e-06 1.69784e-06 0)
(8.4454e-06 1.68908e-06 0)
(7.14155e-06 0 0)
(5.43301e-06 -8.35847e-07 0)
(3.74191e-06 -2.4946e-06 0)
(1.24087e-06 -8.27245e-07 0)
(1.23446e-06 -1.64595e-06 0)
(8.18731e-07 -8.18731e-07 0)
(0 -2.44352e-06 0)
(-8.10304e-07 -1.62061e-06 0)
(-4.03062e-07 -8.06123e-07 0)
(-4.00982e-07 -1.60393e-06 0)
(-1.59565e-06 7.97827e-07 0)
(-7.9371e-07 7.9371e-07 0)
(1.57923e-06 7.89615e-07 0)
(3.53494e-06 -3.14217e-06 0)
(2.73521e-06 -4.68893e-06 0)
(1.55491e-06 -2.33237e-06 0)
(7.73445e-07 -1.54689e-06 0)
(0 -1.53891e-06 0)
(-7.65485e-07 -3.82742e-06 0)
(-2.28461e-06 -7.61535e-07 0)
(-3.78803e-06 -2.27282e-06 0)
(-6.02958e-06 -3.01479e-06 0)
(-6.74828e-06 7.49809e-07 0)
(-6.34049e-06 1.49188e-06 0)
(-6.30778e-06 7.42092e-07 0)
(-4.42958e-06 1.47653e-06 0)
(-4.77395e-06 -7.34454e-07 0)
(-5.11465e-06 -2.19199e-06 0)
(-5.81516e-06 -3.63448e-06 0)
(-7.95459e-06 -3.61572e-06 0)
(-8.99267e-06 2.87765e-06 0)
(-6.08347e-06 1.4314e-06 0)
(-5.69608e-06 0 0)
(-4.60418e-06 0 0)
(-5.28511e-06 -3.52341e-06 0)
(-6.65993e-06 -2.10314e-06 0)
(-8.71786e-06 -1.39486e-06 0)
(-9.71362e-06 6.9383e-07 0)
(-7.93788e-06 6.90251e-07 0)
(-6.86689e-06 1.37338e-06 0)
(-4.44045e-06 3.41573e-06 0)
(-2.03887e-06 -6.79622e-07 0)
(-3.04252e-06 0 0)
(-3.69945e-06 6.72627e-07 0)
(-3.01121e-06 2.67663e-06 0)
(-1.66426e-06 3.32852e-06 0)
(-6.6227e-07 6.6227e-07 0)
(9.88279e-07 6.58853e-07 0)
(1.31091e-06 -3.27727e-06 0)
(3.26036e-07 -6.52072e-07 0)
(-1.94612e-06 -3.89224e-06 0)
(-5.16288e-06 -1.93608e-06 0)
(-2.24711e-06 2.56812e-06 0)
(-3.19359e-07 0 0)
(-6.35423e-07 0 0)
(3.16072e-07 3.16072e-06 0)
(2.82997e-06 0 0)
(3.75383e-06 -6.25638e-07 0)
(1.86723e-06 -3.73446e-06 0)
(-9.28799e-07 -3.7152e-06 0)
(-3.08002e-06 0 0)
(-3.06413e-06 3.67696e-06 0)
(-1.52416e-06 1.21933e-06 0)
(-1.21304e-06 1.21304e-06 0)
(-2.11186e-06 2.41356e-06 0)
(3.00138e-07 3.60166e-06 0)
(3.88167e-06 2.38872e-06 0)
(4.15869e-06 0 0)
(1.47758e-06 -4.72827e-06 0)
(2.93992e-07 -3.5279e-06 0)
(5.8495e-07 -4.6796e-06 0)
(-2.90966e-06 -6.98319e-06 0)
(-5.21037e-06 -2.31572e-06 0)
(-3.45566e-06 1.15189e-06 0)
(-8.59457e-07 5.72972e-06 0)
(2.85008e-06 4.56012e-06 0)
(7.08843e-06 1.13415e-06 0)
(7.89808e-06 -1.1283e-06 0)
(5.61238e-06 -2.24495e-06 0)
(8.09596e-06 0 0)
(9.16512e-06 -3.33277e-06 0)
(7.46004e-06 -1.10519e-06 0)
(6.59694e-06 -1.09949e-06 0)
(7.10981e-06 0 0)
(7.61721e-06 -1.08817e-06 0)
(7.57791e-06 1.08256e-06 0)
(8.0773e-06 1.07697e-06 0)
(9.10705e-06 1.07142e-06 0)
(8.79359e-06 -1.06589e-06 0)
(6.89254e-06 1.06039e-06 0)
(8.70308e-06 3.16476e-06 0)
(1.23313e-05 0 0)
(1.22677e-05 -4.17625e-06 0)
(1.03867e-05 -3.11602e-06 0)
(9.55817e-06 0 0)
(7.70989e-06 -1.02798e-06 0)
(6.9031e-06 4.09072e-06 0)
(7.88489e-06 2.03481e-06 0)
(7.08509e-06 4.04862e-06 0)
(9.31413e-06 4.02773e-06 0)
(1.02678e-05 0 0)
(6.4777e-06 -2.98971e-06 0)
(6.94e-06 2.97428e-06 0)
(1.01097e-05 -9.86313e-07 0)
(9.32163e-06 -1.96245e-06 0)
(6.10101e-06 -9.76162e-07 0)
(5.82675e-06 4.85563e-06 0)
(7.48739e-06 4.83057e-06 0)
(6.96819e-06 2.88339e-06 0)
(4.06373e-06 -9.56171e-07 0)
(-2.3781e-07 -9.51238e-07 0)
(-3.31216e-06 9.4633e-07 0)
(-6.11941e-06 0 0)
(-7.25858e-06 1.87318e-06 0)
(-4.89173e-06 5.59055e-06 0)
(-1.62216e-06 4.63476e-06 0)
(-9.22169e-07 2.76651e-06 0)
(4.58705e-07 9.17411e-07 0)
(3.42254e-06 9.12678e-07 0)
(6.58277e-06 9.07969e-07 0)
(5.87135e-06 -7.22627e-06 0)
(1.12328e-06 -7.18899e-06 0)
(-2.68196e-06 -3.57595e-06 0)
(-5.33625e-06 -2.66812e-06 0)
(-5.75111e-06 3.53915e-06 0)
(-4.18105e-06 5.28133e-06 0)
(-3.94056e-06 4.3784e-06 0)
(-1.97028e-06 1.05082e-05 0)
(-2.20055e-07 2.64066e-06 0)
(-2.21197e-06 0 0)
(-5.55859e-06 -4.44687e-06 0)
(-6.25791e-06 -8.93987e-07 0)
(-6.96433e-06 -3.59449e-06 0)
(-7.67791e-06 9.03284e-07 0)
(-7.49074e-06 -9.07969e-07 0)
(-9.12678e-06 0 0)
(-7.10993e-06 9.17411e-07 0)
(-7.14681e-06 -3.68867e-06 0)
(-8.80604e-06 -9.26951e-07 0)
(-8.85171e-06 9.31758e-07 0)
(-8.66346e-06 1.87318e-06 0)
(-1.01206e-05 9.41448e-07 0)
(-1.15925e-05 1.89266e-06 0)
(-1.28417e-05 9.51238e-07 0)
(-1.33864e-05 9.56171e-07 0)
(-1.15336e-05 4.80565e-06 0)
(-8.21198e-06 2.89834e-06 0)
(-7.769e-06 1.94225e-06 0)
(-9.51758e-06 9.76162e-07 0)
(-1.03029e-05 2.94367e-06 0)
(-7.64393e-06 2.95894e-06 0)
(-5.205e-06 9.91428e-07 0)
(-3.48799e-06 1.99314e-06 0)
(-3.50608e-06 -3.00521e-06 0)
(-4.78293e-06 0 0)
(-5.56685e-06 -1.01216e-06 0)
(-6.10443e-06 6.10443e-06 0)
(-4.60206e-06 3.06804e-06 0)
(-4.62593e-06 1.02798e-06 0)
(-4.13326e-06 0 0)
(-5.71271e-06 -3.11602e-06 0)
(-4.95929e-06 3.13219e-06 0)
(-2.36132e-06 -2.09895e-06 0)
(-5.2746e-06 -4.21968e-06 0)
(-7.15763e-06 1.06039e-06 0)
(-6.66181e-06 2.13178e-06 0)
(-6.16065e-06 3.21425e-06 0)
(-6.1926e-06 3.23092e-06 0)
(-4.33024e-06 5.4128e-06 0)
(-1.9043e-06 0 0)
(-1.91418e-06 2.18763e-06 0)
(-2.19898e-06 -1.09949e-06 0)
(-3.59187e-06 0 0)
(-6.66554e-06 -4.44369e-06 0)
(-1.06085e-05 -1.11668e-06 0)
(-9.54105e-06 0 0)
(-1.04368e-05 -2.25659e-06 0)
(-9.64026e-06 1.13415e-06 0)
(-1.02603e-05 -4.56012e-06 0)
(-1.31783e-05 -1.14594e-06 0)
(-1.32467e-05 1.15189e-06 0)
(-1.18681e-05 2.31572e-06 0)
(-1.16386e-05 1.16386e-06 0)
(-1.11141e-05 3.5097e-06 0)
(-8.52577e-06 3.5279e-06 0)
(-7.97895e-06 1.18207e-06 0)
(-9.50558e-06 0 0)
(-8.6591e-06 2.38872e-06 0)
(-7.20332e-06 0 0)
(-6.0339e-06 0 0)
(-6.67171e-06 -3.63911e-06 0)
(-9.14497e-06 -2.43866e-06 0)
(-1.0418e-05 -1.22565e-06 0)
(-1.04721e-05 -2.46402e-06 0)
(-1.26936e-05 -1.2384e-06 0)
(-1.24482e-05 6.2241e-07 0)
(-1.12615e-05 -6.25638e-07 0)
(-1.25777e-05 -1.88665e-06 0)
(-1.13786e-05 -6.32145e-07 0)
(-1.17553e-05 -1.90627e-06 0)
(-1.34131e-05 -1.27744e-06 0)
(-1.18776e-05 -6.42031e-07 0)
(-1.06484e-05 -1.93608e-06 0)
(-1.23254e-05 -4.54095e-06 0)
(-1.53237e-05 -3.91243e-06 0)
(-1.47477e-05 2.62181e-06 0)
(-1.05416e-05 3.95312e-06 0)
(-8.27837e-06 1.98681e-06 0)
(-6.98989e-06 6.65704e-07 0)
(-5.68783e-06 -1.33831e-06 0)
(-7.3989e-06 -3.36314e-06 0)
(-9.12756e-06 -6.76115e-07 0)
(-7.47584e-06 2.03887e-06 0)
(-5.46517e-06 4.09888e-06 0)
(-4.80682e-06 2.74676e-06 0)
(-3.45125e-06 5.522e-06 0)
(-3.81607e-06 2.77532e-06 0)
(-4.53329e-06 4.18457e-06 0)
(-3.50523e-06 2.80418e-06 0)
(-2.46638e-06 0 0)
(-3.89585e-06 -1.41667e-06 0)
(-5.69608e-06 -7.12009e-07 0)
(-6.44132e-06 0 0)
(-5.3956e-06 -7.19414e-07 0)
(-4.70044e-06 -1.44629e-06 0)
(-7.6324e-06 -2.18069e-06 0)
(-7.30665e-06 3.65332e-06 0)
(-4.77395e-06 1.46891e-06 0)
(-4.06045e-06 0 0)
(-4.8236e-06 0 0)
(-4.84861e-06 -2.98376e-06 0)
(-6.74828e-06 -2.24943e-06 0)
(-5.65273e-06 0 0)
(-3.40923e-06 -7.57606e-07 0)
(-4.56921e-06 -7.61535e-07 0)
(-5.74114e-06 0 0)
(-5.77091e-06 -7.69455e-07 0)
(-4.64067e-06 7.73445e-07 0)
(-3.49855e-06 1.55491e-06 0)
(-3.12595e-06 -1.56298e-06 0)
(-3.53494e-06 0 0)
(-2.76365e-06 2.36885e-06 0)
(-1.58742e-06 3.96855e-06 0)
(7.97827e-07 3.19131e-06 0)
(1.60393e-06 3.20786e-06 0)
(2.82143e-06 4.83674e-06 0)
(4.45667e-06 1.62061e-06 0)
(6.9233e-06 3.25803e-06 0)
(6.14048e-06 -8.18731e-07 0)
(2.88042e-06 -8.22977e-07 0)
(2.48173e-06 8.27245e-07 0)
(2.91037e-06 8.31535e-07 0)
(2.92547e-06 2.50754e-06 0)
(2.94064e-06 1.68036e-06 0)
(2.95589e-06 0 0)
(2.1223e-06 1.69784e-06 0)
(1.27998e-06 1.70664e-06 0)
(1.28662e-06 3.43099e-06 0)
(3.44878e-06 2.58659e-06 0)
(2.16667e-06 0 0)
(-1.74232e-06 3.48465e-06 0)
(-8.7568e-07 6.12976e-06 0)
(3.55763e-07 5.69221e-06 0)
(2.83142e-06 4.24713e-06 0)
(2.46471e-06 2.81681e-06 0)
(3.15257e-06 2.80228e-06 0)
(5.22717e-06 3.48478e-06 0)
(6.24024e-06 2.08008e-06 0)
(6.55294e-06 2.06935e-06 0)
(7.54846e-06 6.86224e-07 0)
(7.16817e-06 -1.36537e-06 0)
(5.09371e-06 -1.35832e-06 0)
(3.37829e-06 -2.02697e-06 0)
(2.01651e-06 -1.34434e-06 0)
(1.00305e-06 -2.00611e-06 0)
(6.65253e-07 0 0)
(-3.3091e-07 -1.98546e-06 0)
(-6.58406e-07 -1.97522e-06 0)
(0 -1.31002e-06 0)
(-6.5163e-07 -1.30326e-06 0)
(-1.29654e-06 -6.48268e-07 0)
(-6.44923e-07 6.44923e-07 0)
(9.62393e-07 -6.41596e-07 0)
(3.19143e-06 -1.27657e-06 0)
(2.85746e-06 -3.80995e-06 0)
(1.89515e-06 -2.52686e-06 0)
(9.42685e-07 -1.88537e-06 0)
(-3.12607e-07 -2.50086e-06 0)
(-9.32983e-07 -1.86597e-06 0)
(-2.16573e-06 -1.85634e-06 0)
(-3.69352e-06 -2.46235e-06 0)
(-5.5117e-06 -1.22482e-06 0)
(-6.70176e-06 0 0)
(-6.06108e-06 1.21222e-06 0)
(-5.72832e-06 1.80894e-06 0)
(-5.39883e-06 2.39948e-06 0)
(-5.07259e-06 -1.19355e-06 0)
(-5.64011e-06 -1.18739e-06 0)
(-5.61101e-06 -1.7719e-06 0)
(-7.63861e-06 -2.93793e-06 0)
(-7.89148e-06 5.84554e-07 0)
(-6.39692e-06 1.74461e-06 0)
(-6.07464e-06 0 0)
(-5.17997e-06 -5.75553e-07 0)
(-5.15325e-06 -2.29033e-06 0)
(-6.83555e-06 -1.13926e-06 0)
(-8.21701e-06 -2.83345e-06 0)
(-9.30214e-06 1.12753e-06 0)
(-7.85201e-06 1.12172e-06 0)
(-6.41658e-06 -1.11593e-06 0)
(-4.44068e-06 2.22034e-06 0)
(-2.76111e-06 -5.52221e-07 0)
(-3.29623e-06 0 0)
(-3.27923e-06 0 0)
(-2.44673e-06 2.17487e-06 0)
(-1.89319e-06 2.70456e-06 0)
(-8.07183e-07 1.61437e-06 0)
(2.67673e-07 5.35345e-07 0)
(1.06517e-06 -2.66292e-06 0)
(0 -2.11934e-06 0)
(-2.37196e-06 -5.27102e-06 0)
(-3.67068e-06 -2.09753e-06 0)
(-2.34755e-06 1.56503e-06 0)
(-5.18985e-07 -1.03797e-06 0)
(-5.16308e-07 -1.54892e-06 0)
(5.13644e-07 5.13644e-07 0)
(2.55497e-06 -1.02199e-06 0)
(3.05014e-06 -1.52507e-06 0)
(1.77007e-06 -2.02294e-06 0)
(-5.03125e-07 -2.51563e-06 0)
(-2.25238e-06 0 0)
(-2.73871e-06 1.99179e-06 0)
(-1.73382e-06 2.97227e-06 0)
(-7.39233e-07 9.85644e-07 0)
(-1.96112e-06 1.96112e-06 0)
(2.43875e-07 3.902e-06 0)
(3.15402e-06 2.9114e-06 0)
(3.37911e-06 -1.93092e-06 0)
(1.2006e-06 -1.92096e-06 0)
(2.38881e-07 0 0)
(0 -2.85178e-06 0)
(-2.83707e-06 -4.72844e-06 0)
(-4.23364e-06 -2.82243e-06 0)
(-2.57388e-06 9.35956e-07 0)
(-2.32782e-07 2.79338e-06 0)
(2.77897e-06 5.55794e-06 0)
(5.99003e-06 1.84309e-06 0)
(7.33431e-06 -1.83358e-06 0)
(6.1564e-06 -9.12059e-07 0)
(7.93934e-06 0 0)
(8.80105e-06 -1.80534e-06 0)
(7.85763e-06 -8.98015e-07 0)
(6.92371e-06 8.93381e-07 0)
(6.66579e-06 0 0)
(7.51559e-06 -8.84187e-07 0)
(7.91662e-06 -8.79625e-07 0)
(8.31332e-06 8.75086e-07 0)
(8.92336e-06 8.70571e-07 0)
(8.6608e-06 8.6608e-07 0)
(7.3237e-06 1.72322e-06 0)
(8.57166e-06 2.5715e-06 0)
(1.17252e-05 0 0)
(1.20889e-05 -2.54503e-06 0)
(1.05496e-05 -2.5319e-06 0)
(9.86545e-06 0 0)
(8.56163e-06 -8.35281e-07 0)
(7.271e-06 3.32388e-06 0)
(7.23348e-06 3.30674e-06 0)
(7.60737e-06 2.46726e-06 0)
(8.79539e-06 4.09088e-06 0)
(9.15699e-06 -8.13954e-07 0)
(7.08535e-06 -3.23902e-06 0)
(7.45159e-06 2.41673e-06 0)
(9.61705e-06 0 0)
(8.77014e-06 -1.59457e-06 0)
(6.94026e-06 -7.93172e-07 0)
(6.50991e-06 3.9454e-06 0)
(7.45758e-06 4.71005e-06 0)
(6.24767e-06 2.34288e-06 0)
(3.69041e-06 -7.76929e-07 0)
(0 -7.72921e-07 0)
(-3.4602e-06 0 0)
(-5.546e-06 7.64966e-07 0)
(-7.03943e-06 2.28306e-06 0)
(-4.54256e-06 5.29965e-06 0)
(-1.88297e-06 3.76593e-06 0)
(-1.12395e-06 2.2479e-06 0)
(1.86359e-07 2.2363e-06 0)
(2.96636e-06 1.48318e-06 0)
(5.9021e-06 -2.21329e-06 0)
(5.13769e-06 -6.60561e-06 0)
(1.64288e-06 -5.84136e-06 0)
(-1.99761e-06 -3.63201e-06 0)
(-4.69725e-06 -7.22654e-07 0)
(-5.21221e-06 3.59463e-06 0)
(-3.75489e-06 5.00652e-06 0)
(-3.73552e-06 4.98069e-06 0)
(-2.13458e-06 8.53832e-06 0)
(-1.25163e-06 2.86087e-06 0)
(-2.8757e-06 1.43785e-06 0)
(-5.23924e-06 -1.44531e-06 0)
(-6.35602e-06 7.26402e-07 0)
(-6.93661e-06 -1.46034e-06 0)
(-7.33956e-06 -7.33956e-07 0)
(-7.93095e-06 -7.37763e-07 0)
(-8.89907e-06 -7.41589e-07 0)
(-7.45435e-06 7.45435e-07 0)
(-7.11836e-06 -3.7465e-06 0)
(-8.28505e-06 -7.53187e-07 0)
(-8.70657e-06 -7.57093e-07 0)
(-8.56147e-06 1.52204e-06 0)
(-9.94456e-06 1.52993e-06 0)
(-1.17262e-05 2.3068e-06 0)
(-1.29464e-05 2.31876e-06 0)
(-1.32078e-05 1.55386e-06 0)
(-1.11287e-05 3.12383e-06 0)
(-8.6351e-06 2.35503e-06 0)
(-8.28534e-06 1.57816e-06 0)
(-9.51807e-06 -7.93172e-07 0)
(-9.76675e-06 1.59457e-06 0)
(-7.6135e-06 1.60284e-06 0)
(-5.43764e-06 8.05577e-07 0)
(-3.6439e-06 8.09755e-07 0)
(-3.86628e-06 -8.13954e-07 0)
(-4.29542e-06 1.63635e-06 0)
(-5.14012e-06 1.64484e-06 0)
(-5.78679e-06 3.30674e-06 0)
(-5.40131e-06 2.49291e-06 0)
(-4.80286e-06 1.67056e-06 0)
(-4.40797e-06 1.67923e-06 0)
(-5.48579e-06 -8.43967e-07 0)
(-4.45381e-06 3.39338e-06 0)
(-3.41097e-06 0 0)
(-5.143e-06 -2.5715e-06 0)
(-6.46209e-06 0 0)
(-6.4956e-06 1.73216e-06 0)
(-6.094e-06 2.61171e-06 0)
(-5.68806e-06 1.75017e-06 0)
(-4.17822e-06 4.39812e-06 0)
(-2.65256e-06 3.53675e-06 0)
(-2.22193e-06 8.88772e-07 0)
(-2.4568e-06 0 0)
(-4.04107e-06 0 0)
(-6.99571e-06 -2.70802e-06 0)
(-9.75405e-06 0 0)
(-9.57662e-06 9.12059e-07 0)
(-1.03139e-05 -9.16789e-07 0)
(-1.03674e-05 9.21543e-07 0)
(-1.06527e-05 -2.77897e-06 0)
(-1.25702e-05 -2.79338e-06 0)
(-1.24014e-05 0 0)
(-1.17601e-05 1.88162e-06 0)
(-1.13483e-05 9.45689e-07 0)
(-1.11695e-05 2.85178e-06 0)
(-8.83859e-06 2.86657e-06 0)
(-8.40419e-06 0 0)
(-9.17187e-06 0 0)
(-8.7342e-06 9.70467e-07 0)
(-7.804e-06 0 0)
(-6.61877e-06 -9.80559e-07 0)
(-6.40669e-06 -1.97129e-06 0)
(-9.16449e-06 -2.97227e-06 0)
(-1.02079e-05 -9.95894e-07 0)
(-1.07614e-05 -3.00318e-06 0)
(-1.23266e-05 -2.51563e-06 0)
(-1.18848e-05 -5.05735e-07 0)
(-1.1438e-05 -1.01671e-06 0)
(-1.27748e-05 -5.10994e-07 0)
(-1.18138e-05 -5.13644e-07 0)
(-1.16169e-05 -5.16308e-07 0)
(-1.32341e-05 -1.03797e-06 0)
(-1.19986e-05 -1.04335e-06 0)
(-1.1012e-05 -1.04876e-06 0)
(-1.26504e-05 -2.63551e-06 0)
(-1.45705e-05 -2.11934e-06 0)
(-1.33146e-05 1.59775e-06 0)
(-1.07069e-05 2.14138e-06 0)
(-8.60995e-06 1.07624e-06 0)
(-7.84323e-06 5.40913e-07 0)
(-6.25276e-06 -1.08744e-06 0)
(-7.10499e-06 -2.18615e-06 0)
(-7.9659e-06 5.49372e-07 0)
(-6.62665e-06 2.76111e-06 0)
(-5.27331e-06 4.44068e-06 0)
(-4.74269e-06 3.90575e-06 0)
(-4.20643e-06 4.48686e-06 0)
(-3.94636e-06 2.25506e-06 0)
(-4.81687e-06 1.70007e-06 0)
(-3.9874e-06 2.27852e-06 0)
(-2.86292e-06 5.72583e-07 0)
(-4.02887e-06 -5.75553e-07 0)
(-5.20684e-06 -5.78537e-07 0)
(-6.39692e-06 0 0)
(-5.55326e-06 5.84554e-07 0)
(-4.99448e-06 -1.17517e-06 0)
(-7.08759e-06 -5.90633e-07 0)
(-6.8275e-06 1.78109e-06 0)
(-5.07259e-06 1.19355e-06 0)
(-4.49902e-06 0 0)
(-4.82385e-06 6.02981e-07 0)
(-5.45497e-06 -1.21222e-06 0)
(-6.09251e-06 -6.09251e-07 0)
(-5.5117e-06 1.22482e-06 0)
(-3.69352e-06 -1.23117e-06 0)
(-4.95024e-06 -1.85634e-06 0)
(-5.5979e-06 -1.86597e-06 0)
(-5.62693e-06 -1.25043e-06 0)
(-4.3992e-06 -6.28457e-07 0)
(-4.10615e-06 -1.89515e-06 0)
(-2.85746e-06 -1.26998e-06 0)
(-2.87228e-06 -6.38285e-07 0)
(-1.92479e-06 6.41596e-07 0)
(-1.61231e-06 1.93477e-06 0)
(3.24134e-07 1.9448e-06 0)
(1.95489e-06 2.60652e-06 0)
(2.94754e-06 3.27505e-06 0)
(4.60884e-06 2.63362e-06 0)
(5.95639e-06 1.98546e-06 0)
(5.65465e-06 -1.99576e-06 0)
(2.67481e-06 -1.33741e-06 0)
(3.02477e-06 0 0)
(3.04046e-06 1.35131e-06 0)
(3.05622e-06 2.03748e-06 0)
(3.41342e-06 2.04805e-06 0)
(2.7449e-06 1.37245e-06 0)
(2.06935e-06 1.37957e-06 0)
(1.7334e-06 2.08008e-06 0)
(1.39391e-06 3.48478e-06 0)
(3.15257e-06 2.80228e-06 0)
(2.11261e-06 1.40841e-06 0)
(-3.53928e-07 2.83142e-06 0)
(-7.11527e-07 4.98069e-06 0)
(2.89073e-07 4.04702e-06 0)
(1.43791e-06 3.45097e-06 0)
(2.57488e-06 1.71658e-06 0)
(3.41546e-06 3.41546e-06 0)
(4.8136e-06 2.83153e-06 0)
(6.19722e-06 1.69015e-06 0)
(5.88501e-06 2.24191e-06 0)
(6.69103e-06 1.11517e-06 0)
(6.65651e-06 -5.54709e-07 0)
(5.24255e-06 -5.51847e-07 0)
(3.294e-06 -1.098e-06 0)
(1.91159e-06 -1.09233e-06 0)
(1.0867e-06 -1.0867e-06 0)
(1.08109e-06 -1.08109e-06 0)
(-8.06636e-07 -5.37757e-07 0)
(-5.34983e-07 -5.34983e-07 0)
(0 -1.59667e-06 0)
(-5.29476e-07 -1.58843e-06 0)
(-7.90117e-07 -1.58023e-06 0)
(-5.24027e-07 0 0)
(5.21323e-07 -5.21323e-07 0)
(2.33385e-06 -2.07453e-06 0)
(2.32181e-06 -2.57979e-06 0)
(2.05318e-06 -3.07977e-06 0)
(1.02129e-06 -2.55324e-06 0)
(2.54006e-07 -1.52404e-06 0)
(-5.05392e-07 -1.51618e-06 0)
(-2.26253e-06 -1.00557e-06 0)
(-3.75143e-06 -1.00038e-06 0)
(-5.47371e-06 -9.95219e-07 0)
(-5.94051e-06 0 0)
(-5.66361e-06 9.84976e-07 0)
(-5.63439e-06 1.95979e-06 0)
(-5.36161e-06 2.4371e-06 0)
(-5.5764e-06 0 0)
(-6.27124e-06 -9.64806e-07 0)
(-6.23888e-06 -1.91966e-06 0)
(-6.68413e-06 -1.43231e-06 0)
(-7.3621e-06 4.74975e-07 0)
(-6.61534e-06 9.45048e-07 0)
(-6.34616e-06 4.70086e-07 0)
(-5.61193e-06 0 0)
(-5.35035e-06 -1.86099e-06 0)
(-7.17413e-06 -1.85139e-06 0)
(-7.82781e-06 -2.3023e-06 0)
(-8.93263e-06 -1.83233e-06 0)
(-8.20297e-06 -9.11441e-07 0)
(-5.8938e-06 -4.53369e-07 0)
(-4.28478e-06 4.5103e-07 0)
(-2.91657e-06 0 0)
(-2.90152e-06 0 0)
(-2.88655e-06 8.8817e-07 0)
(-2.20897e-06 1.76717e-06 0)
(-1.75806e-06 3.0766e-06 0)
(-1.31174e-06 1.74899e-06 0)
(-6.52486e-07 8.69981e-07 0)
(4.32746e-07 -2.16373e-06 0)
(-4.30514e-07 -3.0136e-06 0)
(-1.92732e-06 -3.42634e-06 0)
(-2.98258e-06 -1.70433e-06 0)
(-2.33136e-06 -1.27165e-06 0)
(-8.43395e-07 -8.43395e-07 0)
(-4.19522e-07 -1.67809e-06 0)
(8.34715e-07 -4.17357e-07 0)
(2.28362e-06 -1.24561e-06 0)
(3.09796e-06 -1.23919e-06 0)
(1.43826e-06 -2.46558e-06 0)
(-2.04405e-07 -1.22643e-06 0)
(-1.2201e-06 8.13403e-07 0)
(-2.62992e-06 2.42762e-06 0)
(-1.61006e-06 1.61006e-06 0)
(-1.40154e-06 2.40263e-06 0)
(-1.19512e-06 1.59349e-06 0)
(1.98159e-07 3.17054e-06 0)
(2.36564e-06 1.57709e-06 0)
(2.74567e-06 -7.84477e-07 0)
(1.36575e-06 -1.56086e-06 0)
(1.94101e-07 -7.76403e-07 0)
(-9.65496e-07 -3.08959e-06 0)
(-2.68944e-06 -3.84206e-06 0)
(-3.05779e-06 -1.52889e-06 0)
(-1.90126e-06 7.60503e-07 0)
(3.7829e-07 2.26974e-06 0)
(2.25803e-06 2.25803e-06 0)
(5.61595e-06 2.24638e-06 0)
(6.70437e-06 -7.44929e-07 0)
(6.29923e-06 0 0)
(7.92557e-06 0 0)
(8.8015e-06 -1.46692e-06 0)
(7.844e-06 -1.45935e-06 0)
(6.89614e-06 -7.2591e-07 0)
(6.49948e-06 -1.44433e-06 0)
(7.72322e-06 -1.43688e-06 0)
(8.21942e-06 -7.14732e-07 0)
(8.35477e-06 0 0)
(9.01904e-06 7.07376e-07 0)
(8.79658e-06 7.03726e-07 0)
(7.52603e-06 7.00095e-07 0)
(8.70604e-06 2.08945e-06 0)
(1.07398e-05 6.9289e-07 0)
(1.13737e-05 -2.75726e-06 0)
(1.08007e-05 -3.42879e-06 0)
(1.04039e-05 -1.36444e-06 0)
(8.99278e-06 0 0)
(7.76479e-06 2.7008e-06 0)
(7.38887e-06 2.01515e-06 0)
(7.35075e-06 2.00475e-06 0)
(8.64243e-06 1.99441e-06 0)
(8.59784e-06 6.61372e-07 0)
(7.07307e-06 -6.5796e-07 0)
(7.69114e-06 1.30913e-06 0)
(9.44223e-06 0 0)
(8.90764e-06 0 0)
(7.57271e-06 6.44486e-07 0)
(6.89248e-06 3.84696e-06 0)
(7.33531e-06 3.82712e-06 0)
(5.8697e-06 3.80737e-06 0)
(3.31426e-06 1.26258e-06 0)
(-1.57008e-07 0 0)
(-3.28015e-06 6.2479e-07 0)
(-5.5941e-06 1.8647e-06 0)
(-6.1836e-06 1.85508e-06 0)
(-4.30619e-06 4.92136e-06 0)
(-2.44798e-06 3.67197e-06 0)
(-1.36989e-06 3.04419e-06 0)
(3.02849e-07 2.42279e-06 0)
(2.25965e-06 6.02572e-07 0)
(4.7957e-06 -1.79839e-06 0)
(4.92005e-06 -5.36733e-06 0)
(1.9282e-06 -5.33964e-06 0)
(-1.47558e-06 -1.7707e-06 0)
(-3.81672e-06 0 0)
(-4.23514e-06 3.50495e-06 0)
(-3.63215e-06 4.64915e-06 0)
(-3.1798e-06 5.78145e-06 0)
(-2.60165e-06 6.93774e-06 0)
(-2.17929e-06 3.48686e-06 0)
(-3.21287e-06 1.75247e-06 0)
(-5.43148e-06 -5.87187e-07 0)
(-6.64011e-06 5.90232e-07 0)
(-7.26784e-06 -1.77988e-06 0)
(-7.15644e-06 -1.19274e-06 0)
(-7.64315e-06 -1.19893e-06 0)
(-9.03858e-06 -6.02572e-07 0)
(-7.57121e-06 0 0)
(-7.30606e-06 -1.82651e-06 0)
(-8.10894e-06 -1.83599e-06 0)
(-7.99721e-06 6.1517e-07 0)
(-8.34786e-06 1.85508e-06 0)
(-9.78968e-06 2.48627e-06 0)
(-1.20272e-05 2.49916e-06 0)
(-1.28746e-05 1.88409e-06 0)
(-1.29414e-05 1.26258e-06 0)
(-1.12635e-05 2.53825e-06 0)
(-8.77047e-06 1.91356e-06 0)
(-8.49538e-06 6.41161e-07 0)
(-9.66729e-06 -6.44486e-07 0)
(-9.55547e-06 1.29566e-06 0)
(-7.65146e-06 1.30238e-06 0)
(-5.5638e-06 1.30913e-06 0)
(-4.11225e-06 0 0)
(-3.63755e-06 -1.32274e-06 0)
(-3.65641e-06 1.3296e-06 0)
(-5.01187e-06 2.00475e-06 0)
(-5.70958e-06 3.35858e-06 0)
(-5.23279e-06 2.7008e-06 0)
(-5.09026e-06 1.3574e-06 0)
(-4.77554e-06 6.82221e-07 0)
(-5.31463e-06 0 0)
(-4.82521e-06 1.37863e-06 0)
(-3.98412e-06 -6.9289e-07 0)
(-5.0495e-06 -1.39297e-06 0)
(-5.60076e-06 7.00095e-07 0)
(-6.1576e-06 2.8149e-06 0)
(-6.01269e-06 2.8295e-06 0)
(-5.86612e-06 2.84418e-06 0)
(-3.93103e-06 3.57366e-06 0)
(-2.87375e-06 2.15532e-06 0)
(-2.88866e-06 1.44433e-06 0)
(-2.54068e-06 0 0)
(-4.19563e-06 0 0)
(-7.15122e-06 -7.33459e-07 0)
(-9.4001e-06 -7.37263e-07 0)
(-9.63412e-06 7.41086e-07 0)
(-1.06152e-05 -7.44929e-07 0)
(-1.02959e-05 0 0)
(-1.09138e-05 -2.25803e-06 0)
(-1.21053e-05 -7.5658e-07 0)
(-1.21681e-05 0 0)
(-1.14667e-05 7.64447e-07 0)
(-1.15262e-05 1.53682e-06 0)
(-1.06205e-05 1.54479e-06 0)
(-9.31683e-06 2.32921e-06 0)
(-8.77983e-06 0 0)
(-9.02148e-06 0 0)
(-9.06827e-06 7.88545e-07 0)
(-7.53003e-06 -7.92635e-07 0)
(-6.77234e-06 0 0)
(-7.40812e-06 -2.40263e-06 0)
(-9.0566e-06 -3.22012e-06 0)
(-1.01151e-05 -2.42762e-06 0)
(-1.07776e-05 -2.44021e-06 0)
(-1.20599e-05 -2.04405e-06 0)
(-1.17115e-05 -8.21861e-07 0)
(-1.15657e-05 -1.23919e-06 0)
(-1.20409e-05 -1.24561e-06 0)
(-1.18947e-05 0 0)
(-1.19564e-05 -1.25857e-06 0)
(-1.32835e-05 -4.21697e-07 0)
(-1.20807e-05 0 0)
(-1.12912e-05 -1.27825e-06 0)
(-1.26346e-05 -1.71317e-06 0)
(-1.39917e-05 -4.30514e-07 0)
(-1.29824e-05 8.65493e-07 0)
(-1.04398e-05 4.34991e-07 0)
(-8.96355e-06 1.31174e-06 0)
(-7.6915e-06 8.79028e-07 0)
(-7.0687e-06 -4.41794e-07 0)
(-6.66127e-06 -1.33225e-06 0)
(-7.14221e-06 0 0)
(-6.05749e-06 3.14092e-06 0)
(-5.18684e-06 3.15721e-06 0)
(-4.53369e-06 4.08032e-06 0)
(-4.32934e-06 4.10148e-06 0)
(-4.58084e-06 2.29042e-06 0)
(-4.60459e-06 2.3023e-06 0)
(-4.16563e-06 1.85139e-06 0)
(-3.48936e-06 9.30496e-07 0)
(-4.20895e-06 0 0)
(-5.17095e-06 0 0)
(-6.14281e-06 4.72524e-07 0)
(-5.93718e-06 4.74975e-07 0)
(-5.25182e-06 0 0)
(-6.47884e-06 -9.59828e-07 0)
(-6.51244e-06 1.44721e-06 0)
(-5.0915e-06 1.45471e-06 0)
(-5.36161e-06 9.74839e-07 0)
(-5.14445e-06 -4.89947e-07 0)
(-5.17113e-06 -9.84976e-07 0)
(-5.44546e-06 -1.48513e-06 0)
(-5.72251e-06 9.95219e-07 0)
(-5.0019e-06 -1.50057e-06 0)
(-5.02784e-06 -3.01671e-06 0)
(-5.55931e-06 -3.03235e-06 0)
(-5.08013e-06 -2.03205e-06 0)
(-4.3405e-06 -1.02129e-06 0)
(-4.10637e-06 -1.02659e-06 0)
(-2.57979e-06 -1.54787e-06 0)
(-2.59317e-06 0 0)
(-1.56397e-06 5.21323e-07 0)
(-7.86041e-07 2.09611e-06 0)
(2.63372e-07 2.10698e-06 0)
(2.11791e-06 2.11791e-06 0)
(3.19333e-06 1.59667e-06 0)
(4.01237e-06 3.2099e-06 0)
(5.10869e-06 1.07551e-06 0)
(4.86491e-06 -5.40546e-07 0)
(3.53177e-06 -5.43349e-07 0)
(3.55009e-06 5.46167e-07 0)
(3.5685e-06 5.49e-07 0)
(3.03516e-06 2.20739e-06 0)
(3.0509e-06 2.77354e-06 0)
(2.50914e-06 1.67276e-06 0)
(2.24191e-06 2.24191e-06 0)
(2.25354e-06 2.25354e-06 0)
(1.98207e-06 3.39784e-06 0)
(2.56159e-06 3.41546e-06 0)
(2.00268e-06 2.86097e-06 0)
(2.87581e-07 3.45097e-06 0)
(0 5.20331e-06 0)
(4.69767e-07 2.34884e-06 0)
(1.40203e-06 2.33672e-06 0)
(2.32466e-06 1.3948e-06 0)
(3.70027e-06 1.85013e-06 0)
(4.60147e-06 2.30074e-06 0)
(5.49328e-06 9.15546e-07 0)
(6.37576e-06 2.27706e-06 0)
(6.34286e-06 2.26531e-06 0)
(5.85941e-06 9.01448e-07 0)
(4.48399e-06 -4.48399e-07 0)
(3.56868e-06 4.46085e-07 0)
(2.21892e-06 8.87568e-07 0)
(8.82988e-07 4.41494e-07 0)
(4.39216e-07 0 0)
(0 -8.739e-07 0)
(-8.69392e-07 -4.34696e-07 0)
(-4.32453e-07 -1.29736e-06 0)
(-8.60444e-07 -1.72089e-06 0)
(0 -1.71201e-06 0)
(-4.25794e-07 -8.51588e-07 0)
(0 -8.47194e-07 0)
(1.68565e-06 -1.26423e-06 0)
(2.51542e-06 -2.51542e-06 0)
(2.08537e-06 -2.08537e-06 0)
(1.65969e-06 -2.07461e-06 0)
(0 -1.23835e-06 0)
(-4.10652e-07 -8.21304e-07 0)
(-2.04267e-06 -8.17067e-07 0)
(-3.65783e-06 -8.12851e-07 0)
(-4.85194e-06 8.08657e-07 0)
(-5.6314e-06 1.20673e-06 0)
(-5.20217e-06 2.00084e-06 0)
(-5.57344e-06 1.99051e-06 0)
(-5.54468e-06 1.18815e-06 0)
(-6.69809e-06 7.88011e-07 0)
(-6.66353e-06 -3.91972e-07 0)
(-6.62915e-06 -1.94975e-06 0)
(-6.20701e-06 -1.93969e-06 0)
(-6.94686e-06 0 0)
(-6.14313e-06 1.15184e-06 0)
(-6.4934e-06 1.52786e-06 0)
(-6.0799e-06 3.79994e-07 0)
(-6.04853e-06 -1.51213e-06 0)
(-7.14558e-06 -1.88041e-06 0)
(-7.85699e-06 -2.619e-06 0)
(-8.93309e-06 -1.86106e-06 0)
(-7.77613e-06 -1.11088e-06 0)
(-5.52572e-06 -1.47353e-06 0)
(-4.39777e-06 -3.66481e-07 0)
(-2.91672e-06 -1.09377e-06 0)
(-2.53896e-06 -1.45084e-06 0)
(-2.52586e-06 3.60838e-07 0)
(-1.79488e-06 2.15386e-06 0)
(-1.78562e-06 2.85699e-06 0)
(-1.77641e-06 1.77641e-06 0)
(-1.06034e-06 0 0)
(-3.51625e-07 -1.4065e-06 0)
(-6.99621e-07 -2.44867e-06 0)
(-2.08803e-06 -2.78404e-06 0)
(-2.76968e-06 -2.42347e-06 0)
(-2.06654e-06 -1.72212e-06 0)
(-1.02794e-06 -2.05588e-06 0)
(0 -1.36352e-06 0)
(6.78241e-07 -1.01736e-06 0)
(2.36159e-06 -1.34948e-06 0)
(2.68504e-06 -1.34252e-06 0)
(1.33559e-06 -2.33729e-06 0)
(6.64351e-07 -9.96527e-07 0)
(-6.60924e-07 0 0)
(-1.97254e-06 2.63005e-06 0)
(-1.6353e-06 3.27061e-06 0)
(-1.62687e-06 1.95224e-06 0)
(-1.29478e-06 1.29478e-06 0)
(3.22024e-07 1.93215e-06 0)
(1.92218e-06 1.92218e-06 0)
(1.91226e-06 6.3742e-07 0)
(1.26826e-06 -1.90239e-06 0)
(0 -1.89258e-06 0)
(-1.25521e-06 -3.13803e-06 0)
(-2.49747e-06 -2.49747e-06 0)
(-2.48458e-06 -1.86344e-06 0)
(-1.23588e-06 6.17941e-07 0)
(9.22129e-07 1.84426e-06 0)
(2.44632e-06 1.22316e-06 0)
(4.8674e-06 3.04213e-06 0)
(6.35551e-06 6.05286e-07 0)
(6.32272e-06 0 0)
(7.48821e-06 -1.19811e-06 0)
(8.64151e-06 -1.19193e-06 0)
(7.70759e-06 -1.77867e-06 0)
(7.07799e-06 -2.35933e-06 0)
(6.16129e-06 -2.34716e-06 0)
(7.5889e-06 -2.91881e-06 0)
(9.00162e-06 -1.74225e-06 0)
(8.6663e-06 0 0)
(9.19636e-06 5.74773e-07 0)
(9.14891e-06 1.14361e-06 0)
(7.67957e-06 2.27543e-06 0)
(8.48883e-06 2.26369e-06 0)
(9.85254e-06 0 0)
(1.06419e-05 -2.80049e-06 0)
(1.08655e-05 -3.34325e-06 0)
(1.10867e-05 -1.663e-06 0)
(9.65077e-06 0 0)
(8.22941e-06 2.19451e-06 0)
(7.36826e-06 2.18319e-06 0)
(7.60173e-06 2.7149e-06 0)
(7.8326e-06 1.62054e-06 0)
(8.32958e-06 1.07479e-06 0)
(7.21737e-06 -5.3462e-07 0)
(7.71199e-06 0 0)
(8.995e-06 -1.58735e-06 0)
(9.21178e-06 -5.26388e-07 0)
(8.37875e-06 5.23672e-07 0)
(7.55406e-06 3.64679e-06 0)
(7.25595e-06 5.18282e-06 0)
(5.15608e-06 3.60926e-06 0)
(2.56474e-06 1.53884e-06 0)
(0 5.10301e-07 0)
(-2.79218e-06 1.52301e-06 0)
(-5.30302e-06 1.0101e-06 0)
(-5.7781e-06 3.01466e-06 0)
(-4.24874e-06 3.49896e-06 0)
(-2.735e-06 2.98363e-06 0)
(-1.48412e-06 3.46295e-06 0)
(-4.92154e-07 1.96862e-06 0)
(1.71365e-06 -4.89615e-07 0)
(4.14026e-06 -2.43544e-06 0)
(4.36118e-06 -4.84576e-06 0)
(2.41038e-06 -3.37453e-06 0)
(-2.39794e-07 -4.79589e-07 0)
(-3.10124e-06 1.43134e-06 0)
(-3.79722e-06 2.84792e-06 0)
(-3.06932e-06 4.72204e-06 0)
(-3.05349e-06 5.16744e-06 0)
(-2.8186e-06 6.57674e-06 0)
(-2.83322e-06 4.24983e-06 0)
(-4.03455e-06 2.37326e-06 0)
(-5.72537e-06 4.77114e-07 0)
(-6.71424e-06 -4.79589e-07 0)
(-7.47217e-06 -1.9283e-06 0)
(-7.02635e-06 -1.45373e-06 0)
(-7.79342e-06 -1.46127e-06 0)
(-8.81307e-06 -9.7923e-07 0)
(-7.87447e-06 -9.84309e-07 0)
(-7.66795e-06 -2.47353e-06 0)
(-7.45908e-06 -1.98909e-06 0)
(-7.49777e-06 -4.99851e-07 0)
(-8.0391e-06 1.50733e-06 0)
(-9.59594e-06 2.52525e-06 0)
(-1.16764e-05 3.04601e-06 0)
(-1.32678e-05 3.57211e-06 0)
(-1.30802e-05 2.05179e-06 0)
(-1.10856e-05 1.54682e-06 0)
(-9.32908e-06 1.55485e-06 0)
(-8.596e-06 5.2097e-07 0)
(-9.42609e-06 5.23672e-07 0)
(-9.47498e-06 1.05278e-06 0)
(-7.93676e-06 1.05824e-06 0)
(-5.58455e-06 0 0)
(-4.27696e-06 0 0)
(-3.22436e-06 5.37393e-07 0)
(-3.24108e-06 3.24108e-06 0)
(-4.61534e-06 3.80087e-06 0)
(-5.45797e-06 4.36638e-06 0)
(-6.0349e-06 2.74314e-06 0)
(-5.51473e-06 1.65442e-06 0)
(-4.989e-06 1.10867e-06 0)
(-5.01487e-06 0 0)
(-5.04088e-06 1.12019e-06 0)
(-4.22252e-06 5.63002e-07 0)
(-4.81034e-06 5.65922e-07 0)
(-5.11971e-06 1.70657e-06 0)
(-5.71807e-06 2.28723e-06 0)
(-6.3225e-06 2.87386e-06 0)
(-5.48866e-06 2.31101e-06 0)
(-3.77487e-06 2.90375e-06 0)
(-3.50257e-06 1.75128e-06 0)
(-3.22734e-06 5.86789e-07 0)
(-2.94916e-06 1.17966e-06 0)
(-4.44668e-06 0 0)
(-7.15159e-06 0 0)
(-8.98585e-06 -1.19811e-06 0)
(-1.02368e-05 -6.02164e-07 0)
(-1.02899e-05 -1.21057e-06 0)
(-1.06474e-05 -6.08426e-07 0)
(-1.10085e-05 -1.22316e-06 0)
(-1.16803e-05 -1.84426e-06 0)
(-1.20498e-05 0 0)
(-1.087e-05 6.21146e-07 0)
(-1.12386e-05 1.8731e-06 0)
(-1.06693e-05 1.88282e-06 0)
(-9.4629e-06 1.89258e-06 0)
(-9.51197e-06 6.34132e-07 0)
(-8.92388e-06 -6.3742e-07 0)
(-8.6498e-06 6.40726e-07 0)
(-8.05061e-06 6.44049e-07 0)
(-7.44497e-06 0 0)
(-7.80896e-06 -1.30149e-06 0)
(-8.83064e-06 -1.96236e-06 0)
(-1.01915e-05 -1.31503e-06 0)
(-1.05748e-05 -1.32185e-06 0)
(-1.16261e-05 -1.99305e-06 0)
(-1.16864e-05 -3.33898e-07 0)
(-1.17471e-05 -1.34252e-06 0)
(-1.1808e-05 -1.68685e-06 0)
(-1.18692e-05 0 0)
(-1.22716e-05 -1.36352e-06 0)
(-1.26779e-05 0 0)
(-1.20548e-05 1.03327e-06 0)
(-1.17711e-05 -3.4621e-07 0)
(-1.25282e-05 -2.08803e-06 0)
(-1.36426e-05 -1.04943e-06 0)
(-1.23069e-05 7.03249e-07 0)
(-1.06034e-05 1.06034e-06 0)
(-9.23731e-06 0 0)
(-8.57097e-06 -1.07137e-06 0)
(-6.82054e-06 -7.17952e-07 0)
(-6.49508e-06 -7.21675e-07 0)
(-6.52876e-06 7.25418e-07 0)
(-5.46885e-06 2.18754e-06 0)
(-4.39777e-06 2.19888e-06 0)
(-4.42058e-06 3.31543e-06 0)
(-4.81379e-06 3.70292e-06 0)
(-4.83876e-06 3.34991e-06 0)
(-5.238e-06 2.619e-06 0)
(-4.513e-06 7.52166e-07 0)
(-3.78033e-06 3.78033e-07 0)
(-4.55993e-06 0 0)
(-4.96554e-06 0 0)
(-5.75918e-06 0 0)
(-6.17499e-06 0 0)
(-5.43114e-06 -7.75877e-07 0)
(-6.2392e-06 -1.5598e-06 0)
(-5.87959e-06 3.91972e-07 0)
(-5.12207e-06 1.18202e-06 0)
(-5.54468e-06 0 0)
(-5.57344e-06 0 0)
(-5.60234e-06 -1.2005e-06 0)
(-5.22915e-06 -8.04485e-07 0)
(-5.6606e-06 -4.04329e-07 0)
(-5.68996e-06 -1.21928e-06 0)
(-5.71947e-06 -2.85973e-06 0)
(-4.92782e-06 -3.28522e-06 0)
(-4.95338e-06 -2.47669e-06 0)
(-4.56415e-06 -1.65969e-06 0)
(-3.75367e-06 -8.34149e-07 0)
(-2.51542e-06 -1.67695e-06 0)
(-1.68565e-06 -8.42823e-07 0)
(-1.27079e-06 -4.23597e-07 0)
(-8.51588e-07 8.51588e-07 0)
(8.56004e-07 1.28401e-06 0)
(2.15111e-06 1.72089e-06 0)
(3.02717e-06 1.72981e-06 0)
(3.91226e-06 1.73878e-06 0)
(4.80645e-06 4.3695e-07 0)
(4.39216e-06 4.39216e-07 0)
(3.53195e-06 4.41494e-07 0)
(3.55027e-06 8.87567e-07 0)
(4.46085e-06 1.33826e-06 0)
(3.58719e-06 1.79359e-06 0)
(3.15507e-06 3.15507e-06 0)
(2.26531e-06 2.26531e-06 0)
(2.27706e-06 2.73247e-06 0)
(2.28887e-06 3.66219e-06 0)
(2.30074e-06 3.68118e-06 0)
(2.7752e-06 3.70027e-06 0)
(1.85973e-06 3.25453e-06 0)
(9.34687e-07 3.27141e-06 0)
(0 4.69767e-06 0)
(0 9.39535e-07 0)
(1.40203e-06 4.67344e-07 0)
(1.85973e-06 4.64932e-07 0)
(3.70027e-06 0 0)
(4.60147e-06 9.20295e-07 0)
(5.95105e-06 1.83109e-06 0)
(6.37576e-06 9.10823e-07 0)
(5.8898e-06 9.06123e-07 0)
(5.40869e-06 4.50724e-07 0)
(4.93239e-06 4.48399e-07 0)
(4.01477e-06 4.46085e-07 0)
(1.77514e-06 8.87568e-07 0)
(8.82988e-07 8.82988e-07 0)
(4.39216e-07 4.39216e-07 0)
(-8.739e-07 0 0)
(-8.69392e-07 -1.30409e-06 0)
(-8.64906e-07 -8.64906e-07 0)
(-4.30222e-07 -8.60444e-07 0)
(-8.56004e-07 -1.28401e-06 0)
(4.25794e-07 -8.51588e-07 0)
(0 -8.47194e-07 0)
(1.26423e-06 -8.42823e-07 0)
(2.09619e-06 -1.67695e-06 0)
(2.08537e-06 -1.6683e-06 0)
(2.07461e-06 -1.24477e-06 0)
(8.25564e-07 -4.12782e-07 0)
(-8.21304e-07 -4.10652e-07 0)
(-2.4512e-06 4.08533e-07 0)
(-3.2514e-06 0 0)
(-4.04329e-06 8.08657e-07 0)
(-5.22915e-06 4.02243e-07 0)
(-5.20217e-06 1.60067e-06 0)
(-5.17533e-06 1.99051e-06 0)
(-6.33678e-06 1.58419e-06 0)
(-7.0921e-06 3.94005e-07 0)
(-7.0555e-06 0 0)
(-7.0191e-06 -7.799e-07 0)
(-6.20701e-06 -1.93969e-06 0)
(-5.40311e-06 -3.85937e-07 0)
(-6.14313e-06 7.67891e-07 0)
(-6.4934e-06 7.63929e-07 0)
(-6.83989e-06 1.13998e-06 0)
(-6.8046e-06 -3.78033e-07 0)
(-7.52166e-06 -1.50433e-06 0)
(-8.23114e-06 -1.49657e-06 0)
(-8.18867e-06 -1.86106e-06 0)
(-7.77613e-06 -1.48117e-06 0)
(-5.52572e-06 -1.47353e-06 0)
(-4.03129e-06 -1.46592e-06 0)
(-3.28131e-06 -7.2918e-07 0)
(-2.53896e-06 -1.45084e-06 0)
(-1.08251e-06 -3.60838e-07 0)
(-7.17952e-07 2.51283e-06 0)
(-2.14274e-06 3.92836e-06 0)
(-2.84225e-06 1.77641e-06 0)
(-2.12069e-06 -1.06034e-06 0)
(-7.03249e-07 -2.813e-06 0)
(-1.39924e-06 -2.09886e-06 0)
(-1.74003e-06 -2.78405e-06 0)
(-2.42347e-06 -2.42347e-06 0)
(-2.06654e-06 -2.06654e-06 0)
(-6.85294e-07 -1.71323e-06 0)
(3.40879e-07 -2.04527e-06 0)
(3.3912e-07 -2.03472e-06 0)
(2.02422e-06 -1.68685e-06 0)
(2.68504e-06 -2.01378e-06 0)
(1.66949e-06 -1.33559e-06 0)
(1.3287e-06 -9.96527e-07 0)
(0 0 0)
(-9.86271e-07 1.97254e-06 0)
(-2.28942e-06 2.61649e-06 0)
(-1.62687e-06 1.30149e-06 0)
(-1.61847e-06 6.47389e-07 0)
(6.44049e-07 6.44049e-07 0)
(1.60182e-06 6.40726e-07 0)
(9.5613e-07 1.27484e-06 0)
(6.34132e-07 -6.34132e-07 0)
(0 -1.26172e-06 0)
(-1.56901e-06 -1.88282e-06 0)
(-2.18528e-06 -1.8731e-06 0)
(-1.86344e-06 -1.24229e-06 0)
(-6.17941e-07 -1.23588e-06 0)
(6.14753e-07 -6.14753e-07 0)
(3.3637e-06 1.22316e-06 0)
(4.8674e-06 1.21685e-06 0)
(5.44758e-06 0 0)
(6.02164e-06 -1.80649e-06 0)
(7.18868e-06 -1.19811e-06 0)
(8.34352e-06 -1.7879e-06 0)
(8.00403e-06 -1.77867e-06 0)
(6.48815e-06 -1.7695e-06 0)
(6.16129e-06 -2.93395e-06 0)
(7.88078e-06 -3.50257e-06 0)
(9.292e-06 -2.323e-06 0)
(9.24405e-06 0 0)
(9.48375e-06 1.14955e-06 0)
(9.14891e-06 1.14361e-06 0)
(7.964e-06 1.13771e-06 0)
(8.20587e-06 1.13184e-06 0)
(8.72653e-06 -5.63002e-07 0)
(1.03618e-05 -2.80049e-06 0)
(1.14228e-05 -2.78604e-06 0)
(1.1641e-05 -5.54333e-07 0)
(1.02022e-05 0 0)
(8.50373e-06 2.19451e-06 0)
(7.36826e-06 1.09159e-06 0)
(7.05875e-06 1.08596e-06 0)
(8.10269e-06 5.4018e-07 0)
(7.79219e-06 1.07479e-06 0)
(6.95006e-06 -1.06924e-06 0)
(7.44606e-06 -1.06372e-06 0)
(8.995e-06 -2.64559e-06 0)
(9.47498e-06 -1.57916e-06 0)
(9.16426e-06 0 0)
(8.85649e-06 3.12582e-06 0)
(7.25595e-06 5.18282e-06 0)
(4.64047e-06 4.64047e-06 0)
(2.05179e-06 2.05179e-06 0)
(0 1.5309e-06 0)
(-3.04601e-06 1.52301e-06 0)
(-5.05049e-06 1.0101e-06 0)
(-5.52688e-06 2.51222e-06 0)
(-4.24874e-06 1.9994e-06 0)
(-2.48636e-06 2.98363e-06 0)
(-1.73147e-06 2.96824e-06 0)
(-9.84309e-07 1.47646e-06 0)
(7.34423e-07 -4.89615e-07 0)
(3.16608e-06 -2.92253e-06 0)
(4.36118e-06 -4.36118e-06 0)
(3.61557e-06 -1.9283e-06 0)
(2.39794e-07 4.79589e-07 0)
(-2.38557e-06 1.90846e-06 0)
(-3.55989e-06 2.84792e-06 0)
(-2.83322e-06 2.83322e-06 0)
(-2.34884e-06 4.22791e-06 0)
(-3.05349e-06 6.10698e-06 0)
(-3.54153e-06 3.77763e-06 0)
(-4.5092e-06 3.32257e-06 0)
(-6.20248e-06 9.54228e-07 0)
(-7.43362e-06 0 0)
(-7.71321e-06 -1.44623e-06 0)
(-7.02635e-06 -2.42288e-06 0)
(-7.30633e-06 -9.74178e-07 0)
(-8.56826e-06 -1.46885e-06 0)
(-8.36662e-06 0 0)
(-7.66795e-06 -2.47353e-06 0)
(-7.45908e-06 -1.49182e-06 0)
(-6.99792e-06 -4.99851e-07 0)
(-7.28543e-06 1.00489e-06 0)
(-9.09089e-06 3.0303e-06 0)
(-1.16764e-05 3.04601e-06 0)
(-1.30127e-05 5.10301e-06 0)
(-1.38496e-05 3.07769e-06 0)
(-1.13434e-05 1.03122e-06 0)
(-9.06994e-06 1.03656e-06 0)
(-9.11697e-06 1.04194e-06 0)
(-9.42609e-06 -5.23672e-07 0)
(-9.47498e-06 1.05278e-06 0)
(-7.93676e-06 -5.29118e-07 0)
(-6.11641e-06 -1.06372e-06 0)
(-3.74234e-06 -1.06924e-06 0)
(-2.41827e-06 5.37393e-07 0)
(-2.97099e-06 3.24108e-06 0)
(-4.34385e-06 3.80087e-06 0)
(-5.73087e-06 3.27478e-06 0)
(-6.58353e-06 3.29177e-06 0)
(-6.0662e-06 -5.51473e-07 0)
(-5.26616e-06 -5.54333e-07 0)
(-5.01487e-06 5.57208e-07 0)
(-4.48078e-06 1.12019e-06 0)
(-4.22252e-06 1.126e-06 0)
(-4.81034e-06 0 0)
(-4.83528e-06 5.68857e-07 0)
(-5.43217e-06 1.14361e-06 0)
(-6.03511e-06 2.29909e-06 0)
(-6.06641e-06 1.73326e-06 0)
(-4.06525e-06 1.74225e-06 0)
(-3.50257e-06 1.16752e-06 0)
(-3.52073e-06 1.17358e-06 0)
(-2.65424e-06 5.89832e-07 0)
(-4.44668e-06 1.77867e-06 0)
(-7.74756e-06 5.95966e-07 0)
(-9.58491e-06 0 0)
(-9.63462e-06 6.02164e-07 0)
(-1.05925e-05 -6.05286e-07 0)
(-1.06474e-05 -6.08426e-07 0)
(-1.13142e-05 -1.22316e-06 0)
(-1.19877e-05 -1.22951e-06 0)
(-1.11229e-05 -1.23588e-06 0)
(-1.05595e-05 -6.21146e-07 0)
(-1.06142e-05 0 0)
(-1.06693e-05 1.88282e-06 0)
(-9.77833e-06 1.89258e-06 0)
(-1.01461e-05 6.34132e-07 0)
(-8.92388e-06 -1.27484e-06 0)
(-8.32944e-06 1.28145e-06 0)
(-8.05061e-06 1.2881e-06 0)
(-8.09236e-06 0 0)
(-8.13433e-06 -1.30149e-06 0)
(-9.1577e-06 -1.30824e-06 0)
(-9.53395e-06 0 0)
(-1.09052e-05 -1.32185e-06 0)
(-1.1294e-05 -9.96527e-07 0)
(-1.20203e-05 -1.0017e-06 0)
(-1.17471e-05 -2.01378e-06 0)
(-1.14706e-05 -1.34948e-06 0)
(-1.18692e-05 -1.01736e-06 0)
(-1.19308e-05 -6.81758e-07 0)
(-1.19926e-05 1.02794e-06 0)
(-1.23993e-05 3.44424e-07 0)
(-1.28098e-05 3.4621e-07 0)
(-1.25282e-05 -1.74003e-06 0)
(-1.2943e-05 -1.39924e-06 0)
(-1.23069e-05 -7.03249e-07 0)
(-1.06034e-05 3.53448e-07 0)
(-9.59259e-06 -3.55281e-07 0)
(-8.57097e-06 -1.78562e-06 0)
(-6.82054e-06 -2.15386e-06 0)
(-6.13424e-06 -3.60838e-07 0)
(-5.44063e-06 3.62709e-07 0)
(-4.73967e-06 1.82295e-06 0)
(-4.76425e-06 2.93185e-06 0)
(-4.0522e-06 2.57867e-06 0)
(-4.4435e-06 2.59204e-06 0)
(-5.21097e-06 3.34991e-06 0)
(-5.98628e-06 1.87071e-06 0)
(-4.88908e-06 1.12825e-06 0)
(-4.5364e-06 -3.78033e-07 0)
(-4.17993e-06 0 0)
(-4.96554e-06 7.63929e-07 0)
(-6.14313e-06 3.83946e-07 0)
(-6.17499e-06 0 0)
(-6.20701e-06 -1.55175e-06 0)
(-5.84925e-06 -1.5598e-06 0)
(-5.09564e-06 -3.91972e-07 0)
(-5.51607e-06 7.88011e-07 0)
(-5.54468e-06 -3.96049e-07 0)
(-5.97154e-06 0 0)
(-5.60234e-06 0 0)
(-5.6314e-06 -4.02243e-07 0)
(-5.6606e-06 -8.08657e-07 0)
(-6.50281e-06 -2.03213e-06 0)
(-6.128e-06 -2.85973e-06 0)
(-4.92782e-06 -3.69587e-06 0)
(-4.12782e-06 -2.47669e-06 0)
(-3.7343e-06 -8.29845e-07 0)
(-3.75367e-06 -1.25122e-06 0)
(-2.93466e-06 -1.67695e-06 0)
(-1.68565e-06 -2.52847e-06 0)
(-4.23597e-07 -8.47194e-07 0)
(-4.25794e-07 -4.25794e-07 0)
(8.56004e-07 -4.28002e-07 0)
(2.15111e-06 4.30222e-07 0)
(3.45962e-06 8.64906e-07 0)
(3.91226e-06 4.34696e-07 0)
(3.93255e-06 4.3695e-07 0)
(4.39216e-06 -4.39216e-07 0)
(3.97345e-06 8.82988e-07 0)
(3.55027e-06 8.87568e-07 0)
(4.46085e-06 4.46085e-07 0)
(4.48399e-06 1.79359e-06 0)
(3.60579e-06 1.8029e-06 0)
(2.71837e-06 3.17143e-06 0)
(2.73247e-06 3.64329e-06 0)
(2.74664e-06 3.66219e-06 0)
(2.30074e-06 3.68118e-06 0)
(2.31267e-06 4.1628e-06 0)
(1.85973e-06 3.71946e-06 0)
(9.34687e-07 3.73875e-06 0)
(4.69767e-07 4.69767e-06 0)
(2.89073e-07 0 0)
(8.62744e-07 5.75162e-07 0)
(2.00268e-06 -5.72195e-07 0)
(3.9847e-06 -5.69243e-07 0)
(5.37991e-06 5.66306e-07 0)
(5.63384e-06 1.12677e-06 0)
(6.44549e-06 2.24191e-06 0)
(5.85465e-06 1.11517e-06 0)
(5.26973e-06 5.54709e-07 0)
(4.6907e-06 0 0)
(3.843e-06 5.49e-07 0)
(2.18467e-06 1.6385e-06 0)
(1.0867e-06 1.63005e-06 0)
(0 1.62164e-06 0)
(-1.34439e-06 0 0)
(-1.60495e-06 -5.34983e-07 0)
(-5.32222e-07 -1.06444e-06 0)
(-7.94215e-07 -1.58843e-06 0)
(-7.90117e-07 -1.05349e-06 0)
(0 -2.62014e-06 0)
(2.60662e-07 -2.60662e-06 0)
(1.29658e-06 -2.07453e-06 0)
(1.80585e-06 -2.57979e-06 0)
(2.82313e-06 -1.53989e-06 0)
(2.04259e-06 0 0)
(7.62019e-07 -5.08013e-07 0)
(-2.52696e-07 0 0)
(-2.01114e-06 5.02784e-07 0)
(-3.00114e-06 1.00038e-06 0)
(-3.98088e-06 1.99044e-06 0)
(-5.19794e-06 1.48513e-06 0)
(-4.67864e-06 1.47746e-06 0)
(-5.38942e-06 1.95979e-06 0)
(-7.06758e-06 1.94968e-06 0)
(-7.03112e-06 9.69809e-07 0)
(-7.95965e-06 0 0)
(-7.43866e-06 -1.91966e-06 0)
(-5.72925e-06 -1.90975e-06 0)
(-4.98723e-06 -4.74975e-07 0)
(-5.67029e-06 9.45048e-07 0)
(-6.5812e-06 4.70086e-07 0)
(-6.78108e-06 9.35321e-07 0)
(-7.44397e-06 -4.65248e-07 0)
(-7.63698e-06 -1.38854e-06 0)
(-8.5185e-06 -4.60459e-07 0)
(-8.24551e-06 -1.37425e-06 0)
(-7.74724e-06 -2.2786e-06 0)
(-5.66711e-06 -9.06738e-07 0)
(-3.83375e-06 -9.0206e-07 0)
(-3.58962e-06 -1.34611e-06 0)
(-2.23194e-06 -2.23194e-06 0)
(-2.22042e-07 -2.66451e-06 0)
(6.6269e-07 2.20897e-06 0)
(-1.97781e-06 4.83466e-06 0)
(-4.15384e-06 3.06073e-06 0)
(-3.91492e-06 -1.73996e-06 0)
(-1.29824e-06 -3.89472e-06 0)
(-6.45771e-07 -3.0136e-06 0)
(-2.14146e-06 -1.71317e-06 0)
(-2.13041e-06 -1.70433e-06 0)
(-1.69554e-06 -2.11942e-06 0)
(-8.43395e-07 -2.53018e-06 0)
(0 -2.09761e-06 0)
(8.34715e-07 -2.9215e-06 0)
(1.86842e-06 -2.90643e-06 0)
(2.89143e-06 -1.65225e-06 0)
(2.26012e-06 -1.23279e-06 0)
(1.22643e-06 -4.0881e-07 0)
(8.13403e-07 0 0)
(-6.06904e-07 2.42762e-06 0)
(-2.21383e-06 2.41509e-06 0)
(-2.60285e-06 2.40263e-06 0)
(-1.3943e-06 0 0)
(5.94476e-07 7.92635e-07 0)
(1.77423e-06 7.88545e-07 0)
(1.17672e-06 1.56895e-06 0)
(0 -7.80429e-07 0)
(-9.70504e-07 -2.32921e-06 0)
(-1.35169e-06 -1.54479e-06 0)
(-2.30524e-06 -2.30524e-06 0)
(-1.91112e-06 -3.05779e-06 0)
(-5.70378e-07 -2.28151e-06 0)
(1.7023e-06 -1.51316e-06 0)
(3.38704e-06 0 0)
(4.67995e-06 1.49759e-06 0)
(5.02827e-06 0 0)
(5.55815e-06 -7.41086e-07 0)
(7.00399e-06 -2.94905e-06 0)
(8.43478e-06 -2.93383e-06 0)
(7.844e-06 -1.45935e-06 0)
(6.35171e-06 -2.17773e-06 0)
(5.95786e-06 -4.33299e-06 0)
(7.90283e-06 -4.31063e-06 0)
(1.01849e-05 -2.1442e-06 0)
(9.95462e-06 7.11044e-07 0)
(9.72642e-06 7.07376e-07 0)
(9.32437e-06 7.03726e-07 0)
(7.87607e-06 2.10029e-06 0)
(7.4872e-06 2.78593e-06 0)
(7.96823e-06 -1.38578e-06 0)
(9.82274e-06 -5.51452e-06 0)
(1.18293e-05 -4.11455e-06 0)
(1.228e-05 -2.04666e-06 0)
(1.08592e-05 -6.78701e-07 0)
(8.77759e-06 6.75199e-07 0)
(7.5568e-06 2.68686e-06 0)
(6.84956e-06 2.00475e-06 0)
(7.81142e-06 -6.64802e-07 0)
(7.60578e-06 0 0)
(6.41511e-06 -1.97388e-06 0)
(6.87293e-06 -1.9637e-06 0)
(9.11663e-06 -3.90713e-06 0)
(1.05272e-05 -6.47828e-07 0)
(9.98953e-06 6.44486e-07 0)
(9.7777e-06 4.48812e-06 0)
(7.49477e-06 7.01638e-06 0)
(3.80737e-06 5.71106e-06 0)
(1.4204e-06 1.89386e-06 0)
(-1.57008e-07 2.51212e-06 0)
(-3.12395e-06 1.24958e-06 0)
(-4.66175e-06 1.24313e-06 0)
(-5.56524e-06 1.23672e-06 0)
(-3.84481e-06 1.23034e-06 0)
(-2.29498e-06 3.05998e-06 0)
(-2.13093e-06 4.26187e-06 0)
(-1.66567e-06 1.21139e-06 0)
(1.50643e-07 0 0)
(2.54772e-06 -2.99732e-06 0)
(4.62187e-06 -4.77096e-06 0)
(4.15305e-06 -5.93293e-07 0)
(1.03291e-06 1.18046e-06 0)
(-2.20195e-06 3.52312e-06 0)
(-3.50495e-06 2.92079e-06 0)
(-2.46986e-06 2.90572e-06 0)
(-1.87897e-06 4.62516e-06 0)
(-3.03526e-06 6.93774e-06 0)
(-3.77743e-06 5.23029e-06 0)
(-5.11138e-06 4.0891e-06 0)
(-6.89945e-06 0 0)
(-7.67302e-06 0 0)
(-8.15778e-06 -2.37317e-06 0)
(-7.00735e-06 -3.57822e-06 0)
(-7.34342e-06 5.99463e-07 0)
(-8.43601e-06 -1.80772e-06 0)
(-8.32833e-06 -6.05697e-07 0)
(-8.06711e-06 -3.04419e-06 0)
(-7.19095e-06 -2.44798e-06 0)
(-6.61307e-06 -1.84551e-06 0)
(-6.33819e-06 1.85508e-06 0)
(-8.70194e-06 3.10783e-06 0)
(-1.12462e-05 3.74874e-06 0)
(-1.31886e-05 5.65228e-06 0)
(-1.45196e-05 3.15644e-06 0)
(-1.1898e-05 6.34562e-07 0)
(-9.24886e-06 0 0)
(-9.29683e-06 6.41161e-07 0)
(-9.34504e-06 -6.44486e-07 0)
(-9.55547e-06 -6.47828e-07 0)
(-8.46544e-06 -2.60475e-06 0)
(-5.89109e-06 -1.9637e-06 0)
(-3.45429e-06 -1.97388e-06 0)
(-1.65343e-06 6.61372e-07 0)
(-1.99441e-06 4.65361e-06 0)
(-4.51069e-06 6.01425e-06 0)
(-6.04544e-06 3.35858e-06 0)
(-7.42719e-06 3.376e-06 0)
(-6.44766e-06 -6.78701e-07 0)
(-5.11665e-06 -6.82221e-07 0)
(-4.62887e-06 0 0)
(-4.65288e-06 2.06795e-06 0)
(-4.67701e-06 -6.9289e-07 0)
(-4.52714e-06 6.96483e-07 0)
(-4.72564e-06 2.10029e-06 0)
(-5.10202e-06 1.40745e-06 0)
(-5.83585e-06 2.12213e-06 0)
(-5.86612e-06 1.42209e-06 0)
(-4.64576e-06 1.42946e-06 0)
(-3.7718e-06 -7.18439e-07 0)
(-3.24974e-06 7.22165e-07 0)
(-2.72216e-06 0 0)
(-4.56047e-06 1.45935e-06 0)
(-7.70132e-06 7.33459e-07 0)
(-9.58441e-06 0 0)
(-1.01899e-05 7.41086e-07 0)
(-1.09877e-05 -1.48986e-06 0)
(-1.04831e-05 -1.49759e-06 0)
(-1.14783e-05 0 0)
(-1.1727e-05 -2.26974e-06 0)
(-1.10273e-05 -1.52101e-06 0)
(-1.032e-05 -7.64447e-07 0)
(-1.01815e-05 7.68412e-07 0)
(-1.02343e-05 2.31719e-06 0)
(-1.00932e-05 2.32921e-06 0)
(-1.07309e-05 7.80429e-07 0)
(-9.02148e-06 -1.56895e-06 0)
(-7.49118e-06 7.88545e-07 0)
(-8.52082e-06 7.92635e-07 0)
(-8.16664e-06 7.96745e-07 0)
(-8.40921e-06 8.00877e-07 0)
(-8.65408e-06 0 0)
(-9.71047e-06 8.09206e-07 0)
(-1.13876e-05 0 0)
(-1.18555e-05 -4.0881e-07 0)
(-1.17115e-05 -1.23279e-06 0)
(-1.19788e-05 -2.06531e-06 0)
(-1.14181e-05 -1.66082e-06 0)
(-1.12686e-05 -1.25207e-06 0)
(-1.17466e-05 0 0)
(-1.18075e-05 4.21697e-07 0)
(-1.25046e-05 1.69554e-06 0)
(-1.29955e-05 4.26083e-07 0)
(-1.32771e-05 -1.28488e-06 0)
(-1.27002e-05 -1.72205e-06 0)
(-1.14678e-05 -8.65493e-07 0)
(-1.06573e-05 4.34991e-07 0)
(-1.04939e-05 -8.74493e-07 0)
(-9.2298e-06 -3.0766e-06 0)
(-6.40601e-06 -2.65076e-06 0)
(-5.10698e-06 -1.33225e-06 0)
(-5.13346e-06 -1.33916e-06 0)
(-4.26268e-06 1.34611e-06 0)
(-4.5103e-06 2.25515e-06 0)
(-3.85364e-06 2.72021e-06 0)
(-4.10148e-06 3.64576e-06 0)
(-5.95509e-06 3.20659e-06 0)
(-6.44643e-06 1.84184e-06 0)
(-5.32275e-06 0 0)
(-4.41985e-06 -9.30496e-07 0)
(-3.97512e-06 -9.35321e-07 0)
(-4.9359e-06 9.40172e-07 0)
(-6.61534e-06 9.45048e-07 0)
(-6.64964e-06 0 0)
(-6.44541e-06 -2.38719e-06 0)
(-5.75897e-06 -1.43974e-06 0)
(-4.58283e-06 4.82403e-07 0)
(-5.33395e-06 4.84905e-07 0)
(-5.60532e-06 0 0)
(-5.87937e-06 0 0)
(-5.66361e-06 4.92488e-07 0)
(-5.69299e-06 -4.95042e-07 0)
(-6.46892e-06 0 0)
(-6.75257e-06 -1.50057e-06 0)
(-6.78759e-06 -3.51949e-06 0)
(-5.30661e-06 -4.04313e-06 0)
(-3.04808e-06 -3.04808e-06 0)
(-3.31921e-06 -1.53194e-06 0)
(-4.10637e-06 -2.05318e-06 0)
(-3.35373e-06 -2.57979e-06 0)
(-1.29658e-06 -3.1118e-06 0)
(0 -2.08529e-06 0)
(0 0 0)
(1.31686e-06 -5.26745e-07 0)
(2.38264e-06 0 0)
(3.19333e-06 0 0)
(3.74488e-06 -5.34983e-07 0)
(4.30206e-06 -1.07551e-06 0)
(4.32437e-06 -5.40546e-07 0)
(4.61847e-06 5.43349e-07 0)
(3.82317e-06 1.09233e-06 0)
(4.392e-06 5.49e-07 0)
(4.96662e-06 1.65554e-06 0)
(3.60561e-06 2.21884e-06 0)
(3.06672e-06 2.78793e-06 0)
(3.36286e-06 3.36286e-06 0)
(2.81692e-06 4.50707e-06 0)
(2.26522e-06 4.53045e-06 0)
(1.99235e-06 3.9847e-06 0)
(2.00268e-06 3.43317e-06 0)
(1.72549e-06 4.02614e-06 0)
(5.78145e-07 5.78145e-06 0)
(7.11527e-07 -7.11527e-07 0)
(1.06178e-06 7.07856e-07 0)
(1.40841e-06 0 0)
(4.20342e-06 0 0)
(5.57565e-06 -6.96956e-07 0)
(6.24024e-06 -6.9336e-07 0)
(6.55294e-06 1.37957e-06 0)
(5.48979e-06 1.37245e-06 0)
(4.77878e-06 1.36537e-06 0)
(5.09371e-06 0 0)
(4.39177e-06 0 0)
(2.01651e-06 1.34434e-06 0)
(1.33741e-06 2.00611e-06 0)
(-3.32626e-07 3.99152e-06 0)
(-2.31637e-06 6.61821e-07 0)
(-1.31681e-06 0 0)
(-9.82514e-07 0 0)
(-9.77445e-07 -6.5163e-07 0)
(-6.48268e-07 -1.29654e-06 0)
(-6.44923e-07 -1.93477e-06 0)
(6.41596e-07 -1.92479e-06 0)
(1.27657e-06 -1.91486e-06 0)
(2.22247e-06 -1.90498e-06 0)
(3.15858e-06 -6.31716e-07 0)
(2.1996e-06 6.28457e-07 0)
(9.37821e-07 -6.25214e-07 0)
(0 6.21989e-07 0)
(-1.54695e-06 1.23756e-06 0)
(-3.07793e-06 1.23117e-06 0)
(-3.98067e-06 1.22482e-06 0)
(-5.17864e-06 1.82775e-06 0)
(-5.15192e-06 2.42443e-06 0)
(-5.42683e-06 1.80894e-06 0)
(-6.59857e-06 1.19974e-06 0)
(-7.45969e-06 1.79032e-06 0)
(-8.60859e-06 5.93696e-07 0)
(-7.97354e-06 -1.7719e-06 0)
(-5.58206e-06 -3.52551e-06 0)
(-4.38415e-06 0 0)
(-5.23384e-06 5.81538e-07 0)
(-6.36391e-06 1.73561e-06 0)
(-7.48218e-06 2.30221e-06 0)
(-8.01616e-06 -5.72583e-07 0)
(-7.68999e-06 -1.70889e-06 0)
(-7.93366e-06 0 0)
(-9.02026e-06 -5.63766e-07 0)
(-7.57158e-06 -3.926e-06 0)
(-5.30066e-06 -2.23186e-06 0)
(-4.16314e-06 -2.22034e-06 0)
(-3.31333e-06 -1.65666e-06 0)
(-3.02155e-06 -2.74686e-06 0)
(5.46538e-07 -2.18615e-06 0)
(2.44673e-06 2.71859e-06 0)
(-1.62274e-06 6.49095e-06 0)
(-5.91934e-06 2.15249e-06 0)
(-5.08578e-06 -3.74742e-06 0)
(-1.59775e-06 -4.26067e-06 0)
(-2.64918e-07 -4.23868e-06 0)
(-1.31775e-06 0 0)
(-2.35972e-06 -1.57315e-06 0)
(-2.08671e-06 -3.13006e-06 0)
(-1.03797e-06 -2.07594e-06 0)
(0 -3.61415e-06 0)
(2.56822e-07 -4.10915e-06 0)
(2.81047e-06 -3.57696e-06 0)
(3.05014e-06 -1.52507e-06 0)
(2.27581e-06 -1.5172e-06 0)
(1.50938e-06 -2.51563e-06 0)
(1.25132e-06 1.00106e-06 0)
(-2.48974e-07 1.99179e-06 0)
(-1.73382e-06 1.98151e-06 0)
(-3.20334e-06 2.95693e-06 0)
(-1.71598e-06 -9.80559e-07 0)
(7.31625e-07 0 0)
(1.94093e-06 0 0)
(9.6546e-07 1.93092e-06 0)
(-7.20359e-07 -9.60479e-07 0)
(-7.16643e-07 0 0)
(-1.66354e-06 -9.50593e-07 0)
(-2.60064e-06 -1.89138e-06 0)
(-1.88162e-06 -1.88162e-06 0)
(-4.67978e-07 -3.74382e-06 0)
(1.86225e-06 -2.79338e-06 0)
(4.16845e-06 0 0)
(4.60772e-06 0 0)
(4.81314e-06 9.16789e-07 0)
(4.78831e-06 -9.12059e-07 0)
(7.03199e-06 -3.62941e-06 0)
(8.80105e-06 -1.80534e-06 0)
(8.08213e-06 0 0)
(5.36029e-06 -1.78676e-06 0)
(5.55483e-06 -4.44386e-06 0)
(8.39977e-06 -4.42093e-06 0)
(1.09953e-05 -1.75925e-06 0)
(1.0501e-05 -8.75086e-07 0)
(9.79393e-06 8.70571e-07 0)
(9.7434e-06 8.6608e-07 0)
(8.18531e-06 3.44645e-06 0)
(6.42875e-06 3.42866e-06 0)
(6.60876e-06 -4.26372e-06 0)
(9.54387e-06 -5.93841e-06 0)
(1.24485e-05 -4.21984e-06 0)
(1.28041e-05 -1.67923e-06 0)
(1.14851e-05 8.35281e-07 0)
(9.14068e-06 0 0)
(7.44016e-06 2.48005e-06 0)
(6.57935e-06 1.64484e-06 0)
(7.77267e-06 0 0)
(7.32559e-06 2.44186e-06 0)
(5.87072e-06 -1.61951e-06 0)
(6.64601e-06 -2.41673e-06 0)
(9.21634e-06 -5.60994e-06 0)
(1.1162e-05 -2.39186e-06 0)
(1.09061e-05 -7.93172e-07 0)
(1.06526e-05 3.15632e-06 0)
(7.85009e-06 8.6351e-06 0)
(2.9286e-06 7.02863e-06 0)
(1.16539e-06 7.76929e-07 0)
(-3.86461e-07 3.09168e-06 0)
(-3.26797e-06 1.53787e-06 0)
(-4.97228e-06 0 0)
(-5.13688e-06 7.61019e-07 0)
(-3.78546e-06 1.51419e-06 0)
(-1.88297e-06 3.01275e-06 0)
(-2.2479e-06 5.24511e-06 0)
(-2.42266e-06 1.49087e-06 0)
(-3.70794e-07 0 0)
(1.84441e-06 -3.68881e-06 0)
(4.9542e-06 -5.87165e-06 0)
(5.29373e-06 7.30169e-07 0)
(1.4528e-06 2.90561e-06 0)
(-2.16796e-06 3.61327e-06 0)
(-3.4149e-06 4.31356e-06 0)
(-2.32445e-06 2.86087e-06 0)
(-1.42305e-06 5.69221e-06 0)
(-2.84611e-06 5.69221e-06 0)
(-4.1125e-06 5.72173e-06 0)
(-5.75141e-06 5.75141e-06 0)
(-7.58787e-06 7.22654e-07 0)
(-8.17203e-06 -7.26402e-07 0)
(-8.76203e-06 -4.38102e-06 0)
(-6.42212e-06 -5.13769e-06 0)
(-6.8243e-06 7.37763e-07 0)
(-8.89907e-06 -1.48318e-06 0)
(-8.5725e-06 -2.2363e-06 0)
(-8.05498e-06 -2.9972e-06 0)
(-7.15527e-06 -2.25956e-06 0)
(-5.86747e-06 -3.02837e-06 0)
(-5.8979e-06 2.28306e-06 0)
(-8.60587e-06 2.2949e-06 0)
(-1.03806e-05 4.6136e-06 0)
(-1.33329e-05 6.18337e-06 0)
(-1.53444e-05 3.88465e-06 0)
(-1.24953e-05 -7.80959e-07 0)
(-9.0276e-06 7.85009e-07 0)
(-9.46896e-06 2.36724e-06 0)
(-9.51807e-06 -7.93172e-07 0)
(-9.96607e-06 -7.97286e-07 0)
(-8.61527e-06 -3.20568e-06 0)
(-6.04183e-06 -2.41673e-06 0)
(-3.03658e-06 -2.42926e-06 0)
(-2.03489e-07 -8.13954e-07 0)
(-1.22726e-06 4.09088e-06 0)
(-4.5233e-06 7.40177e-06 0)
(-6.61347e-06 4.9601e-06 0)
(-7.89423e-06 4.15486e-06 0)
(-7.30871e-06 -1.67056e-06 0)
(-4.82777e-06 -8.39613e-07 0)
(-4.21984e-06 8.43967e-07 0)
(-4.66589e-06 2.54503e-06 0)
(-5.11646e-06 -8.52744e-07 0)
(-3.85725e-06 8.57166e-07 0)
(-4.73886e-06 2.58483e-06 0)
(-5.413e-06 8.6608e-07 0)
(-5.65871e-06 2.61171e-06 0)
(-6.1256e-06 1.75017e-06 0)
(-5.05784e-06 8.79625e-07 0)
(-3.97884e-06 -1.76837e-06 0)
(-2.88851e-06 0 0)
(-2.4568e-06 -8.93381e-07 0)
(-4.26557e-06 2.69404e-06 0)
(-8.34971e-06 9.02672e-07 0)
(-9.52721e-06 -9.07353e-07 0)
(-1.02607e-05 9.12059e-07 0)
(-1.12307e-05 9.16789e-07 0)
(-1.05978e-05 -1.84309e-06 0)
(-1.13475e-05 0 0)
(-1.21046e-05 -2.79338e-06 0)
(-1.09975e-05 -1.87191e-06 0)
(-9.8785e-06 0 0)
(-9.69331e-06 0 0)
(-9.98123e-06 1.90119e-06 0)
(-1.02719e-05 2.86657e-06 0)
(-1.10455e-05 0 0)
(-9.17187e-06 -1.93092e-06 0)
(-7.03589e-06 1.94093e-06 0)
(-8.53563e-06 1.951e-06 0)
(-8.33475e-06 9.80559e-07 0)
(-8.13157e-06 9.85644e-07 0)
(-8.9168e-06 1.98151e-06 0)
(-9.95894e-06 9.95894e-07 0)
(-1.15122e-05 1.00106e-06 0)
(-1.2075e-05 0 0)
(-1.21376e-05 -1.01147e-06 0)
(-1.19464e-05 -3.05014e-06 0)
(-1.12419e-05 -1.53298e-06 0)
(-1.10433e-05 5.13644e-07 0)
(-1.11006e-05 -5.16308e-07 0)
(-1.14177e-05 5.18985e-07 0)
(-1.25202e-05 2.60838e-06 0)
(-1.38961e-05 1.04876e-06 0)
(-1.37047e-05 -1.58131e-06 0)
(-1.27161e-05 -2.11934e-06 0)
(-1.11843e-05 -2.66292e-06 0)
(-1.04392e-05 0 0)
(-1.13006e-05 -1.07624e-06 0)
(-9.46597e-06 -2.70456e-06 0)
(-5.70904e-06 -4.34974e-06 0)
(-5.19211e-06 -5.46538e-07 0)
(-4.66966e-06 -2.19749e-06 0)
(-3.31333e-06 1.10444e-06 0)
(-3.8856e-06 2.77543e-06 0)
(-3.62677e-06 2.78982e-06 0)
(-4.48686e-06 4.48686e-06 0)
(-6.20143e-06 3.3826e-06 0)
(-7.08363e-06 1.13338e-06 0)
(-6.26592e-06 0 0)
(-4.58067e-06 -1.71775e-06 0)
(-3.16554e-06 -5.75553e-07 0)
(-4.6283e-06 0 0)
(-6.68769e-06 5.81538e-07 0)
(-7.5992e-06 0 0)
(-7.05103e-06 -1.76276e-06 0)
(-4.72506e-06 -2.95316e-06 0)
(-4.15587e-06 1.18739e-06 0)
(-5.37097e-06 1.19355e-06 0)
(-5.9987e-06 5.9987e-07 0)
(-5.42683e-06 6.02981e-07 0)
(-6.06108e-06 1.21222e-06 0)
(-5.48326e-06 6.09251e-07 0)
(-6.73652e-06 6.12411e-07 0)
(-8.00263e-06 -6.15587e-07 0)
(-7.42535e-06 -4.33146e-06 0)
(-4.66491e-06 -4.97591e-06 0)
(-2.81346e-06 -3.75129e-06 0)
(-3.14228e-06 -3.14228e-06 0)
(-4.73787e-06 -1.26343e-06 0)
(-3.49246e-06 -4.44495e-06 0)
(-9.57428e-07 -3.82971e-06 0)
(1.28319e-06 -1.92479e-06 0)
(3.22462e-07 0 0)
(9.72401e-07 -6.48268e-07 0)
(2.60652e-06 0 0)
(3.27505e-06 0 0)
(2.96283e-06 0 0)
(4.30183e-06 -1.98546e-06 0)
(5.32202e-06 -6.65253e-07 0)
(4.68092e-06 2.00611e-06 0)
(3.36086e-06 6.72171e-07 0)
(4.39177e-06 0 0)
(5.77287e-06 6.79161e-07 0)
(4.0961e-06 2.04805e-06 0)
(3.77423e-06 3.43112e-06 0)
(3.44891e-06 2.75913e-06 0)
(3.12012e-06 4.16016e-06 0)
(1.74239e-06 4.18174e-06 0)
(1.75143e-06 2.80228e-06 0)
(2.46471e-06 3.52102e-06 0)
(2.47749e-06 4.95499e-06 0)
(1.42305e-06 7.82679e-06 0)
(4.3784e-07 8.7568e-07 0)
(8.71162e-07 8.71162e-07 0)
(1.73333e-06 0 0)
(3.87988e-06 8.62196e-07 0)
(5.57536e-06 0 0)
(6.39992e-06 8.53322e-07 0)
(6.79136e-06 8.48919e-07 0)
(5.91178e-06 8.4454e-07 0)
(4.621e-06 2.52055e-06 0)
(4.17924e-06 0 0)
(4.57344e-06 8.31535e-07 0)
(2.89536e-06 0 0)
(2.05744e-06 1.64595e-06 0)
(-8.18731e-07 4.09365e-06 0)
(-2.85077e-06 8.14506e-07 0)
(-1.62061e-06 8.10304e-07 0)
(-1.20919e-06 8.06123e-07 0)
(-8.01964e-07 -8.01964e-07 0)
(-1.19674e-06 -7.97827e-07 0)
(-7.9371e-07 -1.58742e-06 0)
(3.94808e-07 -3.15846e-06 0)
(7.85541e-07 -2.35662e-06 0)
(2.73521e-06 -3.90744e-06 0)
(4.27601e-06 -7.77456e-07 0)
(1.93361e-06 7.73445e-07 0)
(7.69455e-07 -7.69455e-07 0)
(7.65485e-07 7.65485e-07 0)
(-1.90384e-06 7.61535e-07 0)
(-2.65162e-06 -7.57606e-07 0)
(-4.14534e-06 2.26109e-06 0)
(-5.24866e-06 7.49809e-07 0)
(-4.10267e-06 2.98376e-06 0)
(-5.93673e-06 2.96837e-06 0)
(-7.0135e-06 1.47653e-06 0)
(-7.71177e-06 0 0)
(-9.13331e-06 1.46133e-06 0)
(-8.72274e-06 -2.18069e-06 0)
(-5.42359e-06 -4.33887e-06 0)
(-3.59707e-06 0 0)
(-5.00991e-06 7.15702e-07 0)
(-5.69607e-06 7.12009e-07 0)
(-8.14586e-06 3.54168e-06 0)
(-8.80852e-06 -2.11404e-06 0)
(-7.36098e-06 -2.80418e-06 0)
(-8.02043e-06 2.09229e-06 0)
(-9.71362e-06 -2.08149e-06 0)
(-7.93788e-06 -5.522e-06 0)
(-5.15017e-06 -4.12014e-06 0)
(-3.75731e-06 -4.78202e-06 0)
(-3.39811e-06 -2.03887e-06 0)
(-3.04252e-06 -5.40892e-06 0)
(2.01788e-06 -1.34525e-06 0)
(3.68036e-06 4.01494e-06 0)
(-1.99711e-06 9.98556e-06 0)
(-7.6161e-06 1.98681e-06 0)
(-6.2591e-06 -5.92967e-06 0)
(-1.63863e-06 -7.20999e-06 0)
(6.52072e-07 -5.86865e-06 0)
(-6.48707e-07 0 0)
(-3.54948e-06 -1.93608e-06 0)
(-2.24711e-06 -3.21015e-06 0)
(-9.58077e-07 -3.83231e-06 0)
(-3.17711e-07 -5.08338e-06 0)
(6.32145e-07 -3.79287e-06 0)
(2.82997e-06 -5.03106e-06 0)
(3.75383e-06 0 0)
(1.86723e-06 -2.48964e-06 0)
(2.1672e-06 -1.8576e-06 0)
(2.15602e-06 -1.23201e-06 0)
(0 4.90261e-06 0)
(-2.13383e-06 3.65799e-06 0)
(-3.33585e-06 1.21304e-06 0)
(-2.41356e-06 -1.20678e-06 0)
(9.00415e-07 1.20055e-06 0)
(2.38872e-06 1.19436e-06 0)
(5.94099e-07 1.1882e-06 0)
(-8.8655e-07 -2.36413e-06 0)
(-5.87984e-07 0 0)
(-2.04733e-06 0 0)
(-2.6187e-06 -2.32773e-06 0)
(-2.31572e-06 -1.15786e-06 0)
(-8.63915e-07 -6.91132e-06 0)
(2.86486e-06 -3.43783e-06 0)
(4.27512e-06 0 0)
(4.82013e-06 0 0)
(4.51319e-06 1.1283e-06 0)
(4.20928e-06 -3.36743e-06 0)
(6.97928e-06 -4.46674e-06 0)
(9.16512e-06 -1.11092e-06 0)
(8.01264e-06 -1.10519e-06 0)
(5.22258e-06 -1.09949e-06 0)
(4.92218e-06 -5.46908e-06 0)
(8.70539e-06 -5.44087e-06 0)
(1.16375e-05 -4.33024e-06 0)
(1.07697e-05 -1.07697e-06 0)
(1.01785e-05 1.07142e-06 0)
(9.85948e-06 -2.13178e-06 0)
(8.74822e-06 3.18117e-06 0)
(5.2746e-06 5.2746e-06 0)
(5.24738e-06 -5.24738e-06 0)
(9.65757e-06 -8.35249e-06 0)
(1.29834e-05 -6.23205e-06 0)
(1.34331e-05 -4.13326e-06 0)
(1.15648e-05 1.02798e-06 0)
(9.71547e-06 1.02268e-06 0)
(7.63053e-06 2.03481e-06 0)
(6.32597e-06 2.02431e-06 0)
(7.80373e-06 0 0)
(7.01217e-06 2.00348e-06 0)
(5.23199e-06 -1.99314e-06 0)
(6.19643e-06 -3.96571e-06 0)
(9.36997e-06 -5.91788e-06 0)
(1.17747e-05 -1.96245e-06 0)
(1.14699e-05 0 0)
(1.21391e-05 3.8845e-06 0)
(8.21198e-06 1.06273e-05 0)
(1.92226e-06 7.68904e-06 0)
(4.78086e-07 0 0)
(-2.3781e-07 3.80495e-06 0)
(-3.54874e-06 2.83899e-06 0)
(-4.9426e-06 -9.41448e-07 0)
(-5.15125e-06 1.87318e-06 0)
(-3.72703e-06 9.31758e-07 0)
(-1.15869e-06 2.78085e-06 0)
(-2.53596e-06 6.45518e-06 0)
(-2.98159e-06 9.17411e-07 0)
(-9.12678e-07 0 0)
(1.13496e-06 -2.72391e-06 0)
(5.64553e-06 -5.4197e-06 0)
(6.06571e-06 8.98624e-07 0)
(2.01147e-06 3.57595e-06 0)
(-2.00109e-06 5.33625e-06 0)
(-3.76034e-06 6.1935e-06 0)
(-2.20055e-06 1.76044e-06 0)
(-1.0946e-06 5.25408e-06 0)
(-2.84596e-06 6.12976e-06 0)
(-3.961e-06 5.28133e-06 0)
(-6.6359e-06 7.07829e-06 0)
(-8.22672e-06 -8.89375e-07 0)
(-8.71638e-06 0 0)
(-9.43555e-06 -5.39174e-06 0)
(-5.4197e-06 -7.22627e-06 0)
(-6.35578e-06 2.72391e-06 0)
(-9.58311e-06 -1.82536e-06 0)
(-8.7154e-06 -3.66964e-06 0)
(-8.06898e-06 -3.68867e-06 0)
(-7.18387e-06 -1.8539e-06 0)
(-5.35761e-06 -4.65879e-06 0)
(-5.15125e-06 1.87318e-06 0)
(-8.00231e-06 3.76579e-06 0)
(-1.01731e-05 5.67798e-06 0)
(-1.35551e-05 8.56114e-06 0)
(-1.62549e-05 3.82469e-06 0)
(-1.2735e-05 -9.6113e-07 0)
(-8.69503e-06 1.93223e-06 0)
(-9.46847e-06 1.94225e-06 0)
(-1.02497e-05 -9.76162e-07 0)
(-1.00575e-05 0 0)
(-9.1234e-06 -5.91788e-06 0)
(-5.45285e-06 -2.97428e-06 0)
(-2.98971e-06 -1.99314e-06 0)
(7.51304e-07 0 0)
(-2.51733e-07 3.0208e-06 0)
(-4.30166e-06 9.1094e-06 0)
(-6.86748e-06 6.10443e-06 0)
(-9.20413e-06 5.11341e-06 0)
(-8.22388e-06 -3.08395e-06 0)
(-4.39159e-06 -1.03332e-06 0)
(-3.63536e-06 1.03867e-06 0)
(-4.95929e-06 1.04406e-06 0)
(-5.24738e-06 -2.09895e-06 0)
(-3.16476e-06 2.10984e-06 0)
(-4.77176e-06 4.24156e-06 0)
(-5.32945e-06 0 0)
(-5.62494e-06 4.28567e-06 0)
(-6.46184e-06 2.15395e-06 0)
(-5.4128e-06 -1.08256e-06 0)
(-4.08065e-06 -3.26452e-06 0)
(-3.008e-06 1.09382e-06 0)
(-2.19898e-06 -2.19898e-06 0)
(-4.14447e-06 1.10519e-06 0)
(-8.60966e-06 -1.11092e-06 0)
(-9.21265e-06 -1.11668e-06 0)
(-9.82166e-06 2.24495e-06 0)
(-1.18471e-05 2.25659e-06 0)
(-1.04909e-05 -1.13415e-06 0)
(-1.19703e-05 1.14003e-06 0)
(-1.23189e-05 -3.43783e-06 0)
(-1.06549e-05 -1.15189e-06 0)
(-9.55234e-06 0 0)
(-9.31092e-06 -1.16386e-06 0)
(-9.35921e-06 3.5097e-06 0)
(-1.05837e-05 3.5279e-06 0)
(-1.24117e-05 -1.18207e-06 0)
(-8.31738e-06 -2.37639e-06 0)
(-6.86757e-06 2.38872e-06 0)
(-8.40387e-06 2.40111e-06 0)
(-8.44746e-06 1.20678e-06 0)
(-8.49127e-06 0 0)
(-8.23047e-06 -1.21933e-06 0)
(-1.01116e-05 1.22565e-06 0)
(-1.17041e-05 -1.23201e-06 0)
(-1.2384e-05 0 0)
(-1.30706e-05 -1.86723e-06 0)
(-1.18871e-05 -3.75383e-06 0)
(-1.03766e-05 0 0)
(-1.10625e-05 0 0)
(-1.14376e-05 -2.54169e-06 0)
(-1.08582e-05 -1.27744e-06 0)
(-1.25196e-05 1.28406e-06 0)
(-1.41979e-05 6.4536e-07 0)
(-1.39472e-05 -6.48707e-07 0)
(-1.33675e-05 -2.60829e-06 0)
(-1.04873e-05 -2.62181e-06 0)
(-1.05416e-05 -6.58853e-07 0)
(-1.15897e-05 -1.98681e-06 0)
(-9.98556e-06 -3.99423e-06 0)
(-5.68783e-06 -5.35325e-06 0)
(-4.70839e-06 -2.01788e-06 0)
(-4.05669e-06 -2.02835e-06 0)
(-2.37868e-06 2.03887e-06 0)
(-3.75731e-06 2.73259e-06 0)
(-3.43345e-06 3.43345e-06 0)
(-4.1415e-06 6.21225e-06 0)
(-6.9383e-06 4.16298e-06 0)
(-7.67171e-06 6.97429e-07 0)
(-7.01046e-06 -7.01046e-07 0)
(-4.58043e-06 -3.52341e-06 0)
(-2.83334e-06 0 0)
(-4.62806e-06 7.12009e-07 0)
(-6.44132e-06 7.15702e-07 0)
(-8.27326e-06 -7.19414e-07 0)
(-7.23145e-06 -3.61572e-06 0)
(-4.36137e-06 -1.45379e-06 0)
(-2.92266e-06 2.19199e-06 0)
(-5.50841e-06 2.20336e-06 0)
(-5.9061e-06 2.21479e-06 0)
(-5.93673e-06 0 0)
(-5.96752e-06 7.4594e-07 0)
(-5.62357e-06 0 0)
(-6.78328e-06 1.5074e-06 0)
(-9.09128e-06 0 0)
(-8.37689e-06 -5.33075e-06 0)
(-4.97565e-06 -8.42033e-06 0)
(-1.92364e-06 -5.38618e-06 0)
(-2.32034e-06 -2.32034e-06 0)
(-5.05347e-06 -7.77456e-07 0)
(-4.29819e-06 -4.68893e-06 0)
(-3.92771e-07 -4.71325e-06 0)
(1.97404e-06 -3.94808e-06 0)
(3.96855e-07 7.9371e-07 0)
(1.19674e-06 -7.97827e-07 0)
(2.80688e-06 -8.01964e-07 0)
(3.22449e-06 -8.06123e-07 0)
(2.43091e-06 8.10304e-07 0)
(3.66528e-06 -4.07253e-06 0)
(6.54984e-06 -1.63746e-06 0)
(5.34935e-06 2.46893e-06 0)
(2.89536e-06 -8.27245e-07 0)
(4.57344e-06 -8.31535e-07 0)
(5.85093e-06 -8.35847e-07 0)
(5.04109e-06 2.52055e-06 0)
(3.80043e-06 5.06724e-06 0)
(3.39568e-06 3.39568e-06 0)
(3.41329e-06 5.11993e-06 0)
(1.7155e-06 5.14649e-06 0)
(1.72439e-06 2.58659e-06 0)
(2.6e-06 3.46667e-06 0)
(3.48465e-06 5.22697e-06 0)
(1.75136e-06 7.00544e-06 0)
(8.08278e-07 2.15541e-06 0)
(5.36072e-07 1.07214e-06 0)
(1.33327e-06 0 0)
(3.97916e-06 1.06111e-06 0)
(5.80599e-06 1.05563e-06 0)
(6.56368e-06 0 0)
(6.791e-06 -1.04477e-06 0)
(5.97643e-06 0 0)
(4.65308e-06 3.10205e-06 0)
(4.11473e-06 1.02868e-06 0)
(4.60519e-06 1.02337e-06 0)
(2.79976e-06 1.01809e-06 0)
(2.53211e-06 0 0)
(-5.03808e-07 3.02285e-06 0)
(-3.50846e-06 1.00242e-06 0)
(-1.49587e-06 -9.97246e-07 0)
(-1.73618e-06 1.9842e-06 0)
(-1.23373e-06 0 0)
(-1.22736e-06 -9.8189e-07 0)
(-9.76824e-07 -9.76824e-07 0)
(0 -2.91535e-06 0)
(9.6677e-07 -3.86708e-06 0)
(2.88535e-06 -3.84713e-06 0)
(4.5449e-06 -9.5682e-07 0)
(2.37971e-06 9.51884e-07 0)
(7.10229e-07 0 0)
(9.42087e-07 3.76835e-06 0)
(-2.10876e-06 -9.37226e-07 0)
(-2.33098e-06 -9.3239e-07 0)
(-3.94221e-06 3.71032e-06 0)
(-4.84467e-06 9.22794e-07 0)
(-4.13115e-06 4.59017e-06 0)
(-6.16475e-06 2.73989e-06 0)
(-7.49582e-06 0 0)
(-7.9091e-06 0 0)
(-9.44195e-06 -1.79847e-06 0)
(-9.61688e-06 -1.78919e-06 0)
(-4.89488e-06 -5.33987e-06 0)
(-2.65616e-06 0 0)
(-4.8445e-06 0 0)
(-5.69578e-06 8.76274e-07 0)
(-7.84578e-06 4.35876e-06 0)
(-9.97344e-06 8.67255e-07 0)
(-6.68655e-06 -2.58834e-06 0)
(-7.93955e-06 3.43332e-06 0)
(-1.08872e-05 -1.7078e-06 0)
(-8.70733e-06 -5.94647e-06 0)
(-4.64812e-06 -3.38045e-06 0)
(-3.78338e-06 -4.20376e-06 0)
(-3.76386e-06 -5.01849e-06 0)
(-2.28827e-06 -4.1605e-06 0)
(3.10427e-06 -2.48342e-06 0)
(5.55886e-06 4.11767e-06 0)
(-2.45786e-06 1.22893e-05 0)
(-1.01882e-05 1.63012e-06 0)
(-7.5004e-06 -8.10854e-06 0)
(-1.21001e-06 -1.04867e-05 0)
(1.80564e-06 -4.01254e-06 0)
(-5.98776e-07 7.98368e-07 0)
(-3.77268e-06 -1.5885e-06 0)
(-2.37045e-06 -4.74091e-06 0)
(-1.37563e-06 -3.1443e-06 0)
(-3.91009e-07 -5.47413e-06 0)
(9.7248e-07 -3.11194e-06 0)
(3.67636e-06 -3.09588e-06 0)
(3.84988e-06 2.30993e-06 0)
(1.53201e-06 -3.06402e-06 0)
(2.09564e-06 -1.5241e-06 0)
(3.03248e-06 0 0)
(5.65657e-07 4.52525e-06 0)
(-2.43853e-06 3.00127e-06 0)
(-3.91884e-06 1.49289e-06 0)
(-2.41343e-06 -1.48519e-06 0)
(1.10815e-06 2.95506e-06 0)
(2.3886e-06 1.4699e-06 0)
(1.8279e-07 1.46232e-06 0)
(-1.09108e-06 -2.90955e-06 0)
(-1.80909e-07 1.44727e-06 0)
(-2.33968e-06 1.4398e-06 0)
(-2.6857e-06 0 0)
(-3.20622e-06 0 0)
(-8.8602e-07 -5.67053e-06 0)
(3.34951e-06 -2.82064e-06 0)
(4.91065e-06 -1.40304e-06 0)
(5.23426e-06 0 0)
(3.99223e-06 1.3886e-06 0)
(3.62627e-06 -4.14431e-06 0)
(7.04334e-06 -4.12293e-06 0)
(9.57054e-06 -2.73444e-06 0)
(7.99097e-06 0 0)
(4.73602e-06 -1.35315e-06 0)
(4.20677e-06 -5.38467e-06 0)
(8.87234e-06 -9.37455e-06 0)
(1.21573e-05 -2.66462e-06 0)
(1.15976e-05 0 0)
(9.72467e-06 0 0)
(1.03304e-05 -2.62359e-06 0)
(9.62458e-06 5.22011e-06 0)
(4.54403e-06 6.49147e-06 0)
(3.22899e-06 -6.45798e-06 0)
(9.47638e-06 -1.02795e-05 0)
(1.37418e-05 -7.66982e-06 0)
(1.44657e-05 -5.08683e-06 0)
(1.2177e-05 2.53029e-06 0)
(9.43964e-06 1.25862e-06 0)
(7.82579e-06 2.50425e-06 0)
(6.07262e-06 1.24567e-06 0)
(7.74524e-06 -1.23924e-06 0)
(6.78065e-06 2.46569e-06 0)
(4.90594e-06 -2.45297e-06 0)
(5.4907e-06 -2.44031e-06 0)
(9.55916e-06 -8.49703e-06 0)
(1.23779e-05 -1.2076e-06 0)
(1.20137e-05 -1.20137e-06 0)
(1.32963e-05 3.58551e-06 0)
(8.91752e-06 1.3079e-05 0)
(8.87151e-07 8.28008e-06 0)
(0 -1.17677e-06 0)
(0 4.68278e-06 0)
(-4.22187e-06 3.49396e-06 0)
(-5.06907e-06 0 0)
(-5.187e-06 0 0)
(-3.15348e-06 -1.14672e-06 0)
(-5.70402e-07 4.56322e-06 0)
(-2.69543e-06 9.07935e-06 0)
(-3.81059e-06 2.25813e-06 0)
(-1.40405e-06 0 0)
(5.58721e-07 -3.35233e-06 0)
(5.97526e-06 -6.67006e-06 0)
(7.18862e-06 1.10594e-06 0)
(2.338e-06 4.40094e-06 0)
(-1.64184e-06 5.47279e-06 0)
(-4.08342e-06 6.53347e-06 0)
(-2.57282e-06 0 0)
(-5.38852e-07 4.31082e-06 0)
(-2.96369e-06 6.46623e-06 0)
(-3.92694e-06 4.33317e-06 0)
(-6.94181e-06 6.53347e-06 0)
(-9.03011e-06 -1.09456e-06 0)
(-8.93941e-06 0 0)
(-1.023e-05 -6.63565e-06 0)
(-4.86359e-06 -6.67006e-06 0)
(-5.58721e-06 2.23488e-06 0)
(-1.01091e-05 -1.12324e-06 0)
(-9.0325e-06 -2.25813e-06 0)
(-8.08629e-06 -4.53967e-06 0)
(-6.98742e-06 -3.42241e-06 0)
(-4.87356e-06 -4.58688e-06 0)
(-4.17842e-06 3.458e-06 0)
(-7.96569e-06 2.31729e-06 0)
(-9.75398e-06 6.98793e-06 0)
(-1.37557e-05 1.05362e-05 0)
(-1.70631e-05 1.17677e-06 0)
(-1.28637e-05 0 0)
(-8.47165e-06 -1.189e-06 0)
(-1.00095e-05 2.39034e-06 0)
(-1.03618e-05 -2.40274e-06 0)
(-1.07174e-05 1.2076e-06 0)
(-9.40742e-06 -1.09247e-05 0)
(-4.88062e-06 -3.66047e-06 0)
(-2.60628e-06 -2.45297e-06 0)
(1.07874e-06 -1.23284e-06 0)
(9.29429e-07 4.95695e-06 0)
(-4.35983e-06 9.96532e-06 0)
(-7.35624e-06 3.75638e-06 0)
(-9.91163e-06 5.03448e-06 0)
(-8.69788e-06 -2.53029e-06 0)
(-3.81512e-06 -1.27171e-06 0)
(-3.67512e-06 -1.2783e-06 0)
(-5.46096e-06 -1.28493e-06 0)
(-4.68204e-06 -2.58319e-06 0)
(-2.59659e-06 2.59659e-06 0)
(-5.22011e-06 5.22011e-06 0)
(-5.41116e-06 0 0)
(-5.2744e-06 3.9558e-06 0)
(-6.95855e-06 1.32544e-06 0)
(-6.32848e-06 0 0)
(-3.51546e-06 -4.01766e-06 0)
(-2.52406e-06 2.69233e-06 0)
(-2.36801e-06 0 0)
(-4.0805e-06 4.0805e-06 0)
(-9.05783e-06 -1.36722e-06 0)
(-8.93302e-06 -1.37431e-06 0)
(-9.49738e-06 1.38144e-06 0)
(-1.21503e-05 2.7772e-06 0)
(-1.08175e-05 -2.79161e-06 0)
(-1.19259e-05 2.80608e-06 0)
(-1.25166e-05 -2.82064e-06 0)
(-1.01006e-05 0 0)
(-9.61865e-06 1.42498e-06 0)
(-8.95234e-06 0 0)
(-8.63882e-06 4.31941e-06 0)
(-1.13973e-05 7.23635e-06 0)
(-1.32748e-05 -1.45478e-06 0)
(-8.04276e-06 -4.38696e-06 0)
(-5.51214e-06 4.40971e-06 0)
(-8.86517e-06 4.43258e-06 0)
(-8.72549e-06 1.48519e-06 0)
(-8.58413e-06 2.98579e-06 0)
(-8.62865e-06 -1.50064e-06 0)
(-1.01818e-05 1.50842e-06 0)
(-1.17509e-05 0 0)
(-1.23833e-05 -1.5241e-06 0)
(-1.34051e-05 -3.83002e-06 0)
(-1.13572e-05 -3.07991e-06 0)
(-1.02551e-05 0 0)
(-1.14753e-05 2.33395e-06 0)
(-1.17303e-05 -3.91009e-06 0)
(-1.00224e-05 -2.35822e-06 0)
(-1.20498e-05 2.37045e-06 0)
(-1.4495e-05 3.177e-06 0)
(-1.5169e-05 -1.59674e-06 0)
(-1.30408e-05 -4.81505e-06 0)
(-1.04867e-05 -1.61334e-06 0)
(-1.01357e-05 -8.10854e-07 0)
(-1.22259e-05 -3.26024e-06 0)
(-1.04459e-05 -4.91572e-06 0)
(-5.35298e-06 -5.76474e-06 0)
(-4.34598e-06 -2.48342e-06 0)
(-3.74445e-06 -3.3284e-06 0)
(-1.88193e-06 2.50924e-06 0)
(-3.36301e-06 -8.40752e-07 0)
(-2.74662e-06 2.53534e-06 0)
(-3.82273e-06 5.94647e-06 0)
(-7.68511e-06 5.12341e-06 0)
(-8.36871e-06 2.57499e-06 0)
(-7.76503e-06 -1.72556e-06 0)
(-4.55309e-06 -6.07079e-06 0)
(-2.17938e-06 0 0)
(-4.1623e-06 1.75255e-06 0)
(-7.04655e-06 8.80818e-07 0)
(-9.07521e-06 -8.85387e-07 0)
(-7.34232e-06 -4.44989e-06 0)
(-2.90743e-06 0 0)
(-2.92251e-06 2.6977e-06 0)
(-5.42338e-06 0 0)
(-6.36009e-06 1.81717e-06 0)
(-5.93643e-06 9.13297e-07 0)
(-5.73771e-06 9.18033e-07 0)
(-5.53677e-06 -9.22794e-07 0)
(-6.72495e-06 0 0)
(-1.00232e-05 1.86478e-06 0)
(-1.00752e-05 -3.7489e-06 0)
(-5.18148e-06 -7.53669e-06 0)
(-7.10229e-07 -7.57578e-06 0)
(-1.90377e-06 -3.80753e-06 0)
(-5.02331e-06 -3.82728e-06 0)
(-5.04936e-06 -4.80891e-06 0)
(-2.41693e-07 -3.86708e-06 0)
(2.91535e-06 -3.88714e-06 0)
(7.32618e-07 9.76824e-07 0)
(9.8189e-07 0 0)
(2.46746e-06 0 0)
(3.72038e-06 -1.9842e-06 0)
(2.2438e-06 2.99174e-06 0)
(3.25786e-06 -5.01209e-06 0)
(7.30522e-06 -2.01523e-06 0)
(5.31742e-06 1.01284e-06 0)
(2.54524e-06 -2.03619e-06 0)
(4.60519e-06 -3.07012e-06 0)
(6.42926e-06 -3.08605e-06 0)
(6.2041e-06 4.13607e-06 0)
(3.63783e-06 8.31504e-06 0)
(3.3955e-06 3.13431e-06 0)
(3.41311e-06 4.20075e-06 0)
(1.58345e-06 5.27817e-06 0)
(1.32639e-06 3.18333e-06 0)
(3.19984e-06 2.13322e-06 0)
(4.55661e-06 5.36072e-06 0)
(1.88598e-06 7.54393e-06 0)
(3.31584e-07 -1.32634e-06 0)
(6.59747e-07 3.95848e-06 0)
(1.31269e-06 -1.31269e-06 0)
(4.5707e-06 2.61183e-06 0)
(4.87191e-06 2.59835e-06 0)
(6.78548e-06 -1.29247e-06 0)
(6.42902e-06 1.2858e-06 0)
(6.71564e-06 1.27917e-06 0)
(4.77214e-06 2.54514e-06 0)
(3.79801e-06 3.79801e-06 0)
(4.72302e-06 1.25947e-06 0)
(2.50595e-06 -1.25297e-06 0)
(2.80465e-06 1.24651e-06 0)
(-3.1002e-07 2.48016e-06 0)
(-4.00946e-06 2.46736e-06 0)
(-1.84097e-06 0 0)
(-1.22098e-06 1.22098e-06 0)
(-1.82203e-06 -2.42937e-06 0)
(-1.20842e-06 0 0)
(-1.50273e-06 -2.40437e-06 0)
(-2.98995e-07 -4.78392e-06 0)
(8.92357e-07 -3.56943e-06 0)
(3.2551e-06 -5.91835e-06 0)
(5.59343e-06 0 0)
(2.34298e-06 0 0)
(1.16544e-06 0 0)
(5.79716e-07 4.63773e-06 0)
(-2.59526e-06 1.15345e-06 0)
(-1.72125e-06 0 0)
(-3.71013e-06 5.70789e-06 0)
(-4.82667e-06 -1.13569e-06 0)
(-3.9544e-06 5.64914e-06 0)
(-6.744e-06 3.372e-06 0)
(-7.8274e-06 2.2364e-06 0)
(-8.06512e-06 1.11243e-06 0)
(-9.40688e-06 -3.32007e-06 0)
(-1.01841e-05 -2.20196e-06 0)
(-4.65503e-06 -5.47651e-06 0)
(-2.1793e-06 -2.1793e-06 0)
(-4.87813e-06 1.08403e-06 0)
(-4.85296e-06 3.23531e-06 0)
(-8.04653e-06 4.29149e-06 0)
(-1.04065e-05 0 0)
(-6.63643e-06 -1.06183e-06 0)
(-7.92263e-06 3.16905e-06 0)
(-1.23481e-05 -4.2036e-06 0)
(-8.10246e-06 -7.31835e-06 0)
(-4.9404e-06 -4.16034e-06 0)
(-3.62151e-06 -4.13887e-06 0)
(-3.60283e-06 -4.11752e-06 0)
(-2.81619e-06 -7.16848e-06 0)
(4.32984e-06 -2.03757e-06 0)
(7.0947e-06 3.04059e-06 0)
(-2.52075e-06 1.0083e-05 0)
(-1.25387e-05 2.0062e-06 0)
(-8.9813e-06 -8.9813e-06 0)
(-7.4458e-07 -1.29061e-05 0)
(2.96295e-06 -4.93826e-06 0)
(0 2.94767e-06 0)
(-4.15432e-06 -2.93246e-06 0)
(-2.43111e-06 -3.88977e-06 0)
(-1.45114e-06 -9.67426e-07 0)
(-4.81217e-07 -4.81217e-06 0)
(1.19684e-06 -2.87241e-06 0)
(3.81012e-06 -2.85759e-06 0)
(3.79046e-06 9.47615e-07 0)
(9.42726e-07 -4.71363e-06 0)
(2.81359e-06 -2.81359e-06 0)
(3.49884e-06 -1.86605e-06 0)
(9.28209e-07 5.56925e-06 0)
(-2.77026e-06 3.69368e-06 0)
(-4.59328e-06 0 0)
(-2.28479e-06 -3.65566e-06 0)
(1.5911e-06 1.8184e-06 0)
(2.26127e-06 0 0)
(-2.24961e-07 0 0)
(-1.119e-06 -5.3712e-06 0)
(2.22645e-07 1.78116e-06 0)
(-2.21497e-06 0 0)
(-2.8646e-06 -1.76283e-06 0)
(-3.94591e-06 0 0)
(-1.09043e-06 -8.72344e-06 0)
(3.9053e-06 -5.20706e-06 0)
(5.1802e-06 -3.45346e-06 0)
(5.3682e-06 0 0)
(3.41792e-06 -1.70896e-06 0)
(3.40029e-06 -6.80057e-06 0)
(7.18833e-06 -3.38274e-06 0)
(1.00959e-05 -3.36529e-06 0)
(8.16057e-06 -1.67396e-06 0)
(4.16332e-06 0 0)
(3.72765e-06 -3.31347e-06 0)
(9.06503e-06 -8.24094e-06 0)
(1.27075e-05 -3.27937e-06 0)
(1.14186e-05 -4.89367e-06 0)
(9.73685e-06 3.24562e-06 0)
(1.06956e-05 -4.8433e-06 0)
(1.08412e-05 6.42442e-06 0)
(3.39537e-06 7.98909e-06 0)
(1.78827e-06 -9.53745e-06 0)
(9.29057e-06 -1.10696e-05 0)
(1.39623e-05 -9.43929e-06 0)
(1.54553e-05 -6.26039e-06 0)
(1.26508e-05 -1.55702e-06 0)
(9.68119e-06 3.09798e-06 0)
(7.70499e-06 4.62299e-06 0)
(5.74893e-06 1.53305e-06 0)
(7.81633e-06 -1.52514e-06 0)
(6.82771e-06 3.03454e-06 0)
(4.33964e-06 -4.52832e-06 0)
(5.06808e-06 -4.50496e-06 0)
(9.71039e-06 -8.96343e-06 0)
(1.28185e-05 -1.4862e-06 0)
(1.23827e-05 -1.47853e-06 0)
(1.4709e-05 0 0)
(9.32862e-06 1.60964e-05 0)
(-3.63941e-07 1.01903e-05 0)
(-3.62063e-07 0 0)
(5.40293e-07 5.76312e-06 0)
(-4.65838e-06 4.30004e-06 0)
(-5.52556e-06 -1.42595e-06 0)
(-4.96508e-06 1.41859e-06 0)
(-3.17537e-06 -1.41128e-06 0)
(1.75499e-07 4.21198e-06 0)
(-2.61891e-06 1.1174e-05 0)
(-4.51602e-06 1.38954e-06 0)
(-1.72797e-06 1.38237e-06 0)
(0 -2.75048e-06 0)
(6.32768e-06 -8.20888e-06 0)
(7.99639e-06 1.36109e-06 0)
(2.36962e-06 4.0622e-06 0)
(-1.34708e-06 4.04124e-06 0)
(-4.35542e-06 8.04078e-06 0)
(-2.83308e-06 -1.33322e-06 0)
(-1.65792e-07 5.30535e-06 0)
(-2.81847e-06 5.30535e-06 0)
(-3.99965e-06 2.66643e-06 0)
(-7.37071e-06 5.36052e-06 0)
(-9.26117e-06 0 0)
(-9.64772e-06 1.35407e-06 0)
(-1.05484e-05 -8.16653e-06 0)
(-4.10444e-06 -6.84074e-06 0)
(-5.32906e-06 2.75048e-06 0)
(-1.05406e-05 -1.38237e-06 0)
(-9.20573e-06 -4.16863e-06 0)
(-8.03131e-06 -5.587e-06 0)
(-7.01997e-06 -1.40399e-06 0)
(-4.41024e-06 -5.6451e-06 0)
(-3.54649e-06 5.67438e-06 0)
(-7.84273e-06 4.27785e-06 0)
(-8.95842e-06 5.73339e-06 0)
(-1.38675e-05 1.2967e-05 0)
(-1.82842e-05 2.8965e-06 0)
(-1.32838e-05 -1.45576e-06 0)
(-8.04822e-06 -2.92663e-06 0)
(-9.92859e-06 2.9418e-06 0)
(-1.03497e-05 -4.43559e-06 0)
(-1.18896e-05 1.4862e-06 0)
(-9.71039e-06 -1.34452e-05 0)
(-4.12955e-06 -3.00331e-06 0)
(-2.45284e-06 -1.50944e-06 0)
(1.51727e-06 -4.55181e-06 0)
(2.28771e-06 4.57541e-06 0)
(-4.40751e-06 1.37974e-05 0)
(-7.89762e-06 6.16399e-06 0)
(-1.04557e-05 6.19596e-06 0)
(-9.53677e-06 -1.55702e-06 0)
(-3.71711e-06 -3.1302e-06 0)
(-3.34308e-06 -1.57321e-06 0)
(-5.73248e-06 0 0)
(-4.57003e-06 -6.3583e-06 0)
(-1.99727e-06 3.19564e-06 0)
(-5.01908e-06 3.21221e-06 0)
(-5.44872e-06 1.61443e-06 0)
(-5.47698e-06 4.86842e-06 0)
(-7.34051e-06 1.63122e-06 0)
(-6.55873e-06 0 0)
(-3.29637e-06 -4.94456e-06 0)
(-2.27801e-06 3.31347e-06 0)
(-2.08166e-06 0 0)
(-4.39415e-06 3.34793e-06 0)
(-9.46488e-06 -3.36529e-06 0)
(-8.66828e-06 0 0)
(-9.13827e-06 0 0)
(-1.26036e-05 3.41792e-06 0)
(-1.09511e-05 -6.87129e-06 0)
(-1.16554e-05 1.72673e-06 0)
(-1.28007e-05 -3.47137e-06 0)
(-9.59579e-06 0 0)
(-9.64555e-06 1.75374e-06 0)
(-8.59381e-06 0 0)
(-7.75239e-06 8.85987e-06 0)
(-1.22455e-05 7.12466e-06 0)
(-1.43232e-05 1.7904e-06 0)
(-7.42371e-06 -5.39906e-06 0)
(-4.74868e-06 3.61804e-06 0)
(-9.31931e-06 3.6368e-06 0)
(-8.6822e-06 -1.82783e-06 0)
(-8.95689e-06 0 0)
(-8.77249e-06 1.84684e-06 0)
(-9.97825e-06 3.71284e-06 0)
(-1.21293e-05 0 0)
(-1.28956e-05 -2.81359e-06 0)
(-1.34338e-05 -3.7709e-06 0)
(-1.11345e-05 -4.73807e-06 0)
(-9.28716e-06 -9.52529e-07 0)
(-1.19684e-05 3.82988e-06 0)
(-1.2271e-05 -3.84974e-06 0)
(-9.67426e-06 0 0)
(-1.14262e-05 9.72443e-07 0)
(-1.49067e-05 3.90995e-06 0)
(-1.57209e-05 -3.93022e-06 0)
(-1.33333e-05 -3.95061e-06 0)
(-1.01759e-05 -2.97832e-06 0)
(-1.02287e-05 0 0)
(-1.27895e-05 -3.00929e-06 0)
(-1.05871e-05 -8.0664e-06 0)
(-4.81426e-06 -6.08117e-06 0)
(-4.07514e-06 0 0)
(-3.07221e-06 -4.09628e-06 0)
(-2.05876e-06 4.11752e-06 0)
(-3.36283e-06 -3.10416e-06 0)
(-1.82015e-06 1.04008e-06 0)
(-3.39781e-06 7.31835e-06 0)
(-8.14448e-06 4.2036e-06 0)
(-9.24307e-06 1.05635e-06 0)
(-8.76009e-06 -1.06183e-06 0)
(-4.26934e-06 -1.06734e-05 0)
(-1.07287e-06 0 0)
(-4.31374e-06 4.31374e-06 0)
(-7.31719e-06 0 0)
(-9.26203e-06 0 0)
(-7.39328e-06 -3.2859e-06 0)
(-2.20196e-06 1.10098e-06 0)
(-2.76673e-06 3.32007e-06 0)
(-6.11837e-06 1.11243e-06 0)
(-5.87055e-06 1.1182e-06 0)
(-5.901e-06 2.248e-06 0)
(-6.21406e-06 2.25966e-06 0)
(-5.96236e-06 -3.40706e-06 0)
(-5.99328e-06 0 0)
(-1.06144e-05 2.295e-06 0)
(-1.12461e-05 -5.76725e-06 0)
(-5.5073e-06 -9.27545e-06 0)
(-5.82722e-07 -8.15811e-06 0)
(-1.46436e-06 -3.51447e-06 0)
(-5.00465e-06 -2.35513e-06 0)
(-5.0306e-06 -7.10203e-06 0)
(-2.97452e-07 -5.94905e-06 0)
(3.58794e-06 -5.9799e-06 0)
(1.80327e-06 1.20218e-06 0)
(6.04209e-07 -1.20842e-06 0)
(2.1257e-06 -1.21468e-06 0)
(3.9682e-06 -3.66295e-06 0)
(1.53415e-06 2.45463e-06 0)
(2.77578e-06 -7.40209e-06 0)
(8.06051e-06 -3.72024e-06 0)
(5.6093e-06 0 0)
(1.87946e-06 -1.25297e-06 0)
(4.09329e-06 -3.77842e-06 0)
(7.59603e-06 -5.06402e-06 0)
(7.95357e-06 2.54514e-06 0)
(3.83751e-06 6.39585e-06 0)
(2.89306e-06 3.85741e-06 0)
(3.87742e-06 6.46236e-06 0)
(9.74382e-07 6.49588e-06 0)
(9.79435e-07 3.91774e-06 0)
(2.95354e-06 1.31269e-06 0)
(5.60785e-06 2.63899e-06 0)
(2.32109e-06 7.95802e-06 0)
(1.22425e-06 -3.26466e-06 0)
(8.11954e-07 3.24782e-06 0)
(8.07765e-07 -3.23106e-06 0)
(5.22338e-06 3.21439e-06 0)
(4.79671e-06 3.19781e-06 0)
(5.96495e-06 -4.77196e-06 0)
(7.12101e-06 1.58245e-06 0)
(6.6907e-06 0 0)
(5.09002e-06 1.56616e-06 0)
(3.8952e-06 3.11616e-06 0)
(3.8751e-06 3.10008e-06 0)
(2.69858e-06 0 0)
(3.06817e-06 0 0)
(-3.81543e-07 1.52617e-06 0)
(-4.17532e-06 6.07319e-06 0)
(-1.88808e-06 -1.51046e-06 0)
(-1.127e-06 3.00534e-06 0)
(-1.86865e-06 -1.49492e-06 0)
(-1.48721e-06 -1.48721e-06 0)
(-2.2193e-06 -4.4386e-06 0)
(-3.67975e-07 -4.4157e-06 0)
(1.09823e-06 -2.92861e-06 0)
(3.64188e-06 -5.827e-06 0)
(5.79694e-06 2.89847e-06 0)
(2.52308e-06 2.88351e-06 0)
(1.7929e-06 0 0)
(3.5673e-07 5.70767e-06 0)
(-3.194e-06 0 0)
(-1.05917e-06 -1.41223e-06 0)
(-3.8636e-06 4.21484e-06 0)
(-4.54252e-06 0 0)
(-3.47622e-06 8.34292e-06 0)
(-7.26239e-06 2.76662e-06 0)
(-7.91301e-06 1.37618e-06 0)
(-8.89899e-06 0 0)
(-9.87458e-06 -4.08603e-06 0)
(-1.01624e-05 -4.06495e-06 0)
(-4.71798e-06 -6.73997e-06 0)
(-1.34104e-06 -1.34104e-06 0)
(-4.33589e-06 -1.33412e-06 0)
(-4.31352e-06 2.65447e-06 0)
(-8.58253e-06 6.60194e-06 0)
(-1.11654e-05 2.62715e-06 0)
(-6.2073e-06 -2.6136e-06 0)
(-8.12536e-06 6.50028e-06 0)
(-1.32568e-05 -5.1734e-06 0)
(-8.3634e-06 -6.43338e-06 0)
(-4.48013e-06 -3.84011e-06 0)
(-3.8203e-06 -2.54687e-06 0)
(-4.11731e-06 -3.80059e-06 0)
(-2.52065e-06 -1.00826e-05 0)
(5.32876e-06 -3.76147e-06 0)
(8.41965e-06 2.49471e-06 0)
(-2.48184e-06 1.4891e-05 0)
(-1.4197e-05 1.23452e-06 0)
(-1.07463e-05 -9.82519e-06 0)
(-3.05453e-07 -1.46617e-05 0)
(4.86203e-06 -7.29305e-06 0)
(0 2.41847e-06 0)
(-5.11274e-06 -3.60899e-06 0)
(-2.39358e-06 -4.78717e-06 0)
(-1.19062e-06 0 0)
(-5.92237e-07 -2.36895e-06 0)
(1.17836e-06 -2.35673e-06 0)
(4.39606e-06 -2.34457e-06 0)
(3.4987e-06 0 0)
(8.70163e-07 -4.64087e-06 0)
(2.88558e-06 0 0)
(4.30604e-06 0 0)
(1.42794e-06 6.85411e-06 0)
(-3.40938e-06 2.27292e-06 0)
(-5.37033e-06 0 0)
(-1.96833e-06 -6.74857e-06 0)
(2.23792e-06 6.71375e-06 0)
(1.94807e-06 2.22637e-06 0)
(-1.10744e-06 -2.21488e-06 0)
(-8.26296e-07 -4.40691e-06 0)
(5.48022e-07 2.19209e-06 0)
(-2.45338e-06 0 0)
(-2.71191e-06 0 0)
(-4.31667e-06 0 0)
(-1.6104e-06 -8.58879e-06 0)
(4.27224e-06 -4.27224e-06 0)
(5.31275e-06 0 0)
(5.81387e-06 2.11413e-06 0)
(2.89194e-06 0 0)
(3.13856e-06 -6.27713e-06 0)
(7.54573e-06 -6.24474e-06 0)
(1.03542e-05 0 0)
(7.98311e-06 -2.06016e-06 0)
(4.09905e-06 2.04953e-06 0)
(3.05843e-06 -4.07791e-06 0)
(9.12795e-06 -1.21706e-05 0)
(1.31168e-05 -2.01797e-06 0)
(1.20453e-05 -4.01511e-06 0)
(9.73634e-06 1.9972e-06 0)
(1.09279e-05 -5.96068e-06 0)
(1.16128e-05 7.90657e-06 0)
(2.21225e-06 7.86578e-06 0)
(2.44537e-07 -1.17378e-05 0)
(9.24448e-06 -1.16772e-05 0)
(1.45212e-05 -1.1617e-05 0)
(1.58909e-05 -7.7047e-06 0)
(1.34137e-05 -1.91624e-06 0)
(1.00083e-05 1.90635e-06 0)
(7.82312e-06 1.89652e-06 0)
(5.18851e-06 3.77346e-06 0)
(8.21186e-06 -5.63099e-06 0)
(6.53559e-06 3.73462e-06 0)
(3.94756e-06 -3.71536e-06 0)
(4.38922e-06 -5.54428e-06 0)
(1.01121e-05 -1.10313e-05 0)
(1.34894e-05 0 0)
(1.22825e-05 0 0)
(1.56134e-05 -1.81025e-06 0)
(1.01301e-05 1.80091e-05 0)
(-1.56766e-06 8.95808e-06 0)
(-4.45593e-07 0 0)
(8.86588e-07 5.31953e-06 0)
(-5.07158e-06 3.52806e-06 0)
(-5.70351e-06 -1.75493e-06 0)
(-5.23762e-06 -1.74587e-06 0)
(-2.8224e-06 0 0)
(1.07994e-06 5.18371e-06 0)
(-3.00823e-06 8.59494e-06 0)
(-5.13036e-06 1.71012e-06 0)
(-1.7013e-06 1.7013e-06 0)
(-8.46259e-07 0 0)
(6.52467e-06 -1.17865e-05 0)
(9.00366e-06 1.6751e-06 0)
(2.70799e-06 6.66583e-06 0)
(-1.45063e-06 8.28929e-06 0)
(-4.74175e-06 6.59722e-06 0)
(-2.87139e-06 0 0)
(4.08083e-07 6.52932e-06 0)
(-3.06062e-06 6.52932e-06 0)
(-4.10199e-06 1.6408e-06 0)
(-7.42187e-06 8.24653e-06 0)
(-9.73992e-06 -1.65786e-06 0)
(-9.79043e-06 1.66646e-06 0)
(-1.13069e-05 -3.3502e-06 0)
(-3.36757e-06 -8.41893e-06 0)
(-5.07756e-06 1.69252e-06 0)
(-1.08458e-05 -1.7013e-06 0)
(-9.61942e-06 -5.13036e-06 0)
(-7.73545e-06 -3.43798e-06 0)
(-7.1276e-06 -1.7279e-06 0)
(-3.90795e-06 -8.68432e-06 0)
(-3.05528e-06 6.98349e-06 0)
(-7.45844e-06 3.50985e-06 0)
(-8.37913e-06 8.82014e-06 0)
(-1.44071e-05 1.41854e-05 0)
(-1.91605e-05 3.56474e-06 0)
(-1.36611e-05 -3.58323e-06 0)
(-7.87897e-06 -3.60181e-06 0)
(-1.01826e-05 3.62049e-06 0)
(-1.04629e-05 -7.27854e-06 0)
(-1.21176e-05 1.82907e-06 0)
(-9.88225e-06 -1.47085e-05 0)
(-3.23416e-06 -5.54428e-06 0)
(-2.78652e-06 0 0)
(1.6339e-06 -5.60194e-06 0)
(3.75399e-06 -1.877e-06 0)
(-4.0093e-06 1.50938e-05 0)
(-8.77138e-06 3.79303e-06 0)
(-1.09615e-05 5.71905e-06 0)
(-9.82072e-06 0 0)
(-3.85235e-06 -1.92618e-06 0)
(-3.38829e-06 -1.93616e-06 0)
(-6.08189e-06 -3.89241e-06 0)
(-4.40167e-06 -9.7815e-06 0)
(-9.83222e-07 0 0)
(-5.18869e-06 7.90657e-06 0)
(-5.2156e-06 -1.98689e-06 0)
(-5.4923e-06 5.9916e-06 0)
(-7.77928e-06 2.00756e-06 0)
(-7.31513e-06 2.01797e-06 0)
(-3.04265e-06 -8.11373e-06 0)
(-2.03895e-06 0 0)
(-1.79334e-06 0 0)
(-4.63535e-06 4.12031e-06 0)
(-9.57764e-06 -4.14168e-06 0)
(-8.58652e-06 -2.08158e-06 0)
(-8.63105e-06 -2.09238e-06 0)
(-1.34081e-05 6.30968e-06 0)
(-1.08349e-05 -6.3424e-06 0)
(-1.14224e-05 4.2502e-06 0)
(-1.30837e-05 -4.27224e-06 0)
(-9.12559e-06 2.1472e-06 0)
(-9.98229e-06 2.15833e-06 0)
(-7.86454e-06 -6.50858e-06 0)
(-7.08753e-06 1.09039e-05 0)
(-1.26045e-05 6.57627e-06 0)
(-1.54242e-05 4.40691e-06 0)
(-7.47524e-06 -6.64465e-06 0)
(-4.17445e-06 4.45274e-06 0)
(-9.51115e-06 2.23792e-06 0)
(-9.27928e-06 0 0)
(-8.47946e-06 0 0)
(-8.52344e-06 2.27292e-06 0)
(-9.99558e-06 0 0)
(-1.2631e-05 0 0)
(-1.29851e-05 -1.15423e-06 0)
(-1.39226e-05 -4.64087e-06 0)
(-1.10792e-05 -3.4987e-06 0)
(-8.49905e-06 -2.34457e-06 0)
(-1.20782e-05 5.89181e-06 0)
(-1.27331e-05 -5.92237e-06 0)
(-8.92963e-06 1.19062e-06 0)
(-1.07711e-05 3.59037e-06 0)
(-1.59397e-05 3.60899e-06 0)
(-1.6627e-05 -2.41847e-06 0)
(-1.30667e-05 -4.86203e-06 0)
(-9.46904e-06 -3.66544e-06 0)
(-1.04393e-05 -2.4563e-06 0)
(-1.32711e-05 -2.46904e-06 0)
(-1.11683e-05 -8.68644e-06 0)
(-3.74207e-06 -7.48414e-06 0)
(-4.38839e-06 3.76147e-06 0)
(-2.52065e-06 -3.78098e-06 0)
(-1.58358e-06 6.33432e-06 0)
(-4.13866e-06 -1.27343e-06 0)
(-6.40019e-07 2.56008e-06 0)
(-3.21669e-06 6.43338e-06 0)
(-8.73011e-06 5.1734e-06 0)
(-9.75043e-06 5.20023e-06 0)
(-9.80099e-06 -1.3068e-06 0)
(-4.26912e-06 -1.05086e-05 0)
(6.60194e-07 -1.32039e-06 0)
(-4.31352e-06 3.98171e-06 0)
(-8.00472e-06 2.66824e-06 0)
(-9.38727e-06 -1.34104e-06 0)
(-7.41396e-06 -2.69599e-06 0)
(-1.35498e-06 1.35498e-06 0)
(-2.72402e-06 5.44805e-06 0)
(-6.16084e-06 2.73815e-06 0)
(-6.19279e-06 -1.37618e-06 0)
(-5.87908e-06 2.76662e-06 0)
(-6.60481e-06 1.39049e-06 0)
(-5.94022e-06 -1.3977e-06 0)
(-5.61979e-06 2.80989e-06 0)
(-1.09448e-05 4.2367e-06 0)
(-1.2776e-05 -5.67823e-06 0)
(-6.0644e-06 -1.14153e-05 0)
(3.5858e-07 -5.73728e-06 0)
(-3.60439e-07 -2.88351e-06 0)
(-6.15925e-06 -1.44923e-06 0)
(-5.09863e-06 -1.01973e-05 0)
(0 -2.92861e-06 0)
(4.04772e-06 -4.4157e-06 0)
(2.2193e-06 1.47953e-06 0)
(3.71802e-07 1.48721e-06 0)
(2.24238e-06 0 0)
(4.50802e-06 -1.50267e-06 0)
(7.55232e-07 4.53139e-06 0)
(1.5183e-06 -1.06281e-05 0)
(9.53858e-06 -4.57852e-06 0)
(5.75283e-06 1.53409e-06 0)
(1.54204e-06 1.54204e-06 0)
(3.8751e-06 -1.55004e-06 0)
(8.17992e-06 -3.11616e-06 0)
(9.39696e-06 3.13232e-06 0)
(3.93571e-06 4.72285e-06 0)
(2.76928e-06 7.91223e-06 0)
(4.3743e-06 6.36261e-06 0)
(7.99451e-07 4.79671e-06 0)
(0 4.82158e-06 0)
(3.23106e-06 1.61553e-06 0)
(6.08966e-06 0 0)
(2.85658e-06 1.14263e-05 0)
(2.00892e-06 0 0)
(7.49457e-07 3.99711e-06 0)
(1.49118e-06 -1.98824e-06 0)
(5.19221e-06 5.93395e-06 0)
(3.93556e-06 1.96778e-06 0)
(6.11758e-06 -1.95763e-06 0)
(7.54666e-06 -3.89505e-06 0)
(6.53899e-06 1.93748e-06 0)
(5.54151e-06 3.85496e-06 0)
(3.83507e-06 3.83507e-06 0)
(3.57683e-06 1.90764e-06 0)
(2.37225e-06 0 0)
(3.30402e-06 -1.88801e-06 0)
(4.69567e-07 5.63481e-06 0)
(-4.90502e-06 5.60574e-06 0)
(-2.0913e-06 -3.71788e-06 0)
(-1.15584e-06 -1.84935e-06 0)
(-2.52973e-06 -5.51942e-06 0)
(-1.60152e-06 -1.83031e-06 0)
(-2.04848e-06 -3.64174e-06 0)
(-4.52869e-07 -1.81148e-06 0)
(9.01064e-07 -3.60426e-06 0)
(4.25797e-06 -8.96416e-06 0)
(6.68843e-06 5.35074e-06 0)
(1.77438e-06 1.77438e-06 0)
(2.20653e-06 -1.76522e-06 0)
(8.78058e-07 3.51223e-06 0)
(-3.93088e-06 3.49411e-06 0)
(-1.08628e-06 0 0)
(-3.67429e-06 3.45815e-06 0)
(-4.30039e-06 1.72015e-06 0)
(-3.20865e-06 1.02677e-05 0)
(-7.66103e-06 6.8098e-06 0)
(-8.46833e-06 0 0)
(-9.05649e-06 0 0)
(-1.02669e-05 -3.35247e-06 0)
(-1.04224e-05 -5.00276e-06 0)
(-4.35483e-06 -6.63593e-06 0)
(-8.25212e-07 -1.65042e-06 0)
(-4.31001e-06 -1.64191e-06 0)
(-3.87941e-06 0 0)
(-8.12505e-06 8.12505e-06 0)
(-1.21247e-05 3.23325e-06 0)
(-5.629e-06 -4.82486e-06 0)
(-8.19994e-06 6.39995e-06 0)
(-1.45246e-05 -1.59173e-06 0)
(-8.31348e-06 -3.16704e-06 0)
(-3.93838e-06 0 0)
(-3.91806e-06 -4.70167e-06 0)
(-4.8723e-06 -4.67741e-06 0)
(-2.13275e-06 -1.39598e-05 0)
(6.36524e-06 0 0)
(9.59455e-06 4.60538e-06 0)
(-2.86351e-06 1.37449e-05 0)
(-1.61429e-05 0 0)
(-1.15251e-05 -7.55745e-06 0)
(-1.87961e-07 -1.35332e-05 0)
(5.98373e-06 -5.98373e-06 0)
(1.86027e-07 4.46464e-06 0)
(-5.36695e-06 -1.48054e-06 0)
(-2.39346e-06 -5.89159e-06 0)
(-7.32649e-07 -2.9306e-06 0)
(-9.11087e-07 -2.91548e-06 0)
(9.06386e-07 -4.35065e-06 0)
(4.68889e-06 -4.32821e-06 0)
(3.58823e-06 0 0)
(7.13943e-07 -5.71155e-06 0)
(3.0186e-06 1.42052e-06 0)
(4.94617e-06 0 0)
(1.75737e-06 1.12472e-05 0)
(-4.02111e-06 5.59458e-06 0)
(-6.26143e-06 -5.56572e-06 0)
(-1.03819e-06 -8.3055e-06 0)
(2.75422e-06 5.50844e-06 0)
(1.19875e-06 2.74001e-06 0)
(-1.19257e-06 0 0)
(-1.01693e-06 -5.42361e-06 0)
(1.18029e-06 0 0)
(-2.6839e-06 -2.6839e-06 0)
(-2.67005e-06 2.67005e-06 0)
(-4.98051e-06 0 0)
(-1.98193e-06 -7.92771e-06 0)
(4.60064e-06 -7.8868e-06 0)
(6.21151e-06 -2.61537e-06 0)
(5.52899e-06 2.60188e-06 0)
(2.42668e-06 0 0)
(2.5751e-06 -7.7253e-06 0)
(8.00566e-06 -7.68544e-06 0)
(1.0513e-05 -2.5486e-06 0)
(8.7156e-06 2.53545e-06 0)
(3.78355e-06 0 0)
(2.03885e-06 -2.50935e-06 0)
(9.20549e-06 -9.98562e-06 0)
(1.38146e-05 -4.96705e-06 0)
(1.23536e-05 0 0)
(9.37099e-06 -2.45796e-06 0)
(1.11566e-05 -4.89056e-06 0)
(1.24674e-05 4.86533e-06 0)
(1.0588e-06 7.26034e-06 0)
(-6.01907e-07 -9.63051e-06 0)
(9.28143e-06 -1.43712e-05 0)
(1.45949e-05 -1.19142e-05 0)
(1.64457e-05 -7.11166e-06 0)
(1.41499e-05 -2.35832e-06 0)
(1.02644e-05 2.34616e-06 0)
(7.73155e-06 4.6681e-06 0)
(4.64402e-06 0 0)
(8.0851e-06 -4.62006e-06 0)
(6.60707e-06 2.29811e-06 0)
(3.28649e-06 -1.14313e-05 0)
(4.54892e-06 -6.82338e-06 0)
(1.03237e-05 -9.0509e-06 0)
(1.39284e-05 2.25105e-06 0)
(1.21769e-05 2.23944e-06 0)
(1.67091e-05 -2.22788e-06 0)
(1.06664e-05 1.99475e-05 0)
(-2.34276e-06 1.32297e-05 0)
(-9.59689e-07 -2.19358e-06 0)
(1.09113e-06 6.54677e-06 0)
(-5.56318e-06 4.342e-06 0)
(-5.93944e-06 -4.3196e-06 0)
(-4.96876e-06 -2.14865e-06 0)
(-2.67196e-06 2.13757e-06 0)
(1.59491e-06 4.25308e-06 0)
(-3.17335e-06 8.46227e-06 0)
(-5.39318e-06 -2.10465e-06 0)
(-1.96293e-06 0 0)
(-1.17168e-06 -2.08299e-06 0)
(6.47577e-06 -1.03612e-05 0)
(9.92123e-06 -2.06155e-06 0)
(3.07638e-06 8.20367e-06 0)
(-1.27521e-06 8.16134e-06 0)
(-5.32825e-06 6.08943e-06 0)
(-2.9028e-06 -2.01934e-06 0)
(6.27787e-07 6.02675e-06 0)
(-3.51561e-06 4.01784e-06 0)
(-3.78626e-06 -2.01934e-06 0)
(-7.61178e-06 8.11924e-06 0)
(-9.81912e-06 -2.04034e-06 0)
(-9.87004e-06 4.10184e-06 0)
(-1.18539e-05 0 0)
(-3.3674e-06 -1.03612e-05 0)
(-4.68673e-06 2.08299e-06 0)
(-1.11233e-05 -4.18759e-06 0)
(-9.73402e-06 -4.20931e-06 0)
(-7.40449e-06 -6.34671e-06 0)
(-7.5758e-06 -2.12654e-06 0)
(-3.47355e-06 -1.28254e-05 0)
(-2.28295e-06 8.59462e-06 0)
(-7.69428e-06 2.1598e-06 0)
(-7.5985e-06 8.684e-06 0)
(-1.47302e-05 1.52758e-05 0)
(-2.02906e-05 2.19358e-06 0)
(-1.39188e-05 -6.61486e-06 0)
(-7.34178e-06 -4.43277e-06 0)
(-1.0304e-05 4.45576e-06 0)
(-1.07773e-05 -1.11972e-05 0)
(-1.23808e-05 2.25105e-06 0)
(-1.06065e-05 -2.03645e-05 0)
(-2.41661e-06 -1.13723e-05 0)
(-2.57204e-06 0 0)
(1.72358e-06 -4.59622e-06 0)
(4.76444e-06 2.31003e-06 0)
(-3.77327e-06 1.62541e-05 0)
(-9.04445e-06 7.00216e-06 0)
(-1.12909e-05 7.03847e-06 0)
(-1.04651e-05 -2.35832e-06 0)
(-3.70399e-06 -2.37055e-06 0)
(-3.87213e-06 0 0)
(-6.43712e-06 -9.58083e-06 0)
(-3.76192e-06 -7.22289e-06 0)
(-1.51257e-07 0 0)
(-5.62554e-06 2.43267e-06 0)
(-5.04339e-06 0 0)
(-5.22317e-06 9.83185e-06 0)
(-8.02981e-06 2.47071e-06 0)
(-7.76101e-06 2.48352e-06 0)
(-3.12051e-06 -7.48921e-06 0)
(-1.56834e-06 0 0)
(-1.57648e-06 0 0)
(-5.07089e-06 2.53545e-06 0)
(-1.00351e-05 -2.5486e-06 0)
(-8.486e-06 -2.56181e-06 0)
(-8.20813e-06 -2.5751e-06 0)
(-1.3104e-05 2.58845e-06 0)
(-1.1058e-05 0 0)
(-1.17692e-05 5.23074e-06 0)
(-1.31447e-05 -5.25787e-06 0)
(-8.58835e-06 2.64257e-06 0)
(-1.04591e-05 2.65627e-06 0)
(-7.34264e-06 -2.67005e-06 0)
(-6.37425e-06 8.05169e-06 0)
(-1.28146e-05 8.09345e-06 0)
(-1.64403e-05 5.42361e-06 0)
(-7.49614e-06 -8.17761e-06 0)
(-3.59626e-06 0 0)
(-9.8119e-06 2.75422e-06 0)
(-9.34369e-06 0 0)
(-8.52251e-06 -2.78286e-06 0)
(-8.21704e-06 0 0)
(-1.03685e-05 0 0)
(-1.28954e-05 0 0)
(-1.33174e-05 -4.26156e-06 0)
(-1.39219e-05 -8.56732e-06 0)
(-1.05853e-05 -5.74117e-06 0)
(-7.7547e-06 -1.44274e-06 0)
(-1.25081e-05 2.90044e-06 0)
(-1.2573e-05 -4.37322e-06 0)
(-8.42547e-06 0 0)
(-1.10467e-05 2.9458e-06 0)
(-1.62859e-05 4.44161e-06 0)
(-1.71145e-05 -4.46464e-06 0)
(-1.30894e-05 -5.98373e-06 0)
(-9.39807e-06 -6.01476e-06 0)
(-1.05804e-05 3.02298e-06 0)
(-1.38639e-05 -6.07731e-06 0)
(-1.12632e-05 -9.16325e-06 0)
(-2.68647e-06 -6.14051e-06 0)
(-3.85772e-06 6.17236e-06 0)
(-2.32664e-06 -4.65328e-06 0)
(-1.75403e-06 6.23655e-06 0)
(-4.50576e-06 -1.56722e-06 0)
(-1.96919e-07 3.1507e-06 0)
(-2.9691e-06 4.75056e-06 0)
(-8.3566e-06 3.18346e-06 0)
(-1.05999e-05 6.39995e-06 0)
(-1.1258e-05 -4.82486e-06 0)
(-4.24364e-06 -1.2933e-05 0)
(1.62501e-06 -4.87503e-06 0)
(-3.47105e-06 4.90031e-06 0)
(-8.41478e-06 0 0)
(-1.03151e-05 0 0)
(-6.63593e-06 -3.31797e-06 0)
(-8.33793e-07 1.66759e-06 0)
(-2.93341e-06 5.02871e-06 0)
(-6.5291e-06 3.36986e-06 0)
(-6.35125e-06 -3.38733e-06 0)
(-5.32016e-06 1.70245e-06 0)
(-7.05903e-06 0 0)
(-6.02054e-06 0 0)
(-5.40336e-06 1.72908e-06 0)
(-1.12973e-05 3.47609e-06 0)
(-1.37581e-05 -5.24117e-06 0)
(-5.92689e-06 -8.78058e-06 0)
(8.82612e-07 -8.82612e-06 0)
(-2.21797e-07 -3.54876e-06 0)
(-6.68843e-06 0 0)
(-5.15439e-06 -1.25498e-05 0)
(6.75798e-07 -1.80213e-06 0)
(4.30225e-06 -3.62295e-06 0)
(2.7313e-06 3.64174e-06 0)
(0 0 0)
(1.83981e-06 -3.67961e-06 0)
(4.62337e-06 -3.69869e-06 0)
(4.64734e-07 1.85894e-06 0)
(9.34289e-07 -9.34289e-06 0)
(1.03305e-05 -3.75654e-06 0)
(6.60804e-06 1.88801e-06 0)
(1.18613e-06 0 0)
(3.09992e-06 -1.90764e-06 0)
(8.62892e-06 -3.83507e-06 0)
(9.63741e-06 0 0)
(4.60151e-06 1.93748e-06 0)
(3.40817e-06 3.89505e-06 0)
(3.91525e-06 7.8305e-06 0)
(2.45972e-07 5.90334e-06 0)
(0 5.93395e-06 0)
(2.73383e-06 3.97648e-06 0)
(7.24476e-06 0 0)
(4.26895e-06 1.20535e-05 0)
(1.85429e-06 -2.47239e-06 0)
(6.14908e-07 7.37889e-06 0)
(1.22347e-06 0 0)
(5.7815e-06 4.86863e-06 0)
(3.32991e-06 7.26527e-06 0)
(5.11968e-06 0 0)
(8.08931e-06 -2.39683e-06 0)
(7.1534e-06 -2.38447e-06 0)
(5.63389e-06 0 0)
(3.83488e-06 2.35992e-06 0)
(3.22815e-06 0 0)
(1.75173e-06 -2.33564e-06 0)
(3.77583e-06 -4.64717e-06 0)
(1.1558e-06 0 0)
(-5.17426e-06 6.89901e-06 0)
(-2.85976e-06 -2.28781e-06 0)
(-1.4225e-06 -2.276e-06 0)
(-2.54729e-06 -6.79278e-06 0)
(-1.12629e-06 -4.50515e-06 0)
(-1.96084e-06 -2.24095e-06 0)
(-2.78674e-07 0 0)
(0 -2.21789e-06 0)
(4.6887e-06 -8.82579e-06 0)
(7.40834e-06 2.19506e-06 0)
(1.91077e-06 4.36748e-06 0)
(1.62935e-06 -4.34494e-06 0)
(1.35079e-06 2.16126e-06 0)
(-4.30022e-06 -4.30022e-06 0)
(-8.02132e-07 0 0)
(-3.19197e-06 6.38395e-06 0)
(-3.96938e-06 0 0)
(-2.89586e-06 1.26365e-05 0)
(-8.38086e-06 4.19043e-06 0)
(-8.85872e-06 2.08441e-06 0)
(-9.33143e-06 0 0)
(-1.03148e-05 -2.06295e-06 0)
(-1.07746e-05 0 0)
(-4.59387e-06 0 0)
(-5.07797e-07 -2.03119e-06 0)
(-3.78882e-06 2.02071e-06 0)
(-3.26671e-06 -2.01028e-06 0)
(-8.24962e-06 7.99964e-06 0)
(-1.29323e-05 0 0)
(-5.69056e-06 -3.95865e-06 0)
(-7.87645e-06 7.87645e-06 0)
(-1.4937e-05 -5.87686e-06 0)
(-8.03899e-06 -3.89769e-06 0)
(-4.11993e-06 0 0)
(-4.33978e-06 -7.71516e-06 0)
(-5.2768e-06 -1.91884e-06 0)
(-2.14756e-06 -1.33626e-05 0)
(7.59636e-06 -1.89909e-06 0)
(1.03911e-05 7.55716e-06 0)
(-3.05426e-06 1.50363e-05 0)
(-1.72961e-05 -1.86985e-06 0)
(-1.20913e-05 -1.11612e-05 0)
(-2.31325e-07 -1.8506e-05 0)
(6.90395e-06 -7.36421e-06 0)
(6.86833e-07 1.83155e-06 0)
(-6.37737e-06 -3.64421e-06 0)
(-2.26588e-06 -7.25082e-06 0)
(-6.76257e-07 -1.80335e-06 0)
(-8.97024e-07 -3.58809e-06 0)
(1.11549e-06 -3.56958e-06 0)
(4.6609e-06 -3.55117e-06 0)
(3.31204e-06 -1.76642e-06 0)
(1.09832e-06 -8.78654e-06 0)
(3.27795e-06 5.24472e-06 0)
(5.43507e-06 -3.47844e-06 0)
(1.73025e-06 1.03815e-05 0)
(-4.73363e-06 0 0)
(-6.84976e-06 0 0)
(-8.51803e-07 -1.02216e-05 0)
(3.38963e-06 0 0)
(8.43036e-07 0 0)
(-1.4677e-06 -6.70949e-06 0)
(-2.0859e-07 0 0)
(8.30054e-07 6.64043e-06 0)
(-2.68376e-06 0 0)
(-2.66991e-06 -3.28605e-06 0)
(-5.31227e-06 0 0)
(-2.64243e-06 -9.75667e-06 0)
(5.2576e-06 -6.47089e-06 0)
(6.63868e-06 3.21875e-06 0)
(5.60375e-06 3.20215e-06 0)
(1.99102e-06 3.18562e-06 0)
(2.17882e-06 -6.33838e-06 0)
(8.2762e-06 -6.30567e-06 0)
(1.0978e-05 -3.13657e-06 0)
(8.58107e-06 -3.12039e-06 0)
(3.88036e-06 0 0)
(1.35112e-06 0 0)
(9.21702e-06 -9.21702e-06 0)
(1.39452e-05 -6.11297e-06 0)
(1.2543e-05 3.04072e-06 0)
(9.26415e-06 -6.05006e-06 0)
(1.16615e-05 -6.01884e-06 0)
(1.30983e-05 8.98169e-06 0)
(3.72306e-07 1.19138e-05 0)
(-1.85193e-06 -1.18523e-05 0)
(9.39609e-06 -1.76868e-05 0)
(1.48462e-05 -5.86517e-06 0)
(1.6593e-05 -1.16698e-05 0)
(1.4512e-05 -2.9024e-06 0)
(1.08279e-05 2.88743e-06 0)
(7.54039e-06 0 0)
(4.28657e-06 0 0)
(8.17353e-06 -5.68593e-06 0)
(6.36367e-06 2.8283e-06 0)
(2.98956e-06 -8.44112e-06 0)
(4.37373e-06 -8.39757e-06 0)
(1.09649e-05 -1.1139e-05 0)
(1.43713e-05 0 0)
(1.20579e-05 2.75609e-06 0)
(1.74794e-05 0 0)
(1.12518e-05 1.9094e-05 0)
(-3.39206e-06 1.08546e-05 0)
(-1.1811e-06 -2.69965e-06 0)
(1.51072e-06 5.37143e-06 0)
(-6.01169e-06 5.34372e-06 0)
(-6.47906e-06 -2.65808e-06 0)
(-4.46236e-06 -2.64436e-06 0)
(-2.13746e-06 5.26144e-06 0)
(1.63572e-06 5.23429e-06 0)
(-3.58001e-06 5.20728e-06 0)
(-5.50419e-06 2.59021e-06 0)
(-2.09369e-06 0 0)
(-1.76244e-06 0 0)
(6.53521e-06 -1.27516e-05 0)
(1.06244e-05 2.53717e-06 0)
(3.4706e-06 7.57223e-06 0)
(-1.56941e-06 7.53316e-06 0)
(-5.62072e-06 7.49429e-06 0)
(-2.95119e-06 -4.97042e-06 0)
(9.27145e-07 2.47239e-06 0)
(-3.70858e-06 2.47239e-06 0)
(-3.57249e-06 0 0)
(-7.65042e-06 7.49429e-06 0)
(-1.00442e-05 -2.51105e-06 0)
(-9.78079e-06 5.04815e-06 0)
(-1.22101e-05 -2.53717e-06 0)
(-3.18791e-06 -1.02013e-05 0)
(-4.64644e-06 5.1271e-06 0)
(-1.12737e-05 -5.15369e-06 0)
(-9.71328e-06 -2.59021e-06 0)
(-7.81093e-06 -2.60364e-06 0)
(-7.68786e-06 -5.23429e-06 0)
(-2.95956e-06 -7.89215e-06 0)
(-1.818e-06 5.28872e-06 0)
(-7.47584e-06 5.31615e-06 0)
(-7.18063e-06 8.01558e-06 0)
(-1.49393e-05 1.34286e-05 0)
(-2.1091e-05 5.39929e-06 0)
(-1.42466e-05 -8.14094e-06 0)
(-6.8193e-06 -2.72772e-06 0)
(-1.07961e-05 2.74187e-06 0)
(-1.08521e-05 -1.10243e-05 0)
(-1.26399e-05 0 0)
(-1.1139e-05 -1.67085e-05 0)
(-1.57454e-06 -8.39757e-06 0)
(-2.28614e-06 0 0)
(1.76769e-06 -5.6566e-06 0)
(5.68593e-06 -2.84297e-06 0)
(-3.57214e-06 1.71463e-05 0)
(-9.51526e-06 5.74506e-06 0)
(-1.17302e-05 5.77486e-06 0)
(-1.07026e-05 -2.9024e-06 0)
(-3.82916e-06 0 0)
(-4.21559e-06 -5.86517e-06 0)
(-6.63254e-06 -1.17912e-05 0)
(-3.33347e-06 -8.88925e-06 0)
(1.86153e-07 0 0)
(-5.23932e-06 5.98779e-06 0)
(-5.0784e-06 3.00942e-06 0)
(-4.91567e-06 9.07509e-06 0)
(-8.36197e-06 0 0)
(-8.40534e-06 3.05649e-06 0)
(-3.45638e-06 -9.21702e-06 0)
(-9.65085e-07 -3.08827e-06 0)
(-1.35813e-06 -3.10429e-06 0)
(-4.87561e-06 9.36116e-06 0)
(-1.0782e-05 0 0)
(-8.2762e-06 -6.30567e-06 0)
(-7.7249e-06 3.16919e-06 0)
(-1.31407e-05 6.37125e-06 0)
(-1.08072e-05 0 0)
(-1.20703e-05 6.4375e-06 0)
(-1.35484e-05 -3.23545e-06 0)
(-8.13056e-06 0 0)
(-1.08289e-05 -3.26909e-06 0)
(-7.18822e-06 -6.57209e-06 0)
(-5.7804e-06 3.30309e-06 0)
(-1.24508e-05 6.64043e-06 0)
(-1.75215e-05 1.00123e-05 0)
(-7.75785e-06 -1.00642e-05 0)
(-2.73987e-06 0 0)
(-1.01689e-05 3.38963e-06 0)
(-9.58278e-06 0 0)
(-8.34815e-06 -3.42488e-06 0)
(-8.39144e-06 0 0)
(-1.01652e-05 0 0)
(-1.32616e-05 0 0)
(-1.37674e-05 -5.24472e-06 0)
(-1.40585e-05 -7.02923e-06 0)
(-1.01569e-05 -8.83211e-06 0)
(-7.32428e-06 0 0)
(-1.24935e-05 3.56958e-06 0)
(-1.32311e-05 -5.38214e-06 0)
(-8.11508e-06 -3.6067e-06 0)
(-1.06496e-05 0 0)
(-1.63989e-05 1.8221e-06 0)
(-1.76287e-05 -7.32622e-06 0)
(-1.33476e-05 -5.52316e-06 0)
(-8.79036e-06 -7.4024e-06 0)
(-1.04636e-05 0 0)
(-1.4725e-05 -5.60954e-06 0)
(-1.10423e-05 -7.51817e-06 0)
(-1.88929e-06 -7.55716e-06 0)
(-3.56079e-06 5.69727e-06 0)
(-2.62479e-06 -3.81788e-06 0)
(-1.43913e-06 7.67535e-06 0)
(-4.33978e-06 1.92879e-06 0)
(0 7.75517e-06 0)
(-3.16688e-06 3.89769e-06 0)
(-8.32555e-06 5.87686e-06 0)
(-1.08301e-05 3.93823e-06 0)
(-1.23708e-05 0 0)
(-4.22788e-06 -9.94795e-06 0)
(2.74987e-06 -1.99991e-06 0)
(-3.51799e-06 6.03084e-06 0)
(-8.84059e-06 0 0)
(-1.04098e-05 2.03119e-06 0)
(-6.63559e-06 -6.12516e-06 0)
(0 2.05231e-06 0)
(-2.83656e-06 1.23777e-05 0)
(-7.51699e-06 -4.1473e-06 0)
(-5.99267e-06 -4.16881e-06 0)
(-5.23804e-06 2.09522e-06 0)
(-7.10802e-06 -2.10608e-06 0)
(-5.82176e-06 0 0)
(-5.05396e-06 0 0)
(-1.2032e-05 4.27804e-06 0)
(-1.4782e-05 -4.30022e-06 0)
(-5.94347e-06 -8.64505e-06 0)
(1.08624e-06 -1.08624e-05 0)
(2.72967e-07 0 0)
(-7.13396e-06 2.19506e-06 0)
(-5.24031e-06 -6.61934e-06 0)
(1.10895e-06 -6.65367e-06 0)
(5.01613e-06 0 0)
(2.80119e-06 6.72286e-06 0)
(-2.81572e-07 2.25258e-06 0)
(1.69819e-06 -2.26426e-06 0)
(5.121e-06 0 0)
(-2.85976e-07 2.28781e-06 0)
(5.74918e-07 -1.14984e-05 0)
(1.1269e-05 0 0)
(6.38986e-06 0 0)
(8.75863e-07 2.33564e-06 0)
(2.93469e-06 -7.04324e-06 0)
(8.84971e-06 -4.71985e-06 0)
(1.03782e-05 0 0)
(4.47087e-06 0 0)
(3.59525e-06 0 0)
(4.51737e-06 4.81852e-06 0)
(3.0272e-07 4.84351e-06 0)
(0 4.86863e-06 0)
(1.83521e-06 4.89388e-06 0)
(7.9938e-06 0 0)
(4.94477e-06 1.23619e-05 0)
(3.04278e-06 -9.12834e-06 0)
(3.78385e-07 1.21083e-05 0)
(1.1293e-06 3.01146e-06 0)
(6.36634e-06 2.99593e-06 0)
(2.98047e-06 5.96094e-06 0)
(5.18891e-06 2.96509e-06 0)
(7.37448e-06 -2.94979e-06 0)
(7.70326e-06 -2.93457e-06 0)
(5.83887e-06 0 0)
(3.63046e-06 5.80874e-06 0)
(2.88939e-06 0 0)
(1.79655e-06 0 0)
(3.57456e-06 -5.7193e-06 0)
(1.77806e-06 -2.84489e-06 0)
(-5.30666e-06 5.66043e-06 0)
(-3.51952e-06 -2.81561e-06 0)
(-1.75068e-06 -5.60218e-06 0)
(-2.43831e-06 -5.57327e-06 0)
(-6.93065e-07 2.77226e-06 0)
(-2.06847e-06 2.75796e-06 0)
(0 0 0)
(-3.41196e-07 -2.72957e-06 0)
(4.41267e-06 -1.08619e-05 0)
(8.44212e-06 2.70148e-06 0)
(1.34377e-06 2.68754e-06 0)
(2.00525e-06 -2.67367e-06 0)
(9.97454e-07 0 0)
(-3.96923e-06 0 0)
(-6.58126e-07 0 0)
(-3.27365e-06 0 0)
(-3.58244e-06 0 0)
(-2.59197e-06 7.7759e-06 0)
(-9.02508e-06 0 0)
(-8.97851e-06 2.56529e-06 0)
(-9.5702e-06 -2.55205e-06 0)
(-1.04729e-05 -7.61666e-06 0)
(-1.01032e-05 0 0)
(-4.71142e-06 0 0)
(-9.37422e-07 -2.49979e-06 0)
(-3.73034e-06 0 0)
(-3.09258e-06 -2.47406e-06 0)
(-7.99922e-06 4.9226e-06 0)
(-1.31612e-05 2.4486e-06 0)
(-5.48093e-06 0 0)
(-8.17897e-06 7.2702e-06 0)
(-1.50681e-05 -4.82179e-06 0)
(-7.79499e-06 0 0)
(-4.77216e-06 4.77216e-06 0)
(-4.1541e-06 -4.74754e-06 0)
(-5.31343e-06 0 0)
(-2.05567e-06 -4.69868e-06 0)
(8.18027e-06 0 0)
(1.16258e-05 4.65032e-06 0)
(-3.75889e-06 2.31316e-05 0)
(-1.86975e-05 -4.60246e-06 0)
(-1.31638e-05 -1.14468e-05 0)
(-2.84693e-07 -1.82204e-05 0)
(8.21351e-06 -6.79738e-06 0)
(8.45289e-07 0 0)
(-6.44711e-06 -2.24247e-06 0)
(-2.50977e-06 -6.69271e-06 0)
(-2.77424e-07 -2.21939e-06 0)
(-1.37997e-06 -6.62383e-06 0)
(1.37285e-06 -4.3931e-06 0)
(4.91674e-06 -2.18522e-06 0)
(2.98917e-06 -4.34789e-06 0)
(1.62205e-06 -4.32546e-06 0)
(3.22736e-06 2.15157e-06 0)
(5.61873e-06 0 0)
(2.12943e-06 1.27766e-05 0)
(-5.5609e-06 0 0)
(-7.11285e-06 0 0)
(-5.24159e-07 -8.38655e-06 0)
(3.65018e-06 4.17164e-06 0)
(7.78147e-07 4.15012e-06 0)
(-1.80631e-06 -4.1287e-06 0)
(2.56713e-07 4.1074e-06 0)
(1.02155e-06 8.17242e-06 0)
(-3.04885e-06 0 0)
(-2.78036e-06 0 0)
(-6.03493e-06 0 0)
(-2.25142e-06 -1.60101e-05 0)
(5.47509e-06 -7.96376e-06 0)
(7.17992e-06 0 0)
(5.91135e-06 1.18227e-05 0)
(1.47021e-06 0 0)
(1.7064e-06 0 0)
(8.00294e-06 -7.76043e-06 0)
(1.10981e-05 -7.72039e-06 0)
(9.12066e-06 0 0)
(3.82047e-06 3.82047e-06 0)
(1.18774e-06 -3.80075e-06 0)
(8.7439e-06 -7.56229e-06 0)
(1.48114e-05 0 0)
(1.23961e-05 3.74223e-06 0)
(8.84194e-06 0 0)
(1.20371e-05 -7.40743e-06 0)
(1.38173e-05 7.36921e-06 0)
(-2.291e-07 7.33119e-06 0)
(-2.73501e-06 -3.64668e-06 0)
(9.29641e-06 -1.45115e-05 0)
(1.51133e-05 -7.2183e-06 0)
(1.7055e-05 -7.18106e-06 0)
(1.49578e-05 3.572e-06 0)
(1.04386e-05 7.10715e-06 0)
(7.51238e-06 3.53524e-06 0)
(4.39625e-06 -3.517e-06 0)
(8.0911e-06 -3.49885e-06 0)
(6.30895e-06 3.4808e-06 0)
(2.59713e-06 -3.46284e-06 0)
(4.52153e-06 -6.88996e-06 0)
(1.09242e-05 -3.4272e-06 0)
(1.49167e-05 3.40952e-06 0)
(1.20838e-05 -3.39193e-06 0)
(1.79267e-05 0 0)
(1.15398e-05 1.67851e-05 0)
(-4.17463e-06 6.6794e-06 0)
(-1.24593e-06 -3.32247e-06 0)
(1.65266e-06 3.30533e-06 0)
(-6.37103e-06 0 0)
(-6.33816e-06 -1.30852e-05 0)
(-4.27144e-06 -3.25443e-06 0)
(-2.22588e-06 0 0)
(1.61047e-06 3.22094e-06 0)
(-3.40459e-06 0 0)
(-5.77786e-06 -3.18779e-06 0)
(-1.98209e-06 0 0)
(-2.16905e-06 0 0)
(6.66973e-06 -1.25548e-05 0)
(1.13191e-05 6.24501e-06 0)
(3.49469e-06 6.21279e-06 0)
(-1.35204e-06 0 0)
(-6.14885e-06 9.22327e-06 0)
(-3.24972e-06 -6.11712e-06 0)
(1.33122e-06 0 0)
(-3.80348e-06 6.08556e-06 0)
(-3.44088e-06 0 0)
(-7.68606e-06 3.07442e-06 0)
(-1.00437e-05 -3.09037e-06 0)
(-9.90163e-06 6.21279e-06 0)
(-1.26852e-05 0 0)
(-3.1387e-06 -6.2774e-06 0)
(-4.33809e-06 3.15498e-06 0)
(-1.16943e-05 0 0)
(-9.56336e-06 -3.18779e-06 0)
(-7.81052e-06 -3.20432e-06 0)
(-7.85103e-06 -6.44187e-06 0)
(-2.22588e-06 0 0)
(-1.62722e-06 6.50886e-06 0)
(-7.5649e-06 6.54262e-06 0)
(-6.98758e-06 6.57655e-06 0)
(-1.4874e-05 9.91598e-06 0)
(-2.18037e-05 9.96741e-06 0)
(-1.46112e-05 -3.3397e-06 0)
(-6.29441e-06 0 0)
(-1.11778e-05 3.37443e-06 0)
(-1.10238e-05 -3.39193e-06 0)
(-1.27857e-05 -3.40952e-06 0)
(-1.13526e-05 -1.37088e-05 0)
(-8.61244e-07 0 0)
(-2.16428e-06 0 0)
(1.52285e-06 0 0)
(6.34167e-06 -6.99771e-06 0)
(-3.07738e-06 1.7585e-05 0)
(-1.01638e-05 3.53524e-06 0)
(-1.19933e-05 3.55357e-06 0)
(-1.09393e-05 -7.14401e-06 0)
(-4.03934e-06 0 0)
(-4.51144e-06 -7.2183e-06 0)
(-6.57551e-06 0 0)
(-2.96293e-06 -7.29336e-06 0)
(9.16398e-07 3.66559e-06 0)
(-5.29662e-06 3.6846e-06 0)
(-4.62964e-06 3.70371e-06 0)
(-5.3517e-06 1.11688e-05 0)
(-8.88779e-06 -3.74223e-06 0)
(-8.46368e-06 3.76164e-06 0)
(-3.78114e-06 -1.13434e-05 0)
(-7.12641e-07 -3.80075e-06 0)
(-1.1939e-06 -3.82047e-06 0)
(-4.56033e-06 7.68056e-06 0)
(-1.13393e-05 0 0)
(-8.00294e-06 -7.76043e-06 0)
(-7.31313e-06 -3.90034e-06 0)
(-1.34769e-05 3.92057e-06 0)
(-1.08375e-05 0 0)
(-1.21316e-05 7.92267e-06 0)
(-1.36877e-05 -3.98188e-06 0)
(-8.25522e-06 0 0)
(-1.08126e-05 0 0)
(-7.07727e-06 0 0)
(-5.33548e-06 4.06513e-06 0)
(-1.22586e-05 4.08621e-06 0)
(-1.79699e-05 1.23222e-05 0)
(-8.25741e-06 -8.25741e-06 0)
(-2.33444e-06 4.15012e-06 0)
(-9.90764e-06 4.17164e-06 0)
(-9.95902e-06 -4.19327e-06 0)
(-8.43004e-06 0 0)
(-7.94415e-06 0 0)
(-1.0381e-05 4.25885e-06 0)
(-1.31104e-05 -4.28094e-06 0)
(-1.42542e-05 0 0)
(-1.40577e-05 -6.48819e-06 0)
(-1.00545e-05 -8.69578e-06 0)
(-7.10196e-06 -2.18522e-06 0)
(-1.26302e-05 2.19655e-06 0)
(-1.32477e-05 -2.20794e-06 0)
(-8.04531e-06 2.21939e-06 0)
(-1.03179e-05 4.46181e-06 0)
(-1.70989e-05 0 0)
(-1.77511e-05 -9.01642e-06 0)
(-1.33115e-05 -9.06318e-06 0)
(-8.82549e-06 -4.55509e-06 0)
(-1.00159e-05 0 0)
(-1.46703e-05 -2.30123e-06 0)
(-1.1855e-05 -6.93949e-06 0)
(-1.16258e-06 -2.32516e-06 0)
(-3.79798e-06 4.67444e-06 0)
(-2.05567e-06 -9.39736e-06 0)
(-8.85572e-07 4.72305e-06 0)
(-4.74754e-06 -2.37377e-06 0)
(2.9826e-07 7.15825e-06 0)
(-3.29788e-06 2.39846e-06 0)
(-8.13677e-06 7.23269e-06 0)
(-1.12082e-05 4.8468e-06 0)
(-1.30933e-05 4.87193e-06 0)
(-4.28505e-06 -9.7944e-06 0)
(3.38429e-06 0 0)
(-3.7111e-06 2.47406e-06 0)
(-8.39327e-06 2.48689e-06 0)
(-1.06241e-05 0 0)
(-6.91008e-06 0 0)
(1.26289e-06 0 0)
(-3.17361e-06 1.52333e-05 0)
(-8.61318e-06 0 0)
(-5.7719e-06 -2.56529e-06 0)
(-5.15719e-06 2.57859e-06 0)
(-7.4519e-06 0 0)
(-5.53649e-06 2.60541e-06 0)
(-4.58311e-06 -2.61892e-06 0)
(-1.25044e-05 7.89751e-06 0)
(-1.52154e-05 -5.29231e-06 0)
(-6.31721e-06 -7.97964e-06 0)
(1.67105e-06 -5.34735e-06 0)
(1.00783e-06 -2.68754e-06 0)
(-7.42906e-06 5.40295e-06 0)
(-6.10985e-06 -5.43097e-06 0)
(1.36479e-06 -8.18871e-06 0)
(5.48745e-06 0 0)
(3.1027e-06 2.75796e-06 0)
(-6.93065e-07 0 0)
(1.39332e-06 -5.57327e-06 0)
(5.60218e-06 -2.80109e-06 0)
(-1.05586e-06 -2.81561e-06 0)
(7.07554e-07 -8.49065e-06 0)
(1.17352e-05 0 0)
(6.79167e-06 0 0)
(0 2.87448e-06 0)
(2.88939e-06 -5.77877e-06 0)
(9.07616e-06 -5.80874e-06 0)
(1.05829e-05 0 0)
(4.40186e-06 2.93457e-06 0)
(4.42469e-06 2.94979e-06 0)
(4.077e-06 2.96509e-06 0)
(3.72559e-07 -2.98047e-06 0)
(3.74491e-07 2.99593e-06 0)
(1.88216e-06 6.02293e-06 0)
(7.94609e-06 0 0)
(6.08556e-06 1.21711e-05 0)
(4.21286e-06 -7.48953e-06 0)
(1.39704e-06 7.45089e-06 0)
(4.63278e-07 0 0)
(6.45243e-06 0 0)
(2.75106e-06 3.66808e-06 0)
(4.56144e-06 0 0)
(7.26066e-06 0 0)
(7.67465e-06 -3.6116e-06 0)
(6.73681e-06 0 0)
(3.57443e-06 3.57443e-06 0)
(2.66699e-06 3.55598e-06 0)
(1.32661e-06 0 0)
(3.07946e-06 0 0)
(2.62592e-06 -1.05037e-05 0)
(-5.22475e-06 3.48316e-06 0)
(-3.89834e-06 -3.46519e-06 0)
(-1.72366e-06 3.44731e-06 0)
(-2.14346e-06 3.42953e-06 0)
(-4.26479e-07 3.41183e-06 0)
(-1.69712e-06 -3.39423e-06 0)
(-8.4418e-07 0 0)
(-8.39824e-07 -3.3593e-06 0)
(5.01295e-06 -6.68393e-06 0)
(8.7274e-06 0 0)
(1.24034e-06 0 0)
(2.05657e-06 0 0)
(8.18382e-07 0 0)
(-4.0708e-06 0 0)
(-4.0498e-07 0 0)
(-3.62601e-06 3.22312e-06 0)
(-3.20649e-06 -3.20649e-06 0)
(-2.39246e-06 9.56984e-06 0)
(-9.52047e-06 0 0)
(-8.68207e-06 0 0)
(-1.02077e-05 -6.28165e-06 0)
(-1.0155e-05 0 0)
(-1.01026e-05 6.217e-06 0)
(-4.6387e-06 0 0)
(-7.69127e-07 3.07651e-06 0)
(-3.82579e-06 0 0)
(-3.04484e-06 -3.04484e-06 0)
(-7.57284e-06 9.08741e-06 0)
(-1.35608e-05 6.02701e-06 0)
(-5.24643e-06 0 0)
(-8.57466e-06 0 0)
(-1.52064e-05 -5.93421e-06 0)
(-7.37949e-06 5.90359e-06 0)
(-4.77192e-06 0 0)
(-4.7473e-06 -8.76424e-06 0)
(-5.0861e-06 -5.81268e-06 0)
(-2.16851e-06 -8.67404e-06 0)
(8.98884e-06 0 0)
(1.21618e-05 8.58477e-06 0)
(-4.27024e-06 1.13873e-05 0)
(-1.9825e-05 5.66427e-06 0)
(-1.33832e-05 -8.45257e-06 0)
(0 -1.40149e-05 0)
(8.71414e-06 0 0)
(6.93535e-07 5.54828e-06 0)
(-6.89957e-06 -8.27948e-06 0)
(-2.40239e-06 -8.23676e-06 0)
(-3.41428e-07 -5.46284e-06 0)
(-1.35866e-06 -8.15199e-06 0)
(1.68957e-06 -8.10993e-06 0)
(4.70638e-06 2.68936e-06 0)
(3.34436e-06 0 0)
(1.33084e-06 -7.98505e-06 0)
(3.97193e-06 -2.64795e-06 0)
(5.92715e-06 0 0)
(1.96552e-06 0 0)
(-6.19204e-06 0 0)
(-7.13274e-06 0 0)
(-6.45086e-07 0 0)
(4.4923e-06 0 0)
(0 5.10757e-06 0)
(-1.58788e-06 0 0)
(6.31875e-07 0 0)
(9.42923e-07 1.00578e-05 0)
(-3.43955e-06 0 0)
(-2.79965e-06 0 0)
(-6.18936e-06 0 0)
(-2.77084e-06 0 0)
(6.12565e-06 0 0)
(7.92226e-06 4.87524e-06 0)
(5.45635e-06 4.85009e-06 0)
(1.20627e-06 0 0)
(1.50005e-06 0 0)
(8.05849e-06 -4.7754e-06 0)
(1.158e-05 0 0)
(8.86172e-06 -4.72625e-06 0)
(3.82027e-06 -4.70187e-06 0)
(8.77052e-07 -4.67761e-06 0)
(9.01611e-06 -4.65348e-06 0)
(1.50458e-05 -4.62947e-06 0)
(1.23775e-05 9.21116e-06 0)
(8.30455e-06 4.58182e-06 0)
(1.28199e-05 0 0)
(1.38874e-05 9.06933e-06 0)
(-5.63908e-07 9.02253e-06 0)
(-3.36599e-06 4.48799e-06 0)
(9.20873e-06 -8.92967e-06 0)
(1.52687e-05 -8.8836e-06 0)
(1.73994e-05 -8.83777e-06 0)
(1.53863e-05 0 0)
(1.06602e-05 8.74681e-06 0)
(7.07011e-06 0 0)
(3.78734e-06 0 0)
(8.34299e-06 -8.61212e-06 0)
(6.69351e-06 4.28384e-06 0)
(2.13087e-06 0 0)
(4.76972e-06 -8.47951e-06 0)
(1.10719e-05 -4.21788e-06 0)
(1.46864e-05 4.19612e-06 0)
(1.20016e-05 0 0)
(1.86882e-05 4.15293e-06 0)
(1.18781e-05 2.06575e-05 0)
(-4.88085e-06 1.23306e-05 0)
(-1.27781e-06 0 0)
(1.52546e-06 4.06789e-06 0)
(-6.82914e-06 0 0)
(-6.54228e-06 -1.20781e-05 0)
(-3.75492e-06 4.00525e-06 0)
(-1.99229e-06 3.98458e-06 0)
(1.48651e-06 -3.96402e-06 0)
(-3.45063e-06 0 0)
(-5.63964e-06 0 0)
(-1.95149e-06 0 0)
(-2.42678e-06 -3.88285e-06 0)
(6.75992e-06 -3.86281e-06 0)
(1.17688e-05 3.84288e-06 0)
(3.10623e-06 0 0)
(-1.18854e-06 -7.60667e-06 0)
(-6.38501e-06 3.78371e-06 0)
(-3.0584e-06 0 0)
(1.17024e-06 -3.74477e-06 0)
(-3.74477e-06 0 0)
(-3.52893e-06 3.76419e-06 0)
(-7.56742e-06 0 0)
(-1.02215e-05 -3.80333e-06 0)
(-9.55764e-06 7.64611e-06 0)
(-1.32099e-05 -3.84288e-06 0)
(-2.65568e-06 -7.72563e-06 0)
(-4.3682e-06 3.88285e-06 0)
(-1.1709e-05 0 0)
(-9.80806e-06 0 0)
(-7.64067e-06 -3.94357e-06 0)
(-7.92805e-06 -7.92805e-06 0)
(-1.99229e-06 -3.98458e-06 0)
(-1.50197e-06 4.00525e-06 0)
(-7.54878e-06 4.02602e-06 0)
(-6.82914e-06 8.0938e-06 0)
(-1.50003e-05 8.13577e-06 0)
(-2.19783e-05 4.08898e-06 0)
(-1.46425e-05 -4.11019e-06 0)
(-6.45548e-06 0 0)
(-1.1161e-05 0 0)
(-1.0958e-05 0 0)
(-1.33751e-05 0 0)
(-1.13356e-05 -1.26536e-05 0)
(-5.29969e-07 -4.23975e-06 0)
(-2.13087e-06 0 0)
(1.3387e-06 0 0)
(6.99735e-06 -4.30606e-06 0)
(-2.70525e-06 1.29852e-05 0)
(-1.06052e-05 4.35084e-06 0)
(-1.23002e-05 0 0)
(-1.09902e-05 0 0)
(-3.86652e-06 4.41888e-06 0)
(-4.4418e-06 -4.4418e-06 0)
(-6.69725e-06 8.92967e-06 0)
(-3.08549e-06 -8.97598e-06 0)
(8.45863e-07 -4.51127e-06 0)
(-5.1015e-06 -4.53466e-06 0)
(-4.55818e-06 4.55818e-06 0)
(-5.44091e-06 4.58182e-06 0)
(-8.92332e-06 0 0)
(-8.68025e-06 0 0)
(-3.78095e-06 0 0)
(-5.84701e-07 -4.67761e-06 0)
(-8.816e-07 0 0)
(-4.43086e-06 9.45251e-06 0)
(-1.18769e-05 4.75076e-06 0)
(-8.05849e-06 -9.5508e-06 0)
(-7.20025e-06 -4.80017e-06 0)
(-1.32689e-05 0 0)
(-1.06096e-05 0 0)
(-1.21881e-05 4.87524e-06 0)
(-1.37827e-05 4.90052e-06 0)
(-8.31252e-06 4.92594e-06 0)
(-1.11408e-05 0 0)
(-6.8436e-06 -9.95433e-06 0)
(-5.00298e-06 5.00298e-06 0)
(-1.2258e-05 5.02892e-06 0)
(-1.80084e-05 5.055e-06 0)
(-8.57456e-06 0 0)
(-2.23456e-06 0 0)
(-9.94724e-06 0 0)
(-1.03214e-05 -5.16068e-06 0)
(-8.10539e-06 0 0)
(-7.82153e-06 0 0)
(-1.01552e-05 5.24139e-06 0)
(-1.383e-05 -5.26858e-06 0)
(-1.42327e-05 0 0)
(-1.46393e-05 -2.66168e-06 0)
(-9.69864e-06 -1.07019e-05 0)
(-6.38724e-06 0 0)
(-1.28407e-05 0 0)
(-1.3247e-05 -5.43466e-06 0)
(-7.51141e-06 2.73142e-06 0)
(-1.06392e-05 5.49117e-06 0)
(-1.72489e-05 0 0)
(-1.83787e-05 -5.54828e-06 0)
(-1.28969e-05 -5.57705e-06 0)
(-8.40896e-06 0 0)
(-1.02135e-05 0 0)
(-1.48687e-05 -5.66427e-06 0)
(-1.13873e-05 -2.84682e-06 0)
(-1.0731e-06 -2.86159e-06 0)
(-4.31464e-06 2.87643e-06 0)
(-2.16851e-06 -8.67404e-06 0)
(-7.26585e-07 -2.90634e-06 0)
(-4.38212e-06 2.92141e-06 0)
(3.67071e-07 2.93657e-06 0)
(-3.32077e-06 0 0)
(-8.53042e-06 2.9671e-06 0)
(-1.11843e-05 0 0)
(-1.34908e-05 2.99796e-06 0)
(-4.14357e-06 -6.02701e-06 0)
(3.78642e-06 0 0)
(-3.04484e-06 3.04484e-06 0)
(-8.79933e-06 6.12127e-06 0)
(-1.11523e-05 0 0)
(-6.57149e-06 -3.09246e-06 0)
(1.16569e-06 0 0)
(-3.12462e-06 3.12462e-06 0)
(-9.02988e-06 0 0)
(-5.52495e-06 -6.31423e-06 0)
(-4.76023e-06 3.17349e-06 0)
(-7.57613e-06 -3.18995e-06 0)
(-5.61136e-06 0 0)
(-4.83468e-06 -6.44624e-06 0)
(-1.21494e-05 3.23984e-06 0)
(-1.58761e-05 6.51328e-06 0)
(-6.54706e-06 -6.54706e-06 0)
(2.05657e-06 -6.58101e-06 0)
(1.24034e-06 -3.30757e-06 0)
(-7.48063e-06 3.32472e-06 0)
(-6.26619e-06 0 0)
(1.25974e-06 -6.7186e-06 0)
(6.33135e-06 0 0)
(2.96995e-06 0 0)
(-1.27944e-06 0 0)
(1.28607e-06 3.42953e-06 0)
(5.60189e-06 -3.44731e-06 0)
(-1.29945e-06 -3.46519e-06 0)
(8.70791e-07 -6.96633e-06 0)
(1.22543e-05 0 0)
(6.59885e-06 0 0)
(0 3.53764e-06 0)
(2.22249e-06 -7.11197e-06 0)
(9.38287e-06 -3.57443e-06 0)
(1.1228e-05 -3.59296e-06 0)
(4.96595e-06 0 0)
(4.08412e-06 7.26066e-06 0)
(3.64916e-06 0 0)
(4.5851e-07 0 0)
(9.21776e-07 0 0)
(1.38983e-06 3.70623e-06 0)
(8.38225e-06 -3.72545e-06 0)
(6.08525e-06 3.74477e-06 0)
(4.60871e-06 -4.60871e-06 0)
(2.00591e-06 0 0)
(2.8508e-07 0 0)
(6.23939e-06 0 0)
(3.38575e-06 0 0)
(4.49104e-06 0 0)
(7.26028e-06 0 0)
(7.50062e-06 0 0)
(6.35645e-06 0 0)
(3.84918e-06 0 0)
(2.73523e-06 0 0)
(1.36056e-06 0 0)
(2.97779e-06 0 0)
(2.69311e-06 0 0)
(-5.09052e-06 0 0)
(-3.99809e-06 0 0)
(-1.59099e-06 0 0)
(-2.37417e-06 0 0)
(-5.2487e-07 0 0)
(-2.08865e-06 0 0)
(-2.59734e-07 0 0)
(-1.29197e-06 0 0)
(5.14122e-06 0 0)
(8.95072e-06 0 0)
(1.27208e-06 0 0)
(1.77172e-06 0 0)
(1.25898e-06 0 0)
(-4.25846e-06 0 0)
(-4.98411e-07 0 0)
(-3.47087e-06 0 0)
(-2.95969e-06 0 0)
(-2.69905e-06 3.92589e-06 0)
(-9.27587e-06 0 0)
(-9.22802e-06 0 0)
(-9.90517e-06 -3.86543e-06 0)
(-1.00944e-05 0 0)
(-1.00423e-05 0 0)
(-4.75739e-06 0 0)
(-7.09927e-07 0 0)
(-4.00216e-06 0 0)
(-2.81048e-06 0 0)
(-7.45595e-06 0 0)
(-1.3676e-05 0 0)
(-5.53441e-06 0 0)
(-8.25878e-06 0 0)
(-1.52912e-05 0 0)
(-7.26558e-06 0 0)
(-5.42107e-06 0 0)
(-4.49425e-06 -3.5954e-06 0)
(-5.14172e-06 0 0)
(-2.0016e-06 0 0)
(8.85009e-06 0 0)
(1.25463e-05 0 0)
(-3.94155e-06 3.5036e-06 0)
(-2.04775e-05 0 0)
(-1.40869e-05 -3.46754e-06 0)
(4.31207e-07 -3.44965e-06 0)
(9.4376e-06 0 0)
(4.26769e-07 3.41415e-06 0)
(-7.21763e-06 0 0)
(-1.90069e-06 0 0)
(-8.40394e-07 0 0)
(-1.25409e-06 -3.34423e-06 0)
(1.87143e-06 0 0)
(4.96472e-06 0 0)
(2.67535e-06 0 0)
(1.22841e-06 -6.5515e-06 0)
(4.07356e-06 0 0)
(6.28144e-06 0 0)
(1.81424e-06 0 0)
(-5.61517e-06 0 0)
(-7.18225e-06 0 0)
(-9.92388e-07 0 0)
(4.34398e-06 0 0)
(1.96435e-07 0 0)
(-1.56337e-06 0 0)
(7.77653e-07 0 0)
(7.7364e-07 0 0)
(-3.27101e-06 0 0)
(-2.67987e-06 6.12542e-06 0)
(-6.28425e-06 0 0)
(-2.84174e-06 0 0)
(6.21957e-06 6.0311e-06 0)
(7.68748e-06 0 0)
(5.40943e-06 0 0)
(1.29899e-06 0 0)
(1.4769e-06 0 0)
(8.08103e-06 0 0)
(1.11454e-05 0 0)
(9.08848e-06 0 0)
(3.79747e-06 0 0)
(1.07939e-06 0 0)
(8.94853e-06 0 0)
(1.4956e-05 0 0)
(1.27533e-05 0 0)
(8.45831e-06 0 0)
(1.22714e-05 0 0)
(1.43009e-05 0 0)
(-6.94005e-07 0 0)
(-3.62473e-06 0 0)
(9.10093e-06 0 0)
(1.53747e-05 0 0)
(1.71648e-05 0 0)
(1.60618e-05 0 0)
(1.04283e-05 5.38237e-06 0)
(6.86059e-06 0 0)
(3.99523e-06 0 0)
(8.44607e-06 0 0)
(6.59019e-06 0 0)
(1.96686e-06 0 0)
(4.56565e-06 0 0)
(1.15175e-05 0 0)
(1.4847e-05 0 0)
(1.18806e-05 0 0)
(1.88469e-05 0 0)
(1.19172e-05 5.08467e-06 0)
(-4.90036e-06 0 0)
(-1.5726e-06 0 0)
(1.72094e-06 0 0)
(-7.15953e-06 0 0)
(-6.34839e-06 -4.95484e-06 0)
(-3.69696e-06 0 0)
(-2.14543e-06 0 0)
(1.52455e-06 0 0)
(-3.48836e-06 0 0)
(-5.73365e-06 0 0)
(-1.95139e-06 0 0)
(-2.38932e-06 0 0)
(6.83386e-06 0 0)
(1.16759e-05 0 0)
(3.08769e-06 0 0)
(-1.46274e-06 0 0)
(-5.96631e-06 0 0)
(-3.32969e-06 0 0)
(1.2962e-06 0 0)
(-3.60055e-06 -4.60871e-06 0)
(-3.61922e-06 0 0)
(-7.85807e-06 0 0)
(-9.80039e-06 0 0)
(-9.70418e-06 0 0)
(-1.33016e-05 0 0)
(-2.52556e-06 0 0)
(-4.33064e-06 0 0)
(-1.18585e-05 0 0)
(-9.80756e-06 0 0)
(-8.0384e-06 0 0)
(-7.77518e-06 -4.87855e-06 0)
(-1.6857e-06 0 0)
(-1.38636e-06 0 0)
(-7.43226e-06 0 0)
(-6.84824e-06 0 0)
(-1.50191e-05 0 0)
(-2.21737e-05 0 0)
(-1.47011e-05 0 0)
(-6.35583e-06 0 0)
(-1.11804e-05 0 0)
(-1.09173e-05 0 0)
(-1.3556e-05 0 0)
(-1.1193e-05 0 0)
(-6.52236e-07 0 0)
(-2.13076e-06 0 0)
(1.64755e-06 0 0)
(6.95558e-06 0 0)
(-2.66349e-06 5.32698e-06 0)
(-1.07092e-05 0 0)
(-1.22785e-05 0 0)
(-1.09896e-05 0 0)
(-4.07876e-06 0 0)
(-4.27074e-06 0 0)
(-6.86862e-06 0 0)
(-3.27952e-06 0 0)
(1.04101e-06 0 0)
(-5.05763e-06 -5.58084e-06 0)
(-4.20733e-06 0 0)
(-5.63887e-06 0 0)
(-8.6793e-06 0 0)
(-8.90236e-06 0 0)
(-3.93735e-06 0 0)
(-8.99494e-07 0 0)
(-1.80832e-07 0 0)
(-4.54424e-06 0 0)
(-1.2059e-05 0 0)
(-8.44835e-06 0 0)
(-7.01527e-06 0 0)
(-1.29899e-05 0 0)
(-1.04458e-05 0 0)
(-1.21875e-05 0 0)
(-1.39469e-05 0 0)
(-8.33577e-06 0 0)
(-1.12355e-05 0 0)
(-6.69968e-06 0 0)
(-4.81031e-06 0 0)
(-1.21848e-05 0 0)
(-1.84692e-05 0 0)
(-8.59854e-06 0 0)
(-1.96435e-06 0 0)
(-1.02676e-05 0 0)
(-1.01224e-05 0 0)
(-7.98028e-06 0 0)
(-7.82112e-06 0 0)
(-1.04822e-05 0 0)
(-1.3576e-05 0 0)
(-1.44611e-05 0 0)
(-1.47409e-05 0 0)
(-9.67241e-06 0 0)
(-6.41276e-06 0 0)
(-1.26841e-05 0 0)
(-1.29589e-05 0 0)
(-7.56355e-06 0 0)
(-1.07706e-05 0 0)
(-1.74072e-05 0 0)
(-1.85644e-05 0 0)
(-1.30839e-05 -6.86371e-06 0)
(-7.97732e-06 0 0)
(-1.01859e-05 0 0)
(-1.52492e-05 0 0)
(-1.13867e-05 0 0)
(-8.80443e-07 0 0)
(-3.76129e-06 7.08008e-06 0)
(-2.8912e-06 0 0)
(-2.23553e-07 0 0)
(-4.04483e-06 0 0)
(0 0 0)
(-3.17869e-06 0 0)
(-8.4444e-06 3.65163e-06 0)
(-1.10117e-05 0 0)
(-1.3836e-05 0 0)
(-4.40413e-06 0 0)
(4.19397e-06 0 0)
(-3.04469e-06 0 0)
(-9.18143e-06 0 0)
(-1.08855e-05 0 0)
(-6.89822e-06 0 0)
(1.43462e-06 0 0)
(-3.12446e-06 0 0)
(-9.18041e-06 0 0)
(-5.58538e-06 0 0)
(-4.88204e-06 0 0)
(-7.6064e-06 0 0)
(-5.67273e-06 0 0)
(-4.46255e-06 0 0)
(-1.22111e-05 0 0)
(-1.57814e-05 0 0)
(-6.79851e-06 0 0)
(1.77172e-06 0 0)
(1.78091e-06 0 0)
(-7.16057e-06 0 0)
(-7.19771e-06 0 0)
(1.55036e-06 0 0)
(6.49336e-06 0 0)
(3.13297e-06 0 0)
(-1.31218e-06 0 0)
(1.31898e-06 0 0)
(5.30329e-06 0 0)
(-1.3327e-06 0 0)
(1.07169e-06 0 0)
(1.23883e-05 0 0)
(7.03841e-06 0 0)
(-5.44224e-07 0 0)
(2.18819e-06 0 0)
(9.62296e-06 0 0)
(1.07783e-05 0 0)
(5.27822e-06 0 0)
(3.90938e-06 0 0)
(3.92966e-06 0 0)
(2.82145e-07 0 0)
(8.50826e-07 0 0)
(1.71048e-06 0 0)
(8.02362e-06 0 0)
(6.62501e-06 0 0)
(2.58244e-305 8.90213e-300 0)
(1.28456e-305 8.90217e-300 0)
(1.59741e-306 8.90229e-300 0)
(3.49618e-305 8.90236e-300 0)
(1.89717e-305 8.90244e-300 0)
(2.35922e-305 8.90251e-300 0)
(4.06822e-305 8.9025e-300 0)
(4.20289e-305 8.90254e-300 0)
(3.71663e-305 8.9025e-300 0)
(2.31091e-305 8.90251e-300 0)
(1.37939e-305 8.90244e-300 0)
(6.099e-306 8.90244e-300 0)
(1.82026e-305 8.90236e-300 0)
(1.20725e-305 8.90226e-300 0)
(-2.85242e-305 8.90216e-300 0)
(-2.09094e-305 8.90213e-300 0)
(-8.91492e-306 8.90211e-300 0)
(-1.18252e-305 8.90211e-300 0)
(-2.94106e-306 8.90206e-300 0)
(-1.31665e-305 8.90201e-300 0)
(-1.45539e-306 8.90195e-300 0)
(-5.79154e-306 8.90192e-300 0)
(2.88083e-305 8.9019e-300 0)
(5.01544e-305 8.90182e-300 0)
(7.12795e-306 8.90179e-300 0)
(9.92764e-306 8.90179e-300 0)
(7.05458e-306 8.90176e-300 0)
(-2.38618e-305 8.90173e-300 0)
(-2.79279e-306 8.90172e-300 0)
(-1.94487e-305 8.90167e-300 0)
(-1.65843e-305 8.90171e-300 0)
(-1.51238e-305 8.90167e-300 0)
(-5.33442e-305 8.9017e-300 0)
(-5.17082e-305 8.90169e-300 0)
(-5.55026e-305 8.90171e-300 0)
(-5.52162e-305 8.9017e-300 0)
(-5.76109e-305 8.90169e-300 0)
(-2.66575e-305 8.9017e-300 0)
(-2.652e-306 8.9017e-300 0)
(-2.37449e-305 8.90168e-300 0)
(-1.57482e-305 8.90166e-300 0)
(-4.0473e-305 8.90164e-300 0)
(-7.66319e-305 8.90168e-300 0)
(-3.10115e-305 8.90174e-300 0)
(-4.75627e-305 8.90165e-300 0)
(-8.44038e-305 8.90173e-300 0)
(-4.19842e-305 8.90176e-300 0)
(-2.91107e-305 8.90174e-300 0)
(-2.51831e-305 8.90177e-300 0)
(-3.00638e-305 8.90176e-300 0)
(-9.96955e-306 8.90177e-300 0)
(4.95906e-305 8.90174e-300 0)
(7.0302e-305 8.9017e-300 0)
(-2.20861e-305 8.90161e-300 0)
(-1.14743e-304 8.90174e-300 0)
(-7.89344e-305 8.90184e-300 0)
(2.41622e-306 8.9019e-300 0)
(5.28826e-305 8.90181e-300 0)
(2.39135e-306 8.90172e-300 0)
(-4.04432e-305 8.9018e-300 0)
(-1.18337e-305 8.90184e-300 0)
(-3.53179e-306 8.90178e-300 0)
(-7.02714e-306 8.90182e-300 0)
(9.32119e-306 8.90183e-300 0)
(2.89784e-305 8.90182e-300 0)
(1.4991e-305 8.90178e-300 0)
(6.88324e-306 8.90181e-300 0)
(2.28258e-305 8.90181e-300 0)
(3.51974e-305 8.90182e-300 0)
(1.01659e-305 8.9018e-300 0)
(-3.1464e-305 8.90179e-300 0)
(-4.13629e-305 8.90183e-300 0)
(-5.56074e-306 8.90181e-300 0)
(2.54474e-305 8.90177e-300 0)
(1.1007e-306 8.90181e-300 0)
(-8.76018e-306 8.90182e-300 0)
(3.26812e-306 8.90187e-300 0)
(5.41876e-306 8.90182e-300 0)
(-2.04851e-305 8.90182e-300 0)
(-1.39438e-305 8.90181e-300 0)
(-3.52131e-305 8.90185e-300 0)
(-1.48618e-305 8.90188e-300 0)
(3.48507e-305 8.90191e-300 0)
(4.20253e-305 8.90184e-300 0)
(3.13564e-305 8.90177e-300 0)
(7.27874e-306 8.90179e-300 0)
(8.27564e-306 8.90188e-300 0)
(4.52812e-305 8.90182e-300 0)
(6.24523e-305 8.90183e-300 0)
(4.99078e-305 8.90176e-300 0)
(2.2292e-305 8.90181e-300 0)
(6.04826e-306 8.90185e-300 0)
(4.91393e-305 8.90181e-300 0)
(8.48018e-305 8.90176e-300 0)
(7.14615e-305 8.90176e-300 0)
(4.64078e-305 8.90174e-300 0)
(6.97437e-305 8.90177e-300 0)
(7.91563e-305 8.90165e-300 0)
(-2.91659e-306 8.90165e-300 0)
(-2.03108e-305 8.90174e-300 0)
(5.09961e-305 8.90175e-300 0)
(8.51931e-305 8.90177e-300 0)
(9.71333e-305 8.90174e-300 0)
(8.90532e-305 8.90168e-300 0)
(5.93766e-305 8.90156e-300 0)
(3.84426e-305 8.9016e-300 0)
(2.23869e-305 8.90161e-300 0)
(4.63987e-305 8.90163e-300 0)
(3.69274e-305 8.90152e-300 0)
(1.10211e-305 8.90159e-300 0)
(2.64968e-305 8.90162e-300 0)
(6.36279e-305 8.90162e-300 0)
(8.31938e-305 8.90156e-300 0)
(6.74711e-305 8.90155e-300 0)
(1.05607e-304 8.90148e-300 0)
(6.67767e-305 8.90136e-300 0)
(-2.83444e-305 8.90144e-300 0)
(-7.93073e-306 8.90156e-300 0)
(8.76646e-306 8.90156e-300 0)
(-4.01176e-305 8.90154e-300 0)
(-3.55725e-305 8.90156e-300 0)
(-1.98524e-305 8.90151e-300 0)
(-1.28804e-305 8.90153e-300 0)
(9.39689e-306 8.90148e-300 0)
(-2.03965e-305 8.9014e-300 0)
(-3.12824e-305 8.90141e-300 0)
(-1.09344e-305 8.90141e-300 0)
(-1.42251e-305 8.90148e-300 0)
(3.82928e-305 8.90161e-300 0)
(6.54244e-305 8.90148e-300 0)
(1.73016e-305 8.90151e-300 0)
(-7.3767e-306 8.90146e-300 0)
(-3.34316e-305 8.9015e-300 0)
(-1.94687e-305 8.90158e-300 0)
(8.07012e-306 8.90154e-300 0)
(-2.01753e-305 8.90154e-300 0)
(-2.02799e-305 8.90155e-300 0)
(-4.40319e-305 8.90158e-300 0)
(-5.49154e-305 8.90164e-300 0)
(-5.52002e-305 8.90156e-300 0)
(-7.3706e-305 8.90161e-300 0)
(-1.49841e-305 8.90161e-300 0)
(-2.34295e-305 8.90154e-300 0)
(-6.64476e-305 8.90162e-300 0)
(-5.49556e-305 8.90163e-300 0)
(-4.41925e-305 8.90162e-300 0)
(-4.35674e-305 8.90172e-300 0)
(-1.1163e-305 8.9017e-300 0)
(-6.90517e-306 8.90162e-300 0)
(-4.16459e-305 8.90167e-300 0)
(-3.83734e-305 8.90165e-300 0)
(-8.50346e-305 8.90159e-300 0)
(-1.23367e-304 8.9017e-300 0)
(-8.23759e-305 8.90178e-300 0)
(-3.56142e-305 8.90182e-300 0)
(-6.26481e-305 8.90179e-300 0)
(-6.11738e-305 8.90187e-300 0)
(-7.59595e-305 8.90185e-300 0)
(-6.36279e-305 8.90194e-300 0)
(-2.74105e-306 8.9018e-300 0)
(-1.19395e-305 8.90176e-300 0)
(8.30867e-306 8.90181e-300 0)
(3.99029e-305 8.90183e-300 0)
(-1.58574e-305 8.90176e-300 0)
(-6.00079e-305 8.90181e-300 0)
(-6.88015e-305 8.9018e-300 0)
(-6.15793e-305 8.90186e-300 0)
(-2.19026e-305 8.90192e-300 0)
(-2.39306e-305 8.90193e-300 0)
(-3.84876e-305 8.90191e-300 0)
(-1.83764e-305 8.90199e-300 0)
(5.83318e-306 8.90193e-300 0)
(-2.93171e-305 8.90187e-300 0)
(-2.35754e-305 8.90183e-300 0)
(-3.15968e-305 8.90184e-300 0)
(-4.86336e-305 8.90192e-300 0)
(-4.88858e-305 8.90195e-300 0)
(-2.30654e-305 8.902e-300 0)
(-4.03217e-306 8.90198e-300 0)
(-1.01327e-306 8.902e-300 0)
(-2.54632e-305 8.90195e-300 0)
(-6.75714e-305 8.90203e-300 0)
(-4.73394e-305 8.90202e-300 0)
(-3.93093e-305 8.90198e-300 0)
(-7.38272e-305 8.90193e-300 0)
(-5.74867e-305 8.90204e-300 0)
(-6.82912e-305 8.90201e-300 0)
(-7.81501e-305 8.90212e-300 0)
(-4.67086e-305 8.90205e-300 0)
(-6.29568e-305 8.90209e-300 0)
(-3.7541e-305 8.90209e-300 0)
(-2.6954e-305 8.90203e-300 0)
(-6.93602e-305 8.90203e-300 0)
(-1.02401e-304 8.90208e-300 0)
(-4.8181e-305 8.90217e-300 0)
(-1.21077e-305 8.90209e-300 0)
(-5.64269e-305 8.90209e-300 0)
(-5.67196e-305 8.90217e-300 0)
(-4.47166e-305 8.90215e-300 0)
(-4.38248e-305 8.90219e-300 0)
(-5.87362e-305 8.90216e-300 0)
(-7.60718e-305 8.90219e-300 0)
(-8.10314e-305 8.90219e-300 0)
(-8.25989e-305 8.90221e-300 0)
(-5.41983e-305 8.90224e-300 0)
(-3.59332e-305 8.90221e-300 0)
(-7.1074e-305 8.9022e-300 0)
(-7.3785e-305 8.90225e-300 0)
(-4.12043e-305 8.90227e-300 0)
(-6.03519e-305 8.90224e-300 0)
(-9.87291e-305 8.90225e-300 0)
(-1.04024e-304 8.90228e-300 0)
(-7.21126e-305 8.90228e-300 0)
(-4.59082e-305 8.90228e-300 0)
(-5.70757e-305 8.90223e-300 0)
(-8.42265e-305 8.90227e-300 0)
(-6.38042e-305 8.90236e-300 0)
(-4.93347e-306 8.90237e-300 0)
(-2.23158e-305 8.90232e-300 0)
(-1.37081e-305 8.90239e-300 0)
(-3.75797e-306 8.90234e-300 0)
(-2.14056e-305 8.90235e-300 0)
(0 8.90235e-300 0)
(-1.90837e-305 8.90235e-300 0)
(-4.60384e-305 8.90238e-300 0)
(-6.29884e-305 8.90237e-300 0)
(-7.75287e-305 8.9024e-300 0)
(-2.46781e-305 8.90245e-300 0)
(2.35005e-305 8.90244e-300 0)
(-1.70606e-305 8.90243e-300 0)
(-5.14472e-305 8.90246e-300 0)
(-6.0996e-305 8.9024e-300 0)
(-3.73205e-305 8.90244e-300 0)
(8.03874e-306 8.90246e-300 0)
(-1.75076e-305 8.9025e-300 0)
(-5.14414e-305 8.90251e-300 0)
(-3.26578e-305 8.9025e-300 0)
(-2.7356e-305 8.90251e-300 0)
(-4.12468e-305 8.90251e-300 0)
(-3.31686e-305 8.90253e-300 0)
(-2.50054e-305 8.90256e-300 0)
(-6.7027e-305 8.90257e-300 0)
(-8.98328e-305 8.90265e-300 0)
(-3.80948e-305 8.90273e-300 0)
(9.92764e-306 8.90272e-300 0)
(9.97912e-306 8.90268e-300 0)
(-4.01235e-305 8.90274e-300 0)
(-3.88912e-305 8.90282e-300 0)
(8.68731e-306 8.9028e-300 0)
(3.63848e-305 8.90281e-300 0)
(1.60924e-305 8.9028e-300 0)
(-5.88211e-306 8.90288e-300 0)
(5.91262e-306 8.90296e-300 0)
(2.97164e-305 8.90299e-300 0)
(-5.9741e-306 8.90302e-300 0)
(4.50382e-306 8.90317e-300 0)
(6.94166e-305 8.90322e-300 0)
(3.9439e-305 8.90321e-300 0)
(-1.52475e-306 8.90327e-300 0)
(1.07286e-305 8.90332e-300 0)
(5.54618e-305 8.90338e-300 0)
(5.88467e-305 8.90334e-300 0)
(2.95759e-305 8.90331e-300 0)
(2.19058e-305 8.90332e-300 0)
(2.35922e-305 8.90332e-300 0)
(1.58097e-306 8.90328e-300 0)
(3.17834e-306 8.90322e-300 0)
(9.58448e-306 8.90314e-300 0)
(4.49595e-305 8.90307e-300 0)
(4.03506e-305 8.90293e-300 0)
(2.8006e-305 1.78043e-299 0)
(2.32179e-305 1.78043e-299 0)
(2.07883e-305 1.78046e-299 0)
(4.82558e-305 1.78047e-299 0)
(2.97185e-305 1.78049e-299 0)
(3.18395e-305 1.7805e-299 0)
(4.07252e-305 1.78051e-299 0)
(4.2766e-305 1.78051e-299 0)
(3.13492e-305 1.7805e-299 0)
(1.55937e-305 1.78049e-299 0)
(1.10809e-305 1.78049e-299 0)
(2.20475e-306 1.78048e-299 0)
(2.19337e-306 1.78047e-299 0)
(-4.36411e-306 1.78045e-299 0)
(-3.47328e-305 1.78043e-299 0)
(-2.59152e-305 1.78043e-299 0)
(-1.28907e-305 1.78042e-299 0)
(-1.49616e-305 1.78042e-299 0)
(-1.48844e-305 1.78041e-299 0)
(-1.6923e-305 1.7804e-299 0)
(-8.41783e-306 1.7804e-299 0)
(-1.25616e-305 1.78038e-299 0)
(2.0828e-305 1.78038e-299 0)
(4.14411e-305 1.78036e-299 0)
(4.12272e-306 1.78036e-299 0)
(6.15218e-306 1.78036e-299 0)
(2.04015e-306 1.78035e-299 0)
(-2.43554e-305 1.78034e-299 0)
(-6.05745e-306 1.78034e-299 0)
(-2.00873e-305 1.78034e-299 0)
(-1.79853e-305 1.78034e-299 0)
(-1.59045e-305 1.78033e-299 0)
(-5.14228e-305 1.78033e-299 0)
(-5.31251e-305 1.78034e-299 0)
(-5.2851e-305 1.78034e-299 0)
(-5.84203e-305 1.78034e-299 0)
(-5.61816e-305 1.78033e-299 0)
(-2.69822e-305 1.78034e-299 0)
(-3.83472e-306 1.78034e-299 0)
(-2.47971e-305 1.78033e-299 0)
(-1.70786e-305 1.78034e-299 0)
(-4.15324e-305 1.78033e-299 0)
(-6.94895e-305 1.78034e-299 0)
(-2.98945e-305 1.78035e-299 0)
(-4.83279e-305 1.78034e-299 0)
(-8.13637e-305 1.78035e-299 0)
(-3.86323e-305 1.78035e-299 0)
(-2.92823e-305 1.78035e-299 0)
(-2.54898e-305 1.78035e-299 0)
(-2.89809e-305 1.78035e-299 0)
(-1.08118e-305 1.78036e-299 0)
(4.48166e-305 1.78035e-299 0)
(6.24195e-305 1.78034e-299 0)
(-1.77421e-305 1.78032e-299 0)
(-1.00608e-304 1.78035e-299 0)
(-6.84822e-305 1.78037e-299 0)
(-1.74689e-306 1.78038e-299 0)
(4.17091e-305 1.78036e-299 0)
(3.45783e-306 1.78035e-299 0)
(-3.43999e-305 1.78036e-299 0)
(-1.3689e-305 1.78036e-299 0)
(-3.40458e-306 1.78036e-299 0)
(-3.38702e-306 1.78037e-299 0)
(6.73909e-306 1.78036e-299 0)
(2.51412e-305 1.78036e-299 0)
(1.50069e-305 1.78035e-299 0)
(8.29414e-306 1.78036e-299 0)
(2.64043e-305 1.78036e-299 0)
(3.28351e-305 1.78037e-299 0)
(8.16643e-306 1.78035e-299 0)
(-2.92475e-305 1.78036e-299 0)
(-3.87954e-305 1.78036e-299 0)
(-6.43254e-306 1.78036e-299 0)
(2.07979e-305 1.78035e-299 0)
(6.36634e-306 1.78036e-299 0)
(-6.33349e-306 1.78036e-299 0)
(4.72561e-306 1.78037e-299 0)
(1.56708e-306 1.78036e-299 0)
(-2.02669e-305 1.78036e-299 0)
(-1.39585e-305 1.78036e-299 0)
(-2.9316e-305 1.78036e-299 0)
(-1.07449e-305 1.78039e-299 0)
(2.90142e-305 1.78038e-299 0)
(3.64605e-305 1.78036e-299 0)
(2.87156e-305 1.78036e-299 0)
(1.20284e-305 1.78036e-299 0)
(8.97476e-306 1.78037e-299 0)
(4.46423e-305 1.78037e-299 0)
(5.9216e-305 1.78036e-299 0)
(4.86011e-305 1.78036e-299 0)
(2.49078e-305 1.78036e-299 0)
(5.83041e-306 1.78037e-299 0)
(4.64027e-305 1.78036e-299 0)
(8.22283e-305 1.78035e-299 0)
(6.88876e-305 1.78035e-299 0)
(4.56881e-305 1.78035e-299 0)
(6.67582e-305 1.78035e-299 0)
(7.48921e-305 1.78034e-299 0)
(1.40577e-306 1.78033e-299 0)
(-1.39852e-305 1.78035e-299 0)
(5.00868e-305 1.78036e-299 0)
(8.44314e-305 1.78035e-299 0)
(9.22577e-305 1.78035e-299 0)
(8.08227e-305 1.78034e-299 0)
(5.58752e-305 1.78032e-299 0)
(4.20291e-305 1.78032e-299 0)
(2.15805e-305 1.78033e-299 0)
(4.42802e-305 1.78033e-299 0)
(3.47074e-305 1.78031e-299 0)
(1.46081e-305 1.78032e-299 0)
(2.77444e-305 1.78033e-299 0)
(6.04599e-305 1.78033e-299 0)
(8.1069e-305 1.78031e-299 0)
(6.37401e-305 1.78031e-299 0)
(9.7058e-305 1.7803e-299 0)
(6.43715e-305 1.78028e-299 0)
(-1.92118e-305 1.78029e-299 0)
(-2.54836e-306 1.78031e-299 0)
(7.60563e-306 1.78031e-299 0)
(-4.03541e-305 1.78031e-299 0)
(-3.63822e-305 1.78031e-299 0)
(-2.24655e-305 1.7803e-299 0)
(-1.24165e-305 1.78031e-299 0)
(1.23524e-306 1.7803e-299 0)
(-2.21196e-305 1.78028e-299 0)
(-3.17857e-305 1.78029e-299 0)
(-7.29732e-306 1.78028e-299 0)
(-3.62983e-306 1.7803e-299 0)
(3.73148e-305 1.78032e-299 0)
(5.86771e-305 1.7803e-299 0)
(1.78697e-305 1.7803e-299 0)
(-7.111e-306 1.7803e-299 0)
(-2.82973e-305 1.78029e-299 0)
(-1.64216e-305 1.78032e-299 0)
(4.66767e-306 1.78031e-299 0)
(-2.10045e-305 1.78031e-299 0)
(-1.87675e-305 1.7803e-299 0)
(-4.00878e-305 1.78031e-299 0)
(-5.57029e-305 1.78032e-299 0)
(-5.48004e-305 1.78031e-299 0)
(-7.3047e-305 1.78032e-299 0)
(-1.80555e-305 1.78032e-299 0)
(-2.2989e-305 1.7803e-299 0)
(-6.20272e-305 1.78032e-299 0)
(-5.50137e-305 1.78032e-299 0)
(-4.05526e-305 1.78032e-299 0)
(-4.07629e-305 1.78034e-299 0)
(-1.36581e-305 1.78034e-299 0)
(-7.48852e-306 1.78033e-299 0)
(-4.01459e-305 1.78034e-299 0)
(-4.28762e-305 1.78033e-299 0)
(-7.98591e-305 1.78032e-299 0)
(-1.1595e-304 1.78034e-299 0)
(-7.8128e-305 1.78036e-299 0)
(-3.6048e-305 1.78036e-299 0)
(-5.82348e-305 1.78036e-299 0)
(-5.98376e-305 1.78037e-299 0)
(-7.32236e-305 1.78037e-299 0)
(-6.57173e-305 1.78038e-299 0)
(-1.05693e-305 1.78036e-299 0)
(-7.96808e-306 1.78036e-299 0)
(9.3443e-306 1.78037e-299 0)
(3.75711e-305 1.78037e-299 0)
(-1.61854e-305 1.78036e-299 0)
(-5.96542e-305 1.78036e-299 0)
(-6.67776e-305 1.78035e-299 0)
(-5.47951e-305 1.78037e-299 0)
(-2.06547e-305 1.78038e-299 0)
(-2.49142e-305 1.78038e-299 0)
(-3.33912e-305 1.78038e-299 0)
(-1.81807e-305 1.78039e-299 0)
(0 1.78038e-299 0)
(-3.25004e-305 1.78038e-299 0)
(-2.5567e-305 1.78037e-299 0)
(-2.71273e-305 1.78037e-299 0)
(-4.59251e-305 1.78038e-299 0)
(-4.3278e-305 1.78039e-299 0)
(-2.03012e-305 1.7804e-299 0)
(-2.91521e-306 1.7804e-299 0)
(-1.46516e-306 1.7804e-299 0)
(-2.35642e-305 1.7804e-299 0)
(-6.6618e-305 1.78041e-299 0)
(-5.20827e-305 1.7804e-299 0)
(-4.18822e-305 1.78039e-299 0)
(-7.21705e-305 1.78039e-299 0)
(-5.28972e-305 1.7804e-299 0)
(-6.22867e-305 1.7804e-299 0)
(-7.48262e-305 1.78042e-299 0)
(-4.91195e-305 1.78041e-299 0)
(-6.32608e-305 1.78041e-299 0)
(-3.87737e-305 1.78042e-299 0)
(-3.11798e-305 1.78041e-299 0)
(-6.26831e-305 1.78041e-299 0)
(-9.76626e-305 1.78042e-299 0)
(-4.75012e-305 1.78043e-299 0)
(-1.59158e-305 1.78042e-299 0)
(-5.27947e-305 1.78042e-299 0)
(-5.30685e-305 1.78043e-299 0)
(-4.52613e-305 1.78043e-299 0)
(-4.38712e-305 1.78043e-299 0)
(-5.87983e-305 1.78043e-299 0)
(-7.22373e-305 1.78043e-299 0)
(-7.75627e-305 1.78044e-299 0)
(-7.96238e-305 1.78044e-299 0)
(-5.50253e-305 1.78045e-299 0)
(-3.68737e-305 1.78044e-299 0)
(-7.07604e-305 1.78044e-299 0)
(-6.94339e-305 1.78045e-299 0)
(-4.0855e-305 1.78045e-299 0)
(-5.98892e-305 1.78045e-299 0)
(-9.63197e-305 1.78045e-299 0)
(-1.05464e-304 1.78045e-299 0)
(-7.12531e-305 1.78045e-299 0)
(-4.71661e-305 1.78046e-299 0)
(-5.79465e-305 1.78045e-299 0)
(-7.58976e-305 1.78046e-299 0)
(-5.67749e-305 1.78047e-299 0)
(-5.35025e-306 1.78048e-299 0)
(-2.33046e-305 1.78047e-299 0)
(-1.62177e-305 1.78048e-299 0)
(-3.62261e-306 1.78047e-299 0)
(-2.00277e-305 1.78047e-299 0)
(-1.83014e-306 1.78047e-299 0)
(-1.65567e-305 1.78047e-299 0)
(-4.62294e-305 1.78047e-299 0)
(-5.94805e-305 1.78047e-299 0)
(-7.09994e-305 1.78048e-299 0)
(-2.25371e-305 1.78049e-299 0)
(2.07662e-305 1.78049e-299 0)
(-1.5181e-305 1.78049e-299 0)
(-5.15016e-305 1.78049e-299 0)
(-6.32728e-305 1.78048e-299 0)
(-3.46914e-305 1.78049e-299 0)
(1.16238e-305 1.78049e-299 0)
(-1.36314e-305 1.78049e-299 0)
(-4.89361e-305 1.7805e-299 0)
(-3.34491e-305 1.7805e-299 0)
(-2.57114e-305 1.7805e-299 0)
(-3.97611e-305 1.7805e-299 0)
(-2.99755e-305 1.78051e-299 0)
(-2.00873e-305 1.78051e-299 0)
(-6.05745e-305 1.78052e-299 0)
(-8.11848e-305 1.78053e-299 0)
(-3.46825e-305 1.78054e-299 0)
(1.02536e-305 1.78054e-299 0)
(1.44295e-305 1.78054e-299 0)
(-3.52249e-305 1.78054e-299 0)
(-3.1242e-305 1.78056e-299 0)
(8.3744e-306 1.78056e-299 0)
(3.78802e-305 1.78056e-299 0)
(2.11537e-305 1.78056e-299 0)
(4.25269e-306 1.78058e-299 0)
(1.49616e-305 1.78059e-299 0)
(3.65237e-305 1.7806e-299 0)
(6.47879e-306 1.7806e-299 0)
(2.1708e-305 1.78063e-299 0)
(7.20078e-305 1.78064e-299 0)
(4.38674e-305 1.78064e-299 0)
(8.81899e-306 1.78065e-299 0)
(2.21618e-305 1.78067e-299 0)
(5.12365e-305 1.78068e-299 0)
(5.59807e-305 1.78067e-299 0)
(3.15118e-305 1.78067e-299 0)
(2.26251e-305 1.78067e-299 0)
(1.13712e-305 1.78066e-299 0)
(-4.57208e-306 1.78065e-299 0)
(-9.19159e-306 1.78064e-299 0)
(-6.92944e-306 1.78063e-299 0)
(2.78615e-305 1.78061e-299 0)
(3.03399e-305 1.78058e-299 0)
(3.03719e-305 1.78043e-299 0)
(3.52511e-305 1.78043e-299 0)
(4.5089e-305 1.78046e-299 0)
(6.97766e-305 1.78047e-299 0)
(4.62777e-305 1.78049e-299 0)
(4.11062e-305 1.7805e-299 0)
(4.58014e-305 1.7805e-299 0)
(3.90558e-305 1.78051e-299 0)
(2.2665e-305 1.7805e-299 0)
(9.66346e-306 1.78049e-299 0)
(6.40907e-306 1.78049e-299 0)
(-9.56401e-306 1.78048e-299 0)
(-1.74435e-305 1.78047e-299 0)
(-2.36639e-305 1.78045e-299 0)
(-4.86531e-305 1.78043e-299 0)
(-3.12272e-305 1.78043e-299 0)
(-1.70863e-305 1.78042e-299 0)
(-2.31793e-305 1.78042e-299 0)
(-2.15224e-305 1.78041e-299 0)
(-2.90583e-305 1.7804e-299 0)
(-1.67364e-305 1.78039e-299 0)
(-1.81637e-305 1.78038e-299 0)
(1.20467e-305 1.78038e-299 0)
(2.69652e-305 1.78037e-299 0)
(-4.47101e-306 1.78036e-299 0)
(2.96529e-306 1.78035e-299 0)
(-2.94999e-306 1.78035e-299 0)
(-2.6413e-305 1.78035e-299 0)
(-1.02187e-305 1.78034e-299 0)
(-2.0332e-305 1.78034e-299 0)
(-2.16719e-305 1.78034e-299 0)
(-2.01227e-305 1.78033e-299 0)
(-4.86173e-305 1.78033e-299 0)
(-4.9789e-305 1.78034e-299 0)
(-5.66082e-305 1.78034e-299 0)
(-5.7724e-305 1.78033e-299 0)
(-5.60256e-305 1.78033e-299 0)
(-2.64748e-305 1.78034e-299 0)
(-5.54489e-306 1.78033e-299 0)
(-2.20651e-305 1.78034e-299 0)
(-1.92074e-305 1.78034e-299 0)
(-3.95815e-305 1.78033e-299 0)
(-6.38183e-305 1.78034e-299 0)
(-3.10691e-305 1.78034e-299 0)
(-5.10667e-305 1.78034e-299 0)
(-7.08572e-305 1.78034e-299 0)
(-3.85709e-305 1.78035e-299 0)
(-2.91097e-305 1.78035e-299 0)
(-2.63268e-305 1.78035e-299 0)
(-2.75005e-305 1.78035e-299 0)
(-1.04223e-305 1.78035e-299 0)
(3.75861e-305 1.78035e-299 0)
(5.15754e-305 1.78034e-299 0)
(-1.15446e-305 1.78033e-299 0)
(-7.91191e-305 1.78035e-299 0)
(-5.71288e-305 1.78037e-299 0)
(-6.3149e-306 1.78037e-299 0)
(2.88987e-305 1.78036e-299 0)
(2.49996e-306 1.78035e-299 0)
(-2.86012e-305 1.78036e-299 0)
(-1.60825e-305 1.78036e-299 0)
(0 1.78036e-299 0)
(-1.22438e-306 1.78037e-299 0)
(2.43613e-306 1.78036e-299 0)
(2.18121e-305 1.78036e-299 0)
(1.68774e-305 1.78036e-299 0)
(1.07938e-305 1.78036e-299 0)
(2.74418e-305 1.78036e-299 0)
(3.20481e-305 1.78036e-299 0)
(4.72337e-306 1.78035e-299 0)
(-2.70193e-305 1.78036e-299 0)
(-3.50607e-305 1.78036e-299 0)
(-1.39519e-305 1.78036e-299 0)
(2.31332e-305 1.78035e-299 0)
(1.15069e-305 1.78036e-299 0)
(0 1.78037e-299 0)
(1.13885e-306 1.78037e-299 0)
(-2.26595e-306 1.78036e-299 0)
(-2.25426e-305 1.78036e-299 0)
(-1.12131e-305 1.78036e-299 0)
(-2.00795e-305 1.78037e-299 0)
(-7.76841e-306 1.78038e-299 0)
(2.3185e-305 1.78037e-299 0)
(2.85571e-305 1.78036e-299 0)
(3.16878e-305 1.78036e-299 0)
(1.30446e-305 1.78037e-299 0)
(1.18958e-305 1.78037e-299 0)
(4.19585e-305 1.78037e-299 0)
(5.45857e-305 1.78037e-299 0)
(4.79154e-305 1.78036e-299 0)
(2.86009e-305 1.78036e-299 0)
(7.37679e-306 1.78037e-299 0)
(4.2984e-305 1.78036e-299 0)
(7.71806e-305 1.78035e-299 0)
(6.53688e-305 1.78035e-299 0)
(4.33543e-305 1.78035e-299 0)
(6.4696e-305 1.78034e-299 0)
(6.94703e-305 1.78034e-299 0)
(4.0654e-306 1.78033e-299 0)
(-5.05554e-306 1.78035e-299 0)
(5.02945e-305 1.78035e-299 0)
(8.30582e-305 1.78035e-299 0)
(8.66118e-305 1.78034e-299 0)
(7.03185e-305 1.78033e-299 0)
(5.12352e-305 1.78032e-299 0)
(4.2149e-305 1.78032e-299 0)
(2.24285e-305 1.78032e-299 0)
(3.78347e-305 1.78032e-299 0)
(3.3779e-305 1.78031e-299 0)
(2.01628e-305 1.78032e-299 0)
(2.96106e-305 1.78032e-299 0)
(5.60649e-305 1.78032e-299 0)
(7.46827e-305 1.78031e-299 0)
(6.30117e-305 1.78031e-299 0)
(8.98196e-305 1.7803e-299 0)
(6.14324e-305 1.78029e-299 0)
(-1.01859e-305 1.78029e-299 0)
(3.68485e-306 1.78031e-299 0)
(4.5823e-306 1.78031e-299 0)
(-4.28514e-305 1.7803e-299 0)
(-3.90022e-305 1.78031e-299 0)
(-2.16564e-305 1.7803e-299 0)
(-1.43631e-305 1.7803e-299 0)
(-3.57225e-306 1.7803e-299 0)
(-2.57652e-305 1.78029e-299 0)
(-3.09355e-305 1.78029e-299 0)
(-5.27586e-306 1.78029e-299 0)
(6.99819e-306 1.7803e-299 0)
(3.82914e-305 1.78031e-299 0)
(5.19462e-305 1.7803e-299 0)
(1.46422e-305 1.78029e-299 0)
(-7.71173e-306 1.78029e-299 0)
(-2.1311e-305 1.7803e-299 0)
(-1.35686e-305 1.78031e-299 0)
(3.37466e-306 1.7803e-299 0)
(-1.94043e-305 1.78031e-299 0)
(-1.95049e-305 1.78031e-299 0)
(-3.40975e-305 1.78031e-299 0)
(-5.56959e-305 1.78032e-299 0)
(-5.77073e-305 1.78031e-299 0)
(-6.83958e-305 1.78032e-299 0)
(-2.17565e-305 1.78032e-299 0)
(-2.53684e-305 1.78031e-299 0)
(-5.53965e-305 1.78032e-299 0)
(-5.12645e-305 1.78032e-299 0)
(-3.73151e-305 1.78033e-299 0)
(-3.57225e-305 1.78033e-299 0)
(-1.79539e-305 1.78034e-299 0)
(-8.12114e-306 1.78033e-299 0)
(-3.90022e-305 1.78034e-299 0)
(-4.83218e-305 1.78033e-299 0)
(-7.88156e-305 1.78033e-299 0)
(-1.03176e-304 1.78034e-299 0)
(-7.13013e-305 1.78036e-299 0)
(-3.35086e-305 1.78036e-299 0)
(-5.4266e-305 1.78036e-299 0)
(-5.54879e-305 1.78037e-299 0)
(-6.99559e-305 1.78037e-299 0)
(-6.93685e-305 1.78038e-299 0)
(-1.91036e-305 1.78036e-299 0)
(-5.76081e-306 1.78036e-299 0)
(1.25465e-305 1.78037e-299 0)
(3.29841e-305 1.78037e-299 0)
(-1.85279e-305 1.78036e-299 0)
(-5.97927e-305 1.78036e-299 0)
(-6.30587e-305 1.78036e-299 0)
(-4.65489e-305 1.78037e-299 0)
(-1.79197e-305 1.78038e-299 0)
(-2.20154e-305 1.78038e-299 0)
(-3.21885e-305 1.78038e-299 0)
(-1.41555e-305 1.78039e-299 0)
(-7.11446e-306 1.78038e-299 0)
(-3.67784e-305 1.78038e-299 0)
(-2.46461e-305 1.78038e-299 0)
(-2.58062e-305 1.78038e-299 0)
(-3.94288e-305 1.78038e-299 0)
(-3.75473e-305 1.78039e-299 0)
(-1.67742e-305 1.7804e-299 0)
(-5.26913e-306 1.78039e-299 0)
(-1.05929e-306 1.7804e-299 0)
(-2.02309e-305 1.78039e-299 0)
(-6.31482e-305 1.7804e-299 0)
(-5.37929e-305 1.7804e-299 0)
(-4.97462e-305 1.7804e-299 0)
(-6.9571e-305 1.78039e-299 0)
(-5.02635e-305 1.7804e-299 0)
(-5.38192e-305 1.7804e-299 0)
(-6.84509e-305 1.78042e-299 0)
(-5.32691e-305 1.78041e-299 0)
(-6.02385e-305 1.78041e-299 0)
(-4.26099e-305 1.78042e-299 0)
(-3.4941e-305 1.78041e-299 0)
(-5.89147e-305 1.78041e-299 0)
(-8.65526e-305 1.78042e-299 0)
(-5.03693e-305 1.78043e-299 0)
(-2.07125e-305 1.78042e-299 0)
(-4.51098e-305 1.78042e-299 0)
(-4.88317e-305 1.78043e-299 0)
(-4.67476e-305 1.78043e-299 0)
(-4.34658e-305 1.78043e-299 0)
(-6.0223e-305 1.78043e-299 0)
(-6.64701e-305 1.78043e-299 0)
(-7.15873e-305 1.78044e-299 0)
(-7.67559e-305 1.78045e-299 0)
(-5.78654e-305 1.78044e-299 0)
(-3.8777e-305 1.78044e-299 0)
(-6.82117e-305 1.78044e-299 0)
(-6.61167e-305 1.78045e-299 0)
(-3.93835e-305 1.78045e-299 0)
(-5.81445e-305 1.78045e-299 0)
(-9.69955e-305 1.78045e-299 0)
(-1.02498e-304 1.78045e-299 0)
(-6.91055e-305 1.78045e-299 0)
(-4.92562e-305 1.78046e-299 0)
(-5.71288e-305 1.78045e-299 0)
(-6.89101e-305 1.78046e-299 0)
(-4.74611e-305 1.78047e-299 0)
(-6.44692e-306 1.78047e-299 0)
(-2.33293e-305 1.78047e-299 0)
(-1.43307e-305 1.78047e-299 0)
(-5.2382e-306 1.78047e-299 0)
(-2.10615e-305 1.78047e-299 0)
(-3.9695e-306 1.78047e-299 0)
(-1.59604e-305 1.78047e-299 0)
(-4.41186e-305 1.78047e-299 0)
(-5.37544e-305 1.78047e-299 0)
(-5.80857e-305 1.78048e-299 0)
(-2.03675e-305 1.78049e-299 0)
(1.91083e-305 1.78049e-299 0)
(-1.64635e-305 1.78049e-299 0)
(-5.24047e-305 1.78049e-299 0)
(-6.37663e-305 1.78049e-299 0)
(-3.06551e-305 1.78049e-299 0)
(1.26058e-305 1.78049e-299 0)
(-1.12632e-305 1.78049e-299 0)
(-4.38713e-305 1.7805e-299 0)
(-3.27185e-305 1.7805e-299 0)
(-2.57386e-305 1.7805e-299 0)
(-3.59334e-305 1.7805e-299 0)
(-2.31167e-305 1.78051e-299 0)
(-1.74274e-305 1.78051e-299 0)
(-4.81739e-305 1.78051e-299 0)
(-7.04346e-305 1.78053e-299 0)
(-3.09749e-305 1.78054e-299 0)
(1.03785e-305 1.78054e-299 0)
(1.63937e-305 1.78054e-299 0)
(-2.2471e-305 1.78054e-299 0)
(-2.40933e-305 1.78056e-299 0)
(1.05955e-305 1.78056e-299 0)
(3.80373e-305 1.78056e-299 0)
(3.21171e-305 1.78057e-299 0)
(1.53732e-305 1.78058e-299 0)
(2.78152e-305 1.78059e-299 0)
(4.65991e-305 1.7806e-299 0)
(2.65431e-305 1.78061e-299 0)
(4.23753e-305 1.78063e-299 0)
(7.73022e-305 1.78064e-299 0)
(5.07449e-305 1.78064e-299 0)
(2.2316e-305 1.78065e-299 0)
(3.20454e-305 1.78067e-299 0)
(5.47596e-305 1.78067e-299 0)
(5.01868e-305 1.78067e-299 0)
(3.41738e-305 1.78067e-299 0)
(1.79934e-305 1.78067e-299 0)
(1.64425e-306 1.78067e-299 0)
(-1.65278e-305 1.78066e-299 0)
(-2.65816e-305 1.78064e-299 0)
(-2.83894e-305 1.78062e-299 0)
(1.67862e-306 1.78061e-299 0)
(1.5186e-305 1.78059e-299 0)
(3.65975e-305 1.78043e-299 0)
(6.06811e-305 1.78043e-299 0)
(7.72711e-305 1.78046e-299 0)
(9.60905e-305 1.78047e-299 0)
(7.16961e-305 1.78049e-299 0)
(5.23058e-305 1.7805e-299 0)
(5.2036e-305 1.78051e-299 0)
(3.2943e-305 1.78051e-299 0)
(1.40456e-305 1.7805e-299 0)
(0 1.78049e-299 0)
(-1.15842e-305 1.78048e-299 0)
(-2.76586e-305 1.78047e-299 0)
(-3.89808e-305 1.78046e-299 0)
(-4.3342e-305 1.78045e-299 0)
(-6.35429e-305 1.78044e-299 0)
(-4.06383e-305 1.78043e-299 0)
(-3.14445e-305 1.78042e-299 0)
(-3.35167e-305 1.78042e-299 0)
(-3.55667e-305 1.7804e-299 0)
(-3.53832e-305 1.7804e-299 0)
(-3.08005e-305 1.78039e-299 0)
(-2.84529e-305 1.78038e-299 0)
(-2.17739e-306 1.78038e-299 0)
(1.08308e-305 1.78037e-299 0)
(-1.07749e-305 1.78036e-299 0)
(-6.4316e-306 1.78036e-299 0)
(-6.39841e-306 1.78035e-299 0)
(-3.1827e-305 1.78035e-299 0)
(-1.4776e-305 1.78034e-299 0)
(-2.09996e-305 1.78034e-299 0)
(-2.50695e-305 1.78034e-299 0)
(-2.70186e-305 1.78033e-299 0)
(-4.54878e-305 1.78034e-299 0)
(-4.9367e-305 1.78034e-299 0)
(-5.93441e-305 1.78033e-299 0)
(-5.70021e-305 1.78033e-299 0)
(-5.46827e-305 1.78033e-299 0)
(-2.4178e-305 1.78034e-299 0)
(-6.01332e-306 1.78034e-299 0)
(-2.39292e-305 1.78034e-299 0)
(-2.18219e-305 1.78034e-299 0)
(-3.74979e-305 1.78033e-299 0)
(-5.4975e-305 1.78034e-299 0)
(-3.51587e-305 1.78034e-299 0)
(-5.2466e-305 1.78034e-299 0)
(-6.18611e-305 1.78034e-299 0)
(-3.26942e-305 1.78035e-299 0)
(-3.25255e-305 1.78035e-299 0)
(-2.28407e-305 1.78035e-299 0)
(-2.651e-305 1.78035e-299 0)
(-1.13028e-305 1.78035e-299 0)
(2.99853e-305 1.78035e-299 0)
(4.10171e-305 1.78034e-299 0)
(-7.41918e-306 1.78033e-299 0)
(-5.90472e-305 1.78034e-299 0)
(-4.40569e-305 1.78036e-299 0)
(-7.30494e-306 1.78036e-299 0)
(1.81681e-305 1.78036e-299 0)
(1.80744e-306 1.78035e-299 0)
(-2.15774e-305 1.78036e-299 0)
(-1.60995e-305 1.78036e-299 0)
(1.77961e-306 1.78036e-299 0)
(3.54085e-306 1.78037e-299 0)
(0 1.78036e-299 0)
(1.92742e-305 1.78036e-299 0)
(1.74316e-305 1.78036e-299 0)
(1.21392e-305 1.78036e-299 0)
(2.93288e-305 1.78036e-299 0)
(2.57448e-305 1.78036e-299 0)
(0 1.78035e-299 0)
(-2.20825e-305 1.78036e-299 0)
(-3.2108e-305 1.78036e-299 0)
(-1.34494e-305 1.78037e-299 0)
(1.83975e-305 1.78036e-299 0)
(1.49748e-305 1.78036e-299 0)
(4.96586e-306 1.78036e-299 0)
(0 1.78036e-299 0)
(-4.91475e-306 1.78036e-299 0)
(-2.11874e-305 1.78036e-299 0)
(-9.72833e-306 1.78037e-299 0)
(-1.12912e-305 1.78037e-299 0)
(-4.8141e-306 1.78037e-299 0)
(1.59642e-305 1.78037e-299 0)
(2.22346e-305 1.78037e-299 0)
(3.00198e-305 1.78036e-299 0)
(1.57184e-305 1.78036e-299 0)
(1.56373e-305 1.78037e-299 0)
(4.04472e-305 1.78037e-299 0)
(4.79767e-305 1.78036e-299 0)
(4.46499e-305 1.78036e-299 0)
(3.21658e-305 1.78036e-299 0)
(9.14282e-306 1.78036e-299 0)
(3.78986e-305 1.78036e-299 0)
(7.08817e-305 1.78035e-299 0)
(6.15139e-305 1.78035e-299 0)
(4.17928e-305 1.78034e-299 0)
(5.93959e-305 1.78035e-299 0)
(6.35212e-305 1.78034e-299 0)
(8.81769e-306 1.78033e-299 0)
(1.46203e-306 1.78034e-299 0)
(4.79982e-305 1.78034e-299 0)
(7.81372e-305 1.78034e-299 0)
(8.06131e-305 1.78033e-299 0)
(6.44442e-305 1.78033e-299 0)
(4.70152e-305 1.78032e-299 0)
(4.25206e-305 1.78032e-299 0)
(2.39707e-305 1.78032e-299 0)
(3.08609e-305 1.78032e-299 0)
(3.20972e-305 1.78031e-299 0)
(2.36016e-305 1.78032e-299 0)
(3.03856e-305 1.78032e-299 0)
(5.08395e-305 1.78032e-299 0)
(6.69806e-305 1.78031e-299 0)
(5.98355e-305 1.78031e-299 0)
(8.25258e-305 1.7803e-299 0)
(5.78738e-305 1.78029e-299 0)
(0 1.78029e-299 0)
(6.66025e-306 1.78031e-299 0)
(1.32518e-306 1.7803e-299 0)
(-4.08685e-305 1.7803e-299 0)
(-3.93461e-305 1.7803e-299 0)
(-2.34859e-305 1.7803e-299 0)
(-1.42784e-305 1.7803e-299 0)
(-9.0394e-306 1.7803e-299 0)
(-2.69783e-305 1.78029e-299 0)
(-2.81171e-305 1.7803e-299 0)
(-5.08583e-306 1.7803e-299 0)
(1.2649e-305 1.7803e-299 0)
(3.90095e-305 1.78031e-299 0)
(4.63195e-305 1.7803e-299 0)
(1.12088e-305 1.78029e-299 0)
(-4.95598e-306 1.78029e-299 0)
(-1.72564e-305 1.7803e-299 0)
(-1.10362e-305 1.78031e-299 0)
(3.65975e-306 1.7803e-299 0)
(-1.95187e-305 1.7803e-299 0)
(-1.71674e-305 1.78031e-299 0)
(-3.08151e-305 1.78031e-299 0)
(-5.32768e-305 1.78031e-299 0)
(-5.97802e-305 1.78031e-299 0)
(-6.38458e-305 1.78032e-299 0)
(-2.39091e-305 1.78032e-299 0)
(-2.5298e-305 1.78031e-299 0)
(-5.08583e-305 1.78032e-299 0)
(-4.9844e-305 1.78032e-299 0)
(-3.2117e-305 1.78032e-299 0)
(-3.09922e-305 1.78033e-299 0)
(-1.81726e-305 1.78033e-299 0)
(-7.82863e-306 1.78033e-299 0)
(-3.67231e-305 1.78034e-299 0)
(-5.00969e-305 1.78034e-299 0)
(-7.55351e-305 1.78033e-299 0)
(-9.19114e-305 1.78034e-299 0)
(-6.2931e-305 1.78036e-299 0)
(-3.36475e-305 1.78036e-299 0)
(-4.87037e-305 1.78036e-299 0)
(-5.16761e-305 1.78037e-299 0)
(-6.83475e-305 1.78036e-299 0)
(-7.0076e-305 1.78037e-299 0)
(-2.4861e-305 1.78037e-299 0)
(-5.55331e-306 1.78036e-299 0)
(1.39553e-305 1.78037e-299 0)
(2.94581e-305 1.78037e-299 0)
(-1.83305e-305 1.78036e-299 0)
(-5.95289e-305 1.78037e-299 0)
(-5.84129e-305 1.78036e-299 0)
(-4.00986e-305 1.78037e-299 0)
(-1.58347e-305 1.78037e-299 0)
(-2.17048e-305 1.78038e-299 0)
(-2.61808e-305 1.78038e-299 0)
(-1.16963e-305 1.78039e-299 0)
(-1.17569e-305 1.78038e-299 0)
(-3.84082e-305 1.78038e-299 0)
(-2.52433e-305 1.78038e-299 0)
(-2.2389e-305 1.78038e-299 0)
(-3.30075e-305 1.78039e-299 0)
(-3.31787e-305 1.78039e-299 0)
(-1.21275e-305 1.7804e-299 0)
(-4.57141e-306 1.78039e-299 0)
(-3.06341e-306 1.7804e-299 0)
(-1.84758e-305 1.78039e-299 0)
(-5.88101e-305 1.7804e-299 0)
(-5.60038e-305 1.7804e-299 0)
(-5.00393e-305 1.7804e-299 0)
(-6.91609e-305 1.7804e-299 0)
(-4.73997e-305 1.7804e-299 0)
(-4.60574e-305 1.7804e-299 0)
(-6.38569e-305 1.78041e-299 0)
(-5.61645e-305 1.78041e-299 0)
(-5.64558e-305 1.78041e-299 0)
(-4.21561e-305 1.78042e-299 0)
(-3.58555e-305 1.78041e-299 0)
(-5.57005e-305 1.78042e-299 0)
(-7.57503e-305 1.78042e-299 0)
(-5.13139e-305 1.78043e-299 0)
(-2.32942e-305 1.78042e-299 0)
(-4.014e-305 1.78042e-299 0)
(-4.53917e-305 1.78043e-299 0)
(-4.56271e-305 1.78043e-299 0)
(-4.58637e-305 1.78043e-299 0)
(-5.80538e-305 1.78043e-299 0)
(-6.35039e-305 1.78043e-299 0)
(-6.38332e-305 1.78044e-299 0)
(-7.11009e-305 1.78044e-299 0)
(-5.92675e-305 1.78044e-299 0)
(-4.38051e-305 1.78044e-299 0)
(-6.16452e-305 1.78044e-299 0)
(-6.01944e-305 1.78045e-299 0)
(-4.09309e-305 1.78045e-299 0)
(-5.54539e-305 1.78045e-299 0)
(-9.35019e-305 1.78045e-299 0)
(-9.94091e-305 1.78045e-299 0)
(-6.90388e-305 1.78046e-299 0)
(-4.74821e-305 1.78046e-299 0)
(-5.50711e-305 1.78046e-299 0)
(-6.08924e-305 1.78046e-299 0)
(-4.08055e-305 1.78047e-299 0)
(-5.59324e-306 1.78047e-299 0)
(-2.2489e-305 1.78047e-299 0)
(-1.69542e-305 1.78047e-299 0)
(-5.68072e-306 1.78047e-299 0)
(-1.90339e-305 1.78047e-299 0)
(-3.82653e-306 1.78047e-299 0)
(-1.73087e-305 1.78047e-299 0)
(-4.05964e-305 1.78047e-299 0)
(-5.05228e-305 1.78047e-299 0)
(-4.88316e-305 1.78048e-299 0)
(-1.37438e-305 1.78049e-299 0)
(1.3815e-305 1.78048e-299 0)
(-1.38867e-305 1.78048e-299 0)
(-4.98525e-305 1.78049e-299 0)
(-6.01332e-305 1.78049e-299 0)
(-2.82077e-305 1.78049e-299 0)
(1.01264e-305 1.78049e-299 0)
(-6.10737e-306 1.78049e-299 0)
(-3.47879e-305 1.7805e-299 0)
(-3.08544e-305 1.7805e-299 0)
(-2.27439e-305 1.7805e-299 0)
(-2.90969e-305 1.7805e-299 0)
(-2.08913e-305 1.78051e-299 0)
(-1.04998e-305 1.78051e-299 0)
(-3.79954e-305 1.78052e-299 0)
(-5.72886e-305 1.78053e-299 0)
(-1.91952e-305 1.78053e-299 0)
(1.50071e-305 1.78054e-299 0)
(1.93949e-305 1.78054e-299 0)
(-1.2997e-305 1.78054e-299 0)
(-8.70958e-306 1.78056e-299 0)
(1.75095e-305 1.78056e-299 0)
(4.18007e-305 1.78057e-299 0)
(4.20175e-305 1.78057e-299 0)
(3.11208e-305 1.78058e-299 0)
(4.46889e-305 1.78059e-299 0)
(5.83969e-305 1.7806e-299 0)
(4.9669e-305 1.78061e-299 0)
(6.12735e-305 1.78063e-299 0)
(8.89652e-305 1.78063e-299 0)
(6.42037e-305 1.78064e-299 0)
(4.14879e-305 1.78065e-299 0)
(4.63367e-305 1.78066e-299 0)
(6.2879e-305 1.78067e-299 0)
(5.15004e-305 1.78067e-299 0)
(3.5296e-305 1.78067e-299 0)
(1.18264e-305 1.78067e-299 0)
(-1.18877e-305 1.78067e-299 0)
(-3.82379e-305 1.78066e-299 0)
(-5.04475e-305 1.78064e-299 0)
(-6.0368e-305 1.78062e-299 0)
(-3.15542e-305 1.7806e-299 0)
(0 1.78059e-299 0)
(4.58631e-305 1.78042e-299 0)
(9.82724e-305 1.78043e-299 0)
(1.22207e-304 1.78046e-299 0)
(1.37207e-304 1.78048e-299 0)
(1.05398e-304 1.78049e-299 0)
(7.0476e-305 1.7805e-299 0)
(5.13017e-305 1.78051e-299 0)
(2.55185e-305 1.78051e-299 0)
(1.69246e-306 1.7805e-299 0)
(-2.02047e-305 1.78049e-299 0)
(-3.18257e-305 1.78048e-299 0)
(-5.33247e-305 1.78047e-299 0)
(-5.96808e-305 1.78046e-299 0)
(-6.92683e-305 1.78045e-299 0)
(-8.03961e-305 1.78044e-299 0)
(-6.20263e-305 1.78043e-299 0)
(-5.03394e-305 1.78042e-299 0)
(-5.16951e-305 1.78041e-299 0)
(-5.14284e-305 1.7804e-299 0)
(-5.27619e-305 1.7804e-299 0)
(-4.61273e-305 1.78039e-299 0)
(-4.27245e-305 1.78038e-299 0)
(-1.88907e-305 1.78038e-299 0)
(-4.69831e-306 1.78037e-299 0)
(-2.33704e-305 1.78036e-299 0)
(-1.39499e-305 1.78036e-299 0)
(-1.85039e-305 1.78035e-299 0)
(-3.37487e-305 1.78035e-299 0)
(-2.28918e-305 1.78035e-299 0)
(-2.88466e-305 1.78034e-299 0)
(-3.02082e-305 1.78034e-299 0)
(-2.85497e-305 1.78034e-299 0)
(-4.63408e-305 1.78034e-299 0)
(-5.05632e-305 1.78033e-299 0)
(-5.76997e-305 1.78033e-299 0)
(-5.88739e-305 1.78034e-299 0)
(-4.97846e-305 1.78033e-299 0)
(-2.33072e-305 1.78034e-299 0)
(-8.6951e-306 1.78033e-299 0)
(-2.30673e-305 1.78033e-299 0)
(-2.58168e-305 1.78034e-299 0)
(-3.56717e-305 1.78033e-299 0)
(-4.96827e-305 1.78034e-299 0)
(-3.38924e-305 1.78034e-299 0)
(-4.91714e-305 1.78034e-299 0)
(-5.31106e-305 1.78034e-299 0)
(-3.05896e-305 1.78035e-299 0)
(-3.04318e-305 1.78035e-299 0)
(-2.33941e-305 1.78035e-299 0)
(-2.46425e-305 1.78035e-299 0)
(-9.53374e-306 1.78035e-299 0)
(2.1679e-305 1.78035e-299 0)
(2.96548e-305 1.78034e-299 0)
(-6.70495e-306 1.78034e-299 0)
(-4.13562e-305 1.78034e-299 0)
(-3.05253e-305 1.78035e-299 0)
(-3.96102e-306 1.78036e-299 0)
(1.18218e-305 1.78036e-299 0)
(1.30675e-306 1.78035e-299 0)
(-1.69001e-305 1.78036e-299 0)
(-1.16397e-305 1.78036e-299 0)
(6.43315e-306 1.78036e-299 0)
(5.11997e-306 1.78036e-299 0)
(1.27339e-306 1.78036e-299 0)
(1.64686e-305 1.78037e-299 0)
(1.7644e-305 1.78036e-299 0)
(1.50454e-305 1.78037e-299 0)
(2.36989e-305 1.78036e-299 0)
(2.10949e-305 1.78036e-299 0)
(-2.46895e-306 1.78036e-299 0)
(-1.71935e-305 1.78036e-299 0)
(-2.56571e-305 1.78036e-299 0)
(-1.45856e-305 1.78037e-299 0)
(1.45103e-305 1.78036e-299 0)
(1.80443e-305 1.78036e-299 0)
(4.78699e-306 1.78036e-299 0)
(0 1.78036e-299 0)
(-2.36886e-306 1.78036e-299 0)
(-1.64965e-305 1.78037e-299 0)
(-8.20569e-306 1.78037e-299 0)
(-8.16335e-306 1.78037e-299 0)
(-4.64071e-306 1.78037e-299 0)
(1.26961e-305 1.78037e-299 0)
(1.952e-305 1.78037e-299 0)
(2.62732e-305 1.78037e-299 0)
(1.81827e-305 1.78036e-299 0)
(1.58278e-305 1.78036e-299 0)
(3.71158e-305 1.78037e-299 0)
(4.25189e-305 1.78036e-299 0)
(3.89601e-305 1.78036e-299 0)
(3.10073e-305 1.78035e-299 0)
(1.65253e-305 1.78036e-299 0)
(3.39762e-305 1.78036e-299 0)
(6.10596e-305 1.78035e-299 0)
(5.5321e-305 1.78035e-299 0)
(3.99277e-305 1.78035e-299 0)
(5.3678e-305 1.78034e-299 0)
(5.55371e-305 1.78034e-299 0)
(1.38126e-305 1.78033e-299 0)
(7.39921e-306 1.78034e-299 0)
(4.52178e-305 1.78034e-299 0)
(6.79998e-305 1.78034e-299 0)
(7.38935e-305 1.78033e-299 0)
(5.90168e-305 1.78032e-299 0)
(4.63519e-305 1.78032e-299 0)
(4.09891e-305 1.78032e-299 0)
(2.34471e-305 1.78032e-299 0)
(2.43403e-305 1.78032e-299 0)
(2.92595e-305 1.78031e-299 0)
(2.50936e-305 1.78032e-299 0)
(2.99569e-305 1.78031e-299 0)
(4.47035e-305 1.78031e-299 0)
(6.02855e-305 1.78031e-299 0)
(5.60417e-305 1.78031e-299 0)
(7.23805e-305 1.7803e-299 0)
(5.44918e-305 1.78029e-299 0)
(6.77633e-306 1.78029e-299 0)
(9.63053e-306 1.7803e-299 0)
(0 1.7803e-299 0)
(-4.00319e-305 1.7803e-299 0)
(-3.79289e-305 1.7803e-299 0)
(-2.264e-305 1.7803e-299 0)
(-1.59539e-305 1.7803e-299 0)
(-1.30707e-305 1.7803e-299 0)
(-2.60066e-305 1.7803e-299 0)
(-2.67964e-305 1.7803e-299 0)
(-3.67698e-306 1.7803e-299 0)
(1.64611e-305 1.7803e-299 0)
(3.8211e-305 1.7803e-299 0)
(3.89189e-305 1.7803e-299 0)
(9.90464e-306 1.78029e-299 0)
(-2.68733e-306 1.7803e-299 0)
(-1.1585e-305 1.7803e-299 0)
(-1.06387e-305 1.7803e-299 0)
(2.64595e-306 1.7803e-299 0)
(-1.58757e-305 1.7803e-299 0)
(-1.5958e-305 1.7803e-299 0)
(-2.85169e-305 1.7803e-299 0)
(-5.10592e-305 1.78031e-299 0)
(-5.58261e-305 1.78031e-299 0)
(-5.88309e-305 1.78031e-299 0)
(-2.82033e-305 1.78032e-299 0)
(-2.74351e-305 1.78031e-299 0)
(-4.41238e-305 1.78032e-299 0)
(-4.62007e-305 1.78032e-299 0)
(-2.69354e-305 1.78032e-299 0)
(-2.33406e-305 1.78033e-299 0)
(-1.59539e-305 1.78033e-299 0)
(-7.54665e-306 1.78033e-299 0)
(-3.03432e-305 1.78034e-299 0)
(-4.95633e-305 1.78034e-299 0)
(-7.18563e-305 1.78034e-299 0)
(-8.18595e-305 1.78035e-299 0)
(-5.61468e-305 1.78035e-299 0)
(-3.11382e-305 1.78036e-299 0)
(-4.3037e-305 1.78036e-299 0)
(-4.7193e-305 1.78036e-299 0)
(-6.42386e-305 1.78036e-299 0)
(-6.85454e-305 1.78037e-299 0)
(-3.09555e-305 1.78037e-299 0)
(-4.01497e-306 1.78037e-299 0)
(1.61432e-305 1.78037e-299 0)
(2.12978e-305 1.78037e-299 0)
(-1.83499e-305 1.78036e-299 0)
(-5.43105e-305 1.78036e-299 0)
(-5.45922e-305 1.78037e-299 0)
(-3.31323e-305 1.78037e-299 0)
(-1.56113e-305 1.78037e-299 0)
(-1.67384e-305 1.78037e-299 0)
(-1.99799e-305 1.78038e-299 0)
(-1.05703e-305 1.78038e-299 0)
(-1.27501e-305 1.78038e-299 0)
(-3.73808e-305 1.78038e-299 0)
(-2.6839e-305 1.78038e-299 0)
(-1.94243e-305 1.78038e-299 0)
(-2.92876e-305 1.78039e-299 0)
(-2.50781e-305 1.78039e-299 0)
(-1.09601e-305 1.78039e-299 0)
(-4.40676e-306 1.78039e-299 0)
(-2.21481e-306 1.78039e-299 0)
(-1.78103e-305 1.78039e-299 0)
(-5.14703e-305 1.7804e-299 0)
(-5.17372e-305 1.7804e-299 0)
(-5.31361e-305 1.7804e-299 0)
(-6.47758e-305 1.7804e-299 0)
(-4.34078e-305 1.7804e-299 0)
(-4.47812e-305 1.7804e-299 0)
(-5.88637e-305 1.78041e-299 0)
(-5.56885e-305 1.78041e-299 0)
(-5.24787e-305 1.78041e-299 0)
(-3.75117e-305 1.78042e-299 0)
(-3.41713e-305 1.78042e-299 0)
(-4.97461e-305 1.78042e-299 0)
(-7.02439e-305 1.78042e-299 0)
(-4.66732e-305 1.78043e-299 0)
(-2.52621e-305 1.78042e-299 0)
(-3.86942e-305 1.78043e-299 0)
(-4.25413e-305 1.78043e-299 0)
(-4.39837e-305 1.78043e-299 0)
(-4.78961e-305 1.78043e-299 0)
(-5.43168e-305 1.78043e-299 0)
(-5.45985e-305 1.78043e-299 0)
(-5.98709e-305 1.78044e-299 0)
(-6.39428e-305 1.78044e-299 0)
(-5.92333e-305 1.78044e-299 0)
(-4.43386e-305 1.78044e-299 0)
(-5.85759e-305 1.78044e-299 0)
(-5.50397e-305 1.78045e-299 0)
(-3.85989e-305 1.78045e-299 0)
(-5.30254e-305 1.78045e-299 0)
(-8.84007e-305 1.78045e-299 0)
(-9.14727e-305 1.78046e-299 0)
(-6.56765e-305 1.78046e-299 0)
(-5.0173e-305 1.78046e-299 0)
(-5.17604e-305 1.78046e-299 0)
(-4.93607e-305 1.78046e-299 0)
(-3.35248e-305 1.78047e-299 0)
(-1.07836e-305 1.78047e-299 0)
(-1.89691e-305 1.78047e-299 0)
(-1.63436e-305 1.78047e-299 0)
(-8.21416e-306 1.78047e-299 0)
(-1.37613e-305 1.78047e-299 0)
(-4.14979e-306 1.78047e-299 0)
(-1.66852e-305 1.78047e-299 0)
(-3.77365e-305 1.78047e-299 0)
(-4.63616e-305 1.78047e-299 0)
(-3.67167e-305 1.78048e-299 0)
(-9.93654e-306 1.78048e-299 0)
(1.14149e-305 1.78048e-299 0)
(-1.29084e-305 1.78048e-299 0)
(-4.46929e-305 1.78048e-299 0)
(-5.50689e-305 1.78049e-299 0)
(-2.47639e-305 1.78049e-299 0)
(7.32127e-306 1.78049e-299 0)
(-2.94369e-306 1.78049e-299 0)
(-2.21922e-305 1.78049e-299 0)
(-2.23073e-305 1.7805e-299 0)
(-2.09281e-305 1.7805e-299 0)
(-1.9534e-305 1.7805e-299 0)
(-1.20833e-305 1.78051e-299 0)
(-6.07298e-306 1.78051e-299 0)
(-2.44179e-305 1.78052e-299 0)
(-3.98848e-305 1.78053e-299 0)
(-9.25193e-306 1.78053e-299 0)
(2.47998e-305 1.78054e-299 0)
(2.64864e-305 1.78054e-299 0)
(3.13221e-306 1.78055e-299 0)
(7.87113e-306 1.78056e-299 0)
(3.16478e-305 1.78056e-299 0)
(5.24897e-305 1.78057e-299 0)
(5.75584e-305 1.78057e-299 0)
(5.14284e-305 1.78058e-299 0)
(6.30034e-305 1.78059e-299 0)
(7.79448e-305 1.7806e-299 0)
(7.50845e-305 1.78061e-299 0)
(8.69591e-305 1.78062e-299 0)
(1.05552e-304 1.78063e-299 0)
(8.289e-305 1.78064e-299 0)
(6.66559e-305 1.78065e-299 0)
(7.03516e-305 1.78066e-299 0)
(7.40839e-305 1.78067e-299 0)
(5.75436e-305 1.78068e-299 0)
(3.23235e-305 1.78068e-299 0)
(6.84023e-306 1.78068e-299 0)
(-2.75028e-305 1.78067e-299 0)
(-6.91137e-305 1.78066e-299 0)
(-9.55241e-305 1.78064e-299 0)
(-1.04749e-304 1.78062e-299 0)
(-7.37043e-305 1.7806e-299 0)
(-2.11676e-305 1.78058e-299 0)
(6.63167e-305 1.78042e-299 0)
(1.54787e-304 1.78043e-299 0)
(1.91854e-304 1.78046e-299 0)
(1.90864e-304 1.78048e-299 0)
(1.47406e-304 1.78049e-299 0)
(9.69353e-305 1.78051e-299 0)
(5.43993e-305 1.78051e-299 0)
(1.72196e-305 1.78051e-299 0)
(-2.20252e-305 1.7805e-299 0)
(-4.86924e-305 1.78049e-299 0)
(-6.53956e-305 1.78048e-299 0)
(-8.43347e-305 1.78047e-299 0)
(-9.58853e-305 1.78046e-299 0)
(-1.0016e-304 1.78045e-299 0)
(-1.06761e-304 1.78044e-299 0)
(-8.73281e-305 1.78043e-299 0)
(-7.74854e-305 1.78042e-299 0)
(-7.70856e-305 1.78041e-299 0)
(-7.4364e-305 1.7804e-299 0)
(-7.39804e-305 1.7804e-299 0)
(-6.66988e-305 1.78039e-299 0)
(-6.17785e-305 1.78038e-299 0)
(-4.09732e-305 1.78038e-299 0)
(-2.71745e-305 1.78037e-299 0)
(-3.82986e-305 1.78036e-299 0)
(-3.13773e-305 1.78036e-299 0)
(-3.12154e-305 1.78035e-299 0)
(-3.9927e-305 1.78035e-299 0)
(-3.31009e-305 1.78034e-299 0)
(-3.51254e-305 1.78034e-299 0)
(-3.27602e-305 1.78034e-299 0)
(-3.69366e-305 1.78034e-299 0)
(-4.53922e-305 1.78034e-299 0)
(-5.16092e-305 1.78034e-299 0)
(-5.56215e-305 1.78034e-299 0)
(-5.74627e-305 1.78034e-299 0)
(-4.86972e-305 1.78034e-299 0)
(-2.52761e-305 1.78034e-299 0)
(-1.25729e-305 1.78034e-299 0)
(-1.8762e-305 1.78034e-299 0)
(-2.48869e-305 1.78034e-299 0)
(-3.71378e-305 1.78034e-299 0)
(-4.51565e-305 1.78034e-299 0)
(-3.67556e-305 1.78034e-299 0)
(-4.26603e-305 1.78034e-299 0)
(-4.24402e-305 1.78034e-299 0)
(-2.61369e-305 1.78035e-299 0)
(-2.60021e-305 1.78035e-299 0)
(-2.38781e-305 1.78035e-299 0)
(-2.37549e-305 1.78035e-299 0)
(-9.8468e-306 1.78035e-299 0)
(1.37144e-305 1.78035e-299 0)
(1.94909e-305 1.78034e-299 0)
(-3.87807e-306 1.78034e-299 0)
(-2.50774e-305 1.78034e-299 0)
(-2.11099e-305 1.78035e-299 0)
(0 1.78035e-299 0)
(1.1396e-305 1.78035e-299 0)
(3.77906e-306 1.78035e-299 0)
(-9.39889e-306 1.78036e-299 0)
(-3.74016e-306 1.78036e-299 0)
(7.44173e-306 1.78036e-299 0)
(7.40333e-306 1.78036e-299 0)
(7.36514e-306 1.78036e-299 0)
(1.64861e-305 1.78037e-299 0)
(1.82233e-305 1.78036e-299 0)
(1.26905e-305 1.78037e-299 0)
(1.98394e-305 1.78036e-299 0)
(1.43542e-305 1.78036e-299 0)
(-3.57003e-306 1.78036e-299 0)
(-1.59822e-305 1.78036e-299 0)
(-1.94331e-305 1.78036e-299 0)
(-1.23027e-305 1.78036e-299 0)
(1.04908e-305 1.78036e-299 0)
(1.73944e-305 1.78036e-299 0)
(8.65233e-306 1.78036e-299 0)
(0 1.78036e-299 0)
(0 1.78036e-299 0)
(-8.51909e-306 1.78037e-299 0)
(-5.08508e-306 1.78037e-299 0)
(-1.01177e-305 1.78037e-299 0)
(-1.67758e-306 1.78037e-299 0)
(1.00136e-305 1.78037e-299 0)
(1.49428e-305 1.78037e-299 0)
(2.31245e-305 1.78037e-299 0)
(1.47891e-305 1.78036e-299 0)
(1.79823e-305 1.78037e-299 0)
(3.25263e-305 1.78036e-299 0)
(3.23585e-305 1.78036e-299 0)
(3.54107e-305 1.78036e-299 0)
(3.04242e-305 1.78035e-299 0)
(1.91161e-305 1.78036e-299 0)
(3.16959e-305 1.78036e-299 0)
(5.04517e-305 1.78035e-299 0)
(4.86229e-305 1.78035e-299 0)
(3.74493e-305 1.78035e-299 0)
(4.65702e-305 1.78034e-299 0)
(4.63299e-305 1.78034e-299 0)
(1.84363e-305 1.78034e-299 0)
(1.37559e-305 1.78034e-299 0)
(3.49726e-305 1.78034e-299 0)
(5.74828e-305 1.78033e-299 0)
(6.32058e-305 1.78033e-299 0)
(5.38969e-305 1.78032e-299 0)
(4.76612e-305 1.78032e-299 0)
(3.85249e-305 1.78032e-299 0)
(2.21112e-305 1.78032e-299 0)
(2.05307e-305 1.78032e-299 0)
(2.18837e-305 1.78032e-299 0)
(2.32221e-305 1.78032e-299 0)
(2.59901e-305 1.78031e-299 0)
(4.02205e-305 1.78031e-299 0)
(5.28743e-305 1.78031e-299 0)
(4.97581e-305 1.7803e-299 0)
(6.22304e-305 1.7803e-299 0)
(4.9246e-305 1.78029e-299 0)
(1.11982e-305 1.78029e-299 0)
(1.39255e-305 1.7803e-299 0)
(-1.38536e-306 1.7803e-299 0)
(-3.58336e-305 1.7803e-299 0)
(-3.70198e-305 1.7803e-299 0)
(-2.45526e-305 1.7803e-299 0)
(-1.62839e-305 1.7803e-299 0)
(-1.48499e-305 1.7803e-299 0)
(-2.28315e-305 1.7803e-299 0)
(-2.27137e-305 1.7803e-299 0)
(-2.65841e-306 1.7803e-299 0)
(1.71905e-305 1.7803e-299 0)
(3.42036e-305 1.7803e-299 0)
(3.01009e-305 1.7803e-299 0)
(9.11389e-306 1.78029e-299 0)
(1.29527e-306 1.7803e-299 0)
(-6.44292e-306 1.7803e-299 0)
(-7.69162e-306 1.7803e-299 0)
(1.27532e-306 1.7803e-299 0)
(-1.40285e-305 1.7803e-299 0)
(-1.53832e-305 1.7803e-299 0)
(-2.44831e-305 1.7803e-299 0)
(-4.53343e-305 1.78031e-299 0)
(-5.20794e-305 1.78031e-299 0)
(-5.23495e-305 1.78031e-299 0)
(-3.02571e-305 1.78032e-299 0)
(-2.90916e-305 1.78031e-299 0)
(-3.85469e-305 1.78032e-299 0)
(-3.87468e-305 1.78032e-299 0)
(-2.01454e-305 1.78032e-299 0)
(-1.48499e-305 1.78033e-299 0)
(-1.08559e-305 1.78033e-299 0)
(-4.09209e-306 1.78033e-299 0)
(-2.46799e-305 1.78034e-299 0)
(-4.41029e-305 1.78034e-299 0)
(-6.64974e-305 1.78034e-299 0)
(-7.3805e-305 1.78035e-299 0)
(-4.61924e-305 1.78035e-299 0)
(-2.81406e-305 1.78036e-299 0)
(-3.81868e-305 1.78036e-299 0)
(-4.12282e-305 1.78036e-299 0)
(-5.85904e-305 1.78036e-299 0)
(-6.464e-305 1.78037e-299 0)
(-3.32096e-305 1.78037e-299 0)
(-4.35415e-306 1.78037e-299 0)
(1.31302e-305 1.78037e-299 0)
(1.61312e-305 1.78036e-299 0)
(-1.7689e-305 1.78036e-299 0)
(-4.74153e-305 1.78037e-299 0)
(-4.76612e-305 1.78037e-299 0)
(-3.14398e-305 1.78037e-299 0)
(-1.20392e-305 1.78037e-299 0)
(-1.05889e-305 1.78037e-299 0)
(-1.21644e-305 1.78038e-299 0)
(-6.11374e-306 1.78038e-299 0)
(-1.38273e-305 1.78038e-299 0)
(-3.39753e-305 1.78038e-299 0)
(-2.48374e-305 1.78039e-299 0)
(-1.87247e-305 1.78038e-299 0)
(-2.50957e-305 1.78039e-299 0)
(-1.73428e-305 1.78039e-299 0)
(-6.33917e-306 1.78039e-299 0)
(-4.77904e-306 1.78039e-299 0)
(-4.80382e-306 1.78039e-299 0)
(-1.44862e-305 1.78039e-299 0)
(-4.3684e-305 1.78039e-299 0)
(-4.87895e-305 1.7804e-299 0)
(-5.2312e-305 1.7804e-299 0)
(-5.7513e-305 1.7804e-299 0)
(-4.29455e-305 1.78041e-299 0)
(-4.15079e-305 1.7804e-299 0)
(-5.34057e-305 1.78041e-299 0)
(-5.36826e-305 1.78041e-299 0)
(-4.38434e-305 1.78041e-299 0)
(-3.22055e-305 1.78041e-299 0)
(-3.06687e-305 1.78042e-299 0)
(-4.4529e-305 1.78042e-299 0)
(-5.85323e-305 1.78042e-299 0)
(-4.49921e-305 1.78043e-299 0)
(-2.43522e-305 1.78042e-299 0)
(-3.32208e-305 1.78043e-299 0)
(-4.21807e-305 1.78043e-299 0)
(-4.06328e-305 1.78043e-299 0)
(-4.79467e-305 1.78043e-299 0)
(-5.17654e-305 1.78043e-299 0)
(-4.84453e-305 1.78043e-299 0)
(-5.05002e-305 1.78044e-299 0)
(-5.80138e-305 1.78044e-299 0)
(-5.28477e-305 1.78044e-299 0)
(-4.76264e-305 1.78044e-299 0)
(-5.1556e-305 1.78044e-299 0)
(-4.62708e-305 1.78045e-299 0)
(-3.72086e-305 1.78045e-299 0)
(-5.04922e-305 1.78045e-299 0)
(-8.08305e-305 1.78045e-299 0)
(-8.50287e-305 1.78046e-299 0)
(-6.07785e-305 1.78046e-299 0)
(-4.96386e-305 1.78046e-299 0)
(-4.7977e-305 1.78046e-299 0)
(-4.05096e-305 1.78046e-299 0)
(-2.52075e-305 1.78047e-299 0)
(-7.79637e-306 1.78047e-299 0)
(-1.76328e-305 1.78047e-299 0)
(-1.57549e-305 1.78047e-299 0)
(-9.89787e-306 1.78047e-299 0)
(-7.95936e-306 1.78047e-299 0)
(-6.00048e-306 1.78047e-299 0)
(-1.40737e-305 1.78047e-299 0)
(-3.23354e-305 1.78047e-299 0)
(-3.85974e-305 1.78048e-299 0)
(-2.85877e-305 1.78048e-299 0)
(-6.1577e-306 1.78048e-299 0)
(1.23793e-305 1.78048e-299 0)
(-8.29564e-306 1.78048e-299 0)
(-3.7524e-305 1.78048e-299 0)
(-4.61005e-305 1.78049e-299 0)
(-2.31698e-305 1.78049e-299 0)
(6.35181e-306 1.78049e-299 0)
(2.12825e-306 1.78049e-299 0)
(-1.06964e-305 1.78049e-299 0)
(-1.29023e-305 1.7805e-299 0)
(-1.29692e-305 1.7805e-299 0)
(-6.51823e-306 1.78051e-299 0)
(0 1.78051e-299 0)
(2.19534e-306 1.78051e-299 0)
(-8.8269e-306 1.78052e-299 0)
(-1.55272e-305 1.78052e-299 0)
(8.91869e-306 1.78053e-299 0)
(3.36185e-305 1.78054e-299 0)
(3.60457e-305 1.78054e-299 0)
(2.491e-305 1.78055e-299 0)
(3.1868e-305 1.78055e-299 0)
(5.26261e-305 1.78056e-299 0)
(6.89987e-305 1.78057e-299 0)
(7.62922e-305 1.78057e-299 0)
(8.13357e-305 1.78058e-299 0)
(9.11012e-305 1.78059e-299 0)
(1.00966e-304 1.7806e-299 0)
(1.0385e-304 1.78061e-299 0)
(1.20995e-304 1.78062e-299 0)
(1.28777e-304 1.78063e-299 0)
(1.19857e-304 1.78064e-299 0)
(1.03611e-304 1.78065e-299 0)
(9.44603e-305 1.78066e-299 0)
(9.0081e-305 1.78067e-299 0)
(7.34174e-305 1.78068e-299 0)
(3.44391e-305 1.78068e-299 0)
(-4.94539e-306 1.78068e-299 0)
(-5.7167e-305 1.78067e-299 0)
(-1.12428e-304 1.78066e-299 0)
(-1.53193e-304 1.78064e-299 0)
(-1.69134e-304 1.78062e-299 0)
(-1.31949e-304 1.7806e-299 0)
(-5.10129e-305 1.78058e-299 0)
(9.77362e-305 1.78041e-299 0)
(2.43997e-304 1.78043e-299 0)
(2.92016e-304 1.78046e-299 0)
(2.74168e-304 1.78048e-299 0)
(2.09533e-304 1.7805e-299 0)
(1.29384e-304 1.78051e-299 0)
(6.07827e-305 1.78051e-299 0)
(1.7785e-306 1.78051e-299 0)
(-5.13104e-305 1.7805e-299 0)
(-8.80099e-305 1.7805e-299 0)
(-1.13823e-304 1.78048e-299 0)
(-1.35882e-304 1.78047e-299 0)
(-1.42114e-304 1.78046e-299 0)
(-1.46553e-304 1.78045e-299 0)
(-1.38936e-304 1.78044e-299 0)
(-1.24568e-304 1.78043e-299 0)
(-1.13739e-304 1.78042e-299 0)
(-1.11464e-304 1.78041e-299 0)
(-1.07528e-304 1.7804e-299 0)
(-1.01959e-304 1.7804e-299 0)
(-9.47818e-305 1.78039e-299 0)
(-8.933e-305 1.78038e-299 0)
(-7.24118e-305 1.78038e-299 0)
(-5.56659e-305 1.78037e-299 0)
(-6.02651e-305 1.78036e-299 0)
(-5.5093e-305 1.78036e-299 0)
(-5.15847e-305 1.78035e-299 0)
(-4.81111e-305 1.78035e-299 0)
(-4.30766e-305 1.78034e-299 0)
(-4.7616e-305 1.78034e-299 0)
(-4.26333e-305 1.78034e-299 0)
(-3.77007e-305 1.78034e-299 0)
(-5.00083e-305 1.78034e-299 0)
(-5.1305e-305 1.78034e-299 0)
(-5.7227e-305 1.78033e-299 0)
(-5.5393e-305 1.78034e-299 0)
(-4.59227e-305 1.78034e-299 0)
(-2.58886e-305 1.78034e-299 0)
(-1.212e-305 1.78034e-299 0)
(-1.95934e-305 1.78034e-299 0)
(-2.24911e-305 1.78034e-299 0)
(-3.58001e-305 1.78034e-299 0)
(-4.30353e-305 1.78034e-299 0)
(-3.54317e-305 1.78034e-299 0)
(-3.37802e-305 1.78034e-299 0)
(-2.77614e-305 1.78034e-299 0)
(-2.18038e-305 1.78035e-299 0)
(-2.16913e-305 1.78035e-299 0)
(-2.58953e-305 1.78035e-299 0)
(-2.14681e-305 1.78035e-299 0)
(-5.69528e-306 1.78035e-299 0)
(5.6659e-306 1.78035e-299 0)
(5.63666e-306 1.78034e-299 0)
(0 1.78034e-299 0)
(-1.11573e-305 1.78034e-299 0)
(-5.54987e-306 1.78035e-299 0)
(4.14093e-306 1.78035e-299 0)
(1.23587e-305 1.78035e-299 0)
(8.19661e-306 1.78035e-299 0)
(2.71811e-306 1.78036e-299 0)
(2.70408e-306 1.78036e-299 0)
(1.07605e-305 1.78036e-299 0)
(1.47194e-305 1.78036e-299 0)
(1.46434e-305 1.78036e-299 0)
(1.72166e-305 1.78037e-299 0)
(1.31752e-305 1.78037e-299 0)
(1.04858e-305 1.78036e-299 0)
(1.43436e-305 1.78036e-299 0)
(5.18893e-306 1.78036e-299 0)
(-7.74324e-306 1.78036e-299 0)
(-1.28388e-305 1.78036e-299 0)
(-1.14953e-305 1.78036e-299 0)
(-6.35334e-306 1.78036e-299 0)
(7.58468e-306 1.78036e-299 0)
(1.63487e-305 1.78036e-299 0)
(1.00088e-305 1.78036e-299 0)
(3.73394e-306 1.78036e-299 0)
(3.71468e-306 1.78036e-299 0)
(1.23184e-306 1.78037e-299 0)
(-3.67644e-306 1.78037e-299 0)
(-8.53411e-306 1.78037e-299 0)
(-2.42574e-306 1.78037e-299 0)
(7.23967e-306 1.78037e-299 0)
(1.20039e-305 1.78037e-299 0)
(1.67187e-305 1.78037e-299 0)
(1.54444e-305 1.78037e-299 0)
(1.41828e-305 1.78036e-299 0)
(2.46919e-305 1.78036e-299 0)
(2.45645e-305 1.78036e-299 0)
(2.67652e-305 1.78036e-299 0)
(2.89425e-305 1.78036e-299 0)
(2.18828e-305 1.78035e-299 0)
(3.09361e-305 1.78036e-299 0)
(3.87556e-305 1.78035e-299 0)
(3.74217e-305 1.78035e-299 0)
(2.93316e-305 1.78035e-299 0)
(3.59142e-305 1.78034e-299 0)
(3.7962e-305 1.78034e-299 0)
(2.11046e-305 1.78034e-299 0)
(2.21007e-305 1.78034e-299 0)
(2.63841e-305 1.78034e-299 0)
(3.71846e-305 1.78033e-299 0)
(5.0049e-305 1.78033e-299 0)
(5.08732e-305 1.78032e-299 0)
(4.63034e-305 1.78032e-299 0)
(3.53518e-305 1.78032e-299 0)
(1.81176e-305 1.78032e-299 0)
(1.48434e-305 1.78032e-299 0)
(1.58216e-305 1.78032e-299 0)
(1.78386e-305 1.78031e-299 0)
(2.08783e-305 1.78031e-299 0)
(3.3233e-305 1.78031e-299 0)
(4.33932e-305 1.78031e-299 0)
(4.21415e-305 1.7803e-299 0)
(5.11269e-305 1.7803e-299 0)
(3.96732e-305 1.78029e-299 0)
(1.51802e-305 1.78029e-299 0)
(1.81223e-305 1.7803e-299 0)
(0 1.7803e-299 0)
(-3.08894e-305 1.7803e-299 0)
(-3.56864e-305 1.7803e-299 0)
(-2.56406e-305 1.7803e-299 0)
(-1.66785e-305 1.7803e-299 0)
(-1.56164e-305 1.7803e-299 0)
(-1.94198e-305 1.7803e-299 0)
(-1.83536e-305 1.7803e-299 0)
(-2.88299e-306 1.7803e-299 0)
(1.81647e-305 1.7803e-299 0)
(3.04354e-305 1.7803e-299 0)
(2.17626e-305 1.7803e-299 0)
(5.6479e-306 1.7803e-299 0)
(6.55522e-306 1.7803e-299 0)
(0 1.7803e-299 0)
(-7.41457e-306 1.7803e-299 0)
(0 1.7803e-299 0)
(-1.01424e-305 1.7803e-299 0)
(-1.11219e-305 1.7803e-299 0)
(-2.14275e-305 1.7803e-299 0)
(-3.83949e-305 1.78031e-299 0)
(-4.42419e-305 1.78031e-299 0)
(-4.82561e-305 1.78031e-299 0)
(-3.13865e-305 1.78032e-299 0)
(-3.05932e-305 1.78031e-299 0)
(-3.07519e-305 1.78031e-299 0)
(-2.99454e-305 1.78032e-299 0)
(-1.06809e-305 1.78032e-299 0)
(-1.95205e-306 1.78033e-299 0)
(-9.81087e-307 1.78033e-299 0)
(9.86175e-307 1.78033e-299 0)
(-1.58606e-305 1.78034e-299 0)
(-3.68679e-305 1.78034e-299 0)
(-6.20991e-305 1.78034e-299 0)
(-6.14144e-305 1.78035e-299 0)
(-3.54205e-305 1.78035e-299 0)
(-2.23798e-305 1.78036e-299 0)
(-2.96536e-305 1.78036e-299 0)
(-3.49466e-305 1.78036e-299 0)
(-5.26918e-305 1.78036e-299 0)
(-5.71192e-305 1.78037e-299 0)
(-3.34053e-305 1.78037e-299 0)
(-6.29598e-306 1.78037e-299 0)
(8.43817e-306 1.78037e-299 0)
(1.06024e-305 1.78036e-299 0)
(-1.49204e-305 1.78036e-299 0)
(-3.96369e-305 1.78037e-299 0)
(-4.30729e-305 1.78037e-299 0)
(-2.59778e-305 1.78037e-299 0)
(-7.61615e-306 1.78037e-299 0)
(-3.28099e-306 1.78037e-299 0)
(1.09934e-306 1.78038e-299 0)
(-1.10504e-306 1.78038e-299 0)
(-1.444e-305 1.78038e-299 0)
(-2.67967e-305 1.78038e-299 0)
(-2.35687e-305 1.78039e-299 0)
(-1.80502e-305 1.78039e-299 0)
(-1.58759e-305 1.78039e-299 0)
(-1.25386e-305 1.78039e-299 0)
(-5.72892e-306 1.78039e-299 0)
(-3.45518e-306 1.78039e-299 0)
(-4.63079e-306 1.78039e-299 0)
(-1.39644e-305 1.78039e-299 0)
(-3.39224e-305 1.78039e-299 0)
(-3.99773e-305 1.7804e-299 0)
(-4.72761e-305 1.7804e-299 0)
(-4.98973e-305 1.7804e-299 0)
(-3.82142e-305 1.7804e-299 0)
(-4.08131e-305 1.7804e-299 0)
(-4.82644e-305 1.78041e-299 0)
(-4.36633e-305 1.78041e-299 0)
(-3.53556e-305 1.78041e-299 0)
(-2.69606e-305 1.78041e-299 0)
(-2.58686e-305 1.78042e-299 0)
(-3.71468e-305 1.78042e-299 0)
(-4.97859e-305 1.78042e-299 0)
(-3.6282e-305 1.78042e-299 0)
(-2.01214e-305 1.78043e-299 0)
(-3.03387e-305 1.78043e-299 0)
(-3.81201e-305 1.78043e-299 0)
(-4.08723e-305 1.78043e-299 0)
(-4.62198e-305 1.78043e-299 0)
(-4.775e-305 1.78043e-299 0)
(-3.76198e-305 1.78043e-299 0)
(-4.04228e-305 1.78044e-299 0)
(-4.58753e-305 1.78044e-299 0)
(-4.61133e-305 1.78044e-299 0)
(-4.76768e-305 1.78044e-299 0)
(-4.52616e-305 1.78044e-299 0)
(-3.74675e-305 1.78045e-299 0)
(-3.09365e-305 1.78045e-299 0)
(-4.73215e-305 1.78045e-299 0)
(-7.20299e-305 1.78045e-299 0)
(-7.37695e-305 1.78046e-299 0)
(-5.76738e-305 1.78046e-299 0)
(-4.55502e-305 1.78046e-299 0)
(-4.1624e-305 1.78046e-299 0)
(-2.64986e-305 1.78046e-299 0)
(-1.54208e-305 1.78047e-299 0)
(-8.455e-306 1.78047e-299 0)
(-1.27483e-305 1.78047e-299 0)
(-1.85097e-305 1.78047e-299 0)
(-1.00184e-305 1.78047e-299 0)
(-2.87725e-306 1.78047e-299 0)
(-2.89217e-306 1.78047e-299 0)
(-1.01751e-305 1.78047e-299 0)
(-2.48391e-305 1.78047e-299 0)
(-2.93741e-305 1.78048e-299 0)
(-2.06685e-305 1.78048e-299 0)
(-2.96795e-306 1.78048e-299 0)
(1.19334e-305 1.78048e-299 0)
(0 1.78048e-299 0)
(-2.4115e-305 1.78048e-299 0)
(-3.636e-305 1.78049e-299 0)
(-1.82743e-305 1.78049e-299 0)
(6.12302e-306 1.78049e-299 0)
(9.23217e-306 1.78049e-299 0)
(3.09335e-306 1.78049e-299 0)
(3.10939e-306 1.7805e-299 0)
(1.56276e-306 1.7805e-299 0)
(7.85432e-306 1.78051e-299 0)
(1.73691e-305 1.78051e-299 0)
(1.74592e-305 1.78051e-299 0)
(1.27634e-305 1.78052e-299 0)
(1.12259e-305 1.78053e-299 0)
(2.90164e-305 1.78053e-299 0)
(5.18522e-305 1.78054e-299 0)
(5.53787e-305 1.78054e-299 0)
(4.9117e-305 1.78055e-299 0)
(6.08918e-305 1.78055e-299 0)
(8.43672e-305 1.78056e-299 0)
(9.97703e-305 1.78057e-299 0)
(1.05302e-304 1.78058e-299 0)
(1.12569e-304 1.78058e-299 0)
(1.26663e-304 1.78059e-299 0)
(1.37506e-304 1.7806e-299 0)
(1.46751e-304 1.78061e-299 0)
(1.61234e-304 1.78062e-299 0)
(1.68967e-304 1.78063e-299 0)
(1.64644e-304 1.78064e-299 0)
(1.48077e-304 1.78065e-299 0)
(1.36587e-304 1.78066e-299 0)
(1.21454e-304 1.78067e-299 0)
(9.20049e-305 1.78068e-299 0)
(3.9127e-305 1.78068e-299 0)
(-1.78773e-305 1.78068e-299 0)
(-9.70378e-305 1.78068e-299 0)
(-1.75213e-304 1.78066e-299 0)
(-2.3967e-304 1.78065e-299 0)
(-2.6829e-304 1.78062e-299 0)
(-2.21982e-304 1.7806e-299 0)
(-9.03599e-305 1.78058e-299 0)
(1.53059e-304 1.7804e-299 0)
(3.70582e-304 1.78042e-299 0)
(4.28899e-304 1.78046e-299 0)
(3.81294e-304 1.78048e-299 0)
(2.81785e-304 1.7805e-299 0)
(1.70715e-304 1.78051e-299 0)
(6.61458e-305 1.78052e-299 0)
(-2.1342e-305 1.78051e-299 0)
(-8.6697e-305 1.78051e-299 0)
(-1.42576e-304 1.7805e-299 0)
(-1.7336e-304 1.78049e-299 0)
(-1.89887e-304 1.78047e-299 0)
(-1.99306e-304 1.78046e-299 0)
(-1.98277e-304 1.78045e-299 0)
(-1.85248e-304 1.78044e-299 0)
(-1.65521e-304 1.78043e-299 0)
(-1.54482e-304 1.78042e-299 0)
(-1.51996e-304 1.78041e-299 0)
(-1.42811e-304 1.7804e-299 0)
(-1.3706e-304 1.7804e-299 0)
(-1.29701e-304 1.78039e-299 0)
(-1.24069e-304 1.78038e-299 0)
(-1.03681e-304 1.78038e-299 0)
(-8.34989e-305 1.78037e-299 0)
(-8.95832e-305 1.78036e-299 0)
(-8.58802e-305 1.78035e-299 0)
(-7.0929e-305 1.78035e-299 0)
(-6.09408e-305 1.78034e-299 0)
(-5.58401e-305 1.78034e-299 0)
(-6.03136e-305 1.78034e-299 0)
(-5.21073e-305 1.78034e-299 0)
(-4.24133e-305 1.78034e-299 0)
(-5.1571e-305 1.78034e-299 0)
(-5.44144e-305 1.78033e-299 0)
(-5.56803e-305 1.78033e-299 0)
(-5.23156e-305 1.78033e-299 0)
(-4.28612e-305 1.78034e-299 0)
(-2.74115e-305 1.78034e-299 0)
(-1.6665e-305 1.78034e-299 0)
(-1.20575e-305 1.78034e-299 0)
(-1.94923e-305 1.78034e-299 0)
(-3.58001e-305 1.78034e-299 0)
(-4.15513e-305 1.78034e-299 0)
(-3.54317e-305 1.78034e-299 0)
(-2.4968e-305 1.78034e-299 0)
(-1.60724e-305 1.78034e-299 0)
(-1.01751e-305 1.78034e-299 0)
(-1.5907e-305 1.78035e-299 0)
(-2.73339e-305 1.78035e-299 0)
(-2.00369e-305 1.78035e-299 0)
(-1.42382e-306 1.78035e-299 0)
(-2.83295e-306 1.78035e-299 0)
(-5.63666e-306 1.78034e-299 0)
(0 1.78034e-299 0)
(0 1.78034e-299 0)
(8.3248e-306 1.78035e-299 0)
(1.24228e-305 1.78035e-299 0)
(1.78514e-305 1.78035e-299 0)
(1.91254e-305 1.78035e-299 0)
(9.51338e-306 1.78036e-299 0)
(1.08163e-305 1.78036e-299 0)
(1.61408e-305 1.78036e-299 0)
(2.00719e-305 1.78036e-299 0)
(2.66245e-305 1.78036e-299 0)
(1.8541e-305 1.78037e-299 0)
(9.22265e-306 1.78037e-299 0)
(7.86434e-306 1.78036e-299 0)
(3.91188e-306 1.78036e-299 0)
(-5.18894e-306 1.78036e-299 0)
(-1.29054e-305 1.78036e-299 0)
(-6.41941e-306 1.78036e-299 0)
(-6.38629e-306 1.78036e-299 0)
(-2.54134e-306 1.78036e-299 0)
(8.84879e-306 1.78036e-299 0)
(1.76063e-305 1.78036e-299 0)
(1.2511e-305 1.78036e-299 0)
(7.46788e-306 1.78036e-299 0)
(8.66758e-306 1.78036e-299 0)
(8.62286e-306 1.78037e-299 0)
(0 1.78037e-299 0)
(-9.75327e-306 1.78037e-299 0)
(-3.63861e-306 1.78037e-299 0)
(6.03306e-306 1.78037e-299 0)
(1.08035e-305 1.78037e-299 0)
(1.19419e-305 1.78037e-299 0)
(9.50425e-306 1.78037e-299 0)
(1.06371e-305 1.78036e-299 0)
(1.52855e-305 1.78036e-299 0)
(1.52066e-305 1.78036e-299 0)
(2.21103e-305 1.78036e-299 0)
(2.43117e-305 1.78035e-299 0)
(2.07311e-305 1.78035e-299 0)
(2.97904e-305 1.78035e-299 0)
(2.84968e-305 1.78035e-299 0)
(2.38138e-305 1.78035e-299 0)
(2.36909e-305 1.78035e-299 0)
(2.4691e-305 1.78034e-299 0)
(2.56802e-305 1.78034e-299 0)
(2.77692e-305 1.78034e-299 0)
(2.76259e-305 1.78034e-299 0)
(1.09934e-305 1.78034e-299 0)
(1.74986e-305 1.78033e-299 0)
(3.48167e-305 1.78033e-299 0)
(4.54611e-305 1.78032e-299 0)
(4.95339e-305 1.78032e-299 0)
(2.99955e-305 1.78032e-299 0)
(1.38546e-305 1.78032e-299 0)
(9.54218e-306 1.78032e-299 0)
(6.32863e-306 1.78032e-299 0)
(1.04933e-305 1.78031e-299 0)
(1.35709e-305 1.78031e-299 0)
(2.59633e-305 1.78031e-299 0)
(3.40947e-305 1.78031e-299 0)
(3.39188e-305 1.7803e-299 0)
(3.88565e-305 1.7803e-299 0)
(3.05179e-305 1.7803e-299 0)
(1.61922e-305 1.78029e-299 0)
(2.21494e-305 1.7803e-299 0)
(7.01119e-306 1.7803e-299 0)
(-2.59072e-305 1.7803e-299 0)
(-3.66777e-305 1.7803e-299 0)
(-2.85991e-305 1.7803e-299 0)
(-1.76596e-305 1.7803e-299 0)
(-1.26883e-305 1.7803e-299 0)
(-1.45648e-305 1.7803e-299 0)
(-1.35237e-305 1.7803e-299 0)
(-2.88299e-306 1.7803e-299 0)
(1.72087e-305 1.7803e-299 0)
(2.47287e-305 1.7803e-299 0)
(1.32468e-305 1.7803e-299 0)
(2.82395e-306 1.7803e-299 0)
(1.12375e-305 1.7803e-299 0)
(7.45303e-306 1.7803e-299 0)
(-6.48775e-306 1.7803e-299 0)
(-1.84408e-306 1.7803e-299 0)
(-5.53224e-306 1.7803e-299 0)
(-5.56093e-306 1.7803e-299 0)
(-1.86326e-305 1.7803e-299 0)
(-2.90303e-305 1.78031e-299 0)
(-3.67113e-305 1.78031e-299 0)
(-4.35251e-305 1.78031e-299 0)
(-3.42398e-305 1.78031e-299 0)
(-3.05932e-305 1.78031e-299 0)
(-2.01809e-305 1.78031e-299 0)
(-2.02856e-305 1.78032e-299 0)
(0 1.78032e-299 0)
(1.17123e-305 1.78033e-299 0)
(8.82979e-306 1.78033e-299 0)
(7.8894e-306 1.78033e-299 0)
(-3.96516e-306 1.78034e-299 0)
(-2.69036e-305 1.78034e-299 0)
(-5.70911e-305 1.78035e-299 0)
(-5.13464e-305 1.78035e-299 0)
(-2.02403e-305 1.78035e-299 0)
(-1.72935e-305 1.78036e-299 0)
(-2.04508e-305 1.78036e-299 0)
(-2.67239e-305 1.78036e-299 0)
(-4.85591e-305 1.78036e-299 0)
(-4.98494e-305 1.78036e-299 0)
(-2.92296e-305 1.78037e-299 0)
(-7.34531e-306 1.78037e-299 0)
(3.16432e-306 1.78037e-299 0)
(4.24097e-306 1.78036e-299 0)
(-1.06574e-305 1.78036e-299 0)
(-3.2138e-305 1.78037e-299 0)
(-4.09193e-305 1.78037e-299 0)
(-2.05658e-305 1.78037e-299 0)
(0 1.78037e-299 0)
(6.56199e-306 1.78037e-299 0)
(1.20927e-305 1.78038e-299 0)
(8.8403e-306 1.78038e-299 0)
(-1.11077e-305 1.78038e-299 0)
(-2.23306e-305 1.78038e-299 0)
(-2.02017e-305 1.78039e-299 0)
(-1.46658e-305 1.78039e-299 0)
(-1.13399e-305 1.78039e-299 0)
(-6.83923e-306 1.78039e-299 0)
(-1.14578e-306 1.78039e-299 0)
(-1.15173e-306 1.78039e-299 0)
(-4.63079e-306 1.78039e-299 0)
(-1.04733e-305 1.78039e-299 0)
(-2.57342e-305 1.78039e-299 0)
(-3.40983e-305 1.7804e-299 0)
(-4.13666e-305 1.7804e-299 0)
(-3.8017e-305 1.7804e-299 0)
(-3.1049e-305 1.7804e-299 0)
(-3.7212e-305 1.78041e-299 0)
(-4.70578e-305 1.78041e-299 0)
(-3.63861e-305 1.78041e-299 0)
(-2.3164e-305 1.78041e-299 0)
(-1.83822e-305 1.78041e-299 0)
(-1.84776e-305 1.78042e-299 0)
(-2.97174e-305 1.78042e-299 0)
(-4.10734e-305 1.78042e-299 0)
(-2.62731e-305 1.78042e-299 0)
(-1.00607e-305 1.78043e-299 0)
(-2.90746e-305 1.78043e-299 0)
(-3.81201e-305 1.78043e-299 0)
(-3.57632e-305 1.78043e-299 0)
(-4.87875e-305 1.78043e-299 0)
(-4.51689e-305 1.78043e-299 0)
(-2.59447e-305 1.78043e-299 0)
(-2.60792e-305 1.78044e-299 0)
(-3.27681e-305 1.78044e-299 0)
(-3.82081e-305 1.78044e-299 0)
(-4.5028e-305 1.78044e-299 0)
(-3.99367e-305 1.78044e-299 0)
(-2.67625e-305 1.78045e-299 0)
(-2.28661e-305 1.78045e-299 0)
(-4.19133e-305 1.78045e-299 0)
(-6.25165e-305 1.78045e-299 0)
(-6.42068e-305 1.78045e-299 0)
(-5.21811e-305 1.78046e-299 0)
(-4.41699e-305 1.78046e-299 0)
(-3.32992e-305 1.78046e-299 0)
(-1.2552e-305 1.78046e-299 0)
(-1.4019e-306 1.78047e-299 0)
(-2.81833e-306 1.78047e-299 0)
(-1.27483e-305 1.78047e-299 0)
(-1.85097e-305 1.78047e-299 0)
(-1.00184e-305 1.78047e-299 0)
(2.87725e-306 1.78047e-299 0)
(0 1.78047e-299 0)
(-2.90717e-306 1.78047e-299 0)
(-1.75335e-305 1.78047e-299 0)
(-2.20305e-305 1.78048e-299 0)
(-1.32869e-305 1.78048e-299 0)
(2.96795e-306 1.78048e-299 0)
(1.93917e-305 1.78048e-299 0)
(8.99645e-306 1.78048e-299 0)
(-1.35647e-305 1.78049e-299 0)
(-2.8785e-305 1.78049e-299 0)
(-1.52286e-305 1.78049e-299 0)
(1.2246e-305 1.78049e-299 0)
(1.84643e-305 1.78049e-299 0)
(1.70134e-305 1.78049e-299 0)
(1.86564e-305 1.7805e-299 0)
(2.18786e-305 1.7805e-299 0)
(2.19921e-305 1.78051e-299 0)
(3.15802e-305 1.78051e-299 0)
(4.12672e-305 1.78051e-299 0)
(3.82903e-305 1.78052e-299 0)
(3.84889e-305 1.78052e-299 0)
(5.48087e-305 1.78053e-299 0)
(7.6158e-305 1.78054e-299 0)
(7.81817e-305 1.78054e-299 0)
(7.53127e-305 1.78055e-299 0)
(9.05148e-305 1.78055e-299 0)
(1.20761e-304 1.78056e-299 0)
(1.33027e-304 1.78057e-299 0)
(1.42074e-304 1.78058e-299 0)
(1.54572e-304 1.78058e-299 0)
(1.67195e-304 1.78059e-299 0)
(1.76551e-304 1.7806e-299 0)
(1.92824e-304 1.78061e-299 0)
(2.10976e-304 1.78062e-299 0)
(2.20691e-304 1.78063e-299 0)
(2.16637e-304 1.78064e-299 0)
(2.02081e-304 1.78065e-299 0)
(1.83867e-304 1.78066e-299 0)
(1.58418e-304 1.78067e-299 0)
(1.20314e-304 1.78068e-299 0)
(5.15765e-305 1.78069e-299 0)
(-3.21791e-305 1.78069e-299 0)
(-1.40166e-304 1.78068e-299 0)
(-2.52884e-304 1.78067e-299 0)
(-3.50427e-304 1.78065e-299 0)
(-4.03347e-304 1.78062e-299 0)
(-3.52237e-304 1.78059e-299 0)
(-1.45682e-304 1.78056e-299 0)
(2.21906e-304 1.78038e-299 0)
(5.15109e-304 1.78042e-299 0)
(5.70513e-304 1.78046e-299 0)
(4.82183e-304 1.78049e-299 0)
(3.44781e-304 1.78051e-299 0)
(2.06298e-304 1.78052e-299 0)
(6.92355e-305 1.78052e-299 0)
(-4.1819e-305 1.78052e-299 0)
(-1.2481e-304 1.78051e-299 0)
(-1.899e-304 1.7805e-299 0)
(-2.25252e-304 1.78049e-299 0)
(-2.45775e-304 1.78047e-299 0)
(-2.46905e-304 1.78046e-299 0)
(-2.43246e-304 1.78045e-299 0)
(-2.27756e-304 1.78044e-299 0)
(-1.98258e-304 1.78043e-299 0)
(-1.87843e-304 1.78042e-299 0)
(-1.86874e-304 1.78041e-299 0)
(-1.78938e-304 1.7804e-299 0)
(-1.66456e-304 1.7804e-299 0)
(-1.58697e-304 1.78039e-299 0)
(-1.51014e-304 1.78038e-299 0)
(-1.29748e-304 1.78037e-299 0)
(-1.10963e-304 1.78037e-299 0)
(-1.14896e-304 1.78036e-299 0)
(-1.09821e-304 1.78035e-299 0)
(-9.14166e-305 1.78035e-299 0)
(-7.54177e-305 1.78034e-299 0)
(-6.17883e-305 1.78034e-299 0)
(-6.80555e-305 1.78034e-299 0)
(-6.11523e-305 1.78034e-299 0)
(-4.56276e-305 1.78034e-299 0)
(-5.18768e-305 1.78034e-299 0)
(-5.80603e-305 1.78034e-299 0)
(-5.56215e-305 1.78033e-299 0)
(-5.32062e-305 1.78033e-299 0)
(-4.02281e-305 1.78034e-299 0)
(-2.73825e-305 1.78034e-299 0)
(-1.67638e-305 1.78034e-299 0)
(-6.254e-306 1.78034e-299 0)
(-1.65913e-305 1.78034e-299 0)
(-3.71378e-305 1.78034e-299 0)
(-4.31039e-305 1.78034e-299 0)
(-3.26716e-305 1.78034e-299 0)
(-1.8283e-305 1.78034e-299 0)
(-2.02096e-306 1.78034e-299 0)
(-4.02107e-306 1.78034e-299 0)
(-1.2001e-305 1.78035e-299 0)
(-2.78578e-305 1.78035e-299 0)
(-1.97957e-305 1.78035e-299 0)
(1.96936e-306 1.78035e-299 0)
(-1.17552e-305 1.78035e-299 0)
(-1.36436e-305 1.78034e-299 0)
(1.93904e-306 1.78034e-299 0)
(7.71612e-306 1.78034e-299 0)
(2.11099e-305 1.78035e-299 0)
(1.90918e-305 1.78035e-299 0)
(2.46913e-305 1.78035e-299 0)
(2.83429e-305 1.78035e-299 0)
(1.87978e-305 1.78036e-299 0)
(1.68307e-305 1.78036e-299 0)
(1.67439e-305 1.78036e-299 0)
(2.59117e-305 1.78036e-299 0)
(3.68257e-305 1.78036e-299 0)
(2.01496e-305 1.78037e-299 0)
(3.64467e-306 1.78037e-299 0)
(5.43879e-306 1.78036e-299 0)
(0 1.78036e-299 0)
(-1.61484e-305 1.78036e-299 0)
(-1.60651e-305 1.78036e-299 0)
(-1.77581e-306 1.78036e-299 0)
(-3.53329e-306 1.78036e-299 0)
(0 1.78036e-299 0)
(1.04908e-305 1.78036e-299 0)
(2.08733e-305 1.78036e-299 0)
(1.38437e-305 1.78036e-299 0)
(6.88615e-306 1.78036e-299 0)
(1.54139e-305 1.78037e-299 0)
(1.36306e-305 1.78037e-299 0)
(3.39006e-306 1.78037e-299 0)
(-6.74513e-306 1.78037e-299 0)
(-5.03275e-306 1.78037e-299 0)
(5.00678e-306 1.78037e-299 0)
(6.64127e-306 1.78037e-299 0)
(6.607e-306 1.78037e-299 0)
(8.21614e-306 1.78037e-299 0)
(6.539e-306 1.78037e-299 0)
(8.13158e-306 1.78036e-299 0)
(4.85378e-306 1.78036e-299 0)
(1.44862e-305 1.78036e-299 0)
(2.08166e-305 1.78035e-299 0)
(2.07092e-305 1.78035e-299 0)
(3.01111e-305 1.78035e-299 0)
(1.89194e-305 1.78035e-299 0)
(1.88218e-305 1.78035e-299 0)
(1.71643e-305 1.78035e-299 0)
(1.24187e-305 1.78034e-299 0)
(1.69876e-305 1.78034e-299 0)
(3.07272e-305 1.78034e-299 0)
(3.5154e-305 1.78034e-299 0)
(-1.52055e-306 1.78034e-299 0)
(-3.02541e-306 1.78033e-299 0)
(2.25735e-305 1.78033e-299 0)
(4.19198e-305 1.78032e-299 0)
(5.064e-305 1.78032e-299 0)
(2.51894e-305 1.78032e-299 0)
(8.84449e-306 1.78032e-299 0)
(5.86591e-306 1.78032e-299 0)
(0 1.78032e-299 0)
(1.45138e-306 1.78031e-299 0)
(8.66337e-306 1.78031e-299 0)
(1.86738e-305 1.78031e-299 0)
(3.00097e-305 1.78031e-299 0)
(2.55899e-305 1.78031e-299 0)
(2.68722e-305 1.7803e-299 0)
(2.25125e-305 1.7803e-299 0)
(1.53975e-305 1.78029e-299 0)
(2.7851e-305 1.78029e-299 0)
(1.24683e-305 1.7803e-299 0)
(-2.34297e-305 1.7803e-299 0)
(-3.70198e-305 1.7803e-299 0)
(-3.13727e-305 1.7803e-299 0)
(-1.76409e-305 1.7803e-299 0)
(-1.07999e-305 1.7803e-299 0)
(-8.05816e-306 1.7803e-299 0)
(-1.06888e-305 1.7803e-299 0)
(-3.98761e-306 1.7803e-299 0)
(1.71905e-305 1.7803e-299 0)
(1.97329e-305 1.7803e-299 0)
(5.23495e-306 1.7803e-299 0)
(1.30198e-306 1.7803e-299 0)
(1.55432e-305 1.7803e-299 0)
(1.41744e-305 1.7803e-299 0)
(-6.40968e-306 1.7803e-299 0)
(-1.27532e-306 1.7803e-299 0)
(-3.82597e-306 1.7803e-299 0)
(-1.28194e-306 1.7803e-299 0)
(-1.5463e-305 1.78031e-299 0)
(-2.20195e-305 1.78031e-299 0)
(-2.60397e-305 1.78031e-299 0)
(-4.05708e-305 1.78031e-299 0)
(-3.68347e-305 1.78032e-299 0)
(-3.30587e-305 1.78031e-299 0)
(-1.06336e-305 1.78031e-299 0)
(-1.20249e-305 1.78032e-299 0)
(9.40119e-306 1.78032e-299 0)
(2.42999e-305 1.78033e-299 0)
(1.89979e-305 1.78033e-299 0)
(1.50043e-305 1.78034e-299 0)
(5.48442e-306 1.78034e-299 0)
(-1.79168e-305 1.78034e-299 0)
(-5.54145e-305 1.78035e-299 0)
(-4.45615e-305 1.78034e-299 0)
(-8.39862e-306 1.78035e-299 0)
(-8.44218e-306 1.78036e-299 0)
(-1.27289e-305 1.78036e-299 0)
(-2.13249e-305 1.78036e-299 0)
(-4.57291e-305 1.78036e-299 0)
(-4.45298e-305 1.78036e-299 0)
(-2.7434e-305 1.78037e-299 0)
(-8.7083e-306 1.78037e-299 0)
(2.91782e-306 1.78037e-299 0)
(2.93295e-306 1.78037e-299 0)
(-1.03186e-305 1.78036e-299 0)
(-2.66711e-305 1.78037e-299 0)
(-3.57459e-305 1.78037e-299 0)
(-1.79656e-305 1.78037e-299 0)
(6.0196e-306 1.78037e-299 0)
(1.36143e-305 1.78037e-299 0)
(2.43288e-305 1.78038e-299 0)
(1.52844e-305 1.78038e-299 0)
(-9.21817e-306 1.78038e-299 0)
(-1.8532e-305 1.78038e-299 0)
(-1.55234e-305 1.78038e-299 0)
(-1.09227e-305 1.78039e-299 0)
(-4.70545e-306 1.78039e-299 0)
(-4.72985e-306 1.78039e-299 0)
(3.16959e-306 1.78039e-299 0)
(0 1.78039e-299 0)
(-6.40509e-306 1.78039e-299 0)
(-6.43831e-306 1.78039e-299 0)
(-1.61793e-305 1.7804e-299 0)
(-2.92737e-305 1.7804e-299 0)
(-3.75993e-305 1.7804e-299 0)
(-3.12213e-305 1.7804e-299 0)
(-2.31245e-305 1.7804e-299 0)
(-3.32063e-305 1.78041e-299 0)
(-4.83989e-305 1.78041e-299 0)
(-2.85189e-305 1.78041e-299 0)
(-1.1804e-305 1.78041e-299 0)
(-1.35602e-305 1.78041e-299 0)
(-1.02229e-305 1.78042e-299 0)
(-2.05519e-305 1.78042e-299 0)
(-3.78738e-305 1.78042e-299 0)
(-1.73047e-305 1.78042e-299 0)
(0 1.78043e-299 0)
(-2.62269e-305 1.78043e-299 0)
(-3.69081e-305 1.78043e-299 0)
(-3.17996e-305 1.78043e-299 0)
(-5.14984e-305 1.78043e-299 0)
(-4.46254e-305 1.78043e-299 0)
(-1.43542e-305 1.78043e-299 0)
(-1.44286e-305 1.78044e-299 0)
(-2.17552e-305 1.78044e-299 0)
(-2.91573e-305 1.78044e-299 0)
(-4.57946e-305 1.78044e-299 0)
(-3.13018e-305 1.78044e-299 0)
(-1.85083e-305 1.78045e-299 0)
(-1.48835e-305 1.78045e-299 0)
(-3.74016e-305 1.78045e-299 0)
(-5.82731e-305 1.78045e-299 0)
(-5.66858e-305 1.78045e-299 0)
(-4.74832e-305 1.78046e-299 0)
(-4.00927e-305 1.78046e-299 0)
(-3.07053e-305 1.78046e-299 0)
(-1.92903e-306 1.78046e-299 0)
(1.35732e-305 1.78047e-299 0)
(3.89818e-306 1.78047e-299 0)
(-1.17552e-305 1.78047e-299 0)
(-2.36323e-305 1.78047e-299 0)
(-5.93872e-306 1.78047e-299 0)
(5.96952e-306 1.78047e-299 0)
(6.00048e-306 1.78047e-299 0)
(4.02107e-306 1.78047e-299 0)
(-1.21258e-305 1.78047e-299 0)
(-2.03144e-305 1.78048e-299 0)
(-8.1679e-306 1.78048e-299 0)
(1.02628e-305 1.78048e-299 0)
(3.09482e-305 1.78048e-299 0)
(1.86652e-305 1.78048e-299 0)
(-8.33867e-306 1.78049e-299 0)
(-2.51457e-305 1.78049e-299 0)
(-1.47444e-305 1.78049e-299 0)
(1.69382e-305 1.78049e-299 0)
(2.76672e-305 1.78049e-299 0)
(2.995e-305 1.78049e-299 0)
(3.44061e-305 1.7805e-299 0)
(3.67461e-305 1.7805e-299 0)
(3.69366e-305 1.78051e-299 0)
(4.36802e-305 1.78051e-299 0)
(5.92741e-305 1.78051e-299 0)
(6.3995e-305 1.78052e-299 0)
(5.98905e-305 1.78052e-299 0)
(7.58089e-305 1.78053e-299 0)
(9.63731e-305 1.78054e-299 0)
(9.91258e-305 1.78054e-299 0)
(9.28462e-305 1.78055e-299 0)
(1.13814e-304 1.78055e-299 0)
(1.5559e-304 1.78056e-299 0)
(1.67897e-304 1.78057e-299 0)
(1.75703e-304 1.78058e-299 0)
(1.88234e-304 1.78058e-299 0)
(2.05562e-304 1.78059e-299 0)
(2.06628e-304 1.7806e-299 0)
(2.24221e-304 1.78061e-299 0)
(2.56226e-304 1.78062e-299 0)
(2.69478e-304 1.78063e-299 0)
(2.66082e-304 1.78064e-299 0)
(2.48185e-304 1.78065e-299 0)
(2.2283e-304 1.78066e-299 0)
(1.99639e-304 1.78067e-299 0)
(1.49282e-304 1.78068e-299 0)
(6.39584e-305 1.78069e-299 0)
(-3.95631e-305 1.78069e-299 0)
(-1.71501e-304 1.78069e-299 0)
(-3.24793e-304 1.78067e-299 0)
(-4.54558e-304 1.78065e-299 0)
(-5.42744e-304 1.78062e-299 0)
(-4.99884e-304 1.78059e-299 0)
(-2.16805e-304 1.78055e-299 0)
(2.87526e-304 1.78036e-299 0)
(6.47545e-304 1.78041e-299 0)
(6.89595e-304 1.78046e-299 0)
(5.64461e-304 1.78049e-299 0)
(3.90492e-304 1.78051e-299 0)
(2.32055e-304 1.78052e-299 0)
(7.01124e-305 1.78053e-299 0)
(-6.29457e-305 1.78052e-299 0)
(-1.52321e-304 1.78051e-299 0)
(-2.28987e-304 1.7805e-299 0)
(-2.68006e-304 1.78049e-299 0)
(-2.83287e-304 1.78047e-299 0)
(-2.83484e-304 1.78046e-299 0)
(-2.77073e-304 1.78045e-299 0)
(-2.59236e-304 1.78044e-299 0)
(-2.21989e-304 1.78043e-299 0)
(-2.12724e-304 1.78042e-299 0)
(-2.13242e-304 1.78041e-299 0)
(-2.00892e-304 1.7804e-299 0)
(-1.91861e-304 1.7804e-299 0)
(-1.76556e-304 1.78039e-299 0)
(-1.70898e-304 1.78038e-299 0)
(-1.51126e-304 1.78037e-299 0)
(-1.26854e-304 1.78037e-299 0)
(-1.32432e-304 1.78036e-299 0)
(-1.30199e-304 1.78035e-299 0)
(-1.06397e-304 1.78035e-299 0)
(-8.28378e-305 1.78034e-299 0)
(-6.71492e-305 1.78034e-299 0)
(-7.4394e-305 1.78034e-299 0)
(-6.49477e-305 1.78034e-299 0)
(-4.50785e-305 1.78034e-299 0)
(-5.531e-305 1.78034e-299 0)
(-6.09733e-305 1.78034e-299 0)
(-5.91792e-305 1.78034e-299 0)
(-5.29865e-305 1.78033e-299 0)
(-3.95348e-305 1.78034e-299 0)
(-2.47639e-305 1.78034e-299 0)
(-1.5941e-305 1.78034e-299 0)
(-2.88341e-306 1.78034e-299 0)
(-1.29084e-305 1.78034e-299 0)
(-4.13792e-305 1.78034e-299 0)
(-4.25852e-305 1.78034e-299 0)
(-3.24802e-305 1.78034e-299 0)
(-1.12392e-305 1.78034e-299 0)
(4.19294e-306 1.78034e-299 0)
(2.78087e-306 1.78034e-299 0)
(-6.91631e-306 1.78035e-299 0)
(-3.02748e-305 1.78035e-299 0)
(-2.05354e-305 1.78035e-299 0)
(6.80981e-306 1.78035e-299 0)
(-1.62592e-305 1.78035e-299 0)
(-2.15671e-305 1.78034e-299 0)
(5.36396e-306 1.78034e-299 0)
(1.20066e-305 1.78034e-299 0)
(2.7871e-305 1.78035e-299 0)
(2.64068e-305 1.78035e-299 0)
(2.75841e-305 1.78035e-299 0)
(3.39756e-305 1.78035e-299 0)
(2.73002e-305 1.78036e-299 0)
(2.19862e-305 1.78036e-299 0)
(1.92995e-305 1.78036e-299 0)
(2.81598e-305 1.78036e-299 0)
(4.45686e-305 1.78037e-299 0)
(2.28027e-305 1.78037e-299 0)
(-2.52056e-306 1.78037e-299 0)
(2.50756e-306 1.78036e-299 0)
(-1.24731e-306 1.78037e-299 0)
(-2.60584e-305 1.78036e-299 0)
(-1.97516e-305 1.78035e-299 0)
(3.68431e-306 1.78036e-299 0)
(-3.66531e-306 1.78036e-299 0)
(4.86186e-306 1.78036e-299 0)
(9.67355e-306 1.78036e-299 0)
(2.16532e-305 1.78036e-299 0)
(1.67545e-305 1.78036e-299 0)
(9.52459e-306 1.78036e-299 0)
(2.13198e-305 1.78036e-299 0)
(1.88531e-305 1.78037e-299 0)
(2.34448e-306 1.78037e-299 0)
(-8.16335e-306 1.78037e-299 0)
(-4.64071e-306 1.78037e-299 0)
(3.46257e-306 1.78037e-299 0)
(8.03765e-306 1.78037e-299 0)
(3.42693e-306 1.78037e-299 0)
(4.54567e-306 1.78037e-299 0)
(3.39166e-306 1.78036e-299 0)
(1.12472e-306 1.78036e-299 0)
(-3.35676e-306 1.78036e-299 0)
(1.00183e-305 1.78035e-299 0)
(1.99332e-305 1.78036e-299 0)
(1.98304e-305 1.78035e-299 0)
(3.06881e-305 1.78035e-299 0)
(1.41746e-305 1.78035e-299 0)
(9.76252e-306 1.78035e-299 0)
(1.40287e-305 1.78035e-299 0)
(5.3678e-306 1.78034e-299 0)
(8.54417e-306 1.78034e-299 0)
(3.61254e-305 1.78033e-299 0)
(4.01671e-305 1.78034e-299 0)
(-1.36705e-305 1.78034e-299 0)
(-1.46461e-305 1.78033e-299 0)
(1.04075e-305 1.78033e-299 0)
(4.03799e-305 1.78032e-299 0)
(5.35621e-305 1.78032e-299 0)
(1.94698e-305 1.78032e-299 0)
(7.13608e-306 1.78032e-299 0)
(4.05672e-306 1.78032e-299 0)
(-5.04474e-306 1.78032e-299 0)
(-6.02245e-306 1.78031e-299 0)
(4.99282e-306 1.78031e-299 0)
(1.58946e-305 1.78031e-299 0)
(2.66837e-305 1.78031e-299 0)
(1.86806e-305 1.78031e-299 0)
(1.85842e-305 1.7803e-299 0)
(1.65422e-305 1.7803e-299 0)
(1.35527e-305 1.78029e-299 0)
(3.37069e-305 1.78029e-299 0)
(1.53294e-305 1.7803e-299 0)
(-2.09691e-305 1.7803e-299 0)
(-4.07736e-305 1.7803e-299 0)
(-3.30166e-305 1.7803e-299 0)
(-1.50154e-305 1.7803e-299 0)
(-6.53536e-306 1.7803e-299 0)
(-6.50164e-306 1.7803e-299 0)
(-1.01641e-305 1.7803e-299 0)
(-5.51548e-306 1.7803e-299 0)
(1.64611e-305 1.7803e-299 0)
(1.81957e-305 1.7803e-299 0)
(1.81018e-306 1.7803e-299 0)
(-9.00421e-307 1.7803e-299 0)
(1.79155e-305 1.7803e-299 0)
(1.78231e-305 1.7803e-299 0)
(-6.20589e-306 1.7803e-299 0)
(-1.76396e-306 1.7803e-299 0)
(-1.76396e-306 1.7803e-299 0)
(3.54623e-306 1.7803e-299 0)
(-1.33673e-305 1.78031e-299 0)
(-1.43324e-305 1.7803e-299 0)
(-2.07097e-305 1.78032e-299 0)
(-3.80138e-305 1.78032e-299 0)
(-4.09403e-305 1.78032e-299 0)
(-3.56656e-305 1.78031e-299 0)
(-1.83849e-306 1.78031e-299 0)
(-8.31612e-306 1.78032e-299 0)
(1.48609e-305 1.78032e-299 0)
(3.73449e-305 1.78033e-299 0)
(2.81539e-305 1.78033e-299 0)
(1.981e-305 1.78034e-299 0)
(1.23269e-305 1.78034e-299 0)
(-1.04846e-305 1.78035e-299 0)
(-5.55689e-305 1.78035e-299 0)
(-4.23743e-305 1.78034e-299 0)
(9.68048e-307 1.78035e-299 0)
(-2.9192e-306 1.78036e-299 0)
(-5.86869e-306 1.78036e-299 0)
(-1.67142e-305 1.78036e-299 0)
(-4.44729e-305 1.78036e-299 0)
(-4.07299e-305 1.78036e-299 0)
(-2.49641e-305 1.78037e-299 0)
(-9.03368e-306 1.78037e-299 0)
(0 1.78037e-299 0)
(2.02836e-306 1.78036e-299 0)
(-7.13608e-306 1.78036e-299 0)
(-2.2544e-305 1.78037e-299 0)
(-3.60514e-305 1.78037e-299 0)
(-1.65661e-305 1.78037e-299 0)
(1.14483e-305 1.78037e-299 0)
(1.98769e-305 1.78037e-299 0)
(3.15473e-305 1.78038e-299 0)
(2.11406e-305 1.78038e-299 0)
(-7.43758e-306 1.78038e-299 0)
(-1.70883e-305 1.78038e-299 0)
(-1.07356e-305 1.78039e-299 0)
(-7.5539e-306 1.78039e-299 0)
(0 1.78039e-299 0)
(-2.1807e-306 1.78039e-299 0)
(4.38402e-306 1.78039e-299 0)
(2.20338e-306 1.78039e-299 0)
(-7.75182e-306 1.78039e-299 0)
(-3.33944e-306 1.78039e-299 0)
(-1.00703e-305 1.7804e-299 0)
(-2.69933e-305 1.7804e-299 0)
(-3.27861e-305 1.7804e-299 0)
(-2.38648e-305 1.7804e-299 0)
(-1.8277e-305 1.7804e-299 0)
(-3.32988e-305 1.78041e-299 0)
(-4.8476e-305 1.78041e-299 0)
(-2.08832e-305 1.78041e-299 0)
(-4.66477e-306 1.78041e-299 0)
(-8.20569e-306 1.78041e-299 0)
(-4.71328e-306 1.78042e-299 0)
(-1.53976e-305 1.78042e-299 0)
(-3.69078e-305 1.78042e-299 0)
(-1.19675e-305 1.78042e-299 0)
(1.32325e-305 1.78043e-299 0)
(-2.53931e-305 1.78043e-299 0)
(-3.88949e-305 1.78043e-299 0)
(-2.81007e-305 1.78043e-299 0)
(-5.28085e-305 1.78043e-299 0)
(-4.81445e-305 1.78043e-299 0)
(-2.48175e-306 1.78043e-299 0)
(-7.48387e-306 1.78044e-299 0)
(-1.37916e-305 1.78044e-299 0)
(-2.39454e-305 1.78044e-299 0)
(-4.30718e-305 1.78044e-299 0)
(-3.05613e-305 1.78044e-299 0)
(-1.15199e-305 1.78045e-299 0)
(-7.71978e-306 1.78045e-299 0)
(-3.23326e-305 1.78045e-299 0)
(-5.72005e-305 1.78045e-299 0)
(-5.22701e-305 1.78045e-299 0)
(-4.07194e-305 1.78046e-299 0)
(-4.22509e-305 1.78046e-299 0)
(-2.65438e-305 1.78046e-299 0)
(8.00443e-306 1.78046e-299 0)
(2.41378e-305 1.78047e-299 0)
(1.07836e-305 1.78047e-299 0)
(-1.62592e-305 1.78047e-299 0)
(-2.86012e-305 1.78047e-299 0)
(-2.73805e-306 1.78046e-299 0)
(9.63288e-306 1.78047e-299 0)
(1.24494e-305 1.78047e-299 0)
(9.73306e-306 1.78047e-299 0)
(-1.11812e-305 1.78047e-299 0)
(-1.68588e-305 1.78047e-299 0)
(-5.64873e-306 1.78048e-299 0)
(1.84536e-305 1.78048e-299 0)
(3.99523e-305 1.78048e-299 0)
(2.58168e-305 1.78049e-299 0)
(-4.32512e-306 1.78049e-299 0)
(-2.75345e-305 1.78049e-299 0)
(-1.31103e-305 1.78049e-299 0)
(2.04995e-305 1.78049e-299 0)
(3.53243e-305 1.78049e-299 0)
(3.6987e-305 1.78049e-299 0)
(4.75889e-305 1.7805e-299 0)
(5.08254e-305 1.7805e-299 0)
(4.20733e-305 1.78051e-299 0)
(5.43748e-305 1.78051e-299 0)
(7.74304e-305 1.78051e-299 0)
(7.63059e-305 1.78052e-299 0)
(7.51676e-305 1.78052e-299 0)
(9.09773e-305 1.78053e-299 0)
(1.16249e-304 1.78054e-299 0)
(1.1062e-304 1.78054e-299 0)
(1.03363e-304 1.78055e-299 0)
(1.32235e-304 1.78055e-299 0)
(1.80392e-304 1.78056e-299 0)
(1.94053e-304 1.78057e-299 0)
(1.98257e-304 1.78058e-299 0)
(2.13749e-304 1.78058e-299 0)
(2.32628e-304 1.78059e-299 0)
(2.32211e-304 1.7806e-299 0)
(2.44841e-304 1.78061e-299 0)
(2.87129e-304 1.78062e-299 0)
(3.0676e-304 1.78063e-299 0)
(3.01719e-304 1.78064e-299 0)
(2.84954e-304 1.78066e-299 0)
(2.51256e-304 1.78067e-299 0)
(2.32354e-304 1.78068e-299 0)
(1.74323e-304 1.78069e-299 0)
(7.82568e-305 1.78069e-299 0)
(-4.44615e-305 1.7807e-299 0)
(-1.99396e-304 1.78069e-299 0)
(-3.71486e-304 1.78068e-299 0)
(-5.40146e-304 1.78066e-299 0)
(-6.59916e-304 1.78062e-299 0)
(-6.31751e-304 1.78058e-299 0)
(-2.82234e-304 1.78053e-299 0)
(3.48896e-304 1.78035e-299 0)
(7.64582e-304 1.78041e-299 0)
(7.8237e-304 1.78046e-299 0)
(6.29393e-304 1.7805e-299 0)
(4.18227e-304 1.78051e-299 0)
(2.52019e-304 1.78052e-299 0)
(7.33234e-305 1.78053e-299 0)
(-8.00043e-305 1.78052e-299 0)
(-1.7557e-304 1.78052e-299 0)
(-2.58502e-304 1.7805e-299 0)
(-2.96555e-304 1.78049e-299 0)
(-3.13464e-304 1.78048e-299 0)
(-3.09554e-304 1.78046e-299 0)
(-3.01113e-304 1.78045e-299 0)
(-2.85943e-304 1.78044e-299 0)
(-2.41572e-304 1.78043e-299 0)
(-2.29095e-304 1.78042e-299 0)
(-2.30148e-304 1.78041e-299 0)
(-2.15623e-304 1.7804e-299 0)
(-2.07876e-304 1.7804e-299 0)
(-1.89203e-304 1.78039e-299 0)
(-1.88227e-304 1.78038e-299 0)
(-1.65482e-304 1.78037e-299 0)
(-1.38634e-304 1.78037e-299 0)
(-1.46539e-304 1.78036e-299 0)
(-1.45783e-304 1.78036e-299 0)
(-1.17304e-304 1.78035e-299 0)
(-8.91156e-305 1.78034e-299 0)
(-6.75473e-305 1.78034e-299 0)
(-7.76986e-305 1.78034e-299 0)
(-6.89412e-305 1.78034e-299 0)
(-4.57237e-305 1.78034e-299 0)
(-5.78936e-305 1.78034e-299 0)
(-6.58227e-305 1.78033e-299 0)
(-5.72977e-305 1.78033e-299 0)
(-5.08947e-305 1.78033e-299 0)
(-3.64551e-305 1.78034e-299 0)
(-2.21632e-305 1.78034e-299 0)
(-1.804e-305 1.78034e-299 0)
(-1.9941e-306 1.78034e-299 0)
(-9.91905e-306 1.78034e-299 0)
(-4.53922e-305 1.78034e-299 0)
(-4.31946e-305 1.78034e-299 0)
(-3.12522e-305 1.78034e-299 0)
(-9.71593e-306 1.78034e-299 0)
(9.6658e-306 1.78034e-299 0)
(7.69274e-306 1.78034e-299 0)
(0 1.78035e-299 0)
(-3.23577e-305 1.78035e-299 0)
(-2.08293e-305 1.78035e-299 0)
(1.13028e-305 1.78035e-299 0)
(-2.2489e-305 1.78035e-299 0)
(-2.61018e-305 1.78034e-299 0)
(5.56438e-306 1.78035e-299 0)
(1.29166e-305 1.78034e-299 0)
(3.48784e-305 1.78035e-299 0)
(3.1046e-305 1.78035e-299 0)
(2.9069e-305 1.78035e-299 0)
(3.97636e-305 1.78035e-299 0)
(3.41641e-305 1.78036e-299 0)
(2.50437e-305 1.78036e-299 0)
(1.95757e-305 1.78036e-299 0)
(3.36381e-305 1.78036e-299 0)
(5.28387e-305 1.78037e-299 0)
(2.27786e-305 1.78037e-299 0)
(-1.0459e-305 1.78037e-299 0)
(1.73417e-306 1.78036e-299 0)
(-1.72522e-306 1.78036e-299 0)
(-3.77591e-305 1.78036e-299 0)
(-2.21971e-305 1.78035e-299 0)
(8.49328e-306 1.78036e-299 0)
(0 1.78036e-299 0)
(6.72469e-306 1.78036e-299 0)
(8.3625e-306 1.78036e-299 0)
(2.16303e-305 1.78036e-299 0)
(1.98634e-305 1.78036e-299 0)
(1.15272e-305 1.78036e-299 0)
(2.45737e-305 1.78037e-299 0)
(2.28172e-305 1.78037e-299 0)
(3.24278e-306 1.78037e-299 0)
(-9.67814e-306 1.78037e-299 0)
(-4.8141e-306 1.78037e-299 0)
(6.38569e-306 1.78037e-299 0)
(6.35274e-306 1.78037e-299 0)
(-1.57999e-306 1.78037e-299 0)
(4.71552e-306 1.78036e-299 0)
(-1.56373e-306 1.78036e-299 0)
(-4.66698e-306 1.78036e-299 0)
(-4.64291e-306 1.78036e-299 0)
(6.1586e-306 1.78036e-299 0)
(1.83805e-305 1.78036e-299 0)
(1.82856e-305 1.78035e-299 0)
(3.18348e-305 1.78035e-299 0)
(9.04873e-306 1.78035e-299 0)
(4.50102e-306 1.78034e-299 0)
(1.04482e-305 1.78035e-299 0)
(-1.4849e-306 1.78034e-299 0)
(5.90895e-306 1.78034e-299 0)
(3.821e-305 1.78033e-299 0)
(4.3861e-305 1.78034e-299 0)
(-2.18173e-305 1.78034e-299 0)
(-2.45988e-305 1.78033e-299 0)
(5.75808e-306 1.78032e-299 0)
(3.58023e-305 1.78032e-299 0)
(5.55635e-305 1.78032e-299 0)
(1.84256e-305 1.78032e-299 0)
(2.82008e-306 1.78032e-299 0)
(2.80553e-306 1.78032e-299 0)
(-8.37317e-306 1.78032e-299 0)
(-9.7183e-306 1.78031e-299 0)
(1.38117e-306 1.78031e-299 0)
(1.23664e-305 1.78031e-299 0)
(2.59721e-305 1.78031e-299 0)
(1.3599e-305 1.78031e-299 0)
(1.35288e-305 1.7803e-299 0)
(1.48049e-305 1.7803e-299 0)
(9.3727e-306 1.7803e-299 0)
(3.72974e-305 1.7803e-299 0)
(1.85525e-305 1.7803e-299 0)
(-2.24118e-305 1.7803e-299 0)
(-4.19692e-305 1.7803e-299 0)
(-3.39241e-305 1.78029e-299 0)
(-1.42784e-305 1.7803e-299 0)
(-6.45671e-306 1.7803e-299 0)
(0 1.7803e-299 0)
(-1.02244e-305 1.7803e-299 0)
(-6.35729e-306 1.7803e-299 0)
(1.51788e-305 1.7803e-299 0)
(1.38421e-305 1.7803e-299 0)
(0 1.78029e-299 0)
(0 1.7803e-299 0)
(2.10629e-305 1.7803e-299 0)
(1.8489e-305 1.7803e-299 0)
(-4.90497e-306 1.7803e-299 0)
(-1.21992e-306 1.7803e-299 0)
(-3.65975e-306 1.7803e-299 0)
(7.35746e-306 1.7803e-299 0)
(-1.10934e-305 1.78031e-299 0)
(-7.43397e-306 1.7803e-299 0)
(-1.4945e-305 1.78032e-299 0)
(-3.88083e-305 1.78031e-299 0)
(-4.27846e-305 1.78032e-299 0)
(-3.79469e-305 1.78031e-299 0)
(1.27146e-306 1.78031e-299 0)
(-3.83415e-306 1.78032e-299 0)
(2.05549e-305 1.78031e-299 0)
(4.64883e-305 1.78033e-299 0)
(3.50471e-305 1.78033e-299 0)
(2.21811e-305 1.78034e-299 0)
(1.57385e-305 1.78034e-299 0)
(-2.63668e-306 1.78034e-299 0)
(-5.43323e-305 1.78035e-299 0)
(-4.39576e-305 1.78035e-299 0)
(6.69479e-306 1.78035e-299 0)
(1.3459e-306 1.78035e-299 0)
(-1.35288e-306 1.78035e-299 0)
(-1.08792e-305 1.78036e-299 0)
(-4.51094e-305 1.78036e-299 0)
(-3.84731e-305 1.78036e-299 0)
(-1.93363e-305 1.78037e-299 0)
(-8.32997e-306 1.78037e-299 0)
(-2.79106e-306 1.78037e-299 0)
(-1.40277e-306 1.78036e-299 0)
(-4.23012e-306 1.78036e-299 0)
(-1.70082e-305 1.78037e-299 0)
(-3.98917e-305 1.78037e-299 0)
(-1.5753e-305 1.78036e-299 0)
(1.87138e-305 1.78037e-299 0)
(2.31518e-305 1.78038e-299 0)
(3.49078e-305 1.78038e-299 0)
(2.63166e-305 1.78038e-299 0)
(-4.40885e-306 1.78038e-299 0)
(-1.62496e-305 1.78038e-299 0)
(-7.42449e-306 1.78039e-299 0)
(-4.4778e-306 1.78039e-299 0)
(3.00068e-306 1.78039e-299 0)
(-1.50812e-306 1.78039e-299 0)
(4.54783e-306 1.78039e-299 0)
(4.57141e-306 1.7804e-299 0)
(-7.65853e-306 1.78039e-299 0)
(0 1.78039e-299 0)
(-6.19054e-306 1.7804e-299 0)
(-2.33349e-305 1.7804e-299 0)
(-3.28383e-305 1.7804e-299 0)
(-2.20057e-305 1.7804e-299 0)
(-1.26399e-305 1.7804e-299 0)
(-2.85873e-305 1.78041e-299 0)
(-5.10855e-305 1.78041e-299 0)
(-1.76517e-305 1.78041e-299 0)
(0 1.78041e-299 0)
(-6.48555e-306 1.78041e-299 0)
(1.6298e-306 1.78041e-299 0)
(-8.19125e-306 1.78042e-299 0)
(-3.78752e-305 1.78043e-299 0)
(-8.27643e-306 1.78042e-299 0)
(2.32942e-305 1.78043e-299 0)
(-2.50875e-305 1.78043e-299 0)
(-4.20293e-305 1.78043e-299 0)
(-2.53484e-305 1.78043e-299 0)
(-5.4357e-305 1.78043e-299 0)
(-4.95165e-305 1.78042e-299 0)
(6.86528e-306 1.78043e-299 0)
(-3.45044e-306 1.78044e-299 0)
(-8.67085e-306 1.78044e-299 0)
(-1.74316e-305 1.78045e-299 0)
(-4.55573e-305 1.78044e-299 0)
(-2.46581e-305 1.78044e-299 0)
(-7.0817e-306 1.78045e-299 0)
(0 1.78045e-299 0)
(-3.04102e-305 1.78046e-299 0)
(-6.11358e-305 1.78045e-299 0)
(-4.88008e-305 1.78045e-299 0)
(-3.63362e-305 1.78046e-299 0)
(-4.01771e-305 1.78046e-299 0)
(-2.93713e-305 1.78046e-299 0)
(1.84523e-305 1.78046e-299 0)
(3.33863e-305 1.78047e-299 0)
(1.67797e-305 1.78047e-299 0)
(-1.87408e-305 1.78047e-299 0)
(-3.57922e-305 1.78047e-299 0)
(-3.78714e-306 1.78046e-299 0)
(1.71305e-305 1.78047e-299 0)
(1.53061e-305 1.78047e-299 0)
(1.34623e-305 1.78047e-299 0)
(-7.73264e-306 1.78047e-299 0)
(-1.74887e-305 1.78047e-299 0)
(-1.95326e-306 1.78048e-299 0)
(2.15973e-305 1.78048e-299 0)
(4.93394e-305 1.78048e-299 0)
(3.37248e-305 1.78049e-299 0)
(-5.9823e-306 1.78049e-299 0)
(-2.80622e-305 1.78049e-299 0)
(-1.41039e-305 1.78049e-299 0)
(2.63287e-305 1.78049e-299 0)
(4.07158e-305 1.78049e-299 0)
(4.29733e-305 1.78049e-299 0)
(5.75949e-305 1.78049e-299 0)
(6.20288e-305 1.7805e-299 0)
(4.57237e-305 1.78051e-299 0)
(5.84956e-305 1.78051e-299 0)
(8.81985e-305 1.78051e-299 0)
(9.28776e-305 1.78052e-299 0)
(8.06284e-305 1.78052e-299 0)
(1.02375e-304 1.78053e-299 0)
(1.30776e-304 1.78054e-299 0)
(1.20679e-304 1.78054e-299 0)
(1.08308e-304 1.78054e-299 0)
(1.45885e-304 1.78055e-299 0)
(1.9917e-304 1.78056e-299 0)
(2.13404e-304 1.78057e-299 0)
(2.1451e-304 1.78058e-299 0)
(2.33406e-304 1.78058e-299 0)
(2.52492e-304 1.78059e-299 0)
(2.4931e-304 1.7806e-299 0)
(2.61891e-304 1.78061e-299 0)
(3.06368e-304 1.78061e-299 0)
(3.3533e-304 1.78063e-299 0)
(3.3019e-304 1.78064e-299 0)
(3.08854e-304 1.78066e-299 0)
(2.73386e-304 1.78066e-299 0)
(2.60831e-304 1.78068e-299 0)
(1.91956e-304 1.78069e-299 0)
(8.70635e-305 1.78069e-299 0)
(-4.49402e-305 1.7807e-299 0)
(-2.18734e-304 1.78069e-299 0)
(-4.08668e-304 1.78068e-299 0)
(-6.02968e-304 1.78066e-299 0)
(-7.55808e-304 1.78062e-299 0)
(-7.42737e-304 1.78058e-299 0)
(-3.44016e-304 1.78052e-299 0)
(4.04959e-304 1.78034e-299 0)
(8.59456e-304 1.78041e-299 0)
(8.60031e-304 1.78046e-299 0)
(6.72846e-304 1.7805e-299 0)
(4.41291e-304 1.78051e-299 0)
(2.69657e-304 1.78053e-299 0)
(7.19737e-305 1.78054e-299 0)
(-9.60122e-305 1.78053e-299 0)
(-1.92653e-304 1.78051e-299 0)
(-2.81851e-304 1.7805e-299 0)
(-3.20454e-304 1.78049e-299 0)
(-3.3474e-304 1.78047e-299 0)
(-3.25084e-304 1.78046e-299 0)
(-3.17097e-304 1.78046e-299 0)
(-3.07613e-304 1.78044e-299 0)
(-2.56063e-304 1.78043e-299 0)
(-2.42315e-304 1.78042e-299 0)
(-2.3952e-304 1.78041e-299 0)
(-2.27523e-304 1.78041e-299 0)
(-2.17173e-304 1.7804e-299 0)
(-1.99316e-304 1.78039e-299 0)
(-1.99801e-304 1.78039e-299 0)
(-1.77688e-304 1.78038e-299 0)
(-1.43814e-304 1.78037e-299 0)
(-1.57976e-304 1.78037e-299 0)
(-1.58643e-304 1.78036e-299 0)
(-1.28325e-304 1.78035e-299 0)
(-9.53802e-305 1.78034e-299 0)
(-6.71516e-305 1.78034e-299 0)
(-7.55188e-305 1.78034e-299 0)
(-6.935e-305 1.78034e-299 0)
(-4.59948e-305 1.78034e-299 0)
(-6.72063e-305 1.78034e-299 0)
(-6.68596e-305 1.78033e-299 0)
(-5.80234e-305 1.78033e-299 0)
(-5.06845e-305 1.78034e-299 0)
(-2.80128e-305 1.78033e-299 0)
(-2.09012e-305 1.78035e-299 0)
(-2.21796e-305 1.78034e-299 0)
(0 1.78034e-299 0)
(-8.23174e-306 1.78034e-299 0)
(-4.64059e-305 1.78034e-299 0)
(-4.20929e-305 1.78034e-299 0)
(-2.83674e-305 1.78034e-299 0)
(-1.20947e-305 1.78034e-299 0)
(9.35849e-306 1.78034e-299 0)
(1.19703e-305 1.78034e-299 0)
(6.61584e-306 1.78034e-299 0)
(-3.29085e-305 1.78035e-299 0)
(-1.96432e-305 1.78035e-299 0)
(1.30279e-305 1.78035e-299 0)
(-2.98096e-305 1.78035e-299 0)
(-2.32089e-305 1.78035e-299 0)
(5.13093e-306 1.78035e-299 0)
(1.1485e-305 1.78034e-299 0)
(3.93554e-305 1.78035e-299 0)
(3.28375e-305 1.78035e-299 0)
(3.01551e-305 1.78035e-299 0)
(4.12494e-305 1.78035e-299 0)
(3.7306e-305 1.78035e-299 0)
(2.96908e-305 1.78035e-299 0)
(2.46147e-305 1.78036e-299 0)
(3.79559e-305 1.78037e-299 0)
(5.72491e-305 1.78037e-299 0)
(2.54474e-305 1.78037e-299 0)
(-1.56719e-305 1.78037e-299 0)
(-2.39862e-306 1.78036e-299 0)
(-3.57937e-306 1.78036e-299 0)
(-4.51047e-305 1.78036e-299 0)
(-2.47977e-305 1.78035e-299 0)
(1.29223e-305 1.78035e-299 0)
(1.16869e-306 1.78036e-299 0)
(6.97596e-306 1.78036e-299 0)
(8.09663e-306 1.78036e-299 0)
(2.30139e-305 1.78036e-299 0)
(2.28951e-305 1.78036e-299 0)
(1.25274e-305 1.78036e-299 0)
(2.83244e-305 1.78037e-299 0)
(2.47968e-305 1.78037e-299 0)
(3.36394e-306 1.78037e-299 0)
(-6.69317e-306 1.78037e-299 0)
(-4.43909e-306 1.78037e-299 0)
(8.83238e-306 1.78037e-299 0)
(2.1967e-306 1.78038e-299 0)
(-8.74147e-306 1.78036e-299 0)
(3.26114e-306 1.78036e-299 0)
(-2.16288e-306 1.78037e-299 0)
(-6.45515e-306 1.78036e-299 0)
(-6.42185e-306 1.78036e-299 0)
(4.25914e-306 1.78036e-299 0)
(1.90673e-305 1.78036e-299 0)
(1.58074e-305 1.78036e-299 0)
(2.83065e-305 1.78036e-299 0)
(3.12894e-306 1.78035e-299 0)
(5.188e-306 1.78034e-299 0)
(6.19348e-306 1.78035e-299 0)
(-6.16152e-306 1.78033e-299 0)
(3.06487e-306 1.78034e-299 0)
(4.16704e-305 1.78033e-299 0)
(4.85332e-305 1.78034e-299 0)
(-3.11826e-305 1.78034e-299 0)
(-3.20224e-305 1.78033e-299 0)
(-9.95538e-307 1.78032e-299 0)
(3.56545e-305 1.78032e-299 0)
(5.51763e-305 1.78032e-299 0)
(1.8624e-305 1.78032e-299 0)
(1.9503e-306 1.78032e-299 0)
(1.94024e-306 1.78032e-299 0)
(-1.06163e-305 1.78031e-299 0)
(-1.15216e-305 1.78031e-299 0)
(0 1.78031e-299 0)
(9.50253e-306 1.78031e-299 0)
(2.64698e-305 1.78031e-299 0)
(9.40473e-306 1.78031e-299 0)
(9.35621e-306 1.7803e-299 0)
(1.48927e-305 1.78031e-299 0)
(6.48194e-306 1.7803e-299 0)
(4.05334e-305 1.7803e-299 0)
(1.83292e-305 1.78031e-299 0)
(-2.55285e-305 1.7803e-299 0)
(-4.62585e-305 1.78029e-299 0)
(-3.24846e-305 1.78029e-299 0)
(-1.43631e-305 1.7803e-299 0)
(-1.78612e-306 1.78029e-299 0)
(2.66536e-306 1.7803e-299 0)
(-1.23742e-305 1.7803e-299 0)
(-7.91379e-306 1.78029e-299 0)
(1.48711e-305 1.78029e-299 0)
(9.57286e-306 1.78029e-299 0)
(8.6577e-307 1.78029e-299 0)
(4.30652e-306 1.7803e-299 0)
(2.31352e-305 1.7803e-299 0)
(1.87536e-305 1.78031e-299 0)
(-7.63236e-306 1.7803e-299 0)
(-1.68733e-306 1.7803e-299 0)
(-5.06199e-306 1.7803e-299 0)
(1.18726e-305 1.78029e-299 0)
(-7.67195e-306 1.7803e-299 0)
(-8.56859e-307 1.7803e-299 0)
(-1.03356e-305 1.78032e-299 0)
(-4.06912e-305 1.78032e-299 0)
(-4.52535e-305 1.78032e-299 0)
(-4.11143e-305 1.78031e-299 0)
(4.39655e-306 1.78031e-299 0)
(-3.53548e-306 1.78031e-299 0)
(2.57652e-305 1.78031e-299 0)
(5.62629e-305 1.78032e-299 0)
(3.86008e-305 1.78033e-299 0)
(2.43634e-305 1.78034e-299 0)
(1.90476e-305 1.78034e-299 0)
(1.82346e-306 1.78034e-299 0)
(-5.22383e-305 1.78035e-299 0)
(-4.42183e-305 1.78035e-299 0)
(9.25991e-306 1.78035e-299 0)
(4.65397e-306 1.78035e-299 0)
(1.87124e-306 1.78035e-299 0)
(-7.52378e-306 1.78036e-299 0)
(-4.44315e-305 1.78036e-299 0)
(-3.61096e-305 1.78036e-299 0)
(-1.52829e-305 1.78037e-299 0)
(-8.64122e-306 1.78037e-299 0)
(-6.7558e-306 1.78037e-299 0)
(-3.88048e-306 1.78036e-299 0)
(-2.92545e-306 1.78036e-299 0)
(-1.37229e-305 1.78036e-299 0)
(-3.84264e-305 1.78037e-299 0)
(-1.4856e-305 1.78037e-299 0)
(2.5884e-305 1.78037e-299 0)
(2.50175e-305 1.78038e-299 0)
(3.62121e-305 1.78038e-299 0)
(3.23554e-305 1.78038e-299 0)
(-5.08176e-306 1.78039e-299 0)
(-1.6346e-305 1.78038e-299 0)
(-3.08076e-306 1.78039e-299 0)
(1.03225e-306 1.78039e-299 0)
(3.1128e-306 1.7804e-299 0)
(-5.2149e-306 1.78039e-299 0)
(5.24195e-306 1.78039e-299 0)
(8.43061e-306 1.7804e-299 0)
(-9.53363e-306 1.78039e-299 0)
(1.06479e-306 1.78039e-299 0)
(-1.07031e-306 1.7804e-299 0)
(-2.36689e-305 1.7804e-299 0)
(-3.24431e-305 1.7804e-299 0)
(-2.06539e-305 1.7804e-299 0)
(-5.46342e-306 1.7804e-299 0)
(-2.63604e-305 1.78041e-299 0)
(-5.52024e-305 1.78041e-299 0)
(-1.33173e-305 1.78041e-299 0)
(3.34659e-306 1.78042e-299 0)
(-7.8492e-306 1.78041e-299 0)
(7.8899e-306 1.78041e-299 0)
(0 1.78042e-299 0)
(-3.98598e-305 1.78043e-299 0)
(-4.57903e-306 1.78042e-299 0)
(3.22194e-305 1.78044e-299 0)
(-2.54465e-305 1.78044e-299 0)
(-4.41811e-305 1.78043e-299 0)
(-2.33738e-305 1.78043e-299 0)
(-5.87375e-305 1.78043e-299 0)
(-5.07762e-305 1.78043e-299 0)
(1.66175e-305 1.78043e-299 0)
(0 1.78044e-299 0)
(-3.59793e-306 1.78044e-299 0)
(-1.80829e-305 1.78045e-299 0)
(-4.72595e-305 1.78043e-299 0)
(-2.19252e-305 1.78045e-299 0)
(-1.22438e-306 1.78045e-299 0)
(4.92293e-306 1.78046e-299 0)
(-2.96908e-305 1.78046e-299 0)
(-6.46637e-305 1.78045e-299 0)
(-4.74993e-305 1.78045e-299 0)
(-3.01551e-305 1.78045e-299 0)
(-4.16783e-305 1.78046e-299 0)
(-2.79297e-305 1.78045e-299 0)
(2.42462e-305 1.78046e-299 0)
(3.97647e-305 1.78046e-299 0)
(2.06302e-305 1.78047e-299 0)
(-2.07371e-305 1.78047e-299 0)
(-4.03866e-305 1.78047e-299 0)
(-1.30955e-306 1.78046e-299 0)
(1.84288e-305 1.78046e-299 0)
(1.85243e-305 1.78046e-299 0)
(1.72904e-305 1.78047e-299 0)
(-1.06954e-305 1.78047e-299 0)
(-1.20947e-305 1.78047e-299 0)
(2.70166e-306 1.78048e-299 0)
(2.30832e-305 1.78048e-299 0)
(5.45951e-305 1.78048e-299 0)
(3.70428e-305 1.78049e-299 0)
(-6.89536e-306 1.78049e-299 0)
(-2.77245e-305 1.78049e-299 0)
(-1.11473e-305 1.78049e-299 0)
(2.80128e-305 1.78049e-299 0)
(4.08292e-305 1.78049e-299 0)
(4.8117e-305 1.78049e-299 0)
(6.40145e-305 1.78049e-299 0)
(7.2926e-305 1.7805e-299 0)
(5.17441e-305 1.78051e-299 0)
(5.63469e-305 1.78051e-299 0)
(9.87554e-305 1.78051e-299 0)
(1.00727e-304 1.78052e-299 0)
(8.65758e-305 1.78052e-299 0)
(1.10625e-304 1.78052e-299 0)
(1.43817e-304 1.78054e-299 0)
(1.28169e-304 1.78054e-299 0)
(1.07861e-304 1.78055e-299 0)
(1.53595e-304 1.78054e-299 0)
(2.14937e-304 1.78055e-299 0)
(2.31267e-304 1.78056e-299 0)
(2.27878e-304 1.78058e-299 0)
(2.42896e-304 1.78058e-299 0)
(2.67335e-304 1.78059e-299 0)
(2.65615e-304 1.7806e-299 0)
(2.70115e-304 1.78061e-299 0)
(3.20169e-304 1.78062e-299 0)
(3.53381e-304 1.78063e-299 0)
(3.52042e-304 1.78064e-299 0)
(3.28364e-304 1.78065e-299 0)
(2.91613e-304 1.78066e-299 0)
(2.81851e-304 1.78067e-299 0)
(2.07223e-304 1.78069e-299 0)
(9.43849e-305 1.78069e-299 0)
(-4.74372e-305 1.7807e-299 0)
(-2.31839e-304 1.78069e-299 0)
(-4.28069e-304 1.78069e-299 0)
(-6.54571e-304 1.78067e-299 0)
(-8.26632e-304 1.78063e-299 0)
(-8.42669e-304 1.78058e-299 0)
(-3.96523e-304 1.78051e-299 0)
(4.5043e-304 1.78032e-299 0)
(9.38005e-304 1.7804e-299 0)
(9.14687e-304 1.78046e-299 0)
(7.07752e-304 1.7805e-299 0)
(4.59494e-304 1.78051e-299 0)
(2.82007e-304 1.78053e-299 0)
(7.69255e-305 1.78055e-299 0)
(-1.12542e-304 1.78054e-299 0)
(-2.10487e-304 1.78052e-299 0)
(-2.96281e-304 1.78051e-299 0)
(-3.36859e-304 1.78049e-299 0)
(-3.50555e-304 1.78047e-299 0)
(-3.29006e-304 1.78046e-299 0)
(-3.2949e-304 1.78047e-299 0)
(-3.2779e-304 1.78044e-299 0)
(-2.6995e-304 1.78043e-299 0)
(-2.53518e-304 1.78041e-299 0)
(-2.4366e-304 1.78041e-299 0)
(-2.33898e-304 1.78041e-299 0)
(-2.26345e-304 1.7804e-299 0)
(-2.04132e-304 1.7804e-299 0)
(-2.0936e-304 1.78039e-299 0)
(-1.83286e-304 1.78038e-299 0)
(-1.47116e-304 1.78038e-299 0)
(-1.69032e-304 1.78037e-299 0)
(-1.6816e-304 1.78036e-299 0)
(-1.3873e-304 1.78035e-299 0)
(-1.01481e-304 1.78034e-299 0)
(-6.46128e-305 1.78034e-299 0)
(-7.03056e-305 1.78035e-299 0)
(-6.79445e-305 1.78035e-299 0)
(-4.97014e-305 1.78035e-299 0)
(-7.71342e-305 1.78034e-299 0)
(-7.08334e-305 1.78033e-299 0)
(-5.2851e-305 1.78033e-299 0)
(-4.86836e-305 1.78033e-299 0)
(-2.32476e-305 1.78034e-299 0)
(-1.73457e-305 1.78035e-299 0)
(-2.6843e-305 1.78034e-299 0)
(0 1.78034e-299 0)
(-9.48813e-306 1.78034e-299 0)
(-4.5308e-305 1.78034e-299 0)
(-3.944e-305 1.78035e-299 0)
(-2.80261e-305 1.78035e-299 0)
(-1.48701e-305 1.78035e-299 0)
(5.54752e-306 1.78033e-299 0)
(1.47171e-305 1.78034e-299 0)
(1.46411e-305 1.78034e-299 0)
(-2.91312e-305 1.78035e-299 0)
(-1.99244e-305 1.78035e-299 0)
(1.26137e-305 1.78035e-299 0)
(-3.2268e-305 1.78035e-299 0)
(-2.1401e-305 1.78035e-299 0)
(1.77421e-306 1.78036e-299 0)
(8.8253e-306 1.78034e-299 0)
(4.21429e-305 1.78035e-299 0)
(3.49379e-305 1.78035e-299 0)
(2.78061e-305 1.78035e-299 0)
(4.32229e-305 1.78034e-299 0)
(4.12799e-305 1.78035e-299 0)
(3.25113e-305 1.78035e-299 0)
(3.23435e-305 1.78036e-299 0)
(4.23377e-305 1.78037e-299 0)
(5.8967e-305 1.78037e-299 0)
(2.84933e-305 1.78038e-299 0)
(-2.16766e-305 1.78038e-299 0)
(-8.29414e-306 1.78036e-299 0)
(-1.65027e-306 1.78036e-299 0)
(-5.41779e-305 1.78036e-299 0)
(-2.93991e-305 1.78034e-299 0)
(1.94983e-305 1.78035e-299 0)
(1.61648e-306 1.78036e-299 0)
(6.43254e-306 1.78035e-299 0)
(9.59903e-306 1.78035e-299 0)
(2.38738e-305 1.78036e-299 0)
(2.5334e-305 1.78036e-299 0)
(1.41768e-305 1.78036e-299 0)
(3.29086e-305 1.78037e-299 0)
(2.49439e-305 1.78037e-299 0)
(4.65284e-306 1.78037e-299 0)
(-3.08589e-306 1.78037e-299 0)
(-3.06997e-306 1.78038e-299 0)
(7.63533e-306 1.78038e-299 0)
(-1.51919e-306 1.78038e-299 0)
(-1.66248e-305 1.78036e-299 0)
(4.51065e-306 1.78035e-299 0)
(-2.99159e-306 1.78036e-299 0)
(-7.44038e-306 1.78036e-299 0)
(-7.40199e-306 1.78036e-299 0)
(4.41828e-306 1.78036e-299 0)
(2.05123e-305 1.78037e-299 0)
(1.60336e-305 1.78037e-299 0)
(2.17512e-305 1.78036e-299 0)
(-1.4426e-306 1.78035e-299 0)
(5.74063e-306 1.78034e-299 0)
(1.42775e-306 1.78035e-299 0)
(-8.52232e-306 1.78033e-299 0)
(1.41306e-306 1.78034e-299 0)
(4.35788e-305 1.78033e-299 0)
(5.03466e-305 1.78034e-299 0)
(-3.61738e-305 1.78033e-299 0)
(-3.87554e-305 1.78033e-299 0)
(-2.75396e-306 1.78032e-299 0)
(3.42469e-305 1.78032e-299 0)
(5.04239e-305 1.78032e-299 0)
(2.03367e-305 1.78031e-299 0)
(2.69756e-306 1.78032e-299 0)
(0 1.78031e-299 0)
(-1.06792e-305 1.78031e-299 0)
(-1.06241e-305 1.78031e-299 0)
(-1.32116e-306 1.78032e-299 0)
(7.88607e-306 1.78031e-299 0)
(2.87664e-305 1.78031e-299 0)
(6.50409e-306 1.78032e-299 0)
(6.47053e-306 1.78031e-299 0)
(1.67366e-305 1.78032e-299 0)
(5.12315e-306 1.78031e-299 0)
(4.20479e-305 1.78031e-299 0)
(1.77465e-305 1.78032e-299 0)
(-3.53098e-305 1.78031e-299 0)
(-5.14369e-305 1.78028e-299 0)
(-2.99541e-305 1.78027e-299 0)
(-1.24165e-305 1.78029e-299 0)
(1.23524e-306 1.78028e-299 0)
(6.14434e-306 1.7803e-299 0)
(-1.71154e-305 1.78029e-299 0)
(-9.72976e-306 1.78028e-299 0)
(1.20994e-305 1.78028e-299 0)
(6.01851e-306 1.78027e-299 0)
(5.98746e-306 1.78027e-299 0)
(1.07218e-305 1.7803e-299 0)
(2.60737e-305 1.7803e-299 0)
(1.65067e-305 1.7803e-299 0)
(-1.05567e-305 1.78029e-299 0)
(0 1.7803e-299 0)
(-1.05023e-305 1.7803e-299 0)
(1.40756e-305 1.78028e-299 0)
(-3.53716e-306 1.7803e-299 0)
(7.111e-306 1.7803e-299 0)
(-3.57394e-306 1.78033e-299 0)
(-4.31097e-305 1.78032e-299 0)
(-4.69444e-305 1.78033e-299 0)
(-4.71878e-305 1.78031e-299 0)
(4.86488e-306 1.7803e-299 0)
(-3.66758e-306 1.78031e-299 0)
(2.94928e-305 1.7803e-299 0)
(6.42325e-305 1.78032e-299 0)
(4.34576e-305 1.78033e-299 0)
(2.49617e-305 1.78034e-299 0)
(1.63093e-305 1.78033e-299 0)
(1.13496e-305 1.78033e-299 0)
(-4.56338e-305 1.78036e-299 0)
(-4.84188e-305 1.78035e-299 0)
(1.02463e-305 1.78035e-299 0)
(5.14972e-306 1.78036e-299 0)
(5.17643e-306 1.78035e-299 0)
(-3.90245e-306 1.78036e-299 0)
(-4.83799e-305 1.78036e-299 0)
(-3.15443e-305 1.78035e-299 0)
(-6.60581e-306 1.78037e-299 0)
(-7.96808e-306 1.78038e-299 0)
(-1.60188e-305 1.78037e-299 0)
(-8.05094e-306 1.78035e-299 0)
(1.34878e-306 1.78036e-299 0)
(-1.2202e-305 1.78036e-299 0)
(-3.67958e-305 1.78037e-299 0)
(-1.23289e-305 1.78037e-299 0)
(3.44245e-305 1.78038e-299 0)
(2.62983e-305 1.7804e-299 0)
(3.19999e-305 1.78038e-299 0)
(3.77599e-305 1.78038e-299 0)
(-2.81154e-306 1.7804e-299 0)
(-1.97828e-305 1.78039e-299 0)
(2.84077e-306 1.78038e-299 0)
(5.71102e-306 1.7804e-299 0)
(1.43516e-306 1.7804e-299 0)
(-1.15408e-305 1.7804e-299 0)
(7.25041e-306 1.78038e-299 0)
(1.02032e-305 1.7804e-299 0)
(-8.79097e-306 1.7804e-299 0)
(5.89104e-306 1.7804e-299 0)
(-2.9608e-306 1.7804e-299 0)
(-2.52973e-305 1.7804e-299 0)
(-2.84201e-305 1.7804e-299 0)
(-2.10497e-305 1.7804e-299 0)
(-1.51135e-306 1.7804e-299 0)
(-2.27878e-305 1.78042e-299 0)
(-5.80285e-305 1.78041e-299 0)
(-1.22799e-305 1.78041e-299 0)
(6.17178e-306 1.78041e-299 0)
(-1.08566e-305 1.78041e-299 0)
(1.09129e-305 1.78041e-299 0)
(9.40246e-306 1.78042e-299 0)
(-3.78049e-305 1.78044e-299 0)
(-4.75012e-306 1.78042e-299 0)
(4.13812e-305 1.78044e-299 0)
(-2.71973e-305 1.78044e-299 0)
(-4.82441e-305 1.78043e-299 0)
(-2.42471e-305 1.78043e-299 0)
(-5.84949e-305 1.78043e-299 0)
(-4.89986e-305 1.78042e-299 0)
(2.13428e-305 1.78043e-299 0)
(3.30054e-306 1.78044e-299 0)
(-1.65883e-306 1.78044e-299 0)
(-2.00092e-305 1.78045e-299 0)
(-4.86063e-305 1.78043e-299 0)
(-1.51629e-305 1.78045e-299 0)
(6.77404e-306 1.78045e-299 0)
(8.51146e-306 1.78047e-299 0)
(-3.25113e-305 1.78047e-299 0)
(-7.39598e-305 1.78045e-299 0)
(-4.66807e-305 1.78044e-299 0)
(-2.25925e-305 1.78045e-299 0)
(-4.01786e-305 1.78046e-299 0)
(-2.98512e-305 1.78046e-299 0)
(3.0006e-305 1.78045e-299 0)
(4.9678e-305 1.78047e-299 0)
(2.1401e-305 1.78048e-299 0)
(-2.33046e-305 1.78047e-299 0)
(-4.8653e-305 1.78046e-299 0)
(-3.62261e-306 1.78046e-299 0)
(2.00277e-305 1.78046e-299 0)
(2.37919e-305 1.78046e-299 0)
(2.20756e-305 1.78047e-299 0)
(-1.1095e-305 1.78047e-299 0)
(-9.29382e-306 1.78046e-299 0)
(3.73681e-306 1.78047e-299 0)
(2.25371e-305 1.78047e-299 0)
(6.04107e-305 1.78047e-299 0)
(4.17478e-305 1.78048e-299 0)
(-7.62987e-306 1.78048e-299 0)
(-2.30083e-305 1.78048e-299 0)
(-1.15638e-305 1.78049e-299 0)
(2.32476e-305 1.78049e-299 0)
(4.28416e-305 1.78048e-299 0)
(5.08935e-305 1.78048e-299 0)
(7.08334e-305 1.78049e-299 0)
(8.30676e-305 1.7805e-299 0)
(5.56656e-305 1.78051e-299 0)
(5.39559e-305 1.78051e-299 0)
(1.04454e-304 1.7805e-299 0)
(1.09034e-304 1.78051e-299 0)
(8.72737e-305 1.78051e-299 0)
(1.22409e-304 1.78052e-299 0)
(1.53805e-304 1.78054e-299 0)
(1.29866e-304 1.78054e-299 0)
(1.07747e-304 1.78054e-299 0)
(1.5621e-304 1.78054e-299 0)
(2.26109e-304 1.78055e-299 0)
(2.46222e-304 1.78056e-299 0)
(2.39037e-304 1.78058e-299 0)
(2.50908e-304 1.78059e-299 0)
(2.77858e-304 1.78059e-299 0)
(2.79299e-304 1.7806e-299 0)
(2.78588e-304 1.78062e-299 0)
(3.23449e-304 1.78062e-299 0)
(3.64403e-304 1.78062e-299 0)
(3.7068e-304 1.78064e-299 0)
(3.39531e-304 1.78065e-299 0)
(3.01401e-304 1.78065e-299 0)
(3.05191e-304 1.78067e-299 0)
(2.19444e-304 1.7807e-299 0)
(9.9037e-305 1.7807e-299 0)
(-5.20378e-305 1.7807e-299 0)
(-2.38796e-304 1.78069e-299 0)
(-4.43492e-304 1.78069e-299 0)
(-6.89369e-304 1.78066e-299 0)
(-8.80039e-304 1.78063e-299 0)
(-9.17108e-304 1.78057e-299 0)
(-4.41095e-304 1.7805e-299 0)
(4.85821e-304 8.90162e-300 0)
(9.95532e-304 8.90201e-300 0)
(9.60045e-304 8.90229e-300 0)
(7.31019e-304 8.90251e-300 0)
(4.69549e-304 8.90254e-300 0)
(3.03553e-304 8.90266e-300 0)
(7.8235e-305 8.9028e-300 0)
(-1.292e-304 8.90271e-300 0)
(-2.24546e-304 8.90257e-300 0)
(-3.0504e-304 8.90251e-300 0)
(-3.54044e-304 8.90246e-300 0)
(-3.59841e-304 8.90235e-300 0)
(-3.29164e-304 8.90234e-300 0)
(-3.38029e-304 8.90235e-300 0)
(-3.48295e-304 8.90223e-300 0)
(-2.80783e-304 8.90213e-300 0)
(-2.57047e-304 8.90206e-300 0)
(-2.43895e-304 8.90206e-300 0)
(-2.38226e-304 8.90208e-300 0)
(-2.32608e-304 8.90198e-300 0)
(-2.08121e-304 8.902e-300 0)
(-2.17183e-304 8.90194e-300 0)
(-1.84373e-304 8.90192e-300 0)
(-1.51896e-304 8.90192e-300 0)
(-1.75347e-304 8.90188e-300 0)
(-1.80116e-304 8.90183e-300 0)
(-1.49557e-304 8.90173e-300 0)
(-1.03869e-304 8.90166e-300 0)
(-5.86486e-305 8.9017e-300 0)
(-6.66812e-305 8.90176e-300 0)
(-6.63371e-305 8.90178e-300 0)
(-5.36208e-305 8.90174e-300 0)
(-8.61714e-305 8.9017e-300 0)
(-7.48408e-305 8.90163e-300 0)
(-5.14414e-305 8.90164e-300 0)
(-4.44423e-305 8.90168e-300 0)
(-1.74173e-305 8.90169e-300 0)
(-1.0663e-305 8.90178e-300 0)
(-3.1824e-305 8.90174e-300 0)
(-2.63832e-306 8.90172e-300 0)
(-9.18647e-306 8.9017e-300 0)
(-4.17786e-305 8.90171e-300 0)
(-3.76665e-305 8.90179e-300 0)
(-2.84272e-305 8.90176e-300 0)
(-2.05676e-305 8.90176e-300 0)
(0 8.90166e-300 0)
(1.78115e-305 8.90166e-300 0)
(1.77196e-305 8.9017e-300 0)
(-2.26648e-305 8.90177e-300 0)
(-1.87898e-305 8.90178e-300 0)
(9.96955e-306 8.90179e-300 0)
(-3.22339e-305 8.90176e-300 0)
(-1.48004e-305 8.90176e-300 0)
(-1.227e-306 8.90183e-300 0)
(3.66202e-306 8.90172e-300 0)
(4.37175e-305 8.90174e-300 0)
(3.14109e-305 8.90174e-300 0)
(2.52394e-305 8.90168e-300 0)
(4.54357e-305 8.90172e-300 0)
(4.04432e-305 8.90172e-300 0)
(3.78678e-305 8.90171e-300 0)
(4.47361e-305 8.9018e-300 0)
(4.56764e-305 8.90189e-300 0)
(5.70923e-305 8.90186e-300 0)
(3.01376e-305 8.90187e-300 0)
(-2.53694e-305 8.9019e-300 0)
(-1.49137e-305 8.90179e-300 0)
(-1.14129e-306 8.90179e-300 0)
(-6.47178e-305 8.90179e-300 0)
(-3.27567e-305 8.90165e-300 0)
(2.69691e-305 8.90172e-300 0)
(3.35375e-306 8.90176e-300 0)
(3.33644e-306 8.90171e-300 0)
(1.54897e-305 8.90177e-300 0)
(2.64168e-305 8.90181e-300 0)
(2.40905e-305 8.90182e-300 0)
(1.96087e-305 8.9018e-300 0)
(3.46801e-305 8.90189e-300 0)
(2.37195e-305 8.90185e-300 0)
(7.50819e-306 8.90185e-300 0)
(-1.06706e-306 8.90188e-300 0)
(0 8.90191e-300 0)
(9.50474e-306 8.90195e-300 0)
(-1.26076e-305 8.90191e-300 0)
(-2.50851e-305 8.90177e-300 0)
(7.27874e-306 8.90176e-300 0)
(-3.10337e-306 8.90178e-300 0)
(-9.26207e-306 8.90176e-300 0)
(-2.04762e-306 8.9018e-300 0)
(9.16674e-306 8.90182e-300 0)
(2.53318e-305 8.90191e-300 0)
(1.20965e-305 8.90195e-300 0)
(1.20341e-305 8.90184e-300 0)
(-6.98368e-306 8.9017e-300 0)
(6.94765e-306 8.90173e-300 0)
(0 8.90177e-300 0)
(-1.37523e-305 8.90164e-300 0)
(9.77238e-307 8.90172e-300 0)
(3.986e-305 8.90161e-300 0)
(5.22277e-305 8.90168e-300 0)
(-3.84876e-305 8.90166e-300 0)
(-4.30752e-305 8.90162e-300 0)
(-2.85686e-306 8.90155e-300 0)
(3.50528e-305 8.90159e-300 0)
(4.80668e-305 8.90159e-300 0)
(1.87525e-305 8.90157e-300 0)
(1.86557e-306 8.90158e-300 0)
(-4.63987e-306 8.90148e-300 0)
(-8.30867e-306 8.90149e-300 0)
(-7.34738e-306 8.90153e-300 0)
(0 8.90159e-300 0)
(7.27176e-306 8.90159e-300 0)
(3.16498e-305 8.90156e-300 0)
(7.19692e-306 8.90164e-300 0)
(4.47487e-306 8.90156e-300 0)
(1.78071e-305 8.90159e-300 0)
(6.20033e-306 8.90161e-300 0)
(4.49408e-305 8.90162e-300 0)
(1.40263e-305 8.90164e-300 0)
(-4.70946e-305 8.90154e-300 0)
(-6.33365e-305 8.9014e-300 0)
(-2.76207e-305 8.90132e-300 0)
(-6.01085e-306 8.90145e-300 0)
(4.27131e-306 8.90145e-300 0)
(7.6487e-306 8.90151e-300 0)
(-2.19822e-305 8.9015e-300 0)
(-1.59811e-305 8.90138e-300 0)
(8.36769e-306 8.90135e-300 0)
(5.82716e-306 8.90129e-300 0)
(1.40787e-305 8.90132e-300 0)
(2.05971e-305 8.90151e-300 0)
(2.62283e-305 8.90153e-300 0)
(1.14157e-305 8.9015e-300 0)
(-9.73437e-306 8.90142e-300 0)
(2.42104e-306 8.90151e-300 0)
(-1.69473e-305 8.90149e-300 0)
(1.13568e-305 8.90134e-300 0)
(4.89243e-306 8.90145e-300 0)
(1.39338e-305 8.90151e-300 0)
(8.23884e-307 8.90164e-300 0)
(-4.2236e-305 8.90161e-300 0)
(-4.91147e-305 8.90164e-300 0)
(-5.27165e-305 8.90156e-300 0)
(1.68222e-306 8.90151e-300 0)
(-5.9183e-306 8.9015e-300 0)
(3.14447e-305 8.90145e-300 0)
(7.34666e-305 8.90156e-300 0)
(4.89455e-305 8.90164e-300 0)
(2.24418e-305 8.90165e-300 0)
(1.21467e-305 8.90159e-300 0)
(2.18031e-305 8.9016e-300 0)
(-3.68191e-305 8.90181e-300 0)
(-5.19903e-305 8.90179e-300 0)
(1.15149e-305 8.90175e-300 0)
(8.0132e-306 8.90182e-300 0)
(6.26481e-306 8.90182e-300 0)
(-4.49807e-306 8.90184e-300 0)
(-5.33525e-305 8.90179e-300 0)
(-2.72691e-305 8.90171e-300 0)
(2.74105e-306 8.90185e-300 0)
(-1.01026e-305 8.90191e-300 0)
(-2.58492e-305 8.90184e-300 0)
(-1.11357e-305 8.90171e-300 0)
(6.5295e-306 8.90176e-300 0)
(-1.03139e-305 8.90181e-300 0)
(-3.39295e-305 8.90183e-300 0)
(-6.63162e-306 8.90189e-300 0)
(4.28529e-305 8.90189e-300 0)
(2.58451e-305 8.90202e-300 0)
(2.59791e-305 8.90191e-300 0)
(4.35231e-305 8.90193e-300 0)
(0 8.90202e-300 0)
(-2.54082e-305 8.90194e-300 0)
(5.89384e-306 8.90193e-300 0)
(9.87401e-306 8.90202e-300 0)
(2.97756e-306 8.90204e-300 0)
(-1.7958e-305 8.90201e-300 0)
(7.0199e-306 8.90191e-300 0)
(1.51207e-305 8.90201e-300 0)
(-9.11944e-306 8.902e-300 0)
(7.12969e-306 8.90202e-300 0)
(-5.11904e-306 8.90206e-300 0)
(-2.77862e-305 8.90196e-300 0)
(-2.79303e-305 8.90194e-300 0)
(-2.18362e-305 8.90203e-300 0)
(3.13564e-306 8.90194e-300 0)
(-1.57595e-305 8.90208e-300 0)
(-6.01967e-305 8.90205e-300 0)
(-1.06156e-305 8.90205e-300 0)
(2.13413e-306 8.90209e-300 0)
(-1.39438e-305 8.90202e-300 0)
(1.50943e-305 8.90202e-300 0)
(2.16751e-305 8.90207e-300 0)
(-3.92174e-305 8.90218e-300 0)
(-4.38009e-306 8.90213e-300 0)
(4.84309e-305 8.9022e-300 0)
(-2.76603e-305 8.90223e-300 0)
(-5.33831e-305 8.90217e-300 0)
(-2.683e-305 8.90215e-300 0)
(-6.18043e-305 8.90215e-300 0)
(-4.85703e-305 8.90212e-300 0)
(2.95204e-305 8.90211e-300 0)
(5.70644e-306 8.90225e-300 0)
(-1.14721e-306 8.90216e-300 0)
(-2.30631e-305 8.90222e-300 0)
(-4.52063e-305 8.90215e-300 0)
(-6.99089e-306 8.90225e-300 0)
(1.40543e-305 8.90227e-300 0)
(1.53044e-305 8.90236e-300 0)
(-4.37847e-305 8.90235e-300 0)
(-8.56445e-305 8.90225e-300 0)
(-5.02184e-305 8.90216e-300 0)
(-1.44225e-305 8.90222e-300 0)
(-3.62433e-305 8.90227e-300 0)
(-2.9145e-305 8.90227e-300 0)
(3.29582e-305 8.90227e-300 0)
(5.76692e-305 8.90234e-300 0)
(2.3434e-305 8.90239e-300 0)
(-3.09941e-305 8.90234e-300 0)
(-5.23401e-305 8.90229e-300 0)
(-5.01063e-306 8.9023e-300 0)
(2.14056e-305 8.90227e-300 0)
(3.03764e-305 8.90229e-300 0)
(2.29004e-305 8.90237e-300 0)
(-1.79038e-305 8.90228e-300 0)
(-5.14191e-306 8.90229e-300 0)
(7.75287e-306 8.90238e-300 0)
(2.20804e-305 8.90235e-300 0)
(6.52791e-305 8.90233e-300 0)
(4.59323e-305 8.90243e-300 0)
(-9.23411e-306 8.9024e-300 0)
(-1.7238e-305 8.9024e-300 0)
(-1.19959e-305 8.90249e-300 0)
(2.00968e-305 8.90242e-300 0)
(4.17489e-305 8.90241e-300 0)
(5.14414e-305 8.9024e-300 0)
(7.75623e-305 8.90241e-300 0)
(9.30104e-305 8.90247e-300 0)
(5.91204e-305 8.90257e-300 0)
(4.83708e-305 8.90253e-300 0)
(1.06968e-304 8.90251e-300 0)
(1.11712e-304 8.90257e-300 0)
(9.26401e-305 8.90256e-300 0)
(1.31215e-304 8.90259e-300 0)
(1.63097e-304 8.9027e-300 0)
(1.31154e-304 8.90272e-300 0)
(1.06041e-304 8.90272e-300 0)
(1.59886e-304 8.9027e-300 0)
(2.36005e-304 8.90275e-300 0)
(2.54694e-304 8.90281e-300 0)
(2.50163e-304 8.9029e-300 0)
(2.58813e-304 8.90295e-300 0)
(2.82327e-304 8.90298e-300 0)
(2.89735e-304 8.90299e-300 0)
(2.86757e-304 8.90311e-300 0)
(3.22773e-304 8.90312e-300 0)
(3.71228e-304 8.90308e-300 0)
(3.83772e-304 8.90318e-300 0)
(3.43069e-304 8.90325e-300 0)
(3.12662e-304 8.90327e-300 0)
(3.28149e-304 8.90335e-300 0)
(2.27644e-304 8.90351e-300 0)
(9.96242e-305 8.90346e-300 0)
(-5.63292e-305 8.90352e-300 0)
(-2.46932e-304 8.90344e-300 0)
(-4.52158e-304 8.90345e-300 0)
(-7.16716e-304 8.90333e-300 0)
(-9.18512e-304 8.90311e-300 0)
(-9.74658e-304 8.90286e-300 0)
(-4.76137e-304 8.90244e-300 0)
(8.64132e-05 -0.0153193 0)
(0.000177666 -0.0153274 0)
(0.000171333 -0.0153259 0)
(0.00013046 -0.015333 0)
(8.37972e-05 -0.0153261 0)
(5.41731e-05 -0.0153324 0)
(1.39621e-05 -0.0153337 0)
(-2.30575e-05 -0.0153346 0)
(-4.00733e-05 -0.0153395 0)
(-5.44385e-05 -0.0153307 0)
(-6.31839e-05 -0.0153304 0)
(-6.42184e-05 -0.0153297 0)
(-5.87436e-05 -0.0153329 0)
(-6.03257e-05 -0.0153357 0)
(-6.189e-05 -0.015338 0)
(-5.0376e-05 -0.0153356 0)
(-4.56083e-05 -0.0153371 0)
(-4.37902e-05 -0.015334 0)
(-4.25145e-05 -0.0153346 0)
(-4.12508e-05 -0.0153265 0)
(-3.74017e-05 -0.0153347 0)
(-3.87591e-05 -0.0153341 0)
(-3.29038e-05 -0.0153373 0)
(-2.71079e-05 -0.0153359 0)
(-3.10387e-05 -0.0153382 0)
(-3.23971e-05 -0.015336 0)
(-2.66905e-05 -0.0153374 0)
(-1.85368e-05 -0.0153345 0)
(-1.04666e-05 -0.0153391 0)
(-1.19001e-05 -0.0153353 0)
(-1.18387e-05 -0.0153351 0)
(-9.56935e-06 -0.0153345 0)
(-1.53784e-05 -0.0153374 0)
(-1.33563e-05 -0.0153321 0)
(-9.18041e-06 -0.0153342 0)
(-7.93133e-06 -0.0153358 0)
(-3.10834e-06 -0.0153332 0)
(-1.90296e-06 -0.0153302 0)
(-5.67941e-06 -0.0153344 0)
(-4.70843e-07 -0.0153344 0)
(-1.63945e-06 -0.0153302 0)
(-7.45595e-06 -0.0153369 0)
(-6.49029e-06 -0.0153356 0)
(-5.30381e-06 -0.0153303 0)
(-3.67057e-06 -0.0153356 0)
(0 -0.0153368 0)
(3.17869e-06 -0.0153267 0)
(3.16229e-06 -0.0153308 0)
(-4.04483e-06 -0.0153344 0)
(-3.3533e-06 -0.0153304 0)
(1.7792e-06 -0.0153367 0)
(-5.75256e-06 -0.0153319 0)
(-2.64133e-06 -0.0153268 0)
(-2.18975e-07 -0.0153388 0)
(6.53536e-07 -0.0153363 0)
(7.80197e-06 -0.01533 0)
(5.60569e-06 -0.0153337 0)
(4.50431e-06 -0.0153335 0)
(8.1086e-06 -0.0153329 0)
(7.21763e-06 -0.0153354 0)
(6.75802e-06 -0.0153339 0)
(7.98374e-06 -0.0153321 0)
(8.15157e-06 -0.0153333 0)
(1.01889e-05 -0.015334 0)
(5.37845e-06 -0.0153344 0)
(-4.52751e-06 -0.0153343 0)
(-2.66155e-06 -0.0153338 0)
(-2.03678e-07 -0.0153329 0)
(-1.15497e-05 -0.0153348 0)
(-5.84587e-06 -0.0153331 0)
(4.813e-06 -0.0153374 0)
(5.98521e-07 -0.0153349 0)
(5.95433e-07 -0.0153256 0)
(2.76435e-06 -0.015335 0)
(4.71444e-06 -0.0153313 0)
(4.29927e-06 -0.0153335 0)
(3.49944e-06 -0.0153291 0)
(6.18912e-06 -0.0153428 0)
(4.23307e-06 -0.0153314 0)
(1.53136e-06 -0.0153319 0)
(-3.80864e-07 -0.0153321 0)
(0 -0.0153318 0)
(1.69625e-06 -0.0153311 0)
(-2.24999e-06 -0.01533 0)
(-4.47677e-06 -0.0153285 0)
(1.29899e-06 -0.0153325 0)
(-5.53837e-07 -0.0153302 0)
(-1.46928e-06 -0.0153275 0)
(-5.48137e-07 -0.0153361 0)
(1.8177e-06 -0.0153326 0)
(4.33996e-06 -0.0153345 0)
(2.15879e-06 -0.0153303 0)
(2.14765e-06 -0.0153371 0)
(-1.24633e-06 -0.015332 0)
(1.2399e-06 -0.0153266 0)
(0 -0.0153321 0)
(-2.45428e-06 -0.0153315 0)
(1.74401e-07 -0.0153361 0)
(7.11355e-06 -0.0153292 0)
(9.49334e-06 -0.0153385 0)
(-7.04034e-06 -0.0153363 0)
(-7.51651e-06 -0.0153282 0)
(-6.79793e-07 -0.0153307 0)
(6.25564e-06 -0.0153273 0)
(8.74636e-06 -0.0153344 0)
(3.34663e-06 -0.0153356 0)
(1.66468e-07 -0.0153364 0)
(-8.28046e-07 -0.0153314 0)
(-1.48279e-06 -0.0153367 0)
(-1.14733e-06 -0.0153257 0)
(0 -0.0153302 0)
(1.13552e-06 -0.0153341 0)
(5.64833e-06 -0.0153325 0)
(1.28439e-06 -0.0153304 0)
(7.98599e-07 -0.0153331 0)
(3.17792e-06 -0.0153354 0)
(1.10653e-06 -0.0153321 0)
(8.02028e-06 -0.0153335 0)
(2.50318e-06 -0.0153345 0)
(-8.40466e-06 -0.0153351 0)
(-1.13032e-05 -0.0153303 0)
(-4.92928e-06 -0.015335 0)
(-1.07272e-06 -0.0153294 0)
(7.62273e-07 -0.0153284 0)
(1.36501e-06 -0.0153318 0)
(-3.92302e-06 -0.0153396 0)
(-2.85203e-06 -0.0153277 0)
(1.49333e-06 -0.0153347 0)
(1.03993e-06 -0.0153316 0)
(2.66032e-06 -0.0153282 0)
(3.52879e-06 -0.0153338 0)
(4.68078e-06 -0.0153296 0)
(2.03728e-06 -0.0153389 0)
(-1.59246e-06 -0.0153339 0)
(2.88044e-07 -0.0153286 0)
(-3.02446e-06 -0.0153378 0)
(2.02677e-06 -0.0153339 0)
(8.73119e-07 -0.0153296 0)
(2.48667e-06 -0.0153342 0)
(2.94066e-07 -0.0153385 0)
(-7.68537e-06 -0.0153282 0)
(-8.76516e-06 -0.0153364 0)
(-9.40795e-06 -0.0153347 0)
(4.50321e-07 -0.0153325 0)
(-1.20708e-06 -0.01533 0)
(5.61172e-06 -0.0153318 0)
(1.31111e-05 -0.0153284 0)
(8.73498e-06 -0.0153343 0)
(4.00504e-06 -0.0153301 0)
(2.16774e-06 -0.0153303 0)
(3.89105e-06 -0.0153301 0)
(-6.57086e-06 -0.0153345 0)
(-9.27836e-06 -0.0153335 0)
(2.05499e-06 -0.0153321 0)
(1.43006e-06 -0.0153354 0)
(1.11804e-06 -0.0153331 0)
(-8.02741e-07 -0.0153356 0)
(-9.52147e-06 -0.0153325 0)
(-4.86653e-06 -0.0153341 0)
(4.89177e-07 -0.0153302 0)
(-1.80295e-06 -0.0153362 0)
(-4.61313e-06 -0.0153367 0)
(-1.98731e-06 -0.0153367 0)
(1.16528e-06 -0.015331 0)
(-1.67331e-06 -0.0153302 0)
(-6.22337e-06 -0.0153398 0)
(-1.1835e-06 -0.0153382 0)
(7.64767e-06 -0.0153361 0)
(4.6124e-06 -0.0153337 0)
(4.63632e-06 -0.0153308 0)
(7.76728e-06 -0.015333 0)
(0 -0.0153347 0)
(-4.53443e-06 -0.0153306 0)
(1.05183e-06 -0.0153371 0)
(1.76215e-06 -0.0153265 0)
(5.31386e-07 -0.0153323 0)
(-3.20485e-06 -0.0153377 0)
(1.25279e-06 -0.0153313 0)
(2.69848e-06 -0.0153303 0)
(-1.62749e-06 -0.0153403 0)
(1.27239e-06 -0.0153326 0)
(-9.13561e-07 -0.0153361 0)
(-4.95882e-06 -0.0153334 0)
(-4.98453e-06 -0.0153302 0)
(-3.89696e-06 -0.0153385 0)
(5.59596e-07 -0.0153344 0)
(-2.81249e-06 -0.015336 0)
(-1.05544e-05 -0.0153371 0)
(-2.08394e-06 -0.0153257 0)
(3.80864e-07 -0.0153321 0)
(-2.48845e-06 -0.0153319 0)
(2.69377e-06 -0.0153376 0)
(3.8682e-06 -0.0153305 0)
(-6.99887e-06 -0.0153353 0)
(-7.81686e-07 -0.0153335 0)
(8.64313e-06 -0.0153313 0)
(-4.93634e-06 -0.015335 0)
(-9.52693e-06 -0.0153384 0)
(-4.78817e-06 -0.0153285 0)
(-1.10298e-05 -0.0153374 0)
(-8.66801e-06 -0.0153331 0)
(5.26831e-06 -0.0153283 0)
(1.01839e-06 -0.0153296 0)
(-2.04734e-07 -0.0153338 0)
(-4.11592e-06 -0.0153343 0)
(-8.06767e-06 -0.0153344 0)
(-1.24762e-06 -0.0153407 0)
(2.50817e-06 -0.0153333 0)
(2.73128e-06 -0.0153321 0)
(-7.81396e-06 -0.0153373 0)
(-1.52844e-05 -0.0153354 0)
(-8.96214e-06 -0.0153295 0)
(-2.57389e-06 -0.0153301 0)
(-6.4681e-06 -0.0153337 0)
(-5.20132e-06 -0.01533 0)
(5.88183e-06 -0.0153293 0)
(1.02918e-05 -0.0153353 0)
(4.18211e-06 -0.0153338 0)
(-5.53131e-06 -0.0153319 0)
(-9.34079e-06 -0.0153296 0)
(-8.94213e-07 -0.0153304 0)
(3.82011e-06 -0.0153344 0)
(5.42107e-06 -0.0153344 0)
(4.08689e-06 -0.015334 0)
(-3.19518e-06 -0.0153332 0)
(-9.17642e-07 -0.0153283 0)
(1.3836e-06 -0.015334 0)
(3.94054e-06 -0.0153319 0)
(1.18829e-05 -0.0153332 0)
(7.96303e-06 -0.015334 0)
(-1.64795e-06 -0.0153344 0)
(-3.07635e-06 -0.0153306 0)
(-2.14083e-06 -0.0153302 0)
(3.58655e-06 -0.0153332 0)
(7.45064e-06 -0.0153358 0)
(9.18041e-06 -0.0153264 0)
(1.3842e-05 -0.0153321 0)
(1.65989e-05 -0.0153335 0)
(1.05508e-05 -0.0153345 0)
(8.63242e-06 -0.0153272 0)
(1.90898e-05 -0.0153353 0)
(1.99364e-05 -0.0153351 0)
(1.65328e-05 -0.0153345 0)
(2.34171e-05 -0.0153334 0)
(2.91068e-05 -0.015336 0)
(2.34062e-05 -0.0153341 0)
(1.89244e-05 -0.0153318 0)
(2.85338e-05 -0.0153373 0)
(4.21182e-05 -0.0153341 0)
(4.54535e-05 -0.0153347 0)
(4.46449e-05 -0.0153349 0)
(4.61886e-05 -0.0153346 0)
(5.03851e-05 -0.0153424 0)
(5.17071e-05 -0.0153329 0)
(5.11756e-05 -0.0153356 0)
(5.76032e-05 -0.0153294 0)
(6.65199e-05 -0.0153314 0)
(6.82184e-05 -0.0153286 0)
(6.12252e-05 -0.0153297 0)
(5.57987e-05 -0.0153348 0)
(5.85626e-05 -0.0153307 0)
(4.0626e-05 -0.0153395 0)
(1.77793e-05 -0.0153346 0)
(-1.00527e-05 -0.0153337 0)
(-4.37876e-05 -0.0153279 0)
(-8.09758e-05 -0.0153307 0)
(-0.000127908 -0.015333 0)
(-0.000163921 -0.0153259 0)
(-0.000173941 -0.015332 0)
(-8.4973e-05 -0.0153193 0)
(8.61296e-05 -0.0495096 0)
(0.000177424 -0.0495149 0)
(0.00017095 -0.0495189 0)
(0.00012997 -0.0495289 0)
(8.43659e-05 -0.0495191 0)
(5.33689e-05 -0.0495336 0)
(1.40675e-05 -0.0495358 0)
(-2.34754e-05 -0.0495331 0)
(-3.99717e-05 -0.0495398 0)
(-5.40632e-05 -0.049538 0)
(-6.31187e-05 -0.0495278 0)
(-6.45619e-05 -0.049534 0)
(-5.89497e-05 -0.0495318 0)
(-6.03962e-05 -0.0495354 0)
(-6.18262e-05 -0.0495376 0)
(-5.02453e-05 -0.0495384 0)
(-4.56769e-05 -0.0495345 0)
(-4.32978e-05 -0.0495361 0)
(-4.26479e-05 -0.049533 0)
(-4.15793e-05 -0.0495286 0)
(-3.7566e-05 -0.0495365 0)
(-3.86319e-05 -0.0495396 0)
(-3.30019e-05 -0.0495346 0)
(-2.70134e-05 -0.0495351 0)
(-3.14219e-05 -0.0495408 0)
(-3.16711e-05 -0.049532 0)
(-2.70066e-05 -0.049535 0)
(-1.87257e-05 -0.0495335 0)
(-1.01245e-05 -0.0495371 0)
(-1.16838e-05 -0.0495361 0)
(-1.20243e-05 -0.0495307 0)
(-9.96859e-06 -0.0495399 0)
(-1.50741e-05 -0.0495318 0)
(-1.34177e-05 -0.049532 0)
(-9.02988e-06 -0.049534 0)
(-8.20213e-06 -0.0495346 0)
(-2.71994e-06 -0.0495309 0)
(-1.93279e-06 -0.049532 0)
(-5.76845e-06 -0.0495318 0)
(-3.82579e-07 -0.0495272 0)
(-1.90303e-06 -0.0495335 0)
(-7.57284e-06 -0.0495324 0)
(-6.02701e-06 -0.049533 0)
(-5.24643e-06 -0.0495263 0)
(-4.10093e-06 -0.0495272 0)
(3.70888e-07 -0.0495328 0)
(3.32077e-06 -0.0495311 0)
(2.93657e-06 -0.0495281 0)
(-3.65177e-06 -0.0495355 0)
(-3.63293e-06 -0.0495212 0)
(1.80709e-06 -0.0495317 0)
(-5.75286e-06 -0.0495292 0)
(-2.86159e-06 -0.0495312 0)
(-7.11706e-07 -0.0495404 0)
(1.06205e-06 -0.0495284 0)
(8.10038e-06 -0.0495236 0)
(5.60598e-06 -0.0495288 0)
(4.53136e-06 -0.0495298 0)
(7.97565e-06 -0.049535 0)
(7.24454e-06 -0.0495306 0)
(6.52077e-06 -0.0495331 0)
(8.19427e-06 -0.0495289 0)
(8.15199e-06 -0.0495342 0)
(1.01374e-05 -0.0495327 0)
(5.37872e-06 -0.0495381 0)
(-4.6821e-06 -0.0495393 0)
(-2.66168e-06 -0.0495286 0)
(0 -0.0495326 0)
(-1.1525e-05 -0.0495299 0)
(-5.89657e-06 -0.0495207 0)
(4.88845e-06 -0.0495311 0)
(3.24216e-07 -0.0495298 0)
(6.45086e-07 -0.0495323 0)
(2.88791e-06 -0.0495334 0)
(4.78835e-06 -0.049523 0)
(4.44607e-06 -0.0495368 0)
(3.15938e-06 -0.049534 0)
(5.97184e-06 -0.0495399 0)
(4.3776e-06 -0.0495395 0)
(1.55536e-06 -0.0495477 0)
(0 -0.0495297 0)
(0 -0.0495352 0)
(1.53141e-06 -0.0495345 0)
(-2.13292e-06 -0.0495324 0)
(-4.54696e-06 -0.0495291 0)
(1.20627e-06 -0.0495341 0)
(-3.00011e-07 -0.0495329 0)
(-1.49231e-06 -0.0495305 0)
(-8.90768e-07 -0.0495267 0)
(1.47695e-06 -0.0495406 0)
(4.99574e-06 -0.0495295 0)
(2.3388e-06 -0.0495265 0)
(1.74505e-06 -0.0495363 0)
(-1.15737e-06 -0.0495353 0)
(1.1514e-06 -0.049533 0)
(0 -0.0495386 0)
(-2.56398e-06 -0.0495246 0)
(2.83416e-07 -0.0495321 0)
(7.04886e-06 -0.0495292 0)
(8.97598e-06 -0.0495474 0)
(-6.13915e-06 -0.0495329 0)
(-7.49554e-06 -0.0495305 0)
(-8.28541e-07 -0.0495268 0)
(6.31937e-06 -0.0495307 0)
(8.20013e-06 -0.0495332 0)
(3.26313e-06 -0.0495387 0)
(5.41049e-07 -0.0495298 0)
(-1.07652e-06 -0.0495326 0)
(-1.3387e-06 -0.0495341 0)
(-1.06544e-06 -0.0495342 0)
(0 -0.049533 0)
(1.05447e-06 -0.0495348 0)
(5.76966e-06 -0.0495268 0)
(1.30452e-06 -0.0495342 0)
(7.78674e-07 -0.049532 0)
(3.09863e-06 -0.0495326 0)
(1.02755e-06 -0.0495319 0)
(7.66684e-06 -0.049538 0)
(2.79667e-06 -0.0495468 0)
(-8.0938e-06 -0.049534 0)
(-1.13232e-05 -0.0495321 0)
(-4.75623e-06 -0.0495289 0)
(-9.96145e-07 -0.0495284 0)
(2.47751e-07 -0.0495305 0)
(1.47884e-06 -0.0495431 0)
(-3.92323e-06 -0.0495386 0)
(-2.6833e-06 -0.0495289 0)
(1.45607e-06 -0.0495296 0)
(1.20713e-06 -0.049529 0)
(2.4018e-06 -0.0495309 0)
(3.58412e-06 -0.0495392 0)
(4.75417e-06 -0.0495346 0)
(1.89185e-06 -0.0495363 0)
(-1.41157e-06 -0.049533 0)
(2.34048e-07 -0.0495283 0)
(-3.27667e-06 -0.0495358 0)
(2.11736e-06 -0.049533 0)
(9.45927e-07 -0.0495325 0)
(2.37708e-06 -0.0495346 0)
(2.38941e-07 -0.0495392 0)
(-7.68577e-06 -0.0495309 0)
(-8.93276e-06 -0.0495406 0)
(-8.97908e-06 -0.0495296 0)
(4.87873e-07 -0.0495289 0)
(-9.80806e-07 -0.0495268 0)
(5.66888e-06 -0.0495194 0)
(1.26353e-05 -0.0495305 0)
(8.71627e-06 -0.0495323 0)
(4.25557e-06 -0.0495369 0)
(2.26464e-06 -0.0495281 0)
(3.54104e-06 -0.049534 0)
(-6.61031e-06 -0.0495387 0)
(-9.20021e-06 -0.0495339 0)
(2.05509e-06 -0.0495319 0)
(1.2911e-06 -0.0495326 0)
(1.29779e-06 -0.0495279 0)
(-7.82713e-07 -0.0495342 0)
(-9.70352e-06 -0.0495352 0)
(-4.74511e-06 -0.0495348 0)
(5.29969e-07 -0.049533 0)
(-1.86451e-06 -0.0495342 0)
(-4.55158e-06 -0.0495341 0)
(-1.8839e-06 -0.0495326 0)
(1.0821e-06 -0.0495298 0)
(-1.90349e-06 -0.04953 0)
(-6.28677e-06 -0.0495463 0)
(-8.24266e-07 -0.0495263 0)
(7.18069e-06 -0.0495357 0)
(4.71941e-06 -0.049535 0)
(4.74389e-06 -0.0495374 0)
(7.57349e-06 -0.0495385 0)
(0 -0.0495427 0)
(-4.53466e-06 -0.0495367 0)
(1.42443e-06 -0.0495338 0)
(1.71818e-06 -0.0495341 0)
(5.75698e-07 -0.049533 0)
(-3.18276e-06 -0.0495307 0)
(1.16337e-06 -0.0495269 0)
(2.63116e-06 -0.0495406 0)
(-1.7632e-06 -0.0495342 0)
(1.47695e-06 -0.0495359 0)
(-8.90768e-07 -0.0495362 0)
(-4.7754e-06 -0.0495305 0)
(-5.10018e-06 -0.0495329 0)
(-3.92036e-06 -0.0495341 0)
(3.0313e-07 -0.0495339 0)
(-3.04702e-06 -0.0495422 0)
(-1.01073e-05 -0.0495443 0)
(-1.84723e-06 -0.0495352 0)
(3.09468e-07 -0.0495347 0)
(-2.79965e-06 -0.0495377 0)
(2.81417e-06 -0.0495295 0)
(4.086e-06 -0.0495349 0)
(-6.95063e-06 -0.0495289 0)
(-6.35152e-07 -0.0495266 0)
(8.2998e-06 -0.0495332 0)
(-5.13406e-06 -0.0495385 0)
(-9.35374e-06 -0.0495323 0)
(-4.86323e-06 -0.049535 0)
(-1.10805e-05 -0.0495416 0)
(-7.86209e-06 -0.0495259 0)
(5.26858e-06 -0.0495194 0)
(6.61988e-07 -0.0495273 0)
(-6.65421e-07 -0.0495286 0)
(-4.34767e-06 -0.0495366 0)
(-8.06809e-06 -0.04953 0)
(-1.01374e-06 -0.0495354 0)
(2.71733e-06 -0.0495315 0)
(2.04857e-06 -0.0495343 0)
(-7.55037e-06 -0.0495414 0)
(-1.48341e-05 -0.0495361 0)
(-9.01595e-06 -0.0495239 0)
(-2.43996e-06 -0.0495326 0)
(-6.6571e-06 -0.0495288 0)
(-4.93067e-06 -0.0495293 0)
(6.01829e-06 -0.0495199 0)
(9.96389e-06 -0.0495291 0)
(3.93468e-06 -0.049537 0)
(-5.03375e-06 -0.0495292 0)
(-9.03546e-06 -0.0495259 0)
(-1.45317e-06 -0.0495241 0)
(3.65177e-06 -0.0495326 0)
(5.50606e-06 -0.0495252 0)
(3.68974e-06 -0.0495341 0)
(-2.9671e-06 -0.0495328 0)
(-3.72811e-07 -0.0495302 0)
(1.49898e-06 -0.0495323 0)
(3.76688e-06 -0.049521 0)
(1.13593e-05 -0.0495354 0)
(7.99272e-06 -0.0495335 0)
(-1.14774e-06 -0.0495303 0)
(-3.07651e-06 -0.0495349 0)
(-2.31935e-06 -0.0495289 0)
(3.49706e-06 -0.0495371 0)
(7.42098e-06 -0.0495315 0)
(9.02988e-06 -0.049534 0)
(1.38124e-05 -0.049532 0)
(1.66608e-05 -0.049535 0)
(1.07661e-05 -0.0495335 0)
(8.81785e-06 -0.0495307 0)
(1.89358e-05 -0.0495329 0)
(1.9844e-05 -0.0495339 0)
(1.62832e-05 -0.0495367 0)
(2.37331e-05 -0.049535 0)
(2.87919e-05 -0.049532 0)
(2.35664e-05 -0.0495375 0)
(1.91172e-05 -0.0495384 0)
(2.84067e-05 -0.0495279 0)
(4.15713e-05 -0.0495328 0)
(4.55857e-05 -0.0495365 0)
(4.49736e-05 -0.0495354 0)
(4.56333e-05 -0.0495364 0)
(5.05855e-05 -0.0495395 0)
(5.21406e-05 -0.0495414 0)
(5.11116e-05 -0.0495315 0)
(5.74722e-05 -0.0495341 0)
(6.65233e-05 -0.0495319 0)
(6.8628e-05 -0.0495318 0)
(6.10243e-05 -0.0495305 0)
(5.55623e-05 -0.0495313 0)
(5.80844e-05 -0.049538 0)
(4.087e-05 -0.0495434 0)
(1.8058e-05 -0.0495367 0)
(-9.52961e-06 -0.0495467 0)
(-4.37899e-05 -0.04953 0)
(-8.11563e-05 -0.0495301 0)
(-0.000127205 -0.0495252 0)
(-0.000164 -0.0495189 0)
(-0.000173233 -0.0495149 0)
(-8.42573e-05 -0.0494983 0)
(8.51979e-05 -0.0915603 0)
(0.000176706 -0.0915753 0)
(0.000169771 -0.0915907 0)
(0.000129948 -0.0916094 0)
(8.38257e-05 -0.0915988 0)
(5.26304e-05 -0.0916124 0)
(1.32741e-05 -0.0916294 0)
(-2.2743e-05 -0.0916262 0)
(-4.01422e-05 -0.0916235 0)
(-5.37309e-05 -0.0916184 0)
(-6.28442e-05 -0.0916138 0)
(-6.43165e-05 -0.0916154 0)
(-5.89803e-05 -0.0916089 0)
(-6.08096e-05 -0.091617 0)
(-6.22648e-05 -0.0916226 0)
(-4.99772e-05 -0.0916145 0)
(-4.58678e-05 -0.0916264 0)
(-4.31929e-05 -0.0916218 0)
(-4.22769e-05 -0.0916176 0)
(-4.20588e-05 -0.0916248 0)
(-3.80692e-05 -0.0916212 0)
(-3.85552e-05 -0.0916289 0)
(-3.25858e-05 -0.0916233 0)
(-2.73525e-05 -0.0916233 0)
(-3.12426e-05 -0.0916236 0)
(-3.17499e-05 -0.0916241 0)
(-2.65988e-05 -0.0916169 0)
(-1.85231e-05 -0.0916125 0)
(-1.053e-05 -0.091619 0)
(-1.21125e-05 -0.0916256 0)
(-1.205e-05 -0.0916244 0)
(-9.39588e-06 -0.091626 0)
(-1.48269e-05 -0.0916226 0)
(-1.31471e-05 -0.0916116 0)
(-8.93219e-06 -0.0916162 0)
(-7.93402e-06 -0.0916132 0)
(-2.84151e-06 -0.0916103 0)
(-2.51276e-06 -0.0916201 0)
(-5.31206e-06 -0.0916149 0)
(-3.10862e-07 -0.0916147 0)
(-2.16481e-06 -0.0916171 0)
(-7.3839e-06 -0.0916194 0)
(-5.81543e-06 -0.0916095 0)
(-5.17643e-06 -0.0916094 0)
(-4.54387e-06 -0.0916142 0)
(3.01362e-07 -0.0916092 0)
(3.59769e-06 -0.0916139 0)
(2.68434e-06 -0.091616 0)
(-3.85738e-06 -0.0916228 0)
(-2.65672e-06 -0.0916035 0)
(1.17467e-06 -0.0916149 0)
(-5.25874e-06 -0.0916097 0)
(-3.1971e-06 -0.0916044 0)
(-5.78291e-07 -0.0916129 0)
(1.43827e-06 -0.0916051 0)
(7.72658e-06 -0.0916086 0)
(5.40917e-06 -0.0916143 0)
(4.24836e-06 -0.0916106 0)
(7.88937e-06 -0.0916136 0)
(7.28804e-06 -0.0916141 0)
(6.69272e-06 -0.0916121 0)
(8.04531e-06 -0.0916055 0)
(8.0038e-06 -0.0916164 0)
(9.88449e-06 -0.0916182 0)
(5.1899e-06 -0.0916241 0)
(-4.34789e-06 -0.0916231 0)
(-2.16273e-06 -0.091611 0)
(-5.37893e-07 -0.0916203 0)
(-1.07023e-05 -0.0916207 0)
(-5.85592e-06 -0.0915994 0)
(4.50168e-06 -0.0916056 0)
(5.26878e-07 -0.0916092 0)
(7.86239e-07 -0.0916104 0)
(2.868e-06 -0.0916134 0)
(4.66888e-06 -0.0916096 0)
(4.1287e-06 -0.0916118 0)
(2.82384e-06 -0.0916156 0)
(5.87393e-06 -0.091621 0)
(4.3192e-06 -0.0916239 0)
(1.51656e-06 -0.0916244 0)
(5.02911e-07 -0.0916143 0)
(0 -0.0916179 0)
(1.24434e-06 -0.0916191 0)
(-1.98067e-06 -0.0916218 0)
(-4.43351e-06 -0.091618 0)
(9.80141e-07 -0.0916197 0)
(0 -0.0916228 0)
(-1.21257e-06 -0.091608 0)
(-9.65049e-07 -0.0916102 0)
(1.4401e-06 -0.0916137 0)
(5.01436e-06 -0.0916186 0)
(1.90038e-06 -0.0916172 0)
(1.65425e-06 -0.0916209 0)
(-9.40409e-07 -0.0916222 0)
(1.16945e-06 -0.0916135 0)
(0 -0.0916285 0)
(-1.85186e-06 -0.0916039 0)
(0 -0.0916177 0)
(6.41479e-06 -0.0916069 0)
(8.66087e-06 -0.0916338 0)
(-5.66854e-06 -0.0916254 0)
(-7.2183e-06 -0.0916147 0)
(-6.73224e-07 -0.0916087 0)
(6.02776e-06 -0.0916076 0)
(7.99554e-06 -0.0916218 0)
(3.31429e-06 -0.0916228 0)
(6.59438e-07 -0.0916214 0)
(-8.74714e-07 -0.0916105 0)
(-1.7404e-06 -0.0916217 0)
(-6.49283e-07 -0.0916165 0)
(0 -0.0916157 0)
(1.071e-06 -0.091616 0)
(5.54047e-06 -0.0916104 0)
(1.05998e-06 -0.0916262 0)
(6.32706e-07 -0.0916225 0)
(3.35702e-06 -0.0916265 0)
(1.04366e-06 -0.0916147 0)
(7.2679e-06 -0.0916237 0)
(2.89216e-06 -0.0916303 0)
(-8.01517e-06 -0.0916212 0)
(-1.06318e-05 -0.091613 0)
(-4.88165e-06 -0.0916057 0)
(-1.21411e-06 -0.0916187 0)
(2.01308e-07 -0.0916131 0)
(1.00135e-06 -0.0916211 0)
(-3.38702e-06 -0.0916201 0)
(-2.3785e-06 -0.0916104 0)
(1.18312e-06 -0.091611 0)
(1.17701e-06 -0.0916155 0)
(2.34188e-06 -0.0916112 0)
(3.49469e-06 -0.0916231 0)
(4.63555e-06 -0.0916139 0)
(1.72936e-06 -0.0916209 0)
(-1.33812e-06 -0.0916192 0)
(3.80348e-07 -0.0916181 0)
(-3.23295e-06 -0.0916212 0)
(2.10276e-06 -0.0916161 0)
(7.68606e-07 -0.0916209 0)
(2.31778e-06 -0.091617 0)
(5.82449e-07 -0.0916231 0)
(-7.6111e-06 -0.0916112 0)
(-9.02376e-06 -0.0916217 0)
(-8.67618e-06 -0.0916079 0)
(3.96417e-07 -0.0916104 0)
(-5.9771e-07 -0.0916074 0)
(5.20702e-06 -0.0916018 0)
(1.24811e-05 -0.0916227 0)
(8.29645e-06 -0.091622 0)
(4.67824e-06 -0.0916252 0)
(2.24902e-06 -0.0916163 0)
(3.28827e-06 -0.0916212 0)
(-6.61066e-06 -0.0916303 0)
(-8.92914e-06 -0.0916138 0)
(2.08731e-06 -0.0916147 0)
(1.4687e-06 -0.0916198 0)
(1.26541e-06 -0.0916124 0)
(-1.27197e-06 -0.0916262 0)
(-9.37618e-06 -0.0916207 0)
(-4.71241e-06 -0.091616 0)
(6.45933e-07 -0.0916157 0)
(-1.94785e-06 -0.091613 0)
(-4.7861e-06 -0.0916182 0)
(-1.53075e-06 -0.0916105 0)
(1.31888e-06 -0.0916143 0)
(-2.43048e-06 -0.0916157 0)
(-6.21875e-06 -0.0916218 0)
(-6.69751e-07 -0.0916147 0)
(7.18106e-06 -0.0916087 0)
(4.28587e-06 -0.0916255 0)
(4.98832e-06 -0.0916218 0)
(7.29336e-06 -0.0916192 0)
(0 -0.0916289 0)
(-4.14518e-06 -0.091614 0)
(1.15741e-06 -0.0916225 0)
(2.32683e-06 -0.0916174 0)
(2.33889e-07 -0.091606 0)
(-2.82123e-06 -0.0916222 0)
(7.08965e-07 -0.0916134 0)
(2.13792e-06 -0.0916248 0)
(-1.43267e-06 -0.0916224 0)
(1.20009e-06 -0.0916252 0)
(-2.41262e-07 -0.0916217 0)
(-5.09278e-06 -0.0916196 0)
(-5.11919e-06 -0.0916189 0)
(-3.92057e-06 -0.0916197 0)
(4.92612e-07 -0.0916101 0)
(-3.46617e-06 -0.0916257 0)
(-9.9547e-06 -0.0916191 0)
(-1.75111e-06 -0.0916179 0)
(0 -0.0916224 0)
(-2.02208e-06 -0.0916203 0)
(3.04885e-06 -0.0916077 0)
(3.32005e-06 -0.0916128 0)
(-6.67453e-06 -0.0916238 0)
(-5.16088e-07 -0.0916077 0)
(7.78147e-06 -0.0916179 0)
(-4.95382e-06 -0.0916259 0)
(-8.91071e-06 -0.0916104 0)
(-5.53221e-06 -0.0916177 0)
(-1.05922e-05 -0.0916268 0)
(-7.45299e-06 -0.0916037 0)
(5.35117e-06 -0.0916078 0)
(2.68946e-07 -0.0916139 0)
(-8.11023e-07 -0.091611 0)
(-4.07615e-06 -0.0916231 0)
(-8.46773e-06 -0.091611 0)
(-1.09828e-06 -0.091616 0)
(2.75993e-06 -0.0916208 0)
(1.94197e-06 -0.0916166 0)
(-7.5293e-06 -0.0916233 0)
(-1.42958e-05 -0.0916208 0)
(-8.45289e-06 -0.0916068 0)
(-3.11547e-06 -0.0916106 0)
(-6.26325e-06 -0.0916097 0)
(-4.57871e-06 -0.0916109 0)
(5.46542e-06 -0.0916005 0)
(9.5418e-06 -0.0916152 0)
(4.35968e-06 -0.091623 0)
(-4.67444e-06 -0.0916143 0)
(-9.1037e-06 -0.0916078 0)
(-1.47595e-06 -0.0916012 0)
(3.56066e-06 -0.091611 0)
(5.66695e-06 -0.0916065 0)
(3.59769e-06 -0.0916139 0)
(-2.71226e-06 -0.0916092 0)
(-1.2117e-06 -0.0916093 0)
(2.13147e-06 -0.0916167 0)
(3.6729e-06 -0.0916046 0)
(1.07682e-05 -0.0916145 0)
(8.04071e-06 -0.0916171 0)
(-1.55431e-06 -0.0916197 0)
(-2.49979e-06 -0.0916124 0)
(-2.51276e-06 -0.0916076 0)
(2.84151e-06 -0.0916179 0)
(7.93402e-06 -0.0916183 0)
(9.5702e-06 -0.0916187 0)
(1.34678e-05 -0.0916142 0)
(1.64385e-05 -0.0916226 0)
(1.10159e-05 -0.0916156 0)
(8.79325e-06 -0.0916088 0)
(1.83324e-05 -0.0916151 0)
(1.94147e-05 -0.0916216 0)
(1.68692e-05 -0.0916231 0)
(2.39389e-05 -0.0916169 0)
(2.84078e-05 -0.0916214 0)
(2.318e-05 -0.0916316 0)
(1.95857e-05 -0.0916233 0)
(2.88521e-05 -0.0916097 0)
(4.16259e-05 -0.091618 0)
(4.56144e-05 -0.0916185 0)
(4.4472e-05 -0.091622 0)
(4.60888e-05 -0.0916148 0)
(5.01594e-05 -0.0916246 0)
(5.18201e-05 -0.0916264 0)
(5.17369e-05 -0.0916229 0)
(5.83732e-05 -0.0916141 0)
(6.57882e-05 -0.0916142 0)
(6.86316e-05 -0.0916203 0)
(6.07234e-05 -0.0916269 0)
(5.56207e-05 -0.0916167 0)
(5.73613e-05 -0.0916242 0)
(4.08721e-05 -0.0916294 0)
(1.76074e-05 -0.0916292 0)
(-8.48066e-06 -0.0916294 0)
(-4.26232e-05 -0.0916065 0)
(-8.08452e-05 -0.0916047 0)
(-0.000126952 -0.0916004 0)
(-0.000163748 -0.0915907 0)
(-0.000172165 -0.0915904 0)
(-8.29158e-05 -0.0915633 0)
(8.43702e-05 -0.143322 0)
(0.000174019 -0.143345 0)
(0.000167921 -0.143361 0)
(0.000129019 -0.143379 0)
(8.32479e-05 -0.14338 0)
(5.05945e-05 -0.143392 0)
(1.25834e-05 -0.143414 0)
(-2.26524e-05 -0.143411 0)
(-3.97337e-05 -0.143407 0)
(-5.28033e-05 -0.143408 0)
(-6.28023e-05 -0.143398 0)
(-6.423e-05 -0.143399 0)
(-5.8961e-05 -0.143398 0)
(-6.12573e-05 -0.143402 0)
(-6.20911e-05 -0.143401 0)
(-5.06177e-05 -0.143397 0)
(-4.58045e-05 -0.143409 0)
(-4.30209e-05 -0.143402 0)
(-4.2799e-05 -0.14341 0)
(-4.14577e-05 -0.143405 0)
(-3.8457e-05 -0.14341 0)
(-3.85358e-05 -0.143411 0)
(-3.22693e-05 -0.143404 0)
(-2.74383e-05 -0.143408 0)
(-3.11183e-05 -0.14341 0)
(-3.15008e-05 -0.143403 0)
(-2.5665e-05 -0.143393 0)
(-1.90822e-05 -0.143393 0)
(-1.17646e-05 -0.143396 0)
(-1.17039e-05 -0.143407 0)
(-1.19081e-05 -0.143395 0)
(-9.74063e-06 -0.143407 0)
(-1.38808e-05 -0.143403 0)
(-1.2767e-05 -0.143392 0)
(-9.59064e-06 -0.143397 0)
(-7.4782e-06 -0.143394 0)
(-3.07846e-06 -0.143395 0)
(-2.29694e-06 -0.1434 0)
(-5.07797e-06 -0.143394 0)
(-1.01035e-06 -0.143393 0)
(-2.26157e-06 -0.143405 0)
(-7.24967e-06 -0.143401 0)
(-5.47137e-06 -0.1434 0)
(-5.19573e-06 -0.143394 0)
(-3.93823e-06 -0.143391 0)
(0 -0.143392 0)
(2.92327e-06 -0.143398 0)
(2.42349e-06 -0.143397 0)
(-2.89318e-06 -0.143405 0)
(-2.6384e-06 -0.143389 0)
(9.54469e-07 -0.143398 0)
(-4.74772e-06 -0.143395 0)
(-3.30626e-06 -0.143386 0)
(-4.69886e-07 -0.143394 0)
(1.86985e-06 -0.143385 0)
(6.97575e-06 -0.143388 0)
(5.5518e-06 -0.143396 0)
(4.14237e-06 -0.14339 0)
(7.78411e-06 -0.143392 0)
(7.28842e-06 -0.143396 0)
(7.25082e-06 -0.143394 0)
(7.66424e-06 -0.143392 0)
(7.40044e-06 -0.143395 0)
(9.37015e-06 -0.143401 0)
(4.88285e-06 -0.143414 0)
(-3.31204e-06 -0.143409 0)
(-2.19664e-06 -0.143396 0)
(-1.09265e-06 -0.143408 0)
(-9.56572e-06 -0.143406 0)
(-5.19074e-06 -0.143379 0)
(4.08814e-06 -0.14339 0)
(4.2811e-07 -0.143389 0)
(2.12951e-07 -0.143389 0)
(2.75408e-06 -0.143398 0)
(5.05821e-06 -0.14339 0)
(3.77409e-06 -0.143392 0)
(2.71167e-06 -0.143393 0)
(5.60287e-06 -0.1434 0)
(3.92242e-06 -0.143404 0)
(1.8484e-06 -0.143406 0)
(6.12955e-07 -0.143395 0)
(-2.03264e-07 -0.1434 0)
(1.41551e-06 -0.143398 0)
(-2.01172e-06 -0.143408 0)
(-4.20282e-06 -0.143392 0)
(3.98203e-07 -0.143401 0)
(5.94223e-07 -0.143403 0)
(-7.88209e-07 -0.143391 0)
(-1.17621e-06 -0.143391 0)
(1.17015e-06 -0.143397 0)
(5.04447e-06 -0.143396 0)
(1.54414e-06 -0.143401 0)
(1.72819e-06 -0.143395 0)
(-5.73091e-07 -0.143401 0)
(5.70135e-07 -0.143394 0)
(3.78129e-07 -0.143408 0)
(-1.50471e-06 -0.143393 0)
(0 -0.143396 0)
(5.77074e-06 -0.143388 0)
(7.96328e-06 -0.143416 0)
(-4.9744e-06 -0.14341 0)
(-6.23174e-06 -0.143395 0)
(-3.64682e-07 -0.143387 0)
(5.26061e-06 -0.143387 0)
(7.75996e-06 -0.143398 0)
(3.2316e-06 -0.143397 0)
(8.93034e-07 -0.143403 0)
(-5.33056e-07 -0.143391 0)
(-1.94446e-06 -0.143392 0)
(-7.03427e-07 -0.143398 0)
(0 -0.143391 0)
(1.04428e-06 -0.143398 0)
(5.36761e-06 -0.143395 0)
(5.16766e-07 -0.14341 0)
(8.56833e-07 -0.143402 0)
(3.40965e-06 -0.14341 0)
(1.01762e-06 -0.143397 0)
(6.74911e-06 -0.143413 0)
(3.02143e-06 -0.143415 0)
(-7.18063e-06 -0.143407 0)
(-1.01339e-05 -0.143395 0)
(-5.12345e-06 -0.143388 0)
(-1.47978e-06 -0.1434 0)
(0 -0.143393 0)
(9.76366e-07 -0.143401 0)
(-3.07587e-06 -0.143399 0)
(-2.09369e-06 -0.143391 0)
(8.0111e-07 -0.143397 0)
(1.27516e-06 -0.143397 0)
(2.06145e-06 -0.14339 0)
(3.4706e-06 -0.143403 0)
(4.70822e-06 -0.143394 0)
(1.71744e-06 -0.143406 0)
(-1.08728e-06 -0.143397 0)
(0 -0.143396 0)
(-3.24501e-06 -0.143406 0)
(2.17456e-06 -0.143397 0)
(7.80656e-07 -0.143406 0)
(2.35411e-06 -0.143394 0)
(6.31019e-07 -0.14341 0)
(-7.77007e-06 -0.143396 0)
(-8.44795e-06 -0.143402 0)
(-8.49176e-06 -0.14339 0)
(4.83159e-07 -0.143389 0)
(-4.85664e-07 -0.143394 0)
(5.04456e-06 -0.143383 0)
(1.16136e-05 -0.143399 0)
(8.54983e-06 -0.143403 0)
(4.62763e-06 -0.143398 0)
(2.49195e-06 -0.143398 0)
(2.67186e-06 -0.143399 0)
(-6.37858e-06 -0.143409 0)
(-8.43639e-06 -0.143397 0)
(1.86563e-06 -0.143392 0)
(1.36386e-06 -0.143404 0)
(8.56833e-07 -0.143402 0)
(-1.20579e-06 -0.14341 0)
(-9.00373e-06 -0.143403 0)
(-4.52521e-06 -0.143398 0)
(5.24848e-07 -0.143397 0)
(-1.93442e-06 -0.143398 0)
(-4.41922e-06 -0.143398 0)
(-1.59917e-06 -0.143391 0)
(8.93034e-07 -0.143397 0)
(-2.51346e-06 -0.1434 0)
(-6.13578e-06 -0.143404 0)
(-1.814e-07 -0.143393 0)
(6.56427e-06 -0.143393 0)
(4.21559e-06 -0.143406 0)
(5.15864e-06 -0.143395 0)
(6.85213e-06 -0.143404 0)
(1.86153e-07 -0.143412 0)
(-3.74237e-06 -0.143405 0)
(1.12853e-06 -0.143396 0)
(2.83597e-06 -0.143402 0)
(0 -0.143394 0)
(-3.05649e-06 -0.143401 0)
(5.76064e-07 -0.143392 0)
(1.93017e-06 -0.14341 0)
(-1.35813e-06 -0.143396 0)
(1.17015e-06 -0.143397 0)
(-5.88107e-07 -0.143407 0)
(-4.72926e-06 -0.143404 0)
(-4.75378e-06 -0.143396 0)
(-3.98203e-06 -0.143398 0)
(-2.00134e-07 -0.143398 0)
(-3.6211e-06 -0.143412 0)
(-9.70634e-06 -0.143408 0)
(-1.42285e-06 -0.143397 0)
(2.04318e-07 -0.143399 0)
(-1.64302e-06 -0.143396 0)
(2.8902e-06 -0.143394 0)
(3.1127e-06 -0.1434 0)
(-6.25769e-06 -0.143403 0)
(-4.19343e-07 -0.143385 0)
(6.74429e-06 -0.143404 0)
(-4.8726e-06 -0.143412 0)
(-8.51803e-06 -0.143396 0)
(-5.56543e-06 -0.143396 0)
(-1.01128e-05 -0.1434 0)
(-6.70471e-06 -0.143382 0)
(4.78286e-06 -0.143388 0)
(2.1853e-07 -0.1434 0)
(-1.31798e-06 -0.143395 0)
(-3.75365e-06 -0.1434 0)
(-7.99012e-06 -0.143387 0)
(-1.78479e-06 -0.143397 0)
(2.46681e-06 -0.143396 0)
(1.80335e-06 -0.143401 0)
(-7.70399e-06 -0.14341 0)
(-1.3438e-05 -0.143398 0)
(-8.01305e-06 -0.143389 0)
(-3.45197e-06 -0.14339 0)
(-6.01445e-06 -0.143392 0)
(-4.18545e-06 -0.143388 0)
(5.60954e-06 -0.143384 0)
(8.223e-06 -0.14339 0)
(4.01474e-06 -0.143401 0)
(-4.03556e-06 -0.1434 0)
(-8.11299e-06 -0.14339 0)
(-1.67898e-06 -0.143387 0)
(3.13428e-06 -0.14339 0)
(5.33168e-06 -0.143385 0)
(3.65409e-06 -0.143394 0)
(-2.44869e-06 -0.14339 0)
(-1.47684e-06 -0.143391 0)
(2.22674e-06 -0.143394 0)
(3.48178e-06 -0.143386 0)
(1.04995e-05 -0.143395 0)
(8.04112e-06 -0.143395 0)
(-1.51553e-06 -0.143399 0)
(-2.03119e-06 -0.143396 0)
(-2.29694e-06 -0.14339 0)
(2.82192e-06 -0.143391 0)
(7.22033e-06 -0.143394 0)
(9.33143e-06 -0.143401 0)
(1.32881e-05 -0.143397 0)
(1.67617e-05 -0.143399 0)
(1.13202e-05 -0.143403 0)
(9.26189e-06 -0.143393 0)
(1.72899e-05 -0.143394 0)
(1.95185e-05 -0.143406 0)
(1.69321e-05 -0.143404 0)
(2.35037e-05 -0.143402 0)
(2.74275e-05 -0.143409 0)
(2.37482e-05 -0.143413 0)
(2.08531e-05 -0.143403 0)
(2.92354e-05 -0.143395 0)
(4.1031e-05 -0.143395 0)
(4.51452e-05 -0.143399 0)
(4.4539e-05 -0.14341 0)
(4.56147e-05 -0.143408 0)
(4.98137e-05 -0.143409 0)
(5.20635e-05 -0.143409 0)
(5.26195e-05 -0.143409 0)
(5.83541e-05 -0.143401 0)
(6.58805e-05 -0.1434 0)
(6.7384e-05 -0.143409 0)
(6.16024e-05 -0.14341 0)
(5.5759e-05 -0.143403 0)
(5.66382e-05 -0.143401 0)
(4.00302e-05 -0.143416 0)
(1.78835e-05 -0.143409 0)
(-7.19049e-06 -0.14341 0)
(-4.15598e-05 -0.143394 0)
(-7.96152e-05 -0.143387 0)
(-0.000125976 -0.143374 0)
(-0.000162416 -0.143361 0)
(-0.000170022 -0.14335 0)
(-8.15888e-05 -0.143319 0)
(8.21145e-05 -0.207001 0)
(0.000171126 -0.207032 0)
(0.000164527 -0.207056 0)
(0.000127085 -0.207081 0)
(8.21548e-05 -0.207093 0)
(4.79618e-05 -0.207105 0)
(1.09548e-05 -0.207127 0)
(-2.2281e-05 -0.207128 0)
(-3.90315e-05 -0.207121 0)
(-5.27323e-05 -0.207121 0)
(-6.22369e-05 -0.207121 0)
(-6.38136e-05 -0.207115 0)
(-5.97083e-05 -0.207115 0)
(-6.17481e-05 -0.207124 0)
(-6.09624e-05 -0.207117 0)
(-5.08884e-05 -0.207114 0)
(-4.6696e-05 -0.207123 0)
(-4.32354e-05 -0.20712 0)
(-4.25548e-05 -0.207124 0)
(-4.16524e-05 -0.20712 0)
(-3.87203e-05 -0.207122 0)
(-3.807e-05 -0.207122 0)
(-3.20469e-05 -0.207115 0)
(-2.80914e-05 -0.207124 0)
(-3.0608e-05 -0.207123 0)
(-3.02295e-05 -0.207116 0)
(-2.54637e-05 -0.207109 0)
(-1.89992e-05 -0.20711 0)
(-1.1949e-05 -0.20711 0)
(-1.21035e-05 -0.207114 0)
(-1.20411e-05 -0.207112 0)
(-1.02677e-05 -0.207118 0)
(-1.29812e-05 -0.207115 0)
(-1.27025e-05 -0.20711 0)
(-9.26711e-06 -0.20711 0)
(-7.54306e-06 -0.207107 0)
(-3.75207e-06 -0.207109 0)
(-2.2811e-06 -0.207114 0)
(-4.33236e-06 -0.20711 0)
(-1.84715e-06 -0.207109 0)
(-2.65434e-06 -0.207115 0)
(-6.70317e-06 -0.207111 0)
(-4.84988e-06 -0.207108 0)
(-4.62382e-06 -0.207107 0)
(-3.99997e-06 -0.207106 0)
(-3.97933e-07 -0.207103 0)
(2.77116e-06 -0.207109 0)
(1.77227e-06 -0.207108 0)
(-2.35083e-06 -0.207112 0)
(-2.3387e-06 -0.207103 0)
(7.75546e-07 -0.20711 0)
(-4.05061e-06 -0.207109 0)
(-3.45404e-06 -0.207098 0)
(-1.90901e-07 -0.207106 0)
(1.89916e-06 -0.207098 0)
(6.8017e-06 -0.207101 0)
(4.69903e-06 -0.207109 0)
(4.86178e-06 -0.207103 0)
(7.25505e-06 -0.207106 0)
(7.21762e-06 -0.207108 0)
(7.5486e-06 -0.207103 0)
(7.69282e-06 -0.207104 0)
(6.74204e-06 -0.20711 0)
(8.52003e-06 -0.20711 0)
(4.68889e-06 -0.207123 0)
(-3.05e-06 -0.207117 0)
(-2.14183e-06 -0.207112 0)
(-1.24295e-06 -0.207122 0)
(-7.77255e-06 -0.207114 0)
(-4.74491e-06 -0.207095 0)
(3.32178e-06 -0.207106 0)
(3.47857e-07 -0.207109 0)
(3.46063e-07 -0.207103 0)
(2.92636e-06 -0.207109 0)
(5.13751e-06 -0.207106 0)
(3.74807e-06 -0.207106 0)
(2.20334e-06 -0.207106 0)
(4.55256e-06 -0.207111 0)
(4.19359e-06 -0.207114 0)
(2.16942e-06 -0.207116 0)
(9.96103e-07 -0.207112 0)
(-4.95482e-07 -0.207114 0)
(8.21542e-07 -0.207113 0)
(-1.47115e-06 -0.207116 0)
(-3.90282e-06 -0.207109 0)
(1.61778e-07 -0.207113 0)
(8.04718e-07 -0.20711 0)
(-3.20227e-07 -0.207107 0)
(-1.59287e-06 -0.207109 0)
(1.26772e-06 -0.207105 0)
(4.72943e-06 -0.207111 0)
(1.88201e-06 -0.207112 0)
(1.2482e-06 -0.207109 0)
(-6.20881e-07 -0.207116 0)
(6.17678e-07 -0.207107 0)
(4.60868e-07 -0.207118 0)
(-1.22264e-06 -0.207108 0)
(4.56125e-07 -0.20711 0)
(4.99149e-06 -0.207101 0)
(6.92193e-06 -0.207123 0)
(-4.34131e-06 -0.207121 0)
(-5.51034e-06 -0.207112 0)
(0 -0.207108 0)
(5.15883e-06 -0.207103 0)
(7.1851e-06 -0.207109 0)
(3.20932e-06 -0.207114 0)
(8.70754e-07 -0.207114 0)
(-1.44377e-07 -0.207108 0)
(-2.15448e-06 -0.20711 0)
(-7.14454e-07 -0.207114 0)
(1.42154e-07 -0.20711 0)
(1.4142e-06 -0.207107 0)
(4.36141e-06 -0.207106 0)
(2.79929e-07 -0.207123 0)
(1.25318e-06 -0.207108 0)
(3.32458e-06 -0.207119 0)
(9.64666e-07 -0.207113 0)
(6.30653e-06 -0.207115 0)
(2.86421e-06 -0.207125 0)
(-6.37731e-06 -0.207118 0)
(-9.44912e-06 -0.207112 0)
(-5.37164e-06 -0.207102 0)
(-1.73677e-06 -0.207115 0)
(1.32909e-07 -0.20711 0)
(7.93338e-07 -0.207116 0)
(-2.8939e-06 -0.207108 0)
(-1.96293e-06 -0.207108 0)
(9.11309e-07 -0.207108 0)
(1.16564e-06 -0.207111 0)
(2.31925e-06 -0.207104 0)
(3.07638e-06 -0.20711 0)
(4.33571e-06 -0.20711 0)
(1.77608e-06 -0.207118 0)
(-7.57251e-07 -0.207115 0)
(0 -0.207111 0)
(-3.39005e-06 -0.207111 0)
(2.01934e-06 -0.207109 0)
(8.88042e-07 -0.20712 0)
(2.29538e-06 -0.207108 0)
(5.12729e-07 -0.20712 0)
(-7.34429e-06 -0.20711 0)
(-8.4185e-06 -0.207115 0)
(-7.94141e-06 -0.207104 0)
(1.30862e-07 -0.207104 0)
(-2.63082e-07 -0.207108 0)
(4.76003e-06 -0.207099 0)
(1.10314e-05 -0.207117 0)
(8.41668e-06 -0.207113 0)
(4.96876e-06 -0.207115 0)
(2.1598e-06 -0.207114 0)
(2.57806e-06 -0.207115 0)
(-6.1376e-06 -0.20712 0)
(-7.54042e-06 -0.207106 0)
(1.24029e-06 -0.207102 0)
(9.69669e-07 -0.207115 0)
(5.5697e-07 -0.207113 0)
(-1.25968e-06 -0.207121 0)
(-8.44144e-06 -0.207115 0)
(-4.38403e-06 -0.207109 0)
(5.68615e-07 -0.207112 0)
(-2.14336e-06 -0.207112 0)
(-3.87806e-06 -0.20711 0)
(-1.58815e-06 -0.207103 0)
(4.35377e-07 -0.207109 0)
(-2.77169e-06 -0.207114 0)
(-5.71876e-06 -0.207112 0)
(1.47395e-07 -0.207106 0)
(6.22271e-06 -0.207108 0)
(4.02106e-06 -0.207115 0)
(4.94011e-06 -0.207111 0)
(6.32002e-06 -0.207119 0)
(1.51257e-07 -0.207123 0)
(-3.04083e-06 -0.207117 0)
(1.22264e-06 -0.207113 0)
(2.91883e-06 -0.207115 0)
(-1.54419e-07 -0.207112 0)
(-2.94919e-06 -0.207121 0)
(6.24101e-07 -0.207107 0)
(1.56834e-06 -0.207119 0)
(-9.45887e-07 -0.207116 0)
(7.92327e-07 -0.207116 0)
(-7.96436e-07 -0.207117 0)
(-4.16295e-06 -0.207115 0)
(-4.82831e-06 -0.207113 0)
(-3.88268e-06 -0.207113 0)
(-6.50469e-07 -0.207115 0)
(-4.08652e-06 -0.207124 0)
(-8.54404e-06 -0.207113 0)
(-1.32128e-06 -0.207106 0)
(1.66017e-07 -0.207112 0)
(-1.66878e-06 -0.207108 0)
(2.51615e-06 -0.207111 0)
(2.5292e-06 -0.207119 0)
(-5.25413e-06 -0.207117 0)
(-5.11101e-07 -0.207101 0)
(5.65127e-06 -0.207114 0)
(-4.4756e-06 -0.20712 0)
(-7.95944e-06 -0.207112 0)
(-5.56572e-06 -0.207112 0)
(-9.0912e-06 -0.207109 0)
(-6.67802e-06 -0.207095 0)
(3.70963e-06 -0.207106 0)
(1.77565e-07 -0.207115 0)
(-1.2494e-06 -0.207106 0)
(-3.76764e-06 -0.207115 0)
(-7.57436e-06 -0.207106 0)
(-1.99405e-06 -0.207108 0)
(2.18661e-06 -0.207108 0)
(7.32649e-07 -0.207116 0)
(-7.5486e-06 -0.207123 0)
(-1.18443e-05 -0.207109 0)
(-8.18518e-06 -0.207103 0)
(-2.80487e-06 -0.207104 0)
(-6.01476e-06 -0.2071 0)
(-3.77872e-06 -0.2071 0)
(5.12773e-06 -0.207097 0)
(7.44514e-06 -0.207105 0)
(3.26215e-06 -0.207113 0)
(-3.47195e-06 -0.207115 0)
(-7.36769e-06 -0.207105 0)
(-1.55914e-06 -0.207099 0)
(3.52625e-06 -0.207104 0)
(5.11989e-06 -0.207099 0)
(2.9691e-06 -0.20711 0)
(-2.18863e-06 -0.207107 0)
(-1.39999e-06 -0.207104 0)
(2.61346e-06 -0.207105 0)
(3.43533e-06 -0.207101 0)
(9.34381e-06 -0.207104 0)
(7.96301e-06 -0.207113 0)
(-1.23143e-06 -0.207109 0)
(-1.65042e-06 -0.20711 0)
(-1.86636e-06 -0.207107 0)
(2.70983e-06 -0.207096 0)
(6.49541e-06 -0.207109 0)
(9.26711e-06 -0.20711 0)
(1.35493e-05 -0.207107 0)
(1.57477e-05 -0.20711 0)
(1.1979e-05 -0.20712 0)
(9.89089e-06 -0.207107 0)
(1.66424e-05 -0.207107 0)
(1.82494e-05 -0.207117 0)
(1.70338e-05 -0.207119 0)
(2.39271e-05 -0.207113 0)
(2.71403e-05 -0.207119 0)
(2.37323e-05 -0.20712 0)
(2.16259e-05 -0.207118 0)
(2.93576e-05 -0.207108 0)
(4.09984e-05 -0.207113 0)
(4.43811e-05 -0.207115 0)
(4.39285e-05 -0.20712 0)
(4.5529e-05 -0.207118 0)
(4.99047e-05 -0.207122 0)
(5.24752e-05 -0.207121 0)
(5.27474e-05 -0.207121 0)
(5.86266e-05 -0.207115 0)
(6.55046e-05 -0.207117 0)
(6.70244e-05 -0.207122 0)
(6.14413e-05 -0.207126 0)
(5.69909e-05 -0.207119 0)
(5.53689e-05 -0.207119 0)
(3.95134e-05 -0.207127 0)
(1.86482e-05 -0.207124 0)
(-6.5729e-06 -0.207123 0)
(-3.98866e-05 -0.207109 0)
(-7.77273e-05 -0.207101 0)
(-0.000123129 -0.207079 0)
(-0.000160551 -0.207061 0)
(-0.00016613 -0.207038 0)
(-7.885e-05 -0.207001 0)
(7.87599e-05 -0.285348 0)
(0.000164421 -0.285392 0)
(0.00015913 -0.285425 0)
(0.000123352 -0.28546 0)
(7.95454e-05 -0.285479 0)
(4.4936e-05 -0.285494 0)
(8.30784e-06 -0.285515 0)
(-2.16464e-05 -0.28552 0)
(-3.87625e-05 -0.285517 0)
(-5.21957e-05 -0.285516 0)
(-6.16141e-05 -0.285513 0)
(-6.36093e-05 -0.285509 0)
(-6.05965e-05 -0.285507 0)
(-6.14284e-05 -0.285518 0)
(-6.03524e-05 -0.285507 0)
(-5.17334e-05 -0.28551 0)
(-4.69585e-05 -0.285512 0)
(-4.29789e-05 -0.285512 0)
(-4.3129e-05 -0.285517 0)
(-4.14269e-05 -0.285514 0)
(-3.90053e-05 -0.285515 0)
(-3.73398e-05 -0.285515 0)
(-3.16843e-05 -0.285506 0)
(-2.86224e-05 -0.285509 0)
(-3.06373e-05 -0.28551 0)
(-2.83278e-05 -0.285505 0)
(-2.49711e-05 -0.285496 0)
(-1.95189e-05 -0.2855 0)
(-1.2357e-05 -0.2855 0)
(-1.22933e-05 -0.285508 0)
(-1.22299e-05 -0.285502 0)
(-1.04286e-05 -0.285506 0)
(-1.2104e-05 -0.285503 0)
(-1.20415e-05 -0.285494 0)
(-9.58353e-06 -0.285495 0)
(-7.49106e-06 -0.285497 0)
(-3.72621e-06 -0.285497 0)
(-2.69599e-06 -0.2855 0)
(-4.35838e-06 -0.285499 0)
(-1.33412e-06 -0.285495 0)
(-2.98628e-06 -0.285502 0)
(-6.27185e-06 -0.2855 0)
(-4.59752e-06 -0.285497 0)
(-4.5738e-06 -0.285495 0)
(-3.57516e-06 -0.285491 0)
(-6.46675e-07 -0.28549 0)
(2.25168e-06 -0.285493 0)
(1.60005e-06 -0.285497 0)
(-2.22851e-06 -0.2855 0)
(-2.53373e-06 -0.285493 0)
(6.30164e-07 -0.285498 0)
(-3.13456e-06 -0.285495 0)
(-3.43023e-06 -0.28549 0)
(-3.1023e-07 -0.285492 0)
(2.16041e-06 -0.285487 0)
(6.14074e-06 -0.285493 0)
(5.1927e-06 -0.285495 0)
(4.86203e-06 -0.285491 0)
(7.55773e-06 -0.285492 0)
(7.51874e-06 -0.285493 0)
(7.18075e-06 -0.285493 0)
(7.44135e-06 -0.285492 0)
(5.92237e-06 -0.285495 0)
(7.65936e-06 -0.2855 0)
(4.10299e-06 -0.28551 0)
(-2.33247e-06 -0.285506 0)
(-2.03038e-06 -0.285503 0)
(-1.44279e-06 -0.285504 0)
(-6.60259e-06 -0.285503 0)
(-3.71264e-06 -0.285485 0)
(2.55703e-06 -0.285492 0)
(2.82649e-07 -0.285498 0)
(2.8119e-07 -0.285496 0)
(2.7974e-06 -0.285496 0)
(5.28763e-06 -0.285492 0)
(3.32233e-06 -0.285496 0)
(2.20346e-06 -0.285493 0)
(4.38418e-06 -0.2855 0)
(3.54377e-06 -0.285503 0)
(2.44072e-06 -0.285503 0)
(1.07917e-06 -0.285498 0)
(-2.684e-07 -0.2855 0)
(5.3403e-07 -0.285501 0)
(-1.59382e-06 -0.285505 0)
(-3.43547e-06 -0.285495 0)
(5.25807e-07 -0.285498 0)
(1.04619e-06 -0.285494 0)
(-5.20395e-07 -0.285495 0)
(-1.55313e-06 -0.285496 0)
(1.03008e-06 -0.285492 0)
(4.09905e-06 -0.285499 0)
(2.03895e-06 -0.285502 0)
(1.26777e-06 -0.285498 0)
(-5.04492e-07 -0.285504 0)
(7.52834e-07 -0.285497 0)
(4.993e-07 -0.285504 0)
(-7.45085e-07 -0.285495 0)
(2.4708e-07 -0.285496 0)
(4.4245e-06 -0.28549 0)
(5.8689e-06 -0.28551 0)
(-3.64914e-06 -0.28551 0)
(-4.84041e-06 -0.285497 0)
(4.81544e-07 -0.285494 0)
(5.03012e-06 -0.285493 0)
(6.67223e-06 -0.285501 0)
(2.84477e-06 -0.285501 0)
(1.41505e-06 -0.2855 0)
(0 -0.285497 0)
(-2.33414e-06 -0.285497 0)
(-6.96629e-07 -0.285497 0)
(4.62023e-07 -0.285497 0)
(1.1491e-06 -0.285495 0)
(3.88678e-06 -0.285498 0)
(2.27454e-07 -0.28551 0)
(1.1314e-06 -0.285498 0)
(3.15159e-06 -0.285507 0)
(1.34371e-06 -0.285503 0)
(5.56991e-06 -0.285504 0)
(2.88141e-06 -0.285513 0)
(-5.95359e-06 -0.28551 0)
(-8.77463e-06 -0.285498 0)
(-5.23762e-06 -0.285495 0)
(-1.95397e-06 -0.285499 0)
(0 -0.285498 0)
(6.44621e-07 -0.285503 0)
(-2.13765e-06 -0.285498 0)
(-1.91396e-06 -0.285495 0)
(6.34695e-07 -0.285496 0)
(1.26284e-06 -0.285498 0)
(2.09387e-06 -0.285494 0)
(3.12461e-06 -0.285501 0)
(4.14465e-06 -0.285498 0)
(1.23698e-06 -0.285506 0)
(-4.10199e-07 -0.285502 0)
(0 -0.285501 0)
(-3.06062e-06 -0.285503 0)
(1.6408e-06 -0.285497 0)
(1.03082e-06 -0.285508 0)
(2.07232e-06 -0.285493 0)
(2.08307e-07 -0.285509 0)
(-6.90978e-06 -0.285501 0)
(-8.20846e-06 -0.285501 0)
(-7.1932e-06 -0.285492 0)
(0 -0.285489 0)
(-2.13765e-07 -0.285498 0)
(4.29747e-06 -0.28549 0)
(1.05834e-05 -0.285501 0)
(8.25011e-06 -0.285504 0)
(4.80115e-06 -0.285506 0)
(2.19366e-06 -0.2855 0)
(2.20503e-06 -0.285506 0)
(-5.54118e-06 -0.285508 0)
(-6.6839e-06 -0.285497 0)
(1.11976e-06 -0.285494 0)
(2.25113e-07 -0.285503 0)
(2.26281e-07 -0.285503 0)
(-1.36473e-06 -0.285508 0)
(-8.00219e-06 -0.285504 0)
(-4.13676e-06 -0.285497 0)
(4.62023e-07 -0.285501 0)
(-1.85768e-06 -0.285501 0)
(-3.50121e-06 -0.285499 0)
(-1.64237e-06 -0.285495 0)
(0 -0.285502 0)
(-3.08184e-06 -0.285501 0)
(-5.00417e-06 -0.285505 0)
(4.79059e-07 -0.285491 0)
(5.53775e-06 -0.285496 0)
(3.63031e-06 -0.285503 0)
(4.86551e-06 -0.285499 0)
(5.62436e-06 -0.285508 0)
(2.45806e-07 -0.28551 0)
(-2.4708e-06 -0.285504 0)
(1.24181e-06 -0.285505 0)
(2.74615e-06 -0.285504 0)
(-5.01889e-07 -0.285505 0)
(-2.27021e-06 -0.285508 0)
(5.07108e-07 -0.285496 0)
(1.01948e-06 -0.285508 0)
(-5.12382e-07 -0.285503 0)
(7.72559e-07 -0.285503 0)
(-7.76565e-07 -0.285507 0)
(-3.90296e-06 -0.285505 0)
(-4.70785e-06 -0.285503 0)
(-3.94355e-06 -0.285503 0)
(-1.32133e-06 -0.285499 0)
(-3.98456e-06 -0.285509 0)
(-8.01045e-06 -0.285503 0)
(-1.0736e-06 -0.285498 0)
(2.69792e-07 -0.2855 0)
(-1.62715e-06 -0.285495 0)
(2.18078e-06 -0.285499 0)
(2.19209e-06 -0.285502 0)
(-4.13148e-06 -0.285504 0)
(-5.53721e-07 -0.285488 0)
(4.45274e-06 -0.285505 0)
(-4.47584e-06 -0.285505 0)
(-7.31095e-06 -0.285501 0)
(-5.65298e-06 -0.285498 0)
(-8.23932e-06 -0.285501 0)
(-5.99735e-06 -0.28549 0)
(2.29655e-06 -0.285494 0)
(0 -0.285503 0)
(-1.16022e-06 -0.285494 0)
(-3.79026e-06 -0.285505 0)
(-6.74063e-06 -0.285493 0)
(-2.65132e-06 -0.285496 0)
(1.77671e-06 -0.285498 0)
(2.97654e-07 -0.285504 0)
(-7.18075e-06 -0.285508 0)
(-1.05262e-05 -0.285496 0)
(-7.55773e-06 -0.28549 0)
(-3.03877e-06 -0.28549 0)
(-5.80361e-06 -0.28549 0)
(-3.37741e-06 -0.285484 0)
(4.62944e-06 -0.285485 0)
(6.2046e-06 -0.285494 0)
(2.49471e-06 -0.285499 0)
(-2.82111e-06 -0.285503 0)
(-5.98656e-06 -0.285492 0)
(-1.26686e-06 -0.285485 0)
(3.50194e-06 -0.285486 0)
(4.16012e-06 -0.285489 0)
(2.25168e-06 -0.285498 0)
(-1.61669e-06 -0.285498 0)
(-6.50028e-07 -0.28549 0)
(2.2869e-06 -0.28549 0)
(3.61234e-06 -0.28549 0)
(8.91262e-06 -0.285492 0)
(6.96799e-06 -0.285503 0)
(-6.6706e-07 -0.285499 0)
(-1.6763e-06 -0.285496 0)
(-1.011e-06 -0.285496 0)
(2.70997e-06 -0.285487 0)
(5.78855e-06 -0.285494 0)
(9.58353e-06 -0.285493 0)
(1.30737e-05 -0.285493 0)
(1.45248e-05 -0.2855 0)
(1.21668e-05 -0.285504 0)
(1.11816e-05 -0.285497 0)
(1.58056e-05 -0.285496 0)
(1.72998e-05 -0.285504 0)
(1.73896e-05 -0.285504 0)
(2.35442e-05 -0.285504 0)
(2.65349e-05 -0.28551 0)
(2.3789e-05 -0.28551 0)
(2.28254e-05 -0.285506 0)
(3.02276e-05 -0.285495 0)
(3.99023e-05 -0.285503 0)
(4.3789e-05 -0.285509 0)
(4.36462e-05 -0.285511 0)
(4.57316e-05 -0.285511 0)
(4.97061e-05 -0.285509 0)
(5.18422e-05 -0.285512 0)
(5.32439e-05 -0.285511 0)
(5.95932e-05 -0.285508 0)
(6.48623e-05 -0.285509 0)
(6.55822e-05 -0.285515 0)
(6.20672e-05 -0.285522 0)
(5.6964e-05 -0.285513 0)
(5.53118e-05 -0.285513 0)
(3.95455e-05 -0.285519 0)
(1.88914e-05 -0.285512 0)
(-4.74734e-06 -0.285511 0)
(-3.7778e-05 -0.285495 0)
(-7.55482e-05 -0.285486 0)
(-0.000118932 -0.285464 0)
(-0.000155495 -0.285435 0)
(-0.000159549 -0.285397 0)
(-7.50872e-05 -0.285354 0)
(7.29485e-05 -0.381748 0)
(0.000155041 -0.381801 0)
(0.000150303 -0.381845 0)
(0.000116226 -0.381888 0)
(7.50274e-05 -0.381913 0)
(4.03898e-05 -0.381933 0)
(6.10757e-06 -0.381953 0)
(-2.23855e-05 -0.381956 0)
(-3.88134e-05 -0.38196 0)
(-5.22227e-05 -0.381961 0)
(-6.04547e-05 -0.381959 0)
(-6.2962e-05 -0.381954 0)
(-6.13906e-05 -0.381956 0)
(-6.13839e-05 -0.381961 0)
(-5.95251e-05 -0.381953 0)
(-5.18541e-05 -0.381953 0)
(-4.70079e-05 -0.381954 0)
(-4.40323e-05 -0.381954 0)
(-4.32009e-05 -0.38196 0)
(-4.11748e-05 -0.381956 0)
(-3.88694e-05 -0.381957 0)
(-3.65866e-05 -0.381954 0)
(-3.13673e-05 -0.381949 0)
(-2.91447e-05 -0.381952 0)
(-2.92872e-05 -0.381949 0)
(-2.76793e-05 -0.381945 0)
(-2.43481e-05 -0.381939 0)
(-1.93203e-05 -0.381936 0)
(-1.31962e-05 -0.381938 0)
(-1.25574e-05 -0.381943 0)
(-1.22086e-05 -0.381941 0)
(-1.04509e-05 -0.381942 0)
(-1.124e-05 -0.381941 0)
(-1.14616e-05 -0.381936 0)
(-9.45566e-06 -0.381935 0)
(-7.47017e-06 -0.381934 0)
(-4.12868e-06 -0.381934 0)
(-2.73825e-06 -0.381937 0)
(-3.54136e-06 -0.381933 0)
(-2.16806e-06 -0.381934 0)
(-3.50491e-06 -0.38194 0)
(-5.63257e-06 -0.381937 0)
(-4.26934e-06 -0.381934 0)
(-4.24732e-06 -0.381933 0)
(-2.90496e-06 -0.381931 0)
(-5.2545e-07 -0.381927 0)
(1.30685e-06 -0.381931 0)
(1.04008e-06 -0.381935 0)
(-1.55208e-06 -0.381935 0)
(-2.3161e-06 -0.38193 0)
(0 -0.381935 0)
(-2.80166e-06 -0.381937 0)
(-2.53382e-06 -0.38193 0)
(2.52075e-07 -0.381928 0)
(1.75542e-06 -0.381924 0)
(5.48857e-06 -0.38193 0)
(5.21206e-06 -0.381932 0)
(5.18517e-06 -0.38193 0)
(6.63225e-06 -0.38193 0)
(7.33115e-06 -0.381933 0)
(8.02266e-06 -0.381933 0)
(7.2557e-06 -0.381932 0)
(5.29339e-06 -0.381934 0)
(6.46292e-06 -0.381938 0)
(3.33385e-06 -0.381945 0)
(-1.42142e-06 -0.381945 0)
(-2.12113e-06 -0.38194 0)
(-1.17233e-06 -0.381941 0)
(-5.13163e-06 -0.381939 0)
(-3.24873e-06 -0.381928 0)
(1.61599e-06 -0.381934 0)
(2.29664e-07 -0.381937 0)
(4.56958e-07 -0.381933 0)
(2.9549e-06 -0.381932 0)
(5.20093e-06 -0.381935 0)
(3.37441e-06 -0.381937 0)
(2.0142e-06 -0.381936 0)
(3.56233e-06 -0.381935 0)
(3.10095e-06 -0.38194 0)
(2.64425e-06 -0.381942 0)
(1.3153e-06 -0.381941 0)
(-8.72344e-07 -0.381944 0)
(8.67844e-07 -0.38194 0)
(-1.07921e-06 -0.381944 0)
(-2.79146e-06 -0.381934 0)
(0 -0.381936 0)
(1.06259e-06 -0.381937 0)
(-4.22843e-07 -0.381935 0)
(-1.05165e-06 -0.381935 0)
(8.36982e-07 -0.381935 0)
(3.74699e-06 -0.381938 0)
(1.86383e-06 -0.38194 0)
(1.03012e-06 -0.381939 0)
(-2.0496e-07 -0.381941 0)
(6.11709e-07 -0.381933 0)
(4.05702e-07 -0.381939 0)
(-4.03609e-07 -0.381937 0)
(1.00382e-06 -0.381938 0)
(3.59509e-06 -0.381931 0)
(4.57003e-06 -0.381945 0)
(-2.7674e-06 -0.381946 0)
(-3.93304e-06 -0.381936 0)
(5.86912e-07 -0.381934 0)
(4.67107e-06 -0.381933 0)
(6.00234e-06 -0.381939 0)
(3.082e-06 -0.381944 0)
(1.72468e-06 -0.381939 0)
(-1.90642e-07 -0.38194 0)
(-2.2759e-06 -0.381941 0)
(-5.6604e-07 -0.381938 0)
(3.75413e-07 -0.381939 0)
(1.30717e-06 -0.381936 0)
(3.15817e-06 -0.381938 0)
(3.69633e-07 -0.381944 0)
(1.10318e-06 -0.381939 0)
(2.74371e-06 -0.381947 0)
(1.45576e-06 -0.381944 0)
(5.06888e-06 -0.381943 0)
(2.52137e-06 -0.381952 0)
(-4.83754e-06 -0.381945 0)
(-8.02098e-06 -0.381943 0)
(-5.31973e-06 -0.381934 0)
(-2.11691e-06 -0.38194 0)
(-1.75499e-07 -0.381937 0)
(8.72969e-07 -0.381941 0)
(-1.91062e-06 -0.381936 0)
(-1.90077e-06 -0.381934 0)
(5.15716e-07 -0.381934 0)
(1.36815e-06 -0.381937 0)
(2.04163e-06 -0.381934 0)
(2.53887e-06 -0.38194 0)
(4.04124e-06 -0.381939 0)
(1.17261e-06 -0.381944 0)
(-4.99956e-07 -0.381941 0)
(1.65792e-07 -0.381943 0)
(-2.65267e-06 -0.38194 0)
(1.49987e-06 -0.381933 0)
(1.0051e-06 -0.381945 0)
(1.85223e-06 -0.381933 0)
(-1.69258e-07 -0.381952 0)
(-6.46517e-06 -0.381942 0)
(-7.52481e-06 -0.381943 0)
(-6.70431e-06 -0.381932 0)
(-1.72797e-07 -0.381929 0)
(-1.73693e-07 -0.381934 0)
(4.19025e-06 -0.381929 0)
(9.47696e-06 -0.38194 0)
(8.11483e-06 -0.381942 0)
(5.1424e-06 -0.381944 0)
(2.13893e-06 -0.38194 0)
(1.43335e-06 -0.381944 0)
(-5.22283e-06 -0.381949 0)
(-5.61198e-06 -0.381937 0)
(5.45911e-07 -0.381937 0)
(0 -0.381945 0)
(0 -0.381943 0)
(-1.29371e-06 -0.381946 0)
(-7.05944e-06 -0.381941 0)
(-4.29498e-06 -0.381935 0)
(0 -0.381941 0)
(-1.69812e-06 -0.381941 0)
(-3.2242e-06 -0.381941 0)
(-1.90642e-06 -0.381934 0)
(-3.83262e-07 -0.38194 0)
(-2.88937e-06 -0.381939 0)
(-4.64697e-06 -0.381938 0)
(7.78512e-07 -0.381933 0)
(5.08657e-06 -0.381939 0)
(3.53973e-06 -0.38194 0)
(4.54645e-06 -0.38194 0)
(4.96742e-06 -0.381946 0)
(5.99182e-07 -0.381946 0)
(-2.20839e-06 -0.381941 0)
(1.21083e-06 -0.38194 0)
(2.43421e-06 -0.381946 0)
(-6.11709e-07 -0.381946 0)
(-2.0496e-06 -0.381946 0)
(8.24094e-07 -0.381941 0)
(8.28367e-07 -0.381945 0)
(-4.16332e-07 -0.381944 0)
(4.18491e-07 -0.381943 0)
(-8.41322e-07 -0.381945 0)
(-3.80559e-06 -0.381944 0)
(-4.25036e-06 -0.381944 0)
(-3.84516e-06 -0.381942 0)
(-1.71782e-06 -0.381943 0)
(-3.88515e-06 -0.381944 0)
(-7.15971e-06 -0.38194 0)
(-1.09043e-06 -0.381935 0)
(2.19217e-07 -0.381941 0)
(-1.54248e-06 -0.381937 0)
(1.55048e-06 -0.381938 0)
(2.00381e-06 -0.381942 0)
(-3.1332e-06 -0.381945 0)
(-4.49922e-07 -0.381929 0)
(3.16578e-06 -0.381944 0)
(-3.6368e-06 -0.381946 0)
(-7.08285e-06 -0.381938 0)
(-5.7416e-06 -0.381937 0)
(-7.61822e-06 -0.381936 0)
(-5.56925e-06 -0.381928 0)
(1.63279e-06 -0.381931 0)
(-2.34465e-07 -0.38194 0)
(-1.17841e-06 -0.381932 0)
(-4.02736e-06 -0.381942 0)
(-6.42957e-06 -0.381934 0)
(-2.39367e-06 -0.381935 0)
(9.62435e-07 -0.381934 0)
(-7.2557e-07 -0.381943 0)
(-6.32088e-06 -0.381944 0)
(-9.28612e-06 -0.381934 0)
(-6.87789e-06 -0.381927 0)
(-3.20987e-06 -0.381928 0)
(-4.96387e-06 -0.381929 0)
(-2.99377e-06 -0.381922 0)
(4.01239e-06 -0.381923 0)
(5.0415e-06 -0.38193 0)
(1.52029e-06 -0.381936 0)
(-2.29227e-06 -0.381939 0)
(-4.35229e-06 -0.38193 0)
(-7.72035e-07 -0.381923 0)
(2.84548e-06 -0.381927 0)
(3.38027e-06 -0.381929 0)
(1.56822e-06 -0.381935 0)
(-1.0509e-06 -0.381934 0)
(0 -0.381928 0)
(2.38912e-06 -0.381927 0)
(3.46884e-06 -0.381928 0)
(7.24188e-06 -0.38193 0)
(6.74022e-06 -0.381941 0)
(-2.71007e-07 -0.381936 0)
(-1.08965e-06 -0.381933 0)
(2.73825e-07 -0.38193 0)
(2.47721e-06 -0.381926 0)
(5.53346e-06 -0.381931 0)
(8.89945e-06 -0.381929 0)
(1.25798e-05 -0.381935 0)
(1.405e-05 -0.381937 0)
(1.21457e-05 -0.381944 0)
(1.13569e-05 -0.381938 0)
(1.54113e-05 -0.381938 0)
(1.69256e-05 -0.381942 0)
(1.75901e-05 -0.381943 0)
(2.26089e-05 -0.38194 0)
(2.59311e-05 -0.381949 0)
(2.43084e-05 -0.381949 0)
(2.41401e-05 -0.381945 0)
(3.01836e-05 -0.381937 0)
(3.86688e-05 -0.381943 0)
(4.27563e-05 -0.381948 0)
(4.32786e-05 -0.381954 0)
(4.59199e-05 -0.381954 0)
(4.94984e-05 -0.381955 0)
(5.18918e-05 -0.381954 0)
(5.36951e-05 -0.381957 0)
(5.95251e-05 -0.381949 0)
(6.38641e-05 -0.381956 0)
(6.48185e-05 -0.381961 0)
(6.23355e-05 -0.381964 0)
(5.76209e-05 -0.381959 0)
(5.44382e-05 -0.381959 0)
(3.94497e-05 -0.381966 0)
(2.01469e-05 -0.381956 0)
(-2.57161e-06 -0.381953 0)
(-3.45736e-05 -0.381935 0)
(-7.11299e-05 -0.38192 0)
(-0.000112961 -0.381893 0)
(-0.000146036 -0.381856 0)
(-0.000149103 -0.381805 0)
(-6.96327e-05 -0.381753 0)
(6.49317e-05 -0.500343 0)
(0.000139111 -0.500406 0)
(0.000136526 -0.500464 0)
(0.000105315 -0.500516 0)
(6.78245e-05 -0.500548 0)
(3.49188e-05 -0.500574 0)
(2.87312e-06 -0.500596 0)
(-2.39057e-05 -0.500602 0)
(-3.95512e-05 -0.500606 0)
(-5.19484e-05 -0.500608 0)
(-5.98674e-05 -0.500605 0)
(-6.26128e-05 -0.500603 0)
(-6.20366e-05 -0.500602 0)
(-6.09608e-05 -0.500605 0)
(-5.83908e-05 -0.500597 0)
(-5.21061e-05 -0.500597 0)
(-4.73728e-05 -0.500598 0)
(-4.44142e-05 -0.500598 0)
(-4.34486e-05 -0.500601 0)
(-4.05382e-05 -0.500598 0)
(-3.81425e-05 -0.500597 0)
(-3.57705e-05 -0.500594 0)
(-3.17388e-05 -0.500591 0)
(-2.82262e-05 -0.50059 0)
(-2.85565e-05 -0.500589 0)
(-2.65152e-05 -0.500583 0)
(-2.33166e-05 -0.50058 0)
(-1.92131e-05 -0.500577 0)
(-1.39859e-05 -0.500578 0)
(-1.25223e-05 -0.500581 0)
(-1.19963e-05 -0.500578 0)
(-1.03279e-05 -0.500579 0)
(-1.09596e-05 -0.50058 0)
(-1.06759e-05 -0.500576 0)
(-9.03897e-06 -0.500573 0)
(-7.19387e-06 -0.500572 0)
(-4.47297e-06 -0.500569 0)
(-2.89243e-06 -0.500572 0)
(-3.54155e-06 -0.500572 0)
(-2.42225e-06 -0.500573 0)
(-3.94323e-06 -0.500575 0)
(-5.23052e-06 -0.500574 0)
(-3.90265e-06 -0.500573 0)
(-3.45112e-06 -0.50057 0)
(-2.78957e-06 -0.50057 0)
(-4.2695e-07 -0.500568 0)
(8.49495e-07 -0.500568 0)
(6.33834e-07 -0.500569 0)
(-1.26113e-06 -0.500571 0)
(-2.09104e-06 -0.500567 0)
(-8.32099e-07 -0.500572 0)
(-2.06951e-06 -0.500573 0)
(-2.05884e-06 -0.500567 0)
(4.09643e-07 -0.500567 0)
(2.24141e-06 -0.500563 0)
(4.4597e-06 -0.500566 0)
(5.04169e-06 -0.50057 0)
(5.41693e-06 -0.500569 0)
(6.78613e-06 -0.500568 0)
(6.75111e-06 -0.500571 0)
(7.70397e-06 -0.500571 0)
(6.87815e-06 -0.500573 0)
(5.27863e-06 -0.500574 0)
(5.64038e-06 -0.500576 0)
(2.70889e-06 -0.500581 0)
(-9.62471e-07 -0.500581 0)
(-1.72351e-06 -0.500577 0)
(-1.14308e-06 -0.500577 0)
(-4.16966e-06 -0.500576 0)
(-2.82828e-06 -0.500567 0)
(9.37897e-07 -0.500573 0)
(5.59835e-07 -0.500573 0)
(9.28244e-07 -0.50057 0)
(2.21629e-06 -0.500572 0)
(4.77719e-06 -0.500575 0)
(3.29022e-06 -0.500576 0)
(2.18216e-06 -0.500574 0)
(3.07545e-06 -0.500576 0)
(2.87961e-06 -0.500581 0)
(2.6857e-06 -0.500581 0)
(1.06874e-06 -0.50058 0)
(-5.31612e-07 -0.50058 0)
(5.28869e-07 -0.500578 0)
(-5.26141e-07 -0.50058 0)
(-2.26818e-06 -0.500576 0)
(0 -0.500576 0)
(1.20876e-06 -0.500575 0)
(-3.43578e-07 -0.500573 0)
(-1.19632e-06 -0.500576 0)
(6.80083e-07 -0.500574 0)
(3.04458e-06 -0.500577 0)
(1.85098e-06 -0.500577 0)
(1.00442e-06 -0.500577 0)
(4.99617e-07 -0.500579 0)
(6.62719e-07 -0.500574 0)
(3.2965e-07 -0.500579 0)
(-3.27949e-07 -0.500572 0)
(9.78771e-07 -0.500576 0)
(3.08345e-06 -0.500573 0)
(3.71334e-06 -0.500581 0)
(-2.08802e-06 -0.500581 0)
(-2.87618e-06 -0.500573 0)
(7.94817e-07 -0.500572 0)
(4.11173e-06 -0.500573 0)
(5.03448e-06 -0.500581 0)
(3.28683e-06 -0.50058 0)
(1.71279e-06 -0.500579 0)
(-1.54905e-07 -0.500581 0)
(-2.15748e-06 -0.500579 0)
(-7.66553e-07 -0.50058 0)
(7.62598e-07 -0.500579 0)
(1.36559e-06 -0.500579 0)
(2.56615e-06 -0.50058 0)
(6.00684e-07 -0.500581 0)
(8.96377e-07 -0.500576 0)
(2.37801e-06 -0.500582 0)
(1.62644e-06 -0.500582 0)
(4.26578e-06 -0.500583 0)
(2.34139e-06 -0.500591 0)
(-4.22187e-06 -0.500585 0)
(-7.0967e-06 -0.500581 0)
(-5.04292e-06 -0.500575 0)
(-2.43678e-06 -0.500577 0)
(-2.85201e-07 -0.500577 0)
(8.51189e-07 -0.500581 0)
(-1.2702e-06 -0.500577 0)
(-1.54445e-06 -0.500572 0)
(1.3968e-07 -0.500574 0)
(1.3896e-06 -0.500576 0)
(1.79715e-06 -0.500576 0)
(2.20047e-06 -0.500578 0)
(3.69414e-06 -0.500577 0)
(1.22503e-06 -0.500582 0)
(-4.06235e-07 -0.500579 0)
(1.34713e-07 -0.500581 0)
(-2.0207e-06 -0.500579 0)
(1.08329e-06 -0.500573 0)
(9.52798e-07 -0.500582 0)
(1.50502e-06 -0.500577 0)
(-8.25177e-07 -0.500588 0)
(-5.66795e-06 -0.50058 0)
(-6.80902e-06 -0.500579 0)
(-5.72689e-06 -0.500571 0)
(-2.80809e-07 -0.500567 0)
(-1.41133e-07 -0.500572 0)
(3.54662e-06 -0.500568 0)
(8.41343e-06 -0.500578 0)
(8.02704e-06 -0.500581 0)
(5.04292e-06 -0.500585 0)
(2.60695e-06 -0.500581 0)
(7.27909e-07 -0.500582 0)
(-4.82911e-06 -0.500588 0)
(-5.00125e-06 -0.500578 0)
(1.47859e-07 -0.500577 0)
(-4.45876e-07 -0.500581 0)
(0 -0.50058 0)
(-1.0512e-06 -0.500584 0)
(-6.33989e-06 -0.500578 0)
(-4.09678e-06 -0.500572 0)
(-6.10078e-07 -0.50058 0)
(-1.53311e-06 -0.500578 0)
(-2.7739e-06 -0.500578 0)
(-2.01376e-06 -0.500574 0)
(-7.78541e-07 -0.500578 0)
(-2.50425e-06 -0.500577 0)
(-3.93319e-06 -0.500574 0)
(4.7443e-07 -0.50057 0)
(4.29201e-06 -0.500576 0)
(3.67512e-06 -0.500578 0)
(3.8548e-06 -0.500578 0)
(4.68204e-06 -0.500581 0)
(8.11434e-07 -0.500584 0)
(-1.95754e-06 -0.50058 0)
(8.19873e-07 -0.50058 0)
(2.30755e-06 -0.500582 0)
(-8.28399e-07 -0.500582 0)
(-1.66539e-06 -0.500585 0)
(8.37013e-07 -0.500581 0)
(5.04812e-07 -0.500584 0)
(0 -0.500581 0)
(1.70021e-07 -0.500582 0)
(-1.02541e-06 -0.500586 0)
(-3.26399e-06 -0.500583 0)
(-4.14431e-06 -0.500579 0)
(-3.81866e-06 -0.50058 0)
(-1.91923e-06 -0.500578 0)
(-3.50761e-06 -0.500582 0)
(-6.52272e-06 -0.500577 0)
(-1.24043e-06 -0.500573 0)
(1.78123e-07 -0.500579 0)
(-1.43237e-06 -0.500576 0)
(1.25983e-06 -0.500576 0)
(1.26636e-06 -0.50058 0)
(-2.18216e-06 -0.500583 0)
(-5.4837e-07 -0.500573 0)
(1.83738e-06 -0.500582 0)
(-3.13975e-06 -0.500583 0)
(-6.12641e-06 -0.500579 0)
(-5.22513e-06 -0.500574 0)
(-6.94044e-06 -0.500576 0)
(-5.09091e-06 -0.500568 0)
(3.7906e-07 -0.500572 0)
(-1.90513e-07 -0.500576 0)
(-1.53201e-06 -0.500571 0)
(-3.65739e-06 -0.500577 0)
(-5.80477e-06 -0.50057 0)
(-2.33395e-06 -0.50057 0)
(1.95505e-07 -0.500572 0)
(-1.57215e-06 -0.500577 0)
(-5.33352e-06 -0.500576 0)
(-8.14105e-06 -0.500571 0)
(-6.18735e-06 -0.500566 0)
(-3.41066e-06 -0.500565 0)
(-4.23502e-06 -0.500567 0)
(-2.83799e-06 -0.500561 0)
(3.05647e-06 -0.500564 0)
(3.89161e-06 -0.500569 0)
(1.2353e-06 -0.500573 0)
(-1.44866e-06 -0.500573 0)
(-3.12037e-06 -0.500567 0)
(-6.27311e-07 -0.500562 0)
(2.10188e-06 -0.500565 0)
(2.74662e-06 -0.500566 0)
(1.27424e-06 -0.50057 0)
(-2.13475e-07 -0.50057 0)
(2.14582e-07 -0.500565 0)
(2.15695e-06 -0.500566 0)
(3.03539e-06 -0.500568 0)
(6.32021e-06 -0.500569 0)
(6.13392e-06 -0.500577 0)
(4.40409e-07 -0.500576 0)
(-4.42693e-07 -0.500572 0)
(8.89978e-07 -0.500568 0)
(2.46013e-06 -0.500565 0)
(5.17059e-06 -0.500568 0)
(8.81299e-06 -0.500568 0)
(1.13573e-05 -0.500572 0)
(1.30145e-05 -0.500574 0)
(1.21639e-05 -0.50058 0)
(1.15349e-05 -0.500577 0)
(1.50732e-05 -0.500579 0)
(1.6783e-05 -0.50058 0)
(1.7573e-05 -0.50058 0)
(2.1668e-05 -0.500581 0)
(2.4858e-05 -0.500588 0)
(2.4511e-05 -0.500589 0)
(2.58341e-05 -0.500584 0)
(3.02961e-05 -0.500581 0)
(3.72207e-05 -0.500586 0)
(4.13008e-05 -0.500591 0)
(4.2736e-05 -0.500594 0)
(4.51669e-05 -0.500597 0)
(4.95958e-05 -0.500598 0)
(5.15892e-05 -0.5006 0)
(5.43499e-05 -0.5006 0)
(5.93932e-05 -0.500598 0)
(6.22203e-05 -0.500604 0)
(6.35558e-05 -0.500606 0)
(6.23583e-05 -0.50061 0)
(5.85882e-05 -0.500607 0)
(5.40058e-05 -0.500607 0)
(4.00682e-05 -0.500611 0)
(2.1827e-05 -0.500603 0)
(5.22385e-07 -0.500595 0)
(-2.91427e-05 -0.500577 0)
(-6.46576e-05 -0.500555 0)
(-0.000102662 -0.50052 0)
(-0.000132793 -0.500473 0)
(-0.000133214 -0.500414 0)
(-6.1968e-05 -0.500353 0)
(5.34165e-05 -0.646244 0)
(0.000116736 -0.646312 0)
(0.000116133 -0.646382 0)
(8.92373e-05 -0.646441 0)
(5.61825e-05 -0.646484 0)
(2.60263e-05 -0.646516 0)
(-2.1223e-06 -0.646539 0)
(-2.57585e-05 -0.646548 0)
(-4.11689e-05 -0.646554 0)
(-5.22405e-05 -0.646557 0)
(-5.86232e-05 -0.646554 0)
(-6.16297e-05 -0.646551 0)
(-6.21347e-05 -0.646549 0)
(-6.01767e-05 -0.646551 0)
(-5.74227e-05 -0.646545 0)
(-5.18595e-05 -0.646543 0)
(-4.75613e-05 -0.646542 0)
(-4.4509e-05 -0.646541 0)
(-4.26837e-05 -0.646541 0)
(-4.00824e-05 -0.646537 0)
(-3.75067e-05 -0.646535 0)
(-3.49566e-05 -0.646534 0)
(-3.08688e-05 -0.646529 0)
(-2.83772e-05 -0.646529 0)
(-2.74573e-05 -0.646528 0)
(-2.50073e-05 -0.646521 0)
(-2.21991e-05 -0.646519 0)
(-1.86576e-05 -0.646515 0)
(-1.47733e-05 -0.646516 0)
(-1.2436e-05 -0.646518 0)
(-1.19969e-05 -0.646516 0)
(-1.00702e-05 -0.646515 0)
(-1.03893e-05 -0.646513 0)
(-1.03357e-05 -0.646512 0)
(-8.44622e-06 -0.646511 0)
(-6.57598e-06 -0.64651 0)
(-4.36137e-06 -0.646507 0)
(-3.25415e-06 -0.646511 0)
(-3.59707e-06 -0.646508 0)
(-3.22066e-06 -0.646509 0)
(-3.56005e-06 -0.646512 0)
(-4.60418e-06 -0.646509 0)
(-3.52341e-06 -0.646506 0)
(-3.50523e-06 -0.646508 0)
(-2.441e-06 -0.646505 0)
(0 -0.646506 0)
(6.90251e-07 -0.646503 0)
(3.43345e-07 -0.646504 0)
(-1.36629e-06 -0.646509 0)
(-2.03887e-06 -0.646506 0)
(-1.35223e-06 -0.646508 0)
(-1.68157e-06 -0.64651 0)
(-1.33831e-06 -0.646504 0)
(9.98556e-07 -0.646503 0)
(1.98681e-06 -0.646502 0)
(4.28254e-06 -0.646504 0)
(4.58817e-06 -0.646505 0)
(5.21657e-06 -0.646505 0)
(6.48707e-06 -0.646506 0)
(6.4536e-06 -0.646508 0)
(7.38335e-06 -0.646509 0)
(6.70654e-06 -0.646511 0)
(4.76567e-06 -0.646511 0)
(4.74108e-06 -0.646514 0)
(2.20109e-06 -0.646519 0)
(-3.12819e-07 -0.646518 0)
(-9.33616e-07 -0.646514 0)
(-1.2384e-06 -0.646512 0)
(-3.38803e-06 -0.646512 0)
(-2.45131e-06 -0.64651 0)
(3.04832e-07 -0.646509 0)
(6.06519e-07 -0.646511 0)
(1.20678e-06 -0.646508 0)
(2.10097e-06 -0.646509 0)
(3.88167e-06 -0.646511 0)
(3.56459e-06 -0.646515 0)
(2.36413e-06 -0.646512 0)
(2.35194e-06 -0.646513 0)
(2.3398e-06 -0.646515 0)
(2.32773e-06 -0.646516 0)
(1.15786e-06 -0.646518 0)
(0 -0.646518 0)
(5.72972e-07 -0.646515 0)
(-2.85008e-07 -0.646516 0)
(-1.70122e-06 -0.646512 0)
(0 -0.64651 0)
(1.12248e-06 -0.646512 0)
(-2.79171e-07 -0.646512 0)
(-1.11092e-06 -0.646513 0)
(5.52596e-07 -0.646511 0)
(2.47385e-06 -0.646514 0)
(1.91418e-06 -0.646516 0)
(1.08817e-06 -0.646514 0)
(2.7064e-07 -0.646516 0)
(8.0773e-07 -0.646513 0)
(8.03563e-07 -0.646515 0)
(-2.66472e-07 -0.646511 0)
(7.95293e-07 -0.646515 0)
(2.90103e-06 -0.646511 0)
(2.62369e-06 -0.646518 0)
(-1.30508e-06 -0.646519 0)
(-2.07735e-06 -0.646513 0)
(1.03332e-06 -0.646511 0)
(3.34095e-06 -0.646511 0)
(4.34639e-06 -0.646516 0)
(3.05221e-06 -0.64652 0)
(1.77127e-06 -0.646518 0)
(0 -0.646519 0)
(-2.25391e-06 -0.646518 0)
(-2.49142e-07 -0.646517 0)
(4.95714e-07 -0.646516 0)
(1.23289e-06 -0.646516 0)
(2.45306e-06 -0.646517 0)
(9.76162e-07 -0.646518 0)
(7.28344e-07 -0.646515 0)
(1.6907e-06 -0.64652 0)
(1.68198e-06 -0.64652 0)
(3.3466e-06 -0.646522 0)
(2.3781e-06 -0.646527 0)
(-3.31216e-06 -0.646523 0)
(-6.35477e-06 -0.64652 0)
(-4.68295e-06 -0.646515 0)
(-2.09646e-06 -0.646514 0)
(-6.95213e-07 -0.646513 0)
(6.91626e-07 -0.646516 0)
(-6.88058e-07 -0.646514 0)
(-1.36902e-06 -0.646512 0)
(0 -0.646512 0)
(1.35493e-06 -0.646514 0)
(1.34794e-06 -0.646514 0)
(2.23497e-06 -0.646515 0)
(3.33516e-06 -0.646515 0)
(8.84786e-07 -0.64652 0)
(-2.20055e-07 -0.646516 0)
(2.1892e-07 -0.646519 0)
(-1.31352e-06 -0.646516 0)
(6.60166e-07 -0.646511 0)
(6.6359e-07 -0.64652 0)
(8.89375e-07 -0.646517 0)
(-8.93987e-07 -0.646525 0)
(-4.94243e-06 -0.646518 0)
(-6.09717e-06 -0.646518 0)
(-4.53984e-06 -0.646509 0)
(-6.84508e-07 -0.646507 0)
(-2.29353e-07 -0.64651 0)
(3.22759e-06 -0.646508 0)
(7.64735e-06 -0.646515 0)
(6.98819e-06 -0.646516 0)
(4.68295e-06 -0.646523 0)
(2.82434e-06 -0.646521 0)
(2.36583e-07 -0.646523 0)
(-4.28057e-06 -0.646526 0)
(-4.06373e-06 -0.646516 0)
(0 -0.646517 0)
(-7.24586e-07 -0.646518 0)
(-2.42781e-07 -0.646518 0)
(-1.2202e-06 -0.646522 0)
(-5.15143e-06 -0.646519 0)
(-4.19183e-06 -0.646511 0)
(-9.91428e-07 -0.646515 0)
(-1.49485e-06 -0.646516 0)
(-2.50435e-06 -0.646516 0)
(-1.5104e-06 -0.646512 0)
(-1.01216e-06 -0.646513 0)
(-2.28916e-06 -0.646514 0)
(-3.32371e-06 -0.646511 0)
(2.56996e-07 -0.646509 0)
(3.61661e-06 -0.646514 0)
(3.37569e-06 -0.646516 0)
(3.65422e-06 -0.646515 0)
(3.67317e-06 -0.646519 0)
(1.05492e-06 -0.646521 0)
(-1.32549e-06 -0.64652 0)
(5.32945e-07 -0.646517 0)
(2.14283e-06 -0.646521 0)
(-8.0773e-07 -0.64652 0)
(-1.62384e-06 -0.646518 0)
(8.1613e-07 -0.646519 0)
(2.73454e-07 -0.646521 0)
(2.74872e-07 -0.64652 0)
(-2.76298e-07 -0.646519 0)
(-8.33192e-07 -0.646521 0)
(-3.07088e-06 -0.64652 0)
(-3.92867e-06 -0.646519 0)
(-3.10282e-06 -0.646517 0)
(-2.2683e-06 -0.646516 0)
(-3.7051e-06 -0.646518 0)
(-5.15674e-06 -0.646514 0)
(-1.72783e-06 -0.64651 0)
(0 -0.646515 0)
(-1.16386e-06 -0.646512 0)
(8.77426e-07 -0.646513 0)
(8.81976e-07 -0.646515 0)
(-1.7731e-06 -0.646516 0)
(-5.94099e-07 -0.646511 0)
(5.9718e-07 -0.646517 0)
(-3.00138e-06 -0.646521 0)
(-4.82712e-06 -0.646516 0)
(-4.54889e-06 -0.646513 0)
(-6.40148e-06 -0.646511 0)
(-4.5962e-06 -0.646507 0)
(-3.08002e-07 -0.646508 0)
(-3.096e-07 -0.646512 0)
(-1.86723e-06 -0.64651 0)
(-3.44101e-06 -0.646513 0)
(-4.71662e-06 -0.646507 0)
(-2.84465e-06 -0.646505 0)
(-3.17711e-07 -0.646508 0)
(-2.23551e-06 -0.646512 0)
(-4.81523e-06 -0.646512 0)
(-6.4536e-06 -0.646509 0)
(-5.51401e-06 -0.646501 0)
(-3.26036e-06 -0.646502 0)
(-4.58817e-06 -0.646505 0)
(-2.30598e-06 -0.6465 0)
(2.31794e-06 -0.646501 0)
(2.66282e-06 -0.646505 0)
(1.00374e-06 -0.646508 0)
(-6.72627e-07 -0.646508 0)
(-2.02835e-06 -0.646503 0)
(-6.79622e-07 -0.6465 0)
(2.04944e-06 -0.646502 0)
(2.06007e-06 -0.646504 0)
(1.03538e-06 -0.646507 0)
(3.46915e-07 -0.646506 0)
(3.48714e-07 -0.646504 0)
(2.10314e-06 -0.646504 0)
(2.46638e-06 -0.646504 0)
(4.95835e-06 -0.646506 0)
(4.98407e-06 -0.646512 0)
(1.4314e-06 -0.646512 0)
(7.19414e-07 -0.646508 0)
(1.44629e-06 -0.646506 0)
(2.54413e-06 -0.646507 0)
(4.74932e-06 -0.646505 0)
(8.079e-06 -0.646508 0)
(1.10739e-05 -0.64651 0)
(1.18735e-05 -0.646511 0)
(1.11891e-05 -0.646516 0)
(1.23718e-05 -0.646517 0)
(1.43203e-05 -0.646514 0)
(1.62885e-05 -0.646519 0)
(1.75153e-05 -0.646518 0)
(2.06681e-05 -0.646519 0)
(2.34684e-05 -0.646524 0)
(2.55237e-05 -0.646526 0)
(2.60448e-05 -0.646525 0)
(3.00873e-05 -0.646523 0)
(3.57421e-05 -0.646526 0)
(3.98756e-05 -0.646531 0)
(4.20667e-05 -0.646537 0)
(4.46783e-05 -0.646537 0)
(4.89198e-05 -0.64654 0)
(5.03827e-05 -0.646543 0)
(5.46955e-05 -0.646545 0)
(5.86445e-05 -0.646545 0)
(6.14048e-05 -0.64655 0)
(6.25462e-05 -0.646552 0)
(6.20434e-05 -0.646557 0)
(5.86232e-05 -0.646555 0)
(5.30763e-05 -0.646557 0)
(4.1589e-05 -0.646556 0)
(2.49139e-05 -0.646548 0)
(4.66906e-06 -0.646537 0)
(-2.09064e-05 -0.646518 0)
(-5.36092e-05 -0.646489 0)
(-8.75129e-05 -0.646447 0)
(-0.000112667 -0.64639 0)
(-0.000111509 -0.646322 0)
(-5.07894e-05 -0.646258 0)
(3.80667e-05 -0.825725 0)
(8.49427e-05 -0.825797 0)
(8.62649e-05 -0.825877 0)
(6.62039e-05 -0.825944 0)
(3.9378e-05 -0.825993 0)
(1.42139e-05 -0.826027 0)
(-9.65696e-06 -0.826052 0)
(-2.95076e-05 -0.826065 0)
(-4.3009e-05 -0.826072 0)
(-5.22954e-05 -0.826074 0)
(-5.77687e-05 -0.826074 0)
(-6.08315e-05 -0.826071 0)
(-6.15207e-05 -0.826067 0)
(-5.88749e-05 -0.826064 0)
(-5.62548e-05 -0.826061 0)
(-5.10265e-05 -0.826058 0)
(-4.65056e-05 -0.826056 0)
(-4.43108e-05 -0.826054 0)
(-4.24615e-05 -0.826052 0)
(-3.86954e-05 -0.826048 0)
(-3.65709e-05 -0.826045 0)
(-3.351e-05 -0.826041 0)
(-2.98446e-05 -0.826038 0)
(-2.71638e-05 -0.826036 0)
(-2.63952e-05 -0.826032 0)
(-2.34455e-05 -0.826028 0)
(-2.11476e-05 -0.826025 0)
(-1.8254e-05 -0.826022 0)
(-1.47741e-05 -0.826022 0)
(-1.25544e-05 -0.826021 0)
(-1.06619e-05 -0.826019 0)
(-1.03038e-05 -0.826018 0)
(-9.94918e-06 -0.826019 0)
(-9.59792e-06 -0.826017 0)
(-8.05646e-06 -0.826015 0)
(-5.93696e-06 -0.826013 0)
(-4.42975e-06 -0.826011 0)
(-3.23172e-06 -0.826013 0)
(-3.7996e-06 -0.826013 0)
(-3.19846e-06 -0.826012 0)
(-3.76049e-06 -0.826013 0)
(-4.31664e-06 -0.826011 0)
(-3.14921e-06 -0.82601 0)
(-3.13296e-06 -0.82601 0)
(-1.70007e-06 -0.826008 0)
(-2.81883e-07 -0.826008 0)
(1.12172e-06 -0.826008 0)
(0 -0.826009 0)
(-2.22034e-06 -0.826009 0)
(-2.20888e-06 -0.82601 0)
(-1.37343e-06 -0.82601 0)
(-8.19806e-07 -0.826009 0)
(-5.43718e-07 -0.826006 0)
(1.08183e-06 -0.826007 0)
(2.15249e-06 -0.826006 0)
(3.74742e-06 -0.826006 0)
(4.26067e-06 -0.826008 0)
(5.03344e-06 -0.826009 0)
(6.06167e-06 -0.826009 0)
(6.0304e-06 -0.826011 0)
(6.7818e-06 -0.826013 0)
(6.22783e-06 -0.826016 0)
(4.64677e-06 -0.826017 0)
(3.59551e-06 -0.826018 0)
(1.78848e-06 -0.82602 0)
(0 -0.82602 0)
(-2.52867e-07 -0.826017 0)
(-7.54688e-07 -0.826017 0)
(-3.00318e-06 -0.826016 0)
(-1.99179e-06 -0.826013 0)
(4.95378e-07 -0.826014 0)
(4.92822e-07 -0.826013 0)
(1.2257e-06 -0.826013 0)
(1.70712e-06 -0.826014 0)
(3.15402e-06 -0.826014 0)
(3.37911e-06 -0.826019 0)
(2.16108e-06 -0.826018 0)
(2.14993e-06 -0.826019 0)
(1.90119e-06 -0.826021 0)
(2.36422e-06 -0.826021 0)
(9.4081e-07 -0.826021 0)
(2.33989e-07 -0.82602 0)
(9.31127e-07 -0.826019 0)
(-2.31581e-07 -0.826021 0)
(-1.15193e-06 -0.826019 0)
(2.29197e-07 -0.826016 0)
(1.14007e-06 -0.826018 0)
(-2.26838e-07 -0.826018 0)
(-1.12834e-06 -0.826017 0)
(2.24504e-07 -0.826017 0)
(2.01011e-06 -0.826018 0)
(1.77754e-06 -0.826019 0)
(8.84187e-07 -0.826019 0)
(4.39812e-07 -0.82602 0)
(1.09386e-06 -0.826019 0)
(6.52929e-07 -0.826021 0)
(0 -0.826018 0)
(8.61611e-07 -0.826018 0)
(2.35721e-06 -0.826017 0)
(1.91867e-06 -0.826022 0)
(-6.36258e-07 -0.826022 0)
(-1.05496e-06 -0.826018 0)
(8.39613e-07 -0.826017 0)
(2.71466e-06 -0.826018 0)
(3.53163e-06 -0.826021 0)
(2.68672e-06 -0.826023 0)
(1.85044e-06 -0.826023 0)
(-2.04544e-07 -0.826025 0)
(-1.42442e-06 -0.826024 0)
(-4.04877e-07 -0.82602 0)
(8.05577e-07 -0.826022 0)
(1.20213e-06 -0.82602 0)
(1.99321e-06 -0.826022 0)
(1.18976e-06 -0.826024 0)
(5.9181e-07 -0.82602 0)
(1.57002e-06 -0.826024 0)
(9.76198e-07 -0.826024 0)
(2.91349e-06 -0.826026 0)
(1.9323e-06 -0.82603 0)
(-2.69127e-06 -0.826028 0)
(-5.35476e-06 -0.826023 0)
(-3.99535e-06 -0.82602 0)
(-1.89273e-06 -0.82602 0)
(-7.53187e-07 -0.826018 0)
(5.61976e-07 -0.82602 0)
(-1.86359e-07 -0.826019 0)
(-1.29778e-06 -0.826018 0)
(-3.68881e-07 -0.826018 0)
(1.10093e-06 -0.82602 0)
(1.46034e-06 -0.826019 0)
(2.17921e-06 -0.82602 0)
(2.52929e-06 -0.826021 0)
(8.98658e-07 -0.826025 0)
(-1.78804e-07 -0.826022 0)
(1.77882e-07 -0.826025 0)
(-5.33645e-07 -0.826022 0)
(5.36413e-07 -0.82602 0)
(0 -0.826024 0)
(3.61327e-07 -0.826022 0)
(-9.08003e-07 -0.826027 0)
(-4.56356e-06 -0.826024 0)
(-4.9542e-06 -0.826023 0)
(-3.50437e-06 -0.826016 0)
(-5.56192e-07 -0.826014 0)
(-3.72717e-07 -0.826016 0)
(2.80988e-06 -0.826015 0)
(6.40209e-06 -0.82602 0)
(6.24602e-06 -0.826023 0)
(4.37586e-06 -0.826026 0)
(2.48614e-06 -0.826026 0)
(0 -0.826028 0)
(-3.47814e-06 -0.826028 0)
(-3.30195e-06 -0.826023 0)
(-1.9524e-07 -0.826023 0)
(-5.88757e-07 -0.826025 0)
(-7.8908e-07 -0.826022 0)
(-1.18976e-06 -0.826026 0)
(-4.18575e-06 -0.826024 0)
(-3.60639e-06 -0.826018 0)
(-1.40976e-06 -0.82602 0)
(-1.82195e-06 -0.82602 0)
(-1.8314e-06 -0.82602 0)
(-1.43181e-06 -0.826018 0)
(-1.23363e-06 -0.826019 0)
(-2.06671e-06 -0.82602 0)
(-2.70066e-06 -0.826019 0)
(2.0882e-07 -0.826015 0)
(2.72874e-06 -0.826018 0)
(3.16488e-06 -0.82602 0)
(3.18129e-06 -0.826021 0)
(2.9846e-06 -0.826023 0)
(8.57166e-07 -0.826026 0)
(-8.61611e-07 -0.826023 0)
(4.3304e-07 -0.826023 0)
(1.5235e-06 -0.826024 0)
(-4.37543e-07 -0.826026 0)
(-1.31944e-06 -0.826023 0)
(2.21047e-07 -0.826023 0)
(6.66579e-07 -0.826026 0)
(0 -0.826024 0)
(-2.24504e-07 -0.826024 0)
(-9.02672e-07 -0.826025 0)
(-2.9489e-06 -0.826025 0)
(-3.19221e-06 -0.826023 0)
(-3.20876e-06 -0.826022 0)
(-2.07347e-06 -0.826021 0)
(-3.24213e-06 -0.826023 0)
(-4.42285e-06 -0.826018 0)
(-1.40393e-06 -0.826017 0)
(-4.70405e-07 -0.826018 0)
(-9.45689e-07 -0.826018 0)
(2.37648e-07 -0.826018 0)
(4.77762e-07 -0.82602 0)
(-9.60479e-07 -0.82602 0)
(-7.24095e-07 -0.826018 0)
(-4.85233e-07 -0.826021 0)
(-2.68262e-06 -0.826021 0)
(-3.92224e-06 -0.826019 0)
(-4.4354e-06 -0.826016 0)
(-5.44916e-06 -0.826017 0)
(-4.23255e-06 -0.826013 0)
(-7.50794e-07 -0.826012 0)
(-7.54688e-07 -0.826015 0)
(-1.77007e-06 -0.826015 0)
(-2.79597e-06 -0.826017 0)
(-3.57696e-06 -0.826012 0)
(-2.82504e-06 -0.82601 0)
(-1.54892e-06 -0.826012 0)
(-2.33543e-06 -0.826015 0)
(-4.43425e-06 -0.826012 0)
(-5.24382e-06 -0.82601 0)
(-4.48037e-06 -0.826007 0)
(-4.23868e-06 -0.826006 0)
(-3.72808e-06 -0.826007 0)
(-1.60604e-06 -0.826004 0)
(1.61437e-06 -0.826005 0)
(1.62274e-06 -0.826008 0)
(5.43718e-07 -0.82601 0)
(0 -0.826009 0)
(-1.09874e-06 -0.826007 0)
(0 -0.826005 0)
(8.32628e-07 -0.826007 0)
(1.11593e-06 -0.826008 0)
(8.41286e-07 -0.82601 0)
(5.63766e-07 -0.826009 0)
(1.41673e-06 -0.826008 0)
(1.70889e-06 -0.826008 0)
(2.29033e-06 -0.82601 0)
(3.74109e-06 -0.82601 0)
(4.04976e-06 -0.826014 0)
(2.32615e-06 -0.826014 0)
(1.16911e-06 -0.826013 0)
(1.17517e-06 -0.826012 0)
(2.95316e-06 -0.826011 0)
(4.74957e-06 -0.82601 0)
(7.45968e-06 -0.826012 0)
(1.01978e-05 -0.826013 0)
(1.08537e-05 -0.826016 0)
(1.03038e-05 -0.826018 0)
(1.2185e-05 -0.826019 0)
(1.43917e-05 -0.82602 0)
(1.56975e-05 -0.826022 0)
(1.70164e-05 -0.826024 0)
(1.95926e-05 -0.826025 0)
(2.25077e-05 -0.826028 0)
(2.41956e-05 -0.826032 0)
(2.65321e-05 -0.826033 0)
(3.01621e-05 -0.826032 0)
(3.44674e-05 -0.826036 0)
(3.78541e-05 -0.82604 0)
(4.06301e-05 -0.826044 0)
(4.37581e-05 -0.826047 0)
(4.72432e-05 -0.826053 0)
(5.01082e-05 -0.826055 0)
(5.33309e-05 -0.826058 0)
(5.72475e-05 -0.826061 0)
(6.02054e-05 -0.826065 0)
(6.0852e-05 -0.826069 0)
(6.11676e-05 -0.826073 0)
(5.84443e-05 -0.826075 0)
(5.33141e-05 -0.826076 0)
(4.33504e-05 -0.826074 0)
(2.91645e-05 -0.826067 0)
(1.17263e-05 -0.826053 0)
(-1.07471e-05 -0.826032 0)
(-3.69387e-05 -0.825998 0)
(-6.48028e-05 -0.825949 0)
(-8.34481e-05 -0.825884 0)
(-8.17573e-05 -0.825807 0)
(-3.66436e-05 -0.825739 0)
(1.90788e-05 -1.04651 0)
(4.39999e-05 -1.04658 0)
(4.66339e-05 -1.04666 0)
(3.44392e-05 -1.04673 0)
(1.6706e-05 -1.04679 0)
(-1.97184e-06 -1.04682 0)
(-1.93365e-05 -1.04685 0)
(-3.48491e-05 -1.04686 0)
(-4.54861e-05 -1.04687 0)
(-5.29773e-05 -1.04687 0)
(-5.7096e-05 -1.04687 0)
(-5.8713e-05 -1.04687 0)
(-5.92251e-05 -1.04686 0)
(-5.72979e-05 -1.04685 0)
(-5.43135e-05 -1.04685 0)
(-4.94859e-05 -1.04685 0)
(-4.52389e-05 -1.04684 0)
(-4.31523e-05 -1.04684 0)
(-4.00326e-05 -1.04683 0)
(-3.72059e-05 -1.04683 0)
(-3.49287e-05 -1.04683 0)
(-3.16367e-05 -1.04682 0)
(-2.81197e-05 -1.04682 0)
(-2.61781e-05 -1.04681 0)
(-2.45111e-05 -1.04681 0)
(-2.20986e-05 -1.04681 0)
(-1.94576e-05 -1.0468 0)
(-1.73461e-05 -1.0468 0)
(-1.42554e-05 -1.0468 0)
(-1.19426e-05 -1.0468 0)
(-1.01484e-05 -1.0468 0)
(-9.84976e-06 -1.04679 0)
(-9.55397e-06 -1.04679 0)
(-8.52984e-06 -1.04679 0)
(-7.51602e-06 -1.04679 0)
(-5.30643e-06 -1.04679 0)
(-4.31922e-06 -1.04679 0)
(-3.58078e-06 -1.04679 0)
(-3.56231e-06 -1.04679 0)
(-3.30767e-06 -1.04679 0)
(-3.52564e-06 -1.04679 0)
(-3.27362e-06 -1.04678 0)
(-3.02411e-06 -1.04678 0)
(-2.54566e-06 -1.04678 0)
(-1.38138e-06 -1.04678 0)
(0 -1.04678 0)
(4.5572e-07 -1.04678 0)
(-4.53369e-07 -1.04678 0)
(-1.80412e-06 -1.04678 0)
(-2.24351e-06 -1.04678 0)
(-1.33916e-06 -1.04678 0)
(-2.22042e-07 -1.04678 0)
(0 -1.04678 0)
(1.09879e-06 -1.04678 0)
(1.96761e-06 -1.04678 0)
(3.04493e-06 -1.04678 0)
(4.11109e-06 -1.04678 0)
(4.73565e-06 -1.04678 0)
(5.35366e-06 -1.04678 0)
(5.53908e-06 -1.04679 0)
(5.93438e-06 -1.04679 0)
(5.48207e-06 -1.04679 0)
(3.98546e-06 -1.04679 0)
(3.33886e-06 -1.04679 0)
(1.45321e-06 -1.04679 0)
(4.13062e-07 -1.04679 0)
(0 -1.04679 0)
(-6.13216e-07 -1.04679 0)
(-2.03351e-06 -1.04679 0)
(-1.82071e-06 -1.04679 0)
(4.02515e-07 -1.04679 0)
(8.00877e-07 -1.04679 0)
(7.96745e-07 -1.04679 0)
(1.58527e-06 -1.04679 0)
(2.56277e-06 -1.04679 0)
(2.74567e-06 -1.04679 0)
(2.34129e-06 -1.04679 0)
(1.74691e-06 -1.04679 0)
(1.54479e-06 -1.04679 0)
(2.11313e-06 -1.04679 0)
(1.14667e-06 -1.0468 0)
(1.90126e-07 -1.0468 0)
(7.5658e-07 -1.0468 0)
(0 -1.0468 0)
(-3.74396e-07 -1.04679 0)
(5.58697e-07 -1.04679 0)
(3.70543e-07 -1.04679 0)
(-3.68631e-07 -1.04679 0)
(-7.33459e-07 -1.0468 0)
(5.47256e-07 -1.04679 0)
(1.6333e-06 -1.04679 0)
(1.26379e-06 -1.0468 0)
(8.98048e-07 -1.0468 0)
(5.36049e-07 -1.0468 0)
(1.24433e-06 -1.04679 0)
(7.07376e-07 -1.0468 0)
(1.75932e-07 -1.04679 0)
(1.05014e-06 -1.04679 0)
(1.56709e-06 -1.04679 0)
(1.559e-06 -1.0468 0)
(-3.44658e-07 -1.0468 0)
(-3.42879e-07 -1.0468 0)
(1.02333e-06 -1.04679 0)
(1.69675e-06 -1.04679 0)
(3.0384e-06 -1.0468 0)
(2.51893e-06 -1.0468 0)
(1.50356e-06 -1.0468 0)
(-3.32401e-07 -1.0468 0)
(-8.26715e-07 -1.0468 0)
(0 -1.0468 0)
(4.90924e-07 -1.0468 0)
(1.13958e-06 -1.0468 0)
(1.94348e-06 -1.0468 0)
(1.12785e-06 -1.0468 0)
(4.8087e-07 -1.0468 0)
(1.27571e-06 -1.0468 0)
(7.93202e-07 -1.0468 0)
(2.05169e-06 -1.0468 0)
(1.72708e-06 -1.0468 0)
(-1.87437e-06 -1.0468 0)
(-4.35097e-06 -1.0468 0)
(-3.40098e-06 -1.0468 0)
(-1.84551e-06 -1.0468 0)
(-6.11996e-07 -1.0468 0)
(6.08838e-07 -1.0468 0)
(-1.51424e-07 -1.0468 0)
(-1.0545e-06 -1.0468 0)
(-5.99463e-07 -1.04679 0)
(8.94555e-07 -1.0468 0)
(1.18659e-06 -1.0468 0)
(1.91826e-06 -1.0468 0)
(2.20195e-06 -1.0468 0)
(8.76236e-07 -1.0468 0)
(-1.45286e-07 -1.0468 0)
(1.44536e-07 -1.0468 0)
(-1.44536e-07 -1.0468 0)
(1.45286e-07 -1.0468 0)
(0 -1.0468 0)
(1.46797e-07 -1.0468 0)
(-1.18046e-06 -1.0468 0)
(-4.00473e-06 -1.0468 0)
(-4.17459e-06 -1.0468 0)
(-2.39785e-06 -1.04679 0)
(-6.02572e-07 -1.04679 0)
(-3.02849e-07 -1.04679 0)
(2.28314e-06 -1.04679 0)
(5.20196e-06 -1.0468 0)
(5.22894e-06 -1.0468 0)
(4.17393e-06 -1.0468 0)
(2.33088e-06 -1.0468 0)
(-3.12395e-07 -1.0468 0)
(-2.98315e-06 -1.0468 0)
(-2.36733e-06 -1.0468 0)
(-3.17281e-07 -1.0468 0)
(-7.97316e-07 -1.0468 0)
(-9.61741e-07 -1.0468 0)
(-1.12785e-06 -1.0468 0)
(-3.07718e-06 -1.0468 0)
(-3.25594e-06 -1.0468 0)
(-1.47277e-06 -1.0468 0)
(-1.80939e-06 -1.0468 0)
(-1.48809e-06 -1.0468 0)
(-1.3296e-06 -1.04679 0)
(-1.50356e-06 -1.0468 0)
(-1.84722e-06 -1.0468 0)
(-2.1944e-06 -1.04679 0)
(1.69675e-07 -1.04679 0)
(2.21722e-06 -1.04679 0)
(2.57159e-06 -1.0468 0)
(2.92959e-06 -1.0468 0)
(2.42511e-06 -1.0468 0)
(5.22363e-07 -1.0468 0)
(-3.50048e-07 -1.0468 0)
(3.51863e-07 -1.0468 0)
(1.06106e-06 -1.0468 0)
(-3.55522e-07 -1.0468 0)
(-8.93415e-07 -1.0468 0)
(1.7961e-07 -1.0468 0)
(5.41623e-07 -1.0468 0)
(0 -1.0468 0)
(-5.47256e-07 -1.0468 0)
(-1.10019e-06 -1.0468 0)
(-2.3961e-06 -1.0468 0)
(-2.96434e-06 -1.0468 0)
(-2.79349e-06 -1.0468 0)
(-2.43358e-06 -1.0468 0)
(-2.63437e-06 -1.0468 0)
(-3.02632e-06 -1.04679 0)
(-1.52101e-06 -1.04679 0)
(-3.82224e-07 -1.04679 0)
(-9.60515e-07 -1.04679 0)
(-1.93099e-07 -1.04679 0)
(-1.94101e-07 -1.0468 0)
(-7.80429e-07 -1.0468 0)
(-5.88358e-07 -1.04679 0)
(-9.85681e-07 -1.0468 0)
(-2.3779e-06 -1.0468 0)
(-3.18698e-06 -1.04679 0)
(-3.80417e-06 -1.04679 0)
(-5.03144e-06 -1.04679 0)
(-3.23682e-06 -1.04679 0)
(-1.2201e-06 -1.04679 0)
(-1.22643e-06 -1.04679 0)
(-1.84919e-06 -1.04679 0)
(-2.6849e-06 -1.04679 0)
(-2.69883e-06 -1.04679 0)
(-2.71282e-06 -1.04679 0)
(-2.09761e-06 -1.04679 0)
(-1.89764e-06 -1.04679 0)
(-3.81496e-06 -1.04679 0)
(-4.47387e-06 -1.04678 0)
(-4.06878e-06 -1.04678 0)
(-3.44411e-06 -1.04678 0)
(-3.2456e-06 -1.04678 0)
(-1.95746e-06 -1.04678 0)
(8.74493e-07 -1.04678 0)
(1.31854e-06 -1.04678 0)
(4.41794e-07 -1.04678 0)
(0 -1.04678 0)
(-4.46388e-07 -1.04678 0)
(0 -1.04678 0)
(6.76545e-07 -1.04678 0)
(9.06738e-07 -1.04678 0)
(4.5572e-07 -1.04678 0)
(1.14521e-06 -1.04678 0)
(9.20919e-07 -1.04678 0)
(9.25695e-07 -1.04678 0)
(2.55886e-06 -1.04678 0)
(3.27362e-06 -1.04678 0)
(3.05556e-06 -1.04679 0)
(2.12636e-06 -1.04679 0)
(1.66241e-06 -1.04679 0)
(2.14847e-06 -1.04679 0)
(2.63953e-06 -1.04678 0)
(4.82403e-06 -1.04679 0)
(6.78866e-06 -1.04679 0)
(9.26097e-06 -1.04679 0)
(9.79894e-06 -1.04679 0)
(9.60352e-06 -1.04679 0)
(1.16335e-05 -1.04679 0)
(1.34355e-05 -1.0468 0)
(1.47556e-05 -1.0468 0)
(1.65919e-05 -1.0468 0)
(1.81941e-05 -1.0468 0)
(2.10825e-05 -1.04681 0)
(2.32345e-05 -1.04681 0)
(2.56648e-05 -1.04681 0)
(2.88936e-05 -1.04681 0)
(3.26739e-05 -1.04682 0)
(3.57106e-05 -1.04682 0)
(3.8778e-05 -1.04683 0)
(4.18762e-05 -1.04683 0)
(4.47408e-05 -1.04684 0)
(4.84322e-05 -1.04684 0)
(5.18933e-05 -1.04684 0)
(5.51201e-05 -1.04685 0)
(5.75681e-05 -1.04686 0)
(5.86817e-05 -1.04686 0)
(5.98053e-05 -1.04687 0)
(5.7645e-05 -1.04687 0)
(5.32532e-05 -1.04687 0)
(4.54861e-05 -1.04687 0)
(3.48491e-05 -1.04686 0)
(2.12981e-05 -1.04685 0)
(4.78876e-06 -1.04682 0)
(-1.44408e-05 -1.04679 0)
(-3.33007e-05 -1.04674 0)
(-4.57756e-05 -1.04667 0)
(-4.22744e-05 -1.04659 0)
(-1.79225e-05 -1.04652 0)
(-2.8186e-06 -1.31809 0)
(-3.27141e-06 -1.31815 0)
(-1.85973e-06 -1.31822 0)
(-5.08787e-06 -1.31829 0)
(-1.28841e-05 -1.31834 0)
(-2.15153e-05 -1.31837 0)
(-3.14234e-05 -1.3184 0)
(-4.12286e-05 -1.31841 0)
(-4.82275e-05 -1.31842 0)
(-5.24627e-05 -1.31842 0)
(-5.53146e-05 -1.31841 0)
(-5.63605e-05 -1.31841 0)
(-5.60698e-05 -1.3184 0)
(-5.40236e-05 -1.31839 0)
(-5.06862e-05 -1.31839 0)
(-4.69471e-05 -1.31838 0)
(-4.28128e-05 -1.31837 0)
(-3.95804e-05 -1.31837 0)
(-3.68082e-05 -1.31836 0)
(-3.44893e-05 -1.31836 0)
(-3.21934e-05 -1.31835 0)
(-2.90774e-05 -1.31835 0)
(-2.6412e-05 -1.31834 0)
(-2.33562e-05 -1.31834 0)
(-2.19909e-05 -1.31833 0)
(-1.98135e-05 -1.31833 0)
(-1.7658e-05 -1.31832 0)
(-1.59328e-05 -1.31832 0)
(-1.3412e-05 -1.31832 0)
(-1.13212e-05 -1.31832 0)
(-9.25158e-06 -1.31832 0)
(-8.80368e-06 -1.31831 0)
(-8.75826e-06 -1.31831 0)
(-7.52492e-06 -1.31831 0)
(-5.91008e-06 -1.31831 0)
(-5.48761e-06 -1.31831 0)
(-3.50955e-06 -1.31831 0)
(-3.87938e-06 -1.31831 0)
(-3.85937e-06 -1.31831 0)
(-3.07156e-06 -1.31831 0)
(-2.67375e-06 -1.31831 0)
(-2.27996e-06 -1.3183 0)
(-2.64623e-06 -1.3183 0)
(-1.88041e-06 -1.3183 0)
(-1.49657e-06 -1.3183 0)
(0 -1.3183 0)
(3.70292e-07 -1.3183 0)
(-1.10514e-06 -1.3183 0)
(-1.46592e-06 -1.3183 0)
(-1.82295e-06 -1.3183 0)
(-1.45084e-06 -1.3183 0)
(0 -1.3183 0)
(0 -1.3183 0)
(1.07137e-06 -1.3183 0)
(2.48697e-06 -1.3183 0)
(2.82759e-06 -1.3183 0)
(3.51625e-06 -1.3183 0)
(4.19773e-06 -1.3183 0)
(4.87208e-06 -1.3183 0)
(4.84694e-06 -1.3183 0)
(4.47751e-06 -1.31831 0)
(4.79706e-06 -1.31831 0)
(3.40879e-06 -1.31831 0)
(2.71296e-06 -1.31831 0)
(1.01211e-06 -1.31831 0)
(6.7126e-07 -1.31831 0)
(0 -1.31831 0)
(-3.32176e-07 -1.31831 0)
(-1.32185e-06 -1.31831 0)
(-9.86271e-07 -1.31831 0)
(0 -1.31831 0)
(6.50747e-07 -1.31831 0)
(9.71084e-07 -1.31831 0)
(1.2881e-06 -1.31831 0)
(1.92218e-06 -1.31831 0)
(1.91226e-06 -1.31831 0)
(2.21946e-06 -1.31831 0)
(1.57715e-06 -1.31831 0)
(1.88282e-06 -1.31831 0)
(1.56092e-06 -1.31831 0)
(6.21146e-07 -1.31832 0)
(6.17941e-07 -1.31831 0)
(1.22951e-06 -1.31831 0)
(0 -1.31831 0)
(0 -1.31831 0)
(3.02643e-07 -1.31831 0)
(0 -1.31831 0)
(-2.99528e-07 -1.31831 0)
(-5.95966e-07 -1.31831 0)
(2.96446e-07 -1.31831 0)
(1.47458e-06 -1.31831 0)
(1.17358e-06 -1.31831 0)
(8.75642e-07 -1.31831 0)
(1.1615e-06 -1.31831 0)
(1.15551e-06 -1.31831 0)
(5.74773e-07 -1.31832 0)
(0 -1.31831 0)
(8.53285e-07 -1.31831 0)
(1.13184e-06 -1.31832 0)
(1.126e-06 -1.31832 0)
(0 -1.31832 0)
(2.78604e-07 -1.31832 0)
(1.10867e-06 -1.31832 0)
(1.37868e-06 -1.31832 0)
(2.19451e-06 -1.31832 0)
(2.18319e-06 -1.31832 0)
(8.14471e-07 -1.31832 0)
(-2.7009e-07 -1.31832 0)
(-5.37393e-07 -1.31832 0)
(0 -1.31832 0)
(7.97792e-07 -1.31832 0)
(1.32279e-06 -1.31832 0)
(1.57916e-06 -1.31832 0)
(1.04734e-06 -1.31832 0)
(5.2097e-07 -1.31832 0)
(5.18282e-07 -1.31832 0)
(7.73412e-07 -1.31832 0)
(1.53884e-06 -1.31832 0)
(1.5309e-06 -1.31832 0)
(-1.26917e-06 -1.31832 0)
(-3.28282e-06 -1.31832 0)
(-3.01466e-06 -1.31832 0)
(-1.74948e-06 -1.31832 0)
(0 -1.31832 0)
(2.47353e-07 -1.31832 0)
(0 -1.31832 0)
(-7.34423e-07 -1.31832 0)
(-4.87089e-07 -1.31832 0)
(2.42288e-07 -1.31832 0)
(1.20519e-06 -1.31832 0)
(1.67856e-06 -1.31832 0)
(1.90846e-06 -1.31832 0)
(4.74653e-07 -1.31832 0)
(-2.36102e-07 -1.31832 0)
(2.34884e-07 -1.31832 0)
(0 -1.31832 0)
(2.36102e-07 -1.31832 0)
(0 -1.31832 0)
(-2.38557e-07 -1.31832 0)
(-1.19897e-06 -1.31832 0)
(-3.13349e-06 -1.31832 0)
(-3.39203e-06 -1.31832 0)
(-1.70481e-06 -1.31831 0)
(-7.34423e-07 -1.31831 0)
(-4.92154e-07 -1.31831 0)
(1.97883e-06 -1.31831 0)
(4.22681e-06 -1.31832 0)
(4.24874e-06 -1.31832 0)
(3.76833e-06 -1.31832 0)
(2.0202e-06 -1.31832 0)
(-7.61503e-07 -1.31832 0)
(-2.29636e-06 -1.31832 0)
(-1.79532e-06 -1.31832 0)
(-5.15608e-07 -1.31832 0)
(-5.18282e-07 -1.31832 0)
(-7.81455e-07 -1.31832 0)
(-1.04734e-06 -1.31832 0)
(-2.36874e-06 -1.31832 0)
(-2.64559e-06 -1.31832 0)
(-1.59558e-06 -1.31832 0)
(-1.60386e-06 -1.31832 0)
(-1.34348e-06 -1.31832 0)
(-1.08036e-06 -1.31831 0)
(-1.62894e-06 -1.31831 0)
(-1.63739e-06 -1.31831 0)
(-1.9202e-06 -1.31831 0)
(5.51473e-07 -1.31831 0)
(1.38583e-06 -1.31831 0)
(2.22883e-06 -1.31831 0)
(2.24039e-06 -1.31832 0)
(1.68901e-06 -1.31832 0)
(5.65922e-07 -1.31832 0)
(0 -1.31832 0)
(2.85904e-07 -1.31832 0)
(5.74773e-07 -1.31832 0)
(-2.88877e-07 -1.31832 0)
(-5.8075e-07 -1.31832 0)
(-2.91881e-07 -1.31832 0)
(2.93395e-07 -1.31832 0)
(2.94916e-07 -1.31832 0)
(-5.92891e-07 -1.31832 0)
(-1.19193e-06 -1.31832 0)
(-1.79717e-06 -1.31832 0)
(-2.40865e-06 -1.31832 0)
(-2.42115e-06 -1.31832 0)
(-2.4337e-06 -1.31832 0)
(-2.14053e-06 -1.31832 0)
(-2.15163e-06 -1.31831 0)
(-1.54485e-06 -1.31831 0)
(-6.21146e-07 -1.31831 0)
(-9.3655e-07 -1.31831 0)
(-3.13803e-07 -1.31831 0)
(-6.3086e-07 -1.31831 0)
(-3.17066e-07 -1.31831 0)
(-9.5613e-07 -1.31831 0)
(-9.61089e-07 -1.31831 0)
(-1.93215e-06 -1.31831 0)
(-2.58956e-06 -1.31831 0)
(-3.25373e-06 -1.31831 0)
(-3.92473e-06 -1.31831 0)
(-2.63005e-06 -1.31831 0)
(-1.65231e-06 -1.31831 0)
(-1.3287e-06 -1.31831 0)
(-1.66949e-06 -1.31831 0)
(-2.34941e-06 -1.31831 0)
(-2.36159e-06 -1.31831 0)
(-2.03472e-06 -1.31831 0)
(-2.38615e-06 -1.3183 0)
(-2.05588e-06 -1.31831 0)
(-2.75539e-06 -1.3183 0)
(-3.4621e-06 -1.3183 0)
(-3.48006e-06 -1.3183 0)
(-2.79848e-06 -1.3183 0)
(-2.813e-06 -1.3183 0)
(-1.76724e-06 -1.3183 0)
(3.55281e-07 -1.3183 0)
(3.57124e-07 -1.3183 0)
(0 -1.3183 0)
(0 -1.3183 0)
(0 -1.3183 0)
(0 -1.3183 0)
(3.66481e-07 -1.3183 0)
(7.36763e-07 -1.3183 0)
(7.40584e-07 -1.3183 0)
(1.11664e-06 -1.3183 0)
(3.74143e-07 -1.3183 0)
(7.52166e-07 -1.3183 0)
(2.2682e-06 -1.3183 0)
(2.65996e-06 -1.3183 0)
(3.05572e-06 -1.3183 0)
(1.91973e-06 -1.3183 0)
(1.54375e-06 -1.3183 0)
(1.93969e-06 -1.3183 0)
(3.50955e-06 -1.3183 0)
(4.3117e-06 -1.3183 0)
(6.30408e-06 -1.31831 0)
(7.92097e-06 -1.31831 0)
(7.96205e-06 -1.31831 0)
(8.80368e-06 -1.31831 0)
(1.08606e-05 -1.31831 0)
(1.25342e-05 -1.31832 0)
(1.38185e-05 -1.31832 0)
(1.51157e-05 -1.31832 0)
(1.64261e-05 -1.31832 0)
(1.85752e-05 -1.31833 0)
(2.19909e-05 -1.31833 0)
(2.37732e-05 -1.31833 0)
(2.68312e-05 -1.31834 0)
(2.94988e-05 -1.31834 0)
(3.30406e-05 -1.31835 0)
(3.57667e-05 -1.31835 0)
(3.85202e-05 -1.31836 0)
(4.13013e-05 -1.31837 0)
(4.49751e-05 -1.31837 0)
(4.86859e-05 -1.31838 0)
(5.19971e-05 -1.31839 0)
(5.35844e-05 -1.31839 0)
(5.51868e-05 -1.3184 0)
(5.63605e-05 -1.31841 0)
(5.57607e-05 -1.31841 0)
(5.33595e-05 -1.31842 0)
(4.82275e-05 -1.31842 0)
(4.16817e-05 -1.31841 0)
(3.3245e-05 -1.3184 0)
(2.33464e-05 -1.31838 0)
(1.38044e-05 -1.31834 0)
(6.01294e-06 -1.31829 0)
(1.85973e-06 -1.31823 0)
(3.27141e-06 -1.31816 0)
(2.8186e-06 -1.3181 0)
(-2.30186e-05 -1.61761 0)
(-4.72017e-05 -1.61765 0)
(-4.74231e-05 -1.61771 0)
(-4.34782e-05 -1.61776 0)
(-4.0493e-05 -1.6178 0)
(-4.07418e-05 -1.61783 0)
(-4.23533e-05 -1.61785 0)
(-4.57592e-05 -1.61785 0)
(-4.91289e-05 -1.61785 0)
(-5.06691e-05 -1.61785 0)
(-5.17459e-05 -1.61785 0)
(-5.14789e-05 -1.61784 0)
(-5.07718e-05 -1.61783 0)
(-4.8753e-05 -1.61782 0)
(-4.54428e-05 -1.61781 0)
(-4.17308e-05 -1.6178 0)
(-3.84883e-05 -1.61779 0)
(-3.61386e-05 -1.61778 0)
(-3.25282e-05 -1.61778 0)
(-3.1083e-05 -1.61777 0)
(-2.79574e-05 -1.61776 0)
(-2.57061e-05 -1.61776 0)
(-2.26388e-05 -1.61775 0)
(-2.04366e-05 -1.61775 0)
(-1.86715e-05 -1.61774 0)
(-1.69241e-05 -1.61773 0)
(-1.51941e-05 -1.61773 0)
(-1.38901e-05 -1.61773 0)
(-1.17863e-05 -1.61772 0)
(-9.70389e-06 -1.61772 0)
(-8.04485e-06 -1.61772 0)
(-7.60318e-06 -1.61772 0)
(-7.16585e-06 -1.61771 0)
(-6.33678e-06 -1.61771 0)
(-5.51607e-06 -1.61771 0)
(-4.3117e-06 -1.61771 0)
(-3.50955e-06 -1.61771 0)
(-3.49144e-06 -1.61771 0)
(-3.85937e-06 -1.61771 0)
(-2.68762e-06 -1.61771 0)
(-1.90982e-06 -1.6177 0)
(-1.89997e-06 -1.6177 0)
(-1.89017e-06 -1.6177 0)
(-1.50433e-06 -1.6177 0)
(-7.48285e-07 -1.6177 0)
(0 -1.6177 0)
(3.70292e-07 -1.6177 0)
(-1.10514e-06 -1.6177 0)
(-1.46592e-06 -1.6177 0)
(-1.45836e-06 -1.6177 0)
(-1.81354e-06 -1.6177 0)
(-3.60838e-07 -1.6177 0)
(3.58976e-07 -1.6177 0)
(1.07137e-06 -1.6177 0)
(2.48697e-06 -1.6177 0)
(2.47414e-06 -1.6177 0)
(3.16462e-06 -1.6177 0)
(3.4981e-06 -1.6177 0)
(3.82806e-06 -1.6177 0)
(4.50073e-06 -1.61771 0)
(3.78866e-06 -1.61771 0)
(3.42647e-06 -1.61771 0)
(2.72703e-06 -1.61771 0)
(1.6956e-06 -1.61771 0)
(1.34948e-06 -1.61771 0)
(6.7126e-07 -1.61771 0)
(0 -1.61771 0)
(0 -1.61771 0)
(-9.91386e-07 -1.61771 0)
(-6.57514e-07 -1.61771 0)
(3.27061e-07 -1.61771 0)
(3.25373e-07 -1.61771 0)
(6.47389e-07 -1.61771 0)
(9.66073e-07 -1.61771 0)
(1.60182e-06 -1.61771 0)
(1.59355e-06 -1.61771 0)
(1.90239e-06 -1.61771 0)
(1.26172e-06 -1.61772 0)
(1.25521e-06 -1.61771 0)
(1.24873e-06 -1.61772 0)
(9.31718e-07 -1.61772 0)
(6.17941e-07 -1.61772 0)
(9.22129e-07 -1.61772 0)
(3.0579e-07 -1.61772 0)
(3.04213e-07 -1.61772 0)
(6.05286e-07 -1.61772 0)
(-6.02164e-07 -1.61772 0)
(-8.98585e-07 -1.61772 0)
(-2.97983e-07 -1.61772 0)
(8.89337e-07 -1.61772 0)
(1.17966e-06 -1.61772 0)
(8.80184e-07 -1.61772 0)
(8.75642e-07 -1.61772 0)
(1.1615e-06 -1.61772 0)
(8.6663e-07 -1.61772 0)
(5.74773e-07 -1.61772 0)
(5.71807e-07 -1.61772 0)
(5.68857e-07 -1.61772 0)
(8.48883e-07 -1.61772 0)
(2.81501e-07 -1.61772 0)
(2.80049e-07 -1.61772 0)
(2.78604e-07 -1.61772 0)
(1.10867e-06 -1.61772 0)
(1.10295e-06 -1.61772 0)
(1.9202e-06 -1.61772 0)
(1.36449e-06 -1.61772 0)
(5.42981e-07 -1.61772 0)
(-2.7009e-07 -1.61772 0)
(-2.68696e-07 -1.61772 0)
(0 -1.61772 0)
(7.97792e-07 -1.61772 0)
(1.32279e-06 -1.61772 0)
(1.57916e-06 -1.61772 0)
(1.04734e-06 -1.61772 0)
(2.60485e-07 -1.61772 0)
(0 -1.61773 0)
(1.03122e-06 -1.61772 0)
(1.0259e-06 -1.61772 0)
(1.27575e-06 -1.61773 0)
(-7.61503e-07 -1.61773 0)
(-2.52525e-06 -1.61772 0)
(-2.76344e-06 -1.61772 0)
(-1.24963e-06 -1.61772 0)
(2.48636e-07 -1.61772 0)
(4.94707e-07 -1.61772 0)
(0 -1.61772 0)
(-7.34423e-07 -1.61772 0)
(-7.30633e-07 -1.61772 0)
(0 -1.61772 0)
(1.20519e-06 -1.61772 0)
(1.43877e-06 -1.61772 0)
(1.43134e-06 -1.61772 0)
(2.37326e-07 -1.61772 0)
(-4.72204e-07 -1.61772 0)
(2.34884e-07 -1.61772 0)
(7.04651e-07 -1.61772 0)
(2.36102e-07 -1.61772 0)
(0 -1.61772 0)
(-4.77114e-07 -1.61772 0)
(-1.43877e-06 -1.61772 0)
(-2.41038e-06 -1.61772 0)
(-2.42288e-06 -1.61772 0)
(-1.46127e-06 -1.61772 0)
(-7.34423e-07 -1.61772 0)
(-4.92154e-07 -1.61772 0)
(1.97883e-06 -1.61772 0)
(3.23227e-06 -1.61772 0)
(3.24903e-06 -1.61772 0)
(3.26588e-06 -1.61772 0)
(1.26262e-06 -1.61773 0)
(-7.61503e-07 -1.61773 0)
(-1.78605e-06 -1.61773 0)
(-1.28237e-06 -1.61772 0)
(-2.57804e-07 -1.61772 0)
(-2.59141e-07 -1.61772 0)
(-7.81455e-07 -1.61772 0)
(-1.04734e-06 -1.61772 0)
(-2.10555e-06 -1.61772 0)
(-2.38103e-06 -1.61772 0)
(-1.06372e-06 -1.61772 0)
(-1.06924e-06 -1.61772 0)
(-1.07479e-06 -1.61772 0)
(-1.08036e-06 -1.61772 0)
(-1.35745e-06 -1.61772 0)
(-1.63739e-06 -1.61772 0)
(-1.37157e-06 -1.61772 0)
(0 -1.61772 0)
(1.38583e-06 -1.61772 0)
(1.67162e-06 -1.61772 0)
(1.96034e-06 -1.61772 0)
(1.40751e-06 -1.61772 0)
(5.65922e-07 -1.61772 0)
(-2.84428e-07 -1.61772 0)
(2.85904e-07 -1.61772 0)
(2.87386e-07 -1.61772 0)
(-5.77753e-07 -1.61772 0)
(-2.90375e-07 -1.61772 0)
(-2.91881e-07 -1.61772 0)
(0 -1.61772 0)
(-2.94916e-07 -1.61772 0)
(-5.92891e-07 -1.61772 0)
(-2.97983e-07 -1.61772 0)
(-1.49764e-06 -1.61772 0)
(-1.50541e-06 -1.61772 0)
(-2.42115e-06 -1.61772 0)
(-2.12949e-06 -1.61772 0)
(-1.52895e-06 -1.61772 0)
(-1.84426e-06 -1.61772 0)
(-1.54485e-06 -1.61772 0)
(-6.21146e-07 -1.61772 0)
(-6.24367e-07 -1.61771 0)
(-6.27605e-07 -1.61772 0)
(-6.3086e-07 -1.61772 0)
(-6.34132e-07 -1.61772 0)
(-3.1871e-07 -1.61772 0)
(-9.61089e-07 -1.61771 0)
(-1.61012e-06 -1.61771 0)
(-2.26586e-06 -1.61771 0)
(-2.60299e-06 -1.61771 0)
(-3.27061e-06 -1.61771 0)
(-1.97254e-06 -1.61771 0)
(-1.32185e-06 -1.61771 0)
(-1.3287e-06 -1.61771 0)
(-1.66949e-06 -1.61771 0)
(-1.67815e-06 -1.61771 0)
(-2.02422e-06 -1.61771 0)
(-2.03472e-06 -1.61771 0)
(-1.7044e-06 -1.61771 0)
(-1.71323e-06 -1.61771 0)
(-2.06654e-06 -1.6177 0)
(-2.76968e-06 -1.6177 0)
(-2.78405e-06 -1.6177 0)
(-2.79848e-06 -1.6177 0)
(-2.10975e-06 -1.6177 0)
(-1.06034e-06 -1.6177 0)
(-7.10562e-07 -1.6177 0)
(0 -1.6177 0)
(3.58976e-07 -1.6177 0)
(-3.60838e-07 -1.6177 0)
(0 -1.6177 0)
(0 -1.6177 0)
(0 -1.6177 0)
(3.68381e-07 -1.6177 0)
(1.48117e-06 -1.6177 0)
(1.11664e-06 -1.6177 0)
(0 -1.6177 0)
(7.52166e-07 -1.6177 0)
(1.51213e-06 -1.6177 0)
(2.65996e-06 -1.6177 0)
(2.29179e-06 -1.6177 0)
(1.53578e-06 -1.6177 0)
(1.15781e-06 -1.6177 0)
(1.93969e-06 -1.6177 0)
(3.1196e-06 -1.61771 0)
(3.91972e-06 -1.61771 0)
(5.51607e-06 -1.61771 0)
(6.73283e-06 -1.61771 0)
(6.76775e-06 -1.61771 0)
(8.00335e-06 -1.61771 0)
(9.25158e-06 -1.61772 0)
(1.09169e-05 -1.61772 0)
(1.17863e-05 -1.61772 0)
(1.30731e-05 -1.61772 0)
(1.43728e-05 -1.61773 0)
(1.65113e-05 -1.61773 0)
(1.86715e-05 -1.61774 0)
(2.16879e-05 -1.61774 0)
(2.38965e-05 -1.61775 0)
(2.52847e-05 -1.61775 0)
(2.88046e-05 -1.61776 0)
(3.15088e-05 -1.61777 0)
(3.38122e-05 -1.61777 0)
(3.69991e-05 -1.61778 0)
(4.02181e-05 -1.61779 0)
(4.30349e-05 -1.6178 0)
(4.58798e-05 -1.61781 0)
(4.83138e-05 -1.61782 0)
(5.03303e-05 -1.61783 0)
(5.14789e-05 -1.61784 0)
(5.17459e-05 -1.61785 0)
(5.11175e-05 -1.61785 0)
(4.91289e-05 -1.61786 0)
(4.66654e-05 -1.61785 0)
(4.41749e-05 -1.61785 0)
(4.16574e-05 -1.61783 0)
(4.09531e-05 -1.6178 0)
(4.30156e-05 -1.61777 0)
(4.69582e-05 -1.61772 0)
(4.6267e-05 -1.61766 0)
(2.16093e-05 -1.61762 0)
(-3.41106e-05 -1.88895 0)
(-7.44835e-05 -1.88898 0)
(-7.66741e-05 -1.88901 0)
(-6.6886e-05 -1.88904 0)
(-5.748e-05 -1.88907 0)
(-5.15496e-05 -1.88908 0)
(-4.73603e-05 -1.88909 0)
(-4.65584e-05 -1.88909 0)
(-4.68729e-05 -1.88908 0)
(-4.60792e-05 -1.88908 0)
(-4.6116e-05 -1.88907 0)
(-4.66973e-05 -1.88906 0)
(-4.40113e-05 -1.88904 0)
(-4.08112e-05 -1.88903 0)
(-3.92563e-05 -1.88902 0)
(-3.69138e-05 -1.88901 0)
(-3.29978e-05 -1.889 0)
(-3.04449e-05 -1.88899 0)
(-2.81808e-05 -1.88898 0)
(-2.59393e-05 -1.88897 0)
(-2.42415e-05 -1.88896 0)
(-2.15233e-05 -1.88895 0)
(-1.85745e-05 -1.88895 0)
(-1.69388e-05 -1.88894 0)
(-1.55747e-05 -1.88894 0)
(-1.39704e-05 -1.88893 0)
(-1.26348e-05 -1.88892 0)
(-1.10613e-05 -1.88892 0)
(-1.07541e-05 -1.88891 0)
(-8.21056e-06 -1.88891 0)
(-6.43555e-06 -1.88891 0)
(-6.64859e-06 -1.88891 0)
(-6.12434e-06 -1.88891 0)
(-4.63048e-06 -1.8889 0)
(-4.84905e-06 -1.8889 0)
(-4.10042e-06 -1.8889 0)
(-2.39957e-06 -1.8889 0)
(-2.86463e-06 -1.8889 0)
(-3.08733e-06 -1.8889 0)
(-2.83514e-06 -1.8889 0)
(-1.41026e-06 -1.88889 0)
(-9.35321e-07 -1.88889 0)
(-1.62837e-06 -1.88889 0)
(-1.15712e-06 -1.88889 0)
(-4.60459e-07 -1.88889 0)
(0 -1.88889 0)
(4.5572e-07 -1.88889 0)
(-1.13342e-06 -1.88889 0)
(-1.5786e-06 -1.88889 0)
(-1.79481e-06 -1.88889 0)
(-1.56236e-06 -1.88889 0)
(-2.22042e-07 -1.88889 0)
(6.6269e-07 -1.88889 0)
(8.79028e-07 -1.88889 0)
(1.96761e-06 -1.88889 0)
(2.39245e-06 -1.88889 0)
(2.59648e-06 -1.88889 0)
(3.22885e-06 -1.88889 0)
(3.42634e-06 -1.88889 0)
(3.40866e-06 -1.8889 0)
(2.75525e-06 -1.8889 0)
(2.95188e-06 -1.8889 0)
(1.88785e-06 -1.8889 0)
(1.25207e-06 -1.8889 0)
(1.03801e-06 -1.8889 0)
(4.13062e-07 -1.8889 0)
(4.10931e-07 -1.8889 0)
(0 -1.8889 0)
(-8.13403e-07 -1.8889 0)
(-4.04603e-07 -1.8889 0)
(-2.01258e-07 -1.8889 0)
(2.00219e-07 -1.8889 0)
(1.19512e-06 -1.8889 0)
(9.90793e-07 -1.8889 0)
(3.94273e-07 -1.8889 0)
(1.37283e-06 -1.8889 0)
(1.75597e-06 -1.88891 0)
(1.3587e-06 -1.88891 0)
(1.1586e-06 -1.8889 0)
(3.84206e-07 -1.88891 0)
(5.73336e-07 -1.88891 0)
(9.50629e-07 -1.88891 0)
(9.45725e-07 -1.88891 0)
(1.88169e-07 -1.88891 0)
(7.48793e-07 -1.88891 0)
(3.72465e-07 -1.88891 0)
(-1.11163e-06 -1.88891 0)
(-9.21578e-07 -1.88891 0)
(0 -1.88891 0)
(9.12093e-07 -1.88891 0)
(1.27034e-06 -1.88891 0)
(3.61082e-07 -1.88891 0)
(1.07766e-06 -1.88891 0)
(1.25078e-06 -1.88891 0)
(7.11044e-07 -1.88891 0)
(3.53688e-07 -1.88891 0)
(1.75932e-07 -1.88891 0)
(7.00095e-07 -1.88891 0)
(5.22363e-07 -1.88891 0)
(3.46445e-07 -1.88891 0)
(-3.44658e-07 -1.88891 0)
(5.14319e-07 -1.88891 0)
(1.19389e-06 -1.88891 0)
(8.48376e-07 -1.88891 0)
(1.5192e-06 -1.88891 0)
(1.1755e-06 -1.88891 0)
(0 -1.88891 0)
(-3.32401e-07 -1.88892 0)
(-1.65343e-07 -1.88891 0)
(0 -1.88891 0)
(8.18206e-07 -1.88892 0)
(1.46517e-06 -1.88891 0)
(1.61957e-06 -1.88891 0)
(9.66729e-07 -1.88891 0)
(-3.2058e-07 -1.88892 0)
(1.59463e-07 -1.88892 0)
(9.51843e-07 -1.88892 0)
(6.31288e-07 -1.88892 0)
(1.25606e-06 -1.88892 0)
(0 -1.88892 0)
(-2.02009e-06 -1.88892 0)
(-2.78262e-06 -1.88891 0)
(-1.38413e-06 -1.88892 0)
(6.11996e-07 -1.88891 0)
(7.61048e-07 -1.88891 0)
(0 -1.88891 0)
(-9.03858e-07 -1.88891 0)
(-7.49329e-07 -1.88891 0)
(2.98185e-07 -1.88891 0)
(5.93293e-07 -1.88891 0)
(1.47558e-06 -1.88891 0)
(8.80781e-07 -1.88891 0)
(-2.92079e-07 -1.88892 0)
(-4.35858e-07 -1.88892 0)
(4.33609e-07 -1.88892 0)
(7.22682e-07 -1.88892 0)
(2.90572e-07 -1.88892 0)
(-1.46039e-07 -1.88892 0)
(-4.4039e-07 -1.88892 0)
(-8.85349e-07 -1.88892 0)
(-1.9282e-06 -1.88891 0)
(-1.9382e-06 -1.88891 0)
(-8.99195e-07 -1.88891 0)
(-7.53215e-07 -1.88891 0)
(-4.54273e-07 -1.88891 0)
(1.21768e-06 -1.88891 0)
(2.60098e-06 -1.88891 0)
(3.07585e-06 -1.88891 0)
(2.47344e-06 -1.88892 0)
(1.08774e-06 -1.88892 0)
(-9.37186e-07 -1.88892 0)
(-1.41307e-06 -1.88892 0)
(-7.8911e-07 -1.88892 0)
(-1.5864e-07 -1.88892 0)
(-3.18926e-07 -1.88892 0)
(-6.41161e-07 -1.88892 0)
(-9.66729e-07 -1.88891 0)
(-1.61957e-06 -1.88891 0)
(-1.95356e-06 -1.88891 0)
(-8.18206e-07 -1.88891 0)
(-1.15143e-06 -1.88891 0)
(-4.96029e-07 -1.88891 0)
(-8.31003e-07 -1.88891 0)
(-1.3365e-06 -1.88891 0)
(-1.1755e-06 -1.88891 0)
(-1.5192e-06 -1.88891 0)
(0 -1.88891 0)
(8.52776e-07 -1.88891 0)
(1.20008e-06 -1.88891 0)
(2.06795e-06 -1.88891 0)
(1.21256e-06 -1.88891 0)
(3.48242e-07 -1.88891 0)
(-5.25072e-07 -1.88891 0)
(0 -1.88891 0)
(3.53688e-07 -1.88891 0)
(-5.33283e-07 -1.88891 0)
(-7.14732e-07 -1.88891 0)
(1.7961e-07 -1.88891 0)
(-3.61082e-07 -1.88891 0)
(-5.44432e-07 -1.88891 0)
(-1.82419e-07 -1.88891 0)
(0 -1.88891 0)
(-5.52947e-07 -1.88891 0)
(-1.2969e-06 -1.88891 0)
(-2.04856e-06 -1.88891 0)
(-2.24638e-06 -1.88891 0)
(-1.31718e-06 -1.88891 0)
(-1.51316e-06 -1.88891 0)
(-1.33088e-06 -1.88891 0)
(-1.91112e-07 -1.88891 0)
(-3.84206e-07 -1.88891 0)
(-5.79298e-07 -1.88891 0)
(-9.70504e-07 -1.8889 0)
(-5.85322e-07 -1.88891 0)
(0 -1.88891 0)
(-9.85681e-07 -1.88891 0)
(-1.38711e-06 -1.8889 0)
(-1.3943e-06 -1.8889 0)
(-2.40263e-06 -1.8889 0)
(-2.61635e-06 -1.8889 0)
(-1.41611e-06 -1.8889 0)
(-1.01675e-06 -1.8889 0)
(-1.02203e-06 -1.8889 0)
(-1.43826e-06 -1.8889 0)
(-1.44572e-06 -1.8889 0)
(-1.86842e-06 -1.8889 0)
(-1.46075e-06 -1.8889 0)
(-1.0488e-06 -1.8889 0)
(-1.47594e-06 -1.8889 0)
(-1.27165e-06 -1.88889 0)
(-2.13041e-06 -1.88889 0)
(-2.7839e-06 -1.88889 0)
(-2.15257e-06 -1.88889 0)
(-2.16373e-06 -1.88889 0)
(-8.69981e-07 -1.88889 0)
(-4.37247e-07 -1.88889 0)
(-4.39514e-07 -1.88889 0)
(-2.20897e-07 -1.88889 0)
(-4.44085e-07 -1.88889 0)
(0 -1.88889 0)
(2.24351e-07 -1.88889 0)
(0 -1.88889 0)
(4.53369e-07 -1.88889 0)
(1.1393e-06 -1.88889 0)
(6.87126e-07 -1.88889 0)
(2.3023e-07 -1.88889 0)
(6.94271e-07 -1.88889 0)
(1.16312e-06 -1.88889 0)
(2.10447e-06 -1.88889 0)
(2.11539e-06 -1.88889 0)
(1.41757e-06 -1.88889 0)
(1.42492e-06 -1.88889 0)
(1.90975e-06 -1.88889 0)
(2.15961e-06 -1.88889 0)
(2.89442e-06 -1.8889 0)
(4.84905e-06 -1.8889 0)
(5.60532e-06 -1.8889 0)
(5.63439e-06 -1.8889 0)
(6.40235e-06 -1.8889 0)
(7.67315e-06 -1.88891 0)
(8.95697e-06 -1.88891 0)
(1.02539e-05 -1.88891 0)
(1.10613e-05 -1.88892 0)
(1.21294e-05 -1.88892 0)
(1.39704e-05 -1.88893 0)
(1.63407e-05 -1.88893 0)
(1.8222e-05 -1.88893 0)
(2.01224e-05 -1.88894 0)
(2.20419e-05 -1.88895 0)
(2.34595e-05 -1.88896 0)
(2.62014e-05 -1.88897 0)
(2.87076e-05 -1.88898 0)
(3.17686e-05 -1.88899 0)
(3.37961e-05 -1.889 0)
(3.66463e-05 -1.88901 0)
(3.95251e-05 -1.88902 0)
(4.18923e-05 -1.88903 0)
(4.37396e-05 -1.88904 0)
(4.50588e-05 -1.88905 0)
(4.63905e-05 -1.88907 0)
(4.71829e-05 -1.88908 0)
(4.68729e-05 -1.88908 0)
(4.73948e-05 -1.88909 0)
(4.87615e-05 -1.88909 0)
(5.18313e-05 -1.88908 0)
(5.71969e-05 -1.88907 0)
(6.63168e-05 -1.88905 0)
(7.49575e-05 -1.88902 0)
(7.24705e-05 -1.88898 0)
(3.35324e-05 -1.88895 0)
(-3.98455e-05 -2.10936 0)
(-8.60045e-05 -2.10937 0)
(-8.83776e-05 -2.10939 0)
(-7.67125e-05 -2.1094 0)
(-6.30745e-05 -2.1094 0)
(-5.33887e-05 -2.1094 0)
(-4.65603e-05 -2.1094 0)
(-4.32321e-05 -2.10939 0)
(-4.26677e-05 -2.10938 0)
(-4.04101e-05 -2.10937 0)
(-4.02016e-05 -2.10936 0)
(-4.03303e-05 -2.10934 0)
(-3.74474e-05 -2.10933 0)
(-3.42605e-05 -2.10931 0)
(-3.3091e-05 -2.1093 0)
(-3.12743e-05 -2.10929 0)
(-2.78379e-05 -2.10927 0)
(-2.50877e-05 -2.10926 0)
(-2.33376e-05 -2.10925 0)
(-2.22498e-05 -2.10924 0)
(-1.98895e-05 -2.10923 0)
(-1.7872e-05 -2.10923 0)
(-1.49223e-05 -2.10922 0)
(-1.35819e-05 -2.10921 0)
(-1.31976e-05 -2.1092 0)
(-1.15665e-05 -2.1092 0)
(-9.95182e-06 -2.10919 0)
(-8.9723e-06 -2.10919 0)
(-8.61822e-06 -2.10918 0)
(-6.73652e-06 -2.10918 0)
(-5.17864e-06 -2.10917 0)
(-5.75803e-06 -2.10917 0)
(-4.82385e-06 -2.10917 0)
(-3.89915e-06 -2.10917 0)
(-4.47581e-06 -2.10917 0)
(-2.96848e-06 -2.10916 0)
(-2.06721e-06 -2.10916 0)
(-2.35034e-06 -2.10916 0)
(-2.63049e-06 -2.10916 0)
(-2.90769e-06 -2.10916 0)
(-8.67806e-07 -2.10916 0)
(-2.87776e-07 -2.10916 0)
(-1.43146e-06 -2.10916 0)
(-8.54443e-07 -2.10916 0)
(-2.83345e-07 -2.10916 0)
(2.81883e-07 -2.10916 0)
(5.60858e-07 -2.10915 0)
(-1.11593e-06 -2.10915 0)
(-1.66526e-06 -2.10915 0)
(-1.65666e-06 -2.10915 0)
(-1.64812e-06 -2.10915 0)
(0 -2.10915 0)
(5.43718e-07 -2.10915 0)
(8.11369e-07 -2.10916 0)
(1.61437e-06 -2.10915 0)
(2.14138e-06 -2.10916 0)
(2.13033e-06 -2.10916 0)
(3.17901e-06 -2.10916 0)
(2.89906e-06 -2.10916 0)
(2.35972e-06 -2.10916 0)
(2.34755e-06 -2.10916 0)
(2.07594e-06 -2.10916 0)
(1.54892e-06 -2.10916 0)
(7.70466e-07 -2.10917 0)
(7.66491e-07 -2.10917 0)
(2.54179e-07 -2.10917 0)
(5.05735e-07 -2.10917 0)
(0 -2.10917 0)
(-7.50794e-07 -2.10917 0)
(-2.48974e-07 -2.10917 0)
(-2.47689e-07 -2.10917 0)
(0 -2.10917 0)
(1.2257e-06 -2.10917 0)
(7.31625e-07 -2.10917 0)
(2.42617e-07 -2.10917 0)
(9.6546e-07 -2.10917 0)
(1.44072e-06 -2.10917 0)
(1.67217e-06 -2.10917 0)
(1.18824e-06 -2.10917 0)
(2.36422e-07 -2.10917 0)
(2.35202e-07 -2.10917 0)
(7.01967e-07 -2.10917 0)
(6.98345e-07 -2.10917 0)
(2.31581e-07 -2.10917 0)
(9.21544e-07 -2.10917 0)
(6.87592e-07 -2.10917 0)
(-1.82412e-06 -2.10917 0)
(-9.07353e-07 -2.10917 0)
(2.25668e-07 -2.10917 0)
(8.98015e-07 -2.10917 0)
(1.34007e-06 -2.10917 0)
(2.22193e-07 -2.10917 0)
(2.21047e-07 -2.10917 0)
(1.31944e-06 -2.10918 0)
(8.75086e-07 -2.10918 0)
(4.35286e-07 -2.10918 0)
(0 -2.10918 0)
(6.46209e-07 -2.10917 0)
(6.42875e-07 -2.10918 0)
(0 -2.10918 0)
(-8.48344e-07 -2.10918 0)
(6.32975e-07 -2.10918 0)
(1.04952e-06 -2.10918 0)
(6.26461e-07 -2.10918 0)
(1.4542e-06 -2.10918 0)
(8.26684e-07 -2.10918 0)
(-4.11209e-07 -2.10918 0)
(-2.04544e-07 -2.10918 0)
(0 -2.10918 0)
(0 -2.10918 0)
(1.00697e-06 -2.10918 0)
(1.20213e-06 -2.10918 0)
(1.59457e-06 -2.10918 0)
(9.91465e-07 -2.10918 0)
(-7.8908e-07 -2.10918 0)
(1.96252e-07 -2.10918 0)
(7.80959e-07 -2.10918 0)
(5.82697e-07 -2.10918 0)
(1.15938e-06 -2.10918 0)
(1.92233e-07 -2.10918 0)
(-1.33869e-06 -2.10918 0)
(-2.85382e-06 -2.10918 0)
(-1.51419e-06 -2.10918 0)
(1.12978e-06 -2.10918 0)
(7.49301e-07 -2.10918 0)
(1.86359e-07 -2.10918 0)
(-9.26986e-07 -2.10918 0)
(-5.53322e-07 -2.10918 0)
(0 -2.10918 0)
(3.65085e-07 -2.10918 0)
(1.2712e-06 -2.10918 0)
(7.22654e-07 -2.10918 0)
(-5.39195e-07 -2.10918 0)
(-8.94021e-07 -2.10918 0)
(8.89408e-07 -2.10918 0)
(8.89408e-07 -2.10918 0)
(1.78804e-07 -2.10918 0)
(0 -2.10918 0)
(-5.41991e-07 -2.10918 0)
(-9.08003e-07 -2.10918 0)
(-1.2778e-06 -2.10918 0)
(-1.83489e-06 -2.10918 0)
(-7.37763e-07 -2.10918 0)
(-1.85397e-07 -2.10918 0)
(-3.72717e-07 -2.10918 0)
(7.49301e-07 -2.10918 0)
(2.07126e-06 -2.10918 0)
(2.46055e-06 -2.10918 0)
(2.0928e-06 -2.10918 0)
(7.64966e-07 -2.10918 0)
(-9.61166e-07 -2.10918 0)
(-1.35261e-06 -2.10918 0)
(-1.94232e-07 -2.10918 0)
(-1.9524e-07 -2.10918 0)
(0 -2.10918 0)
(-1.9727e-07 -2.10918 0)
(-9.91465e-07 -2.10918 0)
(-1.79389e-06 -2.10918 0)
(-1.60284e-06 -2.10918 0)
(-2.01394e-07 -2.10918 0)
(-1.01219e-06 -2.10918 0)
(-8.13954e-07 -2.10918 0)
(-4.09088e-07 -2.10917 0)
(-1.23363e-06 -2.10918 0)
(-1.03335e-06 -2.10918 0)
(-1.24646e-06 -2.10917 0)
(-2.0882e-07 -2.10918 0)
(6.2971e-07 -2.10918 0)
(1.05496e-06 -2.10917 0)
(2.12086e-06 -2.10918 0)
(1.06593e-06 -2.10918 0)
(2.14292e-07 -2.10918 0)
(-8.61611e-07 -2.10918 0)
(0 -2.10918 0)
(2.17643e-07 -2.10918 0)
(-4.37543e-07 -2.10918 0)
(-6.59719e-07 -2.10918 0)
(2.21047e-07 -2.10918 0)
(-4.44386e-07 -2.10918 0)
(-4.46691e-07 -2.10918 0)
(-2.24504e-07 -2.10918 0)
(2.25668e-07 -2.10918 0)
(-2.26838e-07 -2.10918 0)
(-9.12059e-07 -2.10918 0)
(-1.60438e-06 -2.10917 0)
(-1.84309e-06 -2.10917 0)
(-1.38948e-06 -2.10917 0)
(-1.39669e-06 -2.10917 0)
(-9.35956e-07 -2.10917 0)
(0 -2.10917 0)
(-4.72844e-07 -2.10917 0)
(0 -2.10917 0)
(-9.55523e-07 -2.10917 0)
(-1.2006e-06 -2.10917 0)
(2.41365e-07 -2.10917 0)
(-7.2785e-07 -2.10917 0)
(-1.46325e-06 -2.10917 0)
(-9.80559e-07 -2.10917 0)
(-1.23206e-06 -2.10917 0)
(-1.73382e-06 -2.10917 0)
(-1.74281e-06 -2.10916 0)
(-1.00106e-06 -2.10916 0)
(-1.00625e-06 -2.10916 0)
(-1.01147e-06 -2.10916 0)
(-1.01671e-06 -2.10916 0)
(-1.53298e-06 -2.10916 0)
(-1.28411e-06 -2.10916 0)
(-1.03262e-06 -2.10916 0)
(-1.29746e-06 -2.10916 0)
(-7.82515e-07 -2.10916 0)
(-1.31096e-06 -2.10916 0)
(-2.10841e-06 -2.10915 0)
(-2.38426e-06 -2.10915 0)
(-1.86404e-06 -2.10915 0)
(-5.35345e-07 -2.10915 0)
(-2.69061e-07 -2.10915 0)
(-5.40913e-07 -2.10915 0)
(-8.15577e-07 -2.10915 0)
(-5.46538e-07 -2.10915 0)
(0 -2.10915 0)
(5.52221e-07 -2.10915 0)
(-5.55085e-07 -2.10915 0)
(8.36946e-07 -2.10915 0)
(8.41286e-07 -2.10915 0)
(8.45649e-07 -2.10915 0)
(5.6669e-07 -2.10916 0)
(2.84814e-07 -2.10915 0)
(5.72583e-07 -2.10916 0)
(1.72666e-06 -2.10916 0)
(2.02488e-06 -2.10916 0)
(1.74461e-06 -2.10916 0)
(1.16911e-06 -2.10916 0)
(2.05655e-06 -2.10916 0)
(1.18127e-06 -2.10916 0)
(2.07794e-06 -2.10916 0)
(4.47581e-06 -2.10916 0)
(4.79896e-06 -2.10916 0)
(3.91938e-06 -2.10916 0)
(4.84886e-06 -2.10917 0)
(6.70176e-06 -2.10917 0)
(7.65514e-06 -2.10917 0)
(7.69484e-06 -2.10918 0)
(9.28169e-06 -2.10918 0)
(1.02628e-05 -2.10919 0)
(1.21917e-05 -2.10919 0)
(1.3826e-05 -2.1092 0)
(1.48453e-05 -2.1092 0)
(1.65098e-05 -2.10921 0)
(1.7872e-05 -2.10922 0)
(1.95687e-05 -2.10923 0)
(2.12825e-05 -2.10924 0)
(2.39859e-05 -2.10925 0)
(2.6391e-05 -2.10926 0)
(2.81654e-05 -2.10927 0)
(3.09451e-05 -2.10929 0)
(3.3091e-05 -2.1093 0)
(3.49258e-05 -2.10931 0)
(3.74474e-05 -2.10933 0)
(3.86498e-05 -2.10934 0)
(4.02016e-05 -2.10935 0)
(4.10892e-05 -2.10937 0)
(4.26677e-05 -2.10938 0)
(4.46045e-05 -2.10939 0)
(4.82848e-05 -2.1094 0)
(5.37354e-05 -2.1094 0)
(6.2726e-05 -2.1094 0)
(7.46107e-05 -2.1094 0)
(8.59128e-05 -2.10939 0)
(8.42348e-05 -2.10938 0)
(3.87782e-05 -2.10937 0)
(-4.07191e-05 -2.28843 0)
(-8.75518e-05 -2.28842 0)
(-8.88334e-05 -2.28842 0)
(-7.58732e-05 -2.2884 0)
(-6.13289e-05 -2.28839 0)
(-5.0346e-05 -2.28838 0)
(-4.2446e-05 -2.28837 0)
(-3.84265e-05 -2.28836 0)
(-3.65479e-05 -2.28834 0)
(-3.46877e-05 -2.28832 0)
(-3.40929e-05 -2.28831 0)
(-3.3917e-05 -2.28829 0)
(-3.04501e-05 -2.28827 0)
(-2.82462e-05 -2.28826 0)
(-2.76932e-05 -2.28824 0)
(-2.59297e-05 -2.28823 0)
(-2.29745e-05 -2.28821 0)
(-2.00491e-05 -2.2882 0)
(-1.95468e-05 -2.28819 0)
(-1.82553e-05 -2.28818 0)
(-1.69767e-05 -2.28817 0)
(-1.3747e-05 -2.28816 0)
(-1.17223e-05 -2.28815 0)
(-1.08844e-05 -2.28814 0)
(-1.08282e-05 -2.28813 0)
(-9.61818e-06 -2.28813 0)
(-7.65485e-06 -2.28812 0)
(-6.09228e-06 -2.28811 0)
(-7.57606e-06 -2.28811 0)
(-5.65273e-06 -2.28811 0)
(-4.12395e-06 -2.2881 0)
(-4.47564e-06 -2.2881 0)
(-4.45255e-06 -2.2881 0)
(-3.32218e-06 -2.2881 0)
(-3.67227e-06 -2.28809 0)
(-2.55733e-06 -2.28809 0)
(-1.45379e-06 -2.28809 0)
(-1.44629e-06 -2.28809 0)
(-2.51795e-06 -2.28809 0)
(-2.50496e-06 -2.28809 0)
(-3.56005e-07 -2.28809 0)
(0 -2.28808 0)
(-1.05702e-06 -2.28808 0)
(-1.05157e-06 -2.28808 0)
(-3.48714e-07 -2.28808 0)
(6.9383e-07 -2.28808 0)
(6.90251e-07 -2.28808 0)
(-1.03003e-06 -2.28808 0)
(-1.70787e-06 -2.28808 0)
(-1.35924e-06 -2.28808 0)
(-1.35223e-06 -2.28808 0)
(-3.36313e-07 -2.28808 0)
(3.34578e-07 -2.28808 0)
(6.65704e-07 -2.28808 0)
(1.65567e-06 -2.28808 0)
(1.64713e-06 -2.28808 0)
(1.63863e-06 -2.28808 0)
(2.28225e-06 -2.28809 0)
(2.91918e-06 -2.28809 0)
(2.25876e-06 -2.28809 0)
(1.60508e-06 -2.28809 0)
(2.23551e-06 -2.28809 0)
(6.35423e-07 -2.28809 0)
(3.16072e-07 -2.28809 0)
(3.14442e-07 -2.2881 0)
(-3.12819e-07 -2.2881 0)
(6.2241e-07 -2.2881 0)
(3.096e-07 -2.2881 0)
(-6.16005e-07 -2.2881 0)
(0 -2.28809 0)
(0 -2.2881 0)
(0 -2.28809 0)
(9.05085e-07 -2.28809 0)
(6.00277e-07 -2.2881 0)
(0 -2.28809 0)
(5.94099e-07 -2.2881 0)
(1.18207e-06 -2.2881 0)
(1.76395e-06 -2.2881 0)
(1.46238e-06 -2.2881 0)
(-2.90966e-07 -2.2881 0)
(-2.89465e-07 -2.2881 0)
(1.15189e-06 -2.2881 0)
(8.59457e-07 -2.2881 0)
(0 -2.2881 0)
(1.13415e-06 -2.2881 0)
(2.82074e-07 -2.2881 0)
(-1.96433e-06 -2.2881 0)
(-5.58342e-07 -2.2881 0)
(2.77731e-07 -2.2881 0)
(8.28894e-07 -2.2881 0)
(1.37436e-06 -2.2881 0)
(-2.73454e-07 -2.2881 0)
(0 -2.2881 0)
(1.08256e-06 -2.2881 0)
(8.0773e-07 -2.2881 0)
(5.35709e-07 -2.2881 0)
(-2.66472e-07 -2.2881 0)
(7.95293e-07 -2.28811 0)
(7.91189e-07 -2.2881 0)
(-2.62369e-07 -2.2881 0)
(-1.30508e-06 -2.28811 0)
(5.19337e-07 -2.28811 0)
(1.03332e-06 -2.2881 0)
(5.13992e-07 -2.28811 0)
(1.27835e-06 -2.28811 0)
(7.63053e-07 -2.28811 0)
(-7.59117e-07 -2.28811 0)
(0 -2.28811 0)
(2.50435e-07 -2.28811 0)
(0 -2.28811 0)
(4.95714e-07 -2.28811 0)
(9.86313e-07 -2.28811 0)
(1.96245e-06 -2.28811 0)
(9.76162e-07 -2.28811 0)
(-1.21391e-06 -2.28811 0)
(2.41529e-07 -2.28811 0)
(4.80565e-07 -2.28811 0)
(4.78086e-07 -2.28811 0)
(1.18905e-06 -2.28811 0)
(4.73165e-07 -2.28811 0)
(-9.41448e-07 -2.28811 0)
(-2.34148e-06 -2.28811 0)
(-1.39764e-06 -2.28811 0)
(9.26951e-07 -2.28811 0)
(6.91626e-07 -2.28811 0)
(0 -2.28811 0)
(-9.12678e-07 -2.28811 0)
(-6.80977e-07 -2.28811 0)
(2.25821e-07 -2.28811 0)
(2.24656e-07 -2.28811 0)
(1.11748e-06 -2.28811 0)
(4.44687e-07 -2.28811 0)
(-6.6359e-07 -2.28811 0)
(-6.60166e-07 -2.28811 0)
(8.7568e-07 -2.28811 0)
(6.5676e-07 -2.28811 0)
(2.20055e-07 -2.28811 0)
(0 -2.28811 0)
(-4.44687e-07 -2.28811 0)
(-6.70491e-07 -2.28811 0)
(-1.12328e-06 -2.28811 0)
(-1.58075e-06 -2.28811 0)
(-4.53984e-07 -2.28811 0)
(0 -2.28811 0)
(-2.29353e-07 -2.28811 0)
(6.91626e-07 -2.28811 0)
(1.62216e-06 -2.28811 0)
(1.86352e-06 -2.28811 0)
(1.63903e-06 -2.28811 0)
(4.70724e-07 -2.28811 0)
(-9.4633e-07 -2.28811 0)
(-1.18905e-06 -2.28811 0)
(0 -2.28811 0)
(0 -2.28811 0)
(2.41529e-07 -2.28811 0)
(2.42781e-07 -2.28811 0)
(-9.76162e-07 -2.28811 0)
(-1.71714e-06 -2.28811 0)
(-1.47947e-06 -2.28811 0)
(2.47857e-07 -2.28811 0)
(-9.9657e-07 -2.28811 0)
(-5.00869e-07 -2.28811 0)
(-2.51733e-07 -2.2881 0)
(-1.26519e-06 -2.2881 0)
(-1.27176e-06 -2.2881 0)
(-1.02268e-06 -2.2881 0)
(0 -2.2881 0)
(5.16658e-07 -2.2881 0)
(1.03867e-06 -2.28811 0)
(1.82711e-06 -2.2881 0)
(7.87107e-07 -2.28811 0)
(0 -2.28811 0)
(-1.06039e-06 -2.28811 0)
(-2.66472e-07 -2.28811 0)
(5.35709e-07 -2.28811 0)
(-5.38487e-07 -2.28811 0)
(-5.4128e-07 -2.28811 0)
(2.72043e-07 -2.28811 0)
(-2.73454e-07 -2.28811 0)
(-5.49745e-07 -2.28811 0)
(0 -2.28811 0)
(5.55462e-07 -2.2881 0)
(0 -2.2881 0)
(-8.41857e-07 -2.2881 0)
(-1.1283e-06 -2.2881 0)
(-1.98476e-06 -2.2881 0)
(-8.55023e-07 -2.2881 0)
(-1.14594e-06 -2.2881 0)
(-8.63915e-07 -2.2881 0)
(-2.89465e-07 -2.2881 0)
(-2.90966e-07 -2.2881 0)
(5.8495e-07 -2.2881 0)
(-1.17597e-06 -2.2881 0)
(-1.18207e-06 -2.2881 0)
(2.97049e-07 -2.2881 0)
(-5.9718e-07 -2.2881 0)
(-1.50069e-06 -2.2881 0)
(-3.01695e-07 -2.2881 0)
(-6.06519e-07 -2.28809 0)
(-1.82899e-06 -2.28809 0)
(-1.22565e-06 -2.28809 0)
(-6.16005e-07 -2.28809 0)
(-9.28799e-07 -2.28809 0)
(-9.33616e-07 -2.28809 0)
(-9.38458e-07 -2.28809 0)
(-9.43325e-07 -2.28809 0)
(-6.32145e-07 -2.28809 0)
(-1.58856e-06 -2.28808 0)
(-9.58077e-07 -2.28809 0)
(-3.21015e-07 -2.28809 0)
(-1.29072e-06 -2.28808 0)
(-1.29741e-06 -2.28808 0)
(-2.28225e-06 -2.28808 0)
(-1.63863e-06 -2.28808 0)
(-3.29426e-07 -2.28808 0)
(-6.6227e-07 -2.28808 0)
(-6.65704e-07 -2.28808 0)
(-6.69157e-07 -2.28808 0)
(-3.36313e-07 -2.28808 0)
(0 -2.28808 0)
(3.39811e-07 -2.28808 0)
(-3.41573e-07 -2.28808 0)
(3.43345e-07 -2.28808 0)
(1.03538e-06 -2.28808 0)
(6.9383e-07 -2.28808 0)
(3.48714e-07 -2.28808 0)
(3.50523e-07 -2.28808 0)
(1.05702e-06 -2.28808 0)
(1.0625e-06 -2.28808 0)
(1.42402e-06 -2.28808 0)
(1.4314e-06 -2.28808 0)
(2.15824e-06 -2.28808 0)
(1.08472e-06 -2.28808 0)
(0 -2.28808 0)
(1.82666e-06 -2.28809 0)
(4.77395e-06 -2.28809 0)
(4.06045e-06 -2.28809 0)
(2.96837e-06 -2.28809 0)
(2.98376e-06 -2.2881 0)
(5.24866e-06 -2.2881 0)
(6.78328e-06 -2.2881 0)
(6.06085e-06 -2.28811 0)
(6.85382e-06 -2.28811 0)
(8.42033e-06 -2.28812 0)
(1.03876e-05 -2.28812 0)
(1.19884e-05 -2.28813 0)
(1.20506e-05 -2.28814 0)
(1.3676e-05 -2.28814 0)
(1.3747e-05 -2.28815 0)
(1.61871e-05 -2.28816 0)
(1.74616e-05 -2.28817 0)
(1.87489e-05 -2.28818 0)
(2.2054e-05 -2.2882 0)
(2.33776e-05 -2.28821 0)
(2.3904e-05 -2.28822 0)
(2.7286e-05 -2.28824 0)
(2.94743e-05 -2.28826 0)
(3.12731e-05 -2.28827 0)
(3.26762e-05 -2.28829 0)
(3.36772e-05 -2.28831 0)
(3.46877e-05 -2.28832 0)
(3.65479e-05 -2.28834 0)
(4.01156e-05 -2.28835 0)
(4.45683e-05 -2.28837 0)
(5.0346e-05 -2.28838 0)
(5.96135e-05 -2.28839 0)
(7.37177e-05 -2.28841 0)
(8.66667e-05 -2.28842 0)
(8.49383e-05 -2.28843 0)
(3.94056e-05 -2.28843 0)
(-3.82585e-05 -2.43392 0)
(-8.25551e-05 -2.43389 0)
(-8.15959e-05 -2.43387 0)
(-6.97679e-05 -2.43384 0)
(-5.54208e-05 -2.43381 0)
(-4.43705e-05 -2.43379 0)
(-3.70893e-05 -2.43377 0)
(-3.22208e-05 -2.43375 0)
(-2.99865e-05 -2.43373 0)
(-2.90603e-05 -2.43371 0)
(-2.7887e-05 -2.43369 0)
(-2.77431e-05 -2.43367 0)
(-2.48146e-05 -2.43365 0)
(-2.29233e-05 -2.43363 0)
(-2.20532e-05 -2.43361 0)
(-2.11915e-05 -2.4336 0)
(-1.86019e-05 -2.43358 0)
(-1.62852e-05 -2.43357 0)
(-1.49738e-05 -2.43356 0)
(-1.48966e-05 -2.43354 0)
(-1.38479e-05 -2.43353 0)
(-1.03928e-05 -2.43352 0)
(-8.89649e-06 -2.43351 0)
(-8.61138e-06 -2.4335 0)
(-9.04289e-06 -2.4335 0)
(-8.04927e-06 -2.43349 0)
(-5.88804e-06 -2.43349 0)
(-3.98321e-06 -2.43348 0)
(-5.59434e-06 -2.43347 0)
(-5.10169e-06 -2.43347 0)
(-3.22978e-06 -2.43347 0)
(-4.13115e-06 -2.43346 0)
(-3.88151e-06 -2.43346 0)
(-2.72575e-06 -2.43346 0)
(-2.71169e-06 -2.43346 0)
(-2.47289e-06 -2.43345 0)
(-4.47297e-07 -2.43346 0)
(-6.67484e-07 -2.43345 0)
(-2.43481e-06 -2.43345 0)
(-2.20205e-06 -2.43345 0)
(-2.19068e-07 -2.43345 0)
(4.35876e-07 -2.43345 0)
(-8.67255e-07 -2.43344 0)
(-1.07848e-06 -2.43344 0)
(-4.29165e-07 -2.43345 0)
(1.06738e-06 -2.43344 0)
(8.49495e-07 -2.43345 0)
(-1.05639e-06 -2.43344 0)
(-1.89169e-06 -2.43345 0)
(-1.25462e-06 -2.43344 0)
(-8.32099e-07 -2.43344 0)
(0 -2.43344 0)
(2.05884e-07 -2.43344 0)
(0 -2.43344 0)
(1.63012e-06 -2.43344 0)
(1.41899e-06 -2.43345 0)
(1.00834e-06 -2.43345 0)
(1.80564e-06 -2.43345 0)
(2.79429e-06 -2.43345 0)
(2.18418e-06 -2.43345 0)
(1.38276e-06 -2.43345 0)
(1.17911e-06 -2.43345 0)
(3.91009e-07 -2.43345 0)
(-3.88992e-07 -2.43346 0)
(3.86985e-07 -2.43346 0)
(0 -2.43346 0)
(3.83002e-07 -2.43346 0)
(0 -2.43346 0)
(-3.7906e-07 -2.43346 0)
(5.65657e-07 -2.43346 0)
(-5.62738e-07 -2.43346 0)
(3.73223e-07 -2.43346 0)
(9.28244e-07 -2.43346 0)
(5.54073e-07 -2.43346 0)
(-3.67476e-07 -2.43346 0)
(1.8279e-07 -2.43346 0)
(9.09235e-07 -2.43346 0)
(2.17091e-06 -2.43346 0)
(1.4398e-06 -2.43346 0)
(-5.37141e-07 -2.43346 0)
(-3.56246e-07 -2.43346 0)
(8.8602e-07 -2.43346 0)
(5.28869e-07 -2.43346 0)
(1.7538e-07 -2.43346 0)
(1.22133e-06 -2.43346 0)
(0 -2.43346 0)
(-2.07216e-06 -2.43346 0)
(-3.43578e-07 -2.43346 0)
(3.41805e-07 -2.43346 0)
(5.10062e-07 -2.43346 0)
(1.184e-06 -2.43346 0)
(-1.68271e-07 -2.43347 0)
(-1.67403e-07 -2.43347 0)
(1.49885e-06 -2.43347 0)
(4.97039e-07 -2.43347 0)
(0 -2.43347 0)
(0 -2.43347 0)
(6.52514e-07 -2.43347 0)
(8.11434e-07 -2.43347 0)
(-6.45798e-07 -2.43347 0)
(-1.60617e-06 -2.43347 0)
(1.11852e-06 -2.43347 0)
(9.53781e-07 -2.43347 0)
(-4.7443e-07 -2.43347 0)
(1.41595e-06 -2.43347 0)
(7.82579e-07 -2.43347 0)
(-6.22833e-07 -2.43347 0)
(-1.54905e-07 -2.43347 0)
(1.54106e-07 -2.43347 0)
(3.06621e-07 -2.43347 0)
(6.10078e-07 -2.43347 0)
(4.55198e-07 -2.43347 0)
(2.1133e-06 -2.43347 0)
(1.0512e-06 -2.43347 0)
(-1.34457e-06 -2.43347 0)
(0 -2.43348 0)
(2.95717e-07 -2.43348 0)
(4.41287e-07 -2.43347 0)
(1.31703e-06 -2.43348 0)
(2.91164e-07 -2.43348 0)
(-5.79323e-07 -2.43347 0)
(-2.01717e-06 -2.43347 0)
(-1.57674e-06 -2.43347 0)
(1.2834e-06 -2.43347 0)
(8.51189e-07 -2.43347 0)
(-2.82266e-07 -2.43347 0)
(-1.26364e-06 -2.43347 0)
(-4.19041e-07 -2.43347 0)
(2.77919e-07 -2.43347 0)
(1.38243e-07 -2.43347 0)
(8.25177e-07 -2.43347 0)
(4.1046e-07 -2.43347 0)
(-6.8057e-07 -2.43348 0)
(-5.41647e-07 -2.43347 0)
(8.08278e-07 -2.43347 0)
(8.08278e-07 -2.43347 0)
(2.70823e-07 -2.43347 0)
(0 -2.43347 0)
(-9.57739e-07 -2.43348 0)
(-4.12588e-07 -2.43348 0)
(-5.52971e-07 -2.43347 0)
(-1.66752e-06 -2.43347 0)
(-4.19041e-07 -2.43347 0)
(4.21214e-07 -2.43347 0)
(-2.82266e-07 -2.43347 0)
(5.67459e-07 -2.43347 0)
(1.2834e-06 -2.43347 0)
(1.57674e-06 -2.43347 0)
(1.44083e-06 -2.43348 0)
(4.34492e-07 -2.43348 0)
(-7.27909e-07 -2.43348 0)
(-1.6097e-06 -2.43348 0)
(-1.47096e-07 -2.43347 0)
(0 -2.43348 0)
(7.43127e-07 -2.43347 0)
(5.97585e-07 -2.43347 0)
(-7.50855e-07 -2.43347 0)
(-1.96235e-06 -2.43347 0)
(-1.36559e-06 -2.43347 0)
(4.57559e-07 -2.43347 0)
(-7.66553e-07 -2.43347 0)
(-4.62317e-07 -2.43347 0)
(0 -2.43347 0)
(-9.34249e-07 -2.43347 0)
(-1.09561e-06 -2.43347 0)
(-1.25862e-06 -2.43347 0)
(1.58143e-07 -2.43347 0)
(4.7689e-07 -2.43346 0)
(6.39152e-07 -2.43347 0)
(1.76678e-06 -2.43347 0)
(6.45798e-07 -2.43347 0)
(-3.24574e-07 -2.43347 0)
(-9.78771e-07 -2.43347 0)
(-1.63975e-07 -2.43347 0)
(6.593e-07 -2.43347 0)
(-6.62719e-07 -2.43347 0)
(-6.66156e-07 -2.43347 0)
(6.69611e-07 -2.43347 0)
(-1.68271e-07 -2.43347 0)
(-6.76574e-07 -2.43347 0)
(3.40041e-07 -2.43347 0)
(5.12707e-07 -2.43347 0)
(-1.71789e-07 -2.43347 0)
(-6.90719e-07 -2.43347 0)
(-8.67876e-07 -2.43347 0)
(-1.3958e-06 -2.43346 0)
(-8.76901e-07 -2.43346 0)
(-1.23403e-06 -2.43346 0)
(-8.8602e-07 -2.43346 0)
(0 -2.43346 0)
(0 -2.43346 0)
(5.39926e-07 -2.43346 0)
(-1.08545e-06 -2.43346 0)
(-9.09235e-07 -2.43346 0)
(7.3116e-07 -2.43346 0)
(-9.1869e-07 -2.43346 0)
(-1.47753e-06 -2.43346 0)
(0 -2.43346 0)
(-1.86612e-07 -2.43345 0)
(-1.12548e-06 -2.43346 0)
(-9.42761e-07 -2.43345 0)
(-7.5812e-07 -2.43345 0)
(-1.33359e-06 -2.43345 0)
(-9.57505e-07 -2.43345 0)
(-5.77483e-07 -2.43345 0)
(-3.86985e-07 -2.43345 0)
(0 -2.43345 0)
(-1.36853e-06 -2.43345 0)
(-1.17911e-06 -2.43345 0)
(0 -2.43345 0)
(-7.94249e-07 -2.43344 0)
(-1.39714e-06 -2.43344 0)
(-2.2069e-06 -2.43344 0)
(-4.03335e-07 -2.43344 0)
(-4.05427e-07 -2.43344 0)
(-6.11294e-07 -2.43344 0)
(-8.19286e-07 -2.43344 0)
(-8.23535e-07 -2.43344 0)
(-8.27806e-07 -2.43344 0)
(-2.08025e-07 -2.43344 0)
(4.18207e-07 -2.43344 0)
(-2.10188e-07 -2.43344 0)
(6.33834e-07 -2.43344 0)
(6.37121e-07 -2.43344 0)
(6.40426e-07 -2.43344 0)
(2.14582e-07 -2.43344 0)
(4.3139e-07 -2.43344 0)
(1.08407e-06 -2.43344 0)
(1.30763e-06 -2.43344 0)
(1.09534e-06 -2.43344 0)
(1.10102e-06 -2.43345 0)
(1.77077e-06 -2.43344 0)
(1.33497e-06 -2.43345 0)
(-6.70945e-07 -2.43345 0)
(1.12404e-06 -2.43345 0)
(4.29351e-06 -2.43345 0)
(3.86148e-06 -2.43345 0)
(1.82659e-06 -2.43346 0)
(2.52459e-06 -2.43346 0)
(3.92188e-06 -2.43346 0)
(5.10169e-06 -2.43347 0)
(4.89505e-06 -2.43347 0)
(5.38905e-06 -2.43348 0)
(6.12356e-06 -2.43348 0)
(8.75949e-06 -2.43349 0)
(9.75681e-06 -2.43349 0)
(1.02858e-05 -2.4335 0)
(1.10605e-05 -2.43351 0)
(1.06345e-05 -2.43352 0)
(1.19044e-05 -2.43353 0)
(1.41639e-05 -2.43354 0)
(1.52193e-05 -2.43355 0)
(1.75189e-05 -2.43357 0)
(1.86019e-05 -2.43358 0)
(1.99449e-05 -2.4336 0)
(2.18026e-05 -2.43361 0)
(2.31752e-05 -2.43363 0)
(2.55743e-05 -2.43365 0)
(2.64705e-05 -2.43367 0)
(2.81428e-05 -2.43369 0)
(2.85459e-05 -2.43371 0)
(3.0245e-05 -2.43373 0)
(3.37798e-05 -2.43375 0)
(3.89177e-05 -2.43377 0)
(4.4633e-05 -2.43378 0)
(5.33096e-05 -2.43381 0)
(6.73804e-05 -2.43384 0)
(7.9196e-05 -2.43386 0)
(7.90706e-05 -2.43389 0)
(3.77197e-05 -2.43391 0)
(-3.44848e-05 -2.55212 0)
(-7.2902e-05 -2.55209 0)
(-7.15414e-05 -2.55204 0)
(-5.97455e-05 -2.552 0)
(-4.70951e-05 -2.55196 0)
(-3.71586e-05 -2.55193 0)
(-2.98949e-05 -2.5519 0)
(-2.65428e-05 -2.55187 0)
(-2.38607e-05 -2.55185 0)
(-2.34211e-05 -2.55183 0)
(-2.26705e-05 -2.5518 0)
(-2.19271e-05 -2.55178 0)
(-2.02558e-05 -2.55176 0)
(-1.73611e-05 -2.55174 0)
(-1.72715e-05 -2.55172 0)
(-1.71824e-05 -2.55171 0)
(-1.49571e-05 -2.55169 0)
(-1.21468e-05 -2.55167 0)
(-1.17821e-05 -2.55166 0)
(-1.17213e-05 -2.55165 0)
(-1.07638e-05 -2.55163 0)
(-8.03121e-06 -2.55163 0)
(-6.51019e-06 -2.55162 0)
(-6.4766e-06 -2.55161 0)
(-7.3218e-06 -2.5516 0)
(-6.99267e-06 -2.55159 0)
(-4.34787e-06 -2.55159 0)
(-2.3069e-06 -2.55158 0)
(-4.01624e-06 -2.55157 0)
(-4.56631e-06 -2.55157 0)
(-1.98745e-06 -2.55157 0)
(-3.38949e-06 -2.55156 0)
(-4.496e-06 -2.55156 0)
(-1.6773e-06 -2.55156 0)
(-2.22486e-06 -2.55156 0)
(-1.93671e-06 -2.55155 0)
(-2.75245e-07 -2.55155 0)
(0 -2.55155 0)
(-2.1793e-06 -2.55155 0)
(-2.16806e-06 -2.55155 0)
(2.69609e-07 -2.55155 0)
(1.07287e-06 -2.55155 0)
(-8.00502e-07 -2.55155 0)
(-1.06183e-06 -2.55154 0)
(-7.92263e-07 -2.55155 0)
(1.0509e-06 -2.55154 0)
(5.22739e-07 -2.55154 0)
(-7.80063e-07 -2.55155 0)
(-1.2934e-06 -2.55154 0)
(-1.02938e-06 -2.55154 0)
(-7.68052e-07 -2.55154 0)
(2.54696e-07 -2.55154 0)
(-2.53382e-07 -2.55154 0)
(2.52075e-07 -2.55154 0)
(7.52323e-07 -2.55154 0)
(9.97922e-07 -2.55154 0)
(7.4458e-07 -2.55155 0)
(1.9753e-06 -2.55155 0)
(2.70203e-06 -2.55155 0)
(1.46623e-06 -2.55155 0)
(9.72443e-07 -2.55155 0)
(1.20928e-06 -2.55155 0)
(2.40609e-07 -2.55155 0)
(-7.18102e-07 -2.55155 0)
(2.38132e-07 -2.55156 0)
(-2.36904e-07 -2.55156 0)
(4.71363e-07 -2.55156 0)
(2.34465e-07 -2.55156 0)
(-4.66511e-07 -2.55156 0)
(2.32052e-07 -2.55156 0)
(-2.30855e-07 -2.55156 0)
(0 -2.55156 0)
(9.13916e-07 -2.55156 0)
(2.273e-07 -2.55156 0)
(-4.52255e-07 -2.55156 0)
(4.49922e-07 -2.55156 0)
(8.95201e-07 -2.55156 0)
(1.78116e-06 -2.55156 0)
(1.55048e-06 -2.55156 0)
(-6.61062e-07 -2.55156 0)
(-4.38434e-07 -2.55156 0)
(6.54258e-07 -2.55156 0)
(4.33922e-07 -2.55156 0)
(2.15841e-07 -2.55156 0)
(1.28837e-06 -2.55156 0)
(-2.1362e-07 -2.55156 0)
(-2.12518e-06 -2.55157 0)
(-4.22843e-07 -2.55157 0)
(6.30992e-07 -2.55157 0)
(4.18491e-07 -2.55156 0)
(1.04083e-06 -2.55156 0)
(-6.21276e-07 -2.55157 0)
(0 -2.55157 0)
(1.43472e-06 -2.55157 0)
(4.07806e-07 -2.55157 0)
(-2.02851e-07 -2.55157 0)
(2.01804e-07 -2.55157 0)
(6.0229e-07 -2.55157 0)
(9.98637e-07 -2.55156 0)
(-9.93484e-07 -2.55157 0)
(-1.58137e-06 -2.55157 0)
(9.83259e-07 -2.55157 0)
(7.82549e-07 -2.55157 0)
(-5.83884e-07 -2.55157 0)
(1.16174e-06 -2.55157 0)
(9.63124e-07 -2.55157 0)
(-7.66524e-07 -2.55157 0)
(0 -2.55157 0)
(1.89659e-07 -2.55157 0)
(1.8868e-07 -2.55157 0)
(5.6312e-07 -2.55157 0)
(1.86738e-07 -2.55157 0)
(2.04352e-06 -2.55158 0)
(7.39265e-07 -2.55158 0)
(-1.65476e-06 -2.55158 0)
(0 -2.55158 0)
(9.09852e-07 -2.55158 0)
(1.81032e-07 -2.55158 0)
(9.00488e-07 -2.55158 0)
(7.16673e-07 -2.55158 0)
(0 -2.55157 0)
(-1.95057e-06 -2.55157 0)
(-1.76409e-06 -2.55157 0)
(1.22849e-06 -2.55158 0)
(6.98375e-07 -2.55157 0)
(-1.73693e-07 -2.55157 0)
(-1.20958e-06 -2.55157 0)
(-5.15716e-07 -2.55157 0)
(3.42037e-07 -2.55158 0)
(0 -2.55157 0)
(8.46291e-07 -2.55158 0)
(3.3677e-07 -2.55158 0)
(-1.0051e-06 -2.55158 0)
(-3.33304e-07 -2.55158 0)
(9.94753e-07 -2.55157 0)
(9.94753e-07 -2.55157 0)
(1.66652e-07 -2.55157 0)
(-1.67516e-07 -2.55157 0)
(-1.01031e-06 -2.55158 0)
(-3.38516e-07 -2.55157 0)
(-3.40272e-07 -2.55157 0)
(-1.36815e-06 -2.55157 0)
(-3.43811e-07 -2.55157 0)
(5.1839e-07 -2.55157 0)
(-3.47386e-07 -2.55157 0)
(3.49188e-07 -2.55157 0)
(1.053e-06 -2.55157 0)
(1.23487e-06 -2.55158 0)
(1.41859e-06 -2.55158 0)
(1.78244e-07 -2.55158 0)
(-8.95842e-07 -2.55158 0)
(-1.26068e-06 -2.55158 0)
(0 -2.55157 0)
(0 -2.55158 0)
(9.1457e-07 -2.55158 0)
(5.51588e-07 -2.55158 0)
(-3.69633e-07 -2.55157 0)
(-1.85775e-06 -2.55157 0)
(-9.33691e-07 -2.55157 0)
(3.75413e-07 -2.55157 0)
(-7.5472e-07 -2.55157 0)
(-3.79317e-07 -2.55157 0)
(1.90642e-07 -2.55157 0)
(-7.66524e-07 -2.55157 0)
(-1.34837e-06 -2.55157 0)
(-1.16174e-06 -2.55157 0)
(7.78512e-07 -2.55157 0)
(1.95637e-07 -2.55156 0)
(1.96652e-07 -2.55157 0)
(1.58137e-06 -2.55157 0)
(3.97394e-07 -2.55157 0)
(0 -2.55157 0)
(-1.00382e-06 -2.55157 0)
(-4.03609e-07 -2.55157 0)
(8.11404e-07 -2.55157 0)
(-6.11709e-07 -2.55157 0)
(-8.19842e-07 -2.55157 0)
(1.03012e-06 -2.55157 0)
(-4.14184e-07 -2.55157 0)
(-6.24498e-07 -2.55157 0)
(8.36982e-07 -2.55157 0)
(4.20661e-07 -2.55156 0)
(-4.22843e-07 -2.55157 0)
(-6.37554e-07 -2.55157 0)
(-2.1362e-07 -2.55157 0)
(-1.07364e-06 -2.55156 0)
(-6.47524e-07 -2.55156 0)
(-1.0848e-06 -2.55156 0)
(-1.30852e-06 -2.55156 0)
(-2.19217e-07 -2.55156 0)
(2.20354e-07 -2.55156 0)
(1.10748e-06 -2.55156 0)
(-1.55852e-06 -2.55156 0)
(-8.95201e-07 -2.55156 0)
(8.99843e-07 -2.55156 0)
(-6.78382e-07 -2.55156 0)
(-1.3638e-06 -2.55156 0)
(4.56958e-07 -2.55156 0)
(0 -2.55155 0)
(-1.15428e-06 -2.55156 0)
(-2.32052e-07 -2.55156 0)
(-6.99767e-07 -2.55155 0)
(-1.40679e-06 -2.55155 0)
(-4.71363e-07 -2.55155 0)
(-9.47615e-07 -2.55155 0)
(2.38132e-07 -2.55155 0)
(7.18102e-07 -2.55155 0)
(-1.92487e-06 -2.55155 0)
(-1.45114e-06 -2.55155 0)
(7.29332e-07 -2.55155 0)
(-7.33115e-07 -2.55155 0)
(-1.22819e-06 -2.55155 0)
(-2.22222e-06 -2.55155 0)
(0 -2.55155 0)
(2.49481e-07 -2.55154 0)
(-1.0031e-06 -2.55154 0)
(-7.56225e-07 -2.55154 0)
(-7.60147e-07 -2.55154 0)
(-7.64089e-07 -2.55154 0)
(-5.12034e-07 -2.55154 0)
(5.1469e-07 -2.55154 0)
(2.5868e-07 -2.55154 0)
(5.20042e-07 -2.55154 0)
(2.6137e-07 -2.55154 0)
(7.88175e-07 -2.55154 0)
(2.64088e-07 -2.55154 0)
(2.65457e-07 -2.55154 0)
(8.00502e-07 -2.55154 0)
(1.07287e-06 -2.55154 0)
(1.07844e-06 -2.55155 0)
(1.08403e-06 -2.55154 0)
(1.63448e-06 -2.55155 0)
(1.0953e-06 -2.55155 0)
(-1.10098e-06 -2.55155 0)
(8.30019e-07 -2.55155 0)
(3.89351e-06 -2.55155 0)
(2.7955e-06 -2.55155 0)
(1.124e-06 -2.55156 0)
(1.69474e-06 -2.55156 0)
(3.40706e-06 -2.55156 0)
(3.99552e-06 -2.55157 0)
(3.44249e-06 -2.55157 0)
(4.03707e-06 -2.55158 0)
(4.63773e-06 -2.55158 0)
(7.28403e-06 -2.55159 0)
(8.20042e-06 -2.5516 0)
(7.94856e-06 -2.5516 0)
(9.17345e-06 -2.55161 0)
(7.73376e-06 -2.55162 0)
(9.26885e-06 -2.55163 0)
(1.11202e-05 -2.55165 0)
(1.148e-05 -2.55166 0)
(1.36652e-05 -2.55167 0)
(1.43466e-05 -2.55169 0)
(1.53415e-05 -2.5517 0)
(1.69631e-05 -2.55172 0)
(1.79811e-05 -2.55174 0)
(2.0879e-05 -2.55177 0)
(2.13006e-05 -2.55178 0)
(2.23556e-05 -2.55181 0)
(2.31046e-05 -2.55183 0)
(2.41788e-05 -2.55185 0)
(2.75022e-05 -2.55187 0)
(3.2788e-05 -2.5519 0)
(3.78048e-05 -2.55193 0)
(4.44968e-05 -2.55196 0)
(5.81131e-05 -2.55199 0)
(6.82597e-05 -2.55204 0)
(6.96033e-05 -2.55209 0)
(3.38216e-05 -2.55212 0)
(-2.89739e-05 -2.64818 0)
(-6.08966e-05 -2.64812 0)
(-5.93707e-05 -2.64805 0)
(-4.90194e-05 -2.648 0)
(-3.83737e-05 -2.64795 0)
(-2.90294e-05 -2.64791 0)
(-2.41323e-05 -2.64787 0)
(-2.08592e-05 -2.64785 0)
(-1.84024e-05 -2.64782 0)
(-1.79179e-05 -2.6478 0)
(-1.7438e-05 -2.64777 0)
(-1.7348e-05 -2.64775 0)
(-1.53409e-05 -2.64773 0)
(-1.3354e-05 -2.64771 0)
(-1.32851e-05 -2.64768 0)
(-1.35942e-05 -2.64767 0)
(-1.127e-05 -2.64765 0)
(-8.96951e-06 -2.64763 0)
(-9.29504e-06 -2.64762 0)
(-8.8772e-06 -2.64761 0)
(-8.46342e-06 -2.6476 0)
(-6.2233e-06 -2.64759 0)
(-4.37025e-06 -2.64757 0)
(-4.3477e-06 -2.64757 0)
(-5.76703e-06 -2.64756 0)
(-6.09586e-06 -2.64755 0)
(-2.85384e-06 -2.64755 0)
(-1.41956e-06 -2.64754 0)
(-3.17752e-06 -2.64753 0)
(-3.8636e-06 -2.64753 0)
(-1.3977e-06 -2.64753 0)
(-2.43335e-06 -2.64752 0)
(-3.80411e-06 -2.64752 0)
(-1.37618e-06 -2.64752 0)
(-1.71134e-06 -2.64751 0)
(-1.70251e-06 -2.64751 0)
(3.38746e-07 -2.64751 0)
(0 -2.64751 0)
(-1.6763e-06 -2.6475 0)
(-2.00118e-06 -2.6475 0)
(3.31809e-07 -2.6475 0)
(1.32039e-06 -2.6475 0)
(-3.28394e-07 -2.6475 0)
(-1.3068e-06 -2.6475 0)
(-3.25014e-07 -2.6475 0)
(6.46675e-07 -2.6475 0)
(6.43338e-07 -2.6475 0)
(-6.40019e-07 -2.6475 0)
(-1.27343e-06 -2.6475 0)
(-6.33432e-07 -2.6475 0)
(-6.30164e-07 -2.6475 0)
(-3.13456e-07 -2.6475 0)
(0 -2.6475 0)
(3.1023e-07 -2.6475 0)
(0 -2.6475 0)
(9.21111e-07 -2.6475 0)
(9.16359e-07 -2.6475 0)
(1.51939e-06 -2.6475 0)
(2.11616e-06 -2.6475 0)
(1.50375e-06 -2.64751 0)
(8.97594e-07 -2.64751 0)
(8.92963e-07 -2.64751 0)
(-2.96118e-07 -2.64751 0)
(-5.89181e-07 -2.64751 0)
(-2.93071e-07 -2.64751 0)
(0 -2.64751 0)
(5.80109e-07 -2.64751 0)
(2.88558e-07 -2.64751 0)
(-8.61208e-07 -2.64751 0)
(5.71176e-07 -2.64751 0)
(-2.84115e-07 -2.64751 0)
(2.82649e-07 -2.64751 0)
(8.43571e-07 -2.64751 0)
(0 -2.64751 0)
(-8.34889e-07 -2.64751 0)
(2.76861e-07 -2.64752 0)
(1.10173e-06 -2.64751 0)
(1.09604e-06 -2.64752 0)
(1.36299e-06 -2.64752 0)
(-8.13573e-07 -2.64752 0)
(0 -2.64752 0)
(5.368e-07 -2.64752 0)
(5.3403e-07 -2.64752 0)
(0 -2.64752 0)
(1.05707e-06 -2.64752 0)
(-5.25807e-07 -2.64752 0)
(-1.83083e-06 -2.64752 0)
(-5.20395e-07 -2.64752 0)
(7.76565e-07 -2.64752 0)
(7.72559e-07 -2.64752 0)
(7.68573e-07 -2.64752 0)
(-1.01948e-06 -2.64753 0)
(2.53554e-07 -2.64752 0)
(1.51348e-06 -2.64752 0)
(2.50945e-07 -2.64752 0)
(-2.4965e-07 -2.64752 0)
(0 -2.64752 0)
(9.88322e-07 -2.64752 0)
(9.83222e-07 -2.64752 0)
(-1.46722e-06 -2.64752 0)
(-1.45965e-06 -2.64752 0)
(7.26062e-07 -2.64752 0)
(7.22316e-07 -2.64753 0)
(-7.18589e-07 -2.64753 0)
(1.19147e-06 -2.64753 0)
(1.18532e-06 -2.64752 0)
(-9.43365e-07 -2.64753 0)
(-2.34624e-07 -2.64753 0)
(2.33414e-07 -2.64753 0)
(2.3221e-07 -2.64753 0)
(4.62023e-07 -2.64753 0)
(2.2982e-07 -2.64753 0)
(1.60044e-06 -2.64753 0)
(4.54909e-07 -2.64753 0)
(-1.35769e-06 -2.64753 0)
(-2.25113e-07 -2.64753 0)
(8.95808e-07 -2.64753 0)
(2.22797e-07 -2.64753 0)
(8.86588e-07 -2.64753 0)
(8.82014e-07 -2.64753 0)
(2.19366e-07 -2.64753 0)
(-2.18234e-06 -2.64753 0)
(-1.51976e-06 -2.64753 0)
(1.07994e-06 -2.64753 0)
(6.44621e-07 -2.64753 0)
(0 -2.64753 0)
(-8.50648e-07 -2.64753 0)
(-6.34695e-07 -2.64753 0)
(4.20947e-07 -2.64753 0)
(-2.09387e-07 -2.64753 0)
(4.16614e-07 -2.64753 0)
(4.14465e-07 -2.64753 0)
(-6.18489e-07 -2.64753 0)
(-2.05099e-07 -2.64753 0)
(8.16165e-07 -2.64753 0)
(8.16165e-07 -2.64753 0)
(4.10199e-07 -2.64753 0)
(-6.18489e-07 -2.64753 0)
(-8.28929e-07 -2.64753 0)
(-2.08307e-07 -2.64753 0)
(-2.09387e-07 -2.64753 0)
(-1.05237e-06 -2.64753 0)
(-2.11565e-07 -2.64752 0)
(4.25324e-07 -2.64753 0)
(-6.41295e-07 -2.64752 0)
(2.14874e-07 -2.64753 0)
(1.07994e-06 -2.64753 0)
(8.68432e-07 -2.64753 0)
(1.52764e-06 -2.64753 0)
(0 -2.64753 0)
(-1.10252e-06 -2.64753 0)
(-6.64941e-07 -2.64753 0)
(0 -2.64753 0)
(-2.23952e-07 -2.64753 0)
(6.7534e-07 -2.64753 0)
(6.78843e-07 -2.64753 0)
(-2.27454e-07 -2.64753 0)
(-1.3718e-06 -2.64753 0)
(-6.89459e-07 -2.64753 0)
(4.62023e-07 -2.64753 0)
(-6.96629e-07 -2.64752 0)
(-2.33414e-07 -2.64752 0)
(2.34624e-07 -2.64753 0)
(-1.17921e-06 -2.64752 0)
(-1.42239e-06 -2.64753 0)
(-7.14882e-07 -2.64752 0)
(1.19765e-06 -2.64752 0)
(2.40772e-07 -2.64752 0)
(-2.42021e-07 -2.64752 0)
(1.45965e-06 -2.64752 0)
(0 -2.64753 0)
(0 -2.64753 0)
(-9.88322e-07 -2.64753 0)
(-2.48362e-07 -2.64752 0)
(4.993e-07 -2.64753 0)
(-2.50945e-07 -2.64753 0)
(-1.00898e-06 -2.64752 0)
(1.26777e-06 -2.64753 0)
(-2.54869e-07 -2.64753 0)
(-7.68573e-07 -2.64752 0)
(1.2876e-06 -2.64752 0)
(2.58855e-07 -2.64752 0)
(-7.80593e-07 -2.64752 0)
(-5.23094e-07 -2.64752 0)
(-2.62903e-07 -2.64753 0)
(-7.928e-07 -2.64753 0)
(-2.65637e-07 -2.64752 0)
(-5.3403e-07 -2.64752 0)
(-1.0736e-06 -2.64752 0)
(-2.69792e-07 -2.64752 0)
(0 -2.64752 0)
(8.17792e-07 -2.64752 0)
(-1.37006e-06 -2.64752 0)
(-5.50864e-07 -2.64752 0)
(1.10744e-06 -2.64752 0)
(-5.56593e-07 -2.64751 0)
(-1.3987e-06 -2.64751 0)
(5.62381e-07 -2.64751 0)
(8.47946e-07 -2.64751 0)
(-1.42057e-06 -2.64751 0)
(-2.85588e-07 -2.64751 0)
(-5.74138e-07 -2.64751 0)
(-1.44279e-06 -2.64751 0)
(-5.80109e-07 -2.64751 0)
(-8.74676e-07 -2.64751 0)
(2.93071e-07 -2.64751 0)
(1.17836e-06 -2.6475 0)
(-1.48059e-06 -2.6475 0)
(-1.48827e-06 -2.6475 0)
(8.97594e-07 -2.6475 0)
(-6.01499e-07 -2.6475 0)
(-1.20924e-06 -2.6475 0)
(-1.82326e-06 -2.6475 0)
(3.05453e-07 -2.6475 0)
(9.21111e-07 -2.6475 0)
(-1.23452e-06 -2.6475 0)
(-9.3069e-07 -2.6475 0)
(-6.23678e-07 -2.6475 0)
(-6.26912e-07 -2.64749 0)
(-6.30164e-07 -2.64749 0)
(6.33432e-07 -2.64749 0)
(3.18358e-07 -2.64749 0)
(0 -2.6475 0)
(0 -2.6475 0)
(6.46675e-07 -2.6475 0)
(3.25014e-07 -2.6475 0)
(3.267e-07 -2.6475 0)
(9.85182e-07 -2.6475 0)
(9.90292e-07 -2.6475 0)
(6.63618e-07 -2.6475 0)
(1.00059e-06 -2.6475 0)
(1.34104e-06 -2.6475 0)
(6.73997e-07 -2.6475 0)
(-1.35498e-06 -2.6475 0)
(6.81006e-07 -2.64751 0)
(3.76496e-06 -2.64751 0)
(2.06426e-06 -2.64751 0)
(3.45828e-07 -2.64752 0)
(1.39049e-06 -2.64752 0)
(2.7954e-06 -2.64752 0)
(2.80989e-06 -2.64752 0)
(2.82447e-06 -2.64753 0)
(2.12933e-06 -2.64753 0)
(3.5673e-06 -2.64754 0)
(6.09586e-06 -2.64755 0)
(6.84835e-06 -2.64755 0)
(6.52156e-06 -2.64756 0)
(7.28375e-06 -2.64757 0)
(5.49115e-06 -2.64758 0)
(6.62355e-06 -2.64759 0)
(8.50732e-06 -2.64761 0)
(8.55144e-06 -2.64762 0)
(1.00907e-05 -2.64763 0)
(1.16457e-05 -2.64765 0)
(1.17061e-05 -2.64766 0)
(1.21464e-05 -2.64768 0)
(1.3354e-05 -2.64771 0)
(1.64914e-05 -2.64773 0)
(1.7348e-05 -2.64774 0)
(1.66629e-05 -2.64777 0)
(1.79179e-05 -2.6478 0)
(1.84024e-05 -2.64782 0)
(2.204e-05 -2.64785 0)
(2.6506e-05 -2.64787 0)
(3.06201e-05 -2.64791 0)
(3.59753e-05 -2.64795 0)
(4.66087e-05 -2.648 0)
(5.57358e-05 -2.64806 0)
(5.84607e-05 -2.64812 0)
(2.89739e-05 -2.64817 0)
(-2.31026e-05 -2.72622 0)
(-4.82151e-05 -2.72615 0)
(-4.72207e-05 -2.72607 0)
(-3.80762e-05 -2.726 0)
(-2.85328e-05 -2.72594 0)
(-2.2268e-05 -2.7259 0)
(-1.85015e-05 -2.72586 0)
(-1.5742e-05 -2.72583 0)
(-1.37333e-05 -2.7258 0)
(-1.31831e-05 -2.72578 0)
(-1.28766e-05 -2.72575 0)
(-1.32846e-05 -2.72573 0)
(-1.13281e-05 -2.7257 0)
(-9.62613e-06 -2.72568 0)
(-1.00436e-05 -2.72566 0)
(-1.06889e-05 -2.72564 0)
(-7.85972e-06 -2.72562 0)
(-6.89927e-06 -2.7256 0)
(-7.09246e-06 -2.72559 0)
(-6.14544e-06 -2.72558 0)
(-6.34016e-06 -2.72556 0)
(-4.73059e-06 -2.72555 0)
(-2.68925e-06 -2.72554 0)
(-3.34421e-06 -2.72553 0)
(-4.43595e-06 -2.72553 0)
(-4.41306e-06 -2.72552 0)
(-2.41466e-06 -2.72551 0)
(-4.36764e-07 -2.7255 0)
(-1.9553e-06 -2.7255 0)
(-3.45815e-06 -2.72549 0)
(-1.29012e-06 -2.7255 0)
(-1.28346e-06 -2.72549 0)
(-3.19209e-06 -2.72548 0)
(-1.27025e-06 -2.72548 0)
(-1.47431e-06 -2.72548 0)
(-1.67624e-06 -2.72548 0)
(1.25069e-06 -2.72547 0)
(1.03686e-06 -2.72547 0)
(-1.85673e-06 -2.72547 0)
(-2.05239e-06 -2.72547 0)
(8.16719e-07 -2.72546 0)
(1.21876e-06 -2.72547 0)
(-4.04156e-07 -2.72546 0)
(-1.00518e-06 -2.72547 0)
(-1.99998e-07 -2.72546 0)
(7.95866e-07 -2.72547 0)
(1.9794e-07 -2.72546 0)
(-7.87675e-07 -2.72546 0)
(-1.37132e-06 -2.72547 0)
(-5.84676e-07 -2.72547 0)
(-1.93887e-07 -2.72546 0)
(0 -2.72546 0)
(-1.91891e-07 -2.72546 0)
(0 -2.72546 0)
(0 -2.72546 0)
(9.44681e-07 -2.72546 0)
(5.63884e-07 -2.72546 0)
(1.30894e-06 -2.72547 0)
(1.86027e-06 -2.72547 0)
(9.25335e-07 -2.72547 0)
(9.20561e-07 -2.72547 0)
(9.15812e-07 -2.72547 0)
(-1.82217e-07 -2.72548 0)
(-7.25109e-07 -2.72548 0)
(-5.41026e-07 -2.72548 0)
(-1.79411e-07 -2.72548 0)
(8.92429e-07 -2.72547 0)
(0 -2.72548 0)
(-7.06595e-07 -2.72548 0)
(3.51475e-07 -2.72548 0)
(-3.49661e-07 -2.72548 0)
(5.21786e-07 -2.72548 0)
(8.65157e-07 -2.72548 0)
(-1.72139e-07 -2.72548 0)
(-8.56252e-07 -2.72548 0)
(1.70367e-07 -2.72548 0)
(8.4744e-07 -2.72548 0)
(1.01168e-06 -2.72548 0)
(1.34195e-06 -2.72549 0)
(-6.67512e-07 -2.72548 0)
(-6.64068e-07 -2.72548 0)
(6.60642e-07 -2.72549 0)
(6.57234e-07 -2.72549 0)
(0 -2.72548 0)
(4.87852e-07 -2.72549 0)
(0 -2.72549 0)
(-1.60944e-06 -2.72548 0)
(-4.8034e-07 -2.72548 0)
(4.77862e-07 -2.72548 0)
(4.75396e-07 -2.72548 0)
(6.30591e-07 -2.72549 0)
(-1.09784e-06 -2.72549 0)
(6.24101e-07 -2.72549 0)
(1.5522e-06 -2.72548 0)
(-3.08839e-07 -2.72549 0)
(-1.53623e-07 -2.72549 0)
(1.5283e-07 -2.72549 0)
(9.1225e-07 -2.72549 0)
(1.21006e-06 -2.72549 0)
(-1.50477e-06 -2.72549 0)
(-1.497e-06 -2.72549 0)
(5.95712e-07 -2.72549 0)
(2.96319e-07 -2.72549 0)
(-7.36976e-07 -2.72549 0)
(1.61298e-06 -2.72549 0)
(8.75269e-07 -2.72549 0)
(-1.30613e-06 -2.72549 0)
(-5.77507e-07 -2.7255 0)
(4.30896e-07 -2.7255 0)
(1.42891e-07 -2.72549 0)
(5.68615e-07 -2.7255 0)
(1.4142e-07 -2.72549 0)
(1.26622e-06 -2.7255 0)
(5.59859e-07 -2.7255 0)
(-1.39243e-06 -2.7255 0)
(0 -2.7255 0)
(9.64666e-07 -2.7255 0)
(0 -2.7255 0)
(6.81956e-07 -2.7255 0)
(1.35687e-06 -2.7255 0)
(1.34987e-07 -2.7255 0)
(-2.01436e-06 -2.7255 0)
(-1.46958e-06 -2.72549 0)
(7.97453e-07 -2.7255 0)
(5.28892e-07 -2.7255 0)
(1.31541e-07 -2.7255 0)
(-2.61724e-07 -2.7255 0)
(-9.11309e-07 -2.72549 0)
(2.59031e-07 -2.7255 0)
(0 -2.72549 0)
(0 -2.7255 0)
(3.82563e-07 -2.7255 0)
(-3.80589e-07 -2.7255 0)
(0 -2.72549 0)
(7.53344e-07 -2.7255 0)
(8.78902e-07 -2.7255 0)
(1.26209e-07 -2.72549 0)
(-6.34315e-07 -2.7255 0)
(-1.14769e-06 -2.7255 0)
(2.56365e-07 -2.7255 0)
(1.28847e-07 -2.72549 0)
(-9.06607e-07 -2.72549 0)
(-1.30187e-07 -2.72549 0)
(1.30862e-07 -2.72549 0)
(-6.57704e-07 -2.72549 0)
(1.32223e-07 -2.72549 0)
(5.31635e-07 -2.7255 0)
(9.35186e-07 -2.7255 0)
(1.4772e-06 -2.7255 0)
(0 -2.7255 0)
(-9.49812e-07 -2.7255 0)
(-2.72782e-07 -2.7255 0)
(-4.11295e-07 -2.7255 0)
(-2.75619e-07 -2.7255 0)
(6.92621e-07 -2.7255 0)
(6.96213e-07 -2.7255 0)
(-1.39965e-07 -2.7255 0)
(-9.84834e-07 -2.7255 0)
(-5.65681e-07 -2.72549 0)
(5.68615e-07 -2.72549 0)
(-4.28673e-07 -2.72549 0)
(-4.30896e-07 -2.72549 0)
(0 -2.7255 0)
(-8.70754e-07 -2.72549 0)
(-1.02115e-06 -2.72549 0)
(-4.39904e-07 -2.72549 0)
(1.03177e-06 -2.72548 0)
(0 -2.72549 0)
(-4.46784e-07 -2.72549 0)
(1.0479e-06 -2.72549 0)
(0 -2.72549 0)
(0 -2.72549 0)
(-7.60208e-07 -2.72549 0)
(0 -2.72549 0)
(1.53623e-07 -2.72549 0)
(-4.63258e-07 -2.72549 0)
(-3.10441e-07 -2.72549 0)
(6.24101e-07 -2.72549 0)
(0 -2.72549 0)
(0 -2.72549 0)
(9.50792e-07 -2.72549 0)
(0 -2.72549 0)
(-6.40453e-07 -2.72549 0)
(-6.43775e-07 -2.72549 0)
(-3.23557e-07 -2.72549 0)
(-8.13087e-07 -2.72549 0)
(3.26921e-07 -2.72549 0)
(-4.92925e-07 -2.72548 0)
(-8.25803e-07 -2.72548 0)
(-4.98051e-07 -2.72548 0)
(5.00634e-07 -2.72549 0)
(3.35487e-07 -2.72548 0)
(-1.34891e-06 -2.72549 0)
(0 -2.72548 0)
(1.19257e-06 -2.72548 0)
(-5.13751e-07 -2.72548 0)
(-1.37711e-06 -2.72547 0)
(1.03819e-06 -2.72548 0)
(6.95715e-07 -2.72548 0)
(-1.22382e-06 -2.72547 0)
(-1.75737e-07 -2.72547 0)
(-5.29946e-07 -2.72547 0)
(-1.06539e-06 -2.72547 0)
(-3.56972e-07 -2.72547 0)
(-1.43529e-06 -2.72547 0)
(3.60684e-07 -2.72547 0)
(1.45022e-06 -2.72547 0)
(-1.45774e-06 -2.72547 0)
(-7.32649e-07 -2.72547 0)
(5.52337e-07 -2.72547 0)
(-5.55201e-07 -2.72547 0)
(-9.30134e-07 -2.72547 0)
(-1.49593e-06 -2.72546 0)
(7.51846e-07 -2.72546 0)
(7.55745e-07 -2.72546 0)
(-1.32941e-06 -2.72546 0)
(-9.54505e-07 -2.72546 0)
(-3.83782e-07 -2.72546 0)
(-3.85772e-07 -2.72546 0)
(-3.87773e-07 -2.72546 0)
(3.89784e-07 -2.72546 0)
(0 -2.72545 0)
(-5.90756e-07 -2.72546 0)
(-1.9794e-07 -2.72546 0)
(7.95866e-07 -2.72546 0)
(3.99997e-07 -2.72546 0)
(6.03107e-07 -2.72546 0)
(1.01039e-06 -2.72546 0)
(1.01563e-06 -2.72546 0)
(4.08359e-07 -2.72546 0)
(6.15716e-07 -2.72546 0)
(1.03151e-06 -2.72547 0)
(8.29492e-07 -2.72547 0)
(-1.66759e-06 -2.72547 0)
(0 -2.72547 0)
(4.00171e-06 -2.72547 0)
(1.27025e-06 -2.72547 0)
(0 -2.72548 0)
(1.28346e-06 -2.72548 0)
(1.93517e-06 -2.72548 0)
(2.59361e-06 -2.72549 0)
(1.73804e-06 -2.72549 0)
(1.09191e-06 -2.7255 0)
(2.19515e-06 -2.7255 0)
(4.63371e-06 -2.72552 0)
(5.54493e-06 -2.72552 0)
(5.1278e-06 -2.72553 0)
(5.6026e-06 -2.72554 0)
(4.28006e-06 -2.72555 0)
(4.30225e-06 -2.72555 0)
(6.14544e-06 -2.72558 0)
(6.63488e-06 -2.72558 0)
(6.89927e-06 -2.7256 0)
(8.55323e-06 -2.72562 0)
(8.82995e-06 -2.72563 0)
(8.87575e-06 -2.72565 0)
(9.15656e-06 -2.72567 0)
(1.32161e-05 -2.7257 0)
(1.30474e-05 -2.72572 0)
(1.19228e-05 -2.72575 0)
(1.31831e-05 -2.72577 0)
(1.39742e-05 -2.7258 0)
(1.69529e-05 -2.72583 0)
(2.06925e-05 -2.72586 0)
(2.25127e-05 -2.7259 0)
(2.80408e-05 -2.72594 0)
(3.5851e-05 -2.726 0)
(4.29957e-05 -2.72607 0)
(4.6966e-05 -2.72614 0)
(2.4107e-05 -2.72621 0)
(-1.69977e-05 -2.78964 0)
(-3.53572e-05 -2.78955 0)
(-3.51748e-05 -2.78946 0)
(-2.79946e-05 -2.78938 0)
(-2.02822e-05 -2.78931 0)
(-1.59614e-05 -2.78926 0)
(-1.31826e-05 -2.78922 0)
(-1.10282e-05 -2.78919 0)
(-1.00817e-05 -2.78916 0)
(-9.73469e-06 -2.78913 0)
(-8.80406e-06 -2.78911 0)
(-9.34254e-06 -2.78908 0)
(-8.13255e-06 -2.78905 0)
(-6.35689e-06 -2.78903 0)
(-7.18647e-06 -2.78901 0)
(-8.00732e-06 -2.78899 0)
(-5.4055e-06 -2.78897 0)
(-4.52852e-06 -2.78895 0)
(-5.0683e-06 -2.78894 0)
(-4.20179e-06 -2.78892 0)
(-5.01613e-06 -2.78891 0)
(-3.0496e-06 -2.7889 0)
(-1.37903e-06 -2.78889 0)
(-2.74383e-06 -2.78888 0)
(-3.27561e-06 -2.78887 0)
(-3.25871e-06 -2.78886 0)
(-1.62095e-06 -2.78885 0)
(5.37528e-07 -2.78885 0)
(-1.60426e-06 -2.78885 0)
(-2.92598e-06 -2.78884 0)
(-1.32313e-06 -2.78884 0)
(-7.89781e-07 -2.78884 0)
(-2.35712e-06 -2.78883 0)
(-5.21101e-07 -2.78882 0)
(-1.03683e-06 -2.78883 0)
(-1.28935e-06 -2.78882 0)
(1.28269e-06 -2.78882 0)
(7.65645e-07 -2.78882 0)
(-1.01559e-06 -2.78882 0)
(-1.51553e-06 -2.78881 0)
(5.0257e-07 -2.78881 0)
(9.99954e-07 -2.78882 0)
(0 -2.78881 0)
(-1.23708e-06 -2.78882 0)
(-2.46139e-07 -2.78881 0)
(4.89739e-07 -2.78881 0)
(9.74424e-07 -2.78881 0)
(-1.21175e-06 -2.78881 0)
(-1.20549e-06 -2.78882 0)
(-2.39855e-07 -2.78881 0)
(2.38617e-07 -2.78881 0)
(0 -2.78881 0)
(-4.72323e-07 -2.78881 0)
(0 -2.78881 0)
(-2.33731e-07 -2.78881 0)
(6.97575e-07 -2.78881 0)
(4.6265e-07 -2.78881 0)
(9.20527e-07 -2.78881 0)
(1.37367e-06 -2.78881 0)
(6.83289e-07 -2.78883 0)
(1.13294e-06 -2.78882 0)
(6.76257e-07 -2.78883 0)
(-4.48512e-07 -2.78883 0)
(-1.11549e-06 -2.78883 0)
(-4.43896e-07 -2.78883 0)
(2.20803e-07 -2.78882 0)
(1.09832e-06 -2.78883 0)
(-4.3706e-07 -2.78883 0)
(-8.69611e-07 -2.78882 0)
(4.32562e-07 -2.78883 0)
(-2.15165e-07 -2.78883 0)
(4.2811e-07 -2.78883 0)
(1.2777e-06 -2.78883 0)
(-4.23704e-07 -2.78882 0)
(-1.26455e-06 -2.78883 0)
(0 -2.78883 0)
(1.04295e-06 -2.78883 0)
(4.15027e-07 -2.78883 0)
(1.03221e-06 -2.78884 0)
(-2.05378e-07 -2.78883 0)
(-6.12955e-07 -2.78883 0)
(2.03264e-07 -2.78883 0)
(8.08861e-07 -2.78884 0)
(2.01172e-07 -2.78883 0)
(0 -2.78883 0)
(3.98203e-07 -2.78884 0)
(-1.18845e-06 -2.78883 0)
(-3.94105e-07 -2.78883 0)
(1.96036e-07 -2.78883 0)
(3.90048e-07 -2.78883 0)
(3.88036e-07 -2.78883 0)
(-9.65085e-07 -2.78884 0)
(5.76064e-07 -2.78884 0)
(1.71927e-06 -2.78883 0)
(-1.90045e-07 -2.78883 0)
(-3.78129e-07 -2.78884 0)
(-1.88089e-07 -2.78884 0)
(7.48474e-07 -2.78883 0)
(9.30765e-07 -2.78884 0)
(-1.11116e-06 -2.78884 0)
(-1.28966e-06 -2.78883 0)
(7.33146e-07 -2.78883 0)
(0 -2.78883 0)
(-9.07001e-07 -2.78884 0)
(1.44371e-06 -2.78884 0)
(8.97666e-07 -2.78884 0)
(-1.25025e-06 -2.78885 0)
(-8.88427e-07 -2.78884 0)
(7.07075e-07 -2.78884 0)
(3.51713e-07 -2.78884 0)
(3.49899e-07 -2.78884 0)
(-1.74047e-07 -2.78884 0)
(1.03889e-06 -2.78885 0)
(5.16766e-07 -2.78885 0)
(-1.19957e-06 -2.78885 0)
(1.70482e-07 -2.78885 0)
(8.48015e-07 -2.78885 0)
(0 -2.78885 0)
(5.03572e-07 -2.78884 0)
(8.34956e-07 -2.78885 0)
(1.6613e-07 -2.78886 0)
(-1.32218e-06 -2.78885 0)
(-1.15094e-06 -2.78884 0)
(3.27143e-07 -2.78884 0)
(6.50911e-07 -2.78884 0)
(1.61888e-07 -2.78884 0)
(-4.83159e-07 -2.78885 0)
(-6.40888e-07 -2.78884 0)
(4.78186e-07 -2.78885 0)
(0 -2.78884 0)
(-3.15509e-07 -2.78884 0)
(1.56941e-07 -2.78885 0)
(0 -2.78884 0)
(0 -2.78884 0)
(7.72621e-07 -2.78884 0)
(6.18097e-07 -2.78885 0)
(0 -2.78885 0)
(-4.68393e-07 -2.78885 0)
(-9.41645e-07 -2.78884 0)
(1.57755e-07 -2.78884 0)
(1.58573e-07 -2.78885 0)
(-6.37581e-07 -2.78884 0)
(-1.60222e-07 -2.78884 0)
(4.83159e-07 -2.78884 0)
(-6.47552e-07 -2.78884 0)
(0 -2.78883 0)
(3.27143e-07 -2.78884 0)
(4.9326e-07 -2.78884 0)
(1.32218e-06 -2.78885 0)
(-3.32259e-07 -2.78885 0)
(-5.00974e-07 -2.78885 0)
(-3.35715e-07 -2.78885 0)
(-3.37456e-07 -2.78885 0)
(0 -2.78884 0)
(1.70482e-07 -2.78885 0)
(8.56833e-07 -2.78885 0)
(-1.72255e-07 -2.78885 0)
(-8.65744e-07 -2.78885 0)
(-3.48093e-07 -2.78884 0)
(5.24848e-07 -2.78885 0)
(-1.75857e-07 -2.78884 0)
(-5.30306e-07 -2.78884 0)
(3.55371e-07 -2.78884 0)
(-7.14428e-07 -2.78884 0)
(-1.0772e-06 -2.78883 0)
(-3.60929e-07 -2.78884 0)
(1.2698e-06 -2.78884 0)
(0 -2.78884 0)
(-5.4986e-07 -2.78883 0)
(7.36949e-07 -2.78884 0)
(-1.85193e-07 -2.78884 0)
(0 -2.78885 0)
(-7.48474e-07 -2.78884 0)
(1.88089e-07 -2.78883 0)
(3.78129e-07 -2.78884 0)
(-3.8009e-07 -2.78884 0)
(-3.82061e-07 -2.78883 0)
(3.84042e-07 -2.78883 0)
(0 -2.78884 0)
(0 -2.78883 0)
(1.17015e-06 -2.78884 0)
(0 -2.78884 0)
(-5.91157e-07 -2.78884 0)
(-7.92297e-07 -2.78884 0)
(-3.98203e-07 -2.78884 0)
(-2.00134e-07 -2.78883 0)
(2.01172e-07 -2.78883 0)
(-2.02215e-07 -2.78883 0)
(-8.13056e-07 -2.78883 0)
(-8.17273e-07 -2.78883 0)
(6.16133e-07 -2.78883 0)
(4.12886e-07 -2.78883 0)
(-1.03757e-06 -2.78883 0)
(2.0859e-07 -2.78882 0)
(1.04836e-06 -2.78883 0)
(-2.10759e-07 -2.78883 0)
(-1.05926e-06 -2.78883 0)
(8.51803e-07 -2.78882 0)
(4.2811e-07 -2.78883 0)
(-1.07583e-06 -2.78883 0)
(0 -2.78882 0)
(-4.34805e-07 -2.78882 0)
(-6.55591e-07 -2.78882 0)
(-4.39327e-07 -2.78882 0)
(-1.54562e-06 -2.78882 0)
(6.65844e-07 -2.78882 0)
(1.33859e-06 -2.78882 0)
(-1.34554e-06 -2.78882 0)
(-2.25419e-07 -2.78882 0)
(2.26588e-07 -2.78881 0)
(-6.83289e-07 -2.78882 0)
(-6.86833e-07 -2.78882 0)
(-6.90395e-07 -2.78881 0)
(4.6265e-07 -2.78881 0)
(6.97575e-07 -2.78882 0)
(-9.34923e-07 -2.78881 0)
(-9.39772e-07 -2.78881 0)
(-2.36161e-07 -2.7888 0)
(-2.37386e-07 -2.7888 0)
(-2.38617e-07 -2.78881 0)
(2.39855e-07 -2.7888 0)
(-2.41099e-07 -2.78881 0)
(-4.84698e-07 -2.78881 0)
(-2.43606e-07 -2.78881 0)
(4.89739e-07 -2.78881 0)
(4.92278e-07 -2.78881 0)
(4.94831e-07 -2.78881 0)
(1.24349e-06 -2.78881 0)
(4.99977e-07 -2.78881 0)
(2.51285e-07 -2.78881 0)
(5.05177e-07 -2.78882 0)
(5.07797e-07 -2.78882 0)
(7.65645e-07 -2.78882 0)
(-1.28269e-06 -2.78882 0)
(0 -2.78881 0)
(3.11048e-06 -2.78882 0)
(1.0422e-06 -2.78883 0)
(-2.61902e-07 -2.78883 0)
(1.05304e-06 -2.78883 0)
(1.0585e-06 -2.78883 0)
(2.12798e-06 -2.78883 0)
(8.02132e-07 -2.78884 0)
(2.68764e-07 -2.78885 0)
(1.08063e-06 -2.78885 0)
(3.80183e-06 -2.78886 0)
(4.64044e-06 -2.78887 0)
(3.56698e-06 -2.78888 0)
(4.41289e-06 -2.78889 0)
(3.32684e-06 -2.7889 0)
(2.22939e-06 -2.78891 0)
(3.92167e-06 -2.78893 0)
(5.0683e-06 -2.78894 0)
(4.52852e-06 -2.78895 0)
(6.259e-06 -2.78897 0)
(6.29146e-06 -2.78899 0)
(6.03663e-06 -2.78901 0)
(6.35689e-06 -2.78903 0)
(9.58479e-06 -2.78905 0)
(9.63449e-06 -2.78908 0)
(8.21712e-06 -2.7891 0)
(8.55472e-06 -2.78913 0)
(9.48865e-06 -2.78916 0)
(1.25184e-05 -2.78919 0)
(1.55794e-05 -2.78922 0)
(1.59614e-05 -2.78927 0)
(1.96768e-05 -2.78932 0)
(2.61689e-05 -2.78938 0)
(3.18102e-05 -2.78945 0)
(3.50497e-05 -2.78954 0)
(1.79248e-05 -2.78963 0)
(-1.10301e-05 -2.84116 0)
(-2.38383e-05 -2.84107 0)
(-2.40917e-05 -2.84097 0)
(-1.835e-05 -2.84087 0)
(-1.34121e-05 -2.8408 0)
(-1.00072e-05 -2.84075 0)
(-8.48066e-06 -2.84071 0)
(-7.70326e-06 -2.84067 0)
(-6.56873e-06 -2.84064 0)
(-6.17179e-06 -2.84061 0)
(-6.13995e-06 -2.84059 0)
(-5.74896e-06 -2.84055 0)
(-5.7193e-06 -2.84053 0)
(-3.91173e-06 -2.84052 0)
(-4.95288e-06 -2.84049 0)
(-4.92733e-06 -2.84047 0)
(-3.8515e-06 -2.84044 0)
(-3.13497e-06 -2.84043 0)
(-3.11879e-06 -2.84041 0)
(-2.75796e-06 -2.8404 0)
(-3.08669e-06 -2.84038 0)
(-2.04718e-06 -2.84037 0)
(-1.01831e-06 -2.84037 0)
(-1.68842e-06 -2.84036 0)
(-1.67971e-06 -2.84035 0)
(-2.00525e-06 -2.84034 0)
(-1.32994e-06 -2.84033 0)
(9.92308e-07 -2.84033 0)
(-1.31625e-06 -2.84033 0)
(-2.29156e-06 -2.84032 0)
(-1.3027e-06 -2.84031 0)
(0 -2.84031 0)
(-1.2893e-06 -2.8403 0)
(-3.20661e-07 -2.8403 0)
(-1.27603e-06 -2.8403 0)
(-3.17361e-07 -2.84029 0)
(3.15723e-07 -2.84029 0)
(9.42284e-07 -2.8403 0)
(-9.37422e-07 -2.84029 0)
(-6.21724e-07 -2.84028 0)
(6.18516e-07 -2.84028 0)
(9.22987e-07 -2.84029 0)
(-3.06075e-07 -2.84029 0)
(-1.21798e-06 -2.84029 0)
(0 -2.84029 0)
(6.02724e-07 -2.84029 0)
(2.99807e-07 -2.84029 0)
(-8.94781e-07 -2.84029 0)
(-1.18689e-06 -2.84028 0)
(2.95191e-07 -2.84028 0)
(5.87335e-07 -2.84028 0)
(-2.92152e-07 -2.84028 0)
(-8.71935e-07 -2.84028 0)
(2.89146e-07 -2.84029 0)
(-2.87654e-07 -2.84028 0)
(5.72339e-07 -2.84028 0)
(5.69386e-07 -2.84028 0)
(8.49673e-07 -2.84028 0)
(5.63526e-07 -2.84029 0)
(5.60619e-07 -2.84029 0)
(1.11545e-06 -2.8403 0)
(0 -2.8403 0)
(-2.75993e-07 -2.8403 0)
(-8.23707e-07 -2.8403 0)
(-2.73152e-07 -2.84029 0)
(2.71743e-07 -2.8403 0)
(5.40682e-07 -2.8403 0)
(-2.68946e-07 -2.8403 0)
(-8.02676e-07 -2.8403 0)
(2.66178e-07 -2.8403 0)
(0 -2.84029 0)
(5.26877e-07 -2.8403 0)
(7.86239e-07 -2.8403 0)
(0 -2.8403 0)
(-1.29691e-06 -2.8403 0)
(0 -2.84029 0)
(7.70138e-07 -2.8403 0)
(2.55388e-07 -2.8403 0)
(5.08141e-07 -2.8403 0)
(0 -2.84031 0)
(-5.02911e-07 -2.84031 0)
(0 -2.8403 0)
(7.46603e-07 -2.84031 0)
(4.95167e-07 -2.84031 0)
(-2.46306e-07 -2.84031 0)
(0 -2.84031 0)
(-2.43771e-07 -2.84031 0)
(-4.85027e-07 -2.8403 0)
(0 -2.8403 0)
(2.40017e-07 -2.8403 0)
(4.77558e-07 -2.8403 0)
(-1.18774e-06 -2.84031 0)
(7.08965e-07 -2.8403 0)
(1.88082e-06 -2.84031 0)
(-4.67779e-07 -2.84031 0)
(-4.65365e-07 -2.84031 0)
(0 -2.84031 0)
(4.60576e-07 -2.84031 0)
(6.87299e-07 -2.84032 0)
(-9.1167e-07 -2.84031 0)
(-9.06967e-07 -2.84031 0)
(6.76716e-07 -2.84031 0)
(-2.24408e-07 -2.84031 0)
(-8.93001e-07 -2.84031 0)
(1.55469e-06 -2.84031 0)
(4.41905e-07 -2.84031 0)
(-1.09906e-06 -2.84032 0)
(-6.56035e-07 -2.84031 0)
(2.1755e-07 -2.84031 0)
(6.49283e-07 -2.84031 0)
(6.45933e-07 -2.84031 0)
(-4.284e-07 -2.84031 0)
(6.39285e-07 -2.84032 0)
(0 -2.84033 0)
(-8.43608e-07 -2.84032 0)
(2.09814e-07 -2.84031 0)
(6.26194e-07 -2.84032 0)
(0 -2.84032 0)
(4.13166e-07 -2.84032 0)
(8.22068e-07 -2.84032 0)
(2.04457e-07 -2.84033 0)
(-1.42381e-06 -2.84033 0)
(-6.07057e-07 -2.84031 0)
(6.03925e-07 -2.84031 0)
(2.0027e-07 -2.84032 0)
(1.99237e-07 -2.84032 0)
(-3.96417e-07 -2.84032 0)
(-3.94372e-07 -2.84032 0)
(1.96169e-07 -2.84031 0)
(1.95157e-07 -2.84032 0)
(-1.9415e-07 -2.84031 0)
(1.93148e-07 -2.84032 0)
(0 -2.84031 0)
(-1.9116e-07 -2.84032 0)
(1.90174e-07 -2.84032 0)
(7.60695e-07 -2.84033 0)
(0 -2.84033 0)
(-3.84303e-07 -2.84032 0)
(-3.86296e-07 -2.84032 0)
(0 -2.84031 0)
(0 -2.84032 0)
(-5.88506e-07 -2.84031 0)
(0 -2.84031 0)
(3.96417e-07 -2.84031 0)
(-5.9771e-07 -2.84031 0)
(2.0027e-07 -2.84031 0)
(2.01308e-07 -2.84031 0)
(4.04705e-07 -2.84031 0)
(6.10206e-07 -2.84032 0)
(-4.08914e-07 -2.84033 0)
(-2.05517e-07 -2.84032 0)
(-2.06583e-07 -2.84032 0)
(2.07654e-07 -2.84032 0)
(-2.08731e-07 -2.84032 0)
(0 -2.84032 0)
(4.21804e-07 -2.84032 0)
(0 -2.84032 0)
(-4.2619e-07 -2.84032 0)
(-2.142e-07 -2.84032 0)
(4.30622e-07 -2.84031 0)
(-2.16428e-07 -2.84032 0)
(-4.351e-07 -2.84031 0)
(4.37357e-07 -2.84031 0)
(-6.59438e-07 -2.84032 0)
(-8.8381e-07 -2.84031 0)
(-2.22098e-07 -2.84031 0)
(8.93001e-07 -2.8403 0)
(2.24408e-07 -2.84032 0)
(-4.51144e-07 -2.84031 0)
(0 -2.84031 0)
(-4.55835e-07 -2.84031 0)
(2.291e-07 -2.84031 0)
(0 -2.84031 0)
(4.62964e-07 -2.8403 0)
(0 -2.84031 0)
(-2.33889e-07 -2.84031 0)
(-4.70205e-07 -2.84031 0)
(2.36322e-07 -2.84031 0)
(0 -2.84032 0)
(2.38779e-07 -2.84031 0)
(1.20009e-06 -2.84031 0)
(-2.41262e-07 -2.84031 0)
(-7.2754e-07 -2.84032 0)
(-4.87542e-07 -2.84031 0)
(0 -2.84031 0)
(-2.46306e-07 -2.8403 0)
(2.47584e-07 -2.84031 0)
(-4.97735e-07 -2.84031 0)
(-5.00316e-07 -2.8403 0)
(-5.02911e-07 -2.8403 0)
(5.05519e-07 -2.8403 0)
(0 -2.8403 0)
(-5.10776e-07 -2.8403 0)
(5.13425e-07 -2.8403 0)
(5.16088e-07 -2.8403 0)
(0 -2.8403 0)
(-5.21455e-07 -2.8403 0)
(5.24159e-07 -2.84029 0)
(0 -2.8403 0)
(-5.2961e-07 -2.8403 0)
(2.66178e-07 -2.8403 0)
(-8.02676e-07 -2.8403 0)
(-2.68946e-07 -2.84029 0)
(-2.70341e-07 -2.84029 0)
(-1.08697e-06 -2.84029 0)
(2.73152e-07 -2.84028 0)
(1.09828e-06 -2.8403 0)
(-8.27979e-07 -2.84029 0)
(0 -2.84028 0)
(0 -2.84029 0)
(-5.60619e-07 -2.84029 0)
(-5.63526e-07 -2.84029 0)
(-5.66449e-07 -2.84028 0)
(2.84693e-07 -2.84028 0)
(5.72339e-07 -2.84029 0)
(-8.62961e-07 -2.84029 0)
(-2.89146e-07 -2.84028 0)
(-2.90645e-07 -2.84028 0)
(-2.92152e-07 -2.84028 0)
(0 -2.84028 0)
(0 -2.84028 0)
(0 -2.84028 0)
(-2.9826e-07 -2.84027 0)
(-2.99807e-07 -2.84027 0)
(3.01362e-07 -2.84027 0)
(6.0585e-07 -2.84027 0)
(3.04496e-07 -2.84028 0)
(9.18225e-07 -2.84028 0)
(3.07662e-07 -2.84028 0)
(0 -2.84028 0)
(3.10862e-07 -2.84028 0)
(0 -2.84029 0)
(6.28189e-07 -2.84029 0)
(-6.31447e-07 -2.84029 0)
(0 -2.84028 0)
(2.23305e-06 -2.84029 0)
(6.41322e-07 -2.8403 0)
(-3.22324e-07 -2.8403 0)
(6.47992e-07 -2.8403 0)
(9.77028e-07 -2.8403 0)
(1.63683e-06 -2.84031 0)
(3.29063e-07 -2.84032 0)
(0 -2.84032 0)
(3.32485e-07 -2.84032 0)
(2.67367e-06 -2.84033 0)
(3.02348e-06 -2.84034 0)
(2.70148e-06 -2.84035 0)
(3.05492e-06 -2.84037 0)
(2.04718e-06 -2.84038 0)
(1.37186e-06 -2.84038 0)
(2.06847e-06 -2.84039 0)
(3.11879e-06 -2.84042 0)
(3.13497e-06 -2.84043 0)
(4.20163e-06 -2.84044 0)
(3.87147e-06 -2.84047 0)
(3.89155e-06 -2.84048 0)
(3.91173e-06 -2.84051 0)
(6.43421e-06 -2.84053 0)
(6.82689e-06 -2.84056 0)
(5.4176e-06 -2.84058 0)
(5.08265e-06 -2.84061 0)
(5.83887e-06 -2.84064 0)
(8.4369e-06 -2.84067 0)
(1.03243e-05 -2.84071 0)
(1.03778e-05 -2.84076 0)
(1.2667e-05 -2.84081 0)
(1.76011e-05 -2.84088 0)
(2.14567e-05 -2.84095 0)
(2.38383e-05 -2.84105 0)
(1.17908e-05 -2.84115 0)
(-6.08525e-06 -2.88304 0)
(-1.35047e-05 -2.88293 0)
(-1.38983e-05 -2.88281 0)
(-1.01395e-05 -2.88271 0)
(-6.87765e-06 -2.88265 0)
(-5.92988e-06 -2.88258 0)
(-4.08412e-06 -2.88255 0)
(-4.06305e-06 -2.8825 0)
(-3.59296e-06 -2.88248 0)
(-3.57443e-06 -2.88244 0)
(-3.55598e-06 -2.88241 0)
(-3.09543e-06 -2.88239 0)
(-3.95931e-06 -2.88236 0)
(-2.18827e-06 -2.88234 0)
(-1.74158e-06 -2.88231 0)
(-3.03204e-06 -2.88229 0)
(-2.15457e-06 -2.88227 0)
(-1.28607e-06 -2.88225 0)
(-2.1324e-06 -2.88223 0)
(-1.27284e-06 -2.88222 0)
(-2.11045e-06 -2.88221 0)
(-1.25974e-06 -2.88219 0)
(-4.17746e-07 -2.88218 0)
(-4.1559e-07 -2.88218 0)
(-1.24034e-06 -2.88217 0)
(-1.23394e-06 -2.88216 0)
(-4.09191e-07 -2.88214 0)
(8.1416e-07 -2.88215 0)
(-8.09959e-07 -2.88215 0)
(-1.61156e-06 -2.88214 0)
(-8.01623e-07 -2.88213 0)
(3.98743e-07 -2.88213 0)
(-7.93372e-07 -2.88212 0)
(-3.9464e-07 -2.88211 0)
(-3.92603e-07 -2.88212 0)
(-3.90578e-07 -2.8821 0)
(3.88563e-07 -2.88211 0)
(0 -2.88211 0)
(0 -2.88212 0)
(-7.65159e-07 -2.88211 0)
(3.80606e-07 -2.88211 0)
(7.57284e-07 -2.88212 0)
(0 -2.88212 0)
(-1.12423e-06 -2.88211 0)
(0 -2.8821 0)
(7.41776e-07 -2.88211 0)
(3.68974e-07 -2.88211 0)
(-1.10121e-06 -2.88212 0)
(-1.09553e-06 -2.8821 0)
(7.26585e-07 -2.88211 0)
(3.61418e-07 -2.8821 0)
(-3.59554e-07 -2.88211 0)
(-7.15397e-07 -2.8821 0)
(3.55853e-07 -2.8821 0)
(3.54017e-07 -2.8821 0)
(0 -2.8821 0)
(3.50374e-07 -2.8821 0)
(6.97132e-07 -2.88211 0)
(3.46767e-07 -2.88212 0)
(0 -2.88212 0)
(6.86397e-07 -2.88212 0)
(0 -2.88212 0)
(-3.39666e-07 -2.88212 0)
(-3.37914e-07 -2.88212 0)
(0 -2.88211 0)
(0 -2.88212 0)
(0 -2.88212 0)
(-3.30994e-07 -2.88213 0)
(-3.29286e-07 -2.88212 0)
(3.27587e-07 -2.88212 0)
(3.25897e-07 -2.88212 0)
(0 -2.88211 0)
(9.67628e-07 -2.88212 0)
(0 -2.88213 0)
(-9.57669e-07 -2.88212 0)
(-3.17576e-07 -2.88211 0)
(9.47813e-07 -2.88212 0)
(0 -2.88212 0)
(3.12686e-07 -2.88213 0)
(0 -2.88213 0)
(-3.09468e-07 -2.88212 0)
(-6.15742e-07 -2.88213 0)
(6.12565e-07 -2.88213 0)
(6.09405e-07 -2.88213 0)
(-3.0313e-07 -2.88213 0)
(0 -2.88213 0)
(-3.00011e-07 -2.88214 0)
(0 -2.88213 0)
(2.96923e-07 -2.88213 0)
(2.95391e-07 -2.88212 0)
(0 -2.88213 0)
(-8.77052e-07 -2.88212 0)
(5.81685e-07 -2.88212 0)
(1.15737e-06 -2.88214 0)
(-2.87849e-07 -2.88214 0)
(-5.72728e-07 -2.88213 0)
(0 -2.88214 0)
(0 -2.88214 0)
(5.63908e-07 -2.88214 0)
(-5.60999e-07 -2.88214 0)
(-5.58105e-07 -2.88213 0)
(5.55225e-07 -2.88213 0)
(0 -2.88215 0)
(-5.49511e-07 -2.88213 0)
(5.46675e-07 -2.88213 0)
(8.15782e-07 -2.88214 0)
(-8.11574e-07 -2.88214 0)
(-5.38258e-07 -2.88212 0)
(5.3548e-07 -2.88213 0)
(0 -2.88213 0)
(5.29969e-07 -2.88214 0)
(-5.27235e-07 -2.88214 0)
(0 -2.88214 0)
(2.60904e-07 -2.88214 0)
(-2.59558e-07 -2.88214 0)
(0 -2.88213 0)
(2.56887e-07 -2.88215 0)
(5.11123e-07 -2.88214 0)
(2.54243e-07 -2.88214 0)
(2.52931e-07 -2.88215 0)
(0 -2.88215 0)
(-5.00656e-07 -2.88214 0)
(-7.47109e-07 -2.88214 0)
(2.47751e-07 -2.88214 0)
(4.92946e-07 -2.88214 0)
(0 -2.88215 0)
(-2.43936e-07 -2.88215 0)
(-4.85356e-07 -2.88214 0)
(2.41426e-07 -2.88214 0)
(2.4018e-07 -2.88214 0)
(-2.38941e-07 -2.88214 0)
(2.37708e-07 -2.88214 0)
(2.36482e-07 -2.88214 0)
(-7.05785e-07 -2.88214 0)
(2.34048e-07 -2.88214 0)
(4.68096e-07 -2.88215 0)
(4.70524e-07 -2.88214 0)
(-4.72964e-07 -2.88215 0)
(-2.37708e-07 -2.88214 0)
(0 -2.88214 0)
(2.4018e-07 -2.88214 0)
(-7.24278e-07 -2.88214 0)
(0 -2.88214 0)
(4.87873e-07 -2.88214 0)
(-4.90403e-07 -2.88214 0)
(0 -2.88213 0)
(0 -2.88214 0)
(4.98073e-07 -2.88214 0)
(2.50328e-07 -2.88214 0)
(0 -2.88215 0)
(-5.05862e-07 -2.88214 0)
(0 -2.88214 0)
(2.55561e-07 -2.88214 0)
(-2.56887e-07 -2.88215 0)
(-2.58219e-07 -2.88214 0)
(5.19116e-07 -2.88214 0)
(2.60904e-07 -2.88215 0)
(-2.62257e-07 -2.88214 0)
(-2.63617e-07 -2.88214 0)
(2.64985e-07 -2.88213 0)
(-5.32718e-07 -2.88214 0)
(0 -2.88214 0)
(2.69129e-07 -2.88214 0)
(-2.70525e-07 -2.88214 0)
(-5.43855e-07 -2.88213 0)
(-2.73338e-07 -2.88213 0)
(8.24266e-07 -2.88213 0)
(0 -2.88214 0)
(0 -2.88213 0)
(-2.79052e-07 -2.88213 0)
(-2.80499e-07 -2.88213 0)
(0 -2.88213 0)
(2.83416e-07 -2.88214 0)
(2.84886e-07 -2.88213 0)
(-2.86364e-07 -2.88214 0)
(2.87849e-07 -2.88213 0)
(-2.89342e-07 -2.88213 0)
(2.90842e-07 -2.88212 0)
(-5.84701e-07 -2.88213 0)
(2.93867e-07 -2.88213 0)
(8.86172e-07 -2.88213 0)
(-5.93846e-07 -2.88214 0)
(-2.98463e-07 -2.88213 0)
(0 -2.88213 0)
(3.01566e-07 -2.88213 0)
(-3.0313e-07 -2.88213 0)
(0 -2.88212 0)
(0 -2.88213 0)
(-3.07871e-07 -2.88213 0)
(-6.18936e-07 -2.88212 0)
(0 -2.88212 0)
(0 -2.88213 0)
(0 -2.88213 0)
(6.31875e-07 -2.88212 0)
(0 -2.88212 0)
(0 -2.88213 0)
(-3.20879e-07 -2.88212 0)
(6.45086e-07 -2.88212 0)
(3.24216e-07 -2.88213 0)
(-6.51794e-07 -2.88212 0)
(0 -2.88212 0)
(-3.29286e-07 -2.88212 0)
(0 -2.88212 0)
(-3.3271e-07 -2.88212 0)
(-6.68872e-07 -2.88211 0)
(0 -2.8821 0)
(3.37914e-07 -2.88211 0)
(0 -2.88212 0)
(0 -2.8821 0)
(0 -2.88211 0)
(-1.03493e-06 -2.88211 0)
(0 -2.88211 0)
(0 -2.88211 0)
(0 -2.88211 0)
(3.52191e-07 -2.8821 0)
(-3.54017e-07 -2.88211 0)
(-3.55853e-07 -2.8821 0)
(0 -2.8821 0)
(0 -2.8821 0)
(-3.61418e-07 -2.8821 0)
(0 -2.8821 0)
(0 -2.8821 0)
(0 -2.8821 0)
(-3.68974e-07 -2.88209 0)
(3.70888e-07 -2.88209 0)
(0 -2.8821 0)
(3.74745e-07 -2.8821 0)
(7.53377e-07 -2.8821 0)
(0 -2.8821 0)
(-3.80606e-07 -2.88211 0)
(3.82579e-07 -2.88211 0)
(-3.84564e-07 -2.88211 0)
(7.73116e-07 -2.88211 0)
(-3.88563e-07 -2.88212 0)
(0 -2.88211 0)
(1.57041e-06 -2.88212 0)
(0 -2.88212 0)
(0 -2.88212 0)
(3.98743e-07 -2.88212 0)
(8.01623e-07 -2.88213 0)
(1.20867e-06 -2.88213 0)
(-4.0498e-07 -2.88214 0)
(-4.0708e-07 -2.88214 0)
(4.09191e-07 -2.88214 0)
(1.64525e-06 -2.88214 0)
(2.06723e-06 -2.88217 0)
(1.24677e-06 -2.88218 0)
(2.08873e-06 -2.88219 0)
(1.25974e-06 -2.88221 0)
(0 -2.88222 0)
(8.48558e-07 -2.88222 0)
(2.1324e-06 -2.88224 0)
(1.71476e-06 -2.88225 0)
(2.15457e-06 -2.88227 0)
(2.16575e-06 -2.8823 0)
(2.17698e-06 -2.88231 0)
(1.75061e-06 -2.88233 0)
(3.95931e-06 -2.88235 0)
(3.97984e-06 -2.88239 0)
(3.11149e-06 -2.88242 0)
(2.23402e-06 -2.88244 0)
(3.14384e-06 -2.88247 0)
(4.96595e-06 -2.8825 0)
(5.89928e-06 -2.88255 0)
(5.01759e-06 -2.8826 0)
(6.41914e-06 -2.88264 0)
(1.06004e-05 -2.88272 0)
(1.25085e-05 -2.8828 0)
(1.30391e-05 -2.88291 0)
(7.02144e-06 -2.88301 0)
(-2.01631e-06 -2.91704 0)
(-4.01181e-06 -2.91694 0)
(-4.56127e-06 -2.91682 0)
(-3.4033e-06 -2.9167 0)
(-1.97502e-06 -2.91664 0)
(-1.96483e-06 -2.91658 0)
(-1.11697e-06 -2.91655 0)
(-1.1112e-06 -2.9165 0)
(-8.29103e-07 -2.91647 0)
(-1.37471e-06 -2.91645 0)
(-1.36762e-06 -2.9164 0)
(-8.16336e-07 -2.91639 0)
(-1.62425e-06 -2.91634 0)
(-8.07934e-07 -2.91631 0)
(-5.35844e-07 -2.9163 0)
(-1.06616e-06 -2.91628 0)
(-5.30329e-07 -2.91625 0)
(-2.63796e-07 -2.91624 0)
(-2.62435e-07 -2.91622 0)
(-7.83244e-07 -2.91621 0)
(-5.19468e-07 -2.9162 0)
(-5.16788e-07 -2.91617 0)
(0 -2.91617 0)
(2.55735e-07 -2.91617 0)
(-7.63246e-07 -2.91615 0)
(-5.06205e-07 -2.91615 0)
(-2.51797e-07 -2.91613 0)
(2.50498e-07 -2.91614 0)
(0 -2.91614 0)
(-4.95839e-07 -2.91613 0)
(-2.4664e-07 -2.9161 0)
(2.45368e-07 -2.91612 0)
(-2.44102e-07 -2.91611 0)
(0 -2.91611 0)
(-7.24769e-07 -2.9161 0)
(2.40343e-07 -2.9161 0)
(-2.39103e-07 -2.91609 0)
(2.3787e-07 -2.9161 0)
(0 -2.9161 0)
(-2.35421e-07 -2.91609 0)
(-2.34207e-07 -2.91609 0)
(4.65997e-07 -2.9161 0)
(0 -2.91611 0)
(-4.61201e-07 -2.91609 0)
(2.29411e-07 -2.91609 0)
(2.28227e-07 -2.9161 0)
(4.54099e-07 -2.9161 0)
(-9.03512e-07 -2.9161 0)
(-4.49425e-07 -2.91608 0)
(2.23553e-07 -2.91608 0)
(4.448e-07 -2.91609 0)
(-2.21252e-07 -2.91609 0)
(-2.20111e-07 -2.91608 0)
(2.18975e-07 -2.91608 0)
(-2.17845e-07 -2.91608 0)
(2.16721e-07 -2.91608 0)
(4.31207e-07 -2.9161 0)
(-2.14491e-07 -2.91609 0)
(2.13384e-07 -2.9161 0)
(4.24567e-07 -2.9161 0)
(2.11188e-07 -2.91611 0)
(0 -2.91612 0)
(-2.09015e-07 -2.91611 0)
(0 -2.9161 0)
(0 -2.9161 0)
(-4.11592e-07 -2.9161 0)
(-2.04734e-07 -2.9161 0)
(0 -2.9161 0)
(0 -2.91609 0)
(0 -2.9161 0)
(2.00542e-07 -2.9161 0)
(3.99014e-07 -2.9161 0)
(1.98478e-07 -2.91612 0)
(1.97454e-07 -2.91611 0)
(-7.85739e-07 -2.91611 0)
(-1.95421e-07 -2.91609 0)
(5.83239e-07 -2.91611 0)
(-3.8682e-07 -2.9161 0)
(3.84824e-07 -2.91611 0)
(0 -2.91611 0)
(0 -2.91612 0)
(-5.68348e-07 -2.9161 0)
(1.88472e-07 -2.9161 0)
(3.74999e-07 -2.91611 0)
(0 -2.91611 0)
(0 -2.91611 0)
(0 -2.91612 0)
(0 -2.91609 0)
(1.82712e-07 -2.91612 0)
(0 -2.91611 0)
(0 -2.91613 0)
(-1.79899e-07 -2.91611 0)
(1.78971e-07 -2.9161 0)
(3.56094e-07 -2.91613 0)
(0 -2.91614 0)
(-3.52429e-07 -2.91612 0)
(-1.75306e-07 -2.91612 0)
(0 -2.9161 0)
(1.73501e-07 -2.91613 0)
(0 -2.91612 0)
(-1.71716e-07 -2.91611 0)
(0 -2.91611 0)
(1.69948e-07 -2.91613 0)
(-1.69071e-07 -2.9161 0)
(1.68199e-07 -2.91611 0)
(0 -2.91613 0)
(-1.66468e-07 -2.91612 0)
(1.65609e-07 -2.91611 0)
(-1.64755e-07 -2.91612 0)
(3.27809e-07 -2.91611 0)
(0 -2.91613 0)
(-3.24435e-07 -2.91612 0)
(0 -2.91612 0)
(0 -2.91613 0)
(1.5972e-07 -2.91612 0)
(0 -2.91611 0)
(1.58076e-07 -2.91612 0)
(1.5726e-07 -2.91612 0)
(0 -2.91614 0)
(-1.55642e-07 -2.91613 0)
(1.54839e-07 -2.91614 0)
(-1.5404e-07 -2.91614 0)
(-3.0649e-07 -2.91612 0)
(1.52455e-07 -2.91612 0)
(1.51668e-07 -2.91613 0)
(-1.50885e-07 -2.91613 0)
(-1.50107e-07 -2.91612 0)
(0 -2.91612 0)
(1.48562e-07 -2.91612 0)
(1.47796e-07 -2.91613 0)
(-1.47033e-07 -2.91612 0)
(0 -2.91612 0)
(1.4552e-07 -2.91613 0)
(-2.89538e-07 -2.91612 0)
(0 -2.91611 0)
(2.88044e-07 -2.91613 0)
(1.44769e-07 -2.91614 0)
(0 -2.91614 0)
(-1.46274e-07 -2.91613 0)
(0 -2.91612 0)
(0 -2.91613 0)
(-2.97124e-07 -2.91613 0)
(0 -2.91611 0)
(3.00214e-07 -2.91612 0)
(-1.50885e-07 -2.91613 0)
(1.51668e-07 -2.91612 0)
(-1.52455e-07 -2.91612 0)
(1.53245e-07 -2.91612 0)
(0 -2.91613 0)
(0 -2.91613 0)
(-1.55642e-07 -2.91613 0)
(0 -2.91612 0)
(0 -2.91612 0)
(0 -2.91612 0)
(-1.58896e-07 -2.91612 0)
(1.5972e-07 -2.91612 0)
(1.60548e-07 -2.91613 0)
(0 -2.91613 0)
(-1.62218e-07 -2.91613 0)
(0 -2.91613 0)
(-1.63905e-07 -2.91612 0)
(1.64755e-07 -2.91612 0)
(0 -2.91611 0)
(0 -2.91613 0)
(-5.01994e-07 -2.91611 0)
(-1.68199e-07 -2.9161 0)
(5.07214e-07 -2.9161 0)
(0 -2.91613 0)
(1.7083e-07 -2.91611 0)
(0 -2.91613 0)
(-5.17818e-07 -2.9161 0)
(0 -2.9161 0)
(3.48802e-07 -2.9161 0)
(1.75306e-07 -2.91611 0)
(-1.76215e-07 -2.91612 0)
(1.77129e-07 -2.91611 0)
(0 -2.91612 0)
(1.78971e-07 -2.91612 0)
(-3.59798e-07 -2.91612 0)
(0 -2.91611 0)
(3.63539e-07 -2.91612 0)
(-1.82712e-07 -2.91613 0)
(-1.8366e-07 -2.91611 0)
(1.84612e-07 -2.91612 0)
(0 -2.91611 0)
(-1.86532e-07 -2.91611 0)
(1.875e-07 -2.91611 0)
(-1.88472e-07 -2.91612 0)
(0 -2.91611 0)
(-3.80864e-07 -2.91611 0)
(0 -2.9161 0)
(-1.92412e-07 -2.9161 0)
(0 -2.9161 0)
(5.83239e-07 -2.9161 0)
(0 -2.91611 0)
(0 -2.91611 0)
(0 -2.91611 0)
(1.98478e-07 -2.91611 0)
(-1.99507e-07 -2.91612 0)
(0 -2.91611 0)
(0 -2.9161 0)
(-4.05254e-07 -2.91611 0)
(0 -2.9161 0)
(0 -2.9161 0)
(-2.05796e-07 -2.9161 0)
(0 -2.91609 0)
(2.07936e-07 -2.9161 0)
(-2.09015e-07 -2.9161 0)
(2.10099e-07 -2.9161 0)
(-2.11188e-07 -2.91611 0)
(-4.24567e-07 -2.91609 0)
(0 -2.91608 0)
(0 -2.91608 0)
(2.15603e-07 -2.91608 0)
(0 -2.91609 0)
(-2.17845e-07 -2.91609 0)
(2.18975e-07 -2.91608 0)
(0 -2.91608 0)
(0 -2.91608 0)
(-2.224e-07 -2.91608 0)
(0 -2.91607 0)
(-2.24713e-07 -2.91608 0)
(0 -2.91607 0)
(2.27049e-07 -2.91608 0)
(0 -2.91607 0)
(-2.29411e-07 -2.91608 0)
(4.61201e-07 -2.91607 0)
(4.63592e-07 -2.91609 0)
(-2.32998e-07 -2.9161 0)
(-2.34207e-07 -2.91609 0)
(2.35421e-07 -2.91609 0)
(-2.36642e-07 -2.91609 0)
(2.3787e-07 -2.91609 0)
(0 -2.9161 0)
(0 -2.91608 0)
(7.24769e-07 -2.9161 0)
(0 -2.91612 0)
(0 -2.9161 0)
(2.45368e-07 -2.91611 0)
(2.4664e-07 -2.91611 0)
(2.4792e-07 -2.91612 0)
(-4.98411e-07 -2.91614 0)
(0 -2.91611 0)
(0 -2.91613 0)
(2.53103e-07 -2.91612 0)
(7.63246e-07 -2.91615 0)
(1.02294e-06 -2.91617 0)
(5.14122e-07 -2.91619 0)
(2.58394e-07 -2.9162 0)
(0 -2.91622 0)
(5.22162e-07 -2.9162 0)
(5.2487e-07 -2.91623 0)
(2.63796e-07 -2.91624 0)
(7.95493e-07 -2.91626 0)
(7.99619e-07 -2.91628 0)
(5.35844e-07 -2.9163 0)
(5.38623e-07 -2.91631 0)
(1.08283e-06 -2.91633 0)
(1.36056e-06 -2.91638 0)
(1.09409e-06 -2.91641 0)
(5.49883e-07 -2.91644 0)
(1.10547e-06 -2.91645 0)
(1.389e-06 -2.91649 0)
(1.67545e-06 -2.91654 0)
(1.68414e-06 -2.91659 0)
(1.97502e-06 -2.91663 0)
(3.1197e-06 -2.9167 0)
(4.27619e-06 -2.91681 0)
(4.87149e-06 -2.91692 0)
(2.30435e-06 -2.91704 0)
(-2.32199e-306 0 0)
(-2.47062e-306 0 0)
(2.54185e-306 0 0)
(5.78735e-306 0 0)
(3.85272e-306 0 0)
(-1.161e-306 0 0)
(-5.56116e-306 0 0)
(-4.89252e-306 0 0)
(-4.54483e-306 0 0)
(-7.01443e-306 0 0)
(-6.4419e-306 0 0)
(-2.94588e-306 0 0)
(-6.01206e-307 0 0)
(-2.51562e-306 0 0)
(-2.55497e-306 2.91997e-306 0)
(2.54198e-306 0 0)
(5.80892e-306 0 0)
(3.85292e-306 -3.85292e-306 0)
(-1.04818e-306 0 0)
(-5.61781e-306 -7.81608e-306 0)
(-4.93496e-306 0 0)
(-4.61608e-306 0 0)
(-6.90851e-306 0 0)
(-6.59136e-306 0 0)
(-2.61125e-306 0 0)
(-9.7701e-307 0 0)
(-2.04405e-306 -2.7254e-306 0)
(-2.07602e-306 7.11779e-306 0)
(2.32365e-306 4.13093e-306 0)
(5.39428e-306 3.59619e-306 0)
(3.71766e-306 -3.13066e-306 0)
(-1.3627e-306 -5.4508e-306 0)
(-5.1601e-306 -9.52634e-306 0)
(-4.90094e-306 0 0)
(-4.75097e-306 -4.00081e-306 0)
(-6.73614e-306 0 0)
(-5.98584e-306 0 0)
(-3.18263e-306 5.658e-306 0)
(-7.93862e-307 3.17545e-306 0)
(-1.38406e-306 -4.429e-306 0)
(-1.68686e-306 7.71134e-306 0)
(2.30763e-306 6.71311e-306 0)
(5.29622e-306 2.92205e-306 0)
(3.33873e-306 -2.54379e-306 0)
(-1.52247e-306 -4.429e-306 0)
(-5.16037e-306 -7.74055e-306 0)
(-4.88727e-306 0 0)
(-4.46989e-306 -3.25083e-306 0)
(-6.15757e-306 0 0)
(-5.88769e-306 6.14368e-306 0)
(-2.87335e-306 1.14934e-305 0)
(-1.29009e-306 2.58018e-306 0)
(-6.74766e-307 -1.79938e-306 0)
(-9.7903e-307 3.13289e-306 0)
(2.04551e-306 8.18203e-306 0)
(4.74858e-306 2.37429e-306 0)
(2.97123e-306 -4.13388e-306 0)
(-1.68691e-306 -8.99688e-306 0)
(-4.71714e-306 -4.19302e-306 0)
(-4.55942e-306 0 0)
(-4.45742e-306 -2.64143e-306 0)
(-6.11513e-306 0 0)
(-5.2e-306 8.32e-306 0)
(-3.03514e-306 7.47111e-306 0)
(-1.31032e-306 4.19302e-306 0)
(-3.65517e-307 -1.46207e-306 0)
(-3.18201e-307 3.81841e-306 0)
(2.21608e-306 6.64824e-306 0)
(4.34072e-306 3.85842e-306 0)
(2.30928e-306 -3.35895e-306 0)
(-1.64483e-306 -8.77241e-306 0)
(-4.47169e-306 -1.7035e-306 0)
(-4.54127e-306 0 0)
(-4.56084e-306 -2.14628e-306 0)
(-5.11937e-306 -2.40911e-306 0)
(-4.73224e-306 4.05621e-306 0)
(-3.41471e-306 9.10588e-306 0)
(-1.7035e-306 5.1105e-306 0)
(0 1.18799e-306 0)
(0 4.13683e-306 0)
(2.47591e-306 5.40198e-306 0)
(3.52702e-306 3.13513e-306 0)
(1.53522e-306 -2.72929e-306 0)
(-1.33649e-306 -7.12795e-306 0)
(-3.63344e-306 -1.38417e-306 0)
(-4.85523e-306 1.55367e-306 0)
(-4.79583e-306 0 0)
(-4.64908e-306 0 0)
(-3.57049e-306 4.39445e-306 0)
(-3.39117e-306 4.93261e-306 0)
(-1.73021e-306 6.92083e-306 0)
(4.82647e-307 2.89588e-306 0)
(4.20168e-307 5.04202e-306 0)
(2.01178e-306 4.38933e-306 0)
(3.02507e-306 2.54742e-306 0)
(1.10883e-306 -2.21766e-306 0)
(-1.5686e-306 -4.82647e-306 0)
(-3.09291e-306 -1.12469e-306 0)
(-4.57629e-306 0 0)
(-5.13671e-306 -1.41702e-306 0)
(-4.17521e-306 0 0)
(-3.34751e-306 3.57068e-306 0)
(-2.75547e-306 3.00596e-306 0)
(-1.68704e-306 4.49877e-306 0)
(0 4.70605e-306 0)
(1.02421e-306 4.77966e-306 0)
(1.78326e-306 5.94419e-306 0)
(2.06989e-306 2.06989e-306 0)
(6.75729e-307 -1.80194e-306 0)
(-1.3726e-306 -3.13736e-306 0)
(-3.19851e-306 -1.82772e-306 0)
(-4.35954e-306 0 0)
(-4.89341e-306 0 0)
(-3.55408e-306 1.93859e-306 0)
(-3.62666e-306 1.45066e-306 0)
(-2.03539e-306 4.07078e-306 0)
(-9.1386e-307 5.48316e-306 0)
(0 3.82386e-306 0)
(1.10962e-306 4.9933e-306 0)
(1.44897e-306 4.82991e-306 0)
(1.2614e-306 2.52281e-306 0)
(0 -1.46415e-306 0)
(-1.43395e-306 -3.18655e-306 0)
(-2.9702e-306 -2.22765e-306 0)
(-4.16742e-306 -8.33484e-307 0)
(-3.9761e-306 0 0)
(-3.93796e-306 1.57519e-306 0)
(-2.65213e-306 2.35745e-306 0)
(-1.65384e-306 3.30768e-306 0)
(-7.4255e-307 5.19785e-306 0)
(2.58921e-307 5.17841e-306 0)
(6.7621e-307 4.50807e-306 0)
(1.17735e-306 3.9245e-306 0)
(6.83296e-307 2.73318e-306 0)
(-8.92265e-307 -5.94843e-307 0)
(-1.55352e-306 -2.07136e-306 0)
(-2.71509e-306 -2.41341e-306 0)
(-3.72482e-306 -6.77241e-307 0)
(-3.80088e-306 7.60177e-307 0)
(-3.19976e-306 1.2799e-306 0)
(-2.63385e-306 2.39441e-306 0)
(-8.06289e-307 2.68763e-306 0)
(0 3.62012e-306 0)
(4.20768e-307 4.62844e-306 0)
(7.32599e-307 4.39559e-306 0)
(3.18882e-307 3.82659e-306 0)
(0 2.77603e-306 0)
(-1.69167e-306 0 0)
(-1.89345e-306 -2.10384e-306 0)
(-2.20612e-306 -2.45125e-306 0)
(-3.30172e-306 5.50286e-307 0)
(-3.39722e-306 1.23535e-306 0)
(-3.11993e-306 1.38663e-306 0)
(-2.33467e-306 1.94556e-306 0)
(-4.36763e-307 2.18381e-306 0)
(0 2.45125e-306 0)
(0 5.04921e-306 0)
(3.663e-307 3.2967e-306 0)
(3.18882e-307 3.82659e-306 0)
(-8.3281e-307 2.22083e-306 0)
(-2.41668e-306 0 0)
(-2.10384e-306 -1.2623e-306 0)
(-1.961e-306 -1.47075e-306 0)
(-2.47629e-306 0 0)
(-3.39722e-306 6.17676e-307 0)
(-3.11993e-306 1.38663e-306 0)
(-1.94556e-306 1.16733e-306 0)
(-4.36763e-307 8.73525e-307 0)
(0 9.80499e-307 0)
(-2.58921e-307 4.14273e-306 0)
(0 4.50807e-306 0)
(0 3.9245e-306 0)
(-1.70824e-306 2.04989e-306 0)
(-2.97422e-306 -5.94843e-307 0)
(-2.58921e-306 -1.03568e-306 0)
(-1.50838e-306 -1.20671e-306 0)
(-2.03172e-306 6.77241e-307 0)
(-3.04071e-306 1.52035e-306 0)
(-2.77313e-306 8.5327e-307 0)
(-2.39441e-306 1.43664e-306 0)
(-1.07505e-306 1.07505e-306 0)
(0 0 0)
(3.18655e-307 5.09848e-306 0)
(-2.77405e-307 3.88367e-306 0)
(-2.41495e-307 4.82991e-306 0)
(-2.31257e-306 4.20468e-306 0)
(-3.47737e-306 -7.32077e-307 0)
(-2.70857e-306 -2.54924e-306 0)
(-9.28187e-307 -2.22765e-306 0)
(-1.87534e-306 1.66697e-306 0)
(-3.27444e-306 9.35554e-307 0)
(-2.88784e-306 1.57519e-306 0)
(-2.06277e-306 -1.17872e-306 0)
(-1.32307e-306 0 0)
(-7.4255e-307 0 0)
(-7.84341e-307 4.70605e-306 0)
(0 3.41404e-306 0)
(0 5.94419e-306 0)
(-3.10483e-306 5.17472e-306 0)
(-4.50486e-306 -9.00971e-307 0)
(-2.74519e-306 -1.56868e-306 0)
(-6.85395e-307 -3.65544e-306 0)
(-1.28222e-306 2.05155e-306 0)
(-3.16633e-306 0 0)
(-2.90789e-306 1.93859e-306 0)
(-2.90133e-306 0 0)
(-8.14157e-307 8.14157e-307 0)
(-4.5693e-307 9.1386e-307 0)
(-2.41323e-307 2.89588e-306 0)
(2.10084e-307 4.20168e-306 0)
(1.82889e-307 5.85244e-306 0)
(-3.98035e-306 6.36856e-306 0)
(-5.12834e-306 -3.32649e-306 0)
(-2.89588e-306 -1.93059e-306 0)
(-1.40587e-307 -2.24939e-306 0)
(-9.46819e-307 2.52485e-306 0)
(-3.1883e-306 0 0)
(-3.18111e-306 2.38583e-306 0)
(-2.90118e-306 0 0)
(-1.00199e-306 0 0)
(-2.81173e-307 1.12469e-306 0)
(-2.96998e-307 3.56398e-306 0)
(7.75655e-307 4.13683e-306 0)
(4.50165e-307 5.40198e-306 0)
(-4.70269e-306 6.27026e-306 0)
(-5.79974e-306 -2.72929e-306 0)
(-2.96998e-306 -3.56398e-306 0)
(1.73021e-307 -4.1525e-306 0)
(-7.76837e-307 1.55367e-306 0)
(-3.26989e-306 1.74394e-306 0)
(-3.42564e-306 9.78753e-307 0)
(-2.74653e-306 -1.09861e-306 0)
(-6.16576e-307 -1.23315e-306 0)
(0 0 0)
(-7.31034e-307 7.31034e-306 0)
(9.54603e-307 3.81841e-306 0)
(5.5402e-307 8.86432e-306 0)
(-5.30533e-306 7.71684e-306 0)
(-6.29803e-306 -1.67948e-306 0)
(-3.10689e-306 -2.92414e-306 0)
(6.38813e-307 -3.407e-306 0)
(-2.39014e-307 5.73635e-306 0)
(-3.4877e-306 6.43883e-306 0)
(-3.61367e-306 4.81823e-306 0)
(-3.38017e-306 -1.35207e-306 0)
(-3.79412e-307 -3.03529e-306 0)
(-4.25875e-307 -1.7035e-306 0)
(-8.99688e-307 7.1975e-306 0)
(7.83224e-307 0 0)
(1.02275e-306 8.18203e-306 0)
(-5.93573e-306 2.37429e-306 0)
(-6.71755e-306 0 0)
(-3.14891e-306 3.59875e-306 0)
(9.17222e-307 -4.19302e-306 0)
(2.94156e-307 4.7065e-306 0)
(-3.46688e-306 0 0)
(-4.26206e-306 4.44737e-306 0)
(-3.952e-306 0 0)
(-4.66944e-307 -3.73555e-306 0)
(-5.24127e-307 -2.09651e-306 0)
(-1.93769e-306 6.64351e-306 0)
(9.63918e-307 3.85567e-306 0)
(1.04892e-306 6.71311e-306 0)
(-6.02673e-306 5.8441e-306 0)
(-6.83645e-306 0 0)
(-3.46016e-306 2.2145e-306 0)
(1.12883e-306 -7.74055e-306 0)
(5.4303e-307 2.89616e-306 0)
(-3.45401e-306 0 0)
(-4.10505e-306 5.4734e-306 0)
(-4.60776e-306 0 0)
(-5.74671e-307 -2.29868e-306 0)
(6.45046e-307 -2.58018e-306 0)
(-1.3627e-306 2.7254e-306 0)
(1.1863e-306 7.11779e-306 0)
(1.03273e-306 8.26187e-306 0)
(-6.51809e-306 7.19237e-306 0)
(-6.65266e-306 -6.26132e-306 0)
(-3.74742e-306 2.7254e-306 0)
(1.19079e-306 -6.35089e-306 0)
(6.6831e-307 7.12864e-306 0)
(-3.25066e-306 0 0)
(-4.49076e-306 -4.49076e-306 0)
(-4.72566e-306 0 0)
(-7.07251e-307 2.829e-306 0)
(0 -6.35089e-306 0)
(-1.25781e-306 0 0)
(1.09499e-306 5.83994e-306 0)
(9.53243e-307 0 0)
(-6.63877e-306 -4.42585e-306 0)
(-6.98342e-306 -3.85292e-306 0)
(-3.5638e-306 3.35416e-306 0)
(1.46552e-306 3.90804e-306 0)
(5.48329e-307 4.38663e-306 0)
(-3.69287e-306 0 0)
(-4.1451e-306 0 0)
(-4.65272e-306 -3.10181e-306 0)
(-1.30563e-306 -3.48167e-306 0)
(-4.88505e-307 -7.81608e-306 0)
(-7.73998e-307 0 0)
(8.98406e-307 0 0)
(7.82108e-307 0 0)
(-6.63843e-306 0 0)
(-6.96454e-306 0 0)
(-3.35399e-306 0 0)
(1.35271e-306 0 0)
(6.74831e-307 0 0)
(-3.78736e-306 0 0)
(-4.25117e-306 0 0)
(-4.77178e-306 0 0)
(-1.60684e-306 0 0)
(-9.01809e-307 -4.80965e-306 0)
(-1.87344e-302 1.22601e-303 0)
(-5.90785e-302 1.14637e-303 0)
(-1.04504e-301 1.11998e-303 0)
(-1.53695e-301 1.05125e-303 0)
(-2.04098e-301 9.05687e-304 0)
(-2.48657e-301 6.19198e-304 0)
(-2.69453e-301 2.40482e-305 0)
(-2.48428e-301 -9.77155e-304 0)
(-1.72244e-301 -2.61176e-303 0)
(-2.55514e-302 -5.02658e-303 0)
(2.01968e-301 -8.16928e-303 0)
(5.09495e-301 -1.17535e-302 0)
(3.4115e-301 -1.53284e-302 0)
(-1.87397e-302 -1.75255e-302 0)
(-5.90849e-302 -1.74439e-302 0)
(-1.04509e-301 -1.7077e-302 0)
(-1.53705e-301 -1.64464e-302 0)
(-2.04116e-301 -1.54772e-302 0)
(-2.48692e-301 -1.42854e-302 0)
(-2.69522e-301 -1.35335e-302 0)
(-2.48556e-301 -1.41293e-302 0)
(-1.72463e-301 -1.68493e-302 0)
(-2.58886e-302 -2.22343e-302 0)
(2.01513e-301 -3.01869e-302 0)
(5.08953e-301 -3.97537e-302 0)
(3.40864e-301 -4.94993e-302 0)
(-1.87262e-302 -4.34947e-302 0)
(-5.9043e-302 -4.31172e-302 0)
(-1.04437e-301 -4.22264e-302 0)
(-1.53599e-301 -4.06189e-302 0)
(-2.03983e-301 -3.81002e-302 0)
(-2.48555e-301 -3.4787e-302 0)
(-2.69434e-301 -3.20244e-302 0)
(-2.48601e-301 -3.17581e-302 0)
(-1.72738e-301 -3.54592e-302 0)
(-2.64719e-302 -4.41824e-302 0)
(2.0061e-301 -5.77564e-302 0)
(5.07818e-301 -7.44339e-302 0)
(3.40254e-301 -9.1564e-302 0)
(-1.87045e-302 -5.35843e-302 0)
(-5.89763e-302 -5.31331e-302 0)
(-1.04321e-301 -5.20568e-302 0)
(-1.53433e-301 -5.01161e-302 0)
(-2.0378e-301 -4.71569e-302 0)
(-2.48363e-301 -4.34175e-302 0)
(-2.69359e-301 -4.08856e-302 0)
(-2.48811e-301 -4.22492e-302 0)
(-1.73432e-301 -4.97572e-302 0)
(-2.78099e-302 -6.50276e-302 0)
(1.9861e-301 -8.77748e-302 0)
(5.05333e-301 -1.15247e-301 0)
(3.38925e-301 -1.43319e-301 0)
(-1.86739e-302 -6.00758e-302 0)
(-5.88826e-302 -5.95767e-302 0)
(-1.04159e-301 -5.84061e-302 0)
(-1.53204e-301 -5.63087e-302 0)
(-2.03511e-301 -5.31906e-302 0)
(-2.48143e-301 -4.9517e-302 0)
(-2.6938e-301 -4.79954e-302 0)
(-2.49373e-301 -5.2061e-302 0)
(-1.74897e-301 -6.49265e-302 0)
(-3.04726e-302 -8.88925e-302 0)
(1.94719e-301 -1.2354e-301 0)
(5.00541e-301 -1.64912e-301 0)
(3.36368e-301 -2.07003e-301 0)
(-1.86337e-302 -6.32491e-302 0)
(-5.87616e-302 -6.27365e-302 0)
(-1.03951e-301 -6.15539e-302 0)
(-1.52917e-301 -5.9466e-302 0)
(-2.03192e-301 -5.64656e-302 0)
(-2.47948e-301 -5.33479e-302 0)
(-2.69637e-301 -5.36211e-302 0)
(-2.50591e-301 -6.15529e-302 0)
(-1.77698e-301 -8.15113e-302 0)
(-3.53664e-302 -1.16652e-301 0)
(1.87677e-301 -1.66452e-301 0)
(4.91926e-301 -2.25471e-301 0)
(3.31778e-301 -2.85348e-301 0)
(-1.85843e-302 -6.32534e-302 0)
(-5.8615e-302 -6.27577e-302 0)
(-1.03705e-301 -6.16492e-302 0)
(-1.52587e-301 -5.97258e-302 0)
(-2.02861e-301 -5.71267e-302 0)
(-2.47874e-301 -5.50527e-302 0)
(-2.70358e-301 -5.79481e-302 0)
(-2.52944e-301 -7.09873e-302 0)
(-1.82717e-301 -9.99818e-302 0)
(-4.39081e-302 -1.49179e-301 0)
(1.75505e-301 -2.18034e-301 0)
(4.77086e-301 -2.99338e-301 0)
(3.2388e-301 -3.81747e-301 0)
(-1.85278e-302 -6.0104e-302 0)
(-5.84507e-302 -5.96605e-302 0)
(-1.03437e-301 -5.87117e-302 0)
(-1.52244e-301 -5.7112e-302 0)
(-2.02583e-301 -5.51909e-302 0)
(-2.48079e-301 -5.4652e-302 0)
(-2.71903e-301 -6.10213e-302 0)
(-2.57171e-301 -8.04985e-302 0)
(-1.91312e-301 -1.20658e-301 0)
(-5.82978e-302 -1.8723e-301 0)
(1.55101e-301 -2.7985e-301 0)
(4.52235e-301 -3.89287e-301 0)
(3.10654e-301 -5.00342e-301 0)
(-1.84689e-302 -5.36842e-302 0)
(-5.82839e-302 -5.33287e-302 0)
(-1.03175e-301 -5.26204e-302 0)
(-1.51946e-301 -5.15071e-302 0)
(-2.02467e-301 -5.05427e-302 0)
(-2.48807e-301 -5.2034e-302 0)
(-2.74817e-301 -6.27082e-302 0)
(-2.64383e-301 -8.99367e-302 0)
(-2.05534e-301 -1.43483e-301 0)
(-8.19103e-302 -2.31136e-301 0)
(1.21612e-301 -3.53232e-301 0)
(4.11354e-301 -4.98348e-301 0)
(2.88875e-301 -6.46244e-301 0)
(-1.84148e-302 -4.3736e-302 0)
(-5.81417e-302 -4.35044e-302 0)
(-1.02974e-301 -4.31214e-302 0)
(-1.51784e-301 -4.26506e-302 0)
(-2.02688e-301 -4.29129e-302 0)
(-2.50424e-301 -4.68799e-302 0)
(-2.79883e-301 -6.25695e-302 0)
(-2.76178e-301 -9.8647e-302 0)
(-2.28396e-301 -1.67595e-301 0)
(-1.19858e-301 -2.80196e-301 0)
(6.74351e-302 -4.3859e-301 0)
(3.44772e-301 -6.29434e-301 0)
(2.53307e-301 -8.25726e-301 0)
(-1.83795e-302 -2.9837e-302 0)
(-5.8068e-302 -2.97704e-302 0)
(-1.02918e-301 -2.9794e-302 0)
(-1.51902e-301 -3.01142e-302 0)
(-2.03495e-301 -3.18301e-302 0)
(-2.53428e-301 -3.85947e-302 0)
(-2.88149e-301 -5.96456e-302 0)
(-2.94715e-301 -1.05016e-301 0)
(-2.64129e-301 -1.90488e-301 0)
(-1.79731e-301 -3.31324e-301 0)
(-1.93856e-302 -5.33832e-301 0)
(2.36589e-301 -7.84265e-301 0)
(1.952e-301 -1.04651e-300 0)
(-1.83859e-302 -1.137e-302 0)
(-5.81332e-302 -1.15329e-302 0)
(-1.0313e-301 -1.20295e-302 0)
(-1.52501e-301 -1.32528e-302 0)
(-2.05219e-301 -1.65586e-302 0)
(-2.58425e-301 -2.61478e-302 0)
(-3.00832e-301 -5.21277e-302 0)
(-3.2256e-301 -1.05722e-301 0)
(-3.18158e-301 -2.06439e-301 0)
(-2.72327e-301 -3.76221e-301 0)
(-1.5772e-301 -6.30461e-301 0)
(5.97006e-302 -9.60288e-301 0)
(9.91995e-302 -1.31809e-300 0)
(-1.84763e-302 9.64147e-303 0)
(-5.84171e-302 9.2106e-303 0)
(-1.03708e-301 8.25969e-303 0)
(-1.53697e-301 6.17723e-303 0)
(-2.07911e-301 1.46016e-303 0)
(-2.65178e-301 -1.03092e-302 0)
(-3.17013e-301 -3.93004e-302 0)
(-3.57755e-301 -9.71954e-302 0)
(-3.87879e-301 -2.06601e-301 0)
(-3.97e-301 -3.97575e-301 0)
(-3.54416e-301 -7.01345e-301 0)
(-2.04414e-301 -1.12651e-300 0)
(-4.7059e-302 -1.61761e-300 0)
(-1.86278e-302 2.83342e-302 0)
(-5.88416e-302 2.77134e-302 0)
(-1.04488e-301 2.6419e-302 0)
(-1.55153e-301 2.37165e-302 0)
(-2.10817e-301 1.80928e-302 0)
(-2.71795e-301 5.30373e-303 0)
(-3.3218e-301 -2.39827e-302 0)
(-3.90639e-301 -8.0847e-302 0)
(-4.54976e-301 -1.88981e-301 0)
(-5.24279e-301 -3.8496e-301 0)
(-5.72118e-301 -7.19296e-301 0)
(-5.20704e-301 -1.23512e-300 0)
(-2.28206e-301 -1.88895e-300 0)
(-1.8778e-302 4.2492e-302 0)
(-5.92654e-302 4.17806e-302 0)
(-1.05251e-301 4.02669e-302 0)
(-1.56504e-301 3.71971e-302 0)
(-2.13321e-301 3.11411e-302 0)
(-2.77101e-301 1.82755e-302 0)
(-3.43871e-301 -9.39028e-303 0)
(-4.1584e-301 -6.1547e-302 0)
(-5.07738e-301 -1.60815e-301 0)
(-6.30515e-301 -3.4651e-301 0)
(-7.71474e-301 -6.85949e-301 0)
(-8.41575e-301 -1.27063e-300 0)
(-4.20369e-301 -2.10936e-300 0)
(-1.89105e-302 5.2663e-302 0)
(-5.96467e-302 5.19078e-302 0)
(-1.05934e-301 5.02617e-302 0)
(-1.57667e-301 4.7003e-302 0)
(-2.15357e-301 4.08248e-302 0)
(-2.81151e-301 2.84104e-302 0)
(-3.52435e-301 3.25883e-303 0)
(-4.34081e-301 -4.25716e-302 0)
(-5.46615e-301 -1.29206e-301 0)
(-7.13189e-301 -2.94979e-301 0)
(-9.42784e-301 -6.17591e-301 0)
(-1.15425e-300 -1.2422e-300 0)
(-6.17945e-301 -2.28843e-300 0)
(-1.90221e-302 5.92989e-302 0)
(-5.99729e-302 5.85261e-302 0)
(-1.06512e-301 5.68243e-302 0)
(-1.58624e-301 5.35086e-302 0)
(-2.16958e-301 4.74158e-302 0)
(-2.84156e-301 3.57429e-302 0)
(-3.58515e-301 1.34165e-302 0)
(-4.46775e-301 -2.57068e-302 0)
(-5.73896e-301 -9.85753e-302 0)
(-7.73925e-301 -2.39745e-301 0)
(-1.08202e-300 -5.29339e-301 0)
(-1.44939e-300 -1.16047e-300 0)
(-8.15921e-301 -2.43392e-300 0)
(-1.91139e-302 6.26428e-302 0)
(-6.02402e-302 6.18745e-302 0)
(-1.06985e-301 6.01798e-302 0)
(-1.59388e-301 5.6923e-302 0)
(-2.18189e-301 5.10786e-302 0)
(-2.86344e-301 4.03216e-302 0)
(-3.62736e-301 2.08608e-302 0)
(-4.55356e-301 -1.18048e-302 0)
(-5.92305e-301 -7.13027e-302 0)
(-8.16367e-301 -1.86838e-301 0)
(-1.18944e-300 -4.33692e-301 0)
(-1.7207e-300 -1.03754e-300 0)
(-1.00963e-300 -2.55213e-300 0)
(-1.91871e-302 6.28061e-302 0)
(-6.04528e-302 6.20658e-302 0)
(-1.07358e-301 6.04392e-302 0)
(-1.5998e-301 5.73458e-302 0)
(-2.19113e-301 5.18924e-302 0)
(-2.87909e-301 4.22011e-302 0)
(-3.65612e-301 2.5544e-302 0)
(-4.61011e-301 -1.15492e-303 0)
(-6.0431e-301 -4.84114e-302 0)
(-8.44691e-301 -1.39546e-301 0)
(-1.26819e-300 -3.39798e-301 0)
(-1.96462e-300 -8.86198e-301 0)
(-1.19489e-300 -2.64817e-300 0)
(-1.9243e-302 5.97789e-302 0)
(-6.06162e-302 5.90848e-302 0)
(-1.07641e-301 5.75879e-302 0)
(-1.60425e-301 5.47606e-302 0)
(-2.1979e-301 4.98546e-302 0)
(-2.89006e-301 4.13712e-302 0)
(-3.6753e-301 2.74705e-302 0)
(-4.64643e-301 6.21258e-303 0)
(-6.11874e-301 -3.0152e-302 0)
(-8.62741e-301 -9.92504e-302 0)
(-1.32291e-300 -2.53467e-301 0)
(-2.17982e-300 -7.18711e-301 0)
(-1.36827e-300 -2.72622e-300 0)
(-1.9285e-302 5.34049e-302 0)
(-6.07362e-302 5.27919e-302 0)
(-1.07847e-301 5.14862e-302 0)
(-1.60745e-301 4.90408e-302 0)
(-2.20267e-301 4.48395e-302 0)
(-2.89749e-301 3.77506e-302 0)
(-3.68771e-301 2.66146e-302 0)
(-4.66896e-301 1.03596e-302 0)
(-6.16448e-301 -1.64134e-302 0)
(-8.73656e-301 -6.61789e-302 0)
(-1.35864e-300 -1.77726e-301 0)
(-2.36673e-300 -5.45859e-301 0)
(-1.52726e-300 -2.78964e-300 0)
(-1.93142e-302 4.34102e-302 0)
(-6.08189e-302 4.29037e-302 0)
(-1.07988e-301 4.18587e-302 0)
(-1.60961e-301 3.99213e-302 0)
(-2.20584e-301 3.66194e-302 0)
(-2.90227e-301 3.1154e-302 0)
(-3.69532e-301 2.28823e-302 0)
(-4.68219e-301 1.1331e-302 0)
(-6.1905e-301 -6.93341e-303 0)
(-8.79804e-301 -3.9979e-302 0)
(-1.38016e-300 -1.13613e-301 0)
(-2.52699e-300 -3.76249e-301 0)
(-1.6704e-300 -2.84116e-300 0)
(-1.93326e-302 2.93523e-302 0)
(-6.08697e-302 2.89865e-302 0)
(-1.08072e-301 2.82973e-302 0)
(-1.61091e-301 2.70154e-302 0)
(-2.20771e-301 2.48398e-302 0)
(-2.90501e-301 2.12956e-302 0)
(-3.69953e-301 1.60972e-302 0)
(-4.68918e-301 9.12419e-303 0)
(-6.20375e-301 -1.47715e-303 0)
(-8.82876e-301 -2.0054e-302 0)
(-1.39152e-300 -6.08948e-302 0)
(-2.66294e-300 -2.16142e-301 0)
(-1.79717e-300 -2.88303e-300 0)
(-1.93422e-302 1.06213e-302 0)
(-6.08944e-302 1.0479e-302 0)
(-1.0811e-301 1.02362e-302 0)
(-1.61149e-301 9.77721e-303 0)
(-2.20855e-301 8.99996e-303 0)
(-2.90621e-301 7.75236e-303 0)
(-3.70129e-301 5.95434e-303 0)
(-4.69199e-301 3.6009e-303 0)
(-6.20886e-301 1.39375e-304 0)
(-8.8403e-301 -5.79519e-303 0)
(-1.39597e-300 -1.86443e-302 0)
(-2.77726e-300 -6.95527e-302 0)
(-1.90786e-300 -1.4509e-300 0)
(3.61199e-305 4.12799e-306 0)
(5.99686e-305 0 0)
(5.02504e-305 0 0)
(4.8852e-305 0 0)
(3.749e-305 0 0)
(2.95409e-305 0 0)
(2.66034e-305 0 0)
(1.9064e-305 0 0)
(1.68538e-305 0 0)
(1.46665e-305 0 0)
(1.26452e-305 0 0)
(9.37324e-306 0 0)
(2.10422e-306 0 0)
(3.60573e-305 -3.35416e-306 0)
(5.98594e-305 -2.91997e-306 0)
(5.05219e-305 0 0)
(4.89609e-305 0 0)
(3.73252e-305 -7.70585e-306 0)
(2.95586e-305 0 0)
(2.68678e-305 0 0)
(1.91915e-305 0 0)
(1.66179e-305 0 0)
(1.45079e-305 0 0)
(1.2795e-305 0 0)
(9.13938e-306 -3.48167e-306 0)
(1.95402e-306 0 0)
(3.57709e-305 2.7254e-306 0)
(5.99081e-305 -7.1178e-306 0)
(5.06039e-305 -4.13093e-306 0)
(4.85485e-305 0 0)
(3.73723e-305 -6.26132e-306 0)
(2.99794e-305 2.7254e-306 0)
(2.65944e-305 0 0)
(1.89354e-305 0 0)
(1.67534e-305 0 0)
(1.4595e-305 -6.73614e-306 0)
(1.26018e-305 -5.04071e-306 0)
(8.84063e-306 -5.658e-306 0)
(2.38159e-306 -6.3509e-306 0)
(3.51552e-305 4.429e-306 0)
(5.904e-305 -9.63918e-306 0)
(5.07679e-305 -3.35656e-306 0)
(4.85791e-305 -2.92205e-306 0)
(3.7521e-305 -1.01752e-305 0)
(3.01726e-305 2.2145e-306 0)
(2.61244e-305 -5.16037e-306 0)
(1.91871e-305 -2.89616e-306 0)
(1.66605e-305 0 0)
(1.43677e-305 -5.4734e-306 0)
(1.25433e-305 -6.14368e-306 0)
(8.62006e-306 -6.89605e-306 0)
(2.58018e-306 -7.74055e-306 0)
(3.39632e-305 1.79938e-306 0)
(5.8546e-305 -6.26579e-306 0)
(5.09672e-305 -2.72734e-306 0)
(4.82278e-305 -9.49716e-306 0)
(3.798e-305 -1.03347e-305 0)
(2.99146e-305 -3.59875e-306 0)
(2.64684e-305 -1.04825e-305 0)
(1.95614e-305 -7.05975e-306 0)
(1.61788e-305 0 0)
(1.40833e-305 -7.41228e-306 0)
(1.2688e-305 -3.328e-306 0)
(8.63847e-306 -1.12067e-305 0)
(2.09651e-306 -8.38603e-306 0)
(3.36276e-305 4.3862e-306 0)
(5.82308e-305 -5.09122e-306 0)
(5.06929e-305 -4.43216e-306 0)
(4.7748e-305 -7.71684e-306 0)
(3.82081e-305 -1.00769e-305 0)
(2.97896e-305 -4.3862e-306 0)
(2.61913e-305 -1.0221e-305 0)
(2.00772e-305 -7.64846e-306 0)
(1.63654e-305 -6.43883e-306 0)
(1.41535e-305 -7.22734e-306 0)
(1.21686e-305 -6.76035e-306 0)
(7.96765e-306 -1.06235e-305 0)
(2.55525e-306 -1.19245e-305 0)
(3.26698e-305 3.56397e-306 0)
(5.73985e-305 -5.17103e-306 0)
(5.06435e-305 -3.60132e-306 0)
(4.74188e-305 -4.70269e-306 0)
(3.821e-305 -9.55251e-306 0)
(2.99968e-305 -3.56398e-306 0)
(2.59531e-305 -6.92083e-306 0)
(2.00035e-305 -7.76837e-306 0)
(1.63494e-305 -8.7197e-306 0)
(1.41919e-305 -7.83003e-306 0)
(1.15354e-305 -1.09861e-305 0)
(7.7072e-306 -1.23315e-305 0)
(2.76833e-306 -1.10733e-305 0)
(3.11307e-305 6.75705e-306 0)
(5.63025e-305 -2.52101e-306 0)
(5.04773e-305 -1.46311e-306 0)
(4.68089e-305 -6.36856e-306 0)
(3.81161e-305 -9.97948e-306 0)
(3.04067e-305 -3.86117e-306 0)
(2.57274e-305 -7.87285e-306 0)
(1.98832e-305 -7.57455e-306 0)
(1.62958e-305 -7.08512e-306 0)
(1.39174e-305 -8.74806e-306 0)
(1.11584e-305 -8.03402e-306 0)
(7.51491e-306 -1.10219e-305 0)
(2.53056e-306 -1.12469e-305 0)
(2.9805e-305 5.49039e-306 0)
(5.56489e-305 -6.82809e-307 0)
(5.02285e-305 -1.18884e-306 0)
(4.57963e-305 -4.13978e-306 0)
(3.8066e-305 -8.10874e-306 0)
(3.05893e-305 -4.70605e-306 0)
(2.53596e-305 -5.48316e-306 0)
(2.0259e-305 -7.18041e-306 0)
(1.61195e-305 -4.60557e-306 0)
(1.35701e-305 -7.10816e-306 0)
(1.088e-305 -7.97864e-306 0)
(7.32741e-306 -9.76988e-306 0)
(1.82772e-306 -1.09663e-305 0)
(2.89976e-305 5.73579e-306 0)
(5.4094e-305 0 0)
(4.97481e-305 -9.65982e-307 0)
(4.54105e-305 -1.68187e-306 0)
(3.7885e-305 -5.12454e-306 0)
(3.09095e-305 -3.82386e-306 0)
(2.50611e-305 -4.4553e-306 0)
(2.00036e-305 -5.0009e-306 0)
(1.63722e-305 -5.61332e-306 0)
(1.26015e-305 -6.30074e-306 0)
(1.06085e-305 -7.66171e-306 0)
(6.94613e-306 -8.59998e-306 0)
(1.85637e-306 -9.65315e-306 0)
(2.77045e-305 4.66057e-306 0)
(5.31952e-305 0 0)
(4.94487e-305 0 0)
(4.47559e-305 -1.36659e-306 0)
(3.77726e-305 -2.97422e-306 0)
(3.05526e-305 -1.55352e-306 0)
(2.50391e-305 -3.62012e-306 0)
(2.01479e-305 -3.3862e-306 0)
(1.57737e-305 -3.80088e-306 0)
(1.2799e-305 -4.69298e-306 0)
(9.81707e-306 -4.78881e-306 0)
(6.45032e-306 -6.98784e-306 0)
(1.81006e-306 -7.24023e-306 0)
(2.69291e-305 3.78691e-306 0)
(5.23808e-305 1.8315e-306 0)
(4.8789e-305 0 0)
(4.44165e-305 5.55206e-307 0)
(3.77001e-305 -9.6667e-307 0)
(3.05057e-305 0 0)
(2.47576e-305 -1.47075e-306 0)
(1.98103e-305 -2.20115e-306 0)
(1.60596e-305 -2.4707e-306 0)
(1.21331e-305 -2.77327e-306 0)
(9.33867e-306 -3.89111e-306 0)
(5.67791e-306 -5.24115e-306 0)
(1.961e-306 -5.88299e-306 0)
(2.60876e-305 4.20768e-306 0)
(5.12819e-305 1.8315e-306 0)
(4.84701e-305 1.27553e-306 0)
(4.44165e-305 1.66562e-306 0)
(3.77001e-305 2.41668e-306 0)
(3.02953e-305 1.68307e-306 0)
(2.47576e-305 4.9025e-307 0)
(1.95352e-305 1.10057e-306 0)
(1.54419e-305 -6.17676e-307 0)
(1.21331e-305 -3.46659e-307 0)
(8.56045e-306 -1.94556e-306 0)
(5.24115e-306 -3.05734e-306 0)
(1.47075e-306 -3.43175e-306 0)
(2.51153e-305 5.69625e-306 0)
(5.0265e-305 2.70484e-306 0)
(4.90563e-305 2.3547e-306 0)
(4.47559e-305 3.41648e-306 0)
(3.76238e-305 5.35359e-306 0)
(3.00348e-305 3.62489e-306 0)
(2.4285e-305 6.03353e-307 0)
(1.964e-305 2.03172e-306 0)
(1.50135e-305 2.28053e-306 0)
(1.15191e-305 4.26635e-307 0)
(7.90154e-306 -4.78881e-307 0)
(4.56897e-306 -2.15011e-306 0)
(1.81006e-306 -1.20671e-306 0)
(2.42178e-305 7.01041e-306 0)
(4.91007e-305 2.77405e-306 0)
(4.92651e-305 9.65982e-307 0)
(4.56208e-305 5.04561e-306 0)
(3.75189e-305 7.32077e-306 0)
(2.93163e-305 5.73579e-306 0)
(2.43185e-305 1.4851e-306 0)
(1.95869e-305 4.16742e-306 0)
(1.49689e-305 1.87111e-306 0)
(1.10263e-305 2.10025e-306 0)
(7.36702e-306 5.89362e-307 0)
(4.63076e-306 -1.32307e-306 0)
(1.85637e-306 0 0)
(2.31381e-305 7.05907e-306 0)
(4.84794e-305 1.36562e-306 0)
(4.9634e-305 2.37768e-306 0)
(4.6055e-305 5.17472e-306 0)
(3.8066e-305 9.00971e-306 0)
(2.86285e-305 6.27473e-306 0)
(2.37604e-305 0 0)
(1.97461e-305 4.10309e-306 0)
(1.46802e-305 2.30278e-306 0)
(1.09853e-305 2.58479e-306 0)
(6.52798e-306 7.25331e-307 0)
(4.47786e-306 -8.14157e-307 0)
(2.28465e-306 0 0)
(2.22017e-305 6.75705e-306 0)
(4.76891e-305 2.52101e-306 0)
(4.99287e-305 1.46311e-306 0)
(4.69681e-305 6.36856e-306 0)
(3.81161e-305 8.87064e-306 0)
(2.76315e-305 7.72235e-306 0)
(2.41809e-305 -1.12469e-306 0)
(2.0041e-305 6.31212e-306 0)
(1.43474e-305 5.6681e-306 0)
(1.05374e-305 2.38583e-306 0)
(6.02552e-306 8.92669e-307 0)
(4.50894e-306 -1.00199e-306 0)
(2.24939e-306 1.12469e-306 0)
(2.16808e-305 9.50393e-306 0)
(4.67979e-305 2.06841e-306 0)
(5.06435e-305 1.80066e-306 0)
(4.78107e-305 9.40539e-306 0)
(3.80395e-305 1.09172e-305 0)
(2.68783e-305 9.50393e-306 0)
(2.40499e-305 -4.1525e-306 0)
(2.07804e-305 9.32204e-306 0)
(1.39515e-305 5.23182e-306 0)
(1.00322e-305 2.93626e-306 0)
(5.49306e-306 3.29584e-306 0)
(4.62432e-306 -1.23315e-306 0)
(2.76833e-306 1.38417e-306 0)
(2.15655e-305 1.02345e-305 0)
(4.5821e-305 0 0)
(5.09699e-305 -2.21608e-306 0)
(4.84714e-305 5.78763e-306 0)
(3.8418e-305 1.34358e-305 0)
(2.59517e-305 1.16965e-305 0)
(2.3849e-305 -3.407e-306 0)
(2.12723e-305 9.56057e-306 0)
(1.34142e-305 4.29255e-306 0)
(9.9376e-306 2.40911e-306 0)
(5.40828e-306 2.70414e-306 0)
(4.55294e-306 -1.51765e-306 0)
(2.98113e-306 3.407e-306 0)
(1.97931e-305 1.25956e-305 0)
(4.52312e-305 -1.56645e-306 0)
(5.13082e-305 -2.72734e-306 0)
(4.95633e-305 7.12287e-306 0)
(3.84967e-305 1.44686e-305 0)
(2.50788e-305 1.25956e-305 0)
(2.42409e-305 -2.09651e-306 0)
(2.17676e-305 1.17663e-305 0)
(1.27119e-305 5.28287e-306 0)
(1.00066e-305 4.44737e-306 0)
(4.784e-306 4.992e-306 0)
(4.66944e-306 -1.86778e-306 0)
(3.66889e-306 2.09651e-306 0)
(1.91001e-305 1.10725e-305 0)
(4.43402e-305 1.92784e-306 0)
(5.16071e-305 0 0)
(5.00401e-305 5.8441e-306 0)
(3.87929e-305 7.63138e-306 0)
(2.47747e-305 8.85801e-306 0)
(2.41892e-305 0 0)
(2.19022e-305 1.15846e-305 0)
(1.21906e-305 3.25083e-306 0)
(1.00346e-305 1.82447e-306 0)
(4.60776e-306 -4.09579e-306 0)
(4.31003e-306 -2.29868e-306 0)
(3.87028e-306 -2.58018e-306 0)
(1.87371e-305 1.09016e-305 0)
(4.30033e-305 4.7452e-306 0)
(5.18949e-305 -8.26187e-306 0)
(5.05714e-305 7.19237e-306 0)
(3.89376e-305 3.13066e-306 0)
(2.46989e-305 8.1762e-306 0)
(2.40143e-305 0 0)
(2.18315e-305 7.12864e-306 0)
(1.22525e-305 -4.00081e-306 0)
(9.54287e-306 -2.24538e-306 0)
(4.41062e-306 -2.52035e-306 0)
(4.2435e-306 -2.829e-306 0)
(3.96931e-306 3.17545e-306 0)
(1.84479e-305 6.70833e-306 0)
(4.30696e-305 2.91997e-306 0)
(5.17929e-305 0 0)
(5.08972e-305 8.85169e-306 0)
(3.877e-305 3.85292e-306 0)
(2.45273e-305 6.70833e-306 0)
(2.39368e-305 0 0)
(2.19331e-305 0 0)
(1.20018e-305 0 0)
(9.67191e-306 0 0)
(4.26499e-306 3.10181e-306 0)
(4.7873e-306 3.48167e-306 0)
(3.90804e-306 0 0)
(1.8576e-305 4.12799e-306 0)
(4.26743e-305 0 0)
(5.18146e-305 0 0)
(5.08946e-305 0 0)
(3.88236e-305 0 0)
(2.43809e-305 0 0)
(2.40482e-305 0 0)
(2.1932e-305 0 0)
(1.17408e-305 0 0)
(9.99025e-306 0 0)
(4.2946e-306 0 0)
(4.82052e-306 0 0)
(3.90784e-306 0 0)
(-3.26686e-301 -1.53148e-302 0)
(-4.58171e-301 -1.11223e-302 0)
(-1.2168e-301 -7.01394e-303 0)
(1.0433e-301 -3.66577e-303 0)
(2.25836e-301 -1.39409e-303 0)
(2.64155e-301 -6.60478e-305 0)
(2.50563e-301 5.57919e-304 0)
(2.14937e-301 8.47588e-304 0)
(1.72728e-301 9.99863e-304 0)
(1.29865e-301 1.0815e-303 0)
(8.88566e-302 1.1185e-303 0)
(5.077e-302 1.1355e-303 0)
(1.62671e-302 1.11584e-303 0)
(-3.26401e-301 -4.94974e-302 0)
(-4.57643e-301 -3.80472e-302 0)
(-1.21265e-301 -2.71789e-302 0)
(1.04604e-301 -1.90621e-302 0)
(2.2599e-301 -1.46758e-302 0)
(2.64231e-301 -1.3477e-302 0)
(2.506e-301 -1.41237e-302 0)
(2.14957e-301 -1.51295e-302 0)
(1.7274e-301 -1.60172e-302 0)
(1.29872e-301 -1.66771e-302 0)
(8.886e-302 -1.71313e-302 0)
(5.07693e-302 -1.73909e-302 0)
(1.62653e-302 -1.75666e-302 0)
(-3.25795e-301 -9.15652e-302 0)
(-4.56544e-301 -7.14603e-302 0)
(-1.2047e-301 -5.25785e-302 0)
(1.05023e-301 -3.89647e-302 0)
(2.26101e-301 -3.23585e-302 0)
(2.64163e-301 -3.17427e-302 0)
(2.50467e-301 -3.43234e-302 0)
(2.14821e-301 -3.7158e-302 0)
(1.72623e-301 -3.952e-302 0)
(1.29781e-301 -4.12297e-302 0)
(8.87977e-302 -4.2347e-302 0)
(5.073e-302 -4.29782e-302 0)
(1.625e-302 -4.33195e-302 0)
(-3.24472e-301 -1.43318e-301 0)
(-4.54136e-301 -1.10388e-301 0)
(-1.18695e-301 -7.91845e-302 0)
(1.06017e-301 -5.60508e-302 0)
(2.26449e-301 -4.37329e-302 0)
(2.6413e-301 -4.0687e-302 0)
(2.50284e-301 -4.29317e-302 0)
(2.14615e-301 -4.60663e-302 0)
(1.7244e-301 -4.88144e-302 0)
(1.29638e-301 -5.08497e-302 0)
(8.86978e-302 -5.21987e-302 0)
(5.06693e-302 -5.29732e-302 0)
(1.62277e-302 -5.33556e-302 0)
(-3.21929e-301 -2.07002e-301 0)
(-4.4949e-301 -1.57622e-301 0)
(-1.1522e-301 -1.10556e-301 0)
(1.08043e-301 -7.49753e-302 0)
(2.27271e-301 -5.48566e-302 0)
(2.64228e-301 -4.79929e-302 0)
(2.50083e-301 -4.91128e-302 0)
(2.14347e-301 -5.20704e-302 0)
(1.72192e-301 -5.49154e-302 0)
(1.29439e-301 -5.70968e-302 0)
(8.85584e-302 -5.85561e-302 0)
(5.05836e-302 -5.94028e-302 0)
(1.61979e-302 -5.9805e-302 0)
(-3.17363e-301 -2.85353e-301 0)
(-4.41127e-301 -2.15101e-301 0)
(-1.08908e-301 -1.47877e-301 0)
(1.11821e-301 -9.64161e-302 0)
(2.28943e-301 -6.61176e-302 0)
(2.6462e-301 -5.39401e-302 0)
(2.49925e-301 -5.31083e-302 0)
(2.14042e-301 -5.54379e-302 0)
(1.71885e-301 -5.80976e-302 0)
(1.29188e-301 -6.02387e-302 0)
(8.83793e-302 -6.1699e-302 0)
(5.04754e-302 -6.25589e-302 0)
(1.61607e-302 -6.29546e-302 0)
(-3.09508e-301 -3.81753e-301 0)
(-4.26719e-301 -2.8507e-301 0)
(-9.79714e-302 -1.92429e-301 0)
(1.18485e-301 -1.21013e-301 0)
(2.3206e-301 -7.78461e-302 0)
(2.65571e-301 -5.87153e-302 0)
(2.49916e-301 -5.50746e-302 0)
(2.13744e-301 -5.63051e-302 0)
(1.7154e-301 -5.849e-302 0)
(1.28893e-301 -6.04175e-302 0)
(8.8164e-302 -6.17805e-302 0)
(5.03462e-302 -6.25923e-302 0)
(1.61165e-302 -6.29602e-302 0)
(-2.96353e-301 -5.00354e-301 0)
(-4.02591e-301 -3.70075e-301 0)
(-7.96179e-302 -2.45453e-301 0)
(1.29783e-301 -1.4926e-301 0)
(2.3754e-301 -9.02056e-302 0)
(2.67492e-301 -6.23772e-302 0)
(2.50231e-301 -5.50357e-302 0)
(2.13535e-301 -5.46895e-302 0)
(1.71201e-301 -5.61127e-302 0)
(1.28575e-301 -5.76497e-302 0)
(8.79257e-302 -5.88073e-302 0)
(5.02021e-302 -5.95151e-302 0)
(1.60688e-302 -5.9828e-302 0)
(-2.74694e-301 -6.46257e-301 0)
(-3.6292e-301 -4.72812e-301 0)
(-4.95089e-302 -3.07858e-301 0)
(1.48376e-301 -1.81245e-301 0)
(2.46759e-301 -1.03068e-301 0)
(2.71005e-301 -6.47866e-302 0)
(2.51143e-301 -5.28714e-302 0)
(2.13551e-301 -5.04793e-302 0)
(1.70939e-301 -5.08593e-302 0)
(1.28278e-301 -5.1825e-302 0)
(8.76882e-302 -5.26699e-302 0)
(5.00564e-302 -5.32125e-302 0)
(1.60204e-302 -5.34499e-302 0)
(-2.39337e-301 -8.25739e-301 0)
(-2.98387e-301 -5.9567e-301 0)
(-9.13336e-304 -3.79546e-301 0)
(1.78242e-301 -2.16122e-301 0)
(2.61715e-301 -1.15716e-301 0)
(2.77005e-301 -6.54887e-302 0)
(2.5305e-301 -4.82598e-302 0)
(2.13997e-301 -4.33987e-302 0)
(1.70873e-301 -4.24648e-302 0)
(1.28073e-301 -4.2686e-302 0)
(8.7494e-302 -4.31083e-302 0)
(4.99315e-302 -4.34286e-302 0)
(1.59797e-302 -4.35713e-302 0)
(-1.81615e-301 -1.04652e-300 0)
(-1.93782e-301 -7.395e-301 0)
(7.65676e-302 -4.57844e-301 0)
(2.25133e-301 -2.51047e-301 0)
(2.85151e-301 -1.26295e-301 0)
(2.86697e-301 -6.34677e-302 0)
(2.56501e-301 -4.05622e-302 0)
(2.15169e-301 -3.29511e-302 0)
(1.71179e-301 -3.04869e-302 0)
(1.28071e-301 -2.98064e-302 0)
(8.74107e-302 -2.97045e-302 0)
(4.98631e-302 -2.97489e-302 0)
(1.5956e-302 -2.97815e-302 0)
(-8.63878e-302 -1.3181e-300 0)
(-2.34703e-302 -9.00197e-301 0)
(1.98867e-301 -5.3392e-301 0)
(2.96868e-301 -2.79034e-301 0)
(3.20422e-301 -1.30852e-301 0)
(3.01482e-301 -5.67881e-302 0)
(2.62154e-301 -2.86757e-302 0)
(2.17446e-301 -1.83454e-302 0)
(1.72101e-301 -1.42516e-302 0)
(1.28433e-301 -1.25626e-302 0)
(8.75399e-302 -1.18566e-302 0)
(4.9901e-302 -1.15812e-302 0)
(1.5964e-302 -1.15125e-302 0)
(5.82519e-302 -1.61762e-300 0)
(2.28857e-301 -1.04671e-300 0)
(3.69883e-301 -5.84009e-301 0)
(3.9156e-301 -2.87568e-301 0)
(3.65341e-301 -1.2449e-301 0)
(3.20299e-301 -4.44638e-302 0)
(2.69715e-301 -1.32161e-302 0)
(2.20837e-301 -8.8376e-304 0)
(1.73743e-301 4.59304e-303 0)
(1.2927e-301 7.21293e-303 0)
(8.79648e-302 8.50091e-303 0)
(5.00801e-302 9.08772e-303 0)
(1.60037e-302 9.24169e-303 0)
(2.36337e-301 -1.88895e-300 0)
(5.27485e-301 -1.1347e-300 0)
(5.54696e-301 -5.87694e-301 0)
(4.85672e-301 -2.71331e-301 0)
(4.07788e-301 -1.07814e-301 0)
(3.3792e-301 -2.91653e-302 0)
(2.77067e-301 2.29093e-303 0)
(2.24389e-301 1.54242e-302 0)
(1.75642e-301 2.17167e-302 0)
(1.30347e-301 2.4979e-302 0)
(8.85665e-302 2.66986e-302 0)
(5.03501e-302 2.75267e-302 0)
(1.60664e-302 2.77741e-302 0)
(4.23528e-301 -2.10937e-300 0)
(8.26267e-301 -1.15228e-300 0)
(7.19566e-301 -5.4995e-301 0)
(5.62172e-301 -2.38266e-301 0)
(4.40646e-301 -8.6328e-302 0)
(3.51481e-301 -1.42439e-302 0)
(2.82921e-301 1.53626e-302 0)
(2.27386e-301 2.83585e-302 0)
(1.77354e-301 3.49645e-302 0)
(1.31377e-301 3.85758e-302 0)
(8.91696e-302 4.05634e-302 0)
(5.0642e-302 4.15571e-302 0)
(1.61434e-302 4.18872e-302 0)
(6.13623e-301 -2.28843e-300 0)
(1.11317e-300 -1.11085e-300 0)
(8.57538e-301 -4.86329e-301 0)
(6.20308e-301 -1.97974e-301 0)
(4.6459e-301 -6.42591e-302 0)
(3.61385e-301 -1.09651e-303 0)
(2.8736e-301 2.57032e-302 0)
(2.29782e-301 3.80613e-302 0)
(1.78795e-301 4.46659e-302 0)
(1.32283e-301 4.84318e-302 0)
(8.97177e-302 5.05679e-302 0)
(5.09178e-302 5.1664e-302 0)
(1.62201e-302 5.20507e-302 0)
(8.01268e-301 -2.43391e-300 0)
(1.3801e-300 -1.02299e-300 0)
(9.66864e-301 -4.10022e-301 0)
(6.62186e-301 -1.56952e-301 0)
(4.81302e-301 -4.40339e-302 0)
(3.68378e-301 9.61722e-303 0)
(2.90632e-301 3.32898e-302 0)
(2.31638e-301 4.4753e-302 0)
(1.79962e-301 5.11574e-302 0)
(1.33041e-301 5.49354e-302 0)
(9.01877e-302 5.71264e-302 0)
(5.11605e-302 5.82716e-302 0)
(1.62901e-302 5.86887e-302 0)
(9.81855e-301 -2.55212e-300 0)
(1.62223e-300 -9.0185e-301 0)
(1.04927e-300 -3.31013e-301 0)
(6.91018e-301 -1.19028e-301 0)
(4.92583e-301 -2.68657e-302 0)
(3.732e-301 1.76167e-302 0)
(2.92996e-301 3.81393e-302 0)
(2.33045e-301 4.85694e-302 0)
(1.80881e-301 5.46307e-302 0)
(1.33653e-301 5.83043e-302 0)
(9.0574e-302 6.04731e-302 0)
(5.13639e-302 6.16218e-302 0)
(1.63494e-302 6.20466e-302 0)
(1.15165e-300 -2.64816e-300 0)
(1.83734e-300 -7.60084e-301 0)
(1.10844e-300 -2.55949e-301 0)
(7.10068e-301 -8.6091e-302 0)
(4.9998e-301 -1.32191e-302 0)
(3.76458e-301 2.28302e-302 0)
(2.94675e-301 4.02895e-302 0)
(2.3409e-301 4.95869e-302 0)
(1.81586e-301 5.51743e-302 0)
(1.34133e-301 5.86415e-302 0)
(9.08817e-302 6.07147e-302 0)
(5.15264e-302 6.18229e-302 0)
(1.63975e-302 6.22442e-302 0)
(1.30794e-300 -2.72621e-300 0)
(2.02521e-300 -6.08889e-301 0)
(1.14882e-300 -1.88629e-301 0)
(7.22144e-301 -5.87969e-302 0)
(5.04689e-301 -3.16448e-303 0)
(3.78611e-301 2.52542e-302 0)
(2.95843e-301 3.97435e-302 0)
(2.34847e-301 4.78016e-302 0)
(1.82111e-301 5.27864e-302 0)
(1.34496e-301 5.5936e-302 0)
(9.1116e-302 5.78389e-302 0)
(5.16527e-302 5.8863e-302 0)
(1.64353e-302 5.92515e-302 0)
(1.44908e-300 -2.78963e-300 0)
(2.18701e-300 -4.57337e-301 0)
(1.1748e-300 -1.30741e-301 0)
(7.2944e-301 -3.71305e-302 0)
(5.07578e-301 3.3807e-303 0)
(3.7999e-301 2.48799e-302 0)
(2.9663e-301 3.64245e-302 0)
(2.35376e-301 4.31006e-302 0)
(1.82486e-301 4.73386e-302 0)
(1.34759e-301 5.00506e-302 0)
(9.12871e-302 5.16991e-302 0)
(5.17451e-302 5.25962e-302 0)
(1.64629e-302 5.29351e-302 0)
(1.57438e-300 -2.84115e-300 0)
(2.32478e-300 -3.12144e-301 0)
(1.19025e-300 -8.26022e-302 0)
(7.33562e-301 -2.07608e-302 0)
(5.09251e-301 6.51804e-303 0)
(3.80827e-301 2.1626e-302 0)
(2.97132e-301 3.01572e-302 0)
(2.35725e-301 3.52654e-302 0)
(1.82738e-301 3.85798e-302 0)
(1.34937e-301 4.07245e-302 0)
(9.14038e-302 4.20269e-302 0)
(5.18082e-302 4.27406e-302 0)
(1.64822e-302 4.30083e-302 0)
(1.68401e-300 -2.88302e-300 0)
(2.44099e-300 -1.77794e-301 0)
(1.19832e-300 -4.3717e-302 0)
(7.35635e-301 -9.29428e-303 0)
(5.10122e-301 6.29182e-303 0)
(3.81285e-301 1.53252e-302 0)
(2.97419e-301 2.06657e-302 0)
(2.3593e-301 2.3951e-302 0)
(1.82889e-301 2.61209e-302 0)
(1.35044e-301 2.75373e-302 0)
(9.14736e-302 2.83971e-302 0)
(5.1846e-302 2.88665e-302 0)
(1.64929e-302 2.90407e-302 0)
(1.77871e-300 -1.45089e-300 0)
(2.53827e-300 -5.68763e-302 0)
(1.20146e-300 -1.32458e-302 0)
(7.36421e-301 -2.36941e-303 0)
(5.10465e-301 2.66964e-303 0)
(3.81475e-301 5.68837e-303 0)
(2.97543e-301 7.53191e-303 0)
(2.36021e-301 8.68642e-303 0)
(1.82956e-301 9.45325e-303 0)
(1.35092e-301 9.95794e-303 0)
(9.15052e-302 1.02727e-302 0)
(5.18621e-302 1.04338e-302 0)
(1.64974e-302 1.0485e-302 0)
)
;

boundaryField
{
    PNe
    {
        type            extrapolatedCalculated;
        value           nonuniform List<vector> 
270
(
(-2.01631e-06 -2.91704 0)
(-4.01181e-06 -2.91694 0)
(-4.56127e-06 -2.91682 0)
(-3.4033e-06 -2.9167 0)
(-1.97502e-06 -2.91664 0)
(-1.96483e-06 -2.91658 0)
(-1.11697e-06 -2.91655 0)
(-1.1112e-06 -2.9165 0)
(-8.29103e-07 -2.91647 0)
(-1.37471e-06 -2.91645 0)
(-1.36762e-06 -2.9164 0)
(-8.16336e-07 -2.91639 0)
(-1.62425e-06 -2.91634 0)
(-8.07934e-07 -2.91631 0)
(-5.35844e-07 -2.9163 0)
(-1.06616e-06 -2.91628 0)
(-5.30329e-07 -2.91625 0)
(-2.63796e-07 -2.91624 0)
(-2.62435e-07 -2.91622 0)
(-7.83244e-07 -2.91621 0)
(-5.19468e-07 -2.9162 0)
(-5.16788e-07 -2.91617 0)
(0 -2.91617 0)
(2.55735e-07 -2.91617 0)
(-7.63246e-07 -2.91615 0)
(-5.06205e-07 -2.91615 0)
(-2.51797e-07 -2.91613 0)
(2.50498e-07 -2.91614 0)
(0 -2.91614 0)
(-4.95839e-07 -2.91613 0)
(-2.4664e-07 -2.9161 0)
(2.45368e-07 -2.91612 0)
(-2.44102e-07 -2.91611 0)
(0 -2.91611 0)
(-7.24769e-07 -2.9161 0)
(2.40343e-07 -2.9161 0)
(-2.39103e-07 -2.91609 0)
(2.3787e-07 -2.9161 0)
(0 -2.9161 0)
(-2.35421e-07 -2.91609 0)
(-2.34207e-07 -2.91609 0)
(4.65997e-07 -2.9161 0)
(0 -2.91611 0)
(-4.61201e-07 -2.91609 0)
(2.29411e-07 -2.91609 0)
(2.28227e-07 -2.9161 0)
(4.54099e-07 -2.9161 0)
(-9.03512e-07 -2.9161 0)
(-4.49425e-07 -2.91608 0)
(2.23553e-07 -2.91608 0)
(4.448e-07 -2.91609 0)
(-2.21252e-07 -2.91609 0)
(-2.20111e-07 -2.91608 0)
(2.18975e-07 -2.91608 0)
(-2.17845e-07 -2.91608 0)
(2.16721e-07 -2.91608 0)
(4.31207e-07 -2.9161 0)
(-2.14491e-07 -2.91609 0)
(2.13384e-07 -2.9161 0)
(4.24567e-07 -2.9161 0)
(2.11188e-07 -2.91611 0)
(0 -2.91612 0)
(-2.09015e-07 -2.91611 0)
(0 -2.9161 0)
(0 -2.9161 0)
(-4.11592e-07 -2.9161 0)
(-2.04734e-07 -2.9161 0)
(0 -2.9161 0)
(0 -2.91609 0)
(0 -2.9161 0)
(2.00542e-07 -2.9161 0)
(3.99014e-07 -2.9161 0)
(1.98478e-07 -2.91612 0)
(1.97454e-07 -2.91611 0)
(-7.85739e-07 -2.91611 0)
(-1.95421e-07 -2.91609 0)
(5.83239e-07 -2.91611 0)
(-3.8682e-07 -2.9161 0)
(3.84824e-07 -2.91611 0)
(0 -2.91611 0)
(0 -2.91612 0)
(-5.68348e-07 -2.9161 0)
(1.88472e-07 -2.9161 0)
(3.74999e-07 -2.91611 0)
(0 -2.91611 0)
(0 -2.91611 0)
(0 -2.91612 0)
(0 -2.91609 0)
(1.82712e-07 -2.91612 0)
(0 -2.91611 0)
(0 -2.91613 0)
(-1.79899e-07 -2.91611 0)
(1.78971e-07 -2.9161 0)
(3.56094e-07 -2.91613 0)
(0 -2.91614 0)
(-3.52429e-07 -2.91612 0)
(-1.75306e-07 -2.91612 0)
(0 -2.9161 0)
(1.73501e-07 -2.91613 0)
(0 -2.91612 0)
(-1.71716e-07 -2.91611 0)
(0 -2.91611 0)
(1.69948e-07 -2.91613 0)
(-1.69071e-07 -2.9161 0)
(1.68199e-07 -2.91611 0)
(0 -2.91613 0)
(-1.66468e-07 -2.91612 0)
(1.65609e-07 -2.91611 0)
(-1.64755e-07 -2.91612 0)
(3.27809e-07 -2.91611 0)
(0 -2.91613 0)
(-3.24435e-07 -2.91612 0)
(0 -2.91612 0)
(0 -2.91613 0)
(1.5972e-07 -2.91612 0)
(0 -2.91611 0)
(1.58076e-07 -2.91612 0)
(1.5726e-07 -2.91612 0)
(0 -2.91614 0)
(-1.55642e-07 -2.91613 0)
(1.54839e-07 -2.91614 0)
(-1.5404e-07 -2.91614 0)
(-3.0649e-07 -2.91612 0)
(1.52455e-07 -2.91612 0)
(1.51668e-07 -2.91613 0)
(-1.50885e-07 -2.91613 0)
(-1.50107e-07 -2.91612 0)
(0 -2.91612 0)
(1.48562e-07 -2.91612 0)
(1.47796e-07 -2.91613 0)
(-1.47033e-07 -2.91612 0)
(0 -2.91612 0)
(1.4552e-07 -2.91613 0)
(-2.89538e-07 -2.91612 0)
(0 -2.91611 0)
(2.88044e-07 -2.91613 0)
(1.44769e-07 -2.91614 0)
(0 -2.91614 0)
(-1.46274e-07 -2.91613 0)
(0 -2.91612 0)
(0 -2.91613 0)
(-2.97124e-07 -2.91613 0)
(0 -2.91611 0)
(3.00214e-07 -2.91612 0)
(-1.50885e-07 -2.91613 0)
(1.51668e-07 -2.91612 0)
(-1.52455e-07 -2.91612 0)
(1.53245e-07 -2.91612 0)
(0 -2.91613 0)
(0 -2.91613 0)
(-1.55642e-07 -2.91613 0)
(0 -2.91612 0)
(0 -2.91612 0)
(0 -2.91612 0)
(-1.58896e-07 -2.91612 0)
(1.5972e-07 -2.91612 0)
(1.60548e-07 -2.91613 0)
(0 -2.91613 0)
(-1.62218e-07 -2.91613 0)
(0 -2.91613 0)
(-1.63905e-07 -2.91612 0)
(1.64755e-07 -2.91612 0)
(0 -2.91611 0)
(0 -2.91613 0)
(-5.01994e-07 -2.91611 0)
(-1.68199e-07 -2.9161 0)
(5.07214e-07 -2.9161 0)
(0 -2.91613 0)
(1.7083e-07 -2.91611 0)
(0 -2.91613 0)
(-5.17818e-07 -2.9161 0)
(0 -2.9161 0)
(3.48802e-07 -2.9161 0)
(1.75306e-07 -2.91611 0)
(-1.76215e-07 -2.91612 0)
(1.77129e-07 -2.91611 0)
(0 -2.91612 0)
(1.78971e-07 -2.91612 0)
(-3.59798e-07 -2.91612 0)
(0 -2.91611 0)
(3.63539e-07 -2.91612 0)
(-1.82712e-07 -2.91613 0)
(-1.8366e-07 -2.91611 0)
(1.84612e-07 -2.91612 0)
(0 -2.91611 0)
(-1.86532e-07 -2.91611 0)
(1.875e-07 -2.91611 0)
(-1.88472e-07 -2.91612 0)
(0 -2.91611 0)
(-3.80864e-07 -2.91611 0)
(0 -2.9161 0)
(-1.92412e-07 -2.9161 0)
(0 -2.9161 0)
(5.83239e-07 -2.9161 0)
(0 -2.91611 0)
(0 -2.91611 0)
(0 -2.91611 0)
(1.98478e-07 -2.91611 0)
(-1.99507e-07 -2.91612 0)
(0 -2.91611 0)
(0 -2.9161 0)
(-4.05254e-07 -2.91611 0)
(0 -2.9161 0)
(0 -2.9161 0)
(-2.05796e-07 -2.9161 0)
(0 -2.91609 0)
(2.07936e-07 -2.9161 0)
(-2.09015e-07 -2.9161 0)
(2.10099e-07 -2.9161 0)
(-2.11188e-07 -2.91611 0)
(-4.24567e-07 -2.91609 0)
(0 -2.91608 0)
(0 -2.91608 0)
(2.15603e-07 -2.91608 0)
(0 -2.91609 0)
(-2.17845e-07 -2.91609 0)
(2.18975e-07 -2.91608 0)
(0 -2.91608 0)
(0 -2.91608 0)
(-2.224e-07 -2.91608 0)
(0 -2.91607 0)
(-2.24713e-07 -2.91608 0)
(0 -2.91607 0)
(2.27049e-07 -2.91608 0)
(0 -2.91607 0)
(-2.29411e-07 -2.91608 0)
(4.61201e-07 -2.91607 0)
(4.63592e-07 -2.91609 0)
(-2.32998e-07 -2.9161 0)
(-2.34207e-07 -2.91609 0)
(2.35421e-07 -2.91609 0)
(-2.36642e-07 -2.91609 0)
(2.3787e-07 -2.91609 0)
(0 -2.9161 0)
(0 -2.91608 0)
(7.24769e-07 -2.9161 0)
(0 -2.91612 0)
(0 -2.9161 0)
(2.45368e-07 -2.91611 0)
(2.4664e-07 -2.91611 0)
(2.4792e-07 -2.91612 0)
(-4.98411e-07 -2.91614 0)
(0 -2.91611 0)
(0 -2.91613 0)
(2.53103e-07 -2.91612 0)
(7.63246e-07 -2.91615 0)
(1.02294e-06 -2.91617 0)
(5.14122e-07 -2.91619 0)
(2.58394e-07 -2.9162 0)
(0 -2.91622 0)
(5.22162e-07 -2.9162 0)
(5.2487e-07 -2.91623 0)
(2.63796e-07 -2.91624 0)
(7.95493e-07 -2.91626 0)
(7.99619e-07 -2.91628 0)
(5.35844e-07 -2.9163 0)
(5.38623e-07 -2.91631 0)
(1.08283e-06 -2.91633 0)
(1.36056e-06 -2.91638 0)
(1.09409e-06 -2.91641 0)
(5.49883e-07 -2.91644 0)
(1.10547e-06 -2.91645 0)
(1.389e-06 -2.91649 0)
(1.67545e-06 -2.91654 0)
(1.68414e-06 -2.91659 0)
(1.97502e-06 -2.91663 0)
(3.1197e-06 -2.9167 0)
(4.27619e-06 -2.91681 0)
(4.87149e-06 -2.91692 0)
(2.30435e-06 -2.91704 0)
)
;
    }
    PPe
    {
        type            extrapolatedCalculated;
        value           nonuniform List<vector> 
270
(
(2.30435e-06 0 0)
(4.58493e-06 0 0)
(3.13587e-06 0 0)
(-8.50826e-07 0 0)
(5.92505e-06 0 0)
(1.01048e-05 0 0)
(5.58483e-06 0 0)
(1.16676e-05 0 0)
(1.07783e-05 0 0)
(8.52319e-06 0 0)
(3.82932e-06 0 0)
(-8.16336e-07 0 0)
(-8.12124e-07 4.33133e-06 0)
(1.61587e-06 0 0)
(2.67922e-06 0 0)
(-2.39886e-06 0 0)
(-1.59099e-06 -8.48526e-06 0)
(-1.58278e-06 0 0)
(-4.4614e-06 0 0)
(-2.34973e-06 -4.1773e-06 0)
(5.45442e-06 -4.15575e-06 0)
(9.30219e-06 -4.13431e-06 0)
(3.85592e-06 8.22595e-06 0)
(-5.11469e-07 0 0)
(-1.78091e-06 0 0)
(1.51862e-06 -4.04964e-06 0)
(-5.03594e-07 0 0)
(-4.50896e-06 0 0)
(-2.74126e-06 0 0)
(-7.68551e-06 0 0)
(-1.03589e-05 0 0)
(-6.8703e-06 0 0)
(-5.61435e-06 0 0)
(-7.28528e-07 0 0)
(-2.17431e-06 0 0)
(-7.2103e-06 0 0)
(-3.82565e-06 0 0)
(-1.02284e-05 0 0)
(-1.34886e-05 0 0)
(-5.88553e-06 0 0)
(-4.44993e-06 0 0)
(-4.65997e-07 0 0)
(-2.78155e-06 0 0)
(-8.53221e-06 0 0)
(-1.10117e-05 0 0)
(-1.25525e-05 0 0)
(-8.62788e-06 0 0)
(-6.55046e-06 0 0)
(-3.5954e-06 0 0)
(0 0 0)
(-5.3376e-06 0 0)
(-6.63757e-06 3.54004e-06 0)
(-5.50277e-06 0 0)
(8.75901e-07 0 0)
(2.17845e-06 0 0)
(2.38394e-06 0 0)
(2.37164e-06 6.89931e-06 0)
(1.93042e-06 -6.86371e-06 0)
(-2.13384e-07 0 0)
(-1.10387e-05 0 0)
(-4.64614e-06 0 0)
(1.68079e-06 0 0)
(-8.36058e-07 0 0)
(1.45555e-06 0 0)
(6.2059e-06 3.30981e-06 0)
(5.3507e-06 0 0)
(1.84261e-06 0 0)
(-3.46253e-06 0 0)
(-6.68669e-06 0 0)
(-5.03954e-06 0 0)
(-1.00271e-06 0 0)
(-1.79556e-06 0 0)
(-2.38173e-06 0 0)
(5.92361e-07 0 0)
(5.69661e-06 -6.28592e-06 0)
(8.79396e-06 0 0)
(2.13854e-06 0 0)
(1.9341e-07 0 0)
(2.30895e-06 6.15719e-06 0)
(-4.21123e-06 0 0)
(-7.61727e-06 0 0)
(-6.44128e-06 -6.06238e-06 0)
(-4.7118e-06 0 0)
(4.31249e-06 0 0)
(1.17515e-05 0 0)
(7.79393e-06 0 0)
(4.79992e-06 0 0)
(9.55031e-06 0 0)
(1.22417e-05 5.84679e-06 0)
(6.5437e-06 0 0)
(3.79747e-06 0 0)
(4.67737e-06 0 0)
(7.87471e-06 0 0)
(9.61455e-06 0 0)
(7.08514e-06 0 0)
(9.69181e-06 5.63887e-06 0)
(1.01677e-05 0 0)
(5.75524e-06 0 0)
(8.84857e-06 0 0)
(1.58798e-05 0 0)
(1.45958e-05 0 0)
(6.83319e-06 0 0)
(7.30778e-06 0 0)
(5.9175e-06 0 0)
(4.70958e-06 -5.38237e-06 0)
(8.70123e-06 0 0)
(6.65872e-06 0 0)
(1.04334e-05 5.29949e-06 0)
(1.49927e-05 0 0)
(3.76981e-06 0 0)
(3.91342e-06 0 0)
(1.37885e-05 0 0)
(1.09739e-05 0 0)
(4.49535e-06 5.13754e-06 0)
(1.75692e-06 0 0)
(6.83252e-06 0 0)
(9.95879e-06 0 0)
(7.07672e-06 0 0)
(-4.69347e-07 0 0)
(-4.51361e-06 0 0)
(-6.19355e-06 0 0)
(-9.85856e-06 0 0)
(-5.67007e-06 0 0)
(-9.14727e-07 0 0)
(-1.51668e-06 0 0)
(1.50885e-06 0 0)
(3.75268e-06 4.80342e-06 0)
(1.00053e-05 0 0)
(9.35941e-06 0 0)
(-5.91182e-07 0 0)
(-3.08769e-06 0 0)
(-7.89882e-06 -4.68078e-06 0)
(-9.60431e-06 0 0)
(-2.3163e-06 0 0)
(-6.33697e-06 0 0)
(-2.73642e-06 0 0)
(3.90876e-06 0 0)
(1.4552e-06 0 0)
(-4.82706e-06 0 0)
(-7.05759e-06 0 0)
(-9.16333e-06 0 0)
(-9.21085e-06 0 0)
(-6.27197e-06 0 0)
(-1.05075e-05 0 0)
(-6.48808e-06 0 0)
(-5.00504e-06 0 0)
(-9.90955e-06 0 0)
(-9.96094e-06 0 0)
(-9.70452e-06 0 0)
(-9.90969e-06 0 0)
(-1.12062e-05 -4.98054e-06 0)
(-1.29853e-05 0 0)
(-1.5097e-05 0 0)
(-1.13815e-05 0 0)
(-7.78589e-06 0 0)
(-9.42347e-06 0 0)
(-9.63289e-06 0 0)
(-9.68285e-06 0 0)
(-6.81315e-06 0 0)
(-5.05483e-06 -5.21789e-06 0)
(-8.19523e-07 0 0)
(-2.63608e-06 0 0)
(-4.80267e-06 0 0)
(-8.65634e-06 0 0)
(-8.36657e-06 0 0)
(-6.72797e-07 0 0)
(-4.22679e-06 0 0)
(-4.07876e-06 0 0)
(-6.14987e-06 0 0)
(-5.15147e-06 0 0)
(2.24388e-06 0 0)
(-7.63406e-06 0 0)
(-1.13361e-05 0 0)
(-7.01222e-06 0 0)
(-7.92966e-06 0 0)
(-7.4394e-06 0 0)
(-7.12189e-07 5.69751e-06 0)
(1.78971e-07 0 0)
(-1.61909e-06 0 0)
(-2.53164e-06 0 0)
(-1.8177e-06 0 0)
(-5.84679e-06 0 0)
(-1.41418e-05 0 0)
(-9.41523e-06 -5.90759e-06 0)
(-1.03919e-05 0 0)
(-8.58048e-06 0 0)
(-7.68748e-06 0 0)
(-1.54547e-05 0 0)
(-1.61032e-05 0 0)
(-1.25685e-05 0 0)
(-1.12937e-05 0 0)
(-1.32764e-05 0 0)
(-8.12322e-06 0 0)
(-4.4715e-06 0 0)
(-8.98938e-06 0 0)
(-8.83957e-06 0 0)
(-6.12106e-06 0 0)
(-3.77108e-06 0 0)
(-3.19211e-06 0 0)
(-1.2233e-05 0 0)
(-1.33044e-05 0 0)
(-8.30771e-06 0 0)
(-1.44611e-05 0 0)
(-1.49456e-05 0 0)
(-8.23184e-06 0 0)
(-1.13775e-05 0 0)
(-1.45555e-05 0 0)
(-1.06597e-05 0 0)
(-1.21857e-05 0 0)
(-1.28825e-05 0 0)
(-7.21763e-06 0 0)
(-1.17361e-05 0 0)
(-2.05911e-05 6.86371e-06 0)
(-1.81107e-05 0 0)
(-8.45214e-06 0 0)
(-6.75321e-06 0 0)
(-5.47438e-06 0 0)
(-2.86144e-06 0 0)
(-7.96509e-06 0 0)
(-1.15648e-05 0 0)
(-1.02834e-05 0 0)
(-5.84253e-06 0 0)
(-6.55046e-06 0 0)
(-6.58443e-06 0 0)
(-2.05404e-06 0 0)
(-9.17642e-07 0 0)
(-4.61201e-07 0 0)
(-2.31796e-06 0 0)
(-3.72797e-06 0 0)
(-6.08937e-06 0 0)
(-7.53348e-06 0 0)
(-4.73285e-06 0 0)
(-3.0923e-06 0 0)
(-1.21943e-05 0 0)
(-1.00944e-05 3.84549e-06 0)
(-2.4159e-06 0 0)
(-1.94274e-06 0 0)
(-7.32306e-07 0 0)
(-4.66199e-06 0 0)
(-1.13455e-05 0 0)
(-5.70215e-06 0 0)
(-2.49205e-07 0 0)
(-5.76145e-06 0 0)
(-7.5539e-06 0 0)
(-5.06205e-06 4.04964e-06 0)
(-8.3957e-06 0 0)
(-1.02294e-06 0 0)
(1.28531e-06 0 0)
(-6.45985e-06 0 0)
(-6.23362e-06 0 0)
(-2.87189e-06 0 0)
(-1.04974e-06 0 0)
(1.31898e-06 0 0)
(6.62911e-06 0 0)
(6.93003e-06 0 0)
(6.96597e-06 0 0)
(7.27141e-06 0 0)
(2.97779e-06 0 0)
(1.63267e-06 0 0)
(1.36762e-06 0 0)
(3.2993e-06 0 0)
(4.42188e-06 0 0)
(2.22241e-06 0 0)
(2.79242e-07 0 0)
(-1.68414e-06 0 0)
(1.97502e-06 0 0)
(7.09022e-06 0 0)
(1.71048e-06 0 0)
(-6.01772e-06 0 0)
(-1.72826e-06 0 0)
)
;
    }
    frontAndBack
    {
        type            empty;
    }
    Outlet1
    {
        type            extrapolatedCalculated;
        value           uniform (2.10422e-306 0 0);
    }
    Outlet2
    {
        type            extrapolatedCalculated;
        value           uniform (1.62671e-302 1.11584e-303 0);
    }
    Inlet1
    {
        type            extrapolatedCalculated;
        value           uniform (-2.32199e-306 0 0);
    }
    Inlet2
    {
        type            extrapolatedCalculated;
        value           uniform (-1.87344e-302 1.22601e-303 0);
    }
    Walls
    {
        type            extrapolatedCalculated;
        value           nonuniform List<vector> 
132
(
(4.03506e-305 8.90293e-300 0)
(3.03399e-305 1.78058e-299 0)
(1.5186e-305 1.78059e-299 0)
(0 1.78059e-299 0)
(-2.11676e-305 1.78058e-299 0)
(-5.10129e-305 1.78058e-299 0)
(-9.03599e-305 1.78058e-299 0)
(-1.45682e-304 1.78056e-299 0)
(-2.16805e-304 1.78055e-299 0)
(-2.82234e-304 1.78053e-299 0)
(-3.44016e-304 1.78052e-299 0)
(-3.96523e-304 1.78051e-299 0)
(-4.41095e-304 1.7805e-299 0)
(-4.76137e-304 8.90244e-300 0)
(2.58244e-305 8.90213e-300 0)
(2.8006e-305 1.78043e-299 0)
(3.03719e-305 1.78043e-299 0)
(3.65975e-305 1.78043e-299 0)
(4.58631e-305 1.78042e-299 0)
(6.63167e-305 1.78042e-299 0)
(9.77362e-305 1.78041e-299 0)
(1.53059e-304 1.7804e-299 0)
(2.21906e-304 1.78038e-299 0)
(2.87526e-304 1.78036e-299 0)
(3.48896e-304 1.78035e-299 0)
(4.04959e-304 1.78034e-299 0)
(4.5043e-304 1.78032e-299 0)
(4.85821e-304 8.90162e-300 0)
(-2.32199e-306 0 0)
(-2.47062e-306 0 0)
(2.54185e-306 0 0)
(5.78735e-306 0 0)
(3.85272e-306 0 0)
(-1.161e-306 0 0)
(-5.56116e-306 0 0)
(-4.89252e-306 0 0)
(-4.54483e-306 0 0)
(-7.01443e-306 0 0)
(-6.4419e-306 0 0)
(-2.94588e-306 0 0)
(-6.01206e-307 0 0)
(-7.73998e-307 0 0)
(8.98406e-307 0 0)
(7.82108e-307 0 0)
(-6.63843e-306 0 0)
(-6.96454e-306 0 0)
(-3.35399e-306 0 0)
(1.35271e-306 0 0)
(6.74831e-307 0 0)
(-3.78736e-306 0 0)
(-4.25117e-306 0 0)
(-4.77178e-306 0 0)
(-1.60684e-306 0 0)
(-9.01809e-307 -4.80965e-306 0)
(-1.87344e-302 1.22601e-303 0)
(-5.90785e-302 1.14637e-303 0)
(-1.04504e-301 1.11998e-303 0)
(-1.53695e-301 1.05125e-303 0)
(-2.04098e-301 9.05687e-304 0)
(-2.48657e-301 6.19198e-304 0)
(-2.69453e-301 2.40482e-305 0)
(-2.48428e-301 -9.77155e-304 0)
(-1.72244e-301 -2.61176e-303 0)
(-2.55514e-302 -5.02658e-303 0)
(2.01968e-301 -8.16928e-303 0)
(5.09495e-301 -1.17535e-302 0)
(3.4115e-301 -1.53284e-302 0)
(-1.93422e-302 1.06213e-302 0)
(-6.08944e-302 1.0479e-302 0)
(-1.0811e-301 1.02362e-302 0)
(-1.61149e-301 9.77721e-303 0)
(-2.20855e-301 8.99996e-303 0)
(-2.90621e-301 7.75236e-303 0)
(-3.70129e-301 5.95434e-303 0)
(-4.69199e-301 3.6009e-303 0)
(-6.20886e-301 1.39375e-304 0)
(-8.8403e-301 -5.79519e-303 0)
(-1.39597e-300 -1.86443e-302 0)
(-2.77726e-300 -6.95527e-302 0)
(-1.90786e-300 -1.4509e-300 0)
(3.61199e-305 4.12799e-306 0)
(5.99686e-305 0 0)
(5.02504e-305 0 0)
(4.8852e-305 0 0)
(3.749e-305 0 0)
(2.95409e-305 0 0)
(2.66034e-305 0 0)
(1.9064e-305 0 0)
(1.68538e-305 0 0)
(1.46665e-305 0 0)
(1.26452e-305 0 0)
(9.37324e-306 0 0)
(2.10422e-306 0 0)
(1.8576e-305 4.12799e-306 0)
(4.26743e-305 0 0)
(5.18146e-305 0 0)
(5.08946e-305 0 0)
(3.88236e-305 0 0)
(2.43809e-305 0 0)
(2.40482e-305 0 0)
(2.1932e-305 0 0)
(1.17408e-305 0 0)
(9.99025e-306 0 0)
(4.2946e-306 0 0)
(4.82052e-306 0 0)
(3.90784e-306 0 0)
(-3.26686e-301 -1.53148e-302 0)
(-4.58171e-301 -1.11223e-302 0)
(-1.2168e-301 -7.01394e-303 0)
(1.0433e-301 -3.66577e-303 0)
(2.25836e-301 -1.39409e-303 0)
(2.64155e-301 -6.60478e-305 0)
(2.50563e-301 5.57919e-304 0)
(2.14937e-301 8.47588e-304 0)
(1.72728e-301 9.99863e-304 0)
(1.29865e-301 1.0815e-303 0)
(8.88566e-302 1.1185e-303 0)
(5.077e-302 1.1355e-303 0)
(1.62671e-302 1.11584e-303 0)
(1.77871e-300 -1.45089e-300 0)
(2.53827e-300 -5.68763e-302 0)
(1.20146e-300 -1.32458e-302 0)
(7.36421e-301 -2.36941e-303 0)
(5.10465e-301 2.66964e-303 0)
(3.81475e-301 5.68837e-303 0)
(2.97543e-301 7.53191e-303 0)
(2.36021e-301 8.68642e-303 0)
(1.82956e-301 9.45325e-303 0)
(1.35092e-301 9.95794e-303 0)
(9.15052e-302 1.02727e-302 0)
(5.18621e-302 1.04338e-302 0)
(1.64974e-302 1.0485e-302 0)
)
;
    }
}


// ************************************************************************* //
