/*--------------------------------*- C++ -*----------------------------------*\
| =========                 |                                                 |
| \\      /  F ield         | OpenFOAM: The Open Source CFD Toolbox           |
|  \\    /   O peration     | Version:  2206                                  |
|   \\  /    A nd           | Website:  www.openfoam.com                      |
|    \\/     M anipulation  |                                                 |
\*---------------------------------------------------------------------------*/
FoamFile
{
    version     2.0;
    format      ascii;
    arch        "LSB;label=32;scalar=64";
    class       volVectorField;
    location    "0.1";
    object      IPe;
}
// * * * * * * * * * * * * * * * * * * * * * * * * * * * * * * * * * * * * * //

dimensions      [0 -2 0 0 0 1 0];

internalField   nonuniform List<vector> 
17988
(
(1.0922e-07 -2.91617 0)
(2.19885e-07 -2.91617 0)
(2.03441e-07 -2.91616 0)
(1.65936e-07 -2.91615 0)
(1.30614e-07 -2.91615 0)
(1.03746e-07 -2.91615 0)
(8.508e-08 -2.91614 0)
(7.26126e-08 -2.91614 0)
(6.43002e-08 -2.91614 0)
(5.85511e-08 -2.91614 0)
(5.42732e-08 -2.91614 0)
(5.07767e-08 -2.91614 0)
(4.76544e-08 -2.91613 0)
(4.46831e-08 -2.91613 0)
(4.17545e-08 -2.91613 0)
(3.88327e-08 -2.91613 0)
(3.59262e-08 -2.91613 0)
(3.30687e-08 -2.91613 0)
(3.03031e-08 -2.91613 0)
(2.76679e-08 -2.91613 0)
(2.51903e-08 -2.91613 0)
(2.28836e-08 -2.91613 0)
(2.07504e-08 -2.91612 0)
(1.8787e-08 -2.91612 0)
(1.69865e-08 -2.91612 0)
(1.53413e-08 -2.91612 0)
(1.38433e-08 -2.91612 0)
(1.2484e-08 -2.91612 0)
(1.12542e-08 -2.91612 0)
(1.01448e-08 -2.91612 0)
(9.14606e-09 -2.91612 0)
(8.24896e-09 -2.91612 0)
(7.44445e-09 -2.91612 0)
(6.72409e-09 -2.91612 0)
(6.07979e-09 -2.91612 0)
(5.50418e-09 -2.91612 0)
(4.99038e-09 -2.91612 0)
(4.53219e-09 -2.91612 0)
(4.1239e-09 -2.91612 0)
(3.76043e-09 -2.91612 0)
(3.43705e-09 -2.91612 0)
(3.1496e-09 -2.91612 0)
(2.89421e-09 -2.91612 0)
(2.66739e-09 -2.91612 0)
(2.46604e-09 -2.91612 0)
(2.28728e-09 -2.91612 0)
(2.12853e-09 -2.91612 0)
(1.9876e-09 -2.91612 0)
(1.86241e-09 -2.91612 0)
(1.75137e-09 -2.91612 0)
(1.65281e-09 -2.91612 0)
(1.56542e-09 -2.91612 0)
(1.48768e-09 -2.91612 0)
(1.41833e-09 -2.91612 0)
(1.35589e-09 -2.91612 0)
(1.2993e-09 -2.91612 0)
(1.2474e-09 -2.91612 0)
(1.19961e-09 -2.91612 0)
(1.15526e-09 -2.91612 0)
(1.11411e-09 -2.91612 0)
(1.07563e-09 -2.91612 0)
(1.0396e-09 -2.91612 0)
(1.00547e-09 -2.91612 0)
(9.7301e-10 -2.91612 0)
(9.41742e-10 -2.91612 0)
(9.11614e-10 -2.91612 0)
(8.8233e-10 -2.91612 0)
(8.54005e-10 -2.91612 0)
(8.26484e-10 -2.91612 0)
(7.99963e-10 -2.91612 0)
(7.7432e-10 -2.91612 0)
(7.49723e-10 -2.91612 0)
(7.26032e-10 -2.91612 0)
(7.03344e-10 -2.91612 0)
(6.81489e-10 -2.91612 0)
(6.60518e-10 -2.91612 0)
(6.40255e-10 -2.91612 0)
(6.20755e-10 -2.91612 0)
(6.01839e-10 -2.91612 0)
(5.83569e-10 -2.91612 0)
(5.65813e-10 -2.91612 0)
(5.48622e-10 -2.91612 0)
(5.31895e-10 -2.91612 0)
(5.1569e-10 -2.91612 0)
(4.99955e-10 -2.91612 0)
(4.8472e-10 -2.91612 0)
(4.69958e-10 -2.91612 0)
(4.55713e-10 -2.91612 0)
(4.4194e-10 -2.91612 0)
(4.28654e-10 -2.91612 0)
(4.15805e-10 -2.91612 0)
(4.03359e-10 -2.91612 0)
(3.91263e-10 -2.91612 0)
(3.79414e-10 -2.91612 0)
(3.67876e-10 -2.91612 0)
(3.56384e-10 -2.91612 0)
(3.45257e-10 -2.91612 0)
(3.34221e-10 -2.91612 0)
(3.24474e-10 -2.91612 0)
(3.16075e-10 -2.91612 0)
(3.11595e-10 -2.91612 0)
(3.10944e-10 -2.91612 0)
(3.17107e-10 -2.91612 0)
(3.2934e-10 -2.91612 0)
(3.49759e-10 -2.91612 0)
(3.7596e-10 -2.91612 0)
(4.05549e-10 -2.91612 0)
(4.31233e-10 -2.91612 0)
(4.45144e-10 -2.91612 0)
(4.40184e-10 -2.91612 0)
(4.1435e-10 -2.91612 0)
(3.7156e-10 -2.91612 0)
(3.20465e-10 -2.91612 0)
(2.70423e-10 -2.91612 0)
(2.28305e-10 -2.91612 0)
(1.96613e-10 -2.91612 0)
(1.74269e-10 -2.91612 0)
(1.58355e-10 -2.91612 0)
(1.4599e-10 -2.91612 0)
(1.35077e-10 -2.91612 0)
(1.24603e-10 -2.91612 0)
(1.14085e-10 -2.91612 0)
(1.03482e-10 -2.91612 0)
(9.27459e-11 -2.91612 0)
(8.19426e-11 -2.91612 0)
(7.10518e-11 -2.91612 0)
(6.00984e-11 -2.91612 0)
(4.90181e-11 -2.91612 0)
(3.78354e-11 -2.91612 0)
(2.64354e-11 -2.91612 0)
(1.47728e-11 -2.91612 0)
(2.6635e-12 -2.91612 0)
(-1.03047e-11 -2.91612 0)
(-2.42542e-11 -2.91612 0)
(-3.97281e-11 -2.91612 0)
(-5.68278e-11 -2.91612 0)
(-7.52912e-11 -2.91612 0)
(-9.47264e-11 -2.91612 0)
(-1.1402e-10 -2.91612 0)
(-1.31695e-10 -2.91612 0)
(-1.46472e-10 -2.91612 0)
(-1.56915e-10 -2.91612 0)
(-1.62968e-10 -2.91612 0)
(-1.65096e-10 -2.91612 0)
(-1.65054e-10 -2.91612 0)
(-1.64515e-10 -2.91612 0)
(-1.65354e-10 -2.91612 0)
(-1.68424e-10 -2.91612 0)
(-1.74272e-10 -2.91612 0)
(-1.82502e-10 -2.91612 0)
(-1.92804e-10 -2.91612 0)
(-2.04433e-10 -2.91612 0)
(-2.17056e-10 -2.91612 0)
(-2.30175e-10 -2.91612 0)
(-2.4366e-10 -2.91612 0)
(-2.57252e-10 -2.91612 0)
(-2.70986e-10 -2.91612 0)
(-2.84682e-10 -2.91612 0)
(-2.98454e-10 -2.91612 0)
(-3.12145e-10 -2.91612 0)
(-3.25895e-10 -2.91612 0)
(-3.39495e-10 -2.91612 0)
(-3.53113e-10 -2.91612 0)
(-3.66492e-10 -2.91612 0)
(-3.7968e-10 -2.91612 0)
(-3.92398e-10 -2.91612 0)
(-4.04518e-10 -2.91612 0)
(-4.15697e-10 -2.91612 0)
(-4.25827e-10 -2.91612 0)
(-4.34569e-10 -2.91612 0)
(-4.42111e-10 -2.91612 0)
(-4.48266e-10 -2.91612 0)
(-4.53557e-10 -2.91612 0)
(-4.58303e-10 -2.91612 0)
(-4.63315e-10 -2.91612 0)
(-4.69438e-10 -2.91612 0)
(-4.77552e-10 -2.91612 0)
(-4.88287e-10 -2.91612 0)
(-5.01917e-10 -2.91612 0)
(-5.1823e-10 -2.91612 0)
(-5.36674e-10 -2.91612 0)
(-5.56475e-10 -2.91612 0)
(-5.7688e-10 -2.91612 0)
(-5.97266e-10 -2.91612 0)
(-6.17291e-10 -2.91612 0)
(-6.36772e-10 -2.91612 0)
(-6.55774e-10 -2.91612 0)
(-6.7432e-10 -2.91612 0)
(-6.92599e-10 -2.91612 0)
(-7.10611e-10 -2.91612 0)
(-7.28491e-10 -2.91612 0)
(-7.46225e-10 -2.91612 0)
(-7.63911e-10 -2.91612 0)
(-7.81572e-10 -2.91612 0)
(-7.99355e-10 -2.91612 0)
(-8.17342e-10 -2.91612 0)
(-8.35718e-10 -2.91612 0)
(-8.54613e-10 -2.91612 0)
(-8.74216e-10 -2.91612 0)
(-8.94663e-10 -2.91612 0)
(-9.16114e-10 -2.91612 0)
(-9.38702e-10 -2.91612 0)
(-9.62564e-10 -2.91612 0)
(-9.87827e-10 -2.91612 0)
(-1.01465e-09 -2.91612 0)
(-1.04317e-09 -2.91612 0)
(-1.07359e-09 -2.91612 0)
(-1.10613e-09 -2.91612 0)
(-1.14102e-09 -2.91612 0)
(-1.17857e-09 -2.91612 0)
(-1.21912e-09 -2.91612 0)
(-1.26304e-09 -2.91612 0)
(-1.31081e-09 -2.91612 0)
(-1.3629e-09 -2.91612 0)
(-1.41995e-09 -2.91612 0)
(-1.48257e-09 -2.91612 0)
(-1.55158e-09 -2.91612 0)
(-1.6278e-09 -2.91612 0)
(-1.71224e-09 -2.91612 0)
(-1.80601e-09 -2.91612 0)
(-1.91039e-09 -2.91612 0)
(-2.02679e-09 -2.91612 0)
(-2.15686e-09 -2.91612 0)
(-2.30235e-09 -2.91612 0)
(-2.46536e-09 -2.91612 0)
(-2.64811e-09 -2.91612 0)
(-2.85316e-09 -2.91612 0)
(-3.08333e-09 -2.91612 0)
(-3.34181e-09 -2.91612 0)
(-3.63202e-09 -2.91612 0)
(-3.95795e-09 -2.91612 0)
(-4.32371e-09 -2.91612 0)
(-4.73411e-09 -2.91612 0)
(-5.19416e-09 -2.91612 0)
(-5.70961e-09 -2.91612 0)
(-6.28651e-09 -2.91612 0)
(-6.93162e-09 -2.91612 0)
(-7.65198e-09 -2.91612 0)
(-8.45529e-09 -2.91612 0)
(-9.3494e-09 -2.91612 0)
(-1.03427e-08 -2.91612 0)
(-1.14436e-08 -2.91612 0)
(-1.26608e-08 -2.91612 0)
(-1.40026e-08 -2.91612 0)
(-1.54772e-08 -2.91612 0)
(-1.70918e-08 -2.91612 0)
(-1.88525e-08 -2.91612 0)
(-2.07633e-08 -2.91613 0)
(-2.28252e-08 -2.91613 0)
(-2.50367e-08 -2.91613 0)
(-2.73898e-08 -2.91613 0)
(-2.98749e-08 -2.91613 0)
(-3.24747e-08 -2.91613 0)
(-3.51704e-08 -2.91613 0)
(-3.79402e-08 -2.91613 0)
(-4.07672e-08 -2.91613 0)
(-4.36482e-08 -2.91613 0)
(-4.66143e-08 -2.91613 0)
(-4.97607e-08 -2.91614 0)
(-5.32968e-08 -2.91614 0)
(-5.76175e-08 -2.91614 0)
(-6.34018e-08 -2.91614 0)
(-7.1726e-08 -2.91614 0)
(-8.41585e-08 -2.91615 0)
(-1.02691e-07 -2.91615 0)
(-1.29345e-07 -2.91615 0)
(-1.6387e-07 -2.91615 0)
(-2.01285e-07 -2.91616 0)
(-2.18567e-07 -2.91617 0)
(-1.08683e-07 -2.91617 0)
(3.34556e-07 -2.88212 0)
(6.78551e-07 -2.88211 0)
(6.33762e-07 -2.8821 0)
(5.19246e-07 -2.8821 0)
(4.10272e-07 -2.8821 0)
(3.26869e-07 -2.88209 0)
(2.68795e-07 -2.88209 0)
(2.30017e-07 -2.88209 0)
(2.0419e-07 -2.88209 0)
(1.86334e-07 -2.88209 0)
(1.73026e-07 -2.88208 0)
(1.62107e-07 -2.88208 0)
(1.52306e-07 -2.88208 0)
(1.42932e-07 -2.88208 0)
(1.33652e-07 -2.88208 0)
(1.24363e-07 -2.88208 0)
(1.15101e-07 -2.88208 0)
(1.05979e-07 -2.88208 0)
(9.71391e-08 -2.88207 0)
(8.87094e-08 -2.88207 0)
(8.07787e-08 -2.88207 0)
(7.33916e-08 -2.88207 0)
(6.65576e-08 -2.88207 0)
(6.02655e-08 -2.88207 0)
(5.44941e-08 -2.88207 0)
(4.92195e-08 -2.88207 0)
(4.4416e-08 -2.88207 0)
(4.00564e-08 -2.88207 0)
(3.61119e-08 -2.88207 0)
(3.25528e-08 -2.88207 0)
(2.93488e-08 -2.88207 0)
(2.64705e-08 -2.88207 0)
(2.38892e-08 -2.88207 0)
(2.15777e-08 -2.88207 0)
(1.95102e-08 -2.88207 0)
(1.7663e-08 -2.88207 0)
(1.60141e-08 -2.88207 0)
(1.45437e-08 -2.88207 0)
(1.32333e-08 -2.88207 0)
(1.20668e-08 -2.88207 0)
(1.1029e-08 -2.88207 0)
(1.01064e-08 -2.88207 0)
(9.2867e-09 -2.88207 0)
(8.55874e-09 -2.88207 0)
(7.91247e-09 -2.88207 0)
(7.33874e-09 -2.88207 0)
(6.82926e-09 -2.88207 0)
(6.37697e-09 -2.88207 0)
(5.97527e-09 -2.88207 0)
(5.61892e-09 -2.88207 0)
(5.30267e-09 -2.88207 0)
(5.02226e-09 -2.88206 0)
(4.77285e-09 -2.88206 0)
(4.55036e-09 -2.88206 0)
(4.35009e-09 -2.88206 0)
(4.16852e-09 -2.88206 0)
(4.00208e-09 -2.88206 0)
(3.84875e-09 -2.88206 0)
(3.70649e-09 -2.88206 0)
(3.57443e-09 -2.88206 0)
(3.45099e-09 -2.88206 0)
(3.33538e-09 -2.88206 0)
(3.22587e-09 -2.88206 0)
(3.12167e-09 -2.88206 0)
(3.02132e-09 -2.88206 0)
(2.92456e-09 -2.88206 0)
(2.83055e-09 -2.88206 0)
(2.73955e-09 -2.88206 0)
(2.65117e-09 -2.88206 0)
(2.56595e-09 -2.88206 0)
(2.48359e-09 -2.88206 0)
(2.40454e-09 -2.88206 0)
(2.32845e-09 -2.88206 0)
(2.25554e-09 -2.88206 0)
(2.18534e-09 -2.88206 0)
(2.11796e-09 -2.88206 0)
(2.05288e-09 -2.88206 0)
(1.99022e-09 -2.88206 0)
(1.92948e-09 -2.88206 0)
(1.87078e-09 -2.88206 0)
(1.81376e-09 -2.88206 0)
(1.75855e-09 -2.88206 0)
(1.70483e-09 -2.88206 0)
(1.6528e-09 -2.88206 0)
(1.60227e-09 -2.88206 0)
(1.55336e-09 -2.88206 0)
(1.50598e-09 -2.88206 0)
(1.46026e-09 -2.88206 0)
(1.41605e-09 -2.88206 0)
(1.37343e-09 -2.88206 0)
(1.33221e-09 -2.88206 0)
(1.29231e-09 -2.88206 0)
(1.25353e-09 -2.88206 0)
(1.21559e-09 -2.88206 0)
(1.1786e-09 -2.88206 0)
(1.14184e-09 -2.88206 0)
(1.10616e-09 -2.88206 0)
(1.07088e-09 -2.88206 0)
(1.03942e-09 -2.88206 0)
(1.01233e-09 -2.88206 0)
(9.97188e-10 -2.88206 0)
(9.94697e-10 -2.88206 0)
(1.01401e-09 -2.88206 0)
(1.05395e-09 -2.88206 0)
(1.12057e-09 -2.88206 0)
(1.20656e-09 -2.88206 0)
(1.30305e-09 -2.88206 0)
(1.38675e-09 -2.88206 0)
(1.43199e-09 -2.88206 0)
(1.41616e-09 -2.88206 0)
(1.33287e-09 -2.88206 0)
(1.19485e-09 -2.88206 0)
(1.02998e-09 -2.88206 0)
(8.68525e-10 -2.88206 0)
(7.32683e-10 -2.88206 0)
(6.30541e-10 -2.88206 0)
(5.58607e-10 -2.88206 0)
(5.0745e-10 -2.88206 0)
(4.6775e-10 -2.88206 0)
(4.32743e-10 -2.88206 0)
(3.9915e-10 -2.88206 0)
(3.6542e-10 -2.88206 0)
(3.31415e-10 -2.88206 0)
(2.96982e-10 -2.88206 0)
(2.62331e-10 -2.88206 0)
(2.27397e-10 -2.88206 0)
(1.92259e-10 -2.88206 0)
(1.56712e-10 -2.88206 0)
(1.20829e-10 -2.88206 0)
(8.42543e-11 -2.88206 0)
(4.68326e-11 -2.88206 0)
(8.00225e-12 -2.88206 0)
(-3.35308e-11 -2.88206 0)
(-7.82389e-11 -2.88206 0)
(-1.2779e-10 -2.88206 0)
(-1.82673e-10 -2.88206 0)
(-2.42076e-10 -2.88206 0)
(-3.04685e-10 -2.88206 0)
(-3.66947e-10 -2.88206 0)
(-4.23974e-10 -2.88206 0)
(-4.71534e-10 -2.88206 0)
(-5.05089e-10 -2.88206 0)
(-5.2436e-10 -2.88206 0)
(-5.30971e-10 -2.88206 0)
(-5.30527e-10 -2.88206 0)
(-5.28511e-10 -2.88206 0)
(-5.30911e-10 -2.88206 0)
(-5.40555e-10 -2.88206 0)
(-5.59142e-10 -2.88206 0)
(-5.85461e-10 -2.88206 0)
(-6.18443e-10 -2.88206 0)
(-6.55742e-10 -2.88206 0)
(-6.96222e-10 -2.88206 0)
(-7.38331e-10 -2.88206 0)
(-7.81593e-10 -2.88206 0)
(-8.25229e-10 -2.88206 0)
(-8.69291e-10 -2.88206 0)
(-9.13259e-10 -2.88206 0)
(-9.57436e-10 -2.88206 0)
(-1.00139e-09 -2.88206 0)
(-1.04549e-09 -2.88206 0)
(-1.08914e-09 -2.88206 0)
(-1.13281e-09 -2.88206 0)
(-1.17577e-09 -2.88206 0)
(-1.21807e-09 -2.88206 0)
(-1.25892e-09 -2.88206 0)
(-1.29785e-09 -2.88206 0)
(-1.33378e-09 -2.88206 0)
(-1.36633e-09 -2.88206 0)
(-1.39439e-09 -2.88206 0)
(-1.41846e-09 -2.88206 0)
(-1.43806e-09 -2.88206 0)
(-1.45473e-09 -2.88206 0)
(-1.46967e-09 -2.88206 0)
(-1.48546e-09 -2.88206 0)
(-1.50486e-09 -2.88206 0)
(-1.53071e-09 -2.88206 0)
(-1.56504e-09 -2.88206 0)
(-1.60873e-09 -2.88206 0)
(-1.66108e-09 -2.88206 0)
(-1.7203e-09 -2.88206 0)
(-1.78392e-09 -2.88206 0)
(-1.84947e-09 -2.88206 0)
(-1.91497e-09 -2.88206 0)
(-1.9793e-09 -2.88206 0)
(-2.04188e-09 -2.88206 0)
(-2.1029e-09 -2.88206 0)
(-2.16246e-09 -2.88206 0)
(-2.22114e-09 -2.88206 0)
(-2.27897e-09 -2.88206 0)
(-2.33636e-09 -2.88206 0)
(-2.39328e-09 -2.88206 0)
(-2.45002e-09 -2.88206 0)
(-2.50669e-09 -2.88206 0)
(-2.56372e-09 -2.88206 0)
(-2.62141e-09 -2.88206 0)
(-2.68033e-09 -2.88206 0)
(-2.74093e-09 -2.88206 0)
(-2.80379e-09 -2.88206 0)
(-2.86936e-09 -2.88206 0)
(-2.93815e-09 -2.88206 0)
(-3.0106e-09 -2.88206 0)
(-3.08713e-09 -2.88206 0)
(-3.16817e-09 -2.88206 0)
(-3.2542e-09 -2.88206 0)
(-3.34571e-09 -2.88206 0)
(-3.44331e-09 -2.88206 0)
(-3.54769e-09 -2.88206 0)
(-3.65965e-09 -2.88206 0)
(-3.78014e-09 -2.88206 0)
(-3.91024e-09 -2.88206 0)
(-4.0512e-09 -2.88206 0)
(-4.20447e-09 -2.88206 0)
(-4.37166e-09 -2.88206 0)
(-4.55473e-09 -2.88207 0)
(-4.75571e-09 -2.88207 0)
(-4.97715e-09 -2.88207 0)
(-5.22177e-09 -2.88207 0)
(-5.49276e-09 -2.88207 0)
(-5.79371e-09 -2.88207 0)
(-6.1287e-09 -2.88207 0)
(-6.50227e-09 -2.88207 0)
(-6.91969e-09 -2.88207 0)
(-7.38666e-09 -2.88207 0)
(-7.90982e-09 -2.88207 0)
(-8.49635e-09 -2.88207 0)
(-9.15447e-09 -2.88207 0)
(-9.8932e-09 -2.88207 0)
(-1.07228e-08 -2.88207 0)
(-1.16542e-08 -2.88207 0)
(-1.27002e-08 -2.88207 0)
(-1.3874e-08 -2.88207 0)
(-1.5191e-08 -2.88207 0)
(-1.66674e-08 -2.88207 0)
(-1.83215e-08 -2.88207 0)
(-2.01727e-08 -2.88207 0)
(-2.22427e-08 -2.88207 0)
(-2.45542e-08 -2.88207 0)
(-2.71316e-08 -2.88207 0)
(-3.00002e-08 -2.88207 0)
(-3.31868e-08 -2.88207 0)
(-3.67182e-08 -2.88207 0)
(-4.06221e-08 -2.88207 0)
(-4.49249e-08 -2.88207 0)
(-4.9653e-08 -2.88207 0)
(-5.48285e-08 -2.88207 0)
(-6.04709e-08 -2.88207 0)
(-6.65927e-08 -2.88207 0)
(-7.31963e-08 -2.88207 0)
(-8.02757e-08 -2.88207 0)
(-8.78053e-08 -2.88207 0)
(-9.57513e-08 -2.88207 0)
(-1.04057e-07 -2.88208 0)
(-1.12657e-07 -2.88208 0)
(-1.21479e-07 -2.88208 0)
(-1.30462e-07 -2.88208 0)
(-1.39589e-07 -2.88208 0)
(-1.48948e-07 -2.88208 0)
(-1.58828e-07 -2.88208 0)
(-1.69878e-07 -2.88208 0)
(-1.83327e-07 -2.88209 0)
(-2.013e-07 -2.88209 0)
(-2.2717e-07 -2.88209 0)
(-2.65842e-07 -2.88209 0)
(-3.23519e-07 -2.88209 0)
(-4.06373e-07 -2.8821 0)
(-5.13579e-07 -2.8821 0)
(-6.27986e-07 -2.8821 0)
(-6.74701e-07 -2.88211 0)
(-3.32891e-07 -2.88212 0)
(5.861e-07 -2.8402 0)
(1.1973e-06 -2.8402 0)
(1.12855e-06 -2.84019 0)
(9.28626e-07 -2.84019 0)
(7.3642e-07 -2.84019 0)
(5.88668e-07 -2.84018 0)
(4.85585e-07 -2.84018 0)
(4.1675e-07 -2.84018 0)
(3.70948e-07 -2.84018 0)
(3.39293e-07 -2.84018 0)
(3.15659e-07 -2.84017 0)
(2.96182e-07 -2.84017 0)
(2.786e-07 -2.84017 0)
(2.61687e-07 -2.84017 0)
(2.44867e-07 -2.84017 0)
(2.2797e-07 -2.84017 0)
(2.11077e-07 -2.84017 0)
(1.94411e-07 -2.84017 0)
(1.7824e-07 -2.84016 0)
(1.62805e-07 -2.84016 0)
(1.48274e-07 -2.84016 0)
(1.34733e-07 -2.84016 0)
(1.22202e-07 -2.84016 0)
(1.1066e-07 -2.84016 0)
(1.00071e-07 -2.84016 0)
(9.03908e-08 -2.84016 0)
(8.15737e-08 -2.84016 0)
(7.35703e-08 -2.84016 0)
(6.6328e-08 -2.84016 0)
(5.97926e-08 -2.84016 0)
(5.39089e-08 -2.84016 0)
(4.86228e-08 -2.84016 0)
(4.38818e-08 -2.84016 0)
(3.96362e-08 -2.84016 0)
(3.58385e-08 -2.84016 0)
(3.24454e-08 -2.84016 0)
(2.94164e-08 -2.84016 0)
(2.67151e-08 -2.84016 0)
(2.43079e-08 -2.84016 0)
(2.21648e-08 -2.84016 0)
(2.02581e-08 -2.84016 0)
(1.85631e-08 -2.84016 0)
(1.70572e-08 -2.84016 0)
(1.57198e-08 -2.84016 0)
(1.45324e-08 -2.84016 0)
(1.34784e-08 -2.84016 0)
(1.25424e-08 -2.84016 0)
(1.17115e-08 -2.84016 0)
(1.09737e-08 -2.84016 0)
(1.03191e-08 -2.84016 0)
(9.73822e-09 -2.84016 0)
(9.22318e-09 -2.84016 0)
(8.76517e-09 -2.84016 0)
(8.35658e-09 -2.84016 0)
(7.98887e-09 -2.84015 0)
(7.65545e-09 -2.84015 0)
(7.34986e-09 -2.84015 0)
(7.06829e-09 -2.84015 0)
(6.8071e-09 -2.84015 0)
(6.56457e-09 -2.84015 0)
(6.33793e-09 -2.84015 0)
(6.12557e-09 -2.84015 0)
(5.92447e-09 -2.84015 0)
(5.73301e-09 -2.84015 0)
(5.54868e-09 -2.84015 0)
(5.37083e-09 -2.84015 0)
(5.19805e-09 -2.84015 0)
(5.03072e-09 -2.84015 0)
(4.86825e-09 -2.84015 0)
(4.71151e-09 -2.84015 0)
(4.56007e-09 -2.84015 0)
(4.41468e-09 -2.84015 0)
(4.27476e-09 -2.84015 0)
(4.14066e-09 -2.84015 0)
(4.01159e-09 -2.84015 0)
(3.88765e-09 -2.84015 0)
(3.76801e-09 -2.84015 0)
(3.65278e-09 -2.84015 0)
(3.54111e-09 -2.84015 0)
(3.43318e-09 -2.84015 0)
(3.32836e-09 -2.84015 0)
(3.22683e-09 -2.84015 0)
(3.1281e-09 -2.84015 0)
(3.03243e-09 -2.84015 0)
(2.93957e-09 -2.84015 0)
(2.84968e-09 -2.84015 0)
(2.76261e-09 -2.84015 0)
(2.6786e-09 -2.84015 0)
(2.59739e-09 -2.84015 0)
(2.51911e-09 -2.84015 0)
(2.44342e-09 -2.84015 0)
(2.3702e-09 -2.84015 0)
(2.29905e-09 -2.84015 0)
(2.22951e-09 -2.84015 0)
(2.16166e-09 -2.84015 0)
(2.09437e-09 -2.84015 0)
(2.02892e-09 -2.84015 0)
(1.96436e-09 -2.84015 0)
(1.9062e-09 -2.84015 0)
(1.85596e-09 -2.84015 0)
(1.82645e-09 -2.84015 0)
(1.82063e-09 -2.84015 0)
(1.85484e-09 -2.84015 0)
(1.9292e-09 -2.84015 0)
(2.05375e-09 -2.84015 0)
(2.21564e-09 -2.84015 0)
(2.39644e-09 -2.84015 0)
(2.55305e-09 -2.84015 0)
(2.63757e-09 -2.84015 0)
(2.60871e-09 -2.84015 0)
(2.45488e-09 -2.84015 0)
(2.19987e-09 -2.84015 0)
(1.8952e-09 -2.84015 0)
(1.59691e-09 -2.84015 0)
(1.34603e-09 -2.84015 0)
(1.15756e-09 -2.84015 0)
(1.02499e-09 -2.84015 0)
(9.30869e-10 -2.84015 0)
(8.57913e-10 -2.84015 0)
(7.93642e-10 -2.84015 0)
(7.31965e-10 -2.84015 0)
(6.70052e-10 -2.84015 0)
(6.07619e-10 -2.84015 0)
(5.44406e-10 -2.84015 0)
(4.80785e-10 -2.84015 0)
(4.16642e-10 -2.84015 0)
(3.52114e-10 -2.84015 0)
(2.86833e-10 -2.84015 0)
(2.20914e-10 -2.84015 0)
(1.5374e-10 -2.84015 0)
(8.50127e-11 -2.84015 0)
(1.37484e-11 -2.84015 0)
(-6.23385e-11 -2.84015 0)
(-1.44295e-10 -2.84015 0)
(-2.35072e-10 -2.84015 0)
(-3.35837e-10 -2.84015 0)
(-4.45237e-10 -2.84015 0)
(-5.60751e-10 -2.84015 0)
(-6.75848e-10 -2.84015 0)
(-7.81312e-10 -2.84015 0)
(-8.69038e-10 -2.84015 0)
(-9.30812e-10 -2.84015 0)
(-9.65943e-10 -2.84015 0)
(-9.77662e-10 -2.84015 0)
(-9.76235e-10 -2.84015 0)
(-9.71962e-10 -2.84015 0)
(-9.75798e-10 -2.84015 0)
(-9.93106e-10 -2.84015 0)
(-1.0269e-09 -2.84015 0)
(-1.07507e-09 -2.84015 0)
(-1.1355e-09 -2.84015 0)
(-1.20398e-09 -2.84015 0)
(-1.27829e-09 -2.84015 0)
(-1.35565e-09 -2.84015 0)
(-1.4351e-09 -2.84015 0)
(-1.51529e-09 -2.84015 0)
(-1.5962e-09 -2.84015 0)
(-1.677e-09 -2.84015 0)
(-1.75812e-09 -2.84015 0)
(-1.83887e-09 -2.84015 0)
(-1.91983e-09 -2.84015 0)
(-2.00005e-09 -2.84015 0)
(-2.08022e-09 -2.84015 0)
(-2.15915e-09 -2.84015 0)
(-2.23686e-09 -2.84015 0)
(-2.31198e-09 -2.84015 0)
(-2.38359e-09 -2.84015 0)
(-2.44977e-09 -2.84015 0)
(-2.50969e-09 -2.84015 0)
(-2.56132e-09 -2.84015 0)
(-2.60536e-09 -2.84015 0)
(-2.64107e-09 -2.84015 0)
(-2.67111e-09 -2.84015 0)
(-2.69795e-09 -2.84015 0)
(-2.72633e-09 -2.84015 0)
(-2.76145e-09 -2.84015 0)
(-2.80855e-09 -2.84015 0)
(-2.87138e-09 -2.84015 0)
(-2.9515e-09 -2.84015 0)
(-3.04766e-09 -2.84015 0)
(-3.15654e-09 -2.84015 0)
(-3.27353e-09 -2.84015 0)
(-3.39409e-09 -2.84015 0)
(-3.51456e-09 -2.84015 0)
(-3.63285e-09 -2.84015 0)
(-3.74792e-09 -2.84015 0)
(-3.86009e-09 -2.84015 0)
(-3.96959e-09 -2.84015 0)
(-4.07743e-09 -2.84015 0)
(-4.18374e-09 -2.84015 0)
(-4.28917e-09 -2.84015 0)
(-4.39376e-09 -2.84015 0)
(-4.49797e-09 -2.84015 0)
(-4.60205e-09 -2.84015 0)
(-4.70676e-09 -2.84015 0)
(-4.81267e-09 -2.84015 0)
(-4.92083e-09 -2.84015 0)
(-5.03206e-09 -2.84015 0)
(-5.14744e-09 -2.84015 0)
(-5.26781e-09 -2.84015 0)
(-5.39409e-09 -2.84015 0)
(-5.5271e-09 -2.84015 0)
(-5.66761e-09 -2.84015 0)
(-5.81641e-09 -2.84015 0)
(-5.97438e-09 -2.84015 0)
(-6.14242e-09 -2.84015 0)
(-6.32166e-09 -2.84015 0)
(-6.51336e-09 -2.84015 0)
(-6.71899e-09 -2.84015 0)
(-6.94029e-09 -2.84016 0)
(-7.17925e-09 -2.84016 0)
(-7.43818e-09 -2.84016 0)
(-7.71972e-09 -2.84016 0)
(-8.02685e-09 -2.84016 0)
(-8.36314e-09 -2.84016 0)
(-8.73236e-09 -2.84016 0)
(-9.13917e-09 -2.84016 0)
(-9.58855e-09 -2.84016 0)
(-1.00864e-08 -2.84016 0)
(-1.06393e-08 -2.84016 0)
(-1.12546e-08 -2.84016 0)
(-1.19409e-08 -2.84016 0)
(-1.27078e-08 -2.84016 0)
(-1.35656e-08 -2.84016 0)
(-1.45267e-08 -2.84016 0)
(-1.56043e-08 -2.84016 0)
(-1.68134e-08 -2.84016 0)
(-1.81707e-08 -2.84016 0)
(-1.96947e-08 -2.84016 0)
(-2.14059e-08 -2.84016 0)
(-2.33274e-08 -2.84016 0)
(-2.54837e-08 -2.84016 0)
(-2.7903e-08 -2.84016 0)
(-3.0615e-08 -2.84016 0)
(-3.36533e-08 -2.84016 0)
(-3.70538e-08 -2.84016 0)
(-4.0856e-08 -2.84016 0)
(-4.51015e-08 -2.84016 0)
(-4.98352e-08 -2.84016 0)
(-5.51034e-08 -2.84016 0)
(-6.0955e-08 -2.84016 0)
(-6.74392e-08 -2.84016 0)
(-7.46064e-08 -2.84016 0)
(-8.25049e-08 -2.84016 0)
(-9.1182e-08 -2.84016 0)
(-1.00679e-07 -2.84016 0)
(-1.11029e-07 -2.84016 0)
(-1.22255e-07 -2.84016 0)
(-1.3436e-07 -2.84016 0)
(-1.47332e-07 -2.84016 0)
(-1.61122e-07 -2.84016 0)
(-1.75664e-07 -2.84016 0)
(-1.9085e-07 -2.84017 0)
(-2.06554e-07 -2.84017 0)
(-2.22634e-07 -2.84017 0)
(-2.38966e-07 -2.84017 0)
(-2.55506e-07 -2.84017 0)
(-2.72392e-07 -2.84017 0)
(-2.90124e-07 -2.84017 0)
(-3.09846e-07 -2.84017 0)
(-3.33747e-07 -2.84018 0)
(-3.65623e-07 -2.84018 0)
(-4.1151e-07 -2.84018 0)
(-4.8018e-07 -2.84018 0)
(-5.82678e-07 -2.84018 0)
(-7.29767e-07 -2.84019 0)
(-9.19797e-07 -2.84019 0)
(-1.11969e-06 -2.84019 0)
(-1.191e-06 -2.8402 0)
(-5.83266e-07 -2.8402 0)
(8.59988e-07 -2.78862 0)
(1.77075e-06 -2.78862 0)
(1.68612e-06 -2.78861 0)
(1.3943e-06 -2.78861 0)
(1.11018e-06 -2.78861 0)
(8.91015e-07 -2.7886 0)
(7.37991e-07 -2.7886 0)
(6.35845e-07 -2.7886 0)
(5.67933e-07 -2.7886 0)
(5.20994e-07 -2.7886 0)
(4.85856e-07 -2.78859 0)
(4.56731e-07 -2.78859 0)
(4.3024e-07 -2.78859 0)
(4.0457e-07 -2.78859 0)
(3.78888e-07 -2.78859 0)
(3.52971e-07 -2.78859 0)
(3.26978e-07 -2.78859 0)
(3.01274e-07 -2.78859 0)
(2.76297e-07 -2.78859 0)
(2.52431e-07 -2.78858 0)
(2.29947e-07 -2.78858 0)
(2.08983e-07 -2.78858 0)
(1.89572e-07 -2.78858 0)
(1.71687e-07 -2.78858 0)
(1.55273e-07 -2.78858 0)
(1.40265e-07 -2.78858 0)
(1.26591e-07 -2.78858 0)
(1.14177e-07 -2.78858 0)
(1.02942e-07 -2.78858 0)
(9.28024e-08 -2.78858 0)
(8.36727e-08 -2.78858 0)
(7.54699e-08 -2.78858 0)
(6.81122e-08 -2.78858 0)
(6.15228e-08 -2.78858 0)
(5.56285e-08 -2.78858 0)
(5.03618e-08 -2.78858 0)
(4.566e-08 -2.78858 0)
(4.14666e-08 -2.78858 0)
(3.77297e-08 -2.78858 0)
(3.44026e-08 -2.78858 0)
(3.14426e-08 -2.78858 0)
(2.88112e-08 -2.78858 0)
(2.64733e-08 -2.78858 0)
(2.43969e-08 -2.78858 0)
(2.25535e-08 -2.78858 0)
(2.0917e-08 -2.78858 0)
(1.94639e-08 -2.78858 0)
(1.81741e-08 -2.78858 0)
(1.70288e-08 -2.78858 0)
(1.60128e-08 -2.78858 0)
(1.51113e-08 -2.78858 0)
(1.4312e-08 -2.78858 0)
(1.36013e-08 -2.78858 0)
(1.29673e-08 -2.78858 0)
(1.23968e-08 -2.78858 0)
(1.18795e-08 -2.78858 0)
(1.14055e-08 -2.78858 0)
(1.09686e-08 -2.78858 0)
(1.05634e-08 -2.78858 0)
(1.01871e-08 -2.78858 0)
(9.8356e-09 -2.78858 0)
(9.50608e-09 -2.78858 0)
(9.19409e-09 -2.78858 0)
(8.8969e-09 -2.78858 0)
(8.6108e-09 -2.78858 0)
(8.33458e-09 -2.78858 0)
(8.06628e-09 -2.78858 0)
(7.80627e-09 -2.78858 0)
(7.55387e-09 -2.78858 0)
(7.31023e-09 -2.78858 0)
(7.07493e-09 -2.78858 0)
(6.84891e-09 -2.78858 0)
(6.63149e-09 -2.78858 0)
(6.42302e-09 -2.78858 0)
(6.22248e-09 -2.78858 0)
(6.02983e-09 -2.78858 0)
(5.84394e-09 -2.78858 0)
(5.66484e-09 -2.78858 0)
(5.49135e-09 -2.78858 0)
(5.32361e-09 -2.78858 0)
(5.16077e-09 -2.78858 0)
(5.003e-09 -2.78858 0)
(4.84962e-09 -2.78858 0)
(4.70099e-09 -2.78858 0)
(4.55675e-09 -2.78858 0)
(4.41713e-09 -2.78858 0)
(4.2819e-09 -2.78858 0)
(4.15145e-09 -2.78858 0)
(4.02538e-09 -2.78858 0)
(3.90388e-09 -2.78858 0)
(3.78644e-09 -2.78858 0)
(3.67291e-09 -2.78858 0)
(3.56264e-09 -2.78858 0)
(3.45499e-09 -2.78858 0)
(3.34991e-09 -2.78858 0)
(3.24594e-09 -2.78858 0)
(3.1446e-09 -2.78858 0)
(3.04492e-09 -2.78858 0)
(2.95404e-09 -2.78858 0)
(2.87493e-09 -2.78858 0)
(2.82556e-09 -2.78858 0)
(2.81299e-09 -2.78858 0)
(2.8625e-09 -2.78858 0)
(2.97837e-09 -2.78858 0)
(3.17544e-09 -2.78858 0)
(3.43455e-09 -2.78858 0)
(3.72342e-09 -2.78858 0)
(3.97341e-09 -2.78858 0)
(4.10834e-09 -2.78858 0)
(4.06427e-09 -2.78858 0)
(3.82379e-09 -2.78857 0)
(3.42486e-09 -2.78857 0)
(2.94828e-09 -2.78857 0)
(2.48186e-09 -2.78857 0)
(2.08983e-09 -2.78857 0)
(1.79566e-09 -2.78857 0)
(1.58909e-09 -2.78857 0)
(1.44273e-09 -2.78857 0)
(1.32945e-09 -2.78857 0)
(1.22976e-09 -2.78857 0)
(1.13408e-09 -2.78857 0)
(1.03806e-09 -2.78857 0)
(9.41207e-10 -2.78857 0)
(8.43156e-10 -2.78857 0)
(7.44457e-10 -2.78857 0)
(6.44948e-10 -2.78857 0)
(5.44811e-10 -2.78857 0)
(4.43509e-10 -2.78857 0)
(3.41161e-10 -2.78857 0)
(2.36895e-10 -2.78857 0)
(1.30241e-10 -2.78857 0)
(1.9748e-11 -2.78857 0)
(-9.79037e-11 -2.78857 0)
(-2.24641e-10 -2.78857 0)
(-3.64949e-10 -2.78857 0)
(-5.21058e-10 -2.78857 0)
(-6.91256e-10 -2.78857 0)
(-8.71547e-10 -2.78857 0)
(-1.0517e-09 -2.78857 0)
(-1.21702e-09 -2.78857 0)
(-1.35419e-09 -2.78857 0)
(-1.45052e-09 -2.78857 0)
(-1.50468e-09 -2.78857 0)
(-1.52208e-09 -2.78857 0)
(-1.51869e-09 -2.78857 0)
(-1.51092e-09 -2.78857 0)
(-1.51576e-09 -2.78857 0)
(-1.54181e-09 -2.78857 0)
(-1.59359e-09 -2.78857 0)
(-1.668e-09 -2.78857 0)
(-1.76151e-09 -2.78857 0)
(-1.86772e-09 -2.78857 0)
(-1.98296e-09 -2.78857 0)
(-2.10307e-09 -2.78857 0)
(-2.22635e-09 -2.78858 0)
(-2.35086e-09 -2.78858 0)
(-2.47642e-09 -2.78858 0)
(-2.60187e-09 -2.78858 0)
(-2.72774e-09 -2.78858 0)
(-2.85311e-09 -2.78858 0)
(-2.97869e-09 -2.78858 0)
(-3.10323e-09 -2.78858 0)
(-3.22757e-09 -2.78858 0)
(-3.35014e-09 -2.78858 0)
(-3.47076e-09 -2.78858 0)
(-3.58755e-09 -2.78858 0)
(-3.69898e-09 -2.78858 0)
(-3.80215e-09 -2.78858 0)
(-3.89558e-09 -2.78858 0)
(-3.97611e-09 -2.78858 0)
(-4.04432e-09 -2.78858 0)
(-4.09928e-09 -2.78858 0)
(-4.14487e-09 -2.78858 0)
(-4.18528e-09 -2.78858 0)
(-4.22802e-09 -2.78858 0)
(-4.28141e-09 -2.78858 0)
(-4.35367e-09 -2.78858 0)
(-4.45067e-09 -2.78858 0)
(-4.5748e-09 -2.78858 0)
(-4.72405e-09 -2.78858 0)
(-4.8932e-09 -2.78858 0)
(-5.07504e-09 -2.78858 0)
(-5.26247e-09 -2.78858 0)
(-5.44974e-09 -2.78858 0)
(-5.63357e-09 -2.78858 0)
(-5.8124e-09 -2.78858 0)
(-5.98666e-09 -2.78858 0)
(-6.1568e-09 -2.78858 0)
(-6.32431e-09 -2.78858 0)
(-6.48945e-09 -2.78858 0)
(-6.65318e-09 -2.78858 0)
(-6.81558e-09 -2.78858 0)
(-6.97734e-09 -2.78858 0)
(-7.13887e-09 -2.78858 0)
(-7.30132e-09 -2.78858 0)
(-7.46563e-09 -2.78858 0)
(-7.63336e-09 -2.78858 0)
(-7.80588e-09 -2.78858 0)
(-7.98479e-09 -2.78858 0)
(-8.17149e-09 -2.78858 0)
(-8.36735e-09 -2.78858 0)
(-8.57366e-09 -2.78858 0)
(-8.79163e-09 -2.78858 0)
(-9.02248e-09 -2.78858 0)
(-9.26756e-09 -2.78858 0)
(-9.52831e-09 -2.78858 0)
(-9.80643e-09 -2.78858 0)
(-1.01039e-08 -2.78858 0)
(-1.0423e-08 -2.78858 0)
(-1.07665e-08 -2.78858 0)
(-1.11374e-08 -2.78858 0)
(-1.15393e-08 -2.78858 0)
(-1.19763e-08 -2.78858 0)
(-1.2453e-08 -2.78858 0)
(-1.2975e-08 -2.78858 0)
(-1.35482e-08 -2.78858 0)
(-1.41797e-08 -2.78858 0)
(-1.48773e-08 -2.78858 0)
(-1.56502e-08 -2.78858 0)
(-1.65084e-08 -2.78858 0)
(-1.74637e-08 -2.78858 0)
(-1.85291e-08 -2.78858 0)
(-1.97195e-08 -2.78858 0)
(-2.10512e-08 -2.78858 0)
(-2.25432e-08 -2.78858 0)
(-2.42161e-08 -2.78858 0)
(-2.60933e-08 -2.78858 0)
(-2.82004e-08 -2.78858 0)
(-3.05665e-08 -2.78858 0)
(-3.3223e-08 -2.78858 0)
(-3.62057e-08 -2.78858 0)
(-3.9553e-08 -2.78858 0)
(-4.33082e-08 -2.78858 0)
(-4.75177e-08 -2.78858 0)
(-5.22336e-08 -2.78858 0)
(-5.75116e-08 -2.78858 0)
(-6.34128e-08 -2.78858 0)
(-7.00017e-08 -2.78858 0)
(-7.73479e-08 -2.78858 0)
(-8.5523e-08 -2.78858 0)
(-9.46025e-08 -2.78858 0)
(-1.04662e-07 -2.78858 0)
(-1.1578e-07 -2.78858 0)
(-1.2803e-07 -2.78858 0)
(-1.41484e-07 -2.78858 0)
(-1.56205e-07 -2.78858 0)
(-1.72244e-07 -2.78858 0)
(-1.89633e-07 -2.78858 0)
(-2.08376e-07 -2.78858 0)
(-2.28449e-07 -2.78858 0)
(-2.49777e-07 -2.78859 0)
(-2.72248e-07 -2.78859 0)
(-2.95688e-07 -2.78859 0)
(-3.19889e-07 -2.78859 0)
(-3.44614e-07 -2.78859 0)
(-3.6965e-07 -2.78859 0)
(-3.94897e-07 -2.78859 0)
(-4.20529e-07 -2.78859 0)
(-4.47261e-07 -2.78859 0)
(-4.76775e-07 -2.78859 0)
(-5.12334e-07 -2.7886 0)
(-5.59627e-07 -2.7886 0)
(-6.27718e-07 -2.7886 0)
(-7.29776e-07 -2.7886 0)
(-8.82308e-07 -2.7886 0)
(-1.10101e-06 -2.78861 0)
(-1.38293e-06 -2.78861 0)
(-1.67479e-06 -2.78861 0)
(-1.76216e-06 -2.78862 0)
(-8.55992e-07 -2.78862 0)
(1.14827e-06 -2.72514 0)
(2.38505e-06 -2.72514 0)
(2.29696e-06 -2.72513 0)
(1.91047e-06 -2.72513 0)
(1.52827e-06 -2.72513 0)
(1.23254e-06 -2.72512 0)
(1.02626e-06 -2.72512 0)
(8.88886e-07 -2.72512 0)
(7.97716e-07 -2.72512 0)
(7.34653e-07 -2.72512 0)
(6.8722e-07 -2.72512 0)
(6.47566e-07 -2.72511 0)
(6.11124e-07 -2.72511 0)
(5.75467e-07 -2.72511 0)
(5.39511e-07 -2.72511 0)
(5.03014e-07 -2.72511 0)
(4.66256e-07 -2.72511 0)
(4.29805e-07 -2.72511 0)
(3.94314e-07 -2.72511 0)
(3.60359e-07 -2.72511 0)
(3.28341e-07 -2.72511 0)
(2.98468e-07 -2.7251 0)
(2.70793e-07 -2.7251 0)
(2.45282e-07 -2.7251 0)
(2.21858e-07 -2.7251 0)
(2.00433e-07 -2.7251 0)
(1.80908e-07 -2.7251 0)
(1.63178e-07 -2.7251 0)
(1.47129e-07 -2.7251 0)
(1.32643e-07 -2.7251 0)
(1.19598e-07 -2.7251 0)
(1.07876e-07 -2.7251 0)
(9.73615e-08 -2.7251 0)
(8.79437e-08 -2.7251 0)
(7.95187e-08 -2.7251 0)
(7.19903e-08 -2.7251 0)
(6.5269e-08 -2.7251 0)
(5.92742e-08 -2.7251 0)
(5.39316e-08 -2.7251 0)
(4.91748e-08 -2.7251 0)
(4.49427e-08 -2.7251 0)
(4.11804e-08 -2.7251 0)
(3.78377e-08 -2.7251 0)
(3.48689e-08 -2.7251 0)
(3.22331e-08 -2.7251 0)
(2.9893e-08 -2.7251 0)
(2.78154e-08 -2.7251 0)
(2.59712e-08 -2.7251 0)
(2.4334e-08 -2.7251 0)
(2.28817e-08 -2.7251 0)
(2.15934e-08 -2.7251 0)
(2.0451e-08 -2.7251 0)
(1.94355e-08 -2.7251 0)
(1.85296e-08 -2.7251 0)
(1.77147e-08 -2.7251 0)
(1.69757e-08 -2.7251 0)
(1.62985e-08 -2.7251 0)
(1.56744e-08 -2.7251 0)
(1.50957e-08 -2.7251 0)
(1.45581e-08 -2.7251 0)
(1.40561e-08 -2.7251 0)
(1.35854e-08 -2.7251 0)
(1.31398e-08 -2.7251 0)
(1.27151e-08 -2.7251 0)
(1.23063e-08 -2.7251 0)
(1.19113e-08 -2.7251 0)
(1.15276e-08 -2.7251 0)
(1.11555e-08 -2.7251 0)
(1.07944e-08 -2.7251 0)
(1.04456e-08 -2.7251 0)
(1.01089e-08 -2.7251 0)
(9.78526e-09 -2.7251 0)
(9.47406e-09 -2.7251 0)
(9.17558e-09 -2.7251 0)
(8.88855e-09 -2.7251 0)
(8.61275e-09 -2.7251 0)
(8.34672e-09 -2.7251 0)
(8.09033e-09 -2.7251 0)
(7.84207e-09 -2.7251 0)
(7.60197e-09 -2.7251 0)
(7.36895e-09 -2.7251 0)
(7.14313e-09 -2.7251 0)
(6.92367e-09 -2.7251 0)
(6.71096e-09 -2.7251 0)
(6.50458e-09 -2.7251 0)
(6.30482e-09 -2.7251 0)
(6.1114e-09 -2.7251 0)
(5.92483e-09 -2.7251 0)
(5.74456e-09 -2.7251 0)
(5.57087e-09 -2.7251 0)
(5.40305e-09 -2.7251 0)
(5.24096e-09 -2.7251 0)
(5.08362e-09 -2.7251 0)
(4.93025e-09 -2.7251 0)
(4.78055e-09 -2.7251 0)
(4.63277e-09 -2.7251 0)
(4.48856e-09 -2.7251 0)
(4.34713e-09 -2.7251 0)
(4.21675e-09 -2.7251 0)
(4.10191e-09 -2.7251 0)
(4.02533e-09 -2.7251 0)
(3.99969e-09 -2.7251 0)
(4.0616e-09 -2.7251 0)
(4.22412e-09 -2.7251 0)
(4.50963e-09 -2.7251 0)
(4.89293e-09 -2.7251 0)
(5.32253e-09 -2.7251 0)
(5.69568e-09 -2.7251 0)
(5.89853e-09 -2.7251 0)
(5.83861e-09 -2.7251 0)
(5.49204e-09 -2.7251 0)
(4.91565e-09 -2.7251 0)
(4.22717e-09 -2.7251 0)
(3.55396e-09 -2.7251 0)
(2.9887e-09 -2.7251 0)
(2.56524e-09 -2.7251 0)
(2.26855e-09 -2.7251 0)
(2.05892e-09 -2.7251 0)
(1.89699e-09 -2.7251 0)
(1.75463e-09 -2.7251 0)
(1.61797e-09 -2.7251 0)
(1.48083e-09 -2.7251 0)
(1.34246e-09 -2.7251 0)
(1.20241e-09 -2.7251 0)
(1.06142e-09 -2.7251 0)
(9.19263e-10 -2.7251 0)
(7.76167e-10 -2.7251 0)
(6.31396e-10 -2.7251 0)
(4.85036e-10 -2.7251 0)
(3.3595e-10 -2.7251 0)
(1.83501e-10 -2.7251 0)
(2.57253e-11 -2.7251 0)
(-1.41691e-10 -2.7251 0)
(-3.21836e-10 -2.7251 0)
(-5.21098e-10 -2.7251 0)
(-7.4329e-10 -2.7251 0)
(-9.86761e-10 -2.7251 0)
(-1.24598e-09 -2.7251 0)
(-1.50617e-09 -2.7251 0)
(-1.74574e-09 -2.7251 0)
(-1.94429e-09 -2.7251 0)
(-2.08338e-09 -2.7251 0)
(-2.16056e-09 -2.7251 0)
(-2.18417e-09 -2.7251 0)
(-2.17725e-09 -2.7251 0)
(-2.16404e-09 -2.7251 0)
(-2.16891e-09 -2.7251 0)
(-2.2046e-09 -2.7251 0)
(-2.27741e-09 -2.7251 0)
(-2.38306e-09 -2.7251 0)
(-2.51623e-09 -2.7251 0)
(-2.66785e-09 -2.7251 0)
(-2.83242e-09 -2.7251 0)
(-3.0041e-09 -2.7251 0)
(-3.18027e-09 -2.7251 0)
(-3.3583e-09 -2.7251 0)
(-3.53774e-09 -2.7251 0)
(-3.71711e-09 -2.7251 0)
(-3.89695e-09 -2.7251 0)
(-4.07618e-09 -2.7251 0)
(-4.25557e-09 -2.7251 0)
(-4.43358e-09 -2.7251 0)
(-4.61118e-09 -2.7251 0)
(-4.78641e-09 -2.7251 0)
(-4.95885e-09 -2.7251 0)
(-5.12609e-09 -2.7251 0)
(-5.28589e-09 -2.7251 0)
(-5.43428e-09 -2.7251 0)
(-5.56883e-09 -2.7251 0)
(-5.68496e-09 -2.7251 0)
(-5.78276e-09 -2.7251 0)
(-5.8609e-09 -2.7251 0)
(-5.9245e-09 -2.7251 0)
(-5.98005e-09 -2.7251 0)
(-6.03861e-09 -2.7251 0)
(-6.11261e-09 -2.7251 0)
(-6.21409e-09 -2.7251 0)
(-6.3516e-09 -2.7251 0)
(-6.52851e-09 -2.7251 0)
(-6.74182e-09 -2.7251 0)
(-6.98388e-09 -2.7251 0)
(-7.24427e-09 -2.7251 0)
(-7.51268e-09 -2.7251 0)
(-7.78086e-09 -2.7251 0)
(-8.04403e-09 -2.7251 0)
(-8.3e-09 -2.7251 0)
(-8.54935e-09 -2.7251 0)
(-8.79285e-09 -2.7251 0)
(-9.03251e-09 -2.7251 0)
(-9.26882e-09 -2.7251 0)
(-9.50303e-09 -2.7251 0)
(-9.73533e-09 -2.7251 0)
(-9.96662e-09 -2.7251 0)
(-1.01975e-08 -2.7251 0)
(-1.04296e-08 -2.7251 0)
(-1.06643e-08 -2.7251 0)
(-1.09039e-08 -2.7251 0)
(-1.11503e-08 -2.7251 0)
(-1.14057e-08 -2.7251 0)
(-1.16723e-08 -2.7251 0)
(-1.1952e-08 -2.7251 0)
(-1.22467e-08 -2.7251 0)
(-1.25581e-08 -2.7251 0)
(-1.28879e-08 -2.7251 0)
(-1.3238e-08 -2.7251 0)
(-1.36106e-08 -2.7251 0)
(-1.4008e-08 -2.7251 0)
(-1.44331e-08 -2.7251 0)
(-1.48891e-08 -2.7251 0)
(-1.538e-08 -2.7251 0)
(-1.59101e-08 -2.7251 0)
(-1.64846e-08 -2.7251 0)
(-1.71093e-08 -2.7251 0)
(-1.77908e-08 -2.7251 0)
(-1.85371e-08 -2.7251 0)
(-1.93565e-08 -2.7251 0)
(-2.02593e-08 -2.7251 0)
(-2.12567e-08 -2.7251 0)
(-2.23616e-08 -2.7251 0)
(-2.35886e-08 -2.7251 0)
(-2.49544e-08 -2.7251 0)
(-2.64775e-08 -2.7251 0)
(-2.81792e-08 -2.7251 0)
(-3.00831e-08 -2.7251 0)
(-3.22161e-08 -2.7251 0)
(-3.46079e-08 -2.7251 0)
(-3.72917e-08 -2.7251 0)
(-4.03045e-08 -2.7251 0)
(-4.36874e-08 -2.7251 0)
(-4.74856e-08 -2.7251 0)
(-5.17499e-08 -2.7251 0)
(-5.6535e-08 -2.7251 0)
(-6.19028e-08 -2.7251 0)
(-6.79199e-08 -2.7251 0)
(-7.46606e-08 -2.7251 0)
(-8.22044e-08 -2.7251 0)
(-9.06386e-08 -2.7251 0)
(-1.00056e-07 -2.7251 0)
(-1.10554e-07 -2.7251 0)
(-1.22236e-07 -2.7251 0)
(-1.35209e-07 -2.7251 0)
(-1.4958e-07 -2.7251 0)
(-1.6546e-07 -2.7251 0)
(-1.82954e-07 -2.7251 0)
(-2.02162e-07 -2.7251 0)
(-2.23171e-07 -2.7251 0)
(-2.46052e-07 -2.7251 0)
(-2.70846e-07 -2.7251 0)
(-2.97557e-07 -2.72511 0)
(-3.26142e-07 -2.72511 0)
(-3.56492e-07 -2.72511 0)
(-3.88433e-07 -2.72511 0)
(-4.21709e-07 -2.72511 0)
(-4.55997e-07 -2.72511 0)
(-4.90931e-07 -2.72511 0)
(-5.26166e-07 -2.72511 0)
(-5.61503e-07 -2.72511 0)
(-5.97114e-07 -2.72511 0)
(-6.33909e-07 -2.72511 0)
(-6.74123e-07 -2.72512 0)
(-7.22175e-07 -2.72512 0)
(-7.85827e-07 -2.72512 0)
(-8.77492e-07 -2.72512 0)
(-1.01521e-06 -2.72512 0)
(-1.22149e-06 -2.72512 0)
(-1.51717e-06 -2.72513 0)
(-1.89721e-06 -2.72513 0)
(-2.28355e-06 -2.72513 0)
(-2.37427e-06 -2.72514 0)
(-1.14313e-06 -2.72514 0)
(1.4374e-06 -2.64701 0)
(3.01377e-06 -2.64701 0)
(2.93861e-06 -2.64701 0)
(2.46099e-06 -2.647 0)
(1.97982e-06 -2.647 0)
(1.60639e-06 -2.647 0)
(1.34663e-06 -2.647 0)
(1.17458e-06 -2.647 0)
(1.06093e-06 -2.64699 0)
(9.82319e-07 -2.64699 0)
(9.2274e-07 -2.64699 0)
(8.7223e-07 -2.64699 0)
(8.25081e-07 -2.64699 0)
(7.78318e-07 -2.64699 0)
(7.30668e-07 -2.64699 0)
(6.8193e-07 -2.64699 0)
(6.32579e-07 -2.64699 0)
(5.83459e-07 -2.64698 0)
(5.35515e-07 -2.64698 0)
(4.89574e-07 -2.64698 0)
(4.46206e-07 -2.64698 0)
(4.05712e-07 -2.64698 0)
(3.68173e-07 -2.64698 0)
(3.33549e-07 -2.64698 0)
(3.01742e-07 -2.64698 0)
(2.72636e-07 -2.64698 0)
(2.46101e-07 -2.64698 0)
(2.21999e-07 -2.64698 0)
(2.00177e-07 -2.64698 0)
(1.80477e-07 -2.64698 0)
(1.62735e-07 -2.64698 0)
(1.46791e-07 -2.64698 0)
(1.32486e-07 -2.64698 0)
(1.19673e-07 -2.64698 0)
(1.0821e-07 -2.64698 0)
(9.79659e-08 -2.64698 0)
(8.88194e-08 -2.64698 0)
(8.06606e-08 -2.64698 0)
(7.33892e-08 -2.64698 0)
(6.69147e-08 -2.64698 0)
(6.11542e-08 -2.64698 0)
(5.6033e-08 -2.64698 0)
(5.14829e-08 -2.64698 0)
(4.74417e-08 -2.64698 0)
(4.38537e-08 -2.64698 0)
(4.06682e-08 -2.64698 0)
(3.78399e-08 -2.64698 0)
(3.53294e-08 -2.64698 0)
(3.3101e-08 -2.64698 0)
(3.11246e-08 -2.64698 0)
(2.93718e-08 -2.64698 0)
(2.78178e-08 -2.64698 0)
(2.64367e-08 -2.64698 0)
(2.52046e-08 -2.64698 0)
(2.40966e-08 -2.64698 0)
(2.30915e-08 -2.64698 0)
(2.21709e-08 -2.64698 0)
(2.13221e-08 -2.64697 0)
(2.05353e-08 -2.64697 0)
(1.98044e-08 -2.64697 0)
(1.91221e-08 -2.64697 0)
(1.84823e-08 -2.64697 0)
(1.78767e-08 -2.64697 0)
(1.72993e-08 -2.64697 0)
(1.67433e-08 -2.64697 0)
(1.62058e-08 -2.64697 0)
(1.56836e-08 -2.64697 0)
(1.51768e-08 -2.64697 0)
(1.46849e-08 -2.64697 0)
(1.42096e-08 -2.64697 0)
(1.37507e-08 -2.64697 0)
(1.33096e-08 -2.64697 0)
(1.28855e-08 -2.64697 0)
(1.24786e-08 -2.64697 0)
(1.20875e-08 -2.64697 0)
(1.17116e-08 -2.64697 0)
(1.13491e-08 -2.64697 0)
(1.09996e-08 -2.64697 0)
(1.06614e-08 -2.64697 0)
(1.03342e-08 -2.64697 0)
(1.00167e-08 -2.64697 0)
(9.70897e-09 -2.64697 0)
(9.40997e-09 -2.64697 0)
(9.12013e-09 -2.64697 0)
(8.83896e-09 -2.64697 0)
(8.56683e-09 -2.64697 0)
(8.30339e-09 -2.64697 0)
(8.04931e-09 -2.64697 0)
(7.8039e-09 -2.64697 0)
(7.5675e-09 -2.64697 0)
(7.3392e-09 -2.64697 0)
(7.11886e-09 -2.64697 0)
(6.90519e-09 -2.64697 0)
(6.69729e-09 -2.64697 0)
(6.49447e-09 -2.64697 0)
(6.29479e-09 -2.64697 0)
(6.09985e-09 -2.64697 0)
(5.90927e-09 -2.64697 0)
(5.73216e-09 -2.64697 0)
(5.57426e-09 -2.64697 0)
(5.46204e-09 -2.64697 0)
(5.41427e-09 -2.64697 0)
(5.48085e-09 -2.64697 0)
(5.68963e-09 -2.64697 0)
(6.07635e-09 -2.64697 0)
(6.61346e-09 -2.64697 0)
(7.22597e-09 -2.64697 0)
(7.76572e-09 -2.64697 0)
(8.06644e-09 -2.64697 0)
(7.9963e-09 -2.64697 0)
(7.52262e-09 -2.64697 0)
(6.72754e-09 -2.64697 0)
(5.77689e-09 -2.64697 0)
(4.84847e-09 -2.64697 0)
(4.07034e-09 -2.64697 0)
(3.48888e-09 -2.64697 0)
(3.08275e-09 -2.64697 0)
(2.79683e-09 -2.64697 0)
(2.57653e-09 -2.64697 0)
(2.3831e-09 -2.64697 0)
(2.19733e-09 -2.64697 0)
(2.01088e-09 -2.64697 0)
(1.82269e-09 -2.64697 0)
(1.63226e-09 -2.64697 0)
(1.44052e-09 -2.64697 0)
(1.24723e-09 -2.64697 0)
(1.05259e-09 -2.64697 0)
(8.55643e-10 -2.64697 0)
(6.56382e-10 -2.64697 0)
(4.53386e-10 -2.64697 0)
(2.45853e-10 -2.64697 0)
(3.12965e-11 -2.64697 0)
(-1.95493e-10 -2.64697 0)
(-4.38905e-10 -2.64697 0)
(-7.07597e-10 -2.64697 0)
(-1.00768e-09 -2.64697 0)
(-1.33822e-09 -2.64697 0)
(-1.69248e-09 -2.64697 0)
(-2.05057e-09 -2.64697 0)
(-2.38225e-09 -2.64697 0)
(-2.65767e-09 -2.64697 0)
(-2.85057e-09 -2.64697 0)
(-2.95636e-09 -2.64697 0)
(-2.987e-09 -2.64697 0)
(-2.97434e-09 -2.64697 0)
(-2.95271e-09 -2.64697 0)
(-2.95572e-09 -2.64697 0)
(-3.0015e-09 -2.64697 0)
(-3.09842e-09 -2.64697 0)
(-3.24088e-09 -2.64697 0)
(-3.4212e-09 -2.64697 0)
(-3.62713e-09 -2.64697 0)
(-3.85079e-09 -2.64697 0)
(-4.08436e-09 -2.64697 0)
(-4.32399e-09 -2.64697 0)
(-4.56629e-09 -2.64697 0)
(-4.81039e-09 -2.64697 0)
(-5.05452e-09 -2.64697 0)
(-5.29914e-09 -2.64697 0)
(-5.54304e-09 -2.64697 0)
(-5.78695e-09 -2.64697 0)
(-6.02913e-09 -2.64697 0)
(-6.27058e-09 -2.64697 0)
(-6.50898e-09 -2.64697 0)
(-6.74363e-09 -2.64697 0)
(-6.97156e-09 -2.64697 0)
(-7.18979e-09 -2.64697 0)
(-7.39321e-09 -2.64697 0)
(-7.57819e-09 -2.64697 0)
(-7.73842e-09 -2.64697 0)
(-7.87288e-09 -2.64697 0)
(-7.97949e-09 -2.64697 0)
(-8.06437e-09 -2.64697 0)
(-8.13671e-09 -2.64697 0)
(-8.21204e-09 -2.64697 0)
(-8.30828e-09 -2.64697 0)
(-8.44262e-09 -2.64697 0)
(-8.62722e-09 -2.64697 0)
(-8.86667e-09 -2.64697 0)
(-9.15674e-09 -2.64697 0)
(-9.48659e-09 -2.64697 0)
(-9.84174e-09 -2.64697 0)
(-1.02079e-08 -2.64697 0)
(-1.05736e-08 -2.64697 0)
(-1.09323e-08 -2.64697 0)
(-1.12812e-08 -2.64697 0)
(-1.16209e-08 -2.64697 0)
(-1.19527e-08 -2.64697 0)
(-1.22791e-08 -2.64697 0)
(-1.26011e-08 -2.64697 0)
(-1.29202e-08 -2.64697 0)
(-1.32366e-08 -2.64697 0)
(-1.35515e-08 -2.64697 0)
(-1.38658e-08 -2.64697 0)
(-1.41816e-08 -2.64697 0)
(-1.45008e-08 -2.64697 0)
(-1.48265e-08 -2.64697 0)
(-1.51613e-08 -2.64697 0)
(-1.55086e-08 -2.64697 0)
(-1.58709e-08 -2.64697 0)
(-1.62511e-08 -2.64697 0)
(-1.66517e-08 -2.64697 0)
(-1.7075e-08 -2.64697 0)
(-1.75235e-08 -2.64697 0)
(-1.79997e-08 -2.64697 0)
(-1.85064e-08 -2.64697 0)
(-1.90469e-08 -2.64698 0)
(-1.96252e-08 -2.64698 0)
(-2.02456e-08 -2.64698 0)
(-2.09134e-08 -2.64698 0)
(-2.16347e-08 -2.64698 0)
(-2.24164e-08 -2.64698 0)
(-2.32664e-08 -2.64698 0)
(-2.41939e-08 -2.64698 0)
(-2.52096e-08 -2.64698 0)
(-2.63248e-08 -2.64698 0)
(-2.75536e-08 -2.64698 0)
(-2.89111e-08 -2.64698 0)
(-3.0415e-08 -2.64698 0)
(-3.20851e-08 -2.64698 0)
(-3.39439e-08 -2.64698 0)
(-3.60169e-08 -2.64698 0)
(-3.83329e-08 -2.64698 0)
(-4.09241e-08 -2.64698 0)
(-4.38271e-08 -2.64698 0)
(-4.70823e-08 -2.64698 0)
(-5.07352e-08 -2.64698 0)
(-5.4836e-08 -2.64698 0)
(-5.94408e-08 -2.64698 0)
(-6.46107e-08 -2.64698 0)
(-7.04146e-08 -2.64698 0)
(-7.6927e-08 -2.64698 0)
(-8.42316e-08 -2.64698 0)
(-9.24193e-08 -2.64698 0)
(-1.01591e-07 -2.64698 0)
(-1.11855e-07 -2.64698 0)
(-1.23329e-07 -2.64698 0)
(-1.36141e-07 -2.64698 0)
(-1.50422e-07 -2.64698 0)
(-1.66312e-07 -2.64698 0)
(-1.83955e-07 -2.64698 0)
(-2.03498e-07 -2.64698 0)
(-2.25087e-07 -2.64698 0)
(-2.48864e-07 -2.64698 0)
(-2.74963e-07 -2.64698 0)
(-3.03498e-07 -2.64698 0)
(-3.34558e-07 -2.64698 0)
(-3.68197e-07 -2.64698 0)
(-4.04409e-07 -2.64698 0)
(-4.43128e-07 -2.64698 0)
(-4.84195e-07 -2.64698 0)
(-5.27358e-07 -2.64698 0)
(-5.72245e-07 -2.64698 0)
(-6.18388e-07 -2.64699 0)
(-6.65237e-07 -2.64699 0)
(-7.12255e-07 -2.64699 0)
(-7.59072e-07 -2.64699 0)
(-8.05782e-07 -2.64699 0)
(-8.53423e-07 -2.64699 0)
(-9.04743e-07 -2.64699 0)
(-9.6532e-07 -2.64699 0)
(-1.04507e-06 -2.647 0)
(-1.15997e-06 -2.647 0)
(-1.33323e-06 -2.647 0)
(-1.59373e-06 -2.647 0)
(-1.96748e-06 -2.647 0)
(-2.44641e-06 -2.647 0)
(-2.9234e-06 -2.64701 0)
(-3.0008e-06 -2.64701 0)
(-1.43114e-06 -2.64701 0)
(1.70637e-06 -2.55086 0)
(3.61261e-06 -2.55086 0)
(3.56873e-06 -2.55086 0)
(3.01283e-06 -2.55085 0)
(2.44117e-06 -2.55085 0)
(1.9966e-06 -2.55085 0)
(1.68892e-06 -2.55085 0)
(1.48695e-06 -2.55085 0)
(1.35473e-06 -2.55085 0)
(1.26353e-06 -2.55085 0)
(1.19371e-06 -2.55084 0)
(1.13323e-06 -2.55084 0)
(1.07535e-06 -2.55084 0)
(1.01674e-06 -2.55084 0)
(9.56109e-07 -2.55084 0)
(8.93459e-07 -2.55084 0)
(8.29578e-07 -2.55084 0)
(7.65698e-07 -2.55084 0)
(7.03156e-07 -2.55084 0)
(6.43106e-07 -2.55084 0)
(5.86348e-07 -2.55084 0)
(5.33299e-07 -2.55083 0)
(4.84086e-07 -2.55083 0)
(4.38662e-07 -2.55083 0)
(3.96907e-07 -2.55083 0)
(3.58676e-07 -2.55083 0)
(3.23807e-07 -2.55083 0)
(2.92122e-07 -2.55083 0)
(2.63427e-07 -2.55083 0)
(2.37517e-07 -2.55083 0)
(2.14178e-07 -2.55083 0)
(1.93201e-07 -2.55083 0)
(1.74381e-07 -2.55083 0)
(1.57521e-07 -2.55083 0)
(1.42435e-07 -2.55083 0)
(1.28952e-07 -2.55083 0)
(1.16913e-07 -2.55083 0)
(1.06173e-07 -2.55083 0)
(9.66e-08 -2.55083 0)
(8.80756e-08 -2.55083 0)
(8.04908e-08 -2.55083 0)
(7.37477e-08 -2.55083 0)
(6.77563e-08 -2.55083 0)
(6.24351e-08 -2.55083 0)
(5.77105e-08 -2.55083 0)
(5.35157e-08 -2.55083 0)
(4.97912e-08 -2.55083 0)
(4.6485e-08 -2.55083 0)
(4.35506e-08 -2.55083 0)
(4.09483e-08 -2.55083 0)
(3.86414e-08 -2.55083 0)
(3.65967e-08 -2.55083 0)
(3.47803e-08 -2.55083 0)
(3.316e-08 -2.55083 0)
(3.1703e-08 -2.55083 0)
(3.03811e-08 -2.55083 0)
(2.91702e-08 -2.55083 0)
(2.80537e-08 -2.55083 0)
(2.7019e-08 -2.55083 0)
(2.60579e-08 -2.55083 0)
(2.51611e-08 -2.55083 0)
(2.43203e-08 -2.55083 0)
(2.35247e-08 -2.55083 0)
(2.27658e-08 -2.55083 0)
(2.2035e-08 -2.55083 0)
(2.13279e-08 -2.55083 0)
(2.06406e-08 -2.55083 0)
(1.99732e-08 -2.55083 0)
(1.93252e-08 -2.55083 0)
(1.86986e-08 -2.55083 0)
(1.80938e-08 -2.55083 0)
(1.75121e-08 -2.55083 0)
(1.69531e-08 -2.55083 0)
(1.64166e-08 -2.55083 0)
(1.59009e-08 -2.55083 0)
(1.54053e-08 -2.55083 0)
(1.49275e-08 -2.55083 0)
(1.44668e-08 -2.55083 0)
(1.40209e-08 -2.55083 0)
(1.35896e-08 -2.55083 0)
(1.31711e-08 -2.55083 0)
(1.27655e-08 -2.55083 0)
(1.23714e-08 -2.55083 0)
(1.19893e-08 -2.55083 0)
(1.16187e-08 -2.55083 0)
(1.126e-08 -2.55083 0)
(1.09129e-08 -2.55083 0)
(1.05781e-08 -2.55083 0)
(1.02549e-08 -2.55083 0)
(9.94366e-09 -2.55083 0)
(9.64322e-09 -2.55083 0)
(9.35349e-09 -2.55083 0)
(9.07283e-09 -2.55083 0)
(8.8003e-09 -2.55083 0)
(8.53476e-09 -2.55083 0)
(8.27412e-09 -2.55083 0)
(8.01978e-09 -2.55083 0)
(7.77198e-09 -2.55083 0)
(7.54057e-09 -2.55083 0)
(7.33245e-09 -2.55083 0)
(7.17642e-09 -2.55083 0)
(7.09669e-09 -2.55083 0)
(7.15628e-09 -2.55083 0)
(7.40326e-09 -2.55083 0)
(7.89479e-09 -2.55083 0)
(8.6101e-09 -2.55083 0)
(9.45152e-09 -2.55083 0)
(1.02152e-08 -2.55083 0)
(1.06626e-08 -2.55083 0)
(1.06032e-08 -2.55083 0)
(9.98685e-09 -2.55083 0)
(8.92645e-09 -2.55083 0)
(7.65135e-09 -2.55083 0)
(6.40629e-09 -2.55083 0)
(5.36538e-09 -2.55083 0)
(4.59061e-09 -2.55083 0)
(4.05197e-09 -2.55083 0)
(3.67462e-09 -2.55083 0)
(3.38483e-09 -2.55083 0)
(3.13074e-09 -2.55083 0)
(2.88657e-09 -2.55083 0)
(2.64142e-09 -2.55083 0)
(2.39384e-09 -2.55083 0)
(2.14333e-09 -2.55083 0)
(1.89113e-09 -2.55083 0)
(1.63693e-09 -2.55083 0)
(1.38088e-09 -2.55083 0)
(1.12174e-09 -2.55083 0)
(8.5934e-10 -2.55083 0)
(5.91923e-10 -2.55083 0)
(3.18507e-10 -2.55083 0)
(3.60852e-11 -2.55083 0)
(-2.61299e-10 -2.55083 0)
(-5.79341e-10 -2.55083 0)
(-9.29083e-10 -2.55083 0)
(-1.31969e-09 -2.55083 0)
(-1.75191e-09 -2.55083 0)
(-2.2185e-09 -2.55083 0)
(-2.69445e-09 -2.55083 0)
(-3.13941e-09 -2.55083 0)
(-3.51129e-09 -2.55083 0)
(-3.77309e-09 -2.55083 0)
(-3.91606e-09 -2.55083 0)
(-3.95584e-09 -2.55083 0)
(-3.93495e-09 -2.55083 0)
(-3.90075e-09 -2.55083 0)
(-3.89873e-09 -2.55083 0)
(-3.95412e-09 -2.55083 0)
(-4.07795e-09 -2.55083 0)
(-4.26314e-09 -2.55083 0)
(-4.49891e-09 -2.55083 0)
(-4.76919e-09 -2.55083 0)
(-5.06307e-09 -2.55083 0)
(-5.37033e-09 -2.55083 0)
(-5.68557e-09 -2.55083 0)
(-6.00449e-09 -2.55083 0)
(-6.32566e-09 -2.55083 0)
(-6.64701e-09 -2.55083 0)
(-6.96884e-09 -2.55083 0)
(-7.28981e-09 -2.55083 0)
(-7.61059e-09 -2.55083 0)
(-7.92924e-09 -2.55083 0)
(-8.24666e-09 -2.55083 0)
(-8.56028e-09 -2.55083 0)
(-8.86899e-09 -2.55083 0)
(-9.16934e-09 -2.55083 0)
(-9.45754e-09 -2.55083 0)
(-9.72731e-09 -2.55083 0)
(-9.97371e-09 -2.55083 0)
(-1.01884e-08 -2.55083 0)
(-1.03688e-08 -2.55083 0)
(-1.05112e-08 -2.55083 0)
(-1.06223e-08 -2.55083 0)
(-1.07139e-08 -2.55083 0)
(-1.08068e-08 -2.55083 0)
(-1.0926e-08 -2.55083 0)
(-1.10957e-08 -2.55083 0)
(-1.13333e-08 -2.55083 0)
(-1.16454e-08 -2.55083 0)
(-1.20262e-08 -2.55083 0)
(-1.24609e-08 -2.55083 0)
(-1.29297e-08 -2.55083 0)
(-1.34132e-08 -2.55083 0)
(-1.38959e-08 -2.55083 0)
(-1.43691e-08 -2.55083 0)
(-1.48291e-08 -2.55083 0)
(-1.52767e-08 -2.55083 0)
(-1.57139e-08 -2.55083 0)
(-1.61442e-08 -2.55083 0)
(-1.65686e-08 -2.55083 0)
(-1.69891e-08 -2.55083 0)
(-1.74062e-08 -2.55083 0)
(-1.78212e-08 -2.55083 0)
(-1.82351e-08 -2.55083 0)
(-1.86507e-08 -2.55083 0)
(-1.90708e-08 -2.55083 0)
(-1.9499e-08 -2.55083 0)
(-1.99393e-08 -2.55083 0)
(-2.03957e-08 -2.55083 0)
(-2.0872e-08 -2.55083 0)
(-2.13718e-08 -2.55083 0)
(-2.18985e-08 -2.55083 0)
(-2.24551e-08 -2.55083 0)
(-2.30449e-08 -2.55083 0)
(-2.36711e-08 -2.55083 0)
(-2.43377e-08 -2.55083 0)
(-2.50488e-08 -2.55083 0)
(-2.58096e-08 -2.55083 0)
(-2.66259e-08 -2.55083 0)
(-2.75047e-08 -2.55083 0)
(-2.84539e-08 -2.55083 0)
(-2.94827e-08 -2.55083 0)
(-3.06016e-08 -2.55083 0)
(-3.18226e-08 -2.55083 0)
(-3.31595e-08 -2.55083 0)
(-3.46278e-08 -2.55083 0)
(-3.62455e-08 -2.55083 0)
(-3.80328e-08 -2.55083 0)
(-4.00128e-08 -2.55083 0)
(-4.22116e-08 -2.55083 0)
(-4.46589e-08 -2.55083 0)
(-4.73881e-08 -2.55083 0)
(-5.04372e-08 -2.55083 0)
(-5.38484e-08 -2.55083 0)
(-5.76701e-08 -2.55083 0)
(-6.19554e-08 -2.55083 0)
(-6.67645e-08 -2.55083 0)
(-7.21636e-08 -2.55083 0)
(-7.82262e-08 -2.55083 0)
(-8.50333e-08 -2.55083 0)
(-9.26746e-08 -2.55083 0)
(-1.01248e-07 -2.55083 0)
(-1.10864e-07 -2.55083 0)
(-1.2164e-07 -2.55083 0)
(-1.3371e-07 -2.55083 0)
(-1.47217e-07 -2.55083 0)
(-1.62316e-07 -2.55083 0)
(-1.79172e-07 -2.55083 0)
(-1.97961e-07 -2.55083 0)
(-2.18864e-07 -2.55083 0)
(-2.42071e-07 -2.55083 0)
(-2.67771e-07 -2.55083 0)
(-2.96155e-07 -2.55083 0)
(-3.27407e-07 -2.55083 0)
(-3.61696e-07 -2.55083 0)
(-3.99169e-07 -2.55083 0)
(-4.39934e-07 -2.55083 0)
(-4.84051e-07 -2.55083 0)
(-5.31501e-07 -2.55084 0)
(-5.82179e-07 -2.55084 0)
(-6.35857e-07 -2.55084 0)
(-6.92176e-07 -2.55084 0)
(-7.50612e-07 -2.55084 0)
(-8.10496e-07 -2.55084 0)
(-8.71029e-07 -2.55084 0)
(-9.3139e-07 -2.55084 0)
(-9.90927e-07 -2.55084 0)
(-1.04952e-06 -2.55084 0)
(-1.10819e-06 -2.55084 0)
(-1.17005e-06 -2.55085 0)
(-1.24169e-06 -2.55085 0)
(-1.33509e-06 -2.55085 0)
(-1.46972e-06 -2.55085 0)
(-1.67398e-06 -2.55085 0)
(-1.98318e-06 -2.55085 0)
(-2.4283e-06 -2.55085 0)
(-2.99749e-06 -2.55086 0)
(-3.55209e-06 -2.55086 0)
(-3.59764e-06 -2.55086 0)
(-1.69909e-06 -2.55086 0)
(1.92459e-06 -2.43253 0)
(4.11293e-06 -2.43253 0)
(4.11601e-06 -2.43252 0)
(3.50709e-06 -2.43252 0)
(2.86837e-06 -2.43252 0)
(2.37231e-06 -2.43252 0)
(2.03246e-06 -2.43252 0)
(1.81271e-06 -2.43252 0)
(1.67101e-06 -2.43252 0)
(1.57379e-06 -2.43252 0)
(1.49827e-06 -2.43252 0)
(1.43067e-06 -2.43251 0)
(1.36348e-06 -2.43251 0)
(1.29322e-06 -2.43251 0)
(1.21884e-06 -2.43251 0)
(1.14079e-06 -2.43251 0)
(1.06044e-06 -2.43251 0)
(9.79602e-07 -2.43251 0)
(9.00161e-07 -2.43251 0)
(8.23707e-07 -2.43251 0)
(7.51333e-07 -2.43251 0)
(6.83615e-07 -2.43251 0)
(6.20735e-07 -2.43251 0)
(5.62648e-07 -2.4325 0)
(5.09213e-07 -2.4325 0)
(4.60254e-07 -2.4325 0)
(4.15575e-07 -2.4325 0)
(3.74957e-07 -2.4325 0)
(3.38157e-07 -2.4325 0)
(3.04918e-07 -2.4325 0)
(2.74972e-07 -2.4325 0)
(2.48053e-07 -2.4325 0)
(2.23898e-07 -2.4325 0)
(2.02258e-07 -2.4325 0)
(1.82893e-07 -2.4325 0)
(1.65584e-07 -2.4325 0)
(1.50126e-07 -2.4325 0)
(1.36335e-07 -2.4325 0)
(1.24041e-07 -2.4325 0)
(1.13092e-07 -2.4325 0)
(1.0335e-07 -2.4325 0)
(9.46879e-08 -2.4325 0)
(8.69914e-08 -2.4325 0)
(8.01557e-08 -2.4325 0)
(7.40864e-08 -2.4325 0)
(6.86976e-08 -2.4325 0)
(6.39127e-08 -2.4325 0)
(5.96648e-08 -2.4325 0)
(5.58944e-08 -2.4325 0)
(5.25511e-08 -2.4325 0)
(4.95882e-08 -2.4325 0)
(4.69633e-08 -2.4325 0)
(4.46331e-08 -2.4325 0)
(4.25552e-08 -2.4325 0)
(4.0687e-08 -2.4325 0)
(3.89916e-08 -2.4325 0)
(3.7438e-08 -2.4325 0)
(3.60052e-08 -2.4325 0)
(3.46774e-08 -2.4325 0)
(3.34445e-08 -2.4325 0)
(3.22947e-08 -2.4325 0)
(3.12171e-08 -2.4325 0)
(3.01979e-08 -2.4325 0)
(2.92256e-08 -2.4325 0)
(2.82891e-08 -2.4325 0)
(2.73824e-08 -2.4325 0)
(2.65006e-08 -2.4325 0)
(2.56435e-08 -2.4325 0)
(2.4811e-08 -2.4325 0)
(2.40055e-08 -2.4325 0)
(2.32278e-08 -2.4325 0)
(2.24797e-08 -2.4325 0)
(2.17607e-08 -2.4325 0)
(2.10707e-08 -2.4325 0)
(2.04076e-08 -2.4325 0)
(1.97701e-08 -2.4325 0)
(1.91557e-08 -2.4325 0)
(1.85631e-08 -2.4325 0)
(1.79899e-08 -2.4325 0)
(1.74352e-08 -2.4325 0)
(1.68972e-08 -2.4325 0)
(1.63755e-08 -2.4325 0)
(1.58687e-08 -2.4325 0)
(1.53773e-08 -2.4325 0)
(1.49007e-08 -2.4325 0)
(1.44395e-08 -2.4325 0)
(1.39932e-08 -2.4325 0)
(1.35628e-08 -2.4325 0)
(1.31475e-08 -2.4325 0)
(1.27477e-08 -2.4325 0)
(1.2362e-08 -2.4325 0)
(1.19903e-08 -2.4325 0)
(1.16307e-08 -2.4325 0)
(1.12822e-08 -2.4325 0)
(1.09433e-08 -2.4325 0)
(1.06118e-08 -2.4325 0)
(1.02887e-08 -2.4325 0)
(9.97506e-09 -2.4325 0)
(9.68146e-09 -2.4325 0)
(9.41626e-09 -2.4325 0)
(9.20961e-09 -2.4325 0)
(9.08997e-09 -2.4325 0)
(9.1311e-09 -2.4325 0)
(9.40342e-09 -2.4325 0)
(9.99216e-09 -2.4325 0)
(1.08959e-08 -2.4325 0)
(1.20032e-08 -2.4325 0)
(1.30516e-08 -2.4325 0)
(1.37116e-08 -2.4325 0)
(1.37072e-08 -2.4325 0)
(1.29503e-08 -2.4325 0)
(1.15827e-08 -2.4325 0)
(9.91279e-09 -2.4325 0)
(8.27521e-09 -2.4325 0)
(6.90785e-09 -2.4325 0)
(5.89514e-09 -2.4325 0)
(5.196e-09 -2.4325 0)
(4.70976e-09 -2.4325 0)
(4.33805e-09 -2.4325 0)
(4.01264e-09 -2.4325 0)
(3.69972e-09 -2.4325 0)
(3.38534e-09 -2.4325 0)
(3.06758e-09 -2.4325 0)
(2.74607e-09 -2.4325 0)
(2.42239e-09 -2.4325 0)
(2.09623e-09 -2.4325 0)
(1.76768e-09 -2.4325 0)
(1.43511e-09 -2.4325 0)
(1.09805e-09 -2.4325 0)
(7.54365e-10 -2.4325 0)
(4.02819e-10 -2.4325 0)
(3.98833e-11 -2.4325 0)
(-3.4101e-10 -2.4325 0)
(-7.46785e-10 -2.4325 0)
(-1.19067e-09 -2.4325 0)
(-1.68536e-09 -2.4325 0)
(-2.23424e-09 -2.4325 0)
(-2.83062e-09 -2.4325 0)
(-3.44503e-09 -2.4325 0)
(-4.02628e-09 -2.4325 0)
(-4.51753e-09 -2.4325 0)
(-4.86773e-09 -2.4325 0)
(-5.06079e-09 -2.4325 0)
(-5.11489e-09 -2.4325 0)
(-5.08446e-09 -2.4325 0)
(-5.03304e-09 -2.4325 0)
(-5.02142e-09 -2.4325 0)
(-5.08461e-09 -2.4325 0)
(-5.23736e-09 -2.4325 0)
(-5.47107e-09 -2.4325 0)
(-5.77109e-09 -2.4325 0)
(-6.1167e-09 -2.4325 0)
(-6.49309e-09 -2.4325 0)
(-6.88719e-09 -2.4325 0)
(-7.29163e-09 -2.4325 0)
(-7.70101e-09 -2.4325 0)
(-8.11317e-09 -2.4325 0)
(-8.52573e-09 -2.4325 0)
(-8.93873e-09 -2.4325 0)
(-9.35075e-09 -2.4325 0)
(-9.76226e-09 -2.4325 0)
(-1.01712e-08 -2.4325 0)
(-1.05782e-08 -2.4325 0)
(-1.09805e-08 -2.4325 0)
(-1.13765e-08 -2.4325 0)
(-1.17623e-08 -2.4325 0)
(-1.21333e-08 -2.4325 0)
(-1.2482e-08 -2.4325 0)
(-1.28022e-08 -2.4325 0)
(-1.30834e-08 -2.4325 0)
(-1.33207e-08 -2.4325 0)
(-1.35088e-08 -2.4325 0)
(-1.36534e-08 -2.4325 0)
(-1.37688e-08 -2.4325 0)
(-1.38813e-08 -2.4325 0)
(-1.4024e-08 -2.4325 0)
(-1.42304e-08 -2.4325 0)
(-1.45253e-08 -2.4325 0)
(-1.4919e-08 -2.4325 0)
(-1.54047e-08 -2.4325 0)
(-1.59628e-08 -2.4325 0)
(-1.65667e-08 -2.4325 0)
(-1.71899e-08 -2.4325 0)
(-1.78121e-08 -2.4325 0)
(-1.84214e-08 -2.4325 0)
(-1.90131e-08 -2.4325 0)
(-1.95885e-08 -2.4325 0)
(-2.01506e-08 -2.4325 0)
(-2.07035e-08 -2.4325 0)
(-2.12493e-08 -2.4325 0)
(-2.179e-08 -2.4325 0)
(-2.23265e-08 -2.4325 0)
(-2.286e-08 -2.4325 0)
(-2.33922e-08 -2.4325 0)
(-2.39261e-08 -2.4325 0)
(-2.44654e-08 -2.4325 0)
(-2.50149e-08 -2.4325 0)
(-2.55796e-08 -2.4325 0)
(-2.61648e-08 -2.4325 0)
(-2.67755e-08 -2.4325 0)
(-2.74164e-08 -2.4325 0)
(-2.80917e-08 -2.4325 0)
(-2.88056e-08 -2.4325 0)
(-2.95621e-08 -2.4325 0)
(-3.03656e-08 -2.4325 0)
(-3.12208e-08 -2.4325 0)
(-3.21334e-08 -2.4325 0)
(-3.31098e-08 -2.4325 0)
(-3.41575e-08 -2.4325 0)
(-3.52856e-08 -2.4325 0)
(-3.65041e-08 -2.4325 0)
(-3.78249e-08 -2.4325 0)
(-3.92615e-08 -2.4325 0)
(-4.08293e-08 -2.4325 0)
(-4.25462e-08 -2.4325 0)
(-4.44319e-08 -2.4325 0)
(-4.65096e-08 -2.4325 0)
(-4.88052e-08 -2.4325 0)
(-5.13483e-08 -2.4325 0)
(-5.41725e-08 -2.4325 0)
(-5.73159e-08 -2.4325 0)
(-6.08212e-08 -2.4325 0)
(-6.47372e-08 -2.4325 0)
(-6.91183e-08 -2.4325 0)
(-7.40264e-08 -2.4325 0)
(-7.95299e-08 -2.4325 0)
(-8.57059e-08 -2.4325 0)
(-9.26398e-08 -2.4325 0)
(-1.00426e-07 -2.4325 0)
(-1.09169e-07 -2.4325 0)
(-1.18983e-07 -2.4325 0)
(-1.29994e-07 -2.4325 0)
(-1.42342e-07 -2.4325 0)
(-1.5618e-07 -2.4325 0)
(-1.71675e-07 -2.4325 0)
(-1.89013e-07 -2.4325 0)
(-2.08392e-07 -2.4325 0)
(-2.30024e-07 -2.4325 0)
(-2.54133e-07 -2.4325 0)
(-2.80952e-07 -2.4325 0)
(-3.10722e-07 -2.4325 0)
(-3.43683e-07 -2.4325 0)
(-3.80076e-07 -2.4325 0)
(-4.20132e-07 -2.4325 0)
(-4.64062e-07 -2.4325 0)
(-5.12043e-07 -2.4325 0)
(-5.64205e-07 -2.43251 0)
(-6.20604e-07 -2.43251 0)
(-6.81201e-07 -2.43251 0)
(-7.45832e-07 -2.43251 0)
(-8.14169e-07 -2.43251 0)
(-8.85707e-07 -2.43251 0)
(-9.59714e-07 -2.43251 0)
(-1.03524e-06 -2.43251 0)
(-1.11115e-06 -2.43251 0)
(-1.18619e-06 -2.43251 0)
(-1.25927e-06 -2.43251 0)
(-1.32984e-06 -2.43251 0)
(-1.39862e-06 -2.43251 0)
(-1.46874e-06 -2.43252 0)
(-1.54743e-06 -2.43252 0)
(-1.64826e-06 -2.43252 0)
(-1.79373e-06 -2.43252 0)
(-2.01692e-06 -2.43252 0)
(-2.35908e-06 -2.43252 0)
(-2.85588e-06 -2.43252 0)
(-3.49189e-06 -2.43252 0)
(-4.09865e-06 -2.43252 0)
(-4.09639e-06 -2.43253 0)
(-1.91644e-06 -2.43253 0)
(2.04901e-06 -2.28689 0)
(4.41392e-06 -2.28689 0)
(4.46932e-06 -2.28689 0)
(3.84789e-06 -2.28689 0)
(3.18749e-06 -2.28689 0)
(2.68012e-06 -2.28689 0)
(2.34031e-06 -2.28689 0)
(2.12715e-06 -2.28689 0)
(1.99361e-06 -2.28689 0)
(1.90271e-06 -2.28689 0)
(1.82991e-06 -2.28689 0)
(1.76076e-06 -2.28688 0)
(1.68772e-06 -2.28688 0)
(1.60759e-06 -2.28688 0)
(1.51985e-06 -2.28688 0)
(1.42564e-06 -2.28688 0)
(1.32719e-06 -2.28688 0)
(1.22726e-06 -2.28688 0)
(1.12855e-06 -2.28688 0)
(1.03329e-06 -2.28688 0)
(9.42982e-07 -2.28688 0)
(8.58384e-07 -2.28688 0)
(7.79745e-07 -2.28688 0)
(7.07025e-07 -2.28688 0)
(6.40064e-07 -2.28688 0)
(5.78663e-07 -2.28688 0)
(5.22592e-07 -2.28687 0)
(4.7159e-07 -2.28687 0)
(4.25361e-07 -2.28687 0)
(3.83587e-07 -2.28687 0)
(3.4594e-07 -2.28687 0)
(3.12089e-07 -2.28687 0)
(2.81712e-07 -2.28687 0)
(2.54493e-07 -2.28687 0)
(2.30135e-07 -2.28687 0)
(2.08361e-07 -2.28687 0)
(1.88914e-07 -2.28687 0)
(1.71561e-07 -2.28687 0)
(1.5609e-07 -2.28687 0)
(1.4231e-07 -2.28687 0)
(1.30047e-07 -2.28687 0)
(1.19143e-07 -2.28687 0)
(1.09454e-07 -2.28687 0)
(1.00848e-07 -2.28687 0)
(9.32065e-08 -2.28687 0)
(8.6422e-08 -2.28687 0)
(8.03977e-08 -2.28687 0)
(7.5049e-08 -2.28687 0)
(7.03013e-08 -2.28687 0)
(6.60909e-08 -2.28687 0)
(6.23603e-08 -2.28687 0)
(5.90569e-08 -2.28687 0)
(5.61267e-08 -2.28687 0)
(5.35158e-08 -2.28687 0)
(5.11695e-08 -2.28687 0)
(4.90398e-08 -2.28687 0)
(4.70872e-08 -2.28687 0)
(4.5285e-08 -2.28687 0)
(4.36147e-08 -2.28687 0)
(4.20639e-08 -2.28687 0)
(4.06189e-08 -2.28687 0)
(3.92654e-08 -2.28687 0)
(3.79862e-08 -2.28687 0)
(3.6766e-08 -2.28687 0)
(3.55907e-08 -2.28687 0)
(3.4452e-08 -2.28687 0)
(3.3344e-08 -2.28687 0)
(3.22661e-08 -2.28687 0)
(3.12184e-08 -2.28687 0)
(3.0204e-08 -2.28687 0)
(2.92244e-08 -2.28687 0)
(2.82817e-08 -2.28687 0)
(2.73756e-08 -2.28687 0)
(2.65059e-08 -2.28687 0)
(2.56703e-08 -2.28687 0)
(2.48668e-08 -2.28687 0)
(2.40927e-08 -2.28687 0)
(2.33459e-08 -2.28687 0)
(2.26237e-08 -2.28687 0)
(2.19247e-08 -2.28687 0)
(2.12467e-08 -2.28687 0)
(2.05893e-08 -2.28687 0)
(1.99507e-08 -2.28687 0)
(1.93314e-08 -2.28687 0)
(1.87308e-08 -2.28687 0)
(1.81495e-08 -2.28687 0)
(1.75871e-08 -2.28687 0)
(1.70448e-08 -2.28687 0)
(1.65218e-08 -2.28687 0)
(1.60185e-08 -2.28687 0)
(1.55333e-08 -2.28687 0)
(1.50661e-08 -2.28687 0)
(1.46147e-08 -2.28687 0)
(1.4178e-08 -2.28687 0)
(1.37543e-08 -2.28687 0)
(1.33412e-08 -2.28687 0)
(1.29397e-08 -2.28687 0)
(1.25514e-08 -2.28687 0)
(1.21876e-08 -2.28687 0)
(1.18586e-08 -2.28687 0)
(1.15958e-08 -2.28687 0)
(1.14314e-08 -2.28687 0)
(1.14472e-08 -2.28687 0)
(1.17344e-08 -2.28687 0)
(1.24079e-08 -2.28687 0)
(1.3496e-08 -2.28687 0)
(1.4886e-08 -2.28687 0)
(1.6265e-08 -2.28687 0)
(1.72033e-08 -2.28687 0)
(1.73148e-08 -2.28687 0)
(1.64443e-08 -2.28687 0)
(1.47474e-08 -2.28687 0)
(1.26184e-08 -2.28687 0)
(1.05053e-08 -2.28687 0)
(8.73468e-09 -2.28687 0)
(7.42747e-09 -2.28687 0)
(6.53256e-09 -2.28687 0)
(5.91669e-09 -2.28687 0)
(5.44932e-09 -2.28687 0)
(5.04111e-09 -2.28687 0)
(4.64822e-09 -2.28687 0)
(4.25318e-09 -2.28687 0)
(3.85353e-09 -2.28687 0)
(3.44906e-09 -2.28687 0)
(3.04183e-09 -2.28687 0)
(2.63162e-09 -2.28687 0)
(2.21843e-09 -2.28687 0)
(1.80019e-09 -2.28687 0)
(1.37596e-09 -2.28687 0)
(9.43107e-10 -2.28687 0)
(5.00044e-10 -2.28687 0)
(4.26841e-11 -2.28687 0)
(-4.36069e-10 -2.28687 0)
(-9.44341e-10 -2.28687 0)
(-1.49718e-09 -2.28687 0)
(-2.11079e-09 -2.28687 0)
(-2.79181e-09 -2.28687 0)
(-3.53501e-09 -2.28687 0)
(-4.30753e-09 -2.28687 0)
(-5.0475e-09 -2.28687 0)
(-5.68181e-09 -2.28687 0)
(-6.14261e-09 -2.28687 0)
(-6.40284e-09 -2.28687 0)
(-6.48088e-09 -2.28687 0)
(-6.44287e-09 -2.28687 0)
(-6.371e-09 -2.28687 0)
(-6.34495e-09 -2.28687 0)
(-6.41297e-09 -2.28687 0)
(-6.59548e-09 -2.28687 0)
(-6.88281e-09 -2.28687 0)
(-7.25577e-09 -2.28687 0)
(-7.68805e-09 -2.28687 0)
(-8.15997e-09 -2.28687 0)
(-8.65499e-09 -2.28687 0)
(-9.16323e-09 -2.28687 0)
(-9.67802e-09 -2.28687 0)
(-1.01962e-08 -2.28687 0)
(-1.07152e-08 -2.28687 0)
(-1.12345e-08 -2.28687 0)
(-1.17527e-08 -2.28687 0)
(-1.227e-08 -2.28687 0)
(-1.27841e-08 -2.28687 0)
(-1.32955e-08 -2.28687 0)
(-1.38012e-08 -2.28687 0)
(-1.42988e-08 -2.28687 0)
(-1.47841e-08 -2.28687 0)
(-1.52516e-08 -2.28687 0)
(-1.56927e-08 -2.28687 0)
(-1.60997e-08 -2.28687 0)
(-1.64601e-08 -2.28687 0)
(-1.67668e-08 -2.28687 0)
(-1.70119e-08 -2.28687 0)
(-1.71999e-08 -2.28687 0)
(-1.73465e-08 -2.28687 0)
(-1.74828e-08 -2.28687 0)
(-1.76512e-08 -2.28687 0)
(-1.78956e-08 -2.28687 0)
(-1.82509e-08 -2.28687 0)
(-1.87334e-08 -2.28687 0)
(-1.93368e-08 -2.28687 0)
(-2.00365e-08 -2.28687 0)
(-2.07977e-08 -2.28687 0)
(-2.15853e-08 -2.28687 0)
(-2.2372e-08 -2.28687 0)
(-2.31415e-08 -2.28687 0)
(-2.38878e-08 -2.28687 0)
(-2.46129e-08 -2.28687 0)
(-2.53207e-08 -2.28687 0)
(-2.6017e-08 -2.28687 0)
(-2.67045e-08 -2.28687 0)
(-2.73859e-08 -2.28687 0)
(-2.80621e-08 -2.28687 0)
(-2.87346e-08 -2.28687 0)
(-2.94052e-08 -2.28687 0)
(-3.00777e-08 -2.28687 0)
(-3.07565e-08 -2.28687 0)
(-3.14477e-08 -2.28687 0)
(-3.21577e-08 -2.28687 0)
(-3.28931e-08 -2.28687 0)
(-3.36605e-08 -2.28687 0)
(-3.44657e-08 -2.28687 0)
(-3.53143e-08 -2.28687 0)
(-3.62115e-08 -2.28687 0)
(-3.71624e-08 -2.28687 0)
(-3.81724e-08 -2.28687 0)
(-3.92477e-08 -2.28687 0)
(-4.03952e-08 -2.28687 0)
(-4.16232e-08 -2.28687 0)
(-4.2941e-08 -2.28687 0)
(-4.43599e-08 -2.28687 0)
(-4.58928e-08 -2.28687 0)
(-4.75544e-08 -2.28687 0)
(-4.93621e-08 -2.28687 0)
(-5.13349e-08 -2.28687 0)
(-5.34955e-08 -2.28687 0)
(-5.58687e-08 -2.28687 0)
(-5.84837e-08 -2.28687 0)
(-6.13732e-08 -2.28687 0)
(-6.45743e-08 -2.28687 0)
(-6.81292e-08 -2.28687 0)
(-7.20858e-08 -2.28687 0)
(-7.6498e-08 -2.28687 0)
(-8.1427e-08 -2.28687 0)
(-8.69413e-08 -2.28687 0)
(-9.31185e-08 -2.28687 0)
(-1.00045e-07 -2.28687 0)
(-1.07818e-07 -2.28687 0)
(-1.16544e-07 -2.28687 0)
(-1.26343e-07 -2.28687 0)
(-1.37347e-07 -2.28687 0)
(-1.49698e-07 -2.28687 0)
(-1.63557e-07 -2.28687 0)
(-1.79096e-07 -2.28687 0)
(-1.96507e-07 -2.28687 0)
(-2.16002e-07 -2.28687 0)
(-2.37811e-07 -2.28687 0)
(-2.62182e-07 -2.28687 0)
(-2.89382e-07 -2.28687 0)
(-3.19692e-07 -2.28687 0)
(-3.53403e-07 -2.28687 0)
(-3.90815e-07 -2.28687 0)
(-4.32227e-07 -2.28687 0)
(-4.77937e-07 -2.28687 0)
(-5.28225e-07 -2.28688 0)
(-5.83349e-07 -2.28688 0)
(-6.43518e-07 -2.28688 0)
(-7.08876e-07 -2.28688 0)
(-7.79471e-07 -2.28688 0)
(-8.5522e-07 -2.28688 0)
(-9.35879e-07 -2.28688 0)
(-1.02098e-06 -2.28688 0)
(-1.10981e-06 -2.28688 0)
(-1.20136e-06 -2.28688 0)
(-1.29428e-06 -2.28688 0)
(-1.38694e-06 -2.28688 0)
(-1.47749e-06 -2.28688 0)
(-1.56412e-06 -2.28688 0)
(-1.64549e-06 -2.28688 0)
(-1.72157e-06 -2.28688 0)
(-1.79488e-06 -2.28689 0)
(-1.87248e-06 -2.28689 0)
(-1.96855e-06 -2.28689 0)
(-2.10734e-06 -2.28689 0)
(-2.3253e-06 -2.28689 0)
(-2.66847e-06 -2.28689 0)
(-3.17695e-06 -2.28689 0)
(-3.83434e-06 -2.28689 0)
(-4.45228e-06 -2.28689 0)
(-4.39615e-06 -2.28689 0)
(-2.04e-06 -2.28689 0)
(2.01992e-06 -2.10766 0)
(4.37263e-06 -2.10766 0)
(4.46594e-06 -2.10766 0)
(3.89085e-06 -2.10766 0)
(3.28471e-06 -2.10766 0)
(2.83595e-06 -2.10766 0)
(2.55282e-06 -2.10766 0)
(2.38903e-06 -2.10766 0)
(2.29447e-06 -2.10766 0)
(2.23132e-06 -2.10766 0)
(2.17566e-06 -2.10766 0)
(2.11443e-06 -2.10766 0)
(2.04163e-06 -2.10766 0)
(1.95539e-06 -2.10765 0)
(1.85628e-06 -2.10765 0)
(1.74645e-06 -2.10765 0)
(1.62923e-06 -2.10765 0)
(1.50859e-06 -2.10765 0)
(1.38847e-06 -2.10765 0)
(1.27209e-06 -2.10765 0)
(1.16155e-06 -2.10765 0)
(1.0579e-06 -2.10765 0)
(9.61459e-07 -2.10765 0)
(8.72168e-07 -2.10765 0)
(7.89848e-07 -2.10765 0)
(7.14284e-07 -2.10765 0)
(6.45225e-07 -2.10765 0)
(5.8237e-07 -2.10765 0)
(5.25368e-07 -2.10765 0)
(4.73835e-07 -2.10765 0)
(4.27373e-07 -2.10765 0)
(3.85582e-07 -2.10765 0)
(3.48069e-07 -2.10765 0)
(3.14453e-07 -2.10765 0)
(2.84368e-07 -2.10765 0)
(2.57471e-07 -2.10765 0)
(2.33447e-07 -2.10765 0)
(2.12007e-07 -2.10764 0)
(1.9289e-07 -2.10764 0)
(1.75861e-07 -2.10764 0)
(1.60704e-07 -2.10764 0)
(1.47225e-07 -2.10764 0)
(1.35247e-07 -2.10764 0)
(1.24607e-07 -2.10764 0)
(1.15159e-07 -2.10764 0)
(1.06771e-07 -2.10764 0)
(9.9322e-08 -2.10764 0)
(9.27082e-08 -2.10764 0)
(8.68372e-08 -2.10764 0)
(8.16301e-08 -2.10764 0)
(7.70168e-08 -2.10764 0)
(7.2933e-08 -2.10764 0)
(6.93134e-08 -2.10764 0)
(6.60911e-08 -2.10764 0)
(6.31978e-08 -2.10764 0)
(6.05719e-08 -2.10764 0)
(5.8163e-08 -2.10764 0)
(5.59375e-08 -2.10764 0)
(5.38735e-08 -2.10764 0)
(5.19569e-08 -2.10764 0)
(5.01723e-08 -2.10764 0)
(4.85021e-08 -2.10764 0)
(4.6925e-08 -2.10764 0)
(4.54211e-08 -2.10764 0)
(4.39728e-08 -2.10764 0)
(4.25689e-08 -2.10764 0)
(4.12022e-08 -2.10764 0)
(3.98715e-08 -2.10764 0)
(3.85773e-08 -2.10764 0)
(3.73232e-08 -2.10764 0)
(3.61117e-08 -2.10764 0)
(3.49453e-08 -2.10764 0)
(3.38242e-08 -2.10764 0)
(3.27479e-08 -2.10764 0)
(3.17139e-08 -2.10764 0)
(3.07196e-08 -2.10764 0)
(2.97617e-08 -2.10764 0)
(2.88376e-08 -2.10764 0)
(2.7944e-08 -2.10764 0)
(2.7079e-08 -2.10764 0)
(2.62402e-08 -2.10764 0)
(2.54266e-08 -2.10764 0)
(2.46366e-08 -2.10764 0)
(2.38701e-08 -2.10764 0)
(2.31268e-08 -2.10764 0)
(2.24073e-08 -2.10764 0)
(2.17114e-08 -2.10764 0)
(2.10404e-08 -2.10764 0)
(2.03935e-08 -2.10764 0)
(1.97713e-08 -2.10764 0)
(1.9172e-08 -2.10764 0)
(1.85956e-08 -2.10764 0)
(1.80393e-08 -2.10764 0)
(1.75022e-08 -2.10764 0)
(1.69821e-08 -2.10764 0)
(1.6477e-08 -2.10764 0)
(1.59876e-08 -2.10764 0)
(1.55159e-08 -2.10764 0)
(1.50742e-08 -2.10764 0)
(1.4675e-08 -2.10764 0)
(1.43512e-08 -2.10764 0)
(1.41399e-08 -2.10764 0)
(1.41291e-08 -2.10764 0)
(1.44289e-08 -2.10764 0)
(1.51811e-08 -2.10764 0)
(1.64459e-08 -2.10764 0)
(1.81191e-08 -2.10764 0)
(1.98483e-08 -2.10764 0)
(2.11074e-08 -2.10764 0)
(2.13873e-08 -2.10764 0)
(2.04418e-08 -2.10764 0)
(1.8417e-08 -2.10764 0)
(1.5787e-08 -2.10764 0)
(1.31267e-08 -2.10764 0)
(1.08749e-08 -2.10764 0)
(9.20894e-09 -2.10764 0)
(8.07495e-09 -2.10764 0)
(7.30369e-09 -2.10764 0)
(6.72475e-09 -2.10764 0)
(6.2215e-09 -2.10764 0)
(5.73699e-09 -2.10764 0)
(5.24945e-09 -2.10764 0)
(4.75577e-09 -2.10764 0)
(4.25599e-09 -2.10764 0)
(3.7527e-09 -2.10764 0)
(3.24584e-09 -2.10764 0)
(2.73538e-09 -2.10764 0)
(2.21876e-09 -2.10764 0)
(1.69439e-09 -2.10764 0)
(1.15905e-09 -2.10764 0)
(6.10624e-10 -2.10764 0)
(4.4391e-11 -2.10764 0)
(-5.47267e-10 -2.10764 0)
(-1.17377e-09 -2.10764 0)
(-1.85171e-09 -2.10764 0)
(-2.60048e-09 -2.10764 0)
(-3.42995e-09 -2.10764 0)
(-4.33664e-09 -2.10764 0)
(-5.28511e-09 -2.10764 0)
(-6.20339e-09 -2.10764 0)
(-7.00175e-09 -2.10764 0)
(-7.59409e-09 -2.10764 0)
(-7.93978e-09 -2.10764 0)
(-8.05479e-09 -2.10764 0)
(-8.01552e-09 -2.10764 0)
(-7.9237e-09 -2.10764 0)
(-7.88049e-09 -2.10764 0)
(-7.95077e-09 -2.10764 0)
(-8.16317e-09 -2.10764 0)
(-8.50821e-09 -2.10764 0)
(-8.96196e-09 -2.10764 0)
(-9.49174e-09 -2.10764 0)
(-1.0072e-08 -2.10764 0)
(-1.0682e-08 -2.10764 0)
(-1.13089e-08 -2.10764 0)
(-1.19443e-08 -2.10764 0)
(-1.2584e-08 -2.10764 0)
(-1.32248e-08 -2.10764 0)
(-1.3866e-08 -2.10764 0)
(-1.45059e-08 -2.10764 0)
(-1.51445e-08 -2.10764 0)
(-1.57793e-08 -2.10764 0)
(-1.64103e-08 -2.10764 0)
(-1.70343e-08 -2.10764 0)
(-1.76483e-08 -2.10764 0)
(-1.82475e-08 -2.10764 0)
(-1.88254e-08 -2.10764 0)
(-1.93723e-08 -2.10764 0)
(-1.98791e-08 -2.10764 0)
(-2.03313e-08 -2.10764 0)
(-2.07193e-08 -2.10764 0)
(-2.10331e-08 -2.10764 0)
(-2.12751e-08 -2.10764 0)
(-2.14623e-08 -2.10764 0)
(-2.16297e-08 -2.10764 0)
(-2.18284e-08 -2.10764 0)
(-2.21141e-08 -2.10764 0)
(-2.25333e-08 -2.10764 0)
(-2.31107e-08 -2.10764 0)
(-2.38426e-08 -2.10764 0)
(-2.47001e-08 -2.10764 0)
(-2.564e-08 -2.10764 0)
(-2.66165e-08 -2.10764 0)
(-2.75933e-08 -2.10764 0)
(-2.85485e-08 -2.10764 0)
(-2.94737e-08 -2.10764 0)
(-3.03713e-08 -2.10764 0)
(-3.12467e-08 -2.10764 0)
(-3.21075e-08 -2.10764 0)
(-3.29578e-08 -2.10764 0)
(-3.38006e-08 -2.10764 0)
(-3.46374e-08 -2.10764 0)
(-3.54698e-08 -2.10764 0)
(-3.62998e-08 -2.10764 0)
(-3.71317e-08 -2.10764 0)
(-3.79712e-08 -2.10764 0)
(-3.88254e-08 -2.10764 0)
(-3.97023e-08 -2.10764 0)
(-4.06101e-08 -2.10764 0)
(-4.15572e-08 -2.10764 0)
(-4.25508e-08 -2.10764 0)
(-4.35981e-08 -2.10764 0)
(-4.47052e-08 -2.10764 0)
(-4.5879e-08 -2.10764 0)
(-4.71259e-08 -2.10764 0)
(-4.84536e-08 -2.10764 0)
(-4.98706e-08 -2.10764 0)
(-5.13871e-08 -2.10764 0)
(-5.30147e-08 -2.10764 0)
(-5.47674e-08 -2.10764 0)
(-5.6661e-08 -2.10764 0)
(-5.8714e-08 -2.10764 0)
(-6.09475e-08 -2.10764 0)
(-6.33853e-08 -2.10764 0)
(-6.60553e-08 -2.10764 0)
(-6.89884e-08 -2.10764 0)
(-7.22205e-08 -2.10764 0)
(-7.5792e-08 -2.10764 0)
(-7.97488e-08 -2.10764 0)
(-8.41431e-08 -2.10764 0)
(-8.90339e-08 -2.10764 0)
(-9.44879e-08 -2.10764 0)
(-1.00581e-07 -2.10764 0)
(-1.07396e-07 -2.10764 0)
(-1.15031e-07 -2.10764 0)
(-1.23592e-07 -2.10764 0)
(-1.33198e-07 -2.10764 0)
(-1.43983e-07 -2.10764 0)
(-1.56093e-07 -2.10764 0)
(-1.69691e-07 -2.10764 0)
(-1.84955e-07 -2.10765 0)
(-2.02081e-07 -2.10765 0)
(-2.21283e-07 -2.10765 0)
(-2.42797e-07 -2.10765 0)
(-2.66881e-07 -2.10765 0)
(-2.93818e-07 -2.10765 0)
(-3.23913e-07 -2.10765 0)
(-3.57494e-07 -2.10765 0)
(-3.94905e-07 -2.10765 0)
(-4.36505e-07 -2.10765 0)
(-4.82658e-07 -2.10765 0)
(-5.3373e-07 -2.10765 0)
(-5.9008e-07 -2.10765 0)
(-6.52045e-07 -2.10765 0)
(-7.19927e-07 -2.10765 0)
(-7.93965e-07 -2.10765 0)
(-8.7431e-07 -2.10765 0)
(-9.60988e-07 -2.10765 0)
(-1.05385e-06 -2.10765 0)
(-1.15253e-06 -2.10765 0)
(-1.25638e-06 -2.10765 0)
(-1.36439e-06 -2.10765 0)
(-1.47515e-06 -2.10765 0)
(-1.58678e-06 -2.10765 0)
(-1.69695e-06 -2.10765 0)
(-1.80291e-06 -2.10765 0)
(-1.90173e-06 -2.10765 0)
(-1.99074e-06 -2.10766 0)
(-2.0684e-06 -2.10766 0)
(-2.13558e-06 -2.10766 0)
(-2.19776e-06 -2.10766 0)
(-2.26784e-06 -2.10766 0)
(-2.36953e-06 -2.10766 0)
(-2.54006e-06 -2.10766 0)
(-2.8281e-06 -2.10766 0)
(-3.27848e-06 -2.10766 0)
(-3.88084e-06 -2.10766 0)
(-4.45012e-06 -2.10766 0)
(-4.35348e-06 -2.10766 0)
(-2.00977e-06 -2.10766 0)
(1.7546e-06 -1.88707 0)
(3.79187e-06 -1.88707 0)
(3.88149e-06 -1.88707 0)
(3.43564e-06 -1.88708 0)
(3.00094e-06 -1.88708 0)
(2.72096e-06 -1.88708 0)
(2.58407e-06 -1.88708 0)
(2.53727e-06 -1.88708 0)
(2.53046e-06 -1.88708 0)
(2.529e-06 -1.88708 0)
(2.51343e-06 -1.88708 0)
(2.47527e-06 -1.88708 0)
(2.41248e-06 -1.88707 0)
(2.32634e-06 -1.88707 0)
(2.21966e-06 -1.88707 0)
(2.09628e-06 -1.88707 0)
(1.96098e-06 -1.88707 0)
(1.8192e-06 -1.88707 0)
(1.67641e-06 -1.88707 0)
(1.53714e-06 -1.88707 0)
(1.40445e-06 -1.88707 0)
(1.27987e-06 -1.88707 0)
(1.16384e-06 -1.88707 0)
(1.05629e-06 -1.88707 0)
(9.57001e-07 -1.88707 0)
(8.65746e-07 -1.88707 0)
(7.82264e-07 -1.88707 0)
(7.06226e-07 -1.88707 0)
(6.3723e-07 -1.88707 0)
(5.74822e-07 -1.88707 0)
(5.18528e-07 -1.88707 0)
(4.67871e-07 -1.88707 0)
(4.22385e-07 -1.88707 0)
(3.81612e-07 -1.88707 0)
(3.45117e-07 -1.88707 0)
(3.12488e-07 -1.88707 0)
(2.8334e-07 -1.88707 0)
(2.57326e-07 -1.88707 0)
(2.34128e-07 -1.88707 0)
(2.1346e-07 -1.88707 0)
(1.95062e-07 -1.88707 0)
(1.78699e-07 -1.88707 0)
(1.64156e-07 -1.88707 0)
(1.51237e-07 -1.88707 0)
(1.39764e-07 -1.88707 0)
(1.29577e-07 -1.88707 0)
(1.20531e-07 -1.88707 0)
(1.12498e-07 -1.88707 0)
(1.05367e-07 -1.88707 0)
(9.90428e-08 -1.88707 0)
(9.344e-08 -1.88707 0)
(8.84817e-08 -1.88707 0)
(8.40899e-08 -1.88706 0)
(8.01835e-08 -1.88706 0)
(7.66789e-08 -1.88706 0)
(7.34989e-08 -1.88706 0)
(7.05804e-08 -1.88706 0)
(6.78813e-08 -1.88706 0)
(6.53758e-08 -1.88706 0)
(6.30482e-08 -1.88706 0)
(6.08818e-08 -1.88706 0)
(5.88558e-08 -1.88706 0)
(5.69445e-08 -1.88706 0)
(5.51229e-08 -1.88706 0)
(5.33689e-08 -1.88706 0)
(5.16681e-08 -1.88706 0)
(5.00118e-08 -1.88706 0)
(4.8398e-08 -1.88706 0)
(4.68276e-08 -1.88706 0)
(4.53049e-08 -1.88706 0)
(4.38332e-08 -1.88706 0)
(4.24158e-08 -1.88706 0)
(4.10534e-08 -1.88706 0)
(3.97451e-08 -1.88706 0)
(3.84883e-08 -1.88706 0)
(3.72797e-08 -1.88706 0)
(3.61154e-08 -1.88706 0)
(3.49921e-08 -1.88706 0)
(3.3906e-08 -1.88706 0)
(3.28546e-08 -1.88706 0)
(3.18351e-08 -1.88706 0)
(3.08462e-08 -1.88706 0)
(2.98859e-08 -1.88706 0)
(2.89543e-08 -1.88706 0)
(2.80507e-08 -1.88706 0)
(2.71761e-08 -1.88706 0)
(2.63302e-08 -1.88706 0)
(2.55148e-08 -1.88706 0)
(2.4729e-08 -1.88706 0)
(2.39736e-08 -1.88706 0)
(2.32468e-08 -1.88706 0)
(2.25485e-08 -1.88706 0)
(2.18757e-08 -1.88706 0)
(2.12273e-08 -1.88706 0)
(2.0601e-08 -1.88706 0)
(1.99948e-08 -1.88706 0)
(1.94092e-08 -1.88706 0)
(1.8847e-08 -1.88706 0)
(1.8321e-08 -1.88706 0)
(1.7846e-08 -1.88706 0)
(1.74573e-08 -1.88706 0)
(1.71981e-08 -1.88706 0)
(1.71639e-08 -1.88706 0)
(1.74829e-08 -1.88706 0)
(1.8321e-08 -1.88706 0)
(1.97665e-08 -1.88706 0)
(2.17229e-08 -1.88706 0)
(2.38031e-08 -1.88706 0)
(2.53912e-08 -1.88706 0)
(2.58575e-08 -1.88706 0)
(2.48563e-08 -1.88706 0)
(2.25099e-08 -1.88706 0)
(1.93606e-08 -1.88706 0)
(1.61098e-08 -1.88706 0)
(1.33199e-08 -1.88706 0)
(1.12397e-08 -1.88706 0)
(9.82307e-09 -1.88706 0)
(8.86705e-09 -1.88706 0)
(8.1576e-09 -1.88706 0)
(7.54574e-09 -1.88706 0)
(6.95783e-09 -1.88706 0)
(6.36631e-09 -1.88706 0)
(5.76704e-09 -1.88706 0)
(5.16027e-09 -1.88706 0)
(4.54912e-09 -1.88706 0)
(3.93369e-09 -1.88706 0)
(3.31396e-09 -1.88706 0)
(2.68687e-09 -1.88706 0)
(2.05008e-09 -1.88706 0)
(1.39965e-09 -1.88706 0)
(7.32766e-10 -1.88706 0)
(4.39993e-11 -1.88706 0)
(-6.74903e-10 -1.88706 0)
(-1.43484e-09 -1.88706 0)
(-2.25396e-09 -1.88706 0)
(-3.15454e-09 -1.88706 0)
(-4.14923e-09 -1.88706 0)
(-5.23582e-09 -1.88706 0)
(-6.37604e-09 -1.88706 0)
(-7.48802e-09 -1.88706 0)
(-8.46563e-09 -1.88706 0)
(-9.20464e-09 -1.88706 0)
(-9.65016e-09 -1.88706 0)
(-9.8144e-09 -1.88706 0)
(-9.7826e-09 -1.88706 0)
(-9.67552e-09 -1.88706 0)
(-9.61662e-09 -1.88706 0)
(-9.68934e-09 -1.88706 0)
(-9.93272e-09 -1.88706 0)
(-1.0339e-08 -1.88706 0)
(-1.088e-08 -1.88706 0)
(-1.15165e-08 -1.88706 0)
(-1.22163e-08 -1.88706 0)
(-1.29539e-08 -1.88706 0)
(-1.37128e-08 -1.88706 0)
(-1.44828e-08 -1.88706 0)
(-1.52582e-08 -1.88706 0)
(-1.60353e-08 -1.88706 0)
(-1.68128e-08 -1.88706 0)
(-1.7589e-08 -1.88706 0)
(-1.83634e-08 -1.88706 0)
(-1.91334e-08 -1.88706 0)
(-1.98982e-08 -1.88706 0)
(-2.06546e-08 -1.88706 0)
(-2.13988e-08 -1.88706 0)
(-2.21252e-08 -1.88706 0)
(-2.28265e-08 -1.88706 0)
(-2.34915e-08 -1.88706 0)
(-2.41097e-08 -1.88706 0)
(-2.46645e-08 -1.88706 0)
(-2.51439e-08 -1.88706 0)
(-2.55358e-08 -1.88706 0)
(-2.5841e-08 -1.88706 0)
(-2.60772e-08 -1.88706 0)
(-2.62834e-08 -1.88706 0)
(-2.65193e-08 -1.88706 0)
(-2.6852e-08 -1.88706 0)
(-2.73406e-08 -1.88706 0)
(-2.80196e-08 -1.88706 0)
(-2.88897e-08 -1.88706 0)
(-2.99188e-08 -1.88706 0)
(-3.10554e-08 -1.88706 0)
(-3.22423e-08 -1.88706 0)
(-3.34328e-08 -1.88706 0)
(-3.45975e-08 -1.88706 0)
(-3.57248e-08 -1.88706 0)
(-3.68167e-08 -1.88706 0)
(-3.78807e-08 -1.88706 0)
(-3.89261e-08 -1.88706 0)
(-3.99586e-08 -1.88706 0)
(-4.09824e-08 -1.88706 0)
(-4.19992e-08 -1.88706 0)
(-4.30107e-08 -1.88706 0)
(-4.40196e-08 -1.88706 0)
(-4.50305e-08 -1.88706 0)
(-4.60502e-08 -1.88706 0)
(-4.70873e-08 -1.88706 0)
(-4.81515e-08 -1.88706 0)
(-4.92527e-08 -1.88706 0)
(-5.04012e-08 -1.88706 0)
(-5.16058e-08 -1.88706 0)
(-5.28754e-08 -1.88706 0)
(-5.42177e-08 -1.88706 0)
(-5.56409e-08 -1.88706 0)
(-5.7153e-08 -1.88706 0)
(-5.87633e-08 -1.88706 0)
(-6.04821e-08 -1.88706 0)
(-6.23217e-08 -1.88706 0)
(-6.42964e-08 -1.88706 0)
(-6.6423e-08 -1.88706 0)
(-6.87208e-08 -1.88706 0)
(-7.1212e-08 -1.88706 0)
(-7.39226e-08 -1.88707 0)
(-7.68815e-08 -1.88707 0)
(-8.01223e-08 -1.88707 0)
(-8.36828e-08 -1.88707 0)
(-8.76065e-08 -1.88707 0)
(-9.19423e-08 -1.88707 0)
(-9.67461e-08 -1.88707 0)
(-1.02081e-07 -1.88707 0)
(-1.08019e-07 -1.88707 0)
(-1.14641e-07 -1.88707 0)
(-1.22037e-07 -1.88707 0)
(-1.30312e-07 -1.88707 0)
(-1.39581e-07 -1.88707 0)
(-1.49973e-07 -1.88707 0)
(-1.61633e-07 -1.88707 0)
(-1.74724e-07 -1.88707 0)
(-1.89423e-07 -1.88707 0)
(-2.05927e-07 -1.88707 0)
(-2.24452e-07 -1.88707 0)
(-2.45236e-07 -1.88707 0)
(-2.68538e-07 -1.88707 0)
(-2.94643e-07 -1.88707 0)
(-3.23863e-07 -1.88707 0)
(-3.56538e-07 -1.88707 0)
(-3.93035e-07 -1.88707 0)
(-4.33747e-07 -1.88707 0)
(-4.7909e-07 -1.88707 0)
(-5.29493e-07 -1.88707 0)
(-5.85393e-07 -1.88707 0)
(-6.47227e-07 -1.88707 0)
(-7.15418e-07 -1.88707 0)
(-7.90361e-07 -1.88707 0)
(-8.72402e-07 -1.88707 0)
(-9.61803e-07 -1.88707 0)
(-1.05871e-06 -1.88707 0)
(-1.16311e-06 -1.88707 0)
(-1.27475e-06 -1.88707 0)
(-1.3931e-06 -1.88707 0)
(-1.51724e-06 -1.88707 0)
(-1.64579e-06 -1.88707 0)
(-1.7768e-06 -1.88707 0)
(-1.90764e-06 -1.88707 0)
(-2.035e-06 -1.88707 0)
(-2.15481e-06 -1.88707 0)
(-2.26247e-06 -1.88707 0)
(-2.35317e-06 -1.88708 0)
(-2.42267e-06 -1.88708 0)
(-2.4686e-06 -1.88708 0)
(-2.49258e-06 -1.88708 0)
(-2.5032e-06 -1.88708 0)
(-2.51981e-06 -1.88708 0)
(-2.57605e-06 -1.88708 0)
(-2.71985e-06 -1.88708 0)
(-3.00182e-06 -1.88708 0)
(-3.43128e-06 -1.88708 0)
(-3.86804e-06 -1.88707 0)
(-3.7718e-06 -1.88707 0)
(-1.74342e-06 -1.88707 0)
(1.14119e-06 -1.61559 0)
(2.41391e-06 -1.61559 0)
(2.43444e-06 -1.61559 0)
(2.2372e-06 -1.6156 0)
(2.14427e-06 -1.6156 0)
(2.19226e-06 -1.6156 0)
(2.3297e-06 -1.6156 0)
(2.49571e-06 -1.6156 0)
(2.6454e-06 -1.6156 0)
(2.75357e-06 -1.6156 0)
(2.81081e-06 -1.6156 0)
(2.81758e-06 -1.6156 0)
(2.77916e-06 -1.6156 0)
(2.70235e-06 -1.6156 0)
(2.59398e-06 -1.6156 0)
(2.46071e-06 -1.6156 0)
(2.30947e-06 -1.6156 0)
(2.14762e-06 -1.6156 0)
(1.98235e-06 -1.6156 0)
(1.81976e-06 -1.6156 0)
(1.66408e-06 -1.6156 0)
(1.51751e-06 -1.6156 0)
(1.38079e-06 -1.61559 0)
(1.25389e-06 -1.61559 0)
(1.13657e-06 -1.61559 0)
(1.02861e-06 -1.61559 0)
(9.29724e-07 -1.61559 0)
(8.39584e-07 -1.61559 0)
(7.57739e-07 -1.61559 0)
(6.83669e-07 -1.61559 0)
(6.16822e-07 -1.61559 0)
(5.5664e-07 -1.61559 0)
(5.02577e-07 -1.61559 0)
(4.541e-07 -1.61559 0)
(4.10699e-07 -1.61559 0)
(3.71888e-07 -1.61559 0)
(3.37216e-07 -1.61559 0)
(3.06268e-07 -1.61559 0)
(2.78668e-07 -1.61559 0)
(2.54075e-07 -1.61559 0)
(2.32181e-07 -1.61559 0)
(2.12706e-07 -1.61559 0)
(1.95396e-07 -1.61559 0)
(1.80016e-07 -1.61559 0)
(1.66357e-07 -1.61559 0)
(1.54227e-07 -1.61559 0)
(1.43455e-07 -1.61559 0)
(1.33889e-07 -1.61559 0)
(1.25397e-07 -1.61559 0)
(1.17865e-07 -1.61559 0)
(1.11195e-07 -1.61559 0)
(1.05295e-07 -1.61559 0)
(1.00073e-07 -1.61559 0)
(9.54309e-08 -1.61559 0)
(9.12684e-08 -1.61559 0)
(8.74912e-08 -1.61559 0)
(8.40224e-08 -1.61559 0)
(8.0811e-08 -1.61559 0)
(7.78274e-08 -1.61559 0)
(7.50544e-08 -1.61559 0)
(7.24741e-08 -1.61559 0)
(7.00625e-08 -1.61559 0)
(6.77889e-08 -1.61559 0)
(6.56226e-08 -1.61559 0)
(6.35367e-08 -1.61559 0)
(6.15135e-08 -1.61559 0)
(5.95425e-08 -1.61559 0)
(5.76211e-08 -1.61559 0)
(5.57507e-08 -1.61559 0)
(5.39362e-08 -1.61559 0)
(5.21823e-08 -1.61559 0)
(5.04925e-08 -1.61559 0)
(4.88681e-08 -1.61559 0)
(4.7308e-08 -1.61559 0)
(4.58095e-08 -1.61559 0)
(4.43682e-08 -1.61559 0)
(4.29799e-08 -1.61559 0)
(4.16404e-08 -1.61559 0)
(4.03454e-08 -1.61559 0)
(3.90916e-08 -1.61559 0)
(3.78759e-08 -1.61559 0)
(3.66967e-08 -1.61559 0)
(3.55517e-08 -1.61559 0)
(3.44408e-08 -1.61559 0)
(3.33635e-08 -1.61559 0)
(3.23208e-08 -1.61559 0)
(3.13125e-08 -1.61559 0)
(3.03408e-08 -1.61559 0)
(2.94048e-08 -1.61559 0)
(2.85059e-08 -1.61559 0)
(2.76419e-08 -1.61559 0)
(2.68129e-08 -1.61559 0)
(2.60157e-08 -1.61559 0)
(2.52492e-08 -1.61559 0)
(2.45106e-08 -1.61559 0)
(2.37979e-08 -1.61559 0)
(2.31116e-08 -1.61559 0)
(2.24547e-08 -1.61559 0)
(2.18409e-08 -1.61559 0)
(2.12866e-08 -1.61559 0)
(2.08307e-08 -1.61559 0)
(2.05231e-08 -1.61559 0)
(2.04708e-08 -1.61559 0)
(2.08229e-08 -1.61559 0)
(2.17697e-08 -1.61559 0)
(2.34218e-08 -1.61559 0)
(2.56798e-08 -1.61559 0)
(2.81122e-08 -1.61559 0)
(3.00115e-08 -1.61559 0)
(3.06351e-08 -1.61559 0)
(2.955e-08 -1.61559 0)
(2.68626e-08 -1.61559 0)
(2.31821e-08 -1.61559 0)
(1.93294e-08 -1.61559 0)
(1.5984e-08 -1.61559 0)
(1.34656e-08 -1.61559 0)
(1.17397e-08 -1.61559 0)
(1.05748e-08 -1.61559 0)
(9.71566e-09 -1.61559 0)
(8.98082e-09 -1.61559 0)
(8.27828e-09 -1.61559 0)
(7.57303e-09 -1.61559 0)
(6.85897e-09 -1.61559 0)
(6.13613e-09 -1.61559 0)
(5.40808e-09 -1.61559 0)
(4.67495e-09 -1.61559 0)
(3.93669e-09 -1.61559 0)
(3.18977e-09 -1.61559 0)
(2.431e-09 -1.61559 0)
(1.65569e-09 -1.61559 0)
(8.60213e-10 -1.61559 0)
(3.83343e-11 -1.61559 0)
(-8.19015e-10 -1.61559 0)
(-1.72445e-09 -1.61559 0)
(-2.69803e-09 -1.61559 0)
(-3.76499e-09 -1.61559 0)
(-4.94025e-09 -1.61559 0)
(-6.22165e-09 -1.61559 0)
(-7.56667e-09 -1.61559 0)
(-8.88246e-09 -1.61559 0)
(-1.00464e-08 -1.61559 0)
(-1.09372e-08 -1.61559 0)
(-1.14873e-08 -1.61559 0)
(-1.17062e-08 -1.61559 0)
(-1.16882e-08 -1.61559 0)
(-1.15722e-08 -1.61559 0)
(-1.1503e-08 -1.61559 0)
(-1.15823e-08 -1.61559 0)
(-1.18602e-08 -1.61559 0)
(-1.23313e-08 -1.61559 0)
(-1.29644e-08 -1.61559 0)
(-1.37138e-08 -1.61559 0)
(-1.45409e-08 -1.61559 0)
(-1.54149e-08 -1.61559 0)
(-1.63154e-08 -1.61559 0)
(-1.72303e-08 -1.61559 0)
(-1.81518e-08 -1.61559 0)
(-1.9076e-08 -1.61559 0)
(-2.00009e-08 -1.61559 0)
(-2.09243e-08 -1.61559 0)
(-2.18454e-08 -1.61559 0)
(-2.27615e-08 -1.61559 0)
(-2.36711e-08 -1.61559 0)
(-2.45706e-08 -1.61559 0)
(-2.54555e-08 -1.61559 0)
(-2.63191e-08 -1.61559 0)
(-2.71534e-08 -1.61559 0)
(-2.79456e-08 -1.61559 0)
(-2.86833e-08 -1.61559 0)
(-2.93478e-08 -1.61559 0)
(-2.99244e-08 -1.61559 0)
(-3.03993e-08 -1.61559 0)
(-3.07716e-08 -1.61559 0)
(-3.10607e-08 -1.61559 0)
(-3.13102e-08 -1.61559 0)
(-3.15883e-08 -1.61559 0)
(-3.19739e-08 -1.61559 0)
(-3.25389e-08 -1.61559 0)
(-3.33277e-08 -1.61559 0)
(-3.43455e-08 -1.61559 0)
(-3.55579e-08 -1.61559 0)
(-3.69049e-08 -1.61559 0)
(-3.8318e-08 -1.61559 0)
(-3.97391e-08 -1.61559 0)
(-4.11309e-08 -1.61559 0)
(-4.24776e-08 -1.61559 0)
(-4.37808e-08 -1.61559 0)
(-4.50493e-08 -1.61559 0)
(-4.62948e-08 -1.61559 0)
(-4.75248e-08 -1.61559 0)
(-4.87443e-08 -1.61559 0)
(-4.99555e-08 -1.61559 0)
(-5.11606e-08 -1.61559 0)
(-5.23624e-08 -1.61559 0)
(-5.35666e-08 -1.61559 0)
(-5.47811e-08 -1.61559 0)
(-5.60157e-08 -1.61559 0)
(-5.72824e-08 -1.61559 0)
(-5.85926e-08 -1.61559 0)
(-5.99588e-08 -1.61559 0)
(-6.13916e-08 -1.61559 0)
(-6.29015e-08 -1.61559 0)
(-6.4498e-08 -1.61559 0)
(-6.61907e-08 -1.61559 0)
(-6.79893e-08 -1.61559 0)
(-6.99048e-08 -1.61559 0)
(-7.19496e-08 -1.61559 0)
(-7.41384e-08 -1.61559 0)
(-7.6488e-08 -1.61559 0)
(-7.90184e-08 -1.61559 0)
(-8.17528e-08 -1.61559 0)
(-8.47177e-08 -1.61559 0)
(-8.79437e-08 -1.61559 0)
(-9.14654e-08 -1.61559 0)
(-9.53228e-08 -1.61559 0)
(-9.95611e-08 -1.61559 0)
(-1.04232e-07 -1.61559 0)
(-1.09393e-07 -1.61559 0)
(-1.15112e-07 -1.61559 0)
(-1.21463e-07 -1.61559 0)
(-1.28532e-07 -1.61559 0)
(-1.36414e-07 -1.61559 0)
(-1.45219e-07 -1.61559 0)
(-1.55069e-07 -1.61559 0)
(-1.66101e-07 -1.61559 0)
(-1.78471e-07 -1.61559 0)
(-1.92349e-07 -1.61559 0)
(-2.07929e-07 -1.61559 0)
(-2.25421e-07 -1.61559 0)
(-2.45061e-07 -1.61559 0)
(-2.67105e-07 -1.61559 0)
(-2.91834e-07 -1.61559 0)
(-3.19557e-07 -1.61559 0)
(-3.50612e-07 -1.61559 0)
(-3.85367e-07 -1.61559 0)
(-4.24222e-07 -1.61559 0)
(-4.67613e-07 -1.61559 0)
(-5.16001e-07 -1.61559 0)
(-5.69874e-07 -1.61559 0)
(-6.29736e-07 -1.61559 0)
(-6.96099e-07 -1.61559 0)
(-7.69469e-07 -1.61559 0)
(-8.50339e-07 -1.61559 0)
(-9.39155e-07 -1.61559 0)
(-1.0363e-06 -1.61559 0)
(-1.14206e-06 -1.61559 0)
(-1.25654e-06 -1.61559 0)
(-1.37967e-06 -1.6156 0)
(-1.51106e-06 -1.6156 0)
(-1.64995e-06 -1.6156 0)
(-1.79507e-06 -1.6156 0)
(-1.94455e-06 -1.6156 0)
(-2.09572e-06 -1.6156 0)
(-2.24496e-06 -1.6156 0)
(-2.38761e-06 -1.6156 0)
(-2.51778e-06 -1.6156 0)
(-2.62842e-06 -1.6156 0)
(-2.71149e-06 -1.6156 0)
(-2.75848e-06 -1.6156 0)
(-2.76147e-06 -1.6156 0)
(-2.715e-06 -1.6156 0)
(-2.6189e-06 -1.6156 0)
(-2.48245e-06 -1.6156 0)
(-2.32923e-06 -1.6156 0)
(-2.20106e-06 -1.6156 0)
(-2.15562e-06 -1.6156 0)
(-2.24201e-06 -1.6156 0)
(-2.42711e-06 -1.61559 0)
(-2.39632e-06 -1.61559 0)
(-1.13044e-06 -1.61559 0)
(1.54056e-07 -1.31602 0)
(2.01075e-07 -1.31603 0)
(1.1377e-07 -1.31603 0)
(3.00899e-07 -1.31603 0)
(7.19612e-07 -1.31604 0)
(1.24389e-06 -1.31604 0)
(1.76905e-06 -1.31604 0)
(2.22935e-06 -1.31604 0)
(2.59238e-06 -1.31604 0)
(2.84951e-06 -1.31604 0)
(3.0068e-06 -1.31604 0)
(3.0775e-06 -1.31604 0)
(3.07684e-06 -1.31604 0)
(3.01896e-06 -1.31604 0)
(2.91597e-06 -1.31604 0)
(2.77839e-06 -1.31604 0)
(2.61604e-06 -1.31604 0)
(2.43856e-06 -1.31604 0)
(2.255e-06 -1.31604 0)
(2.07294e-06 -1.31604 0)
(1.89762e-06 -1.31604 0)
(1.73192e-06 -1.31604 0)
(1.57692e-06 -1.31604 0)
(1.43276e-06 -1.31604 0)
(1.29929e-06 -1.31604 0)
(1.17632e-06 -1.31604 0)
(1.06358e-06 -1.31603 0)
(9.60736e-07 -1.31603 0)
(8.67295e-07 -1.31603 0)
(7.82685e-07 -1.31603 0)
(7.06287e-07 -1.31603 0)
(6.37475e-07 -1.31603 0)
(5.75634e-07 -1.31603 0)
(5.20164e-07 -1.31603 0)
(4.70486e-07 -1.31603 0)
(4.26054e-07 -1.31603 0)
(3.86353e-07 -1.31603 0)
(3.50914e-07 -1.31603 0)
(3.19306e-07 -1.31603 0)
(2.9114e-07 -1.31603 0)
(2.66063e-07 -1.31603 0)
(2.43755e-07 -1.31603 0)
(2.23925e-07 -1.31603 0)
(2.06305e-07 -1.31603 0)
(1.90654e-07 -1.31603 0)
(1.76754e-07 -1.31603 0)
(1.64406e-07 -1.31603 0)
(1.5344e-07 -1.31603 0)
(1.43705e-07 -1.31603 0)
(1.35074e-07 -1.31603 0)
(1.27435e-07 -1.31603 0)
(1.20683e-07 -1.31603 0)
(1.14712e-07 -1.31603 0)
(1.09408e-07 -1.31603 0)
(1.0465e-07 -1.31603 0)
(1.00329e-07 -1.31603 0)
(9.63545e-08 -1.31603 0)
(9.26716e-08 -1.31603 0)
(8.92481e-08 -1.31603 0)
(8.60667e-08 -1.31603 0)
(8.31075e-08 -1.31603 0)
(8.03427e-08 -1.31603 0)
(7.77362e-08 -1.31603 0)
(7.52519e-08 -1.31603 0)
(7.28588e-08 -1.31603 0)
(7.05363e-08 -1.31603 0)
(6.82728e-08 -1.31603 0)
(6.60657e-08 -1.31603 0)
(6.39169e-08 -1.31603 0)
(6.18323e-08 -1.31603 0)
(5.98173e-08 -1.31603 0)
(5.7876e-08 -1.31603 0)
(5.60099e-08 -1.31603 0)
(5.42177e-08 -1.31603 0)
(5.24962e-08 -1.31603 0)
(5.08404e-08 -1.31603 0)
(4.92454e-08 -1.31603 0)
(4.77064e-08 -1.31603 0)
(4.62186e-08 -1.31603 0)
(4.47782e-08 -1.31603 0)
(4.33816e-08 -1.31603 0)
(4.2027e-08 -1.31603 0)
(4.07117e-08 -1.31603 0)
(3.94359e-08 -1.31603 0)
(3.81986e-08 -1.31603 0)
(3.70015e-08 -1.31603 0)
(3.5844e-08 -1.31603 0)
(3.47293e-08 -1.31603 0)
(3.36562e-08 -1.31603 0)
(3.26267e-08 -1.31603 0)
(3.16384e-08 -1.31603 0)
(3.06918e-08 -1.31603 0)
(2.97834e-08 -1.31603 0)
(2.8912e-08 -1.31603 0)
(2.80746e-08 -1.31603 0)
(2.72687e-08 -1.31603 0)
(2.64944e-08 -1.31603 0)
(2.57544e-08 -1.31603 0)
(2.50636e-08 -1.31603 0)
(2.44389e-08 -1.31603 0)
(2.39228e-08 -1.31603 0)
(2.35715e-08 -1.31603 0)
(2.35074e-08 -1.31603 0)
(2.3905e-08 -1.31603 0)
(2.49839e-08 -1.31603 0)
(2.68708e-08 -1.31603 0)
(2.94464e-08 -1.31603 0)
(3.22128e-08 -1.31603 0)
(3.43613e-08 -1.31603 0)
(3.50531e-08 -1.31603 0)
(3.38062e-08 -1.31603 0)
(3.0749e-08 -1.31603 0)
(2.6572e-08 -1.31603 0)
(2.21983e-08 -1.31603 0)
(1.83899e-08 -1.31603 0)
(1.55066e-08 -1.31603 0)
(1.35142e-08 -1.31603 0)
(1.21578e-08 -1.31603 0)
(1.11539e-08 -1.31603 0)
(1.02985e-08 -1.31603 0)
(9.48575e-09 -1.31603 0)
(8.67356e-09 -1.31603 0)
(7.85308e-09 -1.31603 0)
(7.02327e-09 -1.31603 0)
(6.18782e-09 -1.31603 0)
(5.34666e-09 -1.31603 0)
(4.49953e-09 -1.31603 0)
(3.64242e-09 -1.31603 0)
(2.7714e-09 -1.31603 0)
(1.88112e-09 -1.31603 0)
(9.67213e-10 -1.31603 0)
(2.27292e-11 -1.31603 0)
(-9.62334e-10 -1.31603 0)
(-2.00238e-09 -1.31603 0)
(-3.11973e-09 -1.31603 0)
(-4.34292e-09 -1.31603 0)
(-5.68874e-09 -1.31603 0)
(-7.15375e-09 -1.31603 0)
(-8.68911e-09 -1.31603 0)
(-1.01895e-08 -1.31603 0)
(-1.15164e-08 -1.31603 0)
(-1.25345e-08 -1.31603 0)
(-1.31686e-08 -1.31603 0)
(-1.34294e-08 -1.31603 0)
(-1.34218e-08 -1.31603 0)
(-1.33009e-08 -1.31603 0)
(-1.32289e-08 -1.31603 0)
(-1.3321e-08 -1.31603 0)
(-1.36353e-08 -1.31603 0)
(-1.4168e-08 -1.31603 0)
(-1.48855e-08 -1.31603 0)
(-1.57373e-08 -1.31603 0)
(-1.66795e-08 -1.31603 0)
(-1.76771e-08 -1.31603 0)
(-1.87063e-08 -1.31603 0)
(-1.9753e-08 -1.31603 0)
(-2.0808e-08 -1.31603 0)
(-2.18667e-08 -1.31603 0)
(-2.29264e-08 -1.31603 0)
(-2.39847e-08 -1.31603 0)
(-2.50404e-08 -1.31603 0)
(-2.60905e-08 -1.31603 0)
(-2.71328e-08 -1.31603 0)
(-2.81634e-08 -1.31603 0)
(-2.91773e-08 -1.31603 0)
(-3.01667e-08 -1.31603 0)
(-3.11227e-08 -1.31603 0)
(-3.20305e-08 -1.31603 0)
(-3.28764e-08 -1.31603 0)
(-3.36389e-08 -1.31603 0)
(-3.4301e-08 -1.31603 0)
(-3.48468e-08 -1.31603 0)
(-3.52746e-08 -1.31603 0)
(-3.56059e-08 -1.31603 0)
(-3.58898e-08 -1.31603 0)
(-3.62036e-08 -1.31603 0)
(-3.6638e-08 -1.31603 0)
(-3.7276e-08 -1.31603 0)
(-3.81702e-08 -1.31603 0)
(-3.93287e-08 -1.31603 0)
(-4.07134e-08 -1.31603 0)
(-4.2256e-08 -1.31603 0)
(-4.38773e-08 -1.31603 0)
(-4.55096e-08 -1.31603 0)
(-4.7109e-08 -1.31603 0)
(-4.86563e-08 -1.31603 0)
(-5.01533e-08 -1.31603 0)
(-5.16099e-08 -1.31603 0)
(-5.30395e-08 -1.31603 0)
(-5.44508e-08 -1.31603 0)
(-5.58498e-08 -1.31603 0)
(-5.72389e-08 -1.31603 0)
(-5.86205e-08 -1.31603 0)
(-5.99983e-08 -1.31603 0)
(-6.13783e-08 -1.31603 0)
(-6.277e-08 -1.31603 0)
(-6.41846e-08 -1.31603 0)
(-6.56359e-08 -1.31603 0)
(-6.7137e-08 -1.31603 0)
(-6.87022e-08 -1.31603 0)
(-7.03436e-08 -1.31603 0)
(-7.20734e-08 -1.31603 0)
(-7.39023e-08 -1.31603 0)
(-7.58415e-08 -1.31603 0)
(-7.79021e-08 -1.31603 0)
(-8.00967e-08 -1.31603 0)
(-8.24394e-08 -1.31603 0)
(-8.49473e-08 -1.31603 0)
(-8.76394e-08 -1.31603 0)
(-9.05389e-08 -1.31603 0)
(-9.36722e-08 -1.31603 0)
(-9.70695e-08 -1.31603 0)
(-1.00766e-07 -1.31603 0)
(-1.04802e-07 -1.31603 0)
(-1.09222e-07 -1.31603 0)
(-1.14079e-07 -1.31603 0)
(-1.19431e-07 -1.31603 0)
(-1.25346e-07 -1.31603 0)
(-1.31899e-07 -1.31603 0)
(-1.39177e-07 -1.31603 0)
(-1.47277e-07 -1.31603 0)
(-1.56309e-07 -1.31603 0)
(-1.66398e-07 -1.31603 0)
(-1.77684e-07 -1.31603 0)
(-1.90324e-07 -1.31603 0)
(-2.04495e-07 -1.31603 0)
(-2.20395e-07 -1.31603 0)
(-2.38243e-07 -1.31603 0)
(-2.58281e-07 -1.31603 0)
(-2.80777e-07 -1.31603 0)
(-3.06024e-07 -1.31603 0)
(-3.34345e-07 -1.31603 0)
(-3.66092e-07 -1.31603 0)
(-4.01648e-07 -1.31603 0)
(-4.41436e-07 -1.31603 0)
(-4.8591e-07 -1.31603 0)
(-5.35563e-07 -1.31603 0)
(-5.9092e-07 -1.31603 0)
(-6.52531e-07 -1.31603 0)
(-7.20964e-07 -1.31603 0)
(-7.96795e-07 -1.31603 0)
(-8.80592e-07 -1.31603 0)
(-9.729e-07 -1.31603 0)
(-1.07421e-06 -1.31604 0)
(-1.18493e-06 -1.31604 0)
(-1.30533e-06 -1.31604 0)
(-1.43551e-06 -1.31604 0)
(-1.57527e-06 -1.31604 0)
(-1.72409e-06 -1.31604 0)
(-1.88094e-06 -1.31604 0)
(-2.04418e-06 -1.31604 0)
(-2.21136e-06 -1.31604 0)
(-2.37904e-06 -1.31604 0)
(-2.54248e-06 -1.31604 0)
(-2.69546e-06 -1.31604 0)
(-2.82998e-06 -1.31604 0)
(-2.93604e-06 -1.31604 0)
(-3.00159e-06 -1.31604 0)
(-3.01262e-06 -1.31604 0)
(-2.95383e-06 -1.31604 0)
(-2.8099e-06 -1.31604 0)
(-2.56794e-06 -1.31604 0)
(-2.22162e-06 -1.31604 0)
(-1.77761e-06 -1.31604 0)
(-1.26468e-06 -1.31604 0)
(-7.45006e-07 -1.31604 0)
(-3.20774e-07 -1.31603 0)
(-1.2064e-07 -1.31603 0)
(-1.93982e-07 -1.31603 0)
(-1.47248e-07 -1.31602 0)
(-9.41653e-07 -1.04453 0)
(-2.20495e-06 -1.04453 0)
(-2.33953e-06 -1.04454 0)
(-1.7126e-06 -1.04454 0)
(-7.59634e-07 -1.04454 0)
(2.40691e-07 -1.04455 0)
(1.14274e-06 -1.04455 0)
(1.8837e-06 -1.04455 0)
(2.44782e-06 -1.04455 0)
(2.84479e-06 -1.04455 0)
(3.09651e-06 -1.04455 0)
(3.22865e-06 -1.04455 0)
(3.26563e-06 -1.04455 0)
(3.2283e-06 -1.04455 0)
(3.13361e-06 -1.04455 0)
(2.99576e-06 -1.04455 0)
(2.82741e-06 -1.04455 0)
(2.64035e-06 -1.04455 0)
(2.44523e-06 -1.04455 0)
(2.25059e-06 -1.04455 0)
(2.06233e-06 -1.04455 0)
(1.8837e-06 -1.04455 0)
(1.71607e-06 -1.04454 0)
(1.55984e-06 -1.04454 0)
(1.41499e-06 -1.04454 0)
(1.28142e-06 -1.04454 0)
(1.1589e-06 -1.04454 0)
(1.04708e-06 -1.04454 0)
(9.45431e-07 -1.04454 0)
(8.5335e-07 -1.04454 0)
(7.70175e-07 -1.04454 0)
(6.95232e-07 -1.04454 0)
(6.27859e-07 -1.04454 0)
(5.67409e-07 -1.04454 0)
(5.13259e-07 -1.04454 0)
(4.64816e-07 -1.04454 0)
(4.21527e-07 -1.04454 0)
(3.82881e-07 -1.04454 0)
(3.48412e-07 -1.04454 0)
(3.17694e-07 -1.04454 0)
(2.90345e-07 -1.04454 0)
(2.66014e-07 -1.04454 0)
(2.44385e-07 -1.04454 0)
(2.25165e-07 -1.04454 0)
(2.08092e-07 -1.04454 0)
(1.92925e-07 -1.04454 0)
(1.7945e-07 -1.04454 0)
(1.6748e-07 -1.04454 0)
(1.56855e-07 -1.04454 0)
(1.47437e-07 -1.04454 0)
(1.39109e-07 -1.04454 0)
(1.31758e-07 -1.04454 0)
(1.25263e-07 -1.04454 0)
(1.19493e-07 -1.04454 0)
(1.14312e-07 -1.04454 0)
(1.09597e-07 -1.04454 0)
(1.05255e-07 -1.04454 0)
(1.01228e-07 -1.04454 0)
(9.74854e-08 -1.04454 0)
(9.40103e-08 -1.04454 0)
(9.07798e-08 -1.04454 0)
(8.77615e-08 -1.04454 0)
(8.49145e-08 -1.04454 0)
(8.21988e-08 -1.04454 0)
(7.95807e-08 -1.04454 0)
(7.70385e-08 -1.04454 0)
(7.45601e-08 -1.04454 0)
(7.21435e-08 -1.04454 0)
(6.97913e-08 -1.04454 0)
(6.75098e-08 -1.04454 0)
(6.53053e-08 -1.04454 0)
(6.31818e-08 -1.04454 0)
(6.1141e-08 -1.04454 0)
(5.91808e-08 -1.04454 0)
(5.7298e-08 -1.04454 0)
(5.5487e-08 -1.04454 0)
(5.37424e-08 -1.04454 0)
(5.2059e-08 -1.04454 0)
(5.04316e-08 -1.04454 0)
(4.88561e-08 -1.04454 0)
(4.73286e-08 -1.04454 0)
(4.5847e-08 -1.04454 0)
(4.44086e-08 -1.04454 0)
(4.30134e-08 -1.04454 0)
(4.16606e-08 -1.04454 0)
(4.03521e-08 -1.04454 0)
(3.90873e-08 -1.04454 0)
(3.78701e-08 -1.04454 0)
(3.66988e-08 -1.04454 0)
(3.55765e-08 -1.04454 0)
(3.45001e-08 -1.04454 0)
(3.34709e-08 -1.04454 0)
(3.2485e-08 -1.04454 0)
(3.15414e-08 -1.04454 0)
(3.06365e-08 -1.04454 0)
(2.9767e-08 -1.04454 0)
(2.89329e-08 -1.04454 0)
(2.81355e-08 -1.04454 0)
(2.73914e-08 -1.04454 0)
(2.67165e-08 -1.04454 0)
(2.61565e-08 -1.04454 0)
(2.5772e-08 -1.04454 0)
(2.57021e-08 -1.04454 0)
(2.61475e-08 -1.04454 0)
(2.73571e-08 -1.04454 0)
(2.9465e-08 -1.04454 0)
(3.23171e-08 -1.04454 0)
(3.53364e-08 -1.04454 0)
(3.76214e-08 -1.04454 0)
(3.82723e-08 -1.04454 0)
(3.68088e-08 -1.04454 0)
(3.34186e-08 -1.04454 0)
(2.88737e-08 -1.04454 0)
(2.41619e-08 -1.04454 0)
(2.00752e-08 -1.04454 0)
(1.6974e-08 -1.04454 0)
(1.48116e-08 -1.04454 0)
(1.33197e-08 -1.04454 0)
(1.22046e-08 -1.04454 0)
(1.12544e-08 -1.04454 0)
(1.0357e-08 -1.04454 0)
(9.46507e-09 -1.04454 0)
(8.56664e-09 -1.04454 0)
(7.65914e-09 -1.04454 0)
(6.74608e-09 -1.04454 0)
(5.82695e-09 -1.04454 0)
(4.90118e-09 -1.04454 0)
(3.96432e-09 -1.04454 0)
(3.01198e-09 -1.04454 0)
(2.03837e-09 -1.04454 0)
(1.03866e-09 -1.04454 0)
(5.37837e-12 -1.04454 0)
(-1.07231e-09 -1.04454 0)
(-2.21036e-09 -1.04454 0)
(-3.43327e-09 -1.04454 0)
(-4.77267e-09 -1.04454 0)
(-6.24658e-09 -1.04454 0)
(-7.84914e-09 -1.04454 0)
(-9.52431e-09 -1.04454 0)
(-1.11551e-08 -1.04454 0)
(-1.25911e-08 -1.04454 0)
(-1.36883e-08 -1.04454 0)
(-1.437e-08 -1.04454 0)
(-1.4652e-08 -1.04454 0)
(-1.46495e-08 -1.04454 0)
(-1.45287e-08 -1.04454 0)
(-1.44624e-08 -1.04454 0)
(-1.45719e-08 -1.04454 0)
(-1.49191e-08 -1.04454 0)
(-1.55001e-08 -1.04454 0)
(-1.62798e-08 -1.04454 0)
(-1.72051e-08 -1.04454 0)
(-1.82293e-08 -1.04454 0)
(-1.93149e-08 -1.04454 0)
(-2.04358e-08 -1.04454 0)
(-2.15768e-08 -1.04454 0)
(-2.27276e-08 -1.04454 0)
(-2.38829e-08 -1.04454 0)
(-2.50396e-08 -1.04454 0)
(-2.61952e-08 -1.04454 0)
(-2.73479e-08 -1.04454 0)
(-2.84946e-08 -1.04454 0)
(-2.96327e-08 -1.04454 0)
(-3.0758e-08 -1.04454 0)
(-3.1865e-08 -1.04454 0)
(-3.29449e-08 -1.04454 0)
(-3.39886e-08 -1.04454 0)
(-3.49791e-08 -1.04454 0)
(-3.59019e-08 -1.04454 0)
(-3.67328e-08 -1.04454 0)
(-3.7453e-08 -1.04454 0)
(-3.80448e-08 -1.04454 0)
(-3.85063e-08 -1.04454 0)
(-3.88616e-08 -1.04454 0)
(-3.91649e-08 -1.04454 0)
(-3.9502e-08 -1.04454 0)
(-3.99728e-08 -1.04454 0)
(-4.06687e-08 -1.04454 0)
(-4.16466e-08 -1.04454 0)
(-4.29148e-08 -1.04454 0)
(-4.44304e-08 -1.04454 0)
(-4.61177e-08 -1.04454 0)
(-4.78898e-08 -1.04454 0)
(-4.9673e-08 -1.04454 0)
(-5.14198e-08 -1.04454 0)
(-5.31098e-08 -1.04454 0)
(-5.47456e-08 -1.04454 0)
(-5.63375e-08 -1.04454 0)
(-5.79001e-08 -1.04454 0)
(-5.94424e-08 -1.04454 0)
(-6.09706e-08 -1.04454 0)
(-6.24873e-08 -1.04454 0)
(-6.39953e-08 -1.04454 0)
(-6.54985e-08 -1.04454 0)
(-6.7004e-08 -1.04454 0)
(-6.85222e-08 -1.04454 0)
(-7.00655e-08 -1.04454 0)
(-7.16491e-08 -1.04454 0)
(-7.32872e-08 -1.04454 0)
(-7.49957e-08 -1.04454 0)
(-7.67872e-08 -1.04454 0)
(-7.86755e-08 -1.04454 0)
(-8.06718e-08 -1.04454 0)
(-8.27884e-08 -1.04454 0)
(-8.50373e-08 -1.04454 0)
(-8.74326e-08 -1.04454 0)
(-8.99893e-08 -1.04454 0)
(-9.27263e-08 -1.04454 0)
(-9.56644e-08 -1.04454 0)
(-9.88287e-08 -1.04454 0)
(-1.02248e-07 -1.04454 0)
(-1.05956e-07 -1.04454 0)
(-1.0999e-07 -1.04454 0)
(-1.14394e-07 -1.04454 0)
(-1.19218e-07 -1.04454 0)
(-1.24518e-07 -1.04454 0)
(-1.30359e-07 -1.04454 0)
(-1.36813e-07 -1.04454 0)
(-1.43963e-07 -1.04454 0)
(-1.51904e-07 -1.04454 0)
(-1.60742e-07 -1.04454 0)
(-1.70596e-07 -1.04454 0)
(-1.81603e-07 -1.04454 0)
(-1.93915e-07 -1.04454 0)
(-2.07705e-07 -1.04454 0)
(-2.23165e-07 -1.04454 0)
(-2.4051e-07 -1.04454 0)
(-2.59979e-07 -1.04454 0)
(-2.81837e-07 -1.04454 0)
(-3.06374e-07 -1.04454 0)
(-3.3391e-07 -1.04454 0)
(-3.64796e-07 -1.04454 0)
(-3.99414e-07 -1.04454 0)
(-4.38183e-07 -1.04454 0)
(-4.81559e-07 -1.04454 0)
(-5.30039e-07 -1.04454 0)
(-5.84156e-07 -1.04454 0)
(-6.44477e-07 -1.04454 0)
(-7.11594e-07 -1.04454 0)
(-7.86121e-07 -1.04454 0)
(-8.68675e-07 -1.04454 0)
(-9.59864e-07 -1.04454 0)
(-1.06027e-06 -1.04454 0)
(-1.17041e-06 -1.04454 0)
(-1.2907e-06 -1.04454 0)
(-1.4214e-06 -1.04454 0)
(-1.56257e-06 -1.04454 0)
(-1.71393e-06 -1.04455 0)
(-1.87482e-06 -1.04455 0)
(-2.044e-06 -1.04455 0)
(-2.21951e-06 -1.04455 0)
(-2.39844e-06 -1.04455 0)
(-2.57666e-06 -1.04455 0)
(-2.74853e-06 -1.04455 0)
(-2.9065e-06 -1.04455 0)
(-3.04071e-06 -1.04455 0)
(-3.1386e-06 -1.04455 0)
(-3.1845e-06 -1.04455 0)
(-3.15942e-06 -1.04455 0)
(-3.04117e-06 -1.04455 0)
(-2.80503e-06 -1.04455 0)
(-2.42566e-06 -1.04455 0)
(-1.88092e-06 -1.04455 0)
(-1.15924e-06 -1.04455 0)
(-2.72812e-07 -1.04455 0)
(7.1919e-07 -1.04454 0)
(1.6739e-06 -1.04454 0)
(2.31153e-06 -1.04454 0)
(2.19309e-06 -1.04453 0)
(9.40308e-07 -1.04453 0)
(-1.89849e-06 -0.823924 0)
(-4.24669e-06 -0.823928 0)
(-4.34114e-06 -0.823932 0)
(-3.31672e-06 -0.823935 0)
(-1.92632e-06 -0.823937 0)
(-5.5244e-07 -0.823939 0)
(6.38476e-07 -0.82394 0)
(1.59148e-06 -0.823941 0)
(2.30629e-06 -0.823941 0)
(2.80779e-06 -0.823942 0)
(3.13035e-06 -0.823942 0)
(3.30901e-06 -0.823941 0)
(3.37496e-06 -0.823941 0)
(3.35387e-06 -0.823941 0)
(3.26633e-06 -0.823941 0)
(3.12938e-06 -0.823941 0)
(2.95797e-06 -0.82394 0)
(2.76558e-06 -0.82394 0)
(2.56389e-06 -0.82394 0)
(2.36203e-06 -0.82394 0)
(2.16612e-06 -0.823939 0)
(1.97964e-06 -0.823939 0)
(1.80419e-06 -0.823939 0)
(1.64037e-06 -0.823939 0)
(1.48834e-06 -0.823939 0)
(1.34809e-06 -0.823939 0)
(1.21942e-06 -0.823939 0)
(1.10193e-06 -0.823938 0)
(9.95105e-07 -0.823938 0)
(8.98302e-07 -0.823938 0)
(8.10837e-07 -0.823938 0)
(7.3201e-07 -0.823938 0)
(6.6113e-07 -0.823938 0)
(5.9752e-07 -0.823938 0)
(5.40529e-07 -0.823938 0)
(4.89537e-07 -0.823938 0)
(4.43966e-07 -0.823938 0)
(4.0328e-07 -0.823938 0)
(3.6699e-07 -0.823938 0)
(3.3465e-07 -0.823938 0)
(3.05855e-07 -0.823938 0)
(2.80238e-07 -0.823938 0)
(2.57464e-07 -0.823938 0)
(2.37227e-07 -0.823938 0)
(2.19247e-07 -0.823938 0)
(2.03273e-07 -0.823938 0)
(1.89078e-07 -0.823938 0)
(1.76467e-07 -0.823937 0)
(1.65272e-07 -0.823937 0)
(1.55355e-07 -0.823937 0)
(1.46593e-07 -0.823937 0)
(1.38867e-07 -0.823937 0)
(1.32044e-07 -0.823937 0)
(1.25981e-07 -0.823937 0)
(1.20528e-07 -0.823937 0)
(1.15558e-07 -0.823937 0)
(1.10974e-07 -0.823937 0)
(1.06722e-07 -0.823937 0)
(1.02775e-07 -0.823937 0)
(9.91124e-08 -0.823937 0)
(9.57095e-08 -0.823937 0)
(9.25293e-08 -0.823937 0)
(8.9527e-08 -0.823937 0)
(8.66608e-08 -0.823937 0)
(8.38958e-08 -0.823937 0)
(8.12102e-08 -0.823937 0)
(7.8592e-08 -0.823937 0)
(7.60398e-08 -0.823937 0)
(7.35563e-08 -0.823937 0)
(7.11487e-08 -0.823937 0)
(6.88231e-08 -0.823937 0)
(6.65833e-08 -0.823937 0)
(6.44312e-08 -0.823937 0)
(6.23638e-08 -0.823937 0)
(6.03782e-08 -0.823937 0)
(5.8468e-08 -0.823937 0)
(5.66277e-08 -0.823937 0)
(5.4852e-08 -0.823937 0)
(5.31353e-08 -0.823937 0)
(5.14733e-08 -0.823937 0)
(4.98619e-08 -0.823937 0)
(4.82991e-08 -0.823937 0)
(4.67817e-08 -0.823937 0)
(4.53103e-08 -0.823937 0)
(4.38835e-08 -0.823937 0)
(4.2504e-08 -0.823937 0)
(4.11707e-08 -0.823937 0)
(3.98883e-08 -0.823937 0)
(3.86547e-08 -0.823937 0)
(3.74738e-08 -0.823937 0)
(3.6342e-08 -0.823937 0)
(3.52613e-08 -0.823937 0)
(3.42275e-08 -0.823937 0)
(3.32398e-08 -0.823937 0)
(3.22941e-08 -0.823937 0)
(3.13861e-08 -0.823937 0)
(3.05154e-08 -0.823937 0)
(2.96821e-08 -0.823937 0)
(2.89043e-08 -0.823937 0)
(2.81966e-08 -0.823937 0)
(2.7607e-08 -0.823937 0)
(2.71995e-08 -0.823937 0)
(2.71283e-08 -0.823937 0)
(2.76171e-08 -0.823937 0)
(2.89366e-08 -0.823937 0)
(3.12183e-08 -0.823937 0)
(3.42666e-08 -0.823937 0)
(3.74329e-08 -0.823937 0)
(3.97504e-08 -0.823937 0)
(4.02979e-08 -0.823937 0)
(3.86295e-08 -0.823937 0)
(3.49989e-08 -0.823937 0)
(3.02361e-08 -0.823937 0)
(2.53534e-08 -0.823937 0)
(2.11363e-08 -0.823937 0)
(1.79276e-08 -0.823937 0)
(1.56682e-08 -0.823937 0)
(1.40877e-08 -0.823937 0)
(1.28946e-08 -0.823937 0)
(1.18777e-08 -0.823937 0)
(1.09224e-08 -0.823937 0)
(9.97729e-09 -0.823937 0)
(9.02795e-09 -0.823937 0)
(8.07017e-09 -0.823937 0)
(7.10715e-09 -0.823937 0)
(6.13789e-09 -0.823937 0)
(5.16145e-09 -0.823937 0)
(4.17312e-09 -0.823937 0)
(3.16825e-09 -0.823937 0)
(2.14085e-09 -0.823937 0)
(1.08579e-09 -0.823937 0)
(-4.72329e-12 -0.823937 0)
(-1.14218e-09 -0.823937 0)
(-2.34374e-09 -0.823937 0)
(-3.6357e-09 -0.823937 0)
(-5.05197e-09 -0.823937 0)
(-6.61092e-09 -0.823937 0)
(-8.30371e-09 -0.823937 0)
(-1.00678e-08 -0.823937 0)
(-1.17776e-08 -0.823937 0)
(-1.32753e-08 -0.823937 0)
(-1.44137e-08 -0.823937 0)
(-1.51183e-08 -0.823937 0)
(-1.54106e-08 -0.823937 0)
(-1.54133e-08 -0.823937 0)
(-1.52988e-08 -0.823937 0)
(-1.52444e-08 -0.823937 0)
(-1.53726e-08 -0.823937 0)
(-1.57465e-08 -0.823937 0)
(-1.63615e-08 -0.823937 0)
(-1.71822e-08 -0.823937 0)
(-1.81544e-08 -0.823937 0)
(-1.92304e-08 -0.823937 0)
(-2.03716e-08 -0.823937 0)
(-2.15506e-08 -0.823937 0)
(-2.27514e-08 -0.823937 0)
(-2.39631e-08 -0.823937 0)
(-2.51801e-08 -0.823937 0)
(-2.6399e-08 -0.823937 0)
(-2.76168e-08 -0.823937 0)
(-2.88316e-08 -0.823937 0)
(-3.00403e-08 -0.823937 0)
(-3.12399e-08 -0.823937 0)
(-3.2426e-08 -0.823937 0)
(-3.35929e-08 -0.823937 0)
(-3.47309e-08 -0.823937 0)
(-3.58307e-08 -0.823937 0)
(-3.6874e-08 -0.823937 0)
(-3.78454e-08 -0.823937 0)
(-3.87187e-08 -0.823937 0)
(-3.94739e-08 -0.823937 0)
(-4.00925e-08 -0.823937 0)
(-4.05721e-08 -0.823937 0)
(-4.09399e-08 -0.823937 0)
(-4.12543e-08 -0.823937 0)
(-4.16074e-08 -0.823937 0)
(-4.21055e-08 -0.823937 0)
(-4.28446e-08 -0.823937 0)
(-4.38834e-08 -0.823937 0)
(-4.52284e-08 -0.823937 0)
(-4.68319e-08 -0.823937 0)
(-4.86132e-08 -0.823937 0)
(-5.04807e-08 -0.823937 0)
(-5.23579e-08 -0.823937 0)
(-5.41965e-08 -0.823937 0)
(-5.5976e-08 -0.823937 0)
(-5.76997e-08 -0.823937 0)
(-5.9378e-08 -0.823937 0)
(-6.10259e-08 -0.823937 0)
(-6.26522e-08 -0.823937 0)
(-6.42632e-08 -0.823937 0)
(-6.58612e-08 -0.823937 0)
(-6.74494e-08 -0.823937 0)
(-6.90323e-08 -0.823937 0)
(-7.06174e-08 -0.823937 0)
(-7.22162e-08 -0.823937 0)
(-7.38417e-08 -0.823937 0)
(-7.55102e-08 -0.823937 0)
(-7.72365e-08 -0.823937 0)
(-7.90371e-08 -0.823937 0)
(-8.09253e-08 -0.823937 0)
(-8.29156e-08 -0.823937 0)
(-8.50193e-08 -0.823937 0)
(-8.72499e-08 -0.823937 0)
(-8.96196e-08 -0.823937 0)
(-9.21435e-08 -0.823937 0)
(-9.48372e-08 -0.823937 0)
(-9.77209e-08 -0.823937 0)
(-1.00816e-07 -0.823937 0)
(-1.0415e-07 -0.823937 0)
(-1.07752e-07 -0.823937 0)
(-1.11658e-07 -0.823937 0)
(-1.15908e-07 -0.823937 0)
(-1.20548e-07 -0.823937 0)
(-1.25629e-07 -0.823937 0)
(-1.31212e-07 -0.823937 0)
(-1.37364e-07 -0.823937 0)
(-1.44162e-07 -0.823937 0)
(-1.51694e-07 -0.823938 0)
(-1.60057e-07 -0.823938 0)
(-1.69366e-07 -0.823938 0)
(-1.79744e-07 -0.823938 0)
(-1.91336e-07 -0.823938 0)
(-2.04302e-07 -0.823938 0)
(-2.18824e-07 -0.823938 0)
(-2.35105e-07 -0.823938 0)
(-2.53371e-07 -0.823938 0)
(-2.73873e-07 -0.823938 0)
(-2.9689e-07 -0.823938 0)
(-3.22727e-07 -0.823938 0)
(-3.51721e-07 -0.823938 0)
(-3.84239e-07 -0.823938 0)
(-4.20683e-07 -0.823938 0)
(-4.61495e-07 -0.823938 0)
(-5.07154e-07 -0.823938 0)
(-5.58181e-07 -0.823938 0)
(-6.15134e-07 -0.823938 0)
(-6.78607e-07 -0.823938 0)
(-7.4922e-07 -0.823938 0)
(-8.27609e-07 -0.823938 0)
(-9.14421e-07 -0.823938 0)
(-1.01029e-06 -0.823938 0)
(-1.11581e-06 -0.823939 0)
(-1.23152e-06 -0.823939 0)
(-1.35784e-06 -0.823939 0)
(-1.49502e-06 -0.823939 0)
(-1.64308e-06 -0.823939 0)
(-1.8017e-06 -0.823939 0)
(-1.97009e-06 -0.823939 0)
(-2.14688e-06 -0.82394 0)
(-2.32988e-06 -0.82394 0)
(-2.51586e-06 -0.82394 0)
(-2.70022e-06 -0.82394 0)
(-2.87666e-06 -0.82394 0)
(-3.03667e-06 -0.823941 0)
(-3.16911e-06 -0.823941 0)
(-3.25952e-06 -0.823941 0)
(-3.28962e-06 -0.823941 0)
(-3.23675e-06 -0.823942 0)
(-3.07357e-06 -0.823942 0)
(-2.76832e-06 -0.823942 0)
(-2.28613e-06 -0.823941 0)
(-1.59252e-06 -0.823941 0)
(-6.61037e-07 -0.82394 0)
(5.11203e-07 -0.823939 0)
(1.87273e-06 -0.823938 0)
(3.2599e-06 -0.823935 0)
(4.29049e-06 -0.823932 0)
(4.21186e-06 -0.823928 0)
(1.88643e-06 -0.823924 0)
(-2.66614e-06 -0.644668 0)
(-5.8351e-06 -0.644671 0)
(-5.83397e-06 -0.644675 0)
(-4.48518e-06 -0.644678 0)
(-2.76718e-06 -0.64468 0)
(-1.1233e-06 -0.644681 0)
(2.72616e-07 -0.644682 0)
(1.37457e-06 -0.644683 0)
(2.19468e-06 -0.644683 0)
(2.7692e-06 -0.644684 0)
(3.1414e-06 -0.644684 0)
(3.35285e-06 -0.644684 0)
(3.43933e-06 -0.644683 0)
(3.4298e-06 -0.644683 0)
(3.34745e-06 -0.644683 0)
(3.21142e-06 -0.644683 0)
(3.03839e-06 -0.644683 0)
(2.84304e-06 -0.644683 0)
(2.63769e-06 -0.644682 0)
(2.43169e-06 -0.644682 0)
(2.23126e-06 -0.644682 0)
(2.03999e-06 -0.644682 0)
(1.85966e-06 -0.644682 0)
(1.69108e-06 -0.644682 0)
(1.53456e-06 -0.644682 0)
(1.39012e-06 -0.644681 0)
(1.25758e-06 -0.644681 0)
(1.13655e-06 -0.644681 0)
(1.02647e-06 -0.644681 0)
(9.26704e-07 -0.644681 0)
(8.36541e-07 -0.644681 0)
(7.5527e-07 -0.644681 0)
(6.82181e-07 -0.644681 0)
(6.16578e-07 -0.644681 0)
(5.57794e-07 -0.644681 0)
(5.05194e-07 -0.644681 0)
(4.58181e-07 -0.644681 0)
(4.16207e-07 -0.644681 0)
(3.78767e-07 -0.644681 0)
(3.45402e-07 -0.644681 0)
(3.15695e-07 -0.644681 0)
(2.89265e-07 -0.644681 0)
(2.65769e-07 -0.644681 0)
(2.44888e-07 -0.644681 0)
(2.26336e-07 -0.644681 0)
(2.09851e-07 -0.644681 0)
(1.95198e-07 -0.644681 0)
(1.82179e-07 -0.644681 0)
(1.70623e-07 -0.644681 0)
(1.60392e-07 -0.644681 0)
(1.5136e-07 -0.64468 0)
(1.43401e-07 -0.64468 0)
(1.36375e-07 -0.64468 0)
(1.30125e-07 -0.64468 0)
(1.24497e-07 -0.64468 0)
(1.19358e-07 -0.64468 0)
(1.14617e-07 -0.64468 0)
(1.10221e-07 -0.64468 0)
(1.06143e-07 -0.64468 0)
(1.02364e-07 -0.64468 0)
(9.88521e-08 -0.64468 0)
(9.55689e-08 -0.64468 0)
(9.24669e-08 -0.64468 0)
(8.95034e-08 -0.64468 0)
(8.66435e-08 -0.64468 0)
(8.38655e-08 -0.64468 0)
(8.11576e-08 -0.64468 0)
(7.85189e-08 -0.64468 0)
(7.59525e-08 -0.64468 0)
(7.34653e-08 -0.64468 0)
(7.10636e-08 -0.64468 0)
(6.87509e-08 -0.64468 0)
(6.65289e-08 -0.64468 0)
(6.43942e-08 -0.64468 0)
(6.23437e-08 -0.64468 0)
(6.0371e-08 -0.64468 0)
(5.84704e-08 -0.64468 0)
(5.66364e-08 -0.64468 0)
(5.48632e-08 -0.64468 0)
(5.31466e-08 -0.64468 0)
(5.14821e-08 -0.64468 0)
(4.98679e-08 -0.64468 0)
(4.83007e-08 -0.64468 0)
(4.6781e-08 -0.64468 0)
(4.53074e-08 -0.64468 0)
(4.38831e-08 -0.64468 0)
(4.25065e-08 -0.64468 0)
(4.1183e-08 -0.64468 0)
(3.99102e-08 -0.64468 0)
(3.86926e-08 -0.64468 0)
(3.75263e-08 -0.64468 0)
(3.64137e-08 -0.64468 0)
(3.53505e-08 -0.64468 0)
(3.43358e-08 -0.64468 0)
(3.33653e-08 -0.64468 0)
(3.24336e-08 -0.64468 0)
(3.15402e-08 -0.64468 0)
(3.06841e-08 -0.64468 0)
(2.98848e-08 -0.64468 0)
(2.91553e-08 -0.64468 0)
(2.85456e-08 -0.64468 0)
(2.81224e-08 -0.64468 0)
(2.8053e-08 -0.64468 0)
(2.85795e-08 -0.64468 0)
(2.99869e-08 -0.64468 0)
(3.23967e-08 -0.64468 0)
(3.55728e-08 -0.64468 0)
(3.88096e-08 -0.64468 0)
(4.11009e-08 -0.64468 0)
(4.153e-08 -0.64468 0)
(3.96962e-08 -0.64468 0)
(3.59091e-08 -0.64468 0)
(3.10322e-08 -0.64468 0)
(2.60775e-08 -0.64468 0)
(2.18091e-08 -0.64468 0)
(1.85494e-08 -0.64468 0)
(1.62325e-08 -0.64468 0)
(1.45926e-08 -0.64468 0)
(1.33452e-08 -0.64468 0)
(1.22822e-08 -0.64468 0)
(1.12879e-08 -0.64468 0)
(1.0308e-08 -0.64468 0)
(9.32578e-09 -0.64468 0)
(8.33578e-09 -0.64468 0)
(7.34087e-09 -0.64468 0)
(6.33963e-09 -0.64468 0)
(5.3308e-09 -0.64468 0)
(4.30949e-09 -0.64468 0)
(3.27096e-09 -0.64468 0)
(2.20915e-09 -0.64468 0)
(1.11871e-09 -0.64468 0)
(-8.36495e-12 -0.64468 0)
(-1.18404e-09 -0.64468 0)
(-2.42642e-09 -0.64468 0)
(-3.76317e-09 -0.64468 0)
(-5.22975e-09 -0.64468 0)
(-6.84429e-09 -0.64468 0)
(-8.59499e-09 -0.64468 0)
(-1.0414e-08 -0.64468 0)
(-1.21698e-08 -0.64468 0)
(-1.37008e-08 -0.64468 0)
(-1.48593e-08 -0.64468 0)
(-1.55744e-08 -0.64468 0)
(-1.58725e-08 -0.64468 0)
(-1.58815e-08 -0.64468 0)
(-1.57763e-08 -0.64468 0)
(-1.57355e-08 -0.64468 0)
(-1.58809e-08 -0.64468 0)
(-1.62754e-08 -0.64468 0)
(-1.69139e-08 -0.64468 0)
(-1.77613e-08 -0.64468 0)
(-1.87632e-08 -0.64468 0)
(-1.98717e-08 -0.64468 0)
(-2.10476e-08 -0.64468 0)
(-2.2263e-08 -0.64468 0)
(-2.35015e-08 -0.64468 0)
(-2.47517e-08 -0.64468 0)
(-2.60077e-08 -0.64468 0)
(-2.7266e-08 -0.64468 0)
(-2.85233e-08 -0.64468 0)
(-2.97777e-08 -0.64468 0)
(-3.10258e-08 -0.64468 0)
(-3.22645e-08 -0.64468 0)
(-3.34892e-08 -0.64468 0)
(-3.46943e-08 -0.64468 0)
(-3.58692e-08 -0.64468 0)
(-3.70048e-08 -0.64468 0)
(-3.80813e-08 -0.64468 0)
(-3.90832e-08 -0.64468 0)
(-3.99827e-08 -0.64468 0)
(-4.07589e-08 -0.64468 0)
(-4.13928e-08 -0.64468 0)
(-4.18825e-08 -0.64468 0)
(-4.22573e-08 -0.64468 0)
(-4.25791e-08 -0.64468 0)
(-4.29446e-08 -0.64468 0)
(-4.34642e-08 -0.64468 0)
(-4.42362e-08 -0.64468 0)
(-4.5319e-08 -0.64468 0)
(-4.67169e-08 -0.64468 0)
(-4.83781e-08 -0.64468 0)
(-5.02187e-08 -0.64468 0)
(-5.21449e-08 -0.64468 0)
(-5.40792e-08 -0.64468 0)
(-5.59738e-08 -0.64468 0)
(-5.78087e-08 -0.64468 0)
(-5.95875e-08 -0.64468 0)
(-6.13206e-08 -0.64468 0)
(-6.30227e-08 -0.64468 0)
(-6.47023e-08 -0.64468 0)
(-6.63655e-08 -0.64468 0)
(-6.80148e-08 -0.64468 0)
(-6.96536e-08 -0.64468 0)
(-7.12867e-08 -0.64468 0)
(-7.29222e-08 -0.64468 0)
(-7.45721e-08 -0.64468 0)
(-7.625e-08 -0.64468 0)
(-7.79728e-08 -0.64468 0)
(-7.97554e-08 -0.64468 0)
(-8.16151e-08 -0.64468 0)
(-8.35652e-08 -0.64468 0)
(-8.56206e-08 -0.64468 0)
(-8.77931e-08 -0.64468 0)
(-9.00964e-08 -0.64468 0)
(-9.25429e-08 -0.64468 0)
(-9.51487e-08 -0.64468 0)
(-9.79295e-08 -0.64468 0)
(-1.00906e-07 -0.64468 0)
(-1.04102e-07 -0.64468 0)
(-1.07543e-07 -0.64468 0)
(-1.11262e-07 -0.64468 0)
(-1.15293e-07 -0.64468 0)
(-1.1968e-07 -0.64468 0)
(-1.24469e-07 -0.64468 0)
(-1.29713e-07 -0.644681 0)
(-1.35476e-07 -0.644681 0)
(-1.41825e-07 -0.644681 0)
(-1.48841e-07 -0.644681 0)
(-1.56614e-07 -0.644681 0)
(-1.65245e-07 -0.644681 0)
(-1.74851e-07 -0.644681 0)
(-1.8556e-07 -0.644681 0)
(-1.97523e-07 -0.644681 0)
(-2.10903e-07 -0.644681 0)
(-2.25889e-07 -0.644681 0)
(-2.42689e-07 -0.644681 0)
(-2.61537e-07 -0.644681 0)
(-2.82693e-07 -0.644681 0)
(-3.06444e-07 -0.644681 0)
(-3.33104e-07 -0.644681 0)
(-3.63019e-07 -0.644681 0)
(-3.96568e-07 -0.644681 0)
(-4.34167e-07 -0.644681 0)
(-4.76268e-07 -0.644681 0)
(-5.23369e-07 -0.644681 0)
(-5.76005e-07 -0.644681 0)
(-6.34749e-07 -0.644681 0)
(-7.00212e-07 -0.644681 0)
(-7.73028e-07 -0.644681 0)
(-8.53852e-07 -0.644681 0)
(-9.43345e-07 -0.644681 0)
(-1.04215e-06 -0.644681 0)
(-1.1509e-06 -0.644681 0)
(-1.27011e-06 -0.644681 0)
(-1.40021e-06 -0.644682 0)
(-1.54145e-06 -0.644682 0)
(-1.69382e-06 -0.644682 0)
(-1.85695e-06 -0.644682 0)
(-2.03e-06 -0.644682 0)
(-2.21149e-06 -0.644682 0)
(-2.39908e-06 -0.644682 0)
(-2.58932e-06 -0.644683 0)
(-2.7773e-06 -0.644683 0)
(-2.95626e-06 -0.644683 0)
(-3.11707e-06 -0.644683 0)
(-3.24767e-06 -0.644683 0)
(-3.33234e-06 -0.644683 0)
(-3.351e-06 -0.644684 0)
(-3.27843e-06 -0.644684 0)
(-3.08374e-06 -0.644684 0)
(-2.73024e-06 -0.644684 0)
(-2.17632e-06 -0.644684 0)
(-1.37866e-06 -0.644683 0)
(-2.99857e-07 -0.644683 0)
(1.07493e-06 -0.644682 0)
(2.70267e-06 -0.64468 0)
(4.41241e-06 -0.644678 0)
(5.76296e-06 -0.644675 0)
(5.77883e-06 -0.644671 0)
(2.64365e-06 -0.644668 0)
(-3.24187e-06 -0.499011 0)
(-6.99227e-06 -0.499015 0)
(-6.87879e-06 -0.499018 0)
(-5.28672e-06 -0.49902 0)
(-3.33905e-06 -0.499022 0)
(-1.51091e-06 -0.499023 0)
(2.30981e-08 -0.499024 0)
(1.22471e-06 -0.499024 0)
(2.11511e-06 -0.499025 0)
(2.7384e-06 -0.499025 0)
(3.14388e-06 -0.499025 0)
(3.37738e-06 -0.499025 0)
(3.47765e-06 -0.499025 0)
(3.47584e-06 -0.499025 0)
(3.39691e-06 -0.499024 0)
(3.26155e-06 -0.499024 0)
(3.08767e-06 -0.499024 0)
(2.89073e-06 -0.499024 0)
(2.68337e-06 -0.499024 0)
(2.475e-06 -0.499024 0)
(2.27187e-06 -0.499024 0)
(2.07765e-06 -0.499024 0)
(1.89429e-06 -0.499023 0)
(1.72275e-06 -0.499023 0)
(1.56342e-06 -0.499023 0)
(1.41639e-06 -0.499023 0)
(1.28145e-06 -0.499023 0)
(1.15821e-06 -0.499023 0)
(1.04611e-06 -0.499023 0)
(9.44494e-07 -0.499023 0)
(8.52649e-07 -0.499023 0)
(7.69852e-07 -0.499023 0)
(6.95383e-07 -0.499023 0)
(6.28535e-07 -0.499023 0)
(5.6863e-07 -0.499023 0)
(5.15023e-07 -0.499023 0)
(4.67109e-07 -0.499023 0)
(4.24329e-07 -0.499023 0)
(3.86169e-07 -0.499023 0)
(3.52162e-07 -0.499023 0)
(3.21884e-07 -0.499023 0)
(2.94945e-07 -0.499023 0)
(2.70997e-07 -0.499023 0)
(2.49713e-07 -0.499023 0)
(2.30801e-07 -0.499023 0)
(2.13994e-07 -0.499023 0)
(1.99054e-07 -0.499023 0)
(1.85778e-07 -0.499023 0)
(1.73996e-07 -0.499022 0)
(1.63569e-07 -0.499022 0)
(1.5437e-07 -0.499022 0)
(1.46268e-07 -0.499022 0)
(1.39115e-07 -0.499022 0)
(1.32746e-07 -0.499022 0)
(1.27003e-07 -0.499022 0)
(1.21756e-07 -0.499022 0)
(1.16912e-07 -0.499022 0)
(1.12426e-07 -0.499022 0)
(1.08267e-07 -0.499022 0)
(1.04415e-07 -0.499022 0)
(1.00835e-07 -0.499022 0)
(9.7487e-08 -0.499022 0)
(9.43214e-08 -0.499022 0)
(9.12957e-08 -0.499022 0)
(8.83753e-08 -0.499022 0)
(8.55388e-08 -0.499022 0)
(8.27746e-08 -0.499022 0)
(8.0082e-08 -0.499022 0)
(7.74639e-08 -0.499022 0)
(7.49276e-08 -0.499022 0)
(7.2479e-08 -0.499022 0)
(7.01213e-08 -0.499022 0)
(6.78561e-08 -0.499022 0)
(6.56797e-08 -0.499022 0)
(6.3589e-08 -0.499022 0)
(6.15775e-08 -0.499022 0)
(5.96393e-08 -0.499022 0)
(5.7769e-08 -0.499022 0)
(5.59607e-08 -0.499022 0)
(5.421e-08 -0.499022 0)
(5.25124e-08 -0.499022 0)
(5.08662e-08 -0.499022 0)
(4.92678e-08 -0.499022 0)
(4.7718e-08 -0.499022 0)
(4.62152e-08 -0.499022 0)
(4.47628e-08 -0.499022 0)
(4.33592e-08 -0.499022 0)
(4.20102e-08 -0.499022 0)
(4.0713e-08 -0.499022 0)
(3.94726e-08 -0.499022 0)
(3.8285e-08 -0.499022 0)
(3.71527e-08 -0.499022 0)
(3.60714e-08 -0.499022 0)
(3.50403e-08 -0.499022 0)
(3.40547e-08 -0.499022 0)
(3.31084e-08 -0.499022 0)
(3.22008e-08 -0.499022 0)
(3.133e-08 -0.499022 0)
(3.05166e-08 -0.499022 0)
(2.97726e-08 -0.499022 0)
(2.91495e-08 -0.499022 0)
(2.87161e-08 -0.499022 0)
(2.86506e-08 -0.499022 0)
(2.9208e-08 -0.499022 0)
(3.06807e-08 -0.499022 0)
(3.31773e-08 -0.499022 0)
(3.64269e-08 -0.499022 0)
(3.96847e-08 -0.499022 0)
(4.19258e-08 -0.499022 0)
(4.22505e-08 -0.499022 0)
(4.02997e-08 -0.499022 0)
(3.64226e-08 -0.499022 0)
(3.14967e-08 -0.499022 0)
(2.65218e-08 -0.499022 0)
(2.22388e-08 -0.499022 0)
(1.89547e-08 -0.499022 0)
(1.66017e-08 -0.499022 0)
(1.49215e-08 -0.499022 0)
(1.36369e-08 -0.499022 0)
(1.25429e-08 -0.499022 0)
(1.15229e-08 -0.499022 0)
(1.05206e-08 -0.499022 0)
(9.51729e-09 -0.499022 0)
(8.50687e-09 -0.499022 0)
(7.49183e-09 -0.499022 0)
(6.47039e-09 -0.499022 0)
(5.44103e-09 -0.499022 0)
(4.39881e-09 -0.499022 0)
(3.33893e-09 -0.499022 0)
(2.25534e-09 -0.499022 0)
(1.14251e-09 -0.499022 0)
(-7.67599e-12 -0.499022 0)
(-1.20754e-09 -0.499022 0)
(-2.47589e-09 -0.499022 0)
(-3.84135e-09 -0.499022 0)
(-5.34031e-09 -0.499022 0)
(-6.99036e-09 -0.499022 0)
(-8.77711e-09 -0.499022 0)
(-1.06289e-08 -0.499022 0)
(-1.24103e-08 -0.499022 0)
(-1.39582e-08 -0.499022 0)
(-1.5126e-08 -0.499022 0)
(-1.58461e-08 -0.499022 0)
(-1.61488e-08 -0.499022 0)
(-1.61645e-08 -0.499022 0)
(-1.60693e-08 -0.499022 0)
(-1.60412e-08 -0.499022 0)
(-1.62008e-08 -0.499022 0)
(-1.66104e-08 -0.499022 0)
(-1.72646e-08 -0.499022 0)
(-1.8129e-08 -0.499022 0)
(-1.91494e-08 -0.499022 0)
(-2.0278e-08 -0.499022 0)
(-2.14755e-08 -0.499022 0)
(-2.27134e-08 -0.499022 0)
(-2.39755e-08 -0.499022 0)
(-2.52497e-08 -0.499022 0)
(-2.65302e-08 -0.499022 0)
(-2.78132e-08 -0.499022 0)
(-2.90954e-08 -0.499022 0)
(-3.03746e-08 -0.499022 0)
(-3.16474e-08 -0.499022 0)
(-3.29107e-08 -0.499022 0)
(-3.41598e-08 -0.499022 0)
(-3.53888e-08 -0.499022 0)
(-3.65871e-08 -0.499022 0)
(-3.77451e-08 -0.499022 0)
(-3.88423e-08 -0.499022 0)
(-3.98631e-08 -0.499022 0)
(-4.07785e-08 -0.499022 0)
(-4.15673e-08 -0.499022 0)
(-4.22102e-08 -0.499022 0)
(-4.27057e-08 -0.499022 0)
(-4.30853e-08 -0.499022 0)
(-4.3413e-08 -0.499022 0)
(-4.37888e-08 -0.499022 0)
(-4.43253e-08 -0.499022 0)
(-4.51219e-08 -0.499022 0)
(-4.62356e-08 -0.499022 0)
(-4.76688e-08 -0.499022 0)
(-4.93667e-08 -0.499022 0)
(-5.12435e-08 -0.499022 0)
(-5.32047e-08 -0.499022 0)
(-5.51728e-08 -0.499022 0)
(-5.71012e-08 -0.499022 0)
(-5.89699e-08 -0.499022 0)
(-6.07831e-08 -0.499022 0)
(-6.25505e-08 -0.499022 0)
(-6.42866e-08 -0.499022 0)
(-6.59996e-08 -0.499022 0)
(-6.76955e-08 -0.499022 0)
(-6.93767e-08 -0.499022 0)
(-7.10471e-08 -0.499022 0)
(-7.27116e-08 -0.499022 0)
(-7.43787e-08 -0.499022 0)
(-7.60609e-08 -0.499022 0)
(-7.77719e-08 -0.499022 0)
(-7.95292e-08 -0.499022 0)
(-8.13477e-08 -0.499022 0)
(-8.3245e-08 -0.499022 0)
(-8.52343e-08 -0.499022 0)
(-8.73311e-08 -0.499022 0)
(-8.9547e-08 -0.499022 0)
(-9.18963e-08 -0.499022 0)
(-9.43913e-08 -0.499022 0)
(-9.70487e-08 -0.499022 0)
(-9.98843e-08 -0.499022 0)
(-1.0292e-07 -0.499022 0)
(-1.06178e-07 -0.499022 0)
(-1.09687e-07 -0.499022 0)
(-1.13479e-07 -0.499022 0)
(-1.17589e-07 -0.499022 0)
(-1.22062e-07 -0.499022 0)
(-1.26944e-07 -0.499022 0)
(-1.32292e-07 -0.499022 0)
(-1.38167e-07 -0.499022 0)
(-1.4464e-07 -0.499022 0)
(-1.51793e-07 -0.499023 0)
(-1.59717e-07 -0.499023 0)
(-1.68516e-07 -0.499023 0)
(-1.78308e-07 -0.499023 0)
(-1.89226e-07 -0.499023 0)
(-2.01421e-07 -0.499023 0)
(-2.15061e-07 -0.499023 0)
(-2.30337e-07 -0.499023 0)
(-2.47463e-07 -0.499023 0)
(-2.66677e-07 -0.499023 0)
(-2.88244e-07 -0.499023 0)
(-3.12454e-07 -0.499023 0)
(-3.3963e-07 -0.499023 0)
(-3.70123e-07 -0.499023 0)
(-4.04318e-07 -0.499023 0)
(-4.4264e-07 -0.499023 0)
(-4.8555e-07 -0.499023 0)
(-5.33553e-07 -0.499023 0)
(-5.87197e-07 -0.499023 0)
(-6.47063e-07 -0.499023 0)
(-7.13771e-07 -0.499023 0)
(-7.87965e-07 -0.499023 0)
(-8.7031e-07 -0.499023 0)
(-9.61478e-07 -0.499023 0)
(-1.06213e-06 -0.499023 0)
(-1.17288e-06 -0.499023 0)
(-1.29427e-06 -0.499023 0)
(-1.42673e-06 -0.499023 0)
(-1.5705e-06 -0.499023 0)
(-1.72554e-06 -0.499023 0)
(-1.89147e-06 -0.499024 0)
(-2.06741e-06 -0.499024 0)
(-2.25179e-06 -0.499024 0)
(-2.44219e-06 -0.499024 0)
(-2.63502e-06 -0.499024 0)
(-2.82514e-06 -0.499024 0)
(-3.00553e-06 -0.499024 0)
(-3.16662e-06 -0.499024 0)
(-3.29577e-06 -0.499025 0)
(-3.37641e-06 -0.499025 0)
(-3.38726e-06 -0.499025 0)
(-3.30146e-06 -0.499025 0)
(-3.08572e-06 -0.499025 0)
(-2.70006e-06 -0.499025 0)
(-2.09839e-06 -0.499025 0)
(-1.23138e-06 -0.499024 0)
(-5.40794e-08 -0.499024 0)
(1.45682e-06 -0.499023 0)
(3.26554e-06 -0.499022 0)
(5.20159e-06 -0.49902 0)
(6.79352e-06 -0.499018 0)
(6.92052e-06 -0.499015 0)
(3.21131e-06 -0.499012 0)
(-3.64888e-06 -0.380657 0)
(-7.79007e-06 -0.38066 0)
(-7.57459e-06 -0.380662 0)
(-5.8124e-06 -0.380664 0)
(-3.71185e-06 -0.380666 0)
(-1.76333e-06 -0.380667 0)
(-1.3989e-07 -0.380667 0)
(1.12602e-06 -0.380668 0)
(2.06174e-06 -0.380668 0)
(2.71654e-06 -0.380668 0)
(3.14358e-06 -0.380668 0)
(3.39138e-06 -0.380668 0)
(3.50055e-06 -0.380668 0)
(3.50364e-06 -0.380668 0)
(3.42684e-06 -0.380668 0)
(3.29192e-06 -0.380668 0)
(3.11762e-06 -0.380668 0)
(2.91985e-06 -0.380667 0)
(2.7114e-06 -0.380667 0)
(2.50168e-06 -0.380667 0)
(2.29693e-06 -0.380667 0)
(2.1009e-06 -0.380667 0)
(1.91566e-06 -0.380667 0)
(1.74229e-06 -0.380667 0)
(1.58124e-06 -0.380667 0)
(1.43261e-06 -0.380667 0)
(1.2962e-06 -0.380667 0)
(1.17161e-06 -0.380667 0)
(1.05826e-06 -0.380667 0)
(9.55505e-07 -0.380667 0)
(8.62624e-07 -0.380667 0)
(7.78887e-07 -0.380667 0)
(7.03566e-07 -0.380667 0)
(6.35949e-07 -0.380666 0)
(5.75351e-07 -0.380666 0)
(5.21122e-07 -0.380666 0)
(4.72649e-07 -0.380666 0)
(4.29371e-07 -0.380666 0)
(3.90766e-07 -0.380666 0)
(3.56362e-07 -0.380666 0)
(3.25731e-07 -0.380666 0)
(2.98477e-07 -0.380666 0)
(2.74248e-07 -0.380666 0)
(2.52715e-07 -0.380666 0)
(2.3358e-07 -0.380666 0)
(2.16573e-07 -0.380666 0)
(2.01454e-07 -0.380666 0)
(1.88018e-07 -0.380666 0)
(1.76096e-07 -0.380666 0)
(1.65549e-07 -0.380666 0)
(1.56249e-07 -0.380666 0)
(1.48059e-07 -0.380666 0)
(1.40825e-07 -0.380666 0)
(1.34381e-07 -0.380666 0)
(1.28564e-07 -0.380666 0)
(1.23247e-07 -0.380666 0)
(1.1834e-07 -0.380666 0)
(1.13797e-07 -0.380666 0)
(1.09589e-07 -0.380666 0)
(1.05692e-07 -0.380666 0)
(1.02071e-07 -0.380666 0)
(9.86814e-08 -0.380666 0)
(9.54758e-08 -0.380666 0)
(9.2411e-08 -0.380666 0)
(8.94529e-08 -0.380666 0)
(8.65801e-08 -0.380666 0)
(8.37812e-08 -0.380666 0)
(8.10557e-08 -0.380666 0)
(7.84064e-08 -0.380666 0)
(7.58402e-08 -0.380666 0)
(7.33633e-08 -0.380666 0)
(7.09783e-08 -0.380666 0)
(6.86869e-08 -0.380666 0)
(6.6485e-08 -0.380666 0)
(6.43698e-08 -0.380666 0)
(6.23346e-08 -0.380666 0)
(6.03735e-08 -0.380666 0)
(5.84809e-08 -0.380666 0)
(5.6651e-08 -0.380666 0)
(5.48795e-08 -0.380666 0)
(5.31616e-08 -0.380666 0)
(5.14956e-08 -0.380666 0)
(4.9878e-08 -0.380666 0)
(4.83097e-08 -0.380666 0)
(4.67889e-08 -0.380666 0)
(4.53194e-08 -0.380666 0)
(4.38991e-08 -0.380666 0)
(4.25344e-08 -0.380666 0)
(4.12222e-08 -0.380666 0)
(3.99679e-08 -0.380666 0)
(3.8767e-08 -0.380666 0)
(3.76227e-08 -0.380666 0)
(3.65304e-08 -0.380666 0)
(3.54892e-08 -0.380666 0)
(3.44944e-08 -0.380666 0)
(3.35389e-08 -0.380666 0)
(3.26221e-08 -0.380666 0)
(3.17418e-08 -0.380666 0)
(3.09194e-08 -0.380666 0)
(3.01661e-08 -0.380666 0)
(2.95342e-08 -0.380666 0)
(2.90949e-08 -0.380666 0)
(2.9034e-08 -0.380666 0)
(2.9615e-08 -0.380666 0)
(3.11325e-08 -0.380666 0)
(3.36822e-08 -0.380666 0)
(3.69677e-08 -0.380666 0)
(4.02201e-08 -0.380666 0)
(4.24094e-08 -0.380666 0)
(4.26556e-08 -0.380666 0)
(4.06314e-08 -0.380666 0)
(3.67094e-08 -0.380666 0)
(3.17697e-08 -0.380666 0)
(2.67968e-08 -0.380666 0)
(2.25133e-08 -0.380666 0)
(1.92165e-08 -0.380666 0)
(1.684e-08 -0.380666 0)
(1.51326e-08 -0.380666 0)
(1.38231e-08 -0.380666 0)
(1.27089e-08 -0.380666 0)
(1.16725e-08 -0.380666 0)
(1.06559e-08 -0.380666 0)
(9.6394e-09 -0.380666 0)
(8.61624e-09 -0.380666 0)
(7.58866e-09 -0.380666 0)
(6.55462e-09 -0.380666 0)
(5.51241e-09 -0.380666 0)
(4.4571e-09 -0.380666 0)
(3.38388e-09 -0.380666 0)
(2.28669e-09 -0.380666 0)
(1.1599e-09 -0.380666 0)
(-4.69145e-12 -0.380666 0)
(-1.21966e-09 -0.380666 0)
(-2.5043e-09 -0.380666 0)
(-3.88786e-09 -0.380666 0)
(-5.4072e-09 -0.380666 0)
(-7.07927e-09 -0.380666 0)
(-8.88766e-09 -0.380666 0)
(-1.07581e-08 -0.380666 0)
(-1.25531e-08 -0.380666 0)
(-1.41093e-08 -0.380666 0)
(-1.52813e-08 -0.380666 0)
(-1.60043e-08 -0.380666 0)
(-1.6311e-08 -0.380666 0)
(-1.63334e-08 -0.380666 0)
(-1.62472e-08 -0.380666 0)
(-1.62295e-08 -0.380666 0)
(-1.63997e-08 -0.380666 0)
(-1.68197e-08 -0.380666 0)
(-1.74842e-08 -0.380666 0)
(-1.83592e-08 -0.380666 0)
(-1.9391e-08 -0.380666 0)
(-2.05318e-08 -0.380666 0)
(-2.17425e-08 -0.380666 0)
(-2.29943e-08 -0.380666 0)
(-2.42708e-08 -0.380666 0)
(-2.55599e-08 -0.380666 0)
(-2.68555e-08 -0.380666 0)
(-2.81537e-08 -0.380666 0)
(-2.94513e-08 -0.380666 0)
(-3.07459e-08 -0.380666 0)
(-3.20341e-08 -0.380666 0)
(-3.33127e-08 -0.380666 0)
(-3.45768e-08 -0.380666 0)
(-3.58208e-08 -0.380666 0)
(-3.70334e-08 -0.380666 0)
(-3.82053e-08 -0.380666 0)
(-3.93153e-08 -0.380666 0)
(-4.03477e-08 -0.380666 0)
(-4.12728e-08 -0.380666 0)
(-4.20691e-08 -0.380666 0)
(-4.27175e-08 -0.380666 0)
(-4.3217e-08 -0.380666 0)
(-4.36002e-08 -0.380666 0)
(-4.39331e-08 -0.380666 0)
(-4.43174e-08 -0.380666 0)
(-4.4867e-08 -0.380666 0)
(-4.56811e-08 -0.380666 0)
(-4.68158e-08 -0.380666 0)
(-4.82715e-08 -0.380666 0)
(-4.99917e-08 -0.380666 0)
(-5.18897e-08 -0.380666 0)
(-5.38711e-08 -0.380666 0)
(-5.5859e-08 -0.380666 0)
(-5.78074e-08 -0.380666 0)
(-5.96966e-08 -0.380666 0)
(-6.15308e-08 -0.380666 0)
(-6.33195e-08 -0.380666 0)
(-6.50766e-08 -0.380666 0)
(-6.68102e-08 -0.380666 0)
(-6.85262e-08 -0.380666 0)
(-7.02272e-08 -0.380666 0)
(-7.1917e-08 -0.380666 0)
(-7.3601e-08 -0.380666 0)
(-7.52878e-08 -0.380666 0)
(-7.69903e-08 -0.380666 0)
(-7.87221e-08 -0.380666 0)
(-8.05011e-08 -0.380666 0)
(-8.23421e-08 -0.380666 0)
(-8.4263e-08 -0.380666 0)
(-8.6277e-08 -0.380666 0)
(-8.83997e-08 -0.380666 0)
(-9.06428e-08 -0.380666 0)
(-9.30207e-08 -0.380666 0)
(-9.55459e-08 -0.380666 0)
(-9.82354e-08 -0.380666 0)
(-1.01105e-07 -0.380666 0)
(-1.04177e-07 -0.380666 0)
(-1.07474e-07 -0.380666 0)
(-1.11025e-07 -0.380666 0)
(-1.14862e-07 -0.380666 0)
(-1.19022e-07 -0.380666 0)
(-1.23548e-07 -0.380666 0)
(-1.28489e-07 -0.380666 0)
(-1.339e-07 -0.380666 0)
(-1.39844e-07 -0.380666 0)
(-1.46394e-07 -0.380666 0)
(-1.53632e-07 -0.380666 0)
(-1.6165e-07 -0.380666 0)
(-1.70553e-07 -0.380666 0)
(-1.80462e-07 -0.380666 0)
(-1.91508e-07 -0.380666 0)
(-2.03847e-07 -0.380666 0)
(-2.17648e-07 -0.380666 0)
(-2.33105e-07 -0.380666 0)
(-2.50433e-07 -0.380666 0)
(-2.69874e-07 -0.380666 0)
(-2.91695e-07 -0.380666 0)
(-3.16191e-07 -0.380666 0)
(-3.43686e-07 -0.380666 0)
(-3.74537e-07 -0.380666 0)
(-4.09132e-07 -0.380666 0)
(-4.47901e-07 -0.380666 0)
(-4.91312e-07 -0.380666 0)
(-5.39875e-07 -0.380666 0)
(-5.94142e-07 -0.380667 0)
(-6.54703e-07 -0.380667 0)
(-7.22181e-07 -0.380667 0)
(-7.97227e-07 -0.380667 0)
(-8.80512e-07 -0.380667 0)
(-9.72715e-07 -0.380667 0)
(-1.0745e-06 -0.380667 0)
(-1.18649e-06 -0.380667 0)
(-1.30923e-06 -0.380667 0)
(-1.44315e-06 -0.380667 0)
(-1.58847e-06 -0.380667 0)
(-1.74516e-06 -0.380667 0)
(-1.91281e-06 -0.380667 0)
(-2.09052e-06 -0.380667 0)
(-2.27667e-06 -0.380667 0)
(-2.46879e-06 -0.380667 0)
(-2.66318e-06 -0.380667 0)
(-2.85459e-06 -0.380668 0)
(-3.03578e-06 -0.380668 0)
(-3.19696e-06 -0.380668 0)
(-3.32508e-06 -0.380668 0)
(-3.40305e-06 -0.380668 0)
(-3.40883e-06 -0.380668 0)
(-3.31446e-06 -0.380668 0)
(-3.08517e-06 -0.380668 0)
(-2.67884e-06 -0.380668 0)
(-2.0465e-06 -0.380668 0)
(-1.13491e-06 -0.380668 0)
(1.05726e-07 -0.380667 0)
(1.70441e-06 -0.380667 0)
(3.63156e-06 -0.380666 0)
(5.71995e-06 -0.380664 0)
(7.48186e-06 -0.380662 0)
(7.70819e-06 -0.38066 0)
(3.61215e-06 -0.380657 0)
(-3.92104e-06 -0.284488 0)
(-8.31315e-06 -0.28449 0)
(-8.0185e-06 -0.284492 0)
(-6.14426e-06 -0.284493 0)
(-3.94632e-06 -0.284494 0)
(-1.92204e-06 -0.284495 0)
(-2.42616e-07 -0.284495 0)
(1.06347e-06 -0.284496 0)
(2.02753e-06 -0.284496 0)
(2.70209e-06 -0.284496 0)
(3.14267e-06 -0.284496 0)
(3.39945e-06 -0.284496 0)
(3.51415e-06 -0.284496 0)
(3.52024e-06 -0.284496 0)
(3.44471e-06 -0.284496 0)
(3.31008e-06 -0.284496 0)
(3.13559e-06 -0.284496 0)
(2.93741e-06 -0.284496 0)
(2.72839e-06 -0.284496 0)
(2.51788e-06 -0.284496 0)
(2.31215e-06 -0.284495 0)
(2.11501e-06 -0.284495 0)
(1.92863e-06 -0.284495 0)
(1.75415e-06 -0.284495 0)
(1.59206e-06 -0.284495 0)
(1.44246e-06 -0.284495 0)
(1.30516e-06 -0.284495 0)
(1.17975e-06 -0.284495 0)
(1.06565e-06 -0.284495 0)
(9.62207e-07 -0.284495 0)
(8.68699e-07 -0.284495 0)
(7.84392e-07 -0.284495 0)
(7.08555e-07 -0.284495 0)
(6.40471e-07 -0.284495 0)
(5.79451e-07 -0.284495 0)
(5.24844e-07 -0.284495 0)
(4.76032e-07 -0.284495 0)
(4.3245e-07 -0.284495 0)
(3.93575e-07 -0.284495 0)
(3.58929e-07 -0.284495 0)
(3.28083e-07 -0.284495 0)
(3.00637e-07 -0.284495 0)
(2.76238e-07 -0.284495 0)
(2.54552e-07 -0.284495 0)
(2.35281e-07 -0.284495 0)
(2.18152e-07 -0.284495 0)
(2.02923e-07 -0.284495 0)
(1.8939e-07 -0.284495 0)
(1.77384e-07 -0.284495 0)
(1.66764e-07 -0.284495 0)
(1.57402e-07 -0.284495 0)
(1.49158e-07 -0.284495 0)
(1.41874e-07 -0.284495 0)
(1.35382e-07 -0.284495 0)
(1.29518e-07 -0.284495 0)
(1.24157e-07 -0.284495 0)
(1.19212e-07 -0.284495 0)
(1.14635e-07 -0.284495 0)
(1.10398e-07 -0.284495 0)
(1.06474e-07 -0.284495 0)
(1.02826e-07 -0.284495 0)
(9.94118e-08 -0.284495 0)
(9.61815e-08 -0.284495 0)
(9.30928e-08 -0.284495 0)
(9.01117e-08 -0.284495 0)
(8.72171e-08 -0.284495 0)
(8.43975e-08 -0.284495 0)
(8.16523e-08 -0.284495 0)
(7.89845e-08 -0.284495 0)
(7.64007e-08 -0.284495 0)
(7.3907e-08 -0.284495 0)
(7.15058e-08 -0.284495 0)
(6.91987e-08 -0.284495 0)
(6.69817e-08 -0.284495 0)
(6.48519e-08 -0.284495 0)
(6.28024e-08 -0.284495 0)
(6.08275e-08 -0.284495 0)
(5.89215e-08 -0.284495 0)
(5.70787e-08 -0.284495 0)
(5.52946e-08 -0.284495 0)
(5.35645e-08 -0.284495 0)
(5.18867e-08 -0.284495 0)
(5.02575e-08 -0.284495 0)
(4.8678e-08 -0.284495 0)
(4.71464e-08 -0.284495 0)
(4.56664e-08 -0.284495 0)
(4.42361e-08 -0.284495 0)
(4.28619e-08 -0.284495 0)
(4.15406e-08 -0.284495 0)
(4.02778e-08 -0.284495 0)
(3.9069e-08 -0.284495 0)
(3.79173e-08 -0.284495 0)
(3.68183e-08 -0.284495 0)
(3.57709e-08 -0.284495 0)
(3.47703e-08 -0.284495 0)
(3.3809e-08 -0.284495 0)
(3.28864e-08 -0.284495 0)
(3.20001e-08 -0.284495 0)
(3.1172e-08 -0.284495 0)
(3.04128e-08 -0.284495 0)
(2.97755e-08 -0.284495 0)
(2.93332e-08 -0.284495 0)
(2.92767e-08 -0.284495 0)
(2.98742e-08 -0.284495 0)
(3.14197e-08 -0.284495 0)
(3.39983e-08 -0.284495 0)
(3.72971e-08 -0.284495 0)
(4.05341e-08 -0.284495 0)
(4.26812e-08 -0.284495 0)
(4.2875e-08 -0.284495 0)
(4.08095e-08 -0.284495 0)
(3.68692e-08 -0.284495 0)
(3.19312e-08 -0.284495 0)
(2.69672e-08 -0.284495 0)
(2.26868e-08 -0.284495 0)
(1.93826e-08 -0.284495 0)
(1.69907e-08 -0.284495 0)
(1.52654e-08 -0.284495 0)
(1.394e-08 -0.284495 0)
(1.28129e-08 -0.284495 0)
(1.17662e-08 -0.284495 0)
(1.07407e-08 -0.284495 0)
(9.71613e-09 -0.284495 0)
(8.68517e-09 -0.284495 0)
(7.64991e-09 -0.284495 0)
(6.60813e-09 -0.284495 0)
(5.55803e-09 -0.284495 0)
(4.49466e-09 -0.284495 0)
(3.41327e-09 -0.284495 0)
(2.30775e-09 -0.284495 0)
(1.17241e-09 -0.284495 0)
(-1.00437e-12 -0.284495 0)
(-1.22524e-09 -0.284495 0)
(-2.5199e-09 -0.284495 0)
(-3.91462e-09 -0.284495 0)
(-5.44642e-09 -0.284495 0)
(-7.13167e-09 -0.284495 0)
(-8.95254e-09 -0.284495 0)
(-1.08332e-08 -0.284495 0)
(-1.26351e-08 -0.284495 0)
(-1.4195e-08 -0.284495 0)
(-1.5369e-08 -0.284495 0)
(-1.60941e-08 -0.284495 0)
(-1.64044e-08 -0.284495 0)
(-1.64325e-08 -0.284495 0)
(-1.63536e-08 -0.284495 0)
(-1.63438e-08 -0.284495 0)
(-1.65214e-08 -0.284495 0)
(-1.69484e-08 -0.284495 0)
(-1.76193e-08 -0.284495 0)
(-1.85007e-08 -0.284495 0)
(-1.95393e-08 -0.284495 0)
(-2.06875e-08 -0.284495 0)
(-2.1906e-08 -0.284495 0)
(-2.31662e-08 -0.284495 0)
(-2.44514e-08 -0.284495 0)
(-2.57495e-08 -0.284495 0)
(-2.70543e-08 -0.284495 0)
(-2.83619e-08 -0.284495 0)
(-2.96688e-08 -0.284495 0)
(-3.09727e-08 -0.284495 0)
(-3.22703e-08 -0.284495 0)
(-3.35582e-08 -0.284495 0)
(-3.48315e-08 -0.284495 0)
(-3.60846e-08 -0.284495 0)
(-3.73059e-08 -0.284495 0)
(-3.84862e-08 -0.284495 0)
(-3.9604e-08 -0.284495 0)
(-4.06433e-08 -0.284495 0)
(-4.15742e-08 -0.284495 0)
(-4.23752e-08 -0.284495 0)
(-4.30272e-08 -0.284495 0)
(-4.35294e-08 -0.284495 0)
(-4.39157e-08 -0.284495 0)
(-4.4253e-08 -0.284495 0)
(-4.4644e-08 -0.284495 0)
(-4.52032e-08 -0.284495 0)
(-4.60294e-08 -0.284495 0)
(-4.71775e-08 -0.284495 0)
(-4.86468e-08 -0.284495 0)
(-5.038e-08 -0.284495 0)
(-5.229e-08 -0.284495 0)
(-5.42827e-08 -0.284495 0)
(-5.62819e-08 -0.284495 0)
(-5.8242e-08 -0.284495 0)
(-6.01435e-08 -0.284495 0)
(-6.19905e-08 -0.284495 0)
(-6.3792e-08 -0.284495 0)
(-6.55619e-08 -0.284495 0)
(-6.73079e-08 -0.284495 0)
(-6.90362e-08 -0.284495 0)
(-7.07491e-08 -0.284495 0)
(-7.24508e-08 -0.284495 0)
(-7.41467e-08 -0.284495 0)
(-7.58456e-08 -0.284495 0)
(-7.75606e-08 -0.284495 0)
(-7.93053e-08 -0.284495 0)
(-8.10978e-08 -0.284495 0)
(-8.29527e-08 -0.284495 0)
(-8.48882e-08 -0.284495 0)
(-8.69174e-08 -0.284495 0)
(-8.9056e-08 -0.284495 0)
(-9.13157e-08 -0.284495 0)
(-9.37112e-08 -0.284495 0)
(-9.62549e-08 -0.284495 0)
(-9.8964e-08 -0.284495 0)
(-1.01855e-07 -0.284495 0)
(-1.04949e-07 -0.284495 0)
(-1.0827e-07 -0.284495 0)
(-1.11847e-07 -0.284495 0)
(-1.15711e-07 -0.284495 0)
(-1.19901e-07 -0.284495 0)
(-1.2446e-07 -0.284495 0)
(-1.29436e-07 -0.284495 0)
(-1.34886e-07 -0.284495 0)
(-1.40873e-07 -0.284495 0)
(-1.4747e-07 -0.284495 0)
(-1.54759e-07 -0.284495 0)
(-1.62834e-07 -0.284495 0)
(-1.71801e-07 -0.284495 0)
(-1.8178e-07 -0.284495 0)
(-1.92906e-07 -0.284495 0)
(-2.05332e-07 -0.284495 0)
(-2.19232e-07 -0.284495 0)
(-2.34798e-07 -0.284495 0)
(-2.5225e-07 -0.284495 0)
(-2.71829e-07 -0.284495 0)
(-2.93805e-07 -0.284495 0)
(-3.18475e-07 -0.284495 0)
(-3.46165e-07 -0.284495 0)
(-3.77234e-07 -0.284495 0)
(-4.12073e-07 -0.284495 0)
(-4.51114e-07 -0.284495 0)
(-4.9483e-07 -0.284495 0)
(-5.43734e-07 -0.284495 0)
(-5.98381e-07 -0.284495 0)
(-6.59365e-07 -0.284495 0)
(-7.27311e-07 -0.284495 0)
(-8.02876e-07 -0.284495 0)
(-8.86733e-07 -0.284495 0)
(-9.79566e-07 -0.284495 0)
(-1.08204e-06 -0.284495 0)
(-1.19479e-06 -0.284495 0)
(-1.31835e-06 -0.284495 0)
(-1.45315e-06 -0.284495 0)
(-1.59941e-06 -0.284495 0)
(-1.7571e-06 -0.284495 0)
(-1.9258e-06 -0.284495 0)
(-2.10458e-06 -0.284495 0)
(-2.29181e-06 -0.284496 0)
(-2.48496e-06 -0.284496 0)
(-2.68028e-06 -0.284496 0)
(-2.87245e-06 -0.284496 0)
(-3.05413e-06 -0.284496 0)
(-3.21532e-06 -0.284496 0)
(-3.34277e-06 -0.284496 0)
(-3.41905e-06 -0.284496 0)
(-3.42164e-06 -0.284496 0)
(-3.32193e-06 -0.284496 0)
(-3.0842e-06 -0.284496 0)
(-2.66503e-06 -0.284496 0)
(-2.01362e-06 -0.284496 0)
(-1.07436e-06 -0.284496 0)
(2.05626e-07 -0.284496 0)
(1.85939e-06 -0.284495 0)
(3.86224e-06 -0.284494 0)
(6.04909e-06 -0.284493 0)
(7.92243e-06 -0.284492 0)
(8.22414e-06 -0.28449 0)
(3.8795e-06 -0.284488 0)
(-4.09308e-06 -0.206345 0)
(-8.63928e-06 -0.206346 0)
(-8.29003e-06 -0.206348 0)
(-6.34597e-06 -0.206349 0)
(-4.08855e-06 -0.20635 0)
(-2.01834e-06 -0.20635 0)
(-3.05068e-07 -0.20635 0)
(1.0253e-06 -0.206351 0)
(2.00651e-06 -0.206351 0)
(2.69305e-06 -0.206351 0)
(3.14186e-06 -0.206351 0)
(3.40408e-06 -0.206351 0)
(3.5221e-06 -0.206351 0)
(3.52995e-06 -0.206351 0)
(3.45516e-06 -0.206351 0)
(3.32071e-06 -0.206351 0)
(3.14615e-06 -0.206351 0)
(2.94779e-06 -0.206351 0)
(2.73845e-06 -0.206351 0)
(2.52749e-06 -0.206351 0)
(2.32117e-06 -0.20635 0)
(2.12337e-06 -0.20635 0)
(1.93631e-06 -0.20635 0)
(1.76116e-06 -0.20635 0)
(1.59846e-06 -0.20635 0)
(1.4483e-06 -0.20635 0)
(1.31047e-06 -0.20635 0)
(1.18458e-06 -0.20635 0)
(1.07004e-06 -0.20635 0)
(9.66188e-07 -0.20635 0)
(8.7231e-07 -0.20635 0)
(7.87666e-07 -0.20635 0)
(7.11523e-07 -0.20635 0)
(6.43162e-07 -0.20635 0)
(5.81893e-07 -0.20635 0)
(5.27061e-07 -0.20635 0)
(4.78048e-07 -0.20635 0)
(4.34286e-07 -0.20635 0)
(3.9525e-07 -0.20635 0)
(3.60461e-07 -0.20635 0)
(3.29486e-07 -0.20635 0)
(3.01926e-07 -0.20635 0)
(2.77425e-07 -0.20635 0)
(2.55649e-07 -0.20635 0)
(2.36297e-07 -0.20635 0)
(2.19095e-07 -0.20635 0)
(2.03801e-07 -0.20635 0)
(1.9021e-07 -0.20635 0)
(1.78153e-07 -0.20635 0)
(1.67491e-07 -0.20635 0)
(1.58092e-07 -0.20635 0)
(1.49816e-07 -0.20635 0)
(1.42501e-07 -0.20635 0)
(1.35979e-07 -0.20635 0)
(1.30087e-07 -0.20635 0)
(1.247e-07 -0.20635 0)
(1.19731e-07 -0.20635 0)
(1.15135e-07 -0.20635 0)
(1.1088e-07 -0.20635 0)
(1.0694e-07 -0.20635 0)
(1.03277e-07 -0.20635 0)
(9.98475e-08 -0.20635 0)
(9.66024e-08 -0.20635 0)
(9.34995e-08 -0.20635 0)
(9.05049e-08 -0.20635 0)
(8.75975e-08 -0.20635 0)
(8.47658e-08 -0.20635 0)
(8.20093e-08 -0.20635 0)
(7.93308e-08 -0.20635 0)
(7.67369e-08 -0.20635 0)
(7.42334e-08 -0.20635 0)
(7.18228e-08 -0.20635 0)
(6.95067e-08 -0.20635 0)
(6.72808e-08 -0.20635 0)
(6.51424e-08 -0.20635 0)
(6.30846e-08 -0.20635 0)
(6.11017e-08 -0.20635 0)
(5.91879e-08 -0.20635 0)
(5.73376e-08 -0.20635 0)
(5.55461e-08 -0.20635 0)
(5.38087e-08 -0.20635 0)
(5.2124e-08 -0.20635 0)
(5.04881e-08 -0.20635 0)
(4.8902e-08 -0.20635 0)
(4.7364e-08 -0.20635 0)
(4.58779e-08 -0.20635 0)
(4.44416e-08 -0.20635 0)
(4.30618e-08 -0.20635 0)
(4.17351e-08 -0.20635 0)
(4.04672e-08 -0.20635 0)
(3.92536e-08 -0.20635 0)
(3.80975e-08 -0.20635 0)
(3.69944e-08 -0.20635 0)
(3.59434e-08 -0.20635 0)
(3.49391e-08 -0.20635 0)
(3.39742e-08 -0.20635 0)
(3.3048e-08 -0.20635 0)
(3.2158e-08 -0.20635 0)
(3.13264e-08 -0.20635 0)
(3.05636e-08 -0.20635 0)
(2.99232e-08 -0.20635 0)
(2.94797e-08 -0.20635 0)
(2.94267e-08 -0.20635 0)
(3.00347e-08 -0.20635 0)
(3.15961e-08 -0.20635 0)
(3.41885e-08 -0.20635 0)
(3.74891e-08 -0.20635 0)
(4.07102e-08 -0.20635 0)
(4.28277e-08 -0.20635 0)
(4.29898e-08 -0.20635 0)
(4.09034e-08 -0.20635 0)
(3.69581e-08 -0.20635 0)
(3.20266e-08 -0.20635 0)
(2.70712e-08 -0.20635 0)
(2.27939e-08 -0.20635 0)
(1.94851e-08 -0.20635 0)
(1.70832e-08 -0.20635 0)
(1.53467e-08 -0.20635 0)
(1.40113e-08 -0.20635 0)
(1.28763e-08 -0.20635 0)
(1.18234e-08 -0.20635 0)
(1.07926e-08 -0.20635 0)
(9.76319e-09 -0.20635 0)
(8.72758e-09 -0.20635 0)
(7.68772e-09 -0.20635 0)
(6.64132e-09 -0.20635 0)
(5.58648e-09 -0.20635 0)
(4.5183e-09 -0.20635 0)
(3.43201e-09 -0.20635 0)
(2.32152e-09 -0.20635 0)
(1.18108e-09 -0.20635 0)
(2.39712e-12 -0.20635 0)
(-1.22737e-09 -0.20635 0)
(-2.52804e-09 -0.20635 0)
(-3.92942e-09 -0.20635 0)
(-5.46858e-09 -0.20635 0)
(-7.1614e-09 -0.20635 0)
(-8.98916e-09 -0.20635 0)
(-1.08751e-08 -0.20635 0)
(-1.26804e-08 -0.20635 0)
(-1.4242e-08 -0.20635 0)
(-1.54171e-08 -0.20635 0)
(-1.61438e-08 -0.20635 0)
(-1.64571e-08 -0.20635 0)
(-1.64896e-08 -0.20635 0)
(-1.64159e-08 -0.20635 0)
(-1.64116e-08 -0.20635 0)
(-1.65941e-08 -0.20635 0)
(-1.70254e-08 -0.20635 0)
(-1.77002e-08 -0.20635 0)
(-1.85855e-08 -0.20635 0)
(-1.96281e-08 -0.20635 0)
(-2.07805e-08 -0.20635 0)
(-2.20037e-08 -0.20635 0)
(-2.32687e-08 -0.20635 0)
(-2.45591e-08 -0.20635 0)
(-2.58626e-08 -0.20635 0)
(-2.71728e-08 -0.20635 0)
(-2.84859e-08 -0.20635 0)
(-2.97983e-08 -0.20635 0)
(-3.11078e-08 -0.20635 0)
(-3.24109e-08 -0.20635 0)
(-3.37043e-08 -0.20635 0)
(-3.49831e-08 -0.20635 0)
(-3.62416e-08 -0.20635 0)
(-3.74681e-08 -0.20635 0)
(-3.86534e-08 -0.20635 0)
(-3.97757e-08 -0.20635 0)
(-4.08191e-08 -0.20635 0)
(-4.17536e-08 -0.20635 0)
(-4.25574e-08 -0.20635 0)
(-4.32117e-08 -0.20635 0)
(-4.3716e-08 -0.20635 0)
(-4.41048e-08 -0.20635 0)
(-4.44456e-08 -0.20635 0)
(-4.48417e-08 -0.20635 0)
(-4.54073e-08 -0.20635 0)
(-4.62413e-08 -0.20635 0)
(-4.73975e-08 -0.20635 0)
(-4.88747e-08 -0.20635 0)
(-5.0615e-08 -0.20635 0)
(-5.25316e-08 -0.20635 0)
(-5.45305e-08 -0.20635 0)
(-5.6536e-08 -0.20635 0)
(-5.85028e-08 -0.20635 0)
(-6.04116e-08 -0.20635 0)
(-6.22661e-08 -0.20635 0)
(-6.40752e-08 -0.20635 0)
(-6.58527e-08 -0.20635 0)
(-6.76061e-08 -0.20635 0)
(-6.93415e-08 -0.20635 0)
(-7.10615e-08 -0.20635 0)
(-7.27703e-08 -0.20635 0)
(-7.44733e-08 -0.20635 0)
(-7.61796e-08 -0.20635 0)
(-7.79021e-08 -0.20635 0)
(-7.96546e-08 -0.20635 0)
(-8.14552e-08 -0.20635 0)
(-8.33185e-08 -0.20635 0)
(-8.52628e-08 -0.20635 0)
(-8.73011e-08 -0.20635 0)
(-8.94493e-08 -0.20635 0)
(-9.1719e-08 -0.20635 0)
(-9.41249e-08 -0.20635 0)
(-9.66797e-08 -0.20635 0)
(-9.94005e-08 -0.20635 0)
(-1.02304e-07 -0.20635 0)
(-1.05411e-07 -0.20635 0)
(-1.08747e-07 -0.20635 0)
(-1.12338e-07 -0.20635 0)
(-1.1622e-07 -0.20635 0)
(-1.20427e-07 -0.20635 0)
(-1.25006e-07 -0.20635 0)
(-1.30003e-07 -0.20635 0)
(-1.35475e-07 -0.20635 0)
(-1.41488e-07 -0.20635 0)
(-1.48113e-07 -0.20635 0)
(-1.55433e-07 -0.20635 0)
(-1.63542e-07 -0.20635 0)
(-1.72547e-07 -0.20635 0)
(-1.82568e-07 -0.20635 0)
(-1.9374e-07 -0.20635 0)
(-2.06219e-07 -0.20635 0)
(-2.20177e-07 -0.20635 0)
(-2.3581e-07 -0.20635 0)
(-2.53335e-07 -0.20635 0)
(-2.72996e-07 -0.20635 0)
(-2.95065e-07 -0.20635 0)
(-3.19838e-07 -0.20635 0)
(-3.47644e-07 -0.20635 0)
(-3.78842e-07 -0.20635 0)
(-4.13826e-07 -0.20635 0)
(-4.5303e-07 -0.20635 0)
(-4.96927e-07 -0.20635 0)
(-5.46034e-07 -0.20635 0)
(-6.00907e-07 -0.20635 0)
(-6.62142e-07 -0.20635 0)
(-7.30367e-07 -0.20635 0)
(-8.0624e-07 -0.20635 0)
(-8.90437e-07 -0.20635 0)
(-9.83644e-07 -0.20635 0)
(-1.08653e-06 -0.20635 0)
(-1.19972e-06 -0.20635 0)
(-1.32377e-06 -0.20635 0)
(-1.4591e-06 -0.20635 0)
(-1.60592e-06 -0.20635 0)
(-1.76421e-06 -0.20635 0)
(-1.93352e-06 -0.20635 0)
(-2.11294e-06 -0.20635 0)
(-2.3008e-06 -0.206351 0)
(-2.49456e-06 -0.206351 0)
(-2.69044e-06 -0.206351 0)
(-2.88306e-06 -0.206351 0)
(-3.06501e-06 -0.206351 0)
(-3.22621e-06 -0.206351 0)
(-3.35324e-06 -0.206351 0)
(-3.4285e-06 -0.206351 0)
(-3.42917e-06 -0.206351 0)
(-3.32626e-06 -0.206351 0)
(-3.08347e-06 -0.206351 0)
(-2.65661e-06 -0.206351 0)
(-1.9938e-06 -0.206351 0)
(-1.03796e-06 -0.206351 0)
(2.65859e-07 -0.206351 0)
(1.95359e-06 -0.20635 0)
(4.00335e-06 -0.20635 0)
(6.25042e-06 -0.206349 0)
(8.19215e-06 -0.206348 0)
(8.54522e-06 -0.206346 0)
(4.04817e-06 -0.206345 0)
(-4.19523e-06 -0.142849 0)
(-8.83138e-06 -0.142851 0)
(-8.44824e-06 -0.142852 0)
(-6.46311e-06 -0.142852 0)
(-4.17109e-06 -0.142853 0)
(-2.07425e-06 -0.142853 0)
(-3.41389e-07 -0.142853 0)
(1.00304e-06 -0.142854 0)
(1.9942e-06 -0.142854 0)
(2.68771e-06 -0.142854 0)
(3.14131e-06 -0.142854 0)
(3.40668e-06 -0.142854 0)
(3.5266e-06 -0.142854 0)
(3.53544e-06 -0.142854 0)
(3.46107e-06 -0.142854 0)
(3.32673e-06 -0.142854 0)
(3.15217e-06 -0.142854 0)
(2.95372e-06 -0.142854 0)
(2.74421e-06 -0.142854 0)
(2.53299e-06 -0.142854 0)
(2.32633e-06 -0.142853 0)
(2.12814e-06 -0.142853 0)
(1.94068e-06 -0.142853 0)
(1.76516e-06 -0.142853 0)
(1.60211e-06 -0.142853 0)
(1.45162e-06 -0.142853 0)
(1.3135e-06 -0.142853 0)
(1.18734e-06 -0.142853 0)
(1.07254e-06 -0.142853 0)
(9.68465e-07 -0.142853 0)
(8.74377e-07 -0.142853 0)
(7.89542e-07 -0.142853 0)
(7.13225e-07 -0.142853 0)
(6.44706e-07 -0.142853 0)
(5.83295e-07 -0.142853 0)
(5.28334e-07 -0.142853 0)
(4.79206e-07 -0.142853 0)
(4.35341e-07 -0.142853 0)
(3.96213e-07 -0.142853 0)
(3.61341e-07 -0.142853 0)
(3.30293e-07 -0.142853 0)
(3.02668e-07 -0.142853 0)
(2.78109e-07 -0.142853 0)
(2.5628e-07 -0.142853 0)
(2.36882e-07 -0.142853 0)
(2.19638e-07 -0.142853 0)
(2.04307e-07 -0.142853 0)
(1.90683e-07 -0.142853 0)
(1.78597e-07 -0.142853 0)
(1.6791e-07 -0.142853 0)
(1.5849e-07 -0.142853 0)
(1.50194e-07 -0.142853 0)
(1.42862e-07 -0.142853 0)
(1.36322e-07 -0.142853 0)
(1.30414e-07 -0.142853 0)
(1.25012e-07 -0.142853 0)
(1.2003e-07 -0.142853 0)
(1.15422e-07 -0.142853 0)
(1.11157e-07 -0.142853 0)
(1.07208e-07 -0.142853 0)
(1.03536e-07 -0.142853 0)
(1.00098e-07 -0.142853 0)
(9.68443e-08 -0.142853 0)
(9.37332e-08 -0.142853 0)
(9.0731e-08 -0.142853 0)
(8.78164e-08 -0.142853 0)
(8.4978e-08 -0.142853 0)
(8.22152e-08 -0.142853 0)
(7.95308e-08 -0.142853 0)
(7.69312e-08 -0.142853 0)
(7.44223e-08 -0.142853 0)
(7.20065e-08 -0.142853 0)
(6.96853e-08 -0.142853 0)
(6.74544e-08 -0.142853 0)
(6.53112e-08 -0.142853 0)
(6.32488e-08 -0.142853 0)
(6.12613e-08 -0.142853 0)
(5.93431e-08 -0.142853 0)
(5.74884e-08 -0.142853 0)
(5.56928e-08 -0.142853 0)
(5.39514e-08 -0.142853 0)
(5.22627e-08 -0.142853 0)
(5.06229e-08 -0.142853 0)
(4.90331e-08 -0.142853 0)
(4.74915e-08 -0.142853 0)
(4.60019e-08 -0.142853 0)
(4.45622e-08 -0.142853 0)
(4.31792e-08 -0.142853 0)
(4.18494e-08 -0.142853 0)
(4.05786e-08 -0.142853 0)
(3.93623e-08 -0.142853 0)
(3.82036e-08 -0.142853 0)
(3.70981e-08 -0.142853 0)
(3.60448e-08 -0.142853 0)
(3.50385e-08 -0.142853 0)
(3.40713e-08 -0.142853 0)
(3.31429e-08 -0.142853 0)
(3.22507e-08 -0.142853 0)
(3.1417e-08 -0.142853 0)
(3.06522e-08 -0.142853 0)
(3.00102e-08 -0.142853 0)
(2.95663e-08 -0.142853 0)
(2.95157e-08 -0.142853 0)
(3.01298e-08 -0.142853 0)
(3.16993e-08 -0.142853 0)
(3.42973e-08 -0.142853 0)
(3.75954e-08 -0.142853 0)
(4.08043e-08 -0.142853 0)
(4.2903e-08 -0.142853 0)
(4.30478e-08 -0.142853 0)
(4.09519e-08 -0.142853 0)
(3.70069e-08 -0.142853 0)
(3.20817e-08 -0.142853 0)
(2.71326e-08 -0.142853 0)
(2.28575e-08 -0.142853 0)
(1.95457e-08 -0.142853 0)
(1.71378e-08 -0.142853 0)
(1.53945e-08 -0.142853 0)
(1.40532e-08 -0.142853 0)
(1.29136e-08 -0.142853 0)
(1.1857e-08 -0.142853 0)
(1.08232e-08 -0.142853 0)
(9.79095e-09 -0.142853 0)
(8.75267e-09 -0.142853 0)
(7.71017e-09 -0.142853 0)
(6.66109e-09 -0.142853 0)
(5.60352e-09 -0.142853 0)
(4.53257e-09 -0.142853 0)
(3.44347e-09 -0.142853 0)
(2.33013e-09 -0.142853 0)
(1.18675e-09 -0.142853 0)
(5.03559e-12 -0.142853 0)
(-1.22792e-09 -0.142853 0)
(-2.53204e-09 -0.142853 0)
(-3.93725e-09 -0.142853 0)
(-5.48055e-09 -0.142853 0)
(-7.17753e-09 -0.142853 0)
(-9.00892e-09 -0.142853 0)
(-1.08975e-08 -0.142853 0)
(-1.27043e-08 -0.142853 0)
(-1.42667e-08 -0.142853 0)
(-1.54425e-08 -0.142853 0)
(-1.61705e-08 -0.142853 0)
(-1.64859e-08 -0.142853 0)
(-1.65215e-08 -0.142853 0)
(-1.64513e-08 -0.142853 0)
(-1.64504e-08 -0.142853 0)
(-1.6636e-08 -0.142853 0)
(-1.70699e-08 -0.142853 0)
(-1.77469e-08 -0.142853 0)
(-1.86343e-08 -0.142853 0)
(-1.96792e-08 -0.142853 0)
(-2.0834e-08 -0.142853 0)
(-2.20598e-08 -0.142853 0)
(-2.33276e-08 -0.142853 0)
(-2.4621e-08 -0.142853 0)
(-2.59275e-08 -0.142853 0)
(-2.72408e-08 -0.142853 0)
(-2.8557e-08 -0.142853 0)
(-2.98727e-08 -0.142853 0)
(-3.11853e-08 -0.142853 0)
(-3.24916e-08 -0.142853 0)
(-3.37881e-08 -0.142853 0)
(-3.50701e-08 -0.142853 0)
(-3.63316e-08 -0.142853 0)
(-3.75611e-08 -0.142853 0)
(-3.87492e-08 -0.142853 0)
(-3.98742e-08 -0.142853 0)
(-4.09199e-08 -0.142853 0)
(-4.18564e-08 -0.142853 0)
(-4.2662e-08 -0.142853 0)
(-4.33178e-08 -0.142853 0)
(-4.38236e-08 -0.142853 0)
(-4.42143e-08 -0.142853 0)
(-4.45576e-08 -0.142853 0)
(-4.4957e-08 -0.142853 0)
(-4.55269e-08 -0.142853 0)
(-4.63654e-08 -0.142853 0)
(-4.75263e-08 -0.142853 0)
(-4.90078e-08 -0.142853 0)
(-5.07519e-08 -0.142853 0)
(-5.26718e-08 -0.142853 0)
(-5.4674e-08 -0.142853 0)
(-5.66829e-08 -0.142853 0)
(-5.86536e-08 -0.142853 0)
(-6.05664e-08 -0.142853 0)
(-6.24252e-08 -0.142853 0)
(-6.42387e-08 -0.142853 0)
(-6.60205e-08 -0.142853 0)
(-6.7778e-08 -0.142853 0)
(-6.95176e-08 -0.142853 0)
(-7.12416e-08 -0.142853 0)
(-7.29545e-08 -0.142853 0)
(-7.46617e-08 -0.142853 0)
(-7.63722e-08 -0.142853 0)
(-7.80991e-08 -0.142853 0)
(-7.98561e-08 -0.142853 0)
(-8.16614e-08 -0.142853 0)
(-8.35297e-08 -0.142853 0)
(-8.54791e-08 -0.142853 0)
(-8.75226e-08 -0.142853 0)
(-8.96763e-08 -0.142853 0)
(-9.19518e-08 -0.142853 0)
(-9.43637e-08 -0.142853 0)
(-9.69249e-08 -0.142853 0)
(-9.96525e-08 -0.142853 0)
(-1.02563e-07 -0.142853 0)
(-1.05678e-07 -0.142853 0)
(-1.09021e-07 -0.142853 0)
(-1.12622e-07 -0.142853 0)
(-1.16513e-07 -0.142853 0)
(-1.20731e-07 -0.142853 0)
(-1.2532e-07 -0.142853 0)
(-1.30329e-07 -0.142853 0)
(-1.35815e-07 -0.142853 0)
(-1.41842e-07 -0.142853 0)
(-1.48483e-07 -0.142853 0)
(-1.55821e-07 -0.142853 0)
(-1.6395e-07 -0.142853 0)
(-1.72976e-07 -0.142853 0)
(-1.83022e-07 -0.142853 0)
(-1.94221e-07 -0.142853 0)
(-2.0673e-07 -0.142853 0)
(-2.20721e-07 -0.142853 0)
(-2.36391e-07 -0.142853 0)
(-2.53959e-07 -0.142853 0)
(-2.73668e-07 -0.142853 0)
(-2.95789e-07 -0.142853 0)
(-3.20622e-07 -0.142853 0)
(-3.48494e-07 -0.142853 0)
(-3.79767e-07 -0.142853 0)
(-4.14834e-07 -0.142853 0)
(-4.54131e-07 -0.142853 0)
(-4.98132e-07 -0.142853 0)
(-5.47355e-07 -0.142853 0)
(-6.02358e-07 -0.142853 0)
(-6.63737e-07 -0.142853 0)
(-7.32122e-07 -0.142853 0)
(-8.08171e-07 -0.142853 0)
(-8.92563e-07 -0.142853 0)
(-9.85985e-07 -0.142853 0)
(-1.08911e-06 -0.142853 0)
(-1.20256e-06 -0.142853 0)
(-1.32689e-06 -0.142853 0)
(-1.46251e-06 -0.142853 0)
(-1.60966e-06 -0.142853 0)
(-1.76828e-06 -0.142853 0)
(-1.93796e-06 -0.142853 0)
(-2.11773e-06 -0.142853 0)
(-2.30596e-06 -0.142853 0)
(-2.50008e-06 -0.142854 0)
(-2.69627e-06 -0.142854 0)
(-2.88915e-06 -0.142854 0)
(-3.07126e-06 -0.142854 0)
(-3.23246e-06 -0.142854 0)
(-3.35926e-06 -0.142854 0)
(-3.43393e-06 -0.142854 0)
(-3.43352e-06 -0.142854 0)
(-3.32878e-06 -0.142854 0)
(-3.08312e-06 -0.142854 0)
(-2.65188e-06 -0.142854 0)
(-1.98253e-06 -0.142854 0)
(-1.01703e-06 -0.142854 0)
(3.00975e-07 -0.142854 0)
(2.00895e-06 -0.142853 0)
(4.08607e-06 -0.142853 0)
(6.36773e-06 -0.142852 0)
(8.34913e-06 -0.142852 0)
(8.73414e-06 -0.142851 0)
(4.14828e-06 -0.142849 0)
(-4.25116e-06 -0.0912562 0)
(-8.9363e-06 -0.0912569 0)
(-8.53434e-06 -0.0912576 0)
(-6.52679e-06 -0.0912581 0)
(-4.21597e-06 -0.0912584 0)
(-2.10468e-06 -0.0912587 0)
(-3.61177e-07 -0.0912588 0)
(9.90895e-07 -0.0912589 0)
(1.98747e-06 -0.091259 0)
(2.68477e-06 -0.091259 0)
(3.14099e-06 -0.091259 0)
(3.40807e-06 -0.091259 0)
(3.52901e-06 -0.091259 0)
(3.53838e-06 -0.091259 0)
(3.46423e-06 -0.091259 0)
(3.32996e-06 -0.0912589 0)
(3.1554e-06 -0.0912589 0)
(2.95692e-06 -0.0912589 0)
(2.74733e-06 -0.0912589 0)
(2.53596e-06 -0.0912588 0)
(2.3291e-06 -0.0912588 0)
(2.13069e-06 -0.0912588 0)
(1.94302e-06 -0.0912588 0)
(1.7673e-06 -0.0912588 0)
(1.60406e-06 -0.0912588 0)
(1.4534e-06 -0.0912587 0)
(1.31513e-06 -0.0912587 0)
(1.18881e-06 -0.0912587 0)
(1.07389e-06 -0.0912587 0)
(9.69689e-07 -0.0912587 0)
(8.75489e-07 -0.0912587 0)
(7.90552e-07 -0.0912587 0)
(7.14142e-07 -0.0912587 0)
(6.45539e-07 -0.0912587 0)
(5.84052e-07 -0.0912587 0)
(5.29022e-07 -0.0912587 0)
(4.79832e-07 -0.0912587 0)
(4.35911e-07 -0.0912586 0)
(3.96733e-07 -0.0912586 0)
(3.61818e-07 -0.0912586 0)
(3.3073e-07 -0.0912586 0)
(3.0307e-07 -0.0912586 0)
(2.78479e-07 -0.0912586 0)
(2.56622e-07 -0.0912586 0)
(2.37199e-07 -0.0912586 0)
(2.19933e-07 -0.0912586 0)
(2.04581e-07 -0.0912586 0)
(1.90939e-07 -0.0912586 0)
(1.78838e-07 -0.0912586 0)
(1.68138e-07 -0.0912586 0)
(1.58706e-07 -0.0912586 0)
(1.504e-07 -0.0912586 0)
(1.43057e-07 -0.0912586 0)
(1.36507e-07 -0.0912586 0)
(1.3059e-07 -0.0912586 0)
(1.2518e-07 -0.0912586 0)
(1.20191e-07 -0.0912586 0)
(1.15578e-07 -0.0912586 0)
(1.11307e-07 -0.0912586 0)
(1.07353e-07 -0.0912586 0)
(1.03676e-07 -0.0912586 0)
(1.00233e-07 -0.0912586 0)
(9.69751e-08 -0.0912586 0)
(9.38597e-08 -0.0912586 0)
(9.08534e-08 -0.0912586 0)
(8.7935e-08 -0.0912586 0)
(8.5093e-08 -0.0912586 0)
(8.2327e-08 -0.0912586 0)
(7.96394e-08 -0.0912586 0)
(7.70369e-08 -0.0912586 0)
(7.45252e-08 -0.0912586 0)
(7.21066e-08 -0.0912586 0)
(6.97827e-08 -0.0912586 0)
(6.75492e-08 -0.0912586 0)
(6.54034e-08 -0.0912586 0)
(6.33385e-08 -0.0912586 0)
(6.13486e-08 -0.0912586 0)
(5.9428e-08 -0.0912586 0)
(5.75711e-08 -0.0912586 0)
(5.57732e-08 -0.0912586 0)
(5.40297e-08 -0.0912586 0)
(5.23388e-08 -0.0912586 0)
(5.0697e-08 -0.0912586 0)
(4.91052e-08 -0.0912586 0)
(4.75616e-08 -0.0912586 0)
(4.60702e-08 -0.0912586 0)
(4.46287e-08 -0.0912586 0)
(4.32439e-08 -0.0912586 0)
(4.19125e-08 -0.0912586 0)
(4.06401e-08 -0.0912586 0)
(3.94222e-08 -0.0912586 0)
(3.82621e-08 -0.0912586 0)
(3.71553e-08 -0.0912586 0)
(3.61008e-08 -0.0912586 0)
(3.50932e-08 -0.0912586 0)
(3.41248e-08 -0.0912586 0)
(3.31952e-08 -0.0912586 0)
(3.23018e-08 -0.0912586 0)
(3.14669e-08 -0.0912586 0)
(3.07011e-08 -0.0912586 0)
(3.00583e-08 -0.0912586 0)
(2.96143e-08 -0.0912586 0)
(2.95652e-08 -0.0912586 0)
(3.01825e-08 -0.0912586 0)
(3.17557e-08 -0.0912586 0)
(3.43553e-08 -0.0912586 0)
(3.76505e-08 -0.0912586 0)
(4.08514e-08 -0.0912586 0)
(4.29396e-08 -0.0912586 0)
(4.30757e-08 -0.0912586 0)
(4.09761e-08 -0.0912586 0)
(3.70327e-08 -0.0912586 0)
(3.2112e-08 -0.0912586 0)
(2.71669e-08 -0.0912586 0)
(2.28928e-08 -0.0912586 0)
(1.95793e-08 -0.0912586 0)
(1.71678e-08 -0.0912586 0)
(1.54208e-08 -0.0912586 0)
(1.40762e-08 -0.0912586 0)
(1.2934e-08 -0.0912586 0)
(1.18755e-08 -0.0912586 0)
(1.084e-08 -0.0912586 0)
(9.80631e-09 -0.0912586 0)
(8.76659e-09 -0.0912586 0)
(7.72266e-09 -0.0912586 0)
(6.67213e-09 -0.0912586 0)
(5.61306e-09 -0.0912586 0)
(4.54061e-09 -0.0912586 0)
(3.45e-09 -0.0912586 0)
(2.33511e-09 -0.0912586 0)
(1.19014e-09 -0.0912586 0)
(6.78879e-12 -0.0912586 0)
(-1.22789e-09 -0.0912586 0)
(-2.53388e-09 -0.0912586 0)
(-3.94115e-09 -0.0912586 0)
(-5.48664e-09 -0.0912586 0)
(-7.18576e-09 -0.0912586 0)
(-9.01894e-09 -0.0912586 0)
(-1.09087e-08 -0.0912586 0)
(-1.27162e-08 -0.0912586 0)
(-1.4279e-08 -0.0912586 0)
(-1.54552e-08 -0.0912586 0)
(-1.6184e-08 -0.0912586 0)
(-1.65009e-08 -0.0912586 0)
(-1.65384e-08 -0.0912586 0)
(-1.64703e-08 -0.0912586 0)
(-1.64714e-08 -0.0912586 0)
(-1.66587e-08 -0.0912586 0)
(-1.7094e-08 -0.0912586 0)
(-1.77722e-08 -0.0912586 0)
(-1.86608e-08 -0.0912586 0)
(-1.97068e-08 -0.0912586 0)
(-2.08629e-08 -0.0912586 0)
(-2.20902e-08 -0.0912586 0)
(-2.33595e-08 -0.0912586 0)
(-2.46545e-08 -0.0912586 0)
(-2.59626e-08 -0.0912586 0)
(-2.72776e-08 -0.0912586 0)
(-2.85955e-08 -0.0912586 0)
(-2.99128e-08 -0.0912586 0)
(-3.12272e-08 -0.0912586 0)
(-3.25351e-08 -0.0912586 0)
(-3.38334e-08 -0.0912586 0)
(-3.5117e-08 -0.0912586 0)
(-3.63802e-08 -0.0912586 0)
(-3.76113e-08 -0.0912586 0)
(-3.88009e-08 -0.0912586 0)
(-3.99273e-08 -0.0912586 0)
(-4.09743e-08 -0.0912586 0)
(-4.1912e-08 -0.0912586 0)
(-4.27185e-08 -0.0912586 0)
(-4.33752e-08 -0.0912586 0)
(-4.38821e-08 -0.0912586 0)
(-4.4274e-08 -0.0912586 0)
(-4.46189e-08 -0.0912586 0)
(-4.50204e-08 -0.0912586 0)
(-4.55927e-08 -0.0912586 0)
(-4.64338e-08 -0.0912586 0)
(-4.75971e-08 -0.0912586 0)
(-4.90808e-08 -0.0912586 0)
(-5.08267e-08 -0.0912586 0)
(-5.27483e-08 -0.0912586 0)
(-5.47521e-08 -0.0912586 0)
(-5.67628e-08 -0.0912586 0)
(-5.87355e-08 -0.0912586 0)
(-6.06505e-08 -0.0912586 0)
(-6.25117e-08 -0.0912586 0)
(-6.43275e-08 -0.0912586 0)
(-6.61116e-08 -0.0912586 0)
(-6.78714e-08 -0.0912586 0)
(-6.96132e-08 -0.0912586 0)
(-7.13394e-08 -0.0912586 0)
(-7.30544e-08 -0.0912586 0)
(-7.47639e-08 -0.0912586 0)
(-7.64767e-08 -0.0912586 0)
(-7.8206e-08 -0.0912586 0)
(-7.99655e-08 -0.0912586 0)
(-8.17735e-08 -0.0912586 0)
(-8.36443e-08 -0.0912586 0)
(-8.55965e-08 -0.0912586 0)
(-8.7643e-08 -0.0912586 0)
(-8.97996e-08 -0.0912586 0)
(-9.20782e-08 -0.0912586 0)
(-9.44934e-08 -0.0912586 0)
(-9.7058e-08 -0.0912586 0)
(-9.97892e-08 -0.0912586 0)
(-1.02703e-07 -0.0912586 0)
(-1.05823e-07 -0.0912586 0)
(-1.09171e-07 -0.0912586 0)
(-1.12776e-07 -0.0912586 0)
(-1.16672e-07 -0.0912586 0)
(-1.20895e-07 -0.0912586 0)
(-1.25491e-07 -0.0912586 0)
(-1.30506e-07 -0.0912586 0)
(-1.36e-07 -0.0912586 0)
(-1.42035e-07 -0.0912586 0)
(-1.48684e-07 -0.0912586 0)
(-1.56031e-07 -0.0912586 0)
(-1.64171e-07 -0.0912586 0)
(-1.73209e-07 -0.0912586 0)
(-1.83267e-07 -0.0912586 0)
(-1.94481e-07 -0.0912586 0)
(-2.07007e-07 -0.0912586 0)
(-2.21016e-07 -0.0912586 0)
(-2.36707e-07 -0.0912586 0)
(-2.54297e-07 -0.0912586 0)
(-2.74031e-07 -0.0912586 0)
(-2.96182e-07 -0.0912586 0)
(-3.21046e-07 -0.0912586 0)
(-3.48955e-07 -0.0912586 0)
(-3.80267e-07 -0.0912586 0)
(-4.15379e-07 -0.0912587 0)
(-4.54727e-07 -0.0912587 0)
(-4.98784e-07 -0.0912587 0)
(-5.48069e-07 -0.0912587 0)
(-6.03143e-07 -0.0912587 0)
(-6.64599e-07 -0.0912587 0)
(-7.3307e-07 -0.0912587 0)
(-8.09215e-07 -0.0912587 0)
(-8.93713e-07 -0.0912587 0)
(-9.87251e-07 -0.0912587 0)
(-1.0905e-06 -0.0912587 0)
(-1.20409e-06 -0.0912587 0)
(-1.32857e-06 -0.0912587 0)
(-1.46436e-06 -0.0912588 0)
(-1.61168e-06 -0.0912588 0)
(-1.77049e-06 -0.0912588 0)
(-1.94035e-06 -0.0912588 0)
(-2.12033e-06 -0.0912588 0)
(-2.30875e-06 -0.0912588 0)
(-2.50306e-06 -0.0912589 0)
(-2.69943e-06 -0.0912589 0)
(-2.89245e-06 -0.0912589 0)
(-3.07465e-06 -0.0912589 0)
(-3.23586e-06 -0.091259 0)
(-3.36254e-06 -0.091259 0)
(-3.43692e-06 -0.091259 0)
(-3.43593e-06 -0.091259 0)
(-3.33024e-06 -0.091259 0)
(-3.08305e-06 -0.091259 0)
(-2.64945e-06 -0.091259 0)
(-1.97649e-06 -0.091259 0)
(-1.00553e-06 -0.091259 0)
(3.20477e-07 -0.0912589 0)
(2.03954e-06 -0.0912587 0)
(4.13131e-06 -0.0912584 0)
(6.43152e-06 -0.0912581 0)
(8.43446e-06 -0.0912576 0)
(8.83734e-06 -0.091257 0)
(4.20317e-06 -0.0912563 0)
(-4.27809e-06 -0.0493342 0)
(-8.98692e-06 -0.0493346 0)
(-8.57596e-06 -0.0493349 0)
(-6.55759e-06 -0.0493352 0)
(-4.23768e-06 -0.0493353 0)
(-2.11941e-06 -0.0493355 0)
(-3.70765e-07 -0.0493356 0)
(9.85004e-07 -0.0493356 0)
(1.9842e-06 -0.0493357 0)
(2.68335e-06 -0.0493357 0)
(3.14084e-06 -0.0493357 0)
(3.40874e-06 -0.0493357 0)
(3.53017e-06 -0.0493357 0)
(3.53979e-06 -0.0493357 0)
(3.46575e-06 -0.0493356 0)
(3.33152e-06 -0.0493356 0)
(3.15697e-06 -0.0493356 0)
(2.95847e-06 -0.0493356 0)
(2.74883e-06 -0.0493356 0)
(2.53738e-06 -0.0493356 0)
(2.33042e-06 -0.0493356 0)
(2.1319e-06 -0.0493356 0)
(1.94413e-06 -0.0493356 0)
(1.76831e-06 -0.0493355 0)
(1.60498e-06 -0.0493355 0)
(1.45424e-06 -0.0493355 0)
(1.31589e-06 -0.0493355 0)
(1.18951e-06 -0.0493355 0)
(1.07453e-06 -0.0493355 0)
(9.70272e-07 -0.0493355 0)
(8.76021e-07 -0.0493355 0)
(7.91037e-07 -0.0493355 0)
(7.14583e-07 -0.0493355 0)
(6.4594e-07 -0.0493355 0)
(5.84416e-07 -0.0493355 0)
(5.29353e-07 -0.0493355 0)
(4.80134e-07 -0.0493355 0)
(4.36186e-07 -0.0493355 0)
(3.96985e-07 -0.0493355 0)
(3.62048e-07 -0.0493355 0)
(3.30941e-07 -0.0493355 0)
(3.03264e-07 -0.0493355 0)
(2.78658e-07 -0.0493355 0)
(2.56788e-07 -0.0493355 0)
(2.37352e-07 -0.0493355 0)
(2.20075e-07 -0.0493355 0)
(2.04713e-07 -0.0493355 0)
(1.91063e-07 -0.0493355 0)
(1.78955e-07 -0.0493355 0)
(1.68248e-07 -0.0493355 0)
(1.5881e-07 -0.0493355 0)
(1.50499e-07 -0.0493355 0)
(1.43151e-07 -0.0493355 0)
(1.36597e-07 -0.0493355 0)
(1.30675e-07 -0.0493355 0)
(1.25261e-07 -0.0493355 0)
(1.20269e-07 -0.0493355 0)
(1.15653e-07 -0.0493355 0)
(1.1138e-07 -0.0493355 0)
(1.07423e-07 -0.0493355 0)
(1.03744e-07 -0.0493354 0)
(1.00299e-07 -0.0493354 0)
(9.70383e-08 -0.0493354 0)
(9.39208e-08 -0.0493354 0)
(9.09125e-08 -0.0493354 0)
(8.79923e-08 -0.0493354 0)
(8.51487e-08 -0.0493354 0)
(8.23811e-08 -0.0493354 0)
(7.96921e-08 -0.0493354 0)
(7.70882e-08 -0.0493354 0)
(7.45751e-08 -0.0493354 0)
(7.21552e-08 -0.0493354 0)
(6.983e-08 -0.0493354 0)
(6.75952e-08 -0.0493354 0)
(6.54483e-08 -0.0493354 0)
(6.33821e-08 -0.0493354 0)
(6.13911e-08 -0.0493354 0)
(5.94694e-08 -0.0493354 0)
(5.76114e-08 -0.0493354 0)
(5.58125e-08 -0.0493354 0)
(5.40679e-08 -0.0493354 0)
(5.2376e-08 -0.0493354 0)
(5.07332e-08 -0.0493354 0)
(4.91405e-08 -0.0493354 0)
(4.7596e-08 -0.0493354 0)
(4.61036e-08 -0.0493354 0)
(4.46612e-08 -0.0493354 0)
(4.32757e-08 -0.0493354 0)
(4.19434e-08 -0.0493354 0)
(4.06702e-08 -0.0493354 0)
(3.94516e-08 -0.0493354 0)
(3.82908e-08 -0.0493354 0)
(3.71834e-08 -0.0493354 0)
(3.61282e-08 -0.0493354 0)
(3.512e-08 -0.0493354 0)
(3.4151e-08 -0.0493354 0)
(3.32207e-08 -0.0493354 0)
(3.23267e-08 -0.0493354 0)
(3.14913e-08 -0.0493354 0)
(3.0725e-08 -0.0493354 0)
(3.00818e-08 -0.0493354 0)
(2.96379e-08 -0.0493354 0)
(2.95896e-08 -0.0493354 0)
(3.02083e-08 -0.0493354 0)
(3.17829e-08 -0.0493354 0)
(3.43827e-08 -0.0493354 0)
(3.76758e-08 -0.0493354 0)
(4.08725e-08 -0.0493354 0)
(4.29557e-08 -0.0493354 0)
(4.3088e-08 -0.0493354 0)
(4.09873e-08 -0.0493354 0)
(3.70453e-08 -0.0493354 0)
(3.2127e-08 -0.0493354 0)
(2.71839e-08 -0.0493354 0)
(2.29103e-08 -0.0493354 0)
(1.95958e-08 -0.0493354 0)
(1.71826e-08 -0.0493354 0)
(1.54336e-08 -0.0493354 0)
(1.40874e-08 -0.0493354 0)
(1.29441e-08 -0.0493354 0)
(1.18846e-08 -0.0493354 0)
(1.08483e-08 -0.0493354 0)
(9.81386e-09 -0.0493354 0)
(8.77344e-09 -0.0493354 0)
(7.72881e-09 -0.0493354 0)
(6.67758e-09 -0.0493354 0)
(5.61779e-09 -0.0493354 0)
(4.54462e-09 -0.0493354 0)
(3.45327e-09 -0.0493354 0)
(2.33763e-09 -0.0493354 0)
(1.1919e-09 -0.0493354 0)
(7.75638e-12 -0.0493354 0)
(-1.22775e-09 -0.0493354 0)
(-2.53465e-09 -0.0493354 0)
(-3.94291e-09 -0.0493354 0)
(-5.48943e-09 -0.0493354 0)
(-7.18953e-09 -0.0493354 0)
(-9.02352e-09 -0.0493354 0)
(-1.09139e-08 -0.0493354 0)
(-1.27216e-08 -0.0493354 0)
(-1.42846e-08 -0.0493354 0)
(-1.5461e-08 -0.0493354 0)
(-1.61903e-08 -0.0493354 0)
(-1.6508e-08 -0.0493354 0)
(-1.65465e-08 -0.0493354 0)
(-1.64795e-08 -0.0493354 0)
(-1.64816e-08 -0.0493354 0)
(-1.66698e-08 -0.0493354 0)
(-1.71057e-08 -0.0493354 0)
(-1.77845e-08 -0.0493354 0)
(-1.86736e-08 -0.0493354 0)
(-1.97202e-08 -0.0493354 0)
(-2.08769e-08 -0.0493354 0)
(-2.21048e-08 -0.0493354 0)
(-2.33749e-08 -0.0493354 0)
(-2.46706e-08 -0.0493354 0)
(-2.59795e-08 -0.0493354 0)
(-2.72953e-08 -0.0493354 0)
(-2.8614e-08 -0.0493354 0)
(-2.99322e-08 -0.0493354 0)
(-3.12474e-08 -0.0493354 0)
(-3.25561e-08 -0.0493354 0)
(-3.38552e-08 -0.0493354 0)
(-3.51396e-08 -0.0493354 0)
(-3.64037e-08 -0.0493354 0)
(-3.76355e-08 -0.0493354 0)
(-3.88258e-08 -0.0493354 0)
(-3.99529e-08 -0.0493354 0)
(-4.10006e-08 -0.0493354 0)
(-4.19388e-08 -0.0493354 0)
(-4.27458e-08 -0.0493354 0)
(-4.3403e-08 -0.0493354 0)
(-4.39105e-08 -0.0493354 0)
(-4.4303e-08 -0.0493354 0)
(-4.46489e-08 -0.0493354 0)
(-4.50515e-08 -0.0493354 0)
(-4.56249e-08 -0.0493354 0)
(-4.64673e-08 -0.0493354 0)
(-4.76317e-08 -0.0493354 0)
(-4.91163e-08 -0.0493354 0)
(-5.08631e-08 -0.0493354 0)
(-5.27854e-08 -0.0493354 0)
(-5.479e-08 -0.0493354 0)
(-5.68015e-08 -0.0493354 0)
(-5.87752e-08 -0.0493354 0)
(-6.06912e-08 -0.0493354 0)
(-6.25535e-08 -0.0493354 0)
(-6.43704e-08 -0.0493354 0)
(-6.61557e-08 -0.0493354 0)
(-6.79165e-08 -0.0493354 0)
(-6.96594e-08 -0.0493354 0)
(-7.13867e-08 -0.0493354 0)
(-7.31028e-08 -0.0493354 0)
(-7.48134e-08 -0.0493354 0)
(-7.65273e-08 -0.0493354 0)
(-7.82578e-08 -0.0493354 0)
(-8.00185e-08 -0.0493354 0)
(-8.18277e-08 -0.0493354 0)
(-8.36999e-08 -0.0493354 0)
(-8.56534e-08 -0.0493354 0)
(-8.77012e-08 -0.0493354 0)
(-8.98594e-08 -0.0493354 0)
(-9.21394e-08 -0.0493354 0)
(-9.45563e-08 -0.0493354 0)
(-9.71225e-08 -0.0493355 0)
(-9.98555e-08 -0.0493355 0)
(-1.02771e-07 -0.0493355 0)
(-1.05893e-07 -0.0493355 0)
(-1.09243e-07 -0.0493355 0)
(-1.1285e-07 -0.0493355 0)
(-1.16749e-07 -0.0493355 0)
(-1.20975e-07 -0.0493355 0)
(-1.25573e-07 -0.0493355 0)
(-1.30592e-07 -0.0493355 0)
(-1.36089e-07 -0.0493355 0)
(-1.42128e-07 -0.0493355 0)
(-1.48781e-07 -0.0493355 0)
(-1.56133e-07 -0.0493355 0)
(-1.64278e-07 -0.0493355 0)
(-1.73321e-07 -0.0493355 0)
(-1.83386e-07 -0.0493355 0)
(-1.94607e-07 -0.0493355 0)
(-2.0714e-07 -0.0493355 0)
(-2.21159e-07 -0.0493355 0)
(-2.36859e-07 -0.0493355 0)
(-2.5446e-07 -0.0493355 0)
(-2.74207e-07 -0.0493355 0)
(-2.96371e-07 -0.0493355 0)
(-3.21251e-07 -0.0493355 0)
(-3.49177e-07 -0.0493355 0)
(-3.80509e-07 -0.0493355 0)
(-4.15643e-07 -0.0493355 0)
(-4.55014e-07 -0.0493355 0)
(-4.99099e-07 -0.0493355 0)
(-5.48414e-07 -0.0493355 0)
(-6.03521e-07 -0.0493355 0)
(-6.65015e-07 -0.0493355 0)
(-7.33528e-07 -0.0493355 0)
(-8.09719e-07 -0.0493355 0)
(-8.94267e-07 -0.0493355 0)
(-9.87862e-07 -0.0493355 0)
(-1.09117e-06 -0.0493355 0)
(-1.20483e-06 -0.0493355 0)
(-1.32938e-06 -0.0493355 0)
(-1.46525e-06 -0.0493355 0)
(-1.61266e-06 -0.0493355 0)
(-1.77155e-06 -0.0493356 0)
(-1.94151e-06 -0.0493356 0)
(-2.12158e-06 -0.0493356 0)
(-2.31011e-06 -0.0493356 0)
(-2.50451e-06 -0.0493356 0)
(-2.70097e-06 -0.0493356 0)
(-2.89406e-06 -0.0493356 0)
(-3.07631e-06 -0.0493356 0)
(-3.23753e-06 -0.0493356 0)
(-3.36417e-06 -0.0493357 0)
(-3.43841e-06 -0.0493357 0)
(-3.43717e-06 -0.0493357 0)
(-3.33102e-06 -0.0493357 0)
(-3.08309e-06 -0.0493357 0)
(-2.6483e-06 -0.0493357 0)
(-1.97348e-06 -0.0493357 0)
(-9.99754e-07 -0.0493356 0)
(3.30166e-07 -0.0493356 0)
(2.05448e-06 -0.0493355 0)
(4.15322e-06 -0.0493354 0)
(6.46235e-06 -0.0493352 0)
(8.47568e-06 -0.0493349 0)
(8.88715e-06 -0.0493346 0)
(4.22965e-06 -0.0493342 0)
(-4.28774e-06 -0.0152704 0)
(-9.00516e-06 -0.0152706 0)
(-8.59108e-06 -0.0152707 0)
(-6.56879e-06 -0.0152708 0)
(-4.24558e-06 -0.0152708 0)
(-2.12477e-06 -0.0152708 0)
(-3.74258e-07 -0.0152709 0)
(9.82858e-07 -0.0152709 0)
(1.98301e-06 -0.0152709 0)
(2.68284e-06 -0.0152709 0)
(3.14079e-06 -0.0152709 0)
(3.40899e-06 -0.0152709 0)
(3.53059e-06 -0.0152709 0)
(3.5403e-06 -0.0152709 0)
(3.46629e-06 -0.0152709 0)
(3.33208e-06 -0.0152709 0)
(3.15754e-06 -0.0152709 0)
(2.95903e-06 -0.0152709 0)
(2.74936e-06 -0.0152709 0)
(2.53788e-06 -0.0152709 0)
(2.33088e-06 -0.0152709 0)
(2.13233e-06 -0.0152709 0)
(1.94451e-06 -0.0152709 0)
(1.76866e-06 -0.0152709 0)
(1.6053e-06 -0.0152709 0)
(1.45454e-06 -0.0152709 0)
(1.31616e-06 -0.0152709 0)
(1.18976e-06 -0.0152709 0)
(1.07475e-06 -0.0152709 0)
(9.70479e-07 -0.0152709 0)
(8.76211e-07 -0.0152709 0)
(7.9121e-07 -0.0152709 0)
(7.14741e-07 -0.0152709 0)
(6.46084e-07 -0.0152709 0)
(5.84547e-07 -0.0152709 0)
(5.29473e-07 -0.0152709 0)
(4.80243e-07 -0.0152709 0)
(4.36286e-07 -0.0152709 0)
(3.97076e-07 -0.0152708 0)
(3.62131e-07 -0.0152708 0)
(3.31018e-07 -0.0152708 0)
(3.03334e-07 -0.0152708 0)
(2.78723e-07 -0.0152708 0)
(2.56848e-07 -0.0152708 0)
(2.37407e-07 -0.0152708 0)
(2.20126e-07 -0.0152708 0)
(2.04761e-07 -0.0152708 0)
(1.91108e-07 -0.0152708 0)
(1.78997e-07 -0.0152708 0)
(1.68288e-07 -0.0152708 0)
(1.58848e-07 -0.0152708 0)
(1.50535e-07 -0.0152708 0)
(1.43185e-07 -0.0152708 0)
(1.36629e-07 -0.0152708 0)
(1.30706e-07 -0.0152708 0)
(1.2529e-07 -0.0152708 0)
(1.20297e-07 -0.0152708 0)
(1.1568e-07 -0.0152708 0)
(1.11406e-07 -0.0152708 0)
(1.07449e-07 -0.0152708 0)
(1.03769e-07 -0.0152708 0)
(1.00322e-07 -0.0152708 0)
(9.70612e-08 -0.0152708 0)
(9.3943e-08 -0.0152708 0)
(9.0934e-08 -0.0152708 0)
(8.80132e-08 -0.0152708 0)
(8.5169e-08 -0.0152708 0)
(8.24009e-08 -0.0152708 0)
(7.97114e-08 -0.0152708 0)
(7.71069e-08 -0.0152708 0)
(7.45933e-08 -0.0152708 0)
(7.21729e-08 -0.0152708 0)
(6.98473e-08 -0.0152708 0)
(6.76121e-08 -0.0152708 0)
(6.54647e-08 -0.0152708 0)
(6.33981e-08 -0.0152708 0)
(6.14067e-08 -0.0152708 0)
(5.94846e-08 -0.0152708 0)
(5.76261e-08 -0.0152708 0)
(5.58268e-08 -0.0152708 0)
(5.40819e-08 -0.0152708 0)
(5.23897e-08 -0.0152708 0)
(5.07465e-08 -0.0152708 0)
(4.91534e-08 -0.0152708 0)
(4.76086e-08 -0.0152708 0)
(4.61159e-08 -0.0152708 0)
(4.46732e-08 -0.0152708 0)
(4.32873e-08 -0.0152708 0)
(4.19547e-08 -0.0152708 0)
(4.06812e-08 -0.0152708 0)
(3.94624e-08 -0.0152708 0)
(3.83013e-08 -0.0152708 0)
(3.71936e-08 -0.0152708 0)
(3.61382e-08 -0.0152708 0)
(3.51298e-08 -0.0152708 0)
(3.41606e-08 -0.0152708 0)
(3.32301e-08 -0.0152708 0)
(3.23359e-08 -0.0152708 0)
(3.15003e-08 -0.0152708 0)
(3.07337e-08 -0.0152708 0)
(3.00905e-08 -0.0152708 0)
(2.96466e-08 -0.0152708 0)
(2.95986e-08 -0.0152708 0)
(3.02178e-08 -0.0152708 0)
(3.17927e-08 -0.0152708 0)
(3.43924e-08 -0.0152708 0)
(3.76846e-08 -0.0152708 0)
(4.08796e-08 -0.0152708 0)
(4.29611e-08 -0.0152708 0)
(4.30922e-08 -0.0152708 0)
(4.09913e-08 -0.0152708 0)
(3.705e-08 -0.0152708 0)
(3.21327e-08 -0.0152708 0)
(2.71903e-08 -0.0152708 0)
(2.29169e-08 -0.0152708 0)
(1.9602e-08 -0.0152708 0)
(1.7188e-08 -0.0152708 0)
(1.54383e-08 -0.0152708 0)
(1.40915e-08 -0.0152708 0)
(1.29477e-08 -0.0152708 0)
(1.18879e-08 -0.0152708 0)
(1.08513e-08 -0.0152708 0)
(9.81663e-09 -0.0152708 0)
(8.77595e-09 -0.0152708 0)
(7.73108e-09 -0.0152708 0)
(6.67958e-09 -0.0152708 0)
(5.61953e-09 -0.0152708 0)
(4.5461e-09 -0.0152708 0)
(3.45449e-09 -0.0152708 0)
(2.33857e-09 -0.0152708 0)
(1.19256e-09 -0.0152708 0)
(8.13013e-12 -0.0152708 0)
(-1.22768e-09 -0.0152708 0)
(-2.53491e-09 -0.0152708 0)
(-3.94352e-09 -0.0152708 0)
(-5.49042e-09 -0.0152708 0)
(-7.19087e-09 -0.0152708 0)
(-9.02513e-09 -0.0152708 0)
(-1.09156e-08 -0.0152708 0)
(-1.27235e-08 -0.0152708 0)
(-1.42865e-08 -0.0152708 0)
(-1.5463e-08 -0.0152708 0)
(-1.61926e-08 -0.0152708 0)
(-1.65106e-08 -0.0152708 0)
(-1.65495e-08 -0.0152708 0)
(-1.64829e-08 -0.0152708 0)
(-1.64854e-08 -0.0152708 0)
(-1.66738e-08 -0.0152708 0)
(-1.711e-08 -0.0152708 0)
(-1.7789e-08 -0.0152708 0)
(-1.86783e-08 -0.0152708 0)
(-1.97251e-08 -0.0152708 0)
(-2.0882e-08 -0.0152708 0)
(-2.21102e-08 -0.0152708 0)
(-2.33805e-08 -0.0152708 0)
(-2.46765e-08 -0.0152708 0)
(-2.59856e-08 -0.0152708 0)
(-2.73018e-08 -0.0152708 0)
(-2.86208e-08 -0.0152708 0)
(-2.99392e-08 -0.0152708 0)
(-3.12547e-08 -0.0152708 0)
(-3.25638e-08 -0.0152708 0)
(-3.38631e-08 -0.0152708 0)
(-3.51479e-08 -0.0152708 0)
(-3.64122e-08 -0.0152708 0)
(-3.76442e-08 -0.0152708 0)
(-3.88349e-08 -0.0152708 0)
(-3.99622e-08 -0.0152708 0)
(-4.10101e-08 -0.0152708 0)
(-4.19485e-08 -0.0152708 0)
(-4.27557e-08 -0.0152708 0)
(-4.34132e-08 -0.0152708 0)
(-4.39209e-08 -0.0152708 0)
(-4.43137e-08 -0.0152708 0)
(-4.46599e-08 -0.0152708 0)
(-4.50629e-08 -0.0152708 0)
(-4.56368e-08 -0.0152708 0)
(-4.64796e-08 -0.0152708 0)
(-4.76444e-08 -0.0152708 0)
(-4.91293e-08 -0.0152708 0)
(-5.08764e-08 -0.0152708 0)
(-5.27989e-08 -0.0152708 0)
(-5.48037e-08 -0.0152708 0)
(-5.68156e-08 -0.0152708 0)
(-5.87896e-08 -0.0152708 0)
(-6.0706e-08 -0.0152708 0)
(-6.25688e-08 -0.0152708 0)
(-6.43861e-08 -0.0152708 0)
(-6.61717e-08 -0.0152708 0)
(-6.7933e-08 -0.0152708 0)
(-6.96763e-08 -0.0152708 0)
(-7.14039e-08 -0.0152708 0)
(-7.31204e-08 -0.0152708 0)
(-7.48314e-08 -0.0152708 0)
(-7.65458e-08 -0.0152708 0)
(-7.82767e-08 -0.0152708 0)
(-8.00379e-08 -0.0152708 0)
(-8.18475e-08 -0.0152708 0)
(-8.37202e-08 -0.0152708 0)
(-8.56742e-08 -0.0152708 0)
(-8.77225e-08 -0.0152708 0)
(-8.98812e-08 -0.0152708 0)
(-9.21617e-08 -0.0152708 0)
(-9.45792e-08 -0.0152708 0)
(-9.7146e-08 -0.0152708 0)
(-9.98796e-08 -0.0152708 0)
(-1.02796e-07 -0.0152708 0)
(-1.05918e-07 -0.0152708 0)
(-1.09269e-07 -0.0152708 0)
(-1.12878e-07 -0.0152708 0)
(-1.16777e-07 -0.0152708 0)
(-1.21004e-07 -0.0152708 0)
(-1.25603e-07 -0.0152708 0)
(-1.30623e-07 -0.0152708 0)
(-1.36121e-07 -0.0152708 0)
(-1.42162e-07 -0.0152708 0)
(-1.48817e-07 -0.0152708 0)
(-1.5617e-07 -0.0152708 0)
(-1.64317e-07 -0.0152708 0)
(-1.73362e-07 -0.0152708 0)
(-1.8343e-07 -0.0152708 0)
(-1.94653e-07 -0.0152708 0)
(-2.07189e-07 -0.0152708 0)
(-2.21211e-07 -0.0152708 0)
(-2.36914e-07 -0.0152708 0)
(-2.5452e-07 -0.0152708 0)
(-2.74271e-07 -0.0152708 0)
(-2.9644e-07 -0.0152708 0)
(-3.21326e-07 -0.0152708 0)
(-3.49258e-07 -0.0152708 0)
(-3.80597e-07 -0.0152709 0)
(-4.15738e-07 -0.0152709 0)
(-4.55119e-07 -0.0152709 0)
(-4.99213e-07 -0.0152709 0)
(-5.4854e-07 -0.0152709 0)
(-6.03659e-07 -0.0152709 0)
(-6.65167e-07 -0.0152709 0)
(-7.33695e-07 -0.0152709 0)
(-8.09903e-07 -0.0152709 0)
(-8.9447e-07 -0.0152709 0)
(-9.88084e-07 -0.0152709 0)
(-1.09142e-06 -0.0152709 0)
(-1.2051e-06 -0.0152709 0)
(-1.32968e-06 -0.0152709 0)
(-1.46557e-06 -0.0152709 0)
(-1.61301e-06 -0.0152709 0)
(-1.77194e-06 -0.0152709 0)
(-1.94194e-06 -0.0152709 0)
(-2.12204e-06 -0.0152709 0)
(-2.31061e-06 -0.0152709 0)
(-2.50504e-06 -0.0152709 0)
(-2.70154e-06 -0.0152709 0)
(-2.89466e-06 -0.0152709 0)
(-3.07693e-06 -0.0152709 0)
(-3.23816e-06 -0.0152709 0)
(-3.36478e-06 -0.0152709 0)
(-3.43898e-06 -0.0152709 0)
(-3.43764e-06 -0.0152709 0)
(-3.33131e-06 -0.0152709 0)
(-3.08309e-06 -0.0152709 0)
(-2.64783e-06 -0.0152709 0)
(-1.97231e-06 -0.0152709 0)
(-9.97562e-07 -0.0152709 0)
(3.33745e-07 -0.0152709 0)
(2.05993e-06 -0.0152709 0)
(4.16118e-06 -0.0152708 0)
(6.47356e-06 -0.0152708 0)
(8.49064e-06 -0.0152707 0)
(8.90513e-06 -0.0152706 0)
(4.23917e-06 -0.0152705 0)
(-2.40261e-305 8.89269e-300 0)
(-5.04599e-305 8.89271e-300 0)
(-4.81396e-305 8.89273e-300 0)
(-3.68078e-305 8.89274e-300 0)
(-2.37899e-305 8.89274e-300 0)
(-1.1906e-305 8.89274e-300 0)
(-2.09713e-306 8.89274e-300 0)
(5.50739e-306 8.89274e-300 0)
(1.11117e-305 8.89274e-300 0)
(1.50331e-305 8.89274e-300 0)
(1.75992e-305 8.89273e-300 0)
(1.91021e-305 8.89273e-300 0)
(1.97835e-305 8.89273e-300 0)
(1.98379e-305 8.89272e-300 0)
(1.94232e-305 8.89272e-300 0)
(1.86711e-305 8.89272e-300 0)
(1.76931e-305 8.89271e-300 0)
(1.65807e-305 8.89271e-300 0)
(1.54059e-305 8.89271e-300 0)
(1.42209e-305 8.89271e-300 0)
(1.3061e-305 8.8927e-300 0)
(1.19484e-305 8.8927e-300 0)
(1.0896e-305 8.8927e-300 0)
(9.91058e-306 8.8927e-300 0)
(8.99521e-306 8.8927e-300 0)
(8.15041e-306 8.8927e-300 0)
(7.37504e-306 8.89269e-300 0)
(6.66675e-306 8.89269e-300 0)
(6.02233e-306 8.89269e-300 0)
(5.43803e-306 8.89269e-300 0)
(4.9098e-306 8.89269e-300 0)
(4.4335e-306 8.89269e-300 0)
(4.00501e-306 8.89269e-300 0)
(3.6203e-306 8.89269e-300 0)
(3.27548e-306 8.89269e-300 0)
(2.96687e-306 8.89269e-300 0)
(2.69101e-306 8.89269e-300 0)
(2.4447e-306 8.89269e-300 0)
(2.22499e-306 8.89268e-300 0)
(2.02918e-306 8.89268e-300 0)
(1.85484e-306 8.89268e-300 0)
(1.69972e-306 8.89268e-300 0)
(1.56181e-306 8.89268e-300 0)
(1.43923e-306 8.89268e-300 0)
(1.3303e-306 8.89268e-300 0)
(1.23347e-306 8.89268e-300 0)
(1.14737e-306 8.89268e-300 0)
(1.07086e-306 8.89268e-300 0)
(1.003e-306 8.89268e-300 0)
(9.42992e-307 8.89268e-300 0)
(8.90097e-307 8.89268e-300 0)
(8.43512e-307 8.89268e-300 0)
(8.0233e-307 8.89268e-300 0)
(7.65593e-307 8.89268e-300 0)
(7.32402e-307 8.89268e-300 0)
(7.02058e-307 8.89268e-300 0)
(6.74079e-307 8.89268e-300 0)
(6.48207e-307 8.89268e-300 0)
(6.24259e-307 8.89268e-300 0)
(6.02082e-307 8.89268e-300 0)
(5.81462e-307 8.89268e-300 0)
(5.62151e-307 8.89268e-300 0)
(5.43877e-307 8.89268e-300 0)
(5.26404e-307 8.89268e-300 0)
(5.09544e-307 8.89268e-300 0)
(4.93177e-307 8.89268e-300 0)
(4.7724e-307 8.89268e-300 0)
(4.61729e-307 8.89268e-300 0)
(4.46658e-307 8.89268e-300 0)
(4.32064e-307 8.89268e-300 0)
(4.1798e-307 8.89268e-300 0)
(4.04417e-307 8.89268e-300 0)
(3.91385e-307 8.89268e-300 0)
(3.7886e-307 8.89268e-300 0)
(3.66828e-307 8.89268e-300 0)
(3.55248e-307 8.89268e-300 0)
(3.44089e-307 8.89268e-300 0)
(3.33319e-307 8.89268e-300 0)
(3.22905e-307 8.89268e-300 0)
(3.12822e-307 8.89268e-300 0)
(3.03045e-307 8.89268e-300 0)
(2.93563e-307 8.89268e-300 0)
(2.84355e-307 8.89268e-300 0)
(2.75428e-307 8.89268e-300 0)
(2.66772e-307 8.89268e-300 0)
(2.58408e-307 8.89268e-300 0)
(2.50324e-307 8.89268e-300 0)
(2.42558e-307 8.89268e-300 0)
(2.35091e-307 8.89268e-300 0)
(2.27955e-307 8.89268e-300 0)
(2.21125e-307 8.89268e-300 0)
(2.14619e-307 8.89268e-300 0)
(2.08412e-307 8.89268e-300 0)
(2.02498e-307 8.89268e-300 0)
(1.96848e-307 8.89268e-300 0)
(1.91417e-307 8.89268e-300 0)
(1.86203e-307 8.89268e-300 0)
(1.81192e-307 8.89268e-300 0)
(1.7651e-307 8.89268e-300 0)
(1.72215e-307 8.89268e-300 0)
(1.6861e-307 8.89268e-300 0)
(1.66123e-307 8.89268e-300 0)
(1.65854e-307 8.89268e-300 0)
(1.69324e-307 8.89268e-300 0)
(1.78149e-307 8.89268e-300 0)
(1.92716e-307 8.89268e-300 0)
(2.11163e-307 8.89268e-300 0)
(2.29067e-307 8.89268e-300 0)
(2.4073e-307 8.89268e-300 0)
(2.41464e-307 8.89268e-300 0)
(2.29692e-307 8.89268e-300 0)
(2.07607e-307 8.89268e-300 0)
(1.80054e-307 8.89268e-300 0)
(1.52359e-307 8.89268e-300 0)
(1.28413e-307 8.89268e-300 0)
(1.09838e-307 8.89268e-300 0)
(9.63119e-308 8.89268e-300 0)
(8.65076e-308 8.89268e-300 0)
(7.89611e-308 8.89268e-300 0)
(7.25518e-308 8.89268e-300 0)
(6.66131e-308 8.89268e-300 0)
(6.08049e-308 8.89268e-300 0)
(5.50069e-308 8.89268e-300 0)
(4.91756e-308 8.89268e-300 0)
(4.33206e-308 8.89268e-300 0)
(3.74287e-308 8.89268e-300 0)
(3.14887e-308 8.89268e-300 0)
(2.54738e-308 8.89268e-300 0)
(1.9357e-308 8.89268e-300 0)
(1.31041e-308 8.89268e-300 0)
(6.68246e-309 8.89268e-300 0)
(4.55502e-311 8.89268e-300 0)
(-6.87926e-309 8.89268e-300 0)
(-1.42042e-308 8.89268e-300 0)
(-2.20973e-308 8.89268e-300 0)
(-3.07653e-308 8.89268e-300 0)
(-4.02936e-308 8.89268e-300 0)
(-5.05718e-308 8.89268e-300 0)
(-6.11651e-308 8.89268e-300 0)
(-7.12955e-308 8.89268e-300 0)
(-8.00538e-308 8.89268e-300 0)
(-8.66463e-308 8.89268e-300 0)
(-9.07341e-308 8.89268e-300 0)
(-9.2516e-308 8.89268e-300 0)
(-9.2734e-308 8.89268e-300 0)
(-9.23609e-308 8.89268e-300 0)
(-9.23748e-308 8.89268e-300 0)
(-9.34309e-308 8.89268e-300 0)
(-9.5875e-308 8.89268e-300 0)
(-9.96796e-308 8.89268e-300 0)
(-1.04663e-307 8.89268e-300 0)
(-1.10528e-307 8.89268e-300 0)
(-1.17011e-307 8.89268e-300 0)
(-1.23893e-307 8.89268e-300 0)
(-1.31011e-307 8.89268e-300 0)
(-1.38273e-307 8.89268e-300 0)
(-1.45609e-307 8.89268e-300 0)
(-1.52984e-307 8.89268e-300 0)
(-1.60375e-307 8.89268e-300 0)
(-1.67763e-307 8.89268e-300 0)
(-1.75134e-307 8.89268e-300 0)
(-1.82469e-307 8.89268e-300 0)
(-1.8975e-307 8.89268e-300 0)
(-1.96949e-307 8.89268e-300 0)
(-2.04034e-307 8.89268e-300 0)
(-2.10937e-307 8.89268e-300 0)
(-2.17609e-307 8.89268e-300 0)
(-2.23926e-307 8.89268e-300 0)
(-2.29798e-307 8.89268e-300 0)
(-2.35056e-307 8.89268e-300 0)
(-2.39579e-307 8.89268e-300 0)
(-2.43263e-307 8.89268e-300 0)
(-2.46108e-307 8.89268e-300 0)
(-2.48309e-307 8.89268e-300 0)
(-2.50249e-307 8.89268e-300 0)
(-2.52507e-307 8.89268e-300 0)
(-2.55723e-307 8.89268e-300 0)
(-2.60446e-307 8.89268e-300 0)
(-2.66973e-307 8.89268e-300 0)
(-2.75294e-307 8.89268e-300 0)
(-2.85083e-307 8.89268e-300 0)
(-2.95856e-307 8.89268e-300 0)
(-3.0709e-307 8.89268e-300 0)
(-3.18363e-307 8.89268e-300 0)
(-3.29424e-307 8.89268e-300 0)
(-3.40163e-307 8.89268e-300 0)
(-3.50601e-307 8.89268e-300 0)
(-3.60784e-307 8.89268e-300 0)
(-3.70789e-307 8.89268e-300 0)
(-3.80659e-307 8.89268e-300 0)
(-3.90427e-307 8.89268e-300 0)
(-4.00108e-307 8.89268e-300 0)
(-4.09726e-307 8.89268e-300 0)
(-4.19314e-307 8.89268e-300 0)
(-4.2892e-307 8.89268e-300 0)
(-4.38619e-307 8.89268e-300 0)
(-4.48488e-307 8.89268e-300 0)
(-4.58628e-307 8.89268e-300 0)
(-4.69121e-307 8.89268e-300 0)
(-4.8007e-307 8.89268e-300 0)
(-4.91548e-307 8.89268e-300 0)
(-5.03644e-307 8.89268e-300 0)
(-5.16423e-307 8.89268e-300 0)
(-5.29969e-307 8.89268e-300 0)
(-5.44352e-307 8.89268e-300 0)
(-5.5967e-307 8.89268e-300 0)
(-5.76013e-307 8.89268e-300 0)
(-5.93508e-307 8.89268e-300 0)
(-6.12284e-307 8.89268e-300 0)
(-6.32503e-307 8.89268e-300 0)
(-6.54353e-307 8.89268e-300 0)
(-6.78038e-307 8.89268e-300 0)
(-7.03811e-307 8.89268e-300 0)
(-7.31941e-307 8.89268e-300 0)
(-7.62748e-307 8.89268e-300 0)
(-7.96594e-307 8.89268e-300 0)
(-8.33886e-307 8.89268e-300 0)
(-8.75092e-307 8.89268e-300 0)
(-9.20741e-307 8.89268e-300 0)
(-9.71427e-307 8.89268e-300 0)
(-1.02784e-306 8.89268e-300 0)
(-1.09073e-306 8.89268e-300 0)
(-1.16097e-306 8.89268e-300 0)
(-1.23954e-306 8.89268e-300 0)
(-1.32754e-306 8.89268e-300 0)
(-1.42619e-306 8.89268e-300 0)
(-1.53686e-306 8.89268e-300 0)
(-1.66109e-306 8.89268e-300 0)
(-1.80053e-306 8.89268e-300 0)
(-1.95705e-306 8.89269e-300 0)
(-2.13265e-306 8.89269e-300 0)
(-2.32957e-306 8.89269e-300 0)
(-2.55023e-306 8.89269e-300 0)
(-2.79731e-306 8.89269e-300 0)
(-3.07371e-306 8.89269e-300 0)
(-3.38257e-306 8.89269e-300 0)
(-3.72722e-306 8.89269e-300 0)
(-4.11122e-306 8.89269e-300 0)
(-4.53824e-306 8.89269e-300 0)
(-5.01211e-306 8.89269e-300 0)
(-5.53668e-306 8.89269e-300 0)
(-6.11569e-306 8.89269e-300 0)
(-6.7527e-306 8.89269e-300 0)
(-7.45078e-306 8.8927e-300 0)
(-8.21226e-306 8.8927e-300 0)
(-9.03843e-306 8.8927e-300 0)
(-9.92899e-306 8.8927e-300 0)
(-1.08815e-305 8.8927e-300 0)
(-1.18908e-305 8.8927e-300 0)
(-1.29473e-305 8.89271e-300 0)
(-1.40369e-305 8.89271e-300 0)
(-1.51379e-305 8.89271e-300 0)
(-1.62201e-305 8.89271e-300 0)
(-1.72414e-305 8.89272e-300 0)
(-1.81448e-305 8.89272e-300 0)
(-1.88544e-305 8.89272e-300 0)
(-1.92701e-305 8.89273e-300 0)
(-1.92626e-305 8.89273e-300 0)
(-1.86668e-305 8.89273e-300 0)
(-1.72759e-305 8.89274e-300 0)
(-1.4837e-305 8.89274e-300 0)
(-1.10517e-305 8.89274e-300 0)
(-5.58978e-306 8.89274e-300 0)
(1.87012e-306 8.89275e-300 0)
(1.15427e-305 8.89275e-300 0)
(2.3317e-305 8.89274e-300 0)
(3.62742e-305 8.89274e-300 0)
(4.75768e-305 8.89273e-300 0)
(4.98994e-305 8.89271e-300 0)
(2.37539e-305 8.89269e-300 0)
(-2.22701e-305 1.77854e-299 0)
(-4.73805e-305 1.77854e-299 0)
(-4.59854e-305 1.77855e-299 0)
(-3.55214e-305 1.77855e-299 0)
(-2.31431e-305 1.77855e-299 0)
(-1.17051e-305 1.77855e-299 0)
(-2.19967e-306 1.77855e-299 0)
(5.20234e-306 1.77855e-299 0)
(1.06754e-305 1.77855e-299 0)
(1.45159e-305 1.77855e-299 0)
(1.70367e-305 1.77855e-299 0)
(1.85195e-305 1.77855e-299 0)
(1.91994e-305 1.77855e-299 0)
(1.9266e-305 1.77854e-299 0)
(1.88736e-305 1.77854e-299 0)
(1.81509e-305 1.77854e-299 0)
(1.72065e-305 1.77854e-299 0)
(1.61298e-305 1.77854e-299 0)
(1.49906e-305 1.77854e-299 0)
(1.38403e-305 1.77854e-299 0)
(1.27133e-305 1.77854e-299 0)
(1.16317e-305 1.77854e-299 0)
(1.06081e-305 1.77854e-299 0)
(9.6494e-306 1.77854e-299 0)
(8.75865e-306 1.77854e-299 0)
(7.93642e-306 1.77854e-299 0)
(7.18167e-306 1.77854e-299 0)
(6.49215e-306 1.77854e-299 0)
(5.86474e-306 1.77854e-299 0)
(5.29582e-306 1.77854e-299 0)
(4.78146e-306 1.77854e-299 0)
(4.31764e-306 1.77854e-299 0)
(3.90036e-306 1.77854e-299 0)
(3.52569e-306 1.77854e-299 0)
(3.18987e-306 1.77854e-299 0)
(2.8893e-306 1.77854e-299 0)
(2.62063e-306 1.77854e-299 0)
(2.38073e-306 1.77854e-299 0)
(2.16673e-306 1.77854e-299 0)
(1.97601e-306 1.77854e-299 0)
(1.8062e-306 1.77854e-299 0)
(1.65511e-306 1.77854e-299 0)
(1.52078e-306 1.77854e-299 0)
(1.40138e-306 1.77854e-299 0)
(1.29528e-306 1.77854e-299 0)
(1.20096e-306 1.77854e-299 0)
(1.1171e-306 1.77854e-299 0)
(1.04259e-306 1.77854e-299 0)
(9.76497e-307 1.77854e-299 0)
(9.18053e-307 1.77854e-299 0)
(8.66529e-307 1.77854e-299 0)
(8.21144e-307 1.77854e-299 0)
(7.81015e-307 1.77854e-299 0)
(7.45217e-307 1.77854e-299 0)
(7.1288e-307 1.77854e-299 0)
(6.83323e-307 1.77854e-299 0)
(6.56079e-307 1.77854e-299 0)
(6.3089e-307 1.77854e-299 0)
(6.07575e-307 1.77854e-299 0)
(5.85982e-307 1.77854e-299 0)
(5.65903e-307 1.77854e-299 0)
(5.47098e-307 1.77854e-299 0)
(5.29303e-307 1.77854e-299 0)
(5.12291e-307 1.77854e-299 0)
(4.95877e-307 1.77854e-299 0)
(4.79947e-307 1.77854e-299 0)
(4.64437e-307 1.77854e-299 0)
(4.49343e-307 1.77854e-299 0)
(4.34678e-307 1.77854e-299 0)
(4.20477e-307 1.77854e-299 0)
(4.06771e-307 1.77854e-299 0)
(3.93573e-307 1.77854e-299 0)
(3.80891e-307 1.77854e-299 0)
(3.68701e-307 1.77854e-299 0)
(3.5699e-307 1.77854e-299 0)
(3.4572e-307 1.77854e-299 0)
(3.34859e-307 1.77854e-299 0)
(3.24377e-307 1.77854e-299 0)
(3.14242e-307 1.77854e-299 0)
(3.0443e-307 1.77854e-299 0)
(2.94914e-307 1.77854e-299 0)
(2.85686e-307 1.77854e-299 0)
(2.76726e-307 1.77854e-299 0)
(2.68039e-307 1.77854e-299 0)
(2.59615e-307 1.77854e-299 0)
(2.51476e-307 1.77854e-299 0)
(2.4361e-307 1.77854e-299 0)
(2.36052e-307 1.77854e-299 0)
(2.28786e-307 1.77854e-299 0)
(2.21842e-307 1.77854e-299 0)
(2.15196e-307 1.77854e-299 0)
(2.08864e-307 1.77854e-299 0)
(2.02823e-307 1.77854e-299 0)
(1.97067e-307 1.77854e-299 0)
(1.91567e-307 1.77854e-299 0)
(1.86282e-307 1.77854e-299 0)
(1.81208e-307 1.77854e-299 0)
(1.76336e-307 1.77854e-299 0)
(1.71784e-307 1.77854e-299 0)
(1.67614e-307 1.77854e-299 0)
(1.64122e-307 1.77854e-299 0)
(1.61734e-307 1.77854e-299 0)
(1.61515e-307 1.77854e-299 0)
(1.64932e-307 1.77854e-299 0)
(1.73524e-307 1.77854e-299 0)
(1.8764e-307 1.77854e-299 0)
(2.05466e-307 1.77854e-299 0)
(2.22732e-307 1.77854e-299 0)
(2.33958e-307 1.77854e-299 0)
(2.34634e-307 1.77854e-299 0)
(2.23238e-307 1.77854e-299 0)
(2.01876e-307 1.77854e-299 0)
(1.75204e-307 1.77854e-299 0)
(1.48358e-307 1.77854e-299 0)
(1.25101e-307 1.77854e-299 0)
(1.0702e-307 1.77854e-299 0)
(9.38246e-308 1.77854e-299 0)
(8.42457e-308 1.77854e-299 0)
(7.68721e-308 1.77854e-299 0)
(7.06162e-308 1.77854e-299 0)
(6.48278e-308 1.77854e-299 0)
(5.9172e-308 1.77854e-299 0)
(5.35291e-308 1.77854e-299 0)
(4.78544e-308 1.77854e-299 0)
(4.2157e-308 1.77854e-299 0)
(3.64228e-308 1.77854e-299 0)
(3.06421e-308 1.77854e-299 0)
(2.47879e-308 1.77854e-299 0)
(1.88347e-308 1.77854e-299 0)
(1.27487e-308 1.77854e-299 0)
(6.49875e-309 1.77854e-299 0)
(3.84113e-311 1.77854e-299 0)
(-6.70264e-309 1.77854e-299 0)
(-1.38345e-308 1.77854e-299 0)
(-2.15199e-308 1.77854e-299 0)
(-2.99575e-308 1.77854e-299 0)
(-3.92276e-308 1.77854e-299 0)
(-4.92197e-308 1.77854e-299 0)
(-5.9511e-308 1.77854e-299 0)
(-6.93483e-308 1.77854e-299 0)
(-7.78531e-308 1.77854e-299 0)
(-8.42597e-308 1.77854e-299 0)
(-8.82415e-308 1.77854e-299 0)
(-8.99914e-308 1.77854e-299 0)
(-9.02261e-308 1.77854e-299 0)
(-8.98857e-308 1.77854e-299 0)
(-8.9916e-308 1.77854e-299 0)
(-9.09525e-308 1.77854e-299 0)
(-9.33318e-308 1.77854e-299 0)
(-9.70302e-308 1.77854e-299 0)
(-1.01873e-307 1.77854e-299 0)
(-1.07574e-307 1.77854e-299 0)
(-1.13878e-307 1.77854e-299 0)
(-1.2057e-307 1.77854e-299 0)
(-1.27495e-307 1.77854e-299 0)
(-1.3456e-307 1.77854e-299 0)
(-1.41697e-307 1.77854e-299 0)
(-1.48873e-307 1.77854e-299 0)
(-1.56065e-307 1.77854e-299 0)
(-1.63254e-307 1.77854e-299 0)
(-1.70427e-307 1.77854e-299 0)
(-1.77564e-307 1.77854e-299 0)
(-1.84648e-307 1.77854e-299 0)
(-1.91652e-307 1.77854e-299 0)
(-1.98545e-307 1.77854e-299 0)
(-2.05261e-307 1.77854e-299 0)
(-2.11749e-307 1.77854e-299 0)
(-2.17893e-307 1.77854e-299 0)
(-2.23602e-307 1.77854e-299 0)
(-2.28715e-307 1.77854e-299 0)
(-2.33113e-307 1.77854e-299 0)
(-2.36698e-307 1.77854e-299 0)
(-2.39473e-307 1.77854e-299 0)
(-2.41627e-307 1.77854e-299 0)
(-2.43534e-307 1.77854e-299 0)
(-2.45752e-307 1.77854e-299 0)
(-2.489e-307 1.77854e-299 0)
(-2.53506e-307 1.77854e-299 0)
(-2.59858e-307 1.77854e-299 0)
(-2.67946e-307 1.77854e-299 0)
(-2.77457e-307 1.77854e-299 0)
(-2.87923e-307 1.77854e-299 0)
(-2.98841e-307 1.77854e-299 0)
(-3.09802e-307 1.77854e-299 0)
(-3.20561e-307 1.77854e-299 0)
(-3.31011e-307 1.77854e-299 0)
(-3.4117e-307 1.77854e-299 0)
(-3.51082e-307 1.77854e-299 0)
(-3.6082e-307 1.77854e-299 0)
(-3.70425e-307 1.77854e-299 0)
(-3.79932e-307 1.77854e-299 0)
(-3.89353e-307 1.77854e-299 0)
(-3.98714e-307 1.77854e-299 0)
(-4.08046e-307 1.77854e-299 0)
(-4.17397e-307 1.77854e-299 0)
(-4.26839e-307 1.77854e-299 0)
(-4.36446e-307 1.77854e-299 0)
(-4.46318e-307 1.77854e-299 0)
(-4.56534e-307 1.77854e-299 0)
(-4.67192e-307 1.77854e-299 0)
(-4.78366e-307 1.77854e-299 0)
(-4.9014e-307 1.77854e-299 0)
(-5.0258e-307 1.77854e-299 0)
(-5.15766e-307 1.77854e-299 0)
(-5.29767e-307 1.77854e-299 0)
(-5.44679e-307 1.77854e-299 0)
(-5.60589e-307 1.77854e-299 0)
(-5.77621e-307 1.77854e-299 0)
(-5.95901e-307 1.77854e-299 0)
(-6.15588e-307 1.77854e-299 0)
(-6.36862e-307 1.77854e-299 0)
(-6.59924e-307 1.77854e-299 0)
(-6.8502e-307 1.77854e-299 0)
(-7.12412e-307 1.77854e-299 0)
(-7.42413e-307 1.77854e-299 0)
(-7.75373e-307 1.77854e-299 0)
(-8.1169e-307 1.77854e-299 0)
(-8.5182e-307 1.77854e-299 0)
(-8.96278e-307 1.77854e-299 0)
(-9.45643e-307 1.77854e-299 0)
(-1.00058e-306 1.77854e-299 0)
(-1.06184e-306 1.77854e-299 0)
(-1.13026e-306 1.77854e-299 0)
(-1.20678e-306 1.77854e-299 0)
(-1.29249e-306 1.77854e-299 0)
(-1.38858e-306 1.77854e-299 0)
(-1.49638e-306 1.77854e-299 0)
(-1.61738e-306 1.77854e-299 0)
(-1.7532e-306 1.77854e-299 0)
(-1.90565e-306 1.77854e-299 0)
(-2.07669e-306 1.77854e-299 0)
(-2.26848e-306 1.77854e-299 0)
(-2.4834e-306 1.77854e-299 0)
(-2.72405e-306 1.77854e-299 0)
(-2.99325e-306 1.77854e-299 0)
(-3.29405e-306 1.77854e-299 0)
(-3.62971e-306 1.77854e-299 0)
(-4.00366e-306 1.77854e-299 0)
(-4.4195e-306 1.77854e-299 0)
(-4.88093e-306 1.77854e-299 0)
(-5.3917e-306 1.77854e-299 0)
(-5.95545e-306 1.77854e-299 0)
(-6.5756e-306 1.77854e-299 0)
(-7.25513e-306 1.77854e-299 0)
(-7.99627e-306 1.77854e-299 0)
(-8.80026e-306 1.77854e-299 0)
(-9.66674e-306 1.77854e-299 0)
(-1.05933e-305 1.77854e-299 0)
(-1.15747e-305 1.77854e-299 0)
(-1.26018e-305 1.77854e-299 0)
(-1.36604e-305 1.77854e-299 0)
(-1.47294e-305 1.77854e-299 0)
(-1.57791e-305 1.77854e-299 0)
(-1.67682e-305 1.77854e-299 0)
(-1.76411e-305 1.77854e-299 0)
(-1.83231e-305 1.77854e-299 0)
(-1.87167e-305 1.77855e-299 0)
(-1.86954e-305 1.77855e-299 0)
(-1.80981e-305 1.77855e-299 0)
(-1.67234e-305 1.77855e-299 0)
(-1.43259e-305 1.77855e-299 0)
(-1.06175e-305 1.77855e-299 0)
(-5.28248e-306 1.77855e-299 0)
(1.97973e-306 1.77855e-299 0)
(1.13538e-305 1.77855e-299 0)
(2.26867e-305 1.77855e-299 0)
(3.50061e-305 1.77855e-299 0)
(4.54439e-305 1.77855e-299 0)
(4.6852e-305 1.77854e-299 0)
(2.20177e-305 1.77854e-299 0)
(-2.00773e-305 1.77854e-299 0)
(-4.34419e-305 1.77854e-299 0)
(-4.31137e-305 1.77855e-299 0)
(-3.3764e-305 1.77855e-299 0)
(-2.22368e-305 1.77855e-299 0)
(-1.14042e-305 1.77855e-299 0)
(-2.31694e-306 1.77855e-299 0)
(4.80263e-306 1.77855e-299 0)
(1.00905e-305 1.77855e-299 0)
(1.38154e-305 1.77855e-299 0)
(1.627e-305 1.77855e-299 0)
(1.77225e-305 1.77855e-299 0)
(1.83981e-305 1.77855e-299 0)
(1.84798e-305 1.77854e-299 0)
(1.81169e-305 1.77854e-299 0)
(1.74336e-305 1.77854e-299 0)
(1.65348e-305 1.77854e-299 0)
(1.55066e-305 1.77854e-299 0)
(1.44163e-305 1.77854e-299 0)
(1.33136e-305 1.77854e-299 0)
(1.2232e-305 1.77854e-299 0)
(1.1193e-305 1.77854e-299 0)
(1.02092e-305 1.77854e-299 0)
(9.28746e-306 1.77854e-299 0)
(8.43075e-306 1.77854e-299 0)
(7.63977e-306 1.77854e-299 0)
(6.91358e-306 1.77854e-299 0)
(6.25005e-306 1.77854e-299 0)
(5.64621e-306 1.77854e-299 0)
(5.0986e-306 1.77854e-299 0)
(4.60347e-306 1.77854e-299 0)
(4.15696e-306 1.77854e-299 0)
(3.75522e-306 1.77854e-299 0)
(3.39449e-306 1.77854e-299 0)
(3.07114e-306 1.77854e-299 0)
(2.78173e-306 1.77854e-299 0)
(2.52302e-306 1.77854e-299 0)
(2.29201e-306 1.77854e-299 0)
(2.08594e-306 1.77854e-299 0)
(1.90228e-306 1.77854e-299 0)
(1.73876e-306 1.77854e-299 0)
(1.59326e-306 1.77854e-299 0)
(1.4639e-306 1.77854e-299 0)
(1.34892e-306 1.77854e-299 0)
(1.24674e-306 1.77854e-299 0)
(1.15591e-306 1.77854e-299 0)
(1.07516e-306 1.77854e-299 0)
(1.00342e-306 1.77854e-299 0)
(9.3978e-307 1.77854e-299 0)
(8.83505e-307 1.77854e-299 0)
(8.33885e-307 1.77854e-299 0)
(7.90165e-307 1.77854e-299 0)
(7.51502e-307 1.77854e-299 0)
(7.17009e-307 1.77854e-299 0)
(6.85857e-307 1.77854e-299 0)
(6.57394e-307 1.77854e-299 0)
(6.31168e-307 1.77854e-299 0)
(6.06925e-307 1.77854e-299 0)
(5.84487e-307 1.77854e-299 0)
(5.63703e-307 1.77854e-299 0)
(5.44374e-307 1.77854e-299 0)
(5.2627e-307 1.77854e-299 0)
(5.0914e-307 1.77854e-299 0)
(4.92765e-307 1.77854e-299 0)
(4.7697e-307 1.77854e-299 0)
(4.61644e-307 1.77854e-299 0)
(4.46725e-307 1.77854e-299 0)
(4.32207e-307 1.77854e-299 0)
(4.18104e-307 1.77854e-299 0)
(4.04447e-307 1.77854e-299 0)
(3.91265e-307 1.77854e-299 0)
(3.78571e-307 1.77854e-299 0)
(3.66371e-307 1.77854e-299 0)
(3.54646e-307 1.77854e-299 0)
(3.4338e-307 1.77854e-299 0)
(3.32539e-307 1.77854e-299 0)
(3.22091e-307 1.77854e-299 0)
(3.12007e-307 1.77854e-299 0)
(3.02258e-307 1.77854e-299 0)
(2.92819e-307 1.77854e-299 0)
(2.83666e-307 1.77854e-299 0)
(2.74789e-307 1.77854e-299 0)
(2.66171e-307 1.77854e-299 0)
(2.57816e-307 1.77854e-299 0)
(2.49715e-307 1.77854e-299 0)
(2.41886e-307 1.77854e-299 0)
(2.34321e-307 1.77854e-299 0)
(2.27052e-307 1.77854e-299 0)
(2.20065e-307 1.77854e-299 0)
(2.13385e-307 1.77854e-299 0)
(2.06992e-307 1.77854e-299 0)
(2.00901e-307 1.77854e-299 0)
(1.95091e-307 1.77854e-299 0)
(1.89553e-307 1.77854e-299 0)
(1.84261e-307 1.77854e-299 0)
(1.79178e-307 1.77854e-299 0)
(1.74299e-307 1.77854e-299 0)
(1.69618e-307 1.77854e-299 0)
(1.65245e-307 1.77854e-299 0)
(1.61247e-307 1.77854e-299 0)
(1.57909e-307 1.77854e-299 0)
(1.55654e-307 1.77854e-299 0)
(1.55498e-307 1.77854e-299 0)
(1.58836e-307 1.77854e-299 0)
(1.67105e-307 1.77854e-299 0)
(1.80605e-307 1.77854e-299 0)
(1.97588e-307 1.77854e-299 0)
(2.13995e-307 1.77854e-299 0)
(2.24634e-307 1.77854e-299 0)
(2.25233e-307 1.77854e-299 0)
(2.1435e-307 1.77854e-299 0)
(1.93968e-307 1.77854e-299 0)
(1.68496e-307 1.77854e-299 0)
(1.42809e-307 1.77854e-299 0)
(1.205e-307 1.77854e-299 0)
(1.03103e-307 1.77854e-299 0)
(9.03707e-308 1.77854e-299 0)
(8.11089e-308 1.77854e-299 0)
(7.39786e-308 1.77854e-299 0)
(6.79373e-308 1.77854e-299 0)
(6.2358e-308 1.77854e-299 0)
(5.69132e-308 1.77854e-299 0)
(5.1485e-308 1.77854e-299 0)
(4.60271e-308 1.77854e-299 0)
(4.05475e-308 1.77854e-299 0)
(3.50316e-308 1.77854e-299 0)
(2.94712e-308 1.77854e-299 0)
(2.38393e-308 1.77854e-299 0)
(1.81127e-308 1.77854e-299 0)
(1.22577e-308 1.77854e-299 0)
(6.24525e-309 1.77854e-299 0)
(2.93126e-311 1.77854e-299 0)
(-6.45731e-309 1.77854e-299 0)
(-1.33216e-308 1.77854e-299 0)
(-2.07191e-308 1.77854e-299 0)
(-2.88377e-308 1.77854e-299 0)
(-3.77507e-308 1.77854e-299 0)
(-4.73484e-308 1.77854e-299 0)
(-5.72242e-308 1.77854e-299 0)
(-6.66592e-308 1.77854e-299 0)
(-7.48157e-308 1.77854e-299 0)
(-8.09665e-308 1.77854e-299 0)
(-8.4801e-308 1.77854e-299 0)
(-8.65045e-308 1.77854e-299 0)
(-8.67591e-308 1.77854e-299 0)
(-8.64609e-308 1.77854e-299 0)
(-8.65115e-308 1.77854e-299 0)
(-8.752e-308 1.77854e-299 0)
(-8.98095e-308 1.77854e-299 0)
(-9.33617e-308 1.77854e-299 0)
(-9.80112e-308 1.77854e-299 0)
(-1.03486e-307 1.77854e-299 0)
(-1.09542e-307 1.77854e-299 0)
(-1.15973e-307 1.77854e-299 0)
(-1.2263e-307 1.77854e-299 0)
(-1.29423e-307 1.77854e-299 0)
(-1.36287e-307 1.77854e-299 0)
(-1.43187e-307 1.77854e-299 0)
(-1.50104e-307 1.77854e-299 0)
(-1.57017e-307 1.77854e-299 0)
(-1.63915e-307 1.77854e-299 0)
(-1.70779e-307 1.77854e-299 0)
(-1.77592e-307 1.77854e-299 0)
(-1.84327e-307 1.77854e-299 0)
(-1.90953e-307 1.77854e-299 0)
(-1.9741e-307 1.77854e-299 0)
(-2.03646e-307 1.77854e-299 0)
(-2.0955e-307 1.77854e-299 0)
(-2.15034e-307 1.77854e-299 0)
(-2.19946e-307 1.77854e-299 0)
(-2.24173e-307 1.77854e-299 0)
(-2.27621e-307 1.77854e-299 0)
(-2.30297e-307 1.77854e-299 0)
(-2.32385e-307 1.77854e-299 0)
(-2.34243e-307 1.77854e-299 0)
(-2.36403e-307 1.77854e-299 0)
(-2.39454e-307 1.77854e-299 0)
(-2.43898e-307 1.77854e-299 0)
(-2.50009e-307 1.77854e-299 0)
(-2.57776e-307 1.77854e-299 0)
(-2.66904e-307 1.77854e-299 0)
(-2.76948e-307 1.77854e-299 0)
(-2.87431e-307 1.77854e-299 0)
(-2.97961e-307 1.77854e-299 0)
(-3.08304e-307 1.77854e-299 0)
(-3.18355e-307 1.77854e-299 0)
(-3.28127e-307 1.77854e-299 0)
(-3.37663e-307 1.77854e-299 0)
(-3.47031e-307 1.77854e-299 0)
(-3.56271e-307 1.77854e-299 0)
(-3.65415e-307 1.77854e-299 0)
(-3.74478e-307 1.77854e-299 0)
(-3.83483e-307 1.77854e-299 0)
(-3.92461e-307 1.77854e-299 0)
(-4.01458e-307 1.77854e-299 0)
(-4.10544e-307 1.77854e-299 0)
(-4.1979e-307 1.77854e-299 0)
(-4.29289e-307 1.77854e-299 0)
(-4.3912e-307 1.77854e-299 0)
(-4.49377e-307 1.77854e-299 0)
(-4.60128e-307 1.77854e-299 0)
(-4.71458e-307 1.77854e-299 0)
(-4.83428e-307 1.77854e-299 0)
(-4.96115e-307 1.77854e-299 0)
(-5.09589e-307 1.77854e-299 0)
(-5.23937e-307 1.77854e-299 0)
(-5.39248e-307 1.77854e-299 0)
(-5.55639e-307 1.77854e-299 0)
(-5.73232e-307 1.77854e-299 0)
(-5.9218e-307 1.77854e-299 0)
(-6.12657e-307 1.77854e-299 0)
(-6.34856e-307 1.77854e-299 0)
(-6.59013e-307 1.77854e-299 0)
(-6.85382e-307 1.77854e-299 0)
(-7.14264e-307 1.77854e-299 0)
(-7.45996e-307 1.77854e-299 0)
(-7.80961e-307 1.77854e-299 0)
(-8.19599e-307 1.77854e-299 0)
(-8.62405e-307 1.77854e-299 0)
(-9.09938e-307 1.77854e-299 0)
(-9.62841e-307 1.77854e-299 0)
(-1.02182e-306 1.77854e-299 0)
(-1.08771e-306 1.77854e-299 0)
(-1.1614e-306 1.77854e-299 0)
(-1.24394e-306 1.77854e-299 0)
(-1.33647e-306 1.77854e-299 0)
(-1.44028e-306 1.77854e-299 0)
(-1.5568e-306 1.77854e-299 0)
(-1.6876e-306 1.77854e-299 0)
(-1.8344e-306 1.77854e-299 0)
(-1.9991e-306 1.77854e-299 0)
(-2.18379e-306 1.77854e-299 0)
(-2.39075e-306 1.77854e-299 0)
(-2.62247e-306 1.77854e-299 0)
(-2.88168e-306 1.77854e-299 0)
(-3.17131e-306 1.77854e-299 0)
(-3.49448e-306 1.77854e-299 0)
(-3.85451e-306 1.77854e-299 0)
(-4.25484e-306 1.77854e-299 0)
(-4.69903e-306 1.77854e-299 0)
(-5.19068e-306 1.77854e-299 0)
(-5.73326e-306 1.77854e-299 0)
(-6.33005e-306 1.77854e-299 0)
(-6.9839e-306 1.77854e-299 0)
(-7.69691e-306 1.77854e-299 0)
(-8.4702e-306 1.77854e-299 0)
(-9.3034e-306 1.77854e-299 0)
(-1.01941e-305 1.77854e-299 0)
(-1.11371e-305 1.77854e-299 0)
(-1.21235e-305 1.77854e-299 0)
(-1.31395e-305 1.77854e-299 0)
(-1.41645e-305 1.77854e-299 0)
(-1.51697e-305 1.77854e-299 0)
(-1.6115e-305 1.77854e-299 0)
(-1.69462e-305 1.77854e-299 0)
(-1.75913e-305 1.77854e-299 0)
(-1.79557e-305 1.77855e-299 0)
(-1.7917e-305 1.77855e-299 0)
(-1.73199e-305 1.77855e-299 0)
(-1.59706e-305 1.77855e-299 0)
(-1.36337e-305 1.77855e-299 0)
(-1.00354e-305 1.77855e-299 0)
(-4.87962e-306 1.77855e-299 0)
(2.10668e-306 1.77855e-299 0)
(1.10694e-305 1.77855e-299 0)
(2.18027e-305 1.77855e-299 0)
(3.32738e-305 1.77855e-299 0)
(4.26014e-305 1.77855e-299 0)
(4.29546e-305 1.77854e-299 0)
(1.98496e-305 1.77854e-299 0)
(-1.74345e-305 1.77854e-299 0)
(-3.85427e-305 1.77854e-299 0)
(-3.93475e-305 1.77855e-299 0)
(-3.13814e-305 1.77855e-299 0)
(-2.09666e-305 1.77855e-299 0)
(-1.09483e-305 1.77855e-299 0)
(-2.4352e-306 1.77855e-299 0)
(4.29011e-306 1.77855e-299 0)
(9.31556e-306 1.77855e-299 0)
(1.28737e-305 1.77855e-299 0)
(1.5231e-305 1.77855e-299 0)
(1.66364e-305 1.77855e-299 0)
(1.73021e-305 1.77855e-299 0)
(1.74014e-305 1.77854e-299 0)
(1.70766e-305 1.77854e-299 0)
(1.64458e-305 1.77854e-299 0)
(1.56083e-305 1.77854e-299 0)
(1.46458e-305 1.77854e-299 0)
(1.36222e-305 1.77854e-299 0)
(1.25846e-305 1.77854e-299 0)
(1.15654e-305 1.77854e-299 0)
(1.05852e-305 1.77854e-299 0)
(9.65636e-306 1.77854e-299 0)
(8.78557e-306 1.77854e-299 0)
(7.97595e-306 1.77854e-299 0)
(7.22824e-306 1.77854e-299 0)
(6.54161e-306 1.77854e-299 0)
(5.91409e-306 1.77854e-299 0)
(5.34292e-306 1.77854e-299 0)
(4.82487e-306 1.77854e-299 0)
(4.35642e-306 1.77854e-299 0)
(3.93392e-306 1.77854e-299 0)
(3.55375e-306 1.77854e-299 0)
(3.21236e-306 1.77854e-299 0)
(2.90633e-306 1.77854e-299 0)
(2.63241e-306 1.77854e-299 0)
(2.38754e-306 1.77854e-299 0)
(2.16888e-306 1.77854e-299 0)
(1.97383e-306 1.77854e-299 0)
(1.79998e-306 1.77854e-299 0)
(1.64519e-306 1.77854e-299 0)
(1.50746e-306 1.77854e-299 0)
(1.38501e-306 1.77854e-299 0)
(1.27616e-306 1.77854e-299 0)
(1.17943e-306 1.77854e-299 0)
(1.09345e-306 1.77854e-299 0)
(1.01702e-306 1.77854e-299 0)
(9.49111e-307 1.77854e-299 0)
(8.88885e-307 1.77854e-299 0)
(8.35621e-307 1.77854e-299 0)
(7.88646e-307 1.77854e-299 0)
(7.47244e-307 1.77854e-299 0)
(7.10619e-307 1.77854e-299 0)
(6.77943e-307 1.77854e-299 0)
(6.4844e-307 1.77854e-299 0)
(6.21497e-307 1.77854e-299 0)
(5.96683e-307 1.77854e-299 0)
(5.73751e-307 1.77854e-299 0)
(5.52529e-307 1.77854e-299 0)
(5.32868e-307 1.77854e-299 0)
(5.1458e-307 1.77854e-299 0)
(4.97448e-307 1.77854e-299 0)
(4.8124e-307 1.77854e-299 0)
(4.6575e-307 1.77854e-299 0)
(4.50812e-307 1.77854e-299 0)
(4.36322e-307 1.77854e-299 0)
(4.22221e-307 1.77854e-299 0)
(4.08501e-307 1.77854e-299 0)
(3.95174e-307 1.77854e-299 0)
(3.82269e-307 1.77854e-299 0)
(3.69811e-307 1.77854e-299 0)
(3.57814e-307 1.77854e-299 0)
(3.46283e-307 1.77854e-299 0)
(3.352e-307 1.77854e-299 0)
(3.24551e-307 1.77854e-299 0)
(3.14302e-307 1.77854e-299 0)
(3.04426e-307 1.77854e-299 0)
(2.94894e-307 1.77854e-299 0)
(2.85678e-307 1.77854e-299 0)
(2.76756e-307 1.77854e-299 0)
(2.68104e-307 1.77854e-299 0)
(2.59714e-307 1.77854e-299 0)
(2.51569e-307 1.77854e-299 0)
(2.43673e-307 1.77854e-299 0)
(2.36017e-307 1.77854e-299 0)
(2.28618e-307 1.77854e-299 0)
(2.2147e-307 1.77854e-299 0)
(2.146e-307 1.77854e-299 0)
(2.07997e-307 1.77854e-299 0)
(2.01683e-307 1.77854e-299 0)
(1.95642e-307 1.77854e-299 0)
(1.89885e-307 1.77854e-299 0)
(1.84392e-307 1.77854e-299 0)
(1.79157e-307 1.77854e-299 0)
(1.74153e-307 1.77854e-299 0)
(1.69349e-307 1.77854e-299 0)
(1.64739e-307 1.77854e-299 0)
(1.60321e-307 1.77854e-299 0)
(1.56195e-307 1.77854e-299 0)
(1.52433e-307 1.77854e-299 0)
(1.49305e-307 1.77854e-299 0)
(1.47226e-307 1.77854e-299 0)
(1.47147e-307 1.77854e-299 0)
(1.50363e-307 1.77854e-299 0)
(1.58182e-307 1.77854e-299 0)
(1.70845e-307 1.77854e-299 0)
(1.86696e-307 1.77854e-299 0)
(2.01956e-307 1.77854e-299 0)
(2.11813e-307 1.77854e-299 0)
(2.12315e-307 1.77854e-299 0)
(2.02124e-307 1.77854e-299 0)
(1.83065e-307 1.77854e-299 0)
(1.59218e-307 1.77854e-299 0)
(1.3511e-307 1.77854e-299 0)
(1.14102e-307 1.77854e-299 0)
(9.7654e-308 1.77854e-299 0)
(8.55695e-308 1.77854e-299 0)
(7.67555e-308 1.77854e-299 0)
(6.99685e-308 1.77854e-299 0)
(6.4229e-308 1.77854e-299 0)
(5.89409e-308 1.77854e-299 0)
(5.37892e-308 1.77854e-299 0)
(4.86576e-308 1.77854e-299 0)
(4.34995e-308 1.77854e-299 0)
(3.83206e-308 1.77854e-299 0)
(3.31072e-308 1.77854e-299 0)
(2.78513e-308 1.77854e-299 0)
(2.25275e-308 1.77854e-299 0)
(1.71141e-308 1.77854e-299 0)
(1.15793e-308 1.77854e-299 0)
(5.89537e-309 1.77854e-299 0)
(1.80378e-311 1.77854e-299 0)
(-6.11621e-309 1.77854e-299 0)
(-1.26092e-308 1.77854e-299 0)
(-1.96075e-308 1.77854e-299 0)
(-2.7284e-308 1.77854e-299 0)
(-3.57035e-308 1.77854e-299 0)
(-4.47582e-308 1.77854e-299 0)
(-5.40639e-308 1.77854e-299 0)
(-6.29475e-308 1.77854e-299 0)
(-7.0627e-308 1.77854e-299 0)
(-7.64259e-308 1.77854e-299 0)
(-8.00557e-308 1.77854e-299 0)
(-8.1691e-308 1.77854e-299 0)
(-8.19673e-308 1.77854e-299 0)
(-8.17222e-308 1.77854e-299 0)
(-8.17969e-308 1.77854e-299 0)
(-8.27646e-308 1.77854e-299 0)
(-8.49298e-308 1.77854e-299 0)
(-8.82807e-308 1.77854e-299 0)
(-9.26643e-308 1.77854e-299 0)
(-9.78278e-308 1.77854e-299 0)
(-1.03542e-307 1.77854e-299 0)
(-1.09614e-307 1.77854e-299 0)
(-1.15901e-307 1.77854e-299 0)
(-1.22317e-307 1.77854e-299 0)
(-1.28803e-307 1.77854e-299 0)
(-1.35323e-307 1.77854e-299 0)
(-1.41859e-307 1.77854e-299 0)
(-1.48392e-307 1.77854e-299 0)
(-1.5491e-307 1.77854e-299 0)
(-1.61395e-307 1.77854e-299 0)
(-1.67833e-307 1.77854e-299 0)
(-1.74195e-307 1.77854e-299 0)
(-1.80454e-307 1.77854e-299 0)
(-1.86553e-307 1.77854e-299 0)
(-1.92441e-307 1.77854e-299 0)
(-1.98015e-307 1.77854e-299 0)
(-2.03189e-307 1.77854e-299 0)
(-2.07825e-307 1.77854e-299 0)
(-2.11814e-307 1.77854e-299 0)
(-2.15073e-307 1.77854e-299 0)
(-2.17612e-307 1.77854e-299 0)
(-2.19606e-307 1.77854e-299 0)
(-2.21391e-307 1.77854e-299 0)
(-2.23466e-307 1.77854e-299 0)
(-2.26378e-307 1.77854e-299 0)
(-2.30595e-307 1.77854e-299 0)
(-2.36372e-307 1.77854e-299 0)
(-2.43697e-307 1.77854e-299 0)
(-2.52299e-307 1.77854e-299 0)
(-2.61765e-307 1.77854e-299 0)
(-2.71648e-307 1.77854e-299 0)
(-2.81585e-307 1.77854e-299 0)
(-2.91353e-307 1.77854e-299 0)
(-3.00851e-307 1.77854e-299 0)
(-3.10088e-307 1.77854e-299 0)
(-3.19104e-307 1.77854e-299 0)
(-3.2796e-307 1.77854e-299 0)
(-3.36694e-307 1.77854e-299 0)
(-3.45337e-307 1.77854e-299 0)
(-3.53903e-307 1.77854e-299 0)
(-3.62416e-307 1.77854e-299 0)
(-3.70904e-307 1.77854e-299 0)
(-3.79412e-307 1.77854e-299 0)
(-3.88003e-307 1.77854e-299 0)
(-3.96748e-307 1.77854e-299 0)
(-4.05732e-307 1.77854e-299 0)
(-4.1503e-307 1.77854e-299 0)
(-4.24729e-307 1.77854e-299 0)
(-4.34897e-307 1.77854e-299 0)
(-4.4561e-307 1.77854e-299 0)
(-4.56929e-307 1.77854e-299 0)
(-4.68926e-307 1.77854e-299 0)
(-4.81667e-307 1.77854e-299 0)
(-4.95236e-307 1.77854e-299 0)
(-5.09717e-307 1.77854e-299 0)
(-5.25219e-307 1.77854e-299 0)
(-5.4186e-307 1.77854e-299 0)
(-5.59784e-307 1.77854e-299 0)
(-5.79154e-307 1.77854e-299 0)
(-6.00156e-307 1.77854e-299 0)
(-6.23012e-307 1.77854e-299 0)
(-6.47961e-307 1.77854e-299 0)
(-6.7529e-307 1.77854e-299 0)
(-7.05318e-307 1.77854e-299 0)
(-7.38407e-307 1.77854e-299 0)
(-7.74973e-307 1.77854e-299 0)
(-8.15486e-307 1.77854e-299 0)
(-8.60475e-307 1.77854e-299 0)
(-9.10547e-307 1.77854e-299 0)
(-9.66378e-307 1.77854e-299 0)
(-1.02874e-306 1.77854e-299 0)
(-1.0985e-306 1.77854e-299 0)
(-1.17663e-306 1.77854e-299 0)
(-1.26423e-306 1.77854e-299 0)
(-1.3625e-306 1.77854e-299 0)
(-1.47279e-306 1.77854e-299 0)
(-1.5966e-306 1.77854e-299 0)
(-1.73556e-306 1.77854e-299 0)
(-1.89147e-306 1.77854e-299 0)
(-2.06629e-306 1.77854e-299 0)
(-2.26218e-306 1.77854e-299 0)
(-2.48151e-306 1.77854e-299 0)
(-2.72684e-306 1.77854e-299 0)
(-3.00096e-306 1.77854e-299 0)
(-3.3068e-306 1.77854e-299 0)
(-3.6475e-306 1.77854e-299 0)
(-4.02631e-306 1.77854e-299 0)
(-4.44659e-306 1.77854e-299 0)
(-4.9117e-306 1.77854e-299 0)
(-5.42494e-306 1.77854e-299 0)
(-5.98937e-306 1.77854e-299 0)
(-6.60763e-306 1.77854e-299 0)
(-7.28168e-306 1.77854e-299 0)
(-8.01252e-306 1.77854e-299 0)
(-8.79971e-306 1.77854e-299 0)
(-9.64086e-306 1.77854e-299 0)
(-1.0531e-305 1.77854e-299 0)
(-1.14614e-305 1.77854e-299 0)
(-1.24188e-305 1.77854e-299 0)
(-1.33835e-305 1.77854e-299 0)
(-1.43278e-305 1.77854e-299 0)
(-1.52135e-305 1.77854e-299 0)
(-1.59888e-305 1.77854e-299 0)
(-1.65848e-305 1.77854e-299 0)
(-1.69113e-305 1.77855e-299 0)
(-1.6852e-305 1.77855e-299 0)
(-1.62594e-305 1.77855e-299 0)
(-1.49502e-305 1.77855e-299 0)
(-1.27034e-305 1.77855e-299 0)
(-9.2642e-306 1.77855e-299 0)
(-4.36273e-306 1.77855e-299 0)
(2.23813e-306 1.77855e-299 0)
(1.06357e-305 1.77855e-299 0)
(2.05624e-305 1.77855e-299 0)
(3.09251e-305 1.77855e-299 0)
(3.88743e-305 1.77855e-299 0)
(3.81068e-305 1.77854e-299 0)
(1.72365e-305 1.77854e-299 0)
(-1.43912e-305 1.77854e-299 0)
(-3.26652e-305 1.77854e-299 0)
(-3.4521e-305 1.77855e-299 0)
(-2.81901e-305 1.77855e-299 0)
(-1.91907e-305 1.77855e-299 0)
(-1.02522e-305 1.77855e-299 0)
(-2.52235e-306 1.77855e-299 0)
(3.65288e-306 1.77855e-299 0)
(8.30471e-306 1.77855e-299 0)
(1.16205e-305 1.77855e-299 0)
(1.38324e-305 1.77855e-299 0)
(1.51638e-305 1.77855e-299 0)
(1.58084e-305 1.77855e-299 0)
(1.59263e-305 1.77854e-299 0)
(1.56494e-305 1.77854e-299 0)
(1.50871e-305 1.77854e-299 0)
(1.43313e-305 1.77854e-299 0)
(1.34572e-305 1.77854e-299 0)
(1.2524e-305 1.77854e-299 0)
(1.15754e-305 1.77854e-299 0)
(1.06417e-305 1.77854e-299 0)
(9.74246e-306 1.77854e-299 0)
(8.88942e-306 1.77854e-299 0)
(8.08911e-306 1.77854e-299 0)
(7.34463e-306 1.77854e-299 0)
(6.65682e-306 1.77854e-299 0)
(6.02499e-306 1.77854e-299 0)
(5.4474e-306 1.77854e-299 0)
(4.92157e-306 1.77854e-299 0)
(4.44455e-306 1.77854e-299 0)
(4.01313e-306 1.77854e-299 0)
(3.62398e-306 1.77854e-299 0)
(3.27379e-306 1.77854e-299 0)
(2.95928e-306 1.77854e-299 0)
(2.67733e-306 1.77854e-299 0)
(2.42495e-306 1.77854e-299 0)
(2.19932e-306 1.77854e-299 0)
(1.99783e-306 1.77854e-299 0)
(1.81809e-306 1.77854e-299 0)
(1.6579e-306 1.77854e-299 0)
(1.51525e-306 1.77854e-299 0)
(1.38833e-306 1.77854e-299 0)
(1.27548e-306 1.77854e-299 0)
(1.17517e-306 1.77854e-299 0)
(1.08602e-306 1.77854e-299 0)
(1.00678e-306 1.77854e-299 0)
(9.36346e-307 1.77854e-299 0)
(8.73778e-307 1.77854e-299 0)
(8.18291e-307 1.77854e-299 0)
(7.69214e-307 1.77854e-299 0)
(7.25919e-307 1.77854e-299 0)
(6.87744e-307 1.77854e-299 0)
(6.53963e-307 1.77854e-299 0)
(6.23822e-307 1.77854e-299 0)
(5.96617e-307 1.77854e-299 0)
(5.71786e-307 1.77854e-299 0)
(5.48934e-307 1.77854e-299 0)
(5.27821e-307 1.77854e-299 0)
(5.08284e-307 1.77854e-299 0)
(4.90181e-307 1.77854e-299 0)
(4.73338e-307 1.77854e-299 0)
(4.57558e-307 1.77854e-299 0)
(4.42631e-307 1.77854e-299 0)
(4.28368e-307 1.77854e-299 0)
(4.1462e-307 1.77854e-299 0)
(4.01288e-307 1.77854e-299 0)
(3.88318e-307 1.77854e-299 0)
(3.75701e-307 1.77854e-299 0)
(3.63447e-307 1.77854e-299 0)
(3.51581e-307 1.77854e-299 0)
(3.40126e-307 1.77854e-299 0)
(3.29093e-307 1.77854e-299 0)
(3.18487e-307 1.77854e-299 0)
(3.08293e-307 1.77854e-299 0)
(2.98497e-307 1.77854e-299 0)
(2.89069e-307 1.77854e-299 0)
(2.79984e-307 1.77854e-299 0)
(2.71215e-307 1.77854e-299 0)
(2.62738e-307 1.77854e-299 0)
(2.54531e-307 1.77854e-299 0)
(2.46574e-307 1.77854e-299 0)
(2.38857e-307 1.77854e-299 0)
(2.31367e-307 1.77854e-299 0)
(2.24105e-307 1.77854e-299 0)
(2.17065e-307 1.77854e-299 0)
(2.10261e-307 1.77854e-299 0)
(2.03689e-307 1.77854e-299 0)
(1.97371e-307 1.77854e-299 0)
(1.91299e-307 1.77854e-299 0)
(1.85492e-307 1.77854e-299 0)
(1.79937e-307 1.77854e-299 0)
(1.74641e-307 1.77854e-299 0)
(1.69589e-307 1.77854e-299 0)
(1.64772e-307 1.77854e-299 0)
(1.60169e-307 1.77854e-299 0)
(1.5575e-307 1.77854e-299 0)
(1.51511e-307 1.77854e-299 0)
(1.47455e-307 1.77854e-299 0)
(1.43669e-307 1.77854e-299 0)
(1.4023e-307 1.77854e-299 0)
(1.37385e-307 1.77854e-299 0)
(1.35535e-307 1.77854e-299 0)
(1.35542e-307 1.77854e-299 0)
(1.38573e-307 1.77854e-299 0)
(1.45765e-307 1.77854e-299 0)
(1.57296e-307 1.77854e-299 0)
(1.71636e-307 1.77854e-299 0)
(1.85378e-307 1.77854e-299 0)
(1.94211e-307 1.77854e-299 0)
(1.946e-307 1.77854e-299 0)
(1.85339e-307 1.77854e-299 0)
(1.68054e-307 1.77854e-299 0)
(1.46391e-307 1.77854e-299 0)
(1.2442e-307 1.77854e-299 0)
(1.05191e-307 1.77854e-299 0)
(9.00577e-308 1.77854e-299 0)
(7.88839e-308 1.77854e-299 0)
(7.07066e-308 1.77854e-299 0)
(6.4408e-308 1.77854e-299 0)
(5.90943e-308 1.77854e-299 0)
(5.42127e-308 1.77854e-299 0)
(4.94679e-308 1.77854e-299 0)
(4.47465e-308 1.77854e-299 0)
(4.00031e-308 1.77854e-299 0)
(3.524e-308 1.77854e-299 0)
(3.0445e-308 1.77854e-299 0)
(2.56106e-308 1.77854e-299 0)
(2.07135e-308 1.77854e-299 0)
(1.57338e-308 1.77854e-299 0)
(1.06423e-308 1.77854e-299 0)
(5.41314e-309 1.77854e-299 0)
(4.96549e-312 1.77854e-299 0)
(-5.64103e-309 1.77854e-299 0)
(-1.1619e-308 1.77854e-299 0)
(-1.80628e-308 1.77854e-299 0)
(-2.51265e-308 1.77854e-299 0)
(-3.28644e-308 1.77854e-299 0)
(-4.1172e-308 1.77854e-299 0)
(-4.96967e-308 1.77854e-299 0)
(-5.78269e-308 1.77854e-299 0)
(-6.48548e-308 1.77854e-299 0)
(-7.01713e-308 1.77854e-299 0)
(-7.35165e-308 1.77854e-299 0)
(-7.50507e-308 1.77854e-299 0)
(-7.53472e-308 1.77854e-299 0)
(-7.51653e-308 1.77854e-299 0)
(-7.52657e-308 1.77854e-299 0)
(-7.61731e-308 1.77854e-299 0)
(-7.81658e-308 1.77854e-299 0)
(-8.12402e-308 1.77854e-299 0)
(-8.52588e-308 1.77854e-299 0)
(-8.99947e-308 1.77854e-299 0)
(-9.5239e-308 1.77854e-299 0)
(-1.00814e-307 1.77854e-299 0)
(-1.06591e-307 1.77854e-299 0)
(-1.12488e-307 1.77854e-299 0)
(-1.1845e-307 1.77854e-299 0)
(-1.24445e-307 1.77854e-299 0)
(-1.30454e-307 1.77854e-299 0)
(-1.36461e-307 1.77854e-299 0)
(-1.42454e-307 1.77854e-299 0)
(-1.48417e-307 1.77854e-299 0)
(-1.54334e-307 1.77854e-299 0)
(-1.60183e-307 1.77854e-299 0)
(-1.65935e-307 1.77854e-299 0)
(-1.71539e-307 1.77854e-299 0)
(-1.76947e-307 1.77854e-299 0)
(-1.82066e-307 1.77854e-299 0)
(-1.86815e-307 1.77854e-299 0)
(-1.91069e-307 1.77854e-299 0)
(-1.94732e-307 1.77854e-299 0)
(-1.9773e-307 1.77854e-299 0)
(-2.00077e-307 1.77854e-299 0)
(-2.01934e-307 1.77854e-299 0)
(-2.03611e-307 1.77854e-299 0)
(-2.05558e-307 1.77854e-299 0)
(-2.08271e-307 1.77854e-299 0)
(-2.12169e-307 1.77854e-299 0)
(-2.17482e-307 1.77854e-299 0)
(-2.24201e-307 1.77854e-299 0)
(-2.32083e-307 1.77854e-299 0)
(-2.40755e-307 1.77854e-299 0)
(-2.49817e-307 1.77854e-299 0)
(-2.58937e-307 1.77854e-299 0)
(-2.6791e-307 1.77854e-299 0)
(-2.76644e-307 1.77854e-299 0)
(-2.85141e-307 1.77854e-299 0)
(-2.93436e-307 1.77854e-299 0)
(-3.01583e-307 1.77854e-299 0)
(-3.09617e-307 1.77854e-299 0)
(-3.17567e-307 1.77854e-299 0)
(-3.25446e-307 1.77854e-299 0)
(-3.33277e-307 1.77854e-299 0)
(-3.41086e-307 1.77854e-299 0)
(-3.48916e-307 1.77854e-299 0)
(-3.56823e-307 1.77854e-299 0)
(-3.64872e-307 1.77854e-299 0)
(-3.73142e-307 1.77854e-299 0)
(-3.81701e-307 1.77854e-299 0)
(-3.90627e-307 1.77854e-299 0)
(-3.99985e-307 1.77854e-299 0)
(-4.09844e-307 1.77854e-299 0)
(-4.20261e-307 1.77854e-299 0)
(-4.31302e-307 1.77854e-299 0)
(-4.43028e-307 1.77854e-299 0)
(-4.55516e-307 1.77854e-299 0)
(-4.68845e-307 1.77854e-299 0)
(-4.83115e-307 1.77854e-299 0)
(-4.98435e-307 1.77854e-299 0)
(-5.14938e-307 1.77854e-299 0)
(-5.32774e-307 1.77854e-299 0)
(-5.52114e-307 1.77854e-299 0)
(-5.73162e-307 1.77854e-299 0)
(-5.96141e-307 1.77854e-299 0)
(-6.21313e-307 1.77854e-299 0)
(-6.48972e-307 1.77854e-299 0)
(-6.79454e-307 1.77854e-299 0)
(-7.13141e-307 1.77854e-299 0)
(-7.50466e-307 1.77854e-299 0)
(-7.91918e-307 1.77854e-299 0)
(-8.38056e-307 1.77854e-299 0)
(-8.89502e-307 1.77854e-299 0)
(-9.4697e-307 1.77854e-299 0)
(-1.01126e-306 1.77854e-299 0)
(-1.08326e-306 1.77854e-299 0)
(-1.16398e-306 1.77854e-299 0)
(-1.25454e-306 1.77854e-299 0)
(-1.35619e-306 1.77854e-299 0)
(-1.47028e-306 1.77854e-299 0)
(-1.59834e-306 1.77854e-299 0)
(-1.742e-306 1.77854e-299 0)
(-1.9031e-306 1.77854e-299 0)
(-2.0836e-306 1.77854e-299 0)
(-2.2857e-306 1.77854e-299 0)
(-2.51175e-306 1.77854e-299 0)
(-2.76429e-306 1.77854e-299 0)
(-3.04606e-306 1.77854e-299 0)
(-3.3599e-306 1.77854e-299 0)
(-3.70882e-306 1.77854e-299 0)
(-4.09588e-306 1.77854e-299 0)
(-4.52417e-306 1.77854e-299 0)
(-4.99669e-306 1.77854e-299 0)
(-5.51624e-306 1.77854e-299 0)
(-6.08518e-306 1.77854e-299 0)
(-6.70529e-306 1.77854e-299 0)
(-7.37739e-306 1.77854e-299 0)
(-8.10098e-306 1.77854e-299 0)
(-8.87376e-306 1.77854e-299 0)
(-9.69092e-306 1.77854e-299 0)
(-1.05443e-305 1.77854e-299 0)
(-1.14214e-305 1.77854e-299 0)
(-1.23038e-305 1.77854e-299 0)
(-1.31655e-305 1.77854e-299 0)
(-1.39707e-305 1.77854e-299 0)
(-1.46712e-305 1.77854e-299 0)
(-1.52028e-305 1.77854e-299 0)
(-1.54817e-305 1.77855e-299 0)
(-1.53999e-305 1.77855e-299 0)
(-1.48212e-305 1.77855e-299 0)
(-1.35769e-305 1.77855e-299 0)
(-1.14656e-305 1.77855e-299 0)
(-8.25834e-306 1.77855e-299 0)
(-3.71944e-306 1.77855e-299 0)
(2.34312e-306 1.77855e-299 0)
(9.96924e-306 1.77855e-299 0)
(1.88262e-305 1.77855e-299 0)
(2.77791e-305 1.77855e-299 0)
(3.40996e-305 1.77855e-299 0)
(3.22917e-305 1.77854e-299 0)
(1.42271e-305 1.77854e-299 0)
(-1.10764e-305 1.77854e-299 0)
(-2.59266e-305 1.77854e-299 0)
(-2.85291e-305 1.77855e-299 0)
(-2.3994e-305 1.77855e-299 0)
(-1.67261e-305 1.77855e-299 0)
(-9.18823e-306 1.77855e-299 0)
(-2.51558e-306 1.77855e-299 0)
(2.89445e-306 1.77855e-299 0)
(7.01298e-306 1.77855e-299 0)
(9.97406e-306 1.77855e-299 0)
(1.19663e-305 1.77855e-299 0)
(1.31796e-305 1.77855e-299 0)
(1.37822e-305 1.77855e-299 0)
(1.39155e-305 1.77854e-299 0)
(1.36962e-305 1.77854e-299 0)
(1.32218e-305 1.77854e-299 0)
(1.25733e-305 1.77854e-299 0)
(1.18172e-305 1.77854e-299 0)
(1.10059e-305 1.77854e-299 0)
(1.01783e-305 1.77854e-299 0)
(9.36152e-306 1.77854e-299 0)
(8.57338e-306 1.77854e-299 0)
(7.82477e-306 1.77854e-299 0)
(7.1218e-306 1.77854e-299 0)
(6.46743e-306 1.77854e-299 0)
(5.86256e-306 1.77854e-299 0)
(5.3067e-306 1.77854e-299 0)
(4.79839e-306 1.77854e-299 0)
(4.3355e-306 1.77854e-299 0)
(3.91548e-306 1.77854e-299 0)
(3.53553e-306 1.77854e-299 0)
(3.19277e-306 1.77854e-299 0)
(2.88426e-306 1.77854e-299 0)
(2.60717e-306 1.77854e-299 0)
(2.35874e-306 1.77854e-299 0)
(2.13633e-306 1.77854e-299 0)
(1.93749e-306 1.77854e-299 0)
(1.75992e-306 1.77854e-299 0)
(1.60151e-306 1.77854e-299 0)
(1.46032e-306 1.77854e-299 0)
(1.3346e-306 1.77854e-299 0)
(1.22272e-306 1.77854e-299 0)
(1.12325e-306 1.77854e-299 0)
(1.03483e-306 1.77854e-299 0)
(9.56249e-307 1.77854e-299 0)
(8.86406e-307 1.77854e-299 0)
(8.2433e-307 1.77854e-299 0)
(7.69194e-307 1.77854e-299 0)
(7.203e-307 1.77854e-299 0)
(6.77051e-307 1.77854e-299 0)
(6.38885e-307 1.77854e-299 0)
(6.05215e-307 1.77854e-299 0)
(5.75408e-307 1.77854e-299 0)
(5.48811e-307 1.77854e-299 0)
(5.24814e-307 1.77854e-299 0)
(5.02927e-307 1.77854e-299 0)
(4.82799e-307 1.77854e-299 0)
(4.64212e-307 1.77854e-299 0)
(4.47014e-307 1.77854e-299 0)
(4.31074e-307 1.77854e-299 0)
(4.16241e-307 1.77854e-299 0)
(4.02342e-307 1.77854e-299 0)
(3.89195e-307 1.77854e-299 0)
(3.76637e-307 1.77854e-299 0)
(3.64538e-307 1.77854e-299 0)
(3.5281e-307 1.77854e-299 0)
(3.41407e-307 1.77854e-299 0)
(3.30316e-307 1.77854e-299 0)
(3.19546e-307 1.77854e-299 0)
(3.09116e-307 1.77854e-299 0)
(2.99047e-307 1.77854e-299 0)
(2.89348e-307 1.77854e-299 0)
(2.80022e-307 1.77854e-299 0)
(2.71059e-307 1.77854e-299 0)
(2.62443e-307 1.77854e-299 0)
(2.54152e-307 1.77854e-299 0)
(2.46163e-307 1.77854e-299 0)
(2.38451e-307 1.77854e-299 0)
(2.30997e-307 1.77854e-299 0)
(2.2378e-307 1.77854e-299 0)
(2.16784e-307 1.77854e-299 0)
(2.09998e-307 1.77854e-299 0)
(2.03413e-307 1.77854e-299 0)
(1.97029e-307 1.77854e-299 0)
(1.90841e-307 1.77854e-299 0)
(1.8486e-307 1.77854e-299 0)
(1.79084e-307 1.77854e-299 0)
(1.73529e-307 1.77854e-299 0)
(1.68193e-307 1.77854e-299 0)
(1.63087e-307 1.77854e-299 0)
(1.58203e-307 1.77854e-299 0)
(1.53546e-307 1.77854e-299 0)
(1.49104e-307 1.77854e-299 0)
(1.44868e-307 1.77854e-299 0)
(1.40818e-307 1.77854e-299 0)
(1.36933e-307 1.77854e-299 0)
(1.33208e-307 1.77854e-299 0)
(1.29649e-307 1.77854e-299 0)
(1.2633e-307 1.77854e-299 0)
(1.23329e-307 1.77854e-299 0)
(1.20865e-307 1.77854e-299 0)
(1.19307e-307 1.77854e-299 0)
(1.19401e-307 1.77854e-299 0)
(1.22141e-307 1.77854e-299 0)
(1.28463e-307 1.77854e-299 0)
(1.38472e-307 1.77854e-299 0)
(1.50819e-307 1.77854e-299 0)
(1.62584e-307 1.77854e-299 0)
(1.70098e-307 1.77854e-299 0)
(1.7036e-307 1.77854e-299 0)
(1.62342e-307 1.77854e-299 0)
(1.47411e-307 1.77854e-299 0)
(1.28658e-307 1.77854e-299 0)
(1.09562e-307 1.77854e-299 0)
(9.27563e-308 1.77854e-299 0)
(7.94466e-308 1.77854e-299 0)
(6.95583e-308 1.77854e-299 0)
(6.22919e-308 1.77854e-299 0)
(5.66921e-308 1.77854e-299 0)
(5.19814e-308 1.77854e-299 0)
(4.76693e-308 1.77854e-299 0)
(4.34899e-308 1.77854e-299 0)
(3.93363e-308 1.77854e-299 0)
(3.51663e-308 1.77854e-299 0)
(3.09786e-308 1.77854e-299 0)
(2.67628e-308 1.77854e-299 0)
(2.25116e-308 1.77854e-299 0)
(1.82053e-308 1.77854e-299 0)
(1.3826e-308 1.77854e-299 0)
(9.34849e-309 1.77854e-299 0)
(4.74926e-309 1.77854e-299 0)
(-8.62271e-312 1.77854e-299 0)
(-4.97732e-309 1.77854e-299 0)
(-1.024e-308 1.77854e-299 0)
(-1.59136e-308 1.77854e-299 0)
(-2.21276e-308 1.77854e-299 0)
(-2.89242e-308 1.77854e-299 0)
(-3.62061e-308 1.77854e-299 0)
(-4.36636e-308 1.77854e-299 0)
(-5.07678e-308 1.77854e-299 0)
(-5.69086e-308 1.77854e-299 0)
(-6.15647e-308 1.77854e-299 0)
(-6.45137e-308 1.77854e-299 0)
(-6.58958e-308 1.77854e-299 0)
(-6.62031e-308 1.77854e-299 0)
(-6.60907e-308 1.77854e-299 0)
(-6.62138e-308 1.77854e-299 0)
(-6.70306e-308 1.77854e-299 0)
(-6.87843e-308 1.77854e-299 0)
(-7.14791e-308 1.77854e-299 0)
(-7.4998e-308 1.77854e-299 0)
(-7.91476e-308 1.77854e-299 0)
(-8.3746e-308 1.77854e-299 0)
(-8.86384e-308 1.77854e-299 0)
(-9.3711e-308 1.77854e-299 0)
(-9.88909e-308 1.77854e-299 0)
(-1.04129e-307 1.77854e-299 0)
(-1.09398e-307 1.77854e-299 0)
(-1.14679e-307 1.77854e-299 0)
(-1.19958e-307 1.77854e-299 0)
(-1.25225e-307 1.77854e-299 0)
(-1.30466e-307 1.77854e-299 0)
(-1.35666e-307 1.77854e-299 0)
(-1.40805e-307 1.77854e-299 0)
(-1.45857e-307 1.77854e-299 0)
(-1.50779e-307 1.77854e-299 0)
(-1.55525e-307 1.77854e-299 0)
(-1.60017e-307 1.77854e-299 0)
(-1.64181e-307 1.77854e-299 0)
(-1.67913e-307 1.77854e-299 0)
(-1.71126e-307 1.77854e-299 0)
(-1.73763e-307 1.77854e-299 0)
(-1.7584e-307 1.77854e-299 0)
(-1.77498e-307 1.77854e-299 0)
(-1.79011e-307 1.77854e-299 0)
(-1.80766e-307 1.77854e-299 0)
(-1.83188e-307 1.77854e-299 0)
(-1.86636e-307 1.77854e-299 0)
(-1.91308e-307 1.77854e-299 0)
(-1.97196e-307 1.77854e-299 0)
(-2.04093e-307 1.77854e-299 0)
(-2.11681e-307 1.77854e-299 0)
(-2.19617e-307 1.77854e-299 0)
(-2.27614e-307 1.77854e-299 0)
(-2.35493e-307 1.77854e-299 0)
(-2.43169e-307 1.77854e-299 0)
(-2.50641e-307 1.77854e-299 0)
(-2.57937e-307 1.77854e-299 0)
(-2.65103e-307 1.77854e-299 0)
(-2.72168e-307 1.77854e-299 0)
(-2.79157e-307 1.77854e-299 0)
(-2.86086e-307 1.77854e-299 0)
(-2.92973e-307 1.77854e-299 0)
(-2.99842e-307 1.77854e-299 0)
(-3.06731e-307 1.77854e-299 0)
(-3.13689e-307 1.77854e-299 0)
(-3.20774e-307 1.77854e-299 0)
(-3.28052e-307 1.77854e-299 0)
(-3.35584e-307 1.77854e-299 0)
(-3.4344e-307 1.77854e-299 0)
(-3.51675e-307 1.77854e-299 0)
(-3.60349e-307 1.77854e-299 0)
(-3.69515e-307 1.77854e-299 0)
(-3.7923e-307 1.77854e-299 0)
(-3.89549e-307 1.77854e-299 0)
(-4.00538e-307 1.77854e-299 0)
(-4.12269e-307 1.77854e-299 0)
(-4.24829e-307 1.77854e-299 0)
(-4.38316e-307 1.77854e-299 0)
(-4.52844e-307 1.77854e-299 0)
(-4.68548e-307 1.77854e-299 0)
(-4.85579e-307 1.77854e-299 0)
(-5.04115e-307 1.77854e-299 0)
(-5.24355e-307 1.77854e-299 0)
(-5.46527e-307 1.77854e-299 0)
(-5.70893e-307 1.77854e-299 0)
(-5.97748e-307 1.77854e-299 0)
(-6.27428e-307 1.77854e-299 0)
(-6.60317e-307 1.77854e-299 0)
(-6.96845e-307 1.77854e-299 0)
(-7.37504e-307 1.77854e-299 0)
(-7.82845e-307 1.77854e-299 0)
(-8.33495e-307 1.77854e-299 0)
(-8.90155e-307 1.77854e-299 0)
(-9.53618e-307 1.77854e-299 0)
(-1.02477e-306 1.77854e-299 0)
(-1.10459e-306 1.77854e-299 0)
(-1.19419e-306 1.77854e-299 0)
(-1.29475e-306 1.77854e-299 0)
(-1.40762e-306 1.77854e-299 0)
(-1.53424e-306 1.77854e-299 0)
(-1.67621e-306 1.77854e-299 0)
(-1.83529e-306 1.77854e-299 0)
(-2.01339e-306 1.77854e-299 0)
(-2.21259e-306 1.77854e-299 0)
(-2.43512e-306 1.77854e-299 0)
(-2.68337e-306 1.77854e-299 0)
(-2.95986e-306 1.77854e-299 0)
(-3.2672e-306 1.77854e-299 0)
(-3.60809e-306 1.77854e-299 0)
(-3.98522e-306 1.77854e-299 0)
(-4.4012e-306 1.77854e-299 0)
(-4.85846e-306 1.77854e-299 0)
(-5.35903e-306 1.77854e-299 0)
(-5.90441e-306 1.77854e-299 0)
(-6.49524e-306 1.77854e-299 0)
(-7.13097e-306 1.77854e-299 0)
(-7.80944e-306 1.77854e-299 0)
(-8.52624e-306 1.77854e-299 0)
(-9.27396e-306 1.77854e-299 0)
(-1.00413e-305 1.77854e-299 0)
(-1.08115e-305 1.77854e-299 0)
(-1.15615e-305 1.77854e-299 0)
(-1.2259e-305 1.77854e-299 0)
(-1.28609e-305 1.77854e-299 0)
(-1.33099e-305 1.77854e-299 0)
(-1.35312e-305 1.77855e-299 0)
(-1.34291e-305 1.77855e-299 0)
(-1.28829e-305 1.77855e-299 0)
(-1.17448e-305 1.77855e-299 0)
(-9.83977e-306 1.77855e-299 0)
(-6.97314e-306 1.77855e-299 0)
(-2.95264e-306 1.77855e-299 0)
(2.36031e-306 1.77855e-299 0)
(8.94451e-306 1.77855e-299 0)
(1.64134e-305 1.77855e-299 0)
(2.36427e-305 1.77855e-299 0)
(2.81744e-305 1.77855e-299 0)
(2.56256e-305 1.77854e-299 0)
(1.09492e-305 1.77854e-299 0)
(-7.68197e-306 1.77854e-299 0)
(-1.85911e-305 1.77854e-299 0)
(-2.13824e-305 1.77854e-299 0)
(-1.86185e-305 1.77855e-299 0)
(-1.33539e-305 1.77855e-299 0)
(-7.57732e-306 1.77855e-299 0)
(-2.30809e-306 1.77855e-299 0)
(2.04497e-306 1.77855e-299 0)
(5.40281e-306 1.77855e-299 0)
(7.8426e-306 1.77855e-299 0)
(9.50104e-306 1.77855e-299 0)
(1.05247e-305 1.77855e-299 0)
(1.10476e-305 1.77855e-299 0)
(1.11844e-305 1.77854e-299 0)
(1.10305e-305 1.77854e-299 0)
(1.06657e-305 1.77854e-299 0)
(1.01561e-305 1.77854e-299 0)
(9.55594e-306 1.77854e-299 0)
(8.90787e-306 1.77854e-299 0)
(8.24385e-306 1.77854e-299 0)
(7.58646e-306 1.77854e-299 0)
(6.95069e-306 1.77854e-299 0)
(6.34582e-306 1.77854e-299 0)
(5.77718e-306 1.77854e-299 0)
(5.24742e-306 1.77854e-299 0)
(4.75744e-306 1.77854e-299 0)
(4.30693e-306 1.77854e-299 0)
(3.8948e-306 1.77854e-299 0)
(3.51936e-306 1.77854e-299 0)
(3.1786e-306 1.77854e-299 0)
(2.87028e-306 1.77854e-299 0)
(2.59208e-306 1.77854e-299 0)
(2.34164e-306 1.77854e-299 0)
(2.11667e-306 1.77854e-299 0)
(1.91494e-306 1.77854e-299 0)
(1.73434e-306 1.77854e-299 0)
(1.57285e-306 1.77854e-299 0)
(1.42863e-306 1.77854e-299 0)
(1.29996e-306 1.77854e-299 0)
(1.18528e-306 1.77854e-299 0)
(1.08316e-306 1.77854e-299 0)
(9.92288e-307 1.77854e-299 0)
(9.11481e-307 1.77854e-299 0)
(8.39652e-307 1.77854e-299 0)
(7.75815e-307 1.77854e-299 0)
(7.19079e-307 1.77854e-299 0)
(6.6866e-307 1.77854e-299 0)
(6.23883e-307 1.77854e-299 0)
(5.8418e-307 1.77854e-299 0)
(5.49055e-307 1.77854e-299 0)
(5.18046e-307 1.77854e-299 0)
(4.90676e-307 1.77854e-299 0)
(4.66433e-307 1.77854e-299 0)
(4.44799e-307 1.77854e-299 0)
(4.2529e-307 1.77854e-299 0)
(4.0751e-307 1.77854e-299 0)
(3.91173e-307 1.77854e-299 0)
(3.76095e-307 1.77854e-299 0)
(3.62146e-307 1.77854e-299 0)
(3.49215e-307 1.77854e-299 0)
(3.37178e-307 1.77854e-299 0)
(3.25897e-307 1.77854e-299 0)
(3.15227e-307 1.77854e-299 0)
(3.0504e-307 1.77854e-299 0)
(2.9523e-307 1.77854e-299 0)
(2.85727e-307 1.77854e-299 0)
(2.76491e-307 1.77854e-299 0)
(2.6751e-307 1.77854e-299 0)
(2.58791e-307 1.77854e-299 0)
(2.50347e-307 1.77854e-299 0)
(2.42195e-307 1.77854e-299 0)
(2.34341e-307 1.77854e-299 0)
(2.26788e-307 1.77854e-299 0)
(2.19528e-307 1.77854e-299 0)
(2.12548e-307 1.77854e-299 0)
(2.05832e-307 1.77854e-299 0)
(1.99359e-307 1.77854e-299 0)
(1.93112e-307 1.77854e-299 0)
(1.87073e-307 1.77854e-299 0)
(1.81227e-307 1.77854e-299 0)
(1.75561e-307 1.77854e-299 0)
(1.70065e-307 1.77854e-299 0)
(1.64733e-307 1.77854e-299 0)
(1.59563e-307 1.77854e-299 0)
(1.54553e-307 1.77854e-299 0)
(1.49709e-307 1.77854e-299 0)
(1.45034e-307 1.77854e-299 0)
(1.40536e-307 1.77854e-299 0)
(1.36215e-307 1.77854e-299 0)
(1.3208e-307 1.77854e-299 0)
(1.28126e-307 1.77854e-299 0)
(1.24354e-307 1.77854e-299 0)
(1.20755e-307 1.77854e-299 0)
(1.17323e-307 1.77854e-299 0)
(1.14041e-307 1.77854e-299 0)
(1.10895e-307 1.77854e-299 0)
(1.07879e-307 1.77854e-299 0)
(1.05005e-307 1.77854e-299 0)
(1.02326e-307 1.77854e-299 0)
(9.99175e-308 1.77854e-299 0)
(9.79591e-308 1.77854e-299 0)
(9.67639e-308 1.77854e-299 0)
(9.69238e-308 1.77854e-299 0)
(9.92132e-308 1.77854e-299 0)
(1.04329e-307 1.77854e-299 0)
(1.12308e-307 1.77854e-299 0)
(1.22057e-307 1.77854e-299 0)
(1.31284e-307 1.77854e-299 0)
(1.37131e-307 1.77854e-299 0)
(1.37269e-307 1.77854e-299 0)
(1.30894e-307 1.77854e-299 0)
(1.19053e-307 1.77854e-299 0)
(1.04146e-307 1.77854e-299 0)
(8.88911e-308 1.77854e-299 0)
(7.53788e-308 1.77854e-299 0)
(6.45971e-308 1.77854e-299 0)
(5.65292e-308 1.77854e-299 0)
(5.05714e-308 1.77854e-299 0)
(4.59768e-308 1.77854e-299 0)
(4.21241e-308 1.77854e-299 0)
(3.86118e-308 1.77854e-299 0)
(3.5219e-308 1.77854e-299 0)
(3.18526e-308 1.77854e-299 0)
(2.84755e-308 1.77854e-299 0)
(2.5084e-308 1.77854e-299 0)
(2.16697e-308 1.77854e-299 0)
(1.82261e-308 1.77854e-299 0)
(1.47378e-308 1.77854e-299 0)
(1.11903e-308 1.77854e-299 0)
(7.56302e-309 1.77854e-299 0)
(3.83652e-309 1.77854e-299 0)
(-1.96547e-311 1.77854e-299 0)
(-4.04832e-309 1.77854e-299 0)
(-8.31707e-309 1.77854e-299 0)
(-1.29196e-308 1.77854e-299 0)
(-1.79554e-308 1.77854e-299 0)
(-2.34531e-308 1.77854e-299 0)
(-2.93288e-308 1.77854e-299 0)
(-3.53323e-308 1.77854e-299 0)
(-4.10437e-308 1.77854e-299 0)
(-4.59804e-308 1.77854e-299 0)
(-4.97341e-308 1.77854e-299 0)
(-5.21301e-308 1.77854e-299 0)
(-5.32813e-308 1.77854e-299 0)
(-5.35748e-308 1.77854e-299 0)
(-5.35293e-308 1.77854e-299 0)
(-5.36624e-308 1.77854e-299 0)
(-5.43423e-308 1.77854e-299 0)
(-5.57645e-308 1.77854e-299 0)
(-5.79392e-308 1.77854e-299 0)
(-6.07755e-308 1.77854e-299 0)
(-6.41225e-308 1.77854e-299 0)
(-6.78346e-308 1.77854e-299 0)
(-7.17876e-308 1.77854e-299 0)
(-7.58894e-308 1.77854e-299 0)
(-8.00798e-308 1.77854e-299 0)
(-8.43191e-308 1.77854e-299 0)
(-8.85835e-308 1.77854e-299 0)
(-9.28587e-308 1.77854e-299 0)
(-9.71324e-308 1.77854e-299 0)
(-1.01396e-307 1.77854e-299 0)
(-1.05638e-307 1.77854e-299 0)
(-1.09847e-307 1.77854e-299 0)
(-1.14005e-307 1.77854e-299 0)
(-1.18092e-307 1.77854e-299 0)
(-1.22073e-307 1.77854e-299 0)
(-1.25908e-307 1.77854e-299 0)
(-1.29538e-307 1.77854e-299 0)
(-1.329e-307 1.77854e-299 0)
(-1.35913e-307 1.77854e-299 0)
(-1.3851e-307 1.77854e-299 0)
(-1.40646e-307 1.77854e-299 0)
(-1.42341e-307 1.77854e-299 0)
(-1.4371e-307 1.77854e-299 0)
(-1.44971e-307 1.77854e-299 0)
(-1.46433e-307 1.77854e-299 0)
(-1.4843e-307 1.77854e-299 0)
(-1.51243e-307 1.77854e-299 0)
(-1.55027e-307 1.77854e-299 0)
(-1.59776e-307 1.77854e-299 0)
(-1.65331e-307 1.77854e-299 0)
(-1.71442e-307 1.77854e-299 0)
(-1.77838e-307 1.77854e-299 0)
(-1.84295e-307 1.77854e-299 0)
(-1.90665e-307 1.77854e-299 0)
(-1.96879e-307 1.77854e-299 0)
(-2.02932e-307 1.77854e-299 0)
(-2.08844e-307 1.77854e-299 0)
(-2.14649e-307 1.77854e-299 0)
(-2.20372e-307 1.77854e-299 0)
(-2.26033e-307 1.77854e-299 0)
(-2.31646e-307 1.77854e-299 0)
(-2.37225e-307 1.77854e-299 0)
(-2.42792e-307 1.77854e-299 0)
(-2.48376e-307 1.77854e-299 0)
(-2.54017e-307 1.77854e-299 0)
(-2.59762e-307 1.77854e-299 0)
(-2.65663e-307 1.77854e-299 0)
(-2.71771e-307 1.77854e-299 0)
(-2.7814e-307 1.77854e-299 0)
(-2.84816e-307 1.77854e-299 0)
(-2.91848e-307 1.77854e-299 0)
(-2.99278e-307 1.77854e-299 0)
(-3.07153e-307 1.77854e-299 0)
(-3.15519e-307 1.77854e-299 0)
(-3.24428e-307 1.77854e-299 0)
(-3.33941e-307 1.77854e-299 0)
(-3.44126e-307 1.77854e-299 0)
(-3.55065e-307 1.77854e-299 0)
(-3.6685e-307 1.77854e-299 0)
(-3.79591e-307 1.77854e-299 0)
(-3.93409e-307 1.77854e-299 0)
(-4.08451e-307 1.77854e-299 0)
(-4.24877e-307 1.77854e-299 0)
(-4.42874e-307 1.77854e-299 0)
(-4.62654e-307 1.77854e-299 0)
(-4.84456e-307 1.77854e-299 0)
(-5.08555e-307 1.77854e-299 0)
(-5.3526e-307 1.77854e-299 0)
(-5.64924e-307 1.77854e-299 0)
(-5.97945e-307 1.77854e-299 0)
(-6.3477e-307 1.77854e-299 0)
(-6.7591e-307 1.77854e-299 0)
(-7.21934e-307 1.77854e-299 0)
(-7.73486e-307 1.77854e-299 0)
(-8.31284e-307 1.77854e-299 0)
(-8.96127e-307 1.77854e-299 0)
(-9.68903e-307 1.77854e-299 0)
(-1.05059e-306 1.77854e-299 0)
(-1.14227e-306 1.77854e-299 0)
(-1.24512e-306 1.77854e-299 0)
(-1.36043e-306 1.77854e-299 0)
(-1.48963e-306 1.77854e-299 0)
(-1.63427e-306 1.77854e-299 0)
(-1.79604e-306 1.77854e-299 0)
(-1.97673e-306 1.77854e-299 0)
(-2.17829e-306 1.77854e-299 0)
(-2.40274e-306 1.77854e-299 0)
(-2.6522e-306 1.77854e-299 0)
(-2.92884e-306 1.77854e-299 0)
(-3.23482e-306 1.77854e-299 0)
(-3.57224e-306 1.77854e-299 0)
(-3.943e-306 1.77854e-299 0)
(-4.34874e-306 1.77854e-299 0)
(-4.79058e-306 1.77854e-299 0)
(-5.26898e-306 1.77854e-299 0)
(-5.78338e-306 1.77854e-299 0)
(-6.33189e-306 1.77854e-299 0)
(-6.91076e-306 1.77854e-299 0)
(-7.51375e-306 1.77854e-299 0)
(-8.13136e-306 1.77854e-299 0)
(-8.74978e-306 1.77854e-299 0)
(-9.34961e-306 1.77854e-299 0)
(-9.90427e-306 1.77854e-299 0)
(-1.0378e-305 1.77854e-299 0)
(-1.07236e-305 1.77854e-299 0)
(-1.08795e-305 1.77855e-299 0)
(-1.07673e-305 1.77855e-299 0)
(-1.02889e-305 1.77855e-299 0)
(-9.32468e-306 1.77855e-299 0)
(-7.73572e-306 1.77855e-299 0)
(-5.37139e-306 1.77855e-299 0)
(-2.09167e-306 1.77855e-299 0)
(2.18469e-306 1.77855e-299 0)
(7.38485e-306 1.77855e-299 0)
(1.31083e-305 1.77855e-299 0)
(1.83442e-305 1.77855e-299 0)
(2.11107e-305 1.77855e-299 0)
(1.8371e-305 1.77854e-299 0)
(7.59266e-306 1.77854e-299 0)
(-4.90886e-306 1.77854e-299 0)
(-1.2189e-305 1.77854e-299 0)
(-1.4513e-305 1.77854e-299 0)
(-1.30095e-305 1.77855e-299 0)
(-9.56197e-306 1.77855e-299 0)
(-5.57464e-306 1.77855e-299 0)
(-1.83593e-306 1.77855e-299 0)
(1.30602e-306 1.77855e-299 0)
(3.75859e-306 1.77855e-299 0)
(5.55735e-306 1.77855e-299 0)
(6.7909e-306 1.77855e-299 0)
(7.56086e-306 1.77855e-299 0)
(7.96305e-306 1.77855e-299 0)
(8.08066e-306 1.77854e-299 0)
(7.98371e-306 1.77854e-299 0)
(7.73058e-306 1.77854e-299 0)
(7.36979e-306 1.77854e-299 0)
(6.94092e-306 1.77854e-299 0)
(6.47522e-306 1.77854e-299 0)
(5.99624e-306 1.77854e-299 0)
(5.52074e-306 1.77854e-299 0)
(5.05995e-306 1.77854e-299 0)
(4.62093e-306 1.77854e-299 0)
(4.20779e-306 1.77854e-299 0)
(3.82262e-306 1.77854e-299 0)
(3.46618e-306 1.77854e-299 0)
(3.13831e-306 1.77854e-299 0)
(2.83826e-306 1.77854e-299 0)
(2.56486e-306 1.77854e-299 0)
(2.31664e-306 1.77854e-299 0)
(2.09201e-306 1.77854e-299 0)
(1.88928e-306 1.77854e-299 0)
(1.70676e-306 1.77854e-299 0)
(1.54278e-306 1.77854e-299 0)
(1.39573e-306 1.77854e-299 0)
(1.26406e-306 1.77854e-299 0)
(1.14632e-306 1.77854e-299 0)
(1.04117e-306 1.77854e-299 0)
(9.47356e-307 1.77854e-299 0)
(8.63735e-307 1.77854e-299 0)
(7.89267e-307 1.77854e-299 0)
(7.23002e-307 1.77854e-299 0)
(6.64074e-307 1.77854e-299 0)
(6.11693e-307 1.77854e-299 0)
(5.65139e-307 1.77854e-299 0)
(5.23766e-307 1.77854e-299 0)
(4.87003e-307 1.77854e-299 0)
(4.54358e-307 1.77854e-299 0)
(4.25413e-307 1.77854e-299 0)
(3.99803e-307 1.77854e-299 0)
(3.77187e-307 1.77854e-299 0)
(3.57216e-307 1.77854e-299 0)
(3.3952e-307 1.77854e-299 0)
(3.23727e-307 1.77854e-299 0)
(3.0949e-307 1.77854e-299 0)
(2.96524e-307 1.77854e-299 0)
(2.84619e-307 1.77854e-299 0)
(2.73637e-307 1.77854e-299 0)
(2.63478e-307 1.77854e-299 0)
(2.54058e-307 1.77854e-299 0)
(2.45288e-307 1.77854e-299 0)
(2.37067e-307 1.77854e-299 0)
(2.29294e-307 1.77854e-299 0)
(2.21874e-307 1.77854e-299 0)
(2.14732e-307 1.77854e-299 0)
(2.07816e-307 1.77854e-299 0)
(2.01097e-307 1.77854e-299 0)
(1.94567e-307 1.77854e-299 0)
(1.88227e-307 1.77854e-299 0)
(1.82087e-307 1.77854e-299 0)
(1.76159e-307 1.77854e-299 0)
(1.70447e-307 1.77854e-299 0)
(1.64954e-307 1.77854e-299 0)
(1.59672e-307 1.77854e-299 0)
(1.54595e-307 1.77854e-299 0)
(1.49708e-307 1.77854e-299 0)
(1.44999e-307 1.77854e-299 0)
(1.40455e-307 1.77854e-299 0)
(1.36062e-307 1.77854e-299 0)
(1.31809e-307 1.77854e-299 0)
(1.27687e-307 1.77854e-299 0)
(1.2369e-307 1.77854e-299 0)
(1.19812e-307 1.77854e-299 0)
(1.16052e-307 1.77854e-299 0)
(1.12409e-307 1.77854e-299 0)
(1.08887e-307 1.77854e-299 0)
(1.05487e-307 1.77854e-299 0)
(1.02216e-307 1.77854e-299 0)
(9.90743e-308 1.77854e-299 0)
(9.60668e-308 1.77854e-299 0)
(9.31908e-308 1.77854e-299 0)
(9.04469e-308 1.77854e-299 0)
(8.7829e-308 1.77854e-299 0)
(8.53317e-308 1.77854e-299 0)
(8.29441e-308 1.77854e-299 0)
(8.06554e-308 1.77854e-299 0)
(7.84633e-308 1.77854e-299 0)
(7.63768e-308 1.77854e-299 0)
(7.44351e-308 1.77854e-299 0)
(7.26973e-308 1.77854e-299 0)
(7.12969e-308 1.77854e-299 0)
(7.0469e-308 1.77854e-299 0)
(7.06367e-308 1.77854e-299 0)
(7.23436e-308 1.77854e-299 0)
(7.60595e-308 1.77854e-299 0)
(8.17833e-308 1.77854e-299 0)
(8.87201e-308 1.77854e-299 0)
(9.52459e-308 1.77854e-299 0)
(9.93535e-308 1.77854e-299 0)
(9.94086e-308 1.77854e-299 0)
(9.48431e-308 1.77854e-299 0)
(8.63852e-308 1.77854e-299 0)
(7.5714e-308 1.77854e-299 0)
(6.47491e-308 1.77854e-299 0)
(5.49828e-308 1.77854e-299 0)
(4.71407e-308 1.77854e-299 0)
(4.12368e-308 1.77854e-299 0)
(3.68592e-308 1.77854e-299 0)
(3.34807e-308 1.77854e-299 0)
(3.0655e-308 1.77854e-299 0)
(2.80878e-308 1.77854e-299 0)
(2.5615e-308 1.77854e-299 0)
(2.31647e-308 1.77854e-299 0)
(2.07084e-308 1.77854e-299 0)
(1.82416e-308 1.77854e-299 0)
(1.57582e-308 1.77854e-299 0)
(1.32531e-308 1.77854e-299 0)
(1.07155e-308 1.77854e-299 0)
(8.1347e-309 1.77854e-299 0)
(5.49586e-309 1.77854e-299 0)
(2.78434e-309 1.77854e-299 0)
(-2.22345e-311 1.77854e-299 0)
(-2.95535e-309 1.77854e-299 0)
(-6.06432e-309 1.77854e-299 0)
(-9.41662e-309 1.77854e-299 0)
(-1.30812e-308 1.77854e-299 0)
(-1.70754e-308 1.77854e-299 0)
(-2.13353e-308 1.77854e-299 0)
(-2.56795e-308 1.77854e-299 0)
(-2.98074e-308 1.77854e-299 0)
(-3.33756e-308 1.77854e-299 0)
(-3.60952e-308 1.77854e-299 0)
(-3.78427e-308 1.77854e-299 0)
(-3.86996e-308 1.77854e-299 0)
(-3.89407e-308 1.77854e-299 0)
(-3.89357e-308 1.77854e-299 0)
(-3.90533e-308 1.77854e-299 0)
(-3.95592e-308 1.77854e-299 0)
(-4.05951e-308 1.77854e-299 0)
(-4.21721e-308 1.77854e-299 0)
(-4.42267e-308 1.77854e-299 0)
(-4.66527e-308 1.77854e-299 0)
(-4.93452e-308 1.77854e-299 0)
(-5.22146e-308 1.77854e-299 0)
(-5.51939e-308 1.77854e-299 0)
(-5.82388e-308 1.77854e-299 0)
(-6.13203e-308 1.77854e-299 0)
(-6.44204e-308 1.77854e-299 0)
(-6.75286e-308 1.77854e-299 0)
(-7.06358e-308 1.77854e-299 0)
(-7.37356e-308 1.77854e-299 0)
(-7.68195e-308 1.77854e-299 0)
(-7.98789e-308 1.77854e-299 0)
(-8.29015e-308 1.77854e-299 0)
(-8.5871e-308 1.77854e-299 0)
(-8.87627e-308 1.77854e-299 0)
(-9.15477e-308 1.77854e-299 0)
(-9.41824e-308 1.77854e-299 0)
(-9.66214e-308 1.77854e-299 0)
(-9.8807e-308 1.77854e-299 0)
(-1.00692e-307 1.77854e-299 0)
(-1.02246e-307 1.77854e-299 0)
(-1.03487e-307 1.77854e-299 0)
(-1.04499e-307 1.77854e-299 0)
(-1.05439e-307 1.77854e-299 0)
(-1.06528e-307 1.77854e-299 0)
(-1.08002e-307 1.77854e-299 0)
(-1.1006e-307 1.77854e-299 0)
(-1.12813e-307 1.77854e-299 0)
(-1.16255e-307 1.77854e-299 0)
(-1.20276e-307 1.77854e-299 0)
(-1.247e-307 1.77854e-299 0)
(-1.29334e-307 1.77854e-299 0)
(-1.34017e-307 1.77854e-299 0)
(-1.38643e-307 1.77854e-299 0)
(-1.43161e-307 1.77854e-299 0)
(-1.47564e-307 1.77854e-299 0)
(-1.51866e-307 1.77854e-299 0)
(-1.56089e-307 1.77854e-299 0)
(-1.60253e-307 1.77854e-299 0)
(-1.64371e-307 1.77854e-299 0)
(-1.68454e-307 1.77854e-299 0)
(-1.72513e-307 1.77854e-299 0)
(-1.76564e-307 1.77854e-299 0)
(-1.80628e-307 1.77854e-299 0)
(-1.84735e-307 1.77854e-299 0)
(-1.88918e-307 1.77854e-299 0)
(-1.93214e-307 1.77854e-299 0)
(-1.97662e-307 1.77854e-299 0)
(-2.02298e-307 1.77854e-299 0)
(-2.07159e-307 1.77854e-299 0)
(-2.12277e-307 1.77854e-299 0)
(-2.17686e-307 1.77854e-299 0)
(-2.23418e-307 1.77854e-299 0)
(-2.29508e-307 1.77854e-299 0)
(-2.35994e-307 1.77854e-299 0)
(-2.42921e-307 1.77854e-299 0)
(-2.50337e-307 1.77854e-299 0)
(-2.58303e-307 1.77854e-299 0)
(-2.66887e-307 1.77854e-299 0)
(-2.76168e-307 1.77854e-299 0)
(-2.86235e-307 1.77854e-299 0)
(-2.97194e-307 1.77854e-299 0)
(-3.09163e-307 1.77854e-299 0)
(-3.22278e-307 1.77854e-299 0)
(-3.36693e-307 1.77854e-299 0)
(-3.52584e-307 1.77854e-299 0)
(-3.7015e-307 1.77854e-299 0)
(-3.89618e-307 1.77854e-299 0)
(-4.11244e-307 1.77854e-299 0)
(-4.35319e-307 1.77854e-299 0)
(-4.6217e-307 1.77854e-299 0)
(-4.92167e-307 1.77854e-299 0)
(-5.25728e-307 1.77854e-299 0)
(-5.6332e-307 1.77854e-299 0)
(-6.05468e-307 1.77854e-299 0)
(-6.52753e-307 1.77854e-299 0)
(-7.05823e-307 1.77854e-299 0)
(-7.6539e-307 1.77854e-299 0)
(-8.32239e-307 1.77854e-299 0)
(-9.07232e-307 1.77854e-299 0)
(-9.91312e-307 1.77854e-299 0)
(-1.08552e-306 1.77854e-299 0)
(-1.19097e-306 1.77854e-299 0)
(-1.3089e-306 1.77854e-299 0)
(-1.44062e-306 1.77854e-299 0)
(-1.58754e-306 1.77854e-299 0)
(-1.75113e-306 1.77854e-299 0)
(-1.93291e-306 1.77854e-299 0)
(-2.13447e-306 1.77854e-299 0)
(-2.35737e-306 1.77854e-299 0)
(-2.6031e-306 1.77854e-299 0)
(-2.87305e-306 1.77854e-299 0)
(-3.16835e-306 1.77854e-299 0)
(-3.48981e-306 1.77854e-299 0)
(-3.83769e-306 1.77854e-299 0)
(-4.21153e-306 1.77854e-299 0)
(-4.60986e-306 1.77854e-299 0)
(-5.02983e-306 1.77854e-299 0)
(-5.46676e-306 1.77854e-299 0)
(-5.91355e-306 1.77854e-299 0)
(-6.3599e-306 1.77854e-299 0)
(-6.79139e-306 1.77854e-299 0)
(-7.1883e-306 1.77854e-299 0)
(-7.52417e-306 1.77854e-299 0)
(-7.76409e-306 1.77854e-299 0)
(-7.8628e-306 1.77855e-299 0)
(-7.76269e-306 1.77855e-299 0)
(-7.39208e-306 1.77855e-299 0)
(-6.66453e-306 1.77855e-299 0)
(-5.48078e-306 1.77855e-299 0)
(-3.73623e-306 1.77855e-299 0)
(-1.33965e-306 1.77855e-299 0)
(1.74772e-306 1.77855e-299 0)
(5.43776e-306 1.77855e-299 0)
(9.38817e-306 1.77855e-299 0)
(1.28167e-305 1.77855e-299 0)
(1.43252e-305 1.77855e-299 0)
(1.20419e-305 1.77854e-299 0)
(4.85099e-306 1.77854e-299 0)
(-3.0932e-306 1.77854e-299 0)
(-7.78513e-306 1.77854e-299 0)
(-9.44184e-306 1.77854e-299 0)
(-8.60053e-306 1.77855e-299 0)
(-6.40843e-306 1.77855e-299 0)
(-3.79214e-306 1.77855e-299 0)
(-1.29907e-306 1.77855e-299 0)
(8.17004e-307 1.77855e-299 0)
(2.48012e-306 1.77855e-299 0)
(3.70636e-306 1.77855e-299 0)
(4.55146e-306 1.77855e-299 0)
(5.08219e-306 1.77855e-299 0)
(5.36269e-306 1.77855e-299 0)
(5.44919e-306 1.77854e-299 0)
(5.38923e-306 1.77854e-299 0)
(5.22253e-306 1.77854e-299 0)
(4.98204e-306 1.77854e-299 0)
(4.69463e-306 1.77854e-299 0)
(4.38156e-306 1.77854e-299 0)
(4.05887e-306 1.77854e-299 0)
(3.73801e-306 1.77854e-299 0)
(3.42673e-306 1.77854e-299 0)
(3.12992e-306 1.77854e-299 0)
(2.85045e-306 1.77854e-299 0)
(2.58979e-306 1.77854e-299 0)
(2.34849e-306 1.77854e-299 0)
(2.12649e-306 1.77854e-299 0)
(1.92328e-306 1.77854e-299 0)
(1.73808e-306 1.77854e-299 0)
(1.56992e-306 1.77854e-299 0)
(1.41772e-306 1.77854e-299 0)
(1.28035e-306 1.77854e-299 0)
(1.15667e-306 1.77854e-299 0)
(1.04554e-306 1.77854e-299 0)
(9.45875e-307 1.77854e-299 0)
(8.56633e-307 1.77854e-299 0)
(7.76831e-307 1.77854e-299 0)
(7.05556e-307 1.77854e-299 0)
(6.41964e-307 1.77854e-299 0)
(5.85281e-307 1.77854e-299 0)
(5.34803e-307 1.77854e-299 0)
(4.89883e-307 1.77854e-299 0)
(4.49937e-307 1.77854e-299 0)
(4.14427e-307 1.77854e-299 0)
(3.82869e-307 1.77854e-299 0)
(3.54823e-307 1.77854e-299 0)
(3.29903e-307 1.77854e-299 0)
(3.07777e-307 1.77854e-299 0)
(2.88158e-307 1.77854e-299 0)
(2.708e-307 1.77854e-299 0)
(2.55467e-307 1.77854e-299 0)
(2.41924e-307 1.77854e-299 0)
(2.29922e-307 1.77854e-299 0)
(2.1921e-307 1.77854e-299 0)
(2.09555e-307 1.77854e-299 0)
(2.00766e-307 1.77854e-299 0)
(1.92699e-307 1.77854e-299 0)
(1.85259e-307 1.77854e-299 0)
(1.78377e-307 1.77854e-299 0)
(1.71995e-307 1.77854e-299 0)
(1.66053e-307 1.77854e-299 0)
(1.60483e-307 1.77854e-299 0)
(1.55216e-307 1.77854e-299 0)
(1.50189e-307 1.77854e-299 0)
(1.45352e-307 1.77854e-299 0)
(1.40669e-307 1.77854e-299 0)
(1.36121e-307 1.77854e-299 0)
(1.31701e-307 1.77854e-299 0)
(1.2741e-307 1.77854e-299 0)
(1.23255e-307 1.77854e-299 0)
(1.19243e-307 1.77854e-299 0)
(1.15377e-307 1.77854e-299 0)
(1.11658e-307 1.77854e-299 0)
(1.08083e-307 1.77854e-299 0)
(1.04645e-307 1.77854e-299 0)
(1.01337e-307 1.77854e-299 0)
(9.81494e-308 1.77854e-299 0)
(9.50727e-308 1.77854e-299 0)
(9.20987e-308 1.77854e-299 0)
(8.92199e-308 1.77854e-299 0)
(8.64297e-308 1.77854e-299 0)
(8.3724e-308 1.77854e-299 0)
(8.1099e-308 1.77854e-299 0)
(7.8554e-308 1.77854e-299 0)
(7.60884e-308 1.77854e-299 0)
(7.37045e-308 1.77854e-299 0)
(7.14036e-308 1.77854e-299 0)
(6.91897e-308 1.77854e-299 0)
(6.70636e-308 1.77854e-299 0)
(6.50279e-308 1.77854e-299 0)
(6.30813e-308 1.77854e-299 0)
(6.12237e-308 1.77854e-299 0)
(5.94515e-308 1.77854e-299 0)
(5.77607e-308 1.77854e-299 0)
(5.61442e-308 1.77854e-299 0)
(5.45949e-308 1.77854e-299 0)
(5.31115e-308 1.77854e-299 0)
(5.17008e-308 1.77854e-299 0)
(5.03891e-308 1.77854e-299 0)
(4.92184e-308 1.77854e-299 0)
(4.828e-308 1.77854e-299 0)
(4.77355e-308 1.77854e-299 0)
(4.78684e-308 1.77854e-299 0)
(4.90392e-308 1.77854e-299 0)
(5.1552e-308 1.77854e-299 0)
(5.5396e-308 1.77854e-299 0)
(6.00333e-308 1.77854e-299 0)
(6.43814e-308 1.77854e-299 0)
(6.71076e-308 1.77854e-299 0)
(6.71281e-308 1.77854e-299 0)
(6.40645e-308 1.77854e-299 0)
(5.83965e-308 1.77854e-299 0)
(5.12369e-308 1.77854e-299 0)
(4.38633e-308 1.77854e-299 0)
(3.72755e-308 1.77854e-299 0)
(3.19674e-308 1.77854e-299 0)
(2.7958e-308 1.77854e-299 0)
(2.49785e-308 1.77854e-299 0)
(2.26782e-308 1.77854e-299 0)
(2.07568e-308 1.77854e-299 0)
(1.90145e-308 1.77854e-299 0)
(1.73387e-308 1.77854e-299 0)
(1.56794e-308 1.77854e-299 0)
(1.40167e-308 1.77854e-299 0)
(1.23468e-308 1.77854e-299 0)
(1.06657e-308 1.77854e-299 0)
(8.96988e-309 1.77854e-299 0)
(7.25205e-309 1.77854e-299 0)
(5.50487e-309 1.77854e-299 0)
(3.71839e-309 1.77854e-299 0)
(1.8825e-309 1.77854e-299 0)
(-1.79921e-311 1.77854e-299 0)
(-2.00458e-309 1.77854e-299 0)
(-4.11066e-309 1.77854e-299 0)
(-6.3816e-309 1.77854e-299 0)
(-8.86282e-309 1.77854e-299 0)
(-1.15648e-308 1.77854e-299 0)
(-1.44431e-308 1.77854e-299 0)
(-1.73751e-308 1.77854e-299 0)
(-2.01595e-308 1.77854e-299 0)
(-2.25664e-308 1.77854e-299 0)
(-2.44033e-308 1.77854e-299 0)
(-2.5588e-308 1.77854e-299 0)
(-2.61753e-308 1.77854e-299 0)
(-2.63487e-308 1.77854e-299 0)
(-2.63558e-308 1.77854e-299 0)
(-2.64432e-308 1.77854e-299 0)
(-2.679e-308 1.77854e-299 0)
(-2.74917e-308 1.77854e-299 0)
(-2.85575e-308 1.77854e-299 0)
(-2.99453e-308 1.77854e-299 0)
(-3.15843e-308 1.77854e-299 0)
(-3.34042e-308 1.77854e-299 0)
(-3.53443e-308 1.77854e-299 0)
(-3.73595e-308 1.77854e-299 0)
(-3.94195e-308 1.77854e-299 0)
(-4.15046e-308 1.77854e-299 0)
(-4.36025e-308 1.77854e-299 0)
(-4.57059e-308 1.77854e-299 0)
(-4.78088e-308 1.77854e-299 0)
(-4.99064e-308 1.77854e-299 0)
(-5.19934e-308 1.77854e-299 0)
(-5.40637e-308 1.77854e-299 0)
(-5.61088e-308 1.77854e-299 0)
(-5.81178e-308 1.77854e-299 0)
(-6.00738e-308 1.77854e-299 0)
(-6.19571e-308 1.77854e-299 0)
(-6.37385e-308 1.77854e-299 0)
(-6.53869e-308 1.77854e-299 0)
(-6.68642e-308 1.77854e-299 0)
(-6.81385e-308 1.77854e-299 0)
(-6.91912e-308 1.77854e-299 0)
(-7.0034e-308 1.77854e-299 0)
(-7.07248e-308 1.77854e-299 0)
(-7.137e-308 1.77854e-299 0)
(-7.21163e-308 1.77854e-299 0)
(-7.31222e-308 1.77854e-299 0)
(-7.45203e-308 1.77854e-299 0)
(-7.63837e-308 1.77854e-299 0)
(-7.87098e-308 1.77854e-299 0)
(-8.14245e-308 1.77854e-299 0)
(-8.44107e-308 1.77854e-299 0)
(-8.75405e-308 1.77854e-299 0)
(-9.07058e-308 1.77854e-299 0)
(-9.38348e-308 1.77854e-299 0)
(-9.68924e-308 1.77854e-299 0)
(-9.98729e-308 1.77854e-299 0)
(-1.02785e-307 1.77854e-299 0)
(-1.05645e-307 1.77854e-299 0)
(-1.08463e-307 1.77854e-299 0)
(-1.11251e-307 1.77854e-299 0)
(-1.14015e-307 1.77854e-299 0)
(-1.16763e-307 1.77854e-299 0)
(-1.19505e-307 1.77854e-299 0)
(-1.22258e-307 1.77854e-299 0)
(-1.25039e-307 1.77854e-299 0)
(-1.27872e-307 1.77854e-299 0)
(-1.30782e-307 1.77854e-299 0)
(-1.33794e-307 1.77854e-299 0)
(-1.36934e-307 1.77854e-299 0)
(-1.40226e-307 1.77854e-299 0)
(-1.43692e-307 1.77854e-299 0)
(-1.47355e-307 1.77854e-299 0)
(-1.51237e-307 1.77854e-299 0)
(-1.55361e-307 1.77854e-299 0)
(-1.59754e-307 1.77854e-299 0)
(-1.64445e-307 1.77854e-299 0)
(-1.69469e-307 1.77854e-299 0)
(-1.74865e-307 1.77854e-299 0)
(-1.8068e-307 1.77854e-299 0)
(-1.86967e-307 1.77854e-299 0)
(-1.93788e-307 1.77854e-299 0)
(-2.01213e-307 1.77854e-299 0)
(-2.09323e-307 1.77854e-299 0)
(-2.1821e-307 1.77854e-299 0)
(-2.27979e-307 1.77854e-299 0)
(-2.38748e-307 1.77854e-299 0)
(-2.50653e-307 1.77854e-299 0)
(-2.63848e-307 1.77854e-299 0)
(-2.78506e-307 1.77854e-299 0)
(-2.94824e-307 1.77854e-299 0)
(-3.13024e-307 1.77854e-299 0)
(-3.33358e-307 1.77854e-299 0)
(-3.56107e-307 1.77854e-299 0)
(-3.8159e-307 1.77854e-299 0)
(-4.10161e-307 1.77854e-299 0)
(-4.42215e-307 1.77854e-299 0)
(-4.7819e-307 1.77854e-299 0)
(-5.18568e-307 1.77854e-299 0)
(-5.63883e-307 1.77854e-299 0)
(-6.14716e-307 1.77854e-299 0)
(-6.71709e-307 1.77854e-299 0)
(-7.35563e-307 1.77854e-299 0)
(-8.07041e-307 1.77854e-299 0)
(-8.86972e-307 1.77854e-299 0)
(-9.76247e-307 1.77854e-299 0)
(-1.07581e-306 1.77854e-299 0)
(-1.18667e-306 1.77854e-299 0)
(-1.30985e-306 1.77854e-299 0)
(-1.44642e-306 1.77854e-299 0)
(-1.59743e-306 1.77854e-299 0)
(-1.76388e-306 1.77854e-299 0)
(-1.94671e-306 1.77854e-299 0)
(-2.14668e-306 1.77854e-299 0)
(-2.36431e-306 1.77854e-299 0)
(-2.59976e-306 1.77854e-299 0)
(-2.85269e-306 1.77854e-299 0)
(-3.12208e-306 1.77854e-299 0)
(-3.40595e-306 1.77854e-299 0)
(-3.70108e-306 1.77854e-299 0)
(-4.00258e-306 1.77854e-299 0)
(-4.30339e-306 1.77854e-299 0)
(-4.59364e-306 1.77854e-299 0)
(-4.85983e-306 1.77854e-299 0)
(-5.08386e-306 1.77854e-299 0)
(-5.24192e-306 1.77854e-299 0)
(-5.30315e-306 1.77855e-299 0)
(-5.22837e-306 1.77855e-299 0)
(-4.96897e-306 1.77855e-299 0)
(-4.46664e-306 1.77855e-299 0)
(-3.65497e-306 1.77855e-299 0)
(-2.46515e-306 1.77855e-299 0)
(-8.39614e-307 1.77855e-299 0)
(1.23996e-306 1.77855e-299 0)
(3.70067e-306 1.77855e-299 0)
(6.29262e-306 1.77855e-299 0)
(8.47255e-306 1.77855e-299 0)
(9.31843e-306 1.77855e-299 0)
(7.69017e-306 1.77854e-299 0)
(3.05639e-306 1.77854e-299 0)
(-1.95711e-306 1.77854e-299 0)
(-4.9571e-306 1.77854e-299 0)
(-6.06443e-306 1.77854e-299 0)
(-5.56666e-306 1.77855e-299 0)
(-4.17523e-306 1.77855e-299 0)
(-2.48826e-306 1.77855e-299 0)
(-8.6789e-307 1.77855e-299 0)
(5.14162e-307 1.77855e-299 0)
(1.604e-306 1.77855e-299 0)
(2.40963e-306 1.77855e-299 0)
(2.96616e-306 1.77855e-299 0)
(3.31669e-306 1.77855e-299 0)
(3.50296e-306 1.77855e-299 0)
(3.56177e-306 1.77854e-299 0)
(3.52429e-306 1.77854e-299 0)
(3.41659e-306 1.77854e-299 0)
(3.26029e-306 1.77854e-299 0)
(3.073e-306 1.77854e-299 0)
(2.86867e-306 1.77854e-299 0)
(2.65784e-306 1.77854e-299 0)
(2.44806e-306 1.77854e-299 0)
(2.24442e-306 1.77854e-299 0)
(2.05018e-306 1.77854e-299 0)
(1.86723e-306 1.77854e-299 0)
(1.69657e-306 1.77854e-299 0)
(1.53855e-306 1.77854e-299 0)
(1.39316e-306 1.77854e-299 0)
(1.26006e-306 1.77854e-299 0)
(1.13875e-306 1.77854e-299 0)
(1.02859e-306 1.77854e-299 0)
(9.28879e-307 1.77854e-299 0)
(8.38882e-307 1.77854e-299 0)
(7.57846e-307 1.77854e-299 0)
(6.85034e-307 1.77854e-299 0)
(6.19732e-307 1.77854e-299 0)
(5.61257e-307 1.77854e-299 0)
(5.08967e-307 1.77854e-299 0)
(4.62264e-307 1.77854e-299 0)
(4.20595e-307 1.77854e-299 0)
(3.83453e-307 1.77854e-299 0)
(3.50375e-307 1.77854e-299 0)
(3.20941e-307 1.77854e-299 0)
(2.94764e-307 1.77854e-299 0)
(2.71495e-307 1.77854e-299 0)
(2.50815e-307 1.77854e-299 0)
(2.32438e-307 1.77854e-299 0)
(2.16109e-307 1.77854e-299 0)
(2.0161e-307 1.77854e-299 0)
(1.88756e-307 1.77854e-299 0)
(1.77381e-307 1.77854e-299 0)
(1.67334e-307 1.77854e-299 0)
(1.58458e-307 1.77854e-299 0)
(1.50591e-307 1.77854e-299 0)
(1.4357e-307 1.77854e-299 0)
(1.37242e-307 1.77854e-299 0)
(1.31482e-307 1.77854e-299 0)
(1.26197e-307 1.77854e-299 0)
(1.21323e-307 1.77854e-299 0)
(1.16815e-307 1.77854e-299 0)
(1.12635e-307 1.77854e-299 0)
(1.08742e-307 1.77854e-299 0)
(1.05092e-307 1.77854e-299 0)
(1.01642e-307 1.77854e-299 0)
(9.83486e-308 1.77854e-299 0)
(9.51803e-308 1.77854e-299 0)
(9.21136e-308 1.77854e-299 0)
(8.91352e-308 1.77854e-299 0)
(8.62408e-308 1.77854e-299 0)
(8.34313e-308 1.77854e-299 0)
(8.07107e-308 1.77854e-299 0)
(7.80833e-308 1.77854e-299 0)
(7.55519e-308 1.77854e-299 0)
(7.31168e-308 1.77854e-299 0)
(7.07757e-308 1.77854e-299 0)
(6.85247e-308 1.77854e-299 0)
(6.63583e-308 1.77854e-299 0)
(6.42706e-308 1.77854e-299 0)
(6.22558e-308 1.77854e-299 0)
(6.03083e-308 1.77854e-299 0)
(5.84231e-308 1.77854e-299 0)
(5.6596e-308 1.77854e-299 0)
(5.48242e-308 1.77854e-299 0)
(5.31054e-308 1.77854e-299 0)
(5.14389e-308 1.77854e-299 0)
(4.98244e-308 1.77854e-299 0)
(4.82635e-308 1.77854e-299 0)
(4.6757e-308 1.77854e-299 0)
(4.53073e-308 1.77854e-299 0)
(4.39152e-308 1.77854e-299 0)
(4.25822e-308 1.77854e-299 0)
(4.13076e-308 1.77854e-299 0)
(4.00912e-308 1.77854e-299 0)
(3.89307e-308 1.77854e-299 0)
(3.78233e-308 1.77854e-299 0)
(3.67646e-308 1.77854e-299 0)
(3.57501e-308 1.77854e-299 0)
(3.47788e-308 1.77854e-299 0)
(3.38556e-308 1.77854e-299 0)
(3.29975e-308 1.77854e-299 0)
(3.22327e-308 1.77854e-299 0)
(3.16215e-308 1.77854e-299 0)
(3.12702e-308 1.77854e-299 0)
(3.13635e-308 1.77854e-299 0)
(3.2135e-308 1.77854e-299 0)
(3.37796e-308 1.77854e-299 0)
(3.62869e-308 1.77854e-299 0)
(3.93052e-308 1.77854e-299 0)
(4.21306e-308 1.77854e-299 0)
(4.38988e-308 1.77854e-299 0)
(4.39069e-308 1.77854e-299 0)
(4.1909e-308 1.77854e-299 0)
(3.82152e-308 1.77854e-299 0)
(3.35466e-308 1.77854e-299 0)
(2.87331e-308 1.77854e-299 0)
(2.44264e-308 1.77854e-299 0)
(2.09506e-308 1.77854e-299 0)
(1.83212e-308 1.77854e-299 0)
(1.63652e-308 1.77854e-299 0)
(1.48549e-308 1.77854e-299 0)
(1.35942e-308 1.77854e-299 0)
(1.24519e-308 1.77854e-299 0)
(1.1354e-308 1.77854e-299 0)
(1.02673e-308 1.77854e-299 0)
(9.17842e-309 1.77854e-299 0)
(8.08488e-309 1.77854e-299 0)
(6.98401e-309 1.77854e-299 0)
(5.87344e-309 1.77854e-299 0)
(4.74848e-309 1.77854e-299 0)
(3.60433e-309 1.77854e-299 0)
(2.43443e-309 1.77854e-299 0)
(1.23211e-309 1.77854e-299 0)
(-1.26507e-311 1.77854e-299 0)
(-1.31394e-309 1.77854e-299 0)
(-2.69357e-309 1.77854e-299 0)
(-4.18122e-309 1.77854e-299 0)
(-5.80624e-309 1.77854e-299 0)
(-7.57501e-309 1.77854e-299 0)
(-9.45812e-309 1.77854e-299 0)
(-1.13754e-308 1.77854e-299 0)
(-1.31955e-308 1.77854e-299 0)
(-1.47689e-308 1.77854e-299 0)
(-1.59705e-308 1.77854e-299 0)
(-1.67468e-308 1.77854e-299 0)
(-1.71337e-308 1.77854e-299 0)
(-1.72504e-308 1.77854e-299 0)
(-1.72583e-308 1.77854e-299 0)
(-1.7318e-308 1.77854e-299 0)
(-1.75464e-308 1.77854e-299 0)
(-1.80061e-308 1.77854e-299 0)
(-1.87035e-308 1.77854e-299 0)
(-1.96114e-308 1.77854e-299 0)
(-2.06837e-308 1.77854e-299 0)
(-2.18746e-308 1.77854e-299 0)
(-2.31444e-308 1.77854e-299 0)
(-2.44635e-308 1.77854e-299 0)
(-2.58121e-308 1.77854e-299 0)
(-2.71773e-308 1.77854e-299 0)
(-2.85508e-308 1.77854e-299 0)
(-2.99281e-308 1.77854e-299 0)
(-3.13049e-308 1.77854e-299 0)
(-3.26784e-308 1.77854e-299 0)
(-3.40448e-308 1.77854e-299 0)
(-3.54003e-308 1.77854e-299 0)
(-3.67392e-308 1.77854e-299 0)
(-3.80544e-308 1.77854e-299 0)
(-3.93348e-308 1.77854e-299 0)
(-4.05674e-308 1.77854e-299 0)
(-4.17332e-308 1.77854e-299 0)
(-4.28118e-308 1.77854e-299 0)
(-4.37785e-308 1.77854e-299 0)
(-4.46124e-308 1.77854e-299 0)
(-4.53019e-308 1.77854e-299 0)
(-4.58548e-308 1.77854e-299 0)
(-4.6309e-308 1.77854e-299 0)
(-4.67341e-308 1.77854e-299 0)
(-4.72258e-308 1.77854e-299 0)
(-4.78871e-308 1.77854e-299 0)
(-4.88041e-308 1.77854e-299 0)
(-5.00244e-308 1.77854e-299 0)
(-5.15463e-308 1.77854e-299 0)
(-5.33219e-308 1.77854e-299 0)
(-5.52749e-308 1.77854e-299 0)
(-5.73222e-308 1.77854e-299 0)
(-5.93934e-308 1.77854e-299 0)
(-6.14416e-308 1.77854e-299 0)
(-6.34436e-308 1.77854e-299 0)
(-6.53953e-308 1.77854e-299 0)
(-6.73026e-308 1.77854e-299 0)
(-6.9175e-308 1.77854e-299 0)
(-7.10207e-308 1.77854e-299 0)
(-7.28462e-308 1.77854e-299 0)
(-7.4656e-308 1.77854e-299 0)
(-7.64557e-308 1.77854e-299 0)
(-7.8252e-308 1.77854e-299 0)
(-8.00546e-308 1.77854e-299 0)
(-8.18763e-308 1.77854e-299 0)
(-8.37319e-308 1.77854e-299 0)
(-8.5638e-308 1.77854e-299 0)
(-8.7611e-308 1.77854e-299 0)
(-8.96677e-308 1.77854e-299 0)
(-9.18237e-308 1.77854e-299 0)
(-9.40941e-308 1.77854e-299 0)
(-9.64931e-308 1.77854e-299 0)
(-9.90357e-308 1.77854e-299 0)
(-1.01737e-307 1.77854e-299 0)
(-1.04614e-307 1.77854e-299 0)
(-1.07687e-307 1.77854e-299 0)
(-1.10978e-307 1.77854e-299 0)
(-1.14512e-307 1.77854e-299 0)
(-1.18322e-307 1.77854e-299 0)
(-1.2244e-307 1.77854e-299 0)
(-1.26909e-307 1.77854e-299 0)
(-1.31773e-307 1.77854e-299 0)
(-1.37086e-307 1.77854e-299 0)
(-1.42909e-307 1.77854e-299 0)
(-1.49309e-307 1.77854e-299 0)
(-1.56365e-307 1.77854e-299 0)
(-1.64165e-307 1.77854e-299 0)
(-1.72811e-307 1.77854e-299 0)
(-1.82415e-307 1.77854e-299 0)
(-1.93107e-307 1.77854e-299 0)
(-2.05033e-307 1.77854e-299 0)
(-2.18357e-307 1.77854e-299 0)
(-2.33265e-307 1.77854e-299 0)
(-2.49963e-307 1.77854e-299 0)
(-2.68685e-307 1.77854e-299 0)
(-2.89689e-307 1.77854e-299 0)
(-3.13263e-307 1.77854e-299 0)
(-3.39722e-307 1.77854e-299 0)
(-3.69415e-307 1.77854e-299 0)
(-4.02725e-307 1.77854e-299 0)
(-4.4007e-307 1.77854e-299 0)
(-4.81911e-307 1.77854e-299 0)
(-5.28746e-307 1.77854e-299 0)
(-5.8112e-307 1.77854e-299 0)
(-6.39615e-307 1.77854e-299 0)
(-7.04852e-307 1.77854e-299 0)
(-7.77483e-307 1.77854e-299 0)
(-8.58187e-307 1.77854e-299 0)
(-9.47657e-307 1.77854e-299 0)
(-1.04658e-306 1.77854e-299 0)
(-1.15562e-306 1.77854e-299 0)
(-1.27537e-306 1.77854e-299 0)
(-1.40634e-306 1.77854e-299 0)
(-1.54886e-306 1.77854e-299 0)
(-1.70303e-306 1.77854e-299 0)
(-1.86862e-306 1.77854e-299 0)
(-2.04494e-306 1.77854e-299 0)
(-2.2307e-306 1.77854e-299 0)
(-2.42376e-306 1.77854e-299 0)
(-2.62089e-306 1.77854e-299 0)
(-2.81746e-306 1.77854e-299 0)
(-3.00694e-306 1.77854e-299 0)
(-3.18047e-306 1.77854e-299 0)
(-3.32613e-306 1.77854e-299 0)
(-3.42825e-306 1.77854e-299 0)
(-3.46659e-306 1.77855e-299 0)
(-3.41541e-306 1.77855e-299 0)
(-3.24287e-306 1.77855e-299 0)
(-2.91084e-306 1.77855e-299 0)
(-2.37611e-306 1.77855e-299 0)
(-1.59425e-306 1.77855e-299 0)
(-5.28911e-307 1.77855e-299 0)
(8.29381e-307 1.77855e-299 0)
(2.42874e-306 1.77855e-299 0)
(4.09997e-306 1.77855e-299 0)
(5.48367e-306 1.77855e-299 0)
(5.98477e-306 1.77855e-299 0)
(4.89629e-306 1.77854e-299 0)
(1.93371e-306 1.77854e-299 0)
(-1.19224e-306 1.77854e-299 0)
(-3.02847e-306 1.77854e-299 0)
(-3.71966e-306 1.77854e-299 0)
(-3.42639e-306 1.77855e-299 0)
(-2.57773e-306 1.77855e-299 0)
(-1.54121e-306 1.77855e-299 0)
(-5.41928e-307 1.77855e-299 0)
(3.12312e-307 1.77855e-299 0)
(9.86977e-307 1.77855e-299 0)
(1.48629e-306 1.77855e-299 0)
(1.83159e-306 1.77855e-299 0)
(2.04936e-306 1.77855e-299 0)
(2.16537e-306 1.77855e-299 0)
(2.20238e-306 1.77854e-299 0)
(2.1797e-306 1.77854e-299 0)
(2.11346e-306 1.77854e-299 0)
(2.01706e-306 1.77854e-299 0)
(1.90142e-306 1.77854e-299 0)
(1.77516e-306 1.77854e-299 0)
(1.64482e-306 1.77854e-299 0)
(1.51509e-306 1.77854e-299 0)
(1.38912e-306 1.77854e-299 0)
(1.26895e-306 1.77854e-299 0)
(1.15575e-306 1.77854e-299 0)
(1.05014e-306 1.77854e-299 0)
(9.52347e-307 1.77854e-299 0)
(8.62361e-307 1.77854e-299 0)
(7.79982e-307 1.77854e-299 0)
(7.04895e-307 1.77854e-299 0)
(6.3671e-307 1.77854e-299 0)
(5.74992e-307 1.77854e-299 0)
(5.19283e-307 1.77854e-299 0)
(4.69121e-307 1.77854e-299 0)
(4.24049e-307 1.77854e-299 0)
(3.83625e-307 1.77854e-299 0)
(3.47428e-307 1.77854e-299 0)
(3.15058e-307 1.77854e-299 0)
(2.86147e-307 1.77854e-299 0)
(2.60351e-307 1.77854e-299 0)
(2.37359e-307 1.77854e-299 0)
(2.16882e-307 1.77854e-299 0)
(1.9866e-307 1.77854e-299 0)
(1.82456e-307 1.77854e-299 0)
(1.68051e-307 1.77854e-299 0)
(1.55249e-307 1.77854e-299 0)
(1.43872e-307 1.77854e-299 0)
(1.33763e-307 1.77854e-299 0)
(1.24788e-307 1.77854e-299 0)
(1.16831e-307 1.77854e-299 0)
(1.0979e-307 1.77854e-299 0)
(1.0357e-307 1.77854e-299 0)
(9.80746e-308 1.77854e-299 0)
(9.3204e-308 1.77854e-299 0)
(8.88569e-308 1.77854e-299 0)
(8.49393e-308 1.77854e-299 0)
(8.13736e-308 1.77854e-299 0)
(7.8102e-308 1.77854e-299 0)
(7.50851e-308 1.77854e-299 0)
(7.22947e-308 1.77854e-299 0)
(6.97071e-308 1.77854e-299 0)
(6.72973e-308 1.77854e-299 0)
(6.50383e-308 1.77854e-299 0)
(6.29024e-308 1.77854e-299 0)
(6.08642e-308 1.77854e-299 0)
(5.89032e-308 1.77854e-299 0)
(5.70052e-308 1.77854e-299 0)
(5.51619e-308 1.77854e-299 0)
(5.33707e-308 1.77854e-299 0)
(5.16321e-308 1.77854e-299 0)
(4.99485e-308 1.77854e-299 0)
(4.83226e-308 1.77854e-299 0)
(4.6756e-308 1.77854e-299 0)
(4.5249e-308 1.77854e-299 0)
(4.38002e-308 1.77854e-299 0)
(4.24071e-308 1.77854e-299 0)
(4.10664e-308 1.77854e-299 0)
(3.97744e-308 1.77854e-299 0)
(3.85275e-308 1.77854e-299 0)
(3.73222e-308 1.77854e-299 0)
(3.61556e-308 1.77854e-299 0)
(3.50248e-308 1.77854e-299 0)
(3.39283e-308 1.77854e-299 0)
(3.28646e-308 1.77854e-299 0)
(3.18333e-308 1.77854e-299 0)
(3.08343e-308 1.77854e-299 0)
(2.98683e-308 1.77854e-299 0)
(2.8936e-308 1.77854e-299 0)
(2.80389e-308 1.77854e-299 0)
(2.71774e-308 1.77854e-299 0)
(2.63525e-308 1.77854e-299 0)
(2.55637e-308 1.77854e-299 0)
(2.4811e-308 1.77854e-299 0)
(2.40927e-308 1.77854e-299 0)
(2.34074e-308 1.77854e-299 0)
(2.27522e-308 1.77854e-299 0)
(2.21242e-308 1.77854e-299 0)
(2.15232e-308 1.77854e-299 0)
(2.0952e-308 1.77854e-299 0)
(2.04212e-308 1.77854e-299 0)
(1.99486e-308 1.77854e-299 0)
(1.95712e-308 1.77854e-299 0)
(1.93554e-308 1.77854e-299 0)
(1.94151e-308 1.77854e-299 0)
(1.9894e-308 1.77854e-299 0)
(2.09115e-308 1.77854e-299 0)
(2.24604e-308 1.77854e-299 0)
(2.43229e-308 1.77854e-299 0)
(2.60652e-308 1.77854e-299 0)
(2.71545e-308 1.77854e-299 0)
(2.7158e-308 1.77854e-299 0)
(2.59239e-308 1.77854e-299 0)
(2.36429e-308 1.77854e-299 0)
(2.07591e-308 1.77854e-299 0)
(1.77844e-308 1.77854e-299 0)
(1.51211e-308 1.77854e-299 0)
(1.29701e-308 1.77854e-299 0)
(1.13418e-308 1.77854e-299 0)
(1.01301e-308 1.77854e-299 0)
(9.19435e-309 1.77854e-299 0)
(8.4135e-309 1.77854e-299 0)
(7.70626e-309 1.77854e-299 0)
(7.02665e-309 1.77854e-299 0)
(6.35405e-309 1.77854e-299 0)
(5.68018e-309 1.77854e-299 0)
(5.00341e-309 1.77854e-299 0)
(4.3221e-309 1.77854e-299 0)
(3.63479e-309 1.77854e-299 0)
(2.93859e-309 1.77854e-299 0)
(2.23051e-309 1.77854e-299 0)
(1.50647e-309 1.77854e-299 0)
(7.62367e-310 1.77854e-299 0)
(-8.06059e-312 1.77854e-299 0)
(-8.13482e-310 1.77854e-299 0)
(-1.66745e-309 1.77854e-299 0)
(-2.5883e-309 1.77854e-299 0)
(-3.59402e-309 1.77854e-299 0)
(-4.68848e-309 1.77854e-299 0)
(-5.85336e-309 1.77854e-299 0)
(-7.03908e-309 1.77854e-299 0)
(-8.16459e-309 1.77854e-299 0)
(-9.13754e-309 1.77854e-299 0)
(-9.88076e-309 1.77854e-299 0)
(-1.03613e-308 1.77854e-299 0)
(-1.06014e-308 1.77854e-299 0)
(-1.06745e-308 1.77854e-299 0)
(-1.06802e-308 1.77854e-299 0)
(-1.07179e-308 1.77854e-299 0)
(-1.08596e-308 1.77854e-299 0)
(-1.11442e-308 1.77854e-299 0)
(-1.15757e-308 1.77854e-299 0)
(-1.21373e-308 1.77854e-299 0)
(-1.28007e-308 1.77854e-299 0)
(-1.35374e-308 1.77854e-299 0)
(-1.43231e-308 1.77854e-299 0)
(-1.51393e-308 1.77854e-299 0)
(-1.59738e-308 1.77854e-299 0)
(-1.68186e-308 1.77854e-299 0)
(-1.76686e-308 1.77854e-299 0)
(-1.85208e-308 1.77854e-299 0)
(-1.93729e-308 1.77854e-299 0)
(-2.02228e-308 1.77854e-299 0)
(-2.10684e-308 1.77854e-299 0)
(-2.19071e-308 1.77854e-299 0)
(-2.27357e-308 1.77854e-299 0)
(-2.35495e-308 1.77854e-299 0)
(-2.43418e-308 1.77854e-299 0)
(-2.51044e-308 1.77854e-299 0)
(-2.58257e-308 1.77854e-299 0)
(-2.64929e-308 1.77854e-299 0)
(-2.70909e-308 1.77854e-299 0)
(-2.76068e-308 1.77854e-299 0)
(-2.80335e-308 1.77854e-299 0)
(-2.83759e-308 1.77854e-299 0)
(-2.86576e-308 1.77854e-299 0)
(-2.89215e-308 1.77854e-299 0)
(-2.92266e-308 1.77854e-299 0)
(-2.96366e-308 1.77854e-299 0)
(-3.02045e-308 1.77854e-299 0)
(-3.09598e-308 1.77854e-299 0)
(-3.19013e-308 1.77854e-299 0)
(-3.29996e-308 1.77854e-299 0)
(-3.42075e-308 1.77854e-299 0)
(-3.54739e-308 1.77854e-299 0)
(-3.67553e-308 1.77854e-299 0)
(-3.80226e-308 1.77854e-299 0)
(-3.92615e-308 1.77854e-299 0)
(-4.04693e-308 1.77854e-299 0)
(-4.16497e-308 1.77854e-299 0)
(-4.28085e-308 1.77854e-299 0)
(-4.39507e-308 1.77854e-299 0)
(-4.50804e-308 1.77854e-299 0)
(-4.62005e-308 1.77854e-299 0)
(-4.73142e-308 1.77854e-299 0)
(-4.84259e-308 1.77854e-299 0)
(-4.95416e-308 1.77854e-299 0)
(-5.06691e-308 1.77854e-299 0)
(-5.18176e-308 1.77854e-299 0)
(-5.29973e-308 1.77854e-299 0)
(-5.42185e-308 1.77854e-299 0)
(-5.54915e-308 1.77854e-299 0)
(-5.68259e-308 1.77854e-299 0)
(-5.82311e-308 1.77854e-299 0)
(-5.97159e-308 1.77854e-299 0)
(-6.12895e-308 1.77854e-299 0)
(-6.29614e-308 1.77854e-299 0)
(-6.47423e-308 1.77854e-299 0)
(-6.66442e-308 1.77854e-299 0)
(-6.86809e-308 1.77854e-299 0)
(-7.08688e-308 1.77854e-299 0)
(-7.32265e-308 1.77854e-299 0)
(-7.57758e-308 1.77854e-299 0)
(-7.85416e-308 1.77854e-299 0)
(-8.15527e-308 1.77854e-299 0)
(-8.48416e-308 1.77854e-299 0)
(-8.84458e-308 1.77854e-299 0)
(-9.24076e-308 1.77854e-299 0)
(-9.67754e-308 1.77854e-299 0)
(-1.01604e-307 1.77854e-299 0)
(-1.06956e-307 1.77854e-299 0)
(-1.12901e-307 1.77854e-299 0)
(-1.1952e-307 1.77854e-299 0)
(-1.26903e-307 1.77854e-299 0)
(-1.35151e-307 1.77854e-299 0)
(-1.4438e-307 1.77854e-299 0)
(-1.54717e-307 1.77854e-299 0)
(-1.66307e-307 1.77854e-299 0)
(-1.7931e-307 1.77854e-299 0)
(-1.93903e-307 1.77854e-299 0)
(-2.10283e-307 1.77854e-299 0)
(-2.28664e-307 1.77854e-299 0)
(-2.49285e-307 1.77854e-299 0)
(-2.72403e-307 1.77854e-299 0)
(-2.98304e-307 1.77854e-299 0)
(-3.27297e-307 1.77854e-299 0)
(-3.59719e-307 1.77854e-299 0)
(-3.95929e-307 1.77854e-299 0)
(-4.36312e-307 1.77854e-299 0)
(-4.81271e-307 1.77854e-299 0)
(-5.31228e-307 1.77854e-299 0)
(-5.86608e-307 1.77854e-299 0)
(-6.47839e-307 1.77854e-299 0)
(-7.15329e-307 1.77854e-299 0)
(-7.89449e-307 1.77854e-299 0)
(-8.70507e-307 1.77854e-299 0)
(-9.58707e-307 1.77854e-299 0)
(-1.05411e-306 1.77854e-299 0)
(-1.15658e-306 1.77854e-299 0)
(-1.26568e-306 1.77854e-299 0)
(-1.3806e-306 1.77854e-299 0)
(-1.50002e-306 1.77854e-299 0)
(-1.62193e-306 1.77854e-299 0)
(-1.74346e-306 1.77854e-299 0)
(-1.86056e-306 1.77854e-299 0)
(-1.96772e-306 1.77854e-299 0)
(-2.05757e-306 1.77854e-299 0)
(-2.12038e-306 1.77854e-299 0)
(-2.14361e-306 1.77855e-299 0)
(-2.11131e-306 1.77855e-299 0)
(-2.00377e-306 1.77855e-299 0)
(-1.79741e-306 1.77855e-299 0)
(-1.46558e-306 1.77855e-299 0)
(-9.80949e-307 1.77855e-299 0)
(-3.21421e-307 1.77855e-299 0)
(5.18154e-307 1.77855e-299 0)
(1.50449e-306 1.77855e-299 0)
(2.53132e-306 1.77855e-299 0)
(3.37527e-306 1.77855e-299 0)
(3.67069e-306 1.77855e-299 0)
(2.99123e-306 1.77854e-299 0)
(1.17795e-306 1.77854e-299 0)
(-6.56958e-307 1.77854e-299 0)
(-1.6708e-306 1.77854e-299 0)
(-2.05554e-306 1.77854e-299 0)
(-1.89629e-306 1.77855e-299 0)
(-1.42844e-306 1.77855e-299 0)
(-8.55224e-307 1.77855e-299 0)
(-3.01735e-307 1.77855e-299 0)
(1.71869e-307 1.77855e-299 0)
(5.46158e-307 1.77855e-299 0)
(8.23304e-307 1.77855e-299 0)
(1.01505e-306 1.77855e-299 0)
(1.13605e-306 1.77855e-299 0)
(1.20057e-306 1.77855e-299 0)
(1.22125e-306 1.77854e-299 0)
(1.20878e-306 1.77854e-299 0)
(1.17214e-306 1.77854e-299 0)
(1.11874e-306 1.77854e-299 0)
(1.05465e-306 1.77854e-299 0)
(9.84662e-307 1.77854e-299 0)
(9.12394e-307 1.77854e-299 0)
(8.4045e-307 1.77854e-299 0)
(7.70591e-307 1.77854e-299 0)
(7.03937e-307 1.77854e-299 0)
(6.41148e-307 1.77854e-299 0)
(5.82566e-307 1.77854e-299 0)
(5.28322e-307 1.77854e-299 0)
(4.78404e-307 1.77854e-299 0)
(4.32706e-307 1.77854e-299 0)
(3.91051e-307 1.77854e-299 0)
(3.53226e-307 1.77854e-299 0)
(3.18987e-307 1.77854e-299 0)
(2.88082e-307 1.77854e-299 0)
(2.60254e-307 1.77854e-299 0)
(2.3525e-307 1.77854e-299 0)
(2.12823e-307 1.77854e-299 0)
(1.92742e-307 1.77854e-299 0)
(1.74784e-307 1.77854e-299 0)
(1.58745e-307 1.77854e-299 0)
(1.44434e-307 1.77854e-299 0)
(1.31678e-307 1.77854e-299 0)
(1.20318e-307 1.77854e-299 0)
(1.10209e-307 1.77854e-299 0)
(1.01219e-307 1.77854e-299 0)
(9.32271e-308 1.77854e-299 0)
(8.61247e-308 1.77854e-299 0)
(7.98129e-308 1.77854e-299 0)
(7.4205e-308 1.77854e-299 0)
(6.92259e-308 1.77854e-299 0)
(6.48113e-308 1.77854e-299 0)
(6.0905e-308 1.77854e-299 0)
(5.74543e-308 1.77854e-299 0)
(5.44056e-308 1.77854e-299 0)
(5.17033e-308 1.77854e-299 0)
(4.92914e-308 1.77854e-299 0)
(4.71179e-308 1.77854e-299 0)
(4.51398e-308 1.77854e-299 0)
(4.33248e-308 1.77854e-299 0)
(4.16511e-308 1.77854e-299 0)
(4.01032e-308 1.77854e-299 0)
(3.86677e-308 1.77854e-299 0)
(3.73308e-308 1.77854e-299 0)
(3.60776e-308 1.77854e-299 0)
(3.48927e-308 1.77854e-299 0)
(3.37619e-308 1.77854e-299 0)
(3.26741e-308 1.77854e-299 0)
(3.16213e-308 1.77854e-299 0)
(3.05988e-308 1.77854e-299 0)
(2.96052e-308 1.77854e-299 0)
(2.86407e-308 1.77854e-299 0)
(2.77068e-308 1.77854e-299 0)
(2.68049e-308 1.77854e-299 0)
(2.59359e-308 1.77854e-299 0)
(2.51e-308 1.77854e-299 0)
(2.42963e-308 1.77854e-299 0)
(2.35236e-308 1.77854e-299 0)
(2.27799e-308 1.77854e-299 0)
(2.20632e-308 1.77854e-299 0)
(2.13715e-308 1.77854e-299 0)
(2.07029e-308 1.77854e-299 0)
(2.00558e-308 1.77854e-299 0)
(1.94286e-308 1.77854e-299 0)
(1.88203e-308 1.77854e-299 0)
(1.82303e-308 1.77854e-299 0)
(1.76582e-308 1.77854e-299 0)
(1.7104e-308 1.77854e-299 0)
(1.65682e-308 1.77854e-299 0)
(1.60511e-308 1.77854e-299 0)
(1.55535e-308 1.77854e-299 0)
(1.50756e-308 1.77854e-299 0)
(1.4618e-308 1.77854e-299 0)
(1.41805e-308 1.77854e-299 0)
(1.37629e-308 1.77854e-299 0)
(1.33645e-308 1.77854e-299 0)
(1.29844e-308 1.77854e-299 0)
(1.26209e-308 1.77854e-299 0)
(1.22726e-308 1.77854e-299 0)
(1.19391e-308 1.77854e-299 0)
(1.16223e-308 1.77854e-299 0)
(1.1328e-308 1.77854e-299 0)
(1.10659e-308 1.77854e-299 0)
(1.08569e-308 1.77854e-299 0)
(1.07376e-308 1.77854e-299 0)
(1.07712e-308 1.77854e-299 0)
(1.10372e-308 1.77854e-299 0)
(1.16016e-308 1.77854e-299 0)
(1.24601e-308 1.77854e-299 0)
(1.3492e-308 1.77854e-299 0)
(1.44569e-308 1.77854e-299 0)
(1.50599e-308 1.77854e-299 0)
(1.50615e-308 1.77854e-299 0)
(1.43774e-308 1.77854e-299 0)
(1.31132e-308 1.77854e-299 0)
(1.15148e-308 1.77854e-299 0)
(9.86566e-309 1.77854e-299 0)
(8.38876e-309 1.77854e-299 0)
(7.19557e-309 1.77854e-299 0)
(6.29217e-309 1.77854e-299 0)
(5.61973e-309 1.77854e-299 0)
(5.10046e-309 1.77854e-299 0)
(4.6672e-309 1.77854e-299 0)
(4.27483e-309 1.77854e-299 0)
(3.8978e-309 1.77854e-299 0)
(3.52471e-309 1.77854e-299 0)
(3.1509e-309 1.77854e-299 0)
(2.77546e-309 1.77854e-299 0)
(2.39752e-309 1.77854e-299 0)
(2.01626e-309 1.77854e-299 0)
(1.63007e-309 1.77854e-299 0)
(1.23728e-309 1.77854e-299 0)
(8.35654e-310 1.77854e-299 0)
(4.22875e-310 1.77854e-299 0)
(-4.52074e-312 1.77854e-299 0)
(-4.51324e-310 1.77854e-299 0)
(-9.25064e-310 1.77854e-299 0)
(-1.43591e-309 1.77854e-299 0)
(-1.99383e-309 1.77854e-299 0)
(-2.60089e-309 1.77854e-299 0)
(-3.24695e-309 1.77854e-299 0)
(-3.90449e-309 1.77854e-299 0)
(-4.52859e-309 1.77854e-299 0)
(-5.06811e-309 1.77854e-299 0)
(-5.48027e-309 1.77854e-299 0)
(-5.74687e-309 1.77854e-299 0)
(-5.88018e-309 1.77854e-299 0)
(-5.92093e-309 1.77854e-299 0)
(-5.92431e-309 1.77854e-299 0)
(-5.94536e-309 1.77854e-299 0)
(-6.02409e-309 1.77854e-299 0)
(-6.18193e-309 1.77854e-299 0)
(-6.42126e-309 1.77854e-299 0)
(-6.73276e-309 1.77854e-299 0)
(-7.10071e-309 1.77854e-299 0)
(-7.50936e-309 1.77854e-299 0)
(-7.94512e-309 1.77854e-299 0)
(-8.39787e-309 1.77854e-299 0)
(-8.86077e-309 1.77854e-299 0)
(-9.32933e-309 1.77854e-299 0)
(-9.80082e-309 1.77854e-299 0)
(-1.02736e-308 1.77854e-299 0)
(-1.07462e-308 1.77854e-299 0)
(-1.12176e-308 1.77854e-299 0)
(-1.16867e-308 1.77854e-299 0)
(-1.2152e-308 1.77854e-299 0)
(-1.26115e-308 1.77854e-299 0)
(-1.30629e-308 1.77854e-299 0)
(-1.35024e-308 1.77854e-299 0)
(-1.39254e-308 1.77854e-299 0)
(-1.43254e-308 1.77854e-299 0)
(-1.46954e-308 1.77854e-299 0)
(-1.50271e-308 1.77854e-299 0)
(-1.53133e-308 1.77854e-299 0)
(-1.55499e-308 1.77854e-299 0)
(-1.57399e-308 1.77854e-299 0)
(-1.58963e-308 1.77854e-299 0)
(-1.60428e-308 1.77854e-299 0)
(-1.62123e-308 1.77854e-299 0)
(-1.64399e-308 1.77854e-299 0)
(-1.67551e-308 1.77854e-299 0)
(-1.7174e-308 1.77854e-299 0)
(-1.76963e-308 1.77854e-299 0)
(-1.83053e-308 1.77854e-299 0)
(-1.89752e-308 1.77854e-299 0)
(-1.96776e-308 1.77854e-299 0)
(-2.03883e-308 1.77854e-299 0)
(-2.10913e-308 1.77854e-299 0)
(-2.17784e-308 1.77854e-299 0)
(-2.24484e-308 1.77854e-299 0)
(-2.31032e-308 1.77854e-299 0)
(-2.3746e-308 1.77854e-299 0)
(-2.43796e-308 1.77854e-299 0)
(-2.50062e-308 1.77854e-299 0)
(-2.56275e-308 1.77854e-299 0)
(-2.62453e-308 1.77854e-299 0)
(-2.68621e-308 1.77854e-299 0)
(-2.74809e-308 1.77854e-299 0)
(-2.81064e-308 1.77854e-299 0)
(-2.87435e-308 1.77854e-299 0)
(-2.9398e-308 1.77854e-299 0)
(-3.00754e-308 1.77854e-299 0)
(-3.07815e-308 1.77854e-299 0)
(-3.15218e-308 1.77854e-299 0)
(-3.23013e-308 1.77854e-299 0)
(-3.3125e-308 1.77854e-299 0)
(-3.39979e-308 1.77854e-299 0)
(-3.49254e-308 1.77854e-299 0)
(-3.59133e-308 1.77854e-299 0)
(-3.69683e-308 1.77854e-299 0)
(-3.80982e-308 1.77854e-299 0)
(-3.93119e-308 1.77854e-299 0)
(-4.06198e-308 1.77854e-299 0)
(-4.20341e-308 1.77854e-299 0)
(-4.35685e-308 1.77854e-299 0)
(-4.52389e-308 1.77854e-299 0)
(-4.70634e-308 1.77854e-299 0)
(-4.90629e-308 1.77854e-299 0)
(-5.12608e-308 1.77854e-299 0)
(-5.36839e-308 1.77854e-299 0)
(-5.63627e-308 1.77854e-299 0)
(-5.93317e-308 1.77854e-299 0)
(-6.263e-308 1.77854e-299 0)
(-6.63021e-308 1.77854e-299 0)
(-7.03979e-308 1.77854e-299 0)
(-7.49739e-308 1.77854e-299 0)
(-8.00936e-308 1.77854e-299 0)
(-8.58286e-308 1.77854e-299 0)
(-9.22585e-308 1.77854e-299 0)
(-9.94722e-308 1.77854e-299 0)
(-1.07568e-307 1.77854e-299 0)
(-1.16656e-307 1.77854e-299 0)
(-1.26853e-307 1.77854e-299 0)
(-1.38293e-307 1.77854e-299 0)
(-1.51119e-307 1.77854e-299 0)
(-1.65488e-307 1.77854e-299 0)
(-1.81573e-307 1.77854e-299 0)
(-1.99559e-307 1.77854e-299 0)
(-2.19648e-307 1.77854e-299 0)
(-2.42051e-307 1.77854e-299 0)
(-2.66993e-307 1.77854e-299 0)
(-2.94707e-307 1.77854e-299 0)
(-3.2543e-307 1.77854e-299 0)
(-3.59398e-307 1.77854e-299 0)
(-3.96838e-307 1.77854e-299 0)
(-4.37955e-307 1.77854e-299 0)
(-4.8292e-307 1.77854e-299 0)
(-5.31846e-307 1.77854e-299 0)
(-5.84768e-307 1.77854e-299 0)
(-6.41604e-307 1.77854e-299 0)
(-7.02117e-307 1.77854e-299 0)
(-7.65856e-307 1.77854e-299 0)
(-8.32085e-307 1.77854e-299 0)
(-8.99694e-307 1.77854e-299 0)
(-9.67078e-307 1.77854e-299 0)
(-1.032e-306 1.77854e-299 0)
(-1.09139e-306 1.77854e-299 0)
(-1.14116e-306 1.77854e-299 0)
(-1.17591e-306 1.77854e-299 0)
(-1.18867e-306 1.77855e-299 0)
(-1.17061e-306 1.77855e-299 0)
(-1.11078e-306 1.77855e-299 0)
(-9.96108e-307 1.77855e-299 0)
(-8.1182e-307 1.77855e-299 0)
(-5.42815e-307 1.77855e-299 0)
(-1.76916e-307 1.77855e-299 0)
(2.88562e-307 1.77855e-299 0)
(8.34878e-307 1.77855e-299 0)
(1.40273e-306 1.77855e-299 0)
(1.86798e-306 1.77855e-299 0)
(2.02845e-306 1.77855e-299 0)
(1.65023e-306 1.77854e-299 0)
(6.49078e-307 1.77854e-299 0)
(-2.75025e-307 1.77854e-299 0)
(-6.99749e-307 1.77854e-299 0)
(-8.61385e-307 1.77854e-299 0)
(-7.95068e-307 1.77855e-299 0)
(-5.99176e-307 1.77855e-299 0)
(-3.58907e-307 1.77855e-299 0)
(-1.26777e-307 1.77855e-299 0)
(7.19171e-308 1.77855e-299 0)
(2.28981e-307 1.77855e-299 0)
(3.453e-307 1.77855e-299 0)
(4.25791e-307 1.77855e-299 0)
(4.76592e-307 1.77855e-299 0)
(5.03693e-307 1.77855e-299 0)
(5.12388e-307 1.77854e-299 0)
(5.07175e-307 1.77854e-299 0)
(4.91812e-307 1.77854e-299 0)
(4.69418e-307 1.77854e-299 0)
(4.42534e-307 1.77854e-299 0)
(4.13172e-307 1.77854e-299 0)
(3.82852e-307 1.77854e-299 0)
(3.52667e-307 1.77854e-299 0)
(3.23355e-307 1.77854e-299 0)
(2.95387e-307 1.77854e-299 0)
(2.69041e-307 1.77854e-299 0)
(2.44459e-307 1.77854e-299 0)
(2.21698e-307 1.77854e-299 0)
(2.00752e-307 1.77854e-299 0)
(1.81575e-307 1.77854e-299 0)
(1.64096e-307 1.77854e-299 0)
(1.48224e-307 1.77854e-299 0)
(1.33856e-307 1.77854e-299 0)
(1.20888e-307 1.77854e-299 0)
(1.0921e-307 1.77854e-299 0)
(9.87177e-308 1.77854e-299 0)
(8.9307e-308 1.77854e-299 0)
(8.08802e-308 1.77854e-299 0)
(7.33445e-308 1.77854e-299 0)
(6.66138e-308 1.77854e-299 0)
(6.06086e-308 1.77854e-299 0)
(5.52557e-308 1.77854e-299 0)
(5.04887e-308 1.77854e-299 0)
(4.62466e-308 1.77854e-299 0)
(4.2474e-308 1.77854e-299 0)
(3.91205e-308 1.77854e-299 0)
(3.61401e-308 1.77854e-299 0)
(3.34915e-308 1.77854e-299 0)
(3.11382e-308 1.77854e-299 0)
(2.90488e-308 1.77854e-299 0)
(2.71963e-308 1.77854e-299 0)
(2.55571e-308 1.77854e-299 0)
(2.41091e-308 1.77854e-299 0)
(2.28297e-308 1.77854e-299 0)
(2.16957e-308 1.77854e-299 0)
(2.06836e-308 1.77854e-299 0)
(1.97716e-308 1.77854e-299 0)
(1.89415e-308 1.77854e-299 0)
(1.81798e-308 1.77854e-299 0)
(1.74775e-308 1.77854e-299 0)
(1.6828e-308 1.77854e-299 0)
(1.62256e-308 1.77854e-299 0)
(1.56646e-308 1.77854e-299 0)
(1.51387e-308 1.77854e-299 0)
(1.46415e-308 1.77854e-299 0)
(1.4167e-308 1.77854e-299 0)
(1.37105e-308 1.77854e-299 0)
(1.32687e-308 1.77854e-299 0)
(1.28397e-308 1.77854e-299 0)
(1.24227e-308 1.77854e-299 0)
(1.20181e-308 1.77854e-299 0)
(1.16262e-308 1.77854e-299 0)
(1.12477e-308 1.77854e-299 0)
(1.08831e-308 1.77854e-299 0)
(1.05323e-308 1.77854e-299 0)
(1.01951e-308 1.77854e-299 0)
(9.87079e-309 1.77854e-299 0)
(9.55875e-309 1.77854e-299 0)
(9.25802e-309 1.77854e-299 0)
(8.96775e-309 1.77854e-299 0)
(8.68723e-309 1.77854e-299 0)
(8.41569e-309 1.77854e-299 0)
(8.15248e-309 1.77854e-299 0)
(7.89727e-309 1.77854e-299 0)
(7.64969e-309 1.77854e-299 0)
(7.40964e-309 1.77854e-299 0)
(7.17708e-309 1.77854e-299 0)
(6.95226e-309 1.77854e-299 0)
(6.73527e-309 1.77854e-299 0)
(6.52647e-309 1.77854e-299 0)
(6.32595e-309 1.77854e-299 0)
(6.13394e-309 1.77854e-299 0)
(5.95032e-309 1.77854e-299 0)
(5.77512e-309 1.77854e-299 0)
(5.60796e-309 1.77854e-299 0)
(5.44845e-309 1.77854e-299 0)
(5.29589e-309 1.77854e-299 0)
(5.14973e-309 1.77854e-299 0)
(5.00984e-309 1.77854e-299 0)
(4.87687e-309 1.77854e-299 0)
(4.75341e-309 1.77854e-299 0)
(4.64347e-309 1.77854e-299 0)
(4.55579e-309 1.77854e-299 0)
(4.5058e-309 1.77854e-299 0)
(4.51998e-309 1.77854e-299 0)
(4.63168e-309 1.77854e-299 0)
(4.8685e-309 1.77854e-299 0)
(5.22863e-309 1.77854e-299 0)
(5.66142e-309 1.77854e-299 0)
(6.06608e-309 1.77854e-299 0)
(6.31896e-309 1.77854e-299 0)
(6.31955e-309 1.77854e-299 0)
(6.03255e-309 1.77854e-299 0)
(5.50223e-309 1.77854e-299 0)
(4.8317e-309 1.77854e-299 0)
(4.13981e-309 1.77854e-299 0)
(3.52014e-309 1.77854e-299 0)
(3.01946e-309 1.77854e-299 0)
(2.64038e-309 1.77854e-299 0)
(2.35818e-309 1.77854e-299 0)
(2.14024e-309 1.77854e-299 0)
(1.95843e-309 1.77854e-299 0)
(1.79382e-309 1.77854e-299 0)
(1.63559e-309 1.77854e-299 0)
(1.47902e-309 1.77854e-299 0)
(1.32218e-309 1.77854e-299 0)
(1.16464e-309 1.77854e-299 0)
(1.00606e-309 1.77854e-299 0)
(8.46035e-310 1.77854e-299 0)
(6.83998e-310 1.77854e-299 0)
(5.19192e-310 1.77854e-299 0)
(3.50645e-310 1.77854e-299 0)
(1.77458e-310 1.77854e-299 0)
(-1.88207e-312 1.77854e-299 0)
(-1.89403e-310 1.77854e-299 0)
(-3.88201e-310 1.77854e-299 0)
(-6.0255e-310 1.77854e-299 0)
(-8.36672e-310 1.77854e-299 0)
(-1.0914e-309 1.77854e-299 0)
(-1.36246e-309 1.77854e-299 0)
(-1.63835e-309 1.77854e-299 0)
(-1.90022e-309 1.77854e-299 0)
(-2.12656e-309 1.77854e-299 0)
(-2.2995e-309 1.77854e-299 0)
(-2.41136e-309 1.77854e-299 0)
(-2.46731e-309 1.77854e-299 0)
(-2.48444e-309 1.77854e-299 0)
(-2.48589e-309 1.77854e-299 0)
(-2.49476e-309 1.77854e-299 0)
(-2.52779e-309 1.77854e-299 0)
(-2.59402e-309 1.77854e-299 0)
(-2.69447e-309 1.77854e-299 0)
(-2.82517e-309 1.77854e-299 0)
(-2.97955e-309 1.77854e-299 0)
(-3.15102e-309 1.77854e-299 0)
(-3.33388e-309 1.77854e-299 0)
(-3.52387e-309 1.77854e-299 0)
(-3.71809e-309 1.77854e-299 0)
(-3.91469e-309 1.77854e-299 0)
(-4.11255e-309 1.77854e-299 0)
(-4.3109e-309 1.77854e-299 0)
(-4.50922e-309 1.77854e-299 0)
(-4.70708e-309 1.77854e-299 0)
(-4.90388e-309 1.77854e-299 0)
(-5.09909e-309 1.77854e-299 0)
(-5.29193e-309 1.77854e-299 0)
(-5.48134e-309 1.77854e-299 0)
(-5.66574e-309 1.77854e-299 0)
(-5.84324e-309 1.77854e-299 0)
(-6.01106e-309 1.77854e-299 0)
(-6.16633e-309 1.77854e-299 0)
(-6.3055e-309 1.77854e-299 0)
(-6.42556e-309 1.77854e-299 0)
(-6.52488e-309 1.77854e-299 0)
(-6.6046e-309 1.77854e-299 0)
(-6.67021e-309 1.77854e-299 0)
(-6.73176e-309 1.77854e-299 0)
(-6.8029e-309 1.77854e-299 0)
(-6.89845e-309 1.77854e-299 0)
(-7.0307e-309 1.77854e-299 0)
(-7.20651e-309 1.77854e-299 0)
(-7.42564e-309 1.77854e-299 0)
(-7.68119e-309 1.77854e-299 0)
(-7.96228e-309 1.77854e-299 0)
(-8.25698e-309 1.77854e-299 0)
(-8.55521e-309 1.77854e-299 0)
(-8.85014e-309 1.77854e-299 0)
(-9.13847e-309 1.77854e-299 0)
(-9.41965e-309 1.77854e-299 0)
(-9.69438e-309 1.77854e-299 0)
(-9.96408e-309 1.77854e-299 0)
(-1.023e-308 1.77854e-299 0)
(-1.04929e-308 1.77854e-299 0)
(-1.07536e-308 1.77854e-299 0)
(-1.10128e-308 1.77854e-299 0)
(-1.12717e-308 1.77854e-299 0)
(-1.15314e-308 1.77854e-299 0)
(-1.17938e-308 1.77854e-299 0)
(-1.20611e-308 1.77854e-299 0)
(-1.23358e-308 1.77854e-299 0)
(-1.262e-308 1.77854e-299 0)
(-1.29163e-308 1.77854e-299 0)
(-1.3227e-308 1.77854e-299 0)
(-1.35541e-308 1.77854e-299 0)
(-1.38997e-308 1.77854e-299 0)
(-1.4266e-308 1.77854e-299 0)
(-1.46552e-308 1.77854e-299 0)
(-1.50698e-308 1.77854e-299 0)
(-1.55125e-308 1.77854e-299 0)
(-1.59866e-308 1.77854e-299 0)
(-1.64958e-308 1.77854e-299 0)
(-1.70447e-308 1.77854e-299 0)
(-1.76382e-308 1.77854e-299 0)
(-1.8282e-308 1.77854e-299 0)
(-1.8983e-308 1.77854e-299 0)
(-1.97486e-308 1.77854e-299 0)
(-2.05876e-308 1.77854e-299 0)
(-2.151e-308 1.77854e-299 0)
(-2.25267e-308 1.77854e-299 0)
(-2.36508e-308 1.77854e-299 0)
(-2.48967e-308 1.77854e-299 0)
(-2.62808e-308 1.77854e-299 0)
(-2.78218e-308 1.77854e-299 0)
(-2.95405e-308 1.77854e-299 0)
(-3.14607e-308 1.77854e-299 0)
(-3.36091e-308 1.77854e-299 0)
(-3.60157e-308 1.77854e-299 0)
(-3.87139e-308 1.77854e-299 0)
(-4.1741e-308 1.77854e-299 0)
(-4.51384e-308 1.77854e-299 0)
(-4.89517e-308 1.77854e-299 0)
(-5.32311e-308 1.77854e-299 0)
(-5.80315e-308 1.77854e-299 0)
(-6.34136e-308 1.77854e-299 0)
(-6.94435e-308 1.77854e-299 0)
(-7.61932e-308 1.77854e-299 0)
(-8.37409e-308 1.77854e-299 0)
(-9.21706e-308 1.77854e-299 0)
(-1.01572e-307 1.77854e-299 0)
(-1.12038e-307 1.77854e-299 0)
(-1.23668e-307 1.77854e-299 0)
(-1.3656e-307 1.77854e-299 0)
(-1.50814e-307 1.77854e-299 0)
(-1.66524e-307 1.77854e-299 0)
(-1.83778e-307 1.77854e-299 0)
(-2.02646e-307 1.77854e-299 0)
(-2.23176e-307 1.77854e-299 0)
(-2.45383e-307 1.77854e-299 0)
(-2.69232e-307 1.77854e-299 0)
(-2.94623e-307 1.77854e-299 0)
(-3.21367e-307 1.77854e-299 0)
(-3.49156e-307 1.77854e-299 0)
(-3.77523e-307 1.77854e-299 0)
(-4.05794e-307 1.77854e-299 0)
(-4.33029e-307 1.77854e-299 0)
(-4.57943e-307 1.77854e-299 0)
(-4.78816e-307 1.77854e-299 0)
(-4.93385e-307 1.77854e-299 0)
(-4.98724e-307 1.77855e-299 0)
(-4.91122e-307 1.77855e-299 0)
(-4.6599e-307 1.77855e-299 0)
(-4.17843e-307 1.77855e-299 0)
(-3.40482e-307 1.77855e-299 0)
(-2.27578e-307 1.77855e-299 0)
(-7.40335e-308 1.77855e-299 0)
(1.21252e-307 1.77855e-299 0)
(3.50374e-307 1.77855e-299 0)
(5.88396e-307 1.77855e-299 0)
(7.83198e-307 1.77855e-299 0)
(8.5003e-307 1.77855e-299 0)
(6.91132e-307 1.77854e-299 0)
(2.71725e-307 1.77854e-299 0)
(0 8.89272e-300 0)
(-0 8.89272e-300 0)
(1.78005e-317 8.89272e-300 0)
(9.18419e-320 8.89273e-300 0)
(-1.77086e-317 8.89273e-300 0)
(0 8.89274e-300 0)
(-0 8.89274e-300 0)
(-0 8.89274e-300 0)
(-0 8.89274e-300 0)
(0 8.89274e-300 0)
(0 8.89273e-300 0)
(-0 8.89273e-300 0)
(1.69031e-317 8.89273e-300 0)
(8.72075e-320 8.89272e-300 0)
(-1.68159e-317 8.89272e-300 0)
(0 8.89272e-300 0)
(1.65569e-317 8.89272e-300 0)
(8.5424e-320 8.89271e-300 0)
(-8.49941e-320 8.89271e-300 0)
(8.45445e-320 8.89271e-300 0)
(-1.6302e-317 8.8927e-300 0)
(0 8.8927e-300 0)
(0 8.8927e-300 0)
(-0 8.8927e-300 0)
(-0 8.8927e-300 0)
(-0 8.8927e-300 0)
(-0 8.89269e-300 0)
(-0 8.89269e-300 0)
(-0 8.89269e-300 0)
(-0 8.89269e-300 0)
(0 8.89269e-300 0)
(0 8.89269e-300 0)
(0 8.89269e-300 0)
(1.51631e-317 8.89269e-300 0)
(1.51631e-317 8.89269e-300 0)
(-1.50071e-317 8.89269e-300 0)
(-1.50071e-317 8.89269e-300 0)
(-0 8.89269e-300 0)
(-0 8.89268e-300 0)
(1.46997e-317 8.89268e-300 0)
(7.5844e-320 8.89268e-300 0)
(-1.46239e-317 8.89268e-300 0)
(-0 8.89268e-300 0)
(0 8.89268e-300 0)
(0 8.89268e-300 0)
(0 8.89268e-300 0)
(-0 8.89268e-300 0)
(-0 8.89268e-300 0)
(-0 8.89268e-300 0)
(-0 8.89268e-300 0)
(0 8.89268e-300 0)
(0 8.89268e-300 0)
(-0 8.89268e-300 0)
(1.36728e-317 8.89268e-300 0)
(7.05427e-320 8.89268e-300 0)
(-1.36023e-317 8.89268e-300 0)
(-0 8.89268e-300 0)
(-0 8.89268e-300 0)
(-0 8.89268e-300 0)
(-0 8.89268e-300 0)
(0 8.89268e-300 0)
(0 8.89268e-300 0)
(0 8.89268e-300 0)
(1.29835e-317 8.89268e-300 0)
(6.69854e-320 8.89268e-300 0)
(-1.29166e-317 8.89268e-300 0)
(1.27836e-317 8.89268e-300 0)
(6.59578e-320 8.89268e-300 0)
(-1.27177e-317 8.89268e-300 0)
(0 8.89268e-300 0)
(0 8.89268e-300 0)
(0 8.89268e-300 0)
(0 8.89268e-300 0)
(-0 8.89268e-300 0)
(0 8.89268e-300 0)
(0 8.89268e-300 0)
(0 8.89268e-300 0)
(0 8.89268e-300 0)
(0 8.89268e-300 0)
(0 8.89268e-300 0)
(0 8.89268e-300 0)
(0 8.89268e-300 0)
(0 8.89268e-300 0)
(0 8.89268e-300 0)
(0 8.89268e-300 0)
(0 8.89268e-300 0)
(0 8.89268e-300 0)
(-0 8.89268e-300 0)
(-0 8.89268e-300 0)
(-0 8.89268e-300 0)
(1.12911e-317 8.89268e-300 0)
(5.82553e-320 8.89268e-300 0)
(-1.12329e-317 8.89268e-300 0)
(-0 8.89268e-300 0)
(1.10599e-317 8.89268e-300 0)
(5.70646e-320 8.89268e-300 0)
(-1.10029e-317 8.89268e-300 0)
(0 8.89268e-300 0)
(0 8.89268e-300 0)
(-0 8.89268e-300 0)
(1.07219e-317 8.89268e-300 0)
(5.53205e-320 8.89268e-300 0)
(-1.06666e-317 8.89268e-300 0)
(0 8.89268e-300 0)
(0 8.89268e-300 0)
(0 8.89268e-300 0)
(-0 8.89268e-300 0)
(-0 8.89268e-300 0)
(0 8.89268e-300 0)
(1.02342e-317 8.89268e-300 0)
(5.28008e-320 8.89268e-300 0)
(-1.01814e-317 8.89268e-300 0)
(0 8.89268e-300 0)
(0 8.89268e-300 0)
(0 8.89268e-300 0)
(0 8.89268e-300 0)
(-0 8.89268e-300 0)
(0 8.89268e-300 0)
(0 8.89268e-300 0)
(0 8.89268e-300 0)
(0 8.89268e-300 0)
(0 8.89268e-300 0)
(0 8.89268e-300 0)
(0 8.89268e-300 0)
(0 8.89268e-300 0)
(0 8.89268e-300 0)
(0 8.89268e-300 0)
(0 8.89268e-300 0)
(0 8.89268e-300 0)
(-0 8.89268e-300 0)
(-0 8.89268e-300 0)
(9.13338e-318 8.89268e-300 0)
(4.7124e-320 8.89268e-300 0)
(-9.08626e-318 8.89268e-300 0)
(-0 8.89268e-300 0)
(9.03938e-318 8.89268e-300 0)
(-4.68819e-320 8.89268e-300 0)
(-9.08626e-318 8.89268e-300 0)
(0 8.89268e-300 0)
(-0 8.89268e-300 0)
(-0 8.89268e-300 0)
(-0 8.89268e-300 0)
(0 8.89268e-300 0)
(0 8.89268e-300 0)
(-0 8.89268e-300 0)
(-0 8.89268e-300 0)
(-0 8.89268e-300 0)
(-0 8.89268e-300 0)
(-0 8.89268e-300 0)
(-0 8.89268e-300 0)
(-0 8.89268e-300 0)
(-0 8.89268e-300 0)
(-0 8.89268e-300 0)
(-0 8.89268e-300 0)
(-0 8.89268e-300 0)
(-0 8.89268e-300 0)
(-0 8.89268e-300 0)
(-0 8.89268e-300 0)
(-0 8.89268e-300 0)
(-0 8.89268e-300 0)
(-0 8.89268e-300 0)
(-0 8.89268e-300 0)
(-0 8.89268e-300 0)
(-0 8.89268e-300 0)
(-0 8.89268e-300 0)
(-0 8.89268e-300 0)
(0 8.89268e-300 0)
(0 8.89268e-300 0)
(-0 8.89268e-300 0)
(1.07775e-317 8.89268e-300 0)
(-5.58936e-320 8.89268e-300 0)
(5.61851e-320 8.89268e-300 0)
(1.08896e-317 8.89268e-300 0)
(-1.10029e-317 8.89268e-300 0)
(-1.10029e-317 8.89268e-300 0)
(0 8.89268e-300 0)
(0 8.89268e-300 0)
(-0 8.89268e-300 0)
(-0 8.89268e-300 0)
(-0 8.89268e-300 0)
(-0 8.89268e-300 0)
(-0 8.89268e-300 0)
(-0 8.89268e-300 0)
(-0 8.89268e-300 0)
(-0 8.89268e-300 0)
(-0 8.89268e-300 0)
(-0 8.89268e-300 0)
(-0 8.89268e-300 0)
(-0 8.89268e-300 0)
(0 8.89268e-300 0)
(0 8.89268e-300 0)
(-0 8.89268e-300 0)
(1.21392e-317 8.89268e-300 0)
(1.21392e-317 8.89268e-300 0)
(-1.22654e-317 8.89268e-300 0)
(-1.22654e-317 8.89268e-300 0)
(-0 8.89268e-300 0)
(-0 8.89268e-300 0)
(-0 8.89268e-300 0)
(0 8.89268e-300 0)
(-0 8.89268e-300 0)
(1.27177e-317 8.89268e-300 0)
(-6.59578e-320 8.89268e-300 0)
(-1.27836e-317 8.89268e-300 0)
(0 8.89268e-300 0)
(-0 8.89268e-300 0)
(0 8.89268e-300 0)
(1.31186e-317 8.89268e-300 0)
(-6.80328e-320 8.89268e-300 0)
(-1.31866e-317 8.89268e-300 0)
(0 8.89268e-300 0)
(0 8.89268e-300 0)
(0 8.89268e-300 0)
(0 8.89268e-300 0)
(0 8.89268e-300 0)
(0 8.89268e-300 0)
(0 8.89268e-300 0)
(0 8.89268e-300 0)
(0 8.89268e-300 0)
(0 8.89268e-300 0)
(0 8.89268e-300 0)
(0 8.89268e-300 0)
(0 8.89268e-300 0)
(0 8.89268e-300 0)
(0 8.89268e-300 0)
(0 8.89268e-300 0)
(0 8.89268e-300 0)
(0 8.89268e-300 0)
(-0 8.89268e-300 0)
(-0 8.89269e-300 0)
(0 8.89269e-300 0)
(1.48526e-317 8.89269e-300 0)
(-7.70298e-320 8.89269e-300 0)
(-1.49296e-317 8.89269e-300 0)
(0 8.89269e-300 0)
(1.51631e-317 8.89269e-300 0)
(-7.86404e-320 8.89269e-300 0)
(7.90505e-320 8.89269e-300 0)
(-7.94556e-320 8.89269e-300 0)
(-1.54003e-317 8.89269e-300 0)
(-0 8.89269e-300 0)
(0 8.89269e-300 0)
(0 8.89269e-300 0)
(0 8.8927e-300 0)
(0 8.8927e-300 0)
(0 8.8927e-300 0)
(0 8.8927e-300 0)
(0 8.8927e-300 0)
(0 8.8927e-300 0)
(0 8.89271e-300 0)
(0 8.89271e-300 0)
(0 8.89271e-300 0)
(0 8.89271e-300 0)
(-0 8.89272e-300 0)
(1.67291e-317 8.89272e-300 0)
(1.67291e-317 8.89272e-300 0)
(-1.69031e-317 8.89273e-300 0)
(8.76719e-320 8.89273e-300 0)
(-8.81166e-320 8.89273e-300 0)
(-1.70789e-317 8.89273e-300 0)
(-0 8.89274e-300 0)
(0 8.89274e-300 0)
(-0 8.89274e-300 0)
(1.75264e-317 8.89274e-300 0)
(-9.08933e-320 8.89274e-300 0)
(-1.76173e-317 8.89273e-300 0)
(0 8.89273e-300 0)
(-0 8.89273e-300 0)
(-0 8.89272e-300 0)
(-0 8.89272e-300 0)
(2.02311e-33 6.80808e-35 0)
(-3.97106e-33 4.39413e-34 0)
(-8.66775e-33 -3.77668e-34 0)
(-8.77276e-34 -4.40482e-17 0)
(8.60268e-33 2.10451e-32 0)
(4.56752e-33 -1.98777e-34 0)
(-2.07822e-33 -2.78237e-34 0)
(-2.44995e-33 -1.85609e-35 0)
(-1.60595e-34 5.21493e-35 0)
(1.12277e-33 2.37098e-35 0)
(6.60839e-34 4.54449e-35 0)
(-2.24376e-33 1.43628e-34 0)
(-5.57004e-33 3.60737e-32 0)
(1.38242e-33 -4.40482e-17 0)
(5.36144e-33 3.40066e-32 0)
(5.13201e-34 -7.8347e-35 0)
(5.25276e-33 -3.22883e-32 0)
(-1.83387e-33 -4.40481e-17 0)
(-6.01366e-33 3.44737e-33 0)
(1.67314e-34 -4.40481e-17 0)
(-9.36853e-34 3.4469e-32 0)
(2.4176e-34 1.07473e-34 0)
(3.14034e-34 2.53894e-35 0)
(-9.30488e-35 -2.28151e-35 0)
(-5.69963e-34 -5.78381e-36 0)
(-4.84579e-34 2.34447e-36 0)
(-4.87908e-34 1.10667e-35 0)
(-7.89046e-34 1.21577e-35 0)
(-9.62855e-34 -1.78882e-35 0)
(-6.44364e-34 -3.7505e-35 0)
(1.33747e-34 -7.80449e-36 0)
(4.86852e-34 5.87088e-35 0)
(-2.00596e-33 1.58165e-34 0)
(-3.62218e-33 -6.1767e-32 0)
(-4.10238e-33 -4.4048e-17 0)
(7.33222e-34 -4.4048e-17 0)
(3.58779e-33 3.96083e-34 0)
(-6.72826e-34 -1.63846e-34 0)
(-7.58628e-34 -1.86844e-34 0)
(2.21607e-33 6.15992e-32 0)
(8.65949e-34 -4.4048e-17 0)
(-2.48216e-33 -3.25523e-34 0)
(-1.13466e-33 6.51801e-35 0)
(5.47448e-34 4.14925e-35 0)
(5.35387e-34 5.45078e-37 0)
(4.20394e-35 -5.41875e-36 0)
(-2.33998e-34 3.80137e-36 0)
(-5.8399e-34 1.37292e-35 0)
(-6.88706e-34 -1.6908e-35 0)
(-2.40054e-34 -4.14282e-35 0)
(3.64153e-34 9.19149e-36 0)
(1.43194e-34 8.45456e-35 0)
(-1.73702e-33 6.56002e-35 0)
(-2.53533e-33 -1.61708e-34 0)
(-3.74144e-34 -4.4048e-17 0)
(1.82199e-33 -1.11822e-31 0)
(9.92071e-34 1.13017e-35 0)
(-1.10215e-33 -8.19858e-35 0)
(-1.38154e-33 -4.84586e-35 0)
(-3.35999e-34 -2.32719e-36 0)
(7.29664e-34 3.28718e-35 0)
(3.42117e-34 7.21062e-35 0)
(-1.99014e-33 5.21642e-35 0)
(-2.43251e-33 -1.0666e-31 0)
(-8.69565e-34 -4.4048e-17 0)
(3.38886e-33 -1.05712e-31 0)
(1.0076e-32 5.55378e-34 0)
(2.46069e-34 -4.4048e-17 0)
(-8.86994e-33 1.04555e-31 0)
(-2.47348e-33 1.43492e-34 0)
(9.964e-34 5.52236e-35 0)
(9.71435e-34 -2.90025e-35 0)
(4.9643e-35 -9.94159e-36 0)
(-9.09616e-35 5.47734e-36 0)
(5.60467e-35 -2.5545e-37 0)
(8.69378e-35 -2.40659e-36 0)
(8.71881e-35 4.29791e-37 0)
(1.07839e-34 1.06175e-36 0)
(1.23973e-34 -4.26466e-37 0)
(1.27318e-34 -5.21951e-37 0)
(1.17201e-34 1.13212e-36 0)
(8.79597e-35 1.45106e-36 0)
(5.92215e-35 -1.05255e-36 0)
(1.03982e-34 -4.49643e-36 0)
(3.33092e-34 -6.96483e-36 0)
(5.90498e-34 2.54723e-36 0)
(3.70456e-34 2.47651e-35 0)
(-2.60931e-34 1.17256e-35 0)
(-6.78106e-35 -6.01095e-35 0)
(1.26927e-33 -5.43752e-35 0)
(2.92165e-33 9.37966e-32 0)
(1.97166e-34 -4.4048e-17 0)
(-3.07923e-33 -3.56743e-34 0)
(-1.62636e-33 -1.56453e-35 0)
(2.33702e-34 2.73981e-31 0)
(3.54214e-34 -4.4048e-17 0)
(-3.24788e-34 1.8163e-31 0)
(-1.49952e-34 5.46402e-35 0)
(1.01648e-34 2.67051e-35 0)
(-1.08874e-33 1.91272e-35 0)
(-4.67543e-33 1.77111e-31 0)
(-1.92058e-34 -4.4048e-17 0)
(4.92899e-33 6.1036e-34 0)
(2.06521e-33 1.58437e-35 0)
(8.01298e-34 -1.779e-35 0)
(2.67986e-34 9.87857e-36 0)
(-6.62608e-34 3.62021e-35 0)
(-5.25486e-34 -5.19536e-35 0)
(2.30267e-33 -1.31644e-34 0)
(4.85772e-33 6.97645e-35 0)
(-5.85057e-34 -4.4048e-17 0)
(-4.80802e-33 3.36613e-31 0)
(-1.32708e-33 9.91192e-35 0)
(1.10772e-33 6.29279e-35 0)
(1.09894e-33 -9.94215e-36 0)
(1.55066e-34 -1.35017e-35 0)
(-1.18794e-34 -1.91349e-37 0)
(2.39809e-35 7.67664e-37 0)
(1.71777e-34 -2.15468e-36 0)
(2.35588e-34 -2.15345e-37 0)
(2.60105e-34 2.22029e-36 0)
(2.54921e-34 8.50791e-37 0)
(2.59713e-34 -2.32163e-36 0)
(2.91788e-34 -1.41306e-36 0)
(2.7387e-34 4.31324e-36 0)
(1.96152e-34 3.36151e-36 0)
(1.49938e-34 -5.39592e-36 0)
(2.0087e-34 -6.65805e-36 0)
(2.04061e-34 8.09401e-36 0)
(-1.25566e-34 1.8624e-35 0)
(-4.46435e-34 -9.50699e-36 0)
(3.88307e-34 2.90061e-34 0)
(3.5972e-34 -4.4048e-17 0)
(-5.55222e-34 1.50427e-31 0)
(-2.22155e-33 5.74993e-35 0)
(-5.27453e-33 1.4955e-31 0)
(-1.65654e-34 -4.4048e-17 0)
(5.0583e-33 1.50693e-31 0)
(2.12192e-33 1.44798e-35 0)
(-1.5919e-34 -6.30104e-35 0)
(-6.00049e-34 -1.95414e-35 0)
(-8.9986e-35 2.49513e-35 0)
(2.64256e-34 1.59713e-35 0)
(1.10345e-34 -7.9819e-36 0)
(-1.84625e-34 -7.55352e-36 0)
(-2.34498e-34 1.59967e-36 0)
(-1.30724e-34 2.70141e-36 0)
(-1.12891e-34 1.83174e-37 0)
(-1.65597e-34 -4.53787e-37 0)
(-2.05118e-34 -8.45764e-38 0)
(-2.12568e-34 -1.07439e-38 0)
(-2.10408e-34 -6.54122e-38 0)
(-2.07495e-34 -5.3529e-38 0)
(-2.0231e-34 -7.63871e-38 0)
(-1.93466e-34 -1.55287e-37 0)
(-1.80797e-34 -1.65814e-37 0)
(-1.63942e-34 -1.31435e-37 0)
(-1.42929e-34 -1.81524e-37 0)
(-1.16717e-34 -3.50117e-37 0)
(-8.43617e-35 -3.97062e-37 0)
(-4.97955e-35 -1.26759e-37 0)
(-2.55477e-35 3.61689e-37 0)
(-4.69791e-35 1.55076e-36 0)
(-1.5694e-34 3.13754e-36 0)
(-3.02498e-34 7.31498e-37 0)
(-4.56363e-35 -1.78048e-35 0)
(1.00726e-33 -3.14907e-35 0)
(9.94052e-34 5.96413e-35 0)
(-1.34384e-33 1.12844e-34 0)
(-7.35666e-34 3.55699e-31 0)
(-1.13622e-33 -4.4048e-17 0)
(-1.65294e-33 3.21515e-33 0)
(4.77964e-33 -4.4048e-17 0)
(5.25903e-34 -4.4048e-17 0)
(-3.99945e-33 3.64243e-31 0)
(2.50573e-34 2.41898e-35 0)
(1.75382e-34 1.00852e-35 0)
(-2.09304e-34 1.96908e-36 0)
(-4.66429e-34 -4.65772e-36 0)
(-5.98493e-34 -2.85859e-36 0)
(-5.68817e-34 -8.11432e-38 0)
(-5.13534e-34 1.46541e-36 0)
(-4.93878e-34 3.72959e-37 0)
(-4.44788e-34 -3.41171e-36 0)
(-2.96772e-34 -4.80836e-36 0)
(-1.59826e-34 3.62041e-36 0)
(-2.99908e-34 1.5815e-35 0)
(-5.92585e-34 1.50038e-36 0)
(-5.21893e-34 -3.1391e-35 0)
(3.48806e-34 -3.57807e-35 0)
(1.29425e-33 2.9729e-35 0)
(-1.4798e-33 1.99457e-34 0)
(-5.86211e-33 1.24961e-33 0)
(-3.12021e-33 -4.4048e-17 0)
(2.67287e-33 -4.4048e-17 0)
(4.49689e-33 -4.03245e-31 0)
(2.03222e-33 -5.91698e-35 0)
(-9.64634e-34 -1.59898e-34 0)
(-9.63175e-35 -2.82072e-35 0)
(1.2449e-33 1.12215e-34 0)
(-4.63564e-34 1.36085e-34 0)
(5.16339e-34 4.21046e-31 0)
(6.424e-34 -4.4048e-17 0)
(1.37885e-34 9.72076e-34 0)
(8.047e-34 -8.39869e-35 0)
(-1.27747e-33 -8.16801e-35 0)
(-2.37464e-33 6.8896e-35 0)
(-3.94352e-33 -4.32375e-31 0)
(2.59954e-34 -4.4048e-17 0)
(4.06738e-33 4.36139e-31 0)
(1.5339e-33 -2.22382e-35 0)
(3.72575e-34 2.28387e-35 0)
(2.35614e-34 1.49594e-35 0)
(1.55284e-34 -1.25641e-35 0)
(5.95004e-35 -9.47243e-36 0)
(1.12866e-34 4.7809e-36 0)
(2.22062e-34 5.40092e-36 0)
(2.32669e-34 -9.11596e-37 0)
(1.87397e-34 -2.45968e-36 0)
(1.71897e-34 -2.86984e-37 0)
(1.95656e-34 4.51815e-37 0)
(2.18395e-34 3.12652e-39 0)
(2.276e-34 -3.13342e-39 0)
(2.27284e-34 5.25228e-37 0)
(2.14188e-34 7.25178e-37 0)
(1.94582e-34 -7.91622e-38 0)
(1.50261e-34 1.07398e-36 0)
(4.49728e-35 4.28064e-36 0)
(-1.70206e-34 7.04943e-36 0)
(-2.83095e-34 -6.8217e-36 0)
(3.28191e-34 -4.10848e-35 0)
(3.57462e-33 -4.8968e-31 0)
(8.08894e-34 -4.4048e-17 0)
(-2.48169e-33 7.36711e-34 0)
(-7.07113e-34 1.34462e-34 0)
(2.21571e-33 -5e-31 0)
(9.74504e-34 -4.4048e-17 0)
(2.23848e-33 -3.36655e-33 0)
(4.70777e-34 -4.4048e-17 0)
(-4.40691e-33 5.87283e-34 0)
(-4.14192e-34 1.55512e-34 0)
(1.38055e-33 5.217e-35 0)
(1.4022e-33 -2.41322e-35 0)
(6.97753e-34 2.63923e-36 0)
(4.75746e-34 1.2019e-35 0)
(4.11399e-34 -2.89622e-36 0)
(3.15557e-34 -9.06141e-36 0)
(3.41019e-34 -3.05562e-36 0)
(3.35352e-34 1.15011e-35 0)
(2.97171e-34 4.60131e-36 0)
(4.55502e-34 -2.41449e-35 0)
(1.13701e-33 -3.99012e-35 0)
(1.42556e-33 5.07908e-35 0)
(-2.45453e-33 3.03122e-34 0)
(-1.97594e-33 1.66044e-30 0)
(-3.05665e-33 -4.40482e-17 0)
(7.19647e-34 -4.40482e-17 0)
(1.15914e-32 5.16422e-33 0)
(5.6975e-35 -4.40482e-17 0)
(-6.48101e-33 -5.61754e-31 0)
(1.05656e-33 1.24068e-34 0)
(8.84317e-34 8.1713e-35 0)
(-4.08376e-33 2.86597e-34 0)
(-7.37942e-33 2.35258e-33 0)
(1.29225e-33 -4.40483e-17 0)
(8.07412e-33 1.1655e-30 0)
(3.42055e-33 -1.61471e-34 0)
(-1.11057e-33 -1.27049e-34 0)
(-1.32211e-33 1.7403e-35 0)
(-3.05704e-34 3.21349e-35 0)
(2.0376e-33 8.88643e-35 0)
(-4.00694e-33 7.99412e-34 0)
(-7.45157e-33 5.59687e-34 0)
(-6.18712e-34 2.7872e-32 0)
(7.3426e-33 6.41792e-33 0)
(4.32482e-33 -5.5173e-34 0)
(-2.06406e-33 -7.42224e-34 0)
(-2.42395e-33 -2.39726e-35 0)
(-1.5727e-34 1.61756e-34 0)
(1.12223e-33 6.20726e-35 0)
(6.70103e-34 6.62873e-35 0)
(-2.15602e-33 2.88979e-34 0)
(-4.88812e-33 2.59169e-33 0)
(1.24213e-33 1.58751e-32 0)
(4.66634e-33 -9.83766e-34 0)
(7.07668e-34 -1.90186e-34 0)
(4.55369e-33 3.14185e-33 0)
(-1.6957e-33 -1.77022e-32 0)
(-5.4087e-33 6.63582e-33 0)
(-5.37684e-35 -3.5158e-33 0)
(-8.30624e-34 1.39931e-33 0)
(1.83289e-34 2.79998e-34 0)
(3.04553e-34 7.41874e-35 0)
(-9.53162e-35 -6.31188e-35 0)
(-5.6815e-34 -1.43523e-35 0)
(-4.83373e-34 7.09279e-36 0)
(-4.87208e-34 1.93256e-35 0)
(-7.91093e-34 2.02337e-35 0)
(-9.66358e-34 -3.51472e-35 0)
(-6.43665e-34 -7.04311e-35 0)
(1.40454e-34 -1.34262e-35 0)
(4.98366e-34 9.58927e-35 0)
(-1.95331e-33 3.02848e-34 0)
(-3.46583e-33 1.89641e-33 0)
(-3.731e-33 4.96634e-33 0)
(5.962e-34 1.21827e-32 0)
(3.1522e-33 1.04057e-33 0)
(-7.12145e-34 -3.76416e-34 0)
(-6.86118e-34 -3.75876e-34 0)
(1.9033e-33 1.52088e-33 0)
(7.81498e-34 -9.18421e-33 0)
(-2.15409e-33 -9.03408e-34 0)
(-1.11053e-33 1.83778e-34 0)
(5.43235e-34 1.18941e-34 0)
(5.32336e-34 -2.28983e-36 0)
(4.22471e-35 -1.60173e-35 0)
(-2.32769e-34 1.66083e-36 0)
(-5.85307e-34 2.27414e-35 0)
(-6.92214e-34 -3.04489e-35 0)
(-2.38416e-34 -7.68764e-35 0)
(3.72074e-34 1.68493e-35 0)
(1.4674e-34 1.45091e-34 0)
(-1.75232e-33 1.32468e-34 0)
(-2.35295e-33 6.54467e-35 0)
(-3.34209e-34 5.7833e-33 0)
(1.63728e-33 1.27448e-33 0)
(9.58256e-34 5.62896e-36 0)
(-1.1058e-33 -2.22146e-34 0)
(-1.37673e-33 -1.02304e-34 0)
(-3.31113e-34 2.15996e-35 0)
(7.3411e-34 7.40153e-35 0)
(3.43273e-34 1.14664e-34 0)
(-1.96337e-33 1.17096e-34 0)
(-2.33141e-33 1.33982e-33 0)
(-8.46142e-34 3.48431e-33 0)
(3.31791e-33 2.1292e-33 0)
(9.29522e-33 7.10924e-34 0)
(1.85194e-34 -2.40177e-32 0)
(-8.13815e-33 -1.2319e-33 0)
(-2.44539e-33 3.86325e-34 0)
(9.86613e-34 1.54154e-34 0)
(9.67742e-34 -8.0396e-35 0)
(5.15795e-35 -3.02322e-35 0)
(-9.04175e-35 1.43986e-35 0)
(5.56081e-35 6.02935e-38 0)
(8.6975e-35 -5.9566e-36 0)
(8.73792e-35 1.10083e-36 0)
(1.07793e-34 2.84444e-36 0)
(1.23887e-34 -7.10413e-37 0)
(1.27402e-34 -1.15548e-36 0)
(1.17308e-34 2.14633e-36 0)
(8.7843e-35 2.75941e-36 0)
(5.89046e-35 -2.07046e-36 0)
(1.03668e-34 -8.02732e-36 0)
(3.33462e-34 -1.18036e-35 0)
(5.92162e-34 4.48731e-36 0)
(3.7094e-34 4.37407e-35 0)
(-2.65332e-34 2.12813e-35 0)
(-7.12375e-35 -1.05676e-34 0)
(1.30222e-33 -1.05108e-34 0)
(2.72522e-33 8.44037e-34 0)
(1.48314e-34 -7.509e-33 0)
(-2.88177e-33 -9.79603e-34 0)
(-1.60509e-33 -2.66609e-36 0)
(1.78412e-34 1.66944e-34 0)
(3.48788e-34 -2.09027e-33 0)
(-2.66292e-34 -9.47346e-35 0)
(-1.46739e-34 1.41077e-34 0)
(9.99025e-35 6.14869e-35 0)
(-1.08611e-33 4.32064e-35 0)
(-4.38532e-33 3.15309e-34 0)
(-1.65052e-34 1.16202e-32 0)
(4.64037e-33 1.33253e-33 0)
(2.0351e-33 4.42219e-35 0)
(8.01007e-34 -4.51643e-35 0)
(2.70542e-34 1.05675e-35 0)
(-6.65506e-34 7.30536e-35 0)
(-5.33351e-34 -7.82941e-35 0)
(2.30831e-33 -2.43357e-34 0)
(4.49733e-33 -2.02152e-34 0)
(-5.71668e-34 -1.51881e-32 0)
(-4.43876e-33 4.0588e-34 0)
(-1.3426e-33 2.76692e-34 0)
(1.10277e-33 1.75016e-34 0)
(1.09548e-33 -2.99362e-35 0)
(1.55502e-34 -3.81751e-35 0)
(-1.18155e-34 -1.25687e-36 0)
(2.3894e-35 3.03002e-36 0)
(1.71733e-34 -4.51893e-36 0)
(2.35781e-34 -1.4487e-37 0)
(2.60152e-34 5.29732e-36 0)
(2.54723e-34 2.04889e-36 0)
(2.59614e-34 -4.56606e-36 0)
(2.92074e-34 -2.7527e-36 0)
(2.74075e-34 8.28239e-36 0)
(1.95739e-34 6.31887e-36 0)
(1.49512e-34 -1.13156e-35 0)
(2.01438e-34 -1.32484e-35 0)
(2.05124e-34 1.49273e-35 0)
(-1.26298e-34 3.39946e-35 0)
(-4.3518e-34 -1.1372e-35 0)
(4.14279e-34 5.70741e-34 0)
(3.64445e-34 -4.91078e-35 0)
(-5.78172e-34 7.80544e-34 0)
(-2.22578e-33 1.35527e-34 0)
(-5.00147e-33 8.45193e-34 0)
(-1.5187e-34 1.31081e-32 0)
(4.78189e-33 1.59457e-33 0)
(2.09167e-33 3.27295e-35 0)
(-1.60592e-34 -1.64624e-34 0)
(-5.96371e-34 -4.58865e-35 0)
(-8.84994e-35 6.51987e-35 0)
(2.62863e-34 3.95318e-35 0)
(1.09348e-34 -2.14891e-35 0)
(-1.84215e-34 -2.00727e-35 0)
(-2.34059e-34 4.44032e-36 0)
(-1.30785e-34 7.02784e-36 0)
(-1.13028e-34 1.99221e-37 0)
(-1.65608e-34 -1.42106e-36 0)
(-2.05099e-34 -2.8952e-37 0)
(-2.12568e-34 -2.23885e-38 0)
(-2.10409e-34 -1.49061e-37 0)
(-2.07495e-34 -1.11592e-37 0)
(-2.02314e-34 -1.18987e-37 0)
(-1.9347e-34 -2.50131e-37 0)
(-1.80796e-34 -2.54214e-37 0)
(-1.63942e-34 -1.71223e-37 0)
(-1.42939e-34 -2.61743e-37 0)
(-1.16727e-34 -5.6728e-37 0)
(-8.43513e-35 -6.32829e-37 0)
(-4.97603e-35 -7.0924e-38 0)
(-2.54695e-35 8.75553e-37 0)
(-4.6849e-35 3.0335e-36 0)
(-1.56979e-34 6.11968e-36 0)
(-3.03491e-34 2.36404e-36 0)
(-4.71689e-35 -3.0448e-35 0)
(1.01098e-33 -5.93133e-35 0)
(1.00099e-33 9.2841e-35 0)
(-1.3563e-33 1.978e-34 0)
(-6.19965e-34 -1.32294e-34 0)
(-1.06067e-33 3.47244e-33 0)
(-1.67222e-33 2.90748e-33 0)
(4.49987e-33 3.9288e-33 0)
(4.68701e-34 -8.3382e-33 0)
(-3.78505e-33 1.69945e-33 0)
(2.05795e-34 7.15779e-35 0)
(1.74264e-34 2.24393e-35 0)
(-2.1005e-34 3.09164e-36 0)
(-4.66674e-34 -1.31874e-35 0)
(-5.98259e-34 -7.07308e-36 0)
(-5.68595e-34 3.23734e-37 0)
(-5.13511e-34 3.43748e-36 0)
(-4.94131e-34 1.23095e-36 0)
(-4.45058e-34 -5.9374e-36 0)
(-2.96401e-34 -8.13924e-36 0)
(-1.58737e-34 7.56932e-36 0)
(-3.00024e-34 2.93409e-35 0)
(-5.95104e-34 2.10039e-36 0)
(-5.23887e-34 -5.98411e-35 0)
(3.52109e-34 -6.5783e-35 0)
(1.307e-33 4.80107e-35 0)
(-1.41328e-33 3.75078e-34 0)
(-5.58683e-33 2.63451e-33 0)
(-2.87351e-33 1.04924e-32 0)
(2.48213e-33 1.12781e-32 0)
(4.1747e-33 3.89789e-33 0)
(1.92387e-33 -1.56111e-34 0)
(-9.62861e-34 -3.96191e-34 0)
(-8.09586e-35 -4.67361e-35 0)
(1.2542e-33 2.3392e-34 0)
(-4.08075e-34 2.70084e-34 0)
(6.59533e-34 2.28098e-33 0)
(6.35537e-34 3.72619e-33 0)
(-1.93626e-35 2.10468e-33 0)
(7.43512e-34 -2.23556e-34 0)
(-1.26851e-33 -2.13106e-34 0)
(-2.32107e-33 1.4893e-34 0)
(-3.64084e-33 1.6389e-33 0)
(2.50411e-34 9.87909e-33 0)
(3.75725e-33 1.36185e-33 0)
(1.49396e-33 -5.47119e-35 0)
(3.74812e-34 5.54643e-35 0)
(2.33463e-34 3.66362e-35 0)
(1.53799e-34 -3.08847e-35 0)
(6.05655e-35 -2.29484e-35 0)
(1.1378e-34 1.2964e-35 0)
(2.21709e-34 1.34769e-35 0)
(2.3218e-34 -2.71414e-36 0)
(1.87437e-34 -6.46108e-36 0)
(1.7208e-34 -5.72103e-37 0)
(1.95674e-34 1.56193e-36 0)
(2.18366e-34 3.39255e-37 0)
(2.27633e-34 1.39671e-37 0)
(2.27331e-34 1.08356e-36 0)
(2.14148e-34 1.39811e-36 0)
(1.94605e-34 -1.58577e-37 0)
(1.50546e-34 1.98522e-36 0)
(4.53645e-35 9.04008e-36 0)
(-1.7094e-34 1.66465e-35 0)
(-2.86288e-34 -6.41835e-37 0)
(3.80989e-34 -4.83651e-35 0)
(3.24959e-33 1.35089e-33 0)
(8.07692e-34 -9.19011e-33 0)
(-2.14363e-33 1.24251e-33 0)
(-7.0819e-34 3.21331e-34 0)
(2.01209e-33 1.46228e-33 0)
(1.05403e-33 -5.31061e-33 0)
(1.93222e-33 3.35428e-33 0)
(3.85878e-34 -1.34992e-32 0)
(-3.89284e-33 8.46684e-34 0)
(-4.51662e-34 4.25543e-34 0)
(1.36789e-33 1.5438e-34 0)
(1.39871e-33 -6.16544e-35 0)
(7.00325e-34 3.13914e-37 0)
(4.75345e-34 2.81129e-35 0)
(4.09884e-34 -9.32611e-36 0)
(3.15547e-34 -2.07091e-35 0)
(3.42516e-34 -5.14677e-36 0)
(3.35907e-34 2.34612e-35 0)
(2.94548e-34 1.09766e-35 0)
(4.52218e-34 -4.45603e-35 0)
(1.14259e-33 -7.37298e-35 0)
(1.45119e-33 7.64968e-35 0)
(-2.22199e-33 5.99051e-34 0)
(-1.69042e-33 6.32655e-33 0)
(-2.54796e-33 6.87084e-33 0)
(5.7793e-34 1.77799e-32 0)
(1.02562e-32 4.63694e-33 0)
(5.76421e-35 -1.41965e-32 0)
(-5.88686e-33 4.1806e-33 0)
(8.90128e-34 3.555e-34 0)
(8.97073e-34 1.18479e-34 0)
(-3.90492e-33 5.54081e-34 0)
(-6.39187e-33 5.11036e-33 0)
(1.25804e-33 2.27556e-32 0)
(7.04405e-33 4.3536e-33 0)
(3.25223e-33 -4.33975e-34 0)
(-1.09612e-33 -3.45861e-34 0)
(-1.30924e-33 5.21543e-35 0)
(-3.07346e-34 8.54188e-35 0)
(2.03399e-33 -2.75084e-35 0)
(-3.91556e-33 6.13033e-34 0)
(-6.2684e-33 2.9574e-33 0)
(-3.46035e-34 2.25546e-32 0)
(6.09764e-33 7.79908e-33 0)
(3.92209e-33 -8.56685e-34 0)
(-2.03041e-33 -1.1148e-33 0)
(-2.36838e-33 8.01775e-37 0)
(-1.53012e-34 2.79276e-34 0)
(1.11372e-33 9.24581e-35 0)
(6.80256e-34 1.34171e-35 0)
(-2.02527e-33 2.83605e-34 0)
(-4.26108e-33 2.96515e-33 0)
(1.08686e-33 1.26383e-32 0)
(4.01901e-33 -2.13897e-34 0)
(8.50571e-34 -2.58961e-34 0)
(3.80314e-33 1.92565e-33 0)
(-1.55559e-33 -1.53025e-32 0)
(-4.84889e-33 4.77871e-33 0)
(-2.61204e-34 -3.84755e-33 0)
(-6.16705e-34 9.45938e-34 0)
(1.35828e-34 4.05781e-34 0)
(2.85498e-34 1.23718e-34 0)
(-1.00452e-34 -9.87891e-35 0)
(-5.64156e-34 -2.07441e-35 0)
(-4.81888e-34 1.2136e-35 0)
(-4.86915e-34 1.32629e-35 0)
(-7.93312e-34 1.12575e-35 0)
(-9.69918e-34 -3.35406e-35 0)
(-6.4267e-34 -6.02192e-35 0)
(1.4647e-34 -9.46664e-36 0)
(5.11192e-34 4.71521e-35 0)
(-1.8654e-33 2.66247e-34 0)
(-3.26429e-33 2.34583e-33 0)
(-3.32378e-33 5.08548e-33 0)
(4.40313e-34 1.13589e-32 0)
(2.64071e-33 1.4666e-33 0)
(-7.81362e-34 -4.67851e-34 0)
(-6.19445e-34 -3.74542e-34 0)
(1.56895e-33 8.92831e-34 0)
(6.83752e-34 -7.88526e-33 0)
(-1.79641e-33 -1.35976e-33 0)
(-1.05749e-33 2.91864e-34 0)
(5.33494e-34 1.95715e-34 0)
(5.25289e-34 -8.99881e-36 0)
(4.22989e-35 -2.73429e-35 0)
(-2.31219e-34 -1.10576e-35 0)
(-5.86197e-34 1.25992e-35 0)
(-6.95692e-34 -2.30478e-35 0)
(-2.36779e-34 -6.37338e-35 0)
(3.79505e-34 1.29171e-35 0)
(1.5131e-34 9.13106e-35 0)
(-1.73958e-33 1.33788e-34 0)
(-2.14775e-33 8.06409e-34 0)
(-2.89653e-34 5.24379e-33 0)
(1.42803e-33 1.85927e-33 0)
(8.87329e-34 -3.40609e-35 0)
(-1.10944e-33 -3.41263e-34 0)
(-1.36454e-33 -1.12818e-34 0)
(-3.24081e-34 7.67055e-35 0)
(7.35483e-34 9.09253e-35 0)
(3.45009e-34 4.96599e-35 0)
(-1.9074e-33 1.41856e-34 0)
(-2.21224e-33 1.87933e-33 0)
(-8.17465e-34 3.34901e-33 0)
(3.20653e-33 2.63818e-33 0)
(8.3967e-33 -8.85462e-35 0)
(1.1363e-34 -2.1545e-32 0)
(-7.31331e-33 -1.9242e-33 0)
(-2.38235e-33 5.85993e-34 0)
(9.66072e-34 2.4857e-34 0)
(9.59429e-34 -1.26448e-34 0)
(5.57476e-35 -5.28287e-35 0)
(-8.89942e-35 2.1309e-35 0)
(5.47544e-35 1.36125e-36 0)
(8.69978e-35 -8.33093e-36 0)
(8.77407e-35 1.5829e-36 0)
(1.07729e-34 4.37821e-36 0)
(1.23725e-34 -3.79855e-37 0)
(1.27489e-34 -1.38578e-36 0)
(1.17437e-34 1.88078e-36 0)
(8.77094e-35 2.44689e-36 0)
(5.85871e-35 -1.97932e-36 0)
(1.03419e-34 -5.90399e-36 0)
(3.33816e-34 -7.17143e-36 0)
(5.93698e-34 3.05145e-36 0)
(3.71434e-34 3.08921e-35 0)
(-2.69452e-34 1.66386e-35 0)
(-7.50808e-35 -7.31299e-35 0)
(1.32161e-33 -9.76007e-35 0)
(2.50235e-33 2.05564e-34 0)
(9.18065e-35 -6.85843e-33 0)
(-2.65617e-33 -1.47796e-33 0)
(-1.56006e-33 5.96088e-35 0)
(1.18106e-34 2.48619e-34 0)
(3.38737e-34 -1.7591e-33 0)
(-2.01819e-34 -1.31644e-34 0)
(-1.41158e-34 2.0589e-34 0)
(9.61294e-35 7.94295e-35 0)
(-1.07414e-33 5.5e-35 0)
(-4.05196e-33 6.2365e-34 0)
(-1.34467e-34 1.0782e-32 0)
(4.30927e-33 1.54654e-33 0)
(1.99088e-33 6.90681e-35 0)
(7.99372e-34 -6.52169e-35 0)
(2.74283e-34 -9.13751e-36 0)
(-6.67058e-34 7.42923e-35 0)
(-5.41913e-34 -2.15005e-35 0)
(2.29423e-33 -1.97409e-34 0)
(4.09027e-33 -8.84364e-34 0)
(-5.58118e-34 -1.37701e-32 0)
(-4.01751e-33 -3.74121e-34 0)
(-1.33647e-33 4.3963e-34 0)
(1.09174e-33 2.81206e-34 0)
(1.08786e-33 -5.08532e-35 0)
(1.56546e-34 -6.23782e-35 0)
(-1.16669e-34 -3.43475e-36 0)
(2.3824e-35 6.20099e-36 0)
(1.71613e-34 -4.90765e-36 0)
(2.36076e-34 5.02293e-37 0)
(2.60213e-34 7.14642e-36 0)
(2.54438e-34 2.8025e-36 0)
(2.59478e-34 -4.37469e-36 0)
(2.92403e-34 -2.57962e-36 0)
(2.74303e-34 7.50878e-36 0)
(1.9522e-34 5.41926e-36 0)
(1.49012e-34 -1.24549e-35 0)
(2.02099e-34 -1.30983e-35 0)
(2.0626e-34 1.213e-35 0)
(-1.26742e-34 2.67724e-35 0)
(-4.21639e-34 4.88082e-36 0)
(3.80551e-34 5.48115e-34 0)
(3.69069e-34 -1.26333e-33 0)
(-5.40429e-34 7.17981e-34 0)
(-2.21741e-33 1.78147e-34 0)
(-4.68547e-33 1.33471e-33 0)
(-1.34164e-34 1.22959e-32 0)
(4.46093e-33 2.08898e-33 0)
(2.03948e-33 3.86478e-35 0)
(-1.62849e-34 -2.47069e-34 0)
(-5.89072e-34 -6.0343e-35 0)
(-8.59293e-35 9.80963e-35 0)
(2.60065e-34 5.59806e-35 0)
(1.07468e-34 -3.33339e-35 0)
(-1.83354e-34 -3.08656e-35 0)
(-2.33171e-34 7.06198e-36 0)
(-1.30936e-34 1.05587e-35 0)
(-1.1331e-34 -1.40866e-37 0)
(-1.6562e-34 -2.53164e-36 0)
(-2.05047e-34 -5.55505e-37 0)
(-2.12561e-34 -2.73919e-38 0)
(-2.10412e-34 -1.89544e-37 0)
(-2.07493e-34 -1.21334e-37 0)
(-2.02316e-34 -4.53233e-38 0)
(-1.93472e-34 -1.1876e-37 0)
(-1.80793e-34 -8.60504e-38 0)
(-1.63942e-34 2.76835e-38 0)
(-1.42949e-34 -4.27918e-38 0)
(-1.16736e-34 -2.80104e-37 0)
(-8.43358e-35 -2.83624e-37 0)
(-4.97175e-35 3.25605e-37 0)
(-2.53876e-35 1.20775e-36 0)
(-4.67066e-35 2.88978e-36 0)
(-1.56971e-34 5.80499e-36 0)
(-3.04403e-34 4.40354e-36 0)
(-4.88939e-35 -1.9054e-35 0)
(1.01369e-33 -5.13889e-35 0)
(1.00766e-33 3.39714e-35 0)
(-1.35442e-33 1.34488e-34 0)
(-5.65981e-34 3.87425e-34 0)
(-9.71633e-34 1.79339e-33 0)
(-1.62068e-33 3.24155e-33 0)
(4.15928e-33 3.41177e-33 0)
(4.06556e-34 -7.8086e-33 0)
(-3.53483e-33 1.47271e-33 0)
(1.57737e-34 1.20209e-34 0)
(1.714e-34 2.74341e-35 0)
(-2.11351e-34 1.25525e-36 0)
(-4.67006e-34 -2.15546e-35 0)
(-5.97696e-34 -1.00474e-35 0)
(-5.68204e-34 1.37508e-36 0)
(-5.13483e-34 4.53121e-36 0)
(-4.94419e-34 2.2693e-36 0)
(-4.45327e-34 -3.98871e-36 0)
(-2.95981e-34 -4.88634e-36 0)
(-1.57642e-34 8.25168e-36 0)
(-3.00246e-34 2.42517e-35 0)
(-5.97861e-34 1.78436e-37 0)
(-5.25901e-34 -5.32041e-35 0)
(3.55215e-34 -5.32904e-35 0)
(1.32073e-33 2.1875e-35 0)
(-1.32155e-33 3.16644e-34 0)
(-5.24338e-33 2.8827e-33 0)
(-2.59332e-33 1.04986e-32 0)
(2.26677e-33 1.0771e-32 0)
(3.78983e-33 4.45996e-33 0)
(1.7627e-33 -2.41113e-34 0)
(-9.57379e-34 -5.55123e-34 0)
(-5.61062e-35 -2.59408e-35 0)
(1.26483e-33 2.51084e-34 0)
(-3.32341e-34 2.5768e-34 0)
(7.27013e-34 2.47765e-33 0)
(6.3092e-34 1.96411e-33 0)
(-1.07502e-34 2.36854e-33 0)
(6.53183e-34 -3.39271e-34 0)
(-1.25265e-33 -3.18055e-34 0)
(-2.25272e-33 1.6852e-34 0)
(-3.30402e-33 1.60774e-33 0)
(2.3872e-34 8.86839e-33 0)
(3.40989e-33 1.33459e-33 0)
(1.44685e-33 -7.21881e-35 0)
(3.7882e-34 7.44465e-35 0)
(2.29653e-34 4.9987e-35 0)
(1.51169e-34 -4.25364e-35 0)
(6.25686e-35 -3.11531e-35 0)
(1.1541e-34 1.9983e-35 0)
(2.20945e-34 1.90493e-35 0)
(2.31256e-34 -4.52975e-36 0)
(1.87555e-34 -9.69516e-36 0)
(1.72475e-34 -6.02007e-37 0)
(1.95722e-34 2.9482e-36 0)
(2.1829e-34 1.06719e-36 0)
(2.27651e-34 4.69431e-37 0)
(2.27373e-34 1.15753e-36 0)
(2.14097e-34 1.2824e-36 0)
(1.94624e-34 -1.44518e-37 0)
(1.50935e-34 1.67211e-36 0)
(4.60657e-35 1.01669e-35 0)
(-1.70827e-34 2.24242e-35 0)
(-2.87666e-34 2.80603e-35 0)
(4.27093e-34 2.25426e-35 0)
(2.89389e-33 9.24654e-34 0)
(8.04687e-34 -8.00169e-33 0)
(-1.77035e-33 7.90834e-34 0)
(-6.88029e-34 4.20949e-34 0)
(1.78726e-33 1.50128e-33 0)
(1.11949e-33 -4.56699e-33 0)
(1.60762e-33 2.62526e-33 0)
(2.83044e-34 -1.14861e-32 0)
(-3.33308e-33 2.25438e-34 0)
(-4.65269e-34 6.45097e-34 0)
(1.34122e-33 2.61439e-34 0)
(1.38963e-33 -8.5968e-35 0)
(7.05021e-34 -1.05802e-35 0)
(4.74974e-34 3.58669e-35 0)
(4.0743e-34 -1.66017e-35 0)
(3.15937e-34 -2.59553e-35 0)
(3.4463e-34 -3.12741e-36 0)
(3.36664e-34 2.42609e-35 0)
(2.91615e-34 1.48239e-35 0)
(4.48567e-34 -3.62105e-35 0)
(1.14682e-33 -6.09262e-35 0)
(1.48152e-33 1.94344e-35 0)
(-1.92994e-33 5.56068e-34 0)
(-1.46106e-33 6.30261e-33 0)
(-2.10316e-33 5.45636e-33 0)
(5.37054e-34 1.51226e-32 0)
(8.88429e-33 4.67875e-33 0)
(2.27065e-35 -1.21961e-32 0)
(-5.23779e-33 3.55338e-33 0)
(7.07011e-34 5.4443e-34 0)
(9.00648e-34 2.69229e-35 0)
(-3.64119e-33 4.95167e-34 0)
(-5.44555e-33 5.79615e-33 0)
(1.21708e-33 1.84247e-32 0)
(6.03731e-33 4.98049e-33 0)
(2.99661e-33 -6.47902e-34 0)
(-1.06558e-33 -5.32944e-34 0)
(-1.28215e-33 8.44491e-35 0)
(-3.11481e-34 1.29291e-34 0)
(2.00343e-33 -1.93112e-34 0)
(-3.66207e-33 3.6581e-34 0)
(-5.04984e-33 4.75892e-33 0)
(-8.24657e-35 1.83429e-32 0)
(4.79766e-33 8.34065e-33 0)
(3.34306e-33 -1.1354e-33 0)
(-1.96965e-33 -1.46361e-33 0)
(-2.27057e-33 2.00788e-35 0)
(-1.47257e-34 3.95594e-34 0)
(1.09285e-33 1.23681e-34 0)
(6.90057e-34 -4.57588e-35 0)
(-1.84276e-33 2.57896e-34 0)
(-3.60184e-33 3.1911e-33 0)
(9.17833e-34 1.06354e-32 0)
(3.33131e-33 4.04666e-34 0)
(9.18389e-34 -3.24482e-34 0)
(3.02336e-33 8.21336e-34 0)
(-1.41645e-33 -1.27851e-32 0)
(-4.24142e-33 3.11103e-33 0)
(-4.38554e-34 -2.79858e-33 0)
(-4.05089e-34 5.96593e-34 0)
(1.03132e-34 5.1433e-34 0)
(2.53357e-34 1.76613e-34 0)
(-1.10046e-34 -1.33586e-34 0)
(-5.56967e-34 -2.89447e-35 0)
(-4.80018e-34 1.73724e-35 0)
(-4.87369e-34 6.36543e-36 0)
(-7.95592e-34 6.57751e-37 0)
(-9.73174e-34 -3.10265e-35 0)
(-6.41359e-34 -4.76969e-35 0)
(1.50411e-34 -6.97786e-36 0)
(5.2435e-34 -1.41443e-35 0)
(-1.73368e-33 2.0498e-34 0)
(-3.01106e-33 2.6553e-33 0)
(-2.8929e-33 5.03584e-33 0)
(2.63793e-34 1.02403e-32 0)
(2.05644e-33 1.72135e-33 0)
(-8.84362e-34 -5.36919e-34 0)
(-5.63841e-34 -3.55162e-34 0)
(1.22543e-33 3.27825e-34 0)
(5.74025e-34 -6.48138e-33 0)
(-1.419e-33 -1.69002e-33 0)
(-9.67824e-34 3.96398e-34 0)
(5.15782e-34 2.80059e-34 0)
(5.11989e-34 -1.49215e-35 0)
(4.2025e-35 -4.05279e-35 0)
(-2.29242e-34 -2.52402e-35 0)
(-5.86247e-34 1.16625e-36 0)
(-6.9876e-34 -1.42665e-35 0)
(-2.35378e-34 -4.80827e-35 0)
(3.85134e-34 6.80657e-36 0)
(1.57153e-34 2.51394e-35 0)
(-1.68797e-33 1.29581e-34 0)
(-1.92175e-33 1.43674e-33 0)
(-2.44325e-34 4.64e-33 0)
(1.19509e-33 2.25052e-33 0)
(7.70954e-34 -8.74195e-35 0)
(-1.11233e-33 -4.59117e-34 0)
(-1.34132e-33 -1.21437e-34 0)
(-3.14162e-34 1.35095e-34 0)
(7.31359e-34 1.07491e-34 0)
(3.47426e-34 -2.7307e-35 0)
(-1.8128e-33 1.6114e-34 0)
(-2.0731e-33 2.3162e-33 0)
(-7.84997e-34 3.17968e-33 0)
(3.04095e-33 2.98159e-33 0)
(7.38533e-33 -8.63885e-34 0)
(3.22329e-35 -1.88231e-32 0)
(-6.40318e-33 -2.52454e-33 0)
(-2.27163e-33 7.74507e-34 0)
(9.30143e-34 3.55386e-34 0)
(9.43796e-34 -1.723e-34 0)
(6.31834e-35 -7.91072e-35 0)
(-8.61406e-35 2.76542e-35 0)
(5.33081e-35 3.00167e-36 0)
(8.69841e-35 -1.076e-35 0)
(8.8356e-35 2.02607e-36 0)
(1.07646e-34 6.05452e-36 0)
(1.23448e-34 5.94268e-38 0)
(1.27567e-34 -1.61623e-36 0)
(1.17591e-34 1.54739e-36 0)
(8.75615e-35 2.07864e-36 0)
(5.83033e-35 -1.82474e-36 0)
(1.03308e-34 -3.37987e-36 0)
(3.34094e-34 -1.80531e-36 0)
(5.9483e-34 1.05131e-36 0)
(3.7191e-34 1.52978e-35 0)
(-2.72553e-34 1.1437e-35 0)
(-7.93076e-35 -3.30749e-35 0)
(1.31939e-33 -8.88751e-35 0)
(2.25428e-33 -4.03765e-34 0)
(2.91006e-35 -6.13214e-33 0)
(-2.40255e-33 -1.8798e-33 0)
(-1.48349e-33 1.31228e-34 0)
(5.4724e-35 3.43127e-34 0)
(3.21686e-34 -1.38746e-33 0)
(-1.33316e-34 -1.6635e-34 0)
(-1.32164e-34 2.69196e-34 0)
(8.95361e-35 1.01149e-34 0)
(-1.04873e-33 7.09424e-35 0)
(-3.6748e-33 9.23851e-34 0)
(-1.00885e-34 9.84098e-33 0)
(3.9352e-33 1.73073e-33 0)
(1.92829e-33 9.1904e-35 0)
(7.95712e-34 -8.61963e-35 0)
(2.79677e-34 -3.10896e-35 0)
(-6.65997e-34 7.52423e-35 0)
(-5.50641e-34 4.7075e-35 0)
(2.25074e-33 -1.37896e-34 0)
(3.64026e-33 -1.5394e-33 0)
(-5.43894e-34 -1.21726e-32 0)
(-3.54601e-33 -1.08688e-33 0)
(-1.29853e-33 6.08633e-34 0)
(1.07161e-33 4.0169e-34 0)
(1.07367e-33 -7.23373e-35 0)
(1.58478e-34 -9.00678e-35 0)
(-1.13844e-34 -6.74428e-36 0)
(2.38145e-35 9.62875e-36 0)
(1.71376e-34 -5.16851e-36 0)
(2.36517e-34 1.32308e-36 0)
(2.60292e-34 9.24423e-36 0)
(2.54029e-34 3.67e-36 0)
(2.5929e-34 -4.08473e-36 0)
(2.92773e-34 -2.34021e-36 0)
(2.74545e-34 6.53759e-36 0)
(1.9457e-34 4.31403e-36 0)
(1.48433e-34 -1.37638e-35 0)
(2.02854e-34 -1.2907e-35 0)
(2.07401e-34 8.73998e-36 0)
(-1.26648e-34 1.8012e-35 0)
(-4.05552e-34 2.27882e-35 0)
(3.42957e-34 5.16616e-34 0)
(3.73358e-34 -1.11431e-33 0)
(-4.97061e-34 6.33128e-34 0)
(-2.18974e-33 2.21775e-34 0)
(-4.32483e-33 1.80908e-33 0)
(-1.12563e-34 1.13682e-32 0)
(4.09299e-33 2.52538e-33 0)
(1.95758e-33 3.93185e-35 0)
(-1.66231e-34 -3.37995e-34 0)
(-5.76201e-34 -7.60202e-35 0)
(-8.17207e-35 1.35072e-34 0)
(2.55091e-34 7.48256e-35 0)
(1.04212e-34 -4.65309e-35 0)
(-1.81796e-34 -4.33181e-35 0)
(-2.31577e-34 9.86672e-36 0)
(-1.31223e-34 1.46296e-35 0)
(-1.13821e-34 -4.65133e-37 0)
(-1.65632e-34 -3.79695e-36 0)
(-2.04945e-34 -8.75315e-37 0)
(-2.12545e-34 -4.20491e-38 0)
(-2.10415e-34 -2.3875e-37 0)
(-2.07486e-34 -1.32393e-37 0)
(-2.02314e-34 4.0199e-38 0)
(-1.93472e-34 3.27762e-38 0)
(-1.80786e-34 1.07526e-37 0)
(-1.63939e-34 2.55871e-37 0)
(-1.42958e-34 2.05855e-37 0)
(-1.16742e-34 4.5948e-38 0)
(-8.43125e-35 1.15137e-37 0)
(-4.96654e-35 7.81456e-37 0)
(-2.53072e-35 1.59506e-36 0)
(-4.65554e-35 2.73828e-36 0)
(-1.56874e-34 5.51287e-36 0)
(-3.05067e-34 6.99425e-36 0)
(-5.07935e-35 -5.41211e-36 0)
(1.01422e-33 -4.23773e-35 0)
(1.01299e-33 -3.77483e-35 0)
(-1.33084e-33 5.466e-35 0)
(-5.10145e-34 8.75654e-34 0)
(-8.70117e-34 1.41535e-33 0)
(-1.56404e-33 3.46461e-33 0)
(3.7505e-33 2.87061e-33 0)
(3.4137e-34 -7.2049e-33 0)
(-3.2462e-33 1.24613e-33 0)
(1.0744e-34 1.72934e-34 0)
(1.65863e-34 3.34063e-35 0)
(-2.13506e-34 -8.63079e-37 0)
(-4.67462e-34 -3.10682e-35 0)
(-5.96612e-34 -1.35615e-35 0)
(-5.67551e-34 2.56393e-36 0)
(-5.13449e-34 5.77114e-36 0)
(-4.94736e-34 3.42846e-36 0)
(-4.45561e-34 -1.67133e-36 0)
(-2.95522e-34 -1.01981e-36 0)
(-1.56661e-34 8.94003e-36 0)
(-3.0063e-34 1.805e-35 0)
(-6.00729e-34 -1.94078e-36 0)
(-5.27752e-34 -4.48153e-35 0)
(3.57534e-34 -3.90135e-35 0)
(1.33423e-33 -1.17096e-35 0)
(-1.1981e-33 2.32542e-34 0)
(-4.82119e-33 3.06464e-33 0)
(-2.28263e-33 1.02914e-32 0)
(2.02475e-33 1.00678e-32 0)
(3.33698e-33 4.78009e-33 0)
(1.53771e-33 -3.45148e-34 0)
(-9.45642e-34 -7.18741e-34 0)
(-1.78302e-35 -2.48512e-36 0)
(1.27606e-33 2.6153e-34 0)
(-2.32738e-34 2.25375e-34 0)
(7.91504e-34 2.58587e-33 0)
(6.27288e-34 1.48852e-33 0)
(-2.01795e-34 2.49021e-33 0)
(5.28073e-34 -4.59066e-34 0)
(-1.22705e-33 -4.30237e-34 0)
(-2.16504e-33 1.81626e-34 0)
(-2.93805e-33 1.57905e-33 0)
(2.25075e-34 7.7628e-33 0)
(3.02979e-33 1.32451e-33 0)
(1.39057e-33 -7.91464e-35 0)
(3.85017e-34 9.03663e-35 0)
(2.23575e-34 6.19358e-35 0)
(1.46935e-34 -5.37052e-35 0)
(6.59185e-35 -3.92555e-35 0)
(1.18077e-34 2.7076e-35 0)
(2.19579e-34 2.48218e-35 0)
(2.29687e-34 -6.29972e-36 0)
(1.87785e-34 -1.31072e-35 0)
(1.73192e-34 -7.28806e-37 0)
(1.95822e-34 4.42479e-36 0)
(2.18145e-34 1.91865e-36 0)
(2.27638e-34 8.83972e-37 0)
(2.274e-34 1.24849e-36 0)
(2.14032e-34 1.14509e-36 0)
(1.9464e-34 -8.40443e-38 0)
(1.51477e-34 1.43308e-36 0)
(4.72648e-35 1.17147e-35 0)
(-1.69182e-34 2.97628e-35 0)
(-2.85961e-34 6.22898e-35 0)
(4.61031e-34 9.92261e-35 0)
(2.51545e-33 5.27204e-34 0)
(7.99417e-34 -6.72956e-33 0)
(-1.36928e-33 3.74742e-34 0)
(-6.39293e-34 5.02185e-34 0)
(1.54572e-33 1.5029e-33 0)
(1.15945e-33 -3.78282e-33 0)
(1.27767e-33 1.86984e-33 0)
(1.64321e-34 -9.36352e-33 0)
(-2.74305e-33 -2.98326e-34 0)
(-4.44919e-34 8.28793e-34 0)
(1.296e-33 3.79593e-34 0)
(1.37172e-33 -1.01293e-34 0)
(7.12378e-34 -2.3191e-35 0)
(4.7475e-34 4.185e-35 0)
(4.03722e-34 -2.39508e-35 0)
(3.16943e-34 -3.10077e-35 0)
(3.47561e-34 -9.99709e-37 0)
(3.3771e-34 2.46582e-35 0)
(2.88482e-34 1.92085e-35 0)
(4.44594e-34 -2.59213e-35 0)
(1.14791e-33 -4.7263e-35 0)
(1.51406e-33 -5.24615e-35 0)
(-1.57396e-33 4.49488e-34 0)
(-1.18564e-33 6.04266e-33 0)
(-1.63494e-33 5.11436e-33 0)
(4.91628e-34 1.34128e-32 0)
(7.40206e-33 4.38349e-33 0)
(-5.56713e-35 -1.014e-32 0)
(-4.54914e-33 2.77745e-33 0)
(5.17696e-34 6.60945e-34 0)
(8.90717e-34 -6.41843e-35 0)
(-3.27757e-33 3.95144e-34 0)
(-4.46268e-33 6.17325e-33 0)
(1.16128e-33 1.52483e-32 0)
(4.97302e-33 5.209e-33 0)
(2.64302e-33 -8.27428e-34 0)
(-1.01356e-33 -7.15751e-34 0)
(-1.23436e-33 1.08001e-34 0)
(-3.17779e-34 1.74225e-34 0)
(1.93877e-33 -4.16453e-34 0)
(-3.22724e-33 5.12589e-35 0)
(-3.85062e-33 5.731e-33 0)
(1.37946e-34 1.40668e-32 0)
(3.49932e-33 7.92677e-33 0)
(2.60099e-33 -1.34931e-33 0)
(-1.87497e-33 -1.7305e-33 0)
(-2.11817e-33 2.9254e-35 0)
(-1.38997e-34 4.95396e-34 0)
(1.05451e-33 1.52294e-34 0)
(6.97177e-34 -1.08089e-34 0)
(-1.60389e-33 2.07722e-34 0)
(-2.93342e-33 3.21566e-33 0)
(7.36628e-34 8.58987e-33 0)
(2.62575e-33 8.19589e-34 0)
(8.92808e-34 -3.71334e-34 0)
(2.24603e-33 -7.85549e-35 0)
(-1.27979e-33 -1.02307e-32 0)
(-3.59921e-33 1.74737e-33 0)
(-5.69777e-34 -1.77404e-33 0)
(-2.10542e-34 3.80299e-34 0)
(8.62358e-35 5.87945e-34 0)
(2.05075e-34 2.2704e-34 0)
(-1.26103e-34 -1.61922e-34 0)
(-5.45541e-34 -3.9043e-35 0)
(-4.77586e-34 2.19962e-35 0)
(-4.89032e-34 -1.16676e-36 0)
(-7.97717e-34 -1.13709e-35 0)
(-9.75526e-34 -2.71289e-35 0)
(-6.39848e-34 -3.2547e-35 0)
(1.49941e-34 -7.53429e-36 0)
(5.35505e-34 -8.98248e-35 0)
(-1.55292e-33 1.07972e-34 0)
(-2.70406e-33 2.75845e-33 0)
(-2.45781e-33 4.75469e-33 0)
(6.54577e-35 8.8189e-33 0)
(1.41461e-33 1.75799e-33 0)
(-1.01886e-33 -5.61525e-34 0)
(-5.24526e-34 -3.02804e-34 0)
(8.90073e-34 -1.23008e-34 0)
(4.5615e-34 -5.02489e-33 0)
(-1.03758e-33 -1.8395e-33 0)
(-8.36667e-34 4.83762e-34 0)
(4.87619e-34 3.65415e-34 0)
(4.8949e-34 -1.82986e-35 0)
(4.11075e-35 -5.51103e-35 0)
(-2.26686e-34 -4.02762e-35 0)
(-5.84865e-34 -1.11402e-35 0)
(-7.00815e-34 -4.06676e-36 0)
(-2.34645e-34 -2.97185e-35 0)
(3.86805e-34 -2.46531e-36 0)
(1.6426e-34 -5.43541e-35 0)
(-1.58801e-33 1.12204e-34 0)
(-1.67963e-33 1.88144e-33 0)
(-2.04964e-34 3.97056e-33 0)
(9.41486e-34 2.38572e-33 0)
(6.0553e-34 -1.57839e-34 0)
(-1.11283e-33 -5.59188e-34 0)
(-1.30301e-33 -1.24545e-34 0)
(-3.00661e-34 1.9172e-34 0)
(7.1838e-34 1.20832e-34 0)
(3.50303e-34 -1.15582e-34 0)
(-1.67148e-33 1.65148e-34 0)
(-1.91299e-33 2.58422e-33 0)
(-7.52072e-34 2.9559e-33 0)
(2.80694e-33 3.09613e-33 0)
(6.2799e-33 -1.56112e-33 0)
(-5.54698e-35 -1.5918e-32 0)
(-5.42567e-33 -2.96033e-33 0)
(-2.10074e-33 9.2164e-34 0)
(8.74264e-34 4.68732e-34 0)
(9.17155e-34 -2.10794e-34 0)
(7.49562e-35 -1.08308e-34 0)
(-8.10678e-35 3.18396e-35 0)
(5.1106e-35 4.96817e-36 0)
(8.68933e-35 -1.2918e-35 0)
(8.93248e-35 2.34025e-36 0)
(1.0755e-34 7.749e-36 0)
(1.23009e-34 6.43877e-37 0)
(1.27619e-34 -1.80717e-36 0)
(1.17773e-34 1.12996e-36 0)
(8.74078e-35 1.65606e-36 0)
(5.81094e-35 -1.5541e-36 0)
(1.03445e-34 -4.42585e-37 0)
(3.34188e-34 4.14861e-36 0)
(5.95108e-34 -1.8256e-36 0)
(3.7234e-34 -3.40962e-36 0)
(-2.73411e-34 5.83301e-36 0)
(-8.37678e-35 1.54431e-35 0)
(1.28666e-33 -7.67375e-35 0)
(1.98465e-33 -9.32144e-34 0)
(-3.62008e-35 -5.33826e-33 0)
(-2.12303e-33 -2.12741e-33 0)
(-1.36858e-33 2.0962e-34 0)
(-8.65431e-36 4.4461e-34 0)
(2.9462e-34 -9.88619e-34 0)
(-6.42888e-35 -1.93871e-34 0)
(-1.18489e-34 3.21455e-34 0)
(7.94793e-35 1.26785e-34 0)
(-1.00533e-33 9.17191e-35 0)
(-3.25618e-33 1.19272e-33 0)
(-6.5562e-35 8.80181e-33 0)
(3.52037e-33 1.86295e-33 0)
(1.84299e-33 1.09388e-34 0)
(7.89254e-34 -1.05818e-34 0)
(2.87272e-34 -5.39863e-35 0)
(-6.60411e-34 7.55151e-35 0)
(-5.58478e-34 1.2824e-34 0)
(2.16671e-33 -6.22949e-35 0)
(3.15598e-33 -2.11044e-33 0)
(-5.27319e-34 -1.04204e-32 0)
(-3.03088e-33 -1.6618e-33 0)
(-1.21813e-33 7.68464e-34 0)
(1.03879e-33 5.31257e-34 0)
(1.04961e-33 -9.14271e-35 0)
(1.61574e-34 -1.20282e-34 0)
(-1.08996e-34 -1.18541e-35 0)
(2.39636e-35 1.29801e-35 0)
(1.70978e-34 -5.13018e-36 0)
(2.37157e-34 2.36709e-36 0)
(2.6039e-34 1.15089e-35 0)
(2.5345e-34 4.63174e-36 0)
(2.59034e-34 -3.63344e-36 0)
(2.9317e-34 -2.0002e-36 0)
(2.74782e-34 5.30639e-36 0)
(1.93758e-34 2.9517e-36 0)
(1.47778e-34 -1.51839e-35 0)
(2.03693e-34 -1.26403e-35 0)
(2.08422e-34 4.69288e-36 0)
(-1.25668e-34 7.54765e-36 0)
(-3.86789e-34 4.1503e-35 0)
(3.01939e-34 4.74052e-34 0)
(3.7635e-34 -9.5583e-34 0)
(-4.4801e-34 5.21742e-34 0)
(-2.13457e-33 2.60763e-34 0)
(-3.92025e-33 2.22819e-33 0)
(-8.80976e-35 1.03215e-32 0)
(3.67774e-33 2.85186e-33 0)
(1.83794e-33 3.01399e-35 0)
(-1.70883e-34 -4.31218e-34 0)
(-5.55183e-34 -9.14204e-35 0)
(-7.51378e-35 1.74299e-34 0)
(2.469e-34 9.54456e-35 0)
(9.8893e-35 -6.02972e-35 0)
(-1.79216e-34 -5.71034e-35 0)
(-2.28914e-34 1.25644e-35 0)
(-1.31704e-34 1.91321e-35 0)
(-1.14679e-34 -6.95495e-37 0)
(-1.65649e-34 -5.16712e-36 0)
(-2.04765e-34 -1.2537e-36 0)
(-2.12513e-34 -7.49811e-38 0)
(-2.10419e-34 -2.98099e-37 0)
(-2.07471e-34 -1.44794e-37 0)
(-2.02303e-34 1.35431e-37 0)
(-1.93467e-34 2.00265e-37 0)
(-1.80775e-34 3.20386e-37 0)
(-1.63934e-34 5.04588e-37 0)
(-1.42965e-34 4.72328e-37 0)
(-1.16742e-34 3.96305e-37 0)
(-8.42778e-35 5.47838e-37 0)
(-4.96016e-35 1.28102e-36 0)
(-2.5236e-35 2.03117e-36 0)
(-4.6399e-35 2.60429e-36 0)
(-1.5662e-34 5.33592e-36 0)
(-3.05217e-34 1.03188e-35 0)
(-5.28403e-35 1.05937e-35 0)
(1.0107e-33 -3.26413e-35 0)
(1.01515e-33 -1.2367e-34 0)
(-1.27741e-33 -4.41479e-35 0)
(-4.55717e-34 1.28515e-33 0)
(-7.59052e-34 9.99422e-34 0)
(-1.50123e-33 3.52032e-33 0)
(3.2701e-33 2.32948e-33 0)
(2.75852e-34 -6.52246e-33 0)
(-2.91814e-33 1.02679e-33 0)
(5.62927e-35 2.28532e-34 0)
(1.56385e-34 4.05126e-35 0)
(-2.16938e-34 -3.2211e-36 0)
(-4.68094e-34 -4.13497e-35 0)
(-5.9474e-34 -1.76132e-35 0)
(-5.66504e-34 3.80981e-36 0)
(-5.13409e-34 7.10329e-36 0)
(-4.95068e-34 4.65996e-36 0)
(-4.45705e-34 1.02761e-36 0)
(-2.95047e-34 3.45168e-36 0)
(-1.55993e-34 9.50145e-36 0)
(-3.01241e-34 1.05764e-35 0)
(-6.03454e-34 -4.1069e-36 0)
(-5.29165e-34 -3.41264e-35 0)
(3.58011e-34 -2.33334e-35 0)
(1.34508e-33 -5.47725e-35 0)
(-1.03721e-33 1.14252e-34 0)
(-4.31371e-33 3.13306e-33 0)
(-1.94902e-33 9.78707e-33 0)
(1.75331e-33 9.12516e-33 0)
(2.81572e-33 4.76687e-33 0)
(1.24334e-33 -4.65872e-34 0)
(-9.23928e-34 -8.6695e-34 0)
(3.807e-35 2.28594e-35 0)
(1.28625e-33 2.57661e-34 0)
(-1.07584e-34 1.66377e-34 0)
(8.46148e-34 2.56348e-33 0)
(6.22065e-34 9.64236e-34 0)
(-2.97117e-34 2.41917e-33 0)
(3.6595e-34 -5.70959e-34 0)
(-1.1885e-33 -5.39426e-34 0)
(-2.05241e-33 1.86448e-34 0)
(-2.5515e-33 1.55201e-33 0)
(2.10052e-34 6.59802e-33 0)
(2.62571e-33 1.3292e-33 0)
(1.32213e-33 -6.62291e-35 0)
(3.93208e-34 9.91188e-35 0)
(2.14734e-34 6.94454e-35 0)
(1.40679e-34 -6.25714e-35 0)
(7.1043e-35 -4.59675e-35 0)
(1.22136e-34 3.3348e-35 0)
(2.17398e-34 3.01388e-35 0)
(2.27223e-34 -7.74792e-36 0)
(1.88157e-34 -1.63605e-35 0)
(1.74363e-34 -1.01691e-36 0)
(1.96009e-34 5.85541e-36 0)
(2.17905e-34 2.88061e-36 0)
(2.27574e-34 1.39957e-36 0)
(2.27398e-34 1.36023e-36 0)
(2.13952e-34 9.93113e-37 0)
(1.94657e-34 6.91319e-38 0)
(1.52248e-34 1.40433e-36 0)
(4.92543e-35 1.38883e-35 0)
(-1.64988e-34 3.90879e-35 0)
(-2.79479e-34 1.01936e-34 0)
(4.77104e-34 1.7928e-34 0)
(2.12657e-33 1.89688e-34 0)
(7.91438e-34 -5.41716e-33 0)
(-9.53338e-34 2.48348e-35 0)
(-5.56004e-34 5.47777e-34 0)
(1.29502e-33 1.44946e-33 0)
(1.16089e-33 -2.99525e-33 0)
(9.59758e-34 1.12743e-33 0)
(3.66897e-35 -7.23983e-33 0)
(-2.14626e-33 -6.69798e-34 0)
(-3.8187e-34 9.44061e-34 0)
(1.22941e-33 5.00148e-34 0)
(1.34075e-33 -9.86448e-35 0)
(7.22326e-34 -3.65353e-35 0)
(4.74879e-34 4.38145e-35 0)
(3.98532e-34 -3.05651e-35 0)
(3.18813e-34 -3.50343e-35 0)
(3.51498e-34 1.04865e-36 0)
(3.39166e-34 2.42835e-35 0)
(2.85396e-34 2.39303e-35 0)
(4.4034e-34 -1.3482e-35 0)
(1.14291e-33 -3.40594e-35 0)
(1.5433e-33 -1.40039e-34 0)
(-1.15795e-33 2.71596e-34 0)
(-8.71306e-34 5.48896e-33 0)
(-1.16653e-33 4.46873e-33 0)
(4.37374e-34 1.13032e-32 0)
(5.86202e-33 3.73176e-33 0)
(-1.79481e-34 -8.13716e-33 0)
(-3.8444e-33 1.90273e-33 0)
(3.39216e-34 6.69434e-34 0)
(8.64649e-34 -1.47959e-34 0)
(-2.80933e-33 2.59556e-34 0)
(-3.4839e-33 6.13633e-33 0)
(1.07992e-33 1.20142e-32 0)
(3.8926e-33 4.97224e-33 0)
(2.19448e-33 -9.3821e-34 0)
(-9.36679e-34 -8.67296e-34 0)
(-1.15899e-33 1.148e-34 0)
(-3.24122e-34 2.14873e-34 0)
(1.83809e-33 -6.95721e-34 0)
(-2.62164e-33 -3.22982e-34 0)
(-2.73473e-33 5.74563e-33 0)
(2.77725e-34 9.96245e-33 0)
(2.27587e-33 6.62945e-33 0)
(1.75087e-33 -1.46871e-33 0)
(-1.74266e-33 -1.85549e-33 0)
(-1.90382e-33 2.59764e-35 0)
(-1.26718e-34 5.60644e-34 0)
(9.93969e-34 1.73452e-34 0)
(6.97988e-34 -1.68292e-34 0)
(-1.31214e-33 1.32456e-34 0)
(-2.2845e-33 3.00567e-33 0)
(5.46798e-34 6.59604e-33 0)
(1.93298e-33 1.00742e-33 0)
(7.68266e-34 -3.83563e-34 0)
(1.51066e-33 -6.93787e-34 0)
(-1.14518e-33 -7.74517e-33 0)
(-2.94244e-33 7.70234e-34 0)
(-6.424e-34 -8.46705e-34 0)
(-5.09795e-35 3.03108e-34 0)
(8.15763e-35 6.11538e-34 0)
(1.39409e-34 2.66021e-34 0)
(-1.50723e-34 -1.76861e-34 0)
(-5.2921e-34 -5.03328e-35 0)
(-4.74322e-34 2.47134e-35 0)
(-4.92444e-34 -8.99285e-36 0)
(-7.9932e-34 -2.41327e-35 0)
(-9.76061e-34 -2.13213e-35 0)
(-6.38567e-34 -1.47635e-35 0)
(1.41395e-34 -1.29702e-35 0)
(5.40054e-34 -1.79734e-34 0)
(-1.32516e-33 -3.39258e-35 0)
(-2.34929e-33 2.60476e-33 0)
(-2.04392e-33 4.20038e-33 0)
(-1.53382e-34 7.14398e-33 0)
(7.47006e-34 1.56665e-33 0)
(-1.1725e-33 -5.21378e-34 0)
(-5.05534e-34 -2.02179e-34 0)
(5.83343e-34 -4.11911e-34 0)
(3.37139e-34 -3.59271e-33 0)
(-6.73681e-34 -1.77183e-33 0)
(-6.65442e-34 5.39887e-34 0)
(4.47246e-34 4.40638e-34 0)
(4.54437e-34 -1.67849e-35 0)
(3.89617e-35 -6.97793e-35 0)
(-2.23358e-34 -5.51539e-35 0)
(-5.8125e-34 -2.35474e-35 0)
(-7.00983e-34 7.45702e-36 0)
(-2.35334e-34 -8.69704e-36 0)
(3.81222e-34 -1.58482e-35 0)
(1.71897e-34 -1.45756e-34 0)
(-1.4351e-33 7.19615e-35 0)
(-1.42942e-33 2.07469e-33 0)
(-1.80767e-34 3.24019e-33 0)
(6.73296e-34 2.2388e-33 0)
(3.96281e-34 -2.44883e-34 0)
(-1.10788e-33 -6.21498e-34 0)
(-1.24613e-33 -1.17014e-34 0)
(-2.83334e-34 2.39584e-34 0)
(6.92294e-34 1.26733e-34 0)
(3.52623e-34 -2.1202e-34 0)
(-1.47993e-33 1.4101e-34 0)
(-1.73272e-33 2.62319e-33 0)
(-7.23788e-34 2.65462e-33 0)
(2.49331e-33 2.94506e-33 0)
(5.11729e-33 -2.11539e-33 0)
(-1.41825e-34 -1.29362e-32 0)
(-4.41116e-33 -3.16037e-33 0)
(-1.86099e-33 9.94216e-34 0)
(7.95726e-34 5.76512e-34 0)
(8.74968e-34 -2.32014e-34 0)
(9.17081e-35 -1.38246e-34 0)
(-7.27398e-35 3.16302e-35 0)
(4.81074e-35 7.04408e-36 0)
(8.66609e-35 -1.43255e-35 0)
(9.07433e-35 2.42635e-36 0)
(1.0746e-34 9.24953e-36 0)
(1.22355e-34 1.40128e-36 0)
(1.27614e-34 -1.89575e-36 0)
(1.17978e-34 6.19219e-37 0)
(8.72682e-35 1.19455e-36 0)
(5.809e-35 -1.08644e-36 0)
(1.03969e-34 2.85849e-36 0)
(3.33908e-34 1.02944e-35 0)
(5.93854e-34 -6.05361e-36 0)
(3.72724e-34 -2.54199e-35 0)
(-2.70107e-34 1.1256e-37 0)
(-8.80384e-35 7.25445e-35 0)
(1.21539e-33 -5.76999e-35 0)
(1.70008e-33 -1.32116e-33 0)
(-9.76834e-35 -4.4929e-33 0)
(-1.8224e-33 -2.1712e-33 0)
(-1.21218e-33 2.89707e-34 0)
(-6.79004e-35 5.41511e-34 0)
(2.54254e-34 -5.86566e-34 0)
(-1.11464e-37 -2.07265e-34 0)
(-9.88179e-35 3.51062e-34 0)
(6.59416e-35 1.55665e-34 0)
(-9.39671e-34 1.17779e-34 0)
(-2.80259e-33 1.4028e-33 0)
(-3.05561e-35 7.67698e-33 0)
(3.0707e-33 1.92167e-33 0)
(1.7315e-33 1.18511e-34 0)
(7.79293e-34 -1.2069e-34 0)
(2.97595e-34 -7.54382e-35 0)
(-6.47578e-34 7.47395e-35 0)
(-5.63576e-34 2.21335e-34 0)
(2.03127e-33 3.08217e-35 0)
(2.65191e-33 -2.52994e-33 0)
(-5.04913e-34 -8.56442e-33 0)
(-2.48521e-33 -2.02594e-33 0)
(-1.08666e-33 8.98602e-34 0)
(9.89689e-34 6.59345e-34 0)
(1.01152e-33 -1.0348e-34 0)
(1.65933e-34 -1.50836e-34 0)
(-1.01269e-34 -1.96365e-35 0)
(2.44777e-35 1.56352e-35 0)
(1.70384e-34 -4.56061e-36 0)
(2.38049e-34 3.68678e-36 0)
(2.60502e-34 1.37746e-35 0)
(2.52649e-34 5.64173e-36 0)
(2.58688e-34 -2.93198e-36 0)
(2.93564e-34 -1.51326e-36 0)
(2.7498e-34 3.73698e-36 0)
(1.92755e-34 1.27335e-36 0)
(1.4706e-34 -1.65795e-35 0)
(2.04583e-34 -1.22399e-35 0)
(2.09116e-34 -9.05006e-39 0)
(-1.23352e-34 -4.60444e-36 0)
(-3.65464e-34 5.9577e-35 0)
(2.58201e-34 4.18844e-34 0)
(3.76461e-34 -7.95838e-34 0)
(-3.93652e-34 3.81869e-34 0)
(-2.04303e-33 2.86683e-34 0)
(-3.47586e-33 2.54302e-33 0)
(-6.33931e-35 9.15792e-33 0)
(3.21801e-33 3.01472e-33 0)
(1.6741e-33 6.03434e-36 0)
(-1.76559e-34 -5.15762e-34 0)
(-5.22989e-34 -1.03776e-34 0)
(-6.53088e-35 2.12185e-34 0)
(2.34226e-34 1.16385e-34 0)
(9.0618e-35 -7.31346e-35 0)
(-1.75239e-34 -7.13841e-35 0)
(-2.24704e-34 1.46465e-35 0)
(-1.32431e-34 2.37916e-35 0)
(-1.16036e-34 -7.02596e-37 0)
(-1.65682e-34 -6.52914e-36 0)
(-2.04475e-34 -1.68849e-36 0)
(-2.12456e-34 -1.39375e-37 0)
(-2.10421e-34 -3.69053e-37 0)
(-2.07445e-34 -1.59098e-37 0)
(-2.02281e-34 2.34001e-37 0)
(-1.93454e-34 3.72463e-37 0)
(-1.80757e-34 5.36655e-37 0)
(-1.63925e-34 7.51931e-37 0)
(-1.42968e-34 7.28866e-37 0)
(-1.16733e-34 7.37073e-37 0)
(-8.42267e-35 9.76694e-37 0)
(-4.95224e-35 1.78489e-36 0)
(-2.51822e-35 2.49633e-36 0)
(-4.62357e-35 2.54124e-36 0)
(-1.56098e-34 5.45118e-36 0)
(-3.04463e-34 1.46277e-35 0)
(-5.5023e-35 2.8784e-35 0)
(1.00029e-33 -2.30249e-35 0)
(1.01127e-33 -2.23786e-34 0)
(-1.18662e-33 -1.62793e-34 0)
(-4.06871e-34 1.56184e-33 0)
(-6.44546e-34 5.66955e-34 0)
(-1.42985e-33 3.36037e-33 0)
(2.72241e-33 1.81781e-33 0)
(2.13104e-34 -5.75856e-33 0)
(-2.55231e-33 8.20281e-34 0)
(6.04478e-36 2.84456e-34 0)
(1.41313e-34 4.90009e-35 0)
(-2.22221e-34 -5.6775e-36 0)
(-4.68977e-34 -5.15979e-35 0)
(-5.91745e-34 -2.21119e-35 0)
(-5.64882e-34 4.93233e-36 0)
(-5.13359e-34 8.41319e-36 0)
(-4.95384e-34 5.88235e-36 0)
(-4.45671e-34 4.0664e-36 0)
(-2.9461e-34 8.3885e-36 0)
(-1.55954e-34 9.6997e-36 0)
(-3.02149e-34 1.76267e-36 0)
(-6.05574e-34 -6.01886e-36 0)
(-5.29776e-34 -2.04975e-35 0)
(3.54859e-34 -7.1228e-36 0)
(1.34888e-33 -1.09205e-34 0)
(-8.36223e-34 -4.56596e-35 0)
(-3.72296e-33 3.03665e-33 0)
(-1.60595e-33 8.91321e-33 0)
(1.44947e-33 7.91845e-33 0)
(2.23425e-33 4.36485e-33 0)
(8.85286e-34 -5.94488e-34 0)
(-8.87268e-34 -9.71223e-34 0)
(1.14665e-34 4.85353e-35 0)
(1.29228e-33 2.2977e-34 0)
(4.08853e-35 7.51926e-35 0)
(8.82458e-34 2.37393e-33 0)
(6.10462e-34 4.19461e-34 0)
(-3.85312e-34 2.12558e-33 0)
(1.71374e-34 -6.61033e-34 0)
(-1.13402e-33 -6.30138e-34 0)
(-1.90857e-33 1.82516e-34 0)
(-2.15623e-33 1.52153e-33 0)
(1.94522e-34 5.42696e-33 0)
(2.211e-33 1.33745e-33 0)
(1.23745e-33 -2.60256e-35 0)
(4.01846e-34 9.6886e-35 0)
(2.0307e-34 6.87714e-35 0)
(1.32283e-34 -6.70235e-35 0)
(7.825e-35 -4.95252e-35 0)
(1.27871e-34 3.76496e-35 0)
(2.1423e-34 3.40462e-35 0)
(2.23624e-34 -8.54352e-36 0)
(1.88675e-34 -1.8954e-35 0)
(1.76125e-34 -1.52348e-36 0)
(1.9634e-34 7.03133e-36 0)
(2.17551e-34 3.90625e-36 0)
(2.2743e-34 2.02308e-36 0)
(2.27341e-34 1.49951e-36 0)
(2.13859e-34 8.48809e-37 0)
(1.94698e-34 3.87158e-37 0)
(1.53372e-34 1.80384e-36 0)
(5.24796e-35 1.69762e-35 0)
(-1.56821e-34 5.08383e-35 0)
(-2.66142e-34 1.45909e-34 0)
(4.70704e-34 2.586e-34 0)
(1.74346e-33 -5.72941e-35 0)
(7.8022e-34 -4.12499e-33 0)
(-5.41613e-34 -2.31748e-34 0)
(-4.36143e-34 5.40977e-34 0)
(1.04588e-33 1.32605e-33 0)
(1.11186e-33 -2.25184e-33 0)
(6.73479e-34 4.52799e-34 0)
(-8.62715e-35 -5.25063e-33 0)
(-1.57283e-33 -8.46919e-34 0)
(-2.72081e-34 9.69005e-34 0)
(1.14266e-33 6.08549e-34 0)
(1.2919e-33 -6.93498e-35 0)
(7.3337e-34 -4.82321e-35 0)
(4.75635e-34 3.94019e-35 0)
(3.91931e-34 -3.55404e-35 0)
(3.21776e-34 -3.70157e-35 0)
(3.56543e-34 2.76837e-36 0)
(3.412e-34 2.27692e-35 0)
(2.82812e-34 2.86338e-35 0)
(4.35757e-34 9.48957e-37 0)
(1.12747e-33 -2.34209e-35 0)
(1.55987e-33 -2.40435e-34 0)
(-6.99118e-34 2.83236e-35 0)
(-5.34928e-34 4.62315e-33 0)
(-7.28498e-34 3.54508e-33 0)
(3.68826e-34 8.87649e-33 0)
(4.34001e-33 2.77818e-33 0)
(-3.40101e-34 -6.30917e-33 0)
(-3.15362e-33 1.02339e-33 0)
(1.93154e-34 5.57096e-34 0)
(8.23784e-34 -2.20749e-34 0)
(-2.25006e-33 1.02974e-34 0)
(-2.55827e-33 5.62922e-33 0)
(9.61907e-34 8.90033e-33 0)
(2.85112e-33 4.28696e-33 0)
(1.67454e-33 -9.58482e-34 0)
(-8.36036e-34 -9.56418e-34 0)
(-1.05091e-33 9.88627e-35 0)
(-3.25906e-34 2.44008e-34 0)
(1.70608e-33 -1.00881e-33 0)
(-1.89605e-33 -7.28418e-34 0)
(-1.76502e-33 4.86059e-33 0)
(3.10326e-34 6.28578e-33 0)
(1.20832e-33 4.7342e-33 0)
(8.90412e-34 -1.48555e-33 0)
(-1.57344e-33 -1.80123e-33 0)
(-1.63075e-33 1.30837e-35 0)
(-1.0875e-34 5.765e-34 0)
(9.08383e-34 1.8178e-34 0)
(6.87671e-34 -2.19668e-34 0)
(-9.82817e-34 3.6389e-35 0)
(-1.686e-33 2.56768e-33 0)
(3.55703e-34 4.75803e-33 0)
(1.28968e-33 9.85324e-34 0)
(5.58781e-34 -3.51375e-34 0)
(8.60266e-34 -9.83716e-34 0)
(-1.01086e-33 -5.45145e-33 0)
(-2.29926e-33 2.02156e-34 0)
(-6.51923e-34 -9.34802e-35 0)
(5.56133e-35 3.39514e-34 0)
(8.00057e-35 5.80126e-34 0)
(5.84045e-35 2.83181e-34 0)
(-1.85342e-34 -1.72522e-34 0)
(-5.08322e-34 -6.07482e-35 0)
(-4.69925e-34 2.39736e-35 0)
(-4.98078e-34 -1.67253e-35 0)
(-7.99823e-34 -3.62654e-35 0)
(-9.7354e-34 -1.3154e-35 0)
(-6.38488e-34 5.14284e-36 0)
(1.19501e-34 -2.45121e-35 0)
(5.30191e-34 -2.79597e-34 0)
(-1.06383e-33 -2.21764e-34 0)
(-1.9641e-33 2.18407e-33 0)
(-1.67808e-33 3.37962e-33 0)
(-3.85405e-34 5.33364e-33 0)
(1.03031e-34 1.19144e-33 0)
(-1.32065e-33 -4.08343e-34 0)
(-5.07958e-34 -4.54852e-35 0)
(3.2475e-34 -5.08519e-34 0)
(2.26795e-34 -2.27764e-33 0)
(-3.52698e-34 -1.48872e-33 0)
(-4.65403e-34 5.56284e-34 0)
(3.94574e-34 4.91266e-34 0)
(4.03861e-34 -8.24494e-36 0)
(3.45765e-35 -8.20526e-35 0)
(-2.19078e-34 -6.8516e-35 0)
(-5.74403e-34 -3.49423e-35 0)
(-6.98089e-34 2.00598e-35 0)
(-2.38652e-34 1.44937e-35 0)
(3.63803e-34 -3.36139e-35 0)
(1.77857e-34 -2.43428e-34 0)
(-1.23373e-33 8.69294e-38 0)
(-1.18286e-33 1.98405e-33 0)
(-1.81016e-34 2.46605e-33 0)
(4.00765e-34 1.84165e-33 0)
(1.60311e-34 -3.40579e-34 0)
(-1.09246e-33 -6.2929e-34 0)
(-1.16931e-33 -9.33735e-35 0)
(-2.63124e-34 2.71633e-34 0)
(6.48321e-34 1.20484e-34 0)
(3.51863e-34 -3.09973e-34 0)
(-1.24328e-33 7.61152e-35 0)
(-1.53607e-33 2.40098e-33 0)
(-7.05528e-34 2.25972e-33 0)
(2.09753e-33 2.54132e-33 0)
(3.9536e-33 -2.45859e-33 0)
(-2.1421e-34 -1.00194e-32 0)
(-3.40287e-33 -3.07622e-33 0)
(-1.55249e-33 9.69418e-34 0)
(6.96135e-34 6.59971e-34 0)
(8.12621e-34 -2.25958e-34 0)
(1.12855e-34 -1.64693e-34 0)
(-5.99964e-35 2.47103e-35 0)
(4.45863e-35 8.62062e-36 0)
(8.62108e-35 -1.44605e-35 0)
(9.26623e-35 2.23371e-36 0)
(1.07418e-34 1.02725e-35 0)
(1.21446e-34 2.31999e-36 0)
(1.27499e-34 -1.80263e-36 0)
(1.18196e-34 2.91781e-38 0)
(8.7183e-35 7.37285e-37 0)
(5.8362e-35 -3.13649e-37 0)
(1.05027e-34 6.36232e-36 0)
(3.32934e-34 1.58659e-35 0)
(5.90105e-34 -1.2297e-35 0)
(3.73143e-34 -5.0551e-35 0)
(-2.59821e-34 -5.35564e-36 0)
(-9.11429e-35 1.36559e-34 0)
(1.10119e-33 -2.73484e-35 0)
(1.41043e-33 -1.5179e-33 0)
(-1.46197e-34 -3.62134e-33 0)
(-1.50878e-33 -1.98912e-33 0)
(-1.01808e-33 3.6393e-34 0)
(-1.18451e-34 6.16936e-34 0)
(1.97997e-34 -2.15269e-34 0)
(5.21251e-35 -1.9851e-34 0)
(-7.22009e-35 3.48297e-34 0)
(5.02184e-35 1.85695e-34 0)
(-8.49014e-34 1.48919e-34 0)
(-2.32585e-33 1.52687e-33 0)
(1.4026e-36 6.48975e-33 0)
(2.59675e-33 1.89151e-33 0)
(1.59237e-33 1.18435e-34 0)
(7.65398e-34 -1.26902e-34 0)
(3.10973e-34 -9.20239e-35 0)
(-6.23911e-34 7.29563e-35 0)
(-5.62996e-34 3.23141e-34 0)
(1.83672e-33 1.40523e-34 0)
(2.14822e-33 -2.73069e-33 0)
(-4.71085e-34 -6.6842e-33 0)
(-1.92949e-33 -2.12315e-33 0)
(-9.01282e-34 9.77845e-34 0)
(9.21794e-34 7.69533e-34 0)
(9.5481e-34 -1.02788e-34 0)
(1.7115e-34 -1.78004e-34 0)
(-8.97296e-35 -3.09406e-35 0)
(2.57566e-35 1.66388e-35 0)
(1.69612e-34 -3.24132e-36 0)
(2.39229e-34 5.31388e-36 0)
(2.60612e-34 1.57895e-35 0)
(2.5158e-34 6.62598e-36 0)
(2.58235e-34 -1.87809e-36 0)
(2.9389e-34 -8.29511e-37 0)
(2.75076e-34 1.74873e-36 0)
(1.91546e-34 -7.71614e-37 0)
(1.46317e-34 -1.771e-35 0)
(2.05461e-34 -1.16219e-35 0)
(2.09173e-34 -5.20414e-36 0)
(-1.19189e-34 -1.80185e-35 0)
(-3.4207e-34 7.5024e-35 0)
(2.12566e-34 3.51133e-34 0)
(3.71308e-34 -6.45077e-34 0)
(-3.35e-34 2.1637e-34 0)
(-1.90712e-33 2.89239e-34 0)
(-3.00034e-33 2.7026e-33 0)
(-4.30706e-35 7.88876e-33 0)
(2.72104e-33 2.97255e-33 0)
(1.46402e-33 -3.63522e-35 0)
(-1.82186e-34 -5.76187e-34 0)
(-4.76708e-34 -1.08905e-34 0)
(-5.1408e-35 2.43244e-34 0)
(2.15764e-34 1.35092e-34 0)
(7.83493e-35 -8.27726e-35 0)
(-1.69528e-34 -8.46187e-35 0)
(-2.1838e-34 1.53924e-35 0)
(-1.33416e-34 2.81089e-35 0)
(-1.18071e-34 -3.08369e-37 0)
(-1.65759e-34 -7.68408e-36 0)
(-2.04042e-34 -2.16152e-36 0)
(-2.12362e-34 -2.52316e-37 0)
(-2.1042e-34 -4.53291e-37 0)
(-2.07402e-34 -1.77658e-37 0)
(-2.02241e-34 3.22547e-37 0)
(-1.93431e-34 5.27146e-37 0)
(-1.80731e-34 7.25125e-37 0)
(-1.63912e-34 9.55141e-37 0)
(-1.42966e-34 9.22788e-37 0)
(-1.16712e-34 1.00451e-36 0)
(-8.41529e-35 1.32937e-36 0)
(-4.9421e-35 2.21688e-36 0)
(-2.51491e-35 2.95129e-36 0)
(-4.60448e-35 2.64888e-36 0)
(-1.55131e-34 6.16524e-36 0)
(-3.02271e-34 2.02482e-35 0)
(-5.7418e-35 4.84644e-35 0)
(9.7894e-34 -1.50513e-35 0)
(9.9716e-34 -3.35403e-34 0)
(-1.05413e-33 -2.9889e-34 0)
(-3.67866e-34 1.65573e-33 0)
(-5.36169e-34 1.50758e-34 0)
(-1.34591e-33 2.96421e-33 0)
(2.12405e-33 1.36415e-33 0)
(1.55782e-34 -4.91584e-33 0)
(-2.15461e-33 6.30197e-34 0)
(-4.1121e-35 3.36074e-34 0)
(1.18669e-34 5.92284e-35 0)
(-2.30096e-34 -7.90581e-36 0)
(-4.70223e-34 -6.05113e-35 0)
(-5.87267e-34 -2.68194e-35 0)
(-5.62456e-34 5.61163e-36 0)
(-5.13284e-34 9.50689e-36 0)
(-4.95632e-34 6.9926e-36 0)
(-4.45341e-34 7.30547e-36 0)
(-2.94314e-34 1.34214e-35 0)
(-1.56993e-34 9.17064e-36 0)
(-3.03386e-34 -8.24533e-36 0)
(-6.06318e-34 -7.16892e-36 0)
(-5.2918e-34 -3.33576e-36 0)
(3.452e-34 8.19926e-36 0)
(1.33838e-33 -1.75723e-34 0)
(-5.98917e-34 -2.49395e-34 0)
(-3.06494e-33 2.73311e-33 0)
(-1.27289e-33 7.63974e-33 0)
(1.11244e-33 6.46254e-33 0)
(1.61367e-33 3.59054e-33 0)
(4.86272e-34 -7.14101e-34 0)
(-8.29877e-34 -1.00089e-33 0)
(2.11429e-34 7.20487e-35 0)
(1.28899e-33 1.68747e-34 0)
(2.04404e-34 -4.97784e-35 0)
(8.91707e-34 2.00101e-33 0)
(5.85882e-34 -1.04253e-34 0)
(-4.55355e-34 1.62072e-33 0)
(-4.0923e-35 -7.18522e-34 0)
(-1.06137e-33 -6.8444e-34 0)
(-1.72801e-33 1.71412e-34 0)
(-1.76607e-33 1.47621e-33 0)
(1.79275e-34 4.31273e-33 0)
(1.80278e-33 1.32862e-33 0)
(1.13198e-33 4.12275e-35 0)
(4.07305e-34 8.24132e-35 0)
(1.89297e-34 5.69056e-35 0)
(1.22313e-34 -6.55449e-35 0)
(8.75301e-35 -4.8156e-35 0)
(1.35313e-34 3.89502e-35 0)
(2.10032e-34 3.54766e-35 0)
(2.1875e-34 -8.44089e-36 0)
(1.89291e-34 -2.03146e-35 0)
(1.78569e-34 -2.25179e-36 0)
(1.96897e-34 7.7036e-36 0)
(2.17088e-34 4.89797e-36 0)
(2.27174e-34 2.73645e-36 0)
(2.27198e-34 1.67731e-36 0)
(2.1377e-34 7.59449e-37 0)
(1.94823e-34 9.69845e-37 0)
(1.5505e-34 2.92849e-36 0)
(5.75973e-35 2.13298e-35 0)
(-1.42848e-34 6.52903e-35 0)
(-2.43683e-34 1.9172e-34 0)
(4.40164e-34 3.31376e-34 0)
(1.38458e-33 -1.91705e-34 0)
(7.64794e-34 -2.92428e-33 0)
(-1.5879e-34 -3.78764e-34 0)
(-2.84608e-34 4.73197e-34 0)
(8.11418e-34 1.12851e-33 0)
(1.00598e-33 -1.60119e-33 0)
(4.36902e-34 -8.96654e-35 0)
(-1.84535e-34 -3.52909e-33 0)
(-1.05464e-33 -8.17554e-34 0)
(-1.20108e-34 9.0722e-34 0)
(1.04259e-33 6.86406e-34 0)
(1.22097e-33 -1.02455e-35 0)
(7.41684e-34 -5.42983e-35 0)
(4.77186e-34 2.7429e-35 0)
(3.84565e-34 -3.82464e-35 0)
(3.25976e-34 -3.60855e-35 0)
(3.62599e-34 3.93111e-36 0)
(3.44027e-34 1.99331e-35 0)
(2.81448e-34 3.28316e-35 0)
(4.30545e-34 1.65369e-35 0)
(1.09577e-33 -1.78483e-35 0)
(1.55064e-33 -3.44956e-34 0)
(-2.31384e-34 -2.55913e-34 0)
(-2.03362e-34 3.49421e-33 0)
(-3.53865e-34 2.43264e-33 0)
(2.8187e-34 6.30888e-33 0)
(2.92809e-33 1.65808e-33 0)
(-5.14579e-34 -4.75884e-33 0)
(-2.50813e-33 2.58669e-34 0)
(9.95266e-35 3.5058e-34 0)
(7.74464e-34 -2.84013e-34 0)
(-1.63737e-33 -5.59681e-35 0)
(-1.73665e-33 4.6852e-33 0)
(8.01649e-34 6.09366e-33 0)
(1.91081e-33 3.2721e-33 0)
(1.12978e-33 -8.92724e-34 0)
(-7.18524e-34 -9.58854e-34 0)
(-9.09712e-34 6.08437e-35 0)
(-3.16529e-34 2.5416e-34 0)
(1.55024e-33 -1.30554e-33 0)
(-1.13962e-33 -1.11288e-33 0)
(-9.89867e-34 3.35168e-33 0)
(2.37116e-34 3.2619e-33 0)
(3.70192e-34 2.67677e-33 0)
(1.41975e-34 -1.41338e-33 0)
(-1.37186e-33 -1.57497e-33 0)
(-1.31665e-33 -1.0392e-36 0)
(-8.4362e-35 5.38251e-34 0)
(7.98546e-34 1.73152e-34 0)
(6.60821e-34 -2.55787e-34 0)
(-6.44132e-34 -7.0979e-35 0)
(-1.16592e-33 1.9594e-33 0)
(1.76076e-34 3.1703e-33 0)
(7.34116e-34 8.09419e-34 0)
(3.00225e-34 -2.77243e-34 0)
(3.33964e-34 -9.69903e-34 0)
(-8.75453e-34 -3.47388e-33 0)
(-1.70467e-33 -8.408e-36 0)
(-6.05436e-34 4.25753e-34 0)
(9.65358e-35 4.34632e-34 0)
(6.79835e-35 5.03668e-34 0)
(-3.19815e-35 2.70998e-34 0)
(-2.29562e-34 -1.47458e-34 0)
(-4.84871e-34 -6.68251e-35 0)
(-4.64303e-34 1.86478e-35 0)
(-5.06067e-34 -2.40904e-35 0)
(-7.98352e-34 -4.58165e-35 0)
(-9.66496e-34 -2.3096e-36 0)
(-6.41323e-34 2.62663e-35 0)
(7.75551e-35 -4.13059e-35 0)
(4.94559e-34 -3.79e-34 0)
(-7.95764e-34 -4.41146e-34 0)
(-1.57773e-33 1.54747e-33 0)
(-1.38083e-33 2.36938e-33 0)
(-6.1309e-34 3.56168e-33 0)
(-4.55523e-34 7.28377e-34 0)
(-1.42872e-33 -2.34932e-34 0)
(-5.2778e-34 1.58415e-34 0)
(1.27233e-34 -4.15462e-34 0)
(1.3541e-34 -1.16943e-33 0)
(-9.94187e-35 -1.04273e-33 0)
(-2.59209e-34 5.35397e-34 0)
(3.31689e-34 5.03929e-34 0)
(3.3657e-34 7.80373e-36 0)
(2.64014e-35 -8.84241e-35 0)
(-2.13843e-34 -7.87723e-35 0)
(-5.63175e-34 -4.40019e-35 0)
(-6.90696e-34 3.34212e-35 0)
(-2.46339e-34 3.89528e-35 0)
(3.28947e-34 -5.43405e-35 0)
(1.77597e-34 -3.36211e-34 0)
(-1.00058e-33 -1.05765e-34 0)
(-9.5467e-34 1.63364e-33 0)
(-2.1059e-34 1.68451e-33 0)
(1.39128e-34 1.28733e-33 0)
(-7.39909e-35 -4.27271e-34 0)
(-1.05976e-33 -5.77344e-34 0)
(-1.07479e-33 -5.04496e-35 0)
(-2.43092e-34 2.83999e-34 0)
(5.81852e-34 9.89941e-35 0)
(3.43199e-34 -3.98982e-34 0)
(-9.7858e-34 -3.51906e-35 0)
(-1.33047e-33 1.93731e-33 0)
(-6.99686e-34 1.77659e-33 0)
(1.6329e-33 1.95942e-33 0)
(2.85926e-33 -2.53526e-33 0)
(-2.56292e-34 -7.32516e-33 0)
(-2.45355e-33 -2.70711e-33 0)
(-1.1896e-33 8.50182e-34 0)
(5.83354e-34 6.97213e-34 0)
(7.27146e-34 -1.8775e-34 0)
(1.3567e-34 -1.81454e-34 0)
(-4.19379e-35 9.93762e-36 0)
(4.13597e-35 8.59007e-36 0)
(8.5518e-35 -1.30296e-35 0)
(9.50314e-35 1.83276e-36 0)
(1.07494e-34 1.05386e-35 0)
(1.20279e-34 3.30796e-36 0)
(1.27206e-34 -1.45873e-36 0)
(1.18404e-34 -5.81966e-37 0)
(8.72248e-35 3.73807e-37 0)
(5.90657e-35 8.87776e-37 0)
(1.06706e-34 9.74162e-36 0)
(3.3073e-34 1.96435e-35 0)
(5.82609e-34 -2.14036e-35 0)
(3.73848e-34 -7.80743e-35 0)
(-2.38746e-34 -1.0318e-35 0)
(-9.113e-35 2.02935e-34 0)
(9.4674e-34 1.83677e-35 0)
(1.12835e-33 -1.49295e-33 0)
(-1.71528e-34 -2.7578e-33 0)
(-1.19398e-33 -1.60521e-33 0)
(-7.99901e-34 4.23136e-34 0)
(-1.56595e-34 6.52407e-34 0)
(1.25605e-34 8.72035e-35 0)
(8.47152e-35 -1.60976e-34 0)
(-3.87791e-35 3.11302e-34 0)
(3.55102e-35 2.13033e-34 0)
(-7.33652e-34 1.83571e-34 0)
(-1.84386e-33 1.54511e-33 0)
(2.74532e-35 5.27742e-33 0)
(2.11446e-33 1.7691e-33 0)
(1.4275e-33 1.12258e-34 0)
(7.47582e-34 -1.21371e-34 0)
(3.27326e-34 -1.00008e-34 0)
(-5.85139e-34 7.12571e-35 0)
(-5.52529e-34 4.2692e-34 0)
(1.58271e-33 2.62373e-34 0)
(1.669e-33 -2.66453e-33 0)
(-4.18868e-34 -4.88127e-33 0)
(-1.39105e-33 -1.93775e-33 0)
(-6.692e-34 9.9254e-34 0)
(8.35084e-34 8.41713e-34 0)
(8.7552e-34 -8.46361e-35 0)
(1.75861e-34 -1.96702e-34 0)
(-7.3646e-35 -4.60413e-35 0)
(2.84915e-35 1.48003e-35 0)
(1.68809e-34 -1.14959e-36 0)
(2.40688e-34 7.20488e-36 0)
(2.60684e-34 1.72638e-35 0)
(2.5022e-34 7.49799e-36 0)
(2.57665e-34 -4.00193e-37 0)
(2.94032e-34 7.78565e-38 0)
(2.74968e-34 -7.04479e-37 0)
(1.90154e-34 -3.18523e-36 0)
(1.45622e-34 -1.82254e-35 0)
(2.06216e-34 -1.06888e-35 0)
(2.08176e-34 -1.04135e-35 0)
(-1.12696e-34 -3.15175e-35 0)
(-3.17576e-34 8.58028e-35 0)
(1.65663e-34 2.74172e-34 0)
(3.57686e-34 -5.14925e-34 0)
(-2.73936e-34 3.54749e-35 0)
(-1.72238e-33 2.58955e-34 0)
(-2.5078e-33 2.6665e-33 0)
(-3.33836e-35 6.53976e-33 0)
(2.19974e-33 2.7142e-33 0)
(1.21324e-33 -9.51658e-35 0)
(-1.8537e-34 -5.95822e-34 0)
(-4.14663e-34 -1.0184e-34 0)
(-3.30582e-35 2.6096e-34 0)
(1.90587e-34 1.47973e-34 0)
(6.11123e-35 -8.65368e-35 0)
(-1.61958e-34 -9.45241e-35 0)
(-2.0939e-34 1.4035e-35 0)
(-1.34573e-34 3.13571e-35 0)
(-1.2095e-34 6.73742e-37 0)
(-1.6594e-34 -8.34263e-36 0)
(-2.03445e-34 -2.62337e-36 0)
(-2.12217e-34 -4.30058e-37 0)
(-2.1041e-34 -5.5335e-37 0)
(-2.07335e-34 -2.06973e-37 0)
(-2.0218e-34 3.77614e-37 0)
(-1.93396e-34 6.27012e-37 0)
(-1.80696e-34 8.33272e-37 0)
(-1.63897e-34 1.04227e-36 0)
(-1.42961e-34 9.6683e-37 0)
(-1.16673e-34 1.09436e-36 0)
(-8.40492e-35 1.48599e-36 0)
(-4.92845e-35 2.45046e-36 0)
(-2.51203e-35 3.3324e-36 0)
(-4.57549e-35 3.09324e-36 0)
(-1.53437e-34 7.95821e-36 0)
(-2.98005e-34 2.75743e-35 0)
(-6.0346e-35 6.82083e-35 0)
(9.41306e-34 -1.09619e-35 0)
(9.67259e-34 -4.51634e-34 0)
(-8.81998e-34 -4.4517e-34 0)
(-3.41483e-34 1.5382e-33 0)
(-4.45647e-34 -2.1003e-34 0)
(-1.24422e-33 2.35957e-33 0)
(1.50749e-33 9.87732e-34 0)
(1.05124e-34 -4.00881e-33 0)
(-1.73697e-33 4.59626e-34 0)
(-8.24791e-35 3.76283e-34 0)
(8.64306e-35 7.15056e-35 0)
(-2.41462e-34 -9.28047e-36 0)
(-4.71995e-34 -6.63887e-35 0)
(-5.81025e-34 -3.12851e-35 0)
(-5.58965e-34 5.38971e-36 0)
(-5.13131e-34 1.01027e-35 0)
(-4.95723e-34 7.89556e-36 0)
(-4.44578e-34 1.04601e-35 0)
(-2.94343e-34 1.78416e-35 0)
(-1.59693e-34 7.41386e-36 0)
(-3.04867e-34 -1.89515e-35 0)
(-6.04491e-34 -6.80717e-36 0)
(-5.27048e-34 1.77028e-35 0)
(3.24723e-34 2.09648e-35 0)
(1.30289e-33 -2.52113e-34 0)
(-3.39308e-34 -4.88297e-34 0)
(-2.37396e-33 2.20912e-33 0)
(-9.73095e-34 6.01454e-33 0)
(7.48556e-34 4.83168e-33 0)
(9.9097e-34 2.55439e-33 0)
(8.81986e-35 -8.00863e-34 0)
(-7.46446e-34 -9.35464e-34 0)
(3.21224e-34 8.99659e-35 0)
(1.26886e-33 7.09781e-35 0)
(3.67385e-34 -2.03364e-34 0)
(8.67333e-34 1.46484e-33 0)
(5.41979e-34 -5.59445e-34 0)
(-4.94888e-34 9.69887e-34 0)
(-2.44722e-34 -7.41156e-34 0)
(-9.69384e-34 -6.88384e-34 0)
(-1.50836e-33 1.56424e-34 0)
(-1.39457e-33 1.39886e-33 0)
(1.6445e-34 3.31409e-33 0)
(1.41936e-33 1.27756e-33 0)
(1.00246e-33 1.23072e-34 0)
(4.03839e-34 5.89009e-35 0)
(1.74999e-34 3.38432e-35 0)
(1.12393e-34 -5.82888e-35 0)
(9.84082e-35 -4.09815e-35 0)
(1.44012e-34 3.68827e-35 0)
(2.04975e-34 3.36498e-35 0)
(2.12695e-34 -7.47268e-36 0)
(1.89895e-34 -2.00056e-35 0)
(1.81682e-34 -3.10022e-36 0)
(1.97776e-34 7.66204e-36 0)
(2.16561e-34 5.70034e-36 0)
(2.26775e-34 3.47579e-36 0)
(2.26933e-34 1.90449e-36 0)
(2.13722e-34 8.01746e-37 0)
(1.95159e-34 1.93979e-36 0)
(1.57609e-34 5.11035e-36 0)
(6.55231e-35 2.72689e-35 0)
(-1.20971e-34 8.22273e-35 0)
(-2.10057e-34 2.35288e-34 0)
(3.88624e-34 3.90939e-34 0)
(1.06761e-33 -2.09055e-34 0)
(7.43232e-34 -1.88381e-33 0)
(1.67555e-34 -4.1684e-34 0)
(-1.15127e-34 3.52372e-34 0)
(6.05279e-34 8.72225e-34 0)
(8.48113e-34 -1.07764e-33 0)
(2.62393e-34 -4.41166e-34 0)
(-2.35324e-34 -2.16569e-33 0)
(-6.17449e-34 -6.11776e-34 0)
(5.81445e-35 7.92434e-34 0)
(9.40696e-34 7.17263e-34 0)
(1.12629e-33 7.09183e-35 0)
(7.40857e-34 -5.01002e-35 0)
(4.79176e-34 9.49285e-36 0)
(3.7779e-34 -3.86404e-35 0)
(3.31434e-34 -3.2002e-35 0)
(3.69285e-34 4.4618e-36 0)
(3.47887e-34 1.59549e-35 0)
(2.82241e-34 3.59507e-35 0)
(4.23941e-34 3.16254e-35 0)
(1.04133e-33 -1.91095e-35 0)
(1.50055e-33 -4.38436e-34 0)
(1.9612e-34 -5.39059e-34 0)
(8.97238e-35 2.23027e-33 0)
(-7.02909e-35 1.27598e-33 0)
(1.78001e-34 3.85011e-33 0)
(1.71942e-33 5.626e-34 0)
(-6.66251e-34 -3.53387e-33 0)
(-1.93221e-33 -2.86613e-34 0)
(6.75815e-35 1.15232e-34 0)
(7.25325e-34 -3.41042e-34 0)
(-1.03127e-33 -2.02535e-34 0)
(-1.0622e-33 3.44611e-33 0)
(6.05971e-34 3.74957e-33 0)
(1.12947e-33 2.12823e-33 0)
(6.23668e-34 -7.7198e-34 0)
(-5.95146e-34 -8.69917e-34 0)
(-7.42412e-34 1.06532e-35 0)
(-2.89716e-34 2.40373e-34 0)
(1.37413e-33 -1.51052e-33 0)
(-4.59909e-34 -1.4036e-33 0)
(-4.31032e-34 1.65531e-33 0)
(9.60981e-35 1.03963e-33 0)
(-1.9102e-34 9.04301e-34 0)
(-3.84115e-34 -1.27411e-33 0)
(-1.14436e-33 -1.2334e-33 0)
(-9.92129e-34 -6.93481e-36 0)
(-5.53564e-35 4.5523e-34 0)
(6.69672e-34 1.47036e-34 0)
(6.12558e-34 -2.72353e-34 0)
(-3.3331e-34 -1.75394e-34 0)
(-7.43801e-34 1.28356e-33 0)
(2.54886e-35 1.89904e-33 0)
(2.99369e-34 5.58461e-34 0)
(4.43656e-35 -1.77904e-34 0)
(-4.2239e-35 -7.39768e-34 0)
(-7.40187e-34 -1.91385e-33 0)
(-1.19588e-33 2.29682e-35 0)
(-5.22369e-34 6.90127e-34 0)
(7.06052e-35 5.203e-34 0)
(3.18724e-35 4.04653e-34 0)
(-1.23081e-34 2.30333e-34 0)
(-2.80054e-34 -1.06875e-34 0)
(-4.62611e-34 -6.48921e-35 0)
(-4.58036e-34 8.9879e-36 0)
(-5.15888e-34 -3.09376e-35 0)
(-7.93613e-34 -5.06036e-35 0)
(-9.53422e-34 1.15372e-35 0)
(-6.49455e-34 4.79229e-35 0)
(8.46548e-36 -5.89886e-35 0)
(4.19513e-34 -4.60898e-34 0)
(-5.58354e-34 -6.57388e-34 0)
(-1.22667e-33 8.10404e-34 0)
(-1.15826e-33 1.31695e-33 0)
(-8.0698e-34 2.01744e-33 0)
(-8.67697e-34 2.97668e-34 0)
(-1.46075e-33 -3.41698e-35 0)
(-5.54351e-34 3.78943e-34 0)
(-7.72089e-36 -1.78505e-34 0)
(6.95071e-35 -3.31764e-34 0)
(6.83514e-35 -5.31896e-34 0)
(-7.8097e-35 4.90429e-34 0)
(2.62235e-34 4.73063e-34 0)
(2.54703e-34 2.88925e-35 0)
(1.24835e-35 -8.54331e-35 0)
(-2.08102e-34 -8.41737e-35 0)
(-5.46366e-34 -4.93176e-35 0)
(-6.77193e-34 4.73644e-35 0)
(-2.60544e-34 6.37856e-35 0)
(2.71038e-34 -7.39771e-35 0)
(1.63798e-34 -4.08256e-34 0)
(-7.64027e-34 -2.34882e-34 0)
(-7.60093e-34 1.1122e-33 0)
(-2.65153e-34 9.54227e-34 0)
(-9.16456e-35 7.06335e-34 0)
(-2.73048e-34 -4.80168e-34 0)
(-1.00268e-33 -4.76253e-34 0)
(-9.68644e-34 9.36041e-36 0)
(-2.29022e-34 2.78771e-34 0)
(4.8937e-34 6.37088e-35 0)
(3.1919e-34 -4.65846e-34 0)
(-7.14652e-34 -1.82882e-34 0)
(-1.12635e-33 1.31647e-33 0)
(-7.01566e-34 1.24535e-33 0)
(1.13424e-33 1.32402e-33 0)
(1.90668e-33 -2.32559e-33 0)
(-2.52842e-34 -4.99421e-33 0)
(-1.6172e-33 -2.11626e-33 0)
(-8.03682e-34 6.71272e-34 0)
(4.70805e-34 6.7173e-34 0)
(6.19715e-34 -1.23124e-34 0)
(1.54943e-34 -1.81994e-34 0)
(-1.86476e-35 -1.10746e-35 0)
(3.98852e-35 5.60409e-36 0)
(8.47508e-35 -1.03344e-35 0)
(9.76626e-35 1.42739e-36 0)
(1.07756e-34 9.90574e-36 0)
(1.18921e-34 4.17022e-36 0)
(1.26662e-34 -8.55717e-37 0)
(1.1857e-34 -1.10258e-36 0)
(8.75105e-35 2.60572e-37 0)
(6.03306e-35 2.64716e-36 0)
(1.08894e-34 1.24713e-35 0)
(3.26444e-34 1.99599e-35 0)
(5.69907e-34 -3.43801e-35 0)
(3.75384e-34 -1.06728e-34 0)
(-2.0233e-34 -1.49932e-35 0)
(-8.45778e-35 2.63737e-34 0)
(7.64653e-34 8.07904e-35 0)
(8.68047e-34 -1.25901e-33 0)
(-1.66145e-34 -1.94352e-33 0)
(-8.93199e-34 -1.09566e-33 0)
(-5.81142e-34 4.58178e-34 0)
(-1.81195e-34 6.34985e-34 0)
(4.113e-35 2.90069e-34 0)
(9.17372e-35 -9.3292e-35 0)
(-6.90991e-37 2.50836e-34 0)
(2.67645e-35 2.32717e-34 0)
(-5.98229e-34 2.18117e-34 0)
(-1.38016e-33 1.4535e-33 0)
(4.5554e-35 4.09299e-33 0)
(1.6451e-33 1.56652e-33 0)
(1.24299e-33 1.0701e-34 0)
(7.26182e-34 -1.03452e-34 0)
(3.46115e-34 -9.67605e-35 0)
(-5.26837e-34 7.23302e-35 0)
(-5.26852e-34 5.22387e-34 0)
(1.28058e-33 3.8829e-34 0)
(1.23852e-33 -2.3253e-33 0)
(-3.42398e-34 -3.26209e-33 0)
(-9.01005e-34 -1.51283e-33 0)
(-4.10631e-34 9.44605e-34 0)
(7.32975e-34 8.57827e-34 0)
(7.72051e-34 -4.85773e-35 0)
(1.77352e-34 -2.0159e-34 0)
(-5.29495e-35 -6.3831e-35 0)
(3.37039e-35 9.0555e-36 0)
(1.68348e-34 1.27131e-36 0)
(2.42359e-34 9.14495e-36 0)
(2.60659e-34 1.79885e-35 0)
(2.486e-34 8.20167e-36 0)
(2.56986e-34 1.45543e-36 0)
(2.93802e-34 1.15926e-36 0)
(2.74503e-34 -3.56758e-36 0)
(1.88675e-34 -5.84419e-36 0)
(1.45104e-34 -1.77012e-35 0)
(2.06702e-34 -9.36329e-36 0)
(2.05669e-34 -1.46266e-35 0)
(-1.03548e-34 -4.27933e-35 0)
(-2.93379e-34 9.09495e-35 0)
(1.17532e-34 1.95451e-34 0)
(3.3182e-34 -4.13407e-34 0)
(-2.13407e-34 -1.42301e-34 0)
(-1.49123e-33 1.91625e-34 0)
(-2.01791e-33 2.42154e-33 0)
(-4.04386e-35 5.15697e-33 0)
(1.67374e-33 2.2729e-33 0)
(9.372e-34 -1.59983e-34 0)
(-1.82181e-34 -5.63126e-34 0)
(-3.37894e-34 -7.87121e-35 0)
(-1.09653e-35 2.60026e-34 0)
(1.58738e-34 1.51146e-34 0)
(3.83967e-35 -8.23279e-35 0)
(-1.52862e-34 -9.84021e-35 0)
(-1.97401e-34 1.01503e-35 0)
(-1.35637e-34 3.27104e-35 0)
(-1.24756e-34 2.34728e-36 0)
(-1.66325e-34 -8.16141e-36 0)
(-2.027e-34 -2.97244e-36 0)
(-2.12007e-34 -6.76688e-37 0)
(-2.1038e-34 -6.73873e-37 0)
(-2.0724e-34 -2.60992e-37 0)
(-2.02096e-34 3.63378e-37 0)
(-1.93352e-34 6.16565e-37 0)
(-1.80659e-34 7.82121e-37 0)
(-1.63889e-34 9.05251e-37 0)
(-1.42957e-34 7.31255e-37 0)
(-1.16619e-34 8.54086e-37 0)
(-8.39091e-35 1.26856e-36 0)
(-4.90864e-35 2.296e-36 0)
(-2.50282e-35 3.5465e-36 0)
(-4.51823e-35 4.11859e-36 0)
(-1.50584e-34 1.15091e-35 0)
(-2.91048e-34 3.70386e-35 0)
(-6.46469e-35 8.578e-35 0)
(8.81105e-34 -1.33806e-35 0)
(9.15025e-34 -5.60513e-34 0)
(-6.81562e-34 -5.88806e-34 0)
(-3.27111e-34 1.22138e-33 0)
(-3.8321e-34 -4.80303e-34 0)
(-1.12011e-33 1.63125e-33 0)
(9.20705e-34 6.92391e-34 0)
(6.06618e-35 -3.07142e-33 0)
(-1.31867e-33 3.13854e-34 0)
(-1.14869e-34 3.96411e-34 0)
(4.31838e-35 8.56364e-35 0)
(-2.57316e-34 -8.77843e-36 0)
(-4.74551e-34 -6.74839e-35 0)
(-5.73004e-34 -3.48099e-35 0)
(-5.54178e-34 3.76804e-36 0)
(-5.12769e-34 9.84534e-36 0)
(-4.95529e-34 8.53869e-36 0)
(-4.43293e-34 1.3069e-35 0)
(-2.95001e-34 2.05095e-35 0)
(-1.64682e-34 3.77974e-36 0)
(-3.06247e-34 -2.94457e-35 0)
(-5.98375e-34 -3.91735e-36 0)
(-5.23319e-34 4.26315e-35 0)
(2.876e-34 3.00926e-35 0)
(1.22866e-33 -3.31264e-34 0)
(-8.41401e-35 -7.3789e-34 0)
(-1.70216e-33 1.50168e-33 0)
(-7.28278e-34 4.1866e-33 0)
(3.77704e-34 3.16619e-33 0)
(4.18159e-34 1.44764e-33 0)
(-2.53523e-34 -8.28925e-34 0)
(-6.34509e-34 -7.78026e-34 0)
(4.28356e-34 9.79873e-35 0)
(1.22231e-33 -5.65659e-35 0)
(5.07942e-34 -3.71578e-34 0)
(8.07703e-34 8.30997e-34 0)
(4.76319e-34 -9.0447e-34 0)
(-4.93316e-34 2.85638e-34 0)
(-4.05617e-34 -7.36073e-34 0)
(-8.57452e-34 -6.39815e-34 0)
(-1.25338e-33 1.4033e-34 0)
(-1.0529e-33 1.27142e-33 0)
(1.49268e-34 2.46848e-33 0)
(1.07656e-33 1.16508e-33 0)
(8.49623e-34 1.96216e-34 0)
(3.85097e-34 3.35365e-35 0)
(1.62142e-34 4.39986e-36 0)
(1.0516e-34 -4.74418e-35 0)
(1.10014e-34 -2.89943e-35 0)
(1.52919e-34 3.20768e-35 0)
(1.99423e-34 2.85547e-35 0)
(2.0588e-34 -6.05706e-36 0)
(1.90342e-34 -1.79925e-35 0)
(1.8529e-34 -3.86101e-36 0)
(1.99065e-34 6.8374e-36 0)
(2.16071e-34 6.11898e-36 0)
(2.26229e-34 4.11162e-36 0)
(2.26525e-34 2.1741e-36 0)
(2.13793e-34 1.07372e-36 0)
(1.95943e-34 3.43123e-36 0)
(1.6154e-34 8.62289e-36 0)
(7.74174e-35 3.48858e-35 0)
(-8.91897e-35 1.00514e-34 0)
(-1.63971e-34 2.71255e-34 0)
(3.24948e-34 4.31251e-34 0)
(8.05703e-34 -1.28386e-34 0)
(7.12314e-34 -1.05365e-33 0)
(4.12228e-34 -3.64753e-34 0)
(5.09079e-35 2.06614e-34 0)
(4.39167e-34 5.96024e-34 0)
(6.58513e-34 -6.86388e-34 0)
(1.54056e-34 -5.70355e-34 0)
(-2.20944e-34 -1.17828e-33 0)
(-2.72997e-34 -3.00567e-34 0)
(2.36228e-34 6.73954e-34 0)
(8.48129e-34 6.94284e-34 0)
(1.01069e-33 1.54418e-34 0)
(7.23306e-34 -3.28666e-35 0)
(4.8015e-34 -9.23937e-36 0)
(3.734e-34 -3.71348e-35 0)
(3.38076e-34 -2.54761e-35 0)
(3.7595e-34 4.54389e-36 0)
(3.52987e-34 1.14159e-35 0)
(2.86169e-34 3.73489e-35 0)
(4.1464e-34 4.39731e-35 0)
(9.58792e-34 -2.66654e-35 0)
(1.39653e-33 -5.01456e-34 0)
(5.28446e-34 -7.68837e-34 0)
(3.11171e-34 1.01872e-33 0)
(1.08693e-34 2.46122e-34 0)
(6.84738e-35 1.76913e-33 0)
(7.88075e-34 -3.144e-34 0)
(-7.52886e-34 -2.60684e-33 0)
(-1.43596e-33 -5.63186e-34 0)
(8.80547e-35 -7.11394e-35 0)
(6.80073e-34 -3.89303e-34 0)
(-5.01402e-34 -3.28984e-34 0)
(-5.60098e-34 2.1377e-33 0)
(3.97598e-34 1.95974e-33 0)
(5.4661e-34 1.07876e-33 0)
(2.20373e-34 -6.37242e-34 0)
(-4.76205e-34 -7.11253e-34 0)
(-5.63995e-34 -3.5361e-35 0)
(-2.43215e-34 2.03334e-34 0)
(1.17456e-33 -1.54472e-33 0)
(5.0988e-35 -1.5224e-33 0)
(-7.77516e-35 2.23897e-34 0)
(-4.79896e-35 -3.39817e-34 0)
(-4.70054e-34 -2.79858e-34 0)
(-6.32407e-34 -1.08529e-33 0)
(-8.98795e-34 -8.63087e-34 0)
(-6.92274e-34 -1.28118e-36 0)
(-2.68794e-35 3.48498e-34 0)
(5.30562e-34 1.08254e-34 0)
(5.40106e-34 -2.6819e-34 0)
(-8.69151e-35 -2.59186e-34 0)
(-4.26342e-34 6.60688e-34 0)
(-7.78918e-35 9.70294e-34 0)
(5.30586e-36 3.09414e-34 0)
(-1.56111e-34 -8.01531e-35 0)
(-2.63951e-34 -4.22839e-34 0)
(-6.10253e-34 -8.22984e-34 0)
(-8.03329e-34 1.52243e-34 0)
(-4.3044e-34 7.29602e-34 0)
(-7.93023e-36 5.41521e-34 0)
(-3.51802e-35 3.08262e-34 0)
(-2.06578e-34 1.73528e-34 0)
(-3.30694e-34 -6.12857e-35 0)
(-4.4615e-34 -5.34989e-35 0)
(-4.52843e-34 -2.81033e-36 0)
(-5.26161e-34 -3.67624e-35 0)
(-7.83683e-34 -4.85597e-35 0)
(-9.32931e-34 2.89855e-35 0)
(-6.65342e-34 7.03086e-35 0)
(-9.30697e-35 -6.97662e-35 0)
(2.93074e-34 -5.04519e-34 0)
(-3.9007e-34 -8.1877e-34 0)
(-9.43989e-34 1.27425e-34 0)
(-9.98204e-34 4.05345e-34 0)
(-9.30853e-34 8.51466e-34 0)
(-1.09206e-33 -1.39362e-36 0)
(-1.39323e-33 1.50746e-34 0)
(-5.71618e-34 5.68226e-34 0)
(-9.1107e-35 1.17671e-34 0)
(2.74295e-35 2.14393e-34 0)
(1.45997e-34 -7.19419e-35 0)
(4.67571e-35 4.38011e-34 0)
(1.89632e-34 4.06344e-34 0)
(1.64408e-34 4.98024e-35 0)
(-8.90866e-36 -7.16812e-35 0)
(-2.02988e-34 -8.28614e-35 0)
(-5.22871e-34 -4.92094e-35 0)
(-6.55901e-34 6.21588e-35 0)
(-2.83316e-34 8.87139e-35 0)
(1.86173e-34 -8.59307e-35 0)
(1.27344e-34 -4.43092e-34 0)
(-5.57884e-34 -3.59656e-34 0)
(-6.10616e-34 5.547e-34 0)
(-3.29564e-34 3.49169e-34 0)
(-2.69678e-34 2.23537e-34 0)
(-4.08667e-34 -4.76557e-34 0)
(-9.17002e-34 -3.48346e-34 0)
(-8.5923e-34 7.65282e-35 0)
(-2.28765e-34 2.63667e-34 0)
(3.69316e-34 2.24633e-35 0)
(2.70946e-34 -4.97393e-34 0)
(-4.85809e-34 -3.35364e-34 0)
(-9.3414e-34 6.7498e-34 0)
(-6.97046e-34 7.41494e-34 0)
(6.56769e-34 7.73154e-34 0)
(1.15234e-33 -1.8677e-33 0)
(-1.97961e-34 -3.11918e-33 0)
(-9.37264e-34 -1.4251e-33 0)
(-4.39723e-34 4.86406e-34 0)
(3.72746e-34 5.8294e-34 0)
(4.97778e-34 -4.96254e-35 0)
(1.64159e-34 -1.62861e-34 0)
(7.95607e-36 -3.31907e-35 0)
(4.19411e-35 -1.07871e-36 0)
(8.4459e-35 -7.46658e-36 0)
(1.00285e-34 1.21985e-36 0)
(1.08233e-34 8.49726e-36 0)
(1.17509e-34 4.64239e-36 0)
(1.25825e-34 -1.1293e-37 0)
(1.18681e-34 -1.39e-36 0)
(8.82158e-35 6.5093e-37 0)
(6.21949e-35 5.1326e-36 0)
(1.11036e-34 1.38432e-35 0)
(3.18752e-34 1.4756e-35 0)
(5.5055e-34 -5.24359e-35 0)
(3.78706e-34 -1.34975e-34 0)
(-1.45979e-34 -2.02866e-35 0)
(-6.62607e-35 3.08654e-34 0)
(5.77462e-34 1.55616e-34 0)
(6.42937e-34 -8.79847e-34 0)
(-1.30081e-34 -1.22367e-33 0)
(-6.23896e-34 -5.72932e-34 0)
(-3.90657e-34 4.61953e-34 0)
(-1.94898e-34 5.65008e-34 0)
(-4.59484e-35 3.82888e-34 0)
(7.23643e-35 -2.87037e-36 0)
(3.73277e-35 1.88862e-34 0)
(2.90735e-35 2.4061e-34 0)
(-4.52003e-34 2.47179e-34 0)
(-9.61126e-34 1.26978e-33 0)
(5.54201e-35 3.00233e-33 0)
(1.21349e-33 1.31008e-33 0)
(1.04889e-33 1.10346e-34 0)
(7.01349e-34 -7.58567e-35 0)
(3.6668e-34 -8.21658e-35 0)
(-4.45316e-34 8.03594e-35 0)
(-4.80175e-34 5.97428e-34 0)
(9.55528e-34 5.07942e-34 0)
(8.76392e-34 -1.7666e-33 0)
(-2.40951e-34 -1.91505e-33 0)
(-4.88561e-34 -9.50099e-34 0)
(-1.57672e-34 8.52568e-34 0)
(6.21745e-34 8.09618e-34 0)
(6.46999e-34 -1.1255e-36 0)
(1.7173e-34 -1.89127e-34 0)
(-2.88056e-35 -8.12201e-35 0)
(4.25807e-35 -9.14961e-37 0)
(1.68926e-34 2.89853e-36 0)
(2.44175e-34 1.06202e-35 0)
(2.60483e-34 1.79987e-35 0)
(2.46801e-34 8.78699e-36 0)
(2.56211e-34 3.38908e-36 0)
(2.92947e-34 2.19591e-36 0)
(2.73493e-34 -6.58107e-36 0)
(1.87325e-34 -8.36234e-36 0)
(1.44943e-34 -1.57153e-35 0)
(2.06796e-34 -7.67782e-36 0)
(2.01373e-34 -1.61011e-35 0)
(-9.16673e-35 -4.81707e-35 0)
(-2.70988e-34 9.22907e-35 0)
(6.73301e-35 1.26519e-34 0)
(2.89984e-34 -3.40788e-34 0)
(-1.57527e-34 -2.92893e-34 0)
(-1.22577e-33 9.31801e-35 0)
(-1.5546e-33 1.99682e-33 0)
(-6.69266e-35 3.81053e-33 0)
(1.16939e-33 1.72633e-33 0)
(6.60431e-34 -2.11422e-34 0)
(-1.67813e-34 -4.78539e-34 0)
(-2.51326e-34 -3.97035e-35 0)
(1.24304e-35 2.39226e-34 0)
(1.21746e-34 1.42041e-34 0)
(1.07078e-35 -6.9961e-35 0)
(-1.4321e-34 -9.39711e-35 0)
(-1.826e-34 4.16741e-36 0)
(-1.36129e-34 3.15576e-35 0)
(-1.29385e-34 4.61979e-36 0)
(-1.67061e-34 -6.83104e-36 0)
(-2.01894e-34 -3.03563e-36 0)
(-2.11734e-34 -9.66062e-37 0)
(-2.1032e-34 -8.22937e-37 0)
(-2.07114e-34 -3.63956e-37 0)
(-2.01993e-34 2.31568e-37 0)
(-1.93308e-34 4.19909e-37 0)
(-1.80636e-34 4.61802e-37 0)
(-1.63911e-34 3.95427e-37 0)
(-1.42974e-34 3.89869e-38 0)
(-1.16556e-34 7.90051e-38 0)
(-8.37311e-35 4.31967e-37 0)
(-4.87742e-35 1.48289e-36 0)
(-2.46949e-35 3.45498e-36 0)
(-4.39194e-35 6.0388e-36 0)
(-1.45925e-34 1.77037e-35 0)
(-2.81091e-34 4.91216e-35 0)
(-7.20756e-35 9.83114e-35 0)
(7.92217e-34 -2.4641e-35 0)
(8.3405e-34 -6.45835e-34 0)
(-4.73823e-34 -7.12523e-34 0)
(-3.19381e-34 7.6974e-34 0)
(-3.52189e-34 -6.3954e-34 0)
(-9.7197e-34 9.06535e-34 0)
(4.19886e-34 4.67736e-34 0)
(2.14078e-35 -2.16089e-33 0)
(-9.25902e-34 2.01373e-34 0)
(-1.3546e-34 3.8909e-34 0)
(-1.08537e-35 1.00309e-34 0)
(-2.78581e-34 -4.98641e-36 0)
(-4.78314e-34 -6.25456e-35 0)
(-5.63688e-34 -3.65238e-35 0)
(-5.48007e-34 4.27094e-37 0)
(-5.11922e-34 8.37538e-36 0)
(-4.94882e-34 8.93799e-36 0)
(-4.41582e-34 1.44806e-35 0)
(-2.96774e-34 1.97527e-35 0)
(-1.72427e-34 -2.61318e-36 0)
(-3.06655e-34 -3.84302e-35 0)
(-5.85661e-34 2.91435e-36 0)
(-5.18359e-34 7.137e-35 0)
(2.27023e-34 3.60828e-35 0)
(1.10111e-33 -4.00461e-34 0)
(1.28873e-34 -9.57055e-34 0)
(-1.11056e-33 7.09661e-34 0)
(-5.50556e-34 2.39522e-33 0)
(3.66815e-35 1.6552e-33 0)
(-4.57208e-35 4.8795e-34 0)
(-4.85495e-34 -7.79174e-34 0)
(-4.97734e-34 -5.61007e-34 0)
(5.10016e-34 9.11123e-35 0)
(1.13927e-33 -1.9452e-34 0)
(6.02516e-34 -5.31467e-34 0)
(7.18034e-34 2.02988e-34 0)
(3.94044e-34 -1.11339e-33 0)
(-4.45664e-34 -3.02792e-34 0)
(-4.90276e-34 -7.13685e-34 0)
(-7.2474e-34 -5.52544e-34 0)
(-9.75213e-34 1.22166e-34 0)
(-7.48846e-34 1.0843e-33 0)
(1.32668e-34 1.78237e-33 0)
(7.84261e-34 9.89014e-34 0)
(6.80743e-34 2.36274e-34 0)
(3.47334e-34 1.41085e-35 0)
(1.52086e-34 -2.23702e-35 0)
(1.03401e-34 -3.61526e-35 0)
(1.21424e-34 -1.53496e-35 0)
(1.60569e-34 2.5865e-35 0)
(1.93797e-34 2.11996e-35 0)
(1.99032e-34 -4.86325e-36 0)
(1.90538e-34 -1.48193e-35 0)
(1.89068e-34 -4.32745e-36 0)
(2.0079e-34 5.36384e-36 0)
(2.15761e-34 5.97419e-36 0)
(2.25575e-34 4.442e-36 0)
(2.26001e-34 2.42857e-36 0)
(2.14136e-34 1.6729e-36 0)
(1.97559e-34 5.57123e-36 0)
(1.6752e-34 1.35389e-35 0)
(9.45268e-35 4.37688e-35 0)
(-4.62125e-35 1.17803e-34 0)
(-1.05372e-34 2.93886e-34 0)
(2.62584e-34 4.48133e-34 0)
(6.04537e-34 9.17833e-36 0)
(6.68134e-34 -4.52676e-34 0)
(5.59638e-34 -2.54446e-34 0)
(1.902e-34 7.78993e-35 0)
(3.20842e-34 3.54584e-34 0)
(4.7145e-34 -4.00266e-34 0)
(1.07938e-34 -4.92707e-34 0)
(-1.38681e-34 -5.14534e-34 0)
(-1.66649e-35 2.26825e-35 0)
(3.83363e-34 5.87863e-34 0)
(7.6875e-34 6.25038e-34 0)
(8.82109e-34 2.15565e-34 0)
(6.83757e-34 -4.74905e-36 0)
(4.77293e-34 -2.15021e-35 0)
(3.72692e-34 -3.39252e-35 0)
(3.45789e-34 -1.79726e-35 0)
(3.81844e-34 4.59079e-36 0)
(3.5935e-34 7.10736e-36 0)
(2.93906e-34 3.63061e-35 0)
(4.01127e-34 5.14639e-35 0)
(8.46849e-34 -3.65744e-35 0)
(1.23327e-33 -5.15764e-34 0)
(7.21698e-34 -8.9528e-34 0)
(4.38781e-34 5.27593e-35 0)
(1.9012e-34 -5.03864e-34 0)
(-2.52193e-35 2.78009e-34 0)
(1.70359e-34 -8.39391e-34 0)
(-7.42512e-34 -1.89361e-33 0)
(-1.01571e-33 -5.96388e-34 0)
(1.33179e-34 -1.5941e-34 0)
(6.30072e-34 -4.159e-34 0)
(-1.05757e-34 -4.27895e-34 0)
(-2.29345e-34 9.99762e-34 0)
(2.10744e-34 7.3948e-34 0)
(1.72117e-34 2.95653e-34 0)
(-3.73299e-35 -5.17008e-34 0)
(-3.663e-34 -5.25059e-34 0)
(-3.93855e-34 -6.26989e-35 0)
(-1.81876e-34 1.51135e-34 0)
(9.46978e-34 -1.36639e-33 0)
(3.4853e-34 -1.42188e-33 0)
(1.08322e-34 -6.44614e-34 0)
(-1.33283e-34 -9.57691e-34 0)
(-5.10885e-34 -8.09801e-34 0)
(-6.28165e-34 -8.60853e-34 0)
(-6.4721e-34 -5.4359e-34 0)
(-4.43907e-34 1.00003e-35 0)
(-5.68489e-36 2.42136e-34 0)
(3.91265e-34 6.5905e-35 0)
(4.44618e-34 -2.45652e-34 0)
(7.18093e-35 -3.05554e-34 0)
(-2.06401e-34 1.89639e-34 0)
(-1.22765e-34 3.68164e-34 0)
(-1.48822e-34 1.16829e-34 0)
(-2.67068e-34 -9.57572e-36 0)
(-3.51936e-34 -1.44542e-34 0)
(-4.93909e-34 -1.82454e-34 0)
(-5.39358e-34 2.56848e-34 0)
(-3.56405e-34 6.17504e-34 0)
(-1.11745e-34 4.81247e-34 0)
(-1.27011e-34 2.30972e-34 0)
(-2.77761e-34 1.2048e-34 0)
(-3.75048e-34 -2.11738e-35 0)
(-4.39201e-34 -3.54811e-35 0)
(-4.51371e-34 -1.33625e-35 0)
(-5.34652e-34 -3.97336e-35 0)
(-7.65832e-34 -3.74528e-35 0)
(-9.03828e-34 5.11001e-35 0)
(-6.90437e-34 9.40528e-35 0)
(-2.27546e-34 -6.61039e-35 0)
(1.11794e-34 -4.93987e-34 0)
(-3.15982e-34 -8.73574e-34 0)
(-7.46427e-34 -3.59066e-34 0)
(-8.74862e-34 -2.11833e-34 0)
(-9.56046e-34 1.28742e-34 0)
(-1.12407e-33 -1.29956e-34 0)
(-1.22835e-33 2.81906e-34 0)
(-5.63736e-34 6.77338e-34 0)
(-1.41727e-34 3.72865e-34 0)
(-1.73171e-36 4.92955e-34 0)
(1.45028e-34 2.45389e-34 0)
(9.68353e-35 3.88309e-34 0)
(1.15308e-34 3.2371e-34 0)
(7.4337e-35 6.48675e-35 0)
(-3.8179e-35 -4.98264e-35 0)
(-1.99981e-34 -7.30562e-35 0)
(-4.91848e-34 -4.09217e-35 0)
(-6.25225e-34 7.8774e-35 0)
(-3.15738e-34 1.14028e-34 0)
(7.40923e-35 -8.34738e-35 0)
(6.07752e-35 -4.31115e-34 0)
(-4.10025e-34 -4.40564e-34 0)
(-5.0901e-34 1.00134e-34 0)
(-3.82564e-34 -6.27197e-35 0)
(-3.77884e-34 -8.36979e-35 0)
(-4.68533e-34 -4.09124e-34 0)
(-8.05369e-34 -2.17076e-34 0)
(-7.54354e-34 1.37237e-34 0)
(-2.4968e-34 2.47225e-34 0)
(2.22841e-34 -1.29908e-35 0)
(1.91888e-34 -4.85542e-34 0)
(-3.19287e-34 -4.4377e-34 0)
(-7.59476e-34 1.6192e-34 0)
(-6.65362e-34 3.53931e-34 0)
(2.63106e-34 4.08186e-34 0)
(6.19179e-34 -1.26515e-33 0)
(-1.03165e-34 -1.73047e-33 0)
(-4.35593e-34 -7.79827e-34 0)
(-1.44215e-34 3.40072e-34 0)
(2.97151e-34 4.51274e-34 0)
(3.74717e-34 1.00907e-35 0)
(1.58565e-34 -1.27337e-34 0)
(3.38392e-35 -4.92537e-35 0)
(4.87057e-35 -1.04783e-35 0)
(8.56272e-35 -5.9522e-36 0)
(1.02746e-34 1.18307e-36 0)
(1.08869e-34 6.7244e-36 0)
(1.16211e-34 4.46826e-36 0)
(1.24736e-34 4.46008e-37 0)
(1.18808e-34 -1.31484e-36 0)
(8.96098e-35 1.98995e-36 0)
(6.44526e-35 8.70319e-36 0)
(1.11713e-34 1.2995e-35 0)
(3.05625e-34 1.44536e-36 0)
(5.23474e-34 -7.7256e-35 0)
(3.85321e-34 -1.61104e-34 0)
(-6.62246e-35 -2.69277e-35 0)
(-2.94959e-35 3.28042e-34 0)
(4.12754e-34 2.30887e-34 0)
(4.62369e-34 -4.60143e-34 0)
(-7.41432e-35 -6.42859e-34 0)
(-4.0288e-34 -1.49197e-34 0)
(-2.53057e-34 4.3239e-34 0)
(-2.03456e-34 4.59933e-34 0)
(-1.2197e-34 3.82343e-34 0)
(3.34021e-35 9.32507e-35 0)
(6.84604e-35 1.48185e-34 0)
(4.48087e-35 2.35738e-34 0)
(-3.07296e-34 2.66045e-34 0)
(-6.10526e-34 1.03275e-33 0)
(5.86652e-35 2.07378e-33 0)
(8.43704e-34 1.03448e-33 0)
(8.57596e-34 1.24365e-34 0)
(6.72436e-34 -4.44268e-35 0)
(3.89134e-34 -5.85908e-35 0)
(-3.3863e-34 1.00329e-34 0)
(-4.07394e-34 6.41378e-34 0)
(6.43609e-34 6.10815e-34 0)
(5.92718e-34 -1.10215e-33 0)
(-1.22709e-34 -8.9357e-34 0)
(-1.74163e-34 -3.85303e-34 0)
(5.27769e-35 7.41882e-34 0)
(5.08083e-34 7.04289e-34 0)
(5.08136e-34 4.48872e-35 0)
(1.55107e-34 -1.59847e-34 0)
(-3.98364e-36 -9.35724e-35 0)
(5.59521e-35 -1.4088e-35 0)
(1.71519e-34 2.00966e-36 0)
(2.46247e-34 1.07133e-35 0)
(2.60192e-34 1.77472e-35 0)
(2.44889e-34 9.53424e-36 0)
(2.55311e-34 4.62212e-36 0)
(2.91219e-34 2.60344e-36 0)
(2.71797e-34 -9.06198e-36 0)
(1.86465e-34 -9.76287e-36 0)
(1.45318e-34 -1.20008e-35 0)
(2.06586e-34 -6.15799e-36 0)
(1.95654e-34 -1.2282e-35 0)
(-7.70561e-35 -4.26139e-35 0)
(-2.51407e-34 9.59753e-35 0)
(1.33855e-35 8.03424e-35 0)
(2.29284e-34 -2.88239e-34 0)
(-1.11414e-34 -3.93991e-34 0)
(-9.47962e-34 -1.74196e-35 0)
(-1.14256e-33 1.4691e-33 0)
(-1.08753e-34 2.59183e-33 0)
(7.17772e-34 1.17711e-33 0)
(4.11253e-34 -2.26751e-34 0)
(-1.3874e-34 -3.57107e-34 0)
(-1.63599e-34 8.49927e-36 0)
(3.28461e-35 2.03001e-34 0)
(8.25895e-35 1.21475e-34 0)
(-1.99958e-35 -5.19895e-35 0)
(-1.34507e-34 -8.05732e-35 0)
(-1.65981e-34 -2.35947e-36 0)
(-1.35436e-34 2.79724e-35 0)
(-1.34456e-34 7.17189e-36 0)
(-1.68305e-34 -4.1931e-36 0)
(-2.01223e-34 -2.56846e-36 0)
(-2.11441e-34 -1.22401e-36 0)
(-2.10221e-34 -1.01165e-36 0)
(-2.06965e-34 -5.48687e-37 0)
(-2.01893e-34 -7.56623e-38 0)
(-1.93295e-34 -6.50829e-38 0)
(-1.80671e-34 -2.75973e-37 0)
(-1.64009e-34 -6.77429e-37 0)
(-1.43047e-34 -1.33711e-36 0)
(-1.16516e-34 -1.49556e-36 0)
(-8.35301e-35 -1.3544e-36 0)
(-4.82498e-35 -3.82349e-37 0)
(-2.37293e-35 2.8195e-36 0)
(-4.11427e-35 9.19798e-36 0)
(-1.38502e-34 2.76953e-35 0)
(-2.68616e-34 6.45965e-35 0)
(-8.58037e-35 1.02611e-34 0)
(6.70679e-34 -4.66556e-35 0)
(7.19945e-34 -6.90254e-34 0)
(-2.85135e-34 -7.97343e-34 0)
(-3.08283e-34 2.92551e-34 0)
(-3.44684e-34 -6.84902e-34 0)
(-8.03897e-34 3.16002e-34 0)
(5.42065e-35 2.97237e-34 0)
(-1.16967e-35 -1.35168e-33 0)
(-5.87755e-34 1.30259e-34 0)
(-1.4332e-34 3.52694e-34 0)
(-7.27589e-35 1.1303e-34 0)
(-3.05775e-34 3.68496e-36 0)
(-4.84008e-34 -5.13317e-35 0)
(-5.54278e-34 -3.5728e-35 0)
(-5.40673e-34 -4.51856e-36 0)
(-5.10121e-34 5.54317e-36 0)
(-4.93619e-34 9.24147e-36 0)
(-4.40029e-34 1.37878e-35 0)
(-3.00429e-34 1.30452e-35 0)
(-1.82793e-34 -1.31205e-35 0)
(-3.04186e-34 -4.4001e-35 0)
(-5.63365e-34 1.61044e-35 0)
(-5.13043e-34 1.04098e-34 0)
(1.36575e-34 4.05149e-35 0)
(9.09636e-34 -4.44619e-34 0)
(2.60133e-34 -1.09505e-33 0)
(-6.506e-34 -1.79276e-35 0)
(-4.34684e-34 9.13898e-34 0)
(-2.26968e-34 4.91368e-34 0)
(-3.51132e-34 -1.57511e-34 0)
(-5.7813e-34 -6.50391e-34 0)
(-3.49152e-34 -3.38005e-34 0)
(5.42604e-34 6.43544e-35 0)
(1.01264e-33 -3.15402e-34 0)
(6.33973e-34 -6.54286e-34 0)
(6.10366e-34 -3.05131e-34 0)
(3.08593e-34 -1.17868e-33 0)
(-3.5555e-34 -6.93753e-34 0)
(-4.79706e-34 -6.78268e-34 0)
(-5.70743e-34 -4.51713e-34 0)
(-6.93625e-34 9.60061e-35 0)
(-4.87474e-34 8.45482e-34 0)
(1.14933e-34 1.23742e-33 0)
(5.45745e-34 7.69182e-34 0)
(5.09905e-34 2.3174e-34 0)
(2.92869e-34 4.9278e-36 0)
(1.44732e-34 -3.72022e-35 0)
(1.08374e-34 -2.6553e-35 0)
(1.3203e-34 -4.22799e-36 0)
(1.65696e-34 1.94233e-35 0)
(1.8837e-34 1.3273e-35 0)
(1.92949e-34 -4.46405e-36 0)
(1.90536e-34 -1.15182e-35 0)
(1.92643e-34 -4.48888e-36 0)
(2.02877e-34 3.5236e-36 0)
(2.15761e-34 5.16145e-36 0)
(2.24912e-34 4.20909e-36 0)
(2.25495e-34 2.52961e-36 0)
(2.15033e-34 2.67152e-36 0)
(2.00562e-34 8.4383e-36 0)
(1.76325e-34 1.95232e-35 0)
(1.17802e-34 5.2705e-35 0)
(7.7908e-36 1.30739e-34 0)
(-3.57547e-35 2.98608e-34 0)
(2.15859e-34 4.39789e-34 0)
(4.6149e-34 1.51097e-34 0)
(6.08347e-34 -6.74581e-35 0)
(6.10826e-34 -1.22246e-34 0)
(2.86919e-34 4.71716e-36 0)
(2.53613e-34 1.97134e-34 0)
(3.25414e-34 -1.75577e-34 0)
(1.13668e-34 -2.75535e-34 0)
(-7.55464e-36 -9.04273e-35 0)
(1.66103e-34 2.72411e-34 0)
(4.75296e-34 5.34514e-34 0)
(6.95913e-34 5.28482e-34 0)
(7.51505e-34 2.37888e-34 0)
(6.23295e-34 2.63092e-35 0)
(4.67283e-34 -2.20529e-35 0)
(3.75243e-34 -2.84035e-35 0)
(3.54352e-34 -1.08064e-35 0)
(3.86379e-34 4.99001e-36 0)
(3.66567e-34 3.48947e-36 0)
(3.05477e-34 3.2166e-35 0)
(3.82764e-34 5.36839e-35 0)
(7.11369e-34 -4.15119e-35 0)
(1.01926e-33 -4.72725e-34 0)
(7.61758e-34 -8.89e-34 0)
(4.70994e-34 -5.37904e-34 0)
(2.02187e-34 -8.88392e-34 0)
(-7.79064e-35 -5.40207e-34 0)
(-1.46516e-34 -9.84272e-34 0)
(-6.31086e-34 -1.30728e-33 0)
(-6.64871e-34 -4.71417e-34 0)
(1.67668e-34 -1.56612e-34 0)
(5.55969e-34 -4.05532e-34 0)
(1.29823e-34 -4.84826e-34 0)
(-4.13341e-35 2.00342e-34 0)
(7.83263e-35 3.28093e-35 0)
(-1.7071e-35 -1.54299e-34 0)
(-1.45589e-34 -4.15841e-34 0)
(-2.63611e-34 -3.5523e-34 0)
(-2.48535e-34 -6.70514e-35 0)
(-1.16889e-34 9.72252e-35 0)
(7.3959e-34 -1.00148e-33 0)
(4.47368e-34 -1.10709e-33 0)
(1.7955e-34 -9.0723e-34 0)
(-1.34721e-34 -1.01798e-33 0)
(-3.98692e-34 -8.4407e-34 0)
(-4.65484e-34 -6.2439e-34 0)
(-4.08839e-34 -3.14017e-34 0)
(-2.56828e-34 2.05127e-35 0)
(3.73043e-36 1.55337e-34 0)
(2.60481e-34 2.98015e-35 0)
(3.32614e-34 -2.08292e-34 0)
(1.42693e-34 -3.0218e-34 0)
(-6.53037e-35 -8.45574e-35 0)
(-1.11082e-34 3.6356e-35 0)
(-1.87554e-34 -3.55809e-36 0)
(-2.876e-34 1.91177e-35 0)
(-3.47178e-34 1.92812e-35 0)
(-3.99051e-34 9.85322e-35 0)
(-3.90686e-34 2.79006e-34 0)
(-3.14647e-34 4.46819e-34 0)
(-2.10206e-34 3.67667e-34 0)
(-2.24423e-34 1.75025e-34 0)
(-3.36275e-34 8.63645e-35 0)
(-4.10593e-34 7.02157e-36 0)
(-4.43326e-34 -1.81571e-35 0)
(-4.55538e-34 -1.96037e-35 0)
(-5.37924e-34 -3.51283e-35 0)
(-7.36617e-34 -1.46957e-35 0)
(-8.65676e-34 7.55257e-35 0)
(-7.24785e-34 1.14312e-34 0)
(-3.88722e-34 -4.48563e-35 0)
(-1.11963e-34 -4.21954e-34 0)
(-3.34165e-34 -7.90913e-34 0)
(-6.26661e-34 -5.7428e-34 0)
(-7.61174e-34 -4.86449e-34 0)
(-8.79825e-34 -1.9701e-34 0)
(-1.00302e-33 -1.25058e-34 0)
(-9.98202e-34 3.35385e-34 0)
(-5.23931e-34 6.75923e-34 0)
(-1.77899e-34 5.12043e-34 0)
(-3.26672e-35 5.68857e-34 0)
(9.07067e-35 3.90513e-34 0)
(7.64237e-35 3.42592e-34 0)
(3.88443e-35 2.4878e-34 0)
(-8.24932e-36 6.97238e-35 0)
(-7.32624e-35 -2.85252e-35 0)
(-1.99196e-34 -5.33342e-35 0)
(-4.52805e-34 -1.79768e-35 0)
(-5.84348e-34 9.60713e-35 0)
(-3.57327e-34 1.31967e-34 0)
(-6.1178e-35 -6.18111e-35 0)
(-3.5901e-35 -3.63972e-34 0)
(-3.29009e-34 -4.38938e-34 0)
(-4.46578e-34 -1.64177e-34 0)
(-4.07825e-34 -2.60952e-34 0)
(-4.13624e-34 -2.09218e-34 0)
(-4.60355e-34 -2.94954e-34 0)
(-6.78689e-34 -9.67077e-35 0)
(-6.59701e-34 1.77291e-34 0)
(-2.95398e-34 2.28007e-34 0)
(5.43944e-35 -2.8218e-35 0)
(8.44573e-35 -4.22373e-34 0)
(-2.19737e-34 -4.60816e-34 0)
(-5.99885e-34 -1.21382e-34 0)
(-5.89309e-34 1.3411e-34 0)
(-1.72599e-36 2.41643e-34 0)
(2.86506e-34 -6.64238e-34 0)
(1.3989e-36 -7.91911e-34 0)
(-1.07097e-34 -2.90207e-34 0)
(5.29221e-35 2.51542e-34 0)
(2.41604e-34 3.15763e-34 0)
(2.65498e-34 4.0476e-35 0)
(1.38639e-34 -8.76893e-35 0)
(5.40637e-35 -5.4858e-35 0)
(5.96011e-35 -1.96487e-35 0)
(8.93255e-35 -6.57262e-36 0)
(1.05277e-34 1.19891e-36 0)
(1.09528e-34 5.19471e-36 0)
(1.15086e-34 3.32175e-36 0)
(1.23578e-34 1.91508e-37 0)
(1.19309e-34 -5.23625e-37 0)
(9.21704e-35 5.30035e-36 0)
(6.6354e-35 1.38234e-35 0)
(1.07828e-34 8.33311e-36 0)
(2.8389e-34 -2.32796e-35 0)
(4.8878e-34 -1.09885e-34 0)
(3.97898e-34 -1.80119e-34 0)
(3.79716e-35 -3.30716e-35 0)
(3.19663e-35 3.0943e-34 0)
(2.93011e-34 2.82401e-34 0)
(3.27756e-34 -1.04776e-34 0)
(-1.75499e-35 -2.25989e-34 0)
(-2.41016e-34 1.12871e-34 0)
(-1.77255e-34 3.75244e-34 0)
(-2.12805e-34 3.51432e-34 0)
(-1.73903e-34 3.24864e-34 0)
(-1.15675e-35 1.68983e-34 0)
(8.61502e-35 1.39137e-34 0)
(7.16147e-35 2.26653e-34 0)
(-1.759e-34 2.73908e-34 0)
(-3.42275e-34 7.87762e-34 0)
(5.74095e-35 1.3542e-33 0)
(5.51567e-34 7.70579e-34 0)
(6.80935e-34 1.35214e-34 0)
(6.38473e-34 -2.01438e-35 0)
(4.15953e-34 -2.67227e-35 0)
(-2.07534e-34 1.40369e-34 0)
(-3.05768e-34 6.41526e-34 0)
(3.81329e-34 6.77016e-34 0)
(3.83956e-34 -4.70441e-34 0)
(-4.92518e-36 -1.95601e-34 0)
(3.65875e-35 5.95895e-35 0)
(1.91402e-34 6.3683e-34 0)
(3.96206e-34 5.6921e-34 0)
(3.67369e-34 7.44814e-35 0)
(1.25701e-34 -1.22016e-34 0)
(1.74146e-35 -9.7814e-35 0)
(7.34504e-35 -2.78526e-35 0)
(1.77085e-34 -2.74023e-36 0)
(2.49223e-34 8.46412e-36 0)
(2.60152e-34 1.85653e-35 0)
(2.42679e-34 1.12065e-35 0)
(2.54021e-34 3.08286e-36 0)
(2.8865e-34 8.16015e-37 0)
(2.69644e-34 -8.53488e-36 0)
(1.86525e-34 -7.00852e-36 0)
(1.4607e-34 -8.52328e-36 0)
(2.0676e-34 -9.02917e-36 0)
(1.905e-34 2.35796e-36 0)
(-5.91028e-35 -1.63139e-35 0)
(-2.34604e-34 1.09351e-34 0)
(-4.66597e-35 5.88187e-35 0)
(1.48108e-34 -2.40489e-34 0)
(-8.01605e-35 -4.25552e-34 0)
(-6.84448e-34 -1.10275e-34 0)
(-8.01282e-34 9.37041e-34 0)
(-1.54745e-34 1.58677e-33 0)
(3.48656e-34 7.13165e-34 0)
(2.1293e-34 -2.00178e-34 0)
(-9.6093e-35 -2.2797e-34 0)
(-8.50348e-35 5.44704e-35 0)
(4.53302e-35 1.62001e-34 0)
(4.48304e-35 9.57579e-35 0)
(-5.04756e-35 -3.3822e-35 0)
(-1.28237e-34 -6.12528e-35 0)
(-1.49352e-34 -7.1569e-36 0)
(-1.33058e-34 2.35442e-35 0)
(-1.39323e-34 9.68697e-36 0)
(-1.70146e-34 -5.43227e-37 0)
(-2.01012e-34 -1.44012e-36 0)
(-2.11257e-34 -1.364e-36 0)
(-2.10104e-34 -1.2491e-36 0)
(-2.06817e-34 -8.26345e-37 0)
(-2.01845e-34 -6.06384e-37 0)
(-1.93383e-34 -9.83319e-37 0)
(-1.80849e-34 -1.60146e-36 0)
(-1.64273e-34 -2.45041e-36 0)
(-1.43254e-34 -3.59736e-36 0)
(-1.16572e-34 -4.19348e-36 0)
(-8.33673e-35 -4.47809e-36 0)
(-4.73503e-35 -3.70429e-36 0)
(-2.13552e-35 1.35325e-36 0)
(-3.52582e-35 1.38639e-35 0)
(-1.26823e-34 4.30376e-35 0)
(-2.557e-34 8.51869e-35 0)
(-1.1129e-34 9.42711e-35 0)
(5.17475e-34 -8.38499e-35 0)
(5.73209e-34 -6.73963e-34 0)
(-1.37554e-34 -8.15509e-34 0)
(-2.80471e-34 -9.79214e-35 0)
(-3.42801e-34 -6.43802e-34 0)
(-6.27509e-34 -5.77166e-35 0)
(-1.53283e-34 1.70016e-34 0)
(-3.37641e-35 -7.19483e-34 0)
(-3.27932e-34 1.05397e-34 0)
(-1.41006e-34 2.99588e-34 0)
(-1.36567e-34 1.21706e-34 0)
(-3.38585e-34 1.74162e-35 0)
(-4.92916e-34 -3.61767e-35 0)
(-5.46753e-34 -3.32456e-35 0)
(-5.32804e-34 -1.02206e-35 0)
(-5.06675e-34 2.33793e-36 0)
(-4.91758e-34 9.92309e-36 0)
(-4.40363e-34 9.12128e-36 0)
(-3.07219e-34 -3.72606e-36 0)
(-1.94037e-34 -2.84104e-35 0)
(-2.94768e-34 -4.07323e-35 0)
(-5.2783e-34 3.90601e-35 0)
(-5.09324e-34 1.35174e-34 0)
(1.17828e-35 4.02717e-35 0)
(6.54915e-34 -4.44703e-34 0)
(2.85672e-34 -1.09267e-33 0)
(-3.40639e-34 -5.23611e-34 0)
(-3.55541e-34 -6.68576e-35 0)
(-3.74908e-34 -2.16878e-34 0)
(-4.80851e-34 -4.47878e-34 0)
(-5.43565e-34 -4.74916e-34 0)
(-2.12003e-34 -1.65424e-34 0)
(5.11757e-34 1.89069e-35 0)
(8.43541e-34 -3.83707e-34 0)
(6.00736e-34 -7.06378e-34 0)
(5.01811e-34 -6.15933e-34 0)
(2.36875e-34 -1.11768e-33 0)
(-2.35978e-34 -8.51945e-34 0)
(-3.80134e-34 -6.28995e-34 0)
(-3.98689e-34 -3.66676e-34 0)
(-4.31664e-34 5.66935e-35 0)
(-2.71586e-34 5.85438e-34 0)
(9.95553e-35 8.08494e-34 0)
(3.60254e-34 5.3928e-34 0)
(3.54682e-34 1.88979e-34 0)
(2.30715e-34 2.82929e-36 0)
(1.38622e-34 -3.76993e-35 0)
(1.183e-34 -1.90725e-35 0)
(1.41449e-34 1.67598e-36 0)
(1.67946e-34 1.34632e-35 0)
(1.83238e-34 6.36196e-36 0)
(1.88144e-34 -5.12125e-36 0)
(1.90544e-34 -9.24485e-36 0)
(1.95788e-34 -4.61754e-36 0)
(2.05166e-34 1.58445e-36 0)
(2.16105e-34 3.64295e-36 0)
(2.24386e-34 3.24488e-36 0)
(2.25332e-34 2.46103e-36 0)
(2.16977e-34 4.05193e-36 0)
(2.05592e-34 1.15928e-35 0)
(1.88538e-34 2.53367e-35 0)
(1.47352e-34 5.98392e-35 0)
(7.06548e-35 1.36128e-34 0)
(4.17565e-35 2.8277e-34 0)
(1.94462e-34 4.05133e-34 0)
(3.66946e-34 2.5002e-34 0)
(5.3553e-34 1.39387e-34 0)
(5.86998e-34 3.40121e-36 0)
(3.41078e-34 1.02061e-35 0)
(2.37332e-34 1.41927e-34 0)
(2.46682e-34 1.10273e-35 0)
(1.53894e-34 -2.08747e-35 0)
(1.34512e-34 1.66755e-34 0)
(2.88611e-34 4.05229e-34 0)
(5.04929e-34 4.8819e-34 0)
(6.18445e-34 4.27375e-34 0)
(6.28684e-34 2.22798e-34 0)
(5.50347e-34 4.885e-35 0)
(4.48436e-34 -1.23161e-35 0)
(3.78591e-34 -1.99712e-35 0)
(3.63069e-34 -5.78608e-36 0)
(3.89059e-34 4.40554e-36 0)
(3.73566e-34 2.16484e-36 0)
(3.20625e-34 2.78561e-35 0)
(3.61807e-34 5.16948e-35 0)
(5.66057e-34 -3.68116e-35 0)
(7.7851e-34 -3.8012e-34 0)
(6.74668e-34 -7.53632e-34 0)
(4.30624e-34 -7.30462e-34 0)
(1.87036e-34 -9.22352e-34 0)
(-7.25378e-35 -7.71304e-34 0)
(-2.24615e-34 -8.36379e-34 0)
(-4.51676e-34 -8.12704e-34 0)
(-3.87733e-34 -2.91626e-34 0)
(1.65168e-34 -1.10594e-34 0)
(4.4289e-34 -3.48381e-34 0)
(2.20688e-34 -4.74114e-34 0)
(5.18503e-35 -2.19503e-34 0)
(1.67831e-35 -2.79162e-34 0)
(-6.98152e-35 -3.20844e-34 0)
(-1.40328e-34 -3.26565e-34 0)
(-1.65385e-34 -2.27897e-34 0)
(-1.35208e-34 -5.44203e-35 0)
(-6.1423e-35 5.61203e-35 0)
(5.47179e-34 -5.33563e-34 0)
(4.04946e-34 -6.99024e-34 0)
(1.64733e-34 -7.67948e-34 0)
(-8.9082e-35 -7.96771e-34 0)
(-2.46246e-34 -6.42645e-34 0)
(-2.74944e-34 -4.06677e-34 0)
(-2.23806e-34 -1.63385e-34 0)
(-1.38457e-34 3.63126e-35 0)
(1.92183e-37 1.07878e-34 0)
(1.56219e-34 1.60194e-35 0)
(2.29999e-34 -1.61289e-34 0)
(1.47713e-34 -2.62904e-34 0)
(7.21262e-36 -1.94184e-34 0)
(-6.94149e-35 -1.12842e-34 0)
(-1.56416e-34 -7.29323e-35 0)
(-2.49758e-34 7.40494e-36 0)
(-3.00165e-34 6.47956e-35 0)
(-3.33407e-34 1.56522e-34 0)
(-3.27276e-34 2.32198e-34 0)
(-3.0271e-34 2.91151e-34 0)
(-2.77031e-34 2.50963e-34 0)
(-2.97975e-34 1.32264e-34 0)
(-3.79187e-34 6.93305e-35 0)
(-4.37973e-34 2.23042e-35 0)
(-4.55669e-34 -8.00408e-36 0)
(-4.61605e-34 -2.45085e-35 0)
(-5.31297e-34 -2.98615e-35 0)
(-6.99994e-34 7.74995e-36 0)
(-8.27694e-34 9.93395e-35 0)
(-7.60832e-34 1.42644e-34 0)
(-5.39645e-34 9.93693e-36 0)
(-3.2058e-34 -2.90822e-34 0)
(-4.07544e-34 -6.08761e-34 0)
(-5.74636e-34 -5.55459e-34 0)
(-6.6014e-34 -5.05377e-34 0)
(-7.47465e-34 -2.63732e-34 0)
(-8.20436e-34 -7.12189e-35 0)
(-7.77876e-34 3.23306e-34 0)
(-4.63062e-34 5.95115e-34 0)
(-2.01039e-34 5.27121e-34 0)
(-6.90026e-35 5.29279e-34 0)
(1.92693e-35 4.02991e-34 0)
(1.72665e-35 2.95591e-34 0)
(-3.32298e-35 1.9246e-34 0)
(-7.55382e-35 6.24042e-35 0)
(-1.04542e-34 -2.00324e-35 0)
(-1.94191e-34 -3.56635e-35 0)
(-4.12027e-34 1.00108e-35 0)
(-5.45498e-34 1.16714e-34 0)
(-3.98931e-34 1.55383e-34 0)
(-1.86213e-34 -1.30714e-35 0)
(-1.37173e-34 -2.50632e-34 0)
(-3.09472e-34 -3.61419e-34 0)
(-4.17963e-34 -2.35492e-34 0)
(-4.04575e-34 -2.92052e-34 0)
(-3.92332e-34 -2.06988e-34 0)
(-4.09413e-34 -1.76221e-34 0)
(-5.6653e-34 -2.90056e-36 0)
(-5.91425e-34 2.01851e-34 0)
(-3.53087e-34 2.22438e-34 0)
(-1.01324e-34 -5.69188e-36 0)
(-2.36382e-35 -3.15853e-34 0)
(-1.73548e-34 -3.92468e-34 0)
(-4.68051e-34 -1.89863e-34 0)
(-4.86169e-34 7.59626e-35 0)
(-1.16981e-34 2.30153e-34 0)
(1.26027e-34 -1.904e-34 0)
(7.47581e-35 -2.24066e-34 0)
(5.64852e-35 1.29959e-35 0)
(1.39967e-34 2.10712e-34 0)
(1.98011e-34 2.1041e-34 0)
(1.85537e-34 4.13248e-35 0)
(1.13337e-34 -5.94277e-35 0)
(6.51744e-35 -5.22124e-35 0)
(7.12082e-35 -2.50291e-35 0)
(9.53889e-35 -7.97886e-36 0)
(1.08181e-34 1.50753e-36 0)
(1.0983e-34 4.56601e-36 0)
(1.13934e-34 1.46695e-36 0)
(1.23022e-34 -1.37972e-36 0)
(1.21169e-34 7.19941e-38 0)
(9.6105e-35 9.79585e-36 0)
(6.56952e-35 2.18379e-35 0)
(9.48355e-35 5.27494e-36 0)
(2.53068e-34 -5.01328e-35 0)
(4.54621e-34 -1.46634e-34 0)
(4.19048e-34 -2.05567e-34 0)
(1.46492e-34 -5.32114e-35 0)
(1.08009e-34 2.61336e-34 0)
(2.38216e-34 2.98918e-34 0)
(2.47225e-34 1.28877e-34 0)
(1.68989e-35 1.77328e-35 0)
(-1.51785e-34 2.23749e-34 0)
(-1.54879e-34 3.01207e-34 0)
(-2.2469e-34 2.65123e-34 0)
(-1.96451e-34 2.55077e-34 0)
(-4.31055e-35 2.16008e-34 0)
(9.15254e-35 1.52168e-34 0)
(1.00265e-34 2.18804e-34 0)
(-8.04101e-35 2.60459e-34 0)
(-1.7674e-34 5.74451e-34 0)
(5.27552e-35 8.6051e-34 0)
(3.58487e-34 5.49157e-34 0)
(5.42688e-34 1.27307e-34 0)
(6.08013e-34 -1.41003e-35 0)
(4.53006e-34 -7.20608e-36 0)
(-7.57439e-35 1.74711e-34 0)
(-1.96264e-34 6.11948e-34 0)
(2.16129e-34 7.15268e-34 0)
(2.56917e-34 5.80685e-36 0)
(8.01836e-35 2.25716e-34 0)
(1.39712e-34 3.28303e-34 0)
(2.43754e-34 5.48013e-34 0)
(2.95442e-34 4.38478e-34 0)
(2.47674e-34 7.67001e-35 0)
(8.98e-35 -9.00693e-35 0)
(3.0795e-35 -9.39621e-35 0)
(9.13911e-35 -3.69024e-35 0)
(1.85095e-34 -8.92575e-36 0)
(2.54191e-34 4.21574e-36 0)
(2.6127e-34 2.08284e-35 0)
(2.39184e-34 1.45362e-35 0)
(2.51477e-34 -1.256e-36 0)
(2.87085e-34 -4.00133e-36 0)
(2.69056e-34 -6.58975e-36 0)
(1.86466e-34 -6.96938e-37 0)
(1.44485e-34 -4.04364e-36 0)
(2.106e-34 -1.61573e-35 0)
(1.93523e-34 2.45942e-35 0)
(-3.97026e-35 2.23835e-35 0)
(-2.25491e-34 1.40547e-34 0)
(-1.07503e-34 7.22454e-35 0)
(6.21843e-35 -1.83699e-34 0)
(-6.82056e-35 -4.05276e-34 0)
(-4.86612e-34 -1.8396e-34 0)
(-5.69089e-34 4.95308e-34 0)
(-1.86062e-34 8.59325e-34 0)
(1.08862e-34 3.83758e-34 0)
(9.00493e-35 -1.51331e-34 0)
(-4.96914e-35 -1.21467e-34 0)
(-2.8475e-35 8.88212e-35 0)
(4.66514e-35 1.2641e-34 0)
(1.36693e-35 7.09952e-35 0)
(-7.53899e-35 -2.14163e-35 0)
(-1.25065e-34 -4.20542e-35 0)
(-1.35722e-34 -8.75344e-36 0)
(-1.29336e-34 1.998e-35 0)
(-1.43134e-34 1.13605e-35 0)
(-1.7237e-34 2.74541e-36 0)
(-2.0156e-34 -1.23882e-37 0)
(-2.11386e-34 -1.37284e-36 0)
(-2.10024e-34 -1.43971e-36 0)
(-2.06729e-34 -1.03559e-36 0)
(-2.0196e-34 -1.12362e-36 0)
(-1.93679e-34 -2.03692e-36 0)
(-1.81236e-34 -3.07662e-36 0)
(-1.64779e-34 -4.25798e-36 0)
(-1.43725e-34 -5.93522e-36 0)
(-1.16865e-34 -7.08543e-36 0)
(-8.33474e-35 -7.85625e-36 0)
(-4.59601e-35 -7.62986e-36 0)
(-1.67647e-35 -1.19074e-36 0)
(-2.45561e-35 1.72995e-35 0)
(-1.10153e-34 5.86135e-35 0)
(-2.48656e-34 1.10031e-34 0)
(-1.54117e-34 8.98854e-35 0)
(3.6288e-34 -1.07509e-34 0)
(4.26206e-34 -6.13395e-34 0)
(-5.45933e-35 -7.78489e-34 0)
(-2.39189e-34 -3.32937e-34 0)
(-3.26354e-34 -5.61207e-34 0)
(-4.71196e-34 -2.19133e-34 0)
(-2.12769e-34 1.02049e-34 0)
(-3.56678e-35 -3.07888e-34 0)
(-1.68506e-34 1.15399e-34 0)
(-1.36796e-34 2.49743e-34 0)
(-1.91087e-34 1.21478e-34 0)
(-3.72633e-34 2.94714e-35 0)
(-5.05699e-34 -2.28101e-35 0)
(-5.43353e-34 -3.09069e-35 0)
(-5.25404e-34 -1.50545e-35 0)
(-5.01326e-34 5.15809e-37 0)
(-4.90721e-34 1.30319e-35 0)
(-4.46279e-34 4.25618e-36 0)
(-3.17071e-34 -2.72442e-35 0)
(-1.98792e-34 -5.02715e-35 0)
(-2.7357e-34 -3.80362e-35 0)
(-4.84525e-34 6.5976e-35 0)
(-5.13089e-34 1.77434e-34 0)
(-1.25771e-34 7.04133e-35 0)
(3.96151e-34 -3.71052e-34 0)
(2.21219e-34 -9.65277e-34 0)
(-1.89115e-34 -7.4301e-34 0)
(-2.95245e-34 -5.3776e-34 0)
(-3.97046e-34 -5.07214e-34 0)
(-4.63583e-34 -4.73315e-34 0)
(-4.42502e-34 -2.95085e-34 0)
(-1.19612e-34 -4.77145e-35 0)
(4.36679e-34 -1.01064e-35 0)
(6.68315e-34 -3.86171e-34 0)
(5.21463e-34 -6.81678e-34 0)
(4.13444e-34 -7.25576e-34 0)
(1.97402e-34 -9.84992e-34 0)
(-1.19018e-34 -8.34548e-34 0)
(-2.41455e-34 -5.65169e-34 0)
(-2.35374e-34 -3.12902e-34 0)
(-2.27947e-34 6.51313e-36 0)
(-1.1921e-34 3.52833e-34 0)
(9.17269e-35 4.89126e-34 0)
(2.39265e-34 3.37183e-34 0)
(2.42818e-34 1.26437e-34 0)
(1.79139e-34 -9.8181e-37 0)
(1.33756e-34 -3.071e-35 0)
(1.28475e-34 -1.27321e-35 0)
(1.48588e-34 3.65218e-36 0)
(1.67976e-34 8.82896e-36 0)
(1.78768e-34 1.30374e-36 0)
(1.84909e-34 -6.53577e-36 0)
(1.90825e-34 -8.2866e-36 0)
(1.98313e-34 -4.66852e-36 0)
(2.07229e-34 1.4586e-37 0)
(2.1665e-34 1.89452e-36 0)
(2.24301e-34 1.65361e-36 0)
(2.25971e-34 1.96758e-36 0)
(2.20027e-34 5.1011e-36 0)
(2.12201e-34 1.39133e-35 0)
(2.02776e-34 2.83347e-35 0)
(1.78711e-34 6.01923e-35 0)
(1.30643e-34 1.27741e-34 0)
(1.12962e-34 2.47866e-34 0)
(1.98467e-34 3.54875e-34 0)
(3.14854e-34 2.91383e-34 0)
(4.69869e-34 2.29722e-34 0)
(5.36653e-34 1.00914e-34 0)
(3.64356e-34 6.77148e-35 0)
(2.55383e-34 1.63411e-34 0)
(2.35336e-34 1.53371e-34 0)
(2.04441e-34 1.80594e-34 0)
(2.37989e-34 3.04339e-34 0)
(3.50454e-34 4.3816e-34 0)
(4.85663e-34 4.31114e-34 0)
(5.39126e-34 3.36447e-34 0)
(5.28318e-34 1.84171e-34 0)
(4.83713e-34 5.29946e-35 0)
(4.25976e-34 -2.73309e-36 0)
(3.79066e-34 -1.15511e-35 0)
(3.68956e-34 -3.38488e-36 0)
(3.91166e-34 2.08108e-36 0)
(3.80968e-34 9.64387e-37 0)
(3.35918e-34 2.47605e-35 0)
(3.42732e-34 5.40113e-35 0)
(4.43985e-34 -9.81607e-36 0)
(5.7358e-34 -2.51003e-34 0)
(5.40284e-34 -5.38948e-34 0)
(3.62901e-34 -6.32358e-34 0)
(1.77117e-34 -7.28134e-34 0)
(-2.12236e-35 -6.44163e-34 0)
(-1.66172e-34 -5.54509e-34 0)
(-2.79921e-34 -4.23234e-34 0)
(-2.16272e-34 -1.15394e-34 0)
(1.28357e-34 -4.22751e-35 0)
(3.17877e-34 -2.56482e-34 0)
(2.10193e-34 -4.02296e-34 0)
(8.3923e-35 -3.4828e-34 0)
(1.39429e-35 -3.49451e-34 0)
(-4.48306e-35 -3.21363e-34 0)
(-8.03497e-35 -2.45029e-34 0)
(-8.05839e-35 -1.41939e-34 0)
(-5.7856e-35 -3.22809e-35 0)
(-2.37584e-35 3.74987e-35 0)
(3.35472e-34 -1.0426e-34 0)
(2.91769e-34 -3.47782e-34 0)
(1.15255e-34 -4.99932e-34 0)
(-5.06072e-35 -5.19574e-34 0)
(-1.36338e-34 -4.09628e-34 0)
(-1.44278e-34 -2.36146e-34 0)
(-1.12471e-34 -6.95086e-35 0)
(-7.55906e-35 5.43071e-35 0)
(-8.98506e-36 9.80902e-35 0)
(8.39592e-35 3.12129e-35 0)
(1.50832e-34 -1.05375e-34 0)
(1.22708e-34 -2.08019e-34 0)
(3.30808e-35 -2.09556e-34 0)
(-3.34741e-35 -1.62546e-34 0)
(-1.12048e-34 -1.1506e-34 0)
(-2.01234e-34 -2.85085e-35 0)
(-2.53658e-34 3.96897e-35 0)
(-2.93289e-34 1.17939e-34 0)
(-3.05043e-34 1.61388e-34 0)
(-3.02329e-34 1.78512e-34 0)
(-3.09413e-34 1.62759e-34 0)
(-3.37237e-34 9.80571e-35 0)
(-4.04063e-34 5.97167e-35 0)
(-4.57783e-34 2.95402e-35 0)
(-4.71361e-34 -3.7626e-36 0)
(-4.68599e-34 -3.2955e-35 0)
(-5.19049e-34 -3.8498e-35 0)
(-6.60279e-34 7.96479e-36 0)
(-7.86239e-34 1.12032e-34 0)
(-7.77892e-34 1.8389e-34 0)
(-6.43716e-34 9.78146e-35 0)
(-4.7383e-34 -1.22841e-34 0)
(-4.87245e-34 -3.97895e-34 0)
(-5.65165e-34 -4.11737e-34 0)
(-5.93041e-34 -4.03333e-34 0)
(-6.32041e-34 -2.20031e-34 0)
(-6.69664e-34 -3.10197e-35 0)
(-6.19952e-34 2.76227e-34 0)
(-4.08992e-34 4.88815e-34 0)
(-2.15116e-34 4.65693e-34 0)
(-1.01457e-34 4.44543e-34 0)
(-3.88009e-35 3.50747e-34 0)
(-3.91744e-35 2.45301e-34 0)
(-8.91365e-35 1.51395e-34 0)
(-1.2455e-34 4.83625e-35 0)
(-1.26755e-34 -2.57439e-35 0)
(-1.83425e-34 -3.54637e-35 0)
(-3.71447e-34 1.84688e-35 0)
(-5.06952e-34 1.363e-34 0)
(-4.26384e-34 1.99747e-34 0)
(-2.76435e-34 5.91396e-35 0)
(-2.19361e-34 -1.17789e-34 0)
(-3.19966e-34 -2.49151e-34 0)
(-4.09409e-34 -1.80009e-34 0)
(-3.93698e-34 -2.30592e-34 0)
(-3.54951e-34 -1.5034e-34 0)
(-3.56533e-34 -9.37236e-35 0)
(-4.85346e-34 4.29329e-35 0)
(-5.44641e-34 2.16698e-34 0)
(-3.9985e-34 2.45058e-34 0)
(-2.16457e-34 5.48122e-35 0)
(-1.0921e-34 -1.84689e-34 0)
(-1.56364e-34 -2.80528e-34 0)
(-3.67953e-34 -1.43128e-34 0)
(-3.83574e-34 1.17585e-34 0)
(-1.35453e-34 2.902e-34 0)
(6.12948e-35 1.06685e-34 0)
(1.01375e-34 6.72663e-35 0)
(1.06948e-34 1.58255e-34 0)
(1.51054e-34 1.86864e-34 0)
(1.61113e-34 1.40704e-34 0)
(1.36524e-34 2.69351e-35 0)
(9.42767e-35 -4.58874e-35 0)
(7.03988e-35 -4.62051e-35 0)
(8.02949e-35 -2.56134e-35 0)
(1.01597e-34 -8.5193e-36 0)
(1.11056e-34 2.171e-36 0)
(1.09546e-34 5.04944e-36 0)
(1.12398e-34 -1.87885e-38 0)
(1.22919e-34 -3.91336e-36 0)
(1.24273e-34 -1.34457e-36 0)
(1.01835e-34 1.22213e-35 0)
(6.44022e-35 3.22814e-35 0)
(7.62221e-35 1.22948e-35 0)
(2.17146e-34 -6.09097e-35 0)
(4.20493e-34 -1.73962e-34 0)
(4.38546e-34 -2.49662e-34 0)
(2.41344e-34 -1.03508e-34 0)
(1.84476e-34 1.98705e-34 0)
(2.338e-34 2.8087e-34 0)
(2.05482e-34 2.40808e-34 0)
(2.38343e-35 1.09679e-34 0)
(-1.18111e-34 2.37611e-34 0)
(-1.58428e-34 2.20896e-34 0)
(-2.32372e-34 2.07191e-34 0)
(-1.95504e-34 2.03814e-34 0)
(-5.5181e-35 2.45071e-34 0)
(8.76209e-35 1.70447e-34 0)
(1.16695e-34 2.11007e-34 0)
(-2.87929e-35 2.26097e-34 0)
(-9.43738e-35 4.19555e-34 0)
(4.78244e-35 5.65059e-34 0)
(2.52583e-34 3.91493e-34 0)
(4.52949e-34 1.08038e-34 0)
(5.84452e-34 -2.06692e-35 0)
(4.90502e-34 -1.99188e-35 0)
(3.69987e-35 1.63857e-34 0)
(-9.33056e-35 5.68287e-34 0)
(1.41425e-34 7.27462e-34 0)
(1.90215e-34 2.77484e-34 0)
(1.21748e-34 4.26819e-34 0)
(1.64042e-34 4.36685e-34 0)
(2.36714e-34 4.67594e-34 0)
(2.1636e-34 3.3152e-34 0)
(1.65597e-34 5.84534e-35 0)
(6.10336e-35 -7.01236e-35 0)
(3.7565e-35 -8.38811e-35 0)
(1.05315e-34 -3.79154e-35 0)
(1.92356e-34 -1.25169e-35 0)
(2.60128e-34 -3.51763e-37 0)
(2.63881e-34 2.25687e-35 0)
(2.34689e-34 1.88097e-35 0)
(2.47365e-34 -4.80501e-36 0)
(2.86669e-34 -9.85656e-36 0)
(2.70712e-34 -8.81747e-36 0)
(1.87394e-34 2.79188e-36 0)
(1.40696e-34 5.80989e-36 0)
(2.16718e-34 -1.90391e-35 0)
(2.03732e-34 4.13394e-35 0)
(-1.87425e-35 4.71283e-35 0)
(-2.17057e-34 1.8376e-34 0)
(-1.59157e-34 1.2727e-34 0)
(-1.66762e-35 -1.1217e-34 0)
(-7.94992e-35 -3.61169e-34 0)
(-3.73228e-34 -2.40252e-34 0)
(-4.40375e-34 2.05276e-34 0)
(-1.94807e-34 4.18912e-34 0)
(-5.52342e-36 1.93923e-34 0)
(3.52417e-35 -1.00583e-34 0)
(-1.19619e-35 -5.20921e-35 0)
(2.73223e-36 1.04855e-34 0)
(3.94014e-35 9.89529e-35 0)
(-7.90358e-36 5.03282e-35 0)
(-9.10153e-35 -1.57399e-35 0)
(-1.23583e-34 -2.74839e-35 0)
(-1.26861e-34 -7.95599e-36 0)
(-1.25827e-34 1.71068e-35 0)
(-1.45636e-34 1.1368e-35 0)
(-1.74339e-34 4.38307e-36 0)
(-2.025e-34 7.06558e-37 0)
(-2.11729e-34 -1.31089e-36 0)
(-2.09977e-34 -1.45874e-36 0)
(-2.06697e-34 -9.84144e-37 0)
(-2.02213e-34 -1.26873e-36 0)
(-1.9411e-34 -2.61446e-36 0)
(-1.81685e-34 -3.88516e-36 0)
(-1.65356e-34 -5.06549e-36 0)
(-1.44327e-34 -6.97624e-36 0)
(-1.17301e-34 -8.4008e-36 0)
(-8.35647e-35 -9.42701e-36 0)
(-4.47503e-35 -1.02573e-35 0)
(-1.16513e-35 -4.25026e-36 0)
(-1.18986e-35 1.61369e-35 0)
(-9.04395e-35 6.41973e-35 0)
(-2.43309e-34 1.29044e-34 0)
(-1.97991e-34 1.06692e-34 0)
(2.34543e-34 -8.07877e-35 0)
(3.02619e-34 -5.38052e-34 0)
(-2.1128e-35 -7.13812e-34 0)
(-1.93139e-34 -4.20809e-34 0)
(-2.96388e-34 -4.63118e-34 0)
(-3.53375e-34 -2.41196e-34 0)
(-1.94508e-34 8.95109e-35 0)
(-2.78128e-35 -8.82604e-35 0)
(-9.16968e-35 1.29063e-34 0)
(-1.38454e-34 2.08739e-34 0)
(-2.3008e-34 1.09774e-34 0)
(-3.99968e-34 3.32021e-35 0)
(-5.18562e-34 -1.47858e-35 0)
(-5.43247e-34 -2.91936e-35 0)
(-5.19231e-34 -1.80361e-35 0)
(-4.94605e-34 2.79491e-37 0)
(-4.90135e-34 1.9613e-35 0)
(-4.57709e-34 6.90529e-36 0)
(-3.30952e-34 -4.5245e-35 0)
(-1.98983e-34 -7.75433e-35 0)
(-2.43528e-34 -5.52059e-35 0)
(-4.32184e-34 7.7043e-35 0)
(-5.08023e-34 2.38315e-34 0)
(-2.37021e-34 1.63017e-34 0)
(1.83421e-34 -2.13447e-34 0)
(1.19154e-34 -7.69451e-34 0)
(-1.39993e-34 -7.26143e-34 0)
(-2.46711e-34 -6.37634e-34 0)
(-3.48579e-34 -5.21552e-34 0)
(-3.851e-34 -3.72529e-34 0)
(-3.44505e-34 -1.43281e-34 0)
(-7.6035e-35 4.01741e-35 0)
(3.51967e-34 5.37045e-36 0)
(5.23503e-34 -3.38639e-34 0)
(4.39315e-34 -5.98522e-34 0)
(3.54679e-34 -6.91299e-34 0)
(1.8361e-34 -8.31609e-34 0)
(-3.10459e-35 -7.38427e-34 0)
(-1.25069e-34 -4.92117e-34 0)
(-1.16616e-34 -2.82501e-34 0)
(-1.00368e-34 -4.19165e-35 0)
(-3.00844e-35 1.82839e-34 0)
(9.10534e-35 2.77357e-34 0)
(1.76113e-34 1.90645e-34 0)
(1.82416e-34 6.87186e-35 0)
(1.50384e-34 -7.56091e-36 0)
(1.32542e-34 -2.31028e-35 0)
(1.35959e-34 -6.97293e-36 0)
(1.52641e-34 4.33793e-36 0)
(1.66779e-34 5.91028e-36 0)
(1.75232e-34 -1.7318e-36 0)
(1.83088e-34 -7.76011e-36 0)
(1.91509e-34 -7.82544e-36 0)
(2.00256e-34 -4.23453e-36 0)
(2.08664e-34 -1.76822e-37 0)
(2.16918e-34 6.92826e-37 0)
(2.24416e-34 -3.07918e-37 0)
(2.27161e-34 5.86525e-37 0)
(2.23419e-34 5.16095e-36 0)
(2.18238e-34 1.54741e-35 0)
(2.13962e-34 2.8657e-35 0)
(2.023e-34 5.20723e-35 0)
(1.74958e-34 1.0326e-34 0)
(1.68374e-34 1.97246e-34 0)
(2.17706e-34 2.96237e-34 0)
(2.95279e-34 2.86656e-34 0)
(4.27113e-34 2.60938e-34 0)
(4.9506e-34 1.6002e-34 0)
(3.77313e-34 1.2123e-34 0)
(2.8554e-34 2.06415e-34 0)
(2.55082e-34 2.37094e-34 0)
(2.41872e-34 2.89784e-34 0)
(2.86742e-34 3.51612e-34 0)
(3.64716e-34 4.1015e-34 0)
(4.46131e-34 3.62942e-34 0)
(4.72151e-34 2.59133e-34 0)
(4.59188e-34 1.39503e-34 0)
(4.38085e-34 4.17366e-35 0)
(4.0956e-34 -1.52777e-36 0)
(3.78287e-34 -7.35761e-36 0)
(3.71479e-34 -1.13515e-36 0)
(3.91768e-34 1.69441e-36 0)
(3.87512e-34 -3.72839e-36 0)
(3.53137e-34 1.59204e-35 0)
(3.3952e-34 5.75743e-35 0)
(3.73834e-34 3.17173e-35 0)
(4.44461e-34 -1.11377e-34 0)
(4.34337e-34 -3.13855e-34 0)
(3.1056e-34 -4.17064e-34 0)
(1.79255e-34 -4.63037e-34 0)
(3.77256e-35 -4.06763e-34 0)
(-8.42022e-35 -2.86401e-34 0)
(-1.65843e-34 -1.57596e-34 0)
(-1.37056e-34 2.58089e-35 0)
(7.37804e-35 3.75953e-35 0)
(2.06908e-34 -1.58312e-34 0)
(1.6252e-34 -3.05209e-34 0)
(8.80435e-35 -3.25656e-34 0)
(3.36023e-35 -3.08544e-34 0)
(-9.54539e-37 -2.58869e-34 0)
(-1.99102e-35 -1.73086e-34 0)
(-2.06557e-35 -8.39126e-35 0)
(-1.20704e-35 -9.0177e-36 0)
(-1.2991e-36 3.55651e-35 0)
(1.62084e-34 1.5698e-34 0)
(1.7585e-34 -1.06959e-34 0)
(6.55419e-35 -2.65149e-34 0)
(-3.51156e-35 -2.9658e-34 0)
(-7.92001e-35 -2.33992e-34 0)
(-7.55112e-35 -1.26379e-34 0)
(-5.42639e-35 -2.12199e-35 0)
(-4.12552e-35 5.91055e-35 0)
(-1.30781e-35 9.63694e-35 0)
(4.02614e-35 5.38206e-35 0)
(9.52146e-35 -4.80575e-35 0)
(9.09503e-35 -1.44926e-34 0)
(3.45554e-35 -1.78994e-34 0)
(-1.60473e-35 -1.60739e-34 0)
(-8.23463e-35 -1.31959e-34 0)
(-1.6506e-34 -6.17888e-35 0)
(-2.20305e-34 1.18114e-37 0)
(-2.67019e-34 6.31483e-35 0)
(-2.93947e-34 1.01015e-34 0)
(-3.01942e-34 1.07139e-34 0)
(-3.21331e-34 1.05737e-34 0)
(-3.54154e-34 7.34928e-35 0)
(-4.16133e-34 5.34674e-35 0)
(-4.71429e-34 3.40127e-35 0)
(-4.87749e-34 -4.36612e-37 0)
(-4.79054e-34 -4.13492e-35 0)
(-5.10183e-34 -5.57725e-35 0)
(-6.23525e-34 -1.24384e-35 0)
(-7.39553e-34 1.0082e-34 0)
(-7.70303e-34 2.05706e-34 0)
(-6.97617e-34 1.69266e-34 0)
(-5.72114e-34 2.68914e-35 0)
(-5.52003e-34 -2.09058e-34 0)
(-5.75306e-34 -2.46213e-34 0)
(-5.62899e-34 -2.7553e-34 0)
(-5.61871e-34 -1.55191e-34 0)
(-5.74888e-34 -1.32216e-35 0)
(-5.21592e-34 2.14814e-34 0)
(-3.70507e-34 3.79688e-34 0)
(-2.22778e-34 3.77862e-34 0)
(-1.24334e-34 3.53668e-34 0)
(-7.6666e-35 2.83486e-34 0)
(-7.79973e-35 1.97711e-34 0)
(-1.26914e-34 1.20938e-34 0)
(-1.59219e-34 3.58421e-35 0)
(-1.43831e-34 -3.47783e-35 0)
(-1.73848e-34 -4.5031e-35 0)
(-3.33398e-34 7.81492e-36 0)
(-4.63574e-34 1.39594e-34 0)
(-4.35468e-34 2.35257e-34 0)
(-3.32487e-34 1.22127e-34 0)
(-2.77612e-34 2.26862e-36 0)
(-3.36742e-34 -1.35861e-34 0)
(-4.08789e-34 -8.45231e-35 0)
(-3.90828e-34 -1.4343e-34 0)
(-3.30949e-34 -9.26244e-35 0)
(-3.23228e-34 -5.29999e-35 0)
(-4.29348e-34 4.44658e-35 0)
(-5.03478e-34 2.08596e-34 0)
(-4.24603e-34 2.62593e-34 0)
(-2.89155e-34 1.16354e-34 0)
(-1.68919e-34 -5.78992e-35 0)
(-1.54641e-34 -1.6053e-34 0)
(-2.97724e-34 -6.60444e-35 0)
(-3.026e-34 1.72014e-34 0)
(-1.24207e-34 3.26034e-34 0)
(3.01214e-35 2.45087e-34 0)
(9.88679e-35 1.82845e-34 0)
(1.10409e-34 1.99917e-34 0)
(1.35634e-34 1.60453e-34 0)
(1.32391e-34 9.61022e-35 0)
(1.08099e-34 1.27505e-35 0)
(8.30966e-35 -3.90873e-35 0)
(7.34693e-35 -3.95139e-35 0)
(8.64793e-35 -2.34288e-35 0)
(1.06507e-34 -8.22154e-36 0)
(1.13561e-34 2.84222e-36 0)
(1.09008e-34 6.12114e-36 0)
(1.10485e-34 -7.6242e-37 0)
(1.22531e-34 -6.5862e-36 0)
(1.27371e-34 -4.14745e-36 0)
(1.08846e-34 1.18298e-35 0)
(6.5514e-35 4.1162e-35 0)
(5.93766e-35 2.48643e-35 0)
(1.82709e-34 -5.61764e-35 0)
(3.8401e-34 -1.80679e-34 0)
(4.46341e-34 -2.85022e-34 0)
(3.15024e-34 -1.58078e-34 0)
(2.5122e-34 1.26646e-34 0)
(2.51516e-34 2.31785e-34 0)
(1.82754e-34 2.65456e-34 0)
(1.69244e-35 1.17896e-34 0)
(-1.08878e-34 2.10557e-34 0)
(-1.65471e-34 1.49434e-34 0)
(-2.31683e-34 1.69733e-34 0)
(-1.8408e-34 1.70472e-34 0)
(-5.5991e-35 2.53264e-34 0)
(7.98124e-35 1.80798e-34 0)
(1.21058e-34 2.03588e-34 0)
(-4.92187e-36 1.93207e-34 0)
(-5.46094e-35 3.19674e-34 0)
(4.33053e-35 3.97063e-34 0)
(1.96406e-34 2.866e-34 0)
(3.98056e-34 8.77966e-35 0)
(5.64057e-34 -2.64587e-35 0)
(5.16467e-34 -4.20099e-35 0)
(1.24634e-34 1.27021e-34 0)
(-5.74427e-36 4.99868e-34 0)
(1.14812e-34 6.83578e-34 0)
(1.53656e-34 3.82339e-34 0)
(1.35649e-34 4.76745e-34 0)
(1.56377e-34 4.38876e-34 0)
(2.11465e-34 3.8964e-34 0)
(1.60361e-34 2.51414e-34 0)
(1.14634e-34 3.77741e-35 0)
(4.28803e-35 -5.73666e-35 0)
(4.13484e-35 -7.12373e-35 0)
(1.14581e-34 -3.39872e-35 0)
(1.97234e-34 -1.33183e-35 0)
(2.65302e-34 -3.95443e-36 0)
(2.67216e-34 2.27765e-35 0)
(2.3063e-34 2.2386e-35 0)
(2.42643e-34 -6.62056e-36 0)
(2.85882e-34 -1.47072e-35 0)
(2.72874e-34 -1.32042e-35 0)
(1.9069e-34 2.66009e-36 0)
(1.3779e-34 1.71297e-35 0)
(2.21408e-34 -1.76631e-35 0)
(2.13487e-34 5.00275e-35 0)
(2.70395e-36 5.48987e-35 0)
(-2.02184e-34 2.14844e-34 0)
(-1.96375e-34 1.84219e-34 0)
(-8.28302e-35 -4.07766e-35 0)
(-1.04552e-34 -2.94185e-34 0)
(-3.15792e-34 -2.53536e-34 0)
(-3.70863e-34 5.7707e-35 0)
(-1.91014e-34 1.93484e-34 0)
(-5.11472e-35 1.02349e-34 0)
(1.4075e-35 -5.929e-35 0)
(1.28047e-35 -1.56739e-35 0)
(1.81657e-35 1.03213e-34 0)
(3.04192e-35 7.81365e-35 0)
(-2.17702e-35 3.59263e-35 0)
(-9.96823e-35 -1.33484e-35 0)
(-1.22613e-34 -1.81325e-35 0)
(-1.21665e-34 -6.46133e-36 0)
(-1.23302e-34 1.45626e-35 0)
(-1.47177e-34 1.02719e-35 0)
(-1.75746e-34 4.64528e-36 0)
(-2.0335e-34 9.9566e-37 0)
(-2.12066e-34 -1.24004e-36 0)
(-2.09921e-34 -1.35274e-36 0)
(-2.06669e-34 -7.43652e-37 0)
(-2.02481e-34 -1.11064e-36 0)
(-1.94522e-34 -2.73481e-36 0)
(-1.82038e-34 -4.04337e-36 0)
(-1.65797e-34 -4.93347e-36 0)
(-1.44824e-34 -6.74863e-36 0)
(-1.17675e-34 -8.18893e-36 0)
(-8.39426e-35 -9.22164e-36 0)
(-4.41733e-35 -1.11306e-35 0)
(-7.82686e-36 -6.59795e-36 0)
(-1.39113e-36 1.23483e-35 0)
(-7.20044e-35 5.98684e-35 0)
(-2.34693e-34 1.33604e-34 0)
(-2.27143e-34 1.24219e-34 0)
(1.38867e-34 -3.13017e-35 0)
(2.0614e-34 -4.48163e-34 0)
(-1.12414e-35 -6.17467e-34 0)
(-1.51951e-34 -4.16283e-34 0)
(-2.63714e-34 -3.66094e-34 0)
(-2.73333e-34 -2.0508e-34 0)
(-1.60894e-34 9.03772e-35 0)
(-2.11622e-35 1.19038e-35 0)
(-5.83259e-35 1.28208e-34 0)
(-1.43517e-34 1.72916e-34 0)
(-2.55645e-34 9.31618e-35 0)
(-4.18581e-34 3.14312e-35 0)
(-5.2865e-34 -1.06589e-35 0)
(-5.44388e-34 -2.78566e-35 0)
(-5.14424e-34 -1.9447e-35 0)
(-4.8746e-34 7.94981e-37 0)
(-4.8841e-34 2.6777e-35 0)
(-4.70396e-34 1.49897e-35 0)
(-3.4837e-34 -5.36636e-35 0)
(-2.02184e-34 -1.00983e-34 0)
(-2.14731e-34 -8.30685e-35 0)
(-3.73321e-34 6.51667e-35 0)
(-4.82507e-34 2.81085e-34 0)
(-3.04534e-34 2.59252e-34 0)
(2.90518e-35 -3.46398e-35 0)
(2.18747e-35 -5.40882e-34 0)
(-1.3315e-34 -5.7749e-34 0)
(-2.1324e-34 -5.49836e-34 0)
(-2.93002e-34 -4.18984e-34 0)
(-3.12643e-34 -2.5377e-34 0)
(-2.74858e-34 -4.39567e-35 0)
(-5.75871e-35 9.16109e-35 0)
(2.82026e-34 3.60585e-35 0)
(4.19342e-34 -2.65626e-34 0)
(3.75963e-34 -4.81715e-34 0)
(3.15842e-34 -5.86043e-34 0)
(1.77454e-34 -6.76423e-34 0)
(2.49793e-35 -6.20425e-34 0)
(-4.77493e-35 -4.17853e-34 0)
(-4.24358e-35 -2.58388e-34 0)
(-2.67482e-35 -7.39311e-35 0)
(1.96455e-35 7.709e-35 0)
(9.44252e-35 1.50416e-34 0)
(1.46655e-34 1.0095e-34 0)
(1.54444e-34 3.10452e-35 0)
(1.37909e-34 -1.1492e-35 0)
(1.33792e-34 -1.68524e-35 0)
(1.40713e-34 -2.68879e-36 0)
(1.54454e-34 4.41966e-36 0)
(1.6532e-34 4.13067e-36 0)
(1.72622e-34 -3.15262e-36 0)
(1.82116e-34 -8.2426e-36 0)
(1.92386e-34 -7.2751e-36 0)
(2.01794e-34 -3.36465e-36 0)
(2.09513e-34 3.64597e-37 0)
(2.16645e-34 1.33189e-37 0)
(2.24281e-34 -2.3831e-36 0)
(2.28473e-34 -1.46055e-36 0)
(2.26895e-34 4.57953e-36 0)
(2.23213e-34 1.71339e-35 0)
(2.20348e-34 2.94625e-35 0)
(2.14849e-34 4.22053e-35 0)
(2.00976e-34 7.35793e-35 0)
(2.0617e-34 1.39491e-34 0)
(2.40522e-34 2.27028e-34 0)
(2.95861e-34 2.46664e-34 0)
(4.06574e-34 2.52088e-34 0)
(4.67717e-34 1.82055e-34 0)
(3.87358e-34 1.46556e-34 0)
(3.12264e-34 2.27379e-34 0)
(2.7616e-34 2.60049e-34 0)
(2.62689e-34 3.14831e-34 0)
(3.0124e-34 3.35269e-34 0)
(3.58125e-34 3.49393e-34 0)
(4.09583e-34 2.91538e-34 0)
(4.24524e-34 1.96786e-34 0)
(4.15601e-34 1.02324e-34 0)
(4.10156e-34 2.7035e-35 0)
(4.00176e-34 -6.3844e-36 0)
(3.79118e-34 -7.58552e-36 0)
(3.73667e-34 1.80429e-36 0)
(3.90048e-34 6.24949e-36 0)
(3.88961e-34 -6.79916e-36 0)
(3.68348e-34 1.79059e-36 0)
(3.49603e-34 4.88171e-35 0)
(3.49445e-34 5.17352e-35 0)
(3.82264e-34 -8.65328e-36 0)
(3.72024e-34 -1.36884e-34 0)
(2.80302e-34 -2.16804e-34 0)
(1.82704e-34 -2.37339e-34 0)
(7.70734e-35 -2.06831e-34 0)
(-2.72009e-35 -1.07139e-34 0)
(-1.02798e-34 -1.22546e-35 0)
(-1.03818e-34 1.00102e-34 0)
(2.50982e-35 9.00085e-35 0)
(1.23543e-34 -7.97503e-35 0)
(1.1624e-34 -2.10139e-34 0)
(8.30389e-35 -2.53971e-34 0)
(5.20214e-35 -2.36566e-34 0)
(3.34724e-35 -1.88834e-34 0)
(2.19036e-35 -1.16296e-34 0)
(1.63338e-35 -4.60233e-35 0)
(1.342e-35 7.25579e-36 0)
(1.19051e-35 3.66855e-35 0)
(5.20582e-35 2.51017e-34 0)
(8.98249e-35 2.54051e-35 0)
(2.53144e-35 -1.11959e-34 0)
(-3.46498e-35 -1.5279e-34 0)
(-5.41793e-35 -1.25559e-34 0)
(-4.24656e-35 -6.56896e-35 0)
(-2.44177e-35 -2.13755e-36 0)
(-2.04727e-35 5.07119e-35 0)
(-1.1842e-35 8.67274e-35 0)
(1.67098e-35 6.43911e-35 0)
(5.94641e-35 -5.37295e-36 0)
(6.36422e-35 -8.81611e-35 0)
(2.69294e-35 -1.33345e-34 0)
(-1.13591e-35 -1.34427e-34 0)
(-6.7052e-35 -1.2473e-34 0)
(-1.42032e-34 -7.53127e-35 0)
(-1.98083e-34 -2.38758e-35 0)
(-2.48711e-34 2.56227e-35 0)
(-2.85742e-34 6.17502e-35 0)
(-3.00414e-34 6.56378e-35 0)
(-3.24628e-34 7.06598e-35 0)
(-3.6053e-34 5.64873e-35 0)
(-4.21437e-34 4.86115e-35 0)
(-4.80851e-34 3.68342e-35 0)
(-5.02973e-34 3.6207e-36 0)
(-4.91437e-34 -4.47126e-35 0)
(-5.06605e-34 -6.83526e-35 0)
(-5.95055e-34 -3.56493e-35 0)
(-6.96541e-34 7.25907e-35 0)
(-7.5107e-34 1.94115e-34 0)
(-7.19382e-34 1.93107e-34 0)
(-6.30374e-34 1.16014e-34 0)
(-5.98826e-34 -7.73494e-35 0)
(-5.91107e-34 -1.19546e-34 0)
(-5.5479e-34 -1.70721e-34 0)
(-5.25044e-34 -1.01487e-34 0)
(-5.20259e-34 -6.04016e-36 0)
(-4.62306e-34 1.57639e-34 0)
(-3.4418e-34 2.84241e-34 0)
(-2.25652e-34 2.93292e-34 0)
(-1.38613e-34 2.74334e-34 0)
(-9.99864e-35 2.22307e-34 0)
(-1.02557e-34 1.56763e-34 0)
(-1.51785e-34 9.73208e-35 0)
(-1.84248e-34 2.70119e-35 0)
(-1.5749e-34 -3.97314e-35 0)
(-1.67287e-34 -5.09242e-35 0)
(-3.02294e-34 -5.74147e-36 0)
(-4.22695e-34 1.25544e-34 0)
(-4.33721e-34 2.39343e-34 0)
(-3.64084e-34 1.51265e-34 0)
(-3.15249e-34 8.09584e-35 0)
(-3.51714e-34 -4.88722e-35 0)
(-4.11667e-34 -5.84356e-36 0)
(-3.95879e-34 -7.19429e-35 0)
(-3.21264e-34 -5.30355e-35 0)
(-3.06331e-34 -3.66723e-35 0)
(-3.91364e-34 2.67171e-35 0)
(-4.67536e-34 1.78842e-34 0)
(-4.3348e-34 2.51155e-34 0)
(-3.30834e-34 1.46693e-34 0)
(-2.07071e-34 2.96611e-35 0)
(-1.58734e-34 -6.61612e-35 0)
(-2.51952e-34 -3.596e-36 0)
(-2.47572e-34 1.95919e-34 0)
(-1.1077e-34 3.14975e-34 0)
(1.17898e-35 2.78906e-34 0)
(8.7145e-35 2.07349e-34 0)
(1.00886e-34 1.9131e-34 0)
(1.17025e-34 1.31437e-34 0)
(1.11643e-34 6.681e-35 0)
(9.10148e-35 3.83959e-36 0)
(7.66973e-35 -3.35097e-35 0)
(7.55652e-35 -3.2968e-35 0)
(9.06067e-35 -2.03086e-35 0)
(1.10164e-34 -7.49257e-36 0)
(1.15683e-34 3.30662e-36 0)
(1.08415e-34 7.06165e-36 0)
(1.08398e-34 -1.09729e-36 0)
(1.21875e-34 -8.70564e-36 0)
(1.30065e-34 -6.56416e-36 0)
(1.1592e-34 1.01855e-35 0)
(6.83013e-35 4.55669e-35 0)
(4.59382e-35 3.45035e-35 0)
(1.53639e-34 -4.66843e-35 0)
(3.50413e-34 -1.69391e-34 0)
(4.46055e-34 -2.8984e-34 0)
(3.67612e-34 -1.86394e-34 0)
(3.03169e-34 6.36952e-35 0)
(2.74737e-34 1.73808e-34 0)
(1.70685e-34 2.45486e-34 0)
(7.66823e-36 9.98696e-35 0)
(-1.07871e-34 1.75352e-34 0)
(-1.70626e-34 9.72951e-35 0)
(-2.26681e-34 1.4086e-34 0)
(-1.71503e-34 1.4343e-34 0)
(-5.25329e-35 2.38256e-34 0)
(7.31943e-35 1.76292e-34 0)
(1.20741e-34 1.91354e-34 0)
(5.42355e-36 1.67707e-34 0)
(-3.47695e-35 2.51222e-34 0)
(3.86886e-35 2.93215e-34 0)
(1.63857e-34 2.12655e-34 0)
(3.638e-34 6.79319e-35 0)
(5.48058e-34 -2.779e-35 0)
(5.33487e-34 -5.20605e-35 0)
(1.87598e-34 9.54003e-35 0)
(6.04577e-35 4.15366e-34 0)
(1.07914e-34 5.95491e-34 0)
(1.32638e-34 3.86665e-34 0)
(1.38162e-34 4.47181e-34 0)
(1.41575e-34 3.90595e-34 0)
(1.86995e-34 3.1629e-34 0)
(1.21802e-34 1.91787e-34 0)
(8.25427e-35 2.25457e-35 0)
(3.17919e-35 -4.73509e-35 0)
(4.37455e-35 -5.87908e-35 0)
(1.20623e-34 -2.87298e-35 0)
(2.00273e-34 -1.26551e-35 0)
(2.69452e-34 -6.16101e-36 0)
(2.70595e-34 2.17908e-35 0)
(2.27203e-34 2.4181e-35 0)
(2.38004e-34 -7.81308e-36 0)
(2.85022e-34 -1.78627e-35 0)
(2.75031e-34 -1.52854e-35 0)
(1.94827e-34 2.11124e-36 0)
(1.35638e-34 2.41097e-35 0)
(2.24852e-34 -1.6861e-35 0)
(2.21647e-34 5.34622e-35 0)
(2.14567e-35 5.50088e-35 0)
(-1.85852e-34 2.20531e-34 0)
(-2.21694e-34 2.08961e-34 0)
(-1.32711e-34 9.40152e-36 0)
(-1.30218e-34 -2.2063e-34 0)
(-2.86983e-34 -2.28415e-34 0)
(-3.31416e-34 -2.86784e-36 0)
(-1.846e-34 8.75133e-35 0)
(-6.88808e-35 5.88713e-35 0)
(5.68634e-36 -3.18841e-35 0)
(2.82971e-35 8.80678e-37 0)
(2.6186e-35 9.21696e-35 0)
(2.28248e-35 6.1742e-35 0)
(-3.08472e-35 2.64095e-35 0)
(-1.04696e-34 -1.17529e-35 0)
(-1.21845e-34 -1.22984e-35 0)
(-1.18499e-34 -5.00811e-36 0)
(-1.21571e-34 1.23552e-35 0)
(-1.48188e-34 8.88781e-36 0)
(-1.76729e-34 4.26146e-36 0)
(-2.04015e-34 9.83772e-37 0)
(-2.12335e-34 -1.16799e-36 0)
(-2.0985e-34 -1.20469e-36 0)
(-2.06635e-34 -4.68421e-37 0)
(-2.02733e-34 -8.73526e-37 0)
(-1.94881e-34 -2.67401e-36 0)
(-1.82274e-34 -3.91088e-36 0)
(-1.66086e-34 -4.38984e-36 0)
(-1.45202e-34 -5.96267e-36 0)
(-1.17969e-34 -7.37794e-36 0)
(-8.43502e-35 -8.30447e-36 0)
(-4.39978e-35 -1.08597e-35 0)
(-5.166e-36 -7.69446e-36 0)
(6.47775e-36 8.92677e-36 0)
(-5.69141e-35 5.17813e-35 0)
(-2.25716e-34 1.25794e-34 0)
(-2.44847e-34 1.25208e-34 0)
(7.23563e-35 3.79363e-36 0)
(1.3638e-34 -3.54447e-34 0)
(-1.09225e-35 -5.04717e-34 0)
(-1.21252e-34 -3.66654e-34 0)
(-2.35914e-34 -2.83165e-34 0)
(-2.20366e-34 -1.59504e-34 0)
(-1.32116e-34 8.51018e-35 0)
(-1.65606e-35 5.06675e-35 0)
(-4.32469e-35 1.16047e-34 0)
(-1.4873e-34 1.41243e-34 0)
(-2.72366e-34 7.70073e-35 0)
(-4.31108e-34 2.80249e-35 0)
(-5.36316e-34 -8.3291e-36 0)
(-5.45809e-34 -2.6456e-35 0)
(-5.10568e-34 -1.95326e-35 0)
(-4.80687e-34 1.60076e-36 0)
(-4.85957e-34 3.14264e-35 0)
(-4.82238e-34 2.2082e-35 0)
(-3.66243e-34 -5.55824e-35 0)
(-2.07703e-34 -1.12968e-34 0)
(-1.91654e-34 -1.02033e-34 0)
(-3.18917e-34 4.29468e-35 0)
(-4.48669e-34 2.84152e-34 0)
(-3.39392e-34 3.0305e-34 0)
(-7.37072e-35 9.20025e-35 0)
(-5.42458e-35 -3.39288e-34 0)
(-1.41241e-34 -4.07719e-34 0)
(-1.9448e-34 -4.15971e-34 0)
(-2.51994e-34 -3.04231e-34 0)
(-2.61802e-34 -1.63078e-34 0)
(-2.29971e-34 6.38503e-36 0)
(-4.90781e-35 1.06262e-34 0)
(2.32554e-34 5.35047e-35 0)
(3.49449e-34 -1.95033e-34 0)
(3.31361e-34 -3.66362e-34 0)
(2.88669e-34 -4.65238e-34 0)
(1.72145e-34 -5.32993e-34 0)
(5.83891e-35 -5.03252e-34 0)
(3.18941e-37 -3.45778e-34 0)
(3.23329e-36 -2.29354e-34 0)
(1.72654e-35 -8.60579e-35 0)
(4.89901e-35 1.9472e-35 0)
(9.90498e-35 7.89852e-35 0)
(1.33041e-34 5.12223e-35 0)
(1.41657e-34 1.11457e-35 0)
(1.32859e-34 -1.19577e-35 0)
(1.35604e-34 -1.21987e-35 0)
(1.43672e-34 -2.02594e-37 0)
(1.55175e-34 4.02265e-36 0)
(1.64043e-34 2.93497e-36 0)
(1.7071e-34 -3.61733e-36 0)
(1.8156e-34 -8.1105e-36 0)
(1.93283e-34 -6.59543e-36 0)
(2.03073e-34 -2.37733e-36 0)
(2.09984e-34 1.18942e-36 0)
(2.15945e-34 -4.589e-38 0)
(2.23858e-34 -4.2169e-36 0)
(2.29765e-34 -3.54118e-36 0)
(2.30394e-34 3.73027e-36 0)
(2.2767e-34 1.84623e-35 0)
(2.23767e-34 3.11796e-35 0)
(2.19895e-34 3.51589e-35 0)
(2.13614e-34 4.93314e-35 0)
(2.28986e-34 8.80013e-35 0)
(2.59486e-34 1.58182e-34 0)
(3.04204e-34 1.88955e-34 0)
(4.00312e-34 2.14256e-34 0)
(4.52398e-34 1.73403e-34 0)
(3.95522e-34 1.44462e-34 0)
(3.31328e-34 2.18029e-34 0)
(2.90672e-34 2.41404e-34 0)
(2.7308e-34 2.8817e-34 0)
(3.02079e-34 2.86678e-34 0)
(3.47353e-34 2.79685e-34 0)
(3.82915e-34 2.26797e-34 0)
(3.93019e-34 1.49417e-34 0)
(3.87727e-34 7.57379e-35 0)
(3.92137e-34 1.50364e-35 0)
(3.94786e-34 -1.27927e-35 0)
(3.81555e-34 -1.02839e-35 0)
(3.77152e-34 4.00156e-36 0)
(3.88135e-34 1.37974e-35 0)
(3.8609e-34 -3.62513e-36 0)
(3.77534e-34 -8.55601e-36 0)
(3.6078e-34 3.25988e-35 0)
(3.46743e-34 4.44361e-35 0)
(3.58652e-34 3.8728e-35 0)
(3.40529e-34 -3.36216e-35 0)
(2.65084e-34 -8.59642e-35 0)
(1.83932e-34 -9.31586e-35 0)
(9.73791e-35 -8.35499e-35 0)
(4.90111e-36 -1.52652e-35 0)
(-7.00464e-35 4.66482e-35 0)
(-8.93094e-35 1.16115e-34 0)
(-9.13633e-36 1.03322e-34 0)
(6.78207e-35 -3.25982e-35 0)
(8.18788e-35 -1.37225e-34 0)
(7.61843e-35 -1.83875e-34 0)
(6.43091e-35 -1.71077e-34 0)
(5.60481e-35 -1.32329e-34 0)
(4.82276e-35 -7.62942e-35 0)
(3.87001e-35 -2.30596e-35 0)
(2.79687e-35 1.54162e-35 0)
(2.00201e-35 3.5341e-35 0)
(-1.07627e-35 2.53924e-34 0)
(3.3814e-35 8.05019e-35 0)
(-3.54039e-36 -2.96845e-35 0)
(-3.97546e-35 -7.17798e-35 0)
(-4.48089e-35 -6.48583e-35 0)
(-2.74102e-35 -3.42269e-35 0)
(-9.33766e-36 3.59213e-36 0)
(-7.47988e-36 3.79458e-35 0)
(-8.22244e-36 7.18365e-35 0)
(5.25362e-36 6.27311e-35 0)
(3.80452e-35 1.8325e-35 0)
(4.36723e-35 -4.76786e-35 0)
(1.79369e-35 -9.22005e-35 0)
(-1.23707e-35 -1.0303e-34 0)
(-6.03525e-35 -1.05222e-34 0)
(-1.28225e-34 -7.27082e-35 0)
(-1.83759e-34 -3.14591e-35 0)
(-2.3625e-34 6.61441e-36 0)
(-2.79679e-34 3.90042e-35 0)
(-2.98842e-34 4.15574e-35 0)
(-3.24809e-34 4.829e-35 0)
(-3.62247e-34 4.37383e-35 0)
(-4.23236e-34 4.33794e-35 0)
(-4.87097e-34 3.71738e-35 0)
(-5.15689e-34 7.21123e-36 0)
(-5.03432e-34 -4.30954e-35 0)
(-5.06796e-34 -7.20293e-35 0)
(-5.75535e-34 -5.08078e-35 0)
(-6.62232e-34 4.30748e-35 0)
(-7.30457e-34 1.64471e-34 0)
(-7.24941e-34 1.81808e-34 0)
(-6.63227e-34 1.49288e-34 0)
(-6.30458e-34 -4.00625e-36 0)
(-6.05692e-34 -4.26734e-35 0)
(-5.56192e-34 -1.00283e-34 0)
(-5.07105e-34 -6.44097e-35 0)
(-4.89744e-34 -2.72388e-36 0)
(-4.26918e-34 1.13353e-34 0)
(-3.26651e-34 2.10205e-34 0)
(-2.26117e-34 2.23366e-34 0)
(-1.47099e-34 2.10298e-34 0)
(-1.14168e-34 1.71645e-34 0)
(-1.17654e-34 1.22281e-34 0)
(-1.67765e-34 7.75959e-35 0)
(-2.01949e-34 2.06715e-35 0)
(-1.67949e-34 -3.99331e-35 0)
(-1.63322e-34 -5.04806e-35 0)
(-2.79407e-34 -1.46526e-35 0)
(-3.89273e-34 1.04113e-34 0)
(-4.28043e-34 2.19802e-34 0)
(-3.81036e-34 1.50981e-34 0)
(-3.38195e-34 1.1573e-34 0)
(-3.62782e-34 3.03831e-36 0)
(-4.15365e-34 4.04128e-35 0)
(-4.0427e-34 -2.6401e-35 0)
(-3.19885e-34 -3.02599e-35 0)
(-2.99291e-34 -3.01606e-35 0)
(-3.66365e-34 7.74344e-36 0)
(-4.3875e-34 1.42145e-34 0)
(-4.34406e-34 2.20017e-34 0)
(-3.53548e-34 1.47259e-34 0)
(-2.30185e-34 7.22854e-35 0)
(-1.63921e-34 -9.49928e-36 0)
(-2.23306e-34 3.08979e-35 0)
(-2.12509e-34 1.90622e-34 0)
(-1.00927e-34 2.77236e-34 0)
(5.10452e-38 2.60957e-34 0)
(7.50513e-35 1.91806e-34 0)
(9.00435e-35 1.64032e-34 0)
(1.01788e-34 1.03698e-34 0)
(9.75445e-35 4.66337e-35 0)
(8.06681e-35 -8.46139e-37 0)
(7.30356e-35 -2.79379e-35 0)
(7.70081e-35 -2.6799e-35 0)
(9.33068e-35 -1.69211e-35 0)
(1.12777e-34 -6.47084e-36 0)
(1.17386e-34 3.49139e-36 0)
(1.07873e-34 7.44115e-36 0)
(1.06423e-34 -1.21818e-36 0)
(1.21137e-34 -9.83914e-36 0)
(1.3222e-34 -7.85411e-36 0)
(1.22109e-34 8.27833e-36 0)
(7.16085e-35 4.52943e-35 0)
(3.59735e-35 3.8758e-35 0)
(1.31273e-34 -3.71042e-35 0)
(3.23124e-34 -1.4798e-34 0)
(4.42361e-34 -2.68836e-34 0)
(4.03347e-34 -1.86545e-34 0)
(3.40656e-34 2.26421e-35 0)
(2.95866e-34 1.24953e-34 0)
(1.6444e-34 2.10133e-34 0)
(-1.98619e-37 7.75103e-35 0)
(-1.09161e-34 1.41362e-34 0)
(-1.73934e-34 6.245e-35 0)
(-2.20837e-34 1.14951e-34 0)
(-1.6101e-34 1.18299e-34 0)
(-4.82875e-35 2.08819e-34 0)
(6.86341e-35 1.59103e-34 0)
(1.19217e-34 1.70558e-34 0)
(9.46077e-36 1.43063e-34 0)
(-2.47957e-35 1.97701e-34 0)
(3.45351e-35 2.20623e-34 0)
(1.44021e-34 1.58005e-34 0)
(3.42429e-34 5.04395e-35 0)
(5.36604e-34 -2.59698e-35 0)
(5.44505e-34 -5.18419e-35 0)
(2.3048e-34 7.23184e-35 0)
(1.0693e-34 3.32815e-34 0)
(1.07999e-34 4.93695e-34 0)
(1.2017e-34 3.44183e-34 0)
(1.36955e-34 3.84509e-34 0)
(1.27925e-34 3.25892e-34 0)
(1.6809e-34 2.49972e-34 0)
(9.61033e-35 1.45618e-34 0)
(6.23616e-35 1.24333e-35 0)
(2.51377e-35 -3.86053e-35 0)
(4.53382e-35 -4.71738e-35 0)
(1.24497e-34 -2.32792e-35 0)
(2.0208e-34 -1.10657e-35 0)
(2.72555e-34 -6.98536e-36 0)
(2.73545e-34 1.97731e-35 0)
(2.24487e-34 2.39298e-35 0)
(2.33969e-34 -8.38666e-36 0)
(2.84336e-34 -1.90712e-35 0)
(2.76936e-34 -1.4832e-35 0)
(1.98655e-34 1.96781e-36 0)
(1.33971e-34 2.62479e-35 0)
(2.27304e-34 -1.66169e-35 0)
(2.27966e-34 5.17007e-35 0)
(3.60146e-35 5.0554e-35 0)
(-1.71657e-34 2.04782e-34 0)
(-2.38396e-34 2.03652e-34 0)
(-1.67793e-34 3.47668e-35 0)
(-1.51114e-34 -1.59626e-34 0)
(-2.72454e-34 -1.89929e-34 0)
(-3.08383e-34 -2.32176e-35 0)
(-1.79053e-34 3.83546e-35 0)
(-7.55189e-35 3.65901e-35 0)
(2.29725e-36 -1.54367e-35 0)
(3.78017e-35 7.54752e-36 0)
(3.04946e-35 7.77435e-35 0)
(1.71746e-35 4.82099e-35 0)
(-3.67503e-35 1.93338e-35 0)
(-1.07633e-34 -1.02265e-35 0)
(-1.21234e-34 -8.46003e-36 0)
(-1.16543e-34 -3.71162e-36 0)
(-1.20425e-34 1.02643e-35 0)
(-1.48868e-34 7.41797e-36 0)
(-1.77402e-34 3.56163e-36 0)
(-2.04491e-34 8.11006e-37 0)
(-2.12528e-34 -1.0716e-36 0)
(-2.09775e-34 -1.03149e-36 0)
(-2.066e-34 -2.26264e-37 0)
(-2.0295e-34 -6.35359e-37 0)
(-1.95173e-34 -2.48089e-36 0)
(-1.82413e-34 -3.57331e-36 0)
(-1.6625e-34 -3.65257e-36 0)
(-1.45478e-34 -4.93351e-36 0)
(-1.1819e-34 -6.3072e-36 0)
(-8.47067e-35 -7.07587e-36 0)
(-4.40165e-35 -9.80229e-36 0)
(-3.37743e-36 -7.69257e-36 0)
(1.20133e-35 6.39801e-36 0)
(-4.56241e-35 4.27904e-35 0)
(-2.18186e-34 1.1076e-34 0)
(-2.5535e-34 1.13832e-34 0)
(2.81679e-35 2.10633e-35 0)
(8.86263e-35 -2.72575e-34 0)
(-1.35504e-35 -3.98679e-34 0)
(-1.00202e-34 -3.03028e-34 0)
(-2.15225e-34 -2.15718e-34 0)
(-1.86041e-34 -1.20066e-34 0)
(-1.11309e-34 7.52515e-35 0)
(-1.36822e-35 6.0624e-35 0)
(-3.6213e-35 9.84377e-35 0)
(-1.52909e-34 1.13016e-34 0)
(-2.83157e-34 6.19799e-35 0)
(-4.39398e-34 2.37304e-35 0)
(-5.41933e-34 -6.86332e-36 0)
(-5.47091e-34 -2.4385e-35 0)
(-5.07524e-34 -1.83083e-35 0)
(-4.74922e-34 2.42035e-36 0)
(-4.83422e-34 3.26645e-35 0)
(-4.92087e-34 2.5793e-35 0)
(-3.82027e-34 -5.28293e-35 0)
(-2.13661e-34 -1.12831e-34 0)
(-1.7496e-34 -1.06711e-34 0)
(-2.75014e-34 2.25423e-35 0)
(-4.16684e-34 2.59281e-34 0)
(-3.55472e-34 2.98667e-34 0)
(-1.3909e-34 1.5295e-34 0)
(-1.08497e-34 -1.98776e-34 0)
(-1.52573e-34 -2.73456e-34 0)
(-1.8531e-34 -2.99681e-34 0)
(-2.2551e-34 -2.1323e-34 0)
(-2.29281e-34 -1.02981e-34 0)
(-2.02149e-34 2.72403e-35 0)
(-4.47729e-35 1.00536e-34 0)
(1.99911e-34 5.72072e-35 0)
(3.04427e-34 -1.39918e-34 0)
(3.01754e-34 -2.71664e-34 0)
(2.69922e-34 -3.56858e-34 0)
(1.67154e-34 -4.10855e-34 0)
(7.76933e-35 -3.97898e-34 0)
(2.94254e-35 -2.78364e-34 0)
(3.11384e-35 -1.94662e-34 0)
(4.40703e-35 -8.35833e-35 0)
(6.68484e-35 -7.87143e-36 0)
(1.03305e-34 4.03985e-35 0)
(1.26763e-34 2.49078e-35 0)
(1.35833e-34 1.71978e-36 0)
(1.30951e-34 -1.0587e-35 0)
(1.3719e-34 -8.80027e-36 0)
(1.45494e-34 1.02868e-36 0)
(1.55408e-34 3.43174e-36 0)
(1.63063e-34 2.09827e-36 0)
(1.69339e-34 -3.52902e-36 0)
(1.81223e-34 -7.51113e-36 0)
(1.94091e-34 -5.78521e-36 0)
(2.04128e-34 -1.45388e-36 0)
(2.10229e-34 1.93512e-36 0)
(2.15042e-34 -4.65203e-39 0)
(2.2325e-34 -5.43948e-36 0)
(2.30903e-34 -5.11519e-36 0)
(2.33631e-34 2.78749e-36 0)
(2.31665e-34 1.8622e-35 0)
(2.25641e-34 3.19803e-35 0)
(2.20892e-34 3.01691e-35 0)
(2.18258e-34 3.24095e-35 0)
(2.41311e-34 4.98551e-35 0)
(2.72799e-34 1.02288e-34 0)
(3.13474e-34 1.33643e-34 0)
(4.00875e-34 1.67106e-34 0)
(4.44666e-34 1.47718e-34 0)
(4.01941e-34 1.25079e-34 0)
(3.44132e-34 1.89717e-34 0)
(2.99504e-34 2.04379e-34 0)
(2.7797e-34 2.41342e-34 0)
(2.98875e-34 2.30293e-34 0)
(3.38203e-34 2.15741e-34 0)
(3.65495e-34 1.73291e-34 0)
(3.7308e-34 1.1394e-34 0)
(3.69664e-34 5.70223e-35 0)
(3.79837e-34 6.5577e-36 0)
(3.91436e-34 -1.80794e-35 0)
(3.84753e-34 -1.33817e-35 0)
(3.81767e-34 4.74293e-36 0)
(3.87296e-34 2.03788e-35 0)
(3.81445e-34 2.86053e-36 0)
(3.8149e-34 -1.23811e-35 0)
(3.68412e-34 1.91204e-35 0)
(3.5087e-34 2.81884e-35 0)
(3.52873e-34 5.05343e-35 0)
(3.26138e-34 1.35134e-35 0)
(2.5829e-34 -1.77865e-35 0)
(1.83731e-34 -1.79891e-35 0)
(1.06307e-34 -2.09636e-35 0)
(2.145e-35 2.20745e-35 0)
(-5.34034e-35 6.06178e-35 0)
(-8.24155e-35 1.04292e-34 0)
(-3.08889e-35 9.49383e-35 0)
(3.27012e-35 -9.60912e-36 0)
(5.90096e-35 -8.9186e-35 0)
(7.03702e-35 -1.30449e-34 0)
(7.18509e-35 -1.21614e-34 0)
(7.00715e-35 -9.17873e-35 0)
(6.43257e-35 -4.97411e-35 0)
(5.21421e-35 -9.94684e-36 0)
(3.6376e-35 1.80044e-35 0)
(2.5169e-35 3.1647e-35 0)
(-4.52993e-35 2.19669e-34 0)
(-6.07526e-37 9.23328e-35 0)
(-2.28173e-35 7.47326e-36 0)
(-4.54478e-35 -3.02335e-35 0)
(-4.20248e-35 -3.27096e-35 0)
(-2.07623e-35 -1.83132e-35 0)
(-1.77784e-36 4.35296e-36 0)
(5.98811e-37 2.62551e-35 0)
(-4.40001e-36 5.61848e-35 0)
(1.2485e-37 5.41879e-35 0)
(2.57785e-35 2.72689e-35 0)
(3.03206e-35 -2.29088e-35 0)
(1.04914e-35 -6.13832e-35 0)
(-1.50017e-35 -7.54187e-35 0)
(-5.78341e-35 -8.29793e-35 0)
(-1.20123e-34 -6.21884e-35 0)
(-1.7472e-34 -2.98053e-35 0)
(-2.281e-34 -1.11789e-36 0)
(-2.75571e-34 2.59273e-35 0)
(-2.97739e-34 2.69923e-35 0)
(-3.24098e-34 3.32739e-35 0)
(-3.62101e-34 3.36697e-35 0)
(-4.23429e-34 3.73457e-35 0)
(-4.91098e-34 3.46439e-35 0)
(-5.25418e-34 8.97881e-36 0)
(-5.13414e-34 -3.83795e-35 0)
(-5.08581e-34 -6.76339e-35 0)
(-5.63099e-34 -5.49657e-35 0)
(-6.37392e-34 2.10807e-35 0)
(-7.13331e-34 1.30664e-34 0)
(-7.24074e-34 1.53811e-34 0)
(-6.81274e-34 1.46766e-34 0)
(-6.50887e-34 2.85145e-35 0)
(-6.16811e-34 -3.52753e-36 0)
(-5.60272e-34 -5.74341e-35 0)
(-4.98648e-34 -4.07009e-35 0)
(-4.72792e-34 -7.76394e-37 0)
(-4.05873e-34 8.11024e-35 0)
(-3.15253e-34 1.54579e-34 0)
(-2.25702e-34 1.68115e-34 0)
(-1.52096e-34 1.59334e-34 0)
(-1.22797e-34 1.30507e-34 0)
(-1.26819e-34 9.34901e-35 0)
(-1.77806e-34 6.06246e-35 0)
(-2.14067e-34 1.56845e-35 0)
(-1.75442e-34 -3.68677e-35 0)
(-1.60928e-34 -4.51648e-35 0)
(-2.63727e-34 -1.72491e-35 0)
(-3.6464e-34 8.22348e-35 0)
(-4.22253e-34 1.8745e-34 0)
(-3.90032e-34 1.33178e-34 0)
(-3.51682e-34 1.19146e-34 0)
(-3.70169e-34 2.73535e-35 0)
(-4.18639e-34 5.91286e-35 0)
(-4.12621e-34 -2.40452e-36 0)
(-3.21808e-34 -1.87328e-35 0)
(-2.96978e-34 -2.58573e-35 0)
(-3.50402e-34 -4.56461e-36 0)
(-4.17584e-34 1.07832e-34 0)
(-4.32505e-34 1.80941e-34 0)
(-3.65758e-34 1.30052e-34 0)
(-2.43775e-34 8.28126e-35 0)
(-1.68275e-34 1.7534e-35 0)
(-2.05741e-34 4.36151e-35 0)
(-1.9087e-34 1.67582e-34 0)
(-9.46425e-35 2.28728e-34 0)
(-7.57584e-36 2.21373e-34 0)
(6.54512e-35 1.60925e-34 0)
(8.13208e-35 1.32007e-34 0)
(9.09046e-35 7.93006e-35 0)
(8.83866e-35 3.23792e-35 0)
(7.44406e-35 -2.86666e-36 0)
(7.09333e-35 -2.24546e-35 0)
(7.79695e-35 -2.11633e-35 0)
(9.50377e-35 -1.35676e-35 0)
(1.14575e-34 -5.27618e-36 0)
(1.18664e-34 3.41575e-36 0)
(1.07424e-34 7.16157e-36 0)
(1.0476e-34 -1.26668e-36 0)
(1.20483e-34 -9.93962e-36 0)
(1.33854e-34 -7.89233e-36 0)
(1.26968e-34 6.68598e-36 0)
(7.45889e-35 4.13679e-35 0)
(2.89166e-35 3.77676e-35 0)
(1.15223e-34 -2.93597e-35 0)
(3.03031e-34 -1.22895e-34 0)
(4.38268e-34 -2.31573e-34 0)
(4.26873e-34 -1.66644e-34 0)
(3.66191e-34 1.75722e-36 0)
(3.12206e-34 8.85789e-35 0)
(1.61182e-34 1.71377e-34 0)
(-6.05744e-36 5.74144e-35 0)
(-1.10697e-34 1.10076e-34 0)
(-1.75928e-34 4.007e-35 0)
(-2.15839e-34 9.13851e-35 0)
(-1.53316e-34 9.46447e-35 0)
(-4.46432e-35 1.72764e-34 0)
(6.57531e-35 1.34697e-34 0)
(1.17737e-34 1.43613e-34 0)
(1.07497e-35 1.17796e-34 0)
(-1.97944e-35 1.52843e-34 0)
(3.12814e-35 1.65456e-34 0)
(1.31728e-34 1.16702e-34 0)
(3.29205e-34 3.61191e-35 0)
(5.28978e-34 -2.25864e-35 0)
(5.51655e-34 -4.54075e-35 0)
(2.58522e-34 5.60146e-35 0)
(1.37807e-34 2.59118e-34 0)
(1.09901e-34 3.93181e-34 0)
(1.1263e-34 2.84573e-34 0)
(1.35045e-34 3.11795e-34 0)
(1.17571e-34 2.59993e-34 0)
(1.54865e-34 1.92041e-34 0)
(7.95091e-35 1.09055e-34 0)
(4.9803e-35 6.00436e-36 0)
(2.12173e-35 -3.08858e-35 0)
(4.64125e-35 -3.66885e-35 0)
(1.26936e-34 -1.81192e-35 0)
(2.0312e-34 -8.99372e-36 0)
(2.74743e-34 -6.72677e-36 0)
(2.75862e-34 1.71075e-35 0)
(2.22444e-34 2.20023e-35 0)
(2.30762e-34 -8.44795e-36 0)
(2.83922e-34 -1.86602e-35 0)
(2.7852e-34 -1.25139e-35 0)
(2.01635e-34 2.45549e-36 0)
(1.32609e-34 2.45709e-35 0)
(2.29006e-34 -1.64275e-35 0)
(2.32667e-34 4.61268e-35 0)
(4.63668e-35 4.448e-35 0)
(-1.61005e-34 1.75878e-34 0)
(-2.49208e-34 1.78713e-34 0)
(-1.91242e-34 4.14351e-35 0)
(-1.6617e-34 -1.14225e-34 0)
(-2.64959e-34 -1.50242e-34 0)
(-2.94758e-34 -2.63463e-35 0)
(-1.75073e-34 1.58736e-35 0)
(-7.78382e-35 2.41501e-35 0)
(9.0306e-37 -6.24085e-36 0)
(4.35637e-35 9.3242e-36 0)
(3.28636e-35 6.2834e-35 0)
(1.32362e-35 3.69937e-35 0)
(-4.05319e-35 1.36659e-35 0)
(-1.09335e-34 -8.68469e-36 0)
(-1.20763e-34 -5.8511e-36 0)
(-1.15337e-34 -2.57134e-36 0)
(-1.19694e-34 8.28237e-36 0)
(-1.49326e-34 5.98103e-36 0)
(-1.77855e-34 2.72723e-36 0)
(-2.04809e-34 5.59929e-37 0)
(-2.12653e-34 -9.46528e-37 0)
(-2.09706e-34 -8.45856e-37 0)
(-2.06568e-34 -4.45233e-38 0)
(-2.03124e-34 -4.32572e-37 0)
(-1.95394e-34 -2.19425e-36 0)
(-1.82484e-34 -3.09933e-36 0)
(-1.66332e-34 -2.86287e-36 0)
(-1.45675e-34 -3.86076e-36 0)
(-1.18351e-34 -5.17156e-36 0)
(-8.49781e-35 -5.76494e-36 0)
(-4.40987e-35 -8.27552e-36 0)
(-2.20206e-36 -6.90673e-36 0)
(1.57429e-35 4.69045e-36 0)
(-3.77072e-35 3.42796e-35 0)
(-2.12647e-34 9.26077e-35 0)
(-2.61687e-34 9.5846e-35 0)
(-2.31763e-37 2.50219e-35 0)
(5.73804e-35 -2.05757e-34 0)
(-1.64324e-35 -3.06429e-34 0)
(-8.64273e-35 -2.39984e-34 0)
(-2.00989e-34 -1.61511e-34 0)
(-1.64264e-34 -8.87529e-35 0)
(-9.7333e-35 6.32e-35 0)
(-1.20022e-35 5.75078e-35 0)
(-3.28637e-35 7.93684e-35 0)
(-1.55891e-34 8.81628e-35 0)
(-2.90009e-34 4.8349e-35 0)
(-4.4477e-34 1.89546e-35 0)
(-5.45871e-34 -5.90164e-36 0)
(-5.48073e-34 -2.1591e-35 0)
(-5.05201e-34 -1.60199e-35 0)
(-4.70447e-34 3.1652e-36 0)
(-4.81279e-34 3.08833e-35 0)
(-4.99632e-34 2.5714e-35 0)
(-3.9448e-34 -4.7344e-35 0)
(-2.18668e-34 -1.03254e-34 0)
(-1.63516e-34 -9.84709e-35 0)
(-2.42831e-34 9.59891e-36 0)
(-3.91347e-34 2.20434e-34 0)
(-3.624e-34 2.64019e-34 0)
(-1.79663e-34 1.64066e-34 0)
(-1.44929e-34 -1.12634e-34 0)
(-1.62525e-34 -1.80677e-34 0)
(-1.81196e-34 -2.12385e-34 0)
(-2.09232e-34 -1.4796e-34 0)
(-2.09263e-34 -6.49198e-35 0)
(-1.85283e-34 3.25133e-35 0)
(-4.24834e-35 8.55538e-35 0)
(1.79201e-34 5.20591e-35 0)
(2.76213e-34 -9.96982e-35 0)
(2.82848e-34 -1.98858e-34 0)
(2.57447e-34 -2.68035e-34 0)
(1.63028e-34 -3.10803e-34 0)
(8.8727e-35 -3.07227e-34 0)
(4.68696e-35 -2.17716e-34 0)
(4.80857e-35 -1.57763e-34 0)
(6.04507e-35 -7.27795e-35 0)
(7.7796e-35 -1.7873e-35 0)
(1.06583e-34 2.02938e-35 0)
(1.23831e-34 1.15757e-35 0)
(1.33164e-34 -2.17277e-36 0)
(1.30302e-34 -8.5576e-36 0)
(1.38355e-34 -6.30196e-36 0)
(1.46602e-34 1.48616e-36 0)
(1.55445e-34 2.79956e-36 0)
(1.62367e-34 1.48689e-36 0)
(1.68386e-34 -3.13599e-36 0)
(1.81012e-34 -6.58077e-36 0)
(1.94753e-34 -4.86624e-36 0)
(2.04958e-34 -6.89379e-37 0)
(2.10345e-34 2.38195e-36 0)
(2.14145e-34 8.2688e-38 0)
(2.22612e-34 -5.90081e-36 0)
(2.31819e-34 -5.82966e-36 0)
(2.36331e-34 2.01565e-36 0)
(2.35e-34 1.74153e-35 0)
(2.26727e-34 3.06236e-35 0)
(2.20182e-34 2.57156e-35 0)
(2.19003e-34 2.12325e-35 0)
(2.47405e-34 2.51447e-35 0)
(2.81359e-34 6.28423e-35 0)
(3.21021e-34 9.02546e-35 0)
(4.03677e-34 1.2351e-34 0)
(4.41069e-34 1.1742e-34 0)
(4.06701e-34 1.00061e-34 0)
(3.52529e-34 1.54537e-34 0)
(3.04665e-34 1.63304e-34 0)
(2.80185e-34 1.91319e-34 0)
(2.95302e-34 1.77543e-34 0)
(3.31801e-34 1.62078e-34 0)
(3.5483e-34 1.30588e-34 0)
(3.60801e-34 8.68153e-35 0)
(3.57904e-34 4.31808e-35 0)
(3.71259e-34 1.13914e-36 0)
(3.89216e-34 -2.06651e-35 0)
(3.87871e-34 -1.49742e-35 0)
(3.86502e-34 4.43888e-36 0)
(3.87481e-34 2.34413e-35 0)
(3.769e-34 8.40521e-36 0)
(3.82458e-34 -1.21394e-35 0)
(3.72607e-34 1.0735e-35 0)
(3.55629e-34 1.42926e-35 0)
(3.53723e-34 4.64804e-35 0)
(3.20028e-34 2.95006e-35 0)
(2.55578e-34 1.14755e-35 0)
(1.83056e-34 1.44855e-35 0)
(1.0969e-34 5.75261e-36 0)
(2.9709e-35 3.19623e-35 0)
(-4.49315e-35 5.58707e-35 0)
(-7.88263e-35 8.37465e-35 0)
(-4.40636e-35 7.83416e-35 0)
(1.12351e-35 -2.33598e-37 0)
(4.46209e-35 -5.89156e-35 0)
(6.62288e-35 -9.22941e-35 0)
(7.6405e-35 -8.61067e-35 0)
(7.8619e-35 -6.35904e-35 0)
(7.40592e-35 -3.24895e-35 0)
(6.01954e-35 -3.00778e-36 0)
(4.12504e-35 1.72658e-35 0)
(2.85016e-35 2.6553e-35 0)
(-6.43179e-35 1.7528e-34 0)
(-2.12302e-35 8.34132e-35 0)
(-3.50896e-35 1.98445e-35 0)
(-4.99448e-35 -1.08219e-35 0)
(-4.16106e-35 -1.63009e-35 0)
(-1.78598e-35 -1.01853e-35 0)
(2.02011e-36 3.69545e-36 0)
(5.53048e-36 1.74675e-35 0)
(-1.32185e-36 4.22239e-35 0)
(-2.04355e-36 4.32916e-35 0)
(1.89159e-35 2.72105e-35 0)
(2.18954e-35 -9.57099e-36 0)
(5.17394e-36 -4.02262e-35 0)
(-1.75128e-35 -5.38406e-35 0)
(-5.70649e-35 -6.25815e-35 0)
(-1.15393e-34 -4.93004e-35 0)
(-1.69128e-34 -2.44166e-35 0)
(-2.22979e-34 -3.36515e-36 0)
(-2.73003e-34 1.78754e-35 0)
(-2.97106e-34 1.76228e-35 0)
(-3.23287e-34 2.27628e-35 0)
(-3.61381e-34 2.55302e-35 0)
(-4.23069e-34 3.07211e-35 0)
(-4.93629e-34 2.97147e-35 0)
(-5.3234e-34 8.5944e-36 0)
(-5.208e-34 -3.23646e-35 0)
(-5.10488e-34 -5.80282e-35 0)
(-5.55487e-34 -5.02747e-35 0)
(-6.20644e-34 8.14467e-36 0)
(-7.0092e-34 9.95424e-35 0)
(-7.21592e-34 1.21394e-34 0)
(-6.91109e-34 1.25847e-34 0)
(-6.63633e-34 3.72778e-35 0)
(-6.24436e-34 1.22106e-35 0)
(-5.64165e-34 -3.27709e-35 0)
(-4.94655e-34 -2.59808e-35 0)
(-4.63326e-34 5.92857e-37 0)
(-3.93453e-34 5.7872e-35 0)
(-3.08039e-34 1.12513e-34 0)
(-2.25134e-34 1.24627e-34 0)
(-1.55061e-34 1.1843e-34 0)
(-1.28035e-34 9.70415e-35 0)
(-1.32312e-34 6.95487e-35 0)
(-1.83972e-34 4.59682e-35 0)
(-2.22081e-34 1.14518e-35 0)
(-1.80467e-34 -3.208e-35 0)
(-1.59332e-34 -3.73361e-35 0)
(-2.53517e-34 -1.50288e-35 0)
(-3.47918e-34 6.28373e-35 0)
(-4.17788e-34 1.50282e-34 0)
(-3.94874e-34 1.07767e-34 0)
(-3.59389e-34 1.04704e-34 0)
(-3.74774e-34 3.43695e-35 0)
(-4.21141e-34 5.98106e-35 0)
(-4.19403e-34 7.399e-36 0)
(-3.24309e-34 -1.36223e-35 0)
(-2.9643e-34 -2.11521e-35 0)
(-3.4051e-34 -9.33201e-36 0)
(-4.03149e-34 7.92473e-35 0)
(-4.30228e-34 1.41391e-34 0)
(-3.72391e-34 1.05366e-34 0)
(-2.51606e-34 7.53312e-35 0)
(-1.7132e-34 2.63104e-35 0)
(-1.95136e-34 4.35243e-35 0)
(-1.77841e-34 1.36852e-34 0)
(-9.08783e-35 1.78845e-34 0)
(-1.24436e-35 1.75671e-34 0)
(5.87004e-35 1.26373e-34 0)
(7.52082e-35 1.01064e-34 0)
(8.37048e-35 5.86927e-35 0)
(8.26619e-35 2.20585e-35 0)
(7.07566e-35 -3.41652e-36 0)
(6.97325e-35 -1.73337e-35 0)
(7.85873e-35 -1.61481e-35 0)
(9.61236e-35 -1.04062e-35 0)
(1.15765e-34 -4.02033e-36 0)
(1.19559e-34 3.14792e-36 0)
(1.07071e-34 6.35098e-36 0)
(1.03483e-34 -1.30808e-36 0)
(1.19997e-34 -9.22116e-36 0)
(1.3505e-34 -6.95497e-36 0)
(1.30466e-34 5.56564e-36 0)
(7.6861e-35 3.52002e-35 0)
(2.40832e-35 3.30114e-35 0)
(1.04339e-34 -2.36179e-35 0)
(2.89392e-34 -9.79494e-35 0)
(4.35077e-34 -1.8692e-34 0)
(4.41945e-34 -1.36096e-34 0)
(3.82719e-34 -5.43674e-36 0)
(3.23556e-34 6.2493e-35 0)
(1.59402e-34 1.33807e-34 0)
(-1.0167e-35 4.08799e-35 0)
(-1.11883e-34 8.18557e-35 0)
(-1.77011e-34 2.58312e-35 0)
(-2.12161e-34 7.04611e-35 0)
(-1.48142e-34 7.30841e-35 0)
(-4.19542e-35 1.35609e-34 0)
(6.40166e-35 1.07955e-34 0)
(1.1661e-34 1.14342e-34 0)
(1.09531e-35 9.28112e-35 0)
(-1.73136e-35 1.14535e-34 0)
(2.90157e-35 1.21584e-34 0)
(1.24172e-34 8.50635e-35 0)
(3.21133e-34 2.49147e-35 0)
(5.2421e-34 -1.86342e-35 0)
(5.56307e-34 -3.61002e-35 0)
(2.76191e-34 4.41534e-35 0)
(1.5734e-34 1.95874e-34 0)
(1.11788e-34 3.00637e-34 0)
(1.08056e-34 2.22659e-34 0)
(1.33422e-34 2.40287e-34 0)
(1.10473e-34 1.99334e-34 0)
(1.4616e-34 1.42541e-34 0)
(6.91435e-35 7.96715e-35 0)
(4.21334e-35 1.9611e-36 0)
(1.89744e-35 -2.41882e-35 0)
(4.71435e-35 -2.74492e-35 0)
(1.28436e-34 -1.34466e-35 0)
(2.03701e-34 -6.75783e-36 0)
(2.76203e-34 -5.76804e-36 0)
(2.77538e-34 1.4172e-35 0)
(2.20971e-34 1.90127e-35 0)
(2.28384e-34 -8.13309e-36 0)
(2.83758e-34 -1.71533e-35 0)
(2.79788e-34 -9.21558e-36 0)
(2.0368e-34 3.38424e-36 0)
(1.31471e-34 2.05301e-35 0)
(2.30163e-34 -1.59358e-35 0)
(2.36094e-34 3.84397e-35 0)
(5.32312e-35 3.84197e-35 0)
(-1.53857e-34 1.41323e-34 0)
(-2.56088e-34 1.44274e-34 0)
(-2.06231e-34 3.70583e-35 0)
(-1.76135e-34 -8.14171e-35 0)
(-2.60951e-34 -1.14026e-34 0)
(-2.86708e-34 -2.26156e-35 0)
(-1.72478e-34 5.86986e-36 0)
(-7.85356e-35 1.65712e-35 0)
(3.1766e-37 -1.40539e-36 0)
(4.70052e-35 8.83535e-36 0)
(3.41807e-35 4.88274e-35 0)
(1.06029e-35 2.77399e-35 0)
(-4.29071e-35 8.94185e-36 0)
(-1.10285e-34 -7.18899e-36 0)
(-1.20409e-34 -4.03499e-36 0)
(-1.14603e-34 -1.57301e-36 0)
(-1.19251e-34 6.44833e-36 0)
(-1.49634e-34 4.64517e-36 0)
(-1.78154e-34 1.86436e-36 0)
(-2.05005e-34 2.79559e-37 0)
(-2.12725e-34 -8.01906e-37 0)
(-2.09649e-34 -6.59196e-37 0)
(-2.06542e-34 7.74405e-38 0)
(-2.03255e-34 -2.7374e-37 0)
(-1.95552e-34 -1.85304e-36 0)
(-1.82511e-34 -2.5526e-36 0)
(-1.66364e-34 -2.1022e-36 0)
(-1.45812e-34 -2.85056e-36 0)
(-1.18466e-34 -4.07154e-36 0)
(-8.51625e-35 -4.49136e-36 0)
(-4.41801e-35 -6.53886e-36 0)
(-1.44741e-36 -5.66232e-36 0)
(1.81665e-35 3.57171e-36 0)
(-3.24407e-35 2.67348e-35 0)
(-2.08938e-34 7.39473e-35 0)
(-2.65643e-34 7.56531e-35 0)
(-1.79399e-35 2.12691e-35 0)
(3.78238e-35 -1.52361e-34 0)
(-1.87017e-35 -2.28368e-34 0)
(-7.77396e-35 -1.83157e-34 0)
(-1.9171e-34 -1.17887e-34 0)
(-1.50791e-34 -6.42551e-35 0)
(-8.83725e-35 5.07742e-35 0)
(-1.10934e-35 4.90864e-35 0)
(-3.12754e-35 6.10232e-35 0)
(-1.57875e-34 6.65932e-35 0)
(-2.9428e-34 3.6202e-35 0)
(-4.48158e-34 1.4024e-35 0)
(-5.48494e-34 -5.27305e-36 0)
(-5.48729e-34 -1.83127e-35 0)
(-5.03489e-34 -1.30674e-35 0)
(-4.67235e-34 3.8041e-36 0)
(-4.79725e-34 2.70579e-35 0)
(-5.05062e-34 2.26949e-35 0)
(-4.0347e-34 -4.05916e-35 0)
(-2.22193e-34 -8.79389e-35 0)
(-1.55874e-34 -8.1801e-35 0)
(-2.20935e-34 4.17204e-36 0)
(-3.73502e-34 1.77268e-34 0)
(-3.65401e-34 2.15339e-34 0)
(-2.04351e-34 1.45798e-34 0)
(-1.68224e-34 -6.36783e-35 0)
(-1.69833e-34 -1.19481e-34 0)
(-1.7942e-34 -1.49261e-34 0)
(-1.99434e-34 -1.02024e-34 0)
(-1.97208e-34 -4.07568e-35 0)
(-1.75275e-34 3.04374e-35 0)
(-4.12807e-35 6.77393e-35 0)
(1.66461e-34 4.26593e-35 0)
(2.58969e-34 -7.04905e-35 0)
(2.7112e-34 -1.43587e-34 0)
(2.49477e-34 -1.97448e-34 0)
(1.60025e-34 -2.29946e-34 0)
(9.50198e-35 -2.3073e-34 0)
(5.72503e-35 -1.64748e-34 0)
(5.82729e-35 -1.2187e-34 0)
(7.03611e-35 -5.84369e-35 0)
(8.44312e-35 -1.87837e-35 0)
(1.08841e-34 1.01429e-35 0)
(1.22421e-34 5.14845e-36 0)
(1.31922e-34 -3.35209e-36 0)
(1.3013e-34 -6.47626e-36 0)
(1.39131e-34 -4.42694e-36 0)
(1.47266e-34 1.52048e-36 0)
(1.55414e-34 2.21129e-36 0)
(1.61898e-34 1.02013e-36 0)
(1.6775e-34 -2.60455e-36 0)
(1.80882e-34 -5.45759e-36 0)
(1.95257e-34 -3.87815e-36 0)
(2.05571e-34 -9.76595e-38 0)
(2.10386e-34 2.48181e-36 0)
(2.13385e-34 1.02058e-37 0)
(2.22066e-34 -5.69145e-36 0)
(2.32514e-34 -5.6667e-36 0)
(2.38378e-34 1.57086e-36 0)
(2.37531e-34 1.51788e-35 0)
(2.27364e-34 2.70599e-35 0)
(2.19021e-34 2.1003e-35 0)
(2.18295e-34 1.37152e-35 0)
(2.50253e-34 1.07884e-35 0)
(2.86642e-34 3.75701e-35 0)
(3.26358e-34 5.98902e-35 0)
(4.06542e-34 8.82423e-35 0)
(4.39508e-34 8.90604e-35 0)
(4.09994e-34 7.60417e-35 0)
(3.57887e-34 1.19612e-34 0)
(3.07615e-34 1.24785e-34 0)
(2.8114e-34 1.45155e-34 0)
(2.92473e-34 1.32144e-34 0)
(3.27745e-34 1.18603e-34 0)
(3.48586e-34 9.66438e-35 0)
(3.53381e-34 6.52554e-35 0)
(3.50318e-34 3.21266e-35 0)
(3.65399e-34 -2.03911e-36 0)
(3.87777e-34 -2.03037e-35 0)
(3.90446e-34 -1.42577e-35 0)
(3.90501e-34 3.89623e-36 0)
(3.88127e-34 2.27868e-35 0)
(3.73247e-34 1.09754e-35 0)
(3.82178e-34 -1.05358e-35 0)
(3.747e-34 6.01012e-36 0)
(3.5927e-34 5.83116e-36 0)
(3.5621e-34 3.74127e-35 0)
(3.17578e-34 3.09359e-35 0)
(2.54596e-34 2.0372e-35 0)
(1.82374e-34 2.42574e-35 0)
(1.1072e-34 1.41319e-35 0)
(3.38333e-35 2.99581e-35 0)
(-4.05584e-35 4.5165e-35 0)
(-7.68524e-35 6.3039e-35 0)
(-5.1842e-35 6.03672e-35 0)
(-1.60919e-36 2.57025e-36 0)
(3.59003e-35 -3.96239e-35 0)
(6.35522e-35 -6.49989e-35 0)
(7.91491e-35 -6.05411e-35 0)
(8.37615e-35 -4.37939e-35 0)
(7.98726e-35 -2.11922e-35 0)
(6.49754e-35 2.96727e-37 0)
(4.4049e-35 1.48025e-35 0)
(3.06773e-35 2.09226e-35 0)
(-7.50527e-35 1.31798e-34 0)
(-3.33937e-35 6.61773e-35 0)
(-4.25682e-35 1.99889e-35 0)
(-5.29557e-35 -2.88782e-36 0)
(-4.18361e-35 -8.12864e-36 0)
(-1.65792e-35 -5.80741e-36 0)
(3.94551e-36 2.85843e-36 0)
(8.4644e-36 1.14725e-35 0)
(8.19761e-37 3.06039e-35 0)
(-2.95261e-36 3.24919e-35 0)
(1.51178e-35 2.25977e-35 0)
(1.68293e-35 -3.35821e-36 0)
(1.70934e-36 -2.6123e-35 0)
(-1.93818e-35 -3.76342e-35 0)
(-5.69104e-35 -4.53246e-35 0)
(-1.1264e-34 -3.67125e-35 0)
(-1.65765e-34 -1.81618e-35 0)
(-2.199e-34 -3.36759e-36 0)
(-2.71506e-34 1.23629e-35 0)
(-2.96795e-34 1.11949e-35 0)
(-3.22612e-34 1.51567e-35 0)
(-3.60633e-34 1.88643e-35 0)
(-4.22661e-34 2.39064e-35 0)
(-4.95236e-34 2.33066e-35 0)
(-5.36957e-34 6.54979e-36 0)
(-5.25748e-34 -2.61452e-35 0)
(-5.1188e-34 -4.5992e-35 0)
(-5.50936e-34 -4.03693e-35 0)
(-6.10036e-34 2.22816e-36 0)
(-6.92754e-34 7.29904e-35 0)
(-7.19391e-34 9.04074e-35 0)
(-6.96474e-34 9.76474e-35 0)
(-6.71305e-34 3.40103e-35 0)
(-6.29272e-34 1.52365e-35 0)
(-5.67011e-34 -1.88485e-35 0)
(-4.92704e-34 -1.67195e-35 0)
(-4.58018e-34 1.70378e-36 0)
(-3.86267e-34 4.09566e-35 0)
(-3.03632e-34 8.00475e-35 0)
(-2.24684e-34 9.00456e-35 0)
(-1.56838e-34 8.51811e-35 0)
(-1.31168e-34 6.96449e-35 0)
(-1.35533e-34 4.96718e-35 0)
(-1.87652e-34 3.33702e-35 0)
(-2.27186e-34 7.73648e-36 0)
(-1.83625e-34 -2.66284e-35 0)
(-1.58127e-34 -2.87994e-35 0)
(-2.47149e-34 -1.01667e-35 0)
(-3.37401e-34 4.65346e-35 0)
(-4.14848e-34 1.13085e-34 0)
(-3.97533e-34 8.08503e-35 0)
(-3.63641e-34 8.224e-35 0)
(-3.7748e-34 3.21826e-35 0)
(-4.22913e-34 5.06948e-35 0)
(-4.24285e-34 9.20776e-36 0)
(-3.26298e-34 -1.16888e-35 0)
(-2.96282e-34 -1.57422e-35 0)
(-3.34599e-34 -8.61953e-36 0)
(-3.93996e-34 5.64183e-35 0)
(-4.28445e-34 1.0482e-34 0)
(-3.76058e-34 7.93471e-35 0)
(-2.56015e-34 5.97687e-35 0)
(-1.73183e-34 2.55055e-35 0)
(-1.88863e-34 3.72785e-35 0)
(-1.70243e-34 1.04818e-34 0)
(-8.87367e-35 1.32307e-34 0)
(-1.54443e-35 1.31243e-34 0)
(5.43158e-35 9.33537e-35 0)
(7.12806e-35 7.33904e-35 0)
(7.92172e-35 4.15967e-35 0)
(7.92263e-35 1.43749e-35 0)
(6.86458e-35 -3.25238e-36 0)
(6.90632e-35 -1.2759e-35 0)
(7.89715e-35 -1.17779e-35 0)
(9.67872e-35 -7.52508e-36 0)
(1.16517e-34 -2.79481e-36 0)
(1.20142e-34 2.76578e-36 0)
(1.06802e-34 5.22098e-36 0)
(1.02576e-34 -1.35413e-36 0)
(1.19687e-34 -7.98726e-36 0)
(1.35902e-34 -5.44398e-36 0)
(1.32801e-34 4.83964e-36 0)
(7.83819e-35 2.80444e-35 0)
(2.08705e-35 2.62052e-35 0)
(9.73345e-35 -1.93755e-35 0)
(2.80812e-34 -7.4932e-35 0)
(4.33056e-34 -1.41192e-34 0)
(4.51305e-34 -1.02048e-34 0)
(3.92857e-34 -5.03205e-36 0)
(3.30758e-34 4.3578e-35 0)
(1.58361e-34 9.92369e-35 0)
(-1.29337e-35 2.76015e-35 0)
(-1.12638e-34 5.69395e-35 0)
(-1.77478e-34 1.66265e-35 0)
(-2.09705e-34 5.23126e-35 0)
(-1.44913e-34 5.4089e-35 0)
(-4.01453e-35 1.00594e-34 0)
(6.30106e-35 8.2066e-35 0)
(1.15828e-34 8.57619e-35 0)
(1.07968e-35 6.93643e-35 0)
(-1.61187e-35 8.19585e-35 0)
(2.76018e-35 8.5942e-35 0)
(1.19656e-34 6.05272e-35 0)
(3.16309e-34 1.63472e-35 0)
(5.21417e-34 -1.46457e-35 0)
(5.59318e-34 -2.60812e-35 0)
(2.86876e-34 3.50384e-35 0)
(1.69048e-34 1.42597e-34 0)
(1.13169e-34 2.18619e-34 0)
(1.05327e-34 1.65169e-34 0)
(1.32289e-34 1.75055e-34 0)
(1.05954e-34 1.46201e-34 0)
(1.40702e-34 1.00818e-34 0)
(6.29224e-35 5.58266e-35 0)
(3.75858e-35 -6.19766e-37 0)
(1.77579e-35 -1.84908e-35 0)
(4.76469e-35 -1.94521e-35 0)
(1.29331e-34 -9.32457e-36 0)
(2.0401e-34 -4.56191e-36 0)
(2.77126e-34 -4.44683e-36 0)
(2.7867e-34 1.12487e-35 0)
(2.19947e-34 1.55415e-35 0)
(2.26715e-34 -7.57447e-36 0)
(2.8378e-34 -1.50445e-35 0)
(2.80778e-34 -5.64928e-36 0)
(2.0493e-34 4.46114e-36 0)
(1.30527e-34 1.53879e-35 0)
(2.30936e-34 -1.50535e-35 0)
(2.38563e-34 3.00414e-35 0)
(5.74963e-35 3.29823e-35 0)
(-1.4954e-34 1.06236e-34 0)
(-2.60368e-34 1.07433e-34 0)
(-2.15364e-34 2.75098e-35 0)
(-1.82254e-34 -5.73797e-35 0)
(-2.5872e-34 -8.25844e-35 0)
(-2.82036e-34 -1.65487e-35 0)
(-1.70909e-34 1.65989e-36 0)
(-7.8663e-35 1.15712e-35 0)
(6.58904e-38 9.75579e-37 0)
(4.90095e-35 7.43939e-36 0)
(3.49086e-35 3.63219e-35 0)
(8.89756e-36 2.01402e-35 0)
(-4.43616e-35 4.9358e-36 0)
(-1.10773e-34 -5.80681e-36 0)
(-1.20147e-34 -2.74335e-36 0)
(-1.14166e-34 -7.04538e-37 0)
(-1.18999e-34 4.79519e-36 0)
(-1.4984e-34 3.44458e-36 0)
(-1.78347e-34 1.03487e-36 0)
(-2.05114e-34 -1.15198e-39 0)
(-2.12761e-34 -6.50811e-37 0)
(-2.09606e-34 -4.80923e-37 0)
(-2.06524e-34 1.52641e-37 0)
(-2.03347e-34 -1.53559e-37 0)
(-1.95659e-34 -1.49234e-36 0)
(-1.82514e-34 -1.98715e-36 0)
(-1.66369e-34 -1.41084e-36 0)
(-1.45907e-34 -1.94773e-36 0)
(-1.18545e-34 -3.05381e-36 0)
(-8.52742e-35 -3.31205e-36 0)
(-4.42377e-35 -4.78118e-36 0)
(-9.77233e-37 -4.22326e-36 0)
(1.96831e-35 2.83155e-36 0)
(-2.91102e-35 2.0227e-35 0)
(-2.06652e-34 5.6234e-35 0)
(-2.68195e-34 5.5919e-35 0)
(-2.86039e-35 1.40461e-35 0)
(2.62088e-35 -1.09715e-34 0)
(-2.02372e-35 -1.62898e-34 0)
(-7.24809e-35 -1.34106e-34 0)
(-1.85934e-34 -8.26024e-35 0)
(-1.42729e-34 -4.49327e-35 0)
(-8.2859e-35 3.90754e-35 0)
(-1.06618e-35 3.91615e-35 0)
(-3.05658e-35 4.44191e-35 0)
(-1.59127e-34 4.81057e-35 0)
(-2.96882e-34 2.55328e-35 0)
(-4.50221e-34 9.20738e-36 0)
(-5.50136e-34 -4.87145e-36 0)
(-5.49105e-34 -1.48602e-35 0)
(-5.02267e-34 -9.85345e-36 0)
(-4.65085e-34 4.32379e-36 0)
(-4.78745e-34 2.21905e-35 0)
(-5.08774e-34 1.79698e-35 0)
(-4.09484e-34 -3.34957e-35 0)
(-2.24301e-34 -7.01262e-35 0)
(-1.5085e-34 -6.12756e-35 0)
(-2.0701e-34 3.94326e-36 0)
(-3.62082e-34 1.35083e-34 0)
(-3.66887e-34 1.63279e-34 0)
(-2.18998e-34 1.13863e-34 0)
(-1.82372e-34 -3.69494e-35 0)
(-1.74629e-34 -7.88755e-35 0)
(-1.78636e-34 -1.03164e-34 0)
(-1.9363e-34 -6.90424e-35 0)
(-1.90113e-34 -2.49013e-35 0)
(-1.69515e-34 2.5426e-35 0)
(-4.07044e-35 5.03453e-35 0)
(1.58886e-34 3.20184e-35 0)
(2.48754e-34 -4.87823e-35 0)
(2.64047e-34 -1.01116e-34 0)
(2.44604e-34 -1.41555e-34 0)
(1.58076e-34 -1.64611e-34 0)
(9.85923e-35 -1.66719e-34 0)
(6.33469e-35 -1.19399e-34 0)
(6.42749e-35 -8.89405e-35 0)
(7.62113e-35 -4.35009e-35 0)
(8.83387e-35 -1.54411e-35 0)
(1.10257e-34 5.14647e-36 0)
(1.21716e-34 2.2499e-36 0)
(1.31332e-34 -3.31223e-36 0)
(1.30123e-34 -4.5942e-36 0)
(1.39615e-34 -2.98161e-36 0)
(1.47654e-34 1.35484e-36 0)
(1.55368e-34 1.70503e-36 0)
(1.61597e-34 6.52266e-37 0)
(1.67346e-34 -2.03743e-36 0)
(1.80807e-34 -4.26538e-36 0)
(1.95618e-34 -2.87505e-36 0)
(2.05991e-34 3.47122e-37 0)
(2.1038e-34 2.30343e-36 0)
(2.12809e-34 2.59202e-38 0)
(2.21667e-34 -5.01987e-36 0)
(2.33022e-34 -4.84732e-36 0)
(2.39805e-34 1.44035e-36 0)
(2.39269e-34 1.24004e-35 0)
(2.27711e-34 2.19872e-35 0)
(2.17956e-34 1.60031e-35 0)
(2.17327e-34 8.39222e-36 0)
(2.51576e-34 3.29087e-36 0)
(2.8985e-34 2.23464e-35 0)
(3.29806e-34 3.9815e-35 0)
(4.08706e-34 6.12199e-35 0)
(4.38877e-34 6.4707e-35 0)
(4.12107e-34 5.53592e-35 0)
(3.6116e-34 8.79475e-35 0)
(3.0925e-34 9.09988e-35 0)
(2.81516e-34 1.04949e-34 0)
(2.90543e-34 9.43447e-35 0)
(3.25355e-34 8.37126e-35 0)
(3.45073e-34 6.94155e-35 0)
(3.48975e-34 4.75123e-35 0)
(3.45541e-34 2.27674e-35 0)
(3.61599e-34 -3.7386e-36 0)
(3.8695e-34 -1.7668e-35 0)
(3.92354e-34 -1.1547e-35 0)
(3.934e-34 3.57165e-36 0)
(3.8877e-34 1.94639e-35 0)
(3.70623e-34 1.06593e-35 0)
(3.81585e-34 -8.85037e-36 0)
(3.75766e-34 3.2761e-36 0)
(3.61674e-34 2.06329e-36 0)
(3.5847e-34 2.78361e-35 0)
(3.16634e-34 2.63932e-35 0)
(2.54245e-34 1.97388e-35 0)
(1.81837e-34 2.31619e-35 0)
(1.10891e-34 1.40502e-35 0)
(3.59339e-35 2.36342e-35 0)
(-3.82685e-35 3.36847e-35 0)
(-7.57672e-35 4.49555e-35 0)
(-5.63368e-35 4.37118e-35 0)
(-9.09961e-36 2.53377e-36 0)
(3.08121e-35 -2.67768e-35 0)
(6.19503e-35 -4.48799e-35 0)
(8.0788e-35 -4.16247e-35 0)
(8.67909e-35 -2.94646e-35 0)
(8.32636e-35 -1.35647e-35 0)
(6.77476e-35 1.59564e-36 0)
(4.56068e-35 1.16357e-35 0)
(3.20951e-35 1.5344e-35 0)
(-8.13155e-35 9.28911e-35 0)
(-4.04134e-35 4.68747e-35 0)
(-4.68831e-35 1.48581e-35 0)
(-5.47211e-35 -4.6403e-37 0)
(-4.20901e-35 -4.07443e-36 0)
(-1.59959e-35 -3.18226e-36 0)
(4.92556e-36 2.18636e-36 0)
(1.0141e-35 7.54514e-36 0)
(2.14939e-36 2.11335e-35 0)
(-3.37031e-36 2.27547e-35 0)
(1.3039e-35 1.61999e-35 0)
(1.39535e-35 -1.11855e-36 0)
(-3.72632e-37 -1.65903e-35 0)
(-2.05915e-35 -2.54248e-35 0)
(-5.69117e-35 -3.10986e-35 0)
(-1.11062e-34 -2.5437e-35 0)
(-1.63834e-34 -1.2253e-35 0)
(-2.18156e-34 -2.6622e-36 0)
(-2.70701e-34 8.20099e-36 0)
(-2.96665e-34 6.52217e-36 0)
(-3.2211e-34 9.47778e-36 0)
(-3.60049e-34 1.33372e-35 0)
(-4.22388e-34 1.72745e-35 0)
(-4.96265e-34 1.63397e-35 0)
(-5.39834e-34 3.59632e-36 0)
(-5.28745e-34 -2.02396e-35 0)
(-5.12646e-34 -3.34828e-35 0)
(-5.48277e-34 -2.83647e-35 0)
(-6.03768e-34 6.15388e-37 0)
(-6.87843e-34 5.0773e-35 0)
(-7.17969e-34 6.29272e-35 0)
(-6.99388e-34 6.83002e-35 0)
(-6.75694e-34 2.56411e-35 0)
(-6.32106e-34 1.22662e-35 0)
(-5.68781e-34 -1.07889e-35 0)
(-4.9169e-34 -1.05551e-35 0)
(-4.55066e-34 2.71789e-36 0)
(-3.82279e-34 2.84007e-35 0)
(-3.01078e-34 5.44386e-35 0)
(-2.24408e-34 6.22054e-35 0)
(-1.5791e-34 5.78861e-35 0)
(-1.32984e-34 4.71038e-35 0)
(-1.37351e-34 3.31748e-35 0)
(-1.89758e-34 2.26009e-35 0)
(-2.30294e-34 4.45913e-36 0)
(-1.85466e-34 -2.11412e-35 0)
(-1.57142e-34 -2.05966e-35 0)
(-2.43362e-34 -4.38548e-36 0)
(-3.31345e-34 3.30436e-35 0)
(-4.13161e-34 7.84021e-35 0)
(-3.99e-34 5.55607e-35 0)
(-3.65848e-34 5.77479e-35 0)
(-3.78963e-34 2.59577e-35 0)
(-4.24108e-34 3.74104e-35 0)
(-4.27491e-34 7.19967e-36 0)
(-3.27538e-34 -1.10568e-35 0)
(-2.96057e-34 -1.00319e-35 0)
(-3.31257e-34 -4.87858e-36 0)
(-3.88664e-34 3.82681e-35 0)
(-4.27305e-34 7.24191e-35 0)
(-3.78097e-34 5.5e-35 0)
(-2.58394e-34 4.19184e-35 0)
(-1.74162e-34 2.04847e-35 0)
(-1.85279e-34 2.88393e-35 0)
(-1.66039e-34 7.48591e-35 0)
(-8.76012e-35 9.10719e-35 0)
(-1.72013e-35 9.12353e-35 0)
(5.16599e-35 6.39205e-35 0)
(6.8945e-35 4.95636e-35 0)
(7.6589e-35 2.75197e-35 0)
(7.72724e-35 8.49076e-36 0)
(6.75041e-35 -2.80212e-36 0)
(6.87119e-35 -8.79963e-36 0)
(7.92034e-35 -8.0316e-36 0)
(9.71784e-35 -4.96736e-36 0)
(1.16966e-34 -1.66125e-36 0)
(1.20491e-34 2.33501e-36 0)
(1.06602e-34 3.96719e-36 0)
(1.01973e-34 -1.39572e-36 0)
(1.19524e-34 -6.51299e-36 0)
(1.36496e-34 -3.71009e-36 0)
(1.34246e-34 4.36738e-36 0)
(7.9276e-35 2.07913e-35 0)
(1.88036e-35 1.87229e-35 0)
(9.30799e-35 -1.60848e-35 0)
(2.75866e-34 -5.44835e-35 0)
(4.32032e-34 -9.81543e-35 0)
(4.56872e-34 -6.88897e-35 0)
(3.98663e-34 -1.22771e-36 0)
(3.34899e-34 2.93536e-35 0)
(1.57715e-34 6.83797e-35 0)
(-1.4723e-35 1.6943e-35 0)
(-1.13043e-34 3.53997e-35 0)
(-1.77551e-34 1.04459e-35 0)
(-2.08194e-34 3.68288e-35 0)
(-1.43061e-34 3.77822e-35 0)
(-3.90132e-35 6.9283e-35 0)
(6.24587e-35 5.86912e-35 0)
(1.15306e-34 5.9649e-35 0)
(1.05708e-35 4.8305e-35 0)
(-1.55865e-35 5.45495e-35 0)
(2.68269e-35 5.67299e-35 0)
(1.17093e-34 4.12598e-35 0)
(3.13524e-34 9.84181e-36 0)
(5.19919e-34 -1.08867e-35 0)
(5.61239e-34 -1.65497e-35 0)
(2.92991e-34 2.76517e-35 0)
(1.75574e-34 9.81384e-35 0)
(1.14037e-34 1.47634e-34 0)
(1.03765e-34 1.14662e-34 0)
(1.31588e-34 1.17952e-34 0)
(1.03279e-34 1.00938e-34 0)
(1.37446e-34 6.5956e-35 0)
(5.93919e-35 3.63567e-35 0)
(3.50132e-35 -2.32803e-36 0)
(1.71647e-35 -1.37203e-35 0)
(4.79995e-35 -1.26237e-35 0)
(1.2984e-34 -5.75195e-36 0)
(2.04162e-34 -2.5219e-36 0)
(2.77671e-34 -3.00728e-36 0)
(2.79385e-34 8.51283e-36 0)
(2.19256e-34 1.20169e-35 0)
(2.25596e-34 -6.88408e-36 0)
(2.83914e-34 -1.27088e-35 0)
(2.81533e-34 -2.25658e-36 0)
(2.05588e-34 5.46582e-36 0)
(1.29758e-34 1.00213e-35 0)
(2.31446e-34 -1.38597e-35 0)
(2.40328e-34 2.18571e-35 0)
(5.99549e-35 2.82788e-35 0)
(-1.47261e-34 7.35094e-35 0)
(-2.62946e-34 7.23041e-35 0)
(-2.20589e-34 1.64253e-35 0)
(-1.85699e-34 -3.91598e-35 0)
(-2.57437e-34 -5.59115e-35 0)
(-2.7943e-34 -1.0088e-35 0)
(-1.70039e-34 8.37336e-38 0)
(-7.86161e-35 8.04733e-36 0)
(-4.48402e-38 2.04906e-36 0)
(5.0126e-35 5.80741e-36 0)
(3.5298e-35 2.54952e-35 0)
(7.82462e-36 1.39182e-35 0)
(-4.52221e-35 1.5226e-36 0)
(-1.10981e-34 -4.57854e-36 0)
(-1.19954e-34 -1.80521e-36 0)
(-1.13917e-34 4.45418e-38 0)
(-1.18871e-34 3.33835e-36 0)
(-1.49976e-34 2.3911e-36 0)
(-1.7847e-34 2.7247e-37 0)
(-2.05163e-34 -2.65765e-37 0)
(-2.12771e-34 -5.04362e-37 0)
(-2.09575e-34 -3.17505e-37 0)
(-2.06512e-34 1.95946e-37 0)
(-2.0341e-34 -6.27087e-38 0)
(-1.95726e-34 -1.1389e-36 0)
(-1.82505e-34 -1.44232e-36 0)
(-1.66362e-34 -8.03833e-37 0)
(-1.4597e-34 -1.1634e-36 0)
(-1.18598e-34 -2.13743e-36 0)
(-8.53322e-35 -2.25068e-36 0)
(-4.42692e-35 -3.12215e-36 0)
(-6.96424e-37 -2.77092e-36 0)
(2.05883e-35 2.32388e-36 0)
(-2.71243e-35 1.46776e-35 0)
(-2.05368e-34 4.0181e-35 0)
(-2.69873e-34 3.79892e-35 0)
(-3.4725e-35 5.94446e-36 0)
(1.98054e-35 -7.54229e-35 0)
(-2.11677e-35 -1.08146e-34 0)
(-6.94777e-35 -9.27076e-35 0)
(-1.82514e-34 -5.39208e-35 0)
(-1.38136e-34 -2.94873e-35 0)
(-7.96251e-35 2.86419e-35 0)
(-1.05172e-35 2.95097e-35 0)
(-3.03116e-35 2.99121e-35 0)
(-1.5988e-34 3.24204e-35 0)
(-2.98418e-34 1.62782e-35 0)
(-4.51414e-34 4.69945e-36 0)
(-5.51084e-34 -4.62195e-36 0)
(-5.49271e-34 -1.14929e-35 0)
(-5.01419e-34 -6.68757e-36 0)
(-4.63744e-34 4.72435e-36 0)
(-4.78225e-34 1.70489e-35 0)
(-5.11191e-34 1.26079e-35 0)
(-4.13214e-34 -2.65888e-35 0)
(-2.25309e-34 -5.20858e-35 0)
(-1.47594e-34 -4.02281e-35 0)
(-1.98793e-34 6.45261e-36 0)
(-3.5547e-34 9.63763e-35 0)
(-3.6783e-34 1.13688e-34 0)
(-2.27334e-34 7.80602e-35 0)
(-1.90404e-34 -2.23957e-35 0)
(-1.77481e-34 -5.08172e-35 0)
(-1.7825e-34 -6.84824e-35 0)
(-1.90278e-34 -4.44778e-35 0)
(-1.86091e-34 -1.39473e-35 0)
(-1.66367e-34 1.96783e-35 0)
(-4.04944e-35 3.4784e-35 0)
(1.54595e-34 2.17767e-35 0)
(2.42983e-34 -3.21352e-35 0)
(2.59935e-34 -6.77979e-35 0)
(2.41784e-34 -9.69608e-35 0)
(1.56962e-34 -1.11547e-34 0)
(1.00585e-34 -1.13328e-34 0)
(6.68291e-35 -8.10734e-35 0)
(6.76815e-35 -5.98648e-35 0)
(7.95121e-35 -2.95157e-35 0)
(9.05235e-35 -1.04984e-35 0)
(1.11059e-34 2.71514e-36 0)
(1.21346e-34 1.07162e-36 0)
(1.31046e-34 -2.80405e-36 0)
(1.30166e-34 -2.9858e-36 0)
(1.39896e-34 -1.83907e-36 0)
(1.4787e-34 1.11707e-36 0)
(1.55325e-34 1.28953e-36 0)
(1.61412e-34 3.57756e-37 0)
(1.67106e-34 -1.49105e-36 0)
(1.80771e-34 -3.09792e-36 0)
(1.95863e-34 -1.90999e-36 0)
(2.06256e-34 6.79249e-37 0)
(2.10345e-34 1.95472e-36 0)
(2.12409e-34 -1.18622e-37 0)
(2.21413e-34 -4.09866e-36 0)
(2.33385e-34 -3.65968e-36 0)
(2.40723e-34 1.51844e-36 0)
(2.40342e-34 9.48332e-36 0)
(2.27863e-34 1.62615e-35 0)
(2.17159e-34 1.10263e-35 0)
(2.16553e-34 4.44659e-36 0)
(2.52232e-34 -1.02696e-37 0)
(2.91777e-34 1.34307e-35 0)
(3.31857e-34 2.66739e-35 0)
(4.10064e-34 4.06775e-35 0)
(4.38647e-34 4.43625e-35 0)
(4.13349e-34 3.82282e-35 0)
(3.63031e-34 6.0385e-35 0)
(3.10103e-34 6.21744e-35 0)
(2.81633e-34 7.07874e-35 0)
(2.89364e-34 6.32279e-35 0)
(3.24053e-34 5.56401e-35 0)
(3.43193e-34 4.73137e-35 0)
(3.46424e-34 3.26094e-35 0)
(3.42652e-34 1.46577e-35 0)
(3.59322e-34 -4.51762e-36 0)
(3.86587e-34 -1.37161e-35 0)
(3.93656e-34 -7.67005e-36 0)
(3.95226e-34 3.50947e-36 0)
(3.89199e-34 1.47006e-35 0)
(3.68893e-34 8.42813e-36 0)
(3.81067e-34 -7.36764e-36 0)
(3.76397e-34 1.54697e-36 0)
(3.63129e-34 1.33095e-36 0)
(3.60008e-34 1.9205e-35 0)
(3.16267e-34 1.98002e-35 0)
(2.5408e-34 1.51659e-35 0)
(1.81465e-34 1.74942e-35 0)
(1.10826e-34 1.05244e-35 0)
(3.70301e-35 1.6321e-35 0)
(-3.70693e-35 2.31889e-35 0)
(-7.52074e-35 2.98887e-35 0)
(-5.885e-35 2.91617e-35 0)
(-1.32816e-35 1.43267e-36 0)
(2.8005e-35 -1.76923e-35 0)
(6.10737e-35 -2.94797e-35 0)
(8.17415e-35 -2.71344e-35 0)
(8.85057e-35 -1.86883e-35 0)
(8.51532e-35 -8.17779e-36 0)
(6.92814e-35 1.86782e-36 0)
(4.64161e-35 8.35933e-36 0)
(3.30084e-35 1.0156e-35 0)
(-8.50731e-35 5.93091e-35 0)
(-4.42951e-35 2.8412e-35 0)
(-4.91648e-35 8.03056e-36 0)
(-5.5591e-35 -4.17472e-37 0)
(-4.22137e-35 -1.97706e-36 0)
(-1.57183e-35 -1.36137e-36 0)
(5.41275e-36 1.72939e-36 0)
(1.10314e-35 4.96944e-36 0)
(2.87374e-36 1.34038e-35 0)
(-3.60962e-36 1.43107e-35 0)
(1.19335e-35 9.53192e-36 0)
(1.24665e-35 -8.68736e-37 0)
(-1.50226e-36 -9.85143e-36 0)
(-2.12837e-35 -1.60044e-35 0)
(-5.69154e-35 -1.94114e-35 0)
(-1.10194e-34 -1.57299e-35 0)
(-1.62815e-34 -7.09636e-36 0)
(-2.17261e-34 -1.88915e-36 0)
(-2.70318e-34 4.84844e-36 0)
(-2.96629e-34 2.95944e-36 0)
(-3.21759e-34 5.10266e-36 0)
(-3.5966e-34 8.69945e-36 0)
(-4.22277e-34 1.1093e-35 0)
(-4.96924e-34 9.5019e-36 0)
(-5.41481e-34 3.74451e-37 0)
(-5.30334e-34 -1.48541e-35 0)
(-5.12905e-34 -2.16435e-35 0)
(-5.46784e-34 -1.63e-35 0)
(-6.00417e-34 1.16268e-36 0)
(-6.85204e-34 3.21378e-35 0)
(-7.1727e-34 3.93264e-35 0)
(-7.00927e-34 4.08279e-35 0)
(-6.77996e-34 1.58768e-35 0)
(-6.33591e-34 7.07782e-36 0)
(-5.69711e-34 -5.73732e-36 0)
(-4.91126e-34 -6.0867e-36 0)
(-4.53477e-34 3.70374e-36 0)
(-3.80248e-34 1.88829e-35 0)
(-2.99721e-34 3.38732e-35 0)
(-2.24281e-34 3.95711e-35 0)
(-1.58553e-34 3.53526e-35 0)
(-1.33975e-34 2.8508e-35 0)
(-1.38308e-34 1.94833e-35 0)
(-1.90882e-34 1.34395e-35 0)
(-2.32067e-34 1.59029e-36 0)
(-1.86427e-34 -1.59649e-35 0)
(-1.56316e-34 -1.32147e-35 0)
(-2.41253e-34 1.26606e-36 0)
(-3.28297e-34 2.188e-35 0)
(-4.12358e-34 4.73981e-35 0)
(-3.99782e-34 3.32117e-35 0)
(-3.66853e-34 3.44129e-35 0)
(-3.79687e-34 1.85805e-35 0)
(-4.24887e-34 2.32857e-35 0)
(-4.29413e-34 3.81684e-36 0)
(-3.28135e-34 -1.07812e-35 0)
(-2.9567e-34 -4.46689e-36 0)
(-3.29543e-34 4.01188e-38 0)
(-3.85927e-34 2.36688e-35 0)
(-4.26697e-34 4.43584e-35 0)
(-3.79201e-34 3.35169e-35 0)
(-2.59566e-34 2.4735e-35 0)
(-1.74545e-34 1.41788e-35 0)
(-1.83355e-34 2.02635e-35 0)
(-1.63932e-34 4.84289e-35 0)
(-8.70761e-35 5.56203e-35 0)
(-1.81493e-35 5.66542e-35 0)
(5.01782e-35 3.86311e-35 0)
(6.76842e-35 2.9478e-35 0)
(7.51763e-35 1.59631e-35 0)
(7.62528e-35 3.87158e-36 0)
(6.69525e-35 -2.28513e-36 0)
(6.85511e-35 -5.44556e-36 0)
(7.93387e-35 -4.86083e-36 0)
(9.73966e-35 -2.74325e-36 0)
(1.17213e-34 -6.52127e-37 0)
(1.20676e-34 1.9021e-36 0)
(1.06457e-34 2.72882e-36 0)
(1.01599e-34 -1.42312e-36 0)
(1.19465e-34 -4.99759e-36 0)
(1.369e-34 -1.99095e-36 0)
(1.35059e-34 4.03204e-36 0)
(7.97127e-35 1.39771e-35 0)
(1.75272e-35 1.14505e-35 0)
(9.06867e-35 -1.33657e-35 0)
(2.73361e-34 -3.66998e-35 0)
(4.3171e-34 -5.96656e-35 0)
(4.59968e-34 -3.88622e-35 0)
(4.01644e-34 3.55659e-36 0)
(3.36954e-34 1.81929e-35 0)
(1.57297e-34 4.14261e-35 0)
(-1.58252e-35 8.32349e-36 0)
(-1.13204e-34 1.71107e-35 0)
(-1.77393e-34 6.07232e-36 0)
(-2.07342e-34 2.37639e-35 0)
(-1.42122e-34 2.40339e-35 0)
(-3.83543e-35 4.21888e-35 0)
(6.2185e-35 3.84569e-35 0)
(1.14961e-34 3.67807e-35 0)
(1.0374e-35 2.99888e-35 0)
(-1.53983e-35 3.17267e-35 0)
(2.64871e-35 3.2717e-35 0)
(1.15764e-34 2.59554e-35 0)
(3.12008e-34 4.88859e-36 0)
(5.19231e-34 -7.4787e-36 0)
(5.62432e-34 -8.06285e-36 0)
(2.96198e-34 2.14383e-35 0)
(1.78789e-34 6.12418e-35 0)
(1.14513e-34 8.71773e-35 0)
(1.02943e-34 7.16449e-35 0)
(1.31202e-34 6.91979e-35 0)
(1.01842e-34 6.30226e-35 0)
(1.35625e-34 3.70013e-35 0)
(5.75649e-35 2.04042e-35 0)
(3.36717e-35 -3.51744e-36 0)
(1.69436e-35 -9.7709e-36 0)
(4.82517e-35 -6.85388e-36 0)
(1.30107e-34 -2.6954e-36 0)
(2.04223e-34 -6.93428e-37 0)
(2.77962e-34 -1.60179e-36 0)
(2.79803e-34 6.05441e-36 0)
(2.18805e-34 8.70234e-36 0)
(2.24879e-34 -6.14683e-36 0)
(2.84104e-34 -1.03934e-35 0)
(2.82101e-34 7.47425e-37 0)
(2.05847e-34 6.28807e-36 0)
(1.29144e-34 4.94526e-36 0)
(2.31779e-34 -1.24888e-35 0)
(2.41581e-34 1.4391e-35 0)
(6.12218e-35 2.42503e-35 0)
(-1.46332e-34 4.44675e-35 0)
(-2.64421e-34 4.08595e-35 0)
(-2.23293e-34 5.72566e-36 0)
(-1.87393e-34 -2.48348e-35 0)
(-2.56688e-34 -3.35593e-35 0)
(-2.7809e-34 -4.03769e-36 0)
(-1.69621e-34 -3.51814e-37 0)
(-7.85339e-35 5.43381e-36 0)
(-9.36728e-38 2.4637e-36 0)
(5.06985e-35 4.24532e-36 0)
(3.54901e-35 1.63068e-35 0)
(7.17031e-36 8.83391e-36 0)
(-4.57054e-35 -1.38083e-36 0)
(-1.11024e-34 -3.51799e-36 0)
(-1.19812e-34 -1.10981e-36 0)
(-1.13785e-34 6.84752e-37 0)
(-1.18822e-34 2.07745e-36 0)
(-1.50067e-34 1.48274e-36 0)
(-1.78545e-34 -4.07408e-37 0)
(-2.05174e-34 -5.05835e-37 0)
(-2.12766e-34 -3.6975e-37 0)
(-2.09553e-34 -1.72358e-37 0)
(-2.06505e-34 2.19441e-37 0)
(-2.03449e-34 7.30204e-39 0)
(-1.95765e-34 -8.10001e-37 0)
(-1.82489e-34 -9.42192e-37 0)
(-1.66349e-34 -2.82314e-37 0)
(-1.46011e-34 -4.92977e-37 0)
(-1.18631e-34 -1.32766e-36 0)
(-8.5354e-35 -1.31384e-36 0)
(-4.42799e-35 -1.62532e-36 0)
(-5.39274e-37 -1.4122e-36 0)
(2.10922e-35 1.95823e-36 0)
(-2.60353e-35 9.97159e-36 0)
(-2.04745e-34 2.6058e-35 0)
(-2.70982e-34 2.23802e-35 0)
(-3.79765e-35 -1.6956e-36 0)
(1.67097e-35 -4.76398e-35 0)
(-2.16677e-35 -6.24395e-35 0)
(-6.79238e-35 -5.82149e-35 0)
(-1.8062e-34 -3.05225e-35 0)
(-1.35724e-34 -1.69954e-35 0)
(-7.78552e-35 1.96502e-35 0)
(-1.05394e-35 2.08731e-35 0)
(-3.0298e-35 1.75127e-35 0)
(-1.60306e-34 1.92212e-35 0)
(-2.99284e-34 8.3375e-36 0)
(-4.52047e-34 6.16978e-37 0)
(-5.51562e-34 -4.47155e-36 0)
(-5.49294e-34 -8.38062e-36 0)
(-5.00844e-34 -3.76182e-36 0)
(-4.62975e-34 5.01763e-36 0)
(-4.7803e-34 1.21187e-35 0)
(-5.12686e-34 7.32731e-36 0)
(-4.15324e-34 -2.01617e-35 0)
(-2.25572e-34 -3.51668e-35 0)
(-1.45529e-34 -2.06088e-35 0)
(-1.94429e-34 9.94548e-36 0)
(-3.52153e-34 6.21124e-35 0)
(-3.68569e-34 6.92639e-35 0)
(-2.31736e-34 4.36513e-35 0)
(-1.94488e-34 -1.40911e-35 0)
(-1.78981e-34 -3.02839e-35 0)
(-1.78026e-34 -4.15099e-35 0)
(-1.88434e-34 -2.54733e-35 0)
(-1.83959e-34 -5.93814e-36 0)
(-1.64806e-34 1.42011e-35 0)
(-4.04928e-35 2.14953e-35 0)
(1.52352e-34 1.26787e-35 0)
(2.39979e-34 -1.90023e-35 0)
(2.57679e-34 -4.11311e-35 0)
(2.40281e-34 -6.10175e-35 0)
(1.56442e-34 -6.82056e-35 0)
(1.01647e-34 -6.88785e-35 0)
(6.87114e-35 -4.89689e-35 0)
(6.94854e-35 -3.48376e-35 0)
(8.12258e-35 -1.71466e-35 0)
(9.16334e-35 -5.31219e-36 0)
(1.11446e-34 1.50399e-36 0)
(1.21147e-34 6.78439e-37 0)
(1.3091e-34 -2.18309e-36 0)
(1.3022e-34 -1.64916e-36 0)
(1.40045e-34 -9.18206e-37 0)
(1.47983e-34 8.73148e-37 0)
(1.55289e-34 9.58281e-37 0)
(1.61303e-34 1.21026e-37 0)
(1.66977e-34 -9.92404e-37 0)
(1.80762e-34 -2.01502e-36 0)
(1.96022e-34 -1.02219e-36 0)
(2.06408e-34 9.28494e-37 0)
(2.10296e-34 1.53198e-36 0)
(2.12151e-34 -2.90736e-37 0)
(2.21277e-34 -3.0914e-36 0)
(2.33638e-34 -2.34602e-36 0)
(2.41263e-34 1.69263e-36 0)
(2.40919e-34 6.68603e-36 0)
(2.27889e-34 1.05617e-35 0)
(2.16633e-34 6.38906e-36 0)
(2.16071e-34 1.44769e-36 0)
(2.52605e-34 -1.23695e-36 0)
(2.92912e-34 8.15983e-36 0)
(3.32953e-34 1.78134e-35 0)
(4.10761e-34 2.47994e-35 0)
(4.3858e-34 2.74304e-35 0)
(4.13997e-34 2.41622e-35 0)
(3.63984e-34 3.68614e-35 0)
(3.10494e-34 3.78752e-35 0)
(2.81643e-34 4.20925e-35 0)
(2.8873e-34 3.76739e-35 0)
(3.23429e-34 3.29039e-35 0)
(3.42272e-34 2.9197e-35 0)
(3.45009e-34 2.00018e-35 0)
(3.41015e-34 7.6422e-36 0)
(3.58114e-34 -4.74425e-36 0)
(3.86544e-34 -9.27726e-36 0)
(3.94477e-34 -3.43017e-36 0)
(3.96194e-34 3.5777e-36 0)
(3.89387e-34 9.44826e-36 0)
(3.67853e-34 5.28142e-36 0)
(3.80729e-34 -6.02455e-36 0)
(3.76854e-34 3.62014e-37 0)
(3.63938e-34 2.20226e-36 0)
(3.60841e-34 1.17982e-35 0)
(3.16105e-34 1.2858e-35 0)
(2.53953e-34 9.35608e-36 0)
(1.81231e-34 1.04074e-35 0)
(1.10747e-34 5.95372e-36 0)
(3.76087e-35 9.35891e-36 0)
(-3.64619e-35 1.41044e-35 0)
(-7.49645e-35 1.74835e-35 0)
(-6.01684e-35 1.67696e-35 0)
(-1.54292e-35 5.96054e-38 0)
(2.66086e-35 -1.08646e-35 0)
(6.06606e-35 -1.72848e-35 0)
(8.22665e-35 -1.56774e-35 0)
(8.94047e-35 -1.02874e-35 0)
(8.61157e-35 -4.18146e-36 0)
(7.0054e-35 1.66783e-36 0)
(4.67747e-35 5.28507e-36 0)
(3.3584e-35 5.5197e-36 0)
(-8.7358e-35 3.07892e-35 0)
(-4.62597e-35 1.19808e-35 0)
(-5.01753e-35 1.21245e-36 0)
(-5.58741e-35 -1.20294e-36 0)
(-4.22066e-35 -7.52037e-37 0)
(-1.55823e-35 8.3698e-38 0)
(5.63233e-36 1.45559e-36 0)
(1.14357e-35 3.22237e-36 0)
(3.18584e-36 7.0406e-36 0)
(-3.78439e-36 7.10801e-36 0)
(1.13876e-35 3.33023e-36 0)
(1.18381e-35 -1.47734e-36 0)
(-2.01159e-36 -4.80032e-36 0)
(-2.16183e-35 -8.52513e-36 0)
(-5.68885e-35 -9.77538e-36 0)
(-1.09758e-34 -7.54455e-36 0)
(-1.62364e-34 -2.75733e-36 0)
(-2.16892e-34 -1.26974e-36 0)
(-2.70184e-34 2.05632e-36 0)
(-2.96636e-34 1.42612e-37 0)
(-3.21525e-34 1.6337e-36 0)
(-3.59437e-34 4.77353e-36 0)
(-4.22295e-34 5.51721e-36 0)
(-4.97341e-34 3.20819e-36 0)
(-5.42299e-34 -2.70452e-36 0)
(-5.30985e-34 -1.00552e-35 0)
(-5.12824e-34 -1.103e-35 0)
(-5.46011e-34 -5.26482e-36 0)
(-5.98941e-34 2.52565e-36 0)
(-6.84049e-34 1.64014e-35 0)
(-7.1709e-34 1.93549e-35 0)
(-7.01674e-34 1.64978e-35 0)
(-6.78998e-34 6.50926e-36 0)
(-6.34211e-34 1.58973e-36 0)
(-5.70066e-34 -2.16677e-36 0)
(-4.90796e-34 -2.56006e-36 0)
(-4.52691e-34 4.67175e-36 0)
(-3.794e-34 1.15256e-35 0)
(-2.99117e-34 1.71501e-35 0)
(-2.24261e-34 2.10516e-35 0)
(-1.58932e-34 1.67093e-35 0)
(-1.34456e-34 1.31559e-35 0)
(-1.38747e-34 8.12435e-36 0)
(-1.91404e-34 5.68207e-36 0)
(-2.32973e-34 -8.91636e-37 0)
(-1.86827e-34 -1.12735e-35 0)
(-1.55627e-34 -6.81618e-36 0)
(-2.40208e-34 6.27768e-36 0)
(-3.27165e-34 1.26032e-35 0)
(-4.12121e-34 2.04348e-35 0)
(-4.00155e-34 1.41346e-35 0)
(-3.6716e-34 1.36609e-35 0)
(-3.79956e-34 1.14761e-35 0)
(-4.25375e-34 1.00382e-35 0)
(-4.30436e-34 3.11898e-37 0)
(-3.28279e-34 -1.04667e-35 0)
(-2.95171e-34 6.53841e-37 0)
(-3.28838e-34 5.0228e-36 0)
(-3.84858e-34 1.17527e-35 0)
(-4.26457e-34 2.03959e-35 0)
(-3.79747e-34 1.51682e-35 0)
(-2.60028e-34 9.49396e-36 0)
(-1.74562e-34 8.01764e-36 0)
(-1.82443e-34 1.24761e-35 0)
(-1.63094e-34 2.58971e-35 0)
(-8.69123e-35 2.57071e-35 0)
(-1.85864e-35 2.74735e-35 0)
(4.94534e-35 1.73611e-35 0)
(6.71103e-35 1.276e-35 0)
(7.45269e-35 6.48807e-36 0)
(7.58061e-35 1.75627e-37 0)
(6.6753e-35 -1.80141e-36 0)
(6.85031e-35 -2.64482e-36 0)
(7.94143e-35 -2.20325e-36 0)
(9.75071e-35 -8.40155e-37 0)
(1.17328e-34 2.22276e-37 0)
(1.20755e-34 1.49544e-36 0)
(1.06352e-34 1.58708e-36 0)
(1.01385e-34 -1.4325e-36 0)
(1.19474e-34 -3.56307e-36 0)
(1.3717e-34 -4.17844e-37 0)
(1.35451e-34 3.76173e-36 0)
(7.98467e-35 7.86895e-36 0)
(1.67832e-35 4.85789e-36 0)
(8.9504e-35 -1.10082e-35 0)
(2.72405e-34 -2.14433e-35 0)
(4.31825e-34 -2.63484e-35 0)
(4.61492e-34 -1.28194e-35 0)
(4.02856e-34 8.13055e-36 0)
(3.37679e-34 9.12281e-36 0)
(1.57024e-34 1.8269e-35 0)
(-1.64593e-35 1.2951e-36 0)
(-1.1321e-34 1.79586e-36 0)
(-1.77114e-34 2.8012e-36 0)
(-2.06924e-34 1.28256e-35 0)
(-1.41757e-34 1.25837e-35 0)
(-3.8006e-35 1.92387e-35 0)
(6.20787e-35 2.13941e-35 0)
(1.14731e-34 1.72959e-35 0)
(1.02288e-35 1.44116e-35 0)
(-1.5388e-35 1.28777e-35 0)
(2.64211e-35 1.29713e-35 0)
(1.15199e-34 1.36845e-35 0)
(3.1127e-34 1.08852e-36 0)
(5.19029e-34 -4.46522e-36 0)
(5.63143e-34 -7.96412e-37 0)
(2.97607e-34 1.61077e-35 0)
(1.79969e-34 3.07338e-35 0)
(1.14729e-34 3.62747e-35 0)
(1.02583e-34 3.56779e-35 0)
(1.31026e-34 2.82317e-35 0)
(1.01194e-34 3.15996e-35 0)
(1.34709e-34 1.30582e-35 0)
(5.67857e-35 7.31355e-36 0)
(3.30812e-35 -4.3919e-36 0)
(1.69374e-35 -6.52637e-36 0)
(4.8436e-35 -2.01807e-36 0)
(1.30228e-34 -1.06443e-37 0)
(2.04234e-34 9.05894e-37 0)
(2.7809e-34 -3.1242e-37 0)
(2.8002e-34 3.90558e-36 0)
(2.1852e-34 5.73108e-36 0)
(2.24441e-34 -5.42091e-36 0)
(2.84313e-34 -8.24028e-36 0)
(2.82521e-34 3.29519e-36 0)
(2.05858e-34 6.90151e-36 0)
(1.28664e-34 4.09454e-37 0)
(2.31994e-34 -1.10664e-35 0)
(2.42466e-34 7.85235e-36 0)
(6.17386e-35 2.08064e-35 0)
(-1.46233e-34 1.948e-35 0)
(-2.65191e-34 1.37563e-35 0)
(-2.24425e-34 -3.74747e-36 0)
(-1.87999e-34 -1.32398e-35 0)
(-2.56255e-34 -1.49682e-35 0)
(-2.77514e-34 1.3077e-36 0)
(-1.69483e-34 -3.42119e-37 0)
(-7.84592e-35 3.42239e-36 0)
(-1.13894e-37 2.5683e-36 0)
(5.09433e-35 2.87233e-36 0)
(3.55675e-35 8.61208e-36 0)
(6.78675e-36 4.68413e-36 0)
(-4.59538e-35 -3.83981e-36 0)
(-1.10974e-34 -2.62076e-36 0)
(-1.19707e-34 -5.84625e-37 0)
(-1.13724e-34 1.2272e-36 0)
(-1.1882e-34 1.00137e-36 0)
(-1.50126e-34 7.09656e-37 0)
(-1.7859e-34 -1.0008e-36 0)
(-2.05163e-34 -7.17988e-37 0)
(-2.12752e-34 -2.50516e-37 0)
(-2.09538e-34 -4.64444e-38 0)
(-2.06501e-34 2.31477e-37 0)
(-2.03474e-34 6.26995e-38 0)
(-1.95786e-34 -5.14791e-37 0)
(-1.82472e-34 -4.98371e-37 0)
(-1.66334e-34 1.59485e-37 0)
(-1.46037e-34 7.43506e-38 0)
(-1.1865e-34 -6.22496e-37 0)
(-8.53532e-35 -4.99081e-37 0)
(-4.42767e-35 -3.15083e-37 0)
(-4.60944e-37 -1.99066e-37 0)
(2.13399e-35 1.68166e-36 0)
(-2.55222e-35 5.99649e-36 0)
(-2.04532e-34 1.38818e-35 0)
(-2.71709e-34 9.14595e-36 0)
(-3.94595e-35 -8.31627e-36 0)
(1.56358e-35 -2.49971e-35 0)
(-2.18875e-35 -2.4364e-35 0)
(-6.72747e-35 -2.97035e-35 0)
(-1.79684e-34 -1.13934e-35 0)
(-1.34649e-34 -6.80995e-36 0)
(-7.69996e-35 1.20719e-35 0)
(-1.06526e-35 1.34757e-35 0)
(-3.04096e-35 7.06611e-36 0)
(-1.60528e-34 8.18746e-36 0)
(-2.99733e-34 1.58766e-36 0)
(-4.5233e-34 -2.98883e-36 0)
(-5.51737e-34 -4.38412e-36 0)
(-5.49229e-34 -5.61005e-36 0)
(-5.00463e-34 -1.16949e-36 0)
(-4.6259e-34 5.22246e-36 0)
(-4.78043e-34 7.6556e-36 0)
(-5.1355e-34 2.51953e-36 0)
(-4.16353e-34 -1.43592e-35 0)
(-2.25383e-34 -2.00322e-35 0)
(-1.4426e-34 -3.31687e-36 0)
(-1.92543e-34 1.34272e-35 0)
(-3.50943e-34 3.24644e-35 0)
(-3.69198e-34 3.08857e-35 0)
(-2.3372e-34 1.30111e-35 0)
(-1.96115e-34 -8.83753e-36 0)
(-1.79608e-34 -1.43912e-35 0)
(-1.77877e-34 -1.99494e-35 0)
(-1.87512e-34 -1.03117e-35 0)
(-1.82977e-34 2.18439e-37 0)
(-1.64191e-34 9.38871e-36 0)
(-4.06022e-35 1.04475e-35 0)
(1.51358e-34 4.95619e-36 0)
(2.38664e-34 -8.42111e-36 0)
(2.56564e-34 -1.94603e-35 0)
(2.39595e-34 -3.17935e-35 0)
(1.56309e-34 -3.26545e-35 0)
(1.02159e-34 -3.19449e-35 0)
(6.96198e-35 -2.22457e-35 0)
(7.03122e-35 -1.36654e-35 0)
(8.19697e-35 -6.56654e-36 0)
(9.20878e-35 -5.09851e-37 0)
(1.11569e-34 8.42447e-37 0)
(1.21037e-34 6.06637e-37 0)
(1.3085e-34 -1.60237e-36 0)
(1.3027e-34 -5.54335e-37 0)
(1.40112e-34 -1.66554e-37 0)
(1.48032e-34 6.52792e-37 0)
(1.55261e-34 6.98729e-37 0)
(1.61243e-34 -6.89189e-38 0)
(1.66919e-34 -5.51661e-37 0)
(1.80768e-34 -1.04752e-36 0)
(1.9612e-34 -2.33318e-37 0)
(2.06482e-34 1.11747e-36 0)
(2.10241e-34 1.1018e-36 0)
(2.11998e-34 -4.58622e-37 0)
(2.21226e-34 -2.104e-36 0)
(2.33811e-34 -1.0663e-36 0)
(2.41542e-34 1.8842e-36 0)
(2.41158e-34 4.14542e-36 0)
(2.27842e-34 5.30352e-36 0)
(2.16325e-34 2.28534e-36 0)
(2.15844e-34 -8.53232e-37 0)
(2.52852e-34 -1.23426e-36 0)
(2.93551e-34 4.87823e-36 0)
(3.33432e-34 1.14936e-35 0)
(4.1099e-34 1.22232e-35 0)
(4.3858e-34 1.32955e-35 0)
(4.14263e-34 1.25874e-35 0)
(3.6436e-34 1.70048e-35 0)
(3.10619e-34 1.75132e-35 0)
(2.81616e-34 1.81411e-35 0)
(2.8846e-34 1.66797e-35 0)
(3.23209e-34 1.43695e-35 0)
(3.41905e-34 1.42537e-35 0)
(3.44288e-34 9.34467e-36 0)
(3.40187e-34 1.64512e-36 0)
(3.57614e-34 -4.65313e-36 0)
(3.86697e-34 -4.91126e-36 0)
(3.94949e-34 6.24484e-37 0)
(3.96554e-34 3.64718e-36 0)
(3.89385e-34 4.31141e-36 0)
(3.67304e-34 1.93238e-36 0)
(3.80563e-34 -4.73296e-36 0)
(3.7723e-34 -4.84296e-37 0)
(3.64328e-34 3.72501e-36 0)
(3.61141e-34 5.53056e-36 0)
(3.1601e-34 6.28273e-36 0)
(2.5383e-34 3.55063e-36 0)
(1.81102e-34 3.39069e-36 0)
(1.10715e-34 1.41959e-36 0)
(3.79071e-35 3.21425e-36 0)
(-3.6186e-35 6.40639e-36 0)
(-7.4909e-35 7.26574e-36 0)
(-6.0769e-35 6.34895e-36 0)
(-1.63416e-35 -1.2547e-36 0)
(2.60669e-35 -5.46791e-36 0)
(6.05304e-35 -7.3838e-36 0)
(8.25247e-35 -6.40098e-36 0)
(8.98037e-35 -3.55141e-36 0)
(8.6514e-35 -1.08387e-36 0)
(7.03653e-35 1.29137e-36 0)
(4.68667e-35 2.55181e-36 0)
(3.39343e-35 1.48451e-36 0)
(-3.03178e-35 8.86597e-36 0)
(-4.70627e-35 2.17516e-36 0)
(-5.04191e-35 -1.03133e-36 0)
(-5.58022e-35 -8.4009e-37 0)
(-4.21098e-35 -1.34547e-37 0)
(-1.55176e-35 3.72295e-37 0)
(5.70177e-36 6.79292e-37 0)
(1.15457e-35 1.25201e-36 0)
(3.23679e-36 2.07977e-36 0)
(-3.93019e-36 1.90103e-36 0)
(1.1167e-35 2.01181e-37 0)
(1.17226e-35 -9.48518e-37 0)
(-2.13738e-36 -1.2973e-36 0)
(-2.17259e-35 -2.59353e-36 0)
(-5.68367e-35 -2.70747e-36 0)
(-1.09584e-34 -1.90808e-36 0)
(-1.62259e-34 -3.94225e-37 0)
(-2.16833e-34 -5.05072e-37 0)
(-2.70187e-34 3.90121e-37 0)
(-2.96662e-34 -5.56328e-37 0)
(-3.21376e-34 4.36189e-38 0)
(-3.59334e-34 1.48519e-36 0)
(-4.22394e-34 1.44677e-36 0)
(-4.97597e-34 1.16524e-37 0)
(-5.42588e-34 -2.08584e-36 0)
(-5.31053e-34 -3.90271e-36 0)
(-5.1255e-34 -3.03519e-36 0)
(-5.45679e-34 -4.5377e-38 0)
(-5.98614e-34 1.64513e-36 0)
(-6.83805e-34 4.59209e-36 0)
(-7.17229e-34 5.1134e-36 0)
(-7.01957e-34 2.59973e-36 0)
(-6.79214e-34 1.0312e-36 0)
(-6.34304e-34 -5.38016e-37 0)
(-5.70062e-34 -3.11756e-37 0)
(-4.90601e-34 -4.84321e-37 0)
(-4.52377e-34 2.57502e-36 0)
(-3.79249e-34 4.14984e-36 0)
(-2.98969e-34 4.81422e-36 0)
(-2.24306e-34 6.35305e-36 0)
(-1.59147e-34 4.13332e-36 0)
(-1.3463e-34 3.10681e-36 0)
(-1.38881e-34 1.4874e-36 0)
(-1.91568e-34 1.065e-36 0)
(-2.33336e-34 -1.01937e-36 0)
(-1.86887e-34 -4.53133e-36 0)
(-1.55061e-34 -1.93448e-36 0)
(-2.39815e-34 4.29346e-36 0)
(-3.27185e-34 4.19365e-36 0)
(-4.12215e-34 3.98596e-36 0)
(-4.00279e-34 2.70718e-36 0)
(-3.67077e-34 2.01382e-36 0)
(-3.79963e-34 4.0512e-36 0)
(-4.25668e-34 1.88499e-36 0)
(-4.30868e-34 -6.85833e-37 0)
(-3.28145e-34 -5.13728e-36 0)
(-2.94631e-34 1.53823e-36 0)
(-3.28738e-34 3.71669e-36 0)
(-3.84799e-34 3.18781e-36 0)
(-4.26445e-34 4.69743e-36 0)
(-3.79955e-34 3.38699e-36 0)
(-2.60078e-34 1.22179e-36 0)
(-1.74373e-34 2.54177e-36 0)
(-1.82134e-34 4.42239e-36 0)
(-1.62998e-34 7.80266e-36 0)
(-8.69539e-35 6.03794e-36 0)
(-1.87128e-35 7.0947e-36 0)
(4.91938e-35 3.84476e-36 0)
(6.69536e-35 2.59383e-36 0)
(7.43369e-35 1.11028e-36 0)
(7.56982e-35 -7.37522e-37 0)
(6.67558e-35 -7.87555e-37 0)
(6.85194e-35 -6.87315e-37 0)
(7.94535e-35 -4.97226e-37 0)
(9.75522e-35 1.69112e-38 0)
(1.17363e-34 3.12815e-37 0)
(1.20766e-34 6.50603e-37 0)
(1.06277e-34 5.23617e-37 0)
(1.01278e-34 -7.16309e-37 0)
(1.19521e-34 -1.43845e-36 0)
(1.37345e-34 1.60801e-37 0)
(1.35576e-34 1.8183e-36 0)
(7.97972e-35 2.5056e-36 0)
(1.63882e-35 8.84183e-37 0)
(8.90764e-35 -4.95137e-36 0)
(2.72375e-34 -7.21068e-36 0)
(4.32179e-34 -5.50145e-36 0)
(4.62044e-34 -4.18172e-37 0)
(4.03008e-34 5.13736e-36 0)
(3.3761e-34 2.51065e-36 0)
(1.56849e-34 3.80614e-36 0)
(-1.67847e-35 -9.34452e-37 0)
(-1.13129e-34 -2.57982e-36 0)
(-1.76786e-34 6.88793e-37 0)
(-2.06772e-34 3.92526e-36 0)
(-1.41734e-34 3.69784e-36 0)
(-3.78515e-35 4.38277e-36 0)
(6.207e-35 6.81698e-36 0)
(1.14575e-34 4.19384e-36 0)
(1.01308e-35 3.64511e-36 0)
(-1.54665e-35 2.18473e-36 0)
(2.65137e-35 2.03129e-36 0)
(1.15089e-34 4.10531e-36 0)
(3.11e-34 -2.8299e-37 0)
(5.19103e-34 -1.52954e-36 0)
(5.63538e-34 1.26337e-36 0)
(2.97947e-34 6.81911e-36 0)
(1.79956e-34 8.46922e-36 0)
(1.14785e-34 6.5363e-36 0)
(1.02504e-34 9.68342e-36 0)
(1.3098e-34 4.79767e-36 0)
(1.01027e-34 8.69705e-36 0)
(1.34343e-34 1.11647e-36 0)
(5.6627e-35 7.05951e-37 0)
(3.29345e-35 -2.38441e-36 0)
(1.70483e-35 -2.53285e-36 0)
(4.85736e-35 9.11366e-38 0)
(1.3026e-34 5.38889e-37 0)
(2.04216e-34 8.2393e-37 0)
(2.78117e-34 1.48292e-37 0)
(2.80108e-34 1.45488e-36 0)
(2.18346e-34 2.1706e-36 0)
(2.24191e-34 -2.53324e-36 0)
(2.84518e-34 -3.60824e-36 0)
(2.8283e-34 2.22668e-36 0)
(2.05727e-34 3.57835e-36 0)
(1.28292e-34 -8.52689e-37 0)
(2.3213e-34 -5.17816e-36 0)
(2.43087e-34 2.41341e-36 0)
(6.18064e-35 9.60974e-36 0)
(-1.46606e-34 4.00155e-36 0)
(-2.65525e-34 6.56321e-37 0)
(-2.24617e-34 -4.06076e-36 0)
(-1.87967e-34 -4.00815e-36 0)
(-2.56014e-34 -3.27076e-36 0)
(-2.77386e-34 1.89361e-36 0)
(-1.69508e-34 -1.40232e-37 0)
(-7.84006e-35 1.26966e-36 0)
(-1.201e-37 1.28648e-36 0)
(5.09964e-35 1.12014e-36 0)
(3.55793e-35 2.55809e-36 0)
(6.57459e-36 1.40985e-36 0)
(-4.60595e-35 -2.48284e-36 0)
(-1.10877e-34 -1.10579e-36 0)
(-1.19628e-34 -1.78689e-37 0)
(-1.13706e-34 7.37699e-37 0)
(-1.18844e-34 2.53817e-37 0)
(-1.50165e-34 1.77684e-37 0)
(-1.78616e-34 -6.37962e-37 0)
(-2.05139e-34 -4.08453e-37 0)
(-2.12734e-34 -9.74936e-38 0)
(-2.09529e-34 5.85568e-39 0)
(-2.06499e-34 1.17724e-37 0)
(-2.03487e-34 4.3687e-38 0)
(-1.95794e-34 -1.88156e-37 0)
(-1.82456e-34 -1.45663e-37 0)
(-1.6632e-34 1.80721e-37 0)
(-1.46052e-34 1.66892e-37 0)
(-1.1866e-34 -1.47745e-37 0)
(-8.53397e-35 -6.07573e-38 0)
(-4.42654e-35 1.46127e-37 0)
(-4.31314e-37 1.83693e-37 0)
(2.14292e-35 7.8041e-37 0)
(-2.53641e-35 2.08914e-36 0)
(-2.04557e-34 4.13569e-36 0)
(-2.72176e-34 1.55478e-36 0)
(-3.98874e-35 -5.66883e-36 0)
(1.5739e-35 -7.4077e-36 0)
(-2.19371e-35 -3.53638e-36 0)
(-6.71691e-35 -8.41241e-36 0)
(-1.79328e-34 -1.39263e-36 0)
(-1.34369e-34 -1.11341e-36 0)
(-7.66962e-35 4.31189e-36 0)
(-1.08098e-35 5.0468e-36 0)
(-3.05815e-35 1.15266e-36 0)
(-1.60623e-34 1.58618e-36 0)
(-2.99931e-34 -7.52953e-37 0)
(-4.52402e-34 -2.33485e-36 0)
(-5.51728e-34 -2.17627e-36 0)
(-5.49116e-34 -2.15825e-36 0)
(-5.00215e-34 1.84338e-38 0)
(-4.62447e-34 2.65268e-36 0)
(-4.78174e-34 2.78041e-36 0)
(-5.13999e-34 1.32521e-37 0)
(-4.167e-34 -5.81266e-36 0)
(-2.24951e-34 -6.47965e-36 0)
(-1.43516e-34 2.34366e-36 0)
(-1.92168e-34 7.54149e-36 0)
(-3.50993e-34 9.39139e-36 0)
(-3.69737e-34 6.61873e-36 0)
(-2.34259e-34 -6.01885e-37 0)
(-1.96282e-34 -3.35117e-36 0)
(-1.79706e-34 -3.674e-36 0)
(-1.77772e-34 -5.15232e-36 0)
(-1.87146e-34 -1.76572e-36 0)
(-1.8268e-34 1.46544e-36 0)
(-1.6412e-34 3.58631e-36 0)
(-4.07631e-35 2.73073e-36 0)
(1.511e-34 7.22719e-37 0)
(2.38348e-34 -1.83789e-36 0)
(2.56137e-34 -4.85458e-36 0)
(2.39397e-34 -9.32968e-36 0)
(1.56408e-34 -8.3095e-36 0)
(1.02347e-34 -7.59701e-36 0)
(6.99457e-35 -5.06288e-36 0)
(7.05577e-35 -2.00125e-36 0)
(8.21389e-35 -8.62139e-37 0)
(9.2156e-35 8.7452e-37 0)
(1.11535e-34 2.97228e-37 0)
(1.2098e-34 3.06761e-37 0)
(1.30829e-34 -6.66376e-37 0)
(1.30316e-34 -3.14066e-38 0)
(1.40131e-34 8.60926e-38 0)
(1.48044e-34 2.75299e-37 0)
(1.5524e-34 2.92571e-37 0)
(1.61214e-34 -7.66943e-38 0)
(1.66906e-34 -1.73149e-37 0)
(1.80783e-34 -2.97455e-37 0)
(1.96176e-34 6.73775e-38 0)
(2.06506e-34 5.99639e-37 0)
(2.10186e-34 4.45588e-37 0)
(2.11919e-34 -2.69233e-37 0)
(2.21229e-34 -8.12549e-37 0)
(2.33927e-34 -2.24817e-37 0)
(2.41651e-34 9.88552e-37 0)
(2.41185e-34 1.47504e-36 0)
(2.27758e-34 1.41035e-36 0)
(2.16171e-34 1.91088e-37 0)
(2.15797e-34 -9.26696e-37 0)
(2.53032e-34 -5.25868e-37 0)
(2.93879e-34 1.79117e-36 0)
(3.33534e-34 4.40244e-36 0)
(4.10925e-34 3.31124e-36 0)
(4.38605e-34 3.42875e-36 0)
(4.143e-34 3.67756e-36 0)
(3.64391e-34 3.96903e-36 0)
(3.10596e-34 4.12101e-36 0)
(2.8158e-34 3.63007e-36 0)
(2.88417e-34 3.60423e-36 0)
(3.23219e-34 3.01574e-36 0)
(3.4185e-34 3.74532e-36 0)
(3.43984e-34 2.23403e-36 0)
(3.39868e-34 -5.53729e-37 0)
(3.57555e-34 -2.27547e-36 0)
(3.86952e-34 -1.39935e-36 0)
(3.95181e-34 1.27772e-36 0)
(3.96527e-34 1.83482e-36 0)
(3.89261e-34 9.13521e-37 0)
(3.67088e-34 1.37658e-37 0)
(3.80522e-34 -2.04618e-36 0)
(3.77549e-34 -4.19626e-37 0)
(3.64457e-34 2.28014e-36 0)
(3.61088e-34 1.33104e-36 0)
(3.15938e-34 1.56961e-36 0)
(2.53712e-34 3.7192e-37 0)
(1.81045e-34 7.52063e-39 0)
(1.10729e-34 -3.78742e-37 0)
(3.80468e-35 1.85976e-37 0)
(-3.60988e-35 1.44396e-36 0)
(-7.49589e-35 1.32331e-36 0)
(-6.0945e-35 8.0084e-37 0)
(-1.65234e-35 -9.36998e-37 0)
(2.60259e-35 -1.52727e-36 0)
(6.05631e-35 -1.46047e-36 0)
(8.26196e-35 -1.1134e-36 0)
(8.99038e-35 -2.66444e-37 0)
(8.65789e-35 1.42519e-37 0)
(7.04053e-35 5.42001e-37 0)
(4.68071e-35 6.39907e-37 0)
(1.70381e-35 -1.90925e-37 0)
(2.10138e-304 -1.37508e-305 0)
(7.32289e-304 -1.78541e-305 0)
(1.63328e-303 -2.92684e-305 0)
(3.53532e-303 -5.67317e-305 0)
(8.15972e-303 -1.24485e-304 0)
(2.08591e-302 -3.07186e-304 0)
(5.09736e-302 -7.90143e-304 0)
(1.14409e-301 -1.82753e-303 0)
(2.40836e-301 -4.021e-303 0)
(4.86969e-301 -8.75608e-303 0)
(9.88241e-301 -2.05056e-302 0)
(2.36348e-300 -7.03958e-302 0)
(1.69993e-300 -1.45045e-300 0)
(2.09859e-304 -6.5017e-305 0)
(7.31335e-304 -7.79472e-305 0)
(1.6312e-303 -1.14375e-304 0)
(3.53087e-303 -2.02232e-304 0)
(8.14955e-303 -4.19659e-304 0)
(2.0833e-302 -1.00756e-303 0)
(5.0908e-302 -2.56448e-303 0)
(1.14252e-301 -5.91136e-303 0)
(2.40457e-301 -1.29894e-302 0)
(4.85953e-301 -2.82623e-302 0)
(9.83933e-301 -6.60417e-302 0)
(2.24933e-300 -2.18483e-301 0)
(1.58935e-300 -2.88212e-300 0)
(2.09121e-304 -1.3079e-304 0)
(7.28777e-304 -1.5447e-304 0)
(1.62555e-303 -2.21553e-304 0)
(3.51878e-303 -3.8345e-304 0)
(8.12184e-303 -7.84451e-304 0)
(2.07616e-302 -1.86952e-303 0)
(5.07282e-302 -4.74422e-303 0)
(1.1382e-301 -1.0924e-302 0)
(2.39419e-301 -2.39873e-302 0)
(4.83181e-301 -5.21313e-302 0)
(9.72885e-301 -1.21235e-301 0)
(2.11374e-300 -3.79693e-301 0)
(1.46276e-300 -2.8402e-300 0)
(2.07592e-304 -1.90493e-304 0)
(7.2348e-304 -2.27594e-304 0)
(1.61386e-303 -3.32651e-304 0)
(3.49381e-303 -5.86026e-304 0)
(8.0646e-303 -1.21311e-303 0)
(2.06143e-302 -2.90871e-303 0)
(5.03575e-302 -7.39802e-303 0)
(1.12931e-301 -1.70421e-302 0)
(2.37282e-301 -3.74035e-302 0)
(4.7752e-301 -8.11297e-302 0)
(9.51878e-301 -1.87085e-301 0)
(1.95404e-300 -5.50044e-301 0)
(1.31992e-300 -2.78862e-300 0)
(2.04775e-304 -2.5766e-304 0)
(7.13719e-304 -3.11162e-304 0)
(1.59235e-303 -4.62607e-304 0)
(3.44784e-303 -8.27653e-304 0)
(7.95933e-303 -1.73049e-303 0)
(2.03436e-302 -4.17e-303 0)
(4.96766e-302 -1.06242e-302 0)
(1.11301e-301 -2.44749e-302 0)
(2.33377e-301 -5.36557e-302 0)
(4.67307e-301 -1.15971e-301 0)
(9.1687e-301 -2.63903e-301 0)
(1.76791e-300 -7.23327e-301 0)
(1.16134e-300 -2.72514e-300 0)
(1.99904e-304 -3.34369e-304 0)
(6.96846e-304 -4.07737e-304 0)
(1.55517e-303 -6.15349e-304 0)
(3.36846e-303 -1.11553e-303 0)
(7.77768e-303 -2.35181e-303 0)
(1.98769e-302 -5.68997e-303 0)
(4.8504e-302 -1.45134e-302 0)
(1.08499e-301 -3.34179e-302 0)
(2.26704e-301 -7.31068e-302 0)
(4.50192e-301 -1.57095e-301 0)
(8.63128e-301 -3.50711e-301 0)
(1.55374e-300 -8.90952e-301 0)
(9.8851e-301 -2.64701e-300 0)
(1.91827e-304 -4.2228e-304 0)
(6.68873e-304 -5.19382e-304 0)
(1.49355e-303 -7.94083e-304 0)
(3.237e-303 -1.4556e-303 0)
(7.47704e-303 -3.08964e-303 0)
(1.91051e-302 -7.49839e-303 0)
(4.65683e-302 -1.91366e-302 0)
(1.0389e-301 -4.40087e-302 0)
(2.15824e-301 -9.59365e-302 0)
(4.23052e-301 -2.04313e-301 0)
(7.85611e-301 -4.44502e-301 0)
(1.31113e-300 -1.04216e-300 0)
(8.03921e-301 -2.55086e-300 0)
(1.78846e-304 -5.21952e-304 0)
(6.23927e-304 -6.46801e-304 0)
(1.39459e-303 -9.99908e-304 0)
(3.02596e-303 -1.84986e-303 0)
(6.99483e-303 -3.94805e-303 0)
(1.78689e-302 -9.60358e-303 0)
(4.34756e-302 -2.45052e-302 0)
(9.65673e-302 -5.6228e-302 0)
(1.98768e-301 -1.21899e-301 0)
(3.82036e-301 -2.56247e-301 0)
(6.79678e-301 -5.39471e-301 0)
(1.04138e-300 -1.16466e-300 0)
(6.11017e-301 -2.43253e-300 0)
(1.58551e-304 -6.31521e-304 0)
(5.53667e-304 -7.8765e-304 0)
(1.23994e-303 -1.22911e-303 0)
(2.69639e-303 -2.29126e-303 0)
(6.24247e-303 -4.91131e-303 0)
(1.59438e-302 -1.19644e-302 0)
(3.86781e-302 -3.04976e-302 0)
(8.53024e-302 -6.97227e-302 0)
(1.73029e-301 -1.49924e-301 0)
(3.2293e-301 -3.09579e-301 0)
(5.42157e-301 -6.26455e-301 0)
(7.48041e-301 -1.24569e-300 0)
(4.13962e-301 -2.28689e-300 0)
(1.27706e-304 -7.443e-304 0)
(4.46907e-304 -9.33493e-304 0)
(1.00505e-303 -1.46829e-303 0)
(2.19616e-303 -2.75434e-303 0)
(5.10199e-303 -5.92375e-303 0)
(1.30337e-302 -1.44405e-302 0)
(3.14673e-302 -3.67316e-302 0)
(6.85749e-302 -8.35149e-302 0)
(1.35788e-301 -1.77532e-301 0)
(2.41994e-301 -3.58212e-301 0)
(3.72679e-301 -6.92913e-301 0)
(4.37297e-301 -1.27313e-300 0)
(2.17374e-301 -2.10766e-300 0)
(8.24168e-305 -8.44771e-304 0)
(2.90184e-304 -1.06472e-303 0)
(6.60402e-304 -1.68626e-303 0)
(1.46282e-303 -3.17993e-303 0)
(3.43304e-303 -6.85654e-303 0)
(8.79193e-303 -1.67121e-302 0)
(2.10432e-302 -4.23646e-302 0)
(4.47935e-302 -9.55821e-302 0)
(8.45698e-302 -2.0013e-301 0)
(1.37412e-301 -3.92645e-301 0)
(1.75085e-301 -7.23661e-301 0)
(1.18298e-301 -1.2363e-300 0)
(2.61737e-302 -1.88707e-300 0)
(1.904e-305 -9.0279e-304 0)
(7.09318e-305 -1.14325e-303 0)
(1.78529e-304 -1.82235e-303 0)
(4.38724e-304 -3.45304e-303 0)
(1.10801e-303 -7.46059e-303 0)
(2.91531e-303 -1.81682e-302 0)
(6.76239e-303 -4.5834e-302 0)
(1.29132e-302 -1.02375e-301 0)
(1.858e-302 -2.10408e-301 0)
(1.13457e-302 -3.99994e-301 0)
(-4.1286e-302 -7.02341e-301 0)
(-1.96531e-301 -1.12603e-300 0)
(-1.54209e-301 -1.61559e-300 0)
(-5.47145e-305 -8.82435e-304 0)
(-1.84091e-304 -1.12294e-303 0)
(-3.81499e-304 -1.80168e-303 0)
(-7.49653e-304 -3.43009e-303 0)
(-1.58131e-303 -7.42501e-303 0)
(-3.83286e-303 -1.80604e-302 0)
(-9.40353e-303 -4.53188e-302 0)
(-2.22437e-302 -1.00148e-301 0)
(-5.10616e-302 -2.02001e-301 0)
(-1.13178e-301 -3.72752e-301 0)
(-2.37724e-301 -6.27734e-301 0)
(-4.60246e-301 -9.58036e-301 0)
(-3.00228e-301 -1.31602e-300 0)
(-1.18118e-304 -7.88464e-304 0)
(-4.03201e-304 -1.00856e-303 0)
(-8.62266e-304 -1.62931e-303 0)
(-1.7683e-303 -3.11745e-303 0)
(-3.87934e-303 -6.76264e-303 0)
(-9.55949e-303 -1.64368e-302 0)
(-2.29432e-302 -4.1064e-302 0)
(-5.10235e-302 -8.99587e-302 0)
(-1.06057e-301 -1.78791e-301 0)
(-2.06723e-301 -3.22691e-301 0)
(-3.76938e-301 -5.27878e-301 0)
(-6.37887e-301 -7.80543e-301 0)
(-3.96566e-301 -1.04453e-300 0)
(-1.63448e-304 -6.60948e-304 0)
(-5.59802e-304 -8.50395e-304 0)
(-1.20567e-303 -1.38451e-303 0)
(-2.4951e-303 -2.66416e-303 0)
(-5.51526e-303 -5.79506e-303 0)
(-1.36164e-302 -1.40857e-302 0)
(-3.24495e-302 -3.50909e-302 0)
(-7.09264e-302 -7.64249e-302 0)
(-1.43228e-301 -1.50421e-301 0)
(-2.68053e-301 -2.67686e-301 0)
(-4.6518e-301 -4.30244e-301 0)
(-7.47394e-301 -6.24677e-301 0)
(-4.55303e-301 -8.23924e-301 0)
(-1.9435e-304 -5.28864e-304 0)
(-6.66539e-304 -6.85405e-304 0)
(-1.43963e-303 -1.12661e-303 0)
(-2.98983e-303 -2.18314e-303 0)
(-6.62706e-303 -4.76587e-303 0)
(-1.63645e-302 -1.15941e-302 0)
(-3.88505e-302 -2.88383e-302 0)
(-8.41966e-302 -6.25719e-302 0)
(-1.67653e-301 -1.22385e-301 0)
(-3.07602e-301 -2.15861e-301 0)
(-5.20945e-301 -3.43205e-301 0)
(-8.15495e-301 -4.92915e-301 0)
(-4.91605e-301 -6.44668e-301 0)
(-2.14718e-304 -4.06835e-304 0)
(-7.36874e-304 -5.32266e-304 0)
(-1.59373e-303 -8.85673e-304 0)
(-3.31548e-303 -1.73158e-303 0)
(-7.35805e-303 -3.79797e-303 0)
(-1.81672e-302 -9.25491e-303 0)
(-4.30333e-302 -2.30061e-302 0)
(-9.28136e-302 -4.98032e-302 0)
(-1.83369e-301 -9.70266e-302 0)
(-3.32752e-301 -1.7018e-301 0)
(-5.55974e-301 -2.68771e-301 0)
(-8.57866e-301 -3.83477e-301 0)
(-5.1411e-301 -4.99011e-301 0)
(-2.27777e-304 -3.01026e-304 0)
(-7.81957e-304 -3.98854e-304 0)
(-1.69247e-303 -6.74378e-304 0)
(-3.52402e-303 -1.33358e-303 0)
(-7.82575e-303 -2.94293e-303 0)
(-1.93189e-302 -7.18922e-303 0)
(-4.56988e-302 -1.78739e-302 0)
(-9.82826e-302 -3.86437e-302 0)
(-1.93285e-301 -7.51037e-302 0)
(-3.48507e-301 -1.31274e-301 0)
(-5.77753e-301 -2.06475e-301 0)
(-8.84061e-301 -2.93417e-301 0)
(-5.27992e-301 -3.80657e-301 0)
(-2.3593e-304 -2.13058e-304 0)
(-8.10095e-304 -2.87247e-304 0)
(-1.75407e-303 -4.96086e-304 0)
(-3.65405e-303 -9.9552e-304 0)
(-8.11717e-303 -2.21411e-303 0)
(-2.00358e-302 -5.42709e-303 0)
(-4.7355e-302 -1.35033e-302 0)
(-1.01672e-301 -2.91779e-302 0)
(-1.9941e-301 -5.66268e-302 0)
(-3.58195e-301 -9.87714e-302 0)
(-5.91084e-301 -1.54967e-301 0)
(-9.00038e-301 -2.19689e-301 0)
(-5.36449e-301 -2.84488e-301 0)
(-2.40868e-304 -1.42389e-304 0)
(-8.27129e-304 -1.96748e-304 0)
(-1.79134e-303 -3.49657e-304 0)
(-3.73269e-303 -7.15155e-304 0)
(-8.29328e-303 -1.60641e-303 0)
(-2.04686e-302 -3.95482e-303 0)
(-4.83541e-302 -9.85329e-303 0)
(-1.03714e-301 -2.12894e-302 0)
(-2.0309e-301 -4.12862e-302 0)
(-3.64001e-301 -7.19263e-302 0)
(-5.99051e-301 -1.12682e-301 0)
(-9.09568e-301 -1.59517e-301 0)
(-5.4149e-301 -2.06345e-301 0)
(-2.4374e-304 -8.76398e-305 0)
(-8.37029e-304 -1.25564e-304 0)
(-1.81299e-303 -2.3213e-304 0)
(-3.77833e-303 -4.86713e-304 0)
(-8.39545e-303 -1.10709e-303 0)
(-2.07196e-302 -2.74068e-303 0)
(-4.89329e-302 -6.84117e-303 0)
(-1.04895e-301 -1.47858e-302 0)
(-2.05218e-301 -2.86651e-302 0)
(-3.67351e-301 -4.99059e-302 0)
(-6.03642e-301 -7.81197e-302 0)
(-9.15052e-301 -1.10499e-301 0)
(-5.44389e-301 -1.42849e-301 0)
(-2.45309e-304 -4.72805e-305 0)
(-8.42432e-304 -7.16768e-305 0)
(-1.8248e-303 -1.40107e-304 0)
(-3.80321e-303 -3.03483e-304 0)
(-8.45109e-303 -7.01302e-304 0)
(-2.08561e-302 -1.74811e-303 0)
(-4.92477e-302 -4.37418e-303 0)
(-1.05538e-301 -9.45971e-303 0)
(-2.06373e-301 -1.83392e-302 0)
(-3.6917e-301 -3.19191e-302 0)
(-6.06131e-301 -4.99429e-302 0)
(-9.18023e-301 -7.06127e-302 0)
(-5.4596e-301 -9.12562e-302 0)
(-2.46074e-304 -1.9971e-305 0)
(-8.45062e-304 -3.32665e-305 0)
(-1.83054e-303 -7.04208e-305 0)
(-3.81529e-303 -1.5907e-304 0)
(-8.47809e-303 -3.7475e-304 0)
(-2.09224e-302 -9.41851e-304 0)
(-4.94003e-302 -2.36368e-303 0)
(-1.05849e-301 -5.1161e-303 0)
(-2.06933e-301 -9.9203e-303 0)
(-3.7005e-301 -1.72649e-302 0)
(-6.07335e-301 -2.70091e-302 0)
(-9.1946e-301 -3.81798e-302 0)
(-5.46719e-301 -4.93342e-302 0)
(-2.46355e-304 -4.71483e-306 0)
(-8.46026e-304 -8.86209e-306 0)
(-1.83263e-303 -2.03968e-305 0)
(-3.81971e-303 -4.79064e-305 0)
(-8.48795e-303 -1.14791e-304 0)
(-2.09465e-302 -2.90547e-304 0)
(-4.94559e-302 -7.31005e-304 0)
(-1.05962e-301 -1.58344e-303 0)
(-2.07137e-301 -3.07104e-303 0)
(-3.70371e-301 -5.3449e-303 0)
(-6.07774e-301 -8.36114e-303 0)
(-9.19984e-301 -1.18184e-302 0)
(-5.46996e-301 -1.52704e-302 0)
(0 -0 0)
(0 -0 0)
(0 -0 0)
(0 -0 0)
(0 -0 0)
(0 -0 0)
(0 -0 0)
(0 -0 0)
(0 -0 0)
(0 -0 0)
(0 -0 0)
(0 -0 0)
(0 0 0)
(0 0 0)
(0 0 0)
(0 0 0)
(0 0 0)
(0 0 0)
(0 0 0)
(0 0 0)
(0 0 0)
(0 0 0)
(0 0 0)
(0 0 0)
(0 -0 0)
(0 0 0)
(0 0 0)
(0 0 0)
(0 0 0)
(0 0 0)
(0 0 0)
(0 0 0)
(0 0 0)
(0 0 0)
(0 0 0)
(0 0 0)
(0 0 0)
(0 0 0)
(0 0 0)
(0 0 0)
(0 0 0)
(0 0 0)
(0 0 0)
(0 0 0)
(0 0 0)
(0 0 0)
(0 0 0)
(0 0 0)
(0 0 0)
(0 0 0)
(0 0 0)
(0 0 0)
(0 0 0)
(0 0 0)
(0 0 0)
(0 0 0)
(0 0 0)
(0 0 0)
(0 0 0)
(0 0 0)
(0 0 0)
(0 0 0)
(0 0 0)
(0 0 0)
(0 0 0)
(0 0 0)
(0 0 0)
(0 0 0)
(0 0 0)
(0 0 0)
(0 0 0)
(0 0 0)
(0 0 0)
(0 0 0)
(0 0 0)
(0 0 0)
(0 0 0)
(0 0 0)
(0 0 0)
(0 0 0)
(0 0 0)
(0 0 0)
(0 0 0)
(0 0 0)
(0 0 0)
(0 0 0)
(0 0 0)
(0 0 0)
(0 0 0)
(0 0 0)
(0 0 0)
(0 0 0)
(0 0 0)
(0 0 0)
(0 0 0)
(0 0 0)
(0 0 0)
(0 0 0)
(0 0 0)
(0 0 0)
(0 0 0)
(0 0 0)
(0 0 0)
(0 -0 0)
(0 0 0)
(0 0 0)
(0 0 0)
(0 0 0)
(0 0 0)
(0 0 0)
(0 0 0)
(0 0 0)
(0 0 0)
(0 0 0)
(0 0 0)
(0 0 0)
(0 -0 0)
(0 0 0)
(0 0 0)
(0 0 0)
(0 0 0)
(0 0 0)
(0 0 0)
(0 0 0)
(0 0 0)
(0 0 0)
(0 0 0)
(0 0 0)
(0 0 0)
(0 -0 0)
(0 0 0)
(0 0 0)
(0 0 0)
(0 0 0)
(0 0 0)
(0 0 0)
(0 0 0)
(0 0 0)
(0 0 0)
(0 0 0)
(0 0 0)
(0 0 0)
(0 -0 0)
(0 -0 0)
(0 -0 0)
(0 -0 0)
(0 -0 0)
(0 -0 0)
(0 -0 0)
(0 -0 0)
(0 -0 0)
(0 -0 0)
(0 -0 0)
(0 0 0)
(0 0 0)
(0 -0 0)
(0 -0 0)
(0 -0 0)
(0 -0 0)
(0 -0 0)
(0 -0 0)
(0 -0 0)
(0 -0 0)
(0 -0 0)
(0 -0 0)
(0 -0 0)
(0 -0 0)
(0 -0 0)
(0 -0 0)
(0 -0 0)
(0 -0 0)
(0 -0 0)
(0 -0 0)
(0 -0 0)
(0 -0 0)
(0 -0 0)
(0 -0 0)
(0 -0 0)
(0 -0 0)
(0 -0 0)
(0 -0 0)
(0 0 0)
(0 -0 0)
(0 -0 0)
(0 -0 0)
(0 -0 0)
(0 -0 0)
(0 -0 0)
(0 -0 0)
(0 -0 0)
(0 -0 0)
(0 -0 0)
(0 -0 0)
(0 -0 0)
(0 0 0)
(0 -0 0)
(0 -0 0)
(0 -0 0)
(0 -0 0)
(0 -0 0)
(0 -0 0)
(0 -0 0)
(0 -0 0)
(0 -0 0)
(0 -0 0)
(0 -0 0)
(0 -0 0)
(0 0 0)
(0 -0 0)
(0 -0 0)
(0 -0 0)
(0 -0 0)
(0 -0 0)
(0 -0 0)
(0 -0 0)
(0 -0 0)
(0 -0 0)
(0 -0 0)
(0 -0 0)
(0 -0 0)
(0 0 0)
(0 -0 0)
(0 -0 0)
(0 -0 0)
(0 -0 0)
(0 -0 0)
(0 -0 0)
(0 -0 0)
(0 -0 0)
(0 -0 0)
(0 -0 0)
(0 -0 0)
(0 -0 0)
(0 0 0)
(0 -0 0)
(0 -0 0)
(0 -0 0)
(0 -0 0)
(0 -0 0)
(0 -0 0)
(0 -0 0)
(0 -0 0)
(0 -0 0)
(0 -0 0)
(0 -0 0)
(0 -0 0)
(0 0 0)
(0 -0 0)
(0 -0 0)
(0 -0 0)
(0 -0 0)
(0 -0 0)
(0 -0 0)
(0 -0 0)
(0 -0 0)
(0 -0 0)
(0 -0 0)
(0 -0 0)
(0 -0 0)
(0 0 0)
(0 -0 0)
(0 -0 0)
(0 -0 0)
(0 -0 0)
(0 -0 0)
(0 -0 0)
(0 -0 0)
(0 -0 0)
(0 -0 0)
(0 -0 0)
(0 -0 0)
(0 -0 0)
(0 0 0)
(0 -0 0)
(0 -0 0)
(0 -0 0)
(0 -0 0)
(0 -0 0)
(0 -0 0)
(0 -0 0)
(0 -0 0)
(0 -0 0)
(0 -0 0)
(0 -0 0)
(0 -0 0)
(0 0 0)
(0 -0 0)
(0 -0 0)
(0 -0 0)
(0 -0 0)
(0 -0 0)
(0 -0 0)
(0 -0 0)
(0 -0 0)
(0 -0 0)
(0 -0 0)
(0 -0 0)
(0 -0 0)
(0 -0 0)
(0 -0 0)
(0 -0 0)
(0 -0 0)
(0 -0 0)
(0 -0 0)
(0 -0 0)
(0 -0 0)
(0 -0 0)
(0 -0 0)
(0 -0 0)
(0 -0 0)
(0 -0 0)
(0 -0 0)
(-1.57228e-300 -1.45045e-300 0)
(-2.12814e-300 -5.79013e-302 0)
(-7.99657e-301 -1.54763e-302 0)
(-3.50046e-301 -5.93787e-303 0)
(-1.4965e-301 -2.36243e-303 0)
(-5.9791e-302 -8.83463e-304 0)
(-2.34498e-302 -3.5606e-304 0)
(-1.03538e-302 -1.60762e-304 0)
(-4.94768e-303 -7.92765e-305 0)
(-2.50849e-303 -4.26173e-305 0)
(-1.30103e-303 -2.53671e-305 0)
(-6.28525e-304 -1.7383e-305 0)
(-1.87003e-304 -1.4379e-305 0)
(-1.47768e-300 -2.88212e-300 0)
(-2.03103e-300 -1.80607e-301 0)
(-7.96657e-301 -4.98806e-302 0)
(-3.49395e-301 -1.91727e-302 0)
(-1.49432e-301 -7.63713e-303 0)
(-5.97126e-302 -2.8652e-303 0)
(-2.34203e-302 -1.16474e-303 0)
(-1.03409e-302 -5.35925e-304 0)
(-4.94149e-303 -2.74091e-304 0)
(-2.50531e-303 -1.56589e-304 0)
(-1.29936e-303 -1.01429e-304 0)
(-6.27714e-304 -7.59344e-305 0)
(-1.86762e-304 -6.63255e-305 0)
(-1.36824e-300 -2.8402e-300 0)
(-1.91517e-300 -3.16278e-301 0)
(-7.88889e-301 -9.17175e-302 0)
(-3.47614e-301 -3.53852e-302 0)
(-1.48835e-301 -1.41093e-302 0)
(-5.94977e-302 -5.29928e-303 0)
(-2.33396e-302 -2.15954e-303 0)
(-1.03057e-302 -9.988e-304 0)
(-4.92465e-303 -5.15733e-304 0)
(-2.49671e-303 -2.99093e-304 0)
(-1.29486e-303 -1.97461e-304 0)
(-6.25524e-304 -1.50503e-304 0)
(-1.86111e-304 -1.32753e-304 0)
(-1.24322e-300 -2.78862e-300 0)
(-1.77795e-300 -4.62379e-301 0)
(-7.73941e-301 -1.41945e-301 0)
(-3.43968e-301 -5.51243e-302 0)
(-1.47605e-301 -2.20083e-302 0)
(-5.90547e-302 -8.26441e-303 0)
(-2.31731e-302 -3.36188e-303 0)
(-1.0233e-302 -1.5484e-303 0)
(-4.88985e-303 -7.93234e-304 0)
(-2.47892e-303 -4.54346e-304 0)
(-1.28553e-303 -2.95266e-304 0)
(-6.20987e-304 -2.21731e-304 0)
(-1.84758e-304 -1.93872e-304 0)
(-1.1025e-300 -2.72514e-300 0)
(-1.61692e-300 -6.1447e-301 0)
(-7.4868e-301 -2.01139e-301 0)
(-3.37356e-301 -7.89402e-302 0)
(-1.45352e-301 -3.15956e-302 0)
(-5.82414e-302 -1.18686e-302 0)
(-2.28671e-302 -4.82184e-303 0)
(-1.00993e-302 -2.21328e-303 0)
(-4.82582e-303 -1.12638e-303 0)
(-2.44616e-303 -6.38337e-304 0)
(-1.26836e-303 -4.09116e-304 0)
(-6.12624e-304 -3.03114e-304 0)
(-1.82262e-304 -2.62906e-304 0)
(-9.4674e-301 -2.64701e-300 0)
(-1.43007e-300 -7.65859e-301 0)
(-7.09257e-301 -2.69055e-301 0)
(-3.26192e-301 -1.07252e-301 0)
(-1.41491e-301 -4.31102e-302 0)
(-5.68416e-302 -1.62119e-302 0)
(-2.23396e-302 -6.58146e-303 0)
(-9.86881e-303 -3.01291e-303 0)
(-4.71531e-303 -1.52503e-303 0)
(-2.38959e-303 -8.56574e-304 0)
(-1.23869e-303 -5.42462e-304 0)
(-5.98165e-304 -3.97148e-304 0)
(-1.77943e-304 -3.41987e-304 0)
(-7.77614e-301 -2.55086e-300 0)
(-1.21625e-300 -9.07492e-301 0)
(-6.513e-301 -3.44037e-301 0)
(-3.08295e-301 -1.40128e-301 0)
(-1.35163e-301 -5.6705e-302 0)
(-5.45332e-302 -2.13708e-302 0)
(-2.14677e-302 -8.67466e-303 0)
(-9.48736e-303 -3.9633e-303 0)
(-4.53233e-303 -1.99735e-303 0)
(-2.29587e-303 -1.11359e-303 0)
(-1.18951e-303 -6.98114e-304 0)
(-5.74191e-304 -5.05844e-304 0)
(-1.70778e-304 -4.32821e-304 0)
(-5.9783e-301 -2.43253e-300 0)
(-9.7568e-301 -1.02818e-300 0)
(-5.7036e-301 -4.22285e-301 0)
(-2.8085e-301 -1.76918e-301 0)
(-1.25168e-301 -7.23138e-302 0)
(-5.08509e-302 -2.73536e-302 0)
(-2.00718e-302 -1.11101e-302 0)
(-8.87574e-303 -5.06941e-303 0)
(-4.23869e-303 -2.54603e-303 0)
(-2.1454e-303 -1.41093e-303 0)
(-1.11052e-303 -8.77036e-304 0)
(-5.35669e-304 -6.29885e-304 0)
(-1.59263e-304 -5.35988e-304 0)
(-4.11105e-301 -2.28689e-300 0)
(-7.10531e-301 -1.11525e-300 0)
(-4.62715e-301 -4.97124e-301 0)
(-2.40555e-301 -2.15697e-301 0)
(-1.09918e-301 -8.94202e-302 0)
(-4.51525e-302 -3.40172e-302 0)
(-1.78997e-302 -1.38386e-302 0)
(-7.92199e-303 -6.31057e-303 0)
(-3.7803e-303 -3.16116e-303 0)
(-1.91034e-303 -1.74325e-303 0)
(-9.87077e-304 -1.07599e-303 0)
(-4.7545e-304 -7.66994e-304 0)
(-1.41259e-304 -6.4957e-304 0)
(-2.22002e-301 -2.10766e-300 0)
(-4.25548e-301 -1.15555e-300 0)
(-3.26541e-301 -5.58532e-301 0)
(-1.84103e-301 -2.5255e-301 0)
(-8.75215e-302 -1.06693e-301 0)
(-3.66173e-302 -4.09249e-302 0)
(-1.462e-302 -1.66953e-302 0)
(-6.47727e-303 -7.61445e-303 0)
(-3.0849e-303 -3.80729e-303 0)
(-1.55344e-303 -2.09134e-303 0)
(-7.99556e-304 -1.28329e-303 0)
(-3.83945e-304 -9.08957e-304 0)
(-1.13896e-304 -7.66674e-304 0)
(-3.57793e-302 -1.88707e-300 0)
(-1.28629e-301 -1.13644e-300 0)
(-1.63397e-301 -5.93224e-301 0)
(-1.09197e-301 -2.80834e-301 0)
(-5.61198e-302 -1.21486e-301 0)
(-2.43363e-302 -4.71277e-302 0)
(-9.84723e-303 -1.93076e-302 0)
(-4.36528e-303 -8.81445e-303 0)
(-2.06616e-303 -4.40214e-303 0)
(-1.03003e-303 -2.41043e-303 0)
(-5.24373e-304 -1.47175e-303 0)
(-2.4962e-304 -1.03669e-303 0)
(-7.37229e-305 -8.713e-304 0)
(1.41534e-301 -1.61559e-300 0)
(1.68543e-301 -1.04652e-300 0)
(2.01233e-302 -5.85551e-301 0)
(-1.62424e-302 -2.90766e-301 0)
(-1.47053e-302 -1.2931e-301 0)
(-7.61244e-303 -5.08853e-302 0)
(-3.24918e-303 -2.09684e-302 0)
(-1.42724e-303 -9.58969e-303 0)
(-6.44812e-304 -4.78616e-303 0)
(-2.98685e-304 -2.61352e-303 0)
(-1.39563e-304 -1.58846e-303 0)
(-6.17086e-305 -1.11311e-303 0)
(-1.75164e-305 -9.32377e-304 0)
(2.8593e-301 -1.31602e-300 0)
(4.20479e-301 -8.97912e-301 0)
(1.90913e-301 -5.31021e-301 0)
(7.83365e-302 -2.75154e-301 0)
(3.01645e-302 -1.25708e-301 0)
(1.11852e-302 -5.02082e-302 0)
(4.30687e-303 -2.08202e-302 0)
(1.96479e-303 -9.54181e-303 0)
(1.00251e-303 -4.75996e-303 0)
(5.50594e-304 -2.59232e-303 0)
(3.07757e-304 -1.56842e-303 0)
(1.56822e-304 -1.09331e-303 0)
(4.78511e-305 -9.12655e-304 0)
(3.81494e-301 -1.04453e-300 0)
(5.91549e-301 -7.35458e-301 0)
(3.14109e-301 -4.51078e-301 0)
(1.51028e-301 -2.40945e-301 0)
(6.63782e-302 -1.12368e-301 0)
(2.68336e-302 -4.5418e-302 0)
(1.07034e-302 -1.89311e-302 0)
(4.85817e-303 -8.68982e-303 0)
(2.41287e-303 -4.33171e-303 0)
(1.2791e-303 -2.35238e-303 0)
(6.91847e-304 -1.41645e-303 0)
(3.44545e-304 -9.81916e-304 0)
(1.04007e-304 -8.16662e-304 0)
(4.39844e-301 -8.23924e-301 0)
(6.97483e-301 -5.90376e-301 0)
(3.93018e-301 -3.69901e-301 0)
(1.99365e-301 -2.01338e-301 0)
(9.12002e-302 -9.51577e-302 0)
(3.77771e-302 -3.87683e-302 0)
(1.52274e-302 -1.62137e-302 0)
(6.91534e-303 -7.44779e-303 0)
(3.41827e-303 -3.70775e-303 0)
(1.79914e-303 -2.00674e-303 0)
(9.66243e-304 -1.20178e-303 0)
(4.7871e-304 -8.27893e-304 0)
(1.44149e-304 -6.85668e-304 0)
(4.75935e-301 -6.44668e-301 0)
(7.63535e-301 -4.66681e-301 0)
(4.432e-301 -2.96177e-301 0)
(2.3081e-301 -1.6311e-301 0)
(1.07658e-301 -7.77493e-302 0)
(4.5127e-302 -3.1838e-302 0)
(1.82885e-302 -1.33416e-302 0)
(8.31223e-303 -6.12788e-303 0)
(4.10222e-303 -3.04454e-303 0)
(2.15328e-303 -1.64078e-303 0)
(1.1532e-303 -9.76078e-304 0)
(5.70153e-304 -6.67224e-304 0)
(1.71513e-304 -5.49719e-304 0)
(4.98318e-301 -4.99012e-301 0)
(8.04695e-301 -3.63458e-301 0)
(4.74844e-301 -2.32478e-301 0)
(2.50918e-301 -1.28966e-301 0)
(1.18307e-301 -6.18039e-302 0)
(4.99222e-302 -2.53883e-302 0)
(2.02952e-302 -1.06488e-302 0)
(9.23013e-303 -4.88705e-303 0)
(4.55223e-303 -2.42123e-303 0)
(2.38646e-303 -1.29774e-303 0)
(1.27637e-303 -7.65488e-304 0)
(6.30407e-304 -5.18099e-304 0)
(1.89545e-304 -4.23966e-304 0)
(5.12129e-301 -3.80657e-301 0)
(8.30165e-301 -2.7828e-301 0)
(4.94566e-301 -1.78847e-301 0)
(2.63557e-301 -9.96606e-302 0)
(1.25051e-301 -4.79181e-302 0)
(5.29747e-302 -1.97201e-302 0)
(2.15766e-302 -8.27261e-303 0)
(9.81719e-303 -3.79086e-303 0)
(4.84029e-303 -1.8711e-303 0)
(2.53581e-303 -9.95881e-304 0)
(1.35528e-303 -5.81055e-304 0)
(6.69025e-304 -3.8819e-304 0)
(2.01103e-304 -3.14795e-304 0)
(5.20543e-301 -2.84488e-301 0)
(8.45709e-301 -2.08437e-301 0)
(5.06655e-301 -1.34347e-301 0)
(2.71345e-301 -7.50673e-302 0)
(1.29225e-301 -3.61644e-302 0)
(5.48702e-302 -1.48967e-302 0)
(2.23739e-302 -6.24629e-303 0)
(1.01829e-302 -2.85609e-303 0)
(5.01985e-303 -1.40289e-303 0)
(2.62896e-303 -7.40018e-304 0)
(1.40452e-303 -4.257e-304 0)
(6.93124e-304 -2.79519e-304 0)
(2.08316e-304 -2.23885e-304 0)
(5.25559e-301 -2.06345e-301 0)
(8.54984e-301 -1.51382e-301 0)
(5.13886e-301 -9.77385e-302 0)
(2.76019e-301 -5.46996e-302 0)
(1.31737e-301 -2.63811e-302 0)
(5.60132e-302 -1.087e-302 0)
(2.28552e-302 -4.55338e-303 0)
(1.04038e-302 -2.07597e-303 0)
(5.12841e-303 -1.01342e-303 0)
(2.6853e-303 -5.28487e-304 0)
(1.43432e-303 -2.98436e-304 0)
(7.0771e-304 -1.91409e-304 0)
(2.12682e-304 -1.50674e-304 0)
(5.28444e-301 -1.42849e-301 0)
(8.60322e-301 -1.04877e-301 0)
(5.18055e-301 -6.7779e-302 0)
(2.78718e-301 -3.79666e-302 0)
(1.3319e-301 -1.83208e-302 0)
(5.66751e-302 -7.54766e-303 0)
(2.31343e-302 -3.157e-303 0)
(1.05319e-302 -1.43399e-303 0)
(5.1914e-303 -6.94597e-304 0)
(2.71801e-303 -3.56959e-304 0)
(1.45162e-303 -1.96701e-304 0)
(7.16186e-304 -1.22116e-304 0)
(2.15219e-304 -9.37286e-305 0)
(5.30007e-301 -9.12563e-302 0)
(8.63215e-301 -6.70252e-302 0)
(5.20316e-301 -4.33385e-302 0)
(2.80183e-301 -2.42869e-302 0)
(1.3398e-301 -1.17216e-302 0)
(5.70351e-302 -4.82656e-303 0)
(2.32861e-302 -2.0149e-303 0)
(1.06017e-302 -9.10984e-304 0)
(5.22572e-303 -4.36998e-304 0)
(2.73585e-303 -2.20423e-304 0)
(1.46106e-303 -1.17566e-304 0)
(7.20809e-304 -6.96763e-305 0)
(2.16603e-304 -5.14512e-305 0)
(5.30763e-301 -4.93342e-302 0)
(8.64614e-301 -3.62413e-302 0)
(5.2141e-301 -2.34391e-302 0)
(2.80893e-301 -1.31374e-302 0)
(1.34363e-301 -6.34007e-303 0)
(5.72096e-302 -2.60862e-303 0)
(2.33597e-302 -1.0864e-303 0)
(1.06356e-302 -4.88471e-304 0)
(5.24239e-303 -2.31588e-304 0)
(2.74451e-303 -1.14133e-304 0)
(1.46565e-303 -5.8316e-305 0)
(7.23057e-304 -3.23193e-305 0)
(2.17276e-304 -2.24318e-305 0)
(5.31038e-301 -1.52705e-302 0)
(8.65124e-301 -1.12185e-302 0)
(5.21808e-301 -7.25611e-303 0)
(2.81151e-301 -4.06709e-303 0)
(1.34502e-301 -1.96246e-303 0)
(5.72732e-302 -8.06886e-304 0)
(2.33866e-302 -3.35353e-304 0)
(1.06479e-302 -1.50069e-304 0)
(5.24847e-303 -7.04296e-305 0)
(2.74768e-303 -3.39964e-305 0)
(1.46733e-303 -1.66743e-305 0)
(7.23879e-304 -8.60539e-306 0)
(2.17522e-304 -5.53947e-306 0)
(0 -0 0)
(0 0 0)
(0 0 0)
(0 0 0)
(0 -0 0)
(0 -0 0)
(0 -0 0)
(0 -0 0)
(0 -0 0)
(0 -0 0)
(0 -0 0)
(0 -0 0)
(0 -0 0)
(0 -0 0)
(0 -0 0)
(0 -0 0)
(0 -0 0)
(0 -0 0)
(0 -0 0)
(0 -0 0)
(0 -0 0)
(0 -0 0)
(0 -0 0)
(0 -0 0)
(0 -0 0)
(0 -0 0)
(0 -0 0)
(0 -0 0)
(0 -0 0)
(0 -0 0)
(0 -0 0)
(0 -0 0)
(0 -0 0)
(0 -0 0)
(0 -0 0)
(0 -0 0)
(0 -0 0)
(0 -0 0)
(0 -0 0)
(0 0 0)
(0 -0 0)
(0 -0 0)
(0 -0 0)
(0 -0 0)
(0 -0 0)
(0 -0 0)
(0 -0 0)
(0 -0 0)
(0 -0 0)
(0 -0 0)
(0 -0 0)
(0 -0 0)
(0 0 0)
(0 -0 0)
(0 -0 0)
(0 -0 0)
(0 -0 0)
(0 -0 0)
(0 -0 0)
(0 -0 0)
(0 -0 0)
(0 -0 0)
(0 -0 0)
(0 -0 0)
(0 -0 0)
(0 0 0)
(0 -0 0)
(0 -0 0)
(0 -0 0)
(0 -0 0)
(0 -0 0)
(0 -0 0)
(0 -0 0)
(0 -0 0)
(0 -0 0)
(0 -0 0)
(0 -0 0)
(0 -0 0)
(0 0 0)
(0 -0 0)
(0 -0 0)
(0 -0 0)
(0 -0 0)
(0 -0 0)
(0 -0 0)
(0 -0 0)
(0 -0 0)
(0 -0 0)
(0 -0 0)
(0 -0 0)
(0 -0 0)
(0 0 0)
(0 -0 0)
(0 -0 0)
(0 -0 0)
(0 -0 0)
(0 -0 0)
(0 -0 0)
(0 -0 0)
(0 -0 0)
(0 -0 0)
(0 -0 0)
(0 -0 0)
(0 -0 0)
(0 0 0)
(0 -0 0)
(0 -0 0)
(0 -0 0)
(0 -0 0)
(0 -0 0)
(0 -0 0)
(0 -0 0)
(0 -0 0)
(0 -0 0)
(0 -0 0)
(0 -0 0)
(0 -0 0)
(0 0 0)
(0 -0 0)
(0 -0 0)
(0 -0 0)
(0 -0 0)
(0 -0 0)
(0 -0 0)
(0 -0 0)
(0 -0 0)
(0 -0 0)
(0 -0 0)
(0 -0 0)
(0 -0 0)
(0 0 0)
(0 -0 0)
(0 -0 0)
(0 -0 0)
(0 -0 0)
(0 -0 0)
(0 -0 0)
(0 -0 0)
(0 -0 0)
(0 -0 0)
(0 -0 0)
(0 -0 0)
(0 -0 0)
(0 0 0)
(0 -0 0)
(0 -0 0)
(0 -0 0)
(0 -0 0)
(0 -0 0)
(0 -0 0)
(0 -0 0)
(0 -0 0)
(0 -0 0)
(0 -0 0)
(0 -0 0)
(0 -0 0)
(0 0 0)
(0 0 0)
(0 0 0)
(0 0 0)
(0 0 0)
(0 -0 0)
(0 -0 0)
(0 -0 0)
(0 -0 0)
(0 -0 0)
(0 -0 0)
(0 -0 0)
(0 -0 0)
(0 0 0)
(0 0 0)
(0 0 0)
(0 0 0)
(0 0 0)
(0 0 0)
(0 0 0)
(0 0 0)
(0 0 0)
(0 0 0)
(0 0 0)
(0 0 0)
(0 0 0)
(0 0 0)
(0 0 0)
(0 0 0)
(0 0 0)
(0 0 0)
(0 0 0)
(0 0 0)
(0 0 0)
(0 0 0)
(0 0 0)
(0 0 0)
(0 0 0)
(0 0 0)
(0 0 0)
(0 0 0)
(0 0 0)
(0 0 0)
(0 0 0)
(0 0 0)
(0 0 0)
(0 0 0)
(0 0 0)
(0 0 0)
(0 0 0)
(0 0 0)
(0 0 0)
(0 0 0)
(0 0 0)
(0 0 0)
(0 0 0)
(0 0 0)
(0 0 0)
(0 0 0)
(0 0 0)
(0 0 0)
(0 0 0)
(0 0 0)
(0 0 0)
(0 0 0)
(0 0 0)
(0 0 0)
(0 0 0)
(0 0 0)
(0 0 0)
(0 0 0)
(0 0 0)
(0 0 0)
(0 0 0)
(0 0 0)
(0 0 0)
(0 0 0)
(0 0 0)
(0 0 0)
(0 0 0)
(0 0 0)
(0 0 0)
(0 0 0)
(0 0 0)
(0 0 0)
(0 0 0)
(0 0 0)
(0 0 0)
(0 0 0)
(0 0 0)
(0 0 0)
(0 0 0)
(0 0 0)
(0 0 0)
(0 0 0)
(0 0 0)
(0 0 0)
(0 0 0)
(0 0 0)
(0 0 0)
(0 0 0)
(0 0 0)
(0 0 0)
(0 0 0)
(0 0 0)
(0 0 0)
(0 0 0)
(0 0 0)
(0 0 0)
(0 0 0)
(0 0 0)
(0 0 0)
(0 0 0)
(0 0 0)
(0 0 0)
(0 0 0)
(0 0 0)
(0 0 0)
(0 0 0)
(0 0 0)
(0 0 0)
(0 0 0)
(0 0 0)
(0 0 0)
(0 0 0)
(0 0 0)
(0 0 0)
(0 0 0)
(0 0 0)
(0 0 0)
(0 -0 0)
(0 0 0)
(0 0 0)
(0 0 0)
(0 0 0)
(0 0 0)
(0 0 0)
(0 0 0)
(0 0 0)
(0 0 0)
(0 0 0)
(0 0 0)
(0 0 0)
(0 -0 0)
(0 0 0)
(0 0 0)
(0 0 0)
(0 0 0)
(0 0 0)
(0 0 0)
(0 0 0)
(0 0 0)
(0 0 0)
(0 0 0)
(0 0 0)
(0 0 0)
)
;

boundaryField
{
    PNe
    {
        type            extrapolatedCalculated;
        value           nonuniform List<vector> 
270
(
(-3.03178e-35 0 0)
(-4.70627e-35 0 0)
(-5.04191e-35 0 0)
(-5.58022e-35 0 0)
(-4.21098e-35 0 0)
(-1.55176e-35 0 0)
(5.70177e-36 0 0)
(1.15457e-35 0 0)
(3.23679e-36 0 0)
(-3.93019e-36 0 0)
(1.1167e-35 0 0)
(1.17226e-35 0 0)
(-2.13738e-36 0 0)
(-2.17259e-35 0 0)
(-5.68367e-35 0 0)
(-1.09584e-34 0 0)
(-1.62259e-34 0 0)
(-2.16833e-34 0 0)
(-2.70187e-34 0 0)
(-2.96662e-34 0 0)
(-3.21376e-34 0 0)
(-3.59334e-34 0 0)
(-4.22394e-34 0 0)
(-4.97597e-34 0 0)
(-5.42588e-34 0 0)
(-5.31053e-34 0 0)
(-5.1255e-34 0 0)
(-5.45679e-34 0 0)
(-5.98614e-34 0 0)
(-6.83805e-34 0 0)
(-7.17229e-34 0 0)
(-7.01957e-34 0 0)
(-6.79214e-34 0 0)
(-6.34304e-34 0 0)
(-5.70062e-34 0 0)
(-4.90601e-34 0 0)
(-4.52377e-34 0 0)
(-3.79249e-34 0 0)
(-2.98969e-34 0 0)
(-2.24306e-34 0 0)
(-1.59147e-34 0 0)
(-1.3463e-34 0 0)
(-1.38881e-34 0 0)
(-1.91568e-34 0 0)
(-2.33336e-34 0 0)
(-1.86887e-34 0 0)
(-1.55061e-34 0 0)
(-2.39815e-34 0 0)
(-3.27185e-34 0 0)
(-4.12215e-34 0 0)
(-4.00279e-34 0 0)
(-3.67077e-34 0 0)
(-3.79963e-34 0 0)
(-4.25668e-34 0 0)
(-4.30868e-34 0 0)
(-3.28145e-34 0 0)
(-2.94631e-34 0 0)
(-3.28738e-34 0 0)
(-3.84799e-34 0 0)
(-4.26445e-34 0 0)
(-3.79955e-34 0 0)
(-2.60078e-34 0 0)
(-1.74373e-34 0 0)
(-1.82134e-34 0 0)
(-1.62998e-34 0 0)
(-8.69539e-35 0 0)
(-1.87128e-35 0 0)
(4.91938e-35 0 0)
(6.69536e-35 0 0)
(7.43369e-35 0 0)
(7.56982e-35 0 0)
(6.67558e-35 0 0)
(6.85194e-35 0 0)
(7.94535e-35 0 0)
(9.75522e-35 0 0)
(1.17363e-34 0 0)
(1.20766e-34 0 0)
(1.06277e-34 0 0)
(1.01278e-34 0 0)
(1.19521e-34 0 0)
(1.37345e-34 0 0)
(1.35576e-34 0 0)
(7.97972e-35 0 0)
(1.63882e-35 0 0)
(8.90764e-35 0 0)
(2.72375e-34 0 0)
(4.32179e-34 0 0)
(4.62044e-34 0 0)
(4.03008e-34 0 0)
(3.3761e-34 0 0)
(1.56849e-34 0 0)
(-1.67847e-35 0 0)
(-1.13129e-34 0 0)
(-1.76786e-34 0 0)
(-2.06772e-34 0 0)
(-1.41734e-34 0 0)
(-3.78515e-35 0 0)
(6.207e-35 0 0)
(1.14575e-34 0 0)
(1.01308e-35 0 0)
(-1.54665e-35 0 0)
(2.65137e-35 0 0)
(1.15089e-34 0 0)
(3.11e-34 0 0)
(5.19103e-34 0 0)
(5.63538e-34 0 0)
(2.97947e-34 0 0)
(1.79956e-34 0 0)
(1.14785e-34 0 0)
(1.02504e-34 0 0)
(1.3098e-34 0 0)
(1.01027e-34 0 0)
(1.34343e-34 0 0)
(5.6627e-35 0 0)
(3.29345e-35 0 0)
(1.70483e-35 0 0)
(4.85736e-35 0 0)
(1.3026e-34 0 0)
(2.04216e-34 0 0)
(2.78117e-34 0 0)
(2.80108e-34 0 0)
(2.18346e-34 0 0)
(2.24191e-34 0 0)
(2.84518e-34 0 0)
(2.8283e-34 0 0)
(2.05727e-34 0 0)
(1.28292e-34 0 0)
(2.3213e-34 0 0)
(2.43087e-34 0 0)
(6.18064e-35 0 0)
(-1.46606e-34 0 0)
(-2.65525e-34 0 0)
(-2.24617e-34 0 0)
(-1.87967e-34 0 0)
(-2.56014e-34 0 0)
(-2.77386e-34 0 0)
(-1.69508e-34 0 0)
(-7.84006e-35 0 0)
(-1.201e-37 0 0)
(5.09964e-35 0 0)
(3.55793e-35 0 0)
(6.57459e-36 0 0)
(-4.60595e-35 0 0)
(-1.10877e-34 0 0)
(-1.19628e-34 0 0)
(-1.13706e-34 0 0)
(-1.18844e-34 0 0)
(-1.50165e-34 0 0)
(-1.78616e-34 0 0)
(-2.05139e-34 0 0)
(-2.12734e-34 0 0)
(-2.09529e-34 0 0)
(-2.06499e-34 0 0)
(-2.03487e-34 0 0)
(-1.95794e-34 0 0)
(-1.82456e-34 0 0)
(-1.6632e-34 0 0)
(-1.46052e-34 0 0)
(-1.1866e-34 0 0)
(-8.53397e-35 0 0)
(-4.42654e-35 0 0)
(-4.31314e-37 0 0)
(2.14292e-35 0 0)
(-2.53641e-35 0 0)
(-2.04557e-34 0 0)
(-2.72176e-34 0 0)
(-3.98874e-35 0 0)
(1.5739e-35 0 0)
(-2.19371e-35 0 0)
(-6.71691e-35 0 0)
(-1.79328e-34 0 0)
(-1.34369e-34 0 0)
(-7.66962e-35 0 0)
(-1.08098e-35 0 0)
(-3.05815e-35 0 0)
(-1.60623e-34 0 0)
(-2.99931e-34 0 0)
(-4.52402e-34 0 0)
(-5.51728e-34 0 0)
(-5.49116e-34 0 0)
(-5.00215e-34 0 0)
(-4.62447e-34 0 0)
(-4.78174e-34 0 0)
(-5.13999e-34 0 0)
(-4.167e-34 0 0)
(-2.24951e-34 0 0)
(-1.43516e-34 0 0)
(-1.92168e-34 0 0)
(-3.50993e-34 0 0)
(-3.69737e-34 0 0)
(-2.34259e-34 0 0)
(-1.96282e-34 0 0)
(-1.79706e-34 0 0)
(-1.77772e-34 0 0)
(-1.87146e-34 0 0)
(-1.8268e-34 0 0)
(-1.6412e-34 0 0)
(-4.07631e-35 0 0)
(1.511e-34 0 0)
(2.38348e-34 0 0)
(2.56137e-34 0 0)
(2.39397e-34 0 0)
(1.56408e-34 0 0)
(1.02347e-34 0 0)
(6.99457e-35 0 0)
(7.05577e-35 0 0)
(8.21389e-35 0 0)
(9.2156e-35 0 0)
(1.11535e-34 0 0)
(1.2098e-34 0 0)
(1.30829e-34 0 0)
(1.30316e-34 0 0)
(1.40131e-34 0 0)
(1.48044e-34 0 0)
(1.5524e-34 0 0)
(1.61214e-34 0 0)
(1.66906e-34 0 0)
(1.80783e-34 0 0)
(1.96176e-34 0 0)
(2.06506e-34 0 0)
(2.10186e-34 0 0)
(2.11919e-34 0 0)
(2.21229e-34 0 0)
(2.33927e-34 0 0)
(2.41651e-34 0 0)
(2.41185e-34 0 0)
(2.27758e-34 0 0)
(2.16171e-34 0 0)
(2.15797e-34 0 0)
(2.53032e-34 0 0)
(2.93879e-34 0 0)
(3.33534e-34 0 0)
(4.10925e-34 0 0)
(4.38605e-34 0 0)
(4.143e-34 0 0)
(3.64391e-34 0 0)
(3.10596e-34 0 0)
(2.8158e-34 0 0)
(2.88417e-34 0 0)
(3.23219e-34 0 0)
(3.4185e-34 0 0)
(3.43984e-34 0 0)
(3.39868e-34 0 0)
(3.57555e-34 0 0)
(3.86952e-34 0 0)
(3.95181e-34 0 0)
(3.96527e-34 0 0)
(3.89261e-34 0 0)
(3.67088e-34 0 0)
(3.80522e-34 0 0)
(3.77549e-34 0 0)
(3.64457e-34 0 0)
(3.61088e-34 0 0)
(3.15938e-34 0 0)
(2.53712e-34 0 0)
(1.81045e-34 0 0)
(1.10729e-34 0 0)
(3.80468e-35 0 0)
(-3.60988e-35 0 0)
(-7.49589e-35 0 0)
(-6.0945e-35 0 0)
(-1.65234e-35 0 0)
(2.60259e-35 0 0)
(6.05631e-35 0 0)
(8.26196e-35 0 0)
(8.99038e-35 0 0)
(8.65789e-35 0 0)
(7.04053e-35 0 0)
(4.68071e-35 0 0)
(1.70381e-35 0 0)
)
;
    }
    PPe
    {
        type            extrapolatedCalculated;
        value           nonuniform List<vector> 
270
(
(1.0922e-07 -2.93144 0)
(2.19885e-07 -2.93143 0)
(2.03441e-07 -2.93143 0)
(1.65936e-07 -2.93142 0)
(1.30614e-07 -2.93142 0)
(1.03746e-07 -2.93141 0)
(8.508e-08 -2.93141 0)
(7.26126e-08 -2.93141 0)
(6.43002e-08 -2.93141 0)
(5.85511e-08 -2.93141 0)
(5.42732e-08 -2.9314 0)
(5.07767e-08 -2.9314 0)
(4.76544e-08 -2.9314 0)
(4.46831e-08 -2.9314 0)
(4.17545e-08 -2.9314 0)
(3.88327e-08 -2.9314 0)
(3.59262e-08 -2.9314 0)
(3.30687e-08 -2.93139 0)
(3.03031e-08 -2.93139 0)
(2.76679e-08 -2.93139 0)
(2.51903e-08 -2.93139 0)
(2.28836e-08 -2.93139 0)
(2.07504e-08 -2.93139 0)
(1.8787e-08 -2.93139 0)
(1.69865e-08 -2.93139 0)
(1.53413e-08 -2.93139 0)
(1.38433e-08 -2.93139 0)
(1.2484e-08 -2.93139 0)
(1.12542e-08 -2.93139 0)
(1.01448e-08 -2.93139 0)
(9.14606e-09 -2.93139 0)
(8.24896e-09 -2.93139 0)
(7.44445e-09 -2.93139 0)
(6.72409e-09 -2.93139 0)
(6.07979e-09 -2.93139 0)
(5.50418e-09 -2.93139 0)
(4.99038e-09 -2.93139 0)
(4.53219e-09 -2.93139 0)
(4.1239e-09 -2.93139 0)
(3.76043e-09 -2.93139 0)
(3.43705e-09 -2.93139 0)
(3.1496e-09 -2.93138 0)
(2.89421e-09 -2.93138 0)
(2.66739e-09 -2.93138 0)
(2.46604e-09 -2.93138 0)
(2.28728e-09 -2.93138 0)
(2.12853e-09 -2.93138 0)
(1.9876e-09 -2.93138 0)
(1.86241e-09 -2.93138 0)
(1.75137e-09 -2.93138 0)
(1.65281e-09 -2.93138 0)
(1.56542e-09 -2.93138 0)
(1.48768e-09 -2.93138 0)
(1.41833e-09 -2.93138 0)
(1.35589e-09 -2.93138 0)
(1.2993e-09 -2.93138 0)
(1.2474e-09 -2.93138 0)
(1.19961e-09 -2.93138 0)
(1.15526e-09 -2.93138 0)
(1.11411e-09 -2.93138 0)
(1.07563e-09 -2.93138 0)
(1.0396e-09 -2.93138 0)
(1.00547e-09 -2.93138 0)
(9.7301e-10 -2.93138 0)
(9.41742e-10 -2.93138 0)
(9.11614e-10 -2.93138 0)
(8.8233e-10 -2.93138 0)
(8.54005e-10 -2.93138 0)
(8.26484e-10 -2.93138 0)
(7.99963e-10 -2.93138 0)
(7.7432e-10 -2.93138 0)
(7.49723e-10 -2.93138 0)
(7.26032e-10 -2.93138 0)
(7.03344e-10 -2.93138 0)
(6.81489e-10 -2.93138 0)
(6.60518e-10 -2.93138 0)
(6.40255e-10 -2.93138 0)
(6.20755e-10 -2.93138 0)
(6.01839e-10 -2.93138 0)
(5.83569e-10 -2.93138 0)
(5.65813e-10 -2.93138 0)
(5.48622e-10 -2.93138 0)
(5.31895e-10 -2.93138 0)
(5.1569e-10 -2.93138 0)
(4.99955e-10 -2.93138 0)
(4.8472e-10 -2.93138 0)
(4.69958e-10 -2.93138 0)
(4.55713e-10 -2.93138 0)
(4.4194e-10 -2.93138 0)
(4.28654e-10 -2.93138 0)
(4.15805e-10 -2.93138 0)
(4.03359e-10 -2.93138 0)
(3.91263e-10 -2.93138 0)
(3.79414e-10 -2.93138 0)
(3.67876e-10 -2.93138 0)
(3.56384e-10 -2.93138 0)
(3.45257e-10 -2.93138 0)
(3.34221e-10 -2.93138 0)
(3.24474e-10 -2.93138 0)
(3.16075e-10 -2.93138 0)
(3.11595e-10 -2.93138 0)
(3.10944e-10 -2.93138 0)
(3.17107e-10 -2.93138 0)
(3.2934e-10 -2.93138 0)
(3.49759e-10 -2.93138 0)
(3.7596e-10 -2.93138 0)
(4.05549e-10 -2.93138 0)
(4.31233e-10 -2.93138 0)
(4.45144e-10 -2.93138 0)
(4.40184e-10 -2.93138 0)
(4.1435e-10 -2.93138 0)
(3.7156e-10 -2.93138 0)
(3.20465e-10 -2.93138 0)
(2.70423e-10 -2.93138 0)
(2.28305e-10 -2.93138 0)
(1.96613e-10 -2.93138 0)
(1.74269e-10 -2.93138 0)
(1.58355e-10 -2.93138 0)
(1.4599e-10 -2.93138 0)
(1.35077e-10 -2.93138 0)
(1.24603e-10 -2.93138 0)
(1.14085e-10 -2.93138 0)
(1.03482e-10 -2.93138 0)
(9.27459e-11 -2.93138 0)
(8.19426e-11 -2.93138 0)
(7.10518e-11 -2.93138 0)
(6.00984e-11 -2.93138 0)
(4.90181e-11 -2.93138 0)
(3.78354e-11 -2.93138 0)
(2.64354e-11 -2.93138 0)
(1.47728e-11 -2.93138 0)
(2.6635e-12 -2.93138 0)
(-1.03047e-11 -2.93138 0)
(-2.42542e-11 -2.93138 0)
(-3.97281e-11 -2.93138 0)
(-5.68278e-11 -2.93138 0)
(-7.52912e-11 -2.93138 0)
(-9.47264e-11 -2.93138 0)
(-1.1402e-10 -2.93138 0)
(-1.31695e-10 -2.93138 0)
(-1.46472e-10 -2.93138 0)
(-1.56915e-10 -2.93138 0)
(-1.62968e-10 -2.93138 0)
(-1.65096e-10 -2.93138 0)
(-1.65054e-10 -2.93138 0)
(-1.64515e-10 -2.93138 0)
(-1.65354e-10 -2.93138 0)
(-1.68424e-10 -2.93138 0)
(-1.74272e-10 -2.93138 0)
(-1.82502e-10 -2.93138 0)
(-1.92804e-10 -2.93138 0)
(-2.04433e-10 -2.93138 0)
(-2.17056e-10 -2.93138 0)
(-2.30175e-10 -2.93138 0)
(-2.4366e-10 -2.93138 0)
(-2.57252e-10 -2.93138 0)
(-2.70986e-10 -2.93138 0)
(-2.84682e-10 -2.93138 0)
(-2.98454e-10 -2.93138 0)
(-3.12145e-10 -2.93138 0)
(-3.25895e-10 -2.93138 0)
(-3.39495e-10 -2.93138 0)
(-3.53113e-10 -2.93138 0)
(-3.66492e-10 -2.93138 0)
(-3.7968e-10 -2.93138 0)
(-3.92398e-10 -2.93138 0)
(-4.04518e-10 -2.93138 0)
(-4.15697e-10 -2.93138 0)
(-4.25827e-10 -2.93138 0)
(-4.34569e-10 -2.93138 0)
(-4.42111e-10 -2.93138 0)
(-4.48266e-10 -2.93138 0)
(-4.53557e-10 -2.93138 0)
(-4.58303e-10 -2.93138 0)
(-4.63315e-10 -2.93138 0)
(-4.69438e-10 -2.93138 0)
(-4.77552e-10 -2.93138 0)
(-4.88287e-10 -2.93138 0)
(-5.01917e-10 -2.93138 0)
(-5.1823e-10 -2.93138 0)
(-5.36674e-10 -2.93138 0)
(-5.56475e-10 -2.93138 0)
(-5.7688e-10 -2.93138 0)
(-5.97266e-10 -2.93138 0)
(-6.17291e-10 -2.93138 0)
(-6.36772e-10 -2.93138 0)
(-6.55774e-10 -2.93138 0)
(-6.7432e-10 -2.93138 0)
(-6.92599e-10 -2.93138 0)
(-7.10611e-10 -2.93138 0)
(-7.28491e-10 -2.93138 0)
(-7.46225e-10 -2.93138 0)
(-7.63911e-10 -2.93138 0)
(-7.81572e-10 -2.93138 0)
(-7.99355e-10 -2.93138 0)
(-8.17342e-10 -2.93138 0)
(-8.35718e-10 -2.93138 0)
(-8.54613e-10 -2.93138 0)
(-8.74216e-10 -2.93138 0)
(-8.94663e-10 -2.93138 0)
(-9.16114e-10 -2.93138 0)
(-9.38702e-10 -2.93138 0)
(-9.62564e-10 -2.93138 0)
(-9.87827e-10 -2.93138 0)
(-1.01465e-09 -2.93138 0)
(-1.04317e-09 -2.93138 0)
(-1.07359e-09 -2.93138 0)
(-1.10613e-09 -2.93138 0)
(-1.14102e-09 -2.93138 0)
(-1.17857e-09 -2.93138 0)
(-1.21912e-09 -2.93138 0)
(-1.26304e-09 -2.93138 0)
(-1.31081e-09 -2.93138 0)
(-1.3629e-09 -2.93138 0)
(-1.41995e-09 -2.93138 0)
(-1.48257e-09 -2.93138 0)
(-1.55158e-09 -2.93138 0)
(-1.6278e-09 -2.93138 0)
(-1.71224e-09 -2.93138 0)
(-1.80601e-09 -2.93138 0)
(-1.91039e-09 -2.93138 0)
(-2.02679e-09 -2.93138 0)
(-2.15686e-09 -2.93138 0)
(-2.30235e-09 -2.93138 0)
(-2.46536e-09 -2.93138 0)
(-2.64811e-09 -2.93139 0)
(-2.85316e-09 -2.93139 0)
(-3.08333e-09 -2.93139 0)
(-3.34181e-09 -2.93139 0)
(-3.63202e-09 -2.93139 0)
(-3.95795e-09 -2.93139 0)
(-4.32371e-09 -2.93139 0)
(-4.73411e-09 -2.93139 0)
(-5.19416e-09 -2.93139 0)
(-5.70961e-09 -2.93139 0)
(-6.28651e-09 -2.93139 0)
(-6.93162e-09 -2.93139 0)
(-7.65198e-09 -2.93139 0)
(-8.45529e-09 -2.93139 0)
(-9.3494e-09 -2.93139 0)
(-1.03427e-08 -2.93139 0)
(-1.14436e-08 -2.93139 0)
(-1.26608e-08 -2.93139 0)
(-1.40026e-08 -2.93139 0)
(-1.54772e-08 -2.93139 0)
(-1.70918e-08 -2.93139 0)
(-1.88525e-08 -2.93139 0)
(-2.07633e-08 -2.93139 0)
(-2.28252e-08 -2.93139 0)
(-2.50367e-08 -2.93139 0)
(-2.73898e-08 -2.93139 0)
(-2.98749e-08 -2.93139 0)
(-3.24747e-08 -2.93139 0)
(-3.51704e-08 -2.9314 0)
(-3.79402e-08 -2.9314 0)
(-4.07672e-08 -2.9314 0)
(-4.36482e-08 -2.9314 0)
(-4.66143e-08 -2.9314 0)
(-4.97607e-08 -2.9314 0)
(-5.32968e-08 -2.9314 0)
(-5.76175e-08 -2.93141 0)
(-6.34018e-08 -2.93141 0)
(-7.1726e-08 -2.93141 0)
(-8.41585e-08 -2.93141 0)
(-1.02691e-07 -2.93141 0)
(-1.29345e-07 -2.93142 0)
(-1.6387e-07 -2.93142 0)
(-2.01285e-07 -2.93143 0)
(-2.18567e-07 -2.93143 0)
(-1.08683e-07 -2.93144 0)
)
;
    }
    frontAndBack
    {
        type            empty;
    }
    Outlet1
    {
        type            extrapolatedCalculated;
        value           uniform (0 -1.4379e-305 0);
    }
    Outlet2
    {
        type            extrapolatedCalculated;
        value           uniform (0 -0 0);
    }
    Inlet1
    {
        type            extrapolatedCalculated;
        value           uniform (0 -1.37508e-305 0);
    }
    Inlet2
    {
        type            extrapolatedCalculated;
        value           uniform (0 -0 0);
    }
    Walls
    {
        type            extrapolatedCalculated;
        value           nonuniform List<vector> 
132
(
(0 8.89269e-300 0)
(0 1.77854e-299 0)
(0 1.77854e-299 0)
(0 1.77854e-299 0)
(0 1.77854e-299 0)
(0 1.77854e-299 0)
(0 1.77854e-299 0)
(0 1.77854e-299 0)
(0 1.77854e-299 0)
(0 1.77854e-299 0)
(0 1.77854e-299 0)
(0 1.77854e-299 0)
(0 1.77854e-299 0)
(0 8.89272e-300 0)
(0 8.89269e-300 0)
(0 1.77854e-299 0)
(0 1.77854e-299 0)
(0 1.77854e-299 0)
(0 1.77854e-299 0)
(0 1.77854e-299 0)
(0 1.77854e-299 0)
(0 1.77854e-299 0)
(0 1.77854e-299 0)
(0 1.77854e-299 0)
(0 1.77854e-299 0)
(0 1.77854e-299 0)
(0 1.77854e-299 0)
(0 8.89272e-300 0)
(3.33046e-303 0 0)
(1.1606e-302 0 0)
(2.58858e-302 0 0)
(5.6031e-302 0 0)
(1.29323e-301 0 0)
(3.30595e-301 0 0)
(8.07877e-301 0 0)
(1.81326e-300 0 0)
(3.81699e-300 0 0)
(7.71793e-300 0 0)
(1.56626e-299 0 0)
(3.74587e-299 0 0)
(2.69421e-299 0 0)
(-3.90447e-303 0 0)
(-1.34086e-302 0 0)
(-2.90453e-302 0 0)
(-6.05383e-302 0 0)
(-1.34525e-301 0 0)
(-3.3198e-301 0 0)
(-7.83824e-301 0 0)
(-1.67939e-300 0 0)
(-3.2829e-300 0 0)
(-5.86998e-300 0 0)
(-9.63257e-300 0 0)
(-1.45808e-299 0 0)
(-8.6693e-300 0 0)
(0 0 0)
(0 0 0)
(0 0 0)
(0 0 0)
(0 0 0)
(0 0 0)
(0 0 0)
(0 0 0)
(0 0 0)
(0 0 0)
(0 0 0)
(0 0 0)
(0 0 0)
(0 0 0)
(0 0 0)
(0 0 0)
(0 0 0)
(0 0 0)
(0 0 0)
(0 0 0)
(0 0 0)
(0 0 0)
(0 0 0)
(0 0 0)
(0 0 0)
(0 0 0)
(-2.49189e-299 0 0)
(-3.37288e-299 0 0)
(-1.26737e-299 0 0)
(-5.54786e-300 0 0)
(-2.37179e-300 0 0)
(-9.47623e-301 0 0)
(-3.71654e-301 0 0)
(-1.64096e-301 0 0)
(-7.84154e-302 0 0)
(-3.97569e-302 0 0)
(-2.06199e-302 0 0)
(-9.96144e-303 0 0)
(-2.96379e-303 0 0)
(8.41638e-300 0 0)
(1.37113e-299 0 0)
(8.2701e-300 0 0)
(4.45595e-300 0 0)
(2.13171e-300 0 0)
(9.07719e-301 0 0)
(3.70652e-301 0 0)
(1.68758e-301 0 0)
(8.31826e-302 0 0)
(4.35477e-302 0 0)
(2.32556e-302 0 0)
(1.14727e-302 0 0)
(3.44749e-303 0 0)
(0 0 0)
(0 0 0)
(0 0 0)
(0 0 0)
(0 0 0)
(0 0 0)
(0 0 0)
(0 0 0)
(0 0 0)
(0 0 0)
(0 0 0)
(0 0 0)
(0 0 0)
(0 0 0)
(0 0 0)
(0 0 0)
(0 0 0)
(0 0 0)
(0 0 0)
(0 0 0)
(0 0 0)
(0 0 0)
(0 0 0)
(0 0 0)
(0 0 0)
(0 0 0)
)
;
    }
}


// ************************************************************************* //
