/*--------------------------------*- C++ -*----------------------------------*\
| =========                 |                                                 |
| \\      /  F ield         | OpenFOAM: The Open Source CFD Toolbox           |
|  \\    /   O peration     | Version:  2206                                  |
|   \\  /    A nd           | Website:  www.openfoam.com                      |
|    \\/     M anipulation  |                                                 |
\*---------------------------------------------------------------------------*/
FoamFile
{
    version     2.0;
    format      ascii;
    arch        "LSB;label=32;scalar=64";
    class       volScalarField;
    location    "0.1";
    object      p_rgh;
}
// * * * * * * * * * * * * * * * * * * * * * * * * * * * * * * * * * * * * * //

dimensions      [1 -1 -2 0 0 0 0];

internalField   nonuniform List<scalar> 
17988
(
1212.05
1212.02
1211.93
1211.9
1211.83
1211.81
1211.76
1211.74
1211.7
1211.68
1211.64
1211.62
1211.6
1211.58
1211.55
1211.53
1211.51
1211.49
1211.47
1211.45
1211.43
1211.41
1211.39
1211.37
1211.35
1211.33
1211.31
1211.29
1211.27
1211.25
1211.23
1211.21
1211.19
1211.17
1211.15
1211.13
1211.1
1211.08
1211.06
1211.04
1211.02
1211
1210.98
1210.96
1210.94
1210.91
1210.89
1210.87
1210.85
1210.83
1210.8
1210.78
1210.76
1210.74
1210.71
1210.69
1210.67
1210.64
1210.62
1210.6
1210.57
1210.55
1210.53
1210.5
1210.48
1210.46
1210.43
1210.41
1210.38
1210.36
1210.33
1210.31
1210.28
1210.26
1210.23
1210.21
1210.18
1210.16
1210.13
1210.11
1210.08
1210.05
1210.03
1210
1209.98
1209.95
1209.92
1209.89
1209.87
1209.84
1209.81
1209.79
1209.76
1209.73
1209.7
1209.67
1209.65
1209.62
1209.59
1209.56
1209.53
1209.5
1209.47
1209.44
1209.42
1209.39
1209.36
1209.33
1209.3
1209.27
1209.24
1209.21
1209.17
1209.14
1209.11
1209.08
1209.05
1209.02
1208.99
1208.96
1208.92
1208.89
1208.86
1208.83
1208.79
1208.76
1208.73
1208.7
1208.66
1208.63
1208.59
1208.56
1208.53
1208.49
1208.46
1208.42
1208.39
1208.36
1208.32
1208.29
1208.25
1208.22
1208.19
1208.15
1208.12
1208.09
1208.06
1208.02
1207.99
1207.96
1207.93
1207.9
1207.86
1207.83
1207.8
1207.77
1207.74
1207.71
1207.68
1207.65
1207.62
1207.59
1207.56
1207.53
1207.5
1207.47
1207.44
1207.41
1207.38
1207.35
1207.32
1207.29
1207.27
1207.24
1207.21
1207.18
1207.15
1207.13
1207.1
1207.07
1207.04
1207.02
1206.99
1206.96
1206.94
1206.91
1206.88
1206.86
1206.83
1206.81
1206.78
1206.75
1206.73
1206.7
1206.68
1206.65
1206.63
1206.6
1206.58
1206.55
1206.53
1206.51
1206.48
1206.46
1206.43
1206.41
1206.39
1206.36
1206.34
1206.32
1206.29
1206.27
1206.25
1206.23
1206.2
1206.18
1206.16
1206.14
1206.11
1206.09
1206.07
1206.05
1206.03
1206.01
1205.98
1205.96
1205.94
1205.92
1205.9
1205.88
1205.86
1205.84
1205.82
1205.8
1205.78
1205.76
1205.74
1205.72
1205.7
1205.68
1205.66
1205.64
1205.62
1205.6
1205.58
1205.56
1205.54
1205.52
1205.5
1205.48
1205.46
1205.45
1205.42
1205.41
1205.38
1205.37
1205.34
1205.32
1205.29
1205.28
1205.24
1205.22
1205.18
1205.16
1205.11
1205.09
1205.02
1205
1204.91
1204.88
1212.05
1212.02
1211.93
1211.9
1211.83
1211.81
1211.76
1211.74
1211.7
1211.68
1211.64
1211.62
1211.6
1211.58
1211.55
1211.53
1211.51
1211.49
1211.47
1211.45
1211.43
1211.41
1211.39
1211.37
1211.35
1211.33
1211.31
1211.29
1211.27
1211.25
1211.23
1211.21
1211.19
1211.17
1211.15
1211.13
1211.1
1211.08
1211.06
1211.04
1211.02
1211
1210.98
1210.96
1210.94
1210.91
1210.89
1210.87
1210.85
1210.83
1210.8
1210.78
1210.76
1210.74
1210.71
1210.69
1210.67
1210.64
1210.62
1210.6
1210.57
1210.55
1210.53
1210.5
1210.48
1210.46
1210.43
1210.41
1210.38
1210.36
1210.33
1210.31
1210.28
1210.26
1210.23
1210.21
1210.18
1210.16
1210.13
1210.11
1210.08
1210.05
1210.03
1210
1209.98
1209.95
1209.92
1209.89
1209.87
1209.84
1209.81
1209.79
1209.76
1209.73
1209.7
1209.67
1209.65
1209.62
1209.59
1209.56
1209.53
1209.5
1209.47
1209.44
1209.42
1209.39
1209.36
1209.33
1209.3
1209.27
1209.24
1209.21
1209.17
1209.14
1209.11
1209.08
1209.05
1209.02
1208.99
1208.96
1208.92
1208.89
1208.86
1208.83
1208.79
1208.76
1208.73
1208.7
1208.66
1208.63
1208.59
1208.56
1208.53
1208.49
1208.46
1208.42
1208.39
1208.36
1208.32
1208.29
1208.25
1208.22
1208.19
1208.15
1208.12
1208.09
1208.06
1208.02
1207.99
1207.96
1207.93
1207.9
1207.86
1207.83
1207.8
1207.77
1207.74
1207.71
1207.68
1207.65
1207.62
1207.59
1207.56
1207.53
1207.5
1207.47
1207.44
1207.41
1207.38
1207.35
1207.32
1207.29
1207.27
1207.24
1207.21
1207.18
1207.15
1207.13
1207.1
1207.07
1207.04
1207.02
1206.99
1206.96
1206.94
1206.91
1206.88
1206.86
1206.83
1206.81
1206.78
1206.75
1206.73
1206.7
1206.68
1206.65
1206.63
1206.6
1206.58
1206.55
1206.53
1206.51
1206.48
1206.46
1206.43
1206.41
1206.39
1206.36
1206.34
1206.32
1206.29
1206.27
1206.25
1206.23
1206.2
1206.18
1206.16
1206.14
1206.11
1206.09
1206.07
1206.05
1206.03
1206.01
1205.98
1205.96
1205.94
1205.92
1205.9
1205.88
1205.86
1205.84
1205.82
1205.8
1205.78
1205.76
1205.74
1205.72
1205.7
1205.68
1205.66
1205.64
1205.62
1205.6
1205.58
1205.56
1205.54
1205.52
1205.5
1205.48
1205.46
1205.45
1205.42
1205.41
1205.38
1205.37
1205.34
1205.32
1205.29
1205.28
1205.24
1205.22
1205.18
1205.16
1205.11
1205.09
1205.02
1205
1204.91
1204.88
1212.05
1212.02
1211.93
1211.9
1211.83
1211.81
1211.76
1211.74
1211.7
1211.68
1211.64
1211.62
1211.6
1211.58
1211.55
1211.53
1211.51
1211.49
1211.47
1211.45
1211.43
1211.41
1211.39
1211.37
1211.35
1211.33
1211.31
1211.29
1211.27
1211.25
1211.23
1211.21
1211.19
1211.17
1211.15
1211.13
1211.1
1211.08
1211.06
1211.04
1211.02
1211
1210.98
1210.96
1210.94
1210.91
1210.89
1210.87
1210.85
1210.83
1210.8
1210.78
1210.76
1210.74
1210.71
1210.69
1210.67
1210.64
1210.62
1210.6
1210.57
1210.55
1210.53
1210.5
1210.48
1210.46
1210.43
1210.41
1210.38
1210.36
1210.33
1210.31
1210.28
1210.26
1210.23
1210.21
1210.18
1210.16
1210.13
1210.11
1210.08
1210.05
1210.03
1210
1209.98
1209.95
1209.92
1209.89
1209.87
1209.84
1209.81
1209.79
1209.76
1209.73
1209.7
1209.67
1209.65
1209.62
1209.59
1209.56
1209.53
1209.5
1209.47
1209.44
1209.42
1209.39
1209.36
1209.33
1209.3
1209.27
1209.24
1209.21
1209.17
1209.14
1209.11
1209.08
1209.05
1209.02
1208.99
1208.96
1208.92
1208.89
1208.86
1208.83
1208.79
1208.76
1208.73
1208.7
1208.66
1208.63
1208.59
1208.56
1208.53
1208.49
1208.46
1208.42
1208.39
1208.36
1208.32
1208.29
1208.25
1208.22
1208.19
1208.15
1208.12
1208.09
1208.06
1208.02
1207.99
1207.96
1207.93
1207.9
1207.86
1207.83
1207.8
1207.77
1207.74
1207.71
1207.68
1207.65
1207.62
1207.59
1207.56
1207.53
1207.5
1207.47
1207.44
1207.41
1207.38
1207.35
1207.32
1207.29
1207.27
1207.24
1207.21
1207.18
1207.15
1207.13
1207.1
1207.07
1207.04
1207.02
1206.99
1206.96
1206.94
1206.91
1206.88
1206.86
1206.83
1206.81
1206.78
1206.75
1206.73
1206.7
1206.68
1206.65
1206.63
1206.6
1206.58
1206.55
1206.53
1206.51
1206.48
1206.46
1206.43
1206.41
1206.39
1206.36
1206.34
1206.32
1206.29
1206.27
1206.25
1206.23
1206.2
1206.18
1206.16
1206.14
1206.11
1206.09
1206.07
1206.05
1206.03
1206.01
1205.98
1205.96
1205.94
1205.92
1205.9
1205.88
1205.86
1205.84
1205.82
1205.8
1205.78
1205.76
1205.74
1205.72
1205.7
1205.68
1205.66
1205.64
1205.62
1205.6
1205.58
1205.56
1205.54
1205.52
1205.5
1205.48
1205.46
1205.45
1205.42
1205.41
1205.38
1205.37
1205.34
1205.32
1205.29
1205.28
1205.24
1205.22
1205.18
1205.16
1205.11
1205.09
1205.02
1205
1204.91
1204.88
1212.05
1212.02
1211.93
1211.9
1211.83
1211.81
1211.76
1211.74
1211.7
1211.68
1211.64
1211.62
1211.6
1211.58
1211.55
1211.53
1211.51
1211.49
1211.47
1211.45
1211.43
1211.41
1211.39
1211.37
1211.35
1211.33
1211.31
1211.29
1211.27
1211.25
1211.23
1211.21
1211.19
1211.17
1211.15
1211.13
1211.1
1211.08
1211.06
1211.04
1211.02
1211
1210.98
1210.96
1210.94
1210.91
1210.89
1210.87
1210.85
1210.83
1210.8
1210.78
1210.76
1210.74
1210.71
1210.69
1210.67
1210.64
1210.62
1210.6
1210.57
1210.55
1210.53
1210.5
1210.48
1210.46
1210.43
1210.41
1210.38
1210.36
1210.33
1210.31
1210.28
1210.26
1210.23
1210.21
1210.18
1210.16
1210.13
1210.11
1210.08
1210.05
1210.03
1210
1209.98
1209.95
1209.92
1209.89
1209.87
1209.84
1209.81
1209.79
1209.76
1209.73
1209.7
1209.67
1209.65
1209.62
1209.59
1209.56
1209.53
1209.5
1209.47
1209.44
1209.42
1209.39
1209.36
1209.33
1209.3
1209.27
1209.24
1209.21
1209.17
1209.14
1209.11
1209.08
1209.05
1209.02
1208.99
1208.96
1208.92
1208.89
1208.86
1208.83
1208.79
1208.76
1208.73
1208.7
1208.66
1208.63
1208.59
1208.56
1208.53
1208.49
1208.46
1208.42
1208.39
1208.36
1208.32
1208.29
1208.25
1208.22
1208.19
1208.15
1208.12
1208.09
1208.06
1208.02
1207.99
1207.96
1207.93
1207.9
1207.86
1207.83
1207.8
1207.77
1207.74
1207.71
1207.68
1207.65
1207.62
1207.59
1207.56
1207.53
1207.5
1207.47
1207.44
1207.41
1207.38
1207.35
1207.32
1207.29
1207.27
1207.24
1207.21
1207.18
1207.15
1207.13
1207.1
1207.07
1207.04
1207.02
1206.99
1206.96
1206.94
1206.91
1206.88
1206.86
1206.83
1206.81
1206.78
1206.75
1206.73
1206.7
1206.68
1206.65
1206.63
1206.6
1206.58
1206.55
1206.53
1206.51
1206.48
1206.46
1206.43
1206.41
1206.39
1206.36
1206.34
1206.32
1206.29
1206.27
1206.25
1206.23
1206.2
1206.18
1206.16
1206.14
1206.11
1206.09
1206.07
1206.05
1206.03
1206.01
1205.98
1205.96
1205.94
1205.92
1205.9
1205.88
1205.86
1205.84
1205.82
1205.8
1205.78
1205.76
1205.74
1205.72
1205.7
1205.68
1205.66
1205.64
1205.62
1205.6
1205.58
1205.56
1205.54
1205.52
1205.5
1205.48
1205.46
1205.45
1205.42
1205.41
1205.38
1205.37
1205.34
1205.32
1205.29
1205.27
1205.24
1205.22
1205.18
1205.16
1205.11
1205.09
1205.02
1205
1204.91
1204.88
1212.05
1212.02
1211.93
1211.91
1211.84
1211.81
1211.76
1211.74
1211.7
1211.68
1211.64
1211.62
1211.6
1211.58
1211.55
1211.53
1211.51
1211.49
1211.47
1211.45
1211.43
1211.41
1211.39
1211.37
1211.35
1211.33
1211.31
1211.29
1211.27
1211.25
1211.23
1211.21
1211.19
1211.17
1211.15
1211.13
1211.1
1211.08
1211.06
1211.04
1211.02
1211
1210.98
1210.96
1210.94
1210.91
1210.89
1210.87
1210.85
1210.83
1210.8
1210.78
1210.76
1210.74
1210.71
1210.69
1210.67
1210.64
1210.62
1210.6
1210.57
1210.55
1210.53
1210.5
1210.48
1210.46
1210.43
1210.41
1210.38
1210.36
1210.33
1210.31
1210.28
1210.26
1210.23
1210.21
1210.18
1210.16
1210.13
1210.11
1210.08
1210.05
1210.03
1210
1209.98
1209.95
1209.92
1209.89
1209.87
1209.84
1209.81
1209.79
1209.76
1209.73
1209.7
1209.67
1209.65
1209.62
1209.59
1209.56
1209.53
1209.5
1209.47
1209.44
1209.42
1209.39
1209.36
1209.33
1209.3
1209.27
1209.24
1209.21
1209.17
1209.14
1209.11
1209.08
1209.05
1209.02
1208.99
1208.96
1208.92
1208.89
1208.86
1208.83
1208.79
1208.76
1208.73
1208.7
1208.66
1208.63
1208.59
1208.56
1208.53
1208.49
1208.46
1208.42
1208.39
1208.36
1208.32
1208.29
1208.25
1208.22
1208.19
1208.15
1208.12
1208.09
1208.06
1208.02
1207.99
1207.96
1207.93
1207.9
1207.86
1207.83
1207.8
1207.77
1207.74
1207.71
1207.68
1207.65
1207.62
1207.59
1207.56
1207.53
1207.5
1207.47
1207.44
1207.41
1207.38
1207.35
1207.32
1207.29
1207.27
1207.24
1207.21
1207.18
1207.15
1207.13
1207.1
1207.07
1207.04
1207.02
1206.99
1206.96
1206.94
1206.91
1206.88
1206.86
1206.83
1206.81
1206.78
1206.75
1206.73
1206.7
1206.68
1206.65
1206.63
1206.6
1206.58
1206.55
1206.53
1206.51
1206.48
1206.46
1206.43
1206.41
1206.39
1206.36
1206.34
1206.32
1206.29
1206.27
1206.25
1206.23
1206.2
1206.18
1206.16
1206.14
1206.11
1206.09
1206.07
1206.05
1206.03
1206.01
1205.98
1205.96
1205.94
1205.92
1205.9
1205.88
1205.86
1205.84
1205.82
1205.8
1205.78
1205.76
1205.74
1205.72
1205.7
1205.68
1205.66
1205.64
1205.62
1205.6
1205.58
1205.56
1205.54
1205.52
1205.5
1205.48
1205.46
1205.45
1205.42
1205.41
1205.38
1205.37
1205.34
1205.32
1205.29
1205.27
1205.24
1205.22
1205.18
1205.16
1205.11
1205.09
1205.02
1205
1204.9
1204.88
1212.05
1212.02
1211.93
1211.91
1211.84
1211.82
1211.76
1211.74
1211.7
1211.68
1211.64
1211.63
1211.6
1211.58
1211.55
1211.53
1211.51
1211.49
1211.47
1211.45
1211.43
1211.41
1211.39
1211.37
1211.35
1211.33
1211.31
1211.29
1211.27
1211.25
1211.23
1211.21
1211.19
1211.17
1211.15
1211.13
1211.1
1211.08
1211.06
1211.04
1211.02
1211
1210.98
1210.96
1210.94
1210.91
1210.89
1210.87
1210.85
1210.83
1210.8
1210.78
1210.76
1210.74
1210.71
1210.69
1210.67
1210.64
1210.62
1210.6
1210.57
1210.55
1210.53
1210.5
1210.48
1210.46
1210.43
1210.41
1210.38
1210.36
1210.33
1210.31
1210.28
1210.26
1210.23
1210.21
1210.18
1210.16
1210.13
1210.11
1210.08
1210.05
1210.03
1210
1209.98
1209.95
1209.92
1209.89
1209.87
1209.84
1209.81
1209.79
1209.76
1209.73
1209.7
1209.67
1209.65
1209.62
1209.59
1209.56
1209.53
1209.5
1209.47
1209.44
1209.42
1209.39
1209.36
1209.33
1209.3
1209.27
1209.24
1209.21
1209.17
1209.14
1209.11
1209.08
1209.05
1209.02
1208.99
1208.96
1208.92
1208.89
1208.86
1208.83
1208.79
1208.76
1208.73
1208.7
1208.66
1208.63
1208.59
1208.56
1208.53
1208.49
1208.46
1208.42
1208.39
1208.36
1208.32
1208.29
1208.25
1208.22
1208.19
1208.15
1208.12
1208.09
1208.06
1208.02
1207.99
1207.96
1207.93
1207.9
1207.86
1207.83
1207.8
1207.77
1207.74
1207.71
1207.68
1207.65
1207.62
1207.59
1207.56
1207.53
1207.5
1207.47
1207.44
1207.41
1207.38
1207.35
1207.32
1207.29
1207.27
1207.24
1207.21
1207.18
1207.15
1207.13
1207.1
1207.07
1207.04
1207.02
1206.99
1206.96
1206.94
1206.91
1206.88
1206.86
1206.83
1206.81
1206.78
1206.75
1206.73
1206.7
1206.68
1206.65
1206.63
1206.6
1206.58
1206.55
1206.53
1206.51
1206.48
1206.46
1206.43
1206.41
1206.39
1206.36
1206.34
1206.32
1206.29
1206.27
1206.25
1206.23
1206.2
1206.18
1206.16
1206.14
1206.11
1206.09
1206.07
1206.05
1206.03
1206.01
1205.98
1205.96
1205.94
1205.92
1205.9
1205.88
1205.86
1205.84
1205.82
1205.8
1205.78
1205.76
1205.74
1205.72
1205.7
1205.68
1205.66
1205.64
1205.62
1205.6
1205.58
1205.56
1205.54
1205.52
1205.5
1205.48
1205.46
1205.45
1205.42
1205.41
1205.38
1205.37
1205.34
1205.32
1205.29
1205.27
1205.24
1205.22
1205.18
1205.16
1205.11
1205.09
1205.02
1204.99
1204.9
1204.88
1212.05
1212.02
1211.93
1211.91
1211.84
1211.82
1211.76
1211.74
1211.7
1211.68
1211.65
1211.63
1211.6
1211.58
1211.55
1211.53
1211.51
1211.49
1211.47
1211.45
1211.43
1211.41
1211.39
1211.37
1211.35
1211.33
1211.31
1211.29
1211.27
1211.25
1211.23
1211.21
1211.19
1211.17
1211.15
1211.13
1211.1
1211.08
1211.06
1211.04
1211.02
1211
1210.98
1210.96
1210.94
1210.91
1210.89
1210.87
1210.85
1210.83
1210.8
1210.78
1210.76
1210.74
1210.71
1210.69
1210.67
1210.64
1210.62
1210.6
1210.57
1210.55
1210.53
1210.5
1210.48
1210.46
1210.43
1210.41
1210.38
1210.36
1210.33
1210.31
1210.28
1210.26
1210.23
1210.21
1210.18
1210.16
1210.13
1210.11
1210.08
1210.05
1210.03
1210
1209.98
1209.95
1209.92
1209.89
1209.87
1209.84
1209.81
1209.79
1209.76
1209.73
1209.7
1209.67
1209.65
1209.62
1209.59
1209.56
1209.53
1209.5
1209.47
1209.44
1209.42
1209.39
1209.36
1209.33
1209.3
1209.27
1209.24
1209.21
1209.17
1209.14
1209.11
1209.08
1209.05
1209.02
1208.99
1208.96
1208.92
1208.89
1208.86
1208.83
1208.79
1208.76
1208.73
1208.7
1208.66
1208.63
1208.59
1208.56
1208.53
1208.49
1208.46
1208.42
1208.39
1208.36
1208.32
1208.29
1208.25
1208.22
1208.19
1208.15
1208.12
1208.09
1208.06
1208.02
1207.99
1207.96
1207.93
1207.9
1207.86
1207.83
1207.8
1207.77
1207.74
1207.71
1207.68
1207.65
1207.62
1207.59
1207.56
1207.53
1207.5
1207.47
1207.44
1207.41
1207.38
1207.35
1207.32
1207.29
1207.27
1207.24
1207.21
1207.18
1207.15
1207.13
1207.1
1207.07
1207.04
1207.02
1206.99
1206.96
1206.94
1206.91
1206.88
1206.86
1206.83
1206.81
1206.78
1206.75
1206.73
1206.7
1206.68
1206.65
1206.63
1206.6
1206.58
1206.55
1206.53
1206.51
1206.48
1206.46
1206.43
1206.41
1206.39
1206.36
1206.34
1206.32
1206.29
1206.27
1206.25
1206.23
1206.2
1206.18
1206.16
1206.14
1206.11
1206.09
1206.07
1206.05
1206.03
1206.01
1205.98
1205.96
1205.94
1205.92
1205.9
1205.88
1205.86
1205.84
1205.82
1205.8
1205.78
1205.76
1205.74
1205.72
1205.7
1205.68
1205.66
1205.64
1205.62
1205.6
1205.58
1205.56
1205.54
1205.52
1205.5
1205.48
1205.46
1205.45
1205.42
1205.41
1205.38
1205.36
1205.34
1205.32
1205.29
1205.27
1205.24
1205.22
1205.18
1205.16
1205.11
1205.09
1205.02
1204.99
1204.9
1204.87
1212.05
1212.03
1211.93
1211.91
1211.84
1211.82
1211.76
1211.74
1211.7
1211.68
1211.65
1211.63
1211.6
1211.58
1211.55
1211.53
1211.51
1211.49
1211.47
1211.45
1211.43
1211.41
1211.39
1211.37
1211.35
1211.33
1211.31
1211.29
1211.27
1211.25
1211.23
1211.21
1211.19
1211.17
1211.15
1211.13
1211.1
1211.08
1211.06
1211.04
1211.02
1211
1210.98
1210.96
1210.94
1210.91
1210.89
1210.87
1210.85
1210.83
1210.8
1210.78
1210.76
1210.74
1210.71
1210.69
1210.67
1210.64
1210.62
1210.6
1210.57
1210.55
1210.53
1210.5
1210.48
1210.46
1210.43
1210.41
1210.38
1210.36
1210.33
1210.31
1210.28
1210.26
1210.23
1210.21
1210.18
1210.16
1210.13
1210.11
1210.08
1210.05
1210.03
1210
1209.98
1209.95
1209.92
1209.89
1209.87
1209.84
1209.81
1209.79
1209.76
1209.73
1209.7
1209.67
1209.65
1209.62
1209.59
1209.56
1209.53
1209.5
1209.47
1209.44
1209.42
1209.39
1209.36
1209.33
1209.3
1209.27
1209.24
1209.21
1209.17
1209.14
1209.11
1209.08
1209.05
1209.02
1208.99
1208.96
1208.92
1208.89
1208.86
1208.83
1208.79
1208.76
1208.73
1208.7
1208.66
1208.63
1208.59
1208.56
1208.53
1208.49
1208.46
1208.42
1208.39
1208.36
1208.32
1208.29
1208.25
1208.22
1208.19
1208.15
1208.12
1208.09
1208.06
1208.02
1207.99
1207.96
1207.93
1207.9
1207.86
1207.83
1207.8
1207.77
1207.74
1207.71
1207.68
1207.65
1207.62
1207.59
1207.56
1207.53
1207.5
1207.47
1207.44
1207.41
1207.38
1207.35
1207.32
1207.29
1207.27
1207.24
1207.21
1207.18
1207.15
1207.13
1207.1
1207.07
1207.04
1207.02
1206.99
1206.96
1206.94
1206.91
1206.88
1206.86
1206.83
1206.81
1206.78
1206.75
1206.73
1206.7
1206.68
1206.65
1206.63
1206.6
1206.58
1206.55
1206.53
1206.51
1206.48
1206.46
1206.43
1206.41
1206.39
1206.36
1206.34
1206.32
1206.29
1206.27
1206.25
1206.23
1206.2
1206.18
1206.16
1206.14
1206.11
1206.09
1206.07
1206.05
1206.03
1206.01
1205.98
1205.96
1205.94
1205.92
1205.9
1205.88
1205.86
1205.84
1205.82
1205.8
1205.78
1205.76
1205.74
1205.72
1205.7
1205.68
1205.66
1205.64
1205.62
1205.6
1205.58
1205.56
1205.54
1205.52
1205.5
1205.48
1205.46
1205.45
1205.42
1205.41
1205.38
1205.36
1205.34
1205.32
1205.29
1205.27
1205.24
1205.22
1205.18
1205.16
1205.11
1205.08
1205.01
1204.99
1204.9
1204.87
1212.06
1212.03
1211.94
1211.91
1211.84
1211.82
1211.76
1211.74
1211.7
1211.68
1211.65
1211.63
1211.6
1211.58
1211.55
1211.53
1211.51
1211.49
1211.47
1211.45
1211.43
1211.41
1211.39
1211.37
1211.35
1211.33
1211.31
1211.29
1211.27
1211.25
1211.23
1211.21
1211.19
1211.17
1211.15
1211.13
1211.1
1211.08
1211.06
1211.04
1211.02
1211
1210.98
1210.96
1210.94
1210.91
1210.89
1210.87
1210.85
1210.83
1210.8
1210.78
1210.76
1210.74
1210.71
1210.69
1210.67
1210.64
1210.62
1210.6
1210.57
1210.55
1210.53
1210.5
1210.48
1210.46
1210.43
1210.41
1210.38
1210.36
1210.33
1210.31
1210.28
1210.26
1210.23
1210.21
1210.18
1210.16
1210.13
1210.11
1210.08
1210.05
1210.03
1210
1209.98
1209.95
1209.92
1209.89
1209.87
1209.84
1209.81
1209.79
1209.76
1209.73
1209.7
1209.67
1209.65
1209.62
1209.59
1209.56
1209.53
1209.5
1209.47
1209.44
1209.42
1209.39
1209.36
1209.33
1209.3
1209.27
1209.24
1209.21
1209.17
1209.14
1209.11
1209.08
1209.05
1209.02
1208.99
1208.96
1208.92
1208.89
1208.86
1208.83
1208.79
1208.76
1208.73
1208.7
1208.66
1208.63
1208.59
1208.56
1208.53
1208.49
1208.46
1208.42
1208.39
1208.36
1208.32
1208.29
1208.25
1208.22
1208.19
1208.15
1208.12
1208.09
1208.06
1208.02
1207.99
1207.96
1207.93
1207.9
1207.86
1207.83
1207.8
1207.77
1207.74
1207.71
1207.68
1207.65
1207.62
1207.59
1207.56
1207.53
1207.5
1207.47
1207.44
1207.41
1207.38
1207.35
1207.32
1207.29
1207.27
1207.24
1207.21
1207.18
1207.15
1207.13
1207.1
1207.07
1207.04
1207.02
1206.99
1206.96
1206.94
1206.91
1206.88
1206.86
1206.83
1206.81
1206.78
1206.75
1206.73
1206.7
1206.68
1206.65
1206.63
1206.6
1206.58
1206.55
1206.53
1206.51
1206.48
1206.46
1206.43
1206.41
1206.39
1206.36
1206.34
1206.32
1206.29
1206.27
1206.25
1206.23
1206.2
1206.18
1206.16
1206.14
1206.11
1206.09
1206.07
1206.05
1206.03
1206.01
1205.98
1205.96
1205.94
1205.92
1205.9
1205.88
1205.86
1205.84
1205.82
1205.8
1205.78
1205.76
1205.74
1205.72
1205.7
1205.68
1205.66
1205.64
1205.62
1205.6
1205.58
1205.56
1205.54
1205.52
1205.5
1205.48
1205.46
1205.45
1205.42
1205.41
1205.38
1205.36
1205.34
1205.32
1205.29
1205.27
1205.24
1205.22
1205.18
1205.16
1205.1
1205.08
1205.01
1204.99
1204.9
1204.87
1212.06
1212.03
1211.94
1211.91
1211.84
1211.82
1211.76
1211.74
1211.7
1211.68
1211.65
1211.63
1211.6
1211.58
1211.55
1211.53
1211.51
1211.49
1211.47
1211.45
1211.43
1211.41
1211.39
1211.37
1211.35
1211.33
1211.31
1211.29
1211.27
1211.25
1211.23
1211.21
1211.19
1211.17
1211.15
1211.13
1211.1
1211.08
1211.06
1211.04
1211.02
1211
1210.98
1210.96
1210.94
1210.91
1210.89
1210.87
1210.85
1210.83
1210.8
1210.78
1210.76
1210.74
1210.71
1210.69
1210.67
1210.64
1210.62
1210.6
1210.57
1210.55
1210.53
1210.5
1210.48
1210.46
1210.43
1210.41
1210.38
1210.36
1210.33
1210.31
1210.28
1210.26
1210.23
1210.21
1210.18
1210.16
1210.13
1210.11
1210.08
1210.05
1210.03
1210
1209.98
1209.95
1209.92
1209.89
1209.87
1209.84
1209.81
1209.79
1209.76
1209.73
1209.7
1209.67
1209.65
1209.62
1209.59
1209.56
1209.53
1209.5
1209.47
1209.44
1209.42
1209.39
1209.36
1209.33
1209.3
1209.27
1209.24
1209.21
1209.17
1209.14
1209.11
1209.08
1209.05
1209.02
1208.99
1208.96
1208.92
1208.89
1208.86
1208.83
1208.79
1208.76
1208.73
1208.7
1208.66
1208.63
1208.59
1208.56
1208.53
1208.49
1208.46
1208.42
1208.39
1208.36
1208.32
1208.29
1208.25
1208.22
1208.19
1208.15
1208.12
1208.09
1208.06
1208.02
1207.99
1207.96
1207.93
1207.9
1207.86
1207.83
1207.8
1207.77
1207.74
1207.71
1207.68
1207.65
1207.62
1207.59
1207.56
1207.53
1207.5
1207.47
1207.44
1207.41
1207.38
1207.35
1207.32
1207.29
1207.27
1207.24
1207.21
1207.18
1207.15
1207.13
1207.1
1207.07
1207.04
1207.02
1206.99
1206.96
1206.94
1206.91
1206.88
1206.86
1206.83
1206.81
1206.78
1206.75
1206.73
1206.7
1206.68
1206.65
1206.63
1206.6
1206.58
1206.55
1206.53
1206.51
1206.48
1206.46
1206.43
1206.41
1206.39
1206.36
1206.34
1206.32
1206.29
1206.27
1206.25
1206.23
1206.2
1206.18
1206.16
1206.14
1206.11
1206.09
1206.07
1206.05
1206.03
1206.01
1205.98
1205.96
1205.94
1205.92
1205.9
1205.88
1205.86
1205.84
1205.82
1205.8
1205.78
1205.76
1205.74
1205.72
1205.7
1205.68
1205.66
1205.64
1205.62
1205.6
1205.58
1205.56
1205.54
1205.52
1205.5
1205.48
1205.46
1205.45
1205.42
1205.41
1205.38
1205.36
1205.34
1205.32
1205.29
1205.27
1205.24
1205.22
1205.18
1205.16
1205.1
1205.08
1205.01
1204.99
1204.9
1204.87
1212.05
1212.03
1211.93
1211.91
1211.84
1211.82
1211.76
1211.74
1211.7
1211.68
1211.65
1211.63
1211.6
1211.58
1211.55
1211.53
1211.51
1211.49
1211.47
1211.45
1211.43
1211.41
1211.39
1211.37
1211.35
1211.33
1211.31
1211.29
1211.27
1211.25
1211.23
1211.21
1211.19
1211.17
1211.15
1211.13
1211.1
1211.08
1211.06
1211.04
1211.02
1211
1210.98
1210.96
1210.94
1210.91
1210.89
1210.87
1210.85
1210.83
1210.8
1210.78
1210.76
1210.74
1210.71
1210.69
1210.67
1210.64
1210.62
1210.6
1210.57
1210.55
1210.53
1210.5
1210.48
1210.46
1210.43
1210.41
1210.38
1210.36
1210.33
1210.31
1210.28
1210.26
1210.23
1210.21
1210.18
1210.16
1210.13
1210.11
1210.08
1210.05
1210.03
1210
1209.98
1209.95
1209.92
1209.89
1209.87
1209.84
1209.81
1209.79
1209.76
1209.73
1209.7
1209.67
1209.65
1209.62
1209.59
1209.56
1209.53
1209.5
1209.47
1209.44
1209.42
1209.39
1209.36
1209.33
1209.3
1209.27
1209.24
1209.21
1209.17
1209.14
1209.11
1209.08
1209.05
1209.02
1208.99
1208.96
1208.92
1208.89
1208.86
1208.83
1208.79
1208.76
1208.73
1208.7
1208.66
1208.63
1208.59
1208.56
1208.53
1208.49
1208.46
1208.42
1208.39
1208.36
1208.32
1208.29
1208.25
1208.22
1208.19
1208.15
1208.12
1208.09
1208.06
1208.02
1207.99
1207.96
1207.93
1207.9
1207.86
1207.83
1207.8
1207.77
1207.74
1207.71
1207.68
1207.65
1207.62
1207.59
1207.56
1207.53
1207.5
1207.47
1207.44
1207.41
1207.38
1207.35
1207.32
1207.29
1207.27
1207.24
1207.21
1207.18
1207.15
1207.13
1207.1
1207.07
1207.04
1207.02
1206.99
1206.96
1206.94
1206.91
1206.88
1206.86
1206.83
1206.81
1206.78
1206.75
1206.73
1206.7
1206.68
1206.65
1206.63
1206.6
1206.58
1206.55
1206.53
1206.51
1206.48
1206.46
1206.43
1206.41
1206.39
1206.36
1206.34
1206.32
1206.29
1206.27
1206.25
1206.23
1206.2
1206.18
1206.16
1206.14
1206.11
1206.09
1206.07
1206.05
1206.03
1206.01
1205.98
1205.96
1205.94
1205.92
1205.9
1205.88
1205.86
1205.84
1205.82
1205.8
1205.78
1205.76
1205.74
1205.72
1205.7
1205.68
1205.66
1205.64
1205.62
1205.6
1205.58
1205.56
1205.54
1205.52
1205.5
1205.48
1205.46
1205.45
1205.42
1205.41
1205.38
1205.37
1205.34
1205.32
1205.29
1205.27
1205.24
1205.22
1205.18
1205.16
1205.1
1205.08
1205.01
1204.99
1204.9
1204.87
1212.05
1212.03
1211.93
1211.91
1211.84
1211.82
1211.76
1211.74
1211.7
1211.68
1211.64
1211.62
1211.6
1211.58
1211.55
1211.53
1211.51
1211.49
1211.47
1211.45
1211.43
1211.41
1211.39
1211.37
1211.35
1211.33
1211.31
1211.29
1211.27
1211.25
1211.23
1211.21
1211.19
1211.17
1211.15
1211.13
1211.1
1211.08
1211.06
1211.04
1211.02
1211
1210.98
1210.96
1210.94
1210.91
1210.89
1210.87
1210.85
1210.83
1210.8
1210.78
1210.76
1210.74
1210.71
1210.69
1210.67
1210.64
1210.62
1210.6
1210.57
1210.55
1210.53
1210.5
1210.48
1210.46
1210.43
1210.41
1210.38
1210.36
1210.33
1210.31
1210.28
1210.26
1210.23
1210.21
1210.18
1210.16
1210.13
1210.11
1210.08
1210.05
1210.03
1210
1209.97
1209.95
1209.92
1209.89
1209.87
1209.84
1209.81
1209.79
1209.76
1209.73
1209.7
1209.67
1209.65
1209.62
1209.59
1209.56
1209.53
1209.5
1209.47
1209.44
1209.42
1209.39
1209.36
1209.33
1209.3
1209.27
1209.24
1209.21
1209.17
1209.14
1209.11
1209.08
1209.05
1209.02
1208.99
1208.96
1208.92
1208.89
1208.86
1208.83
1208.79
1208.76
1208.73
1208.7
1208.66
1208.63
1208.59
1208.56
1208.53
1208.49
1208.46
1208.42
1208.39
1208.36
1208.32
1208.29
1208.25
1208.22
1208.19
1208.15
1208.12
1208.09
1208.06
1208.02
1207.99
1207.96
1207.93
1207.9
1207.86
1207.83
1207.8
1207.77
1207.74
1207.71
1207.68
1207.65
1207.62
1207.59
1207.56
1207.53
1207.5
1207.47
1207.44
1207.41
1207.38
1207.35
1207.32
1207.29
1207.27
1207.24
1207.21
1207.18
1207.15
1207.13
1207.1
1207.07
1207.04
1207.02
1206.99
1206.96
1206.94
1206.91
1206.88
1206.86
1206.83
1206.81
1206.78
1206.75
1206.73
1206.7
1206.68
1206.65
1206.63
1206.6
1206.58
1206.55
1206.53
1206.51
1206.48
1206.46
1206.43
1206.41
1206.39
1206.36
1206.34
1206.32
1206.29
1206.27
1206.25
1206.23
1206.2
1206.18
1206.16
1206.14
1206.11
1206.09
1206.07
1206.05
1206.03
1206.01
1205.98
1205.96
1205.94
1205.92
1205.9
1205.88
1205.86
1205.84
1205.82
1205.8
1205.78
1205.76
1205.74
1205.72
1205.7
1205.68
1205.66
1205.64
1205.62
1205.6
1205.58
1205.56
1205.54
1205.52
1205.5
1205.48
1205.46
1205.45
1205.43
1205.41
1205.38
1205.37
1205.34
1205.32
1205.29
1205.27
1205.24
1205.22
1205.18
1205.16
1205.11
1205.09
1205.02
1205
1204.9
1204.88
1212.04
1212.02
1211.92
1211.9
1211.83
1211.81
1211.76
1211.74
1211.7
1211.68
1211.64
1211.62
1211.59
1211.57
1211.55
1211.53
1211.51
1211.49
1211.47
1211.45
1211.43
1211.41
1211.39
1211.37
1211.35
1211.33
1211.31
1211.29
1211.27
1211.25
1211.23
1211.21
1211.19
1211.17
1211.15
1211.13
1211.1
1211.08
1211.06
1211.04
1211.02
1211
1210.98
1210.96
1210.94
1210.91
1210.89
1210.87
1210.85
1210.83
1210.8
1210.78
1210.76
1210.74
1210.71
1210.69
1210.67
1210.64
1210.62
1210.6
1210.57
1210.55
1210.53
1210.5
1210.48
1210.46
1210.43
1210.41
1210.38
1210.36
1210.33
1210.31
1210.28
1210.26
1210.23
1210.21
1210.18
1210.16
1210.13
1210.11
1210.08
1210.05
1210.03
1210
1209.97
1209.95
1209.92
1209.89
1209.87
1209.84
1209.81
1209.79
1209.76
1209.73
1209.7
1209.67
1209.65
1209.62
1209.59
1209.56
1209.53
1209.5
1209.47
1209.44
1209.42
1209.39
1209.36
1209.33
1209.3
1209.27
1209.24
1209.21
1209.17
1209.14
1209.11
1209.08
1209.05
1209.02
1208.99
1208.96
1208.92
1208.89
1208.86
1208.83
1208.79
1208.76
1208.73
1208.7
1208.66
1208.63
1208.59
1208.56
1208.53
1208.49
1208.46
1208.42
1208.39
1208.36
1208.32
1208.29
1208.25
1208.22
1208.19
1208.15
1208.12
1208.09
1208.06
1208.02
1207.99
1207.96
1207.93
1207.9
1207.86
1207.83
1207.8
1207.77
1207.74
1207.71
1207.68
1207.65
1207.62
1207.59
1207.56
1207.53
1207.5
1207.47
1207.44
1207.41
1207.38
1207.35
1207.32
1207.29
1207.27
1207.24
1207.21
1207.18
1207.15
1207.13
1207.1
1207.07
1207.04
1207.02
1206.99
1206.96
1206.94
1206.91
1206.88
1206.86
1206.83
1206.81
1206.78
1206.75
1206.73
1206.7
1206.68
1206.65
1206.63
1206.6
1206.58
1206.55
1206.53
1206.51
1206.48
1206.46
1206.43
1206.41
1206.39
1206.36
1206.34
1206.32
1206.29
1206.27
1206.25
1206.23
1206.2
1206.18
1206.16
1206.14
1206.11
1206.09
1206.07
1206.05
1206.03
1206.01
1205.98
1205.96
1205.94
1205.92
1205.9
1205.88
1205.86
1205.84
1205.82
1205.8
1205.78
1205.76
1205.74
1205.72
1205.7
1205.68
1205.66
1205.64
1205.62
1205.6
1205.58
1205.56
1205.54
1205.52
1205.5
1205.49
1205.47
1205.45
1205.43
1205.41
1205.38
1205.37
1205.34
1205.32
1205.3
1205.28
1205.24
1205.22
1205.18
1205.16
1205.11
1205.09
1205.02
1205
1204.9
1204.89
1212.02
1212.01
1211.91
1211.9
1211.82
1211.81
1211.75
1211.73
1211.69
1211.67
1211.64
1211.62
1211.59
1211.57
1211.55
1211.53
1211.51
1211.49
1211.47
1211.45
1211.43
1211.41
1211.39
1211.37
1211.35
1211.33
1211.31
1211.29
1211.27
1211.25
1211.23
1211.21
1211.19
1211.17
1211.15
1211.13
1211.1
1211.08
1211.06
1211.04
1211.02
1211
1210.98
1210.96
1210.94
1210.91
1210.89
1210.87
1210.85
1210.83
1210.8
1210.78
1210.76
1210.74
1210.71
1210.69
1210.67
1210.64
1210.62
1210.6
1210.57
1210.55
1210.53
1210.5
1210.48
1210.46
1210.43
1210.41
1210.38
1210.36
1210.33
1210.31
1210.28
1210.26
1210.23
1210.21
1210.18
1210.16
1210.13
1210.11
1210.08
1210.05
1210.03
1210
1209.97
1209.95
1209.92
1209.89
1209.87
1209.84
1209.81
1209.79
1209.76
1209.73
1209.7
1209.67
1209.65
1209.62
1209.59
1209.56
1209.53
1209.5
1209.47
1209.44
1209.42
1209.39
1209.36
1209.33
1209.3
1209.27
1209.24
1209.21
1209.17
1209.14
1209.11
1209.08
1209.05
1209.02
1208.99
1208.96
1208.92
1208.89
1208.86
1208.83
1208.79
1208.76
1208.73
1208.7
1208.66
1208.63
1208.59
1208.56
1208.53
1208.49
1208.46
1208.42
1208.39
1208.36
1208.32
1208.29
1208.25
1208.22
1208.19
1208.15
1208.12
1208.09
1208.06
1208.02
1207.99
1207.96
1207.93
1207.9
1207.86
1207.83
1207.8
1207.77
1207.74
1207.71
1207.68
1207.65
1207.62
1207.59
1207.56
1207.53
1207.5
1207.47
1207.44
1207.41
1207.38
1207.35
1207.32
1207.29
1207.27
1207.24
1207.21
1207.18
1207.15
1207.13
1207.1
1207.07
1207.04
1207.02
1206.99
1206.96
1206.94
1206.91
1206.88
1206.86
1206.83
1206.81
1206.78
1206.75
1206.73
1206.7
1206.68
1206.65
1206.63
1206.6
1206.58
1206.55
1206.53
1206.51
1206.48
1206.46
1206.43
1206.41
1206.39
1206.36
1206.34
1206.32
1206.29
1206.27
1206.25
1206.23
1206.2
1206.18
1206.16
1206.14
1206.11
1206.09
1206.07
1206.05
1206.03
1206.01
1205.98
1205.96
1205.94
1205.92
1205.9
1205.88
1205.86
1205.84
1205.82
1205.8
1205.78
1205.76
1205.74
1205.72
1205.7
1205.68
1205.66
1205.64
1205.62
1205.6
1205.58
1205.56
1205.54
1205.52
1205.5
1205.49
1205.47
1205.45
1205.43
1205.41
1205.39
1205.37
1205.34
1205.33
1205.3
1205.28
1205.25
1205.23
1205.19
1205.17
1205.12
1205.1
1205.03
1205.01
1204.91
1204.9
1212.01
1212
1211.9
1211.89
1211.82
1211.8
1211.75
1211.73
1211.69
1211.67
1211.64
1211.62
1211.59
1211.57
1211.55
1211.53
1211.51
1211.49
1211.47
1211.45
1211.43
1211.41
1211.39
1211.37
1211.35
1211.33
1211.31
1211.29
1211.27
1211.25
1211.23
1211.21
1211.19
1211.17
1211.15
1211.13
1211.1
1211.08
1211.06
1211.04
1211.02
1211
1210.98
1210.96
1210.94
1210.91
1210.89
1210.87
1210.85
1210.83
1210.8
1210.78
1210.76
1210.74
1210.71
1210.69
1210.67
1210.64
1210.62
1210.6
1210.57
1210.55
1210.53
1210.5
1210.48
1210.46
1210.43
1210.41
1210.38
1210.36
1210.33
1210.31
1210.28
1210.26
1210.23
1210.21
1210.18
1210.16
1210.13
1210.11
1210.08
1210.05
1210.03
1210
1209.97
1209.95
1209.92
1209.89
1209.87
1209.84
1209.81
1209.79
1209.76
1209.73
1209.7
1209.67
1209.65
1209.62
1209.59
1209.56
1209.53
1209.5
1209.47
1209.44
1209.42
1209.39
1209.36
1209.33
1209.3
1209.27
1209.24
1209.21
1209.17
1209.14
1209.11
1209.08
1209.05
1209.02
1208.99
1208.96
1208.92
1208.89
1208.86
1208.83
1208.79
1208.76
1208.73
1208.7
1208.66
1208.63
1208.59
1208.56
1208.53
1208.49
1208.46
1208.42
1208.39
1208.36
1208.32
1208.29
1208.25
1208.22
1208.19
1208.15
1208.12
1208.09
1208.06
1208.02
1207.99
1207.96
1207.93
1207.9
1207.86
1207.83
1207.8
1207.77
1207.74
1207.71
1207.68
1207.65
1207.62
1207.59
1207.56
1207.53
1207.5
1207.47
1207.44
1207.41
1207.38
1207.35
1207.32
1207.29
1207.27
1207.24
1207.21
1207.18
1207.15
1207.13
1207.1
1207.07
1207.04
1207.02
1206.99
1206.96
1206.94
1206.91
1206.88
1206.86
1206.83
1206.81
1206.78
1206.75
1206.73
1206.7
1206.68
1206.65
1206.63
1206.6
1206.58
1206.55
1206.53
1206.51
1206.48
1206.46
1206.43
1206.41
1206.39
1206.36
1206.34
1206.32
1206.29
1206.27
1206.25
1206.23
1206.2
1206.18
1206.16
1206.14
1206.11
1206.09
1206.07
1206.05
1206.03
1206.01
1205.98
1205.96
1205.94
1205.92
1205.9
1205.88
1205.86
1205.84
1205.82
1205.8
1205.78
1205.76
1205.74
1205.72
1205.7
1205.68
1205.66
1205.64
1205.62
1205.6
1205.58
1205.56
1205.54
1205.52
1205.5
1205.49
1205.47
1205.45
1205.43
1205.41
1205.39
1205.37
1205.35
1205.33
1205.3
1205.28
1205.25
1205.23
1205.19
1205.17
1205.12
1205.11
1205.04
1205.03
1204.92
1204.92
1211.99
1211.99
1211.89
1211.88
1211.81
1211.79
1211.74
1211.73
1211.69
1211.67
1211.63
1211.62
1211.59
1211.57
1211.55
1211.53
1211.5
1211.49
1211.47
1211.45
1211.43
1211.41
1211.39
1211.37
1211.35
1211.33
1211.31
1211.29
1211.27
1211.25
1211.23
1211.21
1211.19
1211.17
1211.15
1211.13
1211.1
1211.08
1211.06
1211.04
1211.02
1211
1210.98
1210.96
1210.94
1210.91
1210.89
1210.87
1210.85
1210.83
1210.8
1210.78
1210.76
1210.74
1210.71
1210.69
1210.67
1210.64
1210.62
1210.6
1210.57
1210.55
1210.53
1210.5
1210.48
1210.46
1210.43
1210.41
1210.38
1210.36
1210.33
1210.31
1210.28
1210.26
1210.23
1210.21
1210.18
1210.16
1210.13
1210.11
1210.08
1210.05
1210.03
1210
1209.97
1209.95
1209.92
1209.89
1209.87
1209.84
1209.81
1209.79
1209.76
1209.73
1209.7
1209.67
1209.65
1209.62
1209.59
1209.56
1209.53
1209.5
1209.47
1209.44
1209.42
1209.39
1209.36
1209.33
1209.3
1209.27
1209.24
1209.21
1209.17
1209.14
1209.11
1209.08
1209.05
1209.02
1208.99
1208.96
1208.92
1208.89
1208.86
1208.83
1208.79
1208.76
1208.73
1208.7
1208.66
1208.63
1208.59
1208.56
1208.53
1208.49
1208.46
1208.42
1208.39
1208.36
1208.32
1208.29
1208.25
1208.22
1208.19
1208.15
1208.12
1208.09
1208.06
1208.02
1207.99
1207.96
1207.93
1207.9
1207.86
1207.83
1207.8
1207.77
1207.74
1207.71
1207.68
1207.65
1207.62
1207.59
1207.56
1207.53
1207.5
1207.47
1207.44
1207.41
1207.38
1207.35
1207.32
1207.29
1207.27
1207.24
1207.21
1207.18
1207.15
1207.13
1207.1
1207.07
1207.04
1207.02
1206.99
1206.96
1206.94
1206.91
1206.88
1206.86
1206.83
1206.81
1206.78
1206.75
1206.73
1206.7
1206.68
1206.65
1206.63
1206.6
1206.58
1206.55
1206.53
1206.51
1206.48
1206.46
1206.43
1206.41
1206.39
1206.36
1206.34
1206.32
1206.29
1206.27
1206.25
1206.23
1206.2
1206.18
1206.16
1206.14
1206.11
1206.09
1206.07
1206.05
1206.03
1206.01
1205.98
1205.96
1205.94
1205.92
1205.9
1205.88
1205.86
1205.84
1205.82
1205.8
1205.78
1205.76
1205.74
1205.72
1205.7
1205.68
1205.66
1205.64
1205.62
1205.6
1205.58
1205.56
1205.54
1205.52
1205.5
1205.49
1205.47
1205.45
1205.43
1205.41
1205.39
1205.37
1205.35
1205.33
1205.3
1205.28
1205.25
1205.24
1205.2
1205.18
1205.13
1205.11
1205.05
1205.04
1204.94
1204.93
1211.97
1211.98
1211.88
1211.87
1211.8
1211.79
1211.74
1211.72
1211.68
1211.66
1211.63
1211.61
1211.59
1211.57
1211.54
1211.53
1211.5
1211.49
1211.46
1211.45
1211.43
1211.41
1211.39
1211.37
1211.35
1211.33
1211.31
1211.29
1211.27
1211.25
1211.23
1211.21
1211.19
1211.17
1211.15
1211.13
1211.1
1211.08
1211.06
1211.04
1211.02
1211
1210.98
1210.96
1210.94
1210.91
1210.89
1210.87
1210.85
1210.83
1210.8
1210.78
1210.76
1210.74
1210.71
1210.69
1210.67
1210.64
1210.62
1210.6
1210.57
1210.55
1210.53
1210.5
1210.48
1210.46
1210.43
1210.41
1210.38
1210.36
1210.33
1210.31
1210.28
1210.26
1210.23
1210.21
1210.18
1210.16
1210.13
1210.11
1210.08
1210.05
1210.03
1210
1209.97
1209.95
1209.92
1209.89
1209.87
1209.84
1209.81
1209.79
1209.76
1209.73
1209.7
1209.67
1209.65
1209.62
1209.59
1209.56
1209.53
1209.5
1209.47
1209.44
1209.42
1209.39
1209.36
1209.33
1209.3
1209.27
1209.24
1209.21
1209.17
1209.14
1209.11
1209.08
1209.05
1209.02
1208.99
1208.96
1208.92
1208.89
1208.86
1208.83
1208.79
1208.76
1208.73
1208.7
1208.66
1208.63
1208.59
1208.56
1208.53
1208.49
1208.46
1208.42
1208.39
1208.36
1208.32
1208.29
1208.25
1208.22
1208.19
1208.15
1208.12
1208.09
1208.06
1208.02
1207.99
1207.96
1207.93
1207.9
1207.86
1207.83
1207.8
1207.77
1207.74
1207.71
1207.68
1207.65
1207.62
1207.59
1207.56
1207.53
1207.5
1207.47
1207.44
1207.41
1207.38
1207.35
1207.32
1207.29
1207.27
1207.24
1207.21
1207.18
1207.15
1207.13
1207.1
1207.07
1207.04
1207.02
1206.99
1206.96
1206.94
1206.91
1206.88
1206.86
1206.83
1206.81
1206.78
1206.75
1206.73
1206.7
1206.68
1206.65
1206.63
1206.6
1206.58
1206.55
1206.53
1206.51
1206.48
1206.46
1206.43
1206.41
1206.39
1206.36
1206.34
1206.32
1206.29
1206.27
1206.25
1206.23
1206.2
1206.18
1206.16
1206.14
1206.11
1206.09
1206.07
1206.05
1206.03
1206.01
1205.98
1205.96
1205.94
1205.92
1205.9
1205.88
1205.86
1205.84
1205.82
1205.8
1205.78
1205.76
1205.74
1205.72
1205.7
1205.68
1205.66
1205.64
1205.62
1205.6
1205.58
1205.56
1205.54
1205.52
1205.5
1205.49
1205.47
1205.45
1205.43
1205.41
1205.39
1205.37
1205.35
1205.33
1205.3
1205.29
1205.26
1205.24
1205.2
1205.18
1205.13
1205.12
1205.05
1205.05
1204.95
1204.95
1211.96
1211.97
1211.87
1211.86
1211.8
1211.78
1211.73
1211.72
1211.68
1211.66
1211.63
1211.61
1211.59
1211.57
1211.54
1211.53
1211.5
1211.49
1211.46
1211.45
1211.43
1211.41
1211.39
1211.37
1211.35
1211.33
1211.31
1211.29
1211.27
1211.25
1211.23
1211.21
1211.19
1211.17
1211.15
1211.13
1211.1
1211.08
1211.06
1211.04
1211.02
1211
1210.98
1210.96
1210.94
1210.91
1210.89
1210.87
1210.85
1210.83
1210.8
1210.78
1210.76
1210.74
1210.71
1210.69
1210.67
1210.64
1210.62
1210.6
1210.57
1210.55
1210.53
1210.5
1210.48
1210.46
1210.43
1210.41
1210.38
1210.36
1210.33
1210.31
1210.28
1210.26
1210.23
1210.21
1210.18
1210.16
1210.13
1210.11
1210.08
1210.05
1210.03
1210
1209.97
1209.95
1209.92
1209.89
1209.87
1209.84
1209.81
1209.79
1209.76
1209.73
1209.7
1209.67
1209.65
1209.62
1209.59
1209.56
1209.53
1209.5
1209.47
1209.44
1209.42
1209.39
1209.36
1209.33
1209.3
1209.27
1209.24
1209.21
1209.17
1209.14
1209.11
1209.08
1209.05
1209.02
1208.99
1208.96
1208.92
1208.89
1208.86
1208.83
1208.79
1208.76
1208.73
1208.7
1208.66
1208.63
1208.59
1208.56
1208.53
1208.49
1208.46
1208.42
1208.39
1208.36
1208.32
1208.29
1208.25
1208.22
1208.19
1208.15
1208.12
1208.09
1208.06
1208.02
1207.99
1207.96
1207.93
1207.9
1207.86
1207.83
1207.8
1207.77
1207.74
1207.71
1207.68
1207.65
1207.62
1207.59
1207.56
1207.53
1207.5
1207.47
1207.44
1207.41
1207.38
1207.35
1207.32
1207.29
1207.27
1207.24
1207.21
1207.18
1207.15
1207.13
1207.1
1207.07
1207.04
1207.02
1206.99
1206.96
1206.94
1206.91
1206.88
1206.86
1206.83
1206.81
1206.78
1206.75
1206.73
1206.7
1206.68
1206.65
1206.63
1206.6
1206.58
1206.55
1206.53
1206.51
1206.48
1206.46
1206.43
1206.41
1206.39
1206.36
1206.34
1206.32
1206.29
1206.27
1206.25
1206.23
1206.2
1206.18
1206.16
1206.14
1206.11
1206.09
1206.07
1206.05
1206.03
1206.01
1205.98
1205.96
1205.94
1205.92
1205.9
1205.88
1205.86
1205.84
1205.82
1205.8
1205.78
1205.76
1205.74
1205.72
1205.7
1205.68
1205.66
1205.64
1205.62
1205.6
1205.58
1205.56
1205.54
1205.52
1205.5
1205.49
1205.47
1205.45
1205.43
1205.41
1205.39
1205.37
1205.35
1205.33
1205.31
1205.29
1205.26
1205.24
1205.2
1205.19
1205.14
1205.12
1205.06
1205.05
1204.96
1204.97
1211.94
1211.96
1211.86
1211.86
1211.79
1211.78
1211.73
1211.72
1211.68
1211.66
1211.63
1211.61
1211.58
1211.57
1211.54
1211.53
1211.5
1211.49
1211.46
1211.45
1211.42
1211.41
1211.39
1211.37
1211.35
1211.33
1211.31
1211.29
1211.27
1211.25
1211.23
1211.21
1211.19
1211.17
1211.15
1211.13
1211.1
1211.08
1211.06
1211.04
1211.02
1211
1210.98
1210.96
1210.94
1210.91
1210.89
1210.87
1210.85
1210.83
1210.8
1210.78
1210.76
1210.74
1210.71
1210.69
1210.67
1210.64
1210.62
1210.6
1210.57
1210.55
1210.53
1210.5
1210.48
1210.46
1210.43
1210.41
1210.38
1210.36
1210.33
1210.31
1210.28
1210.26
1210.23
1210.21
1210.18
1210.16
1210.13
1210.11
1210.08
1210.05
1210.03
1210
1209.97
1209.95
1209.92
1209.89
1209.87
1209.84
1209.81
1209.79
1209.76
1209.73
1209.7
1209.67
1209.65
1209.62
1209.59
1209.56
1209.53
1209.5
1209.47
1209.44
1209.42
1209.39
1209.36
1209.33
1209.3
1209.27
1209.24
1209.21
1209.17
1209.14
1209.11
1209.08
1209.05
1209.02
1208.99
1208.96
1208.92
1208.89
1208.86
1208.83
1208.79
1208.76
1208.73
1208.7
1208.66
1208.63
1208.59
1208.56
1208.53
1208.49
1208.46
1208.42
1208.39
1208.36
1208.32
1208.29
1208.25
1208.22
1208.19
1208.15
1208.12
1208.09
1208.06
1208.02
1207.99
1207.96
1207.93
1207.9
1207.86
1207.83
1207.8
1207.77
1207.74
1207.71
1207.68
1207.65
1207.62
1207.59
1207.56
1207.53
1207.5
1207.47
1207.44
1207.41
1207.38
1207.35
1207.32
1207.29
1207.27
1207.24
1207.21
1207.18
1207.15
1207.13
1207.1
1207.07
1207.04
1207.02
1206.99
1206.96
1206.94
1206.91
1206.88
1206.86
1206.83
1206.81
1206.78
1206.75
1206.73
1206.7
1206.68
1206.65
1206.63
1206.6
1206.58
1206.55
1206.53
1206.51
1206.48
1206.46
1206.43
1206.41
1206.39
1206.36
1206.34
1206.32
1206.29
1206.27
1206.25
1206.23
1206.2
1206.18
1206.16
1206.14
1206.11
1206.09
1206.07
1206.05
1206.03
1206.01
1205.98
1205.96
1205.94
1205.92
1205.9
1205.88
1205.86
1205.84
1205.82
1205.8
1205.78
1205.76
1205.74
1205.72
1205.7
1205.68
1205.66
1205.64
1205.62
1205.6
1205.58
1205.56
1205.54
1205.52
1205.51
1205.49
1205.47
1205.45
1205.43
1205.41
1205.39
1205.37
1205.35
1205.33
1205.31
1205.29
1205.26
1205.24
1205.21
1205.19
1205.14
1205.13
1205.07
1205.06
1204.97
1204.98
1211.93
1211.95
1211.86
1211.85
1211.79
1211.78
1211.73
1211.71
1211.68
1211.66
1211.63
1211.61
1211.58
1211.57
1211.54
1211.52
1211.5
1211.48
1211.46
1211.45
1211.42
1211.41
1211.39
1211.37
1211.35
1211.33
1211.31
1211.29
1211.27
1211.25
1211.23
1211.21
1211.19
1211.17
1211.15
1211.13
1211.1
1211.08
1211.06
1211.04
1211.02
1211
1210.98
1210.96
1210.94
1210.91
1210.89
1210.87
1210.85
1210.83
1210.8
1210.78
1210.76
1210.74
1210.71
1210.69
1210.67
1210.64
1210.62
1210.6
1210.57
1210.55
1210.53
1210.5
1210.48
1210.46
1210.43
1210.41
1210.38
1210.36
1210.33
1210.31
1210.28
1210.26
1210.23
1210.21
1210.18
1210.16
1210.13
1210.11
1210.08
1210.05
1210.03
1210
1209.97
1209.95
1209.92
1209.89
1209.87
1209.84
1209.81
1209.79
1209.76
1209.73
1209.7
1209.67
1209.65
1209.62
1209.59
1209.56
1209.53
1209.5
1209.47
1209.44
1209.42
1209.39
1209.36
1209.33
1209.3
1209.27
1209.24
1209.21
1209.17
1209.14
1209.11
1209.08
1209.05
1209.02
1208.99
1208.96
1208.92
1208.89
1208.86
1208.83
1208.79
1208.76
1208.73
1208.7
1208.66
1208.63
1208.59
1208.56
1208.53
1208.49
1208.46
1208.42
1208.39
1208.36
1208.32
1208.29
1208.25
1208.22
1208.19
1208.15
1208.12
1208.09
1208.06
1208.02
1207.99
1207.96
1207.93
1207.9
1207.86
1207.83
1207.8
1207.77
1207.74
1207.71
1207.68
1207.65
1207.62
1207.59
1207.56
1207.53
1207.5
1207.47
1207.44
1207.41
1207.38
1207.35
1207.32
1207.29
1207.27
1207.24
1207.21
1207.18
1207.15
1207.13
1207.1
1207.07
1207.04
1207.02
1206.99
1206.96
1206.94
1206.91
1206.88
1206.86
1206.83
1206.81
1206.78
1206.75
1206.73
1206.7
1206.68
1206.65
1206.63
1206.6
1206.58
1206.55
1206.53
1206.51
1206.48
1206.46
1206.43
1206.41
1206.39
1206.36
1206.34
1206.32
1206.29
1206.27
1206.25
1206.23
1206.2
1206.18
1206.16
1206.14
1206.11
1206.09
1206.07
1206.05
1206.03
1206.01
1205.98
1205.96
1205.94
1205.92
1205.9
1205.88
1205.86
1205.84
1205.82
1205.8
1205.78
1205.76
1205.74
1205.72
1205.7
1205.68
1205.66
1205.64
1205.62
1205.6
1205.58
1205.56
1205.54
1205.52
1205.51
1205.49
1205.47
1205.45
1205.43
1205.41
1205.39
1205.37
1205.35
1205.33
1205.31
1205.29
1205.26
1205.24
1205.21
1205.19
1205.15
1205.13
1205.07
1205.07
1204.98
1204.99
1211.91
1211.93
1211.85
1211.85
1211.79
1211.77
1211.73
1211.71
1211.67
1211.66
1211.63
1211.61
1211.58
1211.57
1211.54
1211.52
1211.5
1211.48
1211.46
1211.45
1211.42
1211.41
1211.39
1211.37
1211.35
1211.33
1211.31
1211.29
1211.27
1211.25
1211.23
1211.21
1211.19
1211.17
1211.15
1211.13
1211.1
1211.08
1211.06
1211.04
1211.02
1211
1210.98
1210.96
1210.94
1210.91
1210.89
1210.87
1210.85
1210.83
1210.8
1210.78
1210.76
1210.74
1210.71
1210.69
1210.67
1210.64
1210.62
1210.6
1210.57
1210.55
1210.53
1210.5
1210.48
1210.46
1210.43
1210.41
1210.38
1210.36
1210.33
1210.31
1210.28
1210.26
1210.23
1210.21
1210.18
1210.16
1210.13
1210.11
1210.08
1210.05
1210.03
1210
1209.97
1209.95
1209.92
1209.89
1209.87
1209.84
1209.81
1209.79
1209.76
1209.73
1209.7
1209.67
1209.65
1209.62
1209.59
1209.56
1209.53
1209.5
1209.47
1209.44
1209.42
1209.39
1209.36
1209.33
1209.3
1209.27
1209.24
1209.21
1209.17
1209.14
1209.11
1209.08
1209.05
1209.02
1208.99
1208.96
1208.92
1208.89
1208.86
1208.83
1208.79
1208.76
1208.73
1208.7
1208.66
1208.63
1208.59
1208.56
1208.53
1208.49
1208.46
1208.42
1208.39
1208.36
1208.32
1208.29
1208.25
1208.22
1208.19
1208.15
1208.12
1208.09
1208.06
1208.02
1207.99
1207.96
1207.93
1207.9
1207.86
1207.83
1207.8
1207.77
1207.74
1207.71
1207.68
1207.65
1207.62
1207.59
1207.56
1207.53
1207.5
1207.47
1207.44
1207.41
1207.38
1207.35
1207.32
1207.29
1207.27
1207.24
1207.21
1207.18
1207.15
1207.13
1207.1
1207.07
1207.04
1207.02
1206.99
1206.96
1206.94
1206.91
1206.88
1206.86
1206.83
1206.81
1206.78
1206.75
1206.73
1206.7
1206.68
1206.65
1206.63
1206.6
1206.58
1206.55
1206.53
1206.51
1206.48
1206.46
1206.43
1206.41
1206.39
1206.36
1206.34
1206.32
1206.29
1206.27
1206.25
1206.23
1206.2
1206.18
1206.16
1206.14
1206.11
1206.09
1206.07
1206.05
1206.03
1206.01
1205.98
1205.96
1205.94
1205.92
1205.9
1205.88
1205.86
1205.84
1205.82
1205.8
1205.78
1205.76
1205.74
1205.72
1205.7
1205.68
1205.66
1205.64
1205.62
1205.6
1205.58
1205.56
1205.54
1205.52
1205.51
1205.49
1205.47
1205.45
1205.43
1205.41
1205.39
1205.37
1205.35
1205.33
1205.31
1205.29
1205.26
1205.25
1205.21
1205.19
1205.15
1205.14
1205.08
1205.07
1204.99
1205.01
1211.9
1211.93
1211.85
1211.85
1211.79
1211.77
1211.72
1211.71
1211.67
1211.66
1211.63
1211.61
1211.58
1211.57
1211.54
1211.52
1211.5
1211.48
1211.46
1211.45
1211.42
1211.41
1211.39
1211.37
1211.35
1211.33
1211.31
1211.29
1211.27
1211.25
1211.23
1211.21
1211.19
1211.17
1211.15
1211.13
1211.1
1211.08
1211.06
1211.04
1211.02
1211
1210.98
1210.96
1210.94
1210.91
1210.89
1210.87
1210.85
1210.83
1210.8
1210.78
1210.76
1210.74
1210.71
1210.69
1210.67
1210.64
1210.62
1210.6
1210.57
1210.55
1210.53
1210.5
1210.48
1210.46
1210.43
1210.41
1210.38
1210.36
1210.33
1210.31
1210.28
1210.26
1210.23
1210.21
1210.18
1210.16
1210.13
1210.11
1210.08
1210.05
1210.03
1210
1209.97
1209.95
1209.92
1209.89
1209.87
1209.84
1209.81
1209.79
1209.76
1209.73
1209.7
1209.67
1209.65
1209.62
1209.59
1209.56
1209.53
1209.5
1209.47
1209.44
1209.42
1209.39
1209.36
1209.33
1209.3
1209.27
1209.24
1209.21
1209.17
1209.14
1209.11
1209.08
1209.05
1209.02
1208.99
1208.96
1208.92
1208.89
1208.86
1208.83
1208.79
1208.76
1208.73
1208.7
1208.66
1208.63
1208.59
1208.56
1208.53
1208.49
1208.46
1208.42
1208.39
1208.36
1208.32
1208.29
1208.25
1208.22
1208.19
1208.15
1208.12
1208.09
1208.06
1208.02
1207.99
1207.96
1207.93
1207.9
1207.86
1207.83
1207.8
1207.77
1207.74
1207.71
1207.68
1207.65
1207.62
1207.59
1207.56
1207.53
1207.5
1207.47
1207.44
1207.41
1207.38
1207.35
1207.32
1207.29
1207.27
1207.24
1207.21
1207.18
1207.15
1207.13
1207.1
1207.07
1207.04
1207.02
1206.99
1206.96
1206.94
1206.91
1206.88
1206.86
1206.83
1206.81
1206.78
1206.75
1206.73
1206.7
1206.68
1206.65
1206.63
1206.6
1206.58
1206.55
1206.53
1206.51
1206.48
1206.46
1206.43
1206.41
1206.39
1206.36
1206.34
1206.32
1206.29
1206.27
1206.25
1206.23
1206.2
1206.18
1206.16
1206.14
1206.11
1206.09
1206.07
1206.05
1206.03
1206.01
1205.98
1205.96
1205.94
1205.92
1205.9
1205.88
1205.86
1205.84
1205.82
1205.8
1205.78
1205.76
1205.74
1205.72
1205.7
1205.68
1205.66
1205.64
1205.62
1205.6
1205.58
1205.56
1205.54
1205.52
1205.51
1205.49
1205.47
1205.45
1205.43
1205.41
1205.39
1205.37
1205.35
1205.33
1205.31
1205.29
1205.26
1205.25
1205.21
1205.2
1205.15
1205.14
1205.08
1205.08
1205
1205.02
1211.89
1211.92
1211.84
1211.84
1211.78
1211.77
1211.72
1211.71
1211.67
1211.65
1211.62
1211.61
1211.58
1211.56
1211.54
1211.52
1211.5
1211.48
1211.46
1211.44
1211.42
1211.41
1211.39
1211.37
1211.35
1211.33
1211.31
1211.29
1211.27
1211.25
1211.23
1211.21
1211.19
1211.17
1211.15
1211.13
1211.1
1211.08
1211.06
1211.04
1211.02
1211
1210.98
1210.96
1210.94
1210.91
1210.89
1210.87
1210.85
1210.83
1210.8
1210.78
1210.76
1210.74
1210.71
1210.69
1210.67
1210.64
1210.62
1210.6
1210.57
1210.55
1210.53
1210.5
1210.48
1210.46
1210.43
1210.41
1210.38
1210.36
1210.33
1210.31
1210.28
1210.26
1210.23
1210.21
1210.18
1210.16
1210.13
1210.11
1210.08
1210.05
1210.03
1210
1209.97
1209.95
1209.92
1209.89
1209.87
1209.84
1209.81
1209.79
1209.76
1209.73
1209.7
1209.67
1209.65
1209.62
1209.59
1209.56
1209.53
1209.5
1209.47
1209.44
1209.42
1209.39
1209.36
1209.33
1209.3
1209.27
1209.24
1209.21
1209.17
1209.14
1209.11
1209.08
1209.05
1209.02
1208.99
1208.96
1208.92
1208.89
1208.86
1208.83
1208.79
1208.76
1208.73
1208.7
1208.66
1208.63
1208.59
1208.56
1208.53
1208.49
1208.46
1208.42
1208.39
1208.36
1208.32
1208.29
1208.25
1208.22
1208.19
1208.15
1208.12
1208.09
1208.06
1208.02
1207.99
1207.96
1207.93
1207.9
1207.86
1207.83
1207.8
1207.77
1207.74
1207.71
1207.68
1207.65
1207.62
1207.59
1207.56
1207.53
1207.5
1207.47
1207.44
1207.41
1207.38
1207.35
1207.32
1207.29
1207.27
1207.24
1207.21
1207.18
1207.15
1207.13
1207.1
1207.07
1207.04
1207.02
1206.99
1206.96
1206.94
1206.91
1206.88
1206.86
1206.83
1206.81
1206.78
1206.75
1206.73
1206.7
1206.68
1206.65
1206.63
1206.6
1206.58
1206.55
1206.53
1206.51
1206.48
1206.46
1206.43
1206.41
1206.39
1206.36
1206.34
1206.32
1206.29
1206.27
1206.25
1206.23
1206.2
1206.18
1206.16
1206.14
1206.11
1206.09
1206.07
1206.05
1206.03
1206.01
1205.98
1205.96
1205.94
1205.92
1205.9
1205.88
1205.86
1205.84
1205.82
1205.8
1205.78
1205.76
1205.74
1205.72
1205.7
1205.68
1205.66
1205.64
1205.62
1205.6
1205.58
1205.56
1205.54
1205.52
1205.51
1205.49
1205.47
1205.45
1205.43
1205.41
1205.39
1205.37
1205.35
1205.34
1205.31
1205.29
1205.26
1205.25
1205.21
1205.2
1205.15
1205.14
1205.08
1205.08
1205.01
1205.03
1211.87
1211.91
1211.84
1211.84
1211.78
1211.77
1211.72
1211.71
1211.67
1211.65
1211.62
1211.61
1211.58
1211.56
1211.54
1211.52
1211.5
1211.48
1211.46
1211.44
1211.42
1211.41
1211.39
1211.37
1211.35
1211.33
1211.31
1211.29
1211.27
1211.25
1211.23
1211.21
1211.19
1211.17
1211.15
1211.13
1211.1
1211.08
1211.06
1211.04
1211.02
1211
1210.98
1210.96
1210.94
1210.91
1210.89
1210.87
1210.85
1210.83
1210.8
1210.78
1210.76
1210.74
1210.71
1210.69
1210.67
1210.64
1210.62
1210.6
1210.57
1210.55
1210.53
1210.5
1210.48
1210.46
1210.43
1210.41
1210.38
1210.36
1210.33
1210.31
1210.28
1210.26
1210.23
1210.21
1210.18
1210.16
1210.13
1210.11
1210.08
1210.05
1210.03
1210
1209.97
1209.95
1209.92
1209.89
1209.87
1209.84
1209.81
1209.79
1209.76
1209.73
1209.7
1209.67
1209.65
1209.62
1209.59
1209.56
1209.53
1209.5
1209.47
1209.44
1209.42
1209.39
1209.36
1209.33
1209.3
1209.27
1209.24
1209.21
1209.17
1209.14
1209.11
1209.08
1209.05
1209.02
1208.99
1208.96
1208.92
1208.89
1208.86
1208.83
1208.79
1208.76
1208.73
1208.7
1208.66
1208.63
1208.59
1208.56
1208.53
1208.49
1208.46
1208.42
1208.39
1208.36
1208.32
1208.29
1208.25
1208.22
1208.19
1208.15
1208.12
1208.09
1208.06
1208.02
1207.99
1207.96
1207.93
1207.9
1207.86
1207.83
1207.8
1207.77
1207.74
1207.71
1207.68
1207.65
1207.62
1207.59
1207.56
1207.53
1207.5
1207.47
1207.44
1207.41
1207.38
1207.35
1207.32
1207.29
1207.27
1207.24
1207.21
1207.18
1207.15
1207.13
1207.1
1207.07
1207.04
1207.02
1206.99
1206.96
1206.94
1206.91
1206.88
1206.86
1206.83
1206.81
1206.78
1206.75
1206.73
1206.7
1206.68
1206.65
1206.63
1206.6
1206.58
1206.55
1206.53
1206.51
1206.48
1206.46
1206.43
1206.41
1206.39
1206.36
1206.34
1206.32
1206.29
1206.27
1206.25
1206.23
1206.2
1206.18
1206.16
1206.14
1206.11
1206.09
1206.07
1206.05
1206.03
1206.01
1205.98
1205.96
1205.94
1205.92
1205.9
1205.88
1205.86
1205.84
1205.82
1205.8
1205.78
1205.76
1205.74
1205.72
1205.7
1205.68
1205.66
1205.64
1205.62
1205.6
1205.58
1205.56
1205.54
1205.52
1205.51
1205.49
1205.47
1205.45
1205.43
1205.41
1205.39
1205.37
1205.35
1205.34
1205.31
1205.29
1205.27
1205.25
1205.21
1205.2
1205.15
1205.14
1205.08
1205.08
1205.02
1205.05
1211.82
1211.89
1211.83
1211.84
1211.78
1211.77
1211.72
1211.71
1211.67
1211.65
1211.62
1211.61
1211.58
1211.56
1211.54
1211.52
1211.5
1211.48
1211.46
1211.44
1211.42
1211.41
1211.39
1211.37
1211.35
1211.33
1211.31
1211.29
1211.27
1211.25
1211.23
1211.21
1211.19
1211.17
1211.15
1211.13
1211.1
1211.08
1211.06
1211.04
1211.02
1211
1210.98
1210.96
1210.94
1210.91
1210.89
1210.87
1210.85
1210.83
1210.8
1210.78
1210.76
1210.74
1210.71
1210.69
1210.67
1210.64
1210.62
1210.6
1210.57
1210.55
1210.53
1210.5
1210.48
1210.46
1210.43
1210.41
1210.38
1210.36
1210.33
1210.31
1210.28
1210.26
1210.23
1210.21
1210.18
1210.16
1210.13
1210.11
1210.08
1210.05
1210.03
1210
1209.97
1209.95
1209.92
1209.89
1209.87
1209.84
1209.81
1209.79
1209.76
1209.73
1209.7
1209.67
1209.65
1209.62
1209.59
1209.56
1209.53
1209.5
1209.47
1209.44
1209.42
1209.39
1209.36
1209.33
1209.3
1209.27
1209.24
1209.2
1209.17
1209.14
1209.11
1209.08
1209.05
1209.02
1208.99
1208.96
1208.92
1208.89
1208.86
1208.83
1208.79
1208.76
1208.73
1208.7
1208.66
1208.63
1208.59
1208.56
1208.53
1208.49
1208.46
1208.42
1208.39
1208.36
1208.32
1208.29
1208.25
1208.22
1208.19
1208.15
1208.12
1208.09
1208.06
1208.02
1207.99
1207.96
1207.93
1207.9
1207.86
1207.83
1207.8
1207.77
1207.74
1207.71
1207.68
1207.65
1207.62
1207.59
1207.56
1207.53
1207.5
1207.47
1207.44
1207.41
1207.38
1207.35
1207.32
1207.29
1207.27
1207.24
1207.21
1207.18
1207.15
1207.13
1207.1
1207.07
1207.04
1207.02
1206.99
1206.96
1206.94
1206.91
1206.88
1206.86
1206.83
1206.81
1206.78
1206.75
1206.73
1206.7
1206.68
1206.65
1206.63
1206.6
1206.58
1206.55
1206.53
1206.51
1206.48
1206.46
1206.43
1206.41
1206.39
1206.36
1206.34
1206.32
1206.29
1206.27
1206.25
1206.22
1206.2
1206.18
1206.16
1206.14
1206.11
1206.09
1206.07
1206.05
1206.03
1206
1205.98
1205.96
1205.94
1205.92
1205.9
1205.88
1205.86
1205.84
1205.82
1205.8
1205.78
1205.76
1205.74
1205.72
1205.7
1205.68
1205.66
1205.64
1205.62
1205.6
1205.58
1205.56
1205.54
1205.52
1205.51
1205.49
1205.47
1205.45
1205.43
1205.41
1205.39
1205.37
1205.35
1205.34
1205.31
1205.29
1205.27
1205.25
1205.22
1205.2
1205.16
1205.14
1205.09
1205.09
1205.04
1205.11
1211.81
1211.87
1211.83
1211.83
1211.78
1211.77
1211.72
1211.71
1211.67
1211.65
1211.62
1211.61
1211.58
1211.56
1211.54
1211.52
1211.5
1211.48
1211.46
1211.45
1211.42
1211.41
1211.39
1211.37
1211.35
1211.33
1211.31
1211.29
1211.27
1211.25
1211.23
1211.21
1211.19
1211.17
1211.15
1211.13
1211.11
1211.09
1211.07
1211.05
1211.02
1211
1210.98
1210.96
1210.94
1210.92
1210.9
1210.87
1210.85
1210.83
1210.81
1210.78
1210.76
1210.74
1210.72
1210.69
1210.67
1210.65
1210.62
1210.6
1210.58
1210.55
1210.53
1210.51
1210.48
1210.46
1210.44
1210.41
1210.39
1210.36
1210.34
1210.31
1210.29
1210.26
1210.24
1210.21
1210.19
1210.16
1210.13
1210.11
1210.08
1210.06
1210.03
1210
1209.98
1209.95
1209.92
1209.9
1209.87
1209.84
1209.82
1209.79
1209.76
1209.73
1209.7
1209.68
1209.65
1209.62
1209.59
1209.56
1209.53
1209.5
1209.48
1209.45
1209.42
1209.39
1209.36
1209.33
1209.3
1209.27
1209.24
1209.21
1209.18
1209.14
1209.11
1209.08
1209.05
1209.02
1208.99
1208.96
1208.92
1208.89
1208.86
1208.83
1208.79
1208.76
1208.73
1208.7
1208.66
1208.63
1208.6
1208.56
1208.53
1208.49
1208.46
1208.42
1208.39
1208.36
1208.32
1208.29
1208.25
1208.22
1208.19
1208.15
1208.12
1208.09
1208.06
1208.02
1207.99
1207.96
1207.93
1207.89
1207.86
1207.83
1207.8
1207.77
1207.74
1207.71
1207.68
1207.65
1207.62
1207.59
1207.55
1207.53
1207.5
1207.47
1207.44
1207.41
1207.38
1207.35
1207.32
1207.29
1207.26
1207.23
1207.21
1207.18
1207.15
1207.12
1207.09
1207.07
1207.04
1207.01
1206.98
1206.96
1206.93
1206.9
1206.88
1206.85
1206.83
1206.8
1206.77
1206.75
1206.72
1206.7
1206.67
1206.64
1206.62
1206.59
1206.57
1206.54
1206.52
1206.5
1206.47
1206.45
1206.42
1206.4
1206.37
1206.35
1206.33
1206.3
1206.28
1206.26
1206.23
1206.21
1206.19
1206.16
1206.14
1206.12
1206.1
1206.07
1206.05
1206.03
1206.01
1205.98
1205.96
1205.94
1205.92
1205.9
1205.88
1205.86
1205.83
1205.81
1205.79
1205.77
1205.75
1205.73
1205.71
1205.69
1205.67
1205.65
1205.63
1205.61
1205.59
1205.57
1205.55
1205.53
1205.51
1205.49
1205.47
1205.45
1205.43
1205.41
1205.39
1205.37
1205.35
1205.33
1205.31
1205.29
1205.27
1205.25
1205.22
1205.2
1205.17
1205.15
1205.11
1205.1
1205.04
1205.04
1205
1205.07
1211.8
1211.86
1211.83
1211.83
1211.78
1211.77
1211.72
1211.71
1211.67
1211.65
1211.62
1211.61
1211.58
1211.56
1211.54
1211.52
1211.5
1211.48
1211.46
1211.45
1211.43
1211.41
1211.39
1211.37
1211.35
1211.33
1211.31
1211.29
1211.27
1211.25
1211.23
1211.21
1211.19
1211.17
1211.15
1211.13
1211.11
1211.09
1211.07
1211.05
1211.02
1211
1210.98
1210.96
1210.94
1210.92
1210.9
1210.87
1210.85
1210.83
1210.81
1210.78
1210.76
1210.74
1210.72
1210.69
1210.67
1210.65
1210.62
1210.6
1210.58
1210.55
1210.53
1210.51
1210.48
1210.46
1210.44
1210.41
1210.39
1210.36
1210.34
1210.31
1210.29
1210.26
1210.24
1210.21
1210.19
1210.16
1210.13
1210.11
1210.08
1210.06
1210.03
1210
1209.98
1209.95
1209.92
1209.9
1209.87
1209.84
1209.82
1209.79
1209.76
1209.73
1209.7
1209.68
1209.65
1209.62
1209.59
1209.56
1209.53
1209.5
1209.48
1209.45
1209.42
1209.39
1209.36
1209.33
1209.3
1209.27
1209.24
1209.21
1209.18
1209.14
1209.11
1209.08
1209.05
1209.02
1208.99
1208.96
1208.92
1208.89
1208.86
1208.83
1208.79
1208.76
1208.73
1208.7
1208.66
1208.63
1208.6
1208.56
1208.53
1208.49
1208.46
1208.42
1208.39
1208.36
1208.32
1208.29
1208.25
1208.22
1208.19
1208.15
1208.12
1208.09
1208.06
1208.02
1207.99
1207.96
1207.93
1207.89
1207.86
1207.83
1207.8
1207.77
1207.74
1207.71
1207.68
1207.65
1207.62
1207.59
1207.55
1207.53
1207.5
1207.47
1207.44
1207.41
1207.38
1207.35
1207.32
1207.29
1207.26
1207.23
1207.21
1207.18
1207.15
1207.12
1207.09
1207.07
1207.04
1207.01
1206.98
1206.96
1206.93
1206.9
1206.88
1206.85
1206.83
1206.8
1206.77
1206.75
1206.72
1206.7
1206.67
1206.64
1206.62
1206.59
1206.57
1206.54
1206.52
1206.5
1206.47
1206.45
1206.42
1206.4
1206.37
1206.35
1206.33
1206.3
1206.28
1206.26
1206.23
1206.21
1206.19
1206.16
1206.14
1206.12
1206.1
1206.07
1206.05
1206.03
1206.01
1205.98
1205.96
1205.94
1205.92
1205.9
1205.88
1205.86
1205.83
1205.81
1205.79
1205.77
1205.75
1205.73
1205.71
1205.69
1205.67
1205.65
1205.63
1205.61
1205.59
1205.57
1205.55
1205.53
1205.51
1205.49
1205.47
1205.45
1205.43
1205.41
1205.39
1205.37
1205.35
1205.33
1205.31
1205.29
1205.27
1205.25
1205.22
1205.2
1205.17
1205.15
1205.11
1205.1
1205.04
1205.05
1205.01
1205.07
1211.79
1211.85
1211.82
1211.83
1211.78
1211.77
1211.72
1211.71
1211.67
1211.65
1211.62
1211.61
1211.58
1211.56
1211.54
1211.52
1211.5
1211.48
1211.46
1211.45
1211.43
1211.41
1211.39
1211.37
1211.35
1211.33
1211.31
1211.29
1211.27
1211.25
1211.23
1211.21
1211.19
1211.17
1211.15
1211.13
1211.11
1211.09
1211.07
1211.05
1211.02
1211
1210.98
1210.96
1210.94
1210.92
1210.9
1210.87
1210.85
1210.83
1210.81
1210.78
1210.76
1210.74
1210.72
1210.69
1210.67
1210.65
1210.62
1210.6
1210.58
1210.55
1210.53
1210.51
1210.48
1210.46
1210.44
1210.41
1210.39
1210.36
1210.34
1210.31
1210.29
1210.26
1210.24
1210.21
1210.19
1210.16
1210.13
1210.11
1210.08
1210.06
1210.03
1210
1209.98
1209.95
1209.92
1209.9
1209.87
1209.84
1209.82
1209.79
1209.76
1209.73
1209.7
1209.68
1209.65
1209.62
1209.59
1209.56
1209.53
1209.5
1209.48
1209.45
1209.42
1209.39
1209.36
1209.33
1209.3
1209.27
1209.24
1209.21
1209.18
1209.14
1209.11
1209.08
1209.05
1209.02
1208.99
1208.96
1208.92
1208.89
1208.86
1208.83
1208.79
1208.76
1208.73
1208.7
1208.66
1208.63
1208.6
1208.56
1208.53
1208.49
1208.46
1208.42
1208.39
1208.36
1208.32
1208.29
1208.25
1208.22
1208.19
1208.15
1208.12
1208.09
1208.06
1208.02
1207.99
1207.96
1207.93
1207.89
1207.86
1207.83
1207.8
1207.77
1207.74
1207.71
1207.68
1207.65
1207.62
1207.59
1207.55
1207.53
1207.5
1207.47
1207.44
1207.41
1207.38
1207.35
1207.32
1207.29
1207.26
1207.23
1207.21
1207.18
1207.15
1207.12
1207.09
1207.07
1207.04
1207.01
1206.98
1206.96
1206.93
1206.9
1206.88
1206.85
1206.83
1206.8
1206.77
1206.75
1206.72
1206.7
1206.67
1206.64
1206.62
1206.59
1206.57
1206.54
1206.52
1206.5
1206.47
1206.45
1206.42
1206.4
1206.37
1206.35
1206.33
1206.3
1206.28
1206.26
1206.23
1206.21
1206.19
1206.16
1206.14
1206.12
1206.1
1206.07
1206.05
1206.03
1206.01
1205.98
1205.96
1205.94
1205.92
1205.9
1205.88
1205.86
1205.83
1205.81
1205.79
1205.77
1205.75
1205.73
1205.71
1205.69
1205.67
1205.65
1205.63
1205.61
1205.59
1205.57
1205.55
1205.53
1205.51
1205.49
1205.47
1205.45
1205.43
1205.41
1205.39
1205.37
1205.35
1205.33
1205.31
1205.29
1205.27
1205.25
1205.22
1205.2
1205.17
1205.15
1205.11
1205.1
1205.05
1205.05
1205.02
1205.08
1211.78
1211.84
1211.82
1211.83
1211.78
1211.77
1211.72
1211.71
1211.67
1211.65
1211.62
1211.61
1211.58
1211.56
1211.54
1211.52
1211.5
1211.48
1211.46
1211.45
1211.43
1211.41
1211.39
1211.37
1211.35
1211.33
1211.31
1211.29
1211.27
1211.25
1211.23
1211.21
1211.19
1211.17
1211.15
1211.13
1211.11
1211.09
1211.07
1211.05
1211.02
1211
1210.98
1210.96
1210.94
1210.92
1210.9
1210.87
1210.85
1210.83
1210.81
1210.78
1210.76
1210.74
1210.72
1210.69
1210.67
1210.65
1210.62
1210.6
1210.58
1210.55
1210.53
1210.51
1210.48
1210.46
1210.44
1210.41
1210.39
1210.36
1210.34
1210.31
1210.29
1210.26
1210.24
1210.21
1210.19
1210.16
1210.13
1210.11
1210.08
1210.06
1210.03
1210
1209.98
1209.95
1209.92
1209.9
1209.87
1209.84
1209.82
1209.79
1209.76
1209.73
1209.7
1209.68
1209.65
1209.62
1209.59
1209.56
1209.53
1209.5
1209.48
1209.45
1209.42
1209.39
1209.36
1209.33
1209.3
1209.27
1209.24
1209.21
1209.18
1209.14
1209.11
1209.08
1209.05
1209.02
1208.99
1208.96
1208.92
1208.89
1208.86
1208.83
1208.79
1208.76
1208.73
1208.7
1208.66
1208.63
1208.6
1208.56
1208.53
1208.49
1208.46
1208.42
1208.39
1208.36
1208.32
1208.29
1208.25
1208.22
1208.19
1208.15
1208.12
1208.09
1208.06
1208.02
1207.99
1207.96
1207.93
1207.89
1207.86
1207.83
1207.8
1207.77
1207.74
1207.71
1207.68
1207.65
1207.62
1207.59
1207.55
1207.53
1207.5
1207.47
1207.44
1207.41
1207.38
1207.35
1207.32
1207.29
1207.26
1207.23
1207.21
1207.18
1207.15
1207.12
1207.09
1207.07
1207.04
1207.01
1206.98
1206.96
1206.93
1206.9
1206.88
1206.85
1206.83
1206.8
1206.77
1206.75
1206.72
1206.7
1206.67
1206.64
1206.62
1206.59
1206.57
1206.54
1206.52
1206.5
1206.47
1206.45
1206.42
1206.4
1206.37
1206.35
1206.33
1206.3
1206.28
1206.26
1206.23
1206.21
1206.19
1206.16
1206.14
1206.12
1206.1
1206.07
1206.05
1206.03
1206.01
1205.98
1205.96
1205.94
1205.92
1205.9
1205.88
1205.86
1205.83
1205.81
1205.79
1205.77
1205.75
1205.73
1205.71
1205.69
1205.67
1205.65
1205.63
1205.61
1205.59
1205.57
1205.55
1205.53
1205.51
1205.49
1205.47
1205.45
1205.43
1205.41
1205.39
1205.37
1205.35
1205.33
1205.31
1205.29
1205.27
1205.25
1205.22
1205.2
1205.17
1205.15
1205.11
1205.1
1205.05
1205.06
1205.03
1205.09
1211.77
1211.83
1211.81
1211.82
1211.77
1211.76
1211.72
1211.71
1211.67
1211.65
1211.62
1211.61
1211.58
1211.56
1211.54
1211.52
1211.5
1211.49
1211.46
1211.45
1211.43
1211.41
1211.39
1211.37
1211.35
1211.33
1211.31
1211.29
1211.27
1211.25
1211.23
1211.21
1211.19
1211.17
1211.15
1211.13
1211.11
1211.09
1211.07
1211.05
1211.02
1211
1210.98
1210.96
1210.94
1210.92
1210.9
1210.87
1210.85
1210.83
1210.81
1210.78
1210.76
1210.74
1210.72
1210.69
1210.67
1210.65
1210.62
1210.6
1210.58
1210.55
1210.53
1210.51
1210.48
1210.46
1210.44
1210.41
1210.39
1210.36
1210.34
1210.31
1210.29
1210.26
1210.24
1210.21
1210.19
1210.16
1210.13
1210.11
1210.08
1210.06
1210.03
1210
1209.98
1209.95
1209.92
1209.9
1209.87
1209.84
1209.82
1209.79
1209.76
1209.73
1209.7
1209.68
1209.65
1209.62
1209.59
1209.56
1209.53
1209.5
1209.48
1209.45
1209.42
1209.39
1209.36
1209.33
1209.3
1209.27
1209.24
1209.21
1209.18
1209.14
1209.11
1209.08
1209.05
1209.02
1208.99
1208.96
1208.92
1208.89
1208.86
1208.83
1208.79
1208.76
1208.73
1208.7
1208.66
1208.63
1208.6
1208.56
1208.53
1208.49
1208.46
1208.42
1208.39
1208.36
1208.32
1208.29
1208.25
1208.22
1208.19
1208.15
1208.12
1208.09
1208.06
1208.02
1207.99
1207.96
1207.93
1207.89
1207.86
1207.83
1207.8
1207.77
1207.74
1207.71
1207.68
1207.65
1207.62
1207.59
1207.55
1207.53
1207.5
1207.47
1207.44
1207.41
1207.38
1207.35
1207.32
1207.29
1207.26
1207.23
1207.21
1207.18
1207.15
1207.12
1207.09
1207.07
1207.04
1207.01
1206.98
1206.96
1206.93
1206.9
1206.88
1206.85
1206.83
1206.8
1206.77
1206.75
1206.72
1206.7
1206.67
1206.64
1206.62
1206.59
1206.57
1206.54
1206.52
1206.5
1206.47
1206.45
1206.42
1206.4
1206.37
1206.35
1206.33
1206.3
1206.28
1206.26
1206.23
1206.21
1206.19
1206.16
1206.14
1206.12
1206.1
1206.07
1206.05
1206.03
1206.01
1205.98
1205.96
1205.94
1205.92
1205.9
1205.88
1205.86
1205.83
1205.81
1205.79
1205.77
1205.75
1205.73
1205.71
1205.69
1205.67
1205.65
1205.63
1205.61
1205.59
1205.57
1205.55
1205.53
1205.51
1205.49
1205.47
1205.45
1205.43
1205.41
1205.39
1205.37
1205.35
1205.33
1205.31
1205.29
1205.27
1205.25
1205.22
1205.2
1205.17
1205.15
1205.11
1205.1
1205.05
1205.06
1205.05
1205.11
1211.76
1211.82
1211.81
1211.82
1211.77
1211.76
1211.72
1211.71
1211.67
1211.65
1211.63
1211.61
1211.58
1211.57
1211.54
1211.53
1211.5
1211.49
1211.47
1211.45
1211.43
1211.41
1211.39
1211.37
1211.35
1211.33
1211.31
1211.29
1211.27
1211.25
1211.23
1211.21
1211.19
1211.17
1211.15
1211.13
1211.11
1211.09
1211.07
1211.05
1211.02
1211
1210.98
1210.96
1210.94
1210.92
1210.9
1210.87
1210.85
1210.83
1210.81
1210.78
1210.76
1210.74
1210.72
1210.69
1210.67
1210.65
1210.62
1210.6
1210.58
1210.55
1210.53
1210.51
1210.48
1210.46
1210.44
1210.41
1210.39
1210.36
1210.34
1210.31
1210.29
1210.26
1210.24
1210.21
1210.19
1210.16
1210.13
1210.11
1210.08
1210.06
1210.03
1210
1209.98
1209.95
1209.92
1209.9
1209.87
1209.84
1209.82
1209.79
1209.76
1209.73
1209.7
1209.68
1209.65
1209.62
1209.59
1209.56
1209.53
1209.5
1209.48
1209.45
1209.42
1209.39
1209.36
1209.33
1209.3
1209.27
1209.24
1209.21
1209.18
1209.14
1209.11
1209.08
1209.05
1209.02
1208.99
1208.96
1208.92
1208.89
1208.86
1208.83
1208.79
1208.76
1208.73
1208.7
1208.66
1208.63
1208.6
1208.56
1208.53
1208.49
1208.46
1208.42
1208.39
1208.36
1208.32
1208.29
1208.25
1208.22
1208.19
1208.15
1208.12
1208.09
1208.06
1208.02
1207.99
1207.96
1207.93
1207.89
1207.86
1207.83
1207.8
1207.77
1207.74
1207.71
1207.68
1207.65
1207.62
1207.59
1207.55
1207.53
1207.5
1207.47
1207.44
1207.41
1207.38
1207.35
1207.32
1207.29
1207.26
1207.23
1207.21
1207.18
1207.15
1207.12
1207.09
1207.07
1207.04
1207.01
1206.98
1206.96
1206.93
1206.9
1206.88
1206.85
1206.83
1206.8
1206.77
1206.75
1206.72
1206.7
1206.67
1206.64
1206.62
1206.59
1206.57
1206.54
1206.52
1206.5
1206.47
1206.45
1206.42
1206.4
1206.37
1206.35
1206.33
1206.3
1206.28
1206.26
1206.23
1206.21
1206.19
1206.16
1206.14
1206.12
1206.1
1206.07
1206.05
1206.03
1206.01
1205.98
1205.96
1205.94
1205.92
1205.9
1205.88
1205.86
1205.83
1205.81
1205.79
1205.77
1205.75
1205.73
1205.71
1205.69
1205.67
1205.65
1205.63
1205.61
1205.59
1205.57
1205.55
1205.53
1205.51
1205.49
1205.47
1205.45
1205.43
1205.41
1205.39
1205.37
1205.35
1205.33
1205.31
1205.29
1205.27
1205.25
1205.22
1205.2
1205.17
1205.15
1205.11
1205.1
1205.06
1205.07
1205.06
1205.12
1211.76
1211.82
1211.81
1211.82
1211.77
1211.76
1211.72
1211.71
1211.67
1211.66
1211.63
1211.61
1211.58
1211.57
1211.54
1211.53
1211.5
1211.49
1211.47
1211.45
1211.43
1211.41
1211.39
1211.37
1211.35
1211.33
1211.31
1211.29
1211.27
1211.25
1211.23
1211.21
1211.19
1211.17
1211.15
1211.13
1211.11
1211.09
1211.07
1211.05
1211.02
1211
1210.98
1210.96
1210.94
1210.92
1210.9
1210.87
1210.85
1210.83
1210.81
1210.78
1210.76
1210.74
1210.72
1210.69
1210.67
1210.65
1210.62
1210.6
1210.58
1210.55
1210.53
1210.51
1210.48
1210.46
1210.44
1210.41
1210.39
1210.36
1210.34
1210.31
1210.29
1210.26
1210.24
1210.21
1210.19
1210.16
1210.13
1210.11
1210.08
1210.06
1210.03
1210
1209.98
1209.95
1209.92
1209.9
1209.87
1209.84
1209.82
1209.79
1209.76
1209.73
1209.7
1209.68
1209.65
1209.62
1209.59
1209.56
1209.53
1209.5
1209.48
1209.45
1209.42
1209.39
1209.36
1209.33
1209.3
1209.27
1209.24
1209.21
1209.18
1209.14
1209.11
1209.08
1209.05
1209.02
1208.99
1208.96
1208.92
1208.89
1208.86
1208.83
1208.79
1208.76
1208.73
1208.7
1208.66
1208.63
1208.6
1208.56
1208.53
1208.49
1208.46
1208.42
1208.39
1208.36
1208.32
1208.29
1208.25
1208.22
1208.19
1208.15
1208.12
1208.09
1208.06
1208.02
1207.99
1207.96
1207.93
1207.89
1207.86
1207.83
1207.8
1207.77
1207.74
1207.71
1207.68
1207.65
1207.62
1207.59
1207.55
1207.53
1207.5
1207.47
1207.44
1207.41
1207.38
1207.35
1207.32
1207.29
1207.26
1207.23
1207.21
1207.18
1207.15
1207.12
1207.09
1207.07
1207.04
1207.01
1206.98
1206.96
1206.93
1206.9
1206.88
1206.85
1206.83
1206.8
1206.77
1206.75
1206.72
1206.7
1206.67
1206.64
1206.62
1206.59
1206.57
1206.54
1206.52
1206.5
1206.47
1206.45
1206.42
1206.4
1206.37
1206.35
1206.33
1206.3
1206.28
1206.26
1206.23
1206.21
1206.19
1206.16
1206.14
1206.12
1206.1
1206.07
1206.05
1206.03
1206.01
1205.98
1205.96
1205.94
1205.92
1205.9
1205.88
1205.86
1205.83
1205.81
1205.79
1205.77
1205.75
1205.73
1205.71
1205.69
1205.67
1205.65
1205.63
1205.61
1205.59
1205.57
1205.55
1205.53
1205.51
1205.49
1205.47
1205.45
1205.43
1205.41
1205.39
1205.37
1205.35
1205.33
1205.31
1205.29
1205.27
1205.25
1205.22
1205.2
1205.17
1205.15
1205.11
1205.1
1205.06
1205.07
1205.06
1205.12
1211.77
1211.83
1211.81
1211.82
1211.77
1211.77
1211.72
1211.71
1211.67
1211.65
1211.62
1211.61
1211.58
1211.57
1211.54
1211.52
1211.5
1211.49
1211.46
1211.45
1211.43
1211.41
1211.39
1211.37
1211.35
1211.33
1211.31
1211.29
1211.27
1211.25
1211.23
1211.21
1211.19
1211.17
1211.15
1211.13
1211.11
1211.09
1211.07
1211.05
1211.02
1211
1210.98
1210.96
1210.94
1210.92
1210.9
1210.87
1210.85
1210.83
1210.81
1210.78
1210.76
1210.74
1210.72
1210.69
1210.67
1210.65
1210.62
1210.6
1210.58
1210.55
1210.53
1210.51
1210.48
1210.46
1210.44
1210.41
1210.39
1210.36
1210.34
1210.31
1210.29
1210.26
1210.24
1210.21
1210.19
1210.16
1210.13
1210.11
1210.08
1210.06
1210.03
1210
1209.98
1209.95
1209.92
1209.9
1209.87
1209.84
1209.82
1209.79
1209.76
1209.73
1209.7
1209.68
1209.65
1209.62
1209.59
1209.56
1209.53
1209.5
1209.48
1209.45
1209.42
1209.39
1209.36
1209.33
1209.3
1209.27
1209.24
1209.21
1209.18
1209.14
1209.11
1209.08
1209.05
1209.02
1208.99
1208.96
1208.92
1208.89
1208.86
1208.83
1208.79
1208.76
1208.73
1208.7
1208.66
1208.63
1208.6
1208.56
1208.53
1208.49
1208.46
1208.42
1208.39
1208.36
1208.32
1208.29
1208.25
1208.22
1208.19
1208.15
1208.12
1208.09
1208.06
1208.02
1207.99
1207.96
1207.93
1207.89
1207.86
1207.83
1207.8
1207.77
1207.74
1207.71
1207.68
1207.65
1207.62
1207.59
1207.55
1207.53
1207.5
1207.47
1207.44
1207.41
1207.38
1207.35
1207.32
1207.29
1207.26
1207.23
1207.21
1207.18
1207.15
1207.12
1207.09
1207.07
1207.04
1207.01
1206.98
1206.96
1206.93
1206.9
1206.88
1206.85
1206.83
1206.8
1206.77
1206.75
1206.72
1206.7
1206.67
1206.64
1206.62
1206.59
1206.57
1206.54
1206.52
1206.5
1206.47
1206.45
1206.42
1206.4
1206.37
1206.35
1206.33
1206.3
1206.28
1206.26
1206.23
1206.21
1206.19
1206.16
1206.14
1206.12
1206.1
1206.07
1206.05
1206.03
1206.01
1205.98
1205.96
1205.94
1205.92
1205.9
1205.88
1205.86
1205.83
1205.81
1205.79
1205.77
1205.75
1205.73
1205.71
1205.69
1205.67
1205.65
1205.63
1205.61
1205.59
1205.57
1205.55
1205.53
1205.51
1205.49
1205.47
1205.45
1205.43
1205.41
1205.39
1205.37
1205.35
1205.33
1205.31
1205.29
1205.27
1205.25
1205.22
1205.2
1205.17
1205.15
1205.11
1205.1
1205.05
1205.06
1205.05
1205.11
1211.78
1211.84
1211.82
1211.83
1211.78
1211.77
1211.72
1211.71
1211.67
1211.65
1211.62
1211.61
1211.58
1211.57
1211.54
1211.52
1211.5
1211.48
1211.46
1211.45
1211.43
1211.41
1211.39
1211.37
1211.35
1211.33
1211.31
1211.29
1211.27
1211.25
1211.23
1211.21
1211.19
1211.17
1211.15
1211.13
1211.11
1211.09
1211.07
1211.05
1211.02
1211
1210.98
1210.96
1210.94
1210.92
1210.9
1210.87
1210.85
1210.83
1210.81
1210.78
1210.76
1210.74
1210.72
1210.69
1210.67
1210.65
1210.62
1210.6
1210.58
1210.55
1210.53
1210.51
1210.48
1210.46
1210.44
1210.41
1210.39
1210.36
1210.34
1210.31
1210.29
1210.26
1210.24
1210.21
1210.19
1210.16
1210.13
1210.11
1210.08
1210.06
1210.03
1210
1209.98
1209.95
1209.92
1209.9
1209.87
1209.84
1209.82
1209.79
1209.76
1209.73
1209.7
1209.68
1209.65
1209.62
1209.59
1209.56
1209.53
1209.5
1209.48
1209.45
1209.42
1209.39
1209.36
1209.33
1209.3
1209.27
1209.24
1209.21
1209.18
1209.14
1209.11
1209.08
1209.05
1209.02
1208.99
1208.96
1208.92
1208.89
1208.86
1208.83
1208.79
1208.76
1208.73
1208.7
1208.66
1208.63
1208.6
1208.56
1208.53
1208.49
1208.46
1208.42
1208.39
1208.36
1208.32
1208.29
1208.25
1208.22
1208.19
1208.15
1208.12
1208.09
1208.06
1208.02
1207.99
1207.96
1207.93
1207.89
1207.86
1207.83
1207.8
1207.77
1207.74
1207.71
1207.68
1207.65
1207.62
1207.59
1207.55
1207.53
1207.5
1207.47
1207.44
1207.41
1207.38
1207.35
1207.32
1207.29
1207.26
1207.23
1207.21
1207.18
1207.15
1207.12
1207.09
1207.07
1207.04
1207.01
1206.98
1206.96
1206.93
1206.9
1206.88
1206.85
1206.83
1206.8
1206.77
1206.75
1206.72
1206.7
1206.67
1206.64
1206.62
1206.59
1206.57
1206.54
1206.52
1206.5
1206.47
1206.45
1206.42
1206.4
1206.37
1206.35
1206.33
1206.3
1206.28
1206.26
1206.23
1206.21
1206.19
1206.16
1206.14
1206.12
1206.1
1206.07
1206.05
1206.03
1206.01
1205.98
1205.96
1205.94
1205.92
1205.9
1205.88
1205.86
1205.83
1205.81
1205.79
1205.77
1205.75
1205.73
1205.71
1205.69
1205.67
1205.65
1205.63
1205.61
1205.59
1205.57
1205.55
1205.53
1205.51
1205.49
1205.47
1205.45
1205.43
1205.41
1205.39
1205.37
1205.35
1205.33
1205.31
1205.29
1205.27
1205.25
1205.22
1205.2
1205.17
1205.15
1205.11
1205.1
1205.05
1205.06
1205.03
1205.09
1211.79
1211.85
1211.82
1211.83
1211.78
1211.77
1211.72
1211.71
1211.67
1211.65
1211.62
1211.61
1211.58
1211.56
1211.54
1211.52
1211.5
1211.48
1211.46
1211.45
1211.43
1211.41
1211.39
1211.37
1211.35
1211.33
1211.31
1211.29
1211.27
1211.25
1211.23
1211.21
1211.19
1211.17
1211.15
1211.13
1211.11
1211.09
1211.07
1211.05
1211.02
1211
1210.98
1210.96
1210.94
1210.92
1210.9
1210.87
1210.85
1210.83
1210.81
1210.78
1210.76
1210.74
1210.72
1210.69
1210.67
1210.65
1210.62
1210.6
1210.58
1210.55
1210.53
1210.51
1210.48
1210.46
1210.44
1210.41
1210.39
1210.36
1210.34
1210.31
1210.29
1210.26
1210.24
1210.21
1210.19
1210.16
1210.13
1210.11
1210.08
1210.06
1210.03
1210
1209.98
1209.95
1209.92
1209.9
1209.87
1209.84
1209.82
1209.79
1209.76
1209.73
1209.7
1209.68
1209.65
1209.62
1209.59
1209.56
1209.53
1209.5
1209.48
1209.45
1209.42
1209.39
1209.36
1209.33
1209.3
1209.27
1209.24
1209.21
1209.18
1209.14
1209.11
1209.08
1209.05
1209.02
1208.99
1208.96
1208.92
1208.89
1208.86
1208.83
1208.79
1208.76
1208.73
1208.7
1208.66
1208.63
1208.6
1208.56
1208.53
1208.49
1208.46
1208.42
1208.39
1208.36
1208.32
1208.29
1208.25
1208.22
1208.19
1208.15
1208.12
1208.09
1208.06
1208.02
1207.99
1207.96
1207.93
1207.89
1207.86
1207.83
1207.8
1207.77
1207.74
1207.71
1207.68
1207.65
1207.62
1207.59
1207.55
1207.53
1207.5
1207.47
1207.44
1207.41
1207.38
1207.35
1207.32
1207.29
1207.26
1207.23
1207.21
1207.18
1207.15
1207.12
1207.09
1207.07
1207.04
1207.01
1206.98
1206.96
1206.93
1206.9
1206.88
1206.85
1206.83
1206.8
1206.77
1206.75
1206.72
1206.7
1206.67
1206.64
1206.62
1206.59
1206.57
1206.54
1206.52
1206.5
1206.47
1206.45
1206.42
1206.4
1206.37
1206.35
1206.33
1206.3
1206.28
1206.26
1206.23
1206.21
1206.19
1206.16
1206.14
1206.12
1206.1
1206.07
1206.05
1206.03
1206.01
1205.98
1205.96
1205.94
1205.92
1205.9
1205.88
1205.86
1205.83
1205.81
1205.79
1205.77
1205.75
1205.73
1205.71
1205.69
1205.67
1205.65
1205.63
1205.61
1205.59
1205.57
1205.55
1205.53
1205.51
1205.49
1205.47
1205.45
1205.43
1205.41
1205.39
1205.37
1205.35
1205.33
1205.31
1205.29
1205.27
1205.25
1205.22
1205.2
1205.17
1205.15
1205.11
1205.1
1205.05
1205.05
1205.02
1205.08
1211.8
1211.87
1211.83
1211.83
1211.78
1211.77
1211.72
1211.71
1211.67
1211.65
1211.62
1211.61
1211.58
1211.56
1211.54
1211.52
1211.5
1211.48
1211.46
1211.45
1211.43
1211.41
1211.39
1211.37
1211.35
1211.33
1211.31
1211.29
1211.27
1211.25
1211.23
1211.21
1211.19
1211.17
1211.15
1211.13
1211.11
1211.09
1211.07
1211.05
1211.02
1211
1210.98
1210.96
1210.94
1210.92
1210.9
1210.87
1210.85
1210.83
1210.81
1210.78
1210.76
1210.74
1210.72
1210.69
1210.67
1210.65
1210.62
1210.6
1210.58
1210.55
1210.53
1210.51
1210.48
1210.46
1210.44
1210.41
1210.39
1210.36
1210.34
1210.31
1210.29
1210.26
1210.24
1210.21
1210.19
1210.16
1210.13
1210.11
1210.08
1210.06
1210.03
1210
1209.98
1209.95
1209.92
1209.9
1209.87
1209.84
1209.82
1209.79
1209.76
1209.73
1209.7
1209.68
1209.65
1209.62
1209.59
1209.56
1209.53
1209.5
1209.48
1209.45
1209.42
1209.39
1209.36
1209.33
1209.3
1209.27
1209.24
1209.21
1209.18
1209.14
1209.11
1209.08
1209.05
1209.02
1208.99
1208.96
1208.92
1208.89
1208.86
1208.83
1208.79
1208.76
1208.73
1208.7
1208.66
1208.63
1208.6
1208.56
1208.53
1208.49
1208.46
1208.42
1208.39
1208.36
1208.32
1208.29
1208.25
1208.22
1208.19
1208.15
1208.12
1208.09
1208.06
1208.02
1207.99
1207.96
1207.93
1207.89
1207.86
1207.83
1207.8
1207.77
1207.74
1207.71
1207.68
1207.65
1207.62
1207.59
1207.55
1207.53
1207.5
1207.47
1207.44
1207.41
1207.38
1207.35
1207.32
1207.29
1207.26
1207.23
1207.21
1207.18
1207.15
1207.12
1207.09
1207.07
1207.04
1207.01
1206.98
1206.96
1206.93
1206.9
1206.88
1206.85
1206.83
1206.8
1206.77
1206.75
1206.72
1206.7
1206.67
1206.64
1206.62
1206.59
1206.57
1206.54
1206.52
1206.5
1206.47
1206.45
1206.42
1206.4
1206.37
1206.35
1206.33
1206.3
1206.28
1206.26
1206.23
1206.21
1206.19
1206.16
1206.14
1206.12
1206.1
1206.07
1206.05
1206.03
1206.01
1205.98
1205.96
1205.94
1205.92
1205.9
1205.88
1205.86
1205.83
1205.81
1205.79
1205.77
1205.75
1205.73
1205.71
1205.69
1205.67
1205.65
1205.63
1205.61
1205.59
1205.57
1205.55
1205.53
1205.51
1205.49
1205.47
1205.45
1205.43
1205.41
1205.39
1205.37
1205.35
1205.33
1205.31
1205.29
1205.27
1205.25
1205.22
1205.2
1205.17
1205.15
1205.11
1205.1
1205.04
1205.05
1205.01
1205.07
1211.81
1211.87
1211.83
1211.83
1211.78
1211.77
1211.72
1211.71
1211.67
1211.65
1211.62
1211.61
1211.58
1211.56
1211.54
1211.52
1211.5
1211.48
1211.46
1211.45
1211.43
1211.41
1211.39
1211.37
1211.35
1211.33
1211.31
1211.29
1211.27
1211.25
1211.23
1211.21
1211.19
1211.17
1211.15
1211.13
1211.11
1211.09
1211.07
1211.05
1211.02
1211
1210.98
1210.96
1210.94
1210.92
1210.9
1210.87
1210.85
1210.83
1210.81
1210.78
1210.76
1210.74
1210.72
1210.69
1210.67
1210.65
1210.62
1210.6
1210.58
1210.55
1210.53
1210.51
1210.48
1210.46
1210.44
1210.41
1210.39
1210.36
1210.34
1210.31
1210.29
1210.26
1210.24
1210.21
1210.19
1210.16
1210.13
1210.11
1210.08
1210.06
1210.03
1210
1209.98
1209.95
1209.92
1209.9
1209.87
1209.84
1209.82
1209.79
1209.76
1209.73
1209.7
1209.68
1209.65
1209.62
1209.59
1209.56
1209.53
1209.5
1209.48
1209.45
1209.42
1209.39
1209.36
1209.33
1209.3
1209.27
1209.24
1209.21
1209.18
1209.14
1209.11
1209.08
1209.05
1209.02
1208.99
1208.96
1208.92
1208.89
1208.86
1208.83
1208.79
1208.76
1208.73
1208.7
1208.66
1208.63
1208.6
1208.56
1208.53
1208.49
1208.46
1208.42
1208.39
1208.36
1208.32
1208.29
1208.25
1208.22
1208.19
1208.15
1208.12
1208.09
1208.06
1208.02
1207.99
1207.96
1207.93
1207.89
1207.86
1207.83
1207.8
1207.77
1207.74
1207.71
1207.68
1207.65
1207.62
1207.59
1207.55
1207.53
1207.5
1207.47
1207.44
1207.41
1207.38
1207.35
1207.32
1207.29
1207.26
1207.23
1207.21
1207.18
1207.15
1207.12
1207.09
1207.07
1207.04
1207.01
1206.98
1206.96
1206.93
1206.9
1206.88
1206.85
1206.83
1206.8
1206.77
1206.75
1206.72
1206.7
1206.67
1206.64
1206.62
1206.59
1206.57
1206.54
1206.52
1206.5
1206.47
1206.45
1206.42
1206.4
1206.37
1206.35
1206.33
1206.3
1206.28
1206.26
1206.23
1206.21
1206.19
1206.16
1206.14
1206.12
1206.1
1206.07
1206.05
1206.03
1206.01
1205.98
1205.96
1205.94
1205.92
1205.9
1205.88
1205.86
1205.83
1205.81
1205.79
1205.77
1205.75
1205.73
1205.71
1205.69
1205.67
1205.65
1205.63
1205.61
1205.59
1205.57
1205.55
1205.53
1205.51
1205.49
1205.47
1205.45
1205.43
1205.41
1205.39
1205.37
1205.35
1205.33
1205.31
1205.29
1205.27
1205.25
1205.22
1205.2
1205.17
1205.15
1205.11
1205.1
1205.04
1205.04
1205
1205.07
1211.82
1211.89
1211.83
1211.84
1211.78
1211.77
1211.72
1211.71
1211.67
1211.65
1211.62
1211.61
1211.58
1211.56
1211.54
1211.52
1211.5
1211.48
1211.46
1211.45
1211.43
1211.41
1211.39
1211.37
1211.35
1211.33
1211.31
1211.29
1211.27
1211.25
1211.23
1211.21
1211.19
1211.17
1211.15
1211.13
1211.11
1211.09
1211.06
1211.04
1211.02
1211
1210.98
1210.96
1210.94
1210.92
1210.89
1210.87
1210.85
1210.83
1210.81
1210.78
1210.76
1210.74
1210.72
1210.69
1210.67
1210.65
1210.62
1210.6
1210.58
1210.55
1210.53
1210.51
1210.48
1210.46
1210.43
1210.41
1210.39
1210.36
1210.34
1210.31
1210.29
1210.26
1210.24
1210.21
1210.19
1210.16
1210.13
1210.11
1210.08
1210.06
1210.03
1210
1209.98
1209.95
1209.92
1209.9
1209.87
1209.84
1209.82
1209.79
1209.76
1209.73
1209.7
1209.68
1209.65
1209.62
1209.59
1209.56
1209.53
1209.5
1209.48
1209.45
1209.42
1209.39
1209.36
1209.33
1209.3
1209.27
1209.24
1209.21
1209.18
1209.14
1209.11
1209.08
1209.05
1209.02
1208.99
1208.96
1208.92
1208.89
1208.86
1208.83
1208.79
1208.76
1208.73
1208.7
1208.66
1208.63
1208.6
1208.56
1208.53
1208.49
1208.46
1208.42
1208.39
1208.36
1208.32
1208.29
1208.25
1208.22
1208.19
1208.15
1208.12
1208.09
1208.06
1208.02
1207.99
1207.96
1207.93
1207.89
1207.86
1207.83
1207.8
1207.77
1207.74
1207.71
1207.68
1207.65
1207.62
1207.59
1207.56
1207.53
1207.5
1207.47
1207.44
1207.41
1207.38
1207.35
1207.32
1207.29
1207.26
1207.23
1207.21
1207.18
1207.15
1207.12
1207.09
1207.07
1207.04
1207.01
1206.99
1206.96
1206.93
1206.9
1206.88
1206.85
1206.83
1206.8
1206.77
1206.75
1206.72
1206.7
1206.67
1206.65
1206.62
1206.6
1206.57
1206.55
1206.52
1206.5
1206.47
1206.45
1206.42
1206.4
1206.38
1206.35
1206.33
1206.31
1206.28
1206.26
1206.24
1206.21
1206.19
1206.17
1206.14
1206.12
1206.1
1206.08
1206.06
1206.03
1206.01
1205.99
1205.97
1205.95
1205.93
1205.91
1205.88
1205.86
1205.84
1205.82
1205.8
1205.78
1205.76
1205.74
1205.72
1205.7
1205.68
1205.66
1205.64
1205.62
1205.6
1205.58
1205.56
1205.55
1205.53
1205.51
1205.49
1205.47
1205.45
1205.43
1205.41
1205.4
1205.37
1205.36
1205.34
1205.32
1205.29
1205.28
1205.25
1205.23
1205.2
1205.18
1205.14
1205.13
1205.07
1205.07
1205.02
1205.09
1211.87
1211.91
1211.84
1211.84
1211.78
1211.77
1211.72
1211.71
1211.67
1211.65
1211.62
1211.61
1211.58
1211.57
1211.54
1211.52
1211.5
1211.48
1211.46
1211.45
1211.43
1211.41
1211.39
1211.37
1211.35
1211.33
1211.31
1211.29
1211.27
1211.25
1211.23
1211.21
1211.19
1211.17
1211.15
1211.13
1211.11
1211.09
1211.06
1211.04
1211.02
1211
1210.98
1210.96
1210.94
1210.92
1210.89
1210.87
1210.85
1210.83
1210.81
1210.78
1210.76
1210.74
1210.72
1210.69
1210.67
1210.65
1210.62
1210.6
1210.58
1210.55
1210.53
1210.51
1210.48
1210.46
1210.43
1210.41
1210.39
1210.36
1210.34
1210.31
1210.29
1210.26
1210.24
1210.21
1210.19
1210.16
1210.13
1210.11
1210.08
1210.06
1210.03
1210
1209.98
1209.95
1209.92
1209.9
1209.87
1209.84
1209.82
1209.79
1209.76
1209.73
1209.7
1209.68
1209.65
1209.62
1209.59
1209.56
1209.53
1209.5
1209.48
1209.45
1209.42
1209.39
1209.36
1209.33
1209.3
1209.27
1209.24
1209.21
1209.18
1209.14
1209.11
1209.08
1209.05
1209.02
1208.99
1208.96
1208.92
1208.89
1208.86
1208.83
1208.79
1208.76
1208.73
1208.7
1208.66
1208.63
1208.59
1208.56
1208.53
1208.49
1208.46
1208.42
1208.39
1208.36
1208.32
1208.29
1208.25
1208.22
1208.19
1208.15
1208.12
1208.09
1208.06
1208.02
1207.99
1207.96
1207.93
1207.89
1207.86
1207.83
1207.8
1207.77
1207.74
1207.71
1207.68
1207.65
1207.62
1207.58
1207.55
1207.52
1207.5
1207.47
1207.44
1207.41
1207.38
1207.35
1207.32
1207.29
1207.26
1207.23
1207.21
1207.18
1207.15
1207.12
1207.09
1207.07
1207.04
1207.01
1206.98
1206.96
1206.93
1206.9
1206.88
1206.85
1206.83
1206.8
1206.77
1206.75
1206.72
1206.7
1206.67
1206.65
1206.62
1206.6
1206.57
1206.55
1206.52
1206.5
1206.47
1206.45
1206.42
1206.4
1206.38
1206.35
1206.33
1206.31
1206.28
1206.26
1206.24
1206.21
1206.19
1206.17
1206.14
1206.12
1206.1
1206.08
1206.06
1206.03
1206.01
1205.99
1205.97
1205.95
1205.93
1205.9
1205.88
1205.86
1205.84
1205.82
1205.8
1205.78
1205.76
1205.74
1205.72
1205.7
1205.68
1205.66
1205.64
1205.62
1205.6
1205.58
1205.56
1205.54
1205.53
1205.51
1205.49
1205.47
1205.45
1205.43
1205.41
1205.4
1205.37
1205.36
1205.34
1205.32
1205.29
1205.28
1205.25
1205.23
1205.2
1205.18
1205.14
1205.13
1205.07
1205.07
1205.01
1205.03
1211.89
1211.92
1211.84
1211.84
1211.78
1211.77
1211.72
1211.71
1211.67
1211.66
1211.63
1211.61
1211.58
1211.57
1211.54
1211.52
1211.5
1211.48
1211.46
1211.45
1211.43
1211.41
1211.39
1211.37
1211.35
1211.33
1211.31
1211.29
1211.27
1211.25
1211.23
1211.21
1211.19
1211.17
1211.15
1211.13
1211.11
1211.09
1211.06
1211.04
1211.02
1211
1210.98
1210.96
1210.94
1210.92
1210.89
1210.87
1210.85
1210.83
1210.81
1210.78
1210.76
1210.74
1210.72
1210.69
1210.67
1210.65
1210.62
1210.6
1210.58
1210.55
1210.53
1210.51
1210.48
1210.46
1210.43
1210.41
1210.39
1210.36
1210.34
1210.31
1210.29
1210.26
1210.24
1210.21
1210.19
1210.16
1210.13
1210.11
1210.08
1210.06
1210.03
1210
1209.98
1209.95
1209.92
1209.9
1209.87
1209.84
1209.82
1209.79
1209.76
1209.73
1209.7
1209.68
1209.65
1209.62
1209.59
1209.56
1209.53
1209.5
1209.48
1209.45
1209.42
1209.39
1209.36
1209.33
1209.3
1209.27
1209.24
1209.21
1209.18
1209.14
1209.11
1209.08
1209.05
1209.02
1208.99
1208.96
1208.92
1208.89
1208.86
1208.83
1208.79
1208.76
1208.73
1208.7
1208.66
1208.63
1208.59
1208.56
1208.53
1208.49
1208.46
1208.42
1208.39
1208.36
1208.32
1208.29
1208.25
1208.22
1208.19
1208.15
1208.12
1208.09
1208.06
1208.02
1207.99
1207.96
1207.93
1207.89
1207.86
1207.83
1207.8
1207.77
1207.74
1207.71
1207.68
1207.65
1207.62
1207.58
1207.55
1207.52
1207.5
1207.47
1207.44
1207.41
1207.38
1207.35
1207.32
1207.29
1207.26
1207.23
1207.21
1207.18
1207.15
1207.12
1207.09
1207.07
1207.04
1207.01
1206.98
1206.96
1206.93
1206.9
1206.88
1206.85
1206.83
1206.8
1206.77
1206.75
1206.72
1206.7
1206.67
1206.65
1206.62
1206.6
1206.57
1206.55
1206.52
1206.5
1206.47
1206.45
1206.42
1206.4
1206.38
1206.35
1206.33
1206.31
1206.28
1206.26
1206.24
1206.21
1206.19
1206.17
1206.14
1206.12
1206.1
1206.08
1206.06
1206.03
1206.01
1205.99
1205.97
1205.95
1205.93
1205.9
1205.88
1205.86
1205.84
1205.82
1205.8
1205.78
1205.76
1205.74
1205.72
1205.7
1205.68
1205.66
1205.64
1205.62
1205.6
1205.58
1205.56
1205.54
1205.53
1205.51
1205.49
1205.47
1205.45
1205.43
1205.41
1205.39
1205.37
1205.36
1205.33
1205.32
1205.29
1205.28
1205.25
1205.23
1205.2
1205.18
1205.14
1205.12
1205.07
1205.06
1205
1205.01
1211.9
1211.93
1211.85
1211.85
1211.79
1211.77
1211.73
1211.71
1211.67
1211.66
1211.63
1211.61
1211.58
1211.57
1211.54
1211.52
1211.5
1211.49
1211.46
1211.45
1211.43
1211.41
1211.39
1211.37
1211.35
1211.33
1211.31
1211.29
1211.27
1211.25
1211.23
1211.21
1211.19
1211.17
1211.15
1211.13
1211.11
1211.09
1211.06
1211.04
1211.02
1211
1210.98
1210.96
1210.94
1210.92
1210.89
1210.87
1210.85
1210.83
1210.81
1210.78
1210.76
1210.74
1210.72
1210.69
1210.67
1210.65
1210.62
1210.6
1210.58
1210.55
1210.53
1210.51
1210.48
1210.46
1210.43
1210.41
1210.39
1210.36
1210.34
1210.31
1210.29
1210.26
1210.24
1210.21
1210.19
1210.16
1210.13
1210.11
1210.08
1210.06
1210.03
1210
1209.98
1209.95
1209.92
1209.9
1209.87
1209.84
1209.82
1209.79
1209.76
1209.73
1209.7
1209.68
1209.65
1209.62
1209.59
1209.56
1209.53
1209.5
1209.48
1209.45
1209.42
1209.39
1209.36
1209.33
1209.3
1209.27
1209.24
1209.21
1209.18
1209.14
1209.11
1209.08
1209.05
1209.02
1208.99
1208.96
1208.92
1208.89
1208.86
1208.83
1208.79
1208.76
1208.73
1208.7
1208.66
1208.63
1208.59
1208.56
1208.53
1208.49
1208.46
1208.42
1208.39
1208.36
1208.32
1208.29
1208.25
1208.22
1208.19
1208.15
1208.12
1208.09
1208.06
1208.02
1207.99
1207.96
1207.93
1207.89
1207.86
1207.83
1207.8
1207.77
1207.74
1207.71
1207.68
1207.65
1207.62
1207.58
1207.55
1207.52
1207.5
1207.47
1207.44
1207.41
1207.38
1207.35
1207.32
1207.29
1207.26
1207.23
1207.21
1207.18
1207.15
1207.12
1207.09
1207.07
1207.04
1207.01
1206.98
1206.96
1206.93
1206.9
1206.88
1206.85
1206.83
1206.8
1206.77
1206.75
1206.72
1206.7
1206.67
1206.65
1206.62
1206.6
1206.57
1206.55
1206.52
1206.5
1206.47
1206.45
1206.42
1206.4
1206.38
1206.35
1206.33
1206.31
1206.28
1206.26
1206.24
1206.21
1206.19
1206.17
1206.14
1206.12
1206.1
1206.08
1206.06
1206.03
1206.01
1205.99
1205.97
1205.95
1205.93
1205.9
1205.88
1205.86
1205.84
1205.82
1205.8
1205.78
1205.76
1205.74
1205.72
1205.7
1205.68
1205.66
1205.64
1205.62
1205.6
1205.58
1205.56
1205.54
1205.53
1205.51
1205.49
1205.47
1205.45
1205.43
1205.41
1205.39
1205.37
1205.36
1205.33
1205.32
1205.29
1205.28
1205.25
1205.23
1205.2
1205.18
1205.13
1205.12
1205.06
1205.06
1204.99
1205
1211.91
1211.94
1211.85
1211.85
1211.79
1211.77
1211.73
1211.71
1211.67
1211.66
1211.63
1211.61
1211.58
1211.57
1211.54
1211.53
1211.5
1211.49
1211.46
1211.45
1211.43
1211.41
1211.39
1211.37
1211.35
1211.33
1211.31
1211.29
1211.27
1211.25
1211.23
1211.21
1211.19
1211.17
1211.15
1211.13
1211.11
1211.09
1211.06
1211.04
1211.02
1211
1210.98
1210.96
1210.94
1210.92
1210.89
1210.87
1210.85
1210.83
1210.81
1210.78
1210.76
1210.74
1210.72
1210.69
1210.67
1210.65
1210.62
1210.6
1210.58
1210.55
1210.53
1210.51
1210.48
1210.46
1210.43
1210.41
1210.39
1210.36
1210.34
1210.31
1210.29
1210.26
1210.24
1210.21
1210.19
1210.16
1210.13
1210.11
1210.08
1210.06
1210.03
1210
1209.98
1209.95
1209.92
1209.9
1209.87
1209.84
1209.82
1209.79
1209.76
1209.73
1209.7
1209.68
1209.65
1209.62
1209.59
1209.56
1209.53
1209.5
1209.48
1209.45
1209.42
1209.39
1209.36
1209.33
1209.3
1209.27
1209.24
1209.21
1209.18
1209.14
1209.11
1209.08
1209.05
1209.02
1208.99
1208.96
1208.92
1208.89
1208.86
1208.83
1208.79
1208.76
1208.73
1208.7
1208.66
1208.63
1208.59
1208.56
1208.53
1208.49
1208.46
1208.42
1208.39
1208.36
1208.32
1208.29
1208.25
1208.22
1208.19
1208.15
1208.12
1208.09
1208.06
1208.02
1207.99
1207.96
1207.93
1207.89
1207.86
1207.83
1207.8
1207.77
1207.74
1207.71
1207.68
1207.65
1207.62
1207.58
1207.55
1207.52
1207.5
1207.47
1207.44
1207.41
1207.38
1207.35
1207.32
1207.29
1207.26
1207.23
1207.21
1207.18
1207.15
1207.12
1207.09
1207.07
1207.04
1207.01
1206.98
1206.96
1206.93
1206.9
1206.88
1206.85
1206.83
1206.8
1206.77
1206.75
1206.72
1206.7
1206.67
1206.65
1206.62
1206.6
1206.57
1206.55
1206.52
1206.5
1206.47
1206.45
1206.42
1206.4
1206.38
1206.35
1206.33
1206.31
1206.28
1206.26
1206.24
1206.21
1206.19
1206.17
1206.14
1206.12
1206.1
1206.08
1206.06
1206.03
1206.01
1205.99
1205.97
1205.95
1205.93
1205.9
1205.88
1205.86
1205.84
1205.82
1205.8
1205.78
1205.76
1205.74
1205.72
1205.7
1205.68
1205.66
1205.64
1205.62
1205.6
1205.58
1205.56
1205.54
1205.53
1205.51
1205.49
1205.47
1205.45
1205.43
1205.41
1205.39
1205.37
1205.36
1205.33
1205.32
1205.29
1205.28
1205.25
1205.23
1205.19
1205.18
1205.13
1205.12
1205.06
1205.06
1204.98
1204.99
1211.93
1211.95
1211.86
1211.85
1211.79
1211.78
1211.73
1211.71
1211.68
1211.66
1211.63
1211.61
1211.58
1211.57
1211.54
1211.53
1211.5
1211.49
1211.46
1211.45
1211.43
1211.41
1211.39
1211.37
1211.35
1211.33
1211.31
1211.29
1211.27
1211.25
1211.23
1211.21
1211.19
1211.17
1211.15
1211.13
1211.11
1211.09
1211.06
1211.04
1211.02
1211
1210.98
1210.96
1210.94
1210.92
1210.89
1210.87
1210.85
1210.83
1210.81
1210.78
1210.76
1210.74
1210.72
1210.69
1210.67
1210.65
1210.62
1210.6
1210.58
1210.55
1210.53
1210.51
1210.48
1210.46
1210.43
1210.41
1210.39
1210.36
1210.34
1210.31
1210.29
1210.26
1210.24
1210.21
1210.19
1210.16
1210.13
1210.11
1210.08
1210.06
1210.03
1210
1209.98
1209.95
1209.92
1209.9
1209.87
1209.84
1209.82
1209.79
1209.76
1209.73
1209.7
1209.68
1209.65
1209.62
1209.59
1209.56
1209.53
1209.5
1209.48
1209.45
1209.42
1209.39
1209.36
1209.33
1209.3
1209.27
1209.24
1209.21
1209.18
1209.14
1209.11
1209.08
1209.05
1209.02
1208.99
1208.96
1208.92
1208.89
1208.86
1208.83
1208.79
1208.76
1208.73
1208.7
1208.66
1208.63
1208.59
1208.56
1208.53
1208.49
1208.46
1208.42
1208.39
1208.36
1208.32
1208.29
1208.25
1208.22
1208.19
1208.15
1208.12
1208.09
1208.06
1208.02
1207.99
1207.96
1207.93
1207.89
1207.86
1207.83
1207.8
1207.77
1207.74
1207.71
1207.68
1207.65
1207.62
1207.58
1207.55
1207.52
1207.5
1207.47
1207.44
1207.41
1207.38
1207.35
1207.32
1207.29
1207.26
1207.23
1207.21
1207.18
1207.15
1207.12
1207.09
1207.07
1207.04
1207.01
1206.98
1206.96
1206.93
1206.9
1206.88
1206.85
1206.83
1206.8
1206.77
1206.75
1206.72
1206.7
1206.67
1206.65
1206.62
1206.6
1206.57
1206.55
1206.52
1206.5
1206.47
1206.45
1206.42
1206.4
1206.38
1206.35
1206.33
1206.31
1206.28
1206.26
1206.24
1206.21
1206.19
1206.17
1206.14
1206.12
1206.1
1206.08
1206.06
1206.03
1206.01
1205.99
1205.97
1205.95
1205.93
1205.9
1205.88
1205.86
1205.84
1205.82
1205.8
1205.78
1205.76
1205.74
1205.72
1205.7
1205.68
1205.66
1205.64
1205.62
1205.6
1205.58
1205.56
1205.54
1205.53
1205.51
1205.49
1205.47
1205.45
1205.43
1205.41
1205.39
1205.37
1205.36
1205.33
1205.32
1205.29
1205.27
1205.24
1205.23
1205.19
1205.18
1205.13
1205.12
1205.06
1205.05
1204.97
1204.98
1211.94
1211.96
1211.86
1211.86
1211.79
1211.78
1211.73
1211.72
1211.68
1211.66
1211.63
1211.61
1211.59
1211.57
1211.54
1211.53
1211.5
1211.49
1211.46
1211.45
1211.43
1211.41
1211.39
1211.37
1211.35
1211.33
1211.31
1211.29
1211.27
1211.25
1211.23
1211.21
1211.19
1211.17
1211.15
1211.13
1211.11
1211.09
1211.06
1211.04
1211.02
1211
1210.98
1210.96
1210.94
1210.92
1210.89
1210.87
1210.85
1210.83
1210.81
1210.78
1210.76
1210.74
1210.72
1210.69
1210.67
1210.65
1210.62
1210.6
1210.58
1210.55
1210.53
1210.51
1210.48
1210.46
1210.43
1210.41
1210.39
1210.36
1210.34
1210.31
1210.29
1210.26
1210.24
1210.21
1210.19
1210.16
1210.13
1210.11
1210.08
1210.06
1210.03
1210
1209.98
1209.95
1209.92
1209.9
1209.87
1209.84
1209.82
1209.79
1209.76
1209.73
1209.7
1209.68
1209.65
1209.62
1209.59
1209.56
1209.53
1209.5
1209.48
1209.45
1209.42
1209.39
1209.36
1209.33
1209.3
1209.27
1209.24
1209.21
1209.18
1209.14
1209.11
1209.08
1209.05
1209.02
1208.99
1208.96
1208.92
1208.89
1208.86
1208.83
1208.79
1208.76
1208.73
1208.7
1208.66
1208.63
1208.59
1208.56
1208.53
1208.49
1208.46
1208.42
1208.39
1208.36
1208.32
1208.29
1208.25
1208.22
1208.19
1208.15
1208.12
1208.09
1208.06
1208.02
1207.99
1207.96
1207.93
1207.89
1207.86
1207.83
1207.8
1207.77
1207.74
1207.71
1207.68
1207.65
1207.62
1207.58
1207.55
1207.52
1207.5
1207.47
1207.44
1207.41
1207.38
1207.35
1207.32
1207.29
1207.26
1207.23
1207.21
1207.18
1207.15
1207.12
1207.09
1207.07
1207.04
1207.01
1206.98
1206.96
1206.93
1206.9
1206.88
1206.85
1206.83
1206.8
1206.77
1206.75
1206.72
1206.7
1206.67
1206.65
1206.62
1206.6
1206.57
1206.55
1206.52
1206.5
1206.47
1206.45
1206.42
1206.4
1206.38
1206.35
1206.33
1206.31
1206.28
1206.26
1206.24
1206.21
1206.19
1206.17
1206.14
1206.12
1206.1
1206.08
1206.06
1206.03
1206.01
1205.99
1205.97
1205.95
1205.93
1205.9
1205.88
1205.86
1205.84
1205.82
1205.8
1205.78
1205.76
1205.74
1205.72
1205.7
1205.68
1205.66
1205.64
1205.62
1205.6
1205.58
1205.56
1205.54
1205.53
1205.51
1205.49
1205.47
1205.45
1205.43
1205.41
1205.39
1205.37
1205.36
1205.33
1205.32
1205.29
1205.27
1205.24
1205.23
1205.19
1205.17
1205.13
1205.11
1205.05
1205.05
1204.96
1204.97
1211.96
1211.97
1211.87
1211.86
1211.8
1211.78
1211.74
1211.72
1211.68
1211.66
1211.63
1211.61
1211.59
1211.57
1211.54
1211.53
1211.5
1211.49
1211.47
1211.45
1211.43
1211.41
1211.39
1211.37
1211.35
1211.33
1211.31
1211.29
1211.27
1211.25
1211.23
1211.21
1211.19
1211.17
1211.15
1211.13
1211.11
1211.09
1211.06
1211.04
1211.02
1211
1210.98
1210.96
1210.94
1210.92
1210.89
1210.87
1210.85
1210.83
1210.81
1210.78
1210.76
1210.74
1210.72
1210.69
1210.67
1210.65
1210.62
1210.6
1210.58
1210.55
1210.53
1210.51
1210.48
1210.46
1210.43
1210.41
1210.39
1210.36
1210.34
1210.31
1210.29
1210.26
1210.24
1210.21
1210.19
1210.16
1210.13
1210.11
1210.08
1210.06
1210.03
1210
1209.98
1209.95
1209.92
1209.9
1209.87
1209.84
1209.82
1209.79
1209.76
1209.73
1209.7
1209.68
1209.65
1209.62
1209.59
1209.56
1209.53
1209.5
1209.48
1209.45
1209.42
1209.39
1209.36
1209.33
1209.3
1209.27
1209.24
1209.21
1209.18
1209.14
1209.11
1209.08
1209.05
1209.02
1208.99
1208.96
1208.92
1208.89
1208.86
1208.83
1208.79
1208.76
1208.73
1208.7
1208.66
1208.63
1208.59
1208.56
1208.53
1208.49
1208.46
1208.42
1208.39
1208.36
1208.32
1208.29
1208.25
1208.22
1208.19
1208.15
1208.12
1208.09
1208.06
1208.02
1207.99
1207.96
1207.93
1207.89
1207.86
1207.83
1207.8
1207.77
1207.74
1207.71
1207.68
1207.65
1207.62
1207.58
1207.55
1207.52
1207.5
1207.47
1207.44
1207.41
1207.38
1207.35
1207.32
1207.29
1207.26
1207.23
1207.21
1207.18
1207.15
1207.12
1207.09
1207.07
1207.04
1207.01
1206.98
1206.96
1206.93
1206.9
1206.88
1206.85
1206.83
1206.8
1206.77
1206.75
1206.72
1206.7
1206.67
1206.65
1206.62
1206.6
1206.57
1206.55
1206.52
1206.5
1206.47
1206.45
1206.42
1206.4
1206.38
1206.35
1206.33
1206.31
1206.28
1206.26
1206.24
1206.21
1206.19
1206.17
1206.14
1206.12
1206.1
1206.08
1206.06
1206.03
1206.01
1205.99
1205.97
1205.95
1205.93
1205.9
1205.88
1205.86
1205.84
1205.82
1205.8
1205.78
1205.76
1205.74
1205.72
1205.7
1205.68
1205.66
1205.64
1205.62
1205.6
1205.58
1205.56
1205.54
1205.53
1205.51
1205.49
1205.47
1205.45
1205.43
1205.41
1205.39
1205.37
1205.35
1205.33
1205.31
1205.29
1205.27
1205.24
1205.22
1205.19
1205.17
1205.12
1205.11
1205.05
1205.04
1204.95
1204.95
1211.97
1211.98
1211.88
1211.87
1211.8
1211.79
1211.74
1211.72
1211.68
1211.66
1211.63
1211.61
1211.59
1211.57
1211.55
1211.53
1211.51
1211.49
1211.47
1211.45
1211.43
1211.41
1211.39
1211.37
1211.35
1211.33
1211.31
1211.29
1211.27
1211.25
1211.23
1211.21
1211.19
1211.17
1211.15
1211.13
1211.11
1211.09
1211.06
1211.04
1211.02
1211
1210.98
1210.96
1210.94
1210.92
1210.89
1210.87
1210.85
1210.83
1210.81
1210.78
1210.76
1210.74
1210.72
1210.69
1210.67
1210.65
1210.62
1210.6
1210.58
1210.55
1210.53
1210.51
1210.48
1210.46
1210.43
1210.41
1210.39
1210.36
1210.34
1210.31
1210.29
1210.26
1210.24
1210.21
1210.19
1210.16
1210.13
1210.11
1210.08
1210.06
1210.03
1210
1209.98
1209.95
1209.92
1209.9
1209.87
1209.84
1209.82
1209.79
1209.76
1209.73
1209.7
1209.68
1209.65
1209.62
1209.59
1209.56
1209.53
1209.5
1209.48
1209.45
1209.42
1209.39
1209.36
1209.33
1209.3
1209.27
1209.24
1209.21
1209.18
1209.14
1209.11
1209.08
1209.05
1209.02
1208.99
1208.96
1208.92
1208.89
1208.86
1208.83
1208.79
1208.76
1208.73
1208.7
1208.66
1208.63
1208.59
1208.56
1208.53
1208.49
1208.46
1208.42
1208.39
1208.36
1208.32
1208.29
1208.25
1208.22
1208.19
1208.15
1208.12
1208.09
1208.06
1208.02
1207.99
1207.96
1207.93
1207.89
1207.86
1207.83
1207.8
1207.77
1207.74
1207.71
1207.68
1207.65
1207.62
1207.58
1207.55
1207.52
1207.5
1207.47
1207.44
1207.41
1207.38
1207.35
1207.32
1207.29
1207.26
1207.23
1207.21
1207.18
1207.15
1207.12
1207.09
1207.07
1207.04
1207.01
1206.98
1206.96
1206.93
1206.9
1206.88
1206.85
1206.83
1206.8
1206.77
1206.75
1206.72
1206.7
1206.67
1206.65
1206.62
1206.6
1206.57
1206.55
1206.52
1206.5
1206.47
1206.45
1206.42
1206.4
1206.38
1206.35
1206.33
1206.31
1206.28
1206.26
1206.24
1206.21
1206.19
1206.17
1206.14
1206.12
1206.1
1206.08
1206.06
1206.03
1206.01
1205.99
1205.97
1205.95
1205.93
1205.9
1205.88
1205.86
1205.84
1205.82
1205.8
1205.78
1205.76
1205.74
1205.72
1205.7
1205.68
1205.66
1205.64
1205.62
1205.6
1205.58
1205.56
1205.54
1205.53
1205.51
1205.49
1205.47
1205.45
1205.43
1205.41
1205.39
1205.37
1205.35
1205.33
1205.31
1205.29
1205.27
1205.24
1205.22
1205.18
1205.17
1205.12
1205.1
1205.04
1205.03
1204.93
1204.94
1211.99
1211.99
1211.89
1211.88
1211.81
1211.79
1211.74
1211.73
1211.69
1211.67
1211.63
1211.62
1211.59
1211.57
1211.55
1211.53
1211.51
1211.49
1211.47
1211.45
1211.43
1211.41
1211.39
1211.37
1211.35
1211.33
1211.31
1211.29
1211.27
1211.25
1211.23
1211.21
1211.19
1211.17
1211.15
1211.13
1211.11
1211.09
1211.06
1211.04
1211.02
1211
1210.98
1210.96
1210.94
1210.92
1210.89
1210.87
1210.85
1210.83
1210.81
1210.78
1210.76
1210.74
1210.72
1210.69
1210.67
1210.65
1210.62
1210.6
1210.58
1210.55
1210.53
1210.51
1210.48
1210.46
1210.43
1210.41
1210.39
1210.36
1210.34
1210.31
1210.29
1210.26
1210.24
1210.21
1210.19
1210.16
1210.13
1210.11
1210.08
1210.06
1210.03
1210
1209.98
1209.95
1209.92
1209.9
1209.87
1209.84
1209.82
1209.79
1209.76
1209.73
1209.7
1209.68
1209.65
1209.62
1209.59
1209.56
1209.53
1209.5
1209.48
1209.45
1209.42
1209.39
1209.36
1209.33
1209.3
1209.27
1209.24
1209.21
1209.18
1209.14
1209.11
1209.08
1209.05
1209.02
1208.99
1208.96
1208.92
1208.89
1208.86
1208.83
1208.79
1208.76
1208.73
1208.7
1208.66
1208.63
1208.59
1208.56
1208.53
1208.49
1208.46
1208.42
1208.39
1208.36
1208.32
1208.29
1208.25
1208.22
1208.19
1208.15
1208.12
1208.09
1208.06
1208.02
1207.99
1207.96
1207.93
1207.89
1207.86
1207.83
1207.8
1207.77
1207.74
1207.71
1207.68
1207.65
1207.62
1207.58
1207.55
1207.52
1207.5
1207.47
1207.44
1207.41
1207.38
1207.35
1207.32
1207.29
1207.26
1207.23
1207.21
1207.18
1207.15
1207.12
1207.09
1207.07
1207.04
1207.01
1206.98
1206.96
1206.93
1206.9
1206.88
1206.85
1206.83
1206.8
1206.77
1206.75
1206.72
1206.7
1206.67
1206.65
1206.62
1206.6
1206.57
1206.55
1206.52
1206.5
1206.47
1206.45
1206.42
1206.4
1206.38
1206.35
1206.33
1206.31
1206.28
1206.26
1206.24
1206.21
1206.19
1206.17
1206.14
1206.12
1206.1
1206.08
1206.06
1206.03
1206.01
1205.99
1205.97
1205.95
1205.93
1205.9
1205.88
1205.86
1205.84
1205.82
1205.8
1205.78
1205.76
1205.74
1205.72
1205.7
1205.68
1205.66
1205.64
1205.62
1205.6
1205.58
1205.56
1205.54
1205.52
1205.51
1205.49
1205.47
1205.45
1205.43
1205.41
1205.39
1205.37
1205.35
1205.33
1205.31
1205.29
1205.27
1205.24
1205.22
1205.18
1205.16
1205.11
1205.1
1205.03
1205.02
1204.92
1204.92
1212.01
1212
1211.9
1211.89
1211.82
1211.8
1211.75
1211.73
1211.69
1211.67
1211.64
1211.62
1211.59
1211.57
1211.55
1211.53
1211.51
1211.49
1211.47
1211.45
1211.43
1211.41
1211.39
1211.37
1211.35
1211.33
1211.31
1211.29
1211.27
1211.25
1211.23
1211.21
1211.19
1211.17
1211.15
1211.13
1211.11
1211.09
1211.06
1211.04
1211.02
1211
1210.98
1210.96
1210.94
1210.92
1210.89
1210.87
1210.85
1210.83
1210.81
1210.78
1210.76
1210.74
1210.72
1210.69
1210.67
1210.65
1210.62
1210.6
1210.58
1210.55
1210.53
1210.51
1210.48
1210.46
1210.43
1210.41
1210.39
1210.36
1210.34
1210.31
1210.29
1210.26
1210.24
1210.21
1210.19
1210.16
1210.13
1210.11
1210.08
1210.06
1210.03
1210
1209.98
1209.95
1209.92
1209.9
1209.87
1209.84
1209.82
1209.79
1209.76
1209.73
1209.7
1209.68
1209.65
1209.62
1209.59
1209.56
1209.53
1209.5
1209.48
1209.45
1209.42
1209.39
1209.36
1209.33
1209.3
1209.27
1209.24
1209.21
1209.18
1209.14
1209.11
1209.08
1209.05
1209.02
1208.99
1208.96
1208.92
1208.89
1208.86
1208.83
1208.79
1208.76
1208.73
1208.7
1208.66
1208.63
1208.59
1208.56
1208.53
1208.49
1208.46
1208.42
1208.39
1208.36
1208.32
1208.29
1208.25
1208.22
1208.19
1208.15
1208.12
1208.09
1208.06
1208.02
1207.99
1207.96
1207.93
1207.89
1207.86
1207.83
1207.8
1207.77
1207.74
1207.71
1207.68
1207.65
1207.62
1207.58
1207.55
1207.52
1207.5
1207.47
1207.44
1207.41
1207.38
1207.35
1207.32
1207.29
1207.26
1207.23
1207.21
1207.18
1207.15
1207.12
1207.09
1207.07
1207.04
1207.01
1206.98
1206.96
1206.93
1206.9
1206.88
1206.85
1206.83
1206.8
1206.77
1206.75
1206.72
1206.7
1206.67
1206.65
1206.62
1206.6
1206.57
1206.55
1206.52
1206.5
1206.47
1206.45
1206.42
1206.4
1206.38
1206.35
1206.33
1206.31
1206.28
1206.26
1206.24
1206.21
1206.19
1206.17
1206.14
1206.12
1206.1
1206.08
1206.06
1206.03
1206.01
1205.99
1205.97
1205.95
1205.93
1205.9
1205.88
1205.86
1205.84
1205.82
1205.8
1205.78
1205.76
1205.74
1205.72
1205.7
1205.68
1205.66
1205.64
1205.62
1205.6
1205.58
1205.56
1205.54
1205.52
1205.51
1205.49
1205.47
1205.45
1205.43
1205.41
1205.39
1205.37
1205.35
1205.33
1205.31
1205.28
1205.27
1205.23
1205.22
1205.18
1205.16
1205.11
1205.09
1205.02
1205.01
1204.91
1204.9
1212.02
1212.01
1211.91
1211.9
1211.82
1211.81
1211.75
1211.73
1211.69
1211.67
1211.64
1211.62
1211.59
1211.57
1211.55
1211.53
1211.51
1211.49
1211.47
1211.45
1211.43
1211.41
1211.39
1211.37
1211.35
1211.33
1211.31
1211.29
1211.27
1211.25
1211.23
1211.21
1211.19
1211.17
1211.15
1211.13
1211.11
1211.09
1211.06
1211.04
1211.02
1211
1210.98
1210.96
1210.94
1210.92
1210.89
1210.87
1210.85
1210.83
1210.81
1210.78
1210.76
1210.74
1210.72
1210.69
1210.67
1210.65
1210.62
1210.6
1210.58
1210.55
1210.53
1210.51
1210.48
1210.46
1210.43
1210.41
1210.39
1210.36
1210.34
1210.31
1210.29
1210.26
1210.24
1210.21
1210.19
1210.16
1210.13
1210.11
1210.08
1210.06
1210.03
1210
1209.98
1209.95
1209.92
1209.9
1209.87
1209.84
1209.82
1209.79
1209.76
1209.73
1209.7
1209.68
1209.65
1209.62
1209.59
1209.56
1209.53
1209.5
1209.48
1209.45
1209.42
1209.39
1209.36
1209.33
1209.3
1209.27
1209.24
1209.21
1209.18
1209.14
1209.11
1209.08
1209.05
1209.02
1208.99
1208.96
1208.92
1208.89
1208.86
1208.83
1208.79
1208.76
1208.73
1208.7
1208.66
1208.63
1208.59
1208.56
1208.53
1208.49
1208.46
1208.42
1208.39
1208.36
1208.32
1208.29
1208.25
1208.22
1208.19
1208.15
1208.12
1208.09
1208.06
1208.02
1207.99
1207.96
1207.93
1207.89
1207.86
1207.83
1207.8
1207.77
1207.74
1207.71
1207.68
1207.65
1207.62
1207.58
1207.55
1207.52
1207.5
1207.47
1207.44
1207.41
1207.38
1207.35
1207.32
1207.29
1207.26
1207.23
1207.21
1207.18
1207.15
1207.12
1207.09
1207.07
1207.04
1207.01
1206.98
1206.96
1206.93
1206.9
1206.88
1206.85
1206.83
1206.8
1206.77
1206.75
1206.72
1206.7
1206.67
1206.65
1206.62
1206.6
1206.57
1206.55
1206.52
1206.5
1206.47
1206.45
1206.42
1206.4
1206.38
1206.35
1206.33
1206.31
1206.28
1206.26
1206.24
1206.21
1206.19
1206.17
1206.14
1206.12
1206.1
1206.08
1206.06
1206.03
1206.01
1205.99
1205.97
1205.95
1205.93
1205.9
1205.88
1205.86
1205.84
1205.82
1205.8
1205.78
1205.76
1205.74
1205.72
1205.7
1205.68
1205.66
1205.64
1205.62
1205.6
1205.58
1205.56
1205.54
1205.52
1205.51
1205.49
1205.47
1205.45
1205.43
1205.41
1205.39
1205.37
1205.35
1205.33
1205.31
1205.28
1205.26
1205.23
1205.21
1205.17
1205.15
1205.1
1205.08
1205.01
1205
1204.9
1204.89
1212.04
1212.02
1211.92
1211.9
1211.83
1211.81
1211.76
1211.74
1211.7
1211.68
1211.64
1211.62
1211.59
1211.58
1211.55
1211.53
1211.51
1211.49
1211.47
1211.45
1211.43
1211.41
1211.39
1211.37
1211.35
1211.33
1211.31
1211.29
1211.27
1211.25
1211.23
1211.21
1211.19
1211.17
1211.15
1211.13
1211.11
1211.09
1211.06
1211.04
1211.02
1211
1210.98
1210.96
1210.94
1210.92
1210.89
1210.87
1210.85
1210.83
1210.81
1210.78
1210.76
1210.74
1210.72
1210.69
1210.67
1210.65
1210.62
1210.6
1210.58
1210.55
1210.53
1210.51
1210.48
1210.46
1210.43
1210.41
1210.39
1210.36
1210.34
1210.31
1210.29
1210.26
1210.24
1210.21
1210.19
1210.16
1210.13
1210.11
1210.08
1210.06
1210.03
1210
1209.98
1209.95
1209.92
1209.9
1209.87
1209.84
1209.82
1209.79
1209.76
1209.73
1209.7
1209.68
1209.65
1209.62
1209.59
1209.56
1209.53
1209.5
1209.48
1209.45
1209.42
1209.39
1209.36
1209.33
1209.3
1209.27
1209.24
1209.21
1209.18
1209.14
1209.11
1209.08
1209.05
1209.02
1208.99
1208.96
1208.92
1208.89
1208.86
1208.83
1208.79
1208.76
1208.73
1208.7
1208.66
1208.63
1208.59
1208.56
1208.53
1208.49
1208.46
1208.42
1208.39
1208.36
1208.32
1208.29
1208.25
1208.22
1208.19
1208.15
1208.12
1208.09
1208.06
1208.02
1207.99
1207.96
1207.93
1207.89
1207.86
1207.83
1207.8
1207.77
1207.74
1207.71
1207.68
1207.65
1207.62
1207.58
1207.55
1207.52
1207.5
1207.47
1207.44
1207.41
1207.38
1207.35
1207.32
1207.29
1207.26
1207.23
1207.21
1207.18
1207.15
1207.12
1207.09
1207.07
1207.04
1207.01
1206.98
1206.96
1206.93
1206.9
1206.88
1206.85
1206.83
1206.8
1206.77
1206.75
1206.72
1206.7
1206.67
1206.65
1206.62
1206.6
1206.57
1206.55
1206.52
1206.5
1206.47
1206.45
1206.42
1206.4
1206.38
1206.35
1206.33
1206.31
1206.28
1206.26
1206.24
1206.21
1206.19
1206.17
1206.14
1206.12
1206.1
1206.08
1206.06
1206.03
1206.01
1205.99
1205.97
1205.95
1205.93
1205.9
1205.88
1205.86
1205.84
1205.82
1205.8
1205.78
1205.76
1205.74
1205.72
1205.7
1205.68
1205.66
1205.64
1205.62
1205.6
1205.58
1205.56
1205.54
1205.52
1205.51
1205.49
1205.47
1205.45
1205.43
1205.41
1205.39
1205.37
1205.35
1205.33
1205.31
1205.28
1205.26
1205.23
1205.21
1205.17
1205.15
1205.1
1205.08
1205.01
1204.99
1204.89
1204.87
1212.05
1212.03
1211.93
1211.91
1211.84
1211.82
1211.76
1211.74
1211.7
1211.68
1211.64
1211.62
1211.6
1211.58
1211.55
1211.53
1211.51
1211.49
1211.47
1211.45
1211.43
1211.41
1211.39
1211.37
1211.35
1211.33
1211.31
1211.29
1211.27
1211.25
1211.23
1211.21
1211.19
1211.17
1211.15
1211.13
1211.11
1211.09
1211.06
1211.04
1211.02
1211
1210.98
1210.96
1210.94
1210.92
1210.89
1210.87
1210.85
1210.83
1210.81
1210.78
1210.76
1210.74
1210.72
1210.69
1210.67
1210.65
1210.62
1210.6
1210.58
1210.55
1210.53
1210.51
1210.48
1210.46
1210.43
1210.41
1210.39
1210.36
1210.34
1210.31
1210.29
1210.26
1210.24
1210.21
1210.19
1210.16
1210.13
1210.11
1210.08
1210.06
1210.03
1210
1209.98
1209.95
1209.92
1209.9
1209.87
1209.84
1209.82
1209.79
1209.76
1209.73
1209.7
1209.68
1209.65
1209.62
1209.59
1209.56
1209.53
1209.5
1209.48
1209.45
1209.42
1209.39
1209.36
1209.33
1209.3
1209.27
1209.24
1209.21
1209.18
1209.14
1209.11
1209.08
1209.05
1209.02
1208.99
1208.96
1208.92
1208.89
1208.86
1208.83
1208.79
1208.76
1208.73
1208.7
1208.66
1208.63
1208.59
1208.56
1208.53
1208.49
1208.46
1208.42
1208.39
1208.36
1208.32
1208.29
1208.25
1208.22
1208.19
1208.15
1208.12
1208.09
1208.06
1208.02
1207.99
1207.96
1207.93
1207.89
1207.86
1207.83
1207.8
1207.77
1207.74
1207.71
1207.68
1207.65
1207.62
1207.58
1207.55
1207.52
1207.5
1207.47
1207.44
1207.41
1207.38
1207.35
1207.32
1207.29
1207.26
1207.23
1207.21
1207.18
1207.15
1207.12
1207.09
1207.07
1207.04
1207.01
1206.98
1206.96
1206.93
1206.9
1206.88
1206.85
1206.83
1206.8
1206.77
1206.75
1206.72
1206.7
1206.67
1206.65
1206.62
1206.6
1206.57
1206.55
1206.52
1206.5
1206.47
1206.45
1206.42
1206.4
1206.38
1206.35
1206.33
1206.31
1206.28
1206.26
1206.24
1206.21
1206.19
1206.17
1206.14
1206.12
1206.1
1206.08
1206.06
1206.03
1206.01
1205.99
1205.97
1205.95
1205.93
1205.9
1205.88
1205.86
1205.84
1205.82
1205.8
1205.78
1205.76
1205.74
1205.72
1205.7
1205.68
1205.66
1205.64
1205.62
1205.6
1205.58
1205.56
1205.54
1205.52
1205.51
1205.49
1205.47
1205.45
1205.43
1205.41
1205.39
1205.37
1205.35
1205.32
1205.31
1205.28
1205.26
1205.23
1205.21
1205.16
1205.14
1205.09
1205.07
1205
1204.98
1204.88
1204.87
1212.05
1212.03
1211.94
1211.91
1211.84
1211.82
1211.76
1211.74
1211.7
1211.68
1211.65
1211.63
1211.6
1211.58
1211.55
1211.53
1211.51
1211.49
1211.47
1211.45
1211.43
1211.41
1211.39
1211.37
1211.35
1211.33
1211.31
1211.29
1211.27
1211.25
1211.23
1211.21
1211.19
1211.17
1211.15
1211.13
1211.11
1211.09
1211.06
1211.04
1211.02
1211
1210.98
1210.96
1210.94
1210.92
1210.89
1210.87
1210.85
1210.83
1210.81
1210.78
1210.76
1210.74
1210.72
1210.69
1210.67
1210.65
1210.62
1210.6
1210.58
1210.55
1210.53
1210.51
1210.48
1210.46
1210.43
1210.41
1210.39
1210.36
1210.34
1210.31
1210.29
1210.26
1210.24
1210.21
1210.19
1210.16
1210.13
1210.11
1210.08
1210.06
1210.03
1210
1209.98
1209.95
1209.92
1209.9
1209.87
1209.84
1209.82
1209.79
1209.76
1209.73
1209.7
1209.68
1209.65
1209.62
1209.59
1209.56
1209.53
1209.5
1209.48
1209.45
1209.42
1209.39
1209.36
1209.33
1209.3
1209.27
1209.24
1209.21
1209.18
1209.14
1209.11
1209.08
1209.05
1209.02
1208.99
1208.96
1208.92
1208.89
1208.86
1208.83
1208.79
1208.76
1208.73
1208.7
1208.66
1208.63
1208.59
1208.56
1208.53
1208.49
1208.46
1208.42
1208.39
1208.36
1208.32
1208.29
1208.25
1208.22
1208.19
1208.15
1208.12
1208.09
1208.06
1208.02
1207.99
1207.96
1207.93
1207.89
1207.86
1207.83
1207.8
1207.77
1207.74
1207.71
1207.68
1207.65
1207.62
1207.58
1207.55
1207.52
1207.5
1207.47
1207.44
1207.41
1207.38
1207.35
1207.32
1207.29
1207.26
1207.23
1207.21
1207.18
1207.15
1207.12
1207.09
1207.07
1207.04
1207.01
1206.98
1206.96
1206.93
1206.9
1206.88
1206.85
1206.83
1206.8
1206.77
1206.75
1206.72
1206.7
1206.67
1206.65
1206.62
1206.6
1206.57
1206.55
1206.52
1206.5
1206.47
1206.45
1206.42
1206.4
1206.38
1206.35
1206.33
1206.31
1206.28
1206.26
1206.24
1206.21
1206.19
1206.17
1206.14
1206.12
1206.1
1206.08
1206.06
1206.03
1206.01
1205.99
1205.97
1205.95
1205.93
1205.9
1205.88
1205.86
1205.84
1205.82
1205.8
1205.78
1205.76
1205.74
1205.72
1205.7
1205.68
1205.66
1205.64
1205.62
1205.6
1205.58
1205.56
1205.54
1205.52
1205.51
1205.49
1205.47
1205.45
1205.43
1205.41
1205.39
1205.37
1205.35
1205.32
1205.3
1205.28
1205.26
1205.22
1205.2
1205.16
1205.14
1205.09
1205.07
1205
1204.98
1204.88
1204.86
1212.06
1212.03
1211.94
1211.91
1211.84
1211.82
1211.76
1211.74
1211.7
1211.68
1211.65
1211.63
1211.6
1211.58
1211.55
1211.53
1211.51
1211.49
1211.47
1211.45
1211.43
1211.41
1211.39
1211.37
1211.35
1211.33
1211.31
1211.29
1211.27
1211.25
1211.23
1211.21
1211.19
1211.17
1211.15
1211.13
1211.11
1211.09
1211.06
1211.04
1211.02
1211
1210.98
1210.96
1210.94
1210.92
1210.89
1210.87
1210.85
1210.83
1210.81
1210.78
1210.76
1210.74
1210.72
1210.69
1210.67
1210.65
1210.62
1210.6
1210.58
1210.55
1210.53
1210.51
1210.48
1210.46
1210.43
1210.41
1210.39
1210.36
1210.34
1210.31
1210.29
1210.26
1210.24
1210.21
1210.19
1210.16
1210.13
1210.11
1210.08
1210.06
1210.03
1210
1209.98
1209.95
1209.92
1209.9
1209.87
1209.84
1209.82
1209.79
1209.76
1209.73
1209.7
1209.68
1209.65
1209.62
1209.59
1209.56
1209.53
1209.5
1209.48
1209.45
1209.42
1209.39
1209.36
1209.33
1209.3
1209.27
1209.24
1209.21
1209.18
1209.14
1209.11
1209.08
1209.05
1209.02
1208.99
1208.96
1208.92
1208.89
1208.86
1208.83
1208.79
1208.76
1208.73
1208.7
1208.66
1208.63
1208.59
1208.56
1208.53
1208.49
1208.46
1208.42
1208.39
1208.36
1208.32
1208.29
1208.25
1208.22
1208.19
1208.15
1208.12
1208.09
1208.06
1208.02
1207.99
1207.96
1207.93
1207.89
1207.86
1207.83
1207.8
1207.77
1207.74
1207.71
1207.68
1207.65
1207.62
1207.58
1207.55
1207.52
1207.5
1207.47
1207.44
1207.41
1207.38
1207.35
1207.32
1207.29
1207.26
1207.23
1207.21
1207.18
1207.15
1207.12
1207.09
1207.07
1207.04
1207.01
1206.98
1206.96
1206.93
1206.9
1206.88
1206.85
1206.83
1206.8
1206.77
1206.75
1206.72
1206.7
1206.67
1206.65
1206.62
1206.6
1206.57
1206.55
1206.52
1206.5
1206.47
1206.45
1206.42
1206.4
1206.38
1206.35
1206.33
1206.31
1206.28
1206.26
1206.24
1206.21
1206.19
1206.17
1206.14
1206.12
1206.1
1206.08
1206.06
1206.03
1206.01
1205.99
1205.97
1205.95
1205.93
1205.9
1205.88
1205.86
1205.84
1205.82
1205.8
1205.78
1205.76
1205.74
1205.72
1205.7
1205.68
1205.66
1205.64
1205.62
1205.6
1205.58
1205.56
1205.54
1205.52
1205.51
1205.49
1205.47
1205.45
1205.43
1205.41
1205.39
1205.37
1205.35
1205.32
1205.3
1205.28
1205.26
1205.22
1205.2
1205.16
1205.14
1205.09
1205.07
1205
1204.98
1204.88
1204.86
1212.06
1212.03
1211.94
1211.91
1211.84
1211.82
1211.76
1211.74
1211.7
1211.68
1211.65
1211.63
1211.6
1211.58
1211.55
1211.53
1211.51
1211.49
1211.47
1211.45
1211.43
1211.41
1211.39
1211.37
1211.35
1211.33
1211.31
1211.29
1211.27
1211.25
1211.23
1211.21
1211.19
1211.17
1211.15
1211.13
1211.11
1211.09
1211.06
1211.04
1211.02
1211
1210.98
1210.96
1210.94
1210.92
1210.89
1210.87
1210.85
1210.83
1210.81
1210.78
1210.76
1210.74
1210.72
1210.69
1210.67
1210.65
1210.62
1210.6
1210.58
1210.55
1210.53
1210.51
1210.48
1210.46
1210.43
1210.41
1210.39
1210.36
1210.34
1210.31
1210.29
1210.26
1210.24
1210.21
1210.19
1210.16
1210.13
1210.11
1210.08
1210.06
1210.03
1210
1209.98
1209.95
1209.92
1209.9
1209.87
1209.84
1209.82
1209.79
1209.76
1209.73
1209.7
1209.68
1209.65
1209.62
1209.59
1209.56
1209.53
1209.5
1209.48
1209.45
1209.42
1209.39
1209.36
1209.33
1209.3
1209.27
1209.24
1209.21
1209.18
1209.14
1209.11
1209.08
1209.05
1209.02
1208.99
1208.96
1208.92
1208.89
1208.86
1208.83
1208.79
1208.76
1208.73
1208.7
1208.66
1208.63
1208.59
1208.56
1208.53
1208.49
1208.46
1208.42
1208.39
1208.36
1208.32
1208.29
1208.25
1208.22
1208.19
1208.15
1208.12
1208.09
1208.06
1208.02
1207.99
1207.96
1207.93
1207.89
1207.86
1207.83
1207.8
1207.77
1207.74
1207.71
1207.68
1207.65
1207.62
1207.58
1207.55
1207.52
1207.5
1207.47
1207.44
1207.41
1207.38
1207.35
1207.32
1207.29
1207.26
1207.23
1207.21
1207.18
1207.15
1207.12
1207.09
1207.07
1207.04
1207.01
1206.98
1206.96
1206.93
1206.9
1206.88
1206.85
1206.83
1206.8
1206.77
1206.75
1206.72
1206.7
1206.67
1206.65
1206.62
1206.6
1206.57
1206.55
1206.52
1206.5
1206.47
1206.45
1206.42
1206.4
1206.38
1206.35
1206.33
1206.31
1206.28
1206.26
1206.24
1206.21
1206.19
1206.17
1206.14
1206.12
1206.1
1206.08
1206.06
1206.03
1206.01
1205.99
1205.97
1205.95
1205.93
1205.9
1205.88
1205.86
1205.84
1205.82
1205.8
1205.78
1205.76
1205.74
1205.72
1205.7
1205.68
1205.66
1205.64
1205.62
1205.6
1205.58
1205.56
1205.54
1205.52
1205.51
1205.49
1205.47
1205.45
1205.43
1205.41
1205.39
1205.37
1205.35
1205.32
1205.3
1205.28
1205.26
1205.22
1205.2
1205.16
1205.14
1205.09
1205.07
1205
1204.98
1204.88
1204.86
1212.05
1212.03
1211.94
1211.91
1211.84
1211.82
1211.76
1211.74
1211.7
1211.68
1211.65
1211.63
1211.6
1211.58
1211.55
1211.53
1211.51
1211.49
1211.47
1211.45
1211.43
1211.41
1211.39
1211.37
1211.35
1211.33
1211.31
1211.29
1211.27
1211.25
1211.23
1211.21
1211.19
1211.17
1211.15
1211.13
1211.11
1211.09
1211.06
1211.04
1211.02
1211
1210.98
1210.96
1210.94
1210.92
1210.89
1210.87
1210.85
1210.83
1210.81
1210.78
1210.76
1210.74
1210.72
1210.69
1210.67
1210.65
1210.62
1210.6
1210.58
1210.55
1210.53
1210.51
1210.48
1210.46
1210.43
1210.41
1210.39
1210.36
1210.34
1210.31
1210.29
1210.26
1210.24
1210.21
1210.19
1210.16
1210.13
1210.11
1210.08
1210.06
1210.03
1210
1209.98
1209.95
1209.92
1209.9
1209.87
1209.84
1209.82
1209.79
1209.76
1209.73
1209.7
1209.68
1209.65
1209.62
1209.59
1209.56
1209.53
1209.5
1209.48
1209.45
1209.42
1209.39
1209.36
1209.33
1209.3
1209.27
1209.24
1209.21
1209.18
1209.14
1209.11
1209.08
1209.05
1209.02
1208.99
1208.96
1208.92
1208.89
1208.86
1208.83
1208.79
1208.76
1208.73
1208.7
1208.66
1208.63
1208.59
1208.56
1208.53
1208.49
1208.46
1208.42
1208.39
1208.36
1208.32
1208.29
1208.25
1208.22
1208.19
1208.15
1208.12
1208.09
1208.06
1208.02
1207.99
1207.96
1207.93
1207.89
1207.86
1207.83
1207.8
1207.77
1207.74
1207.71
1207.68
1207.65
1207.62
1207.58
1207.55
1207.52
1207.5
1207.47
1207.44
1207.41
1207.38
1207.35
1207.32
1207.29
1207.26
1207.23
1207.21
1207.18
1207.15
1207.12
1207.09
1207.07
1207.04
1207.01
1206.98
1206.96
1206.93
1206.9
1206.88
1206.85
1206.83
1206.8
1206.77
1206.75
1206.72
1206.7
1206.67
1206.65
1206.62
1206.6
1206.57
1206.55
1206.52
1206.5
1206.47
1206.45
1206.42
1206.4
1206.38
1206.35
1206.33
1206.31
1206.28
1206.26
1206.24
1206.21
1206.19
1206.17
1206.14
1206.12
1206.1
1206.08
1206.06
1206.03
1206.01
1205.99
1205.97
1205.95
1205.93
1205.9
1205.88
1205.86
1205.84
1205.82
1205.8
1205.78
1205.76
1205.74
1205.72
1205.7
1205.68
1205.66
1205.64
1205.62
1205.6
1205.58
1205.56
1205.54
1205.52
1205.51
1205.49
1205.47
1205.45
1205.43
1205.41
1205.39
1205.37
1205.35
1205.32
1205.3
1205.28
1205.26
1205.22
1205.2
1205.16
1205.14
1205.09
1205.07
1205
1204.98
1204.89
1204.86
1212.05
1212.03
1211.93
1211.91
1211.84
1211.82
1211.76
1211.74
1211.7
1211.68
1211.65
1211.63
1211.6
1211.58
1211.55
1211.53
1211.51
1211.49
1211.47
1211.45
1211.43
1211.41
1211.39
1211.37
1211.35
1211.33
1211.31
1211.29
1211.27
1211.25
1211.23
1211.21
1211.19
1211.17
1211.15
1211.13
1211.11
1211.09
1211.06
1211.04
1211.02
1211
1210.98
1210.96
1210.94
1210.92
1210.89
1210.87
1210.85
1210.83
1210.81
1210.78
1210.76
1210.74
1210.72
1210.69
1210.67
1210.65
1210.62
1210.6
1210.58
1210.55
1210.53
1210.51
1210.48
1210.46
1210.43
1210.41
1210.39
1210.36
1210.34
1210.31
1210.29
1210.26
1210.24
1210.21
1210.19
1210.16
1210.13
1210.11
1210.08
1210.06
1210.03
1210
1209.98
1209.95
1209.92
1209.9
1209.87
1209.84
1209.82
1209.79
1209.76
1209.73
1209.7
1209.68
1209.65
1209.62
1209.59
1209.56
1209.53
1209.5
1209.48
1209.45
1209.42
1209.39
1209.36
1209.33
1209.3
1209.27
1209.24
1209.21
1209.18
1209.14
1209.11
1209.08
1209.05
1209.02
1208.99
1208.96
1208.92
1208.89
1208.86
1208.83
1208.79
1208.76
1208.73
1208.7
1208.66
1208.63
1208.59
1208.56
1208.53
1208.49
1208.46
1208.42
1208.39
1208.36
1208.32
1208.29
1208.25
1208.22
1208.19
1208.15
1208.12
1208.09
1208.06
1208.02
1207.99
1207.96
1207.93
1207.89
1207.86
1207.83
1207.8
1207.77
1207.74
1207.71
1207.68
1207.65
1207.62
1207.58
1207.55
1207.52
1207.5
1207.47
1207.44
1207.41
1207.38
1207.35
1207.32
1207.29
1207.26
1207.23
1207.21
1207.18
1207.15
1207.12
1207.09
1207.07
1207.04
1207.01
1206.98
1206.96
1206.93
1206.9
1206.88
1206.85
1206.83
1206.8
1206.77
1206.75
1206.72
1206.7
1206.67
1206.65
1206.62
1206.6
1206.57
1206.55
1206.52
1206.5
1206.47
1206.45
1206.42
1206.4
1206.38
1206.35
1206.33
1206.31
1206.28
1206.26
1206.24
1206.21
1206.19
1206.17
1206.14
1206.12
1206.1
1206.08
1206.06
1206.03
1206.01
1205.99
1205.97
1205.95
1205.93
1205.9
1205.88
1205.86
1205.84
1205.82
1205.8
1205.78
1205.76
1205.74
1205.72
1205.7
1205.68
1205.66
1205.64
1205.62
1205.6
1205.58
1205.56
1205.54
1205.52
1205.51
1205.49
1205.47
1205.45
1205.43
1205.41
1205.39
1205.37
1205.35
1205.32
1205.3
1205.28
1205.26
1205.22
1205.2
1205.16
1205.14
1205.09
1205.07
1205
1204.98
1204.89
1204.86
1212.05
1212.02
1211.93
1211.91
1211.84
1211.82
1211.76
1211.74
1211.7
1211.68
1211.65
1211.63
1211.6
1211.58
1211.55
1211.53
1211.51
1211.49
1211.47
1211.45
1211.43
1211.41
1211.39
1211.37
1211.35
1211.33
1211.31
1211.29
1211.27
1211.25
1211.23
1211.21
1211.19
1211.17
1211.15
1211.13
1211.11
1211.09
1211.06
1211.04
1211.02
1211
1210.98
1210.96
1210.94
1210.92
1210.89
1210.87
1210.85
1210.83
1210.81
1210.78
1210.76
1210.74
1210.72
1210.69
1210.67
1210.65
1210.62
1210.6
1210.58
1210.55
1210.53
1210.51
1210.48
1210.46
1210.43
1210.41
1210.39
1210.36
1210.34
1210.31
1210.29
1210.26
1210.24
1210.21
1210.19
1210.16
1210.13
1210.11
1210.08
1210.06
1210.03
1210
1209.98
1209.95
1209.92
1209.9
1209.87
1209.84
1209.82
1209.79
1209.76
1209.73
1209.7
1209.68
1209.65
1209.62
1209.59
1209.56
1209.53
1209.5
1209.48
1209.45
1209.42
1209.39
1209.36
1209.33
1209.3
1209.27
1209.24
1209.21
1209.18
1209.14
1209.11
1209.08
1209.05
1209.02
1208.99
1208.96
1208.92
1208.89
1208.86
1208.83
1208.79
1208.76
1208.73
1208.7
1208.66
1208.63
1208.59
1208.56
1208.53
1208.49
1208.46
1208.42
1208.39
1208.36
1208.32
1208.29
1208.25
1208.22
1208.19
1208.15
1208.12
1208.09
1208.06
1208.02
1207.99
1207.96
1207.93
1207.89
1207.86
1207.83
1207.8
1207.77
1207.74
1207.71
1207.68
1207.65
1207.62
1207.58
1207.55
1207.52
1207.5
1207.47
1207.44
1207.41
1207.38
1207.35
1207.32
1207.29
1207.26
1207.23
1207.21
1207.18
1207.15
1207.12
1207.09
1207.07
1207.04
1207.01
1206.98
1206.96
1206.93
1206.9
1206.88
1206.85
1206.83
1206.8
1206.77
1206.75
1206.72
1206.7
1206.67
1206.65
1206.62
1206.6
1206.57
1206.55
1206.52
1206.5
1206.47
1206.45
1206.42
1206.4
1206.38
1206.35
1206.33
1206.31
1206.28
1206.26
1206.24
1206.21
1206.19
1206.17
1206.14
1206.12
1206.1
1206.08
1206.06
1206.03
1206.01
1205.99
1205.97
1205.95
1205.93
1205.9
1205.88
1205.86
1205.84
1205.82
1205.8
1205.78
1205.76
1205.74
1205.72
1205.7
1205.68
1205.66
1205.64
1205.62
1205.6
1205.58
1205.56
1205.54
1205.52
1205.51
1205.49
1205.47
1205.45
1205.43
1205.41
1205.39
1205.37
1205.35
1205.32
1205.3
1205.28
1205.26
1205.22
1205.21
1205.16
1205.14
1205.09
1205.07
1205
1204.98
1204.89
1204.86
1212.05
1212.02
1211.93
1211.91
1211.84
1211.81
1211.76
1211.74
1211.7
1211.68
1211.64
1211.63
1211.6
1211.58
1211.55
1211.53
1211.51
1211.49
1211.47
1211.45
1211.43
1211.41
1211.39
1211.37
1211.35
1211.33
1211.31
1211.29
1211.27
1211.25
1211.23
1211.21
1211.19
1211.17
1211.15
1211.13
1211.11
1211.09
1211.06
1211.04
1211.02
1211
1210.98
1210.96
1210.94
1210.92
1210.89
1210.87
1210.85
1210.83
1210.81
1210.78
1210.76
1210.74
1210.72
1210.69
1210.67
1210.65
1210.62
1210.6
1210.58
1210.55
1210.53
1210.51
1210.48
1210.46
1210.43
1210.41
1210.39
1210.36
1210.34
1210.31
1210.29
1210.26
1210.24
1210.21
1210.19
1210.16
1210.13
1210.11
1210.08
1210.06
1210.03
1210
1209.98
1209.95
1209.92
1209.9
1209.87
1209.84
1209.82
1209.79
1209.76
1209.73
1209.7
1209.68
1209.65
1209.62
1209.59
1209.56
1209.53
1209.5
1209.48
1209.45
1209.42
1209.39
1209.36
1209.33
1209.3
1209.27
1209.24
1209.21
1209.18
1209.14
1209.11
1209.08
1209.05
1209.02
1208.99
1208.96
1208.92
1208.89
1208.86
1208.83
1208.79
1208.76
1208.73
1208.7
1208.66
1208.63
1208.59
1208.56
1208.53
1208.49
1208.46
1208.42
1208.39
1208.36
1208.32
1208.29
1208.25
1208.22
1208.19
1208.15
1208.12
1208.09
1208.06
1208.02
1207.99
1207.96
1207.93
1207.89
1207.86
1207.83
1207.8
1207.77
1207.74
1207.71
1207.68
1207.65
1207.62
1207.58
1207.55
1207.52
1207.5
1207.47
1207.44
1207.41
1207.38
1207.35
1207.32
1207.29
1207.26
1207.23
1207.21
1207.18
1207.15
1207.12
1207.09
1207.07
1207.04
1207.01
1206.98
1206.96
1206.93
1206.9
1206.88
1206.85
1206.83
1206.8
1206.77
1206.75
1206.72
1206.7
1206.67
1206.65
1206.62
1206.6
1206.57
1206.55
1206.52
1206.5
1206.47
1206.45
1206.42
1206.4
1206.38
1206.35
1206.33
1206.31
1206.28
1206.26
1206.24
1206.21
1206.19
1206.17
1206.14
1206.12
1206.1
1206.08
1206.06
1206.03
1206.01
1205.99
1205.97
1205.95
1205.93
1205.9
1205.88
1205.86
1205.84
1205.82
1205.8
1205.78
1205.76
1205.74
1205.72
1205.7
1205.68
1205.66
1205.64
1205.62
1205.6
1205.58
1205.56
1205.54
1205.52
1205.51
1205.49
1205.47
1205.45
1205.43
1205.41
1205.39
1205.37
1205.35
1205.32
1205.31
1205.28
1205.26
1205.23
1205.21
1205.17
1205.15
1205.09
1205.07
1205
1204.98
1204.89
1204.86
1212.05
1212.02
1211.93
1211.9
1211.84
1211.81
1211.76
1211.74
1211.7
1211.68
1211.64
1211.63
1211.6
1211.58
1211.55
1211.53
1211.51
1211.49
1211.47
1211.45
1211.43
1211.41
1211.39
1211.37
1211.35
1211.33
1211.31
1211.29
1211.27
1211.25
1211.23
1211.21
1211.19
1211.17
1211.15
1211.13
1211.11
1211.09
1211.06
1211.04
1211.02
1211
1210.98
1210.96
1210.94
1210.92
1210.89
1210.87
1210.85
1210.83
1210.81
1210.78
1210.76
1210.74
1210.72
1210.69
1210.67
1210.65
1210.62
1210.6
1210.58
1210.55
1210.53
1210.51
1210.48
1210.46
1210.43
1210.41
1210.39
1210.36
1210.34
1210.31
1210.29
1210.26
1210.24
1210.21
1210.19
1210.16
1210.13
1210.11
1210.08
1210.06
1210.03
1210
1209.98
1209.95
1209.92
1209.9
1209.87
1209.84
1209.82
1209.79
1209.76
1209.73
1209.7
1209.68
1209.65
1209.62
1209.59
1209.56
1209.53
1209.5
1209.48
1209.45
1209.42
1209.39
1209.36
1209.33
1209.3
1209.27
1209.24
1209.21
1209.18
1209.14
1209.11
1209.08
1209.05
1209.02
1208.99
1208.96
1208.92
1208.89
1208.86
1208.83
1208.79
1208.76
1208.73
1208.7
1208.66
1208.63
1208.59
1208.56
1208.53
1208.49
1208.46
1208.42
1208.39
1208.36
1208.32
1208.29
1208.25
1208.22
1208.19
1208.15
1208.12
1208.09
1208.06
1208.02
1207.99
1207.96
1207.93
1207.89
1207.86
1207.83
1207.8
1207.77
1207.74
1207.71
1207.68
1207.65
1207.62
1207.58
1207.55
1207.52
1207.5
1207.47
1207.44
1207.41
1207.38
1207.35
1207.32
1207.29
1207.26
1207.23
1207.21
1207.18
1207.15
1207.12
1207.09
1207.07
1207.04
1207.01
1206.98
1206.96
1206.93
1206.9
1206.88
1206.85
1206.83
1206.8
1206.77
1206.75
1206.72
1206.7
1206.67
1206.65
1206.62
1206.6
1206.57
1206.55
1206.52
1206.5
1206.47
1206.45
1206.42
1206.4
1206.38
1206.35
1206.33
1206.31
1206.28
1206.26
1206.24
1206.21
1206.19
1206.17
1206.14
1206.12
1206.1
1206.08
1206.06
1206.03
1206.01
1205.99
1205.97
1205.95
1205.93
1205.9
1205.88
1205.86
1205.84
1205.82
1205.8
1205.78
1205.76
1205.74
1205.72
1205.7
1205.68
1205.66
1205.64
1205.62
1205.6
1205.58
1205.56
1205.54
1205.52
1205.51
1205.49
1205.47
1205.45
1205.43
1205.41
1205.39
1205.37
1205.35
1205.32
1205.31
1205.28
1205.26
1205.23
1205.21
1205.17
1205.15
1205.09
1205.07
1205.01
1204.98
1204.89
1204.86
1212.05
1212.02
1211.93
1211.9
1211.83
1211.81
1211.76
1211.74
1211.7
1211.68
1211.64
1211.62
1211.6
1211.58
1211.55
1211.53
1211.51
1211.49
1211.47
1211.45
1211.43
1211.41
1211.39
1211.37
1211.35
1211.33
1211.31
1211.29
1211.27
1211.25
1211.23
1211.21
1211.19
1211.17
1211.15
1211.13
1211.11
1211.09
1211.06
1211.04
1211.02
1211
1210.98
1210.96
1210.94
1210.92
1210.89
1210.87
1210.85
1210.83
1210.81
1210.78
1210.76
1210.74
1210.72
1210.69
1210.67
1210.65
1210.62
1210.6
1210.58
1210.55
1210.53
1210.51
1210.48
1210.46
1210.43
1210.41
1210.39
1210.36
1210.34
1210.31
1210.29
1210.26
1210.24
1210.21
1210.19
1210.16
1210.13
1210.11
1210.08
1210.06
1210.03
1210
1209.98
1209.95
1209.92
1209.9
1209.87
1209.84
1209.82
1209.79
1209.76
1209.73
1209.7
1209.68
1209.65
1209.62
1209.59
1209.56
1209.53
1209.5
1209.48
1209.45
1209.42
1209.39
1209.36
1209.33
1209.3
1209.27
1209.24
1209.21
1209.18
1209.14
1209.11
1209.08
1209.05
1209.02
1208.99
1208.96
1208.92
1208.89
1208.86
1208.83
1208.79
1208.76
1208.73
1208.7
1208.66
1208.63
1208.59
1208.56
1208.53
1208.49
1208.46
1208.42
1208.39
1208.36
1208.32
1208.29
1208.25
1208.22
1208.19
1208.15
1208.12
1208.09
1208.06
1208.02
1207.99
1207.96
1207.93
1207.89
1207.86
1207.83
1207.8
1207.77
1207.74
1207.71
1207.68
1207.65
1207.62
1207.58
1207.55
1207.52
1207.5
1207.47
1207.44
1207.41
1207.38
1207.35
1207.32
1207.29
1207.26
1207.23
1207.21
1207.18
1207.15
1207.12
1207.09
1207.07
1207.04
1207.01
1206.98
1206.96
1206.93
1206.9
1206.88
1206.85
1206.83
1206.8
1206.77
1206.75
1206.72
1206.7
1206.67
1206.65
1206.62
1206.6
1206.57
1206.55
1206.52
1206.5
1206.47
1206.45
1206.42
1206.4
1206.38
1206.35
1206.33
1206.31
1206.28
1206.26
1206.24
1206.21
1206.19
1206.17
1206.14
1206.12
1206.1
1206.08
1206.06
1206.03
1206.01
1205.99
1205.97
1205.95
1205.93
1205.9
1205.88
1205.86
1205.84
1205.82
1205.8
1205.78
1205.76
1205.74
1205.72
1205.7
1205.68
1205.66
1205.64
1205.62
1205.6
1205.58
1205.56
1205.54
1205.52
1205.51
1205.49
1205.47
1205.45
1205.43
1205.41
1205.39
1205.37
1205.35
1205.32
1205.31
1205.28
1205.26
1205.23
1205.21
1205.17
1205.15
1205.1
1205.08
1205.01
1204.98
1204.89
1204.87
1212.05
1212.02
1211.93
1211.9
1211.83
1211.81
1211.76
1211.74
1211.7
1211.68
1211.64
1211.62
1211.6
1211.58
1211.55
1211.53
1211.51
1211.49
1211.47
1211.45
1211.43
1211.41
1211.39
1211.37
1211.35
1211.33
1211.31
1211.29
1211.27
1211.25
1211.23
1211.21
1211.19
1211.17
1211.15
1211.13
1211.11
1211.09
1211.06
1211.04
1211.02
1211
1210.98
1210.96
1210.94
1210.92
1210.89
1210.87
1210.85
1210.83
1210.81
1210.78
1210.76
1210.74
1210.72
1210.69
1210.67
1210.65
1210.62
1210.6
1210.58
1210.55
1210.53
1210.51
1210.48
1210.46
1210.43
1210.41
1210.39
1210.36
1210.34
1210.31
1210.29
1210.26
1210.24
1210.21
1210.19
1210.16
1210.13
1210.11
1210.08
1210.06
1210.03
1210
1209.98
1209.95
1209.92
1209.9
1209.87
1209.84
1209.82
1209.79
1209.76
1209.73
1209.7
1209.68
1209.65
1209.62
1209.59
1209.56
1209.53
1209.5
1209.48
1209.45
1209.42
1209.39
1209.36
1209.33
1209.3
1209.27
1209.24
1209.21
1209.18
1209.14
1209.11
1209.08
1209.05
1209.02
1208.99
1208.96
1208.92
1208.89
1208.86
1208.83
1208.79
1208.76
1208.73
1208.7
1208.66
1208.63
1208.59
1208.56
1208.53
1208.49
1208.46
1208.42
1208.39
1208.36
1208.32
1208.29
1208.25
1208.22
1208.19
1208.15
1208.12
1208.09
1208.06
1208.02
1207.99
1207.96
1207.93
1207.89
1207.86
1207.83
1207.8
1207.77
1207.74
1207.71
1207.68
1207.65
1207.62
1207.58
1207.55
1207.52
1207.5
1207.47
1207.44
1207.41
1207.38
1207.35
1207.32
1207.29
1207.26
1207.23
1207.21
1207.18
1207.15
1207.12
1207.09
1207.07
1207.04
1207.01
1206.98
1206.96
1206.93
1206.9
1206.88
1206.85
1206.83
1206.8
1206.77
1206.75
1206.72
1206.7
1206.67
1206.65
1206.62
1206.6
1206.57
1206.55
1206.52
1206.5
1206.47
1206.45
1206.42
1206.4
1206.38
1206.35
1206.33
1206.31
1206.28
1206.26
1206.24
1206.21
1206.19
1206.17
1206.14
1206.12
1206.1
1206.08
1206.06
1206.03
1206.01
1205.99
1205.97
1205.95
1205.93
1205.9
1205.88
1205.86
1205.84
1205.82
1205.8
1205.78
1205.76
1205.74
1205.72
1205.7
1205.68
1205.66
1205.64
1205.62
1205.6
1205.58
1205.56
1205.54
1205.52
1205.51
1205.49
1205.47
1205.45
1205.43
1205.41
1205.39
1205.37
1205.35
1205.32
1205.31
1205.28
1205.26
1205.23
1205.21
1205.17
1205.15
1205.1
1205.08
1205.01
1204.99
1204.89
1204.87
1212.05
1212.02
1211.93
1211.9
1211.83
1211.81
1211.76
1211.74
1211.7
1211.68
1211.64
1211.62
1211.6
1211.58
1211.55
1211.53
1211.51
1211.49
1211.47
1211.45
1211.43
1211.41
1211.39
1211.37
1211.35
1211.33
1211.31
1211.29
1211.27
1211.25
1211.23
1211.21
1211.19
1211.17
1211.15
1211.13
1211.11
1211.09
1211.06
1211.04
1211.02
1211
1210.98
1210.96
1210.94
1210.92
1210.89
1210.87
1210.85
1210.83
1210.81
1210.78
1210.76
1210.74
1210.72
1210.69
1210.67
1210.65
1210.62
1210.6
1210.58
1210.55
1210.53
1210.51
1210.48
1210.46
1210.43
1210.41
1210.39
1210.36
1210.34
1210.31
1210.29
1210.26
1210.24
1210.21
1210.19
1210.16
1210.13
1210.11
1210.08
1210.06
1210.03
1210
1209.98
1209.95
1209.92
1209.9
1209.87
1209.84
1209.82
1209.79
1209.76
1209.73
1209.7
1209.68
1209.65
1209.62
1209.59
1209.56
1209.53
1209.5
1209.48
1209.45
1209.42
1209.39
1209.36
1209.33
1209.3
1209.27
1209.24
1209.21
1209.18
1209.14
1209.11
1209.08
1209.05
1209.02
1208.99
1208.96
1208.92
1208.89
1208.86
1208.83
1208.79
1208.76
1208.73
1208.7
1208.66
1208.63
1208.59
1208.56
1208.53
1208.49
1208.46
1208.42
1208.39
1208.36
1208.32
1208.29
1208.25
1208.22
1208.19
1208.15
1208.12
1208.09
1208.06
1208.02
1207.99
1207.96
1207.93
1207.89
1207.86
1207.83
1207.8
1207.77
1207.74
1207.71
1207.68
1207.65
1207.62
1207.58
1207.55
1207.52
1207.5
1207.47
1207.44
1207.41
1207.38
1207.35
1207.32
1207.29
1207.26
1207.23
1207.21
1207.18
1207.15
1207.12
1207.09
1207.07
1207.04
1207.01
1206.98
1206.96
1206.93
1206.9
1206.88
1206.85
1206.83
1206.8
1206.77
1206.75
1206.72
1206.7
1206.67
1206.65
1206.62
1206.6
1206.57
1206.55
1206.52
1206.5
1206.47
1206.45
1206.42
1206.4
1206.38
1206.35
1206.33
1206.31
1206.28
1206.26
1206.24
1206.21
1206.19
1206.17
1206.14
1206.12
1206.1
1206.08
1206.06
1206.03
1206.01
1205.99
1205.97
1205.95
1205.93
1205.9
1205.88
1205.86
1205.84
1205.82
1205.8
1205.78
1205.76
1205.74
1205.72
1205.7
1205.68
1205.66
1205.64
1205.62
1205.6
1205.58
1205.56
1205.54
1205.52
1205.51
1205.49
1205.47
1205.45
1205.43
1205.41
1205.39
1205.37
1205.35
1205.32
1205.31
1205.28
1205.26
1205.23
1205.21
1205.17
1205.15
1205.1
1205.08
1205.01
1204.99
1204.9
1204.87
1214.11
1213.49
1213.37
1213.19
1213.11
1212.88
1212.8
1212.6
1212.54
1212.37
1212.33
1212.19
1212.16
1213.98
1213.5
1213.37
1213.19
1213.11
1212.88
1212.8
1212.6
1212.54
1212.37
1212.33
1212.19
1212.16
1213.94
1213.51
1213.38
1213.19
1213.11
1212.88
1212.8
1212.6
1212.54
1212.37
1212.33
1212.19
1212.16
1213.9
1213.5
1213.38
1213.19
1213.11
1212.88
1212.8
1212.6
1212.54
1212.37
1212.33
1212.19
1212.16
1213.84
1213.5
1213.38
1213.19
1213.11
1212.88
1212.8
1212.6
1212.54
1212.37
1212.33
1212.19
1212.16
1213.78
1213.49
1213.38
1213.19
1213.11
1212.88
1212.8
1212.6
1212.54
1212.37
1212.33
1212.19
1212.16
1213.72
1213.47
1213.38
1213.19
1213.11
1212.88
1212.8
1212.6
1212.54
1212.37
1212.33
1212.19
1212.16
1213.66
1213.46
1213.37
1213.19
1213.11
1212.88
1212.8
1212.6
1212.54
1212.37
1212.33
1212.19
1212.16
1213.59
1213.44
1213.37
1213.19
1213.11
1212.88
1212.8
1212.6
1212.54
1212.37
1212.33
1212.19
1212.16
1213.53
1213.42
1213.36
1213.19
1213.11
1212.88
1212.8
1212.6
1212.54
1212.37
1212.33
1212.19
1212.17
1213.47
1213.4
1213.35
1213.19
1213.11
1212.88
1212.8
1212.6
1212.54
1212.37
1212.33
1212.19
1212.17
1213.44
1213.38
1213.35
1213.18
1213.11
1212.88
1212.8
1212.6
1212.54
1212.37
1212.33
1212.19
1212.17
1213.44
1213.38
1213.35
1213.18
1213.11
1212.88
1212.8
1212.6
1212.54
1212.37
1212.34
1212.19
1212.17
1213.47
1213.4
1213.35
1213.19
1213.11
1212.88
1212.8
1212.6
1212.54
1212.37
1212.34
1212.18
1212.18
1213.53
1213.42
1213.36
1213.19
1213.11
1212.88
1212.8
1212.6
1212.54
1212.37
1212.34
1212.18
1212.18
1213.59
1213.44
1213.37
1213.19
1213.11
1212.88
1212.8
1212.6
1212.54
1212.37
1212.34
1212.18
1212.19
1213.66
1213.46
1213.37
1213.19
1213.11
1212.88
1212.8
1212.6
1212.54
1212.37
1212.35
1212.18
1212.2
1213.72
1213.47
1213.38
1213.19
1213.11
1212.88
1212.8
1212.6
1212.54
1212.37
1212.35
1212.18
1212.21
1213.78
1213.49
1213.38
1213.19
1213.11
1212.88
1212.8
1212.6
1212.54
1212.37
1212.35
1212.18
1212.22
1213.84
1213.5
1213.38
1213.19
1213.11
1212.88
1212.8
1212.6
1212.54
1212.37
1212.35
1212.18
1212.23
1213.9
1213.5
1213.38
1213.19
1213.11
1212.88
1212.8
1212.6
1212.54
1212.37
1212.35
1212.18
1212.23
1213.94
1213.51
1213.38
1213.19
1213.11
1212.88
1212.8
1212.6
1212.54
1212.37
1212.35
1212.18
1212.24
1213.98
1213.5
1213.37
1213.19
1213.11
1212.88
1212.8
1212.6
1212.54
1212.37
1212.35
1212.18
1212.25
1214.11
1213.49
1213.37
1213.19
1213.11
1212.88
1212.8
1212.6
1212.54
1212.37
1212.35
1212.18
1212.26
1214.11
1213.49
1213.37
1213.19
1213.11
1212.88
1212.8
1212.6
1212.55
1212.37
1212.35
1212.18
1212.26
1213.98
1213.5
1213.37
1213.19
1213.11
1212.88
1212.8
1212.6
1212.55
1212.37
1212.35
1212.18
1212.25
1213.95
1213.51
1213.38
1213.19
1213.11
1212.88
1212.8
1212.6
1212.55
1212.37
1212.35
1212.18
1212.24
1213.9
1213.5
1213.38
1213.19
1213.11
1212.88
1212.8
1212.6
1212.55
1212.37
1212.35
1212.18
1212.24
1213.84
1213.5
1213.38
1213.19
1213.11
1212.88
1212.8
1212.6
1212.55
1212.37
1212.35
1212.18
1212.23
1213.79
1213.49
1213.38
1213.19
1213.11
1212.88
1212.8
1212.6
1212.55
1212.37
1212.35
1212.18
1212.22
1213.72
1213.47
1213.38
1213.19
1213.11
1212.88
1212.8
1212.6
1212.55
1212.37
1212.35
1212.18
1212.21
1213.66
1213.46
1213.37
1213.19
1213.11
1212.88
1212.8
1212.6
1212.55
1212.37
1212.35
1212.18
1212.2
1213.59
1213.44
1213.37
1213.19
1213.11
1212.88
1212.8
1212.6
1212.54
1212.37
1212.35
1212.18
1212.19
1213.53
1213.42
1213.36
1213.19
1213.11
1212.88
1212.8
1212.6
1212.54
1212.37
1212.34
1212.18
1212.18
1213.47
1213.4
1213.35
1213.19
1213.11
1212.88
1212.8
1212.6
1212.54
1212.37
1212.34
1212.19
1212.18
1213.44
1213.38
1213.35
1213.18
1213.11
1212.88
1212.8
1212.6
1212.54
1212.37
1212.34
1212.19
1212.17
1213.44
1213.38
1213.35
1213.18
1213.11
1212.88
1212.8
1212.6
1212.54
1212.37
1212.34
1212.19
1212.17
1213.47
1213.4
1213.35
1213.19
1213.11
1212.88
1212.8
1212.6
1212.54
1212.37
1212.33
1212.19
1212.17
1213.53
1213.42
1213.36
1213.19
1213.11
1212.88
1212.8
1212.6
1212.54
1212.37
1212.33
1212.2
1212.17
1213.59
1213.44
1213.37
1213.19
1213.11
1212.88
1212.8
1212.6
1212.54
1212.37
1212.33
1212.2
1212.17
1213.66
1213.46
1213.37
1213.19
1213.11
1212.88
1212.8
1212.6
1212.54
1212.37
1212.33
1212.19
1212.16
1213.72
1213.47
1213.38
1213.19
1213.11
1212.88
1212.8
1212.6
1212.54
1212.37
1212.33
1212.19
1212.16
1213.79
1213.49
1213.38
1213.19
1213.11
1212.88
1212.8
1212.6
1212.54
1212.37
1212.33
1212.19
1212.16
1213.84
1213.5
1213.38
1213.19
1213.11
1212.88
1212.8
1212.6
1212.54
1212.37
1212.33
1212.19
1212.16
1213.9
1213.5
1213.38
1213.19
1213.11
1212.88
1212.8
1212.6
1212.54
1212.37
1212.33
1212.19
1212.16
1213.95
1213.51
1213.38
1213.19
1213.11
1212.88
1212.8
1212.6
1212.54
1212.37
1212.33
1212.19
1212.16
1213.98
1213.5
1213.37
1213.19
1213.11
1212.88
1212.8
1212.6
1212.54
1212.37
1212.33
1212.19
1212.16
1214.11
1213.49
1213.37
1213.19
1213.11
1212.88
1212.8
1212.6
1212.54
1212.37
1212.33
1212.19
1212.16
1204.76
1204.68
1204.5
1204.45
1204.24
1204.16
1203.93
1203.85
1203.69
1203.62
1203.49
1203.43
1203.33
1204.76
1204.7
1204.51
1204.45
1204.24
1204.16
1203.93
1203.85
1203.69
1203.62
1203.49
1203.43
1203.33
1204.76
1204.72
1204.52
1204.46
1204.24
1204.16
1203.93
1203.85
1203.69
1203.62
1203.49
1203.43
1203.33
1204.76
1204.72
1204.54
1204.47
1204.25
1204.16
1203.93
1203.85
1203.69
1203.62
1203.49
1203.43
1203.33
1204.76
1204.72
1204.55
1204.48
1204.26
1204.17
1203.93
1203.85
1203.69
1203.62
1203.49
1203.43
1203.33
1204.76
1204.72
1204.55
1204.49
1204.27
1204.18
1203.94
1203.86
1203.69
1203.62
1203.49
1203.43
1203.33
1204.75
1204.72
1204.55
1204.5
1204.28
1204.19
1203.95
1203.86
1203.69
1203.62
1203.49
1203.43
1203.33
1204.75
1204.72
1204.55
1204.5
1204.28
1204.2
1203.96
1203.87
1203.7
1203.62
1203.49
1203.43
1203.33
1204.75
1204.72
1204.55
1204.5
1204.28
1204.2
1203.97
1203.88
1203.71
1203.63
1203.5
1203.43
1203.33
1204.75
1204.72
1204.55
1204.5
1204.28
1204.2
1203.98
1203.89
1203.72
1203.64
1203.5
1203.44
1203.34
1204.75
1204.72
1204.55
1204.5
1204.28
1204.2
1203.98
1203.89
1203.72
1203.64
1203.51
1203.45
1203.34
1204.75
1204.72
1204.55
1204.5
1204.28
1204.2
1203.98
1203.9
1203.72
1203.65
1203.51
1203.45
1203.35
1204.74
1204.72
1204.55
1204.5
1204.28
1204.2
1203.98
1203.9
1203.72
1203.65
1203.51
1203.45
1203.35
1204.74
1204.73
1204.54
1204.5
1204.28
1204.2
1203.98
1203.89
1203.72
1203.64
1203.51
1203.45
1203.34
1204.73
1204.73
1204.54
1204.5
1204.28
1204.2
1203.97
1203.89
1203.72
1203.64
1203.51
1203.44
1203.34
1204.73
1204.74
1204.54
1204.5
1204.28
1204.2
1203.97
1203.88
1203.71
1203.63
1203.5
1203.43
1203.34
1204.72
1204.74
1204.54
1204.5
1204.28
1204.2
1203.96
1203.87
1203.7
1203.62
1203.49
1203.43
1203.33
1204.71
1204.74
1204.53
1204.5
1204.28
1204.19
1203.95
1203.86
1203.69
1203.62
1203.49
1203.43
1203.33
1204.7
1204.74
1204.53
1204.5
1204.27
1204.18
1203.94
1203.86
1203.69
1203.62
1203.49
1203.43
1203.33
1204.7
1204.74
1204.53
1204.49
1204.25
1204.17
1203.93
1203.85
1203.69
1203.62
1203.49
1203.43
1203.33
1204.69
1204.73
1204.52
1204.47
1204.24
1204.16
1203.93
1203.85
1203.69
1203.62
1203.49
1203.43
1203.33
1204.68
1204.73
1204.51
1204.46
1204.24
1204.16
1203.93
1203.85
1203.69
1203.62
1203.49
1203.43
1203.33
1204.68
1204.72
1204.5
1204.45
1204.24
1204.16
1203.93
1203.85
1203.69
1203.62
1203.49
1203.43
1203.33
1204.67
1204.7
1204.49
1204.45
1204.24
1204.16
1203.93
1203.85
1203.69
1203.62
1203.49
1203.43
1203.33
1204.66
1204.69
1204.49
1204.45
1204.24
1204.16
1203.93
1203.85
1203.69
1203.61
1203.49
1203.43
1203.33
1204.66
1204.71
1204.49
1204.45
1204.24
1204.16
1203.93
1203.85
1203.69
1203.61
1203.49
1203.43
1203.33
1204.67
1204.72
1204.5
1204.46
1204.24
1204.16
1203.93
1203.85
1203.69
1203.61
1203.49
1203.43
1203.33
1204.68
1204.72
1204.51
1204.47
1204.24
1204.16
1203.93
1203.85
1203.69
1203.61
1203.49
1203.43
1203.33
1204.68
1204.72
1204.52
1204.48
1204.25
1204.16
1203.93
1203.85
1203.69
1203.61
1203.49
1203.43
1203.33
1204.69
1204.72
1204.52
1204.48
1204.26
1204.17
1203.94
1203.86
1203.69
1203.62
1203.49
1203.43
1203.33
1204.7
1204.72
1204.52
1204.49
1204.27
1204.18
1203.94
1203.86
1203.69
1203.62
1203.49
1203.43
1203.33
1204.71
1204.72
1204.52
1204.49
1204.27
1204.19
1203.95
1203.87
1203.69
1203.62
1203.49
1203.43
1203.33
1204.71
1204.72
1204.53
1204.49
1204.27
1204.19
1203.96
1203.87
1203.7
1203.63
1203.5
1203.43
1203.33
1204.72
1204.72
1204.53
1204.49
1204.27
1204.19
1203.96
1203.88
1203.71
1203.63
1203.5
1203.44
1203.34
1204.73
1204.71
1204.53
1204.49
1204.27
1204.19
1203.96
1203.88
1203.71
1203.64
1203.51
1203.44
1203.34
1204.73
1204.71
1204.53
1204.49
1204.27
1204.19
1203.96
1203.88
1203.71
1203.64
1203.51
1203.44
1203.34
1204.73
1204.71
1204.53
1204.49
1204.27
1204.19
1203.96
1203.88
1203.71
1203.64
1203.51
1203.44
1203.34
1204.73
1204.71
1204.54
1204.49
1204.27
1204.19
1203.97
1203.88
1203.71
1203.64
1203.5
1203.44
1203.34
1204.74
1204.7
1204.54
1204.49
1204.27
1204.19
1203.96
1203.88
1203.71
1203.63
1203.5
1203.44
1203.34
1204.74
1204.71
1204.54
1204.48
1204.27
1204.19
1203.96
1203.87
1203.7
1203.63
1203.5
1203.43
1203.33
1204.74
1204.71
1204.54
1204.48
1204.27
1204.19
1203.95
1203.87
1203.69
1203.62
1203.49
1203.43
1203.33
1204.74
1204.71
1204.54
1204.48
1204.27
1204.18
1203.94
1203.86
1203.69
1203.62
1203.49
1203.43
1203.33
1204.74
1204.71
1204.54
1204.48
1204.26
1204.17
1203.94
1203.85
1203.69
1203.62
1203.49
1203.43
1203.33
1204.74
1204.71
1204.54
1204.48
1204.25
1204.16
1203.93
1203.85
1203.69
1203.61
1203.49
1203.43
1203.33
1204.74
1204.71
1204.53
1204.46
1204.24
1204.16
1203.93
1203.85
1203.69
1203.61
1203.49
1203.43
1203.33
1204.74
1204.7
1204.52
1204.46
1204.24
1204.16
1203.93
1203.85
1203.69
1203.61
1203.49
1203.43
1203.33
1204.75
1204.69
1204.51
1204.45
1204.24
1204.16
1203.93
1203.85
1203.69
1203.61
1203.49
1203.43
1203.33
1204.75
1204.68
1204.5
1204.45
1204.24
1204.16
1203.93
1203.85
1203.69
1203.61
1203.49
1203.43
1203.33
)
;

boundaryField
{
    PNe
    {
        type            fixedFluxPressure;
        gradient        uniform 0;
        value           nonuniform List<scalar> 
270
(
1212.05
1212.02
1211.93
1211.9
1211.83
1211.81
1211.76
1211.74
1211.7
1211.68
1211.64
1211.62
1211.6
1211.58
1211.55
1211.53
1211.51
1211.49
1211.47
1211.45
1211.43
1211.41
1211.39
1211.37
1211.35
1211.33
1211.31
1211.29
1211.27
1211.25
1211.23
1211.21
1211.19
1211.17
1211.15
1211.13
1211.11
1211.09
1211.06
1211.04
1211.02
1211
1210.98
1210.96
1210.94
1210.92
1210.89
1210.87
1210.85
1210.83
1210.81
1210.78
1210.76
1210.74
1210.72
1210.69
1210.67
1210.65
1210.62
1210.6
1210.58
1210.55
1210.53
1210.51
1210.48
1210.46
1210.43
1210.41
1210.39
1210.36
1210.34
1210.31
1210.29
1210.26
1210.24
1210.21
1210.19
1210.16
1210.13
1210.11
1210.08
1210.06
1210.03
1210
1209.98
1209.95
1209.92
1209.9
1209.87
1209.84
1209.82
1209.79
1209.76
1209.73
1209.7
1209.68
1209.65
1209.62
1209.59
1209.56
1209.53
1209.5
1209.48
1209.45
1209.42
1209.39
1209.36
1209.33
1209.3
1209.27
1209.24
1209.21
1209.18
1209.14
1209.11
1209.08
1209.05
1209.02
1208.99
1208.96
1208.92
1208.89
1208.86
1208.83
1208.79
1208.76
1208.73
1208.7
1208.66
1208.63
1208.59
1208.56
1208.53
1208.49
1208.46
1208.42
1208.39
1208.36
1208.32
1208.29
1208.25
1208.22
1208.19
1208.15
1208.12
1208.09
1208.06
1208.02
1207.99
1207.96
1207.93
1207.89
1207.86
1207.83
1207.8
1207.77
1207.74
1207.71
1207.68
1207.65
1207.62
1207.58
1207.55
1207.52
1207.5
1207.47
1207.44
1207.41
1207.38
1207.35
1207.32
1207.29
1207.26
1207.23
1207.21
1207.18
1207.15
1207.12
1207.09
1207.07
1207.04
1207.01
1206.98
1206.96
1206.93
1206.9
1206.88
1206.85
1206.83
1206.8
1206.77
1206.75
1206.72
1206.7
1206.67
1206.65
1206.62
1206.6
1206.57
1206.55
1206.52
1206.5
1206.47
1206.45
1206.42
1206.4
1206.38
1206.35
1206.33
1206.31
1206.28
1206.26
1206.24
1206.21
1206.19
1206.17
1206.14
1206.12
1206.1
1206.08
1206.06
1206.03
1206.01
1205.99
1205.97
1205.95
1205.93
1205.9
1205.88
1205.86
1205.84
1205.82
1205.8
1205.78
1205.76
1205.74
1205.72
1205.7
1205.68
1205.66
1205.64
1205.62
1205.6
1205.58
1205.56
1205.54
1205.52
1205.51
1205.49
1205.47
1205.45
1205.43
1205.41
1205.39
1205.37
1205.35
1205.32
1205.31
1205.28
1205.26
1205.23
1205.21
1205.17
1205.15
1205.1
1205.08
1205.01
1204.99
1204.9
1204.87
)
;
    }
    PPe
    {
        type            fixedFluxPressure;
        gradient        uniform 0;
        value           nonuniform List<scalar> 
270
(
1212.05
1212.02
1211.93
1211.9
1211.83
1211.81
1211.76
1211.74
1211.7
1211.68
1211.64
1211.62
1211.6
1211.58
1211.55
1211.53
1211.51
1211.49
1211.47
1211.45
1211.43
1211.41
1211.39
1211.37
1211.35
1211.33
1211.31
1211.29
1211.27
1211.25
1211.23
1211.21
1211.19
1211.17
1211.15
1211.13
1211.1
1211.08
1211.06
1211.04
1211.02
1211
1210.98
1210.96
1210.94
1210.91
1210.89
1210.87
1210.85
1210.83
1210.8
1210.78
1210.76
1210.74
1210.71
1210.69
1210.67
1210.64
1210.62
1210.6
1210.57
1210.55
1210.53
1210.5
1210.48
1210.46
1210.43
1210.41
1210.38
1210.36
1210.33
1210.31
1210.28
1210.26
1210.23
1210.21
1210.18
1210.16
1210.13
1210.11
1210.08
1210.05
1210.03
1210
1209.98
1209.95
1209.92
1209.89
1209.87
1209.84
1209.81
1209.79
1209.76
1209.73
1209.7
1209.67
1209.65
1209.62
1209.59
1209.56
1209.53
1209.5
1209.47
1209.44
1209.42
1209.39
1209.36
1209.33
1209.3
1209.27
1209.24
1209.21
1209.17
1209.14
1209.11
1209.08
1209.05
1209.02
1208.99
1208.96
1208.92
1208.89
1208.86
1208.83
1208.79
1208.76
1208.73
1208.7
1208.66
1208.63
1208.59
1208.56
1208.53
1208.49
1208.46
1208.42
1208.39
1208.36
1208.32
1208.29
1208.25
1208.22
1208.19
1208.15
1208.12
1208.09
1208.06
1208.02
1207.99
1207.96
1207.93
1207.9
1207.86
1207.83
1207.8
1207.77
1207.74
1207.71
1207.68
1207.65
1207.62
1207.59
1207.56
1207.53
1207.5
1207.47
1207.44
1207.41
1207.38
1207.35
1207.32
1207.29
1207.27
1207.24
1207.21
1207.18
1207.15
1207.13
1207.1
1207.07
1207.04
1207.02
1206.99
1206.96
1206.94
1206.91
1206.88
1206.86
1206.83
1206.81
1206.78
1206.75
1206.73
1206.7
1206.68
1206.65
1206.63
1206.6
1206.58
1206.55
1206.53
1206.51
1206.48
1206.46
1206.43
1206.41
1206.39
1206.36
1206.34
1206.32
1206.29
1206.27
1206.25
1206.23
1206.2
1206.18
1206.16
1206.14
1206.11
1206.09
1206.07
1206.05
1206.03
1206.01
1205.98
1205.96
1205.94
1205.92
1205.9
1205.88
1205.86
1205.84
1205.82
1205.8
1205.78
1205.76
1205.74
1205.72
1205.7
1205.68
1205.66
1205.64
1205.62
1205.6
1205.58
1205.56
1205.54
1205.52
1205.5
1205.48
1205.46
1205.45
1205.42
1205.41
1205.38
1205.37
1205.34
1205.32
1205.29
1205.28
1205.24
1205.22
1205.18
1205.16
1205.11
1205.09
1205.02
1205
1204.91
1204.88
)
;
    }
    frontAndBack
    {
        type            empty;
    }
    Outlet1
    {
        type            prghTotalPressure;
        p0              uniform 0;
        value           nonuniform List<scalar> 
24
(
1203.31
1203.31
1203.31
1203.31
1203.31
1203.31
1203.31
1203.31
1203.31
1203.31
1203.32
1203.32
1203.32
1203.32
1203.31
1203.31
1203.31
1203.31
1203.31
1203.31
1203.31
1203.31
1203.31
1203.31
)
;
    }
    Outlet2
    {
        type            prghTotalPressure;
        p0              uniform 0;
        value           nonuniform List<scalar> 
24
(
1203.3
1203.3
1203.3
1203.3
1203.3
1203.31
1203.31
1203.31
1203.31
1203.31
1203.31
1203.31
1203.31
1203.31
1203.31
1203.31
1203.31
1203.31
1203.31
1203.3
1203.3
1203.3
1203.3
1203.3
)
;
    }
    Inlet1
    {
        type            fixedFluxPressure;
        gradient        nonuniform List<scalar> 
24
(
-1.67595e-10
0
0
0
6.15843e-11
0
0
0
0
0
0
0
0
5.74171e-11
0
0
-5.63218e-11
0
0
0
-8.38761e-11
0
0
0
)
;
        value           nonuniform List<scalar> 
24
(
1214.11
1213.98
1213.94
1213.9
1213.84
1213.78
1213.72
1213.66
1213.59
1213.53
1213.47
1213.44
1213.44
1213.47
1213.53
1213.59
1213.66
1213.72
1213.78
1213.84
1213.9
1213.94
1213.98
1214.11
)
;
    }
    Inlet2
    {
        type            fixedFluxPressure;
        gradient        nonuniform List<scalar> 
24
(
1.67595e-10
1.73677e-10
0
8.38766e-11
0
0
0
0
8.9352e-11
7.14347e-11
0
0
0
0
0
8.9352e-11
5.63222e-11
7.18123e-11
0
6.15848e-11
8.38766e-11
1.18296e-10
0
0
)
;
        value           nonuniform List<scalar> 
24
(
1214.11
1213.98
1213.95
1213.9
1213.84
1213.79
1213.72
1213.66
1213.59
1213.53
1213.47
1213.44
1213.44
1213.47
1213.53
1213.59
1213.66
1213.72
1213.79
1213.84
1213.9
1213.95
1213.98
1214.11
)
;
    }
    Walls
    {
        type            fixedFluxPressure;
        gradient        uniform 0;
        value           nonuniform List<scalar> 
132
(
1205.11
1205.07
1205.07
1205.08
1205.09
1205.11
1205.12
1205.12
1205.11
1205.09
1205.08
1205.07
1205.07
1205.09
1211.82
1211.81
1211.8
1211.79
1211.78
1211.77
1211.76
1211.76
1211.77
1211.78
1211.79
1211.8
1211.81
1211.82
1214.11
1213.49
1213.37
1213.19
1213.11
1212.88
1212.8
1212.6
1212.54
1212.37
1212.33
1212.19
1212.16
1214.11
1213.49
1213.37
1213.19
1213.11
1212.88
1212.8
1212.6
1212.54
1212.37
1212.35
1212.18
1212.26
1214.11
1213.49
1213.37
1213.19
1213.11
1212.88
1212.8
1212.6
1212.55
1212.37
1212.35
1212.18
1212.26
1214.11
1213.49
1213.37
1213.19
1213.11
1212.88
1212.8
1212.6
1212.54
1212.37
1212.33
1212.19
1212.16
1204.76
1204.68
1204.5
1204.45
1204.24
1204.16
1203.93
1203.85
1203.69
1203.62
1203.49
1203.43
1203.33
1204.67
1204.7
1204.49
1204.45
1204.24
1204.16
1203.93
1203.85
1203.69
1203.62
1203.49
1203.43
1203.33
1204.66
1204.69
1204.49
1204.45
1204.24
1204.16
1203.93
1203.85
1203.69
1203.61
1203.49
1203.43
1203.33
1204.75
1204.68
1204.5
1204.45
1204.24
1204.16
1203.93
1203.85
1203.69
1203.61
1203.49
1203.43
1203.33
)
;
    }
}


// ************************************************************************* //
