/*--------------------------------*- C++ -*----------------------------------*\
| =========                 |                                                 |
| \\      /  F ield         | OpenFOAM: The Open Source CFD Toolbox           |
|  \\    /   O peration     | Version:  2206                                  |
|   \\  /    A nd           | Website:  www.openfoam.com                      |
|    \\/     M anipulation  |                                                 |
\*---------------------------------------------------------------------------*/
FoamFile
{
    version     2.0;
    format      ascii;
    arch        "LSB;label=32;scalar=64";
    class       surfaceScalarField;
    location    "0.1";
    object      phi;
}
// * * * * * * * * * * * * * * * * * * * * * * * * * * * * * * * * * * * * * //

dimensions      [0 3 -1 0 0 0 0];

oriented        oriented;

internalField   nonuniform List<scalar> 
35592
(
6.00765e-10
3.15997e-11
-6.32365e-10
5.73926e-10
2.68387e-11
5.38183e-10
3.5743e-11
5.11903e-10
2.62796e-11
4.84339e-10
2.75631e-11
4.65406e-10
1.89332e-11
4.47015e-10
1.83909e-11
4.34681e-10
1.23331e-11
4.22904e-10
1.17768e-11
4.15072e-10
7.83226e-12
4.0759e-10
7.48155e-12
4.02649e-10
4.94057e-12
3.97909e-10
4.73938e-12
3.94813e-10
3.09626e-12
3.91825e-10
2.98789e-12
3.89903e-10
1.92184e-12
3.88032e-10
1.87096e-12
3.86853e-10
1.17877e-12
3.85689e-10
1.16295e-12
3.84975e-10
7.13696e-13
3.84257e-10
7.17989e-13
3.83831e-10
4.26423e-13
3.83389e-10
4.40919e-13
3.83138e-10
2.51473e-13
3.82868e-10
2.69928e-13
3.82721e-10
1.46491e-13
3.82555e-10
1.65261e-13
3.82471e-10
8.44668e-14
3.82369e-10
1.01647e-13
3.8232e-10
4.84329e-14
3.82257e-10
6.32091e-14
3.82229e-10
2.78859e-14
3.82188e-10
4.00789e-14
3.82172e-10
1.64205e-14
3.82145e-10
2.61883e-14
3.82135e-10
1.01886e-14
3.82117e-10
1.78408e-14
3.8211e-10
6.91387e-15
3.82097e-10
1.28046e-14
3.82091e-10
5.27162e-15
3.82082e-10
9.74166e-15
3.82077e-10
4.5041e-15
3.82069e-10
7.85473e-15
3.82064e-10
4.18645e-15
3.82058e-10
6.67057e-15
3.82053e-10
4.08615e-15
3.82047e-10
5.90885e-15
3.82043e-10
4.07964e-15
3.82037e-10
5.40326e-15
3.82033e-10
4.104e-15
3.82028e-10
5.05474e-15
3.82024e-10
4.12925e-15
3.82019e-10
4.80384e-15
3.82014e-10
4.14275e-15
3.8201e-10
4.61447e-15
3.82005e-10
4.14061e-15
3.82001e-10
4.46444e-15
3.81996e-10
4.12294e-15
3.81992e-10
4.33975e-15
3.81988e-10
4.09156e-15
3.81983e-10
4.23148e-15
3.81979e-10
4.04876e-15
3.81975e-10
4.13383e-15
3.81971e-10
3.99675e-15
3.81966e-10
4.04298e-15
3.81962e-10
3.93747e-15
3.81958e-10
3.95639e-15
3.81954e-10
3.87255e-15
3.8195e-10
3.87239e-15
3.81946e-10
3.80325e-15
3.81942e-10
3.78986e-15
3.81939e-10
3.73057e-15
3.81935e-10
3.70803e-15
3.81931e-10
3.65525e-15
3.81927e-10
3.62644e-15
3.81923e-10
3.57792e-15
3.8192e-10
3.54486e-15
3.81916e-10
3.49908e-15
3.81913e-10
3.46315e-15
3.81909e-10
3.41913e-15
3.81906e-10
3.38129e-15
3.81902e-10
3.33844e-15
3.81899e-10
3.29943e-15
3.81895e-10
3.25738e-15
3.81892e-10
3.21771e-15
3.81889e-10
3.17628e-15
3.81886e-10
3.13633e-15
3.81882e-10
3.09545e-15
3.81879e-10
3.05551e-15
3.81876e-10
3.01519e-15
3.81873e-10
2.97547e-15
3.8187e-10
2.93568e-15
3.81867e-10
2.8963e-15
3.81864e-10
2.85701e-15
3.81861e-10
2.81803e-15
3.81858e-10
2.77909e-15
3.81855e-10
2.74031e-15
3.81853e-10
2.70145e-15
3.8185e-10
2.66275e-15
3.81847e-10
2.62406e-15
3.81845e-10
2.58612e-15
3.81842e-10
2.54858e-15
3.81839e-10
2.51216e-15
3.81837e-10
2.47613e-15
3.81834e-10
2.4407e-15
3.81832e-10
2.40545e-15
3.81829e-10
2.37051e-15
3.81827e-10
2.3361e-15
3.81825e-10
2.30219e-15
3.81822e-10
2.26892e-15
3.8182e-10
2.23614e-15
3.81818e-10
2.20384e-15
3.81816e-10
2.172e-15
3.81813e-10
2.14048e-15
3.81811e-10
2.10938e-15
3.81809e-10
2.07847e-15
3.81807e-10
2.04791e-15
3.81805e-10
2.01727e-15
3.81803e-10
1.98675e-15
3.81801e-10
1.95571e-15
3.81799e-10
1.92441e-15
3.81797e-10
1.89183e-15
3.81795e-10
1.85822e-15
3.81793e-10
1.82219e-15
3.81791e-10
1.78391e-15
3.8179e-10
1.74151e-15
3.81788e-10
1.69499e-15
3.81786e-10
1.64202e-15
3.81785e-10
1.58258e-15
3.81783e-10
1.5138e-15
3.81782e-10
1.43436e-15
3.8178e-10
1.33633e-15
3.81779e-10
1.19761e-15
3.81778e-10
9.66077e-16
3.81777e-10
5.52703e-16
3.81777e-10
1.55964e-17
3.81778e-10
-3.98752e-16
3.81778e-10
-6.29824e-16
3.81779e-10
-7.66638e-16
3.8178e-10
-8.61322e-16
3.81781e-10
-9.36018e-16
3.81782e-10
-9.98652e-16
3.81783e-10
-1.05068e-15
3.81784e-10
-1.09492e-15
3.81785e-10
-1.13149e-15
3.81786e-10
-1.16271e-15
3.81787e-10
-1.18862e-15
3.81788e-10
-1.21106e-15
3.8179e-10
-1.22996e-15
3.81791e-10
-1.24666e-15
3.81792e-10
-1.26102e-15
3.81793e-10
-1.27398e-15
3.81794e-10
-1.28536e-15
3.81796e-10
-1.29582e-15
3.81797e-10
-1.30521e-15
3.81798e-10
-1.31395e-15
3.81799e-10
-1.32193e-15
3.81801e-10
-1.32947e-15
3.81802e-10
-1.33647e-15
3.81803e-10
-1.34315e-15
3.81805e-10
-1.34946e-15
3.81806e-10
-1.35545e-15
3.81807e-10
-1.36115e-15
3.81809e-10
-1.36654e-15
3.8181e-10
-1.37159e-15
3.81811e-10
-1.3763e-15
3.81813e-10
-1.38068e-15
3.81814e-10
-1.38475e-15
3.81815e-10
-1.38859e-15
3.81817e-10
-1.39223e-15
3.81818e-10
-1.39579e-15
3.81819e-10
-1.39929e-15
3.81821e-10
-1.40275e-15
3.81822e-10
-1.40622e-15
3.81823e-10
-1.40958e-15
3.81825e-10
-1.41297e-15
3.81826e-10
-1.41613e-15
3.81827e-10
-1.41944e-15
3.81829e-10
-1.42248e-15
3.8183e-10
-1.42584e-15
3.81831e-10
-1.42881e-15
3.81833e-10
-1.43238e-15
3.81834e-10
-1.43537e-15
3.81835e-10
-1.43936e-15
3.81837e-10
-1.44239e-15
3.81838e-10
-1.44702e-15
3.81839e-10
-1.4501e-15
3.81841e-10
-1.45567e-15
3.81842e-10
-1.45868e-15
3.81844e-10
-1.46559e-15
3.81845e-10
-1.46838e-15
3.81846e-10
-1.47717e-15
3.81848e-10
-1.47938e-15
3.81849e-10
-1.49079e-15
3.8185e-10
-1.49188e-15
3.81852e-10
-1.50698e-15
3.81853e-10
-1.50604e-15
3.81855e-10
-1.52624e-15
3.81856e-10
-1.5219e-15
3.81857e-10
-1.54919e-15
3.81859e-10
-1.53936e-15
3.8186e-10
-1.57663e-15
3.81862e-10
-1.55834e-15
3.81863e-10
-1.60958e-15
3.81865e-10
-1.57854e-15
3.81866e-10
-1.64939e-15
3.81868e-10
-1.59951e-15
3.81869e-10
-1.69784e-15
3.81871e-10
-1.62063e-15
3.81872e-10
-1.75745e-15
3.81874e-10
-1.64101e-15
3.81876e-10
-1.83166e-15
3.81877e-10
-1.65972e-15
3.81879e-10
-1.92571e-15
3.8188e-10
-1.67603e-15
3.81882e-10
-2.04757e-15
3.81884e-10
-1.69009e-15
3.81886e-10
-2.20983e-15
3.81887e-10
-1.70419e-15
3.8189e-10
-2.43283e-15
3.81891e-10
-1.72526e-15
3.81894e-10
-2.74996e-15
3.81895e-10
-1.76965e-15
3.81898e-10
-3.21723e-15
3.819e-10
-1.87204e-15
3.81904e-10
-3.92924e-15
3.81906e-10
-2.10127e-15
3.81911e-10
-5.04678e-15
3.81913e-10
-2.58839e-15
3.8192e-10
-6.84336e-15
3.81923e-10
-3.57545e-15
3.81933e-10
-9.78377e-15
3.81938e-10
-5.49923e-15
3.81953e-10
-1.46549e-14
3.81962e-10
-9.13241e-15
3.81984e-10
-2.27818e-14
3.82e-10
-1.58189e-14
3.82036e-10
-3.63806e-14
3.82064e-10
-2.78594e-14
3.82123e-10
-5.91281e-14
3.82171e-10
-4.91341e-14
3.82268e-10
-9.70688e-14
3.82354e-10
-8.60906e-14
3.82514e-10
-1.60039e-13
3.82663e-10
-1.49286e-13
3.82927e-10
-2.63872e-13
3.83182e-10
-2.55747e-13
3.83616e-10
-4.33748e-13
3.84048e-10
-4.32512e-13
3.84757e-10
-7.09224e-13
3.85479e-10
-7.21869e-13
3.8663e-10
-1.1517e-12
3.87819e-10
-1.18904e-12
3.89675e-10
-1.85556e-12
3.91608e-10
-1.9337e-12
3.94573e-10
-2.96549e-12
3.97681e-10
-3.10844e-12
4.02387e-10
-4.70539e-12
4.07337e-10
-4.95091e-12
4.14766e-10
-7.42919e-12
4.22604e-10
-7.83843e-12
4.34302e-10
-1.16983e-11
4.4664e-10
-1.23375e-11
4.64926e-10
-1.82861e-11
4.83887e-10
-1.89617e-11
5.11359e-10
-2.74721e-11
5.37783e-10
-2.64243e-11
5.73538e-10
-3.57555e-11
6.00491e-10
-2.69534e-11
-3.13897e-11
6.31881e-10
2.35898e-09
1.45851e-10
-2.47323e-09
2.24683e-09
1.38984e-10
2.11614e-09
1.66437e-10
2.00825e-09
1.34167e-10
1.90674e-09
1.29077e-10
1.82908e-09
9.65875e-11
1.76132e-09
8.61503e-11
1.71067e-09
6.29833e-11
1.66739e-09
5.50547e-11
1.6352e-09
4.00242e-11
1.60781e-09
3.48713e-11
1.58749e-09
2.52588e-11
1.57021e-09
2.20142e-11
1.55746e-09
1.58441e-11
1.54662e-09
1.38241e-11
1.53869e-09
9.85286e-12
1.53195e-09
8.61654e-12
1.52706e-09
6.06301e-12
1.5229e-09
5.32656e-12
1.51992e-09
3.68939e-12
1.51737e-09
3.26694e-12
1.51558e-09
2.22046e-12
1.51402e-09
1.99045e-12
1.51295e-09
1.32284e-12
1.51201e-09
1.20716e-12
1.51138e-09
7.8138e-13
1.51081e-09
7.31017e-13
1.51044e-09
4.59008e-13
1.51009e-09
4.44083e-13
1.50987e-09
2.69645e-13
1.50966e-09
2.72502e-13
1.50953e-09
1.59961e-13
1.5094e-09
1.70562e-13
1.50932e-09
9.7367e-14
1.50923e-09
1.10289e-13
1.50918e-09
6.22166e-14
1.50912e-09
7.47464e-14
1.50908e-09
4.28261e-14
1.50904e-09
5.37823e-14
1.50901e-09
3.23413e-14
1.50898e-09
4.13648e-14
1.50896e-09
2.67967e-14
1.50893e-09
3.39386e-14
1.50891e-09
2.39321e-14
1.50889e-09
2.94221e-14
1.50887e-09
2.24805e-14
1.50885e-09
2.66027e-14
1.50883e-09
2.17439e-14
1.50881e-09
2.47759e-14
1.50879e-09
2.13468e-14
1.50877e-09
2.35325e-14
1.50875e-09
2.10927e-14
1.50874e-09
2.26346e-14
1.50872e-09
2.08833e-14
1.5087e-09
2.1943e-14
1.50868e-09
2.06725e-14
1.50867e-09
2.13758e-14
1.50865e-09
2.04411e-14
1.50863e-09
2.08837e-14
1.50861e-09
2.01829e-14
1.5086e-09
2.04368e-14
1.50858e-09
1.98985e-14
1.50857e-09
2.00168e-14
1.50855e-09
1.95904e-14
1.50853e-09
1.96121e-14
1.50852e-09
1.92624e-14
1.5085e-09
1.92157e-14
1.50849e-09
1.8918e-14
1.50847e-09
1.88233e-14
1.50845e-09
1.85603e-14
1.50844e-09
1.8432e-14
1.50842e-09
1.81918e-14
1.50841e-09
1.80401e-14
1.5084e-09
1.78146e-14
1.50838e-09
1.76467e-14
1.50837e-09
1.74306e-14
1.50835e-09
1.72517e-14
1.50834e-09
1.70415e-14
1.50832e-09
1.6855e-14
1.50831e-09
1.66485e-14
1.5083e-09
1.6457e-14
1.50828e-09
1.62531e-14
1.50827e-09
1.60588e-14
1.50826e-09
1.58569e-14
1.50824e-09
1.56612e-14
1.50823e-09
1.54612e-14
1.50822e-09
1.52654e-14
1.50821e-09
1.50675e-14
1.5082e-09
1.48726e-14
1.50818e-09
1.46769e-14
1.50817e-09
1.44836e-14
1.50816e-09
1.42904e-14
1.50815e-09
1.40992e-14
1.50814e-09
1.39084e-14
1.50813e-09
1.37192e-14
1.50811e-09
1.35302e-14
1.5081e-09
1.33422e-14
1.50809e-09
1.31536e-14
1.50808e-09
1.29661e-14
1.50807e-09
1.27787e-14
1.50806e-09
1.25946e-14
1.50805e-09
1.24129e-14
1.50804e-09
1.22358e-14
1.50803e-09
1.2061e-14
1.50802e-09
1.18887e-14
1.50801e-09
1.1718e-14
1.508e-09
1.15486e-14
1.50799e-09
1.13823e-14
1.50798e-09
1.12181e-14
1.50798e-09
1.10574e-14
1.50797e-09
1.08986e-14
1.50796e-09
1.07426e-14
1.50795e-09
1.05882e-14
1.50794e-09
1.04361e-14
1.50793e-09
1.02853e-14
1.50792e-09
1.01361e-14
1.50792e-09
9.98779e-15
1.50791e-09
9.83999e-15
1.5079e-09
9.69175e-15
1.50789e-09
9.54209e-15
1.50788e-09
9.38983e-15
1.50788e-09
9.23273e-15
1.50787e-09
9.06918e-15
1.50786e-09
8.89536e-15
1.50786e-09
8.7089e-15
1.50785e-09
8.50396e-15
1.50784e-09
8.27712e-15
1.50783e-09
8.02063e-15
1.50783e-09
7.73025e-15
1.50782e-09
7.39604e-15
1.50782e-09
7.00644e-15
1.50781e-09
6.52642e-15
1.50781e-09
5.84106e-15
1.5078e-09
4.69806e-15
1.5078e-09
2.639e-15
1.5078e-09
-4.71284e-17
1.5078e-09
-2.11041e-15
1.5078e-09
-3.25067e-15
1.50781e-09
-3.92669e-15
1.50781e-09
-4.3908e-15
1.50781e-09
-4.75801e-15
1.50782e-09
-5.06339e-15
1.50782e-09
-5.31888e-15
1.50783e-09
-5.53444e-15
1.50783e-09
-5.71457e-15
1.50784e-09
-5.867e-15
1.50784e-09
-5.9954e-15
1.50785e-09
-6.10558e-15
1.50785e-09
-6.20004e-15
1.50786e-09
-6.28278e-15
1.50786e-09
-6.35537e-15
1.50787e-09
-6.42029e-15
1.50787e-09
-6.47865e-15
1.50788e-09
-6.53178e-15
1.50788e-09
-6.58058e-15
1.50789e-09
-6.62566e-15
1.50789e-09
-6.66788e-15
1.5079e-09
-6.70738e-15
1.5079e-09
-6.74496e-15
1.50791e-09
-6.78051e-15
1.50791e-09
-6.81479e-15
1.50792e-09
-6.84736e-15
1.50792e-09
-6.8788e-15
1.50793e-09
-6.90851e-15
1.50793e-09
-6.93695e-15
1.50794e-09
-6.96355e-15
1.50794e-09
-6.98879e-15
1.50795e-09
-7.01241e-15
1.50795e-09
-7.03516e-15
1.50796e-09
-7.05688e-15
1.50797e-09
-7.07842e-15
1.50797e-09
-7.09952e-15
1.50798e-09
-7.12067e-15
1.50798e-09
-7.14161e-15
1.50799e-09
-7.16229e-15
1.50799e-09
-7.18277e-15
1.508e-09
-7.20269e-15
1.508e-09
-7.22266e-15
1.50801e-09
-7.24205e-15
1.50801e-09
-7.26206e-15
1.50802e-09
-7.28139e-15
1.50803e-09
-7.30212e-15
1.50803e-09
-7.32186e-15
1.50804e-09
-7.34412e-15
1.50804e-09
-7.36462e-15
1.50805e-09
-7.38923e-15
1.50805e-09
-7.41077e-15
1.50806e-09
-7.43874e-15
1.50806e-09
-7.46137e-15
1.50807e-09
-7.49396e-15
1.50808e-09
-7.51763e-15
1.50808e-09
-7.55652e-15
1.50809e-09
-7.58073e-15
1.50809e-09
-7.62808e-15
1.5081e-09
-7.65188e-15
1.5081e-09
-7.71068e-15
1.50811e-09
-7.73227e-15
1.50812e-09
-7.80631e-15
1.50812e-09
-7.82258e-15
1.50813e-09
-7.91719e-15
1.50813e-09
-7.92348e-15
1.50814e-09
-8.04613e-15
1.50815e-09
-8.0355e-15
1.50815e-09
-8.1966e-15
1.50816e-09
-8.15901e-15
1.50816e-09
-8.37313e-15
1.50817e-09
-8.29416e-15
1.50818e-09
-8.5816e-15
1.50818e-09
-8.44104e-15
1.50819e-09
-8.83029e-15
1.5082e-09
-8.59991e-15
1.5082e-09
-9.13069e-15
1.50821e-09
-8.772e-15
1.50822e-09
-9.50071e-15
1.50822e-09
-8.96209e-15
1.50823e-09
-9.96882e-15
1.50824e-09
-9.18196e-15
1.50825e-09
-1.05817e-14
1.50825e-09
-9.45806e-15
1.50826e-09
-1.14176e-14
1.50827e-09
-9.84511e-15
1.50828e-09
-1.26096e-14
1.50829e-09
-1.04518e-14
1.5083e-09
-1.43878e-14
1.5083e-09
-1.14874e-14
1.50832e-09
-1.71508e-14
1.50833e-09
-1.33439e-14
1.50834e-09
-2.15902e-14
1.50836e-09
-1.67398e-14
1.50838e-09
-2.8903e-14
1.5084e-09
-2.29689e-14
1.50843e-09
-4.11516e-14
1.50846e-09
-3.43249e-14
1.5085e-09
-6.18675e-14
1.50855e-09
-5.48149e-14
1.50862e-09
-9.70534e-14
1.5087e-09
-9.1347e-14
1.50882e-09
-1.56828e-13
1.50894e-09
-1.55675e-13
1.50914e-09
-2.58085e-13
1.50936e-09
-2.67536e-13
1.50969e-09
-4.28749e-13
1.51006e-09
-4.59639e-13
1.51062e-09
-7.1447e-13
1.51125e-09
-7.85463e-13
1.51218e-09
-1.18899e-12
1.51325e-09
-1.33123e-12
1.51479e-09
-1.96998e-12
1.51659e-09
-2.23396e-12
1.51912e-09
-3.24274e-12
1.5221e-09
-3.70825e-12
1.52625e-09
-5.29551e-12
1.53114e-09
-6.08592e-12
1.53786e-09
-8.57223e-12
1.5458e-09
-9.87569e-12
1.55659e-09
-1.37547e-11
1.56934e-09
-1.58586e-11
1.58653e-09
-2.19e-11
1.60683e-09
-2.52521e-11
1.63408e-09
-3.46819e-11
1.66623e-09
-3.99836e-11
1.70928e-09
-5.47531e-11
1.75987e-09
-6.29237e-11
1.82731e-09
-8.5729e-11
1.905e-09
-9.66517e-11
2.00622e-09
-1.28695e-10
2.11464e-09
-1.34842e-10
2.24527e-09
-1.66391e-10
2.35802e-09
-1.39709e-10
-1.44216e-10
2.47085e-09
5.29323e-09
3.92782e-10
-5.54016e-09
5.03891e-09
3.93299e-10
4.75535e-09
4.5e-10
4.51199e-09
3.77522e-10
4.29083e-09
3.50233e-10
4.11563e-09
2.71787e-10
3.96789e-09
2.33892e-10
3.8536e-09
1.77267e-10
3.75936e-09
1.49292e-10
3.68678e-09
1.126e-10
3.62728e-09
9.43675e-11
3.58153e-09
7.10089e-11
3.54411e-09
5.94301e-11
3.51544e-09
4.45156e-11
3.49204e-09
3.72207e-11
3.47421e-09
2.76778e-11
3.4597e-09
2.31316e-11
3.44872e-09
1.70387e-11
3.43979e-09
1.42523e-11
3.4331e-09
1.03801e-11
3.42766e-09
8.70829e-12
3.42361e-09
6.25999e-12
3.42032e-09
5.28254e-12
3.4179e-09
3.74121e-12
3.41592e-09
3.18757e-12
3.41448e-09
2.21999e-12
3.41329e-09
1.91916e-12
3.41243e-09
1.31235e-12
3.41172e-09
1.15841e-12
3.41121e-09
7.77391e-13
3.41077e-09
7.06055e-13
3.41046e-09
4.65953e-13
3.41019e-09
4.39133e-13
3.41e-09
2.869e-13
3.40983e-09
2.82617e-13
3.4097e-09
1.85269e-13
3.40958e-09
1.91248e-13
3.4095e-09
1.2833e-13
3.40941e-09
1.3801e-13
3.40935e-09
9.68411e-14
3.40928e-09
1.06933e-13
3.40922e-09
7.9631e-14
3.40917e-09
8.86558e-14
3.40912e-09
7.02979e-14
3.40907e-09
7.77404e-14
3.40902e-09
6.52243e-14
3.40898e-09
7.10461e-14
3.40894e-09
6.23948e-14
3.40889e-09
6.67684e-14
3.40885e-09
6.07052e-14
3.40881e-09
6.38745e-14
3.40877e-09
5.95627e-14
3.40873e-09
6.17739e-14
3.40869e-09
5.86571e-14
3.40865e-09
6.01291e-14
3.40861e-09
5.78323e-14
3.40857e-09
5.87464e-14
3.40854e-09
5.70134e-14
3.4085e-09
5.75132e-14
3.40846e-09
5.61675e-14
3.40842e-09
5.63636e-14
3.40839e-09
5.52832e-14
3.40835e-09
5.52592e-14
3.40831e-09
5.43591e-14
3.40828e-09
5.41768e-14
3.40824e-09
5.3398e-14
3.40821e-09
5.3103e-14
3.40817e-09
5.24054e-14
3.40814e-09
5.20305e-14
3.4081e-09
5.1386e-14
3.40807e-09
5.09546e-14
3.40804e-09
5.03441e-14
3.408e-09
4.9873e-14
3.40797e-09
4.92838e-14
3.40794e-09
4.87848e-14
3.40791e-09
4.82087e-14
3.40788e-09
4.76906e-14
3.40784e-09
4.71226e-14
3.40781e-09
4.65914e-14
3.40778e-09
4.60284e-14
3.40775e-09
4.54888e-14
3.40772e-09
4.49295e-14
3.40769e-09
4.43856e-14
3.40767e-09
4.383e-14
3.40764e-09
4.32848e-14
3.40761e-09
4.27333e-14
3.40758e-09
4.21897e-14
3.40755e-09
4.16434e-14
3.40753e-09
4.11034e-14
3.4075e-09
4.05632e-14
3.40747e-09
4.00286e-14
3.40745e-09
3.94952e-14
3.40742e-09
3.89669e-14
3.4074e-09
3.84404e-14
3.40737e-09
3.79183e-14
3.40735e-09
3.7397e-14
3.40732e-09
3.68783e-14
3.4073e-09
3.63586e-14
3.40728e-09
3.58413e-14
3.40725e-09
3.53248e-14
3.40723e-09
3.4817e-14
3.40721e-09
3.43158e-14
3.40718e-09
3.38267e-14
3.40716e-09
3.33446e-14
3.40714e-09
3.28691e-14
3.40712e-09
3.23988e-14
3.4071e-09
3.19327e-14
3.40708e-09
3.1475e-14
3.40706e-09
3.10234e-14
3.40704e-09
3.05814e-14
3.40702e-09
3.01447e-14
3.407e-09
2.97158e-14
3.40698e-09
2.92911e-14
3.40696e-09
2.88729e-14
3.40694e-09
2.8458e-14
3.40692e-09
2.8048e-14
3.40691e-09
2.76398e-14
3.40689e-09
2.72335e-14
3.40687e-09
2.68256e-14
3.40685e-09
2.64144e-14
3.40684e-09
2.59952e-14
3.40682e-09
2.55636e-14
3.4068e-09
2.51132e-14
3.40679e-09
2.46356e-14
3.40677e-09
2.41218e-14
3.40676e-09
2.35584e-14
3.40674e-09
2.29328e-14
3.40673e-09
2.22268e-14
3.40671e-09
2.14247e-14
3.4067e-09
2.05022e-14
3.40669e-09
1.94218e-14
3.40667e-09
1.80879e-14
3.40666e-09
1.61745e-14
3.40665e-09
1.29784e-14
3.40665e-09
7.18242e-15
3.40665e-09
-4.0042e-16
3.40665e-09
-6.20685e-15
3.40666e-09
-9.39461e-15
3.40667e-09
-1.12824e-14
3.40667e-09
-1.2573e-14
3.40668e-09
-1.35931e-14
3.40669e-09
-1.44381e-14
3.4067e-09
-1.51465e-14
3.40671e-09
-1.57428e-14
3.40672e-09
-1.62429e-14
3.40673e-09
-1.66657e-14
3.40674e-09
-1.70236e-14
3.40675e-09
-1.73306e-14
3.40676e-09
-1.75957e-14
3.40678e-09
-1.78279e-14
3.40679e-09
-1.80333e-14
3.4068e-09
-1.82172e-14
3.40681e-09
-1.83839e-14
3.40682e-09
-1.85361e-14
3.40683e-09
-1.86769e-14
3.40685e-09
-1.88075e-14
3.40686e-09
-1.89307e-14
3.40687e-09
-1.90464e-14
3.40688e-09
-1.91572e-14
3.40689e-09
-1.92626e-14
3.40691e-09
-1.93646e-14
3.40692e-09
-1.9462e-14
3.40693e-09
-1.95566e-14
3.40694e-09
-1.96465e-14
3.40695e-09
-1.9733e-14
3.40697e-09
-1.98147e-14
3.40698e-09
-1.98927e-14
3.40699e-09
-1.99664e-14
3.407e-09
-2.00378e-14
3.40702e-09
-2.01065e-14
3.40703e-09
-2.01748e-14
3.40704e-09
-2.0242e-14
3.40705e-09
-2.03093e-14
3.40707e-09
-2.0376e-14
3.40708e-09
-2.04422e-14
3.40709e-09
-2.05074e-14
3.4071e-09
-2.05715e-14
3.40712e-09
-2.06352e-14
3.40713e-09
-2.0698e-14
3.40714e-09
-2.07615e-14
3.40716e-09
-2.08242e-14
3.40717e-09
-2.08893e-14
3.40718e-09
-2.09535e-14
3.40719e-09
-2.10221e-14
3.40721e-09
-2.10889e-14
3.40722e-09
-2.1163e-14
3.40723e-09
-2.12335e-14
3.40725e-09
-2.13153e-14
3.40726e-09
-2.13904e-14
3.40727e-09
-2.14825e-14
3.40729e-09
-2.15628e-14
3.4073e-09
-2.16688e-14
3.40731e-09
-2.17543e-14
3.40733e-09
-2.18785e-14
3.40734e-09
-2.19685e-14
3.40735e-09
-2.21166e-14
3.40737e-09
-2.22092e-14
3.40738e-09
-2.2388e-14
3.40739e-09
-2.24787e-14
3.40741e-09
-2.26977e-14
3.40742e-09
-2.27802e-14
3.40743e-09
-2.30524e-14
3.40745e-09
-2.31163e-14
3.40746e-09
-2.34597e-14
3.40748e-09
-2.349e-14
3.40749e-09
-2.39298e-14
3.40751e-09
-2.39045e-14
3.40752e-09
-2.44756e-14
3.40754e-09
-2.43638e-14
3.40755e-09
-2.51152e-14
3.40757e-09
-2.48735e-14
3.40758e-09
-2.58737e-14
3.4076e-09
-2.54438e-14
3.40761e-09
-2.67915e-14
3.40763e-09
-2.6097e-14
3.40764e-09
-2.79343e-14
3.40766e-09
-2.6878e-14
3.40768e-09
-2.94127e-14
3.4077e-09
-2.78759e-14
3.40771e-09
-3.14165e-14
3.40773e-09
-2.92637e-14
3.40775e-09
-3.42751e-14
3.40777e-09
-3.13707e-14
3.40779e-09
-3.85673e-14
3.40782e-09
-3.48134e-14
3.40784e-09
-4.53107e-14
3.40787e-09
-4.07265e-14
3.4079e-09
-5.62908e-14
3.40793e-09
-5.11637e-14
3.40798e-09
-7.46252e-14
3.40802e-09
-6.97927e-14
3.40809e-09
-1.05726e-13
3.40815e-09
-1.03078e-13
3.40825e-09
-1.58919e-13
3.40835e-09
-1.62268e-13
3.40851e-09
-2.50135e-13
3.40868e-09
-2.66708e-13
3.40893e-09
-4.06344e-13
3.40922e-09
-4.49258e-13
3.40963e-09
-6.72751e-13
3.41013e-09
-7.65055e-13
3.41082e-09
-1.12432e-12
3.41167e-09
-1.30546e-12
3.41283e-09
-1.88394e-12
3.41427e-09
-2.21989e-12
3.41623e-09
-3.15068e-12
3.41864e-09
-3.74947e-12
3.42191e-09
-5.24287e-12
3.42596e-09
-6.27782e-12
3.43137e-09
-8.66296e-12
3.43807e-09
-1.04069e-11
3.44697e-09
-1.41941e-11
3.45795e-09
-1.70694e-11
3.47242e-09
-2.3045e-11
3.49024e-09
-2.76989e-11
3.51356e-09
-3.70757e-11
3.5422e-09
-4.45019e-11
3.57947e-09
-5.91756e-11
3.62514e-09
-7.09223e-11
3.68438e-09
-9.39235e-11
3.7568e-09
-1.12403e-10
3.8506e-09
-1.48559e-10
3.96468e-09
-1.77004e-10
4.1118e-09
-2.32847e-10
4.28701e-09
-2.71864e-10
4.50758e-09
-3.49274e-10
4.75202e-09
-3.79285e-10
5.03538e-09
-4.49747e-10
5.29102e-09
-3.95352e-10
-3.87563e-10
5.53436e-09
1.00122e-08
8.4704e-10
-1.04665e-08
9.53305e-09
8.72496e-10
9.01002e-09
9.73019e-10
8.55268e-09
8.34853e-10
8.14348e-09
7.5943e-10
7.81412e-09
6.01148e-10
7.54052e-09
5.07487e-10
7.32576e-09
3.92019e-10
7.15145e-09
3.23601e-10
7.01527e-09
2.48772e-10
6.90547e-09
2.04163e-10
6.8198e-09
1.56677e-10
6.75094e-09
1.28286e-10
6.69736e-09
9.80941e-11
6.65442e-09
8.01514e-11
6.62117e-09
6.09273e-11
6.59461e-09
4.96861e-11
6.57416e-09
3.74822e-11
6.55788e-09
3.05312e-11
6.54543e-09
2.28288e-11
6.53553e-09
1.86005e-11
6.52802e-09
1.37713e-11
6.52205e-09
1.12471e-11
6.51755e-09
8.23773e-12
6.51397e-09
6.76268e-12
6.51129e-09
4.89652e-12
6.50915e-09
4.05591e-12
6.50755e-09
2.90246e-12
6.50627e-09
2.43809e-12
6.50532e-09
1.72606e-12
6.50454e-09
1.47995e-12
6.50396e-09
1.03995e-12
6.50348e-09
9.17209e-13
6.50312e-09
6.44304e-13
6.50281e-09
5.89046e-13
6.50258e-09
4.1868e-13
6.50236e-09
3.98732e-13
6.5022e-09
2.91388e-13
6.50204e-09
2.88712e-13
6.50192e-09
2.20266e-13
6.5018e-09
2.2508e-13
6.50169e-09
1.80811e-13
6.50159e-09
1.88054e-13
6.5015e-09
1.58957e-13
6.50141e-09
1.66192e-13
6.50132e-09
1.46728e-13
6.50124e-09
1.52928e-13
6.50116e-09
1.39659e-13
6.50108e-09
1.44517e-13
6.501e-09
1.35284e-13
6.50092e-09
1.38835e-13
6.50084e-09
1.32264e-13
6.50077e-09
1.34682e-13
6.50069e-09
1.29885e-13
6.50062e-09
1.31383e-13
6.50055e-09
1.27776e-13
6.50048e-09
1.28555e-13
6.5004e-09
1.25752e-13
6.50033e-09
1.25985e-13
6.50026e-09
1.23723e-13
6.50019e-09
1.23548e-13
6.50012e-09
1.2165e-13
6.50006e-09
1.21176e-13
6.49999e-09
1.1952e-13
6.49992e-09
1.18828e-13
6.49985e-09
1.17333e-13
6.49979e-09
1.16483e-13
6.49972e-09
1.15093e-13
6.49966e-09
1.14132e-13
6.4996e-09
1.12808e-13
6.49953e-09
1.11766e-13
6.49947e-09
1.10484e-13
6.49941e-09
1.09384e-13
6.49935e-09
1.08127e-13
6.49929e-09
1.06987e-13
6.49923e-09
1.05744e-13
6.49917e-09
1.04576e-13
6.49911e-09
1.03342e-13
6.49905e-09
1.02155e-13
6.499e-09
1.00926e-13
6.49894e-09
9.97283e-14
6.49888e-09
9.85044e-14
6.49883e-09
9.73018e-14
6.49878e-09
9.60845e-14
6.49872e-09
9.48825e-14
6.49867e-09
9.36738e-14
6.49862e-09
9.24776e-14
6.49857e-09
9.12802e-14
6.49852e-09
9.00941e-14
6.49847e-09
8.89105e-14
6.49842e-09
8.77376e-14
6.49837e-09
8.65696e-14
6.49832e-09
8.54119e-14
6.49827e-09
8.42595e-14
6.49823e-09
8.31162e-14
6.49818e-09
8.19761e-14
6.49814e-09
8.0841e-14
6.49809e-09
7.97049e-14
6.49805e-09
7.85731e-14
6.498e-09
7.74439e-14
6.49796e-09
7.63323e-14
6.49792e-09
7.52358e-14
6.49788e-09
7.41647e-14
6.49784e-09
7.311e-14
6.4978e-09
7.20704e-14
6.49776e-09
7.1043e-14
6.49772e-09
7.00259e-14
6.49768e-09
6.9027e-14
6.49764e-09
6.80424e-14
6.4976e-09
6.70779e-14
6.49757e-09
6.61258e-14
6.49753e-09
6.51903e-14
6.49749e-09
6.42643e-14
6.49746e-09
6.33522e-14
6.49742e-09
6.24477e-14
6.49739e-09
6.15537e-14
6.49736e-09
6.06636e-14
6.49732e-09
5.97779e-14
6.49729e-09
5.88884e-14
6.49726e-09
5.79919e-14
6.49722e-09
5.70778e-14
6.49719e-09
5.61371e-14
6.49716e-09
5.51548e-14
6.49713e-09
5.41139e-14
6.4971e-09
5.29927e-14
6.49707e-09
5.17639e-14
6.49705e-09
5.03977e-14
6.49702e-09
4.8856e-14
6.49699e-09
4.7101e-14
6.49697e-09
4.50807e-14
6.49694e-09
4.2706e-14
6.49692e-09
3.97642e-14
6.4969e-09
3.55275e-14
6.49688e-09
2.84343e-14
6.49688e-09
1.54952e-14
6.49688e-09
-1.47435e-15
6.49688e-09
-1.44336e-14
6.4969e-09
-2.15073e-14
6.49691e-09
-2.56883e-14
6.49692e-09
-2.85374e-14
6.49694e-09
-3.07833e-14
6.49696e-09
-3.26388e-14
6.49698e-09
-3.41944e-14
6.497e-09
-3.5503e-14
6.49702e-09
-3.66028e-14
6.49704e-09
-3.75329e-14
6.49706e-09
-3.83232e-14
6.49708e-09
-3.9002e-14
6.4971e-09
-3.95909e-14
6.49712e-09
-4.01082e-14
6.49714e-09
-4.05683e-14
6.49717e-09
-4.09818e-14
6.49719e-09
-4.13588e-14
6.49721e-09
-4.17045e-14
6.49723e-09
-4.20263e-14
6.49726e-09
-4.23262e-14
6.49728e-09
-4.26104e-14
6.4973e-09
-4.2879e-14
6.49732e-09
-4.31372e-14
6.49735e-09
-4.3384e-14
6.49737e-09
-4.36239e-14
6.49739e-09
-4.38543e-14
6.49742e-09
-4.40785e-14
6.49744e-09
-4.42932e-14
6.49747e-09
-4.45006e-14
6.49749e-09
-4.46977e-14
6.49751e-09
-4.48871e-14
6.49754e-09
-4.50677e-14
6.49756e-09
-4.52432e-14
6.49759e-09
-4.54134e-14
6.49761e-09
-4.55828e-14
6.49764e-09
-4.57497e-14
6.49766e-09
-4.59171e-14
6.49768e-09
-4.60829e-14
6.49771e-09
-4.62478e-14
6.49773e-09
-4.64103e-14
6.49776e-09
-4.65707e-14
6.49778e-09
-4.67295e-14
6.49781e-09
-4.6887e-14
6.49783e-09
-4.7045e-14
6.49786e-09
-4.72025e-14
6.49788e-09
-4.73633e-14
6.49791e-09
-4.7524e-14
6.49793e-09
-4.76915e-14
6.49796e-09
-4.78585e-14
6.49798e-09
-4.80365e-14
6.49801e-09
-4.82123e-14
6.49804e-09
-4.84051e-14
6.49806e-09
-4.85923e-14
6.49809e-09
-4.88048e-14
6.49811e-09
-4.90057e-14
6.49814e-09
-4.92441e-14
6.49816e-09
-4.94603e-14
6.49819e-09
-4.9732e-14
6.49822e-09
-4.99644e-14
6.49824e-09
-5.0279e-14
6.49827e-09
-5.05263e-14
6.4983e-09
-5.08942e-14
6.49832e-09
-5.11524e-14
6.49835e-09
-5.15883e-14
6.49838e-09
-5.18502e-14
6.4984e-09
-5.23736e-14
6.49843e-09
-5.26274e-14
6.49846e-09
-5.32652e-14
6.49849e-09
-5.34928e-14
6.49851e-09
-5.42819e-14
6.49854e-09
-5.44563e-14
6.49857e-09
-5.54479e-14
6.4986e-09
-5.5531e-14
6.49863e-09
-5.67972e-14
6.49866e-09
-5.67345e-14
6.49869e-09
-5.83765e-14
6.49872e-09
-5.80971e-14
6.49875e-09
-6.02625e-14
6.49878e-09
-5.96772e-14
6.49881e-09
-6.25828e-14
6.49885e-09
-6.15856e-14
6.49888e-09
-6.5555e-14
6.49891e-09
-6.40336e-14
6.49895e-09
-6.95595e-14
6.49898e-09
-6.74195e-14
6.49902e-09
-7.52638e-14
6.49906e-09
-7.24877e-14
6.4991e-09
-8.3856e-14
6.49915e-09
-8.06162e-14
6.49919e-09
-9.74428e-14
6.49925e-09
-9.43189e-14
6.49931e-09
-1.19748e-13
6.49937e-09
-1.18123e-13
6.49945e-09
-1.57313e-13
6.49954e-09
-1.60084e-13
6.49965e-09
-2.2155e-13
6.49978e-09
-2.34369e-13
6.49995e-09
-3.32207e-13
6.50015e-09
-3.65607e-13
6.50042e-09
-5.23145e-13
6.50074e-09
-5.96124e-13
6.50119e-09
-8.51878e-13
6.50173e-09
-9.97825e-13
6.50247e-09
-1.41509e-12
6.50339e-09
-1.69142e-12
6.50464e-09
-2.37353e-12
6.50621e-09
-2.87709e-12
6.50831e-09
-3.99143e-12
6.51097e-09
-4.88261e-12
6.51451e-09
-6.69777e-12
6.519e-09
-8.23765e-12
6.52493e-09
-1.11802e-11
6.53244e-09
-1.37864e-11
6.5423e-09
-1.85265e-11
6.55474e-09
-2.28563e-11
6.57098e-09
-3.0436e-11
6.59142e-09
-3.7509e-11
6.61791e-09
-4.95382e-11
6.65113e-09
-6.09221e-11
6.69394e-09
-7.98892e-11
6.74743e-09
-9.79988e-11
6.81605e-09
-1.27802e-10
6.90153e-09
-1.56405e-10
7.01089e-09
-2.03289e-10
7.14673e-09
-2.48241e-10
7.32029e-09
-3.22129e-10
7.5346e-09
-3.9132e-10
7.80712e-09
-5.05367e-10
8.13642e-09
-6.01169e-10
8.54463e-09
-7.57488e-10
9.00379e-09
-8.38451e-10
9.52635e-09
-9.7231e-10
1.00078e-08
-8.7676e-10
-8.34832e-10
1.0455e-08
1.73875e-08
1.61588e-09
-1.81563e-08
1.65635e-08
1.69648e-09
1.56765e-08
1.86001e-09
1.48918e-08
1.61953e-09
1.41961e-08
1.45508e-09
1.3631e-08
1.16626e-09
1.31656e-08
9.72878e-10
1.27975e-08
7.60162e-10
1.25014e-08
6.19699e-10
1.22684e-08
4.81735e-10
1.20823e-08
3.90191e-10
1.19362e-08
3.02855e-10
1.18198e-08
2.44594e-10
1.17287e-08
1.89273e-10
1.16564e-08
1.52438e-10
1.15999e-08
1.1737e-10
1.15553e-08
9.42577e-11
1.15207e-08
7.2109e-11
1.14935e-08
5.77702e-11
1.14724e-08
4.38741e-11
1.14559e-08
3.51012e-11
1.14432e-08
2.64498e-11
1.14333e-08
2.11649e-11
1.14257e-08
1.58188e-11
1.14198e-08
1.26884e-11
1.14153e-08
9.40642e-12
1.14117e-08
7.58646e-12
1.1409e-08
5.5821e-12
1.14069e-08
4.54633e-12
1.14053e-08
3.32652e-12
1.1404e-08
2.75189e-12
1.14031e-08
2.01059e-12
1.14023e-08
1.70192e-12
1.14017e-08
1.25094e-12
1.14011e-08
1.09226e-12
1.14007e-08
8.16816e-13
1.14004e-08
7.40442e-13
1.14001e-08
5.71023e-13
1.13999e-08
5.38226e-13
1.13996e-08
4.32922e-13
1.13994e-08
4.22043e-13
1.13993e-08
3.55669e-13
1.13991e-08
3.54936e-13
1.13989e-08
3.12358e-13
1.13988e-08
3.15611e-13
1.13986e-08
2.87717e-13
1.13985e-08
2.91908e-13
1.13983e-08
2.73177e-13
1.13982e-08
2.7693e-13
1.13981e-08
2.63989e-13
1.13979e-08
2.66792e-13
1.13978e-08
2.57556e-13
1.13977e-08
2.59319e-13
1.13975e-08
2.52481e-13
1.13974e-08
2.53299e-13
1.13973e-08
2.48028e-13
1.13972e-08
2.48059e-13
1.1397e-08
2.43816e-13
1.13969e-08
2.43225e-13
1.13968e-08
2.39658e-13
1.13967e-08
2.38588e-13
1.13966e-08
2.35465e-13
1.13964e-08
2.34035e-13
1.13963e-08
2.312e-13
1.13962e-08
2.29503e-13
1.13961e-08
2.26853e-13
1.1396e-08
2.2496e-13
1.13959e-08
2.22427e-13
1.13958e-08
2.20394e-13
1.13957e-08
2.17932e-13
1.13956e-08
2.15796e-13
1.13954e-08
2.13375e-13
1.13953e-08
2.11166e-13
1.13952e-08
2.08768e-13
1.13951e-08
2.06506e-13
1.1395e-08
2.04122e-13
1.13949e-08
2.01824e-13
1.13948e-08
1.99447e-13
1.13947e-08
1.97125e-13
1.13946e-08
1.94755e-13
1.13945e-08
1.9242e-13
1.13944e-08
1.90056e-13
1.13943e-08
1.87719e-13
1.13943e-08
1.85368e-13
1.13942e-08
1.83038e-13
1.13941e-08
1.80704e-13
1.1394e-08
1.78389e-13
1.13939e-08
1.76078e-13
1.13938e-08
1.73786e-13
1.13937e-08
1.71503e-13
1.13936e-08
1.69239e-13
1.13936e-08
1.66987e-13
1.13935e-08
1.64755e-13
1.13934e-08
1.62536e-13
1.13933e-08
1.60334e-13
1.13932e-08
1.5814e-13
1.13932e-08
1.55955e-13
1.13931e-08
1.5377e-13
1.1393e-08
1.51591e-13
1.13929e-08
1.49419e-13
1.13929e-08
1.47278e-13
1.13928e-08
1.45167e-13
1.13927e-08
1.43103e-13
1.13927e-08
1.41073e-13
1.13926e-08
1.39074e-13
1.13925e-08
1.37099e-13
1.13924e-08
1.35148e-13
1.13924e-08
1.3323e-13
1.13923e-08
1.31342e-13
1.13923e-08
1.29491e-13
1.13922e-08
1.27666e-13
1.13921e-08
1.25871e-13
1.13921e-08
1.24095e-13
1.1392e-08
1.22346e-13
1.13919e-08
1.20611e-13
1.13919e-08
1.18896e-13
1.13918e-08
1.1719e-13
1.13918e-08
1.15491e-13
1.13917e-08
1.13786e-13
1.13917e-08
1.12067e-13
1.13916e-08
1.10314e-13
1.13916e-08
1.0851e-13
1.13915e-08
1.06627e-13
1.13914e-08
1.04631e-13
1.13914e-08
1.0248e-13
1.13913e-08
1.00122e-13
1.13913e-08
9.74981e-14
1.13913e-08
9.4536e-14
1.13912e-08
9.11577e-14
1.13912e-08
8.72622e-14
1.13911e-08
8.2666e-14
1.13911e-08
7.69472e-14
1.1391e-08
6.86789e-14
1.1391e-08
5.4805e-14
1.1391e-08
2.93692e-14
1.1391e-08
-4.05703e-15
1.1391e-08
-2.95265e-14
1.1391e-08
-4.33604e-14
1.13911e-08
-5.15222e-14
1.13911e-08
-5.70667e-14
1.13911e-08
-6.14217e-14
1.13912e-08
-6.50096e-14
1.13912e-08
-6.80163e-14
1.13912e-08
-7.05443e-14
1.13913e-08
-7.26725e-14
1.13913e-08
-7.44743e-14
1.13913e-08
-7.60096e-14
1.13914e-08
-7.73319e-14
1.13914e-08
-7.84836e-14
1.13914e-08
-7.9499e-14
1.13915e-08
-8.04068e-14
1.13915e-08
-8.12266e-14
1.13916e-08
-8.19777e-14
1.13916e-08
-8.26703e-14
1.13916e-08
-8.33181e-14
1.13917e-08
-8.39255e-14
1.13917e-08
-8.45034e-14
1.13918e-08
-8.50528e-14
1.13918e-08
-8.55829e-14
1.13918e-08
-8.60926e-14
1.13919e-08
-8.65892e-14
1.13919e-08
-8.70691e-14
1.1392e-08
-8.75372e-14
1.1392e-08
-8.79881e-14
1.13921e-08
-8.84253e-14
1.13921e-08
-8.88438e-14
1.13921e-08
-8.92477e-14
1.13922e-08
-8.96357e-14
1.13922e-08
-9.00143e-14
1.13923e-08
-9.03835e-14
1.13923e-08
-9.0751e-14
1.13924e-08
-9.11144e-14
1.13924e-08
-9.14787e-14
1.13924e-08
-9.18401e-14
1.13925e-08
-9.21994e-14
1.13925e-08
-9.25539e-14
1.13926e-08
-9.29045e-14
1.13926e-08
-9.32517e-14
1.13927e-08
-9.35964e-14
1.13927e-08
-9.39412e-14
1.13928e-08
-9.42859e-14
1.13928e-08
-9.4635e-14
1.13928e-08
-9.49857e-14
1.13929e-08
-9.53462e-14
1.13929e-08
-9.5709e-14
1.1393e-08
-9.60875e-14
1.1393e-08
-9.64679e-14
1.13931e-08
-9.68719e-14
1.13931e-08
-9.72751e-14
1.13932e-08
-9.77131e-14
1.13932e-08
-9.81446e-14
1.13933e-08
-9.86266e-14
1.13933e-08
-9.90912e-14
1.13933e-08
-9.96291e-14
1.13934e-08
-1.00132e-13
1.13934e-08
-1.0074e-13
1.13935e-08
-1.01281e-13
1.13935e-08
-1.01975e-13
1.13936e-08
-1.02554e-13
1.13936e-08
-1.03354e-13
1.13937e-08
-1.03964e-13
1.13937e-08
-1.04897e-13
1.13938e-08
-1.0553e-13
1.13938e-08
-1.06633e-13
1.13939e-08
-1.07269e-13
1.13939e-08
-1.08592e-13
1.1394e-08
-1.09206e-13
1.1394e-08
-1.10817e-13
1.13941e-08
-1.1137e-13
1.13941e-08
-1.13365e-13
1.13942e-08
-1.138e-13
1.13942e-08
-1.16315e-13
1.13943e-08
-1.16564e-13
1.13944e-08
-1.19801e-13
1.13944e-08
-1.19784e-13
1.13945e-08
-1.24045e-13
1.13945e-08
-1.23684e-13
1.13946e-08
-1.29434e-13
1.13946e-08
-1.28685e-13
1.13947e-08
-1.36649e-13
1.13948e-08
-1.35566e-13
1.13948e-08
-1.46899e-13
1.13949e-08
-1.45771e-13
1.1395e-08
-1.62353e-13
1.13951e-08
-1.61953e-13
1.13951e-08
-1.86882e-13
1.13952e-08
-1.88933e-13
1.13953e-08
-2.27368e-13
1.13954e-08
-2.35371e-13
1.13956e-08
-2.95955e-13
1.13957e-08
-3.16658e-13
1.13959e-08
-4.13915e-13
1.13961e-08
-4.59847e-13
1.13964e-08
-6.18184e-13
1.13968e-08
-7.11967e-13
1.13972e-08
-9.723e-13
1.13977e-08
-1.1539e-12
1.13985e-08
-1.5845e-12
1.13994e-08
-1.92315e-12
1.14006e-08
-2.63722e-12
1.14022e-08
-3.25087e-12
1.14042e-08
-4.43461e-12
1.14069e-08
-5.52091e-12
1.14103e-08
-7.47782e-12
1.14148e-08
-9.36289e-12
1.14207e-08
-1.25826e-11
1.14282e-08
-1.57961e-11
1.14381e-08
-2.10597e-11
1.14508e-08
-2.64489e-11
1.14672e-08
-3.49881e-11
1.14883e-08
-4.38876e-11
1.15154e-08
-5.76246e-11
1.155e-08
-7.21098e-11
1.15945e-08
-9.40222e-11
1.16509e-08
-1.17295e-10
1.1723e-08
-1.51999e-10
1.1814e-08
-1.89008e-10
1.19299e-08
-2.43753e-10
1.20757e-08
-3.0223e-10
1.22611e-08
-3.88635e-10
1.24934e-08
-4.80586e-10
1.27883e-08
-6.17043e-10
1.31557e-08
-7.58659e-10
1.36193e-08
-9.69044e-10
1.41842e-08
-1.16607e-09
1.48783e-08
-1.45159e-09
1.56657e-08
-1.62589e-09
1.65518e-08
-1.85842e-09
1.7379e-08
-1.70393e-09
-1.59157e-09
1.81357e-08
2.8628e-08
2.85017e-09
-2.98623e-08
2.72894e-08
3.03504e-09
2.58635e-08
3.28593e-09
2.45921e-08
2.89092e-09
2.34722e-08
2.57492e-09
2.25573e-08
2.08114e-09
2.18082e-08
1.722e-09
2.12131e-08
1.35526e-09
2.07373e-08
1.09545e-09
2.03617e-08
8.57335e-10
2.00637e-08
6.88197e-10
1.98287e-08
5.37781e-10
1.96431e-08
4.30259e-10
1.9497e-08
3.35326e-10
1.9382e-08
2.67416e-10
1.92919e-08
2.07499e-10
1.92212e-08
1.64904e-10
1.91661e-08
1.27244e-10
1.9123e-08
1.00797e-10
1.90896e-08
7.72975e-11
1.90636e-08
6.10791e-11
1.90435e-08
4.65399e-11
1.90279e-08
3.67283e-11
1.90159e-08
2.78091e-11
1.90066e-08
2.19581e-11
1.89995e-08
1.65294e-11
1.8994e-08
1.3093e-11
1.89898e-08
9.81143e-12
1.89865e-08
7.82614e-12
1.89839e-08
5.85323e-12
1.89819e-08
4.72709e-12
1.89804e-08
3.54537e-12
1.89792e-08
2.9199e-12
1.89782e-08
2.21317e-12
1.89774e-08
1.87445e-12
1.89768e-08
1.45132e-12
1.89762e-08
1.27364e-12
1.89758e-08
1.01922e-12
1.89754e-08
9.29901e-13
1.8975e-08
7.75659e-13
1.89747e-08
7.33406e-13
1.89744e-08
6.38699e-13
1.89741e-08
6.20515e-13
1.89739e-08
5.613e-13
1.89736e-08
5.54695e-13
1.89734e-08
5.16765e-13
1.89731e-08
5.15163e-13
1.89729e-08
4.90103e-13
1.89727e-08
4.90192e-13
1.89725e-08
4.7299e-13
1.89723e-08
4.73211e-13
1.89721e-08
4.60862e-13
1.89718e-08
4.60569e-13
1.89716e-08
4.51249e-13
1.89714e-08
4.50248e-13
1.89712e-08
4.42837e-13
1.8971e-08
4.41141e-13
1.89708e-08
4.34939e-13
1.89706e-08
4.32641e-13
1.89704e-08
4.27206e-13
1.89702e-08
4.24419e-13
1.89701e-08
4.19469e-13
1.89699e-08
4.163e-13
1.89697e-08
4.11652e-13
1.89695e-08
4.08191e-13
1.89693e-08
4.03727e-13
1.89691e-08
4.00047e-13
1.89689e-08
3.95693e-13
1.89688e-08
3.91853e-13
1.89686e-08
3.87562e-13
1.89684e-08
3.83603e-13
1.89682e-08
3.79344e-13
1.89681e-08
3.75298e-13
1.89679e-08
3.71056e-13
1.89677e-08
3.66948e-13
1.89676e-08
3.62714e-13
1.89674e-08
3.58566e-13
1.89672e-08
3.54337e-13
1.89671e-08
3.50165e-13
1.89669e-08
3.45943e-13
1.89668e-08
3.4176e-13
1.89666e-08
3.37551e-13
1.89665e-08
3.33375e-13
1.89663e-08
3.2919e-13
1.89662e-08
3.25033e-13
1.8966e-08
3.20882e-13
1.89659e-08
3.1676e-13
1.89657e-08
3.12652e-13
1.89656e-08
3.08576e-13
1.89655e-08
3.04521e-13
1.89653e-08
3.005e-13
1.89652e-08
2.96506e-13
1.89651e-08
2.92545e-13
1.89649e-08
2.88612e-13
1.89648e-08
2.84708e-13
1.89647e-08
2.80824e-13
1.89646e-08
2.76955e-13
1.89644e-08
2.73088e-13
1.89643e-08
2.69232e-13
1.89642e-08
2.65386e-13
1.89641e-08
2.6159e-13
1.8964e-08
2.57848e-13
1.89638e-08
2.54189e-13
1.89637e-08
2.50592e-13
1.89636e-08
2.47055e-13
1.89635e-08
2.43565e-13
1.89634e-08
2.4012e-13
1.89633e-08
2.36736e-13
1.89632e-08
2.33405e-13
1.89631e-08
2.30138e-13
1.8963e-08
2.26918e-13
1.89629e-08
2.2375e-13
1.89628e-08
2.20619e-13
1.89627e-08
2.17531e-13
1.89626e-08
2.14472e-13
1.89625e-08
2.11446e-13
1.89624e-08
2.08436e-13
1.89623e-08
2.05438e-13
1.89622e-08
2.02431e-13
1.89621e-08
1.99398e-13
1.8962e-08
1.96307e-13
1.8962e-08
1.93126e-13
1.89619e-08
1.89803e-13
1.89618e-08
1.86282e-13
1.89617e-08
1.82485e-13
1.89616e-08
1.78323e-13
1.89615e-08
1.73686e-13
1.89615e-08
1.68446e-13
1.89614e-08
1.62459e-13
1.89613e-08
1.55539e-13
1.89613e-08
1.47339e-13
1.89612e-08
1.37082e-13
1.89611e-08
1.22194e-13
1.89611e-08
9.71719e-14
1.89611e-08
5.11287e-14
1.89611e-08
-9.46379e-15
1.89611e-08
-5.55562e-14
1.89611e-08
-8.05035e-14
1.89612e-08
-9.52044e-14
1.89612e-08
-1.05161e-13
1.89613e-08
-1.12947e-13
1.89613e-08
-1.19341e-13
1.89614e-08
-1.24694e-13
1.89614e-08
-1.29193e-13
1.89615e-08
-1.32985e-13
1.89616e-08
-1.362e-13
1.89616e-08
-1.38948e-13
1.89617e-08
-1.41321e-13
1.89617e-08
-1.43396e-13
1.89618e-08
-1.45234e-13
1.89619e-08
-1.46885e-13
1.89619e-08
-1.48384e-13
1.8962e-08
-1.49764e-13
1.89621e-08
-1.51044e-13
1.89621e-08
-1.52246e-13
1.89622e-08
-1.53381e-13
1.89623e-08
-1.54465e-13
1.89623e-08
-1.55501e-13
1.89624e-08
-1.56505e-13
1.89625e-08
-1.57475e-13
1.89626e-08
-1.58423e-13
1.89626e-08
-1.59343e-13
1.89627e-08
-1.60244e-13
1.89628e-08
-1.61116e-13
1.89628e-08
-1.61964e-13
1.89629e-08
-1.62782e-13
1.8963e-08
-1.63574e-13
1.8963e-08
-1.6434e-13
1.89631e-08
-1.65089e-13
1.89632e-08
-1.65824e-13
1.89633e-08
-1.66557e-13
1.89633e-08
-1.67282e-13
1.89634e-08
-1.68009e-13
1.89635e-08
-1.68731e-13
1.89636e-08
-1.6945e-13
1.89636e-08
-1.70159e-13
1.89637e-08
-1.70862e-13
1.89638e-08
-1.71557e-13
1.89639e-08
-1.72249e-13
1.89639e-08
-1.72939e-13
1.8964e-08
-1.7363e-13
1.89641e-08
-1.74326e-13
1.89642e-08
-1.75027e-13
1.89642e-08
-1.7574e-13
1.89643e-08
-1.76462e-13
1.89644e-08
-1.77205e-13
1.89645e-08
-1.77957e-13
1.89645e-08
-1.7874e-13
1.89646e-08
-1.79533e-13
1.89647e-08
-1.80371e-13
1.89648e-08
-1.81215e-13
1.89649e-08
-1.82122e-13
1.89649e-08
-1.83028e-13
1.8965e-08
-1.84024e-13
1.89651e-08
-1.85003e-13
1.89652e-08
-1.86109e-13
1.89653e-08
-1.87166e-13
1.89653e-08
-1.88401e-13
1.89654e-08
-1.8954e-13
1.89655e-08
-1.90934e-13
1.89656e-08
-1.92157e-13
1.89657e-08
-1.93743e-13
1.89657e-08
-1.95046e-13
1.89658e-08
-1.96873e-13
1.89659e-08
-1.98245e-13
1.8966e-08
-2.00374e-13
1.89661e-08
-2.01798e-13
1.89662e-08
-2.04315e-13
1.89663e-08
-2.05762e-13
1.89663e-08
-2.08787e-13
1.89664e-08
-2.10215e-13
1.89665e-08
-2.13918e-13
1.89666e-08
-2.15284e-13
1.89667e-08
-2.19925e-13
1.89668e-08
-2.21194e-13
1.89669e-08
-2.2717e-13
1.8967e-08
-2.28351e-13
1.89671e-08
-2.3629e-13
1.89672e-08
-2.37503e-13
1.89673e-08
-2.48419e-13
1.89674e-08
-2.5003e-13
1.89675e-08
-2.65588e-13
1.89676e-08
-2.68469e-13
1.89678e-08
-2.91457e-13
1.89679e-08
-2.97466e-13
1.8968e-08
-3.32597e-13
1.89682e-08
-3.45442e-13
1.89683e-08
-4.00739e-13
1.89685e-08
-4.27517e-13
1.89687e-08
-5.16676e-13
1.8969e-08
-5.70554e-13
1.89693e-08
-7.1695e-13
1.89696e-08
-8.21793e-13
1.89701e-08
-1.06522e-12
1.89706e-08
-1.26344e-12
1.89713e-08
-1.67131e-12
1.89722e-08
-2.03702e-12
1.89733e-08
-2.72286e-12
1.89747e-08
-3.38358e-12
1.89766e-08
-4.53702e-12
1.89791e-08
-5.70893e-12
1.89823e-08
-7.64394e-12
1.89864e-08
-9.68838e-12
1.89919e-08
-1.29196e-11
1.89989e-08
-1.64319e-11
1.90081e-08
-2.17936e-11
1.90201e-08
-2.7741e-11
1.90356e-08
-3.65699e-11
1.90556e-08
-4.65007e-11
1.90815e-08
-6.09132e-11
1.91149e-08
-7.72716e-11
1.91578e-08
-1.00583e-10
1.92129e-08
-1.27181e-10
1.92834e-08
-1.64544e-10
1.93734e-08
-2.07286e-10
1.94881e-08
-2.66718e-10
1.96338e-08
-3.34757e-10
1.9819e-08
-4.2888e-10
2.00533e-08
-5.3655e-10
2.03502e-08
-6.85603e-10
2.07248e-08
-8.55146e-10
2.11987e-08
-1.09099e-09
2.17924e-08
-1.35239e-09
2.25389e-08
-1.71557e-09
2.34533e-08
-2.08047e-09
2.45708e-08
-2.56911e-09
2.5846e-08
-2.90109e-09
2.72703e-08
-3.28273e-09
2.86129e-08
-3.04657e-09
-2.80646e-09
2.98278e-08
4.53402e-08
4.7574e-09
-4.72475e-08
4.32522e-08
5.123e-09
4.10475e-08
5.49059e-09
3.9072e-08
4.86646e-09
3.73415e-08
4.30536e-09
3.59233e-08
3.49932e-09
3.47672e-08
2.87807e-09
3.3847e-08
2.27541e-09
3.31147e-08
1.82781e-09
3.25358e-08
1.43618e-09
3.20787e-08
1.14531e-09
3.1718e-08
8.98443e-10
3.14343e-08
7.13906e-10
3.1211e-08
5.58668e-10
3.1036e-08
4.42354e-10
3.08987e-08
3.44803e-10
3.07916e-08
2.71964e-10
3.07079e-08
2.10944e-10
3.06429e-08
1.65753e-10
3.05923e-08
1.27875e-10
3.05532e-08
1.00153e-10
3.05229e-08
7.68531e-11
3.04996e-08
6.00556e-11
3.04815e-08
4.58554e-11
3.04676e-08
3.58062e-11
3.04569e-08
2.72285e-11
3.04487e-08
2.12949e-11
3.04423e-08
1.61557e-11
3.04374e-08
1.26995e-11
3.04336e-08
9.64219e-12
3.04307e-08
7.65761e-12
3.04284e-08
5.8493e-12
3.04265e-08
4.72698e-12
3.04251e-08
3.66167e-12
3.04239e-08
3.03743e-12
3.04229e-08
2.41092e-12
3.04221e-08
2.07002e-12
3.04214e-08
1.7011e-12
3.04208e-08
1.51869e-12
3.04203e-08
1.3003e-12
3.04198e-08
1.20481e-12
3.04193e-08
1.07414e-12
3.04189e-08
1.02519e-12
3.04185e-08
9.45601e-13
3.04181e-08
9.20796e-13
3.04178e-08
8.71001e-13
3.04174e-08
8.5818e-13
3.04171e-08
8.2582e-13
3.04167e-08
8.18539e-13
3.04164e-08
7.96437e-13
3.04161e-08
7.91397e-13
3.04157e-08
7.75371e-13
3.04154e-08
7.70963e-13
3.04151e-08
7.58563e-13
3.04148e-08
7.54063e-13
3.04144e-08
7.4384e-13
3.04141e-08
7.38972e-13
3.04138e-08
7.30058e-13
3.04135e-08
7.24758e-13
3.04132e-08
7.1663e-13
3.04129e-08
7.10924e-13
3.04126e-08
7.03262e-13
3.04123e-08
6.97211e-13
3.0412e-08
6.89819e-13
3.04118e-08
6.83488e-13
3.04115e-08
6.76247e-13
3.04112e-08
6.69697e-13
3.04109e-08
6.62536e-13
3.04106e-08
6.55822e-13
3.04104e-08
6.48698e-13
3.04101e-08
6.41859e-13
3.04098e-08
6.34749e-13
3.04096e-08
6.27819e-13
3.04093e-08
6.20711e-13
3.04091e-08
6.13718e-13
3.04088e-08
6.06613e-13
3.04086e-08
5.99582e-13
3.04083e-08
5.92482e-13
3.04081e-08
5.85434e-13
3.04078e-08
5.78347e-13
3.04076e-08
5.713e-13
3.04073e-08
5.64239e-13
3.04071e-08
5.57217e-13
3.04069e-08
5.50202e-13
3.04067e-08
5.43227e-13
3.04064e-08
5.36274e-13
3.04062e-08
5.29366e-13
3.0406e-08
5.22494e-13
3.04058e-08
5.15673e-13
3.04056e-08
5.08897e-13
3.04054e-08
5.02176e-13
3.04052e-08
4.95507e-13
3.0405e-08
4.88895e-13
3.04048e-08
4.82335e-13
3.04046e-08
4.75827e-13
3.04044e-08
4.69357e-13
3.04042e-08
4.62913e-13
3.0404e-08
4.56479e-13
3.04038e-08
4.50055e-13
3.04036e-08
4.43647e-13
3.04034e-08
4.37315e-13
3.04032e-08
4.31071e-13
3.04031e-08
4.24963e-13
3.04029e-08
4.18966e-13
3.04027e-08
4.13076e-13
3.04026e-08
4.07275e-13
3.04024e-08
4.01557e-13
3.04022e-08
3.95939e-13
3.04021e-08
3.90414e-13
3.04019e-08
3.84992e-13
3.04017e-08
3.7965e-13
3.04016e-08
3.74391e-13
3.04014e-08
3.69195e-13
3.04013e-08
3.64068e-13
3.04011e-08
3.58993e-13
3.0401e-08
3.5397e-13
3.04009e-08
3.48976e-13
3.04007e-08
3.44002e-13
3.04006e-08
3.39013e-13
3.04004e-08
3.33981e-13
3.04003e-08
3.28853e-13
3.04002e-08
3.23574e-13
3.04e-08
3.1806e-13
3.03999e-08
3.12215e-13
3.03998e-08
3.05911e-13
3.03996e-08
2.98993e-13
3.03995e-08
2.9128e-13
3.03994e-08
2.82552e-13
3.03993e-08
2.72558e-13
3.03992e-08
2.60968e-13
3.03991e-08
2.47169e-13
3.0399e-08
2.29802e-13
3.03989e-08
2.04501e-13
3.03988e-08
1.61957e-13
3.03988e-08
8.35633e-14
3.03988e-08
-1.96584e-14
3.03989e-08
-9.81165e-14
3.03989e-08
-1.40527e-13
3.0399e-08
-1.65521e-13
3.03991e-08
-1.82402e-13
3.03991e-08
-1.95536e-13
3.03992e-08
-2.06282e-13
3.03993e-08
-2.15263e-13
3.03994e-08
-2.22807e-13
3.03995e-08
-2.29172e-13
3.03996e-08
-2.34578e-13
3.03997e-08
-2.39209e-13
3.03998e-08
-2.43223e-13
3.03999e-08
-2.46746e-13
3.04e-08
-2.49881e-13
3.04001e-08
-2.5271e-13
3.04002e-08
-2.55292e-13
3.04003e-08
-2.57681e-13
3.04004e-08
-2.5991e-13
3.04005e-08
-2.62014e-13
3.04006e-08
-2.64011e-13
3.04007e-08
-2.65925e-13
3.04008e-08
-2.67767e-13
3.04009e-08
-2.69555e-13
3.0401e-08
-2.71293e-13
3.04012e-08
-2.72995e-13
3.04013e-08
-2.74657e-13
3.04014e-08
-2.76285e-13
3.04015e-08
-2.77871e-13
3.04016e-08
-2.79417e-13
3.04017e-08
-2.80916e-13
3.04018e-08
-2.82374e-13
3.04019e-08
-2.83792e-13
3.04021e-08
-2.85183e-13
3.04022e-08
-2.86554e-13
3.04023e-08
-2.8792e-13
3.04024e-08
-2.89276e-13
3.04025e-08
-2.90635e-13
3.04026e-08
-2.91987e-13
3.04028e-08
-2.93331e-13
3.04029e-08
-2.94659e-13
3.0403e-08
-2.95976e-13
3.04031e-08
-2.9728e-13
3.04032e-08
-2.98577e-13
3.04034e-08
-2.99871e-13
3.04035e-08
-3.01165e-13
3.04036e-08
-3.02465e-13
3.04037e-08
-3.03774e-13
3.04039e-08
-3.05101e-13
3.0404e-08
-3.06442e-13
3.04041e-08
-3.07811e-13
3.04042e-08
-3.09202e-13
3.04043e-08
-3.10633e-13
3.04045e-08
-3.12089e-13
3.04046e-08
-3.13603e-13
3.04047e-08
-3.15144e-13
3.04049e-08
-3.16763e-13
3.0405e-08
-3.18407e-13
3.04051e-08
-3.20159e-13
3.04052e-08
-3.21927e-13
3.04054e-08
-3.23841e-13
3.04055e-08
-3.25748e-13
3.04056e-08
-3.27852e-13
3.04058e-08
-3.29913e-13
3.04059e-08
-3.32242e-13
3.0406e-08
-3.34469e-13
3.04062e-08
-3.3707e-13
3.04063e-08
-3.39472e-13
3.04064e-08
-3.42402e-13
3.04066e-08
-3.44986e-13
3.04067e-08
-3.48318e-13
3.04068e-08
-3.51085e-13
3.0407e-08
-3.54921e-13
3.04071e-08
-3.57872e-13
3.04073e-08
-3.62353e-13
3.04074e-08
-3.65483e-13
3.04075e-08
-3.70812e-13
3.04077e-08
-3.74136e-13
3.04078e-08
-3.80629e-13
3.0408e-08
-3.84211e-13
3.04082e-08
-3.9237e-13
3.04083e-08
-3.96388e-13
3.04085e-08
-4.07028e-13
3.04086e-08
-4.119e-13
3.04088e-08
-4.26387e-13
3.0409e-08
-4.33017e-13
3.04091e-08
-4.53666e-13
3.04093e-08
-4.63893e-13
3.04095e-08
-4.94694e-13
3.04097e-08
-5.12122e-13
3.04099e-08
-5.59983e-13
3.04102e-08
-5.91457e-13
3.04104e-08
-6.68375e-13
3.04107e-08
-7.26591e-13
3.0411e-08
-8.53385e-13
3.04114e-08
-9.61428e-13
3.04118e-08
-1.17412e-12
3.04124e-08
-1.37326e-12
3.0413e-08
-1.73384e-12
3.04138e-08
-2.09681e-12
3.04149e-08
-2.71129e-12
3.04162e-08
-3.36441e-12
3.04179e-08
-4.41269e-12
3.042e-08
-5.57255e-12
3.04228e-08
-7.35717e-12
3.04265e-08
-9.39028e-12
3.04313e-08
-1.2415e-11
3.04375e-08
-1.59336e-11
3.04456e-08
-2.10286e-11
3.04562e-08
-2.70418e-11
3.04699e-08
-3.5559e-11
3.04879e-08
-4.57081e-11
3.05111e-08
-5.98235e-11
3.05413e-08
-7.67413e-11
3.05803e-08
-9.99151e-11
3.06308e-08
-1.2777e-10
3.06956e-08
-1.65444e-10
3.07792e-08
-2.10759e-10
3.08861e-08
-2.71429e-10
3.10231e-08
-3.44349e-10
3.11977e-08
-4.41282e-10
3.14205e-08
-5.57599e-10
3.17033e-08
-7.11745e-10
3.2063e-08
-8.96246e-10
3.25186e-08
-1.1412e-09
3.30958e-08
-1.43234e-09
3.38255e-08
-1.82071e-09
3.47434e-08
-2.27037e-09
3.58957e-08
-2.86787e-09
3.73129e-08
-3.49764e-09
3.90399e-08
-4.29617e-09
4.10202e-08
-4.88144e-09
4.3222e-08
-5.48457e-09
4.53147e-08
-5.13925e-09
-4.6844e-09
4.71926e-08
6.95195e-08
7.61622e-09
-7.23783e-08
6.63647e-08
8.27779e-09
6.30613e-08
8.79394e-09
6.0095e-08
7.8327e-09
5.75122e-08
6.88819e-09
5.53938e-08
5.61765e-09
5.36742e-08
4.59761e-09
5.23054e-08
3.64418e-09
5.122e-08
2.91318e-09
5.03625e-08
2.29364e-09
4.96879e-08
1.81992e-09
4.9156e-08
1.43031e-09
4.87393e-08
1.1306e-09
4.84114e-08
8.86528e-10
4.81556e-08
6.98157e-10
4.79549e-08
5.45476e-10
4.7799e-08
4.2781e-10
4.76771e-08
3.32768e-10
4.7583e-08
2.59904e-10
4.75096e-08
2.01209e-10
4.74532e-08
1.56561e-10
4.74093e-08
1.20653e-10
4.73758e-08
9.36026e-11
4.73497e-08
7.18502e-11
4.73299e-08
5.56509e-11
4.73145e-08
4.26002e-11
4.73027e-08
3.30118e-11
4.72936e-08
2.52534e-11
4.72866e-08
1.96442e-11
4.72812e-08
1.50709e-11
4.7277e-08
1.18279e-11
4.72737e-08
9.15214e-12
4.72711e-08
7.2991e-12
4.72689e-08
5.74323e-12
4.72673e-08
4.69677e-12
4.72659e-08
3.79599e-12
4.72647e-08
3.21174e-12
4.72637e-08
2.69113e-12
4.72628e-08
2.3683e-12
4.7262e-08
2.06677e-12
4.72613e-08
1.88972e-12
4.72606e-08
1.71367e-12
4.726e-08
1.61665e-12
4.72594e-08
1.51212e-12
4.72589e-08
1.45823e-12
4.72583e-08
1.39433e-12
4.72578e-08
1.36316e-12
4.72573e-08
1.32228e-12
4.72568e-08
1.30272e-12
4.72563e-08
1.27486e-12
4.72558e-08
1.26099e-12
4.72553e-08
1.24048e-12
4.72548e-08
1.22919e-12
4.72543e-08
1.21284e-12
4.72539e-08
1.20257e-12
4.72534e-08
1.18856e-12
4.7253e-08
1.17855e-12
4.72525e-08
1.16584e-12
4.72521e-08
1.15576e-12
4.72516e-08
1.14376e-12
4.72512e-08
1.13348e-12
4.72507e-08
1.12186e-12
4.72503e-08
1.11135e-12
4.72499e-08
1.09991e-12
4.72494e-08
1.08918e-12
4.7249e-08
1.07781e-12
4.72486e-08
1.0669e-12
4.72482e-08
1.05556e-12
4.72478e-08
1.0445e-12
4.72474e-08
1.03316e-12
4.7247e-08
1.02198e-12
4.72466e-08
1.01062e-12
4.72462e-08
9.99373e-13
4.72458e-08
9.87999e-13
4.72455e-08
9.76696e-13
4.72451e-08
9.65321e-13
4.72447e-08
9.53996e-13
4.72443e-08
9.42634e-13
4.7244e-08
9.31313e-13
4.72436e-08
9.1998e-13
4.72433e-08
9.08688e-13
4.72429e-08
8.97408e-13
4.72426e-08
8.86177e-13
4.72423e-08
8.74981e-13
4.72419e-08
8.63844e-13
4.72416e-08
8.52761e-13
4.72413e-08
8.41748e-13
4.72409e-08
8.30806e-13
4.72406e-08
8.19945e-13
4.72403e-08
8.09168e-13
4.724e-08
7.98479e-13
4.72397e-08
7.87884e-13
4.72394e-08
7.77382e-13
4.72391e-08
7.66974e-13
4.72388e-08
7.56652e-13
4.72385e-08
7.46404e-13
4.72383e-08
7.36199e-13
4.7238e-08
7.26014e-13
4.72377e-08
7.15837e-13
4.72374e-08
7.05679e-13
4.72372e-08
6.95622e-13
4.72369e-08
6.85698e-13
4.72366e-08
6.75989e-13
4.72364e-08
6.66468e-13
4.72361e-08
6.57139e-13
4.72359e-08
6.47966e-13
4.72356e-08
6.38942e-13
4.72354e-08
6.30078e-13
4.72352e-08
6.21364e-13
4.72349e-08
6.12805e-13
4.72347e-08
6.04374e-13
4.72345e-08
5.9607e-13
4.72342e-08
5.87868e-13
4.7234e-08
5.79773e-13
4.72338e-08
5.71763e-13
4.72336e-08
5.63832e-13
4.72334e-08
5.55951e-13
4.72332e-08
5.48098e-13
4.7233e-08
5.40225e-13
4.72327e-08
5.32281e-13
4.72325e-08
5.24188e-13
4.72323e-08
5.15852e-13
4.72322e-08
5.07147e-13
4.7232e-08
4.97912e-13
4.72318e-08
4.87947e-13
4.72316e-08
4.77002e-13
4.72314e-08
4.64781e-13
4.72312e-08
4.50928e-13
4.72311e-08
4.35021e-13
4.72309e-08
4.16504e-13
4.72308e-08
3.94333e-13
4.72306e-08
3.66239e-13
4.72305e-08
3.2519e-13
4.72304e-08
2.56285e-13
4.72303e-08
1.29579e-13
4.72304e-08
-3.71235e-14
4.72304e-08
-1.63901e-13
4.72305e-08
-2.32583e-13
4.72306e-08
-2.73152e-13
4.72307e-08
-3.00498e-13
4.72308e-08
-3.21656e-13
4.7231e-08
-3.38893e-13
4.72311e-08
-3.53263e-13
4.72312e-08
-3.65325e-13
4.72314e-08
-3.75506e-13
4.72315e-08
-3.84165e-13
4.72317e-08
-3.91601e-13
4.72318e-08
-3.98065e-13
4.7232e-08
-4.03761e-13
4.72321e-08
-4.08851e-13
4.72323e-08
-4.13465e-13
4.72325e-08
-4.17699e-13
4.72326e-08
-4.21634e-13
4.72328e-08
-4.25326e-13
4.72329e-08
-4.28825e-13
4.72331e-08
-4.32164e-13
4.72333e-08
-4.35377e-13
4.72334e-08
-4.38484e-13
4.72336e-08
-4.4151e-13
4.72338e-08
-4.44463e-13
4.72339e-08
-4.47363e-13
4.72341e-08
-4.50205e-13
4.72343e-08
-4.52997e-13
4.72344e-08
-4.55726e-13
4.72346e-08
-4.58395e-13
4.72348e-08
-4.60994e-13
4.7235e-08
-4.63529e-13
4.72351e-08
-4.66008e-13
4.72353e-08
-4.68447e-13
4.72355e-08
-4.70858e-13
4.72357e-08
-4.73262e-13
4.72358e-08
-4.75655e-13
4.7236e-08
-4.78049e-13
4.72362e-08
-4.80431e-13
4.72364e-08
-4.82799e-13
4.72366e-08
-4.85143e-13
4.72367e-08
-4.87467e-13
4.72369e-08
-4.8977e-13
4.72371e-08
-4.92061e-13
4.72373e-08
-4.94344e-13
4.72375e-08
-4.96627e-13
4.72377e-08
-4.98917e-13
4.72379e-08
-5.0122e-13
4.7238e-08
-5.03544e-13
4.72382e-08
-5.05893e-13
4.72384e-08
-5.08279e-13
4.72386e-08
-5.10701e-13
4.72388e-08
-5.13175e-13
4.7239e-08
-5.15697e-13
4.72392e-08
-5.1829e-13
4.72394e-08
-5.20941e-13
4.72396e-08
-5.23687e-13
4.72398e-08
-5.26498e-13
4.724e-08
-5.29432e-13
4.72402e-08
-5.32438e-13
4.72404e-08
-5.35603e-13
4.72406e-08
-5.38834e-13
4.72408e-08
-5.42267e-13
4.7241e-08
-5.45752e-13
4.72412e-08
-5.49501e-13
4.72414e-08
-5.53271e-13
4.72416e-08
-5.5739e-13
4.72418e-08
-5.61478e-13
4.7242e-08
-5.66035e-13
4.72422e-08
-5.70475e-13
4.72424e-08
-5.75556e-13
4.72426e-08
-5.80385e-13
4.72428e-08
-5.86105e-13
4.72431e-08
-5.91372e-13
4.72433e-08
-5.97889e-13
4.72435e-08
-6.03659e-13
4.72437e-08
-6.11206e-13
4.72439e-08
-6.17598e-13
4.72442e-08
-6.26546e-13
4.72444e-08
-6.3379e-13
4.72446e-08
-6.44748e-13
4.72449e-08
-6.53298e-13
4.72451e-08
-6.67299e-13
4.72454e-08
-6.78046e-13
4.72456e-08
-6.96879e-13
4.72459e-08
-7.11554e-13
4.72461e-08
-7.38357e-13
4.72464e-08
-7.6026e-13
4.72467e-08
-8.00583e-13
4.7247e-08
-8.35912e-13
4.72473e-08
-8.99582e-13
4.72477e-08
-9.59796e-13
4.7248e-08
-1.06419e-12
4.72485e-08
-1.17015e-12
4.72489e-08
-1.34585e-12
4.72495e-08
-1.53507e-12
4.72501e-08
-1.83559e-12
4.72509e-08
-2.1746e-12
4.72518e-08
-2.69299e-12
4.7253e-08
-3.29842e-12
4.72545e-08
-4.19502e-12
4.72564e-08
-5.26895e-12
4.72587e-08
-6.81774e-12
4.72618e-08
-8.70616e-12
4.72658e-08
-1.13707e-11
4.72711e-08
-1.4659e-11
4.72779e-08
-1.92152e-11
4.72868e-08
-2.48819e-11
4.72983e-08
-3.26151e-11
4.73136e-08
-4.22757e-11
4.73333e-08
-5.52886e-11
4.73591e-08
-7.15763e-11
4.73925e-08
-9.32692e-11
4.74362e-08
-1.2042e-10
4.74925e-08
-1.56224e-10
4.75656e-08
-2.00968e-10
4.76596e-08
-2.59466e-10
4.77812e-08
-3.3238e-10
4.79368e-08
-4.27033e-10
4.81371e-08
-5.44638e-10
4.83923e-08
-6.96562e-10
4.87194e-08
-8.84694e-10
4.91349e-08
-1.12734e-09
4.96653e-08
-1.42666e-09
5.03378e-08
-1.81367e-09
5.11927e-08
-2.28735e-09
5.22744e-08
-2.90237e-09
5.36398e-08
-3.63585e-09
5.5354e-08
-4.58211e-09
5.74704e-08
-5.61409e-09
6.00483e-08
-6.87409e-09
6.302e-08
-7.85311e-09
6.63184e-08
-8.78307e-09
6.94782e-08
-8.29903e-09
-7.50127e-09
7.2295e-08
1.03376e-07
1.17918e-08
-1.07552e-07
9.87333e-08
1.29206e-08
9.39161e-08
1.36111e-08
8.95967e-08
1.21521e-08
8.58654e-08
1.06194e-08
8.28113e-08
8.67167e-09
8.03449e-08
7.06405e-09
7.83846e-08
5.60442e-09
7.68359e-08
4.46179e-09
7.56144e-08
3.51509e-09
7.46566e-08
2.77768e-09
7.39028e-08
2.18405e-09
7.33142e-08
1.71917e-09
7.28519e-08
1.34878e-09
7.24924e-08
1.05763e-09
7.22108e-08
8.27005e-10
7.19929e-08
6.45734e-10
7.18227e-08
5.02878e-10
7.16916e-08
3.90938e-10
7.15896e-08
3.03164e-10
7.15114e-08
2.34717e-10
7.14507e-08
1.81303e-10
7.14044e-08
1.39891e-10
7.13685e-08
1.07716e-10
7.13412e-08
8.29286e-11
7.132e-08
6.37429e-11
7.13039e-08
4.90634e-11
7.12914e-08
3.77363e-11
7.12819e-08
2.91328e-11
7.12744e-08
2.25086e-11
7.12687e-08
1.75166e-11
7.12641e-08
1.36769e-11
7.12606e-08
1.08078e-11
7.12577e-08
8.5997e-12
7.12554e-08
6.96502e-12
7.12534e-08
5.70361e-12
7.12518e-08
4.77909e-12
7.12504e-08
4.06169e-12
7.12492e-08
3.5414e-12
7.12481e-08
3.13374e-12
7.12471e-08
2.8411e-12
7.12462e-08
2.60823e-12
7.12453e-08
2.44237e-12
7.12445e-08
2.30729e-12
7.12437e-08
2.21124e-12
7.12429e-08
2.13038e-12
7.12422e-08
2.07228e-12
7.12414e-08
2.02123e-12
7.12407e-08
1.98347e-12
7.124e-08
1.94863e-12
7.12393e-08
1.92156e-12
7.12386e-08
1.89543e-12
7.1238e-08
1.87384e-12
7.12373e-08
1.85232e-12
7.12366e-08
1.83344e-12
7.1236e-08
1.81428e-12
7.12353e-08
1.79666e-12
7.12347e-08
1.77868e-12
7.12341e-08
1.76157e-12
7.12334e-08
1.74412e-12
7.12328e-08
1.72716e-12
7.12322e-08
1.70991e-12
7.12316e-08
1.69292e-12
7.1231e-08
1.67571e-12
7.12304e-08
1.65863e-12
7.12298e-08
1.64138e-12
7.12292e-08
1.6242e-12
7.12286e-08
1.60689e-12
7.12281e-08
1.5896e-12
7.12275e-08
1.57223e-12
7.12269e-08
1.55487e-12
7.12264e-08
1.53746e-12
7.12258e-08
1.52005e-12
7.12253e-08
1.50261e-12
7.12248e-08
1.48518e-12
7.12243e-08
1.46774e-12
7.12237e-08
1.45033e-12
7.12232e-08
1.43293e-12
7.12227e-08
1.41556e-12
7.12222e-08
1.39822e-12
7.12217e-08
1.38093e-12
7.12212e-08
1.3637e-12
7.12208e-08
1.34653e-12
7.12203e-08
1.32945e-12
7.12198e-08
1.31245e-12
7.12194e-08
1.29556e-12
7.12189e-08
1.27877e-12
7.12185e-08
1.26212e-12
7.1218e-08
1.24559e-12
7.12176e-08
1.2292e-12
7.12171e-08
1.21295e-12
7.12167e-08
1.19686e-12
7.12163e-08
1.18092e-12
7.12159e-08
1.16513e-12
7.12155e-08
1.14949e-12
7.12151e-08
1.13398e-12
7.12147e-08
1.11854e-12
7.12143e-08
1.10314e-12
7.12139e-08
1.08773e-12
7.12135e-08
1.07233e-12
7.12131e-08
1.05705e-12
7.12128e-08
1.04194e-12
7.12124e-08
1.02717e-12
7.1212e-08
1.0127e-12
7.12117e-08
9.98572e-13
7.12113e-08
9.84712e-13
7.1211e-08
9.71109e-13
7.12107e-08
9.5775e-13
7.12103e-08
9.44623e-13
7.121e-08
9.31714e-13
7.12097e-08
9.19e-13
7.12094e-08
9.06465e-13
7.1209e-08
8.94092e-13
7.12087e-08
8.81871e-13
7.12084e-08
8.69787e-13
7.12081e-08
8.57818e-13
7.12078e-08
8.45931e-13
7.12075e-08
8.34081e-13
7.12072e-08
8.22205e-13
7.12069e-08
8.10217e-13
7.12067e-08
7.98007e-13
7.12064e-08
7.85422e-13
7.12061e-08
7.72278e-13
7.12058e-08
7.5832e-13
7.12056e-08
7.43248e-13
7.12053e-08
7.26668e-13
7.12051e-08
7.08126e-13
7.12048e-08
6.87053e-13
7.12046e-08
6.62775e-13
7.12044e-08
6.34379e-13
7.12042e-08
6.00171e-13
7.1204e-08
5.56525e-13
7.12038e-08
4.92656e-13
7.12036e-08
3.86004e-13
7.12036e-08
1.91317e-13
7.12036e-08
-6.41057e-14
7.12037e-08
-2.58853e-13
7.12038e-08
-3.65148e-13
7.1204e-08
-4.28298e-13
7.12041e-08
-4.70845e-13
7.12043e-08
-5.03578e-13
7.12045e-08
-5.30117e-13
7.12047e-08
-5.52171e-13
7.12049e-08
-5.70656e-13
7.12051e-08
-5.86253e-13
7.12053e-08
-5.9953e-13
7.12055e-08
-6.1095e-13
7.12057e-08
-6.20905e-13
7.12059e-08
-6.29703e-13
7.12062e-08
-6.37596e-13
7.12064e-08
-6.44776e-13
7.12066e-08
-6.51397e-13
7.12068e-08
-6.57573e-13
7.12071e-08
-6.63396e-13
7.12073e-08
-6.68934e-13
7.12075e-08
-6.74244e-13
7.12078e-08
-6.79369e-13
7.1208e-08
-6.84346e-13
7.12082e-08
-6.89205e-13
7.12085e-08
-6.93967e-13
7.12087e-08
-6.98649e-13
7.1209e-08
-7.03255e-13
7.12092e-08
-7.07786e-13
7.12095e-08
-7.12232e-13
7.12097e-08
-7.16585e-13
7.121e-08
-7.20842e-13
7.12102e-08
-7.25005e-13
7.12105e-08
-7.29092e-13
7.12107e-08
-7.33122e-13
7.1211e-08
-7.37118e-13
7.12112e-08
-7.41104e-13
7.12115e-08
-7.45076e-13
7.12117e-08
-7.49046e-13
7.1212e-08
-7.52997e-13
7.12123e-08
-7.56924e-13
7.12125e-08
-7.60812e-13
7.12128e-08
-7.64667e-13
7.12131e-08
-7.6849e-13
7.12133e-08
-7.72291e-13
7.12136e-08
-7.76077e-13
7.12139e-08
-7.7986e-13
7.12141e-08
-7.83648e-13
7.12144e-08
-7.87452e-13
7.12147e-08
-7.91283e-13
7.12149e-08
-7.95149e-13
7.12152e-08
-7.99061e-13
7.12155e-08
-8.03028e-13
7.12158e-08
-8.07061e-13
7.12161e-08
-8.11169e-13
7.12163e-08
-8.15365e-13
7.12166e-08
-8.19658e-13
7.12169e-08
-8.24064e-13
7.12172e-08
-8.28589e-13
7.12175e-08
-8.33254e-13
7.12177e-08
-8.38064e-13
7.1218e-08
-8.43043e-13
7.12183e-08
-8.48188e-13
7.12186e-08
-8.53534e-13
7.12189e-08
-8.59068e-13
7.12192e-08
-8.64841e-13
7.12195e-08
-8.70821e-13
7.12198e-08
-8.77086e-13
7.12201e-08
-8.83576e-13
7.12204e-08
-8.90414e-13
7.12207e-08
-8.97493e-13
7.1221e-08
-9.05001e-13
7.12213e-08
-9.12759e-13
7.12216e-08
-9.21062e-13
7.12219e-08
-9.29621e-13
7.12222e-08
-9.38892e-13
7.12226e-08
-9.48424e-13
7.12229e-08
-9.58921e-13
7.12232e-08
-9.69702e-13
7.12235e-08
-9.8185e-13
7.12239e-08
-9.94358e-13
7.12242e-08
-1.00888e-12
7.12245e-08
-1.02397e-12
7.12249e-08
-1.04215e-12
7.12252e-08
-1.0614e-12
7.12256e-08
-1.08553e-12
7.1226e-08
-1.11184e-12
7.12263e-08
-1.14608e-12
7.12267e-08
-1.1848e-12
7.12271e-08
-1.2367e-12
7.12276e-08
-1.29764e-12
7.1228e-08
-1.3808e-12
7.12285e-08
-1.4818e-12
7.1229e-08
-1.62066e-12
7.12296e-08
-1.79386e-12
7.12303e-08
-2.03197e-12
7.12311e-08
-2.33474e-12
7.12319e-08
-2.74907e-12
7.1233e-08
-3.28272e-12
7.12343e-08
-4.00815e-12
7.12359e-08
-4.94989e-12
7.12379e-08
-6.22058e-12
7.12405e-08
-7.87711e-12
7.12437e-08
-1.00955e-11
7.1248e-08
-1.29921e-11
7.12534e-08
-1.6843e-11
7.12606e-08
-2.18692e-11
7.12698e-08
-2.85047e-11
7.12821e-08
-3.71503e-11
7.12979e-08
-4.84875e-11
7.13188e-08
-6.32177e-11
7.13459e-08
-8.24091e-11
7.13815e-08
-1.07254e-10
7.14276e-08
-1.3942e-10
7.14881e-08
-1.80886e-10
7.1566e-08
-2.34249e-10
7.16677e-08
-3.02714e-10
7.17986e-08
-3.90328e-10
7.19683e-08
-5.02184e-10
7.21859e-08
-6.44635e-10
7.24668e-08
-8.25609e-10
7.28256e-08
-1.05534e-09
7.32867e-08
-1.34585e-09
7.38737e-08
-1.71443e-09
7.46254e-08
-2.17835e-09
7.55802e-08
-2.76854e-09
7.67981e-08
-3.50532e-09
7.83417e-08
-4.44596e-09
8.02971e-08
-5.5913e-09
8.27562e-08
-7.04132e-09
8.58068e-08
-8.66475e-09
8.95308e-08
-1.05982e-08
9.38553e-08
-1.21777e-08
9.86643e-08
-1.35921e-08
1.03312e-07
-1.29469e-08
-1.16199e-08
1.07431e-07
1.48844e-07
1.77522e-08
-1.54805e-07
1.4216e-07
1.96049e-08
1.35305e-07
2.04661e-08
1.29197e-07
1.82601e-08
1.23984e-07
1.58314e-08
1.19743e-07
1.29131e-08
1.16343e-07
1.04643e-08
1.13649e-07
8.29754e-09
1.11531e-07
6.58012e-09
1.09864e-07
5.18173e-09
1.08562e-07
4.08021e-09
1.07539e-07
3.20667e-09
1.06743e-07
2.51527e-09
1.06119e-07
1.97251e-09
1.05635e-07
1.54123e-09
1.05258e-07
1.20486e-09
1.04966e-07
9.37366e-10
1.04739e-07
7.30038e-10
1.04564e-07
5.65412e-10
1.04429e-07
4.38665e-10
1.04325e-07
3.38289e-10
1.04245e-07
2.61554e-10
1.04183e-07
2.00961e-10
1.04136e-07
1.54981e-10
1.041e-07
1.18769e-10
1.04072e-07
9.15055e-11
1.04051e-07
7.00763e-11
1.04035e-07
5.40783e-11
1.04023e-07
4.1516e-11
1.04013e-07
3.22241e-11
1.04005e-07
2.49246e-11
1.03999e-07
1.95808e-11
1.03995e-07
1.53728e-11
1.03991e-07
1.23283e-11
1.03988e-07
9.91872e-12
1.03985e-07
8.19865e-12
1.03983e-07
6.8255e-12
1.03981e-07
5.86026e-12
1.0398e-07
5.07907e-12
1.03978e-07
4.53931e-12
1.03977e-07
4.09336e-12
1.03976e-07
3.79073e-12
1.03975e-07
3.5331e-12
1.03974e-07
3.36101e-12
1.03973e-07
3.2084e-12
1.03972e-07
3.10723e-12
1.03971e-07
3.01275e-12
1.0397e-07
2.94952e-12
1.03969e-07
2.88698e-12
1.03968e-07
2.84364e-12
1.03967e-07
2.79853e-12
1.03966e-07
2.76533e-12
1.03965e-07
2.72962e-12
1.03964e-07
2.70139e-12
1.03963e-07
2.6707e-12
1.03962e-07
2.64474e-12
1.03961e-07
2.61668e-12
1.03961e-07
2.59164e-12
1.0396e-07
2.56492e-12
1.03959e-07
2.54012e-12
1.03958e-07
2.51405e-12
1.03957e-07
2.4892e-12
1.03956e-07
2.46341e-12
1.03956e-07
2.43839e-12
1.03955e-07
2.41269e-12
1.03954e-07
2.3875e-12
1.03953e-07
2.36181e-12
1.03952e-07
2.33644e-12
1.03952e-07
2.31074e-12
1.03951e-07
2.28525e-12
1.0395e-07
2.25954e-12
1.0395e-07
2.23398e-12
1.03949e-07
2.20828e-12
1.03948e-07
2.18269e-12
1.03947e-07
2.15702e-12
1.03947e-07
2.13146e-12
1.03946e-07
2.10587e-12
1.03945e-07
2.08039e-12
1.03945e-07
2.05492e-12
1.03944e-07
2.02955e-12
1.03943e-07
2.00425e-12
1.03943e-07
1.97907e-12
1.03942e-07
1.95398e-12
1.03941e-07
1.92904e-12
1.03941e-07
1.90424e-12
1.0394e-07
1.87961e-12
1.0394e-07
1.85515e-12
1.03939e-07
1.83091e-12
1.03938e-07
1.80685e-12
1.03938e-07
1.78302e-12
1.03937e-07
1.75939e-12
1.03937e-07
1.73601e-12
1.03936e-07
1.71285e-12
1.03936e-07
1.68996e-12
1.03935e-07
1.66729e-12
1.03935e-07
1.64485e-12
1.03934e-07
1.62253e-12
1.03933e-07
1.60027e-12
1.03933e-07
1.57796e-12
1.03932e-07
1.55561e-12
1.03932e-07
1.53335e-12
1.03931e-07
1.51132e-12
1.03931e-07
1.48976e-12
1.03931e-07
1.4687e-12
1.0393e-07
1.44821e-12
1.0393e-07
1.42819e-12
1.03929e-07
1.4086e-12
1.03929e-07
1.38936e-12
1.03928e-07
1.37046e-12
1.03928e-07
1.35185e-12
1.03927e-07
1.33352e-12
1.03927e-07
1.31542e-12
1.03927e-07
1.29756e-12
1.03926e-07
1.27992e-12
1.03926e-07
1.26249e-12
1.03925e-07
1.24521e-12
1.03925e-07
1.22806e-12
1.03925e-07
1.21096e-12
1.03924e-07
1.19383e-12
1.03924e-07
1.17652e-12
1.03923e-07
1.1589e-12
1.03923e-07
1.14072e-12
1.03923e-07
1.12172e-12
1.03922e-07
1.10152e-12
1.03922e-07
1.07968e-12
1.03922e-07
1.0556e-12
1.03921e-07
1.02861e-12
1.03921e-07
9.97829e-13
1.03921e-07
9.62226e-13
1.0392e-07
9.20351e-13
1.0392e-07
8.69583e-13
1.0392e-07
8.04409e-13
1.0392e-07
7.09163e-13
1.03919e-07
5.51726e-13
1.03919e-07
2.68557e-13
1.03919e-07
-1.00829e-13
1.03919e-07
-3.84017e-13
1.0392e-07
-5.40903e-13
1.0392e-07
-6.35114e-13
1.0392e-07
-6.98738e-13
1.0392e-07
-7.47442e-13
1.03921e-07
-7.86729e-13
1.03921e-07
-8.19242e-13
1.03921e-07
-8.46426e-13
1.03921e-07
-8.69329e-13
1.03922e-07
-8.88824e-13
1.03922e-07
-9.05598e-13
1.03922e-07
-9.20243e-13
1.03922e-07
-9.33207e-13
1.03923e-07
-9.4487e-13
1.03923e-07
-9.55504e-13
1.03923e-07
-9.65343e-13
1.03924e-07
-9.74545e-13
1.03924e-07
-9.83251e-13
1.03924e-07
-9.91553e-13
1.03925e-07
-9.9954e-13
1.03925e-07
-1.00727e-12
1.03925e-07
-1.01479e-12
1.03926e-07
-1.02215e-12
1.03926e-07
-1.02939e-12
1.03926e-07
-1.03651e-12
1.03927e-07
-1.04354e-12
1.03927e-07
-1.05045e-12
1.03927e-07
-1.05725e-12
1.03928e-07
-1.06392e-12
1.03928e-07
-1.07045e-12
1.03928e-07
-1.07685e-12
1.03929e-07
-1.08316e-12
1.03929e-07
-1.08938e-12
1.03929e-07
-1.09557e-12
1.0393e-07
-1.10175e-12
1.0393e-07
-1.1079e-12
1.0393e-07
-1.11405e-12
1.03931e-07
-1.12016e-12
1.03931e-07
-1.12623e-12
1.03931e-07
-1.13225e-12
1.03932e-07
-1.1382e-12
1.03932e-07
-1.14411e-12
1.03932e-07
-1.14997e-12
1.03933e-07
-1.15581e-12
1.03933e-07
-1.16164e-12
1.03933e-07
-1.16747e-12
1.03934e-07
-1.17331e-12
1.03934e-07
-1.17918e-12
1.03935e-07
-1.1851e-12
1.03935e-07
-1.19107e-12
1.03935e-07
-1.19712e-12
1.03936e-07
-1.20324e-12
1.03936e-07
-1.20948e-12
1.03936e-07
-1.21581e-12
1.03937e-07
-1.22229e-12
1.03937e-07
-1.2289e-12
1.03938e-07
-1.2357e-12
1.03938e-07
-1.24265e-12
1.03938e-07
-1.24984e-12
1.03939e-07
-1.2572e-12
1.03939e-07
-1.26485e-12
1.03939e-07
-1.2727e-12
1.0394e-07
-1.28091e-12
1.0394e-07
-1.28931e-12
1.03941e-07
-1.29816e-12
1.03941e-07
-1.3072e-12
1.03941e-07
-1.31681e-12
1.03942e-07
-1.32658e-12
1.03942e-07
-1.33708e-12
1.03943e-07
-1.34769e-12
1.03943e-07
-1.35924e-12
1.03943e-07
-1.37083e-12
1.03944e-07
-1.38366e-12
1.03944e-07
-1.39641e-12
1.03945e-07
-1.41084e-12
1.03945e-07
-1.42502e-12
1.03946e-07
-1.44154e-12
1.03946e-07
-1.45764e-12
1.03946e-07
-1.47706e-12
1.03947e-07
-1.49593e-12
1.03947e-07
-1.51966e-12
1.03948e-07
-1.54285e-12
1.03948e-07
-1.57337e-12
1.03949e-07
-1.60379e-12
1.03949e-07
-1.64554e-12
1.0395e-07
-1.6886e-12
1.0395e-07
-1.74965e-12
1.03951e-07
-1.81534e-12
1.03951e-07
-1.91023e-12
1.03952e-07
-2.01691e-12
1.03953e-07
-2.17184e-12
1.03953e-07
-2.3529e-12
1.03954e-07
-2.61475e-12
1.03955e-07
-2.93031e-12
1.03956e-07
-3.38239e-12
1.03957e-07
-3.93961e-12
1.03958e-07
-4.72878e-12
1.0396e-07
-5.71672e-12
1.03962e-07
-7.09966e-12
1.03965e-07
-8.84858e-12
1.03968e-07
-1.12697e-11
1.03972e-07
-1.43503e-11
1.03978e-07
-1.85714e-11
1.03985e-07
-2.39597e-11
1.03994e-07
-3.12737e-11
1.04006e-07
-4.06198e-11
1.04022e-07
-5.31968e-11
1.04043e-07
-6.92594e-11
1.0407e-07
-9.07015e-11
1.04106e-07
-1.18039e-10
1.04153e-07
-1.54255e-10
1.04214e-07
-2.00307e-10
1.04294e-07
-2.60876e-10
1.04397e-07
-3.37649e-10
1.04532e-07
-4.37922e-10
1.04706e-07
-5.64584e-10
1.04933e-07
-7.28925e-10
1.05224e-07
-9.35864e-10
1.05601e-07
-1.20272e-09
1.06084e-07
-1.53806e-09
1.06706e-07
-1.96814e-09
1.075e-07
-2.50865e-09
1.0852e-07
-3.19824e-09
1.09819e-07
-4.06738e-09
1.11481e-07
-5.16729e-09
1.13593e-07
-6.5578e-09
1.16279e-07
-8.27774e-09
1.1967e-07
-1.04319e-08
1.23905e-07
-1.29003e-08
1.29106e-07
-1.57996e-08
1.35217e-07
-1.82888e-08
1.42059e-07
-2.0434e-08
1.4875e-07
-1.96372e-08
-1.75078e-08
1.54637e-07
2.06604e-07
2.60822e-08
-2.14934e-07
1.97151e-07
2.90578e-08
1.8762e-07
2.99969e-08
1.79243e-07
2.66378e-08
1.72235e-07
2.28393e-08
1.66596e-07
1.85516e-08
1.62128e-07
1.49326e-08
1.58609e-07
1.18162e-08
1.55857e-07
9.33195e-09
1.53698e-07
7.33999e-09
1.52018e-07
5.76106e-09
1.50701e-07
4.52301e-09
1.49679e-07
3.53704e-09
1.48881e-07
2.77108e-09
1.48263e-07
2.15866e-09
1.47782e-07
1.6861e-09
1.47411e-07
1.30776e-09
1.47123e-07
1.01787e-09
1.46903e-07
7.8588e-10
1.46732e-07
6.09517e-10
1.46602e-07
4.68532e-10
1.46501e-07
3.62276e-10
1.46424e-07
2.77404e-10
1.46365e-07
2.14049e-10
1.4632e-07
1.63438e-10
1.46286e-07
1.26063e-10
1.4626e-07
9.61595e-11
1.46239e-07
7.43471e-11
1.46224e-07
5.68308e-11
1.46212e-07
4.42368e-11
1.46202e-07
3.40573e-11
1.46195e-07
2.68628e-11
1.46189e-07
2.09873e-11
1.46185e-07
1.69199e-11
1.46181e-07
1.35466e-11
1.46178e-07
1.12696e-11
1.46175e-07
9.33883e-12
1.46173e-07
8.07507e-12
1.46171e-07
6.96947e-12
1.46169e-07
6.2721e-12
1.46168e-07
5.63529e-12
1.46166e-07
5.25031e-12
1.46165e-07
4.87819e-12
1.46163e-07
4.66294e-12
1.46162e-07
4.43952e-12
1.46161e-07
4.31489e-12
1.4616e-07
4.1747e-12
1.46158e-07
4.09741e-12
1.46157e-07
4.00365e-12
1.46156e-07
3.95035e-12
1.46155e-07
3.88243e-12
1.46154e-07
3.84075e-12
1.46153e-07
3.78716e-12
1.46151e-07
3.75072e-12
1.4615e-07
3.70506e-12
1.46149e-07
3.67065e-12
1.46148e-07
3.62937e-12
1.46147e-07
3.59548e-12
1.46146e-07
3.55658e-12
1.46145e-07
3.52255e-12
1.46144e-07
3.48494e-12
1.46143e-07
3.45052e-12
1.46142e-07
3.41358e-12
1.46141e-07
3.37873e-12
1.4614e-07
3.34215e-12
1.46139e-07
3.30692e-12
1.46138e-07
3.27051e-12
1.46137e-07
3.23499e-12
1.46136e-07
3.19868e-12
1.46135e-07
3.16297e-12
1.46134e-07
3.12675e-12
1.46133e-07
3.09093e-12
1.46132e-07
3.0548e-12
1.46132e-07
3.01897e-12
1.46131e-07
2.98296e-12
1.4613e-07
2.94719e-12
1.46129e-07
2.91135e-12
1.46128e-07
2.87573e-12
1.46127e-07
2.84011e-12
1.46127e-07
2.80469e-12
1.46126e-07
2.76935e-12
1.46125e-07
2.73422e-12
1.46124e-07
2.69923e-12
1.46123e-07
2.66449e-12
1.46123e-07
2.62993e-12
1.46122e-07
2.59567e-12
1.46121e-07
2.56163e-12
1.4612e-07
2.52792e-12
1.4612e-07
2.49448e-12
1.46119e-07
2.46138e-12
1.46118e-07
2.42857e-12
1.46118e-07
2.39614e-12
1.46117e-07
2.36402e-12
1.46116e-07
2.33231e-12
1.46116e-07
2.30095e-12
1.46115e-07
2.26996e-12
1.46114e-07
2.23916e-12
1.46114e-07
2.20846e-12
1.46113e-07
2.17762e-12
1.46112e-07
2.14662e-12
1.46112e-07
2.1156e-12
1.46111e-07
2.08482e-12
1.46111e-07
2.05468e-12
1.4611e-07
2.02535e-12
1.46109e-07
1.99695e-12
1.46109e-07
1.96933e-12
1.46108e-07
1.9424e-12
1.46108e-07
1.91599e-12
1.46107e-07
1.89004e-12
1.46107e-07
1.86443e-12
1.46106e-07
1.83919e-12
1.46106e-07
1.81425e-12
1.46105e-07
1.78964e-12
1.46105e-07
1.76532e-12
1.46104e-07
1.7413e-12
1.46104e-07
1.7175e-12
1.46103e-07
1.69389e-12
1.46103e-07
1.67033e-12
1.46102e-07
1.64673e-12
1.46102e-07
1.62288e-12
1.46101e-07
1.59858e-12
1.46101e-07
1.57348e-12
1.461e-07
1.54724e-12
1.461e-07
1.51927e-12
1.46099e-07
1.48898e-12
1.46099e-07
1.45548e-12
1.46099e-07
1.41782e-12
1.46098e-07
1.37467e-12
1.46098e-07
1.32453e-12
1.46098e-07
1.26519e-12
1.46097e-07
1.19282e-12
1.46097e-07
1.09954e-12
1.46097e-07
9.64003e-13
1.46096e-07
7.43625e-13
1.46096e-07
3.568e-13
1.46096e-07
-1.42929e-13
1.46096e-07
-5.2969e-13
1.46097e-07
-7.49247e-13
1.46097e-07
-8.83341e-13
1.46097e-07
-9.74511e-13
1.46097e-07
-1.04408e-12
1.46098e-07
-1.09994e-12
1.46098e-07
-1.14593e-12
1.46098e-07
-1.18424e-12
1.46099e-07
-1.21642e-12
1.46099e-07
-1.24376e-12
1.46099e-07
-1.26725e-12
1.461e-07
-1.28775e-12
1.461e-07
-1.30588e-12
1.461e-07
-1.32221e-12
1.46101e-07
-1.33711e-12
1.46101e-07
-1.35091e-12
1.46102e-07
-1.36382e-12
1.46102e-07
-1.37606e-12
1.46102e-07
-1.38774e-12
1.46103e-07
-1.399e-12
1.46103e-07
-1.4099e-12
1.46103e-07
-1.42054e-12
1.46104e-07
-1.43095e-12
1.46104e-07
-1.4412e-12
1.46105e-07
-1.45129e-12
1.46105e-07
-1.46125e-12
1.46105e-07
-1.47106e-12
1.46106e-07
-1.48072e-12
1.46106e-07
-1.49018e-12
1.46107e-07
-1.49947e-12
1.46107e-07
-1.50857e-12
1.46107e-07
-1.51755e-12
1.46108e-07
-1.52642e-12
1.46108e-07
-1.53525e-12
1.46109e-07
-1.54406e-12
1.46109e-07
-1.55285e-12
1.4611e-07
-1.56162e-12
1.4611e-07
-1.57032e-12
1.4611e-07
-1.57894e-12
1.46111e-07
-1.58747e-12
1.46111e-07
-1.59591e-12
1.46112e-07
-1.60427e-12
1.46112e-07
-1.61256e-12
1.46113e-07
-1.6208e-12
1.46113e-07
-1.629e-12
1.46113e-07
-1.6372e-12
1.46114e-07
-1.6454e-12
1.46114e-07
-1.65362e-12
1.46115e-07
-1.66189e-12
1.46115e-07
-1.67022e-12
1.46116e-07
-1.67864e-12
1.46116e-07
-1.68715e-12
1.46117e-07
-1.6958e-12
1.46117e-07
-1.70456e-12
1.46117e-07
-1.71352e-12
1.46118e-07
-1.72262e-12
1.46118e-07
-1.73198e-12
1.46119e-07
-1.7415e-12
1.46119e-07
-1.75136e-12
1.4612e-07
-1.7614e-12
1.4612e-07
-1.77187e-12
1.46121e-07
-1.78251e-12
1.46121e-07
-1.79372e-12
1.46122e-07
-1.80506e-12
1.46122e-07
-1.81715e-12
1.46123e-07
-1.82928e-12
1.46123e-07
-1.84242e-12
1.46124e-07
-1.85546e-12
1.46124e-07
-1.86984e-12
1.46125e-07
-1.88392e-12
1.46125e-07
-1.89981e-12
1.46126e-07
-1.91506e-12
1.46126e-07
-1.93281e-12
1.46127e-07
-1.94943e-12
1.46127e-07
-1.96955e-12
1.46128e-07
-1.98784e-12
1.46128e-07
-2.0111e-12
1.46129e-07
-2.03158e-12
1.46129e-07
-2.05921e-12
1.4613e-07
-2.08287e-12
1.4613e-07
-2.11697e-12
1.46131e-07
-2.14569e-12
1.46131e-07
-2.18986e-12
1.46132e-07
-2.22723e-12
1.46132e-07
-2.28787e-12
1.46133e-07
-2.34074e-12
1.46134e-07
-2.42924e-12
1.46134e-07
-2.51055e-12
1.46135e-07
-2.64734e-12
1.46136e-07
-2.78114e-12
1.46136e-07
-3.00274e-12
1.46137e-07
-3.23324e-12
1.46138e-07
-3.60474e-12
1.46139e-07
-4.01224e-12
1.4614e-07
-4.64907e-12
1.46142e-07
-5.37766e-12
1.46143e-07
-6.48315e-12
1.46145e-07
-7.78864e-12
1.46148e-07
-9.71821e-12
1.46151e-07
-1.20498e-11
1.46155e-07
-1.54195e-11
1.4616e-07
-1.95573e-11
1.46167e-07
-2.5425e-11
1.46176e-07
-3.27091e-11
1.46187e-07
-4.28743e-11
1.46202e-07
-5.55808e-11
1.46222e-07
-7.30727e-11
1.46248e-07
-9.50244e-11
1.46282e-07
-1.24887e-10
1.46326e-07
-1.6243e-10
1.46385e-07
-2.1297e-10
1.46461e-07
-2.76513e-10
1.46561e-07
-3.61255e-10
1.46691e-07
-4.6768e-10
1.46861e-07
-6.084e-10
1.47082e-07
-7.84805e-10
1.47369e-07
-1.01624e-09
1.47739e-07
-1.30581e-09
1.48219e-07
-1.68306e-09
1.48835e-07
-2.1545e-09
1.49632e-07
-2.76498e-09
1.50652e-07
-3.52825e-09
1.51965e-07
-4.51128e-09
1.53641e-07
-5.74386e-09
1.55793e-07
-7.3197e-09
1.58537e-07
-9.30169e-09
1.62047e-07
-1.17874e-08
1.66502e-07
-1.48877e-08
1.72131e-07
-1.85288e-08
1.79122e-07
-2.27914e-08
1.87497e-07
-2.6664e-08
1.97007e-07
-2.99437e-08
2.06469e-07
-2.90997e-08
-2.57535e-08
2.14715e-07
2.74435e-07
3.74596e-08
-2.85813e-07
2.61279e-07
4.22138e-08
2.48384e-07
4.28918e-08
2.37329e-07
3.76924e-08
2.28383e-07
3.17852e-08
2.21327e-07
2.56073e-08
2.15839e-07
2.04211e-08
2.11555e-07
1.60997e-08
2.08231e-07
1.26556e-08
2.05633e-07
9.93791e-09
2.03617e-07
7.77684e-09
2.02041e-07
6.0987e-09
2.00821e-07
4.75691e-09
1.9987e-07
3.72277e-09
1.99136e-07
2.89261e-09
1.98565e-07
2.25706e-09
1.98126e-07
1.74606e-09
1.97786e-07
1.35781e-09
1.97526e-07
1.04557e-09
1.97325e-07
8.10396e-10
1.97172e-07
6.21251e-10
1.97054e-07
4.80186e-10
1.96965e-07
3.66643e-10
1.96896e-07
2.82907e-10
1.96844e-07
2.1536e-10
1.96804e-07
1.66187e-10
1.96774e-07
1.2635e-10
1.9675e-07
9.77892e-11
1.96732e-07
7.44834e-11
1.96718e-07
5.8078e-11
1.96708e-07
4.45414e-11
1.96699e-07
3.52232e-11
1.96693e-07
2.74075e-11
1.96687e-07
2.21741e-11
1.96683e-07
1.76808e-11
1.96679e-07
1.47737e-11
1.96677e-07
1.21952e-11
1.96674e-07
1.05968e-11
1.96672e-07
9.11426e-12
1.9667e-07
8.24225e-12
1.96668e-07
7.38345e-12
1.96666e-07
6.90858e-12
1.96664e-07
6.40307e-12
1.96663e-07
6.14157e-12
1.96661e-07
5.8355e-12
1.9666e-07
5.68622e-12
1.96658e-07
5.49258e-12
1.96657e-07
5.40069e-12
1.96656e-07
5.27038e-12
1.96654e-07
5.20667e-12
1.96653e-07
5.11204e-12
1.96652e-07
5.06129e-12
1.9665e-07
4.98677e-12
1.96649e-07
4.9413e-12
1.96648e-07
4.87814e-12
1.96647e-07
4.83425e-12
1.96645e-07
4.77752e-12
1.96644e-07
4.73358e-12
1.96643e-07
4.68048e-12
1.96642e-07
4.63585e-12
1.96641e-07
4.58481e-12
1.96639e-07
4.53934e-12
1.96638e-07
4.48944e-12
1.96637e-07
4.44321e-12
1.96636e-07
4.39394e-12
1.96635e-07
4.34708e-12
1.96634e-07
4.29819e-12
1.96633e-07
4.25087e-12
1.96632e-07
4.20221e-12
1.96631e-07
4.15461e-12
1.9663e-07
4.10615e-12
1.96629e-07
4.0584e-12
1.96628e-07
4.01013e-12
1.96626e-07
3.96238e-12
1.96625e-07
3.91433e-12
1.96625e-07
3.86669e-12
1.96624e-07
3.81892e-12
1.96623e-07
3.7715e-12
1.96622e-07
3.72406e-12
1.96621e-07
3.67695e-12
1.9662e-07
3.62993e-12
1.96619e-07
3.58324e-12
1.96618e-07
3.53673e-12
1.96617e-07
3.49059e-12
1.96616e-07
3.4447e-12
1.96615e-07
3.39924e-12
1.96615e-07
3.35409e-12
1.96614e-07
3.30941e-12
1.96613e-07
3.26509e-12
1.96612e-07
3.22125e-12
1.96611e-07
3.17781e-12
1.96611e-07
3.13488e-12
1.9661e-07
3.0924e-12
1.96609e-07
3.05052e-12
1.96608e-07
3.00915e-12
1.96607e-07
2.96835e-12
1.96607e-07
2.92785e-12
1.96606e-07
2.88748e-12
1.96605e-07
2.84681e-12
1.96605e-07
2.80576e-12
1.96604e-07
2.76449e-12
1.96603e-07
2.72339e-12
1.96603e-07
2.68314e-12
1.96602e-07
2.6441e-12
1.96601e-07
2.60654e-12
1.96601e-07
2.57023e-12
1.966e-07
2.53499e-12
1.96599e-07
2.50045e-12
1.96599e-07
2.4665e-12
1.96598e-07
2.43294e-12
1.96598e-07
2.39982e-12
1.96597e-07
2.36706e-12
1.96596e-07
2.33475e-12
1.96596e-07
2.30279e-12
1.96595e-07
2.27127e-12
1.96595e-07
2.24002e-12
1.96594e-07
2.20904e-12
1.96594e-07
2.17812e-12
1.96593e-07
2.14716e-12
1.96593e-07
2.11583e-12
1.96592e-07
2.08391e-12
1.96592e-07
2.05088e-12
1.96591e-07
2.01629e-12
1.96591e-07
1.97933e-12
1.9659e-07
1.9392e-12
1.9659e-07
1.89465e-12
1.96589e-07
1.84435e-12
1.96589e-07
1.78644e-12
1.96589e-07
1.71877e-12
1.96588e-07
1.63822e-12
1.96588e-07
1.53957e-12
1.96587e-07
1.41236e-12
1.96587e-07
1.22973e-12
1.96587e-07
9.39466e-13
1.96587e-07
4.46988e-13
1.96587e-07
-1.80254e-13
1.96587e-07
-6.72523e-13
1.96587e-07
-9.61607e-13
1.96587e-07
-1.14227e-12
1.96588e-07
-1.26667e-12
1.96588e-07
-1.36164e-12
1.96588e-07
-1.4376e-12
1.96589e-07
-1.49982e-12
1.96589e-07
-1.55139e-12
1.96589e-07
-1.5945e-12
1.9659e-07
-1.63098e-12
1.9659e-07
-1.66219e-12
1.9659e-07
-1.68935e-12
1.96591e-07
-1.71329e-12
1.96591e-07
-1.73481e-12
1.96592e-07
-1.75438e-12
1.96592e-07
-1.7725e-12
1.96592e-07
-1.78941e-12
1.96593e-07
-1.80543e-12
1.96593e-07
-1.82069e-12
1.96594e-07
-1.8354e-12
1.96594e-07
-1.84962e-12
1.96595e-07
-1.8635e-12
1.96595e-07
-1.87707e-12
1.96595e-07
-1.89043e-12
1.96596e-07
-1.90357e-12
1.96596e-07
-1.91654e-12
1.96597e-07
-1.92929e-12
1.96597e-07
-1.94183e-12
1.96598e-07
-1.95409e-12
1.96598e-07
-1.96611e-12
1.96598e-07
-1.97787e-12
1.96599e-07
-1.98947e-12
1.96599e-07
-2.00093e-12
1.966e-07
-2.01234e-12
1.966e-07
-2.02372e-12
1.96601e-07
-2.03505e-12
1.96601e-07
-2.04633e-12
1.96602e-07
-2.0575e-12
1.96602e-07
-2.06854e-12
1.96602e-07
-2.07942e-12
1.96603e-07
-2.09014e-12
1.96603e-07
-2.10074e-12
1.96604e-07
-2.11122e-12
1.96604e-07
-2.1216e-12
1.96605e-07
-2.13192e-12
1.96605e-07
-2.14219e-12
1.96606e-07
-2.15243e-12
1.96606e-07
-2.16269e-12
1.96607e-07
-2.17297e-12
1.96607e-07
-2.18331e-12
1.96608e-07
-2.19374e-12
1.96608e-07
-2.20426e-12
1.96608e-07
-2.21494e-12
1.96609e-07
-2.22574e-12
1.96609e-07
-2.23678e-12
1.9661e-07
-2.24795e-12
1.9661e-07
-2.25946e-12
1.96611e-07
-2.27112e-12
1.96611e-07
-2.28324e-12
1.96612e-07
-2.2955e-12
1.96612e-07
-2.30837e-12
1.96613e-07
-2.32135e-12
1.96613e-07
-2.33514e-12
1.96614e-07
-2.34896e-12
1.96614e-07
-2.36388e-12
1.96615e-07
-2.37866e-12
1.96615e-07
-2.39494e-12
1.96616e-07
-2.41081e-12
1.96616e-07
-2.42874e-12
1.96617e-07
-2.44583e-12
1.96617e-07
-2.46579e-12
1.96618e-07
-2.48426e-12
1.96618e-07
-2.50677e-12
1.96619e-07
-2.52681e-12
1.96619e-07
-2.55259e-12
1.9662e-07
-2.57452e-12
1.9662e-07
-2.60467e-12
1.96621e-07
-2.62907e-12
1.96621e-07
-2.66534e-12
1.96622e-07
-2.69332e-12
1.96622e-07
-2.73861e-12
1.96623e-07
-2.77237e-12
1.96623e-07
-2.83162e-12
1.96624e-07
-2.87549e-12
1.96625e-07
-2.95733e-12
1.96625e-07
-3.01976e-12
1.96626e-07
-3.1395e-12
1.96626e-07
-3.23666e-12
1.96627e-07
-3.42151e-12
1.96628e-07
-3.58383e-12
1.96629e-07
-3.88226e-12
1.96629e-07
-4.16619e-12
1.9663e-07
-4.66436e-12
1.96632e-07
-5.17307e-12
1.96633e-07
-6.02358e-12
1.96634e-07
-6.9434e-12
1.96636e-07
-8.41499e-12
1.96638e-07
-1.00784e-11
1.96641e-07
-1.26412e-11
1.96645e-07
-1.56347e-11
1.96649e-07
-2.01046e-11
1.96655e-07
-2.54512e-11
1.96663e-07
-3.32321e-11
1.96673e-07
-4.26966e-11
1.96686e-07
-5.61821e-11
1.96703e-07
-7.27743e-11
1.96726e-07
-9.60053e-11
1.96755e-07
-1.24801e-10
1.96795e-07
-1.6453e-10
1.96846e-07
-2.13993e-10
1.96915e-07
-2.81377e-10
1.97004e-07
-3.65455e-10
1.97121e-07
-4.78739e-10
1.97273e-07
-6.20158e-10
1.97474e-07
-8.08848e-10
1.97733e-07
-1.04426e-09
1.98072e-07
-1.35564e-09
1.9851e-07
-1.74372e-09
1.9908e-07
-2.25312e-09
1.99813e-07
-2.88754e-09
2.00763e-07
-3.71487e-09
2.0198e-07
-4.74598e-09
2.03552e-07
-6.08339e-09
2.05563e-07
-7.75506e-09
2.08154e-07
-9.91089e-09
2.11469e-07
-1.26164e-08
2.15741e-07
-1.60594e-08
2.21214e-07
-2.03606e-08
2.28252e-07
-2.55676e-08
2.37173e-07
-3.17126e-08
2.48213e-07
-3.77034e-08
2.61073e-07
-4.28046e-08
2.74248e-07
-4.22739e-08
-3.70499e-08
2.85544e-07
2.78851e-07
4.94581e-08
-2.9085e-07
2.64576e-07
5.64891e-08
2.5125e-07
5.62176e-08
2.40272e-07
4.86705e-08
2.31827e-07
4.02302e-08
2.25362e-07
3.20723e-08
2.20467e-07
2.53159e-08
2.16691e-07
1.98759e-08
2.1379e-07
1.55564e-08
2.11527e-07
1.22001e-08
2.09778e-07
9.52632e-09
2.0841e-07
7.46647e-09
2.07353e-07
5.81393e-09
2.06528e-07
4.54766e-09
2.05892e-07
3.52764e-09
2.05398e-07
2.75106e-09
2.0502e-07
2.1245e-09
2.04726e-07
1.65127e-09
2.04502e-07
1.26923e-09
2.04329e-07
9.8337e-10
2.04198e-07
7.52415e-10
2.04097e-07
5.81452e-10
2.0402e-07
4.43066e-10
2.03961e-07
3.41892e-10
2.03917e-07
2.59693e-10
2.03882e-07
2.00468e-10
2.03856e-07
1.52049e-10
2.03836e-07
1.17766e-10
2.03821e-07
8.9463e-11
2.03809e-07
6.98436e-11
2.038e-07
5.34099e-11
2.03793e-07
4.23128e-11
2.03788e-07
3.28221e-11
2.03783e-07
2.66199e-11
2.03779e-07
2.11584e-11
2.03776e-07
1.77335e-11
2.03774e-07
1.45937e-11
2.03772e-07
1.27243e-11
2.0377e-07
1.09141e-11
2.03768e-07
9.90353e-12
2.03766e-07
8.85097e-12
2.03765e-07
8.30689e-12
2.03764e-07
7.68441e-12
2.03762e-07
7.38875e-12
2.03761e-07
7.00991e-12
2.0376e-07
6.84334e-12
2.03758e-07
6.60247e-12
2.03757e-07
6.50078e-12
2.03756e-07
6.33813e-12
2.03755e-07
6.26741e-12
2.03754e-07
6.14917e-12
2.03753e-07
6.09197e-12
2.03752e-07
5.99901e-12
2.0375e-07
5.94671e-12
2.03749e-07
5.86819e-12
2.03748e-07
5.81678e-12
2.03747e-07
5.74654e-12
2.03746e-07
5.69437e-12
2.03745e-07
5.62888e-12
2.03744e-07
5.57539e-12
2.03743e-07
5.51263e-12
2.03742e-07
5.45781e-12
2.03741e-07
5.3966e-12
2.0374e-07
5.34061e-12
2.03739e-07
5.28029e-12
2.03738e-07
5.22339e-12
2.03737e-07
5.16359e-12
2.03736e-07
5.10604e-12
2.03736e-07
5.04658e-12
2.03735e-07
4.98861e-12
2.03734e-07
4.92942e-12
2.03733e-07
4.87124e-12
2.03732e-07
4.81231e-12
2.03731e-07
4.75411e-12
2.0373e-07
4.69548e-12
2.03729e-07
4.6374e-12
2.03729e-07
4.57913e-12
2.03728e-07
4.52132e-12
2.03727e-07
4.46347e-12
2.03726e-07
4.40605e-12
2.03725e-07
4.34872e-12
2.03725e-07
4.29183e-12
2.03724e-07
4.23515e-12
2.03723e-07
4.17895e-12
2.03722e-07
4.12306e-12
2.03722e-07
4.06771e-12
2.03721e-07
4.01277e-12
2.0372e-07
3.95841e-12
2.0372e-07
3.9045e-12
2.03719e-07
3.85121e-12
2.03718e-07
3.7984e-12
2.03718e-07
3.74625e-12
2.03717e-07
3.69466e-12
2.03716e-07
3.64385e-12
2.03716e-07
3.59369e-12
2.03715e-07
3.54432e-12
2.03714e-07
3.49533e-12
2.03714e-07
3.4465e-12
2.03713e-07
3.39722e-12
2.03713e-07
3.34732e-12
2.03712e-07
3.29696e-12
2.03712e-07
3.24671e-12
2.03711e-07
3.1975e-12
2.0371e-07
3.14991e-12
2.0371e-07
3.10433e-12
2.03709e-07
3.06047e-12
2.03709e-07
3.01806e-12
2.03708e-07
2.97653e-12
2.03708e-07
2.9357e-12
2.03707e-07
2.89528e-12
2.03707e-07
2.85536e-12
2.03706e-07
2.81584e-12
2.03706e-07
2.77687e-12
2.03705e-07
2.73834e-12
2.03705e-07
2.70035e-12
2.03705e-07
2.66269e-12
2.03704e-07
2.62538e-12
2.03704e-07
2.58813e-12
2.03703e-07
2.55085e-12
2.03703e-07
2.51308e-12
2.03702e-07
2.4746e-12
2.03702e-07
2.43472e-12
2.03702e-07
2.39291e-12
2.03701e-07
2.34813e-12
2.03701e-07
2.2994e-12
2.037e-07
2.24512e-12
2.037e-07
2.18363e-12
2.037e-07
2.11254e-12
2.03699e-07
2.02914e-12
2.03699e-07
1.92947e-12
2.03699e-07
1.8073e-12
2.03699e-07
1.6503e-12
2.03698e-07
1.42823e-12
2.03698e-07
1.08278e-12
2.03698e-07
5.15162e-13
2.03698e-07
-1.97577e-13
2.03698e-07
-7.64819e-13
2.03698e-07
-1.1087e-12
2.03698e-07
-1.32827e-12
2.03699e-07
-1.48176e-12
2.03699e-07
-1.59935e-12
2.03699e-07
-1.69332e-12
2.03699e-07
-1.76996e-12
2.037e-07
-1.8332e-12
2.037e-07
-1.88579e-12
2.037e-07
-1.93007e-12
2.03701e-07
-1.96776e-12
2.03701e-07
-2.0004e-12
2.03701e-07
-2.02903e-12
2.03701e-07
-2.05464e-12
2.03702e-07
-2.07782e-12
2.03702e-07
-2.09919e-12
2.03702e-07
-2.11905e-12
2.03703e-07
-2.13781e-12
2.03703e-07
-2.15561e-12
2.03703e-07
-2.17272e-12
2.03704e-07
-2.1892e-12
2.03704e-07
-2.20527e-12
2.03704e-07
-2.22092e-12
2.03705e-07
-2.23631e-12
2.03705e-07
-2.25141e-12
2.03705e-07
-2.2663e-12
2.03705e-07
-2.28088e-12
2.03706e-07
-2.29518e-12
2.03706e-07
-2.30911e-12
2.03706e-07
-2.32271e-12
2.03707e-07
-2.33595e-12
2.03707e-07
-2.34898e-12
2.03707e-07
-2.36181e-12
2.03708e-07
-2.37457e-12
2.03708e-07
-2.38727e-12
2.03708e-07
-2.39991e-12
2.03709e-07
-2.41245e-12
2.03709e-07
-2.42482e-12
2.03709e-07
-2.43698e-12
2.0371e-07
-2.44892e-12
2.0371e-07
-2.46062e-12
2.0371e-07
-2.47213e-12
2.03711e-07
-2.48345e-12
2.03711e-07
-2.49463e-12
2.03711e-07
-2.50567e-12
2.03712e-07
-2.51663e-12
2.03712e-07
-2.52752e-12
2.03712e-07
-2.53837e-12
2.03713e-07
-2.54924e-12
2.03713e-07
-2.56012e-12
2.03713e-07
-2.57109e-12
2.03714e-07
-2.58212e-12
2.03714e-07
-2.59332e-12
2.03714e-07
-2.60462e-12
2.03715e-07
-2.61618e-12
2.03715e-07
-2.62786e-12
2.03715e-07
-2.63993e-12
2.03716e-07
-2.65212e-12
2.03716e-07
-2.66485e-12
2.03716e-07
-2.67769e-12
2.03717e-07
-2.69128e-12
2.03717e-07
-2.70492e-12
2.03717e-07
-2.71958e-12
2.03718e-07
-2.73415e-12
2.03718e-07
-2.75014e-12
2.03718e-07
-2.76579e-12
2.03719e-07
-2.78341e-12
2.03719e-07
-2.80028e-12
2.03719e-07
-2.81992e-12
2.0372e-07
-2.83816e-12
2.0372e-07
-2.8603e-12
2.0372e-07
-2.88007e-12
2.03721e-07
-2.90537e-12
2.03721e-07
-2.92687e-12
2.03721e-07
-2.95627e-12
2.03722e-07
-2.97981e-12
2.03722e-07
-3.01474e-12
2.03722e-07
-3.04092e-12
2.03723e-07
-3.08357e-12
2.03723e-07
-3.11359e-12
2.03723e-07
-3.1676e-12
2.03724e-07
-3.20387e-12
2.03724e-07
-3.27538e-12
2.03724e-07
-3.32279e-12
2.03725e-07
-3.42242e-12
2.03725e-07
-3.49065e-12
2.03725e-07
-3.6371e-12
2.03726e-07
-3.74493e-12
2.03726e-07
-3.97131e-12
2.03727e-07
-4.1544e-12
2.03727e-07
-4.51951e-12
2.03728e-07
-4.84434e-12
2.03729e-07
-5.45249e-12
2.03729e-07
-6.04131e-12
2.0373e-07
-7.07703e-12
2.03731e-07
-8.15153e-12
2.03733e-07
-9.93976e-12
2.03735e-07
-1.1897e-11
2.03737e-07
-1.50064e-11
2.0374e-07
-1.85491e-11
2.03743e-07
-2.39674e-11
2.03748e-07
-3.03252e-11
2.03755e-07
-3.97544e-11
2.03763e-07
-5.10541e-11
2.03774e-07
-6.74005e-11
2.03788e-07
-8.72808e-11
2.03808e-07
-1.1546e-10
2.03833e-07
-1.50075e-10
2.03867e-07
-1.98319e-10
2.0391e-07
-2.5796e-10
2.03969e-07
-3.3991e-10
2.04045e-07
-4.41589e-10
2.04146e-07
-5.79601e-10
2.04277e-07
-7.51123e-10
2.04449e-07
-9.81464e-10
2.04672e-07
-1.2678e-09
2.04965e-07
-1.64873e-09
2.05344e-07
-2.12204e-09
2.05837e-07
-2.74656e-09
2.06471e-07
-3.52216e-09
2.07295e-07
-4.5386e-09
2.08351e-07
-5.80178e-09
2.09716e-07
-7.44859e-09
2.11462e-07
-9.50146e-09
2.13719e-07
-1.21677e-08
2.16613e-07
-1.55104e-08
2.20378e-07
-1.98245e-08
2.25258e-07
-2.5241e-08
2.31702e-07
-3.20114e-08
2.40118e-07
-4.01288e-08
2.51063e-07
-4.86493e-08
2.64345e-07
-5.60868e-08
2.78642e-07
-5.6571e-08
-4.90182e-08
2.90611e-07
2.17102e-07
5.8856e-08
-2.265e-07
2.05524e-07
6.80669e-08
1.95539e-07
6.62028e-08
1.87754e-07
5.64551e-08
1.82168e-07
4.58163e-08
1.78052e-07
3.61876e-08
1.75046e-07
2.83228e-08
1.72755e-07
2.21665e-08
1.71015e-07
1.7296e-08
1.69658e-07
1.35574e-08
1.68611e-07
1.05734e-08
1.67789e-07
8.28818e-09
1.67154e-07
6.44863e-09
1.66657e-07
5.04487e-09
1.66274e-07
3.91014e-09
1.65975e-07
3.04963e-09
1.65747e-07
2.35294e-09
1.65569e-07
1.82896e-09
1.65434e-07
1.40442e-09
1.65329e-07
1.08826e-09
1.65249e-07
8.31769e-10
1.65188e-07
6.42929e-10
1.65141e-07
4.89327e-10
1.65105e-07
3.77734e-10
1.65079e-07
2.86535e-10
1.65058e-07
2.21316e-10
1.65042e-07
1.67607e-10
1.6503e-07
1.29925e-10
1.65021e-07
9.85293e-11
1.65013e-07
7.70105e-11
1.65008e-07
5.8776e-11
1.65003e-07
4.66358e-11
1.65e-07
3.60981e-11
1.64997e-07
2.93345e-11
1.64995e-07
2.32638e-11
1.64993e-07
1.9544e-11
1.64992e-07
1.60482e-11
1.6499e-07
1.40285e-11
1.64989e-07
1.20086e-11
1.64988e-07
1.09244e-11
1.64987e-07
9.74664e-12
1.64986e-07
9.16822e-12
1.64985e-07
8.4694e-12
1.64984e-07
8.15864e-12
1.64984e-07
7.73187e-12
1.64983e-07
7.55893e-12
1.64982e-07
7.28677e-12
1.64981e-07
7.18211e-12
1.6498e-07
6.998e-12
1.6498e-07
6.92514e-12
1.64979e-07
6.79128e-12
1.64978e-07
6.73165e-12
1.64978e-07
6.62656e-12
1.64977e-07
6.57112e-12
1.64976e-07
6.48258e-12
1.64976e-07
6.42724e-12
1.64975e-07
6.34824e-12
1.64974e-07
6.29142e-12
1.64974e-07
6.21793e-12
1.64973e-07
6.1592e-12
1.64972e-07
6.08889e-12
1.64972e-07
6.02834e-12
1.64971e-07
5.95983e-12
1.6497e-07
5.89775e-12
1.6497e-07
5.83027e-12
1.64969e-07
5.767e-12
1.64969e-07
5.70011e-12
1.64968e-07
5.63598e-12
1.64967e-07
5.56946e-12
1.64967e-07
5.50477e-12
1.64966e-07
5.43854e-12
1.64966e-07
5.37354e-12
1.64965e-07
5.30758e-12
1.64965e-07
5.2425e-12
1.64964e-07
5.17686e-12
1.64964e-07
5.11188e-12
1.64963e-07
5.04663e-12
1.64963e-07
4.98191e-12
1.64962e-07
4.91712e-12
1.64962e-07
4.85283e-12
1.64961e-07
4.78861e-12
1.64961e-07
4.72489e-12
1.6496e-07
4.66139e-12
1.6496e-07
4.59845e-12
1.64959e-07
4.53585e-12
1.64959e-07
4.47388e-12
1.64958e-07
4.41236e-12
1.64958e-07
4.35152e-12
1.64957e-07
4.29119e-12
1.64957e-07
4.23157e-12
1.64957e-07
4.17249e-12
1.64956e-07
4.11418e-12
1.64956e-07
4.05651e-12
1.64955e-07
3.99973e-12
1.64955e-07
3.94371e-12
1.64955e-07
3.88859e-12
1.64954e-07
3.83392e-12
1.64954e-07
3.77943e-12
1.64954e-07
3.72439e-12
1.64953e-07
3.66858e-12
1.64953e-07
3.61219e-12
1.64952e-07
3.55586e-12
1.64952e-07
3.50073e-12
1.64952e-07
3.44749e-12
1.64952e-07
3.39664e-12
1.64951e-07
3.34783e-12
1.64951e-07
3.30072e-12
1.64951e-07
3.25461e-12
1.6495e-07
3.20928e-12
1.6495e-07
3.16437e-12
1.6495e-07
3.12001e-12
1.64949e-07
3.07608e-12
1.64949e-07
3.03279e-12
1.64949e-07
2.98999e-12
1.64949e-07
2.94781e-12
1.64948e-07
2.90601e-12
1.64948e-07
2.86463e-12
1.64948e-07
2.8233e-12
1.64948e-07
2.78195e-12
1.64947e-07
2.74006e-12
1.64947e-07
2.69737e-12
1.64947e-07
2.65311e-12
1.64947e-07
2.60668e-12
1.64946e-07
2.55691e-12
1.64946e-07
2.50268e-12
1.64946e-07
2.44217e-12
1.64946e-07
2.37352e-12
1.64946e-07
2.29398e-12
1.64945e-07
2.2005e-12
1.64945e-07
2.08863e-12
1.64945e-07
1.9516e-12
1.64945e-07
1.77625e-12
1.64945e-07
1.53128e-12
1.64945e-07
1.15604e-12
1.64945e-07
5.5345e-13
1.64945e-07
-1.95185e-13
1.64945e-07
-7.97259e-13
1.64945e-07
-1.17061e-12
1.64945e-07
-1.41265e-12
1.64945e-07
-1.5839e-12
1.64945e-07
-1.71561e-12
1.64945e-07
-1.82087e-12
1.64945e-07
-1.90653e-12
1.64945e-07
-1.97696e-12
1.64945e-07
-2.0353e-12
1.64946e-07
-2.08422e-12
1.64946e-07
-2.12566e-12
1.64946e-07
-2.16138e-12
1.64946e-07
-2.19254e-12
1.64946e-07
-2.22028e-12
1.64946e-07
-2.24524e-12
1.64946e-07
-2.26814e-12
1.64947e-07
-2.28931e-12
1.64947e-07
-2.30921e-12
1.64947e-07
-2.32799e-12
1.64947e-07
-2.34597e-12
1.64947e-07
-2.36321e-12
1.64947e-07
-2.37996e-12
1.64948e-07
-2.39621e-12
1.64948e-07
-2.41216e-12
1.64948e-07
-2.42774e-12
1.64948e-07
-2.44307e-12
1.64948e-07
-2.45801e-12
1.64948e-07
-2.47261e-12
1.64948e-07
-2.48674e-12
1.64949e-07
-2.50045e-12
1.64949e-07
-2.51371e-12
1.64949e-07
-2.52667e-12
1.64949e-07
-2.53938e-12
1.64949e-07
-2.55199e-12
1.64949e-07
-2.5645e-12
1.6495e-07
-2.57693e-12
1.6495e-07
-2.58921e-12
1.6495e-07
-2.60127e-12
1.6495e-07
-2.61305e-12
1.6495e-07
-2.62454e-12
1.6495e-07
-2.63573e-12
1.6495e-07
-2.64666e-12
1.64951e-07
-2.65733e-12
1.64951e-07
-2.6678e-12
1.64951e-07
-2.67809e-12
1.64951e-07
-2.68823e-12
1.64951e-07
-2.69826e-12
1.64951e-07
-2.70821e-12
1.64951e-07
-2.71813e-12
1.64951e-07
-2.72803e-12
1.64952e-07
-2.738e-12
1.64952e-07
-2.74799e-12
1.64952e-07
-2.75815e-12
1.64952e-07
-2.76836e-12
1.64952e-07
-2.77885e-12
1.64952e-07
-2.78943e-12
1.64952e-07
-2.80041e-12
1.64952e-07
-2.81149e-12
1.64953e-07
-2.82317e-12
1.64953e-07
-2.83491e-12
1.64953e-07
-2.84749e-12
1.64953e-07
-2.86005e-12
1.64953e-07
-2.8738e-12
1.64953e-07
-2.88734e-12
1.64953e-07
-2.90255e-12
1.64953e-07
-2.91723e-12
1.64953e-07
-2.93426e-12
1.64953e-07
-2.95025e-12
1.64954e-07
-2.96954e-12
1.64954e-07
-2.98698e-12
1.64954e-07
-3.00912e-12
1.64954e-07
-3.02817e-12
1.64954e-07
-3.05393e-12
1.64954e-07
-3.07478e-12
1.64954e-07
-3.10526e-12
1.64954e-07
-3.12823e-12
1.64954e-07
-3.16506e-12
1.64954e-07
-3.19073e-12
1.64954e-07
-3.23647e-12
1.64955e-07
-3.26604e-12
1.64955e-07
-3.32482e-12
1.64955e-07
-3.36081e-12
1.64955e-07
-3.43957e-12
1.64955e-07
-3.48713e-12
1.64955e-07
-3.59781e-12
1.64955e-07
-3.66728e-12
1.64955e-07
-3.8308e-12
1.64955e-07
-3.94238e-12
1.64956e-07
-4.19564e-12
1.64956e-07
-4.38796e-12
1.64956e-07
-4.79631e-12
1.64956e-07
-5.1417e-12
1.64956e-07
-5.82086e-12
1.64957e-07
-6.45274e-12
1.64957e-07
-7.60718e-12
1.64958e-07
-8.76817e-12
1.64958e-07
-1.07577e-11
1.64959e-07
-1.28833e-11
1.64961e-07
-1.63376e-11
1.64962e-07
-2.02e-11
1.64964e-07
-2.62126e-11
1.64967e-07
-3.3165e-11
1.64971e-07
-4.36211e-11
1.64976e-07
-5.6008e-11
1.64982e-07
-7.41281e-11
1.64991e-07
-9.59656e-11
1.65003e-07
-1.27201e-10
1.65018e-07
-1.65291e-10
1.65038e-07
-2.18778e-10
1.65065e-07
-2.84511e-10
1.651e-07
-3.754e-10
1.65146e-07
-4.87628e-10
1.65207e-07
-6.40782e-10
1.65286e-07
-8.30356e-10
1.65391e-07
-1.08614e-09
1.65526e-07
-1.403e-09
1.65703e-07
-1.8263e-09
1.65932e-07
-2.3506e-09
1.6623e-07
-3.045e-09
1.66613e-07
-3.9048e-09
1.6711e-07
-5.03549e-09
1.67744e-07
-6.43636e-09
1.68565e-07
-8.26932e-09
1.69611e-07
-1.05476e-08
1.70965e-07
-1.35222e-08
1.72702e-07
-1.7247e-08
1.74985e-07
-2.21083e-08
1.77984e-07
-2.82395e-08
1.82081e-07
-3.61092e-08
1.87645e-07
-4.56929e-08
1.95392e-07
-5.63961e-08
2.05337e-07
-6.60323e-08
2.16922e-07
-6.81561e-08
-5.84509e-08
2.26355e-07
1.62363e-07
6.55036e-08
-1.69011e-07
1.53853e-07
7.65769e-08
1.47386e-07
7.26691e-08
1.42736e-07
6.11053e-08
1.39741e-07
4.8811e-08
1.37666e-07
3.82629e-08
1.36242e-07
2.97463e-08
1.35181e-07
2.32279e-08
1.34393e-07
1.8084e-08
1.33776e-07
1.41738e-08
1.33303e-07
1.10464e-08
1.32928e-07
8.66301e-09
1.32639e-07
6.73779e-09
1.3241e-07
5.27375e-09
1.32234e-07
4.08601e-09
1.32095e-07
3.18826e-09
1.31989e-07
2.45881e-09
1.31906e-07
1.91212e-09
1.31843e-07
1.46751e-09
1.31793e-07
1.1377e-09
1.31756e-07
8.69034e-10
1.31727e-07
6.72113e-10
1.31705e-07
5.11176e-10
1.31688e-07
3.94863e-10
1.31675e-07
2.99277e-10
1.31665e-07
2.31344e-10
1.31657e-07
1.75028e-10
1.31651e-07
1.35811e-10
1.31647e-07
1.02873e-10
1.31643e-07
8.05046e-11
1.31641e-07
6.13591e-11
1.31639e-07
4.87596e-11
1.31637e-07
3.76843e-11
1.31635e-07
3.06796e-11
1.31634e-07
2.42908e-11
1.31633e-07
2.04496e-11
1.31633e-07
1.67645e-11
1.31632e-07
1.46874e-11
1.31631e-07
1.25538e-11
1.31631e-07
1.14451e-11
1.3163e-07
1.0198e-11
1.3163e-07
9.61116e-12
1.31629e-07
8.86926e-12
1.31629e-07
8.55727e-12
1.31628e-07
8.10302e-12
1.31628e-07
7.93148e-12
1.31627e-07
7.6412e-12
1.31627e-07
7.53839e-12
1.31627e-07
7.3418e-12
1.31626e-07
7.27029e-12
1.31626e-07
7.12739e-12
1.31625e-07
7.06826e-12
1.31625e-07
6.95623e-12
1.31625e-07
6.9004e-12
1.31624e-07
6.80619e-12
1.31624e-07
6.74967e-12
1.31624e-07
6.66577e-12
1.31623e-07
6.60708e-12
1.31623e-07
6.52914e-12
1.31622e-07
6.468e-12
1.31622e-07
6.39347e-12
1.31622e-07
6.33008e-12
1.31621e-07
6.25748e-12
1.31621e-07
6.19221e-12
1.31621e-07
6.12068e-12
1.3162e-07
6.05395e-12
1.3162e-07
5.98302e-12
1.3162e-07
5.91522e-12
1.31619e-07
5.84463e-12
1.31619e-07
5.77611e-12
1.31619e-07
5.70578e-12
1.31618e-07
5.63683e-12
1.31618e-07
5.56674e-12
1.31618e-07
5.49762e-12
1.31618e-07
5.42783e-12
1.31617e-07
5.35875e-12
1.31617e-07
5.28932e-12
1.31617e-07
5.22046e-12
1.31616e-07
5.15149e-12
1.31616e-07
5.08304e-12
1.31616e-07
5.01464e-12
1.31616e-07
4.94678e-12
1.31615e-07
4.87913e-12
1.31615e-07
4.81207e-12
1.31615e-07
4.74538e-12
1.31615e-07
4.67935e-12
1.31614e-07
4.61382e-12
1.31614e-07
4.54901e-12
1.31614e-07
4.48476e-12
1.31614e-07
4.42128e-12
1.31613e-07
4.35839e-12
1.31613e-07
4.29633e-12
1.31613e-07
4.23495e-12
1.31613e-07
4.17453e-12
1.31613e-07
4.11494e-12
1.31612e-07
4.05631e-12
1.31612e-07
3.99816e-12
1.31612e-07
3.9402e-12
1.31612e-07
3.88164e-12
1.31612e-07
3.82225e-12
1.31612e-07
3.76221e-12
1.31611e-07
3.70224e-12
1.31611e-07
3.64359e-12
1.31611e-07
3.587e-12
1.31611e-07
3.53302e-12
1.31611e-07
3.48127e-12
1.31611e-07
3.43137e-12
1.3161e-07
3.38255e-12
1.3161e-07
3.33456e-12
1.3161e-07
3.28701e-12
1.3161e-07
3.24006e-12
1.3161e-07
3.19356e-12
1.3161e-07
3.14775e-12
1.3161e-07
3.10248e-12
1.31609e-07
3.05789e-12
1.31609e-07
3.01371e-12
1.31609e-07
2.97e-12
1.31609e-07
2.92636e-12
1.31609e-07
2.88272e-12
1.31609e-07
2.83853e-12
1.31609e-07
2.79351e-12
1.31609e-07
2.74684e-12
1.31609e-07
2.6979e-12
1.31608e-07
2.64542e-12
1.31608e-07
2.58826e-12
1.31608e-07
2.52446e-12
1.31608e-07
2.45206e-12
1.31608e-07
2.36815e-12
1.31608e-07
2.26949e-12
1.31608e-07
2.15141e-12
1.31608e-07
2.00697e-12
1.31608e-07
1.82279e-12
1.31608e-07
1.5678e-12
1.31608e-07
1.18144e-12
1.31608e-07
5.71335e-13
1.31608e-07
-1.80533e-13
1.31608e-07
-7.9002e-13
1.31608e-07
-1.17424e-12
1.31608e-07
-1.42597e-12
1.31608e-07
-1.60559e-12
1.31608e-07
-1.74411e-12
1.31608e-07
-1.85484e-12
1.31608e-07
-1.94479e-12
1.31608e-07
-2.01858e-12
1.31608e-07
-2.07951e-12
1.31608e-07
-2.13044e-12
1.31608e-07
-2.17339e-12
1.31608e-07
-2.21025e-12
1.31608e-07
-2.24223e-12
1.31608e-07
-2.27055e-12
1.31608e-07
-2.29588e-12
1.31608e-07
-2.31899e-12
1.31608e-07
-2.34021e-12
1.31608e-07
-2.36006e-12
1.31608e-07
-2.37867e-12
1.31608e-07
-2.39639e-12
1.31608e-07
-2.41329e-12
1.31608e-07
-2.42963e-12
1.31608e-07
-2.44541e-12
1.31608e-07
-2.46082e-12
1.31608e-07
-2.47582e-12
1.31608e-07
-2.49051e-12
1.31608e-07
-2.50476e-12
1.31608e-07
-2.5186e-12
1.31608e-07
-2.53187e-12
1.31608e-07
-2.54465e-12
1.31608e-07
-2.55687e-12
1.31609e-07
-2.56873e-12
1.31609e-07
-2.58026e-12
1.31609e-07
-2.59165e-12
1.31609e-07
-2.60291e-12
1.31609e-07
-2.61405e-12
1.31609e-07
-2.62501e-12
1.31609e-07
-2.6357e-12
1.31609e-07
-2.64605e-12
1.31609e-07
-2.65605e-12
1.31609e-07
-2.66569e-12
1.31609e-07
-2.675e-12
1.31609e-07
-2.684e-12
1.31609e-07
-2.69274e-12
1.31609e-07
-2.70123e-12
1.31609e-07
-2.70954e-12
1.31609e-07
-2.71769e-12
1.31609e-07
-2.72571e-12
1.31609e-07
-2.73366e-12
1.31609e-07
-2.74156e-12
1.31609e-07
-2.74948e-12
1.31609e-07
-2.75739e-12
1.31608e-07
-2.76544e-12
1.31608e-07
-2.77353e-12
1.31608e-07
-2.78187e-12
1.31608e-07
-2.79027e-12
1.31608e-07
-2.79908e-12
1.31608e-07
-2.80795e-12
1.31608e-07
-2.81746e-12
1.31608e-07
-2.82697e-12
1.31608e-07
-2.8374e-12
1.31608e-07
-2.84774e-12
1.31608e-07
-2.85938e-12
1.31608e-07
-2.87072e-12
1.31608e-07
-2.88391e-12
1.31608e-07
-2.89642e-12
1.31608e-07
-2.91155e-12
1.31608e-07
-2.92541e-12
1.31608e-07
-2.94298e-12
1.31608e-07
-2.95834e-12
1.31608e-07
-2.97899e-12
1.31607e-07
-2.99601e-12
1.31607e-07
-3.02061e-12
1.31607e-07
-3.03946e-12
1.31607e-07
-3.06921e-12
1.31607e-07
-3.0902e-12
1.31607e-07
-3.1269e-12
1.31607e-07
-3.15059e-12
1.31607e-07
-3.197e-12
1.31607e-07
-3.22456e-12
1.31607e-07
-3.28515e-12
1.31607e-07
-3.3191e-12
1.31606e-07
-3.40128e-12
1.31606e-07
-3.44684e-12
1.31606e-07
-3.56333e-12
1.31606e-07
-3.63104e-12
1.31606e-07
-3.80401e-12
1.31606e-07
-3.91464e-12
1.31606e-07
-4.18308e-12
1.31606e-07
-4.37649e-12
1.31606e-07
-4.80925e-12
1.31606e-07
-5.16035e-12
1.31606e-07
-5.87914e-12
1.31606e-07
-6.52635e-12
1.31606e-07
-7.74594e-12
1.31606e-07
-8.94138e-12
1.31606e-07
-1.10393e-11
1.31607e-07
-1.32361e-11
1.31607e-07
-1.68725e-11
1.31608e-07
-2.08749e-11
1.31609e-07
-2.71959e-11
1.3161e-07
-3.44141e-11
1.31611e-07
-4.53947e-11
1.31614e-07
-5.82734e-11
1.31617e-07
-7.72866e-11
1.31621e-07
-1.00016e-10
1.31626e-07
-1.3277e-10
1.31633e-07
-1.72449e-10
1.31643e-07
-2.28512e-10
1.31655e-07
-2.97031e-10
1.31672e-07
-3.92269e-10
1.31694e-07
-5.09315e-10
1.31723e-07
-6.69762e-10
1.3176e-07
-8.67556e-10
1.31809e-07
-1.13547e-09
1.31872e-07
-1.46617e-09
1.31955e-07
-1.90948e-09
1.32061e-07
-2.45674e-09
1.322e-07
-3.18381e-09
1.32376e-07
-4.08114e-09
1.32605e-07
-5.26462e-09
1.32895e-07
-6.72613e-09
1.3327e-07
-8.6443e-09
1.33744e-07
-1.10212e-08
1.34359e-07
-1.41382e-08
1.35147e-07
-1.8035e-08
1.36206e-07
-2.31668e-08
1.37627e-07
-2.96604e-08
1.39691e-07
-3.81734e-08
1.42673e-07
-4.86756e-08
1.4729e-07
-6.10123e-08
1.53728e-07
-7.24707e-08
1.62221e-07
-7.66491e-08
-6.51763e-08
1.68946e-07
1.17804e-07
6.96358e-08
-1.21936e-07
1.12249e-07
8.21322e-08
1.08907e-07
7.60103e-08
1.06887e-07
6.31255e-08
1.05937e-07
4.97607e-08
1.05428e-07
3.87725e-08
1.05194e-07
2.99801e-08
1.05052e-07
2.33694e-08
1.04974e-07
1.81617e-08
1.04913e-07
1.42352e-08
1.04871e-07
1.10884e-08
1.04833e-07
8.70058e-09
1.04806e-07
6.76557e-09
1.0478e-07
5.29875e-09
1.04762e-07
4.10462e-09
1.04745e-07
3.20474e-09
1.04733e-07
2.47095e-09
1.04722e-07
1.92277e-09
1.04715e-07
1.47527e-09
1.04708e-07
1.14448e-09
1.04703e-07
8.7391e-10
1.04698e-07
6.76375e-10
1.04695e-07
5.14198e-10
1.04693e-07
3.9752e-10
1.04691e-07
3.0113e-10
1.04689e-07
2.32993e-10
1.04688e-07
1.7616e-10
1.04687e-07
1.36839e-10
1.04686e-07
1.0357e-10
1.04685e-07
8.1156e-11
1.04685e-07
6.17996e-11
1.04684e-07
4.9186e-11
1.04684e-07
3.79756e-11
1.04684e-07
3.09732e-11
1.04683e-07
2.44976e-11
1.04683e-07
2.0666e-11
1.04683e-07
1.69247e-11
1.04683e-07
1.48594e-11
1.04682e-07
1.26892e-11
1.04682e-07
1.15921e-11
1.04682e-07
1.0321e-11
1.04682e-07
9.7442e-12
1.04682e-07
8.9864e-12
1.04682e-07
8.68266e-12
1.04681e-07
8.21773e-12
1.04681e-07
8.05264e-12
1.04681e-07
7.75508e-12
1.04681e-07
7.6571e-12
1.04681e-07
7.45543e-12
1.04681e-07
7.38737e-12
1.0468e-07
7.24081e-12
1.0468e-07
7.18401e-12
1.0468e-07
7.06921e-12
1.0468e-07
7.01479e-12
1.0468e-07
6.91836e-12
1.0468e-07
6.86251e-12
1.04679e-07
6.77671e-12
1.04679e-07
6.71811e-12
1.04679e-07
6.63844e-12
1.04679e-07
6.57691e-12
1.04679e-07
6.50073e-12
1.04679e-07
6.43657e-12
1.04679e-07
6.36233e-12
1.04678e-07
6.29599e-12
1.04678e-07
6.22278e-12
1.04678e-07
6.15473e-12
1.04678e-07
6.08205e-12
1.04678e-07
6.01274e-12
1.04678e-07
5.94034e-12
1.04678e-07
5.87015e-12
1.04677e-07
5.79793e-12
1.04677e-07
5.72718e-12
1.04677e-07
5.65515e-12
1.04677e-07
5.58412e-12
1.04677e-07
5.51231e-12
1.04677e-07
5.44124e-12
1.04677e-07
5.36975e-12
1.04677e-07
5.29884e-12
1.04677e-07
5.22777e-12
1.04676e-07
5.15722e-12
1.04676e-07
5.08669e-12
1.04676e-07
5.0167e-12
1.04676e-07
4.94691e-12
1.04676e-07
4.87772e-12
1.04676e-07
4.8089e-12
1.04676e-07
4.74077e-12
1.04676e-07
4.67314e-12
1.04676e-07
4.60628e-12
1.04676e-07
4.53999e-12
1.04676e-07
4.4745e-12
1.04675e-07
4.40963e-12
1.04675e-07
4.34561e-12
1.04675e-07
4.28232e-12
1.04675e-07
4.22002e-12
1.04675e-07
4.15857e-12
1.04675e-07
4.09811e-12
1.04675e-07
4.03815e-12
1.04675e-07
3.97837e-12
1.04675e-07
3.91798e-12
1.04675e-07
3.85672e-12
1.04675e-07
3.79482e-12
1.04675e-07
3.733e-12
1.04675e-07
3.67257e-12
1.04675e-07
3.61431e-12
1.04675e-07
3.55878e-12
1.04675e-07
3.50559e-12
1.04675e-07
3.45434e-12
1.04675e-07
3.4042e-12
1.04674e-07
3.35492e-12
1.04674e-07
3.30611e-12
1.04674e-07
3.25792e-12
1.04674e-07
3.2102e-12
1.04674e-07
3.16322e-12
1.04674e-07
3.11681e-12
1.04674e-07
3.07112e-12
1.04674e-07
3.02587e-12
1.04674e-07
2.98113e-12
1.04674e-07
2.93649e-12
1.04674e-07
2.89189e-12
1.04674e-07
2.84675e-12
1.04674e-07
2.80081e-12
1.04674e-07
2.75323e-12
1.04674e-07
2.70337e-12
1.04674e-07
2.64998e-12
1.04674e-07
2.59186e-12
1.04674e-07
2.52707e-12
1.04674e-07
2.45361e-12
1.04674e-07
2.36853e-12
1.04674e-07
2.26856e-12
1.04674e-07
2.14901e-12
1.04674e-07
2.00297e-12
1.04674e-07
1.81718e-12
1.04674e-07
1.56142e-12
1.04674e-07
1.17656e-12
1.04674e-07
5.76015e-13
1.04674e-07
-1.59647e-13
1.04674e-07
-7.59506e-13
1.04674e-07
-1.14206e-12
1.04674e-07
-1.39429e-12
1.04674e-07
-1.57515e-12
1.04674e-07
-1.71481e-12
1.04674e-07
-1.82643e-12
1.04674e-07
-1.91699e-12
1.04674e-07
-1.99114e-12
1.04674e-07
-2.05222e-12
1.04674e-07
-2.10312e-12
1.04674e-07
-2.14589e-12
1.04674e-07
-2.18244e-12
1.04673e-07
-2.21399e-12
1.04673e-07
-2.24178e-12
1.04673e-07
-2.26648e-12
1.04673e-07
-2.28887e-12
1.04673e-07
-2.30931e-12
1.04673e-07
-2.32828e-12
1.04673e-07
-2.34596e-12
1.04673e-07
-2.36268e-12
1.04673e-07
-2.37852e-12
1.04673e-07
-2.39373e-12
1.04673e-07
-2.40834e-12
1.04673e-07
-2.42253e-12
1.04673e-07
-2.43627e-12
1.04673e-07
-2.44965e-12
1.04673e-07
-2.46253e-12
1.04673e-07
-2.47493e-12
1.04673e-07
-2.4867e-12
1.04673e-07
-2.4979e-12
1.04673e-07
-2.50845e-12
1.04673e-07
-2.51858e-12
1.04672e-07
-2.5283e-12
1.04672e-07
-2.53784e-12
1.04672e-07
-2.54721e-12
1.04672e-07
-2.55643e-12
1.04672e-07
-2.56542e-12
1.04672e-07
-2.57411e-12
1.04672e-07
-2.58242e-12
1.04672e-07
-2.59033e-12
1.04672e-07
-2.5978e-12
1.04672e-07
-2.60491e-12
1.04672e-07
-2.61164e-12
1.04672e-07
-2.61806e-12
1.04671e-07
-2.6242e-12
1.04671e-07
-2.63009e-12
1.04671e-07
-2.63578e-12
1.04671e-07
-2.64131e-12
1.04671e-07
-2.64672e-12
1.04671e-07
-2.65204e-12
1.04671e-07
-2.65735e-12
1.04671e-07
-2.66261e-12
1.04671e-07
-2.66799e-12
1.0467e-07
-2.67336e-12
1.0467e-07
-2.67897e-12
1.0467e-07
-2.68461e-12
1.0467e-07
-2.69067e-12
1.0467e-07
-2.69674e-12
1.0467e-07
-2.70346e-12
1.0467e-07
-2.71015e-12
1.04669e-07
-2.7178e-12
1.04669e-07
-2.72531e-12
1.04669e-07
-2.73419e-12
1.04669e-07
-2.74269e-12
1.04669e-07
-2.75317e-12
1.04669e-07
-2.76286e-12
1.04668e-07
-2.77536e-12
1.04668e-07
-2.78641e-12
1.04668e-07
-2.80146e-12
1.04668e-07
-2.81404e-12
1.04668e-07
-2.83234e-12
1.04668e-07
-2.84661e-12
1.04667e-07
-2.86906e-12
1.04667e-07
-2.88519e-12
1.04667e-07
-2.91308e-12
1.04667e-07
-2.93136e-12
1.04667e-07
-2.96656e-12
1.04666e-07
-2.98752e-12
1.04666e-07
-3.03293e-12
1.04666e-07
-3.0577e-12
1.04666e-07
-3.11795e-12
1.04666e-07
-3.14898e-12
1.04665e-07
-3.2317e-12
1.04665e-07
-3.27413e-12
1.04665e-07
-3.39237e-12
1.04665e-07
-3.45664e-12
1.04664e-07
-3.63304e-12
1.04664e-07
-3.73983e-12
1.04664e-07
-4.01407e-12
1.04664e-07
-4.20319e-12
1.04664e-07
-4.64523e-12
1.04663e-07
-4.99163e-12
1.04663e-07
-5.72485e-12
1.04663e-07
-6.36723e-12
1.04663e-07
-7.60903e-12
1.04663e-07
-8.80027e-12
1.04662e-07
-1.09324e-11
1.04662e-07
-1.31272e-11
1.04662e-07
-1.68165e-11
1.04662e-07
-2.08222e-11
1.04662e-07
-2.72256e-11
1.04662e-07
-3.44582e-11
1.04662e-07
-4.55675e-11
1.04662e-07
-5.84819e-11
1.04663e-07
-7.76971e-11
1.04663e-07
-1.005e-10
1.04664e-07
-1.33573e-10
1.04665e-07
-1.73391e-10
1.04666e-07
-2.29955e-10
1.04668e-07
-2.98724e-10
1.0467e-07
-3.94747e-10
1.04673e-07
-5.12224e-10
1.04677e-07
-6.73896e-10
1.04682e-07
-8.72402e-10
1.04689e-07
-1.14222e-09
1.04696e-07
-1.47404e-09
1.04707e-07
-1.92026e-09
1.0472e-07
-2.46922e-09
1.04736e-07
-3.20063e-09
1.04755e-07
-4.10037e-09
1.04781e-07
-5.29022e-09
1.0481e-07
-6.75492e-09
1.04848e-07
-8.68275e-09
1.04892e-07
-1.10647e-08
1.04954e-07
-1.42006e-08
1.05034e-07
-1.81149e-08
1.05175e-07
-2.33087e-08
1.05411e-07
-2.98961e-08
1.05916e-07
-3.86782e-08
1.06863e-07
-4.96228e-08
1.08859e-07
-6.30084e-08
1.12189e-07
-7.58003e-08
1.17705e-07
-8.21657e-08
-6.94068e-08
1.21936e-07
8.34669e-08
7.16828e-08
-8.55138e-08
8.04527e-08
8.51463e-08
7.95419e-08
7.6921e-08
7.94606e-08
6.32067e-08
7.99391e-08
4.92822e-08
8.05027e-08
3.82088e-08
8.10725e-08
2.94103e-08
8.15535e-08
2.28884e-08
8.19566e-08
1.77585e-08
8.22738e-08
1.39179e-08
8.25269e-08
1.08352e-08
8.2722e-08
8.50551e-09
8.28751e-08
6.61239e-09
8.29921e-08
5.18165e-09
8.30834e-08
4.01327e-09
8.31529e-08
3.13528e-09
8.32068e-08
2.417e-09
8.32475e-08
1.88197e-09
8.3279e-08
1.44369e-09
8.33027e-08
1.12074e-09
8.3321e-08
8.55594e-10
8.33346e-08
6.62692e-10
8.33451e-08
5.03653e-10
8.33529e-08
3.89689e-10
8.33589e-08
2.95094e-10
8.33633e-08
2.28537e-10
8.33667e-08
1.72718e-10
8.33692e-08
1.34313e-10
8.33711e-08
1.01609e-10
8.33725e-08
7.97238e-11
8.33736e-08
6.06775e-11
8.33743e-08
4.83697e-11
8.33749e-08
3.73269e-11
8.33754e-08
3.05014e-11
8.33757e-08
2.41145e-11
8.33759e-08
2.03859e-11
8.33761e-08
1.66907e-11
8.33763e-08
1.46861e-11
8.33764e-08
1.25392e-11
8.33765e-08
1.14784e-11
8.33765e-08
1.02188e-11
8.33766e-08
9.66449e-12
8.33766e-08
8.9122e-12
8.33766e-08
8.62271e-12
8.33766e-08
8.1604e-12
8.33766e-08
8.00468e-12
8.33766e-08
7.70841e-12
8.33766e-08
7.61682e-12
8.33766e-08
7.41587e-12
8.33766e-08
7.35231e-12
8.33766e-08
7.20624e-12
8.33766e-08
7.15267e-12
8.33766e-08
7.03828e-12
8.33766e-08
6.98622e-12
8.33766e-08
6.89015e-12
8.33766e-08
6.83603e-12
8.33766e-08
6.75053e-12
8.33766e-08
6.69319e-12
8.33766e-08
6.61376e-12
8.33766e-08
6.55311e-12
8.33766e-08
6.47709e-12
8.33765e-08
6.41352e-12
8.33765e-08
6.33934e-12
8.33765e-08
6.27333e-12
8.33765e-08
6.20008e-12
8.33765e-08
6.13217e-12
8.33765e-08
6.05935e-12
8.33765e-08
5.98999e-12
8.33765e-08
5.91734e-12
8.33765e-08
5.84695e-12
8.33765e-08
5.77439e-12
8.33765e-08
5.70332e-12
8.33765e-08
5.63085e-12
8.33765e-08
5.55939e-12
8.33765e-08
5.48707e-12
8.33765e-08
5.41547e-12
8.33765e-08
5.34339e-12
8.33765e-08
5.27188e-12
8.33765e-08
5.20016e-12
8.33765e-08
5.12894e-12
8.33765e-08
5.05772e-12
8.33765e-08
4.98702e-12
8.33765e-08
4.9165e-12
8.33765e-08
4.84657e-12
8.33765e-08
4.777e-12
8.33765e-08
4.70813e-12
8.33765e-08
4.63976e-12
8.33765e-08
4.57216e-12
8.33766e-08
4.50515e-12
8.33766e-08
4.43895e-12
8.33766e-08
4.37338e-12
8.33766e-08
4.30868e-12
8.33766e-08
4.24471e-12
8.33766e-08
4.18175e-12
8.33767e-08
4.11965e-12
8.33767e-08
4.05854e-12
8.33767e-08
3.99794e-12
8.33767e-08
3.93751e-12
8.33768e-08
3.87646e-12
8.33768e-08
3.81455e-12
8.33768e-08
3.75199e-12
8.33768e-08
3.68954e-12
8.33769e-08
3.62853e-12
8.33769e-08
3.56974e-12
8.33769e-08
3.51375e-12
8.3377e-08
3.46015e-12
8.3377e-08
3.40852e-12
8.3377e-08
3.35804e-12
8.33771e-08
3.30843e-12
8.33771e-08
3.2593e-12
8.33771e-08
3.2108e-12
8.33772e-08
3.1628e-12
8.33772e-08
3.11557e-12
8.33772e-08
3.06892e-12
8.33773e-08
3.02303e-12
8.33773e-08
2.97761e-12
8.33773e-08
2.93274e-12
8.33774e-08
2.888e-12
8.33774e-08
2.84335e-12
8.33775e-08
2.79821e-12
8.33775e-08
2.75232e-12
8.33775e-08
2.70486e-12
8.33776e-08
2.65522e-12
8.33776e-08
2.60215e-12
8.33777e-08
2.54449e-12
8.33777e-08
2.48032e-12
8.33777e-08
2.4077e-12
8.33778e-08
2.32372e-12
8.33778e-08
2.2252e-12
8.33778e-08
2.10751e-12
8.33779e-08
1.96393e-12
8.33779e-08
1.78149e-12
8.33779e-08
1.53098e-12
8.33779e-08
1.15517e-12
8.33779e-08
5.73042e-13
8.33779e-08
-1.37184e-13
8.33778e-08
-7.18585e-13
8.33778e-08
-1.09197e-12
8.33777e-08
-1.33877e-12
8.33777e-08
-1.51601e-12
8.33776e-08
-1.65285e-12
8.33775e-08
-1.76216e-12
8.33774e-08
-1.85074e-12
8.33774e-08
-1.92317e-12
8.33773e-08
-1.98271e-12
8.33772e-08
-2.0322e-12
8.33771e-08
-2.07364e-12
8.33771e-08
-2.10892e-12
8.3377e-08
-2.13923e-12
8.33769e-08
-2.16577e-12
8.33768e-08
-2.18923e-12
8.33767e-08
-2.21035e-12
8.33766e-08
-2.22949e-12
8.33765e-08
-2.24714e-12
8.33764e-08
-2.26344e-12
8.33763e-08
-2.27876e-12
8.33763e-08
-2.29314e-12
8.33762e-08
-2.30686e-12
8.33761e-08
-2.31994e-12
8.3376e-08
-2.33256e-12
8.33759e-08
-2.34469e-12
8.33758e-08
-2.35642e-12
8.33756e-08
-2.3676e-12
8.33755e-08
-2.37825e-12
8.33754e-08
-2.38821e-12
8.33753e-08
-2.39752e-12
8.33752e-08
-2.40613e-12
8.33751e-08
-2.41423e-12
8.3375e-08
-2.42188e-12
8.33748e-08
-2.4293e-12
8.33747e-08
-2.43651e-12
8.33746e-08
-2.44354e-12
8.33745e-08
-2.45032e-12
8.33743e-08
-2.45676e-12
8.33742e-08
-2.46277e-12
8.33741e-08
-2.46833e-12
8.33739e-08
-2.47342e-12
8.33738e-08
-2.47809e-12
8.33736e-08
-2.48234e-12
8.33735e-08
-2.48624e-12
8.33733e-08
-2.4898e-12
8.33732e-08
-2.49309e-12
8.3373e-08
-2.49613e-12
8.33729e-08
-2.49897e-12
8.33727e-08
-2.50166e-12
8.33725e-08
-2.50422e-12
8.33724e-08
-2.50674e-12
8.33722e-08
-2.50918e-12
8.3372e-08
-2.5117e-12
8.33718e-08
-2.51419e-12
8.33716e-08
-2.5169e-12
8.33715e-08
-2.5196e-12
8.33713e-08
-2.52272e-12
8.33711e-08
-2.52582e-12
8.33709e-08
-2.52957e-12
8.33707e-08
-2.53326e-12
8.33705e-08
-2.53793e-12
8.33703e-08
-2.54242e-12
8.337e-08
-2.54832e-12
8.33698e-08
-2.5538e-12
8.33696e-08
-2.56132e-12
8.33694e-08
-2.56799e-12
8.33692e-08
-2.57758e-12
8.33689e-08
-2.58563e-12
8.33687e-08
-2.59783e-12
8.33685e-08
-2.60743e-12
8.33682e-08
-2.62297e-12
8.3368e-08
-2.63428e-12
8.33677e-08
-2.65411e-12
8.33675e-08
-2.66731e-12
8.33672e-08
-2.69273e-12
8.3367e-08
-2.70809e-12
8.33667e-08
-2.74102e-12
8.33665e-08
-2.75904e-12
8.33662e-08
-2.80241e-12
8.33659e-08
-2.82419e-12
8.33657e-08
-2.88266e-12
8.33654e-08
-2.91053e-12
8.33651e-08
-2.99176e-12
8.33649e-08
-3.03069e-12
8.33646e-08
-3.14767e-12
8.33643e-08
-3.20778e-12
8.3364e-08
-3.383e-12
8.33637e-08
-3.48441e-12
8.33634e-08
-3.7572e-12
8.33631e-08
-3.93872e-12
8.33628e-08
-4.37824e-12
8.33625e-08
-4.71303e-12
8.33622e-08
-5.44105e-12
8.33618e-08
-6.06466e-12
8.33615e-08
-7.29544e-12
8.33611e-08
-8.45506e-12
8.33607e-08
-1.05644e-11
8.33602e-08
-1.27047e-11
8.33597e-08
-1.63483e-11
8.33591e-08
-2.02588e-11
8.33584e-08
-2.65735e-11
8.33576e-08
-3.36389e-11
8.33565e-08
-4.45803e-11
8.33552e-08
-5.72008e-11
8.33536e-08
-7.61048e-11
8.33514e-08
-9.83927e-11
8.33487e-08
-1.30898e-10
8.33451e-08
-1.69819e-10
8.33404e-08
-2.25365e-10
8.33343e-08
-2.92578e-10
8.33263e-08
-3.86805e-10
8.33156e-08
-5.01602e-10
8.33018e-08
-6.60143e-10
8.32834e-08
-8.54077e-10
8.32597e-08
-1.1185e-09
8.32282e-08
-1.44259e-09
8.31875e-08
-1.87963e-09
8.31338e-08
-2.4156e-09
8.30648e-08
-3.13159e-09
8.2974e-08
-4.00969e-09
8.28577e-08
-5.1739e-09
8.27056e-08
-6.60291e-09
8.25118e-08
-8.48898e-09
8.22606e-08
-1.08136e-08
8.19453e-08
-1.38854e-08
8.15453e-08
-1.7715e-08
8.10668e-08
-2.28302e-08
8.05017e-08
-2.93311e-08
7.99385e-08
-3.81151e-08
7.94648e-08
-4.91492e-08
7.95334e-08
-6.30771e-08
8.04487e-08
-7.67155e-08
8.34143e-08
-8.51313e-08
-7.15576e-08
8.55651e-08
5.80179e-08
7.21259e-08
-5.8461e-08
5.70069e-08
8.61573e-08
5.77767e-08
7.61512e-08
5.89603e-08
6.2023e-08
6.03181e-08
4.79243e-08
6.15324e-08
3.69944e-08
6.25826e-08
2.83601e-08
6.34377e-08
2.20333e-08
6.413e-08
1.70661e-08
6.46773e-08
1.33706e-08
6.51104e-08
1.04021e-08
6.54488e-08
8.16707e-09
6.57139e-08
6.34724e-09
6.59198e-08
4.97576e-09
6.608e-08
3.85299e-09
6.62038e-08
3.01143e-09
6.62997e-08
2.3211e-09
6.63734e-08
1.80822e-09
6.64302e-08
1.38687e-09
6.64737e-08
1.07725e-09
6.6507e-08
8.22227e-10
6.65324e-08
6.37262e-10
6.65518e-08
4.84214e-10
6.65665e-08
3.74925e-10
6.65777e-08
2.83838e-10
6.65862e-08
2.2001e-10
6.65927e-08
1.66225e-10
6.65975e-08
1.29398e-10
6.66013e-08
9.78649e-11
6.66041e-08
7.68853e-11
6.66062e-08
5.85065e-11
6.66078e-08
4.67142e-11
6.66091e-08
3.60489e-11
6.661e-08
2.95152e-11
6.66107e-08
2.33404e-11
6.66113e-08
1.97762e-11
6.66118e-08
1.61996e-11
6.66121e-08
1.42876e-11
6.66124e-08
1.2207e-11
6.66127e-08
1.11986e-11
6.66129e-08
9.97628e-12
6.66131e-08
9.45196e-12
6.66132e-08
8.72091e-12
6.66134e-08
8.44903e-12
6.66135e-08
7.99918e-12
6.66136e-08
7.8542e-12
6.66137e-08
7.56557e-12
6.66138e-08
7.48089e-12
6.66139e-08
7.28493e-12
6.6614e-08
7.22612e-12
6.66141e-08
7.08355e-12
6.66142e-08
7.03346e-12
6.66143e-08
6.92171e-12
6.66144e-08
6.87237e-12
6.66145e-08
6.77842e-12
6.66146e-08
6.7265e-12
6.66146e-08
6.64278e-12
6.66147e-08
6.58729e-12
6.66148e-08
6.50938e-12
6.66149e-08
6.45031e-12
6.66149e-08
6.37561e-12
6.6615e-08
6.31339e-12
6.66151e-08
6.24036e-12
6.66152e-08
6.17552e-12
6.66152e-08
6.10328e-12
6.66153e-08
6.03636e-12
6.66154e-08
5.9644e-12
6.66155e-08
5.89589e-12
6.66155e-08
5.824e-12
6.66156e-08
5.75432e-12
6.66157e-08
5.6824e-12
6.66157e-08
5.61192e-12
6.66158e-08
5.53999e-12
6.66159e-08
5.46902e-12
6.66159e-08
5.39714e-12
6.6616e-08
5.32595e-12
6.66161e-08
5.25423e-12
6.66161e-08
5.18305e-12
6.66162e-08
5.11161e-12
6.66163e-08
5.04065e-12
6.66163e-08
4.96966e-12
6.66164e-08
4.89915e-12
6.66165e-08
4.82881e-12
6.66166e-08
4.75904e-12
6.66166e-08
4.68962e-12
6.66167e-08
4.62088e-12
6.66168e-08
4.55264e-12
6.66168e-08
4.48517e-12
6.66169e-08
4.41829e-12
6.6617e-08
4.35222e-12
6.6617e-08
4.28677e-12
6.66171e-08
4.2222e-12
6.66172e-08
4.15837e-12
6.66173e-08
4.09553e-12
6.66173e-08
4.03356e-12
6.66174e-08
3.97258e-12
6.66175e-08
3.91208e-12
6.66175e-08
3.85177e-12
6.66176e-08
3.79082e-12
6.66177e-08
3.72901e-12
6.66178e-08
3.66657e-12
6.66178e-08
3.60427e-12
6.66179e-08
3.54342e-12
6.6618e-08
3.48483e-12
6.66181e-08
3.42906e-12
6.66181e-08
3.3757e-12
6.66182e-08
3.32433e-12
6.66183e-08
3.27411e-12
6.66183e-08
3.22478e-12
6.66184e-08
3.17593e-12
6.66185e-08
3.12772e-12
6.66186e-08
3.08003e-12
6.66186e-08
3.03311e-12
6.66187e-08
2.9868e-12
6.66188e-08
2.94127e-12
6.66189e-08
2.89625e-12
6.66189e-08
2.8518e-12
6.6619e-08
2.80753e-12
6.66191e-08
2.76339e-12
6.66191e-08
2.71885e-12
6.66192e-08
2.67363e-12
6.66193e-08
2.62696e-12
6.66194e-08
2.57825e-12
6.66194e-08
2.52629e-12
6.66195e-08
2.46997e-12
6.66196e-08
2.40746e-12
6.66196e-08
2.33687e-12
6.66197e-08
2.25543e-12
6.66197e-08
2.16006e-12
6.66198e-08
2.04632e-12
6.66198e-08
1.9077e-12
6.66199e-08
1.73161e-12
6.66199e-08
1.48977e-12
6.66199e-08
1.12679e-12
6.66199e-08
5.66268e-13
6.66199e-08
-1.16118e-13
6.66199e-08
-6.759e-13
6.66198e-08
-1.03637e-12
6.66197e-08
-1.27437e-12
6.66197e-08
-1.44508e-12
6.66196e-08
-1.57669e-12
6.66195e-08
-1.68172e-12
6.66194e-08
-1.76675e-12
6.66193e-08
-1.83619e-12
6.66192e-08
-1.89317e-12
6.66191e-08
-1.94041e-12
6.6619e-08
-1.97987e-12
6.66189e-08
-2.01332e-12
6.66188e-08
-2.04193e-12
6.66187e-08
-2.06687e-12
6.66186e-08
-2.08876e-12
6.66185e-08
-2.10835e-12
6.66184e-08
-2.12596e-12
6.66183e-08
-2.14208e-12
6.66182e-08
-2.15685e-12
6.6618e-08
-2.1706e-12
6.66179e-08
-2.1834e-12
6.66178e-08
-2.19551e-12
6.66177e-08
-2.20694e-12
6.66176e-08
-2.21789e-12
6.66174e-08
-2.22832e-12
6.66173e-08
-2.23831e-12
6.66172e-08
-2.24771e-12
6.6617e-08
-2.25655e-12
6.66169e-08
-2.26463e-12
6.66168e-08
-2.27202e-12
6.66166e-08
-2.27864e-12
6.66165e-08
-2.2847e-12
6.66164e-08
-2.29026e-12
6.66162e-08
-2.29555e-12
6.66161e-08
-2.3006e-12
6.66159e-08
-2.30544e-12
6.66158e-08
-2.31e-12
6.66156e-08
-2.31419e-12
6.66155e-08
-2.31792e-12
6.66153e-08
-2.32116e-12
6.66151e-08
-2.3239e-12
6.6615e-08
-2.32617e-12
6.66148e-08
-2.32798e-12
6.66146e-08
-2.32941e-12
6.66145e-08
-2.33047e-12
6.66143e-08
-2.33122e-12
6.66141e-08
-2.33168e-12
6.66139e-08
-2.33191e-12
6.66137e-08
-2.33197e-12
6.66135e-08
-2.33185e-12
6.66134e-08
-2.33167e-12
6.66132e-08
-2.33138e-12
6.6613e-08
-2.33115e-12
6.66128e-08
-2.33085e-12
6.66126e-08
-2.33076e-12
6.66124e-08
-2.33064e-12
6.66121e-08
-2.33091e-12
6.66119e-08
-2.33116e-12
6.66117e-08
-2.33204e-12
6.66115e-08
-2.33284e-12
6.66113e-08
-2.33463e-12
6.6611e-08
-2.33621e-12
6.66108e-08
-2.33922e-12
6.66106e-08
-2.34179e-12
6.66104e-08
-2.34642e-12
6.66101e-08
-2.35018e-12
6.66099e-08
-2.35689e-12
6.66096e-08
-2.36205e-12
6.66094e-08
-2.37141e-12
6.66091e-08
-2.37814e-12
6.66089e-08
-2.39088e-12
6.66086e-08
-2.39935e-12
6.66083e-08
-2.41642e-12
6.66081e-08
-2.42682e-12
6.66078e-08
-2.44955e-12
6.66075e-08
-2.46214e-12
6.66073e-08
-2.49243e-12
6.6607e-08
-2.50769e-12
6.66067e-08
-2.54845e-12
6.66064e-08
-2.56741e-12
6.66061e-08
-2.62323e-12
6.66059e-08
-2.64812e-12
6.66056e-08
-2.7265e-12
6.66053e-08
-2.76204e-12
6.6605e-08
-2.87565e-12
6.66047e-08
-2.93151e-12
6.66044e-08
-3.10225e-12
6.6604e-08
-3.19766e-12
6.66037e-08
-3.46371e-12
6.66034e-08
-3.63583e-12
6.6603e-08
-4.0642e-12
6.66027e-08
-4.3832e-12
6.66023e-08
-5.0917e-12
6.66019e-08
-5.68759e-12
6.66014e-08
-6.88327e-12
6.6601e-08
-7.99329e-12
6.66004e-08
-1.00389e-11
6.65997e-08
-1.20899e-11
6.6599e-08
-1.5618e-11
6.65981e-08
-1.93677e-11
6.65969e-08
-2.5474e-11
6.65955e-08
-3.22516e-11
6.65937e-08
-4.28197e-11
6.65914e-08
-5.49288e-11
6.65884e-08
-7.31702e-11
6.65846e-08
-9.4557e-11
6.65795e-08
-1.25897e-10
6.65729e-08
-1.63244e-10
6.65643e-08
-2.16761e-10
6.65529e-08
-2.81251e-10
6.65381e-08
-3.71979e-10
6.65185e-08
-4.82113e-10
6.6493e-08
-6.34684e-10
6.64596e-08
-8.20709e-10
6.64162e-08
-1.07506e-09
6.63594e-08
-1.38587e-09
6.62858e-08
-1.80608e-09
6.61902e-08
-2.32e-09
6.60667e-08
-3.00818e-09
6.5907e-08
-3.85003e-09
6.57019e-08
-4.96884e-09
6.54379e-08
-6.33894e-09
6.51009e-08
-8.15201e-09
6.46699e-08
-1.03826e-08
6.4125e-08
-1.33405e-08
6.34364e-08
-1.70264e-08
6.25851e-08
-2.19789e-08
6.15411e-08
-2.82872e-08
6.03309e-08
-3.6905e-08
5.89824e-08
-4.78006e-08
5.77961e-08
-6.18908e-08
5.70434e-08
-7.59628e-08
5.80098e-08
-8.60978e-08
-7.21037e-08
5.85559e-08
3.96922e-08
7.1419e-08
-3.89854e-08
4.01402e-08
8.57093e-08
4.19347e-08
7.43566e-08
4.38328e-08
6.01249e-08
4.56474e-08
4.61097e-08
4.71919e-08
3.54499e-08
4.84798e-08
2.70722e-08
4.95213e-08
2.09917e-08
5.03575e-08
1.62299e-08
5.1021e-08
1.2707e-08
5.15455e-08
9.87758e-09
5.19578e-08
7.75467e-09
5.2281e-08
6.02402e-09
5.25337e-08
4.72312e-09
5.27304e-08
3.65622e-09
5.28834e-08
2.85839e-09
5.30019e-08
2.20257e-09
5.30936e-08
1.71647e-09
5.31643e-08
1.31618e-09
5.32187e-08
1.02277e-09
5.32605e-08
7.80462e-10
5.32925e-08
6.0519e-10
5.3317e-08
4.59736e-10
5.33357e-08
3.56181e-10
5.33499e-08
2.69584e-10
5.33608e-08
2.09112e-10
5.3369e-08
1.5796e-10
5.33753e-08
1.23078e-10
5.33801e-08
9.30751e-11
5.33837e-08
7.3212e-11
5.33865e-08
5.57165e-11
5.33886e-08
4.45585e-11
5.33902e-08
3.43999e-11
5.33915e-08
2.82232e-11
5.33925e-08
2.23377e-11
5.33932e-08
1.89728e-11
5.33938e-08
1.55611e-11
5.33943e-08
1.37596e-11
5.33947e-08
1.17731e-11
5.33951e-08
1.08259e-11
5.33954e-08
9.65763e-12
5.33956e-08
9.16722e-12
5.33959e-08
8.46779e-12
5.33961e-08
8.21502e-12
5.33963e-08
7.78412e-12
5.33964e-08
7.65028e-12
5.33966e-08
7.37347e-12
5.33968e-08
7.29566e-12
5.33969e-08
7.10746e-12
5.33971e-08
7.05325e-12
5.33972e-08
6.91611e-12
5.33974e-08
6.8694e-12
5.33975e-08
6.7617e-12
5.33976e-08
6.71505e-12
5.33978e-08
6.6243e-12
5.33979e-08
6.57469e-12
5.3398e-08
6.49361e-12
5.33981e-08
6.44016e-12
5.33983e-08
6.36452e-12
5.33984e-08
6.30731e-12
5.33985e-08
6.2346e-12
5.33986e-08
6.17408e-12
5.33987e-08
6.10282e-12
5.33989e-08
6.03954e-12
5.3399e-08
5.96889e-12
5.33991e-08
5.90341e-12
5.33992e-08
5.8329e-12
5.33993e-08
5.76571e-12
5.33994e-08
5.69512e-12
5.33995e-08
5.62666e-12
5.33996e-08
5.55592e-12
5.33997e-08
5.48656e-12
5.33999e-08
5.41571e-12
5.34e-08
5.34576e-12
5.34001e-08
5.27487e-12
5.34002e-08
5.20462e-12
5.34003e-08
5.1338e-12
5.34004e-08
5.06347e-12
5.34005e-08
4.99286e-12
5.34006e-08
4.9227e-12
5.34007e-08
4.85246e-12
5.34008e-08
4.7827e-12
5.34009e-08
4.71307e-12
5.3401e-08
4.64399e-12
5.34011e-08
4.57524e-12
5.34012e-08
4.50715e-12
5.34013e-08
4.43956e-12
5.34014e-08
4.37272e-12
5.34015e-08
4.30646e-12
5.34016e-08
4.241e-12
5.34017e-08
4.17618e-12
5.34018e-08
4.11221e-12
5.34019e-08
4.04897e-12
5.3402e-08
3.98673e-12
5.34021e-08
3.92534e-12
5.34022e-08
3.86494e-12
5.34023e-08
3.80501e-12
5.34024e-08
3.74525e-12
5.34024e-08
3.68486e-12
5.34025e-08
3.6236e-12
5.34026e-08
3.56173e-12
5.34027e-08
3.50001e-12
5.34028e-08
3.43975e-12
5.34029e-08
3.38177e-12
5.3403e-08
3.32661e-12
5.34031e-08
3.27387e-12
5.34032e-08
3.22311e-12
5.34033e-08
3.17352e-12
5.34034e-08
3.1248e-12
5.34035e-08
3.07657e-12
5.34036e-08
3.02898e-12
5.34037e-08
2.98193e-12
5.34037e-08
2.93565e-12
5.34038e-08
2.89e-12
5.34039e-08
2.84516e-12
5.3404e-08
2.80084e-12
5.34041e-08
2.75712e-12
5.34042e-08
2.71364e-12
5.34043e-08
2.67034e-12
5.34044e-08
2.62671e-12
5.34044e-08
2.58252e-12
5.34045e-08
2.537e-12
5.34046e-08
2.48961e-12
5.34047e-08
2.43918e-12
5.34048e-08
2.3847e-12
5.34048e-08
2.32439e-12
5.34049e-08
2.25648e-12
5.3405e-08
2.17833e-12
5.34051e-08
2.08703e-12
5.34051e-08
1.97831e-12
5.34052e-08
1.84595e-12
5.34052e-08
1.67769e-12
5.34053e-08
1.44607e-12
5.34053e-08
1.0972e-12
5.34053e-08
5.58078e-13
5.34053e-08
-9.7925e-14
5.34052e-08
-6.36304e-13
5.34052e-08
-9.82625e-13
5.34051e-08
-1.2103e-12
5.3405e-08
-1.37305e-12
5.34049e-08
-1.49822e-12
5.34049e-08
-1.598e-12
5.34048e-08
-1.67868e-12
5.34047e-08
-1.74449e-12
5.34046e-08
-1.79841e-12
5.34045e-08
-1.84303e-12
5.34044e-08
-1.88018e-12
5.34042e-08
-1.91158e-12
5.34041e-08
-1.93832e-12
5.3404e-08
-1.9615e-12
5.34039e-08
-1.98174e-12
5.34038e-08
-1.99973e-12
5.34037e-08
-2.01578e-12
5.34036e-08
-2.03036e-12
5.34034e-08
-2.04358e-12
5.34033e-08
-2.05579e-12
5.34032e-08
-2.06703e-12
5.34031e-08
-2.07757e-12
5.3403e-08
-2.0874e-12
5.34028e-08
-2.09674e-12
5.34027e-08
-2.10552e-12
5.34026e-08
-2.11385e-12
5.34024e-08
-2.12156e-12
5.34023e-08
-2.12866e-12
5.34022e-08
-2.13497e-12
5.3402e-08
-2.14053e-12
5.34019e-08
-2.14529e-12
5.34017e-08
-2.14944e-12
5.34016e-08
-2.15306e-12
5.34014e-08
-2.15637e-12
5.34013e-08
-2.15941e-12
5.34011e-08
-2.16222e-12
5.3401e-08
-2.16471e-12
5.34008e-08
-2.16682e-12
5.34007e-08
-2.16843e-12
5.34005e-08
-2.16954e-12
5.34003e-08
-2.1701e-12
5.34002e-08
-2.17017e-12
5.34e-08
-2.16975e-12
5.33998e-08
-2.16892e-12
5.33997e-08
-2.16768e-12
5.33995e-08
-2.16611e-12
5.33993e-08
-2.16422e-12
5.33991e-08
-2.16208e-12
5.33989e-08
-2.15972e-12
5.33988e-08
-2.15718e-12
5.33986e-08
-2.15454e-12
5.33984e-08
-2.15178e-12
5.33982e-08
-2.14904e-12
5.3398e-08
-2.14622e-12
5.33978e-08
-2.14359e-12
5.33976e-08
-2.14091e-12
5.33974e-08
-2.1386e-12
5.33972e-08
-2.13625e-12
5.33969e-08
-2.13453e-12
5.33967e-08
-2.13273e-12
5.33965e-08
-2.13188e-12
5.33963e-08
-2.13083e-12
5.33961e-08
-2.1312e-12
5.33958e-08
-2.13114e-12
5.33956e-08
-2.13312e-12
5.33954e-08
-2.13426e-12
5.33951e-08
-2.13832e-12
5.33949e-08
-2.14087e-12
5.33947e-08
-2.14759e-12
5.33944e-08
-2.15173e-12
5.33942e-08
-2.16183e-12
5.33939e-08
-2.16776e-12
5.33937e-08
-2.18219e-12
5.33934e-08
-2.1901e-12
5.33932e-08
-2.21017e-12
5.33929e-08
-2.2203e-12
5.33926e-08
-2.24789e-12
5.33924e-08
-2.26072e-12
5.33921e-08
-2.29865e-12
5.33918e-08
-2.31516e-12
5.33915e-08
-2.36787e-12
5.33913e-08
-2.39015e-12
5.3391e-08
-2.4649e-12
5.33907e-08
-2.49739e-12
5.33904e-08
-2.60635e-12
5.33901e-08
-2.65817e-12
5.33898e-08
-2.82231e-12
5.33895e-08
-2.91163e-12
5.33892e-08
-3.16747e-12
5.33888e-08
-3.32944e-12
5.33885e-08
-3.74096e-12
5.33881e-08
-4.04197e-12
5.33877e-08
-4.72155e-12
5.33873e-08
-5.28472e-12
5.33868e-08
-6.42964e-12
5.33863e-08
-7.47969e-12
5.33857e-08
-9.43536e-12
5.33849e-08
-1.13767e-11
5.3384e-08
-1.4745e-11
5.33829e-08
-1.82959e-11
5.33815e-08
-2.41189e-11
5.33798e-08
-3.05392e-11
5.33776e-08
-4.06079e-11
5.33747e-08
-5.20812e-11
5.33709e-08
-6.94478e-11
5.33661e-08
-8.97149e-11
5.33597e-08
-1.19535e-10
5.33513e-08
-1.5493e-10
5.33404e-08
-2.05827e-10
5.3326e-08
-2.66952e-10
5.33072e-08
-3.53207e-10
5.32827e-08
-4.57601e-10
5.32506e-08
-6.02608e-10
5.32088e-08
-7.78945e-10
5.31543e-08
-1.02063e-09
5.30837e-08
-1.31528e-09
5.29921e-08
-1.71451e-09
5.28738e-08
-2.20174e-09
5.27212e-08
-2.85556e-09
5.25249e-08
-3.65382e-09
5.22731e-08
-4.71699e-09
5.19509e-08
-6.01681e-09
5.15399e-08
-7.74108e-09
5.10175e-08
-9.86015e-09
5.03566e-08
-1.26797e-08
4.95242e-08
-1.6194e-08
4.84871e-08
-2.09418e-08
4.72059e-08
-2.7006e-08
4.56676e-08
-3.53668e-08
4.38644e-08
-4.59975e-08
4.1971e-08
-5.99974e-08
4.02011e-08
-7.41929e-08
3.97228e-08
-8.56195e-08
-7.14979e-08
3.91169e-08
2.6783e-08
6.99529e-08
-2.53169e-08
2.82049e-08
8.42875e-08
3.05211e-08
7.20404e-08
3.27342e-08
5.79118e-08
3.47122e-08
4.41317e-08
3.63659e-08
3.37962e-08
3.77244e-08
2.57136e-08
3.88219e-08
1.98942e-08
3.97005e-08
1.53514e-08
4.03999e-08
1.20076e-08
4.09529e-08
9.3246e-09
4.13895e-08
7.31799e-09
4.1732e-08
5.6815e-09
4.20009e-08
4.45421e-09
4.22105e-08
3.44661e-09
4.23742e-08
2.69466e-09
4.25011e-08
2.07567e-09
4.25997e-08
1.61781e-09
4.26757e-08
1.24014e-09
4.27346e-08
9.63895e-10
4.27797e-08
7.35321e-10
4.28145e-08
5.70364e-10
4.2841e-08
4.3316e-10
4.28615e-08
3.35731e-10
4.2877e-08
2.54042e-10
4.28889e-08
1.97169e-10
4.28979e-08
1.48912e-10
4.29049e-08
1.16122e-10
4.29101e-08
8.78139e-11
4.29141e-08
6.91534e-11
4.29172e-08
5.26434e-11
4.29195e-08
4.21693e-11
4.29213e-08
3.25804e-11
4.29228e-08
2.67884e-11
4.29238e-08
2.1231e-11
4.29247e-08
1.80802e-11
4.29254e-08
1.48572e-11
4.2926e-08
1.31737e-11
4.29264e-08
1.1296e-11
4.29268e-08
1.04134e-11
4.29271e-08
9.30832e-12
4.29274e-08
8.85318e-12
4.29277e-08
8.19101e-12
4.29279e-08
7.95765e-12
4.29281e-08
7.54927e-12
4.29283e-08
7.42639e-12
4.29285e-08
7.16369e-12
4.29287e-08
7.09242e-12
4.29289e-08
6.9135e-12
4.2929e-08
6.86354e-12
4.29292e-08
6.73286e-12
4.29294e-08
6.68924e-12
4.29295e-08
6.58631e-12
4.29297e-08
6.54217e-12
4.29298e-08
6.45514e-12
4.293e-08
6.40772e-12
4.29301e-08
6.32971e-12
4.29303e-08
6.27827e-12
4.29304e-08
6.20524e-12
4.29306e-08
6.14992e-12
4.29307e-08
6.0795e-12
4.29308e-08
6.02076e-12
4.2931e-08
5.95155e-12
4.29311e-08
5.88997e-12
4.29312e-08
5.82117e-12
4.29314e-08
5.75729e-12
4.29315e-08
5.68847e-12
4.29316e-08
5.6228e-12
4.29317e-08
5.55377e-12
4.29319e-08
5.48674e-12
4.2932e-08
5.41744e-12
4.29321e-08
5.34943e-12
4.29322e-08
5.27991e-12
4.29324e-08
5.21123e-12
4.29325e-08
5.14159e-12
4.29326e-08
5.07253e-12
4.29327e-08
5.00288e-12
4.29328e-08
4.93367e-12
4.29329e-08
4.86416e-12
4.29331e-08
4.79505e-12
4.29332e-08
4.72585e-12
4.29333e-08
4.65708e-12
4.29334e-08
4.58843e-12
4.29335e-08
4.52031e-12
4.29336e-08
4.4525e-12
4.29337e-08
4.38533e-12
4.29338e-08
4.31864e-12
4.2934e-08
4.25269e-12
4.29341e-08
4.18731e-12
4.29342e-08
4.12273e-12
4.29343e-08
4.05876e-12
4.29344e-08
3.99564e-12
4.29345e-08
3.93325e-12
4.29346e-08
3.87183e-12
4.29347e-08
3.81126e-12
4.29348e-08
3.75166e-12
4.29349e-08
3.69253e-12
4.2935e-08
3.63355e-12
4.29351e-08
3.57395e-12
4.29352e-08
3.51348e-12
4.29353e-08
3.45239e-12
4.29354e-08
3.39147e-12
4.29355e-08
3.33201e-12
4.29356e-08
3.27483e-12
4.29357e-08
3.22048e-12
4.29358e-08
3.16853e-12
4.29359e-08
3.11857e-12
4.2936e-08
3.06976e-12
4.29361e-08
3.02183e-12
4.29362e-08
2.97438e-12
4.29363e-08
2.92758e-12
4.29364e-08
2.88131e-12
4.29365e-08
2.83583e-12
4.29366e-08
2.791e-12
4.29367e-08
2.74697e-12
4.29368e-08
2.7035e-12
4.29368e-08
2.66067e-12
4.29369e-08
2.61811e-12
4.2937e-08
2.57579e-12
4.29371e-08
2.53322e-12
4.29372e-08
2.49019e-12
4.29373e-08
2.44597e-12
4.29374e-08
2.40006e-12
4.29375e-08
2.35136e-12
4.29375e-08
2.29891e-12
4.29376e-08
2.24102e-12
4.29377e-08
2.17604e-12
4.29378e-08
2.10146e-12
4.29378e-08
2.01454e-12
4.29379e-08
1.91122e-12
4.2938e-08
1.78553e-12
4.2938e-08
1.62555e-12
4.2938e-08
1.40447e-12
4.29381e-08
1.06947e-12
4.29381e-08
5.49814e-13
4.2938e-08
-8.3036e-14
4.2938e-08
-6.01944e-13
4.2938e-08
-9.34372e-13
4.29379e-08
-1.15147e-12
4.29378e-08
-1.30584e-12
4.29377e-08
-1.42421e-12
4.29377e-08
-1.51843e-12
4.29376e-08
-1.59453e-12
4.29375e-08
-1.65654e-12
4.29374e-08
-1.70727e-12
4.29373e-08
-1.74916e-12
4.29372e-08
-1.78396e-12
4.29371e-08
-1.81328e-12
4.2937e-08
-1.83815e-12
4.29369e-08
-1.85961e-12
4.29368e-08
-1.87823e-12
4.29367e-08
-1.89468e-12
4.29365e-08
-1.90925e-12
4.29364e-08
-1.92236e-12
4.29363e-08
-1.93415e-12
4.29362e-08
-1.94492e-12
4.29361e-08
-1.95472e-12
4.2936e-08
-1.96381e-12
4.29358e-08
-1.97219e-12
4.29357e-08
-1.98006e-12
4.29356e-08
-1.98735e-12
4.29355e-08
-1.99416e-12
4.29354e-08
-2.00034e-12
4.29352e-08
-2.00587e-12
4.29351e-08
-2.01059e-12
4.2935e-08
-2.01453e-12
4.29348e-08
-2.01761e-12
4.29347e-08
-2.02007e-12
4.29346e-08
-2.02195e-12
4.29344e-08
-2.0235e-12
4.29343e-08
-2.02476e-12
4.29341e-08
-2.02577e-12
4.2934e-08
-2.02644e-12
4.29338e-08
-2.0267e-12
4.29337e-08
-2.02644e-12
4.29335e-08
-2.02566e-12
4.29334e-08
-2.0243e-12
4.29332e-08
-2.02244e-12
4.29331e-08
-2.02005e-12
4.29329e-08
-2.01723e-12
4.29327e-08
-2.01398e-12
4.29326e-08
-2.01037e-12
4.29324e-08
-2.00643e-12
4.29322e-08
-2.00221e-12
4.29321e-08
-1.99775e-12
4.29319e-08
-1.99309e-12
4.29317e-08
-1.9883e-12
4.29315e-08
-1.98338e-12
4.29314e-08
-1.97846e-12
4.29312e-08
-1.97344e-12
4.2931e-08
-1.96859e-12
4.29308e-08
-1.96368e-12
4.29306e-08
-1.95913e-12
4.29304e-08
-1.95453e-12
4.29302e-08
-1.95053e-12
4.293e-08
-1.94645e-12
4.29298e-08
-1.94331e-12
4.29296e-08
-1.93998e-12
4.29294e-08
-1.93804e-12
4.29292e-08
-1.9357e-12
4.2929e-08
-1.93535e-12
4.29288e-08
-1.93421e-12
4.29286e-08
-1.93593e-12
4.29283e-08
-1.93622e-12
4.29281e-08
-1.94059e-12
4.29279e-08
-1.94251e-12
4.29277e-08
-1.95023e-12
4.29274e-08
-1.95398e-12
4.29272e-08
-1.96601e-12
4.2927e-08
-1.97178e-12
4.29267e-08
-1.98938e-12
4.29265e-08
-1.99743e-12
4.29263e-08
-2.02243e-12
4.2926e-08
-2.03322e-12
4.29258e-08
-2.06835e-12
4.29255e-08
-2.0828e-12
4.29253e-08
-2.1323e-12
4.2925e-08
-2.15237e-12
4.29247e-08
-2.22316e-12
4.29245e-08
-2.253e-12
4.29242e-08
-2.35666e-12
4.29239e-08
-2.40479e-12
4.29237e-08
-2.56121e-12
4.29234e-08
-2.64465e-12
4.29231e-08
-2.88839e-12
4.29228e-08
-3.04008e-12
4.29224e-08
-3.43164e-12
4.29221e-08
-3.71386e-12
4.29217e-08
-4.35938e-12
4.29213e-08
-4.88771e-12
4.29208e-08
-5.9734e-12
4.29203e-08
-6.95893e-12
4.29196e-08
-8.81071e-12
4.29189e-08
-1.06335e-11
4.29179e-08
-1.3819e-11
4.29168e-08
-1.71543e-11
4.29153e-08
-2.26565e-11
4.29134e-08
-2.86892e-11
4.2911e-08
-3.81967e-11
4.29079e-08
-4.89812e-11
4.29038e-08
-6.53724e-11
4.28984e-08
-8.4429e-11
4.28915e-08
-1.12566e-10
4.28824e-08
-1.45857e-10
4.28704e-08
-1.93873e-10
4.28548e-08
-2.51384e-10
4.28343e-08
-3.32749e-10
4.28077e-08
-4.31001e-10
4.27728e-08
-5.6779e-10
4.27277e-08
-7.33804e-10
4.26688e-08
-9.61814e-10
4.25928e-08
-1.2393e-09
4.24943e-08
-1.61602e-09
4.23676e-08
-2.07506e-09
4.22042e-08
-2.6922e-09
4.19951e-08
-3.44469e-09
4.17269e-08
-4.44882e-09
4.13853e-08
-5.67526e-09
4.095e-08
-7.3058e-09
4.03989e-08
-9.30907e-09
3.9702e-08
-1.19828e-08
3.8827e-08
-1.5319e-08
3.7734e-08
-1.98488e-08
3.6382e-08
-2.5654e-08
3.47356e-08
-3.37204e-08
3.27694e-08
-4.40313e-08
3.05657e-08
-5.77938e-08
2.8277e-08
-7.19042e-08
2.68437e-08
-8.41863e-08
-7.01311e-08
2.5477e-08
1.78457e-08
6.80428e-08
-1.59357e-08
1.9845e-08
8.22881e-08
2.23333e-08
6.95521e-08
2.45977e-08
5.56475e-08
2.65532e-08
4.21762e-08
2.81756e-08
3.21738e-08
2.9499e-08
2.43901e-08
3.0569e-08
1.88242e-08
3.14246e-08
1.44958e-08
3.21077e-08
1.13244e-08
3.26481e-08
8.78422e-09
3.30762e-08
6.88986e-09
3.34123e-08
5.34538e-09
3.3677e-08
4.18947e-09
3.38836e-08
3.24006e-09
3.40454e-08
2.5328e-09
3.41709e-08
1.95013e-09
3.42688e-08
1.51988e-09
3.43443e-08
1.1646e-09
3.4403e-08
9.05224e-10
3.4448e-08
6.90309e-10
3.44828e-08
5.35521e-10
3.45094e-08
4.0656e-10
3.45299e-08
3.15192e-10
3.45455e-08
2.38431e-10
3.45575e-08
1.8513e-10
3.45666e-08
1.39794e-10
3.45736e-08
1.09087e-10
3.45789e-08
8.24973e-11
3.4583e-08
6.50375e-11
3.45861e-08
4.95313e-11
3.45885e-08
3.97416e-11
3.45904e-08
3.0736e-11
3.45918e-08
2.53294e-11
3.45929e-08
2.01097e-11
3.45938e-08
1.71734e-11
3.45945e-08
1.41457e-11
3.45951e-08
1.25803e-11
3.45955e-08
1.08158e-11
3.45959e-08
9.99748e-12
3.45963e-08
8.95852e-12
3.45966e-08
8.53826e-12
3.45968e-08
7.91523e-12
3.45971e-08
7.70081e-12
3.45973e-08
7.31617e-12
3.45975e-08
7.20379e-12
3.45977e-08
6.95596e-12
3.45979e-08
6.89081e-12
3.4598e-08
6.72165e-12
3.45982e-08
6.67557e-12
3.45984e-08
6.55164e-12
3.45985e-08
6.51082e-12
3.45987e-08
6.41285e-12
3.45988e-08
6.37097e-12
3.4599e-08
6.28779e-12
3.45991e-08
6.24237e-12
3.45993e-08
6.1675e-12
3.45994e-08
6.11793e-12
3.45996e-08
6.04757e-12
3.45997e-08
5.99404e-12
3.45999e-08
5.92595e-12
3.46e-08
5.86894e-12
3.46001e-08
5.80181e-12
3.46003e-08
5.7419e-12
3.46004e-08
5.67499e-12
3.46005e-08
5.61272e-12
3.46007e-08
5.54564e-12
3.46008e-08
5.4815e-12
3.46009e-08
5.41409e-12
3.46011e-08
5.34852e-12
3.46012e-08
5.28073e-12
3.46013e-08
5.21411e-12
3.46014e-08
5.14601e-12
3.46015e-08
5.07865e-12
3.46017e-08
5.01034e-12
3.46018e-08
4.94253e-12
3.46019e-08
4.87414e-12
3.4602e-08
4.80613e-12
3.46021e-08
4.73781e-12
3.46022e-08
4.66984e-12
3.46024e-08
4.60177e-12
3.46025e-08
4.5341e-12
3.46026e-08
4.46653e-12
3.46027e-08
4.39945e-12
3.46028e-08
4.33268e-12
3.46029e-08
4.26652e-12
3.4603e-08
4.20084e-12
3.46031e-08
4.13587e-12
3.46032e-08
4.07147e-12
3.46033e-08
4.00784e-12
3.46035e-08
3.94483e-12
3.46036e-08
3.88265e-12
3.46037e-08
3.82118e-12
3.46038e-08
3.76068e-12
3.46039e-08
3.70101e-12
3.4604e-08
3.6423e-12
3.46041e-08
3.58405e-12
3.46042e-08
3.52594e-12
3.46043e-08
3.4672e-12
3.46044e-08
3.4076e-12
3.46045e-08
3.34739e-12
3.46046e-08
3.28733e-12
3.46047e-08
3.22875e-12
3.46048e-08
3.17244e-12
3.46049e-08
3.11894e-12
3.4605e-08
3.06785e-12
3.4605e-08
3.01874e-12
3.46051e-08
2.97077e-12
3.46052e-08
2.92367e-12
3.46053e-08
2.87705e-12
3.46054e-08
2.83108e-12
3.46055e-08
2.78564e-12
3.46056e-08
2.741e-12
3.46057e-08
2.69701e-12
3.46058e-08
2.65384e-12
3.46059e-08
2.61125e-12
3.4606e-08
2.56932e-12
3.4606e-08
2.52772e-12
3.46061e-08
2.48641e-12
3.46062e-08
2.44492e-12
3.46063e-08
2.40308e-12
3.46064e-08
2.36018e-12
3.46065e-08
2.31577e-12
3.46065e-08
2.2688e-12
3.46066e-08
2.21837e-12
3.46067e-08
2.1629e-12
3.46068e-08
2.10082e-12
3.46068e-08
2.02978e-12
3.46069e-08
1.94719e-12
3.46069e-08
1.84918e-12
3.4607e-08
1.73003e-12
3.4607e-08
1.57813e-12
3.46071e-08
1.36712e-12
3.46071e-08
1.04493e-12
3.46071e-08
5.42152e-13
3.46071e-08
-7.12865e-14
3.46071e-08
-5.73326e-13
3.4607e-08
-8.92927e-13
3.4607e-08
-1.09991e-12
3.46069e-08
-1.24616e-12
3.46068e-08
-1.35791e-12
3.46067e-08
-1.4467e-12
3.46067e-08
-1.51835e-12
3.46066e-08
-1.57666e-12
3.46065e-08
-1.6243e-12
3.46064e-08
-1.66358e-12
3.46063e-08
-1.69613e-12
3.46062e-08
-1.72347e-12
3.46061e-08
-1.74657e-12
3.4606e-08
-1.76642e-12
3.46059e-08
-1.78355e-12
3.46058e-08
-1.7986e-12
3.46057e-08
-1.81181e-12
3.46056e-08
-1.82361e-12
3.46055e-08
-1.83411e-12
3.46054e-08
-1.8436e-12
3.46053e-08
-1.85213e-12
3.46052e-08
-1.85994e-12
3.46051e-08
-1.86704e-12
3.4605e-08
-1.87361e-12
3.46049e-08
-1.87959e-12
3.46048e-08
-1.88508e-12
3.46046e-08
-1.88991e-12
3.46045e-08
-1.89409e-12
3.46044e-08
-1.89742e-12
3.46043e-08
-1.89994e-12
3.46042e-08
-1.90159e-12
3.46041e-08
-1.90258e-12
3.46039e-08
-1.90296e-12
3.46038e-08
-1.903e-12
3.46037e-08
-1.90273e-12
3.46035e-08
-1.90218e-12
3.46034e-08
-1.90129e-12
3.46033e-08
-1.89996e-12
3.46031e-08
-1.8981e-12
3.4603e-08
-1.8957e-12
3.46029e-08
-1.8927e-12
3.46027e-08
-1.88918e-12
3.46026e-08
-1.88511e-12
3.46024e-08
-1.88059e-12
3.46023e-08
-1.87563e-12
3.46022e-08
-1.87028e-12
3.4602e-08
-1.86459e-12
3.46019e-08
-1.85859e-12
3.46017e-08
-1.85235e-12
3.46015e-08
-1.84588e-12
3.46014e-08
-1.83928e-12
3.46012e-08
-1.83251e-12
3.46011e-08
-1.82574e-12
3.46009e-08
-1.81886e-12
3.46007e-08
-1.81212e-12
3.46006e-08
-1.80533e-12
3.46004e-08
-1.79886e-12
3.46002e-08
-1.79235e-12
3.46001e-08
-1.78642e-12
3.45999e-08
-1.78042e-12
3.45997e-08
-1.77532e-12
3.45995e-08
-1.77007e-12
3.45993e-08
-1.76615e-12
3.45992e-08
-1.76188e-12
3.4599e-08
-1.75954e-12
3.45988e-08
-1.75649e-12
3.45986e-08
-1.7562e-12
3.45984e-08
-1.75459e-12
3.45982e-08
-1.75693e-12
3.4598e-08
-1.75698e-12
3.45978e-08
-1.76264e-12
3.45976e-08
-1.76456e-12
3.45974e-08
-1.77447e-12
3.45972e-08
-1.77847e-12
3.4597e-08
-1.79387e-12
3.45968e-08
-1.8002e-12
3.45966e-08
-1.82284e-12
3.45963e-08
-1.83195e-12
3.45961e-08
-1.86444e-12
3.45959e-08
-1.8772e-12
3.45957e-08
-1.9236e-12
3.45955e-08
-1.94182e-12
3.45952e-08
-2.00867e-12
3.4595e-08
-2.03622e-12
3.45948e-08
-2.13446e-12
3.45945e-08
-2.17926e-12
3.45943e-08
-2.32762e-12
3.4594e-08
-2.40551e-12
3.45938e-08
-2.63652e-12
3.45935e-08
-2.77819e-12
3.45932e-08
-3.1487e-12
3.45929e-08
-3.41228e-12
3.45925e-08
-4.02198e-12
3.45921e-08
-4.51542e-12
3.45917e-08
-5.53911e-12
3.45912e-08
-6.45973e-12
3.45905e-08
-8.20333e-12
3.45898e-08
-9.90664e-12
3.45889e-08
-1.29031e-11
3.45877e-08
-1.60212e-11
3.45862e-08
-2.1193e-11
3.45843e-08
-2.68361e-11
3.45819e-08
-3.57691e-11
3.45788e-08
-4.58626e-11
3.45746e-08
-6.12603e-11
3.45693e-08
-7.91061e-11
3.45623e-08
-1.05537e-10
3.45531e-08
-1.36731e-10
3.45411e-08
-1.8184e-10
3.45254e-08
-2.35759e-10
3.45049e-08
-3.12216e-10
3.44782e-08
-4.04384e-10
3.44434e-08
-5.32962e-10
3.43983e-08
-6.88789e-10
3.43397e-08
-9.03196e-10
3.42642e-08
-1.16382e-09
3.41664e-08
-1.51824e-09
3.4041e-08
-1.94968e-09
3.38795e-08
-2.53066e-09
3.36733e-08
-3.23855e-09
3.34092e-08
-4.18473e-09
3.30739e-08
-5.33998e-09
3.2647e-08
-6.87892e-09
3.21083e-08
-8.77038e-09
3.14275e-08
-1.1302e-08
3.05751e-08
-1.44667e-08
2.95094e-08
-1.87832e-08
2.81921e-08
-2.43366e-08
2.6577e-08
-3.21053e-08
2.46328e-08
-4.20871e-08
2.23802e-08
-5.55412e-08
1.99187e-08
-6.94427e-08
1.79267e-08
-8.21943e-08
-6.83191e-08
1.61147e-08
1.17455e-08
6.5929e-08
-9.63172e-09
1.40204e-08
8.00133e-08
1.64591e-08
6.71133e-08
1.86163e-08
5.34903e-08
2.04424e-08
4.035e-08
2.19529e-08
3.06633e-08
2.31805e-08
2.31625e-08
2.41743e-08
1.78303e-08
2.49689e-08
1.37012e-08
2.56048e-08
1.06885e-08
2.61081e-08
8.28084e-09
2.6508e-08
6.49002e-09
2.68222e-08
5.03118e-09
2.70702e-08
3.94137e-09
2.7264e-08
3.04632e-09
2.74161e-08
2.3806e-09
2.75343e-08
1.83197e-09
2.76267e-08
1.42749e-09
2.7698e-08
1.09328e-09
2.77535e-08
8.49684e-10
2.77961e-08
6.47664e-10
2.78292e-08
5.02429e-10
2.78545e-08
3.81279e-10
2.7874e-08
2.95625e-10
2.78889e-08
2.2355e-10
2.79004e-08
1.73627e-10
2.79091e-08
1.31079e-10
2.79158e-08
1.02347e-10
2.79209e-08
7.74028e-11
2.79248e-08
6.10849e-11
2.79278e-08
4.65439e-11
2.79301e-08
3.74067e-11
2.79319e-08
2.89639e-11
2.79333e-08
2.39257e-11
2.79343e-08
1.9033e-11
2.79352e-08
1.63022e-11
2.79358e-08
1.34641e-11
2.79364e-08
1.2012e-11
2.79368e-08
1.03578e-11
2.79372e-08
9.60114e-12
2.79375e-08
8.62677e-12
2.79378e-08
8.23984e-12
2.79381e-08
7.65515e-12
2.79383e-08
7.45873e-12
2.79385e-08
7.09734e-12
2.79387e-08
6.99483e-12
2.79389e-08
6.76158e-12
2.79391e-08
6.70208e-12
2.79392e-08
6.54245e-12
2.79394e-08
6.49991e-12
2.79395e-08
6.38255e-12
2.79397e-08
6.34422e-12
2.79399e-08
6.25104e-12
2.794e-08
6.21117e-12
2.79401e-08
6.13169e-12
2.79403e-08
6.08807e-12
2.79404e-08
6.0162e-12
2.79406e-08
5.96832e-12
2.79407e-08
5.9005e-12
2.79408e-08
5.8486e-12
2.7941e-08
5.78273e-12
2.79411e-08
5.72731e-12
2.79412e-08
5.66217e-12
2.79414e-08
5.6038e-12
2.79415e-08
5.5387e-12
2.79416e-08
5.47793e-12
2.79417e-08
5.41252e-12
2.79418e-08
5.34984e-12
2.7942e-08
5.28397e-12
2.79421e-08
5.2198e-12
2.79422e-08
5.15346e-12
2.79423e-08
5.08818e-12
2.79424e-08
5.02144e-12
2.79425e-08
4.95537e-12
2.79427e-08
4.88835e-12
2.79428e-08
4.82177e-12
2.79429e-08
4.7546e-12
2.7943e-08
4.68777e-12
2.79431e-08
4.62061e-12
2.79432e-08
4.55377e-12
2.79433e-08
4.48682e-12
2.79434e-08
4.42022e-12
2.79435e-08
4.35372e-12
2.79436e-08
4.28769e-12
2.79437e-08
4.22194e-12
2.79438e-08
4.1568e-12
2.79439e-08
4.09211e-12
2.7944e-08
4.02812e-12
2.79441e-08
3.96469e-12
2.79442e-08
3.90202e-12
2.79443e-08
3.83994e-12
2.79444e-08
3.7787e-12
2.79445e-08
3.71815e-12
2.79446e-08
3.65856e-12
2.79447e-08
3.59979e-12
2.79448e-08
3.54196e-12
2.79449e-08
3.48459e-12
2.7945e-08
3.42735e-12
2.79451e-08
3.36947e-12
2.79452e-08
3.31073e-12
2.79453e-08
3.25138e-12
2.79454e-08
3.19219e-12
2.79455e-08
3.13445e-12
2.79455e-08
3.079e-12
2.79456e-08
3.02635e-12
2.79457e-08
2.97609e-12
2.79458e-08
2.9278e-12
2.79459e-08
2.88065e-12
2.7946e-08
2.83436e-12
2.79461e-08
2.78855e-12
2.79461e-08
2.74338e-12
2.79462e-08
2.69875e-12
2.79463e-08
2.65491e-12
2.79464e-08
2.61174e-12
2.79465e-08
2.5694e-12
2.79466e-08
2.52766e-12
2.79466e-08
2.4866e-12
2.79467e-08
2.44591e-12
2.79468e-08
2.40556e-12
2.79469e-08
2.36511e-12
2.79469e-08
2.3244e-12
2.7947e-08
2.28276e-12
2.79471e-08
2.23977e-12
2.79472e-08
2.19443e-12
2.79472e-08
2.14592e-12
2.79473e-08
2.09272e-12
2.79474e-08
2.03338e-12
2.79474e-08
1.96565e-12
2.79475e-08
1.8871e-12
2.79475e-08
1.79405e-12
2.79476e-08
1.68099e-12
2.79476e-08
1.53655e-12
2.79476e-08
1.33477e-12
2.79477e-08
1.02397e-12
2.79477e-08
5.35379e-13
2.79477e-08
-6.22407e-14
2.79476e-08
-5.50098e-13
2.79476e-08
-8.58298e-13
2.79475e-08
-1.05605e-12
2.79475e-08
-1.19479e-12
2.79474e-08
-1.3004e-12
2.79474e-08
-1.38417e-12
2.79473e-08
-1.45168e-12
2.79472e-08
-1.50658e-12
2.79472e-08
-1.55137e-12
2.79471e-08
-1.58824e-12
2.7947e-08
-1.61872e-12
2.79469e-08
-1.64427e-12
2.79468e-08
-1.66577e-12
2.79467e-08
-1.68418e-12
2.79467e-08
-1.69997e-12
2.79466e-08
-1.71377e-12
2.79465e-08
-1.72579e-12
2.79464e-08
-1.73644e-12
2.79463e-08
-1.74581e-12
2.79462e-08
-1.75419e-12
2.79461e-08
-1.76162e-12
2.7946e-08
-1.76833e-12
2.79459e-08
-1.77432e-12
2.79458e-08
-1.77978e-12
2.79457e-08
-1.78465e-12
2.79456e-08
-1.78901e-12
2.79455e-08
-1.7927e-12
2.79454e-08
-1.79571e-12
2.79453e-08
-1.79786e-12
2.79452e-08
-1.79918e-12
2.79451e-08
-1.79961e-12
2.7945e-08
-1.79936e-12
2.79449e-08
-1.79849e-12
2.79448e-08
-1.79725e-12
2.79447e-08
-1.79568e-12
2.79446e-08
-1.79383e-12
2.79444e-08
-1.79161e-12
2.79443e-08
-1.78895e-12
2.79442e-08
-1.78574e-12
2.79441e-08
-1.78198e-12
2.7944e-08
-1.7776e-12
2.79438e-08
-1.77268e-12
2.79437e-08
-1.76721e-12
2.79436e-08
-1.76127e-12
2.79435e-08
-1.75487e-12
2.79433e-08
-1.74807e-12
2.79432e-08
-1.74091e-12
2.79431e-08
-1.73344e-12
2.79429e-08
-1.7257e-12
2.79428e-08
-1.71772e-12
2.79427e-08
-1.70959e-12
2.79425e-08
-1.7013e-12
2.79424e-08
-1.69297e-12
2.79423e-08
-1.68454e-12
2.79421e-08
-1.67623e-12
2.7942e-08
-1.66786e-12
2.79418e-08
-1.6598e-12
2.79417e-08
-1.6517e-12
2.79415e-08
-1.64415e-12
2.79414e-08
-1.63656e-12
2.79412e-08
-1.62983e-12
2.79411e-08
-1.62297e-12
2.79409e-08
-1.6174e-12
2.79407e-08
-1.61153e-12
2.79406e-08
-1.60752e-12
2.79404e-08
-1.60288e-12
2.79403e-08
-1.6009e-12
2.79401e-08
-1.59772e-12
2.79399e-08
-1.59834e-12
2.79398e-08
-1.59685e-12
2.79396e-08
-1.60076e-12
2.79394e-08
-1.60118e-12
2.79392e-08
-1.60927e-12
2.79391e-08
-1.61182e-12
2.79389e-08
-1.6253e-12
2.79387e-08
-1.63023e-12
2.79385e-08
-1.65079e-12
2.79383e-08
-1.65853e-12
2.79381e-08
-1.68865e-12
2.7938e-08
-1.70002e-12
2.79378e-08
-1.74356e-12
2.79376e-08
-1.76024e-12
2.79374e-08
-1.82339e-12
2.79372e-08
-1.84895e-12
2.7937e-08
-1.94199e-12
2.79368e-08
-1.98378e-12
2.79366e-08
-2.12432e-12
2.79363e-08
-2.19703e-12
2.79361e-08
-2.41558e-12
2.79359e-08
-2.54774e-12
2.79356e-08
-2.89759e-12
2.79353e-08
-3.14331e-12
2.7935e-08
-3.71785e-12
2.79346e-08
-4.17773e-12
2.79342e-08
-5.14071e-12
2.79338e-08
-5.99886e-12
2.79332e-08
-7.63685e-12
2.79325e-08
-9.22533e-12
2.79316e-08
-1.20377e-11
2.79305e-08
-1.49476e-11
2.79291e-08
-1.97992e-11
2.79273e-08
-2.50693e-11
2.7925e-08
-3.34475e-11
2.7922e-08
-4.28814e-11
2.7918e-08
-5.73234e-11
2.79129e-08
-7.40167e-11
2.79062e-08
-9.88122e-11
2.78975e-08
-1.28016e-10
2.7886e-08
-1.70351e-10
2.78711e-08
-2.20871e-10
2.78515e-08
-2.92659e-10
2.78262e-08
-3.7909e-10
2.77931e-08
-4.99885e-10
2.77504e-08
-6.46138e-10
2.76949e-08
-8.47699e-10
2.76236e-08
-1.09253e-09
2.75313e-08
-1.42596e-09
2.74133e-08
-1.83165e-09
2.72613e-08
-2.37873e-09
2.70679e-08
-3.04513e-09
2.68203e-08
-3.93718e-09
2.65068e-08
-5.0265e-09
2.61081e-08
-6.48018e-09
2.56062e-08
-8.26846e-09
2.49723e-08
-1.06682e-08
2.41806e-08
-1.3675e-08
2.31907e-08
-1.77932e-08
2.19685e-08
-2.31145e-08
2.04651e-08
-3.0602e-08
1.86492e-08
-4.02712e-08
1.65045e-08
-5.33965e-08
1.40899e-08
-6.70281e-08
1.18378e-08
-7.99422e-08
-6.63013e-08
9.8199e-09
7.63211e-09
6.37843e-08
-5.48736e-09
9.96756e-09
7.76778e-08
1.22305e-08
6.48503e-08
1.41965e-08
5.15243e-08
1.58403e-08
3.87062e-08
1.71987e-08
2.93049e-08
1.83006e-08
2.20606e-08
1.91942e-08
1.69368e-08
1.99086e-08
1.29868e-08
2.04816e-08
1.01155e-08
2.09354e-08
7.82698e-09
2.12967e-08
6.12875e-09
2.15808e-08
4.74706e-09
2.18056e-08
3.71656e-09
2.19813e-08
2.87061e-09
2.21196e-08
2.2423e-09
2.2227e-08
1.7245e-09
2.23112e-08
1.34329e-09
2.23762e-08
1.02822e-09
2.2427e-08
7.98928e-10
2.2466e-08
6.08659e-10
2.24963e-08
4.72104e-10
2.25195e-08
3.58093e-10
2.25374e-08
2.77645e-10
2.25511e-08
2.09866e-10
2.25617e-08
1.63031e-10
2.25697e-08
1.23045e-10
2.25759e-08
9.61239e-11
2.25806e-08
7.26971e-11
2.25843e-08
5.7429e-11
2.2587e-08
4.37801e-11
2.25892e-08
3.52444e-11
2.25908e-08
2.73232e-11
2.25921e-08
2.26256e-11
2.25931e-08
1.80367e-11
2.25939e-08
1.54963e-11
2.25945e-08
1.28349e-11
2.2595e-08
1.14879e-11
2.25954e-08
9.93658e-12
2.25957e-08
9.23736e-12
2.2596e-08
8.32331e-12
2.25963e-08
7.96744e-12
2.25965e-08
7.41855e-12
2.25967e-08
7.2389e-12
2.25969e-08
6.89922e-12
2.25971e-08
6.80586e-12
2.25973e-08
6.58618e-12
2.25974e-08
6.53188e-12
2.25976e-08
6.3811e-12
2.25977e-08
6.34177e-12
2.25979e-08
6.23048e-12
2.2598e-08
6.19439e-12
2.25981e-08
6.10561e-12
2.25983e-08
6.06753e-12
2.25984e-08
5.99144e-12
2.25985e-08
5.9494e-12
2.25987e-08
5.88027e-12
2.25988e-08
5.83389e-12
2.25989e-08
5.76838e-12
2.2599e-08
5.71793e-12
2.25991e-08
5.65409e-12
2.25993e-08
5.60009e-12
2.25994e-08
5.53676e-12
2.25995e-08
5.47978e-12
2.25996e-08
5.41634e-12
2.25997e-08
5.35692e-12
2.25998e-08
5.29304e-12
2.25999e-08
5.23167e-12
2.26001e-08
5.16722e-12
2.26002e-08
5.10432e-12
2.26003e-08
5.03932e-12
2.26004e-08
4.97526e-12
2.26005e-08
4.90979e-12
2.26006e-08
4.8449e-12
2.26007e-08
4.77907e-12
2.26008e-08
4.71363e-12
2.26009e-08
4.64759e-12
2.2601e-08
4.58185e-12
2.26011e-08
4.51578e-12
2.26012e-08
4.44998e-12
2.26013e-08
4.38407e-12
2.26014e-08
4.31848e-12
2.26015e-08
4.25298e-12
2.26016e-08
4.18792e-12
2.26017e-08
4.12314e-12
2.26017e-08
4.05894e-12
2.26018e-08
3.99518e-12
2.26019e-08
3.93212e-12
2.2602e-08
3.86959e-12
2.26021e-08
3.80781e-12
2.26022e-08
3.74662e-12
2.26023e-08
3.68625e-12
2.26024e-08
3.62656e-12
2.26025e-08
3.56782e-12
2.26025e-08
3.50989e-12
2.26026e-08
3.45289e-12
2.26027e-08
3.39634e-12
2.26028e-08
3.33991e-12
2.26029e-08
3.28285e-12
2.2603e-08
3.22491e-12
2.2603e-08
3.16636e-12
2.26031e-08
3.10797e-12
2.26032e-08
3.05104e-12
2.26033e-08
2.99637e-12
2.26033e-08
2.9445e-12
2.26034e-08
2.89502e-12
2.26035e-08
2.84749e-12
2.26036e-08
2.8011e-12
2.26037e-08
2.75555e-12
2.26037e-08
2.71049e-12
2.26038e-08
2.66606e-12
2.26039e-08
2.62217e-12
2.26039e-08
2.57908e-12
2.2604e-08
2.53665e-12
2.26041e-08
2.49507e-12
2.26042e-08
2.45411e-12
2.26042e-08
2.41386e-12
2.26043e-08
2.374e-12
2.26044e-08
2.33453e-12
2.26044e-08
2.29503e-12
2.26045e-08
2.25535e-12
2.26046e-08
2.21485e-12
2.26046e-08
2.17316e-12
2.26047e-08
2.12931e-12
2.26048e-08
2.08254e-12
2.26048e-08
2.03141e-12
2.26049e-08
1.97454e-12
2.26049e-08
1.9098e-12
2.2605e-08
1.8349e-12
2.2605e-08
1.74631e-12
2.26051e-08
1.63871e-12
2.26051e-08
1.50098e-12
2.26051e-08
1.30737e-12
2.26051e-08
1.00646e-12
2.26051e-08
5.29566e-13
2.26051e-08
-5.53892e-14
2.26051e-08
-5.31545e-13
2.26051e-08
-8.29864e-13
2.2605e-08
-1.01943e-12
2.2605e-08
-1.15145e-12
2.26049e-08
-1.25157e-12
2.26049e-08
-1.33084e-12
2.26048e-08
-1.39465e-12
2.26048e-08
-1.44649e-12
2.26047e-08
-1.48873e-12
2.26046e-08
-1.52345e-12
2.26046e-08
-1.5521e-12
2.26045e-08
-1.57604e-12
2.26044e-08
-1.59614e-12
2.26043e-08
-1.61328e-12
2.26043e-08
-1.62791e-12
2.26042e-08
-1.64062e-12
2.26041e-08
-1.65161e-12
2.2604e-08
-1.66127e-12
2.2604e-08
-1.66968e-12
2.26039e-08
-1.67712e-12
2.26038e-08
-1.68361e-12
2.26037e-08
-1.68939e-12
2.26036e-08
-1.69445e-12
2.26036e-08
-1.69897e-12
2.26035e-08
-1.7029e-12
2.26034e-08
-1.70631e-12
2.26033e-08
-1.70904e-12
2.26032e-08
-1.71108e-12
2.26031e-08
-1.71224e-12
2.2603e-08
-1.71256e-12
2.26029e-08
-1.71197e-12
2.26029e-08
-1.71068e-12
2.26028e-08
-1.70876e-12
2.26027e-08
-1.70646e-12
2.26026e-08
-1.70382e-12
2.26025e-08
-1.70088e-12
2.26024e-08
-1.69756e-12
2.26023e-08
-1.6938e-12
2.26022e-08
-1.68947e-12
2.26021e-08
-1.68457e-12
2.2602e-08
-1.67905e-12
2.26019e-08
-1.67298e-12
2.26018e-08
-1.66634e-12
2.26017e-08
-1.65922e-12
2.26015e-08
-1.65163e-12
2.26014e-08
-1.64363e-12
2.26013e-08
-1.63526e-12
2.26012e-08
-1.62656e-12
2.26011e-08
-1.61759e-12
2.2601e-08
-1.60837e-12
2.26009e-08
-1.59898e-12
2.26008e-08
-1.58942e-12
2.26006e-08
-1.57982e-12
2.26005e-08
-1.57011e-12
2.26004e-08
-1.5605e-12
2.26003e-08
-1.55084e-12
2.26001e-08
-1.54146e-12
2.26e-08
-1.53205e-12
2.25999e-08
-1.52317e-12
2.25998e-08
-1.51426e-12
2.25996e-08
-1.50618e-12
2.25995e-08
-1.49801e-12
2.25994e-08
-1.49108e-12
2.25992e-08
-1.48389e-12
2.25991e-08
-1.4785e-12
2.2599e-08
-1.47255e-12
2.25988e-08
-1.46918e-12
2.25987e-08
-1.46471e-12
2.25985e-08
-1.4639e-12
2.25984e-08
-1.46115e-12
2.25983e-08
-1.46359e-12
2.25981e-08
-1.46278e-12
2.2598e-08
-1.46935e-12
2.25978e-08
-1.47071e-12
2.25977e-08
-1.48256e-12
2.25975e-08
-1.48635e-12
2.25973e-08
-1.50512e-12
2.25972e-08
-1.51174e-12
2.2597e-08
-1.5398e-12
2.25969e-08
-1.55002e-12
2.25967e-08
-1.59103e-12
2.25966e-08
-1.60641e-12
2.25964e-08
-1.6662e-12
2.25962e-08
-1.69004e-12
2.2596e-08
-1.77831e-12
2.25959e-08
-1.81739e-12
2.25957e-08
-1.95068e-12
2.25955e-08
-2.01862e-12
2.25953e-08
-2.22554e-12
2.25951e-08
-2.34886e-12
2.25949e-08
-2.67936e-12
2.25946e-08
-2.9084e-12
2.25943e-08
-3.45e-12
2.2594e-08
-3.87855e-12
2.25937e-08
-4.78468e-12
2.25932e-08
-5.5846e-12
2.25927e-08
-7.12389e-12
2.25921e-08
-8.60559e-12
2.25913e-08
-1.12463e-11
2.25903e-08
-1.3963e-11
2.2589e-08
-1.85168e-11
2.25873e-08
-2.34419e-11
2.25852e-08
-3.13055e-11
2.25824e-08
-4.01311e-11
2.25788e-08
-5.36889e-11
2.25741e-08
-6.93224e-11
2.25679e-08
-9.26099e-11
2.25598e-08
-1.19989e-10
2.25492e-08
-1.59771e-10
2.25355e-08
-2.07184e-10
2.25176e-08
-2.74691e-10
2.24944e-08
-3.55893e-10
2.2464e-08
-4.69573e-10
2.2425e-08
-6.07125e-10
2.23743e-08
-7.96977e-10
2.23092e-08
-1.0275e-09
2.22251e-08
-1.34186e-09
2.21177e-08
-1.72429e-09
2.19796e-08
-2.24064e-09
2.18042e-08
-2.86969e-09
2.15798e-08
-3.71284e-09
2.12963e-08
-4.74297e-09
2.09359e-08
-6.11987e-09
2.04833e-08
-7.81585e-09
1.99122e-08
-1.0097e-08
1.92002e-08
-1.29631e-08
1.83102e-08
-1.69032e-08
1.72129e-08
-2.20172e-08
1.5861e-08
-2.92501e-08
1.42261e-08
-3.86363e-08
1.22723e-08
-5.14428e-08
1.00299e-08
-6.47857e-08
7.72801e-09
-7.76403e-08
-6.42489e-08
5.67564e-09
4.8928e-09
6.14985e-08
-2.60703e-09
7.21317e-09
7.53575e-08
9.24972e-09
6.28138e-08
1.09829e-08
4.97911e-08
1.24174e-08
3.72718e-08
1.36003e-08
2.8122e-08
1.45579e-08
2.11029e-08
1.53345e-08
1.61601e-08
1.59553e-08
1.2366e-08
1.64536e-08
9.61719e-09
1.68484e-08
7.43214e-09
1.7163e-08
5.81414e-09
1.74106e-08
4.49948e-09
1.76067e-08
3.52046e-09
1.776e-08
2.71724e-09
1.78809e-08
2.12145e-09
1.79748e-08
1.63052e-09
1.80485e-08
1.26959e-09
1.81055e-08
9.71234e-10
1.815e-08
7.54423e-10
1.81842e-08
5.74429e-10
1.82108e-08
4.45468e-10
1.82312e-08
3.37709e-10
1.8247e-08
2.61826e-10
1.82591e-08
1.97815e-10
1.82684e-08
1.53692e-10
1.82755e-08
1.15959e-10
1.82809e-08
9.06312e-11
1.82851e-08
6.85396e-11
1.82883e-08
5.41976e-11
1.82908e-08
4.13349e-11
1.82927e-08
3.33311e-11
1.82941e-08
2.58703e-11
1.82952e-08
2.14746e-11
1.82961e-08
1.71539e-11
1.82968e-08
1.47828e-11
1.82974e-08
1.22776e-11
1.82978e-08
1.10243e-11
1.82982e-08
9.56401e-12
1.82985e-08
8.91615e-12
1.82988e-08
8.05541e-12
1.8299e-08
7.72742e-12
1.82992e-08
7.21016e-12
1.82994e-08
7.04561e-12
1.82995e-08
6.72507e-12
1.82997e-08
6.63998e-12
1.82998e-08
6.43225e-12
1.83e-08
6.38266e-12
1.83001e-08
6.23964e-12
1.83002e-08
6.20321e-12
1.83004e-08
6.09724e-12
1.83005e-08
6.06315e-12
1.83006e-08
5.97824e-12
1.83007e-08
5.94174e-12
1.83008e-08
5.86862e-12
1.8301e-08
5.82798e-12
1.83011e-08
5.76125e-12
1.83012e-08
5.71618e-12
1.83013e-08
5.65271e-12
1.83014e-08
5.60353e-12
1.83015e-08
5.54146e-12
1.83016e-08
5.48872e-12
1.83017e-08
5.42698e-12
1.83018e-08
5.37123e-12
1.83019e-08
5.30924e-12
1.8302e-08
5.25103e-12
1.83021e-08
5.18849e-12
1.83022e-08
5.12828e-12
1.83023e-08
5.0651e-12
1.83024e-08
5.00333e-12
1.83025e-08
4.93951e-12
1.83026e-08
4.87655e-12
1.83027e-08
4.8122e-12
1.83028e-08
4.74836e-12
1.83028e-08
4.68359e-12
1.83029e-08
4.61917e-12
1.8303e-08
4.55415e-12
1.83031e-08
4.48939e-12
1.83032e-08
4.42428e-12
1.83033e-08
4.35943e-12
1.83034e-08
4.29445e-12
1.83034e-08
4.22977e-12
1.83035e-08
4.16517e-12
1.83036e-08
4.10098e-12
1.83037e-08
4.03707e-12
1.83038e-08
3.97372e-12
1.83039e-08
3.91081e-12
1.83039e-08
3.84857e-12
1.8304e-08
3.78686e-12
1.83041e-08
3.72589e-12
1.83042e-08
3.6655e-12
1.83042e-08
3.60591e-12
1.83043e-08
3.547e-12
1.83044e-08
3.48902e-12
1.83045e-08
3.43185e-12
1.83045e-08
3.3756e-12
1.83046e-08
3.31979e-12
1.83047e-08
3.26409e-12
1.83048e-08
3.20776e-12
1.83048e-08
3.15055e-12
1.83049e-08
3.09272e-12
1.8305e-08
3.03505e-12
1.8305e-08
2.97883e-12
1.83051e-08
2.92487e-12
1.83052e-08
2.8737e-12
1.83052e-08
2.8249e-12
1.83053e-08
2.77806e-12
1.83054e-08
2.73234e-12
1.83054e-08
2.68747e-12
1.83055e-08
2.64307e-12
1.83056e-08
2.59931e-12
1.83056e-08
2.55608e-12
1.83057e-08
2.51365e-12
1.83058e-08
2.47189e-12
1.83058e-08
2.43098e-12
1.83059e-08
2.39071e-12
1.83059e-08
2.35116e-12
1.8306e-08
2.31204e-12
1.83061e-08
2.27336e-12
1.83061e-08
2.23469e-12
1.83062e-08
2.19592e-12
1.83062e-08
2.15643e-12
1.83063e-08
2.11588e-12
1.83063e-08
2.07334e-12
1.83064e-08
2.02809e-12
1.83064e-08
1.97876e-12
1.83065e-08
1.92405e-12
1.83065e-08
1.86193e-12
1.83066e-08
1.79019e-12
1.83066e-08
1.70548e-12
1.83066e-08
1.60264e-12
1.83067e-08
1.47071e-12
1.83067e-08
1.28417e-12
1.83067e-08
9.91714e-13
1.83067e-08
5.24539e-13
1.83067e-08
-5.01183e-14
1.83067e-08
-5.16564e-13
1.83067e-08
-8.06434e-13
1.83066e-08
-9.88931e-13
1.83066e-08
-1.11513e-12
1.83066e-08
-1.21048e-12
1.83065e-08
-1.28585e-12
1.83065e-08
-1.34646e-12
1.83064e-08
-1.39565e-12
1.83064e-08
-1.43568e-12
1.83063e-08
-1.46855e-12
1.83062e-08
-1.49561e-12
1.83062e-08
-1.51818e-12
1.83061e-08
-1.53707e-12
1.83061e-08
-1.55312e-12
1.8306e-08
-1.56676e-12
1.83059e-08
-1.57855e-12
1.83059e-08
-1.58867e-12
1.83058e-08
-1.59749e-12
1.83057e-08
-1.60509e-12
1.83057e-08
-1.61174e-12
1.83056e-08
-1.61745e-12
1.83055e-08
-1.62245e-12
1.83055e-08
-1.62673e-12
1.83054e-08
-1.63047e-12
1.83053e-08
-1.63362e-12
1.83052e-08
-1.63623e-12
1.83052e-08
-1.63817e-12
1.83051e-08
-1.6394e-12
1.8305e-08
-1.63974e-12
1.83049e-08
-1.63923e-12
1.83049e-08
-1.6378e-12
1.83048e-08
-1.63566e-12
1.83047e-08
-1.63287e-12
1.83046e-08
-1.6297e-12
1.83045e-08
-1.62616e-12
1.83045e-08
-1.62233e-12
1.83044e-08
-1.61811e-12
1.83043e-08
-1.61343e-12
1.83042e-08
-1.60818e-12
1.83041e-08
-1.60235e-12
1.8304e-08
-1.59589e-12
1.8304e-08
-1.58887e-12
1.83039e-08
-1.58128e-12
1.83038e-08
-1.57319e-12
1.83037e-08
-1.56462e-12
1.83036e-08
-1.55564e-12
1.83035e-08
-1.54627e-12
1.83034e-08
-1.53658e-12
1.83033e-08
-1.52659e-12
1.83032e-08
-1.51635e-12
1.83031e-08
-1.50594e-12
1.8303e-08
-1.49534e-12
1.83029e-08
-1.4847e-12
1.83028e-08
-1.47394e-12
1.83027e-08
-1.46327e-12
1.83026e-08
-1.45254e-12
1.83025e-08
-1.44209e-12
1.83024e-08
-1.43161e-12
1.83023e-08
-1.42164e-12
1.83022e-08
-1.41166e-12
1.83021e-08
-1.40248e-12
1.8302e-08
-1.39322e-12
1.83019e-08
-1.38518e-12
1.83017e-08
-1.37691e-12
1.83016e-08
-1.3704e-12
1.83015e-08
-1.36338e-12
1.83014e-08
-1.35885e-12
1.83013e-08
-1.35334e-12
1.83012e-08
-1.35135e-12
1.8301e-08
-1.34758e-12
1.83009e-08
-1.34881e-12
1.83008e-08
-1.347e-12
1.83007e-08
-1.35231e-12
1.83006e-08
-1.3527e-12
1.83004e-08
-1.3632e-12
1.83003e-08
-1.36606e-12
1.83002e-08
-1.38333e-12
1.83e-08
-1.38903e-12
1.82999e-08
-1.41535e-12
1.82998e-08
-1.42462e-12
1.82996e-08
-1.46346e-12
1.82995e-08
-1.47773e-12
1.82994e-08
-1.53464e-12
1.82992e-08
-1.55696e-12
1.82991e-08
-1.64109e-12
1.82989e-08
-1.67775e-12
1.82988e-08
-1.80468e-12
1.82986e-08
-1.86834e-12
1.82985e-08
-2.06501e-12
1.82983e-08
-2.18037e-12
1.82981e-08
-2.49377e-12
1.82979e-08
-2.70782e-12
1.82976e-08
-3.22026e-12
1.82974e-08
-3.62072e-12
1.82971e-08
-4.47648e-12
1.82967e-08
-5.22439e-12
1.82962e-08
-6.67621e-12
1.82957e-08
-8.06281e-12
1.8295e-08
-1.05516e-11
1.82941e-08
-1.30967e-11
1.8293e-08
-1.7387e-11
1.82915e-08
-2.20064e-11
1.82896e-08
-2.94153e-11
1.82872e-08
-3.77032e-11
1.8284e-08
-5.0481e-11
1.82798e-08
-6.51798e-11
1.82743e-08
-8.71388e-11
1.82672e-08
-1.12911e-10
1.82579e-08
-1.5045e-10
1.82458e-08
-1.95134e-10
1.823e-08
-2.58883e-10
1.82096e-08
-3.35501e-10
1.8183e-08
-4.42946e-10
1.81487e-08
-5.72886e-10
1.81042e-08
-7.52495e-10
1.80473e-08
-9.70519e-10
1.79736e-08
-1.26823e-09
1.78797e-08
-1.63038e-09
1.7759e-08
-2.11996e-09
1.76058e-08
-2.71652e-09
1.74101e-08
-3.51712e-09
1.7163e-08
-4.49587e-09
1.68492e-08
-5.80604e-09
1.64553e-08
-7.42202e-09
1.59586e-08
-9.6003e-09
1.53398e-08
-1.23443e-08
1.45662e-08
-1.61295e-08
1.36124e-08
-2.10635e-08
1.24352e-08
-2.80729e-08
1.10082e-08
-3.72093e-08
9.28566e-09
-4.97203e-08
7.26445e-09
-6.27645e-08
4.97161e-09
-7.53475e-08
-6.20462e-08
2.76886e-09
3.97887e-09
5.75196e-08
6.72834e-09
7.2608e-08
8.93103e-09
6.06111e-08
1.07535e-08
4.79686e-08
1.22443e-08
3.57809e-08
1.34624e-08
2.69039e-08
1.4445e-08
2.01204e-08
1.52378e-08
1.53673e-08
1.5871e-08
1.17328e-08
1.63778e-08
9.11046e-09
1.67795e-08
7.03043e-09
1.70988e-08
5.49478e-09
1.73504e-08
4.24791e-09
1.75492e-08
3.3216e-09
1.7705e-08
2.5615e-09
1.78274e-08
1.99897e-09
1.79228e-08
1.53514e-09
1.79974e-08
1.19494e-09
1.80552e-08
9.13409e-10
1.81003e-08
7.09367e-10
1.8135e-08
5.39704e-10
1.81619e-08
4.18512e-10
1.81826e-08
3.17031e-10
1.81986e-08
2.45821e-10
1.82108e-08
1.85587e-10
1.82202e-08
1.44245e-10
1.82274e-08
1.08764e-10
1.8233e-08
8.50738e-11
1.82372e-08
6.43147e-11
1.82404e-08
5.09267e-11
1.82429e-08
3.88462e-11
1.82449e-08
3.13925e-11
1.82463e-08
2.43878e-11
1.82475e-08
2.03059e-11
1.82484e-08
1.62499e-11
1.82491e-08
1.4056e-11
1.82497e-08
1.17039e-11
1.82501e-08
1.05497e-11
1.82505e-08
9.17795e-12
1.82508e-08
8.58511e-12
1.82511e-08
7.77583e-12
1.82513e-08
7.47827e-12
1.82515e-08
6.99123e-12
1.82517e-08
6.84357e-12
1.82519e-08
6.54115e-12
1.82521e-08
6.46563e-12
1.82522e-08
6.2691e-12
1.82524e-08
6.22515e-12
1.82525e-08
6.0894e-12
1.82527e-08
6.05654e-12
1.82528e-08
5.95554e-12
1.82529e-08
5.92398e-12
1.82531e-08
5.8427e-12
1.82532e-08
5.80819e-12
1.82533e-08
5.73789e-12
1.82534e-08
5.69896e-12
1.82535e-08
5.63457e-12
1.82537e-08
5.59106e-12
1.82538e-08
5.52959e-12
1.82539e-08
5.48189e-12
1.8254e-08
5.42161e-12
1.82541e-08
5.37028e-12
1.82542e-08
5.31018e-12
1.82543e-08
5.2558e-12
1.82544e-08
5.19532e-12
1.82545e-08
5.13843e-12
1.82547e-08
5.0773e-12
1.82548e-08
5.01838e-12
1.82549e-08
4.95652e-12
1.8255e-08
4.89599e-12
1.82551e-08
4.83344e-12
1.82552e-08
4.77166e-12
1.82553e-08
4.70851e-12
1.82554e-08
4.64582e-12
1.82554e-08
4.5822e-12
1.82555e-08
4.51888e-12
1.82556e-08
4.45496e-12
1.82557e-08
4.39126e-12
1.82558e-08
4.32721e-12
1.82559e-08
4.26338e-12
1.8256e-08
4.19941e-12
1.82561e-08
4.13572e-12
1.82562e-08
4.07209e-12
1.82563e-08
4.00887e-12
1.82564e-08
3.9459e-12
1.82564e-08
3.88347e-12
1.82565e-08
3.82148e-12
1.82566e-08
3.76014e-12
1.82567e-08
3.69932e-12
1.82568e-08
3.63923e-12
1.82569e-08
3.57971e-12
1.82569e-08
3.52097e-12
1.8257e-08
3.46291e-12
1.82571e-08
3.40576e-12
1.82572e-08
3.34942e-12
1.82572e-08
3.29398e-12
1.82573e-08
3.23897e-12
1.82574e-08
3.18408e-12
1.82575e-08
3.12854e-12
1.82576e-08
3.07211e-12
1.82576e-08
3.01507e-12
1.82577e-08
2.95818e-12
1.82578e-08
2.90273e-12
1.82578e-08
2.84954e-12
1.82579e-08
2.79913e-12
1.8258e-08
2.75108e-12
1.82581e-08
2.70498e-12
1.82581e-08
2.65999e-12
1.82582e-08
2.61584e-12
1.82583e-08
2.57216e-12
1.82583e-08
2.52911e-12
1.82584e-08
2.48659e-12
1.82585e-08
2.44487e-12
1.82585e-08
2.40383e-12
1.82586e-08
2.36364e-12
1.82587e-08
2.32411e-12
1.82587e-08
2.28532e-12
1.82588e-08
2.24698e-12
1.82588e-08
2.20912e-12
1.82589e-08
2.17134e-12
1.8259e-08
2.13352e-12
1.8259e-08
2.09509e-12
1.82591e-08
2.05571e-12
1.82591e-08
2.01453e-12
1.82592e-08
1.97085e-12
1.82592e-08
1.92338e-12
1.82593e-08
1.87088e-12
1.82593e-08
1.81143e-12
1.82594e-08
1.74294e-12
1.82594e-08
1.66219e-12
1.82595e-08
1.56419e-12
1.82595e-08
1.43823e-12
1.82595e-08
1.25901e-12
1.82595e-08
9.75461e-13
1.82595e-08
5.1875e-13
1.82595e-08
-4.46941e-14
1.82595e-08
-5.00685e-13
1.82595e-08
-7.81658e-13
1.82595e-08
-9.56838e-13
1.82594e-08
-1.07708e-12
1.82594e-08
-1.16756e-12
1.82593e-08
-1.23896e-12
1.82593e-08
-1.2963e-12
1.82592e-08
-1.34279e-12
1.82592e-08
-1.38058e-12
1.82591e-08
-1.41155e-12
1.8259e-08
-1.437e-12
1.8259e-08
-1.45817e-12
1.82589e-08
-1.47582e-12
1.82589e-08
-1.49076e-12
1.82588e-08
-1.5034e-12
1.82587e-08
-1.51424e-12
1.82587e-08
-1.52347e-12
1.82586e-08
-1.53144e-12
1.82585e-08
-1.53822e-12
1.82585e-08
-1.54405e-12
1.82584e-08
-1.54896e-12
1.82583e-08
-1.55317e-12
1.82582e-08
-1.55666e-12
1.82582e-08
-1.55962e-12
1.82581e-08
-1.56196e-12
1.8258e-08
-1.56377e-12
1.82579e-08
-1.5649e-12
1.82579e-08
-1.56531e-12
1.82578e-08
-1.56482e-12
1.82577e-08
-1.56347e-12
1.82576e-08
-1.56119e-12
1.82575e-08
-1.55819e-12
1.82575e-08
-1.55453e-12
1.82574e-08
-1.55047e-12
1.82573e-08
-1.54604e-12
1.82572e-08
-1.5413e-12
1.82571e-08
-1.53617e-12
1.8257e-08
-1.53057e-12
1.8257e-08
-1.52439e-12
1.82569e-08
-1.51762e-12
1.82568e-08
-1.51022e-12
1.82567e-08
-1.50224e-12
1.82566e-08
-1.49368e-12
1.82565e-08
-1.48463e-12
1.82564e-08
-1.47508e-12
1.82563e-08
-1.46511e-12
1.82562e-08
-1.45474e-12
1.82561e-08
-1.44404e-12
1.8256e-08
-1.43303e-12
1.82559e-08
-1.42177e-12
1.82558e-08
-1.41033e-12
1.82557e-08
-1.3987e-12
1.82556e-08
-1.387e-12
1.82555e-08
-1.37519e-12
1.82554e-08
-1.36346e-12
1.82553e-08
-1.35167e-12
1.82552e-08
-1.34014e-12
1.82551e-08
-1.32859e-12
1.8255e-08
-1.31753e-12
1.82549e-08
-1.30646e-12
1.82548e-08
-1.29618e-12
1.82547e-08
-1.28585e-12
1.82545e-08
-1.27669e-12
1.82544e-08
-1.26734e-12
1.82543e-08
-1.2597e-12
1.82542e-08
-1.25161e-12
1.82541e-08
-1.24594e-12
1.8254e-08
-1.23936e-12
1.82538e-08
-1.23622e-12
1.82537e-08
-1.23138e-12
1.82536e-08
-1.23144e-12
1.82535e-08
-1.22859e-12
1.82533e-08
-1.23267e-12
1.82532e-08
-1.23204e-12
1.82531e-08
-1.24126e-12
1.82529e-08
-1.2431e-12
1.82528e-08
-1.25896e-12
1.82527e-08
-1.26363e-12
1.82526e-08
-1.28833e-12
1.82524e-08
-1.29647e-12
1.82523e-08
-1.33333e-12
1.82521e-08
-1.34626e-12
1.8252e-08
-1.40052e-12
1.82519e-08
-1.421e-12
1.82517e-08
-1.50132e-12
1.82516e-08
-1.5351e-12
1.82514e-08
-1.65613e-12
1.82512e-08
-1.71484e-12
1.82511e-08
-1.90189e-12
1.82509e-08
-2.00833e-12
1.82507e-08
-2.30548e-12
1.82505e-08
-2.50317e-12
1.82502e-08
-2.98754e-12
1.825e-08
-3.35792e-12
1.82496e-08
-4.16475e-12
1.82493e-08
-4.85768e-12
1.82488e-08
-6.22387e-12
1.82482e-08
-7.51092e-12
1.82475e-08
-9.84994e-12
1.82466e-08
-1.22167e-11
1.82455e-08
-1.62461e-11
1.8244e-08
-2.05496e-11
1.82421e-08
-2.75064e-11
1.82396e-08
-3.52404e-11
1.82364e-08
-4.72404e-11
1.82322e-08
-6.09789e-11
1.82266e-08
-8.16099e-11
1.82195e-08
-1.05736e-10
1.821e-08
-1.41026e-10
1.81978e-08
-1.82916e-10
1.81818e-08
-2.42894e-10
1.81611e-08
-3.14823e-10
1.81341e-08
-4.16003e-10
1.80994e-08
-5.38161e-10
1.80543e-08
-7.07466e-10
1.79965e-08
-9.12719e-10
1.79219e-08
-1.19366e-09
1.78266e-08
-1.53509e-09
1.77043e-08
-1.99768e-09
1.75487e-08
-2.56102e-09
1.73502e-08
-3.31867e-09
1.70991e-08
-4.24484e-09
1.67805e-08
-5.48752e-09
1.63798e-08
-7.02143e-09
1.58745e-08
-9.09521e-09
1.52433e-08
-1.17133e-08
1.44533e-08
-1.53398e-08
1.34747e-08
-2.00852e-08
1.2262e-08
-2.68607e-08
1.07784e-08
-3.57263e-08
8.96594e-09
-4.79086e-08
6.775e-09
-6.05746e-08
4.03358e-09
-7.26074e-08
-5.80136e-08
4.80429e-09
5.27153e-08
8.9988e-09
6.84135e-08
1.2222e-08
5.73878e-08
1.48398e-08
4.53508e-08
1.69445e-08
3.36763e-08
1.86441e-08
2.52043e-08
2.00014e-08
1.87631e-08
2.10902e-08
1.42784e-08
2.1955e-08
1.0868e-08
2.26451e-08
8.42032e-09
2.31904e-08
6.48516e-09
2.36233e-08
5.06185e-09
2.39634e-08
3.90773e-09
2.42321e-08
3.05288e-09
2.44421e-08
2.35151e-09
2.46071e-08
1.83388e-09
2.47354e-08
1.40683e-09
2.48358e-08
1.09454e-09
2.49133e-08
8.35812e-10
2.49738e-08
6.48898e-10
2.50203e-08
4.93196e-10
2.50564e-08
3.82366e-10
2.5084e-08
2.89335e-10
2.51054e-08
2.24333e-10
2.51217e-08
1.69185e-10
2.51343e-08
1.31539e-10
2.51439e-08
9.9104e-11
2.51513e-08
7.75944e-11
2.51569e-08
5.86443e-11
2.51612e-08
4.65264e-11
2.51646e-08
3.55102e-11
2.51671e-08
2.87859e-11
2.51691e-08
2.24023e-11
2.51707e-08
1.87339e-11
2.51719e-08
1.50385e-11
2.51729e-08
1.30763e-11
2.51736e-08
1.09329e-11
2.51743e-08
9.90715e-12
2.51748e-08
8.65652e-12
2.51752e-08
8.13415e-12
2.51756e-08
7.39561e-12
2.5176e-08
7.13652e-12
2.51763e-08
6.69134e-12
2.51765e-08
6.56474e-12
2.51768e-08
6.28763e-12
2.5177e-08
6.22384e-12
2.51773e-08
6.04314e-12
2.51775e-08
6.00604e-12
2.51777e-08
5.88063e-12
2.51779e-08
5.85213e-12
2.51781e-08
5.75827e-12
2.51783e-08
5.72982e-12
2.51785e-08
5.65378e-12
2.51787e-08
5.62176e-12
2.51788e-08
5.55556e-12
2.5179e-08
5.51883e-12
2.51792e-08
5.4578e-12
2.51794e-08
5.41636e-12
2.51795e-08
5.35778e-12
2.51797e-08
5.31207e-12
2.51799e-08
5.25434e-12
2.518e-08
5.20494e-12
2.51802e-08
5.14715e-12
2.51804e-08
5.09465e-12
2.51805e-08
5.0363e-12
2.51807e-08
4.98124e-12
2.51808e-08
4.9221e-12
2.5181e-08
4.86494e-12
2.51811e-08
4.80496e-12
2.51813e-08
4.74613e-12
2.51814e-08
4.68534e-12
2.51816e-08
4.62522e-12
2.51817e-08
4.56374e-12
2.51819e-08
4.50263e-12
2.5182e-08
4.44061e-12
2.51822e-08
4.37881e-12
2.51823e-08
4.31641e-12
2.51824e-08
4.25418e-12
2.51826e-08
4.19158e-12
2.51827e-08
4.12917e-12
2.51828e-08
4.06659e-12
2.5183e-08
4.00427e-12
2.51831e-08
3.94198e-12
2.51832e-08
3.88007e-12
2.51833e-08
3.8184e-12
2.51835e-08
3.75725e-12
2.51836e-08
3.69651e-12
2.51837e-08
3.63641e-12
2.51838e-08
3.57681e-12
2.5184e-08
3.51792e-12
2.51841e-08
3.45958e-12
2.51842e-08
3.40202e-12
2.51843e-08
3.34511e-12
2.51844e-08
3.2891e-12
2.51846e-08
3.23388e-12
2.51847e-08
3.17955e-12
2.51848e-08
3.12564e-12
2.51849e-08
3.07183e-12
2.5185e-08
3.01737e-12
2.51851e-08
2.96202e-12
2.51852e-08
2.90606e-12
2.51853e-08
2.85023e-12
2.51854e-08
2.79585e-12
2.51855e-08
2.74371e-12
2.51857e-08
2.69433e-12
2.51858e-08
2.6473e-12
2.51859e-08
2.6022e-12
2.5186e-08
2.55821e-12
2.51861e-08
2.51504e-12
2.51862e-08
2.47234e-12
2.51863e-08
2.43025e-12
2.51864e-08
2.38871e-12
2.51865e-08
2.34796e-12
2.51865e-08
2.30789e-12
2.51866e-08
2.2687e-12
2.51867e-08
2.23016e-12
2.51868e-08
2.19241e-12
2.51869e-08
2.15514e-12
2.5187e-08
2.11841e-12
2.51871e-08
2.08182e-12
2.51872e-08
2.0453e-12
2.51873e-08
2.00831e-12
2.51874e-08
1.97054e-12
2.51874e-08
1.9312e-12
2.51875e-08
1.88966e-12
2.51876e-08
1.84471e-12
2.51877e-08
1.79523e-12
2.51878e-08
1.73941e-12
2.51878e-08
1.67533e-12
2.51879e-08
1.59998e-12
2.51879e-08
1.50862e-12
2.5188e-08
1.39089e-12
2.5188e-08
1.222e-12
2.5188e-08
9.51538e-13
2.51881e-08
5.11242e-13
2.5188e-08
-3.3999e-14
2.5188e-08
-4.73606e-13
2.5188e-08
-7.41513e-13
2.51879e-08
-9.06376e-13
2.51879e-08
-1.01837e-12
2.51878e-08
-1.10219e-12
2.51877e-08
-1.16814e-12
2.51877e-08
-1.22101e-12
2.51876e-08
-1.2638e-12
2.51875e-08
-1.29849e-12
2.51874e-08
-1.32684e-12
2.51873e-08
-1.35004e-12
2.51872e-08
-1.36925e-12
2.51871e-08
-1.38516e-12
2.51871e-08
-1.39853e-12
2.5187e-08
-1.40971e-12
2.51869e-08
-1.41919e-12
2.51868e-08
-1.42713e-12
2.51867e-08
-1.43386e-12
2.51866e-08
-1.43942e-12
2.51865e-08
-1.44406e-12
2.51864e-08
-1.44778e-12
2.51863e-08
-1.45081e-12
2.51862e-08
-1.45312e-12
2.51861e-08
-1.45488e-12
2.5186e-08
-1.45604e-12
2.51858e-08
-1.45664e-12
2.51857e-08
-1.45655e-12
2.51856e-08
-1.45573e-12
2.51855e-08
-1.45399e-12
2.51854e-08
-1.45138e-12
2.51853e-08
-1.44781e-12
2.51852e-08
-1.4435e-12
2.51851e-08
-1.43852e-12
2.51849e-08
-1.43312e-12
2.51848e-08
-1.42734e-12
2.51847e-08
-1.42124e-12
2.51846e-08
-1.41473e-12
2.51845e-08
-1.40774e-12
2.51843e-08
-1.40015e-12
2.51842e-08
-1.39197e-12
2.51841e-08
-1.38314e-12
2.5184e-08
-1.37372e-12
2.51838e-08
-1.3637e-12
2.51837e-08
-1.35318e-12
2.51836e-08
-1.34214e-12
2.51834e-08
-1.33068e-12
2.51833e-08
-1.3188e-12
2.51832e-08
-1.30658e-12
2.5183e-08
-1.29404e-12
2.51829e-08
-1.28124e-12
2.51827e-08
-1.26824e-12
2.51826e-08
-1.25504e-12
2.51824e-08
-1.24176e-12
2.51823e-08
-1.22836e-12
2.51821e-08
-1.21503e-12
2.5182e-08
-1.20163e-12
2.51818e-08
-1.18848e-12
2.51817e-08
-1.17531e-12
2.51815e-08
-1.16261e-12
2.51814e-08
-1.14992e-12
2.51812e-08
-1.13798e-12
2.51811e-08
-1.12601e-12
2.51809e-08
-1.11518e-12
2.51807e-08
-1.1042e-12
2.51806e-08
-1.09487e-12
2.51804e-08
-1.08515e-12
2.51802e-08
-1.07777e-12
2.51801e-08
-1.06958e-12
2.51799e-08
-1.0647e-12
2.51797e-08
-1.05829e-12
2.51795e-08
-1.05655e-12
2.51794e-08
-1.05216e-12
2.51792e-08
-1.05439e-12
2.5179e-08
-1.05226e-12
2.51788e-08
-1.05951e-12
2.51786e-08
-1.05987e-12
2.51785e-08
-1.07359e-12
2.51783e-08
-1.0768e-12
2.51781e-08
-1.09905e-12
2.51779e-08
-1.10566e-12
2.51777e-08
-1.13953e-12
2.51775e-08
-1.15071e-12
2.51773e-08
-1.20106e-12
2.51771e-08
-1.21922e-12
2.51769e-08
-1.294e-12
2.51767e-08
-1.32421e-12
2.51765e-08
-1.43683e-12
2.51762e-08
-1.48944e-12
2.5176e-08
-1.66298e-12
2.51758e-08
-1.75833e-12
2.51755e-08
-2.03296e-12
2.51752e-08
-2.21007e-12
2.51749e-08
-2.65597e-12
2.51745e-08
-2.9881e-12
2.51741e-08
-3.72839e-12
2.51735e-08
-4.35071e-12
2.51729e-08
-5.60103e-12
2.51722e-08
-6.75929e-12
2.51712e-08
-8.89632e-12
2.517e-08
-1.10309e-11
2.51685e-08
-1.47092e-11
2.51665e-08
-1.85989e-11
2.5164e-08
-2.4948e-11
2.51607e-08
-3.19535e-11
2.51564e-08
-4.29079e-11
2.51508e-08
-5.53781e-11
2.51434e-08
-7.42232e-11
2.51338e-08
-9.61661e-11
2.51212e-08
-1.2843e-10
2.51049e-08
-1.66605e-10
2.50835e-08
-2.21501e-10
2.50558e-08
-2.87176e-10
2.50197e-08
-3.79901e-10
2.49732e-08
-4.91649e-10
2.49128e-08
-6.47022e-10
2.48352e-08
-8.3514e-10
2.47348e-08
-1.09336e-09
2.46066e-08
-1.40691e-09
2.44417e-08
-1.83284e-09
2.4232e-08
-2.35134e-09
2.39638e-08
-3.05048e-09
2.36242e-08
-3.90536e-09
2.31922e-08
-5.0557e-09
2.26483e-08
-6.4776e-09
2.19601e-08
-8.40722e-09
2.10978e-08
-1.08513e-08
2.00128e-08
-1.42551e-08
1.86604e-08
-1.87333e-08
1.69678e-08
-2.51687e-08
1.48724e-08
-3.36318e-08
1.22667e-08
-4.53041e-08
9.05545e-09
-5.73649e-08
4.85442e-09
-6.84082e-08
-5.31607e-08
6.21141e-09
4.65039e-08
1.22332e-08
6.23917e-08
1.69091e-08
5.27118e-08
2.06677e-08
4.15922e-08
2.36275e-08
3.07165e-08
2.59789e-08
2.28528e-08
2.78297e-08
1.69121e-08
2.93004e-08
1.28077e-08
3.0459e-08
9.70933e-09
3.13791e-08
7.50015e-09
3.21024e-08
5.76177e-09
3.26752e-08
4.48903e-09
3.31236e-08
3.45932e-09
3.34772e-08
2.6992e-09
3.37526e-08
2.07601e-09
3.39689e-08
1.61752e-09
3.41365e-08
1.23923e-09
3.42675e-08
9.63494e-10
3.43685e-08
7.34839e-10
3.44471e-08
5.70198e-10
3.45073e-08
4.32813e-10
3.45542e-08
3.35405e-10
3.45899e-08
2.53465e-10
3.46175e-08
1.96502e-10
3.46386e-08
1.48036e-10
3.46549e-08
1.15157e-10
3.46672e-08
8.67095e-11
3.46768e-08
6.79854e-11
3.4684e-08
5.13892e-11
3.46896e-08
4.08751e-11
3.46939e-08
3.12374e-11
3.46973e-08
2.54249e-11
3.46998e-08
1.98446e-11
3.47019e-08
1.66885e-11
3.47034e-08
1.34603e-11
3.47047e-08
1.17824e-11
3.47058e-08
9.91084e-12
3.47066e-08
9.04103e-12
3.47073e-08
7.94916e-12
3.47079e-08
7.51141e-12
3.47085e-08
6.86644e-12
3.4709e-08
6.65294e-12
3.47094e-08
6.26379e-12
3.47098e-08
6.16182e-12
3.47102e-08
5.91912e-12
3.47105e-08
5.86894e-12
3.47108e-08
5.71014e-12
3.47112e-08
5.68103e-12
3.47115e-08
5.57021e-12
3.47118e-08
5.54691e-12
3.47121e-08
5.46335e-12
3.47124e-08
5.43878e-12
3.47127e-08
5.37043e-12
3.47129e-08
5.34172e-12
3.47132e-08
5.28159e-12
3.47135e-08
5.24793e-12
3.47137e-08
5.19193e-12
3.4714e-08
5.15346e-12
3.47143e-08
5.09922e-12
3.47145e-08
5.05643e-12
3.47148e-08
5.00257e-12
3.4715e-08
4.95605e-12
3.47153e-08
4.90178e-12
3.47155e-08
4.85211e-12
3.47158e-08
4.79701e-12
3.4716e-08
4.74471e-12
3.47162e-08
4.6886e-12
3.47165e-08
4.63414e-12
3.47167e-08
4.57701e-12
3.47169e-08
4.5208e-12
3.47171e-08
4.46271e-12
3.47173e-08
4.40512e-12
3.47176e-08
4.34621e-12
3.47178e-08
4.28755e-12
3.4718e-08
4.22797e-12
3.47182e-08
4.16853e-12
3.47184e-08
4.10848e-12
3.47186e-08
4.04852e-12
3.47188e-08
3.98817e-12
3.4719e-08
3.92794e-12
3.47192e-08
3.86753e-12
3.47194e-08
3.80732e-12
3.47196e-08
3.74711e-12
3.47198e-08
3.68725e-12
3.472e-08
3.62759e-12
3.47202e-08
3.56842e-12
3.47204e-08
3.50963e-12
3.47206e-08
3.45146e-12
3.47207e-08
3.39376e-12
3.47209e-08
3.33674e-12
3.47211e-08
3.28025e-12
3.47213e-08
3.2245e-12
3.47215e-08
3.16939e-12
3.47216e-08
3.11516e-12
3.47218e-08
3.06168e-12
3.4722e-08
3.00907e-12
3.47221e-08
2.95686e-12
3.47223e-08
2.90474e-12
3.47225e-08
2.85195e-12
3.47226e-08
2.79827e-12
3.47228e-08
2.74398e-12
3.4723e-08
2.68982e-12
3.47231e-08
2.63708e-12
3.47233e-08
2.58657e-12
3.47234e-08
2.53879e-12
3.47236e-08
2.49333e-12
3.47237e-08
2.44978e-12
3.47239e-08
2.40731e-12
3.4724e-08
2.36565e-12
3.47242e-08
2.32444e-12
3.47243e-08
2.28385e-12
3.47245e-08
2.24378e-12
3.47246e-08
2.20451e-12
3.47248e-08
2.16593e-12
3.47249e-08
2.12822e-12
3.4725e-08
2.0912e-12
3.47252e-08
2.05498e-12
3.47253e-08
2.0193e-12
3.47254e-08
1.98421e-12
3.47256e-08
1.94937e-12
3.47257e-08
1.91472e-12
3.47258e-08
1.87976e-12
3.4726e-08
1.84426e-12
3.47261e-08
1.80748e-12
3.47262e-08
1.76889e-12
3.47263e-08
1.72739e-12
3.47264e-08
1.682e-12
3.47266e-08
1.63109e-12
3.47267e-08
1.57296e-12
3.47267e-08
1.50487e-12
3.47268e-08
1.42249e-12
3.47269e-08
1.31599e-12
3.4727e-08
1.16163e-12
3.4727e-08
9.10742e-13
3.4727e-08
4.97132e-13
3.4727e-08
-1.72829e-14
3.4727e-08
-4.30266e-13
3.47269e-08
-6.78663e-13
3.47268e-08
-8.29018e-13
3.47267e-08
-9.2978e-13
3.47266e-08
-1.00461e-12
3.47265e-08
-1.06326e-12
3.47264e-08
-1.11013e-12
3.47263e-08
-1.14794e-12
3.47262e-08
-1.17846e-12
3.47261e-08
-1.20327e-12
3.47259e-08
-1.22342e-12
3.47258e-08
-1.23996e-12
3.47257e-08
-1.25348e-12
3.47255e-08
-1.26468e-12
3.47254e-08
-1.27386e-12
3.47253e-08
-1.28146e-12
3.47251e-08
-1.28759e-12
3.4725e-08
-1.29258e-12
3.47248e-08
-1.29643e-12
3.47247e-08
-1.29939e-12
3.47246e-08
-1.30145e-12
3.47244e-08
-1.30282e-12
3.47243e-08
-1.30347e-12
3.47241e-08
-1.30356e-12
3.4724e-08
-1.30304e-12
3.47238e-08
-1.30195e-12
3.47236e-08
-1.30015e-12
3.47235e-08
-1.2976e-12
3.47233e-08
-1.29411e-12
3.47232e-08
-1.28972e-12
3.4723e-08
-1.28435e-12
3.47228e-08
-1.27822e-12
3.47227e-08
-1.27139e-12
3.47225e-08
-1.26412e-12
3.47223e-08
-1.25646e-12
3.47222e-08
-1.24845e-12
3.4722e-08
-1.24001e-12
3.47218e-08
-1.23108e-12
3.47216e-08
-1.22154e-12
3.47214e-08
-1.21139e-12
3.47213e-08
-1.20057e-12
3.47211e-08
-1.18915e-12
3.47209e-08
-1.17711e-12
3.47207e-08
-1.16455e-12
3.47205e-08
-1.15146e-12
3.47203e-08
-1.13793e-12
3.47201e-08
-1.12396e-12
3.47199e-08
-1.10963e-12
3.47197e-08
-1.09497e-12
3.47195e-08
-1.08004e-12
3.47193e-08
-1.06488e-12
3.47191e-08
-1.04952e-12
3.47189e-08
-1.03405e-12
3.47187e-08
-1.01846e-12
3.47185e-08
-1.00291e-12
3.47183e-08
-9.87307e-13
3.47181e-08
-9.71912e-13
3.47178e-08
-9.56518e-13
3.47176e-08
-9.41552e-13
3.47174e-08
-9.26619e-13
3.47172e-08
-9.12388e-13
3.47169e-08
-8.98179e-13
3.47167e-08
-8.8503e-13
3.47165e-08
-8.71817e-13
3.47162e-08
-8.60142e-13
3.4716e-08
-8.48203e-13
3.47158e-08
-8.38452e-13
3.47155e-08
-8.28067e-13
3.47153e-08
-8.20768e-13
3.4715e-08
-8.12205e-13
3.47148e-08
-8.07989e-13
3.47145e-08
-8.01507e-13
3.47143e-08
-8.01153e-13
3.4714e-08
-7.96999e-13
3.47138e-08
-8.01505e-13
3.47135e-08
-7.99934e-13
3.47132e-08
-8.10642e-13
3.4713e-08
-8.11971e-13
3.47127e-08
-8.30768e-13
3.47124e-08
-8.35505e-13
3.47122e-08
-8.65182e-13
3.47119e-08
-8.74304e-13
3.47116e-08
-9.19187e-13
3.47113e-08
-9.34734e-13
3.4711e-08
-1.00184e-12
3.47107e-08
-1.02809e-12
3.47104e-08
-1.12921e-12
3.47101e-08
-1.17494e-12
3.47098e-08
-1.33028e-12
3.47094e-08
-1.41286e-12
3.47091e-08
-1.65749e-12
3.47087e-08
-1.81038e-12
3.47082e-08
-2.20554e-12
3.47077e-08
-2.4918e-12
3.47071e-08
-3.14489e-12
3.47065e-08
-3.6813e-12
3.47056e-08
-4.78051e-12
3.47047e-08
-5.78007e-12
3.47034e-08
-7.65454e-12
3.47019e-08
-9.50007e-12
3.46999e-08
-1.27225e-11
3.46974e-08
-1.60929e-11
3.46941e-08
-2.16531e-11
3.46899e-08
-2.77377e-11
3.46843e-08
-3.7334e-11
3.46771e-08
-4.81911e-11
3.46676e-08
-6.47133e-11
3.46553e-08
-8.38639e-11
3.46391e-08
-1.12185e-10
3.4618e-08
-1.45582e-10
3.45904e-08
-1.93839e-10
3.45546e-08
-2.51432e-10
3.45078e-08
-3.33078e-10
3.44475e-08
-4.31308e-10
3.43688e-08
-5.68369e-10
3.42678e-08
-7.34132e-10
3.41368e-08
-9.62383e-10
3.39693e-08
-1.23938e-09
3.37532e-08
-1.61675e-09
3.3478e-08
-2.07613e-09
3.31249e-08
-2.69737e-09
3.26772e-08
-3.45763e-09
3.21055e-08
-4.48409e-09
3.13837e-08
-5.75578e-09
3.0466e-08
-7.48947e-09
2.93105e-08
-9.69582e-09
2.78443e-08
-1.2789e-08
2.59994e-08
-1.68884e-08
2.36563e-08
-2.28256e-08
2.07076e-08
-3.0683e-08
1.6963e-08
-4.15595e-08
1.23006e-08
-5.27025e-08
6.27374e-09
-6.23813e-08
-4.68869e-08
7.91371e-09
3.85901e-08
1.65435e-08
5.37618e-08
2.33797e-08
4.58756e-08
2.8821e-08
3.61508e-08
3.30073e-08
2.65302e-08
3.62651e-08
1.95949e-08
3.87826e-08
1.43946e-08
4.07566e-08
1.08337e-08
4.22952e-08
8.17069e-09
4.35084e-08
6.2869e-09
4.4456e-08
4.81416e-09
4.52033e-08
3.74166e-09
4.57856e-08
2.87687e-09
4.62437e-08
2.24098e-09
4.65992e-08
1.72048e-09
4.68777e-08
1.33889e-09
4.70928e-08
1.02419e-09
4.72606e-08
7.95553e-10
4.73895e-08
6.05833e-10
4.74898e-08
4.69701e-10
4.75664e-08
3.55972e-10
4.76259e-08
2.75693e-10
4.76711e-08
2.08051e-10
4.77062e-08
1.61285e-10
4.77327e-08
1.21386e-10
4.77534e-08
9.44946e-11
4.77689e-08
7.11269e-11
4.7781e-08
5.58689e-11
4.77901e-08
4.22611e-11
4.77973e-08
3.37279e-11
4.78027e-08
2.58389e-11
4.78069e-08
2.11447e-11
4.78102e-08
1.65845e-11
4.78128e-08
1.40515e-11
4.78149e-08
1.14177e-11
4.78166e-08
1.00824e-11
4.78179e-08
8.55786e-12
4.78191e-08
7.8738e-12
4.78201e-08
6.98573e-12
4.78209e-08
6.64742e-12
4.78217e-08
6.12358e-12
4.78224e-08
5.9629e-12
4.7823e-08
5.64717e-12
4.78236e-08
5.5734e-12
4.78241e-08
5.37651e-12
4.78246e-08
5.3419e-12
4.78251e-08
5.21282e-12
4.78256e-08
5.19302e-12
4.78261e-08
5.10245e-12
4.78266e-08
5.08553e-12
4.7827e-08
5.01654e-12
4.78274e-08
4.99708e-12
4.78279e-08
4.93984e-12
4.78283e-08
4.91575e-12
4.78287e-08
4.86454e-12
4.78291e-08
4.83535e-12
4.78295e-08
4.78687e-12
4.78299e-08
4.75283e-12
4.78303e-08
4.70515e-12
4.78307e-08
4.66679e-12
4.78311e-08
4.6188e-12
4.78315e-08
4.5767e-12
4.78319e-08
4.5278e-12
4.78322e-08
4.48249e-12
4.78326e-08
4.43237e-12
4.7833e-08
4.38436e-12
4.78333e-08
4.33293e-12
4.78337e-08
4.28266e-12
4.7834e-08
4.22994e-12
4.78343e-08
4.17781e-12
4.78347e-08
4.12392e-12
4.7835e-08
4.07027e-12
4.78354e-08
4.01537e-12
4.78357e-08
3.96052e-12
4.7836e-08
3.90478e-12
4.78363e-08
3.84903e-12
4.78366e-08
3.79265e-12
4.7837e-08
3.73625e-12
4.78373e-08
3.67943e-12
4.78376e-08
3.62265e-12
4.78379e-08
3.56563e-12
4.78382e-08
3.50875e-12
4.78385e-08
3.45183e-12
4.78388e-08
3.39518e-12
4.7839e-08
3.3387e-12
4.78393e-08
3.28265e-12
4.78396e-08
3.22695e-12
4.78399e-08
3.1718e-12
4.78402e-08
3.1171e-12
4.78404e-08
3.06303e-12
4.78407e-08
3.00946e-12
4.7841e-08
2.95658e-12
4.78412e-08
2.9043e-12
4.78415e-08
2.85286e-12
4.78418e-08
2.80213e-12
4.7842e-08
2.75223e-12
4.78423e-08
2.70269e-12
4.78425e-08
2.65321e-12
4.78428e-08
2.60306e-12
4.7843e-08
2.55201e-12
4.78433e-08
2.50033e-12
4.78435e-08
2.44879e-12
4.78437e-08
2.39865e-12
4.7844e-08
2.3507e-12
4.78442e-08
2.30542e-12
4.78444e-08
2.26243e-12
4.78447e-08
2.22128e-12
4.78449e-08
2.18119e-12
4.78451e-08
2.14187e-12
4.78453e-08
2.10298e-12
4.78456e-08
2.06469e-12
4.78458e-08
2.02691e-12
4.7846e-08
1.98992e-12
4.78462e-08
1.95361e-12
4.78464e-08
1.91818e-12
4.78466e-08
1.88345e-12
4.78468e-08
1.84955e-12
4.7847e-08
1.81624e-12
4.78472e-08
1.78359e-12
4.78474e-08
1.7513e-12
4.78476e-08
1.71936e-12
4.78478e-08
1.68731e-12
4.7848e-08
1.655e-12
4.78482e-08
1.62179e-12
4.78484e-08
1.58726e-12
4.78486e-08
1.55045e-12
4.78487e-08
1.51059e-12
4.78489e-08
1.46627e-12
4.7849e-08
1.4161e-12
4.78492e-08
1.3577e-12
4.78493e-08
1.28732e-12
4.78495e-08
1.1961e-12
4.78495e-08
1.06232e-12
4.78496e-08
8.41091e-13
4.78496e-08
4.71314e-13
4.78496e-08
9.25606e-15
4.78495e-08
-3.60017e-13
4.78494e-08
-5.78869e-13
4.78493e-08
-7.08718e-13
4.78492e-08
-7.94235e-13
4.7849e-08
-8.57076e-13
4.78489e-08
-9.0602e-13
4.78487e-08
-9.44915e-13
4.78486e-08
-9.76107e-13
4.78484e-08
-1.00105e-12
4.78482e-08
-1.02112e-12
4.7848e-08
-1.03716e-12
4.78478e-08
-1.05007e-12
4.78476e-08
-1.06034e-12
4.78474e-08
-1.06856e-12
4.78472e-08
-1.07496e-12
4.7847e-08
-1.07993e-12
4.78468e-08
-1.08355e-12
4.78466e-08
-1.08609e-12
4.78464e-08
-1.08755e-12
4.78462e-08
-1.08814e-12
4.7846e-08
-1.08785e-12
4.78458e-08
-1.08687e-12
4.78455e-08
-1.08517e-12
4.78453e-08
-1.08291e-12
4.78451e-08
-1.08001e-12
4.78449e-08
-1.07654e-12
4.78447e-08
-1.07233e-12
4.78444e-08
-1.06734e-12
4.78442e-08
-1.06139e-12
4.7844e-08
-1.05451e-12
4.78437e-08
-1.04661e-12
4.78435e-08
-1.03791e-12
4.78432e-08
-1.02849e-12
4.7843e-08
-1.0186e-12
4.78427e-08
-1.00828e-12
4.78425e-08
-9.97604e-13
4.78422e-08
-9.86481e-13
4.7842e-08
-9.74846e-13
4.78417e-08
-9.62582e-13
4.78415e-08
-9.49686e-13
4.78412e-08
-9.36096e-13
4.78409e-08
-9.2189e-13
4.78407e-08
-9.07043e-13
4.78404e-08
-8.91653e-13
4.78401e-08
-8.7571e-13
4.78398e-08
-8.59307e-13
4.78395e-08
-8.42445e-13
4.78393e-08
-8.25208e-13
4.7839e-08
-8.07612e-13
4.78387e-08
-7.89724e-13
4.78384e-08
-7.71584e-13
4.78381e-08
-7.53235e-13
4.78378e-08
-7.34753e-13
4.78375e-08
-7.16142e-13
4.78372e-08
-6.97536e-13
4.78369e-08
-6.7888e-13
4.78366e-08
-6.60395e-13
4.78363e-08
-6.4193e-13
4.78359e-08
-6.23843e-13
4.78356e-08
-6.05827e-13
4.78353e-08
-5.88444e-13
4.7835e-08
-5.7115e-13
4.78346e-08
-5.54817e-13
4.78343e-08
-5.38531e-13
4.7834e-08
-5.23634e-13
4.78336e-08
-5.08648e-13
4.78333e-08
-4.9563e-13
4.78329e-08
-4.82242e-13
4.78326e-08
-4.71612e-13
4.78322e-08
-4.60116e-13
4.78319e-08
-4.52474e-13
4.78315e-08
-4.43154e-13
4.78312e-08
-4.3923e-13
4.78308e-08
-4.3236e-13
4.78304e-08
-4.33067e-13
4.78301e-08
-4.28924e-13
4.78297e-08
-4.35464e-13
4.78293e-08
-4.34369e-13
4.78289e-08
-4.48393e-13
4.78285e-08
-4.50801e-13
4.78281e-08
-4.74702e-13
4.78277e-08
-4.81423e-13
4.78273e-08
-5.18843e-13
4.78269e-08
-5.31506e-13
4.78265e-08
-5.88275e-13
4.78261e-08
-6.10273e-13
4.78257e-08
-6.96103e-13
4.78252e-08
-7.34404e-13
4.78248e-08
-8.65869e-13
4.78243e-08
-9.34325e-13
4.78238e-08
-1.14009e-12
4.78232e-08
-1.2655e-12
4.78226e-08
-1.59554e-12
4.7822e-08
-1.8286e-12
4.78212e-08
-2.37053e-12
4.78203e-08
-2.80551e-12
4.78192e-08
-3.71298e-12
4.7818e-08
-4.52246e-12
4.78164e-08
-6.06453e-12
4.78145e-08
-7.55984e-12
4.78119e-08
-1.02055e-11
4.78088e-08
-1.29406e-11
4.78046e-08
-1.75021e-11
4.77994e-08
-2.24506e-11
4.77923e-08
-3.03249e-11
4.77833e-08
-3.9177e-11
4.77714e-08
-5.27467e-11
4.77559e-08
-6.84029e-11
4.77354e-08
-9.16962e-11
4.77089e-08
-1.19076e-10
4.76739e-08
-1.58838e-10
4.76287e-08
-2.06188e-10
4.75692e-08
-2.73603e-10
4.74925e-08
-3.54597e-10
4.73921e-08
-4.68033e-10
4.72631e-08
-6.05119e-10
4.70953e-08
-7.94513e-10
4.68802e-08
-1.02432e-09
4.66018e-08
-1.33838e-09
4.62466e-08
-1.7209e-09
4.57891e-08
-2.23985e-09
4.52074e-08
-2.87597e-09
4.44614e-08
-3.73808e-09
4.35155e-08
-4.80988e-09
4.2305e-08
-6.27898e-09
4.07699e-08
-8.16074e-09
3.8801e-08
-1.082e-08
3.62902e-08
-1.43776e-08
3.30414e-08
-1.95768e-08
2.88672e-08
-2.65088e-08
2.34408e-08
-3.61331e-08
1.66186e-08
-4.58803e-08
7.98776e-09
-5.37504e-08
-3.88992e-08
9.96607e-09
2.8624e-08
2.22562e-08
4.14716e-08
3.22938e-08
3.58379e-08
4.02236e-08
2.8221e-08
4.61797e-08
2.0574e-08
5.07036e-08
1.5071e-08
5.41217e-08
1.09765e-08
5.67554e-08
8.19981e-09
5.878e-08
6.14607e-09
6.03605e-08
4.70638e-09
6.15847e-08
3.58976e-09
6.25446e-08
2.78164e-09
6.32884e-08
2.13298e-09
6.38711e-08
1.65816e-09
6.43212e-08
1.2704e-09
6.46729e-08
9.87191e-10
6.49431e-08
7.53789e-10
6.51537e-08
5.84798e-10
6.53146e-08
4.44532e-10
6.54397e-08
3.44285e-10
6.55349e-08
2.60477e-10
6.56088e-08
2.01611e-10
6.56647e-08
1.51936e-10
6.57081e-08
1.17795e-10
6.57409e-08
8.85844e-11
6.57663e-08
6.9037e-11
6.57854e-08
5.19755e-11
6.58004e-08
4.09348e-11
6.58116e-08
3.10251e-11
6.58204e-08
2.48837e-11
6.58271e-08
1.91543e-11
6.58325e-08
1.57987e-11
6.58366e-08
1.24968e-11
6.58399e-08
1.07027e-11
6.58425e-08
8.80214e-12
6.58447e-08
7.86862e-12
6.58465e-08
6.77305e-12
6.58481e-08
6.30421e-12
6.58494e-08
5.66929e-12
6.58506e-08
5.44481e-12
6.58517e-08
5.07268e-12
6.58526e-08
4.97188e-12
6.58535e-08
4.74925e-12
6.58544e-08
4.70741e-12
6.58552e-08
4.56958e-12
6.5856e-08
4.55293e-12
6.58568e-08
4.46299e-12
6.58575e-08
4.45449e-12
6.58582e-08
4.39124e-12
6.58589e-08
4.38268e-12
6.58596e-08
4.33386e-12
6.58603e-08
4.32162e-12
6.58609e-08
4.28013e-12
6.58616e-08
4.26292e-12
6.58622e-08
4.22465e-12
6.58629e-08
4.20231e-12
6.58635e-08
4.1649e-12
6.58641e-08
4.13777e-12
6.58647e-08
4.09989e-12
6.58653e-08
4.06847e-12
6.58659e-08
4.02937e-12
6.58665e-08
3.99419e-12
6.5867e-08
3.95348e-12
6.58676e-08
3.91503e-12
6.58682e-08
3.87258e-12
6.58687e-08
3.8313e-12
6.58693e-08
3.7871e-12
6.58698e-08
3.74341e-12
6.58703e-08
3.69757e-12
6.58709e-08
3.65184e-12
6.58714e-08
3.60451e-12
6.58719e-08
3.55708e-12
6.58724e-08
3.50845e-12
6.58729e-08
3.45963e-12
6.58734e-08
3.40991e-12
6.58739e-08
3.35999e-12
6.58744e-08
3.3094e-12
6.58749e-08
3.25864e-12
6.58753e-08
3.2074e-12
6.58758e-08
3.15606e-12
6.58763e-08
3.10443e-12
6.58767e-08
3.05281e-12
6.58772e-08
3.00109e-12
6.58776e-08
2.94955e-12
6.5878e-08
2.89811e-12
6.58785e-08
2.84702e-12
6.58789e-08
2.7962e-12
6.58793e-08
2.74587e-12
6.58798e-08
2.69592e-12
6.58802e-08
2.64654e-12
6.58806e-08
2.59759e-12
6.5881e-08
2.54928e-12
6.58814e-08
2.50149e-12
6.58818e-08
2.45447e-12
6.58822e-08
2.40809e-12
6.58826e-08
2.36248e-12
6.5883e-08
2.31716e-12
6.58833e-08
2.27186e-12
6.58837e-08
2.22586e-12
6.58841e-08
2.17896e-12
6.58845e-08
2.13145e-12
6.58848e-08
2.08406e-12
6.58852e-08
2.03802e-12
6.58855e-08
1.99411e-12
6.58859e-08
1.95278e-12
6.58862e-08
1.91365e-12
6.58866e-08
1.87628e-12
6.58869e-08
1.8399e-12
6.58873e-08
1.80424e-12
6.58876e-08
1.76898e-12
6.58879e-08
1.73427e-12
6.58883e-08
1.70005e-12
6.58886e-08
1.66658e-12
6.58889e-08
1.63379e-12
6.58892e-08
1.60186e-12
6.58895e-08
1.57064e-12
6.58898e-08
1.54027e-12
6.58901e-08
1.51053e-12
6.58905e-08
1.48153e-12
6.58908e-08
1.45301e-12
6.5891e-08
1.425e-12
6.58913e-08
1.39713e-12
6.58916e-08
1.36934e-12
6.58919e-08
1.34109e-12
6.58922e-08
1.31214e-12
6.58924e-08
1.28171e-12
6.58927e-08
1.24926e-12
6.5893e-08
1.21371e-12
6.58932e-08
1.17406e-12
6.58934e-08
1.12846e-12
6.58936e-08
1.07399e-12
6.58938e-08
1.00346e-12
6.5894e-08
8.9896e-13
6.58941e-08
7.23198e-13
6.58942e-08
4.25485e-13
6.58941e-08
5.17408e-14
6.5894e-08
-2.45699e-13
6.58938e-08
-4.19324e-13
6.58937e-08
-5.20033e-13
6.58934e-08
-5.84955e-13
6.58932e-08
-6.31945e-13
6.5893e-08
-6.68156e-13
6.58927e-08
-6.96586e-13
6.58925e-08
-7.19059e-13
6.58922e-08
-7.36642e-13
6.58919e-08
-7.50391e-13
6.58917e-08
-7.60916e-13
6.58914e-08
-7.68932e-13
6.58911e-08
-7.74764e-13
6.58908e-08
-7.78891e-13
6.58905e-08
-7.81449e-13
6.58902e-08
-7.82758e-13
6.58899e-08
-7.82845e-13
6.58896e-08
-7.81936e-13
6.58893e-08
-7.80008e-13
6.5889e-08
-7.77247e-13
6.58887e-08
-7.73623e-13
6.58884e-08
-7.6931e-13
6.5888e-08
-7.64279e-13
6.58877e-08
-7.58671e-13
6.58874e-08
-7.52416e-13
6.58871e-08
-7.4556e-13
6.58867e-08
-7.37939e-13
6.58864e-08
-7.29512e-13
6.5886e-08
-7.20084e-13
6.58857e-08
-7.0967e-13
6.58854e-08
-6.98202e-13
6.5885e-08
-6.85889e-13
6.58846e-08
-6.72808e-13
6.58843e-08
-6.59225e-13
6.58839e-08
-6.45188e-13
6.58836e-08
-6.30765e-13
6.58832e-08
-6.15875e-13
6.58828e-08
-6.00453e-13
6.58824e-08
-5.84378e-13
6.58821e-08
-5.67651e-13
6.58817e-08
-5.50204e-13
6.58813e-08
-5.32116e-13
6.58809e-08
-5.13361e-13
6.58805e-08
-4.94039e-13
6.58801e-08
-4.74135e-13
6.58797e-08
-4.53749e-13
6.58793e-08
-4.32875e-13
6.58789e-08
-4.11605e-13
6.58784e-08
-3.89946e-13
6.5878e-08
-3.67976e-13
6.58776e-08
-3.45722e-13
6.58772e-08
-3.23244e-13
6.58767e-08
-3.00599e-13
6.58763e-08
-2.77819e-13
6.58758e-08
-2.55004e-13
6.58754e-08
-2.32145e-13
6.58749e-08
-2.0941e-13
6.58745e-08
-1.86719e-13
6.5874e-08
-1.64342e-13
6.58736e-08
-1.42088e-13
6.58731e-08
-1.20378e-13
6.58726e-08
-9.88468e-14
6.58722e-08
-7.81466e-14
6.58717e-08
-5.76396e-14
6.58712e-08
-3.83302e-14
6.58707e-08
-1.9162e-14
6.58702e-08
-1.6718e-15
6.58697e-08
1.58336e-14
6.58692e-08
3.10183e-14
6.58687e-08
4.65357e-14
6.58682e-08
5.88553e-14
6.58677e-08
7.20601e-14
6.58671e-08
8.08529e-14
6.58666e-08
9.1426e-14
6.58661e-08
9.58887e-14
6.58656e-08
1.03509e-13
6.5865e-08
1.02621e-13
6.58645e-08
1.06944e-13
6.58639e-08
9.9352e-14
6.58634e-08
9.99441e-14
6.58628e-08
8.37575e-14
6.58623e-08
7.99571e-14
6.58617e-08
5.23841e-14
6.58611e-08
4.29756e-14
6.58605e-08
-3.52898e-16
6.58599e-08
-1.78068e-14
6.58593e-08
-8.40645e-14
6.58587e-08
-1.14521e-13
6.58581e-08
-2.15846e-13
6.58574e-08
-2.69147e-13
6.58567e-08
-4.26411e-13
6.58559e-08
-5.21627e-13
6.58551e-08
-7.71108e-13
6.58542e-08
-9.44416e-13
6.58532e-08
-1.34963e-12
6.58521e-08
-1.66855e-12
6.58507e-08
-2.34095e-12
6.58491e-08
-2.92962e-12
6.58471e-08
-4.06461e-12
6.58447e-08
-5.14785e-12
6.58416e-08
-7.08681e-12
6.58377e-08
-9.06619e-12
6.58326e-08
-1.24017e-11
6.58261e-08
-1.59856e-11
6.58175e-08
-2.17394e-11
6.58065e-08
-2.81624e-11
6.57919e-08
-3.80825e-11
6.57729e-08
-4.94706e-11
6.57478e-08
-6.65214e-11
6.57152e-08
-8.64938e-11
6.5672e-08
-1.15655e-10
6.56161e-08
-1.50302e-10
6.55424e-08
-1.99859e-10
6.54471e-08
-2.59318e-10
6.5322e-08
-3.42928e-10
6.51608e-08
-4.43911e-10
6.49502e-08
-5.8393e-10
6.46797e-08
-7.53848e-10
6.43282e-08
-9.8685e-10
6.38782e-08
-1.27092e-09
6.3296e-08
-1.65768e-09
6.25529e-08
-2.13282e-09
6.15944e-08
-2.77959e-09
6.03718e-08
-3.58725e-09
5.87941e-08
-4.70134e-09
5.67731e-08
-6.13975e-09
5.41445e-08
-8.19134e-09
5.0733e-08
-1.09661e-08
4.62177e-08
-1.50615e-08
4.0273e-08
-2.05642e-08
3.2357e-08
-2.82171e-08
2.23319e-08
-3.58552e-08
1.00487e-08
-4.14672e-08
-2.88505e-08
1.25321e-08
1.60917e-08
2.9862e-08
2.41416e-08
4.45561e-08
2.11437e-08
5.61233e-08
1.66536e-08
6.46264e-08
1.20708e-08
7.09247e-08
8.77248e-09
7.5567e-08
6.33414e-09
7.9071e-08
4.69565e-09
8.17203e-08
3.49665e-09
8.37626e-08
2.66395e-09
8.53288e-08
2.02337e-09
8.65475e-08
1.56289e-09
8.74854e-08
1.19502e-09
8.82164e-08
9.27062e-10
8.87779e-08
7.08714e-10
8.92149e-08
5.49867e-10
8.95492e-08
4.19033e-10
8.98088e-08
3.24684e-10
9.00066e-08
2.46347e-10
9.01599e-08
1.90624e-10
9.02761e-08
1.43993e-10
9.03661e-08
1.11426e-10
9.04341e-08
8.38905e-11
9.04867e-08
6.50955e-11
9.05263e-08
4.89618e-11
9.05571e-08
3.82587e-11
9.05802e-08
2.887e-11
9.05982e-08
2.28637e-11
9.06118e-08
1.74337e-11
9.06226e-08
1.4121e-11
9.06307e-08
1.09983e-11
9.06373e-08
9.21019e-12
9.06424e-08
7.42331e-12
9.06466e-08
6.4848e-12
9.065e-08
5.4665e-12
9.06528e-08
4.99275e-12
9.06552e-08
4.41418e-12
9.06573e-08
4.18873e-12
9.06591e-08
3.8604e-12
9.06608e-08
3.76333e-12
9.06623e-08
3.57657e-12
9.06637e-08
3.54252e-12
9.0665e-08
3.43521e-12
9.06663e-08
3.4294e-12
9.06675e-08
3.36613e-12
9.06687e-08
3.37061e-12
9.06698e-08
3.33127e-12
9.0671e-08
3.33713e-12
9.0672e-08
3.31016e-12
9.06731e-08
3.31321e-12
9.06741e-08
3.29195e-12
9.06752e-08
3.29041e-12
9.06762e-08
3.27102e-12
9.06772e-08
3.26439e-12
9.06782e-08
3.2447e-12
9.06791e-08
3.23306e-12
9.06801e-08
3.21188e-12
9.0681e-08
3.19558e-12
9.0682e-08
3.17227e-12
9.06829e-08
3.15175e-12
9.06838e-08
3.12603e-12
9.06847e-08
3.10171e-12
9.06855e-08
3.07348e-12
9.06864e-08
3.04576e-12
9.06873e-08
3.01506e-12
9.06881e-08
2.98434e-12
9.0689e-08
2.9513e-12
9.06898e-08
2.91792e-12
9.06906e-08
2.88273e-12
9.06914e-08
2.84704e-12
9.06922e-08
2.80991e-12
9.0693e-08
2.77224e-12
9.06938e-08
2.73341e-12
9.06945e-08
2.69405e-12
9.06953e-08
2.65377e-12
9.0696e-08
2.61301e-12
9.06968e-08
2.5715e-12
9.06975e-08
2.52961e-12
9.06982e-08
2.48714e-12
9.06989e-08
2.44439e-12
9.06996e-08
2.40123e-12
9.07003e-08
2.35792e-12
9.0701e-08
2.3144e-12
9.07017e-08
2.27092e-12
9.07024e-08
2.22741e-12
9.0703e-08
2.18415e-12
9.07037e-08
2.14104e-12
9.07043e-08
2.09832e-12
9.0705e-08
2.05587e-12
9.07056e-08
2.01389e-12
9.07062e-08
1.97223e-12
9.07068e-08
1.93111e-12
9.07075e-08
1.8904e-12
9.07081e-08
1.85036e-12
9.07087e-08
1.81084e-12
9.07092e-08
1.77196e-12
9.07098e-08
1.73329e-12
9.07104e-08
1.69455e-12
9.0711e-08
1.65508e-12
9.07115e-08
1.61471e-12
9.07121e-08
1.57374e-12
9.07126e-08
1.53287e-12
9.07132e-08
1.4933e-12
9.07137e-08
1.45573e-12
9.07143e-08
1.42059e-12
9.07148e-08
1.38749e-12
9.07153e-08
1.35601e-12
9.07158e-08
1.32541e-12
9.07163e-08
1.29544e-12
9.07168e-08
1.26581e-12
9.07173e-08
1.23667e-12
9.07178e-08
1.20796e-12
9.07183e-08
1.17996e-12
9.07188e-08
1.15258e-12
9.07193e-08
1.12603e-12
9.07197e-08
1.10016e-12
9.07202e-08
1.07514e-12
9.07207e-08
1.05079e-12
9.07211e-08
1.02724e-12
9.07216e-08
1.00428e-12
9.0722e-08
9.82007e-13
9.07224e-08
9.60157e-13
9.07229e-08
9.38759e-13
9.07233e-08
9.17445e-13
9.07237e-08
8.96139e-13
9.07241e-08
8.74338e-13
9.07245e-08
8.51809e-13
9.07249e-08
8.2786e-13
9.07253e-08
8.02013e-13
9.07256e-08
7.73147e-13
9.0726e-08
7.39649e-13
9.07263e-08
6.97081e-13
9.07265e-08
6.34432e-13
9.07267e-08
5.28382e-13
9.07268e-08
3.47404e-13
9.07267e-08
1.19259e-13
9.07266e-08
-6.18623e-14
9.07263e-08
-1.66215e-13
9.0726e-08
-2.25359e-13
9.07257e-08
-2.62521e-13
9.07253e-08
-2.88718e-13
9.0725e-08
-3.08372e-13
9.07246e-08
-3.2319e-13
9.07242e-08
-3.34277e-13
9.07238e-08
-3.42182e-13
9.07234e-08
-3.47569e-13
9.0723e-08
-3.50731e-13
9.07226e-08
-3.5214e-13
9.07222e-08
-3.51929e-13
9.07218e-08
-3.50426e-13
9.07213e-08
-3.47659e-13
9.07209e-08
-3.43856e-13
9.07204e-08
-3.38983e-13
9.072e-08
-3.33213e-13
9.07195e-08
-3.26491e-13
9.07191e-08
-3.18972e-13
9.07186e-08
-3.10609e-13
9.07181e-08
-3.01559e-13
9.07177e-08
-2.91788e-13
9.07172e-08
-2.81425e-13
9.07167e-08
-2.70397e-13
9.07162e-08
-2.58742e-13
9.07157e-08
-2.46292e-13
9.07152e-08
-2.32992e-13
9.07147e-08
-2.18644e-13
9.07142e-08
-2.03249e-13
9.07137e-08
-1.86739e-13
9.07132e-08
-1.69325e-13
9.07127e-08
-1.51088e-13
9.07122e-08
-1.32305e-13
9.07116e-08
-1.13034e-13
9.07111e-08
-9.33543e-14
9.07105e-08
-7.31845e-14
9.071e-08
-5.2464e-14
9.07094e-08
-3.10672e-14
9.07089e-08
-8.99484e-15
9.07083e-08
1.38261e-14
9.07078e-08
3.73137e-14
9.07072e-08
6.1501e-14
9.07066e-08
8.62815e-14
9.0706e-08
1.11676e-13
9.07054e-08
1.37578e-13
9.07048e-08
1.64002e-13
9.07042e-08
1.90846e-13
9.07036e-08
2.18115e-13
9.0703e-08
2.45715e-13
9.07024e-08
2.73638e-13
9.07018e-08
3.01801e-13
9.07011e-08
3.30173e-13
9.07005e-08
3.58686e-13
9.06998e-08
3.8728e-13
9.06992e-08
4.15909e-13
9.06985e-08
4.44471e-13
9.06979e-08
4.72958e-13
9.06972e-08
5.01205e-13
9.06965e-08
5.29267e-13
9.06959e-08
5.56889e-13
9.06952e-08
5.84224e-13
9.06945e-08
6.10881e-13
9.06938e-08
6.37166e-13
9.06931e-08
6.62486e-13
9.06924e-08
6.87379e-13
9.06917e-08
7.1095e-13
9.0691e-08
7.34095e-13
9.06902e-08
7.55462e-13
9.06895e-08
7.7649e-13
9.06888e-08
7.95144e-13
9.0688e-08
8.13676e-13
9.06873e-08
8.29043e-13
9.06865e-08
8.44696e-13
9.06858e-08
8.56109e-13
9.0685e-08
8.68494e-13
9.06842e-08
8.75158e-13
9.06835e-08
8.83869e-13
9.06827e-08
8.84799e-13
9.06819e-08
8.89388e-13
9.06811e-08
8.83302e-13
9.06803e-08
8.83215e-13
9.06795e-08
8.68346e-13
9.06786e-08
8.62757e-13
9.06778e-08
8.36482e-13
9.0677e-08
8.23932e-13
9.06761e-08
7.82094e-13
9.06752e-08
7.59782e-13
9.06743e-08
6.955e-13
9.06734e-08
6.58007e-13
9.06724e-08
5.59623e-13
9.06714e-08
4.96573e-13
9.06703e-08
3.44029e-13
9.06691e-08
2.35833e-13
9.06677e-08
-5.80579e-15
9.06663e-08
-1.95717e-13
9.06645e-08
-5.87629e-13
9.06625e-08
-9.26681e-13
9.066e-08
-1.5762e-12
9.06571e-08
-2.18696e-12
9.06533e-08
-3.28188e-12
9.06486e-08
-4.38405e-12
9.06424e-08
-6.25096e-12
9.06347e-08
-8.23359e-12
9.06244e-08
-1.14371e-11
9.06112e-08
-1.49807e-11
9.05936e-08
-2.04894e-11
9.05709e-08
-2.67703e-11
9.05406e-08
-3.62318e-11
9.05014e-08
-4.72604e-11
9.04492e-08
-6.34518e-11
9.03815e-08
-8.26242e-11
9.02918e-08
-1.10182e-10
9.01757e-08
-1.43174e-10
9.00225e-08
-1.8977e-10
8.98246e-08
-2.45979e-10
8.95649e-08
-3.24229e-10
8.92302e-08
-4.19152e-10
8.87931e-08
-5.49815e-10
8.82314e-08
-7.09215e-10
8.75009e-08
-9.27102e-10
8.65634e-08
-1.19533e-09
8.5346e-08
-1.56221e-09
8.37812e-08
-2.02242e-09
8.17414e-08
-2.66158e-09
7.90951e-08
-3.49349e-09
7.55952e-08
-4.69143e-09
7.09581e-08
-6.32903e-09
6.46656e-08
-8.76888e-09
5.61706e-08
-1.20692e-08
4.46131e-08
-1.66597e-08
2.99276e-08
-2.11696e-08
1.26179e-08
-2.41575e-08
-1.62326e-08
1.61202e-08
-2.85394e-11
4.02946e-08
-3.29506e-11
6.14587e-08
-2.05364e-11
7.81226e-08
-1.04253e-11
9.01981e-08
-4.82835e-12
9.89727e-08
-2.28805e-12
1.05308e-07
-1.60717e-12
1.10005e-07
-1.20516e-12
1.13503e-07
-1.28169e-12
1.16167e-07
-1.07563e-12
1.18192e-07
-1.11837e-12
1.19755e-07
-8.86623e-13
1.20951e-07
-8.40121e-13
1.21878e-07
-5.94692e-13
1.22587e-07
-5.26362e-13
1.23137e-07
-3.39619e-13
1.23556e-07
-2.89848e-13
1.23881e-07
-1.44719e-13
1.24127e-07
-1.11762e-13
1.24317e-07
-2.65339e-15
1.24461e-07
3.94716e-14
1.24572e-07
1.44954e-13
1.24656e-07
2.05388e-13
1.24721e-07
3.1193e-13
1.24769e-07
3.83186e-13
1.24807e-07
4.84978e-13
1.24835e-07
5.58166e-13
1.24858e-07
6.51374e-13
1.24874e-07
7.22162e-13
1.24888e-07
8.06353e-13
1.24898e-07
8.73367e-13
1.24906e-07
9.49321e-13
1.24912e-07
1.01208e-12
1.24918e-07
1.08055e-12
1.24922e-07
1.13871e-12
1.24926e-07
1.2002e-12
1.24929e-07
1.25346e-12
1.24932e-07
1.3083e-12
1.24934e-07
1.35642e-12
1.24937e-07
1.40485e-12
1.24939e-07
1.44764e-12
1.24941e-07
1.48981e-12
1.24943e-07
1.52714e-12
1.24945e-07
1.56325e-12
1.24947e-07
1.59517e-12
1.24948e-07
1.62547e-12
1.2495e-07
1.65211e-12
1.24952e-07
1.67689e-12
1.24953e-07
1.69837e-12
1.24955e-07
1.71782e-12
1.24956e-07
1.73424e-12
1.24958e-07
1.74854e-12
1.24959e-07
1.76003e-12
1.24961e-07
1.76938e-12
1.24962e-07
1.77613e-12
1.24964e-07
1.78079e-12
1.24965e-07
1.78306e-12
1.24967e-07
1.7833e-12
1.24968e-07
1.78132e-12
1.24969e-07
1.77743e-12
1.24971e-07
1.77148e-12
1.24972e-07
1.76372e-12
1.24973e-07
1.75406e-12
1.24975e-07
1.74272e-12
1.24976e-07
1.72963e-12
1.24977e-07
1.715e-12
1.24979e-07
1.69876e-12
1.2498e-07
1.68112e-12
1.24981e-07
1.66203e-12
1.24982e-07
1.64168e-12
1.24983e-07
1.62004e-12
1.24985e-07
1.59728e-12
1.24986e-07
1.57336e-12
1.24987e-07
1.54848e-12
1.24988e-07
1.52258e-12
1.24989e-07
1.49585e-12
1.2499e-07
1.46824e-12
1.24991e-07
1.43995e-12
1.24992e-07
1.41091e-12
1.24994e-07
1.38133e-12
1.24995e-07
1.35116e-12
1.24996e-07
1.32062e-12
1.24997e-07
1.28967e-12
1.24998e-07
1.25857e-12
1.24999e-07
1.22727e-12
1.25e-07
1.19602e-12
1.25001e-07
1.16476e-12
1.25002e-07
1.13372e-12
1.25003e-07
1.1028e-12
1.25003e-07
1.07218e-12
1.25004e-07
1.04173e-12
1.25005e-07
1.01166e-12
1.25006e-07
9.81825e-13
1.25007e-07
9.52483e-13
1.25008e-07
9.23476e-13
1.25009e-07
8.94939e-13
1.2501e-07
8.66433e-13
1.25011e-07
8.37752e-13
1.25011e-07
8.08282e-13
1.25012e-07
7.77921e-13
1.25013e-07
7.46964e-13
1.25014e-07
7.16101e-13
1.25015e-07
6.86422e-13
1.25016e-07
6.5856e-13
1.25016e-07
6.32871e-13
1.25017e-07
6.08967e-13
1.25018e-07
5.86449e-13
1.25019e-07
5.64637e-13
1.25019e-07
5.43317e-13
1.2502e-07
5.22224e-13
1.25021e-07
5.01516e-13
1.25022e-07
4.81161e-13
1.25022e-07
4.61405e-13
1.25023e-07
4.42193e-13
1.25024e-07
4.23723e-13
1.25024e-07
4.05884e-13
1.25025e-07
3.88845e-13
1.25026e-07
3.72477e-13
1.25026e-07
3.56949e-13
1.25027e-07
3.42124e-13
1.25028e-07
3.28172e-13
1.25028e-07
3.14938e-13
1.25029e-07
3.02589e-13
1.2503e-07
2.90954e-13
1.2503e-07
2.80196e-13
1.25031e-07
2.70134e-13
1.25031e-07
2.60941e-13
1.25032e-07
2.5244e-13
1.25033e-07
2.44845e-13
1.25033e-07
2.38038e-13
1.25034e-07
2.32347e-13
1.25034e-07
2.27749e-13
1.25035e-07
2.24638e-13
1.25035e-07
2.22975e-13
1.25035e-07
2.22764e-13
1.25035e-07
2.22261e-13
1.25035e-07
2.21215e-13
1.25034e-07
2.20505e-13
1.25034e-07
2.20404e-13
1.25033e-07
2.20838e-13
1.25033e-07
2.22093e-13
1.25032e-07
2.24116e-13
1.25032e-07
2.27122e-13
1.25031e-07
2.30998e-13
1.25031e-07
2.35884e-13
1.2503e-07
2.41629e-13
1.25029e-07
2.48341e-13
1.25029e-07
2.5587e-13
1.25028e-07
2.64318e-13
1.25027e-07
2.73554e-13
1.25027e-07
2.83683e-13
1.25026e-07
2.94593e-13
1.25026e-07
3.06389e-13
1.25025e-07
3.18967e-13
1.25024e-07
3.32417e-13
1.25024e-07
3.46627e-13
1.25023e-07
3.61655e-13
1.25022e-07
3.77372e-13
1.25022e-07
3.9381e-13
1.25021e-07
4.10859e-13
1.2502e-07
4.28588e-13
1.25019e-07
4.46976e-13
1.25019e-07
4.66191e-13
1.25018e-07
4.86308e-13
1.25017e-07
5.07533e-13
1.25017e-07
5.29881e-13
1.25016e-07
5.53423e-13
1.25015e-07
5.77951e-13
1.25014e-07
6.03367e-13
1.25014e-07
6.29381e-13
1.25013e-07
6.5592e-13
1.25012e-07
6.82889e-13
1.25011e-07
7.10366e-13
1.2501e-07
7.38408e-13
1.2501e-07
7.67148e-13
1.25009e-07
7.96584e-13
1.25008e-07
8.26799e-13
1.25007e-07
8.57706e-13
1.25006e-07
8.89346e-13
1.25006e-07
9.21608e-13
1.25005e-07
9.54518e-13
1.25004e-07
9.87962e-13
1.25003e-07
1.02196e-12
1.25002e-07
1.05641e-12
1.25001e-07
1.09132e-12
1.25e-07
1.12658e-12
1.24999e-07
1.16221e-12
1.24999e-07
1.1981e-12
1.24998e-07
1.23424e-12
1.24997e-07
1.27053e-12
1.24996e-07
1.30695e-12
1.24995e-07
1.3434e-12
1.24994e-07
1.37984e-12
1.24993e-07
1.41617e-12
1.24992e-07
1.45234e-12
1.24991e-07
1.48825e-12
1.2499e-07
1.52384e-12
1.24989e-07
1.55901e-12
1.24988e-07
1.5937e-12
1.24987e-07
1.62778e-12
1.24986e-07
1.66119e-12
1.24985e-07
1.69381e-12
1.24984e-07
1.72555e-12
1.24983e-07
1.75632e-12
1.24982e-07
1.78599e-12
1.24981e-07
1.81447e-12
1.2498e-07
1.84162e-12
1.24979e-07
1.86737e-12
1.24978e-07
1.89154e-12
1.24977e-07
1.91409e-12
1.24976e-07
1.93479e-12
1.24975e-07
1.95365e-12
1.24974e-07
1.97037e-12
1.24973e-07
1.98503e-12
1.24971e-07
1.99724e-12
1.2497e-07
2.0072e-12
1.24969e-07
2.01437e-12
1.24968e-07
2.01913e-12
1.24967e-07
2.02075e-12
1.24966e-07
2.01984e-12
1.24965e-07
2.01541e-12
1.24963e-07
2.00839e-12
1.24962e-07
1.9974e-12
1.24961e-07
1.98381e-12
1.2496e-07
1.96569e-12
1.24958e-07
1.94507e-12
1.24957e-07
1.91924e-12
1.24956e-07
1.89115e-12
1.24954e-07
1.85706e-12
1.24953e-07
1.82116e-12
1.24951e-07
1.77828e-12
1.24949e-07
1.7344e-12
1.24947e-07
1.68228e-12
1.24944e-07
1.63035e-12
1.24941e-07
1.56855e-12
1.24937e-07
1.50865e-12
1.24932e-07
1.43668e-12
1.24927e-07
1.36921e-12
1.24919e-07
1.28676e-12
1.2491e-07
1.21252e-12
1.24897e-07
1.11943e-12
1.24881e-07
1.03994e-12
1.2486e-07
9.36427e-13
1.24832e-07
8.5423e-13
1.24795e-07
7.41008e-13
1.24747e-07
6.60129e-13
1.24683e-07
5.38644e-13
1.246e-07
4.6524e-13
1.2449e-07
3.38185e-13
1.24346e-07
2.81771e-13
1.24156e-07
1.54133e-13
1.2391e-07
1.29603e-13
1.23586e-07
1.04829e-14
1.23167e-07
4.12433e-14
1.22617e-07
-5.29084e-14
1.21908e-07
7.03551e-14
1.2098e-07
3.13006e-14
1.19785e-07
3.07298e-13
1.18222e-07
3.79344e-13
1.16199e-07
9.05999e-13
1.13536e-07
1.18951e-12
1.10041e-07
2.10864e-12
1.05346e-07
2.71938e-12
9.90133e-08
4.01744e-12
9.024e-08
4.47181e-12
7.81665e-08
4.32571e-12
6.15064e-08
4.72828e-13
4.0345e-08
-8.27477e-12
1.62086e-08
-2.11592e-11
-2.39988e-11
1.61203e-08
-1.61489e-08
4.02939e-08
-2.42067e-08
6.14569e-08
-2.11836e-08
7.812e-08
-1.66736e-08
9.01951e-08
-1.20801e-08
9.89695e-08
-8.77688e-09
1.05305e-07
-6.33731e-09
1.10002e-07
-4.69808e-09
1.135e-07
-3.49927e-09
1.16165e-07
-2.66616e-09
1.18189e-07
-2.02569e-09
1.19753e-07
-1.56475e-09
1.20949e-07
-1.1968e-09
1.21876e-07
-9.28352e-10
1.22585e-07
-7.09861e-10
1.23135e-07
-5.50627e-10
1.23554e-07
-4.19677e-10
1.23879e-07
-3.2502e-10
1.24125e-07
-2.46606e-10
1.24316e-07
-1.90657e-10
1.2446e-07
-1.43937e-10
1.24571e-07
-1.11156e-10
1.24655e-07
-8.34974e-11
1.24719e-07
-6.44876e-11
1.24768e-07
-4.82104e-11
1.24806e-07
-3.73026e-11
1.24834e-07
-2.77671e-11
1.24856e-07
-2.1574e-11
1.24873e-07
-1.60025e-11
1.24886e-07
-1.25215e-11
1.24897e-07
-9.26516e-12
1.24905e-07
-7.3255e-12
1.24911e-07
-5.41362e-12
1.24917e-07
-4.33867e-12
1.24921e-07
-3.20461e-12
1.24925e-07
-2.60842e-12
1.24928e-07
-1.92387e-12
1.24931e-07
-1.58925e-12
1.24933e-07
-1.16518e-12
1.24936e-07
-9.71719e-13
1.24938e-07
-6.99826e-13
1.2494e-07
-5.81849e-13
1.24942e-07
-4.00232e-13
1.24944e-07
-3.22561e-13
1.24946e-07
-1.95766e-13
1.24947e-07
-1.399e-13
1.24949e-07
-4.75188e-14
1.24951e-07
-4.01843e-15
1.24952e-07
6.57332e-14
1.24954e-07
1.01453e-13
1.24956e-07
1.55438e-13
1.24957e-07
1.8549e-13
1.24959e-07
2.27812e-13
1.2496e-07
2.5313e-13
1.24962e-07
2.86346e-13
1.24963e-07
3.07341e-13
1.24965e-07
3.33116e-13
1.24966e-07
3.49983e-13
1.24967e-07
3.69454e-13
1.24969e-07
3.82319e-13
1.2497e-07
3.96304e-13
1.24972e-07
4.05287e-13
1.24973e-07
4.14406e-13
1.24974e-07
4.19655e-13
1.24976e-07
4.24416e-13
1.24977e-07
4.26116e-13
1.24978e-07
4.26957e-13
1.24979e-07
4.25328e-13
1.24981e-07
4.22645e-13
1.24982e-07
4.17936e-13
1.24983e-07
4.12094e-13
1.24984e-07
4.0457e-13
1.24985e-07
3.95912e-13
1.24987e-07
3.85845e-13
1.24988e-07
3.74692e-13
1.24989e-07
3.62356e-13
1.2499e-07
3.49014e-13
1.24991e-07
3.34683e-13
1.24992e-07
3.19452e-13
1.24993e-07
3.0342e-13
1.24994e-07
2.86624e-13
1.24995e-07
2.69229e-13
1.24996e-07
2.51249e-13
1.24997e-07
2.329e-13
1.24998e-07
2.1418e-13
1.24999e-07
1.95326e-13
1.25e-07
1.76297e-13
1.25001e-07
1.57317e-13
1.25002e-07
1.38283e-13
1.25003e-07
1.19395e-13
1.25004e-07
1.00508e-13
1.25005e-07
8.18343e-14
1.25006e-07
6.32291e-14
1.25007e-07
4.49332e-14
1.25008e-07
2.67812e-14
1.25009e-07
8.9141e-15
1.2501e-07
-9.0897e-15
1.25011e-07
-2.73873e-14
1.25011e-07
-4.65328e-14
1.25012e-07
-6.65714e-14
1.25013e-07
-8.71955e-14
1.25014e-07
-1.0775e-13
1.25015e-07
-1.2724e-13
1.25016e-07
-1.45107e-13
1.25016e-07
-1.61072e-13
1.25017e-07
-1.75511e-13
1.25018e-07
-1.88813e-13
1.25019e-07
-2.0159e-13
1.25019e-07
-2.14032e-13
1.2502e-07
-2.26357e-13
1.25021e-07
-2.38412e-13
1.25022e-07
-2.50207e-13
1.25022e-07
-2.61514e-13
1.25023e-07
-2.7236e-13
1.25024e-07
-2.82564e-13
1.25024e-07
-2.92194e-13
1.25025e-07
-3.01082e-13
1.25026e-07
-3.09298e-13
1.25027e-07
-3.1665e-13
1.25027e-07
-3.23191e-13
1.25028e-07
-3.28692e-13
1.25028e-07
-3.33177e-13
1.25029e-07
-3.36357e-13
1.2503e-07
-3.38197e-13
1.2503e-07
-3.38305e-13
1.25031e-07
-3.36528e-13
1.25032e-07
-3.32301e-13
1.25032e-07
-3.25272e-13
1.25033e-07
-3.14548e-13
1.25033e-07
-2.99232e-13
1.25034e-07
-2.77069e-13
1.25034e-07
-2.43652e-13
1.25035e-07
-1.87197e-13
1.25035e-07
-8.44493e-14
1.25035e-07
9.61153e-14
1.25035e-07
3.23271e-13
1.25035e-07
5.02313e-13
1.25034e-07
6.05256e-13
1.25034e-07
6.64194e-13
1.25033e-07
7.02218e-13
1.25033e-07
7.30906e-13
1.25032e-07
7.54582e-13
1.25032e-07
7.75375e-13
1.25031e-07
7.94176e-13
1.25031e-07
8.11801e-13
1.2503e-07
8.28621e-13
1.25029e-07
8.45137e-13
1.25029e-07
8.61528e-13
1.25028e-07
8.78128e-13
1.25028e-07
8.95006e-13
1.25027e-07
9.12394e-13
1.25026e-07
9.30303e-13
1.25026e-07
9.48902e-13
1.25025e-07
9.68163e-13
1.25024e-07
9.88205e-13
1.25024e-07
1.00896e-12
1.25023e-07
1.0305e-12
1.25022e-07
1.05273e-12
1.25022e-07
1.07566e-12
1.25021e-07
1.09922e-12
1.2502e-07
1.12346e-12
1.2502e-07
1.14839e-12
1.25019e-07
1.17416e-12
1.25018e-07
1.20089e-12
1.25017e-07
1.22876e-12
1.25017e-07
1.25783e-12
1.25016e-07
1.28816e-12
1.25015e-07
1.31955e-12
1.25015e-07
1.35188e-12
1.25014e-07
1.38486e-12
1.25013e-07
1.41838e-12
1.25012e-07
1.45235e-12
1.25011e-07
1.48684e-12
1.25011e-07
1.52189e-12
1.2501e-07
1.55766e-12
1.25009e-07
1.59413e-12
1.25008e-07
1.63141e-12
1.25007e-07
1.66939e-12
1.25007e-07
1.70813e-12
1.25006e-07
1.74751e-12
1.25005e-07
1.78757e-12
1.25004e-07
1.82818e-12
1.25003e-07
1.86937e-12
1.25002e-07
1.91102e-12
1.25002e-07
1.95317e-12
1.25001e-07
1.99569e-12
1.25e-07
2.03862e-12
1.24999e-07
2.08181e-12
1.24998e-07
2.1253e-12
1.24997e-07
2.16893e-12
1.24996e-07
2.21275e-12
1.24995e-07
2.25657e-12
1.24994e-07
2.30045e-12
1.24994e-07
2.34417e-12
1.24993e-07
2.38783e-12
1.24992e-07
2.43114e-12
1.24991e-07
2.47426e-12
1.2499e-07
2.51683e-12
1.24989e-07
2.55909e-12
1.24988e-07
2.60054e-12
1.24987e-07
2.6416e-12
1.24986e-07
2.68152e-12
1.24985e-07
2.72102e-12
1.24984e-07
2.75899e-12
1.24983e-07
2.79655e-12
1.24982e-07
2.8321e-12
1.24981e-07
2.86736e-12
1.2498e-07
2.89996e-12
1.24979e-07
2.93258e-12
1.24978e-07
2.96169e-12
1.24977e-07
2.99135e-12
1.24976e-07
3.01639e-12
1.24974e-07
3.04288e-12
1.24973e-07
3.06324e-12
1.24972e-07
3.08649e-12
1.24971e-07
3.10162e-12
1.2497e-07
3.12187e-12
1.24969e-07
3.13132e-12
1.24968e-07
3.14932e-12
1.24967e-07
3.15301e-12
1.24966e-07
3.17037e-12
1.24964e-07
3.16886e-12
1.24963e-07
3.18873e-12
1.24962e-07
3.18393e-12
1.24961e-07
3.21208e-12
1.24959e-07
3.20848e-12
1.24958e-07
3.25541e-12
1.24957e-07
3.26252e-12
1.24955e-07
3.34716e-12
1.24954e-07
3.38391e-12
1.24952e-07
3.54017e-12
1.2495e-07
3.64275e-12
1.24948e-07
3.9309e-12
1.24945e-07
4.16663e-12
1.24942e-07
4.69311e-12
1.24938e-07
5.18471e-12
1.24934e-07
6.13632e-12
1.24928e-07
7.10427e-12
1.24921e-07
8.80696e-12
1.24911e-07
1.06419e-11
1.24899e-07
1.36599e-11
1.24883e-07
1.70453e-11
1.24861e-07
2.23476e-11
1.24834e-07
2.84648e-11
1.24797e-07
3.77003e-11
1.24749e-07
4.85676e-11
1.24685e-07
6.45161e-11
1.24602e-07
8.35419e-11
1.24491e-07
1.10845e-10
1.24348e-07
1.43723e-10
1.24158e-07
1.90063e-10
1.23912e-07
2.46222e-10
1.23587e-07
3.24231e-10
1.23168e-07
4.19214e-10
1.22619e-07
5.49684e-10
1.21909e-07
7.09328e-10
1.20982e-07
9.2713e-10
1.19787e-07
1.19591e-09
1.18224e-07
1.56293e-09
1.16201e-07
2.02419e-09
1.13538e-07
2.66391e-09
1.10042e-07
3.49767e-09
1.05348e-07
4.69685e-09
9.90152e-08
6.33711e-09
9.02417e-08
8.77797e-09
7.81679e-08
1.20782e-08
6.1507e-08
1.66614e-08
4.03444e-08
2.11542e-08
1.62076e-08
2.41157e-08
1.61836e-08
1.25324e-08
-2.86815e-08
2.98611e-08
-4.15354e-08
4.45531e-08
-3.58756e-08
5.61189e-08
-2.82395e-08
6.46212e-08
-2.05825e-08
7.09193e-08
-1.5075e-08
7.55615e-08
-1.09796e-08
7.90656e-08
-8.20228e-09
8.17151e-08
-6.14879e-09
8.37575e-08
-4.70873e-09
8.53239e-08
-3.59222e-09
8.65427e-08
-2.78366e-09
8.74808e-08
-2.13494e-09
8.82121e-08
-1.65966e-09
8.87738e-08
-1.27176e-09
8.92111e-08
-9.88135e-10
8.95457e-08
-7.54579e-10
8.98055e-08
-5.85241e-10
9.00035e-08
-4.44863e-10
9.01569e-08
-3.44368e-10
9.02733e-08
-2.60458e-10
9.03634e-08
-2.01372e-10
9.04314e-08
-1.51573e-10
9.0484e-08
-1.17215e-10
9.05237e-08
-8.78609e-11
9.05545e-08
-6.8108e-11
9.05776e-08
-5.08991e-11
9.05957e-08
-3.96712e-11
9.06093e-08
-2.96201e-11
9.06201e-08
-2.33107e-11
9.06283e-08
-1.74482e-11
9.06349e-08
-1.39419e-11
9.064e-08
-1.0516e-11
9.06442e-08
-8.58648e-12
9.06476e-08
-6.57128e-12
9.06505e-08
-5.51638e-12
9.06529e-08
-4.31597e-12
9.06551e-08
-3.73901e-12
9.06569e-08
-3.00941e-12
9.06586e-08
-2.68951e-12
9.06602e-08
-2.23319e-12
9.06616e-08
-2.04931e-12
9.0663e-08
-1.75318e-12
9.06643e-08
-1.64021e-12
9.06655e-08
-1.43952e-12
9.06668e-08
-1.36312e-12
9.06679e-08
-1.22066e-12
9.06691e-08
-1.16326e-12
9.06702e-08
-1.05762e-12
9.06713e-08
-1.01062e-12
9.06724e-08
-9.29342e-13
9.06735e-08
-8.88783e-13
9.06745e-08
-8.245e-13
9.06756e-08
-7.88679e-13
9.06766e-08
-7.36908e-13
9.06776e-08
-7.05175e-13
9.06786e-08
-6.63095e-13
9.06796e-08
-6.35251e-13
9.06806e-08
-6.01017e-13
9.06815e-08
-5.77019e-13
9.06825e-08
-5.49375e-13
9.06834e-08
-5.29206e-13
9.06843e-08
-5.0725e-13
9.06852e-08
-4.90856e-13
9.06861e-08
-4.73903e-13
9.0687e-08
-4.61175e-13
9.06879e-08
-4.48668e-13
9.06888e-08
-4.39441e-13
9.06896e-08
-4.30906e-13
9.06905e-08
-4.24973e-13
9.06913e-08
-4.19992e-13
9.06921e-08
-4.17115e-13
9.06929e-08
-4.15308e-13
9.06937e-08
-4.15231e-13
9.06945e-08
-4.16252e-13
9.06953e-08
-4.1871e-13
9.06961e-08
-4.22234e-13
9.06968e-08
-4.26954e-13
9.06976e-08
-4.32664e-13
9.06983e-08
-4.39355e-13
9.06991e-08
-4.46913e-13
9.06998e-08
-4.55229e-13
9.07005e-08
-4.6424e-13
9.07012e-08
-4.73763e-13
9.07019e-08
-4.83767e-13
9.07026e-08
-4.94035e-13
9.07033e-08
-5.04585e-13
9.0704e-08
-5.15206e-13
9.07046e-08
-5.25986e-13
9.07053e-08
-5.36735e-13
9.07059e-08
-5.47589e-13
9.07066e-08
-5.58346e-13
9.07072e-08
-5.69149e-13
9.07078e-08
-5.79766e-13
9.07084e-08
-5.90361e-13
9.0709e-08
-6.00798e-13
9.07097e-08
-6.11478e-13
9.07102e-08
-6.22535e-13
9.07108e-08
-6.3448e-13
9.07114e-08
-6.47328e-13
9.0712e-08
-6.60765e-13
9.07126e-08
-6.74154e-13
9.07131e-08
-6.86569e-13
9.07137e-08
-6.97488e-13
9.07142e-08
-7.06691e-13
9.07148e-08
-7.14537e-13
9.07153e-08
-7.2142e-13
9.07158e-08
-7.27898e-13
9.07163e-08
-7.34157e-13
9.07168e-08
-7.40372e-13
9.07174e-08
-7.46406e-13
9.07179e-08
-7.52237e-13
9.07183e-08
-7.57662e-13
9.07188e-08
-7.62673e-13
9.07193e-08
-7.6711e-13
9.07198e-08
-7.70998e-13
9.07203e-08
-7.74176e-13
9.07207e-08
-7.76657e-13
9.07212e-08
-7.78241e-13
9.07217e-08
-7.789e-13
9.07221e-08
-7.78369e-13
9.07226e-08
-7.76555e-13
9.0723e-08
-7.73086e-13
9.07234e-08
-7.67748e-13
9.07238e-08
-7.59983e-13
9.07243e-08
-7.49366e-13
9.07247e-08
-7.35042e-13
9.0725e-08
-7.16237e-13
9.07254e-08
-6.91562e-13
9.07258e-08
-6.59372e-13
9.07261e-08
-6.16136e-13
9.07264e-08
-5.54663e-13
9.07267e-08
-4.56298e-13
9.07269e-08
-2.83784e-13
9.0727e-08
1.35366e-14
9.07269e-08
3.86329e-13
9.07267e-08
6.8172e-13
9.07265e-08
8.53959e-13
9.07262e-08
9.54456e-13
9.07259e-08
1.02023e-12
9.07255e-08
1.06967e-12
9.07252e-08
1.10986e-12
9.07248e-08
1.14419e-12
9.07244e-08
1.17429e-12
9.07241e-08
1.20148e-12
9.07237e-08
1.22654e-12
9.07233e-08
1.25027e-12
9.07228e-08
1.27311e-12
9.07224e-08
1.29557e-12
9.0722e-08
1.31789e-12
9.07216e-08
1.34038e-12
9.07211e-08
1.36317e-12
9.07207e-08
1.38648e-12
9.07203e-08
1.41033e-12
9.07198e-08
1.43488e-12
9.07194e-08
1.46009e-12
9.07189e-08
1.48605e-12
9.07184e-08
1.51267e-12
9.0718e-08
1.53999e-12
9.07175e-08
1.56793e-12
9.0717e-08
1.59655e-12
9.07166e-08
1.62587e-12
9.07161e-08
1.65604e-12
9.07156e-08
1.68718e-12
9.07151e-08
1.71951e-12
9.07146e-08
1.75307e-12
9.07141e-08
1.78792e-12
9.07136e-08
1.82388e-12
9.07131e-08
1.86082e-12
9.07126e-08
1.89842e-12
9.07121e-08
1.93659e-12
9.07115e-08
1.97521e-12
9.0711e-08
2.01435e-12
9.07105e-08
2.05406e-12
9.07099e-08
2.09449e-12
9.07094e-08
2.13564e-12
9.07089e-08
2.17759e-12
9.07083e-08
2.22026e-12
9.07077e-08
2.2637e-12
9.07072e-08
2.3078e-12
9.07066e-08
2.35258e-12
9.07061e-08
2.39792e-12
9.07055e-08
2.44387e-12
9.07049e-08
2.49029e-12
9.07043e-08
2.53722e-12
9.07037e-08
2.58454e-12
9.07031e-08
2.63228e-12
9.07025e-08
2.6803e-12
9.07019e-08
2.72864e-12
9.07013e-08
2.77714e-12
9.07007e-08
2.82585e-12
9.07001e-08
2.87455e-12
9.06995e-08
2.92336e-12
9.06988e-08
2.97198e-12
9.06982e-08
3.02061e-12
9.06976e-08
3.06883e-12
9.06969e-08
3.11697e-12
9.06963e-08
3.16444e-12
9.06956e-08
3.21178e-12
9.0695e-08
3.25812e-12
9.06943e-08
3.30432e-12
9.06936e-08
3.34912e-12
9.0693e-08
3.39386e-12
9.06923e-08
3.43665e-12
9.06916e-08
3.47959e-12
9.06909e-08
3.51987e-12
9.06902e-08
3.56072e-12
9.06895e-08
3.59792e-12
9.06888e-08
3.63642e-12
9.06881e-08
3.66996e-12
9.06874e-08
3.70595e-12
9.06867e-08
3.73517e-12
9.0686e-08
3.76868e-12
9.06852e-08
3.79294e-12
9.06845e-08
3.82429e-12
9.06837e-08
3.84303e-12
9.0683e-08
3.87306e-12
9.06822e-08
3.88597e-12
9.06815e-08
3.91647e-12
9.06807e-08
3.92385e-12
9.06799e-08
3.95821e-12
9.06791e-08
3.96163e-12
9.06783e-08
4.00602e-12
9.06775e-08
4.00955e-12
9.06766e-08
4.07501e-12
9.06757e-08
4.08758e-12
9.06748e-08
4.19382e-12
9.06738e-08
4.23365e-12
9.06728e-08
4.41585e-12
9.06716e-08
4.51846e-12
9.06703e-08
4.83911e-12
9.06689e-08
5.07166e-12
9.06672e-08
5.6413e-12
9.06652e-08
6.12779e-12
9.06628e-08
7.14093e-12
9.06599e-08
8.10635e-12
9.06561e-08
9.90332e-12
9.06514e-08
1.175e-11
9.06453e-08
1.49226e-11
9.06376e-08
1.83605e-11
9.06273e-08
2.39302e-11
9.06142e-08
3.01966e-11
9.05966e-08
3.99116e-11
9.0574e-08
5.11374e-11
9.05437e-08
6.7963e-11
9.05045e-08
8.77754e-11
9.04523e-08
1.16694e-10
9.03847e-08
1.51195e-10
9.0295e-08
2.00496e-10
9.01789e-08
2.59841e-10
9.00258e-08
3.43192e-10
8.98279e-08
4.44122e-10
8.95682e-08
5.83895e-10
8.92335e-08
7.53869e-10
8.87965e-08
9.8667e-10
8.82349e-08
1.27098e-09
8.75044e-08
1.65765e-09
8.6567e-08
2.13333e-09
8.53497e-08
2.78022e-09
8.37849e-08
3.58894e-09
8.17452e-08
4.70359e-09
7.9099e-08
6.14387e-09
7.55992e-08
8.19673e-09
7.0962e-08
1.09743e-08
6.46692e-08
1.50708e-08
5.61735e-08
2.05739e-08
4.46147e-08
2.82202e-08
2.9927e-08
3.58419e-08
1.26163e-08
4.14264e-08
2.87999e-08
9.96633e-09
-3.86479e-08
2.22552e-08
-5.38244e-08
3.22909e-08
-4.59114e-08
4.02193e-08
-3.6168e-08
4.61748e-08
-2.6538e-08
5.06983e-08
-1.95987e-08
5.41163e-08
-1.43976e-08
5.67501e-08
-1.08361e-08
5.87748e-08
-8.17351e-09
6.03554e-08
-6.28937e-09
6.15798e-08
-4.81675e-09
6.25399e-08
-3.7438e-09
6.32838e-08
-2.87898e-09
6.38668e-08
-2.24264e-09
6.4317e-08
-1.72202e-09
6.46689e-08
-1.34e-09
6.49393e-08
-1.02513e-09
6.515e-08
-7.96129e-10
6.53112e-08
-6.06253e-10
6.54364e-08
-4.69836e-10
6.55317e-08
-3.55986e-10
6.56057e-08
-2.75477e-10
6.56617e-08
-2.0771e-10
6.57051e-08
-1.60728e-10
6.57379e-08
-1.20687e-10
6.57634e-08
-9.35918e-11
6.57826e-08
-7.00777e-11
6.57975e-08
-5.46328e-11
6.58088e-08
-4.0884e-11
6.58177e-08
-3.21833e-11
6.58244e-08
-2.4162e-11
6.58297e-08
-1.93177e-11
6.58339e-08
-1.46346e-11
6.58372e-08
-1.19673e-11
6.58399e-08
-9.22004e-12
6.58421e-08
-7.76458e-12
6.5844e-08
-6.13644e-12
6.58456e-08
-5.34544e-12
6.58469e-08
-4.36385e-12
6.58482e-08
-3.93121e-12
6.58493e-08
-3.32424e-12
6.58503e-08
-3.08146e-12
6.58512e-08
-2.69316e-12
6.58521e-08
-2.54909e-12
6.5853e-08
-2.29011e-12
6.58538e-08
-2.19645e-12
6.58546e-08
-2.01549e-12
6.58554e-08
-1.94734e-12
6.58562e-08
-1.81486e-12
6.58569e-08
-1.75991e-12
6.58576e-08
-1.6588e-12
6.58584e-08
-1.6113e-12
6.58591e-08
-1.53147e-12
6.58598e-08
-1.48891e-12
6.58605e-08
-1.42428e-12
6.58611e-08
-1.38572e-12
6.58618e-08
-1.33252e-12
6.58625e-08
-1.29767e-12
6.58631e-08
-1.25348e-12
6.58638e-08
-1.22234e-12
6.58644e-08
-1.18556e-12
6.5865e-08
-1.15816e-12
6.58657e-08
-1.12765e-12
6.58663e-08
-1.10402e-12
6.58669e-08
-1.07896e-12
6.58675e-08
-1.05902e-12
6.58681e-08
-1.03876e-12
6.58686e-08
-1.0224e-12
6.58692e-08
-1.00641e-12
6.58698e-08
-9.93461e-13
6.58703e-08
-9.81277e-13
6.58709e-08
-9.71513e-13
6.58714e-08
-9.62733e-13
6.5872e-08
-9.55915e-13
6.58725e-08
-9.50172e-13
6.58731e-08
-9.46047e-13
6.58736e-08
-9.43003e-13
6.58741e-08
-9.41301e-13
6.58746e-08
-9.4063e-13
6.58751e-08
-9.41062e-13
6.58756e-08
-9.42416e-13
6.58761e-08
-9.44635e-13
6.58766e-08
-9.47612e-13
6.5877e-08
-9.51196e-13
6.58775e-08
-9.55326e-13
6.5878e-08
-9.59806e-13
6.58784e-08
-9.64633e-13
6.58789e-08
-9.69611e-13
6.58793e-08
-9.74814e-13
6.58798e-08
-9.80062e-13
6.58802e-08
-9.85482e-13
6.58807e-08
-9.90882e-13
6.58811e-08
-9.96398e-13
6.58815e-08
-1.00181e-12
6.58819e-08
-1.00728e-12
6.58823e-08
-1.01266e-12
6.58827e-08
-1.01836e-12
6.58831e-08
-1.02449e-12
6.58835e-08
-1.03153e-12
6.58839e-08
-1.03949e-12
6.58843e-08
-1.04805e-12
6.58847e-08
-1.05657e-12
6.58851e-08
-1.06419e-12
6.58855e-08
-1.07039e-12
6.58858e-08
-1.075e-12
6.58862e-08
-1.07836e-12
6.58865e-08
-1.08087e-12
6.58869e-08
-1.08305e-12
6.58872e-08
-1.08509e-12
6.58876e-08
-1.08714e-12
6.58879e-08
-1.08907e-12
6.58883e-08
-1.09083e-12
6.58886e-08
-1.09224e-12
6.58889e-08
-1.09326e-12
6.58893e-08
-1.09375e-12
6.58896e-08
-1.09369e-12
6.58899e-08
-1.09293e-12
6.58902e-08
-1.09144e-12
6.58905e-08
-1.089e-12
6.58908e-08
-1.08553e-12
6.58911e-08
-1.08073e-12
6.58914e-08
-1.07441e-12
6.58917e-08
-1.06613e-12
6.5892e-08
-1.05554e-12
6.58923e-08
-1.04195e-12
6.58926e-08
-1.02471e-12
6.58928e-08
-1.00276e-12
6.58931e-08
-9.74979e-13
6.58934e-08
-9.39618e-13
6.58936e-08
-8.94481e-13
6.58938e-08
-8.35205e-13
6.5894e-08
-7.52936e-13
6.58942e-08
-6.2521e-13
6.58943e-08
-4.07169e-13
6.58944e-08
-3.77575e-14
6.58943e-08
4.23393e-13
6.58942e-08
7.90658e-13
6.58941e-08
1.00815e-12
6.58939e-08
1.13779e-12
6.58937e-08
1.22415e-12
6.58934e-08
1.28939e-12
6.58932e-08
1.34226e-12
6.5893e-08
1.38697e-12
6.58927e-08
1.42569e-12
6.58925e-08
1.46013e-12
6.58922e-08
1.49137e-12
6.58919e-08
1.52044e-12
6.58916e-08
1.548e-12
6.58914e-08
1.57469e-12
6.58911e-08
1.60087e-12
6.58908e-08
1.62696e-12
6.58905e-08
1.65315e-12
6.58902e-08
1.67969e-12
6.58899e-08
1.70669e-12
6.58896e-08
1.73429e-12
6.58893e-08
1.76252e-12
6.5889e-08
1.79143e-12
6.58887e-08
1.821e-12
6.58884e-08
1.85124e-12
6.58881e-08
1.8821e-12
6.58878e-08
1.91363e-12
6.58874e-08
1.94587e-12
6.58871e-08
1.97895e-12
6.58868e-08
2.01303e-12
6.58865e-08
2.0483e-12
6.58861e-08
2.08482e-12
6.58858e-08
2.12267e-12
6.58855e-08
2.16165e-12
6.58851e-08
2.20161e-12
6.58848e-08
2.24227e-12
6.58844e-08
2.2835e-12
6.58841e-08
2.32518e-12
6.58837e-08
2.36739e-12
6.58834e-08
2.41017e-12
6.5883e-08
2.45367e-12
6.58826e-08
2.49788e-12
6.58823e-08
2.54291e-12
6.58819e-08
2.58867e-12
6.58815e-08
2.63521e-12
6.58812e-08
2.6824e-12
6.58808e-08
2.73029e-12
6.58804e-08
2.77876e-12
6.588e-08
2.82783e-12
6.58796e-08
2.87739e-12
6.58792e-08
2.92747e-12
6.58789e-08
2.97795e-12
6.58785e-08
3.02887e-12
6.58781e-08
3.08007e-12
6.58777e-08
3.13162e-12
6.58773e-08
3.18332e-12
6.58768e-08
3.23527e-12
6.58764e-08
3.28721e-12
6.5876e-08
3.33929e-12
6.58756e-08
3.39116e-12
6.58752e-08
3.4431e-12
6.58747e-08
3.49459e-12
6.58743e-08
3.54608e-12
6.58739e-08
3.59684e-12
6.58734e-08
3.64758e-12
6.5873e-08
3.69721e-12
6.58726e-08
3.74689e-12
6.58721e-08
3.79496e-12
6.58717e-08
3.84328e-12
6.58712e-08
3.88932e-12
6.58708e-08
3.93597e-12
6.58703e-08
3.97945e-12
6.58698e-08
4.02418e-12
6.58694e-08
4.06452e-12
6.58689e-08
4.10717e-12
6.58684e-08
4.14373e-12
6.58679e-08
4.18426e-12
6.58675e-08
4.21637e-12
6.5867e-08
4.255e-12
6.58665e-08
4.28201e-12
6.5866e-08
4.31936e-12
6.58655e-08
4.34074e-12
6.5865e-08
4.37819e-12
6.58645e-08
4.39379e-12
6.5864e-08
4.43398e-12
6.58634e-08
4.44454e-12
6.58629e-08
4.49233e-12
6.58624e-08
4.50039e-12
6.58618e-08
4.56451e-12
6.58613e-08
4.57615e-12
6.58607e-08
4.6721e-12
6.586e-08
4.70028e-12
6.58594e-08
4.85557e-12
6.58587e-08
4.92625e-12
6.58579e-08
5.18976e-12
6.58571e-08
5.353e-12
6.58561e-08
5.81132e-12
6.5855e-08
6.16102e-12
6.58537e-08
6.96689e-12
6.58521e-08
7.67551e-12
6.58502e-08
9.09708e-12
6.58478e-08
1.04761e-11
6.58447e-08
1.29813e-11
6.58409e-08
1.55853e-11
6.58358e-08
1.99856e-11
6.58294e-08
2.47898e-11
6.58209e-08
3.24816e-11
6.58099e-08
4.11788e-11
6.57952e-08
5.45448e-11
6.57763e-08
7.00404e-11
6.57512e-08
9.31096e-11
6.57186e-08
1.2033e-10
6.56755e-08
1.5985e-10
6.56196e-08
2.07054e-10
6.55459e-08
2.74213e-10
6.54507e-08
3.55093e-10
6.53256e-08
4.68266e-10
6.51644e-08
6.05298e-10
6.49539e-08
7.9444e-10
6.46834e-08
1.0243e-09
6.4332e-08
1.33815e-09
6.3882e-08
1.7209e-09
6.32999e-08
2.23975e-09
6.25569e-08
2.8764e-09
6.15984e-08
3.73863e-09
6.03759e-08
4.81148e-09
5.87983e-08
6.28115e-09
5.67774e-08
8.1648e-09
5.41488e-08
1.08254e-08
5.07372e-08
1.43858e-08
4.62216e-08
1.95864e-08
4.02763e-08
2.65192e-08
3.23591e-08
3.61374e-08
2.2332e-08
4.5869e-08
1.00476e-08
5.37108e-08
3.88474e-08
7.91369e-09
-4.65616e-08
1.65424e-08
-6.24532e-08
2.33771e-08
-5.27461e-08
2.88174e-08
-4.16083e-08
3.30031e-08
-3.07237e-08
3.62607e-08
-2.28563e-08
3.87781e-08
-1.69151e-08
4.07521e-08
-1.28102e-08
4.22908e-08
-9.71221e-09
4.35041e-08
-7.50271e-09
4.44518e-08
-5.76448e-09
4.51992e-08
-4.49129e-09
4.57817e-08
-3.46153e-09
4.62399e-08
-2.70096e-09
4.65955e-08
-2.07765e-09
4.68742e-08
-1.61874e-09
4.70893e-08
-1.24029e-09
4.72573e-08
-9.64179e-10
4.73863e-08
-7.35344e-10
4.74867e-08
-5.70385e-10
4.75634e-08
-4.32851e-10
4.7623e-08
-3.35197e-10
4.76683e-08
-2.53127e-10
4.77034e-08
-1.9595e-10
4.773e-08
-1.47348e-10
4.77506e-08
-1.1427e-10
4.77662e-08
-8.56797e-11
4.77784e-08
-6.67712e-11
4.77875e-08
-5.00358e-11
4.77947e-08
-3.93553e-11
4.78001e-08
-2.95863e-11
4.78044e-08
-2.36247e-11
4.78077e-08
-1.79226e-11
4.78104e-08
-1.4633e-11
4.78124e-08
-1.12925e-11
4.78142e-08
-9.49554e-12
4.78155e-08
-7.52156e-12
4.78167e-08
-6.5459e-12
4.78177e-08
-5.36161e-12
4.78186e-08
-4.83056e-12
4.78194e-08
-4.10345e-12
4.78201e-08
-3.80877e-12
4.78208e-08
-3.34794e-12
4.78214e-08
-3.17647e-12
4.7822e-08
-2.87244e-12
4.78226e-08
-2.76388e-12
4.78231e-08
-2.55382e-12
4.78236e-08
-2.4769e-12
4.78242e-08
-2.32466e-12
4.78247e-08
-2.26375e-12
4.78251e-08
-2.14842e-12
4.78256e-08
-2.09611e-12
4.78261e-08
-2.00541e-12
4.78266e-08
-1.95841e-12
4.7827e-08
-1.88497e-12
4.78275e-08
-1.842e-12
4.78279e-08
-1.7813e-12
4.78284e-08
-1.74196e-12
4.78288e-08
-1.69113e-12
4.78293e-08
-1.65541e-12
4.78297e-08
-1.61256e-12
4.78301e-08
-1.58051e-12
4.78305e-08
-1.54435e-12
4.78309e-08
-1.51603e-12
4.78313e-08
-1.48562e-12
4.78317e-08
-1.461e-12
4.78321e-08
-1.43563e-12
4.78325e-08
-1.41462e-12
4.78329e-08
-1.39371e-12
4.78333e-08
-1.37615e-12
4.78337e-08
-1.35921e-12
4.78341e-08
-1.34491e-12
4.78344e-08
-1.33152e-12
4.78348e-08
-1.32025e-12
4.78351e-08
-1.31002e-12
4.78355e-08
-1.30153e-12
4.78359e-08
-1.29412e-12
4.78362e-08
-1.28816e-12
4.78365e-08
-1.28324e-12
4.78369e-08
-1.2795e-12
4.78372e-08
-1.27671e-12
4.78375e-08
-1.27486e-12
4.78379e-08
-1.2738e-12
4.78382e-08
-1.27341e-12
4.78385e-08
-1.2736e-12
4.78388e-08
-1.2742e-12
4.78391e-08
-1.27519e-12
4.78394e-08
-1.27637e-12
4.78397e-08
-1.27783e-12
4.784e-08
-1.27937e-12
4.78403e-08
-1.28113e-12
4.78406e-08
-1.28293e-12
4.78409e-08
-1.28488e-12
4.78412e-08
-1.28678e-12
4.78415e-08
-1.28877e-12
4.78418e-08
-1.29075e-12
4.7842e-08
-1.29306e-12
4.78423e-08
-1.29585e-12
4.78426e-08
-1.29956e-12
4.78428e-08
-1.30421e-12
4.78431e-08
-1.30946e-12
4.78434e-08
-1.31471e-12
4.78436e-08
-1.31909e-12
4.78439e-08
-1.3221e-12
4.78441e-08
-1.32359e-12
4.78444e-08
-1.3239e-12
4.78446e-08
-1.32343e-12
4.78448e-08
-1.32269e-12
4.78451e-08
-1.32187e-12
4.78453e-08
-1.32107e-12
4.78455e-08
-1.32021e-12
4.78458e-08
-1.3192e-12
4.7846e-08
-1.31787e-12
4.78462e-08
-1.31617e-12
4.78464e-08
-1.31395e-12
4.78467e-08
-1.31118e-12
4.78469e-08
-1.30771e-12
4.78471e-08
-1.30346e-12
4.78473e-08
-1.29823e-12
4.78475e-08
-1.29185e-12
4.78477e-08
-1.28403e-12
4.78479e-08
-1.27449e-12
4.78481e-08
-1.26274e-12
4.78483e-08
-1.24831e-12
4.78485e-08
-1.23041e-12
4.78487e-08
-1.20824e-12
4.78488e-08
-1.18056e-12
4.7849e-08
-1.14599e-12
4.78492e-08
-1.10252e-12
4.78493e-08
-1.04754e-12
4.78495e-08
-9.76139e-13
4.78496e-08
-8.78488e-13
4.78497e-08
-7.30114e-13
4.78498e-08
-4.82349e-13
4.78498e-08
-6.90764e-14
4.78498e-08
4.44476e-13
4.78497e-08
8.55495e-13
4.78496e-08
1.10257e-12
4.78495e-08
1.25271e-12
4.78494e-08
1.3543e-12
4.78492e-08
1.4315e-12
4.78491e-08
1.49402e-12
4.78489e-08
1.54662e-12
4.78488e-08
1.59188e-12
4.78486e-08
1.63176e-12
4.78484e-08
1.66761e-12
4.78482e-08
1.70064e-12
4.78481e-08
1.73165e-12
4.78479e-08
1.7614e-12
4.78477e-08
1.79035e-12
4.78475e-08
1.81897e-12
4.78473e-08
1.84753e-12
4.78471e-08
1.87632e-12
4.78469e-08
1.90547e-12
4.78467e-08
1.93515e-12
4.78465e-08
1.96542e-12
4.78463e-08
1.99633e-12
4.78461e-08
2.02788e-12
4.78459e-08
2.06008e-12
4.78457e-08
2.09289e-12
4.78455e-08
2.12636e-12
4.78452e-08
2.16054e-12
4.7845e-08
2.19556e-12
4.78448e-08
2.23159e-12
4.78446e-08
2.26881e-12
4.78444e-08
2.30731e-12
4.78441e-08
2.34714e-12
4.78439e-08
2.38811e-12
4.78437e-08
2.43009e-12
4.78434e-08
2.47276e-12
4.78432e-08
2.51601e-12
4.7843e-08
2.55972e-12
4.78427e-08
2.60396e-12
4.78425e-08
2.64877e-12
4.78423e-08
2.6943e-12
4.7842e-08
2.74055e-12
4.78418e-08
2.78762e-12
4.78415e-08
2.83542e-12
4.78413e-08
2.88401e-12
4.7841e-08
2.93325e-12
4.78408e-08
2.98321e-12
4.78405e-08
3.03373e-12
4.78403e-08
3.08489e-12
4.784e-08
3.13652e-12
4.78397e-08
3.1887e-12
4.78395e-08
3.24128e-12
4.78392e-08
3.29432e-12
4.7839e-08
3.34764e-12
4.78387e-08
3.40133e-12
4.78384e-08
3.45517e-12
4.78381e-08
3.50928e-12
4.78379e-08
3.56338e-12
4.78376e-08
3.61766e-12
4.78373e-08
3.67171e-12
4.7837e-08
3.72588e-12
4.78367e-08
3.77957e-12
4.78364e-08
3.83334e-12
4.78362e-08
3.8863e-12
4.78359e-08
3.93937e-12
4.78356e-08
3.99122e-12
4.78353e-08
4.04329e-12
4.7835e-08
4.0936e-12
4.78347e-08
4.14438e-12
4.78344e-08
4.19265e-12
4.78341e-08
4.24188e-12
4.78338e-08
4.28757e-12
4.78334e-08
4.33503e-12
4.78331e-08
4.37755e-12
4.78328e-08
4.42314e-12
4.78325e-08
4.46183e-12
4.78322e-08
4.50561e-12
4.78319e-08
4.5398e-12
4.78315e-08
4.58214e-12
4.78312e-08
4.61118e-12
4.78309e-08
4.65295e-12
4.78305e-08
4.67637e-12
4.78302e-08
4.71937e-12
4.78298e-08
4.73721e-12
4.78295e-08
4.78477e-12
4.78291e-08
4.79819e-12
4.78288e-08
4.85637e-12
4.78284e-08
4.8688e-12
4.7828e-08
4.94842e-12
4.78276e-08
4.96778e-12
4.78272e-08
5.08797e-12
4.78268e-08
5.13075e-12
4.78263e-08
5.32545e-12
4.78258e-08
5.42428e-12
4.78253e-08
5.75364e-12
4.78246e-08
5.97094e-12
4.78239e-08
6.54133e-12
4.78231e-08
6.99352e-12
4.7822e-08
7.99225e-12
4.78208e-08
8.89219e-12
4.78193e-08
1.06474e-11
4.78174e-08
1.23781e-11
4.78149e-08
1.54614e-11
4.78118e-08
1.87024e-11
4.78077e-08
2.41029e-11
4.78024e-08
3.00448e-11
4.77954e-08
3.94601e-11
4.77864e-08
5.01641e-11
4.77745e-08
6.6484e-11
4.77591e-08
8.54755e-11
4.77386e-08
1.13573e-10
4.77121e-08
1.46813e-10
4.76771e-08
1.94827e-10
4.76319e-08
2.52275e-10
4.75725e-08
3.33664e-10
4.74958e-08
4.31779e-10
4.73955e-08
5.68576e-10
4.72665e-08
7.34282e-10
4.70987e-08
9.62277e-10
4.68836e-08
1.23932e-09
4.66053e-08
1.61647e-09
4.62501e-08
2.07608e-09
4.57927e-08
2.6972e-09
4.52111e-08
3.458e-09
4.44651e-08
4.48456e-09
4.35193e-08
5.75732e-09
4.23089e-08
7.49156e-09
4.07739e-08
9.69983e-09
3.88049e-08
1.27943e-08
3.62941e-08
1.68967e-08
3.30451e-08
2.28354e-08
2.88704e-08
3.06939e-08
2.3443e-08
4.15648e-08
1.66193e-08
5.26927e-08
7.98735e-09
6.23428e-08
4.68348e-08
6.21114e-09
-5.27728e-08
1.22321e-08
-6.84742e-08
1.6907e-08
-5.7421e-08
2.06649e-08
-4.53662e-08
2.36242e-08
-3.36831e-08
2.59754e-08
-2.52075e-08
2.78262e-08
-1.87659e-08
2.92968e-08
-1.42809e-08
3.04555e-08
-1.08709e-08
3.13756e-08
-8.42293e-09
3.20991e-08
-6.48793e-09
3.26719e-08
-5.06418e-09
3.31204e-08
-3.91003e-09
3.34741e-08
-3.05472e-09
3.37497e-08
-2.35323e-09
3.3966e-08
-1.83517e-09
3.41337e-08
-1.40797e-09
3.42648e-08
-1.0953e-09
3.43658e-08
-8.36386e-10
3.44445e-08
-6.49138e-10
3.45048e-08
-4.93265e-10
3.45517e-08
-3.82169e-10
3.45874e-08
-2.88993e-10
3.46152e-08
-2.23772e-10
3.46362e-08
-1.68489e-10
3.46525e-08
-1.30649e-10
3.46649e-08
-9.80774e-11
3.46745e-08
-7.63891e-11
3.46817e-08
-5.73044e-11
3.46874e-08
-4.50233e-11
3.46917e-08
-3.38783e-11
3.46951e-08
-2.70067e-11
3.46977e-08
-2.05026e-11
3.46997e-08
-1.6702e-11
3.47013e-08
-1.28954e-11
3.47026e-08
-1.08151e-11
3.47037e-08
-8.5703e-12
3.47046e-08
-7.43961e-12
3.47053e-08
-6.09751e-12
3.4706e-08
-5.48272e-12
3.47065e-08
-4.66291e-12
3.4707e-08
-4.32345e-12
3.47075e-08
-3.80734e-12
3.47079e-08
-3.61195e-12
3.47083e-08
-3.27417e-12
3.47087e-08
-3.1526e-12
3.47091e-08
-2.92119e-12
3.47095e-08
-2.83678e-12
3.47098e-08
-2.67038e-12
3.47101e-08
-2.60465e-12
3.47105e-08
-2.47937e-12
3.47108e-08
-2.42344e-12
3.47111e-08
-2.32529e-12
3.47114e-08
-2.27516e-12
3.47118e-08
-2.19578e-12
3.47121e-08
-2.14983e-12
3.47124e-08
-2.08413e-12
3.47127e-08
-2.04182e-12
3.4713e-08
-1.98659e-12
3.47133e-08
-1.94786e-12
3.47135e-08
-1.90101e-12
3.47138e-08
-1.86592e-12
3.47141e-08
-1.82603e-12
3.47144e-08
-1.79464e-12
3.47147e-08
-1.76071e-12
3.47149e-08
-1.73301e-12
3.47152e-08
-1.70426e-12
3.47155e-08
-1.68018e-12
3.47157e-08
-1.65602e-12
3.4716e-08
-1.63542e-12
3.47162e-08
-1.61533e-12
3.47165e-08
-1.59803e-12
3.47167e-08
-1.58157e-12
3.4717e-08
-1.56735e-12
3.47172e-08
-1.55413e-12
3.47175e-08
-1.54274e-12
3.47177e-08
-1.53242e-12
3.4718e-08
-1.5236e-12
3.47182e-08
-1.51584e-12
3.47184e-08
-1.50931e-12
3.47186e-08
-1.50375e-12
3.47189e-08
-1.49916e-12
3.47191e-08
-1.49539e-12
3.47193e-08
-1.49233e-12
3.47195e-08
-1.48987e-12
3.47197e-08
-1.48785e-12
3.47199e-08
-1.48625e-12
3.47202e-08
-1.48488e-12
3.47204e-08
-1.4838e-12
3.47206e-08
-1.48284e-12
3.47208e-08
-1.48213e-12
3.4721e-08
-1.48147e-12
3.47212e-08
-1.48101e-12
3.47214e-08
-1.48052e-12
3.47215e-08
-1.48017e-12
3.47217e-08
-1.47981e-12
3.47219e-08
-1.47983e-12
3.47221e-08
-1.48034e-12
3.47223e-08
-1.48179e-12
3.47225e-08
-1.48417e-12
3.47226e-08
-1.48718e-12
3.47228e-08
-1.49019e-12
3.4723e-08
-1.49237e-12
3.47232e-08
-1.49321e-12
3.47233e-08
-1.49258e-12
3.47235e-08
-1.49081e-12
3.47237e-08
-1.48831e-12
3.47238e-08
-1.48556e-12
3.4724e-08
-1.48278e-12
3.47242e-08
-1.48004e-12
3.47243e-08
-1.47727e-12
3.47245e-08
-1.47436e-12
3.47246e-08
-1.47115e-12
3.47248e-08
-1.46757e-12
3.47249e-08
-1.4635e-12
3.47251e-08
-1.45885e-12
3.47252e-08
-1.4535e-12
3.47254e-08
-1.44734e-12
3.47255e-08
-1.44014e-12
3.47256e-08
-1.43173e-12
3.47258e-08
-1.42175e-12
3.47259e-08
-1.4099e-12
3.4726e-08
-1.39564e-12
3.47262e-08
-1.37841e-12
3.47263e-08
-1.35735e-12
3.47264e-08
-1.33153e-12
3.47265e-08
-1.29957e-12
3.47267e-08
-1.25993e-12
3.47268e-08
-1.21036e-12
3.47269e-08
-1.14798e-12
3.4727e-08
-1.06751e-12
3.4727e-08
-9.58531e-13
3.47271e-08
-7.95555e-13
3.47271e-08
-5.2817e-13
3.47272e-08
-8.81842e-14
3.47272e-08
4.56233e-13
3.47271e-08
8.93917e-13
3.47271e-08
1.16053e-12
3.4727e-08
1.32518e-12
3.47269e-08
1.438e-12
3.47268e-08
1.52415e-12
3.47267e-08
1.59393e-12
3.47266e-08
1.65247e-12
3.47265e-08
1.70262e-12
3.47264e-08
1.74657e-12
3.47263e-08
1.78585e-12
3.47261e-08
1.82179e-12
3.4726e-08
1.85532e-12
3.47259e-08
1.88728e-12
3.47258e-08
1.91821e-12
3.47256e-08
1.94863e-12
3.47255e-08
1.97886e-12
3.47254e-08
2.00921e-12
3.47252e-08
2.03985e-12
3.47251e-08
2.07096e-12
3.4725e-08
2.10262e-12
3.47248e-08
2.13489e-12
3.47247e-08
2.16778e-12
3.47245e-08
2.2013e-12
3.47244e-08
2.23543e-12
3.47243e-08
2.27021e-12
3.47241e-08
2.30569e-12
3.4724e-08
2.34202e-12
3.47238e-08
2.37936e-12
3.47237e-08
2.41789e-12
3.47235e-08
2.45771e-12
3.47234e-08
2.49887e-12
3.47232e-08
2.54117e-12
3.47231e-08
2.58449e-12
3.47229e-08
2.62851e-12
3.47227e-08
2.67311e-12
3.47226e-08
2.71818e-12
3.47224e-08
2.76377e-12
3.47223e-08
2.80994e-12
3.47221e-08
2.85683e-12
3.47219e-08
2.90444e-12
3.47218e-08
2.95288e-12
3.47216e-08
3.00204e-12
3.47214e-08
3.052e-12
3.47213e-08
3.10262e-12
3.47211e-08
3.15396e-12
3.47209e-08
3.20587e-12
3.47208e-08
3.25842e-12
3.47206e-08
3.31145e-12
3.47204e-08
3.36504e-12
3.47202e-08
3.41903e-12
3.472e-08
3.47349e-12
3.47199e-08
3.52824e-12
3.47197e-08
3.58338e-12
3.47195e-08
3.63866e-12
3.47193e-08
3.69425e-12
3.47191e-08
3.7498e-12
3.47189e-08
3.80558e-12
3.47187e-08
3.86111e-12
3.47186e-08
3.9168e-12
3.47184e-08
3.97199e-12
3.47182e-08
4.02732e-12
3.4718e-08
4.0818e-12
3.47178e-08
4.13647e-12
3.47176e-08
4.18986e-12
3.47174e-08
4.24358e-12
3.47172e-08
4.29543e-12
3.4717e-08
4.34793e-12
3.47168e-08
4.39775e-12
3.47166e-08
4.44879e-12
3.47164e-08
4.49604e-12
3.47161e-08
4.54542e-12
3.47159e-08
4.58949e-12
3.47157e-08
4.63717e-12
3.47155e-08
4.6774e-12
3.47153e-08
4.7235e-12
3.47151e-08
4.75923e-12
3.47148e-08
4.80423e-12
3.47146e-08
4.83483e-12
3.47144e-08
4.8798e-12
3.47142e-08
4.90488e-12
3.47139e-08
4.95192e-12
3.47137e-08
4.97171e-12
3.47135e-08
5.02469e-12
3.47132e-08
5.04073e-12
3.4713e-08
5.10666e-12
3.47127e-08
5.1232e-12
3.47124e-08
5.21452e-12
3.47122e-08
5.24104e-12
3.47119e-08
5.37979e-12
3.47116e-08
5.43576e-12
3.47112e-08
5.66097e-12
3.47109e-08
5.7846e-12
3.47105e-08
6.16537e-12
3.471e-08
6.42928e-12
3.47095e-08
7.0877e-12
3.47088e-08
7.62671e-12
3.4708e-08
8.77752e-12
3.47071e-08
9.83724e-12
3.47059e-08
1.18562e-11
3.47044e-08
1.38771e-11
3.47024e-08
1.74176e-11
3.47e-08
2.11791e-11
3.46967e-08
2.73698e-11
3.46925e-08
3.42341e-11
3.4687e-08
4.50088e-11
3.46798e-08
5.73273e-11
3.46703e-08
7.59713e-11
3.4658e-08
9.77563e-11
3.46418e-08
1.29798e-10
3.46208e-08
1.67816e-10
3.45931e-08
2.22471e-10
3.45574e-08
2.88001e-10
3.45106e-08
3.80468e-10
3.44503e-08
4.921e-10
3.43717e-08
6.47207e-10
3.42707e-08
8.35267e-10
3.41397e-08
1.09323e-09
3.39722e-08
1.40683e-09
3.37562e-08
1.83253e-09
3.3481e-08
2.35125e-09
3.31279e-08
3.05027e-09
3.26803e-08
3.90568e-09
3.21087e-08
5.05612e-09
3.13869e-08
6.47908e-09
3.04692e-08
8.40926e-09
2.93138e-08
1.08553e-08
2.78476e-08
1.42604e-08
2.60027e-08
1.87416e-08
2.36594e-08
2.51786e-08
2.07103e-08
3.3643e-08
1.69651e-08
4.531e-08
1.23016e-08
5.73562e-08
6.27386e-09
6.83706e-08
5.31086e-08
4.80391e-09
-5.75767e-08
8.99778e-09
-7.26681e-08
1.22204e-08
-6.06436e-08
1.48377e-08
-4.79835e-08
1.6942e-08
-3.57874e-08
1.86415e-08
-2.6907e-08
1.99987e-08
-2.01231e-08
2.10875e-08
-1.53697e-08
2.19523e-08
-1.17357e-08
2.26425e-08
-9.11312e-09
2.31878e-08
-7.03326e-09
2.36208e-08
-5.49717e-09
2.3961e-08
-4.25026e-09
2.42297e-08
-3.3235e-09
2.44398e-08
-2.56327e-09
2.46049e-08
-2.00031e-09
2.47332e-08
-1.53631e-09
2.48336e-08
-1.19574e-09
2.49112e-08
-9.14023e-10
2.49717e-08
-7.09647e-10
2.50182e-08
-5.39808e-10
2.50544e-08
-4.18338e-10
2.5082e-08
-3.16699e-10
2.51034e-08
-2.45259e-10
2.51198e-08
-1.84883e-10
2.51324e-08
-1.43343e-10
2.5142e-08
-1.07727e-10
2.51494e-08
-8.38612e-11
2.51551e-08
-6.29717e-11
2.51594e-08
-4.94247e-11
2.51628e-08
-3.72196e-11
2.51654e-08
-2.9622e-11
2.51674e-08
-2.24999e-11
2.51689e-08
-1.82882e-11
2.51702e-08
-1.41231e-11
2.51712e-08
-1.18129e-11
2.51719e-08
-9.36071e-12
2.51726e-08
-8.10291e-12
2.51731e-08
-6.64075e-12
2.51736e-08
-5.95645e-12
2.5174e-08
-5.06676e-12
2.51744e-08
-4.6896e-12
2.51747e-08
-4.13235e-12
2.5175e-08
-3.91654e-12
2.51753e-08
-3.55402e-12
2.51756e-08
-3.42124e-12
2.51758e-08
-3.17448e-12
2.51761e-08
-3.08364e-12
2.51763e-08
-2.90729e-12
2.51765e-08
-2.83754e-12
2.51768e-08
-2.70541e-12
2.5177e-08
-2.64662e-12
2.51772e-08
-2.54343e-12
2.51774e-08
-2.49097e-12
2.51776e-08
-2.40763e-12
2.51778e-08
-2.35956e-12
2.5178e-08
-2.29055e-12
2.51783e-08
-2.2462e-12
2.51785e-08
-2.18807e-12
2.51787e-08
-2.1473e-12
2.51789e-08
-2.09781e-12
2.5179e-08
-2.06067e-12
2.51792e-08
-2.01833e-12
2.51794e-08
-1.98487e-12
2.51796e-08
-1.94861e-12
2.51798e-08
-1.91885e-12
2.518e-08
-1.88787e-12
2.51802e-08
-1.86174e-12
2.51803e-08
-1.83541e-12
2.51805e-08
-1.81278e-12
2.51807e-08
-1.79058e-12
2.51809e-08
-1.77127e-12
2.5181e-08
-1.75275e-12
2.51812e-08
-1.73654e-12
2.51814e-08
-1.72132e-12
2.51815e-08
-1.70798e-12
2.51817e-08
-1.69569e-12
2.51819e-08
-1.68496e-12
2.5182e-08
-1.67527e-12
2.51822e-08
-1.66686e-12
2.51823e-08
-1.65941e-12
2.51825e-08
-1.65298e-12
2.51826e-08
-1.64736e-12
2.51828e-08
-1.64249e-12
2.51829e-08
-1.63823e-12
2.51831e-08
-1.63443e-12
2.51832e-08
-1.63106e-12
2.51834e-08
-1.62795e-12
2.51835e-08
-1.62514e-12
2.51837e-08
-1.62248e-12
2.51838e-08
-1.62008e-12
2.51839e-08
-1.61775e-12
2.51841e-08
-1.61564e-12
2.51842e-08
-1.61352e-12
2.51843e-08
-1.61155e-12
2.51845e-08
-1.6096e-12
2.51846e-08
-1.60804e-12
2.51847e-08
-1.60697e-12
2.51848e-08
-1.60687e-12
2.5185e-08
-1.6077e-12
2.51851e-08
-1.60917e-12
2.51852e-08
-1.61065e-12
2.51853e-08
-1.61132e-12
2.51854e-08
-1.61066e-12
2.51856e-08
-1.60858e-12
2.51857e-08
-1.60537e-12
2.51858e-08
-1.60147e-12
2.51859e-08
-1.59735e-12
2.5186e-08
-1.5932e-12
2.51861e-08
-1.58913e-12
2.51862e-08
-1.58503e-12
2.51863e-08
-1.58081e-12
2.51864e-08
-1.5763e-12
2.51865e-08
-1.57143e-12
2.51866e-08
-1.56606e-12
2.51868e-08
-1.56012e-12
2.51869e-08
-1.55345e-12
2.51869e-08
-1.54594e-12
2.5187e-08
-1.53736e-12
2.51871e-08
-1.5275e-12
2.51872e-08
-1.51599e-12
2.51873e-08
-1.50249e-12
2.51874e-08
-1.48641e-12
2.51875e-08
-1.46714e-12
2.51876e-08
-1.44377e-12
2.51877e-08
-1.41526e-12
2.51878e-08
-1.38014e-12
2.51878e-08
-1.33673e-12
2.51879e-08
-1.28262e-12
2.5188e-08
-1.21473e-12
2.5188e-08
-1.12754e-12
2.51881e-08
-1.01025e-12
2.51881e-08
-8.36895e-13
2.51882e-08
-5.56374e-13
2.51882e-08
-9.99509e-14
2.51882e-08
4.62702e-13
2.51881e-08
9.16804e-13
2.51881e-08
1.1965e-12
2.51881e-08
1.37148e-12
2.5188e-08
1.49253e-12
2.51879e-08
1.58533e-12
2.51879e-08
1.66051e-12
2.51878e-08
1.72348e-12
2.51877e-08
1.77727e-12
2.51877e-08
1.82423e-12
2.51876e-08
1.86603e-12
2.51875e-08
1.9041e-12
2.51874e-08
1.93947e-12
2.51873e-08
1.97303e-12
2.51872e-08
2.00539e-12
2.51871e-08
2.03709e-12
2.51871e-08
2.0685e-12
2.5187e-08
2.09994e-12
2.51869e-08
2.13162e-12
2.51868e-08
2.16372e-12
2.51867e-08
2.19633e-12
2.51866e-08
2.22954e-12
2.51865e-08
2.26335e-12
2.51864e-08
2.29777e-12
2.51863e-08
2.3328e-12
2.51862e-08
2.36847e-12
2.51861e-08
2.40484e-12
2.5186e-08
2.44206e-12
2.51859e-08
2.48028e-12
2.51858e-08
2.51971e-12
2.51857e-08
2.56042e-12
2.51856e-08
2.60247e-12
2.51855e-08
2.64568e-12
2.51854e-08
2.68991e-12
2.51853e-08
2.73484e-12
2.51852e-08
2.78035e-12
2.51851e-08
2.82633e-12
2.5185e-08
2.87284e-12
2.51848e-08
2.91993e-12
2.51847e-08
2.96774e-12
2.51846e-08
3.01628e-12
2.51845e-08
3.06564e-12
2.51844e-08
3.11573e-12
2.51843e-08
3.16662e-12
2.51842e-08
3.21818e-12
2.5184e-08
3.27045e-12
2.51839e-08
3.3233e-12
2.51838e-08
3.37679e-12
2.51837e-08
3.43078e-12
2.51836e-08
3.48533e-12
2.51834e-08
3.54027e-12
2.51833e-08
3.59571e-12
2.51832e-08
3.65143e-12
2.51831e-08
3.70755e-12
2.5183e-08
3.76383e-12
2.51828e-08
3.82042e-12
2.51827e-08
3.87698e-12
2.51826e-08
3.93378e-12
2.51824e-08
3.99034e-12
2.51823e-08
4.04708e-12
2.51822e-08
4.1033e-12
2.51821e-08
4.15971e-12
2.51819e-08
4.21525e-12
2.51818e-08
4.27102e-12
2.51816e-08
4.32548e-12
2.51815e-08
4.38036e-12
2.51814e-08
4.43329e-12
2.51812e-08
4.487e-12
2.51811e-08
4.53792e-12
2.5181e-08
4.59022e-12
2.51808e-08
4.63859e-12
2.51807e-08
4.68932e-12
2.51805e-08
4.73452e-12
2.51804e-08
4.78366e-12
2.51802e-08
4.82505e-12
2.51801e-08
4.87277e-12
2.51799e-08
4.90968e-12
2.51798e-08
4.95655e-12
2.51796e-08
4.98839e-12
2.51795e-08
5.03562e-12
2.51793e-08
5.06209e-12
2.51791e-08
5.11199e-12
2.5179e-08
5.13348e-12
2.51788e-08
5.19035e-12
2.51787e-08
5.20875e-12
2.51785e-08
5.2803e-12
2.51783e-08
5.30055e-12
2.51781e-08
5.40047e-12
2.51779e-08
5.43335e-12
2.51777e-08
5.58591e-12
2.51775e-08
5.65334e-12
2.51773e-08
5.9015e-12
2.5177e-08
6.0462e-12
2.51767e-08
6.46598e-12
2.51764e-08
6.76878e-12
2.51759e-08
7.49442e-12
2.51755e-08
8.10479e-12
2.51749e-08
9.37228e-12
2.51742e-08
1.05617e-11
2.51732e-08
1.27835e-11
2.51721e-08
1.50377e-11
2.51706e-08
1.89304e-11
2.51686e-08
2.31068e-11
2.51661e-08
2.99064e-11
2.51628e-08
3.75004e-11
2.51585e-08
4.93219e-11
2.51529e-08
6.29098e-11
2.51456e-08
8.33409e-11
2.5136e-08
1.0731e-10
2.51234e-08
1.42379e-10
2.51071e-08
1.84114e-10
2.50857e-08
2.4385e-10
2.50581e-08
3.15636e-10
2.5022e-08
4.16558e-10
2.49755e-08
5.38602e-10
2.49151e-08
7.0764e-10
2.48375e-08
9.12836e-10
2.47372e-08
1.19352e-09
2.4609e-08
1.535e-09
2.44441e-08
1.99736e-09
2.42344e-08
2.56093e-09
2.39662e-08
3.31845e-09
2.36267e-08
4.24516e-09
2.31948e-08
5.48794e-09
2.26508e-08
7.02292e-09
2.19627e-08
9.09728e-09
2.11005e-08
1.17173e-08
2.00154e-08
1.53452e-08
1.8663e-08
2.00937e-08
1.69702e-08
2.6871e-08
1.48746e-08
3.57381e-08
1.22684e-08
4.79153e-08
9.05656e-09
6.0567e-08
4.85483e-09
7.2571e-08
5.79624e-08
3.97847e-09
-6.15552e-08
6.72746e-09
-7.54171e-08
8.92969e-09
-6.28459e-08
1.07518e-08
-4.98057e-08
1.22425e-08
-3.72781e-08
1.34605e-08
-2.8125e-08
1.44429e-08
-2.11056e-08
1.52358e-08
-1.61626e-08
1.5869e-08
-1.2369e-08
1.63758e-08
-9.61989e-09
1.67775e-08
-7.43502e-09
1.70969e-08
-5.81658e-09
1.73485e-08
-4.50188e-09
1.75474e-08
-3.52241e-09
1.77032e-08
-2.71906e-09
1.78257e-08
-2.12282e-09
1.79211e-08
-1.63174e-09
1.79958e-08
-1.27042e-09
1.80536e-08
-9.7188e-10
1.80987e-08
-7.54733e-10
1.81334e-08
-5.7456e-10
1.81604e-08
-4.45318e-10
1.81811e-08
-3.374e-10
1.81971e-08
-2.61283e-10
1.82093e-08
-1.97128e-10
1.82188e-08
-1.52806e-10
1.8226e-08
-1.14936e-10
1.82315e-08
-8.94321e-11
1.82358e-08
-6.72098e-11
1.8239e-08
-5.27086e-11
1.82415e-08
-3.97214e-11
1.82435e-08
-3.1574e-11
1.82449e-08
-2.3996e-11
1.82461e-08
-1.94709e-11
1.8247e-08
-1.50417e-11
1.82478e-08
-1.25547e-11
1.82483e-08
-9.94998e-12
1.82488e-08
-8.59356e-12
1.82492e-08
-7.04334e-12
1.82496e-08
-6.30449e-12
1.82498e-08
-5.3638e-12
1.82501e-08
-4.95662e-12
1.82503e-08
-4.36953e-12
1.82505e-08
-4.13718e-12
1.82507e-08
-3.75688e-12
1.82509e-08
-3.61483e-12
1.82511e-08
-3.35714e-12
1.82513e-08
-3.26088e-12
1.82514e-08
-3.07748e-12
1.82516e-08
-3.00431e-12
1.82518e-08
-2.86735e-12
1.82519e-08
-2.80616e-12
1.82521e-08
-2.69941e-12
1.82522e-08
-2.64503e-12
1.82524e-08
-2.55888e-12
1.82525e-08
-2.5091e-12
1.82526e-08
-2.43774e-12
1.82528e-08
-2.39177e-12
1.82529e-08
-2.33155e-12
1.82531e-08
-2.28921e-12
1.82532e-08
-2.23781e-12
1.82533e-08
-2.1991e-12
1.82535e-08
-2.15496e-12
1.82536e-08
-2.11996e-12
1.82537e-08
-2.08198e-12
1.82539e-08
-2.05068e-12
1.8254e-08
-2.01804e-12
1.82541e-08
-1.99038e-12
1.82542e-08
-1.96245e-12
1.82544e-08
-1.93831e-12
1.82545e-08
-1.91455e-12
1.82546e-08
-1.89374e-12
1.82547e-08
-1.8737e-12
1.82548e-08
-1.85602e-12
1.82549e-08
-1.83932e-12
1.82551e-08
-1.82452e-12
1.82552e-08
-1.81079e-12
1.82553e-08
-1.79863e-12
1.82554e-08
-1.78753e-12
1.82555e-08
-1.77772e-12
1.82556e-08
-1.76889e-12
1.82557e-08
-1.7611e-12
1.82558e-08
-1.75413e-12
1.82559e-08
-1.74792e-12
1.8256e-08
-1.74234e-12
1.82561e-08
-1.73724e-12
1.82562e-08
-1.73258e-12
1.82563e-08
-1.7282e-12
1.82564e-08
-1.72413e-12
1.82565e-08
-1.72022e-12
1.82566e-08
-1.71659e-12
1.82567e-08
-1.71305e-12
1.82568e-08
-1.70974e-12
1.82569e-08
-1.70644e-12
1.8257e-08
-1.7033e-12
1.82571e-08
-1.7002e-12
1.82572e-08
-1.69749e-12
1.82573e-08
-1.6953e-12
1.82573e-08
-1.69407e-12
1.82574e-08
-1.69379e-12
1.82575e-08
-1.69415e-12
1.82576e-08
-1.69454e-12
1.82577e-08
-1.69412e-12
1.82578e-08
-1.69241e-12
1.82578e-08
-1.68928e-12
1.82579e-08
-1.68505e-12
1.8258e-08
-1.68016e-12
1.82581e-08
-1.67505e-12
1.82582e-08
-1.66994e-12
1.82582e-08
-1.66491e-12
1.82583e-08
-1.65988e-12
1.82584e-08
-1.65472e-12
1.82584e-08
-1.6493e-12
1.82585e-08
-1.6435e-12
1.82586e-08
-1.63722e-12
1.82587e-08
-1.63035e-12
1.82587e-08
-1.62275e-12
1.82588e-08
-1.61429e-12
1.82589e-08
-1.60472e-12
1.82589e-08
-1.59383e-12
1.8259e-08
-1.58122e-12
1.82591e-08
-1.56653e-12
1.82591e-08
-1.54914e-12
1.82592e-08
-1.5284e-12
1.82592e-08
-1.50335e-12
1.82593e-08
-1.47288e-12
1.82594e-08
-1.43545e-12
1.82594e-08
-1.38929e-12
1.82595e-08
-1.33186e-12
1.82595e-08
-1.25995e-12
1.82595e-08
-1.16785e-12
1.82596e-08
-1.04456e-12
1.82596e-08
-8.63845e-13
1.82596e-08
-5.74394e-13
1.82596e-08
-1.07493e-13
1.82596e-08
4.6639e-13
1.82596e-08
9.30962e-13
1.82596e-08
1.21956e-12
1.82596e-08
1.40186e-12
1.82595e-08
1.52886e-12
1.82595e-08
1.62651e-12
1.82594e-08
1.70564e-12
1.82594e-08
1.77183e-12
1.82593e-08
1.82827e-12
1.82593e-08
1.87743e-12
1.82592e-08
1.92106e-12
1.82592e-08
1.96068e-12
1.82591e-08
1.99738e-12
1.82591e-08
2.03208e-12
1.8259e-08
2.06545e-12
1.82589e-08
2.09806e-12
1.82589e-08
2.13029e-12
1.82588e-08
2.1625e-12
1.82587e-08
2.1949e-12
1.82587e-08
2.22769e-12
1.82586e-08
2.26097e-12
1.82586e-08
2.29482e-12
1.82585e-08
2.32925e-12
1.82584e-08
2.36429e-12
1.82584e-08
2.39993e-12
1.82583e-08
2.43621e-12
1.82582e-08
2.47318e-12
1.82581e-08
2.511e-12
1.82581e-08
2.54983e-12
1.8258e-08
2.58985e-12
1.82579e-08
2.63117e-12
1.82579e-08
2.67382e-12
1.82578e-08
2.71763e-12
1.82577e-08
2.76246e-12
1.82576e-08
2.808e-12
1.82576e-08
2.85413e-12
1.82575e-08
2.90072e-12
1.82574e-08
2.94783e-12
1.82573e-08
2.99553e-12
1.82573e-08
3.04395e-12
1.82572e-08
3.09309e-12
1.82571e-08
3.14306e-12
1.8257e-08
3.19376e-12
1.8257e-08
3.24526e-12
1.82569e-08
3.29742e-12
1.82568e-08
3.3503e-12
1.82567e-08
3.40377e-12
1.82566e-08
3.45787e-12
1.82566e-08
3.51246e-12
1.82565e-08
3.56763e-12
1.82564e-08
3.62319e-12
1.82563e-08
3.67924e-12
1.82562e-08
3.73558e-12
1.82561e-08
3.79233e-12
1.8256e-08
3.84923e-12
1.8256e-08
3.90646e-12
1.82559e-08
3.96365e-12
1.82558e-08
4.02109e-12
1.82557e-08
4.07829e-12
1.82556e-08
4.13568e-12
1.82555e-08
4.19255e-12
1.82554e-08
4.24962e-12
1.82553e-08
4.30581e-12
1.82552e-08
4.36227e-12
1.82551e-08
4.41739e-12
1.82551e-08
4.47297e-12
1.8255e-08
4.52658e-12
1.82549e-08
4.58101e-12
1.82548e-08
4.63261e-12
1.82547e-08
4.68568e-12
1.82546e-08
4.73473e-12
1.82545e-08
4.78628e-12
1.82544e-08
4.83218e-12
1.82543e-08
4.88221e-12
1.82542e-08
4.92431e-12
1.82541e-08
4.97303e-12
1.8254e-08
5.01068e-12
1.82539e-08
5.05872e-12
1.82537e-08
5.09137e-12
1.82536e-08
5.14001e-12
1.82535e-08
5.16743e-12
1.82534e-08
5.21917e-12
1.82533e-08
5.24189e-12
1.82532e-08
5.30132e-12
1.82531e-08
5.32151e-12
1.8253e-08
5.39685e-12
1.82528e-08
5.42e-12
1.82527e-08
5.52588e-12
1.82526e-08
5.5638e-12
1.82524e-08
5.72612e-12
1.82523e-08
5.80265e-12
1.82521e-08
6.06729e-12
1.82519e-08
6.22863e-12
1.82517e-08
6.67679e-12
1.82514e-08
7.01003e-12
1.82511e-08
7.78501e-12
1.82508e-08
8.45082e-12
1.82503e-08
9.80444e-12
1.82498e-08
1.1094e-11
1.82491e-08
1.34661e-11
1.82482e-08
1.58992e-11
1.82471e-08
2.00535e-11
1.82457e-08
2.45467e-11
1.82438e-08
3.1799e-11
1.82413e-08
3.99477e-11
1.82381e-08
5.25478e-11
1.82339e-08
6.70968e-11
1.82284e-08
8.88566e-11
1.82212e-08
1.14473e-10
1.82118e-08
1.51791e-10
1.81995e-08
1.96321e-10
1.81835e-08
2.59829e-10
1.81629e-08
3.36304e-10
1.81359e-08
4.43492e-10
1.81012e-08
5.73317e-10
1.80561e-08
7.5266e-10
1.79983e-08
9.70626e-10
1.79238e-08
1.26808e-09
1.78285e-08
1.63027e-09
1.77061e-08
2.11963e-09
1.75506e-08
2.71642e-09
1.73521e-08
3.5169e-09
1.71011e-08
4.49618e-09
1.67825e-08
5.80646e-09
1.63818e-08
7.42352e-09
1.58766e-08
9.60238e-09
1.52454e-08
1.23484e-08
1.44554e-08
1.61351e-08
1.34767e-08
2.10722e-08
1.2264e-08
2.80834e-08
1.07802e-08
3.72214e-08
8.96743e-09
4.97276e-08
6.77604e-09
6.27576e-08
4.03412e-09
7.5312e-08
6.19958e-08
4.89244e-09
-6.38407e-08
-2.607e-09
7.21232e-09
-7.77369e-08
9.24843e-09
-6.4882e-08
1.09813e-08
-5.15386e-08
1.24156e-08
-3.87124e-08
1.35983e-08
-2.93077e-08
1.45559e-08
-2.20632e-08
1.53325e-08
-1.69392e-08
1.59533e-08
-1.29898e-08
1.64516e-08
-1.01182e-08
1.68464e-08
-7.82989e-09
1.71611e-08
-6.13122e-09
1.74087e-08
-4.7495e-09
1.76048e-08
-3.71854e-09
1.77582e-08
-2.87247e-09
1.78791e-08
-2.24371e-09
1.79731e-08
-1.72574e-09
1.80468e-08
-1.34415e-09
1.81038e-08
-1.0289e-09
1.81483e-08
-7.99265e-10
1.81825e-08
-6.08815e-10
1.82092e-08
-4.71977e-10
1.82296e-08
-3.57804e-10
1.82454e-08
-2.77121e-10
1.82575e-08
-2.09196e-10
1.82668e-08
-1.6216e-10
1.82739e-08
-1.22038e-10
1.82794e-08
-9.49388e-11
1.82836e-08
-7.13809e-11
1.82868e-08
-5.59536e-11
1.82892e-08
-4.21803e-11
1.82912e-08
-3.35012e-11
1.82926e-08
-2.54633e-11
1.82938e-08
-2.06368e-11
1.82947e-08
-1.59398e-11
1.82954e-08
-1.32841e-11
1.82959e-08
-1.05237e-11
1.82964e-08
-9.07409e-12
1.82968e-08
-7.43343e-12
1.82971e-08
-6.64372e-12
1.82974e-08
-5.65021e-12
1.82977e-08
-5.2156e-12
1.82979e-08
-4.59732e-12
1.82981e-08
-4.35026e-12
1.82983e-08
-3.95118e-12
1.82985e-08
-3.80118e-12
1.82986e-08
-3.53183e-12
1.82988e-08
-3.43113e-12
1.82989e-08
-3.24018e-12
1.82991e-08
-3.16432e-12
1.82992e-08
-3.0222e-12
1.82994e-08
-2.95913e-12
1.82995e-08
-2.84863e-12
1.82997e-08
-2.79273e-12
1.82998e-08
-2.70366e-12
1.83e-08
-2.65249e-12
1.83001e-08
-2.57871e-12
1.83002e-08
-2.53138e-12
1.83004e-08
-2.46906e-12
1.83005e-08
-2.42535e-12
1.83006e-08
-2.37205e-12
1.83008e-08
-2.33196e-12
1.83009e-08
-2.28606e-12
1.8301e-08
-2.24964e-12
1.83011e-08
-2.21e-12
1.83013e-08
-2.17728e-12
1.83014e-08
-2.14306e-12
1.83015e-08
-2.11397e-12
1.83016e-08
-2.0845e-12
1.83017e-08
-2.05894e-12
1.83018e-08
-2.03369e-12
1.8302e-08
-2.01147e-12
1.83021e-08
-1.98998e-12
1.83022e-08
-1.97091e-12
1.83023e-08
-1.95278e-12
1.83024e-08
-1.93661e-12
1.83025e-08
-1.9215e-12
1.83026e-08
-1.90798e-12
1.83027e-08
-1.89553e-12
1.83028e-08
-1.88439e-12
1.83029e-08
-1.87424e-12
1.8303e-08
-1.86514e-12
1.83031e-08
-1.85688e-12
1.83032e-08
-1.84939e-12
1.83033e-08
-1.84255e-12
1.83034e-08
-1.8362e-12
1.83035e-08
-1.8303e-12
1.83036e-08
-1.82469e-12
1.83037e-08
-1.81941e-12
1.83038e-08
-1.81431e-12
1.83039e-08
-1.80949e-12
1.8304e-08
-1.80479e-12
1.83041e-08
-1.80032e-12
1.83042e-08
-1.79589e-12
1.83043e-08
-1.79162e-12
1.83044e-08
-1.7874e-12
1.83044e-08
-1.7836e-12
1.83045e-08
-1.78031e-12
1.83046e-08
-1.778e-12
1.83047e-08
-1.77665e-12
1.83048e-08
-1.77594e-12
1.83049e-08
-1.77527e-12
1.83049e-08
-1.77381e-12
1.8305e-08
-1.77107e-12
1.83051e-08
-1.76694e-12
1.83052e-08
-1.76173e-12
1.83052e-08
-1.75586e-12
1.83053e-08
-1.7498e-12
1.83054e-08
-1.74376e-12
1.83055e-08
-1.73782e-12
1.83055e-08
-1.73187e-12
1.83056e-08
-1.72582e-12
1.83057e-08
-1.7195e-12
1.83057e-08
-1.71282e-12
1.83058e-08
-1.70565e-12
1.83059e-08
-1.69789e-12
1.83059e-08
-1.68939e-12
1.8306e-08
-1.68e-12
1.83061e-08
-1.66948e-12
1.83061e-08
-1.65758e-12
1.83062e-08
-1.6439e-12
1.83063e-08
-1.62805e-12
1.83063e-08
-1.60938e-12
1.83064e-08
-1.58721e-12
1.83064e-08
-1.56051e-12
1.83065e-08
-1.52813e-12
1.83065e-08
-1.48844e-12
1.83066e-08
-1.43957e-12
1.83066e-08
-1.3789e-12
1.83067e-08
-1.30304e-12
1.83067e-08
-1.20612e-12
1.83068e-08
-1.07697e-12
1.83068e-08
-8.8915e-13
1.83068e-08
-5.91218e-13
1.83068e-08
-1.14585e-13
1.83068e-08
4.69613e-13
1.83068e-08
9.43914e-13
1.83068e-08
1.24097e-12
1.83067e-08
1.43034e-12
1.83067e-08
1.56315e-12
1.83067e-08
1.66554e-12
1.83066e-08
1.74855e-12
1.83066e-08
1.8179e-12
1.83065e-08
1.87695e-12
1.83065e-08
1.92825e-12
1.83064e-08
1.97368e-12
1.83064e-08
2.01481e-12
1.83063e-08
2.05278e-12
1.83063e-08
2.0886e-12
1.83062e-08
2.12295e-12
1.83061e-08
2.15644e-12
1.83061e-08
2.18947e-12
1.8306e-08
2.22242e-12
1.8306e-08
2.25551e-12
1.83059e-08
2.28896e-12
1.83058e-08
2.32287e-12
1.83058e-08
2.35733e-12
1.83057e-08
2.39236e-12
1.83057e-08
2.42799e-12
1.83056e-08
2.46421e-12
1.83055e-08
2.50106e-12
1.83055e-08
2.53861e-12
1.83054e-08
2.577e-12
1.83053e-08
2.6164e-12
1.83053e-08
2.65699e-12
1.83052e-08
2.69888e-12
1.83051e-08
2.7421e-12
1.83051e-08
2.78649e-12
1.8305e-08
2.83189e-12
1.83049e-08
2.87801e-12
1.83048e-08
2.9247e-12
1.83048e-08
2.97187e-12
1.83047e-08
3.01956e-12
1.83046e-08
3.06784e-12
1.83046e-08
3.11683e-12
1.83045e-08
3.16655e-12
1.83044e-08
3.21709e-12
1.83043e-08
3.26837e-12
1.83043e-08
3.32044e-12
1.83042e-08
3.37318e-12
1.83041e-08
3.42664e-12
1.8304e-08
3.48068e-12
1.83039e-08
3.53536e-12
1.83039e-08
3.59053e-12
1.83038e-08
3.64628e-12
1.83037e-08
3.70242e-12
1.83036e-08
3.75906e-12
1.83035e-08
3.81599e-12
1.83035e-08
3.87334e-12
1.83034e-08
3.93083e-12
1.83033e-08
3.98866e-12
1.83032e-08
4.04645e-12
1.83031e-08
4.10451e-12
1.8303e-08
4.16231e-12
1.8303e-08
4.22033e-12
1.83029e-08
4.27782e-12
1.83028e-08
4.33553e-12
1.83027e-08
4.39234e-12
1.83026e-08
4.44947e-12
1.83025e-08
4.50522e-12
1.83024e-08
4.56149e-12
1.83023e-08
4.61573e-12
1.83022e-08
4.67089e-12
1.83022e-08
4.72313e-12
1.83021e-08
4.77697e-12
1.8302e-08
4.82666e-12
1.83019e-08
4.87905e-12
1.83018e-08
4.92559e-12
1.83017e-08
4.97655e-12
1.83016e-08
5.01929e-12
1.83015e-08
5.06906e-12
1.83014e-08
5.10737e-12
1.83013e-08
5.15665e-12
1.83012e-08
5.18999e-12
1.83011e-08
5.24017e-12
1.8301e-08
5.26837e-12
1.83009e-08
5.32214e-12
1.83008e-08
5.34585e-12
1.83006e-08
5.40809e-12
1.83005e-08
5.42976e-12
1.83004e-08
5.50925e-12
1.83003e-08
5.53485e-12
1.83002e-08
5.64716e-12
1.83e-08
5.68949e-12
1.82999e-08
5.86221e-12
1.82997e-08
5.94692e-12
1.82996e-08
6.22891e-12
1.82994e-08
6.40554e-12
1.82992e-08
6.88322e-12
1.82989e-08
7.24494e-12
1.82986e-08
8.07074e-12
1.82983e-08
8.78907e-12
1.82979e-08
1.02307e-11
1.82973e-08
1.16159e-11
1.82967e-08
1.41407e-11
1.82958e-08
1.67461e-11
1.82947e-08
2.11645e-11
1.82933e-08
2.59641e-11
1.82914e-08
3.36719e-11
1.8289e-08
4.23591e-11
1.82858e-08
5.574e-11
1.82816e-08
7.12246e-11
1.82761e-08
9.43135e-11
1.82691e-08
1.21537e-10
1.82598e-08
1.611e-10
1.82477e-08
2.08359e-10
1.82319e-08
2.75626e-10
1.82115e-08
3.56684e-10
1.81849e-08
4.70107e-10
1.81506e-08
6.07545e-10
1.81062e-08
7.97129e-10
1.80492e-08
1.02759e-09
1.79756e-08
1.34169e-09
1.78817e-08
1.72416e-09
1.7761e-08
2.24029e-09
1.76078e-08
2.86956e-09
1.74121e-08
3.71259e-09
1.7165e-08
4.74325e-09
1.68512e-08
6.12026e-09
1.64574e-08
7.81731e-09
1.59607e-08
1.00991e-08
1.5342e-08
1.29671e-08
1.45683e-08
1.69087e-08
1.36145e-08
2.20259e-08
1.24372e-08
2.92607e-08
1.101e-08
3.86487e-08
9.28719e-09
5.14503e-08
7.26556e-09
6.47793e-08
4.97226e-09
7.76053e-08
6.41989e-08
2.76918e-09
7.63179e-09
-6.59849e-08
-5.48751e-09
9.96645e-09
-8.00716e-08
1.22288e-08
-6.71444e-08
1.41944e-08
-5.35042e-08
1.58379e-08
-4.03559e-08
1.71962e-08
-3.0666e-08
1.82981e-08
-2.31651e-08
1.91916e-08
-1.78328e-08
1.9906e-08
-1.37042e-08
2.0479e-08
-1.06912e-08
2.09329e-08
-8.28379e-09
2.12942e-08
-6.49253e-09
2.15784e-08
-5.03367e-09
2.18032e-08
-3.94339e-09
2.19789e-08
-3.04822e-09
2.21172e-08
-2.38206e-09
2.22247e-08
-1.83325e-09
2.2309e-08
-1.42838e-09
2.2374e-08
-1.09399e-09
2.24248e-08
-8.5005e-10
2.24638e-08
-6.47847e-10
2.24942e-08
-5.02326e-10
2.25173e-08
-3.81013e-10
2.25353e-08
-2.95121e-10
2.2549e-08
-2.22899e-10
2.25596e-08
-1.72774e-10
2.25677e-08
-1.30088e-10
2.25739e-08
-1.01178e-10
2.25786e-08
-7.61032e-11
2.25823e-08
-5.96263e-11
2.2585e-08
-4.49613e-11
2.25872e-08
-3.56812e-11
2.25888e-08
-2.71223e-11
2.25901e-08
-2.1956e-11
2.25912e-08
-1.69559e-11
2.2592e-08
-1.41105e-11
2.25926e-08
-1.11743e-11
2.25931e-08
-9.62026e-12
2.25936e-08
-7.87743e-12
2.2594e-08
-7.031e-12
2.25943e-08
-5.97782e-12
2.25946e-08
-5.51277e-12
2.25948e-08
-4.85926e-12
2.25951e-08
-4.59597e-12
2.25953e-08
-4.17567e-12
2.25955e-08
-4.01697e-12
2.25957e-08
-3.73445e-12
2.25959e-08
-3.62891e-12
2.2596e-08
-3.42943e-12
2.25962e-08
-3.35063e-12
2.25964e-08
-3.20267e-12
2.25966e-08
-3.13755e-12
2.25967e-08
-3.02279e-12
2.25969e-08
-2.96521e-12
2.25971e-08
-2.87282e-12
2.25972e-08
-2.8201e-12
2.25974e-08
-2.74357e-12
2.25975e-08
-2.6947e-12
2.25977e-08
-2.63e-12
2.25978e-08
-2.58472e-12
2.2598e-08
-2.52926e-12
2.25981e-08
-2.48758e-12
2.25983e-08
-2.43967e-12
2.25984e-08
-2.40163e-12
2.25986e-08
-2.36009e-12
2.25987e-08
-2.32573e-12
2.25989e-08
-2.28967e-12
2.2599e-08
-2.25895e-12
2.25992e-08
-2.22771e-12
2.25993e-08
-2.2005e-12
2.25994e-08
-2.17353e-12
2.25996e-08
-2.14968e-12
2.25997e-08
-2.12651e-12
2.25998e-08
-2.10581e-12
2.26e-08
-2.08604e-12
2.26001e-08
-2.06828e-12
2.26002e-08
-2.05155e-12
2.26003e-08
-2.03646e-12
2.26005e-08
-2.02242e-12
2.26006e-08
-2.00974e-12
2.26007e-08
-1.99804e-12
2.26008e-08
-1.98741e-12
2.26009e-08
-1.97764e-12
2.26011e-08
-1.96865e-12
2.26012e-08
-1.96032e-12
2.26013e-08
-1.95251e-12
2.26014e-08
-1.94516e-12
2.26015e-08
-1.93811e-12
2.26016e-08
-1.93141e-12
2.26017e-08
-1.92491e-12
2.26019e-08
-1.9187e-12
2.2602e-08
-1.91263e-12
2.26021e-08
-1.9068e-12
2.26022e-08
-1.90102e-12
2.26023e-08
-1.89543e-12
2.26024e-08
-1.88991e-12
2.26025e-08
-1.8848e-12
2.26026e-08
-1.88023e-12
2.26027e-08
-1.87664e-12
2.26028e-08
-1.87402e-12
2.26029e-08
-1.87205e-12
2.2603e-08
-1.87012e-12
2.2603e-08
-1.86743e-12
2.26031e-08
-1.86347e-12
2.26032e-08
-1.85815e-12
2.26033e-08
-1.85177e-12
2.26034e-08
-1.84477e-12
2.26035e-08
-1.83759e-12
2.26036e-08
-1.83045e-12
2.26037e-08
-1.82342e-12
2.26038e-08
-1.8164e-12
2.26038e-08
-1.80929e-12
2.26039e-08
-1.80192e-12
2.2604e-08
-1.79419e-12
2.26041e-08
-1.78597e-12
2.26042e-08
-1.77716e-12
2.26042e-08
-1.7676e-12
2.26043e-08
-1.75712e-12
2.26044e-08
-1.74548e-12
2.26045e-08
-1.73241e-12
2.26045e-08
-1.71749e-12
2.26046e-08
-1.70029e-12
2.26047e-08
-1.68014e-12
2.26048e-08
-1.6563e-12
2.26048e-08
-1.6277e-12
2.26049e-08
-1.5931e-12
2.26049e-08
-1.5508e-12
2.2605e-08
-1.49882e-12
2.26051e-08
-1.43439e-12
2.26051e-08
-1.35397e-12
2.26052e-08
-1.2515e-12
2.26052e-08
-1.11559e-12
2.26052e-08
-9.1954e-13
2.26052e-08
-6.11688e-13
2.26053e-08
-1.23326e-13
2.26053e-08
4.7356e-13
2.26052e-08
9.59585e-13
2.26052e-08
1.26654e-12
2.26052e-08
1.46408e-12
2.26051e-08
1.6036e-12
2.26051e-08
1.71147e-12
2.2605e-08
1.79894e-12
2.2605e-08
1.87194e-12
2.26049e-08
1.93398e-12
2.26049e-08
1.98776e-12
2.26048e-08
2.03525e-12
2.26047e-08
2.07811e-12
2.26047e-08
2.11757e-12
2.26046e-08
2.15466e-12
2.26045e-08
2.19014e-12
2.26045e-08
2.22464e-12
2.26044e-08
2.25859e-12
2.26043e-08
2.29238e-12
2.26043e-08
2.32628e-12
2.26042e-08
2.36048e-12
2.26041e-08
2.39512e-12
2.26041e-08
2.43028e-12
2.2604e-08
2.46601e-12
2.26039e-08
2.50231e-12
2.26038e-08
2.53921e-12
2.26038e-08
2.57672e-12
2.26037e-08
2.61493e-12
2.26036e-08
2.65397e-12
2.26035e-08
2.69402e-12
2.26034e-08
2.73527e-12
2.26034e-08
2.77781e-12
2.26033e-08
2.82169e-12
2.26032e-08
2.86674e-12
2.26031e-08
2.9128e-12
2.2603e-08
2.95957e-12
2.2603e-08
3.00693e-12
2.26029e-08
3.05476e-12
2.26028e-08
3.10311e-12
2.26027e-08
3.15205e-12
2.26026e-08
3.2017e-12
2.26025e-08
3.25208e-12
2.26024e-08
3.30328e-12
2.26024e-08
3.35522e-12
2.26023e-08
3.40794e-12
2.26022e-08
3.46134e-12
2.26021e-08
3.51546e-12
2.2602e-08
3.57016e-12
2.26019e-08
3.6255e-12
2.26018e-08
3.68134e-12
2.26017e-08
3.73776e-12
2.26016e-08
3.79457e-12
2.26015e-08
3.85189e-12
2.26014e-08
3.90949e-12
2.26014e-08
3.96752e-12
2.26013e-08
4.0257e-12
2.26012e-08
4.08422e-12
2.26011e-08
4.14271e-12
2.2601e-08
4.20148e-12
2.26009e-08
4.25998e-12
2.26008e-08
4.31873e-12
2.26007e-08
4.37693e-12
2.26006e-08
4.43539e-12
2.26005e-08
4.49293e-12
2.26004e-08
4.55083e-12
2.26003e-08
4.60731e-12
2.26001e-08
4.66439e-12
2.26e-08
4.71938e-12
2.25999e-08
4.77539e-12
2.25998e-08
4.82839e-12
2.25997e-08
4.88314e-12
2.25996e-08
4.93359e-12
2.25995e-08
4.98697e-12
2.25994e-08
5.03428e-12
2.25993e-08
5.08632e-12
2.25992e-08
5.12984e-12
2.2599e-08
5.18086e-12
2.25989e-08
5.21996e-12
2.25988e-08
5.2707e-12
2.25987e-08
5.30487e-12
2.25986e-08
5.35688e-12
2.25984e-08
5.38601e-12
2.25983e-08
5.44214e-12
2.25982e-08
5.46703e-12
2.25981e-08
5.53253e-12
2.25979e-08
5.5559e-12
2.25978e-08
5.64016e-12
2.25977e-08
5.66854e-12
2.25975e-08
5.78823e-12
2.25974e-08
5.8355e-12
2.25972e-08
6.02008e-12
2.2597e-08
6.11393e-12
2.25968e-08
6.41561e-12
2.25966e-08
6.60934e-12
2.25964e-08
7.12043e-12
2.25961e-08
7.51404e-12
2.25958e-08
8.39729e-12
2.25954e-08
9.17452e-12
2.25949e-08
1.07156e-11
2.25943e-08
1.22084e-11
2.25935e-08
1.49056e-11
2.25925e-08
1.77052e-11
2.25913e-08
2.24224e-11
2.25896e-08
2.7568e-11
2.25875e-08
3.57915e-11
2.25848e-08
4.50881e-11
2.25811e-08
5.93542e-11
2.25765e-08
7.58998e-11
2.25703e-08
1.00498e-10
2.25622e-08
1.29548e-10
2.25517e-08
1.71663e-10
2.2538e-08
2.2203e-10
2.252e-08
2.93579e-10
2.24968e-08
3.79867e-10
2.24665e-08
5.00405e-10
2.24275e-08
6.46544e-10
2.23768e-08
8.47837e-10
2.23117e-08
1.09261e-09
2.22276e-08
1.42578e-09
2.21203e-08
1.83151e-09
2.19822e-08
2.37836e-09
2.18068e-08
3.04498e-09
2.15824e-08
3.93691e-09
2.12989e-08
5.02675e-09
2.09386e-08
6.48054e-09
2.0486e-08
8.2699e-09
1.99149e-08
1.06702e-08
1.9203e-08
1.36791e-08
1.83129e-08
1.77987e-08
1.72156e-08
2.31232e-08
1.58636e-08
3.06127e-08
1.42286e-08
4.02837e-08
1.22745e-08
5.34044e-08
1.00315e-08
6.70222e-08
7.729e-09
7.99078e-08
6.62516e-08
5.67628e-09
1.17453e-08
-6.80981e-08
-9.6322e-09
1.40189e-08
-8.23452e-08
1.64568e-08
-6.95823e-08
1.86135e-08
-5.56609e-08
2.04394e-08
-4.21818e-08
2.19497e-08
-3.21764e-08
2.31772e-08
-2.43927e-08
2.41711e-08
-1.88267e-08
2.49656e-08
-1.44988e-08
2.56016e-08
-1.13272e-08
2.6105e-08
-8.7872e-09
2.65048e-08
-6.89241e-09
2.68191e-08
-5.3479e-09
2.70672e-08
-4.19154e-09
2.7261e-08
-3.242e-09
2.74132e-08
-2.53429e-09
2.75313e-08
-1.95145e-09
2.76238e-08
-1.52081e-09
2.76951e-08
-1.16534e-09
2.77506e-08
-9.0562e-10
2.77933e-08
-6.9052e-10
2.78264e-08
-5.35444e-10
2.78517e-08
-4.06318e-10
2.78713e-08
-3.14712e-10
2.78861e-08
-2.37802e-10
2.78977e-08
-1.84298e-10
2.79064e-08
-1.38824e-10
2.79131e-08
-1.07939e-10
2.79182e-08
-8.12181e-11
2.79222e-08
-6.35999e-11
2.79252e-08
-4.79704e-11
2.79275e-08
-3.80388e-11
2.79293e-08
-2.89181e-11
2.79307e-08
-2.33844e-11
2.79318e-08
-1.80584e-11
2.79327e-08
-1.50086e-11
2.79334e-08
-1.18838e-11
2.7934e-08
-1.02175e-11
2.79344e-08
-8.36536e-12
2.79349e-08
-7.4582e-12
2.79352e-08
-6.34133e-12
2.79355e-08
-5.84378e-12
2.79358e-08
-5.15272e-12
2.79361e-08
-4.87215e-12
2.79363e-08
-4.42927e-12
2.79365e-08
-4.2613e-12
2.79368e-08
-3.96476e-12
2.7937e-08
-3.85406e-12
2.79372e-08
-3.64548e-12
2.79374e-08
-3.56353e-12
2.79376e-08
-3.40933e-12
2.79378e-08
-3.34198e-12
2.7938e-08
-3.22264e-12
2.79382e-08
-3.16321e-12
2.79383e-08
-3.06724e-12
2.79385e-08
-3.01279e-12
2.79387e-08
-2.93327e-12
2.79389e-08
-2.88268e-12
2.79391e-08
-2.81535e-12
2.79393e-08
-2.76832e-12
2.79394e-08
-2.71048e-12
2.79396e-08
-2.667e-12
2.79398e-08
-2.61686e-12
2.79399e-08
-2.57699e-12
2.79401e-08
-2.53332e-12
2.79403e-08
-2.4971e-12
2.79404e-08
-2.45899e-12
2.79406e-08
-2.4264e-12
2.79408e-08
-2.39316e-12
2.79409e-08
-2.36409e-12
2.79411e-08
-2.33516e-12
2.79412e-08
-2.30945e-12
2.79414e-08
-2.28437e-12
2.79415e-08
-2.26182e-12
2.79417e-08
-2.24018e-12
2.79418e-08
-2.22058e-12
2.7942e-08
-2.202e-12
2.79421e-08
-2.18511e-12
2.79423e-08
-2.16926e-12
2.79424e-08
-2.15479e-12
2.79426e-08
-2.14131e-12
2.79427e-08
-2.12893e-12
2.79428e-08
-2.11741e-12
2.7943e-08
-2.1067e-12
2.79431e-08
-2.09665e-12
2.79432e-08
-2.08714e-12
2.79434e-08
-2.07811e-12
2.79435e-08
-2.0694e-12
2.79436e-08
-2.06105e-12
2.79438e-08
-2.05292e-12
2.79439e-08
-2.0451e-12
2.7944e-08
-2.03743e-12
2.79441e-08
-2.03002e-12
2.79442e-08
-2.02269e-12
2.79444e-08
-2.01556e-12
2.79445e-08
-2.00851e-12
2.79446e-08
-2.0019e-12
2.79447e-08
-1.99584e-12
2.79448e-08
-1.99076e-12
2.79449e-08
-1.98665e-12
2.7945e-08
-1.9832e-12
2.79452e-08
-1.9798e-12
2.79453e-08
-1.97565e-12
2.79454e-08
-1.97027e-12
2.79455e-08
-1.96356e-12
2.79456e-08
-1.95582e-12
2.79457e-08
-1.9475e-12
2.79458e-08
-1.93902e-12
2.79459e-08
-1.9306e-12
2.7946e-08
-1.9223e-12
2.79461e-08
-1.91404e-12
2.79462e-08
-1.90569e-12
2.79463e-08
-1.8971e-12
2.79464e-08
-1.88816e-12
2.79465e-08
-1.87873e-12
2.79465e-08
-1.8687e-12
2.79466e-08
-1.85791e-12
2.79467e-08
-1.84618e-12
2.79468e-08
-1.83326e-12
2.79469e-08
-1.81884e-12
2.7947e-08
-1.80251e-12
2.79471e-08
-1.78378e-12
2.79472e-08
-1.76195e-12
2.79472e-08
-1.73624e-12
2.79473e-08
-1.7055e-12
2.79474e-08
-1.66842e-12
2.79475e-08
-1.6232e-12
2.79475e-08
-1.56773e-12
2.79476e-08
-1.49911e-12
2.79476e-08
-1.4136e-12
2.79477e-08
-1.30494e-12
2.79477e-08
-1.16145e-12
2.79478e-08
-9.56114e-13
2.79478e-08
-6.36816e-13
2.79478e-08
-1.34235e-13
2.79478e-08
4.78502e-13
2.79478e-08
9.78742e-13
2.79478e-08
1.29711e-12
2.79477e-08
1.50389e-12
2.79477e-08
1.65091e-12
2.79476e-08
1.76488e-12
2.79476e-08
1.85732e-12
2.79475e-08
1.93439e-12
2.79474e-08
1.99976e-12
2.79474e-08
2.05629e-12
2.79473e-08
2.10606e-12
2.79472e-08
2.15085e-12
2.79472e-08
2.19195e-12
2.79471e-08
2.23047e-12
2.7947e-08
2.2672e-12
2.79469e-08
2.30282e-12
2.79468e-08
2.3378e-12
2.79468e-08
2.37255e-12
2.79467e-08
2.40733e-12
2.79466e-08
2.44238e-12
2.79465e-08
2.47784e-12
2.79464e-08
2.51379e-12
2.79463e-08
2.55029e-12
2.79463e-08
2.58736e-12
2.79462e-08
2.625e-12
2.79461e-08
2.66326e-12
2.7946e-08
2.70221e-12
2.79459e-08
2.74199e-12
2.79458e-08
2.78277e-12
2.79457e-08
2.82475e-12
2.79456e-08
2.86802e-12
2.79456e-08
2.91263e-12
2.79455e-08
2.95841e-12
2.79454e-08
3.00521e-12
2.79453e-08
3.05272e-12
2.79452e-08
3.10082e-12
2.79451e-08
3.14938e-12
2.7945e-08
3.19847e-12
2.79449e-08
3.24814e-12
2.79448e-08
3.29853e-12
2.79447e-08
3.34964e-12
2.79446e-08
3.40157e-12
2.79445e-08
3.45423e-12
2.79444e-08
3.50769e-12
2.79443e-08
3.56182e-12
2.79442e-08
3.61667e-12
2.79441e-08
3.67211e-12
2.7944e-08
3.72819e-12
2.79439e-08
3.78476e-12
2.79438e-08
3.84192e-12
2.79437e-08
3.89948e-12
2.79436e-08
3.95754e-12
2.79435e-08
4.0159e-12
2.79434e-08
4.0747e-12
2.79432e-08
4.13364e-12
2.79431e-08
4.19294e-12
2.7943e-08
4.2522e-12
2.79429e-08
4.31176e-12
2.79428e-08
4.37106e-12
2.79427e-08
4.43062e-12
2.79426e-08
4.48963e-12
2.79425e-08
4.54893e-12
2.79423e-08
4.60729e-12
2.79422e-08
4.66607e-12
2.79421e-08
4.7234e-12
2.7942e-08
4.7814e-12
2.79419e-08
4.83724e-12
2.79417e-08
4.89423e-12
2.79416e-08
4.9481e-12
2.79415e-08
5.00389e-12
2.79414e-08
5.05524e-12
2.79412e-08
5.10974e-12
2.79411e-08
5.15796e-12
2.7941e-08
5.21126e-12
2.79409e-08
5.2557e-12
2.79407e-08
5.30815e-12
2.79406e-08
5.3482e-12
2.79405e-08
5.40062e-12
2.79403e-08
5.4358e-12
2.79402e-08
5.48985e-12
2.794e-08
5.52011e-12
2.79399e-08
5.5789e-12
2.79398e-08
5.60517e-12
2.79396e-08
5.6743e-12
2.79395e-08
5.69961e-12
2.79393e-08
5.78912e-12
2.79391e-08
5.82061e-12
2.7939e-08
5.9483e-12
2.79388e-08
6.00099e-12
2.79386e-08
6.19837e-12
2.79384e-08
6.30213e-12
2.79382e-08
6.62497e-12
2.7938e-08
6.83713e-12
2.79377e-08
7.38404e-12
2.79374e-08
7.81194e-12
2.7937e-08
8.75675e-12
2.79366e-08
9.59737e-12
2.7936e-08
1.12451e-11
2.79354e-08
1.28538e-11
2.79345e-08
1.57362e-11
2.79335e-08
1.87454e-11
2.79321e-08
2.37841e-11
2.79304e-08
2.93041e-11
2.79281e-08
3.80839e-11
2.79251e-08
4.80416e-11
2.79212e-08
6.3265e-11
2.79161e-08
8.09646e-11
2.79094e-08
1.07199e-10
2.79007e-08
1.38241e-10
2.78892e-08
1.83133e-10
2.78743e-08
2.369e-10
2.78547e-08
3.13118e-10
2.78294e-08
4.05144e-10
2.77964e-08
5.33466e-10
2.77537e-08
6.89179e-10
2.76982e-08
9.03318e-10
2.76269e-08
1.16389e-09
2.75346e-08
1.51804e-09
2.74166e-08
1.94952e-09
2.72647e-08
2.53027e-09
2.70713e-08
3.23837e-09
2.68237e-08
4.18443e-09
2.65103e-08
5.3402e-09
2.61115e-08
6.87925e-09
2.56096e-08
8.77177e-09
2.49759e-08
1.1304e-08
2.41842e-08
1.44707e-08
2.31943e-08
1.87886e-08
2.19721e-08
2.43454e-08
2.04687e-08
3.21161e-08
1.86527e-08
4.20997e-08
1.65077e-08
5.55494e-08
1.40923e-08
6.94376e-08
1.18392e-08
8.21609e-08
6.82698e-08
9.82097e-09
1.78456e-08
-7.00071e-08
-1.59366e-08
1.9843e-08
-8.43425e-08
2.23302e-08
-7.20695e-08
2.45939e-08
-5.79246e-08
2.65491e-08
-4.41371e-08
2.81715e-08
-3.37988e-08
2.94949e-08
-2.57161e-08
3.05649e-08
-1.98967e-08
3.14205e-08
-1.53544e-08
3.21037e-08
-1.20104e-08
3.26441e-08
-9.32762e-09
3.30722e-08
-7.32058e-09
3.34084e-08
-5.68406e-09
3.36731e-08
-4.45631e-09
3.38797e-08
-3.44858e-09
3.40415e-08
-2.69619e-09
3.41671e-08
-2.07702e-09
3.4265e-08
-1.61877e-09
3.43406e-08
-1.24091e-09
3.43993e-08
-9.64319e-10
3.44443e-08
-7.3556e-10
3.44791e-08
-5.70313e-10
3.45057e-08
-4.32943e-10
3.45263e-08
-3.35275e-10
3.45419e-08
-2.53437e-10
3.45539e-08
-1.9636e-10
3.4563e-08
-1.47965e-10
3.45701e-08
-1.14998e-10
3.45754e-08
-8.656e-11
3.45795e-08
-6.77422e-11
3.45826e-08
-5.11102e-11
3.45851e-08
-4.04957e-11
3.45869e-08
-3.07932e-11
3.45884e-08
-2.48757e-11
3.45896e-08
-1.92135e-11
3.45905e-08
-1.59507e-11
3.45912e-08
-1.2632e-11
3.45918e-08
-1.08491e-11
3.45923e-08
-8.88508e-12
3.45928e-08
-7.91484e-12
3.45931e-08
-6.73309e-12
3.45935e-08
-6.20182e-12
3.45938e-08
-5.47267e-12
3.45941e-08
-5.17415e-12
3.45943e-08
-4.70844e-12
3.45946e-08
-4.53082e-12
3.45948e-08
-4.22015e-12
3.45951e-08
-4.10401e-12
3.45953e-08
-3.88628e-12
3.45955e-08
-3.80097e-12
3.45958e-08
-3.64046e-12
3.4596e-08
-3.57071e-12
3.45962e-08
-3.44672e-12
3.45964e-08
-3.38527e-12
3.45966e-08
-3.28561e-12
3.45968e-08
-3.22927e-12
3.4597e-08
-3.14665e-12
3.45972e-08
-3.09417e-12
3.45974e-08
-3.02409e-12
3.45976e-08
-2.97513e-12
3.45978e-08
-2.91476e-12
3.4598e-08
-2.8693e-12
3.45982e-08
-2.81676e-12
3.45984e-08
-2.77488e-12
3.45986e-08
-2.72891e-12
3.45988e-08
-2.69064e-12
3.4599e-08
-2.6503e-12
3.45991e-08
-2.61563e-12
3.45993e-08
-2.58021e-12
3.45995e-08
-2.54905e-12
3.45997e-08
-2.51798e-12
3.45999e-08
-2.49019e-12
3.46e-08
-2.46299e-12
3.46002e-08
-2.43837e-12
3.46004e-08
-2.41464e-12
3.46005e-08
-2.39298e-12
3.46007e-08
-2.37235e-12
3.46009e-08
-2.35342e-12
3.4601e-08
-2.33553e-12
3.46012e-08
-2.31905e-12
3.46013e-08
-2.30357e-12
3.46015e-08
-2.2892e-12
3.46017e-08
-2.2757e-12
3.46018e-08
-2.26304e-12
3.4602e-08
-2.25105e-12
3.46021e-08
-2.23961e-12
3.46023e-08
-2.22867e-12
3.46024e-08
-2.21807e-12
3.46026e-08
-2.20785e-12
3.46027e-08
-2.19786e-12
3.46028e-08
-2.1882e-12
3.4603e-08
-2.17871e-12
3.46031e-08
-2.16951e-12
3.46033e-08
-2.1604e-12
3.46034e-08
-2.15151e-12
3.46035e-08
-2.14273e-12
3.46037e-08
-2.1344e-12
3.46038e-08
-2.12663e-12
3.46039e-08
-2.11984e-12
3.4604e-08
-2.11402e-12
3.46042e-08
-2.10886e-12
3.46043e-08
-2.10376e-12
3.46044e-08
-2.09794e-12
3.46045e-08
-2.09092e-12
3.46046e-08
-2.08262e-12
3.46048e-08
-2.07332e-12
3.46049e-08
-2.06348e-12
3.4605e-08
-2.05352e-12
3.46051e-08
-2.04364e-12
3.46052e-08
-2.0339e-12
3.46053e-08
-2.02422e-12
3.46054e-08
-2.01446e-12
3.46055e-08
-2.00447e-12
3.46056e-08
-1.99414e-12
3.46058e-08
-1.98333e-12
3.46059e-08
-1.97192e-12
3.4606e-08
-1.95974e-12
3.46061e-08
-1.9466e-12
3.46062e-08
-1.93224e-12
3.46063e-08
-1.91632e-12
3.46063e-08
-1.89841e-12
3.46064e-08
-1.87799e-12
3.46065e-08
-1.85432e-12
3.46066e-08
-1.82655e-12
3.46067e-08
-1.79347e-12
3.46068e-08
-1.7537e-12
3.46069e-08
-1.70532e-12
3.4607e-08
-1.64609e-12
3.4607e-08
-1.57293e-12
3.46071e-08
-1.48192e-12
3.46072e-08
-1.36656e-12
3.46072e-08
-1.21487e-12
3.46073e-08
-9.99364e-13
3.46073e-08
-6.67184e-13
3.46073e-08
-1.4769e-13
3.46073e-08
4.84501e-13
3.46073e-08
1.00165e-12
3.46072e-08
1.33287e-12
3.46072e-08
1.54977e-12
3.46071e-08
1.70489e-12
3.46071e-08
1.82544e-12
3.4607e-08
1.92324e-12
3.46069e-08
2.00468e-12
3.46069e-08
2.07363e-12
3.46068e-08
2.13311e-12
3.46067e-08
2.18534e-12
3.46066e-08
2.23219e-12
3.46065e-08
2.27505e-12
3.46065e-08
2.3151e-12
3.46064e-08
2.35319e-12
3.46063e-08
2.39001e-12
3.46062e-08
2.4261e-12
3.46061e-08
2.46187e-12
3.4606e-08
2.49761e-12
3.46059e-08
2.53358e-12
3.46058e-08
2.56992e-12
3.46057e-08
2.60673e-12
3.46057e-08
2.64407e-12
3.46056e-08
2.68195e-12
3.46055e-08
2.72041e-12
3.46054e-08
2.75946e-12
3.46053e-08
2.79921e-12
3.46052e-08
2.83978e-12
3.46051e-08
2.88135e-12
3.4605e-08
2.92411e-12
3.46049e-08
2.96817e-12
3.46048e-08
3.01356e-12
3.46047e-08
3.06013e-12
3.46046e-08
3.10771e-12
3.46045e-08
3.156e-12
3.46044e-08
3.20489e-12
3.46043e-08
3.25423e-12
3.46041e-08
3.30411e-12
3.4604e-08
3.35456e-12
3.46039e-08
3.40572e-12
3.46038e-08
3.45761e-12
3.46037e-08
3.51031e-12
3.46036e-08
3.56375e-12
3.46035e-08
3.61798e-12
3.46034e-08
3.67288e-12
3.46033e-08
3.7285e-12
3.46032e-08
3.78471e-12
3.4603e-08
3.84157e-12
3.46029e-08
3.89892e-12
3.46028e-08
3.95686e-12
3.46027e-08
4.01521e-12
3.46026e-08
4.07407e-12
3.46025e-08
4.13322e-12
3.46023e-08
4.19283e-12
3.46022e-08
4.25258e-12
3.46021e-08
4.31271e-12
3.4602e-08
4.3728e-12
3.46018e-08
4.43321e-12
3.46017e-08
4.49335e-12
3.46016e-08
4.5538e-12
3.46015e-08
4.61367e-12
3.46013e-08
4.67389e-12
3.46012e-08
4.73315e-12
3.46011e-08
4.79288e-12
3.4601e-08
4.85113e-12
3.46008e-08
4.91013e-12
3.46007e-08
4.96693e-12
3.46006e-08
5.02498e-12
3.46004e-08
5.07984e-12
3.46003e-08
5.13678e-12
3.46001e-08
5.18914e-12
3.46e-08
5.24489e-12
3.45999e-08
5.29416e-12
3.45997e-08
5.34884e-12
3.45996e-08
5.39438e-12
3.45994e-08
5.44839e-12
3.45993e-08
5.48958e-12
3.45991e-08
5.54384e-12
3.4599e-08
5.58023e-12
3.45988e-08
5.63652e-12
3.45987e-08
5.66815e-12
3.45985e-08
5.72978e-12
3.45984e-08
5.75772e-12
3.45982e-08
5.83069e-12
3.4598e-08
5.85828e-12
3.45979e-08
5.95328e-12
3.45977e-08
5.98827e-12
3.45975e-08
6.12428e-12
3.45973e-08
6.18288e-12
3.45971e-08
6.39345e-12
3.45969e-08
6.50778e-12
3.45966e-08
6.85235e-12
3.45964e-08
7.08393e-12
3.45961e-08
7.66757e-12
3.45958e-08
8.13137e-12
3.45954e-08
9.13932e-12
3.45949e-08
1.00461e-11
3.45943e-08
1.18033e-11
3.45936e-08
1.3533e-11
3.45927e-08
1.66062e-11
3.45916e-08
1.98341e-11
3.45902e-08
2.52051e-11
3.45884e-08
3.11166e-11
3.4586e-08
4.0473e-11
3.45829e-08
5.11237e-11
3.45788e-08
6.73429e-11
3.45735e-08
8.62555e-11
3.45664e-08
1.14199e-10
3.45573e-08
1.4734e-10
3.45453e-08
1.95141e-10
3.45297e-08
2.52501e-10
3.45091e-08
3.3363e-10
3.44825e-08
4.31742e-10
3.44477e-08
5.68276e-10
3.44027e-08
7.34177e-10
3.43441e-08
9.6192e-10
3.42686e-08
1.23935e-09
3.41708e-08
1.6158e-09
3.40454e-08
2.07488e-09
3.38839e-08
2.69179e-09
3.36777e-08
3.4445e-09
3.34136e-08
4.44849e-09
3.30784e-08
5.67545e-09
3.26515e-08
7.30608e-09
3.21128e-08
9.31042e-09
3.14321e-08
1.19847e-08
3.05798e-08
1.5323e-08
2.95142e-08
1.98542e-08
2.81969e-08
2.56627e-08
2.65819e-08
3.3731e-08
2.46376e-08
4.4044e-08
2.23847e-08
5.78022e-08
1.99223e-08
7.19e-08
1.7929e-08
8.41541e-08
7.00823e-08
1.61165e-08
2.6783e-08
-7.14719e-08
-2.53182e-08
2.82021e-08
-8.57617e-08
3.05168e-08
-7.43842e-08
3.27291e-08
-6.01369e-08
3.47069e-08
-4.61149e-08
3.63605e-08
-3.54524e-08
3.77191e-08
-2.70748e-08
3.88166e-08
-2.09943e-08
3.96952e-08
-1.6233e-08
4.03947e-08
-1.27099e-08
4.09477e-08
-9.88065e-09
4.13844e-08
-7.7573e-09
4.17269e-08
-6.02662e-09
4.19958e-08
-4.72526e-09
4.22054e-08
-3.65822e-09
4.23692e-08
-2.85995e-09
4.24961e-08
-2.20394e-09
4.25947e-08
-1.71746e-09
4.26708e-08
-1.31697e-09
4.27296e-08
-1.02322e-09
4.27748e-08
-7.80726e-10
4.28096e-08
-6.05166e-10
4.28362e-08
-4.59545e-10
4.28566e-08
-3.55752e-10
4.28722e-08
-2.69005e-10
4.28841e-08
-2.08332e-10
4.28932e-08
-1.57042e-10
4.29001e-08
-1.21984e-10
4.29054e-08
-9.18529e-11
4.29095e-08
-7.18346e-11
4.29126e-08
-5.4219e-11
4.2915e-08
-4.29229e-11
4.29168e-08
-3.26527e-11
4.29183e-08
-2.63527e-11
4.29194e-08
-2.03645e-11
4.29203e-08
-1.68897e-11
4.2921e-08
-1.33844e-11
4.29217e-08
-1.14854e-11
4.29222e-08
-9.41444e-12
4.29226e-08
-8.38139e-12
4.2923e-08
-7.13808e-12
4.29233e-08
-6.57311e-12
4.29237e-08
-5.80813e-12
4.2924e-08
-5.49156e-12
4.29242e-08
-5.00455e-12
4.29245e-08
-4.8171e-12
4.29248e-08
-4.49334e-12
4.2925e-08
-4.3716e-12
4.29253e-08
-4.14541e-12
4.29255e-08
-4.05658e-12
4.29257e-08
-3.89024e-12
4.2926e-08
-3.81792e-12
4.29262e-08
-3.6896e-12
4.29264e-08
-3.62599e-12
4.29267e-08
-3.52286e-12
4.29269e-08
-3.46448e-12
4.29271e-08
-3.37888e-12
4.29273e-08
-3.32438e-12
4.29275e-08
-3.25161e-12
4.29278e-08
-3.20059e-12
4.2928e-08
-3.13769e-12
4.29282e-08
-3.09012e-12
4.29284e-08
-3.03517e-12
4.29286e-08
-2.99113e-12
4.29288e-08
-2.94279e-12
4.2929e-08
-2.90234e-12
4.29292e-08
-2.85967e-12
4.29294e-08
-2.82279e-12
4.29296e-08
-2.78506e-12
4.29298e-08
-2.75168e-12
4.293e-08
-2.71831e-12
4.29302e-08
-2.68829e-12
4.29304e-08
-2.65881e-12
4.29306e-08
-2.63196e-12
4.29307e-08
-2.60597e-12
4.29309e-08
-2.58209e-12
4.29311e-08
-2.55921e-12
4.29313e-08
-2.53806e-12
4.29315e-08
-2.51796e-12
4.29316e-08
-2.49928e-12
4.29318e-08
-2.48159e-12
4.2932e-08
-2.46505e-12
4.29322e-08
-2.44937e-12
4.29323e-08
-2.43455e-12
4.29325e-08
-2.42042e-12
4.29327e-08
-2.40685e-12
4.29328e-08
-2.3938e-12
4.2933e-08
-2.3811e-12
4.29331e-08
-2.3688e-12
4.29333e-08
-2.35675e-12
4.29335e-08
-2.34505e-12
4.29336e-08
-2.33354e-12
4.29338e-08
-2.32233e-12
4.29339e-08
-2.31124e-12
4.29341e-08
-2.3004e-12
4.29342e-08
-2.28969e-12
4.29343e-08
-2.27945e-12
4.29345e-08
-2.26977e-12
4.29346e-08
-2.26108e-12
4.29348e-08
-2.25334e-12
4.29349e-08
-2.24626e-12
4.2935e-08
-2.23924e-12
4.29352e-08
-2.23153e-12
4.29353e-08
-2.22266e-12
4.29354e-08
-2.21257e-12
4.29356e-08
-2.20154e-12
4.29357e-08
-2.19002e-12
4.29358e-08
-2.1784e-12
4.29359e-08
-2.1669e-12
4.2936e-08
-2.15556e-12
4.29362e-08
-2.14429e-12
4.29363e-08
-2.13296e-12
4.29364e-08
-2.12142e-12
4.29365e-08
-2.10955e-12
4.29366e-08
-2.09721e-12
4.29367e-08
-2.08428e-12
4.29369e-08
-2.07057e-12
4.2937e-08
-2.05589e-12
4.29371e-08
-2.03995e-12
4.29372e-08
-2.02241e-12
4.29373e-08
-2.00281e-12
4.29374e-08
-1.98058e-12
4.29375e-08
-1.95496e-12
4.29376e-08
-1.92502e-12
4.29377e-08
-1.88952e-12
4.29378e-08
-1.84695e-12
4.29379e-08
-1.79529e-12
4.29379e-08
-1.73217e-12
4.2938e-08
-1.65434e-12
4.29381e-08
-1.55769e-12
4.29382e-08
-1.43543e-12
4.29382e-08
-1.27529e-12
4.29383e-08
-1.04912e-12
4.29383e-08
-7.0298e-13
4.29383e-08
-1.63961e-13
4.29383e-08
4.91439e-13
4.29383e-08
1.02812e-12
4.29383e-08
1.37326e-12
4.29382e-08
1.60075e-12
4.29382e-08
1.76422e-12
4.29381e-08
1.89152e-12
4.2938e-08
1.9948e-12
4.29379e-08
2.0807e-12
4.29379e-08
2.1533e-12
4.29378e-08
2.21578e-12
4.29377e-08
2.27051e-12
4.29376e-08
2.31946e-12
4.29375e-08
2.36413e-12
4.29374e-08
2.40573e-12
4.29373e-08
2.44519e-12
4.29372e-08
2.48325e-12
4.29371e-08
2.52046e-12
4.2937e-08
2.55727e-12
4.2937e-08
2.594e-12
4.29369e-08
2.6309e-12
4.29368e-08
2.66814e-12
4.29367e-08
2.70582e-12
4.29366e-08
2.74401e-12
4.29365e-08
2.78273e-12
4.29364e-08
2.822e-12
4.29363e-08
2.86187e-12
4.29361e-08
2.90242e-12
4.2936e-08
2.94378e-12
4.29359e-08
2.98615e-12
4.29358e-08
3.0297e-12
4.29357e-08
3.07453e-12
4.29356e-08
3.1207e-12
4.29355e-08
3.16804e-12
4.29354e-08
3.2164e-12
4.29353e-08
3.26547e-12
4.29352e-08
3.31513e-12
4.29351e-08
3.36526e-12
4.2935e-08
3.4159e-12
4.29348e-08
3.46712e-12
4.29347e-08
3.51904e-12
4.29346e-08
3.57169e-12
4.29345e-08
3.62515e-12
4.29344e-08
3.67933e-12
4.29343e-08
3.73431e-12
4.29341e-08
3.78996e-12
4.2934e-08
3.84633e-12
4.29339e-08
3.90329e-12
4.29338e-08
3.96089e-12
4.29337e-08
4.019e-12
4.29335e-08
4.0777e-12
4.29334e-08
4.1368e-12
4.29333e-08
4.19644e-12
4.29332e-08
4.25637e-12
4.2933e-08
4.31676e-12
4.29329e-08
4.3773e-12
4.29328e-08
4.43824e-12
4.29327e-08
4.49915e-12
4.29325e-08
4.5604e-12
4.29324e-08
4.62138e-12
4.29323e-08
4.6827e-12
4.29321e-08
4.74345e-12
4.2932e-08
4.80458e-12
4.29319e-08
4.86474e-12
4.29317e-08
4.92544e-12
4.29316e-08
4.98464e-12
4.29315e-08
5.04466e-12
4.29313e-08
5.10245e-12
4.29312e-08
5.1616e-12
4.2931e-08
5.21751e-12
4.29309e-08
5.27563e-12
4.29307e-08
5.32909e-12
4.29306e-08
5.38615e-12
4.29305e-08
5.43658e-12
4.29303e-08
5.49271e-12
4.29301e-08
5.53947e-12
4.293e-08
5.59513e-12
4.29298e-08
5.63763e-12
4.29297e-08
5.6938e-12
4.29295e-08
5.73164e-12
4.29294e-08
5.79023e-12
4.29292e-08
5.82349e-12
4.2929e-08
5.88802e-12
4.29289e-08
5.91795e-12
4.29287e-08
5.99477e-12
4.29285e-08
6.02501e-12
4.29283e-08
6.12543e-12
4.29281e-08
6.16434e-12
4.29279e-08
6.30844e-12
4.29277e-08
6.37342e-12
4.29275e-08
6.59673e-12
4.29273e-08
6.72211e-12
4.2927e-08
7.08758e-12
4.29268e-08
7.33899e-12
4.29265e-08
7.95794e-12
4.29261e-08
8.45793e-12
4.29257e-08
9.52667e-12
4.29253e-08
1.04996e-11
4.29247e-08
1.23627e-11
4.2924e-08
1.42129e-11
4.29231e-08
1.74711e-11
4.2922e-08
2.09169e-11
4.29206e-08
2.66113e-11
4.29188e-08
3.2913e-11
4.29164e-08
4.28334e-11
4.29133e-08
5.41757e-11
4.29092e-08
7.13735e-11
4.2904e-08
9.14994e-11
4.2897e-08
1.21129e-10
4.2888e-08
1.56377e-10
4.2876e-08
2.07062e-10
4.28605e-08
2.6804e-10
4.284e-08
3.54062e-10
4.28134e-08
4.58318e-10
4.27786e-08
6.03073e-10
4.27334e-08
7.79299e-10
4.26746e-08
1.02072e-09
4.25986e-08
1.31531e-09
4.25001e-08
1.71428e-09
4.23734e-08
2.20154e-09
4.22101e-08
2.85513e-09
4.20009e-08
3.6536e-09
4.17327e-08
4.71664e-09
4.13912e-08
6.01696e-09
4.09559e-08
7.74132e-09
4.04049e-08
9.86143e-09
3.9708e-08
1.26815e-08
3.88332e-08
1.61978e-08
3.77403e-08
2.09471e-08
3.63885e-08
2.70145e-08
3.47423e-08
3.53772e-08
3.27761e-08
4.60102e-08
3.05721e-08
6.00062e-08
2.82822e-08
7.41899e-08
2.68472e-08
8.55891e-08
7.14498e-08
2.54798e-08
3.96919e-08
-7.21769e-08
-3.89869e-08
4.01361e-08
-8.62059e-08
4.19287e-08
-7.61768e-08
4.3826e-08
-6.20342e-08
4.56404e-08
-4.79293e-08
4.71849e-08
-3.6997e-08
4.84729e-08
-2.83628e-08
4.95145e-08
-2.20359e-08
5.03508e-08
-1.70693e-08
5.10143e-08
-1.33735e-08
5.15388e-08
-1.04052e-08
5.19512e-08
-8.16974e-09
5.22745e-08
-6.34987e-09
5.25271e-08
-4.97793e-09
5.27239e-08
-3.85501e-09
5.28769e-08
-3.01301e-09
5.29954e-08
-2.32249e-09
5.30871e-08
-1.80923e-09
5.31578e-08
-1.38768e-09
5.32123e-08
-1.07773e-09
5.3254e-08
-8.22515e-10
5.32861e-08
-6.37264e-10
5.33106e-08
-4.8405e-10
5.33293e-08
-3.74525e-10
5.33436e-08
-2.83289e-10
5.33545e-08
-2.19261e-10
5.33627e-08
-1.65342e-10
5.33691e-08
-1.28342e-10
5.33739e-08
-9.66829e-11
5.33775e-08
-7.55514e-11
5.33803e-08
-5.70555e-11
5.33825e-08
-4.51282e-11
5.33842e-08
-3.43544e-11
5.33855e-08
-2.77005e-11
5.33866e-08
-2.14259e-11
5.33874e-08
-1.77547e-11
5.33881e-08
-1.40872e-11
5.33886e-08
-1.20804e-11
5.33891e-08
-9.91774e-12
5.33895e-08
-8.826e-12
5.33899e-08
-7.53074e-12
5.33902e-08
-6.93398e-12
5.33906e-08
-6.1393e-12
5.33909e-08
-5.80544e-12
5.33911e-08
-5.30112e-12
5.33914e-08
-5.10408e-12
5.33916e-08
-4.76987e-12
5.33919e-08
-4.64253e-12
5.33921e-08
-4.40968e-12
5.33924e-08
-4.31724e-12
5.33926e-08
-4.14632e-12
5.33929e-08
-4.07136e-12
5.33931e-08
-3.93958e-12
5.33933e-08
-3.87374e-12
5.33936e-08
-3.76776e-12
5.33938e-08
-3.70732e-12
5.3394e-08
-3.61919e-12
5.33942e-08
-3.56266e-12
5.33945e-08
-3.48752e-12
5.33947e-08
-3.43444e-12
5.33949e-08
-3.36925e-12
5.33951e-08
-3.31958e-12
5.33953e-08
-3.26235e-12
5.33955e-08
-3.21616e-12
5.33958e-08
-3.16556e-12
5.3396e-08
-3.12291e-12
5.33962e-08
-3.07796e-12
5.33964e-08
-3.03885e-12
5.33966e-08
-2.99883e-12
5.33968e-08
-2.96318e-12
5.3397e-08
-2.92751e-12
5.33972e-08
-2.8952e-12
5.33974e-08
-2.86341e-12
5.33976e-08
-2.83426e-12
5.33978e-08
-2.80595e-12
5.3398e-08
-2.77975e-12
5.33982e-08
-2.75455e-12
5.33983e-08
-2.73108e-12
5.33985e-08
-2.70866e-12
5.33987e-08
-2.68766e-12
5.33989e-08
-2.66767e-12
5.33991e-08
-2.64882e-12
5.33992e-08
-2.63085e-12
5.33994e-08
-2.61373e-12
5.33996e-08
-2.59732e-12
5.33998e-08
-2.5815e-12
5.33999e-08
-2.56619e-12
5.34001e-08
-2.55126e-12
5.34003e-08
-2.53674e-12
5.34004e-08
-2.52248e-12
5.34006e-08
-2.50859e-12
5.34007e-08
-2.49491e-12
5.34009e-08
-2.48156e-12
5.34011e-08
-2.46835e-12
5.34012e-08
-2.45541e-12
5.34014e-08
-2.44263e-12
5.34015e-08
-2.43034e-12
5.34017e-08
-2.41862e-12
5.34018e-08
-2.40787e-12
5.3402e-08
-2.39806e-12
5.34021e-08
-2.38887e-12
5.34022e-08
-2.37975e-12
5.34024e-08
-2.36998e-12
5.34025e-08
-2.3591e-12
5.34026e-08
-2.34708e-12
5.34028e-08
-2.33419e-12
5.34029e-08
-2.32086e-12
5.3403e-08
-2.30748e-12
5.34032e-08
-2.29425e-12
5.34033e-08
-2.28119e-12
5.34034e-08
-2.26822e-12
5.34035e-08
-2.25521e-12
5.34036e-08
-2.24202e-12
5.34038e-08
-2.2285e-12
5.34039e-08
-2.21454e-12
5.3404e-08
-2.19999e-12
5.34041e-08
-2.18468e-12
5.34042e-08
-2.16838e-12
5.34043e-08
-2.15081e-12
5.34044e-08
-2.1316e-12
5.34045e-08
-2.11026e-12
5.34047e-08
-2.08621e-12
5.34048e-08
-2.05864e-12
5.34049e-08
-2.02657e-12
5.3405e-08
-1.98868e-12
5.34051e-08
-1.9434e-12
5.34051e-08
-1.88859e-12
5.34052e-08
-1.82175e-12
5.34053e-08
-1.73947e-12
5.34054e-08
-1.63745e-12
5.34055e-08
-1.50866e-12
5.34055e-08
-1.34044e-12
5.34056e-08
-1.10387e-12
5.34056e-08
-7.4351e-13
5.34057e-08
-1.83026e-13
5.34056e-08
4.98826e-13
5.34056e-08
1.05698e-12
5.34056e-08
1.41632e-12
5.34055e-08
1.65412e-12
5.34055e-08
1.82554e-12
5.34054e-08
1.95921e-12
5.34053e-08
2.06764e-12
5.34052e-08
2.15773e-12
5.34052e-08
2.23375e-12
5.34051e-08
2.29905e-12
5.3405e-08
2.35611e-12
5.34049e-08
2.40702e-12
5.34048e-08
2.45336e-12
5.34047e-08
2.49641e-12
5.34046e-08
2.53715e-12
5.34045e-08
2.57635e-12
5.34044e-08
2.61461e-12
5.34044e-08
2.65239e-12
5.34043e-08
2.69003e-12
5.34042e-08
2.72779e-12
5.34041e-08
2.76585e-12
5.3404e-08
2.80433e-12
5.34039e-08
2.8433e-12
5.34038e-08
2.88277e-12
5.34037e-08
2.92279e-12
5.34036e-08
2.96339e-12
5.34035e-08
3.00466e-12
5.34034e-08
3.04673e-12
5.34033e-08
3.0898e-12
5.34031e-08
3.13404e-12
5.3403e-08
3.17956e-12
5.34029e-08
3.2264e-12
5.34028e-08
3.2744e-12
5.34027e-08
3.32342e-12
5.34026e-08
3.37316e-12
5.34025e-08
3.42348e-12
5.34024e-08
3.47426e-12
5.34023e-08
3.52556e-12
5.34022e-08
3.57742e-12
5.34021e-08
3.62999e-12
5.34019e-08
3.68326e-12
5.34018e-08
3.73734e-12
5.34017e-08
3.79214e-12
5.34016e-08
3.84773e-12
5.34015e-08
3.90398e-12
5.34014e-08
3.96096e-12
5.34013e-08
4.01852e-12
5.34011e-08
4.07673e-12
5.3401e-08
4.13545e-12
5.34009e-08
4.19475e-12
5.34008e-08
4.25447e-12
5.34007e-08
4.31473e-12
5.34005e-08
4.37529e-12
5.34004e-08
4.43632e-12
5.34003e-08
4.49752e-12
5.34002e-08
4.55912e-12
5.34001e-08
4.62071e-12
5.33999e-08
4.68265e-12
5.33998e-08
4.74435e-12
5.33997e-08
4.8064e-12
5.33995e-08
4.86791e-12
5.33994e-08
4.92982e-12
5.33993e-08
4.99079e-12
5.33992e-08
5.05232e-12
5.3399e-08
5.11238e-12
5.33989e-08
5.17332e-12
5.33988e-08
5.23204e-12
5.33986e-08
5.29219e-12
5.33985e-08
5.3491e-12
5.33983e-08
5.40832e-12
5.33982e-08
5.46287e-12
5.33981e-08
5.52115e-12
5.33979e-08
5.57277e-12
5.33978e-08
5.63027e-12
5.33976e-08
5.67834e-12
5.33975e-08
5.73555e-12
5.33973e-08
5.77951e-12
5.33972e-08
5.83749e-12
5.3397e-08
5.87697e-12
5.33969e-08
5.93773e-12
5.33967e-08
5.9729e-12
5.33965e-08
6.04012e-12
5.33964e-08
6.07238e-12
5.33962e-08
6.1527e-12
5.3396e-08
6.18599e-12
5.33958e-08
6.29126e-12
5.33957e-08
6.33453e-12
5.33955e-08
6.48574e-12
5.33953e-08
6.55746e-12
5.33951e-08
6.79187e-12
5.33948e-08
6.92842e-12
5.33946e-08
7.312e-12
5.33943e-08
7.58281e-12
5.3394e-08
8.23236e-12
5.33937e-08
8.76689e-12
5.33933e-08
9.88852e-12
5.33929e-08
1.09237e-11
5.33923e-08
1.28793e-11
5.33917e-08
1.48417e-11
5.33909e-08
1.82628e-11
5.33899e-08
2.19104e-11
5.33886e-08
2.78916e-11
5.33869e-08
3.4554e-11
5.33847e-08
4.49778e-11
5.33819e-08
5.69597e-11
5.33782e-08
7.50367e-11
5.33734e-08
9.62863e-11
5.33671e-08
1.27441e-10
5.33588e-08
1.64644e-10
5.33478e-08
2.17955e-10
5.33336e-08
2.82301e-10
5.33148e-08
3.72801e-10
5.32903e-08
4.82801e-10
5.32582e-08
6.35126e-10
5.32164e-08
8.21041e-10
5.3162e-08
1.07513e-09
5.30914e-08
1.38589e-09
5.29998e-08
1.80584e-09
5.28815e-08
2.31979e-09
5.27288e-08
3.00774e-09
5.25326e-08
3.84979e-09
5.22808e-08
4.96845e-09
5.19586e-08
6.33905e-09
5.15477e-08
8.15219e-09
5.10254e-08
1.03838e-08
5.03645e-08
1.33423e-08
4.95323e-08
1.703e-08
4.84955e-08
2.19839e-08
4.72146e-08
2.82953e-08
4.56767e-08
3.69151e-08
4.38737e-08
4.78131e-08
4.19802e-08
6.18997e-08
4.02088e-08
7.59612e-08
3.97284e-08
8.60695e-08
7.20568e-08
3.91213e-08
5.80167e-08
-7.17311e-08
-5.84624e-08
5.70011e-08
-8.51904e-08
5.77684e-08
-7.69442e-08
5.89511e-08
-6.32168e-08
6.03088e-08
-4.92871e-08
6.15232e-08
-3.82115e-08
6.25737e-08
-2.94133e-08
6.34289e-08
-2.28912e-08
6.41214e-08
-1.77618e-08
6.46688e-08
-1.39209e-08
6.51019e-08
-1.08384e-08
6.54403e-08
-8.50821e-09
6.57055e-08
-6.61504e-09
6.59113e-08
-5.18383e-09
6.60715e-08
-4.0153e-09
6.61954e-08
-3.13686e-09
6.62912e-08
-2.4184e-09
6.63649e-08
-1.88299e-09
6.64217e-08
-1.44452e-09
6.64652e-08
-1.12124e-09
6.64985e-08
-8.55901e-10
6.65239e-08
-6.62718e-10
6.65434e-08
-5.03515e-10
6.65581e-08
-3.8932e-10
6.65694e-08
-2.94579e-10
6.65779e-08
-2.27829e-10
6.65844e-08
-1.71877e-10
6.65893e-08
-1.33304e-10
6.65931e-08
-1.00478e-10
6.65959e-08
-7.84464e-11
6.65981e-08
-5.92871e-11
6.65998e-08
-4.68491e-11
6.66011e-08
-3.57017e-11
6.66022e-08
-2.87605e-11
6.6603e-08
-2.22776e-11
6.66036e-08
-1.84461e-11
6.66042e-08
-1.46634e-11
6.66046e-08
-1.25677e-11
6.6605e-08
-1.0342e-11
6.66054e-08
-9.20114e-12
6.66057e-08
-7.8715e-12
6.6606e-08
-7.24758e-12
6.66062e-08
-6.43419e-12
6.66065e-08
-6.08517e-12
6.66067e-08
-5.57057e-12
6.6607e-08
-5.36484e-12
6.66072e-08
-5.02482e-12
6.66074e-08
-4.89223e-12
6.66077e-08
-4.65586e-12
6.66079e-08
-4.55999e-12
6.66081e-08
-4.38669e-12
6.66083e-08
-4.30921e-12
6.66085e-08
-4.17558e-12
6.66087e-08
-4.10767e-12
6.66089e-08
-4.00003e-12
6.66092e-08
-3.9377e-12
6.66094e-08
-3.84795e-12
6.66096e-08
-3.78958e-12
6.66098e-08
-3.71278e-12
6.661e-08
-3.65786e-12
6.66102e-08
-3.59094e-12
6.66104e-08
-3.53938e-12
6.66106e-08
-3.48034e-12
6.66108e-08
-3.43222e-12
6.6611e-08
-3.37971e-12
6.66112e-08
-3.33507e-12
6.66114e-08
-3.28814e-12
6.66116e-08
-3.24697e-12
6.66118e-08
-3.2049e-12
6.6612e-08
-3.16714e-12
6.66122e-08
-3.12936e-12
6.66124e-08
-3.09488e-12
6.66126e-08
-3.06093e-12
6.66127e-08
-3.02957e-12
6.66129e-08
-2.99906e-12
6.66131e-08
-2.97062e-12
6.66133e-08
-2.94318e-12
6.66135e-08
-2.91745e-12
6.66137e-08
-2.89277e-12
6.66138e-08
-2.86949e-12
6.6614e-08
-2.84722e-12
6.66142e-08
-2.82607e-12
6.66143e-08
-2.80582e-12
6.66145e-08
-2.78642e-12
6.66147e-08
-2.76773e-12
6.66148e-08
-2.74963e-12
6.6615e-08
-2.73206e-12
6.66152e-08
-2.71487e-12
6.66153e-08
-2.69811e-12
6.66155e-08
-2.68162e-12
6.66156e-08
-2.66552e-12
6.66158e-08
-2.64964e-12
6.66159e-08
-2.63412e-12
6.66161e-08
-2.61875e-12
6.66162e-08
-2.6037e-12
6.66164e-08
-2.58882e-12
6.66165e-08
-2.57446e-12
6.66166e-08
-2.56066e-12
6.66168e-08
-2.5478e-12
6.66169e-08
-2.53584e-12
6.66171e-08
-2.52448e-12
6.66172e-08
-2.51317e-12
6.66173e-08
-2.50125e-12
6.66174e-08
-2.48831e-12
6.66176e-08
-2.47432e-12
6.66177e-08
-2.45955e-12
6.66178e-08
-2.4444e-12
6.66179e-08
-2.42925e-12
6.66181e-08
-2.41427e-12
6.66182e-08
-2.39948e-12
6.66183e-08
-2.38481e-12
6.66184e-08
-2.37011e-12
6.66185e-08
-2.35525e-12
6.66186e-08
-2.34009e-12
6.66187e-08
-2.32451e-12
6.66188e-08
-2.30836e-12
6.6619e-08
-2.29146e-12
6.66191e-08
-2.27359e-12
6.66192e-08
-2.25444e-12
6.66193e-08
-2.23364e-12
6.66194e-08
-2.21068e-12
6.66195e-08
-2.18495e-12
6.66196e-08
-2.15561e-12
6.66197e-08
-2.12164e-12
6.66197e-08
-2.08168e-12
6.66198e-08
-2.03406e-12
6.66199e-08
-1.97659e-12
6.662e-08
-1.90664e-12
6.66201e-08
-1.8207e-12
6.66202e-08
-1.71427e-12
6.66202e-08
-1.58012e-12
6.66203e-08
-1.40525e-12
6.66204e-08
-1.15978e-12
6.66204e-08
-7.86433e-13
6.66204e-08
-2.04267e-13
6.66204e-08
5.05507e-13
6.66204e-08
1.08537e-12
6.66204e-08
1.45767e-12
6.66203e-08
1.7043e-12
6.66202e-08
1.88222e-12
6.66202e-08
2.02103e-12
6.66201e-08
2.13359e-12
6.662e-08
2.22703e-12
6.662e-08
2.30578e-12
6.66199e-08
2.37331e-12
6.66198e-08
2.43222e-12
6.66197e-08
2.48468e-12
6.66197e-08
2.53232e-12
6.66196e-08
2.5765e-12
6.66195e-08
2.61823e-12
6.66194e-08
2.65832e-12
6.66193e-08
2.69738e-12
6.66193e-08
2.73589e-12
6.66192e-08
2.77421e-12
6.66191e-08
2.81261e-12
6.6619e-08
2.85128e-12
6.66189e-08
2.89033e-12
6.66188e-08
2.92985e-12
6.66187e-08
2.96986e-12
6.66187e-08
3.0104e-12
6.66186e-08
3.05149e-12
6.66185e-08
3.09325e-12
6.66184e-08
3.1358e-12
6.66183e-08
3.17932e-12
6.66182e-08
3.22399e-12
6.66181e-08
3.26993e-12
6.6618e-08
3.31716e-12
6.66179e-08
3.36556e-12
6.66178e-08
3.41496e-12
6.66177e-08
3.46507e-12
6.66177e-08
3.51576e-12
6.66176e-08
3.56691e-12
6.66175e-08
3.61856e-12
6.66174e-08
3.67076e-12
6.66173e-08
3.72365e-12
6.66172e-08
3.77723e-12
6.66171e-08
3.83162e-12
6.6617e-08
3.88671e-12
6.66169e-08
3.94258e-12
6.66168e-08
3.99911e-12
6.66167e-08
4.05635e-12
6.66166e-08
4.11417e-12
6.66165e-08
4.17264e-12
6.66164e-08
4.23161e-12
6.66163e-08
4.29118e-12
6.66162e-08
4.35116e-12
6.66161e-08
4.41168e-12
6.6616e-08
4.47252e-12
6.66159e-08
4.53384e-12
6.66158e-08
4.59533e-12
6.66157e-08
4.65724e-12
6.66156e-08
4.71916e-12
6.66155e-08
4.78145e-12
6.66154e-08
4.84351e-12
6.66153e-08
4.90595e-12
6.66152e-08
4.96787e-12
6.66151e-08
5.03022e-12
6.6615e-08
5.09168e-12
6.66149e-08
5.15372e-12
6.66148e-08
5.21434e-12
6.66147e-08
5.27586e-12
6.66145e-08
5.33524e-12
6.66144e-08
5.39606e-12
6.66143e-08
5.45373e-12
6.66142e-08
5.51374e-12
6.66141e-08
5.56919e-12
6.6614e-08
5.62837e-12
6.66139e-08
5.68104e-12
6.66137e-08
5.73959e-12
6.66136e-08
5.78889e-12
6.66135e-08
5.84734e-12
6.66134e-08
5.89274e-12
6.66133e-08
5.95217e-12
6.66131e-08
5.99336e-12
6.6613e-08
6.05584e-12
6.66129e-08
6.09309e-12
6.66127e-08
6.16242e-12
6.66126e-08
6.19728e-12
6.66124e-08
6.28028e-12
6.66123e-08
6.31697e-12
6.66121e-08
6.42583e-12
6.6612e-08
6.47377e-12
6.66118e-08
6.63015e-12
6.66116e-08
6.70874e-12
6.66115e-08
6.95105e-12
6.66113e-08
7.09834e-12
6.66111e-08
7.49475e-12
6.66108e-08
7.78321e-12
6.66106e-08
8.45453e-12
6.66103e-08
9.01915e-12
6.661e-08
1.01787e-11
6.66096e-08
1.12664e-11
6.66092e-08
1.32891e-11
6.66087e-08
1.53444e-11
6.6608e-08
1.88851e-11
6.66072e-08
2.26975e-11
6.66062e-08
2.88919e-11
6.66049e-08
3.58466e-11
6.66032e-08
4.66491e-11
6.66009e-08
5.91473e-11
6.6598e-08
7.7893e-11
6.65942e-08
1.00049e-10
6.65893e-08
1.32376e-10
6.65827e-08
1.71158e-10
6.65741e-08
2.26505e-10
6.65628e-08
2.93579e-10
6.6548e-08
3.87586e-10
6.65285e-08
5.02253e-10
6.6503e-08
6.60555e-10
6.64697e-08
8.54382e-10
6.64262e-08
1.11855e-09
6.63694e-08
1.44258e-09
6.62959e-08
1.87937e-09
6.62002e-08
2.41537e-09
6.60768e-08
3.13113e-09
6.59171e-08
4.00942e-09
6.57121e-08
5.17348e-09
6.54481e-08
6.60296e-09
6.51112e-08
8.48909e-09
6.46802e-08
1.08146e-08
6.41355e-08
1.38869e-08
6.34472e-08
1.77183e-08
6.25962e-08
2.28348e-08
6.15528e-08
2.93387e-08
6.03433e-08
3.81246e-08
5.89952e-08
4.91611e-08
5.78089e-08
6.30859e-08
5.70548e-08
7.67153e-08
5.80184e-08
8.51058e-08
7.15124e-08
5.85627e-08
8.34639e-08
-6.96805e-08
-8.55145e-08
8.04442e-08
-8.21708e-08
7.95307e-08
-7.60307e-08
7.94483e-08
-6.31346e-08
7.99268e-08
-4.97657e-08
8.04908e-08
-3.87755e-08
8.10609e-08
-2.99835e-08
8.15422e-08
-2.33725e-08
8.19455e-08
-1.81652e-08
8.22629e-08
-1.42383e-08
8.2516e-08
-1.10916e-08
8.2711e-08
-8.70332e-09
8.28642e-08
-6.76822e-09
8.29812e-08
-5.30093e-09
8.30725e-08
-4.10663e-09
8.31419e-08
-3.20632e-09
8.31958e-08
-2.47235e-09
8.32365e-08
-1.92379e-09
8.3268e-08
-1.47609e-09
8.32917e-08
-1.14498e-09
8.331e-08
-8.74231e-10
8.33236e-08
-6.76425e-10
8.33342e-08
-5.14089e-10
8.3342e-08
-3.97188e-10
8.3348e-08
-3.00657e-10
8.33525e-08
-2.32334e-10
8.33559e-08
-1.75374e-10
8.33585e-08
-1.35892e-10
8.33604e-08
-1.02507e-10
8.33619e-08
-7.99526e-11
8.33631e-08
-6.04886e-11
8.33639e-08
-4.77513e-11
8.33646e-08
-3.64418e-11
8.33651e-08
-2.93297e-11
8.33656e-08
-2.27631e-11
8.33659e-08
-1.8834e-11
8.33662e-08
-1.501e-11
8.33665e-08
-1.28584e-11
8.33667e-08
-1.06137e-11
8.33669e-08
-9.44067e-12
8.33671e-08
-8.10336e-12
8.33673e-08
-7.46074e-12
8.33675e-08
-6.64515e-12
8.33676e-08
-6.28509e-12
8.33678e-08
-5.77069e-12
8.3368e-08
-5.55828e-12
8.33681e-08
-5.21932e-12
8.33683e-08
-5.08254e-12
8.33684e-08
-4.84735e-12
8.33686e-08
-4.74871e-12
8.33688e-08
-4.57636e-12
8.33689e-08
-4.4969e-12
8.33691e-08
-4.36386e-12
8.33693e-08
-4.29439e-12
8.33694e-08
-4.18698e-12
8.33696e-08
-4.1233e-12
8.33697e-08
-4.03342e-12
8.33699e-08
-3.97379e-12
8.33701e-08
-3.89655e-12
8.33702e-08
-3.84036e-12
8.33704e-08
-3.77272e-12
8.33706e-08
-3.71986e-12
8.33707e-08
-3.65986e-12
8.33709e-08
-3.61035e-12
8.3371e-08
-3.55668e-12
8.33712e-08
-3.51056e-12
8.33714e-08
-3.4623e-12
8.33715e-08
-3.41956e-12
8.33717e-08
-3.376e-12
8.33718e-08
-3.33658e-12
8.3372e-08
-3.29718e-12
8.33721e-08
-3.26096e-12
8.33723e-08
-3.22527e-12
8.33724e-08
-3.19209e-12
8.33726e-08
-3.15974e-12
8.33727e-08
-3.12941e-12
8.33729e-08
-3.10007e-12
8.3373e-08
-3.07238e-12
8.33732e-08
-3.04572e-12
8.33733e-08
-3.02044e-12
8.33735e-08
-2.99614e-12
8.33736e-08
-2.97295e-12
8.33737e-08
-2.95064e-12
8.33739e-08
-2.92917e-12
8.3374e-08
-2.90841e-12
8.33741e-08
-2.88823e-12
8.33743e-08
-2.86859e-12
8.33744e-08
-2.84934e-12
8.33745e-08
-2.83052e-12
8.33747e-08
-2.81198e-12
8.33748e-08
-2.79384e-12
8.33749e-08
-2.77593e-12
8.3375e-08
-2.7584e-12
8.33751e-08
-2.74105e-12
8.33753e-08
-2.72404e-12
8.33754e-08
-2.70723e-12
8.33755e-08
-2.69095e-12
8.33756e-08
-2.67521e-12
8.33757e-08
-2.66039e-12
8.33758e-08
-2.64639e-12
8.33759e-08
-2.63294e-12
8.3376e-08
-2.61954e-12
8.33761e-08
-2.60557e-12
8.33762e-08
-2.59067e-12
8.33763e-08
-2.57485e-12
8.33764e-08
-2.55835e-12
8.33765e-08
-2.54156e-12
8.33766e-08
-2.5248e-12
8.33767e-08
-2.50824e-12
8.33768e-08
-2.49188e-12
8.33769e-08
-2.47565e-12
8.3377e-08
-2.45942e-12
8.33771e-08
-2.44305e-12
8.33772e-08
-2.42641e-12
8.33772e-08
-2.40939e-12
8.33773e-08
-2.39182e-12
8.33774e-08
-2.37355e-12
8.33775e-08
-2.35432e-12
8.33776e-08
-2.33384e-12
8.33776e-08
-2.31173e-12
8.33777e-08
-2.28747e-12
8.33778e-08
-2.26044e-12
8.33779e-08
-2.22978e-12
8.33779e-08
-2.19446e-12
8.3378e-08
-2.15309e-12
8.33781e-08
-2.10396e-12
8.33781e-08
-2.04483e-12
8.33782e-08
-1.97303e-12
8.33783e-08
-1.88496e-12
8.33783e-08
-1.77607e-12
8.33784e-08
-1.63895e-12
8.33785e-08
-1.46031e-12
8.33785e-08
-1.20929e-12
8.33785e-08
-8.26719e-13
8.33786e-08
-2.26046e-13
8.33786e-08
5.09253e-13
8.33785e-08
1.10768e-12
8.33785e-08
1.48921e-12
8.33785e-08
1.74129e-12
8.33784e-08
1.92279e-12
8.33784e-08
2.06432e-12
8.33783e-08
2.17901e-12
8.33783e-08
2.27416e-12
8.33782e-08
2.35429e-12
8.33782e-08
2.42293e-12
8.33781e-08
2.48275e-12
8.33781e-08
2.53594e-12
8.3378e-08
2.58419e-12
8.3378e-08
2.62888e-12
8.33779e-08
2.67103e-12
8.33779e-08
2.71148e-12
8.33778e-08
2.75085e-12
8.33778e-08
2.78962e-12
8.33777e-08
2.82816e-12
8.33777e-08
2.86675e-12
8.33776e-08
2.90557e-12
8.33776e-08
2.94475e-12
8.33775e-08
2.98437e-12
8.33774e-08
3.02446e-12
8.33774e-08
3.06506e-12
8.33773e-08
3.1062e-12
8.33773e-08
3.14798e-12
8.33772e-08
3.19052e-12
8.33772e-08
3.23401e-12
8.33771e-08
3.27861e-12
8.33771e-08
3.32445e-12
8.3377e-08
3.37155e-12
8.3377e-08
3.41979e-12
8.33769e-08
3.46902e-12
8.33768e-08
3.51894e-12
8.33768e-08
3.56944e-12
8.33767e-08
3.62038e-12
8.33767e-08
3.67181e-12
8.33766e-08
3.72376e-12
8.33766e-08
3.77639e-12
8.33765e-08
3.82968e-12
8.33765e-08
3.88376e-12
8.33764e-08
3.93852e-12
8.33764e-08
3.99404e-12
8.33763e-08
4.05021e-12
8.33763e-08
4.10708e-12
8.33762e-08
4.16451e-12
8.33761e-08
4.22258e-12
8.33761e-08
4.28115e-12
8.3376e-08
4.34031e-12
8.3376e-08
4.39989e-12
8.33759e-08
4.46e-12
8.33759e-08
4.52044e-12
8.33758e-08
4.58135e-12
8.33758e-08
4.64246e-12
8.33757e-08
4.70399e-12
8.33757e-08
4.76555e-12
8.33756e-08
4.82749e-12
8.33756e-08
4.88924e-12
8.33755e-08
4.95137e-12
8.33755e-08
5.01304e-12
8.33754e-08
5.07515e-12
8.33754e-08
5.13642e-12
8.33753e-08
5.19829e-12
8.33753e-08
5.25882e-12
8.33752e-08
5.32025e-12
8.33752e-08
5.37967e-12
8.33751e-08
5.4405e-12
8.33751e-08
5.49835e-12
8.3375e-08
5.55848e-12
8.3375e-08
5.61429e-12
8.33749e-08
5.67372e-12
8.33748e-08
5.72695e-12
8.33748e-08
5.78589e-12
8.33747e-08
5.83601e-12
8.33747e-08
5.89499e-12
8.33746e-08
5.94152e-12
8.33745e-08
6.00163e-12
8.33745e-08
6.04434e-12
8.33744e-08
6.10767e-12
8.33743e-08
6.14691e-12
8.33743e-08
6.21727e-12
8.33742e-08
6.25475e-12
8.33741e-08
6.33899e-12
8.3374e-08
6.37914e-12
8.33739e-08
6.48955e-12
8.33738e-08
6.54215e-12
8.33737e-08
6.70057e-12
8.33736e-08
6.78564e-12
8.33735e-08
7.0309e-12
8.33734e-08
7.18751e-12
8.33733e-08
7.58864e-12
8.33732e-08
7.89109e-12
8.3373e-08
8.57053e-12
8.33729e-08
9.15702e-12
8.33727e-08
1.03313e-11
8.33725e-08
1.14544e-11
8.33722e-08
1.35045e-11
8.33719e-08
1.56188e-11
8.33715e-08
1.92106e-11
8.33711e-08
2.31234e-11
8.33705e-08
2.94128e-11
8.33698e-08
3.65406e-11
8.33689e-08
4.75182e-11
8.33677e-08
6.03167e-11
8.33661e-08
7.93819e-11
8.33641e-08
1.0206e-10
8.33614e-08
1.34963e-10
8.33579e-08
1.7465e-10
8.33533e-08
2.31024e-10
8.33472e-08
2.99662e-10
8.33393e-08
3.95475e-10
8.33287e-08
5.12827e-10
8.33149e-08
6.74271e-10
8.32965e-08
8.72673e-10
8.32728e-08
1.14225e-09
8.32413e-08
1.47401e-09
8.32006e-08
1.91998e-09
8.3147e-08
2.46897e-09
8.30779e-08
3.20016e-09
8.29872e-08
4.10006e-09
8.28709e-08
5.28977e-09
8.27189e-08
6.75489e-09
8.25252e-08
8.68275e-09
8.22741e-08
1.10656e-08
8.19591e-08
1.42019e-08
8.15595e-08
1.81178e-08
8.10816e-08
2.33127e-08
8.05173e-08
2.99029e-08
7.99551e-08
3.86867e-08
7.94823e-08
4.96338e-08
7.95513e-08
6.30169e-08
8.04653e-08
7.58012e-08
8.34275e-08
8.21436e-08
6.93646e-08
8.55754e-08
1.17798e-07
-6.55433e-08
-1.21935e-07
1.12236e-07
-7.66094e-08
1.08892e-07
-7.26865e-08
1.06871e-07
-6.11135e-08
1.05921e-07
-4.88163e-08
1.05412e-07
-3.82666e-08
1.05179e-07
-2.97501e-08
1.05038e-07
-2.32314e-08
1.0496e-07
-1.80877e-08
1.04899e-07
-1.41771e-08
1.04857e-07
-1.10497e-08
1.04819e-07
-8.66579e-09
1.04792e-07
-6.74043e-09
1.04766e-07
-5.27591e-09
1.04748e-07
-4.08799e-09
1.04731e-07
-3.18982e-09
1.04719e-07
-2.46017e-09
1.04708e-07
-1.91313e-09
1.047e-07
-1.46832e-09
1.04694e-07
-1.13821e-09
1.04689e-07
-8.69365e-10
1.04684e-07
-6.72188e-10
1.04681e-07
-5.11098e-10
1.04679e-07
-3.94575e-10
1.04677e-07
-2.98854e-10
1.04675e-07
-2.30746e-10
1.04674e-07
-1.7431e-10
1.04673e-07
-1.34944e-10
1.04672e-07
-1.01896e-10
1.04672e-07
-7.93977e-11
1.04671e-07
-6.01521e-11
1.04671e-07
-4.74376e-11
1.04671e-07
-3.62702e-11
1.0467e-07
-2.91637e-11
1.0467e-07
-2.26905e-11
1.0467e-07
-1.8759e-11
1.0467e-07
-1.49972e-11
1.0467e-07
-1.28401e-11
1.0467e-07
-1.06374e-11
1.0467e-07
-9.45848e-12
1.0467e-07
-8.15003e-12
1.0467e-07
-7.50218e-12
1.0467e-07
-6.70674e-12
1.0467e-07
-6.34254e-12
1.0467e-07
-5.84244e-12
1.0467e-07
-5.62701e-12
1.0467e-07
-5.29834e-12
1.0467e-07
-5.15952e-12
1.0467e-07
-4.93181e-12
1.0467e-07
-4.83187e-12
1.0467e-07
-4.665e-12
1.0467e-07
-4.58478e-12
1.0467e-07
-4.45575e-12
1.0467e-07
-4.38586e-12
1.04671e-07
-4.28135e-12
1.04671e-07
-4.21744e-12
1.04671e-07
-4.12961e-12
1.04671e-07
-4.06982e-12
1.04671e-07
-3.99397e-12
1.04671e-07
-3.93762e-12
1.04671e-07
-3.87084e-12
1.04671e-07
-3.81773e-12
1.04671e-07
-3.75816e-12
1.04671e-07
-3.70829e-12
1.04671e-07
-3.6547e-12
1.04671e-07
-3.60809e-12
1.04671e-07
-3.55958e-12
1.04672e-07
-3.51621e-12
1.04672e-07
-3.47215e-12
1.04672e-07
-3.43195e-12
1.04672e-07
-3.39183e-12
1.04672e-07
-3.35468e-12
1.04672e-07
-3.31809e-12
1.04672e-07
-3.28384e-12
1.04672e-07
-3.25042e-12
1.04672e-07
-3.2189e-12
1.04672e-07
-3.18834e-12
1.04672e-07
-3.15935e-12
1.04672e-07
-3.13136e-12
1.04672e-07
-3.10467e-12
1.04673e-07
-3.07895e-12
1.04673e-07
-3.05427e-12
1.04673e-07
-3.03046e-12
1.04673e-07
-3.00745e-12
1.04673e-07
-2.98514e-12
1.04673e-07
-2.96339e-12
1.04673e-07
-2.94218e-12
1.04673e-07
-2.92134e-12
1.04673e-07
-2.90095e-12
1.04673e-07
-2.88083e-12
1.04673e-07
-2.86113e-12
1.04673e-07
-2.84165e-12
1.04673e-07
-2.82256e-12
1.04673e-07
-2.80367e-12
1.04673e-07
-2.78515e-12
1.04673e-07
-2.76685e-12
1.04674e-07
-2.74908e-12
1.04674e-07
-2.73183e-12
1.04674e-07
-2.71543e-12
1.04674e-07
-2.69976e-12
1.04674e-07
-2.68459e-12
1.04674e-07
-2.66945e-12
1.04674e-07
-2.6538e-12
1.04674e-07
-2.63735e-12
1.04674e-07
-2.62011e-12
1.04674e-07
-2.60231e-12
1.04674e-07
-2.5843e-12
1.04674e-07
-2.56636e-12
1.04674e-07
-2.54864e-12
1.04674e-07
-2.53112e-12
1.04674e-07
-2.51375e-12
1.04674e-07
-2.49639e-12
1.04674e-07
-2.47892e-12
1.04674e-07
-2.46122e-12
1.04674e-07
-2.44317e-12
1.04674e-07
-2.42463e-12
1.04674e-07
-2.40542e-12
1.04674e-07
-2.38532e-12
1.04674e-07
-2.36403e-12
1.04674e-07
-2.34117e-12
1.04674e-07
-2.31624e-12
1.04674e-07
-2.28861e-12
1.04675e-07
-2.25745e-12
1.04675e-07
-2.22173e-12
1.04675e-07
-2.18007e-12
1.04675e-07
-2.13079e-12
1.04675e-07
-2.07167e-12
1.04675e-07
-2.00006e-12
1.04675e-07
-1.91242e-12
1.04675e-07
-1.80423e-12
1.04675e-07
-1.66804e-12
1.04675e-07
-1.49048e-12
1.04675e-07
-1.23986e-12
1.04675e-07
-8.55572e-13
1.04675e-07
-2.45256e-13
1.04675e-07
5.06336e-13
1.04675e-07
1.11452e-12
1.04675e-07
1.49779e-12
1.04675e-07
1.74939e-12
1.04675e-07
1.9296e-12
1.04675e-07
2.06986e-12
1.04675e-07
2.18344e-12
1.04675e-07
2.27765e-12
1.04675e-07
2.35698e-12
1.04675e-07
2.42492e-12
1.04675e-07
2.48411e-12
1.04675e-07
2.53672e-12
1.04675e-07
2.58443e-12
1.04675e-07
2.6286e-12
1.04675e-07
2.67023e-12
1.04675e-07
2.71017e-12
1.04675e-07
2.74901e-12
1.04675e-07
2.78724e-12
1.04675e-07
2.82522e-12
1.04675e-07
2.86322e-12
1.04675e-07
2.90143e-12
1.04675e-07
2.93997e-12
1.04675e-07
2.97893e-12
1.04675e-07
3.01832e-12
1.04675e-07
3.05819e-12
1.04675e-07
3.09858e-12
1.04675e-07
3.13959e-12
1.04675e-07
3.18131e-12
1.04675e-07
3.22394e-12
1.04675e-07
3.26763e-12
1.04675e-07
3.31249e-12
1.04675e-07
3.35857e-12
1.04675e-07
3.40573e-12
1.04675e-07
3.45384e-12
1.04675e-07
3.50262e-12
1.04675e-07
3.55197e-12
1.04675e-07
3.60173e-12
1.04675e-07
3.65197e-12
1.04675e-07
3.7027e-12
1.04675e-07
3.75407e-12
1.04675e-07
3.80607e-12
1.04675e-07
3.85882e-12
1.04675e-07
3.91222e-12
1.04675e-07
3.96635e-12
1.04675e-07
4.02109e-12
1.04675e-07
4.07651e-12
1.04675e-07
4.13247e-12
1.04675e-07
4.18905e-12
1.04675e-07
4.24611e-12
1.04675e-07
4.30375e-12
1.04675e-07
4.36179e-12
1.04675e-07
4.42036e-12
1.04675e-07
4.47925e-12
1.04675e-07
4.53861e-12
1.04676e-07
4.59818e-12
1.04676e-07
4.65817e-12
1.04676e-07
4.7182e-12
1.04676e-07
4.77862e-12
1.04676e-07
4.83889e-12
1.04676e-07
4.89953e-12
1.04676e-07
4.95977e-12
1.04676e-07
5.02044e-12
1.04676e-07
5.08038e-12
1.04676e-07
5.14088e-12
1.04676e-07
5.20019e-12
1.04676e-07
5.26034e-12
1.04676e-07
5.31867e-12
1.04676e-07
5.37832e-12
1.04676e-07
5.43527e-12
1.04676e-07
5.49433e-12
1.04676e-07
5.54946e-12
1.04676e-07
5.60795e-12
1.04676e-07
5.66077e-12
1.04676e-07
5.71889e-12
1.04676e-07
5.76893e-12
1.04677e-07
5.82719e-12
1.04677e-07
5.87406e-12
1.04677e-07
5.93353e-12
1.04677e-07
5.97707e-12
1.04677e-07
6.03977e-12
1.04677e-07
6.08044e-12
1.04677e-07
6.15009e-12
1.04677e-07
6.18972e-12
1.04677e-07
6.273e-12
1.04677e-07
6.31616e-12
1.04677e-07
6.42511e-12
1.04677e-07
6.48173e-12
1.04677e-07
6.63777e-12
1.04677e-07
6.72801e-12
1.04677e-07
6.96934e-12
1.04677e-07
7.1324e-12
1.04677e-07
7.52702e-12
1.04677e-07
7.83718e-12
1.04677e-07
8.50594e-12
1.04677e-07
9.10117e-12
1.04677e-07
1.0258e-11
1.04677e-07
1.13902e-11
1.04677e-07
1.34119e-11
1.04677e-07
1.5534e-11
1.04677e-07
1.90799e-11
1.04678e-07
2.2996e-11
1.04678e-07
2.92113e-11
1.04678e-07
3.63323e-11
1.04678e-07
4.71907e-11
1.04678e-07
5.99619e-11
1.04679e-07
7.88356e-11
1.04679e-07
1.01449e-10
1.0468e-07
1.34046e-10
1.04681e-07
1.73602e-10
1.04683e-07
2.29488e-10
1.04685e-07
2.97884e-10
1.04687e-07
3.92926e-10
1.0469e-07
5.09856e-10
1.04694e-07
6.70088e-10
1.04699e-07
8.67784e-10
1.04706e-07
1.13547e-09
1.04713e-07
1.46611e-09
1.04724e-07
1.90919e-09
1.04737e-07
2.45646e-09
1.04753e-07
3.18331e-09
1.04773e-07
4.08078e-09
1.04798e-07
5.2641e-09
1.04827e-07
6.72598e-09
1.04865e-07
8.64414e-09
1.04909e-07
1.10218e-08
1.04972e-07
1.41391e-08
1.05052e-07
1.80373e-08
1.05195e-07
2.317e-08
1.05432e-07
2.9666e-08
1.05938e-07
3.81804e-08
1.06886e-07
4.86851e-08
1.08883e-07
6.10198e-08
1.12212e-07
7.24722e-08
1.17725e-07
7.66308e-08
6.51387e-08
1.21951e-07
1.62352e-07
-5.88892e-08
-1.69006e-07
1.53836e-07
-6.80928e-08
1.47366e-07
-6.62173e-08
1.42715e-07
-5.64628e-08
1.39721e-07
-4.58221e-08
1.37647e-07
-3.6192e-08
1.36224e-07
-2.83273e-08
1.35163e-07
-2.21705e-08
1.34375e-07
-1.73001e-08
1.33758e-07
-1.35609e-08
1.33285e-07
-1.05767e-08
1.32911e-07
-8.29099e-09
1.32621e-07
-6.45124e-09
1.32392e-07
-5.047e-09
1.32216e-07
-3.91207e-09
1.32077e-07
-3.05114e-09
1.31971e-07
-2.35425e-09
1.31888e-07
-1.82994e-09
1.31825e-07
-1.40521e-09
1.31775e-07
-1.08876e-09
1.31738e-07
-8.32106e-10
1.31709e-07
-6.43031e-10
1.31687e-07
-4.89285e-10
1.3167e-07
-3.775e-10
1.31657e-07
-2.86176e-10
1.31647e-07
-2.20797e-10
1.3164e-07
-1.66979e-10
1.31634e-07
-1.2916e-10
1.31629e-07
-9.76653e-11
1.31626e-07
-7.60286e-11
1.31623e-07
-5.77035e-11
1.31621e-07
-4.54598e-11
1.3162e-07
-3.48391e-11
1.31619e-07
-2.79838e-11
1.31618e-07
-2.18372e-11
1.31617e-07
-1.80361e-11
1.31616e-07
-1.44713e-11
1.31616e-07
-1.23798e-11
1.31615e-07
-1.02978e-11
1.31615e-07
-9.15047e-12
1.31615e-07
-7.91749e-12
1.31615e-07
-7.28418e-12
1.31614e-07
-6.53715e-12
1.31614e-07
-6.17939e-12
1.31614e-07
-5.71128e-12
1.31614e-07
-5.49877e-12
1.31614e-07
-5.19195e-12
1.31613e-07
-5.05477e-12
1.31613e-07
-4.84249e-12
1.31613e-07
-4.74389e-12
1.31613e-07
-4.58825e-12
1.31613e-07
-4.50943e-12
1.31613e-07
-4.38881e-12
1.31613e-07
-4.32046e-12
1.31613e-07
-4.22238e-12
1.31613e-07
-4.16011e-12
1.31612e-07
-4.07728e-12
1.31612e-07
-4.01915e-12
1.31612e-07
-3.94723e-12
1.31612e-07
-3.89247e-12
1.31612e-07
-3.82878e-12
1.31612e-07
-3.77714e-12
1.31612e-07
-3.72e-12
1.31612e-07
-3.67141e-12
1.31612e-07
-3.6197e-12
1.31612e-07
-3.57416e-12
1.31612e-07
-3.52708e-12
1.31612e-07
-3.48454e-12
1.31612e-07
-3.44153e-12
1.31612e-07
-3.40193e-12
1.31612e-07
-3.36252e-12
1.31611e-07
-3.32575e-12
1.31611e-07
-3.28957e-12
1.31611e-07
-3.25549e-12
1.31611e-07
-3.22223e-12
1.31611e-07
-3.19068e-12
1.31611e-07
-3.16006e-12
1.31611e-07
-3.13085e-12
1.31611e-07
-3.10262e-12
1.31611e-07
-3.07555e-12
1.31611e-07
-3.04941e-12
1.31611e-07
-3.02423e-12
1.31611e-07
-2.99988e-12
1.31611e-07
-2.97625e-12
1.31611e-07
-2.95331e-12
1.31611e-07
-2.93089e-12
1.31611e-07
-2.909e-12
1.31611e-07
-2.88746e-12
1.31611e-07
-2.86637e-12
1.31611e-07
-2.84553e-12
1.31611e-07
-2.82511e-12
1.31611e-07
-2.8049e-12
1.31611e-07
-2.7851e-12
1.31611e-07
-2.7655e-12
1.3161e-07
-2.74628e-12
1.3161e-07
-2.72728e-12
1.3161e-07
-2.70881e-12
1.3161e-07
-2.6908e-12
1.3161e-07
-2.67355e-12
1.3161e-07
-2.65695e-12
1.3161e-07
-2.64077e-12
1.3161e-07
-2.62463e-12
1.3161e-07
-2.60805e-12
1.3161e-07
-2.59081e-12
1.3161e-07
-2.57292e-12
1.3161e-07
-2.5546e-12
1.3161e-07
-2.53615e-12
1.3161e-07
-2.5178e-12
1.3161e-07
-2.49966e-12
1.3161e-07
-2.48173e-12
1.3161e-07
-2.46395e-12
1.3161e-07
-2.44619e-12
1.3161e-07
-2.42836e-12
1.3161e-07
-2.41033e-12
1.3161e-07
-2.39201e-12
1.31609e-07
-2.37325e-12
1.31609e-07
-2.3539e-12
1.31609e-07
-2.33374e-12
1.31609e-07
-2.31248e-12
1.31609e-07
-2.28979e-12
1.31609e-07
-2.26516e-12
1.31609e-07
-2.23803e-12
1.31609e-07
-2.2076e-12
1.31609e-07
-2.1729e-12
1.31609e-07
-2.13261e-12
1.31609e-07
-2.08517e-12
1.31609e-07
-2.02847e-12
1.31609e-07
-1.96e-12
1.31609e-07
-1.87642e-12
1.31609e-07
-1.77344e-12
1.31609e-07
-1.64382e-12
1.31609e-07
-1.47442e-12
1.31609e-07
-1.23337e-12
1.31609e-07
-8.59961e-13
1.31609e-07
-2.57103e-13
1.31609e-07
4.91324e-13
1.31609e-07
1.09222e-12
1.31609e-07
1.46471e-12
1.31609e-07
1.70664e-12
1.31609e-07
1.87844e-12
1.31609e-07
2.01173e-12
1.31609e-07
2.11956e-12
1.31609e-07
2.20905e-12
1.31609e-07
2.28448e-12
1.31609e-07
2.34913e-12
1.31609e-07
2.40549e-12
1.31609e-07
2.45564e-12
1.3161e-07
2.50114e-12
1.3161e-07
2.54327e-12
1.3161e-07
2.583e-12
1.3161e-07
2.62112e-12
1.3161e-07
2.65819e-12
1.3161e-07
2.69467e-12
1.3161e-07
2.7309e-12
1.3161e-07
2.76714e-12
1.3161e-07
2.80357e-12
1.3161e-07
2.84029e-12
1.3161e-07
2.87739e-12
1.31611e-07
2.91489e-12
1.31611e-07
2.95284e-12
1.31611e-07
2.99128e-12
1.31611e-07
3.03028e-12
1.31611e-07
3.06996e-12
1.31611e-07
3.11047e-12
1.31611e-07
3.15195e-12
1.31611e-07
3.19451e-12
1.31611e-07
3.23817e-12
1.31612e-07
3.28284e-12
1.31612e-07
3.3284e-12
1.31612e-07
3.37459e-12
1.31612e-07
3.42133e-12
1.31612e-07
3.46844e-12
1.31612e-07
3.51601e-12
1.31612e-07
3.56403e-12
1.31612e-07
3.61264e-12
1.31613e-07
3.66181e-12
1.31613e-07
3.71168e-12
1.31613e-07
3.76215e-12
1.31613e-07
3.8133e-12
1.31613e-07
3.86501e-12
1.31613e-07
3.91736e-12
1.31614e-07
3.97021e-12
1.31614e-07
4.02364e-12
1.31614e-07
4.07751e-12
1.31614e-07
4.13193e-12
1.31614e-07
4.18673e-12
1.31614e-07
4.24202e-12
1.31615e-07
4.29763e-12
1.31615e-07
4.35369e-12
1.31615e-07
4.40995e-12
1.31615e-07
4.46661e-12
1.31615e-07
4.52333e-12
1.31615e-07
4.58042e-12
1.31616e-07
4.6374e-12
1.31616e-07
4.69473e-12
1.31616e-07
4.75174e-12
1.31616e-07
4.80914e-12
1.31616e-07
4.86592e-12
1.31617e-07
4.92322e-12
1.31617e-07
4.97949e-12
1.31617e-07
5.03651e-12
1.31617e-07
5.09196e-12
1.31618e-07
5.14859e-12
1.31618e-07
5.20287e-12
1.31618e-07
5.259e-12
1.31618e-07
5.31173e-12
1.31618e-07
5.3674e-12
1.31619e-07
5.41815e-12
1.31619e-07
5.47354e-12
1.31619e-07
5.52193e-12
1.31619e-07
5.57752e-12
1.3162e-07
5.62323e-12
1.3162e-07
5.68001e-12
1.3162e-07
5.723e-12
1.3162e-07
5.78285e-12
1.3162e-07
5.82368e-12
1.31621e-07
5.89008e-12
1.31621e-07
5.93065e-12
1.31621e-07
6.00988e-12
1.31621e-07
6.05477e-12
1.31622e-07
6.15816e-12
1.31622e-07
6.21716e-12
1.31622e-07
6.36498e-12
1.31622e-07
6.45775e-12
1.31623e-07
6.68619e-12
1.31623e-07
6.85076e-12
1.31623e-07
7.22441e-12
1.31623e-07
7.53258e-12
1.31624e-07
8.1664e-12
1.31624e-07
8.75118e-12
1.31624e-07
9.84893e-12
1.31625e-07
1.09527e-11
1.31625e-07
1.28735e-11
1.31626e-07
1.49316e-11
1.31626e-07
1.83043e-11
1.31627e-07
2.20889e-11
1.31628e-07
2.80063e-11
1.3163e-07
3.4871e-11
1.31632e-07
4.52172e-11
1.31634e-07
5.7507e-11
1.31637e-07
7.55016e-11
1.31642e-07
9.7234e-11
1.31647e-07
1.28327e-10
1.31654e-07
1.66307e-10
1.31664e-07
2.19634e-10
1.31677e-07
2.85254e-10
1.31694e-07
3.75966e-10
1.31715e-07
4.88086e-10
1.31744e-07
6.41046e-10
1.31781e-07
8.30525e-10
1.31831e-07
1.0861e-09
1.31894e-07
1.4029e-09
1.31977e-07
1.82598e-09
1.32083e-07
2.35027e-09
1.32222e-07
3.04447e-09
1.32398e-07
3.90437e-09
1.32627e-07
5.03488e-09
1.32917e-07
6.43603e-09
1.33292e-07
8.26892e-09
1.33766e-07
1.05478e-08
1.34383e-07
1.35226e-08
1.35171e-07
1.72485e-08
1.36231e-07
2.21103e-08
1.37653e-07
2.82435e-08
1.39719e-07
3.61144e-08
1.42704e-07
4.57002e-08
1.47322e-07
5.64019e-08
1.5376e-07
6.60336e-08
1.62249e-07
6.81419e-08
5.84198e-08
1.68968e-07
2.17086e-07
-4.94835e-08
-2.26492e-07
2.05501e-07
-5.65085e-08
1.95514e-07
-5.62296e-08
1.87729e-07
-4.86781e-08
1.82143e-07
-4.02367e-08
1.78029e-07
-3.20777e-08
1.75023e-07
-2.53212e-08
1.72732e-07
-1.98804e-08
1.70993e-07
-1.55608e-08
1.69636e-07
-1.22038e-08
1.68589e-07
-9.52971e-09
1.67767e-07
-7.46928e-09
1.67132e-07
-5.81648e-09
1.66635e-07
-4.54973e-09
1.66252e-07
-3.52947e-09
1.65953e-07
-2.75251e-09
1.65724e-07
-2.12574e-09
1.65547e-07
-1.6522e-09
1.65411e-07
-1.26998e-09
1.65306e-07
-9.83861e-10
1.65227e-07
-7.52753e-10
1.65165e-07
-5.81582e-10
1.65119e-07
-4.43066e-10
1.65083e-07
-3.41722e-10
1.65056e-07
-2.59412e-10
1.65035e-07
-2.00048e-10
1.6502e-07
-1.51532e-10
1.65008e-07
-1.17131e-10
1.64999e-07
-8.87416e-11
1.64992e-07
-6.90207e-11
1.64986e-07
-5.25085e-11
1.64982e-07
-4.13224e-11
1.64979e-07
-3.17601e-11
1.64976e-07
-2.54793e-11
1.64974e-07
-1.99524e-11
1.64973e-07
-1.64579e-11
1.64971e-07
-1.32587e-11
1.6497e-07
-1.13277e-11
1.64969e-07
-9.46404e-12
1.64969e-07
-8.39924e-12
1.64968e-07
-7.29914e-12
1.64967e-07
-6.70781e-12
1.64967e-07
-6.04374e-12
1.64966e-07
-5.70752e-12
1.64966e-07
-5.29292e-12
1.64965e-07
-5.09211e-12
1.64965e-07
-4.82115e-12
1.64964e-07
-4.69119e-12
1.64964e-07
-4.50398e-12
1.64964e-07
-4.41075e-12
1.64963e-07
-4.2734e-12
1.64963e-07
-4.19926e-12
1.64962e-07
-4.09249e-12
1.64962e-07
-4.02861e-12
1.64962e-07
-3.9414e-12
1.64961e-07
-3.8835e-12
1.64961e-07
-3.80943e-12
1.64961e-07
-3.75556e-12
1.64961e-07
-3.69086e-12
1.6496e-07
-3.64019e-12
1.6496e-07
-3.58254e-12
1.6496e-07
-3.53476e-12
1.64959e-07
-3.48273e-12
1.64959e-07
-3.43772e-12
1.64959e-07
-3.39035e-12
1.64959e-07
-3.34806e-12
1.64958e-07
-3.30469e-12
1.64958e-07
-3.26508e-12
1.64958e-07
-3.22522e-12
1.64958e-07
-3.18821e-12
1.64957e-07
-3.15149e-12
1.64957e-07
-3.11698e-12
1.64957e-07
-3.08307e-12
1.64957e-07
-3.05094e-12
1.64956e-07
-3.01959e-12
1.64956e-07
-2.98969e-12
1.64956e-07
-2.96067e-12
1.64956e-07
-2.93284e-12
1.64956e-07
-2.90591e-12
1.64955e-07
-2.87999e-12
1.64955e-07
-2.85492e-12
1.64955e-07
-2.83067e-12
1.64955e-07
-2.80718e-12
1.64955e-07
-2.78433e-12
1.64954e-07
-2.76213e-12
1.64954e-07
-2.74037e-12
1.64954e-07
-2.71914e-12
1.64954e-07
-2.69821e-12
1.64954e-07
-2.67773e-12
1.64953e-07
-2.65746e-12
1.64953e-07
-2.63762e-12
1.64953e-07
-2.61796e-12
1.64953e-07
-2.59872e-12
1.64953e-07
-2.57965e-12
1.64952e-07
-2.56097e-12
1.64952e-07
-2.54246e-12
1.64952e-07
-2.52446e-12
1.64952e-07
-2.50681e-12
1.64952e-07
-2.48986e-12
1.64951e-07
-2.47344e-12
1.64951e-07
-2.4574e-12
1.64951e-07
-2.44142e-12
1.64951e-07
-2.42511e-12
1.64951e-07
-2.40828e-12
1.64951e-07
-2.39095e-12
1.6495e-07
-2.37329e-12
1.6495e-07
-2.35555e-12
1.6495e-07
-2.33792e-12
1.6495e-07
-2.32049e-12
1.6495e-07
-2.30327e-12
1.64949e-07
-2.28617e-12
1.64949e-07
-2.26914e-12
1.64949e-07
-2.25203e-12
1.64949e-07
-2.2348e-12
1.64949e-07
-2.21731e-12
1.64949e-07
-2.19947e-12
1.64948e-07
-2.18111e-12
1.64948e-07
-2.16207e-12
1.64948e-07
-2.14206e-12
1.64948e-07
-2.12082e-12
1.64948e-07
-2.09788e-12
1.64948e-07
-2.07275e-12
1.64947e-07
-2.04471e-12
1.64947e-07
-2.01293e-12
1.64947e-07
-1.9762e-12
1.64947e-07
-1.93318e-12
1.64947e-07
-1.88197e-12
1.64947e-07
-1.82042e-12
1.64946e-07
-1.74552e-12
1.64946e-07
-1.65351e-12
1.64946e-07
-1.5377e-12
1.64946e-07
-1.38581e-12
1.64946e-07
-1.1671e-12
1.64946e-07
-8.23225e-13
1.64946e-07
-2.55328e-13
1.64946e-07
4.57236e-13
1.64946e-07
1.02344e-12
1.64946e-07
1.36654e-12
1.64946e-07
1.58604e-12
1.64946e-07
1.74e-12
1.64947e-07
1.85898e-12
1.64947e-07
1.95517e-12
1.64947e-07
2.03515e-12
1.64947e-07
2.1027e-12
1.64947e-07
2.16074e-12
1.64948e-07
2.21144e-12
1.64948e-07
2.25664e-12
1.64948e-07
2.29771e-12
1.64948e-07
2.33581e-12
1.64948e-07
2.37177e-12
1.64949e-07
2.4063e-12
1.64949e-07
2.43989e-12
1.64949e-07
2.47296e-12
1.64949e-07
2.5058e-12
1.64949e-07
2.53865e-12
1.6495e-07
2.57165e-12
1.6495e-07
2.60491e-12
1.6495e-07
2.6385e-12
1.6495e-07
2.67246e-12
1.64951e-07
2.70681e-12
1.64951e-07
2.74161e-12
1.64951e-07
2.77691e-12
1.64951e-07
2.81281e-12
1.64952e-07
2.84944e-12
1.64952e-07
2.88691e-12
1.64952e-07
2.92531e-12
1.64952e-07
2.96466e-12
1.64953e-07
3.00488e-12
1.64953e-07
3.04588e-12
1.64953e-07
3.08744e-12
1.64954e-07
3.12951e-12
1.64954e-07
3.17193e-12
1.64954e-07
3.21476e-12
1.64955e-07
3.25799e-12
1.64955e-07
3.30173e-12
1.64955e-07
3.34597e-12
1.64955e-07
3.39082e-12
1.64956e-07
3.43618e-12
1.64956e-07
3.48214e-12
1.64956e-07
3.5286e-12
1.64957e-07
3.57561e-12
1.64957e-07
3.62307e-12
1.64957e-07
3.67104e-12
1.64958e-07
3.7194e-12
1.64958e-07
3.76824e-12
1.64959e-07
3.81742e-12
1.64959e-07
3.86705e-12
1.64959e-07
3.91695e-12
1.6496e-07
3.96725e-12
1.6496e-07
4.01773e-12
1.6496e-07
4.06858e-12
1.64961e-07
4.11949e-12
1.64961e-07
4.17073e-12
1.64962e-07
4.2219e-12
1.64962e-07
4.27337e-12
1.64962e-07
4.32459e-12
1.64963e-07
4.37615e-12
1.64963e-07
4.42722e-12
1.64964e-07
4.47871e-12
1.64964e-07
4.52938e-12
1.64965e-07
4.58066e-12
1.64965e-07
4.63068e-12
1.64966e-07
4.68164e-12
1.64966e-07
4.73071e-12
1.64966e-07
4.78128e-12
1.64967e-07
4.82909e-12
1.64967e-07
4.87928e-12
1.64968e-07
4.92551e-12
1.64968e-07
4.97548e-12
1.64969e-07
5.01982e-12
1.64969e-07
5.06999e-12
1.6497e-07
5.11223e-12
1.6497e-07
5.16345e-12
1.64971e-07
5.20366e-12
1.64971e-07
5.2576e-12
1.64972e-07
5.29642e-12
1.64972e-07
5.35614e-12
1.64973e-07
5.39548e-12
1.64973e-07
5.46657e-12
1.64974e-07
5.51083e-12
1.64974e-07
5.60339e-12
1.64975e-07
5.6618e-12
1.64975e-07
5.79398e-12
1.64976e-07
5.88485e-12
1.64976e-07
6.08917e-12
1.64977e-07
6.24766e-12
1.64977e-07
6.58228e-12
1.64978e-07
6.87445e-12
1.64979e-07
7.44305e-12
1.64979e-07
7.99078e-12
1.6498e-07
8.97729e-12
1.64981e-07
1.0002e-11
1.64982e-07
1.17308e-11
1.64983e-07
1.36295e-11
1.64985e-07
1.66686e-11
1.64987e-07
2.0144e-11
1.64989e-07
2.54803e-11
1.64992e-07
3.17622e-11
1.64996e-07
4.10969e-11
1.65002e-07
5.23126e-11
1.65008e-07
6.85511e-11
1.65017e-07
8.83403e-11
1.65029e-07
1.16397e-10
1.65044e-07
1.50916e-10
1.65065e-07
1.99023e-10
1.65091e-07
2.58565e-10
1.65127e-07
3.4036e-10
1.65173e-07
4.41942e-10
1.65234e-07
5.79784e-10
1.65313e-07
7.51218e-10
1.65418e-07
9.81373e-10
1.65553e-07
1.26764e-09
1.65731e-07
1.64838e-09
1.65959e-07
2.12166e-09
1.66258e-07
2.74597e-09
1.6664e-07
3.52163e-09
1.67137e-07
4.53787e-09
1.67772e-07
5.80123e-09
1.68593e-07
7.4479e-09
1.69639e-07
9.50116e-09
1.70994e-07
1.21674e-08
1.72732e-07
1.55109e-08
1.75017e-07
1.98253e-08
1.78017e-07
2.52431e-08
1.82117e-07
3.20142e-08
1.87684e-07
4.01332e-08
1.95433e-07
4.86526e-08
2.05379e-07
5.6087e-08
2.1696e-07
5.65608e-08
4.89953e-08
2.26385e-07
2.78831e-07
-3.74764e-08
-2.90838e-07
2.64549e-07
-4.22269e-08
2.51221e-07
-4.29014e-08
2.40243e-07
-3.77004e-08
2.31799e-07
-3.17925e-08
2.25335e-07
-2.56135e-08
2.2044e-07
-2.04269e-08
2.16664e-07
-1.61047e-08
2.13763e-07
-1.266e-08
2.11501e-07
-9.94162e-09
2.09751e-07
-7.78012e-09
2.08383e-07
-6.1014e-09
2.07326e-07
-4.75927e-09
2.06501e-07
-3.72469e-09
2.05865e-07
-2.89427e-09
2.05371e-07
-2.25838e-09
2.04992e-07
-1.74717e-09
2.04699e-07
-1.35865e-09
2.04475e-07
-1.04625e-09
2.04302e-07
-8.10856e-10
2.0417e-07
-6.21576e-10
2.04069e-07
-4.80339e-10
2.03992e-07
-3.66684e-10
2.03933e-07
-2.82811e-10
2.03889e-07
-2.15171e-10
2.03855e-07
-1.65886e-10
2.03829e-07
-1.25969e-10
2.03809e-07
-9.73139e-11
2.03794e-07
-7.3938e-11
2.03782e-07
-5.74518e-11
2.03774e-07
-4.3852e-11
2.03767e-07
-3.44633e-11
2.03761e-07
-2.65903e-11
2.03757e-07
-2.12945e-11
2.03754e-07
-1.67491e-11
2.03751e-07
-1.37868e-11
2.03749e-07
-1.11608e-11
2.03747e-07
-9.51343e-12
2.03745e-07
-7.98815e-12
2.03744e-07
-7.0729e-12
2.03743e-07
-6.17599e-12
2.03742e-07
-5.66332e-12
2.03741e-07
-5.12433e-12
2.0374e-07
-4.83021e-12
2.03739e-07
-4.49522e-12
2.03738e-07
-4.31822e-12
2.03737e-07
-4.10008e-12
2.03736e-07
-3.98514e-12
2.03736e-07
-3.83466e-12
2.03735e-07
-3.75239e-12
2.03734e-07
-3.64185e-12
2.03734e-07
-3.5769e-12
2.03733e-07
-3.49062e-12
2.03732e-07
-3.43515e-12
2.03732e-07
-3.36425e-12
2.03731e-07
-3.31435e-12
2.0373e-07
-3.25371e-12
2.0373e-07
-3.20754e-12
2.03729e-07
-3.15418e-12
2.03729e-07
-3.11088e-12
2.03728e-07
-3.063e-12
2.03727e-07
-3.02223e-12
2.03727e-07
-2.97871e-12
2.03726e-07
-2.94029e-12
2.03726e-07
-2.90043e-12
2.03725e-07
-2.86428e-12
2.03725e-07
-2.82757e-12
2.03724e-07
-2.79363e-12
2.03724e-07
-2.7597e-12
2.03723e-07
-2.72789e-12
2.03723e-07
-2.69646e-12
2.03722e-07
-2.6667e-12
2.03722e-07
-2.63753e-12
2.03721e-07
-2.60971e-12
2.03721e-07
-2.58261e-12
2.0372e-07
-2.55661e-12
2.0372e-07
-2.53139e-12
2.0372e-07
-2.5071e-12
2.03719e-07
-2.48358e-12
2.03719e-07
-2.46084e-12
2.03718e-07
-2.43885e-12
2.03718e-07
-2.41748e-12
2.03717e-07
-2.3968e-12
2.03717e-07
-2.37661e-12
2.03717e-07
-2.35699e-12
2.03716e-07
-2.33774e-12
2.03716e-07
-2.31898e-12
2.03715e-07
-2.30046e-12
2.03715e-07
-2.28238e-12
2.03714e-07
-2.26446e-12
2.03714e-07
-2.24696e-12
2.03714e-07
-2.2296e-12
2.03713e-07
-2.21264e-12
2.03713e-07
-2.1958e-12
2.03713e-07
-2.17933e-12
2.03712e-07
-2.16295e-12
2.03712e-07
-2.147e-12
2.03711e-07
-2.13129e-12
2.03711e-07
-2.11618e-12
2.03711e-07
-2.1015e-12
2.0371e-07
-2.0872e-12
2.0371e-07
-2.07303e-12
2.03709e-07
-2.05863e-12
2.03709e-07
-2.04388e-12
2.03709e-07
-2.02873e-12
2.03708e-07
-2.01334e-12
2.03708e-07
-1.99787e-12
2.03708e-07
-1.98251e-12
2.03707e-07
-1.9673e-12
2.03707e-07
-1.95229e-12
2.03707e-07
-1.93739e-12
2.03706e-07
-1.92257e-12
2.03706e-07
-1.9077e-12
2.03706e-07
-1.89276e-12
2.03705e-07
-1.87759e-12
2.03705e-07
-1.86219e-12
2.03705e-07
-1.84635e-12
2.03704e-07
-1.82999e-12
2.03704e-07
-1.81285e-12
2.03704e-07
-1.79475e-12
2.03703e-07
-1.77527e-12
2.03703e-07
-1.75406e-12
2.03703e-07
-1.7305e-12
2.03702e-07
-1.70396e-12
2.03702e-07
-1.67345e-12
2.03702e-07
-1.63793e-12
2.03701e-07
-1.59586e-12
2.03701e-07
-1.54559e-12
2.03701e-07
-1.48472e-12
2.03701e-07
-1.41028e-12
2.037e-07
-1.3167e-12
2.037e-07
-1.19359e-12
2.037e-07
-1.01366e-12
2.037e-07
-7.24685e-13
2.037e-07
-2.31979e-13
2.037e-07
3.95071e-13
2.037e-07
8.86438e-13
2.037e-07
1.17484e-12
2.03701e-07
1.35544e-12
2.03701e-07
1.48023e-12
2.03701e-07
1.57634e-12
2.03701e-07
1.65411e-12
2.03702e-07
1.71904e-12
2.03702e-07
1.77408e-12
2.03702e-07
1.82158e-12
2.03703e-07
1.86322e-12
2.03703e-07
1.90047e-12
2.03703e-07
1.9344e-12
2.03704e-07
1.96596e-12
2.03704e-07
1.99578e-12
2.03705e-07
2.02448e-12
2.03705e-07
2.0524e-12
2.03705e-07
2.07992e-12
2.03706e-07
2.10724e-12
2.03706e-07
2.13457e-12
2.03707e-07
2.16201e-12
2.03707e-07
2.18968e-12
2.03707e-07
2.2176e-12
2.03708e-07
2.24584e-12
2.03708e-07
2.2744e-12
2.03709e-07
2.30335e-12
2.03709e-07
2.33272e-12
2.0371e-07
2.36259e-12
2.0371e-07
2.39304e-12
2.03711e-07
2.42415e-12
2.03711e-07
2.45597e-12
2.03711e-07
2.48851e-12
2.03712e-07
2.52172e-12
2.03712e-07
2.55556e-12
2.03713e-07
2.58985e-12
2.03713e-07
2.62459e-12
2.03714e-07
2.65963e-12
2.03714e-07
2.69505e-12
2.03715e-07
2.73077e-12
2.03716e-07
2.76693e-12
2.03716e-07
2.80346e-12
2.03717e-07
2.84049e-12
2.03717e-07
2.87792e-12
2.03718e-07
2.91584e-12
2.03718e-07
2.95413e-12
2.03719e-07
2.99289e-12
2.03719e-07
3.03198e-12
2.0372e-07
3.0715e-12
2.03721e-07
3.11132e-12
2.03721e-07
3.15154e-12
2.03722e-07
3.19201e-12
2.03722e-07
3.23285e-12
2.03723e-07
3.27389e-12
2.03724e-07
3.31526e-12
2.03724e-07
3.35677e-12
2.03725e-07
3.39857e-12
2.03726e-07
3.44043e-12
2.03726e-07
3.48253e-12
2.03727e-07
3.5246e-12
2.03728e-07
3.56689e-12
2.03729e-07
3.60901e-12
2.03729e-07
3.65137e-12
2.0373e-07
3.69337e-12
2.03731e-07
3.73567e-12
2.03731e-07
3.77738e-12
2.03732e-07
3.81952e-12
2.03733e-07
3.86073e-12
2.03734e-07
3.9026e-12
2.03734e-07
3.94312e-12
2.03735e-07
3.98466e-12
2.03736e-07
4.02424e-12
2.03737e-07
4.06546e-12
2.03738e-07
4.10388e-12
2.03738e-07
4.14489e-12
2.03739e-07
4.18196e-12
2.0374e-07
4.22309e-12
2.03741e-07
4.25871e-12
2.03742e-07
4.30063e-12
2.03742e-07
4.33497e-12
2.03743e-07
4.37899e-12
2.03744e-07
4.41274e-12
2.03745e-07
4.46133e-12
2.03746e-07
4.49629e-12
2.03747e-07
4.55397e-12
2.03748e-07
4.5941e-12
2.03748e-07
4.66912e-12
2.03749e-07
4.7225e-12
2.0375e-07
4.82972e-12
2.03751e-07
4.91218e-12
2.03752e-07
5.07837e-12
2.03753e-07
5.21999e-12
2.03754e-07
5.49314e-12
2.03755e-07
5.75e-12
2.03756e-07
6.2158e-12
2.03758e-07
6.69083e-12
2.03759e-07
7.50141e-12
2.0376e-07
8.38074e-12
2.03762e-07
9.8044e-12
2.03764e-07
1.14204e-11
2.03767e-07
1.39268e-11
2.0377e-07
1.6866e-11
2.03774e-07
2.12703e-11
2.03779e-07
2.65558e-11
2.03786e-07
3.42614e-11
2.03795e-07
4.36581e-11
2.03806e-07
5.70579e-11
2.03821e-07
7.35763e-11
2.0384e-07
9.67102e-11
2.03866e-07
1.25428e-10
2.039e-07
1.65046e-10
2.03944e-07
2.14427e-10
2.04002e-07
2.81689e-10
2.04078e-07
3.65683e-10
2.04179e-07
4.78829e-10
2.0431e-07
6.20168e-10
2.04483e-07
8.08705e-10
2.04706e-07
1.04405e-09
2.04999e-07
1.35526e-09
2.05377e-07
1.74329e-09
2.05871e-07
2.2525e-09
2.06505e-07
2.88691e-09
2.07329e-07
3.71405e-09
2.08385e-07
4.7452e-09
2.0975e-07
6.08243e-09
2.11497e-07
7.75425e-09
2.13754e-07
9.90992e-09
2.16649e-07
1.26158e-08
2.20415e-07
1.60588e-08
2.25298e-07
2.03607e-08
2.31744e-07
2.55679e-08
2.40163e-07
3.17138e-08
2.51112e-07
3.77036e-08
2.64395e-07
4.28031e-08
2.78689e-07
4.22671e-08
3.70358e-08
2.90648e-07
2.74419e-07
-2.60921e-08
-2.85803e-07
2.61258e-07
-2.9066e-08
2.48361e-07
-3.00047e-08
2.37306e-07
-2.66456e-08
2.2836e-07
-2.28465e-08
2.21304e-07
-1.85579e-08
2.15815e-07
-1.49381e-08
2.11531e-07
-1.18209e-08
2.08207e-07
-9.33602e-09
2.05608e-07
-7.34337e-09
2.03592e-07
-5.76396e-09
2.02016e-07
-4.52539e-09
2.00796e-07
-3.53907e-09
1.99843e-07
-2.77272e-09
1.99109e-07
-2.16006e-09
1.98538e-07
-1.68721e-09
1.98099e-07
-1.30868e-09
1.97759e-07
-1.01858e-09
1.97499e-07
-7.86447e-10
1.97298e-07
-6.09916e-10
1.97145e-07
-4.6882e-10
1.97027e-07
-3.62433e-10
1.96938e-07
-2.77472e-10
1.96869e-07
-2.14013e-10
1.96817e-07
-1.63329e-10
1.96777e-07
-1.25871e-10
1.96747e-07
-9.59059e-11
1.96723e-07
-7.40237e-11
1.96706e-07
-5.64542e-11
1.96692e-07
-4.38006e-11
1.96681e-07
-3.35737e-11
1.96673e-07
-2.63272e-11
1.96667e-07
-2.04089e-11
1.96662e-07
-1.62955e-11
1.96658e-07
-1.28833e-11
1.96654e-07
-1.05654e-11
1.96652e-07
-8.59922e-12
1.9665e-07
-7.29911e-12
1.96648e-07
-6.16148e-12
1.96646e-07
-5.43187e-12
1.96644e-07
-4.76638e-12
1.96643e-07
-4.35304e-12
1.96642e-07
-3.95558e-12
1.96641e-07
-3.71566e-12
1.96639e-07
-3.47019e-12
1.96638e-07
-3.32441e-12
1.96637e-07
-3.16536e-12
1.96636e-07
-3.07028e-12
1.96635e-07
-2.9608e-12
1.96635e-07
-2.89296e-12
1.96634e-07
-2.8124e-12
1.96633e-07
-2.75934e-12
1.96632e-07
-2.69613e-12
1.96631e-07
-2.65135e-12
1.9663e-07
-2.59901e-12
1.96629e-07
-2.55918e-12
1.96629e-07
-2.51403e-12
1.96628e-07
-2.47749e-12
1.96627e-07
-2.4374e-12
1.96626e-07
-2.40335e-12
1.96626e-07
-2.36709e-12
1.96625e-07
-2.33512e-12
1.96624e-07
-2.30193e-12
1.96623e-07
-2.27187e-12
1.96623e-07
-2.24127e-12
1.96622e-07
-2.21299e-12
1.96621e-07
-2.18465e-12
1.96621e-07
-2.15808e-12
1.9662e-07
-2.13176e-12
1.96619e-07
-2.10683e-12
1.96619e-07
-2.08234e-12
1.96618e-07
-2.05896e-12
1.96617e-07
-2.03615e-12
1.96617e-07
-2.01425e-12
1.96616e-07
-1.99298e-12
1.96616e-07
-1.97246e-12
1.96615e-07
-1.9526e-12
1.96614e-07
-1.93337e-12
1.96614e-07
-1.9148e-12
1.96613e-07
-1.89676e-12
1.96613e-07
-1.87934e-12
1.96612e-07
-1.86235e-12
1.96612e-07
-1.84593e-12
1.96611e-07
-1.82985e-12
1.9661e-07
-1.81428e-12
1.9661e-07
-1.79895e-12
1.96609e-07
-1.78407e-12
1.96609e-07
-1.76936e-12
1.96608e-07
-1.75505e-12
1.96608e-07
-1.74085e-12
1.96607e-07
-1.72704e-12
1.96607e-07
-1.71332e-12
1.96606e-07
-1.69996e-12
1.96606e-07
-1.68665e-12
1.96605e-07
-1.67367e-12
1.96605e-07
-1.66069e-12
1.96604e-07
-1.64807e-12
1.96604e-07
-1.63555e-12
1.96603e-07
-1.62356e-12
1.96603e-07
-1.6119e-12
1.96602e-07
-1.60062e-12
1.96602e-07
-1.58952e-12
1.96601e-07
-1.57828e-12
1.96601e-07
-1.56684e-12
1.966e-07
-1.55506e-12
1.966e-07
-1.5431e-12
1.96599e-07
-1.53103e-12
1.96599e-07
-1.51907e-12
1.96598e-07
-1.5072e-12
1.96598e-07
-1.49552e-12
1.96597e-07
-1.48391e-12
1.96597e-07
-1.4724e-12
1.96596e-07
-1.46084e-12
1.96596e-07
-1.44926e-12
1.96596e-07
-1.43749e-12
1.96595e-07
-1.42557e-12
1.96595e-07
-1.41331e-12
1.96594e-07
-1.40069e-12
1.96594e-07
-1.38747e-12
1.96593e-07
-1.37356e-12
1.96593e-07
-1.35861e-12
1.96593e-07
-1.34242e-12
1.96592e-07
-1.32447e-12
1.96592e-07
-1.30436e-12
1.96591e-07
-1.2813e-12
1.96591e-07
-1.25461e-12
1.96591e-07
-1.22313e-12
1.9659e-07
-1.18575e-12
1.9659e-07
-1.14069e-12
1.9659e-07
-1.08595e-12
1.96589e-07
-1.01738e-12
1.96589e-07
-9.27195e-13
1.96589e-07
-7.93704e-13
1.96589e-07
-5.74358e-13
1.96589e-07
-1.87397e-13
1.96589e-07
3.12092e-13
1.96589e-07
6.98075e-13
1.96589e-07
9.17041e-13
1.96589e-07
1.05107e-12
1.9659e-07
1.14252e-12
1.9659e-07
1.21298e-12
1.96591e-07
1.27021e-12
1.96591e-07
1.31827e-12
1.96591e-07
1.3592e-12
1.96592e-07
1.39472e-12
1.96592e-07
1.42595e-12
1.96593e-07
1.45401e-12
1.96593e-07
1.47961e-12
1.96594e-07
1.5035e-12
1.96594e-07
1.52609e-12
1.96595e-07
1.54788e-12
1.96595e-07
1.56907e-12
1.96595e-07
1.58999e-12
1.96596e-07
1.61074e-12
1.96596e-07
1.63152e-12
1.96597e-07
1.65235e-12
1.96598e-07
1.67338e-12
1.96598e-07
1.69457e-12
1.96599e-07
1.71603e-12
1.96599e-07
1.73772e-12
1.966e-07
1.75973e-12
1.966e-07
1.78206e-12
1.96601e-07
1.80478e-12
1.96601e-07
1.82792e-12
1.96602e-07
1.85155e-12
1.96602e-07
1.87564e-12
1.96603e-07
1.90024e-12
1.96604e-07
1.92528e-12
1.96604e-07
1.95079e-12
1.96605e-07
1.97662e-12
1.96605e-07
2.00283e-12
1.96606e-07
2.02926e-12
1.96607e-07
2.05602e-12
1.96607e-07
2.083e-12
1.96608e-07
2.11032e-12
1.96609e-07
2.13789e-12
1.96609e-07
2.16584e-12
1.9661e-07
2.19406e-12
1.96611e-07
2.22265e-12
1.96611e-07
2.25149e-12
1.96612e-07
2.28068e-12
1.96613e-07
2.31009e-12
1.96614e-07
2.33983e-12
1.96614e-07
2.36977e-12
1.96615e-07
2.4e-12
1.96616e-07
2.4304e-12
1.96617e-07
2.46107e-12
1.96617e-07
2.49187e-12
1.96618e-07
2.5229e-12
1.96619e-07
2.55402e-12
1.9662e-07
2.58534e-12
1.96621e-07
2.61669e-12
1.96621e-07
2.64822e-12
1.96622e-07
2.6797e-12
1.96623e-07
2.71134e-12
1.96624e-07
2.74285e-12
1.96625e-07
2.7745e-12
1.96626e-07
2.80591e-12
1.96627e-07
2.83749e-12
1.96627e-07
2.86868e-12
1.96628e-07
2.90009e-12
1.96629e-07
2.93093e-12
1.9663e-07
2.9621e-12
1.96631e-07
2.99244e-12
1.96632e-07
3.02331e-12
1.96633e-07
3.05301e-12
1.96634e-07
3.08357e-12
1.96635e-07
3.11249e-12
1.96636e-07
3.14282e-12
1.96637e-07
3.17087e-12
1.96638e-07
3.20117e-12
1.96639e-07
3.22836e-12
1.9664e-07
3.25909e-12
1.96641e-07
3.28566e-12
1.96642e-07
3.31776e-12
1.96643e-07
3.34438e-12
1.96644e-07
3.37963e-12
1.96645e-07
3.4079e-12
1.96646e-07
3.44962e-12
1.96647e-07
3.48288e-12
1.96648e-07
3.53716e-12
1.96649e-07
3.582e-12
1.9665e-07
3.65996e-12
1.96652e-07
3.72907e-12
1.96653e-07
3.85081e-12
1.96654e-07
3.96799e-12
1.96655e-07
4.16971e-12
1.96656e-07
4.37896e-12
1.96658e-07
4.72543e-12
1.96659e-07
5.10683e-12
1.96661e-07
5.71318e-12
1.96663e-07
6.4107e-12
1.96665e-07
7.47992e-12
1.96668e-07
8.74929e-12
1.96671e-07
1.06365e-11
1.96675e-07
1.29268e-11
1.9668e-07
1.62476e-11
1.96686e-07
2.03391e-11
1.96694e-07
2.61509e-11
1.96704e-07
3.33837e-11
1.96718e-07
4.34854e-11
1.96735e-07
5.6136e-11
1.96758e-07
7.3556e-11
1.96788e-07
9.54475e-11
1.96828e-07
1.25229e-10
1.96879e-07
1.62708e-10
1.96948e-07
2.13157e-10
1.97037e-07
2.76633e-10
1.97154e-07
3.61271e-10
1.97306e-07
4.67628e-10
1.97507e-07
6.08231e-10
1.97766e-07
7.84569e-10
1.98105e-07
1.01587e-09
1.98543e-07
1.30538e-09
1.99113e-07
1.68248e-09
1.99846e-07
2.15386e-09
2.00796e-07
2.76416e-09
2.02013e-07
3.5274e-09
2.03585e-07
4.51022e-09
2.05597e-07
5.74279e-09
2.08188e-07
7.3184e-09
2.11503e-07
9.30045e-09
2.15776e-07
1.1786e-08
2.2125e-07
1.48865e-08
2.2829e-07
1.85275e-08
2.37213e-07
2.27903e-08
2.48255e-07
2.6662e-08
2.61117e-07
2.99408e-08
2.74289e-07
2.90949e-08
2.57457e-08
2.85579e-07
2.06596e-07
-1.7758e-08
-2.1493e-07
1.9714e-07
-1.96099e-08
1.87607e-07
-2.04723e-08
1.79229e-07
-1.82673e-08
1.7222e-07
-1.58377e-08
1.6658e-07
-1.29186e-08
1.62111e-07
-1.0469e-08
1.58592e-07
-8.30151e-09
1.55839e-07
-6.5835e-09
1.5368e-07
-5.18452e-09
1.51999e-07
-4.08256e-09
1.50682e-07
-3.20859e-09
1.49659e-07
-2.51689e-09
1.4886e-07
-1.97382e-09
1.48242e-07
-1.54233e-09
1.47761e-07
-1.20574e-09
1.4739e-07
-9.38091e-10
1.47102e-07
-7.306e-10
1.46881e-07
-5.6586e-10
1.4671e-07
-4.38989e-10
1.4658e-07
-3.38527e-10
1.46479e-07
-2.61695e-10
1.46403e-07
-2.01034e-10
1.46344e-07
-1.54979e-10
1.46299e-07
-1.18713e-10
1.46264e-07
-9.13888e-11
1.46238e-07
-6.99143e-11
1.46218e-07
-5.38664e-11
1.46203e-07
-4.12651e-11
1.46191e-07
-3.19307e-11
1.46182e-07
-2.45965e-11
1.46175e-07
-1.92157e-11
1.46169e-07
-1.49765e-11
1.46165e-07
-1.18991e-11
1.46161e-07
-9.46121e-12
1.46158e-07
-7.71182e-12
1.46156e-07
-6.31289e-12
1.46154e-07
-5.32142e-12
1.46152e-07
-4.51685e-12
1.4615e-07
-3.95369e-12
1.46149e-07
-3.48672e-12
1.46148e-07
-3.16335e-12
1.46147e-07
-2.88704e-12
1.46146e-07
-2.69677e-12
1.46145e-07
-2.52775e-12
1.46144e-07
-2.41085e-12
1.46143e-07
-2.3022e-12
1.46142e-07
-2.22558e-12
1.46141e-07
-2.15108e-12
1.4614e-07
-2.09662e-12
1.46139e-07
-2.04171e-12
1.46139e-07
-1.99961e-12
1.46138e-07
-1.95625e-12
1.46137e-07
-1.92127e-12
1.46136e-07
-1.885e-12
1.46135e-07
-1.85435e-12
1.46135e-07
-1.82272e-12
1.46134e-07
-1.79496e-12
1.46133e-07
-1.76658e-12
1.46133e-07
-1.74096e-12
1.46132e-07
-1.71505e-12
1.46131e-07
-1.69115e-12
1.46131e-07
-1.66726e-12
1.4613e-07
-1.64488e-12
1.46129e-07
-1.62271e-12
1.46129e-07
-1.60172e-12
1.46128e-07
-1.58108e-12
1.46127e-07
-1.56139e-12
1.46127e-07
-1.54215e-12
1.46126e-07
-1.52368e-12
1.46126e-07
-1.50571e-12
1.46125e-07
-1.4884e-12
1.46124e-07
-1.47162e-12
1.46124e-07
-1.4554e-12
1.46123e-07
-1.43972e-12
1.46123e-07
-1.42452e-12
1.46122e-07
-1.40986e-12
1.46122e-07
-1.3956e-12
1.46121e-07
-1.38188e-12
1.4612e-07
-1.36849e-12
1.4612e-07
-1.35561e-12
1.46119e-07
-1.343e-12
1.46119e-07
-1.33086e-12
1.46118e-07
-1.31893e-12
1.46118e-07
-1.30742e-12
1.46117e-07
-1.29607e-12
1.46117e-07
-1.2851e-12
1.46116e-07
-1.27424e-12
1.46116e-07
-1.26372e-12
1.46115e-07
-1.25327e-12
1.46115e-07
-1.24316e-12
1.46114e-07
-1.23309e-12
1.46114e-07
-1.22333e-12
1.46113e-07
-1.21358e-12
1.46113e-07
-1.20411e-12
1.46112e-07
-1.19458e-12
1.46112e-07
-1.18533e-12
1.46111e-07
-1.17612e-12
1.46111e-07
-1.16733e-12
1.46111e-07
-1.1588e-12
1.4611e-07
-1.1506e-12
1.4611e-07
-1.1426e-12
1.46109e-07
-1.13451e-12
1.46109e-07
-1.1263e-12
1.46108e-07
-1.11781e-12
1.46108e-07
-1.1092e-12
1.46107e-07
-1.10048e-12
1.46107e-07
-1.09183e-12
1.46107e-07
-1.08325e-12
1.46106e-07
-1.07482e-12
1.46106e-07
-1.06644e-12
1.46105e-07
-1.05815e-12
1.46105e-07
-1.04982e-12
1.46105e-07
-1.04149e-12
1.46104e-07
-1.033e-12
1.46104e-07
-1.02443e-12
1.46103e-07
-1.01558e-12
1.46103e-07
-1.0065e-12
1.46103e-07
-9.96964e-13
1.46102e-07
-9.86961e-13
1.46102e-07
-9.76191e-13
1.46101e-07
-9.64562e-13
1.46101e-07
-9.51652e-13
1.46101e-07
-9.37234e-13
1.461e-07
-9.20709e-13
1.461e-07
-9.01646e-13
1.461e-07
-8.79195e-13
1.46099e-07
-8.52651e-13
1.46099e-07
-8.20777e-13
1.46099e-07
-7.82279e-13
1.46098e-07
-7.34287e-13
1.46098e-07
-6.71408e-13
1.46098e-07
-5.77685e-13
1.46098e-07
-4.2106e-13
1.46098e-07
-1.37842e-13
1.46098e-07
2.31272e-13
1.46098e-07
5.13799e-13
1.46098e-07
6.70182e-13
1.46098e-07
7.64317e-13
1.46099e-07
8.28134e-13
1.46099e-07
8.775e-13
1.46099e-07
9.17799e-13
1.461e-07
9.51848e-13
1.461e-07
9.80961e-13
1.46101e-07
1.00633e-12
1.46101e-07
1.02868e-12
1.46101e-07
1.04883e-12
1.46102e-07
1.06722e-12
1.46102e-07
1.08443e-12
1.46103e-07
1.1007e-12
1.46103e-07
1.1164e-12
1.46104e-07
1.13168e-12
1.46104e-07
1.14677e-12
1.46104e-07
1.16173e-12
1.46105e-07
1.17672e-12
1.46105e-07
1.19173e-12
1.46106e-07
1.20689e-12
1.46106e-07
1.22216e-12
1.46107e-07
1.23763e-12
1.46107e-07
1.25327e-12
1.46108e-07
1.26916e-12
1.46108e-07
1.28527e-12
1.46109e-07
1.30168e-12
1.46109e-07
1.31837e-12
1.4611e-07
1.33539e-12
1.4611e-07
1.35273e-12
1.46111e-07
1.3704e-12
1.46111e-07
1.38835e-12
1.46112e-07
1.40663e-12
1.46112e-07
1.42513e-12
1.46113e-07
1.44393e-12
1.46114e-07
1.46288e-12
1.46114e-07
1.48209e-12
1.46115e-07
1.50145e-12
1.46115e-07
1.52107e-12
1.46116e-07
1.54085e-12
1.46117e-07
1.56089e-12
1.46117e-07
1.58111e-12
1.46118e-07
1.60159e-12
1.46118e-07
1.62223e-12
1.46119e-07
1.64312e-12
1.4612e-07
1.66415e-12
1.4612e-07
1.68541e-12
1.46121e-07
1.7068e-12
1.46122e-07
1.72838e-12
1.46122e-07
1.75007e-12
1.46123e-07
1.77194e-12
1.46124e-07
1.79388e-12
1.46124e-07
1.81597e-12
1.46125e-07
1.83812e-12
1.46126e-07
1.86039e-12
1.46127e-07
1.88267e-12
1.46127e-07
1.90505e-12
1.46128e-07
1.9274e-12
1.46129e-07
1.94982e-12
1.4613e-07
1.97216e-12
1.4613e-07
1.99456e-12
1.46131e-07
2.01681e-12
1.46132e-07
2.03911e-12
1.46133e-07
2.06119e-12
1.46133e-07
2.08332e-12
1.46134e-07
2.10515e-12
1.46135e-07
2.12704e-12
1.46136e-07
2.14852e-12
1.46137e-07
2.17013e-12
1.46138e-07
2.19119e-12
1.46138e-07
2.21248e-12
1.46139e-07
2.23306e-12
1.4614e-07
2.25406e-12
1.46141e-07
2.27413e-12
1.46142e-07
2.29496e-12
1.46143e-07
2.31461e-12
1.46144e-07
2.33555e-12
1.46145e-07
2.35505e-12
1.46146e-07
2.37669e-12
1.46146e-07
2.39669e-12
1.46147e-07
2.42023e-12
1.46148e-07
2.44209e-12
1.46149e-07
2.46981e-12
1.4615e-07
2.49625e-12
1.46151e-07
2.53242e-12
1.46152e-07
2.56867e-12
1.46153e-07
2.62113e-12
1.46154e-07
2.67703e-12
1.46155e-07
2.76013e-12
1.46156e-07
2.85386e-12
1.46157e-07
2.99359e-12
1.46159e-07
3.1584e-12
1.4616e-07
3.40143e-12
1.46161e-07
3.69731e-12
1.46163e-07
4.12673e-12
1.46164e-07
4.66074e-12
1.46166e-07
5.42321e-12
1.46169e-07
6.38436e-12
1.46172e-07
7.73632e-12
1.46175e-07
9.45482e-12
1.46179e-07
1.18404e-11
1.46185e-07
1.4887e-11
1.46192e-07
1.90677e-11
1.46201e-07
2.44183e-11
1.46212e-07
3.16866e-11
1.46227e-07
4.09915e-11
1.46247e-07
5.3517e-11
1.46273e-07
6.9535e-11
1.46307e-07
9.0919e-11
1.46352e-07
1.18208e-10
1.46411e-07
1.54358e-10
1.46487e-07
2.00359e-10
1.46587e-07
2.60854e-10
1.46717e-07
3.37572e-10
1.46887e-07
4.37759e-10
1.47107e-07
5.64364e-10
1.47395e-07
7.28605e-10
1.47764e-07
9.35482e-10
1.48245e-07
1.20222e-09
1.48861e-07
1.53749e-09
1.49657e-07
1.96743e-09
1.50677e-07
2.50786e-09
1.5199e-07
3.19728e-09
1.53666e-07
4.06632e-09
1.55818e-07
5.16601e-09
1.58562e-07
6.55643e-09
1.62072e-07
8.27614e-09
1.66528e-07
1.04303e-08
1.72157e-07
1.28985e-08
1.79149e-07
1.57977e-08
1.87525e-07
1.82862e-08
1.97035e-07
2.04306e-08
2.06496e-07
1.96334e-08
1.75035e-08
2.14739e-07
1.48841e-07
-1.17951e-08
-1.54804e-07
1.42155e-07
-1.29236e-08
1.35298e-07
-1.36158e-08
1.29189e-07
-1.21581e-08
1.23975e-07
-1.06245e-08
1.19733e-07
-8.67606e-09
1.16331e-07
-7.06771e-09
1.13637e-07
-5.60751e-09
1.11518e-07
-4.46437e-09
1.09851e-07
-3.51723e-09
1.08548e-07
-2.77946e-09
1.07524e-07
-2.18551e-09
1.06728e-07
-1.72038e-09
1.06104e-07
-1.34976e-09
1.0562e-07
-1.05845e-09
1.05242e-07
-8.27659e-10
1.0495e-07
-6.46271e-10
1.04722e-07
-5.03299e-10
1.04548e-07
-3.91273e-10
1.04412e-07
-3.03412e-10
1.04308e-07
-2.349e-10
1.04228e-07
-1.81419e-10
1.04167e-07
-1.39958e-10
1.0412e-07
-1.0773e-10
1.04084e-07
-8.29034e-11
1.04056e-07
-6.3676e-11
1.04035e-07
-4.89641e-11
1.04019e-07
-3.76027e-11
1.04006e-07
-2.89715e-11
1.03997e-07
-2.2318e-11
1.03989e-07
-1.73016e-11
1.03983e-07
-1.34363e-11
1.03979e-07
-1.05453e-11
1.03975e-07
-8.3145e-12
1.03972e-07
-6.6599e-12
1.0397e-07
-5.37813e-12
1.03968e-07
-4.43545e-12
1.03966e-07
-3.69974e-12
1.03965e-07
-3.16294e-12
1.03964e-07
-2.73885e-12
1.03963e-07
-2.43129e-12
1.03962e-07
-2.18377e-12
1.03961e-07
-2.00457e-12
1.0396e-07
-1.85653e-12
1.03959e-07
-1.74867e-12
1.03958e-07
-1.65649e-12
1.03957e-07
-1.58811e-12
1.03957e-07
-1.52731e-12
1.03956e-07
-1.48076e-12
1.03955e-07
-1.43771e-12
1.03955e-07
-1.40333e-12
1.03954e-07
-1.3705e-12
1.03953e-07
-1.34306e-12
1.03953e-07
-1.3163e-12
1.03952e-07
-1.29299e-12
1.03951e-07
-1.27001e-12
1.03951e-07
-1.24934e-12
1.0395e-07
-1.22889e-12
1.0395e-07
-1.21005e-12
1.03949e-07
-1.19144e-12
1.03949e-07
-1.17402e-12
1.03948e-07
-1.15685e-12
1.03947e-07
-1.14062e-12
1.03947e-07
-1.12466e-12
1.03946e-07
-1.10948e-12
1.03946e-07
-1.0946e-12
1.03945e-07
-1.08038e-12
1.03945e-07
-1.06647e-12
1.03944e-07
-1.05316e-12
1.03944e-07
-1.04014e-12
1.03943e-07
-1.02768e-12
1.03943e-07
-1.0155e-12
1.03942e-07
-1.00383e-12
1.03942e-07
-9.92434e-13
1.03941e-07
-9.81518e-13
1.03941e-07
-9.70847e-13
1.0394e-07
-9.60632e-13
1.0394e-07
-9.50637e-13
1.0394e-07
-9.41071e-13
1.03939e-07
-9.31695e-13
1.03939e-07
-9.22717e-13
1.03938e-07
-9.13897e-13
1.03938e-07
-9.05442e-13
1.03937e-07
-8.9711e-13
1.03937e-07
-8.89113e-13
1.03937e-07
-8.81204e-13
1.03936e-07
-8.73604e-13
1.03936e-07
-8.66058e-13
1.03935e-07
-8.58803e-13
1.03935e-07
-8.51571e-13
1.03934e-07
-8.44617e-13
1.03934e-07
-8.37667e-13
1.03934e-07
-8.30983e-13
1.03933e-07
-8.24272e-13
1.03933e-07
-8.17785e-13
1.03932e-07
-8.11224e-13
1.03932e-07
-8.04886e-13
1.03932e-07
-7.98536e-13
1.03931e-07
-7.92516e-13
1.03931e-07
-7.86684e-13
1.03931e-07
-7.81109e-13
1.0393e-07
-7.7571e-13
1.0393e-07
-7.70252e-13
1.0393e-07
-7.6473e-13
1.03929e-07
-7.58999e-13
1.03929e-07
-7.5318e-13
1.03928e-07
-7.47268e-13
1.03928e-07
-7.41419e-13
1.03928e-07
-7.35596e-13
1.03927e-07
-7.29899e-13
1.03927e-07
-7.24221e-13
1.03927e-07
-7.18631e-13
1.03926e-07
-7.1299e-13
1.03926e-07
-7.07368e-13
1.03926e-07
-7.01622e-13
1.03925e-07
-6.95826e-13
1.03925e-07
-6.89824e-13
1.03925e-07
-6.83675e-13
1.03924e-07
-6.77191e-13
1.03924e-07
-6.70401e-13
1.03924e-07
-6.63063e-13
1.03923e-07
-6.5515e-13
1.03923e-07
-6.46339e-13
1.03923e-07
-6.36511e-13
1.03923e-07
-6.25224e-13
1.03922e-07
-6.12227e-13
1.03922e-07
-5.96916e-13
1.03922e-07
-5.78866e-13
1.03921e-07
-5.57238e-13
1.03921e-07
-5.31252e-13
1.03921e-07
-4.99015e-13
1.03921e-07
-4.57018e-13
1.03921e-07
-3.94248e-13
1.0392e-07
-2.88216e-13
1.0392e-07
-9.35349e-14
1.0392e-07
1.61616e-13
1.03921e-07
3.55826e-13
1.03921e-07
4.6171e-13
1.03921e-07
5.24783e-13
1.03921e-07
5.67449e-13
1.03922e-07
6.00653e-13
1.03922e-07
6.27907e-13
1.03922e-07
6.51061e-13
1.03923e-07
6.70917e-13
1.03923e-07
6.88273e-13
1.03923e-07
7.03584e-13
1.03923e-07
7.17411e-13
1.03924e-07
7.30036e-13
1.03924e-07
7.41858e-13
1.03925e-07
7.5303e-13
1.03925e-07
7.6383e-13
1.03925e-07
7.74321e-13
1.03926e-07
7.84697e-13
1.03926e-07
7.94966e-13
1.03926e-07
8.05267e-13
1.03927e-07
8.15573e-13
1.03927e-07
8.25987e-13
1.03927e-07
8.36468e-13
1.03928e-07
8.47096e-13
1.03928e-07
8.57832e-13
1.03929e-07
8.6875e-13
1.03929e-07
8.79819e-13
1.03929e-07
8.91101e-13
1.0393e-07
9.02569e-13
1.0393e-07
9.14263e-13
1.03931e-07
9.26146e-13
1.03931e-07
9.38248e-13
1.03932e-07
9.50527e-13
1.03932e-07
9.63024e-13
1.03932e-07
9.75666e-13
1.03933e-07
9.88522e-13
1.03933e-07
1.00148e-12
1.03934e-07
1.01463e-12
1.03934e-07
1.02787e-12
1.03935e-07
1.0413e-12
1.03935e-07
1.05482e-12
1.03936e-07
1.06853e-12
1.03936e-07
1.08233e-12
1.03937e-07
1.09632e-12
1.03937e-07
1.1104e-12
1.03938e-07
1.12465e-12
1.03938e-07
1.13898e-12
1.03939e-07
1.15347e-12
1.03939e-07
1.16802e-12
1.0394e-07
1.18271e-12
1.0394e-07
1.19745e-12
1.03941e-07
1.21231e-12
1.03942e-07
1.2272e-12
1.03942e-07
1.24218e-12
1.03943e-07
1.25719e-12
1.03943e-07
1.27227e-12
1.03944e-07
1.28735e-12
1.03945e-07
1.30246e-12
1.03945e-07
1.31757e-12
1.03946e-07
1.33268e-12
1.03946e-07
1.34776e-12
1.03947e-07
1.36282e-12
1.03948e-07
1.37783e-12
1.03948e-07
1.39277e-12
1.03949e-07
1.40765e-12
1.0395e-07
1.42243e-12
1.0395e-07
1.43713e-12
1.03951e-07
1.45168e-12
1.03952e-07
1.46617e-12
1.03952e-07
1.48045e-12
1.03953e-07
1.49468e-12
1.03954e-07
1.50865e-12
1.03954e-07
1.52262e-12
1.03955e-07
1.53626e-12
1.03956e-07
1.55e-12
1.03956e-07
1.56335e-12
1.03957e-07
1.57699e-12
1.03958e-07
1.59019e-12
1.03959e-07
1.60401e-12
1.03959e-07
1.61739e-12
1.0396e-07
1.63199e-12
1.03961e-07
1.64626e-12
1.03962e-07
1.66279e-12
1.03962e-07
1.67941e-12
1.03963e-07
1.70004e-12
1.03964e-07
1.72177e-12
1.03965e-07
1.75056e-12
1.03965e-07
1.78263e-12
1.03966e-07
1.827e-12
1.03967e-07
1.87908e-12
1.03968e-07
1.95253e-12
1.03969e-07
2.04234e-12
1.0397e-07
2.16923e-12
1.03971e-07
2.32878e-12
1.03972e-07
2.55255e-12
1.03973e-07
2.83907e-12
1.03975e-07
3.23665e-12
1.03976e-07
3.75131e-12
1.03978e-07
4.45753e-12
1.0398e-07
5.3774e-12
1.03983e-07
6.62638e-12
1.03987e-07
8.258e-12
1.03991e-07
1.04522e-11
1.03997e-07
1.33206e-11
1.04004e-07
1.71446e-11
1.04014e-07
2.21392e-11
1.04026e-07
2.87453e-11
1.04042e-07
3.73553e-11
1.04063e-07
4.86605e-11
1.0409e-07
6.33507e-11
1.04126e-07
8.25073e-11
1.04173e-07
1.07307e-10
1.04234e-07
1.39436e-10
1.04314e-07
1.80849e-10
1.04417e-07
2.34171e-10
1.04552e-07
3.02576e-10
1.04726e-07
3.90145e-10
1.04953e-07
5.0193e-10
1.05244e-07
6.44328e-10
1.05621e-07
8.25217e-10
1.06103e-07
1.05488e-09
1.06725e-07
1.34529e-09
1.07519e-07
1.71379e-09
1.08539e-07
2.17757e-09
1.09838e-07
2.76765e-09
1.11499e-07
3.50425e-09
1.13611e-07
4.44475e-09
1.16297e-07
5.58989e-09
1.19687e-07
7.03978e-09
1.23923e-07
8.663e-09
1.29124e-07
1.05962e-08
1.35235e-07
1.21752e-08
1.42077e-07
1.35888e-08
1.48766e-07
1.29437e-08
1.16174e-08
1.54652e-07
1.03376e-07
-7.61813e-09
-1.07553e-07
9.87319e-08
-8.27961e-09
9.39135e-08
-8.79745e-09
8.95926e-08
-7.83737e-09
8.586e-08
-6.89192e-09
8.28048e-08
-5.62087e-09
8.03373e-08
-4.60025e-09
7.83761e-08
-3.64642e-09
7.68267e-08
-2.91502e-09
7.56046e-08
-2.29517e-09
7.46463e-08
-1.82118e-09
7.3892e-08
-1.43134e-09
7.33031e-08
-1.13145e-09
7.28405e-08
-8.87222e-10
7.24807e-08
-6.98728e-10
7.21989e-08
-5.45938e-10
7.19808e-08
-4.28187e-10
7.18105e-08
-3.33066e-10
7.16793e-08
-2.60141e-10
7.15773e-08
-2.01388e-10
7.1499e-08
-1.56694e-10
7.14383e-08
-1.20741e-10
7.13919e-08
-9.36561e-11
7.1356e-08
-7.1869e-11
7.13287e-08
-5.56424e-11
7.13076e-08
-4.25641e-11
7.12915e-08
-3.29534e-11
7.12791e-08
-2.51723e-11
7.12696e-08
-1.95442e-11
7.12622e-08
-1.49515e-11
7.12565e-08
-1.16919e-11
7.12521e-08
-8.99926e-12
7.12486e-08
-7.13135e-12
7.12458e-08
-5.56037e-12
7.12436e-08
-4.5004e-12
7.12418e-08
-3.58601e-12
7.12403e-08
-2.98944e-12
7.1239e-08
-2.45653e-12
7.1238e-08
-2.12247e-12
7.1237e-08
-1.80984e-12
7.12362e-08
-1.6226e-12
7.12354e-08
-1.43658e-12
7.12347e-08
-1.3304e-12
7.1234e-08
-1.21699e-12
7.12334e-08
-1.15495e-12
7.12328e-08
-1.08322e-12
7.12322e-08
-1.04489e-12
7.12317e-08
-9.97196e-13
7.12311e-08
-9.71456e-13
7.12306e-08
-9.3779e-13
7.12301e-08
-9.187e-13
7.12296e-08
-8.93377e-13
7.12291e-08
-8.77827e-13
7.12286e-08
-8.57619e-13
7.12282e-08
-8.44027e-13
7.12277e-08
-8.27088e-13
7.12272e-08
-8.14674e-13
7.12268e-08
-7.99938e-13
7.12264e-08
-7.88335e-13
7.12259e-08
-7.75179e-13
7.12255e-08
-7.64224e-13
7.12251e-08
-7.52274e-13
7.12247e-08
-7.41902e-13
7.12243e-08
-7.30926e-13
7.12239e-08
-7.21112e-13
7.12235e-08
-7.10962e-13
7.12231e-08
-7.01693e-13
7.12227e-08
-6.92267e-13
7.12223e-08
-6.83534e-13
7.12219e-08
-6.74758e-13
7.12215e-08
-6.66547e-13
7.12212e-08
-6.58364e-13
7.12208e-08
-6.50658e-13
7.12205e-08
-6.43021e-13
7.12201e-08
-6.358e-13
7.12198e-08
-6.28665e-13
7.12194e-08
-6.21904e-13
7.12191e-08
-6.15234e-13
7.12187e-08
-6.08903e-13
7.12184e-08
-6.02657e-13
7.12181e-08
-5.9672e-13
7.12177e-08
-5.90855e-13
7.12174e-08
-5.85273e-13
7.12171e-08
-5.79745e-13
7.12168e-08
-5.74476e-13
7.12164e-08
-5.69244e-13
7.12161e-08
-5.64254e-13
7.12158e-08
-5.5928e-13
7.12155e-08
-5.54535e-13
7.12152e-08
-5.49785e-13
7.12149e-08
-5.45254e-13
7.12146e-08
-5.40705e-13
7.12143e-08
-5.36366e-13
7.1214e-08
-5.31985e-13
7.12137e-08
-5.27782e-13
7.12134e-08
-5.23501e-13
7.12131e-08
-5.19394e-13
7.12128e-08
-5.15253e-13
7.12126e-08
-5.11358e-13
7.12123e-08
-5.07587e-13
7.1212e-08
-5.04005e-13
7.12117e-08
-5.00559e-13
7.12115e-08
-4.97072e-13
7.12112e-08
-4.93558e-13
7.12109e-08
-4.8989e-13
7.12106e-08
-4.86171e-13
7.12104e-08
-4.82375e-13
7.12101e-08
-4.78631e-13
7.12099e-08
-4.74893e-13
7.12096e-08
-4.71251e-13
7.12093e-08
-4.67611e-13
7.12091e-08
-4.64042e-13
7.12088e-08
-4.60426e-13
7.12086e-08
-4.56835e-13
7.12083e-08
-4.53147e-13
7.12081e-08
-4.49437e-13
7.12078e-08
-4.45574e-13
7.12076e-08
-4.41625e-13
7.12074e-08
-4.37438e-13
7.12071e-08
-4.3306e-13
7.12069e-08
-4.28303e-13
7.12067e-08
-4.23176e-13
7.12064e-08
-4.1744e-13
7.12062e-08
-4.11046e-13
7.1206e-08
-4.03677e-13
7.12058e-08
-3.95197e-13
7.12055e-08
-3.85192e-13
7.12053e-08
-3.7342e-13
7.12051e-08
-3.59326e-13
7.1205e-08
-3.42467e-13
7.12048e-08
-3.21646e-13
7.12046e-08
-2.94694e-13
7.12045e-08
-2.54407e-13
7.12044e-08
-1.85955e-13
7.12043e-08
-5.92787e-14
7.12044e-08
1.07183e-13
7.12045e-08
2.33548e-13
7.12047e-08
3.01911e-13
7.12049e-08
3.42411e-13
7.12051e-08
3.69822e-13
7.12053e-08
3.913e-13
7.12055e-08
4.0902e-13
7.12057e-08
4.24145e-13
7.12059e-08
4.37143e-13
7.12062e-08
4.48533e-13
7.12064e-08
4.58582e-13
7.12067e-08
4.67671e-13
7.12069e-08
4.75963e-13
7.12072e-08
4.83736e-13
7.12074e-08
4.91073e-13
7.12077e-08
4.98171e-13
7.1208e-08
5.05057e-13
7.12083e-08
5.11874e-13
7.12085e-08
5.18612e-13
7.12088e-08
5.25376e-13
7.12091e-08
5.32135e-13
7.12094e-08
5.38972e-13
7.12097e-08
5.45845e-13
7.121e-08
5.52822e-13
7.12103e-08
5.59865e-13
7.12106e-08
5.67034e-13
7.12109e-08
5.74299e-13
7.12112e-08
5.8171e-13
7.12115e-08
5.89235e-13
7.12118e-08
5.96909e-13
7.12121e-08
6.04695e-13
7.12125e-08
6.12621e-13
7.12128e-08
6.20651e-13
7.12131e-08
6.28825e-13
7.12135e-08
6.37086e-13
7.12138e-08
6.45498e-13
7.12141e-08
6.53968e-13
7.12145e-08
6.62577e-13
7.12149e-08
6.71232e-13
7.12152e-08
6.80015e-13
7.12156e-08
6.88848e-13
7.12159e-08
6.97809e-13
7.12163e-08
7.06819e-13
7.12167e-08
7.15952e-13
7.12171e-08
7.25132e-13
7.12175e-08
7.34426e-13
7.12179e-08
7.4376e-13
7.12183e-08
7.53194e-13
7.12187e-08
7.62661e-13
7.12191e-08
7.72213e-13
7.12195e-08
7.81788e-13
7.12199e-08
7.91431e-13
7.12203e-08
8.01091e-13
7.12208e-08
8.108e-13
7.12212e-08
8.20519e-13
7.12216e-08
8.30266e-13
7.12221e-08
8.40017e-13
7.12225e-08
8.49769e-13
7.1223e-08
8.59524e-13
7.12234e-08
8.69246e-13
7.12239e-08
8.78973e-13
7.12244e-08
8.88626e-13
7.12248e-08
8.98296e-13
7.12253e-08
9.0784e-13
7.12258e-08
9.17425e-13
7.12263e-08
9.26813e-13
7.12268e-08
9.36291e-13
7.12273e-08
9.45477e-13
7.12278e-08
9.54834e-13
7.12283e-08
9.63768e-13
7.12288e-08
9.73004e-13
7.12293e-08
9.81637e-13
7.12298e-08
9.90778e-13
7.12304e-08
9.99068e-13
7.12309e-08
1.00818e-12
7.12314e-08
1.01611e-12
7.1232e-08
1.02535e-12
7.12325e-08
1.03293e-12
7.12331e-08
1.04258e-12
7.12336e-08
1.04997e-12
7.12342e-08
1.06054e-12
7.12347e-08
1.0681e-12
7.12353e-08
1.08055e-12
7.12359e-08
1.08909e-12
7.12365e-08
1.10513e-12
7.1237e-08
1.1163e-12
7.12376e-08
1.13899e-12
7.12382e-08
1.15601e-12
7.12389e-08
1.19084e-12
7.12395e-08
1.21983e-12
7.12402e-08
1.27656e-12
7.12408e-08
1.32889e-12
7.12416e-08
1.42483e-12
7.12423e-08
1.5213e-12
7.12432e-08
1.68699e-12
7.12441e-08
1.86501e-12
7.12452e-08
2.15393e-12
7.12464e-08
2.47997e-12
7.12479e-08
2.98511e-12
7.12496e-08
3.57571e-12
7.12518e-08
4.4574e-12
7.12545e-08
5.51454e-12
7.12579e-08
7.04671e-12
7.12622e-08
8.91625e-12
7.12678e-08
1.15624e-11
7.12751e-08
1.48296e-11
7.12844e-08
1.93657e-11
7.12967e-08
2.50088e-11
7.13126e-08
3.27198e-11
7.13336e-08
4.2354e-11
7.13607e-08
5.53427e-11
7.13964e-08
7.16005e-11
7.14425e-08
9.32667e-11
7.15029e-08
1.20383e-10
7.15809e-08
1.56158e-10
7.16825e-08
2.00862e-10
7.18133e-08
2.59326e-10
7.1983e-08
3.32193e-10
7.22005e-08
4.26806e-10
7.24813e-08
5.44354e-10
7.28399e-08
6.96225e-10
7.33008e-08
8.84284e-10
7.38877e-08
1.12685e-09
7.46391e-08
1.42608e-09
7.55937e-08
1.81299e-09
7.68114e-08
2.28655e-09
7.83546e-08
2.90143e-09
8.03097e-08
3.63476e-09
8.27685e-08
4.58088e-09
8.58188e-08
5.61269e-09
8.95424e-08
6.87249e-09
9.38664e-08
7.85113e-09
9.86748e-08
8.78035e-09
1.03322e-07
8.29648e-09
7.49973e-09
1.0744e-07
6.95206e-08
-4.75846e-09
-7.23803e-08
6.63651e-08
-5.12408e-09
6.30606e-08
-5.49307e-09
6.0093e-08
-4.86981e-09
5.7509e-08
-4.30793e-09
5.53896e-08
-3.50153e-09
5.36691e-08
-2.87986e-09
5.22996e-08
-2.27692e-09
5.12136e-08
-1.82904e-09
5.03556e-08
-1.43721e-09
4.96805e-08
-1.14615e-09
4.91483e-08
-8.99136e-10
4.87313e-08
-7.14471e-10
4.84032e-08
-5.59132e-10
4.81471e-08
-4.42733e-10
4.79463e-08
-3.45112e-10
4.77903e-08
-2.72215e-10
4.76683e-08
-2.11144e-10
4.7574e-08
-1.65912e-10
4.75006e-08
-1.27997e-10
4.74441e-08
-1.00244e-10
4.74003e-08
-7.69158e-11
4.73667e-08
-6.0095e-11
4.73407e-08
-4.58729e-11
4.73208e-08
-3.58055e-11
4.73054e-08
-2.72104e-11
4.72937e-08
-2.12621e-11
4.72846e-08
-1.61084e-11
4.72777e-08
-1.26399e-11
4.72723e-08
-9.57033e-12
4.72681e-08
-7.57494e-12
4.72649e-08
-5.75585e-12
4.72623e-08
-4.62387e-12
4.72603e-08
-3.54893e-12
4.72587e-08
-2.91591e-12
4.72574e-08
-2.28068e-12
4.72563e-08
-1.93177e-12
4.72554e-08
-1.55494e-12
4.72546e-08
-1.36521e-12
4.72539e-08
-1.13963e-12
4.72533e-08
-1.03748e-12
4.72527e-08
-9.00325e-13
4.72522e-08
-8.45355e-13
4.72517e-08
-7.59956e-13
4.72513e-08
-7.29764e-13
4.72509e-08
-6.74806e-13
4.72505e-08
-6.57219e-13
4.72501e-08
-6.20331e-13
4.72497e-08
-6.08899e-13
4.72493e-08
-5.82894e-13
4.7249e-08
-5.74316e-13
4.72486e-08
-5.55003e-13
4.72483e-08
-5.47662e-13
4.72479e-08
-5.32579e-13
4.72476e-08
-5.25742e-13
4.72473e-08
-5.13425e-13
4.72469e-08
-5.06799e-13
4.72466e-08
-4.96364e-13
4.72463e-08
-4.89869e-13
4.7246e-08
-4.80774e-13
4.72457e-08
-4.74418e-13
4.72454e-08
-4.66321e-13
4.72451e-08
-4.60143e-13
4.72448e-08
-4.52827e-13
4.72446e-08
-4.4687e-13
4.72443e-08
-4.40189e-13
4.7244e-08
-4.34488e-13
4.72437e-08
-4.28342e-13
4.72435e-08
-4.2292e-13
4.72432e-08
-4.1724e-13
4.72429e-08
-4.1211e-13
4.72427e-08
-4.06842e-13
4.72424e-08
-4.02008e-13
4.72422e-08
-3.97111e-13
4.72419e-08
-3.9257e-13
4.72417e-08
-3.88011e-13
4.72414e-08
-3.83754e-13
4.72412e-08
-3.79503e-13
4.72409e-08
-3.75517e-13
4.72407e-08
-3.71547e-13
4.72405e-08
-3.67811e-13
4.72402e-08
-3.64092e-13
4.724e-08
-3.60584e-13
4.72398e-08
-3.57088e-13
4.72396e-08
-3.53785e-13
4.72393e-08
-3.50486e-13
4.72391e-08
-3.47368e-13
4.72389e-08
-3.44243e-13
4.72387e-08
-3.41289e-13
4.72385e-08
-3.38315e-13
4.72383e-08
-3.35507e-13
4.72381e-08
-3.32668e-13
4.72378e-08
-3.29988e-13
4.72376e-08
-3.27262e-13
4.72374e-08
-3.24672e-13
4.72372e-08
-3.22011e-13
4.7237e-08
-3.19482e-13
4.72368e-08
-3.16913e-13
4.72366e-08
-3.14519e-13
4.72364e-08
-3.122e-13
4.72362e-08
-3.10011e-13
4.72361e-08
-3.07919e-13
4.72359e-08
-3.05798e-13
4.72357e-08
-3.0367e-13
4.72355e-08
-3.01435e-13
4.72353e-08
-2.99174e-13
4.72351e-08
-2.96855e-13
4.72349e-08
-2.94577e-13
4.72347e-08
-2.92293e-13
4.72346e-08
-2.9008e-13
4.72344e-08
-2.87859e-13
4.72342e-08
-2.85692e-13
4.7234e-08
-2.83486e-13
4.72338e-08
-2.81304e-13
4.72337e-08
-2.7905e-13
4.72335e-08
-2.76791e-13
4.72333e-08
-2.74423e-13
4.72332e-08
-2.72008e-13
4.7233e-08
-2.69431e-13
4.72328e-08
-2.66741e-13
4.72327e-08
-2.63798e-13
4.72325e-08
-2.60629e-13
4.72323e-08
-2.57063e-13
4.72322e-08
-2.53089e-13
4.7232e-08
-2.48487e-13
4.72319e-08
-2.43195e-13
4.72317e-08
-2.36934e-13
4.72316e-08
-2.29578e-13
4.72314e-08
-2.20771e-13
4.72313e-08
-2.10276e-13
4.72312e-08
-1.9736e-13
4.72311e-08
-1.80749e-13
4.7231e-08
-1.55953e-13
4.72309e-08
-1.13723e-13
4.72309e-08
-3.53635e-14
4.72309e-08
6.7667e-14
4.7231e-08
1.45828e-13
4.72311e-08
1.88006e-13
4.72312e-08
2.12944e-13
4.72314e-08
2.29855e-13
4.72315e-08
2.43197e-13
4.72317e-08
2.54253e-13
4.72318e-08
2.6373e-13
4.7232e-08
2.71883e-13
4.72322e-08
2.79043e-13
4.72324e-08
2.85356e-13
4.72325e-08
2.91074e-13
4.72327e-08
2.96283e-13
4.72329e-08
3.01172e-13
4.72331e-08
3.05778e-13
4.72333e-08
3.1024e-13
4.72335e-08
3.14559e-13
4.72336e-08
3.18841e-13
4.72338e-08
3.23066e-13
4.7234e-08
3.27312e-13
4.72342e-08
3.31549e-13
4.72344e-08
3.3584e-13
4.72346e-08
3.40147e-13
4.72349e-08
3.44526e-13
4.72351e-08
3.48941e-13
4.72353e-08
3.53441e-13
4.72355e-08
3.57998e-13
4.72357e-08
3.62649e-13
4.72359e-08
3.67368e-13
4.72362e-08
3.72181e-13
4.72364e-08
3.77057e-13
4.72366e-08
3.82021e-13
4.72369e-08
3.87043e-13
4.72371e-08
3.92157e-13
4.72373e-08
3.9732e-13
4.72376e-08
4.02584e-13
4.72378e-08
4.07878e-13
4.72381e-08
4.13266e-13
4.72383e-08
4.18674e-13
4.72386e-08
4.24169e-13
4.72388e-08
4.29685e-13
4.72391e-08
4.35286e-13
4.72394e-08
4.40907e-13
4.72396e-08
4.46609e-13
4.72399e-08
4.52331e-13
4.72402e-08
4.58126e-13
4.72405e-08
4.63937e-13
4.72407e-08
4.69812e-13
4.7241e-08
4.75699e-13
4.72413e-08
4.81637e-13
4.72416e-08
4.87584e-13
4.72419e-08
4.93569e-13
4.72422e-08
4.99559e-13
4.72425e-08
5.05572e-13
4.72428e-08
5.11591e-13
4.72431e-08
5.17612e-13
4.72434e-08
5.23644e-13
4.72437e-08
5.29652e-13
4.72441e-08
5.35679e-13
4.72444e-08
5.41649e-13
4.72447e-08
5.47654e-13
4.72451e-08
5.53558e-13
4.72454e-08
5.59526e-13
4.72457e-08
5.65332e-13
4.72461e-08
5.71253e-13
4.72464e-08
5.76925e-13
4.72468e-08
5.82794e-13
4.72471e-08
5.88291e-13
4.72475e-08
5.94112e-13
4.72478e-08
5.99387e-13
4.72482e-08
6.05182e-13
4.72486e-08
6.10182e-13
4.72489e-08
6.15995e-13
4.72493e-08
6.20662e-13
4.72497e-08
6.26579e-13
4.725e-08
6.30856e-13
4.72504e-08
6.37028e-13
4.72508e-08
6.40876e-13
4.72512e-08
6.47564e-13
4.72516e-08
6.5099e-13
4.7252e-08
6.58641e-13
4.72524e-08
6.6177e-13
4.72528e-08
6.71149e-13
4.72532e-08
6.74349e-13
4.72536e-08
6.86776e-13
4.7254e-08
6.90901e-13
4.72544e-08
7.08649e-13
4.72548e-08
7.15493e-13
4.72553e-08
7.42506e-13
4.72557e-08
7.55624e-13
4.72562e-08
7.98772e-13
4.72567e-08
8.24965e-13
4.72572e-08
8.9621e-13
4.72577e-08
9.48129e-13
4.72583e-08
1.06826e-12
4.7259e-08
1.16894e-12
4.72598e-08
1.37395e-12
4.72607e-08
1.56463e-12
4.72617e-08
1.91647e-12
4.7263e-08
2.26982e-12
4.72646e-08
2.8745e-12
4.72666e-08
3.5168e-12
4.7269e-08
4.55418e-12
4.72722e-08
5.70194e-12
4.72763e-08
7.47451e-12
4.72816e-08
9.49415e-12
4.72884e-08
1.25056e-11
4.72974e-08
1.60092e-11
4.7309e-08
2.10896e-11
4.73242e-08
2.70861e-11
4.7344e-08
3.55872e-11
4.73698e-08
4.57175e-11
4.74033e-08
5.98149e-11
4.74469e-08
7.67115e-11
4.75032e-08
9.98646e-11
4.75763e-08
1.27695e-10
4.76702e-08
1.65344e-10
4.77918e-08
2.10631e-10
4.79473e-08
2.71271e-10
4.81474e-08
3.44155e-10
4.84026e-08
4.41049e-10
4.87295e-08
5.57321e-10
4.91449e-08
7.11411e-10
4.96751e-08
8.95852e-10
5.03473e-08
1.14072e-09
5.12021e-08
1.43179e-09
5.22834e-08
1.82005e-09
5.36485e-08
2.26961e-09
5.53624e-08
2.86698e-09
5.74784e-08
3.49664e-09
6.00558e-08
4.295e-09
6.30269e-08
4.88001e-09
6.63246e-08
5.48254e-09
6.94837e-08
5.13734e-09
4.68342e-09
7.23e-08
4.53416e-08
-2.85073e-09
-4.72494e-08
4.32532e-08
-3.03569e-09
4.10477e-08
-3.28757e-09
3.9071e-08
-2.89314e-09
3.73396e-08
-2.57656e-09
3.59206e-08
-2.08255e-09
3.47639e-08
-1.72313e-09
3.38431e-08
-1.35622e-09
3.31103e-08
-1.09623e-09
3.2531e-08
-8.57987e-10
3.20736e-08
-6.88724e-10
3.17127e-08
-5.38218e-10
3.14288e-08
-4.30612e-10
3.12052e-08
-3.35618e-10
3.10301e-08
-2.67653e-10
3.08927e-08
-2.07694e-10
3.07855e-08
-1.65061e-10
3.07017e-08
-1.27371e-10
3.06367e-08
-1.00898e-10
3.0586e-08
-7.73757e-11
3.05469e-08
-6.11375e-11
3.05166e-08
-4.65814e-11
3.04932e-08
-3.67549e-11
3.04751e-08
-2.78226e-11
3.04613e-08
-2.19601e-11
3.04506e-08
-1.6521e-11
3.04424e-08
-1.30754e-11
3.0436e-08
-9.78518e-12
3.04312e-08
-7.79213e-12
3.04274e-08
-5.81187e-12
3.04245e-08
-4.67901e-12
3.04222e-08
-3.4908e-12
3.04204e-08
-2.85932e-12
3.0419e-08
-2.14676e-12
3.04179e-08
-1.8026e-12
3.04169e-08
-1.37418e-12
3.04162e-08
-1.19154e-12
3.04156e-08
-9.32275e-13
3.0415e-08
-8.38418e-13
3.04145e-08
-6.79766e-13
3.04141e-08
-6.33371e-13
3.04137e-08
-5.34659e-13
3.04134e-08
-5.12721e-13
3.04131e-08
-4.49896e-13
3.04128e-08
-4.39917e-13
3.04125e-08
-3.98759e-13
3.04122e-08
-3.94156e-13
3.04119e-08
-3.66243e-13
3.04117e-08
-3.637e-13
3.04114e-08
-3.44018e-13
3.04112e-08
-3.41974e-13
3.0411e-08
-3.27513e-13
3.04107e-08
-3.25321e-13
3.04105e-08
-3.14251e-13
3.04103e-08
-3.11709e-13
3.04101e-08
-3.02902e-13
3.04098e-08
-3.00017e-13
3.04096e-08
-2.92765e-13
3.04094e-08
-2.89621e-13
3.04092e-08
-2.83472e-13
3.0409e-08
-2.80171e-13
3.04088e-08
-2.7483e-13
3.04086e-08
-2.71468e-13
3.04084e-08
-2.66741e-13
3.04082e-08
-2.63394e-13
3.04081e-08
-2.5915e-13
3.04079e-08
-2.55877e-13
3.04077e-08
-2.52024e-13
3.04075e-08
-2.48865e-13
3.04073e-08
-2.45339e-13
3.04072e-08
-2.4232e-13
3.0407e-08
-2.39076e-13
3.04068e-08
-2.36212e-13
3.04067e-08
-2.33214e-13
3.04065e-08
-2.30512e-13
3.04063e-08
-2.27734e-13
3.04062e-08
-2.25196e-13
3.0406e-08
-2.22614e-13
3.04058e-08
-2.20235e-13
3.04057e-08
-2.17832e-13
3.04055e-08
-2.15602e-13
3.04054e-08
-2.13357e-13
3.04052e-08
-2.11266e-13
3.04051e-08
-2.09162e-13
3.04049e-08
-2.07197e-13
3.04048e-08
-2.05217e-13
3.04046e-08
-2.03368e-13
3.04045e-08
-2.01499e-13
3.04043e-08
-1.99754e-13
3.04042e-08
-1.97981e-13
3.04041e-08
-1.96328e-13
3.04039e-08
-1.94642e-13
3.04038e-08
-1.9307e-13
3.04036e-08
-1.91455e-13
3.04035e-08
-1.8994e-13
3.04034e-08
-1.88366e-13
3.04032e-08
-1.86888e-13
3.04031e-08
-1.85372e-13
3.0403e-08
-1.83975e-13
3.04028e-08
-1.8262e-13
3.04027e-08
-1.81348e-13
3.04026e-08
-1.80142e-13
3.04025e-08
-1.78914e-13
3.04023e-08
-1.77689e-13
3.04022e-08
-1.76393e-13
3.04021e-08
-1.75087e-13
3.0402e-08
-1.7374e-13
3.04018e-08
-1.72423e-13
3.04017e-08
-1.71097e-13
3.04016e-08
-1.6982e-13
3.04015e-08
-1.68532e-13
3.04014e-08
-1.67282e-13
3.04012e-08
-1.66001e-13
3.04011e-08
-1.64742e-13
3.0401e-08
-1.63432e-13
3.04009e-08
-1.62125e-13
3.04008e-08
-1.60744e-13
3.04007e-08
-1.59341e-13
3.04006e-08
-1.57832e-13
3.04004e-08
-1.5626e-13
3.04003e-08
-1.54527e-13
3.04002e-08
-1.52665e-13
3.04001e-08
-1.50554e-13
3.04e-08
-1.48203e-13
3.03999e-08
-1.45466e-13
3.03998e-08
-1.42321e-13
3.03997e-08
-1.38587e-13
3.03996e-08
-1.34207e-13
3.03995e-08
-1.28958e-13
3.03994e-08
-1.22723e-13
3.03994e-08
-1.15071e-13
3.03993e-08
-1.05291e-13
3.03992e-08
-9.07187e-14
3.03992e-08
-6.5902e-14
3.03992e-08
-1.98867e-14
3.03992e-08
4.05674e-14
3.03992e-08
8.64614e-14
3.03993e-08
1.11249e-13
3.03994e-08
1.2591e-13
3.03995e-08
1.35877e-13
3.03996e-08
1.43791e-13
3.03997e-08
1.50373e-13
3.03998e-08
1.56035e-13
3.03999e-08
1.60909e-13
3.04e-08
1.65197e-13
3.04001e-08
1.68974e-13
3.04003e-08
1.724e-13
3.04004e-08
1.75515e-13
3.04005e-08
1.78442e-13
3.04006e-08
1.81195e-13
3.04008e-08
1.83864e-13
3.04009e-08
1.86443e-13
3.0401e-08
1.89003e-13
3.04012e-08
1.91523e-13
3.04013e-08
1.94061e-13
3.04014e-08
1.96589e-13
3.04016e-08
1.99152e-13
3.04017e-08
2.01722e-13
3.04018e-08
2.04337e-13
3.0402e-08
2.06972e-13
3.04021e-08
2.0966e-13
3.04023e-08
2.12379e-13
3.04024e-08
2.15157e-13
3.04026e-08
2.17972e-13
3.04027e-08
2.20845e-13
3.04029e-08
2.23752e-13
3.0403e-08
2.26712e-13
3.04032e-08
2.29702e-13
3.04033e-08
2.3275e-13
3.04035e-08
2.35821e-13
3.04037e-08
2.38959e-13
3.04038e-08
2.42108e-13
3.0404e-08
2.45318e-13
3.04042e-08
2.48535e-13
3.04043e-08
2.51807e-13
3.04045e-08
2.55086e-13
3.04047e-08
2.58418e-13
3.04049e-08
2.61757e-13
3.0405e-08
2.65146e-13
3.04052e-08
2.68541e-13
3.04054e-08
2.71981e-13
3.04056e-08
2.75426e-13
3.04058e-08
2.78909e-13
3.0406e-08
2.82394e-13
3.04062e-08
2.85909e-13
3.04064e-08
2.89426e-13
3.04066e-08
2.92961e-13
3.04068e-08
2.965e-13
3.0407e-08
3.00044e-13
3.04072e-08
3.03595e-13
3.04074e-08
3.07135e-13
3.04076e-08
3.1069e-13
3.04078e-08
3.14212e-13
3.0408e-08
3.17762e-13
3.04083e-08
3.21247e-13
3.04085e-08
3.24785e-13
3.04087e-08
3.28213e-13
3.04089e-08
3.31734e-13
3.04092e-08
3.35082e-13
3.04094e-08
3.38583e-13
3.04096e-08
3.41822e-13
3.04099e-08
3.4531e-13
3.04101e-08
3.48406e-13
3.04103e-08
3.51896e-13
3.04106e-08
3.54807e-13
3.04108e-08
3.58328e-13
3.04111e-08
3.61001e-13
3.04113e-08
3.64606e-13
3.04116e-08
3.6698e-13
3.04118e-08
3.70755e-13
3.04121e-08
3.72758e-13
3.04123e-08
3.76843e-13
3.04126e-08
3.78397e-13
3.04128e-08
3.83019e-13
3.04131e-08
3.84058e-13
3.04133e-08
3.89583e-13
3.04136e-08
3.90085e-13
3.04139e-08
3.97111e-13
3.04142e-08
3.97165e-13
3.04144e-08
4.06677e-13
3.04147e-08
4.06624e-13
3.0415e-08
4.20264e-13
3.04153e-08
4.20948e-13
3.04156e-08
4.41478e-13
3.04159e-08
4.4473e-13
3.04162e-08
4.7684e-13
3.04165e-08
4.86344e-13
3.04168e-08
5.38038e-13
3.04172e-08
5.60866e-13
3.04176e-08
6.45819e-13
3.04181e-08
6.95117e-13
3.04186e-08
8.36684e-13
3.04192e-08
9.36293e-13
3.042e-08
1.17424e-12
3.04209e-08
1.36656e-12
3.0422e-08
1.7683e-12
3.04233e-08
2.1274e-12
3.04251e-08
2.80642e-12
3.04273e-08
3.45979e-12
3.04301e-08
4.60569e-12
3.04339e-08
5.76947e-12
3.04386e-08
7.69615e-12
3.04449e-08
9.73161e-12
3.0453e-08
1.29536e-11
3.04636e-08
1.6456e-11
3.04774e-08
2.18074e-11
3.04954e-08
2.77438e-11
3.05186e-08
3.65609e-11
3.05488e-08
4.64793e-11
3.05878e-08
6.08782e-11
3.06382e-08
7.72225e-11
3.0703e-08
1.00517e-10
3.07865e-08
1.27099e-10
3.08934e-08
1.64442e-10
3.10303e-08
2.07163e-10
3.12048e-08
2.66567e-10
3.14275e-08
3.34581e-10
3.17102e-08
4.28664e-10
3.20697e-08
5.363e-10
3.25252e-08
6.85295e-10
3.31021e-08
8.5479e-10
3.38316e-08
1.09056e-09
3.47493e-08
1.3519e-09
3.59012e-08
1.71498e-09
3.7318e-08
2.07982e-09
3.90447e-08
2.56832e-09
4.10245e-08
2.90014e-09
4.32257e-08
3.28135e-09
4.53177e-08
3.04528e-09
2.80583e-09
4.71953e-08
2.86293e-08
-1.61618e-09
-2.98639e-08
2.72905e-08
-1.69685e-09
2.58639e-08
-1.86102e-09
2.45916e-08
-1.62089e-09
2.34711e-08
-1.45606e-09
2.25556e-08
-1.1671e-09
2.1806e-08
-9.73543e-10
2.12105e-08
-7.60729e-10
2.07344e-08
-6.20155e-10
2.03585e-08
-4.82119e-10
2.00603e-08
-3.90499e-10
1.98252e-08
-3.03112e-10
1.96393e-08
-2.448e-10
1.94932e-08
-1.89445e-10
1.93781e-08
-1.52576e-10
1.92878e-08
-1.17485e-10
1.92171e-08
-9.43496e-11
1.91619e-08
-7.21844e-11
1.91188e-08
-5.78292e-11
1.90854e-08
-4.39209e-11
1.90594e-08
-3.5136e-11
1.90392e-08
-2.64753e-11
1.90237e-08
-2.11814e-11
1.90117e-08
-1.58281e-11
1.90024e-08
-1.26908e-11
1.89952e-08
-9.40296e-12
1.89897e-08
-7.57749e-12
1.89855e-08
-5.56833e-12
1.89822e-08
-4.52798e-12
1.89797e-08
-3.30405e-12
1.89778e-08
-2.72546e-12
1.89762e-08
-1.98051e-12
1.8975e-08
-1.66832e-12
1.89741e-08
-1.21403e-12
1.89733e-08
-1.05218e-12
1.89727e-08
-7.73721e-13
1.89722e-08
-6.94452e-13
1.89718e-08
-5.22263e-13
1.89714e-08
-4.86818e-13
1.89711e-08
-3.78975e-13
1.89708e-08
-3.65678e-13
1.89706e-08
-2.96986e-13
1.89704e-08
-2.94057e-13
1.89702e-08
-2.49378e-13
1.897e-08
-2.50651e-13
1.89698e-08
-2.20868e-13
1.89696e-08
-2.2329e-13
1.89694e-08
-2.02879e-13
1.89693e-08
-2.05072e-13
1.89691e-08
-1.90659e-13
1.8969e-08
-1.92111e-13
1.89688e-08
-1.81609e-13
1.89687e-08
-1.82229e-13
1.89685e-08
-1.7433e-13
1.89684e-08
-1.74208e-13
1.89682e-08
-1.68076e-13
1.89681e-08
-1.67368e-13
1.8968e-08
-1.62461e-13
1.89678e-08
-1.61325e-13
1.89677e-08
-1.57286e-13
1.89676e-08
-1.55862e-13
1.89674e-08
-1.52452e-13
1.89673e-08
-1.50852e-13
1.89672e-08
-1.47909e-13
1.89671e-08
-1.4622e-13
1.89669e-08
-1.43634e-13
1.89668e-08
-1.41919e-13
1.89667e-08
-1.39611e-13
1.89666e-08
-1.37915e-13
1.89665e-08
-1.35832e-13
1.89664e-08
-1.34184e-13
1.89663e-08
-1.32288e-13
1.89662e-08
-1.30708e-13
1.89661e-08
-1.2897e-13
1.89659e-08
-1.27469e-13
1.89658e-08
-1.25868e-13
1.89657e-08
-1.24452e-13
1.89656e-08
-1.22972e-13
1.89655e-08
-1.21641e-13
1.89654e-08
-1.20268e-13
1.89653e-08
-1.1902e-13
1.89652e-08
-1.17742e-13
1.89651e-08
-1.16572e-13
1.8965e-08
-1.15378e-13
1.8965e-08
-1.1428e-13
1.89649e-08
-1.1316e-13
1.89648e-08
-1.1213e-13
1.89647e-08
-1.11076e-13
1.89646e-08
-1.10107e-13
1.89645e-08
-1.09111e-13
1.89644e-08
-1.08196e-13
1.89643e-08
-1.0725e-13
1.89642e-08
-1.06384e-13
1.89641e-08
-1.05481e-13
1.89641e-08
-1.04648e-13
1.8964e-08
-1.03769e-13
1.89639e-08
-1.02958e-13
1.89638e-08
-1.02114e-13
1.89637e-08
-1.01347e-13
1.89636e-08
-1.00602e-13
1.89636e-08
-9.99054e-14
1.89635e-08
-9.92506e-14
1.89634e-08
-9.85799e-14
1.89633e-08
-9.7916e-14
1.89632e-08
-9.72073e-14
1.89632e-08
-9.64972e-14
1.89631e-08
-9.57594e-14
1.8963e-08
-9.50436e-14
1.89629e-08
-9.43176e-14
1.89628e-08
-9.36242e-14
1.89628e-08
-9.2919e-14
1.89627e-08
-9.2241e-14
1.89626e-08
-9.154e-14
1.89625e-08
-9.08561e-14
1.89625e-08
-9.01377e-14
1.89624e-08
-8.94258e-14
1.89623e-08
-8.86665e-14
1.89623e-08
-8.78995e-14
1.89622e-08
-8.70664e-14
1.89621e-08
-8.62022e-14
1.8962e-08
-8.52409e-14
1.8962e-08
-8.42101e-14
1.89619e-08
-8.30324e-14
1.89618e-08
-8.17232e-14
1.89618e-08
-8.01898e-14
1.89617e-08
-7.84299e-14
1.89617e-08
-7.63321e-14
1.89616e-08
-7.38751e-14
1.89615e-08
-7.09258e-14
1.89615e-08
-6.74337e-14
1.89614e-08
-6.31558e-14
1.89614e-08
-5.77193e-14
1.89613e-08
-4.96341e-14
1.89613e-08
-3.58862e-14
1.89613e-08
-1.04685e-14
1.89613e-08
2.28662e-14
1.89614e-08
4.82137e-14
1.89614e-08
6.19458e-14
1.89615e-08
7.0082e-14
1.89615e-08
7.56275e-14
1.89616e-08
8.00571e-14
1.89617e-08
8.3751e-14
1.89617e-08
8.69388e-14
1.89618e-08
8.96829e-14
1.89619e-08
9.21014e-14
1.89619e-08
9.42291e-14
1.8962e-08
9.61612e-14
1.89621e-08
9.79149e-14
1.89622e-08
9.9565e-14
1.89623e-08
1.01113e-13
1.89623e-08
1.02616e-13
1.89624e-08
1.04065e-13
1.89625e-08
1.05506e-13
1.89626e-08
1.06922e-13
1.89627e-08
1.0835e-13
1.89628e-08
1.09769e-13
1.89628e-08
1.11211e-13
1.89629e-08
1.12653e-13
1.8963e-08
1.14125e-13
1.89631e-08
1.15604e-13
1.89632e-08
1.17116e-13
1.89633e-08
1.18643e-13
1.89634e-08
1.20205e-13
1.89635e-08
1.21786e-13
1.89636e-08
1.234e-13
1.89637e-08
1.25031e-13
1.89638e-08
1.26692e-13
1.89639e-08
1.28368e-13
1.8964e-08
1.30078e-13
1.89641e-08
1.31799e-13
1.89642e-08
1.3356e-13
1.89643e-08
1.35323e-13
1.89644e-08
1.37125e-13
1.89645e-08
1.38925e-13
1.89646e-08
1.40761e-13
1.89647e-08
1.42595e-13
1.89649e-08
1.44462e-13
1.8965e-08
1.46329e-13
1.89651e-08
1.48226e-13
1.89652e-08
1.50122e-13
1.89653e-08
1.52046e-13
1.89655e-08
1.53968e-13
1.89656e-08
1.55913e-13
1.89657e-08
1.57856e-13
1.89658e-08
1.59815e-13
1.8966e-08
1.61774e-13
1.89661e-08
1.63741e-13
1.89662e-08
1.6571e-13
1.89663e-08
1.67677e-13
1.89665e-08
1.69652e-13
1.89666e-08
1.71611e-13
1.89667e-08
1.73588e-13
1.89669e-08
1.75528e-13
1.8967e-08
1.77503e-13
1.89672e-08
1.79414e-13
1.89673e-08
1.81385e-13
1.89674e-08
1.83252e-13
1.89676e-08
1.85219e-13
1.89677e-08
1.87025e-13
1.89679e-08
1.88992e-13
1.8968e-08
1.90715e-13
1.89682e-08
1.92692e-13
1.89683e-08
1.94304e-13
1.89685e-08
1.9631e-13
1.89686e-08
1.97776e-13
1.89688e-08
1.99841e-13
1.8969e-08
2.01116e-13
1.89691e-08
2.0329e-13
1.89693e-08
2.04315e-13
1.89694e-08
2.06676e-13
1.89696e-08
2.07378e-13
1.89698e-08
2.10045e-13
1.89699e-08
2.10337e-13
1.89701e-08
2.13494e-13
1.89703e-08
2.13277e-13
1.89704e-08
2.17209e-13
1.89706e-08
2.1639e-13
1.89708e-08
2.21543e-13
1.89709e-08
2.20061e-13
1.89711e-08
2.27146e-13
1.89713e-08
2.25041e-13
1.89715e-08
2.35199e-13
1.89717e-08
2.32746e-13
1.89718e-08
2.47844e-13
1.8972e-08
2.45802e-13
1.89722e-08
2.68924e-13
1.89725e-08
2.69002e-13
1.89727e-08
3.05295e-13
1.89729e-08
3.10985e-13
1.89732e-08
3.69081e-13
1.89735e-08
3.87119e-13
1.89738e-08
4.8153e-13
1.89742e-08
5.24433e-13
1.89747e-08
6.79552e-13
1.89753e-08
7.69936e-13
1.89761e-08
1.02666e-12
1.8977e-08
1.20448e-12
1.89781e-08
1.63107e-12
1.89796e-08
1.96555e-12
1.89815e-08
2.67517e-12
1.8984e-08
3.28424e-12
1.89872e-08
4.46304e-12
1.89914e-08
5.54432e-12
1.89969e-08
7.49572e-12
1.90039e-08
9.3753e-12
1.90131e-08
1.25888e-11
1.90251e-08
1.57963e-11
1.90406e-08
2.10527e-11
1.90606e-08
2.64352e-11
1.90865e-08
3.49659e-11
1.91199e-08
4.3858e-11
1.91628e-08
5.75845e-11
1.92178e-08
7.20612e-11
1.92883e-08
9.39601e-11
1.93782e-08
1.17223e-10
1.94928e-08
1.51908e-10
1.96385e-08
1.88905e-10
1.98235e-08
2.43623e-10
2.00577e-08
3.02083e-10
2.03546e-08
3.88449e-10
2.0729e-08
4.80376e-10
2.12027e-08
6.16778e-10
2.17962e-08
7.58366e-10
2.25425e-08
9.68682e-10
2.34566e-08
1.16568e-09
2.45738e-08
1.45111e-09
2.58486e-08
1.62531e-09
2.72724e-08
1.85756e-09
2.86145e-08
1.70313e-09
1.59117e-09
2.98292e-08
1.73885e-08
-8.47194e-10
-1.81575e-08
1.65643e-08
-8.72687e-10
1.56769e-08
-9.73583e-10
1.48916e-08
-8.35612e-10
1.41955e-08
-7.59956e-10
1.363e-08
-6.01602e-10
1.31643e-08
-5.07843e-10
1.27958e-08
-3.92325e-10
1.24995e-08
-3.23845e-10
1.22664e-08
-2.4898e-10
1.20802e-08
-2.04327e-10
1.19339e-08
-1.56815e-10
1.18175e-08
-1.28396e-10
1.17262e-08
-9.81869e-11
1.16538e-08
-8.0225e-11
1.15973e-08
-6.09895e-11
1.15527e-08
-4.97352e-11
1.15181e-08
-3.75231e-11
1.14908e-08
-3.05629e-11
1.14697e-08
-2.28545e-11
1.14532e-08
-1.86194e-11
1.14405e-08
-1.37856e-11
1.14306e-08
-1.12563e-11
1.1423e-08
-8.24332e-12
1.1417e-08
-6.76442e-12
1.14125e-08
-4.89535e-12
1.1409e-08
-4.05169e-12
1.14063e-08
-2.89581e-12
1.14042e-08
-2.42893e-12
1.14026e-08
-1.7148e-12
1.14013e-08
-1.46654e-12
1.14004e-08
-1.02466e-12
1.13996e-08
-9.00015e-13
1.1399e-08
-6.25399e-13
1.13985e-08
-5.68431e-13
1.13981e-08
-3.96492e-13
1.13978e-08
-3.74989e-13
1.13975e-08
-2.66194e-13
1.13973e-08
-2.62096e-13
1.13971e-08
-1.92312e-13
1.1397e-08
-1.95827e-13
1.13968e-08
-1.50331e-13
1.13967e-08
-1.56394e-13
1.13965e-08
-1.26179e-13
1.13964e-08
-1.32347e-13
1.13963e-08
-1.11872e-13
1.13962e-08
-1.17117e-13
1.13961e-08
-1.02943e-13
1.1396e-08
-1.06956e-13
1.13959e-08
-9.6925e-14
1.13958e-08
-9.97396e-14
1.13957e-08
-9.24774e-14
1.13956e-08
-9.4268e-14
1.13955e-08
-8.88853e-14
1.13954e-08
-8.98624e-14
1.13953e-08
-8.57748e-14
1.13953e-08
-8.61381e-14
1.13952e-08
-8.29558e-14
1.13951e-08
-8.28754e-14
1.1395e-08
-8.03347e-14
1.13949e-08
-7.99471e-14
1.13949e-08
-7.78678e-14
1.13948e-08
-7.7278e-14
1.13947e-08
-7.55359e-14
1.13946e-08
-7.48221e-14
1.13946e-08
-7.3331e-14
1.13945e-08
-7.25499e-14
1.13944e-08
-7.12494e-14
1.13943e-08
-7.04411e-14
1.13943e-08
-6.9289e-14
1.13942e-08
-6.84812e-14
1.13941e-08
-6.74474e-14
1.13941e-08
-6.66584e-14
1.1394e-08
-6.57216e-14
1.13939e-08
-6.4963e-14
1.13939e-08
-6.41076e-14
1.13938e-08
-6.33862e-14
1.13938e-08
-6.26007e-14
1.13937e-08
-6.19197e-14
1.13936e-08
-6.11947e-14
1.13936e-08
-6.05546e-14
1.13935e-08
-5.98824e-14
1.13935e-08
-5.92816e-14
1.13934e-08
-5.86558e-14
1.13933e-08
-5.80924e-14
1.13933e-08
-5.75077e-14
1.13932e-08
-5.69801e-14
1.13932e-08
-5.64315e-14
1.13931e-08
-5.5937e-14
1.13931e-08
-5.54197e-14
1.1393e-08
-5.49545e-14
1.1393e-08
-5.44649e-14
1.13929e-08
-5.40255e-14
1.13929e-08
-5.3559e-14
1.13928e-08
-5.3138e-14
1.13928e-08
-5.26848e-14
1.13927e-08
-5.2275e-14
1.13927e-08
-5.18414e-14
1.13926e-08
-5.14538e-14
1.13926e-08
-5.10753e-14
1.13925e-08
-5.07236e-14
1.13925e-08
-5.03961e-14
1.13924e-08
-5.00576e-14
1.13924e-08
-4.97262e-14
1.13923e-08
-4.93681e-14
1.13923e-08
-4.90125e-14
1.13922e-08
-4.86393e-14
1.13922e-08
-4.8281e-14
1.13921e-08
-4.79139e-14
1.13921e-08
-4.75671e-14
1.1392e-08
-4.72107e-14
1.1392e-08
-4.68718e-14
1.13919e-08
-4.65174e-14
1.13919e-08
-4.61753e-14
1.13919e-08
-4.58116e-14
1.13918e-08
-4.54546e-14
1.13918e-08
-4.50692e-14
1.13917e-08
-4.4683e-14
1.13917e-08
-4.42584e-14
1.13916e-08
-4.3821e-14
1.13916e-08
-4.33288e-14
1.13916e-08
-4.28037e-14
1.13915e-08
-4.21979e-14
1.13915e-08
-4.15268e-14
1.13914e-08
-4.07349e-14
1.13914e-08
-3.98283e-14
1.13914e-08
-3.87423e-14
1.13913e-08
-3.74733e-14
1.13913e-08
-3.59463e-14
1.13913e-08
-3.4144e-14
1.13912e-08
-3.1938e-14
1.13912e-08
-2.91496e-14
1.13912e-08
-2.50097e-14
1.13911e-08
-1.79872e-14
1.13911e-08
-5.05797e-15
1.13912e-08
1.18571e-14
1.13912e-08
2.47489e-14
1.13912e-08
3.17634e-14
1.13912e-08
3.59303e-14
1.13913e-08
3.87769e-14
1.13913e-08
4.10631e-14
1.13914e-08
4.29729e-14
1.13914e-08
4.46263e-14
1.13914e-08
4.60485e-14
1.13915e-08
4.73045e-14
1.13915e-08
4.84074e-14
1.13916e-08
4.94108e-14
1.13916e-08
5.03191e-14
1.13917e-08
5.11756e-14
1.13917e-08
5.19764e-14
1.13918e-08
5.27563e-14
1.13918e-08
5.35055e-14
1.13919e-08
5.42524e-14
1.13919e-08
5.49839e-14
1.1392e-08
5.57238e-14
1.1392e-08
5.64569e-14
1.13921e-08
5.7204e-14
1.13921e-08
5.79494e-14
1.13922e-08
5.87116e-14
1.13923e-08
5.94759e-14
1.13923e-08
6.02591e-14
1.13924e-08
6.10481e-14
1.13924e-08
6.18569e-14
1.13925e-08
6.26735e-14
1.13925e-08
6.35087e-14
1.13926e-08
6.43509e-14
1.13927e-08
6.52096e-14
1.13927e-08
6.60743e-14
1.13928e-08
6.69581e-14
1.13929e-08
6.78452e-14
1.13929e-08
6.87555e-14
1.1393e-08
6.96642e-14
1.13931e-08
7.05956e-14
1.13931e-08
7.1523e-14
1.13932e-08
7.24711e-14
1.13933e-08
7.34155e-14
1.13933e-08
7.43792e-14
1.13934e-08
7.53398e-14
1.13935e-08
7.63179e-14
1.13935e-08
7.72932e-14
1.13936e-08
7.82837e-14
1.13937e-08
7.92717e-14
1.13938e-08
8.02715e-14
1.13938e-08
8.12697e-14
1.13939e-08
8.22751e-14
1.1394e-08
8.32806e-14
1.13941e-08
8.42877e-14
1.13942e-08
8.52981e-14
1.13942e-08
8.63025e-14
1.13943e-08
8.73159e-14
1.13944e-08
8.83125e-14
1.13945e-08
8.93274e-14
1.13946e-08
9.03102e-14
1.13947e-08
9.13258e-14
1.13947e-08
9.22873e-14
1.13948e-08
9.33042e-14
1.13949e-08
9.42347e-14
1.1395e-08
9.52556e-14
1.13951e-08
9.61429e-14
1.13952e-08
9.71737e-14
1.13953e-08
9.80018e-14
1.13954e-08
9.90531e-14
1.13955e-08
9.98013e-14
1.13956e-08
1.00891e-13
1.13957e-08
1.01531e-13
1.13958e-08
1.02686e-13
1.13958e-08
1.03182e-13
1.13959e-08
1.04443e-13
1.1396e-08
1.04747e-13
1.13961e-08
1.06177e-13
1.13962e-08
1.06226e-13
1.13963e-08
1.07917e-13
1.13964e-08
1.07631e-13
1.13965e-08
1.09722e-13
1.13966e-08
1.09001e-13
1.13967e-08
1.117e-13
1.13969e-08
1.10431e-13
1.1397e-08
1.14052e-13
1.13971e-08
1.12113e-13
1.13972e-08
1.17142e-13
1.13973e-08
1.14433e-13
1.13974e-08
1.21624e-13
1.13975e-08
1.18121e-13
1.13976e-08
1.28672e-13
1.13977e-08
1.2454e-13
1.13979e-08
1.40378e-13
1.1398e-08
1.36191e-13
1.13981e-08
1.60455e-13
1.13983e-08
1.57592e-13
1.13984e-08
1.95433e-13
1.13986e-08
1.96786e-13
1.13989e-08
2.56712e-13
1.13991e-08
2.67931e-13
1.13994e-08
3.64026e-13
1.13998e-08
3.95642e-13
1.14003e-08
5.51227e-13
1.14008e-08
6.22236e-13
1.14016e-08
8.7581e-13
1.14025e-08
1.0196e-12
1.14038e-08
1.43443e-12
1.14053e-08
1.70842e-12
1.14074e-08
2.38782e-12
1.141e-08
2.88884e-12
1.14135e-08
4.00011e-12
1.1418e-08
4.88857e-12
1.14239e-08
6.70021e-12
1.14314e-08
8.23717e-12
1.14413e-08
1.11756e-11
1.1454e-08
1.37787e-11
1.14704e-08
1.85137e-11
1.14914e-08
2.28402e-11
1.15186e-08
3.04137e-11
1.15532e-08
3.74829e-11
1.15976e-08
4.95039e-11
1.16539e-08
6.08836e-11
1.1726e-08
7.98393e-11
1.1817e-08
9.79438e-11
1.19328e-08
1.27731e-10
1.20786e-08
1.56326e-10
1.22638e-08
2.03186e-10
1.24961e-08
2.48129e-10
1.27909e-08
3.21982e-10
1.3158e-08
3.91163e-10
1.36216e-08
5.05166e-10
1.41863e-08
6.00959e-10
1.48801e-08
7.57216e-10
1.56673e-08
8.38129e-10
1.6553e-08
9.71824e-10
1.73798e-08
8.7632e-10
8.34596e-10
1.81364e-08
1.00129e-08
-3.92853e-10
-1.04673e-08
9.53364e-09
-3.93386e-10
9.01033e-09
-4.50275e-10
8.5526e-09
-3.7789e-10
8.14311e-09
-3.5048e-10
7.81351e-09
-2.72002e-10
7.53972e-09
-2.34058e-10
7.3248e-09
-1.77411e-10
7.15035e-09
-1.49405e-10
7.01407e-09
-1.12697e-10
6.90418e-09
-9.44437e-11
6.81843e-09
-7.10744e-11
6.74951e-09
-5.94811e-11
6.69588e-09
-4.45595e-11
6.65291e-09
-3.72549e-11
6.61962e-09
-2.77073e-11
6.59303e-09
-2.31545e-11
6.57256e-09
-1.70582e-11
6.55626e-09
-1.42671e-11
6.5438e-09
-1.03924e-11
6.53389e-09
-8.7172e-12
6.52637e-09
-6.26697e-12
6.52039e-09
-5.28698e-12
6.51589e-09
-3.74412e-12
6.51231e-09
-3.18855e-12
6.50963e-09
-2.21973e-12
6.50749e-09
-1.9174e-12
6.5059e-09
-1.30953e-12
6.50463e-09
-1.15436e-12
6.50368e-09
-7.72422e-13
6.50291e-09
-7.00042e-13
6.50234e-09
-4.59105e-13
6.50187e-09
-4.31372e-13
6.50152e-09
-2.78372e-13
6.50122e-09
-2.73272e-13
6.501e-09
-1.75211e-13
6.5008e-09
-1.80451e-13
6.50065e-09
-1.1687e-13
6.50051e-09
-1.25877e-13
6.5004e-09
-8.40922e-14
6.50029e-09
-9.35699e-14
6.5002e-09
-6.57e-14
6.50012e-09
-7.41672e-14
6.50005e-09
-5.52886e-14
6.49997e-09
-6.22268e-14
6.49991e-09
-4.92373e-14
6.49984e-09
-5.46066e-14
6.49978e-09
-4.55293e-14
6.49972e-09
-4.95015e-14
6.49967e-09
-4.30602e-14
6.49961e-09
-4.58787e-14
6.49956e-09
-4.12371e-14
6.4995e-09
-4.31477e-14
6.49945e-09
-3.97492e-14
6.4994e-09
-4.09699e-14
6.49935e-09
-3.84389e-14
6.4993e-09
-3.915e-14
6.49926e-09
-3.72297e-14
6.49921e-09
-3.7574e-14
6.49916e-09
-3.6087e-14
6.49912e-09
-3.61743e-14
6.49907e-09
-3.49973e-14
6.49903e-09
-3.49096e-14
6.49899e-09
-3.39565e-14
6.49895e-09
-3.37544e-14
6.4989e-09
-3.29647e-14
6.49886e-09
-3.26917e-14
6.49882e-09
-3.20229e-14
6.49878e-09
-3.17099e-14
6.49874e-09
-3.11322e-14
6.49871e-09
-3.08006e-14
6.49867e-09
-3.0293e-14
6.49863e-09
-2.99574e-14
6.49859e-09
-2.9505e-14
6.49856e-09
-2.9175e-14
6.49852e-09
-2.87672e-14
6.49848e-09
-2.84488e-14
6.49845e-09
-2.80779e-14
6.49841e-09
-2.77746e-14
6.49838e-09
-2.74348e-14
6.49835e-09
-2.71482e-14
6.49831e-09
-2.68349e-14
6.49828e-09
-2.6565e-14
6.49825e-09
-2.62747e-14
6.49821e-09
-2.60216e-14
6.49818e-09
-2.57513e-14
6.49815e-09
-2.55146e-14
6.49812e-09
-2.52619e-14
6.49809e-09
-2.50406e-14
6.49806e-09
-2.4803e-14
6.49802e-09
-2.45954e-14
6.49799e-09
-2.4371e-14
6.49796e-09
-2.41756e-14
6.49793e-09
-2.39622e-14
6.4979e-09
-2.37756e-14
6.49788e-09
-2.35685e-14
6.49785e-09
-2.33868e-14
6.49782e-09
-2.31896e-14
6.49779e-09
-2.30173e-14
6.49776e-09
-2.28478e-14
6.49773e-09
-2.26909e-14
6.4977e-09
-2.25468e-14
6.49768e-09
-2.23957e-14
6.49765e-09
-2.22502e-14
6.49762e-09
-2.20902e-14
6.49759e-09
-2.19335e-14
6.49757e-09
-2.17666e-14
6.49754e-09
-2.16087e-14
6.49751e-09
-2.14447e-14
6.49749e-09
-2.12921e-14
6.49746e-09
-2.11328e-14
6.49744e-09
-2.09838e-14
6.49741e-09
-2.08254e-14
6.49738e-09
-2.06748e-14
6.49736e-09
-2.0512e-14
6.49733e-09
-2.03546e-14
6.49731e-09
-2.01817e-14
6.49728e-09
-2.00106e-14
6.49726e-09
-1.98196e-14
6.49724e-09
-1.96248e-14
6.49721e-09
-1.94024e-14
6.49719e-09
-1.91671e-14
6.49716e-09
-1.88923e-14
6.49714e-09
-1.85897e-14
6.49712e-09
-1.82293e-14
6.4971e-09
-1.78185e-14
6.49708e-09
-1.73233e-14
6.49705e-09
-1.67466e-14
6.49704e-09
-1.60503e-14
6.49702e-09
-1.52314e-14
6.497e-09
-1.4229e-14
6.49698e-09
-1.29686e-14
6.49697e-09
-1.10996e-14
6.49696e-09
-7.93839e-15
6.49696e-09
-2.14639e-15
6.49696e-09
5.4081e-15
6.49698e-09
1.11825e-14
6.49699e-09
1.434e-14
6.49701e-09
1.62214e-14
6.49703e-09
1.75092e-14
6.49706e-09
1.85487e-14
6.49708e-09
1.94179e-14
6.4971e-09
2.01728e-14
6.49713e-09
2.08212e-14
6.49716e-09
2.13953e-14
6.49718e-09
2.18981e-14
6.49721e-09
2.23567e-14
6.49724e-09
2.27704e-14
6.49726e-09
2.31617e-14
6.49729e-09
2.35261e-14
6.49732e-09
2.38822e-14
6.49735e-09
2.42228e-14
6.49738e-09
2.45637e-14
6.49741e-09
2.48961e-14
6.49744e-09
2.52336e-14
6.49747e-09
2.55668e-14
6.4975e-09
2.59075e-14
6.49754e-09
2.62462e-14
6.49757e-09
2.65938e-14
6.4976e-09
2.69412e-14
6.49763e-09
2.72982e-14
6.49767e-09
2.76568e-14
6.4977e-09
2.80254e-14
6.49773e-09
2.83965e-14
6.49777e-09
2.87767e-14
6.4978e-09
2.91593e-14
6.49784e-09
2.95499e-14
6.49788e-09
2.99423e-14
6.49791e-09
3.03444e-14
6.49795e-09
3.07466e-14
6.49799e-09
3.1161e-14
6.49802e-09
3.15728e-14
6.49806e-09
3.19967e-14
6.4981e-09
3.24169e-14
6.49814e-09
3.28481e-14
6.49818e-09
3.32758e-14
6.49822e-09
3.37137e-14
6.49826e-09
3.41485e-14
6.4983e-09
3.45925e-14
6.49835e-09
3.50338e-14
6.49839e-09
3.54828e-14
6.49843e-09
3.59296e-14
6.49848e-09
3.63821e-14
6.49852e-09
3.68334e-14
6.49857e-09
3.72875e-14
6.49861e-09
3.7742e-14
6.49866e-09
3.81956e-14
6.4987e-09
3.86526e-14
6.49875e-09
3.91033e-14
6.4988e-09
3.95621e-14
6.49885e-09
4.00072e-14
6.49889e-09
4.04678e-14
6.49894e-09
4.09037e-14
6.49899e-09
4.13665e-14
6.49904e-09
4.17887e-14
6.49909e-09
4.22553e-14
6.49914e-09
4.26577e-14
6.4992e-09
4.31313e-14
6.49925e-09
4.35061e-14
6.4993e-09
4.39921e-14
6.49935e-09
4.43286e-14
6.49941e-09
4.4836e-14
6.49946e-09
4.51198e-14
6.49952e-09
4.56623e-14
6.49957e-09
4.58739e-14
6.49963e-09
4.64722e-14
6.49968e-09
4.65854e-14
6.49974e-09
4.72698e-14
6.49979e-09
4.72493e-14
6.49985e-09
4.80643e-14
6.49991e-09
4.78626e-14
6.49997e-09
4.8873e-14
6.50002e-09
4.84278e-14
6.50008e-09
4.97278e-14
6.50014e-09
4.89586e-14
6.5002e-09
5.06863e-14
6.50026e-09
4.9492e-14
6.50032e-09
5.18513e-14
6.50038e-09
5.01096e-14
6.50044e-09
5.34052e-14
6.50051e-09
5.0978e-14
6.50057e-09
5.56717e-14
6.50063e-09
5.24203e-14
6.5007e-09
5.92229e-14
6.50077e-09
5.5047e-14
6.50084e-09
6.50703e-14
6.50092e-09
5.99868e-14
6.501e-09
7.49941e-14
6.50109e-09
6.92893e-14
6.50119e-09
9.21072e-14
6.50129e-09
8.66176e-14
6.50143e-09
1.21816e-13
6.50157e-09
1.18431e-13
6.50176e-09
1.7344e-13
6.50198e-09
1.75974e-13
6.50226e-09
2.62905e-13
6.5026e-09
2.78587e-13
6.50306e-09
4.17172e-13
6.50362e-09
4.59123e-13
6.50437e-09
6.81435e-13
6.5053e-09
7.72709e-13
6.50655e-09
1.13063e-12
6.50813e-09
1.31069e-12
6.51024e-09
1.88764e-12
6.5129e-09
2.22246e-12
6.51644e-09
3.15145e-12
6.52093e-09
3.74907e-12
6.52686e-09
5.24032e-12
6.53436e-09
6.27409e-12
6.54421e-09
8.65657e-12
6.55665e-09
1.03993e-11
6.57288e-09
1.41831e-11
6.5933e-09
1.70573e-11
6.61977e-09
2.30283e-11
6.65297e-09
2.76811e-11
6.69575e-09
3.70516e-11
6.74921e-09
4.44766e-11
6.8178e-09
5.9141e-11
6.90323e-09
7.08863e-11
7.01254e-09
9.38738e-11
7.14831e-09
1.12352e-10
7.3218e-09
1.48488e-10
7.53602e-09
1.76931e-10
7.80843e-09
2.32749e-10
8.13762e-09
2.71767e-10
8.54569e-09
3.49142e-10
9.00468e-09
3.79133e-10
9.52699e-09
4.49507e-10
1.00082e-08
3.95143e-10
3.87439e-10
1.04553e-08
5.29365e-09
-1.45877e-10
-5.54063e-09
5.03928e-09
-1.39015e-10
4.75554e-09
-1.66543e-10
4.51195e-09
-1.34306e-10
4.29064e-09
-1.29168e-10
4.1153e-09
-9.66679e-11
3.96745e-09
-8.62113e-11
3.85307e-09
-6.30375e-11
3.75876e-09
-5.50963e-11
3.68612e-09
-4.00608e-11
3.62658e-09
-3.48991e-11
3.58078e-09
-2.52834e-11
3.54333e-09
-2.20327e-11
3.51463e-09
-1.58606e-11
3.49121e-09
-1.38365e-11
3.47336e-09
-9.86397e-12
3.45883e-09
-8.62487e-12
3.44784e-09
-6.0704e-12
3.4389e-09
-5.33198e-12
3.4322e-09
-3.6941e-12
3.42675e-09
-3.27021e-12
3.42271e-09
-2.22317e-12
3.41941e-09
-1.99211e-12
3.41699e-09
-1.32404e-12
3.41501e-09
-1.20756e-12
3.41357e-09
-7.81396e-13
3.41238e-09
-7.30417e-13
3.41152e-09
-4.58074e-13
3.41081e-09
-4.42654e-13
3.4103e-09
-2.67913e-13
3.40987e-09
-2.70356e-13
3.40957e-09
-1.57534e-13
3.4093e-09
-1.67778e-13
3.40912e-09
-9.43182e-14
3.40895e-09
-1.06925e-13
3.40883e-09
-5.86026e-14
3.40872e-09
-7.085e-14
3.40864e-09
-3.86935e-14
3.40856e-09
-4.93942e-14
3.4085e-09
-2.77315e-14
3.40845e-09
-3.65233e-14
3.4084e-09
-2.17486e-14
3.40835e-09
-2.86806e-14
3.40832e-09
-1.84834e-14
3.40828e-09
-2.37838e-14
3.40824e-09
-1.66676e-14
3.40821e-09
-2.06198e-14
3.40818e-09
-1.56028e-14
3.40814e-09
-1.84838e-14
3.40811e-09
-1.49135e-14
3.40808e-09
-1.69669e-14
3.40806e-09
-1.44031e-14
3.40803e-09
-1.58312e-14
3.408e-09
-1.3973e-14
3.40797e-09
-1.49371e-14
3.40795e-09
-1.35767e-14
3.40792e-09
-1.42023e-14
3.4079e-09
-1.31945e-14
3.40787e-09
-1.35769e-14
3.40785e-09
-1.28198e-14
3.40782e-09
-1.30306e-14
3.4078e-09
-1.24522e-14
3.40778e-09
-1.2544e-14
3.40776e-09
-1.20936e-14
3.40773e-09
-1.2105e-14
3.40771e-09
-1.17465e-14
3.40769e-09
-1.1705e-14
3.40767e-09
-1.14131e-14
3.40765e-09
-1.13384e-14
3.40763e-09
-1.10952e-14
3.40761e-09
-1.1001e-14
3.40759e-09
-1.07939e-14
3.40757e-09
-1.06896e-14
3.40755e-09
-1.05098e-14
3.40753e-09
-1.04017e-14
3.40751e-09
-1.0243e-14
3.40749e-09
-1.01354e-14
3.40747e-09
-9.99334e-15
3.40745e-09
-9.88876e-15
3.40744e-09
-9.76018e-15
3.40742e-09
-9.66008e-15
3.4074e-09
-9.54262e-15
3.40738e-09
-9.4477e-15
3.40737e-09
-9.33958e-15
3.40735e-09
-9.25024e-15
3.40733e-09
-9.15017e-15
3.40732e-09
-9.06661e-15
3.4073e-09
-8.97341e-15
3.40728e-09
-8.89548e-15
3.40727e-09
-8.80807e-15
3.40725e-09
-8.73517e-15
3.40723e-09
-8.65282e-15
3.40722e-09
-8.58441e-15
3.4072e-09
-8.50622e-15
3.40719e-09
-8.44106e-15
3.40717e-09
-8.36523e-15
3.40716e-09
-8.30176e-15
3.40714e-09
-8.23006e-15
3.40713e-09
-8.16929e-15
3.40711e-09
-8.10911e-15
3.4071e-09
-8.05328e-15
3.40708e-09
-8.0033e-15
3.40707e-09
-7.94942e-15
3.40705e-09
-7.89888e-15
3.40704e-09
-7.84182e-15
3.40703e-09
-7.78718e-15
3.40701e-09
-7.72767e-15
3.407e-09
-7.67264e-15
3.40698e-09
-7.61413e-15
3.40697e-09
-7.56106e-15
3.40696e-09
-7.50428e-15
3.40694e-09
-7.45249e-15
3.40693e-09
-7.39596e-15
3.40692e-09
-7.34358e-15
3.4069e-09
-7.28545e-15
3.40689e-09
-7.23056e-15
3.40688e-09
-7.16873e-15
3.40686e-09
-7.10884e-15
3.40685e-09
-7.04036e-15
3.40684e-09
-6.97173e-15
3.40683e-09
-6.89177e-15
3.40681e-09
-6.80832e-15
3.4068e-09
-6.70922e-15
3.40679e-09
-6.60121e-15
3.40678e-09
-6.47095e-15
3.40677e-09
-6.32354e-15
3.40675e-09
-6.14431e-15
3.40674e-09
-5.93674e-15
3.40673e-09
-5.68477e-15
3.40672e-09
-5.3899e-15
3.40671e-09
-5.0284e-15
3.40671e-09
-4.57648e-15
3.4067e-09
-3.90682e-15
3.40669e-09
-2.77776e-15
3.40669e-09
-7.19526e-16
3.4067e-09
1.95475e-15
3.4067e-09
4.0064e-15
3.40671e-09
5.1342e-15
3.40672e-09
5.80825e-15
3.40673e-09
6.27038e-15
3.40675e-09
6.64533e-15
3.40676e-09
6.9589e-15
3.40677e-09
7.23219e-15
3.40678e-09
7.4664e-15
3.4068e-09
7.67449e-15
3.40681e-09
7.85601e-15
3.40683e-09
8.02225e-15
3.40684e-09
8.17148e-15
3.40686e-09
8.31327e-15
3.40687e-09
8.44457e-15
3.40689e-09
8.57352e-15
3.4069e-09
8.69617e-15
3.40692e-09
8.81955e-15
3.40693e-09
8.9392e-15
3.40695e-09
9.06133e-15
3.40697e-09
9.18119e-15
3.40698e-09
9.30447e-15
3.407e-09
9.42638e-15
3.40702e-09
9.55206e-15
3.40703e-09
9.67714e-15
3.40705e-09
9.8062e-15
3.40707e-09
9.93533e-15
3.40709e-09
1.00685e-14
3.4071e-09
1.02021e-14
3.40712e-09
1.03393e-14
3.40714e-09
1.04769e-14
3.40716e-09
1.06178e-14
3.40718e-09
1.07587e-14
3.4072e-09
1.09038e-14
3.40722e-09
1.10482e-14
3.40724e-09
1.11979e-14
3.40726e-09
1.13456e-14
3.40728e-09
1.14987e-14
3.4073e-09
1.16493e-14
3.40732e-09
1.18049e-14
3.40734e-09
1.19582e-14
3.40736e-09
1.2116e-14
3.40739e-09
1.22719e-14
3.40741e-09
1.24317e-14
3.40743e-09
1.25899e-14
3.40745e-09
1.27512e-14
3.40748e-09
1.29114e-14
3.4075e-09
1.30735e-14
3.40752e-09
1.32354e-14
3.40755e-09
1.33977e-14
3.40757e-09
1.35608e-14
3.40759e-09
1.37223e-14
3.40762e-09
1.38866e-14
3.40764e-09
1.40461e-14
3.40767e-09
1.42116e-14
3.40769e-09
1.43679e-14
3.40772e-09
1.45351e-14
3.40775e-09
1.46863e-14
3.40777e-09
1.48558e-14
3.4078e-09
1.49996e-14
3.40783e-09
1.51729e-14
3.40785e-09
1.5306e-14
3.40788e-09
1.54855e-14
3.40791e-09
1.56035e-14
3.40794e-09
1.57931e-14
3.40796e-09
1.58898e-14
3.40799e-09
1.60955e-14
3.40802e-09
1.61625e-14
3.40805e-09
1.63931e-14
3.40808e-09
1.64188e-14
3.40811e-09
1.66873e-14
3.40814e-09
1.66556e-14
3.40817e-09
1.69806e-14
3.4082e-09
1.68699e-14
3.40823e-09
1.72782e-14
3.40826e-09
1.70587e-14
3.40829e-09
1.75888e-14
3.40832e-09
1.72206e-14
3.40835e-09
1.79271e-14
3.40838e-09
1.73572e-14
3.40841e-09
1.83189e-14
3.40844e-09
1.74776e-14
3.40848e-09
1.88079e-14
3.40851e-09
1.76055e-14
3.40854e-09
1.94698e-14
3.40857e-09
1.77934e-14
3.40861e-09
2.04357e-14
3.40864e-09
1.81479e-14
3.40868e-09
2.19332e-14
3.40871e-09
1.8876e-14
3.40875e-09
2.43588e-14
3.40879e-09
2.03679e-14
3.40884e-09
2.84023e-14
3.40888e-09
2.33406e-14
3.40894e-09
3.52588e-14
3.40899e-09
2.90866e-14
3.40907e-09
4.69887e-14
3.40914e-09
3.98977e-14
3.40925e-09
6.71211e-14
3.40936e-09
5.97799e-14
3.40952e-09
1.01656e-13
3.4097e-09
9.56399e-14
3.40996e-09
1.6071e-13
3.41026e-09
1.59229e-13
3.41068e-09
2.6117e-13
3.41118e-09
2.70282e-13
3.41187e-09
4.30955e-13
3.41272e-09
4.61503e-13
3.41389e-09
7.15698e-13
3.41533e-09
7.86362e-13
3.41729e-09
1.18913e-12
3.4197e-09
1.33106e-12
3.42297e-09
1.96887e-12
3.42701e-09
2.2326e-12
3.43243e-09
3.24018e-12
3.43912e-09
3.70553e-12
3.44801e-09
5.29119e-12
3.45898e-09
6.0816e-12
3.47344e-09
8.56572e-12
3.49125e-09
9.86937e-12
3.51455e-09
1.37453e-11
3.54318e-09
1.58496e-11
3.58043e-09
2.18865e-11
3.62607e-09
2.52393e-11
3.68528e-09
3.46626e-11
3.75767e-09
3.99654e-11
3.85142e-09
5.47254e-11
3.96545e-09
6.2898e-11
4.11251e-09
8.56908e-11
4.28765e-09
9.66174e-11
4.50815e-09
1.28643e-10
4.75249e-09
1.34787e-10
5.0357e-09
1.66296e-10
5.29121e-09
1.39633e-10
1.44163e-10
5.53448e-09
2.35919e-09
-3.16061e-11
-2.47346e-09
2.24701e-09
-2.68443e-11
2.11624e-09
-3.57666e-11
2.00824e-09
-2.63096e-11
1.90665e-09
-2.7582e-11
1.82893e-09
-1.89503e-11
1.76112e-09
-1.84034e-11
1.71043e-09
-1.23447e-11
1.66711e-09
-1.17853e-11
1.63489e-09
-7.84016e-12
1.60748e-09
-7.48719e-12
1.58714e-09
-4.94588e-12
1.56985e-09
-4.74314e-12
1.55709e-09
-3.09984e-12
1.54624e-09
-2.9904e-12
1.5383e-09
-1.92426e-12
1.53155e-09
-1.87263e-12
1.52666e-09
-1.18039e-12
1.52249e-09
-1.16405e-12
1.51951e-09
-7.14743e-13
1.51695e-09
-7.18652e-13
1.51516e-09
-4.2704e-13
1.5136e-09
-4.41255e-13
1.51253e-09
-2.51763e-13
1.51159e-09
-2.70011e-13
1.51096e-09
-1.46528e-13
1.51039e-09
-1.6514e-13
1.51002e-09
-8.43007e-14
1.50967e-09
-1.01357e-13
1.50945e-09
-4.80969e-14
1.50925e-09
-6.27724e-14
1.50911e-09
-2.74024e-14
1.50899e-09
-3.95109e-14
1.50891e-09
-1.58054e-14
1.50882e-09
-2.55003e-14
1.50877e-09
-9.45397e-15
1.50872e-09
-1.70421e-14
1.50869e-09
-6.06969e-15
1.50865e-09
-1.19033e-14
1.50862e-09
-4.32656e-15
1.5086e-09
-8.74546e-15
1.50858e-09
-3.46628e-15
1.50855e-09
-6.77099e-15
1.50854e-09
-3.06369e-15
1.50852e-09
-5.5066e-15
1.50851e-09
-2.886e-15
1.50849e-09
-4.67189e-15
1.50848e-09
-2.80955e-15
1.50846e-09
-4.10052e-15
1.50845e-09
-2.77138e-15
1.50843e-09
-3.69352e-15
1.50842e-09
-2.74151e-15
1.50841e-09
-3.39145e-15
1.5084e-09
-2.70727e-15
1.50838e-09
-3.1582e-15
1.50837e-09
-2.66466e-15
1.50836e-09
-2.97146e-15
1.50835e-09
-2.61372e-15
1.50834e-09
-2.81719e-15
1.50833e-09
-2.55616e-15
1.50832e-09
-2.68635e-15
1.50831e-09
-2.49414e-15
1.5083e-09
-2.57298e-15
1.50829e-09
-2.42969e-15
1.50828e-09
-2.4731e-15
1.50827e-09
-2.36457e-15
1.50826e-09
-2.38392e-15
1.50825e-09
-2.3001e-15
1.50824e-09
-2.30351e-15
1.50823e-09
-2.2373e-15
1.50822e-09
-2.23046e-15
1.50821e-09
-2.17689e-15
1.5082e-09
-2.16373e-15
1.5082e-09
-2.11931e-15
1.50819e-09
-2.10254e-15
1.50818e-09
-2.06484e-15
1.50817e-09
-2.04628e-15
1.50816e-09
-2.0136e-15
1.50815e-09
-1.99443e-15
1.50815e-09
-1.96559e-15
1.50814e-09
-1.94655e-15
1.50813e-09
-1.92072e-15
1.50812e-09
-1.90225e-15
1.50812e-09
-1.87881e-15
1.50811e-09
-1.86122e-15
1.5081e-09
-1.83977e-15
1.50809e-09
-1.82325e-15
1.50809e-09
-1.80341e-15
1.50808e-09
-1.78798e-15
1.50807e-09
-1.76948e-15
1.50806e-09
-1.75506e-15
1.50806e-09
-1.73768e-15
1.50805e-09
-1.72419e-15
1.50804e-09
-1.70774e-15
1.50804e-09
-1.69491e-15
1.50803e-09
-1.67897e-15
1.50802e-09
-1.66634e-15
1.50802e-09
-1.65158e-15
1.50801e-09
-1.63918e-15
1.508e-09
-1.62744e-15
1.508e-09
-1.61587e-15
1.50799e-09
-1.60632e-15
1.50798e-09
-1.59527e-15
1.50798e-09
-1.58534e-15
1.50797e-09
-1.57372e-15
1.50797e-09
-1.56294e-15
1.50796e-09
-1.55085e-15
1.50795e-09
-1.54003e-15
1.50795e-09
-1.52815e-15
1.50794e-09
-1.51775e-15
1.50794e-09
-1.50623e-15
1.50793e-09
-1.49608e-15
1.50792e-09
-1.48463e-15
1.50792e-09
-1.47434e-15
1.50791e-09
-1.46258e-15
1.50791e-09
-1.45176e-15
1.5079e-09
-1.43924e-15
1.50789e-09
-1.42738e-15
1.50789e-09
-1.41348e-15
1.50788e-09
-1.39979e-15
1.50788e-09
-1.38353e-15
1.50787e-09
-1.36677e-15
1.50787e-09
-1.34655e-15
1.50786e-09
-1.3247e-15
1.50786e-09
-1.29805e-15
1.50785e-09
-1.26807e-15
1.50785e-09
-1.23136e-15
1.50784e-09
-1.189e-15
1.50784e-09
-1.13742e-15
1.50783e-09
-1.07724e-15
1.50783e-09
-1.00346e-15
1.50783e-09
-9.11644e-16
1.50782e-09
-7.75976e-16
1.50782e-09
-5.47656e-16
1.50782e-09
-1.34244e-16
1.50782e-09
3.99994e-16
1.50782e-09
8.11982e-16
1.50783e-09
1.04006e-15
1.50783e-09
1.17659e-15
1.50784e-09
1.27058e-15
1.50784e-09
1.34706e-15
1.50785e-09
1.41121e-15
1.50785e-09
1.46716e-15
1.50786e-09
1.51515e-15
1.50787e-09
1.55778e-15
1.50787e-09
1.59496e-15
1.50788e-09
1.62901e-15
1.50789e-09
1.65954e-15
1.50789e-09
1.68859e-15
1.5079e-09
1.71541e-15
1.50791e-09
1.74181e-15
1.50791e-09
1.76685e-15
1.50792e-09
1.79209e-15
1.50793e-09
1.81649e-15
1.50793e-09
1.84147e-15
1.50794e-09
1.86592e-15
1.50795e-09
1.89113e-15
1.50796e-09
1.91599e-15
1.50796e-09
1.94169e-15
1.50797e-09
1.96719e-15
1.50798e-09
1.99357e-15
1.50799e-09
2.01991e-15
1.508e-09
2.04711e-15
1.508e-09
2.07433e-15
1.50801e-09
2.1023e-15
1.50802e-09
2.13029e-15
1.50803e-09
2.15899e-15
1.50804e-09
2.18758e-15
1.50805e-09
2.21725e-15
1.50805e-09
2.24648e-15
1.50806e-09
2.27715e-15
1.50807e-09
2.30706e-15
1.50808e-09
2.33834e-15
1.50809e-09
2.36888e-15
1.5081e-09
2.4006e-15
1.50811e-09
2.43167e-15
1.50812e-09
2.4638e-15
1.50813e-09
2.49539e-15
1.50814e-09
2.52784e-15
1.50815e-09
2.55989e-15
1.50816e-09
2.59257e-15
1.50817e-09
2.62506e-15
1.50818e-09
2.65777e-15
1.50819e-09
2.69066e-15
1.5082e-09
2.72321e-15
1.50821e-09
2.75647e-15
1.50822e-09
2.7886e-15
1.50823e-09
2.82228e-15
1.50824e-09
2.85365e-15
1.50826e-09
2.8879e-15
1.50827e-09
2.91806e-15
1.50828e-09
2.95315e-15
1.50829e-09
2.98149e-15
1.5083e-09
3.01787e-15
1.50831e-09
3.04355e-15
1.50833e-09
3.08194e-15
1.50834e-09
3.10376e-15
1.50835e-09
3.14531e-15
1.50836e-09
3.16158e-15
1.50837e-09
3.20799e-15
1.50839e-09
3.21637e-15
1.5084e-09
3.27017e-15
1.50841e-09
3.26736e-15
1.50843e-09
3.33224e-15
1.50844e-09
3.31363e-15
1.50845e-09
3.39489e-15
1.50846e-09
3.35407e-15
1.50848e-09
3.45925e-15
1.50849e-09
3.3874e-15
1.5085e-09
3.52715e-15
1.50852e-09
3.41212e-15
1.50853e-09
3.60149e-15
1.50855e-09
3.4267e-15
1.50856e-09
3.68687e-15
1.50857e-09
3.42984e-15
1.50859e-09
3.79069e-15
1.5086e-09
3.42108e-15
1.50862e-09
3.92496e-15
1.50863e-09
3.40222e-15
1.50864e-09
4.10949e-15
1.50866e-09
3.37973e-15
1.50867e-09
4.37727e-15
1.50869e-09
3.36956e-15
1.50871e-09
4.7838e-15
1.50872e-09
3.40596e-15
1.50874e-09
5.42326e-15
1.50875e-09
3.55745e-15
1.50878e-09
6.45604e-15
1.5088e-09
3.9548e-15
1.50882e-09
8.15525e-15
1.50885e-09
4.83988e-15
1.50888e-09
1.09852e-14
1.50891e-09
6.64921e-15
1.50896e-09
1.57323e-14
1.50901e-09
1.01553e-14
1.50909e-09
2.37208e-14
1.50917e-09
1.67019e-14
1.50929e-09
3.71662e-14
1.50942e-09
2.85898e-14
1.50962e-09
5.97438e-14
1.50984e-09
4.96985e-14
1.51017e-09
9.7496e-14
1.51055e-09
8.64754e-14
1.5111e-09
1.60256e-13
1.51174e-09
1.49476e-13
1.51266e-09
2.63851e-13
1.51374e-09
2.55725e-13
1.51527e-09
4.33453e-13
1.51707e-09
4.32258e-13
1.5196e-09
7.08606e-13
1.52259e-09
7.21354e-13
1.52673e-09
1.15069e-12
1.53162e-09
1.18822e-12
1.53833e-09
1.85405e-12
1.54626e-09
1.93252e-12
1.55705e-09
2.96332e-12
1.56979e-09
3.10678e-12
1.58697e-09
4.70228e-12
1.60726e-09
4.94855e-12
1.6345e-09
7.42473e-12
1.66662e-09
7.83506e-12
1.70966e-09
1.16919e-11
1.76022e-09
1.23327e-11
1.82763e-09
1.82773e-11
1.90529e-09
1.89554e-11
2.00647e-09
2.74601e-11
2.11485e-09
2.64137e-11
2.24541e-09
3.57332e-11
2.3581e-09
2.69388e-11
3.13758e-11
2.47089e-09
6.0082e-10
-6.32427e-10
5.73976e-10
5.38209e-10
5.11899e-10
4.84316e-10
4.65366e-10
4.46962e-10
4.34617e-10
4.22831e-10
4.14991e-10
4.07503e-10
4.02557e-10
3.97814e-10
3.94713e-10
3.91723e-10
3.89798e-10
3.87925e-10
3.86745e-10
3.8558e-10
3.84865e-10
3.84146e-10
3.83719e-10
3.83278e-10
3.83026e-10
3.82755e-10
3.82609e-10
3.82443e-10
3.82359e-10
3.82257e-10
3.82209e-10
3.82146e-10
3.82118e-10
3.82079e-10
3.82063e-10
3.82037e-10
3.82027e-10
3.8201e-10
3.82004e-10
3.81992e-10
3.81987e-10
3.81978e-10
3.81975e-10
3.81968e-10
3.81965e-10
3.81959e-10
3.81956e-10
3.81951e-10
3.81948e-10
3.81944e-10
3.81941e-10
3.81937e-10
3.81934e-10
3.81931e-10
3.81928e-10
3.81925e-10
3.81922e-10
3.81919e-10
3.81916e-10
3.81913e-10
3.81911e-10
3.81908e-10
3.81905e-10
3.81903e-10
3.819e-10
3.81898e-10
3.81895e-10
3.81893e-10
3.8189e-10
3.81888e-10
3.81886e-10
3.81883e-10
3.81881e-10
3.81879e-10
3.81877e-10
3.81875e-10
3.81872e-10
3.8187e-10
3.81868e-10
3.81866e-10
3.81864e-10
3.81862e-10
3.8186e-10
3.81858e-10
3.81857e-10
3.81855e-10
3.81853e-10
3.81851e-10
3.81849e-10
3.81847e-10
3.81846e-10
3.81844e-10
3.81842e-10
3.8184e-10
3.81839e-10
3.81837e-10
3.81835e-10
3.81833e-10
3.81832e-10
3.8183e-10
3.81828e-10
3.81827e-10
3.81825e-10
3.81824e-10
3.81822e-10
3.8182e-10
3.81819e-10
3.81817e-10
3.81816e-10
3.81814e-10
3.81813e-10
3.81811e-10
3.8181e-10
3.81808e-10
3.81807e-10
3.81805e-10
3.81804e-10
3.81802e-10
3.81801e-10
3.818e-10
3.81798e-10
3.81797e-10
3.81795e-10
3.81794e-10
3.81793e-10
3.81791e-10
3.8179e-10
3.81789e-10
3.81788e-10
3.81787e-10
3.81786e-10
3.81785e-10
3.81784e-10
3.81783e-10
3.81782e-10
3.81782e-10
3.81783e-10
3.81783e-10
3.81784e-10
3.81786e-10
3.81787e-10
3.81788e-10
3.8179e-10
3.81791e-10
3.81793e-10
3.81794e-10
3.81796e-10
3.81797e-10
3.81799e-10
3.81801e-10
3.81802e-10
3.81804e-10
3.81806e-10
3.81808e-10
3.8181e-10
3.81811e-10
3.81813e-10
3.81815e-10
3.81817e-10
3.81819e-10
3.81821e-10
3.81823e-10
3.81825e-10
3.81827e-10
3.81829e-10
3.81831e-10
3.81833e-10
3.81835e-10
3.81838e-10
3.8184e-10
3.81842e-10
3.81844e-10
3.81847e-10
3.81849e-10
3.81851e-10
3.81854e-10
3.81856e-10
3.81859e-10
3.81861e-10
3.81864e-10
3.81866e-10
3.81869e-10
3.81871e-10
3.81874e-10
3.81877e-10
3.81879e-10
3.81882e-10
3.81885e-10
3.81888e-10
3.81891e-10
3.81893e-10
3.81896e-10
3.81899e-10
3.81902e-10
3.81905e-10
3.81908e-10
3.81911e-10
3.81914e-10
3.81918e-10
3.81921e-10
3.81924e-10
3.81927e-10
3.8193e-10
3.81933e-10
3.81937e-10
3.8194e-10
3.81943e-10
3.81947e-10
3.8195e-10
3.81953e-10
3.81957e-10
3.8196e-10
3.81964e-10
3.81967e-10
3.81971e-10
3.81974e-10
3.81978e-10
3.81981e-10
3.81985e-10
3.81988e-10
3.81992e-10
3.81996e-10
3.82e-10
3.82003e-10
3.82008e-10
3.82011e-10
3.82016e-10
3.8202e-10
3.82026e-10
3.8203e-10
3.82038e-10
3.82043e-10
3.82053e-10
3.8206e-10
3.82076e-10
3.82086e-10
3.82109e-10
3.82126e-10
3.82163e-10
3.82191e-10
3.82251e-10
3.823e-10
3.82397e-10
3.82484e-10
3.82644e-10
3.82793e-10
3.83057e-10
3.83312e-10
3.83745e-10
3.84177e-10
3.84886e-10
3.85607e-10
3.86757e-10
3.87945e-10
3.89799e-10
3.91731e-10
3.94694e-10
3.97801e-10
4.02503e-10
4.07451e-10
4.14875e-10
4.2271e-10
4.34402e-10
4.46734e-10
4.65011e-10
4.83966e-10
5.11425e-10
5.37839e-10
5.73571e-10
6.0051e-10
6.31886e-10
6.36493e-09
1.44682e-08
2.32845e-09
4.03649e-09
1.15508e-09
1.17337e-09
8.06961e-10
3.48113e-10
7.11186e-10
9.57749e-11
6.77489e-10
3.36972e-11
6.74937e-10
2.5519e-12
6.67867e-10
7.0694e-12
6.71142e-10
-3.27451e-12
6.61886e-10
9.25627e-12
6.6053e-10
1.35517e-12
6.42902e-10
1.76445e-11
1.0552e-11
1.33311e-08
2.67765e-08
5.96705e-09
1.14006e-08
3.60575e-09
3.53468e-09
2.8997e-09
1.05416e-09
2.70504e-09
2.90433e-10
2.64045e-09
9.82872e-11
2.63531e-09
7.68706e-12
2.62156e-09
2.08244e-11
2.62618e-09
-7.8971e-12
2.60143e-09
3.40097e-11
2.5874e-09
1.53862e-11
2.52805e-09
7.70564e-11
6.54248e-11
1.89198e-08
3.94114e-08
1.03454e-08
1.99749e-08
7.2083e-09
6.67184e-09
6.25165e-09
2.01081e-09
5.98788e-09
5.54195e-10
5.90461e-09
1.81544e-10
5.89937e-09
1.29237e-11
5.87954e-09
4.06542e-11
5.8838e-09
-1.2154e-11
5.83684e-09
8.09706e-11
5.79863e-09
5.35951e-11
5.67308e-09
2.02755e-10
1.98464e-10
2.65707e-08
5.16751e-08
1.69099e-08
2.96358e-08
1.28759e-08
1.07058e-08
1.16079e-08
3.27885e-09
1.12546e-08
9.075e-10
1.11482e-08
2.87909e-10
1.11427e-08
1.8422e-11
1.11144e-08
6.89661e-11
1.1116e-08
-1.37404e-11
1.10344e-08
1.62557e-10
1.09546e-08
1.33377e-10
1.07251e-08
4.32488e-10
4.57329e-10
3.68517e-08
6.26172e-08
2.65049e-08
3.99826e-08
2.15521e-08
1.56587e-08
1.99283e-08
4.90275e-09
1.94661e-08
1.36976e-09
1.93325e-08
4.21376e-10
1.93263e-08
2.4579e-11
1.92862e-08
1.09025e-10
1.92807e-08
-8.17049e-12
1.91464e-08
2.96834e-10
1.89981e-08
2.81677e-10
1.86103e-08
8.20718e-10
9.11778e-10
5.03947e-08
7.10426e-08
4.01752e-08
5.0202e-08
3.44962e-08
2.13377e-08
3.25273e-08
6.87176e-09
3.19481e-08
1.94913e-09
3.17861e-08
5.83349e-10
3.17786e-08
3.19791e-11
3.17224e-08
1.65203e-10
3.17019e-08
1.2271e-11
3.14894e-08
5.09306e-10
3.12327e-08
5.38276e-10
3.06104e-08
1.44379e-09
1.66062e-09
6.78511e-08
7.55816e-08
5.91296e-08
5.89236e-08
5.32985e-08
2.71687e-08
5.1119e-08
9.05128e-09
5.04472e-08
2.62117e-09
5.02629e-08
7.67897e-10
5.02538e-08
4.11742e-11
5.01757e-08
2.43072e-10
5.01283e-08
5.95415e-11
4.98035e-08
8.33991e-10
4.93834e-08
9.5823e-10
4.84241e-08
2.40438e-09
2.83831e-09
8.98469e-08
7.48258e-08
8.46385e-08
6.4132e-08
7.98033e-08
3.20039e-08
7.77737e-08
1.10809e-08
7.71027e-08
3.29226e-09
7.69186e-08
9.52505e-10
7.69084e-08
5.17468e-11
7.68029e-08
3.48554e-10
7.67122e-08
1.50177e-10
7.62343e-08
1.31156e-09
7.55819e-08
1.61026e-09
7.41564e-08
3.83154e-09
4.61804e-09
1.16947e-07
6.75237e-08
1.1784e-07
6.32385e-08
1.15858e-07
3.39859e-08
1.14678e-07
1.22612e-08
1.14221e-07
3.74996e-09
1.14089e-07
1.08412e-09
1.14081e-07
6.04339e-11
1.13946e-07
4.84428e-10
1.13794e-07
3.01942e-10
1.13126e-07
1.97984e-09
1.12171e-07
2.56439e-09
1.10136e-07
5.8687e-09
7.20464e-09
1.49672e-07
5.27923e-08
1.59469e-07
5.34415e-08
1.628e-07
3.0655e-08
1.63547e-07
1.15139e-08
1.63672e-07
3.6254e-09
1.6369e-07
1.06572e-09
1.63693e-07
5.77939e-11
1.63536e-07
6.42137e-10
1.63316e-07
5.22922e-10
1.62451e-07
2.84509e-09
1.6116e-07
3.85421e-09
1.58399e-07
8.63265e-09
1.08024e-08
1.88605e-07
3.02589e-08
2.09557e-07
3.24899e-08
2.20625e-07
1.9587e-08
2.24528e-07
7.61073e-09
2.25703e-07
2.45033e-09
2.26004e-07
7.64788e-10
2.26035e-07
2.691e-11
2.25892e-07
7.86688e-10
2.2563e-07
7.85854e-10
2.24655e-07
3.82089e-09
2.23118e-07
5.39027e-09
2.19649e-07
1.21056e-08
1.55217e-08
2.34646e-07
-1.77543e-12
2.67139e-07
-2.95546e-12
2.86734e-07
-7.42133e-12
2.94348e-07
-3.60628e-12
2.96833e-07
-3.51155e-11
2.97509e-07
8.96387e-11
2.97587e-07
-5.1151e-11
2.97535e-07
8.38525e-10
2.97337e-07
9.85687e-10
2.96548e-07
4.61199e-09
2.95152e-07
6.78434e-09
2.91397e-07
1.58659e-08
2.11125e-08
2.34646e-07
-3.02621e-08
2.67139e-07
-3.24954e-08
2.86732e-07
-1.96008e-08
2.94346e-07
-7.61791e-09
2.96828e-07
-2.51637e-09
2.97524e-07
-6.06382e-10
2.9761e-07
-1.3722e-10
2.97723e-07
7.26075e-10
2.97752e-07
9.57642e-10
2.97704e-07
4.6621e-09
2.97342e-07
7.14444e-09
2.95089e-07
1.81245e-08
2.53578e-08
1.88605e-07
-5.27949e-08
2.09555e-07
-5.3446e-08
2.20621e-07
-3.06664e-08
2.24524e-07
-1.15206e-08
2.25689e-07
-3.68135e-09
2.2603e-07
-9.47075e-10
2.26067e-07
-1.74421e-10
2.26254e-07
5.39703e-10
2.26438e-07
7.75216e-10
2.27037e-07
4.06403e-09
2.27728e-07
6.45212e-09
2.278e-07
1.80556e-08
2.66636e-08
1.49671e-07
-6.75256e-08
1.59467e-07
-6.32419e-08
1.62795e-07
-3.39946e-08
1.63541e-07
-1.22668e-08
1.63654e-07
-3.79353e-09
1.6371e-07
-1.00369e-09
1.63706e-07
-1.69675e-10
1.63887e-07
3.59936e-10
1.64093e-07
5.6925e-10
1.64945e-07
3.21323e-09
1.66118e-07
5.27779e-09
1.67847e-07
1.63292e-08
2.55039e-08
1.16946e-07
-7.48271e-08
1.17839e-07
-6.41344e-08
1.15854e-07
-3.20101e-08
1.14673e-07
-1.10852e-08
1.14203e-07
-3.3237e-09
1.14101e-07
-9.0144e-10
1.14074e-07
-1.41712e-10
1.14216e-07
2.18241e-10
1.14386e-07
3.99435e-10
1.15233e-07
2.3661e-09
1.1647e-07
4.03952e-09
1.19098e-07
1.37034e-08
2.26687e-08
8.98464e-08
-7.55825e-08
8.46372e-08
-5.89252e-08
7.98e-08
-2.71728e-08
7.77691e-08
-9.05435e-09
7.70878e-08
-2.64228e-09
7.69239e-08
-7.37054e-10
7.68895e-08
-1.06952e-10
7.69887e-08
1.19058e-10
7.71102e-08
2.77769e-10
7.783e-08
1.64607e-09
7.89115e-08
2.95758e-09
8.18087e-08
1.08081e-08
1.89654e-08
6.78508e-08
-7.10431e-08
5.91286e-08
-5.0203e-08
5.3296e-08
-2.13402e-08
5.11155e-08
-6.87378e-09
5.04357e-08
-1.96229e-09
5.02645e-08
-5.65553e-10
5.02323e-08
-7.47299e-11
5.02955e-08
5.57461e-11
5.03779e-08
1.95169e-10
5.09352e-08
1.08866e-09
5.1792e-08
2.10066e-09
5.45375e-08
8.06393e-09
1.50431e-08
5.03944e-08
-6.26175e-08
4.01745e-08
-3.99832e-08
3.44945e-08
-1.56602e-08
3.25248e-08
-4.90398e-09
3.19399e-08
-1.37728e-09
3.1786e-08
-4.11632e-10
3.176e-08
-4.88383e-11
3.17966e-08
1.90687e-11
3.18532e-08
1.38576e-10
3.22581e-08
6.83667e-10
3.29041e-08
1.45468e-09
3.5275e-08
5.6939e-09
1.13336e-08
3.68516e-08
-5.16752e-08
2.65045e-08
-2.96361e-08
2.1551e-08
-1.07066e-08
1.99266e-08
-3.27954e-09
1.94607e-08
-9.11316e-10
1.9332e-08
-2.82942e-10
1.93128e-08
-2.97582e-11
1.93314e-08
5.19541e-13
1.93725e-08
9.74044e-11
1.96528e-08
4.03425e-10
2.01324e-08
9.74987e-10
2.20527e-08
3.77423e-09
8.06981e-09
2.65707e-08
-3.94115e-08
1.69096e-08
-1.99751e-08
1.28753e-08
-6.67219e-09
1.16069e-08
-2.01116e-09
1.12514e-08
-5.55804e-10
1.11477e-08
-1.79282e-10
1.11344e-08
-1.65142e-11
1.11415e-08
-6.55996e-12
1.11739e-08
6.50107e-11
1.13597e-08
2.17591e-10
1.17196e-08
6.15115e-10
1.32031e-08
2.29108e-09
5.33752e-09
1.89197e-08
-2.67766e-08
1.03453e-08
-1.14006e-08
7.20793e-09
-3.5348e-09
6.25108e-09
-1.0543e-09
5.98616e-09
-2.90902e-10
5.90433e-09
-9.7452e-11
5.8955e-09
-7.68733e-12
5.89582e-09
-6.88405e-12
5.92302e-09
3.78167e-11
6.04106e-09
9.95458e-11
6.31812e-09
3.38055e-10
7.42348e-09
1.1859e-09
3.12945e-09
1.33311e-08
-1.44682e-08
5.96698e-09
-4.0365e-09
3.60558e-09
-1.1734e-09
2.89943e-09
-3.48147e-10
2.70434e-09
-9.5819e-11
2.64041e-09
-3.35173e-11
2.63468e-09
-1.96495e-12
2.63136e-09
-3.56149e-12
2.65508e-09
1.4098e-11
2.72629e-09
2.83335e-11
2.94629e-09
1.18055e-10
3.74702e-09
3.85271e-10
1.38919e-09
6.36493e-09
2.32843e-09
1.15503e-09
8.06884e-10
7.11065e-10
6.77548e-10
6.75583e-10
6.72021e-10
6.86119e-10
7.14453e-10
8.32508e-10
1.21781e-09
6.36471e-09
1.44684e-08
2.32828e-09
4.03644e-09
1.15497e-09
1.17331e-09
8.06865e-10
3.48101e-10
7.11058e-10
9.58063e-11
6.77545e-10
3.35136e-11
6.75574e-10
1.97046e-12
6.72005e-10
3.56948e-12
6.8609e-10
-1.40852e-11
7.144e-10
-2.83105e-11
8.32444e-10
-1.18044e-10
1.21773e-09
-3.85265e-10
-1.38924e-09
1.33302e-08
2.67777e-08
5.96639e-09
1.14002e-08
3.60539e-09
3.53432e-09
2.89938e-09
1.0541e-09
2.70433e-09
2.90854e-10
2.6404e-09
9.74406e-11
2.63465e-09
7.71891e-12
2.63131e-09
6.91142e-12
2.65496e-09
-3.77381e-11
2.72612e-09
-9.94625e-11
2.94601e-09
-3.37937e-10
3.74679e-09
-1.18598e-09
-3.12989e-09
1.89177e-08
3.94146e-08
1.0344e-08
1.99739e-08
7.20755e-09
6.67084e-09
6.251e-09
2.01066e-09
5.98615e-09
5.5569e-10
5.90432e-09
1.7926e-10
5.89543e-09
1.6606e-11
5.89572e-09
6.62146e-12
5.92276e-09
-6.47789e-11
6.0407e-09
-2.17396e-10
6.31749e-09
-6.14735e-10
7.42306e-09
-2.2914e-09
-5.33891e-09
2.65673e-08
5.16817e-08
1.69075e-08
2.96338e-08
1.28746e-08
1.07037e-08
1.16068e-08
3.27852e-09
1.12513e-08
9.11091e-10
1.11477e-08
2.82904e-10
1.11343e-08
2.99595e-11
1.11413e-08
-3.98835e-13
1.11734e-08
-9.68943e-11
1.13591e-08
-4.03038e-10
1.17185e-08
-9.74156e-10
1.32024e-08
-3.77504e-09
-8.07285e-09
3.68467e-08
6.26288e-08
2.65012e-08
3.99793e-08
2.155e-08
1.5655e-08
1.99264e-08
4.90215e-09
1.94607e-08
1.37688e-09
1.93319e-08
4.11575e-10
1.93126e-08
4.92159e-11
1.93311e-08
-1.88477e-11
1.93718e-08
-1.37621e-10
1.96517e-08
-6.82972e-10
2.01308e-08
-1.45321e-09
2.20516e-08
-5.6955e-09
-1.1339e-08
5.03882e-08
7.10607e-08
4.01699e-08
5.01976e-08
3.4493e-08
2.13319e-08
3.25245e-08
6.87078e-09
3.19399e-08
1.96163e-09
3.1786e-08
5.65473e-10
3.17598e-08
7.53669e-11
3.17962e-08
-5.53607e-11
3.18521e-08
-1.93563e-10
3.22566e-08
-1.08749e-09
3.29017e-08
-2.09838e-09
3.52736e-08
-8.06671e-09
-1.50518e-08
6.78438e-08
7.56071e-08
5.91229e-08
5.89184e-08
5.32941e-08
2.71607e-08
5.11151e-08
9.04983e-09
5.04357e-08
2.64128e-09
5.02644e-08
7.36949e-10
5.02319e-08
1.07941e-10
5.02948e-08
-1.18414e-10
5.03763e-08
-2.75292e-10
5.0933e-08
-1.64424e-09
5.17889e-08
-2.95445e-09
5.45356e-08
-1.08124e-08
-1.89776e-08
8.98398e-08
7.48583e-08
8.46311e-08
6.41271e-08
7.97978e-08
3.19941e-08
7.77686e-08
1.1079e-08
7.70877e-08
3.32229e-09
7.69238e-08
9.01322e-10
7.68889e-08
1.43136e-10
7.69878e-08
-2.17215e-10
7.71083e-08
-3.959e-10
7.78272e-08
-2.36342e-09
7.8908e-08
-4.03567e-09
8.18064e-08
-1.37095e-08
-2.26844e-08
1.16943e-07
6.75606e-08
1.17834e-07
6.32353e-08
1.15853e-07
3.3976e-08
1.14672e-07
1.22593e-08
1.14203e-07
3.79177e-09
1.14101e-07
1.00359e-09
1.14073e-07
1.71576e-10
1.14215e-07
-3.58393e-10
1.14384e-07
-5.64578e-10
1.1523e-07
-3.20957e-09
1.16467e-07
-5.27351e-09
1.19096e-07
-1.63368e-08
-2.5522e-08
1.49673e-07
5.28278e-08
1.59467e-07
5.34412e-08
1.62795e-07
3.06484e-08
1.63541e-07
1.1513e-08
1.63654e-07
3.67955e-09
1.6371e-07
9.47086e-10
1.63705e-07
1.76742e-10
1.63885e-07
-5.37548e-10
1.64091e-07
-7.6954e-10
1.64941e-07
-4.0595e-09
1.66114e-07
-6.44776e-09
1.67844e-07
-1.80641e-08
-2.66819e-08
1.88616e-07
3.02838e-08
2.09564e-07
3.24931e-08
2.20624e-07
1.95886e-08
2.24524e-07
7.61261e-09
2.25689e-07
2.5152e-09
2.26029e-07
6.06652e-10
2.26066e-07
1.39756e-10
2.26253e-07
-7.23323e-10
2.26436e-07
-9.51399e-10
2.27035e-07
-4.657e-09
2.27725e-07
-7.1402e-09
2.27796e-07
-1.81323e-08
-2.53736e-08
2.34668e-07
1.7869e-12
2.67158e-07
2.97736e-12
2.86739e-07
7.49006e-12
2.94348e-07
3.7188e-12
2.96828e-07
3.55262e-11
2.97523e-07
-8.89406e-11
2.97609e-07
5.35248e-11
2.97722e-07
-8.3543e-10
2.97752e-07
-9.79603e-10
2.97704e-07
-4.60677e-09
2.97342e-07
-6.7801e-09
2.95084e-07
-1.58712e-08
-2.11232e-08
2.34668e-07
-3.02805e-08
2.67159e-07
-3.24875e-08
2.86741e-07
-1.95747e-08
2.9435e-07
-7.60523e-09
2.96834e-07
-2.4484e-09
2.97509e-07
-7.6379e-10
2.97587e-07
-2.50357e-11
2.97536e-07
-7.83738e-10
2.97339e-07
-7.80624e-10
2.9655e-07
-3.81609e-09
2.95154e-07
-5.38604e-09
2.91394e-07
-1.21078e-08
-1.55274e-08
1.88617e-07
-5.28252e-08
2.09566e-07
-5.34367e-08
2.20628e-07
-3.06368e-08
2.24529e-07
-1.15061e-08
2.25704e-07
-3.62297e-09
2.26004e-07
-1.06473e-09
2.26036e-07
-5.64512e-11
2.25893e-07
-6.39655e-10
2.25632e-07
-5.18772e-10
2.24658e-07
-2.84108e-09
2.23121e-07
-3.85031e-09
2.19649e-07
-8.63295e-09
-1.0805e-08
1.49674e-07
-6.75586e-08
1.59469e-07
-6.32318e-08
1.628e-07
-3.39672e-08
1.63547e-07
-1.22535e-08
1.63672e-07
-3.74773e-09
1.6369e-07
-1.0833e-09
1.63694e-07
-5.95316e-11
1.63538e-07
-4.82522e-10
1.63318e-07
-2.9885e-10
1.62454e-07
-1.97674e-09
1.61164e-07
-2.56108e-09
1.58401e-07
-5.86809e-09
-7.20554e-09
1.16943e-07
-7.4857e-08
1.17836e-07
-6.41247e-08
1.15857e-07
-3.19879e-08
1.14678e-07
-1.10746e-08
1.14221e-07
-3.29052e-09
1.1409e-07
-9.51899e-10
1.14082e-07
-5.11696e-11
1.13947e-07
-3.47188e-10
1.13796e-07
-1.48005e-10
1.13129e-07
-1.3093e-09
1.12175e-07
-1.60772e-09
1.10139e-07
-3.83067e-09
-4.61811e-09
8.98403e-08
-7.56062e-08
8.46324e-08
-5.89168e-08
7.98011e-08
-2.71566e-08
7.77732e-08
-9.04672e-09
7.71028e-08
-2.61994e-09
7.69188e-08
-7.67479e-10
7.69088e-08
-4.08208e-11
7.68038e-08
-2.42153e-10
7.67138e-08
-5.80988e-11
7.62367e-08
-8.32459e-10
7.5585e-08
-9.56422e-10
7.41591e-08
-2.40357e-09
-2.83806e-09
6.78441e-08
-7.10601e-08
5.91238e-08
-5.01966e-08
5.32966e-08
-2.13293e-08
5.11186e-08
-6.86873e-09
5.04473e-08
-1.94833e-09
5.02631e-08
-5.83076e-10
5.02541e-08
-3.17714e-11
5.01764e-08
-1.64623e-10
5.01295e-08
-1.13673e-11
4.98053e-08
-5.08336e-10
4.93858e-08
-5.37085e-10
4.84263e-08
-1.44318e-09
-1.6603e-09
5.03884e-08
-6.26285e-08
4.01706e-08
-3.99787e-08
3.44947e-08
-1.56535e-08
3.2527e-08
-4.9009e-09
3.19481e-08
-1.36928e-09
3.17863e-08
-4.21206e-10
3.17789e-08
-2.44624e-11
3.17228e-08
-1.08683e-10
3.17027e-08
8.69928e-12
3.14906e-08
-2.96263e-10
3.12345e-08
-2.80954e-10
3.06122e-08
-8.20303e-10
-9.115e-10
3.68469e-08
-5.16816e-08
2.65016e-08
-2.96335e-08
2.15511e-08
-1.0703e-08
1.99281e-08
-3.27782e-09
1.94661e-08
-9.07232e-10
1.93326e-08
-2.87809e-10
1.93265e-08
-1.83603e-11
1.92866e-08
-6.87825e-11
1.92812e-08
1.40234e-11
1.91472e-08
-1.62252e-10
1.89992e-08
-1.3298e-10
1.86115e-08
-4.32243e-10
-4.57141e-10
2.65674e-08
-3.94145e-08
1.69077e-08
-1.99737e-08
1.28753e-08
-6.67049e-09
1.16078e-08
-2.01031e-09
1.12546e-08
-5.5406e-10
1.11483e-08
-1.8149e-10
1.11428e-08
-1.28937e-11
1.11146e-08
-4.05678e-11
1.11163e-08
1.22868e-11
1.10349e-08
-8.08295e-11
1.09553e-08
-5.34062e-11
1.07259e-08
-2.02633e-10
-1.98359e-10
1.89178e-08
-2.67777e-08
1.03442e-08
-1.14002e-08
7.20792e-09
-3.5342e-09
6.25157e-09
-1.05396e-09
5.98788e-09
-2.90377e-10
5.90464e-09
-9.82619e-11
5.89942e-09
-7.67479e-12
5.87965e-09
-2.07922e-11
5.88399e-09
7.94648e-12
5.83712e-09
-3.39589e-11
5.79903e-09
-1.53159e-11
5.67351e-09
-7.70101e-11
-6.53791e-11
1.33302e-08
-1.44684e-08
5.96646e-09
-4.03642e-09
3.60555e-09
-1.17329e-09
2.89966e-09
-3.48067e-10
2.70503e-09
-9.57606e-11
2.64046e-09
-3.36896e-11
2.63534e-09
-2.54877e-12
2.62161e-09
-7.06261e-12
2.62627e-09
3.28503e-12
2.60155e-09
-9.24636e-12
2.58758e-09
-1.34038e-12
2.52825e-09
-1.76351e-11
-1.05404e-11
6.36472e-09
2.3283e-09
1.15501e-09
8.06943e-10
7.11182e-10
6.77492e-10
6.74943e-10
6.67881e-10
6.71166e-10
6.61919e-10
6.60579e-10
6.42956e-10
6.42603e-10
-1.07126e-11
6.61558e-10
-1.89404e-11
6.6236e-10
-7.98036e-13
6.71271e-10
-8.91093e-12
6.67588e-10
3.68285e-12
6.72536e-10
-4.94829e-12
6.68388e-10
4.14812e-12
6.72064e-10
-3.67536e-12
6.68713e-10
3.35059e-12
6.71659e-10
-2.94578e-12
6.68952e-10
2.70664e-12
6.71308e-10
-2.35603e-12
2.38199e-12
2.52763e-09
-6.74768e-11
2.59262e-09
-8.38831e-11
2.60376e-09
-1.19021e-11
2.62707e-09
-3.22084e-11
2.62137e-09
9.38144e-12
2.63089e-09
-1.4463e-11
2.62302e-09
1.20107e-11
2.62947e-09
-1.01254e-11
2.62362e-09
9.20539e-12
2.62854e-09
-7.86249e-12
2.62413e-09
7.11786e-12
2.62754e-09
-5.76688e-12
6.11225e-12
5.67311e-09
-2.06204e-10
5.81168e-09
-2.22383e-10
5.84267e-09
-4.28054e-11
5.88636e-09
-7.58413e-11
5.88004e-09
1.57127e-11
5.89395e-09
-2.83641e-11
5.88281e-09
2.31483e-11
5.89121e-09
-1.85204e-11
5.88365e-09
1.67592e-11
5.88966e-09
-1.38709e-11
5.88445e-09
1.2331e-11
5.88782e-09
-9.13803e-12
1.03421e-11
1.07267e-08
-4.77855e-10
1.09806e-08
-4.76216e-10
1.10463e-08
-1.0839e-10
1.11217e-08
-1.51139e-10
1.11161e-08
2.14484e-11
1.11359e-08
-4.81841e-11
1.11212e-08
3.79265e-11
1.11315e-08
-2.88737e-11
1.11223e-08
2.59569e-11
1.11293e-08
-2.08021e-11
1.11235e-08
1.81408e-11
1.11264e-08
-1.20725e-11
1.49552e-11
1.86155e-08
-9.57579e-10
1.90447e-08
-9.05439e-10
1.91686e-08
-2.32131e-10
1.92924e-08
-2.74676e-10
1.929e-08
2.40586e-11
1.93178e-08
-7.586e-11
1.92996e-08
5.61771e-11
1.93116e-08
-4.08163e-11
1.93012e-08
3.63495e-11
1.93086e-08
-2.81855e-11
1.93026e-08
2.40889e-11
1.93045e-08
-1.39959e-11
1.97372e-11
3.06228e-08
-1.75254e-09
3.13113e-08
-1.59384e-09
3.15284e-08
-4.49158e-10
3.1724e-08
-4.70036e-10
3.17294e-08
1.90226e-11
3.17678e-08
-1.13922e-10
3.17473e-08
7.68624e-11
3.176e-08
-5.3462e-11
3.17494e-08
4.69741e-11
3.17564e-08
-3.52068e-11
3.17511e-08
2.94565e-11
3.17513e-08
-1.4231e-11
2.44094e-11
4.84493e-08
-3.00925e-09
4.95091e-08
-2.6535e-09
4.98687e-08
-8.08656e-10
5.01676e-08
-7.68809e-10
5.01879e-08
-8.70619e-13
5.02402e-08
-1.65727e-10
5.02199e-08
9.76333e-11
5.0232e-08
-6.52963e-11
5.02228e-08
5.63018e-11
5.02283e-08
-4.07131e-11
5.02245e-08
3.33279e-11
5.02224e-08
-1.21793e-11
2.86398e-11
7.42023e-08
-4.91656e-09
7.57732e-08
-4.22428e-09
7.63378e-08
-1.37291e-09
7.67778e-08
-1.20877e-09
7.68227e-08
-4.55389e-11
7.68928e-08
-2.35261e-10
7.68768e-08
1.14321e-10
7.68862e-08
-7.41788e-11
7.68806e-08
6.22874e-11
7.68834e-08
-4.32815e-11
7.68821e-08
3.47365e-11
7.68777e-08
-7.68118e-12
3.18955e-11
1.10211e-07
-7.69636e-09
1.12446e-07
-6.45919e-09
1.13279e-07
-2.20623e-09
1.13896e-07
-1.82486e-09
1.13976e-07
-1.25748e-10
1.14066e-07
-3.25378e-10
1.14061e-07
1.2081e-10
1.14065e-07
-7.74748e-11
1.14065e-07
6.25559e-11
1.14064e-07
-4.13997e-11
1.14066e-07
3.28417e-11
1.1406e-07
-1.62403e-12
3.29912e-11
1.58506e-07
-1.15647e-08
1.61523e-07
-9.47589e-09
1.62657e-07
-3.3399e-09
1.63455e-07
-2.62327e-09
1.63577e-07
-2.47063e-10
1.63685e-07
-4.32846e-10
1.63696e-07
1.10018e-10
1.63692e-07
-7.21461e-11
1.637e-07
5.48733e-11
1.63694e-07
-3.37354e-11
1.637e-07
2.70635e-11
1.63695e-07
3.60156e-12
2.9686e-11
2.19773e-07
-1.66222e-08
2.23531e-07
-1.32341e-08
2.24883e-07
-4.69227e-09
2.25784e-07
-3.52351e-09
2.25933e-07
-3.95386e-10
2.26039e-07
-5.38238e-10
2.26072e-07
7.67311e-11
2.26056e-07
-5.47023e-11
2.26074e-07
3.7967e-11
2.26061e-07
-1.93416e-11
2.26072e-07
1.72336e-11
2.26071e-07
4.96061e-12
1.93675e-11
2.91476e-07
-2.25541e-08
2.95478e-07
-1.72364e-08
2.96698e-07
-5.91215e-09
2.97428e-07
-4.25195e-09
2.97546e-07
-5.12919e-10
2.97599e-07
-5.90624e-10
2.97654e-07
2.17217e-11
2.97622e-07
-2.18236e-11
2.97649e-07
1.19885e-11
2.97629e-07
1.95457e-12
2.97644e-07
3.54703e-12
2.97649e-07
1.34376e-12
1.13239e-12
2.9501e-07
-2.69538e-08
2.97313e-07
-1.95393e-08
2.97622e-07
-6.22042e-09
2.9767e-07
-4.29935e-09
2.97664e-07
-5.06387e-10
2.97604e-07
-5.29621e-10
2.97657e-07
-3.15709e-11
2.97619e-07
1.67589e-11
2.97648e-07
-1.5209e-11
2.97628e-07
2.32189e-11
2.97644e-07
-1.06263e-11
2.97649e-07
-2.57858e-12
-1.73824e-11
2.27589e-07
-2.81878e-08
2.27382e-07
-1.93316e-08
2.26793e-07
-5.63173e-09
2.26252e-07
-3.75804e-09
2.26165e-07
-4.18631e-10
2.26043e-07
-4.06611e-10
2.26077e-07
-6.52472e-11
2.2605e-07
4.46269e-11
2.26071e-07
-3.52801e-11
2.26058e-07
3.72985e-11
2.2607e-07
-2.15694e-11
2.2607e-07
-1.8416e-12
-2.82493e-11
1.67597e-07
-2.68383e-08
1.65654e-07
-1.73895e-08
1.64673e-07
-4.65043e-09
1.63904e-07
-2.98779e-09
1.63807e-07
-3.21845e-10
1.63681e-07
-2.8008e-10
1.63698e-07
-8.14866e-11
1.63684e-07
5.94878e-11
1.63696e-07
-4.70745e-11
1.6369e-07
4.43846e-11
1.63698e-07
-2.86375e-11
1.63694e-07
2.79749e-12
-3.20569e-11
1.18879e-07
-2.37821e-08
1.16032e-07
-1.45424e-08
1.15005e-07
-3.62319e-09
1.14236e-07
-2.2184e-09
1.1416e-07
-2.44813e-10
1.14056e-07
-1.76457e-10
1.1406e-07
-8.41096e-11
1.14057e-07
6.30743e-11
1.14061e-07
-5.09984e-11
1.14061e-07
4.55627e-11
1.14064e-07
-3.17374e-11
1.14059e-07
8.42722e-12
-3.13134e-11
8.16571e-08
-1.98742e-08
7.85682e-08
-1.14534e-08
7.76669e-08
-2.7216e-09
7.70092e-08
-1.56058e-09
7.69545e-08
-1.89907e-10
7.68804e-08
-1.01864e-10
7.68744e-08
-7.73882e-11
7.68794e-08
5.86235e-11
7.68774e-08
-4.86832e-11
7.68809e-08
4.23178e-11
7.68806e-08
-3.13238e-11
7.68765e-08
1.2642e-11
-2.82828e-11
5.44594e-08
-1.57777e-08
5.15578e-08
-8.55158e-09
5.08305e-08
-1.99418e-09
5.03166e-08
-1.04664e-09
5.02772e-08
-1.50094e-10
5.02289e-08
-5.30739e-11
5.02173e-08
-6.53193e-11
5.02267e-08
4.94767e-11
5.02203e-08
-4.22362e-11
5.02265e-08
3.625e-11
5.02234e-08
-2.82052e-11
5.02215e-08
1.45094e-11
-2.41971e-11
3.52599e-08
-1.19206e-08
3.2764e-08
-6.0556e-09
3.21972e-08
-1.42728e-09
3.18194e-08
-6.68656e-10
3.1788e-08
-1.18322e-10
3.17592e-08
-2.39149e-11
3.17451e-08
-5.10742e-11
3.17562e-08
3.84266e-11
3.17477e-08
-3.36755e-11
3.17551e-08
2.88104e-11
3.17503e-08
-2.33664e-11
3.17507e-08
1.41563e-11
-1.96183e-11
2.20833e-08
-8.52696e-09
2.00616e-08
-4.0338e-09
1.96212e-08
-9.86773e-10
1.93557e-08
-4.02972e-10
1.93278e-08
-9.019e-11
1.93123e-08
-8.19683e-12
1.92981e-08
-3.6867e-11
1.93091e-08
2.74428e-11
1.93001e-08
-2.46364e-11
1.93077e-08
2.11418e-11
1.93021e-08
-1.77643e-11
1.93041e-08
1.21596e-11
-1.4895e-11
1.32625e-08
-5.67471e-09
1.1694e-08
-2.46528e-09
1.13465e-08
-6.39086e-10
1.11667e-08
-2.23095e-10
1.11403e-08
-6.37236e-11
1.11331e-08
-9.07695e-13
1.11203e-08
-2.40695e-11
1.11301e-08
1.76906e-11
1.11217e-08
-1.62371e-11
1.11288e-08
1.40322e-11
1.11232e-08
-1.2163e-11
1.11261e-08
9.18126e-12
-1.03164e-11
7.49766e-09
-3.35245e-09
6.3191e-09
-1.28666e-09
6.03843e-09
-3.58322e-10
5.92082e-09
-1.05426e-10
5.89557e-09
-3.84563e-11
5.89316e-09
1.50488e-12
5.88245e-09
-1.33541e-11
5.89044e-09
9.69672e-12
5.88328e-09
-9.08127e-12
5.88939e-09
7.92329e-12
5.88429e-09
-7.0616e-12
5.88769e-09
5.7852e-12
-6.10435e-12
3.82591e-09
-1.5027e-09
2.96098e-09
-4.21684e-10
2.7294e-09
-1.26705e-10
2.65518e-09
-3.11873e-11
2.63133e-09
-1.46061e-11
2.63151e-09
1.32029e-12
2.62301e-09
-4.85568e-12
2.62918e-09
3.53358e-12
2.62345e-09
-3.35434e-12
2.62841e-09
2.95918e-12
2.62405e-09
-2.69746e-12
2.62747e-09
2.36104e-12
-2.38107e-12
1.26618e-09
8.44517e-10
7.17818e-10
6.86632e-10
6.72026e-10
6.73346e-10
6.6849e-10
6.72024e-10
6.68669e-10
6.71629e-10
6.68931e-10
6.71292e-10
1.26638e-09
1.50281e-09
8.4468e-10
4.21713e-10
7.17954e-10
1.2673e-10
6.86739e-10
3.12157e-11
6.72123e-10
1.46159e-11
6.7343e-10
-1.30704e-12
6.68582e-10
4.84834e-12
6.72113e-10
-3.53114e-12
6.68771e-10
3.3424e-12
6.71731e-10
-2.96086e-12
6.69052e-10
2.67986e-12
6.71427e-10
-2.37542e-12
2.35375e-12
3.82655e-09
3.35255e-09
2.96161e-09
1.28669e-09
2.72991e-09
3.58459e-10
2.65559e-09
1.05548e-10
2.63169e-09
3.85156e-11
2.63184e-09
-1.45408e-12
2.62336e-09
1.33292e-11
2.62953e-09
-9.69688e-12
2.62383e-09
9.0385e-12
2.62881e-09
-7.94095e-12
2.62449e-09
6.99861e-12
2.62799e-09
-5.87715e-12
5.98605e-12
7.49896e-09
5.67457e-09
6.32048e-09
2.46521e-09
6.03955e-09
6.39463e-10
5.92174e-09
2.23398e-10
5.89637e-09
6.38975e-11
5.89389e-09
1.0317e-12
5.8832e-09
2.40163e-11
5.89121e-09
-1.77029e-11
5.88411e-09
1.61405e-11
5.89025e-09
-1.40887e-11
5.88523e-09
1.20206e-11
5.88881e-09
-9.45036e-12
1.00158e-11
1.32648e-08
8.52628e-09
1.16965e-08
4.03349e-09
1.13485e-08
9.87565e-10
1.11685e-08
4.0357e-10
1.11419e-08
9.05692e-11
1.11345e-08
8.44604e-12
1.11217e-08
3.6777e-11
1.11315e-08
-2.74778e-11
1.11232e-08
2.44581e-11
1.11303e-08
-2.12677e-11
1.11249e-08
1.74971e-11
1.11282e-08
-1.27396e-11
1.42922e-11
2.20871e-08
1.1919e-08
2.00657e-08
6.05485e-09
1.96247e-08
1.42871e-09
1.93587e-08
6.69695e-10
1.93304e-08
1.19021e-10
1.93146e-08
2.43527e-11
1.93005e-08
5.09438e-11
1.93115e-08
-3.84924e-11
1.93026e-08
3.33864e-11
1.93104e-08
-2.90421e-11
1.93049e-08
2.29197e-11
1.93074e-08
-1.52166e-11
1.85642e-11
3.52656e-08
1.57747e-08
3.27704e-08
8.55014e-09
3.22026e-08
1.99652e-09
3.18242e-08
1.04831e-09
3.17922e-08
1.51262e-10
3.17631e-08
5.37651e-11
3.1749e-08
6.5149e-11
3.17601e-08
-4.95777e-11
3.17517e-08
4.18127e-11
3.17593e-08
-3.66247e-11
3.17547e-08
2.75214e-11
3.17557e-08
-1.62481e-11
2.25189e-11
5.44679e-08
1.98696e-08
5.15671e-08
1.1451e-08
5.08386e-08
2.72509e-09
5.03239e-08
1.56307e-09
5.02837e-08
1.91743e-10
5.0235e-08
1.02883e-10
5.02233e-08
7.71854e-11
5.02326e-08
-5.87623e-11
5.02264e-08
4.81135e-11
5.02327e-08
-4.28651e-11
5.02299e-08
3.03561e-11
5.02289e-08
-1.52579e-11
2.58075e-11
8.1669e-08
2.37759e-08
7.85813e-08
1.45388e-08
7.76785e-08
3.62799e-09
7.70199e-08
2.22182e-09
7.69642e-08
2.47535e-10
7.68896e-08
1.77905e-10
7.68834e-08
8.39173e-11
7.68883e-08
-6.32442e-11
7.68864e-08
5.02924e-11
7.68899e-08
-4.62927e-11
7.68899e-08
3.04754e-11
7.68868e-08
-1.20323e-11
2.79477e-11
1.18896e-07
2.68309e-08
1.1605e-07
1.73849e-08
1.15021e-07
4.6566e-09
1.14251e-07
2.99211e-09
1.14173e-07
3.25576e-10
1.1407e-07
2.82043e-10
1.14073e-07
8.14167e-11
1.1407e-07
-5.96443e-11
1.14074e-07
4.62956e-11
1.14073e-07
-4.52558e-11
1.14077e-07
2.71577e-11
1.14072e-07
-7.20291e-12
2.79879e-11
1.67618e-07
2.81804e-08
1.65677e-07
1.93265e-08
1.64694e-07
5.63913e-09
1.63924e-07
3.76311e-09
1.63826e-07
4.23302e-10
1.63699e-07
4.09048e-10
1.63716e-07
6.54622e-11
1.63701e-07
-4.4673e-11
1.63714e-07
3.45874e-11
1.63707e-07
-3.8157e-11
1.63715e-07
2.01203e-11
1.63711e-07
-2.56576e-12
2.42166e-11
2.27617e-07
2.69482e-08
2.27409e-07
1.9535e-08
2.26819e-07
6.22867e-09
2.26278e-07
4.30487e-09
2.2619e-07
5.11703e-10
2.26067e-07
5.32272e-10
2.261e-07
3.22141e-11
2.26073e-07
-1.65836e-11
2.26094e-07
1.4857e-11
2.2608e-07
-2.37567e-11
2.26091e-07
9.67976e-12
2.2609e-07
-3.50038e-13
1.47178e-11
2.95044e-07
2.25521e-08
2.97345e-07
1.72345e-08
2.97653e-07
5.92058e-09
2.97701e-07
4.25744e-09
2.97695e-07
5.18271e-10
2.97635e-07
5.93053e-10
2.97688e-07
-2.06032e-11
2.97649e-07
2.22922e-11
2.97677e-07
-1.17323e-11
2.97656e-07
-1.79635e-12
2.9767e-07
-3.43039e-12
2.97672e-07
-1.16992e-12
-9.90324e-13
2.91507e-07
1.66235e-08
2.95507e-07
1.32349e-08
2.96728e-07
4.70004e-09
2.97457e-07
3.52841e-09
2.97576e-07
3.99996e-10
2.97629e-07
5.40114e-10
2.97684e-07
-7.5312e-11
2.97652e-07
5.53875e-11
2.97678e-07
-3.71496e-11
2.97657e-07
2.01616e-11
2.97671e-07
-1.60847e-11
2.97673e-07
-1.7626e-12
-1.64854e-11
2.19795e-07
1.15676e-08
2.23551e-07
9.47841e-09
2.24905e-07
3.34645e-09
2.25807e-07
2.62721e-09
2.25956e-07
2.50598e-10
2.26062e-07
4.34186e-10
2.26096e-07
-1.08546e-10
2.26079e-07
7.28914e-11
2.26097e-07
-5.3811e-11
2.26083e-07
3.4809e-11
2.26093e-07
-2.54708e-11
2.26091e-07
9.31237e-13
-2.55587e-11
1.5852e-07
7.69963e-09
1.61537e-07
6.46222e-09
1.62672e-07
2.21131e-09
1.63472e-07
1.82773e-09
1.63594e-07
1.28254e-10
1.63702e-07
3.26308e-10
1.63714e-07
-1.19473e-10
1.63709e-07
7.81524e-11
1.63718e-07
-6.15076e-11
1.63711e-07
4.24215e-11
1.63717e-07
-3.127e-11
1.63712e-07
6.0454e-12
-2.8921e-11
1.1022e-07
4.91951e-09
1.12455e-07
4.2271e-09
1.1329e-07
1.37655e-09
1.13907e-07
1.21069e-09
1.13988e-07
4.72394e-11
1.14079e-07
2.35882e-10
1.14073e-07
-1.13241e-10
1.14077e-07
7.47124e-11
1.14078e-07
-6.13964e-11
1.14076e-07
4.41116e-11
1.14079e-07
-3.34181e-11
1.14074e-07
1.12539e-11
-2.8568e-11
7.42079e-08
3.01158e-09
7.57794e-08
2.65572e-09
7.63451e-08
8.11085e-10
7.67858e-08
7.70028e-10
7.68312e-08
1.98226e-12
7.69014e-08
1.66097e-10
7.68855e-08
-9.68433e-11
7.6895e-08
6.5676e-11
7.68895e-08
-5.5611e-11
7.68924e-08
4.13241e-11
7.68914e-08
-3.23266e-11
7.6888e-08
1.47544e-11
-2.62066e-11
4.84527e-08
1.75419e-09
4.95131e-08
1.59541e-09
4.98736e-08
4.50688e-10
5.01729e-08
4.70772e-10
5.01935e-08
-1.83438e-11
5.02459e-08
1.14109e-10
5.02257e-08
-7.63241e-11
5.02379e-08
5.3714e-11
5.02288e-08
-4.64758e-11
5.02346e-08
3.56198e-11
5.0231e-08
-2.87534e-11
5.02298e-08
1.59363e-11
-2.27642e-11
3.06248e-08
9.58633e-10
3.13138e-08
9.0643e-10
3.15315e-08
2.33037e-10
3.17274e-08
2.75079e-10
3.1733e-08
-2.36785e-11
3.17714e-08
7.59421e-11
3.1751e-08
-5.58304e-11
3.17638e-08
4.09705e-11
3.17534e-08
-3.60171e-11
3.17606e-08
2.84388e-11
3.17554e-08
-2.36317e-11
3.17564e-08
1.50336e-11
-1.87049e-11
1.86166e-08
4.78462e-10
1.90463e-08
4.76779e-10
1.91705e-08
1.08877e-10
1.92944e-08
1.51328e-10
1.92922e-08
-2.12499e-11
1.932e-08
4.82177e-11
1.93019e-08
-3.77195e-11
1.93139e-08
2.89563e-11
1.93037e-08
-2.57555e-11
1.93112e-08
2.09392e-11
1.93054e-08
-1.78683e-11
1.93078e-08
1.26393e-11
-1.43651e-11
1.07273e-08
2.0651e-10
1.09814e-08
2.22654e-10
1.10474e-08
4.30317e-11
1.11229e-08
7.59148e-11
1.11173e-08
-1.56153e-11
1.11372e-08
2.8376e-11
1.11225e-08
-2.30389e-11
1.11329e-08
1.85557e-11
1.11238e-08
-1.66516e-11
1.11308e-08
1.39325e-11
1.11252e-08
-1.21861e-11
1.11284e-08
9.4006e-12
-1.00478e-11
5.6734e-09
6.75988e-11
5.81213e-09
8.39813e-11
5.84324e-09
1.19856e-11
5.88697e-09
3.223e-11
5.88071e-09
-9.33972e-12
5.89462e-09
1.44649e-11
5.88355e-09
-1.19638e-11
5.89197e-09
1.01346e-11
5.88447e-09
-9.15828e-12
5.89052e-09
7.88205e-12
5.88539e-09
-7.05402e-12
5.88894e-09
5.85644e-12
-5.9963e-12
2.52776e-09
1.07405e-11
2.59282e-09
1.89582e-11
2.60401e-09
8.16898e-13
2.62734e-09
8.91391e-12
2.62167e-09
-3.67123e-12
2.63119e-09
4.94707e-12
2.62336e-09
-4.13564e-12
2.62982e-09
3.67505e-12
2.624e-09
-3.33763e-12
2.62893e-09
2.94786e-12
2.62457e-09
-2.68889e-12
2.62805e-09
2.36996e-12
-2.35516e-12
6.42633e-10
6.61602e-10
6.62422e-10
6.71336e-10
6.67665e-10
6.72612e-10
6.68476e-10
6.72151e-10
6.68814e-10
6.71762e-10
6.69073e-10
6.71443e-10
)
;

boundaryField
{
    PNe
    {
        type            calculated;
        value           uniform 0;
    }
    PPe
    {
        type            calculated;
        value           uniform 0;
    }
    frontAndBack
    {
        type            empty;
        value           nonuniform List<scalar> 0();
    }
    Outlet1
    {
        type            calculated;
        value           nonuniform List<scalar> 
24
(
6.68926e-10
2.62381e-09
5.88359e-09
1.11218e-08
1.92997e-08
3.17466e-08
5.02182e-08
7.68745e-08
1.14059e-07
1.63699e-07
2.26082e-07
2.97668e-07
2.97668e-07
2.26081e-07
1.63698e-07
1.14058e-07
7.68735e-08
5.02175e-08
3.17461e-08
1.92994e-08
1.11216e-08
5.88348e-09
2.62375e-09
6.68911e-10
)
;
    }
    Outlet2
    {
        type            calculated;
        value           nonuniform List<scalar> 
24
(
6.69073e-10
2.62436e-09
5.88478e-09
1.11239e-08
1.93032e-08
3.17518e-08
5.02257e-08
7.68846e-08
1.14072e-07
1.63715e-07
2.261e-07
2.97688e-07
2.97689e-07
2.26101e-07
1.63716e-07
1.14074e-07
7.68856e-08
5.02264e-08
3.17523e-08
1.93035e-08
1.11241e-08
5.88488e-09
2.62441e-09
6.69088e-10
)
;
    }
    Inlet1
    {
        type            calculated;
        value           nonuniform List<scalar> 
24
(
-2.08331e-08
-2.56395e-08
-3.15546e-08
-3.88345e-08
-4.77938e-08
-5.88201e-08
-7.23902e-08
-8.9091e-08
-1.09645e-07
-1.34941e-07
-1.66072e-07
-2.04386e-07
-2.04386e-07
-1.66072e-07
-1.34941e-07
-1.09645e-07
-8.9091e-08
-7.23902e-08
-5.88201e-08
-4.77938e-08
-3.88345e-08
-3.15546e-08
-2.56395e-08
-2.08331e-08
)
;
    }
    Inlet2
    {
        type            calculated;
        value           nonuniform List<scalar> 
24
(
-2.08331e-08
-2.56395e-08
-3.15546e-08
-3.88345e-08
-4.77938e-08
-5.88201e-08
-7.23902e-08
-8.9091e-08
-1.09645e-07
-1.34941e-07
-1.66072e-07
-2.04386e-07
-2.04386e-07
-1.66072e-07
-1.34941e-07
-1.09645e-07
-8.9091e-08
-7.23902e-08
-5.88201e-08
-4.77938e-08
-3.88345e-08
-3.15546e-08
-2.56395e-08
-2.08331e-08
)
;
    }
    Walls
    {
        type            calculated;
        value           uniform 0;
    }
}


// ************************************************************************* //
