/*--------------------------------*- C++ -*----------------------------------*\
| =========                 |                                                 |
| \\      /  F ield         | OpenFOAM: The Open Source CFD Toolbox           |
|  \\    /   O peration     | Version:  2206                                  |
|   \\  /    A nd           | Website:  www.openfoam.com                      |
|    \\/     M anipulation  |                                                 |
\*---------------------------------------------------------------------------*/
FoamFile
{
    version     2.0;
    format      ascii;
    arch        "LSB;label=32;scalar=64";
    class       volTensorField;
    location    "0.1";
    object      pore:Ddm;
}
// * * * * * * * * * * * * * * * * * * * * * * * * * * * * * * * * * * * * * //

dimensions      [0 2 -1 0 0 0 0];

internalField   nonuniform List<tensor> 
17988
(
(0.00412391 0 0 0 0.000515488 0 0 0 0.000515488)
(0.00412503 0 0 0 0.000515629 0 0 0 0.000515629)
(0.00412693 0 0 0 0.000515866 0 0 0 0.000515866)
(0.00412932 0 0 0 0.000516165 0 0 0 0.000516165)
(0.00413168 0 0 0 0.000516459 0 0 0 0.000516459)
(0.004134 0 0 0 0.00051675 0 0 0 0.00051675)
(0.00413631 0 0 0 0.000517039 0 0 0 0.000517039)
(0.0041386 0 0 0 0.000517325 0 0 0 0.000517325)
(0.00414088 0 0 0 0.000517609 0 0 0 0.000517609)
(0.00414314 0 0 0 0.000517892 0 0 0 0.000517892)
(0.00414539 0 0 0 0.000518174 0 0 0 0.000518174)
(0.00414763 0 0 0 0.000518454 0 0 0 0.000518454)
(0.00414987 0 0 0 0.000518733 0 0 0 0.000518733)
(0.00415209 0 0 0 0.000519011 0 0 0 0.000519011)
(0.00415431 0 0 0 0.000519288 0 0 0 0.000519288)
(0.00415651 0 0 0 0.000519564 0 0 0 0.000519564)
(0.00415871 0 0 0 0.000519839 0 0 0 0.000519839)
(0.0041609 0 0 0 0.000520112 0 0 0 0.000520112)
(0.00416307 0 0 0 0.000520384 0 0 0 0.000520384)
(0.00416524 0 0 0 0.000520655 0 0 0 0.000520655)
(0.0041674 0 0 0 0.000520925 0 0 0 0.000520925)
(0.00416955 0 0 0 0.000521194 0 0 0 0.000521194)
(0.00417169 0 0 0 0.000521461 0 0 0 0.000521461)
(0.00417382 0 0 0 0.000521727 0 0 0 0.000521727)
(0.00417593 0 0 0 0.000521992 0 0 0 0.000521992)
(0.00417804 0 0 0 0.000522255 0 0 0 0.000522255)
(0.00418013 0 0 0 0.000522517 0 0 0 0.000522517)
(0.00418222 0 0 0 0.000522777 0 0 0 0.000522777)
(0.00418429 0 0 0 0.000523036 0 0 0 0.000523036)
(0.00418634 0 0 0 0.000523293 0 0 0 0.000523293)
(0.00418839 0 0 0 0.000523549 0 0 0 0.000523549)
(0.00419042 0 0 0 0.000523803 0 0 0 0.000523803)
(0.00419244 0 0 0 0.000524055 0 0 0 0.000524055)
(0.00419445 0 0 0 0.000524306 0 0 0 0.000524306)
(0.00419644 0 0 0 0.000524555 0 0 0 0.000524555)
(0.00419842 0 0 0 0.000524803 0 0 0 0.000524803)
(0.00420039 0 0 0 0.000525048 0 0 0 0.000525048)
(0.00420234 0 0 0 0.000525292 0 0 0 0.000525292)
(0.00420427 0 0 0 0.000525534 0 0 0 0.000525534)
(0.00420619 0 0 0 0.000525774 0 0 0 0.000525774)
(0.0042081 0 0 0 0.000526013 0 0 0 0.000526013)
(0.00420999 0 0 0 0.000526249 0 0 0 0.000526249)
(0.00421187 0 0 0 0.000526483 0 0 0 0.000526483)
(0.00421373 0 0 0 0.000526716 0 0 0 0.000526716)
(0.00421557 0 0 0 0.000526946 0 0 0 0.000526946)
(0.0042174 0 0 0 0.000527174 0 0 0 0.000527174)
(0.00421921 0 0 0 0.000527401 0 0 0 0.000527401)
(0.004221 0 0 0 0.000527625 0 0 0 0.000527625)
(0.00422278 0 0 0 0.000527847 0 0 0 0.000527847)
(0.00422454 0 0 0 0.000528067 0 0 0 0.000528067)
(0.00422628 0 0 0 0.000528285 0 0 0 0.000528285)
(0.004228 0 0 0 0.0005285 0 0 0 0.0005285)
(0.00422971 0 0 0 0.000528714 0 0 0 0.000528714)
(0.0042314 0 0 0 0.000528925 0 0 0 0.000528925)
(0.00423307 0 0 0 0.000529134 0 0 0 0.000529134)
(0.00423472 0 0 0 0.00052934 0 0 0 0.00052934)
(0.00423635 0 0 0 0.000529544 0 0 0 0.000529544)
(0.00423797 0 0 0 0.000529746 0 0 0 0.000529746)
(0.00423957 0 0 0 0.000529946 0 0 0 0.000529946)
(0.00424114 0 0 0 0.000530143 0 0 0 0.000530143)
(0.0042427 0 0 0 0.000530338 0 0 0 0.000530338)
(0.00424424 0 0 0 0.00053053 0 0 0 0.00053053)
(0.00424576 0 0 0 0.00053072 0 0 0 0.00053072)
(0.00424726 0 0 0 0.000530908 0 0 0 0.000530908)
(0.00424874 0 0 0 0.000531093 0 0 0 0.000531093)
(0.0042502 0 0 0 0.000531275 0 0 0 0.000531275)
(0.00425164 0 0 0 0.000531455 0 0 0 0.000531455)
(0.00425306 0 0 0 0.000531633 0 0 0 0.000531633)
(0.00425446 0 0 0 0.000531808 0 0 0 0.000531808)
(0.00425584 0 0 0 0.00053198 0 0 0 0.00053198)
(0.0042572 0 0 0 0.00053215 0 0 0 0.00053215)
(0.00425854 0 0 0 0.000532318 0 0 0 0.000532318)
(0.00425986 0 0 0 0.000532483 0 0 0 0.000532483)
(0.00426116 0 0 0 0.000532645 0 0 0 0.000532645)
(0.00426244 0 0 0 0.000532805 0 0 0 0.000532805)
(0.00426369 0 0 0 0.000532962 0 0 0 0.000532962)
(0.00426493 0 0 0 0.000533116 0 0 0 0.000533116)
(0.00426615 0 0 0 0.000533269 0 0 0 0.000533269)
(0.00426734 0 0 0 0.000533418 0 0 0 0.000533418)
(0.00426852 0 0 0 0.000533565 0 0 0 0.000533565)
(0.00426967 0 0 0 0.000533709 0 0 0 0.000533709)
(0.00427081 0 0 0 0.000533851 0 0 0 0.000533851)
(0.00427192 0 0 0 0.00053399 0 0 0 0.00053399)
(0.00427301 0 0 0 0.000534127 0 0 0 0.000534127)
(0.00427409 0 0 0 0.000534261 0 0 0 0.000534261)
(0.00427514 0 0 0 0.000534392 0 0 0 0.000534392)
(0.00427617 0 0 0 0.000534521 0 0 0 0.000534521)
(0.00427718 0 0 0 0.000534648 0 0 0 0.000534648)
(0.00427817 0 0 0 0.000534772 0 0 0 0.000534772)
(0.00427914 0 0 0 0.000534893 0 0 0 0.000534893)
(0.00428009 0 0 0 0.000535012 0 0 0 0.000535012)
(0.00428103 0 0 0 0.000535128 0 0 0 0.000535128)
(0.00428194 0 0 0 0.000535242 0 0 0 0.000535242)
(0.00428283 0 0 0 0.000535354 0 0 0 0.000535354)
(0.0042837 0 0 0 0.000535463 0 0 0 0.000535463)
(0.00428456 0 0 0 0.000535569 0 0 0 0.000535569)
(0.00428539 0 0 0 0.000535674 0 0 0 0.000535674)
(0.00428621 0 0 0 0.000535776 0 0 0 0.000535776)
(0.004287 0 0 0 0.000535875 0 0 0 0.000535875)
(0.00428778 0 0 0 0.000535973 0 0 0 0.000535973)
(0.00428854 0 0 0 0.000536068 0 0 0 0.000536068)
(0.00428928 0 0 0 0.000536161 0 0 0 0.000536161)
(0.00429001 0 0 0 0.000536251 0 0 0 0.000536251)
(0.00429072 0 0 0 0.00053634 0 0 0 0.00053634)
(0.00429141 0 0 0 0.000536426 0 0 0 0.000536426)
(0.00429208 0 0 0 0.00053651 0 0 0 0.00053651)
(0.00429274 0 0 0 0.000536592 0 0 0 0.000536592)
(0.00429338 0 0 0 0.000536672 0 0 0 0.000536672)
(0.004294 0 0 0 0.000536751 0 0 0 0.000536751)
(0.00429461 0 0 0 0.000536827 0 0 0 0.000536827)
(0.00429521 0 0 0 0.000536901 0 0 0 0.000536901)
(0.00429579 0 0 0 0.000536973 0 0 0 0.000536973)
(0.00429635 0 0 0 0.000537044 0 0 0 0.000537044)
(0.0042969 0 0 0 0.000537113 0 0 0 0.000537113)
(0.00429744 0 0 0 0.00053718 0 0 0 0.00053718)
(0.00429797 0 0 0 0.000537246 0 0 0 0.000537246)
(0.00429848 0 0 0 0.00053731 0 0 0 0.00053731)
(0.00429898 0 0 0 0.000537372 0 0 0 0.000537372)
(0.00429946 0 0 0 0.000537433 0 0 0 0.000537433)
(0.00429994 0 0 0 0.000537493 0 0 0 0.000537493)
(0.00430041 0 0 0 0.000537551 0 0 0 0.000537551)
(0.00430086 0 0 0 0.000537608 0 0 0 0.000537608)
(0.00430131 0 0 0 0.000537663 0 0 0 0.000537663)
(0.00430174 0 0 0 0.000537718 0 0 0 0.000537718)
(0.00430217 0 0 0 0.000537772 0 0 0 0.000537772)
(0.00430259 0 0 0 0.000537824 0 0 0 0.000537824)
(0.004303 0 0 0 0.000537876 0 0 0 0.000537876)
(0.00430341 0 0 0 0.000537926 0 0 0 0.000537926)
(0.00430381 0 0 0 0.000537976 0 0 0 0.000537976)
(0.00430421 0 0 0 0.000538026 0 0 0 0.000538026)
(0.00430459 0 0 0 0.000538074 0 0 0 0.000538074)
(0.00430498 0 0 0 0.000538123 0 0 0 0.000538123)
(0.00430536 0 0 0 0.00053817 0 0 0 0.00053817)
(0.00430574 0 0 0 0.000538218 0 0 0 0.000538218)
(0.00430612 0 0 0 0.000538265 0 0 0 0.000538265)
(0.0043065 0 0 0 0.000538312 0 0 0 0.000538312)
(0.00430687 0 0 0 0.000538359 0 0 0 0.000538359)
(0.00430724 0 0 0 0.000538405 0 0 0 0.000538405)
(0.00430761 0 0 0 0.000538451 0 0 0 0.000538451)
(0.00430798 0 0 0 0.000538497 0 0 0 0.000538497)
(0.00430835 0 0 0 0.000538543 0 0 0 0.000538543)
(0.00430871 0 0 0 0.000538589 0 0 0 0.000538589)
(0.00430908 0 0 0 0.000538635 0 0 0 0.000538635)
(0.00430945 0 0 0 0.000538682 0 0 0 0.000538682)
(0.00430983 0 0 0 0.000538728 0 0 0 0.000538728)
(0.0043102 0 0 0 0.000538775 0 0 0 0.000538775)
(0.00431058 0 0 0 0.000538823 0 0 0 0.000538823)
(0.00431097 0 0 0 0.000538871 0 0 0 0.000538871)
(0.00431136 0 0 0 0.00053892 0 0 0 0.00053892)
(0.00431176 0 0 0 0.000538969 0 0 0 0.000538969)
(0.00431216 0 0 0 0.00053902 0 0 0 0.00053902)
(0.00431257 0 0 0 0.000539071 0 0 0 0.000539071)
(0.00431299 0 0 0 0.000539124 0 0 0 0.000539124)
(0.00431342 0 0 0 0.000539177 0 0 0 0.000539177)
(0.00431385 0 0 0 0.000539231 0 0 0 0.000539231)
(0.0043143 0 0 0 0.000539287 0 0 0 0.000539287)
(0.00431475 0 0 0 0.000539344 0 0 0 0.000539344)
(0.00431522 0 0 0 0.000539403 0 0 0 0.000539403)
(0.0043157 0 0 0 0.000539462 0 0 0 0.000539462)
(0.00431619 0 0 0 0.000539524 0 0 0 0.000539524)
(0.00431669 0 0 0 0.000539587 0 0 0 0.000539587)
(0.00431721 0 0 0 0.000539651 0 0 0 0.000539651)
(0.00431774 0 0 0 0.000539717 0 0 0 0.000539717)
(0.00431828 0 0 0 0.000539785 0 0 0 0.000539785)
(0.00431884 0 0 0 0.000539854 0 0 0 0.000539854)
(0.00431941 0 0 0 0.000539926 0 0 0 0.000539926)
(0.00431999 0 0 0 0.000539999 0 0 0 0.000539999)
(0.00432059 0 0 0 0.000540074 0 0 0 0.000540074)
(0.00432121 0 0 0 0.000540152 0 0 0 0.000540152)
(0.00432185 0 0 0 0.000540231 0 0 0 0.000540231)
(0.0043225 0 0 0 0.000540312 0 0 0 0.000540312)
(0.00432316 0 0 0 0.000540396 0 0 0 0.000540396)
(0.00432385 0 0 0 0.000540481 0 0 0 0.000540481)
(0.00432455 0 0 0 0.000540569 0 0 0 0.000540569)
(0.00432527 0 0 0 0.000540659 0 0 0 0.000540659)
(0.00432601 0 0 0 0.000540752 0 0 0 0.000540752)
(0.00432677 0 0 0 0.000540846 0 0 0 0.000540846)
(0.00432755 0 0 0 0.000540943 0 0 0 0.000540943)
(0.00432834 0 0 0 0.000541043 0 0 0 0.000541043)
(0.00432916 0 0 0 0.000541145 0 0 0 0.000541145)
(0.00433 0 0 0 0.00054125 0 0 0 0.00054125)
(0.00433085 0 0 0 0.000541357 0 0 0 0.000541357)
(0.00433173 0 0 0 0.000541466 0 0 0 0.000541466)
(0.00433263 0 0 0 0.000541579 0 0 0 0.000541579)
(0.00433355 0 0 0 0.000541693 0 0 0 0.000541693)
(0.00433449 0 0 0 0.000541811 0 0 0 0.000541811)
(0.00433545 0 0 0 0.000541931 0 0 0 0.000541931)
(0.00433643 0 0 0 0.000542054 0 0 0 0.000542054)
(0.00433744 0 0 0 0.000542179 0 0 0 0.000542179)
(0.00433846 0 0 0 0.000542308 0 0 0 0.000542308)
(0.00433951 0 0 0 0.000542439 0 0 0 0.000542439)
(0.00434058 0 0 0 0.000542573 0 0 0 0.000542573)
(0.00434168 0 0 0 0.000542709 0 0 0 0.000542709)
(0.00434279 0 0 0 0.000542849 0 0 0 0.000542849)
(0.00434393 0 0 0 0.000542991 0 0 0 0.000542991)
(0.00434509 0 0 0 0.000543137 0 0 0 0.000543137)
(0.00434628 0 0 0 0.000543285 0 0 0 0.000543285)
(0.00434749 0 0 0 0.000543436 0 0 0 0.000543436)
(0.00434872 0 0 0 0.00054359 0 0 0 0.00054359)
(0.00434997 0 0 0 0.000543746 0 0 0 0.000543746)
(0.00435125 0 0 0 0.000543906 0 0 0 0.000543906)
(0.00435255 0 0 0 0.000544069 0 0 0 0.000544069)
(0.00435388 0 0 0 0.000544234 0 0 0 0.000544234)
(0.00435522 0 0 0 0.000544403 0 0 0 0.000544403)
(0.0043566 0 0 0 0.000544574 0 0 0 0.000544574)
(0.00435799 0 0 0 0.000544749 0 0 0 0.000544749)
(0.00435941 0 0 0 0.000544926 0 0 0 0.000544926)
(0.00436085 0 0 0 0.000545106 0 0 0 0.000545106)
(0.00436232 0 0 0 0.00054529 0 0 0 0.00054529)
(0.00436381 0 0 0 0.000545476 0 0 0 0.000545476)
(0.00436532 0 0 0 0.000545665 0 0 0 0.000545665)
(0.00436686 0 0 0 0.000545857 0 0 0 0.000545857)
(0.00436842 0 0 0 0.000546052 0 0 0 0.000546052)
(0.00437 0 0 0 0.00054625 0 0 0 0.00054625)
(0.00437161 0 0 0 0.000546451 0 0 0 0.000546451)
(0.00437324 0 0 0 0.000546655 0 0 0 0.000546655)
(0.00437489 0 0 0 0.000546862 0 0 0 0.000546862)
(0.00437657 0 0 0 0.000547071 0 0 0 0.000547071)
(0.00437827 0 0 0 0.000547284 0 0 0 0.000547284)
(0.00437999 0 0 0 0.000547499 0 0 0 0.000547499)
(0.00438174 0 0 0 0.000547717 0 0 0 0.000547717)
(0.00438351 0 0 0 0.000547938 0 0 0 0.000547938)
(0.0043853 0 0 0 0.000548162 0 0 0 0.000548162)
(0.00438711 0 0 0 0.000548389 0 0 0 0.000548389)
(0.00438895 0 0 0 0.000548618 0 0 0 0.000548618)
(0.0043908 0 0 0 0.000548851 0 0 0 0.000548851)
(0.00439269 0 0 0 0.000549086 0 0 0 0.000549086)
(0.00439459 0 0 0 0.000549323 0 0 0 0.000549323)
(0.00439651 0 0 0 0.000549564 0 0 0 0.000549564)
(0.00439846 0 0 0 0.000549807 0 0 0 0.000549807)
(0.00440043 0 0 0 0.000550053 0 0 0 0.000550053)
(0.00440241 0 0 0 0.000550302 0 0 0 0.000550302)
(0.00440442 0 0 0 0.000550553 0 0 0 0.000550553)
(0.00440646 0 0 0 0.000550807 0 0 0 0.000550807)
(0.00440851 0 0 0 0.000551063 0 0 0 0.000551063)
(0.00441058 0 0 0 0.000551323 0 0 0 0.000551323)
(0.00441267 0 0 0 0.000551584 0 0 0 0.000551584)
(0.00441479 0 0 0 0.000551848 0 0 0 0.000551848)
(0.00441692 0 0 0 0.000552115 0 0 0 0.000552115)
(0.00441907 0 0 0 0.000552384 0 0 0 0.000552384)
(0.00442125 0 0 0 0.000552656 0 0 0 0.000552656)
(0.00442344 0 0 0 0.00055293 0 0 0 0.00055293)
(0.00442565 0 0 0 0.000553207 0 0 0 0.000553207)
(0.00442789 0 0 0 0.000553486 0 0 0 0.000553486)
(0.00443014 0 0 0 0.000553767 0 0 0 0.000553767)
(0.00443241 0 0 0 0.000554051 0 0 0 0.000554051)
(0.0044347 0 0 0 0.000554337 0 0 0 0.000554337)
(0.00443701 0 0 0 0.000554626 0 0 0 0.000554626)
(0.00443934 0 0 0 0.000554917 0 0 0 0.000554917)
(0.00444168 0 0 0 0.00055521 0 0 0 0.00055521)
(0.00444405 0 0 0 0.000555506 0 0 0 0.000555506)
(0.00444643 0 0 0 0.000555804 0 0 0 0.000555804)
(0.00444883 0 0 0 0.000556104 0 0 0 0.000556104)
(0.00445125 0 0 0 0.000556407 0 0 0 0.000556407)
(0.00445369 0 0 0 0.000556712 0 0 0 0.000556712)
(0.00445615 0 0 0 0.000557019 0 0 0 0.000557019)
(0.00445863 0 0 0 0.000557329 0 0 0 0.000557329)
(0.00446113 0 0 0 0.000557641 0 0 0 0.000557641)
(0.00446365 0 0 0 0.000557956 0 0 0 0.000557956)
(0.00446618 0 0 0 0.000558273 0 0 0 0.000558273)
(0.00446874 0 0 0 0.000558592 0 0 0 0.000558592)
(0.00447131 0 0 0 0.000558914 0 0 0 0.000558914)
(0.0044739 0 0 0 0.000559238 0 0 0 0.000559238)
(0.00447651 0 0 0 0.000559564 0 0 0 0.000559564)
(0.00447914 0 0 0 0.000559893 0 0 0 0.000559893)
(0.00448178 0 0 0 0.000560223 0 0 0 0.000560223)
(0.00448443 0 0 0 0.000560554 0 0 0 0.000560554)
(0.00448709 0 0 0 0.000560886 0 0 0 0.000560886)
(0.0044893 0 0 0 0.000561162 0 0 0 0.000561162)
(0.00449093 0 0 0 0.000561366 0 0 0 0.000561366)
(0.00412391 0 0 0 0.000515489 0 0 0 0.000515489)
(0.00412504 0 0 0 0.00051563 0 0 0 0.00051563)
(0.00412693 0 0 0 0.000515867 0 0 0 0.000515867)
(0.00412932 0 0 0 0.000516165 0 0 0 0.000516165)
(0.00413168 0 0 0 0.00051646 0 0 0 0.00051646)
(0.004134 0 0 0 0.00051675 0 0 0 0.00051675)
(0.00413631 0 0 0 0.000517039 0 0 0 0.000517039)
(0.0041386 0 0 0 0.000517325 0 0 0 0.000517325)
(0.00414088 0 0 0 0.000517609 0 0 0 0.000517609)
(0.00414314 0 0 0 0.000517892 0 0 0 0.000517892)
(0.00414539 0 0 0 0.000518174 0 0 0 0.000518174)
(0.00414763 0 0 0 0.000518454 0 0 0 0.000518454)
(0.00414987 0 0 0 0.000518733 0 0 0 0.000518733)
(0.00415209 0 0 0 0.000519011 0 0 0 0.000519011)
(0.00415431 0 0 0 0.000519288 0 0 0 0.000519288)
(0.00415651 0 0 0 0.000519564 0 0 0 0.000519564)
(0.00415871 0 0 0 0.000519839 0 0 0 0.000519839)
(0.0041609 0 0 0 0.000520112 0 0 0 0.000520112)
(0.00416307 0 0 0 0.000520384 0 0 0 0.000520384)
(0.00416524 0 0 0 0.000520655 0 0 0 0.000520655)
(0.0041674 0 0 0 0.000520925 0 0 0 0.000520925)
(0.00416955 0 0 0 0.000521194 0 0 0 0.000521194)
(0.00417169 0 0 0 0.000521461 0 0 0 0.000521461)
(0.00417382 0 0 0 0.000521727 0 0 0 0.000521727)
(0.00417593 0 0 0 0.000521992 0 0 0 0.000521992)
(0.00417804 0 0 0 0.000522255 0 0 0 0.000522255)
(0.00418013 0 0 0 0.000522517 0 0 0 0.000522517)
(0.00418222 0 0 0 0.000522777 0 0 0 0.000522777)
(0.00418429 0 0 0 0.000523036 0 0 0 0.000523036)
(0.00418634 0 0 0 0.000523293 0 0 0 0.000523293)
(0.00418839 0 0 0 0.000523549 0 0 0 0.000523549)
(0.00419042 0 0 0 0.000523803 0 0 0 0.000523803)
(0.00419244 0 0 0 0.000524055 0 0 0 0.000524055)
(0.00419445 0 0 0 0.000524306 0 0 0 0.000524306)
(0.00419644 0 0 0 0.000524555 0 0 0 0.000524555)
(0.00419842 0 0 0 0.000524803 0 0 0 0.000524803)
(0.00420039 0 0 0 0.000525048 0 0 0 0.000525048)
(0.00420234 0 0 0 0.000525292 0 0 0 0.000525292)
(0.00420427 0 0 0 0.000525534 0 0 0 0.000525534)
(0.00420619 0 0 0 0.000525774 0 0 0 0.000525774)
(0.0042081 0 0 0 0.000526013 0 0 0 0.000526013)
(0.00420999 0 0 0 0.000526249 0 0 0 0.000526249)
(0.00421187 0 0 0 0.000526483 0 0 0 0.000526483)
(0.00421373 0 0 0 0.000526716 0 0 0 0.000526716)
(0.00421557 0 0 0 0.000526946 0 0 0 0.000526946)
(0.0042174 0 0 0 0.000527174 0 0 0 0.000527174)
(0.00421921 0 0 0 0.000527401 0 0 0 0.000527401)
(0.004221 0 0 0 0.000527625 0 0 0 0.000527625)
(0.00422278 0 0 0 0.000527847 0 0 0 0.000527847)
(0.00422454 0 0 0 0.000528067 0 0 0 0.000528067)
(0.00422628 0 0 0 0.000528285 0 0 0 0.000528285)
(0.004228 0 0 0 0.0005285 0 0 0 0.0005285)
(0.00422971 0 0 0 0.000528714 0 0 0 0.000528714)
(0.0042314 0 0 0 0.000528925 0 0 0 0.000528925)
(0.00423307 0 0 0 0.000529134 0 0 0 0.000529134)
(0.00423472 0 0 0 0.00052934 0 0 0 0.00052934)
(0.00423635 0 0 0 0.000529544 0 0 0 0.000529544)
(0.00423797 0 0 0 0.000529746 0 0 0 0.000529746)
(0.00423957 0 0 0 0.000529946 0 0 0 0.000529946)
(0.00424114 0 0 0 0.000530143 0 0 0 0.000530143)
(0.0042427 0 0 0 0.000530338 0 0 0 0.000530338)
(0.00424424 0 0 0 0.00053053 0 0 0 0.00053053)
(0.00424576 0 0 0 0.00053072 0 0 0 0.00053072)
(0.00424726 0 0 0 0.000530907 0 0 0 0.000530907)
(0.00424874 0 0 0 0.000531093 0 0 0 0.000531093)
(0.0042502 0 0 0 0.000531275 0 0 0 0.000531275)
(0.00425164 0 0 0 0.000531455 0 0 0 0.000531455)
(0.00425306 0 0 0 0.000531633 0 0 0 0.000531633)
(0.00425446 0 0 0 0.000531808 0 0 0 0.000531808)
(0.00425584 0 0 0 0.00053198 0 0 0 0.00053198)
(0.0042572 0 0 0 0.00053215 0 0 0 0.00053215)
(0.00425854 0 0 0 0.000532318 0 0 0 0.000532318)
(0.00425986 0 0 0 0.000532483 0 0 0 0.000532483)
(0.00426116 0 0 0 0.000532645 0 0 0 0.000532645)
(0.00426244 0 0 0 0.000532805 0 0 0 0.000532805)
(0.00426369 0 0 0 0.000532962 0 0 0 0.000532962)
(0.00426493 0 0 0 0.000533116 0 0 0 0.000533116)
(0.00426615 0 0 0 0.000533269 0 0 0 0.000533269)
(0.00426734 0 0 0 0.000533418 0 0 0 0.000533418)
(0.00426852 0 0 0 0.000533565 0 0 0 0.000533565)
(0.00426967 0 0 0 0.000533709 0 0 0 0.000533709)
(0.00427081 0 0 0 0.000533851 0 0 0 0.000533851)
(0.00427192 0 0 0 0.00053399 0 0 0 0.00053399)
(0.00427301 0 0 0 0.000534127 0 0 0 0.000534127)
(0.00427409 0 0 0 0.000534261 0 0 0 0.000534261)
(0.00427514 0 0 0 0.000534392 0 0 0 0.000534392)
(0.00427617 0 0 0 0.000534521 0 0 0 0.000534521)
(0.00427718 0 0 0 0.000534648 0 0 0 0.000534648)
(0.00427817 0 0 0 0.000534771 0 0 0 0.000534771)
(0.00427914 0 0 0 0.000534893 0 0 0 0.000534893)
(0.00428009 0 0 0 0.000535012 0 0 0 0.000535012)
(0.00428103 0 0 0 0.000535128 0 0 0 0.000535128)
(0.00428194 0 0 0 0.000535242 0 0 0 0.000535242)
(0.00428283 0 0 0 0.000535354 0 0 0 0.000535354)
(0.0042837 0 0 0 0.000535463 0 0 0 0.000535463)
(0.00428456 0 0 0 0.000535569 0 0 0 0.000535569)
(0.00428539 0 0 0 0.000535674 0 0 0 0.000535674)
(0.00428621 0 0 0 0.000535776 0 0 0 0.000535776)
(0.004287 0 0 0 0.000535875 0 0 0 0.000535875)
(0.00428778 0 0 0 0.000535973 0 0 0 0.000535973)
(0.00428854 0 0 0 0.000536068 0 0 0 0.000536068)
(0.00428928 0 0 0 0.000536161 0 0 0 0.000536161)
(0.00429001 0 0 0 0.000536251 0 0 0 0.000536251)
(0.00429072 0 0 0 0.00053634 0 0 0 0.00053634)
(0.00429141 0 0 0 0.000536426 0 0 0 0.000536426)
(0.00429208 0 0 0 0.00053651 0 0 0 0.00053651)
(0.00429274 0 0 0 0.000536592 0 0 0 0.000536592)
(0.00429338 0 0 0 0.000536672 0 0 0 0.000536672)
(0.004294 0 0 0 0.000536751 0 0 0 0.000536751)
(0.00429461 0 0 0 0.000536827 0 0 0 0.000536827)
(0.00429521 0 0 0 0.000536901 0 0 0 0.000536901)
(0.00429579 0 0 0 0.000536973 0 0 0 0.000536973)
(0.00429635 0 0 0 0.000537044 0 0 0 0.000537044)
(0.0042969 0 0 0 0.000537113 0 0 0 0.000537113)
(0.00429744 0 0 0 0.00053718 0 0 0 0.00053718)
(0.00429797 0 0 0 0.000537246 0 0 0 0.000537246)
(0.00429848 0 0 0 0.00053731 0 0 0 0.00053731)
(0.00429898 0 0 0 0.000537372 0 0 0 0.000537372)
(0.00429946 0 0 0 0.000537433 0 0 0 0.000537433)
(0.00429994 0 0 0 0.000537493 0 0 0 0.000537493)
(0.00430041 0 0 0 0.000537551 0 0 0 0.000537551)
(0.00430086 0 0 0 0.000537608 0 0 0 0.000537608)
(0.00430131 0 0 0 0.000537663 0 0 0 0.000537663)
(0.00430174 0 0 0 0.000537718 0 0 0 0.000537718)
(0.00430217 0 0 0 0.000537771 0 0 0 0.000537771)
(0.00430259 0 0 0 0.000537824 0 0 0 0.000537824)
(0.004303 0 0 0 0.000537876 0 0 0 0.000537876)
(0.00430341 0 0 0 0.000537926 0 0 0 0.000537926)
(0.00430381 0 0 0 0.000537976 0 0 0 0.000537976)
(0.00430421 0 0 0 0.000538026 0 0 0 0.000538026)
(0.00430459 0 0 0 0.000538074 0 0 0 0.000538074)
(0.00430498 0 0 0 0.000538123 0 0 0 0.000538123)
(0.00430536 0 0 0 0.00053817 0 0 0 0.00053817)
(0.00430574 0 0 0 0.000538218 0 0 0 0.000538218)
(0.00430612 0 0 0 0.000538265 0 0 0 0.000538265)
(0.0043065 0 0 0 0.000538312 0 0 0 0.000538312)
(0.00430687 0 0 0 0.000538359 0 0 0 0.000538359)
(0.00430724 0 0 0 0.000538405 0 0 0 0.000538405)
(0.00430761 0 0 0 0.000538451 0 0 0 0.000538451)
(0.00430798 0 0 0 0.000538497 0 0 0 0.000538497)
(0.00430835 0 0 0 0.000538543 0 0 0 0.000538543)
(0.00430871 0 0 0 0.000538589 0 0 0 0.000538589)
(0.00430908 0 0 0 0.000538635 0 0 0 0.000538635)
(0.00430945 0 0 0 0.000538682 0 0 0 0.000538682)
(0.00430983 0 0 0 0.000538728 0 0 0 0.000538728)
(0.0043102 0 0 0 0.000538775 0 0 0 0.000538775)
(0.00431058 0 0 0 0.000538823 0 0 0 0.000538823)
(0.00431097 0 0 0 0.000538871 0 0 0 0.000538871)
(0.00431136 0 0 0 0.00053892 0 0 0 0.00053892)
(0.00431175 0 0 0 0.000538969 0 0 0 0.000538969)
(0.00431216 0 0 0 0.00053902 0 0 0 0.00053902)
(0.00431257 0 0 0 0.000539071 0 0 0 0.000539071)
(0.00431299 0 0 0 0.000539124 0 0 0 0.000539124)
(0.00431342 0 0 0 0.000539177 0 0 0 0.000539177)
(0.00431385 0 0 0 0.000539231 0 0 0 0.000539231)
(0.0043143 0 0 0 0.000539287 0 0 0 0.000539287)
(0.00431475 0 0 0 0.000539344 0 0 0 0.000539344)
(0.00431522 0 0 0 0.000539403 0 0 0 0.000539403)
(0.0043157 0 0 0 0.000539462 0 0 0 0.000539462)
(0.00431619 0 0 0 0.000539524 0 0 0 0.000539524)
(0.00431669 0 0 0 0.000539587 0 0 0 0.000539587)
(0.00431721 0 0 0 0.000539651 0 0 0 0.000539651)
(0.00431774 0 0 0 0.000539717 0 0 0 0.000539717)
(0.00431828 0 0 0 0.000539785 0 0 0 0.000539785)
(0.00431884 0 0 0 0.000539854 0 0 0 0.000539854)
(0.00431941 0 0 0 0.000539926 0 0 0 0.000539926)
(0.00431999 0 0 0 0.000539999 0 0 0 0.000539999)
(0.00432059 0 0 0 0.000540074 0 0 0 0.000540074)
(0.00432121 0 0 0 0.000540151 0 0 0 0.000540151)
(0.00432185 0 0 0 0.000540231 0 0 0 0.000540231)
(0.0043225 0 0 0 0.000540312 0 0 0 0.000540312)
(0.00432316 0 0 0 0.000540396 0 0 0 0.000540396)
(0.00432385 0 0 0 0.000540481 0 0 0 0.000540481)
(0.00432455 0 0 0 0.000540569 0 0 0 0.000540569)
(0.00432527 0 0 0 0.000540659 0 0 0 0.000540659)
(0.00432601 0 0 0 0.000540752 0 0 0 0.000540752)
(0.00432677 0 0 0 0.000540846 0 0 0 0.000540846)
(0.00432755 0 0 0 0.000540943 0 0 0 0.000540943)
(0.00432834 0 0 0 0.000541043 0 0 0 0.000541043)
(0.00432916 0 0 0 0.000541145 0 0 0 0.000541145)
(0.00433 0 0 0 0.00054125 0 0 0 0.00054125)
(0.00433085 0 0 0 0.000541357 0 0 0 0.000541357)
(0.00433173 0 0 0 0.000541466 0 0 0 0.000541466)
(0.00433263 0 0 0 0.000541578 0 0 0 0.000541578)
(0.00433355 0 0 0 0.000541693 0 0 0 0.000541693)
(0.00433449 0 0 0 0.000541811 0 0 0 0.000541811)
(0.00433545 0 0 0 0.000541931 0 0 0 0.000541931)
(0.00433643 0 0 0 0.000542054 0 0 0 0.000542054)
(0.00433744 0 0 0 0.000542179 0 0 0 0.000542179)
(0.00433846 0 0 0 0.000542308 0 0 0 0.000542308)
(0.00433951 0 0 0 0.000542439 0 0 0 0.000542439)
(0.00434058 0 0 0 0.000542573 0 0 0 0.000542573)
(0.00434168 0 0 0 0.000542709 0 0 0 0.000542709)
(0.00434279 0 0 0 0.000542849 0 0 0 0.000542849)
(0.00434393 0 0 0 0.000542991 0 0 0 0.000542991)
(0.00434509 0 0 0 0.000543137 0 0 0 0.000543137)
(0.00434628 0 0 0 0.000543285 0 0 0 0.000543285)
(0.00434749 0 0 0 0.000543436 0 0 0 0.000543436)
(0.00434872 0 0 0 0.00054359 0 0 0 0.00054359)
(0.00434997 0 0 0 0.000543746 0 0 0 0.000543746)
(0.00435125 0 0 0 0.000543906 0 0 0 0.000543906)
(0.00435255 0 0 0 0.000544069 0 0 0 0.000544069)
(0.00435387 0 0 0 0.000544234 0 0 0 0.000544234)
(0.00435522 0 0 0 0.000544403 0 0 0 0.000544403)
(0.00435659 0 0 0 0.000544574 0 0 0 0.000544574)
(0.00435799 0 0 0 0.000544749 0 0 0 0.000544749)
(0.00435941 0 0 0 0.000544926 0 0 0 0.000544926)
(0.00436085 0 0 0 0.000545106 0 0 0 0.000545106)
(0.00436232 0 0 0 0.00054529 0 0 0 0.00054529)
(0.00436381 0 0 0 0.000545476 0 0 0 0.000545476)
(0.00436532 0 0 0 0.000545665 0 0 0 0.000545665)
(0.00436686 0 0 0 0.000545857 0 0 0 0.000545857)
(0.00436842 0 0 0 0.000546052 0 0 0 0.000546052)
(0.00437 0 0 0 0.00054625 0 0 0 0.00054625)
(0.00437161 0 0 0 0.000546451 0 0 0 0.000546451)
(0.00437324 0 0 0 0.000546655 0 0 0 0.000546655)
(0.00437489 0 0 0 0.000546862 0 0 0 0.000546862)
(0.00437657 0 0 0 0.000547071 0 0 0 0.000547071)
(0.00437827 0 0 0 0.000547284 0 0 0 0.000547284)
(0.00437999 0 0 0 0.000547499 0 0 0 0.000547499)
(0.00438174 0 0 0 0.000547717 0 0 0 0.000547717)
(0.00438351 0 0 0 0.000547938 0 0 0 0.000547938)
(0.0043853 0 0 0 0.000548162 0 0 0 0.000548162)
(0.00438711 0 0 0 0.000548389 0 0 0 0.000548389)
(0.00438895 0 0 0 0.000548618 0 0 0 0.000548618)
(0.0043908 0 0 0 0.000548851 0 0 0 0.000548851)
(0.00439269 0 0 0 0.000549086 0 0 0 0.000549086)
(0.00439459 0 0 0 0.000549323 0 0 0 0.000549323)
(0.00439651 0 0 0 0.000549564 0 0 0 0.000549564)
(0.00439846 0 0 0 0.000549807 0 0 0 0.000549807)
(0.00440043 0 0 0 0.000550053 0 0 0 0.000550053)
(0.00440241 0 0 0 0.000550302 0 0 0 0.000550302)
(0.00440442 0 0 0 0.000550553 0 0 0 0.000550553)
(0.00440646 0 0 0 0.000550807 0 0 0 0.000550807)
(0.00440851 0 0 0 0.000551063 0 0 0 0.000551063)
(0.00441058 0 0 0 0.000551323 0 0 0 0.000551323)
(0.00441267 0 0 0 0.000551584 0 0 0 0.000551584)
(0.00441479 0 0 0 0.000551848 0 0 0 0.000551848)
(0.00441692 0 0 0 0.000552115 0 0 0 0.000552115)
(0.00441907 0 0 0 0.000552384 0 0 0 0.000552384)
(0.00442125 0 0 0 0.000552656 0 0 0 0.000552656)
(0.00442344 0 0 0 0.00055293 0 0 0 0.00055293)
(0.00442565 0 0 0 0.000553207 0 0 0 0.000553207)
(0.00442789 0 0 0 0.000553486 0 0 0 0.000553486)
(0.00443014 0 0 0 0.000553767 0 0 0 0.000553767)
(0.00443241 0 0 0 0.000554051 0 0 0 0.000554051)
(0.0044347 0 0 0 0.000554337 0 0 0 0.000554337)
(0.00443701 0 0 0 0.000554626 0 0 0 0.000554626)
(0.00443933 0 0 0 0.000554917 0 0 0 0.000554917)
(0.00444168 0 0 0 0.00055521 0 0 0 0.00055521)
(0.00444405 0 0 0 0.000555506 0 0 0 0.000555506)
(0.00444643 0 0 0 0.000555804 0 0 0 0.000555804)
(0.00444883 0 0 0 0.000556104 0 0 0 0.000556104)
(0.00445125 0 0 0 0.000556407 0 0 0 0.000556407)
(0.00445369 0 0 0 0.000556712 0 0 0 0.000556712)
(0.00445615 0 0 0 0.000557019 0 0 0 0.000557019)
(0.00445863 0 0 0 0.000557329 0 0 0 0.000557329)
(0.00446113 0 0 0 0.000557641 0 0 0 0.000557641)
(0.00446364 0 0 0 0.000557956 0 0 0 0.000557956)
(0.00446618 0 0 0 0.000558273 0 0 0 0.000558273)
(0.00446873 0 0 0 0.000558592 0 0 0 0.000558592)
(0.00447131 0 0 0 0.000558914 0 0 0 0.000558914)
(0.0044739 0 0 0 0.000559238 0 0 0 0.000559238)
(0.00447651 0 0 0 0.000559564 0 0 0 0.000559564)
(0.00447914 0 0 0 0.000559892 0 0 0 0.000559892)
(0.00448178 0 0 0 0.000560223 0 0 0 0.000560223)
(0.00448443 0 0 0 0.000560554 0 0 0 0.000560554)
(0.00448709 0 0 0 0.000560886 0 0 0 0.000560886)
(0.0044893 0 0 0 0.000561162 0 0 0 0.000561162)
(0.00449093 0 0 0 0.000561366 0 0 0 0.000561366)
(0.00412394 0 0 0 0.000515492 0 0 0 0.000515492)
(0.00412505 0 0 0 0.000515631 0 0 0 0.000515631)
(0.00412694 0 0 0 0.000515867 0 0 0 0.000515867)
(0.00412933 0 0 0 0.000516166 0 0 0 0.000516166)
(0.00413168 0 0 0 0.00051646 0 0 0 0.00051646)
(0.004134 0 0 0 0.000516751 0 0 0 0.000516751)
(0.00413631 0 0 0 0.000517039 0 0 0 0.000517039)
(0.0041386 0 0 0 0.000517325 0 0 0 0.000517325)
(0.00414088 0 0 0 0.000517609 0 0 0 0.000517609)
(0.00414314 0 0 0 0.000517892 0 0 0 0.000517892)
(0.00414539 0 0 0 0.000518174 0 0 0 0.000518174)
(0.00414763 0 0 0 0.000518454 0 0 0 0.000518454)
(0.00414987 0 0 0 0.000518733 0 0 0 0.000518733)
(0.00415209 0 0 0 0.000519011 0 0 0 0.000519011)
(0.00415431 0 0 0 0.000519288 0 0 0 0.000519288)
(0.00415651 0 0 0 0.000519564 0 0 0 0.000519564)
(0.00415871 0 0 0 0.000519839 0 0 0 0.000519839)
(0.0041609 0 0 0 0.000520112 0 0 0 0.000520112)
(0.00416307 0 0 0 0.000520384 0 0 0 0.000520384)
(0.00416524 0 0 0 0.000520655 0 0 0 0.000520655)
(0.0041674 0 0 0 0.000520925 0 0 0 0.000520925)
(0.00416955 0 0 0 0.000521194 0 0 0 0.000521194)
(0.00417169 0 0 0 0.000521461 0 0 0 0.000521461)
(0.00417382 0 0 0 0.000521727 0 0 0 0.000521727)
(0.00417593 0 0 0 0.000521992 0 0 0 0.000521992)
(0.00417804 0 0 0 0.000522255 0 0 0 0.000522255)
(0.00418013 0 0 0 0.000522517 0 0 0 0.000522517)
(0.00418222 0 0 0 0.000522777 0 0 0 0.000522777)
(0.00418429 0 0 0 0.000523036 0 0 0 0.000523036)
(0.00418634 0 0 0 0.000523293 0 0 0 0.000523293)
(0.00418839 0 0 0 0.000523549 0 0 0 0.000523549)
(0.00419042 0 0 0 0.000523803 0 0 0 0.000523803)
(0.00419244 0 0 0 0.000524055 0 0 0 0.000524055)
(0.00419445 0 0 0 0.000524306 0 0 0 0.000524306)
(0.00419644 0 0 0 0.000524555 0 0 0 0.000524555)
(0.00419842 0 0 0 0.000524803 0 0 0 0.000524803)
(0.00420039 0 0 0 0.000525048 0 0 0 0.000525048)
(0.00420234 0 0 0 0.000525292 0 0 0 0.000525292)
(0.00420427 0 0 0 0.000525534 0 0 0 0.000525534)
(0.00420619 0 0 0 0.000525774 0 0 0 0.000525774)
(0.0042081 0 0 0 0.000526012 0 0 0 0.000526012)
(0.00420999 0 0 0 0.000526249 0 0 0 0.000526249)
(0.00421187 0 0 0 0.000526483 0 0 0 0.000526483)
(0.00421372 0 0 0 0.000526716 0 0 0 0.000526716)
(0.00421557 0 0 0 0.000526946 0 0 0 0.000526946)
(0.00421739 0 0 0 0.000527174 0 0 0 0.000527174)
(0.00421921 0 0 0 0.000527401 0 0 0 0.000527401)
(0.004221 0 0 0 0.000527625 0 0 0 0.000527625)
(0.00422278 0 0 0 0.000527847 0 0 0 0.000527847)
(0.00422453 0 0 0 0.000528067 0 0 0 0.000528067)
(0.00422628 0 0 0 0.000528285 0 0 0 0.000528285)
(0.004228 0 0 0 0.0005285 0 0 0 0.0005285)
(0.00422971 0 0 0 0.000528714 0 0 0 0.000528714)
(0.0042314 0 0 0 0.000528925 0 0 0 0.000528925)
(0.00423307 0 0 0 0.000529133 0 0 0 0.000529133)
(0.00423472 0 0 0 0.00052934 0 0 0 0.00052934)
(0.00423635 0 0 0 0.000529544 0 0 0 0.000529544)
(0.00423797 0 0 0 0.000529746 0 0 0 0.000529746)
(0.00423957 0 0 0 0.000529946 0 0 0 0.000529946)
(0.00424114 0 0 0 0.000530143 0 0 0 0.000530143)
(0.0042427 0 0 0 0.000530338 0 0 0 0.000530338)
(0.00424424 0 0 0 0.00053053 0 0 0 0.00053053)
(0.00424576 0 0 0 0.00053072 0 0 0 0.00053072)
(0.00424726 0 0 0 0.000530907 0 0 0 0.000530907)
(0.00424874 0 0 0 0.000531092 0 0 0 0.000531092)
(0.0042502 0 0 0 0.000531275 0 0 0 0.000531275)
(0.00425164 0 0 0 0.000531455 0 0 0 0.000531455)
(0.00425306 0 0 0 0.000531633 0 0 0 0.000531633)
(0.00425446 0 0 0 0.000531808 0 0 0 0.000531808)
(0.00425584 0 0 0 0.00053198 0 0 0 0.00053198)
(0.0042572 0 0 0 0.00053215 0 0 0 0.00053215)
(0.00425854 0 0 0 0.000532318 0 0 0 0.000532318)
(0.00425986 0 0 0 0.000532483 0 0 0 0.000532483)
(0.00426116 0 0 0 0.000532645 0 0 0 0.000532645)
(0.00426244 0 0 0 0.000532805 0 0 0 0.000532805)
(0.00426369 0 0 0 0.000532962 0 0 0 0.000532962)
(0.00426493 0 0 0 0.000533116 0 0 0 0.000533116)
(0.00426615 0 0 0 0.000533268 0 0 0 0.000533268)
(0.00426734 0 0 0 0.000533418 0 0 0 0.000533418)
(0.00426852 0 0 0 0.000533565 0 0 0 0.000533565)
(0.00426967 0 0 0 0.000533709 0 0 0 0.000533709)
(0.00427081 0 0 0 0.000533851 0 0 0 0.000533851)
(0.00427192 0 0 0 0.00053399 0 0 0 0.00053399)
(0.00427301 0 0 0 0.000534127 0 0 0 0.000534127)
(0.00427409 0 0 0 0.000534261 0 0 0 0.000534261)
(0.00427514 0 0 0 0.000534392 0 0 0 0.000534392)
(0.00427617 0 0 0 0.000534521 0 0 0 0.000534521)
(0.00427718 0 0 0 0.000534648 0 0 0 0.000534648)
(0.00427817 0 0 0 0.000534771 0 0 0 0.000534771)
(0.00427914 0 0 0 0.000534893 0 0 0 0.000534893)
(0.00428009 0 0 0 0.000535012 0 0 0 0.000535012)
(0.00428103 0 0 0 0.000535128 0 0 0 0.000535128)
(0.00428194 0 0 0 0.000535242 0 0 0 0.000535242)
(0.00428283 0 0 0 0.000535354 0 0 0 0.000535354)
(0.0042837 0 0 0 0.000535463 0 0 0 0.000535463)
(0.00428456 0 0 0 0.000535569 0 0 0 0.000535569)
(0.00428539 0 0 0 0.000535674 0 0 0 0.000535674)
(0.00428621 0 0 0 0.000535776 0 0 0 0.000535776)
(0.004287 0 0 0 0.000535875 0 0 0 0.000535875)
(0.00428778 0 0 0 0.000535973 0 0 0 0.000535973)
(0.00428854 0 0 0 0.000536068 0 0 0 0.000536068)
(0.00428928 0 0 0 0.000536161 0 0 0 0.000536161)
(0.00429001 0 0 0 0.000536251 0 0 0 0.000536251)
(0.00429072 0 0 0 0.00053634 0 0 0 0.00053634)
(0.00429141 0 0 0 0.000536426 0 0 0 0.000536426)
(0.00429208 0 0 0 0.00053651 0 0 0 0.00053651)
(0.00429274 0 0 0 0.000536592 0 0 0 0.000536592)
(0.00429338 0 0 0 0.000536672 0 0 0 0.000536672)
(0.004294 0 0 0 0.00053675 0 0 0 0.00053675)
(0.00429461 0 0 0 0.000536827 0 0 0 0.000536827)
(0.00429521 0 0 0 0.000536901 0 0 0 0.000536901)
(0.00429579 0 0 0 0.000536973 0 0 0 0.000536973)
(0.00429635 0 0 0 0.000537044 0 0 0 0.000537044)
(0.0042969 0 0 0 0.000537113 0 0 0 0.000537113)
(0.00429744 0 0 0 0.00053718 0 0 0 0.00053718)
(0.00429797 0 0 0 0.000537246 0 0 0 0.000537246)
(0.00429848 0 0 0 0.00053731 0 0 0 0.00053731)
(0.00429898 0 0 0 0.000537372 0 0 0 0.000537372)
(0.00429946 0 0 0 0.000537433 0 0 0 0.000537433)
(0.00429994 0 0 0 0.000537493 0 0 0 0.000537493)
(0.00430041 0 0 0 0.000537551 0 0 0 0.000537551)
(0.00430086 0 0 0 0.000537608 0 0 0 0.000537608)
(0.00430131 0 0 0 0.000537663 0 0 0 0.000537663)
(0.00430174 0 0 0 0.000537718 0 0 0 0.000537718)
(0.00430217 0 0 0 0.000537771 0 0 0 0.000537771)
(0.00430259 0 0 0 0.000537824 0 0 0 0.000537824)
(0.004303 0 0 0 0.000537876 0 0 0 0.000537876)
(0.00430341 0 0 0 0.000537926 0 0 0 0.000537926)
(0.00430381 0 0 0 0.000537976 0 0 0 0.000537976)
(0.0043042 0 0 0 0.000538026 0 0 0 0.000538026)
(0.00430459 0 0 0 0.000538074 0 0 0 0.000538074)
(0.00430498 0 0 0 0.000538123 0 0 0 0.000538123)
(0.00430536 0 0 0 0.00053817 0 0 0 0.00053817)
(0.00430574 0 0 0 0.000538218 0 0 0 0.000538218)
(0.00430612 0 0 0 0.000538265 0 0 0 0.000538265)
(0.0043065 0 0 0 0.000538312 0 0 0 0.000538312)
(0.00430687 0 0 0 0.000538359 0 0 0 0.000538359)
(0.00430724 0 0 0 0.000538405 0 0 0 0.000538405)
(0.00430761 0 0 0 0.000538451 0 0 0 0.000538451)
(0.00430798 0 0 0 0.000538497 0 0 0 0.000538497)
(0.00430835 0 0 0 0.000538543 0 0 0 0.000538543)
(0.00430871 0 0 0 0.000538589 0 0 0 0.000538589)
(0.00430908 0 0 0 0.000538635 0 0 0 0.000538635)
(0.00430945 0 0 0 0.000538682 0 0 0 0.000538682)
(0.00430983 0 0 0 0.000538728 0 0 0 0.000538728)
(0.0043102 0 0 0 0.000538775 0 0 0 0.000538775)
(0.00431058 0 0 0 0.000538823 0 0 0 0.000538823)
(0.00431097 0 0 0 0.000538871 0 0 0 0.000538871)
(0.00431136 0 0 0 0.00053892 0 0 0 0.00053892)
(0.00431175 0 0 0 0.000538969 0 0 0 0.000538969)
(0.00431216 0 0 0 0.00053902 0 0 0 0.00053902)
(0.00431257 0 0 0 0.000539071 0 0 0 0.000539071)
(0.00431299 0 0 0 0.000539123 0 0 0 0.000539123)
(0.00431342 0 0 0 0.000539177 0 0 0 0.000539177)
(0.00431385 0 0 0 0.000539231 0 0 0 0.000539231)
(0.0043143 0 0 0 0.000539287 0 0 0 0.000539287)
(0.00431475 0 0 0 0.000539344 0 0 0 0.000539344)
(0.00431522 0 0 0 0.000539403 0 0 0 0.000539403)
(0.0043157 0 0 0 0.000539462 0 0 0 0.000539462)
(0.00431619 0 0 0 0.000539524 0 0 0 0.000539524)
(0.00431669 0 0 0 0.000539587 0 0 0 0.000539587)
(0.00431721 0 0 0 0.000539651 0 0 0 0.000539651)
(0.00431774 0 0 0 0.000539717 0 0 0 0.000539717)
(0.00431828 0 0 0 0.000539785 0 0 0 0.000539785)
(0.00431884 0 0 0 0.000539854 0 0 0 0.000539854)
(0.00431941 0 0 0 0.000539926 0 0 0 0.000539926)
(0.00431999 0 0 0 0.000539999 0 0 0 0.000539999)
(0.00432059 0 0 0 0.000540074 0 0 0 0.000540074)
(0.00432121 0 0 0 0.000540151 0 0 0 0.000540151)
(0.00432185 0 0 0 0.000540231 0 0 0 0.000540231)
(0.0043225 0 0 0 0.000540312 0 0 0 0.000540312)
(0.00432316 0 0 0 0.000540395 0 0 0 0.000540395)
(0.00432385 0 0 0 0.000540481 0 0 0 0.000540481)
(0.00432455 0 0 0 0.000540569 0 0 0 0.000540569)
(0.00432527 0 0 0 0.000540659 0 0 0 0.000540659)
(0.00432601 0 0 0 0.000540752 0 0 0 0.000540752)
(0.00432677 0 0 0 0.000540846 0 0 0 0.000540846)
(0.00432755 0 0 0 0.000540943 0 0 0 0.000540943)
(0.00432834 0 0 0 0.000541043 0 0 0 0.000541043)
(0.00432916 0 0 0 0.000541145 0 0 0 0.000541145)
(0.00433 0 0 0 0.00054125 0 0 0 0.00054125)
(0.00433085 0 0 0 0.000541357 0 0 0 0.000541357)
(0.00433173 0 0 0 0.000541466 0 0 0 0.000541466)
(0.00433263 0 0 0 0.000541578 0 0 0 0.000541578)
(0.00433355 0 0 0 0.000541693 0 0 0 0.000541693)
(0.00433449 0 0 0 0.000541811 0 0 0 0.000541811)
(0.00433545 0 0 0 0.000541931 0 0 0 0.000541931)
(0.00433643 0 0 0 0.000542054 0 0 0 0.000542054)
(0.00433743 0 0 0 0.000542179 0 0 0 0.000542179)
(0.00433846 0 0 0 0.000542308 0 0 0 0.000542308)
(0.00433951 0 0 0 0.000542439 0 0 0 0.000542439)
(0.00434058 0 0 0 0.000542573 0 0 0 0.000542573)
(0.00434168 0 0 0 0.000542709 0 0 0 0.000542709)
(0.00434279 0 0 0 0.000542849 0 0 0 0.000542849)
(0.00434393 0 0 0 0.000542991 0 0 0 0.000542991)
(0.00434509 0 0 0 0.000543137 0 0 0 0.000543137)
(0.00434628 0 0 0 0.000543285 0 0 0 0.000543285)
(0.00434749 0 0 0 0.000543436 0 0 0 0.000543436)
(0.00434872 0 0 0 0.00054359 0 0 0 0.00054359)
(0.00434997 0 0 0 0.000543746 0 0 0 0.000543746)
(0.00435125 0 0 0 0.000543906 0 0 0 0.000543906)
(0.00435255 0 0 0 0.000544069 0 0 0 0.000544069)
(0.00435387 0 0 0 0.000544234 0 0 0 0.000544234)
(0.00435522 0 0 0 0.000544403 0 0 0 0.000544403)
(0.00435659 0 0 0 0.000544574 0 0 0 0.000544574)
(0.00435799 0 0 0 0.000544749 0 0 0 0.000544749)
(0.00435941 0 0 0 0.000544926 0 0 0 0.000544926)
(0.00436085 0 0 0 0.000545106 0 0 0 0.000545106)
(0.00436232 0 0 0 0.00054529 0 0 0 0.00054529)
(0.00436381 0 0 0 0.000545476 0 0 0 0.000545476)
(0.00436532 0 0 0 0.000545665 0 0 0 0.000545665)
(0.00436686 0 0 0 0.000545857 0 0 0 0.000545857)
(0.00436842 0 0 0 0.000546052 0 0 0 0.000546052)
(0.00437 0 0 0 0.00054625 0 0 0 0.00054625)
(0.00437161 0 0 0 0.000546451 0 0 0 0.000546451)
(0.00437324 0 0 0 0.000546655 0 0 0 0.000546655)
(0.00437489 0 0 0 0.000546861 0 0 0 0.000546861)
(0.00437657 0 0 0 0.000547071 0 0 0 0.000547071)
(0.00437827 0 0 0 0.000547284 0 0 0 0.000547284)
(0.00437999 0 0 0 0.000547499 0 0 0 0.000547499)
(0.00438174 0 0 0 0.000547717 0 0 0 0.000547717)
(0.00438351 0 0 0 0.000547938 0 0 0 0.000547938)
(0.0043853 0 0 0 0.000548162 0 0 0 0.000548162)
(0.00438711 0 0 0 0.000548389 0 0 0 0.000548389)
(0.00438895 0 0 0 0.000548618 0 0 0 0.000548618)
(0.0043908 0 0 0 0.000548851 0 0 0 0.000548851)
(0.00439268 0 0 0 0.000549086 0 0 0 0.000549086)
(0.00439459 0 0 0 0.000549323 0 0 0 0.000549323)
(0.00439651 0 0 0 0.000549564 0 0 0 0.000549564)
(0.00439846 0 0 0 0.000549807 0 0 0 0.000549807)
(0.00440042 0 0 0 0.000550053 0 0 0 0.000550053)
(0.00440241 0 0 0 0.000550302 0 0 0 0.000550302)
(0.00440442 0 0 0 0.000550553 0 0 0 0.000550553)
(0.00440645 0 0 0 0.000550807 0 0 0 0.000550807)
(0.00440851 0 0 0 0.000551063 0 0 0 0.000551063)
(0.00441058 0 0 0 0.000551322 0 0 0 0.000551322)
(0.00441267 0 0 0 0.000551584 0 0 0 0.000551584)
(0.00441479 0 0 0 0.000551848 0 0 0 0.000551848)
(0.00441692 0 0 0 0.000552115 0 0 0 0.000552115)
(0.00441907 0 0 0 0.000552384 0 0 0 0.000552384)
(0.00442125 0 0 0 0.000552656 0 0 0 0.000552656)
(0.00442344 0 0 0 0.00055293 0 0 0 0.00055293)
(0.00442565 0 0 0 0.000553207 0 0 0 0.000553207)
(0.00442789 0 0 0 0.000553486 0 0 0 0.000553486)
(0.00443014 0 0 0 0.000553767 0 0 0 0.000553767)
(0.00443241 0 0 0 0.000554051 0 0 0 0.000554051)
(0.0044347 0 0 0 0.000554337 0 0 0 0.000554337)
(0.00443701 0 0 0 0.000554626 0 0 0 0.000554626)
(0.00443933 0 0 0 0.000554917 0 0 0 0.000554917)
(0.00444168 0 0 0 0.00055521 0 0 0 0.00055521)
(0.00444405 0 0 0 0.000555506 0 0 0 0.000555506)
(0.00444643 0 0 0 0.000555804 0 0 0 0.000555804)
(0.00444883 0 0 0 0.000556104 0 0 0 0.000556104)
(0.00445125 0 0 0 0.000556407 0 0 0 0.000556407)
(0.00445369 0 0 0 0.000556712 0 0 0 0.000556712)
(0.00445615 0 0 0 0.000557019 0 0 0 0.000557019)
(0.00445863 0 0 0 0.000557329 0 0 0 0.000557329)
(0.00446113 0 0 0 0.000557641 0 0 0 0.000557641)
(0.00446364 0 0 0 0.000557955 0 0 0 0.000557955)
(0.00446618 0 0 0 0.000558272 0 0 0 0.000558272)
(0.00446873 0 0 0 0.000558592 0 0 0 0.000558592)
(0.00447131 0 0 0 0.000558913 0 0 0 0.000558913)
(0.0044739 0 0 0 0.000559237 0 0 0 0.000559237)
(0.00447651 0 0 0 0.000559564 0 0 0 0.000559564)
(0.00447914 0 0 0 0.000559892 0 0 0 0.000559892)
(0.00448178 0 0 0 0.000560222 0 0 0 0.000560222)
(0.00448443 0 0 0 0.000560554 0 0 0 0.000560554)
(0.00448708 0 0 0 0.000560886 0 0 0 0.000560886)
(0.0044893 0 0 0 0.000561162 0 0 0 0.000561162)
(0.00449092 0 0 0 0.000561365 0 0 0 0.000561365)
(0.00412398 0 0 0 0.000515498 0 0 0 0.000515498)
(0.00412508 0 0 0 0.000515634 0 0 0 0.000515634)
(0.00412695 0 0 0 0.000515868 0 0 0 0.000515868)
(0.00412933 0 0 0 0.000516166 0 0 0 0.000516166)
(0.00413168 0 0 0 0.00051646 0 0 0 0.00051646)
(0.00413401 0 0 0 0.000516751 0 0 0 0.000516751)
(0.00413631 0 0 0 0.000517039 0 0 0 0.000517039)
(0.0041386 0 0 0 0.000517325 0 0 0 0.000517325)
(0.00414088 0 0 0 0.000517609 0 0 0 0.000517609)
(0.00414314 0 0 0 0.000517892 0 0 0 0.000517892)
(0.00414539 0 0 0 0.000518174 0 0 0 0.000518174)
(0.00414763 0 0 0 0.000518454 0 0 0 0.000518454)
(0.00414987 0 0 0 0.000518733 0 0 0 0.000518733)
(0.00415209 0 0 0 0.000519011 0 0 0 0.000519011)
(0.0041543 0 0 0 0.000519288 0 0 0 0.000519288)
(0.00415651 0 0 0 0.000519564 0 0 0 0.000519564)
(0.00415871 0 0 0 0.000519838 0 0 0 0.000519838)
(0.00416089 0 0 0 0.000520112 0 0 0 0.000520112)
(0.00416307 0 0 0 0.000520384 0 0 0 0.000520384)
(0.00416524 0 0 0 0.000520655 0 0 0 0.000520655)
(0.0041674 0 0 0 0.000520925 0 0 0 0.000520925)
(0.00416955 0 0 0 0.000521194 0 0 0 0.000521194)
(0.00417169 0 0 0 0.000521461 0 0 0 0.000521461)
(0.00417381 0 0 0 0.000521727 0 0 0 0.000521727)
(0.00417593 0 0 0 0.000521991 0 0 0 0.000521991)
(0.00417804 0 0 0 0.000522255 0 0 0 0.000522255)
(0.00418013 0 0 0 0.000522516 0 0 0 0.000522516)
(0.00418221 0 0 0 0.000522777 0 0 0 0.000522777)
(0.00418428 0 0 0 0.000523036 0 0 0 0.000523036)
(0.00418634 0 0 0 0.000523293 0 0 0 0.000523293)
(0.00418839 0 0 0 0.000523549 0 0 0 0.000523549)
(0.00419042 0 0 0 0.000523803 0 0 0 0.000523803)
(0.00419244 0 0 0 0.000524055 0 0 0 0.000524055)
(0.00419445 0 0 0 0.000524306 0 0 0 0.000524306)
(0.00419644 0 0 0 0.000524555 0 0 0 0.000524555)
(0.00419842 0 0 0 0.000524803 0 0 0 0.000524803)
(0.00420039 0 0 0 0.000525048 0 0 0 0.000525048)
(0.00420234 0 0 0 0.000525292 0 0 0 0.000525292)
(0.00420427 0 0 0 0.000525534 0 0 0 0.000525534)
(0.00420619 0 0 0 0.000525774 0 0 0 0.000525774)
(0.0042081 0 0 0 0.000526012 0 0 0 0.000526012)
(0.00420999 0 0 0 0.000526249 0 0 0 0.000526249)
(0.00421186 0 0 0 0.000526483 0 0 0 0.000526483)
(0.00421372 0 0 0 0.000526715 0 0 0 0.000526715)
(0.00421557 0 0 0 0.000526946 0 0 0 0.000526946)
(0.00421739 0 0 0 0.000527174 0 0 0 0.000527174)
(0.0042192 0 0 0 0.000527401 0 0 0 0.000527401)
(0.004221 0 0 0 0.000527625 0 0 0 0.000527625)
(0.00422277 0 0 0 0.000527847 0 0 0 0.000527847)
(0.00422453 0 0 0 0.000528067 0 0 0 0.000528067)
(0.00422628 0 0 0 0.000528285 0 0 0 0.000528285)
(0.004228 0 0 0 0.0005285 0 0 0 0.0005285)
(0.00422971 0 0 0 0.000528713 0 0 0 0.000528713)
(0.0042314 0 0 0 0.000528925 0 0 0 0.000528925)
(0.00423307 0 0 0 0.000529133 0 0 0 0.000529133)
(0.00423472 0 0 0 0.00052934 0 0 0 0.00052934)
(0.00423635 0 0 0 0.000529544 0 0 0 0.000529544)
(0.00423797 0 0 0 0.000529746 0 0 0 0.000529746)
(0.00423956 0 0 0 0.000529946 0 0 0 0.000529946)
(0.00424114 0 0 0 0.000530143 0 0 0 0.000530143)
(0.0042427 0 0 0 0.000530338 0 0 0 0.000530338)
(0.00424424 0 0 0 0.00053053 0 0 0 0.00053053)
(0.00424576 0 0 0 0.00053072 0 0 0 0.00053072)
(0.00424726 0 0 0 0.000530907 0 0 0 0.000530907)
(0.00424874 0 0 0 0.000531092 0 0 0 0.000531092)
(0.0042502 0 0 0 0.000531275 0 0 0 0.000531275)
(0.00425164 0 0 0 0.000531455 0 0 0 0.000531455)
(0.00425306 0 0 0 0.000531633 0 0 0 0.000531633)
(0.00425446 0 0 0 0.000531808 0 0 0 0.000531808)
(0.00425584 0 0 0 0.00053198 0 0 0 0.00053198)
(0.0042572 0 0 0 0.00053215 0 0 0 0.00053215)
(0.00425854 0 0 0 0.000532318 0 0 0 0.000532318)
(0.00425986 0 0 0 0.000532482 0 0 0 0.000532482)
(0.00426116 0 0 0 0.000532645 0 0 0 0.000532645)
(0.00426244 0 0 0 0.000532805 0 0 0 0.000532805)
(0.00426369 0 0 0 0.000532962 0 0 0 0.000532962)
(0.00426493 0 0 0 0.000533116 0 0 0 0.000533116)
(0.00426615 0 0 0 0.000533268 0 0 0 0.000533268)
(0.00426734 0 0 0 0.000533418 0 0 0 0.000533418)
(0.00426852 0 0 0 0.000533565 0 0 0 0.000533565)
(0.00426967 0 0 0 0.000533709 0 0 0 0.000533709)
(0.00427081 0 0 0 0.000533851 0 0 0 0.000533851)
(0.00427192 0 0 0 0.00053399 0 0 0 0.00053399)
(0.00427301 0 0 0 0.000534127 0 0 0 0.000534127)
(0.00427409 0 0 0 0.000534261 0 0 0 0.000534261)
(0.00427514 0 0 0 0.000534392 0 0 0 0.000534392)
(0.00427617 0 0 0 0.000534521 0 0 0 0.000534521)
(0.00427718 0 0 0 0.000534648 0 0 0 0.000534648)
(0.00427817 0 0 0 0.000534771 0 0 0 0.000534771)
(0.00427914 0 0 0 0.000534893 0 0 0 0.000534893)
(0.00428009 0 0 0 0.000535012 0 0 0 0.000535012)
(0.00428103 0 0 0 0.000535128 0 0 0 0.000535128)
(0.00428194 0 0 0 0.000535242 0 0 0 0.000535242)
(0.00428283 0 0 0 0.000535354 0 0 0 0.000535354)
(0.0042837 0 0 0 0.000535463 0 0 0 0.000535463)
(0.00428456 0 0 0 0.000535569 0 0 0 0.000535569)
(0.00428539 0 0 0 0.000535674 0 0 0 0.000535674)
(0.00428621 0 0 0 0.000535776 0 0 0 0.000535776)
(0.004287 0 0 0 0.000535875 0 0 0 0.000535875)
(0.00428778 0 0 0 0.000535973 0 0 0 0.000535973)
(0.00428854 0 0 0 0.000536068 0 0 0 0.000536068)
(0.00428928 0 0 0 0.000536161 0 0 0 0.000536161)
(0.00429001 0 0 0 0.000536251 0 0 0 0.000536251)
(0.00429072 0 0 0 0.00053634 0 0 0 0.00053634)
(0.00429141 0 0 0 0.000536426 0 0 0 0.000536426)
(0.00429208 0 0 0 0.00053651 0 0 0 0.00053651)
(0.00429274 0 0 0 0.000536592 0 0 0 0.000536592)
(0.00429338 0 0 0 0.000536672 0 0 0 0.000536672)
(0.004294 0 0 0 0.00053675 0 0 0 0.00053675)
(0.00429461 0 0 0 0.000536827 0 0 0 0.000536827)
(0.00429521 0 0 0 0.000536901 0 0 0 0.000536901)
(0.00429579 0 0 0 0.000536973 0 0 0 0.000536973)
(0.00429635 0 0 0 0.000537044 0 0 0 0.000537044)
(0.0042969 0 0 0 0.000537113 0 0 0 0.000537113)
(0.00429744 0 0 0 0.00053718 0 0 0 0.00053718)
(0.00429797 0 0 0 0.000537246 0 0 0 0.000537246)
(0.00429848 0 0 0 0.00053731 0 0 0 0.00053731)
(0.00429898 0 0 0 0.000537372 0 0 0 0.000537372)
(0.00429946 0 0 0 0.000537433 0 0 0 0.000537433)
(0.00429994 0 0 0 0.000537493 0 0 0 0.000537493)
(0.00430041 0 0 0 0.000537551 0 0 0 0.000537551)
(0.00430086 0 0 0 0.000537608 0 0 0 0.000537608)
(0.00430131 0 0 0 0.000537663 0 0 0 0.000537663)
(0.00430174 0 0 0 0.000537718 0 0 0 0.000537718)
(0.00430217 0 0 0 0.000537771 0 0 0 0.000537771)
(0.00430259 0 0 0 0.000537824 0 0 0 0.000537824)
(0.004303 0 0 0 0.000537876 0 0 0 0.000537876)
(0.00430341 0 0 0 0.000537926 0 0 0 0.000537926)
(0.00430381 0 0 0 0.000537976 0 0 0 0.000537976)
(0.0043042 0 0 0 0.000538026 0 0 0 0.000538026)
(0.00430459 0 0 0 0.000538074 0 0 0 0.000538074)
(0.00430498 0 0 0 0.000538123 0 0 0 0.000538123)
(0.00430536 0 0 0 0.00053817 0 0 0 0.00053817)
(0.00430574 0 0 0 0.000538218 0 0 0 0.000538218)
(0.00430612 0 0 0 0.000538265 0 0 0 0.000538265)
(0.0043065 0 0 0 0.000538312 0 0 0 0.000538312)
(0.00430687 0 0 0 0.000538359 0 0 0 0.000538359)
(0.00430724 0 0 0 0.000538405 0 0 0 0.000538405)
(0.00430761 0 0 0 0.000538451 0 0 0 0.000538451)
(0.00430798 0 0 0 0.000538497 0 0 0 0.000538497)
(0.00430835 0 0 0 0.000538543 0 0 0 0.000538543)
(0.00430871 0 0 0 0.000538589 0 0 0 0.000538589)
(0.00430908 0 0 0 0.000538635 0 0 0 0.000538635)
(0.00430945 0 0 0 0.000538682 0 0 0 0.000538682)
(0.00430983 0 0 0 0.000538728 0 0 0 0.000538728)
(0.0043102 0 0 0 0.000538775 0 0 0 0.000538775)
(0.00431058 0 0 0 0.000538823 0 0 0 0.000538823)
(0.00431097 0 0 0 0.000538871 0 0 0 0.000538871)
(0.00431136 0 0 0 0.00053892 0 0 0 0.00053892)
(0.00431175 0 0 0 0.000538969 0 0 0 0.000538969)
(0.00431216 0 0 0 0.00053902 0 0 0 0.00053902)
(0.00431257 0 0 0 0.000539071 0 0 0 0.000539071)
(0.00431299 0 0 0 0.000539123 0 0 0 0.000539123)
(0.00431342 0 0 0 0.000539177 0 0 0 0.000539177)
(0.00431385 0 0 0 0.000539231 0 0 0 0.000539231)
(0.0043143 0 0 0 0.000539287 0 0 0 0.000539287)
(0.00431475 0 0 0 0.000539344 0 0 0 0.000539344)
(0.00431522 0 0 0 0.000539403 0 0 0 0.000539403)
(0.0043157 0 0 0 0.000539462 0 0 0 0.000539462)
(0.00431619 0 0 0 0.000539524 0 0 0 0.000539524)
(0.00431669 0 0 0 0.000539587 0 0 0 0.000539587)
(0.00431721 0 0 0 0.000539651 0 0 0 0.000539651)
(0.00431774 0 0 0 0.000539717 0 0 0 0.000539717)
(0.00431828 0 0 0 0.000539785 0 0 0 0.000539785)
(0.00431883 0 0 0 0.000539854 0 0 0 0.000539854)
(0.00431941 0 0 0 0.000539926 0 0 0 0.000539926)
(0.00431999 0 0 0 0.000539999 0 0 0 0.000539999)
(0.00432059 0 0 0 0.000540074 0 0 0 0.000540074)
(0.00432121 0 0 0 0.000540151 0 0 0 0.000540151)
(0.00432185 0 0 0 0.000540231 0 0 0 0.000540231)
(0.0043225 0 0 0 0.000540312 0 0 0 0.000540312)
(0.00432316 0 0 0 0.000540395 0 0 0 0.000540395)
(0.00432385 0 0 0 0.000540481 0 0 0 0.000540481)
(0.00432455 0 0 0 0.000540569 0 0 0 0.000540569)
(0.00432527 0 0 0 0.000540659 0 0 0 0.000540659)
(0.00432601 0 0 0 0.000540751 0 0 0 0.000540751)
(0.00432677 0 0 0 0.000540846 0 0 0 0.000540846)
(0.00432755 0 0 0 0.000540943 0 0 0 0.000540943)
(0.00432834 0 0 0 0.000541043 0 0 0 0.000541043)
(0.00432916 0 0 0 0.000541145 0 0 0 0.000541145)
(0.00433 0 0 0 0.00054125 0 0 0 0.00054125)
(0.00433085 0 0 0 0.000541357 0 0 0 0.000541357)
(0.00433173 0 0 0 0.000541466 0 0 0 0.000541466)
(0.00433263 0 0 0 0.000541578 0 0 0 0.000541578)
(0.00433355 0 0 0 0.000541693 0 0 0 0.000541693)
(0.00433449 0 0 0 0.000541811 0 0 0 0.000541811)
(0.00433545 0 0 0 0.000541931 0 0 0 0.000541931)
(0.00433643 0 0 0 0.000542054 0 0 0 0.000542054)
(0.00433743 0 0 0 0.000542179 0 0 0 0.000542179)
(0.00433846 0 0 0 0.000542308 0 0 0 0.000542308)
(0.00433951 0 0 0 0.000542439 0 0 0 0.000542439)
(0.00434058 0 0 0 0.000542573 0 0 0 0.000542573)
(0.00434167 0 0 0 0.000542709 0 0 0 0.000542709)
(0.00434279 0 0 0 0.000542849 0 0 0 0.000542849)
(0.00434393 0 0 0 0.000542991 0 0 0 0.000542991)
(0.00434509 0 0 0 0.000543136 0 0 0 0.000543136)
(0.00434628 0 0 0 0.000543285 0 0 0 0.000543285)
(0.00434748 0 0 0 0.000543436 0 0 0 0.000543436)
(0.00434872 0 0 0 0.000543589 0 0 0 0.000543589)
(0.00434997 0 0 0 0.000543746 0 0 0 0.000543746)
(0.00435125 0 0 0 0.000543906 0 0 0 0.000543906)
(0.00435255 0 0 0 0.000544069 0 0 0 0.000544069)
(0.00435387 0 0 0 0.000544234 0 0 0 0.000544234)
(0.00435522 0 0 0 0.000544403 0 0 0 0.000544403)
(0.00435659 0 0 0 0.000544574 0 0 0 0.000544574)
(0.00435799 0 0 0 0.000544749 0 0 0 0.000544749)
(0.00435941 0 0 0 0.000544926 0 0 0 0.000544926)
(0.00436085 0 0 0 0.000545106 0 0 0 0.000545106)
(0.00436232 0 0 0 0.00054529 0 0 0 0.00054529)
(0.00436381 0 0 0 0.000545476 0 0 0 0.000545476)
(0.00436532 0 0 0 0.000545665 0 0 0 0.000545665)
(0.00436686 0 0 0 0.000545857 0 0 0 0.000545857)
(0.00436842 0 0 0 0.000546052 0 0 0 0.000546052)
(0.00437 0 0 0 0.00054625 0 0 0 0.00054625)
(0.00437161 0 0 0 0.000546451 0 0 0 0.000546451)
(0.00437324 0 0 0 0.000546655 0 0 0 0.000546655)
(0.00437489 0 0 0 0.000546861 0 0 0 0.000546861)
(0.00437657 0 0 0 0.000547071 0 0 0 0.000547071)
(0.00437827 0 0 0 0.000547283 0 0 0 0.000547283)
(0.00437999 0 0 0 0.000547499 0 0 0 0.000547499)
(0.00438174 0 0 0 0.000547717 0 0 0 0.000547717)
(0.0043835 0 0 0 0.000547938 0 0 0 0.000547938)
(0.0043853 0 0 0 0.000548162 0 0 0 0.000548162)
(0.00438711 0 0 0 0.000548389 0 0 0 0.000548389)
(0.00438894 0 0 0 0.000548618 0 0 0 0.000548618)
(0.0043908 0 0 0 0.00054885 0 0 0 0.00054885)
(0.00439268 0 0 0 0.000549085 0 0 0 0.000549085)
(0.00439459 0 0 0 0.000549323 0 0 0 0.000549323)
(0.00439651 0 0 0 0.000549564 0 0 0 0.000549564)
(0.00439846 0 0 0 0.000549807 0 0 0 0.000549807)
(0.00440042 0 0 0 0.000550053 0 0 0 0.000550053)
(0.00440241 0 0 0 0.000550302 0 0 0 0.000550302)
(0.00440442 0 0 0 0.000550553 0 0 0 0.000550553)
(0.00440645 0 0 0 0.000550807 0 0 0 0.000550807)
(0.00440851 0 0 0 0.000551063 0 0 0 0.000551063)
(0.00441058 0 0 0 0.000551322 0 0 0 0.000551322)
(0.00441267 0 0 0 0.000551584 0 0 0 0.000551584)
(0.00441479 0 0 0 0.000551848 0 0 0 0.000551848)
(0.00441692 0 0 0 0.000552115 0 0 0 0.000552115)
(0.00441907 0 0 0 0.000552384 0 0 0 0.000552384)
(0.00442125 0 0 0 0.000552656 0 0 0 0.000552656)
(0.00442344 0 0 0 0.00055293 0 0 0 0.00055293)
(0.00442565 0 0 0 0.000553207 0 0 0 0.000553207)
(0.00442788 0 0 0 0.000553486 0 0 0 0.000553486)
(0.00443014 0 0 0 0.000553767 0 0 0 0.000553767)
(0.00443241 0 0 0 0.000554051 0 0 0 0.000554051)
(0.0044347 0 0 0 0.000554337 0 0 0 0.000554337)
(0.004437 0 0 0 0.000554626 0 0 0 0.000554626)
(0.00443933 0 0 0 0.000554917 0 0 0 0.000554917)
(0.00444168 0 0 0 0.00055521 0 0 0 0.00055521)
(0.00444404 0 0 0 0.000555505 0 0 0 0.000555505)
(0.00444643 0 0 0 0.000555803 0 0 0 0.000555803)
(0.00444883 0 0 0 0.000556104 0 0 0 0.000556104)
(0.00445125 0 0 0 0.000556406 0 0 0 0.000556406)
(0.00445369 0 0 0 0.000556711 0 0 0 0.000556711)
(0.00445615 0 0 0 0.000557019 0 0 0 0.000557019)
(0.00445863 0 0 0 0.000557328 0 0 0 0.000557328)
(0.00446112 0 0 0 0.000557641 0 0 0 0.000557641)
(0.00446364 0 0 0 0.000557955 0 0 0 0.000557955)
(0.00446618 0 0 0 0.000558272 0 0 0 0.000558272)
(0.00446873 0 0 0 0.000558591 0 0 0 0.000558591)
(0.0044713 0 0 0 0.000558913 0 0 0 0.000558913)
(0.0044739 0 0 0 0.000559237 0 0 0 0.000559237)
(0.00447651 0 0 0 0.000559563 0 0 0 0.000559563)
(0.00447913 0 0 0 0.000559892 0 0 0 0.000559892)
(0.00448177 0 0 0 0.000560222 0 0 0 0.000560222)
(0.00448443 0 0 0 0.000560553 0 0 0 0.000560553)
(0.00448708 0 0 0 0.000560885 0 0 0 0.000560885)
(0.00448929 0 0 0 0.000561162 0 0 0 0.000561162)
(0.00449092 0 0 0 0.000561365 0 0 0 0.000561365)
(0.00412405 0 0 0 0.000515506 0 0 0 0.000515506)
(0.00412512 0 0 0 0.00051564 0 0 0 0.00051564)
(0.00412697 0 0 0 0.000515871 0 0 0 0.000515871)
(0.00412934 0 0 0 0.000516168 0 0 0 0.000516168)
(0.00413169 0 0 0 0.000516461 0 0 0 0.000516461)
(0.00413401 0 0 0 0.000516751 0 0 0 0.000516751)
(0.00413631 0 0 0 0.000517039 0 0 0 0.000517039)
(0.0041386 0 0 0 0.000517325 0 0 0 0.000517325)
(0.00414088 0 0 0 0.000517609 0 0 0 0.000517609)
(0.00414314 0 0 0 0.000517892 0 0 0 0.000517892)
(0.00414539 0 0 0 0.000518174 0 0 0 0.000518174)
(0.00414763 0 0 0 0.000518454 0 0 0 0.000518454)
(0.00414986 0 0 0 0.000518733 0 0 0 0.000518733)
(0.00415209 0 0 0 0.000519011 0 0 0 0.000519011)
(0.0041543 0 0 0 0.000519288 0 0 0 0.000519288)
(0.00415651 0 0 0 0.000519564 0 0 0 0.000519564)
(0.0041587 0 0 0 0.000519838 0 0 0 0.000519838)
(0.00416089 0 0 0 0.000520112 0 0 0 0.000520112)
(0.00416307 0 0 0 0.000520384 0 0 0 0.000520384)
(0.00416524 0 0 0 0.000520655 0 0 0 0.000520655)
(0.0041674 0 0 0 0.000520925 0 0 0 0.000520925)
(0.00416955 0 0 0 0.000521193 0 0 0 0.000521193)
(0.00417168 0 0 0 0.000521461 0 0 0 0.000521461)
(0.00417381 0 0 0 0.000521727 0 0 0 0.000521727)
(0.00417593 0 0 0 0.000521991 0 0 0 0.000521991)
(0.00417804 0 0 0 0.000522254 0 0 0 0.000522254)
(0.00418013 0 0 0 0.000522516 0 0 0 0.000522516)
(0.00418221 0 0 0 0.000522776 0 0 0 0.000522776)
(0.00418428 0 0 0 0.000523035 0 0 0 0.000523035)
(0.00418634 0 0 0 0.000523293 0 0 0 0.000523293)
(0.00418839 0 0 0 0.000523548 0 0 0 0.000523548)
(0.00419042 0 0 0 0.000523802 0 0 0 0.000523802)
(0.00419244 0 0 0 0.000524055 0 0 0 0.000524055)
(0.00419445 0 0 0 0.000524306 0 0 0 0.000524306)
(0.00419644 0 0 0 0.000524555 0 0 0 0.000524555)
(0.00419842 0 0 0 0.000524802 0 0 0 0.000524802)
(0.00420038 0 0 0 0.000525048 0 0 0 0.000525048)
(0.00420233 0 0 0 0.000525292 0 0 0 0.000525292)
(0.00420427 0 0 0 0.000525534 0 0 0 0.000525534)
(0.00420619 0 0 0 0.000525774 0 0 0 0.000525774)
(0.0042081 0 0 0 0.000526012 0 0 0 0.000526012)
(0.00420999 0 0 0 0.000526248 0 0 0 0.000526248)
(0.00421186 0 0 0 0.000526483 0 0 0 0.000526483)
(0.00421372 0 0 0 0.000526715 0 0 0 0.000526715)
(0.00421557 0 0 0 0.000526946 0 0 0 0.000526946)
(0.00421739 0 0 0 0.000527174 0 0 0 0.000527174)
(0.0042192 0 0 0 0.0005274 0 0 0 0.0005274)
(0.004221 0 0 0 0.000527625 0 0 0 0.000527625)
(0.00422277 0 0 0 0.000527847 0 0 0 0.000527847)
(0.00422453 0 0 0 0.000528067 0 0 0 0.000528067)
(0.00422627 0 0 0 0.000528284 0 0 0 0.000528284)
(0.004228 0 0 0 0.0005285 0 0 0 0.0005285)
(0.00422971 0 0 0 0.000528713 0 0 0 0.000528713)
(0.00423139 0 0 0 0.000528924 0 0 0 0.000528924)
(0.00423307 0 0 0 0.000529133 0 0 0 0.000529133)
(0.00423472 0 0 0 0.00052934 0 0 0 0.00052934)
(0.00423635 0 0 0 0.000529544 0 0 0 0.000529544)
(0.00423797 0 0 0 0.000529746 0 0 0 0.000529746)
(0.00423956 0 0 0 0.000529945 0 0 0 0.000529945)
(0.00424114 0 0 0 0.000530143 0 0 0 0.000530143)
(0.0042427 0 0 0 0.000530337 0 0 0 0.000530337)
(0.00424424 0 0 0 0.00053053 0 0 0 0.00053053)
(0.00424576 0 0 0 0.00053072 0 0 0 0.00053072)
(0.00424726 0 0 0 0.000530907 0 0 0 0.000530907)
(0.00424874 0 0 0 0.000531092 0 0 0 0.000531092)
(0.0042502 0 0 0 0.000531275 0 0 0 0.000531275)
(0.00425164 0 0 0 0.000531455 0 0 0 0.000531455)
(0.00425306 0 0 0 0.000531632 0 0 0 0.000531632)
(0.00425446 0 0 0 0.000531807 0 0 0 0.000531807)
(0.00425584 0 0 0 0.00053198 0 0 0 0.00053198)
(0.0042572 0 0 0 0.00053215 0 0 0 0.00053215)
(0.00425854 0 0 0 0.000532317 0 0 0 0.000532317)
(0.00425986 0 0 0 0.000532482 0 0 0 0.000532482)
(0.00426116 0 0 0 0.000532645 0 0 0 0.000532645)
(0.00426244 0 0 0 0.000532804 0 0 0 0.000532804)
(0.00426369 0 0 0 0.000532962 0 0 0 0.000532962)
(0.00426493 0 0 0 0.000533116 0 0 0 0.000533116)
(0.00426615 0 0 0 0.000533268 0 0 0 0.000533268)
(0.00426734 0 0 0 0.000533418 0 0 0 0.000533418)
(0.00426852 0 0 0 0.000533565 0 0 0 0.000533565)
(0.00426967 0 0 0 0.000533709 0 0 0 0.000533709)
(0.00427081 0 0 0 0.000533851 0 0 0 0.000533851)
(0.00427192 0 0 0 0.00053399 0 0 0 0.00053399)
(0.00427301 0 0 0 0.000534126 0 0 0 0.000534126)
(0.00427408 0 0 0 0.000534261 0 0 0 0.000534261)
(0.00427514 0 0 0 0.000534392 0 0 0 0.000534392)
(0.00427617 0 0 0 0.000534521 0 0 0 0.000534521)
(0.00427718 0 0 0 0.000534647 0 0 0 0.000534647)
(0.00427817 0 0 0 0.000534771 0 0 0 0.000534771)
(0.00427914 0 0 0 0.000534893 0 0 0 0.000534893)
(0.00428009 0 0 0 0.000535012 0 0 0 0.000535012)
(0.00428102 0 0 0 0.000535128 0 0 0 0.000535128)
(0.00428194 0 0 0 0.000535242 0 0 0 0.000535242)
(0.00428283 0 0 0 0.000535354 0 0 0 0.000535354)
(0.0042837 0 0 0 0.000535463 0 0 0 0.000535463)
(0.00428455 0 0 0 0.000535569 0 0 0 0.000535569)
(0.00428539 0 0 0 0.000535674 0 0 0 0.000535674)
(0.0042862 0 0 0 0.000535776 0 0 0 0.000535776)
(0.004287 0 0 0 0.000535875 0 0 0 0.000535875)
(0.00428778 0 0 0 0.000535973 0 0 0 0.000535973)
(0.00428854 0 0 0 0.000536068 0 0 0 0.000536068)
(0.00428928 0 0 0 0.00053616 0 0 0 0.00053616)
(0.00429001 0 0 0 0.000536251 0 0 0 0.000536251)
(0.00429072 0 0 0 0.00053634 0 0 0 0.00053634)
(0.00429141 0 0 0 0.000536426 0 0 0 0.000536426)
(0.00429208 0 0 0 0.00053651 0 0 0 0.00053651)
(0.00429274 0 0 0 0.000536592 0 0 0 0.000536592)
(0.00429338 0 0 0 0.000536672 0 0 0 0.000536672)
(0.004294 0 0 0 0.00053675 0 0 0 0.00053675)
(0.00429461 0 0 0 0.000536827 0 0 0 0.000536827)
(0.00429521 0 0 0 0.000536901 0 0 0 0.000536901)
(0.00429579 0 0 0 0.000536973 0 0 0 0.000536973)
(0.00429635 0 0 0 0.000537044 0 0 0 0.000537044)
(0.0042969 0 0 0 0.000537113 0 0 0 0.000537113)
(0.00429744 0 0 0 0.00053718 0 0 0 0.00053718)
(0.00429796 0 0 0 0.000537246 0 0 0 0.000537246)
(0.00429848 0 0 0 0.00053731 0 0 0 0.00053731)
(0.00429898 0 0 0 0.000537372 0 0 0 0.000537372)
(0.00429946 0 0 0 0.000537433 0 0 0 0.000537433)
(0.00429994 0 0 0 0.000537493 0 0 0 0.000537493)
(0.00430041 0 0 0 0.000537551 0 0 0 0.000537551)
(0.00430086 0 0 0 0.000537608 0 0 0 0.000537608)
(0.00430131 0 0 0 0.000537663 0 0 0 0.000537663)
(0.00430174 0 0 0 0.000537718 0 0 0 0.000537718)
(0.00430217 0 0 0 0.000537771 0 0 0 0.000537771)
(0.00430259 0 0 0 0.000537824 0 0 0 0.000537824)
(0.004303 0 0 0 0.000537876 0 0 0 0.000537876)
(0.00430341 0 0 0 0.000537926 0 0 0 0.000537926)
(0.00430381 0 0 0 0.000537976 0 0 0 0.000537976)
(0.0043042 0 0 0 0.000538026 0 0 0 0.000538026)
(0.00430459 0 0 0 0.000538074 0 0 0 0.000538074)
(0.00430498 0 0 0 0.000538123 0 0 0 0.000538123)
(0.00430536 0 0 0 0.00053817 0 0 0 0.00053817)
(0.00430574 0 0 0 0.000538218 0 0 0 0.000538218)
(0.00430612 0 0 0 0.000538265 0 0 0 0.000538265)
(0.0043065 0 0 0 0.000538312 0 0 0 0.000538312)
(0.00430687 0 0 0 0.000538359 0 0 0 0.000538359)
(0.00430724 0 0 0 0.000538405 0 0 0 0.000538405)
(0.00430761 0 0 0 0.000538451 0 0 0 0.000538451)
(0.00430798 0 0 0 0.000538497 0 0 0 0.000538497)
(0.00430835 0 0 0 0.000538543 0 0 0 0.000538543)
(0.00430871 0 0 0 0.000538589 0 0 0 0.000538589)
(0.00430908 0 0 0 0.000538635 0 0 0 0.000538635)
(0.00430945 0 0 0 0.000538682 0 0 0 0.000538682)
(0.00430983 0 0 0 0.000538728 0 0 0 0.000538728)
(0.0043102 0 0 0 0.000538775 0 0 0 0.000538775)
(0.00431058 0 0 0 0.000538823 0 0 0 0.000538823)
(0.00431097 0 0 0 0.000538871 0 0 0 0.000538871)
(0.00431136 0 0 0 0.00053892 0 0 0 0.00053892)
(0.00431175 0 0 0 0.000538969 0 0 0 0.000538969)
(0.00431216 0 0 0 0.00053902 0 0 0 0.00053902)
(0.00431257 0 0 0 0.000539071 0 0 0 0.000539071)
(0.00431299 0 0 0 0.000539123 0 0 0 0.000539123)
(0.00431341 0 0 0 0.000539177 0 0 0 0.000539177)
(0.00431385 0 0 0 0.000539231 0 0 0 0.000539231)
(0.0043143 0 0 0 0.000539287 0 0 0 0.000539287)
(0.00431475 0 0 0 0.000539344 0 0 0 0.000539344)
(0.00431522 0 0 0 0.000539403 0 0 0 0.000539403)
(0.0043157 0 0 0 0.000539462 0 0 0 0.000539462)
(0.00431619 0 0 0 0.000539524 0 0 0 0.000539524)
(0.00431669 0 0 0 0.000539586 0 0 0 0.000539586)
(0.00431721 0 0 0 0.000539651 0 0 0 0.000539651)
(0.00431774 0 0 0 0.000539717 0 0 0 0.000539717)
(0.00431828 0 0 0 0.000539785 0 0 0 0.000539785)
(0.00431883 0 0 0 0.000539854 0 0 0 0.000539854)
(0.00431941 0 0 0 0.000539926 0 0 0 0.000539926)
(0.00431999 0 0 0 0.000539999 0 0 0 0.000539999)
(0.00432059 0 0 0 0.000540074 0 0 0 0.000540074)
(0.00432121 0 0 0 0.000540151 0 0 0 0.000540151)
(0.00432184 0 0 0 0.000540231 0 0 0 0.000540231)
(0.0043225 0 0 0 0.000540312 0 0 0 0.000540312)
(0.00432316 0 0 0 0.000540395 0 0 0 0.000540395)
(0.00432385 0 0 0 0.000540481 0 0 0 0.000540481)
(0.00432455 0 0 0 0.000540569 0 0 0 0.000540569)
(0.00432527 0 0 0 0.000540659 0 0 0 0.000540659)
(0.00432601 0 0 0 0.000540751 0 0 0 0.000540751)
(0.00432677 0 0 0 0.000540846 0 0 0 0.000540846)
(0.00432755 0 0 0 0.000540943 0 0 0 0.000540943)
(0.00432834 0 0 0 0.000541043 0 0 0 0.000541043)
(0.00432916 0 0 0 0.000541145 0 0 0 0.000541145)
(0.00433 0 0 0 0.000541249 0 0 0 0.000541249)
(0.00433085 0 0 0 0.000541357 0 0 0 0.000541357)
(0.00433173 0 0 0 0.000541466 0 0 0 0.000541466)
(0.00433263 0 0 0 0.000541578 0 0 0 0.000541578)
(0.00433355 0 0 0 0.000541693 0 0 0 0.000541693)
(0.00433449 0 0 0 0.000541811 0 0 0 0.000541811)
(0.00433545 0 0 0 0.000541931 0 0 0 0.000541931)
(0.00433643 0 0 0 0.000542054 0 0 0 0.000542054)
(0.00433743 0 0 0 0.000542179 0 0 0 0.000542179)
(0.00433846 0 0 0 0.000542308 0 0 0 0.000542308)
(0.00433951 0 0 0 0.000542439 0 0 0 0.000542439)
(0.00434058 0 0 0 0.000542573 0 0 0 0.000542573)
(0.00434167 0 0 0 0.000542709 0 0 0 0.000542709)
(0.00434279 0 0 0 0.000542849 0 0 0 0.000542849)
(0.00434393 0 0 0 0.000542991 0 0 0 0.000542991)
(0.00434509 0 0 0 0.000543136 0 0 0 0.000543136)
(0.00434628 0 0 0 0.000543284 0 0 0 0.000543284)
(0.00434748 0 0 0 0.000543435 0 0 0 0.000543435)
(0.00434871 0 0 0 0.000543589 0 0 0 0.000543589)
(0.00434997 0 0 0 0.000543746 0 0 0 0.000543746)
(0.00435125 0 0 0 0.000543906 0 0 0 0.000543906)
(0.00435255 0 0 0 0.000544069 0 0 0 0.000544069)
(0.00435387 0 0 0 0.000544234 0 0 0 0.000544234)
(0.00435522 0 0 0 0.000544403 0 0 0 0.000544403)
(0.00435659 0 0 0 0.000544574 0 0 0 0.000544574)
(0.00435799 0 0 0 0.000544748 0 0 0 0.000544748)
(0.00435941 0 0 0 0.000544926 0 0 0 0.000544926)
(0.00436085 0 0 0 0.000545106 0 0 0 0.000545106)
(0.00436232 0 0 0 0.000545289 0 0 0 0.000545289)
(0.0043638 0 0 0 0.000545476 0 0 0 0.000545476)
(0.00436532 0 0 0 0.000545665 0 0 0 0.000545665)
(0.00436685 0 0 0 0.000545857 0 0 0 0.000545857)
(0.00436841 0 0 0 0.000546052 0 0 0 0.000546052)
(0.00437 0 0 0 0.00054625 0 0 0 0.00054625)
(0.00437161 0 0 0 0.000546451 0 0 0 0.000546451)
(0.00437324 0 0 0 0.000546654 0 0 0 0.000546654)
(0.00437489 0 0 0 0.000546861 0 0 0 0.000546861)
(0.00437657 0 0 0 0.000547071 0 0 0 0.000547071)
(0.00437827 0 0 0 0.000547283 0 0 0 0.000547283)
(0.00437999 0 0 0 0.000547499 0 0 0 0.000547499)
(0.00438173 0 0 0 0.000547717 0 0 0 0.000547717)
(0.0043835 0 0 0 0.000547938 0 0 0 0.000547938)
(0.00438529 0 0 0 0.000548162 0 0 0 0.000548162)
(0.00438711 0 0 0 0.000548388 0 0 0 0.000548388)
(0.00438894 0 0 0 0.000548618 0 0 0 0.000548618)
(0.0043908 0 0 0 0.00054885 0 0 0 0.00054885)
(0.00439268 0 0 0 0.000549085 0 0 0 0.000549085)
(0.00439458 0 0 0 0.000549323 0 0 0 0.000549323)
(0.00439651 0 0 0 0.000549564 0 0 0 0.000549564)
(0.00439845 0 0 0 0.000549807 0 0 0 0.000549807)
(0.00440042 0 0 0 0.000550053 0 0 0 0.000550053)
(0.00440241 0 0 0 0.000550301 0 0 0 0.000550301)
(0.00440442 0 0 0 0.000550553 0 0 0 0.000550553)
(0.00440645 0 0 0 0.000550806 0 0 0 0.000550806)
(0.0044085 0 0 0 0.000551063 0 0 0 0.000551063)
(0.00441058 0 0 0 0.000551322 0 0 0 0.000551322)
(0.00441267 0 0 0 0.000551584 0 0 0 0.000551584)
(0.00441478 0 0 0 0.000551848 0 0 0 0.000551848)
(0.00441692 0 0 0 0.000552115 0 0 0 0.000552115)
(0.00441907 0 0 0 0.000552384 0 0 0 0.000552384)
(0.00442124 0 0 0 0.000552655 0 0 0 0.000552655)
(0.00442344 0 0 0 0.00055293 0 0 0 0.00055293)
(0.00442565 0 0 0 0.000553206 0 0 0 0.000553206)
(0.00442788 0 0 0 0.000553485 0 0 0 0.000553485)
(0.00443013 0 0 0 0.000553767 0 0 0 0.000553767)
(0.0044324 0 0 0 0.00055405 0 0 0 0.00055405)
(0.00443469 0 0 0 0.000554337 0 0 0 0.000554337)
(0.004437 0 0 0 0.000554625 0 0 0 0.000554625)
(0.00443933 0 0 0 0.000554916 0 0 0 0.000554916)
(0.00444168 0 0 0 0.000555209 0 0 0 0.000555209)
(0.00444404 0 0 0 0.000555505 0 0 0 0.000555505)
(0.00444642 0 0 0 0.000555803 0 0 0 0.000555803)
(0.00444883 0 0 0 0.000556103 0 0 0 0.000556103)
(0.00445125 0 0 0 0.000556406 0 0 0 0.000556406)
(0.00445369 0 0 0 0.000556711 0 0 0 0.000556711)
(0.00445615 0 0 0 0.000557018 0 0 0 0.000557018)
(0.00445862 0 0 0 0.000557328 0 0 0 0.000557328)
(0.00446112 0 0 0 0.00055764 0 0 0 0.00055764)
(0.00446364 0 0 0 0.000557954 0 0 0 0.000557954)
(0.00446617 0 0 0 0.000558271 0 0 0 0.000558271)
(0.00446872 0 0 0 0.000558591 0 0 0 0.000558591)
(0.0044713 0 0 0 0.000558912 0 0 0 0.000558912)
(0.00447389 0 0 0 0.000559236 0 0 0 0.000559236)
(0.0044765 0 0 0 0.000559563 0 0 0 0.000559563)
(0.00447913 0 0 0 0.000559891 0 0 0 0.000559891)
(0.00448177 0 0 0 0.000560221 0 0 0 0.000560221)
(0.00448442 0 0 0 0.000560552 0 0 0 0.000560552)
(0.00448707 0 0 0 0.000560884 0 0 0 0.000560884)
(0.00448929 0 0 0 0.000561161 0 0 0 0.000561161)
(0.00449091 0 0 0 0.000561364 0 0 0 0.000561364)
(0.00412414 0 0 0 0.000515517 0 0 0 0.000515517)
(0.00412519 0 0 0 0.000515649 0 0 0 0.000515649)
(0.004127 0 0 0 0.000515875 0 0 0 0.000515875)
(0.00412936 0 0 0 0.00051617 0 0 0 0.00051617)
(0.0041317 0 0 0 0.000516463 0 0 0 0.000516463)
(0.00413402 0 0 0 0.000516752 0 0 0 0.000516752)
(0.00413632 0 0 0 0.00051704 0 0 0 0.00051704)
(0.0041386 0 0 0 0.000517325 0 0 0 0.000517325)
(0.00414088 0 0 0 0.00051761 0 0 0 0.00051761)
(0.00414314 0 0 0 0.000517892 0 0 0 0.000517892)
(0.00414539 0 0 0 0.000518174 0 0 0 0.000518174)
(0.00414763 0 0 0 0.000518454 0 0 0 0.000518454)
(0.00414986 0 0 0 0.000518733 0 0 0 0.000518733)
(0.00415209 0 0 0 0.000519011 0 0 0 0.000519011)
(0.0041543 0 0 0 0.000519287 0 0 0 0.000519287)
(0.00415651 0 0 0 0.000519563 0 0 0 0.000519563)
(0.0041587 0 0 0 0.000519838 0 0 0 0.000519838)
(0.00416089 0 0 0 0.000520111 0 0 0 0.000520111)
(0.00416307 0 0 0 0.000520383 0 0 0 0.000520383)
(0.00416524 0 0 0 0.000520654 0 0 0 0.000520654)
(0.00416739 0 0 0 0.000520924 0 0 0 0.000520924)
(0.00416954 0 0 0 0.000521193 0 0 0 0.000521193)
(0.00417168 0 0 0 0.00052146 0 0 0 0.00052146)
(0.00417381 0 0 0 0.000521726 0 0 0 0.000521726)
(0.00417593 0 0 0 0.000521991 0 0 0 0.000521991)
(0.00417803 0 0 0 0.000522254 0 0 0 0.000522254)
(0.00418013 0 0 0 0.000522516 0 0 0 0.000522516)
(0.00418221 0 0 0 0.000522776 0 0 0 0.000522776)
(0.00418428 0 0 0 0.000523035 0 0 0 0.000523035)
(0.00418634 0 0 0 0.000523292 0 0 0 0.000523292)
(0.00418838 0 0 0 0.000523548 0 0 0 0.000523548)
(0.00419042 0 0 0 0.000523802 0 0 0 0.000523802)
(0.00419244 0 0 0 0.000524054 0 0 0 0.000524054)
(0.00419444 0 0 0 0.000524305 0 0 0 0.000524305)
(0.00419644 0 0 0 0.000524554 0 0 0 0.000524554)
(0.00419841 0 0 0 0.000524802 0 0 0 0.000524802)
(0.00420038 0 0 0 0.000525047 0 0 0 0.000525047)
(0.00420233 0 0 0 0.000525291 0 0 0 0.000525291)
(0.00420427 0 0 0 0.000525533 0 0 0 0.000525533)
(0.00420619 0 0 0 0.000525773 0 0 0 0.000525773)
(0.00420809 0 0 0 0.000526012 0 0 0 0.000526012)
(0.00420998 0 0 0 0.000526248 0 0 0 0.000526248)
(0.00421186 0 0 0 0.000526482 0 0 0 0.000526482)
(0.00421372 0 0 0 0.000526715 0 0 0 0.000526715)
(0.00421556 0 0 0 0.000526945 0 0 0 0.000526945)
(0.00421739 0 0 0 0.000527174 0 0 0 0.000527174)
(0.0042192 0 0 0 0.0005274 0 0 0 0.0005274)
(0.00422099 0 0 0 0.000527624 0 0 0 0.000527624)
(0.00422277 0 0 0 0.000527846 0 0 0 0.000527846)
(0.00422453 0 0 0 0.000528066 0 0 0 0.000528066)
(0.00422627 0 0 0 0.000528284 0 0 0 0.000528284)
(0.004228 0 0 0 0.0005285 0 0 0 0.0005285)
(0.0042297 0 0 0 0.000528713 0 0 0 0.000528713)
(0.00423139 0 0 0 0.000528924 0 0 0 0.000528924)
(0.00423306 0 0 0 0.000529133 0 0 0 0.000529133)
(0.00423472 0 0 0 0.000529339 0 0 0 0.000529339)
(0.00423635 0 0 0 0.000529544 0 0 0 0.000529544)
(0.00423796 0 0 0 0.000529746 0 0 0 0.000529746)
(0.00423956 0 0 0 0.000529945 0 0 0 0.000529945)
(0.00424114 0 0 0 0.000530142 0 0 0 0.000530142)
(0.0042427 0 0 0 0.000530337 0 0 0 0.000530337)
(0.00424424 0 0 0 0.000530529 0 0 0 0.000530529)
(0.00424576 0 0 0 0.000530719 0 0 0 0.000530719)
(0.00424726 0 0 0 0.000530907 0 0 0 0.000530907)
(0.00424874 0 0 0 0.000531092 0 0 0 0.000531092)
(0.0042502 0 0 0 0.000531275 0 0 0 0.000531275)
(0.00425164 0 0 0 0.000531455 0 0 0 0.000531455)
(0.00425306 0 0 0 0.000531632 0 0 0 0.000531632)
(0.00425446 0 0 0 0.000531807 0 0 0 0.000531807)
(0.00425584 0 0 0 0.00053198 0 0 0 0.00053198)
(0.0042572 0 0 0 0.00053215 0 0 0 0.00053215)
(0.00425854 0 0 0 0.000532317 0 0 0 0.000532317)
(0.00425986 0 0 0 0.000532482 0 0 0 0.000532482)
(0.00426116 0 0 0 0.000532644 0 0 0 0.000532644)
(0.00426243 0 0 0 0.000532804 0 0 0 0.000532804)
(0.00426369 0 0 0 0.000532961 0 0 0 0.000532961)
(0.00426493 0 0 0 0.000533116 0 0 0 0.000533116)
(0.00426614 0 0 0 0.000533268 0 0 0 0.000533268)
(0.00426734 0 0 0 0.000533418 0 0 0 0.000533418)
(0.00426852 0 0 0 0.000533564 0 0 0 0.000533564)
(0.00426967 0 0 0 0.000533709 0 0 0 0.000533709)
(0.0042708 0 0 0 0.000533851 0 0 0 0.000533851)
(0.00427192 0 0 0 0.00053399 0 0 0 0.00053399)
(0.00427301 0 0 0 0.000534126 0 0 0 0.000534126)
(0.00427408 0 0 0 0.00053426 0 0 0 0.00053426)
(0.00427514 0 0 0 0.000534392 0 0 0 0.000534392)
(0.00427617 0 0 0 0.000534521 0 0 0 0.000534521)
(0.00427718 0 0 0 0.000534647 0 0 0 0.000534647)
(0.00427817 0 0 0 0.000534771 0 0 0 0.000534771)
(0.00427914 0 0 0 0.000534893 0 0 0 0.000534893)
(0.00428009 0 0 0 0.000535011 0 0 0 0.000535011)
(0.00428102 0 0 0 0.000535128 0 0 0 0.000535128)
(0.00428194 0 0 0 0.000535242 0 0 0 0.000535242)
(0.00428283 0 0 0 0.000535353 0 0 0 0.000535353)
(0.0042837 0 0 0 0.000535463 0 0 0 0.000535463)
(0.00428455 0 0 0 0.000535569 0 0 0 0.000535569)
(0.00428539 0 0 0 0.000535674 0 0 0 0.000535674)
(0.0042862 0 0 0 0.000535775 0 0 0 0.000535775)
(0.004287 0 0 0 0.000535875 0 0 0 0.000535875)
(0.00428778 0 0 0 0.000535972 0 0 0 0.000535972)
(0.00428854 0 0 0 0.000536068 0 0 0 0.000536068)
(0.00428928 0 0 0 0.00053616 0 0 0 0.00053616)
(0.00429001 0 0 0 0.000536251 0 0 0 0.000536251)
(0.00429072 0 0 0 0.000536339 0 0 0 0.000536339)
(0.00429141 0 0 0 0.000536426 0 0 0 0.000536426)
(0.00429208 0 0 0 0.00053651 0 0 0 0.00053651)
(0.00429274 0 0 0 0.000536592 0 0 0 0.000536592)
(0.00429338 0 0 0 0.000536672 0 0 0 0.000536672)
(0.004294 0 0 0 0.00053675 0 0 0 0.00053675)
(0.00429461 0 0 0 0.000536827 0 0 0 0.000536827)
(0.00429521 0 0 0 0.000536901 0 0 0 0.000536901)
(0.00429579 0 0 0 0.000536973 0 0 0 0.000536973)
(0.00429635 0 0 0 0.000537044 0 0 0 0.000537044)
(0.0042969 0 0 0 0.000537113 0 0 0 0.000537113)
(0.00429744 0 0 0 0.00053718 0 0 0 0.00053718)
(0.00429796 0 0 0 0.000537246 0 0 0 0.000537246)
(0.00429848 0 0 0 0.00053731 0 0 0 0.00053731)
(0.00429898 0 0 0 0.000537372 0 0 0 0.000537372)
(0.00429946 0 0 0 0.000537433 0 0 0 0.000537433)
(0.00429994 0 0 0 0.000537492 0 0 0 0.000537492)
(0.00430041 0 0 0 0.000537551 0 0 0 0.000537551)
(0.00430086 0 0 0 0.000537608 0 0 0 0.000537608)
(0.00430131 0 0 0 0.000537663 0 0 0 0.000537663)
(0.00430174 0 0 0 0.000537718 0 0 0 0.000537718)
(0.00430217 0 0 0 0.000537771 0 0 0 0.000537771)
(0.00430259 0 0 0 0.000537824 0 0 0 0.000537824)
(0.004303 0 0 0 0.000537875 0 0 0 0.000537875)
(0.00430341 0 0 0 0.000537926 0 0 0 0.000537926)
(0.00430381 0 0 0 0.000537976 0 0 0 0.000537976)
(0.0043042 0 0 0 0.000538026 0 0 0 0.000538026)
(0.00430459 0 0 0 0.000538074 0 0 0 0.000538074)
(0.00430498 0 0 0 0.000538122 0 0 0 0.000538122)
(0.00430536 0 0 0 0.00053817 0 0 0 0.00053817)
(0.00430574 0 0 0 0.000538218 0 0 0 0.000538218)
(0.00430612 0 0 0 0.000538265 0 0 0 0.000538265)
(0.0043065 0 0 0 0.000538312 0 0 0 0.000538312)
(0.00430687 0 0 0 0.000538359 0 0 0 0.000538359)
(0.00430724 0 0 0 0.000538405 0 0 0 0.000538405)
(0.00430761 0 0 0 0.000538451 0 0 0 0.000538451)
(0.00430798 0 0 0 0.000538497 0 0 0 0.000538497)
(0.00430835 0 0 0 0.000538543 0 0 0 0.000538543)
(0.00430871 0 0 0 0.000538589 0 0 0 0.000538589)
(0.00430908 0 0 0 0.000538635 0 0 0 0.000538635)
(0.00430945 0 0 0 0.000538681 0 0 0 0.000538681)
(0.00430982 0 0 0 0.000538728 0 0 0 0.000538728)
(0.0043102 0 0 0 0.000538775 0 0 0 0.000538775)
(0.00431058 0 0 0 0.000538823 0 0 0 0.000538823)
(0.00431097 0 0 0 0.000538871 0 0 0 0.000538871)
(0.00431136 0 0 0 0.00053892 0 0 0 0.00053892)
(0.00431175 0 0 0 0.000538969 0 0 0 0.000538969)
(0.00431216 0 0 0 0.00053902 0 0 0 0.00053902)
(0.00431257 0 0 0 0.000539071 0 0 0 0.000539071)
(0.00431299 0 0 0 0.000539123 0 0 0 0.000539123)
(0.00431341 0 0 0 0.000539177 0 0 0 0.000539177)
(0.00431385 0 0 0 0.000539231 0 0 0 0.000539231)
(0.0043143 0 0 0 0.000539287 0 0 0 0.000539287)
(0.00431475 0 0 0 0.000539344 0 0 0 0.000539344)
(0.00431522 0 0 0 0.000539403 0 0 0 0.000539403)
(0.0043157 0 0 0 0.000539462 0 0 0 0.000539462)
(0.00431619 0 0 0 0.000539524 0 0 0 0.000539524)
(0.00431669 0 0 0 0.000539586 0 0 0 0.000539586)
(0.00431721 0 0 0 0.000539651 0 0 0 0.000539651)
(0.00431773 0 0 0 0.000539717 0 0 0 0.000539717)
(0.00431828 0 0 0 0.000539785 0 0 0 0.000539785)
(0.00431883 0 0 0 0.000539854 0 0 0 0.000539854)
(0.0043194 0 0 0 0.000539926 0 0 0 0.000539926)
(0.00431999 0 0 0 0.000539999 0 0 0 0.000539999)
(0.00432059 0 0 0 0.000540074 0 0 0 0.000540074)
(0.00432121 0 0 0 0.000540151 0 0 0 0.000540151)
(0.00432184 0 0 0 0.000540231 0 0 0 0.000540231)
(0.00432249 0 0 0 0.000540312 0 0 0 0.000540312)
(0.00432316 0 0 0 0.000540395 0 0 0 0.000540395)
(0.00432385 0 0 0 0.000540481 0 0 0 0.000540481)
(0.00432455 0 0 0 0.000540569 0 0 0 0.000540569)
(0.00432527 0 0 0 0.000540659 0 0 0 0.000540659)
(0.00432601 0 0 0 0.000540751 0 0 0 0.000540751)
(0.00432677 0 0 0 0.000540846 0 0 0 0.000540846)
(0.00432755 0 0 0 0.000540943 0 0 0 0.000540943)
(0.00432834 0 0 0 0.000541043 0 0 0 0.000541043)
(0.00432916 0 0 0 0.000541145 0 0 0 0.000541145)
(0.00432999 0 0 0 0.000541249 0 0 0 0.000541249)
(0.00433085 0 0 0 0.000541356 0 0 0 0.000541356)
(0.00433173 0 0 0 0.000541466 0 0 0 0.000541466)
(0.00433263 0 0 0 0.000541578 0 0 0 0.000541578)
(0.00433354 0 0 0 0.000541693 0 0 0 0.000541693)
(0.00433448 0 0 0 0.00054181 0 0 0 0.00054181)
(0.00433544 0 0 0 0.000541931 0 0 0 0.000541931)
(0.00433643 0 0 0 0.000542053 0 0 0 0.000542053)
(0.00433743 0 0 0 0.000542179 0 0 0 0.000542179)
(0.00433846 0 0 0 0.000542307 0 0 0 0.000542307)
(0.00433951 0 0 0 0.000542438 0 0 0 0.000542438)
(0.00434058 0 0 0 0.000542572 0 0 0 0.000542572)
(0.00434167 0 0 0 0.000542709 0 0 0 0.000542709)
(0.00434279 0 0 0 0.000542849 0 0 0 0.000542849)
(0.00434393 0 0 0 0.000542991 0 0 0 0.000542991)
(0.00434509 0 0 0 0.000543136 0 0 0 0.000543136)
(0.00434627 0 0 0 0.000543284 0 0 0 0.000543284)
(0.00434748 0 0 0 0.000543435 0 0 0 0.000543435)
(0.00434871 0 0 0 0.000543589 0 0 0 0.000543589)
(0.00434997 0 0 0 0.000543746 0 0 0 0.000543746)
(0.00435125 0 0 0 0.000543906 0 0 0 0.000543906)
(0.00435255 0 0 0 0.000544068 0 0 0 0.000544068)
(0.00435387 0 0 0 0.000544234 0 0 0 0.000544234)
(0.00435522 0 0 0 0.000544402 0 0 0 0.000544402)
(0.00435659 0 0 0 0.000544574 0 0 0 0.000544574)
(0.00435799 0 0 0 0.000544748 0 0 0 0.000544748)
(0.0043594 0 0 0 0.000544926 0 0 0 0.000544926)
(0.00436085 0 0 0 0.000545106 0 0 0 0.000545106)
(0.00436231 0 0 0 0.000545289 0 0 0 0.000545289)
(0.0043638 0 0 0 0.000545475 0 0 0 0.000545475)
(0.00436532 0 0 0 0.000545664 0 0 0 0.000545664)
(0.00436685 0 0 0 0.000545857 0 0 0 0.000545857)
(0.00436841 0 0 0 0.000546052 0 0 0 0.000546052)
(0.00437 0 0 0 0.000546249 0 0 0 0.000546249)
(0.0043716 0 0 0 0.00054645 0 0 0 0.00054645)
(0.00437323 0 0 0 0.000546654 0 0 0 0.000546654)
(0.00437489 0 0 0 0.000546861 0 0 0 0.000546861)
(0.00437656 0 0 0 0.00054707 0 0 0 0.00054707)
(0.00437826 0 0 0 0.000547283 0 0 0 0.000547283)
(0.00437999 0 0 0 0.000547498 0 0 0 0.000547498)
(0.00438173 0 0 0 0.000547716 0 0 0 0.000547716)
(0.0043835 0 0 0 0.000547937 0 0 0 0.000547937)
(0.00438529 0 0 0 0.000548161 0 0 0 0.000548161)
(0.0043871 0 0 0 0.000548388 0 0 0 0.000548388)
(0.00438894 0 0 0 0.000548618 0 0 0 0.000548618)
(0.0043908 0 0 0 0.00054885 0 0 0 0.00054885)
(0.00439268 0 0 0 0.000549085 0 0 0 0.000549085)
(0.00439458 0 0 0 0.000549323 0 0 0 0.000549323)
(0.00439651 0 0 0 0.000549563 0 0 0 0.000549563)
(0.00439845 0 0 0 0.000549806 0 0 0 0.000549806)
(0.00440042 0 0 0 0.000550052 0 0 0 0.000550052)
(0.00440241 0 0 0 0.000550301 0 0 0 0.000550301)
(0.00440442 0 0 0 0.000550552 0 0 0 0.000550552)
(0.00440645 0 0 0 0.000550806 0 0 0 0.000550806)
(0.0044085 0 0 0 0.000551063 0 0 0 0.000551063)
(0.00441057 0 0 0 0.000551322 0 0 0 0.000551322)
(0.00441267 0 0 0 0.000551583 0 0 0 0.000551583)
(0.00441478 0 0 0 0.000551847 0 0 0 0.000551847)
(0.00441691 0 0 0 0.000552114 0 0 0 0.000552114)
(0.00441907 0 0 0 0.000552383 0 0 0 0.000552383)
(0.00442124 0 0 0 0.000552655 0 0 0 0.000552655)
(0.00442343 0 0 0 0.000552929 0 0 0 0.000552929)
(0.00442565 0 0 0 0.000553206 0 0 0 0.000553206)
(0.00442788 0 0 0 0.000553485 0 0 0 0.000553485)
(0.00443013 0 0 0 0.000553766 0 0 0 0.000553766)
(0.0044324 0 0 0 0.00055405 0 0 0 0.00055405)
(0.00443469 0 0 0 0.000554336 0 0 0 0.000554336)
(0.004437 0 0 0 0.000554625 0 0 0 0.000554625)
(0.00443932 0 0 0 0.000554915 0 0 0 0.000554915)
(0.00444167 0 0 0 0.000555209 0 0 0 0.000555209)
(0.00444403 0 0 0 0.000555504 0 0 0 0.000555504)
(0.00444642 0 0 0 0.000555802 0 0 0 0.000555802)
(0.00444882 0 0 0 0.000556102 0 0 0 0.000556102)
(0.00445124 0 0 0 0.000556405 0 0 0 0.000556405)
(0.00445368 0 0 0 0.00055671 0 0 0 0.00055671)
(0.00445614 0 0 0 0.000557017 0 0 0 0.000557017)
(0.00445861 0 0 0 0.000557327 0 0 0 0.000557327)
(0.00446111 0 0 0 0.000557639 0 0 0 0.000557639)
(0.00446363 0 0 0 0.000557953 0 0 0 0.000557953)
(0.00446616 0 0 0 0.00055827 0 0 0 0.00055827)
(0.00446871 0 0 0 0.000558589 0 0 0 0.000558589)
(0.00447129 0 0 0 0.000558911 0 0 0 0.000558911)
(0.00447388 0 0 0 0.000559235 0 0 0 0.000559235)
(0.00447649 0 0 0 0.000559561 0 0 0 0.000559561)
(0.00447912 0 0 0 0.000559889 0 0 0 0.000559889)
(0.00448176 0 0 0 0.000560219 0 0 0 0.000560219)
(0.00448441 0 0 0 0.000560551 0 0 0 0.000560551)
(0.00448706 0 0 0 0.000560882 0 0 0 0.000560882)
(0.00448927 0 0 0 0.000561159 0 0 0 0.000561159)
(0.00449091 0 0 0 0.000561363 0 0 0 0.000561363)
(0.00412426 0 0 0 0.000515533 0 0 0 0.000515533)
(0.00412528 0 0 0 0.000515659 0 0 0 0.000515659)
(0.00412705 0 0 0 0.000515882 0 0 0 0.000515882)
(0.0041294 0 0 0 0.000516174 0 0 0 0.000516174)
(0.00413172 0 0 0 0.000516465 0 0 0 0.000516465)
(0.00413403 0 0 0 0.000516754 0 0 0 0.000516754)
(0.00413633 0 0 0 0.000517041 0 0 0 0.000517041)
(0.00413861 0 0 0 0.000517326 0 0 0 0.000517326)
(0.00414088 0 0 0 0.00051761 0 0 0 0.00051761)
(0.00414314 0 0 0 0.000517892 0 0 0 0.000517892)
(0.00414539 0 0 0 0.000518173 0 0 0 0.000518173)
(0.00414763 0 0 0 0.000518453 0 0 0 0.000518453)
(0.00414986 0 0 0 0.000518732 0 0 0 0.000518732)
(0.00415208 0 0 0 0.00051901 0 0 0 0.00051901)
(0.00415429 0 0 0 0.000519287 0 0 0 0.000519287)
(0.0041565 0 0 0 0.000519562 0 0 0 0.000519562)
(0.0041587 0 0 0 0.000519837 0 0 0 0.000519837)
(0.00416088 0 0 0 0.00052011 0 0 0 0.00052011)
(0.00416306 0 0 0 0.000520383 0 0 0 0.000520383)
(0.00416523 0 0 0 0.000520654 0 0 0 0.000520654)
(0.00416739 0 0 0 0.000520924 0 0 0 0.000520924)
(0.00416954 0 0 0 0.000521192 0 0 0 0.000521192)
(0.00417168 0 0 0 0.000521459 0 0 0 0.000521459)
(0.0041738 0 0 0 0.000521725 0 0 0 0.000521725)
(0.00417592 0 0 0 0.00052199 0 0 0 0.00052199)
(0.00417803 0 0 0 0.000522253 0 0 0 0.000522253)
(0.00418012 0 0 0 0.000522515 0 0 0 0.000522515)
(0.0041822 0 0 0 0.000522775 0 0 0 0.000522775)
(0.00418427 0 0 0 0.000523034 0 0 0 0.000523034)
(0.00418633 0 0 0 0.000523291 0 0 0 0.000523291)
(0.00418838 0 0 0 0.000523547 0 0 0 0.000523547)
(0.00419041 0 0 0 0.000523801 0 0 0 0.000523801)
(0.00419243 0 0 0 0.000524054 0 0 0 0.000524054)
(0.00419444 0 0 0 0.000524305 0 0 0 0.000524305)
(0.00419643 0 0 0 0.000524554 0 0 0 0.000524554)
(0.00419841 0 0 0 0.000524801 0 0 0 0.000524801)
(0.00420037 0 0 0 0.000525047 0 0 0 0.000525047)
(0.00420233 0 0 0 0.000525291 0 0 0 0.000525291)
(0.00420426 0 0 0 0.000525533 0 0 0 0.000525533)
(0.00420618 0 0 0 0.000525773 0 0 0 0.000525773)
(0.00420809 0 0 0 0.000526011 0 0 0 0.000526011)
(0.00420998 0 0 0 0.000526248 0 0 0 0.000526248)
(0.00421186 0 0 0 0.000526482 0 0 0 0.000526482)
(0.00421371 0 0 0 0.000526714 0 0 0 0.000526714)
(0.00421556 0 0 0 0.000526945 0 0 0 0.000526945)
(0.00421738 0 0 0 0.000527173 0 0 0 0.000527173)
(0.0042192 0 0 0 0.000527399 0 0 0 0.000527399)
(0.00422099 0 0 0 0.000527624 0 0 0 0.000527624)
(0.00422277 0 0 0 0.000527846 0 0 0 0.000527846)
(0.00422453 0 0 0 0.000528066 0 0 0 0.000528066)
(0.00422627 0 0 0 0.000528283 0 0 0 0.000528283)
(0.00422799 0 0 0 0.000528499 0 0 0 0.000528499)
(0.0042297 0 0 0 0.000528712 0 0 0 0.000528712)
(0.00423139 0 0 0 0.000528924 0 0 0 0.000528924)
(0.00423306 0 0 0 0.000529132 0 0 0 0.000529132)
(0.00423471 0 0 0 0.000529339 0 0 0 0.000529339)
(0.00423635 0 0 0 0.000529543 0 0 0 0.000529543)
(0.00423796 0 0 0 0.000529745 0 0 0 0.000529745)
(0.00423956 0 0 0 0.000529945 0 0 0 0.000529945)
(0.00424114 0 0 0 0.000530142 0 0 0 0.000530142)
(0.00424269 0 0 0 0.000530337 0 0 0 0.000530337)
(0.00424423 0 0 0 0.000530529 0 0 0 0.000530529)
(0.00424575 0 0 0 0.000530719 0 0 0 0.000530719)
(0.00424725 0 0 0 0.000530907 0 0 0 0.000530907)
(0.00424873 0 0 0 0.000531092 0 0 0 0.000531092)
(0.00425019 0 0 0 0.000531274 0 0 0 0.000531274)
(0.00425163 0 0 0 0.000531454 0 0 0 0.000531454)
(0.00425305 0 0 0 0.000531632 0 0 0 0.000531632)
(0.00425445 0 0 0 0.000531807 0 0 0 0.000531807)
(0.00425584 0 0 0 0.000531979 0 0 0 0.000531979)
(0.0042572 0 0 0 0.000532149 0 0 0 0.000532149)
(0.00425853 0 0 0 0.000532317 0 0 0 0.000532317)
(0.00425985 0 0 0 0.000532482 0 0 0 0.000532482)
(0.00426115 0 0 0 0.000532644 0 0 0 0.000532644)
(0.00426243 0 0 0 0.000532804 0 0 0 0.000532804)
(0.00426369 0 0 0 0.000532961 0 0 0 0.000532961)
(0.00426493 0 0 0 0.000533116 0 0 0 0.000533116)
(0.00426614 0 0 0 0.000533268 0 0 0 0.000533268)
(0.00426734 0 0 0 0.000533417 0 0 0 0.000533417)
(0.00426851 0 0 0 0.000533564 0 0 0 0.000533564)
(0.00426967 0 0 0 0.000533708 0 0 0 0.000533708)
(0.0042708 0 0 0 0.00053385 0 0 0 0.00053385)
(0.00427192 0 0 0 0.000533989 0 0 0 0.000533989)
(0.00427301 0 0 0 0.000534126 0 0 0 0.000534126)
(0.00427408 0 0 0 0.00053426 0 0 0 0.00053426)
(0.00427513 0 0 0 0.000534392 0 0 0 0.000534392)
(0.00427616 0 0 0 0.000534521 0 0 0 0.000534521)
(0.00427718 0 0 0 0.000534647 0 0 0 0.000534647)
(0.00427817 0 0 0 0.000534771 0 0 0 0.000534771)
(0.00427914 0 0 0 0.000534892 0 0 0 0.000534892)
(0.00428009 0 0 0 0.000535011 0 0 0 0.000535011)
(0.00428102 0 0 0 0.000535128 0 0 0 0.000535128)
(0.00428193 0 0 0 0.000535242 0 0 0 0.000535242)
(0.00428283 0 0 0 0.000535353 0 0 0 0.000535353)
(0.0042837 0 0 0 0.000535462 0 0 0 0.000535462)
(0.00428455 0 0 0 0.000535569 0 0 0 0.000535569)
(0.00428539 0 0 0 0.000535673 0 0 0 0.000535673)
(0.0042862 0 0 0 0.000535775 0 0 0 0.000535775)
(0.004287 0 0 0 0.000535875 0 0 0 0.000535875)
(0.00428778 0 0 0 0.000535972 0 0 0 0.000535972)
(0.00428854 0 0 0 0.000536067 0 0 0 0.000536067)
(0.00428928 0 0 0 0.00053616 0 0 0 0.00053616)
(0.00429001 0 0 0 0.000536251 0 0 0 0.000536251)
(0.00429071 0 0 0 0.000536339 0 0 0 0.000536339)
(0.0042914 0 0 0 0.000536426 0 0 0 0.000536426)
(0.00429208 0 0 0 0.00053651 0 0 0 0.00053651)
(0.00429274 0 0 0 0.000536592 0 0 0 0.000536592)
(0.00429338 0 0 0 0.000536672 0 0 0 0.000536672)
(0.004294 0 0 0 0.00053675 0 0 0 0.00053675)
(0.00429461 0 0 0 0.000536826 0 0 0 0.000536826)
(0.00429521 0 0 0 0.000536901 0 0 0 0.000536901)
(0.00429579 0 0 0 0.000536973 0 0 0 0.000536973)
(0.00429635 0 0 0 0.000537044 0 0 0 0.000537044)
(0.0042969 0 0 0 0.000537113 0 0 0 0.000537113)
(0.00429744 0 0 0 0.00053718 0 0 0 0.00053718)
(0.00429796 0 0 0 0.000537245 0 0 0 0.000537245)
(0.00429848 0 0 0 0.000537309 0 0 0 0.000537309)
(0.00429897 0 0 0 0.000537372 0 0 0 0.000537372)
(0.00429946 0 0 0 0.000537433 0 0 0 0.000537433)
(0.00429994 0 0 0 0.000537492 0 0 0 0.000537492)
(0.0043004 0 0 0 0.000537551 0 0 0 0.000537551)
(0.00430086 0 0 0 0.000537608 0 0 0 0.000537608)
(0.00430131 0 0 0 0.000537663 0 0 0 0.000537663)
(0.00430174 0 0 0 0.000537718 0 0 0 0.000537718)
(0.00430217 0 0 0 0.000537771 0 0 0 0.000537771)
(0.00430259 0 0 0 0.000537824 0 0 0 0.000537824)
(0.004303 0 0 0 0.000537875 0 0 0 0.000537875)
(0.00430341 0 0 0 0.000537926 0 0 0 0.000537926)
(0.00430381 0 0 0 0.000537976 0 0 0 0.000537976)
(0.0043042 0 0 0 0.000538025 0 0 0 0.000538025)
(0.00430459 0 0 0 0.000538074 0 0 0 0.000538074)
(0.00430498 0 0 0 0.000538122 0 0 0 0.000538122)
(0.00430536 0 0 0 0.00053817 0 0 0 0.00053817)
(0.00430574 0 0 0 0.000538218 0 0 0 0.000538218)
(0.00430612 0 0 0 0.000538265 0 0 0 0.000538265)
(0.0043065 0 0 0 0.000538312 0 0 0 0.000538312)
(0.00430687 0 0 0 0.000538359 0 0 0 0.000538359)
(0.00430724 0 0 0 0.000538405 0 0 0 0.000538405)
(0.00430761 0 0 0 0.000538451 0 0 0 0.000538451)
(0.00430798 0 0 0 0.000538497 0 0 0 0.000538497)
(0.00430834 0 0 0 0.000538543 0 0 0 0.000538543)
(0.00430871 0 0 0 0.000538589 0 0 0 0.000538589)
(0.00430908 0 0 0 0.000538635 0 0 0 0.000538635)
(0.00430945 0 0 0 0.000538681 0 0 0 0.000538681)
(0.00430982 0 0 0 0.000538728 0 0 0 0.000538728)
(0.0043102 0 0 0 0.000538775 0 0 0 0.000538775)
(0.00431058 0 0 0 0.000538823 0 0 0 0.000538823)
(0.00431097 0 0 0 0.000538871 0 0 0 0.000538871)
(0.00431136 0 0 0 0.00053892 0 0 0 0.00053892)
(0.00431175 0 0 0 0.000538969 0 0 0 0.000538969)
(0.00431216 0 0 0 0.00053902 0 0 0 0.00053902)
(0.00431257 0 0 0 0.000539071 0 0 0 0.000539071)
(0.00431299 0 0 0 0.000539123 0 0 0 0.000539123)
(0.00431341 0 0 0 0.000539177 0 0 0 0.000539177)
(0.00431385 0 0 0 0.000539231 0 0 0 0.000539231)
(0.0043143 0 0 0 0.000539287 0 0 0 0.000539287)
(0.00431475 0 0 0 0.000539344 0 0 0 0.000539344)
(0.00431522 0 0 0 0.000539402 0 0 0 0.000539402)
(0.0043157 0 0 0 0.000539462 0 0 0 0.000539462)
(0.00431619 0 0 0 0.000539523 0 0 0 0.000539523)
(0.00431669 0 0 0 0.000539586 0 0 0 0.000539586)
(0.00431721 0 0 0 0.000539651 0 0 0 0.000539651)
(0.00431773 0 0 0 0.000539717 0 0 0 0.000539717)
(0.00431828 0 0 0 0.000539785 0 0 0 0.000539785)
(0.00431883 0 0 0 0.000539854 0 0 0 0.000539854)
(0.0043194 0 0 0 0.000539925 0 0 0 0.000539925)
(0.00431999 0 0 0 0.000539999 0 0 0 0.000539999)
(0.00432059 0 0 0 0.000540074 0 0 0 0.000540074)
(0.00432121 0 0 0 0.000540151 0 0 0 0.000540151)
(0.00432184 0 0 0 0.00054023 0 0 0 0.00054023)
(0.00432249 0 0 0 0.000540312 0 0 0 0.000540312)
(0.00432316 0 0 0 0.000540395 0 0 0 0.000540395)
(0.00432385 0 0 0 0.000540481 0 0 0 0.000540481)
(0.00432455 0 0 0 0.000540569 0 0 0 0.000540569)
(0.00432527 0 0 0 0.000540659 0 0 0 0.000540659)
(0.00432601 0 0 0 0.000540751 0 0 0 0.000540751)
(0.00432677 0 0 0 0.000540846 0 0 0 0.000540846)
(0.00432754 0 0 0 0.000540943 0 0 0 0.000540943)
(0.00432834 0 0 0 0.000541043 0 0 0 0.000541043)
(0.00432916 0 0 0 0.000541145 0 0 0 0.000541145)
(0.00432999 0 0 0 0.000541249 0 0 0 0.000541249)
(0.00433085 0 0 0 0.000541356 0 0 0 0.000541356)
(0.00433173 0 0 0 0.000541466 0 0 0 0.000541466)
(0.00433262 0 0 0 0.000541578 0 0 0 0.000541578)
(0.00433354 0 0 0 0.000541693 0 0 0 0.000541693)
(0.00433448 0 0 0 0.00054181 0 0 0 0.00054181)
(0.00433544 0 0 0 0.00054193 0 0 0 0.00054193)
(0.00433643 0 0 0 0.000542053 0 0 0 0.000542053)
(0.00433743 0 0 0 0.000542179 0 0 0 0.000542179)
(0.00433846 0 0 0 0.000542307 0 0 0 0.000542307)
(0.00433951 0 0 0 0.000542438 0 0 0 0.000542438)
(0.00434058 0 0 0 0.000542572 0 0 0 0.000542572)
(0.00434167 0 0 0 0.000542709 0 0 0 0.000542709)
(0.00434279 0 0 0 0.000542848 0 0 0 0.000542848)
(0.00434392 0 0 0 0.000542991 0 0 0 0.000542991)
(0.00434509 0 0 0 0.000543136 0 0 0 0.000543136)
(0.00434627 0 0 0 0.000543284 0 0 0 0.000543284)
(0.00434748 0 0 0 0.000543435 0 0 0 0.000543435)
(0.00434871 0 0 0 0.000543589 0 0 0 0.000543589)
(0.00434996 0 0 0 0.000543746 0 0 0 0.000543746)
(0.00435124 0 0 0 0.000543905 0 0 0 0.000543905)
(0.00435254 0 0 0 0.000544068 0 0 0 0.000544068)
(0.00435387 0 0 0 0.000544233 0 0 0 0.000544233)
(0.00435522 0 0 0 0.000544402 0 0 0 0.000544402)
(0.00435659 0 0 0 0.000544573 0 0 0 0.000544573)
(0.00435798 0 0 0 0.000544748 0 0 0 0.000544748)
(0.0043594 0 0 0 0.000544925 0 0 0 0.000544925)
(0.00436084 0 0 0 0.000545105 0 0 0 0.000545105)
(0.00436231 0 0 0 0.000545289 0 0 0 0.000545289)
(0.0043638 0 0 0 0.000545475 0 0 0 0.000545475)
(0.00436531 0 0 0 0.000545664 0 0 0 0.000545664)
(0.00436685 0 0 0 0.000545856 0 0 0 0.000545856)
(0.00436841 0 0 0 0.000546051 0 0 0 0.000546051)
(0.00436999 0 0 0 0.000546249 0 0 0 0.000546249)
(0.0043716 0 0 0 0.00054645 0 0 0 0.00054645)
(0.00437323 0 0 0 0.000546654 0 0 0 0.000546654)
(0.00437488 0 0 0 0.00054686 0 0 0 0.00054686)
(0.00437656 0 0 0 0.00054707 0 0 0 0.00054707)
(0.00437826 0 0 0 0.000547282 0 0 0 0.000547282)
(0.00437998 0 0 0 0.000547498 0 0 0 0.000547498)
(0.00438173 0 0 0 0.000547716 0 0 0 0.000547716)
(0.0043835 0 0 0 0.000547937 0 0 0 0.000547937)
(0.00438529 0 0 0 0.000548161 0 0 0 0.000548161)
(0.0043871 0 0 0 0.000548387 0 0 0 0.000548387)
(0.00438894 0 0 0 0.000548617 0 0 0 0.000548617)
(0.00439079 0 0 0 0.000548849 0 0 0 0.000548849)
(0.00439267 0 0 0 0.000549084 0 0 0 0.000549084)
(0.00439458 0 0 0 0.000549322 0 0 0 0.000549322)
(0.0043965 0 0 0 0.000549563 0 0 0 0.000549563)
(0.00439845 0 0 0 0.000549806 0 0 0 0.000549806)
(0.00440041 0 0 0 0.000550052 0 0 0 0.000550052)
(0.0044024 0 0 0 0.0005503 0 0 0 0.0005503)
(0.00440441 0 0 0 0.000550551 0 0 0 0.000550551)
(0.00440644 0 0 0 0.000550805 0 0 0 0.000550805)
(0.00440849 0 0 0 0.000551062 0 0 0 0.000551062)
(0.00441057 0 0 0 0.000551321 0 0 0 0.000551321)
(0.00441266 0 0 0 0.000551582 0 0 0 0.000551582)
(0.00441477 0 0 0 0.000551847 0 0 0 0.000551847)
(0.00441691 0 0 0 0.000552113 0 0 0 0.000552113)
(0.00441906 0 0 0 0.000552383 0 0 0 0.000552383)
(0.00442123 0 0 0 0.000552654 0 0 0 0.000552654)
(0.00442343 0 0 0 0.000552928 0 0 0 0.000552928)
(0.00442564 0 0 0 0.000553205 0 0 0 0.000553205)
(0.00442787 0 0 0 0.000553484 0 0 0 0.000553484)
(0.00443012 0 0 0 0.000553765 0 0 0 0.000553765)
(0.00443239 0 0 0 0.000554049 0 0 0 0.000554049)
(0.00443468 0 0 0 0.000554335 0 0 0 0.000554335)
(0.00443699 0 0 0 0.000554624 0 0 0 0.000554624)
(0.00443932 0 0 0 0.000554914 0 0 0 0.000554914)
(0.00444166 0 0 0 0.000555208 0 0 0 0.000555208)
(0.00444403 0 0 0 0.000555503 0 0 0 0.000555503)
(0.00444641 0 0 0 0.000555801 0 0 0 0.000555801)
(0.00444881 0 0 0 0.000556101 0 0 0 0.000556101)
(0.00445123 0 0 0 0.000556404 0 0 0 0.000556404)
(0.00445367 0 0 0 0.000556709 0 0 0 0.000556709)
(0.00445613 0 0 0 0.000557016 0 0 0 0.000557016)
(0.0044586 0 0 0 0.000557325 0 0 0 0.000557325)
(0.0044611 0 0 0 0.000557637 0 0 0 0.000557637)
(0.00446361 0 0 0 0.000557952 0 0 0 0.000557952)
(0.00446615 0 0 0 0.000558268 0 0 0 0.000558268)
(0.0044687 0 0 0 0.000558587 0 0 0 0.000558587)
(0.00447127 0 0 0 0.000558909 0 0 0 0.000558909)
(0.00447386 0 0 0 0.000559233 0 0 0 0.000559233)
(0.00447647 0 0 0 0.000559559 0 0 0 0.000559559)
(0.0044791 0 0 0 0.000559887 0 0 0 0.000559887)
(0.00448174 0 0 0 0.000560217 0 0 0 0.000560217)
(0.00448438 0 0 0 0.000560548 0 0 0 0.000560548)
(0.00448704 0 0 0 0.00056088 0 0 0 0.00056088)
(0.00448926 0 0 0 0.000561157 0 0 0 0.000561157)
(0.00449089 0 0 0 0.000561361 0 0 0 0.000561361)
(0.00412441 0 0 0 0.000515551 0 0 0 0.000515551)
(0.00412539 0 0 0 0.000515674 0 0 0 0.000515674)
(0.00412712 0 0 0 0.00051589 0 0 0 0.00051589)
(0.00412944 0 0 0 0.00051618 0 0 0 0.00051618)
(0.00413175 0 0 0 0.000516469 0 0 0 0.000516469)
(0.00413405 0 0 0 0.000516756 0 0 0 0.000516756)
(0.00413634 0 0 0 0.000517042 0 0 0 0.000517042)
(0.00413861 0 0 0 0.000517327 0 0 0 0.000517327)
(0.00414088 0 0 0 0.00051761 0 0 0 0.00051761)
(0.00414314 0 0 0 0.000517892 0 0 0 0.000517892)
(0.00414538 0 0 0 0.000518173 0 0 0 0.000518173)
(0.00414762 0 0 0 0.000518453 0 0 0 0.000518453)
(0.00414985 0 0 0 0.000518732 0 0 0 0.000518732)
(0.00415207 0 0 0 0.000519009 0 0 0 0.000519009)
(0.00415429 0 0 0 0.000519286 0 0 0 0.000519286)
(0.00415649 0 0 0 0.000519562 0 0 0 0.000519562)
(0.00415869 0 0 0 0.000519836 0 0 0 0.000519836)
(0.00416088 0 0 0 0.000520109 0 0 0 0.000520109)
(0.00416305 0 0 0 0.000520382 0 0 0 0.000520382)
(0.00416522 0 0 0 0.000520653 0 0 0 0.000520653)
(0.00416738 0 0 0 0.000520923 0 0 0 0.000520923)
(0.00416953 0 0 0 0.000521191 0 0 0 0.000521191)
(0.00417167 0 0 0 0.000521458 0 0 0 0.000521458)
(0.0041738 0 0 0 0.000521724 0 0 0 0.000521724)
(0.00417591 0 0 0 0.000521989 0 0 0 0.000521989)
(0.00417802 0 0 0 0.000522252 0 0 0 0.000522252)
(0.00418011 0 0 0 0.000522514 0 0 0 0.000522514)
(0.00418219 0 0 0 0.000522774 0 0 0 0.000522774)
(0.00418427 0 0 0 0.000523033 0 0 0 0.000523033)
(0.00418632 0 0 0 0.00052329 0 0 0 0.00052329)
(0.00418837 0 0 0 0.000523546 0 0 0 0.000523546)
(0.0041904 0 0 0 0.0005238 0 0 0 0.0005238)
(0.00419242 0 0 0 0.000524053 0 0 0 0.000524053)
(0.00419443 0 0 0 0.000524304 0 0 0 0.000524304)
(0.00419642 0 0 0 0.000524553 0 0 0 0.000524553)
(0.0041984 0 0 0 0.0005248 0 0 0 0.0005248)
(0.00420037 0 0 0 0.000525046 0 0 0 0.000525046)
(0.00420232 0 0 0 0.00052529 0 0 0 0.00052529)
(0.00420425 0 0 0 0.000525532 0 0 0 0.000525532)
(0.00420618 0 0 0 0.000525772 0 0 0 0.000525772)
(0.00420808 0 0 0 0.00052601 0 0 0 0.00052601)
(0.00420997 0 0 0 0.000526247 0 0 0 0.000526247)
(0.00421185 0 0 0 0.000526481 0 0 0 0.000526481)
(0.00421371 0 0 0 0.000526713 0 0 0 0.000526713)
(0.00421555 0 0 0 0.000526944 0 0 0 0.000526944)
(0.00421738 0 0 0 0.000527172 0 0 0 0.000527172)
(0.00421919 0 0 0 0.000527399 0 0 0 0.000527399)
(0.00422098 0 0 0 0.000527623 0 0 0 0.000527623)
(0.00422276 0 0 0 0.000527845 0 0 0 0.000527845)
(0.00422452 0 0 0 0.000528065 0 0 0 0.000528065)
(0.00422626 0 0 0 0.000528283 0 0 0 0.000528283)
(0.00422799 0 0 0 0.000528498 0 0 0 0.000528498)
(0.00422969 0 0 0 0.000528712 0 0 0 0.000528712)
(0.00423138 0 0 0 0.000528923 0 0 0 0.000528923)
(0.00423305 0 0 0 0.000529132 0 0 0 0.000529132)
(0.00423471 0 0 0 0.000529338 0 0 0 0.000529338)
(0.00423634 0 0 0 0.000529543 0 0 0 0.000529543)
(0.00423796 0 0 0 0.000529744 0 0 0 0.000529744)
(0.00423955 0 0 0 0.000529944 0 0 0 0.000529944)
(0.00424113 0 0 0 0.000530141 0 0 0 0.000530141)
(0.00424269 0 0 0 0.000530336 0 0 0 0.000530336)
(0.00424423 0 0 0 0.000530528 0 0 0 0.000530528)
(0.00424575 0 0 0 0.000530718 0 0 0 0.000530718)
(0.00424725 0 0 0 0.000530906 0 0 0 0.000530906)
(0.00424873 0 0 0 0.000531091 0 0 0 0.000531091)
(0.00425019 0 0 0 0.000531274 0 0 0 0.000531274)
(0.00425163 0 0 0 0.000531454 0 0 0 0.000531454)
(0.00425305 0 0 0 0.000531631 0 0 0 0.000531631)
(0.00425445 0 0 0 0.000531806 0 0 0 0.000531806)
(0.00425583 0 0 0 0.000531979 0 0 0 0.000531979)
(0.00425719 0 0 0 0.000532149 0 0 0 0.000532149)
(0.00425853 0 0 0 0.000532316 0 0 0 0.000532316)
(0.00425985 0 0 0 0.000532481 0 0 0 0.000532481)
(0.00426115 0 0 0 0.000532644 0 0 0 0.000532644)
(0.00426243 0 0 0 0.000532803 0 0 0 0.000532803)
(0.00426368 0 0 0 0.000532961 0 0 0 0.000532961)
(0.00426492 0 0 0 0.000533115 0 0 0 0.000533115)
(0.00426614 0 0 0 0.000533267 0 0 0 0.000533267)
(0.00426733 0 0 0 0.000533417 0 0 0 0.000533417)
(0.00426851 0 0 0 0.000533564 0 0 0 0.000533564)
(0.00426966 0 0 0 0.000533708 0 0 0 0.000533708)
(0.0042708 0 0 0 0.00053385 0 0 0 0.00053385)
(0.00427191 0 0 0 0.000533989 0 0 0 0.000533989)
(0.00427301 0 0 0 0.000534126 0 0 0 0.000534126)
(0.00427408 0 0 0 0.00053426 0 0 0 0.00053426)
(0.00427513 0 0 0 0.000534391 0 0 0 0.000534391)
(0.00427616 0 0 0 0.00053452 0 0 0 0.00053452)
(0.00427717 0 0 0 0.000534647 0 0 0 0.000534647)
(0.00427816 0 0 0 0.000534771 0 0 0 0.000534771)
(0.00427914 0 0 0 0.000534892 0 0 0 0.000534892)
(0.00428009 0 0 0 0.000535011 0 0 0 0.000535011)
(0.00428102 0 0 0 0.000535127 0 0 0 0.000535127)
(0.00428193 0 0 0 0.000535241 0 0 0 0.000535241)
(0.00428282 0 0 0 0.000535353 0 0 0 0.000535353)
(0.0042837 0 0 0 0.000535462 0 0 0 0.000535462)
(0.00428455 0 0 0 0.000535569 0 0 0 0.000535569)
(0.00428538 0 0 0 0.000535673 0 0 0 0.000535673)
(0.0042862 0 0 0 0.000535775 0 0 0 0.000535775)
(0.004287 0 0 0 0.000535875 0 0 0 0.000535875)
(0.00428778 0 0 0 0.000535972 0 0 0 0.000535972)
(0.00428854 0 0 0 0.000536067 0 0 0 0.000536067)
(0.00428928 0 0 0 0.00053616 0 0 0 0.00053616)
(0.00429 0 0 0 0.000536251 0 0 0 0.000536251)
(0.00429071 0 0 0 0.000536339 0 0 0 0.000536339)
(0.0042914 0 0 0 0.000536425 0 0 0 0.000536425)
(0.00429208 0 0 0 0.00053651 0 0 0 0.00053651)
(0.00429273 0 0 0 0.000536592 0 0 0 0.000536592)
(0.00429337 0 0 0 0.000536672 0 0 0 0.000536672)
(0.004294 0 0 0 0.00053675 0 0 0 0.00053675)
(0.00429461 0 0 0 0.000536826 0 0 0 0.000536826)
(0.0042952 0 0 0 0.000536901 0 0 0 0.000536901)
(0.00429578 0 0 0 0.000536973 0 0 0 0.000536973)
(0.00429635 0 0 0 0.000537044 0 0 0 0.000537044)
(0.0042969 0 0 0 0.000537113 0 0 0 0.000537113)
(0.00429744 0 0 0 0.00053718 0 0 0 0.00053718)
(0.00429796 0 0 0 0.000537245 0 0 0 0.000537245)
(0.00429847 0 0 0 0.000537309 0 0 0 0.000537309)
(0.00429897 0 0 0 0.000537372 0 0 0 0.000537372)
(0.00429946 0 0 0 0.000537433 0 0 0 0.000537433)
(0.00429994 0 0 0 0.000537492 0 0 0 0.000537492)
(0.0043004 0 0 0 0.00053755 0 0 0 0.00053755)
(0.00430086 0 0 0 0.000537607 0 0 0 0.000537607)
(0.0043013 0 0 0 0.000537663 0 0 0 0.000537663)
(0.00430174 0 0 0 0.000537718 0 0 0 0.000537718)
(0.00430217 0 0 0 0.000537771 0 0 0 0.000537771)
(0.00430259 0 0 0 0.000537824 0 0 0 0.000537824)
(0.004303 0 0 0 0.000537875 0 0 0 0.000537875)
(0.00430341 0 0 0 0.000537926 0 0 0 0.000537926)
(0.00430381 0 0 0 0.000537976 0 0 0 0.000537976)
(0.0043042 0 0 0 0.000538025 0 0 0 0.000538025)
(0.00430459 0 0 0 0.000538074 0 0 0 0.000538074)
(0.00430498 0 0 0 0.000538122 0 0 0 0.000538122)
(0.00430536 0 0 0 0.00053817 0 0 0 0.00053817)
(0.00430574 0 0 0 0.000538218 0 0 0 0.000538218)
(0.00430612 0 0 0 0.000538265 0 0 0 0.000538265)
(0.0043065 0 0 0 0.000538312 0 0 0 0.000538312)
(0.00430687 0 0 0 0.000538359 0 0 0 0.000538359)
(0.00430724 0 0 0 0.000538405 0 0 0 0.000538405)
(0.00430761 0 0 0 0.000538451 0 0 0 0.000538451)
(0.00430798 0 0 0 0.000538497 0 0 0 0.000538497)
(0.00430834 0 0 0 0.000538543 0 0 0 0.000538543)
(0.00430871 0 0 0 0.000538589 0 0 0 0.000538589)
(0.00430908 0 0 0 0.000538635 0 0 0 0.000538635)
(0.00430945 0 0 0 0.000538681 0 0 0 0.000538681)
(0.00430982 0 0 0 0.000538728 0 0 0 0.000538728)
(0.0043102 0 0 0 0.000538775 0 0 0 0.000538775)
(0.00431058 0 0 0 0.000538822 0 0 0 0.000538822)
(0.00431097 0 0 0 0.000538871 0 0 0 0.000538871)
(0.00431136 0 0 0 0.000538919 0 0 0 0.000538919)
(0.00431175 0 0 0 0.000538969 0 0 0 0.000538969)
(0.00431216 0 0 0 0.000539019 0 0 0 0.000539019)
(0.00431257 0 0 0 0.000539071 0 0 0 0.000539071)
(0.00431299 0 0 0 0.000539123 0 0 0 0.000539123)
(0.00431341 0 0 0 0.000539177 0 0 0 0.000539177)
(0.00431385 0 0 0 0.000539231 0 0 0 0.000539231)
(0.00431429 0 0 0 0.000539287 0 0 0 0.000539287)
(0.00431475 0 0 0 0.000539344 0 0 0 0.000539344)
(0.00431522 0 0 0 0.000539402 0 0 0 0.000539402)
(0.0043157 0 0 0 0.000539462 0 0 0 0.000539462)
(0.00431619 0 0 0 0.000539523 0 0 0 0.000539523)
(0.00431669 0 0 0 0.000539586 0 0 0 0.000539586)
(0.0043172 0 0 0 0.000539651 0 0 0 0.000539651)
(0.00431773 0 0 0 0.000539717 0 0 0 0.000539717)
(0.00431827 0 0 0 0.000539784 0 0 0 0.000539784)
(0.00431883 0 0 0 0.000539854 0 0 0 0.000539854)
(0.0043194 0 0 0 0.000539925 0 0 0 0.000539925)
(0.00431999 0 0 0 0.000539999 0 0 0 0.000539999)
(0.00432059 0 0 0 0.000540074 0 0 0 0.000540074)
(0.00432121 0 0 0 0.000540151 0 0 0 0.000540151)
(0.00432184 0 0 0 0.00054023 0 0 0 0.00054023)
(0.00432249 0 0 0 0.000540311 0 0 0 0.000540311)
(0.00432316 0 0 0 0.000540395 0 0 0 0.000540395)
(0.00432384 0 0 0 0.00054048 0 0 0 0.00054048)
(0.00432455 0 0 0 0.000540568 0 0 0 0.000540568)
(0.00432527 0 0 0 0.000540658 0 0 0 0.000540658)
(0.00432601 0 0 0 0.000540751 0 0 0 0.000540751)
(0.00432676 0 0 0 0.000540846 0 0 0 0.000540846)
(0.00432754 0 0 0 0.000540943 0 0 0 0.000540943)
(0.00432834 0 0 0 0.000541042 0 0 0 0.000541042)
(0.00432915 0 0 0 0.000541144 0 0 0 0.000541144)
(0.00432999 0 0 0 0.000541249 0 0 0 0.000541249)
(0.00433085 0 0 0 0.000541356 0 0 0 0.000541356)
(0.00433172 0 0 0 0.000541465 0 0 0 0.000541465)
(0.00433262 0 0 0 0.000541578 0 0 0 0.000541578)
(0.00433354 0 0 0 0.000541692 0 0 0 0.000541692)
(0.00433448 0 0 0 0.00054181 0 0 0 0.00054181)
(0.00433544 0 0 0 0.00054193 0 0 0 0.00054193)
(0.00433642 0 0 0 0.000542053 0 0 0 0.000542053)
(0.00433743 0 0 0 0.000542178 0 0 0 0.000542178)
(0.00433845 0 0 0 0.000542307 0 0 0 0.000542307)
(0.0043395 0 0 0 0.000542438 0 0 0 0.000542438)
(0.00434057 0 0 0 0.000542572 0 0 0 0.000542572)
(0.00434167 0 0 0 0.000542708 0 0 0 0.000542708)
(0.00434278 0 0 0 0.000542848 0 0 0 0.000542848)
(0.00434392 0 0 0 0.00054299 0 0 0 0.00054299)
(0.00434508 0 0 0 0.000543135 0 0 0 0.000543135)
(0.00434627 0 0 0 0.000543283 0 0 0 0.000543283)
(0.00434748 0 0 0 0.000543434 0 0 0 0.000543434)
(0.00434871 0 0 0 0.000543588 0 0 0 0.000543588)
(0.00434996 0 0 0 0.000543745 0 0 0 0.000543745)
(0.00435124 0 0 0 0.000543905 0 0 0 0.000543905)
(0.00435254 0 0 0 0.000544067 0 0 0 0.000544067)
(0.00435386 0 0 0 0.000544233 0 0 0 0.000544233)
(0.00435521 0 0 0 0.000544401 0 0 0 0.000544401)
(0.00435658 0 0 0 0.000544573 0 0 0 0.000544573)
(0.00435798 0 0 0 0.000544747 0 0 0 0.000544747)
(0.0043594 0 0 0 0.000544925 0 0 0 0.000544925)
(0.00436084 0 0 0 0.000545105 0 0 0 0.000545105)
(0.0043623 0 0 0 0.000545288 0 0 0 0.000545288)
(0.00436379 0 0 0 0.000545474 0 0 0 0.000545474)
(0.00436531 0 0 0 0.000545663 0 0 0 0.000545663)
(0.00436684 0 0 0 0.000545855 0 0 0 0.000545855)
(0.0043684 0 0 0 0.00054605 0 0 0 0.00054605)
(0.00436999 0 0 0 0.000546248 0 0 0 0.000546248)
(0.00437159 0 0 0 0.000546449 0 0 0 0.000546449)
(0.00437322 0 0 0 0.000546653 0 0 0 0.000546653)
(0.00437488 0 0 0 0.00054686 0 0 0 0.00054686)
(0.00437655 0 0 0 0.000547069 0 0 0 0.000547069)
(0.00437825 0 0 0 0.000547282 0 0 0 0.000547282)
(0.00437998 0 0 0 0.000547497 0 0 0 0.000547497)
(0.00438172 0 0 0 0.000547715 0 0 0 0.000547715)
(0.00438349 0 0 0 0.000547936 0 0 0 0.000547936)
(0.00438528 0 0 0 0.00054816 0 0 0 0.00054816)
(0.00438709 0 0 0 0.000548387 0 0 0 0.000548387)
(0.00438893 0 0 0 0.000548616 0 0 0 0.000548616)
(0.00439079 0 0 0 0.000548848 0 0 0 0.000548848)
(0.00439267 0 0 0 0.000549083 0 0 0 0.000549083)
(0.00439457 0 0 0 0.000549321 0 0 0 0.000549321)
(0.00439649 0 0 0 0.000549562 0 0 0 0.000549562)
(0.00439844 0 0 0 0.000549805 0 0 0 0.000549805)
(0.00440041 0 0 0 0.000550051 0 0 0 0.000550051)
(0.00440239 0 0 0 0.000550299 0 0 0 0.000550299)
(0.0044044 0 0 0 0.00055055 0 0 0 0.00055055)
(0.00440643 0 0 0 0.000550804 0 0 0 0.000550804)
(0.00440849 0 0 0 0.000551061 0 0 0 0.000551061)
(0.00441056 0 0 0 0.00055132 0 0 0 0.00055132)
(0.00441265 0 0 0 0.000551581 0 0 0 0.000551581)
(0.00441476 0 0 0 0.000551846 0 0 0 0.000551846)
(0.0044169 0 0 0 0.000552112 0 0 0 0.000552112)
(0.00441905 0 0 0 0.000552381 0 0 0 0.000552381)
(0.00442122 0 0 0 0.000552653 0 0 0 0.000552653)
(0.00442342 0 0 0 0.000552927 0 0 0 0.000552927)
(0.00442563 0 0 0 0.000553204 0 0 0 0.000553204)
(0.00442786 0 0 0 0.000553483 0 0 0 0.000553483)
(0.00443011 0 0 0 0.000553764 0 0 0 0.000553764)
(0.00443238 0 0 0 0.000554048 0 0 0 0.000554048)
(0.00443467 0 0 0 0.000554334 0 0 0 0.000554334)
(0.00443698 0 0 0 0.000554622 0 0 0 0.000554622)
(0.0044393 0 0 0 0.000554913 0 0 0 0.000554913)
(0.00444165 0 0 0 0.000555206 0 0 0 0.000555206)
(0.00444401 0 0 0 0.000555501 0 0 0 0.000555501)
(0.00444639 0 0 0 0.000555799 0 0 0 0.000555799)
(0.00444879 0 0 0 0.000556099 0 0 0 0.000556099)
(0.00445121 0 0 0 0.000556402 0 0 0 0.000556402)
(0.00445365 0 0 0 0.000556706 0 0 0 0.000556706)
(0.00445611 0 0 0 0.000557014 0 0 0 0.000557014)
(0.00445858 0 0 0 0.000557323 0 0 0 0.000557323)
(0.00446108 0 0 0 0.000557635 0 0 0 0.000557635)
(0.00446359 0 0 0 0.000557949 0 0 0 0.000557949)
(0.00446612 0 0 0 0.000558265 0 0 0 0.000558265)
(0.00446868 0 0 0 0.000558584 0 0 0 0.000558584)
(0.00447125 0 0 0 0.000558906 0 0 0 0.000558906)
(0.00447384 0 0 0 0.000559229 0 0 0 0.000559229)
(0.00447644 0 0 0 0.000559555 0 0 0 0.000559555)
(0.00447907 0 0 0 0.000559883 0 0 0 0.000559883)
(0.0044817 0 0 0 0.000560213 0 0 0 0.000560213)
(0.00448435 0 0 0 0.000560544 0 0 0 0.000560544)
(0.004487 0 0 0 0.000560876 0 0 0 0.000560876)
(0.00448923 0 0 0 0.000561154 0 0 0 0.000561154)
(0.00449087 0 0 0 0.000561358 0 0 0 0.000561358)
(0.00412456 0 0 0 0.00051557 0 0 0 0.00051557)
(0.00412553 0 0 0 0.000515691 0 0 0 0.000515691)
(0.00412721 0 0 0 0.000515901 0 0 0 0.000515901)
(0.0041295 0 0 0 0.000516188 0 0 0 0.000516188)
(0.00413179 0 0 0 0.000516474 0 0 0 0.000516474)
(0.00413408 0 0 0 0.00051676 0 0 0 0.00051676)
(0.00413635 0 0 0 0.000517044 0 0 0 0.000517044)
(0.00413862 0 0 0 0.000517328 0 0 0 0.000517328)
(0.00414088 0 0 0 0.00051761 0 0 0 0.00051761)
(0.00414313 0 0 0 0.000517892 0 0 0 0.000517892)
(0.00414538 0 0 0 0.000518172 0 0 0 0.000518172)
(0.00414762 0 0 0 0.000518452 0 0 0 0.000518452)
(0.00414984 0 0 0 0.000518731 0 0 0 0.000518731)
(0.00415207 0 0 0 0.000519008 0 0 0 0.000519008)
(0.00415428 0 0 0 0.000519285 0 0 0 0.000519285)
(0.00415648 0 0 0 0.00051956 0 0 0 0.00051956)
(0.00415868 0 0 0 0.000519835 0 0 0 0.000519835)
(0.00416086 0 0 0 0.000520108 0 0 0 0.000520108)
(0.00416304 0 0 0 0.00052038 0 0 0 0.00052038)
(0.00416521 0 0 0 0.000520651 0 0 0 0.000520651)
(0.00416737 0 0 0 0.000520921 0 0 0 0.000520921)
(0.00416952 0 0 0 0.00052119 0 0 0 0.00052119)
(0.00417166 0 0 0 0.000521457 0 0 0 0.000521457)
(0.00417378 0 0 0 0.000521723 0 0 0 0.000521723)
(0.0041759 0 0 0 0.000521988 0 0 0 0.000521988)
(0.00417801 0 0 0 0.000522251 0 0 0 0.000522251)
(0.0041801 0 0 0 0.000522513 0 0 0 0.000522513)
(0.00418218 0 0 0 0.000522773 0 0 0 0.000522773)
(0.00418425 0 0 0 0.000523032 0 0 0 0.000523032)
(0.00418631 0 0 0 0.000523289 0 0 0 0.000523289)
(0.00418836 0 0 0 0.000523545 0 0 0 0.000523545)
(0.00419039 0 0 0 0.000523799 0 0 0 0.000523799)
(0.00419241 0 0 0 0.000524052 0 0 0 0.000524052)
(0.00419442 0 0 0 0.000524302 0 0 0 0.000524302)
(0.00419641 0 0 0 0.000524552 0 0 0 0.000524552)
(0.00419839 0 0 0 0.000524799 0 0 0 0.000524799)
(0.00420036 0 0 0 0.000525045 0 0 0 0.000525045)
(0.00420231 0 0 0 0.000525289 0 0 0 0.000525289)
(0.00420424 0 0 0 0.000525531 0 0 0 0.000525531)
(0.00420617 0 0 0 0.000525771 0 0 0 0.000525771)
(0.00420807 0 0 0 0.000526009 0 0 0 0.000526009)
(0.00420996 0 0 0 0.000526245 0 0 0 0.000526245)
(0.00421184 0 0 0 0.00052648 0 0 0 0.00052648)
(0.0042137 0 0 0 0.000526712 0 0 0 0.000526712)
(0.00421554 0 0 0 0.000526943 0 0 0 0.000526943)
(0.00421737 0 0 0 0.000527171 0 0 0 0.000527171)
(0.00421918 0 0 0 0.000527398 0 0 0 0.000527398)
(0.00422097 0 0 0 0.000527622 0 0 0 0.000527622)
(0.00422275 0 0 0 0.000527844 0 0 0 0.000527844)
(0.00422451 0 0 0 0.000528064 0 0 0 0.000528064)
(0.00422625 0 0 0 0.000528282 0 0 0 0.000528282)
(0.00422798 0 0 0 0.000528497 0 0 0 0.000528497)
(0.00422969 0 0 0 0.000528711 0 0 0 0.000528711)
(0.00423137 0 0 0 0.000528922 0 0 0 0.000528922)
(0.00423305 0 0 0 0.000529131 0 0 0 0.000529131)
(0.0042347 0 0 0 0.000529337 0 0 0 0.000529337)
(0.00423633 0 0 0 0.000529542 0 0 0 0.000529542)
(0.00423795 0 0 0 0.000529744 0 0 0 0.000529744)
(0.00423955 0 0 0 0.000529943 0 0 0 0.000529943)
(0.00424112 0 0 0 0.00053014 0 0 0 0.00053014)
(0.00424268 0 0 0 0.000530335 0 0 0 0.000530335)
(0.00424422 0 0 0 0.000530528 0 0 0 0.000530528)
(0.00424574 0 0 0 0.000530718 0 0 0 0.000530718)
(0.00424724 0 0 0 0.000530905 0 0 0 0.000530905)
(0.00424872 0 0 0 0.00053109 0 0 0 0.00053109)
(0.00425018 0 0 0 0.000531273 0 0 0 0.000531273)
(0.00425162 0 0 0 0.000531453 0 0 0 0.000531453)
(0.00425304 0 0 0 0.00053163 0 0 0 0.00053163)
(0.00425444 0 0 0 0.000531806 0 0 0 0.000531806)
(0.00425582 0 0 0 0.000531978 0 0 0 0.000531978)
(0.00425719 0 0 0 0.000532148 0 0 0 0.000532148)
(0.00425853 0 0 0 0.000532316 0 0 0 0.000532316)
(0.00425984 0 0 0 0.000532481 0 0 0 0.000532481)
(0.00426114 0 0 0 0.000532643 0 0 0 0.000532643)
(0.00426242 0 0 0 0.000532803 0 0 0 0.000532803)
(0.00426368 0 0 0 0.00053296 0 0 0 0.00053296)
(0.00426492 0 0 0 0.000533115 0 0 0 0.000533115)
(0.00426613 0 0 0 0.000533267 0 0 0 0.000533267)
(0.00426733 0 0 0 0.000533416 0 0 0 0.000533416)
(0.00426851 0 0 0 0.000533563 0 0 0 0.000533563)
(0.00426966 0 0 0 0.000533708 0 0 0 0.000533708)
(0.00427079 0 0 0 0.000533849 0 0 0 0.000533849)
(0.00427191 0 0 0 0.000533988 0 0 0 0.000533988)
(0.004273 0 0 0 0.000534125 0 0 0 0.000534125)
(0.00427407 0 0 0 0.000534259 0 0 0 0.000534259)
(0.00427513 0 0 0 0.000534391 0 0 0 0.000534391)
(0.00427616 0 0 0 0.00053452 0 0 0 0.00053452)
(0.00427717 0 0 0 0.000534646 0 0 0 0.000534646)
(0.00427816 0 0 0 0.00053477 0 0 0 0.00053477)
(0.00427913 0 0 0 0.000534892 0 0 0 0.000534892)
(0.00428008 0 0 0 0.00053501 0 0 0 0.00053501)
(0.00428102 0 0 0 0.000535127 0 0 0 0.000535127)
(0.00428193 0 0 0 0.000535241 0 0 0 0.000535241)
(0.00428282 0 0 0 0.000535352 0 0 0 0.000535352)
(0.00428369 0 0 0 0.000535462 0 0 0 0.000535462)
(0.00428455 0 0 0 0.000535568 0 0 0 0.000535568)
(0.00428538 0 0 0 0.000535673 0 0 0 0.000535673)
(0.0042862 0 0 0 0.000535775 0 0 0 0.000535775)
(0.00428699 0 0 0 0.000535874 0 0 0 0.000535874)
(0.00428777 0 0 0 0.000535972 0 0 0 0.000535972)
(0.00428853 0 0 0 0.000536067 0 0 0 0.000536067)
(0.00428928 0 0 0 0.00053616 0 0 0 0.00053616)
(0.00429 0 0 0 0.00053625 0 0 0 0.00053625)
(0.00429071 0 0 0 0.000536339 0 0 0 0.000536339)
(0.0042914 0 0 0 0.000536425 0 0 0 0.000536425)
(0.00429207 0 0 0 0.000536509 0 0 0 0.000536509)
(0.00429273 0 0 0 0.000536591 0 0 0 0.000536591)
(0.00429337 0 0 0 0.000536672 0 0 0 0.000536672)
(0.004294 0 0 0 0.00053675 0 0 0 0.00053675)
(0.00429461 0 0 0 0.000536826 0 0 0 0.000536826)
(0.0042952 0 0 0 0.0005369 0 0 0 0.0005369)
(0.00429578 0 0 0 0.000536973 0 0 0 0.000536973)
(0.00429635 0 0 0 0.000537043 0 0 0 0.000537043)
(0.0042969 0 0 0 0.000537112 0 0 0 0.000537112)
(0.00429744 0 0 0 0.000537179 0 0 0 0.000537179)
(0.00429796 0 0 0 0.000537245 0 0 0 0.000537245)
(0.00429847 0 0 0 0.000537309 0 0 0 0.000537309)
(0.00429897 0 0 0 0.000537371 0 0 0 0.000537371)
(0.00429946 0 0 0 0.000537432 0 0 0 0.000537432)
(0.00429994 0 0 0 0.000537492 0 0 0 0.000537492)
(0.0043004 0 0 0 0.00053755 0 0 0 0.00053755)
(0.00430086 0 0 0 0.000537607 0 0 0 0.000537607)
(0.0043013 0 0 0 0.000537663 0 0 0 0.000537663)
(0.00430174 0 0 0 0.000537717 0 0 0 0.000537717)
(0.00430217 0 0 0 0.000537771 0 0 0 0.000537771)
(0.00430259 0 0 0 0.000537824 0 0 0 0.000537824)
(0.004303 0 0 0 0.000537875 0 0 0 0.000537875)
(0.00430341 0 0 0 0.000537926 0 0 0 0.000537926)
(0.00430381 0 0 0 0.000537976 0 0 0 0.000537976)
(0.0043042 0 0 0 0.000538025 0 0 0 0.000538025)
(0.00430459 0 0 0 0.000538074 0 0 0 0.000538074)
(0.00430498 0 0 0 0.000538122 0 0 0 0.000538122)
(0.00430536 0 0 0 0.00053817 0 0 0 0.00053817)
(0.00430574 0 0 0 0.000538218 0 0 0 0.000538218)
(0.00430612 0 0 0 0.000538265 0 0 0 0.000538265)
(0.0043065 0 0 0 0.000538312 0 0 0 0.000538312)
(0.00430687 0 0 0 0.000538359 0 0 0 0.000538359)
(0.00430724 0 0 0 0.000538405 0 0 0 0.000538405)
(0.00430761 0 0 0 0.000538451 0 0 0 0.000538451)
(0.00430798 0 0 0 0.000538497 0 0 0 0.000538497)
(0.00430834 0 0 0 0.000538543 0 0 0 0.000538543)
(0.00430871 0 0 0 0.000538589 0 0 0 0.000538589)
(0.00430908 0 0 0 0.000538635 0 0 0 0.000538635)
(0.00430945 0 0 0 0.000538681 0 0 0 0.000538681)
(0.00430982 0 0 0 0.000538728 0 0 0 0.000538728)
(0.0043102 0 0 0 0.000538775 0 0 0 0.000538775)
(0.00431058 0 0 0 0.000538822 0 0 0 0.000538822)
(0.00431096 0 0 0 0.00053887 0 0 0 0.00053887)
(0.00431135 0 0 0 0.000538919 0 0 0 0.000538919)
(0.00431175 0 0 0 0.000538969 0 0 0 0.000538969)
(0.00431215 0 0 0 0.000539019 0 0 0 0.000539019)
(0.00431257 0 0 0 0.000539071 0 0 0 0.000539071)
(0.00431298 0 0 0 0.000539123 0 0 0 0.000539123)
(0.00431341 0 0 0 0.000539176 0 0 0 0.000539176)
(0.00431385 0 0 0 0.000539231 0 0 0 0.000539231)
(0.00431429 0 0 0 0.000539287 0 0 0 0.000539287)
(0.00431475 0 0 0 0.000539344 0 0 0 0.000539344)
(0.00431522 0 0 0 0.000539402 0 0 0 0.000539402)
(0.00431569 0 0 0 0.000539462 0 0 0 0.000539462)
(0.00431618 0 0 0 0.000539523 0 0 0 0.000539523)
(0.00431669 0 0 0 0.000539586 0 0 0 0.000539586)
(0.0043172 0 0 0 0.00053965 0 0 0 0.00053965)
(0.00431773 0 0 0 0.000539716 0 0 0 0.000539716)
(0.00431827 0 0 0 0.000539784 0 0 0 0.000539784)
(0.00431883 0 0 0 0.000539854 0 0 0 0.000539854)
(0.0043194 0 0 0 0.000539925 0 0 0 0.000539925)
(0.00431999 0 0 0 0.000539998 0 0 0 0.000539998)
(0.00432059 0 0 0 0.000540073 0 0 0 0.000540073)
(0.0043212 0 0 0 0.000540151 0 0 0 0.000540151)
(0.00432184 0 0 0 0.00054023 0 0 0 0.00054023)
(0.00432249 0 0 0 0.000540311 0 0 0 0.000540311)
(0.00432316 0 0 0 0.000540395 0 0 0 0.000540395)
(0.00432384 0 0 0 0.00054048 0 0 0 0.00054048)
(0.00432454 0 0 0 0.000540568 0 0 0 0.000540568)
(0.00432526 0 0 0 0.000540658 0 0 0 0.000540658)
(0.004326 0 0 0 0.00054075 0 0 0 0.00054075)
(0.00432676 0 0 0 0.000540845 0 0 0 0.000540845)
(0.00432754 0 0 0 0.000540942 0 0 0 0.000540942)
(0.00432833 0 0 0 0.000541042 0 0 0 0.000541042)
(0.00432915 0 0 0 0.000541144 0 0 0 0.000541144)
(0.00432999 0 0 0 0.000541248 0 0 0 0.000541248)
(0.00433084 0 0 0 0.000541355 0 0 0 0.000541355)
(0.00433172 0 0 0 0.000541465 0 0 0 0.000541465)
(0.00433262 0 0 0 0.000541577 0 0 0 0.000541577)
(0.00433354 0 0 0 0.000541692 0 0 0 0.000541692)
(0.00433447 0 0 0 0.000541809 0 0 0 0.000541809)
(0.00433544 0 0 0 0.000541929 0 0 0 0.000541929)
(0.00433642 0 0 0 0.000542052 0 0 0 0.000542052)
(0.00433742 0 0 0 0.000542178 0 0 0 0.000542178)
(0.00433845 0 0 0 0.000542306 0 0 0 0.000542306)
(0.0043395 0 0 0 0.000542437 0 0 0 0.000542437)
(0.00434057 0 0 0 0.000542571 0 0 0 0.000542571)
(0.00434166 0 0 0 0.000542708 0 0 0 0.000542708)
(0.00434278 0 0 0 0.000542847 0 0 0 0.000542847)
(0.00434392 0 0 0 0.000542989 0 0 0 0.000542989)
(0.00434508 0 0 0 0.000543135 0 0 0 0.000543135)
(0.00434626 0 0 0 0.000543283 0 0 0 0.000543283)
(0.00434747 0 0 0 0.000543434 0 0 0 0.000543434)
(0.0043487 0 0 0 0.000543588 0 0 0 0.000543588)
(0.00434995 0 0 0 0.000543744 0 0 0 0.000543744)
(0.00435123 0 0 0 0.000543904 0 0 0 0.000543904)
(0.00435253 0 0 0 0.000544067 0 0 0 0.000544067)
(0.00435386 0 0 0 0.000544232 0 0 0 0.000544232)
(0.0043552 0 0 0 0.000544401 0 0 0 0.000544401)
(0.00435658 0 0 0 0.000544572 0 0 0 0.000544572)
(0.00435797 0 0 0 0.000544746 0 0 0 0.000544746)
(0.00435939 0 0 0 0.000544924 0 0 0 0.000544924)
(0.00436083 0 0 0 0.000545104 0 0 0 0.000545104)
(0.0043623 0 0 0 0.000545287 0 0 0 0.000545287)
(0.00436379 0 0 0 0.000545473 0 0 0 0.000545473)
(0.0043653 0 0 0 0.000545662 0 0 0 0.000545662)
(0.00436684 0 0 0 0.000545854 0 0 0 0.000545854)
(0.0043684 0 0 0 0.000546049 0 0 0 0.000546049)
(0.00436998 0 0 0 0.000546247 0 0 0 0.000546247)
(0.00437159 0 0 0 0.000546448 0 0 0 0.000546448)
(0.00437322 0 0 0 0.000546652 0 0 0 0.000546652)
(0.00437487 0 0 0 0.000546859 0 0 0 0.000546859)
(0.00437654 0 0 0 0.000547068 0 0 0 0.000547068)
(0.00437824 0 0 0 0.00054728 0 0 0 0.00054728)
(0.00437997 0 0 0 0.000547496 0 0 0 0.000547496)
(0.00438171 0 0 0 0.000547714 0 0 0 0.000547714)
(0.00438348 0 0 0 0.000547935 0 0 0 0.000547935)
(0.00438527 0 0 0 0.000548159 0 0 0 0.000548159)
(0.00438708 0 0 0 0.000548385 0 0 0 0.000548385)
(0.00438892 0 0 0 0.000548615 0 0 0 0.000548615)
(0.00439078 0 0 0 0.000548847 0 0 0 0.000548847)
(0.00439266 0 0 0 0.000549082 0 0 0 0.000549082)
(0.00439456 0 0 0 0.00054932 0 0 0 0.00054932)
(0.00439648 0 0 0 0.00054956 0 0 0 0.00054956)
(0.00439843 0 0 0 0.000549803 0 0 0 0.000549803)
(0.00440039 0 0 0 0.000550049 0 0 0 0.000550049)
(0.00440238 0 0 0 0.000550298 0 0 0 0.000550298)
(0.00440439 0 0 0 0.000550549 0 0 0 0.000550549)
(0.00440642 0 0 0 0.000550803 0 0 0 0.000550803)
(0.00440847 0 0 0 0.000551059 0 0 0 0.000551059)
(0.00441055 0 0 0 0.000551318 0 0 0 0.000551318)
(0.00441264 0 0 0 0.00055158 0 0 0 0.00055158)
(0.00441475 0 0 0 0.000551844 0 0 0 0.000551844)
(0.00441688 0 0 0 0.000552111 0 0 0 0.000552111)
(0.00441904 0 0 0 0.00055238 0 0 0 0.00055238)
(0.00442121 0 0 0 0.000552651 0 0 0 0.000552651)
(0.0044234 0 0 0 0.000552925 0 0 0 0.000552925)
(0.00442561 0 0 0 0.000553202 0 0 0 0.000553202)
(0.00442785 0 0 0 0.000553481 0 0 0 0.000553481)
(0.0044301 0 0 0 0.000553762 0 0 0 0.000553762)
(0.00443236 0 0 0 0.000554046 0 0 0 0.000554046)
(0.00443465 0 0 0 0.000554332 0 0 0 0.000554332)
(0.00443696 0 0 0 0.00055462 0 0 0 0.00055462)
(0.00443929 0 0 0 0.000554911 0 0 0 0.000554911)
(0.00444163 0 0 0 0.000555204 0 0 0 0.000555204)
(0.00444399 0 0 0 0.000555499 0 0 0 0.000555499)
(0.00444637 0 0 0 0.000555797 0 0 0 0.000555797)
(0.00444877 0 0 0 0.000556097 0 0 0 0.000556097)
(0.00445119 0 0 0 0.000556399 0 0 0 0.000556399)
(0.00445363 0 0 0 0.000556703 0 0 0 0.000556703)
(0.00445608 0 0 0 0.00055701 0 0 0 0.00055701)
(0.00445856 0 0 0 0.000557319 0 0 0 0.000557319)
(0.00446105 0 0 0 0.000557631 0 0 0 0.000557631)
(0.00446356 0 0 0 0.000557945 0 0 0 0.000557945)
(0.00446609 0 0 0 0.000558261 0 0 0 0.000558261)
(0.00446864 0 0 0 0.00055858 0 0 0 0.00055858)
(0.00447121 0 0 0 0.000558901 0 0 0 0.000558901)
(0.0044738 0 0 0 0.000559224 0 0 0 0.000559224)
(0.0044764 0 0 0 0.00055955 0 0 0 0.00055955)
(0.00447902 0 0 0 0.000559878 0 0 0 0.000559878)
(0.00448166 0 0 0 0.000560207 0 0 0 0.000560207)
(0.0044843 0 0 0 0.000560538 0 0 0 0.000560538)
(0.00448695 0 0 0 0.000560869 0 0 0 0.000560869)
(0.00448919 0 0 0 0.000561149 0 0 0 0.000561149)
(0.00449083 0 0 0 0.000561354 0 0 0 0.000561354)
(0.00412471 0 0 0 0.000515588 0 0 0 0.000515588)
(0.00412567 0 0 0 0.000515709 0 0 0 0.000515709)
(0.00412732 0 0 0 0.000515915 0 0 0 0.000515915)
(0.00412959 0 0 0 0.000516198 0 0 0 0.000516198)
(0.00413185 0 0 0 0.000516482 0 0 0 0.000516482)
(0.00413412 0 0 0 0.000516765 0 0 0 0.000516765)
(0.00413638 0 0 0 0.000517047 0 0 0 0.000517047)
(0.00413864 0 0 0 0.00051733 0 0 0 0.00051733)
(0.00414089 0 0 0 0.000517611 0 0 0 0.000517611)
(0.00414313 0 0 0 0.000517892 0 0 0 0.000517892)
(0.00414537 0 0 0 0.000518172 0 0 0 0.000518172)
(0.00414761 0 0 0 0.000518451 0 0 0 0.000518451)
(0.00414983 0 0 0 0.000518729 0 0 0 0.000518729)
(0.00415205 0 0 0 0.000519007 0 0 0 0.000519007)
(0.00415427 0 0 0 0.000519283 0 0 0 0.000519283)
(0.00415647 0 0 0 0.000519559 0 0 0 0.000519559)
(0.00415866 0 0 0 0.000519833 0 0 0 0.000519833)
(0.00416085 0 0 0 0.000520106 0 0 0 0.000520106)
(0.00416303 0 0 0 0.000520378 0 0 0 0.000520378)
(0.0041652 0 0 0 0.000520649 0 0 0 0.000520649)
(0.00416735 0 0 0 0.000520919 0 0 0 0.000520919)
(0.0041695 0 0 0 0.000521188 0 0 0 0.000521188)
(0.00417164 0 0 0 0.000521455 0 0 0 0.000521455)
(0.00417377 0 0 0 0.000521721 0 0 0 0.000521721)
(0.00417589 0 0 0 0.000521986 0 0 0 0.000521986)
(0.00417799 0 0 0 0.000522249 0 0 0 0.000522249)
(0.00418009 0 0 0 0.000522511 0 0 0 0.000522511)
(0.00418217 0 0 0 0.000522771 0 0 0 0.000522771)
(0.00418424 0 0 0 0.00052303 0 0 0 0.00052303)
(0.0041863 0 0 0 0.000523287 0 0 0 0.000523287)
(0.00418834 0 0 0 0.000523543 0 0 0 0.000523543)
(0.00419038 0 0 0 0.000523797 0 0 0 0.000523797)
(0.0041924 0 0 0 0.00052405 0 0 0 0.00052405)
(0.00419441 0 0 0 0.000524301 0 0 0 0.000524301)
(0.0041964 0 0 0 0.00052455 0 0 0 0.00052455)
(0.00419838 0 0 0 0.000524797 0 0 0 0.000524797)
(0.00420034 0 0 0 0.000525043 0 0 0 0.000525043)
(0.00420229 0 0 0 0.000525287 0 0 0 0.000525287)
(0.00420423 0 0 0 0.000525529 0 0 0 0.000525529)
(0.00420615 0 0 0 0.000525769 0 0 0 0.000525769)
(0.00420806 0 0 0 0.000526007 0 0 0 0.000526007)
(0.00420995 0 0 0 0.000526244 0 0 0 0.000526244)
(0.00421183 0 0 0 0.000526478 0 0 0 0.000526478)
(0.00421369 0 0 0 0.000526711 0 0 0 0.000526711)
(0.00421553 0 0 0 0.000526941 0 0 0 0.000526941)
(0.00421736 0 0 0 0.00052717 0 0 0 0.00052717)
(0.00421917 0 0 0 0.000527396 0 0 0 0.000527396)
(0.00422096 0 0 0 0.00052762 0 0 0 0.00052762)
(0.00422274 0 0 0 0.000527842 0 0 0 0.000527842)
(0.0042245 0 0 0 0.000528062 0 0 0 0.000528062)
(0.00422624 0 0 0 0.00052828 0 0 0 0.00052828)
(0.00422797 0 0 0 0.000528496 0 0 0 0.000528496)
(0.00422967 0 0 0 0.000528709 0 0 0 0.000528709)
(0.00423136 0 0 0 0.000528921 0 0 0 0.000528921)
(0.00423304 0 0 0 0.000529129 0 0 0 0.000529129)
(0.00423469 0 0 0 0.000529336 0 0 0 0.000529336)
(0.00423632 0 0 0 0.00052954 0 0 0 0.00052954)
(0.00423794 0 0 0 0.000529742 0 0 0 0.000529742)
(0.00423954 0 0 0 0.000529942 0 0 0 0.000529942)
(0.00424111 0 0 0 0.000530139 0 0 0 0.000530139)
(0.00424267 0 0 0 0.000530334 0 0 0 0.000530334)
(0.00424421 0 0 0 0.000530526 0 0 0 0.000530526)
(0.00424573 0 0 0 0.000530716 0 0 0 0.000530716)
(0.00424723 0 0 0 0.000530904 0 0 0 0.000530904)
(0.00424871 0 0 0 0.000531089 0 0 0 0.000531089)
(0.00425017 0 0 0 0.000531272 0 0 0 0.000531272)
(0.00425161 0 0 0 0.000531452 0 0 0 0.000531452)
(0.00425304 0 0 0 0.000531629 0 0 0 0.000531629)
(0.00425444 0 0 0 0.000531805 0 0 0 0.000531805)
(0.00425582 0 0 0 0.000531977 0 0 0 0.000531977)
(0.00425718 0 0 0 0.000532147 0 0 0 0.000532147)
(0.00425852 0 0 0 0.000532315 0 0 0 0.000532315)
(0.00425984 0 0 0 0.00053248 0 0 0 0.00053248)
(0.00426114 0 0 0 0.000532642 0 0 0 0.000532642)
(0.00426241 0 0 0 0.000532802 0 0 0 0.000532802)
(0.00426367 0 0 0 0.000532959 0 0 0 0.000532959)
(0.00426491 0 0 0 0.000533114 0 0 0 0.000533114)
(0.00426613 0 0 0 0.000533266 0 0 0 0.000533266)
(0.00426732 0 0 0 0.000533415 0 0 0 0.000533415)
(0.0042685 0 0 0 0.000533562 0 0 0 0.000533562)
(0.00426965 0 0 0 0.000533707 0 0 0 0.000533707)
(0.00427079 0 0 0 0.000533849 0 0 0 0.000533849)
(0.0042719 0 0 0 0.000533988 0 0 0 0.000533988)
(0.004273 0 0 0 0.000534124 0 0 0 0.000534124)
(0.00427407 0 0 0 0.000534259 0 0 0 0.000534259)
(0.00427512 0 0 0 0.00053439 0 0 0 0.00053439)
(0.00427615 0 0 0 0.000534519 0 0 0 0.000534519)
(0.00427716 0 0 0 0.000534646 0 0 0 0.000534646)
(0.00427816 0 0 0 0.000534769 0 0 0 0.000534769)
(0.00427913 0 0 0 0.000534891 0 0 0 0.000534891)
(0.00428008 0 0 0 0.00053501 0 0 0 0.00053501)
(0.00428101 0 0 0 0.000535126 0 0 0 0.000535126)
(0.00428192 0 0 0 0.00053524 0 0 0 0.00053524)
(0.00428282 0 0 0 0.000535352 0 0 0 0.000535352)
(0.00428369 0 0 0 0.000535461 0 0 0 0.000535461)
(0.00428454 0 0 0 0.000535568 0 0 0 0.000535568)
(0.00428538 0 0 0 0.000535672 0 0 0 0.000535672)
(0.00428619 0 0 0 0.000535774 0 0 0 0.000535774)
(0.00428699 0 0 0 0.000535874 0 0 0 0.000535874)
(0.00428777 0 0 0 0.000535971 0 0 0 0.000535971)
(0.00428853 0 0 0 0.000536066 0 0 0 0.000536066)
(0.00428927 0 0 0 0.000536159 0 0 0 0.000536159)
(0.00429 0 0 0 0.00053625 0 0 0 0.00053625)
(0.00429071 0 0 0 0.000536338 0 0 0 0.000536338)
(0.0042914 0 0 0 0.000536425 0 0 0 0.000536425)
(0.00429207 0 0 0 0.000536509 0 0 0 0.000536509)
(0.00429273 0 0 0 0.000536591 0 0 0 0.000536591)
(0.00429337 0 0 0 0.000536671 0 0 0 0.000536671)
(0.004294 0 0 0 0.000536749 0 0 0 0.000536749)
(0.0042946 0 0 0 0.000536826 0 0 0 0.000536826)
(0.0042952 0 0 0 0.0005369 0 0 0 0.0005369)
(0.00429578 0 0 0 0.000536972 0 0 0 0.000536972)
(0.00429634 0 0 0 0.000537043 0 0 0 0.000537043)
(0.0042969 0 0 0 0.000537112 0 0 0 0.000537112)
(0.00429743 0 0 0 0.000537179 0 0 0 0.000537179)
(0.00429796 0 0 0 0.000537245 0 0 0 0.000537245)
(0.00429847 0 0 0 0.000537309 0 0 0 0.000537309)
(0.00429897 0 0 0 0.000537371 0 0 0 0.000537371)
(0.00429946 0 0 0 0.000537432 0 0 0 0.000537432)
(0.00429993 0 0 0 0.000537492 0 0 0 0.000537492)
(0.0043004 0 0 0 0.00053755 0 0 0 0.00053755)
(0.00430086 0 0 0 0.000537607 0 0 0 0.000537607)
(0.0043013 0 0 0 0.000537663 0 0 0 0.000537663)
(0.00430174 0 0 0 0.000537717 0 0 0 0.000537717)
(0.00430217 0 0 0 0.000537771 0 0 0 0.000537771)
(0.00430259 0 0 0 0.000537823 0 0 0 0.000537823)
(0.004303 0 0 0 0.000537875 0 0 0 0.000537875)
(0.00430341 0 0 0 0.000537926 0 0 0 0.000537926)
(0.00430381 0 0 0 0.000537976 0 0 0 0.000537976)
(0.0043042 0 0 0 0.000538025 0 0 0 0.000538025)
(0.00430459 0 0 0 0.000538074 0 0 0 0.000538074)
(0.00430498 0 0 0 0.000538122 0 0 0 0.000538122)
(0.00430536 0 0 0 0.00053817 0 0 0 0.00053817)
(0.00430574 0 0 0 0.000538217 0 0 0 0.000538217)
(0.00430612 0 0 0 0.000538265 0 0 0 0.000538265)
(0.00430649 0 0 0 0.000538312 0 0 0 0.000538312)
(0.00430687 0 0 0 0.000538358 0 0 0 0.000538358)
(0.00430724 0 0 0 0.000538405 0 0 0 0.000538405)
(0.00430761 0 0 0 0.000538451 0 0 0 0.000538451)
(0.00430797 0 0 0 0.000538497 0 0 0 0.000538497)
(0.00430834 0 0 0 0.000538543 0 0 0 0.000538543)
(0.00430871 0 0 0 0.000538589 0 0 0 0.000538589)
(0.00430908 0 0 0 0.000538635 0 0 0 0.000538635)
(0.00430945 0 0 0 0.000538681 0 0 0 0.000538681)
(0.00430982 0 0 0 0.000538728 0 0 0 0.000538728)
(0.0043102 0 0 0 0.000538775 0 0 0 0.000538775)
(0.00431058 0 0 0 0.000538822 0 0 0 0.000538822)
(0.00431096 0 0 0 0.00053887 0 0 0 0.00053887)
(0.00431135 0 0 0 0.000538919 0 0 0 0.000538919)
(0.00431175 0 0 0 0.000538969 0 0 0 0.000538969)
(0.00431215 0 0 0 0.000539019 0 0 0 0.000539019)
(0.00431256 0 0 0 0.00053907 0 0 0 0.00053907)
(0.00431298 0 0 0 0.000539123 0 0 0 0.000539123)
(0.00431341 0 0 0 0.000539176 0 0 0 0.000539176)
(0.00431384 0 0 0 0.000539231 0 0 0 0.000539231)
(0.00431429 0 0 0 0.000539286 0 0 0 0.000539286)
(0.00431475 0 0 0 0.000539343 0 0 0 0.000539343)
(0.00431521 0 0 0 0.000539402 0 0 0 0.000539402)
(0.00431569 0 0 0 0.000539462 0 0 0 0.000539462)
(0.00431618 0 0 0 0.000539523 0 0 0 0.000539523)
(0.00431668 0 0 0 0.000539586 0 0 0 0.000539586)
(0.0043172 0 0 0 0.00053965 0 0 0 0.00053965)
(0.00431773 0 0 0 0.000539716 0 0 0 0.000539716)
(0.00431827 0 0 0 0.000539784 0 0 0 0.000539784)
(0.00431883 0 0 0 0.000539853 0 0 0 0.000539853)
(0.0043194 0 0 0 0.000539925 0 0 0 0.000539925)
(0.00431998 0 0 0 0.000539998 0 0 0 0.000539998)
(0.00432058 0 0 0 0.000540073 0 0 0 0.000540073)
(0.0043212 0 0 0 0.00054015 0 0 0 0.00054015)
(0.00432184 0 0 0 0.000540229 0 0 0 0.000540229)
(0.00432249 0 0 0 0.000540311 0 0 0 0.000540311)
(0.00432315 0 0 0 0.000540394 0 0 0 0.000540394)
(0.00432384 0 0 0 0.00054048 0 0 0 0.00054048)
(0.00432454 0 0 0 0.000540567 0 0 0 0.000540567)
(0.00432526 0 0 0 0.000540658 0 0 0 0.000540658)
(0.004326 0 0 0 0.00054075 0 0 0 0.00054075)
(0.00432676 0 0 0 0.000540845 0 0 0 0.000540845)
(0.00432753 0 0 0 0.000540942 0 0 0 0.000540942)
(0.00432833 0 0 0 0.000541041 0 0 0 0.000541041)
(0.00432915 0 0 0 0.000541143 0 0 0 0.000541143)
(0.00432998 0 0 0 0.000541248 0 0 0 0.000541248)
(0.00433084 0 0 0 0.000541355 0 0 0 0.000541355)
(0.00433171 0 0 0 0.000541464 0 0 0 0.000541464)
(0.00433261 0 0 0 0.000541576 0 0 0 0.000541576)
(0.00433353 0 0 0 0.000541691 0 0 0 0.000541691)
(0.00433447 0 0 0 0.000541809 0 0 0 0.000541809)
(0.00433543 0 0 0 0.000541929 0 0 0 0.000541929)
(0.00433641 0 0 0 0.000542052 0 0 0 0.000542052)
(0.00433742 0 0 0 0.000542177 0 0 0 0.000542177)
(0.00433844 0 0 0 0.000542305 0 0 0 0.000542305)
(0.00433949 0 0 0 0.000542436 0 0 0 0.000542436)
(0.00434056 0 0 0 0.00054257 0 0 0 0.00054257)
(0.00434165 0 0 0 0.000542707 0 0 0 0.000542707)
(0.00434277 0 0 0 0.000542846 0 0 0 0.000542846)
(0.00434391 0 0 0 0.000542989 0 0 0 0.000542989)
(0.00434507 0 0 0 0.000543134 0 0 0 0.000543134)
(0.00434625 0 0 0 0.000543282 0 0 0 0.000543282)
(0.00434746 0 0 0 0.000543433 0 0 0 0.000543433)
(0.00434869 0 0 0 0.000543587 0 0 0 0.000543587)
(0.00434995 0 0 0 0.000543743 0 0 0 0.000543743)
(0.00435122 0 0 0 0.000543903 0 0 0 0.000543903)
(0.00435252 0 0 0 0.000544066 0 0 0 0.000544066)
(0.00435385 0 0 0 0.000544231 0 0 0 0.000544231)
(0.0043552 0 0 0 0.0005444 0 0 0 0.0005444)
(0.00435657 0 0 0 0.000544571 0 0 0 0.000544571)
(0.00435796 0 0 0 0.000544745 0 0 0 0.000544745)
(0.00435938 0 0 0 0.000544923 0 0 0 0.000544923)
(0.00436082 0 0 0 0.000545103 0 0 0 0.000545103)
(0.00436229 0 0 0 0.000545286 0 0 0 0.000545286)
(0.00436378 0 0 0 0.000545472 0 0 0 0.000545472)
(0.00436529 0 0 0 0.000545661 0 0 0 0.000545661)
(0.00436683 0 0 0 0.000545853 0 0 0 0.000545853)
(0.00436838 0 0 0 0.000546048 0 0 0 0.000546048)
(0.00436997 0 0 0 0.000546246 0 0 0 0.000546246)
(0.00437157 0 0 0 0.000546447 0 0 0 0.000546447)
(0.0043732 0 0 0 0.00054665 0 0 0 0.00054665)
(0.00437486 0 0 0 0.000546857 0 0 0 0.000546857)
(0.00437653 0 0 0 0.000547067 0 0 0 0.000547067)
(0.00437823 0 0 0 0.000547279 0 0 0 0.000547279)
(0.00437995 0 0 0 0.000547494 0 0 0 0.000547494)
(0.0043817 0 0 0 0.000547712 0 0 0 0.000547712)
(0.00438347 0 0 0 0.000547933 0 0 0 0.000547933)
(0.00438526 0 0 0 0.000548157 0 0 0 0.000548157)
(0.00438707 0 0 0 0.000548384 0 0 0 0.000548384)
(0.00438891 0 0 0 0.000548613 0 0 0 0.000548613)
(0.00439076 0 0 0 0.000548845 0 0 0 0.000548845)
(0.00439264 0 0 0 0.00054908 0 0 0 0.00054908)
(0.00439454 0 0 0 0.000549318 0 0 0 0.000549318)
(0.00439647 0 0 0 0.000549559 0 0 0 0.000549559)
(0.00439841 0 0 0 0.000549802 0 0 0 0.000549802)
(0.00440038 0 0 0 0.000550048 0 0 0 0.000550048)
(0.00440237 0 0 0 0.000550296 0 0 0 0.000550296)
(0.00440438 0 0 0 0.000550547 0 0 0 0.000550547)
(0.00440641 0 0 0 0.000550801 0 0 0 0.000550801)
(0.00440846 0 0 0 0.000551057 0 0 0 0.000551057)
(0.00441053 0 0 0 0.000551316 0 0 0 0.000551316)
(0.00441262 0 0 0 0.000551578 0 0 0 0.000551578)
(0.00441474 0 0 0 0.000551842 0 0 0 0.000551842)
(0.00441687 0 0 0 0.000552108 0 0 0 0.000552108)
(0.00441902 0 0 0 0.000552378 0 0 0 0.000552378)
(0.00442119 0 0 0 0.000552649 0 0 0 0.000552649)
(0.00442338 0 0 0 0.000552923 0 0 0 0.000552923)
(0.0044256 0 0 0 0.000553199 0 0 0 0.000553199)
(0.00442783 0 0 0 0.000553478 0 0 0 0.000553478)
(0.00443007 0 0 0 0.000553759 0 0 0 0.000553759)
(0.00443234 0 0 0 0.000554043 0 0 0 0.000554043)
(0.00443463 0 0 0 0.000554329 0 0 0 0.000554329)
(0.00443694 0 0 0 0.000554617 0 0 0 0.000554617)
(0.00443926 0 0 0 0.000554908 0 0 0 0.000554908)
(0.0044416 0 0 0 0.0005552 0 0 0 0.0005552)
(0.00444396 0 0 0 0.000555496 0 0 0 0.000555496)
(0.00444634 0 0 0 0.000555793 0 0 0 0.000555793)
(0.00444874 0 0 0 0.000556093 0 0 0 0.000556093)
(0.00445116 0 0 0 0.000556395 0 0 0 0.000556395)
(0.00445359 0 0 0 0.000556699 0 0 0 0.000556699)
(0.00445604 0 0 0 0.000557005 0 0 0 0.000557005)
(0.00445851 0 0 0 0.000557314 0 0 0 0.000557314)
(0.004461 0 0 0 0.000557626 0 0 0 0.000557626)
(0.00446351 0 0 0 0.000557939 0 0 0 0.000557939)
(0.00446604 0 0 0 0.000558255 0 0 0 0.000558255)
(0.00446859 0 0 0 0.000558573 0 0 0 0.000558573)
(0.00447115 0 0 0 0.000558894 0 0 0 0.000558894)
(0.00447374 0 0 0 0.000559217 0 0 0 0.000559217)
(0.00447634 0 0 0 0.000559542 0 0 0 0.000559542)
(0.00447896 0 0 0 0.00055987 0 0 0 0.00055987)
(0.00448159 0 0 0 0.000560199 0 0 0 0.000560199)
(0.00448423 0 0 0 0.000560529 0 0 0 0.000560529)
(0.00448688 0 0 0 0.00056086 0 0 0 0.00056086)
(0.00448913 0 0 0 0.000561141 0 0 0 0.000561141)
(0.00449078 0 0 0 0.000561347 0 0 0 0.000561347)
(0.00412487 0 0 0 0.000515608 0 0 0 0.000515608)
(0.00412582 0 0 0 0.000515727 0 0 0 0.000515727)
(0.00412747 0 0 0 0.000515934 0 0 0 0.000515934)
(0.00412969 0 0 0 0.000516211 0 0 0 0.000516211)
(0.00413192 0 0 0 0.00051649 0 0 0 0.00051649)
(0.00413416 0 0 0 0.00051677 0 0 0 0.00051677)
(0.00413641 0 0 0 0.000517051 0 0 0 0.000517051)
(0.00413865 0 0 0 0.000517332 0 0 0 0.000517332)
(0.00414089 0 0 0 0.000517612 0 0 0 0.000517612)
(0.00414313 0 0 0 0.000517892 0 0 0 0.000517892)
(0.00414537 0 0 0 0.000518171 0 0 0 0.000518171)
(0.0041476 0 0 0 0.00051845 0 0 0 0.00051845)
(0.00414982 0 0 0 0.000518728 0 0 0 0.000518728)
(0.00415204 0 0 0 0.000519005 0 0 0 0.000519005)
(0.00415425 0 0 0 0.000519281 0 0 0 0.000519281)
(0.00415645 0 0 0 0.000519556 0 0 0 0.000519556)
(0.00415865 0 0 0 0.000519831 0 0 0 0.000519831)
(0.00416083 0 0 0 0.000520104 0 0 0 0.000520104)
(0.00416301 0 0 0 0.000520376 0 0 0 0.000520376)
(0.00416518 0 0 0 0.000520647 0 0 0 0.000520647)
(0.00416733 0 0 0 0.000520917 0 0 0 0.000520917)
(0.00416948 0 0 0 0.000521185 0 0 0 0.000521185)
(0.00417162 0 0 0 0.000521453 0 0 0 0.000521453)
(0.00417375 0 0 0 0.000521719 0 0 0 0.000521719)
(0.00417587 0 0 0 0.000521983 0 0 0 0.000521983)
(0.00417797 0 0 0 0.000522247 0 0 0 0.000522247)
(0.00418007 0 0 0 0.000522508 0 0 0 0.000522508)
(0.00418215 0 0 0 0.000522769 0 0 0 0.000522769)
(0.00418422 0 0 0 0.000523028 0 0 0 0.000523028)
(0.00418628 0 0 0 0.000523285 0 0 0 0.000523285)
(0.00418833 0 0 0 0.000523541 0 0 0 0.000523541)
(0.00419036 0 0 0 0.000523795 0 0 0 0.000523795)
(0.00419238 0 0 0 0.000524048 0 0 0 0.000524048)
(0.00419439 0 0 0 0.000524298 0 0 0 0.000524298)
(0.00419638 0 0 0 0.000524548 0 0 0 0.000524548)
(0.00419836 0 0 0 0.000524795 0 0 0 0.000524795)
(0.00420033 0 0 0 0.000525041 0 0 0 0.000525041)
(0.00420228 0 0 0 0.000525285 0 0 0 0.000525285)
(0.00420421 0 0 0 0.000525527 0 0 0 0.000525527)
(0.00420614 0 0 0 0.000525767 0 0 0 0.000525767)
(0.00420804 0 0 0 0.000526005 0 0 0 0.000526005)
(0.00420993 0 0 0 0.000526242 0 0 0 0.000526242)
(0.00421181 0 0 0 0.000526476 0 0 0 0.000526476)
(0.00421367 0 0 0 0.000526709 0 0 0 0.000526709)
(0.00421551 0 0 0 0.000526939 0 0 0 0.000526939)
(0.00421734 0 0 0 0.000527168 0 0 0 0.000527168)
(0.00421915 0 0 0 0.000527394 0 0 0 0.000527394)
(0.00422095 0 0 0 0.000527618 0 0 0 0.000527618)
(0.00422273 0 0 0 0.000527841 0 0 0 0.000527841)
(0.00422449 0 0 0 0.000528061 0 0 0 0.000528061)
(0.00422623 0 0 0 0.000528279 0 0 0 0.000528279)
(0.00422795 0 0 0 0.000528494 0 0 0 0.000528494)
(0.00422966 0 0 0 0.000528708 0 0 0 0.000528708)
(0.00423135 0 0 0 0.000528919 0 0 0 0.000528919)
(0.00423302 0 0 0 0.000529128 0 0 0 0.000529128)
(0.00423468 0 0 0 0.000529334 0 0 0 0.000529334)
(0.00423631 0 0 0 0.000529539 0 0 0 0.000529539)
(0.00423793 0 0 0 0.000529741 0 0 0 0.000529741)
(0.00423952 0 0 0 0.00052994 0 0 0 0.00052994)
(0.0042411 0 0 0 0.000530138 0 0 0 0.000530138)
(0.00424266 0 0 0 0.000530333 0 0 0 0.000530333)
(0.0042442 0 0 0 0.000530525 0 0 0 0.000530525)
(0.00424572 0 0 0 0.000530715 0 0 0 0.000530715)
(0.00424722 0 0 0 0.000530903 0 0 0 0.000530903)
(0.0042487 0 0 0 0.000531088 0 0 0 0.000531088)
(0.00425016 0 0 0 0.00053127 0 0 0 0.00053127)
(0.0042516 0 0 0 0.000531451 0 0 0 0.000531451)
(0.00425303 0 0 0 0.000531628 0 0 0 0.000531628)
(0.00425443 0 0 0 0.000531803 0 0 0 0.000531803)
(0.00425581 0 0 0 0.000531976 0 0 0 0.000531976)
(0.00425717 0 0 0 0.000532146 0 0 0 0.000532146)
(0.00425851 0 0 0 0.000532314 0 0 0 0.000532314)
(0.00425983 0 0 0 0.000532478 0 0 0 0.000532478)
(0.00426113 0 0 0 0.000532641 0 0 0 0.000532641)
(0.00426241 0 0 0 0.000532801 0 0 0 0.000532801)
(0.00426366 0 0 0 0.000532958 0 0 0 0.000532958)
(0.0042649 0 0 0 0.000533113 0 0 0 0.000533113)
(0.00426612 0 0 0 0.000533265 0 0 0 0.000533265)
(0.00426732 0 0 0 0.000533414 0 0 0 0.000533414)
(0.00426849 0 0 0 0.000533561 0 0 0 0.000533561)
(0.00426965 0 0 0 0.000533706 0 0 0 0.000533706)
(0.00427078 0 0 0 0.000533848 0 0 0 0.000533848)
(0.00427189 0 0 0 0.000533987 0 0 0 0.000533987)
(0.00427299 0 0 0 0.000534124 0 0 0 0.000534124)
(0.00427406 0 0 0 0.000534258 0 0 0 0.000534258)
(0.00427511 0 0 0 0.000534389 0 0 0 0.000534389)
(0.00427615 0 0 0 0.000534518 0 0 0 0.000534518)
(0.00427716 0 0 0 0.000534645 0 0 0 0.000534645)
(0.00427815 0 0 0 0.000534769 0 0 0 0.000534769)
(0.00427912 0 0 0 0.00053489 0 0 0 0.00053489)
(0.00428007 0 0 0 0.000535009 0 0 0 0.000535009)
(0.00428101 0 0 0 0.000535126 0 0 0 0.000535126)
(0.00428192 0 0 0 0.00053524 0 0 0 0.00053524)
(0.00428281 0 0 0 0.000535351 0 0 0 0.000535351)
(0.00428368 0 0 0 0.00053546 0 0 0 0.00053546)
(0.00428454 0 0 0 0.000535567 0 0 0 0.000535567)
(0.00428537 0 0 0 0.000535672 0 0 0 0.000535672)
(0.00428619 0 0 0 0.000535774 0 0 0 0.000535774)
(0.00428699 0 0 0 0.000535873 0 0 0 0.000535873)
(0.00428777 0 0 0 0.000535971 0 0 0 0.000535971)
(0.00428853 0 0 0 0.000536066 0 0 0 0.000536066)
(0.00428927 0 0 0 0.000536159 0 0 0 0.000536159)
(0.00428999 0 0 0 0.000536249 0 0 0 0.000536249)
(0.0042907 0 0 0 0.000536338 0 0 0 0.000536338)
(0.00429139 0 0 0 0.000536424 0 0 0 0.000536424)
(0.00429207 0 0 0 0.000536508 0 0 0 0.000536508)
(0.00429272 0 0 0 0.000536591 0 0 0 0.000536591)
(0.00429337 0 0 0 0.000536671 0 0 0 0.000536671)
(0.00429399 0 0 0 0.000536749 0 0 0 0.000536749)
(0.0042946 0 0 0 0.000536825 0 0 0 0.000536825)
(0.0042952 0 0 0 0.0005369 0 0 0 0.0005369)
(0.00429578 0 0 0 0.000536972 0 0 0 0.000536972)
(0.00429634 0 0 0 0.000537043 0 0 0 0.000537043)
(0.00429689 0 0 0 0.000537112 0 0 0 0.000537112)
(0.00429743 0 0 0 0.000537179 0 0 0 0.000537179)
(0.00429796 0 0 0 0.000537244 0 0 0 0.000537244)
(0.00429847 0 0 0 0.000537308 0 0 0 0.000537308)
(0.00429897 0 0 0 0.000537371 0 0 0 0.000537371)
(0.00429945 0 0 0 0.000537432 0 0 0 0.000537432)
(0.00429993 0 0 0 0.000537491 0 0 0 0.000537491)
(0.0043004 0 0 0 0.00053755 0 0 0 0.00053755)
(0.00430085 0 0 0 0.000537607 0 0 0 0.000537607)
(0.0043013 0 0 0 0.000537662 0 0 0 0.000537662)
(0.00430174 0 0 0 0.000537717 0 0 0 0.000537717)
(0.00430216 0 0 0 0.00053777 0 0 0 0.00053777)
(0.00430258 0 0 0 0.000537823 0 0 0 0.000537823)
(0.004303 0 0 0 0.000537875 0 0 0 0.000537875)
(0.0043034 0 0 0 0.000537925 0 0 0 0.000537925)
(0.0043038 0 0 0 0.000537975 0 0 0 0.000537975)
(0.0043042 0 0 0 0.000538025 0 0 0 0.000538025)
(0.00430459 0 0 0 0.000538073 0 0 0 0.000538073)
(0.00430497 0 0 0 0.000538122 0 0 0 0.000538122)
(0.00430536 0 0 0 0.00053817 0 0 0 0.00053817)
(0.00430574 0 0 0 0.000538217 0 0 0 0.000538217)
(0.00430611 0 0 0 0.000538264 0 0 0 0.000538264)
(0.00430649 0 0 0 0.000538311 0 0 0 0.000538311)
(0.00430687 0 0 0 0.000538358 0 0 0 0.000538358)
(0.00430724 0 0 0 0.000538405 0 0 0 0.000538405)
(0.0043076 0 0 0 0.000538451 0 0 0 0.000538451)
(0.00430797 0 0 0 0.000538497 0 0 0 0.000538497)
(0.00430834 0 0 0 0.000538542 0 0 0 0.000538542)
(0.00430871 0 0 0 0.000538588 0 0 0 0.000538588)
(0.00430907 0 0 0 0.000538634 0 0 0 0.000538634)
(0.00430945 0 0 0 0.000538681 0 0 0 0.000538681)
(0.00430982 0 0 0 0.000538727 0 0 0 0.000538727)
(0.00431019 0 0 0 0.000538774 0 0 0 0.000538774)
(0.00431057 0 0 0 0.000538822 0 0 0 0.000538822)
(0.00431096 0 0 0 0.00053887 0 0 0 0.00053887)
(0.00431135 0 0 0 0.000538919 0 0 0 0.000538919)
(0.00431175 0 0 0 0.000538968 0 0 0 0.000538968)
(0.00431215 0 0 0 0.000539019 0 0 0 0.000539019)
(0.00431256 0 0 0 0.00053907 0 0 0 0.00053907)
(0.00431298 0 0 0 0.000539122 0 0 0 0.000539122)
(0.00431341 0 0 0 0.000539176 0 0 0 0.000539176)
(0.00431384 0 0 0 0.00053923 0 0 0 0.00053923)
(0.00431429 0 0 0 0.000539286 0 0 0 0.000539286)
(0.00431474 0 0 0 0.000539343 0 0 0 0.000539343)
(0.00431521 0 0 0 0.000539401 0 0 0 0.000539401)
(0.00431569 0 0 0 0.000539461 0 0 0 0.000539461)
(0.00431618 0 0 0 0.000539522 0 0 0 0.000539522)
(0.00431668 0 0 0 0.000539585 0 0 0 0.000539585)
(0.0043172 0 0 0 0.000539649 0 0 0 0.000539649)
(0.00431772 0 0 0 0.000539716 0 0 0 0.000539716)
(0.00431827 0 0 0 0.000539783 0 0 0 0.000539783)
(0.00431882 0 0 0 0.000539853 0 0 0 0.000539853)
(0.00431939 0 0 0 0.000539924 0 0 0 0.000539924)
(0.00431998 0 0 0 0.000539997 0 0 0 0.000539997)
(0.00432058 0 0 0 0.000540072 0 0 0 0.000540072)
(0.0043212 0 0 0 0.00054015 0 0 0 0.00054015)
(0.00432183 0 0 0 0.000540229 0 0 0 0.000540229)
(0.00432248 0 0 0 0.00054031 0 0 0 0.00054031)
(0.00432315 0 0 0 0.000540393 0 0 0 0.000540393)
(0.00432383 0 0 0 0.000540479 0 0 0 0.000540479)
(0.00432453 0 0 0 0.000540567 0 0 0 0.000540567)
(0.00432526 0 0 0 0.000540657 0 0 0 0.000540657)
(0.00432599 0 0 0 0.000540749 0 0 0 0.000540749)
(0.00432675 0 0 0 0.000540844 0 0 0 0.000540844)
(0.00432753 0 0 0 0.000540941 0 0 0 0.000540941)
(0.00432832 0 0 0 0.000541041 0 0 0 0.000541041)
(0.00432914 0 0 0 0.000541142 0 0 0 0.000541142)
(0.00432998 0 0 0 0.000541247 0 0 0 0.000541247)
(0.00433083 0 0 0 0.000541354 0 0 0 0.000541354)
(0.00433171 0 0 0 0.000541463 0 0 0 0.000541463)
(0.0043326 0 0 0 0.000541576 0 0 0 0.000541576)
(0.00433352 0 0 0 0.00054169 0 0 0 0.00054169)
(0.00433446 0 0 0 0.000541808 0 0 0 0.000541808)
(0.00433542 0 0 0 0.000541928 0 0 0 0.000541928)
(0.0043364 0 0 0 0.000542051 0 0 0 0.000542051)
(0.00433741 0 0 0 0.000542176 0 0 0 0.000542176)
(0.00433843 0 0 0 0.000542304 0 0 0 0.000542304)
(0.00433948 0 0 0 0.000542435 0 0 0 0.000542435)
(0.00434055 0 0 0 0.000542569 0 0 0 0.000542569)
(0.00434165 0 0 0 0.000542706 0 0 0 0.000542706)
(0.00434276 0 0 0 0.000542845 0 0 0 0.000542845)
(0.0043439 0 0 0 0.000542987 0 0 0 0.000542987)
(0.00434506 0 0 0 0.000543133 0 0 0 0.000543133)
(0.00434625 0 0 0 0.000543281 0 0 0 0.000543281)
(0.00434745 0 0 0 0.000543432 0 0 0 0.000543432)
(0.00434868 0 0 0 0.000543585 0 0 0 0.000543585)
(0.00434994 0 0 0 0.000543742 0 0 0 0.000543742)
(0.00435121 0 0 0 0.000543902 0 0 0 0.000543902)
(0.00435251 0 0 0 0.000544064 0 0 0 0.000544064)
(0.00435384 0 0 0 0.00054423 0 0 0 0.00054423)
(0.00435519 0 0 0 0.000544398 0 0 0 0.000544398)
(0.00435656 0 0 0 0.00054457 0 0 0 0.00054457)
(0.00435795 0 0 0 0.000544744 0 0 0 0.000544744)
(0.00435937 0 0 0 0.000544921 0 0 0 0.000544921)
(0.00436081 0 0 0 0.000545101 0 0 0 0.000545101)
(0.00436228 0 0 0 0.000545284 0 0 0 0.000545284)
(0.00436376 0 0 0 0.000545471 0 0 0 0.000545471)
(0.00436528 0 0 0 0.00054566 0 0 0 0.00054566)
(0.00436681 0 0 0 0.000545852 0 0 0 0.000545852)
(0.00436837 0 0 0 0.000546046 0 0 0 0.000546046)
(0.00436995 0 0 0 0.000546244 0 0 0 0.000546244)
(0.00437156 0 0 0 0.000546445 0 0 0 0.000546445)
(0.00437319 0 0 0 0.000546649 0 0 0 0.000546649)
(0.00437484 0 0 0 0.000546855 0 0 0 0.000546855)
(0.00437652 0 0 0 0.000547065 0 0 0 0.000547065)
(0.00437822 0 0 0 0.000547277 0 0 0 0.000547277)
(0.00437994 0 0 0 0.000547492 0 0 0 0.000547492)
(0.00438168 0 0 0 0.00054771 0 0 0 0.00054771)
(0.00438345 0 0 0 0.000547931 0 0 0 0.000547931)
(0.00438524 0 0 0 0.000548155 0 0 0 0.000548155)
(0.00438705 0 0 0 0.000548382 0 0 0 0.000548382)
(0.00438889 0 0 0 0.000548611 0 0 0 0.000548611)
(0.00439075 0 0 0 0.000548843 0 0 0 0.000548843)
(0.00439263 0 0 0 0.000549078 0 0 0 0.000549078)
(0.00439453 0 0 0 0.000549316 0 0 0 0.000549316)
(0.00439645 0 0 0 0.000549556 0 0 0 0.000549556)
(0.0043984 0 0 0 0.000549799 0 0 0 0.000549799)
(0.00440036 0 0 0 0.000550045 0 0 0 0.000550045)
(0.00440235 0 0 0 0.000550294 0 0 0 0.000550294)
(0.00440436 0 0 0 0.000550545 0 0 0 0.000550545)
(0.00440639 0 0 0 0.000550799 0 0 0 0.000550799)
(0.00440844 0 0 0 0.000551055 0 0 0 0.000551055)
(0.00441051 0 0 0 0.000551314 0 0 0 0.000551314)
(0.0044126 0 0 0 0.000551575 0 0 0 0.000551575)
(0.00441471 0 0 0 0.000551839 0 0 0 0.000551839)
(0.00441685 0 0 0 0.000552106 0 0 0 0.000552106)
(0.004419 0 0 0 0.000552375 0 0 0 0.000552375)
(0.00442117 0 0 0 0.000552646 0 0 0 0.000552646)
(0.00442336 0 0 0 0.00055292 0 0 0 0.00055292)
(0.00442557 0 0 0 0.000553196 0 0 0 0.000553196)
(0.0044278 0 0 0 0.000553475 0 0 0 0.000553475)
(0.00443005 0 0 0 0.000553756 0 0 0 0.000553756)
(0.00443231 0 0 0 0.000554039 0 0 0 0.000554039)
(0.0044346 0 0 0 0.000554325 0 0 0 0.000554325)
(0.0044369 0 0 0 0.000554613 0 0 0 0.000554613)
(0.00443923 0 0 0 0.000554903 0 0 0 0.000554903)
(0.00444157 0 0 0 0.000555196 0 0 0 0.000555196)
(0.00444393 0 0 0 0.000555491 0 0 0 0.000555491)
(0.0044463 0 0 0 0.000555788 0 0 0 0.000555788)
(0.0044487 0 0 0 0.000556087 0 0 0 0.000556087)
(0.00445111 0 0 0 0.000556389 0 0 0 0.000556389)
(0.00445354 0 0 0 0.000556693 0 0 0 0.000556693)
(0.00445599 0 0 0 0.000556999 0 0 0 0.000556999)
(0.00445846 0 0 0 0.000557307 0 0 0 0.000557307)
(0.00446094 0 0 0 0.000557618 0 0 0 0.000557618)
(0.00446345 0 0 0 0.000557931 0 0 0 0.000557931)
(0.00446597 0 0 0 0.000558246 0 0 0 0.000558246)
(0.00446851 0 0 0 0.000558564 0 0 0 0.000558564)
(0.00447107 0 0 0 0.000558884 0 0 0 0.000558884)
(0.00447365 0 0 0 0.000559206 0 0 0 0.000559206)
(0.00447625 0 0 0 0.000559531 0 0 0 0.000559531)
(0.00447886 0 0 0 0.000559858 0 0 0 0.000559858)
(0.00448149 0 0 0 0.000560186 0 0 0 0.000560186)
(0.00448413 0 0 0 0.000560516 0 0 0 0.000560516)
(0.00448678 0 0 0 0.000560847 0 0 0 0.000560847)
(0.00448904 0 0 0 0.00056113 0 0 0 0.00056113)
(0.00449069 0 0 0 0.000561336 0 0 0 0.000561336)
(0.004125 0 0 0 0.000515626 0 0 0 0.000515626)
(0.00412595 0 0 0 0.000515744 0 0 0 0.000515744)
(0.00412759 0 0 0 0.000515949 0 0 0 0.000515949)
(0.00412977 0 0 0 0.000516222 0 0 0 0.000516222)
(0.00413198 0 0 0 0.000516498 0 0 0 0.000516498)
(0.0041342 0 0 0 0.000516775 0 0 0 0.000516775)
(0.00413643 0 0 0 0.000517054 0 0 0 0.000517054)
(0.00413867 0 0 0 0.000517333 0 0 0 0.000517333)
(0.0041409 0 0 0 0.000517612 0 0 0 0.000517612)
(0.00414313 0 0 0 0.000517891 0 0 0 0.000517891)
(0.00414536 0 0 0 0.00051817 0 0 0 0.00051817)
(0.00414759 0 0 0 0.000518448 0 0 0 0.000518448)
(0.00414981 0 0 0 0.000518726 0 0 0 0.000518726)
(0.00415202 0 0 0 0.000519003 0 0 0 0.000519003)
(0.00415423 0 0 0 0.000519279 0 0 0 0.000519279)
(0.00415643 0 0 0 0.000519554 0 0 0 0.000519554)
(0.00415863 0 0 0 0.000519828 0 0 0 0.000519828)
(0.00416081 0 0 0 0.000520101 0 0 0 0.000520101)
(0.00416299 0 0 0 0.000520373 0 0 0 0.000520373)
(0.00416516 0 0 0 0.000520644 0 0 0 0.000520644)
(0.00416731 0 0 0 0.000520914 0 0 0 0.000520914)
(0.00416946 0 0 0 0.000521183 0 0 0 0.000521183)
(0.0041716 0 0 0 0.00052145 0 0 0 0.00052145)
(0.00417373 0 0 0 0.000521716 0 0 0 0.000521716)
(0.00417584 0 0 0 0.000521981 0 0 0 0.000521981)
(0.00417795 0 0 0 0.000522244 0 0 0 0.000522244)
(0.00418005 0 0 0 0.000522506 0 0 0 0.000522506)
(0.00418213 0 0 0 0.000522766 0 0 0 0.000522766)
(0.0041842 0 0 0 0.000523025 0 0 0 0.000523025)
(0.00418626 0 0 0 0.000523282 0 0 0 0.000523282)
(0.00418831 0 0 0 0.000523538 0 0 0 0.000523538)
(0.00419034 0 0 0 0.000523792 0 0 0 0.000523792)
(0.00419236 0 0 0 0.000524045 0 0 0 0.000524045)
(0.00419437 0 0 0 0.000524296 0 0 0 0.000524296)
(0.00419636 0 0 0 0.000524545 0 0 0 0.000524545)
(0.00419834 0 0 0 0.000524793 0 0 0 0.000524793)
(0.00420031 0 0 0 0.000525038 0 0 0 0.000525038)
(0.00420226 0 0 0 0.000525282 0 0 0 0.000525282)
(0.0042042 0 0 0 0.000525525 0 0 0 0.000525525)
(0.00420612 0 0 0 0.000525765 0 0 0 0.000525765)
(0.00420803 0 0 0 0.000526003 0 0 0 0.000526003)
(0.00420992 0 0 0 0.00052624 0 0 0 0.00052624)
(0.00421179 0 0 0 0.000526474 0 0 0 0.000526474)
(0.00421365 0 0 0 0.000526707 0 0 0 0.000526707)
(0.0042155 0 0 0 0.000526937 0 0 0 0.000526937)
(0.00421733 0 0 0 0.000527166 0 0 0 0.000527166)
(0.00421914 0 0 0 0.000527392 0 0 0 0.000527392)
(0.00422093 0 0 0 0.000527616 0 0 0 0.000527616)
(0.00422271 0 0 0 0.000527839 0 0 0 0.000527839)
(0.00422447 0 0 0 0.000528059 0 0 0 0.000528059)
(0.00422621 0 0 0 0.000528277 0 0 0 0.000528277)
(0.00422794 0 0 0 0.000528492 0 0 0 0.000528492)
(0.00422965 0 0 0 0.000528706 0 0 0 0.000528706)
(0.00423134 0 0 0 0.000528917 0 0 0 0.000528917)
(0.00423301 0 0 0 0.000529126 0 0 0 0.000529126)
(0.00423466 0 0 0 0.000529333 0 0 0 0.000529333)
(0.0042363 0 0 0 0.000529537 0 0 0 0.000529537)
(0.00423791 0 0 0 0.000529739 0 0 0 0.000529739)
(0.00423951 0 0 0 0.000529939 0 0 0 0.000529939)
(0.00424109 0 0 0 0.000530136 0 0 0 0.000530136)
(0.00424265 0 0 0 0.000530331 0 0 0 0.000530331)
(0.00424419 0 0 0 0.000530523 0 0 0 0.000530523)
(0.00424571 0 0 0 0.000530713 0 0 0 0.000530713)
(0.00424721 0 0 0 0.000530901 0 0 0 0.000530901)
(0.00424869 0 0 0 0.000531086 0 0 0 0.000531086)
(0.00425015 0 0 0 0.000531269 0 0 0 0.000531269)
(0.00425159 0 0 0 0.000531449 0 0 0 0.000531449)
(0.00425301 0 0 0 0.000531627 0 0 0 0.000531627)
(0.00425442 0 0 0 0.000531802 0 0 0 0.000531802)
(0.0042558 0 0 0 0.000531975 0 0 0 0.000531975)
(0.00425716 0 0 0 0.000532145 0 0 0 0.000532145)
(0.0042585 0 0 0 0.000532312 0 0 0 0.000532312)
(0.00425982 0 0 0 0.000532477 0 0 0 0.000532477)
(0.00426112 0 0 0 0.00053264 0 0 0 0.00053264)
(0.0042624 0 0 0 0.0005328 0 0 0 0.0005328)
(0.00426365 0 0 0 0.000532957 0 0 0 0.000532957)
(0.00426489 0 0 0 0.000533112 0 0 0 0.000533112)
(0.00426611 0 0 0 0.000533264 0 0 0 0.000533264)
(0.00426731 0 0 0 0.000533413 0 0 0 0.000533413)
(0.00426848 0 0 0 0.00053356 0 0 0 0.00053356)
(0.00426964 0 0 0 0.000533705 0 0 0 0.000533705)
(0.00427077 0 0 0 0.000533847 0 0 0 0.000533847)
(0.00427189 0 0 0 0.000533986 0 0 0 0.000533986)
(0.00427298 0 0 0 0.000534123 0 0 0 0.000534123)
(0.00427405 0 0 0 0.000534257 0 0 0 0.000534257)
(0.00427511 0 0 0 0.000534388 0 0 0 0.000534388)
(0.00427614 0 0 0 0.000534517 0 0 0 0.000534517)
(0.00427715 0 0 0 0.000534644 0 0 0 0.000534644)
(0.00427814 0 0 0 0.000534768 0 0 0 0.000534768)
(0.00427911 0 0 0 0.000534889 0 0 0 0.000534889)
(0.00428007 0 0 0 0.000535008 0 0 0 0.000535008)
(0.004281 0 0 0 0.000535125 0 0 0 0.000535125)
(0.00428191 0 0 0 0.000535239 0 0 0 0.000535239)
(0.0042828 0 0 0 0.00053535 0 0 0 0.00053535)
(0.00428368 0 0 0 0.00053546 0 0 0 0.00053546)
(0.00428453 0 0 0 0.000535566 0 0 0 0.000535566)
(0.00428537 0 0 0 0.000535671 0 0 0 0.000535671)
(0.00428618 0 0 0 0.000535773 0 0 0 0.000535773)
(0.00428698 0 0 0 0.000535873 0 0 0 0.000535873)
(0.00428776 0 0 0 0.00053597 0 0 0 0.00053597)
(0.00428852 0 0 0 0.000536065 0 0 0 0.000536065)
(0.00428926 0 0 0 0.000536158 0 0 0 0.000536158)
(0.00428999 0 0 0 0.000536249 0 0 0 0.000536249)
(0.0042907 0 0 0 0.000536337 0 0 0 0.000536337)
(0.00429139 0 0 0 0.000536424 0 0 0 0.000536424)
(0.00429206 0 0 0 0.000536508 0 0 0 0.000536508)
(0.00429272 0 0 0 0.00053659 0 0 0 0.00053659)
(0.00429336 0 0 0 0.00053667 0 0 0 0.00053667)
(0.00429399 0 0 0 0.000536748 0 0 0 0.000536748)
(0.0042946 0 0 0 0.000536825 0 0 0 0.000536825)
(0.00429519 0 0 0 0.000536899 0 0 0 0.000536899)
(0.00429577 0 0 0 0.000536972 0 0 0 0.000536972)
(0.00429634 0 0 0 0.000537042 0 0 0 0.000537042)
(0.00429689 0 0 0 0.000537111 0 0 0 0.000537111)
(0.00429743 0 0 0 0.000537178 0 0 0 0.000537178)
(0.00429795 0 0 0 0.000537244 0 0 0 0.000537244)
(0.00429846 0 0 0 0.000537308 0 0 0 0.000537308)
(0.00429896 0 0 0 0.000537371 0 0 0 0.000537371)
(0.00429945 0 0 0 0.000537432 0 0 0 0.000537432)
(0.00429993 0 0 0 0.000537491 0 0 0 0.000537491)
(0.00430039 0 0 0 0.000537549 0 0 0 0.000537549)
(0.00430085 0 0 0 0.000537606 0 0 0 0.000537606)
(0.0043013 0 0 0 0.000537662 0 0 0 0.000537662)
(0.00430173 0 0 0 0.000537717 0 0 0 0.000537717)
(0.00430216 0 0 0 0.00053777 0 0 0 0.00053777)
(0.00430258 0 0 0 0.000537823 0 0 0 0.000537823)
(0.00430299 0 0 0 0.000537874 0 0 0 0.000537874)
(0.0043034 0 0 0 0.000537925 0 0 0 0.000537925)
(0.0043038 0 0 0 0.000537975 0 0 0 0.000537975)
(0.0043042 0 0 0 0.000538024 0 0 0 0.000538024)
(0.00430459 0 0 0 0.000538073 0 0 0 0.000538073)
(0.00430497 0 0 0 0.000538121 0 0 0 0.000538121)
(0.00430535 0 0 0 0.000538169 0 0 0 0.000538169)
(0.00430573 0 0 0 0.000538217 0 0 0 0.000538217)
(0.00430611 0 0 0 0.000538264 0 0 0 0.000538264)
(0.00430649 0 0 0 0.000538311 0 0 0 0.000538311)
(0.00430686 0 0 0 0.000538358 0 0 0 0.000538358)
(0.00430723 0 0 0 0.000538404 0 0 0 0.000538404)
(0.0043076 0 0 0 0.00053845 0 0 0 0.00053845)
(0.00430797 0 0 0 0.000538496 0 0 0 0.000538496)
(0.00430834 0 0 0 0.000538542 0 0 0 0.000538542)
(0.0043087 0 0 0 0.000538588 0 0 0 0.000538588)
(0.00430907 0 0 0 0.000538634 0 0 0 0.000538634)
(0.00430944 0 0 0 0.00053868 0 0 0 0.00053868)
(0.00430982 0 0 0 0.000538727 0 0 0 0.000538727)
(0.00431019 0 0 0 0.000538774 0 0 0 0.000538774)
(0.00431057 0 0 0 0.000538821 0 0 0 0.000538821)
(0.00431096 0 0 0 0.00053887 0 0 0 0.00053887)
(0.00431135 0 0 0 0.000538918 0 0 0 0.000538918)
(0.00431174 0 0 0 0.000538968 0 0 0 0.000538968)
(0.00431215 0 0 0 0.000539018 0 0 0 0.000539018)
(0.00431256 0 0 0 0.00053907 0 0 0 0.00053907)
(0.00431298 0 0 0 0.000539122 0 0 0 0.000539122)
(0.0043134 0 0 0 0.000539175 0 0 0 0.000539175)
(0.00431384 0 0 0 0.00053923 0 0 0 0.00053923)
(0.00431428 0 0 0 0.000539286 0 0 0 0.000539286)
(0.00431474 0 0 0 0.000539343 0 0 0 0.000539343)
(0.00431521 0 0 0 0.000539401 0 0 0 0.000539401)
(0.00431569 0 0 0 0.000539461 0 0 0 0.000539461)
(0.00431617 0 0 0 0.000539522 0 0 0 0.000539522)
(0.00431668 0 0 0 0.000539585 0 0 0 0.000539585)
(0.00431719 0 0 0 0.000539649 0 0 0 0.000539649)
(0.00431772 0 0 0 0.000539715 0 0 0 0.000539715)
(0.00431826 0 0 0 0.000539783 0 0 0 0.000539783)
(0.00431882 0 0 0 0.000539852 0 0 0 0.000539852)
(0.00431939 0 0 0 0.000539924 0 0 0 0.000539924)
(0.00431997 0 0 0 0.000539997 0 0 0 0.000539997)
(0.00432058 0 0 0 0.000540072 0 0 0 0.000540072)
(0.00432119 0 0 0 0.000540149 0 0 0 0.000540149)
(0.00432183 0 0 0 0.000540228 0 0 0 0.000540228)
(0.00432248 0 0 0 0.000540309 0 0 0 0.000540309)
(0.00432314 0 0 0 0.000540393 0 0 0 0.000540393)
(0.00432383 0 0 0 0.000540478 0 0 0 0.000540478)
(0.00432453 0 0 0 0.000540566 0 0 0 0.000540566)
(0.00432525 0 0 0 0.000540656 0 0 0 0.000540656)
(0.00432599 0 0 0 0.000540748 0 0 0 0.000540748)
(0.00432675 0 0 0 0.000540843 0 0 0 0.000540843)
(0.00432752 0 0 0 0.00054094 0 0 0 0.00054094)
(0.00432832 0 0 0 0.00054104 0 0 0 0.00054104)
(0.00432913 0 0 0 0.000541142 0 0 0 0.000541142)
(0.00432997 0 0 0 0.000541246 0 0 0 0.000541246)
(0.00433082 0 0 0 0.000541353 0 0 0 0.000541353)
(0.0043317 0 0 0 0.000541463 0 0 0 0.000541463)
(0.0043326 0 0 0 0.000541575 0 0 0 0.000541575)
(0.00433351 0 0 0 0.000541689 0 0 0 0.000541689)
(0.00433445 0 0 0 0.000541807 0 0 0 0.000541807)
(0.00433541 0 0 0 0.000541927 0 0 0 0.000541927)
(0.0043364 0 0 0 0.000542049 0 0 0 0.000542049)
(0.0043374 0 0 0 0.000542175 0 0 0 0.000542175)
(0.00433843 0 0 0 0.000542303 0 0 0 0.000542303)
(0.00433947 0 0 0 0.000542434 0 0 0 0.000542434)
(0.00434054 0 0 0 0.000542568 0 0 0 0.000542568)
(0.00434164 0 0 0 0.000542704 0 0 0 0.000542704)
(0.00434275 0 0 0 0.000542844 0 0 0 0.000542844)
(0.00434389 0 0 0 0.000542986 0 0 0 0.000542986)
(0.00434505 0 0 0 0.000543131 0 0 0 0.000543131)
(0.00434623 0 0 0 0.000543279 0 0 0 0.000543279)
(0.00434744 0 0 0 0.00054343 0 0 0 0.00054343)
(0.00434867 0 0 0 0.000543584 0 0 0 0.000543584)
(0.00434992 0 0 0 0.000543741 0 0 0 0.000543741)
(0.0043512 0 0 0 0.0005439 0 0 0 0.0005439)
(0.0043525 0 0 0 0.000544063 0 0 0 0.000544063)
(0.00435382 0 0 0 0.000544228 0 0 0 0.000544228)
(0.00435517 0 0 0 0.000544397 0 0 0 0.000544397)
(0.00435654 0 0 0 0.000544568 0 0 0 0.000544568)
(0.00435794 0 0 0 0.000544742 0 0 0 0.000544742)
(0.00435935 0 0 0 0.000544919 0 0 0 0.000544919)
(0.0043608 0 0 0 0.000545099 0 0 0 0.000545099)
(0.00436226 0 0 0 0.000545283 0 0 0 0.000545283)
(0.00436375 0 0 0 0.000545469 0 0 0 0.000545469)
(0.00436526 0 0 0 0.000545658 0 0 0 0.000545658)
(0.0043668 0 0 0 0.00054585 0 0 0 0.00054585)
(0.00436836 0 0 0 0.000546044 0 0 0 0.000546044)
(0.00436994 0 0 0 0.000546242 0 0 0 0.000546242)
(0.00437154 0 0 0 0.000546443 0 0 0 0.000546443)
(0.00437317 0 0 0 0.000546647 0 0 0 0.000546647)
(0.00437483 0 0 0 0.000546853 0 0 0 0.000546853)
(0.0043765 0 0 0 0.000547063 0 0 0 0.000547063)
(0.0043782 0 0 0 0.000547275 0 0 0 0.000547275)
(0.00437992 0 0 0 0.00054749 0 0 0 0.00054749)
(0.00438167 0 0 0 0.000547708 0 0 0 0.000547708)
(0.00438343 0 0 0 0.000547929 0 0 0 0.000547929)
(0.00438522 0 0 0 0.000548153 0 0 0 0.000548153)
(0.00438703 0 0 0 0.000548379 0 0 0 0.000548379)
(0.00438887 0 0 0 0.000548609 0 0 0 0.000548609)
(0.00439073 0 0 0 0.000548841 0 0 0 0.000548841)
(0.00439261 0 0 0 0.000549076 0 0 0 0.000549076)
(0.00439451 0 0 0 0.000549313 0 0 0 0.000549313)
(0.00439643 0 0 0 0.000549554 0 0 0 0.000549554)
(0.00439837 0 0 0 0.000549797 0 0 0 0.000549797)
(0.00440034 0 0 0 0.000550042 0 0 0 0.000550042)
(0.00440233 0 0 0 0.000550291 0 0 0 0.000550291)
(0.00440434 0 0 0 0.000550542 0 0 0 0.000550542)
(0.00440636 0 0 0 0.000550796 0 0 0 0.000550796)
(0.00440841 0 0 0 0.000551052 0 0 0 0.000551052)
(0.00441049 0 0 0 0.000551311 0 0 0 0.000551311)
(0.00441258 0 0 0 0.000551572 0 0 0 0.000551572)
(0.00441469 0 0 0 0.000551836 0 0 0 0.000551836)
(0.00441682 0 0 0 0.000552102 0 0 0 0.000552102)
(0.00441897 0 0 0 0.000552371 0 0 0 0.000552371)
(0.00442114 0 0 0 0.000552643 0 0 0 0.000552643)
(0.00442333 0 0 0 0.000552916 0 0 0 0.000552916)
(0.00442554 0 0 0 0.000553192 0 0 0 0.000553192)
(0.00442777 0 0 0 0.000553471 0 0 0 0.000553471)
(0.00443001 0 0 0 0.000553752 0 0 0 0.000553752)
(0.00443228 0 0 0 0.000554035 0 0 0 0.000554035)
(0.00443456 0 0 0 0.00055432 0 0 0 0.00055432)
(0.00443687 0 0 0 0.000554608 0 0 0 0.000554608)
(0.00443919 0 0 0 0.000554898 0 0 0 0.000554898)
(0.00444152 0 0 0 0.00055519 0 0 0 0.00055519)
(0.00444388 0 0 0 0.000555485 0 0 0 0.000555485)
(0.00444625 0 0 0 0.000555782 0 0 0 0.000555782)
(0.00444864 0 0 0 0.00055608 0 0 0 0.00055608)
(0.00445105 0 0 0 0.000556381 0 0 0 0.000556381)
(0.00445348 0 0 0 0.000556685 0 0 0 0.000556685)
(0.00445592 0 0 0 0.00055699 0 0 0 0.00055699)
(0.00445838 0 0 0 0.000557298 0 0 0 0.000557298)
(0.00446086 0 0 0 0.000557608 0 0 0 0.000557608)
(0.00446336 0 0 0 0.00055792 0 0 0 0.00055792)
(0.00446587 0 0 0 0.000558234 0 0 0 0.000558234)
(0.00446841 0 0 0 0.000558551 0 0 0 0.000558551)
(0.00447096 0 0 0 0.00055887 0 0 0 0.00055887)
(0.00447353 0 0 0 0.000559191 0 0 0 0.000559191)
(0.00447612 0 0 0 0.000559515 0 0 0 0.000559515)
(0.00447872 0 0 0 0.00055984 0 0 0 0.00055984)
(0.00448134 0 0 0 0.000560168 0 0 0 0.000560168)
(0.00448398 0 0 0 0.000560497 0 0 0 0.000560497)
(0.00448663 0 0 0 0.000560828 0 0 0 0.000560828)
(0.0044889 0 0 0 0.000561112 0 0 0 0.000561112)
(0.00449055 0 0 0 0.000561319 0 0 0 0.000561319)
(0.00412504 0 0 0 0.00051563 0 0 0 0.00051563)
(0.00412598 0 0 0 0.000515748 0 0 0 0.000515748)
(0.00412761 0 0 0 0.000515951 0 0 0 0.000515951)
(0.00412979 0 0 0 0.000516223 0 0 0 0.000516223)
(0.00413199 0 0 0 0.000516499 0 0 0 0.000516499)
(0.00413421 0 0 0 0.000516776 0 0 0 0.000516776)
(0.00413643 0 0 0 0.000517054 0 0 0 0.000517054)
(0.00413866 0 0 0 0.000517333 0 0 0 0.000517333)
(0.00414089 0 0 0 0.000517611 0 0 0 0.000517611)
(0.00414312 0 0 0 0.00051789 0 0 0 0.00051789)
(0.00414535 0 0 0 0.000518169 0 0 0 0.000518169)
(0.00414757 0 0 0 0.000518447 0 0 0 0.000518447)
(0.00414979 0 0 0 0.000518724 0 0 0 0.000518724)
(0.00415201 0 0 0 0.000519001 0 0 0 0.000519001)
(0.00415422 0 0 0 0.000519277 0 0 0 0.000519277)
(0.00415642 0 0 0 0.000519552 0 0 0 0.000519552)
(0.00415861 0 0 0 0.000519826 0 0 0 0.000519826)
(0.00416079 0 0 0 0.000520099 0 0 0 0.000520099)
(0.00416297 0 0 0 0.000520371 0 0 0 0.000520371)
(0.00416514 0 0 0 0.000520642 0 0 0 0.000520642)
(0.00416729 0 0 0 0.000520912 0 0 0 0.000520912)
(0.00416944 0 0 0 0.00052118 0 0 0 0.00052118)
(0.00417158 0 0 0 0.000521448 0 0 0 0.000521448)
(0.00417371 0 0 0 0.000521714 0 0 0 0.000521714)
(0.00417583 0 0 0 0.000521978 0 0 0 0.000521978)
(0.00417793 0 0 0 0.000522241 0 0 0 0.000522241)
(0.00418003 0 0 0 0.000522503 0 0 0 0.000522503)
(0.00418211 0 0 0 0.000522764 0 0 0 0.000522764)
(0.00418418 0 0 0 0.000523023 0 0 0 0.000523023)
(0.00418624 0 0 0 0.00052328 0 0 0 0.00052328)
(0.00418829 0 0 0 0.000523536 0 0 0 0.000523536)
(0.00419032 0 0 0 0.00052379 0 0 0 0.00052379)
(0.00419234 0 0 0 0.000524043 0 0 0 0.000524043)
(0.00419435 0 0 0 0.000524294 0 0 0 0.000524294)
(0.00419634 0 0 0 0.000524543 0 0 0 0.000524543)
(0.00419832 0 0 0 0.000524791 0 0 0 0.000524791)
(0.00420029 0 0 0 0.000525036 0 0 0 0.000525036)
(0.00420224 0 0 0 0.00052528 0 0 0 0.00052528)
(0.00420418 0 0 0 0.000525522 0 0 0 0.000525522)
(0.0042061 0 0 0 0.000525763 0 0 0 0.000525763)
(0.00420801 0 0 0 0.000526001 0 0 0 0.000526001)
(0.0042099 0 0 0 0.000526238 0 0 0 0.000526238)
(0.00421178 0 0 0 0.000526472 0 0 0 0.000526472)
(0.00421364 0 0 0 0.000526705 0 0 0 0.000526705)
(0.00421548 0 0 0 0.000526935 0 0 0 0.000526935)
(0.00421731 0 0 0 0.000527164 0 0 0 0.000527164)
(0.00421912 0 0 0 0.00052739 0 0 0 0.00052739)
(0.00422092 0 0 0 0.000527615 0 0 0 0.000527615)
(0.00422269 0 0 0 0.000527837 0 0 0 0.000527837)
(0.00422446 0 0 0 0.000528057 0 0 0 0.000528057)
(0.0042262 0 0 0 0.000528275 0 0 0 0.000528275)
(0.00422792 0 0 0 0.000528491 0 0 0 0.000528491)
(0.00422963 0 0 0 0.000528704 0 0 0 0.000528704)
(0.00423132 0 0 0 0.000528915 0 0 0 0.000528915)
(0.00423299 0 0 0 0.000529124 0 0 0 0.000529124)
(0.00423465 0 0 0 0.000529331 0 0 0 0.000529331)
(0.00423628 0 0 0 0.000529535 0 0 0 0.000529535)
(0.0042379 0 0 0 0.000529737 0 0 0 0.000529737)
(0.0042395 0 0 0 0.000529937 0 0 0 0.000529937)
(0.00424108 0 0 0 0.000530135 0 0 0 0.000530135)
(0.00424264 0 0 0 0.000530329 0 0 0 0.000530329)
(0.00424418 0 0 0 0.000530522 0 0 0 0.000530522)
(0.0042457 0 0 0 0.000530712 0 0 0 0.000530712)
(0.0042472 0 0 0 0.0005309 0 0 0 0.0005309)
(0.00424868 0 0 0 0.000531085 0 0 0 0.000531085)
(0.00425014 0 0 0 0.000531268 0 0 0 0.000531268)
(0.00425158 0 0 0 0.000531448 0 0 0 0.000531448)
(0.004253 0 0 0 0.000531625 0 0 0 0.000531625)
(0.00425441 0 0 0 0.000531801 0 0 0 0.000531801)
(0.00425579 0 0 0 0.000531973 0 0 0 0.000531973)
(0.00425715 0 0 0 0.000532143 0 0 0 0.000532143)
(0.00425849 0 0 0 0.000532311 0 0 0 0.000532311)
(0.00425981 0 0 0 0.000532476 0 0 0 0.000532476)
(0.00426111 0 0 0 0.000532639 0 0 0 0.000532639)
(0.00426239 0 0 0 0.000532798 0 0 0 0.000532798)
(0.00426365 0 0 0 0.000532956 0 0 0 0.000532956)
(0.00426488 0 0 0 0.000533111 0 0 0 0.000533111)
(0.0042661 0 0 0 0.000533263 0 0 0 0.000533263)
(0.0042673 0 0 0 0.000533412 0 0 0 0.000533412)
(0.00426847 0 0 0 0.000533559 0 0 0 0.000533559)
(0.00426963 0 0 0 0.000533704 0 0 0 0.000533704)
(0.00427077 0 0 0 0.000533846 0 0 0 0.000533846)
(0.00427188 0 0 0 0.000533985 0 0 0 0.000533985)
(0.00427297 0 0 0 0.000534122 0 0 0 0.000534122)
(0.00427405 0 0 0 0.000534256 0 0 0 0.000534256)
(0.0042751 0 0 0 0.000534387 0 0 0 0.000534387)
(0.00427613 0 0 0 0.000534517 0 0 0 0.000534517)
(0.00427714 0 0 0 0.000534643 0 0 0 0.000534643)
(0.00427814 0 0 0 0.000534767 0 0 0 0.000534767)
(0.00427911 0 0 0 0.000534889 0 0 0 0.000534889)
(0.00428006 0 0 0 0.000535008 0 0 0 0.000535008)
(0.00428099 0 0 0 0.000535124 0 0 0 0.000535124)
(0.00428191 0 0 0 0.000535238 0 0 0 0.000535238)
(0.0042828 0 0 0 0.00053535 0 0 0 0.00053535)
(0.00428367 0 0 0 0.000535459 0 0 0 0.000535459)
(0.00428453 0 0 0 0.000535566 0 0 0 0.000535566)
(0.00428536 0 0 0 0.00053567 0 0 0 0.00053567)
(0.00428618 0 0 0 0.000535772 0 0 0 0.000535772)
(0.00428698 0 0 0 0.000535872 0 0 0 0.000535872)
(0.00428776 0 0 0 0.000535969 0 0 0 0.000535969)
(0.00428852 0 0 0 0.000536065 0 0 0 0.000536065)
(0.00428926 0 0 0 0.000536158 0 0 0 0.000536158)
(0.00428999 0 0 0 0.000536248 0 0 0 0.000536248)
(0.00429069 0 0 0 0.000536337 0 0 0 0.000536337)
(0.00429139 0 0 0 0.000536423 0 0 0 0.000536423)
(0.00429206 0 0 0 0.000536507 0 0 0 0.000536507)
(0.00429272 0 0 0 0.00053659 0 0 0 0.00053659)
(0.00429336 0 0 0 0.00053667 0 0 0 0.00053667)
(0.00429398 0 0 0 0.000536748 0 0 0 0.000536748)
(0.00429459 0 0 0 0.000536824 0 0 0 0.000536824)
(0.00429519 0 0 0 0.000536899 0 0 0 0.000536899)
(0.00429577 0 0 0 0.000536971 0 0 0 0.000536971)
(0.00429633 0 0 0 0.000537042 0 0 0 0.000537042)
(0.00429689 0 0 0 0.000537111 0 0 0 0.000537111)
(0.00429742 0 0 0 0.000537178 0 0 0 0.000537178)
(0.00429795 0 0 0 0.000537244 0 0 0 0.000537244)
(0.00429846 0 0 0 0.000537308 0 0 0 0.000537308)
(0.00429896 0 0 0 0.00053737 0 0 0 0.00053737)
(0.00429945 0 0 0 0.000537431 0 0 0 0.000537431)
(0.00429993 0 0 0 0.000537491 0 0 0 0.000537491)
(0.00430039 0 0 0 0.000537549 0 0 0 0.000537549)
(0.00430085 0 0 0 0.000537606 0 0 0 0.000537606)
(0.00430129 0 0 0 0.000537662 0 0 0 0.000537662)
(0.00430173 0 0 0 0.000537716 0 0 0 0.000537716)
(0.00430216 0 0 0 0.00053777 0 0 0 0.00053777)
(0.00430258 0 0 0 0.000537822 0 0 0 0.000537822)
(0.00430299 0 0 0 0.000537874 0 0 0 0.000537874)
(0.0043034 0 0 0 0.000537925 0 0 0 0.000537925)
(0.0043038 0 0 0 0.000537975 0 0 0 0.000537975)
(0.00430419 0 0 0 0.000538024 0 0 0 0.000538024)
(0.00430458 0 0 0 0.000538073 0 0 0 0.000538073)
(0.00430497 0 0 0 0.000538121 0 0 0 0.000538121)
(0.00430535 0 0 0 0.000538169 0 0 0 0.000538169)
(0.00430573 0 0 0 0.000538217 0 0 0 0.000538217)
(0.00430611 0 0 0 0.000538264 0 0 0 0.000538264)
(0.00430649 0 0 0 0.000538311 0 0 0 0.000538311)
(0.00430686 0 0 0 0.000538358 0 0 0 0.000538358)
(0.00430723 0 0 0 0.000538404 0 0 0 0.000538404)
(0.0043076 0 0 0 0.00053845 0 0 0 0.00053845)
(0.00430797 0 0 0 0.000538496 0 0 0 0.000538496)
(0.00430833 0 0 0 0.000538542 0 0 0 0.000538542)
(0.0043087 0 0 0 0.000538588 0 0 0 0.000538588)
(0.00430907 0 0 0 0.000538634 0 0 0 0.000538634)
(0.00430944 0 0 0 0.00053868 0 0 0 0.00053868)
(0.00430981 0 0 0 0.000538727 0 0 0 0.000538727)
(0.00431019 0 0 0 0.000538774 0 0 0 0.000538774)
(0.00431057 0 0 0 0.000538821 0 0 0 0.000538821)
(0.00431095 0 0 0 0.000538869 0 0 0 0.000538869)
(0.00431134 0 0 0 0.000538918 0 0 0 0.000538918)
(0.00431174 0 0 0 0.000538968 0 0 0 0.000538968)
(0.00431214 0 0 0 0.000539018 0 0 0 0.000539018)
(0.00431255 0 0 0 0.000539069 0 0 0 0.000539069)
(0.00431297 0 0 0 0.000539122 0 0 0 0.000539122)
(0.0043134 0 0 0 0.000539175 0 0 0 0.000539175)
(0.00431384 0 0 0 0.000539229 0 0 0 0.000539229)
(0.00431428 0 0 0 0.000539285 0 0 0 0.000539285)
(0.00431474 0 0 0 0.000539342 0 0 0 0.000539342)
(0.0043152 0 0 0 0.0005394 0 0 0 0.0005394)
(0.00431568 0 0 0 0.00053946 0 0 0 0.00053946)
(0.00431617 0 0 0 0.000539521 0 0 0 0.000539521)
(0.00431667 0 0 0 0.000539584 0 0 0 0.000539584)
(0.00431719 0 0 0 0.000539648 0 0 0 0.000539648)
(0.00431772 0 0 0 0.000539714 0 0 0 0.000539714)
(0.00431826 0 0 0 0.000539782 0 0 0 0.000539782)
(0.00431881 0 0 0 0.000539852 0 0 0 0.000539852)
(0.00431938 0 0 0 0.000539923 0 0 0 0.000539923)
(0.00431997 0 0 0 0.000539996 0 0 0 0.000539996)
(0.00432057 0 0 0 0.000540071 0 0 0 0.000540071)
(0.00432119 0 0 0 0.000540148 0 0 0 0.000540148)
(0.00432182 0 0 0 0.000540228 0 0 0 0.000540228)
(0.00432247 0 0 0 0.000540309 0 0 0 0.000540309)
(0.00432314 0 0 0 0.000540392 0 0 0 0.000540392)
(0.00432382 0 0 0 0.000540478 0 0 0 0.000540478)
(0.00432452 0 0 0 0.000540565 0 0 0 0.000540565)
(0.00432524 0 0 0 0.000540655 0 0 0 0.000540655)
(0.00432598 0 0 0 0.000540748 0 0 0 0.000540748)
(0.00432674 0 0 0 0.000540842 0 0 0 0.000540842)
(0.00432751 0 0 0 0.000540939 0 0 0 0.000540939)
(0.00432831 0 0 0 0.000541039 0 0 0 0.000541039)
(0.00432913 0 0 0 0.000541141 0 0 0 0.000541141)
(0.00432996 0 0 0 0.000541245 0 0 0 0.000541245)
(0.00433082 0 0 0 0.000541352 0 0 0 0.000541352)
(0.00433169 0 0 0 0.000541462 0 0 0 0.000541462)
(0.00433259 0 0 0 0.000541574 0 0 0 0.000541574)
(0.00433351 0 0 0 0.000541688 0 0 0 0.000541688)
(0.00433445 0 0 0 0.000541806 0 0 0 0.000541806)
(0.00433541 0 0 0 0.000541926 0 0 0 0.000541926)
(0.00433639 0 0 0 0.000542048 0 0 0 0.000542048)
(0.00433739 0 0 0 0.000542174 0 0 0 0.000542174)
(0.00433842 0 0 0 0.000542302 0 0 0 0.000542302)
(0.00433946 0 0 0 0.000542433 0 0 0 0.000542433)
(0.00434053 0 0 0 0.000542567 0 0 0 0.000542567)
(0.00434163 0 0 0 0.000542703 0 0 0 0.000542703)
(0.00434274 0 0 0 0.000542843 0 0 0 0.000542843)
(0.00434388 0 0 0 0.000542985 0 0 0 0.000542985)
(0.00434504 0 0 0 0.00054313 0 0 0 0.00054313)
(0.00434622 0 0 0 0.000543278 0 0 0 0.000543278)
(0.00434743 0 0 0 0.000543429 0 0 0 0.000543429)
(0.00434866 0 0 0 0.000543582 0 0 0 0.000543582)
(0.00434991 0 0 0 0.000543739 0 0 0 0.000543739)
(0.00435119 0 0 0 0.000543899 0 0 0 0.000543899)
(0.00435249 0 0 0 0.000544061 0 0 0 0.000544061)
(0.00435381 0 0 0 0.000544227 0 0 0 0.000544227)
(0.00435516 0 0 0 0.000544395 0 0 0 0.000544395)
(0.00435653 0 0 0 0.000544566 0 0 0 0.000544566)
(0.00435792 0 0 0 0.00054474 0 0 0 0.00054474)
(0.00435934 0 0 0 0.000544918 0 0 0 0.000544918)
(0.00436078 0 0 0 0.000545098 0 0 0 0.000545098)
(0.00436225 0 0 0 0.000545281 0 0 0 0.000545281)
(0.00436374 0 0 0 0.000545467 0 0 0 0.000545467)
(0.00436525 0 0 0 0.000545656 0 0 0 0.000545656)
(0.00436678 0 0 0 0.000545848 0 0 0 0.000545848)
(0.00436834 0 0 0 0.000546043 0 0 0 0.000546043)
(0.00436992 0 0 0 0.00054624 0 0 0 0.00054624)
(0.00437153 0 0 0 0.000546441 0 0 0 0.000546441)
(0.00437316 0 0 0 0.000546645 0 0 0 0.000546645)
(0.00437481 0 0 0 0.000546851 0 0 0 0.000546851)
(0.00437648 0 0 0 0.000547061 0 0 0 0.000547061)
(0.00437818 0 0 0 0.000547273 0 0 0 0.000547273)
(0.0043799 0 0 0 0.000547488 0 0 0 0.000547488)
(0.00438165 0 0 0 0.000547706 0 0 0 0.000547706)
(0.00438341 0 0 0 0.000547927 0 0 0 0.000547927)
(0.0043852 0 0 0 0.000548151 0 0 0 0.000548151)
(0.00438702 0 0 0 0.000548377 0 0 0 0.000548377)
(0.00438885 0 0 0 0.000548606 0 0 0 0.000548606)
(0.00439071 0 0 0 0.000548838 0 0 0 0.000548838)
(0.00439259 0 0 0 0.000549073 0 0 0 0.000549073)
(0.00439449 0 0 0 0.000549311 0 0 0 0.000549311)
(0.00439641 0 0 0 0.000549551 0 0 0 0.000549551)
(0.00439835 0 0 0 0.000549794 0 0 0 0.000549794)
(0.00440032 0 0 0 0.00055004 0 0 0 0.00055004)
(0.00440231 0 0 0 0.000550288 0 0 0 0.000550288)
(0.00440431 0 0 0 0.000550539 0 0 0 0.000550539)
(0.00440634 0 0 0 0.000550793 0 0 0 0.000550793)
(0.00440839 0 0 0 0.000551049 0 0 0 0.000551049)
(0.00441046 0 0 0 0.000551308 0 0 0 0.000551308)
(0.00441255 0 0 0 0.000551569 0 0 0 0.000551569)
(0.00441466 0 0 0 0.000551833 0 0 0 0.000551833)
(0.00441679 0 0 0 0.000552099 0 0 0 0.000552099)
(0.00441894 0 0 0 0.000552368 0 0 0 0.000552368)
(0.00442111 0 0 0 0.000552639 0 0 0 0.000552639)
(0.0044233 0 0 0 0.000552913 0 0 0 0.000552913)
(0.00442551 0 0 0 0.000553189 0 0 0 0.000553189)
(0.00442774 0 0 0 0.000553467 0 0 0 0.000553467)
(0.00442998 0 0 0 0.000553748 0 0 0 0.000553748)
(0.00443224 0 0 0 0.000554031 0 0 0 0.000554031)
(0.00443453 0 0 0 0.000554316 0 0 0 0.000554316)
(0.00443683 0 0 0 0.000554603 0 0 0 0.000554603)
(0.00443914 0 0 0 0.000554893 0 0 0 0.000554893)
(0.00444148 0 0 0 0.000555185 0 0 0 0.000555185)
(0.00444383 0 0 0 0.000555479 0 0 0 0.000555479)
(0.0044462 0 0 0 0.000555775 0 0 0 0.000555775)
(0.00444858 0 0 0 0.000556073 0 0 0 0.000556073)
(0.00445099 0 0 0 0.000556373 0 0 0 0.000556373)
(0.0044534 0 0 0 0.000556676 0 0 0 0.000556676)
(0.00445584 0 0 0 0.00055698 0 0 0 0.00055698)
(0.00445829 0 0 0 0.000557287 0 0 0 0.000557287)
(0.00446076 0 0 0 0.000557595 0 0 0 0.000557595)
(0.00446325 0 0 0 0.000557906 0 0 0 0.000557906)
(0.00446575 0 0 0 0.000558219 0 0 0 0.000558219)
(0.00446828 0 0 0 0.000558534 0 0 0 0.000558534)
(0.00447081 0 0 0 0.000558852 0 0 0 0.000558852)
(0.00447337 0 0 0 0.000559172 0 0 0 0.000559172)
(0.00447595 0 0 0 0.000559494 0 0 0 0.000559494)
(0.00447854 0 0 0 0.000559818 0 0 0 0.000559818)
(0.00448116 0 0 0 0.000560144 0 0 0 0.000560144)
(0.00448378 0 0 0 0.000560473 0 0 0 0.000560473)
(0.00448643 0 0 0 0.000560803 0 0 0 0.000560803)
(0.00448872 0 0 0 0.000561091 0 0 0 0.000561091)
(0.00449034 0 0 0 0.000561292 0 0 0 0.000561292)
(0.00412495 0 0 0 0.000515619 0 0 0 0.000515619)
(0.00412588 0 0 0 0.000515736 0 0 0 0.000515736)
(0.00412752 0 0 0 0.00051594 0 0 0 0.00051594)
(0.00412972 0 0 0 0.000516215 0 0 0 0.000516215)
(0.00413194 0 0 0 0.000516493 0 0 0 0.000516493)
(0.00413417 0 0 0 0.000516771 0 0 0 0.000516771)
(0.0041364 0 0 0 0.00051705 0 0 0 0.00051705)
(0.00413864 0 0 0 0.00051733 0 0 0 0.00051733)
(0.00414087 0 0 0 0.000517609 0 0 0 0.000517609)
(0.00414311 0 0 0 0.000517888 0 0 0 0.000517888)
(0.00414534 0 0 0 0.000518167 0 0 0 0.000518167)
(0.00414756 0 0 0 0.000518445 0 0 0 0.000518445)
(0.00414978 0 0 0 0.000518723 0 0 0 0.000518723)
(0.004152 0 0 0 0.000519 0 0 0 0.000519)
(0.0041542 0 0 0 0.000519275 0 0 0 0.000519275)
(0.0041564 0 0 0 0.00051955 0 0 0 0.00051955)
(0.0041586 0 0 0 0.000519825 0 0 0 0.000519825)
(0.00416078 0 0 0 0.000520098 0 0 0 0.000520098)
(0.00416296 0 0 0 0.00052037 0 0 0 0.00052037)
(0.00416512 0 0 0 0.000520641 0 0 0 0.000520641)
(0.00416728 0 0 0 0.00052091 0 0 0 0.00052091)
(0.00416943 0 0 0 0.000521179 0 0 0 0.000521179)
(0.00417157 0 0 0 0.000521446 0 0 0 0.000521446)
(0.0041737 0 0 0 0.000521712 0 0 0 0.000521712)
(0.00417581 0 0 0 0.000521977 0 0 0 0.000521977)
(0.00417792 0 0 0 0.00052224 0 0 0 0.00052224)
(0.00418001 0 0 0 0.000522502 0 0 0 0.000522502)
(0.0041821 0 0 0 0.000522762 0 0 0 0.000522762)
(0.00418417 0 0 0 0.000523021 0 0 0 0.000523021)
(0.00418623 0 0 0 0.000523279 0 0 0 0.000523279)
(0.00418828 0 0 0 0.000523534 0 0 0 0.000523534)
(0.00419031 0 0 0 0.000523789 0 0 0 0.000523789)
(0.00419233 0 0 0 0.000524041 0 0 0 0.000524041)
(0.00419434 0 0 0 0.000524292 0 0 0 0.000524292)
(0.00419633 0 0 0 0.000524542 0 0 0 0.000524542)
(0.00419831 0 0 0 0.000524789 0 0 0 0.000524789)
(0.00420028 0 0 0 0.000525035 0 0 0 0.000525035)
(0.00420223 0 0 0 0.000525279 0 0 0 0.000525279)
(0.00420417 0 0 0 0.000525521 0 0 0 0.000525521)
(0.00420609 0 0 0 0.000525761 0 0 0 0.000525761)
(0.004208 0 0 0 0.000526 0 0 0 0.000526)
(0.00420989 0 0 0 0.000526236 0 0 0 0.000526236)
(0.00421177 0 0 0 0.000526471 0 0 0 0.000526471)
(0.00421363 0 0 0 0.000526703 0 0 0 0.000526703)
(0.00421547 0 0 0 0.000526934 0 0 0 0.000526934)
(0.0042173 0 0 0 0.000527163 0 0 0 0.000527163)
(0.00421911 0 0 0 0.000527389 0 0 0 0.000527389)
(0.00422091 0 0 0 0.000527613 0 0 0 0.000527613)
(0.00422269 0 0 0 0.000527836 0 0 0 0.000527836)
(0.00422445 0 0 0 0.000528056 0 0 0 0.000528056)
(0.00422619 0 0 0 0.000528274 0 0 0 0.000528274)
(0.00422792 0 0 0 0.00052849 0 0 0 0.00052849)
(0.00422962 0 0 0 0.000528703 0 0 0 0.000528703)
(0.00423131 0 0 0 0.000528914 0 0 0 0.000528914)
(0.00423299 0 0 0 0.000529123 0 0 0 0.000529123)
(0.00423464 0 0 0 0.00052933 0 0 0 0.00052933)
(0.00423628 0 0 0 0.000529534 0 0 0 0.000529534)
(0.00423789 0 0 0 0.000529737 0 0 0 0.000529737)
(0.00423949 0 0 0 0.000529936 0 0 0 0.000529936)
(0.00424107 0 0 0 0.000530134 0 0 0 0.000530134)
(0.00424263 0 0 0 0.000530329 0 0 0 0.000530329)
(0.00424417 0 0 0 0.000530521 0 0 0 0.000530521)
(0.00424569 0 0 0 0.000530711 0 0 0 0.000530711)
(0.00424719 0 0 0 0.000530899 0 0 0 0.000530899)
(0.00424867 0 0 0 0.000531084 0 0 0 0.000531084)
(0.00425013 0 0 0 0.000531267 0 0 0 0.000531267)
(0.00425158 0 0 0 0.000531447 0 0 0 0.000531447)
(0.004253 0 0 0 0.000531625 0 0 0 0.000531625)
(0.0042544 0 0 0 0.0005318 0 0 0 0.0005318)
(0.00425578 0 0 0 0.000531973 0 0 0 0.000531973)
(0.00425714 0 0 0 0.000532143 0 0 0 0.000532143)
(0.00425848 0 0 0 0.00053231 0 0 0 0.00053231)
(0.0042598 0 0 0 0.000532475 0 0 0 0.000532475)
(0.0042611 0 0 0 0.000532638 0 0 0 0.000532638)
(0.00426238 0 0 0 0.000532798 0 0 0 0.000532798)
(0.00426364 0 0 0 0.000532955 0 0 0 0.000532955)
(0.00426488 0 0 0 0.00053311 0 0 0 0.00053311)
(0.0042661 0 0 0 0.000533262 0 0 0 0.000533262)
(0.00426729 0 0 0 0.000533412 0 0 0 0.000533412)
(0.00426847 0 0 0 0.000533559 0 0 0 0.000533559)
(0.00426963 0 0 0 0.000533703 0 0 0 0.000533703)
(0.00427076 0 0 0 0.000533845 0 0 0 0.000533845)
(0.00427188 0 0 0 0.000533984 0 0 0 0.000533984)
(0.00427297 0 0 0 0.000534121 0 0 0 0.000534121)
(0.00427404 0 0 0 0.000534255 0 0 0 0.000534255)
(0.0042751 0 0 0 0.000534387 0 0 0 0.000534387)
(0.00427613 0 0 0 0.000534516 0 0 0 0.000534516)
(0.00427714 0 0 0 0.000534643 0 0 0 0.000534643)
(0.00427813 0 0 0 0.000534767 0 0 0 0.000534767)
(0.00427911 0 0 0 0.000534888 0 0 0 0.000534888)
(0.00428006 0 0 0 0.000535007 0 0 0 0.000535007)
(0.00428099 0 0 0 0.000535124 0 0 0 0.000535124)
(0.0042819 0 0 0 0.000535238 0 0 0 0.000535238)
(0.0042828 0 0 0 0.000535349 0 0 0 0.000535349)
(0.00428367 0 0 0 0.000535459 0 0 0 0.000535459)
(0.00428452 0 0 0 0.000535565 0 0 0 0.000535565)
(0.00428536 0 0 0 0.00053567 0 0 0 0.00053567)
(0.00428618 0 0 0 0.000535772 0 0 0 0.000535772)
(0.00428697 0 0 0 0.000535872 0 0 0 0.000535872)
(0.00428775 0 0 0 0.000535969 0 0 0 0.000535969)
(0.00428851 0 0 0 0.000536064 0 0 0 0.000536064)
(0.00428926 0 0 0 0.000536157 0 0 0 0.000536157)
(0.00428998 0 0 0 0.000536248 0 0 0 0.000536248)
(0.00429069 0 0 0 0.000536336 0 0 0 0.000536336)
(0.00429138 0 0 0 0.000536423 0 0 0 0.000536423)
(0.00429206 0 0 0 0.000536507 0 0 0 0.000536507)
(0.00429272 0 0 0 0.000536589 0 0 0 0.000536589)
(0.00429336 0 0 0 0.00053667 0 0 0 0.00053667)
(0.00429398 0 0 0 0.000536748 0 0 0 0.000536748)
(0.00429459 0 0 0 0.000536824 0 0 0 0.000536824)
(0.00429519 0 0 0 0.000536898 0 0 0 0.000536898)
(0.00429577 0 0 0 0.000536971 0 0 0 0.000536971)
(0.00429633 0 0 0 0.000537042 0 0 0 0.000537042)
(0.00429688 0 0 0 0.000537111 0 0 0 0.000537111)
(0.00429742 0 0 0 0.000537178 0 0 0 0.000537178)
(0.00429795 0 0 0 0.000537243 0 0 0 0.000537243)
(0.00429846 0 0 0 0.000537307 0 0 0 0.000537307)
(0.00429896 0 0 0 0.00053737 0 0 0 0.00053737)
(0.00429945 0 0 0 0.000537431 0 0 0 0.000537431)
(0.00429992 0 0 0 0.000537491 0 0 0 0.000537491)
(0.00430039 0 0 0 0.000537549 0 0 0 0.000537549)
(0.00430085 0 0 0 0.000537606 0 0 0 0.000537606)
(0.00430129 0 0 0 0.000537662 0 0 0 0.000537662)
(0.00430173 0 0 0 0.000537716 0 0 0 0.000537716)
(0.00430216 0 0 0 0.00053777 0 0 0 0.00053777)
(0.00430258 0 0 0 0.000537822 0 0 0 0.000537822)
(0.00430299 0 0 0 0.000537874 0 0 0 0.000537874)
(0.0043034 0 0 0 0.000537925 0 0 0 0.000537925)
(0.0043038 0 0 0 0.000537975 0 0 0 0.000537975)
(0.00430419 0 0 0 0.000538024 0 0 0 0.000538024)
(0.00430458 0 0 0 0.000538073 0 0 0 0.000538073)
(0.00430497 0 0 0 0.000538121 0 0 0 0.000538121)
(0.00430535 0 0 0 0.000538169 0 0 0 0.000538169)
(0.00430573 0 0 0 0.000538216 0 0 0 0.000538216)
(0.00430611 0 0 0 0.000538264 0 0 0 0.000538264)
(0.00430649 0 0 0 0.000538311 0 0 0 0.000538311)
(0.00430686 0 0 0 0.000538357 0 0 0 0.000538357)
(0.00430723 0 0 0 0.000538404 0 0 0 0.000538404)
(0.0043076 0 0 0 0.00053845 0 0 0 0.00053845)
(0.00430797 0 0 0 0.000538496 0 0 0 0.000538496)
(0.00430833 0 0 0 0.000538542 0 0 0 0.000538542)
(0.0043087 0 0 0 0.000538588 0 0 0 0.000538588)
(0.00430907 0 0 0 0.000538634 0 0 0 0.000538634)
(0.00430944 0 0 0 0.00053868 0 0 0 0.00053868)
(0.00430981 0 0 0 0.000538726 0 0 0 0.000538726)
(0.00431019 0 0 0 0.000538773 0 0 0 0.000538773)
(0.00431057 0 0 0 0.000538821 0 0 0 0.000538821)
(0.00431095 0 0 0 0.000538869 0 0 0 0.000538869)
(0.00431134 0 0 0 0.000538918 0 0 0 0.000538918)
(0.00431174 0 0 0 0.000538967 0 0 0 0.000538967)
(0.00431214 0 0 0 0.000539018 0 0 0 0.000539018)
(0.00431255 0 0 0 0.000539069 0 0 0 0.000539069)
(0.00431297 0 0 0 0.000539121 0 0 0 0.000539121)
(0.0043134 0 0 0 0.000539175 0 0 0 0.000539175)
(0.00431383 0 0 0 0.000539229 0 0 0 0.000539229)
(0.00431428 0 0 0 0.000539285 0 0 0 0.000539285)
(0.00431473 0 0 0 0.000539342 0 0 0 0.000539342)
(0.0043152 0 0 0 0.0005394 0 0 0 0.0005394)
(0.00431568 0 0 0 0.00053946 0 0 0 0.00053946)
(0.00431617 0 0 0 0.000539521 0 0 0 0.000539521)
(0.00431667 0 0 0 0.000539584 0 0 0 0.000539584)
(0.00431718 0 0 0 0.000539648 0 0 0 0.000539648)
(0.00431771 0 0 0 0.000539714 0 0 0 0.000539714)
(0.00431825 0 0 0 0.000539782 0 0 0 0.000539782)
(0.00431881 0 0 0 0.000539851 0 0 0 0.000539851)
(0.00431938 0 0 0 0.000539923 0 0 0 0.000539923)
(0.00431997 0 0 0 0.000539996 0 0 0 0.000539996)
(0.00432057 0 0 0 0.000540071 0 0 0 0.000540071)
(0.00432118 0 0 0 0.000540148 0 0 0 0.000540148)
(0.00432182 0 0 0 0.000540227 0 0 0 0.000540227)
(0.00432247 0 0 0 0.000540308 0 0 0 0.000540308)
(0.00432313 0 0 0 0.000540392 0 0 0 0.000540392)
(0.00432382 0 0 0 0.000540477 0 0 0 0.000540477)
(0.00432452 0 0 0 0.000540565 0 0 0 0.000540565)
(0.00432524 0 0 0 0.000540655 0 0 0 0.000540655)
(0.00432598 0 0 0 0.000540747 0 0 0 0.000540747)
(0.00432673 0 0 0 0.000540842 0 0 0 0.000540842)
(0.00432751 0 0 0 0.000540939 0 0 0 0.000540939)
(0.00432831 0 0 0 0.000541038 0 0 0 0.000541038)
(0.00432912 0 0 0 0.00054114 0 0 0 0.00054114)
(0.00432996 0 0 0 0.000541244 0 0 0 0.000541244)
(0.00433081 0 0 0 0.000541351 0 0 0 0.000541351)
(0.00433169 0 0 0 0.000541461 0 0 0 0.000541461)
(0.00433258 0 0 0 0.000541573 0 0 0 0.000541573)
(0.0043335 0 0 0 0.000541688 0 0 0 0.000541688)
(0.00433444 0 0 0 0.000541805 0 0 0 0.000541805)
(0.0043354 0 0 0 0.000541925 0 0 0 0.000541925)
(0.00433638 0 0 0 0.000542048 0 0 0 0.000542048)
(0.00433738 0 0 0 0.000542173 0 0 0 0.000542173)
(0.00433841 0 0 0 0.000542301 0 0 0 0.000542301)
(0.00433946 0 0 0 0.000542432 0 0 0 0.000542432)
(0.00434053 0 0 0 0.000542566 0 0 0 0.000542566)
(0.00434162 0 0 0 0.000542702 0 0 0 0.000542702)
(0.00434273 0 0 0 0.000542842 0 0 0 0.000542842)
(0.00434387 0 0 0 0.000542984 0 0 0 0.000542984)
(0.00434503 0 0 0 0.000543129 0 0 0 0.000543129)
(0.00434622 0 0 0 0.000543277 0 0 0 0.000543277)
(0.00434742 0 0 0 0.000543428 0 0 0 0.000543428)
(0.00434865 0 0 0 0.000543581 0 0 0 0.000543581)
(0.0043499 0 0 0 0.000543738 0 0 0 0.000543738)
(0.00435118 0 0 0 0.000543898 0 0 0 0.000543898)
(0.00435248 0 0 0 0.00054406 0 0 0 0.00054406)
(0.0043538 0 0 0 0.000544225 0 0 0 0.000544225)
(0.00435515 0 0 0 0.000544394 0 0 0 0.000544394)
(0.00435652 0 0 0 0.000544565 0 0 0 0.000544565)
(0.00435791 0 0 0 0.000544739 0 0 0 0.000544739)
(0.00435933 0 0 0 0.000544916 0 0 0 0.000544916)
(0.00436077 0 0 0 0.000545097 0 0 0 0.000545097)
(0.00436224 0 0 0 0.00054528 0 0 0 0.00054528)
(0.00436372 0 0 0 0.000545466 0 0 0 0.000545466)
(0.00436524 0 0 0 0.000545655 0 0 0 0.000545655)
(0.00436677 0 0 0 0.000545846 0 0 0 0.000545846)
(0.00436833 0 0 0 0.000546041 0 0 0 0.000546041)
(0.00436991 0 0 0 0.000546239 0 0 0 0.000546239)
(0.00437152 0 0 0 0.00054644 0 0 0 0.00054644)
(0.00437315 0 0 0 0.000546643 0 0 0 0.000546643)
(0.0043748 0 0 0 0.00054685 0 0 0 0.00054685)
(0.00437647 0 0 0 0.000547059 0 0 0 0.000547059)
(0.00437817 0 0 0 0.000547271 0 0 0 0.000547271)
(0.00437989 0 0 0 0.000547486 0 0 0 0.000547486)
(0.00438164 0 0 0 0.000547704 0 0 0 0.000547704)
(0.0043834 0 0 0 0.000547925 0 0 0 0.000547925)
(0.00438519 0 0 0 0.000548149 0 0 0 0.000548149)
(0.004387 0 0 0 0.000548375 0 0 0 0.000548375)
(0.00438884 0 0 0 0.000548605 0 0 0 0.000548605)
(0.00439069 0 0 0 0.000548837 0 0 0 0.000548837)
(0.00439257 0 0 0 0.000549071 0 0 0 0.000549071)
(0.00439447 0 0 0 0.000549309 0 0 0 0.000549309)
(0.00439639 0 0 0 0.000549549 0 0 0 0.000549549)
(0.00439834 0 0 0 0.000549792 0 0 0 0.000549792)
(0.0044003 0 0 0 0.000550038 0 0 0 0.000550038)
(0.00440229 0 0 0 0.000550286 0 0 0 0.000550286)
(0.0044043 0 0 0 0.000550537 0 0 0 0.000550537)
(0.00440633 0 0 0 0.000550791 0 0 0 0.000550791)
(0.00440837 0 0 0 0.000551047 0 0 0 0.000551047)
(0.00441044 0 0 0 0.000551306 0 0 0 0.000551306)
(0.00441253 0 0 0 0.000551567 0 0 0 0.000551567)
(0.00441464 0 0 0 0.000551831 0 0 0 0.000551831)
(0.00441677 0 0 0 0.000552097 0 0 0 0.000552097)
(0.00441892 0 0 0 0.000552365 0 0 0 0.000552365)
(0.00442109 0 0 0 0.000552636 0 0 0 0.000552636)
(0.00442328 0 0 0 0.00055291 0 0 0 0.00055291)
(0.00442549 0 0 0 0.000553186 0 0 0 0.000553186)
(0.00442771 0 0 0 0.000553464 0 0 0 0.000553464)
(0.00442996 0 0 0 0.000553744 0 0 0 0.000553744)
(0.00443222 0 0 0 0.000554027 0 0 0 0.000554027)
(0.0044345 0 0 0 0.000554312 0 0 0 0.000554312)
(0.00443679 0 0 0 0.000554599 0 0 0 0.000554599)
(0.00443911 0 0 0 0.000554888 0 0 0 0.000554888)
(0.00444144 0 0 0 0.00055518 0 0 0 0.00055518)
(0.00444379 0 0 0 0.000555473 0 0 0 0.000555473)
(0.00444615 0 0 0 0.000555769 0 0 0 0.000555769)
(0.00444853 0 0 0 0.000556067 0 0 0 0.000556067)
(0.00445093 0 0 0 0.000556366 0 0 0 0.000556366)
(0.00445334 0 0 0 0.000556668 0 0 0 0.000556668)
(0.00445577 0 0 0 0.000556971 0 0 0 0.000556971)
(0.00445821 0 0 0 0.000557277 0 0 0 0.000557277)
(0.00446067 0 0 0 0.000557584 0 0 0 0.000557584)
(0.00446315 0 0 0 0.000557894 0 0 0 0.000557894)
(0.00446564 0 0 0 0.000558205 0 0 0 0.000558205)
(0.00446815 0 0 0 0.000558519 0 0 0 0.000558519)
(0.00447067 0 0 0 0.000558834 0 0 0 0.000558834)
(0.00447322 0 0 0 0.000559152 0 0 0 0.000559152)
(0.00447578 0 0 0 0.000559472 0 0 0 0.000559472)
(0.00447836 0 0 0 0.000559795 0 0 0 0.000559795)
(0.00448095 0 0 0 0.000560119 0 0 0 0.000560119)
(0.00448357 0 0 0 0.000560446 0 0 0 0.000560446)
(0.00448621 0 0 0 0.000560776 0 0 0 0.000560776)
(0.00448853 0 0 0 0.000561067 0 0 0 0.000561067)
(0.00449009 0 0 0 0.000561261 0 0 0 0.000561261)
(0.00412481 0 0 0 0.000515601 0 0 0 0.000515601)
(0.00412576 0 0 0 0.00051572 0 0 0 0.00051572)
(0.00412739 0 0 0 0.000515924 0 0 0 0.000515924)
(0.00412963 0 0 0 0.000516204 0 0 0 0.000516204)
(0.00413188 0 0 0 0.000516485 0 0 0 0.000516485)
(0.00413412 0 0 0 0.000516765 0 0 0 0.000516765)
(0.00413637 0 0 0 0.000517046 0 0 0 0.000517046)
(0.00413861 0 0 0 0.000517327 0 0 0 0.000517327)
(0.00414085 0 0 0 0.000517607 0 0 0 0.000517607)
(0.00414309 0 0 0 0.000517886 0 0 0 0.000517886)
(0.00414532 0 0 0 0.000518166 0 0 0 0.000518166)
(0.00414755 0 0 0 0.000518444 0 0 0 0.000518444)
(0.00414977 0 0 0 0.000518722 0 0 0 0.000518722)
(0.00415199 0 0 0 0.000518998 0 0 0 0.000518998)
(0.0041542 0 0 0 0.000519274 0 0 0 0.000519274)
(0.0041564 0 0 0 0.00051955 0 0 0 0.00051955)
(0.00415859 0 0 0 0.000519824 0 0 0 0.000519824)
(0.00416077 0 0 0 0.000520097 0 0 0 0.000520097)
(0.00416295 0 0 0 0.000520369 0 0 0 0.000520369)
(0.00416512 0 0 0 0.00052064 0 0 0 0.00052064)
(0.00416728 0 0 0 0.000520909 0 0 0 0.000520909)
(0.00416942 0 0 0 0.000521178 0 0 0 0.000521178)
(0.00417156 0 0 0 0.000521445 0 0 0 0.000521445)
(0.00417369 0 0 0 0.000521711 0 0 0 0.000521711)
(0.00417581 0 0 0 0.000521976 0 0 0 0.000521976)
(0.00417791 0 0 0 0.000522239 0 0 0 0.000522239)
(0.00418001 0 0 0 0.000522501 0 0 0 0.000522501)
(0.00418209 0 0 0 0.000522761 0 0 0 0.000522761)
(0.00418416 0 0 0 0.00052302 0 0 0 0.00052302)
(0.00418622 0 0 0 0.000523278 0 0 0 0.000523278)
(0.00418827 0 0 0 0.000523534 0 0 0 0.000523534)
(0.0041903 0 0 0 0.000523788 0 0 0 0.000523788)
(0.00419232 0 0 0 0.000524041 0 0 0 0.000524041)
(0.00419433 0 0 0 0.000524292 0 0 0 0.000524292)
(0.00419633 0 0 0 0.000524541 0 0 0 0.000524541)
(0.00419831 0 0 0 0.000524788 0 0 0 0.000524788)
(0.00420027 0 0 0 0.000525034 0 0 0 0.000525034)
(0.00420223 0 0 0 0.000525278 0 0 0 0.000525278)
(0.00420416 0 0 0 0.00052552 0 0 0 0.00052552)
(0.00420609 0 0 0 0.000525761 0 0 0 0.000525761)
(0.00420799 0 0 0 0.000525999 0 0 0 0.000525999)
(0.00420989 0 0 0 0.000526236 0 0 0 0.000526236)
(0.00421176 0 0 0 0.00052647 0 0 0 0.00052647)
(0.00421362 0 0 0 0.000526703 0 0 0 0.000526703)
(0.00421547 0 0 0 0.000526933 0 0 0 0.000526933)
(0.0042173 0 0 0 0.000527162 0 0 0 0.000527162)
(0.00421911 0 0 0 0.000527388 0 0 0 0.000527388)
(0.0042209 0 0 0 0.000527613 0 0 0 0.000527613)
(0.00422268 0 0 0 0.000527835 0 0 0 0.000527835)
(0.00422444 0 0 0 0.000528055 0 0 0 0.000528055)
(0.00422619 0 0 0 0.000528273 0 0 0 0.000528273)
(0.00422791 0 0 0 0.000528489 0 0 0 0.000528489)
(0.00422962 0 0 0 0.000528702 0 0 0 0.000528702)
(0.00423131 0 0 0 0.000528914 0 0 0 0.000528914)
(0.00423298 0 0 0 0.000529123 0 0 0 0.000529123)
(0.00423464 0 0 0 0.00052933 0 0 0 0.00052933)
(0.00423627 0 0 0 0.000529534 0 0 0 0.000529534)
(0.00423789 0 0 0 0.000529736 0 0 0 0.000529736)
(0.00423949 0 0 0 0.000529936 0 0 0 0.000529936)
(0.00424106 0 0 0 0.000530133 0 0 0 0.000530133)
(0.00424262 0 0 0 0.000530328 0 0 0 0.000530328)
(0.00424416 0 0 0 0.000530521 0 0 0 0.000530521)
(0.00424569 0 0 0 0.000530711 0 0 0 0.000530711)
(0.00424719 0 0 0 0.000530898 0 0 0 0.000530898)
(0.00424867 0 0 0 0.000531084 0 0 0 0.000531084)
(0.00425013 0 0 0 0.000531266 0 0 0 0.000531266)
(0.00425157 0 0 0 0.000531447 0 0 0 0.000531447)
(0.00425299 0 0 0 0.000531624 0 0 0 0.000531624)
(0.0042544 0 0 0 0.000531799 0 0 0 0.000531799)
(0.00425578 0 0 0 0.000531972 0 0 0 0.000531972)
(0.00425714 0 0 0 0.000532142 0 0 0 0.000532142)
(0.00425848 0 0 0 0.00053231 0 0 0 0.00053231)
(0.0042598 0 0 0 0.000532475 0 0 0 0.000532475)
(0.0042611 0 0 0 0.000532637 0 0 0 0.000532637)
(0.00426238 0 0 0 0.000532797 0 0 0 0.000532797)
(0.00426364 0 0 0 0.000532955 0 0 0 0.000532955)
(0.00426488 0 0 0 0.00053311 0 0 0 0.00053311)
(0.00426609 0 0 0 0.000533262 0 0 0 0.000533262)
(0.00426729 0 0 0 0.000533411 0 0 0 0.000533411)
(0.00426847 0 0 0 0.000533558 0 0 0 0.000533558)
(0.00426962 0 0 0 0.000533703 0 0 0 0.000533703)
(0.00427076 0 0 0 0.000533845 0 0 0 0.000533845)
(0.00427187 0 0 0 0.000533984 0 0 0 0.000533984)
(0.00427297 0 0 0 0.000534121 0 0 0 0.000534121)
(0.00427404 0 0 0 0.000534255 0 0 0 0.000534255)
(0.00427509 0 0 0 0.000534387 0 0 0 0.000534387)
(0.00427613 0 0 0 0.000534516 0 0 0 0.000534516)
(0.00427714 0 0 0 0.000534642 0 0 0 0.000534642)
(0.00427813 0 0 0 0.000534766 0 0 0 0.000534766)
(0.0042791 0 0 0 0.000534888 0 0 0 0.000534888)
(0.00428006 0 0 0 0.000535007 0 0 0 0.000535007)
(0.00428099 0 0 0 0.000535123 0 0 0 0.000535123)
(0.0042819 0 0 0 0.000535238 0 0 0 0.000535238)
(0.00428279 0 0 0 0.000535349 0 0 0 0.000535349)
(0.00428367 0 0 0 0.000535458 0 0 0 0.000535458)
(0.00428452 0 0 0 0.000535565 0 0 0 0.000535565)
(0.00428536 0 0 0 0.00053567 0 0 0 0.00053567)
(0.00428617 0 0 0 0.000535772 0 0 0 0.000535772)
(0.00428697 0 0 0 0.000535872 0 0 0 0.000535872)
(0.00428775 0 0 0 0.000535969 0 0 0 0.000535969)
(0.00428851 0 0 0 0.000536064 0 0 0 0.000536064)
(0.00428926 0 0 0 0.000536157 0 0 0 0.000536157)
(0.00428998 0 0 0 0.000536248 0 0 0 0.000536248)
(0.00429069 0 0 0 0.000536336 0 0 0 0.000536336)
(0.00429138 0 0 0 0.000536423 0 0 0 0.000536423)
(0.00429206 0 0 0 0.000536507 0 0 0 0.000536507)
(0.00429271 0 0 0 0.000536589 0 0 0 0.000536589)
(0.00429336 0 0 0 0.000536669 0 0 0 0.000536669)
(0.00429398 0 0 0 0.000536748 0 0 0 0.000536748)
(0.00429459 0 0 0 0.000536824 0 0 0 0.000536824)
(0.00429519 0 0 0 0.000536898 0 0 0 0.000536898)
(0.00429577 0 0 0 0.000536971 0 0 0 0.000536971)
(0.00429633 0 0 0 0.000537042 0 0 0 0.000537042)
(0.00429688 0 0 0 0.00053711 0 0 0 0.00053711)
(0.00429742 0 0 0 0.000537178 0 0 0 0.000537178)
(0.00429795 0 0 0 0.000537243 0 0 0 0.000537243)
(0.00429846 0 0 0 0.000537307 0 0 0 0.000537307)
(0.00429896 0 0 0 0.00053737 0 0 0 0.00053737)
(0.00429945 0 0 0 0.000537431 0 0 0 0.000537431)
(0.00429992 0 0 0 0.00053749 0 0 0 0.00053749)
(0.00430039 0 0 0 0.000537549 0 0 0 0.000537549)
(0.00430085 0 0 0 0.000537606 0 0 0 0.000537606)
(0.00430129 0 0 0 0.000537661 0 0 0 0.000537661)
(0.00430173 0 0 0 0.000537716 0 0 0 0.000537716)
(0.00430216 0 0 0 0.00053777 0 0 0 0.00053777)
(0.00430258 0 0 0 0.000537822 0 0 0 0.000537822)
(0.00430299 0 0 0 0.000537874 0 0 0 0.000537874)
(0.0043034 0 0 0 0.000537925 0 0 0 0.000537925)
(0.0043038 0 0 0 0.000537975 0 0 0 0.000537975)
(0.00430419 0 0 0 0.000538024 0 0 0 0.000538024)
(0.00430458 0 0 0 0.000538073 0 0 0 0.000538073)
(0.00430497 0 0 0 0.000538121 0 0 0 0.000538121)
(0.00430535 0 0 0 0.000538169 0 0 0 0.000538169)
(0.00430573 0 0 0 0.000538216 0 0 0 0.000538216)
(0.00430611 0 0 0 0.000538264 0 0 0 0.000538264)
(0.00430649 0 0 0 0.000538311 0 0 0 0.000538311)
(0.00430686 0 0 0 0.000538357 0 0 0 0.000538357)
(0.00430723 0 0 0 0.000538404 0 0 0 0.000538404)
(0.0043076 0 0 0 0.00053845 0 0 0 0.00053845)
(0.00430797 0 0 0 0.000538496 0 0 0 0.000538496)
(0.00430833 0 0 0 0.000538542 0 0 0 0.000538542)
(0.0043087 0 0 0 0.000538587 0 0 0 0.000538587)
(0.00430907 0 0 0 0.000538633 0 0 0 0.000538633)
(0.00430944 0 0 0 0.00053868 0 0 0 0.00053868)
(0.00430981 0 0 0 0.000538726 0 0 0 0.000538726)
(0.00431019 0 0 0 0.000538773 0 0 0 0.000538773)
(0.00431057 0 0 0 0.000538821 0 0 0 0.000538821)
(0.00431095 0 0 0 0.000538869 0 0 0 0.000538869)
(0.00431134 0 0 0 0.000538918 0 0 0 0.000538918)
(0.00431174 0 0 0 0.000538967 0 0 0 0.000538967)
(0.00431214 0 0 0 0.000539018 0 0 0 0.000539018)
(0.00431255 0 0 0 0.000539069 0 0 0 0.000539069)
(0.00431297 0 0 0 0.000539121 0 0 0 0.000539121)
(0.0043134 0 0 0 0.000539174 0 0 0 0.000539174)
(0.00431383 0 0 0 0.000539229 0 0 0 0.000539229)
(0.00431428 0 0 0 0.000539285 0 0 0 0.000539285)
(0.00431473 0 0 0 0.000539342 0 0 0 0.000539342)
(0.0043152 0 0 0 0.0005394 0 0 0 0.0005394)
(0.00431568 0 0 0 0.00053946 0 0 0 0.00053946)
(0.00431617 0 0 0 0.000539521 0 0 0 0.000539521)
(0.00431667 0 0 0 0.000539584 0 0 0 0.000539584)
(0.00431718 0 0 0 0.000539648 0 0 0 0.000539648)
(0.00431771 0 0 0 0.000539714 0 0 0 0.000539714)
(0.00431825 0 0 0 0.000539782 0 0 0 0.000539782)
(0.00431881 0 0 0 0.000539851 0 0 0 0.000539851)
(0.00431938 0 0 0 0.000539922 0 0 0 0.000539922)
(0.00431996 0 0 0 0.000539995 0 0 0 0.000539995)
(0.00432056 0 0 0 0.000540071 0 0 0 0.000540071)
(0.00432118 0 0 0 0.000540148 0 0 0 0.000540148)
(0.00432181 0 0 0 0.000540227 0 0 0 0.000540227)
(0.00432246 0 0 0 0.000540308 0 0 0 0.000540308)
(0.00432313 0 0 0 0.000540391 0 0 0 0.000540391)
(0.00432381 0 0 0 0.000540477 0 0 0 0.000540477)
(0.00432452 0 0 0 0.000540564 0 0 0 0.000540564)
(0.00432524 0 0 0 0.000540654 0 0 0 0.000540654)
(0.00432597 0 0 0 0.000540747 0 0 0 0.000540747)
(0.00432673 0 0 0 0.000540841 0 0 0 0.000540841)
(0.00432751 0 0 0 0.000540938 0 0 0 0.000540938)
(0.0043283 0 0 0 0.000541038 0 0 0 0.000541038)
(0.00432912 0 0 0 0.00054114 0 0 0 0.00054114)
(0.00432995 0 0 0 0.000541244 0 0 0 0.000541244)
(0.00433081 0 0 0 0.000541351 0 0 0 0.000541351)
(0.00433168 0 0 0 0.00054146 0 0 0 0.00054146)
(0.00433258 0 0 0 0.000541572 0 0 0 0.000541572)
(0.0043335 0 0 0 0.000541687 0 0 0 0.000541687)
(0.00433444 0 0 0 0.000541804 0 0 0 0.000541804)
(0.0043354 0 0 0 0.000541924 0 0 0 0.000541924)
(0.00433638 0 0 0 0.000542047 0 0 0 0.000542047)
(0.00433738 0 0 0 0.000542172 0 0 0 0.000542172)
(0.0043384 0 0 0 0.000542301 0 0 0 0.000542301)
(0.00433945 0 0 0 0.000542432 0 0 0 0.000542432)
(0.00434052 0 0 0 0.000542565 0 0 0 0.000542565)
(0.00434161 0 0 0 0.000542702 0 0 0 0.000542702)
(0.00434273 0 0 0 0.000542841 0 0 0 0.000542841)
(0.00434387 0 0 0 0.000542983 0 0 0 0.000542983)
(0.00434503 0 0 0 0.000543128 0 0 0 0.000543128)
(0.00434621 0 0 0 0.000543276 0 0 0 0.000543276)
(0.00434742 0 0 0 0.000543427 0 0 0 0.000543427)
(0.00434865 0 0 0 0.000543581 0 0 0 0.000543581)
(0.0043499 0 0 0 0.000543737 0 0 0 0.000543737)
(0.00435118 0 0 0 0.000543897 0 0 0 0.000543897)
(0.00435247 0 0 0 0.000544059 0 0 0 0.000544059)
(0.0043538 0 0 0 0.000544225 0 0 0 0.000544225)
(0.00435514 0 0 0 0.000544393 0 0 0 0.000544393)
(0.00435651 0 0 0 0.000544564 0 0 0 0.000544564)
(0.00435791 0 0 0 0.000544738 0 0 0 0.000544738)
(0.00435932 0 0 0 0.000544916 0 0 0 0.000544916)
(0.00436077 0 0 0 0.000545096 0 0 0 0.000545096)
(0.00436223 0 0 0 0.000545279 0 0 0 0.000545279)
(0.00436372 0 0 0 0.000545465 0 0 0 0.000545465)
(0.00436523 0 0 0 0.000545654 0 0 0 0.000545654)
(0.00436676 0 0 0 0.000545846 0 0 0 0.000545846)
(0.00436832 0 0 0 0.00054604 0 0 0 0.00054604)
(0.0043699 0 0 0 0.000546238 0 0 0 0.000546238)
(0.00437151 0 0 0 0.000546439 0 0 0 0.000546439)
(0.00437314 0 0 0 0.000546642 0 0 0 0.000546642)
(0.00437479 0 0 0 0.000546849 0 0 0 0.000546849)
(0.00437646 0 0 0 0.000547058 0 0 0 0.000547058)
(0.00437816 0 0 0 0.00054727 0 0 0 0.00054727)
(0.00437988 0 0 0 0.000547485 0 0 0 0.000547485)
(0.00438163 0 0 0 0.000547703 0 0 0 0.000547703)
(0.00438339 0 0 0 0.000547924 0 0 0 0.000547924)
(0.00438518 0 0 0 0.000548148 0 0 0 0.000548148)
(0.00438699 0 0 0 0.000548374 0 0 0 0.000548374)
(0.00438883 0 0 0 0.000548604 0 0 0 0.000548604)
(0.00439068 0 0 0 0.000548836 0 0 0 0.000548836)
(0.00439256 0 0 0 0.00054907 0 0 0 0.00054907)
(0.00439446 0 0 0 0.000549308 0 0 0 0.000549308)
(0.00439638 0 0 0 0.000549548 0 0 0 0.000549548)
(0.00439833 0 0 0 0.000549791 0 0 0 0.000549791)
(0.00440029 0 0 0 0.000550037 0 0 0 0.000550037)
(0.00440228 0 0 0 0.000550285 0 0 0 0.000550285)
(0.00440429 0 0 0 0.000550536 0 0 0 0.000550536)
(0.00440631 0 0 0 0.000550789 0 0 0 0.000550789)
(0.00440836 0 0 0 0.000551045 0 0 0 0.000551045)
(0.00441043 0 0 0 0.000551304 0 0 0 0.000551304)
(0.00441252 0 0 0 0.000551565 0 0 0 0.000551565)
(0.00441463 0 0 0 0.000551829 0 0 0 0.000551829)
(0.00441676 0 0 0 0.000552095 0 0 0 0.000552095)
(0.00441891 0 0 0 0.000552364 0 0 0 0.000552364)
(0.00442108 0 0 0 0.000552635 0 0 0 0.000552635)
(0.00442326 0 0 0 0.000552908 0 0 0 0.000552908)
(0.00442547 0 0 0 0.000553184 0 0 0 0.000553184)
(0.0044277 0 0 0 0.000553462 0 0 0 0.000553462)
(0.00442994 0 0 0 0.000553742 0 0 0 0.000553742)
(0.0044322 0 0 0 0.000554025 0 0 0 0.000554025)
(0.00443448 0 0 0 0.000554309 0 0 0 0.000554309)
(0.00443677 0 0 0 0.000554596 0 0 0 0.000554596)
(0.00443908 0 0 0 0.000554885 0 0 0 0.000554885)
(0.00444141 0 0 0 0.000555177 0 0 0 0.000555177)
(0.00444376 0 0 0 0.00055547 0 0 0 0.00055547)
(0.00444612 0 0 0 0.000555765 0 0 0 0.000555765)
(0.00444849 0 0 0 0.000556062 0 0 0 0.000556062)
(0.00445089 0 0 0 0.000556361 0 0 0 0.000556361)
(0.00445329 0 0 0 0.000556662 0 0 0 0.000556662)
(0.00445571 0 0 0 0.000556964 0 0 0 0.000556964)
(0.00445815 0 0 0 0.000557269 0 0 0 0.000557269)
(0.0044606 0 0 0 0.000557575 0 0 0 0.000557575)
(0.00446307 0 0 0 0.000557883 0 0 0 0.000557883)
(0.00446555 0 0 0 0.000558193 0 0 0 0.000558193)
(0.00446804 0 0 0 0.000558505 0 0 0 0.000558505)
(0.00447055 0 0 0 0.000558819 0 0 0 0.000558819)
(0.00447308 0 0 0 0.000559135 0 0 0 0.000559135)
(0.00447562 0 0 0 0.000559453 0 0 0 0.000559453)
(0.00447819 0 0 0 0.000559773 0 0 0 0.000559773)
(0.00448077 0 0 0 0.000560096 0 0 0 0.000560096)
(0.00448337 0 0 0 0.000560422 0 0 0 0.000560422)
(0.004486 0 0 0 0.00056075 0 0 0 0.00056075)
(0.00448834 0 0 0 0.000561042 0 0 0 0.000561042)
(0.00448982 0 0 0 0.000561228 0 0 0 0.000561228)
(0.00412468 0 0 0 0.000515585 0 0 0 0.000515585)
(0.00412563 0 0 0 0.000515704 0 0 0 0.000515704)
(0.00412729 0 0 0 0.000515912 0 0 0 0.000515912)
(0.00412955 0 0 0 0.000516194 0 0 0 0.000516194)
(0.00413182 0 0 0 0.000516477 0 0 0 0.000516477)
(0.00413408 0 0 0 0.00051676 0 0 0 0.00051676)
(0.00413634 0 0 0 0.000517042 0 0 0 0.000517042)
(0.00413859 0 0 0 0.000517324 0 0 0 0.000517324)
(0.00414084 0 0 0 0.000517605 0 0 0 0.000517605)
(0.00414308 0 0 0 0.000517885 0 0 0 0.000517885)
(0.00414531 0 0 0 0.000518164 0 0 0 0.000518164)
(0.00414754 0 0 0 0.000518443 0 0 0 0.000518443)
(0.00414977 0 0 0 0.000518721 0 0 0 0.000518721)
(0.00415198 0 0 0 0.000518998 0 0 0 0.000518998)
(0.00415419 0 0 0 0.000519274 0 0 0 0.000519274)
(0.00415639 0 0 0 0.000519549 0 0 0 0.000519549)
(0.00415859 0 0 0 0.000519823 0 0 0 0.000519823)
(0.00416077 0 0 0 0.000520096 0 0 0 0.000520096)
(0.00416295 0 0 0 0.000520368 0 0 0 0.000520368)
(0.00416511 0 0 0 0.000520639 0 0 0 0.000520639)
(0.00416727 0 0 0 0.000520909 0 0 0 0.000520909)
(0.00416942 0 0 0 0.000521177 0 0 0 0.000521177)
(0.00417156 0 0 0 0.000521445 0 0 0 0.000521445)
(0.00417369 0 0 0 0.000521711 0 0 0 0.000521711)
(0.0041758 0 0 0 0.000521975 0 0 0 0.000521975)
(0.00417791 0 0 0 0.000522239 0 0 0 0.000522239)
(0.00418 0 0 0 0.000522501 0 0 0 0.000522501)
(0.00418209 0 0 0 0.000522761 0 0 0 0.000522761)
(0.00418416 0 0 0 0.00052302 0 0 0 0.00052302)
(0.00418622 0 0 0 0.000523277 0 0 0 0.000523277)
(0.00418827 0 0 0 0.000523533 0 0 0 0.000523533)
(0.0041903 0 0 0 0.000523788 0 0 0 0.000523788)
(0.00419232 0 0 0 0.00052404 0 0 0 0.00052404)
(0.00419433 0 0 0 0.000524291 0 0 0 0.000524291)
(0.00419632 0 0 0 0.00052454 0 0 0 0.00052454)
(0.0041983 0 0 0 0.000524788 0 0 0 0.000524788)
(0.00420027 0 0 0 0.000525034 0 0 0 0.000525034)
(0.00420222 0 0 0 0.000525278 0 0 0 0.000525278)
(0.00420416 0 0 0 0.00052552 0 0 0 0.00052552)
(0.00420608 0 0 0 0.00052576 0 0 0 0.00052576)
(0.00420799 0 0 0 0.000525999 0 0 0 0.000525999)
(0.00420988 0 0 0 0.000526235 0 0 0 0.000526235)
(0.00421176 0 0 0 0.00052647 0 0 0 0.00052647)
(0.00421362 0 0 0 0.000526702 0 0 0 0.000526702)
(0.00421546 0 0 0 0.000526933 0 0 0 0.000526933)
(0.00421729 0 0 0 0.000527162 0 0 0 0.000527162)
(0.0042191 0 0 0 0.000527388 0 0 0 0.000527388)
(0.0042209 0 0 0 0.000527613 0 0 0 0.000527613)
(0.00422268 0 0 0 0.000527835 0 0 0 0.000527835)
(0.00422444 0 0 0 0.000528055 0 0 0 0.000528055)
(0.00422618 0 0 0 0.000528273 0 0 0 0.000528273)
(0.00422791 0 0 0 0.000528489 0 0 0 0.000528489)
(0.00422962 0 0 0 0.000528702 0 0 0 0.000528702)
(0.00423131 0 0 0 0.000528913 0 0 0 0.000528913)
(0.00423298 0 0 0 0.000529123 0 0 0 0.000529123)
(0.00423463 0 0 0 0.000529329 0 0 0 0.000529329)
(0.00423627 0 0 0 0.000529534 0 0 0 0.000529534)
(0.00423789 0 0 0 0.000529736 0 0 0 0.000529736)
(0.00423948 0 0 0 0.000529935 0 0 0 0.000529935)
(0.00424106 0 0 0 0.000530133 0 0 0 0.000530133)
(0.00424262 0 0 0 0.000530328 0 0 0 0.000530328)
(0.00424416 0 0 0 0.00053052 0 0 0 0.00053052)
(0.00424568 0 0 0 0.00053071 0 0 0 0.00053071)
(0.00424719 0 0 0 0.000530898 0 0 0 0.000530898)
(0.00424867 0 0 0 0.000531083 0 0 0 0.000531083)
(0.00425013 0 0 0 0.000531266 0 0 0 0.000531266)
(0.00425157 0 0 0 0.000531446 0 0 0 0.000531446)
(0.00425299 0 0 0 0.000531624 0 0 0 0.000531624)
(0.00425439 0 0 0 0.000531799 0 0 0 0.000531799)
(0.00425578 0 0 0 0.000531972 0 0 0 0.000531972)
(0.00425714 0 0 0 0.000532142 0 0 0 0.000532142)
(0.00425848 0 0 0 0.00053231 0 0 0 0.00053231)
(0.0042598 0 0 0 0.000532475 0 0 0 0.000532475)
(0.0042611 0 0 0 0.000532637 0 0 0 0.000532637)
(0.00426238 0 0 0 0.000532797 0 0 0 0.000532797)
(0.00426364 0 0 0 0.000532955 0 0 0 0.000532955)
(0.00426488 0 0 0 0.000533109 0 0 0 0.000533109)
(0.00426609 0 0 0 0.000533262 0 0 0 0.000533262)
(0.00426729 0 0 0 0.000533411 0 0 0 0.000533411)
(0.00426847 0 0 0 0.000533558 0 0 0 0.000533558)
(0.00426962 0 0 0 0.000533703 0 0 0 0.000533703)
(0.00427076 0 0 0 0.000533845 0 0 0 0.000533845)
(0.00427187 0 0 0 0.000533984 0 0 0 0.000533984)
(0.00427297 0 0 0 0.000534121 0 0 0 0.000534121)
(0.00427404 0 0 0 0.000534255 0 0 0 0.000534255)
(0.00427509 0 0 0 0.000534387 0 0 0 0.000534387)
(0.00427613 0 0 0 0.000534516 0 0 0 0.000534516)
(0.00427714 0 0 0 0.000534642 0 0 0 0.000534642)
(0.00427813 0 0 0 0.000534766 0 0 0 0.000534766)
(0.0042791 0 0 0 0.000534888 0 0 0 0.000534888)
(0.00428005 0 0 0 0.000535007 0 0 0 0.000535007)
(0.00428099 0 0 0 0.000535123 0 0 0 0.000535123)
(0.0042819 0 0 0 0.000535237 0 0 0 0.000535237)
(0.00428279 0 0 0 0.000535349 0 0 0 0.000535349)
(0.00428367 0 0 0 0.000535458 0 0 0 0.000535458)
(0.00428452 0 0 0 0.000535565 0 0 0 0.000535565)
(0.00428536 0 0 0 0.00053567 0 0 0 0.00053567)
(0.00428617 0 0 0 0.000535772 0 0 0 0.000535772)
(0.00428697 0 0 0 0.000535871 0 0 0 0.000535871)
(0.00428775 0 0 0 0.000535969 0 0 0 0.000535969)
(0.00428851 0 0 0 0.000536064 0 0 0 0.000536064)
(0.00428926 0 0 0 0.000536157 0 0 0 0.000536157)
(0.00428998 0 0 0 0.000536248 0 0 0 0.000536248)
(0.00429069 0 0 0 0.000536336 0 0 0 0.000536336)
(0.00429138 0 0 0 0.000536423 0 0 0 0.000536423)
(0.00429206 0 0 0 0.000536507 0 0 0 0.000536507)
(0.00429271 0 0 0 0.000536589 0 0 0 0.000536589)
(0.00429336 0 0 0 0.000536669 0 0 0 0.000536669)
(0.00429398 0 0 0 0.000536748 0 0 0 0.000536748)
(0.00429459 0 0 0 0.000536824 0 0 0 0.000536824)
(0.00429519 0 0 0 0.000536898 0 0 0 0.000536898)
(0.00429577 0 0 0 0.000536971 0 0 0 0.000536971)
(0.00429633 0 0 0 0.000537041 0 0 0 0.000537041)
(0.00429688 0 0 0 0.00053711 0 0 0 0.00053711)
(0.00429742 0 0 0 0.000537178 0 0 0 0.000537178)
(0.00429795 0 0 0 0.000537243 0 0 0 0.000537243)
(0.00429846 0 0 0 0.000537307 0 0 0 0.000537307)
(0.00429896 0 0 0 0.00053737 0 0 0 0.00053737)
(0.00429945 0 0 0 0.000537431 0 0 0 0.000537431)
(0.00429992 0 0 0 0.00053749 0 0 0 0.00053749)
(0.00430039 0 0 0 0.000537549 0 0 0 0.000537549)
(0.00430085 0 0 0 0.000537606 0 0 0 0.000537606)
(0.00430129 0 0 0 0.000537661 0 0 0 0.000537661)
(0.00430173 0 0 0 0.000537716 0 0 0 0.000537716)
(0.00430216 0 0 0 0.00053777 0 0 0 0.00053777)
(0.00430258 0 0 0 0.000537822 0 0 0 0.000537822)
(0.00430299 0 0 0 0.000537874 0 0 0 0.000537874)
(0.0043034 0 0 0 0.000537925 0 0 0 0.000537925)
(0.0043038 0 0 0 0.000537975 0 0 0 0.000537975)
(0.00430419 0 0 0 0.000538024 0 0 0 0.000538024)
(0.00430458 0 0 0 0.000538073 0 0 0 0.000538073)
(0.00430497 0 0 0 0.000538121 0 0 0 0.000538121)
(0.00430535 0 0 0 0.000538169 0 0 0 0.000538169)
(0.00430573 0 0 0 0.000538216 0 0 0 0.000538216)
(0.00430611 0 0 0 0.000538263 0 0 0 0.000538263)
(0.00430648 0 0 0 0.000538311 0 0 0 0.000538311)
(0.00430686 0 0 0 0.000538357 0 0 0 0.000538357)
(0.00430723 0 0 0 0.000538404 0 0 0 0.000538404)
(0.0043076 0 0 0 0.00053845 0 0 0 0.00053845)
(0.00430796 0 0 0 0.000538496 0 0 0 0.000538496)
(0.00430833 0 0 0 0.000538541 0 0 0 0.000538541)
(0.0043087 0 0 0 0.000538587 0 0 0 0.000538587)
(0.00430907 0 0 0 0.000538633 0 0 0 0.000538633)
(0.00430944 0 0 0 0.00053868 0 0 0 0.00053868)
(0.00430981 0 0 0 0.000538726 0 0 0 0.000538726)
(0.00431019 0 0 0 0.000538773 0 0 0 0.000538773)
(0.00431057 0 0 0 0.000538821 0 0 0 0.000538821)
(0.00431095 0 0 0 0.000538869 0 0 0 0.000538869)
(0.00431134 0 0 0 0.000538918 0 0 0 0.000538918)
(0.00431174 0 0 0 0.000538967 0 0 0 0.000538967)
(0.00431214 0 0 0 0.000539017 0 0 0 0.000539017)
(0.00431255 0 0 0 0.000539069 0 0 0 0.000539069)
(0.00431297 0 0 0 0.000539121 0 0 0 0.000539121)
(0.00431339 0 0 0 0.000539174 0 0 0 0.000539174)
(0.00431383 0 0 0 0.000539229 0 0 0 0.000539229)
(0.00431428 0 0 0 0.000539285 0 0 0 0.000539285)
(0.00431473 0 0 0 0.000539341 0 0 0 0.000539341)
(0.0043152 0 0 0 0.0005394 0 0 0 0.0005394)
(0.00431568 0 0 0 0.000539459 0 0 0 0.000539459)
(0.00431617 0 0 0 0.000539521 0 0 0 0.000539521)
(0.00431667 0 0 0 0.000539583 0 0 0 0.000539583)
(0.00431718 0 0 0 0.000539648 0 0 0 0.000539648)
(0.00431771 0 0 0 0.000539714 0 0 0 0.000539714)
(0.00431825 0 0 0 0.000539781 0 0 0 0.000539781)
(0.00431881 0 0 0 0.000539851 0 0 0 0.000539851)
(0.00431938 0 0 0 0.000539922 0 0 0 0.000539922)
(0.00431996 0 0 0 0.000539995 0 0 0 0.000539995)
(0.00432056 0 0 0 0.00054007 0 0 0 0.00054007)
(0.00432118 0 0 0 0.000540147 0 0 0 0.000540147)
(0.00432181 0 0 0 0.000540227 0 0 0 0.000540227)
(0.00432246 0 0 0 0.000540308 0 0 0 0.000540308)
(0.00432313 0 0 0 0.000540391 0 0 0 0.000540391)
(0.00432381 0 0 0 0.000540476 0 0 0 0.000540476)
(0.00432451 0 0 0 0.000540564 0 0 0 0.000540564)
(0.00432523 0 0 0 0.000540654 0 0 0 0.000540654)
(0.00432597 0 0 0 0.000540746 0 0 0 0.000540746)
(0.00432673 0 0 0 0.000540841 0 0 0 0.000540841)
(0.0043275 0 0 0 0.000540938 0 0 0 0.000540938)
(0.0043283 0 0 0 0.000541037 0 0 0 0.000541037)
(0.00432911 0 0 0 0.000541139 0 0 0 0.000541139)
(0.00432995 0 0 0 0.000541244 0 0 0 0.000541244)
(0.0043308 0 0 0 0.000541351 0 0 0 0.000541351)
(0.00433168 0 0 0 0.00054146 0 0 0 0.00054146)
(0.00433258 0 0 0 0.000541572 0 0 0 0.000541572)
(0.00433349 0 0 0 0.000541687 0 0 0 0.000541687)
(0.00433443 0 0 0 0.000541804 0 0 0 0.000541804)
(0.00433539 0 0 0 0.000541924 0 0 0 0.000541924)
(0.00433637 0 0 0 0.000542047 0 0 0 0.000542047)
(0.00433738 0 0 0 0.000542172 0 0 0 0.000542172)
(0.0043384 0 0 0 0.0005423 0 0 0 0.0005423)
(0.00433945 0 0 0 0.000542431 0 0 0 0.000542431)
(0.00434052 0 0 0 0.000542565 0 0 0 0.000542565)
(0.00434161 0 0 0 0.000542701 0 0 0 0.000542701)
(0.00434273 0 0 0 0.000542841 0 0 0 0.000542841)
(0.00434386 0 0 0 0.000542983 0 0 0 0.000542983)
(0.00434502 0 0 0 0.000543128 0 0 0 0.000543128)
(0.00434621 0 0 0 0.000543276 0 0 0 0.000543276)
(0.00434741 0 0 0 0.000543427 0 0 0 0.000543427)
(0.00434864 0 0 0 0.00054358 0 0 0 0.00054358)
(0.0043499 0 0 0 0.000543737 0 0 0 0.000543737)
(0.00435117 0 0 0 0.000543896 0 0 0 0.000543896)
(0.00435247 0 0 0 0.000544059 0 0 0 0.000544059)
(0.00435379 0 0 0 0.000544224 0 0 0 0.000544224)
(0.00435514 0 0 0 0.000544392 0 0 0 0.000544392)
(0.00435651 0 0 0 0.000544564 0 0 0 0.000544564)
(0.0043579 0 0 0 0.000544738 0 0 0 0.000544738)
(0.00435932 0 0 0 0.000544915 0 0 0 0.000544915)
(0.00436076 0 0 0 0.000545095 0 0 0 0.000545095)
(0.00436223 0 0 0 0.000545278 0 0 0 0.000545278)
(0.00436371 0 0 0 0.000545464 0 0 0 0.000545464)
(0.00436522 0 0 0 0.000545653 0 0 0 0.000545653)
(0.00436676 0 0 0 0.000545845 0 0 0 0.000545845)
(0.00436832 0 0 0 0.00054604 0 0 0 0.00054604)
(0.0043699 0 0 0 0.000546237 0 0 0 0.000546237)
(0.0043715 0 0 0 0.000546438 0 0 0 0.000546438)
(0.00437313 0 0 0 0.000546642 0 0 0 0.000546642)
(0.00437478 0 0 0 0.000546848 0 0 0 0.000546848)
(0.00437646 0 0 0 0.000547057 0 0 0 0.000547057)
(0.00437816 0 0 0 0.00054727 0 0 0 0.00054727)
(0.00437988 0 0 0 0.000547485 0 0 0 0.000547485)
(0.00438162 0 0 0 0.000547703 0 0 0 0.000547703)
(0.00438339 0 0 0 0.000547923 0 0 0 0.000547923)
(0.00438518 0 0 0 0.000548147 0 0 0 0.000548147)
(0.00438699 0 0 0 0.000548374 0 0 0 0.000548374)
(0.00438882 0 0 0 0.000548603 0 0 0 0.000548603)
(0.00439068 0 0 0 0.000548835 0 0 0 0.000548835)
(0.00439256 0 0 0 0.00054907 0 0 0 0.00054907)
(0.00439446 0 0 0 0.000549307 0 0 0 0.000549307)
(0.00439638 0 0 0 0.000549547 0 0 0 0.000549547)
(0.00439832 0 0 0 0.00054979 0 0 0 0.00054979)
(0.00440029 0 0 0 0.000550036 0 0 0 0.000550036)
(0.00440227 0 0 0 0.000550284 0 0 0 0.000550284)
(0.00440428 0 0 0 0.000550535 0 0 0 0.000550535)
(0.00440631 0 0 0 0.000550788 0 0 0 0.000550788)
(0.00440836 0 0 0 0.000551045 0 0 0 0.000551045)
(0.00441043 0 0 0 0.000551303 0 0 0 0.000551303)
(0.00441251 0 0 0 0.000551564 0 0 0 0.000551564)
(0.00441462 0 0 0 0.000551828 0 0 0 0.000551828)
(0.00441675 0 0 0 0.000552094 0 0 0 0.000552094)
(0.0044189 0 0 0 0.000552363 0 0 0 0.000552363)
(0.00442107 0 0 0 0.000552634 0 0 0 0.000552634)
(0.00442325 0 0 0 0.000552907 0 0 0 0.000552907)
(0.00442546 0 0 0 0.000553183 0 0 0 0.000553183)
(0.00442768 0 0 0 0.00055346 0 0 0 0.00055346)
(0.00442993 0 0 0 0.000553741 0 0 0 0.000553741)
(0.00443218 0 0 0 0.000554023 0 0 0 0.000554023)
(0.00443446 0 0 0 0.000554308 0 0 0 0.000554308)
(0.00443676 0 0 0 0.000554594 0 0 0 0.000554594)
(0.00443907 0 0 0 0.000554883 0 0 0 0.000554883)
(0.00444139 0 0 0 0.000555174 0 0 0 0.000555174)
(0.00444374 0 0 0 0.000555467 0 0 0 0.000555467)
(0.00444609 0 0 0 0.000555762 0 0 0 0.000555762)
(0.00444847 0 0 0 0.000556058 0 0 0 0.000556058)
(0.00445086 0 0 0 0.000556357 0 0 0 0.000556357)
(0.00445326 0 0 0 0.000556657 0 0 0 0.000556657)
(0.00445567 0 0 0 0.000556959 0 0 0 0.000556959)
(0.0044581 0 0 0 0.000557263 0 0 0 0.000557263)
(0.00446055 0 0 0 0.000557568 0 0 0 0.000557568)
(0.004463 0 0 0 0.000557875 0 0 0 0.000557875)
(0.00446547 0 0 0 0.000558184 0 0 0 0.000558184)
(0.00446795 0 0 0 0.000558494 0 0 0 0.000558494)
(0.00447045 0 0 0 0.000558806 0 0 0 0.000558806)
(0.00447296 0 0 0 0.00055912 0 0 0 0.00055912)
(0.00447549 0 0 0 0.000559436 0 0 0 0.000559436)
(0.00447804 0 0 0 0.000559755 0 0 0 0.000559755)
(0.00448061 0 0 0 0.000560076 0 0 0 0.000560076)
(0.0044832 0 0 0 0.0005604 0 0 0 0.0005604)
(0.00448581 0 0 0 0.000560726 0 0 0 0.000560726)
(0.00448814 0 0 0 0.000561018 0 0 0 0.000561018)
(0.00448955 0 0 0 0.000561194 0 0 0 0.000561194)
(0.00412456 0 0 0 0.00051557 0 0 0 0.00051557)
(0.00412552 0 0 0 0.00051569 0 0 0 0.00051569)
(0.0041272 0 0 0 0.0005159 0 0 0 0.0005159)
(0.00412948 0 0 0 0.000516186 0 0 0 0.000516186)
(0.00413177 0 0 0 0.000516471 0 0 0 0.000516471)
(0.00413405 0 0 0 0.000516756 0 0 0 0.000516756)
(0.00413631 0 0 0 0.000517039 0 0 0 0.000517039)
(0.00413857 0 0 0 0.000517322 0 0 0 0.000517322)
(0.00414083 0 0 0 0.000517603 0 0 0 0.000517603)
(0.00414307 0 0 0 0.000517884 0 0 0 0.000517884)
(0.00414531 0 0 0 0.000518164 0 0 0 0.000518164)
(0.00414754 0 0 0 0.000518442 0 0 0 0.000518442)
(0.00414976 0 0 0 0.00051872 0 0 0 0.00051872)
(0.00415198 0 0 0 0.000518997 0 0 0 0.000518997)
(0.00415419 0 0 0 0.000519273 0 0 0 0.000519273)
(0.00415639 0 0 0 0.000519549 0 0 0 0.000519549)
(0.00415858 0 0 0 0.000519823 0 0 0 0.000519823)
(0.00416077 0 0 0 0.000520096 0 0 0 0.000520096)
(0.00416294 0 0 0 0.000520368 0 0 0 0.000520368)
(0.00416511 0 0 0 0.000520639 0 0 0 0.000520639)
(0.00416727 0 0 0 0.000520909 0 0 0 0.000520909)
(0.00416942 0 0 0 0.000521177 0 0 0 0.000521177)
(0.00417156 0 0 0 0.000521445 0 0 0 0.000521445)
(0.00417368 0 0 0 0.000521711 0 0 0 0.000521711)
(0.0041758 0 0 0 0.000521975 0 0 0 0.000521975)
(0.00417791 0 0 0 0.000522238 0 0 0 0.000522238)
(0.00418 0 0 0 0.0005225 0 0 0 0.0005225)
(0.00418209 0 0 0 0.000522761 0 0 0 0.000522761)
(0.00418416 0 0 0 0.00052302 0 0 0 0.00052302)
(0.00418622 0 0 0 0.000523277 0 0 0 0.000523277)
(0.00418826 0 0 0 0.000523533 0 0 0 0.000523533)
(0.0041903 0 0 0 0.000523787 0 0 0 0.000523787)
(0.00419232 0 0 0 0.00052404 0 0 0 0.00052404)
(0.00419433 0 0 0 0.000524291 0 0 0 0.000524291)
(0.00419632 0 0 0 0.00052454 0 0 0 0.00052454)
(0.0041983 0 0 0 0.000524788 0 0 0 0.000524788)
(0.00420027 0 0 0 0.000525034 0 0 0 0.000525034)
(0.00420222 0 0 0 0.000525278 0 0 0 0.000525278)
(0.00420416 0 0 0 0.00052552 0 0 0 0.00052552)
(0.00420608 0 0 0 0.00052576 0 0 0 0.00052576)
(0.00420799 0 0 0 0.000525999 0 0 0 0.000525999)
(0.00420988 0 0 0 0.000526235 0 0 0 0.000526235)
(0.00421176 0 0 0 0.00052647 0 0 0 0.00052647)
(0.00421362 0 0 0 0.000526702 0 0 0 0.000526702)
(0.00421546 0 0 0 0.000526933 0 0 0 0.000526933)
(0.00421729 0 0 0 0.000527161 0 0 0 0.000527161)
(0.0042191 0 0 0 0.000527388 0 0 0 0.000527388)
(0.0042209 0 0 0 0.000527612 0 0 0 0.000527612)
(0.00422268 0 0 0 0.000527835 0 0 0 0.000527835)
(0.00422444 0 0 0 0.000528055 0 0 0 0.000528055)
(0.00422618 0 0 0 0.000528273 0 0 0 0.000528273)
(0.00422791 0 0 0 0.000528489 0 0 0 0.000528489)
(0.00422962 0 0 0 0.000528702 0 0 0 0.000528702)
(0.00423131 0 0 0 0.000528913 0 0 0 0.000528913)
(0.00423298 0 0 0 0.000529122 0 0 0 0.000529122)
(0.00423463 0 0 0 0.000529329 0 0 0 0.000529329)
(0.00423627 0 0 0 0.000529534 0 0 0 0.000529534)
(0.00423789 0 0 0 0.000529736 0 0 0 0.000529736)
(0.00423948 0 0 0 0.000529935 0 0 0 0.000529935)
(0.00424106 0 0 0 0.000530133 0 0 0 0.000530133)
(0.00424262 0 0 0 0.000530328 0 0 0 0.000530328)
(0.00424416 0 0 0 0.00053052 0 0 0 0.00053052)
(0.00424568 0 0 0 0.00053071 0 0 0 0.00053071)
(0.00424718 0 0 0 0.000530898 0 0 0 0.000530898)
(0.00424867 0 0 0 0.000531083 0 0 0 0.000531083)
(0.00425013 0 0 0 0.000531266 0 0 0 0.000531266)
(0.00425157 0 0 0 0.000531446 0 0 0 0.000531446)
(0.00425299 0 0 0 0.000531624 0 0 0 0.000531624)
(0.00425439 0 0 0 0.000531799 0 0 0 0.000531799)
(0.00425578 0 0 0 0.000531972 0 0 0 0.000531972)
(0.00425714 0 0 0 0.000532142 0 0 0 0.000532142)
(0.00425848 0 0 0 0.00053231 0 0 0 0.00053231)
(0.0042598 0 0 0 0.000532475 0 0 0 0.000532475)
(0.0042611 0 0 0 0.000532637 0 0 0 0.000532637)
(0.00426238 0 0 0 0.000532797 0 0 0 0.000532797)
(0.00426364 0 0 0 0.000532955 0 0 0 0.000532955)
(0.00426487 0 0 0 0.000533109 0 0 0 0.000533109)
(0.00426609 0 0 0 0.000533262 0 0 0 0.000533262)
(0.00426729 0 0 0 0.000533411 0 0 0 0.000533411)
(0.00426847 0 0 0 0.000533558 0 0 0 0.000533558)
(0.00426962 0 0 0 0.000533703 0 0 0 0.000533703)
(0.00427076 0 0 0 0.000533845 0 0 0 0.000533845)
(0.00427187 0 0 0 0.000533984 0 0 0 0.000533984)
(0.00427297 0 0 0 0.000534121 0 0 0 0.000534121)
(0.00427404 0 0 0 0.000534255 0 0 0 0.000534255)
(0.00427509 0 0 0 0.000534387 0 0 0 0.000534387)
(0.00427613 0 0 0 0.000534516 0 0 0 0.000534516)
(0.00427714 0 0 0 0.000534642 0 0 0 0.000534642)
(0.00427813 0 0 0 0.000534766 0 0 0 0.000534766)
(0.0042791 0 0 0 0.000534888 0 0 0 0.000534888)
(0.00428005 0 0 0 0.000535007 0 0 0 0.000535007)
(0.00428099 0 0 0 0.000535123 0 0 0 0.000535123)
(0.0042819 0 0 0 0.000535237 0 0 0 0.000535237)
(0.00428279 0 0 0 0.000535349 0 0 0 0.000535349)
(0.00428367 0 0 0 0.000535458 0 0 0 0.000535458)
(0.00428452 0 0 0 0.000535565 0 0 0 0.000535565)
(0.00428536 0 0 0 0.00053567 0 0 0 0.00053567)
(0.00428617 0 0 0 0.000535772 0 0 0 0.000535772)
(0.00428697 0 0 0 0.000535871 0 0 0 0.000535871)
(0.00428775 0 0 0 0.000535969 0 0 0 0.000535969)
(0.00428851 0 0 0 0.000536064 0 0 0 0.000536064)
(0.00428926 0 0 0 0.000536157 0 0 0 0.000536157)
(0.00428998 0 0 0 0.000536248 0 0 0 0.000536248)
(0.00429069 0 0 0 0.000536336 0 0 0 0.000536336)
(0.00429138 0 0 0 0.000536423 0 0 0 0.000536423)
(0.00429206 0 0 0 0.000536507 0 0 0 0.000536507)
(0.00429271 0 0 0 0.000536589 0 0 0 0.000536589)
(0.00429335 0 0 0 0.000536669 0 0 0 0.000536669)
(0.00429398 0 0 0 0.000536748 0 0 0 0.000536748)
(0.00429459 0 0 0 0.000536824 0 0 0 0.000536824)
(0.00429519 0 0 0 0.000536898 0 0 0 0.000536898)
(0.00429577 0 0 0 0.000536971 0 0 0 0.000536971)
(0.00429633 0 0 0 0.000537041 0 0 0 0.000537041)
(0.00429688 0 0 0 0.00053711 0 0 0 0.00053711)
(0.00429742 0 0 0 0.000537178 0 0 0 0.000537178)
(0.00429795 0 0 0 0.000537243 0 0 0 0.000537243)
(0.00429846 0 0 0 0.000537307 0 0 0 0.000537307)
(0.00429896 0 0 0 0.00053737 0 0 0 0.00053737)
(0.00429945 0 0 0 0.000537431 0 0 0 0.000537431)
(0.00429992 0 0 0 0.00053749 0 0 0 0.00053749)
(0.00430039 0 0 0 0.000537549 0 0 0 0.000537549)
(0.00430085 0 0 0 0.000537606 0 0 0 0.000537606)
(0.00430129 0 0 0 0.000537661 0 0 0 0.000537661)
(0.00430173 0 0 0 0.000537716 0 0 0 0.000537716)
(0.00430216 0 0 0 0.00053777 0 0 0 0.00053777)
(0.00430258 0 0 0 0.000537822 0 0 0 0.000537822)
(0.00430299 0 0 0 0.000537874 0 0 0 0.000537874)
(0.0043034 0 0 0 0.000537924 0 0 0 0.000537924)
(0.0043038 0 0 0 0.000537974 0 0 0 0.000537974)
(0.00430419 0 0 0 0.000538024 0 0 0 0.000538024)
(0.00430458 0 0 0 0.000538073 0 0 0 0.000538073)
(0.00430497 0 0 0 0.000538121 0 0 0 0.000538121)
(0.00430535 0 0 0 0.000538169 0 0 0 0.000538169)
(0.00430573 0 0 0 0.000538216 0 0 0 0.000538216)
(0.00430611 0 0 0 0.000538263 0 0 0 0.000538263)
(0.00430648 0 0 0 0.000538311 0 0 0 0.000538311)
(0.00430686 0 0 0 0.000538357 0 0 0 0.000538357)
(0.00430723 0 0 0 0.000538404 0 0 0 0.000538404)
(0.0043076 0 0 0 0.00053845 0 0 0 0.00053845)
(0.00430796 0 0 0 0.000538496 0 0 0 0.000538496)
(0.00430833 0 0 0 0.000538541 0 0 0 0.000538541)
(0.0043087 0 0 0 0.000538587 0 0 0 0.000538587)
(0.00430907 0 0 0 0.000538633 0 0 0 0.000538633)
(0.00430944 0 0 0 0.00053868 0 0 0 0.00053868)
(0.00430981 0 0 0 0.000538726 0 0 0 0.000538726)
(0.00431019 0 0 0 0.000538773 0 0 0 0.000538773)
(0.00431057 0 0 0 0.000538821 0 0 0 0.000538821)
(0.00431095 0 0 0 0.000538869 0 0 0 0.000538869)
(0.00431134 0 0 0 0.000538918 0 0 0 0.000538918)
(0.00431174 0 0 0 0.000538967 0 0 0 0.000538967)
(0.00431214 0 0 0 0.000539017 0 0 0 0.000539017)
(0.00431255 0 0 0 0.000539069 0 0 0 0.000539069)
(0.00431297 0 0 0 0.000539121 0 0 0 0.000539121)
(0.00431339 0 0 0 0.000539174 0 0 0 0.000539174)
(0.00431383 0 0 0 0.000539229 0 0 0 0.000539229)
(0.00431428 0 0 0 0.000539284 0 0 0 0.000539284)
(0.00431473 0 0 0 0.000539341 0 0 0 0.000539341)
(0.0043152 0 0 0 0.0005394 0 0 0 0.0005394)
(0.00431567 0 0 0 0.000539459 0 0 0 0.000539459)
(0.00431616 0 0 0 0.000539521 0 0 0 0.000539521)
(0.00431667 0 0 0 0.000539583 0 0 0 0.000539583)
(0.00431718 0 0 0 0.000539648 0 0 0 0.000539648)
(0.00431771 0 0 0 0.000539714 0 0 0 0.000539714)
(0.00431825 0 0 0 0.000539781 0 0 0 0.000539781)
(0.00431881 0 0 0 0.000539851 0 0 0 0.000539851)
(0.00431938 0 0 0 0.000539922 0 0 0 0.000539922)
(0.00431996 0 0 0 0.000539995 0 0 0 0.000539995)
(0.00432056 0 0 0 0.00054007 0 0 0 0.00054007)
(0.00432118 0 0 0 0.000540147 0 0 0 0.000540147)
(0.00432181 0 0 0 0.000540226 0 0 0 0.000540226)
(0.00432246 0 0 0 0.000540308 0 0 0 0.000540308)
(0.00432313 0 0 0 0.000540391 0 0 0 0.000540391)
(0.00432381 0 0 0 0.000540476 0 0 0 0.000540476)
(0.00432451 0 0 0 0.000540564 0 0 0 0.000540564)
(0.00432523 0 0 0 0.000540654 0 0 0 0.000540654)
(0.00432597 0 0 0 0.000540746 0 0 0 0.000540746)
(0.00432673 0 0 0 0.000540841 0 0 0 0.000540841)
(0.0043275 0 0 0 0.000540938 0 0 0 0.000540938)
(0.0043283 0 0 0 0.000541037 0 0 0 0.000541037)
(0.00432911 0 0 0 0.000541139 0 0 0 0.000541139)
(0.00432995 0 0 0 0.000541244 0 0 0 0.000541244)
(0.0043308 0 0 0 0.00054135 0 0 0 0.00054135)
(0.00433168 0 0 0 0.00054146 0 0 0 0.00054146)
(0.00433257 0 0 0 0.000541572 0 0 0 0.000541572)
(0.00433349 0 0 0 0.000541687 0 0 0 0.000541687)
(0.00433443 0 0 0 0.000541804 0 0 0 0.000541804)
(0.00433539 0 0 0 0.000541924 0 0 0 0.000541924)
(0.00433637 0 0 0 0.000542046 0 0 0 0.000542046)
(0.00433737 0 0 0 0.000542172 0 0 0 0.000542172)
(0.0043384 0 0 0 0.0005423 0 0 0 0.0005423)
(0.00433945 0 0 0 0.000542431 0 0 0 0.000542431)
(0.00434052 0 0 0 0.000542565 0 0 0 0.000542565)
(0.00434161 0 0 0 0.000542701 0 0 0 0.000542701)
(0.00434272 0 0 0 0.00054284 0 0 0 0.00054284)
(0.00434386 0 0 0 0.000542983 0 0 0 0.000542983)
(0.00434502 0 0 0 0.000543128 0 0 0 0.000543128)
(0.0043462 0 0 0 0.000543275 0 0 0 0.000543275)
(0.00434741 0 0 0 0.000543426 0 0 0 0.000543426)
(0.00434864 0 0 0 0.00054358 0 0 0 0.00054358)
(0.00434989 0 0 0 0.000543737 0 0 0 0.000543737)
(0.00435117 0 0 0 0.000543896 0 0 0 0.000543896)
(0.00435247 0 0 0 0.000544058 0 0 0 0.000544058)
(0.00435379 0 0 0 0.000544224 0 0 0 0.000544224)
(0.00435514 0 0 0 0.000544392 0 0 0 0.000544392)
(0.00435651 0 0 0 0.000544563 0 0 0 0.000544563)
(0.0043579 0 0 0 0.000544738 0 0 0 0.000544738)
(0.00435932 0 0 0 0.000544915 0 0 0 0.000544915)
(0.00436076 0 0 0 0.000545095 0 0 0 0.000545095)
(0.00436222 0 0 0 0.000545278 0 0 0 0.000545278)
(0.00436371 0 0 0 0.000545464 0 0 0 0.000545464)
(0.00436522 0 0 0 0.000545653 0 0 0 0.000545653)
(0.00436676 0 0 0 0.000545844 0 0 0 0.000545844)
(0.00436831 0 0 0 0.000546039 0 0 0 0.000546039)
(0.0043699 0 0 0 0.000546237 0 0 0 0.000546237)
(0.0043715 0 0 0 0.000546438 0 0 0 0.000546438)
(0.00437313 0 0 0 0.000546641 0 0 0 0.000546641)
(0.00437478 0 0 0 0.000546848 0 0 0 0.000546848)
(0.00437646 0 0 0 0.000547057 0 0 0 0.000547057)
(0.00437815 0 0 0 0.000547269 0 0 0 0.000547269)
(0.00437987 0 0 0 0.000547484 0 0 0 0.000547484)
(0.00438162 0 0 0 0.000547702 0 0 0 0.000547702)
(0.00438338 0 0 0 0.000547923 0 0 0 0.000547923)
(0.00438517 0 0 0 0.000548147 0 0 0 0.000548147)
(0.00438698 0 0 0 0.000548373 0 0 0 0.000548373)
(0.00438882 0 0 0 0.000548602 0 0 0 0.000548602)
(0.00439067 0 0 0 0.000548834 0 0 0 0.000548834)
(0.00439255 0 0 0 0.000549069 0 0 0 0.000549069)
(0.00439445 0 0 0 0.000549306 0 0 0 0.000549306)
(0.00439637 0 0 0 0.000549547 0 0 0 0.000549547)
(0.00439832 0 0 0 0.00054979 0 0 0 0.00054979)
(0.00440028 0 0 0 0.000550035 0 0 0 0.000550035)
(0.00440227 0 0 0 0.000550283 0 0 0 0.000550283)
(0.00440427 0 0 0 0.000550534 0 0 0 0.000550534)
(0.0044063 0 0 0 0.000550788 0 0 0 0.000550788)
(0.00440835 0 0 0 0.000551044 0 0 0 0.000551044)
(0.00441042 0 0 0 0.000551302 0 0 0 0.000551302)
(0.00441251 0 0 0 0.000551564 0 0 0 0.000551564)
(0.00441462 0 0 0 0.000551827 0 0 0 0.000551827)
(0.00441675 0 0 0 0.000552093 0 0 0 0.000552093)
(0.00441889 0 0 0 0.000552362 0 0 0 0.000552362)
(0.00442106 0 0 0 0.000552633 0 0 0 0.000552633)
(0.00442325 0 0 0 0.000552906 0 0 0 0.000552906)
(0.00442545 0 0 0 0.000553182 0 0 0 0.000553182)
(0.00442768 0 0 0 0.000553459 0 0 0 0.000553459)
(0.00442992 0 0 0 0.00055374 0 0 0 0.00055374)
(0.00443218 0 0 0 0.000554022 0 0 0 0.000554022)
(0.00443445 0 0 0 0.000554306 0 0 0 0.000554306)
(0.00443674 0 0 0 0.000554593 0 0 0 0.000554593)
(0.00443905 0 0 0 0.000554882 0 0 0 0.000554882)
(0.00444138 0 0 0 0.000555172 0 0 0 0.000555172)
(0.00444372 0 0 0 0.000555465 0 0 0 0.000555465)
(0.00444608 0 0 0 0.00055576 0 0 0 0.00055576)
(0.00444845 0 0 0 0.000556056 0 0 0 0.000556056)
(0.00445083 0 0 0 0.000556354 0 0 0 0.000556354)
(0.00445323 0 0 0 0.000556654 0 0 0 0.000556654)
(0.00445564 0 0 0 0.000556955 0 0 0 0.000556955)
(0.00445807 0 0 0 0.000557258 0 0 0 0.000557258)
(0.0044605 0 0 0 0.000557563 0 0 0 0.000557563)
(0.00446295 0 0 0 0.000557869 0 0 0 0.000557869)
(0.00446541 0 0 0 0.000558176 0 0 0 0.000558176)
(0.00446788 0 0 0 0.000558485 0 0 0 0.000558485)
(0.00447037 0 0 0 0.000558796 0 0 0 0.000558796)
(0.00447286 0 0 0 0.000559108 0 0 0 0.000559108)
(0.00447538 0 0 0 0.000559422 0 0 0 0.000559422)
(0.00447791 0 0 0 0.000559739 0 0 0 0.000559739)
(0.00448047 0 0 0 0.000560058 0 0 0 0.000560058)
(0.00448305 0 0 0 0.000560381 0 0 0 0.000560381)
(0.00448566 0 0 0 0.000560708 0 0 0 0.000560708)
(0.00448793 0 0 0 0.000560991 0 0 0 0.000560991)
(0.00448927 0 0 0 0.000561159 0 0 0 0.000561159)
(0.00412444 0 0 0 0.000515555 0 0 0 0.000515555)
(0.00412541 0 0 0 0.000515677 0 0 0 0.000515677)
(0.00412712 0 0 0 0.00051589 0 0 0 0.00051589)
(0.00412943 0 0 0 0.000516179 0 0 0 0.000516179)
(0.00413173 0 0 0 0.000516467 0 0 0 0.000516467)
(0.00413402 0 0 0 0.000516753 0 0 0 0.000516753)
(0.0041363 0 0 0 0.000517037 0 0 0 0.000517037)
(0.00413856 0 0 0 0.00051732 0 0 0 0.00051732)
(0.00414082 0 0 0 0.000517602 0 0 0 0.000517602)
(0.00414306 0 0 0 0.000517883 0 0 0 0.000517883)
(0.0041453 0 0 0 0.000518163 0 0 0 0.000518163)
(0.00414754 0 0 0 0.000518442 0 0 0 0.000518442)
(0.00414976 0 0 0 0.00051872 0 0 0 0.00051872)
(0.00415198 0 0 0 0.000518997 0 0 0 0.000518997)
(0.00415419 0 0 0 0.000519273 0 0 0 0.000519273)
(0.00415639 0 0 0 0.000519548 0 0 0 0.000519548)
(0.00415858 0 0 0 0.000519823 0 0 0 0.000519823)
(0.00416077 0 0 0 0.000520096 0 0 0 0.000520096)
(0.00416294 0 0 0 0.000520368 0 0 0 0.000520368)
(0.00416511 0 0 0 0.000520639 0 0 0 0.000520639)
(0.00416727 0 0 0 0.000520909 0 0 0 0.000520909)
(0.00416942 0 0 0 0.000521177 0 0 0 0.000521177)
(0.00417156 0 0 0 0.000521444 0 0 0 0.000521444)
(0.00417368 0 0 0 0.00052171 0 0 0 0.00052171)
(0.0041758 0 0 0 0.000521975 0 0 0 0.000521975)
(0.00417791 0 0 0 0.000522238 0 0 0 0.000522238)
(0.00418 0 0 0 0.0005225 0 0 0 0.0005225)
(0.00418209 0 0 0 0.000522761 0 0 0 0.000522761)
(0.00418416 0 0 0 0.00052302 0 0 0 0.00052302)
(0.00418622 0 0 0 0.000523277 0 0 0 0.000523277)
(0.00418826 0 0 0 0.000523533 0 0 0 0.000523533)
(0.0041903 0 0 0 0.000523787 0 0 0 0.000523787)
(0.00419232 0 0 0 0.00052404 0 0 0 0.00052404)
(0.00419433 0 0 0 0.000524291 0 0 0 0.000524291)
(0.00419632 0 0 0 0.00052454 0 0 0 0.00052454)
(0.0041983 0 0 0 0.000524788 0 0 0 0.000524788)
(0.00420027 0 0 0 0.000525034 0 0 0 0.000525034)
(0.00420222 0 0 0 0.000525278 0 0 0 0.000525278)
(0.00420416 0 0 0 0.00052552 0 0 0 0.00052552)
(0.00420608 0 0 0 0.00052576 0 0 0 0.00052576)
(0.00420799 0 0 0 0.000525999 0 0 0 0.000525999)
(0.00420988 0 0 0 0.000526235 0 0 0 0.000526235)
(0.00421176 0 0 0 0.00052647 0 0 0 0.00052647)
(0.00421362 0 0 0 0.000526702 0 0 0 0.000526702)
(0.00421546 0 0 0 0.000526933 0 0 0 0.000526933)
(0.00421729 0 0 0 0.000527161 0 0 0 0.000527161)
(0.0042191 0 0 0 0.000527388 0 0 0 0.000527388)
(0.0042209 0 0 0 0.000527612 0 0 0 0.000527612)
(0.00422268 0 0 0 0.000527835 0 0 0 0.000527835)
(0.00422444 0 0 0 0.000528055 0 0 0 0.000528055)
(0.00422618 0 0 0 0.000528273 0 0 0 0.000528273)
(0.00422791 0 0 0 0.000528488 0 0 0 0.000528488)
(0.00422962 0 0 0 0.000528702 0 0 0 0.000528702)
(0.00423131 0 0 0 0.000528913 0 0 0 0.000528913)
(0.00423298 0 0 0 0.000529122 0 0 0 0.000529122)
(0.00423463 0 0 0 0.000529329 0 0 0 0.000529329)
(0.00423627 0 0 0 0.000529534 0 0 0 0.000529534)
(0.00423788 0 0 0 0.000529736 0 0 0 0.000529736)
(0.00423948 0 0 0 0.000529935 0 0 0 0.000529935)
(0.00424106 0 0 0 0.000530133 0 0 0 0.000530133)
(0.00424262 0 0 0 0.000530328 0 0 0 0.000530328)
(0.00424416 0 0 0 0.00053052 0 0 0 0.00053052)
(0.00424568 0 0 0 0.00053071 0 0 0 0.00053071)
(0.00424718 0 0 0 0.000530898 0 0 0 0.000530898)
(0.00424867 0 0 0 0.000531083 0 0 0 0.000531083)
(0.00425013 0 0 0 0.000531266 0 0 0 0.000531266)
(0.00425157 0 0 0 0.000531446 0 0 0 0.000531446)
(0.00425299 0 0 0 0.000531624 0 0 0 0.000531624)
(0.00425439 0 0 0 0.000531799 0 0 0 0.000531799)
(0.00425578 0 0 0 0.000531972 0 0 0 0.000531972)
(0.00425714 0 0 0 0.000532142 0 0 0 0.000532142)
(0.00425848 0 0 0 0.00053231 0 0 0 0.00053231)
(0.0042598 0 0 0 0.000532475 0 0 0 0.000532475)
(0.0042611 0 0 0 0.000532637 0 0 0 0.000532637)
(0.00426238 0 0 0 0.000532797 0 0 0 0.000532797)
(0.00426364 0 0 0 0.000532955 0 0 0 0.000532955)
(0.00426487 0 0 0 0.000533109 0 0 0 0.000533109)
(0.00426609 0 0 0 0.000533262 0 0 0 0.000533262)
(0.00426729 0 0 0 0.000533411 0 0 0 0.000533411)
(0.00426847 0 0 0 0.000533558 0 0 0 0.000533558)
(0.00426962 0 0 0 0.000533703 0 0 0 0.000533703)
(0.00427076 0 0 0 0.000533845 0 0 0 0.000533845)
(0.00427187 0 0 0 0.000533984 0 0 0 0.000533984)
(0.00427297 0 0 0 0.000534121 0 0 0 0.000534121)
(0.00427404 0 0 0 0.000534255 0 0 0 0.000534255)
(0.00427509 0 0 0 0.000534387 0 0 0 0.000534387)
(0.00427613 0 0 0 0.000534516 0 0 0 0.000534516)
(0.00427714 0 0 0 0.000534642 0 0 0 0.000534642)
(0.00427813 0 0 0 0.000534766 0 0 0 0.000534766)
(0.0042791 0 0 0 0.000534888 0 0 0 0.000534888)
(0.00428005 0 0 0 0.000535007 0 0 0 0.000535007)
(0.00428099 0 0 0 0.000535123 0 0 0 0.000535123)
(0.0042819 0 0 0 0.000535237 0 0 0 0.000535237)
(0.00428279 0 0 0 0.000535349 0 0 0 0.000535349)
(0.00428367 0 0 0 0.000535458 0 0 0 0.000535458)
(0.00428452 0 0 0 0.000535565 0 0 0 0.000535565)
(0.00428536 0 0 0 0.00053567 0 0 0 0.00053567)
(0.00428617 0 0 0 0.000535772 0 0 0 0.000535772)
(0.00428697 0 0 0 0.000535871 0 0 0 0.000535871)
(0.00428775 0 0 0 0.000535969 0 0 0 0.000535969)
(0.00428851 0 0 0 0.000536064 0 0 0 0.000536064)
(0.00428926 0 0 0 0.000536157 0 0 0 0.000536157)
(0.00428998 0 0 0 0.000536248 0 0 0 0.000536248)
(0.00429069 0 0 0 0.000536336 0 0 0 0.000536336)
(0.00429138 0 0 0 0.000536423 0 0 0 0.000536423)
(0.00429206 0 0 0 0.000536507 0 0 0 0.000536507)
(0.00429271 0 0 0 0.000536589 0 0 0 0.000536589)
(0.00429336 0 0 0 0.000536669 0 0 0 0.000536669)
(0.00429398 0 0 0 0.000536748 0 0 0 0.000536748)
(0.00429459 0 0 0 0.000536824 0 0 0 0.000536824)
(0.00429519 0 0 0 0.000536898 0 0 0 0.000536898)
(0.00429577 0 0 0 0.000536971 0 0 0 0.000536971)
(0.00429633 0 0 0 0.000537041 0 0 0 0.000537041)
(0.00429688 0 0 0 0.00053711 0 0 0 0.00053711)
(0.00429742 0 0 0 0.000537178 0 0 0 0.000537178)
(0.00429795 0 0 0 0.000537243 0 0 0 0.000537243)
(0.00429846 0 0 0 0.000537307 0 0 0 0.000537307)
(0.00429896 0 0 0 0.00053737 0 0 0 0.00053737)
(0.00429945 0 0 0 0.000537431 0 0 0 0.000537431)
(0.00429992 0 0 0 0.00053749 0 0 0 0.00053749)
(0.00430039 0 0 0 0.000537549 0 0 0 0.000537549)
(0.00430085 0 0 0 0.000537606 0 0 0 0.000537606)
(0.00430129 0 0 0 0.000537661 0 0 0 0.000537661)
(0.00430173 0 0 0 0.000537716 0 0 0 0.000537716)
(0.00430216 0 0 0 0.00053777 0 0 0 0.00053777)
(0.00430258 0 0 0 0.000537822 0 0 0 0.000537822)
(0.00430299 0 0 0 0.000537874 0 0 0 0.000537874)
(0.0043034 0 0 0 0.000537924 0 0 0 0.000537924)
(0.0043038 0 0 0 0.000537974 0 0 0 0.000537974)
(0.00430419 0 0 0 0.000538024 0 0 0 0.000538024)
(0.00430458 0 0 0 0.000538073 0 0 0 0.000538073)
(0.00430497 0 0 0 0.000538121 0 0 0 0.000538121)
(0.00430535 0 0 0 0.000538169 0 0 0 0.000538169)
(0.00430573 0 0 0 0.000538216 0 0 0 0.000538216)
(0.00430611 0 0 0 0.000538263 0 0 0 0.000538263)
(0.00430648 0 0 0 0.000538311 0 0 0 0.000538311)
(0.00430686 0 0 0 0.000538357 0 0 0 0.000538357)
(0.00430723 0 0 0 0.000538404 0 0 0 0.000538404)
(0.0043076 0 0 0 0.00053845 0 0 0 0.00053845)
(0.00430796 0 0 0 0.000538496 0 0 0 0.000538496)
(0.00430833 0 0 0 0.000538541 0 0 0 0.000538541)
(0.0043087 0 0 0 0.000538587 0 0 0 0.000538587)
(0.00430907 0 0 0 0.000538633 0 0 0 0.000538633)
(0.00430944 0 0 0 0.00053868 0 0 0 0.00053868)
(0.00430981 0 0 0 0.000538726 0 0 0 0.000538726)
(0.00431018 0 0 0 0.000538773 0 0 0 0.000538773)
(0.00431056 0 0 0 0.000538821 0 0 0 0.000538821)
(0.00431095 0 0 0 0.000538869 0 0 0 0.000538869)
(0.00431134 0 0 0 0.000538917 0 0 0 0.000538917)
(0.00431174 0 0 0 0.000538967 0 0 0 0.000538967)
(0.00431214 0 0 0 0.000539017 0 0 0 0.000539017)
(0.00431255 0 0 0 0.000539069 0 0 0 0.000539069)
(0.00431297 0 0 0 0.000539121 0 0 0 0.000539121)
(0.00431339 0 0 0 0.000539174 0 0 0 0.000539174)
(0.00431383 0 0 0 0.000539229 0 0 0 0.000539229)
(0.00431427 0 0 0 0.000539284 0 0 0 0.000539284)
(0.00431473 0 0 0 0.000539341 0 0 0 0.000539341)
(0.0043152 0 0 0 0.0005394 0 0 0 0.0005394)
(0.00431567 0 0 0 0.000539459 0 0 0 0.000539459)
(0.00431616 0 0 0 0.00053952 0 0 0 0.00053952)
(0.00431667 0 0 0 0.000539583 0 0 0 0.000539583)
(0.00431718 0 0 0 0.000539647 0 0 0 0.000539647)
(0.00431771 0 0 0 0.000539713 0 0 0 0.000539713)
(0.00431825 0 0 0 0.000539781 0 0 0 0.000539781)
(0.0043188 0 0 0 0.000539851 0 0 0 0.000539851)
(0.00431937 0 0 0 0.000539922 0 0 0 0.000539922)
(0.00431996 0 0 0 0.000539995 0 0 0 0.000539995)
(0.00432056 0 0 0 0.00054007 0 0 0 0.00054007)
(0.00432118 0 0 0 0.000540147 0 0 0 0.000540147)
(0.00432181 0 0 0 0.000540226 0 0 0 0.000540226)
(0.00432246 0 0 0 0.000540307 0 0 0 0.000540307)
(0.00432313 0 0 0 0.000540391 0 0 0 0.000540391)
(0.00432381 0 0 0 0.000540476 0 0 0 0.000540476)
(0.00432451 0 0 0 0.000540564 0 0 0 0.000540564)
(0.00432523 0 0 0 0.000540654 0 0 0 0.000540654)
(0.00432597 0 0 0 0.000540746 0 0 0 0.000540746)
(0.00432673 0 0 0 0.000540841 0 0 0 0.000540841)
(0.0043275 0 0 0 0.000540938 0 0 0 0.000540938)
(0.0043283 0 0 0 0.000541037 0 0 0 0.000541037)
(0.00432911 0 0 0 0.000541139 0 0 0 0.000541139)
(0.00432995 0 0 0 0.000541243 0 0 0 0.000541243)
(0.0043308 0 0 0 0.00054135 0 0 0 0.00054135)
(0.00433168 0 0 0 0.00054146 0 0 0 0.00054146)
(0.00433257 0 0 0 0.000541572 0 0 0 0.000541572)
(0.00433349 0 0 0 0.000541686 0 0 0 0.000541686)
(0.00433443 0 0 0 0.000541804 0 0 0 0.000541804)
(0.00433539 0 0 0 0.000541924 0 0 0 0.000541924)
(0.00433637 0 0 0 0.000542046 0 0 0 0.000542046)
(0.00433737 0 0 0 0.000542172 0 0 0 0.000542172)
(0.0043384 0 0 0 0.0005423 0 0 0 0.0005423)
(0.00433945 0 0 0 0.000542431 0 0 0 0.000542431)
(0.00434051 0 0 0 0.000542564 0 0 0 0.000542564)
(0.00434161 0 0 0 0.000542701 0 0 0 0.000542701)
(0.00434272 0 0 0 0.00054284 0 0 0 0.00054284)
(0.00434386 0 0 0 0.000542982 0 0 0 0.000542982)
(0.00434502 0 0 0 0.000543127 0 0 0 0.000543127)
(0.0043462 0 0 0 0.000543275 0 0 0 0.000543275)
(0.00434741 0 0 0 0.000543426 0 0 0 0.000543426)
(0.00434864 0 0 0 0.00054358 0 0 0 0.00054358)
(0.00434989 0 0 0 0.000543736 0 0 0 0.000543736)
(0.00435117 0 0 0 0.000543896 0 0 0 0.000543896)
(0.00435247 0 0 0 0.000544058 0 0 0 0.000544058)
(0.00435379 0 0 0 0.000544224 0 0 0 0.000544224)
(0.00435513 0 0 0 0.000544392 0 0 0 0.000544392)
(0.0043565 0 0 0 0.000544563 0 0 0 0.000544563)
(0.0043579 0 0 0 0.000544737 0 0 0 0.000544737)
(0.00435932 0 0 0 0.000544914 0 0 0 0.000544914)
(0.00436076 0 0 0 0.000545094 0 0 0 0.000545094)
(0.00436222 0 0 0 0.000545277 0 0 0 0.000545277)
(0.00436371 0 0 0 0.000545463 0 0 0 0.000545463)
(0.00436522 0 0 0 0.000545652 0 0 0 0.000545652)
(0.00436675 0 0 0 0.000545844 0 0 0 0.000545844)
(0.00436831 0 0 0 0.000546039 0 0 0 0.000546039)
(0.00436989 0 0 0 0.000546237 0 0 0 0.000546237)
(0.0043715 0 0 0 0.000546437 0 0 0 0.000546437)
(0.00437313 0 0 0 0.000546641 0 0 0 0.000546641)
(0.00437478 0 0 0 0.000546847 0 0 0 0.000546847)
(0.00437645 0 0 0 0.000547057 0 0 0 0.000547057)
(0.00437815 0 0 0 0.000547269 0 0 0 0.000547269)
(0.00437987 0 0 0 0.000547484 0 0 0 0.000547484)
(0.00438161 0 0 0 0.000547702 0 0 0 0.000547702)
(0.00438338 0 0 0 0.000547923 0 0 0 0.000547923)
(0.00438517 0 0 0 0.000548146 0 0 0 0.000548146)
(0.00438698 0 0 0 0.000548373 0 0 0 0.000548373)
(0.00438881 0 0 0 0.000548602 0 0 0 0.000548602)
(0.00439067 0 0 0 0.000548834 0 0 0 0.000548834)
(0.00439255 0 0 0 0.000549069 0 0 0 0.000549069)
(0.00439445 0 0 0 0.000549306 0 0 0 0.000549306)
(0.00439637 0 0 0 0.000549546 0 0 0 0.000549546)
(0.00439831 0 0 0 0.000549789 0 0 0 0.000549789)
(0.00440028 0 0 0 0.000550035 0 0 0 0.000550035)
(0.00440226 0 0 0 0.000550283 0 0 0 0.000550283)
(0.00440427 0 0 0 0.000550534 0 0 0 0.000550534)
(0.0044063 0 0 0 0.000550787 0 0 0 0.000550787)
(0.00440835 0 0 0 0.000551043 0 0 0 0.000551043)
(0.00441042 0 0 0 0.000551302 0 0 0 0.000551302)
(0.0044125 0 0 0 0.000551563 0 0 0 0.000551563)
(0.00441461 0 0 0 0.000551827 0 0 0 0.000551827)
(0.00441674 0 0 0 0.000552093 0 0 0 0.000552093)
(0.00441889 0 0 0 0.000552361 0 0 0 0.000552361)
(0.00442106 0 0 0 0.000552632 0 0 0 0.000552632)
(0.00442324 0 0 0 0.000552905 0 0 0 0.000552905)
(0.00442545 0 0 0 0.000553181 0 0 0 0.000553181)
(0.00442767 0 0 0 0.000553459 0 0 0 0.000553459)
(0.00442991 0 0 0 0.000553739 0 0 0 0.000553739)
(0.00443217 0 0 0 0.000554021 0 0 0 0.000554021)
(0.00443444 0 0 0 0.000554306 0 0 0 0.000554306)
(0.00443674 0 0 0 0.000554592 0 0 0 0.000554592)
(0.00443905 0 0 0 0.000554881 0 0 0 0.000554881)
(0.00444137 0 0 0 0.000555171 0 0 0 0.000555171)
(0.00444371 0 0 0 0.000555464 0 0 0 0.000555464)
(0.00444607 0 0 0 0.000555758 0 0 0 0.000555758)
(0.00444843 0 0 0 0.000556054 0 0 0 0.000556054)
(0.00445082 0 0 0 0.000556352 0 0 0 0.000556352)
(0.00445321 0 0 0 0.000556652 0 0 0 0.000556652)
(0.00445562 0 0 0 0.000556953 0 0 0 0.000556953)
(0.00445804 0 0 0 0.000557255 0 0 0 0.000557255)
(0.00446047 0 0 0 0.000557559 0 0 0 0.000557559)
(0.00446291 0 0 0 0.000557864 0 0 0 0.000557864)
(0.00446537 0 0 0 0.000558171 0 0 0 0.000558171)
(0.00446783 0 0 0 0.000558478 0 0 0 0.000558478)
(0.0044703 0 0 0 0.000558788 0 0 0 0.000558788)
(0.00447279 0 0 0 0.000559098 0 0 0 0.000559098)
(0.00447528 0 0 0 0.00055941 0 0 0 0.00055941)
(0.0044778 0 0 0 0.000559725 0 0 0 0.000559725)
(0.00448034 0 0 0 0.000560043 0 0 0 0.000560043)
(0.00448292 0 0 0 0.000560365 0 0 0 0.000560365)
(0.00448554 0 0 0 0.000560693 0 0 0 0.000560693)
(0.00448771 0 0 0 0.000560964 0 0 0 0.000560964)
(0.00448899 0 0 0 0.000561124 0 0 0 0.000561124)
(0.00412433 0 0 0 0.000515542 0 0 0 0.000515542)
(0.00412533 0 0 0 0.000515667 0 0 0 0.000515667)
(0.00412705 0 0 0 0.000515881 0 0 0 0.000515881)
(0.00412939 0 0 0 0.000516174 0 0 0 0.000516174)
(0.00413171 0 0 0 0.000516463 0 0 0 0.000516463)
(0.004134 0 0 0 0.00051675 0 0 0 0.00051675)
(0.00413628 0 0 0 0.000517036 0 0 0 0.000517036)
(0.00413855 0 0 0 0.000517319 0 0 0 0.000517319)
(0.00414081 0 0 0 0.000517601 0 0 0 0.000517601)
(0.00414306 0 0 0 0.000517883 0 0 0 0.000517883)
(0.0041453 0 0 0 0.000518163 0 0 0 0.000518163)
(0.00414753 0 0 0 0.000518442 0 0 0 0.000518442)
(0.00414976 0 0 0 0.00051872 0 0 0 0.00051872)
(0.00415198 0 0 0 0.000518997 0 0 0 0.000518997)
(0.00415419 0 0 0 0.000519273 0 0 0 0.000519273)
(0.00415639 0 0 0 0.000519548 0 0 0 0.000519548)
(0.00415858 0 0 0 0.000519823 0 0 0 0.000519823)
(0.00416077 0 0 0 0.000520096 0 0 0 0.000520096)
(0.00416294 0 0 0 0.000520368 0 0 0 0.000520368)
(0.00416511 0 0 0 0.000520639 0 0 0 0.000520639)
(0.00416727 0 0 0 0.000520909 0 0 0 0.000520909)
(0.00416942 0 0 0 0.000521177 0 0 0 0.000521177)
(0.00417156 0 0 0 0.000521444 0 0 0 0.000521444)
(0.00417368 0 0 0 0.00052171 0 0 0 0.00052171)
(0.0041758 0 0 0 0.000521975 0 0 0 0.000521975)
(0.00417791 0 0 0 0.000522238 0 0 0 0.000522238)
(0.00418 0 0 0 0.0005225 0 0 0 0.0005225)
(0.00418209 0 0 0 0.000522761 0 0 0 0.000522761)
(0.00418416 0 0 0 0.00052302 0 0 0 0.00052302)
(0.00418622 0 0 0 0.000523277 0 0 0 0.000523277)
(0.00418826 0 0 0 0.000523533 0 0 0 0.000523533)
(0.0041903 0 0 0 0.000523787 0 0 0 0.000523787)
(0.00419232 0 0 0 0.00052404 0 0 0 0.00052404)
(0.00419433 0 0 0 0.000524291 0 0 0 0.000524291)
(0.00419632 0 0 0 0.00052454 0 0 0 0.00052454)
(0.0041983 0 0 0 0.000524788 0 0 0 0.000524788)
(0.00420027 0 0 0 0.000525034 0 0 0 0.000525034)
(0.00420222 0 0 0 0.000525278 0 0 0 0.000525278)
(0.00420416 0 0 0 0.00052552 0 0 0 0.00052552)
(0.00420608 0 0 0 0.00052576 0 0 0 0.00052576)
(0.00420799 0 0 0 0.000525999 0 0 0 0.000525999)
(0.00420988 0 0 0 0.000526235 0 0 0 0.000526235)
(0.00421176 0 0 0 0.00052647 0 0 0 0.00052647)
(0.00421362 0 0 0 0.000526702 0 0 0 0.000526702)
(0.00421546 0 0 0 0.000526933 0 0 0 0.000526933)
(0.00421729 0 0 0 0.000527161 0 0 0 0.000527161)
(0.0042191 0 0 0 0.000527388 0 0 0 0.000527388)
(0.0042209 0 0 0 0.000527612 0 0 0 0.000527612)
(0.00422268 0 0 0 0.000527835 0 0 0 0.000527835)
(0.00422444 0 0 0 0.000528055 0 0 0 0.000528055)
(0.00422618 0 0 0 0.000528273 0 0 0 0.000528273)
(0.00422791 0 0 0 0.000528488 0 0 0 0.000528488)
(0.00422962 0 0 0 0.000528702 0 0 0 0.000528702)
(0.00423131 0 0 0 0.000528913 0 0 0 0.000528913)
(0.00423298 0 0 0 0.000529122 0 0 0 0.000529122)
(0.00423463 0 0 0 0.000529329 0 0 0 0.000529329)
(0.00423627 0 0 0 0.000529534 0 0 0 0.000529534)
(0.00423788 0 0 0 0.000529736 0 0 0 0.000529736)
(0.00423948 0 0 0 0.000529935 0 0 0 0.000529935)
(0.00424106 0 0 0 0.000530133 0 0 0 0.000530133)
(0.00424262 0 0 0 0.000530328 0 0 0 0.000530328)
(0.00424416 0 0 0 0.00053052 0 0 0 0.00053052)
(0.00424568 0 0 0 0.00053071 0 0 0 0.00053071)
(0.00424718 0 0 0 0.000530898 0 0 0 0.000530898)
(0.00424867 0 0 0 0.000531083 0 0 0 0.000531083)
(0.00425013 0 0 0 0.000531266 0 0 0 0.000531266)
(0.00425157 0 0 0 0.000531446 0 0 0 0.000531446)
(0.00425299 0 0 0 0.000531624 0 0 0 0.000531624)
(0.00425439 0 0 0 0.000531799 0 0 0 0.000531799)
(0.00425578 0 0 0 0.000531972 0 0 0 0.000531972)
(0.00425714 0 0 0 0.000532142 0 0 0 0.000532142)
(0.00425848 0 0 0 0.00053231 0 0 0 0.00053231)
(0.0042598 0 0 0 0.000532475 0 0 0 0.000532475)
(0.0042611 0 0 0 0.000532637 0 0 0 0.000532637)
(0.00426238 0 0 0 0.000532797 0 0 0 0.000532797)
(0.00426364 0 0 0 0.000532955 0 0 0 0.000532955)
(0.00426487 0 0 0 0.000533109 0 0 0 0.000533109)
(0.00426609 0 0 0 0.000533262 0 0 0 0.000533262)
(0.00426729 0 0 0 0.000533411 0 0 0 0.000533411)
(0.00426847 0 0 0 0.000533558 0 0 0 0.000533558)
(0.00426962 0 0 0 0.000533703 0 0 0 0.000533703)
(0.00427076 0 0 0 0.000533845 0 0 0 0.000533845)
(0.00427187 0 0 0 0.000533984 0 0 0 0.000533984)
(0.00427297 0 0 0 0.000534121 0 0 0 0.000534121)
(0.00427404 0 0 0 0.000534255 0 0 0 0.000534255)
(0.00427509 0 0 0 0.000534387 0 0 0 0.000534387)
(0.00427613 0 0 0 0.000534516 0 0 0 0.000534516)
(0.00427714 0 0 0 0.000534642 0 0 0 0.000534642)
(0.00427813 0 0 0 0.000534766 0 0 0 0.000534766)
(0.0042791 0 0 0 0.000534888 0 0 0 0.000534888)
(0.00428005 0 0 0 0.000535007 0 0 0 0.000535007)
(0.00428099 0 0 0 0.000535123 0 0 0 0.000535123)
(0.0042819 0 0 0 0.000535238 0 0 0 0.000535238)
(0.00428279 0 0 0 0.000535349 0 0 0 0.000535349)
(0.00428367 0 0 0 0.000535458 0 0 0 0.000535458)
(0.00428452 0 0 0 0.000535565 0 0 0 0.000535565)
(0.00428536 0 0 0 0.00053567 0 0 0 0.00053567)
(0.00428617 0 0 0 0.000535772 0 0 0 0.000535772)
(0.00428697 0 0 0 0.000535871 0 0 0 0.000535871)
(0.00428775 0 0 0 0.000535969 0 0 0 0.000535969)
(0.00428851 0 0 0 0.000536064 0 0 0 0.000536064)
(0.00428926 0 0 0 0.000536157 0 0 0 0.000536157)
(0.00428998 0 0 0 0.000536248 0 0 0 0.000536248)
(0.00429069 0 0 0 0.000536336 0 0 0 0.000536336)
(0.00429138 0 0 0 0.000536423 0 0 0 0.000536423)
(0.00429206 0 0 0 0.000536507 0 0 0 0.000536507)
(0.00429271 0 0 0 0.000536589 0 0 0 0.000536589)
(0.00429336 0 0 0 0.000536669 0 0 0 0.000536669)
(0.00429398 0 0 0 0.000536748 0 0 0 0.000536748)
(0.00429459 0 0 0 0.000536824 0 0 0 0.000536824)
(0.00429519 0 0 0 0.000536898 0 0 0 0.000536898)
(0.00429577 0 0 0 0.000536971 0 0 0 0.000536971)
(0.00429633 0 0 0 0.000537041 0 0 0 0.000537041)
(0.00429688 0 0 0 0.00053711 0 0 0 0.00053711)
(0.00429742 0 0 0 0.000537178 0 0 0 0.000537178)
(0.00429795 0 0 0 0.000537243 0 0 0 0.000537243)
(0.00429846 0 0 0 0.000537307 0 0 0 0.000537307)
(0.00429896 0 0 0 0.00053737 0 0 0 0.00053737)
(0.00429945 0 0 0 0.000537431 0 0 0 0.000537431)
(0.00429992 0 0 0 0.00053749 0 0 0 0.00053749)
(0.00430039 0 0 0 0.000537549 0 0 0 0.000537549)
(0.00430085 0 0 0 0.000537606 0 0 0 0.000537606)
(0.00430129 0 0 0 0.000537661 0 0 0 0.000537661)
(0.00430173 0 0 0 0.000537716 0 0 0 0.000537716)
(0.00430216 0 0 0 0.00053777 0 0 0 0.00053777)
(0.00430258 0 0 0 0.000537822 0 0 0 0.000537822)
(0.00430299 0 0 0 0.000537874 0 0 0 0.000537874)
(0.0043034 0 0 0 0.000537924 0 0 0 0.000537924)
(0.0043038 0 0 0 0.000537974 0 0 0 0.000537974)
(0.00430419 0 0 0 0.000538024 0 0 0 0.000538024)
(0.00430458 0 0 0 0.000538073 0 0 0 0.000538073)
(0.00430497 0 0 0 0.000538121 0 0 0 0.000538121)
(0.00430535 0 0 0 0.000538169 0 0 0 0.000538169)
(0.00430573 0 0 0 0.000538216 0 0 0 0.000538216)
(0.00430611 0 0 0 0.000538263 0 0 0 0.000538263)
(0.00430648 0 0 0 0.00053831 0 0 0 0.00053831)
(0.00430686 0 0 0 0.000538357 0 0 0 0.000538357)
(0.00430723 0 0 0 0.000538404 0 0 0 0.000538404)
(0.0043076 0 0 0 0.00053845 0 0 0 0.00053845)
(0.00430796 0 0 0 0.000538495 0 0 0 0.000538495)
(0.00430833 0 0 0 0.000538541 0 0 0 0.000538541)
(0.0043087 0 0 0 0.000538587 0 0 0 0.000538587)
(0.00430907 0 0 0 0.000538633 0 0 0 0.000538633)
(0.00430944 0 0 0 0.000538679 0 0 0 0.000538679)
(0.00430981 0 0 0 0.000538726 0 0 0 0.000538726)
(0.00431018 0 0 0 0.000538773 0 0 0 0.000538773)
(0.00431056 0 0 0 0.000538821 0 0 0 0.000538821)
(0.00431095 0 0 0 0.000538869 0 0 0 0.000538869)
(0.00431134 0 0 0 0.000538917 0 0 0 0.000538917)
(0.00431174 0 0 0 0.000538967 0 0 0 0.000538967)
(0.00431214 0 0 0 0.000539017 0 0 0 0.000539017)
(0.00431255 0 0 0 0.000539069 0 0 0 0.000539069)
(0.00431297 0 0 0 0.000539121 0 0 0 0.000539121)
(0.00431339 0 0 0 0.000539174 0 0 0 0.000539174)
(0.00431383 0 0 0 0.000539229 0 0 0 0.000539229)
(0.00431427 0 0 0 0.000539284 0 0 0 0.000539284)
(0.00431473 0 0 0 0.000539341 0 0 0 0.000539341)
(0.0043152 0 0 0 0.0005394 0 0 0 0.0005394)
(0.00431567 0 0 0 0.000539459 0 0 0 0.000539459)
(0.00431616 0 0 0 0.00053952 0 0 0 0.00053952)
(0.00431666 0 0 0 0.000539583 0 0 0 0.000539583)
(0.00431718 0 0 0 0.000539647 0 0 0 0.000539647)
(0.00431771 0 0 0 0.000539713 0 0 0 0.000539713)
(0.00431825 0 0 0 0.000539781 0 0 0 0.000539781)
(0.0043188 0 0 0 0.00053985 0 0 0 0.00053985)
(0.00431937 0 0 0 0.000539922 0 0 0 0.000539922)
(0.00431996 0 0 0 0.000539995 0 0 0 0.000539995)
(0.00432056 0 0 0 0.00054007 0 0 0 0.00054007)
(0.00432118 0 0 0 0.000540147 0 0 0 0.000540147)
(0.00432181 0 0 0 0.000540226 0 0 0 0.000540226)
(0.00432246 0 0 0 0.000540307 0 0 0 0.000540307)
(0.00432312 0 0 0 0.000540391 0 0 0 0.000540391)
(0.00432381 0 0 0 0.000540476 0 0 0 0.000540476)
(0.00432451 0 0 0 0.000540564 0 0 0 0.000540564)
(0.00432523 0 0 0 0.000540654 0 0 0 0.000540654)
(0.00432597 0 0 0 0.000540746 0 0 0 0.000540746)
(0.00432672 0 0 0 0.000540841 0 0 0 0.000540841)
(0.0043275 0 0 0 0.000540938 0 0 0 0.000540938)
(0.0043283 0 0 0 0.000541037 0 0 0 0.000541037)
(0.00432911 0 0 0 0.000541139 0 0 0 0.000541139)
(0.00432995 0 0 0 0.000541243 0 0 0 0.000541243)
(0.0043308 0 0 0 0.00054135 0 0 0 0.00054135)
(0.00433168 0 0 0 0.00054146 0 0 0 0.00054146)
(0.00433257 0 0 0 0.000541572 0 0 0 0.000541572)
(0.00433349 0 0 0 0.000541686 0 0 0 0.000541686)
(0.00433443 0 0 0 0.000541803 0 0 0 0.000541803)
(0.00433539 0 0 0 0.000541923 0 0 0 0.000541923)
(0.00433637 0 0 0 0.000542046 0 0 0 0.000542046)
(0.00433737 0 0 0 0.000542171 0 0 0 0.000542171)
(0.0043384 0 0 0 0.0005423 0 0 0 0.0005423)
(0.00433944 0 0 0 0.000542431 0 0 0 0.000542431)
(0.00434051 0 0 0 0.000542564 0 0 0 0.000542564)
(0.00434161 0 0 0 0.000542701 0 0 0 0.000542701)
(0.00434272 0 0 0 0.00054284 0 0 0 0.00054284)
(0.00434386 0 0 0 0.000542982 0 0 0 0.000542982)
(0.00434502 0 0 0 0.000543127 0 0 0 0.000543127)
(0.0043462 0 0 0 0.000543275 0 0 0 0.000543275)
(0.00434741 0 0 0 0.000543426 0 0 0 0.000543426)
(0.00434864 0 0 0 0.00054358 0 0 0 0.00054358)
(0.00434989 0 0 0 0.000543736 0 0 0 0.000543736)
(0.00435116 0 0 0 0.000543896 0 0 0 0.000543896)
(0.00435246 0 0 0 0.000544058 0 0 0 0.000544058)
(0.00435379 0 0 0 0.000544223 0 0 0 0.000544223)
(0.00435513 0 0 0 0.000544392 0 0 0 0.000544392)
(0.0043565 0 0 0 0.000544563 0 0 0 0.000544563)
(0.0043579 0 0 0 0.000544737 0 0 0 0.000544737)
(0.00435931 0 0 0 0.000544914 0 0 0 0.000544914)
(0.00436075 0 0 0 0.000545094 0 0 0 0.000545094)
(0.00436222 0 0 0 0.000545277 0 0 0 0.000545277)
(0.00436371 0 0 0 0.000545463 0 0 0 0.000545463)
(0.00436522 0 0 0 0.000545652 0 0 0 0.000545652)
(0.00436675 0 0 0 0.000545844 0 0 0 0.000545844)
(0.00436831 0 0 0 0.000546039 0 0 0 0.000546039)
(0.00436989 0 0 0 0.000546236 0 0 0 0.000546236)
(0.0043715 0 0 0 0.000546437 0 0 0 0.000546437)
(0.00437312 0 0 0 0.000546641 0 0 0 0.000546641)
(0.00437478 0 0 0 0.000546847 0 0 0 0.000546847)
(0.00437645 0 0 0 0.000547056 0 0 0 0.000547056)
(0.00437815 0 0 0 0.000547269 0 0 0 0.000547269)
(0.00437987 0 0 0 0.000547484 0 0 0 0.000547484)
(0.00438161 0 0 0 0.000547702 0 0 0 0.000547702)
(0.00438338 0 0 0 0.000547922 0 0 0 0.000547922)
(0.00438517 0 0 0 0.000548146 0 0 0 0.000548146)
(0.00438698 0 0 0 0.000548372 0 0 0 0.000548372)
(0.00438881 0 0 0 0.000548602 0 0 0 0.000548602)
(0.00439067 0 0 0 0.000548834 0 0 0 0.000548834)
(0.00439255 0 0 0 0.000549068 0 0 0 0.000549068)
(0.00439445 0 0 0 0.000549306 0 0 0 0.000549306)
(0.00439637 0 0 0 0.000549546 0 0 0 0.000549546)
(0.00439831 0 0 0 0.000549789 0 0 0 0.000549789)
(0.00440028 0 0 0 0.000550034 0 0 0 0.000550034)
(0.00440226 0 0 0 0.000550283 0 0 0 0.000550283)
(0.00440427 0 0 0 0.000550534 0 0 0 0.000550534)
(0.0044063 0 0 0 0.000550787 0 0 0 0.000550787)
(0.00440834 0 0 0 0.000551043 0 0 0 0.000551043)
(0.00441041 0 0 0 0.000551302 0 0 0 0.000551302)
(0.0044125 0 0 0 0.000551563 0 0 0 0.000551563)
(0.00441461 0 0 0 0.000551826 0 0 0 0.000551826)
(0.00441674 0 0 0 0.000552092 0 0 0 0.000552092)
(0.00441889 0 0 0 0.000552361 0 0 0 0.000552361)
(0.00442105 0 0 0 0.000552632 0 0 0 0.000552632)
(0.00442324 0 0 0 0.000552905 0 0 0 0.000552905)
(0.00442544 0 0 0 0.000553181 0 0 0 0.000553181)
(0.00442767 0 0 0 0.000553458 0 0 0 0.000553458)
(0.00442991 0 0 0 0.000553738 0 0 0 0.000553738)
(0.00443217 0 0 0 0.000554021 0 0 0 0.000554021)
(0.00443444 0 0 0 0.000554305 0 0 0 0.000554305)
(0.00443673 0 0 0 0.000554591 0 0 0 0.000554591)
(0.00443904 0 0 0 0.00055488 0 0 0 0.00055488)
(0.00444136 0 0 0 0.00055517 0 0 0 0.00055517)
(0.0044437 0 0 0 0.000555463 0 0 0 0.000555463)
(0.00444606 0 0 0 0.000555757 0 0 0 0.000555757)
(0.00444842 0 0 0 0.000556053 0 0 0 0.000556053)
(0.00445081 0 0 0 0.000556351 0 0 0 0.000556351)
(0.0044532 0 0 0 0.00055665 0 0 0 0.00055665)
(0.0044556 0 0 0 0.000556951 0 0 0 0.000556951)
(0.00445802 0 0 0 0.000557253 0 0 0 0.000557253)
(0.00446045 0 0 0 0.000557556 0 0 0 0.000557556)
(0.00446288 0 0 0 0.000557861 0 0 0 0.000557861)
(0.00446533 0 0 0 0.000558166 0 0 0 0.000558166)
(0.00446778 0 0 0 0.000558473 0 0 0 0.000558473)
(0.00447025 0 0 0 0.000558781 0 0 0 0.000558781)
(0.00447272 0 0 0 0.00055909 0 0 0 0.00055909)
(0.00447521 0 0 0 0.000559401 0 0 0 0.000559401)
(0.00447771 0 0 0 0.000559713 0 0 0 0.000559713)
(0.00448023 0 0 0 0.000560029 0 0 0 0.000560029)
(0.0044828 0 0 0 0.00056035 0 0 0 0.00056035)
(0.00448544 0 0 0 0.00056068 0 0 0 0.00056068)
(0.00448751 0 0 0 0.000560939 0 0 0 0.000560939)
(0.00448875 0 0 0 0.000561093 0 0 0 0.000561093)
(0.00412425 0 0 0 0.000515532 0 0 0 0.000515532)
(0.00412527 0 0 0 0.000515658 0 0 0 0.000515658)
(0.00412701 0 0 0 0.000515876 0 0 0 0.000515876)
(0.00412936 0 0 0 0.00051617 0 0 0 0.00051617)
(0.00413169 0 0 0 0.000516461 0 0 0 0.000516461)
(0.00413399 0 0 0 0.000516749 0 0 0 0.000516749)
(0.00413628 0 0 0 0.000517035 0 0 0 0.000517035)
(0.00413855 0 0 0 0.000517319 0 0 0 0.000517319)
(0.00414081 0 0 0 0.000517601 0 0 0 0.000517601)
(0.00414306 0 0 0 0.000517882 0 0 0 0.000517882)
(0.0041453 0 0 0 0.000518162 0 0 0 0.000518162)
(0.00414753 0 0 0 0.000518442 0 0 0 0.000518442)
(0.00414976 0 0 0 0.00051872 0 0 0 0.00051872)
(0.00415197 0 0 0 0.000518997 0 0 0 0.000518997)
(0.00415418 0 0 0 0.000519273 0 0 0 0.000519273)
(0.00415639 0 0 0 0.000519548 0 0 0 0.000519548)
(0.00415858 0 0 0 0.000519823 0 0 0 0.000519823)
(0.00416077 0 0 0 0.000520096 0 0 0 0.000520096)
(0.00416294 0 0 0 0.000520368 0 0 0 0.000520368)
(0.00416511 0 0 0 0.000520639 0 0 0 0.000520639)
(0.00416727 0 0 0 0.000520909 0 0 0 0.000520909)
(0.00416942 0 0 0 0.000521177 0 0 0 0.000521177)
(0.00417156 0 0 0 0.000521444 0 0 0 0.000521444)
(0.00417368 0 0 0 0.00052171 0 0 0 0.00052171)
(0.0041758 0 0 0 0.000521975 0 0 0 0.000521975)
(0.00417791 0 0 0 0.000522238 0 0 0 0.000522238)
(0.00418 0 0 0 0.0005225 0 0 0 0.0005225)
(0.00418209 0 0 0 0.000522761 0 0 0 0.000522761)
(0.00418416 0 0 0 0.00052302 0 0 0 0.00052302)
(0.00418622 0 0 0 0.000523277 0 0 0 0.000523277)
(0.00418826 0 0 0 0.000523533 0 0 0 0.000523533)
(0.0041903 0 0 0 0.000523787 0 0 0 0.000523787)
(0.00419232 0 0 0 0.00052404 0 0 0 0.00052404)
(0.00419433 0 0 0 0.000524291 0 0 0 0.000524291)
(0.00419632 0 0 0 0.00052454 0 0 0 0.00052454)
(0.0041983 0 0 0 0.000524788 0 0 0 0.000524788)
(0.00420027 0 0 0 0.000525034 0 0 0 0.000525034)
(0.00420222 0 0 0 0.000525278 0 0 0 0.000525278)
(0.00420416 0 0 0 0.00052552 0 0 0 0.00052552)
(0.00420608 0 0 0 0.00052576 0 0 0 0.00052576)
(0.00420799 0 0 0 0.000525999 0 0 0 0.000525999)
(0.00420988 0 0 0 0.000526235 0 0 0 0.000526235)
(0.00421176 0 0 0 0.00052647 0 0 0 0.00052647)
(0.00421362 0 0 0 0.000526702 0 0 0 0.000526702)
(0.00421546 0 0 0 0.000526933 0 0 0 0.000526933)
(0.00421729 0 0 0 0.000527161 0 0 0 0.000527161)
(0.0042191 0 0 0 0.000527388 0 0 0 0.000527388)
(0.0042209 0 0 0 0.000527612 0 0 0 0.000527612)
(0.00422268 0 0 0 0.000527835 0 0 0 0.000527835)
(0.00422444 0 0 0 0.000528055 0 0 0 0.000528055)
(0.00422618 0 0 0 0.000528273 0 0 0 0.000528273)
(0.00422791 0 0 0 0.000528489 0 0 0 0.000528489)
(0.00422962 0 0 0 0.000528702 0 0 0 0.000528702)
(0.00423131 0 0 0 0.000528913 0 0 0 0.000528913)
(0.00423298 0 0 0 0.000529122 0 0 0 0.000529122)
(0.00423463 0 0 0 0.000529329 0 0 0 0.000529329)
(0.00423627 0 0 0 0.000529534 0 0 0 0.000529534)
(0.00423789 0 0 0 0.000529736 0 0 0 0.000529736)
(0.00423948 0 0 0 0.000529935 0 0 0 0.000529935)
(0.00424106 0 0 0 0.000530133 0 0 0 0.000530133)
(0.00424262 0 0 0 0.000530328 0 0 0 0.000530328)
(0.00424416 0 0 0 0.00053052 0 0 0 0.00053052)
(0.00424568 0 0 0 0.00053071 0 0 0 0.00053071)
(0.00424718 0 0 0 0.000530898 0 0 0 0.000530898)
(0.00424867 0 0 0 0.000531083 0 0 0 0.000531083)
(0.00425013 0 0 0 0.000531266 0 0 0 0.000531266)
(0.00425157 0 0 0 0.000531446 0 0 0 0.000531446)
(0.00425299 0 0 0 0.000531624 0 0 0 0.000531624)
(0.00425439 0 0 0 0.000531799 0 0 0 0.000531799)
(0.00425578 0 0 0 0.000531972 0 0 0 0.000531972)
(0.00425714 0 0 0 0.000532142 0 0 0 0.000532142)
(0.00425848 0 0 0 0.00053231 0 0 0 0.00053231)
(0.0042598 0 0 0 0.000532475 0 0 0 0.000532475)
(0.0042611 0 0 0 0.000532637 0 0 0 0.000532637)
(0.00426238 0 0 0 0.000532797 0 0 0 0.000532797)
(0.00426364 0 0 0 0.000532955 0 0 0 0.000532955)
(0.00426488 0 0 0 0.000533109 0 0 0 0.000533109)
(0.00426609 0 0 0 0.000533262 0 0 0 0.000533262)
(0.00426729 0 0 0 0.000533411 0 0 0 0.000533411)
(0.00426847 0 0 0 0.000533558 0 0 0 0.000533558)
(0.00426962 0 0 0 0.000533703 0 0 0 0.000533703)
(0.00427076 0 0 0 0.000533845 0 0 0 0.000533845)
(0.00427187 0 0 0 0.000533984 0 0 0 0.000533984)
(0.00427297 0 0 0 0.000534121 0 0 0 0.000534121)
(0.00427404 0 0 0 0.000534255 0 0 0 0.000534255)
(0.00427509 0 0 0 0.000534387 0 0 0 0.000534387)
(0.00427613 0 0 0 0.000534516 0 0 0 0.000534516)
(0.00427714 0 0 0 0.000534642 0 0 0 0.000534642)
(0.00427813 0 0 0 0.000534766 0 0 0 0.000534766)
(0.0042791 0 0 0 0.000534888 0 0 0 0.000534888)
(0.00428006 0 0 0 0.000535007 0 0 0 0.000535007)
(0.00428099 0 0 0 0.000535123 0 0 0 0.000535123)
(0.0042819 0 0 0 0.000535238 0 0 0 0.000535238)
(0.00428279 0 0 0 0.000535349 0 0 0 0.000535349)
(0.00428367 0 0 0 0.000535458 0 0 0 0.000535458)
(0.00428452 0 0 0 0.000535565 0 0 0 0.000535565)
(0.00428536 0 0 0 0.00053567 0 0 0 0.00053567)
(0.00428617 0 0 0 0.000535772 0 0 0 0.000535772)
(0.00428697 0 0 0 0.000535871 0 0 0 0.000535871)
(0.00428775 0 0 0 0.000535969 0 0 0 0.000535969)
(0.00428851 0 0 0 0.000536064 0 0 0 0.000536064)
(0.00428926 0 0 0 0.000536157 0 0 0 0.000536157)
(0.00428998 0 0 0 0.000536248 0 0 0 0.000536248)
(0.00429069 0 0 0 0.000536336 0 0 0 0.000536336)
(0.00429138 0 0 0 0.000536423 0 0 0 0.000536423)
(0.00429206 0 0 0 0.000536507 0 0 0 0.000536507)
(0.00429271 0 0 0 0.000536589 0 0 0 0.000536589)
(0.00429336 0 0 0 0.000536669 0 0 0 0.000536669)
(0.00429398 0 0 0 0.000536748 0 0 0 0.000536748)
(0.00429459 0 0 0 0.000536824 0 0 0 0.000536824)
(0.00429519 0 0 0 0.000536898 0 0 0 0.000536898)
(0.00429577 0 0 0 0.000536971 0 0 0 0.000536971)
(0.00429633 0 0 0 0.000537041 0 0 0 0.000537041)
(0.00429688 0 0 0 0.00053711 0 0 0 0.00053711)
(0.00429742 0 0 0 0.000537178 0 0 0 0.000537178)
(0.00429795 0 0 0 0.000537243 0 0 0 0.000537243)
(0.00429846 0 0 0 0.000537307 0 0 0 0.000537307)
(0.00429896 0 0 0 0.00053737 0 0 0 0.00053737)
(0.00429945 0 0 0 0.000537431 0 0 0 0.000537431)
(0.00429992 0 0 0 0.00053749 0 0 0 0.00053749)
(0.00430039 0 0 0 0.000537549 0 0 0 0.000537549)
(0.00430085 0 0 0 0.000537606 0 0 0 0.000537606)
(0.00430129 0 0 0 0.000537661 0 0 0 0.000537661)
(0.00430173 0 0 0 0.000537716 0 0 0 0.000537716)
(0.00430216 0 0 0 0.00053777 0 0 0 0.00053777)
(0.00430258 0 0 0 0.000537822 0 0 0 0.000537822)
(0.00430299 0 0 0 0.000537874 0 0 0 0.000537874)
(0.0043034 0 0 0 0.000537924 0 0 0 0.000537924)
(0.0043038 0 0 0 0.000537974 0 0 0 0.000537974)
(0.00430419 0 0 0 0.000538024 0 0 0 0.000538024)
(0.00430458 0 0 0 0.000538073 0 0 0 0.000538073)
(0.00430497 0 0 0 0.000538121 0 0 0 0.000538121)
(0.00430535 0 0 0 0.000538169 0 0 0 0.000538169)
(0.00430573 0 0 0 0.000538216 0 0 0 0.000538216)
(0.00430611 0 0 0 0.000538263 0 0 0 0.000538263)
(0.00430648 0 0 0 0.00053831 0 0 0 0.00053831)
(0.00430686 0 0 0 0.000538357 0 0 0 0.000538357)
(0.00430723 0 0 0 0.000538404 0 0 0 0.000538404)
(0.0043076 0 0 0 0.00053845 0 0 0 0.00053845)
(0.00430796 0 0 0 0.000538495 0 0 0 0.000538495)
(0.00430833 0 0 0 0.000538541 0 0 0 0.000538541)
(0.0043087 0 0 0 0.000538587 0 0 0 0.000538587)
(0.00430907 0 0 0 0.000538633 0 0 0 0.000538633)
(0.00430944 0 0 0 0.000538679 0 0 0 0.000538679)
(0.00430981 0 0 0 0.000538726 0 0 0 0.000538726)
(0.00431018 0 0 0 0.000538773 0 0 0 0.000538773)
(0.00431056 0 0 0 0.000538821 0 0 0 0.000538821)
(0.00431095 0 0 0 0.000538869 0 0 0 0.000538869)
(0.00431134 0 0 0 0.000538917 0 0 0 0.000538917)
(0.00431174 0 0 0 0.000538967 0 0 0 0.000538967)
(0.00431214 0 0 0 0.000539017 0 0 0 0.000539017)
(0.00431255 0 0 0 0.000539069 0 0 0 0.000539069)
(0.00431297 0 0 0 0.000539121 0 0 0 0.000539121)
(0.00431339 0 0 0 0.000539174 0 0 0 0.000539174)
(0.00431383 0 0 0 0.000539229 0 0 0 0.000539229)
(0.00431427 0 0 0 0.000539284 0 0 0 0.000539284)
(0.00431473 0 0 0 0.000539341 0 0 0 0.000539341)
(0.0043152 0 0 0 0.000539399 0 0 0 0.000539399)
(0.00431567 0 0 0 0.000539459 0 0 0 0.000539459)
(0.00431616 0 0 0 0.00053952 0 0 0 0.00053952)
(0.00431666 0 0 0 0.000539583 0 0 0 0.000539583)
(0.00431718 0 0 0 0.000539647 0 0 0 0.000539647)
(0.00431771 0 0 0 0.000539713 0 0 0 0.000539713)
(0.00431825 0 0 0 0.000539781 0 0 0 0.000539781)
(0.0043188 0 0 0 0.00053985 0 0 0 0.00053985)
(0.00431937 0 0 0 0.000539922 0 0 0 0.000539922)
(0.00431996 0 0 0 0.000539995 0 0 0 0.000539995)
(0.00432056 0 0 0 0.00054007 0 0 0 0.00054007)
(0.00432118 0 0 0 0.000540147 0 0 0 0.000540147)
(0.00432181 0 0 0 0.000540226 0 0 0 0.000540226)
(0.00432246 0 0 0 0.000540307 0 0 0 0.000540307)
(0.00432312 0 0 0 0.000540391 0 0 0 0.000540391)
(0.00432381 0 0 0 0.000540476 0 0 0 0.000540476)
(0.00432451 0 0 0 0.000540564 0 0 0 0.000540564)
(0.00432523 0 0 0 0.000540654 0 0 0 0.000540654)
(0.00432597 0 0 0 0.000540746 0 0 0 0.000540746)
(0.00432672 0 0 0 0.000540841 0 0 0 0.000540841)
(0.0043275 0 0 0 0.000540938 0 0 0 0.000540938)
(0.0043283 0 0 0 0.000541037 0 0 0 0.000541037)
(0.00432911 0 0 0 0.000541139 0 0 0 0.000541139)
(0.00432995 0 0 0 0.000541243 0 0 0 0.000541243)
(0.0043308 0 0 0 0.00054135 0 0 0 0.00054135)
(0.00433168 0 0 0 0.000541459 0 0 0 0.000541459)
(0.00433257 0 0 0 0.000541571 0 0 0 0.000541571)
(0.00433349 0 0 0 0.000541686 0 0 0 0.000541686)
(0.00433443 0 0 0 0.000541803 0 0 0 0.000541803)
(0.00433539 0 0 0 0.000541923 0 0 0 0.000541923)
(0.00433637 0 0 0 0.000542046 0 0 0 0.000542046)
(0.00433737 0 0 0 0.000542171 0 0 0 0.000542171)
(0.0043384 0 0 0 0.000542299 0 0 0 0.000542299)
(0.00433944 0 0 0 0.00054243 0 0 0 0.00054243)
(0.00434051 0 0 0 0.000542564 0 0 0 0.000542564)
(0.0043416 0 0 0 0.000542701 0 0 0 0.000542701)
(0.00434272 0 0 0 0.00054284 0 0 0 0.00054284)
(0.00434386 0 0 0 0.000542982 0 0 0 0.000542982)
(0.00434502 0 0 0 0.000543127 0 0 0 0.000543127)
(0.0043462 0 0 0 0.000543275 0 0 0 0.000543275)
(0.00434741 0 0 0 0.000543426 0 0 0 0.000543426)
(0.00434864 0 0 0 0.000543579 0 0 0 0.000543579)
(0.00434989 0 0 0 0.000543736 0 0 0 0.000543736)
(0.00435116 0 0 0 0.000543895 0 0 0 0.000543895)
(0.00435246 0 0 0 0.000544058 0 0 0 0.000544058)
(0.00435379 0 0 0 0.000544223 0 0 0 0.000544223)
(0.00435513 0 0 0 0.000544392 0 0 0 0.000544392)
(0.0043565 0 0 0 0.000544563 0 0 0 0.000544563)
(0.0043579 0 0 0 0.000544737 0 0 0 0.000544737)
(0.00435931 0 0 0 0.000544914 0 0 0 0.000544914)
(0.00436075 0 0 0 0.000545094 0 0 0 0.000545094)
(0.00436222 0 0 0 0.000545277 0 0 0 0.000545277)
(0.0043637 0 0 0 0.000545463 0 0 0 0.000545463)
(0.00436522 0 0 0 0.000545652 0 0 0 0.000545652)
(0.00436675 0 0 0 0.000545844 0 0 0 0.000545844)
(0.00436831 0 0 0 0.000546039 0 0 0 0.000546039)
(0.00436989 0 0 0 0.000546236 0 0 0 0.000546236)
(0.00437149 0 0 0 0.000546437 0 0 0 0.000546437)
(0.00437312 0 0 0 0.00054664 0 0 0 0.00054664)
(0.00437477 0 0 0 0.000546847 0 0 0 0.000546847)
(0.00437645 0 0 0 0.000547056 0 0 0 0.000547056)
(0.00437815 0 0 0 0.000547268 0 0 0 0.000547268)
(0.00437987 0 0 0 0.000547483 0 0 0 0.000547483)
(0.00438161 0 0 0 0.000547701 0 0 0 0.000547701)
(0.00438338 0 0 0 0.000547922 0 0 0 0.000547922)
(0.00438517 0 0 0 0.000548146 0 0 0 0.000548146)
(0.00438698 0 0 0 0.000548372 0 0 0 0.000548372)
(0.00438881 0 0 0 0.000548601 0 0 0 0.000548601)
(0.00439067 0 0 0 0.000548833 0 0 0 0.000548833)
(0.00439254 0 0 0 0.000549068 0 0 0 0.000549068)
(0.00439444 0 0 0 0.000549306 0 0 0 0.000549306)
(0.00439637 0 0 0 0.000549546 0 0 0 0.000549546)
(0.00439831 0 0 0 0.000549789 0 0 0 0.000549789)
(0.00440027 0 0 0 0.000550034 0 0 0 0.000550034)
(0.00440226 0 0 0 0.000550282 0 0 0 0.000550282)
(0.00440427 0 0 0 0.000550533 0 0 0 0.000550533)
(0.00440629 0 0 0 0.000550787 0 0 0 0.000550787)
(0.00440834 0 0 0 0.000551043 0 0 0 0.000551043)
(0.00441041 0 0 0 0.000551301 0 0 0 0.000551301)
(0.0044125 0 0 0 0.000551562 0 0 0 0.000551562)
(0.00441461 0 0 0 0.000551826 0 0 0 0.000551826)
(0.00441674 0 0 0 0.000552092 0 0 0 0.000552092)
(0.00441888 0 0 0 0.000552361 0 0 0 0.000552361)
(0.00442105 0 0 0 0.000552631 0 0 0 0.000552631)
(0.00442324 0 0 0 0.000552905 0 0 0 0.000552905)
(0.00442544 0 0 0 0.00055318 0 0 0 0.00055318)
(0.00442766 0 0 0 0.000553458 0 0 0 0.000553458)
(0.0044299 0 0 0 0.000553738 0 0 0 0.000553738)
(0.00443216 0 0 0 0.00055402 0 0 0 0.00055402)
(0.00443444 0 0 0 0.000554305 0 0 0 0.000554305)
(0.00443673 0 0 0 0.000554591 0 0 0 0.000554591)
(0.00443904 0 0 0 0.000554879 0 0 0 0.000554879)
(0.00444136 0 0 0 0.00055517 0 0 0 0.00055517)
(0.0044437 0 0 0 0.000555462 0 0 0 0.000555462)
(0.00444605 0 0 0 0.000555756 0 0 0 0.000555756)
(0.00444842 0 0 0 0.000556052 0 0 0 0.000556052)
(0.0044508 0 0 0 0.00055635 0 0 0 0.00055635)
(0.00445319 0 0 0 0.000556649 0 0 0 0.000556649)
(0.00445559 0 0 0 0.000556949 0 0 0 0.000556949)
(0.00445801 0 0 0 0.000557251 0 0 0 0.000557251)
(0.00446043 0 0 0 0.000557554 0 0 0 0.000557554)
(0.00446286 0 0 0 0.000557858 0 0 0 0.000557858)
(0.0044653 0 0 0 0.000558163 0 0 0 0.000558163)
(0.00446775 0 0 0 0.000558469 0 0 0 0.000558469)
(0.00447021 0 0 0 0.000558776 0 0 0 0.000558776)
(0.00447267 0 0 0 0.000559084 0 0 0 0.000559084)
(0.00447514 0 0 0 0.000559393 0 0 0 0.000559393)
(0.00447763 0 0 0 0.000559703 0 0 0 0.000559703)
(0.00448014 0 0 0 0.000560017 0 0 0 0.000560017)
(0.00448269 0 0 0 0.000560336 0 0 0 0.000560336)
(0.00448533 0 0 0 0.000560666 0 0 0 0.000560666)
(0.00448733 0 0 0 0.000560916 0 0 0 0.000560916)
(0.00448854 0 0 0 0.000561068 0 0 0 0.000561068)
(0.00412419 0 0 0 0.000515524 0 0 0 0.000515524)
(0.00412522 0 0 0 0.000515653 0 0 0 0.000515653)
(0.00412698 0 0 0 0.000515872 0 0 0 0.000515872)
(0.00412935 0 0 0 0.000516168 0 0 0 0.000516168)
(0.00413168 0 0 0 0.00051646 0 0 0 0.00051646)
(0.00413399 0 0 0 0.000516748 0 0 0 0.000516748)
(0.00413627 0 0 0 0.000517034 0 0 0 0.000517034)
(0.00413855 0 0 0 0.000517318 0 0 0 0.000517318)
(0.00414081 0 0 0 0.000517601 0 0 0 0.000517601)
(0.00414306 0 0 0 0.000517882 0 0 0 0.000517882)
(0.0041453 0 0 0 0.000518162 0 0 0 0.000518162)
(0.00414753 0 0 0 0.000518441 0 0 0 0.000518441)
(0.00414976 0 0 0 0.00051872 0 0 0 0.00051872)
(0.00415197 0 0 0 0.000518997 0 0 0 0.000518997)
(0.00415418 0 0 0 0.000519273 0 0 0 0.000519273)
(0.00415639 0 0 0 0.000519548 0 0 0 0.000519548)
(0.00415858 0 0 0 0.000519823 0 0 0 0.000519823)
(0.00416077 0 0 0 0.000520096 0 0 0 0.000520096)
(0.00416294 0 0 0 0.000520368 0 0 0 0.000520368)
(0.00416511 0 0 0 0.000520639 0 0 0 0.000520639)
(0.00416727 0 0 0 0.000520909 0 0 0 0.000520909)
(0.00416942 0 0 0 0.000521177 0 0 0 0.000521177)
(0.00417156 0 0 0 0.000521444 0 0 0 0.000521444)
(0.00417368 0 0 0 0.00052171 0 0 0 0.00052171)
(0.0041758 0 0 0 0.000521975 0 0 0 0.000521975)
(0.00417791 0 0 0 0.000522238 0 0 0 0.000522238)
(0.00418 0 0 0 0.0005225 0 0 0 0.0005225)
(0.00418209 0 0 0 0.000522761 0 0 0 0.000522761)
(0.00418416 0 0 0 0.00052302 0 0 0 0.00052302)
(0.00418622 0 0 0 0.000523277 0 0 0 0.000523277)
(0.00418826 0 0 0 0.000523533 0 0 0 0.000523533)
(0.0041903 0 0 0 0.000523787 0 0 0 0.000523787)
(0.00419232 0 0 0 0.00052404 0 0 0 0.00052404)
(0.00419433 0 0 0 0.000524291 0 0 0 0.000524291)
(0.00419632 0 0 0 0.00052454 0 0 0 0.00052454)
(0.0041983 0 0 0 0.000524788 0 0 0 0.000524788)
(0.00420027 0 0 0 0.000525034 0 0 0 0.000525034)
(0.00420222 0 0 0 0.000525278 0 0 0 0.000525278)
(0.00420416 0 0 0 0.00052552 0 0 0 0.00052552)
(0.00420608 0 0 0 0.00052576 0 0 0 0.00052576)
(0.00420799 0 0 0 0.000525999 0 0 0 0.000525999)
(0.00420988 0 0 0 0.000526235 0 0 0 0.000526235)
(0.00421176 0 0 0 0.00052647 0 0 0 0.00052647)
(0.00421362 0 0 0 0.000526702 0 0 0 0.000526702)
(0.00421546 0 0 0 0.000526933 0 0 0 0.000526933)
(0.00421729 0 0 0 0.000527161 0 0 0 0.000527161)
(0.0042191 0 0 0 0.000527388 0 0 0 0.000527388)
(0.0042209 0 0 0 0.000527612 0 0 0 0.000527612)
(0.00422268 0 0 0 0.000527835 0 0 0 0.000527835)
(0.00422444 0 0 0 0.000528055 0 0 0 0.000528055)
(0.00422618 0 0 0 0.000528273 0 0 0 0.000528273)
(0.00422791 0 0 0 0.000528489 0 0 0 0.000528489)
(0.00422962 0 0 0 0.000528702 0 0 0 0.000528702)
(0.00423131 0 0 0 0.000528913 0 0 0 0.000528913)
(0.00423298 0 0 0 0.000529122 0 0 0 0.000529122)
(0.00423463 0 0 0 0.000529329 0 0 0 0.000529329)
(0.00423627 0 0 0 0.000529534 0 0 0 0.000529534)
(0.00423789 0 0 0 0.000529736 0 0 0 0.000529736)
(0.00423948 0 0 0 0.000529935 0 0 0 0.000529935)
(0.00424106 0 0 0 0.000530133 0 0 0 0.000530133)
(0.00424262 0 0 0 0.000530328 0 0 0 0.000530328)
(0.00424416 0 0 0 0.00053052 0 0 0 0.00053052)
(0.00424568 0 0 0 0.00053071 0 0 0 0.00053071)
(0.00424718 0 0 0 0.000530898 0 0 0 0.000530898)
(0.00424867 0 0 0 0.000531083 0 0 0 0.000531083)
(0.00425013 0 0 0 0.000531266 0 0 0 0.000531266)
(0.00425157 0 0 0 0.000531446 0 0 0 0.000531446)
(0.00425299 0 0 0 0.000531624 0 0 0 0.000531624)
(0.00425439 0 0 0 0.000531799 0 0 0 0.000531799)
(0.00425578 0 0 0 0.000531972 0 0 0 0.000531972)
(0.00425714 0 0 0 0.000532142 0 0 0 0.000532142)
(0.00425848 0 0 0 0.00053231 0 0 0 0.00053231)
(0.0042598 0 0 0 0.000532475 0 0 0 0.000532475)
(0.0042611 0 0 0 0.000532637 0 0 0 0.000532637)
(0.00426238 0 0 0 0.000532797 0 0 0 0.000532797)
(0.00426364 0 0 0 0.000532955 0 0 0 0.000532955)
(0.00426488 0 0 0 0.000533109 0 0 0 0.000533109)
(0.00426609 0 0 0 0.000533262 0 0 0 0.000533262)
(0.00426729 0 0 0 0.000533411 0 0 0 0.000533411)
(0.00426847 0 0 0 0.000533558 0 0 0 0.000533558)
(0.00426962 0 0 0 0.000533703 0 0 0 0.000533703)
(0.00427076 0 0 0 0.000533845 0 0 0 0.000533845)
(0.00427187 0 0 0 0.000533984 0 0 0 0.000533984)
(0.00427297 0 0 0 0.000534121 0 0 0 0.000534121)
(0.00427404 0 0 0 0.000534255 0 0 0 0.000534255)
(0.00427509 0 0 0 0.000534387 0 0 0 0.000534387)
(0.00427613 0 0 0 0.000534516 0 0 0 0.000534516)
(0.00427714 0 0 0 0.000534642 0 0 0 0.000534642)
(0.00427813 0 0 0 0.000534766 0 0 0 0.000534766)
(0.0042791 0 0 0 0.000534888 0 0 0 0.000534888)
(0.00428006 0 0 0 0.000535007 0 0 0 0.000535007)
(0.00428099 0 0 0 0.000535123 0 0 0 0.000535123)
(0.0042819 0 0 0 0.000535238 0 0 0 0.000535238)
(0.00428279 0 0 0 0.000535349 0 0 0 0.000535349)
(0.00428367 0 0 0 0.000535458 0 0 0 0.000535458)
(0.00428452 0 0 0 0.000535565 0 0 0 0.000535565)
(0.00428536 0 0 0 0.00053567 0 0 0 0.00053567)
(0.00428617 0 0 0 0.000535772 0 0 0 0.000535772)
(0.00428697 0 0 0 0.000535872 0 0 0 0.000535872)
(0.00428775 0 0 0 0.000535969 0 0 0 0.000535969)
(0.00428851 0 0 0 0.000536064 0 0 0 0.000536064)
(0.00428926 0 0 0 0.000536157 0 0 0 0.000536157)
(0.00428998 0 0 0 0.000536248 0 0 0 0.000536248)
(0.00429069 0 0 0 0.000536336 0 0 0 0.000536336)
(0.00429138 0 0 0 0.000536423 0 0 0 0.000536423)
(0.00429206 0 0 0 0.000536507 0 0 0 0.000536507)
(0.00429271 0 0 0 0.000536589 0 0 0 0.000536589)
(0.00429336 0 0 0 0.000536669 0 0 0 0.000536669)
(0.00429398 0 0 0 0.000536748 0 0 0 0.000536748)
(0.00429459 0 0 0 0.000536824 0 0 0 0.000536824)
(0.00429519 0 0 0 0.000536898 0 0 0 0.000536898)
(0.00429577 0 0 0 0.000536971 0 0 0 0.000536971)
(0.00429633 0 0 0 0.000537042 0 0 0 0.000537042)
(0.00429688 0 0 0 0.00053711 0 0 0 0.00053711)
(0.00429742 0 0 0 0.000537178 0 0 0 0.000537178)
(0.00429795 0 0 0 0.000537243 0 0 0 0.000537243)
(0.00429846 0 0 0 0.000537307 0 0 0 0.000537307)
(0.00429896 0 0 0 0.00053737 0 0 0 0.00053737)
(0.00429945 0 0 0 0.000537431 0 0 0 0.000537431)
(0.00429992 0 0 0 0.00053749 0 0 0 0.00053749)
(0.00430039 0 0 0 0.000537549 0 0 0 0.000537549)
(0.00430085 0 0 0 0.000537606 0 0 0 0.000537606)
(0.00430129 0 0 0 0.000537661 0 0 0 0.000537661)
(0.00430173 0 0 0 0.000537716 0 0 0 0.000537716)
(0.00430216 0 0 0 0.00053777 0 0 0 0.00053777)
(0.00430258 0 0 0 0.000537822 0 0 0 0.000537822)
(0.00430299 0 0 0 0.000537874 0 0 0 0.000537874)
(0.0043034 0 0 0 0.000537924 0 0 0 0.000537924)
(0.0043038 0 0 0 0.000537974 0 0 0 0.000537974)
(0.00430419 0 0 0 0.000538024 0 0 0 0.000538024)
(0.00430458 0 0 0 0.000538073 0 0 0 0.000538073)
(0.00430497 0 0 0 0.000538121 0 0 0 0.000538121)
(0.00430535 0 0 0 0.000538169 0 0 0 0.000538169)
(0.00430573 0 0 0 0.000538216 0 0 0 0.000538216)
(0.00430611 0 0 0 0.000538263 0 0 0 0.000538263)
(0.00430648 0 0 0 0.00053831 0 0 0 0.00053831)
(0.00430686 0 0 0 0.000538357 0 0 0 0.000538357)
(0.00430723 0 0 0 0.000538404 0 0 0 0.000538404)
(0.0043076 0 0 0 0.00053845 0 0 0 0.00053845)
(0.00430796 0 0 0 0.000538495 0 0 0 0.000538495)
(0.00430833 0 0 0 0.000538541 0 0 0 0.000538541)
(0.0043087 0 0 0 0.000538587 0 0 0 0.000538587)
(0.00430907 0 0 0 0.000538633 0 0 0 0.000538633)
(0.00430944 0 0 0 0.000538679 0 0 0 0.000538679)
(0.00430981 0 0 0 0.000538726 0 0 0 0.000538726)
(0.00431018 0 0 0 0.000538773 0 0 0 0.000538773)
(0.00431056 0 0 0 0.000538821 0 0 0 0.000538821)
(0.00431095 0 0 0 0.000538869 0 0 0 0.000538869)
(0.00431134 0 0 0 0.000538917 0 0 0 0.000538917)
(0.00431174 0 0 0 0.000538967 0 0 0 0.000538967)
(0.00431214 0 0 0 0.000539017 0 0 0 0.000539017)
(0.00431255 0 0 0 0.000539069 0 0 0 0.000539069)
(0.00431297 0 0 0 0.000539121 0 0 0 0.000539121)
(0.00431339 0 0 0 0.000539174 0 0 0 0.000539174)
(0.00431383 0 0 0 0.000539229 0 0 0 0.000539229)
(0.00431427 0 0 0 0.000539284 0 0 0 0.000539284)
(0.00431473 0 0 0 0.000539341 0 0 0 0.000539341)
(0.0043152 0 0 0 0.000539399 0 0 0 0.000539399)
(0.00431567 0 0 0 0.000539459 0 0 0 0.000539459)
(0.00431616 0 0 0 0.00053952 0 0 0 0.00053952)
(0.00431666 0 0 0 0.000539583 0 0 0 0.000539583)
(0.00431718 0 0 0 0.000539647 0 0 0 0.000539647)
(0.00431771 0 0 0 0.000539713 0 0 0 0.000539713)
(0.00431825 0 0 0 0.000539781 0 0 0 0.000539781)
(0.0043188 0 0 0 0.00053985 0 0 0 0.00053985)
(0.00431937 0 0 0 0.000539922 0 0 0 0.000539922)
(0.00431996 0 0 0 0.000539995 0 0 0 0.000539995)
(0.00432056 0 0 0 0.00054007 0 0 0 0.00054007)
(0.00432118 0 0 0 0.000540147 0 0 0 0.000540147)
(0.00432181 0 0 0 0.000540226 0 0 0 0.000540226)
(0.00432246 0 0 0 0.000540307 0 0 0 0.000540307)
(0.00432312 0 0 0 0.00054039 0 0 0 0.00054039)
(0.00432381 0 0 0 0.000540476 0 0 0 0.000540476)
(0.00432451 0 0 0 0.000540564 0 0 0 0.000540564)
(0.00432523 0 0 0 0.000540654 0 0 0 0.000540654)
(0.00432597 0 0 0 0.000540746 0 0 0 0.000540746)
(0.00432672 0 0 0 0.00054084 0 0 0 0.00054084)
(0.0043275 0 0 0 0.000540937 0 0 0 0.000540937)
(0.00432829 0 0 0 0.000541037 0 0 0 0.000541037)
(0.00432911 0 0 0 0.000541139 0 0 0 0.000541139)
(0.00432994 0 0 0 0.000541243 0 0 0 0.000541243)
(0.0043308 0 0 0 0.00054135 0 0 0 0.00054135)
(0.00433167 0 0 0 0.000541459 0 0 0 0.000541459)
(0.00433257 0 0 0 0.000541571 0 0 0 0.000541571)
(0.00433349 0 0 0 0.000541686 0 0 0 0.000541686)
(0.00433443 0 0 0 0.000541803 0 0 0 0.000541803)
(0.00433539 0 0 0 0.000541923 0 0 0 0.000541923)
(0.00433637 0 0 0 0.000542046 0 0 0 0.000542046)
(0.00433737 0 0 0 0.000542171 0 0 0 0.000542171)
(0.0043384 0 0 0 0.000542299 0 0 0 0.000542299)
(0.00433944 0 0 0 0.00054243 0 0 0 0.00054243)
(0.00434051 0 0 0 0.000542564 0 0 0 0.000542564)
(0.0043416 0 0 0 0.0005427 0 0 0 0.0005427)
(0.00434272 0 0 0 0.00054284 0 0 0 0.00054284)
(0.00434386 0 0 0 0.000542982 0 0 0 0.000542982)
(0.00434502 0 0 0 0.000543127 0 0 0 0.000543127)
(0.0043462 0 0 0 0.000543275 0 0 0 0.000543275)
(0.0043474 0 0 0 0.000543426 0 0 0 0.000543426)
(0.00434863 0 0 0 0.000543579 0 0 0 0.000543579)
(0.00434989 0 0 0 0.000543736 0 0 0 0.000543736)
(0.00435116 0 0 0 0.000543895 0 0 0 0.000543895)
(0.00435246 0 0 0 0.000544058 0 0 0 0.000544058)
(0.00435378 0 0 0 0.000544223 0 0 0 0.000544223)
(0.00435513 0 0 0 0.000544391 0 0 0 0.000544391)
(0.0043565 0 0 0 0.000544563 0 0 0 0.000544563)
(0.00435789 0 0 0 0.000544737 0 0 0 0.000544737)
(0.00435931 0 0 0 0.000544914 0 0 0 0.000544914)
(0.00436075 0 0 0 0.000545094 0 0 0 0.000545094)
(0.00436222 0 0 0 0.000545277 0 0 0 0.000545277)
(0.0043637 0 0 0 0.000545463 0 0 0 0.000545463)
(0.00436521 0 0 0 0.000545652 0 0 0 0.000545652)
(0.00436675 0 0 0 0.000545844 0 0 0 0.000545844)
(0.00436831 0 0 0 0.000546038 0 0 0 0.000546038)
(0.00436989 0 0 0 0.000546236 0 0 0 0.000546236)
(0.00437149 0 0 0 0.000546437 0 0 0 0.000546437)
(0.00437312 0 0 0 0.00054664 0 0 0 0.00054664)
(0.00437477 0 0 0 0.000546847 0 0 0 0.000546847)
(0.00437645 0 0 0 0.000547056 0 0 0 0.000547056)
(0.00437815 0 0 0 0.000547268 0 0 0 0.000547268)
(0.00437987 0 0 0 0.000547483 0 0 0 0.000547483)
(0.00438161 0 0 0 0.000547701 0 0 0 0.000547701)
(0.00438338 0 0 0 0.000547922 0 0 0 0.000547922)
(0.00438516 0 0 0 0.000548146 0 0 0 0.000548146)
(0.00438698 0 0 0 0.000548372 0 0 0 0.000548372)
(0.00438881 0 0 0 0.000548601 0 0 0 0.000548601)
(0.00439067 0 0 0 0.000548833 0 0 0 0.000548833)
(0.00439254 0 0 0 0.000549068 0 0 0 0.000549068)
(0.00439444 0 0 0 0.000549305 0 0 0 0.000549305)
(0.00439636 0 0 0 0.000549546 0 0 0 0.000549546)
(0.00439831 0 0 0 0.000549788 0 0 0 0.000549788)
(0.00440027 0 0 0 0.000550034 0 0 0 0.000550034)
(0.00440226 0 0 0 0.000550282 0 0 0 0.000550282)
(0.00440427 0 0 0 0.000550533 0 0 0 0.000550533)
(0.00440629 0 0 0 0.000550787 0 0 0 0.000550787)
(0.00440834 0 0 0 0.000551043 0 0 0 0.000551043)
(0.00441041 0 0 0 0.000551301 0 0 0 0.000551301)
(0.0044125 0 0 0 0.000551562 0 0 0 0.000551562)
(0.00441461 0 0 0 0.000551826 0 0 0 0.000551826)
(0.00441674 0 0 0 0.000552092 0 0 0 0.000552092)
(0.00441888 0 0 0 0.00055236 0 0 0 0.00055236)
(0.00442105 0 0 0 0.000552631 0 0 0 0.000552631)
(0.00442324 0 0 0 0.000552904 0 0 0 0.000552904)
(0.00442544 0 0 0 0.00055318 0 0 0 0.00055318)
(0.00442766 0 0 0 0.000553458 0 0 0 0.000553458)
(0.0044299 0 0 0 0.000553738 0 0 0 0.000553738)
(0.00443216 0 0 0 0.00055402 0 0 0 0.00055402)
(0.00443443 0 0 0 0.000554304 0 0 0 0.000554304)
(0.00443673 0 0 0 0.000554591 0 0 0 0.000554591)
(0.00443903 0 0 0 0.000554879 0 0 0 0.000554879)
(0.00444136 0 0 0 0.000555169 0 0 0 0.000555169)
(0.00444369 0 0 0 0.000555462 0 0 0 0.000555462)
(0.00444605 0 0 0 0.000555756 0 0 0 0.000555756)
(0.00444841 0 0 0 0.000556051 0 0 0 0.000556051)
(0.00445079 0 0 0 0.000556349 0 0 0 0.000556349)
(0.00445318 0 0 0 0.000556648 0 0 0 0.000556648)
(0.00445558 0 0 0 0.000556948 0 0 0 0.000556948)
(0.004458 0 0 0 0.000557249 0 0 0 0.000557249)
(0.00446042 0 0 0 0.000557552 0 0 0 0.000557552)
(0.00446285 0 0 0 0.000557856 0 0 0 0.000557856)
(0.00446528 0 0 0 0.00055816 0 0 0 0.00055816)
(0.00446772 0 0 0 0.000558466 0 0 0 0.000558466)
(0.00447017 0 0 0 0.000558772 0 0 0 0.000558772)
(0.00447263 0 0 0 0.000559078 0 0 0 0.000559078)
(0.00447509 0 0 0 0.000559386 0 0 0 0.000559386)
(0.00447756 0 0 0 0.000559695 0 0 0 0.000559695)
(0.00448006 0 0 0 0.000560007 0 0 0 0.000560007)
(0.00448259 0 0 0 0.000560324 0 0 0 0.000560324)
(0.00448521 0 0 0 0.000560651 0 0 0 0.000560651)
(0.00448718 0 0 0 0.000560897 0 0 0 0.000560897)
(0.00448839 0 0 0 0.000561049 0 0 0 0.000561049)
(0.00412415 0 0 0 0.000515519 0 0 0 0.000515519)
(0.00412519 0 0 0 0.000515649 0 0 0 0.000515649)
(0.00412696 0 0 0 0.000515871 0 0 0 0.000515871)
(0.00412934 0 0 0 0.000516167 0 0 0 0.000516167)
(0.00413167 0 0 0 0.000516459 0 0 0 0.000516459)
(0.00413398 0 0 0 0.000516748 0 0 0 0.000516748)
(0.00413627 0 0 0 0.000517034 0 0 0 0.000517034)
(0.00413855 0 0 0 0.000517318 0 0 0 0.000517318)
(0.00414081 0 0 0 0.000517601 0 0 0 0.000517601)
(0.00414306 0 0 0 0.000517882 0 0 0 0.000517882)
(0.0041453 0 0 0 0.000518162 0 0 0 0.000518162)
(0.00414753 0 0 0 0.000518441 0 0 0 0.000518441)
(0.00414976 0 0 0 0.00051872 0 0 0 0.00051872)
(0.00415197 0 0 0 0.000518997 0 0 0 0.000518997)
(0.00415418 0 0 0 0.000519273 0 0 0 0.000519273)
(0.00415639 0 0 0 0.000519548 0 0 0 0.000519548)
(0.00415858 0 0 0 0.000519823 0 0 0 0.000519823)
(0.00416077 0 0 0 0.000520096 0 0 0 0.000520096)
(0.00416294 0 0 0 0.000520368 0 0 0 0.000520368)
(0.00416511 0 0 0 0.000520639 0 0 0 0.000520639)
(0.00416727 0 0 0 0.000520909 0 0 0 0.000520909)
(0.00416942 0 0 0 0.000521177 0 0 0 0.000521177)
(0.00417156 0 0 0 0.000521444 0 0 0 0.000521444)
(0.00417368 0 0 0 0.00052171 0 0 0 0.00052171)
(0.0041758 0 0 0 0.000521975 0 0 0 0.000521975)
(0.00417791 0 0 0 0.000522238 0 0 0 0.000522238)
(0.00418 0 0 0 0.0005225 0 0 0 0.0005225)
(0.00418209 0 0 0 0.000522761 0 0 0 0.000522761)
(0.00418416 0 0 0 0.00052302 0 0 0 0.00052302)
(0.00418622 0 0 0 0.000523277 0 0 0 0.000523277)
(0.00418826 0 0 0 0.000523533 0 0 0 0.000523533)
(0.0041903 0 0 0 0.000523787 0 0 0 0.000523787)
(0.00419232 0 0 0 0.00052404 0 0 0 0.00052404)
(0.00419433 0 0 0 0.000524291 0 0 0 0.000524291)
(0.00419632 0 0 0 0.00052454 0 0 0 0.00052454)
(0.0041983 0 0 0 0.000524788 0 0 0 0.000524788)
(0.00420027 0 0 0 0.000525034 0 0 0 0.000525034)
(0.00420222 0 0 0 0.000525278 0 0 0 0.000525278)
(0.00420416 0 0 0 0.00052552 0 0 0 0.00052552)
(0.00420608 0 0 0 0.00052576 0 0 0 0.00052576)
(0.00420799 0 0 0 0.000525999 0 0 0 0.000525999)
(0.00420988 0 0 0 0.000526235 0 0 0 0.000526235)
(0.00421176 0 0 0 0.00052647 0 0 0 0.00052647)
(0.00421362 0 0 0 0.000526702 0 0 0 0.000526702)
(0.00421546 0 0 0 0.000526933 0 0 0 0.000526933)
(0.00421729 0 0 0 0.000527162 0 0 0 0.000527162)
(0.0042191 0 0 0 0.000527388 0 0 0 0.000527388)
(0.0042209 0 0 0 0.000527612 0 0 0 0.000527612)
(0.00422268 0 0 0 0.000527835 0 0 0 0.000527835)
(0.00422444 0 0 0 0.000528055 0 0 0 0.000528055)
(0.00422618 0 0 0 0.000528273 0 0 0 0.000528273)
(0.00422791 0 0 0 0.000528489 0 0 0 0.000528489)
(0.00422962 0 0 0 0.000528702 0 0 0 0.000528702)
(0.00423131 0 0 0 0.000528913 0 0 0 0.000528913)
(0.00423298 0 0 0 0.000529122 0 0 0 0.000529122)
(0.00423463 0 0 0 0.000529329 0 0 0 0.000529329)
(0.00423627 0 0 0 0.000529534 0 0 0 0.000529534)
(0.00423789 0 0 0 0.000529736 0 0 0 0.000529736)
(0.00423948 0 0 0 0.000529935 0 0 0 0.000529935)
(0.00424106 0 0 0 0.000530133 0 0 0 0.000530133)
(0.00424262 0 0 0 0.000530328 0 0 0 0.000530328)
(0.00424416 0 0 0 0.00053052 0 0 0 0.00053052)
(0.00424568 0 0 0 0.00053071 0 0 0 0.00053071)
(0.00424719 0 0 0 0.000530898 0 0 0 0.000530898)
(0.00424867 0 0 0 0.000531083 0 0 0 0.000531083)
(0.00425013 0 0 0 0.000531266 0 0 0 0.000531266)
(0.00425157 0 0 0 0.000531446 0 0 0 0.000531446)
(0.00425299 0 0 0 0.000531624 0 0 0 0.000531624)
(0.00425439 0 0 0 0.000531799 0 0 0 0.000531799)
(0.00425578 0 0 0 0.000531972 0 0 0 0.000531972)
(0.00425714 0 0 0 0.000532142 0 0 0 0.000532142)
(0.00425848 0 0 0 0.00053231 0 0 0 0.00053231)
(0.0042598 0 0 0 0.000532475 0 0 0 0.000532475)
(0.0042611 0 0 0 0.000532637 0 0 0 0.000532637)
(0.00426238 0 0 0 0.000532797 0 0 0 0.000532797)
(0.00426364 0 0 0 0.000532955 0 0 0 0.000532955)
(0.00426488 0 0 0 0.000533109 0 0 0 0.000533109)
(0.00426609 0 0 0 0.000533262 0 0 0 0.000533262)
(0.00426729 0 0 0 0.000533411 0 0 0 0.000533411)
(0.00426847 0 0 0 0.000533558 0 0 0 0.000533558)
(0.00426962 0 0 0 0.000533703 0 0 0 0.000533703)
(0.00427076 0 0 0 0.000533845 0 0 0 0.000533845)
(0.00427187 0 0 0 0.000533984 0 0 0 0.000533984)
(0.00427297 0 0 0 0.000534121 0 0 0 0.000534121)
(0.00427404 0 0 0 0.000534255 0 0 0 0.000534255)
(0.00427509 0 0 0 0.000534387 0 0 0 0.000534387)
(0.00427613 0 0 0 0.000534516 0 0 0 0.000534516)
(0.00427714 0 0 0 0.000534642 0 0 0 0.000534642)
(0.00427813 0 0 0 0.000534766 0 0 0 0.000534766)
(0.0042791 0 0 0 0.000534888 0 0 0 0.000534888)
(0.00428006 0 0 0 0.000535007 0 0 0 0.000535007)
(0.00428099 0 0 0 0.000535123 0 0 0 0.000535123)
(0.0042819 0 0 0 0.000535238 0 0 0 0.000535238)
(0.00428279 0 0 0 0.000535349 0 0 0 0.000535349)
(0.00428367 0 0 0 0.000535458 0 0 0 0.000535458)
(0.00428452 0 0 0 0.000535565 0 0 0 0.000535565)
(0.00428536 0 0 0 0.00053567 0 0 0 0.00053567)
(0.00428617 0 0 0 0.000535772 0 0 0 0.000535772)
(0.00428697 0 0 0 0.000535872 0 0 0 0.000535872)
(0.00428775 0 0 0 0.000535969 0 0 0 0.000535969)
(0.00428851 0 0 0 0.000536064 0 0 0 0.000536064)
(0.00428926 0 0 0 0.000536157 0 0 0 0.000536157)
(0.00428998 0 0 0 0.000536248 0 0 0 0.000536248)
(0.00429069 0 0 0 0.000536336 0 0 0 0.000536336)
(0.00429138 0 0 0 0.000536423 0 0 0 0.000536423)
(0.00429206 0 0 0 0.000536507 0 0 0 0.000536507)
(0.00429271 0 0 0 0.000536589 0 0 0 0.000536589)
(0.00429336 0 0 0 0.000536669 0 0 0 0.000536669)
(0.00429398 0 0 0 0.000536748 0 0 0 0.000536748)
(0.00429459 0 0 0 0.000536824 0 0 0 0.000536824)
(0.00429519 0 0 0 0.000536898 0 0 0 0.000536898)
(0.00429577 0 0 0 0.000536971 0 0 0 0.000536971)
(0.00429633 0 0 0 0.000537042 0 0 0 0.000537042)
(0.00429688 0 0 0 0.00053711 0 0 0 0.00053711)
(0.00429742 0 0 0 0.000537178 0 0 0 0.000537178)
(0.00429795 0 0 0 0.000537243 0 0 0 0.000537243)
(0.00429846 0 0 0 0.000537307 0 0 0 0.000537307)
(0.00429896 0 0 0 0.00053737 0 0 0 0.00053737)
(0.00429945 0 0 0 0.000537431 0 0 0 0.000537431)
(0.00429992 0 0 0 0.00053749 0 0 0 0.00053749)
(0.00430039 0 0 0 0.000537549 0 0 0 0.000537549)
(0.00430085 0 0 0 0.000537606 0 0 0 0.000537606)
(0.00430129 0 0 0 0.000537661 0 0 0 0.000537661)
(0.00430173 0 0 0 0.000537716 0 0 0 0.000537716)
(0.00430216 0 0 0 0.00053777 0 0 0 0.00053777)
(0.00430258 0 0 0 0.000537822 0 0 0 0.000537822)
(0.00430299 0 0 0 0.000537874 0 0 0 0.000537874)
(0.0043034 0 0 0 0.000537924 0 0 0 0.000537924)
(0.0043038 0 0 0 0.000537974 0 0 0 0.000537974)
(0.00430419 0 0 0 0.000538024 0 0 0 0.000538024)
(0.00430458 0 0 0 0.000538073 0 0 0 0.000538073)
(0.00430497 0 0 0 0.000538121 0 0 0 0.000538121)
(0.00430535 0 0 0 0.000538169 0 0 0 0.000538169)
(0.00430573 0 0 0 0.000538216 0 0 0 0.000538216)
(0.00430611 0 0 0 0.000538263 0 0 0 0.000538263)
(0.00430648 0 0 0 0.00053831 0 0 0 0.00053831)
(0.00430686 0 0 0 0.000538357 0 0 0 0.000538357)
(0.00430723 0 0 0 0.000538404 0 0 0 0.000538404)
(0.0043076 0 0 0 0.00053845 0 0 0 0.00053845)
(0.00430796 0 0 0 0.000538495 0 0 0 0.000538495)
(0.00430833 0 0 0 0.000538541 0 0 0 0.000538541)
(0.0043087 0 0 0 0.000538587 0 0 0 0.000538587)
(0.00430907 0 0 0 0.000538633 0 0 0 0.000538633)
(0.00430944 0 0 0 0.000538679 0 0 0 0.000538679)
(0.00430981 0 0 0 0.000538726 0 0 0 0.000538726)
(0.00431018 0 0 0 0.000538773 0 0 0 0.000538773)
(0.00431056 0 0 0 0.000538821 0 0 0 0.000538821)
(0.00431095 0 0 0 0.000538869 0 0 0 0.000538869)
(0.00431134 0 0 0 0.000538917 0 0 0 0.000538917)
(0.00431174 0 0 0 0.000538967 0 0 0 0.000538967)
(0.00431214 0 0 0 0.000539017 0 0 0 0.000539017)
(0.00431255 0 0 0 0.000539069 0 0 0 0.000539069)
(0.00431297 0 0 0 0.000539121 0 0 0 0.000539121)
(0.00431339 0 0 0 0.000539174 0 0 0 0.000539174)
(0.00431383 0 0 0 0.000539229 0 0 0 0.000539229)
(0.00431427 0 0 0 0.000539284 0 0 0 0.000539284)
(0.00431473 0 0 0 0.000539341 0 0 0 0.000539341)
(0.0043152 0 0 0 0.000539399 0 0 0 0.000539399)
(0.00431567 0 0 0 0.000539459 0 0 0 0.000539459)
(0.00431616 0 0 0 0.00053952 0 0 0 0.00053952)
(0.00431666 0 0 0 0.000539583 0 0 0 0.000539583)
(0.00431718 0 0 0 0.000539647 0 0 0 0.000539647)
(0.00431771 0 0 0 0.000539713 0 0 0 0.000539713)
(0.00431825 0 0 0 0.000539781 0 0 0 0.000539781)
(0.0043188 0 0 0 0.00053985 0 0 0 0.00053985)
(0.00431937 0 0 0 0.000539922 0 0 0 0.000539922)
(0.00431996 0 0 0 0.000539995 0 0 0 0.000539995)
(0.00432056 0 0 0 0.00054007 0 0 0 0.00054007)
(0.00432118 0 0 0 0.000540147 0 0 0 0.000540147)
(0.00432181 0 0 0 0.000540226 0 0 0 0.000540226)
(0.00432246 0 0 0 0.000540307 0 0 0 0.000540307)
(0.00432312 0 0 0 0.00054039 0 0 0 0.00054039)
(0.00432381 0 0 0 0.000540476 0 0 0 0.000540476)
(0.00432451 0 0 0 0.000540564 0 0 0 0.000540564)
(0.00432523 0 0 0 0.000540654 0 0 0 0.000540654)
(0.00432597 0 0 0 0.000540746 0 0 0 0.000540746)
(0.00432672 0 0 0 0.00054084 0 0 0 0.00054084)
(0.0043275 0 0 0 0.000540937 0 0 0 0.000540937)
(0.00432829 0 0 0 0.000541037 0 0 0 0.000541037)
(0.00432911 0 0 0 0.000541139 0 0 0 0.000541139)
(0.00432994 0 0 0 0.000541243 0 0 0 0.000541243)
(0.0043308 0 0 0 0.00054135 0 0 0 0.00054135)
(0.00433167 0 0 0 0.000541459 0 0 0 0.000541459)
(0.00433257 0 0 0 0.000541571 0 0 0 0.000541571)
(0.00433349 0 0 0 0.000541686 0 0 0 0.000541686)
(0.00433443 0 0 0 0.000541803 0 0 0 0.000541803)
(0.00433539 0 0 0 0.000541923 0 0 0 0.000541923)
(0.00433637 0 0 0 0.000542046 0 0 0 0.000542046)
(0.00433737 0 0 0 0.000542171 0 0 0 0.000542171)
(0.00433839 0 0 0 0.000542299 0 0 0 0.000542299)
(0.00433944 0 0 0 0.00054243 0 0 0 0.00054243)
(0.00434051 0 0 0 0.000542564 0 0 0 0.000542564)
(0.0043416 0 0 0 0.0005427 0 0 0 0.0005427)
(0.00434272 0 0 0 0.00054284 0 0 0 0.00054284)
(0.00434385 0 0 0 0.000542982 0 0 0 0.000542982)
(0.00434501 0 0 0 0.000543127 0 0 0 0.000543127)
(0.0043462 0 0 0 0.000543275 0 0 0 0.000543275)
(0.0043474 0 0 0 0.000543426 0 0 0 0.000543426)
(0.00434863 0 0 0 0.000543579 0 0 0 0.000543579)
(0.00434989 0 0 0 0.000543736 0 0 0 0.000543736)
(0.00435116 0 0 0 0.000543895 0 0 0 0.000543895)
(0.00435246 0 0 0 0.000544058 0 0 0 0.000544058)
(0.00435378 0 0 0 0.000544223 0 0 0 0.000544223)
(0.00435513 0 0 0 0.000544391 0 0 0 0.000544391)
(0.0043565 0 0 0 0.000544563 0 0 0 0.000544563)
(0.00435789 0 0 0 0.000544737 0 0 0 0.000544737)
(0.00435931 0 0 0 0.000544914 0 0 0 0.000544914)
(0.00436075 0 0 0 0.000545094 0 0 0 0.000545094)
(0.00436221 0 0 0 0.000545277 0 0 0 0.000545277)
(0.0043637 0 0 0 0.000545463 0 0 0 0.000545463)
(0.00436521 0 0 0 0.000545652 0 0 0 0.000545652)
(0.00436675 0 0 0 0.000545844 0 0 0 0.000545844)
(0.00436831 0 0 0 0.000546038 0 0 0 0.000546038)
(0.00436989 0 0 0 0.000546236 0 0 0 0.000546236)
(0.00437149 0 0 0 0.000546437 0 0 0 0.000546437)
(0.00437312 0 0 0 0.00054664 0 0 0 0.00054664)
(0.00437477 0 0 0 0.000546847 0 0 0 0.000546847)
(0.00437645 0 0 0 0.000547056 0 0 0 0.000547056)
(0.00437814 0 0 0 0.000547268 0 0 0 0.000547268)
(0.00437987 0 0 0 0.000547483 0 0 0 0.000547483)
(0.00438161 0 0 0 0.000547701 0 0 0 0.000547701)
(0.00438337 0 0 0 0.000547922 0 0 0 0.000547922)
(0.00438516 0 0 0 0.000548145 0 0 0 0.000548145)
(0.00438697 0 0 0 0.000548372 0 0 0 0.000548372)
(0.00438881 0 0 0 0.000548601 0 0 0 0.000548601)
(0.00439066 0 0 0 0.000548833 0 0 0 0.000548833)
(0.00439254 0 0 0 0.000549068 0 0 0 0.000549068)
(0.00439444 0 0 0 0.000549305 0 0 0 0.000549305)
(0.00439636 0 0 0 0.000549545 0 0 0 0.000549545)
(0.00439831 0 0 0 0.000549788 0 0 0 0.000549788)
(0.00440027 0 0 0 0.000550034 0 0 0 0.000550034)
(0.00440226 0 0 0 0.000550282 0 0 0 0.000550282)
(0.00440426 0 0 0 0.000550533 0 0 0 0.000550533)
(0.00440629 0 0 0 0.000550786 0 0 0 0.000550786)
(0.00440834 0 0 0 0.000551042 0 0 0 0.000551042)
(0.00441041 0 0 0 0.000551301 0 0 0 0.000551301)
(0.0044125 0 0 0 0.000551562 0 0 0 0.000551562)
(0.00441461 0 0 0 0.000551826 0 0 0 0.000551826)
(0.00441673 0 0 0 0.000552092 0 0 0 0.000552092)
(0.00441888 0 0 0 0.00055236 0 0 0 0.00055236)
(0.00442105 0 0 0 0.000552631 0 0 0 0.000552631)
(0.00442323 0 0 0 0.000552904 0 0 0 0.000552904)
(0.00442544 0 0 0 0.00055318 0 0 0 0.00055318)
(0.00442766 0 0 0 0.000553458 0 0 0 0.000553458)
(0.0044299 0 0 0 0.000553738 0 0 0 0.000553738)
(0.00443216 0 0 0 0.00055402 0 0 0 0.00055402)
(0.00443443 0 0 0 0.000554304 0 0 0 0.000554304)
(0.00443672 0 0 0 0.00055459 0 0 0 0.00055459)
(0.00443903 0 0 0 0.000554879 0 0 0 0.000554879)
(0.00444135 0 0 0 0.000555169 0 0 0 0.000555169)
(0.00444369 0 0 0 0.000555461 0 0 0 0.000555461)
(0.00444604 0 0 0 0.000555755 0 0 0 0.000555755)
(0.00444841 0 0 0 0.000556051 0 0 0 0.000556051)
(0.00445079 0 0 0 0.000556348 0 0 0 0.000556348)
(0.00445318 0 0 0 0.000556647 0 0 0 0.000556647)
(0.00445558 0 0 0 0.000556947 0 0 0 0.000556947)
(0.00445799 0 0 0 0.000557248 0 0 0 0.000557248)
(0.00446041 0 0 0 0.000557551 0 0 0 0.000557551)
(0.00446283 0 0 0 0.000557854 0 0 0 0.000557854)
(0.00446527 0 0 0 0.000558158 0 0 0 0.000558158)
(0.0044677 0 0 0 0.000558463 0 0 0 0.000558463)
(0.00447015 0 0 0 0.000558768 0 0 0 0.000558768)
(0.00447259 0 0 0 0.000559074 0 0 0 0.000559074)
(0.00447505 0 0 0 0.000559381 0 0 0 0.000559381)
(0.00447751 0 0 0 0.000559688 0 0 0 0.000559688)
(0.00447999 0 0 0 0.000559998 0 0 0 0.000559998)
(0.0044825 0 0 0 0.000560313 0 0 0 0.000560313)
(0.0044851 0 0 0 0.000560637 0 0 0 0.000560637)
(0.00448704 0 0 0 0.00056088 0 0 0 0.00056088)
(0.00448827 0 0 0 0.000561033 0 0 0 0.000561033)
(0.00412413 0 0 0 0.000515516 0 0 0 0.000515516)
(0.00412518 0 0 0 0.000515647 0 0 0 0.000515647)
(0.00412695 0 0 0 0.000515869 0 0 0 0.000515869)
(0.00412933 0 0 0 0.000516167 0 0 0 0.000516167)
(0.00413167 0 0 0 0.000516459 0 0 0 0.000516459)
(0.00413398 0 0 0 0.000516748 0 0 0 0.000516748)
(0.00413627 0 0 0 0.000517034 0 0 0 0.000517034)
(0.00413854 0 0 0 0.000517318 0 0 0 0.000517318)
(0.00414081 0 0 0 0.000517601 0 0 0 0.000517601)
(0.00414306 0 0 0 0.000517882 0 0 0 0.000517882)
(0.0041453 0 0 0 0.000518162 0 0 0 0.000518162)
(0.00414753 0 0 0 0.000518441 0 0 0 0.000518441)
(0.00414976 0 0 0 0.00051872 0 0 0 0.00051872)
(0.00415197 0 0 0 0.000518997 0 0 0 0.000518997)
(0.00415418 0 0 0 0.000519273 0 0 0 0.000519273)
(0.00415639 0 0 0 0.000519548 0 0 0 0.000519548)
(0.00415858 0 0 0 0.000519823 0 0 0 0.000519823)
(0.00416077 0 0 0 0.000520096 0 0 0 0.000520096)
(0.00416294 0 0 0 0.000520368 0 0 0 0.000520368)
(0.00416511 0 0 0 0.000520639 0 0 0 0.000520639)
(0.00416727 0 0 0 0.000520909 0 0 0 0.000520909)
(0.00416942 0 0 0 0.000521177 0 0 0 0.000521177)
(0.00417156 0 0 0 0.000521444 0 0 0 0.000521444)
(0.00417368 0 0 0 0.00052171 0 0 0 0.00052171)
(0.0041758 0 0 0 0.000521975 0 0 0 0.000521975)
(0.00417791 0 0 0 0.000522238 0 0 0 0.000522238)
(0.00418 0 0 0 0.0005225 0 0 0 0.0005225)
(0.00418209 0 0 0 0.000522761 0 0 0 0.000522761)
(0.00418416 0 0 0 0.00052302 0 0 0 0.00052302)
(0.00418622 0 0 0 0.000523277 0 0 0 0.000523277)
(0.00418826 0 0 0 0.000523533 0 0 0 0.000523533)
(0.0041903 0 0 0 0.000523787 0 0 0 0.000523787)
(0.00419232 0 0 0 0.00052404 0 0 0 0.00052404)
(0.00419433 0 0 0 0.000524291 0 0 0 0.000524291)
(0.00419632 0 0 0 0.00052454 0 0 0 0.00052454)
(0.0041983 0 0 0 0.000524788 0 0 0 0.000524788)
(0.00420027 0 0 0 0.000525034 0 0 0 0.000525034)
(0.00420222 0 0 0 0.000525278 0 0 0 0.000525278)
(0.00420416 0 0 0 0.00052552 0 0 0 0.00052552)
(0.00420608 0 0 0 0.00052576 0 0 0 0.00052576)
(0.00420799 0 0 0 0.000525999 0 0 0 0.000525999)
(0.00420988 0 0 0 0.000526235 0 0 0 0.000526235)
(0.00421176 0 0 0 0.00052647 0 0 0 0.00052647)
(0.00421362 0 0 0 0.000526702 0 0 0 0.000526702)
(0.00421546 0 0 0 0.000526933 0 0 0 0.000526933)
(0.00421729 0 0 0 0.000527162 0 0 0 0.000527162)
(0.0042191 0 0 0 0.000527388 0 0 0 0.000527388)
(0.0042209 0 0 0 0.000527612 0 0 0 0.000527612)
(0.00422268 0 0 0 0.000527835 0 0 0 0.000527835)
(0.00422444 0 0 0 0.000528055 0 0 0 0.000528055)
(0.00422618 0 0 0 0.000528273 0 0 0 0.000528273)
(0.00422791 0 0 0 0.000528489 0 0 0 0.000528489)
(0.00422962 0 0 0 0.000528702 0 0 0 0.000528702)
(0.00423131 0 0 0 0.000528913 0 0 0 0.000528913)
(0.00423298 0 0 0 0.000529122 0 0 0 0.000529122)
(0.00423463 0 0 0 0.000529329 0 0 0 0.000529329)
(0.00423627 0 0 0 0.000529534 0 0 0 0.000529534)
(0.00423789 0 0 0 0.000529736 0 0 0 0.000529736)
(0.00423948 0 0 0 0.000529935 0 0 0 0.000529935)
(0.00424106 0 0 0 0.000530133 0 0 0 0.000530133)
(0.00424262 0 0 0 0.000530328 0 0 0 0.000530328)
(0.00424416 0 0 0 0.00053052 0 0 0 0.00053052)
(0.00424568 0 0 0 0.000530711 0 0 0 0.000530711)
(0.00424719 0 0 0 0.000530898 0 0 0 0.000530898)
(0.00424867 0 0 0 0.000531083 0 0 0 0.000531083)
(0.00425013 0 0 0 0.000531266 0 0 0 0.000531266)
(0.00425157 0 0 0 0.000531446 0 0 0 0.000531446)
(0.00425299 0 0 0 0.000531624 0 0 0 0.000531624)
(0.00425439 0 0 0 0.000531799 0 0 0 0.000531799)
(0.00425578 0 0 0 0.000531972 0 0 0 0.000531972)
(0.00425714 0 0 0 0.000532142 0 0 0 0.000532142)
(0.00425848 0 0 0 0.00053231 0 0 0 0.00053231)
(0.0042598 0 0 0 0.000532475 0 0 0 0.000532475)
(0.0042611 0 0 0 0.000532637 0 0 0 0.000532637)
(0.00426238 0 0 0 0.000532797 0 0 0 0.000532797)
(0.00426364 0 0 0 0.000532955 0 0 0 0.000532955)
(0.00426488 0 0 0 0.000533109 0 0 0 0.000533109)
(0.00426609 0 0 0 0.000533262 0 0 0 0.000533262)
(0.00426729 0 0 0 0.000533411 0 0 0 0.000533411)
(0.00426847 0 0 0 0.000533558 0 0 0 0.000533558)
(0.00426962 0 0 0 0.000533703 0 0 0 0.000533703)
(0.00427076 0 0 0 0.000533845 0 0 0 0.000533845)
(0.00427187 0 0 0 0.000533984 0 0 0 0.000533984)
(0.00427297 0 0 0 0.000534121 0 0 0 0.000534121)
(0.00427404 0 0 0 0.000534255 0 0 0 0.000534255)
(0.00427509 0 0 0 0.000534387 0 0 0 0.000534387)
(0.00427613 0 0 0 0.000534516 0 0 0 0.000534516)
(0.00427714 0 0 0 0.000534642 0 0 0 0.000534642)
(0.00427813 0 0 0 0.000534766 0 0 0 0.000534766)
(0.0042791 0 0 0 0.000534888 0 0 0 0.000534888)
(0.00428006 0 0 0 0.000535007 0 0 0 0.000535007)
(0.00428099 0 0 0 0.000535124 0 0 0 0.000535124)
(0.0042819 0 0 0 0.000535238 0 0 0 0.000535238)
(0.00428279 0 0 0 0.000535349 0 0 0 0.000535349)
(0.00428367 0 0 0 0.000535458 0 0 0 0.000535458)
(0.00428452 0 0 0 0.000535565 0 0 0 0.000535565)
(0.00428536 0 0 0 0.00053567 0 0 0 0.00053567)
(0.00428617 0 0 0 0.000535772 0 0 0 0.000535772)
(0.00428697 0 0 0 0.000535872 0 0 0 0.000535872)
(0.00428775 0 0 0 0.000535969 0 0 0 0.000535969)
(0.00428851 0 0 0 0.000536064 0 0 0 0.000536064)
(0.00428926 0 0 0 0.000536157 0 0 0 0.000536157)
(0.00428998 0 0 0 0.000536248 0 0 0 0.000536248)
(0.00429069 0 0 0 0.000536336 0 0 0 0.000536336)
(0.00429138 0 0 0 0.000536423 0 0 0 0.000536423)
(0.00429206 0 0 0 0.000536507 0 0 0 0.000536507)
(0.00429271 0 0 0 0.000536589 0 0 0 0.000536589)
(0.00429336 0 0 0 0.000536669 0 0 0 0.000536669)
(0.00429398 0 0 0 0.000536748 0 0 0 0.000536748)
(0.00429459 0 0 0 0.000536824 0 0 0 0.000536824)
(0.00429519 0 0 0 0.000536898 0 0 0 0.000536898)
(0.00429577 0 0 0 0.000536971 0 0 0 0.000536971)
(0.00429633 0 0 0 0.000537042 0 0 0 0.000537042)
(0.00429688 0 0 0 0.000537111 0 0 0 0.000537111)
(0.00429742 0 0 0 0.000537178 0 0 0 0.000537178)
(0.00429795 0 0 0 0.000537243 0 0 0 0.000537243)
(0.00429846 0 0 0 0.000537307 0 0 0 0.000537307)
(0.00429896 0 0 0 0.00053737 0 0 0 0.00053737)
(0.00429945 0 0 0 0.000537431 0 0 0 0.000537431)
(0.00429992 0 0 0 0.00053749 0 0 0 0.00053749)
(0.00430039 0 0 0 0.000537549 0 0 0 0.000537549)
(0.00430085 0 0 0 0.000537606 0 0 0 0.000537606)
(0.00430129 0 0 0 0.000537661 0 0 0 0.000537661)
(0.00430173 0 0 0 0.000537716 0 0 0 0.000537716)
(0.00430216 0 0 0 0.00053777 0 0 0 0.00053777)
(0.00430258 0 0 0 0.000537822 0 0 0 0.000537822)
(0.00430299 0 0 0 0.000537874 0 0 0 0.000537874)
(0.0043034 0 0 0 0.000537924 0 0 0 0.000537924)
(0.0043038 0 0 0 0.000537974 0 0 0 0.000537974)
(0.00430419 0 0 0 0.000538024 0 0 0 0.000538024)
(0.00430458 0 0 0 0.000538073 0 0 0 0.000538073)
(0.00430497 0 0 0 0.000538121 0 0 0 0.000538121)
(0.00430535 0 0 0 0.000538169 0 0 0 0.000538169)
(0.00430573 0 0 0 0.000538216 0 0 0 0.000538216)
(0.00430611 0 0 0 0.000538263 0 0 0 0.000538263)
(0.00430648 0 0 0 0.00053831 0 0 0 0.00053831)
(0.00430686 0 0 0 0.000538357 0 0 0 0.000538357)
(0.00430723 0 0 0 0.000538404 0 0 0 0.000538404)
(0.0043076 0 0 0 0.00053845 0 0 0 0.00053845)
(0.00430796 0 0 0 0.000538495 0 0 0 0.000538495)
(0.00430833 0 0 0 0.000538541 0 0 0 0.000538541)
(0.0043087 0 0 0 0.000538587 0 0 0 0.000538587)
(0.00430907 0 0 0 0.000538633 0 0 0 0.000538633)
(0.00430944 0 0 0 0.000538679 0 0 0 0.000538679)
(0.00430981 0 0 0 0.000538726 0 0 0 0.000538726)
(0.00431018 0 0 0 0.000538773 0 0 0 0.000538773)
(0.00431056 0 0 0 0.00053882 0 0 0 0.00053882)
(0.00431095 0 0 0 0.000538869 0 0 0 0.000538869)
(0.00431134 0 0 0 0.000538917 0 0 0 0.000538917)
(0.00431173 0 0 0 0.000538967 0 0 0 0.000538967)
(0.00431214 0 0 0 0.000539017 0 0 0 0.000539017)
(0.00431255 0 0 0 0.000539068 0 0 0 0.000539068)
(0.00431297 0 0 0 0.000539121 0 0 0 0.000539121)
(0.00431339 0 0 0 0.000539174 0 0 0 0.000539174)
(0.00431383 0 0 0 0.000539229 0 0 0 0.000539229)
(0.00431427 0 0 0 0.000539284 0 0 0 0.000539284)
(0.00431473 0 0 0 0.000539341 0 0 0 0.000539341)
(0.0043152 0 0 0 0.000539399 0 0 0 0.000539399)
(0.00431567 0 0 0 0.000539459 0 0 0 0.000539459)
(0.00431616 0 0 0 0.00053952 0 0 0 0.00053952)
(0.00431666 0 0 0 0.000539583 0 0 0 0.000539583)
(0.00431718 0 0 0 0.000539647 0 0 0 0.000539647)
(0.00431771 0 0 0 0.000539713 0 0 0 0.000539713)
(0.00431825 0 0 0 0.000539781 0 0 0 0.000539781)
(0.0043188 0 0 0 0.00053985 0 0 0 0.00053985)
(0.00431937 0 0 0 0.000539922 0 0 0 0.000539922)
(0.00431996 0 0 0 0.000539995 0 0 0 0.000539995)
(0.00432056 0 0 0 0.00054007 0 0 0 0.00054007)
(0.00432117 0 0 0 0.000540147 0 0 0 0.000540147)
(0.00432181 0 0 0 0.000540226 0 0 0 0.000540226)
(0.00432246 0 0 0 0.000540307 0 0 0 0.000540307)
(0.00432312 0 0 0 0.00054039 0 0 0 0.00054039)
(0.00432381 0 0 0 0.000540476 0 0 0 0.000540476)
(0.00432451 0 0 0 0.000540564 0 0 0 0.000540564)
(0.00432523 0 0 0 0.000540654 0 0 0 0.000540654)
(0.00432597 0 0 0 0.000540746 0 0 0 0.000540746)
(0.00432672 0 0 0 0.00054084 0 0 0 0.00054084)
(0.0043275 0 0 0 0.000540937 0 0 0 0.000540937)
(0.00432829 0 0 0 0.000541037 0 0 0 0.000541037)
(0.00432911 0 0 0 0.000541139 0 0 0 0.000541139)
(0.00432994 0 0 0 0.000541243 0 0 0 0.000541243)
(0.0043308 0 0 0 0.00054135 0 0 0 0.00054135)
(0.00433167 0 0 0 0.000541459 0 0 0 0.000541459)
(0.00433257 0 0 0 0.000541571 0 0 0 0.000541571)
(0.00433349 0 0 0 0.000541686 0 0 0 0.000541686)
(0.00433443 0 0 0 0.000541803 0 0 0 0.000541803)
(0.00433539 0 0 0 0.000541923 0 0 0 0.000541923)
(0.00433637 0 0 0 0.000542046 0 0 0 0.000542046)
(0.00433737 0 0 0 0.000542171 0 0 0 0.000542171)
(0.00433839 0 0 0 0.000542299 0 0 0 0.000542299)
(0.00433944 0 0 0 0.00054243 0 0 0 0.00054243)
(0.00434051 0 0 0 0.000542564 0 0 0 0.000542564)
(0.0043416 0 0 0 0.0005427 0 0 0 0.0005427)
(0.00434272 0 0 0 0.00054284 0 0 0 0.00054284)
(0.00434385 0 0 0 0.000542982 0 0 0 0.000542982)
(0.00434501 0 0 0 0.000543127 0 0 0 0.000543127)
(0.0043462 0 0 0 0.000543275 0 0 0 0.000543275)
(0.0043474 0 0 0 0.000543425 0 0 0 0.000543425)
(0.00434863 0 0 0 0.000543579 0 0 0 0.000543579)
(0.00434989 0 0 0 0.000543736 0 0 0 0.000543736)
(0.00435116 0 0 0 0.000543895 0 0 0 0.000543895)
(0.00435246 0 0 0 0.000544058 0 0 0 0.000544058)
(0.00435378 0 0 0 0.000544223 0 0 0 0.000544223)
(0.00435513 0 0 0 0.000544391 0 0 0 0.000544391)
(0.0043565 0 0 0 0.000544562 0 0 0 0.000544562)
(0.00435789 0 0 0 0.000544737 0 0 0 0.000544737)
(0.00435931 0 0 0 0.000544914 0 0 0 0.000544914)
(0.00436075 0 0 0 0.000545094 0 0 0 0.000545094)
(0.00436221 0 0 0 0.000545277 0 0 0 0.000545277)
(0.0043637 0 0 0 0.000545463 0 0 0 0.000545463)
(0.00436521 0 0 0 0.000545652 0 0 0 0.000545652)
(0.00436675 0 0 0 0.000545843 0 0 0 0.000545843)
(0.00436831 0 0 0 0.000546038 0 0 0 0.000546038)
(0.00436989 0 0 0 0.000546236 0 0 0 0.000546236)
(0.00437149 0 0 0 0.000546437 0 0 0 0.000546437)
(0.00437312 0 0 0 0.00054664 0 0 0 0.00054664)
(0.00437477 0 0 0 0.000546846 0 0 0 0.000546846)
(0.00437645 0 0 0 0.000547056 0 0 0 0.000547056)
(0.00437814 0 0 0 0.000547268 0 0 0 0.000547268)
(0.00437986 0 0 0 0.000547483 0 0 0 0.000547483)
(0.00438161 0 0 0 0.000547701 0 0 0 0.000547701)
(0.00438337 0 0 0 0.000547922 0 0 0 0.000547922)
(0.00438516 0 0 0 0.000548145 0 0 0 0.000548145)
(0.00438697 0 0 0 0.000548372 0 0 0 0.000548372)
(0.00438881 0 0 0 0.000548601 0 0 0 0.000548601)
(0.00439066 0 0 0 0.000548833 0 0 0 0.000548833)
(0.00439254 0 0 0 0.000549068 0 0 0 0.000549068)
(0.00439444 0 0 0 0.000549305 0 0 0 0.000549305)
(0.00439636 0 0 0 0.000549545 0 0 0 0.000549545)
(0.00439831 0 0 0 0.000549788 0 0 0 0.000549788)
(0.00440027 0 0 0 0.000550034 0 0 0 0.000550034)
(0.00440226 0 0 0 0.000550282 0 0 0 0.000550282)
(0.00440426 0 0 0 0.000550533 0 0 0 0.000550533)
(0.00440629 0 0 0 0.000550786 0 0 0 0.000550786)
(0.00440834 0 0 0 0.000551042 0 0 0 0.000551042)
(0.00441041 0 0 0 0.000551301 0 0 0 0.000551301)
(0.0044125 0 0 0 0.000551562 0 0 0 0.000551562)
(0.0044146 0 0 0 0.000551826 0 0 0 0.000551826)
(0.00441673 0 0 0 0.000552092 0 0 0 0.000552092)
(0.00441888 0 0 0 0.00055236 0 0 0 0.00055236)
(0.00442105 0 0 0 0.000552631 0 0 0 0.000552631)
(0.00442323 0 0 0 0.000552904 0 0 0 0.000552904)
(0.00442544 0 0 0 0.00055318 0 0 0 0.00055318)
(0.00442766 0 0 0 0.000553457 0 0 0 0.000553457)
(0.0044299 0 0 0 0.000553737 0 0 0 0.000553737)
(0.00443216 0 0 0 0.00055402 0 0 0 0.00055402)
(0.00443443 0 0 0 0.000554304 0 0 0 0.000554304)
(0.00443672 0 0 0 0.00055459 0 0 0 0.00055459)
(0.00443903 0 0 0 0.000554879 0 0 0 0.000554879)
(0.00444135 0 0 0 0.000555169 0 0 0 0.000555169)
(0.00444369 0 0 0 0.000555461 0 0 0 0.000555461)
(0.00444604 0 0 0 0.000555755 0 0 0 0.000555755)
(0.00444841 0 0 0 0.000556051 0 0 0 0.000556051)
(0.00445078 0 0 0 0.000556348 0 0 0 0.000556348)
(0.00445317 0 0 0 0.000556647 0 0 0 0.000556647)
(0.00445557 0 0 0 0.000556946 0 0 0 0.000556946)
(0.00445798 0 0 0 0.000557248 0 0 0 0.000557248)
(0.0044604 0 0 0 0.00055755 0 0 0 0.00055755)
(0.00446282 0 0 0 0.000557853 0 0 0 0.000557853)
(0.00446525 0 0 0 0.000558157 0 0 0 0.000558157)
(0.00446769 0 0 0 0.000558461 0 0 0 0.000558461)
(0.00447013 0 0 0 0.000558766 0 0 0 0.000558766)
(0.00447257 0 0 0 0.000559071 0 0 0 0.000559071)
(0.00447501 0 0 0 0.000559377 0 0 0 0.000559377)
(0.00447746 0 0 0 0.000559683 0 0 0 0.000559683)
(0.00447993 0 0 0 0.000559991 0 0 0 0.000559991)
(0.00448242 0 0 0 0.000560303 0 0 0 0.000560303)
(0.00448498 0 0 0 0.000560623 0 0 0 0.000560623)
(0.00448693 0 0 0 0.000560867 0 0 0 0.000560867)
(0.00448817 0 0 0 0.000561021 0 0 0 0.000561021)
(0.00412412 0 0 0 0.000515515 0 0 0 0.000515515)
(0.00412517 0 0 0 0.000515646 0 0 0 0.000515646)
(0.00412695 0 0 0 0.000515869 0 0 0 0.000515869)
(0.00412933 0 0 0 0.000516167 0 0 0 0.000516167)
(0.00413167 0 0 0 0.000516459 0 0 0 0.000516459)
(0.00413398 0 0 0 0.000516748 0 0 0 0.000516748)
(0.00413627 0 0 0 0.000517034 0 0 0 0.000517034)
(0.00413854 0 0 0 0.000517318 0 0 0 0.000517318)
(0.00414081 0 0 0 0.000517601 0 0 0 0.000517601)
(0.00414306 0 0 0 0.000517882 0 0 0 0.000517882)
(0.0041453 0 0 0 0.000518162 0 0 0 0.000518162)
(0.00414753 0 0 0 0.000518441 0 0 0 0.000518441)
(0.00414976 0 0 0 0.00051872 0 0 0 0.00051872)
(0.00415197 0 0 0 0.000518997 0 0 0 0.000518997)
(0.00415418 0 0 0 0.000519273 0 0 0 0.000519273)
(0.00415639 0 0 0 0.000519548 0 0 0 0.000519548)
(0.00415858 0 0 0 0.000519823 0 0 0 0.000519823)
(0.00416077 0 0 0 0.000520096 0 0 0 0.000520096)
(0.00416294 0 0 0 0.000520368 0 0 0 0.000520368)
(0.00416511 0 0 0 0.000520639 0 0 0 0.000520639)
(0.00416727 0 0 0 0.000520909 0 0 0 0.000520909)
(0.00416942 0 0 0 0.000521177 0 0 0 0.000521177)
(0.00417156 0 0 0 0.000521444 0 0 0 0.000521444)
(0.00417368 0 0 0 0.00052171 0 0 0 0.00052171)
(0.0041758 0 0 0 0.000521975 0 0 0 0.000521975)
(0.00417791 0 0 0 0.000522238 0 0 0 0.000522238)
(0.00418 0 0 0 0.0005225 0 0 0 0.0005225)
(0.00418209 0 0 0 0.000522761 0 0 0 0.000522761)
(0.00418416 0 0 0 0.00052302 0 0 0 0.00052302)
(0.00418622 0 0 0 0.000523277 0 0 0 0.000523277)
(0.00418826 0 0 0 0.000523533 0 0 0 0.000523533)
(0.0041903 0 0 0 0.000523787 0 0 0 0.000523787)
(0.00419232 0 0 0 0.00052404 0 0 0 0.00052404)
(0.00419433 0 0 0 0.000524291 0 0 0 0.000524291)
(0.00419632 0 0 0 0.00052454 0 0 0 0.00052454)
(0.0041983 0 0 0 0.000524788 0 0 0 0.000524788)
(0.00420027 0 0 0 0.000525034 0 0 0 0.000525034)
(0.00420222 0 0 0 0.000525278 0 0 0 0.000525278)
(0.00420416 0 0 0 0.00052552 0 0 0 0.00052552)
(0.00420608 0 0 0 0.00052576 0 0 0 0.00052576)
(0.00420799 0 0 0 0.000525999 0 0 0 0.000525999)
(0.00420988 0 0 0 0.000526235 0 0 0 0.000526235)
(0.00421176 0 0 0 0.00052647 0 0 0 0.00052647)
(0.00421362 0 0 0 0.000526702 0 0 0 0.000526702)
(0.00421546 0 0 0 0.000526933 0 0 0 0.000526933)
(0.00421729 0 0 0 0.000527162 0 0 0 0.000527162)
(0.0042191 0 0 0 0.000527388 0 0 0 0.000527388)
(0.0042209 0 0 0 0.000527612 0 0 0 0.000527612)
(0.00422268 0 0 0 0.000527835 0 0 0 0.000527835)
(0.00422444 0 0 0 0.000528055 0 0 0 0.000528055)
(0.00422618 0 0 0 0.000528273 0 0 0 0.000528273)
(0.00422791 0 0 0 0.000528489 0 0 0 0.000528489)
(0.00422962 0 0 0 0.000528702 0 0 0 0.000528702)
(0.00423131 0 0 0 0.000528913 0 0 0 0.000528913)
(0.00423298 0 0 0 0.000529123 0 0 0 0.000529123)
(0.00423463 0 0 0 0.000529329 0 0 0 0.000529329)
(0.00423627 0 0 0 0.000529534 0 0 0 0.000529534)
(0.00423789 0 0 0 0.000529736 0 0 0 0.000529736)
(0.00423948 0 0 0 0.000529936 0 0 0 0.000529936)
(0.00424106 0 0 0 0.000530133 0 0 0 0.000530133)
(0.00424262 0 0 0 0.000530328 0 0 0 0.000530328)
(0.00424416 0 0 0 0.00053052 0 0 0 0.00053052)
(0.00424568 0 0 0 0.000530711 0 0 0 0.000530711)
(0.00424719 0 0 0 0.000530898 0 0 0 0.000530898)
(0.00424867 0 0 0 0.000531083 0 0 0 0.000531083)
(0.00425013 0 0 0 0.000531266 0 0 0 0.000531266)
(0.00425157 0 0 0 0.000531446 0 0 0 0.000531446)
(0.00425299 0 0 0 0.000531624 0 0 0 0.000531624)
(0.0042544 0 0 0 0.000531799 0 0 0 0.000531799)
(0.00425578 0 0 0 0.000531972 0 0 0 0.000531972)
(0.00425714 0 0 0 0.000532142 0 0 0 0.000532142)
(0.00425848 0 0 0 0.00053231 0 0 0 0.00053231)
(0.0042598 0 0 0 0.000532475 0 0 0 0.000532475)
(0.0042611 0 0 0 0.000532637 0 0 0 0.000532637)
(0.00426238 0 0 0 0.000532797 0 0 0 0.000532797)
(0.00426364 0 0 0 0.000532955 0 0 0 0.000532955)
(0.00426488 0 0 0 0.00053311 0 0 0 0.00053311)
(0.00426609 0 0 0 0.000533262 0 0 0 0.000533262)
(0.00426729 0 0 0 0.000533411 0 0 0 0.000533411)
(0.00426847 0 0 0 0.000533558 0 0 0 0.000533558)
(0.00426962 0 0 0 0.000533703 0 0 0 0.000533703)
(0.00427076 0 0 0 0.000533845 0 0 0 0.000533845)
(0.00427187 0 0 0 0.000533984 0 0 0 0.000533984)
(0.00427297 0 0 0 0.000534121 0 0 0 0.000534121)
(0.00427404 0 0 0 0.000534255 0 0 0 0.000534255)
(0.00427509 0 0 0 0.000534387 0 0 0 0.000534387)
(0.00427613 0 0 0 0.000534516 0 0 0 0.000534516)
(0.00427714 0 0 0 0.000534642 0 0 0 0.000534642)
(0.00427813 0 0 0 0.000534766 0 0 0 0.000534766)
(0.0042791 0 0 0 0.000534888 0 0 0 0.000534888)
(0.00428006 0 0 0 0.000535007 0 0 0 0.000535007)
(0.00428099 0 0 0 0.000535124 0 0 0 0.000535124)
(0.0042819 0 0 0 0.000535238 0 0 0 0.000535238)
(0.00428279 0 0 0 0.000535349 0 0 0 0.000535349)
(0.00428367 0 0 0 0.000535459 0 0 0 0.000535459)
(0.00428452 0 0 0 0.000535565 0 0 0 0.000535565)
(0.00428536 0 0 0 0.00053567 0 0 0 0.00053567)
(0.00428617 0 0 0 0.000535772 0 0 0 0.000535772)
(0.00428697 0 0 0 0.000535872 0 0 0 0.000535872)
(0.00428775 0 0 0 0.000535969 0 0 0 0.000535969)
(0.00428851 0 0 0 0.000536064 0 0 0 0.000536064)
(0.00428926 0 0 0 0.000536157 0 0 0 0.000536157)
(0.00428998 0 0 0 0.000536248 0 0 0 0.000536248)
(0.00429069 0 0 0 0.000536336 0 0 0 0.000536336)
(0.00429138 0 0 0 0.000536423 0 0 0 0.000536423)
(0.00429206 0 0 0 0.000536507 0 0 0 0.000536507)
(0.00429271 0 0 0 0.000536589 0 0 0 0.000536589)
(0.00429336 0 0 0 0.000536669 0 0 0 0.000536669)
(0.00429398 0 0 0 0.000536748 0 0 0 0.000536748)
(0.00429459 0 0 0 0.000536824 0 0 0 0.000536824)
(0.00429519 0 0 0 0.000536898 0 0 0 0.000536898)
(0.00429577 0 0 0 0.000536971 0 0 0 0.000536971)
(0.00429633 0 0 0 0.000537042 0 0 0 0.000537042)
(0.00429688 0 0 0 0.000537111 0 0 0 0.000537111)
(0.00429742 0 0 0 0.000537178 0 0 0 0.000537178)
(0.00429795 0 0 0 0.000537243 0 0 0 0.000537243)
(0.00429846 0 0 0 0.000537307 0 0 0 0.000537307)
(0.00429896 0 0 0 0.00053737 0 0 0 0.00053737)
(0.00429945 0 0 0 0.000537431 0 0 0 0.000537431)
(0.00429992 0 0 0 0.00053749 0 0 0 0.00053749)
(0.00430039 0 0 0 0.000537549 0 0 0 0.000537549)
(0.00430085 0 0 0 0.000537606 0 0 0 0.000537606)
(0.00430129 0 0 0 0.000537661 0 0 0 0.000537661)
(0.00430173 0 0 0 0.000537716 0 0 0 0.000537716)
(0.00430216 0 0 0 0.00053777 0 0 0 0.00053777)
(0.00430258 0 0 0 0.000537822 0 0 0 0.000537822)
(0.00430299 0 0 0 0.000537874 0 0 0 0.000537874)
(0.0043034 0 0 0 0.000537924 0 0 0 0.000537924)
(0.0043038 0 0 0 0.000537974 0 0 0 0.000537974)
(0.00430419 0 0 0 0.000538024 0 0 0 0.000538024)
(0.00430458 0 0 0 0.000538073 0 0 0 0.000538073)
(0.00430497 0 0 0 0.000538121 0 0 0 0.000538121)
(0.00430535 0 0 0 0.000538169 0 0 0 0.000538169)
(0.00430573 0 0 0 0.000538216 0 0 0 0.000538216)
(0.00430611 0 0 0 0.000538263 0 0 0 0.000538263)
(0.00430648 0 0 0 0.00053831 0 0 0 0.00053831)
(0.00430686 0 0 0 0.000538357 0 0 0 0.000538357)
(0.00430723 0 0 0 0.000538404 0 0 0 0.000538404)
(0.0043076 0 0 0 0.00053845 0 0 0 0.00053845)
(0.00430796 0 0 0 0.000538495 0 0 0 0.000538495)
(0.00430833 0 0 0 0.000538541 0 0 0 0.000538541)
(0.0043087 0 0 0 0.000538587 0 0 0 0.000538587)
(0.00430907 0 0 0 0.000538633 0 0 0 0.000538633)
(0.00430944 0 0 0 0.000538679 0 0 0 0.000538679)
(0.00430981 0 0 0 0.000538726 0 0 0 0.000538726)
(0.00431018 0 0 0 0.000538773 0 0 0 0.000538773)
(0.00431056 0 0 0 0.00053882 0 0 0 0.00053882)
(0.00431095 0 0 0 0.000538869 0 0 0 0.000538869)
(0.00431134 0 0 0 0.000538917 0 0 0 0.000538917)
(0.00431173 0 0 0 0.000538967 0 0 0 0.000538967)
(0.00431214 0 0 0 0.000539017 0 0 0 0.000539017)
(0.00431255 0 0 0 0.000539068 0 0 0 0.000539068)
(0.00431297 0 0 0 0.000539121 0 0 0 0.000539121)
(0.00431339 0 0 0 0.000539174 0 0 0 0.000539174)
(0.00431383 0 0 0 0.000539229 0 0 0 0.000539229)
(0.00431427 0 0 0 0.000539284 0 0 0 0.000539284)
(0.00431473 0 0 0 0.000539341 0 0 0 0.000539341)
(0.0043152 0 0 0 0.000539399 0 0 0 0.000539399)
(0.00431567 0 0 0 0.000539459 0 0 0 0.000539459)
(0.00431616 0 0 0 0.00053952 0 0 0 0.00053952)
(0.00431666 0 0 0 0.000539583 0 0 0 0.000539583)
(0.00431718 0 0 0 0.000539647 0 0 0 0.000539647)
(0.00431771 0 0 0 0.000539713 0 0 0 0.000539713)
(0.00431825 0 0 0 0.000539781 0 0 0 0.000539781)
(0.0043188 0 0 0 0.00053985 0 0 0 0.00053985)
(0.00431937 0 0 0 0.000539922 0 0 0 0.000539922)
(0.00431996 0 0 0 0.000539995 0 0 0 0.000539995)
(0.00432056 0 0 0 0.00054007 0 0 0 0.00054007)
(0.00432117 0 0 0 0.000540147 0 0 0 0.000540147)
(0.00432181 0 0 0 0.000540226 0 0 0 0.000540226)
(0.00432246 0 0 0 0.000540307 0 0 0 0.000540307)
(0.00432312 0 0 0 0.00054039 0 0 0 0.00054039)
(0.00432381 0 0 0 0.000540476 0 0 0 0.000540476)
(0.00432451 0 0 0 0.000540564 0 0 0 0.000540564)
(0.00432523 0 0 0 0.000540653 0 0 0 0.000540653)
(0.00432597 0 0 0 0.000540746 0 0 0 0.000540746)
(0.00432672 0 0 0 0.00054084 0 0 0 0.00054084)
(0.0043275 0 0 0 0.000540937 0 0 0 0.000540937)
(0.00432829 0 0 0 0.000541037 0 0 0 0.000541037)
(0.00432911 0 0 0 0.000541139 0 0 0 0.000541139)
(0.00432994 0 0 0 0.000541243 0 0 0 0.000541243)
(0.0043308 0 0 0 0.00054135 0 0 0 0.00054135)
(0.00433167 0 0 0 0.000541459 0 0 0 0.000541459)
(0.00433257 0 0 0 0.000541571 0 0 0 0.000541571)
(0.00433349 0 0 0 0.000541686 0 0 0 0.000541686)
(0.00433443 0 0 0 0.000541803 0 0 0 0.000541803)
(0.00433538 0 0 0 0.000541923 0 0 0 0.000541923)
(0.00433637 0 0 0 0.000542046 0 0 0 0.000542046)
(0.00433737 0 0 0 0.000542171 0 0 0 0.000542171)
(0.00433839 0 0 0 0.000542299 0 0 0 0.000542299)
(0.00433944 0 0 0 0.00054243 0 0 0 0.00054243)
(0.00434051 0 0 0 0.000542564 0 0 0 0.000542564)
(0.0043416 0 0 0 0.0005427 0 0 0 0.0005427)
(0.00434272 0 0 0 0.00054284 0 0 0 0.00054284)
(0.00434385 0 0 0 0.000542982 0 0 0 0.000542982)
(0.00434501 0 0 0 0.000543127 0 0 0 0.000543127)
(0.0043462 0 0 0 0.000543275 0 0 0 0.000543275)
(0.0043474 0 0 0 0.000543425 0 0 0 0.000543425)
(0.00434863 0 0 0 0.000543579 0 0 0 0.000543579)
(0.00434989 0 0 0 0.000543736 0 0 0 0.000543736)
(0.00435116 0 0 0 0.000543895 0 0 0 0.000543895)
(0.00435246 0 0 0 0.000544058 0 0 0 0.000544058)
(0.00435378 0 0 0 0.000544223 0 0 0 0.000544223)
(0.00435513 0 0 0 0.000544391 0 0 0 0.000544391)
(0.0043565 0 0 0 0.000544562 0 0 0 0.000544562)
(0.00435789 0 0 0 0.000544737 0 0 0 0.000544737)
(0.00435931 0 0 0 0.000544914 0 0 0 0.000544914)
(0.00436075 0 0 0 0.000545094 0 0 0 0.000545094)
(0.00436221 0 0 0 0.000545277 0 0 0 0.000545277)
(0.0043637 0 0 0 0.000545463 0 0 0 0.000545463)
(0.00436521 0 0 0 0.000545652 0 0 0 0.000545652)
(0.00436675 0 0 0 0.000545843 0 0 0 0.000545843)
(0.00436831 0 0 0 0.000546038 0 0 0 0.000546038)
(0.00436989 0 0 0 0.000546236 0 0 0 0.000546236)
(0.00437149 0 0 0 0.000546436 0 0 0 0.000546436)
(0.00437312 0 0 0 0.00054664 0 0 0 0.00054664)
(0.00437477 0 0 0 0.000546846 0 0 0 0.000546846)
(0.00437645 0 0 0 0.000547056 0 0 0 0.000547056)
(0.00437814 0 0 0 0.000547268 0 0 0 0.000547268)
(0.00437986 0 0 0 0.000547483 0 0 0 0.000547483)
(0.00438161 0 0 0 0.000547701 0 0 0 0.000547701)
(0.00438337 0 0 0 0.000547922 0 0 0 0.000547922)
(0.00438516 0 0 0 0.000548145 0 0 0 0.000548145)
(0.00438697 0 0 0 0.000548372 0 0 0 0.000548372)
(0.00438881 0 0 0 0.000548601 0 0 0 0.000548601)
(0.00439066 0 0 0 0.000548833 0 0 0 0.000548833)
(0.00439254 0 0 0 0.000549068 0 0 0 0.000549068)
(0.00439444 0 0 0 0.000549305 0 0 0 0.000549305)
(0.00439636 0 0 0 0.000549545 0 0 0 0.000549545)
(0.00439831 0 0 0 0.000549788 0 0 0 0.000549788)
(0.00440027 0 0 0 0.000550034 0 0 0 0.000550034)
(0.00440226 0 0 0 0.000550282 0 0 0 0.000550282)
(0.00440426 0 0 0 0.000550533 0 0 0 0.000550533)
(0.00440629 0 0 0 0.000550786 0 0 0 0.000550786)
(0.00440834 0 0 0 0.000551042 0 0 0 0.000551042)
(0.00441041 0 0 0 0.000551301 0 0 0 0.000551301)
(0.0044125 0 0 0 0.000551562 0 0 0 0.000551562)
(0.0044146 0 0 0 0.000551826 0 0 0 0.000551826)
(0.00441673 0 0 0 0.000552092 0 0 0 0.000552092)
(0.00441888 0 0 0 0.00055236 0 0 0 0.00055236)
(0.00442105 0 0 0 0.000552631 0 0 0 0.000552631)
(0.00442323 0 0 0 0.000552904 0 0 0 0.000552904)
(0.00442544 0 0 0 0.00055318 0 0 0 0.00055318)
(0.00442766 0 0 0 0.000553457 0 0 0 0.000553457)
(0.0044299 0 0 0 0.000553737 0 0 0 0.000553737)
(0.00443216 0 0 0 0.000554019 0 0 0 0.000554019)
(0.00443443 0 0 0 0.000554304 0 0 0 0.000554304)
(0.00443672 0 0 0 0.00055459 0 0 0 0.00055459)
(0.00443903 0 0 0 0.000554878 0 0 0 0.000554878)
(0.00444135 0 0 0 0.000555169 0 0 0 0.000555169)
(0.00444369 0 0 0 0.000555461 0 0 0 0.000555461)
(0.00444604 0 0 0 0.000555755 0 0 0 0.000555755)
(0.0044484 0 0 0 0.00055605 0 0 0 0.00055605)
(0.00445078 0 0 0 0.000556348 0 0 0 0.000556348)
(0.00445317 0 0 0 0.000556646 0 0 0 0.000556646)
(0.00445557 0 0 0 0.000556946 0 0 0 0.000556946)
(0.00445798 0 0 0 0.000557247 0 0 0 0.000557247)
(0.00446039 0 0 0 0.000557549 0 0 0 0.000557549)
(0.00446282 0 0 0 0.000557852 0 0 0 0.000557852)
(0.00446524 0 0 0 0.000558156 0 0 0 0.000558156)
(0.00446768 0 0 0 0.00055846 0 0 0 0.00055846)
(0.00447011 0 0 0 0.000558764 0 0 0 0.000558764)
(0.00447255 0 0 0 0.000559068 0 0 0 0.000559068)
(0.00447499 0 0 0 0.000559373 0 0 0 0.000559373)
(0.00447743 0 0 0 0.000559678 0 0 0 0.000559678)
(0.00447988 0 0 0 0.000559985 0 0 0 0.000559985)
(0.00448236 0 0 0 0.000560295 0 0 0 0.000560295)
(0.00448489 0 0 0 0.000560611 0 0 0 0.000560611)
(0.00448684 0 0 0 0.000560855 0 0 0 0.000560855)
(0.00448809 0 0 0 0.000561011 0 0 0 0.000561011)
(0 0 0 0 0 0 0 0 0)
(0 0 0 0 0 0 0 0 0)
(0 0 0 0 0 0 0 0 0)
(0 0 0 0 0 0 0 0 0)
(0 0 0 0 0 0 0 0 0)
(0 0 0 0 0 0 0 0 0)
(0 0 0 0 0 0 0 0 0)
(0 0 0 0 0 0 0 0 0)
(0 0 0 0 0 0 0 0 0)
(0 0 0 0 0 0 0 0 0)
(0 0 0 0 0 0 0 0 0)
(0 0 0 0 0 0 0 0 0)
(0 0 0 0 0 0 0 0 0)
(0 0 0 0 0 0 0 0 0)
(0 0 0 0 0 0 0 0 0)
(0 0 0 0 0 0 0 0 0)
(0 0 0 0 0 0 0 0 0)
(0 0 0 0 0 0 0 0 0)
(0 0 0 0 0 0 0 0 0)
(0 0 0 0 0 0 0 0 0)
(0 0 0 0 0 0 0 0 0)
(0 0 0 0 0 0 0 0 0)
(0 0 0 0 0 0 0 0 0)
(0 0 0 0 0 0 0 0 0)
(0 0 0 0 0 0 0 0 0)
(0 0 0 0 0 0 0 0 0)
(0 0 0 0 0 0 0 0 0)
(0 0 0 0 0 0 0 0 0)
(0 0 0 0 0 0 0 0 0)
(0 0 0 0 0 0 0 0 0)
(0 0 0 0 0 0 0 0 0)
(0 0 0 0 0 0 0 0 0)
(0 0 0 0 0 0 0 0 0)
(0 0 0 0 0 0 0 0 0)
(0 0 0 0 0 0 0 0 0)
(0 0 0 0 0 0 0 0 0)
(0 0 0 0 0 0 0 0 0)
(0 0 0 0 0 0 0 0 0)
(0 0 0 0 0 0 0 0 0)
(0 0 0 0 0 0 0 0 0)
(0 0 0 0 0 0 0 0 0)
(0 0 0 0 0 0 0 0 0)
(0 0 0 0 0 0 0 0 0)
(0 0 0 0 0 0 0 0 0)
(0 0 0 0 0 0 0 0 0)
(0 0 0 0 0 0 0 0 0)
(0 0 0 0 0 0 0 0 0)
(0 0 0 0 0 0 0 0 0)
(0 0 0 0 0 0 0 0 0)
(0 0 0 0 0 0 0 0 0)
(0 0 0 0 0 0 0 0 0)
(0 0 0 0 0 0 0 0 0)
(0 0 0 0 0 0 0 0 0)
(0 0 0 0 0 0 0 0 0)
(0 0 0 0 0 0 0 0 0)
(0 0 0 0 0 0 0 0 0)
(0 0 0 0 0 0 0 0 0)
(0 0 0 0 0 0 0 0 0)
(0 0 0 0 0 0 0 0 0)
(0 0 0 0 0 0 0 0 0)
(0 0 0 0 0 0 0 0 0)
(0 0 0 0 0 0 0 0 0)
(0 0 0 0 0 0 0 0 0)
(0 0 0 0 0 0 0 0 0)
(0 0 0 0 0 0 0 0 0)
(0 0 0 0 0 0 0 0 0)
(0 0 0 0 0 0 0 0 0)
(0 0 0 0 0 0 0 0 0)
(0 0 0 0 0 0 0 0 0)
(0 0 0 0 0 0 0 0 0)
(0 0 0 0 0 0 0 0 0)
(0 0 0 0 0 0 0 0 0)
(0 0 0 0 0 0 0 0 0)
(0 0 0 0 0 0 0 0 0)
(0 0 0 0 0 0 0 0 0)
(0 0 0 0 0 0 0 0 0)
(0 0 0 0 0 0 0 0 0)
(0 0 0 0 0 0 0 0 0)
(0 0 0 0 0 0 0 0 0)
(0 0 0 0 0 0 0 0 0)
(0 0 0 0 0 0 0 0 0)
(0 0 0 0 0 0 0 0 0)
(0 0 0 0 0 0 0 0 0)
(0 0 0 0 0 0 0 0 0)
(0 0 0 0 0 0 0 0 0)
(0 0 0 0 0 0 0 0 0)
(0 0 0 0 0 0 0 0 0)
(0 0 0 0 0 0 0 0 0)
(0 0 0 0 0 0 0 0 0)
(0 0 0 0 0 0 0 0 0)
(0 0 0 0 0 0 0 0 0)
(0 0 0 0 0 0 0 0 0)
(0 0 0 0 0 0 0 0 0)
(0 0 0 0 0 0 0 0 0)
(0 0 0 0 0 0 0 0 0)
(0 0 0 0 0 0 0 0 0)
(0 0 0 0 0 0 0 0 0)
(0 0 0 0 0 0 0 0 0)
(0 0 0 0 0 0 0 0 0)
(0 0 0 0 0 0 0 0 0)
(0 0 0 0 0 0 0 0 0)
(0 0 0 0 0 0 0 0 0)
(0 0 0 0 0 0 0 0 0)
(0 0 0 0 0 0 0 0 0)
(0 0 0 0 0 0 0 0 0)
(0 0 0 0 0 0 0 0 0)
(0 0 0 0 0 0 0 0 0)
(0 0 0 0 0 0 0 0 0)
(0 0 0 0 0 0 0 0 0)
(0 0 0 0 0 0 0 0 0)
(0 0 0 0 0 0 0 0 0)
(0 0 0 0 0 0 0 0 0)
(0 0 0 0 0 0 0 0 0)
(0 0 0 0 0 0 0 0 0)
(0 0 0 0 0 0 0 0 0)
(0 0 0 0 0 0 0 0 0)
(0 0 0 0 0 0 0 0 0)
(0 0 0 0 0 0 0 0 0)
(0 0 0 0 0 0 0 0 0)
(0 0 0 0 0 0 0 0 0)
(0 0 0 0 0 0 0 0 0)
(0 0 0 0 0 0 0 0 0)
(0 0 0 0 0 0 0 0 0)
(0 0 0 0 0 0 0 0 0)
(0 0 0 0 0 0 0 0 0)
(0 0 0 0 0 0 0 0 0)
(0 0 0 0 0 0 0 0 0)
(0 0 0 0 0 0 0 0 0)
(0 0 0 0 0 0 0 0 0)
(0 0 0 0 0 0 0 0 0)
(0 0 0 0 0 0 0 0 0)
(0 0 0 0 0 0 0 0 0)
(0 0 0 0 0 0 0 0 0)
(0 0 0 0 0 0 0 0 0)
(0 0 0 0 0 0 0 0 0)
(0 0 0 0 0 0 0 0 0)
(0 0 0 0 0 0 0 0 0)
(0 0 0 0 0 0 0 0 0)
(0 0 0 0 0 0 0 0 0)
(0 0 0 0 0 0 0 0 0)
(0 0 0 0 0 0 0 0 0)
(0 0 0 0 0 0 0 0 0)
(0 0 0 0 0 0 0 0 0)
(0 0 0 0 0 0 0 0 0)
(0 0 0 0 0 0 0 0 0)
(0 0 0 0 0 0 0 0 0)
(0 0 0 0 0 0 0 0 0)
(0 0 0 0 0 0 0 0 0)
(0 0 0 0 0 0 0 0 0)
(0 0 0 0 0 0 0 0 0)
(0 0 0 0 0 0 0 0 0)
(0 0 0 0 0 0 0 0 0)
(0 0 0 0 0 0 0 0 0)
(0 0 0 0 0 0 0 0 0)
(0 0 0 0 0 0 0 0 0)
(0 0 0 0 0 0 0 0 0)
(0 0 0 0 0 0 0 0 0)
(0 0 0 0 0 0 0 0 0)
(0 0 0 0 0 0 0 0 0)
(0 0 0 0 0 0 0 0 0)
(0 0 0 0 0 0 0 0 0)
(0 0 0 0 0 0 0 0 0)
(0 0 0 0 0 0 0 0 0)
(0 0 0 0 0 0 0 0 0)
(0 0 0 0 0 0 0 0 0)
(0 0 0 0 0 0 0 0 0)
(0 0 0 0 0 0 0 0 0)
(0 0 0 0 0 0 0 0 0)
(0 0 0 0 0 0 0 0 0)
(0 0 0 0 0 0 0 0 0)
(0 0 0 0 0 0 0 0 0)
(0 0 0 0 0 0 0 0 0)
(0 0 0 0 0 0 0 0 0)
(0 0 0 0 0 0 0 0 0)
(0 0 0 0 0 0 0 0 0)
(0 0 0 0 0 0 0 0 0)
(0 0 0 0 0 0 0 0 0)
(0 0 0 0 0 0 0 0 0)
(0 0 0 0 0 0 0 0 0)
(0 0 0 0 0 0 0 0 0)
(0 0 0 0 0 0 0 0 0)
(0 0 0 0 0 0 0 0 0)
(0 0 0 0 0 0 0 0 0)
(0 0 0 0 0 0 0 0 0)
(0 0 0 0 0 0 0 0 0)
(0 0 0 0 0 0 0 0 0)
(0 0 0 0 0 0 0 0 0)
(0 0 0 0 0 0 0 0 0)
(0 0 0 0 0 0 0 0 0)
(0 0 0 0 0 0 0 0 0)
(0 0 0 0 0 0 0 0 0)
(0 0 0 0 0 0 0 0 0)
(0 0 0 0 0 0 0 0 0)
(0 0 0 0 0 0 0 0 0)
(0 0 0 0 0 0 0 0 0)
(0 0 0 0 0 0 0 0 0)
(0 0 0 0 0 0 0 0 0)
(0 0 0 0 0 0 0 0 0)
(0 0 0 0 0 0 0 0 0)
(0 0 0 0 0 0 0 0 0)
(0 0 0 0 0 0 0 0 0)
(0 0 0 0 0 0 0 0 0)
(0 0 0 0 0 0 0 0 0)
(0 0 0 0 0 0 0 0 0)
(0 0 0 0 0 0 0 0 0)
(0 0 0 0 0 0 0 0 0)
(0 0 0 0 0 0 0 0 0)
(0 0 0 0 0 0 0 0 0)
(0 0 0 0 0 0 0 0 0)
(0 0 0 0 0 0 0 0 0)
(0 0 0 0 0 0 0 0 0)
(0 0 0 0 0 0 0 0 0)
(0 0 0 0 0 0 0 0 0)
(0 0 0 0 0 0 0 0 0)
(0 0 0 0 0 0 0 0 0)
(0 0 0 0 0 0 0 0 0)
(0 0 0 0 0 0 0 0 0)
(0 0 0 0 0 0 0 0 0)
(0 0 0 0 0 0 0 0 0)
(0 0 0 0 0 0 0 0 0)
(0 0 0 0 0 0 0 0 0)
(0 0 0 0 0 0 0 0 0)
(0 0 0 0 0 0 0 0 0)
(0 0 0 0 0 0 0 0 0)
(0 0 0 0 0 0 0 0 0)
(0 0 0 0 0 0 0 0 0)
(0 0 0 0 0 0 0 0 0)
(0 0 0 0 0 0 0 0 0)
(0 0 0 0 0 0 0 0 0)
(0 0 0 0 0 0 0 0 0)
(0 0 0 0 0 0 0 0 0)
(0 0 0 0 0 0 0 0 0)
(0 0 0 0 0 0 0 0 0)
(0 0 0 0 0 0 0 0 0)
(0 0 0 0 0 0 0 0 0)
(0 0 0 0 0 0 0 0 0)
(0 0 0 0 0 0 0 0 0)
(0 0 0 0 0 0 0 0 0)
(0 0 0 0 0 0 0 0 0)
(0 0 0 0 0 0 0 0 0)
(0 0 0 0 0 0 0 0 0)
(0 0 0 0 0 0 0 0 0)
(0 0 0 0 0 0 0 0 0)
(0 0 0 0 0 0 0 0 0)
(0 0 0 0 0 0 0 0 0)
(0 0 0 0 0 0 0 0 0)
(0 0 0 0 0 0 0 0 0)
(0 0 0 0 0 0 0 0 0)
(0 0 0 0 0 0 0 0 0)
(0 0 0 0 0 0 0 0 0)
(0 0 0 0 0 0 0 0 0)
(0 0 0 0 0 0 0 0 0)
(0 0 0 0 0 0 0 0 0)
(0 0 0 0 0 0 0 0 0)
(0 0 0 0 0 0 0 0 0)
(0 0 0 0 0 0 0 0 0)
(0 0 0 0 0 0 0 0 0)
(0 0 0 0 0 0 0 0 0)
(0 0 0 0 0 0 0 0 0)
(0 0 0 0 0 0 0 0 0)
(0 0 0 0 0 0 0 0 0)
(0 0 0 0 0 0 0 0 0)
(0 0 0 0 0 0 0 0 0)
(0 0 0 0 0 0 0 0 0)
(0 0 0 0 0 0 0 0 0)
(0 0 0 0 0 0 0 0 0)
(0 0 0 0 0 0 0 0 0)
(0 0 0 0 0 0 0 0 0)
(0 0 0 0 0 0 0 0 0)
(0 0 0 0 0 0 0 0 0)
(0 0 0 0 0 0 0 0 0)
(0 0 0 0 0 0 0 0 0)
(0 0 0 0 0 0 0 0 0)
(0 0 0 0 0 0 0 0 0)
(0 0 0 0 0 0 0 0 0)
(0 0 0 0 0 0 0 0 0)
(0 0 0 0 0 0 0 0 0)
(0 0 0 0 0 0 0 0 0)
(0 0 0 0 0 0 0 0 0)
(0 0 0 0 0 0 0 0 0)
(0 0 0 0 0 0 0 0 0)
(0 0 0 0 0 0 0 0 0)
(0 0 0 0 0 0 0 0 0)
(0 0 0 0 0 0 0 0 0)
(0 0 0 0 0 0 0 0 0)
(0 0 0 0 0 0 0 0 0)
(0 0 0 0 0 0 0 0 0)
(0 0 0 0 0 0 0 0 0)
(0 0 0 0 0 0 0 0 0)
(0 0 0 0 0 0 0 0 0)
(0 0 0 0 0 0 0 0 0)
(0 0 0 0 0 0 0 0 0)
(0 0 0 0 0 0 0 0 0)
(0 0 0 0 0 0 0 0 0)
(0 0 0 0 0 0 0 0 0)
(0 0 0 0 0 0 0 0 0)
(0 0 0 0 0 0 0 0 0)
(0 0 0 0 0 0 0 0 0)
(0 0 0 0 0 0 0 0 0)
(0 0 0 0 0 0 0 0 0)
(0 0 0 0 0 0 0 0 0)
(0 0 0 0 0 0 0 0 0)
(0 0 0 0 0 0 0 0 0)
(0 0 0 0 0 0 0 0 0)
(0 0 0 0 0 0 0 0 0)
(0 0 0 0 0 0 0 0 0)
(0 0 0 0 0 0 0 0 0)
(0 0 0 0 0 0 0 0 0)
(0 0 0 0 0 0 0 0 0)
(0 0 0 0 0 0 0 0 0)
(0 0 0 0 0 0 0 0 0)
(0 0 0 0 0 0 0 0 0)
(0 0 0 0 0 0 0 0 0)
(0 0 0 0 0 0 0 0 0)
(0 0 0 0 0 0 0 0 0)
(0 0 0 0 0 0 0 0 0)
(0 0 0 0 0 0 0 0 0)
(0 0 0 0 0 0 0 0 0)
(0 0 0 0 0 0 0 0 0)
(0 0 0 0 0 0 0 0 0)
(0 0 0 0 0 0 0 0 0)
(0 0 0 0 0 0 0 0 0)
(0 0 0 0 0 0 0 0 0)
(0 0 0 0 0 0 0 0 0)
(0 0 0 0 0 0 0 0 0)
(0 0 0 0 0 0 0 0 0)
(0 0 0 0 0 0 0 0 0)
(0 0 0 0 0 0 0 0 0)
(0 0 0 0 0 0 0 0 0)
(0 0 0 0 0 0 0 0 0)
(0 0 0 0 0 0 0 0 0)
(0 0 0 0 0 0 0 0 0)
(0 0 0 0 0 0 0 0 0)
(0 0 0 0 0 0 0 0 0)
(0 0 0 0 0 0 0 0 0)
(0 0 0 0 0 0 0 0 0)
(0 0 0 0 0 0 0 0 0)
(0 0 0 0 0 0 0 0 0)
(0 0 0 0 0 0 0 0 0)
(0 0 0 0 0 0 0 0 0)
(0 0 0 0 0 0 0 0 0)
(0 0 0 0 0 0 0 0 0)
(0 0 0 0 0 0 0 0 0)
(0 0 0 0 0 0 0 0 0)
(0 0 0 0 0 0 0 0 0)
(0 0 0 0 0 0 0 0 0)
(0 0 0 0 0 0 0 0 0)
(0 0 0 0 0 0 0 0 0)
(0 0 0 0 0 0 0 0 0)
(0 0 0 0 0 0 0 0 0)
(0 0 0 0 0 0 0 0 0)
(0 0 0 0 0 0 0 0 0)
(0 0 0 0 0 0 0 0 0)
(0 0 0 0 0 0 0 0 0)
(0 0 0 0 0 0 0 0 0)
(0 0 0 0 0 0 0 0 0)
(0 0 0 0 0 0 0 0 0)
(0 0 0 0 0 0 0 0 0)
(0 0 0 0 0 0 0 0 0)
(0 0 0 0 0 0 0 0 0)
(0 0 0 0 0 0 0 0 0)
(0 0 0 0 0 0 0 0 0)
(0 0 0 0 0 0 0 0 0)
(0 0 0 0 0 0 0 0 0)
(0 0 0 0 0 0 0 0 0)
(0 0 0 0 0 0 0 0 0)
(0 0 0 0 0 0 0 0 0)
(0 0 0 0 0 0 0 0 0)
(0 0 0 0 0 0 0 0 0)
(0 0 0 0 0 0 0 0 0)
(0 0 0 0 0 0 0 0 0)
(0 0 0 0 0 0 0 0 0)
(0 0 0 0 0 0 0 0 0)
(0 0 0 0 0 0 0 0 0)
(0 0 0 0 0 0 0 0 0)
(0 0 0 0 0 0 0 0 0)
(0 0 0 0 0 0 0 0 0)
(0 0 0 0 0 0 0 0 0)
(0 0 0 0 0 0 0 0 0)
(0 0 0 0 0 0 0 0 0)
(0 0 0 0 0 0 0 0 0)
(0 0 0 0 0 0 0 0 0)
(0 0 0 0 0 0 0 0 0)
(0 0 0 0 0 0 0 0 0)
(0 0 0 0 0 0 0 0 0)
(0 0 0 0 0 0 0 0 0)
(0 0 0 0 0 0 0 0 0)
(0 0 0 0 0 0 0 0 0)
(0 0 0 0 0 0 0 0 0)
(0 0 0 0 0 0 0 0 0)
(0 0 0 0 0 0 0 0 0)
(0 0 0 0 0 0 0 0 0)
(0 0 0 0 0 0 0 0 0)
(0 0 0 0 0 0 0 0 0)
(0 0 0 0 0 0 0 0 0)
(0 0 0 0 0 0 0 0 0)
(0 0 0 0 0 0 0 0 0)
(0 0 0 0 0 0 0 0 0)
(0 0 0 0 0 0 0 0 0)
(0 0 0 0 0 0 0 0 0)
(0 0 0 0 0 0 0 0 0)
(0 0 0 0 0 0 0 0 0)
(0 0 0 0 0 0 0 0 0)
(0 0 0 0 0 0 0 0 0)
(0 0 0 0 0 0 0 0 0)
(0 0 0 0 0 0 0 0 0)
(0 0 0 0 0 0 0 0 0)
(0 0 0 0 0 0 0 0 0)
(0 0 0 0 0 0 0 0 0)
(0 0 0 0 0 0 0 0 0)
(0 0 0 0 0 0 0 0 0)
(0 0 0 0 0 0 0 0 0)
(0 0 0 0 0 0 0 0 0)
(0 0 0 0 0 0 0 0 0)
(0 0 0 0 0 0 0 0 0)
(0 0 0 0 0 0 0 0 0)
(0 0 0 0 0 0 0 0 0)
(0 0 0 0 0 0 0 0 0)
(0 0 0 0 0 0 0 0 0)
(0 0 0 0 0 0 0 0 0)
(0 0 0 0 0 0 0 0 0)
(0 0 0 0 0 0 0 0 0)
(0 0 0 0 0 0 0 0 0)
(0 0 0 0 0 0 0 0 0)
(0 0 0 0 0 0 0 0 0)
(0 0 0 0 0 0 0 0 0)
(0 0 0 0 0 0 0 0 0)
(0 0 0 0 0 0 0 0 0)
(0 0 0 0 0 0 0 0 0)
(0 0 0 0 0 0 0 0 0)
(0 0 0 0 0 0 0 0 0)
(0 0 0 0 0 0 0 0 0)
(0 0 0 0 0 0 0 0 0)
(0 0 0 0 0 0 0 0 0)
(0 0 0 0 0 0 0 0 0)
(0 0 0 0 0 0 0 0 0)
(0 0 0 0 0 0 0 0 0)
(0 0 0 0 0 0 0 0 0)
(0 0 0 0 0 0 0 0 0)
(0 0 0 0 0 0 0 0 0)
(0 0 0 0 0 0 0 0 0)
(0 0 0 0 0 0 0 0 0)
(0 0 0 0 0 0 0 0 0)
(0 0 0 0 0 0 0 0 0)
(0 0 0 0 0 0 0 0 0)
(0 0 0 0 0 0 0 0 0)
(0 0 0 0 0 0 0 0 0)
(0 0 0 0 0 0 0 0 0)
(0 0 0 0 0 0 0 0 0)
(0 0 0 0 0 0 0 0 0)
(0 0 0 0 0 0 0 0 0)
(0 0 0 0 0 0 0 0 0)
(0 0 0 0 0 0 0 0 0)
(0 0 0 0 0 0 0 0 0)
(0 0 0 0 0 0 0 0 0)
(0 0 0 0 0 0 0 0 0)
(0 0 0 0 0 0 0 0 0)
(0 0 0 0 0 0 0 0 0)
(0 0 0 0 0 0 0 0 0)
(0 0 0 0 0 0 0 0 0)
(0 0 0 0 0 0 0 0 0)
(0 0 0 0 0 0 0 0 0)
(0 0 0 0 0 0 0 0 0)
(0 0 0 0 0 0 0 0 0)
(0 0 0 0 0 0 0 0 0)
(0 0 0 0 0 0 0 0 0)
(0 0 0 0 0 0 0 0 0)
(0 0 0 0 0 0 0 0 0)
(0 0 0 0 0 0 0 0 0)
(0 0 0 0 0 0 0 0 0)
(0 0 0 0 0 0 0 0 0)
(0 0 0 0 0 0 0 0 0)
(0 0 0 0 0 0 0 0 0)
(0 0 0 0 0 0 0 0 0)
(0 0 0 0 0 0 0 0 0)
(0 0 0 0 0 0 0 0 0)
(0 0 0 0 0 0 0 0 0)
(0 0 0 0 0 0 0 0 0)
(0 0 0 0 0 0 0 0 0)
(0 0 0 0 0 0 0 0 0)
(0 0 0 0 0 0 0 0 0)
(0 0 0 0 0 0 0 0 0)
(0 0 0 0 0 0 0 0 0)
(0 0 0 0 0 0 0 0 0)
(0 0 0 0 0 0 0 0 0)
(0 0 0 0 0 0 0 0 0)
(0 0 0 0 0 0 0 0 0)
(0 0 0 0 0 0 0 0 0)
(0 0 0 0 0 0 0 0 0)
(0 0 0 0 0 0 0 0 0)
(0 0 0 0 0 0 0 0 0)
(0 0 0 0 0 0 0 0 0)
(0 0 0 0 0 0 0 0 0)
(0 0 0 0 0 0 0 0 0)
(0 0 0 0 0 0 0 0 0)
(0 0 0 0 0 0 0 0 0)
(0 0 0 0 0 0 0 0 0)
(0 0 0 0 0 0 0 0 0)
(0 0 0 0 0 0 0 0 0)
(0 0 0 0 0 0 0 0 0)
(0 0 0 0 0 0 0 0 0)
(0 0 0 0 0 0 0 0 0)
(0 0 0 0 0 0 0 0 0)
(0 0 0 0 0 0 0 0 0)
(0 0 0 0 0 0 0 0 0)
(0 0 0 0 0 0 0 0 0)
(0 0 0 0 0 0 0 0 0)
(0 0 0 0 0 0 0 0 0)
(0 0 0 0 0 0 0 0 0)
(0 0 0 0 0 0 0 0 0)
(0 0 0 0 0 0 0 0 0)
(0 0 0 0 0 0 0 0 0)
(0 0 0 0 0 0 0 0 0)
(0 0 0 0 0 0 0 0 0)
(0 0 0 0 0 0 0 0 0)
(0 0 0 0 0 0 0 0 0)
(0 0 0 0 0 0 0 0 0)
(0 0 0 0 0 0 0 0 0)
(0 0 0 0 0 0 0 0 0)
(0 0 0 0 0 0 0 0 0)
(0 0 0 0 0 0 0 0 0)
(0 0 0 0 0 0 0 0 0)
(0 0 0 0 0 0 0 0 0)
(0 0 0 0 0 0 0 0 0)
(0 0 0 0 0 0 0 0 0)
(0 0 0 0 0 0 0 0 0)
(0 0 0 0 0 0 0 0 0)
(0 0 0 0 0 0 0 0 0)
(0 0 0 0 0 0 0 0 0)
(0 0 0 0 0 0 0 0 0)
(0 0 0 0 0 0 0 0 0)
(0 0 0 0 0 0 0 0 0)
(0 0 0 0 0 0 0 0 0)
(0 0 0 0 0 0 0 0 0)
(0 0 0 0 0 0 0 0 0)
(0 0 0 0 0 0 0 0 0)
(0 0 0 0 0 0 0 0 0)
(0 0 0 0 0 0 0 0 0)
(0 0 0 0 0 0 0 0 0)
(0 0 0 0 0 0 0 0 0)
(0 0 0 0 0 0 0 0 0)
(0 0 0 0 0 0 0 0 0)
(0 0 0 0 0 0 0 0 0)
(0 0 0 0 0 0 0 0 0)
(0 0 0 0 0 0 0 0 0)
(0 0 0 0 0 0 0 0 0)
(0 0 0 0 0 0 0 0 0)
(0 0 0 0 0 0 0 0 0)
(0 0 0 0 0 0 0 0 0)
(0 0 0 0 0 0 0 0 0)
(0 0 0 0 0 0 0 0 0)
(0 0 0 0 0 0 0 0 0)
(0 0 0 0 0 0 0 0 0)
(0 0 0 0 0 0 0 0 0)
(0 0 0 0 0 0 0 0 0)
(0 0 0 0 0 0 0 0 0)
(0 0 0 0 0 0 0 0 0)
(0 0 0 0 0 0 0 0 0)
(0 0 0 0 0 0 0 0 0)
(0 0 0 0 0 0 0 0 0)
(0 0 0 0 0 0 0 0 0)
(0 0 0 0 0 0 0 0 0)
(0 0 0 0 0 0 0 0 0)
(0 0 0 0 0 0 0 0 0)
(0 0 0 0 0 0 0 0 0)
(0 0 0 0 0 0 0 0 0)
(0 0 0 0 0 0 0 0 0)
(0 0 0 0 0 0 0 0 0)
(0 0 0 0 0 0 0 0 0)
(0 0 0 0 0 0 0 0 0)
(0 0 0 0 0 0 0 0 0)
(0 0 0 0 0 0 0 0 0)
(0 0 0 0 0 0 0 0 0)
(0 0 0 0 0 0 0 0 0)
(0 0 0 0 0 0 0 0 0)
(0 0 0 0 0 0 0 0 0)
(0 0 0 0 0 0 0 0 0)
(0 0 0 0 0 0 0 0 0)
(0 0 0 0 0 0 0 0 0)
(0 0 0 0 0 0 0 0 0)
(0 0 0 0 0 0 0 0 0)
(0 0 0 0 0 0 0 0 0)
(0 0 0 0 0 0 0 0 0)
(0 0 0 0 0 0 0 0 0)
(0 0 0 0 0 0 0 0 0)
(0 0 0 0 0 0 0 0 0)
(0 0 0 0 0 0 0 0 0)
(0 0 0 0 0 0 0 0 0)
(0 0 0 0 0 0 0 0 0)
(0 0 0 0 0 0 0 0 0)
(0 0 0 0 0 0 0 0 0)
(0 0 0 0 0 0 0 0 0)
(0 0 0 0 0 0 0 0 0)
(0 0 0 0 0 0 0 0 0)
(0 0 0 0 0 0 0 0 0)
(0 0 0 0 0 0 0 0 0)
(0 0 0 0 0 0 0 0 0)
(0 0 0 0 0 0 0 0 0)
(0 0 0 0 0 0 0 0 0)
(0 0 0 0 0 0 0 0 0)
(0 0 0 0 0 0 0 0 0)
(0 0 0 0 0 0 0 0 0)
(0 0 0 0 0 0 0 0 0)
(0 0 0 0 0 0 0 0 0)
(0 0 0 0 0 0 0 0 0)
(0 0 0 0 0 0 0 0 0)
(0 0 0 0 0 0 0 0 0)
(0 0 0 0 0 0 0 0 0)
(0 0 0 0 0 0 0 0 0)
(0 0 0 0 0 0 0 0 0)
(0 0 0 0 0 0 0 0 0)
(0 0 0 0 0 0 0 0 0)
(0 0 0 0 0 0 0 0 0)
(0 0 0 0 0 0 0 0 0)
(0 0 0 0 0 0 0 0 0)
(0 0 0 0 0 0 0 0 0)
(0 0 0 0 0 0 0 0 0)
(0 0 0 0 0 0 0 0 0)
(0 0 0 0 0 0 0 0 0)
(0 0 0 0 0 0 0 0 0)
(0 0 0 0 0 0 0 0 0)
(0 0 0 0 0 0 0 0 0)
(0 0 0 0 0 0 0 0 0)
(0 0 0 0 0 0 0 0 0)
(0 0 0 0 0 0 0 0 0)
(0 0 0 0 0 0 0 0 0)
(0 0 0 0 0 0 0 0 0)
(0 0 0 0 0 0 0 0 0)
(0 0 0 0 0 0 0 0 0)
(0 0 0 0 0 0 0 0 0)
(0 0 0 0 0 0 0 0 0)
(0 0 0 0 0 0 0 0 0)
(0 0 0 0 0 0 0 0 0)
(0 0 0 0 0 0 0 0 0)
(0 0 0 0 0 0 0 0 0)
(0 0 0 0 0 0 0 0 0)
(0 0 0 0 0 0 0 0 0)
(0 0 0 0 0 0 0 0 0)
(0 0 0 0 0 0 0 0 0)
(0 0 0 0 0 0 0 0 0)
(0 0 0 0 0 0 0 0 0)
(0 0 0 0 0 0 0 0 0)
(0 0 0 0 0 0 0 0 0)
(0 0 0 0 0 0 0 0 0)
(0 0 0 0 0 0 0 0 0)
(0 0 0 0 0 0 0 0 0)
(0 0 0 0 0 0 0 0 0)
(0 0 0 0 0 0 0 0 0)
(0 0 0 0 0 0 0 0 0)
(0 0 0 0 0 0 0 0 0)
(0 0 0 0 0 0 0 0 0)
(0 0 0 0 0 0 0 0 0)
(0 0 0 0 0 0 0 0 0)
(0 0 0 0 0 0 0 0 0)
(0 0 0 0 0 0 0 0 0)
(0 0 0 0 0 0 0 0 0)
(0 0 0 0 0 0 0 0 0)
(0 0 0 0 0 0 0 0 0)
(0 0 0 0 0 0 0 0 0)
(0 0 0 0 0 0 0 0 0)
(0 0 0 0 0 0 0 0 0)
(0 0 0 0 0 0 0 0 0)
(0 0 0 0 0 0 0 0 0)
(0 0 0 0 0 0 0 0 0)
(0 0 0 0 0 0 0 0 0)
(0 0 0 0 0 0 0 0 0)
(0 0 0 0 0 0 0 0 0)
(0 0 0 0 0 0 0 0 0)
(0 0 0 0 0 0 0 0 0)
(0 0 0 0 0 0 0 0 0)
(0 0 0 0 0 0 0 0 0)
(0 0 0 0 0 0 0 0 0)
(0 0 0 0 0 0 0 0 0)
(0 0 0 0 0 0 0 0 0)
(0 0 0 0 0 0 0 0 0)
(0 0 0 0 0 0 0 0 0)
(0 0 0 0 0 0 0 0 0)
(0 0 0 0 0 0 0 0 0)
(0 0 0 0 0 0 0 0 0)
(0 0 0 0 0 0 0 0 0)
(0 0 0 0 0 0 0 0 0)
(0 0 0 0 0 0 0 0 0)
(0 0 0 0 0 0 0 0 0)
(0 0 0 0 0 0 0 0 0)
(0 0 0 0 0 0 0 0 0)
(0 0 0 0 0 0 0 0 0)
(0 0 0 0 0 0 0 0 0)
(0 0 0 0 0 0 0 0 0)
(0 0 0 0 0 0 0 0 0)
(0 0 0 0 0 0 0 0 0)
(0 0 0 0 0 0 0 0 0)
(0 0 0 0 0 0 0 0 0)
(0 0 0 0 0 0 0 0 0)
(0 0 0 0 0 0 0 0 0)
(0 0 0 0 0 0 0 0 0)
(0 0 0 0 0 0 0 0 0)
(0 0 0 0 0 0 0 0 0)
(0 0 0 0 0 0 0 0 0)
(0 0 0 0 0 0 0 0 0)
(0 0 0 0 0 0 0 0 0)
(0 0 0 0 0 0 0 0 0)
(0 0 0 0 0 0 0 0 0)
(0 0 0 0 0 0 0 0 0)
(0 0 0 0 0 0 0 0 0)
(0 0 0 0 0 0 0 0 0)
(0 0 0 0 0 0 0 0 0)
(0 0 0 0 0 0 0 0 0)
(0 0 0 0 0 0 0 0 0)
(0 0 0 0 0 0 0 0 0)
(0 0 0 0 0 0 0 0 0)
(0 0 0 0 0 0 0 0 0)
(0 0 0 0 0 0 0 0 0)
(0 0 0 0 0 0 0 0 0)
(0 0 0 0 0 0 0 0 0)
(0 0 0 0 0 0 0 0 0)
(0 0 0 0 0 0 0 0 0)
(0 0 0 0 0 0 0 0 0)
(0 0 0 0 0 0 0 0 0)
(0 0 0 0 0 0 0 0 0)
(0 0 0 0 0 0 0 0 0)
(0 0 0 0 0 0 0 0 0)
(0 0 0 0 0 0 0 0 0)
(0 0 0 0 0 0 0 0 0)
(0 0 0 0 0 0 0 0 0)
(0 0 0 0 0 0 0 0 0)
(0 0 0 0 0 0 0 0 0)
(0 0 0 0 0 0 0 0 0)
(0 0 0 0 0 0 0 0 0)
(0 0 0 0 0 0 0 0 0)
(0 0 0 0 0 0 0 0 0)
(0 0 0 0 0 0 0 0 0)
(0 0 0 0 0 0 0 0 0)
(0 0 0 0 0 0 0 0 0)
(0 0 0 0 0 0 0 0 0)
(0 0 0 0 0 0 0 0 0)
(0 0 0 0 0 0 0 0 0)
(0 0 0 0 0 0 0 0 0)
(0 0 0 0 0 0 0 0 0)
(0 0 0 0 0 0 0 0 0)
(0 0 0 0 0 0 0 0 0)
(0 0 0 0 0 0 0 0 0)
(0 0 0 0 0 0 0 0 0)
(0 0 0 0 0 0 0 0 0)
(0 0 0 0 0 0 0 0 0)
(0 0 0 0 0 0 0 0 0)
(0 0 0 0 0 0 0 0 0)
(0 0 0 0 0 0 0 0 0)
(0 0 0 0 0 0 0 0 0)
(0 0 0 0 0 0 0 0 0)
(0 0 0 0 0 0 0 0 0)
(0 0 0 0 0 0 0 0 0)
(0 0 0 0 0 0 0 0 0)
(0 0 0 0 0 0 0 0 0)
(0 0 0 0 0 0 0 0 0)
(0 0 0 0 0 0 0 0 0)
(0 0 0 0 0 0 0 0 0)
(0 0 0 0 0 0 0 0 0)
(0 0 0 0 0 0 0 0 0)
(0 0 0 0 0 0 0 0 0)
(0 0 0 0 0 0 0 0 0)
(0 0 0 0 0 0 0 0 0)
(0 0 0 0 0 0 0 0 0)
(0 0 0 0 0 0 0 0 0)
(0 0 0 0 0 0 0 0 0)
(0 0 0 0 0 0 0 0 0)
(0 0 0 0 0 0 0 0 0)
(0 0 0 0 0 0 0 0 0)
(0 0 0 0 0 0 0 0 0)
(0 0 0 0 0 0 0 0 0)
(0 0 0 0 0 0 0 0 0)
(0 0 0 0 0 0 0 0 0)
(0 0 0 0 0 0 0 0 0)
(0 0 0 0 0 0 0 0 0)
(0 0 0 0 0 0 0 0 0)
(0 0 0 0 0 0 0 0 0)
(0 0 0 0 0 0 0 0 0)
(0 0 0 0 0 0 0 0 0)
(0 0 0 0 0 0 0 0 0)
(0 0 0 0 0 0 0 0 0)
(0 0 0 0 0 0 0 0 0)
(0 0 0 0 0 0 0 0 0)
(0 0 0 0 0 0 0 0 0)
(0 0 0 0 0 0 0 0 0)
(0 0 0 0 0 0 0 0 0)
(0 0 0 0 0 0 0 0 0)
(0 0 0 0 0 0 0 0 0)
(0 0 0 0 0 0 0 0 0)
(0 0 0 0 0 0 0 0 0)
(0 0 0 0 0 0 0 0 0)
(0 0 0 0 0 0 0 0 0)
(0 0 0 0 0 0 0 0 0)
(0 0 0 0 0 0 0 0 0)
(0 0 0 0 0 0 0 0 0)
(0 0 0 0 0 0 0 0 0)
(0 0 0 0 0 0 0 0 0)
(0 0 0 0 0 0 0 0 0)
(0 0 0 0 0 0 0 0 0)
(0 0 0 0 0 0 0 0 0)
(0 0 0 0 0 0 0 0 0)
(0 0 0 0 0 0 0 0 0)
(0 0 0 0 0 0 0 0 0)
(0 0 0 0 0 0 0 0 0)
(0 0 0 0 0 0 0 0 0)
(0 0 0 0 0 0 0 0 0)
(0 0 0 0 0 0 0 0 0)
(0 0 0 0 0 0 0 0 0)
(0 0 0 0 0 0 0 0 0)
(0 0 0 0 0 0 0 0 0)
(0 0 0 0 0 0 0 0 0)
(0 0 0 0 0 0 0 0 0)
(0 0 0 0 0 0 0 0 0)
(0 0 0 0 0 0 0 0 0)
(0 0 0 0 0 0 0 0 0)
(0 0 0 0 0 0 0 0 0)
(0 0 0 0 0 0 0 0 0)
(0 0 0 0 0 0 0 0 0)
(0 0 0 0 0 0 0 0 0)
(0 0 0 0 0 0 0 0 0)
(0 0 0 0 0 0 0 0 0)
(0 0 0 0 0 0 0 0 0)
(0 0 0 0 0 0 0 0 0)
(0 0 0 0 0 0 0 0 0)
(0 0 0 0 0 0 0 0 0)
(0 0 0 0 0 0 0 0 0)
(0 0 0 0 0 0 0 0 0)
(0 0 0 0 0 0 0 0 0)
(0 0 0 0 0 0 0 0 0)
(0 0 0 0 0 0 0 0 0)
(0 0 0 0 0 0 0 0 0)
(0 0 0 0 0 0 0 0 0)
(0 0 0 0 0 0 0 0 0)
(0 0 0 0 0 0 0 0 0)
(0 0 0 0 0 0 0 0 0)
(0 0 0 0 0 0 0 0 0)
(0 0 0 0 0 0 0 0 0)
(0 0 0 0 0 0 0 0 0)
(0 0 0 0 0 0 0 0 0)
(0 0 0 0 0 0 0 0 0)
(0 0 0 0 0 0 0 0 0)
(0 0 0 0 0 0 0 0 0)
(0 0 0 0 0 0 0 0 0)
(0 0 0 0 0 0 0 0 0)
(0 0 0 0 0 0 0 0 0)
(0 0 0 0 0 0 0 0 0)
(0 0 0 0 0 0 0 0 0)
(0 0 0 0 0 0 0 0 0)
(0 0 0 0 0 0 0 0 0)
(0 0 0 0 0 0 0 0 0)
(0 0 0 0 0 0 0 0 0)
(0 0 0 0 0 0 0 0 0)
(0 0 0 0 0 0 0 0 0)
(0 0 0 0 0 0 0 0 0)
(0 0 0 0 0 0 0 0 0)
(0 0 0 0 0 0 0 0 0)
(0 0 0 0 0 0 0 0 0)
(0 0 0 0 0 0 0 0 0)
(0 0 0 0 0 0 0 0 0)
(0 0 0 0 0 0 0 0 0)
(0 0 0 0 0 0 0 0 0)
(0 0 0 0 0 0 0 0 0)
(0 0 0 0 0 0 0 0 0)
(0 0 0 0 0 0 0 0 0)
(0 0 0 0 0 0 0 0 0)
(0 0 0 0 0 0 0 0 0)
(0 0 0 0 0 0 0 0 0)
(0 0 0 0 0 0 0 0 0)
(0 0 0 0 0 0 0 0 0)
(0 0 0 0 0 0 0 0 0)
(0 0 0 0 0 0 0 0 0)
(0 0 0 0 0 0 0 0 0)
(0 0 0 0 0 0 0 0 0)
(0 0 0 0 0 0 0 0 0)
(0 0 0 0 0 0 0 0 0)
(0 0 0 0 0 0 0 0 0)
(0 0 0 0 0 0 0 0 0)
(0 0 0 0 0 0 0 0 0)
(0 0 0 0 0 0 0 0 0)
(0 0 0 0 0 0 0 0 0)
(0 0 0 0 0 0 0 0 0)
(0 0 0 0 0 0 0 0 0)
(0 0 0 0 0 0 0 0 0)
(0 0 0 0 0 0 0 0 0)
(0 0 0 0 0 0 0 0 0)
(0 0 0 0 0 0 0 0 0)
(0 0 0 0 0 0 0 0 0)
(0 0 0 0 0 0 0 0 0)
(0 0 0 0 0 0 0 0 0)
(0 0 0 0 0 0 0 0 0)
(0 0 0 0 0 0 0 0 0)
(0 0 0 0 0 0 0 0 0)
(0 0 0 0 0 0 0 0 0)
(0 0 0 0 0 0 0 0 0)
(0 0 0 0 0 0 0 0 0)
(0 0 0 0 0 0 0 0 0)
(0 0 0 0 0 0 0 0 0)
(0 0 0 0 0 0 0 0 0)
(0 0 0 0 0 0 0 0 0)
(0 0 0 0 0 0 0 0 0)
(0 0 0 0 0 0 0 0 0)
(0 0 0 0 0 0 0 0 0)
(0 0 0 0 0 0 0 0 0)
(0 0 0 0 0 0 0 0 0)
(0 0 0 0 0 0 0 0 0)
(0 0 0 0 0 0 0 0 0)
(0 0 0 0 0 0 0 0 0)
(0 0 0 0 0 0 0 0 0)
(0 0 0 0 0 0 0 0 0)
(0 0 0 0 0 0 0 0 0)
(0 0 0 0 0 0 0 0 0)
(0 0 0 0 0 0 0 0 0)
(0 0 0 0 0 0 0 0 0)
(0 0 0 0 0 0 0 0 0)
(0 0 0 0 0 0 0 0 0)
(0 0 0 0 0 0 0 0 0)
(0 0 0 0 0 0 0 0 0)
(0 0 0 0 0 0 0 0 0)
(0 0 0 0 0 0 0 0 0)
(0 0 0 0 0 0 0 0 0)
(0 0 0 0 0 0 0 0 0)
(0 0 0 0 0 0 0 0 0)
(0 0 0 0 0 0 0 0 0)
(0 0 0 0 0 0 0 0 0)
(0 0 0 0 0 0 0 0 0)
(0 0 0 0 0 0 0 0 0)
(0 0 0 0 0 0 0 0 0)
(0 0 0 0 0 0 0 0 0)
(0 0 0 0 0 0 0 0 0)
(0 0 0 0 0 0 0 0 0)
(0 0 0 0 0 0 0 0 0)
(0 0 0 0 0 0 0 0 0)
(0 0 0 0 0 0 0 0 0)
(0 0 0 0 0 0 0 0 0)
(0 0 0 0 0 0 0 0 0)
(0 0 0 0 0 0 0 0 0)
(0 0 0 0 0 0 0 0 0)
(0 0 0 0 0 0 0 0 0)
(0 0 0 0 0 0 0 0 0)
(0 0 0 0 0 0 0 0 0)
(0 0 0 0 0 0 0 0 0)
(0 0 0 0 0 0 0 0 0)
(0 0 0 0 0 0 0 0 0)
(0 0 0 0 0 0 0 0 0)
(0 0 0 0 0 0 0 0 0)
(0 0 0 0 0 0 0 0 0)
(0 0 0 0 0 0 0 0 0)
(0 0 0 0 0 0 0 0 0)
(0 0 0 0 0 0 0 0 0)
(0 0 0 0 0 0 0 0 0)
(0 0 0 0 0 0 0 0 0)
(0 0 0 0 0 0 0 0 0)
(0 0 0 0 0 0 0 0 0)
(0 0 0 0 0 0 0 0 0)
(0 0 0 0 0 0 0 0 0)
(0 0 0 0 0 0 0 0 0)
(0 0 0 0 0 0 0 0 0)
(0 0 0 0 0 0 0 0 0)
(0 0 0 0 0 0 0 0 0)
(0 0 0 0 0 0 0 0 0)
(0 0 0 0 0 0 0 0 0)
(0 0 0 0 0 0 0 0 0)
(0 0 0 0 0 0 0 0 0)
(0 0 0 0 0 0 0 0 0)
(0 0 0 0 0 0 0 0 0)
(0 0 0 0 0 0 0 0 0)
(0 0 0 0 0 0 0 0 0)
(0 0 0 0 0 0 0 0 0)
(0 0 0 0 0 0 0 0 0)
(0 0 0 0 0 0 0 0 0)
(0 0 0 0 0 0 0 0 0)
(0 0 0 0 0 0 0 0 0)
(0 0 0 0 0 0 0 0 0)
(0 0 0 0 0 0 0 0 0)
(0 0 0 0 0 0 0 0 0)
(0 0 0 0 0 0 0 0 0)
(0 0 0 0 0 0 0 0 0)
(0 0 0 0 0 0 0 0 0)
(0 0 0 0 0 0 0 0 0)
(0 0 0 0 0 0 0 0 0)
(0 0 0 0 0 0 0 0 0)
(0 0 0 0 0 0 0 0 0)
(0 0 0 0 0 0 0 0 0)
(0 0 0 0 0 0 0 0 0)
(0 0 0 0 0 0 0 0 0)
(0 0 0 0 0 0 0 0 0)
(0 0 0 0 0 0 0 0 0)
(0 0 0 0 0 0 0 0 0)
(0 0 0 0 0 0 0 0 0)
(0 0 0 0 0 0 0 0 0)
(0 0 0 0 0 0 0 0 0)
(0 0 0 0 0 0 0 0 0)
(0 0 0 0 0 0 0 0 0)
(0 0 0 0 0 0 0 0 0)
(0 0 0 0 0 0 0 0 0)
(0 0 0 0 0 0 0 0 0)
(0 0 0 0 0 0 0 0 0)
(0 0 0 0 0 0 0 0 0)
(0 0 0 0 0 0 0 0 0)
(0 0 0 0 0 0 0 0 0)
(0 0 0 0 0 0 0 0 0)
(0 0 0 0 0 0 0 0 0)
(0 0 0 0 0 0 0 0 0)
(0 0 0 0 0 0 0 0 0)
(0 0 0 0 0 0 0 0 0)
(0 0 0 0 0 0 0 0 0)
(0 0 0 0 0 0 0 0 0)
(0 0 0 0 0 0 0 0 0)
(0 0 0 0 0 0 0 0 0)
(0 0 0 0 0 0 0 0 0)
(0 0 0 0 0 0 0 0 0)
(0 0 0 0 0 0 0 0 0)
(0 0 0 0 0 0 0 0 0)
(0 0 0 0 0 0 0 0 0)
(0 0 0 0 0 0 0 0 0)
(0 0 0 0 0 0 0 0 0)
(0 0 0 0 0 0 0 0 0)
(0 0 0 0 0 0 0 0 0)
(0 0 0 0 0 0 0 0 0)
(0 0 0 0 0 0 0 0 0)
(0 0 0 0 0 0 0 0 0)
(0 0 0 0 0 0 0 0 0)
(0 0 0 0 0 0 0 0 0)
(0 0 0 0 0 0 0 0 0)
(0 0 0 0 0 0 0 0 0)
(0 0 0 0 0 0 0 0 0)
(0 0 0 0 0 0 0 0 0)
(0 0 0 0 0 0 0 0 0)
(0 0 0 0 0 0 0 0 0)
(0 0 0 0 0 0 0 0 0)
(0 0 0 0 0 0 0 0 0)
(0 0 0 0 0 0 0 0 0)
(0 0 0 0 0 0 0 0 0)
(0 0 0 0 0 0 0 0 0)
(0 0 0 0 0 0 0 0 0)
(0 0 0 0 0 0 0 0 0)
(0 0 0 0 0 0 0 0 0)
(0 0 0 0 0 0 0 0 0)
(0 0 0 0 0 0 0 0 0)
(0 0 0 0 0 0 0 0 0)
(0 0 0 0 0 0 0 0 0)
(0 0 0 0 0 0 0 0 0)
(0 0 0 0 0 0 0 0 0)
(0 0 0 0 0 0 0 0 0)
(0 0 0 0 0 0 0 0 0)
(0 0 0 0 0 0 0 0 0)
(0 0 0 0 0 0 0 0 0)
(0 0 0 0 0 0 0 0 0)
(0 0 0 0 0 0 0 0 0)
(0 0 0 0 0 0 0 0 0)
(0 0 0 0 0 0 0 0 0)
(0 0 0 0 0 0 0 0 0)
(0 0 0 0 0 0 0 0 0)
(0 0 0 0 0 0 0 0 0)
(0 0 0 0 0 0 0 0 0)
(0 0 0 0 0 0 0 0 0)
(0 0 0 0 0 0 0 0 0)
(0 0 0 0 0 0 0 0 0)
(0 0 0 0 0 0 0 0 0)
(0 0 0 0 0 0 0 0 0)
(0 0 0 0 0 0 0 0 0)
(0 0 0 0 0 0 0 0 0)
(0 0 0 0 0 0 0 0 0)
(0 0 0 0 0 0 0 0 0)
(0 0 0 0 0 0 0 0 0)
(0 0 0 0 0 0 0 0 0)
(0 0 0 0 0 0 0 0 0)
(0 0 0 0 0 0 0 0 0)
(0 0 0 0 0 0 0 0 0)
(0 0 0 0 0 0 0 0 0)
(0 0 0 0 0 0 0 0 0)
(0 0 0 0 0 0 0 0 0)
(0 0 0 0 0 0 0 0 0)
(0 0 0 0 0 0 0 0 0)
(0 0 0 0 0 0 0 0 0)
(0 0 0 0 0 0 0 0 0)
(0 0 0 0 0 0 0 0 0)
(0 0 0 0 0 0 0 0 0)
(0 0 0 0 0 0 0 0 0)
(0 0 0 0 0 0 0 0 0)
(0 0 0 0 0 0 0 0 0)
(0 0 0 0 0 0 0 0 0)
(0 0 0 0 0 0 0 0 0)
(0 0 0 0 0 0 0 0 0)
(0 0 0 0 0 0 0 0 0)
(0 0 0 0 0 0 0 0 0)
(0 0 0 0 0 0 0 0 0)
(0 0 0 0 0 0 0 0 0)
(0 0 0 0 0 0 0 0 0)
(0 0 0 0 0 0 0 0 0)
(0 0 0 0 0 0 0 0 0)
(0 0 0 0 0 0 0 0 0)
(0 0 0 0 0 0 0 0 0)
(0 0 0 0 0 0 0 0 0)
(0 0 0 0 0 0 0 0 0)
(0 0 0 0 0 0 0 0 0)
(0 0 0 0 0 0 0 0 0)
(0 0 0 0 0 0 0 0 0)
(0 0 0 0 0 0 0 0 0)
(0 0 0 0 0 0 0 0 0)
(0 0 0 0 0 0 0 0 0)
(0 0 0 0 0 0 0 0 0)
(0 0 0 0 0 0 0 0 0)
(0 0 0 0 0 0 0 0 0)
(0 0 0 0 0 0 0 0 0)
(0 0 0 0 0 0 0 0 0)
(0 0 0 0 0 0 0 0 0)
(0 0 0 0 0 0 0 0 0)
(0 0 0 0 0 0 0 0 0)
(0 0 0 0 0 0 0 0 0)
(0 0 0 0 0 0 0 0 0)
(0 0 0 0 0 0 0 0 0)
(0 0 0 0 0 0 0 0 0)
(0 0 0 0 0 0 0 0 0)
(0 0 0 0 0 0 0 0 0)
(0 0 0 0 0 0 0 0 0)
(0 0 0 0 0 0 0 0 0)
(0 0 0 0 0 0 0 0 0)
(0 0 0 0 0 0 0 0 0)
(0 0 0 0 0 0 0 0 0)
(0 0 0 0 0 0 0 0 0)
(0 0 0 0 0 0 0 0 0)
(0 0 0 0 0 0 0 0 0)
(0 0 0 0 0 0 0 0 0)
(0 0 0 0 0 0 0 0 0)
(0 0 0 0 0 0 0 0 0)
(0 0 0 0 0 0 0 0 0)
(0 0 0 0 0 0 0 0 0)
(0 0 0 0 0 0 0 0 0)
(0 0 0 0 0 0 0 0 0)
(0 0 0 0 0 0 0 0 0)
(0 0 0 0 0 0 0 0 0)
(0 0 0 0 0 0 0 0 0)
(0 0 0 0 0 0 0 0 0)
(0 0 0 0 0 0 0 0 0)
(0 0 0 0 0 0 0 0 0)
(0 0 0 0 0 0 0 0 0)
(0 0 0 0 0 0 0 0 0)
(0 0 0 0 0 0 0 0 0)
(0 0 0 0 0 0 0 0 0)
(0 0 0 0 0 0 0 0 0)
(0 0 0 0 0 0 0 0 0)
(0 0 0 0 0 0 0 0 0)
(0 0 0 0 0 0 0 0 0)
(0 0 0 0 0 0 0 0 0)
(0 0 0 0 0 0 0 0 0)
(0 0 0 0 0 0 0 0 0)
(0 0 0 0 0 0 0 0 0)
(0 0 0 0 0 0 0 0 0)
(0 0 0 0 0 0 0 0 0)
(0 0 0 0 0 0 0 0 0)
(0 0 0 0 0 0 0 0 0)
(0 0 0 0 0 0 0 0 0)
(0 0 0 0 0 0 0 0 0)
(0 0 0 0 0 0 0 0 0)
(0 0 0 0 0 0 0 0 0)
(0 0 0 0 0 0 0 0 0)
(0 0 0 0 0 0 0 0 0)
(0 0 0 0 0 0 0 0 0)
(0 0 0 0 0 0 0 0 0)
(0 0 0 0 0 0 0 0 0)
(0 0 0 0 0 0 0 0 0)
(0 0 0 0 0 0 0 0 0)
(0 0 0 0 0 0 0 0 0)
(0 0 0 0 0 0 0 0 0)
(0 0 0 0 0 0 0 0 0)
(0 0 0 0 0 0 0 0 0)
(0 0 0 0 0 0 0 0 0)
(0 0 0 0 0 0 0 0 0)
(0 0 0 0 0 0 0 0 0)
(0 0 0 0 0 0 0 0 0)
(0 0 0 0 0 0 0 0 0)
(0 0 0 0 0 0 0 0 0)
(0 0 0 0 0 0 0 0 0)
(0 0 0 0 0 0 0 0 0)
(0 0 0 0 0 0 0 0 0)
(0 0 0 0 0 0 0 0 0)
(0 0 0 0 0 0 0 0 0)
(0 0 0 0 0 0 0 0 0)
(0 0 0 0 0 0 0 0 0)
(0 0 0 0 0 0 0 0 0)
(0 0 0 0 0 0 0 0 0)
(0 0 0 0 0 0 0 0 0)
(0 0 0 0 0 0 0 0 0)
(0 0 0 0 0 0 0 0 0)
(0 0 0 0 0 0 0 0 0)
(0 0 0 0 0 0 0 0 0)
(0 0 0 0 0 0 0 0 0)
(0 0 0 0 0 0 0 0 0)
(0 0 0 0 0 0 0 0 0)
(0 0 0 0 0 0 0 0 0)
(0 0 0 0 0 0 0 0 0)
(0 0 0 0 0 0 0 0 0)
(0 0 0 0 0 0 0 0 0)
(0 0 0 0 0 0 0 0 0)
(0 0 0 0 0 0 0 0 0)
(0 0 0 0 0 0 0 0 0)
(0 0 0 0 0 0 0 0 0)
(0 0 0 0 0 0 0 0 0)
(0 0 0 0 0 0 0 0 0)
(0 0 0 0 0 0 0 0 0)
(0 0 0 0 0 0 0 0 0)
(0 0 0 0 0 0 0 0 0)
(0 0 0 0 0 0 0 0 0)
(0 0 0 0 0 0 0 0 0)
(0 0 0 0 0 0 0 0 0)
(0 0 0 0 0 0 0 0 0)
(0 0 0 0 0 0 0 0 0)
(0 0 0 0 0 0 0 0 0)
(0 0 0 0 0 0 0 0 0)
(0 0 0 0 0 0 0 0 0)
(0 0 0 0 0 0 0 0 0)
(0 0 0 0 0 0 0 0 0)
(0 0 0 0 0 0 0 0 0)
(0 0 0 0 0 0 0 0 0)
(0 0 0 0 0 0 0 0 0)
(0 0 0 0 0 0 0 0 0)
(0 0 0 0 0 0 0 0 0)
(0 0 0 0 0 0 0 0 0)
(0 0 0 0 0 0 0 0 0)
(0 0 0 0 0 0 0 0 0)
(0 0 0 0 0 0 0 0 0)
(0 0 0 0 0 0 0 0 0)
(0 0 0 0 0 0 0 0 0)
(0 0 0 0 0 0 0 0 0)
(0 0 0 0 0 0 0 0 0)
(0 0 0 0 0 0 0 0 0)
(0 0 0 0 0 0 0 0 0)
(0 0 0 0 0 0 0 0 0)
(0 0 0 0 0 0 0 0 0)
(0 0 0 0 0 0 0 0 0)
(0 0 0 0 0 0 0 0 0)
(0 0 0 0 0 0 0 0 0)
(0 0 0 0 0 0 0 0 0)
(0 0 0 0 0 0 0 0 0)
(0 0 0 0 0 0 0 0 0)
(0 0 0 0 0 0 0 0 0)
(0 0 0 0 0 0 0 0 0)
(0 0 0 0 0 0 0 0 0)
(0 0 0 0 0 0 0 0 0)
(0 0 0 0 0 0 0 0 0)
(0 0 0 0 0 0 0 0 0)
(0 0 0 0 0 0 0 0 0)
(0 0 0 0 0 0 0 0 0)
(0 0 0 0 0 0 0 0 0)
(0 0 0 0 0 0 0 0 0)
(0 0 0 0 0 0 0 0 0)
(0 0 0 0 0 0 0 0 0)
(0 0 0 0 0 0 0 0 0)
(0 0 0 0 0 0 0 0 0)
(0 0 0 0 0 0 0 0 0)
(0 0 0 0 0 0 0 0 0)
(0 0 0 0 0 0 0 0 0)
(0 0 0 0 0 0 0 0 0)
(0 0 0 0 0 0 0 0 0)
(0 0 0 0 0 0 0 0 0)
(0 0 0 0 0 0 0 0 0)
(0 0 0 0 0 0 0 0 0)
(0 0 0 0 0 0 0 0 0)
(0 0 0 0 0 0 0 0 0)
(0 0 0 0 0 0 0 0 0)
(0 0 0 0 0 0 0 0 0)
(0 0 0 0 0 0 0 0 0)
(0 0 0 0 0 0 0 0 0)
(0 0 0 0 0 0 0 0 0)
(0 0 0 0 0 0 0 0 0)
(0 0 0 0 0 0 0 0 0)
(0 0 0 0 0 0 0 0 0)
(0 0 0 0 0 0 0 0 0)
(0 0 0 0 0 0 0 0 0)
(0 0 0 0 0 0 0 0 0)
(0 0 0 0 0 0 0 0 0)
(0 0 0 0 0 0 0 0 0)
(0 0 0 0 0 0 0 0 0)
(0 0 0 0 0 0 0 0 0)
(0 0 0 0 0 0 0 0 0)
(0 0 0 0 0 0 0 0 0)
(0 0 0 0 0 0 0 0 0)
(0 0 0 0 0 0 0 0 0)
(0 0 0 0 0 0 0 0 0)
(0 0 0 0 0 0 0 0 0)
(0 0 0 0 0 0 0 0 0)
(0 0 0 0 0 0 0 0 0)
(0 0 0 0 0 0 0 0 0)
(0 0 0 0 0 0 0 0 0)
(0 0 0 0 0 0 0 0 0)
(0 0 0 0 0 0 0 0 0)
(0 0 0 0 0 0 0 0 0)
(0 0 0 0 0 0 0 0 0)
(0 0 0 0 0 0 0 0 0)
(0 0 0 0 0 0 0 0 0)
(0 0 0 0 0 0 0 0 0)
(0 0 0 0 0 0 0 0 0)
(0 0 0 0 0 0 0 0 0)
(0 0 0 0 0 0 0 0 0)
(0 0 0 0 0 0 0 0 0)
(0 0 0 0 0 0 0 0 0)
(0 0 0 0 0 0 0 0 0)
(0 0 0 0 0 0 0 0 0)
(0 0 0 0 0 0 0 0 0)
(0 0 0 0 0 0 0 0 0)
(0 0 0 0 0 0 0 0 0)
(0 0 0 0 0 0 0 0 0)
(0 0 0 0 0 0 0 0 0)
(0 0 0 0 0 0 0 0 0)
(0 0 0 0 0 0 0 0 0)
(0 0 0 0 0 0 0 0 0)
(0 0 0 0 0 0 0 0 0)
(0 0 0 0 0 0 0 0 0)
(0 0 0 0 0 0 0 0 0)
(0 0 0 0 0 0 0 0 0)
(0 0 0 0 0 0 0 0 0)
(0 0 0 0 0 0 0 0 0)
(0 0 0 0 0 0 0 0 0)
(0 0 0 0 0 0 0 0 0)
(0 0 0 0 0 0 0 0 0)
(0 0 0 0 0 0 0 0 0)
(0 0 0 0 0 0 0 0 0)
(0 0 0 0 0 0 0 0 0)
(0 0 0 0 0 0 0 0 0)
(0 0 0 0 0 0 0 0 0)
(0 0 0 0 0 0 0 0 0)
(0 0 0 0 0 0 0 0 0)
(0 0 0 0 0 0 0 0 0)
(0 0 0 0 0 0 0 0 0)
(0 0 0 0 0 0 0 0 0)
(0 0 0 0 0 0 0 0 0)
(0 0 0 0 0 0 0 0 0)
(0 0 0 0 0 0 0 0 0)
(0 0 0 0 0 0 0 0 0)
(0 0 0 0 0 0 0 0 0)
(0 0 0 0 0 0 0 0 0)
(0 0 0 0 0 0 0 0 0)
(0 0 0 0 0 0 0 0 0)
(0 0 0 0 0 0 0 0 0)
(0 0 0 0 0 0 0 0 0)
(0 0 0 0 0 0 0 0 0)
(0 0 0 0 0 0 0 0 0)
(0 0 0 0 0 0 0 0 0)
(0 0 0 0 0 0 0 0 0)
(0 0 0 0 0 0 0 0 0)
(0 0 0 0 0 0 0 0 0)
(0 0 0 0 0 0 0 0 0)
(0 0 0 0 0 0 0 0 0)
(0 0 0 0 0 0 0 0 0)
(0 0 0 0 0 0 0 0 0)
(0 0 0 0 0 0 0 0 0)
(0 0 0 0 0 0 0 0 0)
(0 0 0 0 0 0 0 0 0)
(0 0 0 0 0 0 0 0 0)
(0 0 0 0 0 0 0 0 0)
(0 0 0 0 0 0 0 0 0)
(0 0 0 0 0 0 0 0 0)
(0 0 0 0 0 0 0 0 0)
(0 0 0 0 0 0 0 0 0)
(0 0 0 0 0 0 0 0 0)
(0 0 0 0 0 0 0 0 0)
(0 0 0 0 0 0 0 0 0)
(0 0 0 0 0 0 0 0 0)
(0 0 0 0 0 0 0 0 0)
(0 0 0 0 0 0 0 0 0)
(0 0 0 0 0 0 0 0 0)
(0 0 0 0 0 0 0 0 0)
(0 0 0 0 0 0 0 0 0)
(0 0 0 0 0 0 0 0 0)
(0 0 0 0 0 0 0 0 0)
(0 0 0 0 0 0 0 0 0)
(0 0 0 0 0 0 0 0 0)
(0 0 0 0 0 0 0 0 0)
(0 0 0 0 0 0 0 0 0)
(0 0 0 0 0 0 0 0 0)
(0 0 0 0 0 0 0 0 0)
(0 0 0 0 0 0 0 0 0)
(0 0 0 0 0 0 0 0 0)
(0 0 0 0 0 0 0 0 0)
(0 0 0 0 0 0 0 0 0)
(0 0 0 0 0 0 0 0 0)
(0 0 0 0 0 0 0 0 0)
(0 0 0 0 0 0 0 0 0)
(0 0 0 0 0 0 0 0 0)
(0 0 0 0 0 0 0 0 0)
(0 0 0 0 0 0 0 0 0)
(0 0 0 0 0 0 0 0 0)
(0 0 0 0 0 0 0 0 0)
(0 0 0 0 0 0 0 0 0)
(0 0 0 0 0 0 0 0 0)
(0 0 0 0 0 0 0 0 0)
(0 0 0 0 0 0 0 0 0)
(0 0 0 0 0 0 0 0 0)
(0 0 0 0 0 0 0 0 0)
(0 0 0 0 0 0 0 0 0)
(0 0 0 0 0 0 0 0 0)
(0 0 0 0 0 0 0 0 0)
(0 0 0 0 0 0 0 0 0)
(0 0 0 0 0 0 0 0 0)
(0 0 0 0 0 0 0 0 0)
(0 0 0 0 0 0 0 0 0)
(0 0 0 0 0 0 0 0 0)
(0 0 0 0 0 0 0 0 0)
(0 0 0 0 0 0 0 0 0)
(0 0 0 0 0 0 0 0 0)
(0 0 0 0 0 0 0 0 0)
(0 0 0 0 0 0 0 0 0)
(0 0 0 0 0 0 0 0 0)
(0 0 0 0 0 0 0 0 0)
(0 0 0 0 0 0 0 0 0)
(0 0 0 0 0 0 0 0 0)
(0 0 0 0 0 0 0 0 0)
(0 0 0 0 0 0 0 0 0)
(0 0 0 0 0 0 0 0 0)
(0 0 0 0 0 0 0 0 0)
(0 0 0 0 0 0 0 0 0)
(0 0 0 0 0 0 0 0 0)
(0 0 0 0 0 0 0 0 0)
(0 0 0 0 0 0 0 0 0)
(0 0 0 0 0 0 0 0 0)
(0 0 0 0 0 0 0 0 0)
(0 0 0 0 0 0 0 0 0)
(0 0 0 0 0 0 0 0 0)
(0 0 0 0 0 0 0 0 0)
(0 0 0 0 0 0 0 0 0)
(0 0 0 0 0 0 0 0 0)
(0 0 0 0 0 0 0 0 0)
(0 0 0 0 0 0 0 0 0)
(0 0 0 0 0 0 0 0 0)
(0 0 0 0 0 0 0 0 0)
(0 0 0 0 0 0 0 0 0)
(0 0 0 0 0 0 0 0 0)
(0 0 0 0 0 0 0 0 0)
(0 0 0 0 0 0 0 0 0)
(0 0 0 0 0 0 0 0 0)
(0 0 0 0 0 0 0 0 0)
(0 0 0 0 0 0 0 0 0)
(0 0 0 0 0 0 0 0 0)
(0 0 0 0 0 0 0 0 0)
(0 0 0 0 0 0 0 0 0)
(0 0 0 0 0 0 0 0 0)
(0 0 0 0 0 0 0 0 0)
(0 0 0 0 0 0 0 0 0)
(0 0 0 0 0 0 0 0 0)
(0 0 0 0 0 0 0 0 0)
(0 0 0 0 0 0 0 0 0)
(0 0 0 0 0 0 0 0 0)
(0 0 0 0 0 0 0 0 0)
(0 0 0 0 0 0 0 0 0)
(0 0 0 0 0 0 0 0 0)
(0 0 0 0 0 0 0 0 0)
(0 0 0 0 0 0 0 0 0)
(0 0 0 0 0 0 0 0 0)
(0 0 0 0 0 0 0 0 0)
(0 0 0 0 0 0 0 0 0)
(0 0 0 0 0 0 0 0 0)
(0 0 0 0 0 0 0 0 0)
(0 0 0 0 0 0 0 0 0)
(0 0 0 0 0 0 0 0 0)
(0 0 0 0 0 0 0 0 0)
(0 0 0 0 0 0 0 0 0)
(0 0 0 0 0 0 0 0 0)
(0 0 0 0 0 0 0 0 0)
(0 0 0 0 0 0 0 0 0)
(0 0 0 0 0 0 0 0 0)
(0 0 0 0 0 0 0 0 0)
(0 0 0 0 0 0 0 0 0)
(0 0 0 0 0 0 0 0 0)
(0 0 0 0 0 0 0 0 0)
(0 0 0 0 0 0 0 0 0)
(0 0 0 0 0 0 0 0 0)
(0 0 0 0 0 0 0 0 0)
(0 0 0 0 0 0 0 0 0)
(0 0 0 0 0 0 0 0 0)
(0 0 0 0 0 0 0 0 0)
(0 0 0 0 0 0 0 0 0)
(0 0 0 0 0 0 0 0 0)
(0 0 0 0 0 0 0 0 0)
(0 0 0 0 0 0 0 0 0)
(0 0 0 0 0 0 0 0 0)
(0 0 0 0 0 0 0 0 0)
(0 0 0 0 0 0 0 0 0)
(0 0 0 0 0 0 0 0 0)
(0 0 0 0 0 0 0 0 0)
(0 0 0 0 0 0 0 0 0)
(0 0 0 0 0 0 0 0 0)
(0 0 0 0 0 0 0 0 0)
(0 0 0 0 0 0 0 0 0)
(0 0 0 0 0 0 0 0 0)
(0 0 0 0 0 0 0 0 0)
(0 0 0 0 0 0 0 0 0)
(0 0 0 0 0 0 0 0 0)
(0 0 0 0 0 0 0 0 0)
(0 0 0 0 0 0 0 0 0)
(0 0 0 0 0 0 0 0 0)
(0 0 0 0 0 0 0 0 0)
(0 0 0 0 0 0 0 0 0)
(0 0 0 0 0 0 0 0 0)
(0 0 0 0 0 0 0 0 0)
(0 0 0 0 0 0 0 0 0)
(0 0 0 0 0 0 0 0 0)
(0 0 0 0 0 0 0 0 0)
(0 0 0 0 0 0 0 0 0)
(0 0 0 0 0 0 0 0 0)
(0 0 0 0 0 0 0 0 0)
(0 0 0 0 0 0 0 0 0)
(0 0 0 0 0 0 0 0 0)
(0 0 0 0 0 0 0 0 0)
(0 0 0 0 0 0 0 0 0)
(0 0 0 0 0 0 0 0 0)
(0 0 0 0 0 0 0 0 0)
(0 0 0 0 0 0 0 0 0)
(0 0 0 0 0 0 0 0 0)
(0 0 0 0 0 0 0 0 0)
(0 0 0 0 0 0 0 0 0)
(0 0 0 0 0 0 0 0 0)
(0 0 0 0 0 0 0 0 0)
(0 0 0 0 0 0 0 0 0)
(0 0 0 0 0 0 0 0 0)
(0 0 0 0 0 0 0 0 0)
(0 0 0 0 0 0 0 0 0)
(0 0 0 0 0 0 0 0 0)
(0 0 0 0 0 0 0 0 0)
(0 0 0 0 0 0 0 0 0)
(0 0 0 0 0 0 0 0 0)
(0 0 0 0 0 0 0 0 0)
(0 0 0 0 0 0 0 0 0)
(0 0 0 0 0 0 0 0 0)
(0 0 0 0 0 0 0 0 0)
(0 0 0 0 0 0 0 0 0)
(0 0 0 0 0 0 0 0 0)
(0 0 0 0 0 0 0 0 0)
(0 0 0 0 0 0 0 0 0)
(0 0 0 0 0 0 0 0 0)
(0 0 0 0 0 0 0 0 0)
(0 0 0 0 0 0 0 0 0)
(0 0 0 0 0 0 0 0 0)
(0 0 0 0 0 0 0 0 0)
(0 0 0 0 0 0 0 0 0)
(0 0 0 0 0 0 0 0 0)
(0 0 0 0 0 0 0 0 0)
(0 0 0 0 0 0 0 0 0)
(0 0 0 0 0 0 0 0 0)
(0 0 0 0 0 0 0 0 0)
(0 0 0 0 0 0 0 0 0)
(0 0 0 0 0 0 0 0 0)
(0 0 0 0 0 0 0 0 0)
(0 0 0 0 0 0 0 0 0)
(0 0 0 0 0 0 0 0 0)
(0 0 0 0 0 0 0 0 0)
(0 0 0 0 0 0 0 0 0)
(0 0 0 0 0 0 0 0 0)
(0 0 0 0 0 0 0 0 0)
(0 0 0 0 0 0 0 0 0)
(0 0 0 0 0 0 0 0 0)
(0 0 0 0 0 0 0 0 0)
(0 0 0 0 0 0 0 0 0)
(0 0 0 0 0 0 0 0 0)
(0 0 0 0 0 0 0 0 0)
(0 0 0 0 0 0 0 0 0)
(0 0 0 0 0 0 0 0 0)
(0 0 0 0 0 0 0 0 0)
(0 0 0 0 0 0 0 0 0)
(0 0 0 0 0 0 0 0 0)
(0 0 0 0 0 0 0 0 0)
(0 0 0 0 0 0 0 0 0)
(0 0 0 0 0 0 0 0 0)
(0 0 0 0 0 0 0 0 0)
(0 0 0 0 0 0 0 0 0)
(0 0 0 0 0 0 0 0 0)
(0 0 0 0 0 0 0 0 0)
(0 0 0 0 0 0 0 0 0)
(0 0 0 0 0 0 0 0 0)
(0 0 0 0 0 0 0 0 0)
(0 0 0 0 0 0 0 0 0)
(0 0 0 0 0 0 0 0 0)
(0 0 0 0 0 0 0 0 0)
(0 0 0 0 0 0 0 0 0)
(0 0 0 0 0 0 0 0 0)
(0 0 0 0 0 0 0 0 0)
(0 0 0 0 0 0 0 0 0)
(0 0 0 0 0 0 0 0 0)
(0 0 0 0 0 0 0 0 0)
(0 0 0 0 0 0 0 0 0)
(0 0 0 0 0 0 0 0 0)
(0 0 0 0 0 0 0 0 0)
(0 0 0 0 0 0 0 0 0)
(0 0 0 0 0 0 0 0 0)
(0 0 0 0 0 0 0 0 0)
(0 0 0 0 0 0 0 0 0)
(0 0 0 0 0 0 0 0 0)
(0 0 0 0 0 0 0 0 0)
(0 0 0 0 0 0 0 0 0)
(0 0 0 0 0 0 0 0 0)
(0 0 0 0 0 0 0 0 0)
(0 0 0 0 0 0 0 0 0)
(0 0 0 0 0 0 0 0 0)
(0 0 0 0 0 0 0 0 0)
(0 0 0 0 0 0 0 0 0)
(0 0 0 0 0 0 0 0 0)
(0 0 0 0 0 0 0 0 0)
(0 0 0 0 0 0 0 0 0)
(0 0 0 0 0 0 0 0 0)
(0 0 0 0 0 0 0 0 0)
(0 0 0 0 0 0 0 0 0)
(0 0 0 0 0 0 0 0 0)
(0 0 0 0 0 0 0 0 0)
(0 0 0 0 0 0 0 0 0)
(0 0 0 0 0 0 0 0 0)
(0 0 0 0 0 0 0 0 0)
(0 0 0 0 0 0 0 0 0)
(0 0 0 0 0 0 0 0 0)
(0 0 0 0 0 0 0 0 0)
(0 0 0 0 0 0 0 0 0)
(0 0 0 0 0 0 0 0 0)
(0 0 0 0 0 0 0 0 0)
(0 0 0 0 0 0 0 0 0)
(0 0 0 0 0 0 0 0 0)
(0 0 0 0 0 0 0 0 0)
(0 0 0 0 0 0 0 0 0)
(0 0 0 0 0 0 0 0 0)
(0 0 0 0 0 0 0 0 0)
(0 0 0 0 0 0 0 0 0)
(0 0 0 0 0 0 0 0 0)
(0 0 0 0 0 0 0 0 0)
(0 0 0 0 0 0 0 0 0)
(0 0 0 0 0 0 0 0 0)
(0 0 0 0 0 0 0 0 0)
(0 0 0 0 0 0 0 0 0)
(0 0 0 0 0 0 0 0 0)
(0 0 0 0 0 0 0 0 0)
(0 0 0 0 0 0 0 0 0)
(0 0 0 0 0 0 0 0 0)
(0 0 0 0 0 0 0 0 0)
(0 0 0 0 0 0 0 0 0)
(0 0 0 0 0 0 0 0 0)
(0 0 0 0 0 0 0 0 0)
(0 0 0 0 0 0 0 0 0)
(0 0 0 0 0 0 0 0 0)
(0 0 0 0 0 0 0 0 0)
(0 0 0 0 0 0 0 0 0)
(0 0 0 0 0 0 0 0 0)
(0 0 0 0 0 0 0 0 0)
(0 0 0 0 0 0 0 0 0)
(0 0 0 0 0 0 0 0 0)
(0 0 0 0 0 0 0 0 0)
(0 0 0 0 0 0 0 0 0)
(0 0 0 0 0 0 0 0 0)
(0 0 0 0 0 0 0 0 0)
(0 0 0 0 0 0 0 0 0)
(0 0 0 0 0 0 0 0 0)
(0 0 0 0 0 0 0 0 0)
(0 0 0 0 0 0 0 0 0)
(0 0 0 0 0 0 0 0 0)
(0 0 0 0 0 0 0 0 0)
(0 0 0 0 0 0 0 0 0)
(0 0 0 0 0 0 0 0 0)
(0 0 0 0 0 0 0 0 0)
(0 0 0 0 0 0 0 0 0)
(0 0 0 0 0 0 0 0 0)
(0 0 0 0 0 0 0 0 0)
(0 0 0 0 0 0 0 0 0)
(0 0 0 0 0 0 0 0 0)
(0 0 0 0 0 0 0 0 0)
(0 0 0 0 0 0 0 0 0)
(0 0 0 0 0 0 0 0 0)
(0 0 0 0 0 0 0 0 0)
(0 0 0 0 0 0 0 0 0)
(0 0 0 0 0 0 0 0 0)
(0 0 0 0 0 0 0 0 0)
(0 0 0 0 0 0 0 0 0)
(0 0 0 0 0 0 0 0 0)
(0 0 0 0 0 0 0 0 0)
(0 0 0 0 0 0 0 0 0)
(0 0 0 0 0 0 0 0 0)
(0 0 0 0 0 0 0 0 0)
(0 0 0 0 0 0 0 0 0)
(0 0 0 0 0 0 0 0 0)
(0 0 0 0 0 0 0 0 0)
(0 0 0 0 0 0 0 0 0)
(0 0 0 0 0 0 0 0 0)
(0 0 0 0 0 0 0 0 0)
(0 0 0 0 0 0 0 0 0)
(0 0 0 0 0 0 0 0 0)
(0 0 0 0 0 0 0 0 0)
(0 0 0 0 0 0 0 0 0)
(0 0 0 0 0 0 0 0 0)
(0 0 0 0 0 0 0 0 0)
(0 0 0 0 0 0 0 0 0)
(0 0 0 0 0 0 0 0 0)
(0 0 0 0 0 0 0 0 0)
(0 0 0 0 0 0 0 0 0)
(0 0 0 0 0 0 0 0 0)
(0 0 0 0 0 0 0 0 0)
(0 0 0 0 0 0 0 0 0)
(0 0 0 0 0 0 0 0 0)
(0 0 0 0 0 0 0 0 0)
(0 0 0 0 0 0 0 0 0)
(0 0 0 0 0 0 0 0 0)
(0 0 0 0 0 0 0 0 0)
(0 0 0 0 0 0 0 0 0)
(0 0 0 0 0 0 0 0 0)
(0 0 0 0 0 0 0 0 0)
(0 0 0 0 0 0 0 0 0)
(0 0 0 0 0 0 0 0 0)
(0 0 0 0 0 0 0 0 0)
(0 0 0 0 0 0 0 0 0)
(0 0 0 0 0 0 0 0 0)
(0 0 0 0 0 0 0 0 0)
(0 0 0 0 0 0 0 0 0)
(0 0 0 0 0 0 0 0 0)
(0 0 0 0 0 0 0 0 0)
(0 0 0 0 0 0 0 0 0)
(0 0 0 0 0 0 0 0 0)
(0 0 0 0 0 0 0 0 0)
(0 0 0 0 0 0 0 0 0)
(0 0 0 0 0 0 0 0 0)
(0 0 0 0 0 0 0 0 0)
(0 0 0 0 0 0 0 0 0)
(0 0 0 0 0 0 0 0 0)
(0 0 0 0 0 0 0 0 0)
(0 0 0 0 0 0 0 0 0)
(0 0 0 0 0 0 0 0 0)
(0 0 0 0 0 0 0 0 0)
(0 0 0 0 0 0 0 0 0)
(0 0 0 0 0 0 0 0 0)
(0 0 0 0 0 0 0 0 0)
(0 0 0 0 0 0 0 0 0)
(0 0 0 0 0 0 0 0 0)
(0 0 0 0 0 0 0 0 0)
(0 0 0 0 0 0 0 0 0)
(0 0 0 0 0 0 0 0 0)
(0 0 0 0 0 0 0 0 0)
(0 0 0 0 0 0 0 0 0)
(0 0 0 0 0 0 0 0 0)
(0 0 0 0 0 0 0 0 0)
(0 0 0 0 0 0 0 0 0)
(0 0 0 0 0 0 0 0 0)
(0 0 0 0 0 0 0 0 0)
(0 0 0 0 0 0 0 0 0)
(0 0 0 0 0 0 0 0 0)
(0 0 0 0 0 0 0 0 0)
(0 0 0 0 0 0 0 0 0)
(0 0 0 0 0 0 0 0 0)
(0 0 0 0 0 0 0 0 0)
(0 0 0 0 0 0 0 0 0)
(0 0 0 0 0 0 0 0 0)
(0 0 0 0 0 0 0 0 0)
(0 0 0 0 0 0 0 0 0)
(0 0 0 0 0 0 0 0 0)
(0 0 0 0 0 0 0 0 0)
(0 0 0 0 0 0 0 0 0)
(0 0 0 0 0 0 0 0 0)
(0 0 0 0 0 0 0 0 0)
(0 0 0 0 0 0 0 0 0)
(0 0 0 0 0 0 0 0 0)
(0 0 0 0 0 0 0 0 0)
(0 0 0 0 0 0 0 0 0)
(0 0 0 0 0 0 0 0 0)
(0 0 0 0 0 0 0 0 0)
(0 0 0 0 0 0 0 0 0)
(0 0 0 0 0 0 0 0 0)
(0 0 0 0 0 0 0 0 0)
(0 0 0 0 0 0 0 0 0)
(0 0 0 0 0 0 0 0 0)
(0 0 0 0 0 0 0 0 0)
(0 0 0 0 0 0 0 0 0)
(0 0 0 0 0 0 0 0 0)
(0 0 0 0 0 0 0 0 0)
(0 0 0 0 0 0 0 0 0)
(0 0 0 0 0 0 0 0 0)
(0 0 0 0 0 0 0 0 0)
(0 0 0 0 0 0 0 0 0)
(0 0 0 0 0 0 0 0 0)
(0 0 0 0 0 0 0 0 0)
(0 0 0 0 0 0 0 0 0)
(0 0 0 0 0 0 0 0 0)
(0 0 0 0 0 0 0 0 0)
(0 0 0 0 0 0 0 0 0)
(0 0 0 0 0 0 0 0 0)
(0 0 0 0 0 0 0 0 0)
(0 0 0 0 0 0 0 0 0)
(0 0 0 0 0 0 0 0 0)
(0 0 0 0 0 0 0 0 0)
(0 0 0 0 0 0 0 0 0)
(0 0 0 0 0 0 0 0 0)
(0 0 0 0 0 0 0 0 0)
(0 0 0 0 0 0 0 0 0)
(0 0 0 0 0 0 0 0 0)
(0 0 0 0 0 0 0 0 0)
(0 0 0 0 0 0 0 0 0)
(0 0 0 0 0 0 0 0 0)
(0 0 0 0 0 0 0 0 0)
(0 0 0 0 0 0 0 0 0)
(0 0 0 0 0 0 0 0 0)
(0 0 0 0 0 0 0 0 0)
(0 0 0 0 0 0 0 0 0)
(0 0 0 0 0 0 0 0 0)
(0 0 0 0 0 0 0 0 0)
(0 0 0 0 0 0 0 0 0)
(0 0 0 0 0 0 0 0 0)
(0 0 0 0 0 0 0 0 0)
(0 0 0 0 0 0 0 0 0)
(0 0 0 0 0 0 0 0 0)
(0 0 0 0 0 0 0 0 0)
(0 0 0 0 0 0 0 0 0)
(0 0 0 0 0 0 0 0 0)
(0 0 0 0 0 0 0 0 0)
(0 0 0 0 0 0 0 0 0)
(0 0 0 0 0 0 0 0 0)
(0 0 0 0 0 0 0 0 0)
(0 0 0 0 0 0 0 0 0)
(0 0 0 0 0 0 0 0 0)
(0 0 0 0 0 0 0 0 0)
(0 0 0 0 0 0 0 0 0)
(0 0 0 0 0 0 0 0 0)
(0 0 0 0 0 0 0 0 0)
(0 0 0 0 0 0 0 0 0)
(0 0 0 0 0 0 0 0 0)
(0 0 0 0 0 0 0 0 0)
(0 0 0 0 0 0 0 0 0)
(0 0 0 0 0 0 0 0 0)
(0 0 0 0 0 0 0 0 0)
(0 0 0 0 0 0 0 0 0)
(0 0 0 0 0 0 0 0 0)
(0 0 0 0 0 0 0 0 0)
(0 0 0 0 0 0 0 0 0)
(0 0 0 0 0 0 0 0 0)
(0 0 0 0 0 0 0 0 0)
(0 0 0 0 0 0 0 0 0)
(0 0 0 0 0 0 0 0 0)
(0 0 0 0 0 0 0 0 0)
(0 0 0 0 0 0 0 0 0)
(0 0 0 0 0 0 0 0 0)
(0 0 0 0 0 0 0 0 0)
(0 0 0 0 0 0 0 0 0)
(0 0 0 0 0 0 0 0 0)
(0 0 0 0 0 0 0 0 0)
(0 0 0 0 0 0 0 0 0)
(0 0 0 0 0 0 0 0 0)
(0 0 0 0 0 0 0 0 0)
(0 0 0 0 0 0 0 0 0)
(0 0 0 0 0 0 0 0 0)
(0 0 0 0 0 0 0 0 0)
(0 0 0 0 0 0 0 0 0)
(0 0 0 0 0 0 0 0 0)
(0 0 0 0 0 0 0 0 0)
(0 0 0 0 0 0 0 0 0)
(0 0 0 0 0 0 0 0 0)
(0 0 0 0 0 0 0 0 0)
(0 0 0 0 0 0 0 0 0)
(0 0 0 0 0 0 0 0 0)
(0 0 0 0 0 0 0 0 0)
(0 0 0 0 0 0 0 0 0)
(0 0 0 0 0 0 0 0 0)
(0 0 0 0 0 0 0 0 0)
(0 0 0 0 0 0 0 0 0)
(0 0 0 0 0 0 0 0 0)
(0 0 0 0 0 0 0 0 0)
(0 0 0 0 0 0 0 0 0)
(0 0 0 0 0 0 0 0 0)
(0 0 0 0 0 0 0 0 0)
(0 0 0 0 0 0 0 0 0)
(0 0 0 0 0 0 0 0 0)
(0 0 0 0 0 0 0 0 0)
(0 0 0 0 0 0 0 0 0)
(0 0 0 0 0 0 0 0 0)
(0 0 0 0 0 0 0 0 0)
(0 0 0 0 0 0 0 0 0)
(0 0 0 0 0 0 0 0 0)
(0 0 0 0 0 0 0 0 0)
(0 0 0 0 0 0 0 0 0)
(0 0 0 0 0 0 0 0 0)
(0 0 0 0 0 0 0 0 0)
(0 0 0 0 0 0 0 0 0)
(0 0 0 0 0 0 0 0 0)
(0 0 0 0 0 0 0 0 0)
(0 0 0 0 0 0 0 0 0)
(0 0 0 0 0 0 0 0 0)
(0 0 0 0 0 0 0 0 0)
(0 0 0 0 0 0 0 0 0)
(0 0 0 0 0 0 0 0 0)
(0 0 0 0 0 0 0 0 0)
(0 0 0 0 0 0 0 0 0)
(0 0 0 0 0 0 0 0 0)
(0 0 0 0 0 0 0 0 0)
(0 0 0 0 0 0 0 0 0)
(0 0 0 0 0 0 0 0 0)
(0 0 0 0 0 0 0 0 0)
(0 0 0 0 0 0 0 0 0)
(0 0 0 0 0 0 0 0 0)
(0 0 0 0 0 0 0 0 0)
(0 0 0 0 0 0 0 0 0)
(0 0 0 0 0 0 0 0 0)
(0 0 0 0 0 0 0 0 0)
(0 0 0 0 0 0 0 0 0)
(0 0 0 0 0 0 0 0 0)
(0 0 0 0 0 0 0 0 0)
(0 0 0 0 0 0 0 0 0)
(0 0 0 0 0 0 0 0 0)
(0 0 0 0 0 0 0 0 0)
(0 0 0 0 0 0 0 0 0)
(0 0 0 0 0 0 0 0 0)
(0 0 0 0 0 0 0 0 0)
(0 0 0 0 0 0 0 0 0)
(0 0 0 0 0 0 0 0 0)
(0 0 0 0 0 0 0 0 0)
(0 0 0 0 0 0 0 0 0)
(0 0 0 0 0 0 0 0 0)
(0 0 0 0 0 0 0 0 0)
(0 0 0 0 0 0 0 0 0)
(0 0 0 0 0 0 0 0 0)
(0 0 0 0 0 0 0 0 0)
(0 0 0 0 0 0 0 0 0)
(0 0 0 0 0 0 0 0 0)
(0 0 0 0 0 0 0 0 0)
(0 0 0 0 0 0 0 0 0)
(0 0 0 0 0 0 0 0 0)
(0 0 0 0 0 0 0 0 0)
(0 0 0 0 0 0 0 0 0)
(0 0 0 0 0 0 0 0 0)
(0 0 0 0 0 0 0 0 0)
(0 0 0 0 0 0 0 0 0)
(0 0 0 0 0 0 0 0 0)
(0 0 0 0 0 0 0 0 0)
(0 0 0 0 0 0 0 0 0)
(0 0 0 0 0 0 0 0 0)
(0 0 0 0 0 0 0 0 0)
(0 0 0 0 0 0 0 0 0)
(0 0 0 0 0 0 0 0 0)
(0 0 0 0 0 0 0 0 0)
(0 0 0 0 0 0 0 0 0)
(0 0 0 0 0 0 0 0 0)
(0 0 0 0 0 0 0 0 0)
(0 0 0 0 0 0 0 0 0)
(0 0 0 0 0 0 0 0 0)
(0 0 0 0 0 0 0 0 0)
(0 0 0 0 0 0 0 0 0)
(0 0 0 0 0 0 0 0 0)
(0 0 0 0 0 0 0 0 0)
(0 0 0 0 0 0 0 0 0)
(0 0 0 0 0 0 0 0 0)
(0 0 0 0 0 0 0 0 0)
(0 0 0 0 0 0 0 0 0)
(0 0 0 0 0 0 0 0 0)
(0 0 0 0 0 0 0 0 0)
(0 0 0 0 0 0 0 0 0)
(0 0 0 0 0 0 0 0 0)
(0 0 0 0 0 0 0 0 0)
(0 0 0 0 0 0 0 0 0)
(0 0 0 0 0 0 0 0 0)
(0 0 0 0 0 0 0 0 0)
(0 0 0 0 0 0 0 0 0)
(0 0 0 0 0 0 0 0 0)
(0 0 0 0 0 0 0 0 0)
(0 0 0 0 0 0 0 0 0)
(0 0 0 0 0 0 0 0 0)
(0 0 0 0 0 0 0 0 0)
(0 0 0 0 0 0 0 0 0)
(0 0 0 0 0 0 0 0 0)
(0 0 0 0 0 0 0 0 0)
(0 0 0 0 0 0 0 0 0)
(0 0 0 0 0 0 0 0 0)
(0 0 0 0 0 0 0 0 0)
(0 0 0 0 0 0 0 0 0)
(0 0 0 0 0 0 0 0 0)
(0 0 0 0 0 0 0 0 0)
(0 0 0 0 0 0 0 0 0)
(0 0 0 0 0 0 0 0 0)
(0 0 0 0 0 0 0 0 0)
(0 0 0 0 0 0 0 0 0)
(0 0 0 0 0 0 0 0 0)
(0 0 0 0 0 0 0 0 0)
(0 0 0 0 0 0 0 0 0)
(0 0 0 0 0 0 0 0 0)
(0 0 0 0 0 0 0 0 0)
(0 0 0 0 0 0 0 0 0)
(0 0 0 0 0 0 0 0 0)
(0 0 0 0 0 0 0 0 0)
(0 0 0 0 0 0 0 0 0)
(0 0 0 0 0 0 0 0 0)
(0 0 0 0 0 0 0 0 0)
(0 0 0 0 0 0 0 0 0)
(0 0 0 0 0 0 0 0 0)
(0 0 0 0 0 0 0 0 0)
(0 0 0 0 0 0 0 0 0)
(0 0 0 0 0 0 0 0 0)
(0 0 0 0 0 0 0 0 0)
(0 0 0 0 0 0 0 0 0)
(0 0 0 0 0 0 0 0 0)
(0 0 0 0 0 0 0 0 0)
(0 0 0 0 0 0 0 0 0)
(0 0 0 0 0 0 0 0 0)
(0 0 0 0 0 0 0 0 0)
(0 0 0 0 0 0 0 0 0)
(0 0 0 0 0 0 0 0 0)
(0 0 0 0 0 0 0 0 0)
(0 0 0 0 0 0 0 0 0)
(0 0 0 0 0 0 0 0 0)
(0 0 0 0 0 0 0 0 0)
(0 0 0 0 0 0 0 0 0)
(0 0 0 0 0 0 0 0 0)
(0 0 0 0 0 0 0 0 0)
(0 0 0 0 0 0 0 0 0)
(0 0 0 0 0 0 0 0 0)
(0 0 0 0 0 0 0 0 0)
(0 0 0 0 0 0 0 0 0)
(0 0 0 0 0 0 0 0 0)
(0 0 0 0 0 0 0 0 0)
(0 0 0 0 0 0 0 0 0)
(0 0 0 0 0 0 0 0 0)
(0 0 0 0 0 0 0 0 0)
(0 0 0 0 0 0 0 0 0)
(0 0 0 0 0 0 0 0 0)
(0 0 0 0 0 0 0 0 0)
(0 0 0 0 0 0 0 0 0)
(0 0 0 0 0 0 0 0 0)
(0 0 0 0 0 0 0 0 0)
(0 0 0 0 0 0 0 0 0)
(0 0 0 0 0 0 0 0 0)
(0 0 0 0 0 0 0 0 0)
(0 0 0 0 0 0 0 0 0)
(0 0 0 0 0 0 0 0 0)
(0 0 0 0 0 0 0 0 0)
(0 0 0 0 0 0 0 0 0)
(0 0 0 0 0 0 0 0 0)
(0 0 0 0 0 0 0 0 0)
(0 0 0 0 0 0 0 0 0)
(0 0 0 0 0 0 0 0 0)
(0 0 0 0 0 0 0 0 0)
(0 0 0 0 0 0 0 0 0)
(0 0 0 0 0 0 0 0 0)
(0 0 0 0 0 0 0 0 0)
(0 0 0 0 0 0 0 0 0)
(0 0 0 0 0 0 0 0 0)
(0 0 0 0 0 0 0 0 0)
(0 0 0 0 0 0 0 0 0)
(0 0 0 0 0 0 0 0 0)
(0 0 0 0 0 0 0 0 0)
(0 0 0 0 0 0 0 0 0)
(0 0 0 0 0 0 0 0 0)
(0 0 0 0 0 0 0 0 0)
(0 0 0 0 0 0 0 0 0)
(0 0 0 0 0 0 0 0 0)
(0 0 0 0 0 0 0 0 0)
(0 0 0 0 0 0 0 0 0)
(0 0 0 0 0 0 0 0 0)
(0 0 0 0 0 0 0 0 0)
(0 0 0 0 0 0 0 0 0)
(0 0 0 0 0 0 0 0 0)
(0 0 0 0 0 0 0 0 0)
(0 0 0 0 0 0 0 0 0)
(0 0 0 0 0 0 0 0 0)
(0 0 0 0 0 0 0 0 0)
(0 0 0 0 0 0 0 0 0)
(0 0 0 0 0 0 0 0 0)
(0 0 0 0 0 0 0 0 0)
(0 0 0 0 0 0 0 0 0)
(0 0 0 0 0 0 0 0 0)
(0 0 0 0 0 0 0 0 0)
(0 0 0 0 0 0 0 0 0)
(0 0 0 0 0 0 0 0 0)
(0 0 0 0 0 0 0 0 0)
(0 0 0 0 0 0 0 0 0)
(0 0 0 0 0 0 0 0 0)
(0 0 0 0 0 0 0 0 0)
(0 0 0 0 0 0 0 0 0)
(0 0 0 0 0 0 0 0 0)
(0 0 0 0 0 0 0 0 0)
(0 0 0 0 0 0 0 0 0)
(0 0 0 0 0 0 0 0 0)
(0 0 0 0 0 0 0 0 0)
(0 0 0 0 0 0 0 0 0)
(0 0 0 0 0 0 0 0 0)
(0 0 0 0 0 0 0 0 0)
(0 0 0 0 0 0 0 0 0)
(0 0 0 0 0 0 0 0 0)
(0 0 0 0 0 0 0 0 0)
(0 0 0 0 0 0 0 0 0)
(0 0 0 0 0 0 0 0 0)
(0 0 0 0 0 0 0 0 0)
(0 0 0 0 0 0 0 0 0)
(0 0 0 0 0 0 0 0 0)
(0 0 0 0 0 0 0 0 0)
(0 0 0 0 0 0 0 0 0)
(0 0 0 0 0 0 0 0 0)
(0 0 0 0 0 0 0 0 0)
(0 0 0 0 0 0 0 0 0)
(0 0 0 0 0 0 0 0 0)
(0 0 0 0 0 0 0 0 0)
(0 0 0 0 0 0 0 0 0)
(0 0 0 0 0 0 0 0 0)
(0 0 0 0 0 0 0 0 0)
(0 0 0 0 0 0 0 0 0)
(0 0 0 0 0 0 0 0 0)
(0 0 0 0 0 0 0 0 0)
(0 0 0 0 0 0 0 0 0)
(0 0 0 0 0 0 0 0 0)
(0 0 0 0 0 0 0 0 0)
(0 0 0 0 0 0 0 0 0)
(0 0 0 0 0 0 0 0 0)
(0 0 0 0 0 0 0 0 0)
(0 0 0 0 0 0 0 0 0)
(0 0 0 0 0 0 0 0 0)
(0 0 0 0 0 0 0 0 0)
(0 0 0 0 0 0 0 0 0)
(0 0 0 0 0 0 0 0 0)
(0 0 0 0 0 0 0 0 0)
(0 0 0 0 0 0 0 0 0)
(0 0 0 0 0 0 0 0 0)
(0 0 0 0 0 0 0 0 0)
(0 0 0 0 0 0 0 0 0)
(0 0 0 0 0 0 0 0 0)
(0 0 0 0 0 0 0 0 0)
(0 0 0 0 0 0 0 0 0)
(0 0 0 0 0 0 0 0 0)
(0 0 0 0 0 0 0 0 0)
(0 0 0 0 0 0 0 0 0)
(0 0 0 0 0 0 0 0 0)
(0 0 0 0 0 0 0 0 0)
(0 0 0 0 0 0 0 0 0)
(0 0 0 0 0 0 0 0 0)
(0 0 0 0 0 0 0 0 0)
(0 0 0 0 0 0 0 0 0)
(0 0 0 0 0 0 0 0 0)
(0 0 0 0 0 0 0 0 0)
(0 0 0 0 0 0 0 0 0)
(0 0 0 0 0 0 0 0 0)
(0 0 0 0 0 0 0 0 0)
(0 0 0 0 0 0 0 0 0)
(0 0 0 0 0 0 0 0 0)
(0 0 0 0 0 0 0 0 0)
(0 0 0 0 0 0 0 0 0)
(0 0 0 0 0 0 0 0 0)
(0 0 0 0 0 0 0 0 0)
(0 0 0 0 0 0 0 0 0)
(0 0 0 0 0 0 0 0 0)
(0 0 0 0 0 0 0 0 0)
(0 0 0 0 0 0 0 0 0)
(0 0 0 0 0 0 0 0 0)
(0 0 0 0 0 0 0 0 0)
(0 0 0 0 0 0 0 0 0)
(0 0 0 0 0 0 0 0 0)
(0 0 0 0 0 0 0 0 0)
(0 0 0 0 0 0 0 0 0)
(0 0 0 0 0 0 0 0 0)
(0 0 0 0 0 0 0 0 0)
(0 0 0 0 0 0 0 0 0)
(0 0 0 0 0 0 0 0 0)
(0 0 0 0 0 0 0 0 0)
(0 0 0 0 0 0 0 0 0)
(0 0 0 0 0 0 0 0 0)
(0 0 0 0 0 0 0 0 0)
(0 0 0 0 0 0 0 0 0)
(0 0 0 0 0 0 0 0 0)
(0 0 0 0 0 0 0 0 0)
(0 0 0 0 0 0 0 0 0)
(0 0 0 0 0 0 0 0 0)
(0 0 0 0 0 0 0 0 0)
(0 0 0 0 0 0 0 0 0)
(0 0 0 0 0 0 0 0 0)
(0 0 0 0 0 0 0 0 0)
(0 0 0 0 0 0 0 0 0)
(0 0 0 0 0 0 0 0 0)
(0 0 0 0 0 0 0 0 0)
(0 0 0 0 0 0 0 0 0)
(0 0 0 0 0 0 0 0 0)
(0 0 0 0 0 0 0 0 0)
(0 0 0 0 0 0 0 0 0)
(0 0 0 0 0 0 0 0 0)
(0 0 0 0 0 0 0 0 0)
(0 0 0 0 0 0 0 0 0)
(0 0 0 0 0 0 0 0 0)
(0 0 0 0 0 0 0 0 0)
(0 0 0 0 0 0 0 0 0)
(0 0 0 0 0 0 0 0 0)
(0 0 0 0 0 0 0 0 0)
(0 0 0 0 0 0 0 0 0)
(0 0 0 0 0 0 0 0 0)
(0 0 0 0 0 0 0 0 0)
(0 0 0 0 0 0 0 0 0)
(0 0 0 0 0 0 0 0 0)
(0 0 0 0 0 0 0 0 0)
(0 0 0 0 0 0 0 0 0)
(0 0 0 0 0 0 0 0 0)
(0 0 0 0 0 0 0 0 0)
(0 0 0 0 0 0 0 0 0)
(0 0 0 0 0 0 0 0 0)
(0 0 0 0 0 0 0 0 0)
(0 0 0 0 0 0 0 0 0)
(0 0 0 0 0 0 0 0 0)
(0 0 0 0 0 0 0 0 0)
(0 0 0 0 0 0 0 0 0)
(0 0 0 0 0 0 0 0 0)
(0 0 0 0 0 0 0 0 0)
(0 0 0 0 0 0 0 0 0)
(0 0 0 0 0 0 0 0 0)
(0 0 0 0 0 0 0 0 0)
(0 0 0 0 0 0 0 0 0)
(0 0 0 0 0 0 0 0 0)
(0 0 0 0 0 0 0 0 0)
(0 0 0 0 0 0 0 0 0)
(0 0 0 0 0 0 0 0 0)
(0 0 0 0 0 0 0 0 0)
(0 0 0 0 0 0 0 0 0)
(0 0 0 0 0 0 0 0 0)
(0 0 0 0 0 0 0 0 0)
(0 0 0 0 0 0 0 0 0)
(0 0 0 0 0 0 0 0 0)
(0 0 0 0 0 0 0 0 0)
(0 0 0 0 0 0 0 0 0)
(0 0 0 0 0 0 0 0 0)
(0 0 0 0 0 0 0 0 0)
(0 0 0 0 0 0 0 0 0)
(0 0 0 0 0 0 0 0 0)
(0 0 0 0 0 0 0 0 0)
(0 0 0 0 0 0 0 0 0)
(0 0 0 0 0 0 0 0 0)
(0 0 0 0 0 0 0 0 0)
(0 0 0 0 0 0 0 0 0)
(0 0 0 0 0 0 0 0 0)
(0 0 0 0 0 0 0 0 0)
(0 0 0 0 0 0 0 0 0)
(0 0 0 0 0 0 0 0 0)
(0 0 0 0 0 0 0 0 0)
(0 0 0 0 0 0 0 0 0)
(0 0 0 0 0 0 0 0 0)
(0 0 0 0 0 0 0 0 0)
(0 0 0 0 0 0 0 0 0)
(0 0 0 0 0 0 0 0 0)
(0 0 0 0 0 0 0 0 0)
(0 0 0 0 0 0 0 0 0)
(0 0 0 0 0 0 0 0 0)
(0 0 0 0 0 0 0 0 0)
(0 0 0 0 0 0 0 0 0)
(0 0 0 0 0 0 0 0 0)
(0 0 0 0 0 0 0 0 0)
(0 0 0 0 0 0 0 0 0)
(0 0 0 0 0 0 0 0 0)
(0 0 0 0 0 0 0 0 0)
(0 0 0 0 0 0 0 0 0)
(0 0 0 0 0 0 0 0 0)
(0 0 0 0 0 0 0 0 0)
(0 0 0 0 0 0 0 0 0)
(0 0 0 0 0 0 0 0 0)
(0 0 0 0 0 0 0 0 0)
(0 0 0 0 0 0 0 0 0)
(0 0 0 0 0 0 0 0 0)
(0 0 0 0 0 0 0 0 0)
(0 0 0 0 0 0 0 0 0)
(0 0 0 0 0 0 0 0 0)
(0 0 0 0 0 0 0 0 0)
(0 0 0 0 0 0 0 0 0)
(0 0 0 0 0 0 0 0 0)
(0 0 0 0 0 0 0 0 0)
(0 0 0 0 0 0 0 0 0)
(0 0 0 0 0 0 0 0 0)
(0 0 0 0 0 0 0 0 0)
(0 0 0 0 0 0 0 0 0)
(0 0 0 0 0 0 0 0 0)
(0 0 0 0 0 0 0 0 0)
(0 0 0 0 0 0 0 0 0)
(0 0 0 0 0 0 0 0 0)
(0 0 0 0 0 0 0 0 0)
(0 0 0 0 0 0 0 0 0)
(0 0 0 0 0 0 0 0 0)
(0 0 0 0 0 0 0 0 0)
(0 0 0 0 0 0 0 0 0)
(0 0 0 0 0 0 0 0 0)
(0 0 0 0 0 0 0 0 0)
(0 0 0 0 0 0 0 0 0)
(0 0 0 0 0 0 0 0 0)
(0 0 0 0 0 0 0 0 0)
(0 0 0 0 0 0 0 0 0)
(0 0 0 0 0 0 0 0 0)
(0 0 0 0 0 0 0 0 0)
(0 0 0 0 0 0 0 0 0)
(0 0 0 0 0 0 0 0 0)
(0 0 0 0 0 0 0 0 0)
(0 0 0 0 0 0 0 0 0)
(0 0 0 0 0 0 0 0 0)
(0 0 0 0 0 0 0 0 0)
(0 0 0 0 0 0 0 0 0)
(0 0 0 0 0 0 0 0 0)
(0 0 0 0 0 0 0 0 0)
(0 0 0 0 0 0 0 0 0)
(0 0 0 0 0 0 0 0 0)
(0 0 0 0 0 0 0 0 0)
(0 0 0 0 0 0 0 0 0)
(0 0 0 0 0 0 0 0 0)
(0 0 0 0 0 0 0 0 0)
(0 0 0 0 0 0 0 0 0)
(0 0 0 0 0 0 0 0 0)
(0 0 0 0 0 0 0 0 0)
(0 0 0 0 0 0 0 0 0)
(0 0 0 0 0 0 0 0 0)
(0 0 0 0 0 0 0 0 0)
(0 0 0 0 0 0 0 0 0)
(0 0 0 0 0 0 0 0 0)
(0 0 0 0 0 0 0 0 0)
(0 0 0 0 0 0 0 0 0)
(0 0 0 0 0 0 0 0 0)
(0 0 0 0 0 0 0 0 0)
(0 0 0 0 0 0 0 0 0)
(0 0 0 0 0 0 0 0 0)
(0 0 0 0 0 0 0 0 0)
(0 0 0 0 0 0 0 0 0)
(0 0 0 0 0 0 0 0 0)
(0 0 0 0 0 0 0 0 0)
(0 0 0 0 0 0 0 0 0)
(0 0 0 0 0 0 0 0 0)
(0 0 0 0 0 0 0 0 0)
(0 0 0 0 0 0 0 0 0)
(0 0 0 0 0 0 0 0 0)
(0 0 0 0 0 0 0 0 0)
(0 0 0 0 0 0 0 0 0)
(0 0 0 0 0 0 0 0 0)
(0 0 0 0 0 0 0 0 0)
(0 0 0 0 0 0 0 0 0)
(0 0 0 0 0 0 0 0 0)
(0 0 0 0 0 0 0 0 0)
(0 0 0 0 0 0 0 0 0)
(0 0 0 0 0 0 0 0 0)
(0 0 0 0 0 0 0 0 0)
(0 0 0 0 0 0 0 0 0)
(0 0 0 0 0 0 0 0 0)
(0 0 0 0 0 0 0 0 0)
(0 0 0 0 0 0 0 0 0)
(0 0 0 0 0 0 0 0 0)
(0 0 0 0 0 0 0 0 0)
(0 0 0 0 0 0 0 0 0)
(0 0 0 0 0 0 0 0 0)
(0 0 0 0 0 0 0 0 0)
(0 0 0 0 0 0 0 0 0)
(0 0 0 0 0 0 0 0 0)
(0 0 0 0 0 0 0 0 0)
(0 0 0 0 0 0 0 0 0)
(0 0 0 0 0 0 0 0 0)
(0 0 0 0 0 0 0 0 0)
(0 0 0 0 0 0 0 0 0)
(0 0 0 0 0 0 0 0 0)
(0 0 0 0 0 0 0 0 0)
(0 0 0 0 0 0 0 0 0)
(0 0 0 0 0 0 0 0 0)
(0 0 0 0 0 0 0 0 0)
(0 0 0 0 0 0 0 0 0)
(0 0 0 0 0 0 0 0 0)
(0 0 0 0 0 0 0 0 0)
(0 0 0 0 0 0 0 0 0)
(0 0 0 0 0 0 0 0 0)
(0 0 0 0 0 0 0 0 0)
(0 0 0 0 0 0 0 0 0)
(0 0 0 0 0 0 0 0 0)
(0 0 0 0 0 0 0 0 0)
(0 0 0 0 0 0 0 0 0)
(0 0 0 0 0 0 0 0 0)
(0 0 0 0 0 0 0 0 0)
(0 0 0 0 0 0 0 0 0)
(0 0 0 0 0 0 0 0 0)
(0 0 0 0 0 0 0 0 0)
(0 0 0 0 0 0 0 0 0)
(0 0 0 0 0 0 0 0 0)
(0 0 0 0 0 0 0 0 0)
(0 0 0 0 0 0 0 0 0)
(0 0 0 0 0 0 0 0 0)
(0 0 0 0 0 0 0 0 0)
(0 0 0 0 0 0 0 0 0)
(0 0 0 0 0 0 0 0 0)
(0 0 0 0 0 0 0 0 0)
(0 0 0 0 0 0 0 0 0)
(0 0 0 0 0 0 0 0 0)
(0 0 0 0 0 0 0 0 0)
(0 0 0 0 0 0 0 0 0)
(0 0 0 0 0 0 0 0 0)
(0 0 0 0 0 0 0 0 0)
(0 0 0 0 0 0 0 0 0)
(0 0 0 0 0 0 0 0 0)
(0 0 0 0 0 0 0 0 0)
(0 0 0 0 0 0 0 0 0)
(0 0 0 0 0 0 0 0 0)
(0 0 0 0 0 0 0 0 0)
(0 0 0 0 0 0 0 0 0)
(0 0 0 0 0 0 0 0 0)
(0 0 0 0 0 0 0 0 0)
(0 0 0 0 0 0 0 0 0)
(0 0 0 0 0 0 0 0 0)
(0 0 0 0 0 0 0 0 0)
(0 0 0 0 0 0 0 0 0)
(0 0 0 0 0 0 0 0 0)
(0 0 0 0 0 0 0 0 0)
(0 0 0 0 0 0 0 0 0)
(0 0 0 0 0 0 0 0 0)
(0 0 0 0 0 0 0 0 0)
(0 0 0 0 0 0 0 0 0)
(0 0 0 0 0 0 0 0 0)
(0 0 0 0 0 0 0 0 0)
(0 0 0 0 0 0 0 0 0)
(0 0 0 0 0 0 0 0 0)
(0 0 0 0 0 0 0 0 0)
(0 0 0 0 0 0 0 0 0)
(0 0 0 0 0 0 0 0 0)
(0 0 0 0 0 0 0 0 0)
(0 0 0 0 0 0 0 0 0)
(0 0 0 0 0 0 0 0 0)
(0 0 0 0 0 0 0 0 0)
(0 0 0 0 0 0 0 0 0)
(0 0 0 0 0 0 0 0 0)
(0 0 0 0 0 0 0 0 0)
(0 0 0 0 0 0 0 0 0)
(0 0 0 0 0 0 0 0 0)
(0 0 0 0 0 0 0 0 0)
(0 0 0 0 0 0 0 0 0)
(0 0 0 0 0 0 0 0 0)
(0 0 0 0 0 0 0 0 0)
(0 0 0 0 0 0 0 0 0)
(0 0 0 0 0 0 0 0 0)
(0 0 0 0 0 0 0 0 0)
(0 0 0 0 0 0 0 0 0)
(0 0 0 0 0 0 0 0 0)
(0 0 0 0 0 0 0 0 0)
(0 0 0 0 0 0 0 0 0)
(0 0 0 0 0 0 0 0 0)
(0 0 0 0 0 0 0 0 0)
(0 0 0 0 0 0 0 0 0)
(0 0 0 0 0 0 0 0 0)
(0 0 0 0 0 0 0 0 0)
(0 0 0 0 0 0 0 0 0)
(0 0 0 0 0 0 0 0 0)
(0 0 0 0 0 0 0 0 0)
(0 0 0 0 0 0 0 0 0)
(0 0 0 0 0 0 0 0 0)
(0 0 0 0 0 0 0 0 0)
(0 0 0 0 0 0 0 0 0)
(0 0 0 0 0 0 0 0 0)
(0 0 0 0 0 0 0 0 0)
(0 0 0 0 0 0 0 0 0)
(0 0 0 0 0 0 0 0 0)
(0 0 0 0 0 0 0 0 0)
(0 0 0 0 0 0 0 0 0)
(0 0 0 0 0 0 0 0 0)
(0 0 0 0 0 0 0 0 0)
(0 0 0 0 0 0 0 0 0)
(0 0 0 0 0 0 0 0 0)
(0 0 0 0 0 0 0 0 0)
(0 0 0 0 0 0 0 0 0)
(0 0 0 0 0 0 0 0 0)
(0 0 0 0 0 0 0 0 0)
(0 0 0 0 0 0 0 0 0)
(0 0 0 0 0 0 0 0 0)
(0 0 0 0 0 0 0 0 0)
(0 0 0 0 0 0 0 0 0)
(0 0 0 0 0 0 0 0 0)
(0 0 0 0 0 0 0 0 0)
(0 0 0 0 0 0 0 0 0)
(0 0 0 0 0 0 0 0 0)
(0 0 0 0 0 0 0 0 0)
(0 0 0 0 0 0 0 0 0)
(0 0 0 0 0 0 0 0 0)
(0 0 0 0 0 0 0 0 0)
(0 0 0 0 0 0 0 0 0)
(0 0 0 0 0 0 0 0 0)
(0 0 0 0 0 0 0 0 0)
(0 0 0 0 0 0 0 0 0)
(0 0 0 0 0 0 0 0 0)
(0 0 0 0 0 0 0 0 0)
(0 0 0 0 0 0 0 0 0)
(0 0 0 0 0 0 0 0 0)
(0 0 0 0 0 0 0 0 0)
(0 0 0 0 0 0 0 0 0)
(0 0 0 0 0 0 0 0 0)
(0 0 0 0 0 0 0 0 0)
(0 0 0 0 0 0 0 0 0)
(0 0 0 0 0 0 0 0 0)
(0 0 0 0 0 0 0 0 0)
(0 0 0 0 0 0 0 0 0)
(0 0 0 0 0 0 0 0 0)
(0 0 0 0 0 0 0 0 0)
(0 0 0 0 0 0 0 0 0)
(0 0 0 0 0 0 0 0 0)
(0 0 0 0 0 0 0 0 0)
(0 0 0 0 0 0 0 0 0)
(0 0 0 0 0 0 0 0 0)
(0 0 0 0 0 0 0 0 0)
(0 0 0 0 0 0 0 0 0)
(0 0 0 0 0 0 0 0 0)
(0 0 0 0 0 0 0 0 0)
(0 0 0 0 0 0 0 0 0)
(0 0 0 0 0 0 0 0 0)
(0 0 0 0 0 0 0 0 0)
(0 0 0 0 0 0 0 0 0)
(0 0 0 0 0 0 0 0 0)
(0 0 0 0 0 0 0 0 0)
(0 0 0 0 0 0 0 0 0)
(0 0 0 0 0 0 0 0 0)
(0 0 0 0 0 0 0 0 0)
(0 0 0 0 0 0 0 0 0)
(0 0 0 0 0 0 0 0 0)
(0 0 0 0 0 0 0 0 0)
(0 0 0 0 0 0 0 0 0)
(0 0 0 0 0 0 0 0 0)
(0 0 0 0 0 0 0 0 0)
(0 0 0 0 0 0 0 0 0)
(0 0 0 0 0 0 0 0 0)
(0 0 0 0 0 0 0 0 0)
(0 0 0 0 0 0 0 0 0)
(0 0 0 0 0 0 0 0 0)
(0 0 0 0 0 0 0 0 0)
(0 0 0 0 0 0 0 0 0)
(0 0 0 0 0 0 0 0 0)
(0 0 0 0 0 0 0 0 0)
(0 0 0 0 0 0 0 0 0)
(0 0 0 0 0 0 0 0 0)
(0 0 0 0 0 0 0 0 0)
(0 0 0 0 0 0 0 0 0)
(0 0 0 0 0 0 0 0 0)
(0 0 0 0 0 0 0 0 0)
(0 0 0 0 0 0 0 0 0)
(0 0 0 0 0 0 0 0 0)
(0 0 0 0 0 0 0 0 0)
(0 0 0 0 0 0 0 0 0)
(0 0 0 0 0 0 0 0 0)
(0 0 0 0 0 0 0 0 0)
(0 0 0 0 0 0 0 0 0)
(0 0 0 0 0 0 0 0 0)
(0 0 0 0 0 0 0 0 0)
(0 0 0 0 0 0 0 0 0)
(0 0 0 0 0 0 0 0 0)
(0 0 0 0 0 0 0 0 0)
(0 0 0 0 0 0 0 0 0)
(0 0 0 0 0 0 0 0 0)
(0 0 0 0 0 0 0 0 0)
(0 0 0 0 0 0 0 0 0)
(0 0 0 0 0 0 0 0 0)
(0 0 0 0 0 0 0 0 0)
(0 0 0 0 0 0 0 0 0)
(0 0 0 0 0 0 0 0 0)
(0 0 0 0 0 0 0 0 0)
(0 0 0 0 0 0 0 0 0)
(0 0 0 0 0 0 0 0 0)
(0 0 0 0 0 0 0 0 0)
(0 0 0 0 0 0 0 0 0)
(0 0 0 0 0 0 0 0 0)
(0 0 0 0 0 0 0 0 0)
(0 0 0 0 0 0 0 0 0)
(0 0 0 0 0 0 0 0 0)
(0 0 0 0 0 0 0 0 0)
(0 0 0 0 0 0 0 0 0)
(0 0 0 0 0 0 0 0 0)
(0 0 0 0 0 0 0 0 0)
(0 0 0 0 0 0 0 0 0)
(0 0 0 0 0 0 0 0 0)
(0 0 0 0 0 0 0 0 0)
(0 0 0 0 0 0 0 0 0)
(0 0 0 0 0 0 0 0 0)
(0 0 0 0 0 0 0 0 0)
(0 0 0 0 0 0 0 0 0)
(0 0 0 0 0 0 0 0 0)
(0 0 0 0 0 0 0 0 0)
(0 0 0 0 0 0 0 0 0)
(0 0 0 0 0 0 0 0 0)
(0 0 0 0 0 0 0 0 0)
(0 0 0 0 0 0 0 0 0)
(0 0 0 0 0 0 0 0 0)
(0 0 0 0 0 0 0 0 0)
(0 0 0 0 0 0 0 0 0)
(0 0 0 0 0 0 0 0 0)
(0 0 0 0 0 0 0 0 0)
(0 0 0 0 0 0 0 0 0)
(0 0 0 0 0 0 0 0 0)
(0 0 0 0 0 0 0 0 0)
(0 0 0 0 0 0 0 0 0)
(0 0 0 0 0 0 0 0 0)
(0 0 0 0 0 0 0 0 0)
(0 0 0 0 0 0 0 0 0)
(0 0 0 0 0 0 0 0 0)
(0 0 0 0 0 0 0 0 0)
(0 0 0 0 0 0 0 0 0)
(0 0 0 0 0 0 0 0 0)
(0 0 0 0 0 0 0 0 0)
(0 0 0 0 0 0 0 0 0)
(0 0 0 0 0 0 0 0 0)
(0 0 0 0 0 0 0 0 0)
(0 0 0 0 0 0 0 0 0)
(0 0 0 0 0 0 0 0 0)
(0 0 0 0 0 0 0 0 0)
(0 0 0 0 0 0 0 0 0)
(0 0 0 0 0 0 0 0 0)
(0 0 0 0 0 0 0 0 0)
(0 0 0 0 0 0 0 0 0)
(0 0 0 0 0 0 0 0 0)
(0 0 0 0 0 0 0 0 0)
(0 0 0 0 0 0 0 0 0)
(0 0 0 0 0 0 0 0 0)
(0 0 0 0 0 0 0 0 0)
(0 0 0 0 0 0 0 0 0)
(0 0 0 0 0 0 0 0 0)
(0 0 0 0 0 0 0 0 0)
(0 0 0 0 0 0 0 0 0)
(0 0 0 0 0 0 0 0 0)
(0 0 0 0 0 0 0 0 0)
(0 0 0 0 0 0 0 0 0)
(0 0 0 0 0 0 0 0 0)
(0 0 0 0 0 0 0 0 0)
(0 0 0 0 0 0 0 0 0)
(0 0 0 0 0 0 0 0 0)
(0 0 0 0 0 0 0 0 0)
(0 0 0 0 0 0 0 0 0)
(0 0 0 0 0 0 0 0 0)
(0 0 0 0 0 0 0 0 0)
(0 0 0 0 0 0 0 0 0)
(0 0 0 0 0 0 0 0 0)
(0 0 0 0 0 0 0 0 0)
(0 0 0 0 0 0 0 0 0)
(0 0 0 0 0 0 0 0 0)
(0 0 0 0 0 0 0 0 0)
(0 0 0 0 0 0 0 0 0)
(0 0 0 0 0 0 0 0 0)
(0 0 0 0 0 0 0 0 0)
(0 0 0 0 0 0 0 0 0)
(0 0 0 0 0 0 0 0 0)
(0 0 0 0 0 0 0 0 0)
(0 0 0 0 0 0 0 0 0)
(0 0 0 0 0 0 0 0 0)
(0 0 0 0 0 0 0 0 0)
(0 0 0 0 0 0 0 0 0)
(0 0 0 0 0 0 0 0 0)
(0 0 0 0 0 0 0 0 0)
(0 0 0 0 0 0 0 0 0)
(0 0 0 0 0 0 0 0 0)
(0 0 0 0 0 0 0 0 0)
(0 0 0 0 0 0 0 0 0)
(0 0 0 0 0 0 0 0 0)
(0 0 0 0 0 0 0 0 0)
(0 0 0 0 0 0 0 0 0)
(0 0 0 0 0 0 0 0 0)
(0 0 0 0 0 0 0 0 0)
(0 0 0 0 0 0 0 0 0)
(0 0 0 0 0 0 0 0 0)
(0 0 0 0 0 0 0 0 0)
(0 0 0 0 0 0 0 0 0)
(0 0 0 0 0 0 0 0 0)
(0 0 0 0 0 0 0 0 0)
(0 0 0 0 0 0 0 0 0)
(0 0 0 0 0 0 0 0 0)
(0 0 0 0 0 0 0 0 0)
(0 0 0 0 0 0 0 0 0)
(0 0 0 0 0 0 0 0 0)
(0 0 0 0 0 0 0 0 0)
(0 0 0 0 0 0 0 0 0)
(0 0 0 0 0 0 0 0 0)
(0 0 0 0 0 0 0 0 0)
(0 0 0 0 0 0 0 0 0)
(0 0 0 0 0 0 0 0 0)
(0 0 0 0 0 0 0 0 0)
(0 0 0 0 0 0 0 0 0)
(0 0 0 0 0 0 0 0 0)
(0 0 0 0 0 0 0 0 0)
(0 0 0 0 0 0 0 0 0)
(0 0 0 0 0 0 0 0 0)
(0 0 0 0 0 0 0 0 0)
(0 0 0 0 0 0 0 0 0)
(0 0 0 0 0 0 0 0 0)
(0 0 0 0 0 0 0 0 0)
(0 0 0 0 0 0 0 0 0)
(0 0 0 0 0 0 0 0 0)
(0 0 0 0 0 0 0 0 0)
(0 0 0 0 0 0 0 0 0)
(0 0 0 0 0 0 0 0 0)
(0 0 0 0 0 0 0 0 0)
(0 0 0 0 0 0 0 0 0)
(0 0 0 0 0 0 0 0 0)
(0 0 0 0 0 0 0 0 0)
(0 0 0 0 0 0 0 0 0)
(0 0 0 0 0 0 0 0 0)
(0 0 0 0 0 0 0 0 0)
(0 0 0 0 0 0 0 0 0)
(0 0 0 0 0 0 0 0 0)
(0 0 0 0 0 0 0 0 0)
(0 0 0 0 0 0 0 0 0)
(0 0 0 0 0 0 0 0 0)
(0 0 0 0 0 0 0 0 0)
(0 0 0 0 0 0 0 0 0)
(0 0 0 0 0 0 0 0 0)
(0 0 0 0 0 0 0 0 0)
(0 0 0 0 0 0 0 0 0)
(0 0 0 0 0 0 0 0 0)
(0 0 0 0 0 0 0 0 0)
(0 0 0 0 0 0 0 0 0)
(0 0 0 0 0 0 0 0 0)
(0 0 0 0 0 0 0 0 0)
(0 0 0 0 0 0 0 0 0)
(0 0 0 0 0 0 0 0 0)
(0 0 0 0 0 0 0 0 0)
(0 0 0 0 0 0 0 0 0)
(0 0 0 0 0 0 0 0 0)
(0 0 0 0 0 0 0 0 0)
(0 0 0 0 0 0 0 0 0)
(0 0 0 0 0 0 0 0 0)
(0 0 0 0 0 0 0 0 0)
(0 0 0 0 0 0 0 0 0)
(0 0 0 0 0 0 0 0 0)
(0 0 0 0 0 0 0 0 0)
(0 0 0 0 0 0 0 0 0)
(0 0 0 0 0 0 0 0 0)
(0 0 0 0 0 0 0 0 0)
(0 0 0 0 0 0 0 0 0)
(0 0 0 0 0 0 0 0 0)
(0 0 0 0 0 0 0 0 0)
(0 0 0 0 0 0 0 0 0)
(0 0 0 0 0 0 0 0 0)
(0 0 0 0 0 0 0 0 0)
(0 0 0 0 0 0 0 0 0)
(0 0 0 0 0 0 0 0 0)
(0 0 0 0 0 0 0 0 0)
(0 0 0 0 0 0 0 0 0)
(0 0 0 0 0 0 0 0 0)
(0 0 0 0 0 0 0 0 0)
(0 0 0 0 0 0 0 0 0)
(0 0 0 0 0 0 0 0 0)
(0 0 0 0 0 0 0 0 0)
(0 0 0 0 0 0 0 0 0)
(0 0 0 0 0 0 0 0 0)
(0 0 0 0 0 0 0 0 0)
(0 0 0 0 0 0 0 0 0)
(0 0 0 0 0 0 0 0 0)
(0 0 0 0 0 0 0 0 0)
(0 0 0 0 0 0 0 0 0)
(0 0 0 0 0 0 0 0 0)
(0 0 0 0 0 0 0 0 0)
(0 0 0 0 0 0 0 0 0)
(0 0 0 0 0 0 0 0 0)
(0 0 0 0 0 0 0 0 0)
(0 0 0 0 0 0 0 0 0)
(0 0 0 0 0 0 0 0 0)
(0 0 0 0 0 0 0 0 0)
(0 0 0 0 0 0 0 0 0)
(0 0 0 0 0 0 0 0 0)
(0 0 0 0 0 0 0 0 0)
(0 0 0 0 0 0 0 0 0)
(0 0 0 0 0 0 0 0 0)
(0 0 0 0 0 0 0 0 0)
(0 0 0 0 0 0 0 0 0)
(0 0 0 0 0 0 0 0 0)
(0 0 0 0 0 0 0 0 0)
(0 0 0 0 0 0 0 0 0)
(0 0 0 0 0 0 0 0 0)
(0 0 0 0 0 0 0 0 0)
(0 0 0 0 0 0 0 0 0)
(0 0 0 0 0 0 0 0 0)
(0 0 0 0 0 0 0 0 0)
(0 0 0 0 0 0 0 0 0)
(0 0 0 0 0 0 0 0 0)
(0 0 0 0 0 0 0 0 0)
(0 0 0 0 0 0 0 0 0)
(0 0 0 0 0 0 0 0 0)
(0 0 0 0 0 0 0 0 0)
(0 0 0 0 0 0 0 0 0)
(0 0 0 0 0 0 0 0 0)
(0 0 0 0 0 0 0 0 0)
(0 0 0 0 0 0 0 0 0)
(0 0 0 0 0 0 0 0 0)
(0 0 0 0 0 0 0 0 0)
(0 0 0 0 0 0 0 0 0)
(0 0 0 0 0 0 0 0 0)
(0 0 0 0 0 0 0 0 0)
(0 0 0 0 0 0 0 0 0)
(0 0 0 0 0 0 0 0 0)
(0 0 0 0 0 0 0 0 0)
(0 0 0 0 0 0 0 0 0)
(0 0 0 0 0 0 0 0 0)
(0 0 0 0 0 0 0 0 0)
(0 0 0 0 0 0 0 0 0)
(0 0 0 0 0 0 0 0 0)
(0 0 0 0 0 0 0 0 0)
(0 0 0 0 0 0 0 0 0)
(0 0 0 0 0 0 0 0 0)
(0 0 0 0 0 0 0 0 0)
(0 0 0 0 0 0 0 0 0)
(0 0 0 0 0 0 0 0 0)
(0 0 0 0 0 0 0 0 0)
(0 0 0 0 0 0 0 0 0)
(0 0 0 0 0 0 0 0 0)
(0 0 0 0 0 0 0 0 0)
(0 0 0 0 0 0 0 0 0)
(0 0 0 0 0 0 0 0 0)
(0 0 0 0 0 0 0 0 0)
(0 0 0 0 0 0 0 0 0)
(0 0 0 0 0 0 0 0 0)
(0 0 0 0 0 0 0 0 0)
(0 0 0 0 0 0 0 0 0)
(0 0 0 0 0 0 0 0 0)
(0 0 0 0 0 0 0 0 0)
(0 0 0 0 0 0 0 0 0)
(0 0 0 0 0 0 0 0 0)
(0 0 0 0 0 0 0 0 0)
(0 0 0 0 0 0 0 0 0)
(0 0 0 0 0 0 0 0 0)
(0 0 0 0 0 0 0 0 0)
(0 0 0 0 0 0 0 0 0)
(0 0 0 0 0 0 0 0 0)
(0 0 0 0 0 0 0 0 0)
(0 0 0 0 0 0 0 0 0)
(0 0 0 0 0 0 0 0 0)
(0 0 0 0 0 0 0 0 0)
(0 0 0 0 0 0 0 0 0)
(0 0 0 0 0 0 0 0 0)
(0 0 0 0 0 0 0 0 0)
(0 0 0 0 0 0 0 0 0)
(0 0 0 0 0 0 0 0 0)
(0 0 0 0 0 0 0 0 0)
(0 0 0 0 0 0 0 0 0)
(0 0 0 0 0 0 0 0 0)
(0 0 0 0 0 0 0 0 0)
(0 0 0 0 0 0 0 0 0)
(0 0 0 0 0 0 0 0 0)
(0 0 0 0 0 0 0 0 0)
(0 0 0 0 0 0 0 0 0)
(0 0 0 0 0 0 0 0 0)
(0 0 0 0 0 0 0 0 0)
(0 0 0 0 0 0 0 0 0)
(0 0 0 0 0 0 0 0 0)
(0 0 0 0 0 0 0 0 0)
(0 0 0 0 0 0 0 0 0)
(0 0 0 0 0 0 0 0 0)
(0 0 0 0 0 0 0 0 0)
(0 0 0 0 0 0 0 0 0)
(0 0 0 0 0 0 0 0 0)
(0 0 0 0 0 0 0 0 0)
(0 0 0 0 0 0 0 0 0)
(0 0 0 0 0 0 0 0 0)
(0 0 0 0 0 0 0 0 0)
(0 0 0 0 0 0 0 0 0)
(0 0 0 0 0 0 0 0 0)
(0 0 0 0 0 0 0 0 0)
(0 0 0 0 0 0 0 0 0)
(0 0 0 0 0 0 0 0 0)
(0 0 0 0 0 0 0 0 0)
(0 0 0 0 0 0 0 0 0)
(0 0 0 0 0 0 0 0 0)
(0 0 0 0 0 0 0 0 0)
(0 0 0 0 0 0 0 0 0)
(0 0 0 0 0 0 0 0 0)
(0 0 0 0 0 0 0 0 0)
(0 0 0 0 0 0 0 0 0)
(0 0 0 0 0 0 0 0 0)
(0 0 0 0 0 0 0 0 0)
(0 0 0 0 0 0 0 0 0)
(0 0 0 0 0 0 0 0 0)
(0 0 0 0 0 0 0 0 0)
(0 0 0 0 0 0 0 0 0)
(0 0 0 0 0 0 0 0 0)
(0 0 0 0 0 0 0 0 0)
(0 0 0 0 0 0 0 0 0)
(0 0 0 0 0 0 0 0 0)
(0 0 0 0 0 0 0 0 0)
(0 0 0 0 0 0 0 0 0)
(0 0 0 0 0 0 0 0 0)
(0 0 0 0 0 0 0 0 0)
(0 0 0 0 0 0 0 0 0)
(0 0 0 0 0 0 0 0 0)
(0 0 0 0 0 0 0 0 0)
(0 0 0 0 0 0 0 0 0)
(0 0 0 0 0 0 0 0 0)
(0 0 0 0 0 0 0 0 0)
(0 0 0 0 0 0 0 0 0)
(0 0 0 0 0 0 0 0 0)
(0 0 0 0 0 0 0 0 0)
(0 0 0 0 0 0 0 0 0)
(0 0 0 0 0 0 0 0 0)
(0 0 0 0 0 0 0 0 0)
(0 0 0 0 0 0 0 0 0)
(0 0 0 0 0 0 0 0 0)
(0 0 0 0 0 0 0 0 0)
(0 0 0 0 0 0 0 0 0)
(0 0 0 0 0 0 0 0 0)
(0 0 0 0 0 0 0 0 0)
(0 0 0 0 0 0 0 0 0)
(0 0 0 0 0 0 0 0 0)
(0 0 0 0 0 0 0 0 0)
(0 0 0 0 0 0 0 0 0)
(0 0 0 0 0 0 0 0 0)
(0 0 0 0 0 0 0 0 0)
(0 0 0 0 0 0 0 0 0)
(0 0 0 0 0 0 0 0 0)
(0 0 0 0 0 0 0 0 0)
(0 0 0 0 0 0 0 0 0)
(0 0 0 0 0 0 0 0 0)
(0 0 0 0 0 0 0 0 0)
(0 0 0 0 0 0 0 0 0)
(0 0 0 0 0 0 0 0 0)
(0 0 0 0 0 0 0 0 0)
(0 0 0 0 0 0 0 0 0)
(0 0 0 0 0 0 0 0 0)
(0 0 0 0 0 0 0 0 0)
(0 0 0 0 0 0 0 0 0)
(0 0 0 0 0 0 0 0 0)
(0 0 0 0 0 0 0 0 0)
(0 0 0 0 0 0 0 0 0)
(0 0 0 0 0 0 0 0 0)
(0 0 0 0 0 0 0 0 0)
(0 0 0 0 0 0 0 0 0)
(0 0 0 0 0 0 0 0 0)
(0 0 0 0 0 0 0 0 0)
(0 0 0 0 0 0 0 0 0)
(0 0 0 0 0 0 0 0 0)
(0 0 0 0 0 0 0 0 0)
(0 0 0 0 0 0 0 0 0)
(0 0 0 0 0 0 0 0 0)
(0 0 0 0 0 0 0 0 0)
(0 0 0 0 0 0 0 0 0)
(0 0 0 0 0 0 0 0 0)
(0 0 0 0 0 0 0 0 0)
(0 0 0 0 0 0 0 0 0)
(0 0 0 0 0 0 0 0 0)
(0 0 0 0 0 0 0 0 0)
(0 0 0 0 0 0 0 0 0)
(0 0 0 0 0 0 0 0 0)
(0 0 0 0 0 0 0 0 0)
(0 0 0 0 0 0 0 0 0)
(0 0 0 0 0 0 0 0 0)
(0 0 0 0 0 0 0 0 0)
(0 0 0 0 0 0 0 0 0)
(0 0 0 0 0 0 0 0 0)
(0 0 0 0 0 0 0 0 0)
(0 0 0 0 0 0 0 0 0)
(0 0 0 0 0 0 0 0 0)
(0 0 0 0 0 0 0 0 0)
(0 0 0 0 0 0 0 0 0)
(0 0 0 0 0 0 0 0 0)
(0 0 0 0 0 0 0 0 0)
(0 0 0 0 0 0 0 0 0)
(0 0 0 0 0 0 0 0 0)
(0 0 0 0 0 0 0 0 0)
(0 0 0 0 0 0 0 0 0)
(0 0 0 0 0 0 0 0 0)
(0 0 0 0 0 0 0 0 0)
(0 0 0 0 0 0 0 0 0)
(0 0 0 0 0 0 0 0 0)
(0 0 0 0 0 0 0 0 0)
(0 0 0 0 0 0 0 0 0)
(0 0 0 0 0 0 0 0 0)
(0 0 0 0 0 0 0 0 0)
(0 0 0 0 0 0 0 0 0)
(0 0 0 0 0 0 0 0 0)
(0 0 0 0 0 0 0 0 0)
(0 0 0 0 0 0 0 0 0)
(0 0 0 0 0 0 0 0 0)
(0 0 0 0 0 0 0 0 0)
(0 0 0 0 0 0 0 0 0)
(0 0 0 0 0 0 0 0 0)
(0 0 0 0 0 0 0 0 0)
(0 0 0 0 0 0 0 0 0)
(0 0 0 0 0 0 0 0 0)
(0 0 0 0 0 0 0 0 0)
(0 0 0 0 0 0 0 0 0)
(0 0 0 0 0 0 0 0 0)
(0 0 0 0 0 0 0 0 0)
(0 0 0 0 0 0 0 0 0)
(0 0 0 0 0 0 0 0 0)
(0 0 0 0 0 0 0 0 0)
(0 0 0 0 0 0 0 0 0)
(0 0 0 0 0 0 0 0 0)
(0 0 0 0 0 0 0 0 0)
(0 0 0 0 0 0 0 0 0)
(0 0 0 0 0 0 0 0 0)
(0 0 0 0 0 0 0 0 0)
(0 0 0 0 0 0 0 0 0)
(0 0 0 0 0 0 0 0 0)
(0 0 0 0 0 0 0 0 0)
(0 0 0 0 0 0 0 0 0)
(0 0 0 0 0 0 0 0 0)
(0 0 0 0 0 0 0 0 0)
(0 0 0 0 0 0 0 0 0)
(0 0 0 0 0 0 0 0 0)
(0 0 0 0 0 0 0 0 0)
(0 0 0 0 0 0 0 0 0)
(0 0 0 0 0 0 0 0 0)
(0 0 0 0 0 0 0 0 0)
(0 0 0 0 0 0 0 0 0)
(0 0 0 0 0 0 0 0 0)
(0 0 0 0 0 0 0 0 0)
(0 0 0 0 0 0 0 0 0)
(0 0 0 0 0 0 0 0 0)
(0 0 0 0 0 0 0 0 0)
(0 0 0 0 0 0 0 0 0)
(0 0 0 0 0 0 0 0 0)
(0 0 0 0 0 0 0 0 0)
(0 0 0 0 0 0 0 0 0)
(0 0 0 0 0 0 0 0 0)
(0 0 0 0 0 0 0 0 0)
(0 0 0 0 0 0 0 0 0)
(0 0 0 0 0 0 0 0 0)
(0 0 0 0 0 0 0 0 0)
(0 0 0 0 0 0 0 0 0)
(0 0 0 0 0 0 0 0 0)
(0 0 0 0 0 0 0 0 0)
(0 0 0 0 0 0 0 0 0)
(0 0 0 0 0 0 0 0 0)
(0 0 0 0 0 0 0 0 0)
(0 0 0 0 0 0 0 0 0)
(0 0 0 0 0 0 0 0 0)
(0 0 0 0 0 0 0 0 0)
(0 0 0 0 0 0 0 0 0)
(0 0 0 0 0 0 0 0 0)
(0 0 0 0 0 0 0 0 0)
(0 0 0 0 0 0 0 0 0)
(0 0 0 0 0 0 0 0 0)
(0 0 0 0 0 0 0 0 0)
(0 0 0 0 0 0 0 0 0)
(0 0 0 0 0 0 0 0 0)
(0 0 0 0 0 0 0 0 0)
(0 0 0 0 0 0 0 0 0)
(0 0 0 0 0 0 0 0 0)
(0 0 0 0 0 0 0 0 0)
(0 0 0 0 0 0 0 0 0)
(0 0 0 0 0 0 0 0 0)
(0 0 0 0 0 0 0 0 0)
(0 0 0 0 0 0 0 0 0)
(0 0 0 0 0 0 0 0 0)
(0 0 0 0 0 0 0 0 0)
(0 0 0 0 0 0 0 0 0)
(0 0 0 0 0 0 0 0 0)
(0 0 0 0 0 0 0 0 0)
(0 0 0 0 0 0 0 0 0)
(0 0 0 0 0 0 0 0 0)
(0 0 0 0 0 0 0 0 0)
(0 0 0 0 0 0 0 0 0)
(0 0 0 0 0 0 0 0 0)
(0 0 0 0 0 0 0 0 0)
(0 0 0 0 0 0 0 0 0)
(0 0 0 0 0 0 0 0 0)
(0 0 0 0 0 0 0 0 0)
(0 0 0 0 0 0 0 0 0)
(0 0 0 0 0 0 0 0 0)
(0 0 0 0 0 0 0 0 0)
(0 0 0 0 0 0 0 0 0)
(0 0 0 0 0 0 0 0 0)
(0 0 0 0 0 0 0 0 0)
(0 0 0 0 0 0 0 0 0)
(0 0 0 0 0 0 0 0 0)
(0 0 0 0 0 0 0 0 0)
(0 0 0 0 0 0 0 0 0)
(0 0 0 0 0 0 0 0 0)
(0 0 0 0 0 0 0 0 0)
(0 0 0 0 0 0 0 0 0)
(0 0 0 0 0 0 0 0 0)
(0 0 0 0 0 0 0 0 0)
(0 0 0 0 0 0 0 0 0)
(0 0 0 0 0 0 0 0 0)
(0 0 0 0 0 0 0 0 0)
(0 0 0 0 0 0 0 0 0)
(0 0 0 0 0 0 0 0 0)
(0 0 0 0 0 0 0 0 0)
(0 0 0 0 0 0 0 0 0)
(0 0 0 0 0 0 0 0 0)
(0 0 0 0 0 0 0 0 0)
(0 0 0 0 0 0 0 0 0)
(0 0 0 0 0 0 0 0 0)
(0 0 0 0 0 0 0 0 0)
(0 0 0 0 0 0 0 0 0)
(0 0 0 0 0 0 0 0 0)
(0 0 0 0 0 0 0 0 0)
(0 0 0 0 0 0 0 0 0)
(0 0 0 0 0 0 0 0 0)
(0 0 0 0 0 0 0 0 0)
(0 0 0 0 0 0 0 0 0)
(0 0 0 0 0 0 0 0 0)
(0 0 0 0 0 0 0 0 0)
(0 0 0 0 0 0 0 0 0)
(0 0 0 0 0 0 0 0 0)
(0 0 0 0 0 0 0 0 0)
(0 0 0 0 0 0 0 0 0)
(0 0 0 0 0 0 0 0 0)
(0 0 0 0 0 0 0 0 0)
(0 0 0 0 0 0 0 0 0)
(0 0 0 0 0 0 0 0 0)
(0 0 0 0 0 0 0 0 0)
(0 0 0 0 0 0 0 0 0)
(0 0 0 0 0 0 0 0 0)
(0 0 0 0 0 0 0 0 0)
(0 0 0 0 0 0 0 0 0)
(0 0 0 0 0 0 0 0 0)
(0 0 0 0 0 0 0 0 0)
(0 0 0 0 0 0 0 0 0)
(0 0 0 0 0 0 0 0 0)
(0 0 0 0 0 0 0 0 0)
(0 0 0 0 0 0 0 0 0)
(0 0 0 0 0 0 0 0 0)
(0 0 0 0 0 0 0 0 0)
(0 0 0 0 0 0 0 0 0)
(0 0 0 0 0 0 0 0 0)
(0 0 0 0 0 0 0 0 0)
(0 0 0 0 0 0 0 0 0)
(0 0 0 0 0 0 0 0 0)
(0 0 0 0 0 0 0 0 0)
(0 0 0 0 0 0 0 0 0)
(0 0 0 0 0 0 0 0 0)
(0 0 0 0 0 0 0 0 0)
(0 0 0 0 0 0 0 0 0)
(0 0 0 0 0 0 0 0 0)
(0 0 0 0 0 0 0 0 0)
(0 0 0 0 0 0 0 0 0)
(0 0 0 0 0 0 0 0 0)
(0 0 0 0 0 0 0 0 0)
(0 0 0 0 0 0 0 0 0)
(0 0 0 0 0 0 0 0 0)
(0 0 0 0 0 0 0 0 0)
(0 0 0 0 0 0 0 0 0)
(0 0 0 0 0 0 0 0 0)
(0 0 0 0 0 0 0 0 0)
(0 0 0 0 0 0 0 0 0)
(0 0 0 0 0 0 0 0 0)
(0 0 0 0 0 0 0 0 0)
(0 0 0 0 0 0 0 0 0)
(0 0 0 0 0 0 0 0 0)
(0 0 0 0 0 0 0 0 0)
(0 0 0 0 0 0 0 0 0)
(0 0 0 0 0 0 0 0 0)
(0 0 0 0 0 0 0 0 0)
(0 0 0 0 0 0 0 0 0)
(0 0 0 0 0 0 0 0 0)
(0 0 0 0 0 0 0 0 0)
(0 0 0 0 0 0 0 0 0)
(0 0 0 0 0 0 0 0 0)
(0 0 0 0 0 0 0 0 0)
(0 0 0 0 0 0 0 0 0)
(0 0 0 0 0 0 0 0 0)
(0 0 0 0 0 0 0 0 0)
(0 0 0 0 0 0 0 0 0)
(0 0 0 0 0 0 0 0 0)
(0 0 0 0 0 0 0 0 0)
(0 0 0 0 0 0 0 0 0)
(0 0 0 0 0 0 0 0 0)
(0 0 0 0 0 0 0 0 0)
(0 0 0 0 0 0 0 0 0)
(0 0 0 0 0 0 0 0 0)
(0 0 0 0 0 0 0 0 0)
(0 0 0 0 0 0 0 0 0)
(0 0 0 0 0 0 0 0 0)
(0 0 0 0 0 0 0 0 0)
(0 0 0 0 0 0 0 0 0)
(0 0 0 0 0 0 0 0 0)
(0 0 0 0 0 0 0 0 0)
(0 0 0 0 0 0 0 0 0)
(0 0 0 0 0 0 0 0 0)
(0 0 0 0 0 0 0 0 0)
(0 0 0 0 0 0 0 0 0)
(0 0 0 0 0 0 0 0 0)
(0 0 0 0 0 0 0 0 0)
(0 0 0 0 0 0 0 0 0)
(0 0 0 0 0 0 0 0 0)
(0 0 0 0 0 0 0 0 0)
(0 0 0 0 0 0 0 0 0)
(0 0 0 0 0 0 0 0 0)
(0 0 0 0 0 0 0 0 0)
(0 0 0 0 0 0 0 0 0)
(0 0 0 0 0 0 0 0 0)
(0 0 0 0 0 0 0 0 0)
(0 0 0 0 0 0 0 0 0)
(0 0 0 0 0 0 0 0 0)
(0 0 0 0 0 0 0 0 0)
(0 0 0 0 0 0 0 0 0)
(0 0 0 0 0 0 0 0 0)
(0 0 0 0 0 0 0 0 0)
(0 0 0 0 0 0 0 0 0)
(0 0 0 0 0 0 0 0 0)
(0 0 0 0 0 0 0 0 0)
(0 0 0 0 0 0 0 0 0)
(0 0 0 0 0 0 0 0 0)
(0 0 0 0 0 0 0 0 0)
(0 0 0 0 0 0 0 0 0)
(0 0 0 0 0 0 0 0 0)
(0 0 0 0 0 0 0 0 0)
(0 0 0 0 0 0 0 0 0)
(0 0 0 0 0 0 0 0 0)
(0 0 0 0 0 0 0 0 0)
(0 0 0 0 0 0 0 0 0)
(0 0 0 0 0 0 0 0 0)
(0 0 0 0 0 0 0 0 0)
(0 0 0 0 0 0 0 0 0)
(0 0 0 0 0 0 0 0 0)
(0 0 0 0 0 0 0 0 0)
(0 0 0 0 0 0 0 0 0)
(0 0 0 0 0 0 0 0 0)
(0 0 0 0 0 0 0 0 0)
(0 0 0 0 0 0 0 0 0)
(0 0 0 0 0 0 0 0 0)
(0 0 0 0 0 0 0 0 0)
(0 0 0 0 0 0 0 0 0)
(0 0 0 0 0 0 0 0 0)
(0 0 0 0 0 0 0 0 0)
(0 0 0 0 0 0 0 0 0)
(0 0 0 0 0 0 0 0 0)
(0 0 0 0 0 0 0 0 0)
(0 0 0 0 0 0 0 0 0)
(0 0 0 0 0 0 0 0 0)
(0 0 0 0 0 0 0 0 0)
(0 0 0 0 0 0 0 0 0)
(0 0 0 0 0 0 0 0 0)
(0 0 0 0 0 0 0 0 0)
(0 0 0 0 0 0 0 0 0)
(0 0 0 0 0 0 0 0 0)
(0 0 0 0 0 0 0 0 0)
(0 0 0 0 0 0 0 0 0)
(0 0 0 0 0 0 0 0 0)
(0 0 0 0 0 0 0 0 0)
(0 0 0 0 0 0 0 0 0)
(0 0 0 0 0 0 0 0 0)
(0 0 0 0 0 0 0 0 0)
(0 0 0 0 0 0 0 0 0)
(0 0 0 0 0 0 0 0 0)
(0 0 0 0 0 0 0 0 0)
(0 0 0 0 0 0 0 0 0)
(0 0 0 0 0 0 0 0 0)
(0 0 0 0 0 0 0 0 0)
(0 0 0 0 0 0 0 0 0)
(0 0 0 0 0 0 0 0 0)
(0 0 0 0 0 0 0 0 0)
(0 0 0 0 0 0 0 0 0)
(0 0 0 0 0 0 0 0 0)
(0 0 0 0 0 0 0 0 0)
(0 0 0 0 0 0 0 0 0)
(0 0 0 0 0 0 0 0 0)
(0 0 0 0 0 0 0 0 0)
(0 0 0 0 0 0 0 0 0)
(0 0 0 0 0 0 0 0 0)
(0 0 0 0 0 0 0 0 0)
(0 0 0 0 0 0 0 0 0)
(0 0 0 0 0 0 0 0 0)
(0 0 0 0 0 0 0 0 0)
(0 0 0 0 0 0 0 0 0)
(0 0 0 0 0 0 0 0 0)
(0 0 0 0 0 0 0 0 0)
(0 0 0 0 0 0 0 0 0)
(0 0 0 0 0 0 0 0 0)
(0 0 0 0 0 0 0 0 0)
(0 0 0 0 0 0 0 0 0)
(0 0 0 0 0 0 0 0 0)
(0 0 0 0 0 0 0 0 0)
(0 0 0 0 0 0 0 0 0)
(0 0 0 0 0 0 0 0 0)
(0 0 0 0 0 0 0 0 0)
(0 0 0 0 0 0 0 0 0)
(0 0 0 0 0 0 0 0 0)
(0 0 0 0 0 0 0 0 0)
(0 0 0 0 0 0 0 0 0)
(0 0 0 0 0 0 0 0 0)
(0 0 0 0 0 0 0 0 0)
(0 0 0 0 0 0 0 0 0)
(0 0 0 0 0 0 0 0 0)
(0 0 0 0 0 0 0 0 0)
(0 0 0 0 0 0 0 0 0)
(0 0 0 0 0 0 0 0 0)
(0 0 0 0 0 0 0 0 0)
(0 0 0 0 0 0 0 0 0)
(0 0 0 0 0 0 0 0 0)
(0 0 0 0 0 0 0 0 0)
(0 0 0 0 0 0 0 0 0)
(0 0 0 0 0 0 0 0 0)
(0 0 0 0 0 0 0 0 0)
(0 0 0 0 0 0 0 0 0)
(0 0 0 0 0 0 0 0 0)
(0 0 0 0 0 0 0 0 0)
(0 0 0 0 0 0 0 0 0)
(0 0 0 0 0 0 0 0 0)
(0 0 0 0 0 0 0 0 0)
(0 0 0 0 0 0 0 0 0)
(0 0 0 0 0 0 0 0 0)
(0 0 0 0 0 0 0 0 0)
(0 0 0 0 0 0 0 0 0)
(0 0 0 0 0 0 0 0 0)
(0 0 0 0 0 0 0 0 0)
(0 0 0 0 0 0 0 0 0)
(0 0 0 0 0 0 0 0 0)
(0 0 0 0 0 0 0 0 0)
(0 0 0 0 0 0 0 0 0)
(0 0 0 0 0 0 0 0 0)
(0 0 0 0 0 0 0 0 0)
(0 0 0 0 0 0 0 0 0)
(0 0 0 0 0 0 0 0 0)
(0 0 0 0 0 0 0 0 0)
(0 0 0 0 0 0 0 0 0)
(0 0 0 0 0 0 0 0 0)
(0 0 0 0 0 0 0 0 0)
(0 0 0 0 0 0 0 0 0)
(0 0 0 0 0 0 0 0 0)
(0 0 0 0 0 0 0 0 0)
(0 0 0 0 0 0 0 0 0)
(0 0 0 0 0 0 0 0 0)
(0 0 0 0 0 0 0 0 0)
(0 0 0 0 0 0 0 0 0)
(0 0 0 0 0 0 0 0 0)
(0 0 0 0 0 0 0 0 0)
(0 0 0 0 0 0 0 0 0)
(0 0 0 0 0 0 0 0 0)
(0 0 0 0 0 0 0 0 0)
(0 0 0 0 0 0 0 0 0)
(0 0 0 0 0 0 0 0 0)
(0 0 0 0 0 0 0 0 0)
(0 0 0 0 0 0 0 0 0)
(0 0 0 0 0 0 0 0 0)
(0 0 0 0 0 0 0 0 0)
(0 0 0 0 0 0 0 0 0)
(0 0 0 0 0 0 0 0 0)
(0 0 0 0 0 0 0 0 0)
(0 0 0 0 0 0 0 0 0)
(0 0 0 0 0 0 0 0 0)
(0 0 0 0 0 0 0 0 0)
(0 0 0 0 0 0 0 0 0)
(0 0 0 0 0 0 0 0 0)
(0 0 0 0 0 0 0 0 0)
(0 0 0 0 0 0 0 0 0)
(0 0 0 0 0 0 0 0 0)
(0 0 0 0 0 0 0 0 0)
(0 0 0 0 0 0 0 0 0)
(0 0 0 0 0 0 0 0 0)
(0 0 0 0 0 0 0 0 0)
(0 0 0 0 0 0 0 0 0)
(0 0 0 0 0 0 0 0 0)
(0 0 0 0 0 0 0 0 0)
(0 0 0 0 0 0 0 0 0)
(0 0 0 0 0 0 0 0 0)
(0 0 0 0 0 0 0 0 0)
(0 0 0 0 0 0 0 0 0)
(0 0 0 0 0 0 0 0 0)
(0 0 0 0 0 0 0 0 0)
(0 0 0 0 0 0 0 0 0)
(0 0 0 0 0 0 0 0 0)
(0 0 0 0 0 0 0 0 0)
(0 0 0 0 0 0 0 0 0)
(0 0 0 0 0 0 0 0 0)
(0 0 0 0 0 0 0 0 0)
(0 0 0 0 0 0 0 0 0)
(0 0 0 0 0 0 0 0 0)
(0 0 0 0 0 0 0 0 0)
(0 0 0 0 0 0 0 0 0)
(0 0 0 0 0 0 0 0 0)
(0 0 0 0 0 0 0 0 0)
(0 0 0 0 0 0 0 0 0)
(0 0 0 0 0 0 0 0 0)
(0 0 0 0 0 0 0 0 0)
(0 0 0 0 0 0 0 0 0)
(0 0 0 0 0 0 0 0 0)
(0 0 0 0 0 0 0 0 0)
(0 0 0 0 0 0 0 0 0)
(0 0 0 0 0 0 0 0 0)
(0 0 0 0 0 0 0 0 0)
(0 0 0 0 0 0 0 0 0)
(0 0 0 0 0 0 0 0 0)
(0 0 0 0 0 0 0 0 0)
(0 0 0 0 0 0 0 0 0)
(0 0 0 0 0 0 0 0 0)
(0 0 0 0 0 0 0 0 0)
(0 0 0 0 0 0 0 0 0)
(0 0 0 0 0 0 0 0 0)
(0 0 0 0 0 0 0 0 0)
(0 0 0 0 0 0 0 0 0)
(0 0 0 0 0 0 0 0 0)
(0 0 0 0 0 0 0 0 0)
(0 0 0 0 0 0 0 0 0)
(0 0 0 0 0 0 0 0 0)
(0 0 0 0 0 0 0 0 0)
(0 0 0 0 0 0 0 0 0)
(0 0 0 0 0 0 0 0 0)
(0 0 0 0 0 0 0 0 0)
(0 0 0 0 0 0 0 0 0)
(0 0 0 0 0 0 0 0 0)
(0 0 0 0 0 0 0 0 0)
(0 0 0 0 0 0 0 0 0)
(0 0 0 0 0 0 0 0 0)
(0 0 0 0 0 0 0 0 0)
(0 0 0 0 0 0 0 0 0)
(0 0 0 0 0 0 0 0 0)
(0 0 0 0 0 0 0 0 0)
(0 0 0 0 0 0 0 0 0)
(0 0 0 0 0 0 0 0 0)
(0 0 0 0 0 0 0 0 0)
(0 0 0 0 0 0 0 0 0)
(0 0 0 0 0 0 0 0 0)
(0 0 0 0 0 0 0 0 0)
(0 0 0 0 0 0 0 0 0)
(0 0 0 0 0 0 0 0 0)
(0 0 0 0 0 0 0 0 0)
(0 0 0 0 0 0 0 0 0)
(0 0 0 0 0 0 0 0 0)
(0 0 0 0 0 0 0 0 0)
(0 0 0 0 0 0 0 0 0)
(0 0 0 0 0 0 0 0 0)
(0 0 0 0 0 0 0 0 0)
(0 0 0 0 0 0 0 0 0)
(0 0 0 0 0 0 0 0 0)
(0 0 0 0 0 0 0 0 0)
(0 0 0 0 0 0 0 0 0)
(0 0 0 0 0 0 0 0 0)
(0 0 0 0 0 0 0 0 0)
(0 0 0 0 0 0 0 0 0)
(0 0 0 0 0 0 0 0 0)
(0 0 0 0 0 0 0 0 0)
(0 0 0 0 0 0 0 0 0)
(0 0 0 0 0 0 0 0 0)
(0 0 0 0 0 0 0 0 0)
(0 0 0 0 0 0 0 0 0)
(0 0 0 0 0 0 0 0 0)
(0 0 0 0 0 0 0 0 0)
(0 0 0 0 0 0 0 0 0)
(0 0 0 0 0 0 0 0 0)
(0 0 0 0 0 0 0 0 0)
(0 0 0 0 0 0 0 0 0)
(0 0 0 0 0 0 0 0 0)
(0 0 0 0 0 0 0 0 0)
(0 0 0 0 0 0 0 0 0)
(0 0 0 0 0 0 0 0 0)
(0 0 0 0 0 0 0 0 0)
(0 0 0 0 0 0 0 0 0)
(0 0 0 0 0 0 0 0 0)
(0 0 0 0 0 0 0 0 0)
(0 0 0 0 0 0 0 0 0)
(0 0 0 0 0 0 0 0 0)
(0 0 0 0 0 0 0 0 0)
(0 0 0 0 0 0 0 0 0)
(0 0 0 0 0 0 0 0 0)
(0 0 0 0 0 0 0 0 0)
(0 0 0 0 0 0 0 0 0)
(0 0 0 0 0 0 0 0 0)
(0 0 0 0 0 0 0 0 0)
(0 0 0 0 0 0 0 0 0)
(0 0 0 0 0 0 0 0 0)
(0 0 0 0 0 0 0 0 0)
(0 0 0 0 0 0 0 0 0)
(0 0 0 0 0 0 0 0 0)
(0 0 0 0 0 0 0 0 0)
(0 0 0 0 0 0 0 0 0)
(0 0 0 0 0 0 0 0 0)
(0 0 0 0 0 0 0 0 0)
(0 0 0 0 0 0 0 0 0)
(0 0 0 0 0 0 0 0 0)
(0 0 0 0 0 0 0 0 0)
(0 0 0 0 0 0 0 0 0)
(0 0 0 0 0 0 0 0 0)
(0 0 0 0 0 0 0 0 0)
(0 0 0 0 0 0 0 0 0)
(0 0 0 0 0 0 0 0 0)
(0 0 0 0 0 0 0 0 0)
(0 0 0 0 0 0 0 0 0)
(0 0 0 0 0 0 0 0 0)
(0 0 0 0 0 0 0 0 0)
(0 0 0 0 0 0 0 0 0)
(0 0 0 0 0 0 0 0 0)
(0 0 0 0 0 0 0 0 0)
(0 0 0 0 0 0 0 0 0)
(0 0 0 0 0 0 0 0 0)
(0 0 0 0 0 0 0 0 0)
(0 0 0 0 0 0 0 0 0)
(0 0 0 0 0 0 0 0 0)
(0 0 0 0 0 0 0 0 0)
(0 0 0 0 0 0 0 0 0)
(0 0 0 0 0 0 0 0 0)
(0 0 0 0 0 0 0 0 0)
(0 0 0 0 0 0 0 0 0)
(0 0 0 0 0 0 0 0 0)
(0 0 0 0 0 0 0 0 0)
(0 0 0 0 0 0 0 0 0)
(0 0 0 0 0 0 0 0 0)
(0 0 0 0 0 0 0 0 0)
(0 0 0 0 0 0 0 0 0)
(0 0 0 0 0 0 0 0 0)
(0 0 0 0 0 0 0 0 0)
(0 0 0 0 0 0 0 0 0)
(0 0 0 0 0 0 0 0 0)
(0 0 0 0 0 0 0 0 0)
(0 0 0 0 0 0 0 0 0)
(0 0 0 0 0 0 0 0 0)
(0 0 0 0 0 0 0 0 0)
(0 0 0 0 0 0 0 0 0)
(0 0 0 0 0 0 0 0 0)
(0 0 0 0 0 0 0 0 0)
(0 0 0 0 0 0 0 0 0)
(0 0 0 0 0 0 0 0 0)
(0 0 0 0 0 0 0 0 0)
(0 0 0 0 0 0 0 0 0)
(0 0 0 0 0 0 0 0 0)
(0 0 0 0 0 0 0 0 0)
(0 0 0 0 0 0 0 0 0)
(0 0 0 0 0 0 0 0 0)
(0 0 0 0 0 0 0 0 0)
(0 0 0 0 0 0 0 0 0)
(0 0 0 0 0 0 0 0 0)
(0 0 0 0 0 0 0 0 0)
(0 0 0 0 0 0 0 0 0)
(0 0 0 0 0 0 0 0 0)
(0 0 0 0 0 0 0 0 0)
(0 0 0 0 0 0 0 0 0)
(0 0 0 0 0 0 0 0 0)
(0 0 0 0 0 0 0 0 0)
(0 0 0 0 0 0 0 0 0)
(0 0 0 0 0 0 0 0 0)
(0 0 0 0 0 0 0 0 0)
(0 0 0 0 0 0 0 0 0)
(0 0 0 0 0 0 0 0 0)
(0 0 0 0 0 0 0 0 0)
(0 0 0 0 0 0 0 0 0)
(0 0 0 0 0 0 0 0 0)
(0 0 0 0 0 0 0 0 0)
(0 0 0 0 0 0 0 0 0)
(0 0 0 0 0 0 0 0 0)
(0 0 0 0 0 0 0 0 0)
(0 0 0 0 0 0 0 0 0)
(0 0 0 0 0 0 0 0 0)
(0 0 0 0 0 0 0 0 0)
(0 0 0 0 0 0 0 0 0)
(0 0 0 0 0 0 0 0 0)
(0 0 0 0 0 0 0 0 0)
(0 0 0 0 0 0 0 0 0)
(0 0 0 0 0 0 0 0 0)
(0 0 0 0 0 0 0 0 0)
(0 0 0 0 0 0 0 0 0)
(0 0 0 0 0 0 0 0 0)
(0 0 0 0 0 0 0 0 0)
(0 0 0 0 0 0 0 0 0)
(0 0 0 0 0 0 0 0 0)
(0 0 0 0 0 0 0 0 0)
(0 0 0 0 0 0 0 0 0)
(0 0 0 0 0 0 0 0 0)
(0 0 0 0 0 0 0 0 0)
(0 0 0 0 0 0 0 0 0)
(0 0 0 0 0 0 0 0 0)
(0 0 0 0 0 0 0 0 0)
(0 0 0 0 0 0 0 0 0)
(0 0 0 0 0 0 0 0 0)
(0 0 0 0 0 0 0 0 0)
(0 0 0 0 0 0 0 0 0)
(0 0 0 0 0 0 0 0 0)
(0 0 0 0 0 0 0 0 0)
(0 0 0 0 0 0 0 0 0)
(0 0 0 0 0 0 0 0 0)
(0 0 0 0 0 0 0 0 0)
(0 0 0 0 0 0 0 0 0)
(0 0 0 0 0 0 0 0 0)
(0 0 0 0 0 0 0 0 0)
(0 0 0 0 0 0 0 0 0)
(0 0 0 0 0 0 0 0 0)
(0 0 0 0 0 0 0 0 0)
(0 0 0 0 0 0 0 0 0)
(0 0 0 0 0 0 0 0 0)
(0 0 0 0 0 0 0 0 0)
(0 0 0 0 0 0 0 0 0)
(0 0 0 0 0 0 0 0 0)
(0 0 0 0 0 0 0 0 0)
(0 0 0 0 0 0 0 0 0)
(0 0 0 0 0 0 0 0 0)
(0 0 0 0 0 0 0 0 0)
(0 0 0 0 0 0 0 0 0)
(0 0 0 0 0 0 0 0 0)
(0 0 0 0 0 0 0 0 0)
(0 0 0 0 0 0 0 0 0)
(0 0 0 0 0 0 0 0 0)
(0 0 0 0 0 0 0 0 0)
(0 0 0 0 0 0 0 0 0)
(0 0 0 0 0 0 0 0 0)
(0 0 0 0 0 0 0 0 0)
(0 0 0 0 0 0 0 0 0)
(0 0 0 0 0 0 0 0 0)
(0 0 0 0 0 0 0 0 0)
(0 0 0 0 0 0 0 0 0)
(0 0 0 0 0 0 0 0 0)
(0 0 0 0 0 0 0 0 0)
(0 0 0 0 0 0 0 0 0)
(0 0 0 0 0 0 0 0 0)
(0 0 0 0 0 0 0 0 0)
(0 0 0 0 0 0 0 0 0)
(0 0 0 0 0 0 0 0 0)
(0 0 0 0 0 0 0 0 0)
(0 0 0 0 0 0 0 0 0)
(0 0 0 0 0 0 0 0 0)
(0 0 0 0 0 0 0 0 0)
(0 0 0 0 0 0 0 0 0)
(0 0 0 0 0 0 0 0 0)
(0 0 0 0 0 0 0 0 0)
(0 0 0 0 0 0 0 0 0)
(0 0 0 0 0 0 0 0 0)
(0 0 0 0 0 0 0 0 0)
(0 0 0 0 0 0 0 0 0)
(0 0 0 0 0 0 0 0 0)
(0 0 0 0 0 0 0 0 0)
(0 0 0 0 0 0 0 0 0)
(0 0 0 0 0 0 0 0 0)
(0 0 0 0 0 0 0 0 0)
(0 0 0 0 0 0 0 0 0)
(0 0 0 0 0 0 0 0 0)
(0 0 0 0 0 0 0 0 0)
(0 0 0 0 0 0 0 0 0)
(0 0 0 0 0 0 0 0 0)
(0 0 0 0 0 0 0 0 0)
(0 0 0 0 0 0 0 0 0)
(0 0 0 0 0 0 0 0 0)
(0 0 0 0 0 0 0 0 0)
(0 0 0 0 0 0 0 0 0)
(0 0 0 0 0 0 0 0 0)
(0 0 0 0 0 0 0 0 0)
(0 0 0 0 0 0 0 0 0)
(0 0 0 0 0 0 0 0 0)
(0 0 0 0 0 0 0 0 0)
(0 0 0 0 0 0 0 0 0)
(0 0 0 0 0 0 0 0 0)
(0 0 0 0 0 0 0 0 0)
(0 0 0 0 0 0 0 0 0)
(0 0 0 0 0 0 0 0 0)
(0 0 0 0 0 0 0 0 0)
(0 0 0 0 0 0 0 0 0)
(0 0 0 0 0 0 0 0 0)
(0 0 0 0 0 0 0 0 0)
(0 0 0 0 0 0 0 0 0)
(0 0 0 0 0 0 0 0 0)
(0 0 0 0 0 0 0 0 0)
(0 0 0 0 0 0 0 0 0)
(0 0 0 0 0 0 0 0 0)
(0 0 0 0 0 0 0 0 0)
(0 0 0 0 0 0 0 0 0)
(0 0 0 0 0 0 0 0 0)
(0 0 0 0 0 0 0 0 0)
(0 0 0 0 0 0 0 0 0)
(0 0 0 0 0 0 0 0 0)
(0 0 0 0 0 0 0 0 0)
(0 0 0 0 0 0 0 0 0)
(0 0 0 0 0 0 0 0 0)
(0 0 0 0 0 0 0 0 0)
(0 0 0 0 0 0 0 0 0)
(0 0 0 0 0 0 0 0 0)
(0 0 0 0 0 0 0 0 0)
(0 0 0 0 0 0 0 0 0)
(0 0 0 0 0 0 0 0 0)
(0 0 0 0 0 0 0 0 0)
(0 0 0 0 0 0 0 0 0)
(0 0 0 0 0 0 0 0 0)
(0 0 0 0 0 0 0 0 0)
(0 0 0 0 0 0 0 0 0)
(0 0 0 0 0 0 0 0 0)
(0 0 0 0 0 0 0 0 0)
(0 0 0 0 0 0 0 0 0)
(0 0 0 0 0 0 0 0 0)
(0 0 0 0 0 0 0 0 0)
(0 0 0 0 0 0 0 0 0)
(0 0 0 0 0 0 0 0 0)
(0 0 0 0 0 0 0 0 0)
(0 0 0 0 0 0 0 0 0)
(0 0 0 0 0 0 0 0 0)
(0 0 0 0 0 0 0 0 0)
(0 0 0 0 0 0 0 0 0)
(0 0 0 0 0 0 0 0 0)
(0 0 0 0 0 0 0 0 0)
(0 0 0 0 0 0 0 0 0)
(0 0 0 0 0 0 0 0 0)
(0 0 0 0 0 0 0 0 0)
(0 0 0 0 0 0 0 0 0)
(0 0 0 0 0 0 0 0 0)
(0 0 0 0 0 0 0 0 0)
(0 0 0 0 0 0 0 0 0)
(0 0 0 0 0 0 0 0 0)
(0 0 0 0 0 0 0 0 0)
(0 0 0 0 0 0 0 0 0)
(0 0 0 0 0 0 0 0 0)
(0 0 0 0 0 0 0 0 0)
(0 0 0 0 0 0 0 0 0)
(0 0 0 0 0 0 0 0 0)
(0 0 0 0 0 0 0 0 0)
(0 0 0 0 0 0 0 0 0)
(0 0 0 0 0 0 0 0 0)
(0 0 0 0 0 0 0 0 0)
(0 0 0 0 0 0 0 0 0)
(0 0 0 0 0 0 0 0 0)
(0 0 0 0 0 0 0 0 0)
(0 0 0 0 0 0 0 0 0)
(0 0 0 0 0 0 0 0 0)
(0 0 0 0 0 0 0 0 0)
(0 0 0 0 0 0 0 0 0)
(0 0 0 0 0 0 0 0 0)
(0 0 0 0 0 0 0 0 0)
(0 0 0 0 0 0 0 0 0)
(0 0 0 0 0 0 0 0 0)
(0 0 0 0 0 0 0 0 0)
(0 0 0 0 0 0 0 0 0)
(0 0 0 0 0 0 0 0 0)
(0 0 0 0 0 0 0 0 0)
(0 0 0 0 0 0 0 0 0)
(0 0 0 0 0 0 0 0 0)
(0 0 0 0 0 0 0 0 0)
(0 0 0 0 0 0 0 0 0)
(0 0 0 0 0 0 0 0 0)
(0 0 0 0 0 0 0 0 0)
(0 0 0 0 0 0 0 0 0)
(0 0 0 0 0 0 0 0 0)
(0 0 0 0 0 0 0 0 0)
(0 0 0 0 0 0 0 0 0)
(0 0 0 0 0 0 0 0 0)
(0 0 0 0 0 0 0 0 0)
(0 0 0 0 0 0 0 0 0)
(0 0 0 0 0 0 0 0 0)
(0 0 0 0 0 0 0 0 0)
(0 0 0 0 0 0 0 0 0)
(0 0 0 0 0 0 0 0 0)
(0 0 0 0 0 0 0 0 0)
(0 0 0 0 0 0 0 0 0)
(0 0 0 0 0 0 0 0 0)
(0 0 0 0 0 0 0 0 0)
(0 0 0 0 0 0 0 0 0)
(0 0 0 0 0 0 0 0 0)
(0 0 0 0 0 0 0 0 0)
(0 0 0 0 0 0 0 0 0)
(0 0 0 0 0 0 0 0 0)
(0 0 0 0 0 0 0 0 0)
(0 0 0 0 0 0 0 0 0)
(0 0 0 0 0 0 0 0 0)
(0 0 0 0 0 0 0 0 0)
(0 0 0 0 0 0 0 0 0)
(0 0 0 0 0 0 0 0 0)
(0 0 0 0 0 0 0 0 0)
(0 0 0 0 0 0 0 0 0)
(0 0 0 0 0 0 0 0 0)
(0 0 0 0 0 0 0 0 0)
(0 0 0 0 0 0 0 0 0)
(0 0 0 0 0 0 0 0 0)
(0 0 0 0 0 0 0 0 0)
(0 0 0 0 0 0 0 0 0)
(0 0 0 0 0 0 0 0 0)
(0 0 0 0 0 0 0 0 0)
(0 0 0 0 0 0 0 0 0)
(0 0 0 0 0 0 0 0 0)
(0 0 0 0 0 0 0 0 0)
(0 0 0 0 0 0 0 0 0)
(0 0 0 0 0 0 0 0 0)
(0 0 0 0 0 0 0 0 0)
(0 0 0 0 0 0 0 0 0)
(0 0 0 0 0 0 0 0 0)
(0 0 0 0 0 0 0 0 0)
(0 0 0 0 0 0 0 0 0)
(0 0 0 0 0 0 0 0 0)
(0 0 0 0 0 0 0 0 0)
(0 0 0 0 0 0 0 0 0)
(0 0 0 0 0 0 0 0 0)
(0 0 0 0 0 0 0 0 0)
(0 0 0 0 0 0 0 0 0)
(0 0 0 0 0 0 0 0 0)
(0 0 0 0 0 0 0 0 0)
(0 0 0 0 0 0 0 0 0)
(0 0 0 0 0 0 0 0 0)
(0 0 0 0 0 0 0 0 0)
(0 0 0 0 0 0 0 0 0)
(0 0 0 0 0 0 0 0 0)
(0 0 0 0 0 0 0 0 0)
(0 0 0 0 0 0 0 0 0)
(0 0 0 0 0 0 0 0 0)
(0 0 0 0 0 0 0 0 0)
(0 0 0 0 0 0 0 0 0)
(0 0 0 0 0 0 0 0 0)
(0 0 0 0 0 0 0 0 0)
(0 0 0 0 0 0 0 0 0)
(0 0 0 0 0 0 0 0 0)
(0 0 0 0 0 0 0 0 0)
(0 0 0 0 0 0 0 0 0)
(0 0 0 0 0 0 0 0 0)
(0 0 0 0 0 0 0 0 0)
(0 0 0 0 0 0 0 0 0)
(0 0 0 0 0 0 0 0 0)
(0 0 0 0 0 0 0 0 0)
(0 0 0 0 0 0 0 0 0)
(0 0 0 0 0 0 0 0 0)
(0 0 0 0 0 0 0 0 0)
(0 0 0 0 0 0 0 0 0)
(0 0 0 0 0 0 0 0 0)
(0 0 0 0 0 0 0 0 0)
(0 0 0 0 0 0 0 0 0)
(0 0 0 0 0 0 0 0 0)
(0 0 0 0 0 0 0 0 0)
(0 0 0 0 0 0 0 0 0)
(0 0 0 0 0 0 0 0 0)
(0 0 0 0 0 0 0 0 0)
(0 0 0 0 0 0 0 0 0)
(0 0 0 0 0 0 0 0 0)
(0 0 0 0 0 0 0 0 0)
(0 0 0 0 0 0 0 0 0)
(0 0 0 0 0 0 0 0 0)
(0 0 0 0 0 0 0 0 0)
(0 0 0 0 0 0 0 0 0)
(0 0 0 0 0 0 0 0 0)
(0 0 0 0 0 0 0 0 0)
(0 0 0 0 0 0 0 0 0)
(0.00123499 0 0 0 0.000154374 0 0 0 0.000154374)
(0.00123536 0 0 0 0.00015442 0 0 0 0.00015442)
(0.00123598 0 0 0 0.000154498 0 0 0 0.000154498)
(0.00123693 0 0 0 0.000154617 0 0 0 0.000154617)
(0.00123784 0 0 0 0.000154731 0 0 0 0.000154731)
(0.00123873 0 0 0 0.000154841 0 0 0 0.000154841)
(0.0012396 0 0 0 0.00015495 0 0 0 0.00015495)
(0.00124046 0 0 0 0.000155057 0 0 0 0.000155057)
(0.0012413 0 0 0 0.000155163 0 0 0 0.000155163)
(0.00124214 0 0 0 0.000155268 0 0 0 0.000155268)
(0.00124297 0 0 0 0.000155371 0 0 0 0.000155371)
(0.00124379 0 0 0 0.000155474 0 0 0 0.000155474)
(0.0012446 0 0 0 0.000155575 0 0 0 0.000155575)
(0.0012454 0 0 0 0.000155675 0 0 0 0.000155675)
(0.00124619 0 0 0 0.000155774 0 0 0 0.000155774)
(0.00124698 0 0 0 0.000155872 0 0 0 0.000155872)
(0.00124775 0 0 0 0.000155969 0 0 0 0.000155969)
(0.00124852 0 0 0 0.000156065 0 0 0 0.000156065)
(0.00124928 0 0 0 0.00015616 0 0 0 0.00015616)
(0.00125002 0 0 0 0.000156253 0 0 0 0.000156253)
(0.00125076 0 0 0 0.000156345 0 0 0 0.000156345)
(0.00125149 0 0 0 0.000156436 0 0 0 0.000156436)
(0.00125221 0 0 0 0.000156526 0 0 0 0.000156526)
(0.00125291 0 0 0 0.000156614 0 0 0 0.000156614)
(0.00125361 0 0 0 0.000156701 0 0 0 0.000156701)
(0.00125429 0 0 0 0.000156787 0 0 0 0.000156787)
(0.00125497 0 0 0 0.000156871 0 0 0 0.000156871)
(0.00125563 0 0 0 0.000156954 0 0 0 0.000156954)
(0.00125629 0 0 0 0.000157036 0 0 0 0.000157036)
(0.00125693 0 0 0 0.000157116 0 0 0 0.000157116)
(0.00125756 0 0 0 0.000157195 0 0 0 0.000157195)
(0.00125818 0 0 0 0.000157272 0 0 0 0.000157272)
(0.00125879 0 0 0 0.000157348 0 0 0 0.000157348)
(0.00125938 0 0 0 0.000157423 0 0 0 0.000157423)
(0.00125997 0 0 0 0.000157496 0 0 0 0.000157496)
(0.00126054 0 0 0 0.000157567 0 0 0 0.000157567)
(0.0012611 0 0 0 0.000157638 0 0 0 0.000157638)
(0.00126165 0 0 0 0.000157706 0 0 0 0.000157706)
(0.00126219 0 0 0 0.000157773 0 0 0 0.000157773)
(0.00126271 0 0 0 0.000157839 0 0 0 0.000157839)
(0.00126323 0 0 0 0.000157903 0 0 0 0.000157903)
(0.00126373 0 0 0 0.000157966 0 0 0 0.000157966)
(0.00126422 0 0 0 0.000158027 0 0 0 0.000158027)
(0.0012647 0 0 0 0.000158087 0 0 0 0.000158087)
(0.00126516 0 0 0 0.000158146 0 0 0 0.000158146)
(0.00126562 0 0 0 0.000158202 0 0 0 0.000158202)
(0.00126606 0 0 0 0.000158258 0 0 0 0.000158258)
(0.00126649 0 0 0 0.000158312 0 0 0 0.000158312)
(0.00126691 0 0 0 0.000158364 0 0 0 0.000158364)
(0.00126732 0 0 0 0.000158415 0 0 0 0.000158415)
(0.00126771 0 0 0 0.000158464 0 0 0 0.000158464)
(0.0012681 0 0 0 0.000158512 0 0 0 0.000158512)
(0.00126847 0 0 0 0.000158559 0 0 0 0.000158559)
(0.00126883 0 0 0 0.000158604 0 0 0 0.000158604)
(0.00126918 0 0 0 0.000158648 0 0 0 0.000158648)
(0.00126952 0 0 0 0.00015869 0 0 0 0.00015869)
(0.00126985 0 0 0 0.000158731 0 0 0 0.000158731)
(0.00127017 0 0 0 0.000158771 0 0 0 0.000158771)
(0.00127047 0 0 0 0.000158809 0 0 0 0.000158809)
(0.00127077 0 0 0 0.000158846 0 0 0 0.000158846)
(0.00127105 0 0 0 0.000158881 0 0 0 0.000158881)
(0.00127133 0 0 0 0.000158916 0 0 0 0.000158916)
(0.00127159 0 0 0 0.000158949 0 0 0 0.000158949)
(0.00127184 0 0 0 0.00015898 0 0 0 0.00015898)
(0.00127209 0 0 0 0.000159011 0 0 0 0.000159011)
(0.00127232 0 0 0 0.00015904 0 0 0 0.00015904)
(0.00127254 0 0 0 0.000159068 0 0 0 0.000159068)
(0.00127276 0 0 0 0.000159095 0 0 0 0.000159095)
(0.00127297 0 0 0 0.000159121 0 0 0 0.000159121)
(0.00127316 0 0 0 0.000159145 0 0 0 0.000159145)
(0.00127335 0 0 0 0.000159169 0 0 0 0.000159169)
(0.00127353 0 0 0 0.000159191 0 0 0 0.000159191)
(0.0012737 0 0 0 0.000159213 0 0 0 0.000159213)
(0.00127387 0 0 0 0.000159233 0 0 0 0.000159233)
(0.00127402 0 0 0 0.000159253 0 0 0 0.000159253)
(0.00127417 0 0 0 0.000159271 0 0 0 0.000159271)
(0.00127431 0 0 0 0.000159289 0 0 0 0.000159289)
(0.00127444 0 0 0 0.000159305 0 0 0 0.000159305)
(0.00127457 0 0 0 0.000159321 0 0 0 0.000159321)
(0.00127469 0 0 0 0.000159336 0 0 0 0.000159336)
(0.0012748 0 0 0 0.00015935 0 0 0 0.00015935)
(0.00127491 0 0 0 0.000159364 0 0 0 0.000159364)
(0.00127501 0 0 0 0.000159376 0 0 0 0.000159376)
(0.0012751 0 0 0 0.000159388 0 0 0 0.000159388)
(0.00127519 0 0 0 0.000159399 0 0 0 0.000159399)
(0.00127528 0 0 0 0.00015941 0 0 0 0.00015941)
(0.00127536 0 0 0 0.00015942 0 0 0 0.00015942)
(0.00127543 0 0 0 0.000159429 0 0 0 0.000159429)
(0.0012755 0 0 0 0.000159438 0 0 0 0.000159438)
(0.00127557 0 0 0 0.000159446 0 0 0 0.000159446)
(0.00127563 0 0 0 0.000159453 0 0 0 0.000159453)
(0.00127568 0 0 0 0.00015946 0 0 0 0.00015946)
(0.00127574 0 0 0 0.000159467 0 0 0 0.000159467)
(0.00127579 0 0 0 0.000159473 0 0 0 0.000159473)
(0.00127583 0 0 0 0.000159479 0 0 0 0.000159479)
(0.00127587 0 0 0 0.000159484 0 0 0 0.000159484)
(0.00127591 0 0 0 0.000159489 0 0 0 0.000159489)
(0.00127595 0 0 0 0.000159494 0 0 0 0.000159494)
(0.00127598 0 0 0 0.000159498 0 0 0 0.000159498)
(0.00127601 0 0 0 0.000159502 0 0 0 0.000159502)
(0.00127604 0 0 0 0.000159505 0 0 0 0.000159505)
(0.00127607 0 0 0 0.000159509 0 0 0 0.000159509)
(0.00127609 0 0 0 0.000159512 0 0 0 0.000159512)
(0.00127612 0 0 0 0.000159515 0 0 0 0.000159515)
(0.00127614 0 0 0 0.000159517 0 0 0 0.000159517)
(0.00127616 0 0 0 0.00015952 0 0 0 0.00015952)
(0.00127617 0 0 0 0.000159522 0 0 0 0.000159522)
(0.00127619 0 0 0 0.000159524 0 0 0 0.000159524)
(0.0012762 0 0 0 0.000159525 0 0 0 0.000159525)
(0.00127622 0 0 0 0.000159527 0 0 0 0.000159527)
(0.00127623 0 0 0 0.000159529 0 0 0 0.000159529)
(0.00127624 0 0 0 0.00015953 0 0 0 0.00015953)
(0.00127625 0 0 0 0.000159531 0 0 0 0.000159531)
(0.00127626 0 0 0 0.000159532 0 0 0 0.000159532)
(0.00127627 0 0 0 0.000159533 0 0 0 0.000159533)
(0.00127627 0 0 0 0.000159534 0 0 0 0.000159534)
(0.00127628 0 0 0 0.000159535 0 0 0 0.000159535)
(0.00127628 0 0 0 0.000159536 0 0 0 0.000159536)
(0.00127629 0 0 0 0.000159536 0 0 0 0.000159536)
(0.00127629 0 0 0 0.000159537 0 0 0 0.000159537)
(0.0012763 0 0 0 0.000159537 0 0 0 0.000159537)
(0.0012763 0 0 0 0.000159538 0 0 0 0.000159538)
(0.0012763 0 0 0 0.000159538 0 0 0 0.000159538)
(0.00127631 0 0 0 0.000159538 0 0 0 0.000159538)
(0.00127631 0 0 0 0.000159539 0 0 0 0.000159539)
(0.00127631 0 0 0 0.000159539 0 0 0 0.000159539)
(0.00127631 0 0 0 0.000159539 0 0 0 0.000159539)
(0.00127632 0 0 0 0.00015954 0 0 0 0.00015954)
(0.00127632 0 0 0 0.00015954 0 0 0 0.00015954)
(0.00127632 0 0 0 0.00015954 0 0 0 0.00015954)
(0.00127632 0 0 0 0.00015954 0 0 0 0.00015954)
(0.00127632 0 0 0 0.00015954 0 0 0 0.00015954)
(0.00127632 0 0 0 0.00015954 0 0 0 0.00015954)
(0.00127632 0 0 0 0.00015954 0 0 0 0.00015954)
(0.00127632 0 0 0 0.000159541 0 0 0 0.000159541)
(0.00127633 0 0 0 0.000159541 0 0 0 0.000159541)
(0.00127633 0 0 0 0.000159541 0 0 0 0.000159541)
(0.00127633 0 0 0 0.000159541 0 0 0 0.000159541)
(0.00127633 0 0 0 0.000159541 0 0 0 0.000159541)
(0.00127633 0 0 0 0.000159541 0 0 0 0.000159541)
(0.00127633 0 0 0 0.000159541 0 0 0 0.000159541)
(0.00127633 0 0 0 0.000159541 0 0 0 0.000159541)
(0.00127633 0 0 0 0.000159541 0 0 0 0.000159541)
(0.00127633 0 0 0 0.000159541 0 0 0 0.000159541)
(0.00127633 0 0 0 0.000159541 0 0 0 0.000159541)
(0.00127633 0 0 0 0.000159541 0 0 0 0.000159541)
(0.00127633 0 0 0 0.000159541 0 0 0 0.000159541)
(0.00127633 0 0 0 0.000159542 0 0 0 0.000159542)
(0.00127633 0 0 0 0.000159542 0 0 0 0.000159542)
(0.00127633 0 0 0 0.000159542 0 0 0 0.000159542)
(0.00127634 0 0 0 0.000159542 0 0 0 0.000159542)
(0.00127634 0 0 0 0.000159542 0 0 0 0.000159542)
(0.00127634 0 0 0 0.000159542 0 0 0 0.000159542)
(0.00127634 0 0 0 0.000159543 0 0 0 0.000159543)
(0.00127634 0 0 0 0.000159543 0 0 0 0.000159543)
(0.00127634 0 0 0 0.000159543 0 0 0 0.000159543)
(0.00127635 0 0 0 0.000159543 0 0 0 0.000159543)
(0.00127635 0 0 0 0.000159544 0 0 0 0.000159544)
(0.00127635 0 0 0 0.000159544 0 0 0 0.000159544)
(0.00127636 0 0 0 0.000159544 0 0 0 0.000159544)
(0.00127636 0 0 0 0.000159545 0 0 0 0.000159545)
(0.00127636 0 0 0 0.000159545 0 0 0 0.000159545)
(0.00127637 0 0 0 0.000159546 0 0 0 0.000159546)
(0.00127637 0 0 0 0.000159547 0 0 0 0.000159547)
(0.00127638 0 0 0 0.000159547 0 0 0 0.000159547)
(0.00127639 0 0 0 0.000159548 0 0 0 0.000159548)
(0.00127639 0 0 0 0.000159549 0 0 0 0.000159549)
(0.0012764 0 0 0 0.00015955 0 0 0 0.00015955)
(0.00127641 0 0 0 0.000159551 0 0 0 0.000159551)
(0.00127642 0 0 0 0.000159553 0 0 0 0.000159553)
(0.00127643 0 0 0 0.000159554 0 0 0 0.000159554)
(0.00127644 0 0 0 0.000159555 0 0 0 0.000159555)
(0.00127646 0 0 0 0.000159557 0 0 0 0.000159557)
(0.00127647 0 0 0 0.000159559 0 0 0 0.000159559)
(0.00127649 0 0 0 0.000159561 0 0 0 0.000159561)
(0.0012765 0 0 0 0.000159563 0 0 0 0.000159563)
(0.00127652 0 0 0 0.000159565 0 0 0 0.000159565)
(0.00127654 0 0 0 0.000159568 0 0 0 0.000159568)
(0.00127657 0 0 0 0.000159571 0 0 0 0.000159571)
(0.00127659 0 0 0 0.000159574 0 0 0 0.000159574)
(0.00127662 0 0 0 0.000159577 0 0 0 0.000159577)
(0.00127665 0 0 0 0.000159581 0 0 0 0.000159581)
(0.00127668 0 0 0 0.000159585 0 0 0 0.000159585)
(0.00127671 0 0 0 0.000159589 0 0 0 0.000159589)
(0.00127675 0 0 0 0.000159594 0 0 0 0.000159594)
(0.00127679 0 0 0 0.000159599 0 0 0 0.000159599)
(0.00127683 0 0 0 0.000159604 0 0 0 0.000159604)
(0.00127688 0 0 0 0.00015961 0 0 0 0.00015961)
(0.00127693 0 0 0 0.000159616 0 0 0 0.000159616)
(0.00127698 0 0 0 0.000159623 0 0 0 0.000159623)
(0.00127704 0 0 0 0.00015963 0 0 0 0.00015963)
(0.0012771 0 0 0 0.000159637 0 0 0 0.000159637)
(0.00127717 0 0 0 0.000159646 0 0 0 0.000159646)
(0.00127724 0 0 0 0.000159655 0 0 0 0.000159655)
(0.00127731 0 0 0 0.000159664 0 0 0 0.000159664)
(0.00127739 0 0 0 0.000159674 0 0 0 0.000159674)
(0.00127748 0 0 0 0.000159685 0 0 0 0.000159685)
(0.00127757 0 0 0 0.000159696 0 0 0 0.000159696)
(0.00127767 0 0 0 0.000159708 0 0 0 0.000159708)
(0.00127777 0 0 0 0.000159721 0 0 0 0.000159721)
(0.00127788 0 0 0 0.000159735 0 0 0 0.000159735)
(0.001278 0 0 0 0.00015975 0 0 0 0.00015975)
(0.00127812 0 0 0 0.000159765 0 0 0 0.000159765)
(0.00127825 0 0 0 0.000159782 0 0 0 0.000159782)
(0.00127839 0 0 0 0.000159799 0 0 0 0.000159799)
(0.00127854 0 0 0 0.000159817 0 0 0 0.000159817)
(0.00127869 0 0 0 0.000159837 0 0 0 0.000159837)
(0.00127886 0 0 0 0.000159857 0 0 0 0.000159857)
(0.00127903 0 0 0 0.000159878 0 0 0 0.000159878)
(0.00127921 0 0 0 0.000159901 0 0 0 0.000159901)
(0.0012794 0 0 0 0.000159925 0 0 0 0.000159925)
(0.0012796 0 0 0 0.00015995 0 0 0 0.00015995)
(0.00127981 0 0 0 0.000159976 0 0 0 0.000159976)
(0.00128003 0 0 0 0.000160004 0 0 0 0.000160004)
(0.00128026 0 0 0 0.000160033 0 0 0 0.000160033)
(0.0012805 0 0 0 0.000160063 0 0 0 0.000160063)
(0.00128076 0 0 0 0.000160095 0 0 0 0.000160095)
(0.00128102 0 0 0 0.000160128 0 0 0 0.000160128)
(0.0012813 0 0 0 0.000160162 0 0 0 0.000160162)
(0.00128159 0 0 0 0.000160198 0 0 0 0.000160198)
(0.00128189 0 0 0 0.000160236 0 0 0 0.000160236)
(0.0012822 0 0 0 0.000160275 0 0 0 0.000160275)
(0.00128253 0 0 0 0.000160316 0 0 0 0.000160316)
(0.00128287 0 0 0 0.000160359 0 0 0 0.000160359)
(0.00128323 0 0 0 0.000160403 0 0 0 0.000160403)
(0.00128359 0 0 0 0.000160449 0 0 0 0.000160449)
(0.00128398 0 0 0 0.000160497 0 0 0 0.000160497)
(0.00128437 0 0 0 0.000160546 0 0 0 0.000160546)
(0.00128478 0 0 0 0.000160598 0 0 0 0.000160598)
(0.00128521 0 0 0 0.000160651 0 0 0 0.000160651)
(0.00128565 0 0 0 0.000160706 0 0 0 0.000160706)
(0.00128611 0 0 0 0.000160763 0 0 0 0.000160763)
(0.00128658 0 0 0 0.000160822 0 0 0 0.000160822)
(0.00128707 0 0 0 0.000160883 0 0 0 0.000160883)
(0.00128757 0 0 0 0.000160946 0 0 0 0.000160946)
(0.00128809 0 0 0 0.000161011 0 0 0 0.000161011)
(0.00128863 0 0 0 0.000161078 0 0 0 0.000161078)
(0.00128918 0 0 0 0.000161147 0 0 0 0.000161147)
(0.00128975 0 0 0 0.000161219 0 0 0 0.000161219)
(0.00129034 0 0 0 0.000161292 0 0 0 0.000161292)
(0.00129094 0 0 0 0.000161367 0 0 0 0.000161367)
(0.00129156 0 0 0 0.000161445 0 0 0 0.000161445)
(0.0012922 0 0 0 0.000161524 0 0 0 0.000161524)
(0.00129285 0 0 0 0.000161606 0 0 0 0.000161606)
(0.00129352 0 0 0 0.00016169 0 0 0 0.00016169)
(0.00129421 0 0 0 0.000161776 0 0 0 0.000161776)
(0.00129491 0 0 0 0.000161864 0 0 0 0.000161864)
(0.00129564 0 0 0 0.000161954 0 0 0 0.000161954)
(0.00129637 0 0 0 0.000162047 0 0 0 0.000162047)
(0.00129713 0 0 0 0.000162141 0 0 0 0.000162141)
(0.0012979 0 0 0 0.000162238 0 0 0 0.000162238)
(0.00129869 0 0 0 0.000162336 0 0 0 0.000162336)
(0.00129949 0 0 0 0.000162437 0 0 0 0.000162437)
(0.00130031 0 0 0 0.000162539 0 0 0 0.000162539)
(0.00130115 0 0 0 0.000162644 0 0 0 0.000162644)
(0.001302 0 0 0 0.00016275 0 0 0 0.00016275)
(0.00130286 0 0 0 0.000162858 0 0 0 0.000162858)
(0.00130374 0 0 0 0.000162967 0 0 0 0.000162967)
(0.00130462 0 0 0 0.000163078 0 0 0 0.000163078)
(0.00130552 0 0 0 0.00016319 0 0 0 0.00016319)
(0.00130643 0 0 0 0.000163304 0 0 0 0.000163304)
(0.00130735 0 0 0 0.000163418 0 0 0 0.000163418)
(0.00130827 0 0 0 0.000163534 0 0 0 0.000163534)
(0.0013092 0 0 0 0.00016365 0 0 0 0.00016365)
(0.00131013 0 0 0 0.000163767 0 0 0 0.000163767)
(0.00131107 0 0 0 0.000163884 0 0 0 0.000163884)
(0.00131203 0 0 0 0.000164003 0 0 0 0.000164003)
(0.00131301 0 0 0 0.000164126 0 0 0 0.000164126)
(0.00131404 0 0 0 0.000164256 0 0 0 0.000164256)
(0.00131475 0 0 0 0.000164343 0 0 0 0.000164343)
(0.001235 0 0 0 0.000154375 0 0 0 0.000154375)
(0.00123536 0 0 0 0.00015442 0 0 0 0.00015442)
(0.00123599 0 0 0 0.000154499 0 0 0 0.000154499)
(0.00123694 0 0 0 0.000154617 0 0 0 0.000154617)
(0.00123785 0 0 0 0.000154731 0 0 0 0.000154731)
(0.00123873 0 0 0 0.000154841 0 0 0 0.000154841)
(0.0012396 0 0 0 0.00015495 0 0 0 0.00015495)
(0.00124046 0 0 0 0.000155057 0 0 0 0.000155057)
(0.0012413 0 0 0 0.000155163 0 0 0 0.000155163)
(0.00124214 0 0 0 0.000155268 0 0 0 0.000155268)
(0.00124297 0 0 0 0.000155371 0 0 0 0.000155371)
(0.00124379 0 0 0 0.000155474 0 0 0 0.000155474)
(0.0012446 0 0 0 0.000155575 0 0 0 0.000155575)
(0.0012454 0 0 0 0.000155675 0 0 0 0.000155675)
(0.00124619 0 0 0 0.000155774 0 0 0 0.000155774)
(0.00124698 0 0 0 0.000155872 0 0 0 0.000155872)
(0.00124775 0 0 0 0.000155969 0 0 0 0.000155969)
(0.00124852 0 0 0 0.000156065 0 0 0 0.000156065)
(0.00124928 0 0 0 0.00015616 0 0 0 0.00015616)
(0.00125002 0 0 0 0.000156253 0 0 0 0.000156253)
(0.00125076 0 0 0 0.000156345 0 0 0 0.000156345)
(0.00125149 0 0 0 0.000156436 0 0 0 0.000156436)
(0.00125221 0 0 0 0.000156526 0 0 0 0.000156526)
(0.00125291 0 0 0 0.000156614 0 0 0 0.000156614)
(0.00125361 0 0 0 0.000156701 0 0 0 0.000156701)
(0.00125429 0 0 0 0.000156787 0 0 0 0.000156787)
(0.00125497 0 0 0 0.000156871 0 0 0 0.000156871)
(0.00125563 0 0 0 0.000156954 0 0 0 0.000156954)
(0.00125629 0 0 0 0.000157036 0 0 0 0.000157036)
(0.00125693 0 0 0 0.000157116 0 0 0 0.000157116)
(0.00125756 0 0 0 0.000157195 0 0 0 0.000157195)
(0.00125818 0 0 0 0.000157272 0 0 0 0.000157272)
(0.00125879 0 0 0 0.000157348 0 0 0 0.000157348)
(0.00125938 0 0 0 0.000157423 0 0 0 0.000157423)
(0.00125997 0 0 0 0.000157496 0 0 0 0.000157496)
(0.00126054 0 0 0 0.000157567 0 0 0 0.000157567)
(0.0012611 0 0 0 0.000157638 0 0 0 0.000157638)
(0.00126165 0 0 0 0.000157706 0 0 0 0.000157706)
(0.00126219 0 0 0 0.000157773 0 0 0 0.000157773)
(0.00126271 0 0 0 0.000157839 0 0 0 0.000157839)
(0.00126323 0 0 0 0.000157903 0 0 0 0.000157903)
(0.00126373 0 0 0 0.000157966 0 0 0 0.000157966)
(0.00126422 0 0 0 0.000158027 0 0 0 0.000158027)
(0.0012647 0 0 0 0.000158087 0 0 0 0.000158087)
(0.00126516 0 0 0 0.000158146 0 0 0 0.000158146)
(0.00126562 0 0 0 0.000158202 0 0 0 0.000158202)
(0.00126606 0 0 0 0.000158258 0 0 0 0.000158258)
(0.00126649 0 0 0 0.000158312 0 0 0 0.000158312)
(0.00126691 0 0 0 0.000158364 0 0 0 0.000158364)
(0.00126732 0 0 0 0.000158415 0 0 0 0.000158415)
(0.00126771 0 0 0 0.000158464 0 0 0 0.000158464)
(0.0012681 0 0 0 0.000158512 0 0 0 0.000158512)
(0.00126847 0 0 0 0.000158559 0 0 0 0.000158559)
(0.00126883 0 0 0 0.000158604 0 0 0 0.000158604)
(0.00126918 0 0 0 0.000158648 0 0 0 0.000158648)
(0.00126952 0 0 0 0.00015869 0 0 0 0.00015869)
(0.00126985 0 0 0 0.000158731 0 0 0 0.000158731)
(0.00127017 0 0 0 0.000158771 0 0 0 0.000158771)
(0.00127047 0 0 0 0.000158809 0 0 0 0.000158809)
(0.00127077 0 0 0 0.000158846 0 0 0 0.000158846)
(0.00127105 0 0 0 0.000158881 0 0 0 0.000158881)
(0.00127133 0 0 0 0.000158916 0 0 0 0.000158916)
(0.00127159 0 0 0 0.000158949 0 0 0 0.000158949)
(0.00127184 0 0 0 0.00015898 0 0 0 0.00015898)
(0.00127209 0 0 0 0.000159011 0 0 0 0.000159011)
(0.00127232 0 0 0 0.00015904 0 0 0 0.00015904)
(0.00127254 0 0 0 0.000159068 0 0 0 0.000159068)
(0.00127276 0 0 0 0.000159095 0 0 0 0.000159095)
(0.00127297 0 0 0 0.000159121 0 0 0 0.000159121)
(0.00127316 0 0 0 0.000159145 0 0 0 0.000159145)
(0.00127335 0 0 0 0.000159169 0 0 0 0.000159169)
(0.00127353 0 0 0 0.000159191 0 0 0 0.000159191)
(0.0012737 0 0 0 0.000159213 0 0 0 0.000159213)
(0.00127387 0 0 0 0.000159233 0 0 0 0.000159233)
(0.00127402 0 0 0 0.000159253 0 0 0 0.000159253)
(0.00127417 0 0 0 0.000159271 0 0 0 0.000159271)
(0.00127431 0 0 0 0.000159289 0 0 0 0.000159289)
(0.00127444 0 0 0 0.000159305 0 0 0 0.000159305)
(0.00127457 0 0 0 0.000159321 0 0 0 0.000159321)
(0.00127469 0 0 0 0.000159336 0 0 0 0.000159336)
(0.0012748 0 0 0 0.00015935 0 0 0 0.00015935)
(0.00127491 0 0 0 0.000159364 0 0 0 0.000159364)
(0.00127501 0 0 0 0.000159376 0 0 0 0.000159376)
(0.0012751 0 0 0 0.000159388 0 0 0 0.000159388)
(0.00127519 0 0 0 0.000159399 0 0 0 0.000159399)
(0.00127528 0 0 0 0.00015941 0 0 0 0.00015941)
(0.00127536 0 0 0 0.00015942 0 0 0 0.00015942)
(0.00127543 0 0 0 0.000159429 0 0 0 0.000159429)
(0.0012755 0 0 0 0.000159438 0 0 0 0.000159438)
(0.00127557 0 0 0 0.000159446 0 0 0 0.000159446)
(0.00127563 0 0 0 0.000159453 0 0 0 0.000159453)
(0.00127568 0 0 0 0.00015946 0 0 0 0.00015946)
(0.00127574 0 0 0 0.000159467 0 0 0 0.000159467)
(0.00127579 0 0 0 0.000159473 0 0 0 0.000159473)
(0.00127583 0 0 0 0.000159479 0 0 0 0.000159479)
(0.00127587 0 0 0 0.000159484 0 0 0 0.000159484)
(0.00127591 0 0 0 0.000159489 0 0 0 0.000159489)
(0.00127595 0 0 0 0.000159494 0 0 0 0.000159494)
(0.00127598 0 0 0 0.000159498 0 0 0 0.000159498)
(0.00127601 0 0 0 0.000159502 0 0 0 0.000159502)
(0.00127604 0 0 0 0.000159505 0 0 0 0.000159505)
(0.00127607 0 0 0 0.000159509 0 0 0 0.000159509)
(0.00127609 0 0 0 0.000159512 0 0 0 0.000159512)
(0.00127612 0 0 0 0.000159515 0 0 0 0.000159515)
(0.00127614 0 0 0 0.000159517 0 0 0 0.000159517)
(0.00127616 0 0 0 0.00015952 0 0 0 0.00015952)
(0.00127617 0 0 0 0.000159522 0 0 0 0.000159522)
(0.00127619 0 0 0 0.000159524 0 0 0 0.000159524)
(0.0012762 0 0 0 0.000159525 0 0 0 0.000159525)
(0.00127622 0 0 0 0.000159527 0 0 0 0.000159527)
(0.00127623 0 0 0 0.000159529 0 0 0 0.000159529)
(0.00127624 0 0 0 0.00015953 0 0 0 0.00015953)
(0.00127625 0 0 0 0.000159531 0 0 0 0.000159531)
(0.00127626 0 0 0 0.000159532 0 0 0 0.000159532)
(0.00127627 0 0 0 0.000159533 0 0 0 0.000159533)
(0.00127627 0 0 0 0.000159534 0 0 0 0.000159534)
(0.00127628 0 0 0 0.000159535 0 0 0 0.000159535)
(0.00127628 0 0 0 0.000159536 0 0 0 0.000159536)
(0.00127629 0 0 0 0.000159536 0 0 0 0.000159536)
(0.00127629 0 0 0 0.000159537 0 0 0 0.000159537)
(0.0012763 0 0 0 0.000159537 0 0 0 0.000159537)
(0.0012763 0 0 0 0.000159538 0 0 0 0.000159538)
(0.0012763 0 0 0 0.000159538 0 0 0 0.000159538)
(0.00127631 0 0 0 0.000159538 0 0 0 0.000159538)
(0.00127631 0 0 0 0.000159539 0 0 0 0.000159539)
(0.00127631 0 0 0 0.000159539 0 0 0 0.000159539)
(0.00127631 0 0 0 0.000159539 0 0 0 0.000159539)
(0.00127632 0 0 0 0.00015954 0 0 0 0.00015954)
(0.00127632 0 0 0 0.00015954 0 0 0 0.00015954)
(0.00127632 0 0 0 0.00015954 0 0 0 0.00015954)
(0.00127632 0 0 0 0.00015954 0 0 0 0.00015954)
(0.00127632 0 0 0 0.00015954 0 0 0 0.00015954)
(0.00127632 0 0 0 0.00015954 0 0 0 0.00015954)
(0.00127632 0 0 0 0.00015954 0 0 0 0.00015954)
(0.00127632 0 0 0 0.000159541 0 0 0 0.000159541)
(0.00127633 0 0 0 0.000159541 0 0 0 0.000159541)
(0.00127633 0 0 0 0.000159541 0 0 0 0.000159541)
(0.00127633 0 0 0 0.000159541 0 0 0 0.000159541)
(0.00127633 0 0 0 0.000159541 0 0 0 0.000159541)
(0.00127633 0 0 0 0.000159541 0 0 0 0.000159541)
(0.00127633 0 0 0 0.000159541 0 0 0 0.000159541)
(0.00127633 0 0 0 0.000159541 0 0 0 0.000159541)
(0.00127633 0 0 0 0.000159541 0 0 0 0.000159541)
(0.00127633 0 0 0 0.000159541 0 0 0 0.000159541)
(0.00127633 0 0 0 0.000159541 0 0 0 0.000159541)
(0.00127633 0 0 0 0.000159541 0 0 0 0.000159541)
(0.00127633 0 0 0 0.000159541 0 0 0 0.000159541)
(0.00127633 0 0 0 0.000159542 0 0 0 0.000159542)
(0.00127633 0 0 0 0.000159542 0 0 0 0.000159542)
(0.00127633 0 0 0 0.000159542 0 0 0 0.000159542)
(0.00127634 0 0 0 0.000159542 0 0 0 0.000159542)
(0.00127634 0 0 0 0.000159542 0 0 0 0.000159542)
(0.00127634 0 0 0 0.000159542 0 0 0 0.000159542)
(0.00127634 0 0 0 0.000159543 0 0 0 0.000159543)
(0.00127634 0 0 0 0.000159543 0 0 0 0.000159543)
(0.00127634 0 0 0 0.000159543 0 0 0 0.000159543)
(0.00127635 0 0 0 0.000159543 0 0 0 0.000159543)
(0.00127635 0 0 0 0.000159544 0 0 0 0.000159544)
(0.00127635 0 0 0 0.000159544 0 0 0 0.000159544)
(0.00127636 0 0 0 0.000159544 0 0 0 0.000159544)
(0.00127636 0 0 0 0.000159545 0 0 0 0.000159545)
(0.00127636 0 0 0 0.000159545 0 0 0 0.000159545)
(0.00127637 0 0 0 0.000159546 0 0 0 0.000159546)
(0.00127637 0 0 0 0.000159547 0 0 0 0.000159547)
(0.00127638 0 0 0 0.000159547 0 0 0 0.000159547)
(0.00127639 0 0 0 0.000159548 0 0 0 0.000159548)
(0.00127639 0 0 0 0.000159549 0 0 0 0.000159549)
(0.0012764 0 0 0 0.00015955 0 0 0 0.00015955)
(0.00127641 0 0 0 0.000159551 0 0 0 0.000159551)
(0.00127642 0 0 0 0.000159553 0 0 0 0.000159553)
(0.00127643 0 0 0 0.000159554 0 0 0 0.000159554)
(0.00127644 0 0 0 0.000159555 0 0 0 0.000159555)
(0.00127646 0 0 0 0.000159557 0 0 0 0.000159557)
(0.00127647 0 0 0 0.000159559 0 0 0 0.000159559)
(0.00127649 0 0 0 0.000159561 0 0 0 0.000159561)
(0.0012765 0 0 0 0.000159563 0 0 0 0.000159563)
(0.00127652 0 0 0 0.000159565 0 0 0 0.000159565)
(0.00127654 0 0 0 0.000159568 0 0 0 0.000159568)
(0.00127657 0 0 0 0.000159571 0 0 0 0.000159571)
(0.00127659 0 0 0 0.000159574 0 0 0 0.000159574)
(0.00127662 0 0 0 0.000159577 0 0 0 0.000159577)
(0.00127665 0 0 0 0.000159581 0 0 0 0.000159581)
(0.00127668 0 0 0 0.000159585 0 0 0 0.000159585)
(0.00127671 0 0 0 0.000159589 0 0 0 0.000159589)
(0.00127675 0 0 0 0.000159594 0 0 0 0.000159594)
(0.00127679 0 0 0 0.000159599 0 0 0 0.000159599)
(0.00127683 0 0 0 0.000159604 0 0 0 0.000159604)
(0.00127688 0 0 0 0.00015961 0 0 0 0.00015961)
(0.00127693 0 0 0 0.000159616 0 0 0 0.000159616)
(0.00127698 0 0 0 0.000159623 0 0 0 0.000159623)
(0.00127704 0 0 0 0.00015963 0 0 0 0.00015963)
(0.0012771 0 0 0 0.000159637 0 0 0 0.000159637)
(0.00127717 0 0 0 0.000159646 0 0 0 0.000159646)
(0.00127724 0 0 0 0.000159655 0 0 0 0.000159655)
(0.00127731 0 0 0 0.000159664 0 0 0 0.000159664)
(0.00127739 0 0 0 0.000159674 0 0 0 0.000159674)
(0.00127748 0 0 0 0.000159685 0 0 0 0.000159685)
(0.00127757 0 0 0 0.000159696 0 0 0 0.000159696)
(0.00127767 0 0 0 0.000159708 0 0 0 0.000159708)
(0.00127777 0 0 0 0.000159721 0 0 0 0.000159721)
(0.00127788 0 0 0 0.000159735 0 0 0 0.000159735)
(0.001278 0 0 0 0.00015975 0 0 0 0.00015975)
(0.00127812 0 0 0 0.000159765 0 0 0 0.000159765)
(0.00127825 0 0 0 0.000159782 0 0 0 0.000159782)
(0.00127839 0 0 0 0.000159799 0 0 0 0.000159799)
(0.00127854 0 0 0 0.000159817 0 0 0 0.000159817)
(0.00127869 0 0 0 0.000159837 0 0 0 0.000159837)
(0.00127886 0 0 0 0.000159857 0 0 0 0.000159857)
(0.00127903 0 0 0 0.000159879 0 0 0 0.000159879)
(0.00127921 0 0 0 0.000159901 0 0 0 0.000159901)
(0.0012794 0 0 0 0.000159925 0 0 0 0.000159925)
(0.0012796 0 0 0 0.00015995 0 0 0 0.00015995)
(0.00127981 0 0 0 0.000159976 0 0 0 0.000159976)
(0.00128003 0 0 0 0.000160004 0 0 0 0.000160004)
(0.00128026 0 0 0 0.000160033 0 0 0 0.000160033)
(0.0012805 0 0 0 0.000160063 0 0 0 0.000160063)
(0.00128076 0 0 0 0.000160095 0 0 0 0.000160095)
(0.00128102 0 0 0 0.000160128 0 0 0 0.000160128)
(0.0012813 0 0 0 0.000160162 0 0 0 0.000160162)
(0.00128159 0 0 0 0.000160199 0 0 0 0.000160199)
(0.00128189 0 0 0 0.000160236 0 0 0 0.000160236)
(0.0012822 0 0 0 0.000160275 0 0 0 0.000160275)
(0.00128253 0 0 0 0.000160316 0 0 0 0.000160316)
(0.00128287 0 0 0 0.000160359 0 0 0 0.000160359)
(0.00128323 0 0 0 0.000160403 0 0 0 0.000160403)
(0.00128359 0 0 0 0.000160449 0 0 0 0.000160449)
(0.00128398 0 0 0 0.000160497 0 0 0 0.000160497)
(0.00128437 0 0 0 0.000160547 0 0 0 0.000160547)
(0.00128478 0 0 0 0.000160598 0 0 0 0.000160598)
(0.00128521 0 0 0 0.000160651 0 0 0 0.000160651)
(0.00128565 0 0 0 0.000160706 0 0 0 0.000160706)
(0.00128611 0 0 0 0.000160763 0 0 0 0.000160763)
(0.00128658 0 0 0 0.000160822 0 0 0 0.000160822)
(0.00128707 0 0 0 0.000160883 0 0 0 0.000160883)
(0.00128757 0 0 0 0.000160946 0 0 0 0.000160946)
(0.00128809 0 0 0 0.000161011 0 0 0 0.000161011)
(0.00128863 0 0 0 0.000161078 0 0 0 0.000161078)
(0.00128918 0 0 0 0.000161148 0 0 0 0.000161148)
(0.00128975 0 0 0 0.000161219 0 0 0 0.000161219)
(0.00129034 0 0 0 0.000161292 0 0 0 0.000161292)
(0.00129094 0 0 0 0.000161367 0 0 0 0.000161367)
(0.00129156 0 0 0 0.000161445 0 0 0 0.000161445)
(0.0012922 0 0 0 0.000161524 0 0 0 0.000161524)
(0.00129285 0 0 0 0.000161606 0 0 0 0.000161606)
(0.00129352 0 0 0 0.00016169 0 0 0 0.00016169)
(0.00129421 0 0 0 0.000161776 0 0 0 0.000161776)
(0.00129491 0 0 0 0.000161864 0 0 0 0.000161864)
(0.00129564 0 0 0 0.000161955 0 0 0 0.000161955)
(0.00129638 0 0 0 0.000162047 0 0 0 0.000162047)
(0.00129713 0 0 0 0.000162141 0 0 0 0.000162141)
(0.0012979 0 0 0 0.000162238 0 0 0 0.000162238)
(0.00129869 0 0 0 0.000162336 0 0 0 0.000162336)
(0.0012995 0 0 0 0.000162437 0 0 0 0.000162437)
(0.00130032 0 0 0 0.000162539 0 0 0 0.000162539)
(0.00130115 0 0 0 0.000162644 0 0 0 0.000162644)
(0.001302 0 0 0 0.00016275 0 0 0 0.00016275)
(0.00130286 0 0 0 0.000162858 0 0 0 0.000162858)
(0.00130374 0 0 0 0.000162968 0 0 0 0.000162968)
(0.00130463 0 0 0 0.000163079 0 0 0 0.000163079)
(0.00130553 0 0 0 0.000163191 0 0 0 0.000163191)
(0.00130644 0 0 0 0.000163305 0 0 0 0.000163305)
(0.00130736 0 0 0 0.00016342 0 0 0 0.00016342)
(0.00130828 0 0 0 0.000163536 0 0 0 0.000163536)
(0.00130922 0 0 0 0.000163652 0 0 0 0.000163652)
(0.00131016 0 0 0 0.00016377 0 0 0 0.00016377)
(0.00131111 0 0 0 0.000163888 0 0 0 0.000163888)
(0.00131207 0 0 0 0.000164009 0 0 0 0.000164009)
(0.00131307 0 0 0 0.000164134 0 0 0 0.000164134)
(0.00131412 0 0 0 0.000164265 0 0 0 0.000164265)
(0.0013148 0 0 0 0.00016435 0 0 0 0.00016435)
(0.00123501 0 0 0 0.000154376 0 0 0 0.000154376)
(0.00123537 0 0 0 0.000154421 0 0 0 0.000154421)
(0.001236 0 0 0 0.0001545 0 0 0 0.0001545)
(0.00123694 0 0 0 0.000154617 0 0 0 0.000154617)
(0.00123785 0 0 0 0.000154731 0 0 0 0.000154731)
(0.00123873 0 0 0 0.000154842 0 0 0 0.000154842)
(0.0012396 0 0 0 0.00015495 0 0 0 0.00015495)
(0.00124046 0 0 0 0.000155057 0 0 0 0.000155057)
(0.0012413 0 0 0 0.000155163 0 0 0 0.000155163)
(0.00124214 0 0 0 0.000155268 0 0 0 0.000155268)
(0.00124297 0 0 0 0.000155371 0 0 0 0.000155371)
(0.00124379 0 0 0 0.000155474 0 0 0 0.000155474)
(0.0012446 0 0 0 0.000155575 0 0 0 0.000155575)
(0.0012454 0 0 0 0.000155675 0 0 0 0.000155675)
(0.00124619 0 0 0 0.000155774 0 0 0 0.000155774)
(0.00124698 0 0 0 0.000155872 0 0 0 0.000155872)
(0.00124775 0 0 0 0.000155969 0 0 0 0.000155969)
(0.00124852 0 0 0 0.000156065 0 0 0 0.000156065)
(0.00124928 0 0 0 0.00015616 0 0 0 0.00015616)
(0.00125002 0 0 0 0.000156253 0 0 0 0.000156253)
(0.00125076 0 0 0 0.000156345 0 0 0 0.000156345)
(0.00125149 0 0 0 0.000156436 0 0 0 0.000156436)
(0.00125221 0 0 0 0.000156526 0 0 0 0.000156526)
(0.00125291 0 0 0 0.000156614 0 0 0 0.000156614)
(0.00125361 0 0 0 0.000156701 0 0 0 0.000156701)
(0.00125429 0 0 0 0.000156787 0 0 0 0.000156787)
(0.00125497 0 0 0 0.000156871 0 0 0 0.000156871)
(0.00125563 0 0 0 0.000156954 0 0 0 0.000156954)
(0.00125629 0 0 0 0.000157036 0 0 0 0.000157036)
(0.00125693 0 0 0 0.000157116 0 0 0 0.000157116)
(0.00125756 0 0 0 0.000157195 0 0 0 0.000157195)
(0.00125818 0 0 0 0.000157272 0 0 0 0.000157272)
(0.00125879 0 0 0 0.000157348 0 0 0 0.000157348)
(0.00125938 0 0 0 0.000157423 0 0 0 0.000157423)
(0.00125997 0 0 0 0.000157496 0 0 0 0.000157496)
(0.00126054 0 0 0 0.000157567 0 0 0 0.000157567)
(0.0012611 0 0 0 0.000157638 0 0 0 0.000157638)
(0.00126165 0 0 0 0.000157706 0 0 0 0.000157706)
(0.00126219 0 0 0 0.000157773 0 0 0 0.000157773)
(0.00126271 0 0 0 0.000157839 0 0 0 0.000157839)
(0.00126323 0 0 0 0.000157903 0 0 0 0.000157903)
(0.00126373 0 0 0 0.000157966 0 0 0 0.000157966)
(0.00126422 0 0 0 0.000158027 0 0 0 0.000158027)
(0.0012647 0 0 0 0.000158087 0 0 0 0.000158087)
(0.00126516 0 0 0 0.000158146 0 0 0 0.000158146)
(0.00126562 0 0 0 0.000158202 0 0 0 0.000158202)
(0.00126606 0 0 0 0.000158258 0 0 0 0.000158258)
(0.00126649 0 0 0 0.000158312 0 0 0 0.000158312)
(0.00126691 0 0 0 0.000158364 0 0 0 0.000158364)
(0.00126732 0 0 0 0.000158415 0 0 0 0.000158415)
(0.00126771 0 0 0 0.000158464 0 0 0 0.000158464)
(0.0012681 0 0 0 0.000158512 0 0 0 0.000158512)
(0.00126847 0 0 0 0.000158559 0 0 0 0.000158559)
(0.00126883 0 0 0 0.000158604 0 0 0 0.000158604)
(0.00126918 0 0 0 0.000158648 0 0 0 0.000158648)
(0.00126952 0 0 0 0.00015869 0 0 0 0.00015869)
(0.00126985 0 0 0 0.000158731 0 0 0 0.000158731)
(0.00127017 0 0 0 0.000158771 0 0 0 0.000158771)
(0.00127047 0 0 0 0.000158809 0 0 0 0.000158809)
(0.00127077 0 0 0 0.000158846 0 0 0 0.000158846)
(0.00127105 0 0 0 0.000158881 0 0 0 0.000158881)
(0.00127133 0 0 0 0.000158916 0 0 0 0.000158916)
(0.00127159 0 0 0 0.000158949 0 0 0 0.000158949)
(0.00127184 0 0 0 0.00015898 0 0 0 0.00015898)
(0.00127209 0 0 0 0.000159011 0 0 0 0.000159011)
(0.00127232 0 0 0 0.00015904 0 0 0 0.00015904)
(0.00127254 0 0 0 0.000159068 0 0 0 0.000159068)
(0.00127276 0 0 0 0.000159095 0 0 0 0.000159095)
(0.00127297 0 0 0 0.000159121 0 0 0 0.000159121)
(0.00127316 0 0 0 0.000159145 0 0 0 0.000159145)
(0.00127335 0 0 0 0.000159169 0 0 0 0.000159169)
(0.00127353 0 0 0 0.000159191 0 0 0 0.000159191)
(0.0012737 0 0 0 0.000159213 0 0 0 0.000159213)
(0.00127387 0 0 0 0.000159233 0 0 0 0.000159233)
(0.00127402 0 0 0 0.000159253 0 0 0 0.000159253)
(0.00127417 0 0 0 0.000159271 0 0 0 0.000159271)
(0.00127431 0 0 0 0.000159289 0 0 0 0.000159289)
(0.00127444 0 0 0 0.000159305 0 0 0 0.000159305)
(0.00127457 0 0 0 0.000159321 0 0 0 0.000159321)
(0.00127469 0 0 0 0.000159336 0 0 0 0.000159336)
(0.0012748 0 0 0 0.00015935 0 0 0 0.00015935)
(0.00127491 0 0 0 0.000159364 0 0 0 0.000159364)
(0.00127501 0 0 0 0.000159376 0 0 0 0.000159376)
(0.0012751 0 0 0 0.000159388 0 0 0 0.000159388)
(0.00127519 0 0 0 0.000159399 0 0 0 0.000159399)
(0.00127528 0 0 0 0.00015941 0 0 0 0.00015941)
(0.00127536 0 0 0 0.00015942 0 0 0 0.00015942)
(0.00127543 0 0 0 0.000159429 0 0 0 0.000159429)
(0.0012755 0 0 0 0.000159438 0 0 0 0.000159438)
(0.00127557 0 0 0 0.000159446 0 0 0 0.000159446)
(0.00127563 0 0 0 0.000159453 0 0 0 0.000159453)
(0.00127568 0 0 0 0.00015946 0 0 0 0.00015946)
(0.00127574 0 0 0 0.000159467 0 0 0 0.000159467)
(0.00127579 0 0 0 0.000159473 0 0 0 0.000159473)
(0.00127583 0 0 0 0.000159479 0 0 0 0.000159479)
(0.00127587 0 0 0 0.000159484 0 0 0 0.000159484)
(0.00127591 0 0 0 0.000159489 0 0 0 0.000159489)
(0.00127595 0 0 0 0.000159494 0 0 0 0.000159494)
(0.00127598 0 0 0 0.000159498 0 0 0 0.000159498)
(0.00127601 0 0 0 0.000159502 0 0 0 0.000159502)
(0.00127604 0 0 0 0.000159505 0 0 0 0.000159505)
(0.00127607 0 0 0 0.000159509 0 0 0 0.000159509)
(0.00127609 0 0 0 0.000159512 0 0 0 0.000159512)
(0.00127612 0 0 0 0.000159515 0 0 0 0.000159515)
(0.00127614 0 0 0 0.000159517 0 0 0 0.000159517)
(0.00127616 0 0 0 0.00015952 0 0 0 0.00015952)
(0.00127617 0 0 0 0.000159522 0 0 0 0.000159522)
(0.00127619 0 0 0 0.000159524 0 0 0 0.000159524)
(0.0012762 0 0 0 0.000159525 0 0 0 0.000159525)
(0.00127622 0 0 0 0.000159527 0 0 0 0.000159527)
(0.00127623 0 0 0 0.000159529 0 0 0 0.000159529)
(0.00127624 0 0 0 0.00015953 0 0 0 0.00015953)
(0.00127625 0 0 0 0.000159531 0 0 0 0.000159531)
(0.00127626 0 0 0 0.000159532 0 0 0 0.000159532)
(0.00127627 0 0 0 0.000159533 0 0 0 0.000159533)
(0.00127627 0 0 0 0.000159534 0 0 0 0.000159534)
(0.00127628 0 0 0 0.000159535 0 0 0 0.000159535)
(0.00127628 0 0 0 0.000159536 0 0 0 0.000159536)
(0.00127629 0 0 0 0.000159536 0 0 0 0.000159536)
(0.00127629 0 0 0 0.000159537 0 0 0 0.000159537)
(0.0012763 0 0 0 0.000159537 0 0 0 0.000159537)
(0.0012763 0 0 0 0.000159538 0 0 0 0.000159538)
(0.0012763 0 0 0 0.000159538 0 0 0 0.000159538)
(0.00127631 0 0 0 0.000159538 0 0 0 0.000159538)
(0.00127631 0 0 0 0.000159539 0 0 0 0.000159539)
(0.00127631 0 0 0 0.000159539 0 0 0 0.000159539)
(0.00127631 0 0 0 0.000159539 0 0 0 0.000159539)
(0.00127632 0 0 0 0.00015954 0 0 0 0.00015954)
(0.00127632 0 0 0 0.00015954 0 0 0 0.00015954)
(0.00127632 0 0 0 0.00015954 0 0 0 0.00015954)
(0.00127632 0 0 0 0.00015954 0 0 0 0.00015954)
(0.00127632 0 0 0 0.00015954 0 0 0 0.00015954)
(0.00127632 0 0 0 0.00015954 0 0 0 0.00015954)
(0.00127632 0 0 0 0.00015954 0 0 0 0.00015954)
(0.00127632 0 0 0 0.000159541 0 0 0 0.000159541)
(0.00127633 0 0 0 0.000159541 0 0 0 0.000159541)
(0.00127633 0 0 0 0.000159541 0 0 0 0.000159541)
(0.00127633 0 0 0 0.000159541 0 0 0 0.000159541)
(0.00127633 0 0 0 0.000159541 0 0 0 0.000159541)
(0.00127633 0 0 0 0.000159541 0 0 0 0.000159541)
(0.00127633 0 0 0 0.000159541 0 0 0 0.000159541)
(0.00127633 0 0 0 0.000159541 0 0 0 0.000159541)
(0.00127633 0 0 0 0.000159541 0 0 0 0.000159541)
(0.00127633 0 0 0 0.000159541 0 0 0 0.000159541)
(0.00127633 0 0 0 0.000159541 0 0 0 0.000159541)
(0.00127633 0 0 0 0.000159541 0 0 0 0.000159541)
(0.00127633 0 0 0 0.000159541 0 0 0 0.000159541)
(0.00127633 0 0 0 0.000159542 0 0 0 0.000159542)
(0.00127633 0 0 0 0.000159542 0 0 0 0.000159542)
(0.00127633 0 0 0 0.000159542 0 0 0 0.000159542)
(0.00127634 0 0 0 0.000159542 0 0 0 0.000159542)
(0.00127634 0 0 0 0.000159542 0 0 0 0.000159542)
(0.00127634 0 0 0 0.000159542 0 0 0 0.000159542)
(0.00127634 0 0 0 0.000159543 0 0 0 0.000159543)
(0.00127634 0 0 0 0.000159543 0 0 0 0.000159543)
(0.00127634 0 0 0 0.000159543 0 0 0 0.000159543)
(0.00127635 0 0 0 0.000159543 0 0 0 0.000159543)
(0.00127635 0 0 0 0.000159544 0 0 0 0.000159544)
(0.00127635 0 0 0 0.000159544 0 0 0 0.000159544)
(0.00127636 0 0 0 0.000159544 0 0 0 0.000159544)
(0.00127636 0 0 0 0.000159545 0 0 0 0.000159545)
(0.00127636 0 0 0 0.000159545 0 0 0 0.000159545)
(0.00127637 0 0 0 0.000159546 0 0 0 0.000159546)
(0.00127637 0 0 0 0.000159547 0 0 0 0.000159547)
(0.00127638 0 0 0 0.000159547 0 0 0 0.000159547)
(0.00127639 0 0 0 0.000159548 0 0 0 0.000159548)
(0.00127639 0 0 0 0.000159549 0 0 0 0.000159549)
(0.0012764 0 0 0 0.00015955 0 0 0 0.00015955)
(0.00127641 0 0 0 0.000159551 0 0 0 0.000159551)
(0.00127642 0 0 0 0.000159553 0 0 0 0.000159553)
(0.00127643 0 0 0 0.000159554 0 0 0 0.000159554)
(0.00127644 0 0 0 0.000159555 0 0 0 0.000159555)
(0.00127646 0 0 0 0.000159557 0 0 0 0.000159557)
(0.00127647 0 0 0 0.000159559 0 0 0 0.000159559)
(0.00127649 0 0 0 0.000159561 0 0 0 0.000159561)
(0.0012765 0 0 0 0.000159563 0 0 0 0.000159563)
(0.00127652 0 0 0 0.000159565 0 0 0 0.000159565)
(0.00127654 0 0 0 0.000159568 0 0 0 0.000159568)
(0.00127657 0 0 0 0.000159571 0 0 0 0.000159571)
(0.00127659 0 0 0 0.000159574 0 0 0 0.000159574)
(0.00127662 0 0 0 0.000159577 0 0 0 0.000159577)
(0.00127665 0 0 0 0.000159581 0 0 0 0.000159581)
(0.00127668 0 0 0 0.000159585 0 0 0 0.000159585)
(0.00127671 0 0 0 0.000159589 0 0 0 0.000159589)
(0.00127675 0 0 0 0.000159594 0 0 0 0.000159594)
(0.00127679 0 0 0 0.000159599 0 0 0 0.000159599)
(0.00127683 0 0 0 0.000159604 0 0 0 0.000159604)
(0.00127688 0 0 0 0.00015961 0 0 0 0.00015961)
(0.00127693 0 0 0 0.000159616 0 0 0 0.000159616)
(0.00127698 0 0 0 0.000159623 0 0 0 0.000159623)
(0.00127704 0 0 0 0.00015963 0 0 0 0.00015963)
(0.0012771 0 0 0 0.000159637 0 0 0 0.000159637)
(0.00127717 0 0 0 0.000159646 0 0 0 0.000159646)
(0.00127724 0 0 0 0.000159655 0 0 0 0.000159655)
(0.00127731 0 0 0 0.000159664 0 0 0 0.000159664)
(0.00127739 0 0 0 0.000159674 0 0 0 0.000159674)
(0.00127748 0 0 0 0.000159685 0 0 0 0.000159685)
(0.00127757 0 0 0 0.000159696 0 0 0 0.000159696)
(0.00127767 0 0 0 0.000159708 0 0 0 0.000159708)
(0.00127777 0 0 0 0.000159721 0 0 0 0.000159721)
(0.00127788 0 0 0 0.000159735 0 0 0 0.000159735)
(0.001278 0 0 0 0.00015975 0 0 0 0.00015975)
(0.00127812 0 0 0 0.000159765 0 0 0 0.000159765)
(0.00127825 0 0 0 0.000159782 0 0 0 0.000159782)
(0.00127839 0 0 0 0.000159799 0 0 0 0.000159799)
(0.00127854 0 0 0 0.000159817 0 0 0 0.000159817)
(0.00127869 0 0 0 0.000159837 0 0 0 0.000159837)
(0.00127886 0 0 0 0.000159857 0 0 0 0.000159857)
(0.00127903 0 0 0 0.000159879 0 0 0 0.000159879)
(0.00127921 0 0 0 0.000159901 0 0 0 0.000159901)
(0.0012794 0 0 0 0.000159925 0 0 0 0.000159925)
(0.0012796 0 0 0 0.00015995 0 0 0 0.00015995)
(0.00127981 0 0 0 0.000159976 0 0 0 0.000159976)
(0.00128003 0 0 0 0.000160004 0 0 0 0.000160004)
(0.00128026 0 0 0 0.000160033 0 0 0 0.000160033)
(0.0012805 0 0 0 0.000160063 0 0 0 0.000160063)
(0.00128076 0 0 0 0.000160095 0 0 0 0.000160095)
(0.00128102 0 0 0 0.000160128 0 0 0 0.000160128)
(0.0012813 0 0 0 0.000160162 0 0 0 0.000160162)
(0.00128159 0 0 0 0.000160199 0 0 0 0.000160199)
(0.00128189 0 0 0 0.000160236 0 0 0 0.000160236)
(0.0012822 0 0 0 0.000160276 0 0 0 0.000160276)
(0.00128253 0 0 0 0.000160316 0 0 0 0.000160316)
(0.00128287 0 0 0 0.000160359 0 0 0 0.000160359)
(0.00128323 0 0 0 0.000160403 0 0 0 0.000160403)
(0.00128359 0 0 0 0.000160449 0 0 0 0.000160449)
(0.00128398 0 0 0 0.000160497 0 0 0 0.000160497)
(0.00128437 0 0 0 0.000160547 0 0 0 0.000160547)
(0.00128478 0 0 0 0.000160598 0 0 0 0.000160598)
(0.00128521 0 0 0 0.000160651 0 0 0 0.000160651)
(0.00128565 0 0 0 0.000160706 0 0 0 0.000160706)
(0.00128611 0 0 0 0.000160763 0 0 0 0.000160763)
(0.00128658 0 0 0 0.000160823 0 0 0 0.000160823)
(0.00128707 0 0 0 0.000160883 0 0 0 0.000160883)
(0.00128757 0 0 0 0.000160946 0 0 0 0.000160946)
(0.00128809 0 0 0 0.000161011 0 0 0 0.000161011)
(0.00128863 0 0 0 0.000161079 0 0 0 0.000161079)
(0.00128918 0 0 0 0.000161148 0 0 0 0.000161148)
(0.00128975 0 0 0 0.000161219 0 0 0 0.000161219)
(0.00129034 0 0 0 0.000161292 0 0 0 0.000161292)
(0.00129094 0 0 0 0.000161367 0 0 0 0.000161367)
(0.00129156 0 0 0 0.000161445 0 0 0 0.000161445)
(0.0012922 0 0 0 0.000161525 0 0 0 0.000161525)
(0.00129285 0 0 0 0.000161606 0 0 0 0.000161606)
(0.00129352 0 0 0 0.00016169 0 0 0 0.00016169)
(0.00129421 0 0 0 0.000161776 0 0 0 0.000161776)
(0.00129492 0 0 0 0.000161864 0 0 0 0.000161864)
(0.00129564 0 0 0 0.000161955 0 0 0 0.000161955)
(0.00129638 0 0 0 0.000162047 0 0 0 0.000162047)
(0.00129713 0 0 0 0.000162142 0 0 0 0.000162142)
(0.0012979 0 0 0 0.000162238 0 0 0 0.000162238)
(0.00129869 0 0 0 0.000162337 0 0 0 0.000162337)
(0.0012995 0 0 0 0.000162437 0 0 0 0.000162437)
(0.00130032 0 0 0 0.00016254 0 0 0 0.00016254)
(0.00130115 0 0 0 0.000162644 0 0 0 0.000162644)
(0.001302 0 0 0 0.00016275 0 0 0 0.00016275)
(0.00130287 0 0 0 0.000162858 0 0 0 0.000162858)
(0.00130375 0 0 0 0.000162968 0 0 0 0.000162968)
(0.00130464 0 0 0 0.000163079 0 0 0 0.000163079)
(0.00130554 0 0 0 0.000163192 0 0 0 0.000163192)
(0.00130645 0 0 0 0.000163306 0 0 0 0.000163306)
(0.00130737 0 0 0 0.000163421 0 0 0 0.000163421)
(0.0013083 0 0 0 0.000163538 0 0 0 0.000163538)
(0.00130924 0 0 0 0.000163655 0 0 0 0.000163655)
(0.00131019 0 0 0 0.000163774 0 0 0 0.000163774)
(0.00131115 0 0 0 0.000163894 0 0 0 0.000163894)
(0.00131213 0 0 0 0.000164016 0 0 0 0.000164016)
(0.00131314 0 0 0 0.000164142 0 0 0 0.000164142)
(0.0013142 0 0 0 0.000164276 0 0 0 0.000164276)
(0.00131487 0 0 0 0.000164358 0 0 0 0.000164358)
(0.00123503 0 0 0 0.000154379 0 0 0 0.000154379)
(0.00123537 0 0 0 0.000154422 0 0 0 0.000154422)
(0.00123602 0 0 0 0.000154503 0 0 0 0.000154503)
(0.00123695 0 0 0 0.000154618 0 0 0 0.000154618)
(0.00123785 0 0 0 0.000154731 0 0 0 0.000154731)
(0.00123873 0 0 0 0.000154842 0 0 0 0.000154842)
(0.0012396 0 0 0 0.00015495 0 0 0 0.00015495)
(0.00124046 0 0 0 0.000155057 0 0 0 0.000155057)
(0.00124131 0 0 0 0.000155163 0 0 0 0.000155163)
(0.00124214 0 0 0 0.000155268 0 0 0 0.000155268)
(0.00124297 0 0 0 0.000155371 0 0 0 0.000155371)
(0.00124379 0 0 0 0.000155474 0 0 0 0.000155474)
(0.0012446 0 0 0 0.000155575 0 0 0 0.000155575)
(0.0012454 0 0 0 0.000155675 0 0 0 0.000155675)
(0.00124619 0 0 0 0.000155774 0 0 0 0.000155774)
(0.00124698 0 0 0 0.000155872 0 0 0 0.000155872)
(0.00124775 0 0 0 0.000155969 0 0 0 0.000155969)
(0.00124852 0 0 0 0.000156065 0 0 0 0.000156065)
(0.00124928 0 0 0 0.00015616 0 0 0 0.00015616)
(0.00125002 0 0 0 0.000156253 0 0 0 0.000156253)
(0.00125076 0 0 0 0.000156345 0 0 0 0.000156345)
(0.00125149 0 0 0 0.000156436 0 0 0 0.000156436)
(0.00125221 0 0 0 0.000156526 0 0 0 0.000156526)
(0.00125291 0 0 0 0.000156614 0 0 0 0.000156614)
(0.00125361 0 0 0 0.000156701 0 0 0 0.000156701)
(0.00125429 0 0 0 0.000156787 0 0 0 0.000156787)
(0.00125497 0 0 0 0.000156871 0 0 0 0.000156871)
(0.00125563 0 0 0 0.000156954 0 0 0 0.000156954)
(0.00125629 0 0 0 0.000157036 0 0 0 0.000157036)
(0.00125693 0 0 0 0.000157116 0 0 0 0.000157116)
(0.00125756 0 0 0 0.000157195 0 0 0 0.000157195)
(0.00125818 0 0 0 0.000157272 0 0 0 0.000157272)
(0.00125879 0 0 0 0.000157348 0 0 0 0.000157348)
(0.00125938 0 0 0 0.000157423 0 0 0 0.000157423)
(0.00125997 0 0 0 0.000157496 0 0 0 0.000157496)
(0.00126054 0 0 0 0.000157567 0 0 0 0.000157567)
(0.0012611 0 0 0 0.000157638 0 0 0 0.000157638)
(0.00126165 0 0 0 0.000157706 0 0 0 0.000157706)
(0.00126219 0 0 0 0.000157773 0 0 0 0.000157773)
(0.00126271 0 0 0 0.000157839 0 0 0 0.000157839)
(0.00126323 0 0 0 0.000157903 0 0 0 0.000157903)
(0.00126373 0 0 0 0.000157966 0 0 0 0.000157966)
(0.00126422 0 0 0 0.000158027 0 0 0 0.000158027)
(0.0012647 0 0 0 0.000158087 0 0 0 0.000158087)
(0.00126516 0 0 0 0.000158146 0 0 0 0.000158146)
(0.00126562 0 0 0 0.000158202 0 0 0 0.000158202)
(0.00126606 0 0 0 0.000158258 0 0 0 0.000158258)
(0.00126649 0 0 0 0.000158312 0 0 0 0.000158312)
(0.00126691 0 0 0 0.000158364 0 0 0 0.000158364)
(0.00126732 0 0 0 0.000158415 0 0 0 0.000158415)
(0.00126771 0 0 0 0.000158464 0 0 0 0.000158464)
(0.0012681 0 0 0 0.000158512 0 0 0 0.000158512)
(0.00126847 0 0 0 0.000158559 0 0 0 0.000158559)
(0.00126883 0 0 0 0.000158604 0 0 0 0.000158604)
(0.00126918 0 0 0 0.000158648 0 0 0 0.000158648)
(0.00126952 0 0 0 0.00015869 0 0 0 0.00015869)
(0.00126985 0 0 0 0.000158731 0 0 0 0.000158731)
(0.00127017 0 0 0 0.000158771 0 0 0 0.000158771)
(0.00127047 0 0 0 0.000158809 0 0 0 0.000158809)
(0.00127077 0 0 0 0.000158846 0 0 0 0.000158846)
(0.00127105 0 0 0 0.000158881 0 0 0 0.000158881)
(0.00127133 0 0 0 0.000158916 0 0 0 0.000158916)
(0.00127159 0 0 0 0.000158949 0 0 0 0.000158949)
(0.00127184 0 0 0 0.00015898 0 0 0 0.00015898)
(0.00127209 0 0 0 0.000159011 0 0 0 0.000159011)
(0.00127232 0 0 0 0.00015904 0 0 0 0.00015904)
(0.00127254 0 0 0 0.000159068 0 0 0 0.000159068)
(0.00127276 0 0 0 0.000159095 0 0 0 0.000159095)
(0.00127297 0 0 0 0.000159121 0 0 0 0.000159121)
(0.00127316 0 0 0 0.000159145 0 0 0 0.000159145)
(0.00127335 0 0 0 0.000159169 0 0 0 0.000159169)
(0.00127353 0 0 0 0.000159191 0 0 0 0.000159191)
(0.0012737 0 0 0 0.000159213 0 0 0 0.000159213)
(0.00127387 0 0 0 0.000159233 0 0 0 0.000159233)
(0.00127402 0 0 0 0.000159253 0 0 0 0.000159253)
(0.00127417 0 0 0 0.000159271 0 0 0 0.000159271)
(0.00127431 0 0 0 0.000159289 0 0 0 0.000159289)
(0.00127444 0 0 0 0.000159305 0 0 0 0.000159305)
(0.00127457 0 0 0 0.000159321 0 0 0 0.000159321)
(0.00127469 0 0 0 0.000159336 0 0 0 0.000159336)
(0.0012748 0 0 0 0.00015935 0 0 0 0.00015935)
(0.00127491 0 0 0 0.000159364 0 0 0 0.000159364)
(0.00127501 0 0 0 0.000159376 0 0 0 0.000159376)
(0.0012751 0 0 0 0.000159388 0 0 0 0.000159388)
(0.00127519 0 0 0 0.000159399 0 0 0 0.000159399)
(0.00127528 0 0 0 0.00015941 0 0 0 0.00015941)
(0.00127536 0 0 0 0.00015942 0 0 0 0.00015942)
(0.00127543 0 0 0 0.000159429 0 0 0 0.000159429)
(0.0012755 0 0 0 0.000159438 0 0 0 0.000159438)
(0.00127557 0 0 0 0.000159446 0 0 0 0.000159446)
(0.00127563 0 0 0 0.000159453 0 0 0 0.000159453)
(0.00127568 0 0 0 0.00015946 0 0 0 0.00015946)
(0.00127574 0 0 0 0.000159467 0 0 0 0.000159467)
(0.00127579 0 0 0 0.000159473 0 0 0 0.000159473)
(0.00127583 0 0 0 0.000159479 0 0 0 0.000159479)
(0.00127587 0 0 0 0.000159484 0 0 0 0.000159484)
(0.00127591 0 0 0 0.000159489 0 0 0 0.000159489)
(0.00127595 0 0 0 0.000159494 0 0 0 0.000159494)
(0.00127598 0 0 0 0.000159498 0 0 0 0.000159498)
(0.00127601 0 0 0 0.000159502 0 0 0 0.000159502)
(0.00127604 0 0 0 0.000159505 0 0 0 0.000159505)
(0.00127607 0 0 0 0.000159509 0 0 0 0.000159509)
(0.00127609 0 0 0 0.000159512 0 0 0 0.000159512)
(0.00127612 0 0 0 0.000159515 0 0 0 0.000159515)
(0.00127614 0 0 0 0.000159517 0 0 0 0.000159517)
(0.00127616 0 0 0 0.00015952 0 0 0 0.00015952)
(0.00127617 0 0 0 0.000159522 0 0 0 0.000159522)
(0.00127619 0 0 0 0.000159524 0 0 0 0.000159524)
(0.0012762 0 0 0 0.000159525 0 0 0 0.000159525)
(0.00127622 0 0 0 0.000159527 0 0 0 0.000159527)
(0.00127623 0 0 0 0.000159529 0 0 0 0.000159529)
(0.00127624 0 0 0 0.00015953 0 0 0 0.00015953)
(0.00127625 0 0 0 0.000159531 0 0 0 0.000159531)
(0.00127626 0 0 0 0.000159532 0 0 0 0.000159532)
(0.00127627 0 0 0 0.000159533 0 0 0 0.000159533)
(0.00127627 0 0 0 0.000159534 0 0 0 0.000159534)
(0.00127628 0 0 0 0.000159535 0 0 0 0.000159535)
(0.00127628 0 0 0 0.000159536 0 0 0 0.000159536)
(0.00127629 0 0 0 0.000159536 0 0 0 0.000159536)
(0.00127629 0 0 0 0.000159537 0 0 0 0.000159537)
(0.0012763 0 0 0 0.000159537 0 0 0 0.000159537)
(0.0012763 0 0 0 0.000159538 0 0 0 0.000159538)
(0.0012763 0 0 0 0.000159538 0 0 0 0.000159538)
(0.00127631 0 0 0 0.000159538 0 0 0 0.000159538)
(0.00127631 0 0 0 0.000159539 0 0 0 0.000159539)
(0.00127631 0 0 0 0.000159539 0 0 0 0.000159539)
(0.00127631 0 0 0 0.000159539 0 0 0 0.000159539)
(0.00127632 0 0 0 0.00015954 0 0 0 0.00015954)
(0.00127632 0 0 0 0.00015954 0 0 0 0.00015954)
(0.00127632 0 0 0 0.00015954 0 0 0 0.00015954)
(0.00127632 0 0 0 0.00015954 0 0 0 0.00015954)
(0.00127632 0 0 0 0.00015954 0 0 0 0.00015954)
(0.00127632 0 0 0 0.00015954 0 0 0 0.00015954)
(0.00127632 0 0 0 0.00015954 0 0 0 0.00015954)
(0.00127632 0 0 0 0.000159541 0 0 0 0.000159541)
(0.00127633 0 0 0 0.000159541 0 0 0 0.000159541)
(0.00127633 0 0 0 0.000159541 0 0 0 0.000159541)
(0.00127633 0 0 0 0.000159541 0 0 0 0.000159541)
(0.00127633 0 0 0 0.000159541 0 0 0 0.000159541)
(0.00127633 0 0 0 0.000159541 0 0 0 0.000159541)
(0.00127633 0 0 0 0.000159541 0 0 0 0.000159541)
(0.00127633 0 0 0 0.000159541 0 0 0 0.000159541)
(0.00127633 0 0 0 0.000159541 0 0 0 0.000159541)
(0.00127633 0 0 0 0.000159541 0 0 0 0.000159541)
(0.00127633 0 0 0 0.000159541 0 0 0 0.000159541)
(0.00127633 0 0 0 0.000159541 0 0 0 0.000159541)
(0.00127633 0 0 0 0.000159541 0 0 0 0.000159541)
(0.00127633 0 0 0 0.000159542 0 0 0 0.000159542)
(0.00127633 0 0 0 0.000159542 0 0 0 0.000159542)
(0.00127633 0 0 0 0.000159542 0 0 0 0.000159542)
(0.00127634 0 0 0 0.000159542 0 0 0 0.000159542)
(0.00127634 0 0 0 0.000159542 0 0 0 0.000159542)
(0.00127634 0 0 0 0.000159542 0 0 0 0.000159542)
(0.00127634 0 0 0 0.000159543 0 0 0 0.000159543)
(0.00127634 0 0 0 0.000159543 0 0 0 0.000159543)
(0.00127634 0 0 0 0.000159543 0 0 0 0.000159543)
(0.00127635 0 0 0 0.000159543 0 0 0 0.000159543)
(0.00127635 0 0 0 0.000159544 0 0 0 0.000159544)
(0.00127635 0 0 0 0.000159544 0 0 0 0.000159544)
(0.00127636 0 0 0 0.000159544 0 0 0 0.000159544)
(0.00127636 0 0 0 0.000159545 0 0 0 0.000159545)
(0.00127636 0 0 0 0.000159545 0 0 0 0.000159545)
(0.00127637 0 0 0 0.000159546 0 0 0 0.000159546)
(0.00127637 0 0 0 0.000159547 0 0 0 0.000159547)
(0.00127638 0 0 0 0.000159547 0 0 0 0.000159547)
(0.00127639 0 0 0 0.000159548 0 0 0 0.000159548)
(0.00127639 0 0 0 0.000159549 0 0 0 0.000159549)
(0.0012764 0 0 0 0.00015955 0 0 0 0.00015955)
(0.00127641 0 0 0 0.000159551 0 0 0 0.000159551)
(0.00127642 0 0 0 0.000159553 0 0 0 0.000159553)
(0.00127643 0 0 0 0.000159554 0 0 0 0.000159554)
(0.00127644 0 0 0 0.000159555 0 0 0 0.000159555)
(0.00127646 0 0 0 0.000159557 0 0 0 0.000159557)
(0.00127647 0 0 0 0.000159559 0 0 0 0.000159559)
(0.00127649 0 0 0 0.000159561 0 0 0 0.000159561)
(0.0012765 0 0 0 0.000159563 0 0 0 0.000159563)
(0.00127652 0 0 0 0.000159565 0 0 0 0.000159565)
(0.00127654 0 0 0 0.000159568 0 0 0 0.000159568)
(0.00127657 0 0 0 0.000159571 0 0 0 0.000159571)
(0.00127659 0 0 0 0.000159574 0 0 0 0.000159574)
(0.00127662 0 0 0 0.000159577 0 0 0 0.000159577)
(0.00127665 0 0 0 0.000159581 0 0 0 0.000159581)
(0.00127668 0 0 0 0.000159585 0 0 0 0.000159585)
(0.00127671 0 0 0 0.000159589 0 0 0 0.000159589)
(0.00127675 0 0 0 0.000159594 0 0 0 0.000159594)
(0.00127679 0 0 0 0.000159599 0 0 0 0.000159599)
(0.00127683 0 0 0 0.000159604 0 0 0 0.000159604)
(0.00127688 0 0 0 0.00015961 0 0 0 0.00015961)
(0.00127693 0 0 0 0.000159616 0 0 0 0.000159616)
(0.00127698 0 0 0 0.000159623 0 0 0 0.000159623)
(0.00127704 0 0 0 0.00015963 0 0 0 0.00015963)
(0.0012771 0 0 0 0.000159637 0 0 0 0.000159637)
(0.00127717 0 0 0 0.000159646 0 0 0 0.000159646)
(0.00127724 0 0 0 0.000159655 0 0 0 0.000159655)
(0.00127731 0 0 0 0.000159664 0 0 0 0.000159664)
(0.00127739 0 0 0 0.000159674 0 0 0 0.000159674)
(0.00127748 0 0 0 0.000159685 0 0 0 0.000159685)
(0.00127757 0 0 0 0.000159696 0 0 0 0.000159696)
(0.00127767 0 0 0 0.000159708 0 0 0 0.000159708)
(0.00127777 0 0 0 0.000159721 0 0 0 0.000159721)
(0.00127788 0 0 0 0.000159735 0 0 0 0.000159735)
(0.001278 0 0 0 0.00015975 0 0 0 0.00015975)
(0.00127812 0 0 0 0.000159765 0 0 0 0.000159765)
(0.00127825 0 0 0 0.000159782 0 0 0 0.000159782)
(0.00127839 0 0 0 0.000159799 0 0 0 0.000159799)
(0.00127854 0 0 0 0.000159817 0 0 0 0.000159817)
(0.00127869 0 0 0 0.000159837 0 0 0 0.000159837)
(0.00127886 0 0 0 0.000159857 0 0 0 0.000159857)
(0.00127903 0 0 0 0.000159879 0 0 0 0.000159879)
(0.00127921 0 0 0 0.000159901 0 0 0 0.000159901)
(0.0012794 0 0 0 0.000159925 0 0 0 0.000159925)
(0.0012796 0 0 0 0.00015995 0 0 0 0.00015995)
(0.00127981 0 0 0 0.000159976 0 0 0 0.000159976)
(0.00128003 0 0 0 0.000160004 0 0 0 0.000160004)
(0.00128026 0 0 0 0.000160033 0 0 0 0.000160033)
(0.0012805 0 0 0 0.000160063 0 0 0 0.000160063)
(0.00128076 0 0 0 0.000160095 0 0 0 0.000160095)
(0.00128102 0 0 0 0.000160128 0 0 0 0.000160128)
(0.0012813 0 0 0 0.000160162 0 0 0 0.000160162)
(0.00128159 0 0 0 0.000160199 0 0 0 0.000160199)
(0.00128189 0 0 0 0.000160236 0 0 0 0.000160236)
(0.0012822 0 0 0 0.000160276 0 0 0 0.000160276)
(0.00128253 0 0 0 0.000160316 0 0 0 0.000160316)
(0.00128287 0 0 0 0.000160359 0 0 0 0.000160359)
(0.00128323 0 0 0 0.000160403 0 0 0 0.000160403)
(0.00128359 0 0 0 0.000160449 0 0 0 0.000160449)
(0.00128398 0 0 0 0.000160497 0 0 0 0.000160497)
(0.00128437 0 0 0 0.000160547 0 0 0 0.000160547)
(0.00128478 0 0 0 0.000160598 0 0 0 0.000160598)
(0.00128521 0 0 0 0.000160651 0 0 0 0.000160651)
(0.00128565 0 0 0 0.000160706 0 0 0 0.000160706)
(0.00128611 0 0 0 0.000160764 0 0 0 0.000160764)
(0.00128658 0 0 0 0.000160823 0 0 0 0.000160823)
(0.00128707 0 0 0 0.000160884 0 0 0 0.000160884)
(0.00128757 0 0 0 0.000160947 0 0 0 0.000160947)
(0.00128809 0 0 0 0.000161012 0 0 0 0.000161012)
(0.00128863 0 0 0 0.000161079 0 0 0 0.000161079)
(0.00128918 0 0 0 0.000161148 0 0 0 0.000161148)
(0.00128975 0 0 0 0.000161219 0 0 0 0.000161219)
(0.00129034 0 0 0 0.000161292 0 0 0 0.000161292)
(0.00129094 0 0 0 0.000161368 0 0 0 0.000161368)
(0.00129156 0 0 0 0.000161445 0 0 0 0.000161445)
(0.0012922 0 0 0 0.000161525 0 0 0 0.000161525)
(0.00129285 0 0 0 0.000161606 0 0 0 0.000161606)
(0.00129352 0 0 0 0.00016169 0 0 0 0.00016169)
(0.00129421 0 0 0 0.000161776 0 0 0 0.000161776)
(0.00129492 0 0 0 0.000161865 0 0 0 0.000161865)
(0.00129564 0 0 0 0.000161955 0 0 0 0.000161955)
(0.00129638 0 0 0 0.000162047 0 0 0 0.000162047)
(0.00129713 0 0 0 0.000162142 0 0 0 0.000162142)
(0.00129791 0 0 0 0.000162238 0 0 0 0.000162238)
(0.0012987 0 0 0 0.000162337 0 0 0 0.000162337)
(0.0012995 0 0 0 0.000162438 0 0 0 0.000162438)
(0.00130032 0 0 0 0.00016254 0 0 0 0.00016254)
(0.00130116 0 0 0 0.000162645 0 0 0 0.000162645)
(0.00130201 0 0 0 0.000162751 0 0 0 0.000162751)
(0.00130287 0 0 0 0.000162859 0 0 0 0.000162859)
(0.00130375 0 0 0 0.000162969 0 0 0 0.000162969)
(0.00130464 0 0 0 0.00016308 0 0 0 0.00016308)
(0.00130555 0 0 0 0.000163193 0 0 0 0.000163193)
(0.00130646 0 0 0 0.000163308 0 0 0 0.000163308)
(0.00130739 0 0 0 0.000163424 0 0 0 0.000163424)
(0.00130832 0 0 0 0.000163541 0 0 0 0.000163541)
(0.00130927 0 0 0 0.000163659 0 0 0 0.000163659)
(0.00131023 0 0 0 0.000163778 0 0 0 0.000163778)
(0.0013112 0 0 0 0.0001639 0 0 0 0.0001639)
(0.00131219 0 0 0 0.000164024 0 0 0 0.000164024)
(0.00131322 0 0 0 0.000164152 0 0 0 0.000164152)
(0.0013143 0 0 0 0.000164287 0 0 0 0.000164287)
(0.00131494 0 0 0 0.000164367 0 0 0 0.000164367)
(0.00123507 0 0 0 0.000154384 0 0 0 0.000154384)
(0.00123538 0 0 0 0.000154423 0 0 0 0.000154423)
(0.00123605 0 0 0 0.000154506 0 0 0 0.000154506)
(0.00123696 0 0 0 0.00015462 0 0 0 0.00015462)
(0.00123786 0 0 0 0.000154732 0 0 0 0.000154732)
(0.00123874 0 0 0 0.000154842 0 0 0 0.000154842)
(0.00123961 0 0 0 0.000154951 0 0 0 0.000154951)
(0.00124046 0 0 0 0.000155058 0 0 0 0.000155058)
(0.00124131 0 0 0 0.000155163 0 0 0 0.000155163)
(0.00124214 0 0 0 0.000155268 0 0 0 0.000155268)
(0.00124297 0 0 0 0.000155371 0 0 0 0.000155371)
(0.00124379 0 0 0 0.000155474 0 0 0 0.000155474)
(0.0012446 0 0 0 0.000155575 0 0 0 0.000155575)
(0.0012454 0 0 0 0.000155675 0 0 0 0.000155675)
(0.00124619 0 0 0 0.000155774 0 0 0 0.000155774)
(0.00124698 0 0 0 0.000155872 0 0 0 0.000155872)
(0.00124775 0 0 0 0.000155969 0 0 0 0.000155969)
(0.00124852 0 0 0 0.000156065 0 0 0 0.000156065)
(0.00124928 0 0 0 0.00015616 0 0 0 0.00015616)
(0.00125002 0 0 0 0.000156253 0 0 0 0.000156253)
(0.00125076 0 0 0 0.000156345 0 0 0 0.000156345)
(0.00125149 0 0 0 0.000156436 0 0 0 0.000156436)
(0.00125221 0 0 0 0.000156526 0 0 0 0.000156526)
(0.00125291 0 0 0 0.000156614 0 0 0 0.000156614)
(0.00125361 0 0 0 0.000156701 0 0 0 0.000156701)
(0.00125429 0 0 0 0.000156787 0 0 0 0.000156787)
(0.00125497 0 0 0 0.000156871 0 0 0 0.000156871)
(0.00125563 0 0 0 0.000156954 0 0 0 0.000156954)
(0.00125629 0 0 0 0.000157036 0 0 0 0.000157036)
(0.00125693 0 0 0 0.000157116 0 0 0 0.000157116)
(0.00125756 0 0 0 0.000157195 0 0 0 0.000157195)
(0.00125818 0 0 0 0.000157272 0 0 0 0.000157272)
(0.00125879 0 0 0 0.000157348 0 0 0 0.000157348)
(0.00125938 0 0 0 0.000157423 0 0 0 0.000157423)
(0.00125997 0 0 0 0.000157496 0 0 0 0.000157496)
(0.00126054 0 0 0 0.000157567 0 0 0 0.000157567)
(0.0012611 0 0 0 0.000157638 0 0 0 0.000157638)
(0.00126165 0 0 0 0.000157706 0 0 0 0.000157706)
(0.00126219 0 0 0 0.000157773 0 0 0 0.000157773)
(0.00126271 0 0 0 0.000157839 0 0 0 0.000157839)
(0.00126323 0 0 0 0.000157903 0 0 0 0.000157903)
(0.00126373 0 0 0 0.000157966 0 0 0 0.000157966)
(0.00126422 0 0 0 0.000158027 0 0 0 0.000158027)
(0.0012647 0 0 0 0.000158087 0 0 0 0.000158087)
(0.00126516 0 0 0 0.000158146 0 0 0 0.000158146)
(0.00126562 0 0 0 0.000158202 0 0 0 0.000158202)
(0.00126606 0 0 0 0.000158258 0 0 0 0.000158258)
(0.00126649 0 0 0 0.000158312 0 0 0 0.000158312)
(0.00126691 0 0 0 0.000158364 0 0 0 0.000158364)
(0.00126732 0 0 0 0.000158415 0 0 0 0.000158415)
(0.00126771 0 0 0 0.000158464 0 0 0 0.000158464)
(0.0012681 0 0 0 0.000158512 0 0 0 0.000158512)
(0.00126847 0 0 0 0.000158559 0 0 0 0.000158559)
(0.00126883 0 0 0 0.000158604 0 0 0 0.000158604)
(0.00126918 0 0 0 0.000158648 0 0 0 0.000158648)
(0.00126952 0 0 0 0.00015869 0 0 0 0.00015869)
(0.00126985 0 0 0 0.000158731 0 0 0 0.000158731)
(0.00127017 0 0 0 0.000158771 0 0 0 0.000158771)
(0.00127047 0 0 0 0.000158809 0 0 0 0.000158809)
(0.00127077 0 0 0 0.000158846 0 0 0 0.000158846)
(0.00127105 0 0 0 0.000158881 0 0 0 0.000158881)
(0.00127132 0 0 0 0.000158916 0 0 0 0.000158916)
(0.00127159 0 0 0 0.000158949 0 0 0 0.000158949)
(0.00127184 0 0 0 0.00015898 0 0 0 0.00015898)
(0.00127209 0 0 0 0.000159011 0 0 0 0.000159011)
(0.00127232 0 0 0 0.00015904 0 0 0 0.00015904)
(0.00127254 0 0 0 0.000159068 0 0 0 0.000159068)
(0.00127276 0 0 0 0.000159095 0 0 0 0.000159095)
(0.00127297 0 0 0 0.000159121 0 0 0 0.000159121)
(0.00127316 0 0 0 0.000159145 0 0 0 0.000159145)
(0.00127335 0 0 0 0.000159169 0 0 0 0.000159169)
(0.00127353 0 0 0 0.000159191 0 0 0 0.000159191)
(0.0012737 0 0 0 0.000159213 0 0 0 0.000159213)
(0.00127387 0 0 0 0.000159233 0 0 0 0.000159233)
(0.00127402 0 0 0 0.000159253 0 0 0 0.000159253)
(0.00127417 0 0 0 0.000159271 0 0 0 0.000159271)
(0.00127431 0 0 0 0.000159289 0 0 0 0.000159289)
(0.00127444 0 0 0 0.000159305 0 0 0 0.000159305)
(0.00127457 0 0 0 0.000159321 0 0 0 0.000159321)
(0.00127469 0 0 0 0.000159336 0 0 0 0.000159336)
(0.0012748 0 0 0 0.00015935 0 0 0 0.00015935)
(0.00127491 0 0 0 0.000159364 0 0 0 0.000159364)
(0.00127501 0 0 0 0.000159376 0 0 0 0.000159376)
(0.0012751 0 0 0 0.000159388 0 0 0 0.000159388)
(0.00127519 0 0 0 0.000159399 0 0 0 0.000159399)
(0.00127528 0 0 0 0.00015941 0 0 0 0.00015941)
(0.00127536 0 0 0 0.00015942 0 0 0 0.00015942)
(0.00127543 0 0 0 0.000159429 0 0 0 0.000159429)
(0.0012755 0 0 0 0.000159438 0 0 0 0.000159438)
(0.00127557 0 0 0 0.000159446 0 0 0 0.000159446)
(0.00127563 0 0 0 0.000159453 0 0 0 0.000159453)
(0.00127568 0 0 0 0.00015946 0 0 0 0.00015946)
(0.00127574 0 0 0 0.000159467 0 0 0 0.000159467)
(0.00127579 0 0 0 0.000159473 0 0 0 0.000159473)
(0.00127583 0 0 0 0.000159479 0 0 0 0.000159479)
(0.00127587 0 0 0 0.000159484 0 0 0 0.000159484)
(0.00127591 0 0 0 0.000159489 0 0 0 0.000159489)
(0.00127595 0 0 0 0.000159494 0 0 0 0.000159494)
(0.00127598 0 0 0 0.000159498 0 0 0 0.000159498)
(0.00127601 0 0 0 0.000159502 0 0 0 0.000159502)
(0.00127604 0 0 0 0.000159505 0 0 0 0.000159505)
(0.00127607 0 0 0 0.000159509 0 0 0 0.000159509)
(0.00127609 0 0 0 0.000159512 0 0 0 0.000159512)
(0.00127612 0 0 0 0.000159515 0 0 0 0.000159515)
(0.00127614 0 0 0 0.000159517 0 0 0 0.000159517)
(0.00127616 0 0 0 0.00015952 0 0 0 0.00015952)
(0.00127617 0 0 0 0.000159522 0 0 0 0.000159522)
(0.00127619 0 0 0 0.000159524 0 0 0 0.000159524)
(0.0012762 0 0 0 0.000159525 0 0 0 0.000159525)
(0.00127622 0 0 0 0.000159527 0 0 0 0.000159527)
(0.00127623 0 0 0 0.000159529 0 0 0 0.000159529)
(0.00127624 0 0 0 0.00015953 0 0 0 0.00015953)
(0.00127625 0 0 0 0.000159531 0 0 0 0.000159531)
(0.00127626 0 0 0 0.000159532 0 0 0 0.000159532)
(0.00127626 0 0 0 0.000159533 0 0 0 0.000159533)
(0.00127627 0 0 0 0.000159534 0 0 0 0.000159534)
(0.00127628 0 0 0 0.000159535 0 0 0 0.000159535)
(0.00127628 0 0 0 0.000159536 0 0 0 0.000159536)
(0.00127629 0 0 0 0.000159536 0 0 0 0.000159536)
(0.00127629 0 0 0 0.000159537 0 0 0 0.000159537)
(0.0012763 0 0 0 0.000159537 0 0 0 0.000159537)
(0.0012763 0 0 0 0.000159538 0 0 0 0.000159538)
(0.0012763 0 0 0 0.000159538 0 0 0 0.000159538)
(0.00127631 0 0 0 0.000159538 0 0 0 0.000159538)
(0.00127631 0 0 0 0.000159539 0 0 0 0.000159539)
(0.00127631 0 0 0 0.000159539 0 0 0 0.000159539)
(0.00127631 0 0 0 0.000159539 0 0 0 0.000159539)
(0.00127632 0 0 0 0.00015954 0 0 0 0.00015954)
(0.00127632 0 0 0 0.00015954 0 0 0 0.00015954)
(0.00127632 0 0 0 0.00015954 0 0 0 0.00015954)
(0.00127632 0 0 0 0.00015954 0 0 0 0.00015954)
(0.00127632 0 0 0 0.00015954 0 0 0 0.00015954)
(0.00127632 0 0 0 0.00015954 0 0 0 0.00015954)
(0.00127632 0 0 0 0.00015954 0 0 0 0.00015954)
(0.00127632 0 0 0 0.000159541 0 0 0 0.000159541)
(0.00127633 0 0 0 0.000159541 0 0 0 0.000159541)
(0.00127633 0 0 0 0.000159541 0 0 0 0.000159541)
(0.00127633 0 0 0 0.000159541 0 0 0 0.000159541)
(0.00127633 0 0 0 0.000159541 0 0 0 0.000159541)
(0.00127633 0 0 0 0.000159541 0 0 0 0.000159541)
(0.00127633 0 0 0 0.000159541 0 0 0 0.000159541)
(0.00127633 0 0 0 0.000159541 0 0 0 0.000159541)
(0.00127633 0 0 0 0.000159541 0 0 0 0.000159541)
(0.00127633 0 0 0 0.000159541 0 0 0 0.000159541)
(0.00127633 0 0 0 0.000159541 0 0 0 0.000159541)
(0.00127633 0 0 0 0.000159541 0 0 0 0.000159541)
(0.00127633 0 0 0 0.000159541 0 0 0 0.000159541)
(0.00127633 0 0 0 0.000159542 0 0 0 0.000159542)
(0.00127633 0 0 0 0.000159542 0 0 0 0.000159542)
(0.00127633 0 0 0 0.000159542 0 0 0 0.000159542)
(0.00127634 0 0 0 0.000159542 0 0 0 0.000159542)
(0.00127634 0 0 0 0.000159542 0 0 0 0.000159542)
(0.00127634 0 0 0 0.000159542 0 0 0 0.000159542)
(0.00127634 0 0 0 0.000159543 0 0 0 0.000159543)
(0.00127634 0 0 0 0.000159543 0 0 0 0.000159543)
(0.00127634 0 0 0 0.000159543 0 0 0 0.000159543)
(0.00127635 0 0 0 0.000159543 0 0 0 0.000159543)
(0.00127635 0 0 0 0.000159544 0 0 0 0.000159544)
(0.00127635 0 0 0 0.000159544 0 0 0 0.000159544)
(0.00127636 0 0 0 0.000159544 0 0 0 0.000159544)
(0.00127636 0 0 0 0.000159545 0 0 0 0.000159545)
(0.00127636 0 0 0 0.000159545 0 0 0 0.000159545)
(0.00127637 0 0 0 0.000159546 0 0 0 0.000159546)
(0.00127637 0 0 0 0.000159547 0 0 0 0.000159547)
(0.00127638 0 0 0 0.000159547 0 0 0 0.000159547)
(0.00127639 0 0 0 0.000159548 0 0 0 0.000159548)
(0.00127639 0 0 0 0.000159549 0 0 0 0.000159549)
(0.0012764 0 0 0 0.00015955 0 0 0 0.00015955)
(0.00127641 0 0 0 0.000159551 0 0 0 0.000159551)
(0.00127642 0 0 0 0.000159553 0 0 0 0.000159553)
(0.00127643 0 0 0 0.000159554 0 0 0 0.000159554)
(0.00127644 0 0 0 0.000159555 0 0 0 0.000159555)
(0.00127646 0 0 0 0.000159557 0 0 0 0.000159557)
(0.00127647 0 0 0 0.000159559 0 0 0 0.000159559)
(0.00127649 0 0 0 0.000159561 0 0 0 0.000159561)
(0.0012765 0 0 0 0.000159563 0 0 0 0.000159563)
(0.00127652 0 0 0 0.000159565 0 0 0 0.000159565)
(0.00127654 0 0 0 0.000159568 0 0 0 0.000159568)
(0.00127657 0 0 0 0.000159571 0 0 0 0.000159571)
(0.00127659 0 0 0 0.000159574 0 0 0 0.000159574)
(0.00127662 0 0 0 0.000159577 0 0 0 0.000159577)
(0.00127665 0 0 0 0.000159581 0 0 0 0.000159581)
(0.00127668 0 0 0 0.000159585 0 0 0 0.000159585)
(0.00127671 0 0 0 0.000159589 0 0 0 0.000159589)
(0.00127675 0 0 0 0.000159594 0 0 0 0.000159594)
(0.00127679 0 0 0 0.000159599 0 0 0 0.000159599)
(0.00127683 0 0 0 0.000159604 0 0 0 0.000159604)
(0.00127688 0 0 0 0.00015961 0 0 0 0.00015961)
(0.00127693 0 0 0 0.000159616 0 0 0 0.000159616)
(0.00127698 0 0 0 0.000159623 0 0 0 0.000159623)
(0.00127704 0 0 0 0.00015963 0 0 0 0.00015963)
(0.0012771 0 0 0 0.000159637 0 0 0 0.000159637)
(0.00127717 0 0 0 0.000159646 0 0 0 0.000159646)
(0.00127724 0 0 0 0.000159655 0 0 0 0.000159655)
(0.00127731 0 0 0 0.000159664 0 0 0 0.000159664)
(0.00127739 0 0 0 0.000159674 0 0 0 0.000159674)
(0.00127748 0 0 0 0.000159685 0 0 0 0.000159685)
(0.00127757 0 0 0 0.000159696 0 0 0 0.000159696)
(0.00127767 0 0 0 0.000159708 0 0 0 0.000159708)
(0.00127777 0 0 0 0.000159721 0 0 0 0.000159721)
(0.00127788 0 0 0 0.000159735 0 0 0 0.000159735)
(0.001278 0 0 0 0.00015975 0 0 0 0.00015975)
(0.00127812 0 0 0 0.000159765 0 0 0 0.000159765)
(0.00127825 0 0 0 0.000159782 0 0 0 0.000159782)
(0.00127839 0 0 0 0.000159799 0 0 0 0.000159799)
(0.00127854 0 0 0 0.000159817 0 0 0 0.000159817)
(0.00127869 0 0 0 0.000159837 0 0 0 0.000159837)
(0.00127886 0 0 0 0.000159857 0 0 0 0.000159857)
(0.00127903 0 0 0 0.000159879 0 0 0 0.000159879)
(0.00127921 0 0 0 0.000159901 0 0 0 0.000159901)
(0.0012794 0 0 0 0.000159925 0 0 0 0.000159925)
(0.0012796 0 0 0 0.00015995 0 0 0 0.00015995)
(0.00127981 0 0 0 0.000159976 0 0 0 0.000159976)
(0.00128003 0 0 0 0.000160004 0 0 0 0.000160004)
(0.00128026 0 0 0 0.000160033 0 0 0 0.000160033)
(0.00128051 0 0 0 0.000160063 0 0 0 0.000160063)
(0.00128076 0 0 0 0.000160095 0 0 0 0.000160095)
(0.00128102 0 0 0 0.000160128 0 0 0 0.000160128)
(0.0012813 0 0 0 0.000160163 0 0 0 0.000160163)
(0.00128159 0 0 0 0.000160199 0 0 0 0.000160199)
(0.00128189 0 0 0 0.000160236 0 0 0 0.000160236)
(0.00128221 0 0 0 0.000160276 0 0 0 0.000160276)
(0.00128253 0 0 0 0.000160317 0 0 0 0.000160317)
(0.00128287 0 0 0 0.000160359 0 0 0 0.000160359)
(0.00128323 0 0 0 0.000160403 0 0 0 0.000160403)
(0.0012836 0 0 0 0.000160449 0 0 0 0.000160449)
(0.00128398 0 0 0 0.000160497 0 0 0 0.000160497)
(0.00128437 0 0 0 0.000160547 0 0 0 0.000160547)
(0.00128479 0 0 0 0.000160598 0 0 0 0.000160598)
(0.00128521 0 0 0 0.000160651 0 0 0 0.000160651)
(0.00128565 0 0 0 0.000160707 0 0 0 0.000160707)
(0.00128611 0 0 0 0.000160764 0 0 0 0.000160764)
(0.00128658 0 0 0 0.000160823 0 0 0 0.000160823)
(0.00128707 0 0 0 0.000160884 0 0 0 0.000160884)
(0.00128757 0 0 0 0.000160947 0 0 0 0.000160947)
(0.00128809 0 0 0 0.000161012 0 0 0 0.000161012)
(0.00128863 0 0 0 0.000161079 0 0 0 0.000161079)
(0.00128918 0 0 0 0.000161148 0 0 0 0.000161148)
(0.00128975 0 0 0 0.000161219 0 0 0 0.000161219)
(0.00129034 0 0 0 0.000161292 0 0 0 0.000161292)
(0.00129094 0 0 0 0.000161368 0 0 0 0.000161368)
(0.00129156 0 0 0 0.000161445 0 0 0 0.000161445)
(0.0012922 0 0 0 0.000161525 0 0 0 0.000161525)
(0.00129285 0 0 0 0.000161607 0 0 0 0.000161607)
(0.00129352 0 0 0 0.000161691 0 0 0 0.000161691)
(0.00129421 0 0 0 0.000161777 0 0 0 0.000161777)
(0.00129492 0 0 0 0.000161865 0 0 0 0.000161865)
(0.00129564 0 0 0 0.000161955 0 0 0 0.000161955)
(0.00129638 0 0 0 0.000162048 0 0 0 0.000162048)
(0.00129714 0 0 0 0.000162142 0 0 0 0.000162142)
(0.00129791 0 0 0 0.000162239 0 0 0 0.000162239)
(0.0012987 0 0 0 0.000162337 0 0 0 0.000162337)
(0.0012995 0 0 0 0.000162438 0 0 0 0.000162438)
(0.00130033 0 0 0 0.000162541 0 0 0 0.000162541)
(0.00130116 0 0 0 0.000162645 0 0 0 0.000162645)
(0.00130201 0 0 0 0.000162752 0 0 0 0.000162752)
(0.00130288 0 0 0 0.00016286 0 0 0 0.00016286)
(0.00130376 0 0 0 0.00016297 0 0 0 0.00016297)
(0.00130465 0 0 0 0.000163082 0 0 0 0.000163082)
(0.00130556 0 0 0 0.000163195 0 0 0 0.000163195)
(0.00130648 0 0 0 0.00016331 0 0 0 0.00016331)
(0.00130741 0 0 0 0.000163426 0 0 0 0.000163426)
(0.00130835 0 0 0 0.000163544 0 0 0 0.000163544)
(0.00130931 0 0 0 0.000163663 0 0 0 0.000163663)
(0.00131027 0 0 0 0.000163784 0 0 0 0.000163784)
(0.00131126 0 0 0 0.000163907 0 0 0 0.000163907)
(0.00131227 0 0 0 0.000164033 0 0 0 0.000164033)
(0.00131331 0 0 0 0.000164164 0 0 0 0.000164164)
(0.00131441 0 0 0 0.000164301 0 0 0 0.000164301)
(0.00131502 0 0 0 0.000164378 0 0 0 0.000164378)
(0.00123513 0 0 0 0.000154391 0 0 0 0.000154391)
(0.00123542 0 0 0 0.000154427 0 0 0 0.000154427)
(0.00123607 0 0 0 0.000154509 0 0 0 0.000154509)
(0.00123698 0 0 0 0.000154622 0 0 0 0.000154622)
(0.00123787 0 0 0 0.000154733 0 0 0 0.000154733)
(0.00123874 0 0 0 0.000154843 0 0 0 0.000154843)
(0.00123961 0 0 0 0.000154951 0 0 0 0.000154951)
(0.00124046 0 0 0 0.000155058 0 0 0 0.000155058)
(0.00124131 0 0 0 0.000155163 0 0 0 0.000155163)
(0.00124214 0 0 0 0.000155268 0 0 0 0.000155268)
(0.00124297 0 0 0 0.000155371 0 0 0 0.000155371)
(0.00124379 0 0 0 0.000155474 0 0 0 0.000155474)
(0.0012446 0 0 0 0.000155575 0 0 0 0.000155575)
(0.0012454 0 0 0 0.000155675 0 0 0 0.000155675)
(0.00124619 0 0 0 0.000155774 0 0 0 0.000155774)
(0.00124698 0 0 0 0.000155872 0 0 0 0.000155872)
(0.00124775 0 0 0 0.000155969 0 0 0 0.000155969)
(0.00124852 0 0 0 0.000156065 0 0 0 0.000156065)
(0.00124928 0 0 0 0.00015616 0 0 0 0.00015616)
(0.00125002 0 0 0 0.000156253 0 0 0 0.000156253)
(0.00125076 0 0 0 0.000156345 0 0 0 0.000156345)
(0.00125149 0 0 0 0.000156436 0 0 0 0.000156436)
(0.00125221 0 0 0 0.000156526 0 0 0 0.000156526)
(0.00125291 0 0 0 0.000156614 0 0 0 0.000156614)
(0.00125361 0 0 0 0.000156701 0 0 0 0.000156701)
(0.00125429 0 0 0 0.000156787 0 0 0 0.000156787)
(0.00125497 0 0 0 0.000156871 0 0 0 0.000156871)
(0.00125563 0 0 0 0.000156954 0 0 0 0.000156954)
(0.00125629 0 0 0 0.000157036 0 0 0 0.000157036)
(0.00125693 0 0 0 0.000157116 0 0 0 0.000157116)
(0.00125756 0 0 0 0.000157195 0 0 0 0.000157195)
(0.00125818 0 0 0 0.000157272 0 0 0 0.000157272)
(0.00125879 0 0 0 0.000157348 0 0 0 0.000157348)
(0.00125938 0 0 0 0.000157423 0 0 0 0.000157423)
(0.00125997 0 0 0 0.000157496 0 0 0 0.000157496)
(0.00126054 0 0 0 0.000157567 0 0 0 0.000157567)
(0.0012611 0 0 0 0.000157638 0 0 0 0.000157638)
(0.00126165 0 0 0 0.000157706 0 0 0 0.000157706)
(0.00126219 0 0 0 0.000157773 0 0 0 0.000157773)
(0.00126271 0 0 0 0.000157839 0 0 0 0.000157839)
(0.00126323 0 0 0 0.000157903 0 0 0 0.000157903)
(0.00126373 0 0 0 0.000157966 0 0 0 0.000157966)
(0.00126422 0 0 0 0.000158027 0 0 0 0.000158027)
(0.0012647 0 0 0 0.000158087 0 0 0 0.000158087)
(0.00126516 0 0 0 0.000158146 0 0 0 0.000158146)
(0.00126562 0 0 0 0.000158202 0 0 0 0.000158202)
(0.00126606 0 0 0 0.000158258 0 0 0 0.000158258)
(0.00126649 0 0 0 0.000158312 0 0 0 0.000158312)
(0.00126691 0 0 0 0.000158364 0 0 0 0.000158364)
(0.00126732 0 0 0 0.000158415 0 0 0 0.000158415)
(0.00126771 0 0 0 0.000158464 0 0 0 0.000158464)
(0.0012681 0 0 0 0.000158512 0 0 0 0.000158512)
(0.00126847 0 0 0 0.000158559 0 0 0 0.000158559)
(0.00126883 0 0 0 0.000158604 0 0 0 0.000158604)
(0.00126918 0 0 0 0.000158648 0 0 0 0.000158648)
(0.00126952 0 0 0 0.00015869 0 0 0 0.00015869)
(0.00126985 0 0 0 0.000158731 0 0 0 0.000158731)
(0.00127017 0 0 0 0.000158771 0 0 0 0.000158771)
(0.00127047 0 0 0 0.000158809 0 0 0 0.000158809)
(0.00127077 0 0 0 0.000158846 0 0 0 0.000158846)
(0.00127105 0 0 0 0.000158881 0 0 0 0.000158881)
(0.00127132 0 0 0 0.000158916 0 0 0 0.000158916)
(0.00127159 0 0 0 0.000158949 0 0 0 0.000158949)
(0.00127184 0 0 0 0.00015898 0 0 0 0.00015898)
(0.00127209 0 0 0 0.000159011 0 0 0 0.000159011)
(0.00127232 0 0 0 0.00015904 0 0 0 0.00015904)
(0.00127254 0 0 0 0.000159068 0 0 0 0.000159068)
(0.00127276 0 0 0 0.000159095 0 0 0 0.000159095)
(0.00127297 0 0 0 0.000159121 0 0 0 0.000159121)
(0.00127316 0 0 0 0.000159145 0 0 0 0.000159145)
(0.00127335 0 0 0 0.000159169 0 0 0 0.000159169)
(0.00127353 0 0 0 0.000159191 0 0 0 0.000159191)
(0.0012737 0 0 0 0.000159213 0 0 0 0.000159213)
(0.00127387 0 0 0 0.000159233 0 0 0 0.000159233)
(0.00127402 0 0 0 0.000159253 0 0 0 0.000159253)
(0.00127417 0 0 0 0.000159271 0 0 0 0.000159271)
(0.00127431 0 0 0 0.000159289 0 0 0 0.000159289)
(0.00127444 0 0 0 0.000159305 0 0 0 0.000159305)
(0.00127457 0 0 0 0.000159321 0 0 0 0.000159321)
(0.00127469 0 0 0 0.000159336 0 0 0 0.000159336)
(0.0012748 0 0 0 0.00015935 0 0 0 0.00015935)
(0.00127491 0 0 0 0.000159364 0 0 0 0.000159364)
(0.00127501 0 0 0 0.000159376 0 0 0 0.000159376)
(0.0012751 0 0 0 0.000159388 0 0 0 0.000159388)
(0.00127519 0 0 0 0.000159399 0 0 0 0.000159399)
(0.00127528 0 0 0 0.00015941 0 0 0 0.00015941)
(0.00127536 0 0 0 0.00015942 0 0 0 0.00015942)
(0.00127543 0 0 0 0.000159429 0 0 0 0.000159429)
(0.0012755 0 0 0 0.000159438 0 0 0 0.000159438)
(0.00127557 0 0 0 0.000159446 0 0 0 0.000159446)
(0.00127563 0 0 0 0.000159453 0 0 0 0.000159453)
(0.00127568 0 0 0 0.00015946 0 0 0 0.00015946)
(0.00127574 0 0 0 0.000159467 0 0 0 0.000159467)
(0.00127579 0 0 0 0.000159473 0 0 0 0.000159473)
(0.00127583 0 0 0 0.000159479 0 0 0 0.000159479)
(0.00127587 0 0 0 0.000159484 0 0 0 0.000159484)
(0.00127591 0 0 0 0.000159489 0 0 0 0.000159489)
(0.00127595 0 0 0 0.000159494 0 0 0 0.000159494)
(0.00127598 0 0 0 0.000159498 0 0 0 0.000159498)
(0.00127601 0 0 0 0.000159502 0 0 0 0.000159502)
(0.00127604 0 0 0 0.000159505 0 0 0 0.000159505)
(0.00127607 0 0 0 0.000159509 0 0 0 0.000159509)
(0.00127609 0 0 0 0.000159512 0 0 0 0.000159512)
(0.00127612 0 0 0 0.000159515 0 0 0 0.000159515)
(0.00127614 0 0 0 0.000159517 0 0 0 0.000159517)
(0.00127616 0 0 0 0.00015952 0 0 0 0.00015952)
(0.00127617 0 0 0 0.000159522 0 0 0 0.000159522)
(0.00127619 0 0 0 0.000159524 0 0 0 0.000159524)
(0.0012762 0 0 0 0.000159525 0 0 0 0.000159525)
(0.00127622 0 0 0 0.000159527 0 0 0 0.000159527)
(0.00127623 0 0 0 0.000159528 0 0 0 0.000159528)
(0.00127624 0 0 0 0.00015953 0 0 0 0.00015953)
(0.00127625 0 0 0 0.000159531 0 0 0 0.000159531)
(0.00127626 0 0 0 0.000159532 0 0 0 0.000159532)
(0.00127626 0 0 0 0.000159533 0 0 0 0.000159533)
(0.00127627 0 0 0 0.000159534 0 0 0 0.000159534)
(0.00127628 0 0 0 0.000159535 0 0 0 0.000159535)
(0.00127628 0 0 0 0.000159536 0 0 0 0.000159536)
(0.00127629 0 0 0 0.000159536 0 0 0 0.000159536)
(0.00127629 0 0 0 0.000159537 0 0 0 0.000159537)
(0.0012763 0 0 0 0.000159537 0 0 0 0.000159537)
(0.0012763 0 0 0 0.000159538 0 0 0 0.000159538)
(0.0012763 0 0 0 0.000159538 0 0 0 0.000159538)
(0.00127631 0 0 0 0.000159538 0 0 0 0.000159538)
(0.00127631 0 0 0 0.000159539 0 0 0 0.000159539)
(0.00127631 0 0 0 0.000159539 0 0 0 0.000159539)
(0.00127631 0 0 0 0.000159539 0 0 0 0.000159539)
(0.00127632 0 0 0 0.00015954 0 0 0 0.00015954)
(0.00127632 0 0 0 0.00015954 0 0 0 0.00015954)
(0.00127632 0 0 0 0.00015954 0 0 0 0.00015954)
(0.00127632 0 0 0 0.00015954 0 0 0 0.00015954)
(0.00127632 0 0 0 0.00015954 0 0 0 0.00015954)
(0.00127632 0 0 0 0.00015954 0 0 0 0.00015954)
(0.00127632 0 0 0 0.00015954 0 0 0 0.00015954)
(0.00127632 0 0 0 0.000159541 0 0 0 0.000159541)
(0.00127633 0 0 0 0.000159541 0 0 0 0.000159541)
(0.00127633 0 0 0 0.000159541 0 0 0 0.000159541)
(0.00127633 0 0 0 0.000159541 0 0 0 0.000159541)
(0.00127633 0 0 0 0.000159541 0 0 0 0.000159541)
(0.00127633 0 0 0 0.000159541 0 0 0 0.000159541)
(0.00127633 0 0 0 0.000159541 0 0 0 0.000159541)
(0.00127633 0 0 0 0.000159541 0 0 0 0.000159541)
(0.00127633 0 0 0 0.000159541 0 0 0 0.000159541)
(0.00127633 0 0 0 0.000159541 0 0 0 0.000159541)
(0.00127633 0 0 0 0.000159541 0 0 0 0.000159541)
(0.00127633 0 0 0 0.000159541 0 0 0 0.000159541)
(0.00127633 0 0 0 0.000159541 0 0 0 0.000159541)
(0.00127633 0 0 0 0.000159542 0 0 0 0.000159542)
(0.00127633 0 0 0 0.000159542 0 0 0 0.000159542)
(0.00127633 0 0 0 0.000159542 0 0 0 0.000159542)
(0.00127634 0 0 0 0.000159542 0 0 0 0.000159542)
(0.00127634 0 0 0 0.000159542 0 0 0 0.000159542)
(0.00127634 0 0 0 0.000159542 0 0 0 0.000159542)
(0.00127634 0 0 0 0.000159543 0 0 0 0.000159543)
(0.00127634 0 0 0 0.000159543 0 0 0 0.000159543)
(0.00127634 0 0 0 0.000159543 0 0 0 0.000159543)
(0.00127635 0 0 0 0.000159543 0 0 0 0.000159543)
(0.00127635 0 0 0 0.000159544 0 0 0 0.000159544)
(0.00127635 0 0 0 0.000159544 0 0 0 0.000159544)
(0.00127636 0 0 0 0.000159544 0 0 0 0.000159544)
(0.00127636 0 0 0 0.000159545 0 0 0 0.000159545)
(0.00127636 0 0 0 0.000159545 0 0 0 0.000159545)
(0.00127637 0 0 0 0.000159546 0 0 0 0.000159546)
(0.00127637 0 0 0 0.000159547 0 0 0 0.000159547)
(0.00127638 0 0 0 0.000159547 0 0 0 0.000159547)
(0.00127639 0 0 0 0.000159548 0 0 0 0.000159548)
(0.00127639 0 0 0 0.000159549 0 0 0 0.000159549)
(0.0012764 0 0 0 0.00015955 0 0 0 0.00015955)
(0.00127641 0 0 0 0.000159551 0 0 0 0.000159551)
(0.00127642 0 0 0 0.000159553 0 0 0 0.000159553)
(0.00127643 0 0 0 0.000159554 0 0 0 0.000159554)
(0.00127644 0 0 0 0.000159555 0 0 0 0.000159555)
(0.00127646 0 0 0 0.000159557 0 0 0 0.000159557)
(0.00127647 0 0 0 0.000159559 0 0 0 0.000159559)
(0.00127649 0 0 0 0.000159561 0 0 0 0.000159561)
(0.0012765 0 0 0 0.000159563 0 0 0 0.000159563)
(0.00127652 0 0 0 0.000159565 0 0 0 0.000159565)
(0.00127654 0 0 0 0.000159568 0 0 0 0.000159568)
(0.00127657 0 0 0 0.000159571 0 0 0 0.000159571)
(0.00127659 0 0 0 0.000159574 0 0 0 0.000159574)
(0.00127662 0 0 0 0.000159577 0 0 0 0.000159577)
(0.00127665 0 0 0 0.000159581 0 0 0 0.000159581)
(0.00127668 0 0 0 0.000159585 0 0 0 0.000159585)
(0.00127671 0 0 0 0.000159589 0 0 0 0.000159589)
(0.00127675 0 0 0 0.000159594 0 0 0 0.000159594)
(0.00127679 0 0 0 0.000159599 0 0 0 0.000159599)
(0.00127683 0 0 0 0.000159604 0 0 0 0.000159604)
(0.00127688 0 0 0 0.00015961 0 0 0 0.00015961)
(0.00127693 0 0 0 0.000159616 0 0 0 0.000159616)
(0.00127698 0 0 0 0.000159623 0 0 0 0.000159623)
(0.00127704 0 0 0 0.00015963 0 0 0 0.00015963)
(0.0012771 0 0 0 0.000159637 0 0 0 0.000159637)
(0.00127717 0 0 0 0.000159646 0 0 0 0.000159646)
(0.00127724 0 0 0 0.000159655 0 0 0 0.000159655)
(0.00127731 0 0 0 0.000159664 0 0 0 0.000159664)
(0.00127739 0 0 0 0.000159674 0 0 0 0.000159674)
(0.00127748 0 0 0 0.000159685 0 0 0 0.000159685)
(0.00127757 0 0 0 0.000159696 0 0 0 0.000159696)
(0.00127767 0 0 0 0.000159709 0 0 0 0.000159709)
(0.00127777 0 0 0 0.000159721 0 0 0 0.000159721)
(0.00127788 0 0 0 0.000159735 0 0 0 0.000159735)
(0.001278 0 0 0 0.00015975 0 0 0 0.00015975)
(0.00127812 0 0 0 0.000159765 0 0 0 0.000159765)
(0.00127825 0 0 0 0.000159782 0 0 0 0.000159782)
(0.00127839 0 0 0 0.000159799 0 0 0 0.000159799)
(0.00127854 0 0 0 0.000159817 0 0 0 0.000159817)
(0.00127869 0 0 0 0.000159837 0 0 0 0.000159837)
(0.00127886 0 0 0 0.000159857 0 0 0 0.000159857)
(0.00127903 0 0 0 0.000159879 0 0 0 0.000159879)
(0.00127921 0 0 0 0.000159901 0 0 0 0.000159901)
(0.0012794 0 0 0 0.000159925 0 0 0 0.000159925)
(0.0012796 0 0 0 0.00015995 0 0 0 0.00015995)
(0.00127981 0 0 0 0.000159976 0 0 0 0.000159976)
(0.00128003 0 0 0 0.000160004 0 0 0 0.000160004)
(0.00128026 0 0 0 0.000160033 0 0 0 0.000160033)
(0.00128051 0 0 0 0.000160063 0 0 0 0.000160063)
(0.00128076 0 0 0 0.000160095 0 0 0 0.000160095)
(0.00128102 0 0 0 0.000160128 0 0 0 0.000160128)
(0.0012813 0 0 0 0.000160163 0 0 0 0.000160163)
(0.00128159 0 0 0 0.000160199 0 0 0 0.000160199)
(0.00128189 0 0 0 0.000160236 0 0 0 0.000160236)
(0.00128221 0 0 0 0.000160276 0 0 0 0.000160276)
(0.00128253 0 0 0 0.000160317 0 0 0 0.000160317)
(0.00128287 0 0 0 0.000160359 0 0 0 0.000160359)
(0.00128323 0 0 0 0.000160404 0 0 0 0.000160404)
(0.0012836 0 0 0 0.00016045 0 0 0 0.00016045)
(0.00128398 0 0 0 0.000160497 0 0 0 0.000160497)
(0.00128438 0 0 0 0.000160547 0 0 0 0.000160547)
(0.00128479 0 0 0 0.000160598 0 0 0 0.000160598)
(0.00128521 0 0 0 0.000160652 0 0 0 0.000160652)
(0.00128565 0 0 0 0.000160707 0 0 0 0.000160707)
(0.00128611 0 0 0 0.000160764 0 0 0 0.000160764)
(0.00128658 0 0 0 0.000160823 0 0 0 0.000160823)
(0.00128707 0 0 0 0.000160884 0 0 0 0.000160884)
(0.00128757 0 0 0 0.000160947 0 0 0 0.000160947)
(0.0012881 0 0 0 0.000161012 0 0 0 0.000161012)
(0.00128863 0 0 0 0.000161079 0 0 0 0.000161079)
(0.00128918 0 0 0 0.000161148 0 0 0 0.000161148)
(0.00128975 0 0 0 0.000161219 0 0 0 0.000161219)
(0.00129034 0 0 0 0.000161293 0 0 0 0.000161293)
(0.00129094 0 0 0 0.000161368 0 0 0 0.000161368)
(0.00129156 0 0 0 0.000161445 0 0 0 0.000161445)
(0.0012922 0 0 0 0.000161525 0 0 0 0.000161525)
(0.00129286 0 0 0 0.000161607 0 0 0 0.000161607)
(0.00129353 0 0 0 0.000161691 0 0 0 0.000161691)
(0.00129422 0 0 0 0.000161777 0 0 0 0.000161777)
(0.00129492 0 0 0 0.000161865 0 0 0 0.000161865)
(0.00129564 0 0 0 0.000161955 0 0 0 0.000161955)
(0.00129638 0 0 0 0.000162048 0 0 0 0.000162048)
(0.00129714 0 0 0 0.000162142 0 0 0 0.000162142)
(0.00129791 0 0 0 0.000162239 0 0 0 0.000162239)
(0.0012987 0 0 0 0.000162338 0 0 0 0.000162338)
(0.00129951 0 0 0 0.000162439 0 0 0 0.000162439)
(0.00130033 0 0 0 0.000162541 0 0 0 0.000162541)
(0.00130117 0 0 0 0.000162646 0 0 0 0.000162646)
(0.00130202 0 0 0 0.000162753 0 0 0 0.000162753)
(0.00130289 0 0 0 0.000162861 0 0 0 0.000162861)
(0.00130377 0 0 0 0.000162972 0 0 0 0.000162972)
(0.00130467 0 0 0 0.000163084 0 0 0 0.000163084)
(0.00130558 0 0 0 0.000163198 0 0 0 0.000163198)
(0.0013065 0 0 0 0.000163313 0 0 0 0.000163313)
(0.00130744 0 0 0 0.00016343 0 0 0 0.00016343)
(0.00130839 0 0 0 0.000163549 0 0 0 0.000163549)
(0.00130935 0 0 0 0.000163669 0 0 0 0.000163669)
(0.00131033 0 0 0 0.000163792 0 0 0 0.000163792)
(0.00131133 0 0 0 0.000163916 0 0 0 0.000163916)
(0.00131236 0 0 0 0.000164044 0 0 0 0.000164044)
(0.00131342 0 0 0 0.000164177 0 0 0 0.000164177)
(0.00131452 0 0 0 0.000164315 0 0 0 0.000164315)
(0.00131512 0 0 0 0.000164389 0 0 0 0.000164389)
(0.00123518 0 0 0 0.000154398 0 0 0 0.000154398)
(0.00123547 0 0 0 0.000154434 0 0 0 0.000154434)
(0.0012361 0 0 0 0.000154513 0 0 0 0.000154513)
(0.001237 0 0 0 0.000154625 0 0 0 0.000154625)
(0.00123788 0 0 0 0.000154735 0 0 0 0.000154735)
(0.00123875 0 0 0 0.000154844 0 0 0 0.000154844)
(0.00123961 0 0 0 0.000154952 0 0 0 0.000154952)
(0.00124047 0 0 0 0.000155058 0 0 0 0.000155058)
(0.00124131 0 0 0 0.000155164 0 0 0 0.000155164)
(0.00124214 0 0 0 0.000155268 0 0 0 0.000155268)
(0.00124297 0 0 0 0.000155371 0 0 0 0.000155371)
(0.00124379 0 0 0 0.000155474 0 0 0 0.000155474)
(0.0012446 0 0 0 0.000155575 0 0 0 0.000155575)
(0.0012454 0 0 0 0.000155675 0 0 0 0.000155675)
(0.00124619 0 0 0 0.000155774 0 0 0 0.000155774)
(0.00124698 0 0 0 0.000155872 0 0 0 0.000155872)
(0.00124775 0 0 0 0.000155969 0 0 0 0.000155969)
(0.00124852 0 0 0 0.000156065 0 0 0 0.000156065)
(0.00124928 0 0 0 0.00015616 0 0 0 0.00015616)
(0.00125002 0 0 0 0.000156253 0 0 0 0.000156253)
(0.00125076 0 0 0 0.000156345 0 0 0 0.000156345)
(0.00125149 0 0 0 0.000156436 0 0 0 0.000156436)
(0.00125221 0 0 0 0.000156526 0 0 0 0.000156526)
(0.00125291 0 0 0 0.000156614 0 0 0 0.000156614)
(0.00125361 0 0 0 0.000156701 0 0 0 0.000156701)
(0.0012543 0 0 0 0.000156787 0 0 0 0.000156787)
(0.00125497 0 0 0 0.000156871 0 0 0 0.000156871)
(0.00125563 0 0 0 0.000156954 0 0 0 0.000156954)
(0.00125629 0 0 0 0.000157036 0 0 0 0.000157036)
(0.00125693 0 0 0 0.000157116 0 0 0 0.000157116)
(0.00125756 0 0 0 0.000157195 0 0 0 0.000157195)
(0.00125818 0 0 0 0.000157272 0 0 0 0.000157272)
(0.00125879 0 0 0 0.000157348 0 0 0 0.000157348)
(0.00125938 0 0 0 0.000157423 0 0 0 0.000157423)
(0.00125997 0 0 0 0.000157496 0 0 0 0.000157496)
(0.00126054 0 0 0 0.000157567 0 0 0 0.000157567)
(0.0012611 0 0 0 0.000157638 0 0 0 0.000157638)
(0.00126165 0 0 0 0.000157706 0 0 0 0.000157706)
(0.00126219 0 0 0 0.000157773 0 0 0 0.000157773)
(0.00126271 0 0 0 0.000157839 0 0 0 0.000157839)
(0.00126323 0 0 0 0.000157903 0 0 0 0.000157903)
(0.00126373 0 0 0 0.000157966 0 0 0 0.000157966)
(0.00126422 0 0 0 0.000158027 0 0 0 0.000158027)
(0.0012647 0 0 0 0.000158087 0 0 0 0.000158087)
(0.00126516 0 0 0 0.000158146 0 0 0 0.000158146)
(0.00126562 0 0 0 0.000158202 0 0 0 0.000158202)
(0.00126606 0 0 0 0.000158258 0 0 0 0.000158258)
(0.00126649 0 0 0 0.000158312 0 0 0 0.000158312)
(0.00126691 0 0 0 0.000158364 0 0 0 0.000158364)
(0.00126732 0 0 0 0.000158415 0 0 0 0.000158415)
(0.00126771 0 0 0 0.000158464 0 0 0 0.000158464)
(0.0012681 0 0 0 0.000158512 0 0 0 0.000158512)
(0.00126847 0 0 0 0.000158559 0 0 0 0.000158559)
(0.00126883 0 0 0 0.000158604 0 0 0 0.000158604)
(0.00126918 0 0 0 0.000158648 0 0 0 0.000158648)
(0.00126952 0 0 0 0.00015869 0 0 0 0.00015869)
(0.00126985 0 0 0 0.000158731 0 0 0 0.000158731)
(0.00127017 0 0 0 0.000158771 0 0 0 0.000158771)
(0.00127047 0 0 0 0.000158809 0 0 0 0.000158809)
(0.00127077 0 0 0 0.000158846 0 0 0 0.000158846)
(0.00127105 0 0 0 0.000158881 0 0 0 0.000158881)
(0.00127132 0 0 0 0.000158916 0 0 0 0.000158916)
(0.00127159 0 0 0 0.000158949 0 0 0 0.000158949)
(0.00127184 0 0 0 0.00015898 0 0 0 0.00015898)
(0.00127209 0 0 0 0.000159011 0 0 0 0.000159011)
(0.00127232 0 0 0 0.00015904 0 0 0 0.00015904)
(0.00127254 0 0 0 0.000159068 0 0 0 0.000159068)
(0.00127276 0 0 0 0.000159095 0 0 0 0.000159095)
(0.00127297 0 0 0 0.000159121 0 0 0 0.000159121)
(0.00127316 0 0 0 0.000159145 0 0 0 0.000159145)
(0.00127335 0 0 0 0.000159169 0 0 0 0.000159169)
(0.00127353 0 0 0 0.000159191 0 0 0 0.000159191)
(0.0012737 0 0 0 0.000159213 0 0 0 0.000159213)
(0.00127387 0 0 0 0.000159233 0 0 0 0.000159233)
(0.00127402 0 0 0 0.000159253 0 0 0 0.000159253)
(0.00127417 0 0 0 0.000159271 0 0 0 0.000159271)
(0.00127431 0 0 0 0.000159289 0 0 0 0.000159289)
(0.00127444 0 0 0 0.000159305 0 0 0 0.000159305)
(0.00127457 0 0 0 0.000159321 0 0 0 0.000159321)
(0.00127469 0 0 0 0.000159336 0 0 0 0.000159336)
(0.0012748 0 0 0 0.00015935 0 0 0 0.00015935)
(0.00127491 0 0 0 0.000159364 0 0 0 0.000159364)
(0.00127501 0 0 0 0.000159376 0 0 0 0.000159376)
(0.0012751 0 0 0 0.000159388 0 0 0 0.000159388)
(0.00127519 0 0 0 0.000159399 0 0 0 0.000159399)
(0.00127528 0 0 0 0.00015941 0 0 0 0.00015941)
(0.00127536 0 0 0 0.00015942 0 0 0 0.00015942)
(0.00127543 0 0 0 0.000159429 0 0 0 0.000159429)
(0.0012755 0 0 0 0.000159438 0 0 0 0.000159438)
(0.00127557 0 0 0 0.000159446 0 0 0 0.000159446)
(0.00127563 0 0 0 0.000159453 0 0 0 0.000159453)
(0.00127568 0 0 0 0.00015946 0 0 0 0.00015946)
(0.00127574 0 0 0 0.000159467 0 0 0 0.000159467)
(0.00127579 0 0 0 0.000159473 0 0 0 0.000159473)
(0.00127583 0 0 0 0.000159479 0 0 0 0.000159479)
(0.00127587 0 0 0 0.000159484 0 0 0 0.000159484)
(0.00127591 0 0 0 0.000159489 0 0 0 0.000159489)
(0.00127595 0 0 0 0.000159494 0 0 0 0.000159494)
(0.00127598 0 0 0 0.000159498 0 0 0 0.000159498)
(0.00127601 0 0 0 0.000159502 0 0 0 0.000159502)
(0.00127604 0 0 0 0.000159505 0 0 0 0.000159505)
(0.00127607 0 0 0 0.000159509 0 0 0 0.000159509)
(0.00127609 0 0 0 0.000159512 0 0 0 0.000159512)
(0.00127612 0 0 0 0.000159515 0 0 0 0.000159515)
(0.00127614 0 0 0 0.000159517 0 0 0 0.000159517)
(0.00127616 0 0 0 0.00015952 0 0 0 0.00015952)
(0.00127617 0 0 0 0.000159522 0 0 0 0.000159522)
(0.00127619 0 0 0 0.000159524 0 0 0 0.000159524)
(0.0012762 0 0 0 0.000159525 0 0 0 0.000159525)
(0.00127622 0 0 0 0.000159527 0 0 0 0.000159527)
(0.00127623 0 0 0 0.000159528 0 0 0 0.000159528)
(0.00127624 0 0 0 0.00015953 0 0 0 0.00015953)
(0.00127625 0 0 0 0.000159531 0 0 0 0.000159531)
(0.00127626 0 0 0 0.000159532 0 0 0 0.000159532)
(0.00127626 0 0 0 0.000159533 0 0 0 0.000159533)
(0.00127627 0 0 0 0.000159534 0 0 0 0.000159534)
(0.00127628 0 0 0 0.000159535 0 0 0 0.000159535)
(0.00127628 0 0 0 0.000159536 0 0 0 0.000159536)
(0.00127629 0 0 0 0.000159536 0 0 0 0.000159536)
(0.00127629 0 0 0 0.000159537 0 0 0 0.000159537)
(0.0012763 0 0 0 0.000159537 0 0 0 0.000159537)
(0.0012763 0 0 0 0.000159538 0 0 0 0.000159538)
(0.0012763 0 0 0 0.000159538 0 0 0 0.000159538)
(0.00127631 0 0 0 0.000159538 0 0 0 0.000159538)
(0.00127631 0 0 0 0.000159539 0 0 0 0.000159539)
(0.00127631 0 0 0 0.000159539 0 0 0 0.000159539)
(0.00127631 0 0 0 0.000159539 0 0 0 0.000159539)
(0.00127632 0 0 0 0.00015954 0 0 0 0.00015954)
(0.00127632 0 0 0 0.00015954 0 0 0 0.00015954)
(0.00127632 0 0 0 0.00015954 0 0 0 0.00015954)
(0.00127632 0 0 0 0.00015954 0 0 0 0.00015954)
(0.00127632 0 0 0 0.00015954 0 0 0 0.00015954)
(0.00127632 0 0 0 0.00015954 0 0 0 0.00015954)
(0.00127632 0 0 0 0.00015954 0 0 0 0.00015954)
(0.00127632 0 0 0 0.000159541 0 0 0 0.000159541)
(0.00127633 0 0 0 0.000159541 0 0 0 0.000159541)
(0.00127633 0 0 0 0.000159541 0 0 0 0.000159541)
(0.00127633 0 0 0 0.000159541 0 0 0 0.000159541)
(0.00127633 0 0 0 0.000159541 0 0 0 0.000159541)
(0.00127633 0 0 0 0.000159541 0 0 0 0.000159541)
(0.00127633 0 0 0 0.000159541 0 0 0 0.000159541)
(0.00127633 0 0 0 0.000159541 0 0 0 0.000159541)
(0.00127633 0 0 0 0.000159541 0 0 0 0.000159541)
(0.00127633 0 0 0 0.000159541 0 0 0 0.000159541)
(0.00127633 0 0 0 0.000159541 0 0 0 0.000159541)
(0.00127633 0 0 0 0.000159541 0 0 0 0.000159541)
(0.00127633 0 0 0 0.000159541 0 0 0 0.000159541)
(0.00127633 0 0 0 0.000159542 0 0 0 0.000159542)
(0.00127633 0 0 0 0.000159542 0 0 0 0.000159542)
(0.00127633 0 0 0 0.000159542 0 0 0 0.000159542)
(0.00127634 0 0 0 0.000159542 0 0 0 0.000159542)
(0.00127634 0 0 0 0.000159542 0 0 0 0.000159542)
(0.00127634 0 0 0 0.000159542 0 0 0 0.000159542)
(0.00127634 0 0 0 0.000159543 0 0 0 0.000159543)
(0.00127634 0 0 0 0.000159543 0 0 0 0.000159543)
(0.00127634 0 0 0 0.000159543 0 0 0 0.000159543)
(0.00127635 0 0 0 0.000159543 0 0 0 0.000159543)
(0.00127635 0 0 0 0.000159544 0 0 0 0.000159544)
(0.00127635 0 0 0 0.000159544 0 0 0 0.000159544)
(0.00127636 0 0 0 0.000159544 0 0 0 0.000159544)
(0.00127636 0 0 0 0.000159545 0 0 0 0.000159545)
(0.00127636 0 0 0 0.000159545 0 0 0 0.000159545)
(0.00127637 0 0 0 0.000159546 0 0 0 0.000159546)
(0.00127637 0 0 0 0.000159547 0 0 0 0.000159547)
(0.00127638 0 0 0 0.000159547 0 0 0 0.000159547)
(0.00127639 0 0 0 0.000159548 0 0 0 0.000159548)
(0.00127639 0 0 0 0.000159549 0 0 0 0.000159549)
(0.0012764 0 0 0 0.00015955 0 0 0 0.00015955)
(0.00127641 0 0 0 0.000159551 0 0 0 0.000159551)
(0.00127642 0 0 0 0.000159553 0 0 0 0.000159553)
(0.00127643 0 0 0 0.000159554 0 0 0 0.000159554)
(0.00127644 0 0 0 0.000159555 0 0 0 0.000159555)
(0.00127646 0 0 0 0.000159557 0 0 0 0.000159557)
(0.00127647 0 0 0 0.000159559 0 0 0 0.000159559)
(0.00127649 0 0 0 0.000159561 0 0 0 0.000159561)
(0.0012765 0 0 0 0.000159563 0 0 0 0.000159563)
(0.00127652 0 0 0 0.000159565 0 0 0 0.000159565)
(0.00127654 0 0 0 0.000159568 0 0 0 0.000159568)
(0.00127657 0 0 0 0.000159571 0 0 0 0.000159571)
(0.00127659 0 0 0 0.000159574 0 0 0 0.000159574)
(0.00127662 0 0 0 0.000159577 0 0 0 0.000159577)
(0.00127665 0 0 0 0.000159581 0 0 0 0.000159581)
(0.00127668 0 0 0 0.000159585 0 0 0 0.000159585)
(0.00127671 0 0 0 0.000159589 0 0 0 0.000159589)
(0.00127675 0 0 0 0.000159594 0 0 0 0.000159594)
(0.00127679 0 0 0 0.000159599 0 0 0 0.000159599)
(0.00127683 0 0 0 0.000159604 0 0 0 0.000159604)
(0.00127688 0 0 0 0.00015961 0 0 0 0.00015961)
(0.00127693 0 0 0 0.000159616 0 0 0 0.000159616)
(0.00127698 0 0 0 0.000159623 0 0 0 0.000159623)
(0.00127704 0 0 0 0.00015963 0 0 0 0.00015963)
(0.0012771 0 0 0 0.000159638 0 0 0 0.000159638)
(0.00127717 0 0 0 0.000159646 0 0 0 0.000159646)
(0.00127724 0 0 0 0.000159655 0 0 0 0.000159655)
(0.00127731 0 0 0 0.000159664 0 0 0 0.000159664)
(0.00127739 0 0 0 0.000159674 0 0 0 0.000159674)
(0.00127748 0 0 0 0.000159685 0 0 0 0.000159685)
(0.00127757 0 0 0 0.000159696 0 0 0 0.000159696)
(0.00127767 0 0 0 0.000159709 0 0 0 0.000159709)
(0.00127777 0 0 0 0.000159722 0 0 0 0.000159722)
(0.00127788 0 0 0 0.000159735 0 0 0 0.000159735)
(0.001278 0 0 0 0.00015975 0 0 0 0.00015975)
(0.00127812 0 0 0 0.000159765 0 0 0 0.000159765)
(0.00127825 0 0 0 0.000159782 0 0 0 0.000159782)
(0.00127839 0 0 0 0.000159799 0 0 0 0.000159799)
(0.00127854 0 0 0 0.000159817 0 0 0 0.000159817)
(0.00127869 0 0 0 0.000159837 0 0 0 0.000159837)
(0.00127886 0 0 0 0.000159857 0 0 0 0.000159857)
(0.00127903 0 0 0 0.000159879 0 0 0 0.000159879)
(0.00127921 0 0 0 0.000159901 0 0 0 0.000159901)
(0.0012794 0 0 0 0.000159925 0 0 0 0.000159925)
(0.0012796 0 0 0 0.00015995 0 0 0 0.00015995)
(0.00127981 0 0 0 0.000159977 0 0 0 0.000159977)
(0.00128003 0 0 0 0.000160004 0 0 0 0.000160004)
(0.00128026 0 0 0 0.000160033 0 0 0 0.000160033)
(0.00128051 0 0 0 0.000160063 0 0 0 0.000160063)
(0.00128076 0 0 0 0.000160095 0 0 0 0.000160095)
(0.00128103 0 0 0 0.000160128 0 0 0 0.000160128)
(0.0012813 0 0 0 0.000160163 0 0 0 0.000160163)
(0.00128159 0 0 0 0.000160199 0 0 0 0.000160199)
(0.00128189 0 0 0 0.000160237 0 0 0 0.000160237)
(0.00128221 0 0 0 0.000160276 0 0 0 0.000160276)
(0.00128253 0 0 0 0.000160317 0 0 0 0.000160317)
(0.00128288 0 0 0 0.000160359 0 0 0 0.000160359)
(0.00128323 0 0 0 0.000160404 0 0 0 0.000160404)
(0.0012836 0 0 0 0.00016045 0 0 0 0.00016045)
(0.00128398 0 0 0 0.000160497 0 0 0 0.000160497)
(0.00128438 0 0 0 0.000160547 0 0 0 0.000160547)
(0.00128479 0 0 0 0.000160599 0 0 0 0.000160599)
(0.00128521 0 0 0 0.000160652 0 0 0 0.000160652)
(0.00128566 0 0 0 0.000160707 0 0 0 0.000160707)
(0.00128611 0 0 0 0.000160764 0 0 0 0.000160764)
(0.00128658 0 0 0 0.000160823 0 0 0 0.000160823)
(0.00128707 0 0 0 0.000160884 0 0 0 0.000160884)
(0.00128758 0 0 0 0.000160947 0 0 0 0.000160947)
(0.0012881 0 0 0 0.000161012 0 0 0 0.000161012)
(0.00128863 0 0 0 0.000161079 0 0 0 0.000161079)
(0.00128919 0 0 0 0.000161148 0 0 0 0.000161148)
(0.00128976 0 0 0 0.00016122 0 0 0 0.00016122)
(0.00129034 0 0 0 0.000161293 0 0 0 0.000161293)
(0.00129095 0 0 0 0.000161368 0 0 0 0.000161368)
(0.00129157 0 0 0 0.000161446 0 0 0 0.000161446)
(0.0012922 0 0 0 0.000161525 0 0 0 0.000161525)
(0.00129286 0 0 0 0.000161607 0 0 0 0.000161607)
(0.00129353 0 0 0 0.000161691 0 0 0 0.000161691)
(0.00129422 0 0 0 0.000161777 0 0 0 0.000161777)
(0.00129492 0 0 0 0.000161866 0 0 0 0.000161866)
(0.00129565 0 0 0 0.000161956 0 0 0 0.000161956)
(0.00129639 0 0 0 0.000162048 0 0 0 0.000162048)
(0.00129714 0 0 0 0.000162143 0 0 0 0.000162143)
(0.00129792 0 0 0 0.00016224 0 0 0 0.00016224)
(0.00129871 0 0 0 0.000162339 0 0 0 0.000162339)
(0.00129952 0 0 0 0.00016244 0 0 0 0.00016244)
(0.00130034 0 0 0 0.000162542 0 0 0 0.000162542)
(0.00130118 0 0 0 0.000162647 0 0 0 0.000162647)
(0.00130203 0 0 0 0.000162754 0 0 0 0.000162754)
(0.0013029 0 0 0 0.000162863 0 0 0 0.000162863)
(0.00130379 0 0 0 0.000162974 0 0 0 0.000162974)
(0.00130469 0 0 0 0.000163086 0 0 0 0.000163086)
(0.0013056 0 0 0 0.000163201 0 0 0 0.000163201)
(0.00130653 0 0 0 0.000163317 0 0 0 0.000163317)
(0.00130748 0 0 0 0.000163435 0 0 0 0.000163435)
(0.00130844 0 0 0 0.000163554 0 0 0 0.000163554)
(0.00130941 0 0 0 0.000163676 0 0 0 0.000163676)
(0.0013104 0 0 0 0.0001638 0 0 0 0.0001638)
(0.00131142 0 0 0 0.000163927 0 0 0 0.000163927)
(0.00131246 0 0 0 0.000164057 0 0 0 0.000164057)
(0.00131354 0 0 0 0.000164192 0 0 0 0.000164192)
(0.00131463 0 0 0 0.000164329 0 0 0 0.000164329)
(0.00131522 0 0 0 0.000164402 0 0 0 0.000164402)
(0.00123523 0 0 0 0.000154403 0 0 0 0.000154403)
(0.00123553 0 0 0 0.000154441 0 0 0 0.000154441)
(0.00123615 0 0 0 0.000154519 0 0 0 0.000154519)
(0.00123703 0 0 0 0.000154629 0 0 0 0.000154629)
(0.0012379 0 0 0 0.000154738 0 0 0 0.000154738)
(0.00123877 0 0 0 0.000154846 0 0 0 0.000154846)
(0.00123962 0 0 0 0.000154953 0 0 0 0.000154953)
(0.00124047 0 0 0 0.000155059 0 0 0 0.000155059)
(0.00124131 0 0 0 0.000155164 0 0 0 0.000155164)
(0.00124215 0 0 0 0.000155268 0 0 0 0.000155268)
(0.00124297 0 0 0 0.000155372 0 0 0 0.000155372)
(0.00124379 0 0 0 0.000155474 0 0 0 0.000155474)
(0.0012446 0 0 0 0.000155575 0 0 0 0.000155575)
(0.0012454 0 0 0 0.000155675 0 0 0 0.000155675)
(0.0012462 0 0 0 0.000155774 0 0 0 0.000155774)
(0.00124698 0 0 0 0.000155872 0 0 0 0.000155872)
(0.00124775 0 0 0 0.000155969 0 0 0 0.000155969)
(0.00124852 0 0 0 0.000156065 0 0 0 0.000156065)
(0.00124928 0 0 0 0.00015616 0 0 0 0.00015616)
(0.00125003 0 0 0 0.000156253 0 0 0 0.000156253)
(0.00125076 0 0 0 0.000156345 0 0 0 0.000156345)
(0.00125149 0 0 0 0.000156436 0 0 0 0.000156436)
(0.00125221 0 0 0 0.000156526 0 0 0 0.000156526)
(0.00125291 0 0 0 0.000156614 0 0 0 0.000156614)
(0.00125361 0 0 0 0.000156701 0 0 0 0.000156701)
(0.0012543 0 0 0 0.000156787 0 0 0 0.000156787)
(0.00125497 0 0 0 0.000156871 0 0 0 0.000156871)
(0.00125564 0 0 0 0.000156954 0 0 0 0.000156954)
(0.00125629 0 0 0 0.000157036 0 0 0 0.000157036)
(0.00125693 0 0 0 0.000157116 0 0 0 0.000157116)
(0.00125756 0 0 0 0.000157195 0 0 0 0.000157195)
(0.00125818 0 0 0 0.000157272 0 0 0 0.000157272)
(0.00125879 0 0 0 0.000157348 0 0 0 0.000157348)
(0.00125938 0 0 0 0.000157423 0 0 0 0.000157423)
(0.00125997 0 0 0 0.000157496 0 0 0 0.000157496)
(0.00126054 0 0 0 0.000157568 0 0 0 0.000157568)
(0.0012611 0 0 0 0.000157638 0 0 0 0.000157638)
(0.00126165 0 0 0 0.000157706 0 0 0 0.000157706)
(0.00126219 0 0 0 0.000157774 0 0 0 0.000157774)
(0.00126271 0 0 0 0.000157839 0 0 0 0.000157839)
(0.00126323 0 0 0 0.000157904 0 0 0 0.000157904)
(0.00126373 0 0 0 0.000157966 0 0 0 0.000157966)
(0.00126422 0 0 0 0.000158028 0 0 0 0.000158028)
(0.0012647 0 0 0 0.000158087 0 0 0 0.000158087)
(0.00126517 0 0 0 0.000158146 0 0 0 0.000158146)
(0.00126562 0 0 0 0.000158202 0 0 0 0.000158202)
(0.00126606 0 0 0 0.000158258 0 0 0 0.000158258)
(0.00126649 0 0 0 0.000158312 0 0 0 0.000158312)
(0.00126691 0 0 0 0.000158364 0 0 0 0.000158364)
(0.00126732 0 0 0 0.000158415 0 0 0 0.000158415)
(0.00126772 0 0 0 0.000158464 0 0 0 0.000158464)
(0.0012681 0 0 0 0.000158512 0 0 0 0.000158512)
(0.00126847 0 0 0 0.000158559 0 0 0 0.000158559)
(0.00126883 0 0 0 0.000158604 0 0 0 0.000158604)
(0.00126918 0 0 0 0.000158648 0 0 0 0.000158648)
(0.00126952 0 0 0 0.00015869 0 0 0 0.00015869)
(0.00126985 0 0 0 0.000158731 0 0 0 0.000158731)
(0.00127017 0 0 0 0.000158771 0 0 0 0.000158771)
(0.00127047 0 0 0 0.000158809 0 0 0 0.000158809)
(0.00127077 0 0 0 0.000158846 0 0 0 0.000158846)
(0.00127105 0 0 0 0.000158881 0 0 0 0.000158881)
(0.00127133 0 0 0 0.000158916 0 0 0 0.000158916)
(0.00127159 0 0 0 0.000158949 0 0 0 0.000158949)
(0.00127184 0 0 0 0.00015898 0 0 0 0.00015898)
(0.00127209 0 0 0 0.000159011 0 0 0 0.000159011)
(0.00127232 0 0 0 0.00015904 0 0 0 0.00015904)
(0.00127254 0 0 0 0.000159068 0 0 0 0.000159068)
(0.00127276 0 0 0 0.000159095 0 0 0 0.000159095)
(0.00127297 0 0 0 0.000159121 0 0 0 0.000159121)
(0.00127316 0 0 0 0.000159145 0 0 0 0.000159145)
(0.00127335 0 0 0 0.000159169 0 0 0 0.000159169)
(0.00127353 0 0 0 0.000159191 0 0 0 0.000159191)
(0.0012737 0 0 0 0.000159213 0 0 0 0.000159213)
(0.00127387 0 0 0 0.000159233 0 0 0 0.000159233)
(0.00127402 0 0 0 0.000159253 0 0 0 0.000159253)
(0.00127417 0 0 0 0.000159271 0 0 0 0.000159271)
(0.00127431 0 0 0 0.000159289 0 0 0 0.000159289)
(0.00127444 0 0 0 0.000159305 0 0 0 0.000159305)
(0.00127457 0 0 0 0.000159321 0 0 0 0.000159321)
(0.00127469 0 0 0 0.000159336 0 0 0 0.000159336)
(0.0012748 0 0 0 0.00015935 0 0 0 0.00015935)
(0.00127491 0 0 0 0.000159364 0 0 0 0.000159364)
(0.00127501 0 0 0 0.000159376 0 0 0 0.000159376)
(0.0012751 0 0 0 0.000159388 0 0 0 0.000159388)
(0.00127519 0 0 0 0.000159399 0 0 0 0.000159399)
(0.00127528 0 0 0 0.00015941 0 0 0 0.00015941)
(0.00127536 0 0 0 0.00015942 0 0 0 0.00015942)
(0.00127543 0 0 0 0.000159429 0 0 0 0.000159429)
(0.0012755 0 0 0 0.000159438 0 0 0 0.000159438)
(0.00127557 0 0 0 0.000159446 0 0 0 0.000159446)
(0.00127563 0 0 0 0.000159453 0 0 0 0.000159453)
(0.00127568 0 0 0 0.00015946 0 0 0 0.00015946)
(0.00127574 0 0 0 0.000159467 0 0 0 0.000159467)
(0.00127579 0 0 0 0.000159473 0 0 0 0.000159473)
(0.00127583 0 0 0 0.000159479 0 0 0 0.000159479)
(0.00127587 0 0 0 0.000159484 0 0 0 0.000159484)
(0.00127591 0 0 0 0.000159489 0 0 0 0.000159489)
(0.00127595 0 0 0 0.000159494 0 0 0 0.000159494)
(0.00127598 0 0 0 0.000159498 0 0 0 0.000159498)
(0.00127601 0 0 0 0.000159502 0 0 0 0.000159502)
(0.00127604 0 0 0 0.000159505 0 0 0 0.000159505)
(0.00127607 0 0 0 0.000159509 0 0 0 0.000159509)
(0.00127609 0 0 0 0.000159512 0 0 0 0.000159512)
(0.00127612 0 0 0 0.000159515 0 0 0 0.000159515)
(0.00127614 0 0 0 0.000159517 0 0 0 0.000159517)
(0.00127616 0 0 0 0.00015952 0 0 0 0.00015952)
(0.00127617 0 0 0 0.000159522 0 0 0 0.000159522)
(0.00127619 0 0 0 0.000159524 0 0 0 0.000159524)
(0.0012762 0 0 0 0.000159525 0 0 0 0.000159525)
(0.00127622 0 0 0 0.000159527 0 0 0 0.000159527)
(0.00127623 0 0 0 0.000159528 0 0 0 0.000159528)
(0.00127624 0 0 0 0.00015953 0 0 0 0.00015953)
(0.00127625 0 0 0 0.000159531 0 0 0 0.000159531)
(0.00127626 0 0 0 0.000159532 0 0 0 0.000159532)
(0.00127626 0 0 0 0.000159533 0 0 0 0.000159533)
(0.00127627 0 0 0 0.000159534 0 0 0 0.000159534)
(0.00127628 0 0 0 0.000159535 0 0 0 0.000159535)
(0.00127628 0 0 0 0.000159536 0 0 0 0.000159536)
(0.00127629 0 0 0 0.000159536 0 0 0 0.000159536)
(0.00127629 0 0 0 0.000159537 0 0 0 0.000159537)
(0.0012763 0 0 0 0.000159537 0 0 0 0.000159537)
(0.0012763 0 0 0 0.000159538 0 0 0 0.000159538)
(0.0012763 0 0 0 0.000159538 0 0 0 0.000159538)
(0.00127631 0 0 0 0.000159538 0 0 0 0.000159538)
(0.00127631 0 0 0 0.000159539 0 0 0 0.000159539)
(0.00127631 0 0 0 0.000159539 0 0 0 0.000159539)
(0.00127631 0 0 0 0.000159539 0 0 0 0.000159539)
(0.00127632 0 0 0 0.00015954 0 0 0 0.00015954)
(0.00127632 0 0 0 0.00015954 0 0 0 0.00015954)
(0.00127632 0 0 0 0.00015954 0 0 0 0.00015954)
(0.00127632 0 0 0 0.00015954 0 0 0 0.00015954)
(0.00127632 0 0 0 0.00015954 0 0 0 0.00015954)
(0.00127632 0 0 0 0.00015954 0 0 0 0.00015954)
(0.00127632 0 0 0 0.00015954 0 0 0 0.00015954)
(0.00127632 0 0 0 0.000159541 0 0 0 0.000159541)
(0.00127633 0 0 0 0.000159541 0 0 0 0.000159541)
(0.00127633 0 0 0 0.000159541 0 0 0 0.000159541)
(0.00127633 0 0 0 0.000159541 0 0 0 0.000159541)
(0.00127633 0 0 0 0.000159541 0 0 0 0.000159541)
(0.00127633 0 0 0 0.000159541 0 0 0 0.000159541)
(0.00127633 0 0 0 0.000159541 0 0 0 0.000159541)
(0.00127633 0 0 0 0.000159541 0 0 0 0.000159541)
(0.00127633 0 0 0 0.000159541 0 0 0 0.000159541)
(0.00127633 0 0 0 0.000159541 0 0 0 0.000159541)
(0.00127633 0 0 0 0.000159541 0 0 0 0.000159541)
(0.00127633 0 0 0 0.000159541 0 0 0 0.000159541)
(0.00127633 0 0 0 0.000159541 0 0 0 0.000159541)
(0.00127633 0 0 0 0.000159542 0 0 0 0.000159542)
(0.00127633 0 0 0 0.000159542 0 0 0 0.000159542)
(0.00127633 0 0 0 0.000159542 0 0 0 0.000159542)
(0.00127634 0 0 0 0.000159542 0 0 0 0.000159542)
(0.00127634 0 0 0 0.000159542 0 0 0 0.000159542)
(0.00127634 0 0 0 0.000159542 0 0 0 0.000159542)
(0.00127634 0 0 0 0.000159543 0 0 0 0.000159543)
(0.00127634 0 0 0 0.000159543 0 0 0 0.000159543)
(0.00127634 0 0 0 0.000159543 0 0 0 0.000159543)
(0.00127635 0 0 0 0.000159543 0 0 0 0.000159543)
(0.00127635 0 0 0 0.000159544 0 0 0 0.000159544)
(0.00127635 0 0 0 0.000159544 0 0 0 0.000159544)
(0.00127636 0 0 0 0.000159544 0 0 0 0.000159544)
(0.00127636 0 0 0 0.000159545 0 0 0 0.000159545)
(0.00127636 0 0 0 0.000159545 0 0 0 0.000159545)
(0.00127637 0 0 0 0.000159546 0 0 0 0.000159546)
(0.00127637 0 0 0 0.000159547 0 0 0 0.000159547)
(0.00127638 0 0 0 0.000159547 0 0 0 0.000159547)
(0.00127639 0 0 0 0.000159548 0 0 0 0.000159548)
(0.00127639 0 0 0 0.000159549 0 0 0 0.000159549)
(0.0012764 0 0 0 0.00015955 0 0 0 0.00015955)
(0.00127641 0 0 0 0.000159551 0 0 0 0.000159551)
(0.00127642 0 0 0 0.000159553 0 0 0 0.000159553)
(0.00127643 0 0 0 0.000159554 0 0 0 0.000159554)
(0.00127644 0 0 0 0.000159555 0 0 0 0.000159555)
(0.00127646 0 0 0 0.000159557 0 0 0 0.000159557)
(0.00127647 0 0 0 0.000159559 0 0 0 0.000159559)
(0.00127649 0 0 0 0.000159561 0 0 0 0.000159561)
(0.0012765 0 0 0 0.000159563 0 0 0 0.000159563)
(0.00127652 0 0 0 0.000159565 0 0 0 0.000159565)
(0.00127654 0 0 0 0.000159568 0 0 0 0.000159568)
(0.00127657 0 0 0 0.000159571 0 0 0 0.000159571)
(0.00127659 0 0 0 0.000159574 0 0 0 0.000159574)
(0.00127662 0 0 0 0.000159577 0 0 0 0.000159577)
(0.00127665 0 0 0 0.000159581 0 0 0 0.000159581)
(0.00127668 0 0 0 0.000159585 0 0 0 0.000159585)
(0.00127671 0 0 0 0.000159589 0 0 0 0.000159589)
(0.00127675 0 0 0 0.000159594 0 0 0 0.000159594)
(0.00127679 0 0 0 0.000159599 0 0 0 0.000159599)
(0.00127683 0 0 0 0.000159604 0 0 0 0.000159604)
(0.00127688 0 0 0 0.00015961 0 0 0 0.00015961)
(0.00127693 0 0 0 0.000159616 0 0 0 0.000159616)
(0.00127698 0 0 0 0.000159623 0 0 0 0.000159623)
(0.00127704 0 0 0 0.00015963 0 0 0 0.00015963)
(0.0012771 0 0 0 0.000159638 0 0 0 0.000159638)
(0.00127717 0 0 0 0.000159646 0 0 0 0.000159646)
(0.00127724 0 0 0 0.000159655 0 0 0 0.000159655)
(0.00127731 0 0 0 0.000159664 0 0 0 0.000159664)
(0.00127739 0 0 0 0.000159674 0 0 0 0.000159674)
(0.00127748 0 0 0 0.000159685 0 0 0 0.000159685)
(0.00127757 0 0 0 0.000159696 0 0 0 0.000159696)
(0.00127767 0 0 0 0.000159709 0 0 0 0.000159709)
(0.00127777 0 0 0 0.000159722 0 0 0 0.000159722)
(0.00127788 0 0 0 0.000159735 0 0 0 0.000159735)
(0.001278 0 0 0 0.00015975 0 0 0 0.00015975)
(0.00127812 0 0 0 0.000159765 0 0 0 0.000159765)
(0.00127826 0 0 0 0.000159782 0 0 0 0.000159782)
(0.00127839 0 0 0 0.000159799 0 0 0 0.000159799)
(0.00127854 0 0 0 0.000159818 0 0 0 0.000159818)
(0.0012787 0 0 0 0.000159837 0 0 0 0.000159837)
(0.00127886 0 0 0 0.000159857 0 0 0 0.000159857)
(0.00127903 0 0 0 0.000159879 0 0 0 0.000159879)
(0.00127921 0 0 0 0.000159902 0 0 0 0.000159902)
(0.0012794 0 0 0 0.000159925 0 0 0 0.000159925)
(0.0012796 0 0 0 0.00015995 0 0 0 0.00015995)
(0.00127981 0 0 0 0.000159977 0 0 0 0.000159977)
(0.00128003 0 0 0 0.000160004 0 0 0 0.000160004)
(0.00128027 0 0 0 0.000160033 0 0 0 0.000160033)
(0.00128051 0 0 0 0.000160063 0 0 0 0.000160063)
(0.00128076 0 0 0 0.000160095 0 0 0 0.000160095)
(0.00128103 0 0 0 0.000160128 0 0 0 0.000160128)
(0.0012813 0 0 0 0.000160163 0 0 0 0.000160163)
(0.00128159 0 0 0 0.000160199 0 0 0 0.000160199)
(0.00128189 0 0 0 0.000160237 0 0 0 0.000160237)
(0.00128221 0 0 0 0.000160276 0 0 0 0.000160276)
(0.00128254 0 0 0 0.000160317 0 0 0 0.000160317)
(0.00128288 0 0 0 0.00016036 0 0 0 0.00016036)
(0.00128323 0 0 0 0.000160404 0 0 0 0.000160404)
(0.0012836 0 0 0 0.00016045 0 0 0 0.00016045)
(0.00128398 0 0 0 0.000160498 0 0 0 0.000160498)
(0.00128438 0 0 0 0.000160547 0 0 0 0.000160547)
(0.00128479 0 0 0 0.000160599 0 0 0 0.000160599)
(0.00128522 0 0 0 0.000160652 0 0 0 0.000160652)
(0.00128566 0 0 0 0.000160707 0 0 0 0.000160707)
(0.00128611 0 0 0 0.000160764 0 0 0 0.000160764)
(0.00128659 0 0 0 0.000160823 0 0 0 0.000160823)
(0.00128708 0 0 0 0.000160884 0 0 0 0.000160884)
(0.00128758 0 0 0 0.000160947 0 0 0 0.000160947)
(0.0012881 0 0 0 0.000161012 0 0 0 0.000161012)
(0.00128864 0 0 0 0.00016108 0 0 0 0.00016108)
(0.00128919 0 0 0 0.000161149 0 0 0 0.000161149)
(0.00128976 0 0 0 0.00016122 0 0 0 0.00016122)
(0.00129035 0 0 0 0.000161293 0 0 0 0.000161293)
(0.00129095 0 0 0 0.000161369 0 0 0 0.000161369)
(0.00129157 0 0 0 0.000161446 0 0 0 0.000161446)
(0.00129221 0 0 0 0.000161526 0 0 0 0.000161526)
(0.00129286 0 0 0 0.000161608 0 0 0 0.000161608)
(0.00129353 0 0 0 0.000161692 0 0 0 0.000161692)
(0.00129422 0 0 0 0.000161778 0 0 0 0.000161778)
(0.00129493 0 0 0 0.000161866 0 0 0 0.000161866)
(0.00129565 0 0 0 0.000161957 0 0 0 0.000161957)
(0.00129639 0 0 0 0.000162049 0 0 0 0.000162049)
(0.00129715 0 0 0 0.000162144 0 0 0 0.000162144)
(0.00129793 0 0 0 0.000162241 0 0 0 0.000162241)
(0.00129872 0 0 0 0.00016234 0 0 0 0.00016234)
(0.00129953 0 0 0 0.000162441 0 0 0 0.000162441)
(0.00130035 0 0 0 0.000162544 0 0 0 0.000162544)
(0.00130119 0 0 0 0.000162649 0 0 0 0.000162649)
(0.00130205 0 0 0 0.000162756 0 0 0 0.000162756)
(0.00130292 0 0 0 0.000162865 0 0 0 0.000162865)
(0.00130381 0 0 0 0.000162977 0 0 0 0.000162977)
(0.00130472 0 0 0 0.00016309 0 0 0 0.00016309)
(0.00130564 0 0 0 0.000163205 0 0 0 0.000163205)
(0.00130657 0 0 0 0.000163322 0 0 0 0.000163322)
(0.00130752 0 0 0 0.000163441 0 0 0 0.000163441)
(0.00130849 0 0 0 0.000163562 0 0 0 0.000163562)
(0.00130948 0 0 0 0.000163685 0 0 0 0.000163685)
(0.00131049 0 0 0 0.000163811 0 0 0 0.000163811)
(0.00131152 0 0 0 0.00016394 0 0 0 0.00016394)
(0.00131258 0 0 0 0.000164072 0 0 0 0.000164072)
(0.00131367 0 0 0 0.000164209 0 0 0 0.000164209)
(0.00131475 0 0 0 0.000164344 0 0 0 0.000164344)
(0.00131533 0 0 0 0.000164416 0 0 0 0.000164416)
(0.00123526 0 0 0 0.000154407 0 0 0 0.000154407)
(0.00123557 0 0 0 0.000154446 0 0 0 0.000154446)
(0.00123621 0 0 0 0.000154526 0 0 0 0.000154526)
(0.00123707 0 0 0 0.000154634 0 0 0 0.000154634)
(0.00123793 0 0 0 0.000154741 0 0 0 0.000154741)
(0.00123879 0 0 0 0.000154848 0 0 0 0.000154848)
(0.00123964 0 0 0 0.000154955 0 0 0 0.000154955)
(0.00124048 0 0 0 0.00015506 0 0 0 0.00015506)
(0.00124132 0 0 0 0.000155165 0 0 0 0.000155165)
(0.00124215 0 0 0 0.000155269 0 0 0 0.000155269)
(0.00124298 0 0 0 0.000155372 0 0 0 0.000155372)
(0.00124379 0 0 0 0.000155474 0 0 0 0.000155474)
(0.0012446 0 0 0 0.000155575 0 0 0 0.000155575)
(0.0012454 0 0 0 0.000155676 0 0 0 0.000155676)
(0.0012462 0 0 0 0.000155775 0 0 0 0.000155775)
(0.00124698 0 0 0 0.000155873 0 0 0 0.000155873)
(0.00124776 0 0 0 0.00015597 0 0 0 0.00015597)
(0.00124852 0 0 0 0.000156065 0 0 0 0.000156065)
(0.00124928 0 0 0 0.00015616 0 0 0 0.00015616)
(0.00125003 0 0 0 0.000156253 0 0 0 0.000156253)
(0.00125076 0 0 0 0.000156346 0 0 0 0.000156346)
(0.00125149 0 0 0 0.000156437 0 0 0 0.000156437)
(0.00125221 0 0 0 0.000156526 0 0 0 0.000156526)
(0.00125292 0 0 0 0.000156615 0 0 0 0.000156615)
(0.00125361 0 0 0 0.000156702 0 0 0 0.000156702)
(0.0012543 0 0 0 0.000156787 0 0 0 0.000156787)
(0.00125497 0 0 0 0.000156872 0 0 0 0.000156872)
(0.00125564 0 0 0 0.000156955 0 0 0 0.000156955)
(0.00125629 0 0 0 0.000157036 0 0 0 0.000157036)
(0.00125693 0 0 0 0.000157117 0 0 0 0.000157117)
(0.00125756 0 0 0 0.000157195 0 0 0 0.000157195)
(0.00125818 0 0 0 0.000157273 0 0 0 0.000157273)
(0.00125879 0 0 0 0.000157349 0 0 0 0.000157349)
(0.00125939 0 0 0 0.000157423 0 0 0 0.000157423)
(0.00125997 0 0 0 0.000157496 0 0 0 0.000157496)
(0.00126054 0 0 0 0.000157568 0 0 0 0.000157568)
(0.0012611 0 0 0 0.000157638 0 0 0 0.000157638)
(0.00126165 0 0 0 0.000157707 0 0 0 0.000157707)
(0.00126219 0 0 0 0.000157774 0 0 0 0.000157774)
(0.00126272 0 0 0 0.000157839 0 0 0 0.000157839)
(0.00126323 0 0 0 0.000157904 0 0 0 0.000157904)
(0.00126373 0 0 0 0.000157966 0 0 0 0.000157966)
(0.00126422 0 0 0 0.000158028 0 0 0 0.000158028)
(0.0012647 0 0 0 0.000158088 0 0 0 0.000158088)
(0.00126517 0 0 0 0.000158146 0 0 0 0.000158146)
(0.00126562 0 0 0 0.000158203 0 0 0 0.000158203)
(0.00126606 0 0 0 0.000158258 0 0 0 0.000158258)
(0.00126649 0 0 0 0.000158312 0 0 0 0.000158312)
(0.00126691 0 0 0 0.000158364 0 0 0 0.000158364)
(0.00126732 0 0 0 0.000158415 0 0 0 0.000158415)
(0.00126772 0 0 0 0.000158465 0 0 0 0.000158465)
(0.0012681 0 0 0 0.000158513 0 0 0 0.000158513)
(0.00126847 0 0 0 0.000158559 0 0 0 0.000158559)
(0.00126883 0 0 0 0.000158604 0 0 0 0.000158604)
(0.00126918 0 0 0 0.000158648 0 0 0 0.000158648)
(0.00126952 0 0 0 0.00015869 0 0 0 0.00015869)
(0.00126985 0 0 0 0.000158731 0 0 0 0.000158731)
(0.00127017 0 0 0 0.000158771 0 0 0 0.000158771)
(0.00127047 0 0 0 0.000158809 0 0 0 0.000158809)
(0.00127077 0 0 0 0.000158846 0 0 0 0.000158846)
(0.00127105 0 0 0 0.000158881 0 0 0 0.000158881)
(0.00127133 0 0 0 0.000158916 0 0 0 0.000158916)
(0.00127159 0 0 0 0.000158949 0 0 0 0.000158949)
(0.00127184 0 0 0 0.00015898 0 0 0 0.00015898)
(0.00127209 0 0 0 0.000159011 0 0 0 0.000159011)
(0.00127232 0 0 0 0.00015904 0 0 0 0.00015904)
(0.00127255 0 0 0 0.000159068 0 0 0 0.000159068)
(0.00127276 0 0 0 0.000159095 0 0 0 0.000159095)
(0.00127297 0 0 0 0.000159121 0 0 0 0.000159121)
(0.00127316 0 0 0 0.000159145 0 0 0 0.000159145)
(0.00127335 0 0 0 0.000159169 0 0 0 0.000159169)
(0.00127353 0 0 0 0.000159191 0 0 0 0.000159191)
(0.0012737 0 0 0 0.000159213 0 0 0 0.000159213)
(0.00127387 0 0 0 0.000159233 0 0 0 0.000159233)
(0.00127402 0 0 0 0.000159253 0 0 0 0.000159253)
(0.00127417 0 0 0 0.000159271 0 0 0 0.000159271)
(0.00127431 0 0 0 0.000159289 0 0 0 0.000159289)
(0.00127444 0 0 0 0.000159305 0 0 0 0.000159305)
(0.00127457 0 0 0 0.000159321 0 0 0 0.000159321)
(0.00127469 0 0 0 0.000159336 0 0 0 0.000159336)
(0.0012748 0 0 0 0.00015935 0 0 0 0.00015935)
(0.00127491 0 0 0 0.000159364 0 0 0 0.000159364)
(0.00127501 0 0 0 0.000159376 0 0 0 0.000159376)
(0.0012751 0 0 0 0.000159388 0 0 0 0.000159388)
(0.00127519 0 0 0 0.000159399 0 0 0 0.000159399)
(0.00127528 0 0 0 0.00015941 0 0 0 0.00015941)
(0.00127536 0 0 0 0.00015942 0 0 0 0.00015942)
(0.00127543 0 0 0 0.000159429 0 0 0 0.000159429)
(0.0012755 0 0 0 0.000159438 0 0 0 0.000159438)
(0.00127557 0 0 0 0.000159446 0 0 0 0.000159446)
(0.00127563 0 0 0 0.000159453 0 0 0 0.000159453)
(0.00127568 0 0 0 0.00015946 0 0 0 0.00015946)
(0.00127574 0 0 0 0.000159467 0 0 0 0.000159467)
(0.00127579 0 0 0 0.000159473 0 0 0 0.000159473)
(0.00127583 0 0 0 0.000159479 0 0 0 0.000159479)
(0.00127587 0 0 0 0.000159484 0 0 0 0.000159484)
(0.00127591 0 0 0 0.000159489 0 0 0 0.000159489)
(0.00127595 0 0 0 0.000159494 0 0 0 0.000159494)
(0.00127598 0 0 0 0.000159498 0 0 0 0.000159498)
(0.00127601 0 0 0 0.000159502 0 0 0 0.000159502)
(0.00127604 0 0 0 0.000159505 0 0 0 0.000159505)
(0.00127607 0 0 0 0.000159509 0 0 0 0.000159509)
(0.00127609 0 0 0 0.000159512 0 0 0 0.000159512)
(0.00127612 0 0 0 0.000159515 0 0 0 0.000159515)
(0.00127614 0 0 0 0.000159517 0 0 0 0.000159517)
(0.00127616 0 0 0 0.00015952 0 0 0 0.00015952)
(0.00127617 0 0 0 0.000159522 0 0 0 0.000159522)
(0.00127619 0 0 0 0.000159524 0 0 0 0.000159524)
(0.0012762 0 0 0 0.000159525 0 0 0 0.000159525)
(0.00127622 0 0 0 0.000159527 0 0 0 0.000159527)
(0.00127623 0 0 0 0.000159528 0 0 0 0.000159528)
(0.00127624 0 0 0 0.00015953 0 0 0 0.00015953)
(0.00127625 0 0 0 0.000159531 0 0 0 0.000159531)
(0.00127626 0 0 0 0.000159532 0 0 0 0.000159532)
(0.00127626 0 0 0 0.000159533 0 0 0 0.000159533)
(0.00127627 0 0 0 0.000159534 0 0 0 0.000159534)
(0.00127628 0 0 0 0.000159535 0 0 0 0.000159535)
(0.00127628 0 0 0 0.000159536 0 0 0 0.000159536)
(0.00127629 0 0 0 0.000159536 0 0 0 0.000159536)
(0.00127629 0 0 0 0.000159537 0 0 0 0.000159537)
(0.0012763 0 0 0 0.000159537 0 0 0 0.000159537)
(0.0012763 0 0 0 0.000159538 0 0 0 0.000159538)
(0.0012763 0 0 0 0.000159538 0 0 0 0.000159538)
(0.00127631 0 0 0 0.000159538 0 0 0 0.000159538)
(0.00127631 0 0 0 0.000159539 0 0 0 0.000159539)
(0.00127631 0 0 0 0.000159539 0 0 0 0.000159539)
(0.00127631 0 0 0 0.000159539 0 0 0 0.000159539)
(0.00127632 0 0 0 0.00015954 0 0 0 0.00015954)
(0.00127632 0 0 0 0.00015954 0 0 0 0.00015954)
(0.00127632 0 0 0 0.00015954 0 0 0 0.00015954)
(0.00127632 0 0 0 0.00015954 0 0 0 0.00015954)
(0.00127632 0 0 0 0.00015954 0 0 0 0.00015954)
(0.00127632 0 0 0 0.00015954 0 0 0 0.00015954)
(0.00127632 0 0 0 0.00015954 0 0 0 0.00015954)
(0.00127632 0 0 0 0.000159541 0 0 0 0.000159541)
(0.00127633 0 0 0 0.000159541 0 0 0 0.000159541)
(0.00127633 0 0 0 0.000159541 0 0 0 0.000159541)
(0.00127633 0 0 0 0.000159541 0 0 0 0.000159541)
(0.00127633 0 0 0 0.000159541 0 0 0 0.000159541)
(0.00127633 0 0 0 0.000159541 0 0 0 0.000159541)
(0.00127633 0 0 0 0.000159541 0 0 0 0.000159541)
(0.00127633 0 0 0 0.000159541 0 0 0 0.000159541)
(0.00127633 0 0 0 0.000159541 0 0 0 0.000159541)
(0.00127633 0 0 0 0.000159541 0 0 0 0.000159541)
(0.00127633 0 0 0 0.000159541 0 0 0 0.000159541)
(0.00127633 0 0 0 0.000159541 0 0 0 0.000159541)
(0.00127633 0 0 0 0.000159541 0 0 0 0.000159541)
(0.00127633 0 0 0 0.000159542 0 0 0 0.000159542)
(0.00127633 0 0 0 0.000159542 0 0 0 0.000159542)
(0.00127633 0 0 0 0.000159542 0 0 0 0.000159542)
(0.00127634 0 0 0 0.000159542 0 0 0 0.000159542)
(0.00127634 0 0 0 0.000159542 0 0 0 0.000159542)
(0.00127634 0 0 0 0.000159542 0 0 0 0.000159542)
(0.00127634 0 0 0 0.000159543 0 0 0 0.000159543)
(0.00127634 0 0 0 0.000159543 0 0 0 0.000159543)
(0.00127634 0 0 0 0.000159543 0 0 0 0.000159543)
(0.00127635 0 0 0 0.000159543 0 0 0 0.000159543)
(0.00127635 0 0 0 0.000159544 0 0 0 0.000159544)
(0.00127635 0 0 0 0.000159544 0 0 0 0.000159544)
(0.00127636 0 0 0 0.000159544 0 0 0 0.000159544)
(0.00127636 0 0 0 0.000159545 0 0 0 0.000159545)
(0.00127636 0 0 0 0.000159546 0 0 0 0.000159546)
(0.00127637 0 0 0 0.000159546 0 0 0 0.000159546)
(0.00127637 0 0 0 0.000159547 0 0 0 0.000159547)
(0.00127638 0 0 0 0.000159547 0 0 0 0.000159547)
(0.00127639 0 0 0 0.000159548 0 0 0 0.000159548)
(0.00127639 0 0 0 0.000159549 0 0 0 0.000159549)
(0.0012764 0 0 0 0.00015955 0 0 0 0.00015955)
(0.00127641 0 0 0 0.000159551 0 0 0 0.000159551)
(0.00127642 0 0 0 0.000159553 0 0 0 0.000159553)
(0.00127643 0 0 0 0.000159554 0 0 0 0.000159554)
(0.00127644 0 0 0 0.000159555 0 0 0 0.000159555)
(0.00127646 0 0 0 0.000159557 0 0 0 0.000159557)
(0.00127647 0 0 0 0.000159559 0 0 0 0.000159559)
(0.00127649 0 0 0 0.000159561 0 0 0 0.000159561)
(0.0012765 0 0 0 0.000159563 0 0 0 0.000159563)
(0.00127652 0 0 0 0.000159565 0 0 0 0.000159565)
(0.00127654 0 0 0 0.000159568 0 0 0 0.000159568)
(0.00127657 0 0 0 0.000159571 0 0 0 0.000159571)
(0.00127659 0 0 0 0.000159574 0 0 0 0.000159574)
(0.00127662 0 0 0 0.000159577 0 0 0 0.000159577)
(0.00127665 0 0 0 0.000159581 0 0 0 0.000159581)
(0.00127668 0 0 0 0.000159585 0 0 0 0.000159585)
(0.00127671 0 0 0 0.000159589 0 0 0 0.000159589)
(0.00127675 0 0 0 0.000159594 0 0 0 0.000159594)
(0.00127679 0 0 0 0.000159599 0 0 0 0.000159599)
(0.00127683 0 0 0 0.000159604 0 0 0 0.000159604)
(0.00127688 0 0 0 0.00015961 0 0 0 0.00015961)
(0.00127693 0 0 0 0.000159616 0 0 0 0.000159616)
(0.00127698 0 0 0 0.000159623 0 0 0 0.000159623)
(0.00127704 0 0 0 0.00015963 0 0 0 0.00015963)
(0.0012771 0 0 0 0.000159638 0 0 0 0.000159638)
(0.00127717 0 0 0 0.000159646 0 0 0 0.000159646)
(0.00127724 0 0 0 0.000159655 0 0 0 0.000159655)
(0.00127731 0 0 0 0.000159664 0 0 0 0.000159664)
(0.00127739 0 0 0 0.000159674 0 0 0 0.000159674)
(0.00127748 0 0 0 0.000159685 0 0 0 0.000159685)
(0.00127757 0 0 0 0.000159697 0 0 0 0.000159697)
(0.00127767 0 0 0 0.000159709 0 0 0 0.000159709)
(0.00127777 0 0 0 0.000159722 0 0 0 0.000159722)
(0.00127788 0 0 0 0.000159735 0 0 0 0.000159735)
(0.001278 0 0 0 0.00015975 0 0 0 0.00015975)
(0.00127812 0 0 0 0.000159766 0 0 0 0.000159766)
(0.00127826 0 0 0 0.000159782 0 0 0 0.000159782)
(0.00127839 0 0 0 0.000159799 0 0 0 0.000159799)
(0.00127854 0 0 0 0.000159818 0 0 0 0.000159818)
(0.0012787 0 0 0 0.000159837 0 0 0 0.000159837)
(0.00127886 0 0 0 0.000159857 0 0 0 0.000159857)
(0.00127903 0 0 0 0.000159879 0 0 0 0.000159879)
(0.00127921 0 0 0 0.000159902 0 0 0 0.000159902)
(0.0012794 0 0 0 0.000159926 0 0 0 0.000159926)
(0.0012796 0 0 0 0.000159951 0 0 0 0.000159951)
(0.00127982 0 0 0 0.000159977 0 0 0 0.000159977)
(0.00128004 0 0 0 0.000160004 0 0 0 0.000160004)
(0.00128027 0 0 0 0.000160033 0 0 0 0.000160033)
(0.00128051 0 0 0 0.000160064 0 0 0 0.000160064)
(0.00128076 0 0 0 0.000160095 0 0 0 0.000160095)
(0.00128103 0 0 0 0.000160129 0 0 0 0.000160129)
(0.00128131 0 0 0 0.000160163 0 0 0 0.000160163)
(0.00128159 0 0 0 0.000160199 0 0 0 0.000160199)
(0.0012819 0 0 0 0.000160237 0 0 0 0.000160237)
(0.00128221 0 0 0 0.000160276 0 0 0 0.000160276)
(0.00128254 0 0 0 0.000160317 0 0 0 0.000160317)
(0.00128288 0 0 0 0.00016036 0 0 0 0.00016036)
(0.00128323 0 0 0 0.000160404 0 0 0 0.000160404)
(0.0012836 0 0 0 0.00016045 0 0 0 0.00016045)
(0.00128398 0 0 0 0.000160498 0 0 0 0.000160498)
(0.00128438 0 0 0 0.000160548 0 0 0 0.000160548)
(0.00128479 0 0 0 0.000160599 0 0 0 0.000160599)
(0.00128522 0 0 0 0.000160652 0 0 0 0.000160652)
(0.00128566 0 0 0 0.000160708 0 0 0 0.000160708)
(0.00128612 0 0 0 0.000160765 0 0 0 0.000160765)
(0.00128659 0 0 0 0.000160824 0 0 0 0.000160824)
(0.00128708 0 0 0 0.000160885 0 0 0 0.000160885)
(0.00128758 0 0 0 0.000160948 0 0 0 0.000160948)
(0.0012881 0 0 0 0.000161013 0 0 0 0.000161013)
(0.00128864 0 0 0 0.00016108 0 0 0 0.00016108)
(0.00128919 0 0 0 0.000161149 0 0 0 0.000161149)
(0.00128976 0 0 0 0.000161221 0 0 0 0.000161221)
(0.00129035 0 0 0 0.000161294 0 0 0 0.000161294)
(0.00129095 0 0 0 0.000161369 0 0 0 0.000161369)
(0.00129158 0 0 0 0.000161447 0 0 0 0.000161447)
(0.00129221 0 0 0 0.000161527 0 0 0 0.000161527)
(0.00129287 0 0 0 0.000161609 0 0 0 0.000161609)
(0.00129354 0 0 0 0.000161693 0 0 0 0.000161693)
(0.00129423 0 0 0 0.000161779 0 0 0 0.000161779)
(0.00129494 0 0 0 0.000161867 0 0 0 0.000161867)
(0.00129566 0 0 0 0.000161958 0 0 0 0.000161958)
(0.0012964 0 0 0 0.00016205 0 0 0 0.00016205)
(0.00129716 0 0 0 0.000162145 0 0 0 0.000162145)
(0.00129794 0 0 0 0.000162242 0 0 0 0.000162242)
(0.00129873 0 0 0 0.000162341 0 0 0 0.000162341)
(0.00129954 0 0 0 0.000162443 0 0 0 0.000162443)
(0.00130037 0 0 0 0.000162546 0 0 0 0.000162546)
(0.00130121 0 0 0 0.000162651 0 0 0 0.000162651)
(0.00130207 0 0 0 0.000162759 0 0 0 0.000162759)
(0.00130295 0 0 0 0.000162869 0 0 0 0.000162869)
(0.00130384 0 0 0 0.00016298 0 0 0 0.00016298)
(0.00130475 0 0 0 0.000163094 0 0 0 0.000163094)
(0.00130568 0 0 0 0.00016321 0 0 0 0.00016321)
(0.00130662 0 0 0 0.000163328 0 0 0 0.000163328)
(0.00130758 0 0 0 0.000163448 0 0 0 0.000163448)
(0.00130856 0 0 0 0.000163571 0 0 0 0.000163571)
(0.00130956 0 0 0 0.000163696 0 0 0 0.000163696)
(0.00131059 0 0 0 0.000163823 0 0 0 0.000163823)
(0.00131163 0 0 0 0.000163954 0 0 0 0.000163954)
(0.00131271 0 0 0 0.000164089 0 0 0 0.000164089)
(0.00131382 0 0 0 0.000164227 0 0 0 0.000164227)
(0.00131488 0 0 0 0.00016436 0 0 0 0.00016436)
(0.00131544 0 0 0 0.00016443 0 0 0 0.00016443)
(0.00123528 0 0 0 0.00015441 0 0 0 0.00015441)
(0.0012356 0 0 0 0.000154451 0 0 0 0.000154451)
(0.00123626 0 0 0 0.000154533 0 0 0 0.000154533)
(0.00123711 0 0 0 0.000154639 0 0 0 0.000154639)
(0.00123796 0 0 0 0.000154745 0 0 0 0.000154745)
(0.00123881 0 0 0 0.000154851 0 0 0 0.000154851)
(0.00123965 0 0 0 0.000154957 0 0 0 0.000154957)
(0.0012405 0 0 0 0.000155062 0 0 0 0.000155062)
(0.00124133 0 0 0 0.000155166 0 0 0 0.000155166)
(0.00124216 0 0 0 0.00015527 0 0 0 0.00015527)
(0.00124298 0 0 0 0.000155373 0 0 0 0.000155373)
(0.0012438 0 0 0 0.000155475 0 0 0 0.000155475)
(0.00124461 0 0 0 0.000155576 0 0 0 0.000155576)
(0.00124541 0 0 0 0.000155676 0 0 0 0.000155676)
(0.0012462 0 0 0 0.000155775 0 0 0 0.000155775)
(0.00124699 0 0 0 0.000155873 0 0 0 0.000155873)
(0.00124776 0 0 0 0.00015597 0 0 0 0.00015597)
(0.00124853 0 0 0 0.000156066 0 0 0 0.000156066)
(0.00124928 0 0 0 0.000156161 0 0 0 0.000156161)
(0.00125003 0 0 0 0.000156254 0 0 0 0.000156254)
(0.00125077 0 0 0 0.000156346 0 0 0 0.000156346)
(0.0012515 0 0 0 0.000156437 0 0 0 0.000156437)
(0.00125221 0 0 0 0.000156527 0 0 0 0.000156527)
(0.00125292 0 0 0 0.000156615 0 0 0 0.000156615)
(0.00125362 0 0 0 0.000156702 0 0 0 0.000156702)
(0.0012543 0 0 0 0.000156788 0 0 0 0.000156788)
(0.00125498 0 0 0 0.000156872 0 0 0 0.000156872)
(0.00125564 0 0 0 0.000156955 0 0 0 0.000156955)
(0.00125629 0 0 0 0.000157037 0 0 0 0.000157037)
(0.00125694 0 0 0 0.000157117 0 0 0 0.000157117)
(0.00125757 0 0 0 0.000157196 0 0 0 0.000157196)
(0.00125819 0 0 0 0.000157273 0 0 0 0.000157273)
(0.00125879 0 0 0 0.000157349 0 0 0 0.000157349)
(0.00125939 0 0 0 0.000157424 0 0 0 0.000157424)
(0.00125997 0 0 0 0.000157497 0 0 0 0.000157497)
(0.00126055 0 0 0 0.000157568 0 0 0 0.000157568)
(0.00126111 0 0 0 0.000157638 0 0 0 0.000157638)
(0.00126166 0 0 0 0.000157707 0 0 0 0.000157707)
(0.00126219 0 0 0 0.000157774 0 0 0 0.000157774)
(0.00126272 0 0 0 0.00015784 0 0 0 0.00015784)
(0.00126323 0 0 0 0.000157904 0 0 0 0.000157904)
(0.00126373 0 0 0 0.000157967 0 0 0 0.000157967)
(0.00126422 0 0 0 0.000158028 0 0 0 0.000158028)
(0.0012647 0 0 0 0.000158088 0 0 0 0.000158088)
(0.00126517 0 0 0 0.000158146 0 0 0 0.000158146)
(0.00126562 0 0 0 0.000158203 0 0 0 0.000158203)
(0.00126607 0 0 0 0.000158258 0 0 0 0.000158258)
(0.0012665 0 0 0 0.000158312 0 0 0 0.000158312)
(0.00126692 0 0 0 0.000158364 0 0 0 0.000158364)
(0.00126732 0 0 0 0.000158415 0 0 0 0.000158415)
(0.00126772 0 0 0 0.000158465 0 0 0 0.000158465)
(0.0012681 0 0 0 0.000158513 0 0 0 0.000158513)
(0.00126847 0 0 0 0.000158559 0 0 0 0.000158559)
(0.00126884 0 0 0 0.000158605 0 0 0 0.000158605)
(0.00126919 0 0 0 0.000158648 0 0 0 0.000158648)
(0.00126952 0 0 0 0.000158691 0 0 0 0.000158691)
(0.00126985 0 0 0 0.000158731 0 0 0 0.000158731)
(0.00127017 0 0 0 0.000158771 0 0 0 0.000158771)
(0.00127047 0 0 0 0.000158809 0 0 0 0.000158809)
(0.00127077 0 0 0 0.000158846 0 0 0 0.000158846)
(0.00127105 0 0 0 0.000158882 0 0 0 0.000158882)
(0.00127133 0 0 0 0.000158916 0 0 0 0.000158916)
(0.00127159 0 0 0 0.000158949 0 0 0 0.000158949)
(0.00127184 0 0 0 0.000158981 0 0 0 0.000158981)
(0.00127209 0 0 0 0.000159011 0 0 0 0.000159011)
(0.00127232 0 0 0 0.00015904 0 0 0 0.00015904)
(0.00127255 0 0 0 0.000159068 0 0 0 0.000159068)
(0.00127276 0 0 0 0.000159095 0 0 0 0.000159095)
(0.00127297 0 0 0 0.000159121 0 0 0 0.000159121)
(0.00127316 0 0 0 0.000159145 0 0 0 0.000159145)
(0.00127335 0 0 0 0.000159169 0 0 0 0.000159169)
(0.00127353 0 0 0 0.000159191 0 0 0 0.000159191)
(0.0012737 0 0 0 0.000159213 0 0 0 0.000159213)
(0.00127387 0 0 0 0.000159233 0 0 0 0.000159233)
(0.00127402 0 0 0 0.000159253 0 0 0 0.000159253)
(0.00127417 0 0 0 0.000159271 0 0 0 0.000159271)
(0.00127431 0 0 0 0.000159289 0 0 0 0.000159289)
(0.00127444 0 0 0 0.000159305 0 0 0 0.000159305)
(0.00127457 0 0 0 0.000159321 0 0 0 0.000159321)
(0.00127469 0 0 0 0.000159336 0 0 0 0.000159336)
(0.0012748 0 0 0 0.00015935 0 0 0 0.00015935)
(0.00127491 0 0 0 0.000159364 0 0 0 0.000159364)
(0.00127501 0 0 0 0.000159376 0 0 0 0.000159376)
(0.0012751 0 0 0 0.000159388 0 0 0 0.000159388)
(0.00127519 0 0 0 0.000159399 0 0 0 0.000159399)
(0.00127528 0 0 0 0.00015941 0 0 0 0.00015941)
(0.00127536 0 0 0 0.00015942 0 0 0 0.00015942)
(0.00127543 0 0 0 0.000159429 0 0 0 0.000159429)
(0.0012755 0 0 0 0.000159438 0 0 0 0.000159438)
(0.00127557 0 0 0 0.000159446 0 0 0 0.000159446)
(0.00127563 0 0 0 0.000159453 0 0 0 0.000159453)
(0.00127568 0 0 0 0.00015946 0 0 0 0.00015946)
(0.00127574 0 0 0 0.000159467 0 0 0 0.000159467)
(0.00127579 0 0 0 0.000159473 0 0 0 0.000159473)
(0.00127583 0 0 0 0.000159479 0 0 0 0.000159479)
(0.00127587 0 0 0 0.000159484 0 0 0 0.000159484)
(0.00127591 0 0 0 0.000159489 0 0 0 0.000159489)
(0.00127595 0 0 0 0.000159494 0 0 0 0.000159494)
(0.00127598 0 0 0 0.000159498 0 0 0 0.000159498)
(0.00127601 0 0 0 0.000159502 0 0 0 0.000159502)
(0.00127604 0 0 0 0.000159505 0 0 0 0.000159505)
(0.00127607 0 0 0 0.000159509 0 0 0 0.000159509)
(0.00127609 0 0 0 0.000159512 0 0 0 0.000159512)
(0.00127612 0 0 0 0.000159515 0 0 0 0.000159515)
(0.00127614 0 0 0 0.000159517 0 0 0 0.000159517)
(0.00127616 0 0 0 0.00015952 0 0 0 0.00015952)
(0.00127617 0 0 0 0.000159522 0 0 0 0.000159522)
(0.00127619 0 0 0 0.000159524 0 0 0 0.000159524)
(0.0012762 0 0 0 0.000159525 0 0 0 0.000159525)
(0.00127622 0 0 0 0.000159527 0 0 0 0.000159527)
(0.00127623 0 0 0 0.000159529 0 0 0 0.000159529)
(0.00127624 0 0 0 0.00015953 0 0 0 0.00015953)
(0.00127625 0 0 0 0.000159531 0 0 0 0.000159531)
(0.00127626 0 0 0 0.000159532 0 0 0 0.000159532)
(0.00127626 0 0 0 0.000159533 0 0 0 0.000159533)
(0.00127627 0 0 0 0.000159534 0 0 0 0.000159534)
(0.00127628 0 0 0 0.000159535 0 0 0 0.000159535)
(0.00127628 0 0 0 0.000159536 0 0 0 0.000159536)
(0.00127629 0 0 0 0.000159536 0 0 0 0.000159536)
(0.00127629 0 0 0 0.000159537 0 0 0 0.000159537)
(0.0012763 0 0 0 0.000159537 0 0 0 0.000159537)
(0.0012763 0 0 0 0.000159538 0 0 0 0.000159538)
(0.0012763 0 0 0 0.000159538 0 0 0 0.000159538)
(0.00127631 0 0 0 0.000159538 0 0 0 0.000159538)
(0.00127631 0 0 0 0.000159539 0 0 0 0.000159539)
(0.00127631 0 0 0 0.000159539 0 0 0 0.000159539)
(0.00127631 0 0 0 0.000159539 0 0 0 0.000159539)
(0.00127632 0 0 0 0.00015954 0 0 0 0.00015954)
(0.00127632 0 0 0 0.00015954 0 0 0 0.00015954)
(0.00127632 0 0 0 0.00015954 0 0 0 0.00015954)
(0.00127632 0 0 0 0.00015954 0 0 0 0.00015954)
(0.00127632 0 0 0 0.00015954 0 0 0 0.00015954)
(0.00127632 0 0 0 0.00015954 0 0 0 0.00015954)
(0.00127632 0 0 0 0.00015954 0 0 0 0.00015954)
(0.00127632 0 0 0 0.000159541 0 0 0 0.000159541)
(0.00127633 0 0 0 0.000159541 0 0 0 0.000159541)
(0.00127633 0 0 0 0.000159541 0 0 0 0.000159541)
(0.00127633 0 0 0 0.000159541 0 0 0 0.000159541)
(0.00127633 0 0 0 0.000159541 0 0 0 0.000159541)
(0.00127633 0 0 0 0.000159541 0 0 0 0.000159541)
(0.00127633 0 0 0 0.000159541 0 0 0 0.000159541)
(0.00127633 0 0 0 0.000159541 0 0 0 0.000159541)
(0.00127633 0 0 0 0.000159541 0 0 0 0.000159541)
(0.00127633 0 0 0 0.000159541 0 0 0 0.000159541)
(0.00127633 0 0 0 0.000159541 0 0 0 0.000159541)
(0.00127633 0 0 0 0.000159541 0 0 0 0.000159541)
(0.00127633 0 0 0 0.000159541 0 0 0 0.000159541)
(0.00127633 0 0 0 0.000159542 0 0 0 0.000159542)
(0.00127633 0 0 0 0.000159542 0 0 0 0.000159542)
(0.00127633 0 0 0 0.000159542 0 0 0 0.000159542)
(0.00127634 0 0 0 0.000159542 0 0 0 0.000159542)
(0.00127634 0 0 0 0.000159542 0 0 0 0.000159542)
(0.00127634 0 0 0 0.000159542 0 0 0 0.000159542)
(0.00127634 0 0 0 0.000159543 0 0 0 0.000159543)
(0.00127634 0 0 0 0.000159543 0 0 0 0.000159543)
(0.00127634 0 0 0 0.000159543 0 0 0 0.000159543)
(0.00127635 0 0 0 0.000159543 0 0 0 0.000159543)
(0.00127635 0 0 0 0.000159544 0 0 0 0.000159544)
(0.00127635 0 0 0 0.000159544 0 0 0 0.000159544)
(0.00127636 0 0 0 0.000159544 0 0 0 0.000159544)
(0.00127636 0 0 0 0.000159545 0 0 0 0.000159545)
(0.00127636 0 0 0 0.000159546 0 0 0 0.000159546)
(0.00127637 0 0 0 0.000159546 0 0 0 0.000159546)
(0.00127637 0 0 0 0.000159547 0 0 0 0.000159547)
(0.00127638 0 0 0 0.000159548 0 0 0 0.000159548)
(0.00127639 0 0 0 0.000159548 0 0 0 0.000159548)
(0.00127639 0 0 0 0.000159549 0 0 0 0.000159549)
(0.0012764 0 0 0 0.00015955 0 0 0 0.00015955)
(0.00127641 0 0 0 0.000159551 0 0 0 0.000159551)
(0.00127642 0 0 0 0.000159553 0 0 0 0.000159553)
(0.00127643 0 0 0 0.000159554 0 0 0 0.000159554)
(0.00127644 0 0 0 0.000159555 0 0 0 0.000159555)
(0.00127646 0 0 0 0.000159557 0 0 0 0.000159557)
(0.00127647 0 0 0 0.000159559 0 0 0 0.000159559)
(0.00127649 0 0 0 0.000159561 0 0 0 0.000159561)
(0.0012765 0 0 0 0.000159563 0 0 0 0.000159563)
(0.00127652 0 0 0 0.000159565 0 0 0 0.000159565)
(0.00127654 0 0 0 0.000159568 0 0 0 0.000159568)
(0.00127657 0 0 0 0.000159571 0 0 0 0.000159571)
(0.00127659 0 0 0 0.000159574 0 0 0 0.000159574)
(0.00127662 0 0 0 0.000159577 0 0 0 0.000159577)
(0.00127665 0 0 0 0.000159581 0 0 0 0.000159581)
(0.00127668 0 0 0 0.000159585 0 0 0 0.000159585)
(0.00127671 0 0 0 0.000159589 0 0 0 0.000159589)
(0.00127675 0 0 0 0.000159594 0 0 0 0.000159594)
(0.00127679 0 0 0 0.000159599 0 0 0 0.000159599)
(0.00127683 0 0 0 0.000159604 0 0 0 0.000159604)
(0.00127688 0 0 0 0.00015961 0 0 0 0.00015961)
(0.00127693 0 0 0 0.000159616 0 0 0 0.000159616)
(0.00127698 0 0 0 0.000159623 0 0 0 0.000159623)
(0.00127704 0 0 0 0.00015963 0 0 0 0.00015963)
(0.0012771 0 0 0 0.000159638 0 0 0 0.000159638)
(0.00127717 0 0 0 0.000159646 0 0 0 0.000159646)
(0.00127724 0 0 0 0.000159655 0 0 0 0.000159655)
(0.00127731 0 0 0 0.000159664 0 0 0 0.000159664)
(0.00127739 0 0 0 0.000159674 0 0 0 0.000159674)
(0.00127748 0 0 0 0.000159685 0 0 0 0.000159685)
(0.00127757 0 0 0 0.000159697 0 0 0 0.000159697)
(0.00127767 0 0 0 0.000159709 0 0 0 0.000159709)
(0.00127777 0 0 0 0.000159722 0 0 0 0.000159722)
(0.00127788 0 0 0 0.000159736 0 0 0 0.000159736)
(0.001278 0 0 0 0.00015975 0 0 0 0.00015975)
(0.00127813 0 0 0 0.000159766 0 0 0 0.000159766)
(0.00127826 0 0 0 0.000159782 0 0 0 0.000159782)
(0.0012784 0 0 0 0.0001598 0 0 0 0.0001598)
(0.00127854 0 0 0 0.000159818 0 0 0 0.000159818)
(0.0012787 0 0 0 0.000159837 0 0 0 0.000159837)
(0.00127886 0 0 0 0.000159858 0 0 0 0.000159858)
(0.00127903 0 0 0 0.000159879 0 0 0 0.000159879)
(0.00127922 0 0 0 0.000159902 0 0 0 0.000159902)
(0.00127941 0 0 0 0.000159926 0 0 0 0.000159926)
(0.00127961 0 0 0 0.000159951 0 0 0 0.000159951)
(0.00127982 0 0 0 0.000159977 0 0 0 0.000159977)
(0.00128004 0 0 0 0.000160005 0 0 0 0.000160005)
(0.00128027 0 0 0 0.000160034 0 0 0 0.000160034)
(0.00128051 0 0 0 0.000160064 0 0 0 0.000160064)
(0.00128077 0 0 0 0.000160096 0 0 0 0.000160096)
(0.00128103 0 0 0 0.000160129 0 0 0 0.000160129)
(0.00128131 0 0 0 0.000160164 0 0 0 0.000160164)
(0.0012816 0 0 0 0.0001602 0 0 0 0.0001602)
(0.0012819 0 0 0 0.000160237 0 0 0 0.000160237)
(0.00128221 0 0 0 0.000160277 0 0 0 0.000160277)
(0.00128254 0 0 0 0.000160318 0 0 0 0.000160318)
(0.00128288 0 0 0 0.00016036 0 0 0 0.00016036)
(0.00128324 0 0 0 0.000160405 0 0 0 0.000160405)
(0.00128361 0 0 0 0.000160451 0 0 0 0.000160451)
(0.00128399 0 0 0 0.000160499 0 0 0 0.000160499)
(0.00128439 0 0 0 0.000160548 0 0 0 0.000160548)
(0.0012848 0 0 0 0.0001606 0 0 0 0.0001606)
(0.00128522 0 0 0 0.000160653 0 0 0 0.000160653)
(0.00128567 0 0 0 0.000160708 0 0 0 0.000160708)
(0.00128612 0 0 0 0.000160765 0 0 0 0.000160765)
(0.0012866 0 0 0 0.000160824 0 0 0 0.000160824)
(0.00128708 0 0 0 0.000160886 0 0 0 0.000160886)
(0.00128759 0 0 0 0.000160949 0 0 0 0.000160949)
(0.00128811 0 0 0 0.000161014 0 0 0 0.000161014)
(0.00128865 0 0 0 0.000161081 0 0 0 0.000161081)
(0.0012892 0 0 0 0.00016115 0 0 0 0.00016115)
(0.00128977 0 0 0 0.000161221 0 0 0 0.000161221)
(0.00129036 0 0 0 0.000161295 0 0 0 0.000161295)
(0.00129096 0 0 0 0.00016137 0 0 0 0.00016137)
(0.00129158 0 0 0 0.000161448 0 0 0 0.000161448)
(0.00129222 0 0 0 0.000161528 0 0 0 0.000161528)
(0.00129288 0 0 0 0.00016161 0 0 0 0.00016161)
(0.00129355 0 0 0 0.000161694 0 0 0 0.000161694)
(0.00129424 0 0 0 0.00016178 0 0 0 0.00016178)
(0.00129495 0 0 0 0.000161869 0 0 0 0.000161869)
(0.00129567 0 0 0 0.000161959 0 0 0 0.000161959)
(0.00129642 0 0 0 0.000162052 0 0 0 0.000162052)
(0.00129718 0 0 0 0.000162147 0 0 0 0.000162147)
(0.00129795 0 0 0 0.000162244 0 0 0 0.000162244)
(0.00129875 0 0 0 0.000162344 0 0 0 0.000162344)
(0.00129956 0 0 0 0.000162445 0 0 0 0.000162445)
(0.00130039 0 0 0 0.000162549 0 0 0 0.000162549)
(0.00130124 0 0 0 0.000162655 0 0 0 0.000162655)
(0.0013021 0 0 0 0.000162763 0 0 0 0.000162763)
(0.00130298 0 0 0 0.000162873 0 0 0 0.000162873)
(0.00130388 0 0 0 0.000162985 0 0 0 0.000162985)
(0.0013048 0 0 0 0.0001631 0 0 0 0.0001631)
(0.00130573 0 0 0 0.000163217 0 0 0 0.000163217)
(0.00130669 0 0 0 0.000163336 0 0 0 0.000163336)
(0.00130766 0 0 0 0.000163458 0 0 0 0.000163458)
(0.00130865 0 0 0 0.000163582 0 0 0 0.000163582)
(0.00130967 0 0 0 0.000163708 0 0 0 0.000163708)
(0.0013107 0 0 0 0.000163838 0 0 0 0.000163838)
(0.00131177 0 0 0 0.000163971 0 0 0 0.000163971)
(0.00131286 0 0 0 0.000164107 0 0 0 0.000164107)
(0.00131398 0 0 0 0.000164247 0 0 0 0.000164247)
(0.00131501 0 0 0 0.000164376 0 0 0 0.000164376)
(0.00131554 0 0 0 0.000164443 0 0 0 0.000164443)
(0.00123531 0 0 0 0.000154413 0 0 0 0.000154413)
(0.00123564 0 0 0 0.000154456 0 0 0 0.000154456)
(0.00123634 0 0 0 0.000154543 0 0 0 0.000154543)
(0.00123717 0 0 0 0.000154646 0 0 0 0.000154646)
(0.001238 0 0 0 0.00015475 0 0 0 0.00015475)
(0.00123884 0 0 0 0.000154855 0 0 0 0.000154855)
(0.00123968 0 0 0 0.000154959 0 0 0 0.000154959)
(0.00124051 0 0 0 0.000155064 0 0 0 0.000155064)
(0.00124134 0 0 0 0.000155168 0 0 0 0.000155168)
(0.00124217 0 0 0 0.000155271 0 0 0 0.000155271)
(0.00124299 0 0 0 0.000155374 0 0 0 0.000155374)
(0.00124381 0 0 0 0.000155476 0 0 0 0.000155476)
(0.00124461 0 0 0 0.000155577 0 0 0 0.000155577)
(0.00124542 0 0 0 0.000155677 0 0 0 0.000155677)
(0.00124621 0 0 0 0.000155776 0 0 0 0.000155776)
(0.00124699 0 0 0 0.000155874 0 0 0 0.000155874)
(0.00124777 0 0 0 0.000155971 0 0 0 0.000155971)
(0.00124853 0 0 0 0.000156067 0 0 0 0.000156067)
(0.00124929 0 0 0 0.000156161 0 0 0 0.000156161)
(0.00125004 0 0 0 0.000156255 0 0 0 0.000156255)
(0.00125078 0 0 0 0.000156347 0 0 0 0.000156347)
(0.0012515 0 0 0 0.000156438 0 0 0 0.000156438)
(0.00125222 0 0 0 0.000156528 0 0 0 0.000156528)
(0.00125293 0 0 0 0.000156616 0 0 0 0.000156616)
(0.00125362 0 0 0 0.000156703 0 0 0 0.000156703)
(0.00125431 0 0 0 0.000156789 0 0 0 0.000156789)
(0.00125499 0 0 0 0.000156873 0 0 0 0.000156873)
(0.00125565 0 0 0 0.000156956 0 0 0 0.000156956)
(0.0012563 0 0 0 0.000157038 0 0 0 0.000157038)
(0.00125694 0 0 0 0.000157118 0 0 0 0.000157118)
(0.00125757 0 0 0 0.000157197 0 0 0 0.000157197)
(0.00125819 0 0 0 0.000157274 0 0 0 0.000157274)
(0.0012588 0 0 0 0.00015735 0 0 0 0.00015735)
(0.0012594 0 0 0 0.000157424 0 0 0 0.000157424)
(0.00125998 0 0 0 0.000157497 0 0 0 0.000157497)
(0.00126055 0 0 0 0.000157569 0 0 0 0.000157569)
(0.00126111 0 0 0 0.000157639 0 0 0 0.000157639)
(0.00126166 0 0 0 0.000157708 0 0 0 0.000157708)
(0.0012622 0 0 0 0.000157775 0 0 0 0.000157775)
(0.00126272 0 0 0 0.000157841 0 0 0 0.000157841)
(0.00126324 0 0 0 0.000157905 0 0 0 0.000157905)
(0.00126374 0 0 0 0.000157967 0 0 0 0.000157967)
(0.00126423 0 0 0 0.000158029 0 0 0 0.000158029)
(0.00126471 0 0 0 0.000158088 0 0 0 0.000158088)
(0.00126517 0 0 0 0.000158147 0 0 0 0.000158147)
(0.00126563 0 0 0 0.000158203 0 0 0 0.000158203)
(0.00126607 0 0 0 0.000158259 0 0 0 0.000158259)
(0.0012665 0 0 0 0.000158313 0 0 0 0.000158313)
(0.00126692 0 0 0 0.000158365 0 0 0 0.000158365)
(0.00126733 0 0 0 0.000158416 0 0 0 0.000158416)
(0.00126772 0 0 0 0.000158465 0 0 0 0.000158465)
(0.00126811 0 0 0 0.000158513 0 0 0 0.000158513)
(0.00126848 0 0 0 0.00015856 0 0 0 0.00015856)
(0.00126884 0 0 0 0.000158605 0 0 0 0.000158605)
(0.00126919 0 0 0 0.000158649 0 0 0 0.000158649)
(0.00126953 0 0 0 0.000158691 0 0 0 0.000158691)
(0.00126985 0 0 0 0.000158732 0 0 0 0.000158732)
(0.00127017 0 0 0 0.000158771 0 0 0 0.000158771)
(0.00127048 0 0 0 0.00015881 0 0 0 0.00015881)
(0.00127077 0 0 0 0.000158846 0 0 0 0.000158846)
(0.00127106 0 0 0 0.000158882 0 0 0 0.000158882)
(0.00127133 0 0 0 0.000158916 0 0 0 0.000158916)
(0.00127159 0 0 0 0.000158949 0 0 0 0.000158949)
(0.00127185 0 0 0 0.000158981 0 0 0 0.000158981)
(0.00127209 0 0 0 0.000159011 0 0 0 0.000159011)
(0.00127232 0 0 0 0.00015904 0 0 0 0.00015904)
(0.00127255 0 0 0 0.000159068 0 0 0 0.000159068)
(0.00127276 0 0 0 0.000159095 0 0 0 0.000159095)
(0.00127297 0 0 0 0.000159121 0 0 0 0.000159121)
(0.00127317 0 0 0 0.000159146 0 0 0 0.000159146)
(0.00127335 0 0 0 0.000159169 0 0 0 0.000159169)
(0.00127353 0 0 0 0.000159192 0 0 0 0.000159192)
(0.0012737 0 0 0 0.000159213 0 0 0 0.000159213)
(0.00127387 0 0 0 0.000159233 0 0 0 0.000159233)
(0.00127402 0 0 0 0.000159253 0 0 0 0.000159253)
(0.00127417 0 0 0 0.000159271 0 0 0 0.000159271)
(0.00127431 0 0 0 0.000159289 0 0 0 0.000159289)
(0.00127444 0 0 0 0.000159305 0 0 0 0.000159305)
(0.00127457 0 0 0 0.000159321 0 0 0 0.000159321)
(0.00127469 0 0 0 0.000159336 0 0 0 0.000159336)
(0.0012748 0 0 0 0.00015935 0 0 0 0.00015935)
(0.00127491 0 0 0 0.000159364 0 0 0 0.000159364)
(0.00127501 0 0 0 0.000159376 0 0 0 0.000159376)
(0.00127511 0 0 0 0.000159388 0 0 0 0.000159388)
(0.00127519 0 0 0 0.000159399 0 0 0 0.000159399)
(0.00127528 0 0 0 0.00015941 0 0 0 0.00015941)
(0.00127536 0 0 0 0.00015942 0 0 0 0.00015942)
(0.00127543 0 0 0 0.000159429 0 0 0 0.000159429)
(0.0012755 0 0 0 0.000159438 0 0 0 0.000159438)
(0.00127557 0 0 0 0.000159446 0 0 0 0.000159446)
(0.00127563 0 0 0 0.000159453 0 0 0 0.000159453)
(0.00127568 0 0 0 0.00015946 0 0 0 0.00015946)
(0.00127574 0 0 0 0.000159467 0 0 0 0.000159467)
(0.00127579 0 0 0 0.000159473 0 0 0 0.000159473)
(0.00127583 0 0 0 0.000159479 0 0 0 0.000159479)
(0.00127587 0 0 0 0.000159484 0 0 0 0.000159484)
(0.00127591 0 0 0 0.000159489 0 0 0 0.000159489)
(0.00127595 0 0 0 0.000159494 0 0 0 0.000159494)
(0.00127598 0 0 0 0.000159498 0 0 0 0.000159498)
(0.00127602 0 0 0 0.000159502 0 0 0 0.000159502)
(0.00127604 0 0 0 0.000159505 0 0 0 0.000159505)
(0.00127607 0 0 0 0.000159509 0 0 0 0.000159509)
(0.00127609 0 0 0 0.000159512 0 0 0 0.000159512)
(0.00127612 0 0 0 0.000159515 0 0 0 0.000159515)
(0.00127614 0 0 0 0.000159517 0 0 0 0.000159517)
(0.00127616 0 0 0 0.00015952 0 0 0 0.00015952)
(0.00127617 0 0 0 0.000159522 0 0 0 0.000159522)
(0.00127619 0 0 0 0.000159524 0 0 0 0.000159524)
(0.0012762 0 0 0 0.000159525 0 0 0 0.000159525)
(0.00127622 0 0 0 0.000159527 0 0 0 0.000159527)
(0.00127623 0 0 0 0.000159529 0 0 0 0.000159529)
(0.00127624 0 0 0 0.00015953 0 0 0 0.00015953)
(0.00127625 0 0 0 0.000159531 0 0 0 0.000159531)
(0.00127626 0 0 0 0.000159532 0 0 0 0.000159532)
(0.00127627 0 0 0 0.000159533 0 0 0 0.000159533)
(0.00127627 0 0 0 0.000159534 0 0 0 0.000159534)
(0.00127628 0 0 0 0.000159535 0 0 0 0.000159535)
(0.00127628 0 0 0 0.000159536 0 0 0 0.000159536)
(0.00127629 0 0 0 0.000159536 0 0 0 0.000159536)
(0.00127629 0 0 0 0.000159537 0 0 0 0.000159537)
(0.0012763 0 0 0 0.000159537 0 0 0 0.000159537)
(0.0012763 0 0 0 0.000159538 0 0 0 0.000159538)
(0.0012763 0 0 0 0.000159538 0 0 0 0.000159538)
(0.00127631 0 0 0 0.000159538 0 0 0 0.000159538)
(0.00127631 0 0 0 0.000159539 0 0 0 0.000159539)
(0.00127631 0 0 0 0.000159539 0 0 0 0.000159539)
(0.00127631 0 0 0 0.000159539 0 0 0 0.000159539)
(0.00127632 0 0 0 0.00015954 0 0 0 0.00015954)
(0.00127632 0 0 0 0.00015954 0 0 0 0.00015954)
(0.00127632 0 0 0 0.00015954 0 0 0 0.00015954)
(0.00127632 0 0 0 0.00015954 0 0 0 0.00015954)
(0.00127632 0 0 0 0.00015954 0 0 0 0.00015954)
(0.00127632 0 0 0 0.00015954 0 0 0 0.00015954)
(0.00127632 0 0 0 0.00015954 0 0 0 0.00015954)
(0.00127632 0 0 0 0.000159541 0 0 0 0.000159541)
(0.00127633 0 0 0 0.000159541 0 0 0 0.000159541)
(0.00127633 0 0 0 0.000159541 0 0 0 0.000159541)
(0.00127633 0 0 0 0.000159541 0 0 0 0.000159541)
(0.00127633 0 0 0 0.000159541 0 0 0 0.000159541)
(0.00127633 0 0 0 0.000159541 0 0 0 0.000159541)
(0.00127633 0 0 0 0.000159541 0 0 0 0.000159541)
(0.00127633 0 0 0 0.000159541 0 0 0 0.000159541)
(0.00127633 0 0 0 0.000159541 0 0 0 0.000159541)
(0.00127633 0 0 0 0.000159541 0 0 0 0.000159541)
(0.00127633 0 0 0 0.000159541 0 0 0 0.000159541)
(0.00127633 0 0 0 0.000159541 0 0 0 0.000159541)
(0.00127633 0 0 0 0.000159541 0 0 0 0.000159541)
(0.00127633 0 0 0 0.000159542 0 0 0 0.000159542)
(0.00127633 0 0 0 0.000159542 0 0 0 0.000159542)
(0.00127633 0 0 0 0.000159542 0 0 0 0.000159542)
(0.00127634 0 0 0 0.000159542 0 0 0 0.000159542)
(0.00127634 0 0 0 0.000159542 0 0 0 0.000159542)
(0.00127634 0 0 0 0.000159542 0 0 0 0.000159542)
(0.00127634 0 0 0 0.000159543 0 0 0 0.000159543)
(0.00127634 0 0 0 0.000159543 0 0 0 0.000159543)
(0.00127634 0 0 0 0.000159543 0 0 0 0.000159543)
(0.00127635 0 0 0 0.000159543 0 0 0 0.000159543)
(0.00127635 0 0 0 0.000159544 0 0 0 0.000159544)
(0.00127635 0 0 0 0.000159544 0 0 0 0.000159544)
(0.00127636 0 0 0 0.000159545 0 0 0 0.000159545)
(0.00127636 0 0 0 0.000159545 0 0 0 0.000159545)
(0.00127636 0 0 0 0.000159546 0 0 0 0.000159546)
(0.00127637 0 0 0 0.000159546 0 0 0 0.000159546)
(0.00127637 0 0 0 0.000159547 0 0 0 0.000159547)
(0.00127638 0 0 0 0.000159548 0 0 0 0.000159548)
(0.00127639 0 0 0 0.000159548 0 0 0 0.000159548)
(0.00127639 0 0 0 0.000159549 0 0 0 0.000159549)
(0.0012764 0 0 0 0.00015955 0 0 0 0.00015955)
(0.00127641 0 0 0 0.000159551 0 0 0 0.000159551)
(0.00127642 0 0 0 0.000159553 0 0 0 0.000159553)
(0.00127643 0 0 0 0.000159554 0 0 0 0.000159554)
(0.00127644 0 0 0 0.000159555 0 0 0 0.000159555)
(0.00127646 0 0 0 0.000159557 0 0 0 0.000159557)
(0.00127647 0 0 0 0.000159559 0 0 0 0.000159559)
(0.00127649 0 0 0 0.000159561 0 0 0 0.000159561)
(0.0012765 0 0 0 0.000159563 0 0 0 0.000159563)
(0.00127652 0 0 0 0.000159565 0 0 0 0.000159565)
(0.00127654 0 0 0 0.000159568 0 0 0 0.000159568)
(0.00127657 0 0 0 0.000159571 0 0 0 0.000159571)
(0.00127659 0 0 0 0.000159574 0 0 0 0.000159574)
(0.00127662 0 0 0 0.000159577 0 0 0 0.000159577)
(0.00127665 0 0 0 0.000159581 0 0 0 0.000159581)
(0.00127668 0 0 0 0.000159585 0 0 0 0.000159585)
(0.00127671 0 0 0 0.000159589 0 0 0 0.000159589)
(0.00127675 0 0 0 0.000159594 0 0 0 0.000159594)
(0.00127679 0 0 0 0.000159599 0 0 0 0.000159599)
(0.00127683 0 0 0 0.000159604 0 0 0 0.000159604)
(0.00127688 0 0 0 0.00015961 0 0 0 0.00015961)
(0.00127693 0 0 0 0.000159616 0 0 0 0.000159616)
(0.00127698 0 0 0 0.000159623 0 0 0 0.000159623)
(0.00127704 0 0 0 0.00015963 0 0 0 0.00015963)
(0.0012771 0 0 0 0.000159638 0 0 0 0.000159638)
(0.00127717 0 0 0 0.000159646 0 0 0 0.000159646)
(0.00127724 0 0 0 0.000159655 0 0 0 0.000159655)
(0.00127732 0 0 0 0.000159664 0 0 0 0.000159664)
(0.0012774 0 0 0 0.000159675 0 0 0 0.000159675)
(0.00127748 0 0 0 0.000159685 0 0 0 0.000159685)
(0.00127757 0 0 0 0.000159697 0 0 0 0.000159697)
(0.00127767 0 0 0 0.000159709 0 0 0 0.000159709)
(0.00127778 0 0 0 0.000159722 0 0 0 0.000159722)
(0.00127789 0 0 0 0.000159736 0 0 0 0.000159736)
(0.001278 0 0 0 0.00015975 0 0 0 0.00015975)
(0.00127813 0 0 0 0.000159766 0 0 0 0.000159766)
(0.00127826 0 0 0 0.000159782 0 0 0 0.000159782)
(0.0012784 0 0 0 0.0001598 0 0 0 0.0001598)
(0.00127855 0 0 0 0.000159818 0 0 0 0.000159818)
(0.0012787 0 0 0 0.000159838 0 0 0 0.000159838)
(0.00127886 0 0 0 0.000159858 0 0 0 0.000159858)
(0.00127904 0 0 0 0.00015988 0 0 0 0.00015988)
(0.00127922 0 0 0 0.000159902 0 0 0 0.000159902)
(0.00127941 0 0 0 0.000159926 0 0 0 0.000159926)
(0.00127961 0 0 0 0.000159951 0 0 0 0.000159951)
(0.00127982 0 0 0 0.000159978 0 0 0 0.000159978)
(0.00128004 0 0 0 0.000160005 0 0 0 0.000160005)
(0.00128027 0 0 0 0.000160034 0 0 0 0.000160034)
(0.00128052 0 0 0 0.000160064 0 0 0 0.000160064)
(0.00128077 0 0 0 0.000160096 0 0 0 0.000160096)
(0.00128104 0 0 0 0.000160129 0 0 0 0.000160129)
(0.00128131 0 0 0 0.000160164 0 0 0 0.000160164)
(0.0012816 0 0 0 0.0001602 0 0 0 0.0001602)
(0.0012819 0 0 0 0.000160238 0 0 0 0.000160238)
(0.00128222 0 0 0 0.000160277 0 0 0 0.000160277)
(0.00128255 0 0 0 0.000160318 0 0 0 0.000160318)
(0.00128289 0 0 0 0.000160361 0 0 0 0.000160361)
(0.00128324 0 0 0 0.000160405 0 0 0 0.000160405)
(0.00128361 0 0 0 0.000160451 0 0 0 0.000160451)
(0.00128399 0 0 0 0.000160499 0 0 0 0.000160499)
(0.00128439 0 0 0 0.000160549 0 0 0 0.000160549)
(0.0012848 0 0 0 0.000160601 0 0 0 0.000160601)
(0.00128523 0 0 0 0.000160654 0 0 0 0.000160654)
(0.00128567 0 0 0 0.000160709 0 0 0 0.000160709)
(0.00128613 0 0 0 0.000160766 0 0 0 0.000160766)
(0.0012866 0 0 0 0.000160825 0 0 0 0.000160825)
(0.00128709 0 0 0 0.000160887 0 0 0 0.000160887)
(0.0012876 0 0 0 0.00016095 0 0 0 0.00016095)
(0.00128812 0 0 0 0.000161015 0 0 0 0.000161015)
(0.00128866 0 0 0 0.000161082 0 0 0 0.000161082)
(0.00128921 0 0 0 0.000161151 0 0 0 0.000161151)
(0.00128978 0 0 0 0.000161223 0 0 0 0.000161223)
(0.00129037 0 0 0 0.000161296 0 0 0 0.000161296)
(0.00129097 0 0 0 0.000161372 0 0 0 0.000161372)
(0.0012916 0 0 0 0.000161449 0 0 0 0.000161449)
(0.00129223 0 0 0 0.000161529 0 0 0 0.000161529)
(0.00129289 0 0 0 0.000161611 0 0 0 0.000161611)
(0.00129357 0 0 0 0.000161696 0 0 0 0.000161696)
(0.00129426 0 0 0 0.000161782 0 0 0 0.000161782)
(0.00129497 0 0 0 0.000161871 0 0 0 0.000161871)
(0.00129569 0 0 0 0.000161962 0 0 0 0.000161962)
(0.00129644 0 0 0 0.000162055 0 0 0 0.000162055)
(0.0012972 0 0 0 0.00016215 0 0 0 0.00016215)
(0.00129798 0 0 0 0.000162247 0 0 0 0.000162247)
(0.00129878 0 0 0 0.000162347 0 0 0 0.000162347)
(0.00129959 0 0 0 0.000162449 0 0 0 0.000162449)
(0.00130042 0 0 0 0.000162553 0 0 0 0.000162553)
(0.00130128 0 0 0 0.000162659 0 0 0 0.000162659)
(0.00130214 0 0 0 0.000162768 0 0 0 0.000162768)
(0.00130303 0 0 0 0.000162879 0 0 0 0.000162879)
(0.00130394 0 0 0 0.000162992 0 0 0 0.000162992)
(0.00130486 0 0 0 0.000163108 0 0 0 0.000163108)
(0.00130581 0 0 0 0.000163226 0 0 0 0.000163226)
(0.00130677 0 0 0 0.000163346 0 0 0 0.000163346)
(0.00130775 0 0 0 0.000163469 0 0 0 0.000163469)
(0.00130876 0 0 0 0.000163595 0 0 0 0.000163595)
(0.00130978 0 0 0 0.000163723 0 0 0 0.000163723)
(0.00131084 0 0 0 0.000163855 0 0 0 0.000163855)
(0.00131191 0 0 0 0.000163989 0 0 0 0.000163989)
(0.00131302 0 0 0 0.000164127 0 0 0 0.000164127)
(0.00131416 0 0 0 0.00016427 0 0 0 0.00016427)
(0.00131513 0 0 0 0.000164392 0 0 0 0.000164392)
(0.00131563 0 0 0 0.000164454 0 0 0 0.000164454)
(0.00123534 0 0 0 0.000154417 0 0 0 0.000154417)
(0.00123568 0 0 0 0.00015446 0 0 0 0.00015446)
(0.0012364 0 0 0 0.00015455 0 0 0 0.00015455)
(0.00123721 0 0 0 0.000154652 0 0 0 0.000154652)
(0.00123803 0 0 0 0.000154754 0 0 0 0.000154754)
(0.00123886 0 0 0 0.000154858 0 0 0 0.000154858)
(0.0012397 0 0 0 0.000154962 0 0 0 0.000154962)
(0.00124053 0 0 0 0.000155066 0 0 0 0.000155066)
(0.00124136 0 0 0 0.00015517 0 0 0 0.00015517)
(0.00124218 0 0 0 0.000155273 0 0 0 0.000155273)
(0.001243 0 0 0 0.000155376 0 0 0 0.000155376)
(0.00124382 0 0 0 0.000155477 0 0 0 0.000155477)
(0.00124463 0 0 0 0.000155578 0 0 0 0.000155578)
(0.00124543 0 0 0 0.000155679 0 0 0 0.000155679)
(0.00124622 0 0 0 0.000155778 0 0 0 0.000155778)
(0.00124701 0 0 0 0.000155876 0 0 0 0.000155876)
(0.00124778 0 0 0 0.000155973 0 0 0 0.000155973)
(0.00124855 0 0 0 0.000156069 0 0 0 0.000156069)
(0.00124931 0 0 0 0.000156163 0 0 0 0.000156163)
(0.00125005 0 0 0 0.000156257 0 0 0 0.000156257)
(0.00125079 0 0 0 0.000156349 0 0 0 0.000156349)
(0.00125152 0 0 0 0.00015644 0 0 0 0.00015644)
(0.00125224 0 0 0 0.000156529 0 0 0 0.000156529)
(0.00125294 0 0 0 0.000156618 0 0 0 0.000156618)
(0.00125364 0 0 0 0.000156705 0 0 0 0.000156705)
(0.00125432 0 0 0 0.00015679 0 0 0 0.00015679)
(0.001255 0 0 0 0.000156875 0 0 0 0.000156875)
(0.00125566 0 0 0 0.000156958 0 0 0 0.000156958)
(0.00125631 0 0 0 0.000157039 0 0 0 0.000157039)
(0.00125696 0 0 0 0.000157119 0 0 0 0.000157119)
(0.00125759 0 0 0 0.000157198 0 0 0 0.000157198)
(0.0012582 0 0 0 0.000157276 0 0 0 0.000157276)
(0.00125881 0 0 0 0.000157351 0 0 0 0.000157351)
(0.00125941 0 0 0 0.000157426 0 0 0 0.000157426)
(0.00125999 0 0 0 0.000157499 0 0 0 0.000157499)
(0.00126056 0 0 0 0.00015757 0 0 0 0.00015757)
(0.00126112 0 0 0 0.00015764 0 0 0 0.00015764)
(0.00126167 0 0 0 0.000157709 0 0 0 0.000157709)
(0.00126221 0 0 0 0.000157776 0 0 0 0.000157776)
(0.00126273 0 0 0 0.000157842 0 0 0 0.000157842)
(0.00126325 0 0 0 0.000157906 0 0 0 0.000157906)
(0.00126375 0 0 0 0.000157969 0 0 0 0.000157969)
(0.00126424 0 0 0 0.00015803 0 0 0 0.00015803)
(0.00126472 0 0 0 0.00015809 0 0 0 0.00015809)
(0.00126518 0 0 0 0.000158148 0 0 0 0.000158148)
(0.00126564 0 0 0 0.000158204 0 0 0 0.000158204)
(0.00126608 0 0 0 0.00015826 0 0 0 0.00015826)
(0.00126651 0 0 0 0.000158314 0 0 0 0.000158314)
(0.00126693 0 0 0 0.000158366 0 0 0 0.000158366)
(0.00126733 0 0 0 0.000158417 0 0 0 0.000158417)
(0.00126773 0 0 0 0.000158466 0 0 0 0.000158466)
(0.00126811 0 0 0 0.000158514 0 0 0 0.000158514)
(0.00126848 0 0 0 0.000158561 0 0 0 0.000158561)
(0.00126885 0 0 0 0.000158606 0 0 0 0.000158606)
(0.00126919 0 0 0 0.000158649 0 0 0 0.000158649)
(0.00126953 0 0 0 0.000158692 0 0 0 0.000158692)
(0.00126986 0 0 0 0.000158733 0 0 0 0.000158733)
(0.00127018 0 0 0 0.000158772 0 0 0 0.000158772)
(0.00127048 0 0 0 0.00015881 0 0 0 0.00015881)
(0.00127078 0 0 0 0.000158847 0 0 0 0.000158847)
(0.00127106 0 0 0 0.000158883 0 0 0 0.000158883)
(0.00127133 0 0 0 0.000158917 0 0 0 0.000158917)
(0.0012716 0 0 0 0.00015895 0 0 0 0.00015895)
(0.00127185 0 0 0 0.000158981 0 0 0 0.000158981)
(0.00127209 0 0 0 0.000159012 0 0 0 0.000159012)
(0.00127233 0 0 0 0.000159041 0 0 0 0.000159041)
(0.00127255 0 0 0 0.000159069 0 0 0 0.000159069)
(0.00127277 0 0 0 0.000159096 0 0 0 0.000159096)
(0.00127297 0 0 0 0.000159121 0 0 0 0.000159121)
(0.00127317 0 0 0 0.000159146 0 0 0 0.000159146)
(0.00127336 0 0 0 0.00015917 0 0 0 0.00015917)
(0.00127354 0 0 0 0.000159192 0 0 0 0.000159192)
(0.00127371 0 0 0 0.000159213 0 0 0 0.000159213)
(0.00127387 0 0 0 0.000159234 0 0 0 0.000159234)
(0.00127402 0 0 0 0.000159253 0 0 0 0.000159253)
(0.00127417 0 0 0 0.000159272 0 0 0 0.000159272)
(0.00127431 0 0 0 0.000159289 0 0 0 0.000159289)
(0.00127445 0 0 0 0.000159306 0 0 0 0.000159306)
(0.00127457 0 0 0 0.000159321 0 0 0 0.000159321)
(0.00127469 0 0 0 0.000159336 0 0 0 0.000159336)
(0.0012748 0 0 0 0.000159351 0 0 0 0.000159351)
(0.00127491 0 0 0 0.000159364 0 0 0 0.000159364)
(0.00127501 0 0 0 0.000159376 0 0 0 0.000159376)
(0.00127511 0 0 0 0.000159388 0 0 0 0.000159388)
(0.0012752 0 0 0 0.000159399 0 0 0 0.000159399)
(0.00127528 0 0 0 0.00015941 0 0 0 0.00015941)
(0.00127536 0 0 0 0.00015942 0 0 0 0.00015942)
(0.00127543 0 0 0 0.000159429 0 0 0 0.000159429)
(0.0012755 0 0 0 0.000159438 0 0 0 0.000159438)
(0.00127557 0 0 0 0.000159446 0 0 0 0.000159446)
(0.00127563 0 0 0 0.000159453 0 0 0 0.000159453)
(0.00127568 0 0 0 0.000159461 0 0 0 0.000159461)
(0.00127574 0 0 0 0.000159467 0 0 0 0.000159467)
(0.00127579 0 0 0 0.000159473 0 0 0 0.000159473)
(0.00127583 0 0 0 0.000159479 0 0 0 0.000159479)
(0.00127587 0 0 0 0.000159484 0 0 0 0.000159484)
(0.00127591 0 0 0 0.000159489 0 0 0 0.000159489)
(0.00127595 0 0 0 0.000159494 0 0 0 0.000159494)
(0.00127598 0 0 0 0.000159498 0 0 0 0.000159498)
(0.00127602 0 0 0 0.000159502 0 0 0 0.000159502)
(0.00127604 0 0 0 0.000159506 0 0 0 0.000159506)
(0.00127607 0 0 0 0.000159509 0 0 0 0.000159509)
(0.00127609 0 0 0 0.000159512 0 0 0 0.000159512)
(0.00127612 0 0 0 0.000159515 0 0 0 0.000159515)
(0.00127614 0 0 0 0.000159517 0 0 0 0.000159517)
(0.00127616 0 0 0 0.00015952 0 0 0 0.00015952)
(0.00127617 0 0 0 0.000159522 0 0 0 0.000159522)
(0.00127619 0 0 0 0.000159524 0 0 0 0.000159524)
(0.0012762 0 0 0 0.000159525 0 0 0 0.000159525)
(0.00127622 0 0 0 0.000159527 0 0 0 0.000159527)
(0.00127623 0 0 0 0.000159529 0 0 0 0.000159529)
(0.00127624 0 0 0 0.00015953 0 0 0 0.00015953)
(0.00127625 0 0 0 0.000159531 0 0 0 0.000159531)
(0.00127626 0 0 0 0.000159532 0 0 0 0.000159532)
(0.00127627 0 0 0 0.000159533 0 0 0 0.000159533)
(0.00127627 0 0 0 0.000159534 0 0 0 0.000159534)
(0.00127628 0 0 0 0.000159535 0 0 0 0.000159535)
(0.00127628 0 0 0 0.000159536 0 0 0 0.000159536)
(0.00127629 0 0 0 0.000159536 0 0 0 0.000159536)
(0.00127629 0 0 0 0.000159537 0 0 0 0.000159537)
(0.0012763 0 0 0 0.000159537 0 0 0 0.000159537)
(0.0012763 0 0 0 0.000159538 0 0 0 0.000159538)
(0.00127631 0 0 0 0.000159538 0 0 0 0.000159538)
(0.00127631 0 0 0 0.000159538 0 0 0 0.000159538)
(0.00127631 0 0 0 0.000159539 0 0 0 0.000159539)
(0.00127631 0 0 0 0.000159539 0 0 0 0.000159539)
(0.00127631 0 0 0 0.000159539 0 0 0 0.000159539)
(0.00127632 0 0 0 0.00015954 0 0 0 0.00015954)
(0.00127632 0 0 0 0.00015954 0 0 0 0.00015954)
(0.00127632 0 0 0 0.00015954 0 0 0 0.00015954)
(0.00127632 0 0 0 0.00015954 0 0 0 0.00015954)
(0.00127632 0 0 0 0.00015954 0 0 0 0.00015954)
(0.00127632 0 0 0 0.00015954 0 0 0 0.00015954)
(0.00127632 0 0 0 0.00015954 0 0 0 0.00015954)
(0.00127632 0 0 0 0.000159541 0 0 0 0.000159541)
(0.00127633 0 0 0 0.000159541 0 0 0 0.000159541)
(0.00127633 0 0 0 0.000159541 0 0 0 0.000159541)
(0.00127633 0 0 0 0.000159541 0 0 0 0.000159541)
(0.00127633 0 0 0 0.000159541 0 0 0 0.000159541)
(0.00127633 0 0 0 0.000159541 0 0 0 0.000159541)
(0.00127633 0 0 0 0.000159541 0 0 0 0.000159541)
(0.00127633 0 0 0 0.000159541 0 0 0 0.000159541)
(0.00127633 0 0 0 0.000159541 0 0 0 0.000159541)
(0.00127633 0 0 0 0.000159541 0 0 0 0.000159541)
(0.00127633 0 0 0 0.000159541 0 0 0 0.000159541)
(0.00127633 0 0 0 0.000159541 0 0 0 0.000159541)
(0.00127633 0 0 0 0.000159541 0 0 0 0.000159541)
(0.00127633 0 0 0 0.000159542 0 0 0 0.000159542)
(0.00127633 0 0 0 0.000159542 0 0 0 0.000159542)
(0.00127633 0 0 0 0.000159542 0 0 0 0.000159542)
(0.00127634 0 0 0 0.000159542 0 0 0 0.000159542)
(0.00127634 0 0 0 0.000159542 0 0 0 0.000159542)
(0.00127634 0 0 0 0.000159542 0 0 0 0.000159542)
(0.00127634 0 0 0 0.000159543 0 0 0 0.000159543)
(0.00127634 0 0 0 0.000159543 0 0 0 0.000159543)
(0.00127634 0 0 0 0.000159543 0 0 0 0.000159543)
(0.00127635 0 0 0 0.000159543 0 0 0 0.000159543)
(0.00127635 0 0 0 0.000159544 0 0 0 0.000159544)
(0.00127635 0 0 0 0.000159544 0 0 0 0.000159544)
(0.00127636 0 0 0 0.000159545 0 0 0 0.000159545)
(0.00127636 0 0 0 0.000159545 0 0 0 0.000159545)
(0.00127636 0 0 0 0.000159546 0 0 0 0.000159546)
(0.00127637 0 0 0 0.000159546 0 0 0 0.000159546)
(0.00127637 0 0 0 0.000159547 0 0 0 0.000159547)
(0.00127638 0 0 0 0.000159548 0 0 0 0.000159548)
(0.00127639 0 0 0 0.000159548 0 0 0 0.000159548)
(0.00127639 0 0 0 0.000159549 0 0 0 0.000159549)
(0.0012764 0 0 0 0.00015955 0 0 0 0.00015955)
(0.00127641 0 0 0 0.000159551 0 0 0 0.000159551)
(0.00127642 0 0 0 0.000159553 0 0 0 0.000159553)
(0.00127643 0 0 0 0.000159554 0 0 0 0.000159554)
(0.00127644 0 0 0 0.000159556 0 0 0 0.000159556)
(0.00127646 0 0 0 0.000159557 0 0 0 0.000159557)
(0.00127647 0 0 0 0.000159559 0 0 0 0.000159559)
(0.00127649 0 0 0 0.000159561 0 0 0 0.000159561)
(0.00127651 0 0 0 0.000159563 0 0 0 0.000159563)
(0.00127652 0 0 0 0.000159566 0 0 0 0.000159566)
(0.00127654 0 0 0 0.000159568 0 0 0 0.000159568)
(0.00127657 0 0 0 0.000159571 0 0 0 0.000159571)
(0.00127659 0 0 0 0.000159574 0 0 0 0.000159574)
(0.00127662 0 0 0 0.000159577 0 0 0 0.000159577)
(0.00127665 0 0 0 0.000159581 0 0 0 0.000159581)
(0.00127668 0 0 0 0.000159585 0 0 0 0.000159585)
(0.00127671 0 0 0 0.000159589 0 0 0 0.000159589)
(0.00127675 0 0 0 0.000159594 0 0 0 0.000159594)
(0.00127679 0 0 0 0.000159599 0 0 0 0.000159599)
(0.00127683 0 0 0 0.000159604 0 0 0 0.000159604)
(0.00127688 0 0 0 0.00015961 0 0 0 0.00015961)
(0.00127693 0 0 0 0.000159616 0 0 0 0.000159616)
(0.00127698 0 0 0 0.000159623 0 0 0 0.000159623)
(0.00127704 0 0 0 0.00015963 0 0 0 0.00015963)
(0.0012771 0 0 0 0.000159638 0 0 0 0.000159638)
(0.00127717 0 0 0 0.000159646 0 0 0 0.000159646)
(0.00127724 0 0 0 0.000159655 0 0 0 0.000159655)
(0.00127732 0 0 0 0.000159665 0 0 0 0.000159665)
(0.0012774 0 0 0 0.000159675 0 0 0 0.000159675)
(0.00127748 0 0 0 0.000159686 0 0 0 0.000159686)
(0.00127758 0 0 0 0.000159697 0 0 0 0.000159697)
(0.00127767 0 0 0 0.000159709 0 0 0 0.000159709)
(0.00127778 0 0 0 0.000159722 0 0 0 0.000159722)
(0.00127789 0 0 0 0.000159736 0 0 0 0.000159736)
(0.00127801 0 0 0 0.000159751 0 0 0 0.000159751)
(0.00127813 0 0 0 0.000159766 0 0 0 0.000159766)
(0.00127826 0 0 0 0.000159783 0 0 0 0.000159783)
(0.0012784 0 0 0 0.0001598 0 0 0 0.0001598)
(0.00127855 0 0 0 0.000159819 0 0 0 0.000159819)
(0.0012787 0 0 0 0.000159838 0 0 0 0.000159838)
(0.00127887 0 0 0 0.000159858 0 0 0 0.000159858)
(0.00127904 0 0 0 0.00015988 0 0 0 0.00015988)
(0.00127922 0 0 0 0.000159903 0 0 0 0.000159903)
(0.00127941 0 0 0 0.000159927 0 0 0 0.000159927)
(0.00127961 0 0 0 0.000159952 0 0 0 0.000159952)
(0.00127983 0 0 0 0.000159978 0 0 0 0.000159978)
(0.00128005 0 0 0 0.000160006 0 0 0 0.000160006)
(0.00128028 0 0 0 0.000160035 0 0 0 0.000160035)
(0.00128052 0 0 0 0.000160065 0 0 0 0.000160065)
(0.00128078 0 0 0 0.000160097 0 0 0 0.000160097)
(0.00128104 0 0 0 0.00016013 0 0 0 0.00016013)
(0.00128132 0 0 0 0.000160165 0 0 0 0.000160165)
(0.00128161 0 0 0 0.000160201 0 0 0 0.000160201)
(0.00128191 0 0 0 0.000160239 0 0 0 0.000160239)
(0.00128223 0 0 0 0.000160278 0 0 0 0.000160278)
(0.00128255 0 0 0 0.000160319 0 0 0 0.000160319)
(0.0012829 0 0 0 0.000160362 0 0 0 0.000160362)
(0.00128325 0 0 0 0.000160406 0 0 0 0.000160406)
(0.00128362 0 0 0 0.000160453 0 0 0 0.000160453)
(0.001284 0 0 0 0.000160501 0 0 0 0.000160501)
(0.0012844 0 0 0 0.00016055 0 0 0 0.00016055)
(0.00128481 0 0 0 0.000160602 0 0 0 0.000160602)
(0.00128524 0 0 0 0.000160655 0 0 0 0.000160655)
(0.00128568 0 0 0 0.000160711 0 0 0 0.000160711)
(0.00128614 0 0 0 0.000160768 0 0 0 0.000160768)
(0.00128662 0 0 0 0.000160827 0 0 0 0.000160827)
(0.00128711 0 0 0 0.000160888 0 0 0 0.000160888)
(0.00128761 0 0 0 0.000160951 0 0 0 0.000160951)
(0.00128813 0 0 0 0.000161017 0 0 0 0.000161017)
(0.00128867 0 0 0 0.000161084 0 0 0 0.000161084)
(0.00128923 0 0 0 0.000161153 0 0 0 0.000161153)
(0.0012898 0 0 0 0.000161225 0 0 0 0.000161225)
(0.00129039 0 0 0 0.000161298 0 0 0 0.000161298)
(0.00129099 0 0 0 0.000161374 0 0 0 0.000161374)
(0.00129161 0 0 0 0.000161452 0 0 0 0.000161452)
(0.00129225 0 0 0 0.000161532 0 0 0 0.000161532)
(0.00129291 0 0 0 0.000161614 0 0 0 0.000161614)
(0.00129359 0 0 0 0.000161698 0 0 0 0.000161698)
(0.00129428 0 0 0 0.000161785 0 0 0 0.000161785)
(0.00129499 0 0 0 0.000161874 0 0 0 0.000161874)
(0.00129572 0 0 0 0.000161965 0 0 0 0.000161965)
(0.00129647 0 0 0 0.000162058 0 0 0 0.000162058)
(0.00129723 0 0 0 0.000162154 0 0 0 0.000162154)
(0.00129801 0 0 0 0.000162252 0 0 0 0.000162252)
(0.00129881 0 0 0 0.000162352 0 0 0 0.000162352)
(0.00129963 0 0 0 0.000162454 0 0 0 0.000162454)
(0.00130047 0 0 0 0.000162559 0 0 0 0.000162559)
(0.00130133 0 0 0 0.000162666 0 0 0 0.000162666)
(0.0013022 0 0 0 0.000162775 0 0 0 0.000162775)
(0.0013031 0 0 0 0.000162887 0 0 0 0.000162887)
(0.00130401 0 0 0 0.000163001 0 0 0 0.000163001)
(0.00130494 0 0 0 0.000163118 0 0 0 0.000163118)
(0.00130589 0 0 0 0.000163237 0 0 0 0.000163237)
(0.00130687 0 0 0 0.000163358 0 0 0 0.000163358)
(0.00130786 0 0 0 0.000163483 0 0 0 0.000163483)
(0.00130888 0 0 0 0.00016361 0 0 0 0.00016361)
(0.00130992 0 0 0 0.00016374 0 0 0 0.00016374)
(0.00131099 0 0 0 0.000163873 0 0 0 0.000163873)
(0.00131208 0 0 0 0.00016401 0 0 0 0.00016401)
(0.0013132 0 0 0 0.00016415 0 0 0 0.00016415)
(0.00131435 0 0 0 0.000164293 0 0 0 0.000164293)
(0.00131526 0 0 0 0.000164407 0 0 0 0.000164407)
(0.00131572 0 0 0 0.000164465 0 0 0 0.000164465)
(0.00123532 0 0 0 0.000154414 0 0 0 0.000154414)
(0.00123567 0 0 0 0.000154458 0 0 0 0.000154458)
(0.0012364 0 0 0 0.00015455 0 0 0 0.00015455)
(0.00123721 0 0 0 0.000154651 0 0 0 0.000154651)
(0.00123804 0 0 0 0.000154755 0 0 0 0.000154755)
(0.00123887 0 0 0 0.000154859 0 0 0 0.000154859)
(0.0012397 0 0 0 0.000154963 0 0 0 0.000154963)
(0.00124054 0 0 0 0.000155067 0 0 0 0.000155067)
(0.00124137 0 0 0 0.000155171 0 0 0 0.000155171)
(0.0012422 0 0 0 0.000155275 0 0 0 0.000155275)
(0.00124302 0 0 0 0.000155377 0 0 0 0.000155377)
(0.00124384 0 0 0 0.00015548 0 0 0 0.00015548)
(0.00124465 0 0 0 0.000155581 0 0 0 0.000155581)
(0.00124545 0 0 0 0.000155681 0 0 0 0.000155681)
(0.00124624 0 0 0 0.00015578 0 0 0 0.00015578)
(0.00124703 0 0 0 0.000155878 0 0 0 0.000155878)
(0.0012478 0 0 0 0.000155975 0 0 0 0.000155975)
(0.00124857 0 0 0 0.000156071 0 0 0 0.000156071)
(0.00124933 0 0 0 0.000156166 0 0 0 0.000156166)
(0.00125007 0 0 0 0.000156259 0 0 0 0.000156259)
(0.00125081 0 0 0 0.000156352 0 0 0 0.000156352)
(0.00125154 0 0 0 0.000156442 0 0 0 0.000156442)
(0.00125226 0 0 0 0.000156532 0 0 0 0.000156532)
(0.00125296 0 0 0 0.00015662 0 0 0 0.00015662)
(0.00125366 0 0 0 0.000156707 0 0 0 0.000156707)
(0.00125434 0 0 0 0.000156793 0 0 0 0.000156793)
(0.00125502 0 0 0 0.000156877 0 0 0 0.000156877)
(0.00125568 0 0 0 0.00015696 0 0 0 0.00015696)
(0.00125633 0 0 0 0.000157042 0 0 0 0.000157042)
(0.00125697 0 0 0 0.000157122 0 0 0 0.000157122)
(0.0012576 0 0 0 0.000157201 0 0 0 0.000157201)
(0.00125822 0 0 0 0.000157278 0 0 0 0.000157278)
(0.00125883 0 0 0 0.000157354 0 0 0 0.000157354)
(0.00125942 0 0 0 0.000157428 0 0 0 0.000157428)
(0.00126001 0 0 0 0.000157501 0 0 0 0.000157501)
(0.00126058 0 0 0 0.000157572 0 0 0 0.000157572)
(0.00126114 0 0 0 0.000157642 0 0 0 0.000157642)
(0.00126169 0 0 0 0.000157711 0 0 0 0.000157711)
(0.00126222 0 0 0 0.000157778 0 0 0 0.000157778)
(0.00126275 0 0 0 0.000157844 0 0 0 0.000157844)
(0.00126326 0 0 0 0.000157908 0 0 0 0.000157908)
(0.00126376 0 0 0 0.00015797 0 0 0 0.00015797)
(0.00126425 0 0 0 0.000158032 0 0 0 0.000158032)
(0.00126473 0 0 0 0.000158091 0 0 0 0.000158091)
(0.00126519 0 0 0 0.000158149 0 0 0 0.000158149)
(0.00126565 0 0 0 0.000158206 0 0 0 0.000158206)
(0.00126609 0 0 0 0.000158261 0 0 0 0.000158261)
(0.00126652 0 0 0 0.000158315 0 0 0 0.000158315)
(0.00126694 0 0 0 0.000158367 0 0 0 0.000158367)
(0.00126734 0 0 0 0.000158418 0 0 0 0.000158418)
(0.00126774 0 0 0 0.000158467 0 0 0 0.000158467)
(0.00126812 0 0 0 0.000158515 0 0 0 0.000158515)
(0.00126849 0 0 0 0.000158562 0 0 0 0.000158562)
(0.00126885 0 0 0 0.000158607 0 0 0 0.000158607)
(0.0012692 0 0 0 0.00015865 0 0 0 0.00015865)
(0.00126954 0 0 0 0.000158693 0 0 0 0.000158693)
(0.00126987 0 0 0 0.000158734 0 0 0 0.000158734)
(0.00127018 0 0 0 0.000158773 0 0 0 0.000158773)
(0.00127049 0 0 0 0.000158811 0 0 0 0.000158811)
(0.00127078 0 0 0 0.000158848 0 0 0 0.000158848)
(0.00127107 0 0 0 0.000158883 0 0 0 0.000158883)
(0.00127134 0 0 0 0.000158918 0 0 0 0.000158918)
(0.0012716 0 0 0 0.00015895 0 0 0 0.00015895)
(0.00127186 0 0 0 0.000158982 0 0 0 0.000158982)
(0.0012721 0 0 0 0.000159012 0 0 0 0.000159012)
(0.00127233 0 0 0 0.000159042 0 0 0 0.000159042)
(0.00127256 0 0 0 0.00015907 0 0 0 0.00015907)
(0.00127277 0 0 0 0.000159096 0 0 0 0.000159096)
(0.00127298 0 0 0 0.000159122 0 0 0 0.000159122)
(0.00127317 0 0 0 0.000159147 0 0 0 0.000159147)
(0.00127336 0 0 0 0.00015917 0 0 0 0.00015917)
(0.00127354 0 0 0 0.000159192 0 0 0 0.000159192)
(0.00127371 0 0 0 0.000159214 0 0 0 0.000159214)
(0.00127387 0 0 0 0.000159234 0 0 0 0.000159234)
(0.00127403 0 0 0 0.000159254 0 0 0 0.000159254)
(0.00127418 0 0 0 0.000159272 0 0 0 0.000159272)
(0.00127432 0 0 0 0.000159289 0 0 0 0.000159289)
(0.00127445 0 0 0 0.000159306 0 0 0 0.000159306)
(0.00127457 0 0 0 0.000159322 0 0 0 0.000159322)
(0.00127469 0 0 0 0.000159337 0 0 0 0.000159337)
(0.00127481 0 0 0 0.000159351 0 0 0 0.000159351)
(0.00127491 0 0 0 0.000159364 0 0 0 0.000159364)
(0.00127501 0 0 0 0.000159377 0 0 0 0.000159377)
(0.00127511 0 0 0 0.000159389 0 0 0 0.000159389)
(0.0012752 0 0 0 0.0001594 0 0 0 0.0001594)
(0.00127528 0 0 0 0.00015941 0 0 0 0.00015941)
(0.00127536 0 0 0 0.00015942 0 0 0 0.00015942)
(0.00127543 0 0 0 0.000159429 0 0 0 0.000159429)
(0.0012755 0 0 0 0.000159438 0 0 0 0.000159438)
(0.00127557 0 0 0 0.000159446 0 0 0 0.000159446)
(0.00127563 0 0 0 0.000159454 0 0 0 0.000159454)
(0.00127569 0 0 0 0.000159461 0 0 0 0.000159461)
(0.00127574 0 0 0 0.000159467 0 0 0 0.000159467)
(0.00127579 0 0 0 0.000159473 0 0 0 0.000159473)
(0.00127583 0 0 0 0.000159479 0 0 0 0.000159479)
(0.00127588 0 0 0 0.000159484 0 0 0 0.000159484)
(0.00127591 0 0 0 0.000159489 0 0 0 0.000159489)
(0.00127595 0 0 0 0.000159494 0 0 0 0.000159494)
(0.00127598 0 0 0 0.000159498 0 0 0 0.000159498)
(0.00127602 0 0 0 0.000159502 0 0 0 0.000159502)
(0.00127604 0 0 0 0.000159506 0 0 0 0.000159506)
(0.00127607 0 0 0 0.000159509 0 0 0 0.000159509)
(0.0012761 0 0 0 0.000159512 0 0 0 0.000159512)
(0.00127612 0 0 0 0.000159515 0 0 0 0.000159515)
(0.00127614 0 0 0 0.000159517 0 0 0 0.000159517)
(0.00127616 0 0 0 0.00015952 0 0 0 0.00015952)
(0.00127617 0 0 0 0.000159522 0 0 0 0.000159522)
(0.00127619 0 0 0 0.000159524 0 0 0 0.000159524)
(0.0012762 0 0 0 0.000159525 0 0 0 0.000159525)
(0.00127622 0 0 0 0.000159527 0 0 0 0.000159527)
(0.00127623 0 0 0 0.000159529 0 0 0 0.000159529)
(0.00127624 0 0 0 0.00015953 0 0 0 0.00015953)
(0.00127625 0 0 0 0.000159531 0 0 0 0.000159531)
(0.00127626 0 0 0 0.000159532 0 0 0 0.000159532)
(0.00127627 0 0 0 0.000159533 0 0 0 0.000159533)
(0.00127627 0 0 0 0.000159534 0 0 0 0.000159534)
(0.00127628 0 0 0 0.000159535 0 0 0 0.000159535)
(0.00127628 0 0 0 0.000159536 0 0 0 0.000159536)
(0.00127629 0 0 0 0.000159536 0 0 0 0.000159536)
(0.00127629 0 0 0 0.000159537 0 0 0 0.000159537)
(0.0012763 0 0 0 0.000159537 0 0 0 0.000159537)
(0.0012763 0 0 0 0.000159538 0 0 0 0.000159538)
(0.00127631 0 0 0 0.000159538 0 0 0 0.000159538)
(0.00127631 0 0 0 0.000159538 0 0 0 0.000159538)
(0.00127631 0 0 0 0.000159539 0 0 0 0.000159539)
(0.00127631 0 0 0 0.000159539 0 0 0 0.000159539)
(0.00127631 0 0 0 0.000159539 0 0 0 0.000159539)
(0.00127632 0 0 0 0.00015954 0 0 0 0.00015954)
(0.00127632 0 0 0 0.00015954 0 0 0 0.00015954)
(0.00127632 0 0 0 0.00015954 0 0 0 0.00015954)
(0.00127632 0 0 0 0.00015954 0 0 0 0.00015954)
(0.00127632 0 0 0 0.00015954 0 0 0 0.00015954)
(0.00127632 0 0 0 0.00015954 0 0 0 0.00015954)
(0.00127632 0 0 0 0.00015954 0 0 0 0.00015954)
(0.00127632 0 0 0 0.000159541 0 0 0 0.000159541)
(0.00127633 0 0 0 0.000159541 0 0 0 0.000159541)
(0.00127633 0 0 0 0.000159541 0 0 0 0.000159541)
(0.00127633 0 0 0 0.000159541 0 0 0 0.000159541)
(0.00127633 0 0 0 0.000159541 0 0 0 0.000159541)
(0.00127633 0 0 0 0.000159541 0 0 0 0.000159541)
(0.00127633 0 0 0 0.000159541 0 0 0 0.000159541)
(0.00127633 0 0 0 0.000159541 0 0 0 0.000159541)
(0.00127633 0 0 0 0.000159541 0 0 0 0.000159541)
(0.00127633 0 0 0 0.000159541 0 0 0 0.000159541)
(0.00127633 0 0 0 0.000159541 0 0 0 0.000159541)
(0.00127633 0 0 0 0.000159541 0 0 0 0.000159541)
(0.00127633 0 0 0 0.000159541 0 0 0 0.000159541)
(0.00127633 0 0 0 0.000159542 0 0 0 0.000159542)
(0.00127633 0 0 0 0.000159542 0 0 0 0.000159542)
(0.00127633 0 0 0 0.000159542 0 0 0 0.000159542)
(0.00127634 0 0 0 0.000159542 0 0 0 0.000159542)
(0.00127634 0 0 0 0.000159542 0 0 0 0.000159542)
(0.00127634 0 0 0 0.000159542 0 0 0 0.000159542)
(0.00127634 0 0 0 0.000159543 0 0 0 0.000159543)
(0.00127634 0 0 0 0.000159543 0 0 0 0.000159543)
(0.00127634 0 0 0 0.000159543 0 0 0 0.000159543)
(0.00127635 0 0 0 0.000159543 0 0 0 0.000159543)
(0.00127635 0 0 0 0.000159544 0 0 0 0.000159544)
(0.00127635 0 0 0 0.000159544 0 0 0 0.000159544)
(0.00127636 0 0 0 0.000159545 0 0 0 0.000159545)
(0.00127636 0 0 0 0.000159545 0 0 0 0.000159545)
(0.00127636 0 0 0 0.000159546 0 0 0 0.000159546)
(0.00127637 0 0 0 0.000159546 0 0 0 0.000159546)
(0.00127637 0 0 0 0.000159547 0 0 0 0.000159547)
(0.00127638 0 0 0 0.000159548 0 0 0 0.000159548)
(0.00127639 0 0 0 0.000159548 0 0 0 0.000159548)
(0.00127639 0 0 0 0.000159549 0 0 0 0.000159549)
(0.0012764 0 0 0 0.00015955 0 0 0 0.00015955)
(0.00127641 0 0 0 0.000159551 0 0 0 0.000159551)
(0.00127642 0 0 0 0.000159553 0 0 0 0.000159553)
(0.00127643 0 0 0 0.000159554 0 0 0 0.000159554)
(0.00127644 0 0 0 0.000159556 0 0 0 0.000159556)
(0.00127646 0 0 0 0.000159557 0 0 0 0.000159557)
(0.00127647 0 0 0 0.000159559 0 0 0 0.000159559)
(0.00127649 0 0 0 0.000159561 0 0 0 0.000159561)
(0.00127651 0 0 0 0.000159563 0 0 0 0.000159563)
(0.00127652 0 0 0 0.000159566 0 0 0 0.000159566)
(0.00127655 0 0 0 0.000159568 0 0 0 0.000159568)
(0.00127657 0 0 0 0.000159571 0 0 0 0.000159571)
(0.00127659 0 0 0 0.000159574 0 0 0 0.000159574)
(0.00127662 0 0 0 0.000159577 0 0 0 0.000159577)
(0.00127665 0 0 0 0.000159581 0 0 0 0.000159581)
(0.00127668 0 0 0 0.000159585 0 0 0 0.000159585)
(0.00127671 0 0 0 0.000159589 0 0 0 0.000159589)
(0.00127675 0 0 0 0.000159594 0 0 0 0.000159594)
(0.00127679 0 0 0 0.000159599 0 0 0 0.000159599)
(0.00127684 0 0 0 0.000159604 0 0 0 0.000159604)
(0.00127688 0 0 0 0.00015961 0 0 0 0.00015961)
(0.00127693 0 0 0 0.000159616 0 0 0 0.000159616)
(0.00127699 0 0 0 0.000159623 0 0 0 0.000159623)
(0.00127704 0 0 0 0.00015963 0 0 0 0.00015963)
(0.00127711 0 0 0 0.000159638 0 0 0 0.000159638)
(0.00127717 0 0 0 0.000159647 0 0 0 0.000159647)
(0.00127724 0 0 0 0.000159655 0 0 0 0.000159655)
(0.00127732 0 0 0 0.000159665 0 0 0 0.000159665)
(0.0012774 0 0 0 0.000159675 0 0 0 0.000159675)
(0.00127749 0 0 0 0.000159686 0 0 0 0.000159686)
(0.00127758 0 0 0 0.000159697 0 0 0 0.000159697)
(0.00127768 0 0 0 0.00015971 0 0 0 0.00015971)
(0.00127778 0 0 0 0.000159723 0 0 0 0.000159723)
(0.00127789 0 0 0 0.000159737 0 0 0 0.000159737)
(0.00127801 0 0 0 0.000159751 0 0 0 0.000159751)
(0.00127813 0 0 0 0.000159767 0 0 0 0.000159767)
(0.00127827 0 0 0 0.000159783 0 0 0 0.000159783)
(0.00127841 0 0 0 0.000159801 0 0 0 0.000159801)
(0.00127855 0 0 0 0.000159819 0 0 0 0.000159819)
(0.00127871 0 0 0 0.000159839 0 0 0 0.000159839)
(0.00127887 0 0 0 0.000159859 0 0 0 0.000159859)
(0.00127905 0 0 0 0.000159881 0 0 0 0.000159881)
(0.00127923 0 0 0 0.000159903 0 0 0 0.000159903)
(0.00127942 0 0 0 0.000159927 0 0 0 0.000159927)
(0.00127962 0 0 0 0.000159953 0 0 0 0.000159953)
(0.00127983 0 0 0 0.000159979 0 0 0 0.000159979)
(0.00128005 0 0 0 0.000160007 0 0 0 0.000160007)
(0.00128029 0 0 0 0.000160036 0 0 0 0.000160036)
(0.00128053 0 0 0 0.000160066 0 0 0 0.000160066)
(0.00128078 0 0 0 0.000160098 0 0 0 0.000160098)
(0.00128105 0 0 0 0.000160131 0 0 0 0.000160131)
(0.00128133 0 0 0 0.000160166 0 0 0 0.000160166)
(0.00128162 0 0 0 0.000160202 0 0 0 0.000160202)
(0.00128192 0 0 0 0.00016024 0 0 0 0.00016024)
(0.00128224 0 0 0 0.00016028 0 0 0 0.00016028)
(0.00128257 0 0 0 0.000160321 0 0 0 0.000160321)
(0.00128291 0 0 0 0.000160364 0 0 0 0.000160364)
(0.00128326 0 0 0 0.000160408 0 0 0 0.000160408)
(0.00128363 0 0 0 0.000160454 0 0 0 0.000160454)
(0.00128402 0 0 0 0.000160502 0 0 0 0.000160502)
(0.00128442 0 0 0 0.000160552 0 0 0 0.000160552)
(0.00128483 0 0 0 0.000160604 0 0 0 0.000160604)
(0.00128526 0 0 0 0.000160657 0 0 0 0.000160657)
(0.0012857 0 0 0 0.000160712 0 0 0 0.000160712)
(0.00128616 0 0 0 0.00016077 0 0 0 0.00016077)
(0.00128663 0 0 0 0.000160829 0 0 0 0.000160829)
(0.00128712 0 0 0 0.00016089 0 0 0 0.00016089)
(0.00128763 0 0 0 0.000160954 0 0 0 0.000160954)
(0.00128815 0 0 0 0.000161019 0 0 0 0.000161019)
(0.00128869 0 0 0 0.000161086 0 0 0 0.000161086)
(0.00128925 0 0 0 0.000161156 0 0 0 0.000161156)
(0.00128982 0 0 0 0.000161227 0 0 0 0.000161227)
(0.00129041 0 0 0 0.000161301 0 0 0 0.000161301)
(0.00129102 0 0 0 0.000161377 0 0 0 0.000161377)
(0.00129164 0 0 0 0.000161455 0 0 0 0.000161455)
(0.00129228 0 0 0 0.000161535 0 0 0 0.000161535)
(0.00129294 0 0 0 0.000161617 0 0 0 0.000161617)
(0.00129362 0 0 0 0.000161702 0 0 0 0.000161702)
(0.00129431 0 0 0 0.000161789 0 0 0 0.000161789)
(0.00129502 0 0 0 0.000161878 0 0 0 0.000161878)
(0.00129576 0 0 0 0.000161969 0 0 0 0.000161969)
(0.0012965 0 0 0 0.000162063 0 0 0 0.000162063)
(0.00129727 0 0 0 0.000162159 0 0 0 0.000162159)
(0.00129806 0 0 0 0.000162257 0 0 0 0.000162257)
(0.00129886 0 0 0 0.000162358 0 0 0 0.000162358)
(0.00129968 0 0 0 0.000162461 0 0 0 0.000162461)
(0.00130053 0 0 0 0.000162566 0 0 0 0.000162566)
(0.00130139 0 0 0 0.000162674 0 0 0 0.000162674)
(0.00130227 0 0 0 0.000162784 0 0 0 0.000162784)
(0.00130317 0 0 0 0.000162896 0 0 0 0.000162896)
(0.00130409 0 0 0 0.000163011 0 0 0 0.000163011)
(0.00130503 0 0 0 0.000163129 0 0 0 0.000163129)
(0.00130599 0 0 0 0.000163249 0 0 0 0.000163249)
(0.00130697 0 0 0 0.000163372 0 0 0 0.000163372)
(0.00130798 0 0 0 0.000163497 0 0 0 0.000163497)
(0.00130901 0 0 0 0.000163626 0 0 0 0.000163626)
(0.00131006 0 0 0 0.000163757 0 0 0 0.000163757)
(0.00131114 0 0 0 0.000163892 0 0 0 0.000163892)
(0.00131224 0 0 0 0.00016403 0 0 0 0.00016403)
(0.00131337 0 0 0 0.000164171 0 0 0 0.000164171)
(0.00131453 0 0 0 0.000164316 0 0 0 0.000164316)
(0.00131537 0 0 0 0.000164421 0 0 0 0.000164421)
(0.00131579 0 0 0 0.000164474 0 0 0 0.000164474)
(0.00123527 0 0 0 0.000154409 0 0 0 0.000154409)
(0.00123561 0 0 0 0.000154451 0 0 0 0.000154451)
(0.00123632 0 0 0 0.00015454 0 0 0 0.00015454)
(0.00123716 0 0 0 0.000154645 0 0 0 0.000154645)
(0.00123801 0 0 0 0.000154751 0 0 0 0.000154751)
(0.00123885 0 0 0 0.000154857 0 0 0 0.000154857)
(0.0012397 0 0 0 0.000154962 0 0 0 0.000154962)
(0.00124054 0 0 0 0.000155067 0 0 0 0.000155067)
(0.00124138 0 0 0 0.000155172 0 0 0 0.000155172)
(0.00124221 0 0 0 0.000155276 0 0 0 0.000155276)
(0.00124304 0 0 0 0.000155379 0 0 0 0.000155379)
(0.00124385 0 0 0 0.000155482 0 0 0 0.000155482)
(0.00124467 0 0 0 0.000155583 0 0 0 0.000155583)
(0.00124547 0 0 0 0.000155684 0 0 0 0.000155684)
(0.00124626 0 0 0 0.000155783 0 0 0 0.000155783)
(0.00124705 0 0 0 0.000155881 0 0 0 0.000155881)
(0.00124783 0 0 0 0.000155978 0 0 0 0.000155978)
(0.00124859 0 0 0 0.000156074 0 0 0 0.000156074)
(0.00124935 0 0 0 0.000156169 0 0 0 0.000156169)
(0.0012501 0 0 0 0.000156262 0 0 0 0.000156262)
(0.00125084 0 0 0 0.000156355 0 0 0 0.000156355)
(0.00125156 0 0 0 0.000156445 0 0 0 0.000156445)
(0.00125228 0 0 0 0.000156535 0 0 0 0.000156535)
(0.00125299 0 0 0 0.000156623 0 0 0 0.000156623)
(0.00125368 0 0 0 0.00015671 0 0 0 0.00015671)
(0.00125437 0 0 0 0.000156796 0 0 0 0.000156796)
(0.00125504 0 0 0 0.00015688 0 0 0 0.00015688)
(0.0012557 0 0 0 0.000156963 0 0 0 0.000156963)
(0.00125636 0 0 0 0.000157045 0 0 0 0.000157045)
(0.001257 0 0 0 0.000157125 0 0 0 0.000157125)
(0.00125763 0 0 0 0.000157203 0 0 0 0.000157203)
(0.00125824 0 0 0 0.00015728 0 0 0 0.00015728)
(0.00125885 0 0 0 0.000157356 0 0 0 0.000157356)
(0.00125944 0 0 0 0.000157431 0 0 0 0.000157431)
(0.00126003 0 0 0 0.000157503 0 0 0 0.000157503)
(0.0012606 0 0 0 0.000157575 0 0 0 0.000157575)
(0.00126116 0 0 0 0.000157645 0 0 0 0.000157645)
(0.00126171 0 0 0 0.000157713 0 0 0 0.000157713)
(0.00126224 0 0 0 0.00015778 0 0 0 0.00015778)
(0.00126277 0 0 0 0.000157846 0 0 0 0.000157846)
(0.00126328 0 0 0 0.00015791 0 0 0 0.00015791)
(0.00126378 0 0 0 0.000157972 0 0 0 0.000157972)
(0.00126427 0 0 0 0.000158033 0 0 0 0.000158033)
(0.00126474 0 0 0 0.000158093 0 0 0 0.000158093)
(0.00126521 0 0 0 0.000158151 0 0 0 0.000158151)
(0.00126566 0 0 0 0.000158208 0 0 0 0.000158208)
(0.0012661 0 0 0 0.000158263 0 0 0 0.000158263)
(0.00126653 0 0 0 0.000158317 0 0 0 0.000158317)
(0.00126695 0 0 0 0.000158369 0 0 0 0.000158369)
(0.00126736 0 0 0 0.00015842 0 0 0 0.00015842)
(0.00126775 0 0 0 0.000158469 0 0 0 0.000158469)
(0.00126813 0 0 0 0.000158517 0 0 0 0.000158517)
(0.00126851 0 0 0 0.000158563 0 0 0 0.000158563)
(0.00126887 0 0 0 0.000158608 0 0 0 0.000158608)
(0.00126921 0 0 0 0.000158652 0 0 0 0.000158652)
(0.00126955 0 0 0 0.000158694 0 0 0 0.000158694)
(0.00126988 0 0 0 0.000158735 0 0 0 0.000158735)
(0.00127019 0 0 0 0.000158774 0 0 0 0.000158774)
(0.0012705 0 0 0 0.000158812 0 0 0 0.000158812)
(0.00127079 0 0 0 0.000158849 0 0 0 0.000158849)
(0.00127108 0 0 0 0.000158884 0 0 0 0.000158884)
(0.00127135 0 0 0 0.000158919 0 0 0 0.000158919)
(0.00127161 0 0 0 0.000158951 0 0 0 0.000158951)
(0.00127186 0 0 0 0.000158983 0 0 0 0.000158983)
(0.00127211 0 0 0 0.000159013 0 0 0 0.000159013)
(0.00127234 0 0 0 0.000159042 0 0 0 0.000159042)
(0.00127256 0 0 0 0.00015907 0 0 0 0.00015907)
(0.00127278 0 0 0 0.000159097 0 0 0 0.000159097)
(0.00127298 0 0 0 0.000159123 0 0 0 0.000159123)
(0.00127318 0 0 0 0.000159147 0 0 0 0.000159147)
(0.00127337 0 0 0 0.000159171 0 0 0 0.000159171)
(0.00127354 0 0 0 0.000159193 0 0 0 0.000159193)
(0.00127372 0 0 0 0.000159214 0 0 0 0.000159214)
(0.00127388 0 0 0 0.000159235 0 0 0 0.000159235)
(0.00127403 0 0 0 0.000159254 0 0 0 0.000159254)
(0.00127418 0 0 0 0.000159272 0 0 0 0.000159272)
(0.00127432 0 0 0 0.00015929 0 0 0 0.00015929)
(0.00127445 0 0 0 0.000159306 0 0 0 0.000159306)
(0.00127458 0 0 0 0.000159322 0 0 0 0.000159322)
(0.0012747 0 0 0 0.000159337 0 0 0 0.000159337)
(0.00127481 0 0 0 0.000159351 0 0 0 0.000159351)
(0.00127492 0 0 0 0.000159364 0 0 0 0.000159364)
(0.00127502 0 0 0 0.000159377 0 0 0 0.000159377)
(0.00127511 0 0 0 0.000159389 0 0 0 0.000159389)
(0.0012752 0 0 0 0.0001594 0 0 0 0.0001594)
(0.00127528 0 0 0 0.00015941 0 0 0 0.00015941)
(0.00127536 0 0 0 0.00015942 0 0 0 0.00015942)
(0.00127544 0 0 0 0.000159429 0 0 0 0.000159429)
(0.00127551 0 0 0 0.000159438 0 0 0 0.000159438)
(0.00127557 0 0 0 0.000159446 0 0 0 0.000159446)
(0.00127563 0 0 0 0.000159454 0 0 0 0.000159454)
(0.00127569 0 0 0 0.000159461 0 0 0 0.000159461)
(0.00127574 0 0 0 0.000159467 0 0 0 0.000159467)
(0.00127579 0 0 0 0.000159474 0 0 0 0.000159474)
(0.00127583 0 0 0 0.000159479 0 0 0 0.000159479)
(0.00127588 0 0 0 0.000159485 0 0 0 0.000159485)
(0.00127592 0 0 0 0.000159489 0 0 0 0.000159489)
(0.00127595 0 0 0 0.000159494 0 0 0 0.000159494)
(0.00127599 0 0 0 0.000159498 0 0 0 0.000159498)
(0.00127602 0 0 0 0.000159502 0 0 0 0.000159502)
(0.00127605 0 0 0 0.000159506 0 0 0 0.000159506)
(0.00127607 0 0 0 0.000159509 0 0 0 0.000159509)
(0.0012761 0 0 0 0.000159512 0 0 0 0.000159512)
(0.00127612 0 0 0 0.000159515 0 0 0 0.000159515)
(0.00127614 0 0 0 0.000159517 0 0 0 0.000159517)
(0.00127616 0 0 0 0.00015952 0 0 0 0.00015952)
(0.00127617 0 0 0 0.000159522 0 0 0 0.000159522)
(0.00127619 0 0 0 0.000159524 0 0 0 0.000159524)
(0.0012762 0 0 0 0.000159525 0 0 0 0.000159525)
(0.00127622 0 0 0 0.000159527 0 0 0 0.000159527)
(0.00127623 0 0 0 0.000159529 0 0 0 0.000159529)
(0.00127624 0 0 0 0.00015953 0 0 0 0.00015953)
(0.00127625 0 0 0 0.000159531 0 0 0 0.000159531)
(0.00127626 0 0 0 0.000159532 0 0 0 0.000159532)
(0.00127627 0 0 0 0.000159533 0 0 0 0.000159533)
(0.00127627 0 0 0 0.000159534 0 0 0 0.000159534)
(0.00127628 0 0 0 0.000159535 0 0 0 0.000159535)
(0.00127628 0 0 0 0.000159536 0 0 0 0.000159536)
(0.00127629 0 0 0 0.000159536 0 0 0 0.000159536)
(0.00127629 0 0 0 0.000159537 0 0 0 0.000159537)
(0.0012763 0 0 0 0.000159537 0 0 0 0.000159537)
(0.0012763 0 0 0 0.000159538 0 0 0 0.000159538)
(0.00127631 0 0 0 0.000159538 0 0 0 0.000159538)
(0.00127631 0 0 0 0.000159539 0 0 0 0.000159539)
(0.00127631 0 0 0 0.000159539 0 0 0 0.000159539)
(0.00127631 0 0 0 0.000159539 0 0 0 0.000159539)
(0.00127631 0 0 0 0.000159539 0 0 0 0.000159539)
(0.00127632 0 0 0 0.00015954 0 0 0 0.00015954)
(0.00127632 0 0 0 0.00015954 0 0 0 0.00015954)
(0.00127632 0 0 0 0.00015954 0 0 0 0.00015954)
(0.00127632 0 0 0 0.00015954 0 0 0 0.00015954)
(0.00127632 0 0 0 0.00015954 0 0 0 0.00015954)
(0.00127632 0 0 0 0.00015954 0 0 0 0.00015954)
(0.00127632 0 0 0 0.00015954 0 0 0 0.00015954)
(0.00127632 0 0 0 0.000159541 0 0 0 0.000159541)
(0.00127633 0 0 0 0.000159541 0 0 0 0.000159541)
(0.00127633 0 0 0 0.000159541 0 0 0 0.000159541)
(0.00127633 0 0 0 0.000159541 0 0 0 0.000159541)
(0.00127633 0 0 0 0.000159541 0 0 0 0.000159541)
(0.00127633 0 0 0 0.000159541 0 0 0 0.000159541)
(0.00127633 0 0 0 0.000159541 0 0 0 0.000159541)
(0.00127633 0 0 0 0.000159541 0 0 0 0.000159541)
(0.00127633 0 0 0 0.000159541 0 0 0 0.000159541)
(0.00127633 0 0 0 0.000159541 0 0 0 0.000159541)
(0.00127633 0 0 0 0.000159541 0 0 0 0.000159541)
(0.00127633 0 0 0 0.000159541 0 0 0 0.000159541)
(0.00127633 0 0 0 0.000159541 0 0 0 0.000159541)
(0.00127633 0 0 0 0.000159542 0 0 0 0.000159542)
(0.00127633 0 0 0 0.000159542 0 0 0 0.000159542)
(0.00127633 0 0 0 0.000159542 0 0 0 0.000159542)
(0.00127634 0 0 0 0.000159542 0 0 0 0.000159542)
(0.00127634 0 0 0 0.000159542 0 0 0 0.000159542)
(0.00127634 0 0 0 0.000159542 0 0 0 0.000159542)
(0.00127634 0 0 0 0.000159543 0 0 0 0.000159543)
(0.00127634 0 0 0 0.000159543 0 0 0 0.000159543)
(0.00127634 0 0 0 0.000159543 0 0 0 0.000159543)
(0.00127635 0 0 0 0.000159543 0 0 0 0.000159543)
(0.00127635 0 0 0 0.000159544 0 0 0 0.000159544)
(0.00127635 0 0 0 0.000159544 0 0 0 0.000159544)
(0.00127636 0 0 0 0.000159545 0 0 0 0.000159545)
(0.00127636 0 0 0 0.000159545 0 0 0 0.000159545)
(0.00127636 0 0 0 0.000159546 0 0 0 0.000159546)
(0.00127637 0 0 0 0.000159546 0 0 0 0.000159546)
(0.00127637 0 0 0 0.000159547 0 0 0 0.000159547)
(0.00127638 0 0 0 0.000159548 0 0 0 0.000159548)
(0.00127639 0 0 0 0.000159548 0 0 0 0.000159548)
(0.00127639 0 0 0 0.000159549 0 0 0 0.000159549)
(0.0012764 0 0 0 0.00015955 0 0 0 0.00015955)
(0.00127641 0 0 0 0.000159551 0 0 0 0.000159551)
(0.00127642 0 0 0 0.000159553 0 0 0 0.000159553)
(0.00127643 0 0 0 0.000159554 0 0 0 0.000159554)
(0.00127644 0 0 0 0.000159556 0 0 0 0.000159556)
(0.00127646 0 0 0 0.000159557 0 0 0 0.000159557)
(0.00127647 0 0 0 0.000159559 0 0 0 0.000159559)
(0.00127649 0 0 0 0.000159561 0 0 0 0.000159561)
(0.00127651 0 0 0 0.000159563 0 0 0 0.000159563)
(0.00127653 0 0 0 0.000159566 0 0 0 0.000159566)
(0.00127655 0 0 0 0.000159568 0 0 0 0.000159568)
(0.00127657 0 0 0 0.000159571 0 0 0 0.000159571)
(0.00127659 0 0 0 0.000159574 0 0 0 0.000159574)
(0.00127662 0 0 0 0.000159578 0 0 0 0.000159578)
(0.00127665 0 0 0 0.000159581 0 0 0 0.000159581)
(0.00127668 0 0 0 0.000159585 0 0 0 0.000159585)
(0.00127672 0 0 0 0.000159589 0 0 0 0.000159589)
(0.00127675 0 0 0 0.000159594 0 0 0 0.000159594)
(0.00127679 0 0 0 0.000159599 0 0 0 0.000159599)
(0.00127684 0 0 0 0.000159605 0 0 0 0.000159605)
(0.00127688 0 0 0 0.00015961 0 0 0 0.00015961)
(0.00127693 0 0 0 0.000159617 0 0 0 0.000159617)
(0.00127699 0 0 0 0.000159623 0 0 0 0.000159623)
(0.00127705 0 0 0 0.000159631 0 0 0 0.000159631)
(0.00127711 0 0 0 0.000159638 0 0 0 0.000159638)
(0.00127717 0 0 0 0.000159647 0 0 0 0.000159647)
(0.00127725 0 0 0 0.000159656 0 0 0 0.000159656)
(0.00127732 0 0 0 0.000159665 0 0 0 0.000159665)
(0.0012774 0 0 0 0.000159675 0 0 0 0.000159675)
(0.00127749 0 0 0 0.000159686 0 0 0 0.000159686)
(0.00127758 0 0 0 0.000159698 0 0 0 0.000159698)
(0.00127768 0 0 0 0.00015971 0 0 0 0.00015971)
(0.00127778 0 0 0 0.000159723 0 0 0 0.000159723)
(0.0012779 0 0 0 0.000159737 0 0 0 0.000159737)
(0.00127801 0 0 0 0.000159752 0 0 0 0.000159752)
(0.00127814 0 0 0 0.000159767 0 0 0 0.000159767)
(0.00127827 0 0 0 0.000159784 0 0 0 0.000159784)
(0.00127841 0 0 0 0.000159801 0 0 0 0.000159801)
(0.00127856 0 0 0 0.00015982 0 0 0 0.00015982)
(0.00127871 0 0 0 0.000159839 0 0 0 0.000159839)
(0.00127888 0 0 0 0.00015986 0 0 0 0.00015986)
(0.00127905 0 0 0 0.000159881 0 0 0 0.000159881)
(0.00127923 0 0 0 0.000159904 0 0 0 0.000159904)
(0.00127943 0 0 0 0.000159928 0 0 0 0.000159928)
(0.00127963 0 0 0 0.000159953 0 0 0 0.000159953)
(0.00127984 0 0 0 0.00015998 0 0 0 0.00015998)
(0.00128006 0 0 0 0.000160008 0 0 0 0.000160008)
(0.00128029 0 0 0 0.000160037 0 0 0 0.000160037)
(0.00128054 0 0 0 0.000160067 0 0 0 0.000160067)
(0.00128079 0 0 0 0.000160099 0 0 0 0.000160099)
(0.00128106 0 0 0 0.000160132 0 0 0 0.000160132)
(0.00128134 0 0 0 0.000160167 0 0 0 0.000160167)
(0.00128163 0 0 0 0.000160204 0 0 0 0.000160204)
(0.00128193 0 0 0 0.000160242 0 0 0 0.000160242)
(0.00128225 0 0 0 0.000160281 0 0 0 0.000160281)
(0.00128258 0 0 0 0.000160322 0 0 0 0.000160322)
(0.00128292 0 0 0 0.000160365 0 0 0 0.000160365)
(0.00128328 0 0 0 0.00016041 0 0 0 0.00016041)
(0.00128365 0 0 0 0.000160456 0 0 0 0.000160456)
(0.00128403 0 0 0 0.000160504 0 0 0 0.000160504)
(0.00128443 0 0 0 0.000160554 0 0 0 0.000160554)
(0.00128484 0 0 0 0.000160605 0 0 0 0.000160605)
(0.00128527 0 0 0 0.000160659 0 0 0 0.000160659)
(0.00128572 0 0 0 0.000160715 0 0 0 0.000160715)
(0.00128618 0 0 0 0.000160772 0 0 0 0.000160772)
(0.00128665 0 0 0 0.000160831 0 0 0 0.000160831)
(0.00128714 0 0 0 0.000160893 0 0 0 0.000160893)
(0.00128765 0 0 0 0.000160956 0 0 0 0.000160956)
(0.00128817 0 0 0 0.000161021 0 0 0 0.000161021)
(0.00128871 0 0 0 0.000161089 0 0 0 0.000161089)
(0.00128927 0 0 0 0.000161159 0 0 0 0.000161159)
(0.00128984 0 0 0 0.00016123 0 0 0 0.00016123)
(0.00129043 0 0 0 0.000161304 0 0 0 0.000161304)
(0.00129104 0 0 0 0.00016138 0 0 0 0.00016138)
(0.00129167 0 0 0 0.000161458 0 0 0 0.000161458)
(0.00129231 0 0 0 0.000161539 0 0 0 0.000161539)
(0.00129297 0 0 0 0.000161621 0 0 0 0.000161621)
(0.00129365 0 0 0 0.000161706 0 0 0 0.000161706)
(0.00129434 0 0 0 0.000161793 0 0 0 0.000161793)
(0.00129506 0 0 0 0.000161882 0 0 0 0.000161882)
(0.00129579 0 0 0 0.000161974 0 0 0 0.000161974)
(0.00129654 0 0 0 0.000162068 0 0 0 0.000162068)
(0.00129731 0 0 0 0.000162164 0 0 0 0.000162164)
(0.0012981 0 0 0 0.000162263 0 0 0 0.000162263)
(0.00129891 0 0 0 0.000162363 0 0 0 0.000162363)
(0.00129973 0 0 0 0.000162467 0 0 0 0.000162467)
(0.00130058 0 0 0 0.000162573 0 0 0 0.000162573)
(0.00130145 0 0 0 0.000162681 0 0 0 0.000162681)
(0.00130233 0 0 0 0.000162791 0 0 0 0.000162791)
(0.00130324 0 0 0 0.000162904 0 0 0 0.000162904)
(0.00130416 0 0 0 0.00016302 0 0 0 0.00016302)
(0.00130511 0 0 0 0.000163138 0 0 0 0.000163138)
(0.00130608 0 0 0 0.000163259 0 0 0 0.000163259)
(0.00130707 0 0 0 0.000163383 0 0 0 0.000163383)
(0.00130808 0 0 0 0.00016351 0 0 0 0.00016351)
(0.00130911 0 0 0 0.000163639 0 0 0 0.000163639)
(0.00131017 0 0 0 0.000163771 0 0 0 0.000163771)
(0.00131126 0 0 0 0.000163907 0 0 0 0.000163907)
(0.00131237 0 0 0 0.000164046 0 0 0 0.000164046)
(0.0013135 0 0 0 0.000164188 0 0 0 0.000164188)
(0.00131467 0 0 0 0.000164334 0 0 0 0.000164334)
(0.00131545 0 0 0 0.000164432 0 0 0 0.000164432)
(0.00131585 0 0 0 0.000164481 0 0 0 0.000164481)
(0.00123523 0 0 0 0.000154404 0 0 0 0.000154404)
(0.00123556 0 0 0 0.000154445 0 0 0 0.000154445)
(0.00123624 0 0 0 0.00015453 0 0 0 0.00015453)
(0.00123711 0 0 0 0.000154638 0 0 0 0.000154638)
(0.00123797 0 0 0 0.000154746 0 0 0 0.000154746)
(0.00123883 0 0 0 0.000154854 0 0 0 0.000154854)
(0.00123969 0 0 0 0.000154961 0 0 0 0.000154961)
(0.00124054 0 0 0 0.000155067 0 0 0 0.000155067)
(0.00124138 0 0 0 0.000155173 0 0 0 0.000155173)
(0.00124222 0 0 0 0.000155278 0 0 0 0.000155278)
(0.00124305 0 0 0 0.000155381 0 0 0 0.000155381)
(0.00124387 0 0 0 0.000155484 0 0 0 0.000155484)
(0.00124468 0 0 0 0.000155586 0 0 0 0.000155586)
(0.00124549 0 0 0 0.000155686 0 0 0 0.000155686)
(0.00124628 0 0 0 0.000155786 0 0 0 0.000155786)
(0.00124707 0 0 0 0.000155884 0 0 0 0.000155884)
(0.00124785 0 0 0 0.000155981 0 0 0 0.000155981)
(0.00124862 0 0 0 0.000156077 0 0 0 0.000156077)
(0.00124937 0 0 0 0.000156172 0 0 0 0.000156172)
(0.00125012 0 0 0 0.000156265 0 0 0 0.000156265)
(0.00125086 0 0 0 0.000156357 0 0 0 0.000156357)
(0.00125159 0 0 0 0.000156448 0 0 0 0.000156448)
(0.0012523 0 0 0 0.000156538 0 0 0 0.000156538)
(0.00125301 0 0 0 0.000156626 0 0 0 0.000156626)
(0.0012537 0 0 0 0.000156713 0 0 0 0.000156713)
(0.00125439 0 0 0 0.000156799 0 0 0 0.000156799)
(0.00125506 0 0 0 0.000156883 0 0 0 0.000156883)
(0.00125572 0 0 0 0.000156966 0 0 0 0.000156966)
(0.00125638 0 0 0 0.000157047 0 0 0 0.000157047)
(0.00125702 0 0 0 0.000157127 0 0 0 0.000157127)
(0.00125764 0 0 0 0.000157206 0 0 0 0.000157206)
(0.00125826 0 0 0 0.000157283 0 0 0 0.000157283)
(0.00125887 0 0 0 0.000157358 0 0 0 0.000157358)
(0.00125946 0 0 0 0.000157433 0 0 0 0.000157433)
(0.00126004 0 0 0 0.000157506 0 0 0 0.000157506)
(0.00126062 0 0 0 0.000157577 0 0 0 0.000157577)
(0.00126117 0 0 0 0.000157647 0 0 0 0.000157647)
(0.00126172 0 0 0 0.000157715 0 0 0 0.000157715)
(0.00126226 0 0 0 0.000157782 0 0 0 0.000157782)
(0.00126278 0 0 0 0.000157848 0 0 0 0.000157848)
(0.00126329 0 0 0 0.000157912 0 0 0 0.000157912)
(0.00126379 0 0 0 0.000157974 0 0 0 0.000157974)
(0.00126428 0 0 0 0.000158035 0 0 0 0.000158035)
(0.00126476 0 0 0 0.000158095 0 0 0 0.000158095)
(0.00126522 0 0 0 0.000158153 0 0 0 0.000158153)
(0.00126567 0 0 0 0.000158209 0 0 0 0.000158209)
(0.00126612 0 0 0 0.000158264 0 0 0 0.000158264)
(0.00126654 0 0 0 0.000158318 0 0 0 0.000158318)
(0.00126696 0 0 0 0.00015837 0 0 0 0.00015837)
(0.00126737 0 0 0 0.000158421 0 0 0 0.000158421)
(0.00126776 0 0 0 0.00015847 0 0 0 0.00015847)
(0.00126814 0 0 0 0.000158518 0 0 0 0.000158518)
(0.00126852 0 0 0 0.000158564 0 0 0 0.000158564)
(0.00126887 0 0 0 0.000158609 0 0 0 0.000158609)
(0.00126922 0 0 0 0.000158653 0 0 0 0.000158653)
(0.00126956 0 0 0 0.000158695 0 0 0 0.000158695)
(0.00126989 0 0 0 0.000158736 0 0 0 0.000158736)
(0.0012702 0 0 0 0.000158775 0 0 0 0.000158775)
(0.00127051 0 0 0 0.000158813 0 0 0 0.000158813)
(0.0012708 0 0 0 0.00015885 0 0 0 0.00015885)
(0.00127108 0 0 0 0.000158885 0 0 0 0.000158885)
(0.00127135 0 0 0 0.000158919 0 0 0 0.000158919)
(0.00127162 0 0 0 0.000158952 0 0 0 0.000158952)
(0.00127187 0 0 0 0.000158984 0 0 0 0.000158984)
(0.00127211 0 0 0 0.000159014 0 0 0 0.000159014)
(0.00127234 0 0 0 0.000159043 0 0 0 0.000159043)
(0.00127257 0 0 0 0.000159071 0 0 0 0.000159071)
(0.00127278 0 0 0 0.000159098 0 0 0 0.000159098)
(0.00127299 0 0 0 0.000159123 0 0 0 0.000159123)
(0.00127318 0 0 0 0.000159148 0 0 0 0.000159148)
(0.00127337 0 0 0 0.000159171 0 0 0 0.000159171)
(0.00127355 0 0 0 0.000159194 0 0 0 0.000159194)
(0.00127372 0 0 0 0.000159215 0 0 0 0.000159215)
(0.00127388 0 0 0 0.000159235 0 0 0 0.000159235)
(0.00127404 0 0 0 0.000159254 0 0 0 0.000159254)
(0.00127418 0 0 0 0.000159273 0 0 0 0.000159273)
(0.00127432 0 0 0 0.00015929 0 0 0 0.00015929)
(0.00127445 0 0 0 0.000159307 0 0 0 0.000159307)
(0.00127458 0 0 0 0.000159323 0 0 0 0.000159323)
(0.0012747 0 0 0 0.000159337 0 0 0 0.000159337)
(0.00127481 0 0 0 0.000159351 0 0 0 0.000159351)
(0.00127492 0 0 0 0.000159365 0 0 0 0.000159365)
(0.00127502 0 0 0 0.000159377 0 0 0 0.000159377)
(0.00127511 0 0 0 0.000159389 0 0 0 0.000159389)
(0.0012752 0 0 0 0.0001594 0 0 0 0.0001594)
(0.00127529 0 0 0 0.000159411 0 0 0 0.000159411)
(0.00127536 0 0 0 0.00015942 0 0 0 0.00015942)
(0.00127544 0 0 0 0.00015943 0 0 0 0.00015943)
(0.00127551 0 0 0 0.000159438 0 0 0 0.000159438)
(0.00127557 0 0 0 0.000159446 0 0 0 0.000159446)
(0.00127563 0 0 0 0.000159454 0 0 0 0.000159454)
(0.00127569 0 0 0 0.000159461 0 0 0 0.000159461)
(0.00127574 0 0 0 0.000159468 0 0 0 0.000159468)
(0.00127579 0 0 0 0.000159474 0 0 0 0.000159474)
(0.00127583 0 0 0 0.000159479 0 0 0 0.000159479)
(0.00127588 0 0 0 0.000159485 0 0 0 0.000159485)
(0.00127592 0 0 0 0.00015949 0 0 0 0.00015949)
(0.00127595 0 0 0 0.000159494 0 0 0 0.000159494)
(0.00127599 0 0 0 0.000159498 0 0 0 0.000159498)
(0.00127602 0 0 0 0.000159502 0 0 0 0.000159502)
(0.00127605 0 0 0 0.000159506 0 0 0 0.000159506)
(0.00127607 0 0 0 0.000159509 0 0 0 0.000159509)
(0.0012761 0 0 0 0.000159512 0 0 0 0.000159512)
(0.00127612 0 0 0 0.000159515 0 0 0 0.000159515)
(0.00127614 0 0 0 0.000159517 0 0 0 0.000159517)
(0.00127616 0 0 0 0.00015952 0 0 0 0.00015952)
(0.00127617 0 0 0 0.000159522 0 0 0 0.000159522)
(0.00127619 0 0 0 0.000159524 0 0 0 0.000159524)
(0.0012762 0 0 0 0.000159526 0 0 0 0.000159526)
(0.00127622 0 0 0 0.000159527 0 0 0 0.000159527)
(0.00127623 0 0 0 0.000159529 0 0 0 0.000159529)
(0.00127624 0 0 0 0.00015953 0 0 0 0.00015953)
(0.00127625 0 0 0 0.000159531 0 0 0 0.000159531)
(0.00127626 0 0 0 0.000159532 0 0 0 0.000159532)
(0.00127627 0 0 0 0.000159533 0 0 0 0.000159533)
(0.00127627 0 0 0 0.000159534 0 0 0 0.000159534)
(0.00127628 0 0 0 0.000159535 0 0 0 0.000159535)
(0.00127628 0 0 0 0.000159536 0 0 0 0.000159536)
(0.00127629 0 0 0 0.000159536 0 0 0 0.000159536)
(0.00127629 0 0 0 0.000159537 0 0 0 0.000159537)
(0.0012763 0 0 0 0.000159537 0 0 0 0.000159537)
(0.0012763 0 0 0 0.000159538 0 0 0 0.000159538)
(0.00127631 0 0 0 0.000159538 0 0 0 0.000159538)
(0.00127631 0 0 0 0.000159539 0 0 0 0.000159539)
(0.00127631 0 0 0 0.000159539 0 0 0 0.000159539)
(0.00127631 0 0 0 0.000159539 0 0 0 0.000159539)
(0.00127631 0 0 0 0.000159539 0 0 0 0.000159539)
(0.00127632 0 0 0 0.00015954 0 0 0 0.00015954)
(0.00127632 0 0 0 0.00015954 0 0 0 0.00015954)
(0.00127632 0 0 0 0.00015954 0 0 0 0.00015954)
(0.00127632 0 0 0 0.00015954 0 0 0 0.00015954)
(0.00127632 0 0 0 0.00015954 0 0 0 0.00015954)
(0.00127632 0 0 0 0.00015954 0 0 0 0.00015954)
(0.00127632 0 0 0 0.00015954 0 0 0 0.00015954)
(0.00127632 0 0 0 0.000159541 0 0 0 0.000159541)
(0.00127633 0 0 0 0.000159541 0 0 0 0.000159541)
(0.00127633 0 0 0 0.000159541 0 0 0 0.000159541)
(0.00127633 0 0 0 0.000159541 0 0 0 0.000159541)
(0.00127633 0 0 0 0.000159541 0 0 0 0.000159541)
(0.00127633 0 0 0 0.000159541 0 0 0 0.000159541)
(0.00127633 0 0 0 0.000159541 0 0 0 0.000159541)
(0.00127633 0 0 0 0.000159541 0 0 0 0.000159541)
(0.00127633 0 0 0 0.000159541 0 0 0 0.000159541)
(0.00127633 0 0 0 0.000159541 0 0 0 0.000159541)
(0.00127633 0 0 0 0.000159541 0 0 0 0.000159541)
(0.00127633 0 0 0 0.000159541 0 0 0 0.000159541)
(0.00127633 0 0 0 0.000159541 0 0 0 0.000159541)
(0.00127633 0 0 0 0.000159542 0 0 0 0.000159542)
(0.00127633 0 0 0 0.000159542 0 0 0 0.000159542)
(0.00127633 0 0 0 0.000159542 0 0 0 0.000159542)
(0.00127634 0 0 0 0.000159542 0 0 0 0.000159542)
(0.00127634 0 0 0 0.000159542 0 0 0 0.000159542)
(0.00127634 0 0 0 0.000159542 0 0 0 0.000159542)
(0.00127634 0 0 0 0.000159543 0 0 0 0.000159543)
(0.00127634 0 0 0 0.000159543 0 0 0 0.000159543)
(0.00127634 0 0 0 0.000159543 0 0 0 0.000159543)
(0.00127635 0 0 0 0.000159543 0 0 0 0.000159543)
(0.00127635 0 0 0 0.000159544 0 0 0 0.000159544)
(0.00127635 0 0 0 0.000159544 0 0 0 0.000159544)
(0.00127636 0 0 0 0.000159545 0 0 0 0.000159545)
(0.00127636 0 0 0 0.000159545 0 0 0 0.000159545)
(0.00127636 0 0 0 0.000159546 0 0 0 0.000159546)
(0.00127637 0 0 0 0.000159546 0 0 0 0.000159546)
(0.00127637 0 0 0 0.000159547 0 0 0 0.000159547)
(0.00127638 0 0 0 0.000159548 0 0 0 0.000159548)
(0.00127639 0 0 0 0.000159548 0 0 0 0.000159548)
(0.00127639 0 0 0 0.000159549 0 0 0 0.000159549)
(0.0012764 0 0 0 0.00015955 0 0 0 0.00015955)
(0.00127641 0 0 0 0.000159551 0 0 0 0.000159551)
(0.00127642 0 0 0 0.000159553 0 0 0 0.000159553)
(0.00127643 0 0 0 0.000159554 0 0 0 0.000159554)
(0.00127644 0 0 0 0.000159556 0 0 0 0.000159556)
(0.00127646 0 0 0 0.000159557 0 0 0 0.000159557)
(0.00127647 0 0 0 0.000159559 0 0 0 0.000159559)
(0.00127649 0 0 0 0.000159561 0 0 0 0.000159561)
(0.00127651 0 0 0 0.000159563 0 0 0 0.000159563)
(0.00127653 0 0 0 0.000159566 0 0 0 0.000159566)
(0.00127655 0 0 0 0.000159568 0 0 0 0.000159568)
(0.00127657 0 0 0 0.000159571 0 0 0 0.000159571)
(0.00127659 0 0 0 0.000159574 0 0 0 0.000159574)
(0.00127662 0 0 0 0.000159578 0 0 0 0.000159578)
(0.00127665 0 0 0 0.000159581 0 0 0 0.000159581)
(0.00127668 0 0 0 0.000159585 0 0 0 0.000159585)
(0.00127672 0 0 0 0.00015959 0 0 0 0.00015959)
(0.00127675 0 0 0 0.000159594 0 0 0 0.000159594)
(0.00127679 0 0 0 0.000159599 0 0 0 0.000159599)
(0.00127684 0 0 0 0.000159605 0 0 0 0.000159605)
(0.00127688 0 0 0 0.000159611 0 0 0 0.000159611)
(0.00127693 0 0 0 0.000159617 0 0 0 0.000159617)
(0.00127699 0 0 0 0.000159624 0 0 0 0.000159624)
(0.00127705 0 0 0 0.000159631 0 0 0 0.000159631)
(0.00127711 0 0 0 0.000159639 0 0 0 0.000159639)
(0.00127718 0 0 0 0.000159647 0 0 0 0.000159647)
(0.00127725 0 0 0 0.000159656 0 0 0 0.000159656)
(0.00127732 0 0 0 0.000159665 0 0 0 0.000159665)
(0.00127741 0 0 0 0.000159676 0 0 0 0.000159676)
(0.00127749 0 0 0 0.000159687 0 0 0 0.000159687)
(0.00127758 0 0 0 0.000159698 0 0 0 0.000159698)
(0.00127768 0 0 0 0.00015971 0 0 0 0.00015971)
(0.00127779 0 0 0 0.000159723 0 0 0 0.000159723)
(0.0012779 0 0 0 0.000159737 0 0 0 0.000159737)
(0.00127802 0 0 0 0.000159752 0 0 0 0.000159752)
(0.00127814 0 0 0 0.000159768 0 0 0 0.000159768)
(0.00127827 0 0 0 0.000159784 0 0 0 0.000159784)
(0.00127841 0 0 0 0.000159802 0 0 0 0.000159802)
(0.00127856 0 0 0 0.00015982 0 0 0 0.00015982)
(0.00127872 0 0 0 0.00015984 0 0 0 0.00015984)
(0.00127888 0 0 0 0.00015986 0 0 0 0.00015986)
(0.00127906 0 0 0 0.000159882 0 0 0 0.000159882)
(0.00127924 0 0 0 0.000159905 0 0 0 0.000159905)
(0.00127943 0 0 0 0.000159929 0 0 0 0.000159929)
(0.00127963 0 0 0 0.000159954 0 0 0 0.000159954)
(0.00127985 0 0 0 0.000159981 0 0 0 0.000159981)
(0.00128007 0 0 0 0.000160008 0 0 0 0.000160008)
(0.0012803 0 0 0 0.000160038 0 0 0 0.000160038)
(0.00128054 0 0 0 0.000160068 0 0 0 0.000160068)
(0.0012808 0 0 0 0.0001601 0 0 0 0.0001601)
(0.00128107 0 0 0 0.000160133 0 0 0 0.000160133)
(0.00128135 0 0 0 0.000160168 0 0 0 0.000160168)
(0.00128164 0 0 0 0.000160205 0 0 0 0.000160205)
(0.00128194 0 0 0 0.000160243 0 0 0 0.000160243)
(0.00128226 0 0 0 0.000160282 0 0 0 0.000160282)
(0.00128259 0 0 0 0.000160323 0 0 0 0.000160323)
(0.00128293 0 0 0 0.000160366 0 0 0 0.000160366)
(0.00128329 0 0 0 0.000160411 0 0 0 0.000160411)
(0.00128366 0 0 0 0.000160457 0 0 0 0.000160457)
(0.00128404 0 0 0 0.000160505 0 0 0 0.000160505)
(0.00128444 0 0 0 0.000160555 0 0 0 0.000160555)
(0.00128486 0 0 0 0.000160607 0 0 0 0.000160607)
(0.00128529 0 0 0 0.000160661 0 0 0 0.000160661)
(0.00128573 0 0 0 0.000160716 0 0 0 0.000160716)
(0.00128619 0 0 0 0.000160774 0 0 0 0.000160774)
(0.00128667 0 0 0 0.000160833 0 0 0 0.000160833)
(0.00128716 0 0 0 0.000160895 0 0 0 0.000160895)
(0.00128767 0 0 0 0.000160958 0 0 0 0.000160958)
(0.00128819 0 0 0 0.000161024 0 0 0 0.000161024)
(0.00128873 0 0 0 0.000161091 0 0 0 0.000161091)
(0.00128929 0 0 0 0.000161161 0 0 0 0.000161161)
(0.00128986 0 0 0 0.000161233 0 0 0 0.000161233)
(0.00129045 0 0 0 0.000161307 0 0 0 0.000161307)
(0.00129106 0 0 0 0.000161383 0 0 0 0.000161383)
(0.00129169 0 0 0 0.000161461 0 0 0 0.000161461)
(0.00129233 0 0 0 0.000161541 0 0 0 0.000161541)
(0.00129299 0 0 0 0.000161624 0 0 0 0.000161624)
(0.00129367 0 0 0 0.000161709 0 0 0 0.000161709)
(0.00129437 0 0 0 0.000161796 0 0 0 0.000161796)
(0.00129509 0 0 0 0.000161886 0 0 0 0.000161886)
(0.00129582 0 0 0 0.000161978 0 0 0 0.000161978)
(0.00129657 0 0 0 0.000162072 0 0 0 0.000162072)
(0.00129735 0 0 0 0.000162168 0 0 0 0.000162168)
(0.00129814 0 0 0 0.000162267 0 0 0 0.000162267)
(0.00129895 0 0 0 0.000162368 0 0 0 0.000162368)
(0.00129977 0 0 0 0.000162472 0 0 0 0.000162472)
(0.00130062 0 0 0 0.000162578 0 0 0 0.000162578)
(0.00130149 0 0 0 0.000162686 0 0 0 0.000162686)
(0.00130238 0 0 0 0.000162797 0 0 0 0.000162797)
(0.00130329 0 0 0 0.000162911 0 0 0 0.000162911)
(0.00130422 0 0 0 0.000163027 0 0 0 0.000163027)
(0.00130517 0 0 0 0.000163146 0 0 0 0.000163146)
(0.00130614 0 0 0 0.000163267 0 0 0 0.000163267)
(0.00130713 0 0 0 0.000163392 0 0 0 0.000163392)
(0.00130815 0 0 0 0.000163519 0 0 0 0.000163519)
(0.00130919 0 0 0 0.000163649 0 0 0 0.000163649)
(0.00131025 0 0 0 0.000163781 0 0 0 0.000163781)
(0.00131134 0 0 0 0.000163918 0 0 0 0.000163918)
(0.00131246 0 0 0 0.000164057 0 0 0 0.000164057)
(0.0013136 0 0 0 0.0001642 0 0 0 0.0001642)
(0.00131478 0 0 0 0.000164347 0 0 0 0.000164347)
(0.00131552 0 0 0 0.00016444 0 0 0 0.00016444)
(0.00131589 0 0 0 0.000164487 0 0 0 0.000164487)
(0.0012352 0 0 0 0.0001544 0 0 0 0.0001544)
(0.00123552 0 0 0 0.00015444 0 0 0 0.00015444)
(0.00123618 0 0 0 0.000154523 0 0 0 0.000154523)
(0.00123706 0 0 0 0.000154633 0 0 0 0.000154633)
(0.00123794 0 0 0 0.000154743 0 0 0 0.000154743)
(0.00123882 0 0 0 0.000154852 0 0 0 0.000154852)
(0.00123968 0 0 0 0.00015496 0 0 0 0.00015496)
(0.00124054 0 0 0 0.000155067 0 0 0 0.000155067)
(0.00124139 0 0 0 0.000155174 0 0 0 0.000155174)
(0.00124223 0 0 0 0.000155279 0 0 0 0.000155279)
(0.00124306 0 0 0 0.000155383 0 0 0 0.000155383)
(0.00124389 0 0 0 0.000155486 0 0 0 0.000155486)
(0.0012447 0 0 0 0.000155587 0 0 0 0.000155587)
(0.00124551 0 0 0 0.000155688 0 0 0 0.000155688)
(0.0012463 0 0 0 0.000155788 0 0 0 0.000155788)
(0.00124709 0 0 0 0.000155886 0 0 0 0.000155886)
(0.00124787 0 0 0 0.000155983 0 0 0 0.000155983)
(0.00124863 0 0 0 0.000156079 0 0 0 0.000156079)
(0.00124939 0 0 0 0.000156174 0 0 0 0.000156174)
(0.00125014 0 0 0 0.000156267 0 0 0 0.000156267)
(0.00125088 0 0 0 0.00015636 0 0 0 0.00015636)
(0.0012516 0 0 0 0.00015645 0 0 0 0.00015645)
(0.00125232 0 0 0 0.00015654 0 0 0 0.00015654)
(0.00125303 0 0 0 0.000156628 0 0 0 0.000156628)
(0.00125372 0 0 0 0.000156715 0 0 0 0.000156715)
(0.0012544 0 0 0 0.000156801 0 0 0 0.000156801)
(0.00125508 0 0 0 0.000156885 0 0 0 0.000156885)
(0.00125574 0 0 0 0.000156968 0 0 0 0.000156968)
(0.00125639 0 0 0 0.000157049 0 0 0 0.000157049)
(0.00125703 0 0 0 0.000157129 0 0 0 0.000157129)
(0.00125766 0 0 0 0.000157207 0 0 0 0.000157207)
(0.00125828 0 0 0 0.000157285 0 0 0 0.000157285)
(0.00125888 0 0 0 0.00015736 0 0 0 0.00015736)
(0.00125948 0 0 0 0.000157434 0 0 0 0.000157434)
(0.00126006 0 0 0 0.000157507 0 0 0 0.000157507)
(0.00126063 0 0 0 0.000157579 0 0 0 0.000157579)
(0.00126119 0 0 0 0.000157648 0 0 0 0.000157648)
(0.00126173 0 0 0 0.000157717 0 0 0 0.000157717)
(0.00126227 0 0 0 0.000157784 0 0 0 0.000157784)
(0.00126279 0 0 0 0.000157849 0 0 0 0.000157849)
(0.0012633 0 0 0 0.000157913 0 0 0 0.000157913)
(0.0012638 0 0 0 0.000157976 0 0 0 0.000157976)
(0.00126429 0 0 0 0.000158037 0 0 0 0.000158037)
(0.00126477 0 0 0 0.000158096 0 0 0 0.000158096)
(0.00126523 0 0 0 0.000158154 0 0 0 0.000158154)
(0.00126568 0 0 0 0.000158211 0 0 0 0.000158211)
(0.00126613 0 0 0 0.000158266 0 0 0 0.000158266)
(0.00126655 0 0 0 0.000158319 0 0 0 0.000158319)
(0.00126697 0 0 0 0.000158371 0 0 0 0.000158371)
(0.00126738 0 0 0 0.000158422 0 0 0 0.000158422)
(0.00126777 0 0 0 0.000158471 0 0 0 0.000158471)
(0.00126815 0 0 0 0.000158519 0 0 0 0.000158519)
(0.00126852 0 0 0 0.000158565 0 0 0 0.000158565)
(0.00126888 0 0 0 0.00015861 0 0 0 0.00015861)
(0.00126923 0 0 0 0.000158654 0 0 0 0.000158654)
(0.00126957 0 0 0 0.000158696 0 0 0 0.000158696)
(0.00126989 0 0 0 0.000158737 0 0 0 0.000158737)
(0.00127021 0 0 0 0.000158776 0 0 0 0.000158776)
(0.00127051 0 0 0 0.000158814 0 0 0 0.000158814)
(0.00127081 0 0 0 0.000158851 0 0 0 0.000158851)
(0.00127109 0 0 0 0.000158886 0 0 0 0.000158886)
(0.00127136 0 0 0 0.00015892 0 0 0 0.00015892)
(0.00127162 0 0 0 0.000158953 0 0 0 0.000158953)
(0.00127187 0 0 0 0.000158984 0 0 0 0.000158984)
(0.00127212 0 0 0 0.000159015 0 0 0 0.000159015)
(0.00127235 0 0 0 0.000159044 0 0 0 0.000159044)
(0.00127257 0 0 0 0.000159072 0 0 0 0.000159072)
(0.00127279 0 0 0 0.000159098 0 0 0 0.000159098)
(0.00127299 0 0 0 0.000159124 0 0 0 0.000159124)
(0.00127319 0 0 0 0.000159148 0 0 0 0.000159148)
(0.00127337 0 0 0 0.000159172 0 0 0 0.000159172)
(0.00127355 0 0 0 0.000159194 0 0 0 0.000159194)
(0.00127372 0 0 0 0.000159215 0 0 0 0.000159215)
(0.00127388 0 0 0 0.000159236 0 0 0 0.000159236)
(0.00127404 0 0 0 0.000159255 0 0 0 0.000159255)
(0.00127419 0 0 0 0.000159273 0 0 0 0.000159273)
(0.00127432 0 0 0 0.000159291 0 0 0 0.000159291)
(0.00127446 0 0 0 0.000159307 0 0 0 0.000159307)
(0.00127458 0 0 0 0.000159323 0 0 0 0.000159323)
(0.0012747 0 0 0 0.000159338 0 0 0 0.000159338)
(0.00127481 0 0 0 0.000159352 0 0 0 0.000159352)
(0.00127492 0 0 0 0.000159365 0 0 0 0.000159365)
(0.00127502 0 0 0 0.000159377 0 0 0 0.000159377)
(0.00127511 0 0 0 0.000159389 0 0 0 0.000159389)
(0.0012752 0 0 0 0.0001594 0 0 0 0.0001594)
(0.00127529 0 0 0 0.000159411 0 0 0 0.000159411)
(0.00127537 0 0 0 0.000159421 0 0 0 0.000159421)
(0.00127544 0 0 0 0.00015943 0 0 0 0.00015943)
(0.00127551 0 0 0 0.000159438 0 0 0 0.000159438)
(0.00127557 0 0 0 0.000159447 0 0 0 0.000159447)
(0.00127563 0 0 0 0.000159454 0 0 0 0.000159454)
(0.00127569 0 0 0 0.000159461 0 0 0 0.000159461)
(0.00127574 0 0 0 0.000159468 0 0 0 0.000159468)
(0.00127579 0 0 0 0.000159474 0 0 0 0.000159474)
(0.00127584 0 0 0 0.000159479 0 0 0 0.000159479)
(0.00127588 0 0 0 0.000159485 0 0 0 0.000159485)
(0.00127592 0 0 0 0.00015949 0 0 0 0.00015949)
(0.00127595 0 0 0 0.000159494 0 0 0 0.000159494)
(0.00127599 0 0 0 0.000159498 0 0 0 0.000159498)
(0.00127602 0 0 0 0.000159502 0 0 0 0.000159502)
(0.00127605 0 0 0 0.000159506 0 0 0 0.000159506)
(0.00127607 0 0 0 0.000159509 0 0 0 0.000159509)
(0.0012761 0 0 0 0.000159512 0 0 0 0.000159512)
(0.00127612 0 0 0 0.000159515 0 0 0 0.000159515)
(0.00127614 0 0 0 0.000159517 0 0 0 0.000159517)
(0.00127616 0 0 0 0.00015952 0 0 0 0.00015952)
(0.00127617 0 0 0 0.000159522 0 0 0 0.000159522)
(0.00127619 0 0 0 0.000159524 0 0 0 0.000159524)
(0.0012762 0 0 0 0.000159526 0 0 0 0.000159526)
(0.00127622 0 0 0 0.000159527 0 0 0 0.000159527)
(0.00127623 0 0 0 0.000159529 0 0 0 0.000159529)
(0.00127624 0 0 0 0.00015953 0 0 0 0.00015953)
(0.00127625 0 0 0 0.000159531 0 0 0 0.000159531)
(0.00127626 0 0 0 0.000159532 0 0 0 0.000159532)
(0.00127627 0 0 0 0.000159533 0 0 0 0.000159533)
(0.00127627 0 0 0 0.000159534 0 0 0 0.000159534)
(0.00127628 0 0 0 0.000159535 0 0 0 0.000159535)
(0.00127628 0 0 0 0.000159536 0 0 0 0.000159536)
(0.00127629 0 0 0 0.000159536 0 0 0 0.000159536)
(0.00127629 0 0 0 0.000159537 0 0 0 0.000159537)
(0.0012763 0 0 0 0.000159537 0 0 0 0.000159537)
(0.0012763 0 0 0 0.000159538 0 0 0 0.000159538)
(0.00127631 0 0 0 0.000159538 0 0 0 0.000159538)
(0.00127631 0 0 0 0.000159539 0 0 0 0.000159539)
(0.00127631 0 0 0 0.000159539 0 0 0 0.000159539)
(0.00127631 0 0 0 0.000159539 0 0 0 0.000159539)
(0.00127631 0 0 0 0.000159539 0 0 0 0.000159539)
(0.00127632 0 0 0 0.00015954 0 0 0 0.00015954)
(0.00127632 0 0 0 0.00015954 0 0 0 0.00015954)
(0.00127632 0 0 0 0.00015954 0 0 0 0.00015954)
(0.00127632 0 0 0 0.00015954 0 0 0 0.00015954)
(0.00127632 0 0 0 0.00015954 0 0 0 0.00015954)
(0.00127632 0 0 0 0.00015954 0 0 0 0.00015954)
(0.00127632 0 0 0 0.00015954 0 0 0 0.00015954)
(0.00127632 0 0 0 0.000159541 0 0 0 0.000159541)
(0.00127633 0 0 0 0.000159541 0 0 0 0.000159541)
(0.00127633 0 0 0 0.000159541 0 0 0 0.000159541)
(0.00127633 0 0 0 0.000159541 0 0 0 0.000159541)
(0.00127633 0 0 0 0.000159541 0 0 0 0.000159541)
(0.00127633 0 0 0 0.000159541 0 0 0 0.000159541)
(0.00127633 0 0 0 0.000159541 0 0 0 0.000159541)
(0.00127633 0 0 0 0.000159541 0 0 0 0.000159541)
(0.00127633 0 0 0 0.000159541 0 0 0 0.000159541)
(0.00127633 0 0 0 0.000159541 0 0 0 0.000159541)
(0.00127633 0 0 0 0.000159541 0 0 0 0.000159541)
(0.00127633 0 0 0 0.000159541 0 0 0 0.000159541)
(0.00127633 0 0 0 0.000159541 0 0 0 0.000159541)
(0.00127633 0 0 0 0.000159542 0 0 0 0.000159542)
(0.00127633 0 0 0 0.000159542 0 0 0 0.000159542)
(0.00127633 0 0 0 0.000159542 0 0 0 0.000159542)
(0.00127634 0 0 0 0.000159542 0 0 0 0.000159542)
(0.00127634 0 0 0 0.000159542 0 0 0 0.000159542)
(0.00127634 0 0 0 0.000159542 0 0 0 0.000159542)
(0.00127634 0 0 0 0.000159543 0 0 0 0.000159543)
(0.00127634 0 0 0 0.000159543 0 0 0 0.000159543)
(0.00127634 0 0 0 0.000159543 0 0 0 0.000159543)
(0.00127635 0 0 0 0.000159543 0 0 0 0.000159543)
(0.00127635 0 0 0 0.000159544 0 0 0 0.000159544)
(0.00127635 0 0 0 0.000159544 0 0 0 0.000159544)
(0.00127636 0 0 0 0.000159545 0 0 0 0.000159545)
(0.00127636 0 0 0 0.000159545 0 0 0 0.000159545)
(0.00127636 0 0 0 0.000159546 0 0 0 0.000159546)
(0.00127637 0 0 0 0.000159546 0 0 0 0.000159546)
(0.00127637 0 0 0 0.000159547 0 0 0 0.000159547)
(0.00127638 0 0 0 0.000159548 0 0 0 0.000159548)
(0.00127639 0 0 0 0.000159548 0 0 0 0.000159548)
(0.00127639 0 0 0 0.000159549 0 0 0 0.000159549)
(0.0012764 0 0 0 0.00015955 0 0 0 0.00015955)
(0.00127641 0 0 0 0.000159552 0 0 0 0.000159552)
(0.00127642 0 0 0 0.000159553 0 0 0 0.000159553)
(0.00127643 0 0 0 0.000159554 0 0 0 0.000159554)
(0.00127645 0 0 0 0.000159556 0 0 0 0.000159556)
(0.00127646 0 0 0 0.000159557 0 0 0 0.000159557)
(0.00127647 0 0 0 0.000159559 0 0 0 0.000159559)
(0.00127649 0 0 0 0.000159561 0 0 0 0.000159561)
(0.00127651 0 0 0 0.000159563 0 0 0 0.000159563)
(0.00127653 0 0 0 0.000159566 0 0 0 0.000159566)
(0.00127655 0 0 0 0.000159568 0 0 0 0.000159568)
(0.00127657 0 0 0 0.000159571 0 0 0 0.000159571)
(0.00127659 0 0 0 0.000159574 0 0 0 0.000159574)
(0.00127662 0 0 0 0.000159578 0 0 0 0.000159578)
(0.00127665 0 0 0 0.000159581 0 0 0 0.000159581)
(0.00127668 0 0 0 0.000159585 0 0 0 0.000159585)
(0.00127672 0 0 0 0.00015959 0 0 0 0.00015959)
(0.00127675 0 0 0 0.000159594 0 0 0 0.000159594)
(0.0012768 0 0 0 0.000159599 0 0 0 0.000159599)
(0.00127684 0 0 0 0.000159605 0 0 0 0.000159605)
(0.00127689 0 0 0 0.000159611 0 0 0 0.000159611)
(0.00127694 0 0 0 0.000159617 0 0 0 0.000159617)
(0.00127699 0 0 0 0.000159624 0 0 0 0.000159624)
(0.00127705 0 0 0 0.000159631 0 0 0 0.000159631)
(0.00127711 0 0 0 0.000159639 0 0 0 0.000159639)
(0.00127718 0 0 0 0.000159647 0 0 0 0.000159647)
(0.00127725 0 0 0 0.000159656 0 0 0 0.000159656)
(0.00127733 0 0 0 0.000159666 0 0 0 0.000159666)
(0.00127741 0 0 0 0.000159676 0 0 0 0.000159676)
(0.00127749 0 0 0 0.000159687 0 0 0 0.000159687)
(0.00127759 0 0 0 0.000159698 0 0 0 0.000159698)
(0.00127769 0 0 0 0.000159711 0 0 0 0.000159711)
(0.00127779 0 0 0 0.000159724 0 0 0 0.000159724)
(0.0012779 0 0 0 0.000159738 0 0 0 0.000159738)
(0.00127802 0 0 0 0.000159752 0 0 0 0.000159752)
(0.00127814 0 0 0 0.000159768 0 0 0 0.000159768)
(0.00127828 0 0 0 0.000159785 0 0 0 0.000159785)
(0.00127842 0 0 0 0.000159802 0 0 0 0.000159802)
(0.00127857 0 0 0 0.000159821 0 0 0 0.000159821)
(0.00127872 0 0 0 0.00015984 0 0 0 0.00015984)
(0.00127889 0 0 0 0.000159861 0 0 0 0.000159861)
(0.00127906 0 0 0 0.000159883 0 0 0 0.000159883)
(0.00127924 0 0 0 0.000159905 0 0 0 0.000159905)
(0.00127944 0 0 0 0.000159929 0 0 0 0.000159929)
(0.00127964 0 0 0 0.000159955 0 0 0 0.000159955)
(0.00127985 0 0 0 0.000159981 0 0 0 0.000159981)
(0.00128007 0 0 0 0.000160009 0 0 0 0.000160009)
(0.00128031 0 0 0 0.000160038 0 0 0 0.000160038)
(0.00128055 0 0 0 0.000160069 0 0 0 0.000160069)
(0.00128081 0 0 0 0.000160101 0 0 0 0.000160101)
(0.00128107 0 0 0 0.000160134 0 0 0 0.000160134)
(0.00128135 0 0 0 0.000160169 0 0 0 0.000160169)
(0.00128164 0 0 0 0.000160206 0 0 0 0.000160206)
(0.00128195 0 0 0 0.000160244 0 0 0 0.000160244)
(0.00128227 0 0 0 0.000160283 0 0 0 0.000160283)
(0.0012826 0 0 0 0.000160324 0 0 0 0.000160324)
(0.00128294 0 0 0 0.000160367 0 0 0 0.000160367)
(0.0012833 0 0 0 0.000160412 0 0 0 0.000160412)
(0.00128367 0 0 0 0.000160458 0 0 0 0.000160458)
(0.00128405 0 0 0 0.000160507 0 0 0 0.000160507)
(0.00128445 0 0 0 0.000160557 0 0 0 0.000160557)
(0.00128487 0 0 0 0.000160608 0 0 0 0.000160608)
(0.0012853 0 0 0 0.000160662 0 0 0 0.000160662)
(0.00128574 0 0 0 0.000160718 0 0 0 0.000160718)
(0.0012862 0 0 0 0.000160775 0 0 0 0.000160775)
(0.00128668 0 0 0 0.000160835 0 0 0 0.000160835)
(0.00128717 0 0 0 0.000160896 0 0 0 0.000160896)
(0.00128768 0 0 0 0.00016096 0 0 0 0.00016096)
(0.0012882 0 0 0 0.000161025 0 0 0 0.000161025)
(0.00128874 0 0 0 0.000161093 0 0 0 0.000161093)
(0.0012893 0 0 0 0.000161163 0 0 0 0.000161163)
(0.00128988 0 0 0 0.000161235 0 0 0 0.000161235)
(0.00129047 0 0 0 0.000161309 0 0 0 0.000161309)
(0.00129108 0 0 0 0.000161385 0 0 0 0.000161385)
(0.00129171 0 0 0 0.000161463 0 0 0 0.000161463)
(0.00129235 0 0 0 0.000161544 0 0 0 0.000161544)
(0.00129301 0 0 0 0.000161627 0 0 0 0.000161627)
(0.00129369 0 0 0 0.000161712 0 0 0 0.000161712)
(0.00129439 0 0 0 0.000161799 0 0 0 0.000161799)
(0.00129511 0 0 0 0.000161888 0 0 0 0.000161888)
(0.00129584 0 0 0 0.00016198 0 0 0 0.00016198)
(0.0012966 0 0 0 0.000162075 0 0 0 0.000162075)
(0.00129737 0 0 0 0.000162171 0 0 0 0.000162171)
(0.00129816 0 0 0 0.00016227 0 0 0 0.00016227)
(0.00129897 0 0 0 0.000162372 0 0 0 0.000162372)
(0.0012998 0 0 0 0.000162476 0 0 0 0.000162476)
(0.00130065 0 0 0 0.000162582 0 0 0 0.000162582)
(0.00130152 0 0 0 0.000162691 0 0 0 0.000162691)
(0.00130241 0 0 0 0.000162802 0 0 0 0.000162802)
(0.00130333 0 0 0 0.000162916 0 0 0 0.000162916)
(0.00130426 0 0 0 0.000163032 0 0 0 0.000163032)
(0.00130521 0 0 0 0.000163151 0 0 0 0.000163151)
(0.00130618 0 0 0 0.000163273 0 0 0 0.000163273)
(0.00130718 0 0 0 0.000163398 0 0 0 0.000163398)
(0.0013082 0 0 0 0.000163525 0 0 0 0.000163525)
(0.00130924 0 0 0 0.000163655 0 0 0 0.000163655)
(0.00131031 0 0 0 0.000163788 0 0 0 0.000163788)
(0.0013114 0 0 0 0.000163925 0 0 0 0.000163925)
(0.00131252 0 0 0 0.000164064 0 0 0 0.000164064)
(0.00131366 0 0 0 0.000164208 0 0 0 0.000164208)
(0.00131485 0 0 0 0.000164356 0 0 0 0.000164356)
(0.00131557 0 0 0 0.000164447 0 0 0 0.000164447)
(0.00131594 0 0 0 0.000164492 0 0 0 0.000164492)
(0.00123517 0 0 0 0.000154396 0 0 0 0.000154396)
(0.00123548 0 0 0 0.000154435 0 0 0 0.000154435)
(0.00123612 0 0 0 0.000154515 0 0 0 0.000154515)
(0.00123703 0 0 0 0.000154628 0 0 0 0.000154628)
(0.00123792 0 0 0 0.00015474 0 0 0 0.00015474)
(0.0012388 0 0 0 0.00015485 0 0 0 0.00015485)
(0.00123968 0 0 0 0.000154959 0 0 0 0.000154959)
(0.00124054 0 0 0 0.000155067 0 0 0 0.000155067)
(0.00124139 0 0 0 0.000155174 0 0 0 0.000155174)
(0.00124224 0 0 0 0.00015528 0 0 0 0.00015528)
(0.00124307 0 0 0 0.000155384 0 0 0 0.000155384)
(0.0012439 0 0 0 0.000155487 0 0 0 0.000155487)
(0.00124471 0 0 0 0.000155589 0 0 0 0.000155589)
(0.00124552 0 0 0 0.00015569 0 0 0 0.00015569)
(0.00124632 0 0 0 0.000155789 0 0 0 0.000155789)
(0.0012471 0 0 0 0.000155888 0 0 0 0.000155888)
(0.00124788 0 0 0 0.000155985 0 0 0 0.000155985)
(0.00124865 0 0 0 0.000156081 0 0 0 0.000156081)
(0.00124941 0 0 0 0.000156176 0 0 0 0.000156176)
(0.00125015 0 0 0 0.000156269 0 0 0 0.000156269)
(0.00125089 0 0 0 0.000156361 0 0 0 0.000156361)
(0.00125162 0 0 0 0.000156452 0 0 0 0.000156452)
(0.00125233 0 0 0 0.000156542 0 0 0 0.000156542)
(0.00125304 0 0 0 0.00015663 0 0 0 0.00015663)
(0.00125373 0 0 0 0.000156717 0 0 0 0.000156717)
(0.00125442 0 0 0 0.000156802 0 0 0 0.000156802)
(0.00125509 0 0 0 0.000156886 0 0 0 0.000156886)
(0.00125575 0 0 0 0.000156969 0 0 0 0.000156969)
(0.0012564 0 0 0 0.00015705 0 0 0 0.00015705)
(0.00125704 0 0 0 0.00015713 0 0 0 0.00015713)
(0.00125767 0 0 0 0.000157209 0 0 0 0.000157209)
(0.00125829 0 0 0 0.000157286 0 0 0 0.000157286)
(0.00125889 0 0 0 0.000157362 0 0 0 0.000157362)
(0.00125949 0 0 0 0.000157436 0 0 0 0.000157436)
(0.00126007 0 0 0 0.000157509 0 0 0 0.000157509)
(0.00126064 0 0 0 0.00015758 0 0 0 0.00015758)
(0.0012612 0 0 0 0.00015765 0 0 0 0.00015765)
(0.00126174 0 0 0 0.000157718 0 0 0 0.000157718)
(0.00126228 0 0 0 0.000157785 0 0 0 0.000157785)
(0.0012628 0 0 0 0.00015785 0 0 0 0.00015785)
(0.00126331 0 0 0 0.000157914 0 0 0 0.000157914)
(0.00126381 0 0 0 0.000157977 0 0 0 0.000157977)
(0.0012643 0 0 0 0.000158038 0 0 0 0.000158038)
(0.00126478 0 0 0 0.000158097 0 0 0 0.000158097)
(0.00126524 0 0 0 0.000158155 0 0 0 0.000158155)
(0.00126569 0 0 0 0.000158212 0 0 0 0.000158212)
(0.00126613 0 0 0 0.000158267 0 0 0 0.000158267)
(0.00126656 0 0 0 0.00015832 0 0 0 0.00015832)
(0.00126698 0 0 0 0.000158372 0 0 0 0.000158372)
(0.00126738 0 0 0 0.000158423 0 0 0 0.000158423)
(0.00126778 0 0 0 0.000158472 0 0 0 0.000158472)
(0.00126816 0 0 0 0.00015852 0 0 0 0.00015852)
(0.00126853 0 0 0 0.000158566 0 0 0 0.000158566)
(0.00126889 0 0 0 0.000158611 0 0 0 0.000158611)
(0.00126924 0 0 0 0.000158654 0 0 0 0.000158654)
(0.00126957 0 0 0 0.000158697 0 0 0 0.000158697)
(0.0012699 0 0 0 0.000158737 0 0 0 0.000158737)
(0.00127021 0 0 0 0.000158777 0 0 0 0.000158777)
(0.00127052 0 0 0 0.000158815 0 0 0 0.000158815)
(0.00127081 0 0 0 0.000158851 0 0 0 0.000158851)
(0.00127109 0 0 0 0.000158887 0 0 0 0.000158887)
(0.00127136 0 0 0 0.000158921 0 0 0 0.000158921)
(0.00127163 0 0 0 0.000158953 0 0 0 0.000158953)
(0.00127188 0 0 0 0.000158985 0 0 0 0.000158985)
(0.00127212 0 0 0 0.000159015 0 0 0 0.000159015)
(0.00127235 0 0 0 0.000159044 0 0 0 0.000159044)
(0.00127258 0 0 0 0.000159072 0 0 0 0.000159072)
(0.00127279 0 0 0 0.000159099 0 0 0 0.000159099)
(0.00127299 0 0 0 0.000159124 0 0 0 0.000159124)
(0.00127319 0 0 0 0.000159149 0 0 0 0.000159149)
(0.00127338 0 0 0 0.000159172 0 0 0 0.000159172)
(0.00127355 0 0 0 0.000159194 0 0 0 0.000159194)
(0.00127372 0 0 0 0.000159216 0 0 0 0.000159216)
(0.00127389 0 0 0 0.000159236 0 0 0 0.000159236)
(0.00127404 0 0 0 0.000159255 0 0 0 0.000159255)
(0.00127419 0 0 0 0.000159273 0 0 0 0.000159273)
(0.00127433 0 0 0 0.000159291 0 0 0 0.000159291)
(0.00127446 0 0 0 0.000159307 0 0 0 0.000159307)
(0.00127458 0 0 0 0.000159323 0 0 0 0.000159323)
(0.0012747 0 0 0 0.000159338 0 0 0 0.000159338)
(0.00127482 0 0 0 0.000159352 0 0 0 0.000159352)
(0.00127492 0 0 0 0.000159365 0 0 0 0.000159365)
(0.00127502 0 0 0 0.000159378 0 0 0 0.000159378)
(0.00127512 0 0 0 0.000159389 0 0 0 0.000159389)
(0.0012752 0 0 0 0.000159401 0 0 0 0.000159401)
(0.00127529 0 0 0 0.000159411 0 0 0 0.000159411)
(0.00127537 0 0 0 0.000159421 0 0 0 0.000159421)
(0.00127544 0 0 0 0.00015943 0 0 0 0.00015943)
(0.00127551 0 0 0 0.000159439 0 0 0 0.000159439)
(0.00127557 0 0 0 0.000159447 0 0 0 0.000159447)
(0.00127563 0 0 0 0.000159454 0 0 0 0.000159454)
(0.00127569 0 0 0 0.000159461 0 0 0 0.000159461)
(0.00127574 0 0 0 0.000159468 0 0 0 0.000159468)
(0.00127579 0 0 0 0.000159474 0 0 0 0.000159474)
(0.00127584 0 0 0 0.00015948 0 0 0 0.00015948)
(0.00127588 0 0 0 0.000159485 0 0 0 0.000159485)
(0.00127592 0 0 0 0.00015949 0 0 0 0.00015949)
(0.00127595 0 0 0 0.000159494 0 0 0 0.000159494)
(0.00127599 0 0 0 0.000159498 0 0 0 0.000159498)
(0.00127602 0 0 0 0.000159502 0 0 0 0.000159502)
(0.00127605 0 0 0 0.000159506 0 0 0 0.000159506)
(0.00127607 0 0 0 0.000159509 0 0 0 0.000159509)
(0.0012761 0 0 0 0.000159512 0 0 0 0.000159512)
(0.00127612 0 0 0 0.000159515 0 0 0 0.000159515)
(0.00127614 0 0 0 0.000159517 0 0 0 0.000159517)
(0.00127616 0 0 0 0.00015952 0 0 0 0.00015952)
(0.00127617 0 0 0 0.000159522 0 0 0 0.000159522)
(0.00127619 0 0 0 0.000159524 0 0 0 0.000159524)
(0.0012762 0 0 0 0.000159526 0 0 0 0.000159526)
(0.00127622 0 0 0 0.000159527 0 0 0 0.000159527)
(0.00127623 0 0 0 0.000159529 0 0 0 0.000159529)
(0.00127624 0 0 0 0.00015953 0 0 0 0.00015953)
(0.00127625 0 0 0 0.000159531 0 0 0 0.000159531)
(0.00127626 0 0 0 0.000159532 0 0 0 0.000159532)
(0.00127627 0 0 0 0.000159533 0 0 0 0.000159533)
(0.00127627 0 0 0 0.000159534 0 0 0 0.000159534)
(0.00127628 0 0 0 0.000159535 0 0 0 0.000159535)
(0.00127628 0 0 0 0.000159536 0 0 0 0.000159536)
(0.00127629 0 0 0 0.000159536 0 0 0 0.000159536)
(0.00127629 0 0 0 0.000159537 0 0 0 0.000159537)
(0.0012763 0 0 0 0.000159537 0 0 0 0.000159537)
(0.0012763 0 0 0 0.000159538 0 0 0 0.000159538)
(0.00127631 0 0 0 0.000159538 0 0 0 0.000159538)
(0.00127631 0 0 0 0.000159539 0 0 0 0.000159539)
(0.00127631 0 0 0 0.000159539 0 0 0 0.000159539)
(0.00127631 0 0 0 0.000159539 0 0 0 0.000159539)
(0.00127631 0 0 0 0.000159539 0 0 0 0.000159539)
(0.00127632 0 0 0 0.00015954 0 0 0 0.00015954)
(0.00127632 0 0 0 0.00015954 0 0 0 0.00015954)
(0.00127632 0 0 0 0.00015954 0 0 0 0.00015954)
(0.00127632 0 0 0 0.00015954 0 0 0 0.00015954)
(0.00127632 0 0 0 0.00015954 0 0 0 0.00015954)
(0.00127632 0 0 0 0.00015954 0 0 0 0.00015954)
(0.00127632 0 0 0 0.00015954 0 0 0 0.00015954)
(0.00127632 0 0 0 0.000159541 0 0 0 0.000159541)
(0.00127633 0 0 0 0.000159541 0 0 0 0.000159541)
(0.00127633 0 0 0 0.000159541 0 0 0 0.000159541)
(0.00127633 0 0 0 0.000159541 0 0 0 0.000159541)
(0.00127633 0 0 0 0.000159541 0 0 0 0.000159541)
(0.00127633 0 0 0 0.000159541 0 0 0 0.000159541)
(0.00127633 0 0 0 0.000159541 0 0 0 0.000159541)
(0.00127633 0 0 0 0.000159541 0 0 0 0.000159541)
(0.00127633 0 0 0 0.000159541 0 0 0 0.000159541)
(0.00127633 0 0 0 0.000159541 0 0 0 0.000159541)
(0.00127633 0 0 0 0.000159541 0 0 0 0.000159541)
(0.00127633 0 0 0 0.000159541 0 0 0 0.000159541)
(0.00127633 0 0 0 0.000159541 0 0 0 0.000159541)
(0.00127633 0 0 0 0.000159542 0 0 0 0.000159542)
(0.00127633 0 0 0 0.000159542 0 0 0 0.000159542)
(0.00127633 0 0 0 0.000159542 0 0 0 0.000159542)
(0.00127634 0 0 0 0.000159542 0 0 0 0.000159542)
(0.00127634 0 0 0 0.000159542 0 0 0 0.000159542)
(0.00127634 0 0 0 0.000159542 0 0 0 0.000159542)
(0.00127634 0 0 0 0.000159543 0 0 0 0.000159543)
(0.00127634 0 0 0 0.000159543 0 0 0 0.000159543)
(0.00127634 0 0 0 0.000159543 0 0 0 0.000159543)
(0.00127635 0 0 0 0.000159543 0 0 0 0.000159543)
(0.00127635 0 0 0 0.000159544 0 0 0 0.000159544)
(0.00127635 0 0 0 0.000159544 0 0 0 0.000159544)
(0.00127636 0 0 0 0.000159545 0 0 0 0.000159545)
(0.00127636 0 0 0 0.000159545 0 0 0 0.000159545)
(0.00127636 0 0 0 0.000159546 0 0 0 0.000159546)
(0.00127637 0 0 0 0.000159546 0 0 0 0.000159546)
(0.00127637 0 0 0 0.000159547 0 0 0 0.000159547)
(0.00127638 0 0 0 0.000159548 0 0 0 0.000159548)
(0.00127639 0 0 0 0.000159548 0 0 0 0.000159548)
(0.00127639 0 0 0 0.000159549 0 0 0 0.000159549)
(0.0012764 0 0 0 0.00015955 0 0 0 0.00015955)
(0.00127641 0 0 0 0.000159552 0 0 0 0.000159552)
(0.00127642 0 0 0 0.000159553 0 0 0 0.000159553)
(0.00127643 0 0 0 0.000159554 0 0 0 0.000159554)
(0.00127645 0 0 0 0.000159556 0 0 0 0.000159556)
(0.00127646 0 0 0 0.000159557 0 0 0 0.000159557)
(0.00127647 0 0 0 0.000159559 0 0 0 0.000159559)
(0.00127649 0 0 0 0.000159561 0 0 0 0.000159561)
(0.00127651 0 0 0 0.000159563 0 0 0 0.000159563)
(0.00127653 0 0 0 0.000159566 0 0 0 0.000159566)
(0.00127655 0 0 0 0.000159568 0 0 0 0.000159568)
(0.00127657 0 0 0 0.000159571 0 0 0 0.000159571)
(0.0012766 0 0 0 0.000159574 0 0 0 0.000159574)
(0.00127662 0 0 0 0.000159578 0 0 0 0.000159578)
(0.00127665 0 0 0 0.000159581 0 0 0 0.000159581)
(0.00127668 0 0 0 0.000159585 0 0 0 0.000159585)
(0.00127672 0 0 0 0.00015959 0 0 0 0.00015959)
(0.00127676 0 0 0 0.000159594 0 0 0 0.000159594)
(0.0012768 0 0 0 0.000159599 0 0 0 0.000159599)
(0.00127684 0 0 0 0.000159605 0 0 0 0.000159605)
(0.00127689 0 0 0 0.000159611 0 0 0 0.000159611)
(0.00127694 0 0 0 0.000159617 0 0 0 0.000159617)
(0.00127699 0 0 0 0.000159624 0 0 0 0.000159624)
(0.00127705 0 0 0 0.000159631 0 0 0 0.000159631)
(0.00127711 0 0 0 0.000159639 0 0 0 0.000159639)
(0.00127718 0 0 0 0.000159647 0 0 0 0.000159647)
(0.00127725 0 0 0 0.000159656 0 0 0 0.000159656)
(0.00127733 0 0 0 0.000159666 0 0 0 0.000159666)
(0.00127741 0 0 0 0.000159676 0 0 0 0.000159676)
(0.0012775 0 0 0 0.000159687 0 0 0 0.000159687)
(0.00127759 0 0 0 0.000159699 0 0 0 0.000159699)
(0.00127769 0 0 0 0.000159711 0 0 0 0.000159711)
(0.00127779 0 0 0 0.000159724 0 0 0 0.000159724)
(0.0012779 0 0 0 0.000159738 0 0 0 0.000159738)
(0.00127802 0 0 0 0.000159753 0 0 0 0.000159753)
(0.00127815 0 0 0 0.000159768 0 0 0 0.000159768)
(0.00127828 0 0 0 0.000159785 0 0 0 0.000159785)
(0.00127842 0 0 0 0.000159802 0 0 0 0.000159802)
(0.00127857 0 0 0 0.000159821 0 0 0 0.000159821)
(0.00127872 0 0 0 0.000159841 0 0 0 0.000159841)
(0.00127889 0 0 0 0.000159861 0 0 0 0.000159861)
(0.00127906 0 0 0 0.000159883 0 0 0 0.000159883)
(0.00127925 0 0 0 0.000159906 0 0 0 0.000159906)
(0.00127944 0 0 0 0.00015993 0 0 0 0.00015993)
(0.00127964 0 0 0 0.000159955 0 0 0 0.000159955)
(0.00127985 0 0 0 0.000159982 0 0 0 0.000159982)
(0.00128008 0 0 0 0.00016001 0 0 0 0.00016001)
(0.00128031 0 0 0 0.000160039 0 0 0 0.000160039)
(0.00128055 0 0 0 0.000160069 0 0 0 0.000160069)
(0.00128081 0 0 0 0.000160101 0 0 0 0.000160101)
(0.00128108 0 0 0 0.000160135 0 0 0 0.000160135)
(0.00128136 0 0 0 0.00016017 0 0 0 0.00016017)
(0.00128165 0 0 0 0.000160206 0 0 0 0.000160206)
(0.00128195 0 0 0 0.000160244 0 0 0 0.000160244)
(0.00128227 0 0 0 0.000160284 0 0 0 0.000160284)
(0.0012826 0 0 0 0.000160325 0 0 0 0.000160325)
(0.00128295 0 0 0 0.000160368 0 0 0 0.000160368)
(0.0012833 0 0 0 0.000160413 0 0 0 0.000160413)
(0.00128367 0 0 0 0.000160459 0 0 0 0.000160459)
(0.00128406 0 0 0 0.000160507 0 0 0 0.000160507)
(0.00128446 0 0 0 0.000160557 0 0 0 0.000160557)
(0.00128487 0 0 0 0.000160609 0 0 0 0.000160609)
(0.0012853 0 0 0 0.000160663 0 0 0 0.000160663)
(0.00128575 0 0 0 0.000160719 0 0 0 0.000160719)
(0.00128621 0 0 0 0.000160776 0 0 0 0.000160776)
(0.00128669 0 0 0 0.000160836 0 0 0 0.000160836)
(0.00128718 0 0 0 0.000160897 0 0 0 0.000160897)
(0.00128769 0 0 0 0.000160961 0 0 0 0.000160961)
(0.00128821 0 0 0 0.000161027 0 0 0 0.000161027)
(0.00128875 0 0 0 0.000161094 0 0 0 0.000161094)
(0.00128931 0 0 0 0.000161164 0 0 0 0.000161164)
(0.00128989 0 0 0 0.000161236 0 0 0 0.000161236)
(0.00129048 0 0 0 0.00016131 0 0 0 0.00016131)
(0.00129109 0 0 0 0.000161386 0 0 0 0.000161386)
(0.00129172 0 0 0 0.000161465 0 0 0 0.000161465)
(0.00129236 0 0 0 0.000161545 0 0 0 0.000161545)
(0.00129303 0 0 0 0.000161628 0 0 0 0.000161628)
(0.00129371 0 0 0 0.000161713 0 0 0 0.000161713)
(0.00129441 0 0 0 0.000161801 0 0 0 0.000161801)
(0.00129512 0 0 0 0.00016189 0 0 0 0.00016189)
(0.00129586 0 0 0 0.000161983 0 0 0 0.000161983)
(0.00129661 0 0 0 0.000162077 0 0 0 0.000162077)
(0.00129739 0 0 0 0.000162174 0 0 0 0.000162174)
(0.00129818 0 0 0 0.000162273 0 0 0 0.000162273)
(0.00129899 0 0 0 0.000162374 0 0 0 0.000162374)
(0.00129983 0 0 0 0.000162478 0 0 0 0.000162478)
(0.00130068 0 0 0 0.000162585 0 0 0 0.000162585)
(0.00130155 0 0 0 0.000162694 0 0 0 0.000162694)
(0.00130244 0 0 0 0.000162805 0 0 0 0.000162805)
(0.00130335 0 0 0 0.000162919 0 0 0 0.000162919)
(0.00130429 0 0 0 0.000163036 0 0 0 0.000163036)
(0.00130524 0 0 0 0.000163155 0 0 0 0.000163155)
(0.00130622 0 0 0 0.000163277 0 0 0 0.000163277)
(0.00130721 0 0 0 0.000163402 0 0 0 0.000163402)
(0.00130823 0 0 0 0.000163529 0 0 0 0.000163529)
(0.00130928 0 0 0 0.00016366 0 0 0 0.00016366)
(0.00131034 0 0 0 0.000163793 0 0 0 0.000163793)
(0.00131144 0 0 0 0.000163929 0 0 0 0.000163929)
(0.00131255 0 0 0 0.000164069 0 0 0 0.000164069)
(0.0013137 0 0 0 0.000164212 0 0 0 0.000164212)
(0.00131487 0 0 0 0.000164359 0 0 0 0.000164359)
(0.00131563 0 0 0 0.000164454 0 0 0 0.000164454)
(0.00131599 0 0 0 0.000164499 0 0 0 0.000164499)
(0.00123512 0 0 0 0.000154391 0 0 0 0.000154391)
(0.00123543 0 0 0 0.000154428 0 0 0 0.000154428)
(0.00123607 0 0 0 0.000154509 0 0 0 0.000154509)
(0.001237 0 0 0 0.000154624 0 0 0 0.000154624)
(0.0012379 0 0 0 0.000154738 0 0 0 0.000154738)
(0.00123879 0 0 0 0.000154849 0 0 0 0.000154849)
(0.00123967 0 0 0 0.000154959 0 0 0 0.000154959)
(0.00124054 0 0 0 0.000155067 0 0 0 0.000155067)
(0.0012414 0 0 0 0.000155175 0 0 0 0.000155175)
(0.00124224 0 0 0 0.00015528 0 0 0 0.00015528)
(0.00124308 0 0 0 0.000155385 0 0 0 0.000155385)
(0.0012439 0 0 0 0.000155488 0 0 0 0.000155488)
(0.00124472 0 0 0 0.00015559 0 0 0 0.00015559)
(0.00124553 0 0 0 0.000155691 0 0 0 0.000155691)
(0.00124632 0 0 0 0.000155791 0 0 0 0.000155791)
(0.00124711 0 0 0 0.000155889 0 0 0 0.000155889)
(0.00124789 0 0 0 0.000155986 0 0 0 0.000155986)
(0.00124866 0 0 0 0.000156082 0 0 0 0.000156082)
(0.00124941 0 0 0 0.000156177 0 0 0 0.000156177)
(0.00125016 0 0 0 0.00015627 0 0 0 0.00015627)
(0.0012509 0 0 0 0.000156362 0 0 0 0.000156362)
(0.00125163 0 0 0 0.000156453 0 0 0 0.000156453)
(0.00125234 0 0 0 0.000156543 0 0 0 0.000156543)
(0.00125305 0 0 0 0.000156631 0 0 0 0.000156631)
(0.00125374 0 0 0 0.000156718 0 0 0 0.000156718)
(0.00125443 0 0 0 0.000156803 0 0 0 0.000156803)
(0.0012551 0 0 0 0.000156887 0 0 0 0.000156887)
(0.00125576 0 0 0 0.00015697 0 0 0 0.00015697)
(0.00125641 0 0 0 0.000157051 0 0 0 0.000157051)
(0.00125705 0 0 0 0.000157131 0 0 0 0.000157131)
(0.00125768 0 0 0 0.00015721 0 0 0 0.00015721)
(0.0012583 0 0 0 0.000157287 0 0 0 0.000157287)
(0.0012589 0 0 0 0.000157363 0 0 0 0.000157363)
(0.00125949 0 0 0 0.000157437 0 0 0 0.000157437)
(0.00126008 0 0 0 0.000157509 0 0 0 0.000157509)
(0.00126065 0 0 0 0.000157581 0 0 0 0.000157581)
(0.0012612 0 0 0 0.000157651 0 0 0 0.000157651)
(0.00126175 0 0 0 0.000157719 0 0 0 0.000157719)
(0.00126229 0 0 0 0.000157786 0 0 0 0.000157786)
(0.00126281 0 0 0 0.000157851 0 0 0 0.000157851)
(0.00126332 0 0 0 0.000157915 0 0 0 0.000157915)
(0.00126382 0 0 0 0.000157977 0 0 0 0.000157977)
(0.00126431 0 0 0 0.000158038 0 0 0 0.000158038)
(0.00126478 0 0 0 0.000158098 0 0 0 0.000158098)
(0.00126525 0 0 0 0.000158156 0 0 0 0.000158156)
(0.0012657 0 0 0 0.000158212 0 0 0 0.000158212)
(0.00126614 0 0 0 0.000158267 0 0 0 0.000158267)
(0.00126657 0 0 0 0.000158321 0 0 0 0.000158321)
(0.00126698 0 0 0 0.000158373 0 0 0 0.000158373)
(0.00126739 0 0 0 0.000158423 0 0 0 0.000158423)
(0.00126778 0 0 0 0.000158473 0 0 0 0.000158473)
(0.00126816 0 0 0 0.00015852 0 0 0 0.00015852)
(0.00126853 0 0 0 0.000158567 0 0 0 0.000158567)
(0.00126889 0 0 0 0.000158612 0 0 0 0.000158612)
(0.00126924 0 0 0 0.000158655 0 0 0 0.000158655)
(0.00126958 0 0 0 0.000158697 0 0 0 0.000158697)
(0.0012699 0 0 0 0.000158738 0 0 0 0.000158738)
(0.00127022 0 0 0 0.000158777 0 0 0 0.000158777)
(0.00127052 0 0 0 0.000158815 0 0 0 0.000158815)
(0.00127081 0 0 0 0.000158852 0 0 0 0.000158852)
(0.0012711 0 0 0 0.000158887 0 0 0 0.000158887)
(0.00127137 0 0 0 0.000158921 0 0 0 0.000158921)
(0.00127163 0 0 0 0.000158954 0 0 0 0.000158954)
(0.00127188 0 0 0 0.000158985 0 0 0 0.000158985)
(0.00127212 0 0 0 0.000159015 0 0 0 0.000159015)
(0.00127236 0 0 0 0.000159044 0 0 0 0.000159044)
(0.00127258 0 0 0 0.000159072 0 0 0 0.000159072)
(0.00127279 0 0 0 0.000159099 0 0 0 0.000159099)
(0.001273 0 0 0 0.000159124 0 0 0 0.000159124)
(0.00127319 0 0 0 0.000159149 0 0 0 0.000159149)
(0.00127338 0 0 0 0.000159172 0 0 0 0.000159172)
(0.00127356 0 0 0 0.000159195 0 0 0 0.000159195)
(0.00127373 0 0 0 0.000159216 0 0 0 0.000159216)
(0.00127389 0 0 0 0.000159236 0 0 0 0.000159236)
(0.00127404 0 0 0 0.000159255 0 0 0 0.000159255)
(0.00127419 0 0 0 0.000159274 0 0 0 0.000159274)
(0.00127433 0 0 0 0.000159291 0 0 0 0.000159291)
(0.00127446 0 0 0 0.000159308 0 0 0 0.000159308)
(0.00127459 0 0 0 0.000159323 0 0 0 0.000159323)
(0.0012747 0 0 0 0.000159338 0 0 0 0.000159338)
(0.00127482 0 0 0 0.000159352 0 0 0 0.000159352)
(0.00127492 0 0 0 0.000159365 0 0 0 0.000159365)
(0.00127502 0 0 0 0.000159378 0 0 0 0.000159378)
(0.00127512 0 0 0 0.00015939 0 0 0 0.00015939)
(0.00127521 0 0 0 0.000159401 0 0 0 0.000159401)
(0.00127529 0 0 0 0.000159411 0 0 0 0.000159411)
(0.00127537 0 0 0 0.000159421 0 0 0 0.000159421)
(0.00127544 0 0 0 0.00015943 0 0 0 0.00015943)
(0.00127551 0 0 0 0.000159439 0 0 0 0.000159439)
(0.00127557 0 0 0 0.000159447 0 0 0 0.000159447)
(0.00127563 0 0 0 0.000159454 0 0 0 0.000159454)
(0.00127569 0 0 0 0.000159461 0 0 0 0.000159461)
(0.00127574 0 0 0 0.000159468 0 0 0 0.000159468)
(0.00127579 0 0 0 0.000159474 0 0 0 0.000159474)
(0.00127584 0 0 0 0.00015948 0 0 0 0.00015948)
(0.00127588 0 0 0 0.000159485 0 0 0 0.000159485)
(0.00127592 0 0 0 0.00015949 0 0 0 0.00015949)
(0.00127595 0 0 0 0.000159494 0 0 0 0.000159494)
(0.00127599 0 0 0 0.000159498 0 0 0 0.000159498)
(0.00127602 0 0 0 0.000159502 0 0 0 0.000159502)
(0.00127605 0 0 0 0.000159506 0 0 0 0.000159506)
(0.00127607 0 0 0 0.000159509 0 0 0 0.000159509)
(0.0012761 0 0 0 0.000159512 0 0 0 0.000159512)
(0.00127612 0 0 0 0.000159515 0 0 0 0.000159515)
(0.00127614 0 0 0 0.000159517 0 0 0 0.000159517)
(0.00127616 0 0 0 0.00015952 0 0 0 0.00015952)
(0.00127618 0 0 0 0.000159522 0 0 0 0.000159522)
(0.00127619 0 0 0 0.000159524 0 0 0 0.000159524)
(0.0012762 0 0 0 0.000159526 0 0 0 0.000159526)
(0.00127622 0 0 0 0.000159527 0 0 0 0.000159527)
(0.00127623 0 0 0 0.000159529 0 0 0 0.000159529)
(0.00127624 0 0 0 0.00015953 0 0 0 0.00015953)
(0.00127625 0 0 0 0.000159531 0 0 0 0.000159531)
(0.00127626 0 0 0 0.000159532 0 0 0 0.000159532)
(0.00127627 0 0 0 0.000159533 0 0 0 0.000159533)
(0.00127627 0 0 0 0.000159534 0 0 0 0.000159534)
(0.00127628 0 0 0 0.000159535 0 0 0 0.000159535)
(0.00127628 0 0 0 0.000159536 0 0 0 0.000159536)
(0.00127629 0 0 0 0.000159536 0 0 0 0.000159536)
(0.00127629 0 0 0 0.000159537 0 0 0 0.000159537)
(0.0012763 0 0 0 0.000159537 0 0 0 0.000159537)
(0.0012763 0 0 0 0.000159538 0 0 0 0.000159538)
(0.00127631 0 0 0 0.000159538 0 0 0 0.000159538)
(0.00127631 0 0 0 0.000159539 0 0 0 0.000159539)
(0.00127631 0 0 0 0.000159539 0 0 0 0.000159539)
(0.00127631 0 0 0 0.000159539 0 0 0 0.000159539)
(0.00127631 0 0 0 0.000159539 0 0 0 0.000159539)
(0.00127632 0 0 0 0.00015954 0 0 0 0.00015954)
(0.00127632 0 0 0 0.00015954 0 0 0 0.00015954)
(0.00127632 0 0 0 0.00015954 0 0 0 0.00015954)
(0.00127632 0 0 0 0.00015954 0 0 0 0.00015954)
(0.00127632 0 0 0 0.00015954 0 0 0 0.00015954)
(0.00127632 0 0 0 0.00015954 0 0 0 0.00015954)
(0.00127632 0 0 0 0.00015954 0 0 0 0.00015954)
(0.00127632 0 0 0 0.000159541 0 0 0 0.000159541)
(0.00127633 0 0 0 0.000159541 0 0 0 0.000159541)
(0.00127633 0 0 0 0.000159541 0 0 0 0.000159541)
(0.00127633 0 0 0 0.000159541 0 0 0 0.000159541)
(0.00127633 0 0 0 0.000159541 0 0 0 0.000159541)
(0.00127633 0 0 0 0.000159541 0 0 0 0.000159541)
(0.00127633 0 0 0 0.000159541 0 0 0 0.000159541)
(0.00127633 0 0 0 0.000159541 0 0 0 0.000159541)
(0.00127633 0 0 0 0.000159541 0 0 0 0.000159541)
(0.00127633 0 0 0 0.000159541 0 0 0 0.000159541)
(0.00127633 0 0 0 0.000159541 0 0 0 0.000159541)
(0.00127633 0 0 0 0.000159541 0 0 0 0.000159541)
(0.00127633 0 0 0 0.000159541 0 0 0 0.000159541)
(0.00127633 0 0 0 0.000159542 0 0 0 0.000159542)
(0.00127633 0 0 0 0.000159542 0 0 0 0.000159542)
(0.00127633 0 0 0 0.000159542 0 0 0 0.000159542)
(0.00127634 0 0 0 0.000159542 0 0 0 0.000159542)
(0.00127634 0 0 0 0.000159542 0 0 0 0.000159542)
(0.00127634 0 0 0 0.000159542 0 0 0 0.000159542)
(0.00127634 0 0 0 0.000159543 0 0 0 0.000159543)
(0.00127634 0 0 0 0.000159543 0 0 0 0.000159543)
(0.00127634 0 0 0 0.000159543 0 0 0 0.000159543)
(0.00127635 0 0 0 0.000159543 0 0 0 0.000159543)
(0.00127635 0 0 0 0.000159544 0 0 0 0.000159544)
(0.00127635 0 0 0 0.000159544 0 0 0 0.000159544)
(0.00127636 0 0 0 0.000159545 0 0 0 0.000159545)
(0.00127636 0 0 0 0.000159545 0 0 0 0.000159545)
(0.00127636 0 0 0 0.000159546 0 0 0 0.000159546)
(0.00127637 0 0 0 0.000159546 0 0 0 0.000159546)
(0.00127637 0 0 0 0.000159547 0 0 0 0.000159547)
(0.00127638 0 0 0 0.000159548 0 0 0 0.000159548)
(0.00127639 0 0 0 0.000159548 0 0 0 0.000159548)
(0.0012764 0 0 0 0.000159549 0 0 0 0.000159549)
(0.0012764 0 0 0 0.00015955 0 0 0 0.00015955)
(0.00127641 0 0 0 0.000159552 0 0 0 0.000159552)
(0.00127642 0 0 0 0.000159553 0 0 0 0.000159553)
(0.00127643 0 0 0 0.000159554 0 0 0 0.000159554)
(0.00127645 0 0 0 0.000159556 0 0 0 0.000159556)
(0.00127646 0 0 0 0.000159557 0 0 0 0.000159557)
(0.00127647 0 0 0 0.000159559 0 0 0 0.000159559)
(0.00127649 0 0 0 0.000159561 0 0 0 0.000159561)
(0.00127651 0 0 0 0.000159563 0 0 0 0.000159563)
(0.00127653 0 0 0 0.000159566 0 0 0 0.000159566)
(0.00127655 0 0 0 0.000159568 0 0 0 0.000159568)
(0.00127657 0 0 0 0.000159571 0 0 0 0.000159571)
(0.0012766 0 0 0 0.000159574 0 0 0 0.000159574)
(0.00127662 0 0 0 0.000159578 0 0 0 0.000159578)
(0.00127665 0 0 0 0.000159581 0 0 0 0.000159581)
(0.00127668 0 0 0 0.000159585 0 0 0 0.000159585)
(0.00127672 0 0 0 0.00015959 0 0 0 0.00015959)
(0.00127676 0 0 0 0.000159594 0 0 0 0.000159594)
(0.0012768 0 0 0 0.0001596 0 0 0 0.0001596)
(0.00127684 0 0 0 0.000159605 0 0 0 0.000159605)
(0.00127689 0 0 0 0.000159611 0 0 0 0.000159611)
(0.00127694 0 0 0 0.000159617 0 0 0 0.000159617)
(0.00127699 0 0 0 0.000159624 0 0 0 0.000159624)
(0.00127705 0 0 0 0.000159631 0 0 0 0.000159631)
(0.00127711 0 0 0 0.000159639 0 0 0 0.000159639)
(0.00127718 0 0 0 0.000159647 0 0 0 0.000159647)
(0.00127725 0 0 0 0.000159656 0 0 0 0.000159656)
(0.00127733 0 0 0 0.000159666 0 0 0 0.000159666)
(0.00127741 0 0 0 0.000159676 0 0 0 0.000159676)
(0.0012775 0 0 0 0.000159687 0 0 0 0.000159687)
(0.00127759 0 0 0 0.000159699 0 0 0 0.000159699)
(0.00127769 0 0 0 0.000159711 0 0 0 0.000159711)
(0.00127779 0 0 0 0.000159724 0 0 0 0.000159724)
(0.0012779 0 0 0 0.000159738 0 0 0 0.000159738)
(0.00127802 0 0 0 0.000159753 0 0 0 0.000159753)
(0.00127815 0 0 0 0.000159769 0 0 0 0.000159769)
(0.00127828 0 0 0 0.000159785 0 0 0 0.000159785)
(0.00127842 0 0 0 0.000159803 0 0 0 0.000159803)
(0.00127857 0 0 0 0.000159821 0 0 0 0.000159821)
(0.00127873 0 0 0 0.000159841 0 0 0 0.000159841)
(0.00127889 0 0 0 0.000159861 0 0 0 0.000159861)
(0.00127907 0 0 0 0.000159883 0 0 0 0.000159883)
(0.00127925 0 0 0 0.000159906 0 0 0 0.000159906)
(0.00127944 0 0 0 0.00015993 0 0 0 0.00015993)
(0.00127964 0 0 0 0.000159955 0 0 0 0.000159955)
(0.00127986 0 0 0 0.000159982 0 0 0 0.000159982)
(0.00128008 0 0 0 0.00016001 0 0 0 0.00016001)
(0.00128031 0 0 0 0.000160039 0 0 0 0.000160039)
(0.00128056 0 0 0 0.00016007 0 0 0 0.00016007)
(0.00128081 0 0 0 0.000160102 0 0 0 0.000160102)
(0.00128108 0 0 0 0.000160135 0 0 0 0.000160135)
(0.00128136 0 0 0 0.00016017 0 0 0 0.00016017)
(0.00128165 0 0 0 0.000160207 0 0 0 0.000160207)
(0.00128196 0 0 0 0.000160245 0 0 0 0.000160245)
(0.00128228 0 0 0 0.000160284 0 0 0 0.000160284)
(0.00128261 0 0 0 0.000160326 0 0 0 0.000160326)
(0.00128295 0 0 0 0.000160369 0 0 0 0.000160369)
(0.00128331 0 0 0 0.000160413 0 0 0 0.000160413)
(0.00128368 0 0 0 0.00016046 0 0 0 0.00016046)
(0.00128406 0 0 0 0.000160508 0 0 0 0.000160508)
(0.00128446 0 0 0 0.000160558 0 0 0 0.000160558)
(0.00128488 0 0 0 0.00016061 0 0 0 0.00016061)
(0.00128531 0 0 0 0.000160664 0 0 0 0.000160664)
(0.00128576 0 0 0 0.000160719 0 0 0 0.000160719)
(0.00128622 0 0 0 0.000160777 0 0 0 0.000160777)
(0.00128669 0 0 0 0.000160837 0 0 0 0.000160837)
(0.00128719 0 0 0 0.000160898 0 0 0 0.000160898)
(0.00128769 0 0 0 0.000160962 0 0 0 0.000160962)
(0.00128822 0 0 0 0.000161027 0 0 0 0.000161027)
(0.00128876 0 0 0 0.000161095 0 0 0 0.000161095)
(0.00128932 0 0 0 0.000161165 0 0 0 0.000161165)
(0.0012899 0 0 0 0.000161237 0 0 0 0.000161237)
(0.00129049 0 0 0 0.000161311 0 0 0 0.000161311)
(0.0012911 0 0 0 0.000161387 0 0 0 0.000161387)
(0.00129173 0 0 0 0.000161466 0 0 0 0.000161466)
(0.00129237 0 0 0 0.000161547 0 0 0 0.000161547)
(0.00129304 0 0 0 0.000161629 0 0 0 0.000161629)
(0.00129372 0 0 0 0.000161715 0 0 0 0.000161715)
(0.00129442 0 0 0 0.000161802 0 0 0 0.000161802)
(0.00129514 0 0 0 0.000161892 0 0 0 0.000161892)
(0.00129587 0 0 0 0.000161984 0 0 0 0.000161984)
(0.00129663 0 0 0 0.000162078 0 0 0 0.000162078)
(0.0012974 0 0 0 0.000162175 0 0 0 0.000162175)
(0.0012982 0 0 0 0.000162274 0 0 0 0.000162274)
(0.00129901 0 0 0 0.000162376 0 0 0 0.000162376)
(0.00129984 0 0 0 0.00016248 0 0 0 0.00016248)
(0.00130069 0 0 0 0.000162587 0 0 0 0.000162587)
(0.00130157 0 0 0 0.000162696 0 0 0 0.000162696)
(0.00130246 0 0 0 0.000162807 0 0 0 0.000162807)
(0.00130337 0 0 0 0.000162921 0 0 0 0.000162921)
(0.00130431 0 0 0 0.000163038 0 0 0 0.000163038)
(0.00130526 0 0 0 0.000163158 0 0 0 0.000163158)
(0.00130624 0 0 0 0.00016328 0 0 0 0.00016328)
(0.00130724 0 0 0 0.000163405 0 0 0 0.000163405)
(0.00130826 0 0 0 0.000163532 0 0 0 0.000163532)
(0.0013093 0 0 0 0.000163663 0 0 0 0.000163663)
(0.00131037 0 0 0 0.000163796 0 0 0 0.000163796)
(0.00131146 0 0 0 0.000163933 0 0 0 0.000163933)
(0.00131257 0 0 0 0.000164072 0 0 0 0.000164072)
(0.00131371 0 0 0 0.000164214 0 0 0 0.000164214)
(0.00131487 0 0 0 0.000164359 0 0 0 0.000164359)
(0.00131567 0 0 0 0.000164459 0 0 0 0.000164459)
(0.00131605 0 0 0 0.000164507 0 0 0 0.000164507)
(0.00123507 0 0 0 0.000154384 0 0 0 0.000154384)
(0.00123537 0 0 0 0.000154421 0 0 0 0.000154421)
(0.00123605 0 0 0 0.000154506 0 0 0 0.000154506)
(0.00123698 0 0 0 0.000154622 0 0 0 0.000154622)
(0.00123789 0 0 0 0.000154736 0 0 0 0.000154736)
(0.00123879 0 0 0 0.000154848 0 0 0 0.000154848)
(0.00123967 0 0 0 0.000154959 0 0 0 0.000154959)
(0.00124054 0 0 0 0.000155068 0 0 0 0.000155068)
(0.0012414 0 0 0 0.000155175 0 0 0 0.000155175)
(0.00124225 0 0 0 0.000155281 0 0 0 0.000155281)
(0.00124308 0 0 0 0.000155385 0 0 0 0.000155385)
(0.00124391 0 0 0 0.000155489 0 0 0 0.000155489)
(0.00124473 0 0 0 0.000155591 0 0 0 0.000155591)
(0.00124553 0 0 0 0.000155692 0 0 0 0.000155692)
(0.00124633 0 0 0 0.000155791 0 0 0 0.000155791)
(0.00124712 0 0 0 0.00015589 0 0 0 0.00015589)
(0.0012479 0 0 0 0.000155987 0 0 0 0.000155987)
(0.00124866 0 0 0 0.000156083 0 0 0 0.000156083)
(0.00124942 0 0 0 0.000156178 0 0 0 0.000156178)
(0.00125017 0 0 0 0.000156271 0 0 0 0.000156271)
(0.00125091 0 0 0 0.000156363 0 0 0 0.000156363)
(0.00125163 0 0 0 0.000156454 0 0 0 0.000156454)
(0.00125235 0 0 0 0.000156544 0 0 0 0.000156544)
(0.00125305 0 0 0 0.000156632 0 0 0 0.000156632)
(0.00125375 0 0 0 0.000156719 0 0 0 0.000156719)
(0.00125443 0 0 0 0.000156804 0 0 0 0.000156804)
(0.00125511 0 0 0 0.000156888 0 0 0 0.000156888)
(0.00125577 0 0 0 0.000156971 0 0 0 0.000156971)
(0.00125642 0 0 0 0.000157052 0 0 0 0.000157052)
(0.00125706 0 0 0 0.000157132 0 0 0 0.000157132)
(0.00125768 0 0 0 0.000157211 0 0 0 0.000157211)
(0.0012583 0 0 0 0.000157288 0 0 0 0.000157288)
(0.00125891 0 0 0 0.000157363 0 0 0 0.000157363)
(0.0012595 0 0 0 0.000157437 0 0 0 0.000157437)
(0.00126008 0 0 0 0.00015751 0 0 0 0.00015751)
(0.00126065 0 0 0 0.000157581 0 0 0 0.000157581)
(0.00126121 0 0 0 0.000157651 0 0 0 0.000157651)
(0.00126176 0 0 0 0.000157719 0 0 0 0.000157719)
(0.00126229 0 0 0 0.000157786 0 0 0 0.000157786)
(0.00126281 0 0 0 0.000157852 0 0 0 0.000157852)
(0.00126332 0 0 0 0.000157915 0 0 0 0.000157915)
(0.00126382 0 0 0 0.000157978 0 0 0 0.000157978)
(0.00126431 0 0 0 0.000158039 0 0 0 0.000158039)
(0.00126479 0 0 0 0.000158098 0 0 0 0.000158098)
(0.00126525 0 0 0 0.000158156 0 0 0 0.000158156)
(0.0012657 0 0 0 0.000158213 0 0 0 0.000158213)
(0.00126614 0 0 0 0.000158268 0 0 0 0.000158268)
(0.00126657 0 0 0 0.000158321 0 0 0 0.000158321)
(0.00126699 0 0 0 0.000158373 0 0 0 0.000158373)
(0.00126739 0 0 0 0.000158424 0 0 0 0.000158424)
(0.00126778 0 0 0 0.000158473 0 0 0 0.000158473)
(0.00126817 0 0 0 0.000158521 0 0 0 0.000158521)
(0.00126854 0 0 0 0.000158567 0 0 0 0.000158567)
(0.00126889 0 0 0 0.000158612 0 0 0 0.000158612)
(0.00126924 0 0 0 0.000158655 0 0 0 0.000158655)
(0.00126958 0 0 0 0.000158697 0 0 0 0.000158697)
(0.0012699 0 0 0 0.000158738 0 0 0 0.000158738)
(0.00127022 0 0 0 0.000158777 0 0 0 0.000158777)
(0.00127052 0 0 0 0.000158815 0 0 0 0.000158815)
(0.00127081 0 0 0 0.000158852 0 0 0 0.000158852)
(0.0012711 0 0 0 0.000158887 0 0 0 0.000158887)
(0.00127137 0 0 0 0.000158921 0 0 0 0.000158921)
(0.00127163 0 0 0 0.000158954 0 0 0 0.000158954)
(0.00127188 0 0 0 0.000158985 0 0 0 0.000158985)
(0.00127212 0 0 0 0.000159016 0 0 0 0.000159016)
(0.00127236 0 0 0 0.000159045 0 0 0 0.000159045)
(0.00127258 0 0 0 0.000159072 0 0 0 0.000159072)
(0.00127279 0 0 0 0.000159099 0 0 0 0.000159099)
(0.001273 0 0 0 0.000159125 0 0 0 0.000159125)
(0.00127319 0 0 0 0.000159149 0 0 0 0.000159149)
(0.00127338 0 0 0 0.000159172 0 0 0 0.000159172)
(0.00127356 0 0 0 0.000159195 0 0 0 0.000159195)
(0.00127373 0 0 0 0.000159216 0 0 0 0.000159216)
(0.00127389 0 0 0 0.000159236 0 0 0 0.000159236)
(0.00127404 0 0 0 0.000159255 0 0 0 0.000159255)
(0.00127419 0 0 0 0.000159274 0 0 0 0.000159274)
(0.00127433 0 0 0 0.000159291 0 0 0 0.000159291)
(0.00127446 0 0 0 0.000159308 0 0 0 0.000159308)
(0.00127459 0 0 0 0.000159323 0 0 0 0.000159323)
(0.0012747 0 0 0 0.000159338 0 0 0 0.000159338)
(0.00127482 0 0 0 0.000159352 0 0 0 0.000159352)
(0.00127492 0 0 0 0.000159365 0 0 0 0.000159365)
(0.00127502 0 0 0 0.000159378 0 0 0 0.000159378)
(0.00127512 0 0 0 0.00015939 0 0 0 0.00015939)
(0.00127521 0 0 0 0.000159401 0 0 0 0.000159401)
(0.00127529 0 0 0 0.000159411 0 0 0 0.000159411)
(0.00127537 0 0 0 0.000159421 0 0 0 0.000159421)
(0.00127544 0 0 0 0.00015943 0 0 0 0.00015943)
(0.00127551 0 0 0 0.000159439 0 0 0 0.000159439)
(0.00127557 0 0 0 0.000159447 0 0 0 0.000159447)
(0.00127563 0 0 0 0.000159454 0 0 0 0.000159454)
(0.00127569 0 0 0 0.000159461 0 0 0 0.000159461)
(0.00127574 0 0 0 0.000159468 0 0 0 0.000159468)
(0.00127579 0 0 0 0.000159474 0 0 0 0.000159474)
(0.00127584 0 0 0 0.00015948 0 0 0 0.00015948)
(0.00127588 0 0 0 0.000159485 0 0 0 0.000159485)
(0.00127592 0 0 0 0.00015949 0 0 0 0.00015949)
(0.00127595 0 0 0 0.000159494 0 0 0 0.000159494)
(0.00127599 0 0 0 0.000159498 0 0 0 0.000159498)
(0.00127602 0 0 0 0.000159502 0 0 0 0.000159502)
(0.00127605 0 0 0 0.000159506 0 0 0 0.000159506)
(0.00127607 0 0 0 0.000159509 0 0 0 0.000159509)
(0.0012761 0 0 0 0.000159512 0 0 0 0.000159512)
(0.00127612 0 0 0 0.000159515 0 0 0 0.000159515)
(0.00127614 0 0 0 0.000159517 0 0 0 0.000159517)
(0.00127616 0 0 0 0.00015952 0 0 0 0.00015952)
(0.00127618 0 0 0 0.000159522 0 0 0 0.000159522)
(0.00127619 0 0 0 0.000159524 0 0 0 0.000159524)
(0.0012762 0 0 0 0.000159526 0 0 0 0.000159526)
(0.00127622 0 0 0 0.000159527 0 0 0 0.000159527)
(0.00127623 0 0 0 0.000159529 0 0 0 0.000159529)
(0.00127624 0 0 0 0.00015953 0 0 0 0.00015953)
(0.00127625 0 0 0 0.000159531 0 0 0 0.000159531)
(0.00127626 0 0 0 0.000159532 0 0 0 0.000159532)
(0.00127627 0 0 0 0.000159533 0 0 0 0.000159533)
(0.00127627 0 0 0 0.000159534 0 0 0 0.000159534)
(0.00127628 0 0 0 0.000159535 0 0 0 0.000159535)
(0.00127628 0 0 0 0.000159536 0 0 0 0.000159536)
(0.00127629 0 0 0 0.000159536 0 0 0 0.000159536)
(0.00127629 0 0 0 0.000159537 0 0 0 0.000159537)
(0.0012763 0 0 0 0.000159537 0 0 0 0.000159537)
(0.0012763 0 0 0 0.000159538 0 0 0 0.000159538)
(0.00127631 0 0 0 0.000159538 0 0 0 0.000159538)
(0.00127631 0 0 0 0.000159539 0 0 0 0.000159539)
(0.00127631 0 0 0 0.000159539 0 0 0 0.000159539)
(0.00127631 0 0 0 0.000159539 0 0 0 0.000159539)
(0.00127631 0 0 0 0.000159539 0 0 0 0.000159539)
(0.00127632 0 0 0 0.00015954 0 0 0 0.00015954)
(0.00127632 0 0 0 0.00015954 0 0 0 0.00015954)
(0.00127632 0 0 0 0.00015954 0 0 0 0.00015954)
(0.00127632 0 0 0 0.00015954 0 0 0 0.00015954)
(0.00127632 0 0 0 0.00015954 0 0 0 0.00015954)
(0.00127632 0 0 0 0.00015954 0 0 0 0.00015954)
(0.00127632 0 0 0 0.00015954 0 0 0 0.00015954)
(0.00127632 0 0 0 0.000159541 0 0 0 0.000159541)
(0.00127633 0 0 0 0.000159541 0 0 0 0.000159541)
(0.00127633 0 0 0 0.000159541 0 0 0 0.000159541)
(0.00127633 0 0 0 0.000159541 0 0 0 0.000159541)
(0.00127633 0 0 0 0.000159541 0 0 0 0.000159541)
(0.00127633 0 0 0 0.000159541 0 0 0 0.000159541)
(0.00127633 0 0 0 0.000159541 0 0 0 0.000159541)
(0.00127633 0 0 0 0.000159541 0 0 0 0.000159541)
(0.00127633 0 0 0 0.000159541 0 0 0 0.000159541)
(0.00127633 0 0 0 0.000159541 0 0 0 0.000159541)
(0.00127633 0 0 0 0.000159541 0 0 0 0.000159541)
(0.00127633 0 0 0 0.000159541 0 0 0 0.000159541)
(0.00127633 0 0 0 0.000159541 0 0 0 0.000159541)
(0.00127633 0 0 0 0.000159542 0 0 0 0.000159542)
(0.00127633 0 0 0 0.000159542 0 0 0 0.000159542)
(0.00127633 0 0 0 0.000159542 0 0 0 0.000159542)
(0.00127634 0 0 0 0.000159542 0 0 0 0.000159542)
(0.00127634 0 0 0 0.000159542 0 0 0 0.000159542)
(0.00127634 0 0 0 0.000159542 0 0 0 0.000159542)
(0.00127634 0 0 0 0.000159543 0 0 0 0.000159543)
(0.00127634 0 0 0 0.000159543 0 0 0 0.000159543)
(0.00127634 0 0 0 0.000159543 0 0 0 0.000159543)
(0.00127635 0 0 0 0.000159543 0 0 0 0.000159543)
(0.00127635 0 0 0 0.000159544 0 0 0 0.000159544)
(0.00127635 0 0 0 0.000159544 0 0 0 0.000159544)
(0.00127636 0 0 0 0.000159545 0 0 0 0.000159545)
(0.00127636 0 0 0 0.000159545 0 0 0 0.000159545)
(0.00127636 0 0 0 0.000159546 0 0 0 0.000159546)
(0.00127637 0 0 0 0.000159546 0 0 0 0.000159546)
(0.00127637 0 0 0 0.000159547 0 0 0 0.000159547)
(0.00127638 0 0 0 0.000159548 0 0 0 0.000159548)
(0.00127639 0 0 0 0.000159548 0 0 0 0.000159548)
(0.0012764 0 0 0 0.000159549 0 0 0 0.000159549)
(0.0012764 0 0 0 0.00015955 0 0 0 0.00015955)
(0.00127641 0 0 0 0.000159552 0 0 0 0.000159552)
(0.00127642 0 0 0 0.000159553 0 0 0 0.000159553)
(0.00127643 0 0 0 0.000159554 0 0 0 0.000159554)
(0.00127645 0 0 0 0.000159556 0 0 0 0.000159556)
(0.00127646 0 0 0 0.000159557 0 0 0 0.000159557)
(0.00127647 0 0 0 0.000159559 0 0 0 0.000159559)
(0.00127649 0 0 0 0.000159561 0 0 0 0.000159561)
(0.00127651 0 0 0 0.000159563 0 0 0 0.000159563)
(0.00127653 0 0 0 0.000159566 0 0 0 0.000159566)
(0.00127655 0 0 0 0.000159568 0 0 0 0.000159568)
(0.00127657 0 0 0 0.000159571 0 0 0 0.000159571)
(0.0012766 0 0 0 0.000159574 0 0 0 0.000159574)
(0.00127662 0 0 0 0.000159578 0 0 0 0.000159578)
(0.00127665 0 0 0 0.000159582 0 0 0 0.000159582)
(0.00127668 0 0 0 0.000159586 0 0 0 0.000159586)
(0.00127672 0 0 0 0.00015959 0 0 0 0.00015959)
(0.00127676 0 0 0 0.000159595 0 0 0 0.000159595)
(0.0012768 0 0 0 0.0001596 0 0 0 0.0001596)
(0.00127684 0 0 0 0.000159605 0 0 0 0.000159605)
(0.00127689 0 0 0 0.000159611 0 0 0 0.000159611)
(0.00127694 0 0 0 0.000159617 0 0 0 0.000159617)
(0.00127699 0 0 0 0.000159624 0 0 0 0.000159624)
(0.00127705 0 0 0 0.000159631 0 0 0 0.000159631)
(0.00127711 0 0 0 0.000159639 0 0 0 0.000159639)
(0.00127718 0 0 0 0.000159647 0 0 0 0.000159647)
(0.00127725 0 0 0 0.000159656 0 0 0 0.000159656)
(0.00127733 0 0 0 0.000159666 0 0 0 0.000159666)
(0.00127741 0 0 0 0.000159676 0 0 0 0.000159676)
(0.0012775 0 0 0 0.000159687 0 0 0 0.000159687)
(0.00127759 0 0 0 0.000159699 0 0 0 0.000159699)
(0.00127769 0 0 0 0.000159711 0 0 0 0.000159711)
(0.00127779 0 0 0 0.000159724 0 0 0 0.000159724)
(0.00127791 0 0 0 0.000159738 0 0 0 0.000159738)
(0.00127802 0 0 0 0.000159753 0 0 0 0.000159753)
(0.00127815 0 0 0 0.000159769 0 0 0 0.000159769)
(0.00127828 0 0 0 0.000159785 0 0 0 0.000159785)
(0.00127842 0 0 0 0.000159803 0 0 0 0.000159803)
(0.00127857 0 0 0 0.000159821 0 0 0 0.000159821)
(0.00127873 0 0 0 0.000159841 0 0 0 0.000159841)
(0.00127889 0 0 0 0.000159862 0 0 0 0.000159862)
(0.00127907 0 0 0 0.000159883 0 0 0 0.000159883)
(0.00127925 0 0 0 0.000159906 0 0 0 0.000159906)
(0.00127944 0 0 0 0.00015993 0 0 0 0.00015993)
(0.00127965 0 0 0 0.000159956 0 0 0 0.000159956)
(0.00127986 0 0 0 0.000159982 0 0 0 0.000159982)
(0.00128008 0 0 0 0.00016001 0 0 0 0.00016001)
(0.00128031 0 0 0 0.000160039 0 0 0 0.000160039)
(0.00128056 0 0 0 0.00016007 0 0 0 0.00016007)
(0.00128082 0 0 0 0.000160102 0 0 0 0.000160102)
(0.00128108 0 0 0 0.000160135 0 0 0 0.000160135)
(0.00128136 0 0 0 0.00016017 0 0 0 0.00016017)
(0.00128166 0 0 0 0.000160207 0 0 0 0.000160207)
(0.00128196 0 0 0 0.000160245 0 0 0 0.000160245)
(0.00128228 0 0 0 0.000160285 0 0 0 0.000160285)
(0.00128261 0 0 0 0.000160326 0 0 0 0.000160326)
(0.00128295 0 0 0 0.000160369 0 0 0 0.000160369)
(0.00128331 0 0 0 0.000160414 0 0 0 0.000160414)
(0.00128368 0 0 0 0.00016046 0 0 0 0.00016046)
(0.00128407 0 0 0 0.000160508 0 0 0 0.000160508)
(0.00128447 0 0 0 0.000160559 0 0 0 0.000160559)
(0.00128488 0 0 0 0.00016061 0 0 0 0.00016061)
(0.00128531 0 0 0 0.000160664 0 0 0 0.000160664)
(0.00128576 0 0 0 0.00016072 0 0 0 0.00016072)
(0.00128622 0 0 0 0.000160778 0 0 0 0.000160778)
(0.0012867 0 0 0 0.000160837 0 0 0 0.000160837)
(0.00128719 0 0 0 0.000160899 0 0 0 0.000160899)
(0.0012877 0 0 0 0.000160962 0 0 0 0.000160962)
(0.00128822 0 0 0 0.000161028 0 0 0 0.000161028)
(0.00128877 0 0 0 0.000161096 0 0 0 0.000161096)
(0.00128933 0 0 0 0.000161166 0 0 0 0.000161166)
(0.0012899 0 0 0 0.000161238 0 0 0 0.000161238)
(0.00129049 0 0 0 0.000161312 0 0 0 0.000161312)
(0.0012911 0 0 0 0.000161388 0 0 0 0.000161388)
(0.00129173 0 0 0 0.000161467 0 0 0 0.000161467)
(0.00129238 0 0 0 0.000161547 0 0 0 0.000161547)
(0.00129304 0 0 0 0.00016163 0 0 0 0.00016163)
(0.00129372 0 0 0 0.000161716 0 0 0 0.000161716)
(0.00129442 0 0 0 0.000161803 0 0 0 0.000161803)
(0.00129514 0 0 0 0.000161893 0 0 0 0.000161893)
(0.00129588 0 0 0 0.000161985 0 0 0 0.000161985)
(0.00129664 0 0 0 0.000162079 0 0 0 0.000162079)
(0.00129741 0 0 0 0.000162176 0 0 0 0.000162176)
(0.0012982 0 0 0 0.000162276 0 0 0 0.000162276)
(0.00129902 0 0 0 0.000162377 0 0 0 0.000162377)
(0.00129985 0 0 0 0.000162481 0 0 0 0.000162481)
(0.0013007 0 0 0 0.000162588 0 0 0 0.000162588)
(0.00130158 0 0 0 0.000162697 0 0 0 0.000162697)
(0.00130247 0 0 0 0.000162809 0 0 0 0.000162809)
(0.00130338 0 0 0 0.000162923 0 0 0 0.000162923)
(0.00130432 0 0 0 0.00016304 0 0 0 0.00016304)
(0.00130527 0 0 0 0.000163159 0 0 0 0.000163159)
(0.00130625 0 0 0 0.000163282 0 0 0 0.000163282)
(0.00130725 0 0 0 0.000163407 0 0 0 0.000163407)
(0.00130827 0 0 0 0.000163534 0 0 0 0.000163534)
(0.00130932 0 0 0 0.000163665 0 0 0 0.000163665)
(0.00131039 0 0 0 0.000163798 0 0 0 0.000163798)
(0.00131148 0 0 0 0.000163934 0 0 0 0.000163934)
(0.00131259 0 0 0 0.000164073 0 0 0 0.000164073)
(0.00131372 0 0 0 0.000164215 0 0 0 0.000164215)
(0.00131487 0 0 0 0.000164359 0 0 0 0.000164359)
(0.0013157 0 0 0 0.000164462 0 0 0 0.000164462)
(0.00131611 0 0 0 0.000164513 0 0 0 0.000164513)
(0.00123501 0 0 0 0.000154376 0 0 0 0.000154376)
(0.00123534 0 0 0 0.000154417 0 0 0 0.000154417)
(0.00123603 0 0 0 0.000154503 0 0 0 0.000154503)
(0.00123696 0 0 0 0.00015462 0 0 0 0.00015462)
(0.00123788 0 0 0 0.000154735 0 0 0 0.000154735)
(0.00123878 0 0 0 0.000154848 0 0 0 0.000154848)
(0.00123967 0 0 0 0.000154959 0 0 0 0.000154959)
(0.00124054 0 0 0 0.000155068 0 0 0 0.000155068)
(0.0012414 0 0 0 0.000155175 0 0 0 0.000155175)
(0.00124225 0 0 0 0.000155281 0 0 0 0.000155281)
(0.00124309 0 0 0 0.000155386 0 0 0 0.000155386)
(0.00124391 0 0 0 0.000155489 0 0 0 0.000155489)
(0.00124473 0 0 0 0.000155591 0 0 0 0.000155591)
(0.00124554 0 0 0 0.000155692 0 0 0 0.000155692)
(0.00124634 0 0 0 0.000155792 0 0 0 0.000155792)
(0.00124712 0 0 0 0.00015589 0 0 0 0.00015589)
(0.0012479 0 0 0 0.000155988 0 0 0 0.000155988)
(0.00124867 0 0 0 0.000156084 0 0 0 0.000156084)
(0.00124943 0 0 0 0.000156178 0 0 0 0.000156178)
(0.00125017 0 0 0 0.000156272 0 0 0 0.000156272)
(0.00125091 0 0 0 0.000156364 0 0 0 0.000156364)
(0.00125164 0 0 0 0.000156455 0 0 0 0.000156455)
(0.00125235 0 0 0 0.000156544 0 0 0 0.000156544)
(0.00125306 0 0 0 0.000156632 0 0 0 0.000156632)
(0.00125375 0 0 0 0.000156719 0 0 0 0.000156719)
(0.00125444 0 0 0 0.000156805 0 0 0 0.000156805)
(0.00125511 0 0 0 0.000156889 0 0 0 0.000156889)
(0.00125577 0 0 0 0.000156971 0 0 0 0.000156971)
(0.00125642 0 0 0 0.000157053 0 0 0 0.000157053)
(0.00125706 0 0 0 0.000157133 0 0 0 0.000157133)
(0.00125769 0 0 0 0.000157211 0 0 0 0.000157211)
(0.0012583 0 0 0 0.000157288 0 0 0 0.000157288)
(0.00125891 0 0 0 0.000157364 0 0 0 0.000157364)
(0.0012595 0 0 0 0.000157438 0 0 0 0.000157438)
(0.00126008 0 0 0 0.00015751 0 0 0 0.00015751)
(0.00126065 0 0 0 0.000157582 0 0 0 0.000157582)
(0.00126121 0 0 0 0.000157651 0 0 0 0.000157651)
(0.00126176 0 0 0 0.00015772 0 0 0 0.00015772)
(0.00126229 0 0 0 0.000157787 0 0 0 0.000157787)
(0.00126282 0 0 0 0.000157852 0 0 0 0.000157852)
(0.00126333 0 0 0 0.000157916 0 0 0 0.000157916)
(0.00126383 0 0 0 0.000157978 0 0 0 0.000157978)
(0.00126431 0 0 0 0.000158039 0 0 0 0.000158039)
(0.00126479 0 0 0 0.000158099 0 0 0 0.000158099)
(0.00126525 0 0 0 0.000158156 0 0 0 0.000158156)
(0.0012657 0 0 0 0.000158213 0 0 0 0.000158213)
(0.00126614 0 0 0 0.000158268 0 0 0 0.000158268)
(0.00126657 0 0 0 0.000158321 0 0 0 0.000158321)
(0.00126699 0 0 0 0.000158374 0 0 0 0.000158374)
(0.00126739 0 0 0 0.000158424 0 0 0 0.000158424)
(0.00126779 0 0 0 0.000158473 0 0 0 0.000158473)
(0.00126817 0 0 0 0.000158521 0 0 0 0.000158521)
(0.00126854 0 0 0 0.000158567 0 0 0 0.000158567)
(0.0012689 0 0 0 0.000158612 0 0 0 0.000158612)
(0.00126924 0 0 0 0.000158656 0 0 0 0.000158656)
(0.00126958 0 0 0 0.000158698 0 0 0 0.000158698)
(0.00126991 0 0 0 0.000158738 0 0 0 0.000158738)
(0.00127022 0 0 0 0.000158777 0 0 0 0.000158777)
(0.00127052 0 0 0 0.000158815 0 0 0 0.000158815)
(0.00127082 0 0 0 0.000158852 0 0 0 0.000158852)
(0.0012711 0 0 0 0.000158887 0 0 0 0.000158887)
(0.00127137 0 0 0 0.000158921 0 0 0 0.000158921)
(0.00127163 0 0 0 0.000158954 0 0 0 0.000158954)
(0.00127188 0 0 0 0.000158985 0 0 0 0.000158985)
(0.00127213 0 0 0 0.000159016 0 0 0 0.000159016)
(0.00127236 0 0 0 0.000159045 0 0 0 0.000159045)
(0.00127258 0 0 0 0.000159073 0 0 0 0.000159073)
(0.00127279 0 0 0 0.000159099 0 0 0 0.000159099)
(0.001273 0 0 0 0.000159125 0 0 0 0.000159125)
(0.00127319 0 0 0 0.000159149 0 0 0 0.000159149)
(0.00127338 0 0 0 0.000159172 0 0 0 0.000159172)
(0.00127356 0 0 0 0.000159195 0 0 0 0.000159195)
(0.00127373 0 0 0 0.000159216 0 0 0 0.000159216)
(0.00127389 0 0 0 0.000159236 0 0 0 0.000159236)
(0.00127404 0 0 0 0.000159256 0 0 0 0.000159256)
(0.00127419 0 0 0 0.000159274 0 0 0 0.000159274)
(0.00127433 0 0 0 0.000159291 0 0 0 0.000159291)
(0.00127446 0 0 0 0.000159308 0 0 0 0.000159308)
(0.00127459 0 0 0 0.000159323 0 0 0 0.000159323)
(0.00127471 0 0 0 0.000159338 0 0 0 0.000159338)
(0.00127482 0 0 0 0.000159352 0 0 0 0.000159352)
(0.00127492 0 0 0 0.000159365 0 0 0 0.000159365)
(0.00127502 0 0 0 0.000159378 0 0 0 0.000159378)
(0.00127512 0 0 0 0.00015939 0 0 0 0.00015939)
(0.00127521 0 0 0 0.000159401 0 0 0 0.000159401)
(0.00127529 0 0 0 0.000159411 0 0 0 0.000159411)
(0.00127537 0 0 0 0.000159421 0 0 0 0.000159421)
(0.00127544 0 0 0 0.00015943 0 0 0 0.00015943)
(0.00127551 0 0 0 0.000159439 0 0 0 0.000159439)
(0.00127557 0 0 0 0.000159447 0 0 0 0.000159447)
(0.00127563 0 0 0 0.000159454 0 0 0 0.000159454)
(0.00127569 0 0 0 0.000159461 0 0 0 0.000159461)
(0.00127574 0 0 0 0.000159468 0 0 0 0.000159468)
(0.00127579 0 0 0 0.000159474 0 0 0 0.000159474)
(0.00127584 0 0 0 0.00015948 0 0 0 0.00015948)
(0.00127588 0 0 0 0.000159485 0 0 0 0.000159485)
(0.00127592 0 0 0 0.00015949 0 0 0 0.00015949)
(0.00127595 0 0 0 0.000159494 0 0 0 0.000159494)
(0.00127599 0 0 0 0.000159498 0 0 0 0.000159498)
(0.00127602 0 0 0 0.000159502 0 0 0 0.000159502)
(0.00127605 0 0 0 0.000159506 0 0 0 0.000159506)
(0.00127607 0 0 0 0.000159509 0 0 0 0.000159509)
(0.0012761 0 0 0 0.000159512 0 0 0 0.000159512)
(0.00127612 0 0 0 0.000159515 0 0 0 0.000159515)
(0.00127614 0 0 0 0.000159517 0 0 0 0.000159517)
(0.00127616 0 0 0 0.00015952 0 0 0 0.00015952)
(0.00127618 0 0 0 0.000159522 0 0 0 0.000159522)
(0.00127619 0 0 0 0.000159524 0 0 0 0.000159524)
(0.0012762 0 0 0 0.000159526 0 0 0 0.000159526)
(0.00127622 0 0 0 0.000159527 0 0 0 0.000159527)
(0.00127623 0 0 0 0.000159529 0 0 0 0.000159529)
(0.00127624 0 0 0 0.00015953 0 0 0 0.00015953)
(0.00127625 0 0 0 0.000159531 0 0 0 0.000159531)
(0.00127626 0 0 0 0.000159532 0 0 0 0.000159532)
(0.00127627 0 0 0 0.000159533 0 0 0 0.000159533)
(0.00127627 0 0 0 0.000159534 0 0 0 0.000159534)
(0.00127628 0 0 0 0.000159535 0 0 0 0.000159535)
(0.00127628 0 0 0 0.000159536 0 0 0 0.000159536)
(0.00127629 0 0 0 0.000159536 0 0 0 0.000159536)
(0.00127629 0 0 0 0.000159537 0 0 0 0.000159537)
(0.0012763 0 0 0 0.000159537 0 0 0 0.000159537)
(0.0012763 0 0 0 0.000159538 0 0 0 0.000159538)
(0.00127631 0 0 0 0.000159538 0 0 0 0.000159538)
(0.00127631 0 0 0 0.000159539 0 0 0 0.000159539)
(0.00127631 0 0 0 0.000159539 0 0 0 0.000159539)
(0.00127631 0 0 0 0.000159539 0 0 0 0.000159539)
(0.00127631 0 0 0 0.000159539 0 0 0 0.000159539)
(0.00127632 0 0 0 0.00015954 0 0 0 0.00015954)
(0.00127632 0 0 0 0.00015954 0 0 0 0.00015954)
(0.00127632 0 0 0 0.00015954 0 0 0 0.00015954)
(0.00127632 0 0 0 0.00015954 0 0 0 0.00015954)
(0.00127632 0 0 0 0.00015954 0 0 0 0.00015954)
(0.00127632 0 0 0 0.00015954 0 0 0 0.00015954)
(0.00127632 0 0 0 0.00015954 0 0 0 0.00015954)
(0.00127632 0 0 0 0.000159541 0 0 0 0.000159541)
(0.00127633 0 0 0 0.000159541 0 0 0 0.000159541)
(0.00127633 0 0 0 0.000159541 0 0 0 0.000159541)
(0.00127633 0 0 0 0.000159541 0 0 0 0.000159541)
(0.00127633 0 0 0 0.000159541 0 0 0 0.000159541)
(0.00127633 0 0 0 0.000159541 0 0 0 0.000159541)
(0.00127633 0 0 0 0.000159541 0 0 0 0.000159541)
(0.00127633 0 0 0 0.000159541 0 0 0 0.000159541)
(0.00127633 0 0 0 0.000159541 0 0 0 0.000159541)
(0.00127633 0 0 0 0.000159541 0 0 0 0.000159541)
(0.00127633 0 0 0 0.000159541 0 0 0 0.000159541)
(0.00127633 0 0 0 0.000159541 0 0 0 0.000159541)
(0.00127633 0 0 0 0.000159541 0 0 0 0.000159541)
(0.00127633 0 0 0 0.000159542 0 0 0 0.000159542)
(0.00127633 0 0 0 0.000159542 0 0 0 0.000159542)
(0.00127633 0 0 0 0.000159542 0 0 0 0.000159542)
(0.00127634 0 0 0 0.000159542 0 0 0 0.000159542)
(0.00127634 0 0 0 0.000159542 0 0 0 0.000159542)
(0.00127634 0 0 0 0.000159542 0 0 0 0.000159542)
(0.00127634 0 0 0 0.000159543 0 0 0 0.000159543)
(0.00127634 0 0 0 0.000159543 0 0 0 0.000159543)
(0.00127634 0 0 0 0.000159543 0 0 0 0.000159543)
(0.00127635 0 0 0 0.000159543 0 0 0 0.000159543)
(0.00127635 0 0 0 0.000159544 0 0 0 0.000159544)
(0.00127635 0 0 0 0.000159544 0 0 0 0.000159544)
(0.00127636 0 0 0 0.000159545 0 0 0 0.000159545)
(0.00127636 0 0 0 0.000159545 0 0 0 0.000159545)
(0.00127636 0 0 0 0.000159546 0 0 0 0.000159546)
(0.00127637 0 0 0 0.000159546 0 0 0 0.000159546)
(0.00127638 0 0 0 0.000159547 0 0 0 0.000159547)
(0.00127638 0 0 0 0.000159548 0 0 0 0.000159548)
(0.00127639 0 0 0 0.000159548 0 0 0 0.000159548)
(0.0012764 0 0 0 0.000159549 0 0 0 0.000159549)
(0.0012764 0 0 0 0.00015955 0 0 0 0.00015955)
(0.00127641 0 0 0 0.000159552 0 0 0 0.000159552)
(0.00127642 0 0 0 0.000159553 0 0 0 0.000159553)
(0.00127643 0 0 0 0.000159554 0 0 0 0.000159554)
(0.00127645 0 0 0 0.000159556 0 0 0 0.000159556)
(0.00127646 0 0 0 0.000159557 0 0 0 0.000159557)
(0.00127647 0 0 0 0.000159559 0 0 0 0.000159559)
(0.00127649 0 0 0 0.000159561 0 0 0 0.000159561)
(0.00127651 0 0 0 0.000159563 0 0 0 0.000159563)
(0.00127653 0 0 0 0.000159566 0 0 0 0.000159566)
(0.00127655 0 0 0 0.000159568 0 0 0 0.000159568)
(0.00127657 0 0 0 0.000159571 0 0 0 0.000159571)
(0.0012766 0 0 0 0.000159574 0 0 0 0.000159574)
(0.00127662 0 0 0 0.000159578 0 0 0 0.000159578)
(0.00127665 0 0 0 0.000159582 0 0 0 0.000159582)
(0.00127668 0 0 0 0.000159586 0 0 0 0.000159586)
(0.00127672 0 0 0 0.00015959 0 0 0 0.00015959)
(0.00127676 0 0 0 0.000159595 0 0 0 0.000159595)
(0.0012768 0 0 0 0.0001596 0 0 0 0.0001596)
(0.00127684 0 0 0 0.000159605 0 0 0 0.000159605)
(0.00127689 0 0 0 0.000159611 0 0 0 0.000159611)
(0.00127694 0 0 0 0.000159617 0 0 0 0.000159617)
(0.00127699 0 0 0 0.000159624 0 0 0 0.000159624)
(0.00127705 0 0 0 0.000159631 0 0 0 0.000159631)
(0.00127711 0 0 0 0.000159639 0 0 0 0.000159639)
(0.00127718 0 0 0 0.000159647 0 0 0 0.000159647)
(0.00127725 0 0 0 0.000159656 0 0 0 0.000159656)
(0.00127733 0 0 0 0.000159666 0 0 0 0.000159666)
(0.00127741 0 0 0 0.000159676 0 0 0 0.000159676)
(0.0012775 0 0 0 0.000159687 0 0 0 0.000159687)
(0.00127759 0 0 0 0.000159699 0 0 0 0.000159699)
(0.00127769 0 0 0 0.000159711 0 0 0 0.000159711)
(0.00127779 0 0 0 0.000159724 0 0 0 0.000159724)
(0.00127791 0 0 0 0.000159738 0 0 0 0.000159738)
(0.00127802 0 0 0 0.000159753 0 0 0 0.000159753)
(0.00127815 0 0 0 0.000159769 0 0 0 0.000159769)
(0.00127828 0 0 0 0.000159785 0 0 0 0.000159785)
(0.00127842 0 0 0 0.000159803 0 0 0 0.000159803)
(0.00127857 0 0 0 0.000159821 0 0 0 0.000159821)
(0.00127873 0 0 0 0.000159841 0 0 0 0.000159841)
(0.00127889 0 0 0 0.000159862 0 0 0 0.000159862)
(0.00127907 0 0 0 0.000159883 0 0 0 0.000159883)
(0.00127925 0 0 0 0.000159906 0 0 0 0.000159906)
(0.00127944 0 0 0 0.00015993 0 0 0 0.00015993)
(0.00127965 0 0 0 0.000159956 0 0 0 0.000159956)
(0.00127986 0 0 0 0.000159982 0 0 0 0.000159982)
(0.00128008 0 0 0 0.00016001 0 0 0 0.00016001)
(0.00128032 0 0 0 0.00016004 0 0 0 0.00016004)
(0.00128056 0 0 0 0.00016007 0 0 0 0.00016007)
(0.00128082 0 0 0 0.000160102 0 0 0 0.000160102)
(0.00128109 0 0 0 0.000160136 0 0 0 0.000160136)
(0.00128137 0 0 0 0.000160171 0 0 0 0.000160171)
(0.00128166 0 0 0 0.000160207 0 0 0 0.000160207)
(0.00128196 0 0 0 0.000160245 0 0 0 0.000160245)
(0.00128228 0 0 0 0.000160285 0 0 0 0.000160285)
(0.00128261 0 0 0 0.000160326 0 0 0 0.000160326)
(0.00128295 0 0 0 0.000160369 0 0 0 0.000160369)
(0.00128331 0 0 0 0.000160414 0 0 0 0.000160414)
(0.00128368 0 0 0 0.00016046 0 0 0 0.00016046)
(0.00128407 0 0 0 0.000160509 0 0 0 0.000160509)
(0.00128447 0 0 0 0.000160559 0 0 0 0.000160559)
(0.00128489 0 0 0 0.000160611 0 0 0 0.000160611)
(0.00128532 0 0 0 0.000160665 0 0 0 0.000160665)
(0.00128576 0 0 0 0.00016072 0 0 0 0.00016072)
(0.00128622 0 0 0 0.000160778 0 0 0 0.000160778)
(0.0012867 0 0 0 0.000160838 0 0 0 0.000160838)
(0.00128719 0 0 0 0.000160899 0 0 0 0.000160899)
(0.0012877 0 0 0 0.000160963 0 0 0 0.000160963)
(0.00128823 0 0 0 0.000161028 0 0 0 0.000161028)
(0.00128877 0 0 0 0.000161096 0 0 0 0.000161096)
(0.00128933 0 0 0 0.000161166 0 0 0 0.000161166)
(0.0012899 0 0 0 0.000161238 0 0 0 0.000161238)
(0.0012905 0 0 0 0.000161312 0 0 0 0.000161312)
(0.00129111 0 0 0 0.000161389 0 0 0 0.000161389)
(0.00129174 0 0 0 0.000161467 0 0 0 0.000161467)
(0.00129238 0 0 0 0.000161548 0 0 0 0.000161548)
(0.00129305 0 0 0 0.000161631 0 0 0 0.000161631)
(0.00129373 0 0 0 0.000161716 0 0 0 0.000161716)
(0.00129443 0 0 0 0.000161804 0 0 0 0.000161804)
(0.00129515 0 0 0 0.000161893 0 0 0 0.000161893)
(0.00129588 0 0 0 0.000161986 0 0 0 0.000161986)
(0.00129664 0 0 0 0.00016208 0 0 0 0.00016208)
(0.00129742 0 0 0 0.000162177 0 0 0 0.000162177)
(0.00129821 0 0 0 0.000162276 0 0 0 0.000162276)
(0.00129902 0 0 0 0.000162378 0 0 0 0.000162378)
(0.00129986 0 0 0 0.000162482 0 0 0 0.000162482)
(0.00130071 0 0 0 0.000162589 0 0 0 0.000162589)
(0.00130158 0 0 0 0.000162698 0 0 0 0.000162698)
(0.00130248 0 0 0 0.00016281 0 0 0 0.00016281)
(0.00130339 0 0 0 0.000162924 0 0 0 0.000162924)
(0.00130433 0 0 0 0.000163041 0 0 0 0.000163041)
(0.00130528 0 0 0 0.00016316 0 0 0 0.00016316)
(0.00130626 0 0 0 0.000163283 0 0 0 0.000163283)
(0.00130726 0 0 0 0.000163408 0 0 0 0.000163408)
(0.00130828 0 0 0 0.000163535 0 0 0 0.000163535)
(0.00130933 0 0 0 0.000163666 0 0 0 0.000163666)
(0.0013104 0 0 0 0.000163799 0 0 0 0.000163799)
(0.00131149 0 0 0 0.000163936 0 0 0 0.000163936)
(0.0013126 0 0 0 0.000164075 0 0 0 0.000164075)
(0.00131373 0 0 0 0.000164216 0 0 0 0.000164216)
(0.00131488 0 0 0 0.00016436 0 0 0 0.00016436)
(0.0013157 0 0 0 0.000164463 0 0 0 0.000164463)
(0.00131614 0 0 0 0.000164518 0 0 0 0.000164518)
(0.00123497 0 0 0 0.000154371 0 0 0 0.000154371)
(0.00123533 0 0 0 0.000154416 0 0 0 0.000154416)
(0.001236 0 0 0 0.0001545 0 0 0 0.0001545)
(0.00123695 0 0 0 0.000154619 0 0 0 0.000154619)
(0.00123788 0 0 0 0.000154735 0 0 0 0.000154735)
(0.00123878 0 0 0 0.000154848 0 0 0 0.000154848)
(0.00123967 0 0 0 0.000154959 0 0 0 0.000154959)
(0.00124054 0 0 0 0.000155068 0 0 0 0.000155068)
(0.0012414 0 0 0 0.000155175 0 0 0 0.000155175)
(0.00124225 0 0 0 0.000155281 0 0 0 0.000155281)
(0.00124309 0 0 0 0.000155386 0 0 0 0.000155386)
(0.00124392 0 0 0 0.000155489 0 0 0 0.000155489)
(0.00124473 0 0 0 0.000155592 0 0 0 0.000155592)
(0.00124554 0 0 0 0.000155693 0 0 0 0.000155693)
(0.00124634 0 0 0 0.000155792 0 0 0 0.000155792)
(0.00124713 0 0 0 0.000155891 0 0 0 0.000155891)
(0.0012479 0 0 0 0.000155988 0 0 0 0.000155988)
(0.00124867 0 0 0 0.000156084 0 0 0 0.000156084)
(0.00124943 0 0 0 0.000156179 0 0 0 0.000156179)
(0.00125018 0 0 0 0.000156272 0 0 0 0.000156272)
(0.00125091 0 0 0 0.000156364 0 0 0 0.000156364)
(0.00125164 0 0 0 0.000156455 0 0 0 0.000156455)
(0.00125236 0 0 0 0.000156544 0 0 0 0.000156544)
(0.00125306 0 0 0 0.000156633 0 0 0 0.000156633)
(0.00125376 0 0 0 0.000156719 0 0 0 0.000156719)
(0.00125444 0 0 0 0.000156805 0 0 0 0.000156805)
(0.00125511 0 0 0 0.000156889 0 0 0 0.000156889)
(0.00125577 0 0 0 0.000156972 0 0 0 0.000156972)
(0.00125642 0 0 0 0.000157053 0 0 0 0.000157053)
(0.00125706 0 0 0 0.000157133 0 0 0 0.000157133)
(0.00125769 0 0 0 0.000157211 0 0 0 0.000157211)
(0.00125831 0 0 0 0.000157288 0 0 0 0.000157288)
(0.00125891 0 0 0 0.000157364 0 0 0 0.000157364)
(0.0012595 0 0 0 0.000157438 0 0 0 0.000157438)
(0.00126009 0 0 0 0.000157511 0 0 0 0.000157511)
(0.00126066 0 0 0 0.000157582 0 0 0 0.000157582)
(0.00126121 0 0 0 0.000157652 0 0 0 0.000157652)
(0.00126176 0 0 0 0.00015772 0 0 0 0.00015772)
(0.00126229 0 0 0 0.000157787 0 0 0 0.000157787)
(0.00126282 0 0 0 0.000157852 0 0 0 0.000157852)
(0.00126333 0 0 0 0.000157916 0 0 0 0.000157916)
(0.00126383 0 0 0 0.000157978 0 0 0 0.000157978)
(0.00126431 0 0 0 0.000158039 0 0 0 0.000158039)
(0.00126479 0 0 0 0.000158099 0 0 0 0.000158099)
(0.00126525 0 0 0 0.000158157 0 0 0 0.000158157)
(0.00126571 0 0 0 0.000158213 0 0 0 0.000158213)
(0.00126615 0 0 0 0.000158268 0 0 0 0.000158268)
(0.00126657 0 0 0 0.000158322 0 0 0 0.000158322)
(0.00126699 0 0 0 0.000158374 0 0 0 0.000158374)
(0.00126739 0 0 0 0.000158424 0 0 0 0.000158424)
(0.00126779 0 0 0 0.000158473 0 0 0 0.000158473)
(0.00126817 0 0 0 0.000158521 0 0 0 0.000158521)
(0.00126854 0 0 0 0.000158567 0 0 0 0.000158567)
(0.0012689 0 0 0 0.000158612 0 0 0 0.000158612)
(0.00126925 0 0 0 0.000158656 0 0 0 0.000158656)
(0.00126958 0 0 0 0.000158698 0 0 0 0.000158698)
(0.00126991 0 0 0 0.000158738 0 0 0 0.000158738)
(0.00127022 0 0 0 0.000158778 0 0 0 0.000158778)
(0.00127052 0 0 0 0.000158816 0 0 0 0.000158816)
(0.00127082 0 0 0 0.000158852 0 0 0 0.000158852)
(0.0012711 0 0 0 0.000158887 0 0 0 0.000158887)
(0.00127137 0 0 0 0.000158921 0 0 0 0.000158921)
(0.00127163 0 0 0 0.000158954 0 0 0 0.000158954)
(0.00127188 0 0 0 0.000158986 0 0 0 0.000158986)
(0.00127213 0 0 0 0.000159016 0 0 0 0.000159016)
(0.00127236 0 0 0 0.000159045 0 0 0 0.000159045)
(0.00127258 0 0 0 0.000159073 0 0 0 0.000159073)
(0.00127279 0 0 0 0.000159099 0 0 0 0.000159099)
(0.001273 0 0 0 0.000159125 0 0 0 0.000159125)
(0.00127319 0 0 0 0.000159149 0 0 0 0.000159149)
(0.00127338 0 0 0 0.000159173 0 0 0 0.000159173)
(0.00127356 0 0 0 0.000159195 0 0 0 0.000159195)
(0.00127373 0 0 0 0.000159216 0 0 0 0.000159216)
(0.00127389 0 0 0 0.000159236 0 0 0 0.000159236)
(0.00127404 0 0 0 0.000159256 0 0 0 0.000159256)
(0.00127419 0 0 0 0.000159274 0 0 0 0.000159274)
(0.00127433 0 0 0 0.000159291 0 0 0 0.000159291)
(0.00127446 0 0 0 0.000159308 0 0 0 0.000159308)
(0.00127459 0 0 0 0.000159323 0 0 0 0.000159323)
(0.00127471 0 0 0 0.000159338 0 0 0 0.000159338)
(0.00127482 0 0 0 0.000159352 0 0 0 0.000159352)
(0.00127492 0 0 0 0.000159365 0 0 0 0.000159365)
(0.00127502 0 0 0 0.000159378 0 0 0 0.000159378)
(0.00127512 0 0 0 0.00015939 0 0 0 0.00015939)
(0.00127521 0 0 0 0.000159401 0 0 0 0.000159401)
(0.00127529 0 0 0 0.000159411 0 0 0 0.000159411)
(0.00127537 0 0 0 0.000159421 0 0 0 0.000159421)
(0.00127544 0 0 0 0.00015943 0 0 0 0.00015943)
(0.00127551 0 0 0 0.000159439 0 0 0 0.000159439)
(0.00127557 0 0 0 0.000159447 0 0 0 0.000159447)
(0.00127563 0 0 0 0.000159454 0 0 0 0.000159454)
(0.00127569 0 0 0 0.000159461 0 0 0 0.000159461)
(0.00127574 0 0 0 0.000159468 0 0 0 0.000159468)
(0.00127579 0 0 0 0.000159474 0 0 0 0.000159474)
(0.00127584 0 0 0 0.00015948 0 0 0 0.00015948)
(0.00127588 0 0 0 0.000159485 0 0 0 0.000159485)
(0.00127592 0 0 0 0.00015949 0 0 0 0.00015949)
(0.00127595 0 0 0 0.000159494 0 0 0 0.000159494)
(0.00127599 0 0 0 0.000159498 0 0 0 0.000159498)
(0.00127602 0 0 0 0.000159502 0 0 0 0.000159502)
(0.00127605 0 0 0 0.000159506 0 0 0 0.000159506)
(0.00127607 0 0 0 0.000159509 0 0 0 0.000159509)
(0.0012761 0 0 0 0.000159512 0 0 0 0.000159512)
(0.00127612 0 0 0 0.000159515 0 0 0 0.000159515)
(0.00127614 0 0 0 0.000159517 0 0 0 0.000159517)
(0.00127616 0 0 0 0.00015952 0 0 0 0.00015952)
(0.00127618 0 0 0 0.000159522 0 0 0 0.000159522)
(0.00127619 0 0 0 0.000159524 0 0 0 0.000159524)
(0.0012762 0 0 0 0.000159526 0 0 0 0.000159526)
(0.00127622 0 0 0 0.000159527 0 0 0 0.000159527)
(0.00127623 0 0 0 0.000159529 0 0 0 0.000159529)
(0.00127624 0 0 0 0.00015953 0 0 0 0.00015953)
(0.00127625 0 0 0 0.000159531 0 0 0 0.000159531)
(0.00127626 0 0 0 0.000159532 0 0 0 0.000159532)
(0.00127627 0 0 0 0.000159533 0 0 0 0.000159533)
(0.00127627 0 0 0 0.000159534 0 0 0 0.000159534)
(0.00127628 0 0 0 0.000159535 0 0 0 0.000159535)
(0.00127628 0 0 0 0.000159536 0 0 0 0.000159536)
(0.00127629 0 0 0 0.000159536 0 0 0 0.000159536)
(0.00127629 0 0 0 0.000159537 0 0 0 0.000159537)
(0.0012763 0 0 0 0.000159537 0 0 0 0.000159537)
(0.0012763 0 0 0 0.000159538 0 0 0 0.000159538)
(0.00127631 0 0 0 0.000159538 0 0 0 0.000159538)
(0.00127631 0 0 0 0.000159539 0 0 0 0.000159539)
(0.00127631 0 0 0 0.000159539 0 0 0 0.000159539)
(0.00127631 0 0 0 0.000159539 0 0 0 0.000159539)
(0.00127631 0 0 0 0.000159539 0 0 0 0.000159539)
(0.00127632 0 0 0 0.00015954 0 0 0 0.00015954)
(0.00127632 0 0 0 0.00015954 0 0 0 0.00015954)
(0.00127632 0 0 0 0.00015954 0 0 0 0.00015954)
(0.00127632 0 0 0 0.00015954 0 0 0 0.00015954)
(0.00127632 0 0 0 0.00015954 0 0 0 0.00015954)
(0.00127632 0 0 0 0.00015954 0 0 0 0.00015954)
(0.00127632 0 0 0 0.00015954 0 0 0 0.00015954)
(0.00127632 0 0 0 0.000159541 0 0 0 0.000159541)
(0.00127633 0 0 0 0.000159541 0 0 0 0.000159541)
(0.00127633 0 0 0 0.000159541 0 0 0 0.000159541)
(0.00127633 0 0 0 0.000159541 0 0 0 0.000159541)
(0.00127633 0 0 0 0.000159541 0 0 0 0.000159541)
(0.00127633 0 0 0 0.000159541 0 0 0 0.000159541)
(0.00127633 0 0 0 0.000159541 0 0 0 0.000159541)
(0.00127633 0 0 0 0.000159541 0 0 0 0.000159541)
(0.00127633 0 0 0 0.000159541 0 0 0 0.000159541)
(0.00127633 0 0 0 0.000159541 0 0 0 0.000159541)
(0.00127633 0 0 0 0.000159541 0 0 0 0.000159541)
(0.00127633 0 0 0 0.000159541 0 0 0 0.000159541)
(0.00127633 0 0 0 0.000159541 0 0 0 0.000159541)
(0.00127633 0 0 0 0.000159542 0 0 0 0.000159542)
(0.00127633 0 0 0 0.000159542 0 0 0 0.000159542)
(0.00127633 0 0 0 0.000159542 0 0 0 0.000159542)
(0.00127634 0 0 0 0.000159542 0 0 0 0.000159542)
(0.00127634 0 0 0 0.000159542 0 0 0 0.000159542)
(0.00127634 0 0 0 0.000159542 0 0 0 0.000159542)
(0.00127634 0 0 0 0.000159543 0 0 0 0.000159543)
(0.00127634 0 0 0 0.000159543 0 0 0 0.000159543)
(0.00127634 0 0 0 0.000159543 0 0 0 0.000159543)
(0.00127635 0 0 0 0.000159543 0 0 0 0.000159543)
(0.00127635 0 0 0 0.000159544 0 0 0 0.000159544)
(0.00127635 0 0 0 0.000159544 0 0 0 0.000159544)
(0.00127636 0 0 0 0.000159545 0 0 0 0.000159545)
(0.00127636 0 0 0 0.000159545 0 0 0 0.000159545)
(0.00127636 0 0 0 0.000159546 0 0 0 0.000159546)
(0.00127637 0 0 0 0.000159546 0 0 0 0.000159546)
(0.00127638 0 0 0 0.000159547 0 0 0 0.000159547)
(0.00127638 0 0 0 0.000159548 0 0 0 0.000159548)
(0.00127639 0 0 0 0.000159548 0 0 0 0.000159548)
(0.0012764 0 0 0 0.000159549 0 0 0 0.000159549)
(0.0012764 0 0 0 0.00015955 0 0 0 0.00015955)
(0.00127641 0 0 0 0.000159552 0 0 0 0.000159552)
(0.00127642 0 0 0 0.000159553 0 0 0 0.000159553)
(0.00127643 0 0 0 0.000159554 0 0 0 0.000159554)
(0.00127645 0 0 0 0.000159556 0 0 0 0.000159556)
(0.00127646 0 0 0 0.000159557 0 0 0 0.000159557)
(0.00127647 0 0 0 0.000159559 0 0 0 0.000159559)
(0.00127649 0 0 0 0.000159561 0 0 0 0.000159561)
(0.00127651 0 0 0 0.000159563 0 0 0 0.000159563)
(0.00127653 0 0 0 0.000159566 0 0 0 0.000159566)
(0.00127655 0 0 0 0.000159568 0 0 0 0.000159568)
(0.00127657 0 0 0 0.000159571 0 0 0 0.000159571)
(0.0012766 0 0 0 0.000159574 0 0 0 0.000159574)
(0.00127662 0 0 0 0.000159578 0 0 0 0.000159578)
(0.00127665 0 0 0 0.000159582 0 0 0 0.000159582)
(0.00127668 0 0 0 0.000159586 0 0 0 0.000159586)
(0.00127672 0 0 0 0.00015959 0 0 0 0.00015959)
(0.00127676 0 0 0 0.000159595 0 0 0 0.000159595)
(0.0012768 0 0 0 0.0001596 0 0 0 0.0001596)
(0.00127684 0 0 0 0.000159605 0 0 0 0.000159605)
(0.00127689 0 0 0 0.000159611 0 0 0 0.000159611)
(0.00127694 0 0 0 0.000159617 0 0 0 0.000159617)
(0.00127699 0 0 0 0.000159624 0 0 0 0.000159624)
(0.00127705 0 0 0 0.000159631 0 0 0 0.000159631)
(0.00127711 0 0 0 0.000159639 0 0 0 0.000159639)
(0.00127718 0 0 0 0.000159648 0 0 0 0.000159648)
(0.00127725 0 0 0 0.000159656 0 0 0 0.000159656)
(0.00127733 0 0 0 0.000159666 0 0 0 0.000159666)
(0.00127741 0 0 0 0.000159676 0 0 0 0.000159676)
(0.0012775 0 0 0 0.000159687 0 0 0 0.000159687)
(0.00127759 0 0 0 0.000159699 0 0 0 0.000159699)
(0.00127769 0 0 0 0.000159711 0 0 0 0.000159711)
(0.00127779 0 0 0 0.000159724 0 0 0 0.000159724)
(0.00127791 0 0 0 0.000159738 0 0 0 0.000159738)
(0.00127802 0 0 0 0.000159753 0 0 0 0.000159753)
(0.00127815 0 0 0 0.000159769 0 0 0 0.000159769)
(0.00127828 0 0 0 0.000159785 0 0 0 0.000159785)
(0.00127842 0 0 0 0.000159803 0 0 0 0.000159803)
(0.00127857 0 0 0 0.000159822 0 0 0 0.000159822)
(0.00127873 0 0 0 0.000159841 0 0 0 0.000159841)
(0.00127889 0 0 0 0.000159862 0 0 0 0.000159862)
(0.00127907 0 0 0 0.000159884 0 0 0 0.000159884)
(0.00127925 0 0 0 0.000159906 0 0 0 0.000159906)
(0.00127944 0 0 0 0.000159931 0 0 0 0.000159931)
(0.00127965 0 0 0 0.000159956 0 0 0 0.000159956)
(0.00127986 0 0 0 0.000159982 0 0 0 0.000159982)
(0.00128008 0 0 0 0.00016001 0 0 0 0.00016001)
(0.00128032 0 0 0 0.00016004 0 0 0 0.00016004)
(0.00128056 0 0 0 0.00016007 0 0 0 0.00016007)
(0.00128082 0 0 0 0.000160102 0 0 0 0.000160102)
(0.00128109 0 0 0 0.000160136 0 0 0 0.000160136)
(0.00128137 0 0 0 0.000160171 0 0 0 0.000160171)
(0.00128166 0 0 0 0.000160207 0 0 0 0.000160207)
(0.00128196 0 0 0 0.000160245 0 0 0 0.000160245)
(0.00128228 0 0 0 0.000160285 0 0 0 0.000160285)
(0.00128261 0 0 0 0.000160326 0 0 0 0.000160326)
(0.00128296 0 0 0 0.000160369 0 0 0 0.000160369)
(0.00128331 0 0 0 0.000160414 0 0 0 0.000160414)
(0.00128369 0 0 0 0.000160461 0 0 0 0.000160461)
(0.00128407 0 0 0 0.000160509 0 0 0 0.000160509)
(0.00128447 0 0 0 0.000160559 0 0 0 0.000160559)
(0.00128489 0 0 0 0.000160611 0 0 0 0.000160611)
(0.00128532 0 0 0 0.000160665 0 0 0 0.000160665)
(0.00128576 0 0 0 0.00016072 0 0 0 0.00016072)
(0.00128622 0 0 0 0.000160778 0 0 0 0.000160778)
(0.0012867 0 0 0 0.000160838 0 0 0 0.000160838)
(0.00128719 0 0 0 0.000160899 0 0 0 0.000160899)
(0.0012877 0 0 0 0.000160963 0 0 0 0.000160963)
(0.00128823 0 0 0 0.000161029 0 0 0 0.000161029)
(0.00128877 0 0 0 0.000161096 0 0 0 0.000161096)
(0.00128933 0 0 0 0.000161166 0 0 0 0.000161166)
(0.00128991 0 0 0 0.000161238 0 0 0 0.000161238)
(0.0012905 0 0 0 0.000161313 0 0 0 0.000161313)
(0.00129111 0 0 0 0.000161389 0 0 0 0.000161389)
(0.00129174 0 0 0 0.000161467 0 0 0 0.000161467)
(0.00129239 0 0 0 0.000161548 0 0 0 0.000161548)
(0.00129305 0 0 0 0.000161631 0 0 0 0.000161631)
(0.00129373 0 0 0 0.000161716 0 0 0 0.000161716)
(0.00129443 0 0 0 0.000161804 0 0 0 0.000161804)
(0.00129515 0 0 0 0.000161894 0 0 0 0.000161894)
(0.00129589 0 0 0 0.000161986 0 0 0 0.000161986)
(0.00129664 0 0 0 0.00016208 0 0 0 0.00016208)
(0.00129742 0 0 0 0.000162177 0 0 0 0.000162177)
(0.00129821 0 0 0 0.000162277 0 0 0 0.000162277)
(0.00129903 0 0 0 0.000162378 0 0 0 0.000162378)
(0.00129986 0 0 0 0.000162483 0 0 0 0.000162483)
(0.00130071 0 0 0 0.000162589 0 0 0 0.000162589)
(0.00130159 0 0 0 0.000162698 0 0 0 0.000162698)
(0.00130248 0 0 0 0.00016281 0 0 0 0.00016281)
(0.0013034 0 0 0 0.000162925 0 0 0 0.000162925)
(0.00130433 0 0 0 0.000163041 0 0 0 0.000163041)
(0.00130529 0 0 0 0.000163161 0 0 0 0.000163161)
(0.00130627 0 0 0 0.000163283 0 0 0 0.000163283)
(0.00130727 0 0 0 0.000163408 0 0 0 0.000163408)
(0.00130829 0 0 0 0.000163536 0 0 0 0.000163536)
(0.00130933 0 0 0 0.000163667 0 0 0 0.000163667)
(0.0013104 0 0 0 0.0001638 0 0 0 0.0001638)
(0.00131149 0 0 0 0.000163936 0 0 0 0.000163936)
(0.0013126 0 0 0 0.000164075 0 0 0 0.000164075)
(0.00131373 0 0 0 0.000164217 0 0 0 0.000164217)
(0.00131488 0 0 0 0.00016436 0 0 0 0.00016436)
(0.0013157 0 0 0 0.000164462 0 0 0 0.000164462)
(0.00131616 0 0 0 0.00016452 0 0 0 0.00016452)
(0.00123495 0 0 0 0.000154369 0 0 0 0.000154369)
(0.00123532 0 0 0 0.000154416 0 0 0 0.000154416)
(0.00123598 0 0 0 0.000154498 0 0 0 0.000154498)
(0.00123695 0 0 0 0.000154618 0 0 0 0.000154618)
(0.00123788 0 0 0 0.000154734 0 0 0 0.000154734)
(0.00123878 0 0 0 0.000154848 0 0 0 0.000154848)
(0.00123967 0 0 0 0.000154959 0 0 0 0.000154959)
(0.00124054 0 0 0 0.000155068 0 0 0 0.000155068)
(0.0012414 0 0 0 0.000155175 0 0 0 0.000155175)
(0.00124225 0 0 0 0.000155281 0 0 0 0.000155281)
(0.00124309 0 0 0 0.000155386 0 0 0 0.000155386)
(0.00124392 0 0 0 0.00015549 0 0 0 0.00015549)
(0.00124473 0 0 0 0.000155592 0 0 0 0.000155592)
(0.00124554 0 0 0 0.000155693 0 0 0 0.000155693)
(0.00124634 0 0 0 0.000155792 0 0 0 0.000155792)
(0.00124713 0 0 0 0.000155891 0 0 0 0.000155891)
(0.0012479 0 0 0 0.000155988 0 0 0 0.000155988)
(0.00124867 0 0 0 0.000156084 0 0 0 0.000156084)
(0.00124943 0 0 0 0.000156179 0 0 0 0.000156179)
(0.00125018 0 0 0 0.000156272 0 0 0 0.000156272)
(0.00125091 0 0 0 0.000156364 0 0 0 0.000156364)
(0.00125164 0 0 0 0.000156455 0 0 0 0.000156455)
(0.00125236 0 0 0 0.000156545 0 0 0 0.000156545)
(0.00125306 0 0 0 0.000156633 0 0 0 0.000156633)
(0.00125376 0 0 0 0.00015672 0 0 0 0.00015672)
(0.00125444 0 0 0 0.000156805 0 0 0 0.000156805)
(0.00125511 0 0 0 0.000156889 0 0 0 0.000156889)
(0.00125577 0 0 0 0.000156972 0 0 0 0.000156972)
(0.00125642 0 0 0 0.000157053 0 0 0 0.000157053)
(0.00125706 0 0 0 0.000157133 0 0 0 0.000157133)
(0.00125769 0 0 0 0.000157211 0 0 0 0.000157211)
(0.00125831 0 0 0 0.000157288 0 0 0 0.000157288)
(0.00125891 0 0 0 0.000157364 0 0 0 0.000157364)
(0.00125951 0 0 0 0.000157438 0 0 0 0.000157438)
(0.00126009 0 0 0 0.000157511 0 0 0 0.000157511)
(0.00126066 0 0 0 0.000157582 0 0 0 0.000157582)
(0.00126121 0 0 0 0.000157652 0 0 0 0.000157652)
(0.00126176 0 0 0 0.00015772 0 0 0 0.00015772)
(0.0012623 0 0 0 0.000157787 0 0 0 0.000157787)
(0.00126282 0 0 0 0.000157852 0 0 0 0.000157852)
(0.00126333 0 0 0 0.000157916 0 0 0 0.000157916)
(0.00126383 0 0 0 0.000157979 0 0 0 0.000157979)
(0.00126432 0 0 0 0.000158039 0 0 0 0.000158039)
(0.00126479 0 0 0 0.000158099 0 0 0 0.000158099)
(0.00126525 0 0 0 0.000158157 0 0 0 0.000158157)
(0.00126571 0 0 0 0.000158213 0 0 0 0.000158213)
(0.00126615 0 0 0 0.000158268 0 0 0 0.000158268)
(0.00126657 0 0 0 0.000158322 0 0 0 0.000158322)
(0.00126699 0 0 0 0.000158374 0 0 0 0.000158374)
(0.00126739 0 0 0 0.000158424 0 0 0 0.000158424)
(0.00126779 0 0 0 0.000158473 0 0 0 0.000158473)
(0.00126817 0 0 0 0.000158521 0 0 0 0.000158521)
(0.00126854 0 0 0 0.000158567 0 0 0 0.000158567)
(0.0012689 0 0 0 0.000158612 0 0 0 0.000158612)
(0.00126925 0 0 0 0.000158656 0 0 0 0.000158656)
(0.00126958 0 0 0 0.000158698 0 0 0 0.000158698)
(0.00126991 0 0 0 0.000158738 0 0 0 0.000158738)
(0.00127022 0 0 0 0.000158778 0 0 0 0.000158778)
(0.00127052 0 0 0 0.000158816 0 0 0 0.000158816)
(0.00127082 0 0 0 0.000158852 0 0 0 0.000158852)
(0.0012711 0 0 0 0.000158887 0 0 0 0.000158887)
(0.00127137 0 0 0 0.000158921 0 0 0 0.000158921)
(0.00127163 0 0 0 0.000158954 0 0 0 0.000158954)
(0.00127189 0 0 0 0.000158986 0 0 0 0.000158986)
(0.00127213 0 0 0 0.000159016 0 0 0 0.000159016)
(0.00127236 0 0 0 0.000159045 0 0 0 0.000159045)
(0.00127258 0 0 0 0.000159073 0 0 0 0.000159073)
(0.00127279 0 0 0 0.000159099 0 0 0 0.000159099)
(0.001273 0 0 0 0.000159125 0 0 0 0.000159125)
(0.00127319 0 0 0 0.000159149 0 0 0 0.000159149)
(0.00127338 0 0 0 0.000159173 0 0 0 0.000159173)
(0.00127356 0 0 0 0.000159195 0 0 0 0.000159195)
(0.00127373 0 0 0 0.000159216 0 0 0 0.000159216)
(0.00127389 0 0 0 0.000159236 0 0 0 0.000159236)
(0.00127404 0 0 0 0.000159256 0 0 0 0.000159256)
(0.00127419 0 0 0 0.000159274 0 0 0 0.000159274)
(0.00127433 0 0 0 0.000159291 0 0 0 0.000159291)
(0.00127446 0 0 0 0.000159308 0 0 0 0.000159308)
(0.00127459 0 0 0 0.000159323 0 0 0 0.000159323)
(0.00127471 0 0 0 0.000159338 0 0 0 0.000159338)
(0.00127482 0 0 0 0.000159352 0 0 0 0.000159352)
(0.00127492 0 0 0 0.000159365 0 0 0 0.000159365)
(0.00127502 0 0 0 0.000159378 0 0 0 0.000159378)
(0.00127512 0 0 0 0.00015939 0 0 0 0.00015939)
(0.00127521 0 0 0 0.000159401 0 0 0 0.000159401)
(0.00127529 0 0 0 0.000159411 0 0 0 0.000159411)
(0.00127537 0 0 0 0.000159421 0 0 0 0.000159421)
(0.00127544 0 0 0 0.00015943 0 0 0 0.00015943)
(0.00127551 0 0 0 0.000159439 0 0 0 0.000159439)
(0.00127557 0 0 0 0.000159447 0 0 0 0.000159447)
(0.00127563 0 0 0 0.000159454 0 0 0 0.000159454)
(0.00127569 0 0 0 0.000159461 0 0 0 0.000159461)
(0.00127574 0 0 0 0.000159468 0 0 0 0.000159468)
(0.00127579 0 0 0 0.000159474 0 0 0 0.000159474)
(0.00127584 0 0 0 0.00015948 0 0 0 0.00015948)
(0.00127588 0 0 0 0.000159485 0 0 0 0.000159485)
(0.00127592 0 0 0 0.00015949 0 0 0 0.00015949)
(0.00127595 0 0 0 0.000159494 0 0 0 0.000159494)
(0.00127599 0 0 0 0.000159498 0 0 0 0.000159498)
(0.00127602 0 0 0 0.000159502 0 0 0 0.000159502)
(0.00127605 0 0 0 0.000159506 0 0 0 0.000159506)
(0.00127607 0 0 0 0.000159509 0 0 0 0.000159509)
(0.0012761 0 0 0 0.000159512 0 0 0 0.000159512)
(0.00127612 0 0 0 0.000159515 0 0 0 0.000159515)
(0.00127614 0 0 0 0.000159517 0 0 0 0.000159517)
(0.00127616 0 0 0 0.00015952 0 0 0 0.00015952)
(0.00127618 0 0 0 0.000159522 0 0 0 0.000159522)
(0.00127619 0 0 0 0.000159524 0 0 0 0.000159524)
(0.0012762 0 0 0 0.000159526 0 0 0 0.000159526)
(0.00127622 0 0 0 0.000159527 0 0 0 0.000159527)
(0.00127623 0 0 0 0.000159529 0 0 0 0.000159529)
(0.00127624 0 0 0 0.00015953 0 0 0 0.00015953)
(0.00127625 0 0 0 0.000159531 0 0 0 0.000159531)
(0.00127626 0 0 0 0.000159532 0 0 0 0.000159532)
(0.00127627 0 0 0 0.000159533 0 0 0 0.000159533)
(0.00127627 0 0 0 0.000159534 0 0 0 0.000159534)
(0.00127628 0 0 0 0.000159535 0 0 0 0.000159535)
(0.00127628 0 0 0 0.000159536 0 0 0 0.000159536)
(0.00127629 0 0 0 0.000159536 0 0 0 0.000159536)
(0.00127629 0 0 0 0.000159537 0 0 0 0.000159537)
(0.0012763 0 0 0 0.000159537 0 0 0 0.000159537)
(0.0012763 0 0 0 0.000159538 0 0 0 0.000159538)
(0.00127631 0 0 0 0.000159538 0 0 0 0.000159538)
(0.00127631 0 0 0 0.000159539 0 0 0 0.000159539)
(0.00127631 0 0 0 0.000159539 0 0 0 0.000159539)
(0.00127631 0 0 0 0.000159539 0 0 0 0.000159539)
(0.00127631 0 0 0 0.000159539 0 0 0 0.000159539)
(0.00127632 0 0 0 0.00015954 0 0 0 0.00015954)
(0.00127632 0 0 0 0.00015954 0 0 0 0.00015954)
(0.00127632 0 0 0 0.00015954 0 0 0 0.00015954)
(0.00127632 0 0 0 0.00015954 0 0 0 0.00015954)
(0.00127632 0 0 0 0.00015954 0 0 0 0.00015954)
(0.00127632 0 0 0 0.00015954 0 0 0 0.00015954)
(0.00127632 0 0 0 0.00015954 0 0 0 0.00015954)
(0.00127632 0 0 0 0.000159541 0 0 0 0.000159541)
(0.00127633 0 0 0 0.000159541 0 0 0 0.000159541)
(0.00127633 0 0 0 0.000159541 0 0 0 0.000159541)
(0.00127633 0 0 0 0.000159541 0 0 0 0.000159541)
(0.00127633 0 0 0 0.000159541 0 0 0 0.000159541)
(0.00127633 0 0 0 0.000159541 0 0 0 0.000159541)
(0.00127633 0 0 0 0.000159541 0 0 0 0.000159541)
(0.00127633 0 0 0 0.000159541 0 0 0 0.000159541)
(0.00127633 0 0 0 0.000159541 0 0 0 0.000159541)
(0.00127633 0 0 0 0.000159541 0 0 0 0.000159541)
(0.00127633 0 0 0 0.000159541 0 0 0 0.000159541)
(0.00127633 0 0 0 0.000159541 0 0 0 0.000159541)
(0.00127633 0 0 0 0.000159541 0 0 0 0.000159541)
(0.00127633 0 0 0 0.000159542 0 0 0 0.000159542)
(0.00127633 0 0 0 0.000159542 0 0 0 0.000159542)
(0.00127633 0 0 0 0.000159542 0 0 0 0.000159542)
(0.00127634 0 0 0 0.000159542 0 0 0 0.000159542)
(0.00127634 0 0 0 0.000159542 0 0 0 0.000159542)
(0.00127634 0 0 0 0.000159542 0 0 0 0.000159542)
(0.00127634 0 0 0 0.000159543 0 0 0 0.000159543)
(0.00127634 0 0 0 0.000159543 0 0 0 0.000159543)
(0.00127634 0 0 0 0.000159543 0 0 0 0.000159543)
(0.00127635 0 0 0 0.000159543 0 0 0 0.000159543)
(0.00127635 0 0 0 0.000159544 0 0 0 0.000159544)
(0.00127635 0 0 0 0.000159544 0 0 0 0.000159544)
(0.00127636 0 0 0 0.000159545 0 0 0 0.000159545)
(0.00127636 0 0 0 0.000159545 0 0 0 0.000159545)
(0.00127636 0 0 0 0.000159546 0 0 0 0.000159546)
(0.00127637 0 0 0 0.000159546 0 0 0 0.000159546)
(0.00127638 0 0 0 0.000159547 0 0 0 0.000159547)
(0.00127638 0 0 0 0.000159548 0 0 0 0.000159548)
(0.00127639 0 0 0 0.000159548 0 0 0 0.000159548)
(0.0012764 0 0 0 0.000159549 0 0 0 0.000159549)
(0.0012764 0 0 0 0.00015955 0 0 0 0.00015955)
(0.00127641 0 0 0 0.000159552 0 0 0 0.000159552)
(0.00127642 0 0 0 0.000159553 0 0 0 0.000159553)
(0.00127643 0 0 0 0.000159554 0 0 0 0.000159554)
(0.00127645 0 0 0 0.000159556 0 0 0 0.000159556)
(0.00127646 0 0 0 0.000159557 0 0 0 0.000159557)
(0.00127647 0 0 0 0.000159559 0 0 0 0.000159559)
(0.00127649 0 0 0 0.000159561 0 0 0 0.000159561)
(0.00127651 0 0 0 0.000159563 0 0 0 0.000159563)
(0.00127653 0 0 0 0.000159566 0 0 0 0.000159566)
(0.00127655 0 0 0 0.000159568 0 0 0 0.000159568)
(0.00127657 0 0 0 0.000159571 0 0 0 0.000159571)
(0.0012766 0 0 0 0.000159574 0 0 0 0.000159574)
(0.00127662 0 0 0 0.000159578 0 0 0 0.000159578)
(0.00127665 0 0 0 0.000159582 0 0 0 0.000159582)
(0.00127668 0 0 0 0.000159586 0 0 0 0.000159586)
(0.00127672 0 0 0 0.00015959 0 0 0 0.00015959)
(0.00127676 0 0 0 0.000159595 0 0 0 0.000159595)
(0.0012768 0 0 0 0.0001596 0 0 0 0.0001596)
(0.00127684 0 0 0 0.000159605 0 0 0 0.000159605)
(0.00127689 0 0 0 0.000159611 0 0 0 0.000159611)
(0.00127694 0 0 0 0.000159617 0 0 0 0.000159617)
(0.00127699 0 0 0 0.000159624 0 0 0 0.000159624)
(0.00127705 0 0 0 0.000159631 0 0 0 0.000159631)
(0.00127711 0 0 0 0.000159639 0 0 0 0.000159639)
(0.00127718 0 0 0 0.000159648 0 0 0 0.000159648)
(0.00127725 0 0 0 0.000159657 0 0 0 0.000159657)
(0.00127733 0 0 0 0.000159666 0 0 0 0.000159666)
(0.00127741 0 0 0 0.000159676 0 0 0 0.000159676)
(0.0012775 0 0 0 0.000159687 0 0 0 0.000159687)
(0.00127759 0 0 0 0.000159699 0 0 0 0.000159699)
(0.00127769 0 0 0 0.000159711 0 0 0 0.000159711)
(0.00127779 0 0 0 0.000159724 0 0 0 0.000159724)
(0.00127791 0 0 0 0.000159738 0 0 0 0.000159738)
(0.00127802 0 0 0 0.000159753 0 0 0 0.000159753)
(0.00127815 0 0 0 0.000159769 0 0 0 0.000159769)
(0.00127828 0 0 0 0.000159785 0 0 0 0.000159785)
(0.00127842 0 0 0 0.000159803 0 0 0 0.000159803)
(0.00127857 0 0 0 0.000159822 0 0 0 0.000159822)
(0.00127873 0 0 0 0.000159841 0 0 0 0.000159841)
(0.00127889 0 0 0 0.000159862 0 0 0 0.000159862)
(0.00127907 0 0 0 0.000159884 0 0 0 0.000159884)
(0.00127925 0 0 0 0.000159906 0 0 0 0.000159906)
(0.00127944 0 0 0 0.000159931 0 0 0 0.000159931)
(0.00127965 0 0 0 0.000159956 0 0 0 0.000159956)
(0.00127986 0 0 0 0.000159983 0 0 0 0.000159983)
(0.00128008 0 0 0 0.00016001 0 0 0 0.00016001)
(0.00128032 0 0 0 0.00016004 0 0 0 0.00016004)
(0.00128056 0 0 0 0.00016007 0 0 0 0.00016007)
(0.00128082 0 0 0 0.000160102 0 0 0 0.000160102)
(0.00128109 0 0 0 0.000160136 0 0 0 0.000160136)
(0.00128137 0 0 0 0.000160171 0 0 0 0.000160171)
(0.00128166 0 0 0 0.000160207 0 0 0 0.000160207)
(0.00128196 0 0 0 0.000160245 0 0 0 0.000160245)
(0.00128228 0 0 0 0.000160285 0 0 0 0.000160285)
(0.00128261 0 0 0 0.000160326 0 0 0 0.000160326)
(0.00128296 0 0 0 0.000160369 0 0 0 0.000160369)
(0.00128331 0 0 0 0.000160414 0 0 0 0.000160414)
(0.00128369 0 0 0 0.000160461 0 0 0 0.000160461)
(0.00128407 0 0 0 0.000160509 0 0 0 0.000160509)
(0.00128447 0 0 0 0.000160559 0 0 0 0.000160559)
(0.00128489 0 0 0 0.000160611 0 0 0 0.000160611)
(0.00128532 0 0 0 0.000160665 0 0 0 0.000160665)
(0.00128576 0 0 0 0.000160721 0 0 0 0.000160721)
(0.00128623 0 0 0 0.000160778 0 0 0 0.000160778)
(0.0012867 0 0 0 0.000160838 0 0 0 0.000160838)
(0.0012872 0 0 0 0.000160899 0 0 0 0.000160899)
(0.0012877 0 0 0 0.000160963 0 0 0 0.000160963)
(0.00128823 0 0 0 0.000161029 0 0 0 0.000161029)
(0.00128877 0 0 0 0.000161097 0 0 0 0.000161097)
(0.00128933 0 0 0 0.000161166 0 0 0 0.000161166)
(0.00128991 0 0 0 0.000161239 0 0 0 0.000161239)
(0.0012905 0 0 0 0.000161313 0 0 0 0.000161313)
(0.00129111 0 0 0 0.000161389 0 0 0 0.000161389)
(0.00129174 0 0 0 0.000161468 0 0 0 0.000161468)
(0.00129239 0 0 0 0.000161548 0 0 0 0.000161548)
(0.00129305 0 0 0 0.000161631 0 0 0 0.000161631)
(0.00129373 0 0 0 0.000161717 0 0 0 0.000161717)
(0.00129443 0 0 0 0.000161804 0 0 0 0.000161804)
(0.00129515 0 0 0 0.000161894 0 0 0 0.000161894)
(0.00129589 0 0 0 0.000161986 0 0 0 0.000161986)
(0.00129665 0 0 0 0.000162081 0 0 0 0.000162081)
(0.00129742 0 0 0 0.000162178 0 0 0 0.000162178)
(0.00129822 0 0 0 0.000162277 0 0 0 0.000162277)
(0.00129903 0 0 0 0.000162379 0 0 0 0.000162379)
(0.00129986 0 0 0 0.000162483 0 0 0 0.000162483)
(0.00130072 0 0 0 0.00016259 0 0 0 0.00016259)
(0.00130159 0 0 0 0.000162699 0 0 0 0.000162699)
(0.00130248 0 0 0 0.000162811 0 0 0 0.000162811)
(0.0013034 0 0 0 0.000162925 0 0 0 0.000162925)
(0.00130433 0 0 0 0.000163042 0 0 0 0.000163042)
(0.00130529 0 0 0 0.000163161 0 0 0 0.000163161)
(0.00130627 0 0 0 0.000163284 0 0 0 0.000163284)
(0.00130727 0 0 0 0.000163409 0 0 0 0.000163409)
(0.00130829 0 0 0 0.000163537 0 0 0 0.000163537)
(0.00130934 0 0 0 0.000163667 0 0 0 0.000163667)
(0.00131041 0 0 0 0.000163801 0 0 0 0.000163801)
(0.00131149 0 0 0 0.000163937 0 0 0 0.000163937)
(0.00131261 0 0 0 0.000164076 0 0 0 0.000164076)
(0.00131374 0 0 0 0.000164217 0 0 0 0.000164217)
(0.00131489 0 0 0 0.000164361 0 0 0 0.000164361)
(0.0013157 0 0 0 0.000164462 0 0 0 0.000164462)
(0.00131617 0 0 0 0.000164521 0 0 0 0.000164521)
(0.00123494 0 0 0 0.000154367 0 0 0 0.000154367)
(0.00123532 0 0 0 0.000154415 0 0 0 0.000154415)
(0.00123597 0 0 0 0.000154497 0 0 0 0.000154497)
(0.00123694 0 0 0 0.000154618 0 0 0 0.000154618)
(0.00123787 0 0 0 0.000154734 0 0 0 0.000154734)
(0.00123878 0 0 0 0.000154848 0 0 0 0.000154848)
(0.00123967 0 0 0 0.000154959 0 0 0 0.000154959)
(0.00124054 0 0 0 0.000155068 0 0 0 0.000155068)
(0.0012414 0 0 0 0.000155175 0 0 0 0.000155175)
(0.00124225 0 0 0 0.000155282 0 0 0 0.000155282)
(0.00124309 0 0 0 0.000155386 0 0 0 0.000155386)
(0.00124392 0 0 0 0.00015549 0 0 0 0.00015549)
(0.00124474 0 0 0 0.000155592 0 0 0 0.000155592)
(0.00124554 0 0 0 0.000155693 0 0 0 0.000155693)
(0.00124634 0 0 0 0.000155793 0 0 0 0.000155793)
(0.00124713 0 0 0 0.000155891 0 0 0 0.000155891)
(0.00124791 0 0 0 0.000155988 0 0 0 0.000155988)
(0.00124867 0 0 0 0.000156084 0 0 0 0.000156084)
(0.00124943 0 0 0 0.000156179 0 0 0 0.000156179)
(0.00125018 0 0 0 0.000156272 0 0 0 0.000156272)
(0.00125092 0 0 0 0.000156364 0 0 0 0.000156364)
(0.00125164 0 0 0 0.000156455 0 0 0 0.000156455)
(0.00125236 0 0 0 0.000156545 0 0 0 0.000156545)
(0.00125306 0 0 0 0.000156633 0 0 0 0.000156633)
(0.00125376 0 0 0 0.00015672 0 0 0 0.00015672)
(0.00125444 0 0 0 0.000156805 0 0 0 0.000156805)
(0.00125511 0 0 0 0.000156889 0 0 0 0.000156889)
(0.00125577 0 0 0 0.000156972 0 0 0 0.000156972)
(0.00125643 0 0 0 0.000157053 0 0 0 0.000157053)
(0.00125706 0 0 0 0.000157133 0 0 0 0.000157133)
(0.00125769 0 0 0 0.000157211 0 0 0 0.000157211)
(0.00125831 0 0 0 0.000157288 0 0 0 0.000157288)
(0.00125891 0 0 0 0.000157364 0 0 0 0.000157364)
(0.00125951 0 0 0 0.000157438 0 0 0 0.000157438)
(0.00126009 0 0 0 0.000157511 0 0 0 0.000157511)
(0.00126066 0 0 0 0.000157582 0 0 0 0.000157582)
(0.00126122 0 0 0 0.000157652 0 0 0 0.000157652)
(0.00126176 0 0 0 0.00015772 0 0 0 0.00015772)
(0.0012623 0 0 0 0.000157787 0 0 0 0.000157787)
(0.00126282 0 0 0 0.000157852 0 0 0 0.000157852)
(0.00126333 0 0 0 0.000157916 0 0 0 0.000157916)
(0.00126383 0 0 0 0.000157979 0 0 0 0.000157979)
(0.00126432 0 0 0 0.000158039 0 0 0 0.000158039)
(0.00126479 0 0 0 0.000158099 0 0 0 0.000158099)
(0.00126525 0 0 0 0.000158157 0 0 0 0.000158157)
(0.00126571 0 0 0 0.000158213 0 0 0 0.000158213)
(0.00126615 0 0 0 0.000158268 0 0 0 0.000158268)
(0.00126657 0 0 0 0.000158322 0 0 0 0.000158322)
(0.00126699 0 0 0 0.000158374 0 0 0 0.000158374)
(0.0012674 0 0 0 0.000158424 0 0 0 0.000158424)
(0.00126779 0 0 0 0.000158474 0 0 0 0.000158474)
(0.00126817 0 0 0 0.000158521 0 0 0 0.000158521)
(0.00126854 0 0 0 0.000158567 0 0 0 0.000158567)
(0.0012689 0 0 0 0.000158612 0 0 0 0.000158612)
(0.00126925 0 0 0 0.000158656 0 0 0 0.000158656)
(0.00126958 0 0 0 0.000158698 0 0 0 0.000158698)
(0.00126991 0 0 0 0.000158738 0 0 0 0.000158738)
(0.00127022 0 0 0 0.000158778 0 0 0 0.000158778)
(0.00127053 0 0 0 0.000158816 0 0 0 0.000158816)
(0.00127082 0 0 0 0.000158852 0 0 0 0.000158852)
(0.0012711 0 0 0 0.000158888 0 0 0 0.000158888)
(0.00127137 0 0 0 0.000158921 0 0 0 0.000158921)
(0.00127163 0 0 0 0.000158954 0 0 0 0.000158954)
(0.00127189 0 0 0 0.000158986 0 0 0 0.000158986)
(0.00127213 0 0 0 0.000159016 0 0 0 0.000159016)
(0.00127236 0 0 0 0.000159045 0 0 0 0.000159045)
(0.00127258 0 0 0 0.000159073 0 0 0 0.000159073)
(0.00127279 0 0 0 0.000159099 0 0 0 0.000159099)
(0.001273 0 0 0 0.000159125 0 0 0 0.000159125)
(0.00127319 0 0 0 0.000159149 0 0 0 0.000159149)
(0.00127338 0 0 0 0.000159173 0 0 0 0.000159173)
(0.00127356 0 0 0 0.000159195 0 0 0 0.000159195)
(0.00127373 0 0 0 0.000159216 0 0 0 0.000159216)
(0.00127389 0 0 0 0.000159236 0 0 0 0.000159236)
(0.00127404 0 0 0 0.000159256 0 0 0 0.000159256)
(0.00127419 0 0 0 0.000159274 0 0 0 0.000159274)
(0.00127433 0 0 0 0.000159291 0 0 0 0.000159291)
(0.00127446 0 0 0 0.000159308 0 0 0 0.000159308)
(0.00127459 0 0 0 0.000159323 0 0 0 0.000159323)
(0.00127471 0 0 0 0.000159338 0 0 0 0.000159338)
(0.00127482 0 0 0 0.000159352 0 0 0 0.000159352)
(0.00127492 0 0 0 0.000159365 0 0 0 0.000159365)
(0.00127502 0 0 0 0.000159378 0 0 0 0.000159378)
(0.00127512 0 0 0 0.00015939 0 0 0 0.00015939)
(0.00127521 0 0 0 0.000159401 0 0 0 0.000159401)
(0.00127529 0 0 0 0.000159411 0 0 0 0.000159411)
(0.00127537 0 0 0 0.000159421 0 0 0 0.000159421)
(0.00127544 0 0 0 0.00015943 0 0 0 0.00015943)
(0.00127551 0 0 0 0.000159439 0 0 0 0.000159439)
(0.00127557 0 0 0 0.000159447 0 0 0 0.000159447)
(0.00127563 0 0 0 0.000159454 0 0 0 0.000159454)
(0.00127569 0 0 0 0.000159461 0 0 0 0.000159461)
(0.00127574 0 0 0 0.000159468 0 0 0 0.000159468)
(0.00127579 0 0 0 0.000159474 0 0 0 0.000159474)
(0.00127584 0 0 0 0.00015948 0 0 0 0.00015948)
(0.00127588 0 0 0 0.000159485 0 0 0 0.000159485)
(0.00127592 0 0 0 0.00015949 0 0 0 0.00015949)
(0.00127595 0 0 0 0.000159494 0 0 0 0.000159494)
(0.00127599 0 0 0 0.000159498 0 0 0 0.000159498)
(0.00127602 0 0 0 0.000159502 0 0 0 0.000159502)
(0.00127605 0 0 0 0.000159506 0 0 0 0.000159506)
(0.00127607 0 0 0 0.000159509 0 0 0 0.000159509)
(0.0012761 0 0 0 0.000159512 0 0 0 0.000159512)
(0.00127612 0 0 0 0.000159515 0 0 0 0.000159515)
(0.00127614 0 0 0 0.000159517 0 0 0 0.000159517)
(0.00127616 0 0 0 0.00015952 0 0 0 0.00015952)
(0.00127618 0 0 0 0.000159522 0 0 0 0.000159522)
(0.00127619 0 0 0 0.000159524 0 0 0 0.000159524)
(0.0012762 0 0 0 0.000159526 0 0 0 0.000159526)
(0.00127622 0 0 0 0.000159527 0 0 0 0.000159527)
(0.00127623 0 0 0 0.000159529 0 0 0 0.000159529)
(0.00127624 0 0 0 0.00015953 0 0 0 0.00015953)
(0.00127625 0 0 0 0.000159531 0 0 0 0.000159531)
(0.00127626 0 0 0 0.000159532 0 0 0 0.000159532)
(0.00127627 0 0 0 0.000159533 0 0 0 0.000159533)
(0.00127627 0 0 0 0.000159534 0 0 0 0.000159534)
(0.00127628 0 0 0 0.000159535 0 0 0 0.000159535)
(0.00127628 0 0 0 0.000159536 0 0 0 0.000159536)
(0.00127629 0 0 0 0.000159536 0 0 0 0.000159536)
(0.00127629 0 0 0 0.000159537 0 0 0 0.000159537)
(0.0012763 0 0 0 0.000159537 0 0 0 0.000159537)
(0.0012763 0 0 0 0.000159538 0 0 0 0.000159538)
(0.00127631 0 0 0 0.000159538 0 0 0 0.000159538)
(0.00127631 0 0 0 0.000159539 0 0 0 0.000159539)
(0.00127631 0 0 0 0.000159539 0 0 0 0.000159539)
(0.00127631 0 0 0 0.000159539 0 0 0 0.000159539)
(0.00127631 0 0 0 0.000159539 0 0 0 0.000159539)
(0.00127632 0 0 0 0.00015954 0 0 0 0.00015954)
(0.00127632 0 0 0 0.00015954 0 0 0 0.00015954)
(0.00127632 0 0 0 0.00015954 0 0 0 0.00015954)
(0.00127632 0 0 0 0.00015954 0 0 0 0.00015954)
(0.00127632 0 0 0 0.00015954 0 0 0 0.00015954)
(0.00127632 0 0 0 0.00015954 0 0 0 0.00015954)
(0.00127632 0 0 0 0.00015954 0 0 0 0.00015954)
(0.00127632 0 0 0 0.000159541 0 0 0 0.000159541)
(0.00127633 0 0 0 0.000159541 0 0 0 0.000159541)
(0.00127633 0 0 0 0.000159541 0 0 0 0.000159541)
(0.00127633 0 0 0 0.000159541 0 0 0 0.000159541)
(0.00127633 0 0 0 0.000159541 0 0 0 0.000159541)
(0.00127633 0 0 0 0.000159541 0 0 0 0.000159541)
(0.00127633 0 0 0 0.000159541 0 0 0 0.000159541)
(0.00127633 0 0 0 0.000159541 0 0 0 0.000159541)
(0.00127633 0 0 0 0.000159541 0 0 0 0.000159541)
(0.00127633 0 0 0 0.000159541 0 0 0 0.000159541)
(0.00127633 0 0 0 0.000159541 0 0 0 0.000159541)
(0.00127633 0 0 0 0.000159541 0 0 0 0.000159541)
(0.00127633 0 0 0 0.000159541 0 0 0 0.000159541)
(0.00127633 0 0 0 0.000159542 0 0 0 0.000159542)
(0.00127633 0 0 0 0.000159542 0 0 0 0.000159542)
(0.00127633 0 0 0 0.000159542 0 0 0 0.000159542)
(0.00127634 0 0 0 0.000159542 0 0 0 0.000159542)
(0.00127634 0 0 0 0.000159542 0 0 0 0.000159542)
(0.00127634 0 0 0 0.000159542 0 0 0 0.000159542)
(0.00127634 0 0 0 0.000159543 0 0 0 0.000159543)
(0.00127634 0 0 0 0.000159543 0 0 0 0.000159543)
(0.00127634 0 0 0 0.000159543 0 0 0 0.000159543)
(0.00127635 0 0 0 0.000159543 0 0 0 0.000159543)
(0.00127635 0 0 0 0.000159544 0 0 0 0.000159544)
(0.00127635 0 0 0 0.000159544 0 0 0 0.000159544)
(0.00127636 0 0 0 0.000159545 0 0 0 0.000159545)
(0.00127636 0 0 0 0.000159545 0 0 0 0.000159545)
(0.00127636 0 0 0 0.000159546 0 0 0 0.000159546)
(0.00127637 0 0 0 0.000159546 0 0 0 0.000159546)
(0.00127638 0 0 0 0.000159547 0 0 0 0.000159547)
(0.00127638 0 0 0 0.000159548 0 0 0 0.000159548)
(0.00127639 0 0 0 0.000159548 0 0 0 0.000159548)
(0.0012764 0 0 0 0.000159549 0 0 0 0.000159549)
(0.0012764 0 0 0 0.00015955 0 0 0 0.00015955)
(0.00127641 0 0 0 0.000159552 0 0 0 0.000159552)
(0.00127642 0 0 0 0.000159553 0 0 0 0.000159553)
(0.00127643 0 0 0 0.000159554 0 0 0 0.000159554)
(0.00127645 0 0 0 0.000159556 0 0 0 0.000159556)
(0.00127646 0 0 0 0.000159557 0 0 0 0.000159557)
(0.00127647 0 0 0 0.000159559 0 0 0 0.000159559)
(0.00127649 0 0 0 0.000159561 0 0 0 0.000159561)
(0.00127651 0 0 0 0.000159563 0 0 0 0.000159563)
(0.00127653 0 0 0 0.000159566 0 0 0 0.000159566)
(0.00127655 0 0 0 0.000159568 0 0 0 0.000159568)
(0.00127657 0 0 0 0.000159571 0 0 0 0.000159571)
(0.0012766 0 0 0 0.000159574 0 0 0 0.000159574)
(0.00127662 0 0 0 0.000159578 0 0 0 0.000159578)
(0.00127665 0 0 0 0.000159582 0 0 0 0.000159582)
(0.00127668 0 0 0 0.000159586 0 0 0 0.000159586)
(0.00127672 0 0 0 0.00015959 0 0 0 0.00015959)
(0.00127676 0 0 0 0.000159595 0 0 0 0.000159595)
(0.0012768 0 0 0 0.0001596 0 0 0 0.0001596)
(0.00127684 0 0 0 0.000159605 0 0 0 0.000159605)
(0.00127689 0 0 0 0.000159611 0 0 0 0.000159611)
(0.00127694 0 0 0 0.000159617 0 0 0 0.000159617)
(0.00127699 0 0 0 0.000159624 0 0 0 0.000159624)
(0.00127705 0 0 0 0.000159631 0 0 0 0.000159631)
(0.00127711 0 0 0 0.000159639 0 0 0 0.000159639)
(0.00127718 0 0 0 0.000159648 0 0 0 0.000159648)
(0.00127725 0 0 0 0.000159657 0 0 0 0.000159657)
(0.00127733 0 0 0 0.000159666 0 0 0 0.000159666)
(0.00127741 0 0 0 0.000159676 0 0 0 0.000159676)
(0.0012775 0 0 0 0.000159687 0 0 0 0.000159687)
(0.00127759 0 0 0 0.000159699 0 0 0 0.000159699)
(0.00127769 0 0 0 0.000159711 0 0 0 0.000159711)
(0.00127779 0 0 0 0.000159724 0 0 0 0.000159724)
(0.00127791 0 0 0 0.000159738 0 0 0 0.000159738)
(0.00127802 0 0 0 0.000159753 0 0 0 0.000159753)
(0.00127815 0 0 0 0.000159769 0 0 0 0.000159769)
(0.00127828 0 0 0 0.000159785 0 0 0 0.000159785)
(0.00127842 0 0 0 0.000159803 0 0 0 0.000159803)
(0.00127857 0 0 0 0.000159822 0 0 0 0.000159822)
(0.00127873 0 0 0 0.000159841 0 0 0 0.000159841)
(0.00127889 0 0 0 0.000159862 0 0 0 0.000159862)
(0.00127907 0 0 0 0.000159884 0 0 0 0.000159884)
(0.00127925 0 0 0 0.000159907 0 0 0 0.000159907)
(0.00127945 0 0 0 0.000159931 0 0 0 0.000159931)
(0.00127965 0 0 0 0.000159956 0 0 0 0.000159956)
(0.00127986 0 0 0 0.000159983 0 0 0 0.000159983)
(0.00128008 0 0 0 0.00016001 0 0 0 0.00016001)
(0.00128032 0 0 0 0.00016004 0 0 0 0.00016004)
(0.00128056 0 0 0 0.00016007 0 0 0 0.00016007)
(0.00128082 0 0 0 0.000160102 0 0 0 0.000160102)
(0.00128109 0 0 0 0.000160136 0 0 0 0.000160136)
(0.00128137 0 0 0 0.000160171 0 0 0 0.000160171)
(0.00128166 0 0 0 0.000160207 0 0 0 0.000160207)
(0.00128196 0 0 0 0.000160245 0 0 0 0.000160245)
(0.00128228 0 0 0 0.000160285 0 0 0 0.000160285)
(0.00128261 0 0 0 0.000160327 0 0 0 0.000160327)
(0.00128296 0 0 0 0.00016037 0 0 0 0.00016037)
(0.00128331 0 0 0 0.000160414 0 0 0 0.000160414)
(0.00128369 0 0 0 0.000160461 0 0 0 0.000160461)
(0.00128407 0 0 0 0.000160509 0 0 0 0.000160509)
(0.00128447 0 0 0 0.000160559 0 0 0 0.000160559)
(0.00128489 0 0 0 0.000160611 0 0 0 0.000160611)
(0.00128532 0 0 0 0.000160665 0 0 0 0.000160665)
(0.00128576 0 0 0 0.000160721 0 0 0 0.000160721)
(0.00128623 0 0 0 0.000160778 0 0 0 0.000160778)
(0.0012867 0 0 0 0.000160838 0 0 0 0.000160838)
(0.0012872 0 0 0 0.0001609 0 0 0 0.0001609)
(0.00128771 0 0 0 0.000160963 0 0 0 0.000160963)
(0.00128823 0 0 0 0.000161029 0 0 0 0.000161029)
(0.00128877 0 0 0 0.000161097 0 0 0 0.000161097)
(0.00128933 0 0 0 0.000161167 0 0 0 0.000161167)
(0.00128991 0 0 0 0.000161239 0 0 0 0.000161239)
(0.0012905 0 0 0 0.000161313 0 0 0 0.000161313)
(0.00129111 0 0 0 0.000161389 0 0 0 0.000161389)
(0.00129174 0 0 0 0.000161468 0 0 0 0.000161468)
(0.00129239 0 0 0 0.000161548 0 0 0 0.000161548)
(0.00129305 0 0 0 0.000161631 0 0 0 0.000161631)
(0.00129373 0 0 0 0.000161717 0 0 0 0.000161717)
(0.00129443 0 0 0 0.000161804 0 0 0 0.000161804)
(0.00129515 0 0 0 0.000161894 0 0 0 0.000161894)
(0.00129589 0 0 0 0.000161986 0 0 0 0.000161986)
(0.00129665 0 0 0 0.000162081 0 0 0 0.000162081)
(0.00129742 0 0 0 0.000162178 0 0 0 0.000162178)
(0.00129822 0 0 0 0.000162277 0 0 0 0.000162277)
(0.00129903 0 0 0 0.000162379 0 0 0 0.000162379)
(0.00129986 0 0 0 0.000162483 0 0 0 0.000162483)
(0.00130072 0 0 0 0.00016259 0 0 0 0.00016259)
(0.00130159 0 0 0 0.000162699 0 0 0 0.000162699)
(0.00130249 0 0 0 0.000162811 0 0 0 0.000162811)
(0.0013034 0 0 0 0.000162925 0 0 0 0.000162925)
(0.00130434 0 0 0 0.000163042 0 0 0 0.000163042)
(0.00130529 0 0 0 0.000163162 0 0 0 0.000163162)
(0.00130627 0 0 0 0.000163284 0 0 0 0.000163284)
(0.00130727 0 0 0 0.000163409 0 0 0 0.000163409)
(0.00130829 0 0 0 0.000163537 0 0 0 0.000163537)
(0.00130934 0 0 0 0.000163667 0 0 0 0.000163667)
(0.00131041 0 0 0 0.000163801 0 0 0 0.000163801)
(0.0013115 0 0 0 0.000163937 0 0 0 0.000163937)
(0.00131261 0 0 0 0.000164076 0 0 0 0.000164076)
(0.00131374 0 0 0 0.000164217 0 0 0 0.000164217)
(0.00131489 0 0 0 0.000164361 0 0 0 0.000164361)
(0.0013157 0 0 0 0.000164462 0 0 0 0.000164462)
(0.00131618 0 0 0 0.000164522 0 0 0 0.000164522)
(0.00123494 0 0 0 0.000154367 0 0 0 0.000154367)
(0.00123532 0 0 0 0.000154415 0 0 0 0.000154415)
(0.00123597 0 0 0 0.000154496 0 0 0 0.000154496)
(0.00123694 0 0 0 0.000154618 0 0 0 0.000154618)
(0.00123787 0 0 0 0.000154734 0 0 0 0.000154734)
(0.00123878 0 0 0 0.000154848 0 0 0 0.000154848)
(0.00123967 0 0 0 0.000154959 0 0 0 0.000154959)
(0.00124054 0 0 0 0.000155068 0 0 0 0.000155068)
(0.0012414 0 0 0 0.000155175 0 0 0 0.000155175)
(0.00124225 0 0 0 0.000155282 0 0 0 0.000155282)
(0.00124309 0 0 0 0.000155386 0 0 0 0.000155386)
(0.00124392 0 0 0 0.00015549 0 0 0 0.00015549)
(0.00124474 0 0 0 0.000155592 0 0 0 0.000155592)
(0.00124554 0 0 0 0.000155693 0 0 0 0.000155693)
(0.00124634 0 0 0 0.000155793 0 0 0 0.000155793)
(0.00124713 0 0 0 0.000155891 0 0 0 0.000155891)
(0.00124791 0 0 0 0.000155988 0 0 0 0.000155988)
(0.00124867 0 0 0 0.000156084 0 0 0 0.000156084)
(0.00124943 0 0 0 0.000156179 0 0 0 0.000156179)
(0.00125018 0 0 0 0.000156272 0 0 0 0.000156272)
(0.00125092 0 0 0 0.000156364 0 0 0 0.000156364)
(0.00125164 0 0 0 0.000156455 0 0 0 0.000156455)
(0.00125236 0 0 0 0.000156545 0 0 0 0.000156545)
(0.00125306 0 0 0 0.000156633 0 0 0 0.000156633)
(0.00125376 0 0 0 0.00015672 0 0 0 0.00015672)
(0.00125444 0 0 0 0.000156805 0 0 0 0.000156805)
(0.00125511 0 0 0 0.000156889 0 0 0 0.000156889)
(0.00125578 0 0 0 0.000156972 0 0 0 0.000156972)
(0.00125643 0 0 0 0.000157053 0 0 0 0.000157053)
(0.00125706 0 0 0 0.000157133 0 0 0 0.000157133)
(0.00125769 0 0 0 0.000157212 0 0 0 0.000157212)
(0.00125831 0 0 0 0.000157289 0 0 0 0.000157289)
(0.00125891 0 0 0 0.000157364 0 0 0 0.000157364)
(0.00125951 0 0 0 0.000157438 0 0 0 0.000157438)
(0.00126009 0 0 0 0.000157511 0 0 0 0.000157511)
(0.00126066 0 0 0 0.000157582 0 0 0 0.000157582)
(0.00126122 0 0 0 0.000157652 0 0 0 0.000157652)
(0.00126176 0 0 0 0.00015772 0 0 0 0.00015772)
(0.0012623 0 0 0 0.000157787 0 0 0 0.000157787)
(0.00126282 0 0 0 0.000157852 0 0 0 0.000157852)
(0.00126333 0 0 0 0.000157916 0 0 0 0.000157916)
(0.00126383 0 0 0 0.000157979 0 0 0 0.000157979)
(0.00126432 0 0 0 0.00015804 0 0 0 0.00015804)
(0.00126479 0 0 0 0.000158099 0 0 0 0.000158099)
(0.00126525 0 0 0 0.000158157 0 0 0 0.000158157)
(0.00126571 0 0 0 0.000158213 0 0 0 0.000158213)
(0.00126615 0 0 0 0.000158268 0 0 0 0.000158268)
(0.00126657 0 0 0 0.000158322 0 0 0 0.000158322)
(0.00126699 0 0 0 0.000158374 0 0 0 0.000158374)
(0.0012674 0 0 0 0.000158424 0 0 0 0.000158424)
(0.00126779 0 0 0 0.000158474 0 0 0 0.000158474)
(0.00126817 0 0 0 0.000158521 0 0 0 0.000158521)
(0.00126854 0 0 0 0.000158568 0 0 0 0.000158568)
(0.0012689 0 0 0 0.000158612 0 0 0 0.000158612)
(0.00126925 0 0 0 0.000158656 0 0 0 0.000158656)
(0.00126958 0 0 0 0.000158698 0 0 0 0.000158698)
(0.00126991 0 0 0 0.000158738 0 0 0 0.000158738)
(0.00127022 0 0 0 0.000158778 0 0 0 0.000158778)
(0.00127053 0 0 0 0.000158816 0 0 0 0.000158816)
(0.00127082 0 0 0 0.000158852 0 0 0 0.000158852)
(0.0012711 0 0 0 0.000158888 0 0 0 0.000158888)
(0.00127137 0 0 0 0.000158922 0 0 0 0.000158922)
(0.00127163 0 0 0 0.000158954 0 0 0 0.000158954)
(0.00127189 0 0 0 0.000158986 0 0 0 0.000158986)
(0.00127213 0 0 0 0.000159016 0 0 0 0.000159016)
(0.00127236 0 0 0 0.000159045 0 0 0 0.000159045)
(0.00127258 0 0 0 0.000159073 0 0 0 0.000159073)
(0.00127279 0 0 0 0.000159099 0 0 0 0.000159099)
(0.001273 0 0 0 0.000159125 0 0 0 0.000159125)
(0.00127319 0 0 0 0.000159149 0 0 0 0.000159149)
(0.00127338 0 0 0 0.000159173 0 0 0 0.000159173)
(0.00127356 0 0 0 0.000159195 0 0 0 0.000159195)
(0.00127373 0 0 0 0.000159216 0 0 0 0.000159216)
(0.00127389 0 0 0 0.000159236 0 0 0 0.000159236)
(0.00127404 0 0 0 0.000159256 0 0 0 0.000159256)
(0.00127419 0 0 0 0.000159274 0 0 0 0.000159274)
(0.00127433 0 0 0 0.000159291 0 0 0 0.000159291)
(0.00127446 0 0 0 0.000159308 0 0 0 0.000159308)
(0.00127459 0 0 0 0.000159323 0 0 0 0.000159323)
(0.00127471 0 0 0 0.000159338 0 0 0 0.000159338)
(0.00127482 0 0 0 0.000159352 0 0 0 0.000159352)
(0.00127492 0 0 0 0.000159365 0 0 0 0.000159365)
(0.00127502 0 0 0 0.000159378 0 0 0 0.000159378)
(0.00127512 0 0 0 0.00015939 0 0 0 0.00015939)
(0.00127521 0 0 0 0.000159401 0 0 0 0.000159401)
(0.00127529 0 0 0 0.000159411 0 0 0 0.000159411)
(0.00127537 0 0 0 0.000159421 0 0 0 0.000159421)
(0.00127544 0 0 0 0.00015943 0 0 0 0.00015943)
(0.00127551 0 0 0 0.000159439 0 0 0 0.000159439)
(0.00127557 0 0 0 0.000159447 0 0 0 0.000159447)
(0.00127563 0 0 0 0.000159454 0 0 0 0.000159454)
(0.00127569 0 0 0 0.000159461 0 0 0 0.000159461)
(0.00127574 0 0 0 0.000159468 0 0 0 0.000159468)
(0.00127579 0 0 0 0.000159474 0 0 0 0.000159474)
(0.00127584 0 0 0 0.00015948 0 0 0 0.00015948)
(0.00127588 0 0 0 0.000159485 0 0 0 0.000159485)
(0.00127592 0 0 0 0.00015949 0 0 0 0.00015949)
(0.00127595 0 0 0 0.000159494 0 0 0 0.000159494)
(0.00127599 0 0 0 0.000159498 0 0 0 0.000159498)
(0.00127602 0 0 0 0.000159502 0 0 0 0.000159502)
(0.00127605 0 0 0 0.000159506 0 0 0 0.000159506)
(0.00127607 0 0 0 0.000159509 0 0 0 0.000159509)
(0.0012761 0 0 0 0.000159512 0 0 0 0.000159512)
(0.00127612 0 0 0 0.000159515 0 0 0 0.000159515)
(0.00127614 0 0 0 0.000159517 0 0 0 0.000159517)
(0.00127616 0 0 0 0.00015952 0 0 0 0.00015952)
(0.00127618 0 0 0 0.000159522 0 0 0 0.000159522)
(0.00127619 0 0 0 0.000159524 0 0 0 0.000159524)
(0.0012762 0 0 0 0.000159526 0 0 0 0.000159526)
(0.00127622 0 0 0 0.000159527 0 0 0 0.000159527)
(0.00127623 0 0 0 0.000159529 0 0 0 0.000159529)
(0.00127624 0 0 0 0.00015953 0 0 0 0.00015953)
(0.00127625 0 0 0 0.000159531 0 0 0 0.000159531)
(0.00127626 0 0 0 0.000159532 0 0 0 0.000159532)
(0.00127627 0 0 0 0.000159533 0 0 0 0.000159533)
(0.00127627 0 0 0 0.000159534 0 0 0 0.000159534)
(0.00127628 0 0 0 0.000159535 0 0 0 0.000159535)
(0.00127628 0 0 0 0.000159536 0 0 0 0.000159536)
(0.00127629 0 0 0 0.000159536 0 0 0 0.000159536)
(0.00127629 0 0 0 0.000159537 0 0 0 0.000159537)
(0.0012763 0 0 0 0.000159537 0 0 0 0.000159537)
(0.0012763 0 0 0 0.000159538 0 0 0 0.000159538)
(0.00127631 0 0 0 0.000159538 0 0 0 0.000159538)
(0.00127631 0 0 0 0.000159539 0 0 0 0.000159539)
(0.00127631 0 0 0 0.000159539 0 0 0 0.000159539)
(0.00127631 0 0 0 0.000159539 0 0 0 0.000159539)
(0.00127631 0 0 0 0.000159539 0 0 0 0.000159539)
(0.00127632 0 0 0 0.00015954 0 0 0 0.00015954)
(0.00127632 0 0 0 0.00015954 0 0 0 0.00015954)
(0.00127632 0 0 0 0.00015954 0 0 0 0.00015954)
(0.00127632 0 0 0 0.00015954 0 0 0 0.00015954)
(0.00127632 0 0 0 0.00015954 0 0 0 0.00015954)
(0.00127632 0 0 0 0.00015954 0 0 0 0.00015954)
(0.00127632 0 0 0 0.00015954 0 0 0 0.00015954)
(0.00127632 0 0 0 0.000159541 0 0 0 0.000159541)
(0.00127633 0 0 0 0.000159541 0 0 0 0.000159541)
(0.00127633 0 0 0 0.000159541 0 0 0 0.000159541)
(0.00127633 0 0 0 0.000159541 0 0 0 0.000159541)
(0.00127633 0 0 0 0.000159541 0 0 0 0.000159541)
(0.00127633 0 0 0 0.000159541 0 0 0 0.000159541)
(0.00127633 0 0 0 0.000159541 0 0 0 0.000159541)
(0.00127633 0 0 0 0.000159541 0 0 0 0.000159541)
(0.00127633 0 0 0 0.000159541 0 0 0 0.000159541)
(0.00127633 0 0 0 0.000159541 0 0 0 0.000159541)
(0.00127633 0 0 0 0.000159541 0 0 0 0.000159541)
(0.00127633 0 0 0 0.000159541 0 0 0 0.000159541)
(0.00127633 0 0 0 0.000159541 0 0 0 0.000159541)
(0.00127633 0 0 0 0.000159542 0 0 0 0.000159542)
(0.00127633 0 0 0 0.000159542 0 0 0 0.000159542)
(0.00127633 0 0 0 0.000159542 0 0 0 0.000159542)
(0.00127634 0 0 0 0.000159542 0 0 0 0.000159542)
(0.00127634 0 0 0 0.000159542 0 0 0 0.000159542)
(0.00127634 0 0 0 0.000159542 0 0 0 0.000159542)
(0.00127634 0 0 0 0.000159543 0 0 0 0.000159543)
(0.00127634 0 0 0 0.000159543 0 0 0 0.000159543)
(0.00127634 0 0 0 0.000159543 0 0 0 0.000159543)
(0.00127635 0 0 0 0.000159543 0 0 0 0.000159543)
(0.00127635 0 0 0 0.000159544 0 0 0 0.000159544)
(0.00127635 0 0 0 0.000159544 0 0 0 0.000159544)
(0.00127636 0 0 0 0.000159545 0 0 0 0.000159545)
(0.00127636 0 0 0 0.000159545 0 0 0 0.000159545)
(0.00127636 0 0 0 0.000159546 0 0 0 0.000159546)
(0.00127637 0 0 0 0.000159546 0 0 0 0.000159546)
(0.00127638 0 0 0 0.000159547 0 0 0 0.000159547)
(0.00127638 0 0 0 0.000159548 0 0 0 0.000159548)
(0.00127639 0 0 0 0.000159548 0 0 0 0.000159548)
(0.0012764 0 0 0 0.000159549 0 0 0 0.000159549)
(0.0012764 0 0 0 0.00015955 0 0 0 0.00015955)
(0.00127641 0 0 0 0.000159552 0 0 0 0.000159552)
(0.00127642 0 0 0 0.000159553 0 0 0 0.000159553)
(0.00127643 0 0 0 0.000159554 0 0 0 0.000159554)
(0.00127645 0 0 0 0.000159556 0 0 0 0.000159556)
(0.00127646 0 0 0 0.000159557 0 0 0 0.000159557)
(0.00127647 0 0 0 0.000159559 0 0 0 0.000159559)
(0.00127649 0 0 0 0.000159561 0 0 0 0.000159561)
(0.00127651 0 0 0 0.000159563 0 0 0 0.000159563)
(0.00127653 0 0 0 0.000159566 0 0 0 0.000159566)
(0.00127655 0 0 0 0.000159568 0 0 0 0.000159568)
(0.00127657 0 0 0 0.000159571 0 0 0 0.000159571)
(0.0012766 0 0 0 0.000159574 0 0 0 0.000159574)
(0.00127662 0 0 0 0.000159578 0 0 0 0.000159578)
(0.00127665 0 0 0 0.000159582 0 0 0 0.000159582)
(0.00127668 0 0 0 0.000159586 0 0 0 0.000159586)
(0.00127672 0 0 0 0.00015959 0 0 0 0.00015959)
(0.00127676 0 0 0 0.000159595 0 0 0 0.000159595)
(0.0012768 0 0 0 0.0001596 0 0 0 0.0001596)
(0.00127684 0 0 0 0.000159605 0 0 0 0.000159605)
(0.00127689 0 0 0 0.000159611 0 0 0 0.000159611)
(0.00127694 0 0 0 0.000159617 0 0 0 0.000159617)
(0.00127699 0 0 0 0.000159624 0 0 0 0.000159624)
(0.00127705 0 0 0 0.000159631 0 0 0 0.000159631)
(0.00127711 0 0 0 0.000159639 0 0 0 0.000159639)
(0.00127718 0 0 0 0.000159648 0 0 0 0.000159648)
(0.00127725 0 0 0 0.000159657 0 0 0 0.000159657)
(0.00127733 0 0 0 0.000159666 0 0 0 0.000159666)
(0.00127741 0 0 0 0.000159676 0 0 0 0.000159676)
(0.0012775 0 0 0 0.000159687 0 0 0 0.000159687)
(0.00127759 0 0 0 0.000159699 0 0 0 0.000159699)
(0.00127769 0 0 0 0.000159711 0 0 0 0.000159711)
(0.00127779 0 0 0 0.000159724 0 0 0 0.000159724)
(0.00127791 0 0 0 0.000159738 0 0 0 0.000159738)
(0.00127802 0 0 0 0.000159753 0 0 0 0.000159753)
(0.00127815 0 0 0 0.000159769 0 0 0 0.000159769)
(0.00127828 0 0 0 0.000159785 0 0 0 0.000159785)
(0.00127842 0 0 0 0.000159803 0 0 0 0.000159803)
(0.00127857 0 0 0 0.000159822 0 0 0 0.000159822)
(0.00127873 0 0 0 0.000159841 0 0 0 0.000159841)
(0.00127889 0 0 0 0.000159862 0 0 0 0.000159862)
(0.00127907 0 0 0 0.000159884 0 0 0 0.000159884)
(0.00127925 0 0 0 0.000159907 0 0 0 0.000159907)
(0.00127945 0 0 0 0.000159931 0 0 0 0.000159931)
(0.00127965 0 0 0 0.000159956 0 0 0 0.000159956)
(0.00127986 0 0 0 0.000159983 0 0 0 0.000159983)
(0.00128008 0 0 0 0.00016001 0 0 0 0.00016001)
(0.00128032 0 0 0 0.00016004 0 0 0 0.00016004)
(0.00128056 0 0 0 0.00016007 0 0 0 0.00016007)
(0.00128082 0 0 0 0.000160102 0 0 0 0.000160102)
(0.00128109 0 0 0 0.000160136 0 0 0 0.000160136)
(0.00128137 0 0 0 0.000160171 0 0 0 0.000160171)
(0.00128166 0 0 0 0.000160207 0 0 0 0.000160207)
(0.00128196 0 0 0 0.000160245 0 0 0 0.000160245)
(0.00128228 0 0 0 0.000160285 0 0 0 0.000160285)
(0.00128261 0 0 0 0.000160327 0 0 0 0.000160327)
(0.00128296 0 0 0 0.00016037 0 0 0 0.00016037)
(0.00128331 0 0 0 0.000160414 0 0 0 0.000160414)
(0.00128369 0 0 0 0.000160461 0 0 0 0.000160461)
(0.00128407 0 0 0 0.000160509 0 0 0 0.000160509)
(0.00128447 0 0 0 0.000160559 0 0 0 0.000160559)
(0.00128489 0 0 0 0.000160611 0 0 0 0.000160611)
(0.00128532 0 0 0 0.000160665 0 0 0 0.000160665)
(0.00128576 0 0 0 0.000160721 0 0 0 0.000160721)
(0.00128623 0 0 0 0.000160778 0 0 0 0.000160778)
(0.0012867 0 0 0 0.000160838 0 0 0 0.000160838)
(0.0012872 0 0 0 0.0001609 0 0 0 0.0001609)
(0.00128771 0 0 0 0.000160963 0 0 0 0.000160963)
(0.00128823 0 0 0 0.000161029 0 0 0 0.000161029)
(0.00128877 0 0 0 0.000161097 0 0 0 0.000161097)
(0.00128933 0 0 0 0.000161167 0 0 0 0.000161167)
(0.00128991 0 0 0 0.000161239 0 0 0 0.000161239)
(0.0012905 0 0 0 0.000161313 0 0 0 0.000161313)
(0.00129111 0 0 0 0.000161389 0 0 0 0.000161389)
(0.00129174 0 0 0 0.000161468 0 0 0 0.000161468)
(0.00129239 0 0 0 0.000161548 0 0 0 0.000161548)
(0.00129305 0 0 0 0.000161631 0 0 0 0.000161631)
(0.00129373 0 0 0 0.000161717 0 0 0 0.000161717)
(0.00129443 0 0 0 0.000161804 0 0 0 0.000161804)
(0.00129515 0 0 0 0.000161894 0 0 0 0.000161894)
(0.00129589 0 0 0 0.000161986 0 0 0 0.000161986)
(0.00129665 0 0 0 0.000162081 0 0 0 0.000162081)
(0.00129742 0 0 0 0.000162178 0 0 0 0.000162178)
(0.00129822 0 0 0 0.000162277 0 0 0 0.000162277)
(0.00129903 0 0 0 0.000162379 0 0 0 0.000162379)
(0.00129986 0 0 0 0.000162483 0 0 0 0.000162483)
(0.00130072 0 0 0 0.00016259 0 0 0 0.00016259)
(0.00130159 0 0 0 0.000162699 0 0 0 0.000162699)
(0.00130249 0 0 0 0.000162811 0 0 0 0.000162811)
(0.0013034 0 0 0 0.000162925 0 0 0 0.000162925)
(0.00130434 0 0 0 0.000163042 0 0 0 0.000163042)
(0.00130529 0 0 0 0.000163162 0 0 0 0.000163162)
(0.00130627 0 0 0 0.000163284 0 0 0 0.000163284)
(0.00130727 0 0 0 0.000163409 0 0 0 0.000163409)
(0.0013083 0 0 0 0.000163537 0 0 0 0.000163537)
(0.00130934 0 0 0 0.000163668 0 0 0 0.000163668)
(0.00131041 0 0 0 0.000163801 0 0 0 0.000163801)
(0.0013115 0 0 0 0.000163937 0 0 0 0.000163937)
(0.00131261 0 0 0 0.000164076 0 0 0 0.000164076)
(0.00131374 0 0 0 0.000164217 0 0 0 0.000164217)
(0.00131489 0 0 0 0.000164361 0 0 0 0.000164361)
(0.0013157 0 0 0 0.000164462 0 0 0 0.000164462)
(0.00131618 0 0 0 0.000164522 0 0 0 0.000164522)
(0.00430763 0 0 0 0.000538453 0 0 0 0.000538453)
(0.00430408 0 0 0 0.000538011 0 0 0 0.000538011)
(0.00429506 0 0 0 0.000536883 0 0 0 0.000536883)
(0.00430498 0 0 0 0.000538122 0 0 0 0.000538122)
(0.00430738 0 0 0 0.000538423 0 0 0 0.000538423)
(0.00430759 0 0 0 0.000538449 0 0 0 0.000538449)
(0.0043076 0 0 0 0.00053845 0 0 0 0.00053845)
(0.0043076 0 0 0 0.000538451 0 0 0 0.000538451)
(0.0043076 0 0 0 0.000538451 0 0 0 0.000538451)
(0.0043076 0 0 0 0.000538451 0 0 0 0.000538451)
(0.0043076 0 0 0 0.000538451 0 0 0 0.000538451)
(0.00430769 0 0 0 0.000538461 0 0 0 0.000538461)
(0.00412271 0 0 0 0.000515338 0 0 0 0.000515338)
(0.00430763 0 0 0 0.000538453 0 0 0 0.000538453)
(0.00430641 0 0 0 0.000538301 0 0 0 0.000538301)
(0.00429508 0 0 0 0.000536885 0 0 0 0.000536885)
(0.0042963 0 0 0 0.000537038 0 0 0 0.000537038)
(0.00430493 0 0 0 0.000538116 0 0 0 0.000538116)
(0.00430724 0 0 0 0.000538406 0 0 0 0.000538406)
(0.00430757 0 0 0 0.000538446 0 0 0 0.000538446)
(0.0043076 0 0 0 0.00053845 0 0 0 0.00053845)
(0.0043076 0 0 0 0.00053845 0 0 0 0.00053845)
(0.0043076 0 0 0 0.000538451 0 0 0 0.000538451)
(0.0043076 0 0 0 0.000538451 0 0 0 0.000538451)
(0.00430769 0 0 0 0.000538461 0 0 0 0.000538461)
(0.00412282 0 0 0 0.000515352 0 0 0 0.000515352)
(0.00430761 0 0 0 0.000538452 0 0 0 0.000538452)
(0.00430764 0 0 0 0.000538455 0 0 0 0.000538455)
(0.00429736 0 0 0 0.00053717 0 0 0 0.00053717)
(0.00428643 0 0 0 0.000535804 0 0 0 0.000535804)
(0.00429755 0 0 0 0.000537193 0 0 0 0.000537193)
(0.00430505 0 0 0 0.000538132 0 0 0 0.000538132)
(0.00430712 0 0 0 0.00053839 0 0 0 0.00053839)
(0.00430752 0 0 0 0.00053844 0 0 0 0.00053844)
(0.00430759 0 0 0 0.000538449 0 0 0 0.000538449)
(0.0043076 0 0 0 0.00053845 0 0 0 0.00053845)
(0.0043076 0 0 0 0.00053845 0 0 0 0.00053845)
(0.00430769 0 0 0 0.000538461 0 0 0 0.000538461)
(0.00412287 0 0 0 0.000515359 0 0 0 0.000515359)
(0.00430761 0 0 0 0.000538451 0 0 0 0.000538451)
(0.00430764 0 0 0 0.000538455 0 0 0 0.000538455)
(0.00430152 0 0 0 0.00053769 0 0 0 0.00053769)
(0.00428532 0 0 0 0.000535665 0 0 0 0.000535665)
(0.00428355 0 0 0 0.000535444 0 0 0 0.000535444)
(0.00429741 0 0 0 0.000537176 0 0 0 0.000537176)
(0.00430454 0 0 0 0.000538068 0 0 0 0.000538068)
(0.0043068 0 0 0 0.00053835 0 0 0 0.00053835)
(0.00430741 0 0 0 0.000538426 0 0 0 0.000538426)
(0.00430756 0 0 0 0.000538445 0 0 0 0.000538445)
(0.0043076 0 0 0 0.000538449 0 0 0 0.000538449)
(0.00430769 0 0 0 0.000538461 0 0 0 0.000538461)
(0.00412302 0 0 0 0.000515378 0 0 0 0.000515378)
(0.0043076 0 0 0 0.000538451 0 0 0 0.000538451)
(0.00430763 0 0 0 0.000538454 0 0 0 0.000538454)
(0.00430764 0 0 0 0.000538455 0 0 0 0.000538455)
(0.00428886 0 0 0 0.000536108 0 0 0 0.000536108)
(0.00427464 0 0 0 0.00053433 0 0 0 0.00053433)
(0.00428022 0 0 0 0.000535028 0 0 0 0.000535028)
(0.00429536 0 0 0 0.00053692 0 0 0 0.00053692)
(0.00430296 0 0 0 0.00053787 0 0 0 0.00053787)
(0.00430599 0 0 0 0.000538249 0 0 0 0.000538249)
(0.00430708 0 0 0 0.000538385 0 0 0 0.000538385)
(0.00430747 0 0 0 0.000538434 0 0 0 0.000538434)
(0.00430769 0 0 0 0.000538461 0 0 0 0.000538461)
(0.00412309 0 0 0 0.000515386 0 0 0 0.000515386)
(0.0043076 0 0 0 0.000538451 0 0 0 0.000538451)
(0.00430762 0 0 0 0.000538453 0 0 0 0.000538453)
(0.00430764 0 0 0 0.000538455 0 0 0 0.000538455)
(0.00430379 0 0 0 0.000537973 0 0 0 0.000537973)
(0.00427665 0 0 0 0.000534581 0 0 0 0.000534581)
(0.00426575 0 0 0 0.000533218 0 0 0 0.000533218)
(0.00427456 0 0 0 0.00053432 0 0 0 0.00053432)
(0.0042904 0 0 0 0.0005363 0 0 0 0.0005363)
(0.00429955 0 0 0 0.000537444 0 0 0 0.000537444)
(0.00430405 0 0 0 0.000538006 0 0 0 0.000538006)
(0.00430646 0 0 0 0.000538307 0 0 0 0.000538307)
(0.00430769 0 0 0 0.000538461 0 0 0 0.000538461)
(0.00412327 0 0 0 0.000515409 0 0 0 0.000515409)
(0.0043076 0 0 0 0.000538451 0 0 0 0.000538451)
(0.0043076 0 0 0 0.000538451 0 0 0 0.000538451)
(0.00430763 0 0 0 0.000538454 0 0 0 0.000538454)
(0.00430764 0 0 0 0.000538454 0 0 0 0.000538454)
(0.00429619 0 0 0 0.000537023 0 0 0 0.000537023)
(0.00426722 0 0 0 0.000533402 0 0 0 0.000533402)
(0.00425922 0 0 0 0.000532402 0 0 0 0.000532402)
(0.00426488 0 0 0 0.00053311 0 0 0 0.00053311)
(0.00428195 0 0 0 0.000535244 0 0 0 0.000535244)
(0.00429272 0 0 0 0.00053659 0 0 0 0.00053659)
(0.00430155 0 0 0 0.000537694 0 0 0 0.000537694)
(0.00430769 0 0 0 0.000538461 0 0 0 0.000538461)
(0.00412347 0 0 0 0.000515434 0 0 0 0.000515434)
(0.0043076 0 0 0 0.000538451 0 0 0 0.000538451)
(0.0043076 0 0 0 0.000538451 0 0 0 0.000538451)
(0.00430761 0 0 0 0.000538451 0 0 0 0.000538451)
(0.00430764 0 0 0 0.000538454 0 0 0 0.000538454)
(0.00430764 0 0 0 0.000538455 0 0 0 0.000538455)
(0.00428915 0 0 0 0.000536144 0 0 0 0.000536144)
(0.00426146 0 0 0 0.000532683 0 0 0 0.000532683)
(0.00425514 0 0 0 0.000531892 0 0 0 0.000531892)
(0.00425562 0 0 0 0.000531953 0 0 0 0.000531953)
(0.00426772 0 0 0 0.000533465 0 0 0 0.000533465)
(0.0042867 0 0 0 0.000535838 0 0 0 0.000535838)
(0.00430769 0 0 0 0.000538461 0 0 0 0.000538461)
(0.00412364 0 0 0 0.000515455 0 0 0 0.000515455)
(0.0043076 0 0 0 0.000538451 0 0 0 0.000538451)
(0.0043076 0 0 0 0.000538451 0 0 0 0.000538451)
(0.0043076 0 0 0 0.000538451 0 0 0 0.000538451)
(0.00430761 0 0 0 0.000538452 0 0 0 0.000538452)
(0.00430764 0 0 0 0.000538455 0 0 0 0.000538455)
(0.00430765 0 0 0 0.000538456 0 0 0 0.000538456)
(0.00428481 0 0 0 0.000535602 0 0 0 0.000535602)
(0.00426031 0 0 0 0.000532539 0 0 0 0.000532539)
(0.0042521 0 0 0 0.000531512 0 0 0 0.000531512)
(0.00424985 0 0 0 0.000531231 0 0 0 0.000531231)
(0.00425766 0 0 0 0.000532207 0 0 0 0.000532207)
(0.00430769 0 0 0 0.000538461 0 0 0 0.000538461)
(0.00412376 0 0 0 0.00051547 0 0 0 0.00051547)
(0.0043076 0 0 0 0.000538451 0 0 0 0.000538451)
(0.0043076 0 0 0 0.000538451 0 0 0 0.000538451)
(0.0043076 0 0 0 0.000538451 0 0 0 0.000538451)
(0.0043076 0 0 0 0.000538451 0 0 0 0.000538451)
(0.00430762 0 0 0 0.000538453 0 0 0 0.000538453)
(0.00430765 0 0 0 0.000538456 0 0 0 0.000538456)
(0.00430767 0 0 0 0.000538458 0 0 0 0.000538458)
(0.004283 0 0 0 0.000535375 0 0 0 0.000535375)
(0.00425984 0 0 0 0.00053248 0 0 0 0.00053248)
(0.00425064 0 0 0 0.00053133 0 0 0 0.00053133)
(0.00424514 0 0 0 0.000530643 0 0 0 0.000530643)
(0.00430751 0 0 0 0.000538439 0 0 0 0.000538439)
(0.0041239 0 0 0 0.000515487 0 0 0 0.000515487)
(0.0043076 0 0 0 0.000538451 0 0 0 0.000538451)
(0.0043076 0 0 0 0.000538451 0 0 0 0.000538451)
(0.0043076 0 0 0 0.000538451 0 0 0 0.000538451)
(0.0043076 0 0 0 0.000538451 0 0 0 0.000538451)
(0.0043076 0 0 0 0.000538451 0 0 0 0.000538451)
(0.00430764 0 0 0 0.000538455 0 0 0 0.000538455)
(0.00430767 0 0 0 0.000538458 0 0 0 0.000538458)
(0.00430489 0 0 0 0.000538111 0 0 0 0.000538111)
(0.00427724 0 0 0 0.000534655 0 0 0 0.000534655)
(0.0042565 0 0 0 0.000532063 0 0 0 0.000532063)
(0.00424514 0 0 0 0.000530642 0 0 0 0.000530642)
(0.00430739 0 0 0 0.000538424 0 0 0 0.000538424)
(0.00412409 0 0 0 0.000515511 0 0 0 0.000515511)
(0.0043076 0 0 0 0.000538451 0 0 0 0.000538451)
(0.0043076 0 0 0 0.000538451 0 0 0 0.000538451)
(0.0043076 0 0 0 0.000538451 0 0 0 0.000538451)
(0.0043076 0 0 0 0.000538451 0 0 0 0.000538451)
(0.0043076 0 0 0 0.000538451 0 0 0 0.000538451)
(0.00430763 0 0 0 0.000538454 0 0 0 0.000538454)
(0.00430766 0 0 0 0.000538458 0 0 0 0.000538458)
(0.00430767 0 0 0 0.000538459 0 0 0 0.000538459)
(0.00429178 0 0 0 0.000536472 0 0 0 0.000536472)
(0.00426391 0 0 0 0.000532988 0 0 0 0.000532988)
(0.00424514 0 0 0 0.000530643 0 0 0 0.000530643)
(0.00430735 0 0 0 0.000538419 0 0 0 0.000538419)
(0.00412425 0 0 0 0.000515532 0 0 0 0.000515532)
(0.0043076 0 0 0 0.000538451 0 0 0 0.000538451)
(0.0043076 0 0 0 0.000538451 0 0 0 0.000538451)
(0.0043076 0 0 0 0.000538451 0 0 0 0.000538451)
(0.0043076 0 0 0 0.000538451 0 0 0 0.000538451)
(0.0043076 0 0 0 0.000538451 0 0 0 0.000538451)
(0.00430763 0 0 0 0.000538454 0 0 0 0.000538454)
(0.00430766 0 0 0 0.000538458 0 0 0 0.000538458)
(0.00430767 0 0 0 0.000538459 0 0 0 0.000538459)
(0.00429188 0 0 0 0.000536485 0 0 0 0.000536485)
(0.0042641 0 0 0 0.000533012 0 0 0 0.000533012)
(0.00424514 0 0 0 0.000530642 0 0 0 0.000530642)
(0.00430737 0 0 0 0.000538422 0 0 0 0.000538422)
(0.0041243 0 0 0 0.000515537 0 0 0 0.000515537)
(0.0043076 0 0 0 0.000538451 0 0 0 0.000538451)
(0.0043076 0 0 0 0.000538451 0 0 0 0.000538451)
(0.0043076 0 0 0 0.000538451 0 0 0 0.000538451)
(0.0043076 0 0 0 0.000538451 0 0 0 0.000538451)
(0.0043076 0 0 0 0.000538451 0 0 0 0.000538451)
(0.00430764 0 0 0 0.000538455 0 0 0 0.000538455)
(0.00430767 0 0 0 0.000538458 0 0 0 0.000538458)
(0.00430494 0 0 0 0.000538118 0 0 0 0.000538118)
(0.00427758 0 0 0 0.000534698 0 0 0 0.000534698)
(0.00425678 0 0 0 0.000532098 0 0 0 0.000532098)
(0.00424514 0 0 0 0.000530643 0 0 0 0.000530643)
(0.00430741 0 0 0 0.000538426 0 0 0 0.000538426)
(0.00412418 0 0 0 0.000515523 0 0 0 0.000515523)
(0.0043076 0 0 0 0.000538451 0 0 0 0.000538451)
(0.0043076 0 0 0 0.000538451 0 0 0 0.000538451)
(0.0043076 0 0 0 0.000538451 0 0 0 0.000538451)
(0.0043076 0 0 0 0.000538451 0 0 0 0.000538451)
(0.00430762 0 0 0 0.000538453 0 0 0 0.000538453)
(0.00430765 0 0 0 0.000538456 0 0 0 0.000538456)
(0.00430767 0 0 0 0.000538458 0 0 0 0.000538458)
(0.00428309 0 0 0 0.000535386 0 0 0 0.000535386)
(0.00426024 0 0 0 0.00053253 0 0 0 0.00053253)
(0.00425056 0 0 0 0.00053132 0 0 0 0.00053132)
(0.00424514 0 0 0 0.000530642 0 0 0 0.000530642)
(0.00430752 0 0 0 0.00053844 0 0 0 0.00053844)
(0.00412404 0 0 0 0.000515505 0 0 0 0.000515505)
(0.0043076 0 0 0 0.000538451 0 0 0 0.000538451)
(0.0043076 0 0 0 0.000538451 0 0 0 0.000538451)
(0.0043076 0 0 0 0.000538451 0 0 0 0.000538451)
(0.00430761 0 0 0 0.000538452 0 0 0 0.000538452)
(0.00430764 0 0 0 0.000538455 0 0 0 0.000538455)
(0.00430765 0 0 0 0.000538456 0 0 0 0.000538456)
(0.00428482 0 0 0 0.000535603 0 0 0 0.000535603)
(0.00426038 0 0 0 0.000532548 0 0 0 0.000532548)
(0.00425214 0 0 0 0.000531518 0 0 0 0.000531518)
(0.00424967 0 0 0 0.000531208 0 0 0 0.000531208)
(0.0042543 0 0 0 0.000531788 0 0 0 0.000531788)
(0.00430769 0 0 0 0.000538462 0 0 0 0.000538462)
(0.00412389 0 0 0 0.000515486 0 0 0 0.000515486)
(0.0043076 0 0 0 0.000538451 0 0 0 0.000538451)
(0.0043076 0 0 0 0.000538451 0 0 0 0.000538451)
(0.00430761 0 0 0 0.000538451 0 0 0 0.000538451)
(0.00430764 0 0 0 0.000538454 0 0 0 0.000538454)
(0.00430764 0 0 0 0.000538455 0 0 0 0.000538455)
(0.00428919 0 0 0 0.000536149 0 0 0 0.000536149)
(0.00426143 0 0 0 0.000532679 0 0 0 0.000532679)
(0.00425506 0 0 0 0.000531882 0 0 0 0.000531882)
(0.00425579 0 0 0 0.000531974 0 0 0 0.000531974)
(0.00426659 0 0 0 0.000533324 0 0 0 0.000533324)
(0.00428397 0 0 0 0.000535496 0 0 0 0.000535496)
(0.00430769 0 0 0 0.000538462 0 0 0 0.000538462)
(0.0041238 0 0 0 0.000515475 0 0 0 0.000515475)
(0.0043076 0 0 0 0.000538451 0 0 0 0.000538451)
(0.0043076 0 0 0 0.000538451 0 0 0 0.000538451)
(0.00430763 0 0 0 0.000538454 0 0 0 0.000538454)
(0.00430764 0 0 0 0.000538454 0 0 0 0.000538454)
(0.00429617 0 0 0 0.000537021 0 0 0 0.000537021)
(0.00426723 0 0 0 0.000533403 0 0 0 0.000533403)
(0.00425922 0 0 0 0.000532403 0 0 0 0.000532403)
(0.00426471 0 0 0 0.000533089 0 0 0 0.000533089)
(0.00428194 0 0 0 0.000535243 0 0 0 0.000535243)
(0.00429186 0 0 0 0.000536483 0 0 0 0.000536483)
(0.00430044 0 0 0 0.000537555 0 0 0 0.000537555)
(0.00430769 0 0 0 0.000538462 0 0 0 0.000538462)
(0.00412364 0 0 0 0.000515455 0 0 0 0.000515455)
(0.0043076 0 0 0 0.000538451 0 0 0 0.000538451)
(0.00430762 0 0 0 0.000538453 0 0 0 0.000538453)
(0.00430764 0 0 0 0.000538455 0 0 0 0.000538455)
(0.00430379 0 0 0 0.000537974 0 0 0 0.000537974)
(0.00427664 0 0 0 0.00053458 0 0 0 0.00053458)
(0.00426574 0 0 0 0.000533217 0 0 0 0.000533217)
(0.00427459 0 0 0 0.000534324 0 0 0 0.000534324)
(0.00429028 0 0 0 0.000536285 0 0 0 0.000536285)
(0.00429949 0 0 0 0.000537436 0 0 0 0.000537436)
(0.00430374 0 0 0 0.000537968 0 0 0 0.000537968)
(0.00430617 0 0 0 0.000538271 0 0 0 0.000538271)
(0.00430769 0 0 0 0.000538462 0 0 0 0.000538462)
(0.00412355 0 0 0 0.000515443 0 0 0 0.000515443)
(0.0043076 0 0 0 0.000538451 0 0 0 0.000538451)
(0.00430763 0 0 0 0.000538454 0 0 0 0.000538454)
(0.00430764 0 0 0 0.000538455 0 0 0 0.000538455)
(0.00428886 0 0 0 0.000536108 0 0 0 0.000536108)
(0.00427464 0 0 0 0.000534329 0 0 0 0.000534329)
(0.00428022 0 0 0 0.000535027 0 0 0 0.000535027)
(0.00429537 0 0 0 0.000536921 0 0 0 0.000536921)
(0.00430292 0 0 0 0.000537865 0 0 0 0.000537865)
(0.00430597 0 0 0 0.000538246 0 0 0 0.000538246)
(0.00430702 0 0 0 0.000538378 0 0 0 0.000538378)
(0.00430743 0 0 0 0.000538428 0 0 0 0.000538428)
(0.00430769 0 0 0 0.000538462 0 0 0 0.000538462)
(0.00412333 0 0 0 0.000515416 0 0 0 0.000515416)
(0.00430761 0 0 0 0.000538451 0 0 0 0.000538451)
(0.00430764 0 0 0 0.000538455 0 0 0 0.000538455)
(0.00430152 0 0 0 0.00053769 0 0 0 0.00053769)
(0.00428532 0 0 0 0.000535666 0 0 0 0.000535666)
(0.00428355 0 0 0 0.000535444 0 0 0 0.000535444)
(0.00429741 0 0 0 0.000537176 0 0 0 0.000537176)
(0.00430454 0 0 0 0.000538068 0 0 0 0.000538068)
(0.00430679 0 0 0 0.000538349 0 0 0 0.000538349)
(0.0043074 0 0 0 0.000538425 0 0 0 0.000538425)
(0.00430755 0 0 0 0.000538444 0 0 0 0.000538444)
(0.00430759 0 0 0 0.000538449 0 0 0 0.000538449)
(0.00430769 0 0 0 0.000538462 0 0 0 0.000538462)
(0.00412331 0 0 0 0.000515413 0 0 0 0.000515413)
(0.00430761 0 0 0 0.000538452 0 0 0 0.000538452)
(0.00430764 0 0 0 0.000538455 0 0 0 0.000538455)
(0.00429736 0 0 0 0.00053717 0 0 0 0.00053717)
(0.00428643 0 0 0 0.000535804 0 0 0 0.000535804)
(0.00429755 0 0 0 0.000537194 0 0 0 0.000537194)
(0.00430505 0 0 0 0.000538132 0 0 0 0.000538132)
(0.00430712 0 0 0 0.00053839 0 0 0 0.00053839)
(0.00430752 0 0 0 0.00053844 0 0 0 0.00053844)
(0.00430759 0 0 0 0.000538449 0 0 0 0.000538449)
(0.0043076 0 0 0 0.00053845 0 0 0 0.00053845)
(0.0043076 0 0 0 0.00053845 0 0 0 0.00053845)
(0.00430769 0 0 0 0.000538462 0 0 0 0.000538462)
(0.00412315 0 0 0 0.000515394 0 0 0 0.000515394)
(0.00430763 0 0 0 0.000538453 0 0 0 0.000538453)
(0.00430641 0 0 0 0.000538301 0 0 0 0.000538301)
(0.00429508 0 0 0 0.000536885 0 0 0 0.000536885)
(0.0042963 0 0 0 0.000537038 0 0 0 0.000537038)
(0.00430493 0 0 0 0.000538116 0 0 0 0.000538116)
(0.00430724 0 0 0 0.000538406 0 0 0 0.000538406)
(0.00430757 0 0 0 0.000538446 0 0 0 0.000538446)
(0.0043076 0 0 0 0.00053845 0 0 0 0.00053845)
(0.0043076 0 0 0 0.00053845 0 0 0 0.00053845)
(0.0043076 0 0 0 0.000538451 0 0 0 0.000538451)
(0.0043076 0 0 0 0.000538451 0 0 0 0.000538451)
(0.00430769 0 0 0 0.000538462 0 0 0 0.000538462)
(0.00412315 0 0 0 0.000515394 0 0 0 0.000515394)
(0.00430763 0 0 0 0.000538453 0 0 0 0.000538453)
(0.00430408 0 0 0 0.000538011 0 0 0 0.000538011)
(0.00429506 0 0 0 0.000536883 0 0 0 0.000536883)
(0.00430498 0 0 0 0.000538122 0 0 0 0.000538122)
(0.00430738 0 0 0 0.000538423 0 0 0 0.000538423)
(0.00430759 0 0 0 0.000538449 0 0 0 0.000538449)
(0.0043076 0 0 0 0.00053845 0 0 0 0.00053845)
(0.0043076 0 0 0 0.000538451 0 0 0 0.000538451)
(0.0043076 0 0 0 0.000538451 0 0 0 0.000538451)
(0.0043076 0 0 0 0.000538451 0 0 0 0.000538451)
(0.0043076 0 0 0 0.000538451 0 0 0 0.000538451)
(0.00430769 0 0 0 0.000538462 0 0 0 0.000538462)
(0.00412293 0 0 0 0.000515367 0 0 0 0.000515367)
(0.00127633 0 0 0 0.000159542 0 0 0 0.000159542)
(0.00127525 0 0 0 0.000159406 0 0 0 0.000159406)
(0.00127277 0 0 0 0.000159096 0 0 0 0.000159096)
(0.00127565 0 0 0 0.000159456 0 0 0 0.000159456)
(0.00127628 0 0 0 0.000159535 0 0 0 0.000159535)
(0.00127633 0 0 0 0.000159541 0 0 0 0.000159541)
(0.00127633 0 0 0 0.000159541 0 0 0 0.000159541)
(0.00127633 0 0 0 0.000159541 0 0 0 0.000159541)
(0.00127633 0 0 0 0.000159541 0 0 0 0.000159541)
(0.00127633 0 0 0 0.000159541 0 0 0 0.000159541)
(0.00127633 0 0 0 0.000159541 0 0 0 0.000159541)
(0.00127635 0 0 0 0.000159544 0 0 0 0.000159544)
(0.00123465 0 0 0 0.000154332 0 0 0 0.000154332)
(0.00127633 0 0 0 0.000159542 0 0 0 0.000159542)
(0.00127595 0 0 0 0.000159494 0 0 0 0.000159494)
(0.00127265 0 0 0 0.000159081 0 0 0 0.000159081)
(0.00127296 0 0 0 0.00015912 0 0 0 0.00015912)
(0.00127554 0 0 0 0.000159443 0 0 0 0.000159443)
(0.00127623 0 0 0 0.000159528 0 0 0 0.000159528)
(0.00127632 0 0 0 0.00015954 0 0 0 0.00015954)
(0.00127633 0 0 0 0.000159541 0 0 0 0.000159541)
(0.00127633 0 0 0 0.000159541 0 0 0 0.000159541)
(0.00127633 0 0 0 0.000159541 0 0 0 0.000159541)
(0.00127633 0 0 0 0.000159541 0 0 0 0.000159541)
(0.00127635 0 0 0 0.000159544 0 0 0 0.000159544)
(0.00123471 0 0 0 0.000154339 0 0 0 0.000154339)
(0.00127633 0 0 0 0.000159541 0 0 0 0.000159541)
(0.00127634 0 0 0 0.000159542 0 0 0 0.000159542)
(0.00127329 0 0 0 0.000159161 0 0 0 0.000159161)
(0.00127003 0 0 0 0.000158754 0 0 0 0.000158754)
(0.00127336 0 0 0 0.000159169 0 0 0 0.000159169)
(0.00127558 0 0 0 0.000159448 0 0 0 0.000159448)
(0.00127619 0 0 0 0.000159524 0 0 0 0.000159524)
(0.0012763 0 0 0 0.000159538 0 0 0 0.000159538)
(0.00127632 0 0 0 0.00015954 0 0 0 0.00015954)
(0.00127633 0 0 0 0.000159541 0 0 0 0.000159541)
(0.00127633 0 0 0 0.000159541 0 0 0 0.000159541)
(0.00127635 0 0 0 0.000159544 0 0 0 0.000159544)
(0.00123471 0 0 0 0.000154339 0 0 0 0.000154339)
(0.00127633 0 0 0 0.000159541 0 0 0 0.000159541)
(0.00127634 0 0 0 0.000159542 0 0 0 0.000159542)
(0.00127452 0 0 0 0.000159315 0 0 0 0.000159315)
(0.00126972 0 0 0 0.000158715 0 0 0 0.000158715)
(0.00126919 0 0 0 0.000158649 0 0 0 0.000158649)
(0.00127331 0 0 0 0.000159164 0 0 0 0.000159164)
(0.00127543 0 0 0 0.000159428 0 0 0 0.000159428)
(0.00127609 0 0 0 0.000159511 0 0 0 0.000159511)
(0.00127627 0 0 0 0.000159534 0 0 0 0.000159534)
(0.00127631 0 0 0 0.000159539 0 0 0 0.000159539)
(0.00127632 0 0 0 0.000159541 0 0 0 0.000159541)
(0.00127635 0 0 0 0.000159544 0 0 0 0.000159544)
(0.00123478 0 0 0 0.000154348 0 0 0 0.000154348)
(0.00127633 0 0 0 0.000159541 0 0 0 0.000159541)
(0.00127634 0 0 0 0.000159542 0 0 0 0.000159542)
(0.00127634 0 0 0 0.000159542 0 0 0 0.000159542)
(0.00127077 0 0 0 0.000158846 0 0 0 0.000158846)
(0.00126655 0 0 0 0.000158318 0 0 0 0.000158318)
(0.00126821 0 0 0 0.000158526 0 0 0 0.000158526)
(0.00127271 0 0 0 0.000159088 0 0 0 0.000159088)
(0.00127495 0 0 0 0.000159368 0 0 0 0.000159368)
(0.00127585 0 0 0 0.000159481 0 0 0 0.000159481)
(0.00127616 0 0 0 0.00015952 0 0 0 0.00015952)
(0.00127628 0 0 0 0.000159534 0 0 0 0.000159534)
(0.00127635 0 0 0 0.000159544 0 0 0 0.000159544)
(0.00123491 0 0 0 0.000154364 0 0 0 0.000154364)
(0.00127633 0 0 0 0.000159541 0 0 0 0.000159541)
(0.00127633 0 0 0 0.000159542 0 0 0 0.000159542)
(0.00127634 0 0 0 0.000159542 0 0 0 0.000159542)
(0.0012752 0 0 0 0.0001594 0 0 0 0.0001594)
(0.00126714 0 0 0 0.000158393 0 0 0 0.000158393)
(0.00126391 0 0 0 0.000157989 0 0 0 0.000157989)
(0.00126654 0 0 0 0.000158317 0 0 0 0.000158317)
(0.0012712 0 0 0 0.0001589 0 0 0 0.0001589)
(0.00127393 0 0 0 0.000159241 0 0 0 0.000159241)
(0.00127519 0 0 0 0.000159398 0 0 0 0.000159398)
(0.0012759 0 0 0 0.000159488 0 0 0 0.000159488)
(0.00127635 0 0 0 0.000159544 0 0 0 0.000159544)
(0.00123499 0 0 0 0.000154374 0 0 0 0.000154374)
(0.00127633 0 0 0 0.000159541 0 0 0 0.000159541)
(0.00127633 0 0 0 0.000159541 0 0 0 0.000159541)
(0.00127634 0 0 0 0.000159542 0 0 0 0.000159542)
(0.00127634 0 0 0 0.000159542 0 0 0 0.000159542)
(0.00127294 0 0 0 0.000159118 0 0 0 0.000159118)
(0.00126436 0 0 0 0.000158045 0 0 0 0.000158045)
(0.00126198 0 0 0 0.000157748 0 0 0 0.000157748)
(0.00126361 0 0 0 0.000157951 0 0 0 0.000157951)
(0.00126872 0 0 0 0.00015859 0 0 0 0.00015859)
(0.00127167 0 0 0 0.000158959 0 0 0 0.000158959)
(0.00127419 0 0 0 0.000159274 0 0 0 0.000159274)
(0.00127635 0 0 0 0.000159544 0 0 0 0.000159544)
(0.00123503 0 0 0 0.000154378 0 0 0 0.000154378)
(0.00127633 0 0 0 0.000159541 0 0 0 0.000159541)
(0.00127633 0 0 0 0.000159541 0 0 0 0.000159541)
(0.00127633 0 0 0 0.000159541 0 0 0 0.000159541)
(0.00127634 0 0 0 0.000159542 0 0 0 0.000159542)
(0.00127634 0 0 0 0.000159542 0 0 0 0.000159542)
(0.00127087 0 0 0 0.000158859 0 0 0 0.000158859)
(0.00126265 0 0 0 0.000157831 0 0 0 0.000157831)
(0.00126075 0 0 0 0.000157594 0 0 0 0.000157594)
(0.00126095 0 0 0 0.000157619 0 0 0 0.000157619)
(0.00126425 0 0 0 0.000158031 0 0 0 0.000158031)
(0.00126915 0 0 0 0.000158644 0 0 0 0.000158644)
(0.00127635 0 0 0 0.000159544 0 0 0 0.000159544)
(0.00123507 0 0 0 0.000154383 0 0 0 0.000154383)
(0.00127633 0 0 0 0.000159541 0 0 0 0.000159541)
(0.00127633 0 0 0 0.000159541 0 0 0 0.000159541)
(0.00127633 0 0 0 0.000159541 0 0 0 0.000159541)
(0.00127633 0 0 0 0.000159541 0 0 0 0.000159541)
(0.00127634 0 0 0 0.000159542 0 0 0 0.000159542)
(0.00127634 0 0 0 0.000159543 0 0 0 0.000159543)
(0.0012696 0 0 0 0.000158699 0 0 0 0.000158699)
(0.00126229 0 0 0 0.000157786 0 0 0 0.000157786)
(0.00125992 0 0 0 0.00015749 0 0 0 0.00015749)
(0.00125921 0 0 0 0.000157401 0 0 0 0.000157401)
(0.00125988 0 0 0 0.000157486 0 0 0 0.000157486)
(0.00127635 0 0 0 0.000159544 0 0 0 0.000159544)
(0.00123506 0 0 0 0.000154383 0 0 0 0.000154383)
(0.00127633 0 0 0 0.000159541 0 0 0 0.000159541)
(0.00127633 0 0 0 0.000159541 0 0 0 0.000159541)
(0.00127633 0 0 0 0.000159541 0 0 0 0.000159541)
(0.00127633 0 0 0 0.000159541 0 0 0 0.000159541)
(0.00127633 0 0 0 0.000159542 0 0 0 0.000159542)
(0.00127634 0 0 0 0.000159543 0 0 0 0.000159543)
(0.00127635 0 0 0 0.000159543 0 0 0 0.000159543)
(0.00126902 0 0 0 0.000158627 0 0 0 0.000158627)
(0.00126236 0 0 0 0.000157795 0 0 0 0.000157795)
(0.00125943 0 0 0 0.000157429 0 0 0 0.000157429)
(0.00125785 0 0 0 0.000157231 0 0 0 0.000157231)
(0.00127604 0 0 0 0.000159505 0 0 0 0.000159505)
(0.00123505 0 0 0 0.000154382 0 0 0 0.000154382)
(0.00127633 0 0 0 0.000159541 0 0 0 0.000159541)
(0.00127633 0 0 0 0.000159541 0 0 0 0.000159541)
(0.00127633 0 0 0 0.000159541 0 0 0 0.000159541)
(0.00127633 0 0 0 0.000159541 0 0 0 0.000159541)
(0.00127633 0 0 0 0.000159541 0 0 0 0.000159541)
(0.00127634 0 0 0 0.000159542 0 0 0 0.000159542)
(0.00127635 0 0 0 0.000159543 0 0 0 0.000159543)
(0.0012755 0 0 0 0.000159437 0 0 0 0.000159437)
(0.00126744 0 0 0 0.00015843 0 0 0 0.00015843)
(0.0012613 0 0 0 0.000157662 0 0 0 0.000157662)
(0.00125785 0 0 0 0.000157231 0 0 0 0.000157231)
(0.00127598 0 0 0 0.000159497 0 0 0 0.000159497)
(0.00123509 0 0 0 0.000154387 0 0 0 0.000154387)
(0.00127633 0 0 0 0.000159541 0 0 0 0.000159541)
(0.00127633 0 0 0 0.000159541 0 0 0 0.000159541)
(0.00127633 0 0 0 0.000159541 0 0 0 0.000159541)
(0.00127633 0 0 0 0.000159541 0 0 0 0.000159541)
(0.00127633 0 0 0 0.000159541 0 0 0 0.000159541)
(0.00127634 0 0 0 0.000159542 0 0 0 0.000159542)
(0.00127635 0 0 0 0.000159543 0 0 0 0.000159543)
(0.00127635 0 0 0 0.000159543 0 0 0 0.000159543)
(0.00127167 0 0 0 0.000158959 0 0 0 0.000158959)
(0.00126343 0 0 0 0.000157929 0 0 0 0.000157929)
(0.00125785 0 0 0 0.000157231 0 0 0 0.000157231)
(0.00127593 0 0 0 0.000159491 0 0 0 0.000159491)
(0.00123516 0 0 0 0.000154396 0 0 0 0.000154396)
(0.00127633 0 0 0 0.000159541 0 0 0 0.000159541)
(0.00127633 0 0 0 0.000159541 0 0 0 0.000159541)
(0.00127633 0 0 0 0.000159541 0 0 0 0.000159541)
(0.00127633 0 0 0 0.000159541 0 0 0 0.000159541)
(0.00127633 0 0 0 0.000159541 0 0 0 0.000159541)
(0.00127634 0 0 0 0.000159542 0 0 0 0.000159542)
(0.00127635 0 0 0 0.000159543 0 0 0 0.000159543)
(0.00127635 0 0 0 0.000159543 0 0 0 0.000159543)
(0.00127164 0 0 0 0.000158955 0 0 0 0.000158955)
(0.00126338 0 0 0 0.000157922 0 0 0 0.000157922)
(0.00125785 0 0 0 0.000157231 0 0 0 0.000157231)
(0.00127589 0 0 0 0.000159486 0 0 0 0.000159486)
(0.00123513 0 0 0 0.000154391 0 0 0 0.000154391)
(0.00127633 0 0 0 0.000159541 0 0 0 0.000159541)
(0.00127633 0 0 0 0.000159541 0 0 0 0.000159541)
(0.00127633 0 0 0 0.000159541 0 0 0 0.000159541)
(0.00127633 0 0 0 0.000159541 0 0 0 0.000159541)
(0.00127633 0 0 0 0.000159541 0 0 0 0.000159541)
(0.00127634 0 0 0 0.000159542 0 0 0 0.000159542)
(0.00127635 0 0 0 0.000159543 0 0 0 0.000159543)
(0.00127549 0 0 0 0.000159436 0 0 0 0.000159436)
(0.00126735 0 0 0 0.000158418 0 0 0 0.000158418)
(0.00126121 0 0 0 0.000157652 0 0 0 0.000157652)
(0.00125785 0 0 0 0.000157231 0 0 0 0.000157231)
(0.00127583 0 0 0 0.000159478 0 0 0 0.000159478)
(0.00123504 0 0 0 0.00015438 0 0 0 0.00015438)
(0.00127633 0 0 0 0.000159541 0 0 0 0.000159541)
(0.00127633 0 0 0 0.000159541 0 0 0 0.000159541)
(0.00127633 0 0 0 0.000159541 0 0 0 0.000159541)
(0.00127633 0 0 0 0.000159541 0 0 0 0.000159541)
(0.00127633 0 0 0 0.000159542 0 0 0 0.000159542)
(0.00127634 0 0 0 0.000159543 0 0 0 0.000159543)
(0.00127635 0 0 0 0.000159543 0 0 0 0.000159543)
(0.00126899 0 0 0 0.000158624 0 0 0 0.000158624)
(0.00126225 0 0 0 0.000157781 0 0 0 0.000157781)
(0.00125944 0 0 0 0.00015743 0 0 0 0.00015743)
(0.00125785 0 0 0 0.000157231 0 0 0 0.000157231)
(0.00127568 0 0 0 0.000159459 0 0 0 0.000159459)
(0.00123499 0 0 0 0.000154374 0 0 0 0.000154374)
(0.00127633 0 0 0 0.000159541 0 0 0 0.000159541)
(0.00127633 0 0 0 0.000159541 0 0 0 0.000159541)
(0.00127633 0 0 0 0.000159541 0 0 0 0.000159541)
(0.00127633 0 0 0 0.000159541 0 0 0 0.000159541)
(0.00127634 0 0 0 0.000159542 0 0 0 0.000159542)
(0.00127634 0 0 0 0.000159543 0 0 0 0.000159543)
(0.00126958 0 0 0 0.000158698 0 0 0 0.000158698)
(0.00126229 0 0 0 0.000157786 0 0 0 0.000157786)
(0.0012599 0 0 0 0.000157488 0 0 0 0.000157488)
(0.00125922 0 0 0 0.000157402 0 0 0 0.000157402)
(0.001261 0 0 0 0.000157625 0 0 0 0.000157625)
(0.00127635 0 0 0 0.000159543 0 0 0 0.000159543)
(0.001235 0 0 0 0.000154375 0 0 0 0.000154375)
(0.00127633 0 0 0 0.000159541 0 0 0 0.000159541)
(0.00127633 0 0 0 0.000159541 0 0 0 0.000159541)
(0.00127633 0 0 0 0.000159541 0 0 0 0.000159541)
(0.00127634 0 0 0 0.000159542 0 0 0 0.000159542)
(0.00127634 0 0 0 0.000159542 0 0 0 0.000159542)
(0.00127086 0 0 0 0.000158858 0 0 0 0.000158858)
(0.00126265 0 0 0 0.000157832 0 0 0 0.000157832)
(0.00126078 0 0 0 0.000157598 0 0 0 0.000157598)
(0.00126091 0 0 0 0.000157613 0 0 0 0.000157613)
(0.00126455 0 0 0 0.000158069 0 0 0 0.000158069)
(0.00127001 0 0 0 0.000158751 0 0 0 0.000158751)
(0.00127635 0 0 0 0.000159543 0 0 0 0.000159543)
(0.00123499 0 0 0 0.000154374 0 0 0 0.000154374)
(0.00127633 0 0 0 0.000159541 0 0 0 0.000159541)
(0.00127633 0 0 0 0.000159541 0 0 0 0.000159541)
(0.00127634 0 0 0 0.000159542 0 0 0 0.000159542)
(0.00127634 0 0 0 0.000159542 0 0 0 0.000159542)
(0.00127294 0 0 0 0.000159118 0 0 0 0.000159118)
(0.00126436 0 0 0 0.000158045 0 0 0 0.000158045)
(0.00126198 0 0 0 0.000157748 0 0 0 0.000157748)
(0.00126366 0 0 0 0.000157957 0 0 0 0.000157957)
(0.00126872 0 0 0 0.00015859 0 0 0 0.00015859)
(0.00127192 0 0 0 0.00015899 0 0 0 0.00015899)
(0.00127453 0 0 0 0.000159316 0 0 0 0.000159316)
(0.00127635 0 0 0 0.000159543 0 0 0 0.000159543)
(0.00123496 0 0 0 0.00015437 0 0 0 0.00015437)
(0.00127633 0 0 0 0.000159541 0 0 0 0.000159541)
(0.00127633 0 0 0 0.000159542 0 0 0 0.000159542)
(0.00127634 0 0 0 0.000159542 0 0 0 0.000159542)
(0.0012752 0 0 0 0.000159399 0 0 0 0.000159399)
(0.00126715 0 0 0 0.000158393 0 0 0 0.000158393)
(0.00126391 0 0 0 0.000157989 0 0 0 0.000157989)
(0.00126653 0 0 0 0.000158316 0 0 0 0.000158316)
(0.00127123 0 0 0 0.000158904 0 0 0 0.000158904)
(0.00127394 0 0 0 0.000159243 0 0 0 0.000159243)
(0.00127528 0 0 0 0.00015941 0 0 0 0.00015941)
(0.00127599 0 0 0 0.000159499 0 0 0 0.000159499)
(0.00127635 0 0 0 0.000159543 0 0 0 0.000159543)
(0.00123492 0 0 0 0.000154365 0 0 0 0.000154365)
(0.00127633 0 0 0 0.000159541 0 0 0 0.000159541)
(0.00127634 0 0 0 0.000159542 0 0 0 0.000159542)
(0.00127634 0 0 0 0.000159542 0 0 0 0.000159542)
(0.00127077 0 0 0 0.000158846 0 0 0 0.000158846)
(0.00126655 0 0 0 0.000158318 0 0 0 0.000158318)
(0.00126821 0 0 0 0.000158526 0 0 0 0.000158526)
(0.0012727 0 0 0 0.000159088 0 0 0 0.000159088)
(0.00127496 0 0 0 0.000159369 0 0 0 0.000159369)
(0.00127585 0 0 0 0.000159482 0 0 0 0.000159482)
(0.00127617 0 0 0 0.000159522 0 0 0 0.000159522)
(0.00127629 0 0 0 0.000159536 0 0 0 0.000159536)
(0.00127635 0 0 0 0.000159543 0 0 0 0.000159543)
(0.00123484 0 0 0 0.000154355 0 0 0 0.000154355)
(0.00127633 0 0 0 0.000159541 0 0 0 0.000159541)
(0.00127634 0 0 0 0.000159542 0 0 0 0.000159542)
(0.00127452 0 0 0 0.000159315 0 0 0 0.000159315)
(0.00126972 0 0 0 0.000158715 0 0 0 0.000158715)
(0.00126919 0 0 0 0.000158649 0 0 0 0.000158649)
(0.00127331 0 0 0 0.000159164 0 0 0 0.000159164)
(0.00127543 0 0 0 0.000159428 0 0 0 0.000159428)
(0.00127609 0 0 0 0.000159512 0 0 0 0.000159512)
(0.00127627 0 0 0 0.000159534 0 0 0 0.000159534)
(0.00127631 0 0 0 0.000159539 0 0 0 0.000159539)
(0.00127633 0 0 0 0.000159541 0 0 0 0.000159541)
(0.00127635 0 0 0 0.000159543 0 0 0 0.000159543)
(0.00123469 0 0 0 0.000154337 0 0 0 0.000154337)
(0.00127633 0 0 0 0.000159541 0 0 0 0.000159541)
(0.00127634 0 0 0 0.000159542 0 0 0 0.000159542)
(0.00127329 0 0 0 0.000159161 0 0 0 0.000159161)
(0.00127003 0 0 0 0.000158754 0 0 0 0.000158754)
(0.00127335 0 0 0 0.000159169 0 0 0 0.000159169)
(0.00127558 0 0 0 0.000159448 0 0 0 0.000159448)
(0.00127619 0 0 0 0.000159524 0 0 0 0.000159524)
(0.0012763 0 0 0 0.000159538 0 0 0 0.000159538)
(0.00127632 0 0 0 0.000159541 0 0 0 0.000159541)
(0.00127633 0 0 0 0.000159541 0 0 0 0.000159541)
(0.00127633 0 0 0 0.000159541 0 0 0 0.000159541)
(0.00127635 0 0 0 0.000159543 0 0 0 0.000159543)
(0.00123464 0 0 0 0.00015433 0 0 0 0.00015433)
(0.00127633 0 0 0 0.000159542 0 0 0 0.000159542)
(0.00127595 0 0 0 0.000159494 0 0 0 0.000159494)
(0.00127265 0 0 0 0.000159081 0 0 0 0.000159081)
(0.00127296 0 0 0 0.00015912 0 0 0 0.00015912)
(0.00127554 0 0 0 0.000159443 0 0 0 0.000159443)
(0.00127623 0 0 0 0.000159528 0 0 0 0.000159528)
(0.00127632 0 0 0 0.00015954 0 0 0 0.00015954)
(0.00127633 0 0 0 0.000159541 0 0 0 0.000159541)
(0.00127633 0 0 0 0.000159541 0 0 0 0.000159541)
(0.00127633 0 0 0 0.000159541 0 0 0 0.000159541)
(0.00127633 0 0 0 0.000159541 0 0 0 0.000159541)
(0.00127635 0 0 0 0.000159543 0 0 0 0.000159543)
(0.00123463 0 0 0 0.000154328 0 0 0 0.000154328)
(0.00127633 0 0 0 0.000159542 0 0 0 0.000159542)
(0.00127525 0 0 0 0.000159406 0 0 0 0.000159406)
(0.00127277 0 0 0 0.000159096 0 0 0 0.000159096)
(0.00127565 0 0 0 0.000159456 0 0 0 0.000159456)
(0.00127628 0 0 0 0.000159535 0 0 0 0.000159535)
(0.00127633 0 0 0 0.000159541 0 0 0 0.000159541)
(0.00127633 0 0 0 0.000159541 0 0 0 0.000159541)
(0.00127633 0 0 0 0.000159541 0 0 0 0.000159541)
(0.00127633 0 0 0 0.000159541 0 0 0 0.000159541)
(0.00127633 0 0 0 0.000159541 0 0 0 0.000159541)
(0.00127633 0 0 0 0.000159541 0 0 0 0.000159541)
(0.00127635 0 0 0 0.000159543 0 0 0 0.000159543)
(0.00123459 0 0 0 0.000154324 0 0 0 0.000154324)
(0.00449249 0 0 0 0.000561562 0 0 0 0.000561562)
(0.00434829 0 0 0 0.000543536 0 0 0 0.000543536)
(0.00431161 0 0 0 0.000538951 0 0 0 0.000538951)
(0.0043079 0 0 0 0.000538488 0 0 0 0.000538488)
(0.00430762 0 0 0 0.000538453 0 0 0 0.000538453)
(0.00430761 0 0 0 0.000538451 0 0 0 0.000538451)
(0.0043076 0 0 0 0.000538451 0 0 0 0.000538451)
(0.0043076 0 0 0 0.000538451 0 0 0 0.000538451)
(0.0043076 0 0 0 0.000538451 0 0 0 0.000538451)
(0.0043076 0 0 0 0.000538451 0 0 0 0.000538451)
(0.0043076 0 0 0 0.000538451 0 0 0 0.000538451)
(0.0043076 0 0 0 0.000538451 0 0 0 0.000538451)
(0.0043076 0 0 0 0.000538451 0 0 0 0.000538451)
(0.00449249 0 0 0 0.000561562 0 0 0 0.000561562)
(0.00441399 0 0 0 0.000551749 0 0 0 0.000551749)
(0.00433658 0 0 0 0.000542073 0 0 0 0.000542073)
(0.00431278 0 0 0 0.000539097 0 0 0 0.000539097)
(0.00430825 0 0 0 0.000538531 0 0 0 0.000538531)
(0.00430767 0 0 0 0.000538458 0 0 0 0.000538458)
(0.00430761 0 0 0 0.000538451 0 0 0 0.000538451)
(0.0043076 0 0 0 0.000538451 0 0 0 0.000538451)
(0.0043076 0 0 0 0.000538451 0 0 0 0.000538451)
(0.0043076 0 0 0 0.000538451 0 0 0 0.000538451)
(0.0043076 0 0 0 0.000538451 0 0 0 0.000538451)
(0.0043076 0 0 0 0.000538451 0 0 0 0.000538451)
(0.0043076 0 0 0 0.000538451 0 0 0 0.000538451)
(0.00449249 0 0 0 0.000561561 0 0 0 0.000561561)
(0.00446358 0 0 0 0.000557948 0 0 0 0.000557948)
(0.00438396 0 0 0 0.000547995 0 0 0 0.000547995)
(0.00433212 0 0 0 0.000541515 0 0 0 0.000541515)
(0.00431301 0 0 0 0.000539127 0 0 0 0.000539127)
(0.00430848 0 0 0 0.00053856 0 0 0 0.00053856)
(0.00430773 0 0 0 0.000538466 0 0 0 0.000538466)
(0.00430762 0 0 0 0.000538453 0 0 0 0.000538453)
(0.00430761 0 0 0 0.000538451 0 0 0 0.000538451)
(0.0043076 0 0 0 0.000538451 0 0 0 0.000538451)
(0.0043076 0 0 0 0.000538451 0 0 0 0.000538451)
(0.0043076 0 0 0 0.000538451 0 0 0 0.000538451)
(0.0043076 0 0 0 0.000538451 0 0 0 0.000538451)
(0.00449248 0 0 0 0.00056156 0 0 0 0.00056156)
(0.00448467 0 0 0 0.000560584 0 0 0 0.000560584)
(0.00443649 0 0 0 0.000554561 0 0 0 0.000554561)
(0.00437203 0 0 0 0.000546504 0 0 0 0.000546504)
(0.00432971 0 0 0 0.000541214 0 0 0 0.000541214)
(0.00431315 0 0 0 0.000539143 0 0 0 0.000539143)
(0.00430878 0 0 0 0.000538598 0 0 0 0.000538598)
(0.00430785 0 0 0 0.000538481 0 0 0 0.000538481)
(0.00430765 0 0 0 0.000538457 0 0 0 0.000538457)
(0.00430761 0 0 0 0.000538452 0 0 0 0.000538452)
(0.00430761 0 0 0 0.000538451 0 0 0 0.000538451)
(0.0043076 0 0 0 0.000538451 0 0 0 0.000538451)
(0.0043076 0 0 0 0.000538451 0 0 0 0.000538451)
(0.00449248 0 0 0 0.00056156 0 0 0 0.00056156)
(0.00448407 0 0 0 0.000560509 0 0 0 0.000560509)
(0.00446905 0 0 0 0.000558631 0 0 0 0.000558631)
(0.0044228 0 0 0 0.00055285 0 0 0 0.00055285)
(0.00436504 0 0 0 0.00054563 0 0 0 0.00054563)
(0.00432848 0 0 0 0.000541059 0 0 0 0.000541059)
(0.00431398 0 0 0 0.000539248 0 0 0 0.000539248)
(0.00430948 0 0 0 0.000538685 0 0 0 0.000538685)
(0.00430814 0 0 0 0.000538517 0 0 0 0.000538517)
(0.00430776 0 0 0 0.000538469 0 0 0 0.000538469)
(0.00430765 0 0 0 0.000538456 0 0 0 0.000538456)
(0.00430762 0 0 0 0.000538452 0 0 0 0.000538452)
(0.00430761 0 0 0 0.000538451 0 0 0 0.000538451)
(0.00449247 0 0 0 0.000561559 0 0 0 0.000561559)
(0.00448121 0 0 0 0.000560151 0 0 0 0.000560151)
(0.00447326 0 0 0 0.000559158 0 0 0 0.000559158)
(0.00445915 0 0 0 0.000557394 0 0 0 0.000557394)
(0.00441236 0 0 0 0.000551545 0 0 0 0.000551545)
(0.00436054 0 0 0 0.000545067 0 0 0 0.000545067)
(0.00432976 0 0 0 0.00054122 0 0 0 0.00054122)
(0.00431636 0 0 0 0.000539544 0 0 0 0.000539544)
(0.00431091 0 0 0 0.000538863 0 0 0 0.000538863)
(0.00430883 0 0 0 0.000538604 0 0 0 0.000538604)
(0.00430806 0 0 0 0.000538507 0 0 0 0.000538507)
(0.00430778 0 0 0 0.000538472 0 0 0 0.000538472)
(0.00430766 0 0 0 0.000538457 0 0 0 0.000538457)
(0.00449246 0 0 0 0.000561557 0 0 0 0.000561557)
(0.00448641 0 0 0 0.000560802 0 0 0 0.000560802)
(0.00446889 0 0 0 0.000558611 0 0 0 0.000558611)
(0.00446699 0 0 0 0.000558374 0 0 0 0.000558374)
(0.00444946 0 0 0 0.000556182 0 0 0 0.000556182)
(0.00440371 0 0 0 0.000550463 0 0 0 0.000550463)
(0.00436072 0 0 0 0.00054509 0 0 0 0.00054509)
(0.00433465 0 0 0 0.000541831 0 0 0 0.000541831)
(0.0043206 0 0 0 0.000540075 0 0 0 0.000540075)
(0.00431369 0 0 0 0.000539212 0 0 0 0.000539212)
(0.00431039 0 0 0 0.000538799 0 0 0 0.000538799)
(0.00430896 0 0 0 0.000538619 0 0 0 0.000538619)
(0.0043081 0 0 0 0.000538512 0 0 0 0.000538512)
(0.00449243 0 0 0 0.000561554 0 0 0 0.000561554)
(0.00449183 0 0 0 0.000561479 0 0 0 0.000561479)
(0.00447476 0 0 0 0.000559345 0 0 0 0.000559345)
(0.00446223 0 0 0 0.000557779 0 0 0 0.000557779)
(0.00446187 0 0 0 0.000557734 0 0 0 0.000557734)
(0.00443945 0 0 0 0.000554931 0 0 0 0.000554931)
(0.00440013 0 0 0 0.000550016 0 0 0 0.000550016)
(0.00436611 0 0 0 0.000545764 0 0 0 0.000545764)
(0.00434202 0 0 0 0.000542752 0 0 0 0.000542752)
(0.00432718 0 0 0 0.000540897 0 0 0 0.000540897)
(0.00431824 0 0 0 0.00053978 0 0 0 0.00053978)
(0.00431389 0 0 0 0.000539236 0 0 0 0.000539236)
(0.00431031 0 0 0 0.000538789 0 0 0 0.000538789)
(0.00449242 0 0 0 0.000561552 0 0 0 0.000561552)
(0.00449057 0 0 0 0.000561322 0 0 0 0.000561322)
(0.00448478 0 0 0 0.000560597 0 0 0 0.000560597)
(0.00446533 0 0 0 0.000558166 0 0 0 0.000558166)
(0.00445864 0 0 0 0.00055733 0 0 0 0.00055733)
(0.00445575 0 0 0 0.000556969 0 0 0 0.000556969)
(0.00443263 0 0 0 0.000554079 0 0 0 0.000554079)
(0.00440174 0 0 0 0.000550217 0 0 0 0.000550217)
(0.00437268 0 0 0 0.000546585 0 0 0 0.000546585)
(0.00435101 0 0 0 0.000543877 0 0 0 0.000543877)
(0.00433445 0 0 0 0.000541806 0 0 0 0.000541806)
(0.00432622 0 0 0 0.000540778 0 0 0 0.000540778)
(0.00431681 0 0 0 0.000539601 0 0 0 0.000539601)
(0.00449236 0 0 0 0.000561545 0 0 0 0.000561545)
(0.00448813 0 0 0 0.000561016 0 0 0 0.000561016)
(0.00448775 0 0 0 0.000560968 0 0 0 0.000560968)
(0.00447467 0 0 0 0.000559333 0 0 0 0.000559333)
(0.00445813 0 0 0 0.000557266 0 0 0 0.000557266)
(0.00445669 0 0 0 0.000557086 0 0 0 0.000557086)
(0.00444936 0 0 0 0.00055617 0 0 0 0.00055617)
(0.00442907 0 0 0 0.000553634 0 0 0 0.000553634)
(0.00440214 0 0 0 0.000550267 0 0 0 0.000550267)
(0.00437912 0 0 0 0.00054739 0 0 0 0.00054739)
(0.00435594 0 0 0 0.000544493 0 0 0 0.000544493)
(0.00434546 0 0 0 0.000543183 0 0 0 0.000543183)
(0.00432847 0 0 0 0.000541058 0 0 0 0.000541058)
(0.00449227 0 0 0 0.000561533 0 0 0 0.000561533)
(0.00448778 0 0 0 0.000560972 0 0 0 0.000560972)
(0.00448663 0 0 0 0.000560829 0 0 0 0.000560829)
(0.00448055 0 0 0 0.000560069 0 0 0 0.000560069)
(0.00446239 0 0 0 0.000557799 0 0 0 0.000557799)
(0.00445523 0 0 0 0.000556904 0 0 0 0.000556904)
(0.00445393 0 0 0 0.000556741 0 0 0 0.000556741)
(0.00444369 0 0 0 0.000555462 0 0 0 0.000555462)
(0.00442177 0 0 0 0.000552721 0 0 0 0.000552721)
(0.00440217 0 0 0 0.000550271 0 0 0 0.000550271)
(0.00437517 0 0 0 0.000546897 0 0 0 0.000546897)
(0.00436503 0 0 0 0.000545629 0 0 0 0.000545629)
(0.0043418 0 0 0 0.000542725 0 0 0 0.000542725)
(0.00449211 0 0 0 0.000561513 0 0 0 0.000561513)
(0.00448814 0 0 0 0.000561018 0 0 0 0.000561018)
(0.00448524 0 0 0 0.000560655 0 0 0 0.000560655)
(0.004483 0 0 0 0.000560376 0 0 0 0.000560376)
(0.00446619 0 0 0 0.000558274 0 0 0 0.000558274)
(0.00445501 0 0 0 0.000556876 0 0 0 0.000556876)
(0.00445418 0 0 0 0.000556773 0 0 0 0.000556773)
(0.0044493 0 0 0 0.000556163 0 0 0 0.000556163)
(0.00443093 0 0 0 0.000553866 0 0 0 0.000553866)
(0.00441512 0 0 0 0.00055189 0 0 0 0.00055189)
(0.00438661 0 0 0 0.000548327 0 0 0 0.000548327)
(0.00437771 0 0 0 0.000547214 0 0 0 0.000547214)
(0.00435119 0 0 0 0.000543899 0 0 0 0.000543899)
(0.00449184 0 0 0 0.00056148 0 0 0 0.00056148)
(0.0044882 0 0 0 0.000561026 0 0 0 0.000561026)
(0.00448525 0 0 0 0.000560656 0 0 0 0.000560656)
(0.00448304 0 0 0 0.000560381 0 0 0 0.000560381)
(0.00446632 0 0 0 0.000558291 0 0 0 0.000558291)
(0.004455 0 0 0 0.000556875 0 0 0 0.000556875)
(0.00445414 0 0 0 0.000556767 0 0 0 0.000556767)
(0.00444942 0 0 0 0.000556177 0 0 0 0.000556177)
(0.00443119 0 0 0 0.000553899 0 0 0 0.000553899)
(0.00441555 0 0 0 0.000551943 0 0 0 0.000551943)
(0.00438701 0 0 0 0.000548376 0 0 0 0.000548376)
(0.00437816 0 0 0 0.00054727 0 0 0 0.00054727)
(0.00435153 0 0 0 0.000543941 0 0 0 0.000543941)
(0.00449153 0 0 0 0.000561441 0 0 0 0.000561441)
(0.00448782 0 0 0 0.000560978 0 0 0 0.000560978)
(0.00448652 0 0 0 0.000560815 0 0 0 0.000560815)
(0.00448075 0 0 0 0.000560093 0 0 0 0.000560093)
(0.00446269 0 0 0 0.000557836 0 0 0 0.000557836)
(0.00445531 0 0 0 0.000556913 0 0 0 0.000556913)
(0.00445389 0 0 0 0.000556737 0 0 0 0.000556737)
(0.00444411 0 0 0 0.000555513 0 0 0 0.000555513)
(0.00442258 0 0 0 0.000552823 0 0 0 0.000552823)
(0.00440334 0 0 0 0.000550418 0 0 0 0.000550418)
(0.00437622 0 0 0 0.000547027 0 0 0 0.000547027)
(0.00436616 0 0 0 0.00054577 0 0 0 0.00054577)
(0.0043426 0 0 0 0.000542825 0 0 0 0.000542825)
(0.00449121 0 0 0 0.000561402 0 0 0 0.000561402)
(0.0044882 0 0 0 0.000561025 0 0 0 0.000561025)
(0.00448759 0 0 0 0.000560949 0 0 0 0.000560949)
(0.00447473 0 0 0 0.000559342 0 0 0 0.000559342)
(0.00445839 0 0 0 0.000557299 0 0 0 0.000557299)
(0.00445698 0 0 0 0.000557123 0 0 0 0.000557123)
(0.00444947 0 0 0 0.000556183 0 0 0 0.000556183)
(0.00442998 0 0 0 0.000553747 0 0 0 0.000553747)
(0.00440353 0 0 0 0.000550441 0 0 0 0.000550441)
(0.00438072 0 0 0 0.00054759 0 0 0 0.00054759)
(0.00435726 0 0 0 0.000544657 0 0 0 0.000544657)
(0.00434673 0 0 0 0.000543341 0 0 0 0.000543341)
(0.00432927 0 0 0 0.000541159 0 0 0 0.000541159)
(0.00449091 0 0 0 0.000561364 0 0 0 0.000561364)
(0.00449032 0 0 0 0.00056129 0 0 0 0.00056129)
(0.00448433 0 0 0 0.000560541 0 0 0 0.000560541)
(0.00446541 0 0 0 0.000558177 0 0 0 0.000558177)
(0.00445916 0 0 0 0.000557394 0 0 0 0.000557394)
(0.00445575 0 0 0 0.000556969 0 0 0 0.000556969)
(0.00443348 0 0 0 0.000554186 0 0 0 0.000554186)
(0.0044033 0 0 0 0.000550413 0 0 0 0.000550413)
(0.00437438 0 0 0 0.000546798 0 0 0 0.000546798)
(0.00435254 0 0 0 0.000544067 0 0 0 0.000544067)
(0.00433557 0 0 0 0.000541946 0 0 0 0.000541946)
(0.00432714 0 0 0 0.000540893 0 0 0 0.000540893)
(0.00431732 0 0 0 0.000539665 0 0 0 0.000539665)
(0.00449055 0 0 0 0.000561318 0 0 0 0.000561318)
(0.00449064 0 0 0 0.00056133 0 0 0 0.00056133)
(0.00447497 0 0 0 0.000559372 0 0 0 0.000559372)
(0.00446247 0 0 0 0.000557809 0 0 0 0.000557809)
(0.00446175 0 0 0 0.000557719 0 0 0 0.000557719)
(0.00444025 0 0 0 0.000555031 0 0 0 0.000555031)
(0.00440184 0 0 0 0.000550231 0 0 0 0.000550231)
(0.00436788 0 0 0 0.000545985 0 0 0 0.000545985)
(0.00434343 0 0 0 0.000542929 0 0 0 0.000542929)
(0.00432817 0 0 0 0.000541021 0 0 0 0.000541021)
(0.00431886 0 0 0 0.000539858 0 0 0 0.000539858)
(0.00431431 0 0 0 0.000539289 0 0 0 0.000539289)
(0.00431051 0 0 0 0.000538814 0 0 0 0.000538814)
(0.00449019 0 0 0 0.000561274 0 0 0 0.000561274)
(0.00448586 0 0 0 0.000560733 0 0 0 0.000560733)
(0.00447005 0 0 0 0.000558757 0 0 0 0.000558757)
(0.00446657 0 0 0 0.000558321 0 0 0 0.000558321)
(0.00444993 0 0 0 0.000556241 0 0 0 0.000556241)
(0.0044053 0 0 0 0.000550662 0 0 0 0.000550662)
(0.00436245 0 0 0 0.000545306 0 0 0 0.000545306)
(0.0043359 0 0 0 0.000541987 0 0 0 0.000541987)
(0.00432136 0 0 0 0.00054017 0 0 0 0.00054017)
(0.00431411 0 0 0 0.000539264 0 0 0 0.000539264)
(0.00431061 0 0 0 0.000538826 0 0 0 0.000538826)
(0.00430907 0 0 0 0.000538634 0 0 0 0.000538634)
(0.00430814 0 0 0 0.000538518 0 0 0 0.000538518)
(0.00448985 0 0 0 0.000561232 0 0 0 0.000561232)
(0.00448185 0 0 0 0.000560231 0 0 0 0.000560231)
(0.00447356 0 0 0 0.000559195 0 0 0 0.000559195)
(0.0044587 0 0 0 0.000557337 0 0 0 0.000557337)
(0.00441389 0 0 0 0.000551736 0 0 0 0.000551736)
(0.00436229 0 0 0 0.000545286 0 0 0 0.000545286)
(0.00433091 0 0 0 0.000541364 0 0 0 0.000541364)
(0.00431694 0 0 0 0.000539618 0 0 0 0.000539618)
(0.00431117 0 0 0 0.000538897 0 0 0 0.000538897)
(0.00430895 0 0 0 0.000538618 0 0 0 0.000538618)
(0.0043081 0 0 0 0.000538513 0 0 0 0.000538513)
(0.0043078 0 0 0 0.000538475 0 0 0 0.000538475)
(0.00430766 0 0 0 0.000538458 0 0 0 0.000538458)
(0.00448964 0 0 0 0.000561205 0 0 0 0.000561205)
(0.00448362 0 0 0 0.000560453 0 0 0 0.000560453)
(0.00446887 0 0 0 0.000558609 0 0 0 0.000558609)
(0.00442408 0 0 0 0.00055301 0 0 0 0.00055301)
(0.00436722 0 0 0 0.000545903 0 0 0 0.000545903)
(0.00432974 0 0 0 0.000541217 0 0 0 0.000541217)
(0.0043145 0 0 0 0.000539312 0 0 0 0.000539312)
(0.00430966 0 0 0 0.000538708 0 0 0 0.000538708)
(0.0043082 0 0 0 0.000538525 0 0 0 0.000538525)
(0.00430777 0 0 0 0.000538472 0 0 0 0.000538472)
(0.00430765 0 0 0 0.000538457 0 0 0 0.000538457)
(0.00430762 0 0 0 0.000538452 0 0 0 0.000538452)
(0.00430761 0 0 0 0.000538451 0 0 0 0.000538451)
(0.00448951 0 0 0 0.000561189 0 0 0 0.000561189)
(0.00448347 0 0 0 0.000560434 0 0 0 0.000560434)
(0.00443912 0 0 0 0.00055489 0 0 0 0.00055489)
(0.00437526 0 0 0 0.000546907 0 0 0 0.000546907)
(0.00433152 0 0 0 0.000541441 0 0 0 0.000541441)
(0.00431374 0 0 0 0.000539217 0 0 0 0.000539217)
(0.00430893 0 0 0 0.000538617 0 0 0 0.000538617)
(0.00430789 0 0 0 0.000538486 0 0 0 0.000538486)
(0.00430766 0 0 0 0.000538458 0 0 0 0.000538458)
(0.00430762 0 0 0 0.000538452 0 0 0 0.000538452)
(0.00430761 0 0 0 0.000538451 0 0 0 0.000538451)
(0.0043076 0 0 0 0.000538451 0 0 0 0.000538451)
(0.0043076 0 0 0 0.000538451 0 0 0 0.000538451)
(0.00448941 0 0 0 0.000561177 0 0 0 0.000561177)
(0.00446823 0 0 0 0.000558528 0 0 0 0.000558528)
(0.00439109 0 0 0 0.000548886 0 0 0 0.000548886)
(0.00433548 0 0 0 0.000541935 0 0 0 0.000541935)
(0.00431394 0 0 0 0.000539242 0 0 0 0.000539242)
(0.00430865 0 0 0 0.000538581 0 0 0 0.000538581)
(0.00430775 0 0 0 0.000538469 0 0 0 0.000538469)
(0.00430763 0 0 0 0.000538453 0 0 0 0.000538453)
(0.00430761 0 0 0 0.000538451 0 0 0 0.000538451)
(0.0043076 0 0 0 0.000538451 0 0 0 0.000538451)
(0.0043076 0 0 0 0.000538451 0 0 0 0.000538451)
(0.0043076 0 0 0 0.000538451 0 0 0 0.000538451)
(0.0043076 0 0 0 0.000538451 0 0 0 0.000538451)
(0.00448933 0 0 0 0.000561166 0 0 0 0.000561166)
(0.00443219 0 0 0 0.000554023 0 0 0 0.000554023)
(0.00434512 0 0 0 0.00054314 0 0 0 0.00054314)
(0.00431458 0 0 0 0.000539322 0 0 0 0.000539322)
(0.00430849 0 0 0 0.000538561 0 0 0 0.000538561)
(0.00430769 0 0 0 0.000538461 0 0 0 0.000538461)
(0.00430761 0 0 0 0.000538451 0 0 0 0.000538451)
(0.0043076 0 0 0 0.000538451 0 0 0 0.000538451)
(0.0043076 0 0 0 0.000538451 0 0 0 0.000538451)
(0.0043076 0 0 0 0.000538451 0 0 0 0.000538451)
(0.0043076 0 0 0 0.000538451 0 0 0 0.000538451)
(0.0043076 0 0 0 0.000538451 0 0 0 0.000538451)
(0.0043076 0 0 0 0.000538451 0 0 0 0.000538451)
(0.00448927 0 0 0 0.000561159 0 0 0 0.000561159)
(0.00437406 0 0 0 0.000546757 0 0 0 0.000546757)
(0.00431506 0 0 0 0.000539382 0 0 0 0.000539382)
(0.00430814 0 0 0 0.000538517 0 0 0 0.000538517)
(0.00430764 0 0 0 0.000538455 0 0 0 0.000538455)
(0.00430761 0 0 0 0.000538451 0 0 0 0.000538451)
(0.0043076 0 0 0 0.000538451 0 0 0 0.000538451)
(0.0043076 0 0 0 0.000538451 0 0 0 0.000538451)
(0.0043076 0 0 0 0.000538451 0 0 0 0.000538451)
(0.0043076 0 0 0 0.000538451 0 0 0 0.000538451)
(0.0043076 0 0 0 0.000538451 0 0 0 0.000538451)
(0.0043076 0 0 0 0.000538451 0 0 0 0.000538451)
(0.0043076 0 0 0 0.000538451 0 0 0 0.000538451)
(0.00131533 0 0 0 0.000164416 0 0 0 0.000164416)
(0.00129039 0 0 0 0.000161298 0 0 0 0.000161298)
(0.00127784 0 0 0 0.00015973 0 0 0 0.00015973)
(0.00127642 0 0 0 0.000159553 0 0 0 0.000159553)
(0.00127633 0 0 0 0.000159542 0 0 0 0.000159542)
(0.00127633 0 0 0 0.000159541 0 0 0 0.000159541)
(0.00127633 0 0 0 0.000159541 0 0 0 0.000159541)
(0.00127633 0 0 0 0.000159541 0 0 0 0.000159541)
(0.00127633 0 0 0 0.000159541 0 0 0 0.000159541)
(0.00127633 0 0 0 0.000159541 0 0 0 0.000159541)
(0.00127633 0 0 0 0.000159541 0 0 0 0.000159541)
(0.00127633 0 0 0 0.000159541 0 0 0 0.000159541)
(0.00127633 0 0 0 0.000159541 0 0 0 0.000159541)
(0.00131538 0 0 0 0.000164422 0 0 0 0.000164422)
(0.00130376 0 0 0 0.00016297 0 0 0 0.00016297)
(0.00128465 0 0 0 0.000160581 0 0 0 0.000160581)
(0.00127785 0 0 0 0.000159732 0 0 0 0.000159732)
(0.00127652 0 0 0 0.000159564 0 0 0 0.000159564)
(0.00127634 0 0 0 0.000159543 0 0 0 0.000159543)
(0.00127633 0 0 0 0.000159541 0 0 0 0.000159541)
(0.00127633 0 0 0 0.000159541 0 0 0 0.000159541)
(0.00127633 0 0 0 0.000159541 0 0 0 0.000159541)
(0.00127633 0 0 0 0.000159541 0 0 0 0.000159541)
(0.00127633 0 0 0 0.000159541 0 0 0 0.000159541)
(0.00127633 0 0 0 0.000159541 0 0 0 0.000159541)
(0.00127633 0 0 0 0.000159541 0 0 0 0.000159541)
(0.00131542 0 0 0 0.000164428 0 0 0 0.000164428)
(0.00131139 0 0 0 0.000163924 0 0 0 0.000163924)
(0.00129475 0 0 0 0.000161844 0 0 0 0.000161844)
(0.00128248 0 0 0 0.00016031 0 0 0 0.00016031)
(0.00127771 0 0 0 0.000159714 0 0 0 0.000159714)
(0.00127655 0 0 0 0.000159569 0 0 0 0.000159569)
(0.00127636 0 0 0 0.000159545 0 0 0 0.000159545)
(0.00127633 0 0 0 0.000159542 0 0 0 0.000159542)
(0.00127633 0 0 0 0.000159541 0 0 0 0.000159541)
(0.00127633 0 0 0 0.000159541 0 0 0 0.000159541)
(0.00127633 0 0 0 0.000159541 0 0 0 0.000159541)
(0.00127633 0 0 0 0.000159541 0 0 0 0.000159541)
(0.00127633 0 0 0 0.000159541 0 0 0 0.000159541)
(0.00131548 0 0 0 0.000164434 0 0 0 0.000164434)
(0.00131446 0 0 0 0.000164307 0 0 0 0.000164307)
(0.00130514 0 0 0 0.000163142 0 0 0 0.000163142)
(0.00129121 0 0 0 0.000161401 0 0 0 0.000161401)
(0.00128158 0 0 0 0.000160197 0 0 0 0.000160197)
(0.00127767 0 0 0 0.000159708 0 0 0 0.000159708)
(0.00127662 0 0 0 0.000159577 0 0 0 0.000159577)
(0.00127639 0 0 0 0.000159549 0 0 0 0.000159549)
(0.00127634 0 0 0 0.000159543 0 0 0 0.000159543)
(0.00127633 0 0 0 0.000159541 0 0 0 0.000159541)
(0.00127633 0 0 0 0.000159541 0 0 0 0.000159541)
(0.00127633 0 0 0 0.000159541 0 0 0 0.000159541)
(0.00127633 0 0 0 0.000159541 0 0 0 0.000159541)
(0.00131553 0 0 0 0.000164442 0 0 0 0.000164442)
(0.00131433 0 0 0 0.000164291 0 0 0 0.000164291)
(0.00131142 0 0 0 0.000163928 0 0 0 0.000163928)
(0.0013018 0 0 0 0.000162724 0 0 0 0.000162724)
(0.00128938 0 0 0 0.000161173 0 0 0 0.000161173)
(0.00128116 0 0 0 0.000160145 0 0 0 0.000160145)
(0.00127783 0 0 0 0.000159728 0 0 0 0.000159728)
(0.00127677 0 0 0 0.000159597 0 0 0 0.000159597)
(0.00127646 0 0 0 0.000159557 0 0 0 0.000159557)
(0.00127636 0 0 0 0.000159545 0 0 0 0.000159545)
(0.00127634 0 0 0 0.000159542 0 0 0 0.000159542)
(0.00127633 0 0 0 0.000159541 0 0 0 0.000159541)
(0.00127633 0 0 0 0.000159541 0 0 0 0.000159541)
(0.00131562 0 0 0 0.000164452 0 0 0 0.000164452)
(0.00131393 0 0 0 0.000164241 0 0 0 0.000164241)
(0.00131233 0 0 0 0.000164041 0 0 0 0.000164041)
(0.00130921 0 0 0 0.000163652 0 0 0 0.000163652)
(0.00129949 0 0 0 0.000162437 0 0 0 0.000162437)
(0.00128824 0 0 0 0.000161031 0 0 0 0.000161031)
(0.0012814 0 0 0 0.000160174 0 0 0 0.000160174)
(0.00127835 0 0 0 0.000159794 0 0 0 0.000159794)
(0.0012771 0 0 0 0.000159637 0 0 0 0.000159637)
(0.00127662 0 0 0 0.000159577 0 0 0 0.000159577)
(0.00127643 0 0 0 0.000159554 0 0 0 0.000159554)
(0.00127637 0 0 0 0.000159546 0 0 0 0.000159546)
(0.00127634 0 0 0 0.000159543 0 0 0 0.000159543)
(0.00131572 0 0 0 0.000164466 0 0 0 0.000164466)
(0.00131472 0 0 0 0.00016434 0 0 0 0.00016434)
(0.00131148 0 0 0 0.000163935 0 0 0 0.000163935)
(0.00131086 0 0 0 0.000163857 0 0 0 0.000163857)
(0.00130725 0 0 0 0.000163406 0 0 0 0.000163406)
(0.00129755 0 0 0 0.000162193 0 0 0 0.000162193)
(0.00128823 0 0 0 0.000161029 0 0 0 0.000161029)
(0.00128246 0 0 0 0.000160307 0 0 0 0.000160307)
(0.0012793 0 0 0 0.000159913 0 0 0 0.000159913)
(0.00127773 0 0 0 0.000159716 0 0 0 0.000159716)
(0.00127697 0 0 0 0.000159622 0 0 0 0.000159622)
(0.00127664 0 0 0 0.00015958 0 0 0 0.00015958)
(0.00127644 0 0 0 0.000159555 0 0 0 0.000159555)
(0.00131582 0 0 0 0.000164478 0 0 0 0.000164478)
(0.00131571 0 0 0 0.000164464 0 0 0 0.000164464)
(0.00131247 0 0 0 0.000164059 0 0 0 0.000164059)
(0.00130994 0 0 0 0.000163743 0 0 0 0.000163743)
(0.00130984 0 0 0 0.00016373 0 0 0 0.00016373)
(0.00130514 0 0 0 0.000163142 0 0 0 0.000163142)
(0.00129678 0 0 0 0.000162097 0 0 0 0.000162097)
(0.0012894 0 0 0 0.000161175 0 0 0 0.000161175)
(0.00128409 0 0 0 0.000160511 0 0 0 0.000160511)
(0.00128077 0 0 0 0.000160097 0 0 0 0.000160097)
(0.00127876 0 0 0 0.000159845 0 0 0 0.000159845)
(0.00127777 0 0 0 0.000159721 0 0 0 0.000159721)
(0.00127695 0 0 0 0.000159619 0 0 0 0.000159619)
(0.0013159 0 0 0 0.000164488 0 0 0 0.000164488)
(0.00131573 0 0 0 0.000164466 0 0 0 0.000164466)
(0.00131442 0 0 0 0.000164302 0 0 0 0.000164302)
(0.00131049 0 0 0 0.000163811 0 0 0 0.000163811)
(0.00130926 0 0 0 0.000163658 0 0 0 0.000163658)
(0.00130855 0 0 0 0.000163569 0 0 0 0.000163569)
(0.00130368 0 0 0 0.000162959 0 0 0 0.000162959)
(0.0012971 0 0 0 0.000162137 0 0 0 0.000162137)
(0.00129081 0 0 0 0.000161351 0 0 0 0.000161351)
(0.00128606 0 0 0 0.000160757 0 0 0 0.000160757)
(0.00128238 0 0 0 0.000160297 0 0 0 0.000160297)
(0.00128055 0 0 0 0.000160069 0 0 0 0.000160069)
(0.00127842 0 0 0 0.000159803 0 0 0 0.000159803)
(0.00131597 0 0 0 0.000164497 0 0 0 0.000164497)
(0.00131535 0 0 0 0.000164419 0 0 0 0.000164419)
(0.00131521 0 0 0 0.000164401 0 0 0 0.000164401)
(0.00131234 0 0 0 0.000164043 0 0 0 0.000164043)
(0.00130908 0 0 0 0.000163635 0 0 0 0.000163635)
(0.00130885 0 0 0 0.000163606 0 0 0 0.000163606)
(0.00130723 0 0 0 0.000163404 0 0 0 0.000163404)
(0.00130292 0 0 0 0.000162865 0 0 0 0.000162865)
(0.00129714 0 0 0 0.000162143 0 0 0 0.000162143)
(0.00129218 0 0 0 0.000161522 0 0 0 0.000161522)
(0.00128709 0 0 0 0.000160886 0 0 0 0.000160886)
(0.0012848 0 0 0 0.0001606 0 0 0 0.0001606)
(0.00128102 0 0 0 0.000160127 0 0 0 0.000160127)
(0.00131603 0 0 0 0.000164504 0 0 0 0.000164504)
(0.00131523 0 0 0 0.000164404 0 0 0 0.000164404)
(0.00131516 0 0 0 0.000164395 0 0 0 0.000164395)
(0.0013136 0 0 0 0.0001642 0 0 0 0.0001642)
(0.00130989 0 0 0 0.000163736 0 0 0 0.000163736)
(0.00130856 0 0 0 0.00016357 0 0 0 0.00016357)
(0.00130829 0 0 0 0.000163536 0 0 0 0.000163536)
(0.00130606 0 0 0 0.000163257 0 0 0 0.000163257)
(0.00130133 0 0 0 0.000162666 0 0 0 0.000162666)
(0.00129711 0 0 0 0.000162139 0 0 0 0.000162139)
(0.00129123 0 0 0 0.000161403 0 0 0 0.000161403)
(0.00128903 0 0 0 0.000161129 0 0 0 0.000161129)
(0.00128392 0 0 0 0.00016049 0 0 0 0.00016049)
(0.00131608 0 0 0 0.00016451 0 0 0 0.00016451)
(0.00131532 0 0 0 0.000164415 0 0 0 0.000164415)
(0.00131487 0 0 0 0.000164359 0 0 0 0.000164359)
(0.00131427 0 0 0 0.000164284 0 0 0 0.000164284)
(0.00131071 0 0 0 0.000163839 0 0 0 0.000163839)
(0.00130855 0 0 0 0.000163569 0 0 0 0.000163569)
(0.0013084 0 0 0 0.00016355 0 0 0 0.00016355)
(0.00130727 0 0 0 0.000163409 0 0 0 0.000163409)
(0.00130324 0 0 0 0.000162905 0 0 0 0.000162905)
(0.00129979 0 0 0 0.000162474 0 0 0 0.000162474)
(0.0012936 0 0 0 0.000161699 0 0 0 0.000161699)
(0.00129166 0 0 0 0.000161457 0 0 0 0.000161457)
(0.00128587 0 0 0 0.000160734 0 0 0 0.000160734)
(0.00131612 0 0 0 0.000164516 0 0 0 0.000164516)
(0.00131536 0 0 0 0.00016442 0 0 0 0.00016442)
(0.00131484 0 0 0 0.000164355 0 0 0 0.000164355)
(0.00131433 0 0 0 0.000164291 0 0 0 0.000164291)
(0.00131077 0 0 0 0.000163847 0 0 0 0.000163847)
(0.00130856 0 0 0 0.00016357 0 0 0 0.00016357)
(0.00130842 0 0 0 0.000163553 0 0 0 0.000163553)
(0.00130728 0 0 0 0.00016341 0 0 0 0.00016341)
(0.00130323 0 0 0 0.000162904 0 0 0 0.000162904)
(0.00129974 0 0 0 0.000162468 0 0 0 0.000162468)
(0.00129354 0 0 0 0.000161693 0 0 0 0.000161693)
(0.00129158 0 0 0 0.000161448 0 0 0 0.000161448)
(0.00128581 0 0 0 0.000160727 0 0 0 0.000160727)
(0.00131616 0 0 0 0.00016452 0 0 0 0.00016452)
(0.00131533 0 0 0 0.000164416 0 0 0 0.000164416)
(0.00131515 0 0 0 0.000164394 0 0 0 0.000164394)
(0.00131382 0 0 0 0.000164227 0 0 0 0.000164227)
(0.00131005 0 0 0 0.000163756 0 0 0 0.000163756)
(0.00130864 0 0 0 0.000163581 0 0 0 0.000163581)
(0.00130838 0 0 0 0.000163547 0 0 0 0.000163547)
(0.00130608 0 0 0 0.00016326 0 0 0 0.00016326)
(0.00130126 0 0 0 0.000162658 0 0 0 0.000162658)
(0.00129696 0 0 0 0.000162119 0 0 0 0.000162119)
(0.00129107 0 0 0 0.000161384 0 0 0 0.000161384)
(0.00128884 0 0 0 0.000161106 0 0 0 0.000161106)
(0.00128378 0 0 0 0.000160472 0 0 0 0.000160472)
(0.00131618 0 0 0 0.000164523 0 0 0 0.000164523)
(0.00131545 0 0 0 0.000164431 0 0 0 0.000164431)
(0.00131539 0 0 0 0.000164423 0 0 0 0.000164423)
(0.00131259 0 0 0 0.000164073 0 0 0 0.000164073)
(0.00130924 0 0 0 0.000163655 0 0 0 0.000163655)
(0.00130899 0 0 0 0.000163623 0 0 0 0.000163623)
(0.00130741 0 0 0 0.000163427 0 0 0 0.000163427)
(0.00130291 0 0 0 0.000162864 0 0 0 0.000162864)
(0.001297 0 0 0 0.000162125 0 0 0 0.000162125)
(0.00129196 0 0 0 0.000161495 0 0 0 0.000161495)
(0.00128689 0 0 0 0.000160862 0 0 0 0.000160862)
(0.00128459 0 0 0 0.000160574 0 0 0 0.000160574)
(0.00128088 0 0 0 0.00016011 0 0 0 0.00016011)
(0.00131621 0 0 0 0.000164526 0 0 0 0.000164526)
(0.00131602 0 0 0 0.000164503 0 0 0 0.000164503)
(0.00131474 0 0 0 0.000164342 0 0 0 0.000164342)
(0.00131074 0 0 0 0.000163842 0 0 0 0.000163842)
(0.00130948 0 0 0 0.000163685 0 0 0 0.000163685)
(0.00130886 0 0 0 0.000163608 0 0 0 0.000163608)
(0.00130376 0 0 0 0.00016297 0 0 0 0.00016297)
(0.00129697 0 0 0 0.000162122 0 0 0 0.000162122)
(0.0012906 0 0 0 0.000161325 0 0 0 0.000161325)
(0.00128584 0 0 0 0.00016073 0 0 0 0.00016073)
(0.00128221 0 0 0 0.000160276 0 0 0 0.000160276)
(0.0012804 0 0 0 0.00016005 0 0 0 0.00016005)
(0.00127834 0 0 0 0.000159792 0 0 0 0.000159792)
(0.00131623 0 0 0 0.000164529 0 0 0 0.000164529)
(0.0013163 0 0 0 0.000164538 0 0 0 0.000164538)
(0.00131276 0 0 0 0.000164095 0 0 0 0.000164095)
(0.00131027 0 0 0 0.000163783 0 0 0 0.000163783)
(0.00131025 0 0 0 0.000163781 0 0 0 0.000163781)
(0.00130533 0 0 0 0.000163166 0 0 0 0.000163166)
(0.00129669 0 0 0 0.000162086 0 0 0 0.000162086)
(0.0012892 0 0 0 0.00016115 0 0 0 0.00016115)
(0.0012839 0 0 0 0.000160487 0 0 0 0.000160487)
(0.00128063 0 0 0 0.000160078 0 0 0 0.000160078)
(0.00127866 0 0 0 0.000159832 0 0 0 0.000159832)
(0.0012777 0 0 0 0.000159713 0 0 0 0.000159713)
(0.00127692 0 0 0 0.000159615 0 0 0 0.000159615)
(0.00131628 0 0 0 0.000164535 0 0 0 0.000164535)
(0.00131532 0 0 0 0.000164415 0 0 0 0.000164415)
(0.00131168 0 0 0 0.00016396 0 0 0 0.00016396)
(0.00131138 0 0 0 0.000163922 0 0 0 0.000163922)
(0.00130757 0 0 0 0.000163447 0 0 0 0.000163447)
(0.00129752 0 0 0 0.00016219 0 0 0 0.00016219)
(0.00128804 0 0 0 0.000161005 0 0 0 0.000161005)
(0.00128228 0 0 0 0.000160286 0 0 0 0.000160286)
(0.00127918 0 0 0 0.000159898 0 0 0 0.000159898)
(0.00127766 0 0 0 0.000159708 0 0 0 0.000159708)
(0.00127694 0 0 0 0.000159617 0 0 0 0.000159617)
(0.00127662 0 0 0 0.000159578 0 0 0 0.000159578)
(0.00127644 0 0 0 0.000159554 0 0 0 0.000159554)
(0.00131641 0 0 0 0.000164551 0 0 0 0.000164551)
(0.0013142 0 0 0 0.000164275 0 0 0 0.000164275)
(0.00131264 0 0 0 0.00016408 0 0 0 0.00016408)
(0.0013097 0 0 0 0.000163712 0 0 0 0.000163712)
(0.00129945 0 0 0 0.000162431 0 0 0 0.000162431)
(0.00128801 0 0 0 0.000161001 0 0 0 0.000161001)
(0.00128121 0 0 0 0.000160151 0 0 0 0.000160151)
(0.00127825 0 0 0 0.000159781 0 0 0 0.000159781)
(0.00127705 0 0 0 0.000159631 0 0 0 0.000159631)
(0.00127659 0 0 0 0.000159574 0 0 0 0.000159574)
(0.00127643 0 0 0 0.000159553 0 0 0 0.000159553)
(0.00127637 0 0 0 0.000159546 0 0 0 0.000159546)
(0.00127634 0 0 0 0.000159542 0 0 0 0.000159542)
(0.00131649 0 0 0 0.000164561 0 0 0 0.000164561)
(0.00131478 0 0 0 0.000164348 0 0 0 0.000164348)
(0.00131186 0 0 0 0.000163982 0 0 0 0.000163982)
(0.00130181 0 0 0 0.000162726 0 0 0 0.000162726)
(0.00128904 0 0 0 0.00016113 0 0 0 0.00016113)
(0.00128093 0 0 0 0.000160117 0 0 0 0.000160117)
(0.00127773 0 0 0 0.000159716 0 0 0 0.000159716)
(0.00127674 0 0 0 0.000159592 0 0 0 0.000159592)
(0.00127644 0 0 0 0.000159555 0 0 0 0.000159555)
(0.00127636 0 0 0 0.000159545 0 0 0 0.000159545)
(0.00127634 0 0 0 0.000159542 0 0 0 0.000159542)
(0.00127633 0 0 0 0.000159541 0 0 0 0.000159541)
(0.00127633 0 0 0 0.000159541 0 0 0 0.000159541)
(0.00131654 0 0 0 0.000164567 0 0 0 0.000164567)
(0.00131521 0 0 0 0.000164401 0 0 0 0.000164401)
(0.00130495 0 0 0 0.000163119 0 0 0 0.000163119)
(0.00129067 0 0 0 0.000161334 0 0 0 0.000161334)
(0.00128123 0 0 0 0.000160154 0 0 0 0.000160154)
(0.00127755 0 0 0 0.000159693 0 0 0 0.000159693)
(0.00127658 0 0 0 0.000159573 0 0 0 0.000159573)
(0.00127638 0 0 0 0.000159548 0 0 0 0.000159548)
(0.00127634 0 0 0 0.000159542 0 0 0 0.000159542)
(0.00127633 0 0 0 0.000159541 0 0 0 0.000159541)
(0.00127633 0 0 0 0.000159541 0 0 0 0.000159541)
(0.00127633 0 0 0 0.000159541 0 0 0 0.000159541)
(0.00127633 0 0 0 0.000159541 0 0 0 0.000159541)
(0.00131656 0 0 0 0.00016457 0 0 0 0.00016457)
(0.00131115 0 0 0 0.000163894 0 0 0 0.000163894)
(0.00129349 0 0 0 0.000161687 0 0 0 0.000161687)
(0.00128181 0 0 0 0.000160226 0 0 0 0.000160226)
(0.00127752 0 0 0 0.00015969 0 0 0 0.00015969)
(0.00127652 0 0 0 0.000159565 0 0 0 0.000159565)
(0.00127635 0 0 0 0.000159544 0 0 0 0.000159544)
(0.00127633 0 0 0 0.000159541 0 0 0 0.000159541)
(0.00127633 0 0 0 0.000159541 0 0 0 0.000159541)
(0.00127633 0 0 0 0.000159541 0 0 0 0.000159541)
(0.00127633 0 0 0 0.000159541 0 0 0 0.000159541)
(0.00127633 0 0 0 0.000159541 0 0 0 0.000159541)
(0.00127633 0 0 0 0.000159541 0 0 0 0.000159541)
(0.00131658 0 0 0 0.000164572 0 0 0 0.000164572)
(0.00130063 0 0 0 0.000162579 0 0 0 0.000162579)
(0.00128291 0 0 0 0.000160363 0 0 0 0.000160363)
(0.00127747 0 0 0 0.000159684 0 0 0 0.000159684)
(0.00127647 0 0 0 0.000159558 0 0 0 0.000159558)
(0.00127634 0 0 0 0.000159542 0 0 0 0.000159542)
(0.00127633 0 0 0 0.000159541 0 0 0 0.000159541)
(0.00127633 0 0 0 0.000159541 0 0 0 0.000159541)
(0.00127633 0 0 0 0.000159541 0 0 0 0.000159541)
(0.00127633 0 0 0 0.000159541 0 0 0 0.000159541)
(0.00127633 0 0 0 0.000159541 0 0 0 0.000159541)
(0.00127633 0 0 0 0.000159541 0 0 0 0.000159541)
(0.00127633 0 0 0 0.000159541 0 0 0 0.000159541)
(0.00131658 0 0 0 0.000164573 0 0 0 0.000164573)
(0.00128553 0 0 0 0.000160692 0 0 0 0.000160692)
(0.00127716 0 0 0 0.000159645 0 0 0 0.000159645)
(0.00127638 0 0 0 0.000159548 0 0 0 0.000159548)
(0.00127633 0 0 0 0.000159541 0 0 0 0.000159541)
(0.00127633 0 0 0 0.000159541 0 0 0 0.000159541)
(0.00127633 0 0 0 0.000159541 0 0 0 0.000159541)
(0.00127633 0 0 0 0.000159541 0 0 0 0.000159541)
(0.00127633 0 0 0 0.000159541 0 0 0 0.000159541)
(0.00127633 0 0 0 0.000159541 0 0 0 0.000159541)
(0.00127633 0 0 0 0.000159541 0 0 0 0.000159541)
(0.00127633 0 0 0 0.000159541 0 0 0 0.000159541)
(0.00127633 0 0 0 0.000159541 0 0 0 0.000159541)
)
;

boundaryField
{
    PNe
    {
        type            calculated;
        value           nonuniform List<tensor> 
270
(
(0.00123494 0 0 0 0.000154367 0 0 0 0.000154367)
(0.00123532 0 0 0 0.000154415 0 0 0 0.000154415)
(0.00123597 0 0 0 0.000154496 0 0 0 0.000154496)
(0.00123694 0 0 0 0.000154618 0 0 0 0.000154618)
(0.00123787 0 0 0 0.000154734 0 0 0 0.000154734)
(0.00123878 0 0 0 0.000154848 0 0 0 0.000154848)
(0.00123967 0 0 0 0.000154959 0 0 0 0.000154959)
(0.00124054 0 0 0 0.000155068 0 0 0 0.000155068)
(0.0012414 0 0 0 0.000155175 0 0 0 0.000155175)
(0.00124225 0 0 0 0.000155282 0 0 0 0.000155282)
(0.00124309 0 0 0 0.000155386 0 0 0 0.000155386)
(0.00124392 0 0 0 0.00015549 0 0 0 0.00015549)
(0.00124474 0 0 0 0.000155592 0 0 0 0.000155592)
(0.00124554 0 0 0 0.000155693 0 0 0 0.000155693)
(0.00124634 0 0 0 0.000155793 0 0 0 0.000155793)
(0.00124713 0 0 0 0.000155891 0 0 0 0.000155891)
(0.00124791 0 0 0 0.000155988 0 0 0 0.000155988)
(0.00124867 0 0 0 0.000156084 0 0 0 0.000156084)
(0.00124943 0 0 0 0.000156179 0 0 0 0.000156179)
(0.00125018 0 0 0 0.000156272 0 0 0 0.000156272)
(0.00125092 0 0 0 0.000156364 0 0 0 0.000156364)
(0.00125164 0 0 0 0.000156455 0 0 0 0.000156455)
(0.00125236 0 0 0 0.000156545 0 0 0 0.000156545)
(0.00125306 0 0 0 0.000156633 0 0 0 0.000156633)
(0.00125376 0 0 0 0.00015672 0 0 0 0.00015672)
(0.00125444 0 0 0 0.000156805 0 0 0 0.000156805)
(0.00125511 0 0 0 0.000156889 0 0 0 0.000156889)
(0.00125578 0 0 0 0.000156972 0 0 0 0.000156972)
(0.00125643 0 0 0 0.000157053 0 0 0 0.000157053)
(0.00125706 0 0 0 0.000157133 0 0 0 0.000157133)
(0.00125769 0 0 0 0.000157212 0 0 0 0.000157212)
(0.00125831 0 0 0 0.000157289 0 0 0 0.000157289)
(0.00125891 0 0 0 0.000157364 0 0 0 0.000157364)
(0.00125951 0 0 0 0.000157438 0 0 0 0.000157438)
(0.00126009 0 0 0 0.000157511 0 0 0 0.000157511)
(0.00126066 0 0 0 0.000157582 0 0 0 0.000157582)
(0.00126122 0 0 0 0.000157652 0 0 0 0.000157652)
(0.00126176 0 0 0 0.00015772 0 0 0 0.00015772)
(0.0012623 0 0 0 0.000157787 0 0 0 0.000157787)
(0.00126282 0 0 0 0.000157852 0 0 0 0.000157852)
(0.00126333 0 0 0 0.000157916 0 0 0 0.000157916)
(0.00126383 0 0 0 0.000157979 0 0 0 0.000157979)
(0.00126432 0 0 0 0.00015804 0 0 0 0.00015804)
(0.00126479 0 0 0 0.000158099 0 0 0 0.000158099)
(0.00126525 0 0 0 0.000158157 0 0 0 0.000158157)
(0.00126571 0 0 0 0.000158213 0 0 0 0.000158213)
(0.00126615 0 0 0 0.000158268 0 0 0 0.000158268)
(0.00126657 0 0 0 0.000158322 0 0 0 0.000158322)
(0.00126699 0 0 0 0.000158374 0 0 0 0.000158374)
(0.0012674 0 0 0 0.000158424 0 0 0 0.000158424)
(0.00126779 0 0 0 0.000158474 0 0 0 0.000158474)
(0.00126817 0 0 0 0.000158521 0 0 0 0.000158521)
(0.00126854 0 0 0 0.000158568 0 0 0 0.000158568)
(0.0012689 0 0 0 0.000158612 0 0 0 0.000158612)
(0.00126925 0 0 0 0.000158656 0 0 0 0.000158656)
(0.00126958 0 0 0 0.000158698 0 0 0 0.000158698)
(0.00126991 0 0 0 0.000158738 0 0 0 0.000158738)
(0.00127022 0 0 0 0.000158778 0 0 0 0.000158778)
(0.00127053 0 0 0 0.000158816 0 0 0 0.000158816)
(0.00127082 0 0 0 0.000158852 0 0 0 0.000158852)
(0.0012711 0 0 0 0.000158888 0 0 0 0.000158888)
(0.00127137 0 0 0 0.000158922 0 0 0 0.000158922)
(0.00127163 0 0 0 0.000158954 0 0 0 0.000158954)
(0.00127189 0 0 0 0.000158986 0 0 0 0.000158986)
(0.00127213 0 0 0 0.000159016 0 0 0 0.000159016)
(0.00127236 0 0 0 0.000159045 0 0 0 0.000159045)
(0.00127258 0 0 0 0.000159073 0 0 0 0.000159073)
(0.00127279 0 0 0 0.000159099 0 0 0 0.000159099)
(0.001273 0 0 0 0.000159125 0 0 0 0.000159125)
(0.00127319 0 0 0 0.000159149 0 0 0 0.000159149)
(0.00127338 0 0 0 0.000159173 0 0 0 0.000159173)
(0.00127356 0 0 0 0.000159195 0 0 0 0.000159195)
(0.00127373 0 0 0 0.000159216 0 0 0 0.000159216)
(0.00127389 0 0 0 0.000159236 0 0 0 0.000159236)
(0.00127404 0 0 0 0.000159256 0 0 0 0.000159256)
(0.00127419 0 0 0 0.000159274 0 0 0 0.000159274)
(0.00127433 0 0 0 0.000159291 0 0 0 0.000159291)
(0.00127446 0 0 0 0.000159308 0 0 0 0.000159308)
(0.00127459 0 0 0 0.000159323 0 0 0 0.000159323)
(0.00127471 0 0 0 0.000159338 0 0 0 0.000159338)
(0.00127482 0 0 0 0.000159352 0 0 0 0.000159352)
(0.00127492 0 0 0 0.000159365 0 0 0 0.000159365)
(0.00127502 0 0 0 0.000159378 0 0 0 0.000159378)
(0.00127512 0 0 0 0.00015939 0 0 0 0.00015939)
(0.00127521 0 0 0 0.000159401 0 0 0 0.000159401)
(0.00127529 0 0 0 0.000159411 0 0 0 0.000159411)
(0.00127537 0 0 0 0.000159421 0 0 0 0.000159421)
(0.00127544 0 0 0 0.00015943 0 0 0 0.00015943)
(0.00127551 0 0 0 0.000159439 0 0 0 0.000159439)
(0.00127557 0 0 0 0.000159447 0 0 0 0.000159447)
(0.00127563 0 0 0 0.000159454 0 0 0 0.000159454)
(0.00127569 0 0 0 0.000159461 0 0 0 0.000159461)
(0.00127574 0 0 0 0.000159468 0 0 0 0.000159468)
(0.00127579 0 0 0 0.000159474 0 0 0 0.000159474)
(0.00127584 0 0 0 0.00015948 0 0 0 0.00015948)
(0.00127588 0 0 0 0.000159485 0 0 0 0.000159485)
(0.00127592 0 0 0 0.00015949 0 0 0 0.00015949)
(0.00127595 0 0 0 0.000159494 0 0 0 0.000159494)
(0.00127599 0 0 0 0.000159498 0 0 0 0.000159498)
(0.00127602 0 0 0 0.000159502 0 0 0 0.000159502)
(0.00127605 0 0 0 0.000159506 0 0 0 0.000159506)
(0.00127607 0 0 0 0.000159509 0 0 0 0.000159509)
(0.0012761 0 0 0 0.000159512 0 0 0 0.000159512)
(0.00127612 0 0 0 0.000159515 0 0 0 0.000159515)
(0.00127614 0 0 0 0.000159517 0 0 0 0.000159517)
(0.00127616 0 0 0 0.00015952 0 0 0 0.00015952)
(0.00127618 0 0 0 0.000159522 0 0 0 0.000159522)
(0.00127619 0 0 0 0.000159524 0 0 0 0.000159524)
(0.0012762 0 0 0 0.000159526 0 0 0 0.000159526)
(0.00127622 0 0 0 0.000159527 0 0 0 0.000159527)
(0.00127623 0 0 0 0.000159529 0 0 0 0.000159529)
(0.00127624 0 0 0 0.00015953 0 0 0 0.00015953)
(0.00127625 0 0 0 0.000159531 0 0 0 0.000159531)
(0.00127626 0 0 0 0.000159532 0 0 0 0.000159532)
(0.00127627 0 0 0 0.000159533 0 0 0 0.000159533)
(0.00127627 0 0 0 0.000159534 0 0 0 0.000159534)
(0.00127628 0 0 0 0.000159535 0 0 0 0.000159535)
(0.00127628 0 0 0 0.000159536 0 0 0 0.000159536)
(0.00127629 0 0 0 0.000159536 0 0 0 0.000159536)
(0.00127629 0 0 0 0.000159537 0 0 0 0.000159537)
(0.0012763 0 0 0 0.000159537 0 0 0 0.000159537)
(0.0012763 0 0 0 0.000159538 0 0 0 0.000159538)
(0.00127631 0 0 0 0.000159538 0 0 0 0.000159538)
(0.00127631 0 0 0 0.000159539 0 0 0 0.000159539)
(0.00127631 0 0 0 0.000159539 0 0 0 0.000159539)
(0.00127631 0 0 0 0.000159539 0 0 0 0.000159539)
(0.00127631 0 0 0 0.000159539 0 0 0 0.000159539)
(0.00127632 0 0 0 0.00015954 0 0 0 0.00015954)
(0.00127632 0 0 0 0.00015954 0 0 0 0.00015954)
(0.00127632 0 0 0 0.00015954 0 0 0 0.00015954)
(0.00127632 0 0 0 0.00015954 0 0 0 0.00015954)
(0.00127632 0 0 0 0.00015954 0 0 0 0.00015954)
(0.00127632 0 0 0 0.00015954 0 0 0 0.00015954)
(0.00127632 0 0 0 0.00015954 0 0 0 0.00015954)
(0.00127632 0 0 0 0.000159541 0 0 0 0.000159541)
(0.00127633 0 0 0 0.000159541 0 0 0 0.000159541)
(0.00127633 0 0 0 0.000159541 0 0 0 0.000159541)
(0.00127633 0 0 0 0.000159541 0 0 0 0.000159541)
(0.00127633 0 0 0 0.000159541 0 0 0 0.000159541)
(0.00127633 0 0 0 0.000159541 0 0 0 0.000159541)
(0.00127633 0 0 0 0.000159541 0 0 0 0.000159541)
(0.00127633 0 0 0 0.000159541 0 0 0 0.000159541)
(0.00127633 0 0 0 0.000159541 0 0 0 0.000159541)
(0.00127633 0 0 0 0.000159541 0 0 0 0.000159541)
(0.00127633 0 0 0 0.000159541 0 0 0 0.000159541)
(0.00127633 0 0 0 0.000159541 0 0 0 0.000159541)
(0.00127633 0 0 0 0.000159541 0 0 0 0.000159541)
(0.00127633 0 0 0 0.000159542 0 0 0 0.000159542)
(0.00127633 0 0 0 0.000159542 0 0 0 0.000159542)
(0.00127633 0 0 0 0.000159542 0 0 0 0.000159542)
(0.00127634 0 0 0 0.000159542 0 0 0 0.000159542)
(0.00127634 0 0 0 0.000159542 0 0 0 0.000159542)
(0.00127634 0 0 0 0.000159542 0 0 0 0.000159542)
(0.00127634 0 0 0 0.000159543 0 0 0 0.000159543)
(0.00127634 0 0 0 0.000159543 0 0 0 0.000159543)
(0.00127634 0 0 0 0.000159543 0 0 0 0.000159543)
(0.00127635 0 0 0 0.000159543 0 0 0 0.000159543)
(0.00127635 0 0 0 0.000159544 0 0 0 0.000159544)
(0.00127635 0 0 0 0.000159544 0 0 0 0.000159544)
(0.00127636 0 0 0 0.000159545 0 0 0 0.000159545)
(0.00127636 0 0 0 0.000159545 0 0 0 0.000159545)
(0.00127636 0 0 0 0.000159546 0 0 0 0.000159546)
(0.00127637 0 0 0 0.000159546 0 0 0 0.000159546)
(0.00127638 0 0 0 0.000159547 0 0 0 0.000159547)
(0.00127638 0 0 0 0.000159548 0 0 0 0.000159548)
(0.00127639 0 0 0 0.000159548 0 0 0 0.000159548)
(0.0012764 0 0 0 0.000159549 0 0 0 0.000159549)
(0.0012764 0 0 0 0.00015955 0 0 0 0.00015955)
(0.00127641 0 0 0 0.000159552 0 0 0 0.000159552)
(0.00127642 0 0 0 0.000159553 0 0 0 0.000159553)
(0.00127643 0 0 0 0.000159554 0 0 0 0.000159554)
(0.00127645 0 0 0 0.000159556 0 0 0 0.000159556)
(0.00127646 0 0 0 0.000159557 0 0 0 0.000159557)
(0.00127647 0 0 0 0.000159559 0 0 0 0.000159559)
(0.00127649 0 0 0 0.000159561 0 0 0 0.000159561)
(0.00127651 0 0 0 0.000159563 0 0 0 0.000159563)
(0.00127653 0 0 0 0.000159566 0 0 0 0.000159566)
(0.00127655 0 0 0 0.000159568 0 0 0 0.000159568)
(0.00127657 0 0 0 0.000159571 0 0 0 0.000159571)
(0.0012766 0 0 0 0.000159574 0 0 0 0.000159574)
(0.00127662 0 0 0 0.000159578 0 0 0 0.000159578)
(0.00127665 0 0 0 0.000159582 0 0 0 0.000159582)
(0.00127668 0 0 0 0.000159586 0 0 0 0.000159586)
(0.00127672 0 0 0 0.00015959 0 0 0 0.00015959)
(0.00127676 0 0 0 0.000159595 0 0 0 0.000159595)
(0.0012768 0 0 0 0.0001596 0 0 0 0.0001596)
(0.00127684 0 0 0 0.000159605 0 0 0 0.000159605)
(0.00127689 0 0 0 0.000159611 0 0 0 0.000159611)
(0.00127694 0 0 0 0.000159617 0 0 0 0.000159617)
(0.00127699 0 0 0 0.000159624 0 0 0 0.000159624)
(0.00127705 0 0 0 0.000159631 0 0 0 0.000159631)
(0.00127711 0 0 0 0.000159639 0 0 0 0.000159639)
(0.00127718 0 0 0 0.000159648 0 0 0 0.000159648)
(0.00127725 0 0 0 0.000159657 0 0 0 0.000159657)
(0.00127733 0 0 0 0.000159666 0 0 0 0.000159666)
(0.00127741 0 0 0 0.000159676 0 0 0 0.000159676)
(0.0012775 0 0 0 0.000159687 0 0 0 0.000159687)
(0.00127759 0 0 0 0.000159699 0 0 0 0.000159699)
(0.00127769 0 0 0 0.000159711 0 0 0 0.000159711)
(0.00127779 0 0 0 0.000159724 0 0 0 0.000159724)
(0.00127791 0 0 0 0.000159738 0 0 0 0.000159738)
(0.00127802 0 0 0 0.000159753 0 0 0 0.000159753)
(0.00127815 0 0 0 0.000159769 0 0 0 0.000159769)
(0.00127828 0 0 0 0.000159785 0 0 0 0.000159785)
(0.00127842 0 0 0 0.000159803 0 0 0 0.000159803)
(0.00127857 0 0 0 0.000159822 0 0 0 0.000159822)
(0.00127873 0 0 0 0.000159841 0 0 0 0.000159841)
(0.00127889 0 0 0 0.000159862 0 0 0 0.000159862)
(0.00127907 0 0 0 0.000159884 0 0 0 0.000159884)
(0.00127925 0 0 0 0.000159907 0 0 0 0.000159907)
(0.00127945 0 0 0 0.000159931 0 0 0 0.000159931)
(0.00127965 0 0 0 0.000159956 0 0 0 0.000159956)
(0.00127986 0 0 0 0.000159983 0 0 0 0.000159983)
(0.00128008 0 0 0 0.00016001 0 0 0 0.00016001)
(0.00128032 0 0 0 0.00016004 0 0 0 0.00016004)
(0.00128056 0 0 0 0.00016007 0 0 0 0.00016007)
(0.00128082 0 0 0 0.000160102 0 0 0 0.000160102)
(0.00128109 0 0 0 0.000160136 0 0 0 0.000160136)
(0.00128137 0 0 0 0.000160171 0 0 0 0.000160171)
(0.00128166 0 0 0 0.000160207 0 0 0 0.000160207)
(0.00128196 0 0 0 0.000160245 0 0 0 0.000160245)
(0.00128228 0 0 0 0.000160285 0 0 0 0.000160285)
(0.00128261 0 0 0 0.000160327 0 0 0 0.000160327)
(0.00128296 0 0 0 0.00016037 0 0 0 0.00016037)
(0.00128331 0 0 0 0.000160414 0 0 0 0.000160414)
(0.00128369 0 0 0 0.000160461 0 0 0 0.000160461)
(0.00128407 0 0 0 0.000160509 0 0 0 0.000160509)
(0.00128447 0 0 0 0.000160559 0 0 0 0.000160559)
(0.00128489 0 0 0 0.000160611 0 0 0 0.000160611)
(0.00128532 0 0 0 0.000160665 0 0 0 0.000160665)
(0.00128576 0 0 0 0.000160721 0 0 0 0.000160721)
(0.00128623 0 0 0 0.000160778 0 0 0 0.000160778)
(0.0012867 0 0 0 0.000160838 0 0 0 0.000160838)
(0.0012872 0 0 0 0.0001609 0 0 0 0.0001609)
(0.00128771 0 0 0 0.000160963 0 0 0 0.000160963)
(0.00128823 0 0 0 0.000161029 0 0 0 0.000161029)
(0.00128877 0 0 0 0.000161097 0 0 0 0.000161097)
(0.00128933 0 0 0 0.000161167 0 0 0 0.000161167)
(0.00128991 0 0 0 0.000161239 0 0 0 0.000161239)
(0.0012905 0 0 0 0.000161313 0 0 0 0.000161313)
(0.00129111 0 0 0 0.000161389 0 0 0 0.000161389)
(0.00129174 0 0 0 0.000161468 0 0 0 0.000161468)
(0.00129239 0 0 0 0.000161548 0 0 0 0.000161548)
(0.00129305 0 0 0 0.000161631 0 0 0 0.000161631)
(0.00129373 0 0 0 0.000161717 0 0 0 0.000161717)
(0.00129443 0 0 0 0.000161804 0 0 0 0.000161804)
(0.00129515 0 0 0 0.000161894 0 0 0 0.000161894)
(0.00129589 0 0 0 0.000161986 0 0 0 0.000161986)
(0.00129665 0 0 0 0.000162081 0 0 0 0.000162081)
(0.00129742 0 0 0 0.000162178 0 0 0 0.000162178)
(0.00129822 0 0 0 0.000162277 0 0 0 0.000162277)
(0.00129903 0 0 0 0.000162379 0 0 0 0.000162379)
(0.00129986 0 0 0 0.000162483 0 0 0 0.000162483)
(0.00130072 0 0 0 0.00016259 0 0 0 0.00016259)
(0.00130159 0 0 0 0.000162699 0 0 0 0.000162699)
(0.00130249 0 0 0 0.000162811 0 0 0 0.000162811)
(0.0013034 0 0 0 0.000162925 0 0 0 0.000162925)
(0.00130434 0 0 0 0.000163042 0 0 0 0.000163042)
(0.00130529 0 0 0 0.000163162 0 0 0 0.000163162)
(0.00130627 0 0 0 0.000163284 0 0 0 0.000163284)
(0.00130727 0 0 0 0.000163409 0 0 0 0.000163409)
(0.0013083 0 0 0 0.000163537 0 0 0 0.000163537)
(0.00130934 0 0 0 0.000163668 0 0 0 0.000163668)
(0.00131041 0 0 0 0.000163801 0 0 0 0.000163801)
(0.0013115 0 0 0 0.000163937 0 0 0 0.000163937)
(0.00131261 0 0 0 0.000164076 0 0 0 0.000164076)
(0.00131374 0 0 0 0.000164217 0 0 0 0.000164217)
(0.00131489 0 0 0 0.000164361 0 0 0 0.000164361)
(0.0013157 0 0 0 0.000164462 0 0 0 0.000164462)
(0.00131618 0 0 0 0.000164522 0 0 0 0.000164522)
)
;
    }
    PPe
    {
        type            calculated;
        value           nonuniform List<tensor> 
270
(
(0.00412391 0 0 0 0.000515488 0 0 0 0.000515488)
(0.00412503 0 0 0 0.000515629 0 0 0 0.000515629)
(0.00412693 0 0 0 0.000515866 0 0 0 0.000515866)
(0.00412932 0 0 0 0.000516165 0 0 0 0.000516165)
(0.00413168 0 0 0 0.000516459 0 0 0 0.000516459)
(0.004134 0 0 0 0.00051675 0 0 0 0.00051675)
(0.00413631 0 0 0 0.000517039 0 0 0 0.000517039)
(0.0041386 0 0 0 0.000517325 0 0 0 0.000517325)
(0.00414088 0 0 0 0.000517609 0 0 0 0.000517609)
(0.00414314 0 0 0 0.000517892 0 0 0 0.000517892)
(0.00414539 0 0 0 0.000518174 0 0 0 0.000518174)
(0.00414763 0 0 0 0.000518454 0 0 0 0.000518454)
(0.00414987 0 0 0 0.000518733 0 0 0 0.000518733)
(0.00415209 0 0 0 0.000519011 0 0 0 0.000519011)
(0.00415431 0 0 0 0.000519288 0 0 0 0.000519288)
(0.00415651 0 0 0 0.000519564 0 0 0 0.000519564)
(0.00415871 0 0 0 0.000519839 0 0 0 0.000519839)
(0.0041609 0 0 0 0.000520112 0 0 0 0.000520112)
(0.00416307 0 0 0 0.000520384 0 0 0 0.000520384)
(0.00416524 0 0 0 0.000520655 0 0 0 0.000520655)
(0.0041674 0 0 0 0.000520925 0 0 0 0.000520925)
(0.00416955 0 0 0 0.000521194 0 0 0 0.000521194)
(0.00417169 0 0 0 0.000521461 0 0 0 0.000521461)
(0.00417382 0 0 0 0.000521727 0 0 0 0.000521727)
(0.00417593 0 0 0 0.000521992 0 0 0 0.000521992)
(0.00417804 0 0 0 0.000522255 0 0 0 0.000522255)
(0.00418013 0 0 0 0.000522517 0 0 0 0.000522517)
(0.00418222 0 0 0 0.000522777 0 0 0 0.000522777)
(0.00418429 0 0 0 0.000523036 0 0 0 0.000523036)
(0.00418634 0 0 0 0.000523293 0 0 0 0.000523293)
(0.00418839 0 0 0 0.000523549 0 0 0 0.000523549)
(0.00419042 0 0 0 0.000523803 0 0 0 0.000523803)
(0.00419244 0 0 0 0.000524055 0 0 0 0.000524055)
(0.00419445 0 0 0 0.000524306 0 0 0 0.000524306)
(0.00419644 0 0 0 0.000524555 0 0 0 0.000524555)
(0.00419842 0 0 0 0.000524803 0 0 0 0.000524803)
(0.00420039 0 0 0 0.000525048 0 0 0 0.000525048)
(0.00420234 0 0 0 0.000525292 0 0 0 0.000525292)
(0.00420427 0 0 0 0.000525534 0 0 0 0.000525534)
(0.00420619 0 0 0 0.000525774 0 0 0 0.000525774)
(0.0042081 0 0 0 0.000526013 0 0 0 0.000526013)
(0.00420999 0 0 0 0.000526249 0 0 0 0.000526249)
(0.00421187 0 0 0 0.000526483 0 0 0 0.000526483)
(0.00421373 0 0 0 0.000526716 0 0 0 0.000526716)
(0.00421557 0 0 0 0.000526946 0 0 0 0.000526946)
(0.0042174 0 0 0 0.000527174 0 0 0 0.000527174)
(0.00421921 0 0 0 0.000527401 0 0 0 0.000527401)
(0.004221 0 0 0 0.000527625 0 0 0 0.000527625)
(0.00422278 0 0 0 0.000527847 0 0 0 0.000527847)
(0.00422454 0 0 0 0.000528067 0 0 0 0.000528067)
(0.00422628 0 0 0 0.000528285 0 0 0 0.000528285)
(0.004228 0 0 0 0.0005285 0 0 0 0.0005285)
(0.00422971 0 0 0 0.000528714 0 0 0 0.000528714)
(0.0042314 0 0 0 0.000528925 0 0 0 0.000528925)
(0.00423307 0 0 0 0.000529134 0 0 0 0.000529134)
(0.00423472 0 0 0 0.00052934 0 0 0 0.00052934)
(0.00423635 0 0 0 0.000529544 0 0 0 0.000529544)
(0.00423797 0 0 0 0.000529746 0 0 0 0.000529746)
(0.00423957 0 0 0 0.000529946 0 0 0 0.000529946)
(0.00424114 0 0 0 0.000530143 0 0 0 0.000530143)
(0.0042427 0 0 0 0.000530338 0 0 0 0.000530338)
(0.00424424 0 0 0 0.00053053 0 0 0 0.00053053)
(0.00424576 0 0 0 0.00053072 0 0 0 0.00053072)
(0.00424726 0 0 0 0.000530908 0 0 0 0.000530908)
(0.00424874 0 0 0 0.000531093 0 0 0 0.000531093)
(0.0042502 0 0 0 0.000531275 0 0 0 0.000531275)
(0.00425164 0 0 0 0.000531455 0 0 0 0.000531455)
(0.00425306 0 0 0 0.000531633 0 0 0 0.000531633)
(0.00425446 0 0 0 0.000531808 0 0 0 0.000531808)
(0.00425584 0 0 0 0.00053198 0 0 0 0.00053198)
(0.0042572 0 0 0 0.00053215 0 0 0 0.00053215)
(0.00425854 0 0 0 0.000532318 0 0 0 0.000532318)
(0.00425986 0 0 0 0.000532483 0 0 0 0.000532483)
(0.00426116 0 0 0 0.000532645 0 0 0 0.000532645)
(0.00426244 0 0 0 0.000532805 0 0 0 0.000532805)
(0.00426369 0 0 0 0.000532962 0 0 0 0.000532962)
(0.00426493 0 0 0 0.000533116 0 0 0 0.000533116)
(0.00426615 0 0 0 0.000533269 0 0 0 0.000533269)
(0.00426734 0 0 0 0.000533418 0 0 0 0.000533418)
(0.00426852 0 0 0 0.000533565 0 0 0 0.000533565)
(0.00426967 0 0 0 0.000533709 0 0 0 0.000533709)
(0.00427081 0 0 0 0.000533851 0 0 0 0.000533851)
(0.00427192 0 0 0 0.00053399 0 0 0 0.00053399)
(0.00427301 0 0 0 0.000534127 0 0 0 0.000534127)
(0.00427409 0 0 0 0.000534261 0 0 0 0.000534261)
(0.00427514 0 0 0 0.000534392 0 0 0 0.000534392)
(0.00427617 0 0 0 0.000534521 0 0 0 0.000534521)
(0.00427718 0 0 0 0.000534648 0 0 0 0.000534648)
(0.00427817 0 0 0 0.000534772 0 0 0 0.000534772)
(0.00427914 0 0 0 0.000534893 0 0 0 0.000534893)
(0.00428009 0 0 0 0.000535012 0 0 0 0.000535012)
(0.00428103 0 0 0 0.000535128 0 0 0 0.000535128)
(0.00428194 0 0 0 0.000535242 0 0 0 0.000535242)
(0.00428283 0 0 0 0.000535354 0 0 0 0.000535354)
(0.0042837 0 0 0 0.000535463 0 0 0 0.000535463)
(0.00428456 0 0 0 0.000535569 0 0 0 0.000535569)
(0.00428539 0 0 0 0.000535674 0 0 0 0.000535674)
(0.00428621 0 0 0 0.000535776 0 0 0 0.000535776)
(0.004287 0 0 0 0.000535875 0 0 0 0.000535875)
(0.00428778 0 0 0 0.000535973 0 0 0 0.000535973)
(0.00428854 0 0 0 0.000536068 0 0 0 0.000536068)
(0.00428928 0 0 0 0.000536161 0 0 0 0.000536161)
(0.00429001 0 0 0 0.000536251 0 0 0 0.000536251)
(0.00429072 0 0 0 0.00053634 0 0 0 0.00053634)
(0.00429141 0 0 0 0.000536426 0 0 0 0.000536426)
(0.00429208 0 0 0 0.00053651 0 0 0 0.00053651)
(0.00429274 0 0 0 0.000536592 0 0 0 0.000536592)
(0.00429338 0 0 0 0.000536672 0 0 0 0.000536672)
(0.004294 0 0 0 0.000536751 0 0 0 0.000536751)
(0.00429461 0 0 0 0.000536827 0 0 0 0.000536827)
(0.00429521 0 0 0 0.000536901 0 0 0 0.000536901)
(0.00429579 0 0 0 0.000536973 0 0 0 0.000536973)
(0.00429635 0 0 0 0.000537044 0 0 0 0.000537044)
(0.0042969 0 0 0 0.000537113 0 0 0 0.000537113)
(0.00429744 0 0 0 0.00053718 0 0 0 0.00053718)
(0.00429797 0 0 0 0.000537246 0 0 0 0.000537246)
(0.00429848 0 0 0 0.00053731 0 0 0 0.00053731)
(0.00429898 0 0 0 0.000537372 0 0 0 0.000537372)
(0.00429946 0 0 0 0.000537433 0 0 0 0.000537433)
(0.00429994 0 0 0 0.000537493 0 0 0 0.000537493)
(0.00430041 0 0 0 0.000537551 0 0 0 0.000537551)
(0.00430086 0 0 0 0.000537608 0 0 0 0.000537608)
(0.00430131 0 0 0 0.000537663 0 0 0 0.000537663)
(0.00430174 0 0 0 0.000537718 0 0 0 0.000537718)
(0.00430217 0 0 0 0.000537772 0 0 0 0.000537772)
(0.00430259 0 0 0 0.000537824 0 0 0 0.000537824)
(0.004303 0 0 0 0.000537876 0 0 0 0.000537876)
(0.00430341 0 0 0 0.000537926 0 0 0 0.000537926)
(0.00430381 0 0 0 0.000537976 0 0 0 0.000537976)
(0.00430421 0 0 0 0.000538026 0 0 0 0.000538026)
(0.00430459 0 0 0 0.000538074 0 0 0 0.000538074)
(0.00430498 0 0 0 0.000538123 0 0 0 0.000538123)
(0.00430536 0 0 0 0.00053817 0 0 0 0.00053817)
(0.00430574 0 0 0 0.000538218 0 0 0 0.000538218)
(0.00430612 0 0 0 0.000538265 0 0 0 0.000538265)
(0.0043065 0 0 0 0.000538312 0 0 0 0.000538312)
(0.00430687 0 0 0 0.000538359 0 0 0 0.000538359)
(0.00430724 0 0 0 0.000538405 0 0 0 0.000538405)
(0.00430761 0 0 0 0.000538451 0 0 0 0.000538451)
(0.00430798 0 0 0 0.000538497 0 0 0 0.000538497)
(0.00430835 0 0 0 0.000538543 0 0 0 0.000538543)
(0.00430871 0 0 0 0.000538589 0 0 0 0.000538589)
(0.00430908 0 0 0 0.000538635 0 0 0 0.000538635)
(0.00430945 0 0 0 0.000538682 0 0 0 0.000538682)
(0.00430983 0 0 0 0.000538728 0 0 0 0.000538728)
(0.0043102 0 0 0 0.000538775 0 0 0 0.000538775)
(0.00431058 0 0 0 0.000538823 0 0 0 0.000538823)
(0.00431097 0 0 0 0.000538871 0 0 0 0.000538871)
(0.00431136 0 0 0 0.00053892 0 0 0 0.00053892)
(0.00431176 0 0 0 0.000538969 0 0 0 0.000538969)
(0.00431216 0 0 0 0.00053902 0 0 0 0.00053902)
(0.00431257 0 0 0 0.000539071 0 0 0 0.000539071)
(0.00431299 0 0 0 0.000539124 0 0 0 0.000539124)
(0.00431342 0 0 0 0.000539177 0 0 0 0.000539177)
(0.00431385 0 0 0 0.000539231 0 0 0 0.000539231)
(0.0043143 0 0 0 0.000539287 0 0 0 0.000539287)
(0.00431475 0 0 0 0.000539344 0 0 0 0.000539344)
(0.00431522 0 0 0 0.000539403 0 0 0 0.000539403)
(0.0043157 0 0 0 0.000539462 0 0 0 0.000539462)
(0.00431619 0 0 0 0.000539524 0 0 0 0.000539524)
(0.00431669 0 0 0 0.000539587 0 0 0 0.000539587)
(0.00431721 0 0 0 0.000539651 0 0 0 0.000539651)
(0.00431774 0 0 0 0.000539717 0 0 0 0.000539717)
(0.00431828 0 0 0 0.000539785 0 0 0 0.000539785)
(0.00431884 0 0 0 0.000539854 0 0 0 0.000539854)
(0.00431941 0 0 0 0.000539926 0 0 0 0.000539926)
(0.00431999 0 0 0 0.000539999 0 0 0 0.000539999)
(0.00432059 0 0 0 0.000540074 0 0 0 0.000540074)
(0.00432121 0 0 0 0.000540152 0 0 0 0.000540152)
(0.00432185 0 0 0 0.000540231 0 0 0 0.000540231)
(0.0043225 0 0 0 0.000540312 0 0 0 0.000540312)
(0.00432316 0 0 0 0.000540396 0 0 0 0.000540396)
(0.00432385 0 0 0 0.000540481 0 0 0 0.000540481)
(0.00432455 0 0 0 0.000540569 0 0 0 0.000540569)
(0.00432527 0 0 0 0.000540659 0 0 0 0.000540659)
(0.00432601 0 0 0 0.000540752 0 0 0 0.000540752)
(0.00432677 0 0 0 0.000540846 0 0 0 0.000540846)
(0.00432755 0 0 0 0.000540943 0 0 0 0.000540943)
(0.00432834 0 0 0 0.000541043 0 0 0 0.000541043)
(0.00432916 0 0 0 0.000541145 0 0 0 0.000541145)
(0.00433 0 0 0 0.00054125 0 0 0 0.00054125)
(0.00433085 0 0 0 0.000541357 0 0 0 0.000541357)
(0.00433173 0 0 0 0.000541466 0 0 0 0.000541466)
(0.00433263 0 0 0 0.000541579 0 0 0 0.000541579)
(0.00433355 0 0 0 0.000541693 0 0 0 0.000541693)
(0.00433449 0 0 0 0.000541811 0 0 0 0.000541811)
(0.00433545 0 0 0 0.000541931 0 0 0 0.000541931)
(0.00433643 0 0 0 0.000542054 0 0 0 0.000542054)
(0.00433744 0 0 0 0.000542179 0 0 0 0.000542179)
(0.00433846 0 0 0 0.000542308 0 0 0 0.000542308)
(0.00433951 0 0 0 0.000542439 0 0 0 0.000542439)
(0.00434058 0 0 0 0.000542573 0 0 0 0.000542573)
(0.00434168 0 0 0 0.000542709 0 0 0 0.000542709)
(0.00434279 0 0 0 0.000542849 0 0 0 0.000542849)
(0.00434393 0 0 0 0.000542991 0 0 0 0.000542991)
(0.00434509 0 0 0 0.000543137 0 0 0 0.000543137)
(0.00434628 0 0 0 0.000543285 0 0 0 0.000543285)
(0.00434749 0 0 0 0.000543436 0 0 0 0.000543436)
(0.00434872 0 0 0 0.00054359 0 0 0 0.00054359)
(0.00434997 0 0 0 0.000543746 0 0 0 0.000543746)
(0.00435125 0 0 0 0.000543906 0 0 0 0.000543906)
(0.00435255 0 0 0 0.000544069 0 0 0 0.000544069)
(0.00435388 0 0 0 0.000544234 0 0 0 0.000544234)
(0.00435522 0 0 0 0.000544403 0 0 0 0.000544403)
(0.0043566 0 0 0 0.000544574 0 0 0 0.000544574)
(0.00435799 0 0 0 0.000544749 0 0 0 0.000544749)
(0.00435941 0 0 0 0.000544926 0 0 0 0.000544926)
(0.00436085 0 0 0 0.000545106 0 0 0 0.000545106)
(0.00436232 0 0 0 0.00054529 0 0 0 0.00054529)
(0.00436381 0 0 0 0.000545476 0 0 0 0.000545476)
(0.00436532 0 0 0 0.000545665 0 0 0 0.000545665)
(0.00436686 0 0 0 0.000545857 0 0 0 0.000545857)
(0.00436842 0 0 0 0.000546052 0 0 0 0.000546052)
(0.00437 0 0 0 0.00054625 0 0 0 0.00054625)
(0.00437161 0 0 0 0.000546451 0 0 0 0.000546451)
(0.00437324 0 0 0 0.000546655 0 0 0 0.000546655)
(0.00437489 0 0 0 0.000546862 0 0 0 0.000546862)
(0.00437657 0 0 0 0.000547071 0 0 0 0.000547071)
(0.00437827 0 0 0 0.000547284 0 0 0 0.000547284)
(0.00437999 0 0 0 0.000547499 0 0 0 0.000547499)
(0.00438174 0 0 0 0.000547717 0 0 0 0.000547717)
(0.00438351 0 0 0 0.000547938 0 0 0 0.000547938)
(0.0043853 0 0 0 0.000548162 0 0 0 0.000548162)
(0.00438711 0 0 0 0.000548389 0 0 0 0.000548389)
(0.00438895 0 0 0 0.000548618 0 0 0 0.000548618)
(0.0043908 0 0 0 0.000548851 0 0 0 0.000548851)
(0.00439269 0 0 0 0.000549086 0 0 0 0.000549086)
(0.00439459 0 0 0 0.000549323 0 0 0 0.000549323)
(0.00439651 0 0 0 0.000549564 0 0 0 0.000549564)
(0.00439846 0 0 0 0.000549807 0 0 0 0.000549807)
(0.00440043 0 0 0 0.000550053 0 0 0 0.000550053)
(0.00440241 0 0 0 0.000550302 0 0 0 0.000550302)
(0.00440442 0 0 0 0.000550553 0 0 0 0.000550553)
(0.00440646 0 0 0 0.000550807 0 0 0 0.000550807)
(0.00440851 0 0 0 0.000551063 0 0 0 0.000551063)
(0.00441058 0 0 0 0.000551323 0 0 0 0.000551323)
(0.00441267 0 0 0 0.000551584 0 0 0 0.000551584)
(0.00441479 0 0 0 0.000551848 0 0 0 0.000551848)
(0.00441692 0 0 0 0.000552115 0 0 0 0.000552115)
(0.00441907 0 0 0 0.000552384 0 0 0 0.000552384)
(0.00442125 0 0 0 0.000552656 0 0 0 0.000552656)
(0.00442344 0 0 0 0.00055293 0 0 0 0.00055293)
(0.00442565 0 0 0 0.000553207 0 0 0 0.000553207)
(0.00442789 0 0 0 0.000553486 0 0 0 0.000553486)
(0.00443014 0 0 0 0.000553767 0 0 0 0.000553767)
(0.00443241 0 0 0 0.000554051 0 0 0 0.000554051)
(0.0044347 0 0 0 0.000554337 0 0 0 0.000554337)
(0.00443701 0 0 0 0.000554626 0 0 0 0.000554626)
(0.00443934 0 0 0 0.000554917 0 0 0 0.000554917)
(0.00444168 0 0 0 0.00055521 0 0 0 0.00055521)
(0.00444405 0 0 0 0.000555506 0 0 0 0.000555506)
(0.00444643 0 0 0 0.000555804 0 0 0 0.000555804)
(0.00444883 0 0 0 0.000556104 0 0 0 0.000556104)
(0.00445125 0 0 0 0.000556407 0 0 0 0.000556407)
(0.00445369 0 0 0 0.000556712 0 0 0 0.000556712)
(0.00445615 0 0 0 0.000557019 0 0 0 0.000557019)
(0.00445863 0 0 0 0.000557329 0 0 0 0.000557329)
(0.00446113 0 0 0 0.000557641 0 0 0 0.000557641)
(0.00446365 0 0 0 0.000557956 0 0 0 0.000557956)
(0.00446618 0 0 0 0.000558273 0 0 0 0.000558273)
(0.00446874 0 0 0 0.000558592 0 0 0 0.000558592)
(0.00447131 0 0 0 0.000558914 0 0 0 0.000558914)
(0.0044739 0 0 0 0.000559238 0 0 0 0.000559238)
(0.00447651 0 0 0 0.000559564 0 0 0 0.000559564)
(0.00447914 0 0 0 0.000559893 0 0 0 0.000559893)
(0.00448178 0 0 0 0.000560223 0 0 0 0.000560223)
(0.00448443 0 0 0 0.000560554 0 0 0 0.000560554)
(0.00448709 0 0 0 0.000560886 0 0 0 0.000560886)
(0.0044893 0 0 0 0.000561162 0 0 0 0.000561162)
(0.00449093 0 0 0 0.000561366 0 0 0 0.000561366)
)
;
    }
    frontAndBack
    {
        type            empty;
    }
    Outlet1
    {
        type            calculated;
        value           nonuniform List<tensor> 
24
(
(0.0043076 0 0 0 0.000538451 0 0 0 0.000538451)
(0.0043076 0 0 0 0.000538451 0 0 0 0.000538451)
(0.0043076 0 0 0 0.000538451 0 0 0 0.000538451)
(0.0043076 0 0 0 0.000538451 0 0 0 0.000538451)
(0.00430761 0 0 0 0.000538451 0 0 0 0.000538451)
(0.00430766 0 0 0 0.000538457 0 0 0 0.000538457)
(0.0043081 0 0 0 0.000538512 0 0 0 0.000538512)
(0.00431031 0 0 0 0.000538789 0 0 0 0.000538789)
(0.00431681 0 0 0 0.000539601 0 0 0 0.000539601)
(0.00432847 0 0 0 0.000541058 0 0 0 0.000541058)
(0.0043418 0 0 0 0.000542725 0 0 0 0.000542725)
(0.00435119 0 0 0 0.000543899 0 0 0 0.000543899)
(0.00435153 0 0 0 0.000543941 0 0 0 0.000543941)
(0.0043426 0 0 0 0.000542825 0 0 0 0.000542825)
(0.00432927 0 0 0 0.000541159 0 0 0 0.000541159)
(0.00431732 0 0 0 0.000539665 0 0 0 0.000539665)
(0.00431051 0 0 0 0.000538814 0 0 0 0.000538814)
(0.00430814 0 0 0 0.000538518 0 0 0 0.000538518)
(0.00430766 0 0 0 0.000538458 0 0 0 0.000538458)
(0.00430761 0 0 0 0.000538451 0 0 0 0.000538451)
(0.0043076 0 0 0 0.000538451 0 0 0 0.000538451)
(0.0043076 0 0 0 0.000538451 0 0 0 0.000538451)
(0.0043076 0 0 0 0.000538451 0 0 0 0.000538451)
(0.0043076 0 0 0 0.000538451 0 0 0 0.000538451)
)
;
    }
    Outlet2
    {
        type            calculated;
        value           nonuniform List<tensor> 
24
(
(0.00127633 0 0 0 0.000159541 0 0 0 0.000159541)
(0.00127633 0 0 0 0.000159541 0 0 0 0.000159541)
(0.00127633 0 0 0 0.000159541 0 0 0 0.000159541)
(0.00127633 0 0 0 0.000159541 0 0 0 0.000159541)
(0.00127633 0 0 0 0.000159541 0 0 0 0.000159541)
(0.00127634 0 0 0 0.000159543 0 0 0 0.000159543)
(0.00127644 0 0 0 0.000159555 0 0 0 0.000159555)
(0.00127695 0 0 0 0.000159619 0 0 0 0.000159619)
(0.00127842 0 0 0 0.000159803 0 0 0 0.000159803)
(0.00128102 0 0 0 0.000160127 0 0 0 0.000160127)
(0.00128392 0 0 0 0.00016049 0 0 0 0.00016049)
(0.00128587 0 0 0 0.000160734 0 0 0 0.000160734)
(0.00128581 0 0 0 0.000160727 0 0 0 0.000160727)
(0.00128378 0 0 0 0.000160472 0 0 0 0.000160472)
(0.00128088 0 0 0 0.00016011 0 0 0 0.00016011)
(0.00127834 0 0 0 0.000159792 0 0 0 0.000159792)
(0.00127692 0 0 0 0.000159615 0 0 0 0.000159615)
(0.00127644 0 0 0 0.000159554 0 0 0 0.000159554)
(0.00127634 0 0 0 0.000159542 0 0 0 0.000159542)
(0.00127633 0 0 0 0.000159541 0 0 0 0.000159541)
(0.00127633 0 0 0 0.000159541 0 0 0 0.000159541)
(0.00127633 0 0 0 0.000159541 0 0 0 0.000159541)
(0.00127633 0 0 0 0.000159541 0 0 0 0.000159541)
(0.00127633 0 0 0 0.000159541 0 0 0 0.000159541)
)
;
    }
    Inlet1
    {
        type            calculated;
        value           uniform (0.0043076 0 0 0 0.000538451 0 0 0 0.000538451);
    }
    Inlet2
    {
        type            calculated;
        value           uniform (0.00127633 0 0 0 0.000159541 0 0 0 0.000159541);
    }
    Walls
    {
        type            calculated;
        value           nonuniform List<tensor> 
132
(
(0 0 0 0 0 0 0 0 0)
(0 0 0 0 0 0 0 0 0)
(0 0 0 0 0 0 0 0 0)
(0 0 0 0 0 0 0 0 0)
(0 0 0 0 0 0 0 0 0)
(0 0 0 0 0 0 0 0 0)
(0 0 0 0 0 0 0 0 0)
(0 0 0 0 0 0 0 0 0)
(0 0 0 0 0 0 0 0 0)
(0 0 0 0 0 0 0 0 0)
(0 0 0 0 0 0 0 0 0)
(0 0 0 0 0 0 0 0 0)
(0 0 0 0 0 0 0 0 0)
(0 0 0 0 0 0 0 0 0)
(0 0 0 0 0 0 0 0 0)
(0 0 0 0 0 0 0 0 0)
(0 0 0 0 0 0 0 0 0)
(0 0 0 0 0 0 0 0 0)
(0 0 0 0 0 0 0 0 0)
(0 0 0 0 0 0 0 0 0)
(0 0 0 0 0 0 0 0 0)
(0 0 0 0 0 0 0 0 0)
(0 0 0 0 0 0 0 0 0)
(0 0 0 0 0 0 0 0 0)
(0 0 0 0 0 0 0 0 0)
(0 0 0 0 0 0 0 0 0)
(0 0 0 0 0 0 0 0 0)
(0 0 0 0 0 0 0 0 0)
(0.00430763 0 0 0 0.000538453 0 0 0 0.000538453)
(0.00430408 0 0 0 0.000538011 0 0 0 0.000538011)
(0.00429506 0 0 0 0.000536883 0 0 0 0.000536883)
(0.00430498 0 0 0 0.000538122 0 0 0 0.000538122)
(0.00430738 0 0 0 0.000538423 0 0 0 0.000538423)
(0.00430759 0 0 0 0.000538449 0 0 0 0.000538449)
(0.0043076 0 0 0 0.00053845 0 0 0 0.00053845)
(0.0043076 0 0 0 0.000538451 0 0 0 0.000538451)
(0.0043076 0 0 0 0.000538451 0 0 0 0.000538451)
(0.0043076 0 0 0 0.000538451 0 0 0 0.000538451)
(0.0043076 0 0 0 0.000538451 0 0 0 0.000538451)
(0.00430769 0 0 0 0.000538461 0 0 0 0.000538461)
(0.00412271 0 0 0 0.000515338 0 0 0 0.000515338)
(0.00430763 0 0 0 0.000538453 0 0 0 0.000538453)
(0.00430408 0 0 0 0.000538011 0 0 0 0.000538011)
(0.00429506 0 0 0 0.000536883 0 0 0 0.000536883)
(0.00430498 0 0 0 0.000538122 0 0 0 0.000538122)
(0.00430738 0 0 0 0.000538423 0 0 0 0.000538423)
(0.00430759 0 0 0 0.000538449 0 0 0 0.000538449)
(0.0043076 0 0 0 0.00053845 0 0 0 0.00053845)
(0.0043076 0 0 0 0.000538451 0 0 0 0.000538451)
(0.0043076 0 0 0 0.000538451 0 0 0 0.000538451)
(0.0043076 0 0 0 0.000538451 0 0 0 0.000538451)
(0.0043076 0 0 0 0.000538451 0 0 0 0.000538451)
(0.00430769 0 0 0 0.000538462 0 0 0 0.000538462)
(0.00412293 0 0 0 0.000515367 0 0 0 0.000515367)
(0.00127633 0 0 0 0.000159542 0 0 0 0.000159542)
(0.00127525 0 0 0 0.000159406 0 0 0 0.000159406)
(0.00127277 0 0 0 0.000159096 0 0 0 0.000159096)
(0.00127565 0 0 0 0.000159456 0 0 0 0.000159456)
(0.00127628 0 0 0 0.000159535 0 0 0 0.000159535)
(0.00127633 0 0 0 0.000159541 0 0 0 0.000159541)
(0.00127633 0 0 0 0.000159541 0 0 0 0.000159541)
(0.00127633 0 0 0 0.000159541 0 0 0 0.000159541)
(0.00127633 0 0 0 0.000159541 0 0 0 0.000159541)
(0.00127633 0 0 0 0.000159541 0 0 0 0.000159541)
(0.00127633 0 0 0 0.000159541 0 0 0 0.000159541)
(0.00127635 0 0 0 0.000159544 0 0 0 0.000159544)
(0.00123465 0 0 0 0.000154332 0 0 0 0.000154332)
(0.00127633 0 0 0 0.000159542 0 0 0 0.000159542)
(0.00127525 0 0 0 0.000159406 0 0 0 0.000159406)
(0.00127277 0 0 0 0.000159096 0 0 0 0.000159096)
(0.00127565 0 0 0 0.000159456 0 0 0 0.000159456)
(0.00127628 0 0 0 0.000159535 0 0 0 0.000159535)
(0.00127633 0 0 0 0.000159541 0 0 0 0.000159541)
(0.00127633 0 0 0 0.000159541 0 0 0 0.000159541)
(0.00127633 0 0 0 0.000159541 0 0 0 0.000159541)
(0.00127633 0 0 0 0.000159541 0 0 0 0.000159541)
(0.00127633 0 0 0 0.000159541 0 0 0 0.000159541)
(0.00127633 0 0 0 0.000159541 0 0 0 0.000159541)
(0.00127635 0 0 0 0.000159543 0 0 0 0.000159543)
(0.00123459 0 0 0 0.000154324 0 0 0 0.000154324)
(0.00449249 0 0 0 0.000561562 0 0 0 0.000561562)
(0.00434829 0 0 0 0.000543536 0 0 0 0.000543536)
(0.00431161 0 0 0 0.000538951 0 0 0 0.000538951)
(0.0043079 0 0 0 0.000538488 0 0 0 0.000538488)
(0.00430762 0 0 0 0.000538453 0 0 0 0.000538453)
(0.00430761 0 0 0 0.000538451 0 0 0 0.000538451)
(0.0043076 0 0 0 0.000538451 0 0 0 0.000538451)
(0.0043076 0 0 0 0.000538451 0 0 0 0.000538451)
(0.0043076 0 0 0 0.000538451 0 0 0 0.000538451)
(0.0043076 0 0 0 0.000538451 0 0 0 0.000538451)
(0.0043076 0 0 0 0.000538451 0 0 0 0.000538451)
(0.0043076 0 0 0 0.000538451 0 0 0 0.000538451)
(0.0043076 0 0 0 0.000538451 0 0 0 0.000538451)
(0.00448927 0 0 0 0.000561159 0 0 0 0.000561159)
(0.00437406 0 0 0 0.000546757 0 0 0 0.000546757)
(0.00431506 0 0 0 0.000539382 0 0 0 0.000539382)
(0.00430814 0 0 0 0.000538517 0 0 0 0.000538517)
(0.00430764 0 0 0 0.000538455 0 0 0 0.000538455)
(0.00430761 0 0 0 0.000538451 0 0 0 0.000538451)
(0.0043076 0 0 0 0.000538451 0 0 0 0.000538451)
(0.0043076 0 0 0 0.000538451 0 0 0 0.000538451)
(0.0043076 0 0 0 0.000538451 0 0 0 0.000538451)
(0.0043076 0 0 0 0.000538451 0 0 0 0.000538451)
(0.0043076 0 0 0 0.000538451 0 0 0 0.000538451)
(0.0043076 0 0 0 0.000538451 0 0 0 0.000538451)
(0.0043076 0 0 0 0.000538451 0 0 0 0.000538451)
(0.00131533 0 0 0 0.000164416 0 0 0 0.000164416)
(0.00129039 0 0 0 0.000161298 0 0 0 0.000161298)
(0.00127784 0 0 0 0.00015973 0 0 0 0.00015973)
(0.00127642 0 0 0 0.000159553 0 0 0 0.000159553)
(0.00127633 0 0 0 0.000159542 0 0 0 0.000159542)
(0.00127633 0 0 0 0.000159541 0 0 0 0.000159541)
(0.00127633 0 0 0 0.000159541 0 0 0 0.000159541)
(0.00127633 0 0 0 0.000159541 0 0 0 0.000159541)
(0.00127633 0 0 0 0.000159541 0 0 0 0.000159541)
(0.00127633 0 0 0 0.000159541 0 0 0 0.000159541)
(0.00127633 0 0 0 0.000159541 0 0 0 0.000159541)
(0.00127633 0 0 0 0.000159541 0 0 0 0.000159541)
(0.00127633 0 0 0 0.000159541 0 0 0 0.000159541)
(0.00131658 0 0 0 0.000164573 0 0 0 0.000164573)
(0.00128553 0 0 0 0.000160692 0 0 0 0.000160692)
(0.00127716 0 0 0 0.000159645 0 0 0 0.000159645)
(0.00127638 0 0 0 0.000159548 0 0 0 0.000159548)
(0.00127633 0 0 0 0.000159541 0 0 0 0.000159541)
(0.00127633 0 0 0 0.000159541 0 0 0 0.000159541)
(0.00127633 0 0 0 0.000159541 0 0 0 0.000159541)
(0.00127633 0 0 0 0.000159541 0 0 0 0.000159541)
(0.00127633 0 0 0 0.000159541 0 0 0 0.000159541)
(0.00127633 0 0 0 0.000159541 0 0 0 0.000159541)
(0.00127633 0 0 0 0.000159541 0 0 0 0.000159541)
(0.00127633 0 0 0 0.000159541 0 0 0 0.000159541)
(0.00127633 0 0 0 0.000159541 0 0 0 0.000159541)
)
;
    }
}


// ************************************************************************* //
