/*--------------------------------*- C++ -*----------------------------------*\
| =========                 |                                                 |
| \\      /  F ield         | OpenFOAM: The Open Source CFD Toolbox           |
|  \\    /   O peration     | Version:  2206                                  |
|   \\  /    A nd           | Website:  www.openfoam.com                      |
|    \\/     M anipulation  |                                                 |
\*---------------------------------------------------------------------------*/
FoamFile
{
    version     2.0;
    format      ascii;
    arch        "LSB;label=32;scalar=64";
    class       volTensorField;
    location    "0.2";
    object      free:Ddm;
}
// * * * * * * * * * * * * * * * * * * * * * * * * * * * * * * * * * * * * * //

dimensions      [0 2 -1 0 0 0 0];

internalField   nonuniform List<tensor> 
17988
(
(0.00425025 0 0 0 0.000531281 0 0 0 0.000531281)
(0.00425136 0 0 0 0.00053142 0 0 0 0.00053142)
(0.00425322 0 0 0 0.000531652 0 0 0 0.000531652)
(0.00425558 0 0 0 0.000531948 0 0 0 0.000531948)
(0.00425787 0 0 0 0.000532234 0 0 0 0.000532234)
(0.0042601 0 0 0 0.000532513 0 0 0 0.000532513)
(0.00426229 0 0 0 0.000532787 0 0 0 0.000532787)
(0.00426446 0 0 0 0.000533058 0 0 0 0.000533058)
(0.00426661 0 0 0 0.000533326 0 0 0 0.000533326)
(0.00426874 0 0 0 0.000533593 0 0 0 0.000533593)
(0.00427087 0 0 0 0.000533859 0 0 0 0.000533859)
(0.00427299 0 0 0 0.000534124 0 0 0 0.000534124)
(0.0042751 0 0 0 0.000534388 0 0 0 0.000534388)
(0.00427722 0 0 0 0.000534652 0 0 0 0.000534652)
(0.00427933 0 0 0 0.000534916 0 0 0 0.000534916)
(0.00428144 0 0 0 0.00053518 0 0 0 0.00053518)
(0.00428355 0 0 0 0.000535444 0 0 0 0.000535444)
(0.00428566 0 0 0 0.000535708 0 0 0 0.000535708)
(0.00428777 0 0 0 0.000535972 0 0 0 0.000535972)
(0.00428989 0 0 0 0.000536236 0 0 0 0.000536236)
(0.004292 0 0 0 0.0005365 0 0 0 0.0005365)
(0.00429411 0 0 0 0.000536764 0 0 0 0.000536764)
(0.00429623 0 0 0 0.000537029 0 0 0 0.000537029)
(0.00429834 0 0 0 0.000537293 0 0 0 0.000537293)
(0.00430046 0 0 0 0.000537557 0 0 0 0.000537557)
(0.00430257 0 0 0 0.000537821 0 0 0 0.000537821)
(0.00430468 0 0 0 0.000538085 0 0 0 0.000538085)
(0.0043068 0 0 0 0.00053835 0 0 0 0.00053835)
(0.00430891 0 0 0 0.000538614 0 0 0 0.000538614)
(0.00431102 0 0 0 0.000538878 0 0 0 0.000538878)
(0.00431313 0 0 0 0.000539142 0 0 0 0.000539142)
(0.00431524 0 0 0 0.000539405 0 0 0 0.000539405)
(0.00431735 0 0 0 0.000539669 0 0 0 0.000539669)
(0.00431946 0 0 0 0.000539933 0 0 0 0.000539933)
(0.00432157 0 0 0 0.000540196 0 0 0 0.000540196)
(0.00432367 0 0 0 0.000540459 0 0 0 0.000540459)
(0.00432577 0 0 0 0.000540722 0 0 0 0.000540722)
(0.00432788 0 0 0 0.000540985 0 0 0 0.000540985)
(0.00432997 0 0 0 0.000541247 0 0 0 0.000541247)
(0.00433207 0 0 0 0.000541509 0 0 0 0.000541509)
(0.00433416 0 0 0 0.000541771 0 0 0 0.000541771)
(0.00433626 0 0 0 0.000542032 0 0 0 0.000542032)
(0.00433834 0 0 0 0.000542293 0 0 0 0.000542293)
(0.00434043 0 0 0 0.000542554 0 0 0 0.000542554)
(0.00434251 0 0 0 0.000542814 0 0 0 0.000542814)
(0.00434459 0 0 0 0.000543074 0 0 0 0.000543074)
(0.00434666 0 0 0 0.000543333 0 0 0 0.000543333)
(0.00434873 0 0 0 0.000543592 0 0 0 0.000543592)
(0.0043508 0 0 0 0.00054385 0 0 0 0.00054385)
(0.00435286 0 0 0 0.000544108 0 0 0 0.000544108)
(0.00435492 0 0 0 0.000544365 0 0 0 0.000544365)
(0.00435697 0 0 0 0.000544622 0 0 0 0.000544622)
(0.00435902 0 0 0 0.000544878 0 0 0 0.000544878)
(0.00436107 0 0 0 0.000545133 0 0 0 0.000545133)
(0.0043631 0 0 0 0.000545388 0 0 0 0.000545388)
(0.00436514 0 0 0 0.000545642 0 0 0 0.000545642)
(0.00436716 0 0 0 0.000545896 0 0 0 0.000545896)
(0.00436919 0 0 0 0.000546148 0 0 0 0.000546148)
(0.0043712 0 0 0 0.0005464 0 0 0 0.0005464)
(0.00437321 0 0 0 0.000546651 0 0 0 0.000546651)
(0.00437521 0 0 0 0.000546902 0 0 0 0.000546902)
(0.00437721 0 0 0 0.000547151 0 0 0 0.000547151)
(0.0043792 0 0 0 0.0005474 0 0 0 0.0005474)
(0.00438118 0 0 0 0.000547647 0 0 0 0.000547647)
(0.00438315 0 0 0 0.000547894 0 0 0 0.000547894)
(0.00438512 0 0 0 0.00054814 0 0 0 0.00054814)
(0.00438708 0 0 0 0.000548385 0 0 0 0.000548385)
(0.00438903 0 0 0 0.000548629 0 0 0 0.000548629)
(0.00439098 0 0 0 0.000548872 0 0 0 0.000548872)
(0.00439291 0 0 0 0.000549114 0 0 0 0.000549114)
(0.00439484 0 0 0 0.000549355 0 0 0 0.000549355)
(0.00439676 0 0 0 0.000549595 0 0 0 0.000549595)
(0.00439867 0 0 0 0.000549834 0 0 0 0.000549834)
(0.00440058 0 0 0 0.000550072 0 0 0 0.000550072)
(0.00440247 0 0 0 0.000550309 0 0 0 0.000550309)
(0.00440436 0 0 0 0.000550545 0 0 0 0.000550545)
(0.00440623 0 0 0 0.000550779 0 0 0 0.000550779)
(0.0044081 0 0 0 0.000551012 0 0 0 0.000551012)
(0.00440996 0 0 0 0.000551245 0 0 0 0.000551245)
(0.0044118 0 0 0 0.000551476 0 0 0 0.000551476)
(0.00441364 0 0 0 0.000551705 0 0 0 0.000551705)
(0.00441547 0 0 0 0.000551934 0 0 0 0.000551934)
(0.00441729 0 0 0 0.000552161 0 0 0 0.000552161)
(0.0044191 0 0 0 0.000552387 0 0 0 0.000552387)
(0.0044209 0 0 0 0.000552612 0 0 0 0.000552612)
(0.00442268 0 0 0 0.000552836 0 0 0 0.000552836)
(0.00442446 0 0 0 0.000553058 0 0 0 0.000553058)
(0.00442623 0 0 0 0.000553279 0 0 0 0.000553279)
(0.00442799 0 0 0 0.000553499 0 0 0 0.000553499)
(0.00442974 0 0 0 0.000553717 0 0 0 0.000553717)
(0.00443147 0 0 0 0.000553934 0 0 0 0.000553934)
(0.0044332 0 0 0 0.00055415 0 0 0 0.00055415)
(0.00443492 0 0 0 0.000554365 0 0 0 0.000554365)
(0.00443662 0 0 0 0.000554578 0 0 0 0.000554578)
(0.00443832 0 0 0 0.00055479 0 0 0 0.00055479)
(0.00444 0 0 0 0.000555001 0 0 0 0.000555001)
(0.00444168 0 0 0 0.00055521 0 0 0 0.00055521)
(0.00444334 0 0 0 0.000555418 0 0 0 0.000555418)
(0.004445 0 0 0 0.000555625 0 0 0 0.000555625)
(0.00444664 0 0 0 0.00055583 0 0 0 0.00055583)
(0.00444828 0 0 0 0.000556035 0 0 0 0.000556035)
(0.0044499 0 0 0 0.000556238 0 0 0 0.000556238)
(0.00445151 0 0 0 0.000556439 0 0 0 0.000556439)
(0.00445312 0 0 0 0.00055664 0 0 0 0.00055664)
(0.00445471 0 0 0 0.000556839 0 0 0 0.000556839)
(0.0044563 0 0 0 0.000557037 0 0 0 0.000557037)
(0.00445787 0 0 0 0.000557234 0 0 0 0.000557234)
(0.00445944 0 0 0 0.00055743 0 0 0 0.00055743)
(0.00446099 0 0 0 0.000557624 0 0 0 0.000557624)
(0.00446254 0 0 0 0.000557818 0 0 0 0.000557818)
(0.00446408 0 0 0 0.00055801 0 0 0 0.00055801)
(0.00446561 0 0 0 0.000558202 0 0 0 0.000558202)
(0.00446714 0 0 0 0.000558392 0 0 0 0.000558392)
(0.00446865 0 0 0 0.000558582 0 0 0 0.000558582)
(0.00447016 0 0 0 0.00055877 0 0 0 0.00055877)
(0.00447166 0 0 0 0.000558958 0 0 0 0.000558958)
(0.00447315 0 0 0 0.000559144 0 0 0 0.000559144)
(0.00447464 0 0 0 0.00055933 0 0 0 0.00055933)
(0.00447612 0 0 0 0.000559516 0 0 0 0.000559516)
(0.0044776 0 0 0 0.0005597 0 0 0 0.0005597)
(0.00447907 0 0 0 0.000559884 0 0 0 0.000559884)
(0.00448054 0 0 0 0.000560067 0 0 0 0.000560067)
(0.004482 0 0 0 0.00056025 0 0 0 0.00056025)
(0.00448346 0 0 0 0.000560433 0 0 0 0.000560433)
(0.00448491 0 0 0 0.000560614 0 0 0 0.000560614)
(0.00448637 0 0 0 0.000560796 0 0 0 0.000560796)
(0.00448782 0 0 0 0.000560977 0 0 0 0.000560977)
(0.00448927 0 0 0 0.000561159 0 0 0 0.000561159)
(0.00449072 0 0 0 0.00056134 0 0 0 0.00056134)
(0.00449217 0 0 0 0.000561521 0 0 0 0.000561521)
(0.00449362 0 0 0 0.000561702 0 0 0 0.000561702)
(0.00449507 0 0 0 0.000561884 0 0 0 0.000561884)
(0.00449652 0 0 0 0.000562065 0 0 0 0.000562065)
(0.00449798 0 0 0 0.000562248 0 0 0 0.000562248)
(0.00449944 0 0 0 0.00056243 0 0 0 0.00056243)
(0.0045009 0 0 0 0.000562613 0 0 0 0.000562613)
(0.00450236 0 0 0 0.000562795 0 0 0 0.000562795)
(0.0045038 0 0 0 0.000562976 0 0 0 0.000562976)
(0.00450524 0 0 0 0.000563156 0 0 0 0.000563156)
(0.00450668 0 0 0 0.000563335 0 0 0 0.000563335)
(0.0045081 0 0 0 0.000563513 0 0 0 0.000563513)
(0.00450953 0 0 0 0.000563691 0 0 0 0.000563691)
(0.00451095 0 0 0 0.000563868 0 0 0 0.000563868)
(0.00451236 0 0 0 0.000564045 0 0 0 0.000564045)
(0.00451377 0 0 0 0.000564222 0 0 0 0.000564222)
(0.00451518 0 0 0 0.000564398 0 0 0 0.000564398)
(0.00451659 0 0 0 0.000564574 0 0 0 0.000564574)
(0.004518 0 0 0 0.000564751 0 0 0 0.000564751)
(0.00451941 0 0 0 0.000564927 0 0 0 0.000564927)
(0.00452083 0 0 0 0.000565103 0 0 0 0.000565103)
(0.00452224 0 0 0 0.00056528 0 0 0 0.00056528)
(0.00452365 0 0 0 0.000565457 0 0 0 0.000565457)
(0.00452507 0 0 0 0.000565634 0 0 0 0.000565634)
(0.0045265 0 0 0 0.000565812 0 0 0 0.000565812)
(0.00452792 0 0 0 0.000565991 0 0 0 0.000565991)
(0.00452935 0 0 0 0.00056617 0 0 0 0.00056617)
(0.00453079 0 0 0 0.000566349 0 0 0 0.000566349)
(0.00453224 0 0 0 0.00056653 0 0 0 0.00056653)
(0.00453369 0 0 0 0.000566711 0 0 0 0.000566711)
(0.00453514 0 0 0 0.000566893 0 0 0 0.000566893)
(0.00453661 0 0 0 0.000567076 0 0 0 0.000567076)
(0.00453808 0 0 0 0.00056726 0 0 0 0.00056726)
(0.00453956 0 0 0 0.000567445 0 0 0 0.000567445)
(0.00454105 0 0 0 0.000567631 0 0 0 0.000567631)
(0.00454255 0 0 0 0.000567819 0 0 0 0.000567819)
(0.00454406 0 0 0 0.000568007 0 0 0 0.000568007)
(0.00454558 0 0 0 0.000568197 0 0 0 0.000568197)
(0.0045471 0 0 0 0.000568388 0 0 0 0.000568388)
(0.00454864 0 0 0 0.000568581 0 0 0 0.000568581)
(0.00455019 0 0 0 0.000568774 0 0 0 0.000568774)
(0.00455176 0 0 0 0.00056897 0 0 0 0.00056897)
(0.00455333 0 0 0 0.000569166 0 0 0 0.000569166)
(0.00455492 0 0 0 0.000569365 0 0 0 0.000569365)
(0.00455651 0 0 0 0.000569564 0 0 0 0.000569564)
(0.00455812 0 0 0 0.000569766 0 0 0 0.000569766)
(0.00455975 0 0 0 0.000569968 0 0 0 0.000569968)
(0.00456138 0 0 0 0.000570173 0 0 0 0.000570173)
(0.00456303 0 0 0 0.000570379 0 0 0 0.000570379)
(0.00456469 0 0 0 0.000570587 0 0 0 0.000570587)
(0.00456637 0 0 0 0.000570796 0 0 0 0.000570796)
(0.00456806 0 0 0 0.000571008 0 0 0 0.000571008)
(0.00456976 0 0 0 0.00057122 0 0 0 0.00057122)
(0.00457148 0 0 0 0.000571435 0 0 0 0.000571435)
(0.00457321 0 0 0 0.000571652 0 0 0 0.000571652)
(0.00457496 0 0 0 0.00057187 0 0 0 0.00057187)
(0.00457672 0 0 0 0.00057209 0 0 0 0.00057209)
(0.00457849 0 0 0 0.000572312 0 0 0 0.000572312)
(0.00458028 0 0 0 0.000572535 0 0 0 0.000572535)
(0.00458209 0 0 0 0.000572761 0 0 0 0.000572761)
(0.0045839 0 0 0 0.000572988 0 0 0 0.000572988)
(0.00458574 0 0 0 0.000573217 0 0 0 0.000573217)
(0.00458759 0 0 0 0.000573448 0 0 0 0.000573448)
(0.00458945 0 0 0 0.000573681 0 0 0 0.000573681)
(0.00459133 0 0 0 0.000573916 0 0 0 0.000573916)
(0.00459322 0 0 0 0.000574153 0 0 0 0.000574153)
(0.00459513 0 0 0 0.000574391 0 0 0 0.000574391)
(0.00459705 0 0 0 0.000574632 0 0 0 0.000574632)
(0.00459899 0 0 0 0.000574874 0 0 0 0.000574874)
(0.00460094 0 0 0 0.000575118 0 0 0 0.000575118)
(0.00460291 0 0 0 0.000575364 0 0 0 0.000575364)
(0.00460489 0 0 0 0.000575612 0 0 0 0.000575612)
(0.00460689 0 0 0 0.000575862 0 0 0 0.000575862)
(0.00460891 0 0 0 0.000576113 0 0 0 0.000576113)
(0.00461093 0 0 0 0.000576367 0 0 0 0.000576367)
(0.00461298 0 0 0 0.000576622 0 0 0 0.000576622)
(0.00461503 0 0 0 0.000576879 0 0 0 0.000576879)
(0.00461711 0 0 0 0.000577138 0 0 0 0.000577138)
(0.00461919 0 0 0 0.000577399 0 0 0 0.000577399)
(0.00462129 0 0 0 0.000577662 0 0 0 0.000577662)
(0.00462341 0 0 0 0.000577926 0 0 0 0.000577926)
(0.00462554 0 0 0 0.000578193 0 0 0 0.000578193)
(0.00462768 0 0 0 0.000578461 0 0 0 0.000578461)
(0.00462984 0 0 0 0.00057873 0 0 0 0.00057873)
(0.00463201 0 0 0 0.000579002 0 0 0 0.000579002)
(0.0046342 0 0 0 0.000579275 0 0 0 0.000579275)
(0.0046364 0 0 0 0.00057955 0 0 0 0.00057955)
(0.00463861 0 0 0 0.000579827 0 0 0 0.000579827)
(0.00464084 0 0 0 0.000580105 0 0 0 0.000580105)
(0.00464308 0 0 0 0.000580386 0 0 0 0.000580386)
(0.00464534 0 0 0 0.000580667 0 0 0 0.000580667)
(0.00464761 0 0 0 0.000580951 0 0 0 0.000580951)
(0.00464989 0 0 0 0.000581236 0 0 0 0.000581236)
(0.00465218 0 0 0 0.000581523 0 0 0 0.000581523)
(0.00465449 0 0 0 0.000581811 0 0 0 0.000581811)
(0.00465681 0 0 0 0.000582101 0 0 0 0.000582101)
(0.00465914 0 0 0 0.000582392 0 0 0 0.000582392)
(0.00466148 0 0 0 0.000582685 0 0 0 0.000582685)
(0.00466384 0 0 0 0.00058298 0 0 0 0.00058298)
(0.00466621 0 0 0 0.000583276 0 0 0 0.000583276)
(0.00466859 0 0 0 0.000583573 0 0 0 0.000583573)
(0.00467098 0 0 0 0.000583873 0 0 0 0.000583873)
(0.00467338 0 0 0 0.000584173 0 0 0 0.000584173)
(0.0046758 0 0 0 0.000584475 0 0 0 0.000584475)
(0.00467823 0 0 0 0.000584778 0 0 0 0.000584778)
(0.00468066 0 0 0 0.000585083 0 0 0 0.000585083)
(0.00468311 0 0 0 0.000585389 0 0 0 0.000585389)
(0.00468557 0 0 0 0.000585697 0 0 0 0.000585697)
(0.00468805 0 0 0 0.000586006 0 0 0 0.000586006)
(0.00469053 0 0 0 0.000586316 0 0 0 0.000586316)
(0.00469302 0 0 0 0.000586628 0 0 0 0.000586628)
(0.00469552 0 0 0 0.000586941 0 0 0 0.000586941)
(0.00469804 0 0 0 0.000587255 0 0 0 0.000587255)
(0.00470056 0 0 0 0.000587571 0 0 0 0.000587571)
(0.0047031 0 0 0 0.000587888 0 0 0 0.000587888)
(0.00470565 0 0 0 0.000588206 0 0 0 0.000588206)
(0.0047082 0 0 0 0.000588525 0 0 0 0.000588525)
(0.00471077 0 0 0 0.000588846 0 0 0 0.000588846)
(0.00471335 0 0 0 0.000589169 0 0 0 0.000589169)
(0.00471594 0 0 0 0.000589492 0 0 0 0.000589492)
(0.00471854 0 0 0 0.000589817 0 0 0 0.000589817)
(0.00472115 0 0 0 0.000590144 0 0 0 0.000590144)
(0.00472377 0 0 0 0.000590471 0 0 0 0.000590471)
(0.0047264 0 0 0 0.0005908 0 0 0 0.0005908)
(0.00472905 0 0 0 0.000591131 0 0 0 0.000591131)
(0.0047317 0 0 0 0.000591463 0 0 0 0.000591463)
(0.00473437 0 0 0 0.000591797 0 0 0 0.000591797)
(0.00473706 0 0 0 0.000592132 0 0 0 0.000592132)
(0.00473975 0 0 0 0.000592469 0 0 0 0.000592469)
(0.00474246 0 0 0 0.000592808 0 0 0 0.000592808)
(0.00474518 0 0 0 0.000593148 0 0 0 0.000593148)
(0.00474792 0 0 0 0.000593491 0 0 0 0.000593491)
(0.00475068 0 0 0 0.000593835 0 0 0 0.000593835)
(0.00475346 0 0 0 0.000594182 0 0 0 0.000594182)
(0.00475625 0 0 0 0.000594532 0 0 0 0.000594532)
(0.00475907 0 0 0 0.000594884 0 0 0 0.000594884)
(0.00476192 0 0 0 0.00059524 0 0 0 0.00059524)
(0.00476479 0 0 0 0.000595599 0 0 0 0.000595599)
(0.00476771 0 0 0 0.000595964 0 0 0 0.000595964)
(0.00476991 0 0 0 0.00059624 0 0 0 0.00059624)
(0.00477127 0 0 0 0.00059641 0 0 0 0.00059641)
(0.00425026 0 0 0 0.000531283 0 0 0 0.000531283)
(0.00425137 0 0 0 0.000531421 0 0 0 0.000531421)
(0.00425322 0 0 0 0.000531653 0 0 0 0.000531653)
(0.00425558 0 0 0 0.000531948 0 0 0 0.000531948)
(0.00425787 0 0 0 0.000532234 0 0 0 0.000532234)
(0.0042601 0 0 0 0.000532513 0 0 0 0.000532513)
(0.00426229 0 0 0 0.000532787 0 0 0 0.000532787)
(0.00426446 0 0 0 0.000533058 0 0 0 0.000533058)
(0.00426661 0 0 0 0.000533326 0 0 0 0.000533326)
(0.00426874 0 0 0 0.000533593 0 0 0 0.000533593)
(0.00427087 0 0 0 0.000533859 0 0 0 0.000533859)
(0.00427299 0 0 0 0.000534124 0 0 0 0.000534124)
(0.0042751 0 0 0 0.000534388 0 0 0 0.000534388)
(0.00427722 0 0 0 0.000534652 0 0 0 0.000534652)
(0.00427933 0 0 0 0.000534916 0 0 0 0.000534916)
(0.00428144 0 0 0 0.00053518 0 0 0 0.00053518)
(0.00428355 0 0 0 0.000535444 0 0 0 0.000535444)
(0.00428566 0 0 0 0.000535708 0 0 0 0.000535708)
(0.00428777 0 0 0 0.000535972 0 0 0 0.000535972)
(0.00428989 0 0 0 0.000536236 0 0 0 0.000536236)
(0.004292 0 0 0 0.0005365 0 0 0 0.0005365)
(0.00429411 0 0 0 0.000536764 0 0 0 0.000536764)
(0.00429623 0 0 0 0.000537029 0 0 0 0.000537029)
(0.00429834 0 0 0 0.000537293 0 0 0 0.000537293)
(0.00430046 0 0 0 0.000537557 0 0 0 0.000537557)
(0.00430257 0 0 0 0.000537821 0 0 0 0.000537821)
(0.00430468 0 0 0 0.000538085 0 0 0 0.000538085)
(0.0043068 0 0 0 0.00053835 0 0 0 0.00053835)
(0.00430891 0 0 0 0.000538614 0 0 0 0.000538614)
(0.00431102 0 0 0 0.000538878 0 0 0 0.000538878)
(0.00431313 0 0 0 0.000539142 0 0 0 0.000539142)
(0.00431524 0 0 0 0.000539405 0 0 0 0.000539405)
(0.00431735 0 0 0 0.000539669 0 0 0 0.000539669)
(0.00431946 0 0 0 0.000539933 0 0 0 0.000539933)
(0.00432157 0 0 0 0.000540196 0 0 0 0.000540196)
(0.00432367 0 0 0 0.000540459 0 0 0 0.000540459)
(0.00432577 0 0 0 0.000540722 0 0 0 0.000540722)
(0.00432787 0 0 0 0.000540985 0 0 0 0.000540985)
(0.00432997 0 0 0 0.000541247 0 0 0 0.000541247)
(0.00433207 0 0 0 0.000541509 0 0 0 0.000541509)
(0.00433416 0 0 0 0.000541771 0 0 0 0.000541771)
(0.00433626 0 0 0 0.000542032 0 0 0 0.000542032)
(0.00433834 0 0 0 0.000542293 0 0 0 0.000542293)
(0.00434043 0 0 0 0.000542554 0 0 0 0.000542554)
(0.00434251 0 0 0 0.000542814 0 0 0 0.000542814)
(0.00434459 0 0 0 0.000543074 0 0 0 0.000543074)
(0.00434666 0 0 0 0.000543333 0 0 0 0.000543333)
(0.00434873 0 0 0 0.000543592 0 0 0 0.000543592)
(0.0043508 0 0 0 0.00054385 0 0 0 0.00054385)
(0.00435286 0 0 0 0.000544108 0 0 0 0.000544108)
(0.00435492 0 0 0 0.000544365 0 0 0 0.000544365)
(0.00435697 0 0 0 0.000544622 0 0 0 0.000544622)
(0.00435902 0 0 0 0.000544878 0 0 0 0.000544878)
(0.00436107 0 0 0 0.000545133 0 0 0 0.000545133)
(0.0043631 0 0 0 0.000545388 0 0 0 0.000545388)
(0.00436514 0 0 0 0.000545642 0 0 0 0.000545642)
(0.00436716 0 0 0 0.000545896 0 0 0 0.000545896)
(0.00436919 0 0 0 0.000546148 0 0 0 0.000546148)
(0.0043712 0 0 0 0.0005464 0 0 0 0.0005464)
(0.00437321 0 0 0 0.000546651 0 0 0 0.000546651)
(0.00437521 0 0 0 0.000546902 0 0 0 0.000546902)
(0.00437721 0 0 0 0.000547151 0 0 0 0.000547151)
(0.0043792 0 0 0 0.0005474 0 0 0 0.0005474)
(0.00438118 0 0 0 0.000547647 0 0 0 0.000547647)
(0.00438315 0 0 0 0.000547894 0 0 0 0.000547894)
(0.00438512 0 0 0 0.00054814 0 0 0 0.00054814)
(0.00438708 0 0 0 0.000548385 0 0 0 0.000548385)
(0.00438903 0 0 0 0.000548629 0 0 0 0.000548629)
(0.00439098 0 0 0 0.000548872 0 0 0 0.000548872)
(0.00439291 0 0 0 0.000549114 0 0 0 0.000549114)
(0.00439484 0 0 0 0.000549355 0 0 0 0.000549355)
(0.00439676 0 0 0 0.000549595 0 0 0 0.000549595)
(0.00439867 0 0 0 0.000549834 0 0 0 0.000549834)
(0.00440058 0 0 0 0.000550072 0 0 0 0.000550072)
(0.00440247 0 0 0 0.000550309 0 0 0 0.000550309)
(0.00440436 0 0 0 0.000550545 0 0 0 0.000550545)
(0.00440623 0 0 0 0.000550779 0 0 0 0.000550779)
(0.0044081 0 0 0 0.000551012 0 0 0 0.000551012)
(0.00440996 0 0 0 0.000551245 0 0 0 0.000551245)
(0.0044118 0 0 0 0.000551476 0 0 0 0.000551476)
(0.00441364 0 0 0 0.000551705 0 0 0 0.000551705)
(0.00441547 0 0 0 0.000551934 0 0 0 0.000551934)
(0.00441729 0 0 0 0.000552161 0 0 0 0.000552161)
(0.0044191 0 0 0 0.000552387 0 0 0 0.000552387)
(0.0044209 0 0 0 0.000552612 0 0 0 0.000552612)
(0.00442268 0 0 0 0.000552836 0 0 0 0.000552836)
(0.00442446 0 0 0 0.000553058 0 0 0 0.000553058)
(0.00442623 0 0 0 0.000553279 0 0 0 0.000553279)
(0.00442799 0 0 0 0.000553499 0 0 0 0.000553499)
(0.00442974 0 0 0 0.000553717 0 0 0 0.000553717)
(0.00443147 0 0 0 0.000553934 0 0 0 0.000553934)
(0.0044332 0 0 0 0.00055415 0 0 0 0.00055415)
(0.00443492 0 0 0 0.000554365 0 0 0 0.000554365)
(0.00443662 0 0 0 0.000554578 0 0 0 0.000554578)
(0.00443832 0 0 0 0.00055479 0 0 0 0.00055479)
(0.00444 0 0 0 0.000555001 0 0 0 0.000555001)
(0.00444168 0 0 0 0.00055521 0 0 0 0.00055521)
(0.00444334 0 0 0 0.000555418 0 0 0 0.000555418)
(0.004445 0 0 0 0.000555625 0 0 0 0.000555625)
(0.00444664 0 0 0 0.00055583 0 0 0 0.00055583)
(0.00444828 0 0 0 0.000556035 0 0 0 0.000556035)
(0.0044499 0 0 0 0.000556238 0 0 0 0.000556238)
(0.00445151 0 0 0 0.000556439 0 0 0 0.000556439)
(0.00445312 0 0 0 0.00055664 0 0 0 0.00055664)
(0.00445471 0 0 0 0.000556839 0 0 0 0.000556839)
(0.0044563 0 0 0 0.000557037 0 0 0 0.000557037)
(0.00445787 0 0 0 0.000557234 0 0 0 0.000557234)
(0.00445944 0 0 0 0.00055743 0 0 0 0.00055743)
(0.00446099 0 0 0 0.000557624 0 0 0 0.000557624)
(0.00446254 0 0 0 0.000557818 0 0 0 0.000557818)
(0.00446408 0 0 0 0.00055801 0 0 0 0.00055801)
(0.00446561 0 0 0 0.000558202 0 0 0 0.000558202)
(0.00446714 0 0 0 0.000558392 0 0 0 0.000558392)
(0.00446865 0 0 0 0.000558582 0 0 0 0.000558582)
(0.00447016 0 0 0 0.00055877 0 0 0 0.00055877)
(0.00447166 0 0 0 0.000558958 0 0 0 0.000558958)
(0.00447315 0 0 0 0.000559144 0 0 0 0.000559144)
(0.00447464 0 0 0 0.00055933 0 0 0 0.00055933)
(0.00447612 0 0 0 0.000559516 0 0 0 0.000559516)
(0.0044776 0 0 0 0.0005597 0 0 0 0.0005597)
(0.00447907 0 0 0 0.000559884 0 0 0 0.000559884)
(0.00448054 0 0 0 0.000560067 0 0 0 0.000560067)
(0.004482 0 0 0 0.00056025 0 0 0 0.00056025)
(0.00448346 0 0 0 0.000560433 0 0 0 0.000560433)
(0.00448491 0 0 0 0.000560614 0 0 0 0.000560614)
(0.00448637 0 0 0 0.000560796 0 0 0 0.000560796)
(0.00448782 0 0 0 0.000560977 0 0 0 0.000560977)
(0.00448927 0 0 0 0.000561159 0 0 0 0.000561159)
(0.00449072 0 0 0 0.00056134 0 0 0 0.00056134)
(0.00449217 0 0 0 0.000561521 0 0 0 0.000561521)
(0.00449362 0 0 0 0.000561702 0 0 0 0.000561702)
(0.00449507 0 0 0 0.000561884 0 0 0 0.000561884)
(0.00449652 0 0 0 0.000562065 0 0 0 0.000562065)
(0.00449798 0 0 0 0.000562248 0 0 0 0.000562248)
(0.00449944 0 0 0 0.00056243 0 0 0 0.00056243)
(0.0045009 0 0 0 0.000562613 0 0 0 0.000562613)
(0.00450236 0 0 0 0.000562795 0 0 0 0.000562795)
(0.0045038 0 0 0 0.000562976 0 0 0 0.000562976)
(0.00450524 0 0 0 0.000563156 0 0 0 0.000563156)
(0.00450668 0 0 0 0.000563335 0 0 0 0.000563335)
(0.0045081 0 0 0 0.000563513 0 0 0 0.000563513)
(0.00450953 0 0 0 0.000563691 0 0 0 0.000563691)
(0.00451095 0 0 0 0.000563868 0 0 0 0.000563868)
(0.00451236 0 0 0 0.000564045 0 0 0 0.000564045)
(0.00451377 0 0 0 0.000564222 0 0 0 0.000564222)
(0.00451518 0 0 0 0.000564398 0 0 0 0.000564398)
(0.00451659 0 0 0 0.000564574 0 0 0 0.000564574)
(0.004518 0 0 0 0.000564751 0 0 0 0.000564751)
(0.00451941 0 0 0 0.000564927 0 0 0 0.000564927)
(0.00452083 0 0 0 0.000565103 0 0 0 0.000565103)
(0.00452224 0 0 0 0.00056528 0 0 0 0.00056528)
(0.00452365 0 0 0 0.000565457 0 0 0 0.000565457)
(0.00452507 0 0 0 0.000565634 0 0 0 0.000565634)
(0.0045265 0 0 0 0.000565812 0 0 0 0.000565812)
(0.00452792 0 0 0 0.000565991 0 0 0 0.000565991)
(0.00452935 0 0 0 0.000566169 0 0 0 0.000566169)
(0.00453079 0 0 0 0.000566349 0 0 0 0.000566349)
(0.00453224 0 0 0 0.00056653 0 0 0 0.00056653)
(0.00453369 0 0 0 0.000566711 0 0 0 0.000566711)
(0.00453514 0 0 0 0.000566893 0 0 0 0.000566893)
(0.00453661 0 0 0 0.000567076 0 0 0 0.000567076)
(0.00453808 0 0 0 0.00056726 0 0 0 0.00056726)
(0.00453956 0 0 0 0.000567445 0 0 0 0.000567445)
(0.00454105 0 0 0 0.000567631 0 0 0 0.000567631)
(0.00454255 0 0 0 0.000567819 0 0 0 0.000567819)
(0.00454406 0 0 0 0.000568007 0 0 0 0.000568007)
(0.00454558 0 0 0 0.000568197 0 0 0 0.000568197)
(0.0045471 0 0 0 0.000568388 0 0 0 0.000568388)
(0.00454864 0 0 0 0.000568581 0 0 0 0.000568581)
(0.00455019 0 0 0 0.000568774 0 0 0 0.000568774)
(0.00455176 0 0 0 0.00056897 0 0 0 0.00056897)
(0.00455333 0 0 0 0.000569166 0 0 0 0.000569166)
(0.00455492 0 0 0 0.000569365 0 0 0 0.000569365)
(0.00455651 0 0 0 0.000569564 0 0 0 0.000569564)
(0.00455812 0 0 0 0.000569766 0 0 0 0.000569766)
(0.00455975 0 0 0 0.000569968 0 0 0 0.000569968)
(0.00456138 0 0 0 0.000570173 0 0 0 0.000570173)
(0.00456303 0 0 0 0.000570379 0 0 0 0.000570379)
(0.00456469 0 0 0 0.000570587 0 0 0 0.000570587)
(0.00456637 0 0 0 0.000570796 0 0 0 0.000570796)
(0.00456806 0 0 0 0.000571007 0 0 0 0.000571007)
(0.00456976 0 0 0 0.00057122 0 0 0 0.00057122)
(0.00457148 0 0 0 0.000571435 0 0 0 0.000571435)
(0.00457321 0 0 0 0.000571652 0 0 0 0.000571652)
(0.00457496 0 0 0 0.00057187 0 0 0 0.00057187)
(0.00457672 0 0 0 0.00057209 0 0 0 0.00057209)
(0.00457849 0 0 0 0.000572312 0 0 0 0.000572312)
(0.00458028 0 0 0 0.000572535 0 0 0 0.000572535)
(0.00458208 0 0 0 0.000572761 0 0 0 0.000572761)
(0.0045839 0 0 0 0.000572988 0 0 0 0.000572988)
(0.00458574 0 0 0 0.000573217 0 0 0 0.000573217)
(0.00458759 0 0 0 0.000573448 0 0 0 0.000573448)
(0.00458945 0 0 0 0.000573681 0 0 0 0.000573681)
(0.00459133 0 0 0 0.000573916 0 0 0 0.000573916)
(0.00459322 0 0 0 0.000574153 0 0 0 0.000574153)
(0.00459513 0 0 0 0.000574391 0 0 0 0.000574391)
(0.00459705 0 0 0 0.000574632 0 0 0 0.000574632)
(0.00459899 0 0 0 0.000574874 0 0 0 0.000574874)
(0.00460094 0 0 0 0.000575118 0 0 0 0.000575118)
(0.00460291 0 0 0 0.000575364 0 0 0 0.000575364)
(0.00460489 0 0 0 0.000575612 0 0 0 0.000575612)
(0.00460689 0 0 0 0.000575862 0 0 0 0.000575862)
(0.00460891 0 0 0 0.000576113 0 0 0 0.000576113)
(0.00461093 0 0 0 0.000576367 0 0 0 0.000576367)
(0.00461298 0 0 0 0.000576622 0 0 0 0.000576622)
(0.00461503 0 0 0 0.000576879 0 0 0 0.000576879)
(0.00461711 0 0 0 0.000577138 0 0 0 0.000577138)
(0.00461919 0 0 0 0.000577399 0 0 0 0.000577399)
(0.00462129 0 0 0 0.000577662 0 0 0 0.000577662)
(0.00462341 0 0 0 0.000577926 0 0 0 0.000577926)
(0.00462554 0 0 0 0.000578193 0 0 0 0.000578193)
(0.00462768 0 0 0 0.000578461 0 0 0 0.000578461)
(0.00462984 0 0 0 0.00057873 0 0 0 0.00057873)
(0.00463201 0 0 0 0.000579002 0 0 0 0.000579002)
(0.0046342 0 0 0 0.000579275 0 0 0 0.000579275)
(0.0046364 0 0 0 0.00057955 0 0 0 0.00057955)
(0.00463861 0 0 0 0.000579827 0 0 0 0.000579827)
(0.00464084 0 0 0 0.000580105 0 0 0 0.000580105)
(0.00464308 0 0 0 0.000580386 0 0 0 0.000580386)
(0.00464534 0 0 0 0.000580667 0 0 0 0.000580667)
(0.0046476 0 0 0 0.000580951 0 0 0 0.000580951)
(0.00464989 0 0 0 0.000581236 0 0 0 0.000581236)
(0.00465218 0 0 0 0.000581523 0 0 0 0.000581523)
(0.00465449 0 0 0 0.000581811 0 0 0 0.000581811)
(0.0046568 0 0 0 0.000582101 0 0 0 0.000582101)
(0.00465914 0 0 0 0.000582392 0 0 0 0.000582392)
(0.00466148 0 0 0 0.000582685 0 0 0 0.000582685)
(0.00466384 0 0 0 0.00058298 0 0 0 0.00058298)
(0.00466621 0 0 0 0.000583276 0 0 0 0.000583276)
(0.00466859 0 0 0 0.000583573 0 0 0 0.000583573)
(0.00467098 0 0 0 0.000583872 0 0 0 0.000583872)
(0.00467338 0 0 0 0.000584173 0 0 0 0.000584173)
(0.0046758 0 0 0 0.000584475 0 0 0 0.000584475)
(0.00467823 0 0 0 0.000584778 0 0 0 0.000584778)
(0.00468066 0 0 0 0.000585083 0 0 0 0.000585083)
(0.00468311 0 0 0 0.000585389 0 0 0 0.000585389)
(0.00468557 0 0 0 0.000585697 0 0 0 0.000585697)
(0.00468804 0 0 0 0.000586006 0 0 0 0.000586006)
(0.00469053 0 0 0 0.000586316 0 0 0 0.000586316)
(0.00469302 0 0 0 0.000586628 0 0 0 0.000586628)
(0.00469552 0 0 0 0.000586941 0 0 0 0.000586941)
(0.00469804 0 0 0 0.000587255 0 0 0 0.000587255)
(0.00470056 0 0 0 0.000587571 0 0 0 0.000587571)
(0.0047031 0 0 0 0.000587887 0 0 0 0.000587887)
(0.00470564 0 0 0 0.000588206 0 0 0 0.000588206)
(0.0047082 0 0 0 0.000588525 0 0 0 0.000588525)
(0.00471077 0 0 0 0.000588846 0 0 0 0.000588846)
(0.00471335 0 0 0 0.000589169 0 0 0 0.000589169)
(0.00471594 0 0 0 0.000589492 0 0 0 0.000589492)
(0.00471854 0 0 0 0.000589817 0 0 0 0.000589817)
(0.00472115 0 0 0 0.000590143 0 0 0 0.000590143)
(0.00472377 0 0 0 0.000590471 0 0 0 0.000590471)
(0.0047264 0 0 0 0.0005908 0 0 0 0.0005908)
(0.00472905 0 0 0 0.000591131 0 0 0 0.000591131)
(0.0047317 0 0 0 0.000591463 0 0 0 0.000591463)
(0.00473437 0 0 0 0.000591797 0 0 0 0.000591797)
(0.00473705 0 0 0 0.000592132 0 0 0 0.000592132)
(0.00473975 0 0 0 0.000592469 0 0 0 0.000592469)
(0.00474246 0 0 0 0.000592808 0 0 0 0.000592808)
(0.00474518 0 0 0 0.000593148 0 0 0 0.000593148)
(0.00474792 0 0 0 0.000593491 0 0 0 0.000593491)
(0.00475068 0 0 0 0.000593835 0 0 0 0.000593835)
(0.00475346 0 0 0 0.000594182 0 0 0 0.000594182)
(0.00475625 0 0 0 0.000594532 0 0 0 0.000594532)
(0.00475907 0 0 0 0.000594884 0 0 0 0.000594884)
(0.00476192 0 0 0 0.00059524 0 0 0 0.00059524)
(0.00476479 0 0 0 0.000595599 0 0 0 0.000595599)
(0.00476771 0 0 0 0.000595963 0 0 0 0.000595963)
(0.00476991 0 0 0 0.000596239 0 0 0 0.000596239)
(0.00477127 0 0 0 0.000596409 0 0 0 0.000596409)
(0.00425029 0 0 0 0.000531287 0 0 0 0.000531287)
(0.00425139 0 0 0 0.000531424 0 0 0 0.000531424)
(0.00425324 0 0 0 0.000531655 0 0 0 0.000531655)
(0.00425559 0 0 0 0.000531949 0 0 0 0.000531949)
(0.00425788 0 0 0 0.000532235 0 0 0 0.000532235)
(0.00426011 0 0 0 0.000532513 0 0 0 0.000532513)
(0.0042623 0 0 0 0.000532787 0 0 0 0.000532787)
(0.00426446 0 0 0 0.000533058 0 0 0 0.000533058)
(0.00426661 0 0 0 0.000533326 0 0 0 0.000533326)
(0.00426874 0 0 0 0.000533593 0 0 0 0.000533593)
(0.00427087 0 0 0 0.000533859 0 0 0 0.000533859)
(0.00427299 0 0 0 0.000534124 0 0 0 0.000534124)
(0.0042751 0 0 0 0.000534388 0 0 0 0.000534388)
(0.00427722 0 0 0 0.000534652 0 0 0 0.000534652)
(0.00427933 0 0 0 0.000534916 0 0 0 0.000534916)
(0.00428144 0 0 0 0.00053518 0 0 0 0.00053518)
(0.00428355 0 0 0 0.000535444 0 0 0 0.000535444)
(0.00428566 0 0 0 0.000535708 0 0 0 0.000535708)
(0.00428777 0 0 0 0.000535972 0 0 0 0.000535972)
(0.00428989 0 0 0 0.000536236 0 0 0 0.000536236)
(0.004292 0 0 0 0.0005365 0 0 0 0.0005365)
(0.00429411 0 0 0 0.000536764 0 0 0 0.000536764)
(0.00429623 0 0 0 0.000537028 0 0 0 0.000537028)
(0.00429834 0 0 0 0.000537293 0 0 0 0.000537293)
(0.00430045 0 0 0 0.000537557 0 0 0 0.000537557)
(0.00430257 0 0 0 0.000537821 0 0 0 0.000537821)
(0.00430468 0 0 0 0.000538085 0 0 0 0.000538085)
(0.0043068 0 0 0 0.00053835 0 0 0 0.00053835)
(0.00430891 0 0 0 0.000538614 0 0 0 0.000538614)
(0.00431102 0 0 0 0.000538878 0 0 0 0.000538878)
(0.00431313 0 0 0 0.000539142 0 0 0 0.000539142)
(0.00431524 0 0 0 0.000539405 0 0 0 0.000539405)
(0.00431735 0 0 0 0.000539669 0 0 0 0.000539669)
(0.00431946 0 0 0 0.000539933 0 0 0 0.000539933)
(0.00432157 0 0 0 0.000540196 0 0 0 0.000540196)
(0.00432367 0 0 0 0.000540459 0 0 0 0.000540459)
(0.00432577 0 0 0 0.000540722 0 0 0 0.000540722)
(0.00432787 0 0 0 0.000540984 0 0 0 0.000540984)
(0.00432997 0 0 0 0.000541247 0 0 0 0.000541247)
(0.00433207 0 0 0 0.000541509 0 0 0 0.000541509)
(0.00433416 0 0 0 0.000541771 0 0 0 0.000541771)
(0.00433625 0 0 0 0.000542032 0 0 0 0.000542032)
(0.00433834 0 0 0 0.000542293 0 0 0 0.000542293)
(0.00434043 0 0 0 0.000542554 0 0 0 0.000542554)
(0.00434251 0 0 0 0.000542814 0 0 0 0.000542814)
(0.00434459 0 0 0 0.000543074 0 0 0 0.000543074)
(0.00434666 0 0 0 0.000543333 0 0 0 0.000543333)
(0.00434873 0 0 0 0.000543592 0 0 0 0.000543592)
(0.0043508 0 0 0 0.00054385 0 0 0 0.00054385)
(0.00435286 0 0 0 0.000544108 0 0 0 0.000544108)
(0.00435492 0 0 0 0.000544365 0 0 0 0.000544365)
(0.00435697 0 0 0 0.000544622 0 0 0 0.000544622)
(0.00435902 0 0 0 0.000544878 0 0 0 0.000544878)
(0.00436107 0 0 0 0.000545133 0 0 0 0.000545133)
(0.0043631 0 0 0 0.000545388 0 0 0 0.000545388)
(0.00436514 0 0 0 0.000545642 0 0 0 0.000545642)
(0.00436716 0 0 0 0.000545896 0 0 0 0.000545896)
(0.00436918 0 0 0 0.000546148 0 0 0 0.000546148)
(0.0043712 0 0 0 0.0005464 0 0 0 0.0005464)
(0.00437321 0 0 0 0.000546651 0 0 0 0.000546651)
(0.00437521 0 0 0 0.000546902 0 0 0 0.000546902)
(0.00437721 0 0 0 0.000547151 0 0 0 0.000547151)
(0.0043792 0 0 0 0.0005474 0 0 0 0.0005474)
(0.00438118 0 0 0 0.000547647 0 0 0 0.000547647)
(0.00438315 0 0 0 0.000547894 0 0 0 0.000547894)
(0.00438512 0 0 0 0.00054814 0 0 0 0.00054814)
(0.00438708 0 0 0 0.000548385 0 0 0 0.000548385)
(0.00438903 0 0 0 0.000548629 0 0 0 0.000548629)
(0.00439098 0 0 0 0.000548872 0 0 0 0.000548872)
(0.00439291 0 0 0 0.000549114 0 0 0 0.000549114)
(0.00439484 0 0 0 0.000549355 0 0 0 0.000549355)
(0.00439676 0 0 0 0.000549595 0 0 0 0.000549595)
(0.00439867 0 0 0 0.000549834 0 0 0 0.000549834)
(0.00440058 0 0 0 0.000550072 0 0 0 0.000550072)
(0.00440247 0 0 0 0.000550309 0 0 0 0.000550309)
(0.00440435 0 0 0 0.000550545 0 0 0 0.000550545)
(0.00440623 0 0 0 0.000550779 0 0 0 0.000550779)
(0.0044081 0 0 0 0.000551012 0 0 0 0.000551012)
(0.00440995 0 0 0 0.000551244 0 0 0 0.000551244)
(0.0044118 0 0 0 0.000551475 0 0 0 0.000551475)
(0.00441364 0 0 0 0.000551705 0 0 0 0.000551705)
(0.00441547 0 0 0 0.000551934 0 0 0 0.000551934)
(0.00441729 0 0 0 0.000552161 0 0 0 0.000552161)
(0.0044191 0 0 0 0.000552387 0 0 0 0.000552387)
(0.0044209 0 0 0 0.000552612 0 0 0 0.000552612)
(0.00442268 0 0 0 0.000552836 0 0 0 0.000552836)
(0.00442446 0 0 0 0.000553058 0 0 0 0.000553058)
(0.00442623 0 0 0 0.000553279 0 0 0 0.000553279)
(0.00442799 0 0 0 0.000553499 0 0 0 0.000553499)
(0.00442974 0 0 0 0.000553717 0 0 0 0.000553717)
(0.00443147 0 0 0 0.000553934 0 0 0 0.000553934)
(0.0044332 0 0 0 0.00055415 0 0 0 0.00055415)
(0.00443492 0 0 0 0.000554365 0 0 0 0.000554365)
(0.00443662 0 0 0 0.000554578 0 0 0 0.000554578)
(0.00443832 0 0 0 0.00055479 0 0 0 0.00055479)
(0.00444 0 0 0 0.000555001 0 0 0 0.000555001)
(0.00444168 0 0 0 0.00055521 0 0 0 0.00055521)
(0.00444334 0 0 0 0.000555418 0 0 0 0.000555418)
(0.004445 0 0 0 0.000555625 0 0 0 0.000555625)
(0.00444664 0 0 0 0.00055583 0 0 0 0.00055583)
(0.00444827 0 0 0 0.000556035 0 0 0 0.000556035)
(0.0044499 0 0 0 0.000556237 0 0 0 0.000556237)
(0.00445151 0 0 0 0.000556439 0 0 0 0.000556439)
(0.00445312 0 0 0 0.00055664 0 0 0 0.00055664)
(0.00445471 0 0 0 0.000556839 0 0 0 0.000556839)
(0.00445629 0 0 0 0.000557037 0 0 0 0.000557037)
(0.00445787 0 0 0 0.000557234 0 0 0 0.000557234)
(0.00445944 0 0 0 0.00055743 0 0 0 0.00055743)
(0.00446099 0 0 0 0.000557624 0 0 0 0.000557624)
(0.00446254 0 0 0 0.000557818 0 0 0 0.000557818)
(0.00446408 0 0 0 0.00055801 0 0 0 0.00055801)
(0.00446561 0 0 0 0.000558202 0 0 0 0.000558202)
(0.00446714 0 0 0 0.000558392 0 0 0 0.000558392)
(0.00446865 0 0 0 0.000558582 0 0 0 0.000558582)
(0.00447016 0 0 0 0.00055877 0 0 0 0.00055877)
(0.00447166 0 0 0 0.000558958 0 0 0 0.000558958)
(0.00447315 0 0 0 0.000559144 0 0 0 0.000559144)
(0.00447464 0 0 0 0.00055933 0 0 0 0.00055933)
(0.00447612 0 0 0 0.000559516 0 0 0 0.000559516)
(0.0044776 0 0 0 0.0005597 0 0 0 0.0005597)
(0.00447907 0 0 0 0.000559884 0 0 0 0.000559884)
(0.00448054 0 0 0 0.000560067 0 0 0 0.000560067)
(0.004482 0 0 0 0.00056025 0 0 0 0.00056025)
(0.00448346 0 0 0 0.000560432 0 0 0 0.000560432)
(0.00448491 0 0 0 0.000560614 0 0 0 0.000560614)
(0.00448637 0 0 0 0.000560796 0 0 0 0.000560796)
(0.00448782 0 0 0 0.000560977 0 0 0 0.000560977)
(0.00448927 0 0 0 0.000561159 0 0 0 0.000561159)
(0.00449072 0 0 0 0.00056134 0 0 0 0.00056134)
(0.00449217 0 0 0 0.000561521 0 0 0 0.000561521)
(0.00449362 0 0 0 0.000561702 0 0 0 0.000561702)
(0.00449507 0 0 0 0.000561884 0 0 0 0.000561884)
(0.00449652 0 0 0 0.000562065 0 0 0 0.000562065)
(0.00449798 0 0 0 0.000562247 0 0 0 0.000562247)
(0.00449944 0 0 0 0.00056243 0 0 0 0.00056243)
(0.0045009 0 0 0 0.000562613 0 0 0 0.000562613)
(0.00450236 0 0 0 0.000562795 0 0 0 0.000562795)
(0.0045038 0 0 0 0.000562976 0 0 0 0.000562976)
(0.00450524 0 0 0 0.000563156 0 0 0 0.000563156)
(0.00450668 0 0 0 0.000563335 0 0 0 0.000563335)
(0.0045081 0 0 0 0.000563513 0 0 0 0.000563513)
(0.00450953 0 0 0 0.000563691 0 0 0 0.000563691)
(0.00451095 0 0 0 0.000563868 0 0 0 0.000563868)
(0.00451236 0 0 0 0.000564045 0 0 0 0.000564045)
(0.00451377 0 0 0 0.000564222 0 0 0 0.000564222)
(0.00451518 0 0 0 0.000564398 0 0 0 0.000564398)
(0.00451659 0 0 0 0.000564574 0 0 0 0.000564574)
(0.004518 0 0 0 0.000564751 0 0 0 0.000564751)
(0.00451941 0 0 0 0.000564927 0 0 0 0.000564927)
(0.00452082 0 0 0 0.000565103 0 0 0 0.000565103)
(0.00452224 0 0 0 0.00056528 0 0 0 0.00056528)
(0.00452365 0 0 0 0.000565457 0 0 0 0.000565457)
(0.00452507 0 0 0 0.000565634 0 0 0 0.000565634)
(0.0045265 0 0 0 0.000565812 0 0 0 0.000565812)
(0.00452792 0 0 0 0.00056599 0 0 0 0.00056599)
(0.00452935 0 0 0 0.000566169 0 0 0 0.000566169)
(0.00453079 0 0 0 0.000566349 0 0 0 0.000566349)
(0.00453224 0 0 0 0.00056653 0 0 0 0.00056653)
(0.00453369 0 0 0 0.000566711 0 0 0 0.000566711)
(0.00453514 0 0 0 0.000566893 0 0 0 0.000566893)
(0.00453661 0 0 0 0.000567076 0 0 0 0.000567076)
(0.00453808 0 0 0 0.00056726 0 0 0 0.00056726)
(0.00453956 0 0 0 0.000567445 0 0 0 0.000567445)
(0.00454105 0 0 0 0.000567631 0 0 0 0.000567631)
(0.00454255 0 0 0 0.000567819 0 0 0 0.000567819)
(0.00454406 0 0 0 0.000568007 0 0 0 0.000568007)
(0.00454558 0 0 0 0.000568197 0 0 0 0.000568197)
(0.0045471 0 0 0 0.000568388 0 0 0 0.000568388)
(0.00454864 0 0 0 0.000568581 0 0 0 0.000568581)
(0.00455019 0 0 0 0.000568774 0 0 0 0.000568774)
(0.00455176 0 0 0 0.00056897 0 0 0 0.00056897)
(0.00455333 0 0 0 0.000569166 0 0 0 0.000569166)
(0.00455492 0 0 0 0.000569365 0 0 0 0.000569365)
(0.00455651 0 0 0 0.000569564 0 0 0 0.000569564)
(0.00455812 0 0 0 0.000569766 0 0 0 0.000569766)
(0.00455975 0 0 0 0.000569968 0 0 0 0.000569968)
(0.00456138 0 0 0 0.000570173 0 0 0 0.000570173)
(0.00456303 0 0 0 0.000570379 0 0 0 0.000570379)
(0.00456469 0 0 0 0.000570587 0 0 0 0.000570587)
(0.00456637 0 0 0 0.000570796 0 0 0 0.000570796)
(0.00456806 0 0 0 0.000571007 0 0 0 0.000571007)
(0.00456976 0 0 0 0.00057122 0 0 0 0.00057122)
(0.00457148 0 0 0 0.000571435 0 0 0 0.000571435)
(0.00457321 0 0 0 0.000571651 0 0 0 0.000571651)
(0.00457496 0 0 0 0.00057187 0 0 0 0.00057187)
(0.00457672 0 0 0 0.00057209 0 0 0 0.00057209)
(0.00457849 0 0 0 0.000572312 0 0 0 0.000572312)
(0.00458028 0 0 0 0.000572535 0 0 0 0.000572535)
(0.00458208 0 0 0 0.000572761 0 0 0 0.000572761)
(0.0045839 0 0 0 0.000572988 0 0 0 0.000572988)
(0.00458574 0 0 0 0.000573217 0 0 0 0.000573217)
(0.00458759 0 0 0 0.000573448 0 0 0 0.000573448)
(0.00458945 0 0 0 0.000573681 0 0 0 0.000573681)
(0.00459133 0 0 0 0.000573916 0 0 0 0.000573916)
(0.00459322 0 0 0 0.000574153 0 0 0 0.000574153)
(0.00459513 0 0 0 0.000574391 0 0 0 0.000574391)
(0.00459705 0 0 0 0.000574632 0 0 0 0.000574632)
(0.00459899 0 0 0 0.000574874 0 0 0 0.000574874)
(0.00460094 0 0 0 0.000575118 0 0 0 0.000575118)
(0.00460291 0 0 0 0.000575364 0 0 0 0.000575364)
(0.00460489 0 0 0 0.000575612 0 0 0 0.000575612)
(0.00460689 0 0 0 0.000575862 0 0 0 0.000575862)
(0.00460891 0 0 0 0.000576113 0 0 0 0.000576113)
(0.00461093 0 0 0 0.000576367 0 0 0 0.000576367)
(0.00461298 0 0 0 0.000576622 0 0 0 0.000576622)
(0.00461503 0 0 0 0.000576879 0 0 0 0.000576879)
(0.00461711 0 0 0 0.000577138 0 0 0 0.000577138)
(0.00461919 0 0 0 0.000577399 0 0 0 0.000577399)
(0.00462129 0 0 0 0.000577662 0 0 0 0.000577662)
(0.00462341 0 0 0 0.000577926 0 0 0 0.000577926)
(0.00462554 0 0 0 0.000578192 0 0 0 0.000578192)
(0.00462768 0 0 0 0.00057846 0 0 0 0.00057846)
(0.00462984 0 0 0 0.00057873 0 0 0 0.00057873)
(0.00463201 0 0 0 0.000579002 0 0 0 0.000579002)
(0.0046342 0 0 0 0.000579275 0 0 0 0.000579275)
(0.0046364 0 0 0 0.00057955 0 0 0 0.00057955)
(0.00463861 0 0 0 0.000579827 0 0 0 0.000579827)
(0.00464084 0 0 0 0.000580105 0 0 0 0.000580105)
(0.00464308 0 0 0 0.000580385 0 0 0 0.000580385)
(0.00464534 0 0 0 0.000580667 0 0 0 0.000580667)
(0.0046476 0 0 0 0.000580951 0 0 0 0.000580951)
(0.00464989 0 0 0 0.000581236 0 0 0 0.000581236)
(0.00465218 0 0 0 0.000581522 0 0 0 0.000581522)
(0.00465449 0 0 0 0.000581811 0 0 0 0.000581811)
(0.0046568 0 0 0 0.000582101 0 0 0 0.000582101)
(0.00465914 0 0 0 0.000582392 0 0 0 0.000582392)
(0.00466148 0 0 0 0.000582685 0 0 0 0.000582685)
(0.00466384 0 0 0 0.00058298 0 0 0 0.00058298)
(0.00466621 0 0 0 0.000583276 0 0 0 0.000583276)
(0.00466859 0 0 0 0.000583573 0 0 0 0.000583573)
(0.00467098 0 0 0 0.000583872 0 0 0 0.000583872)
(0.00467338 0 0 0 0.000584173 0 0 0 0.000584173)
(0.0046758 0 0 0 0.000584475 0 0 0 0.000584475)
(0.00467822 0 0 0 0.000584778 0 0 0 0.000584778)
(0.00468066 0 0 0 0.000585083 0 0 0 0.000585083)
(0.00468311 0 0 0 0.000585389 0 0 0 0.000585389)
(0.00468557 0 0 0 0.000585697 0 0 0 0.000585697)
(0.00468804 0 0 0 0.000586006 0 0 0 0.000586006)
(0.00469053 0 0 0 0.000586316 0 0 0 0.000586316)
(0.00469302 0 0 0 0.000586628 0 0 0 0.000586628)
(0.00469552 0 0 0 0.000586941 0 0 0 0.000586941)
(0.00469804 0 0 0 0.000587255 0 0 0 0.000587255)
(0.00470056 0 0 0 0.00058757 0 0 0 0.00058757)
(0.0047031 0 0 0 0.000587887 0 0 0 0.000587887)
(0.00470564 0 0 0 0.000588206 0 0 0 0.000588206)
(0.0047082 0 0 0 0.000588525 0 0 0 0.000588525)
(0.00471077 0 0 0 0.000588846 0 0 0 0.000588846)
(0.00471335 0 0 0 0.000589168 0 0 0 0.000589168)
(0.00471593 0 0 0 0.000589492 0 0 0 0.000589492)
(0.00471853 0 0 0 0.000589817 0 0 0 0.000589817)
(0.00472115 0 0 0 0.000590143 0 0 0 0.000590143)
(0.00472377 0 0 0 0.000590471 0 0 0 0.000590471)
(0.0047264 0 0 0 0.0005908 0 0 0 0.0005908)
(0.00472905 0 0 0 0.000591131 0 0 0 0.000591131)
(0.0047317 0 0 0 0.000591463 0 0 0 0.000591463)
(0.00473437 0 0 0 0.000591797 0 0 0 0.000591797)
(0.00473705 0 0 0 0.000592132 0 0 0 0.000592132)
(0.00473975 0 0 0 0.000592469 0 0 0 0.000592469)
(0.00474246 0 0 0 0.000592807 0 0 0 0.000592807)
(0.00474518 0 0 0 0.000593148 0 0 0 0.000593148)
(0.00474792 0 0 0 0.00059349 0 0 0 0.00059349)
(0.00475068 0 0 0 0.000593835 0 0 0 0.000593835)
(0.00475345 0 0 0 0.000594182 0 0 0 0.000594182)
(0.00475625 0 0 0 0.000594531 0 0 0 0.000594531)
(0.00475907 0 0 0 0.000594884 0 0 0 0.000594884)
(0.00476191 0 0 0 0.000595239 0 0 0 0.000595239)
(0.00476479 0 0 0 0.000595599 0 0 0 0.000595599)
(0.0047677 0 0 0 0.000595963 0 0 0 0.000595963)
(0.00476991 0 0 0 0.000596239 0 0 0 0.000596239)
(0.00477127 0 0 0 0.000596409 0 0 0 0.000596409)
(0.00425036 0 0 0 0.000531295 0 0 0 0.000531295)
(0.00425143 0 0 0 0.000531429 0 0 0 0.000531429)
(0.00425326 0 0 0 0.000531658 0 0 0 0.000531658)
(0.00425561 0 0 0 0.000531952 0 0 0 0.000531952)
(0.00425789 0 0 0 0.000532236 0 0 0 0.000532236)
(0.00426011 0 0 0 0.000532515 0 0 0 0.000532515)
(0.0042623 0 0 0 0.000532788 0 0 0 0.000532788)
(0.00426447 0 0 0 0.000533059 0 0 0 0.000533059)
(0.00426661 0 0 0 0.000533327 0 0 0 0.000533327)
(0.00426874 0 0 0 0.000533593 0 0 0 0.000533593)
(0.00427087 0 0 0 0.000533859 0 0 0 0.000533859)
(0.00427299 0 0 0 0.000534124 0 0 0 0.000534124)
(0.0042751 0 0 0 0.000534388 0 0 0 0.000534388)
(0.00427722 0 0 0 0.000534652 0 0 0 0.000534652)
(0.00427933 0 0 0 0.000534916 0 0 0 0.000534916)
(0.00428144 0 0 0 0.00053518 0 0 0 0.00053518)
(0.00428355 0 0 0 0.000535444 0 0 0 0.000535444)
(0.00428566 0 0 0 0.000535708 0 0 0 0.000535708)
(0.00428777 0 0 0 0.000535972 0 0 0 0.000535972)
(0.00428989 0 0 0 0.000536236 0 0 0 0.000536236)
(0.004292 0 0 0 0.0005365 0 0 0 0.0005365)
(0.00429411 0 0 0 0.000536764 0 0 0 0.000536764)
(0.00429623 0 0 0 0.000537028 0 0 0 0.000537028)
(0.00429834 0 0 0 0.000537293 0 0 0 0.000537293)
(0.00430045 0 0 0 0.000537557 0 0 0 0.000537557)
(0.00430257 0 0 0 0.000537821 0 0 0 0.000537821)
(0.00430468 0 0 0 0.000538085 0 0 0 0.000538085)
(0.00430679 0 0 0 0.000538349 0 0 0 0.000538349)
(0.00430891 0 0 0 0.000538613 0 0 0 0.000538613)
(0.00431102 0 0 0 0.000538877 0 0 0 0.000538877)
(0.00431313 0 0 0 0.000539141 0 0 0 0.000539141)
(0.00431524 0 0 0 0.000539405 0 0 0 0.000539405)
(0.00431735 0 0 0 0.000539669 0 0 0 0.000539669)
(0.00431946 0 0 0 0.000539932 0 0 0 0.000539932)
(0.00432156 0 0 0 0.000540196 0 0 0 0.000540196)
(0.00432367 0 0 0 0.000540459 0 0 0 0.000540459)
(0.00432577 0 0 0 0.000540722 0 0 0 0.000540722)
(0.00432787 0 0 0 0.000540984 0 0 0 0.000540984)
(0.00432997 0 0 0 0.000541247 0 0 0 0.000541247)
(0.00433207 0 0 0 0.000541509 0 0 0 0.000541509)
(0.00433416 0 0 0 0.00054177 0 0 0 0.00054177)
(0.00433625 0 0 0 0.000542032 0 0 0 0.000542032)
(0.00433834 0 0 0 0.000542293 0 0 0 0.000542293)
(0.00434043 0 0 0 0.000542554 0 0 0 0.000542554)
(0.00434251 0 0 0 0.000542814 0 0 0 0.000542814)
(0.00434459 0 0 0 0.000543074 0 0 0 0.000543074)
(0.00434666 0 0 0 0.000543333 0 0 0 0.000543333)
(0.00434873 0 0 0 0.000543592 0 0 0 0.000543592)
(0.0043508 0 0 0 0.00054385 0 0 0 0.00054385)
(0.00435286 0 0 0 0.000544108 0 0 0 0.000544108)
(0.00435492 0 0 0 0.000544365 0 0 0 0.000544365)
(0.00435697 0 0 0 0.000544622 0 0 0 0.000544622)
(0.00435902 0 0 0 0.000544878 0 0 0 0.000544878)
(0.00436106 0 0 0 0.000545133 0 0 0 0.000545133)
(0.0043631 0 0 0 0.000545388 0 0 0 0.000545388)
(0.00436514 0 0 0 0.000545642 0 0 0 0.000545642)
(0.00436716 0 0 0 0.000545895 0 0 0 0.000545895)
(0.00436918 0 0 0 0.000546148 0 0 0 0.000546148)
(0.0043712 0 0 0 0.0005464 0 0 0 0.0005464)
(0.00437321 0 0 0 0.000546651 0 0 0 0.000546651)
(0.00437521 0 0 0 0.000546901 0 0 0 0.000546901)
(0.00437721 0 0 0 0.000547151 0 0 0 0.000547151)
(0.00437919 0 0 0 0.000547399 0 0 0 0.000547399)
(0.00438118 0 0 0 0.000547647 0 0 0 0.000547647)
(0.00438315 0 0 0 0.000547894 0 0 0 0.000547894)
(0.00438512 0 0 0 0.00054814 0 0 0 0.00054814)
(0.00438708 0 0 0 0.000548385 0 0 0 0.000548385)
(0.00438903 0 0 0 0.000548629 0 0 0 0.000548629)
(0.00439098 0 0 0 0.000548872 0 0 0 0.000548872)
(0.00439291 0 0 0 0.000549114 0 0 0 0.000549114)
(0.00439484 0 0 0 0.000549355 0 0 0 0.000549355)
(0.00439676 0 0 0 0.000549595 0 0 0 0.000549595)
(0.00439867 0 0 0 0.000549834 0 0 0 0.000549834)
(0.00440058 0 0 0 0.000550072 0 0 0 0.000550072)
(0.00440247 0 0 0 0.000550309 0 0 0 0.000550309)
(0.00440435 0 0 0 0.000550544 0 0 0 0.000550544)
(0.00440623 0 0 0 0.000550779 0 0 0 0.000550779)
(0.0044081 0 0 0 0.000551012 0 0 0 0.000551012)
(0.00440995 0 0 0 0.000551244 0 0 0 0.000551244)
(0.0044118 0 0 0 0.000551475 0 0 0 0.000551475)
(0.00441364 0 0 0 0.000551705 0 0 0 0.000551705)
(0.00441547 0 0 0 0.000551934 0 0 0 0.000551934)
(0.00441729 0 0 0 0.000552161 0 0 0 0.000552161)
(0.0044191 0 0 0 0.000552387 0 0 0 0.000552387)
(0.00442089 0 0 0 0.000552612 0 0 0 0.000552612)
(0.00442268 0 0 0 0.000552836 0 0 0 0.000552836)
(0.00442446 0 0 0 0.000553058 0 0 0 0.000553058)
(0.00442623 0 0 0 0.000553279 0 0 0 0.000553279)
(0.00442799 0 0 0 0.000553499 0 0 0 0.000553499)
(0.00442974 0 0 0 0.000553717 0 0 0 0.000553717)
(0.00443147 0 0 0 0.000553934 0 0 0 0.000553934)
(0.0044332 0 0 0 0.00055415 0 0 0 0.00055415)
(0.00443492 0 0 0 0.000554365 0 0 0 0.000554365)
(0.00443662 0 0 0 0.000554578 0 0 0 0.000554578)
(0.00443832 0 0 0 0.00055479 0 0 0 0.00055479)
(0.00444 0 0 0 0.000555001 0 0 0 0.000555001)
(0.00444168 0 0 0 0.00055521 0 0 0 0.00055521)
(0.00444334 0 0 0 0.000555418 0 0 0 0.000555418)
(0.004445 0 0 0 0.000555625 0 0 0 0.000555625)
(0.00444664 0 0 0 0.00055583 0 0 0 0.00055583)
(0.00444827 0 0 0 0.000556034 0 0 0 0.000556034)
(0.0044499 0 0 0 0.000556237 0 0 0 0.000556237)
(0.00445151 0 0 0 0.000556439 0 0 0 0.000556439)
(0.00445312 0 0 0 0.00055664 0 0 0 0.00055664)
(0.00445471 0 0 0 0.000556839 0 0 0 0.000556839)
(0.00445629 0 0 0 0.000557037 0 0 0 0.000557037)
(0.00445787 0 0 0 0.000557234 0 0 0 0.000557234)
(0.00445944 0 0 0 0.00055743 0 0 0 0.00055743)
(0.00446099 0 0 0 0.000557624 0 0 0 0.000557624)
(0.00446254 0 0 0 0.000557818 0 0 0 0.000557818)
(0.00446408 0 0 0 0.00055801 0 0 0 0.00055801)
(0.00446561 0 0 0 0.000558202 0 0 0 0.000558202)
(0.00446713 0 0 0 0.000558392 0 0 0 0.000558392)
(0.00446865 0 0 0 0.000558581 0 0 0 0.000558581)
(0.00447016 0 0 0 0.00055877 0 0 0 0.00055877)
(0.00447166 0 0 0 0.000558958 0 0 0 0.000558958)
(0.00447315 0 0 0 0.000559144 0 0 0 0.000559144)
(0.00447464 0 0 0 0.00055933 0 0 0 0.00055933)
(0.00447612 0 0 0 0.000559516 0 0 0 0.000559516)
(0.0044776 0 0 0 0.0005597 0 0 0 0.0005597)
(0.00447907 0 0 0 0.000559884 0 0 0 0.000559884)
(0.00448054 0 0 0 0.000560067 0 0 0 0.000560067)
(0.004482 0 0 0 0.00056025 0 0 0 0.00056025)
(0.00448346 0 0 0 0.000560432 0 0 0 0.000560432)
(0.00448491 0 0 0 0.000560614 0 0 0 0.000560614)
(0.00448637 0 0 0 0.000560796 0 0 0 0.000560796)
(0.00448782 0 0 0 0.000560977 0 0 0 0.000560977)
(0.00448927 0 0 0 0.000561159 0 0 0 0.000561159)
(0.00449072 0 0 0 0.00056134 0 0 0 0.00056134)
(0.00449217 0 0 0 0.000561521 0 0 0 0.000561521)
(0.00449362 0 0 0 0.000561702 0 0 0 0.000561702)
(0.00449507 0 0 0 0.000561884 0 0 0 0.000561884)
(0.00449652 0 0 0 0.000562065 0 0 0 0.000562065)
(0.00449798 0 0 0 0.000562247 0 0 0 0.000562247)
(0.00449944 0 0 0 0.00056243 0 0 0 0.00056243)
(0.0045009 0 0 0 0.000562613 0 0 0 0.000562613)
(0.00450236 0 0 0 0.000562795 0 0 0 0.000562795)
(0.0045038 0 0 0 0.000562976 0 0 0 0.000562976)
(0.00450524 0 0 0 0.000563156 0 0 0 0.000563156)
(0.00450668 0 0 0 0.000563335 0 0 0 0.000563335)
(0.0045081 0 0 0 0.000563513 0 0 0 0.000563513)
(0.00450953 0 0 0 0.000563691 0 0 0 0.000563691)
(0.00451094 0 0 0 0.000563868 0 0 0 0.000563868)
(0.00451236 0 0 0 0.000564045 0 0 0 0.000564045)
(0.00451377 0 0 0 0.000564222 0 0 0 0.000564222)
(0.00451518 0 0 0 0.000564398 0 0 0 0.000564398)
(0.00451659 0 0 0 0.000564574 0 0 0 0.000564574)
(0.004518 0 0 0 0.000564751 0 0 0 0.000564751)
(0.00451941 0 0 0 0.000564927 0 0 0 0.000564927)
(0.00452082 0 0 0 0.000565103 0 0 0 0.000565103)
(0.00452224 0 0 0 0.00056528 0 0 0 0.00056528)
(0.00452365 0 0 0 0.000565457 0 0 0 0.000565457)
(0.00452507 0 0 0 0.000565634 0 0 0 0.000565634)
(0.00452649 0 0 0 0.000565812 0 0 0 0.000565812)
(0.00452792 0 0 0 0.00056599 0 0 0 0.00056599)
(0.00452935 0 0 0 0.000566169 0 0 0 0.000566169)
(0.00453079 0 0 0 0.000566349 0 0 0 0.000566349)
(0.00453223 0 0 0 0.000566529 0 0 0 0.000566529)
(0.00453368 0 0 0 0.000566711 0 0 0 0.000566711)
(0.00453514 0 0 0 0.000566893 0 0 0 0.000566893)
(0.00453661 0 0 0 0.000567076 0 0 0 0.000567076)
(0.00453808 0 0 0 0.00056726 0 0 0 0.00056726)
(0.00453956 0 0 0 0.000567445 0 0 0 0.000567445)
(0.00454105 0 0 0 0.000567631 0 0 0 0.000567631)
(0.00454255 0 0 0 0.000567819 0 0 0 0.000567819)
(0.00454406 0 0 0 0.000568007 0 0 0 0.000568007)
(0.00454557 0 0 0 0.000568197 0 0 0 0.000568197)
(0.0045471 0 0 0 0.000568388 0 0 0 0.000568388)
(0.00454864 0 0 0 0.000568581 0 0 0 0.000568581)
(0.00455019 0 0 0 0.000568774 0 0 0 0.000568774)
(0.00455176 0 0 0 0.00056897 0 0 0 0.00056897)
(0.00455333 0 0 0 0.000569166 0 0 0 0.000569166)
(0.00455491 0 0 0 0.000569364 0 0 0 0.000569364)
(0.00455651 0 0 0 0.000569564 0 0 0 0.000569564)
(0.00455812 0 0 0 0.000569765 0 0 0 0.000569765)
(0.00455975 0 0 0 0.000569968 0 0 0 0.000569968)
(0.00456138 0 0 0 0.000570173 0 0 0 0.000570173)
(0.00456303 0 0 0 0.000570379 0 0 0 0.000570379)
(0.00456469 0 0 0 0.000570587 0 0 0 0.000570587)
(0.00456637 0 0 0 0.000570796 0 0 0 0.000570796)
(0.00456806 0 0 0 0.000571007 0 0 0 0.000571007)
(0.00456976 0 0 0 0.00057122 0 0 0 0.00057122)
(0.00457148 0 0 0 0.000571435 0 0 0 0.000571435)
(0.00457321 0 0 0 0.000571651 0 0 0 0.000571651)
(0.00457496 0 0 0 0.00057187 0 0 0 0.00057187)
(0.00457672 0 0 0 0.00057209 0 0 0 0.00057209)
(0.00457849 0 0 0 0.000572311 0 0 0 0.000572311)
(0.00458028 0 0 0 0.000572535 0 0 0 0.000572535)
(0.00458208 0 0 0 0.000572761 0 0 0 0.000572761)
(0.0045839 0 0 0 0.000572988 0 0 0 0.000572988)
(0.00458574 0 0 0 0.000573217 0 0 0 0.000573217)
(0.00458758 0 0 0 0.000573448 0 0 0 0.000573448)
(0.00458945 0 0 0 0.000573681 0 0 0 0.000573681)
(0.00459133 0 0 0 0.000573916 0 0 0 0.000573916)
(0.00459322 0 0 0 0.000574153 0 0 0 0.000574153)
(0.00459513 0 0 0 0.000574391 0 0 0 0.000574391)
(0.00459705 0 0 0 0.000574631 0 0 0 0.000574631)
(0.00459899 0 0 0 0.000574874 0 0 0 0.000574874)
(0.00460094 0 0 0 0.000575118 0 0 0 0.000575118)
(0.00460291 0 0 0 0.000575364 0 0 0 0.000575364)
(0.00460489 0 0 0 0.000575612 0 0 0 0.000575612)
(0.00460689 0 0 0 0.000575862 0 0 0 0.000575862)
(0.0046089 0 0 0 0.000576113 0 0 0 0.000576113)
(0.00461093 0 0 0 0.000576367 0 0 0 0.000576367)
(0.00461297 0 0 0 0.000576622 0 0 0 0.000576622)
(0.00461503 0 0 0 0.000576879 0 0 0 0.000576879)
(0.0046171 0 0 0 0.000577138 0 0 0 0.000577138)
(0.00461919 0 0 0 0.000577399 0 0 0 0.000577399)
(0.00462129 0 0 0 0.000577662 0 0 0 0.000577662)
(0.00462341 0 0 0 0.000577926 0 0 0 0.000577926)
(0.00462554 0 0 0 0.000578192 0 0 0 0.000578192)
(0.00462768 0 0 0 0.00057846 0 0 0 0.00057846)
(0.00462984 0 0 0 0.00057873 0 0 0 0.00057873)
(0.00463201 0 0 0 0.000579002 0 0 0 0.000579002)
(0.0046342 0 0 0 0.000579275 0 0 0 0.000579275)
(0.0046364 0 0 0 0.00057955 0 0 0 0.00057955)
(0.00463861 0 0 0 0.000579827 0 0 0 0.000579827)
(0.00464084 0 0 0 0.000580105 0 0 0 0.000580105)
(0.00464308 0 0 0 0.000580385 0 0 0 0.000580385)
(0.00464534 0 0 0 0.000580667 0 0 0 0.000580667)
(0.0046476 0 0 0 0.000580951 0 0 0 0.000580951)
(0.00464988 0 0 0 0.000581236 0 0 0 0.000581236)
(0.00465218 0 0 0 0.000581522 0 0 0 0.000581522)
(0.00465448 0 0 0 0.000581811 0 0 0 0.000581811)
(0.0046568 0 0 0 0.000582101 0 0 0 0.000582101)
(0.00465913 0 0 0 0.000582392 0 0 0 0.000582392)
(0.00466148 0 0 0 0.000582685 0 0 0 0.000582685)
(0.00466384 0 0 0 0.00058298 0 0 0 0.00058298)
(0.0046662 0 0 0 0.000583276 0 0 0 0.000583276)
(0.00466858 0 0 0 0.000583573 0 0 0 0.000583573)
(0.00467098 0 0 0 0.000583872 0 0 0 0.000583872)
(0.00467338 0 0 0 0.000584173 0 0 0 0.000584173)
(0.0046758 0 0 0 0.000584475 0 0 0 0.000584475)
(0.00467822 0 0 0 0.000584778 0 0 0 0.000584778)
(0.00468066 0 0 0 0.000585083 0 0 0 0.000585083)
(0.00468311 0 0 0 0.000585389 0 0 0 0.000585389)
(0.00468557 0 0 0 0.000585697 0 0 0 0.000585697)
(0.00468804 0 0 0 0.000586005 0 0 0 0.000586005)
(0.00469052 0 0 0 0.000586316 0 0 0 0.000586316)
(0.00469302 0 0 0 0.000586627 0 0 0 0.000586627)
(0.00469552 0 0 0 0.00058694 0 0 0 0.00058694)
(0.00469804 0 0 0 0.000587255 0 0 0 0.000587255)
(0.00470056 0 0 0 0.00058757 0 0 0 0.00058757)
(0.0047031 0 0 0 0.000587887 0 0 0 0.000587887)
(0.00470564 0 0 0 0.000588205 0 0 0 0.000588205)
(0.0047082 0 0 0 0.000588525 0 0 0 0.000588525)
(0.00471077 0 0 0 0.000588846 0 0 0 0.000588846)
(0.00471334 0 0 0 0.000589168 0 0 0 0.000589168)
(0.00471593 0 0 0 0.000589492 0 0 0 0.000589492)
(0.00471853 0 0 0 0.000589817 0 0 0 0.000589817)
(0.00472114 0 0 0 0.000590143 0 0 0 0.000590143)
(0.00472376 0 0 0 0.000590471 0 0 0 0.000590471)
(0.0047264 0 0 0 0.0005908 0 0 0 0.0005908)
(0.00472904 0 0 0 0.00059113 0 0 0 0.00059113)
(0.0047317 0 0 0 0.000591463 0 0 0 0.000591463)
(0.00473437 0 0 0 0.000591796 0 0 0 0.000591796)
(0.00473705 0 0 0 0.000592131 0 0 0 0.000592131)
(0.00473974 0 0 0 0.000592468 0 0 0 0.000592468)
(0.00474245 0 0 0 0.000592807 0 0 0 0.000592807)
(0.00474518 0 0 0 0.000593147 0 0 0 0.000593147)
(0.00474792 0 0 0 0.00059349 0 0 0 0.00059349)
(0.00475067 0 0 0 0.000593834 0 0 0 0.000593834)
(0.00475345 0 0 0 0.000594181 0 0 0 0.000594181)
(0.00475625 0 0 0 0.000594531 0 0 0 0.000594531)
(0.00475906 0 0 0 0.000594883 0 0 0 0.000594883)
(0.00476191 0 0 0 0.000595239 0 0 0 0.000595239)
(0.00476478 0 0 0 0.000595598 0 0 0 0.000595598)
(0.0047677 0 0 0 0.000595962 0 0 0 0.000595962)
(0.00476991 0 0 0 0.000596239 0 0 0 0.000596239)
(0.00477127 0 0 0 0.000596409 0 0 0 0.000596409)
(0.00425045 0 0 0 0.000531307 0 0 0 0.000531307)
(0.00425151 0 0 0 0.000531439 0 0 0 0.000531439)
(0.00425331 0 0 0 0.000531664 0 0 0 0.000531664)
(0.00425565 0 0 0 0.000531956 0 0 0 0.000531956)
(0.00425791 0 0 0 0.000532239 0 0 0 0.000532239)
(0.00426013 0 0 0 0.000532517 0 0 0 0.000532517)
(0.00426231 0 0 0 0.00053279 0 0 0 0.00053279)
(0.00426447 0 0 0 0.000533059 0 0 0 0.000533059)
(0.00426662 0 0 0 0.000533327 0 0 0 0.000533327)
(0.00426875 0 0 0 0.000533594 0 0 0 0.000533594)
(0.00427087 0 0 0 0.000533859 0 0 0 0.000533859)
(0.00427299 0 0 0 0.000534124 0 0 0 0.000534124)
(0.0042751 0 0 0 0.000534388 0 0 0 0.000534388)
(0.00427721 0 0 0 0.000534652 0 0 0 0.000534652)
(0.00427933 0 0 0 0.000534916 0 0 0 0.000534916)
(0.00428144 0 0 0 0.00053518 0 0 0 0.00053518)
(0.00428355 0 0 0 0.000535444 0 0 0 0.000535444)
(0.00428566 0 0 0 0.000535708 0 0 0 0.000535708)
(0.00428777 0 0 0 0.000535972 0 0 0 0.000535972)
(0.00428988 0 0 0 0.000536236 0 0 0 0.000536236)
(0.004292 0 0 0 0.0005365 0 0 0 0.0005365)
(0.00429411 0 0 0 0.000536764 0 0 0 0.000536764)
(0.00429622 0 0 0 0.000537028 0 0 0 0.000537028)
(0.00429834 0 0 0 0.000537292 0 0 0 0.000537292)
(0.00430045 0 0 0 0.000537557 0 0 0 0.000537557)
(0.00430256 0 0 0 0.000537821 0 0 0 0.000537821)
(0.00430468 0 0 0 0.000538085 0 0 0 0.000538085)
(0.00430679 0 0 0 0.000538349 0 0 0 0.000538349)
(0.0043089 0 0 0 0.000538613 0 0 0 0.000538613)
(0.00431102 0 0 0 0.000538877 0 0 0 0.000538877)
(0.00431313 0 0 0 0.000539141 0 0 0 0.000539141)
(0.00431524 0 0 0 0.000539405 0 0 0 0.000539405)
(0.00431735 0 0 0 0.000539669 0 0 0 0.000539669)
(0.00431946 0 0 0 0.000539932 0 0 0 0.000539932)
(0.00432156 0 0 0 0.000540195 0 0 0 0.000540195)
(0.00432367 0 0 0 0.000540459 0 0 0 0.000540459)
(0.00432577 0 0 0 0.000540721 0 0 0 0.000540721)
(0.00432787 0 0 0 0.000540984 0 0 0 0.000540984)
(0.00432997 0 0 0 0.000541246 0 0 0 0.000541246)
(0.00433207 0 0 0 0.000541508 0 0 0 0.000541508)
(0.00433416 0 0 0 0.00054177 0 0 0 0.00054177)
(0.00433625 0 0 0 0.000542032 0 0 0 0.000542032)
(0.00433834 0 0 0 0.000542293 0 0 0 0.000542293)
(0.00434043 0 0 0 0.000542553 0 0 0 0.000542553)
(0.00434251 0 0 0 0.000542814 0 0 0 0.000542814)
(0.00434459 0 0 0 0.000543073 0 0 0 0.000543073)
(0.00434666 0 0 0 0.000543333 0 0 0 0.000543333)
(0.00434873 0 0 0 0.000543592 0 0 0 0.000543592)
(0.0043508 0 0 0 0.00054385 0 0 0 0.00054385)
(0.00435286 0 0 0 0.000544108 0 0 0 0.000544108)
(0.00435492 0 0 0 0.000544365 0 0 0 0.000544365)
(0.00435697 0 0 0 0.000544622 0 0 0 0.000544622)
(0.00435902 0 0 0 0.000544878 0 0 0 0.000544878)
(0.00436106 0 0 0 0.000545133 0 0 0 0.000545133)
(0.0043631 0 0 0 0.000545388 0 0 0 0.000545388)
(0.00436513 0 0 0 0.000545642 0 0 0 0.000545642)
(0.00436716 0 0 0 0.000545895 0 0 0 0.000545895)
(0.00436918 0 0 0 0.000546148 0 0 0 0.000546148)
(0.0043712 0 0 0 0.0005464 0 0 0 0.0005464)
(0.00437321 0 0 0 0.000546651 0 0 0 0.000546651)
(0.00437521 0 0 0 0.000546901 0 0 0 0.000546901)
(0.0043772 0 0 0 0.000547151 0 0 0 0.000547151)
(0.00437919 0 0 0 0.000547399 0 0 0 0.000547399)
(0.00438118 0 0 0 0.000547647 0 0 0 0.000547647)
(0.00438315 0 0 0 0.000547894 0 0 0 0.000547894)
(0.00438512 0 0 0 0.00054814 0 0 0 0.00054814)
(0.00438708 0 0 0 0.000548385 0 0 0 0.000548385)
(0.00438903 0 0 0 0.000548629 0 0 0 0.000548629)
(0.00439097 0 0 0 0.000548872 0 0 0 0.000548872)
(0.00439291 0 0 0 0.000549114 0 0 0 0.000549114)
(0.00439484 0 0 0 0.000549355 0 0 0 0.000549355)
(0.00439676 0 0 0 0.000549595 0 0 0 0.000549595)
(0.00439867 0 0 0 0.000549834 0 0 0 0.000549834)
(0.00440057 0 0 0 0.000550072 0 0 0 0.000550072)
(0.00440247 0 0 0 0.000550309 0 0 0 0.000550309)
(0.00440435 0 0 0 0.000550544 0 0 0 0.000550544)
(0.00440623 0 0 0 0.000550779 0 0 0 0.000550779)
(0.00440809 0 0 0 0.000551012 0 0 0 0.000551012)
(0.00440995 0 0 0 0.000551244 0 0 0 0.000551244)
(0.0044118 0 0 0 0.000551475 0 0 0 0.000551475)
(0.00441364 0 0 0 0.000551705 0 0 0 0.000551705)
(0.00441547 0 0 0 0.000551934 0 0 0 0.000551934)
(0.00441729 0 0 0 0.000552161 0 0 0 0.000552161)
(0.00441909 0 0 0 0.000552387 0 0 0 0.000552387)
(0.00442089 0 0 0 0.000552612 0 0 0 0.000552612)
(0.00442268 0 0 0 0.000552835 0 0 0 0.000552835)
(0.00442446 0 0 0 0.000553058 0 0 0 0.000553058)
(0.00442623 0 0 0 0.000553279 0 0 0 0.000553279)
(0.00442799 0 0 0 0.000553498 0 0 0 0.000553498)
(0.00442973 0 0 0 0.000553717 0 0 0 0.000553717)
(0.00443147 0 0 0 0.000553934 0 0 0 0.000553934)
(0.0044332 0 0 0 0.00055415 0 0 0 0.00055415)
(0.00443491 0 0 0 0.000554365 0 0 0 0.000554365)
(0.00443662 0 0 0 0.000554578 0 0 0 0.000554578)
(0.00443832 0 0 0 0.00055479 0 0 0 0.00055479)
(0.00444 0 0 0 0.000555 0 0 0 0.000555)
(0.00444168 0 0 0 0.00055521 0 0 0 0.00055521)
(0.00444334 0 0 0 0.000555418 0 0 0 0.000555418)
(0.004445 0 0 0 0.000555625 0 0 0 0.000555625)
(0.00444664 0 0 0 0.00055583 0 0 0 0.00055583)
(0.00444827 0 0 0 0.000556034 0 0 0 0.000556034)
(0.0044499 0 0 0 0.000556237 0 0 0 0.000556237)
(0.00445151 0 0 0 0.000556439 0 0 0 0.000556439)
(0.00445311 0 0 0 0.000556639 0 0 0 0.000556639)
(0.00445471 0 0 0 0.000556839 0 0 0 0.000556839)
(0.00445629 0 0 0 0.000557037 0 0 0 0.000557037)
(0.00445787 0 0 0 0.000557234 0 0 0 0.000557234)
(0.00445943 0 0 0 0.000557429 0 0 0 0.000557429)
(0.00446099 0 0 0 0.000557624 0 0 0 0.000557624)
(0.00446254 0 0 0 0.000557818 0 0 0 0.000557818)
(0.00446408 0 0 0 0.00055801 0 0 0 0.00055801)
(0.00446561 0 0 0 0.000558201 0 0 0 0.000558201)
(0.00446713 0 0 0 0.000558392 0 0 0 0.000558392)
(0.00446865 0 0 0 0.000558581 0 0 0 0.000558581)
(0.00447016 0 0 0 0.00055877 0 0 0 0.00055877)
(0.00447166 0 0 0 0.000558957 0 0 0 0.000558957)
(0.00447315 0 0 0 0.000559144 0 0 0 0.000559144)
(0.00447464 0 0 0 0.00055933 0 0 0 0.00055933)
(0.00447612 0 0 0 0.000559515 0 0 0 0.000559515)
(0.0044776 0 0 0 0.0005597 0 0 0 0.0005597)
(0.00447907 0 0 0 0.000559884 0 0 0 0.000559884)
(0.00448054 0 0 0 0.000560067 0 0 0 0.000560067)
(0.004482 0 0 0 0.00056025 0 0 0 0.00056025)
(0.00448346 0 0 0 0.000560432 0 0 0 0.000560432)
(0.00448491 0 0 0 0.000560614 0 0 0 0.000560614)
(0.00448637 0 0 0 0.000560796 0 0 0 0.000560796)
(0.00448782 0 0 0 0.000560977 0 0 0 0.000560977)
(0.00448927 0 0 0 0.000561158 0 0 0 0.000561158)
(0.00449072 0 0 0 0.00056134 0 0 0 0.00056134)
(0.00449217 0 0 0 0.000561521 0 0 0 0.000561521)
(0.00449362 0 0 0 0.000561702 0 0 0 0.000561702)
(0.00449507 0 0 0 0.000561883 0 0 0 0.000561883)
(0.00449652 0 0 0 0.000562065 0 0 0 0.000562065)
(0.00449798 0 0 0 0.000562247 0 0 0 0.000562247)
(0.00449944 0 0 0 0.00056243 0 0 0 0.00056243)
(0.0045009 0 0 0 0.000562613 0 0 0 0.000562613)
(0.00450236 0 0 0 0.000562795 0 0 0 0.000562795)
(0.0045038 0 0 0 0.000562975 0 0 0 0.000562975)
(0.00450524 0 0 0 0.000563155 0 0 0 0.000563155)
(0.00450668 0 0 0 0.000563335 0 0 0 0.000563335)
(0.0045081 0 0 0 0.000563513 0 0 0 0.000563513)
(0.00450953 0 0 0 0.000563691 0 0 0 0.000563691)
(0.00451094 0 0 0 0.000563868 0 0 0 0.000563868)
(0.00451236 0 0 0 0.000564045 0 0 0 0.000564045)
(0.00451377 0 0 0 0.000564222 0 0 0 0.000564222)
(0.00451518 0 0 0 0.000564398 0 0 0 0.000564398)
(0.00451659 0 0 0 0.000564574 0 0 0 0.000564574)
(0.004518 0 0 0 0.00056475 0 0 0 0.00056475)
(0.00451941 0 0 0 0.000564927 0 0 0 0.000564927)
(0.00452082 0 0 0 0.000565103 0 0 0 0.000565103)
(0.00452224 0 0 0 0.00056528 0 0 0 0.00056528)
(0.00452365 0 0 0 0.000565457 0 0 0 0.000565457)
(0.00452507 0 0 0 0.000565634 0 0 0 0.000565634)
(0.00452649 0 0 0 0.000565812 0 0 0 0.000565812)
(0.00452792 0 0 0 0.00056599 0 0 0 0.00056599)
(0.00452935 0 0 0 0.000566169 0 0 0 0.000566169)
(0.00453079 0 0 0 0.000566349 0 0 0 0.000566349)
(0.00453223 0 0 0 0.000566529 0 0 0 0.000566529)
(0.00453368 0 0 0 0.000566711 0 0 0 0.000566711)
(0.00453514 0 0 0 0.000566893 0 0 0 0.000566893)
(0.0045366 0 0 0 0.000567076 0 0 0 0.000567076)
(0.00453808 0 0 0 0.00056726 0 0 0 0.00056726)
(0.00453956 0 0 0 0.000567445 0 0 0 0.000567445)
(0.00454105 0 0 0 0.000567631 0 0 0 0.000567631)
(0.00454255 0 0 0 0.000567818 0 0 0 0.000567818)
(0.00454405 0 0 0 0.000568007 0 0 0 0.000568007)
(0.00454557 0 0 0 0.000568197 0 0 0 0.000568197)
(0.0045471 0 0 0 0.000568388 0 0 0 0.000568388)
(0.00454864 0 0 0 0.00056858 0 0 0 0.00056858)
(0.00455019 0 0 0 0.000568774 0 0 0 0.000568774)
(0.00455175 0 0 0 0.000568969 0 0 0 0.000568969)
(0.00455333 0 0 0 0.000569166 0 0 0 0.000569166)
(0.00455491 0 0 0 0.000569364 0 0 0 0.000569364)
(0.00455651 0 0 0 0.000569564 0 0 0 0.000569564)
(0.00455812 0 0 0 0.000569765 0 0 0 0.000569765)
(0.00455974 0 0 0 0.000569968 0 0 0 0.000569968)
(0.00456138 0 0 0 0.000570173 0 0 0 0.000570173)
(0.00456303 0 0 0 0.000570379 0 0 0 0.000570379)
(0.00456469 0 0 0 0.000570587 0 0 0 0.000570587)
(0.00456637 0 0 0 0.000570796 0 0 0 0.000570796)
(0.00456806 0 0 0 0.000571007 0 0 0 0.000571007)
(0.00456976 0 0 0 0.00057122 0 0 0 0.00057122)
(0.00457148 0 0 0 0.000571435 0 0 0 0.000571435)
(0.00457321 0 0 0 0.000571651 0 0 0 0.000571651)
(0.00457495 0 0 0 0.000571869 0 0 0 0.000571869)
(0.00457671 0 0 0 0.000572089 0 0 0 0.000572089)
(0.00457849 0 0 0 0.000572311 0 0 0 0.000572311)
(0.00458028 0 0 0 0.000572535 0 0 0 0.000572535)
(0.00458208 0 0 0 0.00057276 0 0 0 0.00057276)
(0.0045839 0 0 0 0.000572988 0 0 0 0.000572988)
(0.00458573 0 0 0 0.000573217 0 0 0 0.000573217)
(0.00458758 0 0 0 0.000573448 0 0 0 0.000573448)
(0.00458945 0 0 0 0.000573681 0 0 0 0.000573681)
(0.00459132 0 0 0 0.000573916 0 0 0 0.000573916)
(0.00459322 0 0 0 0.000574152 0 0 0 0.000574152)
(0.00459513 0 0 0 0.000574391 0 0 0 0.000574391)
(0.00459705 0 0 0 0.000574631 0 0 0 0.000574631)
(0.00459899 0 0 0 0.000574874 0 0 0 0.000574874)
(0.00460094 0 0 0 0.000575118 0 0 0 0.000575118)
(0.00460291 0 0 0 0.000575364 0 0 0 0.000575364)
(0.00460489 0 0 0 0.000575612 0 0 0 0.000575612)
(0.00460689 0 0 0 0.000575861 0 0 0 0.000575861)
(0.0046089 0 0 0 0.000576113 0 0 0 0.000576113)
(0.00461093 0 0 0 0.000576366 0 0 0 0.000576366)
(0.00461297 0 0 0 0.000576622 0 0 0 0.000576622)
(0.00461503 0 0 0 0.000576879 0 0 0 0.000576879)
(0.0046171 0 0 0 0.000577138 0 0 0 0.000577138)
(0.00461919 0 0 0 0.000577399 0 0 0 0.000577399)
(0.00462129 0 0 0 0.000577661 0 0 0 0.000577661)
(0.00462341 0 0 0 0.000577926 0 0 0 0.000577926)
(0.00462554 0 0 0 0.000578192 0 0 0 0.000578192)
(0.00462768 0 0 0 0.00057846 0 0 0 0.00057846)
(0.00462984 0 0 0 0.00057873 0 0 0 0.00057873)
(0.00463201 0 0 0 0.000579001 0 0 0 0.000579001)
(0.0046342 0 0 0 0.000579275 0 0 0 0.000579275)
(0.0046364 0 0 0 0.00057955 0 0 0 0.00057955)
(0.00463861 0 0 0 0.000579826 0 0 0 0.000579826)
(0.00464084 0 0 0 0.000580105 0 0 0 0.000580105)
(0.00464308 0 0 0 0.000580385 0 0 0 0.000580385)
(0.00464533 0 0 0 0.000580667 0 0 0 0.000580667)
(0.0046476 0 0 0 0.00058095 0 0 0 0.00058095)
(0.00464988 0 0 0 0.000581235 0 0 0 0.000581235)
(0.00465218 0 0 0 0.000581522 0 0 0 0.000581522)
(0.00465448 0 0 0 0.00058181 0 0 0 0.00058181)
(0.0046568 0 0 0 0.0005821 0 0 0 0.0005821)
(0.00465913 0 0 0 0.000582392 0 0 0 0.000582392)
(0.00466148 0 0 0 0.000582685 0 0 0 0.000582685)
(0.00466383 0 0 0 0.000582979 0 0 0 0.000582979)
(0.0046662 0 0 0 0.000583275 0 0 0 0.000583275)
(0.00466858 0 0 0 0.000583573 0 0 0 0.000583573)
(0.00467097 0 0 0 0.000583872 0 0 0 0.000583872)
(0.00467338 0 0 0 0.000584172 0 0 0 0.000584172)
(0.00467579 0 0 0 0.000584474 0 0 0 0.000584474)
(0.00467822 0 0 0 0.000584778 0 0 0 0.000584778)
(0.00468066 0 0 0 0.000585082 0 0 0 0.000585082)
(0.00468311 0 0 0 0.000585389 0 0 0 0.000585389)
(0.00468557 0 0 0 0.000585696 0 0 0 0.000585696)
(0.00468804 0 0 0 0.000586005 0 0 0 0.000586005)
(0.00469052 0 0 0 0.000586315 0 0 0 0.000586315)
(0.00469301 0 0 0 0.000586627 0 0 0 0.000586627)
(0.00469552 0 0 0 0.00058694 0 0 0 0.00058694)
(0.00469803 0 0 0 0.000587254 0 0 0 0.000587254)
(0.00470056 0 0 0 0.00058757 0 0 0 0.00058757)
(0.00470309 0 0 0 0.000587887 0 0 0 0.000587887)
(0.00470564 0 0 0 0.000588205 0 0 0 0.000588205)
(0.0047082 0 0 0 0.000588525 0 0 0 0.000588525)
(0.00471076 0 0 0 0.000588845 0 0 0 0.000588845)
(0.00471334 0 0 0 0.000589168 0 0 0 0.000589168)
(0.00471593 0 0 0 0.000589491 0 0 0 0.000589491)
(0.00471853 0 0 0 0.000589816 0 0 0 0.000589816)
(0.00472114 0 0 0 0.000590142 0 0 0 0.000590142)
(0.00472376 0 0 0 0.00059047 0 0 0 0.00059047)
(0.00472639 0 0 0 0.000590799 0 0 0 0.000590799)
(0.00472904 0 0 0 0.00059113 0 0 0 0.00059113)
(0.00473169 0 0 0 0.000591462 0 0 0 0.000591462)
(0.00473436 0 0 0 0.000591795 0 0 0 0.000591795)
(0.00473704 0 0 0 0.000592131 0 0 0 0.000592131)
(0.00473974 0 0 0 0.000592467 0 0 0 0.000592467)
(0.00474245 0 0 0 0.000592806 0 0 0 0.000592806)
(0.00474517 0 0 0 0.000593147 0 0 0 0.000593147)
(0.00474791 0 0 0 0.000593489 0 0 0 0.000593489)
(0.00475067 0 0 0 0.000593833 0 0 0 0.000593833)
(0.00475344 0 0 0 0.00059418 0 0 0 0.00059418)
(0.00475624 0 0 0 0.00059453 0 0 0 0.00059453)
(0.00475905 0 0 0 0.000594882 0 0 0 0.000594882)
(0.0047619 0 0 0 0.000595237 0 0 0 0.000595237)
(0.00476477 0 0 0 0.000595597 0 0 0 0.000595597)
(0.00476769 0 0 0 0.000595961 0 0 0 0.000595961)
(0.0047699 0 0 0 0.000596237 0 0 0 0.000596237)
(0.00477126 0 0 0 0.000596408 0 0 0 0.000596408)
(0.00425059 0 0 0 0.000531324 0 0 0 0.000531324)
(0.00425163 0 0 0 0.000531454 0 0 0 0.000531454)
(0.0042534 0 0 0 0.000531675 0 0 0 0.000531675)
(0.00425571 0 0 0 0.000531964 0 0 0 0.000531964)
(0.00425796 0 0 0 0.000532245 0 0 0 0.000532245)
(0.00426016 0 0 0 0.00053252 0 0 0 0.00053252)
(0.00426233 0 0 0 0.000532792 0 0 0 0.000532792)
(0.00426449 0 0 0 0.000533061 0 0 0 0.000533061)
(0.00426662 0 0 0 0.000533328 0 0 0 0.000533328)
(0.00426875 0 0 0 0.000533594 0 0 0 0.000533594)
(0.00427087 0 0 0 0.000533859 0 0 0 0.000533859)
(0.00427299 0 0 0 0.000534124 0 0 0 0.000534124)
(0.0042751 0 0 0 0.000534388 0 0 0 0.000534388)
(0.00427721 0 0 0 0.000534652 0 0 0 0.000534652)
(0.00427932 0 0 0 0.000534916 0 0 0 0.000534916)
(0.00428143 0 0 0 0.000535179 0 0 0 0.000535179)
(0.00428355 0 0 0 0.000535443 0 0 0 0.000535443)
(0.00428566 0 0 0 0.000535707 0 0 0 0.000535707)
(0.00428777 0 0 0 0.000535971 0 0 0 0.000535971)
(0.00428988 0 0 0 0.000536235 0 0 0 0.000536235)
(0.00429199 0 0 0 0.000536499 0 0 0 0.000536499)
(0.00429411 0 0 0 0.000536763 0 0 0 0.000536763)
(0.00429622 0 0 0 0.000537028 0 0 0 0.000537028)
(0.00429833 0 0 0 0.000537292 0 0 0 0.000537292)
(0.00430045 0 0 0 0.000537556 0 0 0 0.000537556)
(0.00430256 0 0 0 0.00053782 0 0 0 0.00053782)
(0.00430467 0 0 0 0.000538084 0 0 0 0.000538084)
(0.00430679 0 0 0 0.000538349 0 0 0 0.000538349)
(0.0043089 0 0 0 0.000538613 0 0 0 0.000538613)
(0.00431101 0 0 0 0.000538877 0 0 0 0.000538877)
(0.00431312 0 0 0 0.000539141 0 0 0 0.000539141)
(0.00431523 0 0 0 0.000539404 0 0 0 0.000539404)
(0.00431734 0 0 0 0.000539668 0 0 0 0.000539668)
(0.00431945 0 0 0 0.000539932 0 0 0 0.000539932)
(0.00432156 0 0 0 0.000540195 0 0 0 0.000540195)
(0.00432366 0 0 0 0.000540458 0 0 0 0.000540458)
(0.00432577 0 0 0 0.000540721 0 0 0 0.000540721)
(0.00432787 0 0 0 0.000540984 0 0 0 0.000540984)
(0.00432997 0 0 0 0.000541246 0 0 0 0.000541246)
(0.00433206 0 0 0 0.000541508 0 0 0 0.000541508)
(0.00433416 0 0 0 0.00054177 0 0 0 0.00054177)
(0.00433625 0 0 0 0.000542031 0 0 0 0.000542031)
(0.00433834 0 0 0 0.000542292 0 0 0 0.000542292)
(0.00434042 0 0 0 0.000542553 0 0 0 0.000542553)
(0.0043425 0 0 0 0.000542813 0 0 0 0.000542813)
(0.00434458 0 0 0 0.000543073 0 0 0 0.000543073)
(0.00434666 0 0 0 0.000543332 0 0 0 0.000543332)
(0.00434873 0 0 0 0.000543591 0 0 0 0.000543591)
(0.00435079 0 0 0 0.000543849 0 0 0 0.000543849)
(0.00435286 0 0 0 0.000544107 0 0 0 0.000544107)
(0.00435491 0 0 0 0.000544364 0 0 0 0.000544364)
(0.00435697 0 0 0 0.000544621 0 0 0 0.000544621)
(0.00435902 0 0 0 0.000544877 0 0 0 0.000544877)
(0.00436106 0 0 0 0.000545133 0 0 0 0.000545133)
(0.0043631 0 0 0 0.000545387 0 0 0 0.000545387)
(0.00436513 0 0 0 0.000545641 0 0 0 0.000545641)
(0.00436716 0 0 0 0.000545895 0 0 0 0.000545895)
(0.00436918 0 0 0 0.000546147 0 0 0 0.000546147)
(0.00437119 0 0 0 0.000546399 0 0 0 0.000546399)
(0.0043732 0 0 0 0.00054665 0 0 0 0.00054665)
(0.00437521 0 0 0 0.000546901 0 0 0 0.000546901)
(0.0043772 0 0 0 0.00054715 0 0 0 0.00054715)
(0.00437919 0 0 0 0.000547399 0 0 0 0.000547399)
(0.00438117 0 0 0 0.000547647 0 0 0 0.000547647)
(0.00438315 0 0 0 0.000547894 0 0 0 0.000547894)
(0.00438511 0 0 0 0.000548139 0 0 0 0.000548139)
(0.00438707 0 0 0 0.000548384 0 0 0 0.000548384)
(0.00438903 0 0 0 0.000548629 0 0 0 0.000548629)
(0.00439097 0 0 0 0.000548872 0 0 0 0.000548872)
(0.00439291 0 0 0 0.000549114 0 0 0 0.000549114)
(0.00439484 0 0 0 0.000549355 0 0 0 0.000549355)
(0.00439676 0 0 0 0.000549595 0 0 0 0.000549595)
(0.00439867 0 0 0 0.000549834 0 0 0 0.000549834)
(0.00440057 0 0 0 0.000550072 0 0 0 0.000550072)
(0.00440246 0 0 0 0.000550308 0 0 0 0.000550308)
(0.00440435 0 0 0 0.000550544 0 0 0 0.000550544)
(0.00440623 0 0 0 0.000550778 0 0 0 0.000550778)
(0.00440809 0 0 0 0.000551012 0 0 0 0.000551012)
(0.00440995 0 0 0 0.000551244 0 0 0 0.000551244)
(0.0044118 0 0 0 0.000551475 0 0 0 0.000551475)
(0.00441364 0 0 0 0.000551705 0 0 0 0.000551705)
(0.00441546 0 0 0 0.000551933 0 0 0 0.000551933)
(0.00441728 0 0 0 0.000552161 0 0 0 0.000552161)
(0.00441909 0 0 0 0.000552387 0 0 0 0.000552387)
(0.00442089 0 0 0 0.000552611 0 0 0 0.000552611)
(0.00442268 0 0 0 0.000552835 0 0 0 0.000552835)
(0.00442446 0 0 0 0.000553057 0 0 0 0.000553057)
(0.00442623 0 0 0 0.000553278 0 0 0 0.000553278)
(0.00442798 0 0 0 0.000553498 0 0 0 0.000553498)
(0.00442973 0 0 0 0.000553717 0 0 0 0.000553717)
(0.00443147 0 0 0 0.000553934 0 0 0 0.000553934)
(0.0044332 0 0 0 0.00055415 0 0 0 0.00055415)
(0.00443491 0 0 0 0.000554364 0 0 0 0.000554364)
(0.00443662 0 0 0 0.000554578 0 0 0 0.000554578)
(0.00443831 0 0 0 0.000554789 0 0 0 0.000554789)
(0.00444 0 0 0 0.000555 0 0 0 0.000555)
(0.00444167 0 0 0 0.000555209 0 0 0 0.000555209)
(0.00444334 0 0 0 0.000555418 0 0 0 0.000555418)
(0.00444499 0 0 0 0.000555624 0 0 0 0.000555624)
(0.00444664 0 0 0 0.00055583 0 0 0 0.00055583)
(0.00444827 0 0 0 0.000556034 0 0 0 0.000556034)
(0.00444989 0 0 0 0.000556237 0 0 0 0.000556237)
(0.00445151 0 0 0 0.000556439 0 0 0 0.000556439)
(0.00445311 0 0 0 0.000556639 0 0 0 0.000556639)
(0.00445471 0 0 0 0.000556838 0 0 0 0.000556838)
(0.00445629 0 0 0 0.000557037 0 0 0 0.000557037)
(0.00445787 0 0 0 0.000557233 0 0 0 0.000557233)
(0.00445943 0 0 0 0.000557429 0 0 0 0.000557429)
(0.00446099 0 0 0 0.000557624 0 0 0 0.000557624)
(0.00446254 0 0 0 0.000557817 0 0 0 0.000557817)
(0.00446408 0 0 0 0.00055801 0 0 0 0.00055801)
(0.00446561 0 0 0 0.000558201 0 0 0 0.000558201)
(0.00446713 0 0 0 0.000558392 0 0 0 0.000558392)
(0.00446865 0 0 0 0.000558581 0 0 0 0.000558581)
(0.00447016 0 0 0 0.00055877 0 0 0 0.00055877)
(0.00447166 0 0 0 0.000558957 0 0 0 0.000558957)
(0.00447315 0 0 0 0.000559144 0 0 0 0.000559144)
(0.00447464 0 0 0 0.00055933 0 0 0 0.00055933)
(0.00447612 0 0 0 0.000559515 0 0 0 0.000559515)
(0.0044776 0 0 0 0.0005597 0 0 0 0.0005597)
(0.00447907 0 0 0 0.000559884 0 0 0 0.000559884)
(0.00448053 0 0 0 0.000560067 0 0 0 0.000560067)
(0.004482 0 0 0 0.00056025 0 0 0 0.00056025)
(0.00448346 0 0 0 0.000560432 0 0 0 0.000560432)
(0.00448491 0 0 0 0.000560614 0 0 0 0.000560614)
(0.00448636 0 0 0 0.000560796 0 0 0 0.000560796)
(0.00448782 0 0 0 0.000560977 0 0 0 0.000560977)
(0.00448927 0 0 0 0.000561158 0 0 0 0.000561158)
(0.00449071 0 0 0 0.000561339 0 0 0 0.000561339)
(0.00449216 0 0 0 0.000561521 0 0 0 0.000561521)
(0.00449361 0 0 0 0.000561702 0 0 0 0.000561702)
(0.00449507 0 0 0 0.000561883 0 0 0 0.000561883)
(0.00449652 0 0 0 0.000562065 0 0 0 0.000562065)
(0.00449798 0 0 0 0.000562247 0 0 0 0.000562247)
(0.00449944 0 0 0 0.00056243 0 0 0 0.00056243)
(0.0045009 0 0 0 0.000562612 0 0 0 0.000562612)
(0.00450235 0 0 0 0.000562794 0 0 0 0.000562794)
(0.0045038 0 0 0 0.000562975 0 0 0 0.000562975)
(0.00450524 0 0 0 0.000563155 0 0 0 0.000563155)
(0.00450667 0 0 0 0.000563334 0 0 0 0.000563334)
(0.0045081 0 0 0 0.000563513 0 0 0 0.000563513)
(0.00450952 0 0 0 0.000563691 0 0 0 0.000563691)
(0.00451094 0 0 0 0.000563868 0 0 0 0.000563868)
(0.00451236 0 0 0 0.000564045 0 0 0 0.000564045)
(0.00451377 0 0 0 0.000564221 0 0 0 0.000564221)
(0.00451518 0 0 0 0.000564398 0 0 0 0.000564398)
(0.00451659 0 0 0 0.000564574 0 0 0 0.000564574)
(0.004518 0 0 0 0.00056475 0 0 0 0.00056475)
(0.00451941 0 0 0 0.000564926 0 0 0 0.000564926)
(0.00452082 0 0 0 0.000565103 0 0 0 0.000565103)
(0.00452224 0 0 0 0.00056528 0 0 0 0.00056528)
(0.00452365 0 0 0 0.000565457 0 0 0 0.000565457)
(0.00452507 0 0 0 0.000565634 0 0 0 0.000565634)
(0.00452649 0 0 0 0.000565812 0 0 0 0.000565812)
(0.00452792 0 0 0 0.00056599 0 0 0 0.00056599)
(0.00452935 0 0 0 0.000566169 0 0 0 0.000566169)
(0.00453079 0 0 0 0.000566349 0 0 0 0.000566349)
(0.00453223 0 0 0 0.000566529 0 0 0 0.000566529)
(0.00453368 0 0 0 0.00056671 0 0 0 0.00056671)
(0.00453514 0 0 0 0.000566893 0 0 0 0.000566893)
(0.0045366 0 0 0 0.000567076 0 0 0 0.000567076)
(0.00453808 0 0 0 0.00056726 0 0 0 0.00056726)
(0.00453956 0 0 0 0.000567445 0 0 0 0.000567445)
(0.00454105 0 0 0 0.000567631 0 0 0 0.000567631)
(0.00454254 0 0 0 0.000567818 0 0 0 0.000567818)
(0.00454405 0 0 0 0.000568007 0 0 0 0.000568007)
(0.00454557 0 0 0 0.000568197 0 0 0 0.000568197)
(0.0045471 0 0 0 0.000568388 0 0 0 0.000568388)
(0.00454864 0 0 0 0.00056858 0 0 0 0.00056858)
(0.00455019 0 0 0 0.000568774 0 0 0 0.000568774)
(0.00455175 0 0 0 0.000568969 0 0 0 0.000568969)
(0.00455333 0 0 0 0.000569166 0 0 0 0.000569166)
(0.00455491 0 0 0 0.000569364 0 0 0 0.000569364)
(0.00455651 0 0 0 0.000569564 0 0 0 0.000569564)
(0.00455812 0 0 0 0.000569765 0 0 0 0.000569765)
(0.00455974 0 0 0 0.000569968 0 0 0 0.000569968)
(0.00456138 0 0 0 0.000570172 0 0 0 0.000570172)
(0.00456303 0 0 0 0.000570378 0 0 0 0.000570378)
(0.00456469 0 0 0 0.000570586 0 0 0 0.000570586)
(0.00456636 0 0 0 0.000570796 0 0 0 0.000570796)
(0.00456805 0 0 0 0.000571007 0 0 0 0.000571007)
(0.00456976 0 0 0 0.00057122 0 0 0 0.00057122)
(0.00457147 0 0 0 0.000571434 0 0 0 0.000571434)
(0.00457321 0 0 0 0.000571651 0 0 0 0.000571651)
(0.00457495 0 0 0 0.000571869 0 0 0 0.000571869)
(0.00457671 0 0 0 0.000572089 0 0 0 0.000572089)
(0.00457849 0 0 0 0.000572311 0 0 0 0.000572311)
(0.00458028 0 0 0 0.000572535 0 0 0 0.000572535)
(0.00458208 0 0 0 0.00057276 0 0 0 0.00057276)
(0.0045839 0 0 0 0.000572987 0 0 0 0.000572987)
(0.00458573 0 0 0 0.000573217 0 0 0 0.000573217)
(0.00458758 0 0 0 0.000573448 0 0 0 0.000573448)
(0.00458944 0 0 0 0.000573681 0 0 0 0.000573681)
(0.00459132 0 0 0 0.000573915 0 0 0 0.000573915)
(0.00459321 0 0 0 0.000574152 0 0 0 0.000574152)
(0.00459512 0 0 0 0.000574391 0 0 0 0.000574391)
(0.00459705 0 0 0 0.000574631 0 0 0 0.000574631)
(0.00459898 0 0 0 0.000574873 0 0 0 0.000574873)
(0.00460094 0 0 0 0.000575117 0 0 0 0.000575117)
(0.00460291 0 0 0 0.000575363 0 0 0 0.000575363)
(0.00460489 0 0 0 0.000575611 0 0 0 0.000575611)
(0.00460689 0 0 0 0.000575861 0 0 0 0.000575861)
(0.0046089 0 0 0 0.000576113 0 0 0 0.000576113)
(0.00461093 0 0 0 0.000576366 0 0 0 0.000576366)
(0.00461297 0 0 0 0.000576621 0 0 0 0.000576621)
(0.00461503 0 0 0 0.000576879 0 0 0 0.000576879)
(0.0046171 0 0 0 0.000577138 0 0 0 0.000577138)
(0.00461919 0 0 0 0.000577398 0 0 0 0.000577398)
(0.00462129 0 0 0 0.000577661 0 0 0 0.000577661)
(0.0046234 0 0 0 0.000577925 0 0 0 0.000577925)
(0.00462553 0 0 0 0.000578192 0 0 0 0.000578192)
(0.00462768 0 0 0 0.00057846 0 0 0 0.00057846)
(0.00462983 0 0 0 0.000578729 0 0 0 0.000578729)
(0.00463201 0 0 0 0.000579001 0 0 0 0.000579001)
(0.00463419 0 0 0 0.000579274 0 0 0 0.000579274)
(0.00463639 0 0 0 0.000579549 0 0 0 0.000579549)
(0.00463861 0 0 0 0.000579826 0 0 0 0.000579826)
(0.00464083 0 0 0 0.000580104 0 0 0 0.000580104)
(0.00464308 0 0 0 0.000580385 0 0 0 0.000580385)
(0.00464533 0 0 0 0.000580666 0 0 0 0.000580666)
(0.0046476 0 0 0 0.00058095 0 0 0 0.00058095)
(0.00464988 0 0 0 0.000581235 0 0 0 0.000581235)
(0.00465217 0 0 0 0.000581522 0 0 0 0.000581522)
(0.00465448 0 0 0 0.00058181 0 0 0 0.00058181)
(0.0046568 0 0 0 0.0005821 0 0 0 0.0005821)
(0.00465913 0 0 0 0.000582391 0 0 0 0.000582391)
(0.00466147 0 0 0 0.000582684 0 0 0 0.000582684)
(0.00466383 0 0 0 0.000582979 0 0 0 0.000582979)
(0.0046662 0 0 0 0.000583275 0 0 0 0.000583275)
(0.00466858 0 0 0 0.000583572 0 0 0 0.000583572)
(0.00467097 0 0 0 0.000583871 0 0 0 0.000583871)
(0.00467337 0 0 0 0.000584172 0 0 0 0.000584172)
(0.00467579 0 0 0 0.000584474 0 0 0 0.000584474)
(0.00467822 0 0 0 0.000584777 0 0 0 0.000584777)
(0.00468065 0 0 0 0.000585082 0 0 0 0.000585082)
(0.0046831 0 0 0 0.000585388 0 0 0 0.000585388)
(0.00468556 0 0 0 0.000585696 0 0 0 0.000585696)
(0.00468804 0 0 0 0.000586005 0 0 0 0.000586005)
(0.00469052 0 0 0 0.000586315 0 0 0 0.000586315)
(0.00469301 0 0 0 0.000586626 0 0 0 0.000586626)
(0.00469551 0 0 0 0.000586939 0 0 0 0.000586939)
(0.00469803 0 0 0 0.000587254 0 0 0 0.000587254)
(0.00470055 0 0 0 0.000587569 0 0 0 0.000587569)
(0.00470309 0 0 0 0.000587886 0 0 0 0.000587886)
(0.00470563 0 0 0 0.000588204 0 0 0 0.000588204)
(0.00470819 0 0 0 0.000588524 0 0 0 0.000588524)
(0.00471076 0 0 0 0.000588845 0 0 0 0.000588845)
(0.00471333 0 0 0 0.000589167 0 0 0 0.000589167)
(0.00471592 0 0 0 0.00058949 0 0 0 0.00058949)
(0.00471852 0 0 0 0.000589815 0 0 0 0.000589815)
(0.00472113 0 0 0 0.000590142 0 0 0 0.000590142)
(0.00472375 0 0 0 0.000590469 0 0 0 0.000590469)
(0.00472638 0 0 0 0.000590798 0 0 0 0.000590798)
(0.00472903 0 0 0 0.000591129 0 0 0 0.000591129)
(0.00473168 0 0 0 0.000591461 0 0 0 0.000591461)
(0.00473435 0 0 0 0.000591794 0 0 0 0.000591794)
(0.00473703 0 0 0 0.000592129 0 0 0 0.000592129)
(0.00473973 0 0 0 0.000592466 0 0 0 0.000592466)
(0.00474244 0 0 0 0.000592805 0 0 0 0.000592805)
(0.00474516 0 0 0 0.000593145 0 0 0 0.000593145)
(0.0047479 0 0 0 0.000593487 0 0 0 0.000593487)
(0.00475065 0 0 0 0.000593832 0 0 0 0.000593832)
(0.00475343 0 0 0 0.000594178 0 0 0 0.000594178)
(0.00475622 0 0 0 0.000594528 0 0 0 0.000594528)
(0.00475904 0 0 0 0.00059488 0 0 0 0.00059488)
(0.00476188 0 0 0 0.000595235 0 0 0 0.000595235)
(0.00476475 0 0 0 0.000595595 0 0 0 0.000595595)
(0.00476767 0 0 0 0.000595959 0 0 0 0.000595959)
(0.00476988 0 0 0 0.000596236 0 0 0 0.000596236)
(0.00477125 0 0 0 0.000596406 0 0 0 0.000596406)
(0.00425078 0 0 0 0.000531348 0 0 0 0.000531348)
(0.00425179 0 0 0 0.000531474 0 0 0 0.000531474)
(0.00425355 0 0 0 0.000531694 0 0 0 0.000531694)
(0.00425581 0 0 0 0.000531976 0 0 0 0.000531976)
(0.00425802 0 0 0 0.000532253 0 0 0 0.000532253)
(0.00426021 0 0 0 0.000532526 0 0 0 0.000532526)
(0.00426236 0 0 0 0.000532796 0 0 0 0.000532796)
(0.00426451 0 0 0 0.000533064 0 0 0 0.000533064)
(0.00426664 0 0 0 0.00053333 0 0 0 0.00053333)
(0.00426876 0 0 0 0.000533595 0 0 0 0.000533595)
(0.00427088 0 0 0 0.00053386 0 0 0 0.00053386)
(0.00427299 0 0 0 0.000534124 0 0 0 0.000534124)
(0.0042751 0 0 0 0.000534388 0 0 0 0.000534388)
(0.00427721 0 0 0 0.000534652 0 0 0 0.000534652)
(0.00427932 0 0 0 0.000534915 0 0 0 0.000534915)
(0.00428143 0 0 0 0.000535179 0 0 0 0.000535179)
(0.00428354 0 0 0 0.000535443 0 0 0 0.000535443)
(0.00428565 0 0 0 0.000535707 0 0 0 0.000535707)
(0.00428776 0 0 0 0.000535971 0 0 0 0.000535971)
(0.00428987 0 0 0 0.000536235 0 0 0 0.000536235)
(0.00429199 0 0 0 0.000536499 0 0 0 0.000536499)
(0.0042941 0 0 0 0.000536763 0 0 0 0.000536763)
(0.00429621 0 0 0 0.000537027 0 0 0 0.000537027)
(0.00429833 0 0 0 0.000537291 0 0 0 0.000537291)
(0.00430044 0 0 0 0.000537555 0 0 0 0.000537555)
(0.00430256 0 0 0 0.00053782 0 0 0 0.00053782)
(0.00430467 0 0 0 0.000538084 0 0 0 0.000538084)
(0.00430678 0 0 0 0.000538348 0 0 0 0.000538348)
(0.00430889 0 0 0 0.000538612 0 0 0 0.000538612)
(0.00431101 0 0 0 0.000538876 0 0 0 0.000538876)
(0.00431312 0 0 0 0.00053914 0 0 0 0.00053914)
(0.00431523 0 0 0 0.000539404 0 0 0 0.000539404)
(0.00431734 0 0 0 0.000539667 0 0 0 0.000539667)
(0.00431945 0 0 0 0.000539931 0 0 0 0.000539931)
(0.00432155 0 0 0 0.000540194 0 0 0 0.000540194)
(0.00432366 0 0 0 0.000540457 0 0 0 0.000540457)
(0.00432576 0 0 0 0.00054072 0 0 0 0.00054072)
(0.00432786 0 0 0 0.000540983 0 0 0 0.000540983)
(0.00432996 0 0 0 0.000541245 0 0 0 0.000541245)
(0.00433206 0 0 0 0.000541507 0 0 0 0.000541507)
(0.00433415 0 0 0 0.000541769 0 0 0 0.000541769)
(0.00433624 0 0 0 0.00054203 0 0 0 0.00054203)
(0.00433833 0 0 0 0.000542292 0 0 0 0.000542292)
(0.00434042 0 0 0 0.000542552 0 0 0 0.000542552)
(0.0043425 0 0 0 0.000542812 0 0 0 0.000542812)
(0.00434458 0 0 0 0.000543072 0 0 0 0.000543072)
(0.00434665 0 0 0 0.000543332 0 0 0 0.000543332)
(0.00434872 0 0 0 0.00054359 0 0 0 0.00054359)
(0.00435079 0 0 0 0.000543849 0 0 0 0.000543849)
(0.00435285 0 0 0 0.000544107 0 0 0 0.000544107)
(0.00435491 0 0 0 0.000544364 0 0 0 0.000544364)
(0.00435696 0 0 0 0.000544621 0 0 0 0.000544621)
(0.00435901 0 0 0 0.000544877 0 0 0 0.000544877)
(0.00436105 0 0 0 0.000545132 0 0 0 0.000545132)
(0.00436309 0 0 0 0.000545387 0 0 0 0.000545387)
(0.00436513 0 0 0 0.000545641 0 0 0 0.000545641)
(0.00436715 0 0 0 0.000545894 0 0 0 0.000545894)
(0.00436917 0 0 0 0.000546147 0 0 0 0.000546147)
(0.00437119 0 0 0 0.000546399 0 0 0 0.000546399)
(0.0043732 0 0 0 0.00054665 0 0 0 0.00054665)
(0.0043752 0 0 0 0.0005469 0 0 0 0.0005469)
(0.0043772 0 0 0 0.00054715 0 0 0 0.00054715)
(0.00437919 0 0 0 0.000547398 0 0 0 0.000547398)
(0.00438117 0 0 0 0.000547646 0 0 0 0.000547646)
(0.00438314 0 0 0 0.000547893 0 0 0 0.000547893)
(0.00438511 0 0 0 0.000548139 0 0 0 0.000548139)
(0.00438707 0 0 0 0.000548384 0 0 0 0.000548384)
(0.00438902 0 0 0 0.000548628 0 0 0 0.000548628)
(0.00439097 0 0 0 0.000548871 0 0 0 0.000548871)
(0.0043929 0 0 0 0.000549113 0 0 0 0.000549113)
(0.00439483 0 0 0 0.000549354 0 0 0 0.000549354)
(0.00439675 0 0 0 0.000549594 0 0 0 0.000549594)
(0.00439866 0 0 0 0.000549833 0 0 0 0.000549833)
(0.00440057 0 0 0 0.000550071 0 0 0 0.000550071)
(0.00440246 0 0 0 0.000550308 0 0 0 0.000550308)
(0.00440435 0 0 0 0.000550543 0 0 0 0.000550543)
(0.00440622 0 0 0 0.000550778 0 0 0 0.000550778)
(0.00440809 0 0 0 0.000551011 0 0 0 0.000551011)
(0.00440995 0 0 0 0.000551243 0 0 0 0.000551243)
(0.00441179 0 0 0 0.000551474 0 0 0 0.000551474)
(0.00441363 0 0 0 0.000551704 0 0 0 0.000551704)
(0.00441546 0 0 0 0.000551933 0 0 0 0.000551933)
(0.00441728 0 0 0 0.00055216 0 0 0 0.00055216)
(0.00441909 0 0 0 0.000552386 0 0 0 0.000552386)
(0.00442089 0 0 0 0.000552611 0 0 0 0.000552611)
(0.00442268 0 0 0 0.000552835 0 0 0 0.000552835)
(0.00442445 0 0 0 0.000553057 0 0 0 0.000553057)
(0.00442622 0 0 0 0.000553278 0 0 0 0.000553278)
(0.00442798 0 0 0 0.000553498 0 0 0 0.000553498)
(0.00442973 0 0 0 0.000553716 0 0 0 0.000553716)
(0.00443147 0 0 0 0.000553933 0 0 0 0.000553933)
(0.00443319 0 0 0 0.000554149 0 0 0 0.000554149)
(0.00443491 0 0 0 0.000554364 0 0 0 0.000554364)
(0.00443662 0 0 0 0.000554577 0 0 0 0.000554577)
(0.00443831 0 0 0 0.000554789 0 0 0 0.000554789)
(0.00444 0 0 0 0.000555 0 0 0 0.000555)
(0.00444167 0 0 0 0.000555209 0 0 0 0.000555209)
(0.00444334 0 0 0 0.000555417 0 0 0 0.000555417)
(0.00444499 0 0 0 0.000555624 0 0 0 0.000555624)
(0.00444663 0 0 0 0.000555829 0 0 0 0.000555829)
(0.00444827 0 0 0 0.000556034 0 0 0 0.000556034)
(0.00444989 0 0 0 0.000556237 0 0 0 0.000556237)
(0.00445151 0 0 0 0.000556438 0 0 0 0.000556438)
(0.00445311 0 0 0 0.000556639 0 0 0 0.000556639)
(0.0044547 0 0 0 0.000556838 0 0 0 0.000556838)
(0.00445629 0 0 0 0.000557036 0 0 0 0.000557036)
(0.00445786 0 0 0 0.000557233 0 0 0 0.000557233)
(0.00445943 0 0 0 0.000557429 0 0 0 0.000557429)
(0.00446099 0 0 0 0.000557623 0 0 0 0.000557623)
(0.00446254 0 0 0 0.000557817 0 0 0 0.000557817)
(0.00446407 0 0 0 0.000558009 0 0 0 0.000558009)
(0.00446561 0 0 0 0.000558201 0 0 0 0.000558201)
(0.00446713 0 0 0 0.000558391 0 0 0 0.000558391)
(0.00446864 0 0 0 0.000558581 0 0 0 0.000558581)
(0.00447015 0 0 0 0.000558769 0 0 0 0.000558769)
(0.00447165 0 0 0 0.000558957 0 0 0 0.000558957)
(0.00447315 0 0 0 0.000559144 0 0 0 0.000559144)
(0.00447464 0 0 0 0.00055933 0 0 0 0.00055933)
(0.00447612 0 0 0 0.000559515 0 0 0 0.000559515)
(0.00447759 0 0 0 0.000559699 0 0 0 0.000559699)
(0.00447907 0 0 0 0.000559883 0 0 0 0.000559883)
(0.00448053 0 0 0 0.000560067 0 0 0 0.000560067)
(0.00448199 0 0 0 0.000560249 0 0 0 0.000560249)
(0.00448345 0 0 0 0.000560432 0 0 0 0.000560432)
(0.00448491 0 0 0 0.000560614 0 0 0 0.000560614)
(0.00448636 0 0 0 0.000560795 0 0 0 0.000560795)
(0.00448781 0 0 0 0.000560977 0 0 0 0.000560977)
(0.00448926 0 0 0 0.000561158 0 0 0 0.000561158)
(0.00449071 0 0 0 0.000561339 0 0 0 0.000561339)
(0.00449216 0 0 0 0.00056152 0 0 0 0.00056152)
(0.00449361 0 0 0 0.000561702 0 0 0 0.000561702)
(0.00449506 0 0 0 0.000561883 0 0 0 0.000561883)
(0.00449652 0 0 0 0.000562065 0 0 0 0.000562065)
(0.00449797 0 0 0 0.000562247 0 0 0 0.000562247)
(0.00449943 0 0 0 0.000562429 0 0 0 0.000562429)
(0.0045009 0 0 0 0.000562612 0 0 0 0.000562612)
(0.00450235 0 0 0 0.000562794 0 0 0 0.000562794)
(0.0045038 0 0 0 0.000562975 0 0 0 0.000562975)
(0.00450524 0 0 0 0.000563155 0 0 0 0.000563155)
(0.00450667 0 0 0 0.000563334 0 0 0 0.000563334)
(0.0045081 0 0 0 0.000563513 0 0 0 0.000563513)
(0.00450952 0 0 0 0.00056369 0 0 0 0.00056369)
(0.00451094 0 0 0 0.000563868 0 0 0 0.000563868)
(0.00451236 0 0 0 0.000564045 0 0 0 0.000564045)
(0.00451377 0 0 0 0.000564221 0 0 0 0.000564221)
(0.00451518 0 0 0 0.000564397 0 0 0 0.000564397)
(0.00451659 0 0 0 0.000564574 0 0 0 0.000564574)
(0.004518 0 0 0 0.00056475 0 0 0 0.00056475)
(0.00451941 0 0 0 0.000564926 0 0 0 0.000564926)
(0.00452082 0 0 0 0.000565103 0 0 0 0.000565103)
(0.00452223 0 0 0 0.000565279 0 0 0 0.000565279)
(0.00452365 0 0 0 0.000565456 0 0 0 0.000565456)
(0.00452507 0 0 0 0.000565634 0 0 0 0.000565634)
(0.00452649 0 0 0 0.000565811 0 0 0 0.000565811)
(0.00452792 0 0 0 0.00056599 0 0 0 0.00056599)
(0.00452935 0 0 0 0.000566169 0 0 0 0.000566169)
(0.00453079 0 0 0 0.000566348 0 0 0 0.000566348)
(0.00453223 0 0 0 0.000566529 0 0 0 0.000566529)
(0.00453368 0 0 0 0.00056671 0 0 0 0.00056671)
(0.00453514 0 0 0 0.000566892 0 0 0 0.000566892)
(0.0045366 0 0 0 0.000567075 0 0 0 0.000567075)
(0.00453807 0 0 0 0.000567259 0 0 0 0.000567259)
(0.00453955 0 0 0 0.000567444 0 0 0 0.000567444)
(0.00454104 0 0 0 0.000567631 0 0 0 0.000567631)
(0.00454254 0 0 0 0.000567818 0 0 0 0.000567818)
(0.00454405 0 0 0 0.000568006 0 0 0 0.000568006)
(0.00454557 0 0 0 0.000568196 0 0 0 0.000568196)
(0.0045471 0 0 0 0.000568387 0 0 0 0.000568387)
(0.00454864 0 0 0 0.00056858 0 0 0 0.00056858)
(0.00455019 0 0 0 0.000568774 0 0 0 0.000568774)
(0.00455175 0 0 0 0.000568969 0 0 0 0.000568969)
(0.00455332 0 0 0 0.000569166 0 0 0 0.000569166)
(0.00455491 0 0 0 0.000569364 0 0 0 0.000569364)
(0.00455651 0 0 0 0.000569563 0 0 0 0.000569563)
(0.00455812 0 0 0 0.000569765 0 0 0 0.000569765)
(0.00455974 0 0 0 0.000569967 0 0 0 0.000569967)
(0.00456137 0 0 0 0.000570172 0 0 0 0.000570172)
(0.00456302 0 0 0 0.000570378 0 0 0 0.000570378)
(0.00456469 0 0 0 0.000570586 0 0 0 0.000570586)
(0.00456636 0 0 0 0.000570795 0 0 0 0.000570795)
(0.00456805 0 0 0 0.000571006 0 0 0 0.000571006)
(0.00456975 0 0 0 0.000571219 0 0 0 0.000571219)
(0.00457147 0 0 0 0.000571434 0 0 0 0.000571434)
(0.0045732 0 0 0 0.00057165 0 0 0 0.00057165)
(0.00457495 0 0 0 0.000571869 0 0 0 0.000571869)
(0.00457671 0 0 0 0.000572089 0 0 0 0.000572089)
(0.00457848 0 0 0 0.000572311 0 0 0 0.000572311)
(0.00458027 0 0 0 0.000572534 0 0 0 0.000572534)
(0.00458208 0 0 0 0.00057276 0 0 0 0.00057276)
(0.00458389 0 0 0 0.000572987 0 0 0 0.000572987)
(0.00458573 0 0 0 0.000573216 0 0 0 0.000573216)
(0.00458758 0 0 0 0.000573447 0 0 0 0.000573447)
(0.00458944 0 0 0 0.00057368 0 0 0 0.00057368)
(0.00459132 0 0 0 0.000573915 0 0 0 0.000573915)
(0.00459321 0 0 0 0.000574151 0 0 0 0.000574151)
(0.00459512 0 0 0 0.00057439 0 0 0 0.00057439)
(0.00459704 0 0 0 0.00057463 0 0 0 0.00057463)
(0.00459898 0 0 0 0.000574873 0 0 0 0.000574873)
(0.00460093 0 0 0 0.000575117 0 0 0 0.000575117)
(0.0046029 0 0 0 0.000575363 0 0 0 0.000575363)
(0.00460488 0 0 0 0.000575611 0 0 0 0.000575611)
(0.00460688 0 0 0 0.00057586 0 0 0 0.00057586)
(0.0046089 0 0 0 0.000576112 0 0 0 0.000576112)
(0.00461092 0 0 0 0.000576365 0 0 0 0.000576365)
(0.00461297 0 0 0 0.000576621 0 0 0 0.000576621)
(0.00461502 0 0 0 0.000576878 0 0 0 0.000576878)
(0.00461709 0 0 0 0.000577137 0 0 0 0.000577137)
(0.00461918 0 0 0 0.000577398 0 0 0 0.000577398)
(0.00462128 0 0 0 0.00057766 0 0 0 0.00057766)
(0.0046234 0 0 0 0.000577925 0 0 0 0.000577925)
(0.00462553 0 0 0 0.000578191 0 0 0 0.000578191)
(0.00462767 0 0 0 0.000578459 0 0 0 0.000578459)
(0.00462983 0 0 0 0.000578729 0 0 0 0.000578729)
(0.004632 0 0 0 0.000579 0 0 0 0.000579)
(0.00463419 0 0 0 0.000579274 0 0 0 0.000579274)
(0.00463639 0 0 0 0.000579549 0 0 0 0.000579549)
(0.0046386 0 0 0 0.000579825 0 0 0 0.000579825)
(0.00464083 0 0 0 0.000580104 0 0 0 0.000580104)
(0.00464307 0 0 0 0.000580384 0 0 0 0.000580384)
(0.00464532 0 0 0 0.000580666 0 0 0 0.000580666)
(0.00464759 0 0 0 0.000580949 0 0 0 0.000580949)
(0.00464987 0 0 0 0.000581234 0 0 0 0.000581234)
(0.00465217 0 0 0 0.000581521 0 0 0 0.000581521)
(0.00465447 0 0 0 0.000581809 0 0 0 0.000581809)
(0.00465679 0 0 0 0.000582099 0 0 0 0.000582099)
(0.00465912 0 0 0 0.000582391 0 0 0 0.000582391)
(0.00466147 0 0 0 0.000582683 0 0 0 0.000582683)
(0.00466382 0 0 0 0.000582978 0 0 0 0.000582978)
(0.00466619 0 0 0 0.000583274 0 0 0 0.000583274)
(0.00466857 0 0 0 0.000583572 0 0 0 0.000583572)
(0.00467096 0 0 0 0.000583871 0 0 0 0.000583871)
(0.00467337 0 0 0 0.000584171 0 0 0 0.000584171)
(0.00467578 0 0 0 0.000584473 0 0 0 0.000584473)
(0.00467821 0 0 0 0.000584776 0 0 0 0.000584776)
(0.00468065 0 0 0 0.000585081 0 0 0 0.000585081)
(0.0046831 0 0 0 0.000585387 0 0 0 0.000585387)
(0.00468556 0 0 0 0.000585695 0 0 0 0.000585695)
(0.00468803 0 0 0 0.000586004 0 0 0 0.000586004)
(0.00469051 0 0 0 0.000586314 0 0 0 0.000586314)
(0.004693 0 0 0 0.000586625 0 0 0 0.000586625)
(0.00469551 0 0 0 0.000586938 0 0 0 0.000586938)
(0.00469802 0 0 0 0.000587253 0 0 0 0.000587253)
(0.00470054 0 0 0 0.000587568 0 0 0 0.000587568)
(0.00470308 0 0 0 0.000587885 0 0 0 0.000587885)
(0.00470562 0 0 0 0.000588203 0 0 0 0.000588203)
(0.00470818 0 0 0 0.000588523 0 0 0 0.000588523)
(0.00471075 0 0 0 0.000588844 0 0 0 0.000588844)
(0.00471332 0 0 0 0.000589166 0 0 0 0.000589166)
(0.00471591 0 0 0 0.000589489 0 0 0 0.000589489)
(0.00471851 0 0 0 0.000589814 0 0 0 0.000589814)
(0.00472112 0 0 0 0.00059014 0 0 0 0.00059014)
(0.00472374 0 0 0 0.000590468 0 0 0 0.000590468)
(0.00472637 0 0 0 0.000590797 0 0 0 0.000590797)
(0.00472901 0 0 0 0.000591127 0 0 0 0.000591127)
(0.00473167 0 0 0 0.000591459 0 0 0 0.000591459)
(0.00473434 0 0 0 0.000591792 0 0 0 0.000591792)
(0.00473702 0 0 0 0.000592127 0 0 0 0.000592127)
(0.00473971 0 0 0 0.000592464 0 0 0 0.000592464)
(0.00474242 0 0 0 0.000592802 0 0 0 0.000592802)
(0.00474514 0 0 0 0.000593142 0 0 0 0.000593142)
(0.00474788 0 0 0 0.000593485 0 0 0 0.000593485)
(0.00475063 0 0 0 0.000593829 0 0 0 0.000593829)
(0.0047534 0 0 0 0.000594176 0 0 0 0.000594176)
(0.0047562 0 0 0 0.000594525 0 0 0 0.000594525)
(0.00475901 0 0 0 0.000594877 0 0 0 0.000594877)
(0.00476185 0 0 0 0.000595232 0 0 0 0.000595232)
(0.00476473 0 0 0 0.000595591 0 0 0 0.000595591)
(0.00476764 0 0 0 0.000595955 0 0 0 0.000595955)
(0.00476986 0 0 0 0.000596232 0 0 0 0.000596232)
(0.00477122 0 0 0 0.000596403 0 0 0 0.000596403)
(0.00425104 0 0 0 0.00053138 0 0 0 0.00053138)
(0.00425203 0 0 0 0.000531504 0 0 0 0.000531504)
(0.00425378 0 0 0 0.000531722 0 0 0 0.000531722)
(0.00425596 0 0 0 0.000531995 0 0 0 0.000531995)
(0.00425813 0 0 0 0.000532266 0 0 0 0.000532266)
(0.00426028 0 0 0 0.000532535 0 0 0 0.000532535)
(0.00426241 0 0 0 0.000532802 0 0 0 0.000532802)
(0.00426454 0 0 0 0.000533067 0 0 0 0.000533067)
(0.00426666 0 0 0 0.000533332 0 0 0 0.000533332)
(0.00426877 0 0 0 0.000533597 0 0 0 0.000533597)
(0.00427088 0 0 0 0.000533861 0 0 0 0.000533861)
(0.00427299 0 0 0 0.000534124 0 0 0 0.000534124)
(0.0042751 0 0 0 0.000534388 0 0 0 0.000534388)
(0.00427721 0 0 0 0.000534651 0 0 0 0.000534651)
(0.00427932 0 0 0 0.000534915 0 0 0 0.000534915)
(0.00428143 0 0 0 0.000535178 0 0 0 0.000535178)
(0.00428353 0 0 0 0.000535442 0 0 0 0.000535442)
(0.00428564 0 0 0 0.000535706 0 0 0 0.000535706)
(0.00428776 0 0 0 0.00053597 0 0 0 0.00053597)
(0.00428987 0 0 0 0.000536234 0 0 0 0.000536234)
(0.00429198 0 0 0 0.000536498 0 0 0 0.000536498)
(0.00429409 0 0 0 0.000536762 0 0 0 0.000536762)
(0.00429621 0 0 0 0.000537026 0 0 0 0.000537026)
(0.00429832 0 0 0 0.00053729 0 0 0 0.00053729)
(0.00430043 0 0 0 0.000537554 0 0 0 0.000537554)
(0.00430255 0 0 0 0.000537818 0 0 0 0.000537818)
(0.00430466 0 0 0 0.000538083 0 0 0 0.000538083)
(0.00430677 0 0 0 0.000538347 0 0 0 0.000538347)
(0.00430889 0 0 0 0.000538611 0 0 0 0.000538611)
(0.004311 0 0 0 0.000538875 0 0 0 0.000538875)
(0.00431311 0 0 0 0.000539139 0 0 0 0.000539139)
(0.00431522 0 0 0 0.000539403 0 0 0 0.000539403)
(0.00431733 0 0 0 0.000539666 0 0 0 0.000539666)
(0.00431944 0 0 0 0.00053993 0 0 0 0.00053993)
(0.00432154 0 0 0 0.000540193 0 0 0 0.000540193)
(0.00432365 0 0 0 0.000540456 0 0 0 0.000540456)
(0.00432575 0 0 0 0.000540719 0 0 0 0.000540719)
(0.00432785 0 0 0 0.000540982 0 0 0 0.000540982)
(0.00432995 0 0 0 0.000541244 0 0 0 0.000541244)
(0.00433205 0 0 0 0.000541506 0 0 0 0.000541506)
(0.00433414 0 0 0 0.000541768 0 0 0 0.000541768)
(0.00433623 0 0 0 0.000542029 0 0 0 0.000542029)
(0.00433832 0 0 0 0.000542291 0 0 0 0.000542291)
(0.00434041 0 0 0 0.000542551 0 0 0 0.000542551)
(0.00434249 0 0 0 0.000542811 0 0 0 0.000542811)
(0.00434457 0 0 0 0.000543071 0 0 0 0.000543071)
(0.00434664 0 0 0 0.000543331 0 0 0 0.000543331)
(0.00434871 0 0 0 0.000543589 0 0 0 0.000543589)
(0.00435078 0 0 0 0.000543848 0 0 0 0.000543848)
(0.00435284 0 0 0 0.000544106 0 0 0 0.000544106)
(0.0043549 0 0 0 0.000544363 0 0 0 0.000544363)
(0.00435696 0 0 0 0.00054462 0 0 0 0.00054462)
(0.004359 0 0 0 0.000544876 0 0 0 0.000544876)
(0.00436105 0 0 0 0.000545131 0 0 0 0.000545131)
(0.00436309 0 0 0 0.000545386 0 0 0 0.000545386)
(0.00436512 0 0 0 0.00054564 0 0 0 0.00054564)
(0.00436715 0 0 0 0.000545893 0 0 0 0.000545893)
(0.00436917 0 0 0 0.000546146 0 0 0 0.000546146)
(0.00437118 0 0 0 0.000546398 0 0 0 0.000546398)
(0.00437319 0 0 0 0.000546649 0 0 0 0.000546649)
(0.00437519 0 0 0 0.000546899 0 0 0 0.000546899)
(0.00437719 0 0 0 0.000547149 0 0 0 0.000547149)
(0.00437918 0 0 0 0.000547397 0 0 0 0.000547397)
(0.00438116 0 0 0 0.000547645 0 0 0 0.000547645)
(0.00438314 0 0 0 0.000547892 0 0 0 0.000547892)
(0.0043851 0 0 0 0.000548138 0 0 0 0.000548138)
(0.00438706 0 0 0 0.000548383 0 0 0 0.000548383)
(0.00438902 0 0 0 0.000548627 0 0 0 0.000548627)
(0.00439096 0 0 0 0.00054887 0 0 0 0.00054887)
(0.0043929 0 0 0 0.000549112 0 0 0 0.000549112)
(0.00439483 0 0 0 0.000549353 0 0 0 0.000549353)
(0.00439675 0 0 0 0.000549593 0 0 0 0.000549593)
(0.00439866 0 0 0 0.000549832 0 0 0 0.000549832)
(0.00440056 0 0 0 0.00055007 0 0 0 0.00055007)
(0.00440245 0 0 0 0.000550307 0 0 0 0.000550307)
(0.00440434 0 0 0 0.000550543 0 0 0 0.000550543)
(0.00440622 0 0 0 0.000550777 0 0 0 0.000550777)
(0.00440808 0 0 0 0.00055101 0 0 0 0.00055101)
(0.00440994 0 0 0 0.000551243 0 0 0 0.000551243)
(0.00441179 0 0 0 0.000551474 0 0 0 0.000551474)
(0.00441363 0 0 0 0.000551703 0 0 0 0.000551703)
(0.00441545 0 0 0 0.000551932 0 0 0 0.000551932)
(0.00441727 0 0 0 0.000552159 0 0 0 0.000552159)
(0.00441908 0 0 0 0.000552385 0 0 0 0.000552385)
(0.00442088 0 0 0 0.00055261 0 0 0 0.00055261)
(0.00442267 0 0 0 0.000552834 0 0 0 0.000552834)
(0.00442445 0 0 0 0.000553056 0 0 0 0.000553056)
(0.00442622 0 0 0 0.000553277 0 0 0 0.000553277)
(0.00442798 0 0 0 0.000553497 0 0 0 0.000553497)
(0.00442972 0 0 0 0.000553716 0 0 0 0.000553716)
(0.00443146 0 0 0 0.000553933 0 0 0 0.000553933)
(0.00443319 0 0 0 0.000554149 0 0 0 0.000554149)
(0.0044349 0 0 0 0.000554363 0 0 0 0.000554363)
(0.00443661 0 0 0 0.000554576 0 0 0 0.000554576)
(0.00443831 0 0 0 0.000554788 0 0 0 0.000554788)
(0.00443999 0 0 0 0.000554999 0 0 0 0.000554999)
(0.00444167 0 0 0 0.000555208 0 0 0 0.000555208)
(0.00444333 0 0 0 0.000555417 0 0 0 0.000555417)
(0.00444499 0 0 0 0.000555623 0 0 0 0.000555623)
(0.00444663 0 0 0 0.000555829 0 0 0 0.000555829)
(0.00444826 0 0 0 0.000556033 0 0 0 0.000556033)
(0.00444989 0 0 0 0.000556236 0 0 0 0.000556236)
(0.0044515 0 0 0 0.000556438 0 0 0 0.000556438)
(0.00445311 0 0 0 0.000556638 0 0 0 0.000556638)
(0.0044547 0 0 0 0.000556838 0 0 0 0.000556838)
(0.00445628 0 0 0 0.000557036 0 0 0 0.000557036)
(0.00445786 0 0 0 0.000557233 0 0 0 0.000557233)
(0.00445943 0 0 0 0.000557428 0 0 0 0.000557428)
(0.00446098 0 0 0 0.000557623 0 0 0 0.000557623)
(0.00446253 0 0 0 0.000557816 0 0 0 0.000557816)
(0.00446407 0 0 0 0.000558009 0 0 0 0.000558009)
(0.0044656 0 0 0 0.0005582 0 0 0 0.0005582)
(0.00446713 0 0 0 0.000558391 0 0 0 0.000558391)
(0.00446864 0 0 0 0.00055858 0 0 0 0.00055858)
(0.00447015 0 0 0 0.000558769 0 0 0 0.000558769)
(0.00447165 0 0 0 0.000558956 0 0 0 0.000558956)
(0.00447314 0 0 0 0.000559143 0 0 0 0.000559143)
(0.00447463 0 0 0 0.000559329 0 0 0 0.000559329)
(0.00447611 0 0 0 0.000559514 0 0 0 0.000559514)
(0.00447759 0 0 0 0.000559699 0 0 0 0.000559699)
(0.00447906 0 0 0 0.000559883 0 0 0 0.000559883)
(0.00448053 0 0 0 0.000560066 0 0 0 0.000560066)
(0.00448199 0 0 0 0.000560249 0 0 0 0.000560249)
(0.00448345 0 0 0 0.000560431 0 0 0 0.000560431)
(0.00448491 0 0 0 0.000560613 0 0 0 0.000560613)
(0.00448636 0 0 0 0.000560795 0 0 0 0.000560795)
(0.00448781 0 0 0 0.000560976 0 0 0 0.000560976)
(0.00448926 0 0 0 0.000561158 0 0 0 0.000561158)
(0.00449071 0 0 0 0.000561339 0 0 0 0.000561339)
(0.00449216 0 0 0 0.00056152 0 0 0 0.00056152)
(0.00449361 0 0 0 0.000561701 0 0 0 0.000561701)
(0.00449506 0 0 0 0.000561883 0 0 0 0.000561883)
(0.00449651 0 0 0 0.000562064 0 0 0 0.000562064)
(0.00449797 0 0 0 0.000562246 0 0 0 0.000562246)
(0.00449943 0 0 0 0.000562429 0 0 0 0.000562429)
(0.00450089 0 0 0 0.000562612 0 0 0 0.000562612)
(0.00450235 0 0 0 0.000562794 0 0 0 0.000562794)
(0.0045038 0 0 0 0.000562975 0 0 0 0.000562975)
(0.00450524 0 0 0 0.000563155 0 0 0 0.000563155)
(0.00450667 0 0 0 0.000563334 0 0 0 0.000563334)
(0.0045081 0 0 0 0.000563512 0 0 0 0.000563512)
(0.00450952 0 0 0 0.00056369 0 0 0 0.00056369)
(0.00451094 0 0 0 0.000563867 0 0 0 0.000563867)
(0.00451235 0 0 0 0.000564044 0 0 0 0.000564044)
(0.00451376 0 0 0 0.000564221 0 0 0 0.000564221)
(0.00451517 0 0 0 0.000564397 0 0 0 0.000564397)
(0.00451658 0 0 0 0.000564573 0 0 0 0.000564573)
(0.00451799 0 0 0 0.000564749 0 0 0 0.000564749)
(0.0045194 0 0 0 0.000564926 0 0 0 0.000564926)
(0.00452082 0 0 0 0.000565102 0 0 0 0.000565102)
(0.00452223 0 0 0 0.000565279 0 0 0 0.000565279)
(0.00452364 0 0 0 0.000565456 0 0 0 0.000565456)
(0.00452506 0 0 0 0.000565633 0 0 0 0.000565633)
(0.00452649 0 0 0 0.000565811 0 0 0 0.000565811)
(0.00452791 0 0 0 0.000565989 0 0 0 0.000565989)
(0.00452934 0 0 0 0.000566168 0 0 0 0.000566168)
(0.00453078 0 0 0 0.000566348 0 0 0 0.000566348)
(0.00453223 0 0 0 0.000566528 0 0 0 0.000566528)
(0.00453368 0 0 0 0.00056671 0 0 0 0.00056671)
(0.00453513 0 0 0 0.000566892 0 0 0 0.000566892)
(0.0045366 0 0 0 0.000567075 0 0 0 0.000567075)
(0.00453807 0 0 0 0.000567259 0 0 0 0.000567259)
(0.00453955 0 0 0 0.000567444 0 0 0 0.000567444)
(0.00454104 0 0 0 0.00056763 0 0 0 0.00056763)
(0.00454254 0 0 0 0.000567817 0 0 0 0.000567817)
(0.00454405 0 0 0 0.000568006 0 0 0 0.000568006)
(0.00454556 0 0 0 0.000568196 0 0 0 0.000568196)
(0.00454709 0 0 0 0.000568387 0 0 0 0.000568387)
(0.00454863 0 0 0 0.000568579 0 0 0 0.000568579)
(0.00455018 0 0 0 0.000568773 0 0 0 0.000568773)
(0.00455174 0 0 0 0.000568968 0 0 0 0.000568968)
(0.00455332 0 0 0 0.000569165 0 0 0 0.000569165)
(0.0045549 0 0 0 0.000569363 0 0 0 0.000569363)
(0.0045565 0 0 0 0.000569563 0 0 0 0.000569563)
(0.00455811 0 0 0 0.000569764 0 0 0 0.000569764)
(0.00455973 0 0 0 0.000569967 0 0 0 0.000569967)
(0.00456137 0 0 0 0.000570171 0 0 0 0.000570171)
(0.00456302 0 0 0 0.000570377 0 0 0 0.000570377)
(0.00456468 0 0 0 0.000570585 0 0 0 0.000570585)
(0.00456636 0 0 0 0.000570795 0 0 0 0.000570795)
(0.00456805 0 0 0 0.000571006 0 0 0 0.000571006)
(0.00456975 0 0 0 0.000571219 0 0 0 0.000571219)
(0.00457147 0 0 0 0.000571433 0 0 0 0.000571433)
(0.0045732 0 0 0 0.00057165 0 0 0 0.00057165)
(0.00457494 0 0 0 0.000571868 0 0 0 0.000571868)
(0.0045767 0 0 0 0.000572088 0 0 0 0.000572088)
(0.00457848 0 0 0 0.00057231 0 0 0 0.00057231)
(0.00458027 0 0 0 0.000572533 0 0 0 0.000572533)
(0.00458207 0 0 0 0.000572759 0 0 0 0.000572759)
(0.00458389 0 0 0 0.000572986 0 0 0 0.000572986)
(0.00458572 0 0 0 0.000573215 0 0 0 0.000573215)
(0.00458757 0 0 0 0.000573446 0 0 0 0.000573446)
(0.00458943 0 0 0 0.000573679 0 0 0 0.000573679)
(0.00459131 0 0 0 0.000573914 0 0 0 0.000573914)
(0.0045932 0 0 0 0.000574151 0 0 0 0.000574151)
(0.00459511 0 0 0 0.000574389 0 0 0 0.000574389)
(0.00459704 0 0 0 0.00057463 0 0 0 0.00057463)
(0.00459897 0 0 0 0.000574872 0 0 0 0.000574872)
(0.00460093 0 0 0 0.000575116 0 0 0 0.000575116)
(0.00460289 0 0 0 0.000575362 0 0 0 0.000575362)
(0.00460488 0 0 0 0.00057561 0 0 0 0.00057561)
(0.00460688 0 0 0 0.00057586 0 0 0 0.00057586)
(0.00460889 0 0 0 0.000576111 0 0 0 0.000576111)
(0.00461092 0 0 0 0.000576365 0 0 0 0.000576365)
(0.00461296 0 0 0 0.00057662 0 0 0 0.00057662)
(0.00461502 0 0 0 0.000576877 0 0 0 0.000576877)
(0.00461709 0 0 0 0.000577136 0 0 0 0.000577136)
(0.00461917 0 0 0 0.000577397 0 0 0 0.000577397)
(0.00462127 0 0 0 0.000577659 0 0 0 0.000577659)
(0.00462339 0 0 0 0.000577924 0 0 0 0.000577924)
(0.00462552 0 0 0 0.00057819 0 0 0 0.00057819)
(0.00462766 0 0 0 0.000578458 0 0 0 0.000578458)
(0.00462982 0 0 0 0.000578728 0 0 0 0.000578728)
(0.00463199 0 0 0 0.000578999 0 0 0 0.000578999)
(0.00463418 0 0 0 0.000579273 0 0 0 0.000579273)
(0.00463638 0 0 0 0.000579548 0 0 0 0.000579548)
(0.00463859 0 0 0 0.000579824 0 0 0 0.000579824)
(0.00464082 0 0 0 0.000580103 0 0 0 0.000580103)
(0.00464306 0 0 0 0.000580383 0 0 0 0.000580383)
(0.00464532 0 0 0 0.000580665 0 0 0 0.000580665)
(0.00464758 0 0 0 0.000580948 0 0 0 0.000580948)
(0.00464986 0 0 0 0.000581233 0 0 0 0.000581233)
(0.00465216 0 0 0 0.00058152 0 0 0 0.00058152)
(0.00465446 0 0 0 0.000581808 0 0 0 0.000581808)
(0.00465678 0 0 0 0.000582098 0 0 0 0.000582098)
(0.00465911 0 0 0 0.000582389 0 0 0 0.000582389)
(0.00466146 0 0 0 0.000582682 0 0 0 0.000582682)
(0.00466381 0 0 0 0.000582977 0 0 0 0.000582977)
(0.00466618 0 0 0 0.000583273 0 0 0 0.000583273)
(0.00466856 0 0 0 0.00058357 0 0 0 0.00058357)
(0.00467095 0 0 0 0.000583869 0 0 0 0.000583869)
(0.00467336 0 0 0 0.00058417 0 0 0 0.00058417)
(0.00467577 0 0 0 0.000584472 0 0 0 0.000584472)
(0.0046782 0 0 0 0.000584775 0 0 0 0.000584775)
(0.00468064 0 0 0 0.00058508 0 0 0 0.00058508)
(0.00468309 0 0 0 0.000585386 0 0 0 0.000585386)
(0.00468555 0 0 0 0.000585693 0 0 0 0.000585693)
(0.00468802 0 0 0 0.000586002 0 0 0 0.000586002)
(0.0046905 0 0 0 0.000586313 0 0 0 0.000586313)
(0.00469299 0 0 0 0.000586624 0 0 0 0.000586624)
(0.00469549 0 0 0 0.000586937 0 0 0 0.000586937)
(0.00469801 0 0 0 0.000587251 0 0 0 0.000587251)
(0.00470053 0 0 0 0.000587567 0 0 0 0.000587567)
(0.00470307 0 0 0 0.000587883 0 0 0 0.000587883)
(0.00470561 0 0 0 0.000588202 0 0 0 0.000588202)
(0.00470817 0 0 0 0.000588521 0 0 0 0.000588521)
(0.00471073 0 0 0 0.000588842 0 0 0 0.000588842)
(0.00471331 0 0 0 0.000589164 0 0 0 0.000589164)
(0.0047159 0 0 0 0.000589487 0 0 0 0.000589487)
(0.00471849 0 0 0 0.000589812 0 0 0 0.000589812)
(0.0047211 0 0 0 0.000590138 0 0 0 0.000590138)
(0.00472372 0 0 0 0.000590465 0 0 0 0.000590465)
(0.00472635 0 0 0 0.000590794 0 0 0 0.000590794)
(0.00472899 0 0 0 0.000591124 0 0 0 0.000591124)
(0.00473165 0 0 0 0.000591456 0 0 0 0.000591456)
(0.00473431 0 0 0 0.000591789 0 0 0 0.000591789)
(0.00473699 0 0 0 0.000592124 0 0 0 0.000592124)
(0.00473968 0 0 0 0.00059246 0 0 0 0.00059246)
(0.00474239 0 0 0 0.000592799 0 0 0 0.000592799)
(0.00474511 0 0 0 0.000593139 0 0 0 0.000593139)
(0.00474784 0 0 0 0.00059348 0 0 0 0.00059348)
(0.0047506 0 0 0 0.000593825 0 0 0 0.000593825)
(0.00475337 0 0 0 0.000594171 0 0 0 0.000594171)
(0.00475616 0 0 0 0.00059452 0 0 0 0.00059452)
(0.00475897 0 0 0 0.000594871 0 0 0 0.000594871)
(0.00476181 0 0 0 0.000595226 0 0 0 0.000595226)
(0.00476468 0 0 0 0.000595585 0 0 0 0.000595585)
(0.00476759 0 0 0 0.000595949 0 0 0 0.000595949)
(0.00476982 0 0 0 0.000596228 0 0 0 0.000596228)
(0.00477119 0 0 0 0.000596399 0 0 0 0.000596399)
(0.00425137 0 0 0 0.000531421 0 0 0 0.000531421)
(0.00425233 0 0 0 0.000531541 0 0 0 0.000531541)
(0.00425407 0 0 0 0.000531759 0 0 0 0.000531759)
(0.00425616 0 0 0 0.000532021 0 0 0 0.000532021)
(0.00425827 0 0 0 0.000532284 0 0 0 0.000532284)
(0.00426037 0 0 0 0.000532547 0 0 0 0.000532547)
(0.00426248 0 0 0 0.00053281 0 0 0 0.00053281)
(0.00426458 0 0 0 0.000533073 0 0 0 0.000533073)
(0.00426669 0 0 0 0.000533336 0 0 0 0.000533336)
(0.00426879 0 0 0 0.000533599 0 0 0 0.000533599)
(0.00427089 0 0 0 0.000533862 0 0 0 0.000533862)
(0.004273 0 0 0 0.000534125 0 0 0 0.000534125)
(0.0042751 0 0 0 0.000534388 0 0 0 0.000534388)
(0.0042772 0 0 0 0.000534651 0 0 0 0.000534651)
(0.00427931 0 0 0 0.000534914 0 0 0 0.000534914)
(0.00428142 0 0 0 0.000535177 0 0 0 0.000535177)
(0.00428353 0 0 0 0.000535441 0 0 0 0.000535441)
(0.00428563 0 0 0 0.000535704 0 0 0 0.000535704)
(0.00428774 0 0 0 0.000535968 0 0 0 0.000535968)
(0.00428986 0 0 0 0.000536232 0 0 0 0.000536232)
(0.00429197 0 0 0 0.000536496 0 0 0 0.000536496)
(0.00429408 0 0 0 0.00053676 0 0 0 0.00053676)
(0.00429619 0 0 0 0.000537024 0 0 0 0.000537024)
(0.00429831 0 0 0 0.000537288 0 0 0 0.000537288)
(0.00430042 0 0 0 0.000537553 0 0 0 0.000537553)
(0.00430253 0 0 0 0.000537817 0 0 0 0.000537817)
(0.00430465 0 0 0 0.000538081 0 0 0 0.000538081)
(0.00430676 0 0 0 0.000538345 0 0 0 0.000538345)
(0.00430887 0 0 0 0.000538609 0 0 0 0.000538609)
(0.00431099 0 0 0 0.000538873 0 0 0 0.000538873)
(0.0043131 0 0 0 0.000539137 0 0 0 0.000539137)
(0.00431521 0 0 0 0.000539401 0 0 0 0.000539401)
(0.00431732 0 0 0 0.000539665 0 0 0 0.000539665)
(0.00431943 0 0 0 0.000539928 0 0 0 0.000539928)
(0.00432153 0 0 0 0.000540192 0 0 0 0.000540192)
(0.00432364 0 0 0 0.000540455 0 0 0 0.000540455)
(0.00432574 0 0 0 0.000540718 0 0 0 0.000540718)
(0.00432784 0 0 0 0.00054098 0 0 0 0.00054098)
(0.00432994 0 0 0 0.000541243 0 0 0 0.000541243)
(0.00433204 0 0 0 0.000541505 0 0 0 0.000541505)
(0.00433413 0 0 0 0.000541767 0 0 0 0.000541767)
(0.00433622 0 0 0 0.000542028 0 0 0 0.000542028)
(0.00433831 0 0 0 0.000542289 0 0 0 0.000542289)
(0.0043404 0 0 0 0.00054255 0 0 0 0.00054255)
(0.00434248 0 0 0 0.00054281 0 0 0 0.00054281)
(0.00434456 0 0 0 0.00054307 0 0 0 0.00054307)
(0.00434663 0 0 0 0.000543329 0 0 0 0.000543329)
(0.0043487 0 0 0 0.000543588 0 0 0 0.000543588)
(0.00435077 0 0 0 0.000543846 0 0 0 0.000543846)
(0.00435283 0 0 0 0.000544104 0 0 0 0.000544104)
(0.00435489 0 0 0 0.000544361 0 0 0 0.000544361)
(0.00435694 0 0 0 0.000544618 0 0 0 0.000544618)
(0.00435899 0 0 0 0.000544874 0 0 0 0.000544874)
(0.00436104 0 0 0 0.00054513 0 0 0 0.00054513)
(0.00436307 0 0 0 0.000545384 0 0 0 0.000545384)
(0.00436511 0 0 0 0.000545639 0 0 0 0.000545639)
(0.00436713 0 0 0 0.000545892 0 0 0 0.000545892)
(0.00436916 0 0 0 0.000546145 0 0 0 0.000546145)
(0.00437117 0 0 0 0.000546397 0 0 0 0.000546397)
(0.00437318 0 0 0 0.000546648 0 0 0 0.000546648)
(0.00437518 0 0 0 0.000546898 0 0 0 0.000546898)
(0.00437718 0 0 0 0.000547148 0 0 0 0.000547148)
(0.00437917 0 0 0 0.000547396 0 0 0 0.000547396)
(0.00438115 0 0 0 0.000547644 0 0 0 0.000547644)
(0.00438313 0 0 0 0.000547891 0 0 0 0.000547891)
(0.00438509 0 0 0 0.000548137 0 0 0 0.000548137)
(0.00438705 0 0 0 0.000548382 0 0 0 0.000548382)
(0.00438901 0 0 0 0.000548626 0 0 0 0.000548626)
(0.00439095 0 0 0 0.000548869 0 0 0 0.000548869)
(0.00439289 0 0 0 0.000549111 0 0 0 0.000549111)
(0.00439482 0 0 0 0.000549352 0 0 0 0.000549352)
(0.00439674 0 0 0 0.000549592 0 0 0 0.000549592)
(0.00439865 0 0 0 0.000549831 0 0 0 0.000549831)
(0.00440055 0 0 0 0.000550069 0 0 0 0.000550069)
(0.00440245 0 0 0 0.000550306 0 0 0 0.000550306)
(0.00440433 0 0 0 0.000550541 0 0 0 0.000550541)
(0.00440621 0 0 0 0.000550776 0 0 0 0.000550776)
(0.00440807 0 0 0 0.000551009 0 0 0 0.000551009)
(0.00440993 0 0 0 0.000551242 0 0 0 0.000551242)
(0.00441178 0 0 0 0.000551473 0 0 0 0.000551473)
(0.00441362 0 0 0 0.000551702 0 0 0 0.000551702)
(0.00441545 0 0 0 0.000551931 0 0 0 0.000551931)
(0.00441727 0 0 0 0.000552158 0 0 0 0.000552158)
(0.00441907 0 0 0 0.000552384 0 0 0 0.000552384)
(0.00442087 0 0 0 0.000552609 0 0 0 0.000552609)
(0.00442266 0 0 0 0.000552833 0 0 0 0.000552833)
(0.00442444 0 0 0 0.000553055 0 0 0 0.000553055)
(0.00442621 0 0 0 0.000553276 0 0 0 0.000553276)
(0.00442797 0 0 0 0.000553496 0 0 0 0.000553496)
(0.00442972 0 0 0 0.000553715 0 0 0 0.000553715)
(0.00443145 0 0 0 0.000553932 0 0 0 0.000553932)
(0.00443318 0 0 0 0.000554148 0 0 0 0.000554148)
(0.0044349 0 0 0 0.000554362 0 0 0 0.000554362)
(0.0044366 0 0 0 0.000554576 0 0 0 0.000554576)
(0.0044383 0 0 0 0.000554788 0 0 0 0.000554788)
(0.00443998 0 0 0 0.000554998 0 0 0 0.000554998)
(0.00444166 0 0 0 0.000555208 0 0 0 0.000555208)
(0.00444332 0 0 0 0.000555416 0 0 0 0.000555416)
(0.00444498 0 0 0 0.000555622 0 0 0 0.000555622)
(0.00444662 0 0 0 0.000555828 0 0 0 0.000555828)
(0.00444826 0 0 0 0.000556032 0 0 0 0.000556032)
(0.00444988 0 0 0 0.000556235 0 0 0 0.000556235)
(0.00445149 0 0 0 0.000556437 0 0 0 0.000556437)
(0.0044531 0 0 0 0.000556637 0 0 0 0.000556637)
(0.00445469 0 0 0 0.000556837 0 0 0 0.000556837)
(0.00445628 0 0 0 0.000557035 0 0 0 0.000557035)
(0.00445785 0 0 0 0.000557232 0 0 0 0.000557232)
(0.00445942 0 0 0 0.000557428 0 0 0 0.000557428)
(0.00446098 0 0 0 0.000557622 0 0 0 0.000557622)
(0.00446252 0 0 0 0.000557816 0 0 0 0.000557816)
(0.00446406 0 0 0 0.000558008 0 0 0 0.000558008)
(0.0044656 0 0 0 0.0005582 0 0 0 0.0005582)
(0.00446712 0 0 0 0.00055839 0 0 0 0.00055839)
(0.00446864 0 0 0 0.00055858 0 0 0 0.00055858)
(0.00447014 0 0 0 0.000558768 0 0 0 0.000558768)
(0.00447164 0 0 0 0.000558956 0 0 0 0.000558956)
(0.00447314 0 0 0 0.000559142 0 0 0 0.000559142)
(0.00447463 0 0 0 0.000559328 0 0 0 0.000559328)
(0.00447611 0 0 0 0.000559514 0 0 0 0.000559514)
(0.00447759 0 0 0 0.000559698 0 0 0 0.000559698)
(0.00447906 0 0 0 0.000559882 0 0 0 0.000559882)
(0.00448052 0 0 0 0.000560065 0 0 0 0.000560065)
(0.00448199 0 0 0 0.000560248 0 0 0 0.000560248)
(0.00448344 0 0 0 0.000560431 0 0 0 0.000560431)
(0.0044849 0 0 0 0.000560613 0 0 0 0.000560613)
(0.00448635 0 0 0 0.000560794 0 0 0 0.000560794)
(0.0044878 0 0 0 0.000560976 0 0 0 0.000560976)
(0.00448925 0 0 0 0.000561157 0 0 0 0.000561157)
(0.0044907 0 0 0 0.000561338 0 0 0 0.000561338)
(0.00449215 0 0 0 0.000561519 0 0 0 0.000561519)
(0.0044936 0 0 0 0.0005617 0 0 0 0.0005617)
(0.00449505 0 0 0 0.000561882 0 0 0 0.000561882)
(0.00449651 0 0 0 0.000562064 0 0 0 0.000562064)
(0.00449796 0 0 0 0.000562246 0 0 0 0.000562246)
(0.00449943 0 0 0 0.000562428 0 0 0 0.000562428)
(0.00450089 0 0 0 0.000562611 0 0 0 0.000562611)
(0.00450234 0 0 0 0.000562793 0 0 0 0.000562793)
(0.00450379 0 0 0 0.000562974 0 0 0 0.000562974)
(0.00450523 0 0 0 0.000563154 0 0 0 0.000563154)
(0.00450666 0 0 0 0.000563333 0 0 0 0.000563333)
(0.00450809 0 0 0 0.000563511 0 0 0 0.000563511)
(0.00450951 0 0 0 0.000563689 0 0 0 0.000563689)
(0.00451093 0 0 0 0.000563867 0 0 0 0.000563867)
(0.00451235 0 0 0 0.000564043 0 0 0 0.000564043)
(0.00451376 0 0 0 0.00056422 0 0 0 0.00056422)
(0.00451517 0 0 0 0.000564396 0 0 0 0.000564396)
(0.00451658 0 0 0 0.000564573 0 0 0 0.000564573)
(0.00451799 0 0 0 0.000564749 0 0 0 0.000564749)
(0.0045194 0 0 0 0.000564925 0 0 0 0.000564925)
(0.00452081 0 0 0 0.000565101 0 0 0 0.000565101)
(0.00452222 0 0 0 0.000565278 0 0 0 0.000565278)
(0.00452364 0 0 0 0.000565455 0 0 0 0.000565455)
(0.00452506 0 0 0 0.000565632 0 0 0 0.000565632)
(0.00452648 0 0 0 0.00056581 0 0 0 0.00056581)
(0.00452791 0 0 0 0.000565989 0 0 0 0.000565989)
(0.00452934 0 0 0 0.000566168 0 0 0 0.000566168)
(0.00453078 0 0 0 0.000566347 0 0 0 0.000566347)
(0.00453222 0 0 0 0.000566528 0 0 0 0.000566528)
(0.00453367 0 0 0 0.000566709 0 0 0 0.000566709)
(0.00453513 0 0 0 0.000566891 0 0 0 0.000566891)
(0.00453659 0 0 0 0.000567074 0 0 0 0.000567074)
(0.00453806 0 0 0 0.000567258 0 0 0 0.000567258)
(0.00453954 0 0 0 0.000567443 0 0 0 0.000567443)
(0.00454103 0 0 0 0.000567629 0 0 0 0.000567629)
(0.00454253 0 0 0 0.000567817 0 0 0 0.000567817)
(0.00454404 0 0 0 0.000568005 0 0 0 0.000568005)
(0.00454556 0 0 0 0.000568195 0 0 0 0.000568195)
(0.00454709 0 0 0 0.000568386 0 0 0 0.000568386)
(0.00454863 0 0 0 0.000568578 0 0 0 0.000568578)
(0.00455018 0 0 0 0.000568772 0 0 0 0.000568772)
(0.00455174 0 0 0 0.000568967 0 0 0 0.000568967)
(0.00455331 0 0 0 0.000569164 0 0 0 0.000569164)
(0.0045549 0 0 0 0.000569362 0 0 0 0.000569362)
(0.00455649 0 0 0 0.000569562 0 0 0 0.000569562)
(0.0045581 0 0 0 0.000569763 0 0 0 0.000569763)
(0.00455973 0 0 0 0.000569966 0 0 0 0.000569966)
(0.00456136 0 0 0 0.00057017 0 0 0 0.00057017)
(0.00456301 0 0 0 0.000570377 0 0 0 0.000570377)
(0.00456467 0 0 0 0.000570584 0 0 0 0.000570584)
(0.00456635 0 0 0 0.000570794 0 0 0 0.000570794)
(0.00456804 0 0 0 0.000571005 0 0 0 0.000571005)
(0.00456974 0 0 0 0.000571218 0 0 0 0.000571218)
(0.00457146 0 0 0 0.000571432 0 0 0 0.000571432)
(0.00457319 0 0 0 0.000571649 0 0 0 0.000571649)
(0.00457494 0 0 0 0.000571867 0 0 0 0.000571867)
(0.00457669 0 0 0 0.000572087 0 0 0 0.000572087)
(0.00457847 0 0 0 0.000572309 0 0 0 0.000572309)
(0.00458026 0 0 0 0.000572532 0 0 0 0.000572532)
(0.00458206 0 0 0 0.000572758 0 0 0 0.000572758)
(0.00458388 0 0 0 0.000572985 0 0 0 0.000572985)
(0.00458571 0 0 0 0.000573214 0 0 0 0.000573214)
(0.00458756 0 0 0 0.000573445 0 0 0 0.000573445)
(0.00458942 0 0 0 0.000573678 0 0 0 0.000573678)
(0.0045913 0 0 0 0.000573913 0 0 0 0.000573913)
(0.0045932 0 0 0 0.00057415 0 0 0 0.00057415)
(0.0045951 0 0 0 0.000574388 0 0 0 0.000574388)
(0.00459703 0 0 0 0.000574628 0 0 0 0.000574628)
(0.00459896 0 0 0 0.000574871 0 0 0 0.000574871)
(0.00460092 0 0 0 0.000575115 0 0 0 0.000575115)
(0.00460289 0 0 0 0.000575361 0 0 0 0.000575361)
(0.00460487 0 0 0 0.000575609 0 0 0 0.000575609)
(0.00460687 0 0 0 0.000575858 0 0 0 0.000575858)
(0.00460888 0 0 0 0.00057611 0 0 0 0.00057611)
(0.00461091 0 0 0 0.000576363 0 0 0 0.000576363)
(0.00461295 0 0 0 0.000576619 0 0 0 0.000576619)
(0.00461501 0 0 0 0.000576876 0 0 0 0.000576876)
(0.00461708 0 0 0 0.000577135 0 0 0 0.000577135)
(0.00461916 0 0 0 0.000577396 0 0 0 0.000577396)
(0.00462126 0 0 0 0.000577658 0 0 0 0.000577658)
(0.00462338 0 0 0 0.000577923 0 0 0 0.000577923)
(0.00462551 0 0 0 0.000578189 0 0 0 0.000578189)
(0.00462765 0 0 0 0.000578457 0 0 0 0.000578457)
(0.00462981 0 0 0 0.000578726 0 0 0 0.000578726)
(0.00463198 0 0 0 0.000578998 0 0 0 0.000578998)
(0.00463417 0 0 0 0.000579271 0 0 0 0.000579271)
(0.00463637 0 0 0 0.000579546 0 0 0 0.000579546)
(0.00463858 0 0 0 0.000579823 0 0 0 0.000579823)
(0.00464081 0 0 0 0.000580101 0 0 0 0.000580101)
(0.00464305 0 0 0 0.000580381 0 0 0 0.000580381)
(0.0046453 0 0 0 0.000580663 0 0 0 0.000580663)
(0.00464757 0 0 0 0.000580947 0 0 0 0.000580947)
(0.00464985 0 0 0 0.000581232 0 0 0 0.000581232)
(0.00465214 0 0 0 0.000581518 0 0 0 0.000581518)
(0.00465445 0 0 0 0.000581806 0 0 0 0.000581806)
(0.00465677 0 0 0 0.000582096 0 0 0 0.000582096)
(0.0046591 0 0 0 0.000582388 0 0 0 0.000582388)
(0.00466144 0 0 0 0.000582681 0 0 0 0.000582681)
(0.0046638 0 0 0 0.000582975 0 0 0 0.000582975)
(0.00466617 0 0 0 0.000583271 0 0 0 0.000583271)
(0.00466855 0 0 0 0.000583569 0 0 0 0.000583569)
(0.00467094 0 0 0 0.000583868 0 0 0 0.000583868)
(0.00467334 0 0 0 0.000584168 0 0 0 0.000584168)
(0.00467576 0 0 0 0.00058447 0 0 0 0.00058447)
(0.00467819 0 0 0 0.000584773 0 0 0 0.000584773)
(0.00468062 0 0 0 0.000585078 0 0 0 0.000585078)
(0.00468307 0 0 0 0.000585384 0 0 0 0.000585384)
(0.00468553 0 0 0 0.000585692 0 0 0 0.000585692)
(0.004688 0 0 0 0.000586 0 0 0 0.000586)
(0.00469048 0 0 0 0.000586311 0 0 0 0.000586311)
(0.00469298 0 0 0 0.000586622 0 0 0 0.000586622)
(0.00469548 0 0 0 0.000586935 0 0 0 0.000586935)
(0.00469799 0 0 0 0.000587249 0 0 0 0.000587249)
(0.00470051 0 0 0 0.000587564 0 0 0 0.000587564)
(0.00470305 0 0 0 0.000587881 0 0 0 0.000587881)
(0.00470559 0 0 0 0.000588199 0 0 0 0.000588199)
(0.00470815 0 0 0 0.000588518 0 0 0 0.000588518)
(0.00471071 0 0 0 0.000588839 0 0 0 0.000588839)
(0.00471329 0 0 0 0.000589161 0 0 0 0.000589161)
(0.00471587 0 0 0 0.000589484 0 0 0 0.000589484)
(0.00471847 0 0 0 0.000589809 0 0 0 0.000589809)
(0.00472108 0 0 0 0.000590135 0 0 0 0.000590135)
(0.00472369 0 0 0 0.000590462 0 0 0 0.000590462)
(0.00472632 0 0 0 0.00059079 0 0 0 0.00059079)
(0.00472896 0 0 0 0.00059112 0 0 0 0.00059112)
(0.00473161 0 0 0 0.000591452 0 0 0 0.000591452)
(0.00473428 0 0 0 0.000591785 0 0 0 0.000591785)
(0.00473695 0 0 0 0.000592119 0 0 0 0.000592119)
(0.00473964 0 0 0 0.000592455 0 0 0 0.000592455)
(0.00474234 0 0 0 0.000592793 0 0 0 0.000592793)
(0.00474506 0 0 0 0.000593133 0 0 0 0.000593133)
(0.00474779 0 0 0 0.000593474 0 0 0 0.000593474)
(0.00475054 0 0 0 0.000593818 0 0 0 0.000593818)
(0.00475331 0 0 0 0.000594164 0 0 0 0.000594164)
(0.0047561 0 0 0 0.000594512 0 0 0 0.000594512)
(0.00475891 0 0 0 0.000594863 0 0 0 0.000594863)
(0.00476174 0 0 0 0.000595218 0 0 0 0.000595218)
(0.00476461 0 0 0 0.000595576 0 0 0 0.000595576)
(0.00476752 0 0 0 0.00059594 0 0 0 0.00059594)
(0.00476976 0 0 0 0.00059622 0 0 0 0.00059622)
(0.00477114 0 0 0 0.000596392 0 0 0 0.000596392)
(0.00425178 0 0 0 0.000531472 0 0 0 0.000531472)
(0.00425268 0 0 0 0.000531586 0 0 0 0.000531586)
(0.0042544 0 0 0 0.000531801 0 0 0 0.000531801)
(0.00425641 0 0 0 0.000532051 0 0 0 0.000532051)
(0.00425844 0 0 0 0.000532306 0 0 0 0.000532306)
(0.0042605 0 0 0 0.000532562 0 0 0 0.000532562)
(0.00426257 0 0 0 0.000532821 0 0 0 0.000532821)
(0.00426464 0 0 0 0.00053308 0 0 0 0.00053308)
(0.00426673 0 0 0 0.000533341 0 0 0 0.000533341)
(0.00426881 0 0 0 0.000533602 0 0 0 0.000533602)
(0.00427091 0 0 0 0.000533863 0 0 0 0.000533863)
(0.004273 0 0 0 0.000534125 0 0 0 0.000534125)
(0.0042751 0 0 0 0.000534387 0 0 0 0.000534387)
(0.0042772 0 0 0 0.00053465 0 0 0 0.00053465)
(0.0042793 0 0 0 0.000534913 0 0 0 0.000534913)
(0.00428141 0 0 0 0.000535176 0 0 0 0.000535176)
(0.00428351 0 0 0 0.000535439 0 0 0 0.000535439)
(0.00428562 0 0 0 0.000535703 0 0 0 0.000535703)
(0.00428773 0 0 0 0.000535966 0 0 0 0.000535966)
(0.00428984 0 0 0 0.00053623 0 0 0 0.00053623)
(0.00429195 0 0 0 0.000536494 0 0 0 0.000536494)
(0.00429406 0 0 0 0.000536758 0 0 0 0.000536758)
(0.00429618 0 0 0 0.000537022 0 0 0 0.000537022)
(0.00429829 0 0 0 0.000537286 0 0 0 0.000537286)
(0.0043004 0 0 0 0.00053755 0 0 0 0.00053755)
(0.00430252 0 0 0 0.000537815 0 0 0 0.000537815)
(0.00430463 0 0 0 0.000538079 0 0 0 0.000538079)
(0.00430674 0 0 0 0.000538343 0 0 0 0.000538343)
(0.00430886 0 0 0 0.000538607 0 0 0 0.000538607)
(0.00431097 0 0 0 0.000538871 0 0 0 0.000538871)
(0.00431308 0 0 0 0.000539135 0 0 0 0.000539135)
(0.00431519 0 0 0 0.000539399 0 0 0 0.000539399)
(0.0043173 0 0 0 0.000539663 0 0 0 0.000539663)
(0.00431941 0 0 0 0.000539926 0 0 0 0.000539926)
(0.00432151 0 0 0 0.000540189 0 0 0 0.000540189)
(0.00432362 0 0 0 0.000540453 0 0 0 0.000540453)
(0.00432572 0 0 0 0.000540716 0 0 0 0.000540716)
(0.00432782 0 0 0 0.000540978 0 0 0 0.000540978)
(0.00432992 0 0 0 0.000541241 0 0 0 0.000541241)
(0.00433202 0 0 0 0.000541503 0 0 0 0.000541503)
(0.00433411 0 0 0 0.000541764 0 0 0 0.000541764)
(0.00433621 0 0 0 0.000542026 0 0 0 0.000542026)
(0.0043383 0 0 0 0.000542287 0 0 0 0.000542287)
(0.00434038 0 0 0 0.000542548 0 0 0 0.000542548)
(0.00434246 0 0 0 0.000542808 0 0 0 0.000542808)
(0.00434454 0 0 0 0.000543068 0 0 0 0.000543068)
(0.00434662 0 0 0 0.000543327 0 0 0 0.000543327)
(0.00434869 0 0 0 0.000543586 0 0 0 0.000543586)
(0.00435075 0 0 0 0.000543844 0 0 0 0.000543844)
(0.00435282 0 0 0 0.000544102 0 0 0 0.000544102)
(0.00435488 0 0 0 0.00054436 0 0 0 0.00054436)
(0.00435693 0 0 0 0.000544616 0 0 0 0.000544616)
(0.00435898 0 0 0 0.000544872 0 0 0 0.000544872)
(0.00436102 0 0 0 0.000545128 0 0 0 0.000545128)
(0.00436306 0 0 0 0.000545383 0 0 0 0.000545383)
(0.00436509 0 0 0 0.000545637 0 0 0 0.000545637)
(0.00436712 0 0 0 0.00054589 0 0 0 0.00054589)
(0.00436914 0 0 0 0.000546143 0 0 0 0.000546143)
(0.00437116 0 0 0 0.000546395 0 0 0 0.000546395)
(0.00437317 0 0 0 0.000546646 0 0 0 0.000546646)
(0.00437517 0 0 0 0.000546896 0 0 0 0.000546896)
(0.00437717 0 0 0 0.000547146 0 0 0 0.000547146)
(0.00437915 0 0 0 0.000547394 0 0 0 0.000547394)
(0.00438114 0 0 0 0.000547642 0 0 0 0.000547642)
(0.00438311 0 0 0 0.000547889 0 0 0 0.000547889)
(0.00438508 0 0 0 0.000548135 0 0 0 0.000548135)
(0.00438704 0 0 0 0.00054838 0 0 0 0.00054838)
(0.00438899 0 0 0 0.000548624 0 0 0 0.000548624)
(0.00439094 0 0 0 0.000548867 0 0 0 0.000548867)
(0.00439288 0 0 0 0.000549109 0 0 0 0.000549109)
(0.0043948 0 0 0 0.000549351 0 0 0 0.000549351)
(0.00439672 0 0 0 0.000549591 0 0 0 0.000549591)
(0.00439864 0 0 0 0.00054983 0 0 0 0.00054983)
(0.00440054 0 0 0 0.000550067 0 0 0 0.000550067)
(0.00440243 0 0 0 0.000550304 0 0 0 0.000550304)
(0.00440432 0 0 0 0.00055054 0 0 0 0.00055054)
(0.00440619 0 0 0 0.000550774 0 0 0 0.000550774)
(0.00440806 0 0 0 0.000551008 0 0 0 0.000551008)
(0.00440992 0 0 0 0.00055124 0 0 0 0.00055124)
(0.00441177 0 0 0 0.000551471 0 0 0 0.000551471)
(0.00441361 0 0 0 0.000551701 0 0 0 0.000551701)
(0.00441544 0 0 0 0.000551929 0 0 0 0.000551929)
(0.00441725 0 0 0 0.000552157 0 0 0 0.000552157)
(0.00441906 0 0 0 0.000552383 0 0 0 0.000552383)
(0.00442086 0 0 0 0.000552608 0 0 0 0.000552608)
(0.00442265 0 0 0 0.000552832 0 0 0 0.000552832)
(0.00442443 0 0 0 0.000553054 0 0 0 0.000553054)
(0.0044262 0 0 0 0.000553275 0 0 0 0.000553275)
(0.00442796 0 0 0 0.000553495 0 0 0 0.000553495)
(0.00442971 0 0 0 0.000553713 0 0 0 0.000553713)
(0.00443144 0 0 0 0.00055393 0 0 0 0.00055393)
(0.00443317 0 0 0 0.000554146 0 0 0 0.000554146)
(0.00443489 0 0 0 0.000554361 0 0 0 0.000554361)
(0.00443659 0 0 0 0.000554574 0 0 0 0.000554574)
(0.00443829 0 0 0 0.000554786 0 0 0 0.000554786)
(0.00443997 0 0 0 0.000554997 0 0 0 0.000554997)
(0.00444165 0 0 0 0.000555206 0 0 0 0.000555206)
(0.00444331 0 0 0 0.000555414 0 0 0 0.000555414)
(0.00444497 0 0 0 0.000555621 0 0 0 0.000555621)
(0.00444661 0 0 0 0.000555827 0 0 0 0.000555827)
(0.00444825 0 0 0 0.000556031 0 0 0 0.000556031)
(0.00444987 0 0 0 0.000556234 0 0 0 0.000556234)
(0.00445149 0 0 0 0.000556436 0 0 0 0.000556436)
(0.00445309 0 0 0 0.000556636 0 0 0 0.000556636)
(0.00445468 0 0 0 0.000556836 0 0 0 0.000556836)
(0.00445627 0 0 0 0.000557034 0 0 0 0.000557034)
(0.00445784 0 0 0 0.000557231 0 0 0 0.000557231)
(0.00445941 0 0 0 0.000557426 0 0 0 0.000557426)
(0.00446097 0 0 0 0.000557621 0 0 0 0.000557621)
(0.00446252 0 0 0 0.000557815 0 0 0 0.000557815)
(0.00446406 0 0 0 0.000558007 0 0 0 0.000558007)
(0.00446559 0 0 0 0.000558199 0 0 0 0.000558199)
(0.00446711 0 0 0 0.000558389 0 0 0 0.000558389)
(0.00446863 0 0 0 0.000558578 0 0 0 0.000558578)
(0.00447014 0 0 0 0.000558767 0 0 0 0.000558767)
(0.00447164 0 0 0 0.000558955 0 0 0 0.000558955)
(0.00447313 0 0 0 0.000559141 0 0 0 0.000559141)
(0.00447462 0 0 0 0.000559327 0 0 0 0.000559327)
(0.0044761 0 0 0 0.000559513 0 0 0 0.000559513)
(0.00447758 0 0 0 0.000559697 0 0 0 0.000559697)
(0.00447905 0 0 0 0.000559881 0 0 0 0.000559881)
(0.00448052 0 0 0 0.000560065 0 0 0 0.000560065)
(0.00448198 0 0 0 0.000560247 0 0 0 0.000560247)
(0.00448344 0 0 0 0.00056043 0 0 0 0.00056043)
(0.00448489 0 0 0 0.000560612 0 0 0 0.000560612)
(0.00448635 0 0 0 0.000560793 0 0 0 0.000560793)
(0.0044878 0 0 0 0.000560975 0 0 0 0.000560975)
(0.00448925 0 0 0 0.000561156 0 0 0 0.000561156)
(0.0044907 0 0 0 0.000561337 0 0 0 0.000561337)
(0.00449215 0 0 0 0.000561518 0 0 0 0.000561518)
(0.0044936 0 0 0 0.0005617 0 0 0 0.0005617)
(0.00449505 0 0 0 0.000561881 0 0 0 0.000561881)
(0.0044965 0 0 0 0.000562063 0 0 0 0.000562063)
(0.00449796 0 0 0 0.000562245 0 0 0 0.000562245)
(0.00449942 0 0 0 0.000562427 0 0 0 0.000562427)
(0.00450088 0 0 0 0.00056261 0 0 0 0.00056261)
(0.00450234 0 0 0 0.000562792 0 0 0 0.000562792)
(0.00450378 0 0 0 0.000562973 0 0 0 0.000562973)
(0.00450522 0 0 0 0.000563153 0 0 0 0.000563153)
(0.00450666 0 0 0 0.000563332 0 0 0 0.000563332)
(0.00450808 0 0 0 0.000563511 0 0 0 0.000563511)
(0.00450951 0 0 0 0.000563688 0 0 0 0.000563688)
(0.00451092 0 0 0 0.000563866 0 0 0 0.000563866)
(0.00451234 0 0 0 0.000564043 0 0 0 0.000564043)
(0.00451375 0 0 0 0.000564219 0 0 0 0.000564219)
(0.00451516 0 0 0 0.000564395 0 0 0 0.000564395)
(0.00451657 0 0 0 0.000564572 0 0 0 0.000564572)
(0.00451798 0 0 0 0.000564748 0 0 0 0.000564748)
(0.00451939 0 0 0 0.000564924 0 0 0 0.000564924)
(0.0045208 0 0 0 0.000565101 0 0 0 0.000565101)
(0.00452222 0 0 0 0.000565277 0 0 0 0.000565277)
(0.00452363 0 0 0 0.000565454 0 0 0 0.000565454)
(0.00452505 0 0 0 0.000565631 0 0 0 0.000565631)
(0.00452647 0 0 0 0.000565809 0 0 0 0.000565809)
(0.0045279 0 0 0 0.000565988 0 0 0 0.000565988)
(0.00452933 0 0 0 0.000566167 0 0 0 0.000566167)
(0.00453077 0 0 0 0.000566346 0 0 0 0.000566346)
(0.00453221 0 0 0 0.000566527 0 0 0 0.000566527)
(0.00453366 0 0 0 0.000566708 0 0 0 0.000566708)
(0.00453512 0 0 0 0.00056689 0 0 0 0.00056689)
(0.00453658 0 0 0 0.000567073 0 0 0 0.000567073)
(0.00453805 0 0 0 0.000567257 0 0 0 0.000567257)
(0.00453954 0 0 0 0.000567442 0 0 0 0.000567442)
(0.00454102 0 0 0 0.000567628 0 0 0 0.000567628)
(0.00454252 0 0 0 0.000567816 0 0 0 0.000567816)
(0.00454403 0 0 0 0.000568004 0 0 0 0.000568004)
(0.00454555 0 0 0 0.000568194 0 0 0 0.000568194)
(0.00454708 0 0 0 0.000568385 0 0 0 0.000568385)
(0.00454862 0 0 0 0.000568577 0 0 0 0.000568577)
(0.00455017 0 0 0 0.000568771 0 0 0 0.000568771)
(0.00455173 0 0 0 0.000568966 0 0 0 0.000568966)
(0.0045533 0 0 0 0.000569163 0 0 0 0.000569163)
(0.00455489 0 0 0 0.000569361 0 0 0 0.000569361)
(0.00455649 0 0 0 0.000569561 0 0 0 0.000569561)
(0.00455809 0 0 0 0.000569762 0 0 0 0.000569762)
(0.00455972 0 0 0 0.000569965 0 0 0 0.000569965)
(0.00456135 0 0 0 0.000570169 0 0 0 0.000570169)
(0.004563 0 0 0 0.000570375 0 0 0 0.000570375)
(0.00456466 0 0 0 0.000570583 0 0 0 0.000570583)
(0.00456634 0 0 0 0.000570792 0 0 0 0.000570792)
(0.00456803 0 0 0 0.000571004 0 0 0 0.000571004)
(0.00456973 0 0 0 0.000571216 0 0 0 0.000571216)
(0.00457145 0 0 0 0.000571431 0 0 0 0.000571431)
(0.00457318 0 0 0 0.000571647 0 0 0 0.000571647)
(0.00457492 0 0 0 0.000571866 0 0 0 0.000571866)
(0.00457668 0 0 0 0.000572086 0 0 0 0.000572086)
(0.00457846 0 0 0 0.000572307 0 0 0 0.000572307)
(0.00458025 0 0 0 0.000572531 0 0 0 0.000572531)
(0.00458205 0 0 0 0.000572756 0 0 0 0.000572756)
(0.00458387 0 0 0 0.000572984 0 0 0 0.000572984)
(0.0045857 0 0 0 0.000573213 0 0 0 0.000573213)
(0.00458755 0 0 0 0.000573444 0 0 0 0.000573444)
(0.00458941 0 0 0 0.000573677 0 0 0 0.000573677)
(0.00459129 0 0 0 0.000573911 0 0 0 0.000573911)
(0.00459318 0 0 0 0.000574148 0 0 0 0.000574148)
(0.00459509 0 0 0 0.000574386 0 0 0 0.000574386)
(0.00459701 0 0 0 0.000574627 0 0 0 0.000574627)
(0.00459895 0 0 0 0.000574869 0 0 0 0.000574869)
(0.0046009 0 0 0 0.000575113 0 0 0 0.000575113)
(0.00460287 0 0 0 0.000575359 0 0 0 0.000575359)
(0.00460485 0 0 0 0.000575607 0 0 0 0.000575607)
(0.00460685 0 0 0 0.000575857 0 0 0 0.000575857)
(0.00460886 0 0 0 0.000576108 0 0 0 0.000576108)
(0.00461089 0 0 0 0.000576362 0 0 0 0.000576362)
(0.00461293 0 0 0 0.000576617 0 0 0 0.000576617)
(0.00461499 0 0 0 0.000576874 0 0 0 0.000576874)
(0.00461706 0 0 0 0.000577133 0 0 0 0.000577133)
(0.00461915 0 0 0 0.000577394 0 0 0 0.000577394)
(0.00462125 0 0 0 0.000577656 0 0 0 0.000577656)
(0.00462336 0 0 0 0.000577921 0 0 0 0.000577921)
(0.00462549 0 0 0 0.000578187 0 0 0 0.000578187)
(0.00462764 0 0 0 0.000578455 0 0 0 0.000578455)
(0.0046298 0 0 0 0.000578724 0 0 0 0.000578724)
(0.00463197 0 0 0 0.000578996 0 0 0 0.000578996)
(0.00463415 0 0 0 0.000579269 0 0 0 0.000579269)
(0.00463635 0 0 0 0.000579544 0 0 0 0.000579544)
(0.00463857 0 0 0 0.000579821 0 0 0 0.000579821)
(0.00464079 0 0 0 0.000580099 0 0 0 0.000580099)
(0.00464303 0 0 0 0.000580379 0 0 0 0.000580379)
(0.00464529 0 0 0 0.000580661 0 0 0 0.000580661)
(0.00464755 0 0 0 0.000580944 0 0 0 0.000580944)
(0.00464983 0 0 0 0.000581229 0 0 0 0.000581229)
(0.00465213 0 0 0 0.000581516 0 0 0 0.000581516)
(0.00465443 0 0 0 0.000581804 0 0 0 0.000581804)
(0.00465675 0 0 0 0.000582094 0 0 0 0.000582094)
(0.00465908 0 0 0 0.000582385 0 0 0 0.000582385)
(0.00466143 0 0 0 0.000582678 0 0 0 0.000582678)
(0.00466378 0 0 0 0.000582973 0 0 0 0.000582973)
(0.00466615 0 0 0 0.000583269 0 0 0 0.000583269)
(0.00466853 0 0 0 0.000583566 0 0 0 0.000583566)
(0.00467092 0 0 0 0.000583865 0 0 0 0.000583865)
(0.00467332 0 0 0 0.000584166 0 0 0 0.000584166)
(0.00467574 0 0 0 0.000584467 0 0 0 0.000584467)
(0.00467817 0 0 0 0.000584771 0 0 0 0.000584771)
(0.0046806 0 0 0 0.000585075 0 0 0 0.000585075)
(0.00468305 0 0 0 0.000585381 0 0 0 0.000585381)
(0.00468551 0 0 0 0.000585689 0 0 0 0.000585689)
(0.00468798 0 0 0 0.000585998 0 0 0 0.000585998)
(0.00469046 0 0 0 0.000586308 0 0 0 0.000586308)
(0.00469295 0 0 0 0.000586619 0 0 0 0.000586619)
(0.00469545 0 0 0 0.000586932 0 0 0 0.000586932)
(0.00469797 0 0 0 0.000587246 0 0 0 0.000587246)
(0.00470049 0 0 0 0.000587561 0 0 0 0.000587561)
(0.00470302 0 0 0 0.000587878 0 0 0 0.000587878)
(0.00470556 0 0 0 0.000588196 0 0 0 0.000588196)
(0.00470812 0 0 0 0.000588515 0 0 0 0.000588515)
(0.00471068 0 0 0 0.000588835 0 0 0 0.000588835)
(0.00471325 0 0 0 0.000589157 0 0 0 0.000589157)
(0.00471584 0 0 0 0.00058948 0 0 0 0.00058948)
(0.00471843 0 0 0 0.000589804 0 0 0 0.000589804)
(0.00472104 0 0 0 0.00059013 0 0 0 0.00059013)
(0.00472365 0 0 0 0.000590457 0 0 0 0.000590457)
(0.00472628 0 0 0 0.000590785 0 0 0 0.000590785)
(0.00472891 0 0 0 0.000591114 0 0 0 0.000591114)
(0.00473156 0 0 0 0.000591445 0 0 0 0.000591445)
(0.00473422 0 0 0 0.000591778 0 0 0 0.000591778)
(0.00473689 0 0 0 0.000592112 0 0 0 0.000592112)
(0.00473958 0 0 0 0.000592447 0 0 0 0.000592447)
(0.00474228 0 0 0 0.000592785 0 0 0 0.000592785)
(0.00474499 0 0 0 0.000593124 0 0 0 0.000593124)
(0.00474772 0 0 0 0.000593465 0 0 0 0.000593465)
(0.00475046 0 0 0 0.000593808 0 0 0 0.000593808)
(0.00475322 0 0 0 0.000594153 0 0 0 0.000594153)
(0.004756 0 0 0 0.000594501 0 0 0 0.000594501)
(0.00475881 0 0 0 0.000594851 0 0 0 0.000594851)
(0.00476164 0 0 0 0.000595205 0 0 0 0.000595205)
(0.0047645 0 0 0 0.000595562 0 0 0 0.000595562)
(0.0047674 0 0 0 0.000595926 0 0 0 0.000595926)
(0.00476966 0 0 0 0.000596208 0 0 0 0.000596208)
(0.00477105 0 0 0 0.000596381 0 0 0 0.000596381)
(0.00425221 0 0 0 0.000531526 0 0 0 0.000531526)
(0.00425306 0 0 0 0.000531632 0 0 0 0.000531632)
(0.00425475 0 0 0 0.000531844 0 0 0 0.000531844)
(0.00425666 0 0 0 0.000532083 0 0 0 0.000532083)
(0.00425863 0 0 0 0.000532329 0 0 0 0.000532329)
(0.00426063 0 0 0 0.000532579 0 0 0 0.000532579)
(0.00426266 0 0 0 0.000532833 0 0 0 0.000532833)
(0.00426471 0 0 0 0.000533089 0 0 0 0.000533089)
(0.00426677 0 0 0 0.000533346 0 0 0 0.000533346)
(0.00426884 0 0 0 0.000533605 0 0 0 0.000533605)
(0.00427092 0 0 0 0.000533865 0 0 0 0.000533865)
(0.004273 0 0 0 0.000534126 0 0 0 0.000534126)
(0.0042751 0 0 0 0.000534387 0 0 0 0.000534387)
(0.00427719 0 0 0 0.000534649 0 0 0 0.000534649)
(0.00427929 0 0 0 0.000534911 0 0 0 0.000534911)
(0.00428139 0 0 0 0.000535174 0 0 0 0.000535174)
(0.0042835 0 0 0 0.000535437 0 0 0 0.000535437)
(0.0042856 0 0 0 0.0005357 0 0 0 0.0005357)
(0.00428771 0 0 0 0.000535964 0 0 0 0.000535964)
(0.00428982 0 0 0 0.000536228 0 0 0 0.000536228)
(0.00429193 0 0 0 0.000536491 0 0 0 0.000536491)
(0.00429404 0 0 0 0.000536755 0 0 0 0.000536755)
(0.00429615 0 0 0 0.000537019 0 0 0 0.000537019)
(0.00429827 0 0 0 0.000537283 0 0 0 0.000537283)
(0.00430038 0 0 0 0.000537548 0 0 0 0.000537548)
(0.00430249 0 0 0 0.000537812 0 0 0 0.000537812)
(0.00430461 0 0 0 0.000538076 0 0 0 0.000538076)
(0.00430672 0 0 0 0.00053834 0 0 0 0.00053834)
(0.00430883 0 0 0 0.000538604 0 0 0 0.000538604)
(0.00431095 0 0 0 0.000538868 0 0 0 0.000538868)
(0.00431306 0 0 0 0.000539132 0 0 0 0.000539132)
(0.00431517 0 0 0 0.000539396 0 0 0 0.000539396)
(0.00431728 0 0 0 0.00053966 0 0 0 0.00053966)
(0.00431939 0 0 0 0.000539923 0 0 0 0.000539923)
(0.00432149 0 0 0 0.000540187 0 0 0 0.000540187)
(0.0043236 0 0 0 0.00054045 0 0 0 0.00054045)
(0.0043257 0 0 0 0.000540713 0 0 0 0.000540713)
(0.0043278 0 0 0 0.000540975 0 0 0 0.000540975)
(0.0043299 0 0 0 0.000541238 0 0 0 0.000541238)
(0.004332 0 0 0 0.0005415 0 0 0 0.0005415)
(0.00433409 0 0 0 0.000541762 0 0 0 0.000541762)
(0.00433618 0 0 0 0.000542023 0 0 0 0.000542023)
(0.00433827 0 0 0 0.000542284 0 0 0 0.000542284)
(0.00434036 0 0 0 0.000542545 0 0 0 0.000542545)
(0.00434244 0 0 0 0.000542805 0 0 0 0.000542805)
(0.00434452 0 0 0 0.000543065 0 0 0 0.000543065)
(0.0043466 0 0 0 0.000543325 0 0 0 0.000543325)
(0.00434867 0 0 0 0.000543583 0 0 0 0.000543583)
(0.00435073 0 0 0 0.000543842 0 0 0 0.000543842)
(0.0043528 0 0 0 0.0005441 0 0 0 0.0005441)
(0.00435486 0 0 0 0.000544357 0 0 0 0.000544357)
(0.00435691 0 0 0 0.000544614 0 0 0 0.000544614)
(0.00435896 0 0 0 0.00054487 0 0 0 0.00054487)
(0.004361 0 0 0 0.000545125 0 0 0 0.000545125)
(0.00436304 0 0 0 0.00054538 0 0 0 0.00054538)
(0.00436507 0 0 0 0.000545634 0 0 0 0.000545634)
(0.0043671 0 0 0 0.000545888 0 0 0 0.000545888)
(0.00436912 0 0 0 0.00054614 0 0 0 0.00054614)
(0.00437114 0 0 0 0.000546392 0 0 0 0.000546392)
(0.00437315 0 0 0 0.000546644 0 0 0 0.000546644)
(0.00437515 0 0 0 0.000546894 0 0 0 0.000546894)
(0.00437715 0 0 0 0.000547143 0 0 0 0.000547143)
(0.00437914 0 0 0 0.000547392 0 0 0 0.000547392)
(0.00438112 0 0 0 0.00054764 0 0 0 0.00054764)
(0.00438309 0 0 0 0.000547887 0 0 0 0.000547887)
(0.00438506 0 0 0 0.000548133 0 0 0 0.000548133)
(0.00438702 0 0 0 0.000548378 0 0 0 0.000548378)
(0.00438898 0 0 0 0.000548622 0 0 0 0.000548622)
(0.00439092 0 0 0 0.000548865 0 0 0 0.000548865)
(0.00439286 0 0 0 0.000549107 0 0 0 0.000549107)
(0.00439479 0 0 0 0.000549348 0 0 0 0.000549348)
(0.00439671 0 0 0 0.000549589 0 0 0 0.000549589)
(0.00439862 0 0 0 0.000549827 0 0 0 0.000549827)
(0.00440052 0 0 0 0.000550065 0 0 0 0.000550065)
(0.00440242 0 0 0 0.000550302 0 0 0 0.000550302)
(0.0044043 0 0 0 0.000550538 0 0 0 0.000550538)
(0.00440618 0 0 0 0.000550772 0 0 0 0.000550772)
(0.00440805 0 0 0 0.000551006 0 0 0 0.000551006)
(0.0044099 0 0 0 0.000551238 0 0 0 0.000551238)
(0.00441175 0 0 0 0.000551469 0 0 0 0.000551469)
(0.00441359 0 0 0 0.000551699 0 0 0 0.000551699)
(0.00441542 0 0 0 0.000551928 0 0 0 0.000551928)
(0.00441724 0 0 0 0.000552155 0 0 0 0.000552155)
(0.00441905 0 0 0 0.000552381 0 0 0 0.000552381)
(0.00442085 0 0 0 0.000552606 0 0 0 0.000552606)
(0.00442264 0 0 0 0.00055283 0 0 0 0.00055283)
(0.00442442 0 0 0 0.000553052 0 0 0 0.000553052)
(0.00442618 0 0 0 0.000553273 0 0 0 0.000553273)
(0.00442794 0 0 0 0.000553493 0 0 0 0.000553493)
(0.00442969 0 0 0 0.000553712 0 0 0 0.000553712)
(0.00443143 0 0 0 0.000553929 0 0 0 0.000553929)
(0.00443316 0 0 0 0.000554145 0 0 0 0.000554145)
(0.00443487 0 0 0 0.000554359 0 0 0 0.000554359)
(0.00443658 0 0 0 0.000554573 0 0 0 0.000554573)
(0.00443828 0 0 0 0.000554785 0 0 0 0.000554785)
(0.00443996 0 0 0 0.000554995 0 0 0 0.000554995)
(0.00444164 0 0 0 0.000555205 0 0 0 0.000555205)
(0.0044433 0 0 0 0.000555413 0 0 0 0.000555413)
(0.00444496 0 0 0 0.00055562 0 0 0 0.00055562)
(0.0044466 0 0 0 0.000555825 0 0 0 0.000555825)
(0.00444824 0 0 0 0.00055603 0 0 0 0.00055603)
(0.00444986 0 0 0 0.000556233 0 0 0 0.000556233)
(0.00445147 0 0 0 0.000556434 0 0 0 0.000556434)
(0.00445308 0 0 0 0.000556635 0 0 0 0.000556635)
(0.00445467 0 0 0 0.000556834 0 0 0 0.000556834)
(0.00445626 0 0 0 0.000557032 0 0 0 0.000557032)
(0.00445783 0 0 0 0.000557229 0 0 0 0.000557229)
(0.0044594 0 0 0 0.000557425 0 0 0 0.000557425)
(0.00446096 0 0 0 0.00055762 0 0 0 0.00055762)
(0.00446251 0 0 0 0.000557813 0 0 0 0.000557813)
(0.00446405 0 0 0 0.000558006 0 0 0 0.000558006)
(0.00446558 0 0 0 0.000558197 0 0 0 0.000558197)
(0.0044671 0 0 0 0.000558388 0 0 0 0.000558388)
(0.00446862 0 0 0 0.000558577 0 0 0 0.000558577)
(0.00447012 0 0 0 0.000558766 0 0 0 0.000558766)
(0.00447163 0 0 0 0.000558953 0 0 0 0.000558953)
(0.00447312 0 0 0 0.00055914 0 0 0 0.00055914)
(0.00447461 0 0 0 0.000559326 0 0 0 0.000559326)
(0.00447609 0 0 0 0.000559511 0 0 0 0.000559511)
(0.00447757 0 0 0 0.000559696 0 0 0 0.000559696)
(0.00447904 0 0 0 0.00055988 0 0 0 0.00055988)
(0.00448051 0 0 0 0.000560063 0 0 0 0.000560063)
(0.00448197 0 0 0 0.000560246 0 0 0 0.000560246)
(0.00448343 0 0 0 0.000560428 0 0 0 0.000560428)
(0.00448488 0 0 0 0.00056061 0 0 0 0.00056061)
(0.00448634 0 0 0 0.000560792 0 0 0 0.000560792)
(0.00448779 0 0 0 0.000560974 0 0 0 0.000560974)
(0.00448924 0 0 0 0.000561155 0 0 0 0.000561155)
(0.00449069 0 0 0 0.000561336 0 0 0 0.000561336)
(0.00449214 0 0 0 0.000561517 0 0 0 0.000561517)
(0.00449359 0 0 0 0.000561698 0 0 0 0.000561698)
(0.00449504 0 0 0 0.00056188 0 0 0 0.00056188)
(0.00449649 0 0 0 0.000562062 0 0 0 0.000562062)
(0.00449795 0 0 0 0.000562244 0 0 0 0.000562244)
(0.00449941 0 0 0 0.000562426 0 0 0 0.000562426)
(0.00450087 0 0 0 0.000562609 0 0 0 0.000562609)
(0.00450233 0 0 0 0.000562791 0 0 0 0.000562791)
(0.00450377 0 0 0 0.000562972 0 0 0 0.000562972)
(0.00450521 0 0 0 0.000563152 0 0 0 0.000563152)
(0.00450665 0 0 0 0.000563331 0 0 0 0.000563331)
(0.00450807 0 0 0 0.000563509 0 0 0 0.000563509)
(0.0045095 0 0 0 0.000563687 0 0 0 0.000563687)
(0.00451092 0 0 0 0.000563864 0 0 0 0.000563864)
(0.00451233 0 0 0 0.000564041 0 0 0 0.000564041)
(0.00451374 0 0 0 0.000564218 0 0 0 0.000564218)
(0.00451515 0 0 0 0.000564394 0 0 0 0.000564394)
(0.00451656 0 0 0 0.00056457 0 0 0 0.00056457)
(0.00451797 0 0 0 0.000564747 0 0 0 0.000564747)
(0.00451938 0 0 0 0.000564923 0 0 0 0.000564923)
(0.00452079 0 0 0 0.000565099 0 0 0 0.000565099)
(0.00452221 0 0 0 0.000565276 0 0 0 0.000565276)
(0.00452362 0 0 0 0.000565453 0 0 0 0.000565453)
(0.00452504 0 0 0 0.00056563 0 0 0 0.00056563)
(0.00452646 0 0 0 0.000565808 0 0 0 0.000565808)
(0.00452789 0 0 0 0.000565986 0 0 0 0.000565986)
(0.00452932 0 0 0 0.000566165 0 0 0 0.000566165)
(0.00453076 0 0 0 0.000566345 0 0 0 0.000566345)
(0.0045322 0 0 0 0.000566525 0 0 0 0.000566525)
(0.00453365 0 0 0 0.000566706 0 0 0 0.000566706)
(0.00453511 0 0 0 0.000566889 0 0 0 0.000566889)
(0.00453657 0 0 0 0.000567072 0 0 0 0.000567072)
(0.00453804 0 0 0 0.000567256 0 0 0 0.000567256)
(0.00453952 0 0 0 0.000567441 0 0 0 0.000567441)
(0.00454101 0 0 0 0.000567627 0 0 0 0.000567627)
(0.00454251 0 0 0 0.000567814 0 0 0 0.000567814)
(0.00454402 0 0 0 0.000568003 0 0 0 0.000568003)
(0.00454554 0 0 0 0.000568192 0 0 0 0.000568192)
(0.00454707 0 0 0 0.000568383 0 0 0 0.000568383)
(0.00454861 0 0 0 0.000568576 0 0 0 0.000568576)
(0.00455016 0 0 0 0.00056877 0 0 0 0.00056877)
(0.00455172 0 0 0 0.000568965 0 0 0 0.000568965)
(0.00455329 0 0 0 0.000569161 0 0 0 0.000569161)
(0.00455488 0 0 0 0.000569359 0 0 0 0.000569359)
(0.00455647 0 0 0 0.000569559 0 0 0 0.000569559)
(0.00455808 0 0 0 0.00056976 0 0 0 0.00056976)
(0.0045597 0 0 0 0.000569963 0 0 0 0.000569963)
(0.00456134 0 0 0 0.000570168 0 0 0 0.000570168)
(0.00456299 0 0 0 0.000570374 0 0 0 0.000570374)
(0.00456465 0 0 0 0.000570581 0 0 0 0.000570581)
(0.00456633 0 0 0 0.000570791 0 0 0 0.000570791)
(0.00456801 0 0 0 0.000571002 0 0 0 0.000571002)
(0.00456972 0 0 0 0.000571215 0 0 0 0.000571215)
(0.00457143 0 0 0 0.000571429 0 0 0 0.000571429)
(0.00457316 0 0 0 0.000571646 0 0 0 0.000571646)
(0.00457491 0 0 0 0.000571864 0 0 0 0.000571864)
(0.00457667 0 0 0 0.000572084 0 0 0 0.000572084)
(0.00457844 0 0 0 0.000572305 0 0 0 0.000572305)
(0.00458023 0 0 0 0.000572529 0 0 0 0.000572529)
(0.00458204 0 0 0 0.000572754 0 0 0 0.000572754)
(0.00458385 0 0 0 0.000572982 0 0 0 0.000572982)
(0.00458569 0 0 0 0.000573211 0 0 0 0.000573211)
(0.00458753 0 0 0 0.000573442 0 0 0 0.000573442)
(0.0045894 0 0 0 0.000573675 0 0 0 0.000573675)
(0.00459127 0 0 0 0.000573909 0 0 0 0.000573909)
(0.00459317 0 0 0 0.000574146 0 0 0 0.000574146)
(0.00459507 0 0 0 0.000574384 0 0 0 0.000574384)
(0.004597 0 0 0 0.000574625 0 0 0 0.000574625)
(0.00459893 0 0 0 0.000574867 0 0 0 0.000574867)
(0.00460089 0 0 0 0.000575111 0 0 0 0.000575111)
(0.00460285 0 0 0 0.000575357 0 0 0 0.000575357)
(0.00460484 0 0 0 0.000575605 0 0 0 0.000575605)
(0.00460683 0 0 0 0.000575854 0 0 0 0.000575854)
(0.00460885 0 0 0 0.000576106 0 0 0 0.000576106)
(0.00461087 0 0 0 0.000576359 0 0 0 0.000576359)
(0.00461292 0 0 0 0.000576614 0 0 0 0.000576614)
(0.00461497 0 0 0 0.000576872 0 0 0 0.000576872)
(0.00461704 0 0 0 0.00057713 0 0 0 0.00057713)
(0.00461913 0 0 0 0.000577391 0 0 0 0.000577391)
(0.00462123 0 0 0 0.000577654 0 0 0 0.000577654)
(0.00462334 0 0 0 0.000577918 0 0 0 0.000577918)
(0.00462547 0 0 0 0.000578184 0 0 0 0.000578184)
(0.00462762 0 0 0 0.000578452 0 0 0 0.000578452)
(0.00462977 0 0 0 0.000578722 0 0 0 0.000578722)
(0.00463195 0 0 0 0.000578993 0 0 0 0.000578993)
(0.00463413 0 0 0 0.000579267 0 0 0 0.000579267)
(0.00463633 0 0 0 0.000579541 0 0 0 0.000579541)
(0.00463854 0 0 0 0.000579818 0 0 0 0.000579818)
(0.00464077 0 0 0 0.000580096 0 0 0 0.000580096)
(0.00464301 0 0 0 0.000580377 0 0 0 0.000580377)
(0.00464526 0 0 0 0.000580658 0 0 0 0.000580658)
(0.00464753 0 0 0 0.000580942 0 0 0 0.000580942)
(0.00464981 0 0 0 0.000581227 0 0 0 0.000581227)
(0.0046521 0 0 0 0.000581513 0 0 0 0.000581513)
(0.00465441 0 0 0 0.000581801 0 0 0 0.000581801)
(0.00465673 0 0 0 0.000582091 0 0 0 0.000582091)
(0.00465906 0 0 0 0.000582382 0 0 0 0.000582382)
(0.0046614 0 0 0 0.000582675 0 0 0 0.000582675)
(0.00466376 0 0 0 0.00058297 0 0 0 0.00058297)
(0.00466613 0 0 0 0.000583266 0 0 0 0.000583266)
(0.0046685 0 0 0 0.000583563 0 0 0 0.000583563)
(0.0046709 0 0 0 0.000583862 0 0 0 0.000583862)
(0.0046733 0 0 0 0.000584162 0 0 0 0.000584162)
(0.00467571 0 0 0 0.000584464 0 0 0 0.000584464)
(0.00467814 0 0 0 0.000584767 0 0 0 0.000584767)
(0.00468058 0 0 0 0.000585072 0 0 0 0.000585072)
(0.00468302 0 0 0 0.000585378 0 0 0 0.000585378)
(0.00468548 0 0 0 0.000585685 0 0 0 0.000585685)
(0.00468795 0 0 0 0.000585994 0 0 0 0.000585994)
(0.00469043 0 0 0 0.000586304 0 0 0 0.000586304)
(0.00469292 0 0 0 0.000586615 0 0 0 0.000586615)
(0.00469542 0 0 0 0.000586928 0 0 0 0.000586928)
(0.00469793 0 0 0 0.000587242 0 0 0 0.000587242)
(0.00470045 0 0 0 0.000587557 0 0 0 0.000587557)
(0.00470299 0 0 0 0.000587873 0 0 0 0.000587873)
(0.00470553 0 0 0 0.000588191 0 0 0 0.000588191)
(0.00470808 0 0 0 0.00058851 0 0 0 0.00058851)
(0.00471064 0 0 0 0.00058883 0 0 0 0.00058883)
(0.00471321 0 0 0 0.000589151 0 0 0 0.000589151)
(0.00471579 0 0 0 0.000589474 0 0 0 0.000589474)
(0.00471838 0 0 0 0.000589798 0 0 0 0.000589798)
(0.00472098 0 0 0 0.000590123 0 0 0 0.000590123)
(0.00472359 0 0 0 0.000590449 0 0 0 0.000590449)
(0.00472622 0 0 0 0.000590777 0 0 0 0.000590777)
(0.00472885 0 0 0 0.000591106 0 0 0 0.000591106)
(0.00473149 0 0 0 0.000591436 0 0 0 0.000591436)
(0.00473414 0 0 0 0.000591768 0 0 0 0.000591768)
(0.00473681 0 0 0 0.000592101 0 0 0 0.000592101)
(0.00473949 0 0 0 0.000592436 0 0 0 0.000592436)
(0.00474218 0 0 0 0.000592772 0 0 0 0.000592772)
(0.00474488 0 0 0 0.00059311 0 0 0 0.00059311)
(0.0047476 0 0 0 0.00059345 0 0 0 0.00059345)
(0.00475034 0 0 0 0.000593792 0 0 0 0.000593792)
(0.00475309 0 0 0 0.000594137 0 0 0 0.000594137)
(0.00475587 0 0 0 0.000594483 0 0 0 0.000594483)
(0.00475866 0 0 0 0.000594833 0 0 0 0.000594833)
(0.00476148 0 0 0 0.000595185 0 0 0 0.000595185)
(0.00476433 0 0 0 0.000595541 0 0 0 0.000595541)
(0.00476723 0 0 0 0.000595904 0 0 0 0.000595904)
(0.00476951 0 0 0 0.000596189 0 0 0 0.000596189)
(0.00477092 0 0 0 0.000596365 0 0 0 0.000596365)
(0.0042526 0 0 0 0.000531575 0 0 0 0.000531575)
(0.00425339 0 0 0 0.000531674 0 0 0 0.000531674)
(0.00425498 0 0 0 0.000531873 0 0 0 0.000531873)
(0.00425685 0 0 0 0.000532106 0 0 0 0.000532106)
(0.00425877 0 0 0 0.000532347 0 0 0 0.000532347)
(0.00426074 0 0 0 0.000532592 0 0 0 0.000532592)
(0.00426274 0 0 0 0.000532842 0 0 0 0.000532842)
(0.00426476 0 0 0 0.000533095 0 0 0 0.000533095)
(0.0042668 0 0 0 0.00053335 0 0 0 0.00053335)
(0.00426886 0 0 0 0.000533607 0 0 0 0.000533607)
(0.00427093 0 0 0 0.000533866 0 0 0 0.000533866)
(0.004273 0 0 0 0.000534125 0 0 0 0.000534125)
(0.00427509 0 0 0 0.000534386 0 0 0 0.000534386)
(0.00427718 0 0 0 0.000534647 0 0 0 0.000534647)
(0.00427927 0 0 0 0.000534909 0 0 0 0.000534909)
(0.00428137 0 0 0 0.000535172 0 0 0 0.000535172)
(0.00428347 0 0 0 0.000535434 0 0 0 0.000535434)
(0.00428558 0 0 0 0.000535697 0 0 0 0.000535697)
(0.00428769 0 0 0 0.000535961 0 0 0 0.000535961)
(0.00428979 0 0 0 0.000536224 0 0 0 0.000536224)
(0.0042919 0 0 0 0.000536488 0 0 0 0.000536488)
(0.00429401 0 0 0 0.000536752 0 0 0 0.000536752)
(0.00429613 0 0 0 0.000537016 0 0 0 0.000537016)
(0.00429824 0 0 0 0.00053728 0 0 0 0.00053728)
(0.00430035 0 0 0 0.000537544 0 0 0 0.000537544)
(0.00430247 0 0 0 0.000537808 0 0 0 0.000537808)
(0.00430458 0 0 0 0.000538072 0 0 0 0.000538072)
(0.00430669 0 0 0 0.000538337 0 0 0 0.000538337)
(0.0043088 0 0 0 0.000538601 0 0 0 0.000538601)
(0.00431092 0 0 0 0.000538865 0 0 0 0.000538865)
(0.00431303 0 0 0 0.000539129 0 0 0 0.000539129)
(0.00431514 0 0 0 0.000539392 0 0 0 0.000539392)
(0.00431725 0 0 0 0.000539656 0 0 0 0.000539656)
(0.00431936 0 0 0 0.00053992 0 0 0 0.00053992)
(0.00432146 0 0 0 0.000540183 0 0 0 0.000540183)
(0.00432357 0 0 0 0.000540446 0 0 0 0.000540446)
(0.00432567 0 0 0 0.000540709 0 0 0 0.000540709)
(0.00432778 0 0 0 0.000540972 0 0 0 0.000540972)
(0.00432987 0 0 0 0.000541234 0 0 0 0.000541234)
(0.00433197 0 0 0 0.000541497 0 0 0 0.000541497)
(0.00433407 0 0 0 0.000541758 0 0 0 0.000541758)
(0.00433616 0 0 0 0.00054202 0 0 0 0.00054202)
(0.00433825 0 0 0 0.000542281 0 0 0 0.000542281)
(0.00434033 0 0 0 0.000542542 0 0 0 0.000542542)
(0.00434242 0 0 0 0.000542802 0 0 0 0.000542802)
(0.00434449 0 0 0 0.000543062 0 0 0 0.000543062)
(0.00434657 0 0 0 0.000543321 0 0 0 0.000543321)
(0.00434864 0 0 0 0.00054358 0 0 0 0.00054358)
(0.00435071 0 0 0 0.000543839 0 0 0 0.000543839)
(0.00435277 0 0 0 0.000544097 0 0 0 0.000544097)
(0.00435483 0 0 0 0.000544354 0 0 0 0.000544354)
(0.00435688 0 0 0 0.000544611 0 0 0 0.000544611)
(0.00435893 0 0 0 0.000544867 0 0 0 0.000544867)
(0.00436098 0 0 0 0.000545122 0 0 0 0.000545122)
(0.00436302 0 0 0 0.000545377 0 0 0 0.000545377)
(0.00436505 0 0 0 0.000545631 0 0 0 0.000545631)
(0.00436708 0 0 0 0.000545885 0 0 0 0.000545885)
(0.0043691 0 0 0 0.000546137 0 0 0 0.000546137)
(0.00437111 0 0 0 0.000546389 0 0 0 0.000546389)
(0.00437312 0 0 0 0.000546641 0 0 0 0.000546641)
(0.00437513 0 0 0 0.000546891 0 0 0 0.000546891)
(0.00437712 0 0 0 0.000547141 0 0 0 0.000547141)
(0.00437911 0 0 0 0.000547389 0 0 0 0.000547389)
(0.0043811 0 0 0 0.000547637 0 0 0 0.000547637)
(0.00438307 0 0 0 0.000547884 0 0 0 0.000547884)
(0.00438504 0 0 0 0.00054813 0 0 0 0.00054813)
(0.004387 0 0 0 0.000548375 0 0 0 0.000548375)
(0.00438895 0 0 0 0.000548619 0 0 0 0.000548619)
(0.0043909 0 0 0 0.000548863 0 0 0 0.000548863)
(0.00439284 0 0 0 0.000549105 0 0 0 0.000549105)
(0.00439477 0 0 0 0.000549346 0 0 0 0.000549346)
(0.00439669 0 0 0 0.000549586 0 0 0 0.000549586)
(0.0043986 0 0 0 0.000549825 0 0 0 0.000549825)
(0.0044005 0 0 0 0.000550063 0 0 0 0.000550063)
(0.0044024 0 0 0 0.0005503 0 0 0 0.0005503)
(0.00440428 0 0 0 0.000550535 0 0 0 0.000550535)
(0.00440616 0 0 0 0.00055077 0 0 0 0.00055077)
(0.00440803 0 0 0 0.000551003 0 0 0 0.000551003)
(0.00440988 0 0 0 0.000551236 0 0 0 0.000551236)
(0.00441173 0 0 0 0.000551467 0 0 0 0.000551467)
(0.00441357 0 0 0 0.000551697 0 0 0 0.000551697)
(0.0044154 0 0 0 0.000551925 0 0 0 0.000551925)
(0.00441722 0 0 0 0.000552153 0 0 0 0.000552153)
(0.00441903 0 0 0 0.000552379 0 0 0 0.000552379)
(0.00442083 0 0 0 0.000552604 0 0 0 0.000552604)
(0.00442262 0 0 0 0.000552827 0 0 0 0.000552827)
(0.0044244 0 0 0 0.00055305 0 0 0 0.00055305)
(0.00442617 0 0 0 0.000553271 0 0 0 0.000553271)
(0.00442793 0 0 0 0.000553491 0 0 0 0.000553491)
(0.00442967 0 0 0 0.000553709 0 0 0 0.000553709)
(0.00443141 0 0 0 0.000553927 0 0 0 0.000553927)
(0.00443314 0 0 0 0.000554143 0 0 0 0.000554143)
(0.00443486 0 0 0 0.000554357 0 0 0 0.000554357)
(0.00443656 0 0 0 0.000554571 0 0 0 0.000554571)
(0.00443826 0 0 0 0.000554783 0 0 0 0.000554783)
(0.00443995 0 0 0 0.000554993 0 0 0 0.000554993)
(0.00444162 0 0 0 0.000555203 0 0 0 0.000555203)
(0.00444329 0 0 0 0.000555411 0 0 0 0.000555411)
(0.00444494 0 0 0 0.000555618 0 0 0 0.000555618)
(0.00444659 0 0 0 0.000555823 0 0 0 0.000555823)
(0.00444822 0 0 0 0.000556028 0 0 0 0.000556028)
(0.00444984 0 0 0 0.000556231 0 0 0 0.000556231)
(0.00445146 0 0 0 0.000556432 0 0 0 0.000556432)
(0.00445306 0 0 0 0.000556633 0 0 0 0.000556633)
(0.00445466 0 0 0 0.000556832 0 0 0 0.000556832)
(0.00445624 0 0 0 0.000557031 0 0 0 0.000557031)
(0.00445782 0 0 0 0.000557227 0 0 0 0.000557227)
(0.00445939 0 0 0 0.000557423 0 0 0 0.000557423)
(0.00446094 0 0 0 0.000557618 0 0 0 0.000557618)
(0.00446249 0 0 0 0.000557812 0 0 0 0.000557812)
(0.00446403 0 0 0 0.000558004 0 0 0 0.000558004)
(0.00446556 0 0 0 0.000558196 0 0 0 0.000558196)
(0.00446709 0 0 0 0.000558386 0 0 0 0.000558386)
(0.0044686 0 0 0 0.000558576 0 0 0 0.000558576)
(0.00447011 0 0 0 0.000558764 0 0 0 0.000558764)
(0.00447161 0 0 0 0.000558952 0 0 0 0.000558952)
(0.00447311 0 0 0 0.000559139 0 0 0 0.000559139)
(0.0044746 0 0 0 0.000559325 0 0 0 0.000559325)
(0.00447608 0 0 0 0.00055951 0 0 0 0.00055951)
(0.00447756 0 0 0 0.000559694 0 0 0 0.000559694)
(0.00447903 0 0 0 0.000559878 0 0 0 0.000559878)
(0.00448049 0 0 0 0.000560062 0 0 0 0.000560062)
(0.00448196 0 0 0 0.000560245 0 0 0 0.000560245)
(0.00448342 0 0 0 0.000560427 0 0 0 0.000560427)
(0.00448487 0 0 0 0.000560609 0 0 0 0.000560609)
(0.00448632 0 0 0 0.000560791 0 0 0 0.000560791)
(0.00448778 0 0 0 0.000560972 0 0 0 0.000560972)
(0.00448923 0 0 0 0.000561153 0 0 0 0.000561153)
(0.00449068 0 0 0 0.000561334 0 0 0 0.000561334)
(0.00449212 0 0 0 0.000561516 0 0 0 0.000561516)
(0.00449357 0 0 0 0.000561697 0 0 0 0.000561697)
(0.00449503 0 0 0 0.000561878 0 0 0 0.000561878)
(0.00449648 0 0 0 0.00056206 0 0 0 0.00056206)
(0.00449794 0 0 0 0.000562242 0 0 0 0.000562242)
(0.0044994 0 0 0 0.000562425 0 0 0 0.000562425)
(0.00450086 0 0 0 0.000562607 0 0 0 0.000562607)
(0.00450232 0 0 0 0.000562789 0 0 0 0.000562789)
(0.00450376 0 0 0 0.00056297 0 0 0 0.00056297)
(0.0045052 0 0 0 0.00056315 0 0 0 0.00056315)
(0.00450664 0 0 0 0.00056333 0 0 0 0.00056333)
(0.00450806 0 0 0 0.000563508 0 0 0 0.000563508)
(0.00450949 0 0 0 0.000563686 0 0 0 0.000563686)
(0.0045109 0 0 0 0.000563863 0 0 0 0.000563863)
(0.00451232 0 0 0 0.00056404 0 0 0 0.00056404)
(0.00451373 0 0 0 0.000564216 0 0 0 0.000564216)
(0.00451514 0 0 0 0.000564393 0 0 0 0.000564393)
(0.00451655 0 0 0 0.000564569 0 0 0 0.000564569)
(0.00451796 0 0 0 0.000564745 0 0 0 0.000564745)
(0.00451937 0 0 0 0.000564921 0 0 0 0.000564921)
(0.00452078 0 0 0 0.000565098 0 0 0 0.000565098)
(0.00452219 0 0 0 0.000565274 0 0 0 0.000565274)
(0.00452361 0 0 0 0.000565451 0 0 0 0.000565451)
(0.00452503 0 0 0 0.000565629 0 0 0 0.000565629)
(0.00452645 0 0 0 0.000565806 0 0 0 0.000565806)
(0.00452788 0 0 0 0.000565985 0 0 0 0.000565985)
(0.00452931 0 0 0 0.000566164 0 0 0 0.000566164)
(0.00453075 0 0 0 0.000566343 0 0 0 0.000566343)
(0.00453219 0 0 0 0.000566524 0 0 0 0.000566524)
(0.00453364 0 0 0 0.000566705 0 0 0 0.000566705)
(0.00453509 0 0 0 0.000566887 0 0 0 0.000566887)
(0.00453656 0 0 0 0.00056707 0 0 0 0.00056707)
(0.00453803 0 0 0 0.000567254 0 0 0 0.000567254)
(0.00453951 0 0 0 0.000567439 0 0 0 0.000567439)
(0.004541 0 0 0 0.000567625 0 0 0 0.000567625)
(0.0045425 0 0 0 0.000567812 0 0 0 0.000567812)
(0.00454401 0 0 0 0.000568001 0 0 0 0.000568001)
(0.00454552 0 0 0 0.000568191 0 0 0 0.000568191)
(0.00454705 0 0 0 0.000568382 0 0 0 0.000568382)
(0.00454859 0 0 0 0.000568574 0 0 0 0.000568574)
(0.00455014 0 0 0 0.000568768 0 0 0 0.000568768)
(0.0045517 0 0 0 0.000568963 0 0 0 0.000568963)
(0.00455327 0 0 0 0.000569159 0 0 0 0.000569159)
(0.00455486 0 0 0 0.000569358 0 0 0 0.000569358)
(0.00455646 0 0 0 0.000569557 0 0 0 0.000569557)
(0.00455807 0 0 0 0.000569758 0 0 0 0.000569758)
(0.00455969 0 0 0 0.000569961 0 0 0 0.000569961)
(0.00456132 0 0 0 0.000570165 0 0 0 0.000570165)
(0.00456297 0 0 0 0.000570372 0 0 0 0.000570372)
(0.00456463 0 0 0 0.000570579 0 0 0 0.000570579)
(0.00456631 0 0 0 0.000570789 0 0 0 0.000570789)
(0.004568 0 0 0 0.000571 0 0 0 0.000571)
(0.0045697 0 0 0 0.000571212 0 0 0 0.000571212)
(0.00457142 0 0 0 0.000571427 0 0 0 0.000571427)
(0.00457315 0 0 0 0.000571643 0 0 0 0.000571643)
(0.00457489 0 0 0 0.000571861 0 0 0 0.000571861)
(0.00457665 0 0 0 0.000572081 0 0 0 0.000572081)
(0.00457842 0 0 0 0.000572303 0 0 0 0.000572303)
(0.00458021 0 0 0 0.000572527 0 0 0 0.000572527)
(0.00458202 0 0 0 0.000572752 0 0 0 0.000572752)
(0.00458383 0 0 0 0.000572979 0 0 0 0.000572979)
(0.00458567 0 0 0 0.000573208 0 0 0 0.000573208)
(0.00458751 0 0 0 0.000573439 0 0 0 0.000573439)
(0.00458938 0 0 0 0.000573672 0 0 0 0.000573672)
(0.00459125 0 0 0 0.000573907 0 0 0 0.000573907)
(0.00459315 0 0 0 0.000574143 0 0 0 0.000574143)
(0.00459505 0 0 0 0.000574382 0 0 0 0.000574382)
(0.00459698 0 0 0 0.000574622 0 0 0 0.000574622)
(0.00459891 0 0 0 0.000574864 0 0 0 0.000574864)
(0.00460087 0 0 0 0.000575108 0 0 0 0.000575108)
(0.00460283 0 0 0 0.000575354 0 0 0 0.000575354)
(0.00460481 0 0 0 0.000575602 0 0 0 0.000575602)
(0.00460681 0 0 0 0.000575852 0 0 0 0.000575852)
(0.00460882 0 0 0 0.000576103 0 0 0 0.000576103)
(0.00461085 0 0 0 0.000576356 0 0 0 0.000576356)
(0.00461289 0 0 0 0.000576612 0 0 0 0.000576612)
(0.00461495 0 0 0 0.000576869 0 0 0 0.000576869)
(0.00461702 0 0 0 0.000577127 0 0 0 0.000577127)
(0.0046191 0 0 0 0.000577388 0 0 0 0.000577388)
(0.00462121 0 0 0 0.000577651 0 0 0 0.000577651)
(0.00462332 0 0 0 0.000577915 0 0 0 0.000577915)
(0.00462545 0 0 0 0.000578181 0 0 0 0.000578181)
(0.00462759 0 0 0 0.000578449 0 0 0 0.000578449)
(0.00462975 0 0 0 0.000578719 0 0 0 0.000578719)
(0.00463192 0 0 0 0.00057899 0 0 0 0.00057899)
(0.00463411 0 0 0 0.000579263 0 0 0 0.000579263)
(0.0046363 0 0 0 0.000579538 0 0 0 0.000579538)
(0.00463852 0 0 0 0.000579815 0 0 0 0.000579815)
(0.00464074 0 0 0 0.000580093 0 0 0 0.000580093)
(0.00464298 0 0 0 0.000580373 0 0 0 0.000580373)
(0.00464524 0 0 0 0.000580655 0 0 0 0.000580655)
(0.0046475 0 0 0 0.000580938 0 0 0 0.000580938)
(0.00464978 0 0 0 0.000581223 0 0 0 0.000581223)
(0.00465208 0 0 0 0.00058151 0 0 0 0.00058151)
(0.00465438 0 0 0 0.000581798 0 0 0 0.000581798)
(0.0046567 0 0 0 0.000582087 0 0 0 0.000582087)
(0.00465903 0 0 0 0.000582379 0 0 0 0.000582379)
(0.00466137 0 0 0 0.000582672 0 0 0 0.000582672)
(0.00466373 0 0 0 0.000582966 0 0 0 0.000582966)
(0.00466609 0 0 0 0.000583262 0 0 0 0.000583262)
(0.00466847 0 0 0 0.000583559 0 0 0 0.000583559)
(0.00467086 0 0 0 0.000583858 0 0 0 0.000583858)
(0.00467327 0 0 0 0.000584158 0 0 0 0.000584158)
(0.00467568 0 0 0 0.00058446 0 0 0 0.00058446)
(0.0046781 0 0 0 0.000584763 0 0 0 0.000584763)
(0.00468054 0 0 0 0.000585068 0 0 0 0.000585068)
(0.00468299 0 0 0 0.000585373 0 0 0 0.000585373)
(0.00468545 0 0 0 0.000585681 0 0 0 0.000585681)
(0.00468791 0 0 0 0.000585989 0 0 0 0.000585989)
(0.00469039 0 0 0 0.000586299 0 0 0 0.000586299)
(0.00469288 0 0 0 0.00058661 0 0 0 0.00058661)
(0.00469538 0 0 0 0.000586923 0 0 0 0.000586923)
(0.00469789 0 0 0 0.000587236 0 0 0 0.000587236)
(0.00470041 0 0 0 0.000587551 0 0 0 0.000587551)
(0.00470294 0 0 0 0.000587867 0 0 0 0.000587867)
(0.00470548 0 0 0 0.000588185 0 0 0 0.000588185)
(0.00470803 0 0 0 0.000588503 0 0 0 0.000588503)
(0.00471058 0 0 0 0.000588823 0 0 0 0.000588823)
(0.00471315 0 0 0 0.000589144 0 0 0 0.000589144)
(0.00471573 0 0 0 0.000589466 0 0 0 0.000589466)
(0.00471832 0 0 0 0.000589789 0 0 0 0.000589789)
(0.00472091 0 0 0 0.000590114 0 0 0 0.000590114)
(0.00472352 0 0 0 0.00059044 0 0 0 0.00059044)
(0.00472613 0 0 0 0.000590766 0 0 0 0.000590766)
(0.00472876 0 0 0 0.000591095 0 0 0 0.000591095)
(0.00473139 0 0 0 0.000591424 0 0 0 0.000591424)
(0.00473404 0 0 0 0.000591755 0 0 0 0.000591755)
(0.00473669 0 0 0 0.000592087 0 0 0 0.000592087)
(0.00473936 0 0 0 0.00059242 0 0 0 0.00059242)
(0.00474204 0 0 0 0.000592755 0 0 0 0.000592755)
(0.00474473 0 0 0 0.000593092 0 0 0 0.000593092)
(0.00474744 0 0 0 0.00059343 0 0 0 0.00059343)
(0.00475016 0 0 0 0.00059377 0 0 0 0.00059377)
(0.0047529 0 0 0 0.000594113 0 0 0 0.000594113)
(0.00475566 0 0 0 0.000594458 0 0 0 0.000594458)
(0.00475844 0 0 0 0.000594805 0 0 0 0.000594805)
(0.00476124 0 0 0 0.000595156 0 0 0 0.000595156)
(0.00476408 0 0 0 0.00059551 0 0 0 0.00059551)
(0.00476695 0 0 0 0.000595869 0 0 0 0.000595869)
(0.00476928 0 0 0 0.000596159 0 0 0 0.000596159)
(0.00477071 0 0 0 0.000596339 0 0 0 0.000596339)
(0.00425269 0 0 0 0.000531586 0 0 0 0.000531586)
(0.00425346 0 0 0 0.000531682 0 0 0 0.000531682)
(0.00425499 0 0 0 0.000531874 0 0 0 0.000531874)
(0.00425686 0 0 0 0.000532108 0 0 0 0.000532108)
(0.00425878 0 0 0 0.000532348 0 0 0 0.000532348)
(0.00426075 0 0 0 0.000532593 0 0 0 0.000532593)
(0.00426274 0 0 0 0.000532842 0 0 0 0.000532842)
(0.00426476 0 0 0 0.000533095 0 0 0 0.000533095)
(0.00426679 0 0 0 0.000533349 0 0 0 0.000533349)
(0.00426885 0 0 0 0.000533606 0 0 0 0.000533606)
(0.00427091 0 0 0 0.000533864 0 0 0 0.000533864)
(0.00427299 0 0 0 0.000534123 0 0 0 0.000534123)
(0.00427507 0 0 0 0.000534384 0 0 0 0.000534384)
(0.00427716 0 0 0 0.000534645 0 0 0 0.000534645)
(0.00427925 0 0 0 0.000534906 0 0 0 0.000534906)
(0.00428135 0 0 0 0.000535169 0 0 0 0.000535169)
(0.00428345 0 0 0 0.000535431 0 0 0 0.000535431)
(0.00428555 0 0 0 0.000535694 0 0 0 0.000535694)
(0.00428766 0 0 0 0.000535958 0 0 0 0.000535958)
(0.00428977 0 0 0 0.000536221 0 0 0 0.000536221)
(0.00429188 0 0 0 0.000536485 0 0 0 0.000536485)
(0.00429399 0 0 0 0.000536749 0 0 0 0.000536749)
(0.0042961 0 0 0 0.000537012 0 0 0 0.000537012)
(0.00429821 0 0 0 0.000537277 0 0 0 0.000537277)
(0.00430032 0 0 0 0.000537541 0 0 0 0.000537541)
(0.00430244 0 0 0 0.000537805 0 0 0 0.000537805)
(0.00430455 0 0 0 0.000538069 0 0 0 0.000538069)
(0.00430666 0 0 0 0.000538333 0 0 0 0.000538333)
(0.00430878 0 0 0 0.000538597 0 0 0 0.000538597)
(0.00431089 0 0 0 0.000538861 0 0 0 0.000538861)
(0.004313 0 0 0 0.000539125 0 0 0 0.000539125)
(0.00431511 0 0 0 0.000539389 0 0 0 0.000539389)
(0.00431722 0 0 0 0.000539653 0 0 0 0.000539653)
(0.00431933 0 0 0 0.000539916 0 0 0 0.000539916)
(0.00432144 0 0 0 0.00054018 0 0 0 0.00054018)
(0.00432354 0 0 0 0.000540443 0 0 0 0.000540443)
(0.00432565 0 0 0 0.000540706 0 0 0 0.000540706)
(0.00432775 0 0 0 0.000540969 0 0 0 0.000540969)
(0.00432985 0 0 0 0.000541231 0 0 0 0.000541231)
(0.00433194 0 0 0 0.000541493 0 0 0 0.000541493)
(0.00433404 0 0 0 0.000541755 0 0 0 0.000541755)
(0.00433613 0 0 0 0.000542017 0 0 0 0.000542017)
(0.00433822 0 0 0 0.000542278 0 0 0 0.000542278)
(0.00434031 0 0 0 0.000542538 0 0 0 0.000542538)
(0.00434239 0 0 0 0.000542799 0 0 0 0.000542799)
(0.00434447 0 0 0 0.000543059 0 0 0 0.000543059)
(0.00434654 0 0 0 0.000543318 0 0 0 0.000543318)
(0.00434862 0 0 0 0.000543577 0 0 0 0.000543577)
(0.00435068 0 0 0 0.000543835 0 0 0 0.000543835)
(0.00435275 0 0 0 0.000544093 0 0 0 0.000544093)
(0.00435481 0 0 0 0.000544351 0 0 0 0.000544351)
(0.00435686 0 0 0 0.000544608 0 0 0 0.000544608)
(0.00435891 0 0 0 0.000544864 0 0 0 0.000544864)
(0.00436095 0 0 0 0.000545119 0 0 0 0.000545119)
(0.00436299 0 0 0 0.000545374 0 0 0 0.000545374)
(0.00436503 0 0 0 0.000545628 0 0 0 0.000545628)
(0.00436705 0 0 0 0.000545882 0 0 0 0.000545882)
(0.00436908 0 0 0 0.000546135 0 0 0 0.000546135)
(0.00437109 0 0 0 0.000546387 0 0 0 0.000546387)
(0.0043731 0 0 0 0.000546638 0 0 0 0.000546638)
(0.0043751 0 0 0 0.000546888 0 0 0 0.000546888)
(0.0043771 0 0 0 0.000547138 0 0 0 0.000547138)
(0.00437909 0 0 0 0.000547386 0 0 0 0.000547386)
(0.00438107 0 0 0 0.000547634 0 0 0 0.000547634)
(0.00438305 0 0 0 0.000547881 0 0 0 0.000547881)
(0.00438502 0 0 0 0.000548127 0 0 0 0.000548127)
(0.00438698 0 0 0 0.000548373 0 0 0 0.000548373)
(0.00438893 0 0 0 0.000548617 0 0 0 0.000548617)
(0.00439088 0 0 0 0.00054886 0 0 0 0.00054886)
(0.00439282 0 0 0 0.000549102 0 0 0 0.000549102)
(0.00439475 0 0 0 0.000549343 0 0 0 0.000549343)
(0.00439667 0 0 0 0.000549583 0 0 0 0.000549583)
(0.00439858 0 0 0 0.000549822 0 0 0 0.000549822)
(0.00440048 0 0 0 0.00055006 0 0 0 0.00055006)
(0.00440238 0 0 0 0.000550297 0 0 0 0.000550297)
(0.00440426 0 0 0 0.000550533 0 0 0 0.000550533)
(0.00440614 0 0 0 0.000550768 0 0 0 0.000550768)
(0.00440801 0 0 0 0.000551001 0 0 0 0.000551001)
(0.00440987 0 0 0 0.000551233 0 0 0 0.000551233)
(0.00441171 0 0 0 0.000551464 0 0 0 0.000551464)
(0.00441355 0 0 0 0.000551694 0 0 0 0.000551694)
(0.00441538 0 0 0 0.000551923 0 0 0 0.000551923)
(0.0044172 0 0 0 0.00055215 0 0 0 0.00055215)
(0.00441901 0 0 0 0.000552377 0 0 0 0.000552377)
(0.00442081 0 0 0 0.000552602 0 0 0 0.000552602)
(0.0044226 0 0 0 0.000552825 0 0 0 0.000552825)
(0.00442438 0 0 0 0.000553048 0 0 0 0.000553048)
(0.00442615 0 0 0 0.000553269 0 0 0 0.000553269)
(0.00442791 0 0 0 0.000553489 0 0 0 0.000553489)
(0.00442966 0 0 0 0.000553707 0 0 0 0.000553707)
(0.0044314 0 0 0 0.000553925 0 0 0 0.000553925)
(0.00443312 0 0 0 0.000554141 0 0 0 0.000554141)
(0.00443484 0 0 0 0.000554355 0 0 0 0.000554355)
(0.00443655 0 0 0 0.000554569 0 0 0 0.000554569)
(0.00443824 0 0 0 0.000554781 0 0 0 0.000554781)
(0.00443993 0 0 0 0.000554991 0 0 0 0.000554991)
(0.00444161 0 0 0 0.000555201 0 0 0 0.000555201)
(0.00444327 0 0 0 0.000555409 0 0 0 0.000555409)
(0.00444493 0 0 0 0.000555616 0 0 0 0.000555616)
(0.00444657 0 0 0 0.000555821 0 0 0 0.000555821)
(0.00444821 0 0 0 0.000556026 0 0 0 0.000556026)
(0.00444983 0 0 0 0.000556229 0 0 0 0.000556229)
(0.00445144 0 0 0 0.000556431 0 0 0 0.000556431)
(0.00445305 0 0 0 0.000556631 0 0 0 0.000556631)
(0.00445464 0 0 0 0.000556831 0 0 0 0.000556831)
(0.00445623 0 0 0 0.000557029 0 0 0 0.000557029)
(0.00445781 0 0 0 0.000557226 0 0 0 0.000557226)
(0.00445937 0 0 0 0.000557422 0 0 0 0.000557422)
(0.00446093 0 0 0 0.000557616 0 0 0 0.000557616)
(0.00446248 0 0 0 0.00055781 0 0 0 0.00055781)
(0.00446402 0 0 0 0.000558002 0 0 0 0.000558002)
(0.00446555 0 0 0 0.000558194 0 0 0 0.000558194)
(0.00446707 0 0 0 0.000558384 0 0 0 0.000558384)
(0.00446859 0 0 0 0.000558574 0 0 0 0.000558574)
(0.0044701 0 0 0 0.000558762 0 0 0 0.000558762)
(0.0044716 0 0 0 0.00055895 0 0 0 0.00055895)
(0.0044731 0 0 0 0.000559137 0 0 0 0.000559137)
(0.00447458 0 0 0 0.000559323 0 0 0 0.000559323)
(0.00447607 0 0 0 0.000559508 0 0 0 0.000559508)
(0.00447754 0 0 0 0.000559693 0 0 0 0.000559693)
(0.00447901 0 0 0 0.000559877 0 0 0 0.000559877)
(0.00448048 0 0 0 0.00056006 0 0 0 0.00056006)
(0.00448194 0 0 0 0.000560243 0 0 0 0.000560243)
(0.0044834 0 0 0 0.000560425 0 0 0 0.000560425)
(0.00448486 0 0 0 0.000560607 0 0 0 0.000560607)
(0.00448631 0 0 0 0.000560789 0 0 0 0.000560789)
(0.00448776 0 0 0 0.000560971 0 0 0 0.000560971)
(0.00448921 0 0 0 0.000561152 0 0 0 0.000561152)
(0.00449066 0 0 0 0.000561333 0 0 0 0.000561333)
(0.00449211 0 0 0 0.000561514 0 0 0 0.000561514)
(0.00449356 0 0 0 0.000561695 0 0 0 0.000561695)
(0.00449501 0 0 0 0.000561877 0 0 0 0.000561877)
(0.00449647 0 0 0 0.000562059 0 0 0 0.000562059)
(0.00449793 0 0 0 0.000562241 0 0 0 0.000562241)
(0.00449939 0 0 0 0.000562423 0 0 0 0.000562423)
(0.00450085 0 0 0 0.000562606 0 0 0 0.000562606)
(0.0045023 0 0 0 0.000562788 0 0 0 0.000562788)
(0.00450375 0 0 0 0.000562969 0 0 0 0.000562969)
(0.00450519 0 0 0 0.000563149 0 0 0 0.000563149)
(0.00450662 0 0 0 0.000563328 0 0 0 0.000563328)
(0.00450805 0 0 0 0.000563506 0 0 0 0.000563506)
(0.00450947 0 0 0 0.000563684 0 0 0 0.000563684)
(0.00451089 0 0 0 0.000563862 0 0 0 0.000563862)
(0.00451231 0 0 0 0.000564038 0 0 0 0.000564038)
(0.00451372 0 0 0 0.000564215 0 0 0 0.000564215)
(0.00451513 0 0 0 0.000564391 0 0 0 0.000564391)
(0.00451654 0 0 0 0.000564567 0 0 0 0.000564567)
(0.00451795 0 0 0 0.000564744 0 0 0 0.000564744)
(0.00451936 0 0 0 0.00056492 0 0 0 0.00056492)
(0.00452077 0 0 0 0.000565096 0 0 0 0.000565096)
(0.00452218 0 0 0 0.000565273 0 0 0 0.000565273)
(0.0045236 0 0 0 0.00056545 0 0 0 0.00056545)
(0.00452502 0 0 0 0.000565627 0 0 0 0.000565627)
(0.00452644 0 0 0 0.000565805 0 0 0 0.000565805)
(0.00452786 0 0 0 0.000565983 0 0 0 0.000565983)
(0.0045293 0 0 0 0.000566162 0 0 0 0.000566162)
(0.00453073 0 0 0 0.000566342 0 0 0 0.000566342)
(0.00453218 0 0 0 0.000566522 0 0 0 0.000566522)
(0.00453362 0 0 0 0.000566703 0 0 0 0.000566703)
(0.00453508 0 0 0 0.000566885 0 0 0 0.000566885)
(0.00453654 0 0 0 0.000567068 0 0 0 0.000567068)
(0.00453802 0 0 0 0.000567252 0 0 0 0.000567252)
(0.0045395 0 0 0 0.000567437 0 0 0 0.000567437)
(0.00454099 0 0 0 0.000567623 0 0 0 0.000567623)
(0.00454248 0 0 0 0.000567811 0 0 0 0.000567811)
(0.00454399 0 0 0 0.000567999 0 0 0 0.000567999)
(0.00454551 0 0 0 0.000568189 0 0 0 0.000568189)
(0.00454704 0 0 0 0.00056838 0 0 0 0.00056838)
(0.00454858 0 0 0 0.000568572 0 0 0 0.000568572)
(0.00455013 0 0 0 0.000568766 0 0 0 0.000568766)
(0.00455169 0 0 0 0.000568961 0 0 0 0.000568961)
(0.00455326 0 0 0 0.000569157 0 0 0 0.000569157)
(0.00455484 0 0 0 0.000569356 0 0 0 0.000569356)
(0.00455644 0 0 0 0.000569555 0 0 0 0.000569555)
(0.00455805 0 0 0 0.000569756 0 0 0 0.000569756)
(0.00455967 0 0 0 0.000569959 0 0 0 0.000569959)
(0.00456131 0 0 0 0.000570163 0 0 0 0.000570163)
(0.00456295 0 0 0 0.000570369 0 0 0 0.000570369)
(0.00456462 0 0 0 0.000570577 0 0 0 0.000570577)
(0.00456629 0 0 0 0.000570786 0 0 0 0.000570786)
(0.00456798 0 0 0 0.000570997 0 0 0 0.000570997)
(0.00456968 0 0 0 0.00057121 0 0 0 0.00057121)
(0.0045714 0 0 0 0.000571425 0 0 0 0.000571425)
(0.00457313 0 0 0 0.000571641 0 0 0 0.000571641)
(0.00457487 0 0 0 0.000571859 0 0 0 0.000571859)
(0.00457663 0 0 0 0.000572079 0 0 0 0.000572079)
(0.00457841 0 0 0 0.000572301 0 0 0 0.000572301)
(0.00458019 0 0 0 0.000572524 0 0 0 0.000572524)
(0.004582 0 0 0 0.00057275 0 0 0 0.00057275)
(0.00458381 0 0 0 0.000572977 0 0 0 0.000572977)
(0.00458565 0 0 0 0.000573206 0 0 0 0.000573206)
(0.00458749 0 0 0 0.000573437 0 0 0 0.000573437)
(0.00458936 0 0 0 0.00057367 0 0 0 0.00057367)
(0.00459123 0 0 0 0.000573904 0 0 0 0.000573904)
(0.00459313 0 0 0 0.000574141 0 0 0 0.000574141)
(0.00459503 0 0 0 0.000574379 0 0 0 0.000574379)
(0.00459695 0 0 0 0.000574619 0 0 0 0.000574619)
(0.00459889 0 0 0 0.000574861 0 0 0 0.000574861)
(0.00460084 0 0 0 0.000575105 0 0 0 0.000575105)
(0.00460281 0 0 0 0.000575351 0 0 0 0.000575351)
(0.00460479 0 0 0 0.000575599 0 0 0 0.000575599)
(0.00460679 0 0 0 0.000575849 0 0 0 0.000575849)
(0.0046088 0 0 0 0.0005761 0 0 0 0.0005761)
(0.00461083 0 0 0 0.000576353 0 0 0 0.000576353)
(0.00461287 0 0 0 0.000576609 0 0 0 0.000576609)
(0.00461492 0 0 0 0.000576866 0 0 0 0.000576866)
(0.004617 0 0 0 0.000577124 0 0 0 0.000577124)
(0.00461908 0 0 0 0.000577385 0 0 0 0.000577385)
(0.00462118 0 0 0 0.000577648 0 0 0 0.000577648)
(0.00462329 0 0 0 0.000577912 0 0 0 0.000577912)
(0.00462542 0 0 0 0.000578178 0 0 0 0.000578178)
(0.00462757 0 0 0 0.000578446 0 0 0 0.000578446)
(0.00462972 0 0 0 0.000578715 0 0 0 0.000578715)
(0.00463189 0 0 0 0.000578987 0 0 0 0.000578987)
(0.00463408 0 0 0 0.00057926 0 0 0 0.00057926)
(0.00463628 0 0 0 0.000579535 0 0 0 0.000579535)
(0.00463849 0 0 0 0.000579811 0 0 0 0.000579811)
(0.00464072 0 0 0 0.00058009 0 0 0 0.00058009)
(0.00464296 0 0 0 0.00058037 0 0 0 0.00058037)
(0.00464521 0 0 0 0.000580651 0 0 0 0.000580651)
(0.00464748 0 0 0 0.000580934 0 0 0 0.000580934)
(0.00464975 0 0 0 0.000581219 0 0 0 0.000581219)
(0.00465205 0 0 0 0.000581506 0 0 0 0.000581506)
(0.00465435 0 0 0 0.000581794 0 0 0 0.000581794)
(0.00465667 0 0 0 0.000582084 0 0 0 0.000582084)
(0.004659 0 0 0 0.000582375 0 0 0 0.000582375)
(0.00466134 0 0 0 0.000582668 0 0 0 0.000582668)
(0.0046637 0 0 0 0.000582962 0 0 0 0.000582962)
(0.00466606 0 0 0 0.000583258 0 0 0 0.000583258)
(0.00466844 0 0 0 0.000583555 0 0 0 0.000583555)
(0.00467083 0 0 0 0.000583854 0 0 0 0.000583854)
(0.00467323 0 0 0 0.000584154 0 0 0 0.000584154)
(0.00467565 0 0 0 0.000584456 0 0 0 0.000584456)
(0.00467807 0 0 0 0.000584759 0 0 0 0.000584759)
(0.0046805 0 0 0 0.000585063 0 0 0 0.000585063)
(0.00468295 0 0 0 0.000585369 0 0 0 0.000585369)
(0.00468541 0 0 0 0.000585676 0 0 0 0.000585676)
(0.00468787 0 0 0 0.000585984 0 0 0 0.000585984)
(0.00469035 0 0 0 0.000586294 0 0 0 0.000586294)
(0.00469284 0 0 0 0.000586605 0 0 0 0.000586605)
(0.00469534 0 0 0 0.000586917 0 0 0 0.000586917)
(0.00469785 0 0 0 0.000587231 0 0 0 0.000587231)
(0.00470036 0 0 0 0.000587545 0 0 0 0.000587545)
(0.00470289 0 0 0 0.000587861 0 0 0 0.000587861)
(0.00470543 0 0 0 0.000588178 0 0 0 0.000588178)
(0.00470797 0 0 0 0.000588496 0 0 0 0.000588496)
(0.00471052 0 0 0 0.000588816 0 0 0 0.000588816)
(0.00471309 0 0 0 0.000589136 0 0 0 0.000589136)
(0.00471566 0 0 0 0.000589457 0 0 0 0.000589457)
(0.00471824 0 0 0 0.00058978 0 0 0 0.00058978)
(0.00472083 0 0 0 0.000590104 0 0 0 0.000590104)
(0.00472343 0 0 0 0.000590428 0 0 0 0.000590428)
(0.00472603 0 0 0 0.000590754 0 0 0 0.000590754)
(0.00472865 0 0 0 0.000591081 0 0 0 0.000591081)
(0.00473127 0 0 0 0.000591409 0 0 0 0.000591409)
(0.00473391 0 0 0 0.000591738 0 0 0 0.000591738)
(0.00473655 0 0 0 0.000592069 0 0 0 0.000592069)
(0.0047392 0 0 0 0.000592401 0 0 0 0.000592401)
(0.00474187 0 0 0 0.000592734 0 0 0 0.000592734)
(0.00474455 0 0 0 0.000593068 0 0 0 0.000593068)
(0.00474723 0 0 0 0.000593404 0 0 0 0.000593404)
(0.00474994 0 0 0 0.000593742 0 0 0 0.000593742)
(0.00475266 0 0 0 0.000594082 0 0 0 0.000594082)
(0.00475539 0 0 0 0.000594424 0 0 0 0.000594424)
(0.00475815 0 0 0 0.000594769 0 0 0 0.000594769)
(0.00476093 0 0 0 0.000595116 0 0 0 0.000595116)
(0.00476373 0 0 0 0.000595466 0 0 0 0.000595466)
(0.00476656 0 0 0 0.000595821 0 0 0 0.000595821)
(0.00476895 0 0 0 0.000596118 0 0 0 0.000596118)
(0.00477042 0 0 0 0.000596302 0 0 0 0.000596302)
(0.0042524 0 0 0 0.000531549 0 0 0 0.000531549)
(0.0042532 0 0 0 0.00053165 0 0 0 0.00053165)
(0.00425483 0 0 0 0.000531854 0 0 0 0.000531854)
(0.00425672 0 0 0 0.000532091 0 0 0 0.000532091)
(0.00425867 0 0 0 0.000532334 0 0 0 0.000532334)
(0.00426066 0 0 0 0.000532582 0 0 0 0.000532582)
(0.00426267 0 0 0 0.000532834 0 0 0 0.000532834)
(0.0042647 0 0 0 0.000533088 0 0 0 0.000533088)
(0.00426675 0 0 0 0.000533344 0 0 0 0.000533344)
(0.00426881 0 0 0 0.000533601 0 0 0 0.000533601)
(0.00427088 0 0 0 0.00053386 0 0 0 0.00053386)
(0.00427296 0 0 0 0.00053412 0 0 0 0.00053412)
(0.00427505 0 0 0 0.000534381 0 0 0 0.000534381)
(0.00427714 0 0 0 0.000534642 0 0 0 0.000534642)
(0.00427923 0 0 0 0.000534904 0 0 0 0.000534904)
(0.00428133 0 0 0 0.000535166 0 0 0 0.000535166)
(0.00428343 0 0 0 0.000535429 0 0 0 0.000535429)
(0.00428553 0 0 0 0.000535692 0 0 0 0.000535692)
(0.00428764 0 0 0 0.000535955 0 0 0 0.000535955)
(0.00428975 0 0 0 0.000536218 0 0 0 0.000536218)
(0.00429186 0 0 0 0.000536482 0 0 0 0.000536482)
(0.00429397 0 0 0 0.000536746 0 0 0 0.000536746)
(0.00429608 0 0 0 0.00053701 0 0 0 0.00053701)
(0.00429819 0 0 0 0.000537274 0 0 0 0.000537274)
(0.0043003 0 0 0 0.000537538 0 0 0 0.000537538)
(0.00430242 0 0 0 0.000537802 0 0 0 0.000537802)
(0.00430453 0 0 0 0.000538066 0 0 0 0.000538066)
(0.00430664 0 0 0 0.00053833 0 0 0 0.00053833)
(0.00430876 0 0 0 0.000538595 0 0 0 0.000538595)
(0.00431087 0 0 0 0.000538859 0 0 0 0.000538859)
(0.00431298 0 0 0 0.000539123 0 0 0 0.000539123)
(0.00431509 0 0 0 0.000539386 0 0 0 0.000539386)
(0.0043172 0 0 0 0.00053965 0 0 0 0.00053965)
(0.00431931 0 0 0 0.000539914 0 0 0 0.000539914)
(0.00432142 0 0 0 0.000540177 0 0 0 0.000540177)
(0.00432352 0 0 0 0.00054044 0 0 0 0.00054044)
(0.00432563 0 0 0 0.000540703 0 0 0 0.000540703)
(0.00432773 0 0 0 0.000540966 0 0 0 0.000540966)
(0.00432983 0 0 0 0.000541228 0 0 0 0.000541228)
(0.00433192 0 0 0 0.000541491 0 0 0 0.000541491)
(0.00433402 0 0 0 0.000541752 0 0 0 0.000541752)
(0.00433611 0 0 0 0.000542014 0 0 0 0.000542014)
(0.0043382 0 0 0 0.000542275 0 0 0 0.000542275)
(0.00434029 0 0 0 0.000542536 0 0 0 0.000542536)
(0.00434237 0 0 0 0.000542796 0 0 0 0.000542796)
(0.00434445 0 0 0 0.000543056 0 0 0 0.000543056)
(0.00434653 0 0 0 0.000543316 0 0 0 0.000543316)
(0.0043486 0 0 0 0.000543575 0 0 0 0.000543575)
(0.00435066 0 0 0 0.000543833 0 0 0 0.000543833)
(0.00435273 0 0 0 0.000544091 0 0 0 0.000544091)
(0.00435479 0 0 0 0.000544348 0 0 0 0.000544348)
(0.00435684 0 0 0 0.000544605 0 0 0 0.000544605)
(0.00435889 0 0 0 0.000544861 0 0 0 0.000544861)
(0.00436094 0 0 0 0.000545117 0 0 0 0.000545117)
(0.00436297 0 0 0 0.000545372 0 0 0 0.000545372)
(0.00436501 0 0 0 0.000545626 0 0 0 0.000545626)
(0.00436704 0 0 0 0.00054588 0 0 0 0.00054588)
(0.00436906 0 0 0 0.000546132 0 0 0 0.000546132)
(0.00437107 0 0 0 0.000546384 0 0 0 0.000546384)
(0.00437308 0 0 0 0.000546636 0 0 0 0.000546636)
(0.00437509 0 0 0 0.000546886 0 0 0 0.000546886)
(0.00437708 0 0 0 0.000547136 0 0 0 0.000547136)
(0.00437908 0 0 0 0.000547384 0 0 0 0.000547384)
(0.00438106 0 0 0 0.000547632 0 0 0 0.000547632)
(0.00438303 0 0 0 0.000547879 0 0 0 0.000547879)
(0.004385 0 0 0 0.000548125 0 0 0 0.000548125)
(0.00438696 0 0 0 0.000548371 0 0 0 0.000548371)
(0.00438892 0 0 0 0.000548615 0 0 0 0.000548615)
(0.00439086 0 0 0 0.000548858 0 0 0 0.000548858)
(0.0043928 0 0 0 0.0005491 0 0 0 0.0005491)
(0.00439473 0 0 0 0.000549341 0 0 0 0.000549341)
(0.00439665 0 0 0 0.000549581 0 0 0 0.000549581)
(0.00439856 0 0 0 0.00054982 0 0 0 0.00054982)
(0.00440047 0 0 0 0.000550058 0 0 0 0.000550058)
(0.00440236 0 0 0 0.000550295 0 0 0 0.000550295)
(0.00440425 0 0 0 0.000550531 0 0 0 0.000550531)
(0.00440613 0 0 0 0.000550766 0 0 0 0.000550766)
(0.00440799 0 0 0 0.000550999 0 0 0 0.000550999)
(0.00440985 0 0 0 0.000551231 0 0 0 0.000551231)
(0.0044117 0 0 0 0.000551463 0 0 0 0.000551463)
(0.00441354 0 0 0 0.000551693 0 0 0 0.000551693)
(0.00441537 0 0 0 0.000551921 0 0 0 0.000551921)
(0.00441719 0 0 0 0.000552149 0 0 0 0.000552149)
(0.004419 0 0 0 0.000552375 0 0 0 0.000552375)
(0.0044208 0 0 0 0.0005526 0 0 0 0.0005526)
(0.00442259 0 0 0 0.000552824 0 0 0 0.000552824)
(0.00442437 0 0 0 0.000553046 0 0 0 0.000553046)
(0.00442614 0 0 0 0.000553267 0 0 0 0.000553267)
(0.0044279 0 0 0 0.000553487 0 0 0 0.000553487)
(0.00442965 0 0 0 0.000553706 0 0 0 0.000553706)
(0.00443138 0 0 0 0.000553923 0 0 0 0.000553923)
(0.00443311 0 0 0 0.000554139 0 0 0 0.000554139)
(0.00443483 0 0 0 0.000554354 0 0 0 0.000554354)
(0.00443654 0 0 0 0.000554567 0 0 0 0.000554567)
(0.00443823 0 0 0 0.000554779 0 0 0 0.000554779)
(0.00443992 0 0 0 0.00055499 0 0 0 0.00055499)
(0.00444159 0 0 0 0.000555199 0 0 0 0.000555199)
(0.00444326 0 0 0 0.000555408 0 0 0 0.000555408)
(0.00444492 0 0 0 0.000555614 0 0 0 0.000555614)
(0.00444656 0 0 0 0.00055582 0 0 0 0.00055582)
(0.00444819 0 0 0 0.000556024 0 0 0 0.000556024)
(0.00444982 0 0 0 0.000556227 0 0 0 0.000556227)
(0.00445143 0 0 0 0.000556429 0 0 0 0.000556429)
(0.00445304 0 0 0 0.00055663 0 0 0 0.00055663)
(0.00445463 0 0 0 0.000556829 0 0 0 0.000556829)
(0.00445622 0 0 0 0.000557027 0 0 0 0.000557027)
(0.0044578 0 0 0 0.000557224 0 0 0 0.000557224)
(0.00445936 0 0 0 0.00055742 0 0 0 0.00055742)
(0.00446092 0 0 0 0.000557615 0 0 0 0.000557615)
(0.00446247 0 0 0 0.000557809 0 0 0 0.000557809)
(0.00446401 0 0 0 0.000558001 0 0 0 0.000558001)
(0.00446554 0 0 0 0.000558193 0 0 0 0.000558193)
(0.00446707 0 0 0 0.000558383 0 0 0 0.000558383)
(0.00446858 0 0 0 0.000558573 0 0 0 0.000558573)
(0.00447009 0 0 0 0.000558761 0 0 0 0.000558761)
(0.00447159 0 0 0 0.000558949 0 0 0 0.000558949)
(0.00447309 0 0 0 0.000559136 0 0 0 0.000559136)
(0.00447457 0 0 0 0.000559322 0 0 0 0.000559322)
(0.00447606 0 0 0 0.000559507 0 0 0 0.000559507)
(0.00447753 0 0 0 0.000559692 0 0 0 0.000559692)
(0.00447901 0 0 0 0.000559876 0 0 0 0.000559876)
(0.00448047 0 0 0 0.000560059 0 0 0 0.000560059)
(0.00448194 0 0 0 0.000560242 0 0 0 0.000560242)
(0.00448339 0 0 0 0.000560424 0 0 0 0.000560424)
(0.00448485 0 0 0 0.000560606 0 0 0 0.000560606)
(0.0044863 0 0 0 0.000560788 0 0 0 0.000560788)
(0.00448776 0 0 0 0.000560969 0 0 0 0.000560969)
(0.00448921 0 0 0 0.000561151 0 0 0 0.000561151)
(0.00449066 0 0 0 0.000561332 0 0 0 0.000561332)
(0.0044921 0 0 0 0.000561513 0 0 0 0.000561513)
(0.00449355 0 0 0 0.000561694 0 0 0 0.000561694)
(0.00449501 0 0 0 0.000561876 0 0 0 0.000561876)
(0.00449646 0 0 0 0.000562058 0 0 0 0.000562058)
(0.00449792 0 0 0 0.00056224 0 0 0 0.00056224)
(0.00449938 0 0 0 0.000562422 0 0 0 0.000562422)
(0.00450084 0 0 0 0.000562605 0 0 0 0.000562605)
(0.0045023 0 0 0 0.000562787 0 0 0 0.000562787)
(0.00450374 0 0 0 0.000562968 0 0 0 0.000562968)
(0.00450518 0 0 0 0.000563148 0 0 0 0.000563148)
(0.00450662 0 0 0 0.000563327 0 0 0 0.000563327)
(0.00450804 0 0 0 0.000563505 0 0 0 0.000563505)
(0.00450946 0 0 0 0.000563683 0 0 0 0.000563683)
(0.00451088 0 0 0 0.00056386 0 0 0 0.00056386)
(0.0045123 0 0 0 0.000564037 0 0 0 0.000564037)
(0.00451371 0 0 0 0.000564214 0 0 0 0.000564214)
(0.00451512 0 0 0 0.00056439 0 0 0 0.00056439)
(0.00451653 0 0 0 0.000564566 0 0 0 0.000564566)
(0.00451794 0 0 0 0.000564742 0 0 0 0.000564742)
(0.00451935 0 0 0 0.000564919 0 0 0 0.000564919)
(0.00452076 0 0 0 0.000565095 0 0 0 0.000565095)
(0.00452217 0 0 0 0.000565272 0 0 0 0.000565272)
(0.00452359 0 0 0 0.000565449 0 0 0 0.000565449)
(0.00452501 0 0 0 0.000565626 0 0 0 0.000565626)
(0.00452643 0 0 0 0.000565804 0 0 0 0.000565804)
(0.00452785 0 0 0 0.000565982 0 0 0 0.000565982)
(0.00452929 0 0 0 0.000566161 0 0 0 0.000566161)
(0.00453072 0 0 0 0.00056634 0 0 0 0.00056634)
(0.00453217 0 0 0 0.000566521 0 0 0 0.000566521)
(0.00453361 0 0 0 0.000566702 0 0 0 0.000566702)
(0.00453507 0 0 0 0.000566884 0 0 0 0.000566884)
(0.00453653 0 0 0 0.000567067 0 0 0 0.000567067)
(0.00453801 0 0 0 0.000567251 0 0 0 0.000567251)
(0.00453949 0 0 0 0.000567436 0 0 0 0.000567436)
(0.00454097 0 0 0 0.000567622 0 0 0 0.000567622)
(0.00454247 0 0 0 0.000567809 0 0 0 0.000567809)
(0.00454398 0 0 0 0.000567998 0 0 0 0.000567998)
(0.0045455 0 0 0 0.000568187 0 0 0 0.000568187)
(0.00454703 0 0 0 0.000568378 0 0 0 0.000568378)
(0.00454856 0 0 0 0.000568571 0 0 0 0.000568571)
(0.00455011 0 0 0 0.000568764 0 0 0 0.000568764)
(0.00455167 0 0 0 0.000568959 0 0 0 0.000568959)
(0.00455325 0 0 0 0.000569156 0 0 0 0.000569156)
(0.00455483 0 0 0 0.000569354 0 0 0 0.000569354)
(0.00455643 0 0 0 0.000569554 0 0 0 0.000569554)
(0.00455804 0 0 0 0.000569755 0 0 0 0.000569755)
(0.00455966 0 0 0 0.000569957 0 0 0 0.000569957)
(0.00456129 0 0 0 0.000570162 0 0 0 0.000570162)
(0.00456294 0 0 0 0.000570368 0 0 0 0.000570368)
(0.0045646 0 0 0 0.000570575 0 0 0 0.000570575)
(0.00456628 0 0 0 0.000570785 0 0 0 0.000570785)
(0.00456797 0 0 0 0.000570996 0 0 0 0.000570996)
(0.00456967 0 0 0 0.000571208 0 0 0 0.000571208)
(0.00457138 0 0 0 0.000571423 0 0 0 0.000571423)
(0.00457311 0 0 0 0.000571639 0 0 0 0.000571639)
(0.00457486 0 0 0 0.000571857 0 0 0 0.000571857)
(0.00457662 0 0 0 0.000572077 0 0 0 0.000572077)
(0.00457839 0 0 0 0.000572299 0 0 0 0.000572299)
(0.00458018 0 0 0 0.000572522 0 0 0 0.000572522)
(0.00458198 0 0 0 0.000572748 0 0 0 0.000572748)
(0.0045838 0 0 0 0.000572975 0 0 0 0.000572975)
(0.00458563 0 0 0 0.000573204 0 0 0 0.000573204)
(0.00458748 0 0 0 0.000573435 0 0 0 0.000573435)
(0.00458934 0 0 0 0.000573668 0 0 0 0.000573668)
(0.00459122 0 0 0 0.000573902 0 0 0 0.000573902)
(0.00459311 0 0 0 0.000574139 0 0 0 0.000574139)
(0.00459502 0 0 0 0.000574377 0 0 0 0.000574377)
(0.00459694 0 0 0 0.000574617 0 0 0 0.000574617)
(0.00459887 0 0 0 0.000574859 0 0 0 0.000574859)
(0.00460083 0 0 0 0.000575103 0 0 0 0.000575103)
(0.00460279 0 0 0 0.000575349 0 0 0 0.000575349)
(0.00460477 0 0 0 0.000575597 0 0 0 0.000575597)
(0.00460677 0 0 0 0.000575846 0 0 0 0.000575846)
(0.00460878 0 0 0 0.000576098 0 0 0 0.000576098)
(0.00461081 0 0 0 0.000576351 0 0 0 0.000576351)
(0.00461285 0 0 0 0.000576606 0 0 0 0.000576606)
(0.00461491 0 0 0 0.000576863 0 0 0 0.000576863)
(0.00461698 0 0 0 0.000577122 0 0 0 0.000577122)
(0.00461906 0 0 0 0.000577383 0 0 0 0.000577383)
(0.00462116 0 0 0 0.000577645 0 0 0 0.000577645)
(0.00462327 0 0 0 0.000577909 0 0 0 0.000577909)
(0.0046254 0 0 0 0.000578175 0 0 0 0.000578175)
(0.00462755 0 0 0 0.000578443 0 0 0 0.000578443)
(0.0046297 0 0 0 0.000578713 0 0 0 0.000578713)
(0.00463187 0 0 0 0.000578984 0 0 0 0.000578984)
(0.00463406 0 0 0 0.000579257 0 0 0 0.000579257)
(0.00463626 0 0 0 0.000579532 0 0 0 0.000579532)
(0.00463847 0 0 0 0.000579809 0 0 0 0.000579809)
(0.00464069 0 0 0 0.000580087 0 0 0 0.000580087)
(0.00464293 0 0 0 0.000580367 0 0 0 0.000580367)
(0.00464519 0 0 0 0.000580648 0 0 0 0.000580648)
(0.00464745 0 0 0 0.000580932 0 0 0 0.000580932)
(0.00464973 0 0 0 0.000581216 0 0 0 0.000581216)
(0.00465202 0 0 0 0.000581503 0 0 0 0.000581503)
(0.00465433 0 0 0 0.000581791 0 0 0 0.000581791)
(0.00465665 0 0 0 0.000582081 0 0 0 0.000582081)
(0.00465898 0 0 0 0.000582372 0 0 0 0.000582372)
(0.00466132 0 0 0 0.000582665 0 0 0 0.000582665)
(0.00466367 0 0 0 0.000582959 0 0 0 0.000582959)
(0.00466604 0 0 0 0.000583255 0 0 0 0.000583255)
(0.00466842 0 0 0 0.000583552 0 0 0 0.000583552)
(0.00467081 0 0 0 0.000583851 0 0 0 0.000583851)
(0.00467321 0 0 0 0.000584151 0 0 0 0.000584151)
(0.00467562 0 0 0 0.000584452 0 0 0 0.000584452)
(0.00467804 0 0 0 0.000584755 0 0 0 0.000584755)
(0.00468048 0 0 0 0.00058506 0 0 0 0.00058506)
(0.00468292 0 0 0 0.000585365 0 0 0 0.000585365)
(0.00468538 0 0 0 0.000585672 0 0 0 0.000585672)
(0.00468784 0 0 0 0.000585981 0 0 0 0.000585981)
(0.00469032 0 0 0 0.00058629 0 0 0 0.00058629)
(0.00469281 0 0 0 0.000586601 0 0 0 0.000586601)
(0.0046953 0 0 0 0.000586913 0 0 0 0.000586913)
(0.00469781 0 0 0 0.000587226 0 0 0 0.000587226)
(0.00470032 0 0 0 0.000587541 0 0 0 0.000587541)
(0.00470285 0 0 0 0.000587856 0 0 0 0.000587856)
(0.00470538 0 0 0 0.000588173 0 0 0 0.000588173)
(0.00470792 0 0 0 0.00058849 0 0 0 0.00058849)
(0.00471047 0 0 0 0.000588809 0 0 0 0.000588809)
(0.00471303 0 0 0 0.000589129 0 0 0 0.000589129)
(0.0047156 0 0 0 0.00058945 0 0 0 0.00058945)
(0.00471818 0 0 0 0.000589772 0 0 0 0.000589772)
(0.00472076 0 0 0 0.000590095 0 0 0 0.000590095)
(0.00472335 0 0 0 0.000590419 0 0 0 0.000590419)
(0.00472595 0 0 0 0.000590743 0 0 0 0.000590743)
(0.00472855 0 0 0 0.000591069 0 0 0 0.000591069)
(0.00473117 0 0 0 0.000591396 0 0 0 0.000591396)
(0.00473379 0 0 0 0.000591724 0 0 0 0.000591724)
(0.00473642 0 0 0 0.000592052 0 0 0 0.000592052)
(0.00473906 0 0 0 0.000592382 0 0 0 0.000592382)
(0.0047417 0 0 0 0.000592713 0 0 0 0.000592713)
(0.00474436 0 0 0 0.000593045 0 0 0 0.000593045)
(0.00474703 0 0 0 0.000593378 0 0 0 0.000593378)
(0.00474971 0 0 0 0.000593714 0 0 0 0.000593714)
(0.0047524 0 0 0 0.000594051 0 0 0 0.000594051)
(0.00475512 0 0 0 0.00059439 0 0 0 0.00059439)
(0.00475785 0 0 0 0.000594731 0 0 0 0.000594731)
(0.00476059 0 0 0 0.000595074 0 0 0 0.000595074)
(0.00476336 0 0 0 0.00059542 0 0 0 0.00059542)
(0.00476615 0 0 0 0.000595768 0 0 0 0.000595768)
(0.00476858 0 0 0 0.000596072 0 0 0 0.000596072)
(0.00477008 0 0 0 0.00059626 0 0 0 0.00059626)
(0.00425199 0 0 0 0.000531499 0 0 0 0.000531499)
(0.00425286 0 0 0 0.000531608 0 0 0 0.000531608)
(0.00425455 0 0 0 0.000531818 0 0 0 0.000531818)
(0.00425651 0 0 0 0.000532063 0 0 0 0.000532063)
(0.00425851 0 0 0 0.000532314 0 0 0 0.000532314)
(0.00426053 0 0 0 0.000532567 0 0 0 0.000532567)
(0.00426258 0 0 0 0.000532822 0 0 0 0.000532822)
(0.00426463 0 0 0 0.000533079 0 0 0 0.000533079)
(0.0042667 0 0 0 0.000533337 0 0 0 0.000533337)
(0.00426877 0 0 0 0.000533596 0 0 0 0.000533596)
(0.00427085 0 0 0 0.000533856 0 0 0 0.000533856)
(0.00427293 0 0 0 0.000534117 0 0 0 0.000534117)
(0.00427502 0 0 0 0.000534378 0 0 0 0.000534378)
(0.00427712 0 0 0 0.00053464 0 0 0 0.00053464)
(0.00427921 0 0 0 0.000534902 0 0 0 0.000534902)
(0.00428131 0 0 0 0.000535164 0 0 0 0.000535164)
(0.00428341 0 0 0 0.000535427 0 0 0 0.000535427)
(0.00428552 0 0 0 0.00053569 0 0 0 0.00053569)
(0.00428763 0 0 0 0.000535953 0 0 0 0.000535953)
(0.00428973 0 0 0 0.000536217 0 0 0 0.000536217)
(0.00429184 0 0 0 0.00053648 0 0 0 0.00053648)
(0.00429395 0 0 0 0.000536744 0 0 0 0.000536744)
(0.00429607 0 0 0 0.000537008 0 0 0 0.000537008)
(0.00429818 0 0 0 0.000537272 0 0 0 0.000537272)
(0.00430029 0 0 0 0.000537536 0 0 0 0.000537536)
(0.0043024 0 0 0 0.0005378 0 0 0 0.0005378)
(0.00430452 0 0 0 0.000538065 0 0 0 0.000538065)
(0.00430663 0 0 0 0.000538329 0 0 0 0.000538329)
(0.00430874 0 0 0 0.000538593 0 0 0 0.000538593)
(0.00431085 0 0 0 0.000538857 0 0 0 0.000538857)
(0.00431297 0 0 0 0.000539121 0 0 0 0.000539121)
(0.00431508 0 0 0 0.000539385 0 0 0 0.000539385)
(0.00431719 0 0 0 0.000539648 0 0 0 0.000539648)
(0.0043193 0 0 0 0.000539912 0 0 0 0.000539912)
(0.0043214 0 0 0 0.000540175 0 0 0 0.000540175)
(0.00432351 0 0 0 0.000540439 0 0 0 0.000540439)
(0.00432561 0 0 0 0.000540702 0 0 0 0.000540702)
(0.00432771 0 0 0 0.000540964 0 0 0 0.000540964)
(0.00432981 0 0 0 0.000541227 0 0 0 0.000541227)
(0.00433191 0 0 0 0.000541489 0 0 0 0.000541489)
(0.00433401 0 0 0 0.000541751 0 0 0 0.000541751)
(0.0043361 0 0 0 0.000542012 0 0 0 0.000542012)
(0.00433819 0 0 0 0.000542274 0 0 0 0.000542274)
(0.00434027 0 0 0 0.000542534 0 0 0 0.000542534)
(0.00434236 0 0 0 0.000542795 0 0 0 0.000542795)
(0.00434444 0 0 0 0.000543055 0 0 0 0.000543055)
(0.00434651 0 0 0 0.000543314 0 0 0 0.000543314)
(0.00434858 0 0 0 0.000543573 0 0 0 0.000543573)
(0.00435065 0 0 0 0.000543832 0 0 0 0.000543832)
(0.00435272 0 0 0 0.00054409 0 0 0 0.00054409)
(0.00435478 0 0 0 0.000544347 0 0 0 0.000544347)
(0.00435683 0 0 0 0.000544604 0 0 0 0.000544604)
(0.00435888 0 0 0 0.00054486 0 0 0 0.00054486)
(0.00436092 0 0 0 0.000545115 0 0 0 0.000545115)
(0.00436296 0 0 0 0.00054537 0 0 0 0.00054537)
(0.004365 0 0 0 0.000545625 0 0 0 0.000545625)
(0.00436702 0 0 0 0.000545878 0 0 0 0.000545878)
(0.00436905 0 0 0 0.000546131 0 0 0 0.000546131)
(0.00437106 0 0 0 0.000546383 0 0 0 0.000546383)
(0.00437307 0 0 0 0.000546634 0 0 0 0.000546634)
(0.00437508 0 0 0 0.000546885 0 0 0 0.000546885)
(0.00437707 0 0 0 0.000547134 0 0 0 0.000547134)
(0.00437906 0 0 0 0.000547383 0 0 0 0.000547383)
(0.00438105 0 0 0 0.000547631 0 0 0 0.000547631)
(0.00438302 0 0 0 0.000547878 0 0 0 0.000547878)
(0.00438499 0 0 0 0.000548124 0 0 0 0.000548124)
(0.00438695 0 0 0 0.000548369 0 0 0 0.000548369)
(0.00438891 0 0 0 0.000548613 0 0 0 0.000548613)
(0.00439085 0 0 0 0.000548857 0 0 0 0.000548857)
(0.00439279 0 0 0 0.000549099 0 0 0 0.000549099)
(0.00439472 0 0 0 0.00054934 0 0 0 0.00054934)
(0.00439664 0 0 0 0.00054958 0 0 0 0.00054958)
(0.00439855 0 0 0 0.000549819 0 0 0 0.000549819)
(0.00440046 0 0 0 0.000550057 0 0 0 0.000550057)
(0.00440235 0 0 0 0.000550294 0 0 0 0.000550294)
(0.00440424 0 0 0 0.00055053 0 0 0 0.00055053)
(0.00440612 0 0 0 0.000550765 0 0 0 0.000550765)
(0.00440798 0 0 0 0.000550998 0 0 0 0.000550998)
(0.00440984 0 0 0 0.00055123 0 0 0 0.00055123)
(0.00441169 0 0 0 0.000551461 0 0 0 0.000551461)
(0.00441353 0 0 0 0.000551691 0 0 0 0.000551691)
(0.00441536 0 0 0 0.00055192 0 0 0 0.00055192)
(0.00441718 0 0 0 0.000552148 0 0 0 0.000552148)
(0.00441899 0 0 0 0.000552374 0 0 0 0.000552374)
(0.00442079 0 0 0 0.000552599 0 0 0 0.000552599)
(0.00442258 0 0 0 0.000552823 0 0 0 0.000552823)
(0.00442436 0 0 0 0.000553045 0 0 0 0.000553045)
(0.00442613 0 0 0 0.000553266 0 0 0 0.000553266)
(0.00442789 0 0 0 0.000553486 0 0 0 0.000553486)
(0.00442964 0 0 0 0.000553705 0 0 0 0.000553705)
(0.00443138 0 0 0 0.000553922 0 0 0 0.000553922)
(0.0044331 0 0 0 0.000554138 0 0 0 0.000554138)
(0.00443482 0 0 0 0.000554353 0 0 0 0.000554353)
(0.00443653 0 0 0 0.000554566 0 0 0 0.000554566)
(0.00443823 0 0 0 0.000554778 0 0 0 0.000554778)
(0.00443991 0 0 0 0.000554989 0 0 0 0.000554989)
(0.00444159 0 0 0 0.000555198 0 0 0 0.000555198)
(0.00444325 0 0 0 0.000555407 0 0 0 0.000555407)
(0.00444491 0 0 0 0.000555614 0 0 0 0.000555614)
(0.00444655 0 0 0 0.000555819 0 0 0 0.000555819)
(0.00444819 0 0 0 0.000556023 0 0 0 0.000556023)
(0.00444981 0 0 0 0.000556227 0 0 0 0.000556227)
(0.00445143 0 0 0 0.000556428 0 0 0 0.000556428)
(0.00445303 0 0 0 0.000556629 0 0 0 0.000556629)
(0.00445463 0 0 0 0.000556828 0 0 0 0.000556828)
(0.00445621 0 0 0 0.000557027 0 0 0 0.000557027)
(0.00445779 0 0 0 0.000557224 0 0 0 0.000557224)
(0.00445936 0 0 0 0.000557419 0 0 0 0.000557419)
(0.00446091 0 0 0 0.000557614 0 0 0 0.000557614)
(0.00446246 0 0 0 0.000557808 0 0 0 0.000557808)
(0.004464 0 0 0 0.000558 0 0 0 0.000558)
(0.00446553 0 0 0 0.000558192 0 0 0 0.000558192)
(0.00446706 0 0 0 0.000558382 0 0 0 0.000558382)
(0.00446858 0 0 0 0.000558572 0 0 0 0.000558572)
(0.00447008 0 0 0 0.00055876 0 0 0 0.00055876)
(0.00447159 0 0 0 0.000558948 0 0 0 0.000558948)
(0.00447308 0 0 0 0.000559135 0 0 0 0.000559135)
(0.00447457 0 0 0 0.000559321 0 0 0 0.000559321)
(0.00447605 0 0 0 0.000559506 0 0 0 0.000559506)
(0.00447753 0 0 0 0.000559691 0 0 0 0.000559691)
(0.004479 0 0 0 0.000559875 0 0 0 0.000559875)
(0.00448047 0 0 0 0.000560058 0 0 0 0.000560058)
(0.00448193 0 0 0 0.000560241 0 0 0 0.000560241)
(0.00448339 0 0 0 0.000560424 0 0 0 0.000560424)
(0.00448484 0 0 0 0.000560606 0 0 0 0.000560606)
(0.0044863 0 0 0 0.000560787 0 0 0 0.000560787)
(0.00448775 0 0 0 0.000560969 0 0 0 0.000560969)
(0.0044892 0 0 0 0.00056115 0 0 0 0.00056115)
(0.00449065 0 0 0 0.000561331 0 0 0 0.000561331)
(0.0044921 0 0 0 0.000561512 0 0 0 0.000561512)
(0.00449355 0 0 0 0.000561694 0 0 0 0.000561694)
(0.004495 0 0 0 0.000561875 0 0 0 0.000561875)
(0.00449645 0 0 0 0.000562057 0 0 0 0.000562057)
(0.00449791 0 0 0 0.000562239 0 0 0 0.000562239)
(0.00449937 0 0 0 0.000562422 0 0 0 0.000562422)
(0.00450083 0 0 0 0.000562604 0 0 0 0.000562604)
(0.00450229 0 0 0 0.000562786 0 0 0 0.000562786)
(0.00450374 0 0 0 0.000562967 0 0 0 0.000562967)
(0.00450518 0 0 0 0.000563147 0 0 0 0.000563147)
(0.00450661 0 0 0 0.000563326 0 0 0 0.000563326)
(0.00450804 0 0 0 0.000563505 0 0 0 0.000563505)
(0.00450946 0 0 0 0.000563682 0 0 0 0.000563682)
(0.00451088 0 0 0 0.00056386 0 0 0 0.00056386)
(0.00451229 0 0 0 0.000564036 0 0 0 0.000564036)
(0.0045137 0 0 0 0.000564213 0 0 0 0.000564213)
(0.00451511 0 0 0 0.000564389 0 0 0 0.000564389)
(0.00451652 0 0 0 0.000564565 0 0 0 0.000564565)
(0.00451793 0 0 0 0.000564742 0 0 0 0.000564742)
(0.00451934 0 0 0 0.000564918 0 0 0 0.000564918)
(0.00452075 0 0 0 0.000565094 0 0 0 0.000565094)
(0.00452217 0 0 0 0.000565271 0 0 0 0.000565271)
(0.00452358 0 0 0 0.000565448 0 0 0 0.000565448)
(0.004525 0 0 0 0.000565625 0 0 0 0.000565625)
(0.00452642 0 0 0 0.000565803 0 0 0 0.000565803)
(0.00452785 0 0 0 0.000565981 0 0 0 0.000565981)
(0.00452928 0 0 0 0.00056616 0 0 0 0.00056616)
(0.00453072 0 0 0 0.00056634 0 0 0 0.00056634)
(0.00453216 0 0 0 0.00056652 0 0 0 0.00056652)
(0.00453361 0 0 0 0.000566701 0 0 0 0.000566701)
(0.00453506 0 0 0 0.000566883 0 0 0 0.000566883)
(0.00453653 0 0 0 0.000567066 0 0 0 0.000567066)
(0.004538 0 0 0 0.00056725 0 0 0 0.00056725)
(0.00453948 0 0 0 0.000567435 0 0 0 0.000567435)
(0.00454097 0 0 0 0.000567621 0 0 0 0.000567621)
(0.00454247 0 0 0 0.000567808 0 0 0 0.000567808)
(0.00454397 0 0 0 0.000567997 0 0 0 0.000567997)
(0.00454549 0 0 0 0.000568186 0 0 0 0.000568186)
(0.00454702 0 0 0 0.000568377 0 0 0 0.000568377)
(0.00454856 0 0 0 0.00056857 0 0 0 0.00056857)
(0.00455011 0 0 0 0.000568763 0 0 0 0.000568763)
(0.00455167 0 0 0 0.000568958 0 0 0 0.000568958)
(0.00455324 0 0 0 0.000569155 0 0 0 0.000569155)
(0.00455482 0 0 0 0.000569353 0 0 0 0.000569353)
(0.00455642 0 0 0 0.000569553 0 0 0 0.000569553)
(0.00455803 0 0 0 0.000569754 0 0 0 0.000569754)
(0.00455965 0 0 0 0.000569956 0 0 0 0.000569956)
(0.00456129 0 0 0 0.000570161 0 0 0 0.000570161)
(0.00456293 0 0 0 0.000570367 0 0 0 0.000570367)
(0.00456459 0 0 0 0.000570574 0 0 0 0.000570574)
(0.00456627 0 0 0 0.000570784 0 0 0 0.000570784)
(0.00456796 0 0 0 0.000570995 0 0 0 0.000570995)
(0.00456966 0 0 0 0.000571207 0 0 0 0.000571207)
(0.00457137 0 0 0 0.000571422 0 0 0 0.000571422)
(0.0045731 0 0 0 0.000571638 0 0 0 0.000571638)
(0.00457485 0 0 0 0.000571856 0 0 0 0.000571856)
(0.00457661 0 0 0 0.000572076 0 0 0 0.000572076)
(0.00457838 0 0 0 0.000572298 0 0 0 0.000572298)
(0.00458017 0 0 0 0.000572521 0 0 0 0.000572521)
(0.00458197 0 0 0 0.000572746 0 0 0 0.000572746)
(0.00458379 0 0 0 0.000572974 0 0 0 0.000572974)
(0.00458562 0 0 0 0.000573203 0 0 0 0.000573203)
(0.00458747 0 0 0 0.000573433 0 0 0 0.000573433)
(0.00458933 0 0 0 0.000573666 0 0 0 0.000573666)
(0.00459121 0 0 0 0.000573901 0 0 0 0.000573901)
(0.0045931 0 0 0 0.000574137 0 0 0 0.000574137)
(0.004595 0 0 0 0.000574376 0 0 0 0.000574376)
(0.00459693 0 0 0 0.000574616 0 0 0 0.000574616)
(0.00459886 0 0 0 0.000574858 0 0 0 0.000574858)
(0.00460081 0 0 0 0.000575102 0 0 0 0.000575102)
(0.00460278 0 0 0 0.000575348 0 0 0 0.000575348)
(0.00460476 0 0 0 0.000575595 0 0 0 0.000575595)
(0.00460676 0 0 0 0.000575845 0 0 0 0.000575845)
(0.00460877 0 0 0 0.000576096 0 0 0 0.000576096)
(0.0046108 0 0 0 0.00057635 0 0 0 0.00057635)
(0.00461284 0 0 0 0.000576605 0 0 0 0.000576605)
(0.00461489 0 0 0 0.000576862 0 0 0 0.000576862)
(0.00461696 0 0 0 0.00057712 0 0 0 0.00057712)
(0.00461905 0 0 0 0.000577381 0 0 0 0.000577381)
(0.00462115 0 0 0 0.000577643 0 0 0 0.000577643)
(0.00462326 0 0 0 0.000577908 0 0 0 0.000577908)
(0.00462539 0 0 0 0.000578174 0 0 0 0.000578174)
(0.00462753 0 0 0 0.000578442 0 0 0 0.000578442)
(0.00462969 0 0 0 0.000578711 0 0 0 0.000578711)
(0.00463186 0 0 0 0.000578982 0 0 0 0.000578982)
(0.00463404 0 0 0 0.000579256 0 0 0 0.000579256)
(0.00463624 0 0 0 0.00057953 0 0 0 0.00057953)
(0.00463845 0 0 0 0.000579807 0 0 0 0.000579807)
(0.00464068 0 0 0 0.000580085 0 0 0 0.000580085)
(0.00464292 0 0 0 0.000580365 0 0 0 0.000580365)
(0.00464517 0 0 0 0.000580647 0 0 0 0.000580647)
(0.00464744 0 0 0 0.00058093 0 0 0 0.00058093)
(0.00464972 0 0 0 0.000581215 0 0 0 0.000581215)
(0.00465201 0 0 0 0.000581501 0 0 0 0.000581501)
(0.00465431 0 0 0 0.000581789 0 0 0 0.000581789)
(0.00465663 0 0 0 0.000582079 0 0 0 0.000582079)
(0.00465896 0 0 0 0.00058237 0 0 0 0.00058237)
(0.0046613 0 0 0 0.000582663 0 0 0 0.000582663)
(0.00466365 0 0 0 0.000582957 0 0 0 0.000582957)
(0.00466602 0 0 0 0.000583253 0 0 0 0.000583253)
(0.0046684 0 0 0 0.00058355 0 0 0 0.00058355)
(0.00467079 0 0 0 0.000583848 0 0 0 0.000583848)
(0.00467319 0 0 0 0.000584149 0 0 0 0.000584149)
(0.0046756 0 0 0 0.00058445 0 0 0 0.00058445)
(0.00467802 0 0 0 0.000584753 0 0 0 0.000584753)
(0.00468046 0 0 0 0.000585057 0 0 0 0.000585057)
(0.0046829 0 0 0 0.000585363 0 0 0 0.000585363)
(0.00468536 0 0 0 0.00058567 0 0 0 0.00058567)
(0.00468782 0 0 0 0.000585978 0 0 0 0.000585978)
(0.0046903 0 0 0 0.000586287 0 0 0 0.000586287)
(0.00469278 0 0 0 0.000586598 0 0 0 0.000586598)
(0.00469528 0 0 0 0.00058691 0 0 0 0.00058691)
(0.00469778 0 0 0 0.000587223 0 0 0 0.000587223)
(0.0047003 0 0 0 0.000587537 0 0 0 0.000587537)
(0.00470282 0 0 0 0.000587852 0 0 0 0.000587852)
(0.00470535 0 0 0 0.000588169 0 0 0 0.000588169)
(0.00470789 0 0 0 0.000588486 0 0 0 0.000588486)
(0.00471044 0 0 0 0.000588805 0 0 0 0.000588805)
(0.00471299 0 0 0 0.000589124 0 0 0 0.000589124)
(0.00471556 0 0 0 0.000589445 0 0 0 0.000589445)
(0.00471813 0 0 0 0.000589766 0 0 0 0.000589766)
(0.00472071 0 0 0 0.000590088 0 0 0 0.000590088)
(0.00472329 0 0 0 0.000590411 0 0 0 0.000590411)
(0.00472588 0 0 0 0.000590735 0 0 0 0.000590735)
(0.00472848 0 0 0 0.00059106 0 0 0 0.00059106)
(0.00473108 0 0 0 0.000591385 0 0 0 0.000591385)
(0.00473369 0 0 0 0.000591712 0 0 0 0.000591712)
(0.00473631 0 0 0 0.000592039 0 0 0 0.000592039)
(0.00473893 0 0 0 0.000592367 0 0 0 0.000592367)
(0.00474156 0 0 0 0.000592695 0 0 0 0.000592695)
(0.0047442 0 0 0 0.000593025 0 0 0 0.000593025)
(0.00474685 0 0 0 0.000593356 0 0 0 0.000593356)
(0.00474951 0 0 0 0.000593688 0 0 0 0.000593688)
(0.00475218 0 0 0 0.000594022 0 0 0 0.000594022)
(0.00475486 0 0 0 0.000594358 0 0 0 0.000594358)
(0.00475757 0 0 0 0.000594696 0 0 0 0.000594696)
(0.00476029 0 0 0 0.000595036 0 0 0 0.000595036)
(0.00476303 0 0 0 0.000595378 0 0 0 0.000595378)
(0.00476578 0 0 0 0.000595723 0 0 0 0.000595723)
(0.00476821 0 0 0 0.000596027 0 0 0 0.000596027)
(0.00476973 0 0 0 0.000596216 0 0 0 0.000596216)
(0.0042516 0 0 0 0.00053145 0 0 0 0.00053145)
(0.00425252 0 0 0 0.000531565 0 0 0 0.000531565)
(0.00425424 0 0 0 0.00053178 0 0 0 0.00053178)
(0.00425628 0 0 0 0.000532035 0 0 0 0.000532035)
(0.00425834 0 0 0 0.000532293 0 0 0 0.000532293)
(0.00426041 0 0 0 0.000532552 0 0 0 0.000532552)
(0.00426249 0 0 0 0.000532811 0 0 0 0.000532811)
(0.00426457 0 0 0 0.000533071 0 0 0 0.000533071)
(0.00426665 0 0 0 0.000533331 0 0 0 0.000533331)
(0.00426873 0 0 0 0.000533592 0 0 0 0.000533592)
(0.00427082 0 0 0 0.000533853 0 0 0 0.000533853)
(0.00427291 0 0 0 0.000534114 0 0 0 0.000534114)
(0.00427501 0 0 0 0.000534376 0 0 0 0.000534376)
(0.0042771 0 0 0 0.000534638 0 0 0 0.000534638)
(0.0042792 0 0 0 0.0005349 0 0 0 0.0005349)
(0.0042813 0 0 0 0.000535163 0 0 0 0.000535163)
(0.0042834 0 0 0 0.000535425 0 0 0 0.000535425)
(0.00428551 0 0 0 0.000535689 0 0 0 0.000535689)
(0.00428762 0 0 0 0.000535952 0 0 0 0.000535952)
(0.00428972 0 0 0 0.000536216 0 0 0 0.000536216)
(0.00429183 0 0 0 0.000536479 0 0 0 0.000536479)
(0.00429395 0 0 0 0.000536743 0 0 0 0.000536743)
(0.00429606 0 0 0 0.000537007 0 0 0 0.000537007)
(0.00429817 0 0 0 0.000537271 0 0 0 0.000537271)
(0.00430028 0 0 0 0.000537535 0 0 0 0.000537535)
(0.0043024 0 0 0 0.000537799 0 0 0 0.000537799)
(0.00430451 0 0 0 0.000538064 0 0 0 0.000538064)
(0.00430662 0 0 0 0.000538328 0 0 0 0.000538328)
(0.00430873 0 0 0 0.000538592 0 0 0 0.000538592)
(0.00431085 0 0 0 0.000538856 0 0 0 0.000538856)
(0.00431296 0 0 0 0.00053912 0 0 0 0.00053912)
(0.00431507 0 0 0 0.000539384 0 0 0 0.000539384)
(0.00431718 0 0 0 0.000539647 0 0 0 0.000539647)
(0.00431929 0 0 0 0.000539911 0 0 0 0.000539911)
(0.00432139 0 0 0 0.000540174 0 0 0 0.000540174)
(0.0043235 0 0 0 0.000540438 0 0 0 0.000540438)
(0.0043256 0 0 0 0.000540701 0 0 0 0.000540701)
(0.00432771 0 0 0 0.000540963 0 0 0 0.000540963)
(0.00432981 0 0 0 0.000541226 0 0 0 0.000541226)
(0.0043319 0 0 0 0.000541488 0 0 0 0.000541488)
(0.004334 0 0 0 0.00054175 0 0 0 0.00054175)
(0.00433609 0 0 0 0.000542011 0 0 0 0.000542011)
(0.00433818 0 0 0 0.000542273 0 0 0 0.000542273)
(0.00434027 0 0 0 0.000542533 0 0 0 0.000542533)
(0.00434235 0 0 0 0.000542794 0 0 0 0.000542794)
(0.00434443 0 0 0 0.000543054 0 0 0 0.000543054)
(0.00434651 0 0 0 0.000543313 0 0 0 0.000543313)
(0.00434858 0 0 0 0.000543572 0 0 0 0.000543572)
(0.00435065 0 0 0 0.000543831 0 0 0 0.000543831)
(0.00435271 0 0 0 0.000544089 0 0 0 0.000544089)
(0.00435477 0 0 0 0.000544346 0 0 0 0.000544346)
(0.00435682 0 0 0 0.000544603 0 0 0 0.000544603)
(0.00435887 0 0 0 0.000544859 0 0 0 0.000544859)
(0.00436092 0 0 0 0.000545115 0 0 0 0.000545115)
(0.00436296 0 0 0 0.000545369 0 0 0 0.000545369)
(0.00436499 0 0 0 0.000545624 0 0 0 0.000545624)
(0.00436702 0 0 0 0.000545877 0 0 0 0.000545877)
(0.00436904 0 0 0 0.00054613 0 0 0 0.00054613)
(0.00437106 0 0 0 0.000546382 0 0 0 0.000546382)
(0.00437307 0 0 0 0.000546633 0 0 0 0.000546633)
(0.00437507 0 0 0 0.000546884 0 0 0 0.000546884)
(0.00437707 0 0 0 0.000547133 0 0 0 0.000547133)
(0.00437906 0 0 0 0.000547382 0 0 0 0.000547382)
(0.00438104 0 0 0 0.00054763 0 0 0 0.00054763)
(0.00438302 0 0 0 0.000547877 0 0 0 0.000547877)
(0.00438499 0 0 0 0.000548123 0 0 0 0.000548123)
(0.00438695 0 0 0 0.000548368 0 0 0 0.000548368)
(0.0043889 0 0 0 0.000548613 0 0 0 0.000548613)
(0.00439085 0 0 0 0.000548856 0 0 0 0.000548856)
(0.00439278 0 0 0 0.000549098 0 0 0 0.000549098)
(0.00439471 0 0 0 0.000549339 0 0 0 0.000549339)
(0.00439664 0 0 0 0.000549579 0 0 0 0.000549579)
(0.00439855 0 0 0 0.000549818 0 0 0 0.000549818)
(0.00440045 0 0 0 0.000550057 0 0 0 0.000550057)
(0.00440235 0 0 0 0.000550293 0 0 0 0.000550293)
(0.00440423 0 0 0 0.000550529 0 0 0 0.000550529)
(0.00440611 0 0 0 0.000550764 0 0 0 0.000550764)
(0.00440798 0 0 0 0.000550997 0 0 0 0.000550997)
(0.00440984 0 0 0 0.00055123 0 0 0 0.00055123)
(0.00441169 0 0 0 0.000551461 0 0 0 0.000551461)
(0.00441353 0 0 0 0.000551691 0 0 0 0.000551691)
(0.00441536 0 0 0 0.000551919 0 0 0 0.000551919)
(0.00441718 0 0 0 0.000552147 0 0 0 0.000552147)
(0.00441899 0 0 0 0.000552373 0 0 0 0.000552373)
(0.00442079 0 0 0 0.000552598 0 0 0 0.000552598)
(0.00442258 0 0 0 0.000552822 0 0 0 0.000552822)
(0.00442435 0 0 0 0.000553044 0 0 0 0.000553044)
(0.00442612 0 0 0 0.000553266 0 0 0 0.000553266)
(0.00442788 0 0 0 0.000553485 0 0 0 0.000553485)
(0.00442963 0 0 0 0.000553704 0 0 0 0.000553704)
(0.00443137 0 0 0 0.000553921 0 0 0 0.000553921)
(0.0044331 0 0 0 0.000554137 0 0 0 0.000554137)
(0.00443482 0 0 0 0.000554352 0 0 0 0.000554352)
(0.00443652 0 0 0 0.000554565 0 0 0 0.000554565)
(0.00443822 0 0 0 0.000554778 0 0 0 0.000554778)
(0.00443991 0 0 0 0.000554988 0 0 0 0.000554988)
(0.00444158 0 0 0 0.000555198 0 0 0 0.000555198)
(0.00444325 0 0 0 0.000555406 0 0 0 0.000555406)
(0.0044449 0 0 0 0.000555613 0 0 0 0.000555613)
(0.00444655 0 0 0 0.000555819 0 0 0 0.000555819)
(0.00444818 0 0 0 0.000556023 0 0 0 0.000556023)
(0.00444981 0 0 0 0.000556226 0 0 0 0.000556226)
(0.00445142 0 0 0 0.000556428 0 0 0 0.000556428)
(0.00445303 0 0 0 0.000556628 0 0 0 0.000556628)
(0.00445462 0 0 0 0.000556828 0 0 0 0.000556828)
(0.00445621 0 0 0 0.000557026 0 0 0 0.000557026)
(0.00445778 0 0 0 0.000557223 0 0 0 0.000557223)
(0.00445935 0 0 0 0.000557419 0 0 0 0.000557419)
(0.00446091 0 0 0 0.000557614 0 0 0 0.000557614)
(0.00446246 0 0 0 0.000557807 0 0 0 0.000557807)
(0.004464 0 0 0 0.000558 0 0 0 0.000558)
(0.00446553 0 0 0 0.000558191 0 0 0 0.000558191)
(0.00446705 0 0 0 0.000558382 0 0 0 0.000558382)
(0.00446857 0 0 0 0.000558571 0 0 0 0.000558571)
(0.00447008 0 0 0 0.00055876 0 0 0 0.00055876)
(0.00447158 0 0 0 0.000558948 0 0 0 0.000558948)
(0.00447308 0 0 0 0.000559135 0 0 0 0.000559135)
(0.00447456 0 0 0 0.000559321 0 0 0 0.000559321)
(0.00447605 0 0 0 0.000559506 0 0 0 0.000559506)
(0.00447752 0 0 0 0.000559691 0 0 0 0.000559691)
(0.004479 0 0 0 0.000559875 0 0 0 0.000559875)
(0.00448046 0 0 0 0.000560058 0 0 0 0.000560058)
(0.00448193 0 0 0 0.000560241 0 0 0 0.000560241)
(0.00448339 0 0 0 0.000560423 0 0 0 0.000560423)
(0.00448484 0 0 0 0.000560605 0 0 0 0.000560605)
(0.00448629 0 0 0 0.000560787 0 0 0 0.000560787)
(0.00448775 0 0 0 0.000560968 0 0 0 0.000560968)
(0.0044892 0 0 0 0.00056115 0 0 0 0.00056115)
(0.00449065 0 0 0 0.000561331 0 0 0 0.000561331)
(0.0044921 0 0 0 0.000561512 0 0 0 0.000561512)
(0.00449355 0 0 0 0.000561693 0 0 0 0.000561693)
(0.004495 0 0 0 0.000561875 0 0 0 0.000561875)
(0.00449645 0 0 0 0.000562056 0 0 0 0.000562056)
(0.00449791 0 0 0 0.000562238 0 0 0 0.000562238)
(0.00449937 0 0 0 0.000562421 0 0 0 0.000562421)
(0.00450083 0 0 0 0.000562604 0 0 0 0.000562604)
(0.00450229 0 0 0 0.000562786 0 0 0 0.000562786)
(0.00450373 0 0 0 0.000562967 0 0 0 0.000562967)
(0.00450517 0 0 0 0.000563147 0 0 0 0.000563147)
(0.00450661 0 0 0 0.000563326 0 0 0 0.000563326)
(0.00450803 0 0 0 0.000563504 0 0 0 0.000563504)
(0.00450946 0 0 0 0.000563682 0 0 0 0.000563682)
(0.00451087 0 0 0 0.000563859 0 0 0 0.000563859)
(0.00451229 0 0 0 0.000564036 0 0 0 0.000564036)
(0.0045137 0 0 0 0.000564213 0 0 0 0.000564213)
(0.00451511 0 0 0 0.000564389 0 0 0 0.000564389)
(0.00451652 0 0 0 0.000564565 0 0 0 0.000564565)
(0.00451793 0 0 0 0.000564741 0 0 0 0.000564741)
(0.00451934 0 0 0 0.000564917 0 0 0 0.000564917)
(0.00452075 0 0 0 0.000565094 0 0 0 0.000565094)
(0.00452216 0 0 0 0.00056527 0 0 0 0.00056527)
(0.00452358 0 0 0 0.000565447 0 0 0 0.000565447)
(0.004525 0 0 0 0.000565624 0 0 0 0.000565624)
(0.00452642 0 0 0 0.000565802 0 0 0 0.000565802)
(0.00452784 0 0 0 0.00056598 0 0 0 0.00056598)
(0.00452928 0 0 0 0.000566159 0 0 0 0.000566159)
(0.00453071 0 0 0 0.000566339 0 0 0 0.000566339)
(0.00453215 0 0 0 0.000566519 0 0 0 0.000566519)
(0.0045336 0 0 0 0.0005667 0 0 0 0.0005667)
(0.00453506 0 0 0 0.000566882 0 0 0 0.000566882)
(0.00453652 0 0 0 0.000567065 0 0 0 0.000567065)
(0.00453799 0 0 0 0.000567249 0 0 0 0.000567249)
(0.00453947 0 0 0 0.000567434 0 0 0 0.000567434)
(0.00454096 0 0 0 0.00056762 0 0 0 0.00056762)
(0.00454246 0 0 0 0.000567808 0 0 0 0.000567808)
(0.00454397 0 0 0 0.000567996 0 0 0 0.000567996)
(0.00454549 0 0 0 0.000568186 0 0 0 0.000568186)
(0.00454701 0 0 0 0.000568377 0 0 0 0.000568377)
(0.00454855 0 0 0 0.000568569 0 0 0 0.000568569)
(0.0045501 0 0 0 0.000568763 0 0 0 0.000568763)
(0.00455166 0 0 0 0.000568958 0 0 0 0.000568958)
(0.00455323 0 0 0 0.000569154 0 0 0 0.000569154)
(0.00455482 0 0 0 0.000569352 0 0 0 0.000569352)
(0.00455641 0 0 0 0.000569552 0 0 0 0.000569552)
(0.00455802 0 0 0 0.000569753 0 0 0 0.000569753)
(0.00455964 0 0 0 0.000569956 0 0 0 0.000569956)
(0.00456128 0 0 0 0.00057016 0 0 0 0.00057016)
(0.00456293 0 0 0 0.000570366 0 0 0 0.000570366)
(0.00456459 0 0 0 0.000570573 0 0 0 0.000570573)
(0.00456626 0 0 0 0.000570783 0 0 0 0.000570783)
(0.00456795 0 0 0 0.000570994 0 0 0 0.000570994)
(0.00456965 0 0 0 0.000571207 0 0 0 0.000571207)
(0.00457137 0 0 0 0.000571421 0 0 0 0.000571421)
(0.0045731 0 0 0 0.000571637 0 0 0 0.000571637)
(0.00457484 0 0 0 0.000571855 0 0 0 0.000571855)
(0.0045766 0 0 0 0.000572075 0 0 0 0.000572075)
(0.00457837 0 0 0 0.000572297 0 0 0 0.000572297)
(0.00458016 0 0 0 0.00057252 0 0 0 0.00057252)
(0.00458196 0 0 0 0.000572746 0 0 0 0.000572746)
(0.00458378 0 0 0 0.000572973 0 0 0 0.000572973)
(0.00458561 0 0 0 0.000573202 0 0 0 0.000573202)
(0.00458746 0 0 0 0.000573433 0 0 0 0.000573433)
(0.00458932 0 0 0 0.000573665 0 0 0 0.000573665)
(0.0045912 0 0 0 0.0005739 0 0 0 0.0005739)
(0.00459309 0 0 0 0.000574136 0 0 0 0.000574136)
(0.004595 0 0 0 0.000574375 0 0 0 0.000574375)
(0.00459692 0 0 0 0.000574615 0 0 0 0.000574615)
(0.00459885 0 0 0 0.000574857 0 0 0 0.000574857)
(0.00460081 0 0 0 0.000575101 0 0 0 0.000575101)
(0.00460277 0 0 0 0.000575347 0 0 0 0.000575347)
(0.00460475 0 0 0 0.000575594 0 0 0 0.000575594)
(0.00460675 0 0 0 0.000575844 0 0 0 0.000575844)
(0.00460876 0 0 0 0.000576095 0 0 0 0.000576095)
(0.00461079 0 0 0 0.000576349 0 0 0 0.000576349)
(0.00461283 0 0 0 0.000576604 0 0 0 0.000576604)
(0.00461488 0 0 0 0.000576861 0 0 0 0.000576861)
(0.00461695 0 0 0 0.000577119 0 0 0 0.000577119)
(0.00461904 0 0 0 0.00057738 0 0 0 0.00057738)
(0.00462114 0 0 0 0.000577642 0 0 0 0.000577642)
(0.00462325 0 0 0 0.000577907 0 0 0 0.000577907)
(0.00462538 0 0 0 0.000578173 0 0 0 0.000578173)
(0.00462752 0 0 0 0.00057844 0 0 0 0.00057844)
(0.00462968 0 0 0 0.00057871 0 0 0 0.00057871)
(0.00463185 0 0 0 0.000578981 0 0 0 0.000578981)
(0.00463403 0 0 0 0.000579254 0 0 0 0.000579254)
(0.00463623 0 0 0 0.000579529 0 0 0 0.000579529)
(0.00463844 0 0 0 0.000579806 0 0 0 0.000579806)
(0.00464067 0 0 0 0.000580084 0 0 0 0.000580084)
(0.00464291 0 0 0 0.000580364 0 0 0 0.000580364)
(0.00464516 0 0 0 0.000580645 0 0 0 0.000580645)
(0.00464743 0 0 0 0.000580928 0 0 0 0.000580928)
(0.00464971 0 0 0 0.000581213 0 0 0 0.000581213)
(0.004652 0 0 0 0.0005815 0 0 0 0.0005815)
(0.0046543 0 0 0 0.000581788 0 0 0 0.000581788)
(0.00465662 0 0 0 0.000582077 0 0 0 0.000582077)
(0.00465895 0 0 0 0.000582369 0 0 0 0.000582369)
(0.00466129 0 0 0 0.000582661 0 0 0 0.000582661)
(0.00466364 0 0 0 0.000582955 0 0 0 0.000582955)
(0.00466601 0 0 0 0.000583251 0 0 0 0.000583251)
(0.00466839 0 0 0 0.000583548 0 0 0 0.000583548)
(0.00467078 0 0 0 0.000583847 0 0 0 0.000583847)
(0.00467318 0 0 0 0.000584147 0 0 0 0.000584147)
(0.00467559 0 0 0 0.000584449 0 0 0 0.000584449)
(0.00467801 0 0 0 0.000584751 0 0 0 0.000584751)
(0.00468044 0 0 0 0.000585056 0 0 0 0.000585056)
(0.00468289 0 0 0 0.000585361 0 0 0 0.000585361)
(0.00468534 0 0 0 0.000585668 0 0 0 0.000585668)
(0.00468781 0 0 0 0.000585976 0 0 0 0.000585976)
(0.00469028 0 0 0 0.000586285 0 0 0 0.000586285)
(0.00469277 0 0 0 0.000586596 0 0 0 0.000586596)
(0.00469526 0 0 0 0.000586908 0 0 0 0.000586908)
(0.00469777 0 0 0 0.000587221 0 0 0 0.000587221)
(0.00470028 0 0 0 0.000587535 0 0 0 0.000587535)
(0.0047028 0 0 0 0.00058785 0 0 0 0.00058785)
(0.00470533 0 0 0 0.000588166 0 0 0 0.000588166)
(0.00470787 0 0 0 0.000588483 0 0 0 0.000588483)
(0.00471041 0 0 0 0.000588802 0 0 0 0.000588802)
(0.00471297 0 0 0 0.000589121 0 0 0 0.000589121)
(0.00471553 0 0 0 0.000589441 0 0 0 0.000589441)
(0.00471809 0 0 0 0.000589762 0 0 0 0.000589762)
(0.00472067 0 0 0 0.000590083 0 0 0 0.000590083)
(0.00472325 0 0 0 0.000590406 0 0 0 0.000590406)
(0.00472583 0 0 0 0.000590729 0 0 0 0.000590729)
(0.00472842 0 0 0 0.000591053 0 0 0 0.000591053)
(0.00473102 0 0 0 0.000591377 0 0 0 0.000591377)
(0.00473362 0 0 0 0.000591702 0 0 0 0.000591702)
(0.00473622 0 0 0 0.000592028 0 0 0 0.000592028)
(0.00473884 0 0 0 0.000592354 0 0 0 0.000592354)
(0.00474145 0 0 0 0.000592681 0 0 0 0.000592681)
(0.00474407 0 0 0 0.000593009 0 0 0 0.000593009)
(0.0047467 0 0 0 0.000593338 0 0 0 0.000593338)
(0.00474934 0 0 0 0.000593667 0 0 0 0.000593667)
(0.00475198 0 0 0 0.000593998 0 0 0 0.000593998)
(0.00475464 0 0 0 0.00059433 0 0 0 0.00059433)
(0.00475732 0 0 0 0.000594665 0 0 0 0.000594665)
(0.00476001 0 0 0 0.000595001 0 0 0 0.000595001)
(0.00476272 0 0 0 0.00059534 0 0 0 0.00059534)
(0.00476545 0 0 0 0.000595681 0 0 0 0.000595681)
(0.00476786 0 0 0 0.000595983 0 0 0 0.000595983)
(0.0047694 0 0 0 0.000596176 0 0 0 0.000596176)
(0.00425127 0 0 0 0.000531409 0 0 0 0.000531409)
(0.00425224 0 0 0 0.00053153 0 0 0 0.00053153)
(0.00425396 0 0 0 0.000531745 0 0 0 0.000531745)
(0.00425608 0 0 0 0.000532011 0 0 0 0.000532011)
(0.0042582 0 0 0 0.000532275 0 0 0 0.000532275)
(0.00426031 0 0 0 0.000532539 0 0 0 0.000532539)
(0.00426242 0 0 0 0.000532802 0 0 0 0.000532802)
(0.00426452 0 0 0 0.000533065 0 0 0 0.000533065)
(0.00426661 0 0 0 0.000533327 0 0 0 0.000533327)
(0.00426871 0 0 0 0.000533588 0 0 0 0.000533588)
(0.0042708 0 0 0 0.00053385 0 0 0 0.00053385)
(0.0042729 0 0 0 0.000534112 0 0 0 0.000534112)
(0.00427499 0 0 0 0.000534374 0 0 0 0.000534374)
(0.00427709 0 0 0 0.000534636 0 0 0 0.000534636)
(0.00427919 0 0 0 0.000534899 0 0 0 0.000534899)
(0.00428129 0 0 0 0.000535162 0 0 0 0.000535162)
(0.0042834 0 0 0 0.000535425 0 0 0 0.000535425)
(0.0042855 0 0 0 0.000535688 0 0 0 0.000535688)
(0.00428761 0 0 0 0.000535951 0 0 0 0.000535951)
(0.00428972 0 0 0 0.000536215 0 0 0 0.000536215)
(0.00429183 0 0 0 0.000536479 0 0 0 0.000536479)
(0.00429394 0 0 0 0.000536742 0 0 0 0.000536742)
(0.00429605 0 0 0 0.000537006 0 0 0 0.000537006)
(0.00429816 0 0 0 0.00053727 0 0 0 0.00053727)
(0.00430028 0 0 0 0.000537535 0 0 0 0.000537535)
(0.00430239 0 0 0 0.000537799 0 0 0 0.000537799)
(0.0043045 0 0 0 0.000538063 0 0 0 0.000538063)
(0.00430662 0 0 0 0.000538327 0 0 0 0.000538327)
(0.00430873 0 0 0 0.000538591 0 0 0 0.000538591)
(0.00431084 0 0 0 0.000538855 0 0 0 0.000538855)
(0.00431295 0 0 0 0.000539119 0 0 0 0.000539119)
(0.00431506 0 0 0 0.000539383 0 0 0 0.000539383)
(0.00431717 0 0 0 0.000539647 0 0 0 0.000539647)
(0.00431928 0 0 0 0.00053991 0 0 0 0.00053991)
(0.00432139 0 0 0 0.000540174 0 0 0 0.000540174)
(0.0043235 0 0 0 0.000540437 0 0 0 0.000540437)
(0.0043256 0 0 0 0.0005407 0 0 0 0.0005407)
(0.0043277 0 0 0 0.000540963 0 0 0 0.000540963)
(0.0043298 0 0 0 0.000541225 0 0 0 0.000541225)
(0.0043319 0 0 0 0.000541487 0 0 0 0.000541487)
(0.00433399 0 0 0 0.000541749 0 0 0 0.000541749)
(0.00433609 0 0 0 0.000542011 0 0 0 0.000542011)
(0.00433818 0 0 0 0.000542272 0 0 0 0.000542272)
(0.00434026 0 0 0 0.000542533 0 0 0 0.000542533)
(0.00434235 0 0 0 0.000542793 0 0 0 0.000542793)
(0.00434442 0 0 0 0.000543053 0 0 0 0.000543053)
(0.0043465 0 0 0 0.000543313 0 0 0 0.000543313)
(0.00434857 0 0 0 0.000543572 0 0 0 0.000543572)
(0.00435064 0 0 0 0.00054383 0 0 0 0.00054383)
(0.0043527 0 0 0 0.000544088 0 0 0 0.000544088)
(0.00435476 0 0 0 0.000544345 0 0 0 0.000544345)
(0.00435682 0 0 0 0.000544602 0 0 0 0.000544602)
(0.00435887 0 0 0 0.000544858 0 0 0 0.000544858)
(0.00436091 0 0 0 0.000545114 0 0 0 0.000545114)
(0.00436295 0 0 0 0.000545369 0 0 0 0.000545369)
(0.00436499 0 0 0 0.000545623 0 0 0 0.000545623)
(0.00436701 0 0 0 0.000545877 0 0 0 0.000545877)
(0.00436904 0 0 0 0.000546129 0 0 0 0.000546129)
(0.00437105 0 0 0 0.000546382 0 0 0 0.000546382)
(0.00437306 0 0 0 0.000546633 0 0 0 0.000546633)
(0.00437507 0 0 0 0.000546883 0 0 0 0.000546883)
(0.00437706 0 0 0 0.000547133 0 0 0 0.000547133)
(0.00437905 0 0 0 0.000547382 0 0 0 0.000547382)
(0.00438104 0 0 0 0.00054763 0 0 0 0.00054763)
(0.00438301 0 0 0 0.000547877 0 0 0 0.000547877)
(0.00438498 0 0 0 0.000548123 0 0 0 0.000548123)
(0.00438694 0 0 0 0.000548368 0 0 0 0.000548368)
(0.0043889 0 0 0 0.000548612 0 0 0 0.000548612)
(0.00439084 0 0 0 0.000548855 0 0 0 0.000548855)
(0.00439278 0 0 0 0.000549098 0 0 0 0.000549098)
(0.00439471 0 0 0 0.000549339 0 0 0 0.000549339)
(0.00439663 0 0 0 0.000549579 0 0 0 0.000549579)
(0.00439854 0 0 0 0.000549818 0 0 0 0.000549818)
(0.00440045 0 0 0 0.000550056 0 0 0 0.000550056)
(0.00440234 0 0 0 0.000550293 0 0 0 0.000550293)
(0.00440423 0 0 0 0.000550529 0 0 0 0.000550529)
(0.00440611 0 0 0 0.000550763 0 0 0 0.000550763)
(0.00440798 0 0 0 0.000550997 0 0 0 0.000550997)
(0.00440983 0 0 0 0.000551229 0 0 0 0.000551229)
(0.00441168 0 0 0 0.00055146 0 0 0 0.00055146)
(0.00441352 0 0 0 0.00055169 0 0 0 0.00055169)
(0.00441535 0 0 0 0.000551919 0 0 0 0.000551919)
(0.00441717 0 0 0 0.000552147 0 0 0 0.000552147)
(0.00441898 0 0 0 0.000552373 0 0 0 0.000552373)
(0.00442078 0 0 0 0.000552598 0 0 0 0.000552598)
(0.00442257 0 0 0 0.000552821 0 0 0 0.000552821)
(0.00442435 0 0 0 0.000553044 0 0 0 0.000553044)
(0.00442612 0 0 0 0.000553265 0 0 0 0.000553265)
(0.00442788 0 0 0 0.000553485 0 0 0 0.000553485)
(0.00442963 0 0 0 0.000553704 0 0 0 0.000553704)
(0.00443137 0 0 0 0.000553921 0 0 0 0.000553921)
(0.0044331 0 0 0 0.000554137 0 0 0 0.000554137)
(0.00443481 0 0 0 0.000554352 0 0 0 0.000554352)
(0.00443652 0 0 0 0.000554565 0 0 0 0.000554565)
(0.00443822 0 0 0 0.000554777 0 0 0 0.000554777)
(0.0044399 0 0 0 0.000554988 0 0 0 0.000554988)
(0.00444158 0 0 0 0.000555198 0 0 0 0.000555198)
(0.00444325 0 0 0 0.000555406 0 0 0 0.000555406)
(0.0044449 0 0 0 0.000555613 0 0 0 0.000555613)
(0.00444655 0 0 0 0.000555818 0 0 0 0.000555818)
(0.00444818 0 0 0 0.000556023 0 0 0 0.000556023)
(0.00444981 0 0 0 0.000556226 0 0 0 0.000556226)
(0.00445142 0 0 0 0.000556428 0 0 0 0.000556428)
(0.00445303 0 0 0 0.000556628 0 0 0 0.000556628)
(0.00445462 0 0 0 0.000556828 0 0 0 0.000556828)
(0.00445621 0 0 0 0.000557026 0 0 0 0.000557026)
(0.00445778 0 0 0 0.000557223 0 0 0 0.000557223)
(0.00445935 0 0 0 0.000557419 0 0 0 0.000557419)
(0.00446091 0 0 0 0.000557613 0 0 0 0.000557613)
(0.00446246 0 0 0 0.000557807 0 0 0 0.000557807)
(0.004464 0 0 0 0.000558 0 0 0 0.000558)
(0.00446553 0 0 0 0.000558191 0 0 0 0.000558191)
(0.00446705 0 0 0 0.000558382 0 0 0 0.000558382)
(0.00446857 0 0 0 0.000558571 0 0 0 0.000558571)
(0.00447008 0 0 0 0.00055876 0 0 0 0.00055876)
(0.00447158 0 0 0 0.000558947 0 0 0 0.000558947)
(0.00447307 0 0 0 0.000559134 0 0 0 0.000559134)
(0.00447456 0 0 0 0.00055932 0 0 0 0.00055932)
(0.00447605 0 0 0 0.000559506 0 0 0 0.000559506)
(0.00447752 0 0 0 0.00055969 0 0 0 0.00055969)
(0.00447899 0 0 0 0.000559874 0 0 0 0.000559874)
(0.00448046 0 0 0 0.000560058 0 0 0 0.000560058)
(0.00448192 0 0 0 0.00056024 0 0 0 0.00056024)
(0.00448338 0 0 0 0.000560423 0 0 0 0.000560423)
(0.00448484 0 0 0 0.000560605 0 0 0 0.000560605)
(0.00448629 0 0 0 0.000560787 0 0 0 0.000560787)
(0.00448774 0 0 0 0.000560968 0 0 0 0.000560968)
(0.00448919 0 0 0 0.000561149 0 0 0 0.000561149)
(0.00449064 0 0 0 0.00056133 0 0 0 0.00056133)
(0.00449209 0 0 0 0.000561512 0 0 0 0.000561512)
(0.00449354 0 0 0 0.000561693 0 0 0 0.000561693)
(0.00449499 0 0 0 0.000561874 0 0 0 0.000561874)
(0.00449645 0 0 0 0.000562056 0 0 0 0.000562056)
(0.00449791 0 0 0 0.000562238 0 0 0 0.000562238)
(0.00449937 0 0 0 0.000562421 0 0 0 0.000562421)
(0.00450083 0 0 0 0.000562603 0 0 0 0.000562603)
(0.00450228 0 0 0 0.000562785 0 0 0 0.000562785)
(0.00450373 0 0 0 0.000562966 0 0 0 0.000562966)
(0.00450517 0 0 0 0.000563146 0 0 0 0.000563146)
(0.0045066 0 0 0 0.000563325 0 0 0 0.000563325)
(0.00450803 0 0 0 0.000563504 0 0 0 0.000563504)
(0.00450945 0 0 0 0.000563682 0 0 0 0.000563682)
(0.00451087 0 0 0 0.000563859 0 0 0 0.000563859)
(0.00451229 0 0 0 0.000564036 0 0 0 0.000564036)
(0.0045137 0 0 0 0.000564212 0 0 0 0.000564212)
(0.00451511 0 0 0 0.000564388 0 0 0 0.000564388)
(0.00451652 0 0 0 0.000564565 0 0 0 0.000564565)
(0.00451793 0 0 0 0.000564741 0 0 0 0.000564741)
(0.00451934 0 0 0 0.000564917 0 0 0 0.000564917)
(0.00452075 0 0 0 0.000565093 0 0 0 0.000565093)
(0.00452216 0 0 0 0.00056527 0 0 0 0.00056527)
(0.00452357 0 0 0 0.000565447 0 0 0 0.000565447)
(0.00452499 0 0 0 0.000565624 0 0 0 0.000565624)
(0.00452641 0 0 0 0.000565802 0 0 0 0.000565802)
(0.00452784 0 0 0 0.00056598 0 0 0 0.00056598)
(0.00452927 0 0 0 0.000566159 0 0 0 0.000566159)
(0.00453071 0 0 0 0.000566339 0 0 0 0.000566339)
(0.00453215 0 0 0 0.000566519 0 0 0 0.000566519)
(0.0045336 0 0 0 0.0005667 0 0 0 0.0005667)
(0.00453506 0 0 0 0.000566882 0 0 0 0.000566882)
(0.00453652 0 0 0 0.000567065 0 0 0 0.000567065)
(0.00453799 0 0 0 0.000567249 0 0 0 0.000567249)
(0.00453947 0 0 0 0.000567434 0 0 0 0.000567434)
(0.00454096 0 0 0 0.00056762 0 0 0 0.00056762)
(0.00454246 0 0 0 0.000567807 0 0 0 0.000567807)
(0.00454396 0 0 0 0.000567996 0 0 0 0.000567996)
(0.00454548 0 0 0 0.000568185 0 0 0 0.000568185)
(0.00454701 0 0 0 0.000568376 0 0 0 0.000568376)
(0.00454855 0 0 0 0.000568568 0 0 0 0.000568568)
(0.0045501 0 0 0 0.000568762 0 0 0 0.000568762)
(0.00455166 0 0 0 0.000568957 0 0 0 0.000568957)
(0.00455323 0 0 0 0.000569154 0 0 0 0.000569154)
(0.00455481 0 0 0 0.000569352 0 0 0 0.000569352)
(0.00455641 0 0 0 0.000569551 0 0 0 0.000569551)
(0.00455802 0 0 0 0.000569752 0 0 0 0.000569752)
(0.00455964 0 0 0 0.000569955 0 0 0 0.000569955)
(0.00456128 0 0 0 0.000570159 0 0 0 0.000570159)
(0.00456292 0 0 0 0.000570365 0 0 0 0.000570365)
(0.00456458 0 0 0 0.000570573 0 0 0 0.000570573)
(0.00456626 0 0 0 0.000570782 0 0 0 0.000570782)
(0.00456795 0 0 0 0.000570993 0 0 0 0.000570993)
(0.00456965 0 0 0 0.000571206 0 0 0 0.000571206)
(0.00457136 0 0 0 0.00057142 0 0 0 0.00057142)
(0.00457309 0 0 0 0.000571637 0 0 0 0.000571637)
(0.00457484 0 0 0 0.000571855 0 0 0 0.000571855)
(0.0045766 0 0 0 0.000572075 0 0 0 0.000572075)
(0.00457837 0 0 0 0.000572296 0 0 0 0.000572296)
(0.00458016 0 0 0 0.00057252 0 0 0 0.00057252)
(0.00458196 0 0 0 0.000572745 0 0 0 0.000572745)
(0.00458378 0 0 0 0.000572972 0 0 0 0.000572972)
(0.00458561 0 0 0 0.000573201 0 0 0 0.000573201)
(0.00458746 0 0 0 0.000573432 0 0 0 0.000573432)
(0.00458932 0 0 0 0.000573665 0 0 0 0.000573665)
(0.00459119 0 0 0 0.000573899 0 0 0 0.000573899)
(0.00459309 0 0 0 0.000574136 0 0 0 0.000574136)
(0.00459499 0 0 0 0.000574374 0 0 0 0.000574374)
(0.00459691 0 0 0 0.000574614 0 0 0 0.000574614)
(0.00459885 0 0 0 0.000574856 0 0 0 0.000574856)
(0.0046008 0 0 0 0.0005751 0 0 0 0.0005751)
(0.00460277 0 0 0 0.000575346 0 0 0 0.000575346)
(0.00460475 0 0 0 0.000575594 0 0 0 0.000575594)
(0.00460675 0 0 0 0.000575843 0 0 0 0.000575843)
(0.00460876 0 0 0 0.000576095 0 0 0 0.000576095)
(0.00461078 0 0 0 0.000576348 0 0 0 0.000576348)
(0.00461282 0 0 0 0.000576603 0 0 0 0.000576603)
(0.00461488 0 0 0 0.00057686 0 0 0 0.00057686)
(0.00461695 0 0 0 0.000577119 0 0 0 0.000577119)
(0.00461903 0 0 0 0.000577379 0 0 0 0.000577379)
(0.00462113 0 0 0 0.000577642 0 0 0 0.000577642)
(0.00462325 0 0 0 0.000577906 0 0 0 0.000577906)
(0.00462537 0 0 0 0.000578172 0 0 0 0.000578172)
(0.00462752 0 0 0 0.00057844 0 0 0 0.00057844)
(0.00462967 0 0 0 0.000578709 0 0 0 0.000578709)
(0.00463184 0 0 0 0.00057898 0 0 0 0.00057898)
(0.00463403 0 0 0 0.000579254 0 0 0 0.000579254)
(0.00463623 0 0 0 0.000579528 0 0 0 0.000579528)
(0.00463844 0 0 0 0.000579805 0 0 0 0.000579805)
(0.00464066 0 0 0 0.000580083 0 0 0 0.000580083)
(0.0046429 0 0 0 0.000580363 0 0 0 0.000580363)
(0.00464516 0 0 0 0.000580644 0 0 0 0.000580644)
(0.00464742 0 0 0 0.000580928 0 0 0 0.000580928)
(0.0046497 0 0 0 0.000581212 0 0 0 0.000581212)
(0.00465199 0 0 0 0.000581499 0 0 0 0.000581499)
(0.00465429 0 0 0 0.000581787 0 0 0 0.000581787)
(0.00465661 0 0 0 0.000582076 0 0 0 0.000582076)
(0.00465894 0 0 0 0.000582368 0 0 0 0.000582368)
(0.00466128 0 0 0 0.00058266 0 0 0 0.00058266)
(0.00466364 0 0 0 0.000582955 0 0 0 0.000582955)
(0.004666 0 0 0 0.00058325 0 0 0 0.00058325)
(0.00466838 0 0 0 0.000583547 0 0 0 0.000583547)
(0.00467077 0 0 0 0.000583846 0 0 0 0.000583846)
(0.00467317 0 0 0 0.000584146 0 0 0 0.000584146)
(0.00467558 0 0 0 0.000584447 0 0 0 0.000584447)
(0.004678 0 0 0 0.00058475 0 0 0 0.00058475)
(0.00468044 0 0 0 0.000585054 0 0 0 0.000585054)
(0.00468288 0 0 0 0.00058536 0 0 0 0.00058536)
(0.00468533 0 0 0 0.000585667 0 0 0 0.000585667)
(0.0046878 0 0 0 0.000585975 0 0 0 0.000585975)
(0.00469027 0 0 0 0.000586284 0 0 0 0.000586284)
(0.00469276 0 0 0 0.000586595 0 0 0 0.000586595)
(0.00469525 0 0 0 0.000586906 0 0 0 0.000586906)
(0.00469775 0 0 0 0.000587219 0 0 0 0.000587219)
(0.00470027 0 0 0 0.000587533 0 0 0 0.000587533)
(0.00470279 0 0 0 0.000587848 0 0 0 0.000587848)
(0.00470531 0 0 0 0.000588164 0 0 0 0.000588164)
(0.00470785 0 0 0 0.000588481 0 0 0 0.000588481)
(0.00471039 0 0 0 0.000588799 0 0 0 0.000588799)
(0.00471295 0 0 0 0.000589118 0 0 0 0.000589118)
(0.0047155 0 0 0 0.000589438 0 0 0 0.000589438)
(0.00471807 0 0 0 0.000589758 0 0 0 0.000589758)
(0.00472064 0 0 0 0.00059008 0 0 0 0.00059008)
(0.00472321 0 0 0 0.000590402 0 0 0 0.000590402)
(0.00472579 0 0 0 0.000590724 0 0 0 0.000590724)
(0.00472838 0 0 0 0.000591048 0 0 0 0.000591048)
(0.00473097 0 0 0 0.000591371 0 0 0 0.000591371)
(0.00473356 0 0 0 0.000591695 0 0 0 0.000591695)
(0.00473616 0 0 0 0.00059202 0 0 0 0.00059202)
(0.00473876 0 0 0 0.000592345 0 0 0 0.000592345)
(0.00474136 0 0 0 0.00059267 0 0 0 0.00059267)
(0.00474397 0 0 0 0.000592996 0 0 0 0.000592996)
(0.00474658 0 0 0 0.000593322 0 0 0 0.000593322)
(0.00474919 0 0 0 0.000593649 0 0 0 0.000593649)
(0.00475182 0 0 0 0.000593977 0 0 0 0.000593977)
(0.00475445 0 0 0 0.000594306 0 0 0 0.000594306)
(0.0047571 0 0 0 0.000594637 0 0 0 0.000594637)
(0.00475976 0 0 0 0.00059497 0 0 0 0.00059497)
(0.00476245 0 0 0 0.000595307 0 0 0 0.000595307)
(0.00476519 0 0 0 0.000595648 0 0 0 0.000595648)
(0.00476748 0 0 0 0.000595936 0 0 0 0.000595936)
(0.00476909 0 0 0 0.000596136 0 0 0 0.000596136)
(0.00425101 0 0 0 0.000531377 0 0 0 0.000531377)
(0.004252 0 0 0 0.0005315 0 0 0 0.0005315)
(0.00425374 0 0 0 0.000531717 0 0 0 0.000531717)
(0.00425593 0 0 0 0.000531991 0 0 0 0.000531991)
(0.0042581 0 0 0 0.000532262 0 0 0 0.000532262)
(0.00426024 0 0 0 0.00053253 0 0 0 0.00053253)
(0.00426237 0 0 0 0.000532796 0 0 0 0.000532796)
(0.00426448 0 0 0 0.00053306 0 0 0 0.00053306)
(0.00426659 0 0 0 0.000533323 0 0 0 0.000533323)
(0.00426869 0 0 0 0.000533586 0 0 0 0.000533586)
(0.00427079 0 0 0 0.000533848 0 0 0 0.000533848)
(0.00427289 0 0 0 0.000534111 0 0 0 0.000534111)
(0.00427498 0 0 0 0.000534373 0 0 0 0.000534373)
(0.00427708 0 0 0 0.000534635 0 0 0 0.000534635)
(0.00427918 0 0 0 0.000534898 0 0 0 0.000534898)
(0.00428129 0 0 0 0.000535161 0 0 0 0.000535161)
(0.00428339 0 0 0 0.000535424 0 0 0 0.000535424)
(0.0042855 0 0 0 0.000535687 0 0 0 0.000535687)
(0.00428761 0 0 0 0.000535951 0 0 0 0.000535951)
(0.00428971 0 0 0 0.000536214 0 0 0 0.000536214)
(0.00429183 0 0 0 0.000536478 0 0 0 0.000536478)
(0.00429394 0 0 0 0.000536742 0 0 0 0.000536742)
(0.00429605 0 0 0 0.000537006 0 0 0 0.000537006)
(0.00429816 0 0 0 0.00053727 0 0 0 0.00053727)
(0.00430027 0 0 0 0.000537534 0 0 0 0.000537534)
(0.00430239 0 0 0 0.000537798 0 0 0 0.000537798)
(0.0043045 0 0 0 0.000538062 0 0 0 0.000538062)
(0.00430661 0 0 0 0.000538327 0 0 0 0.000538327)
(0.00430873 0 0 0 0.000538591 0 0 0 0.000538591)
(0.00431084 0 0 0 0.000538855 0 0 0 0.000538855)
(0.00431295 0 0 0 0.000539119 0 0 0 0.000539119)
(0.00431506 0 0 0 0.000539383 0 0 0 0.000539383)
(0.00431717 0 0 0 0.000539646 0 0 0 0.000539646)
(0.00431928 0 0 0 0.00053991 0 0 0 0.00053991)
(0.00432139 0 0 0 0.000540173 0 0 0 0.000540173)
(0.00432349 0 0 0 0.000540437 0 0 0 0.000540437)
(0.0043256 0 0 0 0.0005407 0 0 0 0.0005407)
(0.0043277 0 0 0 0.000540962 0 0 0 0.000540962)
(0.0043298 0 0 0 0.000541225 0 0 0 0.000541225)
(0.0043319 0 0 0 0.000541487 0 0 0 0.000541487)
(0.00433399 0 0 0 0.000541749 0 0 0 0.000541749)
(0.00433608 0 0 0 0.00054201 0 0 0 0.00054201)
(0.00433817 0 0 0 0.000542272 0 0 0 0.000542272)
(0.00434026 0 0 0 0.000542532 0 0 0 0.000542532)
(0.00434234 0 0 0 0.000542793 0 0 0 0.000542793)
(0.00434442 0 0 0 0.000543053 0 0 0 0.000543053)
(0.0043465 0 0 0 0.000543312 0 0 0 0.000543312)
(0.00434857 0 0 0 0.000543571 0 0 0 0.000543571)
(0.00435064 0 0 0 0.00054383 0 0 0 0.00054383)
(0.0043527 0 0 0 0.000544088 0 0 0 0.000544088)
(0.00435476 0 0 0 0.000544345 0 0 0 0.000544345)
(0.00435681 0 0 0 0.000544602 0 0 0 0.000544602)
(0.00435886 0 0 0 0.000544858 0 0 0 0.000544858)
(0.00436091 0 0 0 0.000545114 0 0 0 0.000545114)
(0.00436295 0 0 0 0.000545369 0 0 0 0.000545369)
(0.00436498 0 0 0 0.000545623 0 0 0 0.000545623)
(0.00436701 0 0 0 0.000545876 0 0 0 0.000545876)
(0.00436903 0 0 0 0.000546129 0 0 0 0.000546129)
(0.00437105 0 0 0 0.000546381 0 0 0 0.000546381)
(0.00437306 0 0 0 0.000546632 0 0 0 0.000546632)
(0.00437506 0 0 0 0.000546883 0 0 0 0.000546883)
(0.00437706 0 0 0 0.000547133 0 0 0 0.000547133)
(0.00437905 0 0 0 0.000547381 0 0 0 0.000547381)
(0.00438103 0 0 0 0.000547629 0 0 0 0.000547629)
(0.00438301 0 0 0 0.000547876 0 0 0 0.000547876)
(0.00438498 0 0 0 0.000548122 0 0 0 0.000548122)
(0.00438694 0 0 0 0.000548368 0 0 0 0.000548368)
(0.00438889 0 0 0 0.000548612 0 0 0 0.000548612)
(0.00439084 0 0 0 0.000548855 0 0 0 0.000548855)
(0.00439278 0 0 0 0.000549097 0 0 0 0.000549097)
(0.00439471 0 0 0 0.000549339 0 0 0 0.000549339)
(0.00439663 0 0 0 0.000549579 0 0 0 0.000549579)
(0.00439854 0 0 0 0.000549818 0 0 0 0.000549818)
(0.00440045 0 0 0 0.000550056 0 0 0 0.000550056)
(0.00440234 0 0 0 0.000550293 0 0 0 0.000550293)
(0.00440423 0 0 0 0.000550528 0 0 0 0.000550528)
(0.0044061 0 0 0 0.000550763 0 0 0 0.000550763)
(0.00440797 0 0 0 0.000550997 0 0 0 0.000550997)
(0.00440983 0 0 0 0.000551229 0 0 0 0.000551229)
(0.00441168 0 0 0 0.00055146 0 0 0 0.00055146)
(0.00441352 0 0 0 0.00055169 0 0 0 0.00055169)
(0.00441535 0 0 0 0.000551919 0 0 0 0.000551919)
(0.00441717 0 0 0 0.000552146 0 0 0 0.000552146)
(0.00441898 0 0 0 0.000552373 0 0 0 0.000552373)
(0.00442078 0 0 0 0.000552598 0 0 0 0.000552598)
(0.00442257 0 0 0 0.000552821 0 0 0 0.000552821)
(0.00442435 0 0 0 0.000553044 0 0 0 0.000553044)
(0.00442612 0 0 0 0.000553265 0 0 0 0.000553265)
(0.00442788 0 0 0 0.000553485 0 0 0 0.000553485)
(0.00442963 0 0 0 0.000553703 0 0 0 0.000553703)
(0.00443137 0 0 0 0.000553921 0 0 0 0.000553921)
(0.00443309 0 0 0 0.000554137 0 0 0 0.000554137)
(0.00443481 0 0 0 0.000554351 0 0 0 0.000554351)
(0.00443652 0 0 0 0.000554565 0 0 0 0.000554565)
(0.00443822 0 0 0 0.000554777 0 0 0 0.000554777)
(0.0044399 0 0 0 0.000554988 0 0 0 0.000554988)
(0.00444158 0 0 0 0.000555197 0 0 0 0.000555197)
(0.00444324 0 0 0 0.000555405 0 0 0 0.000555405)
(0.0044449 0 0 0 0.000555612 0 0 0 0.000555612)
(0.00444654 0 0 0 0.000555818 0 0 0 0.000555818)
(0.00444818 0 0 0 0.000556022 0 0 0 0.000556022)
(0.0044498 0 0 0 0.000556225 0 0 0 0.000556225)
(0.00445142 0 0 0 0.000556427 0 0 0 0.000556427)
(0.00445302 0 0 0 0.000556628 0 0 0 0.000556628)
(0.00445462 0 0 0 0.000556827 0 0 0 0.000556827)
(0.0044562 0 0 0 0.000557026 0 0 0 0.000557026)
(0.00445778 0 0 0 0.000557223 0 0 0 0.000557223)
(0.00445935 0 0 0 0.000557418 0 0 0 0.000557418)
(0.00446091 0 0 0 0.000557613 0 0 0 0.000557613)
(0.00446245 0 0 0 0.000557807 0 0 0 0.000557807)
(0.00446399 0 0 0 0.000557999 0 0 0 0.000557999)
(0.00446553 0 0 0 0.000558191 0 0 0 0.000558191)
(0.00446705 0 0 0 0.000558381 0 0 0 0.000558381)
(0.00446857 0 0 0 0.000558571 0 0 0 0.000558571)
(0.00447008 0 0 0 0.00055876 0 0 0 0.00055876)
(0.00447158 0 0 0 0.000558947 0 0 0 0.000558947)
(0.00447307 0 0 0 0.000559134 0 0 0 0.000559134)
(0.00447456 0 0 0 0.00055932 0 0 0 0.00055932)
(0.00447604 0 0 0 0.000559505 0 0 0 0.000559505)
(0.00447752 0 0 0 0.00055969 0 0 0 0.00055969)
(0.00447899 0 0 0 0.000559874 0 0 0 0.000559874)
(0.00448046 0 0 0 0.000560057 0 0 0 0.000560057)
(0.00448192 0 0 0 0.00056024 0 0 0 0.00056024)
(0.00448338 0 0 0 0.000560423 0 0 0 0.000560423)
(0.00448484 0 0 0 0.000560605 0 0 0 0.000560605)
(0.00448629 0 0 0 0.000560786 0 0 0 0.000560786)
(0.00448774 0 0 0 0.000560968 0 0 0 0.000560968)
(0.00448919 0 0 0 0.000561149 0 0 0 0.000561149)
(0.00449064 0 0 0 0.00056133 0 0 0 0.00056133)
(0.00449209 0 0 0 0.000561511 0 0 0 0.000561511)
(0.00449354 0 0 0 0.000561693 0 0 0 0.000561693)
(0.00449499 0 0 0 0.000561874 0 0 0 0.000561874)
(0.00449645 0 0 0 0.000562056 0 0 0 0.000562056)
(0.0044979 0 0 0 0.000562238 0 0 0 0.000562238)
(0.00449936 0 0 0 0.000562421 0 0 0 0.000562421)
(0.00450083 0 0 0 0.000562603 0 0 0 0.000562603)
(0.00450228 0 0 0 0.000562785 0 0 0 0.000562785)
(0.00450373 0 0 0 0.000562966 0 0 0 0.000562966)
(0.00450517 0 0 0 0.000563146 0 0 0 0.000563146)
(0.0045066 0 0 0 0.000563325 0 0 0 0.000563325)
(0.00450803 0 0 0 0.000563504 0 0 0 0.000563504)
(0.00450945 0 0 0 0.000563681 0 0 0 0.000563681)
(0.00451087 0 0 0 0.000563859 0 0 0 0.000563859)
(0.00451228 0 0 0 0.000564035 0 0 0 0.000564035)
(0.0045137 0 0 0 0.000564212 0 0 0 0.000564212)
(0.00451511 0 0 0 0.000564388 0 0 0 0.000564388)
(0.00451652 0 0 0 0.000564564 0 0 0 0.000564564)
(0.00451792 0 0 0 0.000564741 0 0 0 0.000564741)
(0.00451933 0 0 0 0.000564917 0 0 0 0.000564917)
(0.00452075 0 0 0 0.000565093 0 0 0 0.000565093)
(0.00452216 0 0 0 0.00056527 0 0 0 0.00056527)
(0.00452357 0 0 0 0.000565447 0 0 0 0.000565447)
(0.00452499 0 0 0 0.000565624 0 0 0 0.000565624)
(0.00452641 0 0 0 0.000565802 0 0 0 0.000565802)
(0.00452784 0 0 0 0.00056598 0 0 0 0.00056598)
(0.00452927 0 0 0 0.000566159 0 0 0 0.000566159)
(0.00453071 0 0 0 0.000566338 0 0 0 0.000566338)
(0.00453215 0 0 0 0.000566519 0 0 0 0.000566519)
(0.0045336 0 0 0 0.0005667 0 0 0 0.0005667)
(0.00453505 0 0 0 0.000566882 0 0 0 0.000566882)
(0.00453652 0 0 0 0.000567065 0 0 0 0.000567065)
(0.00453799 0 0 0 0.000567249 0 0 0 0.000567249)
(0.00453947 0 0 0 0.000567434 0 0 0 0.000567434)
(0.00454096 0 0 0 0.00056762 0 0 0 0.00056762)
(0.00454245 0 0 0 0.000567807 0 0 0 0.000567807)
(0.00454396 0 0 0 0.000567995 0 0 0 0.000567995)
(0.00454548 0 0 0 0.000568185 0 0 0 0.000568185)
(0.00454701 0 0 0 0.000568376 0 0 0 0.000568376)
(0.00454855 0 0 0 0.000568568 0 0 0 0.000568568)
(0.00455009 0 0 0 0.000568762 0 0 0 0.000568762)
(0.00455166 0 0 0 0.000568957 0 0 0 0.000568957)
(0.00455323 0 0 0 0.000569153 0 0 0 0.000569153)
(0.00455481 0 0 0 0.000569351 0 0 0 0.000569351)
(0.00455641 0 0 0 0.000569551 0 0 0 0.000569551)
(0.00455802 0 0 0 0.000569752 0 0 0 0.000569752)
(0.00455964 0 0 0 0.000569955 0 0 0 0.000569955)
(0.00456127 0 0 0 0.000570159 0 0 0 0.000570159)
(0.00456292 0 0 0 0.000570365 0 0 0 0.000570365)
(0.00456458 0 0 0 0.000570573 0 0 0 0.000570573)
(0.00456626 0 0 0 0.000570782 0 0 0 0.000570782)
(0.00456794 0 0 0 0.000570993 0 0 0 0.000570993)
(0.00456964 0 0 0 0.000571206 0 0 0 0.000571206)
(0.00457136 0 0 0 0.00057142 0 0 0 0.00057142)
(0.00457309 0 0 0 0.000571636 0 0 0 0.000571636)
(0.00457483 0 0 0 0.000571854 0 0 0 0.000571854)
(0.00457659 0 0 0 0.000572074 0 0 0 0.000572074)
(0.00457837 0 0 0 0.000572296 0 0 0 0.000572296)
(0.00458015 0 0 0 0.000572519 0 0 0 0.000572519)
(0.00458196 0 0 0 0.000572745 0 0 0 0.000572745)
(0.00458377 0 0 0 0.000572972 0 0 0 0.000572972)
(0.00458561 0 0 0 0.000573201 0 0 0 0.000573201)
(0.00458745 0 0 0 0.000573432 0 0 0 0.000573432)
(0.00458931 0 0 0 0.000573664 0 0 0 0.000573664)
(0.00459119 0 0 0 0.000573899 0 0 0 0.000573899)
(0.00459308 0 0 0 0.000574135 0 0 0 0.000574135)
(0.00459499 0 0 0 0.000574374 0 0 0 0.000574374)
(0.00459691 0 0 0 0.000574614 0 0 0 0.000574614)
(0.00459885 0 0 0 0.000574856 0 0 0 0.000574856)
(0.0046008 0 0 0 0.0005751 0 0 0 0.0005751)
(0.00460276 0 0 0 0.000575345 0 0 0 0.000575345)
(0.00460475 0 0 0 0.000575593 0 0 0 0.000575593)
(0.00460674 0 0 0 0.000575843 0 0 0 0.000575843)
(0.00460875 0 0 0 0.000576094 0 0 0 0.000576094)
(0.00461078 0 0 0 0.000576347 0 0 0 0.000576347)
(0.00461282 0 0 0 0.000576602 0 0 0 0.000576602)
(0.00461487 0 0 0 0.000576859 0 0 0 0.000576859)
(0.00461694 0 0 0 0.000577118 0 0 0 0.000577118)
(0.00461903 0 0 0 0.000577379 0 0 0 0.000577379)
(0.00462113 0 0 0 0.000577641 0 0 0 0.000577641)
(0.00462324 0 0 0 0.000577905 0 0 0 0.000577905)
(0.00462537 0 0 0 0.000578171 0 0 0 0.000578171)
(0.00462751 0 0 0 0.000578439 0 0 0 0.000578439)
(0.00462967 0 0 0 0.000578709 0 0 0 0.000578709)
(0.00463184 0 0 0 0.00057898 0 0 0 0.00057898)
(0.00463402 0 0 0 0.000579253 0 0 0 0.000579253)
(0.00463622 0 0 0 0.000579528 0 0 0 0.000579528)
(0.00463843 0 0 0 0.000579804 0 0 0 0.000579804)
(0.00464066 0 0 0 0.000580082 0 0 0 0.000580082)
(0.0046429 0 0 0 0.000580362 0 0 0 0.000580362)
(0.00464515 0 0 0 0.000580644 0 0 0 0.000580644)
(0.00464742 0 0 0 0.000580927 0 0 0 0.000580927)
(0.00464969 0 0 0 0.000581212 0 0 0 0.000581212)
(0.00465199 0 0 0 0.000581498 0 0 0 0.000581498)
(0.00465429 0 0 0 0.000581786 0 0 0 0.000581786)
(0.00465661 0 0 0 0.000582076 0 0 0 0.000582076)
(0.00465894 0 0 0 0.000582367 0 0 0 0.000582367)
(0.00466128 0 0 0 0.00058266 0 0 0 0.00058266)
(0.00466363 0 0 0 0.000582954 0 0 0 0.000582954)
(0.004666 0 0 0 0.00058325 0 0 0 0.00058325)
(0.00466837 0 0 0 0.000583547 0 0 0 0.000583547)
(0.00467076 0 0 0 0.000583845 0 0 0 0.000583845)
(0.00467316 0 0 0 0.000584145 0 0 0 0.000584145)
(0.00467557 0 0 0 0.000584447 0 0 0 0.000584447)
(0.004678 0 0 0 0.00058475 0 0 0 0.00058475)
(0.00468043 0 0 0 0.000585054 0 0 0 0.000585054)
(0.00468287 0 0 0 0.000585359 0 0 0 0.000585359)
(0.00468533 0 0 0 0.000585666 0 0 0 0.000585666)
(0.00468779 0 0 0 0.000585974 0 0 0 0.000585974)
(0.00469027 0 0 0 0.000586283 0 0 0 0.000586283)
(0.00469275 0 0 0 0.000586594 0 0 0 0.000586594)
(0.00469524 0 0 0 0.000586905 0 0 0 0.000586905)
(0.00469775 0 0 0 0.000587218 0 0 0 0.000587218)
(0.00470026 0 0 0 0.000587532 0 0 0 0.000587532)
(0.00470278 0 0 0 0.000587847 0 0 0 0.000587847)
(0.0047053 0 0 0 0.000588163 0 0 0 0.000588163)
(0.00470784 0 0 0 0.00058848 0 0 0 0.00058848)
(0.00471038 0 0 0 0.000588798 0 0 0 0.000588798)
(0.00471293 0 0 0 0.000589116 0 0 0 0.000589116)
(0.00471549 0 0 0 0.000589436 0 0 0 0.000589436)
(0.00471805 0 0 0 0.000589756 0 0 0 0.000589756)
(0.00472062 0 0 0 0.000590077 0 0 0 0.000590077)
(0.00472319 0 0 0 0.000590399 0 0 0 0.000590399)
(0.00472577 0 0 0 0.000590721 0 0 0 0.000590721)
(0.00472835 0 0 0 0.000591044 0 0 0 0.000591044)
(0.00473093 0 0 0 0.000591367 0 0 0 0.000591367)
(0.00473352 0 0 0 0.00059169 0 0 0 0.00059169)
(0.00473611 0 0 0 0.000592014 0 0 0 0.000592014)
(0.0047387 0 0 0 0.000592337 0 0 0 0.000592337)
(0.00474129 0 0 0 0.000592661 0 0 0 0.000592661)
(0.00474388 0 0 0 0.000592986 0 0 0 0.000592986)
(0.00474648 0 0 0 0.00059331 0 0 0 0.00059331)
(0.00474908 0 0 0 0.000593635 0 0 0 0.000593635)
(0.00475168 0 0 0 0.00059396 0 0 0 0.00059396)
(0.00475429 0 0 0 0.000594286 0 0 0 0.000594286)
(0.00475691 0 0 0 0.000594613 0 0 0 0.000594613)
(0.00475954 0 0 0 0.000594943 0 0 0 0.000594943)
(0.00476221 0 0 0 0.000595276 0 0 0 0.000595276)
(0.00476491 0 0 0 0.000595614 0 0 0 0.000595614)
(0.00476716 0 0 0 0.000595895 0 0 0 0.000595895)
(0.00476881 0 0 0 0.000596102 0 0 0 0.000596102)
(0.00425083 0 0 0 0.000531354 0 0 0 0.000531354)
(0.00425185 0 0 0 0.000531481 0 0 0 0.000531481)
(0.00425356 0 0 0 0.000531696 0 0 0 0.000531696)
(0.00425582 0 0 0 0.000531978 0 0 0 0.000531978)
(0.00425803 0 0 0 0.000532253 0 0 0 0.000532253)
(0.00426019 0 0 0 0.000532524 0 0 0 0.000532524)
(0.00426233 0 0 0 0.000532792 0 0 0 0.000532792)
(0.00426446 0 0 0 0.000533057 0 0 0 0.000533057)
(0.00426657 0 0 0 0.000533321 0 0 0 0.000533321)
(0.00426867 0 0 0 0.000533584 0 0 0 0.000533584)
(0.00427078 0 0 0 0.000533847 0 0 0 0.000533847)
(0.00427288 0 0 0 0.00053411 0 0 0 0.00053411)
(0.00427498 0 0 0 0.000534372 0 0 0 0.000534372)
(0.00427708 0 0 0 0.000534635 0 0 0 0.000534635)
(0.00427918 0 0 0 0.000534898 0 0 0 0.000534898)
(0.00428128 0 0 0 0.000535161 0 0 0 0.000535161)
(0.00428339 0 0 0 0.000535424 0 0 0 0.000535424)
(0.0042855 0 0 0 0.000535687 0 0 0 0.000535687)
(0.0042876 0 0 0 0.00053595 0 0 0 0.00053595)
(0.00428971 0 0 0 0.000536214 0 0 0 0.000536214)
(0.00429182 0 0 0 0.000536478 0 0 0 0.000536478)
(0.00429393 0 0 0 0.000536742 0 0 0 0.000536742)
(0.00429605 0 0 0 0.000537006 0 0 0 0.000537006)
(0.00429816 0 0 0 0.00053727 0 0 0 0.00053727)
(0.00430027 0 0 0 0.000537534 0 0 0 0.000537534)
(0.00430238 0 0 0 0.000537798 0 0 0 0.000537798)
(0.0043045 0 0 0 0.000538062 0 0 0 0.000538062)
(0.00430661 0 0 0 0.000538326 0 0 0 0.000538326)
(0.00430872 0 0 0 0.00053859 0 0 0 0.00053859)
(0.00431084 0 0 0 0.000538855 0 0 0 0.000538855)
(0.00431295 0 0 0 0.000539118 0 0 0 0.000539118)
(0.00431506 0 0 0 0.000539382 0 0 0 0.000539382)
(0.00431717 0 0 0 0.000539646 0 0 0 0.000539646)
(0.00431928 0 0 0 0.00053991 0 0 0 0.00053991)
(0.00432138 0 0 0 0.000540173 0 0 0 0.000540173)
(0.00432349 0 0 0 0.000540436 0 0 0 0.000540436)
(0.00432559 0 0 0 0.000540699 0 0 0 0.000540699)
(0.0043277 0 0 0 0.000540962 0 0 0 0.000540962)
(0.0043298 0 0 0 0.000541225 0 0 0 0.000541225)
(0.00433189 0 0 0 0.000541487 0 0 0 0.000541487)
(0.00433399 0 0 0 0.000541749 0 0 0 0.000541749)
(0.00433608 0 0 0 0.00054201 0 0 0 0.00054201)
(0.00433817 0 0 0 0.000542271 0 0 0 0.000542271)
(0.00434026 0 0 0 0.000542532 0 0 0 0.000542532)
(0.00434234 0 0 0 0.000542793 0 0 0 0.000542793)
(0.00434442 0 0 0 0.000543052 0 0 0 0.000543052)
(0.0043465 0 0 0 0.000543312 0 0 0 0.000543312)
(0.00434857 0 0 0 0.000543571 0 0 0 0.000543571)
(0.00435064 0 0 0 0.000543829 0 0 0 0.000543829)
(0.0043527 0 0 0 0.000544087 0 0 0 0.000544087)
(0.00435476 0 0 0 0.000544345 0 0 0 0.000544345)
(0.00435681 0 0 0 0.000544602 0 0 0 0.000544602)
(0.00435886 0 0 0 0.000544858 0 0 0 0.000544858)
(0.00436091 0 0 0 0.000545113 0 0 0 0.000545113)
(0.00436295 0 0 0 0.000545368 0 0 0 0.000545368)
(0.00436498 0 0 0 0.000545623 0 0 0 0.000545623)
(0.00436701 0 0 0 0.000545876 0 0 0 0.000545876)
(0.00436903 0 0 0 0.000546129 0 0 0 0.000546129)
(0.00437105 0 0 0 0.000546381 0 0 0 0.000546381)
(0.00437306 0 0 0 0.000546632 0 0 0 0.000546632)
(0.00437506 0 0 0 0.000546883 0 0 0 0.000546883)
(0.00437706 0 0 0 0.000547132 0 0 0 0.000547132)
(0.00437905 0 0 0 0.000547381 0 0 0 0.000547381)
(0.00438103 0 0 0 0.000547629 0 0 0 0.000547629)
(0.00438301 0 0 0 0.000547876 0 0 0 0.000547876)
(0.00438498 0 0 0 0.000548122 0 0 0 0.000548122)
(0.00438694 0 0 0 0.000548367 0 0 0 0.000548367)
(0.00438889 0 0 0 0.000548612 0 0 0 0.000548612)
(0.00439084 0 0 0 0.000548855 0 0 0 0.000548855)
(0.00439278 0 0 0 0.000549097 0 0 0 0.000549097)
(0.00439471 0 0 0 0.000549338 0 0 0 0.000549338)
(0.00439663 0 0 0 0.000549578 0 0 0 0.000549578)
(0.00439854 0 0 0 0.000549818 0 0 0 0.000549818)
(0.00440044 0 0 0 0.000550056 0 0 0 0.000550056)
(0.00440234 0 0 0 0.000550293 0 0 0 0.000550293)
(0.00440423 0 0 0 0.000550528 0 0 0 0.000550528)
(0.0044061 0 0 0 0.000550763 0 0 0 0.000550763)
(0.00440797 0 0 0 0.000550996 0 0 0 0.000550996)
(0.00440983 0 0 0 0.000551229 0 0 0 0.000551229)
(0.00441168 0 0 0 0.00055146 0 0 0 0.00055146)
(0.00441352 0 0 0 0.00055169 0 0 0 0.00055169)
(0.00441535 0 0 0 0.000551919 0 0 0 0.000551919)
(0.00441717 0 0 0 0.000552146 0 0 0 0.000552146)
(0.00441898 0 0 0 0.000552372 0 0 0 0.000552372)
(0.00442078 0 0 0 0.000552597 0 0 0 0.000552597)
(0.00442257 0 0 0 0.000552821 0 0 0 0.000552821)
(0.00442435 0 0 0 0.000553044 0 0 0 0.000553044)
(0.00442612 0 0 0 0.000553265 0 0 0 0.000553265)
(0.00442788 0 0 0 0.000553485 0 0 0 0.000553485)
(0.00442963 0 0 0 0.000553703 0 0 0 0.000553703)
(0.00443137 0 0 0 0.000553921 0 0 0 0.000553921)
(0.00443309 0 0 0 0.000554137 0 0 0 0.000554137)
(0.00443481 0 0 0 0.000554351 0 0 0 0.000554351)
(0.00443652 0 0 0 0.000554565 0 0 0 0.000554565)
(0.00443821 0 0 0 0.000554777 0 0 0 0.000554777)
(0.0044399 0 0 0 0.000554988 0 0 0 0.000554988)
(0.00444158 0 0 0 0.000555197 0 0 0 0.000555197)
(0.00444324 0 0 0 0.000555405 0 0 0 0.000555405)
(0.0044449 0 0 0 0.000555612 0 0 0 0.000555612)
(0.00444654 0 0 0 0.000555818 0 0 0 0.000555818)
(0.00444818 0 0 0 0.000556022 0 0 0 0.000556022)
(0.0044498 0 0 0 0.000556225 0 0 0 0.000556225)
(0.00445142 0 0 0 0.000556427 0 0 0 0.000556427)
(0.00445302 0 0 0 0.000556628 0 0 0 0.000556628)
(0.00445462 0 0 0 0.000556827 0 0 0 0.000556827)
(0.0044562 0 0 0 0.000557025 0 0 0 0.000557025)
(0.00445778 0 0 0 0.000557222 0 0 0 0.000557222)
(0.00445935 0 0 0 0.000557418 0 0 0 0.000557418)
(0.0044609 0 0 0 0.000557613 0 0 0 0.000557613)
(0.00446245 0 0 0 0.000557807 0 0 0 0.000557807)
(0.00446399 0 0 0 0.000557999 0 0 0 0.000557999)
(0.00446553 0 0 0 0.000558191 0 0 0 0.000558191)
(0.00446705 0 0 0 0.000558381 0 0 0 0.000558381)
(0.00446857 0 0 0 0.000558571 0 0 0 0.000558571)
(0.00447008 0 0 0 0.000558759 0 0 0 0.000558759)
(0.00447158 0 0 0 0.000558947 0 0 0 0.000558947)
(0.00447307 0 0 0 0.000559134 0 0 0 0.000559134)
(0.00447456 0 0 0 0.00055932 0 0 0 0.00055932)
(0.00447604 0 0 0 0.000559505 0 0 0 0.000559505)
(0.00447752 0 0 0 0.00055969 0 0 0 0.00055969)
(0.00447899 0 0 0 0.000559874 0 0 0 0.000559874)
(0.00448046 0 0 0 0.000560057 0 0 0 0.000560057)
(0.00448192 0 0 0 0.00056024 0 0 0 0.00056024)
(0.00448338 0 0 0 0.000560423 0 0 0 0.000560423)
(0.00448484 0 0 0 0.000560605 0 0 0 0.000560605)
(0.00448629 0 0 0 0.000560786 0 0 0 0.000560786)
(0.00448774 0 0 0 0.000560968 0 0 0 0.000560968)
(0.00448919 0 0 0 0.000561149 0 0 0 0.000561149)
(0.00449064 0 0 0 0.00056133 0 0 0 0.00056133)
(0.00449209 0 0 0 0.000561511 0 0 0 0.000561511)
(0.00449354 0 0 0 0.000561693 0 0 0 0.000561693)
(0.00449499 0 0 0 0.000561874 0 0 0 0.000561874)
(0.00449645 0 0 0 0.000562056 0 0 0 0.000562056)
(0.0044979 0 0 0 0.000562238 0 0 0 0.000562238)
(0.00449936 0 0 0 0.00056242 0 0 0 0.00056242)
(0.00450083 0 0 0 0.000562603 0 0 0 0.000562603)
(0.00450228 0 0 0 0.000562785 0 0 0 0.000562785)
(0.00450373 0 0 0 0.000562966 0 0 0 0.000562966)
(0.00450517 0 0 0 0.000563146 0 0 0 0.000563146)
(0.0045066 0 0 0 0.000563325 0 0 0 0.000563325)
(0.00450803 0 0 0 0.000563503 0 0 0 0.000563503)
(0.00450945 0 0 0 0.000563681 0 0 0 0.000563681)
(0.00451087 0 0 0 0.000563859 0 0 0 0.000563859)
(0.00451228 0 0 0 0.000564035 0 0 0 0.000564035)
(0.00451369 0 0 0 0.000564212 0 0 0 0.000564212)
(0.00451511 0 0 0 0.000564388 0 0 0 0.000564388)
(0.00451651 0 0 0 0.000564564 0 0 0 0.000564564)
(0.00451792 0 0 0 0.00056474 0 0 0 0.00056474)
(0.00451933 0 0 0 0.000564917 0 0 0 0.000564917)
(0.00452074 0 0 0 0.000565093 0 0 0 0.000565093)
(0.00452216 0 0 0 0.00056527 0 0 0 0.00056527)
(0.00452357 0 0 0 0.000565446 0 0 0 0.000565446)
(0.00452499 0 0 0 0.000565624 0 0 0 0.000565624)
(0.00452641 0 0 0 0.000565801 0 0 0 0.000565801)
(0.00452784 0 0 0 0.00056598 0 0 0 0.00056598)
(0.00452927 0 0 0 0.000566159 0 0 0 0.000566159)
(0.00453071 0 0 0 0.000566338 0 0 0 0.000566338)
(0.00453215 0 0 0 0.000566518 0 0 0 0.000566518)
(0.0045336 0 0 0 0.0005667 0 0 0 0.0005667)
(0.00453505 0 0 0 0.000566882 0 0 0 0.000566882)
(0.00453652 0 0 0 0.000567065 0 0 0 0.000567065)
(0.00453799 0 0 0 0.000567248 0 0 0 0.000567248)
(0.00453947 0 0 0 0.000567433 0 0 0 0.000567433)
(0.00454096 0 0 0 0.000567619 0 0 0 0.000567619)
(0.00454245 0 0 0 0.000567807 0 0 0 0.000567807)
(0.00454396 0 0 0 0.000567995 0 0 0 0.000567995)
(0.00454548 0 0 0 0.000568185 0 0 0 0.000568185)
(0.00454701 0 0 0 0.000568376 0 0 0 0.000568376)
(0.00454854 0 0 0 0.000568568 0 0 0 0.000568568)
(0.00455009 0 0 0 0.000568762 0 0 0 0.000568762)
(0.00455165 0 0 0 0.000568957 0 0 0 0.000568957)
(0.00455323 0 0 0 0.000569153 0 0 0 0.000569153)
(0.00455481 0 0 0 0.000569351 0 0 0 0.000569351)
(0.00455641 0 0 0 0.000569551 0 0 0 0.000569551)
(0.00455801 0 0 0 0.000569752 0 0 0 0.000569752)
(0.00455964 0 0 0 0.000569955 0 0 0 0.000569955)
(0.00456127 0 0 0 0.000570159 0 0 0 0.000570159)
(0.00456292 0 0 0 0.000570365 0 0 0 0.000570365)
(0.00456458 0 0 0 0.000570572 0 0 0 0.000570572)
(0.00456625 0 0 0 0.000570782 0 0 0 0.000570782)
(0.00456794 0 0 0 0.000570993 0 0 0 0.000570993)
(0.00456964 0 0 0 0.000571205 0 0 0 0.000571205)
(0.00457136 0 0 0 0.00057142 0 0 0 0.00057142)
(0.00457309 0 0 0 0.000571636 0 0 0 0.000571636)
(0.00457483 0 0 0 0.000571854 0 0 0 0.000571854)
(0.00457659 0 0 0 0.000572074 0 0 0 0.000572074)
(0.00457836 0 0 0 0.000572296 0 0 0 0.000572296)
(0.00458015 0 0 0 0.000572519 0 0 0 0.000572519)
(0.00458195 0 0 0 0.000572744 0 0 0 0.000572744)
(0.00458377 0 0 0 0.000572971 0 0 0 0.000572971)
(0.0045856 0 0 0 0.0005732 0 0 0 0.0005732)
(0.00458745 0 0 0 0.000573431 0 0 0 0.000573431)
(0.00458931 0 0 0 0.000573664 0 0 0 0.000573664)
(0.00459119 0 0 0 0.000573898 0 0 0 0.000573898)
(0.00459308 0 0 0 0.000574135 0 0 0 0.000574135)
(0.00459499 0 0 0 0.000574373 0 0 0 0.000574373)
(0.00459691 0 0 0 0.000574613 0 0 0 0.000574613)
(0.00459884 0 0 0 0.000574855 0 0 0 0.000574855)
(0.00460079 0 0 0 0.000575099 0 0 0 0.000575099)
(0.00460276 0 0 0 0.000575345 0 0 0 0.000575345)
(0.00460474 0 0 0 0.000575593 0 0 0 0.000575593)
(0.00460674 0 0 0 0.000575842 0 0 0 0.000575842)
(0.00460875 0 0 0 0.000576094 0 0 0 0.000576094)
(0.00461078 0 0 0 0.000576347 0 0 0 0.000576347)
(0.00461282 0 0 0 0.000576602 0 0 0 0.000576602)
(0.00461487 0 0 0 0.000576859 0 0 0 0.000576859)
(0.00461694 0 0 0 0.000577118 0 0 0 0.000577118)
(0.00461903 0 0 0 0.000577378 0 0 0 0.000577378)
(0.00462113 0 0 0 0.000577641 0 0 0 0.000577641)
(0.00462324 0 0 0 0.000577905 0 0 0 0.000577905)
(0.00462537 0 0 0 0.000578171 0 0 0 0.000578171)
(0.00462751 0 0 0 0.000578439 0 0 0 0.000578439)
(0.00462967 0 0 0 0.000578708 0 0 0 0.000578708)
(0.00463184 0 0 0 0.00057898 0 0 0 0.00057898)
(0.00463402 0 0 0 0.000579253 0 0 0 0.000579253)
(0.00463622 0 0 0 0.000579527 0 0 0 0.000579527)
(0.00463843 0 0 0 0.000579804 0 0 0 0.000579804)
(0.00464066 0 0 0 0.000580082 0 0 0 0.000580082)
(0.0046429 0 0 0 0.000580362 0 0 0 0.000580362)
(0.00464515 0 0 0 0.000580643 0 0 0 0.000580643)
(0.00464741 0 0 0 0.000580927 0 0 0 0.000580927)
(0.00464969 0 0 0 0.000581211 0 0 0 0.000581211)
(0.00465198 0 0 0 0.000581498 0 0 0 0.000581498)
(0.00465429 0 0 0 0.000581786 0 0 0 0.000581786)
(0.0046566 0 0 0 0.000582075 0 0 0 0.000582075)
(0.00465893 0 0 0 0.000582367 0 0 0 0.000582367)
(0.00466127 0 0 0 0.000582659 0 0 0 0.000582659)
(0.00466363 0 0 0 0.000582953 0 0 0 0.000582953)
(0.00466599 0 0 0 0.000583249 0 0 0 0.000583249)
(0.00466837 0 0 0 0.000583546 0 0 0 0.000583546)
(0.00467076 0 0 0 0.000583845 0 0 0 0.000583845)
(0.00467316 0 0 0 0.000584145 0 0 0 0.000584145)
(0.00467557 0 0 0 0.000584446 0 0 0 0.000584446)
(0.00467799 0 0 0 0.000584749 0 0 0 0.000584749)
(0.00468043 0 0 0 0.000585053 0 0 0 0.000585053)
(0.00468287 0 0 0 0.000585359 0 0 0 0.000585359)
(0.00468532 0 0 0 0.000585665 0 0 0 0.000585665)
(0.00468779 0 0 0 0.000585973 0 0 0 0.000585973)
(0.00469026 0 0 0 0.000586283 0 0 0 0.000586283)
(0.00469275 0 0 0 0.000586593 0 0 0 0.000586593)
(0.00469524 0 0 0 0.000586905 0 0 0 0.000586905)
(0.00469774 0 0 0 0.000587217 0 0 0 0.000587217)
(0.00470025 0 0 0 0.000587531 0 0 0 0.000587531)
(0.00470277 0 0 0 0.000587846 0 0 0 0.000587846)
(0.0047053 0 0 0 0.000588162 0 0 0 0.000588162)
(0.00470783 0 0 0 0.000588479 0 0 0 0.000588479)
(0.00471037 0 0 0 0.000588797 0 0 0 0.000588797)
(0.00471292 0 0 0 0.000589115 0 0 0 0.000589115)
(0.00471548 0 0 0 0.000589435 0 0 0 0.000589435)
(0.00471804 0 0 0 0.000589755 0 0 0 0.000589755)
(0.0047206 0 0 0 0.000590075 0 0 0 0.000590075)
(0.00472317 0 0 0 0.000590397 0 0 0 0.000590397)
(0.00472575 0 0 0 0.000590719 0 0 0 0.000590719)
(0.00472833 0 0 0 0.000591041 0 0 0 0.000591041)
(0.00473091 0 0 0 0.000591363 0 0 0 0.000591363)
(0.00473349 0 0 0 0.000591686 0 0 0 0.000591686)
(0.00473607 0 0 0 0.000592009 0 0 0 0.000592009)
(0.00473865 0 0 0 0.000592332 0 0 0 0.000592332)
(0.00474124 0 0 0 0.000592655 0 0 0 0.000592655)
(0.00474382 0 0 0 0.000592977 0 0 0 0.000592977)
(0.0047464 0 0 0 0.0005933 0 0 0 0.0005933)
(0.00474898 0 0 0 0.000593623 0 0 0 0.000593623)
(0.00475156 0 0 0 0.000593946 0 0 0 0.000593946)
(0.00475415 0 0 0 0.000594269 0 0 0 0.000594269)
(0.00475674 0 0 0 0.000594593 0 0 0 0.000594593)
(0.00475935 0 0 0 0.000594919 0 0 0 0.000594919)
(0.00476198 0 0 0 0.000595248 0 0 0 0.000595248)
(0.00476465 0 0 0 0.000595581 0 0 0 0.000595581)
(0.0047669 0 0 0 0.000595862 0 0 0 0.000595862)
(0.00476857 0 0 0 0.000596071 0 0 0 0.000596071)
(0.00425071 0 0 0 0.000531339 0 0 0 0.000531339)
(0.00425173 0 0 0 0.000531467 0 0 0 0.000531467)
(0.00425346 0 0 0 0.000531682 0 0 0 0.000531682)
(0.00425575 0 0 0 0.000531969 0 0 0 0.000531969)
(0.00425798 0 0 0 0.000532248 0 0 0 0.000532248)
(0.00426016 0 0 0 0.00053252 0 0 0 0.00053252)
(0.00426231 0 0 0 0.000532789 0 0 0 0.000532789)
(0.00426444 0 0 0 0.000533055 0 0 0 0.000533055)
(0.00426656 0 0 0 0.00053332 0 0 0 0.00053332)
(0.00426867 0 0 0 0.000533583 0 0 0 0.000533583)
(0.00427077 0 0 0 0.000533846 0 0 0 0.000533846)
(0.00427287 0 0 0 0.000534109 0 0 0 0.000534109)
(0.00427497 0 0 0 0.000534372 0 0 0 0.000534372)
(0.00427708 0 0 0 0.000534635 0 0 0 0.000534635)
(0.00427918 0 0 0 0.000534897 0 0 0 0.000534897)
(0.00428128 0 0 0 0.00053516 0 0 0 0.00053516)
(0.00428339 0 0 0 0.000535423 0 0 0 0.000535423)
(0.00428549 0 0 0 0.000535687 0 0 0 0.000535687)
(0.0042876 0 0 0 0.00053595 0 0 0 0.00053595)
(0.00428971 0 0 0 0.000536214 0 0 0 0.000536214)
(0.00429182 0 0 0 0.000536478 0 0 0 0.000536478)
(0.00429393 0 0 0 0.000536742 0 0 0 0.000536742)
(0.00429604 0 0 0 0.000537006 0 0 0 0.000537006)
(0.00429816 0 0 0 0.00053727 0 0 0 0.00053727)
(0.00430027 0 0 0 0.000537534 0 0 0 0.000537534)
(0.00430238 0 0 0 0.000537798 0 0 0 0.000537798)
(0.0043045 0 0 0 0.000538062 0 0 0 0.000538062)
(0.00430661 0 0 0 0.000538326 0 0 0 0.000538326)
(0.00430872 0 0 0 0.00053859 0 0 0 0.00053859)
(0.00431083 0 0 0 0.000538854 0 0 0 0.000538854)
(0.00431295 0 0 0 0.000539118 0 0 0 0.000539118)
(0.00431506 0 0 0 0.000539382 0 0 0 0.000539382)
(0.00431717 0 0 0 0.000539646 0 0 0 0.000539646)
(0.00431928 0 0 0 0.00053991 0 0 0 0.00053991)
(0.00432138 0 0 0 0.000540173 0 0 0 0.000540173)
(0.00432349 0 0 0 0.000540436 0 0 0 0.000540436)
(0.00432559 0 0 0 0.000540699 0 0 0 0.000540699)
(0.0043277 0 0 0 0.000540962 0 0 0 0.000540962)
(0.0043298 0 0 0 0.000541224 0 0 0 0.000541224)
(0.00433189 0 0 0 0.000541487 0 0 0 0.000541487)
(0.00433399 0 0 0 0.000541749 0 0 0 0.000541749)
(0.00433608 0 0 0 0.00054201 0 0 0 0.00054201)
(0.00433817 0 0 0 0.000542271 0 0 0 0.000542271)
(0.00434026 0 0 0 0.000542532 0 0 0 0.000542532)
(0.00434234 0 0 0 0.000542792 0 0 0 0.000542792)
(0.00434442 0 0 0 0.000543052 0 0 0 0.000543052)
(0.00434649 0 0 0 0.000543312 0 0 0 0.000543312)
(0.00434857 0 0 0 0.000543571 0 0 0 0.000543571)
(0.00435063 0 0 0 0.000543829 0 0 0 0.000543829)
(0.0043527 0 0 0 0.000544087 0 0 0 0.000544087)
(0.00435476 0 0 0 0.000544345 0 0 0 0.000544345)
(0.00435681 0 0 0 0.000544602 0 0 0 0.000544602)
(0.00435886 0 0 0 0.000544858 0 0 0 0.000544858)
(0.00436091 0 0 0 0.000545113 0 0 0 0.000545113)
(0.00436295 0 0 0 0.000545368 0 0 0 0.000545368)
(0.00436498 0 0 0 0.000545622 0 0 0 0.000545622)
(0.00436701 0 0 0 0.000545876 0 0 0 0.000545876)
(0.00436903 0 0 0 0.000546129 0 0 0 0.000546129)
(0.00437105 0 0 0 0.000546381 0 0 0 0.000546381)
(0.00437306 0 0 0 0.000546632 0 0 0 0.000546632)
(0.00437506 0 0 0 0.000546883 0 0 0 0.000546883)
(0.00437706 0 0 0 0.000547132 0 0 0 0.000547132)
(0.00437905 0 0 0 0.000547381 0 0 0 0.000547381)
(0.00438103 0 0 0 0.000547629 0 0 0 0.000547629)
(0.00438301 0 0 0 0.000547876 0 0 0 0.000547876)
(0.00438498 0 0 0 0.000548122 0 0 0 0.000548122)
(0.00438694 0 0 0 0.000548367 0 0 0 0.000548367)
(0.00438889 0 0 0 0.000548612 0 0 0 0.000548612)
(0.00439084 0 0 0 0.000548855 0 0 0 0.000548855)
(0.00439278 0 0 0 0.000549097 0 0 0 0.000549097)
(0.00439471 0 0 0 0.000549338 0 0 0 0.000549338)
(0.00439663 0 0 0 0.000549578 0 0 0 0.000549578)
(0.00439854 0 0 0 0.000549818 0 0 0 0.000549818)
(0.00440044 0 0 0 0.000550056 0 0 0 0.000550056)
(0.00440234 0 0 0 0.000550292 0 0 0 0.000550292)
(0.00440423 0 0 0 0.000550528 0 0 0 0.000550528)
(0.0044061 0 0 0 0.000550763 0 0 0 0.000550763)
(0.00440797 0 0 0 0.000550996 0 0 0 0.000550996)
(0.00440983 0 0 0 0.000551229 0 0 0 0.000551229)
(0.00441168 0 0 0 0.00055146 0 0 0 0.00055146)
(0.00441352 0 0 0 0.00055169 0 0 0 0.00055169)
(0.00441535 0 0 0 0.000551919 0 0 0 0.000551919)
(0.00441717 0 0 0 0.000552146 0 0 0 0.000552146)
(0.00441898 0 0 0 0.000552372 0 0 0 0.000552372)
(0.00442078 0 0 0 0.000552597 0 0 0 0.000552597)
(0.00442257 0 0 0 0.000552821 0 0 0 0.000552821)
(0.00442435 0 0 0 0.000553044 0 0 0 0.000553044)
(0.00442612 0 0 0 0.000553265 0 0 0 0.000553265)
(0.00442788 0 0 0 0.000553485 0 0 0 0.000553485)
(0.00442963 0 0 0 0.000553703 0 0 0 0.000553703)
(0.00443136 0 0 0 0.000553921 0 0 0 0.000553921)
(0.00443309 0 0 0 0.000554137 0 0 0 0.000554137)
(0.00443481 0 0 0 0.000554351 0 0 0 0.000554351)
(0.00443652 0 0 0 0.000554565 0 0 0 0.000554565)
(0.00443821 0 0 0 0.000554777 0 0 0 0.000554777)
(0.0044399 0 0 0 0.000554988 0 0 0 0.000554988)
(0.00444158 0 0 0 0.000555197 0 0 0 0.000555197)
(0.00444324 0 0 0 0.000555405 0 0 0 0.000555405)
(0.0044449 0 0 0 0.000555612 0 0 0 0.000555612)
(0.00444654 0 0 0 0.000555818 0 0 0 0.000555818)
(0.00444818 0 0 0 0.000556022 0 0 0 0.000556022)
(0.0044498 0 0 0 0.000556225 0 0 0 0.000556225)
(0.00445142 0 0 0 0.000556427 0 0 0 0.000556427)
(0.00445302 0 0 0 0.000556628 0 0 0 0.000556628)
(0.00445462 0 0 0 0.000556827 0 0 0 0.000556827)
(0.0044562 0 0 0 0.000557025 0 0 0 0.000557025)
(0.00445778 0 0 0 0.000557222 0 0 0 0.000557222)
(0.00445935 0 0 0 0.000557418 0 0 0 0.000557418)
(0.0044609 0 0 0 0.000557613 0 0 0 0.000557613)
(0.00446245 0 0 0 0.000557807 0 0 0 0.000557807)
(0.00446399 0 0 0 0.000557999 0 0 0 0.000557999)
(0.00446553 0 0 0 0.000558191 0 0 0 0.000558191)
(0.00446705 0 0 0 0.000558381 0 0 0 0.000558381)
(0.00446857 0 0 0 0.000558571 0 0 0 0.000558571)
(0.00447007 0 0 0 0.000558759 0 0 0 0.000558759)
(0.00447158 0 0 0 0.000558947 0 0 0 0.000558947)
(0.00447307 0 0 0 0.000559134 0 0 0 0.000559134)
(0.00447456 0 0 0 0.00055932 0 0 0 0.00055932)
(0.00447604 0 0 0 0.000559505 0 0 0 0.000559505)
(0.00447752 0 0 0 0.00055969 0 0 0 0.00055969)
(0.00447899 0 0 0 0.000559874 0 0 0 0.000559874)
(0.00448046 0 0 0 0.000560057 0 0 0 0.000560057)
(0.00448192 0 0 0 0.00056024 0 0 0 0.00056024)
(0.00448338 0 0 0 0.000560422 0 0 0 0.000560422)
(0.00448484 0 0 0 0.000560605 0 0 0 0.000560605)
(0.00448629 0 0 0 0.000560786 0 0 0 0.000560786)
(0.00448774 0 0 0 0.000560968 0 0 0 0.000560968)
(0.00448919 0 0 0 0.000561149 0 0 0 0.000561149)
(0.00449064 0 0 0 0.00056133 0 0 0 0.00056133)
(0.00449209 0 0 0 0.000561511 0 0 0 0.000561511)
(0.00449354 0 0 0 0.000561693 0 0 0 0.000561693)
(0.00449499 0 0 0 0.000561874 0 0 0 0.000561874)
(0.00449645 0 0 0 0.000562056 0 0 0 0.000562056)
(0.0044979 0 0 0 0.000562238 0 0 0 0.000562238)
(0.00449936 0 0 0 0.00056242 0 0 0 0.00056242)
(0.00450082 0 0 0 0.000562603 0 0 0 0.000562603)
(0.00450228 0 0 0 0.000562785 0 0 0 0.000562785)
(0.00450373 0 0 0 0.000562966 0 0 0 0.000562966)
(0.00450517 0 0 0 0.000563146 0 0 0 0.000563146)
(0.0045066 0 0 0 0.000563325 0 0 0 0.000563325)
(0.00450803 0 0 0 0.000563503 0 0 0 0.000563503)
(0.00450945 0 0 0 0.000563681 0 0 0 0.000563681)
(0.00451087 0 0 0 0.000563858 0 0 0 0.000563858)
(0.00451228 0 0 0 0.000564035 0 0 0 0.000564035)
(0.00451369 0 0 0 0.000564212 0 0 0 0.000564212)
(0.0045151 0 0 0 0.000564388 0 0 0 0.000564388)
(0.00451651 0 0 0 0.000564564 0 0 0 0.000564564)
(0.00451792 0 0 0 0.00056474 0 0 0 0.00056474)
(0.00451933 0 0 0 0.000564917 0 0 0 0.000564917)
(0.00452074 0 0 0 0.000565093 0 0 0 0.000565093)
(0.00452216 0 0 0 0.000565269 0 0 0 0.000565269)
(0.00452357 0 0 0 0.000565446 0 0 0 0.000565446)
(0.00452499 0 0 0 0.000565624 0 0 0 0.000565624)
(0.00452641 0 0 0 0.000565801 0 0 0 0.000565801)
(0.00452784 0 0 0 0.00056598 0 0 0 0.00056598)
(0.00452927 0 0 0 0.000566158 0 0 0 0.000566158)
(0.0045307 0 0 0 0.000566338 0 0 0 0.000566338)
(0.00453215 0 0 0 0.000566518 0 0 0 0.000566518)
(0.0045336 0 0 0 0.000566699 0 0 0 0.000566699)
(0.00453505 0 0 0 0.000566881 0 0 0 0.000566881)
(0.00453651 0 0 0 0.000567064 0 0 0 0.000567064)
(0.00453799 0 0 0 0.000567248 0 0 0 0.000567248)
(0.00453947 0 0 0 0.000567433 0 0 0 0.000567433)
(0.00454095 0 0 0 0.000567619 0 0 0 0.000567619)
(0.00454245 0 0 0 0.000567807 0 0 0 0.000567807)
(0.00454396 0 0 0 0.000567995 0 0 0 0.000567995)
(0.00454548 0 0 0 0.000568185 0 0 0 0.000568185)
(0.004547 0 0 0 0.000568376 0 0 0 0.000568376)
(0.00454854 0 0 0 0.000568568 0 0 0 0.000568568)
(0.00455009 0 0 0 0.000568761 0 0 0 0.000568761)
(0.00455165 0 0 0 0.000568957 0 0 0 0.000568957)
(0.00455322 0 0 0 0.000569153 0 0 0 0.000569153)
(0.00455481 0 0 0 0.000569351 0 0 0 0.000569351)
(0.0045564 0 0 0 0.000569551 0 0 0 0.000569551)
(0.00455801 0 0 0 0.000569752 0 0 0 0.000569752)
(0.00455964 0 0 0 0.000569954 0 0 0 0.000569954)
(0.00456127 0 0 0 0.000570159 0 0 0 0.000570159)
(0.00456292 0 0 0 0.000570365 0 0 0 0.000570365)
(0.00456458 0 0 0 0.000570572 0 0 0 0.000570572)
(0.00456625 0 0 0 0.000570781 0 0 0 0.000570781)
(0.00456794 0 0 0 0.000570992 0 0 0 0.000570992)
(0.00456964 0 0 0 0.000571205 0 0 0 0.000571205)
(0.00457136 0 0 0 0.00057142 0 0 0 0.00057142)
(0.00457309 0 0 0 0.000571636 0 0 0 0.000571636)
(0.00457483 0 0 0 0.000571854 0 0 0 0.000571854)
(0.00457659 0 0 0 0.000572074 0 0 0 0.000572074)
(0.00457836 0 0 0 0.000572295 0 0 0 0.000572295)
(0.00458015 0 0 0 0.000572519 0 0 0 0.000572519)
(0.00458195 0 0 0 0.000572744 0 0 0 0.000572744)
(0.00458377 0 0 0 0.000572971 0 0 0 0.000572971)
(0.0045856 0 0 0 0.0005732 0 0 0 0.0005732)
(0.00458745 0 0 0 0.000573431 0 0 0 0.000573431)
(0.00458931 0 0 0 0.000573664 0 0 0 0.000573664)
(0.00459119 0 0 0 0.000573898 0 0 0 0.000573898)
(0.00459308 0 0 0 0.000574135 0 0 0 0.000574135)
(0.00459498 0 0 0 0.000574373 0 0 0 0.000574373)
(0.00459691 0 0 0 0.000574613 0 0 0 0.000574613)
(0.00459884 0 0 0 0.000574855 0 0 0 0.000574855)
(0.00460079 0 0 0 0.000575099 0 0 0 0.000575099)
(0.00460276 0 0 0 0.000575345 0 0 0 0.000575345)
(0.00460474 0 0 0 0.000575593 0 0 0 0.000575593)
(0.00460674 0 0 0 0.000575842 0 0 0 0.000575842)
(0.00460875 0 0 0 0.000576094 0 0 0 0.000576094)
(0.00461077 0 0 0 0.000576347 0 0 0 0.000576347)
(0.00461281 0 0 0 0.000576602 0 0 0 0.000576602)
(0.00461487 0 0 0 0.000576859 0 0 0 0.000576859)
(0.00461694 0 0 0 0.000577118 0 0 0 0.000577118)
(0.00461902 0 0 0 0.000577378 0 0 0 0.000577378)
(0.00462112 0 0 0 0.00057764 0 0 0 0.00057764)
(0.00462324 0 0 0 0.000577905 0 0 0 0.000577905)
(0.00462537 0 0 0 0.000578171 0 0 0 0.000578171)
(0.00462751 0 0 0 0.000578438 0 0 0 0.000578438)
(0.00462966 0 0 0 0.000578708 0 0 0 0.000578708)
(0.00463183 0 0 0 0.000578979 0 0 0 0.000578979)
(0.00463402 0 0 0 0.000579252 0 0 0 0.000579252)
(0.00463622 0 0 0 0.000579527 0 0 0 0.000579527)
(0.00463843 0 0 0 0.000579804 0 0 0 0.000579804)
(0.00464065 0 0 0 0.000580082 0 0 0 0.000580082)
(0.00464289 0 0 0 0.000580362 0 0 0 0.000580362)
(0.00464515 0 0 0 0.000580643 0 0 0 0.000580643)
(0.00464741 0 0 0 0.000580926 0 0 0 0.000580926)
(0.00464969 0 0 0 0.000581211 0 0 0 0.000581211)
(0.00465198 0 0 0 0.000581498 0 0 0 0.000581498)
(0.00465428 0 0 0 0.000581786 0 0 0 0.000581786)
(0.0046566 0 0 0 0.000582075 0 0 0 0.000582075)
(0.00465893 0 0 0 0.000582366 0 0 0 0.000582366)
(0.00466127 0 0 0 0.000582659 0 0 0 0.000582659)
(0.00466362 0 0 0 0.000582953 0 0 0 0.000582953)
(0.00466599 0 0 0 0.000583249 0 0 0 0.000583249)
(0.00466837 0 0 0 0.000583546 0 0 0 0.000583546)
(0.00467076 0 0 0 0.000583845 0 0 0 0.000583845)
(0.00467316 0 0 0 0.000584145 0 0 0 0.000584145)
(0.00467557 0 0 0 0.000584446 0 0 0 0.000584446)
(0.00467799 0 0 0 0.000584749 0 0 0 0.000584749)
(0.00468042 0 0 0 0.000585053 0 0 0 0.000585053)
(0.00468287 0 0 0 0.000585358 0 0 0 0.000585358)
(0.00468532 0 0 0 0.000585665 0 0 0 0.000585665)
(0.00468778 0 0 0 0.000585973 0 0 0 0.000585973)
(0.00469026 0 0 0 0.000586282 0 0 0 0.000586282)
(0.00469274 0 0 0 0.000586593 0 0 0 0.000586593)
(0.00469523 0 0 0 0.000586904 0 0 0 0.000586904)
(0.00469774 0 0 0 0.000587217 0 0 0 0.000587217)
(0.00470025 0 0 0 0.000587531 0 0 0 0.000587531)
(0.00470276 0 0 0 0.000587846 0 0 0 0.000587846)
(0.00470529 0 0 0 0.000588161 0 0 0 0.000588161)
(0.00470783 0 0 0 0.000588478 0 0 0 0.000588478)
(0.00471037 0 0 0 0.000588796 0 0 0 0.000588796)
(0.00471291 0 0 0 0.000589114 0 0 0 0.000589114)
(0.00471547 0 0 0 0.000589434 0 0 0 0.000589434)
(0.00471803 0 0 0 0.000589753 0 0 0 0.000589753)
(0.00472059 0 0 0 0.000590074 0 0 0 0.000590074)
(0.00472316 0 0 0 0.000590395 0 0 0 0.000590395)
(0.00472573 0 0 0 0.000590717 0 0 0 0.000590717)
(0.00472831 0 0 0 0.000591039 0 0 0 0.000591039)
(0.00473089 0 0 0 0.000591361 0 0 0 0.000591361)
(0.00473346 0 0 0 0.000591683 0 0 0 0.000591683)
(0.00473604 0 0 0 0.000592005 0 0 0 0.000592005)
(0.00473862 0 0 0 0.000592327 0 0 0 0.000592327)
(0.00474119 0 0 0 0.000592649 0 0 0 0.000592649)
(0.00474377 0 0 0 0.000592971 0 0 0 0.000592971)
(0.00474634 0 0 0 0.000593292 0 0 0 0.000593292)
(0.00474891 0 0 0 0.000593613 0 0 0 0.000593613)
(0.00475147 0 0 0 0.000593934 0 0 0 0.000593934)
(0.00475404 0 0 0 0.000594255 0 0 0 0.000594255)
(0.00475661 0 0 0 0.000594576 0 0 0 0.000594576)
(0.00475919 0 0 0 0.000594899 0 0 0 0.000594899)
(0.00476179 0 0 0 0.000595224 0 0 0 0.000595224)
(0.00476443 0 0 0 0.000595553 0 0 0 0.000595553)
(0.00476666 0 0 0 0.000595833 0 0 0 0.000595833)
(0.00476834 0 0 0 0.000596043 0 0 0 0.000596043)
(0.00425062 0 0 0 0.000531328 0 0 0 0.000531328)
(0.00425166 0 0 0 0.000531458 0 0 0 0.000531458)
(0.00425339 0 0 0 0.000531674 0 0 0 0.000531674)
(0.00425571 0 0 0 0.000531964 0 0 0 0.000531964)
(0.00425795 0 0 0 0.000532244 0 0 0 0.000532244)
(0.00426014 0 0 0 0.000532518 0 0 0 0.000532518)
(0.0042623 0 0 0 0.000532787 0 0 0 0.000532787)
(0.00426443 0 0 0 0.000533054 0 0 0 0.000533054)
(0.00426655 0 0 0 0.000533319 0 0 0 0.000533319)
(0.00426866 0 0 0 0.000533583 0 0 0 0.000533583)
(0.00427077 0 0 0 0.000533846 0 0 0 0.000533846)
(0.00427287 0 0 0 0.000534109 0 0 0 0.000534109)
(0.00427497 0 0 0 0.000534372 0 0 0 0.000534372)
(0.00427707 0 0 0 0.000534634 0 0 0 0.000534634)
(0.00427918 0 0 0 0.000534897 0 0 0 0.000534897)
(0.00428128 0 0 0 0.00053516 0 0 0 0.00053516)
(0.00428339 0 0 0 0.000535423 0 0 0 0.000535423)
(0.00428549 0 0 0 0.000535687 0 0 0 0.000535687)
(0.0042876 0 0 0 0.00053595 0 0 0 0.00053595)
(0.00428971 0 0 0 0.000536214 0 0 0 0.000536214)
(0.00429182 0 0 0 0.000536478 0 0 0 0.000536478)
(0.00429393 0 0 0 0.000536742 0 0 0 0.000536742)
(0.00429604 0 0 0 0.000537006 0 0 0 0.000537006)
(0.00429816 0 0 0 0.00053727 0 0 0 0.00053727)
(0.00430027 0 0 0 0.000537534 0 0 0 0.000537534)
(0.00430238 0 0 0 0.000537798 0 0 0 0.000537798)
(0.0043045 0 0 0 0.000538062 0 0 0 0.000538062)
(0.00430661 0 0 0 0.000538326 0 0 0 0.000538326)
(0.00430872 0 0 0 0.00053859 0 0 0 0.00053859)
(0.00431083 0 0 0 0.000538854 0 0 0 0.000538854)
(0.00431295 0 0 0 0.000539118 0 0 0 0.000539118)
(0.00431506 0 0 0 0.000539382 0 0 0 0.000539382)
(0.00431717 0 0 0 0.000539646 0 0 0 0.000539646)
(0.00431928 0 0 0 0.000539909 0 0 0 0.000539909)
(0.00432138 0 0 0 0.000540173 0 0 0 0.000540173)
(0.00432349 0 0 0 0.000540436 0 0 0 0.000540436)
(0.00432559 0 0 0 0.000540699 0 0 0 0.000540699)
(0.00432769 0 0 0 0.000540962 0 0 0 0.000540962)
(0.00432979 0 0 0 0.000541224 0 0 0 0.000541224)
(0.00433189 0 0 0 0.000541487 0 0 0 0.000541487)
(0.00433399 0 0 0 0.000541748 0 0 0 0.000541748)
(0.00433608 0 0 0 0.00054201 0 0 0 0.00054201)
(0.00433817 0 0 0 0.000542271 0 0 0 0.000542271)
(0.00434026 0 0 0 0.000542532 0 0 0 0.000542532)
(0.00434234 0 0 0 0.000542792 0 0 0 0.000542792)
(0.00434442 0 0 0 0.000543052 0 0 0 0.000543052)
(0.00434649 0 0 0 0.000543312 0 0 0 0.000543312)
(0.00434857 0 0 0 0.000543571 0 0 0 0.000543571)
(0.00435063 0 0 0 0.000543829 0 0 0 0.000543829)
(0.0043527 0 0 0 0.000544087 0 0 0 0.000544087)
(0.00435476 0 0 0 0.000544345 0 0 0 0.000544345)
(0.00435681 0 0 0 0.000544601 0 0 0 0.000544601)
(0.00435886 0 0 0 0.000544858 0 0 0 0.000544858)
(0.00436091 0 0 0 0.000545113 0 0 0 0.000545113)
(0.00436295 0 0 0 0.000545368 0 0 0 0.000545368)
(0.00436498 0 0 0 0.000545622 0 0 0 0.000545622)
(0.00436701 0 0 0 0.000545876 0 0 0 0.000545876)
(0.00436903 0 0 0 0.000546129 0 0 0 0.000546129)
(0.00437105 0 0 0 0.000546381 0 0 0 0.000546381)
(0.00437306 0 0 0 0.000546632 0 0 0 0.000546632)
(0.00437506 0 0 0 0.000546883 0 0 0 0.000546883)
(0.00437706 0 0 0 0.000547132 0 0 0 0.000547132)
(0.00437905 0 0 0 0.000547381 0 0 0 0.000547381)
(0.00438103 0 0 0 0.000547629 0 0 0 0.000547629)
(0.00438301 0 0 0 0.000547876 0 0 0 0.000547876)
(0.00438498 0 0 0 0.000548122 0 0 0 0.000548122)
(0.00438694 0 0 0 0.000548367 0 0 0 0.000548367)
(0.00438889 0 0 0 0.000548612 0 0 0 0.000548612)
(0.00439084 0 0 0 0.000548855 0 0 0 0.000548855)
(0.00439278 0 0 0 0.000549097 0 0 0 0.000549097)
(0.00439471 0 0 0 0.000549338 0 0 0 0.000549338)
(0.00439663 0 0 0 0.000549578 0 0 0 0.000549578)
(0.00439854 0 0 0 0.000549817 0 0 0 0.000549817)
(0.00440044 0 0 0 0.000550055 0 0 0 0.000550055)
(0.00440234 0 0 0 0.000550292 0 0 0 0.000550292)
(0.00440423 0 0 0 0.000550528 0 0 0 0.000550528)
(0.0044061 0 0 0 0.000550763 0 0 0 0.000550763)
(0.00440797 0 0 0 0.000550996 0 0 0 0.000550996)
(0.00440983 0 0 0 0.000551229 0 0 0 0.000551229)
(0.00441168 0 0 0 0.00055146 0 0 0 0.00055146)
(0.00441352 0 0 0 0.00055169 0 0 0 0.00055169)
(0.00441535 0 0 0 0.000551918 0 0 0 0.000551918)
(0.00441717 0 0 0 0.000552146 0 0 0 0.000552146)
(0.00441898 0 0 0 0.000552372 0 0 0 0.000552372)
(0.00442078 0 0 0 0.000552597 0 0 0 0.000552597)
(0.00442257 0 0 0 0.000552821 0 0 0 0.000552821)
(0.00442435 0 0 0 0.000553043 0 0 0 0.000553043)
(0.00442612 0 0 0 0.000553265 0 0 0 0.000553265)
(0.00442788 0 0 0 0.000553485 0 0 0 0.000553485)
(0.00442963 0 0 0 0.000553703 0 0 0 0.000553703)
(0.00443136 0 0 0 0.000553921 0 0 0 0.000553921)
(0.00443309 0 0 0 0.000554137 0 0 0 0.000554137)
(0.00443481 0 0 0 0.000554351 0 0 0 0.000554351)
(0.00443652 0 0 0 0.000554565 0 0 0 0.000554565)
(0.00443821 0 0 0 0.000554777 0 0 0 0.000554777)
(0.0044399 0 0 0 0.000554988 0 0 0 0.000554988)
(0.00444158 0 0 0 0.000555197 0 0 0 0.000555197)
(0.00444324 0 0 0 0.000555405 0 0 0 0.000555405)
(0.0044449 0 0 0 0.000555612 0 0 0 0.000555612)
(0.00444654 0 0 0 0.000555818 0 0 0 0.000555818)
(0.00444818 0 0 0 0.000556022 0 0 0 0.000556022)
(0.0044498 0 0 0 0.000556225 0 0 0 0.000556225)
(0.00445142 0 0 0 0.000556427 0 0 0 0.000556427)
(0.00445302 0 0 0 0.000556628 0 0 0 0.000556628)
(0.00445462 0 0 0 0.000556827 0 0 0 0.000556827)
(0.0044562 0 0 0 0.000557025 0 0 0 0.000557025)
(0.00445778 0 0 0 0.000557222 0 0 0 0.000557222)
(0.00445935 0 0 0 0.000557418 0 0 0 0.000557418)
(0.0044609 0 0 0 0.000557613 0 0 0 0.000557613)
(0.00446245 0 0 0 0.000557807 0 0 0 0.000557807)
(0.00446399 0 0 0 0.000557999 0 0 0 0.000557999)
(0.00446553 0 0 0 0.000558191 0 0 0 0.000558191)
(0.00446705 0 0 0 0.000558381 0 0 0 0.000558381)
(0.00446857 0 0 0 0.000558571 0 0 0 0.000558571)
(0.00447007 0 0 0 0.000558759 0 0 0 0.000558759)
(0.00447158 0 0 0 0.000558947 0 0 0 0.000558947)
(0.00447307 0 0 0 0.000559134 0 0 0 0.000559134)
(0.00447456 0 0 0 0.00055932 0 0 0 0.00055932)
(0.00447604 0 0 0 0.000559505 0 0 0 0.000559505)
(0.00447752 0 0 0 0.00055969 0 0 0 0.00055969)
(0.00447899 0 0 0 0.000559874 0 0 0 0.000559874)
(0.00448046 0 0 0 0.000560057 0 0 0 0.000560057)
(0.00448192 0 0 0 0.00056024 0 0 0 0.00056024)
(0.00448338 0 0 0 0.000560422 0 0 0 0.000560422)
(0.00448484 0 0 0 0.000560604 0 0 0 0.000560604)
(0.00448629 0 0 0 0.000560786 0 0 0 0.000560786)
(0.00448774 0 0 0 0.000560968 0 0 0 0.000560968)
(0.00448919 0 0 0 0.000561149 0 0 0 0.000561149)
(0.00449064 0 0 0 0.00056133 0 0 0 0.00056133)
(0.00449209 0 0 0 0.000561511 0 0 0 0.000561511)
(0.00449354 0 0 0 0.000561692 0 0 0 0.000561692)
(0.00449499 0 0 0 0.000561874 0 0 0 0.000561874)
(0.00449645 0 0 0 0.000562056 0 0 0 0.000562056)
(0.0044979 0 0 0 0.000562238 0 0 0 0.000562238)
(0.00449936 0 0 0 0.00056242 0 0 0 0.00056242)
(0.00450082 0 0 0 0.000562603 0 0 0 0.000562603)
(0.00450228 0 0 0 0.000562785 0 0 0 0.000562785)
(0.00450373 0 0 0 0.000562966 0 0 0 0.000562966)
(0.00450517 0 0 0 0.000563146 0 0 0 0.000563146)
(0.0045066 0 0 0 0.000563325 0 0 0 0.000563325)
(0.00450803 0 0 0 0.000563503 0 0 0 0.000563503)
(0.00450945 0 0 0 0.000563681 0 0 0 0.000563681)
(0.00451087 0 0 0 0.000563858 0 0 0 0.000563858)
(0.00451228 0 0 0 0.000564035 0 0 0 0.000564035)
(0.00451369 0 0 0 0.000564212 0 0 0 0.000564212)
(0.0045151 0 0 0 0.000564388 0 0 0 0.000564388)
(0.00451651 0 0 0 0.000564564 0 0 0 0.000564564)
(0.00451792 0 0 0 0.00056474 0 0 0 0.00056474)
(0.00451933 0 0 0 0.000564916 0 0 0 0.000564916)
(0.00452074 0 0 0 0.000565093 0 0 0 0.000565093)
(0.00452216 0 0 0 0.000565269 0 0 0 0.000565269)
(0.00452357 0 0 0 0.000565446 0 0 0 0.000565446)
(0.00452499 0 0 0 0.000565624 0 0 0 0.000565624)
(0.00452641 0 0 0 0.000565801 0 0 0 0.000565801)
(0.00452784 0 0 0 0.00056598 0 0 0 0.00056598)
(0.00452927 0 0 0 0.000566158 0 0 0 0.000566158)
(0.0045307 0 0 0 0.000566338 0 0 0 0.000566338)
(0.00453215 0 0 0 0.000566518 0 0 0 0.000566518)
(0.0045336 0 0 0 0.000566699 0 0 0 0.000566699)
(0.00453505 0 0 0 0.000566881 0 0 0 0.000566881)
(0.00453651 0 0 0 0.000567064 0 0 0 0.000567064)
(0.00453799 0 0 0 0.000567248 0 0 0 0.000567248)
(0.00453947 0 0 0 0.000567433 0 0 0 0.000567433)
(0.00454095 0 0 0 0.000567619 0 0 0 0.000567619)
(0.00454245 0 0 0 0.000567806 0 0 0 0.000567806)
(0.00454396 0 0 0 0.000567995 0 0 0 0.000567995)
(0.00454548 0 0 0 0.000568184 0 0 0 0.000568184)
(0.004547 0 0 0 0.000568375 0 0 0 0.000568375)
(0.00454854 0 0 0 0.000568568 0 0 0 0.000568568)
(0.00455009 0 0 0 0.000568761 0 0 0 0.000568761)
(0.00455165 0 0 0 0.000568956 0 0 0 0.000568956)
(0.00455322 0 0 0 0.000569153 0 0 0 0.000569153)
(0.00455481 0 0 0 0.000569351 0 0 0 0.000569351)
(0.0045564 0 0 0 0.000569551 0 0 0 0.000569551)
(0.00455801 0 0 0 0.000569752 0 0 0 0.000569752)
(0.00455963 0 0 0 0.000569954 0 0 0 0.000569954)
(0.00456127 0 0 0 0.000570159 0 0 0 0.000570159)
(0.00456292 0 0 0 0.000570364 0 0 0 0.000570364)
(0.00456458 0 0 0 0.000570572 0 0 0 0.000570572)
(0.00456625 0 0 0 0.000570781 0 0 0 0.000570781)
(0.00456794 0 0 0 0.000570992 0 0 0 0.000570992)
(0.00456964 0 0 0 0.000571205 0 0 0 0.000571205)
(0.00457136 0 0 0 0.00057142 0 0 0 0.00057142)
(0.00457309 0 0 0 0.000571636 0 0 0 0.000571636)
(0.00457483 0 0 0 0.000571854 0 0 0 0.000571854)
(0.00457659 0 0 0 0.000572074 0 0 0 0.000572074)
(0.00457836 0 0 0 0.000572295 0 0 0 0.000572295)
(0.00458015 0 0 0 0.000572519 0 0 0 0.000572519)
(0.00458195 0 0 0 0.000572744 0 0 0 0.000572744)
(0.00458377 0 0 0 0.000572971 0 0 0 0.000572971)
(0.0045856 0 0 0 0.0005732 0 0 0 0.0005732)
(0.00458745 0 0 0 0.000573431 0 0 0 0.000573431)
(0.00458931 0 0 0 0.000573664 0 0 0 0.000573664)
(0.00459118 0 0 0 0.000573898 0 0 0 0.000573898)
(0.00459308 0 0 0 0.000574135 0 0 0 0.000574135)
(0.00459498 0 0 0 0.000574373 0 0 0 0.000574373)
(0.0045969 0 0 0 0.000574613 0 0 0 0.000574613)
(0.00459884 0 0 0 0.000574855 0 0 0 0.000574855)
(0.00460079 0 0 0 0.000575099 0 0 0 0.000575099)
(0.00460276 0 0 0 0.000575345 0 0 0 0.000575345)
(0.00460474 0 0 0 0.000575592 0 0 0 0.000575592)
(0.00460674 0 0 0 0.000575842 0 0 0 0.000575842)
(0.00460875 0 0 0 0.000576093 0 0 0 0.000576093)
(0.00461077 0 0 0 0.000576347 0 0 0 0.000576347)
(0.00461281 0 0 0 0.000576602 0 0 0 0.000576602)
(0.00461487 0 0 0 0.000576859 0 0 0 0.000576859)
(0.00461694 0 0 0 0.000577117 0 0 0 0.000577117)
(0.00461902 0 0 0 0.000577378 0 0 0 0.000577378)
(0.00462112 0 0 0 0.00057764 0 0 0 0.00057764)
(0.00462324 0 0 0 0.000577905 0 0 0 0.000577905)
(0.00462536 0 0 0 0.000578171 0 0 0 0.000578171)
(0.00462751 0 0 0 0.000578438 0 0 0 0.000578438)
(0.00462966 0 0 0 0.000578708 0 0 0 0.000578708)
(0.00463183 0 0 0 0.000578979 0 0 0 0.000578979)
(0.00463402 0 0 0 0.000579252 0 0 0 0.000579252)
(0.00463622 0 0 0 0.000579527 0 0 0 0.000579527)
(0.00463843 0 0 0 0.000579803 0 0 0 0.000579803)
(0.00464065 0 0 0 0.000580082 0 0 0 0.000580082)
(0.00464289 0 0 0 0.000580361 0 0 0 0.000580361)
(0.00464514 0 0 0 0.000580643 0 0 0 0.000580643)
(0.00464741 0 0 0 0.000580926 0 0 0 0.000580926)
(0.00464969 0 0 0 0.000581211 0 0 0 0.000581211)
(0.00465198 0 0 0 0.000581497 0 0 0 0.000581497)
(0.00465428 0 0 0 0.000581785 0 0 0 0.000581785)
(0.0046566 0 0 0 0.000582075 0 0 0 0.000582075)
(0.00465893 0 0 0 0.000582366 0 0 0 0.000582366)
(0.00466127 0 0 0 0.000582659 0 0 0 0.000582659)
(0.00466362 0 0 0 0.000582953 0 0 0 0.000582953)
(0.00466599 0 0 0 0.000583249 0 0 0 0.000583249)
(0.00466837 0 0 0 0.000583546 0 0 0 0.000583546)
(0.00467075 0 0 0 0.000583844 0 0 0 0.000583844)
(0.00467315 0 0 0 0.000584144 0 0 0 0.000584144)
(0.00467557 0 0 0 0.000584446 0 0 0 0.000584446)
(0.00467799 0 0 0 0.000584748 0 0 0 0.000584748)
(0.00468042 0 0 0 0.000585053 0 0 0 0.000585053)
(0.00468286 0 0 0 0.000585358 0 0 0 0.000585358)
(0.00468532 0 0 0 0.000585665 0 0 0 0.000585665)
(0.00468778 0 0 0 0.000585973 0 0 0 0.000585973)
(0.00469026 0 0 0 0.000586282 0 0 0 0.000586282)
(0.00469274 0 0 0 0.000586592 0 0 0 0.000586592)
(0.00469523 0 0 0 0.000586904 0 0 0 0.000586904)
(0.00469773 0 0 0 0.000587217 0 0 0 0.000587217)
(0.00470024 0 0 0 0.00058753 0 0 0 0.00058753)
(0.00470276 0 0 0 0.000587845 0 0 0 0.000587845)
(0.00470529 0 0 0 0.000588161 0 0 0 0.000588161)
(0.00470782 0 0 0 0.000588478 0 0 0 0.000588478)
(0.00471036 0 0 0 0.000588795 0 0 0 0.000588795)
(0.00471291 0 0 0 0.000589114 0 0 0 0.000589114)
(0.00471546 0 0 0 0.000589433 0 0 0 0.000589433)
(0.00471802 0 0 0 0.000589753 0 0 0 0.000589753)
(0.00472058 0 0 0 0.000590073 0 0 0 0.000590073)
(0.00472315 0 0 0 0.000590394 0 0 0 0.000590394)
(0.00472572 0 0 0 0.000590715 0 0 0 0.000590715)
(0.0047283 0 0 0 0.000591037 0 0 0 0.000591037)
(0.00473087 0 0 0 0.000591359 0 0 0 0.000591359)
(0.00473345 0 0 0 0.000591681 0 0 0 0.000591681)
(0.00473602 0 0 0 0.000592002 0 0 0 0.000592002)
(0.00473859 0 0 0 0.000592324 0 0 0 0.000592324)
(0.00474116 0 0 0 0.000592645 0 0 0 0.000592645)
(0.00474373 0 0 0 0.000592966 0 0 0 0.000592966)
(0.00474629 0 0 0 0.000593286 0 0 0 0.000593286)
(0.00474885 0 0 0 0.000593606 0 0 0 0.000593606)
(0.0047514 0 0 0 0.000593925 0 0 0 0.000593925)
(0.00475395 0 0 0 0.000594243 0 0 0 0.000594243)
(0.00475649 0 0 0 0.000594562 0 0 0 0.000594562)
(0.00475905 0 0 0 0.000594881 0 0 0 0.000594881)
(0.00476162 0 0 0 0.000595203 0 0 0 0.000595203)
(0.00476423 0 0 0 0.000595529 0 0 0 0.000595529)
(0.00476646 0 0 0 0.000595808 0 0 0 0.000595808)
(0.00476814 0 0 0 0.000596017 0 0 0 0.000596017)
(0.00425057 0 0 0 0.000531322 0 0 0 0.000531322)
(0.00425161 0 0 0 0.000531451 0 0 0 0.000531451)
(0.00425335 0 0 0 0.000531669 0 0 0 0.000531669)
(0.00425568 0 0 0 0.000531961 0 0 0 0.000531961)
(0.00425794 0 0 0 0.000532242 0 0 0 0.000532242)
(0.00426013 0 0 0 0.000532517 0 0 0 0.000532517)
(0.00426229 0 0 0 0.000532787 0 0 0 0.000532787)
(0.00426443 0 0 0 0.000533054 0 0 0 0.000533054)
(0.00426655 0 0 0 0.000533319 0 0 0 0.000533319)
(0.00426866 0 0 0 0.000533583 0 0 0 0.000533583)
(0.00427077 0 0 0 0.000533846 0 0 0 0.000533846)
(0.00427287 0 0 0 0.000534109 0 0 0 0.000534109)
(0.00427497 0 0 0 0.000534371 0 0 0 0.000534371)
(0.00427707 0 0 0 0.000534634 0 0 0 0.000534634)
(0.00427918 0 0 0 0.000534897 0 0 0 0.000534897)
(0.00428128 0 0 0 0.00053516 0 0 0 0.00053516)
(0.00428339 0 0 0 0.000535423 0 0 0 0.000535423)
(0.00428549 0 0 0 0.000535687 0 0 0 0.000535687)
(0.0042876 0 0 0 0.00053595 0 0 0 0.00053595)
(0.00428971 0 0 0 0.000536214 0 0 0 0.000536214)
(0.00429182 0 0 0 0.000536478 0 0 0 0.000536478)
(0.00429393 0 0 0 0.000536741 0 0 0 0.000536741)
(0.00429604 0 0 0 0.000537005 0 0 0 0.000537005)
(0.00429816 0 0 0 0.00053727 0 0 0 0.00053727)
(0.00430027 0 0 0 0.000537534 0 0 0 0.000537534)
(0.00430238 0 0 0 0.000537798 0 0 0 0.000537798)
(0.0043045 0 0 0 0.000538062 0 0 0 0.000538062)
(0.00430661 0 0 0 0.000538326 0 0 0 0.000538326)
(0.00430872 0 0 0 0.00053859 0 0 0 0.00053859)
(0.00431083 0 0 0 0.000538854 0 0 0 0.000538854)
(0.00431295 0 0 0 0.000539118 0 0 0 0.000539118)
(0.00431506 0 0 0 0.000539382 0 0 0 0.000539382)
(0.00431717 0 0 0 0.000539646 0 0 0 0.000539646)
(0.00431928 0 0 0 0.000539909 0 0 0 0.000539909)
(0.00432138 0 0 0 0.000540173 0 0 0 0.000540173)
(0.00432349 0 0 0 0.000540436 0 0 0 0.000540436)
(0.00432559 0 0 0 0.000540699 0 0 0 0.000540699)
(0.00432769 0 0 0 0.000540962 0 0 0 0.000540962)
(0.00432979 0 0 0 0.000541224 0 0 0 0.000541224)
(0.00433189 0 0 0 0.000541487 0 0 0 0.000541487)
(0.00433399 0 0 0 0.000541748 0 0 0 0.000541748)
(0.00433608 0 0 0 0.00054201 0 0 0 0.00054201)
(0.00433817 0 0 0 0.000542271 0 0 0 0.000542271)
(0.00434026 0 0 0 0.000542532 0 0 0 0.000542532)
(0.00434234 0 0 0 0.000542792 0 0 0 0.000542792)
(0.00434442 0 0 0 0.000543052 0 0 0 0.000543052)
(0.00434649 0 0 0 0.000543312 0 0 0 0.000543312)
(0.00434857 0 0 0 0.000543571 0 0 0 0.000543571)
(0.00435063 0 0 0 0.000543829 0 0 0 0.000543829)
(0.0043527 0 0 0 0.000544087 0 0 0 0.000544087)
(0.00435476 0 0 0 0.000544345 0 0 0 0.000544345)
(0.00435681 0 0 0 0.000544601 0 0 0 0.000544601)
(0.00435886 0 0 0 0.000544858 0 0 0 0.000544858)
(0.00436091 0 0 0 0.000545113 0 0 0 0.000545113)
(0.00436295 0 0 0 0.000545368 0 0 0 0.000545368)
(0.00436498 0 0 0 0.000545622 0 0 0 0.000545622)
(0.00436701 0 0 0 0.000545876 0 0 0 0.000545876)
(0.00436903 0 0 0 0.000546129 0 0 0 0.000546129)
(0.00437105 0 0 0 0.000546381 0 0 0 0.000546381)
(0.00437306 0 0 0 0.000546632 0 0 0 0.000546632)
(0.00437506 0 0 0 0.000546883 0 0 0 0.000546883)
(0.00437706 0 0 0 0.000547132 0 0 0 0.000547132)
(0.00437905 0 0 0 0.000547381 0 0 0 0.000547381)
(0.00438103 0 0 0 0.000547629 0 0 0 0.000547629)
(0.00438301 0 0 0 0.000547876 0 0 0 0.000547876)
(0.00438498 0 0 0 0.000548122 0 0 0 0.000548122)
(0.00438694 0 0 0 0.000548367 0 0 0 0.000548367)
(0.00438889 0 0 0 0.000548611 0 0 0 0.000548611)
(0.00439084 0 0 0 0.000548855 0 0 0 0.000548855)
(0.00439278 0 0 0 0.000549097 0 0 0 0.000549097)
(0.00439471 0 0 0 0.000549338 0 0 0 0.000549338)
(0.00439663 0 0 0 0.000549578 0 0 0 0.000549578)
(0.00439854 0 0 0 0.000549817 0 0 0 0.000549817)
(0.00440044 0 0 0 0.000550055 0 0 0 0.000550055)
(0.00440234 0 0 0 0.000550292 0 0 0 0.000550292)
(0.00440423 0 0 0 0.000550528 0 0 0 0.000550528)
(0.0044061 0 0 0 0.000550763 0 0 0 0.000550763)
(0.00440797 0 0 0 0.000550996 0 0 0 0.000550996)
(0.00440983 0 0 0 0.000551229 0 0 0 0.000551229)
(0.00441168 0 0 0 0.00055146 0 0 0 0.00055146)
(0.00441352 0 0 0 0.00055169 0 0 0 0.00055169)
(0.00441535 0 0 0 0.000551918 0 0 0 0.000551918)
(0.00441717 0 0 0 0.000552146 0 0 0 0.000552146)
(0.00441898 0 0 0 0.000552372 0 0 0 0.000552372)
(0.00442078 0 0 0 0.000552597 0 0 0 0.000552597)
(0.00442257 0 0 0 0.000552821 0 0 0 0.000552821)
(0.00442435 0 0 0 0.000553043 0 0 0 0.000553043)
(0.00442612 0 0 0 0.000553265 0 0 0 0.000553265)
(0.00442788 0 0 0 0.000553485 0 0 0 0.000553485)
(0.00442963 0 0 0 0.000553703 0 0 0 0.000553703)
(0.00443136 0 0 0 0.000553921 0 0 0 0.000553921)
(0.00443309 0 0 0 0.000554137 0 0 0 0.000554137)
(0.00443481 0 0 0 0.000554351 0 0 0 0.000554351)
(0.00443652 0 0 0 0.000554565 0 0 0 0.000554565)
(0.00443821 0 0 0 0.000554777 0 0 0 0.000554777)
(0.0044399 0 0 0 0.000554988 0 0 0 0.000554988)
(0.00444158 0 0 0 0.000555197 0 0 0 0.000555197)
(0.00444324 0 0 0 0.000555405 0 0 0 0.000555405)
(0.0044449 0 0 0 0.000555612 0 0 0 0.000555612)
(0.00444654 0 0 0 0.000555818 0 0 0 0.000555818)
(0.00444818 0 0 0 0.000556022 0 0 0 0.000556022)
(0.0044498 0 0 0 0.000556225 0 0 0 0.000556225)
(0.00445142 0 0 0 0.000556427 0 0 0 0.000556427)
(0.00445302 0 0 0 0.000556628 0 0 0 0.000556628)
(0.00445462 0 0 0 0.000556827 0 0 0 0.000556827)
(0.0044562 0 0 0 0.000557025 0 0 0 0.000557025)
(0.00445778 0 0 0 0.000557222 0 0 0 0.000557222)
(0.00445935 0 0 0 0.000557418 0 0 0 0.000557418)
(0.0044609 0 0 0 0.000557613 0 0 0 0.000557613)
(0.00446245 0 0 0 0.000557807 0 0 0 0.000557807)
(0.00446399 0 0 0 0.000557999 0 0 0 0.000557999)
(0.00446553 0 0 0 0.000558191 0 0 0 0.000558191)
(0.00446705 0 0 0 0.000558381 0 0 0 0.000558381)
(0.00446857 0 0 0 0.000558571 0 0 0 0.000558571)
(0.00447007 0 0 0 0.000558759 0 0 0 0.000558759)
(0.00447158 0 0 0 0.000558947 0 0 0 0.000558947)
(0.00447307 0 0 0 0.000559134 0 0 0 0.000559134)
(0.00447456 0 0 0 0.00055932 0 0 0 0.00055932)
(0.00447604 0 0 0 0.000559505 0 0 0 0.000559505)
(0.00447752 0 0 0 0.00055969 0 0 0 0.00055969)
(0.00447899 0 0 0 0.000559874 0 0 0 0.000559874)
(0.00448046 0 0 0 0.000560057 0 0 0 0.000560057)
(0.00448192 0 0 0 0.00056024 0 0 0 0.00056024)
(0.00448338 0 0 0 0.000560422 0 0 0 0.000560422)
(0.00448484 0 0 0 0.000560604 0 0 0 0.000560604)
(0.00448629 0 0 0 0.000560786 0 0 0 0.000560786)
(0.00448774 0 0 0 0.000560968 0 0 0 0.000560968)
(0.00448919 0 0 0 0.000561149 0 0 0 0.000561149)
(0.00449064 0 0 0 0.00056133 0 0 0 0.00056133)
(0.00449209 0 0 0 0.000561511 0 0 0 0.000561511)
(0.00449354 0 0 0 0.000561692 0 0 0 0.000561692)
(0.00449499 0 0 0 0.000561874 0 0 0 0.000561874)
(0.00449644 0 0 0 0.000562056 0 0 0 0.000562056)
(0.0044979 0 0 0 0.000562238 0 0 0 0.000562238)
(0.00449936 0 0 0 0.00056242 0 0 0 0.00056242)
(0.00450082 0 0 0 0.000562603 0 0 0 0.000562603)
(0.00450228 0 0 0 0.000562785 0 0 0 0.000562785)
(0.00450373 0 0 0 0.000562966 0 0 0 0.000562966)
(0.00450517 0 0 0 0.000563146 0 0 0 0.000563146)
(0.0045066 0 0 0 0.000563325 0 0 0 0.000563325)
(0.00450803 0 0 0 0.000563503 0 0 0 0.000563503)
(0.00450945 0 0 0 0.000563681 0 0 0 0.000563681)
(0.00451087 0 0 0 0.000563858 0 0 0 0.000563858)
(0.00451228 0 0 0 0.000564035 0 0 0 0.000564035)
(0.00451369 0 0 0 0.000564212 0 0 0 0.000564212)
(0.0045151 0 0 0 0.000564388 0 0 0 0.000564388)
(0.00451651 0 0 0 0.000564564 0 0 0 0.000564564)
(0.00451792 0 0 0 0.00056474 0 0 0 0.00056474)
(0.00451933 0 0 0 0.000564916 0 0 0 0.000564916)
(0.00452074 0 0 0 0.000565093 0 0 0 0.000565093)
(0.00452215 0 0 0 0.000565269 0 0 0 0.000565269)
(0.00452357 0 0 0 0.000565446 0 0 0 0.000565446)
(0.00452499 0 0 0 0.000565623 0 0 0 0.000565623)
(0.00452641 0 0 0 0.000565801 0 0 0 0.000565801)
(0.00452784 0 0 0 0.000565979 0 0 0 0.000565979)
(0.00452927 0 0 0 0.000566158 0 0 0 0.000566158)
(0.0045307 0 0 0 0.000566338 0 0 0 0.000566338)
(0.00453215 0 0 0 0.000566518 0 0 0 0.000566518)
(0.00453359 0 0 0 0.000566699 0 0 0 0.000566699)
(0.00453505 0 0 0 0.000566881 0 0 0 0.000566881)
(0.00453651 0 0 0 0.000567064 0 0 0 0.000567064)
(0.00453799 0 0 0 0.000567248 0 0 0 0.000567248)
(0.00453946 0 0 0 0.000567433 0 0 0 0.000567433)
(0.00454095 0 0 0 0.000567619 0 0 0 0.000567619)
(0.00454245 0 0 0 0.000567806 0 0 0 0.000567806)
(0.00454396 0 0 0 0.000567995 0 0 0 0.000567995)
(0.00454548 0 0 0 0.000568184 0 0 0 0.000568184)
(0.004547 0 0 0 0.000568375 0 0 0 0.000568375)
(0.00454854 0 0 0 0.000568568 0 0 0 0.000568568)
(0.00455009 0 0 0 0.000568761 0 0 0 0.000568761)
(0.00455165 0 0 0 0.000568956 0 0 0 0.000568956)
(0.00455322 0 0 0 0.000569153 0 0 0 0.000569153)
(0.00455481 0 0 0 0.000569351 0 0 0 0.000569351)
(0.0045564 0 0 0 0.00056955 0 0 0 0.00056955)
(0.00455801 0 0 0 0.000569752 0 0 0 0.000569752)
(0.00455963 0 0 0 0.000569954 0 0 0 0.000569954)
(0.00456127 0 0 0 0.000570158 0 0 0 0.000570158)
(0.00456292 0 0 0 0.000570364 0 0 0 0.000570364)
(0.00456458 0 0 0 0.000570572 0 0 0 0.000570572)
(0.00456625 0 0 0 0.000570781 0 0 0 0.000570781)
(0.00456794 0 0 0 0.000570992 0 0 0 0.000570992)
(0.00456964 0 0 0 0.000571205 0 0 0 0.000571205)
(0.00457136 0 0 0 0.000571419 0 0 0 0.000571419)
(0.00457309 0 0 0 0.000571636 0 0 0 0.000571636)
(0.00457483 0 0 0 0.000571854 0 0 0 0.000571854)
(0.00457659 0 0 0 0.000572074 0 0 0 0.000572074)
(0.00457836 0 0 0 0.000572295 0 0 0 0.000572295)
(0.00458015 0 0 0 0.000572519 0 0 0 0.000572519)
(0.00458195 0 0 0 0.000572744 0 0 0 0.000572744)
(0.00458377 0 0 0 0.000572971 0 0 0 0.000572971)
(0.0045856 0 0 0 0.0005732 0 0 0 0.0005732)
(0.00458745 0 0 0 0.000573431 0 0 0 0.000573431)
(0.00458931 0 0 0 0.000573663 0 0 0 0.000573663)
(0.00459118 0 0 0 0.000573898 0 0 0 0.000573898)
(0.00459308 0 0 0 0.000574134 0 0 0 0.000574134)
(0.00459498 0 0 0 0.000574373 0 0 0 0.000574373)
(0.0045969 0 0 0 0.000574613 0 0 0 0.000574613)
(0.00459884 0 0 0 0.000574855 0 0 0 0.000574855)
(0.00460079 0 0 0 0.000575099 0 0 0 0.000575099)
(0.00460276 0 0 0 0.000575345 0 0 0 0.000575345)
(0.00460474 0 0 0 0.000575592 0 0 0 0.000575592)
(0.00460673 0 0 0 0.000575842 0 0 0 0.000575842)
(0.00460875 0 0 0 0.000576093 0 0 0 0.000576093)
(0.00461077 0 0 0 0.000576346 0 0 0 0.000576346)
(0.00461281 0 0 0 0.000576602 0 0 0 0.000576602)
(0.00461487 0 0 0 0.000576858 0 0 0 0.000576858)
(0.00461694 0 0 0 0.000577117 0 0 0 0.000577117)
(0.00461902 0 0 0 0.000577378 0 0 0 0.000577378)
(0.00462112 0 0 0 0.00057764 0 0 0 0.00057764)
(0.00462324 0 0 0 0.000577904 0 0 0 0.000577904)
(0.00462536 0 0 0 0.00057817 0 0 0 0.00057817)
(0.00462751 0 0 0 0.000578438 0 0 0 0.000578438)
(0.00462966 0 0 0 0.000578708 0 0 0 0.000578708)
(0.00463183 0 0 0 0.000578979 0 0 0 0.000578979)
(0.00463402 0 0 0 0.000579252 0 0 0 0.000579252)
(0.00463621 0 0 0 0.000579527 0 0 0 0.000579527)
(0.00463843 0 0 0 0.000579803 0 0 0 0.000579803)
(0.00464065 0 0 0 0.000580081 0 0 0 0.000580081)
(0.00464289 0 0 0 0.000580361 0 0 0 0.000580361)
(0.00464514 0 0 0 0.000580643 0 0 0 0.000580643)
(0.00464741 0 0 0 0.000580926 0 0 0 0.000580926)
(0.00464969 0 0 0 0.000581211 0 0 0 0.000581211)
(0.00465198 0 0 0 0.000581497 0 0 0 0.000581497)
(0.00465428 0 0 0 0.000581785 0 0 0 0.000581785)
(0.0046566 0 0 0 0.000582075 0 0 0 0.000582075)
(0.00465893 0 0 0 0.000582366 0 0 0 0.000582366)
(0.00466127 0 0 0 0.000582659 0 0 0 0.000582659)
(0.00466362 0 0 0 0.000582953 0 0 0 0.000582953)
(0.00466599 0 0 0 0.000583248 0 0 0 0.000583248)
(0.00466836 0 0 0 0.000583546 0 0 0 0.000583546)
(0.00467075 0 0 0 0.000583844 0 0 0 0.000583844)
(0.00467315 0 0 0 0.000584144 0 0 0 0.000584144)
(0.00467556 0 0 0 0.000584446 0 0 0 0.000584446)
(0.00467799 0 0 0 0.000584748 0 0 0 0.000584748)
(0.00468042 0 0 0 0.000585052 0 0 0 0.000585052)
(0.00468286 0 0 0 0.000585358 0 0 0 0.000585358)
(0.00468532 0 0 0 0.000585665 0 0 0 0.000585665)
(0.00468778 0 0 0 0.000585973 0 0 0 0.000585973)
(0.00469025 0 0 0 0.000586282 0 0 0 0.000586282)
(0.00469274 0 0 0 0.000586592 0 0 0 0.000586592)
(0.00469523 0 0 0 0.000586904 0 0 0 0.000586904)
(0.00469773 0 0 0 0.000587216 0 0 0 0.000587216)
(0.00470024 0 0 0 0.00058753 0 0 0 0.00058753)
(0.00470276 0 0 0 0.000587845 0 0 0 0.000587845)
(0.00470528 0 0 0 0.000588161 0 0 0 0.000588161)
(0.00470782 0 0 0 0.000588477 0 0 0 0.000588477)
(0.00471036 0 0 0 0.000588795 0 0 0 0.000588795)
(0.00471291 0 0 0 0.000589113 0 0 0 0.000589113)
(0.00471546 0 0 0 0.000589432 0 0 0 0.000589432)
(0.00471802 0 0 0 0.000589752 0 0 0 0.000589752)
(0.00472058 0 0 0 0.000590072 0 0 0 0.000590072)
(0.00472315 0 0 0 0.000590393 0 0 0 0.000590393)
(0.00472571 0 0 0 0.000590714 0 0 0 0.000590714)
(0.00472829 0 0 0 0.000591036 0 0 0 0.000591036)
(0.00473086 0 0 0 0.000591357 0 0 0 0.000591357)
(0.00473343 0 0 0 0.000591679 0 0 0 0.000591679)
(0.004736 0 0 0 0.000592 0 0 0 0.000592)
(0.00473857 0 0 0 0.000592321 0 0 0 0.000592321)
(0.00474114 0 0 0 0.000592642 0 0 0 0.000592642)
(0.0047437 0 0 0 0.000592962 0 0 0 0.000592962)
(0.00474625 0 0 0 0.000593281 0 0 0 0.000593281)
(0.0047488 0 0 0 0.0005936 0 0 0 0.0005936)
(0.00475134 0 0 0 0.000593917 0 0 0 0.000593917)
(0.00475387 0 0 0 0.000594234 0 0 0 0.000594234)
(0.0047564 0 0 0 0.00059455 0 0 0 0.00059455)
(0.00475893 0 0 0 0.000594867 0 0 0 0.000594867)
(0.00476148 0 0 0 0.000595185 0 0 0 0.000595185)
(0.00476407 0 0 0 0.000595509 0 0 0 0.000595509)
(0.00476629 0 0 0 0.000595786 0 0 0 0.000595786)
(0.00476796 0 0 0 0.000595995 0 0 0 0.000595995)
(0.00425054 0 0 0 0.000531318 0 0 0 0.000531318)
(0.00425159 0 0 0 0.000531449 0 0 0 0.000531449)
(0.00425333 0 0 0 0.000531667 0 0 0 0.000531667)
(0.00425567 0 0 0 0.000531959 0 0 0 0.000531959)
(0.00425793 0 0 0 0.000532241 0 0 0 0.000532241)
(0.00426013 0 0 0 0.000532516 0 0 0 0.000532516)
(0.00426229 0 0 0 0.000532786 0 0 0 0.000532786)
(0.00426443 0 0 0 0.000533053 0 0 0 0.000533053)
(0.00426655 0 0 0 0.000533318 0 0 0 0.000533318)
(0.00426866 0 0 0 0.000533582 0 0 0 0.000533582)
(0.00427077 0 0 0 0.000533846 0 0 0 0.000533846)
(0.00427287 0 0 0 0.000534109 0 0 0 0.000534109)
(0.00427497 0 0 0 0.000534371 0 0 0 0.000534371)
(0.00427707 0 0 0 0.000534634 0 0 0 0.000534634)
(0.00427918 0 0 0 0.000534897 0 0 0 0.000534897)
(0.00428128 0 0 0 0.00053516 0 0 0 0.00053516)
(0.00428339 0 0 0 0.000535423 0 0 0 0.000535423)
(0.00428549 0 0 0 0.000535687 0 0 0 0.000535687)
(0.0042876 0 0 0 0.00053595 0 0 0 0.00053595)
(0.00428971 0 0 0 0.000536214 0 0 0 0.000536214)
(0.00429182 0 0 0 0.000536478 0 0 0 0.000536478)
(0.00429393 0 0 0 0.000536741 0 0 0 0.000536741)
(0.00429604 0 0 0 0.000537005 0 0 0 0.000537005)
(0.00429816 0 0 0 0.00053727 0 0 0 0.00053727)
(0.00430027 0 0 0 0.000537534 0 0 0 0.000537534)
(0.00430238 0 0 0 0.000537798 0 0 0 0.000537798)
(0.0043045 0 0 0 0.000538062 0 0 0 0.000538062)
(0.00430661 0 0 0 0.000538326 0 0 0 0.000538326)
(0.00430872 0 0 0 0.00053859 0 0 0 0.00053859)
(0.00431083 0 0 0 0.000538854 0 0 0 0.000538854)
(0.00431295 0 0 0 0.000539118 0 0 0 0.000539118)
(0.00431506 0 0 0 0.000539382 0 0 0 0.000539382)
(0.00431717 0 0 0 0.000539646 0 0 0 0.000539646)
(0.00431928 0 0 0 0.000539909 0 0 0 0.000539909)
(0.00432138 0 0 0 0.000540173 0 0 0 0.000540173)
(0.00432349 0 0 0 0.000540436 0 0 0 0.000540436)
(0.00432559 0 0 0 0.000540699 0 0 0 0.000540699)
(0.00432769 0 0 0 0.000540962 0 0 0 0.000540962)
(0.00432979 0 0 0 0.000541224 0 0 0 0.000541224)
(0.00433189 0 0 0 0.000541486 0 0 0 0.000541486)
(0.00433399 0 0 0 0.000541748 0 0 0 0.000541748)
(0.00433608 0 0 0 0.00054201 0 0 0 0.00054201)
(0.00433817 0 0 0 0.000542271 0 0 0 0.000542271)
(0.00434026 0 0 0 0.000542532 0 0 0 0.000542532)
(0.00434234 0 0 0 0.000542792 0 0 0 0.000542792)
(0.00434442 0 0 0 0.000543052 0 0 0 0.000543052)
(0.00434649 0 0 0 0.000543312 0 0 0 0.000543312)
(0.00434857 0 0 0 0.000543571 0 0 0 0.000543571)
(0.00435063 0 0 0 0.000543829 0 0 0 0.000543829)
(0.0043527 0 0 0 0.000544087 0 0 0 0.000544087)
(0.00435476 0 0 0 0.000544345 0 0 0 0.000544345)
(0.00435681 0 0 0 0.000544601 0 0 0 0.000544601)
(0.00435886 0 0 0 0.000544858 0 0 0 0.000544858)
(0.00436091 0 0 0 0.000545113 0 0 0 0.000545113)
(0.00436295 0 0 0 0.000545368 0 0 0 0.000545368)
(0.00436498 0 0 0 0.000545622 0 0 0 0.000545622)
(0.00436701 0 0 0 0.000545876 0 0 0 0.000545876)
(0.00436903 0 0 0 0.000546129 0 0 0 0.000546129)
(0.00437105 0 0 0 0.000546381 0 0 0 0.000546381)
(0.00437306 0 0 0 0.000546632 0 0 0 0.000546632)
(0.00437506 0 0 0 0.000546883 0 0 0 0.000546883)
(0.00437706 0 0 0 0.000547132 0 0 0 0.000547132)
(0.00437905 0 0 0 0.000547381 0 0 0 0.000547381)
(0.00438103 0 0 0 0.000547629 0 0 0 0.000547629)
(0.00438301 0 0 0 0.000547876 0 0 0 0.000547876)
(0.00438498 0 0 0 0.000548122 0 0 0 0.000548122)
(0.00438694 0 0 0 0.000548367 0 0 0 0.000548367)
(0.00438889 0 0 0 0.000548611 0 0 0 0.000548611)
(0.00439084 0 0 0 0.000548855 0 0 0 0.000548855)
(0.00439278 0 0 0 0.000549097 0 0 0 0.000549097)
(0.00439471 0 0 0 0.000549338 0 0 0 0.000549338)
(0.00439663 0 0 0 0.000549578 0 0 0 0.000549578)
(0.00439854 0 0 0 0.000549817 0 0 0 0.000549817)
(0.00440044 0 0 0 0.000550055 0 0 0 0.000550055)
(0.00440234 0 0 0 0.000550292 0 0 0 0.000550292)
(0.00440423 0 0 0 0.000550528 0 0 0 0.000550528)
(0.0044061 0 0 0 0.000550763 0 0 0 0.000550763)
(0.00440797 0 0 0 0.000550996 0 0 0 0.000550996)
(0.00440983 0 0 0 0.000551229 0 0 0 0.000551229)
(0.00441168 0 0 0 0.00055146 0 0 0 0.00055146)
(0.00441352 0 0 0 0.00055169 0 0 0 0.00055169)
(0.00441535 0 0 0 0.000551918 0 0 0 0.000551918)
(0.00441717 0 0 0 0.000552146 0 0 0 0.000552146)
(0.00441898 0 0 0 0.000552372 0 0 0 0.000552372)
(0.00442078 0 0 0 0.000552597 0 0 0 0.000552597)
(0.00442257 0 0 0 0.000552821 0 0 0 0.000552821)
(0.00442435 0 0 0 0.000553043 0 0 0 0.000553043)
(0.00442612 0 0 0 0.000553265 0 0 0 0.000553265)
(0.00442788 0 0 0 0.000553485 0 0 0 0.000553485)
(0.00442963 0 0 0 0.000553703 0 0 0 0.000553703)
(0.00443136 0 0 0 0.000553921 0 0 0 0.000553921)
(0.00443309 0 0 0 0.000554137 0 0 0 0.000554137)
(0.00443481 0 0 0 0.000554351 0 0 0 0.000554351)
(0.00443652 0 0 0 0.000554565 0 0 0 0.000554565)
(0.00443821 0 0 0 0.000554777 0 0 0 0.000554777)
(0.0044399 0 0 0 0.000554988 0 0 0 0.000554988)
(0.00444158 0 0 0 0.000555197 0 0 0 0.000555197)
(0.00444324 0 0 0 0.000555405 0 0 0 0.000555405)
(0.0044449 0 0 0 0.000555612 0 0 0 0.000555612)
(0.00444654 0 0 0 0.000555818 0 0 0 0.000555818)
(0.00444818 0 0 0 0.000556022 0 0 0 0.000556022)
(0.0044498 0 0 0 0.000556225 0 0 0 0.000556225)
(0.00445142 0 0 0 0.000556427 0 0 0 0.000556427)
(0.00445302 0 0 0 0.000556628 0 0 0 0.000556628)
(0.00445462 0 0 0 0.000556827 0 0 0 0.000556827)
(0.0044562 0 0 0 0.000557025 0 0 0 0.000557025)
(0.00445778 0 0 0 0.000557222 0 0 0 0.000557222)
(0.00445935 0 0 0 0.000557418 0 0 0 0.000557418)
(0.0044609 0 0 0 0.000557613 0 0 0 0.000557613)
(0.00446245 0 0 0 0.000557807 0 0 0 0.000557807)
(0.00446399 0 0 0 0.000557999 0 0 0 0.000557999)
(0.00446553 0 0 0 0.000558191 0 0 0 0.000558191)
(0.00446705 0 0 0 0.000558381 0 0 0 0.000558381)
(0.00446857 0 0 0 0.000558571 0 0 0 0.000558571)
(0.00447007 0 0 0 0.000558759 0 0 0 0.000558759)
(0.00447158 0 0 0 0.000558947 0 0 0 0.000558947)
(0.00447307 0 0 0 0.000559134 0 0 0 0.000559134)
(0.00447456 0 0 0 0.00055932 0 0 0 0.00055932)
(0.00447604 0 0 0 0.000559505 0 0 0 0.000559505)
(0.00447752 0 0 0 0.00055969 0 0 0 0.00055969)
(0.00447899 0 0 0 0.000559874 0 0 0 0.000559874)
(0.00448046 0 0 0 0.000560057 0 0 0 0.000560057)
(0.00448192 0 0 0 0.00056024 0 0 0 0.00056024)
(0.00448338 0 0 0 0.000560422 0 0 0 0.000560422)
(0.00448484 0 0 0 0.000560604 0 0 0 0.000560604)
(0.00448629 0 0 0 0.000560786 0 0 0 0.000560786)
(0.00448774 0 0 0 0.000560968 0 0 0 0.000560968)
(0.00448919 0 0 0 0.000561149 0 0 0 0.000561149)
(0.00449064 0 0 0 0.00056133 0 0 0 0.00056133)
(0.00449209 0 0 0 0.000561511 0 0 0 0.000561511)
(0.00449354 0 0 0 0.000561692 0 0 0 0.000561692)
(0.00449499 0 0 0 0.000561874 0 0 0 0.000561874)
(0.00449644 0 0 0 0.000562056 0 0 0 0.000562056)
(0.0044979 0 0 0 0.000562238 0 0 0 0.000562238)
(0.00449936 0 0 0 0.00056242 0 0 0 0.00056242)
(0.00450082 0 0 0 0.000562603 0 0 0 0.000562603)
(0.00450228 0 0 0 0.000562785 0 0 0 0.000562785)
(0.00450373 0 0 0 0.000562966 0 0 0 0.000562966)
(0.00450517 0 0 0 0.000563146 0 0 0 0.000563146)
(0.0045066 0 0 0 0.000563325 0 0 0 0.000563325)
(0.00450803 0 0 0 0.000563503 0 0 0 0.000563503)
(0.00450945 0 0 0 0.000563681 0 0 0 0.000563681)
(0.00451087 0 0 0 0.000563858 0 0 0 0.000563858)
(0.00451228 0 0 0 0.000564035 0 0 0 0.000564035)
(0.00451369 0 0 0 0.000564212 0 0 0 0.000564212)
(0.0045151 0 0 0 0.000564388 0 0 0 0.000564388)
(0.00451651 0 0 0 0.000564564 0 0 0 0.000564564)
(0.00451792 0 0 0 0.00056474 0 0 0 0.00056474)
(0.00451933 0 0 0 0.000564916 0 0 0 0.000564916)
(0.00452074 0 0 0 0.000565093 0 0 0 0.000565093)
(0.00452215 0 0 0 0.000565269 0 0 0 0.000565269)
(0.00452357 0 0 0 0.000565446 0 0 0 0.000565446)
(0.00452499 0 0 0 0.000565623 0 0 0 0.000565623)
(0.00452641 0 0 0 0.000565801 0 0 0 0.000565801)
(0.00452784 0 0 0 0.000565979 0 0 0 0.000565979)
(0.00452927 0 0 0 0.000566158 0 0 0 0.000566158)
(0.0045307 0 0 0 0.000566338 0 0 0 0.000566338)
(0.00453215 0 0 0 0.000566518 0 0 0 0.000566518)
(0.00453359 0 0 0 0.000566699 0 0 0 0.000566699)
(0.00453505 0 0 0 0.000566881 0 0 0 0.000566881)
(0.00453651 0 0 0 0.000567064 0 0 0 0.000567064)
(0.00453798 0 0 0 0.000567248 0 0 0 0.000567248)
(0.00453946 0 0 0 0.000567433 0 0 0 0.000567433)
(0.00454095 0 0 0 0.000567619 0 0 0 0.000567619)
(0.00454245 0 0 0 0.000567806 0 0 0 0.000567806)
(0.00454396 0 0 0 0.000567995 0 0 0 0.000567995)
(0.00454547 0 0 0 0.000568184 0 0 0 0.000568184)
(0.004547 0 0 0 0.000568375 0 0 0 0.000568375)
(0.00454854 0 0 0 0.000568568 0 0 0 0.000568568)
(0.00455009 0 0 0 0.000568761 0 0 0 0.000568761)
(0.00455165 0 0 0 0.000568956 0 0 0 0.000568956)
(0.00455322 0 0 0 0.000569153 0 0 0 0.000569153)
(0.00455481 0 0 0 0.000569351 0 0 0 0.000569351)
(0.0045564 0 0 0 0.00056955 0 0 0 0.00056955)
(0.00455801 0 0 0 0.000569751 0 0 0 0.000569751)
(0.00455963 0 0 0 0.000569954 0 0 0 0.000569954)
(0.00456127 0 0 0 0.000570158 0 0 0 0.000570158)
(0.00456291 0 0 0 0.000570364 0 0 0 0.000570364)
(0.00456458 0 0 0 0.000570572 0 0 0 0.000570572)
(0.00456625 0 0 0 0.000570781 0 0 0 0.000570781)
(0.00456794 0 0 0 0.000570992 0 0 0 0.000570992)
(0.00456964 0 0 0 0.000571205 0 0 0 0.000571205)
(0.00457136 0 0 0 0.000571419 0 0 0 0.000571419)
(0.00457308 0 0 0 0.000571636 0 0 0 0.000571636)
(0.00457483 0 0 0 0.000571854 0 0 0 0.000571854)
(0.00457659 0 0 0 0.000572073 0 0 0 0.000572073)
(0.00457836 0 0 0 0.000572295 0 0 0 0.000572295)
(0.00458015 0 0 0 0.000572519 0 0 0 0.000572519)
(0.00458195 0 0 0 0.000572744 0 0 0 0.000572744)
(0.00458377 0 0 0 0.000572971 0 0 0 0.000572971)
(0.0045856 0 0 0 0.0005732 0 0 0 0.0005732)
(0.00458745 0 0 0 0.000573431 0 0 0 0.000573431)
(0.00458931 0 0 0 0.000573663 0 0 0 0.000573663)
(0.00459118 0 0 0 0.000573898 0 0 0 0.000573898)
(0.00459307 0 0 0 0.000574134 0 0 0 0.000574134)
(0.00459498 0 0 0 0.000574373 0 0 0 0.000574373)
(0.0045969 0 0 0 0.000574613 0 0 0 0.000574613)
(0.00459884 0 0 0 0.000574855 0 0 0 0.000574855)
(0.00460079 0 0 0 0.000575099 0 0 0 0.000575099)
(0.00460276 0 0 0 0.000575345 0 0 0 0.000575345)
(0.00460474 0 0 0 0.000575592 0 0 0 0.000575592)
(0.00460673 0 0 0 0.000575842 0 0 0 0.000575842)
(0.00460875 0 0 0 0.000576093 0 0 0 0.000576093)
(0.00461077 0 0 0 0.000576346 0 0 0 0.000576346)
(0.00461281 0 0 0 0.000576601 0 0 0 0.000576601)
(0.00461487 0 0 0 0.000576858 0 0 0 0.000576858)
(0.00461694 0 0 0 0.000577117 0 0 0 0.000577117)
(0.00461902 0 0 0 0.000577378 0 0 0 0.000577378)
(0.00462112 0 0 0 0.00057764 0 0 0 0.00057764)
(0.00462323 0 0 0 0.000577904 0 0 0 0.000577904)
(0.00462536 0 0 0 0.00057817 0 0 0 0.00057817)
(0.0046275 0 0 0 0.000578438 0 0 0 0.000578438)
(0.00462966 0 0 0 0.000578708 0 0 0 0.000578708)
(0.00463183 0 0 0 0.000578979 0 0 0 0.000578979)
(0.00463402 0 0 0 0.000579252 0 0 0 0.000579252)
(0.00463621 0 0 0 0.000579527 0 0 0 0.000579527)
(0.00463843 0 0 0 0.000579803 0 0 0 0.000579803)
(0.00464065 0 0 0 0.000580081 0 0 0 0.000580081)
(0.00464289 0 0 0 0.000580361 0 0 0 0.000580361)
(0.00464514 0 0 0 0.000580643 0 0 0 0.000580643)
(0.00464741 0 0 0 0.000580926 0 0 0 0.000580926)
(0.00464969 0 0 0 0.000581211 0 0 0 0.000581211)
(0.00465198 0 0 0 0.000581497 0 0 0 0.000581497)
(0.00465428 0 0 0 0.000581785 0 0 0 0.000581785)
(0.0046566 0 0 0 0.000582075 0 0 0 0.000582075)
(0.00465893 0 0 0 0.000582366 0 0 0 0.000582366)
(0.00466127 0 0 0 0.000582658 0 0 0 0.000582658)
(0.00466362 0 0 0 0.000582953 0 0 0 0.000582953)
(0.00466599 0 0 0 0.000583248 0 0 0 0.000583248)
(0.00466836 0 0 0 0.000583545 0 0 0 0.000583545)
(0.00467075 0 0 0 0.000583844 0 0 0 0.000583844)
(0.00467315 0 0 0 0.000584144 0 0 0 0.000584144)
(0.00467556 0 0 0 0.000584445 0 0 0 0.000584445)
(0.00467799 0 0 0 0.000584748 0 0 0 0.000584748)
(0.00468042 0 0 0 0.000585052 0 0 0 0.000585052)
(0.00468286 0 0 0 0.000585358 0 0 0 0.000585358)
(0.00468532 0 0 0 0.000585664 0 0 0 0.000585664)
(0.00468778 0 0 0 0.000585972 0 0 0 0.000585972)
(0.00469025 0 0 0 0.000586282 0 0 0 0.000586282)
(0.00469274 0 0 0 0.000586592 0 0 0 0.000586592)
(0.00469523 0 0 0 0.000586904 0 0 0 0.000586904)
(0.00469773 0 0 0 0.000587216 0 0 0 0.000587216)
(0.00470024 0 0 0 0.00058753 0 0 0 0.00058753)
(0.00470276 0 0 0 0.000587845 0 0 0 0.000587845)
(0.00470528 0 0 0 0.00058816 0 0 0 0.00058816)
(0.00470782 0 0 0 0.000588477 0 0 0 0.000588477)
(0.00471036 0 0 0 0.000588795 0 0 0 0.000588795)
(0.0047129 0 0 0 0.000589113 0 0 0 0.000589113)
(0.00471545 0 0 0 0.000589432 0 0 0 0.000589432)
(0.00471801 0 0 0 0.000589752 0 0 0 0.000589752)
(0.00472057 0 0 0 0.000590072 0 0 0 0.000590072)
(0.00472314 0 0 0 0.000590393 0 0 0 0.000590393)
(0.00472571 0 0 0 0.000590714 0 0 0 0.000590714)
(0.00472828 0 0 0 0.000591035 0 0 0 0.000591035)
(0.00473085 0 0 0 0.000591356 0 0 0 0.000591356)
(0.00473342 0 0 0 0.000591678 0 0 0 0.000591678)
(0.00473599 0 0 0 0.000591999 0 0 0 0.000591999)
(0.00473855 0 0 0 0.000592319 0 0 0 0.000592319)
(0.00474112 0 0 0 0.00059264 0 0 0 0.00059264)
(0.00474367 0 0 0 0.000592959 0 0 0 0.000592959)
(0.00474622 0 0 0 0.000593278 0 0 0 0.000593278)
(0.00474876 0 0 0 0.000593595 0 0 0 0.000593595)
(0.00475129 0 0 0 0.000593911 0 0 0 0.000593911)
(0.00475381 0 0 0 0.000594227 0 0 0 0.000594227)
(0.00475633 0 0 0 0.000594541 0 0 0 0.000594541)
(0.00475884 0 0 0 0.000594855 0 0 0 0.000594855)
(0.00476136 0 0 0 0.000595171 0 0 0 0.000595171)
(0.00476393 0 0 0 0.000595491 0 0 0 0.000595491)
(0.00476613 0 0 0 0.000595767 0 0 0 0.000595767)
(0.00476781 0 0 0 0.000595976 0 0 0 0.000595976)
(0.00425053 0 0 0 0.000531316 0 0 0 0.000531316)
(0.00425157 0 0 0 0.000531447 0 0 0 0.000531447)
(0.00425332 0 0 0 0.000531665 0 0 0 0.000531665)
(0.00425567 0 0 0 0.000531959 0 0 0 0.000531959)
(0.00425793 0 0 0 0.000532241 0 0 0 0.000532241)
(0.00426013 0 0 0 0.000532516 0 0 0 0.000532516)
(0.00426229 0 0 0 0.000532786 0 0 0 0.000532786)
(0.00426442 0 0 0 0.000533053 0 0 0 0.000533053)
(0.00426655 0 0 0 0.000533318 0 0 0 0.000533318)
(0.00426866 0 0 0 0.000533582 0 0 0 0.000533582)
(0.00427076 0 0 0 0.000533846 0 0 0 0.000533846)
(0.00427287 0 0 0 0.000534109 0 0 0 0.000534109)
(0.00427497 0 0 0 0.000534371 0 0 0 0.000534371)
(0.00427707 0 0 0 0.000534634 0 0 0 0.000534634)
(0.00427918 0 0 0 0.000534897 0 0 0 0.000534897)
(0.00428128 0 0 0 0.00053516 0 0 0 0.00053516)
(0.00428339 0 0 0 0.000535423 0 0 0 0.000535423)
(0.00428549 0 0 0 0.000535687 0 0 0 0.000535687)
(0.0042876 0 0 0 0.00053595 0 0 0 0.00053595)
(0.00428971 0 0 0 0.000536214 0 0 0 0.000536214)
(0.00429182 0 0 0 0.000536478 0 0 0 0.000536478)
(0.00429393 0 0 0 0.000536741 0 0 0 0.000536741)
(0.00429604 0 0 0 0.000537005 0 0 0 0.000537005)
(0.00429816 0 0 0 0.00053727 0 0 0 0.00053727)
(0.00430027 0 0 0 0.000537534 0 0 0 0.000537534)
(0.00430238 0 0 0 0.000537798 0 0 0 0.000537798)
(0.0043045 0 0 0 0.000538062 0 0 0 0.000538062)
(0.00430661 0 0 0 0.000538326 0 0 0 0.000538326)
(0.00430872 0 0 0 0.00053859 0 0 0 0.00053859)
(0.00431083 0 0 0 0.000538854 0 0 0 0.000538854)
(0.00431295 0 0 0 0.000539118 0 0 0 0.000539118)
(0.00431506 0 0 0 0.000539382 0 0 0 0.000539382)
(0.00431717 0 0 0 0.000539646 0 0 0 0.000539646)
(0.00431928 0 0 0 0.000539909 0 0 0 0.000539909)
(0.00432138 0 0 0 0.000540173 0 0 0 0.000540173)
(0.00432349 0 0 0 0.000540436 0 0 0 0.000540436)
(0.00432559 0 0 0 0.000540699 0 0 0 0.000540699)
(0.00432769 0 0 0 0.000540962 0 0 0 0.000540962)
(0.00432979 0 0 0 0.000541224 0 0 0 0.000541224)
(0.00433189 0 0 0 0.000541486 0 0 0 0.000541486)
(0.00433399 0 0 0 0.000541748 0 0 0 0.000541748)
(0.00433608 0 0 0 0.00054201 0 0 0 0.00054201)
(0.00433817 0 0 0 0.000542271 0 0 0 0.000542271)
(0.00434026 0 0 0 0.000542532 0 0 0 0.000542532)
(0.00434234 0 0 0 0.000542792 0 0 0 0.000542792)
(0.00434442 0 0 0 0.000543052 0 0 0 0.000543052)
(0.00434649 0 0 0 0.000543312 0 0 0 0.000543312)
(0.00434857 0 0 0 0.000543571 0 0 0 0.000543571)
(0.00435063 0 0 0 0.000543829 0 0 0 0.000543829)
(0.0043527 0 0 0 0.000544087 0 0 0 0.000544087)
(0.00435476 0 0 0 0.000544345 0 0 0 0.000544345)
(0.00435681 0 0 0 0.000544601 0 0 0 0.000544601)
(0.00435886 0 0 0 0.000544858 0 0 0 0.000544858)
(0.00436091 0 0 0 0.000545113 0 0 0 0.000545113)
(0.00436295 0 0 0 0.000545368 0 0 0 0.000545368)
(0.00436498 0 0 0 0.000545622 0 0 0 0.000545622)
(0.00436701 0 0 0 0.000545876 0 0 0 0.000545876)
(0.00436903 0 0 0 0.000546129 0 0 0 0.000546129)
(0.00437105 0 0 0 0.000546381 0 0 0 0.000546381)
(0.00437306 0 0 0 0.000546632 0 0 0 0.000546632)
(0.00437506 0 0 0 0.000546883 0 0 0 0.000546883)
(0.00437706 0 0 0 0.000547132 0 0 0 0.000547132)
(0.00437905 0 0 0 0.000547381 0 0 0 0.000547381)
(0.00438103 0 0 0 0.000547629 0 0 0 0.000547629)
(0.00438301 0 0 0 0.000547876 0 0 0 0.000547876)
(0.00438498 0 0 0 0.000548122 0 0 0 0.000548122)
(0.00438694 0 0 0 0.000548367 0 0 0 0.000548367)
(0.00438889 0 0 0 0.000548611 0 0 0 0.000548611)
(0.00439084 0 0 0 0.000548855 0 0 0 0.000548855)
(0.00439278 0 0 0 0.000549097 0 0 0 0.000549097)
(0.00439471 0 0 0 0.000549338 0 0 0 0.000549338)
(0.00439663 0 0 0 0.000549578 0 0 0 0.000549578)
(0.00439854 0 0 0 0.000549817 0 0 0 0.000549817)
(0.00440044 0 0 0 0.000550055 0 0 0 0.000550055)
(0.00440234 0 0 0 0.000550292 0 0 0 0.000550292)
(0.00440423 0 0 0 0.000550528 0 0 0 0.000550528)
(0.0044061 0 0 0 0.000550763 0 0 0 0.000550763)
(0.00440797 0 0 0 0.000550996 0 0 0 0.000550996)
(0.00440983 0 0 0 0.000551229 0 0 0 0.000551229)
(0.00441168 0 0 0 0.00055146 0 0 0 0.00055146)
(0.00441352 0 0 0 0.00055169 0 0 0 0.00055169)
(0.00441535 0 0 0 0.000551918 0 0 0 0.000551918)
(0.00441717 0 0 0 0.000552146 0 0 0 0.000552146)
(0.00441898 0 0 0 0.000552372 0 0 0 0.000552372)
(0.00442078 0 0 0 0.000552597 0 0 0 0.000552597)
(0.00442257 0 0 0 0.000552821 0 0 0 0.000552821)
(0.00442435 0 0 0 0.000553043 0 0 0 0.000553043)
(0.00442612 0 0 0 0.000553265 0 0 0 0.000553265)
(0.00442788 0 0 0 0.000553485 0 0 0 0.000553485)
(0.00442963 0 0 0 0.000553703 0 0 0 0.000553703)
(0.00443136 0 0 0 0.000553921 0 0 0 0.000553921)
(0.00443309 0 0 0 0.000554137 0 0 0 0.000554137)
(0.00443481 0 0 0 0.000554351 0 0 0 0.000554351)
(0.00443652 0 0 0 0.000554565 0 0 0 0.000554565)
(0.00443821 0 0 0 0.000554777 0 0 0 0.000554777)
(0.0044399 0 0 0 0.000554988 0 0 0 0.000554988)
(0.00444158 0 0 0 0.000555197 0 0 0 0.000555197)
(0.00444324 0 0 0 0.000555405 0 0 0 0.000555405)
(0.0044449 0 0 0 0.000555612 0 0 0 0.000555612)
(0.00444654 0 0 0 0.000555818 0 0 0 0.000555818)
(0.00444818 0 0 0 0.000556022 0 0 0 0.000556022)
(0.0044498 0 0 0 0.000556225 0 0 0 0.000556225)
(0.00445142 0 0 0 0.000556427 0 0 0 0.000556427)
(0.00445302 0 0 0 0.000556628 0 0 0 0.000556628)
(0.00445462 0 0 0 0.000556827 0 0 0 0.000556827)
(0.0044562 0 0 0 0.000557025 0 0 0 0.000557025)
(0.00445778 0 0 0 0.000557222 0 0 0 0.000557222)
(0.00445935 0 0 0 0.000557418 0 0 0 0.000557418)
(0.0044609 0 0 0 0.000557613 0 0 0 0.000557613)
(0.00446245 0 0 0 0.000557807 0 0 0 0.000557807)
(0.00446399 0 0 0 0.000557999 0 0 0 0.000557999)
(0.00446553 0 0 0 0.000558191 0 0 0 0.000558191)
(0.00446705 0 0 0 0.000558381 0 0 0 0.000558381)
(0.00446857 0 0 0 0.000558571 0 0 0 0.000558571)
(0.00447007 0 0 0 0.000558759 0 0 0 0.000558759)
(0.00447158 0 0 0 0.000558947 0 0 0 0.000558947)
(0.00447307 0 0 0 0.000559134 0 0 0 0.000559134)
(0.00447456 0 0 0 0.00055932 0 0 0 0.00055932)
(0.00447604 0 0 0 0.000559505 0 0 0 0.000559505)
(0.00447752 0 0 0 0.00055969 0 0 0 0.00055969)
(0.00447899 0 0 0 0.000559874 0 0 0 0.000559874)
(0.00448046 0 0 0 0.000560057 0 0 0 0.000560057)
(0.00448192 0 0 0 0.00056024 0 0 0 0.00056024)
(0.00448338 0 0 0 0.000560422 0 0 0 0.000560422)
(0.00448484 0 0 0 0.000560604 0 0 0 0.000560604)
(0.00448629 0 0 0 0.000560786 0 0 0 0.000560786)
(0.00448774 0 0 0 0.000560968 0 0 0 0.000560968)
(0.00448919 0 0 0 0.000561149 0 0 0 0.000561149)
(0.00449064 0 0 0 0.00056133 0 0 0 0.00056133)
(0.00449209 0 0 0 0.000561511 0 0 0 0.000561511)
(0.00449354 0 0 0 0.000561692 0 0 0 0.000561692)
(0.00449499 0 0 0 0.000561874 0 0 0 0.000561874)
(0.00449644 0 0 0 0.000562056 0 0 0 0.000562056)
(0.0044979 0 0 0 0.000562238 0 0 0 0.000562238)
(0.00449936 0 0 0 0.00056242 0 0 0 0.00056242)
(0.00450082 0 0 0 0.000562603 0 0 0 0.000562603)
(0.00450228 0 0 0 0.000562785 0 0 0 0.000562785)
(0.00450373 0 0 0 0.000562966 0 0 0 0.000562966)
(0.00450517 0 0 0 0.000563146 0 0 0 0.000563146)
(0.0045066 0 0 0 0.000563325 0 0 0 0.000563325)
(0.00450803 0 0 0 0.000563503 0 0 0 0.000563503)
(0.00450945 0 0 0 0.000563681 0 0 0 0.000563681)
(0.00451087 0 0 0 0.000563858 0 0 0 0.000563858)
(0.00451228 0 0 0 0.000564035 0 0 0 0.000564035)
(0.00451369 0 0 0 0.000564212 0 0 0 0.000564212)
(0.0045151 0 0 0 0.000564388 0 0 0 0.000564388)
(0.00451651 0 0 0 0.000564564 0 0 0 0.000564564)
(0.00451792 0 0 0 0.00056474 0 0 0 0.00056474)
(0.00451933 0 0 0 0.000564916 0 0 0 0.000564916)
(0.00452074 0 0 0 0.000565093 0 0 0 0.000565093)
(0.00452215 0 0 0 0.000565269 0 0 0 0.000565269)
(0.00452357 0 0 0 0.000565446 0 0 0 0.000565446)
(0.00452499 0 0 0 0.000565623 0 0 0 0.000565623)
(0.00452641 0 0 0 0.000565801 0 0 0 0.000565801)
(0.00452784 0 0 0 0.000565979 0 0 0 0.000565979)
(0.00452927 0 0 0 0.000566158 0 0 0 0.000566158)
(0.0045307 0 0 0 0.000566338 0 0 0 0.000566338)
(0.00453215 0 0 0 0.000566518 0 0 0 0.000566518)
(0.00453359 0 0 0 0.000566699 0 0 0 0.000566699)
(0.00453505 0 0 0 0.000566881 0 0 0 0.000566881)
(0.00453651 0 0 0 0.000567064 0 0 0 0.000567064)
(0.00453798 0 0 0 0.000567248 0 0 0 0.000567248)
(0.00453946 0 0 0 0.000567433 0 0 0 0.000567433)
(0.00454095 0 0 0 0.000567619 0 0 0 0.000567619)
(0.00454245 0 0 0 0.000567806 0 0 0 0.000567806)
(0.00454396 0 0 0 0.000567995 0 0 0 0.000567995)
(0.00454547 0 0 0 0.000568184 0 0 0 0.000568184)
(0.004547 0 0 0 0.000568375 0 0 0 0.000568375)
(0.00454854 0 0 0 0.000568568 0 0 0 0.000568568)
(0.00455009 0 0 0 0.000568761 0 0 0 0.000568761)
(0.00455165 0 0 0 0.000568956 0 0 0 0.000568956)
(0.00455322 0 0 0 0.000569153 0 0 0 0.000569153)
(0.00455481 0 0 0 0.000569351 0 0 0 0.000569351)
(0.0045564 0 0 0 0.00056955 0 0 0 0.00056955)
(0.00455801 0 0 0 0.000569751 0 0 0 0.000569751)
(0.00455963 0 0 0 0.000569954 0 0 0 0.000569954)
(0.00456127 0 0 0 0.000570158 0 0 0 0.000570158)
(0.00456291 0 0 0 0.000570364 0 0 0 0.000570364)
(0.00456458 0 0 0 0.000570572 0 0 0 0.000570572)
(0.00456625 0 0 0 0.000570781 0 0 0 0.000570781)
(0.00456794 0 0 0 0.000570992 0 0 0 0.000570992)
(0.00456964 0 0 0 0.000571205 0 0 0 0.000571205)
(0.00457135 0 0 0 0.000571419 0 0 0 0.000571419)
(0.00457308 0 0 0 0.000571636 0 0 0 0.000571636)
(0.00457483 0 0 0 0.000571854 0 0 0 0.000571854)
(0.00457659 0 0 0 0.000572073 0 0 0 0.000572073)
(0.00457836 0 0 0 0.000572295 0 0 0 0.000572295)
(0.00458015 0 0 0 0.000572518 0 0 0 0.000572518)
(0.00458195 0 0 0 0.000572744 0 0 0 0.000572744)
(0.00458377 0 0 0 0.000572971 0 0 0 0.000572971)
(0.0045856 0 0 0 0.0005732 0 0 0 0.0005732)
(0.00458745 0 0 0 0.000573431 0 0 0 0.000573431)
(0.00458931 0 0 0 0.000573663 0 0 0 0.000573663)
(0.00459118 0 0 0 0.000573898 0 0 0 0.000573898)
(0.00459307 0 0 0 0.000574134 0 0 0 0.000574134)
(0.00459498 0 0 0 0.000574373 0 0 0 0.000574373)
(0.0045969 0 0 0 0.000574613 0 0 0 0.000574613)
(0.00459884 0 0 0 0.000574855 0 0 0 0.000574855)
(0.00460079 0 0 0 0.000575099 0 0 0 0.000575099)
(0.00460276 0 0 0 0.000575345 0 0 0 0.000575345)
(0.00460474 0 0 0 0.000575592 0 0 0 0.000575592)
(0.00460673 0 0 0 0.000575842 0 0 0 0.000575842)
(0.00460874 0 0 0 0.000576093 0 0 0 0.000576093)
(0.00461077 0 0 0 0.000576346 0 0 0 0.000576346)
(0.00461281 0 0 0 0.000576601 0 0 0 0.000576601)
(0.00461487 0 0 0 0.000576858 0 0 0 0.000576858)
(0.00461694 0 0 0 0.000577117 0 0 0 0.000577117)
(0.00461902 0 0 0 0.000577378 0 0 0 0.000577378)
(0.00462112 0 0 0 0.00057764 0 0 0 0.00057764)
(0.00462323 0 0 0 0.000577904 0 0 0 0.000577904)
(0.00462536 0 0 0 0.00057817 0 0 0 0.00057817)
(0.0046275 0 0 0 0.000578438 0 0 0 0.000578438)
(0.00462966 0 0 0 0.000578708 0 0 0 0.000578708)
(0.00463183 0 0 0 0.000578979 0 0 0 0.000578979)
(0.00463401 0 0 0 0.000579252 0 0 0 0.000579252)
(0.00463621 0 0 0 0.000579527 0 0 0 0.000579527)
(0.00463842 0 0 0 0.000579803 0 0 0 0.000579803)
(0.00464065 0 0 0 0.000580081 0 0 0 0.000580081)
(0.00464289 0 0 0 0.000580361 0 0 0 0.000580361)
(0.00464514 0 0 0 0.000580643 0 0 0 0.000580643)
(0.00464741 0 0 0 0.000580926 0 0 0 0.000580926)
(0.00464968 0 0 0 0.000581211 0 0 0 0.000581211)
(0.00465198 0 0 0 0.000581497 0 0 0 0.000581497)
(0.00465428 0 0 0 0.000581785 0 0 0 0.000581785)
(0.0046566 0 0 0 0.000582075 0 0 0 0.000582075)
(0.00465893 0 0 0 0.000582366 0 0 0 0.000582366)
(0.00466127 0 0 0 0.000582658 0 0 0 0.000582658)
(0.00466362 0 0 0 0.000582953 0 0 0 0.000582953)
(0.00466599 0 0 0 0.000583248 0 0 0 0.000583248)
(0.00466836 0 0 0 0.000583545 0 0 0 0.000583545)
(0.00467075 0 0 0 0.000583844 0 0 0 0.000583844)
(0.00467315 0 0 0 0.000584144 0 0 0 0.000584144)
(0.00467556 0 0 0 0.000584445 0 0 0 0.000584445)
(0.00467798 0 0 0 0.000584748 0 0 0 0.000584748)
(0.00468042 0 0 0 0.000585052 0 0 0 0.000585052)
(0.00468286 0 0 0 0.000585358 0 0 0 0.000585358)
(0.00468531 0 0 0 0.000585664 0 0 0 0.000585664)
(0.00468778 0 0 0 0.000585972 0 0 0 0.000585972)
(0.00469025 0 0 0 0.000586282 0 0 0 0.000586282)
(0.00469274 0 0 0 0.000586592 0 0 0 0.000586592)
(0.00469523 0 0 0 0.000586903 0 0 0 0.000586903)
(0.00469773 0 0 0 0.000587216 0 0 0 0.000587216)
(0.00470024 0 0 0 0.00058753 0 0 0 0.00058753)
(0.00470276 0 0 0 0.000587845 0 0 0 0.000587845)
(0.00470528 0 0 0 0.00058816 0 0 0 0.00058816)
(0.00470781 0 0 0 0.000588477 0 0 0 0.000588477)
(0.00471035 0 0 0 0.000588794 0 0 0 0.000588794)
(0.0047129 0 0 0 0.000589113 0 0 0 0.000589113)
(0.00471545 0 0 0 0.000589432 0 0 0 0.000589432)
(0.00471801 0 0 0 0.000589751 0 0 0 0.000589751)
(0.00472057 0 0 0 0.000590071 0 0 0 0.000590071)
(0.00472314 0 0 0 0.000590392 0 0 0 0.000590392)
(0.0047257 0 0 0 0.000590713 0 0 0 0.000590713)
(0.00472827 0 0 0 0.000591034 0 0 0 0.000591034)
(0.00473084 0 0 0 0.000591355 0 0 0 0.000591355)
(0.00473341 0 0 0 0.000591677 0 0 0 0.000591677)
(0.00473598 0 0 0 0.000591997 0 0 0 0.000591997)
(0.00473854 0 0 0 0.000592318 0 0 0 0.000592318)
(0.0047411 0 0 0 0.000592638 0 0 0 0.000592638)
(0.00474365 0 0 0 0.000592957 0 0 0 0.000592957)
(0.0047462 0 0 0 0.000593274 0 0 0 0.000593274)
(0.00474873 0 0 0 0.000593591 0 0 0 0.000593591)
(0.00475125 0 0 0 0.000593907 0 0 0 0.000593907)
(0.00475376 0 0 0 0.00059422 0 0 0 0.00059422)
(0.00475626 0 0 0 0.000594533 0 0 0 0.000594533)
(0.00475876 0 0 0 0.000594845 0 0 0 0.000594845)
(0.00476126 0 0 0 0.000595158 0 0 0 0.000595158)
(0.0047638 0 0 0 0.000595475 0 0 0 0.000595475)
(0.004766 0 0 0 0.000595751 0 0 0 0.000595751)
(0.00476769 0 0 0 0.000595961 0 0 0 0.000595961)
(0 0 0 0 0 0 0 0 0)
(0 0 0 0 0 0 0 0 0)
(0 0 0 0 0 0 0 0 0)
(0 0 0 0 0 0 0 0 0)
(0 0 0 0 0 0 0 0 0)
(0 0 0 0 0 0 0 0 0)
(0 0 0 0 0 0 0 0 0)
(0 0 0 0 0 0 0 0 0)
(0 0 0 0 0 0 0 0 0)
(0 0 0 0 0 0 0 0 0)
(0 0 0 0 0 0 0 0 0)
(0 0 0 0 0 0 0 0 0)
(0 0 0 0 0 0 0 0 0)
(0 0 0 0 0 0 0 0 0)
(0 0 0 0 0 0 0 0 0)
(0 0 0 0 0 0 0 0 0)
(0 0 0 0 0 0 0 0 0)
(0 0 0 0 0 0 0 0 0)
(0 0 0 0 0 0 0 0 0)
(0 0 0 0 0 0 0 0 0)
(0 0 0 0 0 0 0 0 0)
(0 0 0 0 0 0 0 0 0)
(0 0 0 0 0 0 0 0 0)
(0 0 0 0 0 0 0 0 0)
(0 0 0 0 0 0 0 0 0)
(0 0 0 0 0 0 0 0 0)
(0 0 0 0 0 0 0 0 0)
(0 0 0 0 0 0 0 0 0)
(0 0 0 0 0 0 0 0 0)
(0 0 0 0 0 0 0 0 0)
(0 0 0 0 0 0 0 0 0)
(0 0 0 0 0 0 0 0 0)
(0 0 0 0 0 0 0 0 0)
(0 0 0 0 0 0 0 0 0)
(0 0 0 0 0 0 0 0 0)
(0 0 0 0 0 0 0 0 0)
(0 0 0 0 0 0 0 0 0)
(0 0 0 0 0 0 0 0 0)
(0 0 0 0 0 0 0 0 0)
(0 0 0 0 0 0 0 0 0)
(0 0 0 0 0 0 0 0 0)
(0 0 0 0 0 0 0 0 0)
(0 0 0 0 0 0 0 0 0)
(0 0 0 0 0 0 0 0 0)
(0 0 0 0 0 0 0 0 0)
(0 0 0 0 0 0 0 0 0)
(0 0 0 0 0 0 0 0 0)
(0 0 0 0 0 0 0 0 0)
(0 0 0 0 0 0 0 0 0)
(0 0 0 0 0 0 0 0 0)
(0 0 0 0 0 0 0 0 0)
(0 0 0 0 0 0 0 0 0)
(0 0 0 0 0 0 0 0 0)
(0 0 0 0 0 0 0 0 0)
(0 0 0 0 0 0 0 0 0)
(0 0 0 0 0 0 0 0 0)
(0 0 0 0 0 0 0 0 0)
(0 0 0 0 0 0 0 0 0)
(0 0 0 0 0 0 0 0 0)
(0 0 0 0 0 0 0 0 0)
(0 0 0 0 0 0 0 0 0)
(0 0 0 0 0 0 0 0 0)
(0 0 0 0 0 0 0 0 0)
(0 0 0 0 0 0 0 0 0)
(0 0 0 0 0 0 0 0 0)
(0 0 0 0 0 0 0 0 0)
(0 0 0 0 0 0 0 0 0)
(0 0 0 0 0 0 0 0 0)
(0 0 0 0 0 0 0 0 0)
(0 0 0 0 0 0 0 0 0)
(0 0 0 0 0 0 0 0 0)
(0 0 0 0 0 0 0 0 0)
(0 0 0 0 0 0 0 0 0)
(0 0 0 0 0 0 0 0 0)
(0 0 0 0 0 0 0 0 0)
(0 0 0 0 0 0 0 0 0)
(0 0 0 0 0 0 0 0 0)
(0 0 0 0 0 0 0 0 0)
(0 0 0 0 0 0 0 0 0)
(0 0 0 0 0 0 0 0 0)
(0 0 0 0 0 0 0 0 0)
(0 0 0 0 0 0 0 0 0)
(0 0 0 0 0 0 0 0 0)
(0 0 0 0 0 0 0 0 0)
(0 0 0 0 0 0 0 0 0)
(0 0 0 0 0 0 0 0 0)
(0 0 0 0 0 0 0 0 0)
(0 0 0 0 0 0 0 0 0)
(0 0 0 0 0 0 0 0 0)
(0 0 0 0 0 0 0 0 0)
(0 0 0 0 0 0 0 0 0)
(0 0 0 0 0 0 0 0 0)
(0 0 0 0 0 0 0 0 0)
(0 0 0 0 0 0 0 0 0)
(0 0 0 0 0 0 0 0 0)
(0 0 0 0 0 0 0 0 0)
(0 0 0 0 0 0 0 0 0)
(0 0 0 0 0 0 0 0 0)
(0 0 0 0 0 0 0 0 0)
(0 0 0 0 0 0 0 0 0)
(0 0 0 0 0 0 0 0 0)
(0 0 0 0 0 0 0 0 0)
(0 0 0 0 0 0 0 0 0)
(0 0 0 0 0 0 0 0 0)
(0 0 0 0 0 0 0 0 0)
(0 0 0 0 0 0 0 0 0)
(0 0 0 0 0 0 0 0 0)
(0 0 0 0 0 0 0 0 0)
(0 0 0 0 0 0 0 0 0)
(0 0 0 0 0 0 0 0 0)
(0 0 0 0 0 0 0 0 0)
(0 0 0 0 0 0 0 0 0)
(0 0 0 0 0 0 0 0 0)
(0 0 0 0 0 0 0 0 0)
(0 0 0 0 0 0 0 0 0)
(0 0 0 0 0 0 0 0 0)
(0 0 0 0 0 0 0 0 0)
(0 0 0 0 0 0 0 0 0)
(0 0 0 0 0 0 0 0 0)
(0 0 0 0 0 0 0 0 0)
(0 0 0 0 0 0 0 0 0)
(0 0 0 0 0 0 0 0 0)
(0 0 0 0 0 0 0 0 0)
(0 0 0 0 0 0 0 0 0)
(0 0 0 0 0 0 0 0 0)
(0 0 0 0 0 0 0 0 0)
(0 0 0 0 0 0 0 0 0)
(0 0 0 0 0 0 0 0 0)
(0 0 0 0 0 0 0 0 0)
(0 0 0 0 0 0 0 0 0)
(0 0 0 0 0 0 0 0 0)
(0 0 0 0 0 0 0 0 0)
(0 0 0 0 0 0 0 0 0)
(0 0 0 0 0 0 0 0 0)
(0 0 0 0 0 0 0 0 0)
(0 0 0 0 0 0 0 0 0)
(0 0 0 0 0 0 0 0 0)
(0 0 0 0 0 0 0 0 0)
(0 0 0 0 0 0 0 0 0)
(0 0 0 0 0 0 0 0 0)
(0 0 0 0 0 0 0 0 0)
(0 0 0 0 0 0 0 0 0)
(0 0 0 0 0 0 0 0 0)
(0 0 0 0 0 0 0 0 0)
(0 0 0 0 0 0 0 0 0)
(0 0 0 0 0 0 0 0 0)
(0 0 0 0 0 0 0 0 0)
(0 0 0 0 0 0 0 0 0)
(0 0 0 0 0 0 0 0 0)
(0 0 0 0 0 0 0 0 0)
(0 0 0 0 0 0 0 0 0)
(0 0 0 0 0 0 0 0 0)
(0 0 0 0 0 0 0 0 0)
(0 0 0 0 0 0 0 0 0)
(0 0 0 0 0 0 0 0 0)
(0 0 0 0 0 0 0 0 0)
(0 0 0 0 0 0 0 0 0)
(0 0 0 0 0 0 0 0 0)
(0 0 0 0 0 0 0 0 0)
(0 0 0 0 0 0 0 0 0)
(0 0 0 0 0 0 0 0 0)
(0 0 0 0 0 0 0 0 0)
(0 0 0 0 0 0 0 0 0)
(0 0 0 0 0 0 0 0 0)
(0 0 0 0 0 0 0 0 0)
(0 0 0 0 0 0 0 0 0)
(0 0 0 0 0 0 0 0 0)
(0 0 0 0 0 0 0 0 0)
(0 0 0 0 0 0 0 0 0)
(0 0 0 0 0 0 0 0 0)
(0 0 0 0 0 0 0 0 0)
(0 0 0 0 0 0 0 0 0)
(0 0 0 0 0 0 0 0 0)
(0 0 0 0 0 0 0 0 0)
(0 0 0 0 0 0 0 0 0)
(0 0 0 0 0 0 0 0 0)
(0 0 0 0 0 0 0 0 0)
(0 0 0 0 0 0 0 0 0)
(0 0 0 0 0 0 0 0 0)
(0 0 0 0 0 0 0 0 0)
(0 0 0 0 0 0 0 0 0)
(0 0 0 0 0 0 0 0 0)
(0 0 0 0 0 0 0 0 0)
(0 0 0 0 0 0 0 0 0)
(0 0 0 0 0 0 0 0 0)
(0 0 0 0 0 0 0 0 0)
(0 0 0 0 0 0 0 0 0)
(0 0 0 0 0 0 0 0 0)
(0 0 0 0 0 0 0 0 0)
(0 0 0 0 0 0 0 0 0)
(0 0 0 0 0 0 0 0 0)
(0 0 0 0 0 0 0 0 0)
(0 0 0 0 0 0 0 0 0)
(0 0 0 0 0 0 0 0 0)
(0 0 0 0 0 0 0 0 0)
(0 0 0 0 0 0 0 0 0)
(0 0 0 0 0 0 0 0 0)
(0 0 0 0 0 0 0 0 0)
(0 0 0 0 0 0 0 0 0)
(0 0 0 0 0 0 0 0 0)
(0 0 0 0 0 0 0 0 0)
(0 0 0 0 0 0 0 0 0)
(0 0 0 0 0 0 0 0 0)
(0 0 0 0 0 0 0 0 0)
(0 0 0 0 0 0 0 0 0)
(0 0 0 0 0 0 0 0 0)
(0 0 0 0 0 0 0 0 0)
(0 0 0 0 0 0 0 0 0)
(0 0 0 0 0 0 0 0 0)
(0 0 0 0 0 0 0 0 0)
(0 0 0 0 0 0 0 0 0)
(0 0 0 0 0 0 0 0 0)
(0 0 0 0 0 0 0 0 0)
(0 0 0 0 0 0 0 0 0)
(0 0 0 0 0 0 0 0 0)
(0 0 0 0 0 0 0 0 0)
(0 0 0 0 0 0 0 0 0)
(0 0 0 0 0 0 0 0 0)
(0 0 0 0 0 0 0 0 0)
(0 0 0 0 0 0 0 0 0)
(0 0 0 0 0 0 0 0 0)
(0 0 0 0 0 0 0 0 0)
(0 0 0 0 0 0 0 0 0)
(0 0 0 0 0 0 0 0 0)
(0 0 0 0 0 0 0 0 0)
(0 0 0 0 0 0 0 0 0)
(0 0 0 0 0 0 0 0 0)
(0 0 0 0 0 0 0 0 0)
(0 0 0 0 0 0 0 0 0)
(0 0 0 0 0 0 0 0 0)
(0 0 0 0 0 0 0 0 0)
(0 0 0 0 0 0 0 0 0)
(0 0 0 0 0 0 0 0 0)
(0 0 0 0 0 0 0 0 0)
(0 0 0 0 0 0 0 0 0)
(0 0 0 0 0 0 0 0 0)
(0 0 0 0 0 0 0 0 0)
(0 0 0 0 0 0 0 0 0)
(0 0 0 0 0 0 0 0 0)
(0 0 0 0 0 0 0 0 0)
(0 0 0 0 0 0 0 0 0)
(0 0 0 0 0 0 0 0 0)
(0 0 0 0 0 0 0 0 0)
(0 0 0 0 0 0 0 0 0)
(0 0 0 0 0 0 0 0 0)
(0 0 0 0 0 0 0 0 0)
(0 0 0 0 0 0 0 0 0)
(0 0 0 0 0 0 0 0 0)
(0 0 0 0 0 0 0 0 0)
(0 0 0 0 0 0 0 0 0)
(0 0 0 0 0 0 0 0 0)
(0 0 0 0 0 0 0 0 0)
(0 0 0 0 0 0 0 0 0)
(0 0 0 0 0 0 0 0 0)
(0 0 0 0 0 0 0 0 0)
(0 0 0 0 0 0 0 0 0)
(0 0 0 0 0 0 0 0 0)
(0 0 0 0 0 0 0 0 0)
(0 0 0 0 0 0 0 0 0)
(0 0 0 0 0 0 0 0 0)
(0 0 0 0 0 0 0 0 0)
(0 0 0 0 0 0 0 0 0)
(0 0 0 0 0 0 0 0 0)
(0 0 0 0 0 0 0 0 0)
(0 0 0 0 0 0 0 0 0)
(0 0 0 0 0 0 0 0 0)
(0 0 0 0 0 0 0 0 0)
(0 0 0 0 0 0 0 0 0)
(0 0 0 0 0 0 0 0 0)
(0 0 0 0 0 0 0 0 0)
(0 0 0 0 0 0 0 0 0)
(0 0 0 0 0 0 0 0 0)
(0 0 0 0 0 0 0 0 0)
(0 0 0 0 0 0 0 0 0)
(0 0 0 0 0 0 0 0 0)
(0 0 0 0 0 0 0 0 0)
(0 0 0 0 0 0 0 0 0)
(0 0 0 0 0 0 0 0 0)
(0 0 0 0 0 0 0 0 0)
(0 0 0 0 0 0 0 0 0)
(0 0 0 0 0 0 0 0 0)
(0 0 0 0 0 0 0 0 0)
(0 0 0 0 0 0 0 0 0)
(0 0 0 0 0 0 0 0 0)
(0 0 0 0 0 0 0 0 0)
(0 0 0 0 0 0 0 0 0)
(0 0 0 0 0 0 0 0 0)
(0 0 0 0 0 0 0 0 0)
(0 0 0 0 0 0 0 0 0)
(0 0 0 0 0 0 0 0 0)
(0 0 0 0 0 0 0 0 0)
(0 0 0 0 0 0 0 0 0)
(0 0 0 0 0 0 0 0 0)
(0 0 0 0 0 0 0 0 0)
(0 0 0 0 0 0 0 0 0)
(0 0 0 0 0 0 0 0 0)
(0 0 0 0 0 0 0 0 0)
(0 0 0 0 0 0 0 0 0)
(0 0 0 0 0 0 0 0 0)
(0 0 0 0 0 0 0 0 0)
(0 0 0 0 0 0 0 0 0)
(0 0 0 0 0 0 0 0 0)
(0 0 0 0 0 0 0 0 0)
(0 0 0 0 0 0 0 0 0)
(0 0 0 0 0 0 0 0 0)
(0 0 0 0 0 0 0 0 0)
(0 0 0 0 0 0 0 0 0)
(0 0 0 0 0 0 0 0 0)
(0 0 0 0 0 0 0 0 0)
(0 0 0 0 0 0 0 0 0)
(0 0 0 0 0 0 0 0 0)
(0 0 0 0 0 0 0 0 0)
(0 0 0 0 0 0 0 0 0)
(0 0 0 0 0 0 0 0 0)
(0 0 0 0 0 0 0 0 0)
(0 0 0 0 0 0 0 0 0)
(0 0 0 0 0 0 0 0 0)
(0 0 0 0 0 0 0 0 0)
(0 0 0 0 0 0 0 0 0)
(0 0 0 0 0 0 0 0 0)
(0 0 0 0 0 0 0 0 0)
(0 0 0 0 0 0 0 0 0)
(0 0 0 0 0 0 0 0 0)
(0 0 0 0 0 0 0 0 0)
(0 0 0 0 0 0 0 0 0)
(0 0 0 0 0 0 0 0 0)
(0 0 0 0 0 0 0 0 0)
(0 0 0 0 0 0 0 0 0)
(0 0 0 0 0 0 0 0 0)
(0 0 0 0 0 0 0 0 0)
(0 0 0 0 0 0 0 0 0)
(0 0 0 0 0 0 0 0 0)
(0 0 0 0 0 0 0 0 0)
(0 0 0 0 0 0 0 0 0)
(0 0 0 0 0 0 0 0 0)
(0 0 0 0 0 0 0 0 0)
(0 0 0 0 0 0 0 0 0)
(0 0 0 0 0 0 0 0 0)
(0 0 0 0 0 0 0 0 0)
(0 0 0 0 0 0 0 0 0)
(0 0 0 0 0 0 0 0 0)
(0 0 0 0 0 0 0 0 0)
(0 0 0 0 0 0 0 0 0)
(0 0 0 0 0 0 0 0 0)
(0 0 0 0 0 0 0 0 0)
(0 0 0 0 0 0 0 0 0)
(0 0 0 0 0 0 0 0 0)
(0 0 0 0 0 0 0 0 0)
(0 0 0 0 0 0 0 0 0)
(0 0 0 0 0 0 0 0 0)
(0 0 0 0 0 0 0 0 0)
(0 0 0 0 0 0 0 0 0)
(0 0 0 0 0 0 0 0 0)
(0 0 0 0 0 0 0 0 0)
(0 0 0 0 0 0 0 0 0)
(0 0 0 0 0 0 0 0 0)
(0 0 0 0 0 0 0 0 0)
(0 0 0 0 0 0 0 0 0)
(0 0 0 0 0 0 0 0 0)
(0 0 0 0 0 0 0 0 0)
(0 0 0 0 0 0 0 0 0)
(0 0 0 0 0 0 0 0 0)
(0 0 0 0 0 0 0 0 0)
(0 0 0 0 0 0 0 0 0)
(0 0 0 0 0 0 0 0 0)
(0 0 0 0 0 0 0 0 0)
(0 0 0 0 0 0 0 0 0)
(0 0 0 0 0 0 0 0 0)
(0 0 0 0 0 0 0 0 0)
(0 0 0 0 0 0 0 0 0)
(0 0 0 0 0 0 0 0 0)
(0 0 0 0 0 0 0 0 0)
(0 0 0 0 0 0 0 0 0)
(0 0 0 0 0 0 0 0 0)
(0 0 0 0 0 0 0 0 0)
(0 0 0 0 0 0 0 0 0)
(0 0 0 0 0 0 0 0 0)
(0 0 0 0 0 0 0 0 0)
(0 0 0 0 0 0 0 0 0)
(0 0 0 0 0 0 0 0 0)
(0 0 0 0 0 0 0 0 0)
(0 0 0 0 0 0 0 0 0)
(0 0 0 0 0 0 0 0 0)
(0 0 0 0 0 0 0 0 0)
(0 0 0 0 0 0 0 0 0)
(0 0 0 0 0 0 0 0 0)
(0 0 0 0 0 0 0 0 0)
(0 0 0 0 0 0 0 0 0)
(0 0 0 0 0 0 0 0 0)
(0 0 0 0 0 0 0 0 0)
(0 0 0 0 0 0 0 0 0)
(0 0 0 0 0 0 0 0 0)
(0 0 0 0 0 0 0 0 0)
(0 0 0 0 0 0 0 0 0)
(0 0 0 0 0 0 0 0 0)
(0 0 0 0 0 0 0 0 0)
(0 0 0 0 0 0 0 0 0)
(0 0 0 0 0 0 0 0 0)
(0 0 0 0 0 0 0 0 0)
(0 0 0 0 0 0 0 0 0)
(0 0 0 0 0 0 0 0 0)
(0 0 0 0 0 0 0 0 0)
(0 0 0 0 0 0 0 0 0)
(0 0 0 0 0 0 0 0 0)
(0 0 0 0 0 0 0 0 0)
(0 0 0 0 0 0 0 0 0)
(0 0 0 0 0 0 0 0 0)
(0 0 0 0 0 0 0 0 0)
(0 0 0 0 0 0 0 0 0)
(0 0 0 0 0 0 0 0 0)
(0 0 0 0 0 0 0 0 0)
(0 0 0 0 0 0 0 0 0)
(0 0 0 0 0 0 0 0 0)
(0 0 0 0 0 0 0 0 0)
(0 0 0 0 0 0 0 0 0)
(0 0 0 0 0 0 0 0 0)
(0 0 0 0 0 0 0 0 0)
(0 0 0 0 0 0 0 0 0)
(0 0 0 0 0 0 0 0 0)
(0 0 0 0 0 0 0 0 0)
(0 0 0 0 0 0 0 0 0)
(0 0 0 0 0 0 0 0 0)
(0 0 0 0 0 0 0 0 0)
(0 0 0 0 0 0 0 0 0)
(0 0 0 0 0 0 0 0 0)
(0 0 0 0 0 0 0 0 0)
(0 0 0 0 0 0 0 0 0)
(0 0 0 0 0 0 0 0 0)
(0 0 0 0 0 0 0 0 0)
(0 0 0 0 0 0 0 0 0)
(0 0 0 0 0 0 0 0 0)
(0 0 0 0 0 0 0 0 0)
(0 0 0 0 0 0 0 0 0)
(0 0 0 0 0 0 0 0 0)
(0 0 0 0 0 0 0 0 0)
(0 0 0 0 0 0 0 0 0)
(0 0 0 0 0 0 0 0 0)
(0 0 0 0 0 0 0 0 0)
(0 0 0 0 0 0 0 0 0)
(0 0 0 0 0 0 0 0 0)
(0 0 0 0 0 0 0 0 0)
(0 0 0 0 0 0 0 0 0)
(0 0 0 0 0 0 0 0 0)
(0 0 0 0 0 0 0 0 0)
(0 0 0 0 0 0 0 0 0)
(0 0 0 0 0 0 0 0 0)
(0 0 0 0 0 0 0 0 0)
(0 0 0 0 0 0 0 0 0)
(0 0 0 0 0 0 0 0 0)
(0 0 0 0 0 0 0 0 0)
(0 0 0 0 0 0 0 0 0)
(0 0 0 0 0 0 0 0 0)
(0 0 0 0 0 0 0 0 0)
(0 0 0 0 0 0 0 0 0)
(0 0 0 0 0 0 0 0 0)
(0 0 0 0 0 0 0 0 0)
(0 0 0 0 0 0 0 0 0)
(0 0 0 0 0 0 0 0 0)
(0 0 0 0 0 0 0 0 0)
(0 0 0 0 0 0 0 0 0)
(0 0 0 0 0 0 0 0 0)
(0 0 0 0 0 0 0 0 0)
(0 0 0 0 0 0 0 0 0)
(0 0 0 0 0 0 0 0 0)
(0 0 0 0 0 0 0 0 0)
(0 0 0 0 0 0 0 0 0)
(0 0 0 0 0 0 0 0 0)
(0 0 0 0 0 0 0 0 0)
(0 0 0 0 0 0 0 0 0)
(0 0 0 0 0 0 0 0 0)
(0 0 0 0 0 0 0 0 0)
(0 0 0 0 0 0 0 0 0)
(0 0 0 0 0 0 0 0 0)
(0 0 0 0 0 0 0 0 0)
(0 0 0 0 0 0 0 0 0)
(0 0 0 0 0 0 0 0 0)
(0 0 0 0 0 0 0 0 0)
(0 0 0 0 0 0 0 0 0)
(0 0 0 0 0 0 0 0 0)
(0 0 0 0 0 0 0 0 0)
(0 0 0 0 0 0 0 0 0)
(0 0 0 0 0 0 0 0 0)
(0 0 0 0 0 0 0 0 0)
(0 0 0 0 0 0 0 0 0)
(0 0 0 0 0 0 0 0 0)
(0 0 0 0 0 0 0 0 0)
(0 0 0 0 0 0 0 0 0)
(0 0 0 0 0 0 0 0 0)
(0 0 0 0 0 0 0 0 0)
(0 0 0 0 0 0 0 0 0)
(0 0 0 0 0 0 0 0 0)
(0 0 0 0 0 0 0 0 0)
(0 0 0 0 0 0 0 0 0)
(0 0 0 0 0 0 0 0 0)
(0 0 0 0 0 0 0 0 0)
(0 0 0 0 0 0 0 0 0)
(0 0 0 0 0 0 0 0 0)
(0 0 0 0 0 0 0 0 0)
(0 0 0 0 0 0 0 0 0)
(0 0 0 0 0 0 0 0 0)
(0 0 0 0 0 0 0 0 0)
(0 0 0 0 0 0 0 0 0)
(0 0 0 0 0 0 0 0 0)
(0 0 0 0 0 0 0 0 0)
(0 0 0 0 0 0 0 0 0)
(0 0 0 0 0 0 0 0 0)
(0 0 0 0 0 0 0 0 0)
(0 0 0 0 0 0 0 0 0)
(0 0 0 0 0 0 0 0 0)
(0 0 0 0 0 0 0 0 0)
(0 0 0 0 0 0 0 0 0)
(0 0 0 0 0 0 0 0 0)
(0 0 0 0 0 0 0 0 0)
(0 0 0 0 0 0 0 0 0)
(0 0 0 0 0 0 0 0 0)
(0 0 0 0 0 0 0 0 0)
(0 0 0 0 0 0 0 0 0)
(0 0 0 0 0 0 0 0 0)
(0 0 0 0 0 0 0 0 0)
(0 0 0 0 0 0 0 0 0)
(0 0 0 0 0 0 0 0 0)
(0 0 0 0 0 0 0 0 0)
(0 0 0 0 0 0 0 0 0)
(0 0 0 0 0 0 0 0 0)
(0 0 0 0 0 0 0 0 0)
(0 0 0 0 0 0 0 0 0)
(0 0 0 0 0 0 0 0 0)
(0 0 0 0 0 0 0 0 0)
(0 0 0 0 0 0 0 0 0)
(0 0 0 0 0 0 0 0 0)
(0 0 0 0 0 0 0 0 0)
(0 0 0 0 0 0 0 0 0)
(0 0 0 0 0 0 0 0 0)
(0 0 0 0 0 0 0 0 0)
(0 0 0 0 0 0 0 0 0)
(0 0 0 0 0 0 0 0 0)
(0 0 0 0 0 0 0 0 0)
(0 0 0 0 0 0 0 0 0)
(0 0 0 0 0 0 0 0 0)
(0 0 0 0 0 0 0 0 0)
(0 0 0 0 0 0 0 0 0)
(0 0 0 0 0 0 0 0 0)
(0 0 0 0 0 0 0 0 0)
(0 0 0 0 0 0 0 0 0)
(0 0 0 0 0 0 0 0 0)
(0 0 0 0 0 0 0 0 0)
(0 0 0 0 0 0 0 0 0)
(0 0 0 0 0 0 0 0 0)
(0 0 0 0 0 0 0 0 0)
(0 0 0 0 0 0 0 0 0)
(0 0 0 0 0 0 0 0 0)
(0 0 0 0 0 0 0 0 0)
(0 0 0 0 0 0 0 0 0)
(0 0 0 0 0 0 0 0 0)
(0 0 0 0 0 0 0 0 0)
(0 0 0 0 0 0 0 0 0)
(0 0 0 0 0 0 0 0 0)
(0 0 0 0 0 0 0 0 0)
(0 0 0 0 0 0 0 0 0)
(0 0 0 0 0 0 0 0 0)
(0 0 0 0 0 0 0 0 0)
(0 0 0 0 0 0 0 0 0)
(0 0 0 0 0 0 0 0 0)
(0 0 0 0 0 0 0 0 0)
(0 0 0 0 0 0 0 0 0)
(0 0 0 0 0 0 0 0 0)
(0 0 0 0 0 0 0 0 0)
(0 0 0 0 0 0 0 0 0)
(0 0 0 0 0 0 0 0 0)
(0 0 0 0 0 0 0 0 0)
(0 0 0 0 0 0 0 0 0)
(0 0 0 0 0 0 0 0 0)
(0 0 0 0 0 0 0 0 0)
(0 0 0 0 0 0 0 0 0)
(0 0 0 0 0 0 0 0 0)
(0 0 0 0 0 0 0 0 0)
(0 0 0 0 0 0 0 0 0)
(0 0 0 0 0 0 0 0 0)
(0 0 0 0 0 0 0 0 0)
(0 0 0 0 0 0 0 0 0)
(0 0 0 0 0 0 0 0 0)
(0 0 0 0 0 0 0 0 0)
(0 0 0 0 0 0 0 0 0)
(0 0 0 0 0 0 0 0 0)
(0 0 0 0 0 0 0 0 0)
(0 0 0 0 0 0 0 0 0)
(0 0 0 0 0 0 0 0 0)
(0 0 0 0 0 0 0 0 0)
(0 0 0 0 0 0 0 0 0)
(0 0 0 0 0 0 0 0 0)
(0 0 0 0 0 0 0 0 0)
(0 0 0 0 0 0 0 0 0)
(0 0 0 0 0 0 0 0 0)
(0 0 0 0 0 0 0 0 0)
(0 0 0 0 0 0 0 0 0)
(0 0 0 0 0 0 0 0 0)
(0 0 0 0 0 0 0 0 0)
(0 0 0 0 0 0 0 0 0)
(0 0 0 0 0 0 0 0 0)
(0 0 0 0 0 0 0 0 0)
(0 0 0 0 0 0 0 0 0)
(0 0 0 0 0 0 0 0 0)
(0 0 0 0 0 0 0 0 0)
(0 0 0 0 0 0 0 0 0)
(0 0 0 0 0 0 0 0 0)
(0 0 0 0 0 0 0 0 0)
(0 0 0 0 0 0 0 0 0)
(0 0 0 0 0 0 0 0 0)
(0 0 0 0 0 0 0 0 0)
(0 0 0 0 0 0 0 0 0)
(0 0 0 0 0 0 0 0 0)
(0 0 0 0 0 0 0 0 0)
(0 0 0 0 0 0 0 0 0)
(0 0 0 0 0 0 0 0 0)
(0 0 0 0 0 0 0 0 0)
(0 0 0 0 0 0 0 0 0)
(0 0 0 0 0 0 0 0 0)
(0 0 0 0 0 0 0 0 0)
(0 0 0 0 0 0 0 0 0)
(0 0 0 0 0 0 0 0 0)
(0 0 0 0 0 0 0 0 0)
(0 0 0 0 0 0 0 0 0)
(0 0 0 0 0 0 0 0 0)
(0 0 0 0 0 0 0 0 0)
(0 0 0 0 0 0 0 0 0)
(0 0 0 0 0 0 0 0 0)
(0 0 0 0 0 0 0 0 0)
(0 0 0 0 0 0 0 0 0)
(0 0 0 0 0 0 0 0 0)
(0 0 0 0 0 0 0 0 0)
(0 0 0 0 0 0 0 0 0)
(0 0 0 0 0 0 0 0 0)
(0 0 0 0 0 0 0 0 0)
(0 0 0 0 0 0 0 0 0)
(0 0 0 0 0 0 0 0 0)
(0 0 0 0 0 0 0 0 0)
(0 0 0 0 0 0 0 0 0)
(0 0 0 0 0 0 0 0 0)
(0 0 0 0 0 0 0 0 0)
(0 0 0 0 0 0 0 0 0)
(0 0 0 0 0 0 0 0 0)
(0 0 0 0 0 0 0 0 0)
(0 0 0 0 0 0 0 0 0)
(0 0 0 0 0 0 0 0 0)
(0 0 0 0 0 0 0 0 0)
(0 0 0 0 0 0 0 0 0)
(0 0 0 0 0 0 0 0 0)
(0 0 0 0 0 0 0 0 0)
(0 0 0 0 0 0 0 0 0)
(0 0 0 0 0 0 0 0 0)
(0 0 0 0 0 0 0 0 0)
(0 0 0 0 0 0 0 0 0)
(0 0 0 0 0 0 0 0 0)
(0 0 0 0 0 0 0 0 0)
(0 0 0 0 0 0 0 0 0)
(0 0 0 0 0 0 0 0 0)
(0 0 0 0 0 0 0 0 0)
(0 0 0 0 0 0 0 0 0)
(0 0 0 0 0 0 0 0 0)
(0 0 0 0 0 0 0 0 0)
(0 0 0 0 0 0 0 0 0)
(0 0 0 0 0 0 0 0 0)
(0 0 0 0 0 0 0 0 0)
(0 0 0 0 0 0 0 0 0)
(0 0 0 0 0 0 0 0 0)
(0 0 0 0 0 0 0 0 0)
(0 0 0 0 0 0 0 0 0)
(0 0 0 0 0 0 0 0 0)
(0 0 0 0 0 0 0 0 0)
(0 0 0 0 0 0 0 0 0)
(0 0 0 0 0 0 0 0 0)
(0 0 0 0 0 0 0 0 0)
(0 0 0 0 0 0 0 0 0)
(0 0 0 0 0 0 0 0 0)
(0 0 0 0 0 0 0 0 0)
(0 0 0 0 0 0 0 0 0)
(0 0 0 0 0 0 0 0 0)
(0 0 0 0 0 0 0 0 0)
(0 0 0 0 0 0 0 0 0)
(0 0 0 0 0 0 0 0 0)
(0 0 0 0 0 0 0 0 0)
(0 0 0 0 0 0 0 0 0)
(0 0 0 0 0 0 0 0 0)
(0 0 0 0 0 0 0 0 0)
(0 0 0 0 0 0 0 0 0)
(0 0 0 0 0 0 0 0 0)
(0 0 0 0 0 0 0 0 0)
(0 0 0 0 0 0 0 0 0)
(0 0 0 0 0 0 0 0 0)
(0 0 0 0 0 0 0 0 0)
(0 0 0 0 0 0 0 0 0)
(0 0 0 0 0 0 0 0 0)
(0 0 0 0 0 0 0 0 0)
(0 0 0 0 0 0 0 0 0)
(0 0 0 0 0 0 0 0 0)
(0 0 0 0 0 0 0 0 0)
(0 0 0 0 0 0 0 0 0)
(0 0 0 0 0 0 0 0 0)
(0 0 0 0 0 0 0 0 0)
(0 0 0 0 0 0 0 0 0)
(0 0 0 0 0 0 0 0 0)
(0 0 0 0 0 0 0 0 0)
(0 0 0 0 0 0 0 0 0)
(0 0 0 0 0 0 0 0 0)
(0 0 0 0 0 0 0 0 0)
(0 0 0 0 0 0 0 0 0)
(0 0 0 0 0 0 0 0 0)
(0 0 0 0 0 0 0 0 0)
(0 0 0 0 0 0 0 0 0)
(0 0 0 0 0 0 0 0 0)
(0 0 0 0 0 0 0 0 0)
(0 0 0 0 0 0 0 0 0)
(0 0 0 0 0 0 0 0 0)
(0 0 0 0 0 0 0 0 0)
(0 0 0 0 0 0 0 0 0)
(0 0 0 0 0 0 0 0 0)
(0 0 0 0 0 0 0 0 0)
(0 0 0 0 0 0 0 0 0)
(0 0 0 0 0 0 0 0 0)
(0 0 0 0 0 0 0 0 0)
(0 0 0 0 0 0 0 0 0)
(0 0 0 0 0 0 0 0 0)
(0 0 0 0 0 0 0 0 0)
(0 0 0 0 0 0 0 0 0)
(0 0 0 0 0 0 0 0 0)
(0 0 0 0 0 0 0 0 0)
(0 0 0 0 0 0 0 0 0)
(0 0 0 0 0 0 0 0 0)
(0 0 0 0 0 0 0 0 0)
(0 0 0 0 0 0 0 0 0)
(0 0 0 0 0 0 0 0 0)
(0 0 0 0 0 0 0 0 0)
(0 0 0 0 0 0 0 0 0)
(0 0 0 0 0 0 0 0 0)
(0 0 0 0 0 0 0 0 0)
(0 0 0 0 0 0 0 0 0)
(0 0 0 0 0 0 0 0 0)
(0 0 0 0 0 0 0 0 0)
(0 0 0 0 0 0 0 0 0)
(0 0 0 0 0 0 0 0 0)
(0 0 0 0 0 0 0 0 0)
(0 0 0 0 0 0 0 0 0)
(0 0 0 0 0 0 0 0 0)
(0 0 0 0 0 0 0 0 0)
(0 0 0 0 0 0 0 0 0)
(0 0 0 0 0 0 0 0 0)
(0 0 0 0 0 0 0 0 0)
(0 0 0 0 0 0 0 0 0)
(0 0 0 0 0 0 0 0 0)
(0 0 0 0 0 0 0 0 0)
(0 0 0 0 0 0 0 0 0)
(0 0 0 0 0 0 0 0 0)
(0 0 0 0 0 0 0 0 0)
(0 0 0 0 0 0 0 0 0)
(0 0 0 0 0 0 0 0 0)
(0 0 0 0 0 0 0 0 0)
(0 0 0 0 0 0 0 0 0)
(0 0 0 0 0 0 0 0 0)
(0 0 0 0 0 0 0 0 0)
(0 0 0 0 0 0 0 0 0)
(0 0 0 0 0 0 0 0 0)
(0 0 0 0 0 0 0 0 0)
(0 0 0 0 0 0 0 0 0)
(0 0 0 0 0 0 0 0 0)
(0 0 0 0 0 0 0 0 0)
(0 0 0 0 0 0 0 0 0)
(0 0 0 0 0 0 0 0 0)
(0 0 0 0 0 0 0 0 0)
(0 0 0 0 0 0 0 0 0)
(0 0 0 0 0 0 0 0 0)
(0 0 0 0 0 0 0 0 0)
(0 0 0 0 0 0 0 0 0)
(0 0 0 0 0 0 0 0 0)
(0 0 0 0 0 0 0 0 0)
(0 0 0 0 0 0 0 0 0)
(0 0 0 0 0 0 0 0 0)
(0 0 0 0 0 0 0 0 0)
(0 0 0 0 0 0 0 0 0)
(0 0 0 0 0 0 0 0 0)
(0 0 0 0 0 0 0 0 0)
(0 0 0 0 0 0 0 0 0)
(0 0 0 0 0 0 0 0 0)
(0 0 0 0 0 0 0 0 0)
(0 0 0 0 0 0 0 0 0)
(0 0 0 0 0 0 0 0 0)
(0 0 0 0 0 0 0 0 0)
(0 0 0 0 0 0 0 0 0)
(0 0 0 0 0 0 0 0 0)
(0 0 0 0 0 0 0 0 0)
(0 0 0 0 0 0 0 0 0)
(0 0 0 0 0 0 0 0 0)
(0 0 0 0 0 0 0 0 0)
(0 0 0 0 0 0 0 0 0)
(0 0 0 0 0 0 0 0 0)
(0 0 0 0 0 0 0 0 0)
(0 0 0 0 0 0 0 0 0)
(0 0 0 0 0 0 0 0 0)
(0 0 0 0 0 0 0 0 0)
(0 0 0 0 0 0 0 0 0)
(0 0 0 0 0 0 0 0 0)
(0 0 0 0 0 0 0 0 0)
(0 0 0 0 0 0 0 0 0)
(0 0 0 0 0 0 0 0 0)
(0 0 0 0 0 0 0 0 0)
(0 0 0 0 0 0 0 0 0)
(0 0 0 0 0 0 0 0 0)
(0 0 0 0 0 0 0 0 0)
(0 0 0 0 0 0 0 0 0)
(0 0 0 0 0 0 0 0 0)
(0 0 0 0 0 0 0 0 0)
(0 0 0 0 0 0 0 0 0)
(0 0 0 0 0 0 0 0 0)
(0 0 0 0 0 0 0 0 0)
(0 0 0 0 0 0 0 0 0)
(0 0 0 0 0 0 0 0 0)
(0 0 0 0 0 0 0 0 0)
(0 0 0 0 0 0 0 0 0)
(0 0 0 0 0 0 0 0 0)
(0 0 0 0 0 0 0 0 0)
(0 0 0 0 0 0 0 0 0)
(0 0 0 0 0 0 0 0 0)
(0 0 0 0 0 0 0 0 0)
(0 0 0 0 0 0 0 0 0)
(0 0 0 0 0 0 0 0 0)
(0 0 0 0 0 0 0 0 0)
(0 0 0 0 0 0 0 0 0)
(0 0 0 0 0 0 0 0 0)
(0 0 0 0 0 0 0 0 0)
(0 0 0 0 0 0 0 0 0)
(0 0 0 0 0 0 0 0 0)
(0 0 0 0 0 0 0 0 0)
(0 0 0 0 0 0 0 0 0)
(0 0 0 0 0 0 0 0 0)
(0 0 0 0 0 0 0 0 0)
(0 0 0 0 0 0 0 0 0)
(0 0 0 0 0 0 0 0 0)
(0 0 0 0 0 0 0 0 0)
(0 0 0 0 0 0 0 0 0)
(0 0 0 0 0 0 0 0 0)
(0 0 0 0 0 0 0 0 0)
(0 0 0 0 0 0 0 0 0)
(0 0 0 0 0 0 0 0 0)
(0 0 0 0 0 0 0 0 0)
(0 0 0 0 0 0 0 0 0)
(0 0 0 0 0 0 0 0 0)
(0 0 0 0 0 0 0 0 0)
(0 0 0 0 0 0 0 0 0)
(0 0 0 0 0 0 0 0 0)
(0 0 0 0 0 0 0 0 0)
(0 0 0 0 0 0 0 0 0)
(0 0 0 0 0 0 0 0 0)
(0 0 0 0 0 0 0 0 0)
(0 0 0 0 0 0 0 0 0)
(0 0 0 0 0 0 0 0 0)
(0 0 0 0 0 0 0 0 0)
(0 0 0 0 0 0 0 0 0)
(0 0 0 0 0 0 0 0 0)
(0 0 0 0 0 0 0 0 0)
(0 0 0 0 0 0 0 0 0)
(0 0 0 0 0 0 0 0 0)
(0 0 0 0 0 0 0 0 0)
(0 0 0 0 0 0 0 0 0)
(0 0 0 0 0 0 0 0 0)
(0 0 0 0 0 0 0 0 0)
(0 0 0 0 0 0 0 0 0)
(0 0 0 0 0 0 0 0 0)
(0 0 0 0 0 0 0 0 0)
(0 0 0 0 0 0 0 0 0)
(0 0 0 0 0 0 0 0 0)
(0 0 0 0 0 0 0 0 0)
(0 0 0 0 0 0 0 0 0)
(0 0 0 0 0 0 0 0 0)
(0 0 0 0 0 0 0 0 0)
(0 0 0 0 0 0 0 0 0)
(0 0 0 0 0 0 0 0 0)
(0 0 0 0 0 0 0 0 0)
(0 0 0 0 0 0 0 0 0)
(0 0 0 0 0 0 0 0 0)
(0 0 0 0 0 0 0 0 0)
(0 0 0 0 0 0 0 0 0)
(0 0 0 0 0 0 0 0 0)
(0 0 0 0 0 0 0 0 0)
(0 0 0 0 0 0 0 0 0)
(0 0 0 0 0 0 0 0 0)
(0 0 0 0 0 0 0 0 0)
(0 0 0 0 0 0 0 0 0)
(0 0 0 0 0 0 0 0 0)
(0 0 0 0 0 0 0 0 0)
(0 0 0 0 0 0 0 0 0)
(0 0 0 0 0 0 0 0 0)
(0 0 0 0 0 0 0 0 0)
(0 0 0 0 0 0 0 0 0)
(0 0 0 0 0 0 0 0 0)
(0 0 0 0 0 0 0 0 0)
(0 0 0 0 0 0 0 0 0)
(0 0 0 0 0 0 0 0 0)
(0 0 0 0 0 0 0 0 0)
(0 0 0 0 0 0 0 0 0)
(0 0 0 0 0 0 0 0 0)
(0 0 0 0 0 0 0 0 0)
(0 0 0 0 0 0 0 0 0)
(0 0 0 0 0 0 0 0 0)
(0 0 0 0 0 0 0 0 0)
(0 0 0 0 0 0 0 0 0)
(0 0 0 0 0 0 0 0 0)
(0 0 0 0 0 0 0 0 0)
(0 0 0 0 0 0 0 0 0)
(0 0 0 0 0 0 0 0 0)
(0 0 0 0 0 0 0 0 0)
(0 0 0 0 0 0 0 0 0)
(0 0 0 0 0 0 0 0 0)
(0 0 0 0 0 0 0 0 0)
(0 0 0 0 0 0 0 0 0)
(0 0 0 0 0 0 0 0 0)
(0 0 0 0 0 0 0 0 0)
(0 0 0 0 0 0 0 0 0)
(0 0 0 0 0 0 0 0 0)
(0 0 0 0 0 0 0 0 0)
(0 0 0 0 0 0 0 0 0)
(0 0 0 0 0 0 0 0 0)
(0 0 0 0 0 0 0 0 0)
(0 0 0 0 0 0 0 0 0)
(0 0 0 0 0 0 0 0 0)
(0 0 0 0 0 0 0 0 0)
(0 0 0 0 0 0 0 0 0)
(0 0 0 0 0 0 0 0 0)
(0 0 0 0 0 0 0 0 0)
(0 0 0 0 0 0 0 0 0)
(0 0 0 0 0 0 0 0 0)
(0 0 0 0 0 0 0 0 0)
(0 0 0 0 0 0 0 0 0)
(0 0 0 0 0 0 0 0 0)
(0 0 0 0 0 0 0 0 0)
(0 0 0 0 0 0 0 0 0)
(0 0 0 0 0 0 0 0 0)
(0 0 0 0 0 0 0 0 0)
(0 0 0 0 0 0 0 0 0)
(0 0 0 0 0 0 0 0 0)
(0 0 0 0 0 0 0 0 0)
(0 0 0 0 0 0 0 0 0)
(0 0 0 0 0 0 0 0 0)
(0 0 0 0 0 0 0 0 0)
(0 0 0 0 0 0 0 0 0)
(0 0 0 0 0 0 0 0 0)
(0 0 0 0 0 0 0 0 0)
(0 0 0 0 0 0 0 0 0)
(0 0 0 0 0 0 0 0 0)
(0 0 0 0 0 0 0 0 0)
(0 0 0 0 0 0 0 0 0)
(0 0 0 0 0 0 0 0 0)
(0 0 0 0 0 0 0 0 0)
(0 0 0 0 0 0 0 0 0)
(0 0 0 0 0 0 0 0 0)
(0 0 0 0 0 0 0 0 0)
(0 0 0 0 0 0 0 0 0)
(0 0 0 0 0 0 0 0 0)
(0 0 0 0 0 0 0 0 0)
(0 0 0 0 0 0 0 0 0)
(0 0 0 0 0 0 0 0 0)
(0 0 0 0 0 0 0 0 0)
(0 0 0 0 0 0 0 0 0)
(0 0 0 0 0 0 0 0 0)
(0 0 0 0 0 0 0 0 0)
(0 0 0 0 0 0 0 0 0)
(0 0 0 0 0 0 0 0 0)
(0 0 0 0 0 0 0 0 0)
(0 0 0 0 0 0 0 0 0)
(0 0 0 0 0 0 0 0 0)
(0 0 0 0 0 0 0 0 0)
(0 0 0 0 0 0 0 0 0)
(0 0 0 0 0 0 0 0 0)
(0 0 0 0 0 0 0 0 0)
(0 0 0 0 0 0 0 0 0)
(0 0 0 0 0 0 0 0 0)
(0 0 0 0 0 0 0 0 0)
(0 0 0 0 0 0 0 0 0)
(0 0 0 0 0 0 0 0 0)
(0 0 0 0 0 0 0 0 0)
(0 0 0 0 0 0 0 0 0)
(0 0 0 0 0 0 0 0 0)
(0 0 0 0 0 0 0 0 0)
(0 0 0 0 0 0 0 0 0)
(0 0 0 0 0 0 0 0 0)
(0 0 0 0 0 0 0 0 0)
(0 0 0 0 0 0 0 0 0)
(0 0 0 0 0 0 0 0 0)
(0 0 0 0 0 0 0 0 0)
(0 0 0 0 0 0 0 0 0)
(0 0 0 0 0 0 0 0 0)
(0 0 0 0 0 0 0 0 0)
(0 0 0 0 0 0 0 0 0)
(0 0 0 0 0 0 0 0 0)
(0 0 0 0 0 0 0 0 0)
(0 0 0 0 0 0 0 0 0)
(0 0 0 0 0 0 0 0 0)
(0 0 0 0 0 0 0 0 0)
(0 0 0 0 0 0 0 0 0)
(0 0 0 0 0 0 0 0 0)
(0 0 0 0 0 0 0 0 0)
(0 0 0 0 0 0 0 0 0)
(0 0 0 0 0 0 0 0 0)
(0 0 0 0 0 0 0 0 0)
(0 0 0 0 0 0 0 0 0)
(0 0 0 0 0 0 0 0 0)
(0 0 0 0 0 0 0 0 0)
(0 0 0 0 0 0 0 0 0)
(0 0 0 0 0 0 0 0 0)
(0 0 0 0 0 0 0 0 0)
(0 0 0 0 0 0 0 0 0)
(0 0 0 0 0 0 0 0 0)
(0 0 0 0 0 0 0 0 0)
(0 0 0 0 0 0 0 0 0)
(0 0 0 0 0 0 0 0 0)
(0 0 0 0 0 0 0 0 0)
(0 0 0 0 0 0 0 0 0)
(0 0 0 0 0 0 0 0 0)
(0 0 0 0 0 0 0 0 0)
(0 0 0 0 0 0 0 0 0)
(0 0 0 0 0 0 0 0 0)
(0 0 0 0 0 0 0 0 0)
(0 0 0 0 0 0 0 0 0)
(0 0 0 0 0 0 0 0 0)
(0 0 0 0 0 0 0 0 0)
(0 0 0 0 0 0 0 0 0)
(0 0 0 0 0 0 0 0 0)
(0 0 0 0 0 0 0 0 0)
(0 0 0 0 0 0 0 0 0)
(0 0 0 0 0 0 0 0 0)
(0 0 0 0 0 0 0 0 0)
(0 0 0 0 0 0 0 0 0)
(0 0 0 0 0 0 0 0 0)
(0 0 0 0 0 0 0 0 0)
(0 0 0 0 0 0 0 0 0)
(0 0 0 0 0 0 0 0 0)
(0 0 0 0 0 0 0 0 0)
(0 0 0 0 0 0 0 0 0)
(0 0 0 0 0 0 0 0 0)
(0 0 0 0 0 0 0 0 0)
(0 0 0 0 0 0 0 0 0)
(0 0 0 0 0 0 0 0 0)
(0 0 0 0 0 0 0 0 0)
(0 0 0 0 0 0 0 0 0)
(0 0 0 0 0 0 0 0 0)
(0 0 0 0 0 0 0 0 0)
(0 0 0 0 0 0 0 0 0)
(0 0 0 0 0 0 0 0 0)
(0 0 0 0 0 0 0 0 0)
(0 0 0 0 0 0 0 0 0)
(0 0 0 0 0 0 0 0 0)
(0 0 0 0 0 0 0 0 0)
(0 0 0 0 0 0 0 0 0)
(0 0 0 0 0 0 0 0 0)
(0 0 0 0 0 0 0 0 0)
(0 0 0 0 0 0 0 0 0)
(0 0 0 0 0 0 0 0 0)
(0 0 0 0 0 0 0 0 0)
(0 0 0 0 0 0 0 0 0)
(0 0 0 0 0 0 0 0 0)
(0 0 0 0 0 0 0 0 0)
(0 0 0 0 0 0 0 0 0)
(0 0 0 0 0 0 0 0 0)
(0 0 0 0 0 0 0 0 0)
(0 0 0 0 0 0 0 0 0)
(0 0 0 0 0 0 0 0 0)
(0 0 0 0 0 0 0 0 0)
(0 0 0 0 0 0 0 0 0)
(0 0 0 0 0 0 0 0 0)
(0 0 0 0 0 0 0 0 0)
(0 0 0 0 0 0 0 0 0)
(0 0 0 0 0 0 0 0 0)
(0 0 0 0 0 0 0 0 0)
(0 0 0 0 0 0 0 0 0)
(0 0 0 0 0 0 0 0 0)
(0 0 0 0 0 0 0 0 0)
(0 0 0 0 0 0 0 0 0)
(0 0 0 0 0 0 0 0 0)
(0 0 0 0 0 0 0 0 0)
(0 0 0 0 0 0 0 0 0)
(0 0 0 0 0 0 0 0 0)
(0 0 0 0 0 0 0 0 0)
(0 0 0 0 0 0 0 0 0)
(0 0 0 0 0 0 0 0 0)
(0 0 0 0 0 0 0 0 0)
(0 0 0 0 0 0 0 0 0)
(0 0 0 0 0 0 0 0 0)
(0 0 0 0 0 0 0 0 0)
(0 0 0 0 0 0 0 0 0)
(0 0 0 0 0 0 0 0 0)
(0 0 0 0 0 0 0 0 0)
(0 0 0 0 0 0 0 0 0)
(0 0 0 0 0 0 0 0 0)
(0 0 0 0 0 0 0 0 0)
(0 0 0 0 0 0 0 0 0)
(0 0 0 0 0 0 0 0 0)
(0 0 0 0 0 0 0 0 0)
(0 0 0 0 0 0 0 0 0)
(0 0 0 0 0 0 0 0 0)
(0 0 0 0 0 0 0 0 0)
(0 0 0 0 0 0 0 0 0)
(0 0 0 0 0 0 0 0 0)
(0 0 0 0 0 0 0 0 0)
(0 0 0 0 0 0 0 0 0)
(0 0 0 0 0 0 0 0 0)
(0 0 0 0 0 0 0 0 0)
(0 0 0 0 0 0 0 0 0)
(0 0 0 0 0 0 0 0 0)
(0 0 0 0 0 0 0 0 0)
(0 0 0 0 0 0 0 0 0)
(0 0 0 0 0 0 0 0 0)
(0 0 0 0 0 0 0 0 0)
(0 0 0 0 0 0 0 0 0)
(0 0 0 0 0 0 0 0 0)
(0 0 0 0 0 0 0 0 0)
(0 0 0 0 0 0 0 0 0)
(0 0 0 0 0 0 0 0 0)
(0 0 0 0 0 0 0 0 0)
(0 0 0 0 0 0 0 0 0)
(0 0 0 0 0 0 0 0 0)
(0 0 0 0 0 0 0 0 0)
(0 0 0 0 0 0 0 0 0)
(0 0 0 0 0 0 0 0 0)
(0 0 0 0 0 0 0 0 0)
(0 0 0 0 0 0 0 0 0)
(0 0 0 0 0 0 0 0 0)
(0 0 0 0 0 0 0 0 0)
(0 0 0 0 0 0 0 0 0)
(0 0 0 0 0 0 0 0 0)
(0 0 0 0 0 0 0 0 0)
(0 0 0 0 0 0 0 0 0)
(0 0 0 0 0 0 0 0 0)
(0 0 0 0 0 0 0 0 0)
(0 0 0 0 0 0 0 0 0)
(0 0 0 0 0 0 0 0 0)
(0 0 0 0 0 0 0 0 0)
(0 0 0 0 0 0 0 0 0)
(0 0 0 0 0 0 0 0 0)
(0 0 0 0 0 0 0 0 0)
(0 0 0 0 0 0 0 0 0)
(0 0 0 0 0 0 0 0 0)
(0 0 0 0 0 0 0 0 0)
(0 0 0 0 0 0 0 0 0)
(0 0 0 0 0 0 0 0 0)
(0 0 0 0 0 0 0 0 0)
(0 0 0 0 0 0 0 0 0)
(0 0 0 0 0 0 0 0 0)
(0 0 0 0 0 0 0 0 0)
(0 0 0 0 0 0 0 0 0)
(0 0 0 0 0 0 0 0 0)
(0 0 0 0 0 0 0 0 0)
(0 0 0 0 0 0 0 0 0)
(0 0 0 0 0 0 0 0 0)
(0 0 0 0 0 0 0 0 0)
(0 0 0 0 0 0 0 0 0)
(0 0 0 0 0 0 0 0 0)
(0 0 0 0 0 0 0 0 0)
(0 0 0 0 0 0 0 0 0)
(0 0 0 0 0 0 0 0 0)
(0 0 0 0 0 0 0 0 0)
(0 0 0 0 0 0 0 0 0)
(0 0 0 0 0 0 0 0 0)
(0 0 0 0 0 0 0 0 0)
(0 0 0 0 0 0 0 0 0)
(0 0 0 0 0 0 0 0 0)
(0 0 0 0 0 0 0 0 0)
(0 0 0 0 0 0 0 0 0)
(0 0 0 0 0 0 0 0 0)
(0 0 0 0 0 0 0 0 0)
(0 0 0 0 0 0 0 0 0)
(0 0 0 0 0 0 0 0 0)
(0 0 0 0 0 0 0 0 0)
(0 0 0 0 0 0 0 0 0)
(0 0 0 0 0 0 0 0 0)
(0 0 0 0 0 0 0 0 0)
(0 0 0 0 0 0 0 0 0)
(0 0 0 0 0 0 0 0 0)
(0 0 0 0 0 0 0 0 0)
(0 0 0 0 0 0 0 0 0)
(0 0 0 0 0 0 0 0 0)
(0 0 0 0 0 0 0 0 0)
(0 0 0 0 0 0 0 0 0)
(0 0 0 0 0 0 0 0 0)
(0 0 0 0 0 0 0 0 0)
(0 0 0 0 0 0 0 0 0)
(0 0 0 0 0 0 0 0 0)
(0 0 0 0 0 0 0 0 0)
(0 0 0 0 0 0 0 0 0)
(0 0 0 0 0 0 0 0 0)
(0 0 0 0 0 0 0 0 0)
(0 0 0 0 0 0 0 0 0)
(0 0 0 0 0 0 0 0 0)
(0 0 0 0 0 0 0 0 0)
(0 0 0 0 0 0 0 0 0)
(0 0 0 0 0 0 0 0 0)
(0 0 0 0 0 0 0 0 0)
(0 0 0 0 0 0 0 0 0)
(0 0 0 0 0 0 0 0 0)
(0 0 0 0 0 0 0 0 0)
(0 0 0 0 0 0 0 0 0)
(0 0 0 0 0 0 0 0 0)
(0 0 0 0 0 0 0 0 0)
(0 0 0 0 0 0 0 0 0)
(0 0 0 0 0 0 0 0 0)
(0 0 0 0 0 0 0 0 0)
(0 0 0 0 0 0 0 0 0)
(0 0 0 0 0 0 0 0 0)
(0 0 0 0 0 0 0 0 0)
(0 0 0 0 0 0 0 0 0)
(0 0 0 0 0 0 0 0 0)
(0 0 0 0 0 0 0 0 0)
(0 0 0 0 0 0 0 0 0)
(0 0 0 0 0 0 0 0 0)
(0 0 0 0 0 0 0 0 0)
(0 0 0 0 0 0 0 0 0)
(0 0 0 0 0 0 0 0 0)
(0 0 0 0 0 0 0 0 0)
(0 0 0 0 0 0 0 0 0)
(0 0 0 0 0 0 0 0 0)
(0 0 0 0 0 0 0 0 0)
(0 0 0 0 0 0 0 0 0)
(0 0 0 0 0 0 0 0 0)
(0 0 0 0 0 0 0 0 0)
(0 0 0 0 0 0 0 0 0)
(0 0 0 0 0 0 0 0 0)
(0 0 0 0 0 0 0 0 0)
(0 0 0 0 0 0 0 0 0)
(0 0 0 0 0 0 0 0 0)
(0 0 0 0 0 0 0 0 0)
(0 0 0 0 0 0 0 0 0)
(0 0 0 0 0 0 0 0 0)
(0 0 0 0 0 0 0 0 0)
(0 0 0 0 0 0 0 0 0)
(0 0 0 0 0 0 0 0 0)
(0 0 0 0 0 0 0 0 0)
(0 0 0 0 0 0 0 0 0)
(0 0 0 0 0 0 0 0 0)
(0 0 0 0 0 0 0 0 0)
(0 0 0 0 0 0 0 0 0)
(0 0 0 0 0 0 0 0 0)
(0 0 0 0 0 0 0 0 0)
(0 0 0 0 0 0 0 0 0)
(0 0 0 0 0 0 0 0 0)
(0 0 0 0 0 0 0 0 0)
(0 0 0 0 0 0 0 0 0)
(0 0 0 0 0 0 0 0 0)
(0 0 0 0 0 0 0 0 0)
(0 0 0 0 0 0 0 0 0)
(0 0 0 0 0 0 0 0 0)
(0 0 0 0 0 0 0 0 0)
(0 0 0 0 0 0 0 0 0)
(0 0 0 0 0 0 0 0 0)
(0 0 0 0 0 0 0 0 0)
(0 0 0 0 0 0 0 0 0)
(0 0 0 0 0 0 0 0 0)
(0 0 0 0 0 0 0 0 0)
(0 0 0 0 0 0 0 0 0)
(0 0 0 0 0 0 0 0 0)
(0 0 0 0 0 0 0 0 0)
(0 0 0 0 0 0 0 0 0)
(0 0 0 0 0 0 0 0 0)
(0 0 0 0 0 0 0 0 0)
(0 0 0 0 0 0 0 0 0)
(0 0 0 0 0 0 0 0 0)
(0 0 0 0 0 0 0 0 0)
(0 0 0 0 0 0 0 0 0)
(0 0 0 0 0 0 0 0 0)
(0 0 0 0 0 0 0 0 0)
(0 0 0 0 0 0 0 0 0)
(0 0 0 0 0 0 0 0 0)
(0 0 0 0 0 0 0 0 0)
(0 0 0 0 0 0 0 0 0)
(0 0 0 0 0 0 0 0 0)
(0 0 0 0 0 0 0 0 0)
(0 0 0 0 0 0 0 0 0)
(0 0 0 0 0 0 0 0 0)
(0 0 0 0 0 0 0 0 0)
(0 0 0 0 0 0 0 0 0)
(0 0 0 0 0 0 0 0 0)
(0 0 0 0 0 0 0 0 0)
(0 0 0 0 0 0 0 0 0)
(0 0 0 0 0 0 0 0 0)
(0 0 0 0 0 0 0 0 0)
(0 0 0 0 0 0 0 0 0)
(0 0 0 0 0 0 0 0 0)
(0 0 0 0 0 0 0 0 0)
(0 0 0 0 0 0 0 0 0)
(0 0 0 0 0 0 0 0 0)
(0 0 0 0 0 0 0 0 0)
(0 0 0 0 0 0 0 0 0)
(0 0 0 0 0 0 0 0 0)
(0 0 0 0 0 0 0 0 0)
(0 0 0 0 0 0 0 0 0)
(0 0 0 0 0 0 0 0 0)
(0 0 0 0 0 0 0 0 0)
(0 0 0 0 0 0 0 0 0)
(0 0 0 0 0 0 0 0 0)
(0 0 0 0 0 0 0 0 0)
(0 0 0 0 0 0 0 0 0)
(0 0 0 0 0 0 0 0 0)
(0 0 0 0 0 0 0 0 0)
(0 0 0 0 0 0 0 0 0)
(0 0 0 0 0 0 0 0 0)
(0 0 0 0 0 0 0 0 0)
(0 0 0 0 0 0 0 0 0)
(0 0 0 0 0 0 0 0 0)
(0 0 0 0 0 0 0 0 0)
(0 0 0 0 0 0 0 0 0)
(0 0 0 0 0 0 0 0 0)
(0 0 0 0 0 0 0 0 0)
(0 0 0 0 0 0 0 0 0)
(0 0 0 0 0 0 0 0 0)
(0 0 0 0 0 0 0 0 0)
(0 0 0 0 0 0 0 0 0)
(0 0 0 0 0 0 0 0 0)
(0 0 0 0 0 0 0 0 0)
(0 0 0 0 0 0 0 0 0)
(0 0 0 0 0 0 0 0 0)
(0 0 0 0 0 0 0 0 0)
(0 0 0 0 0 0 0 0 0)
(0 0 0 0 0 0 0 0 0)
(0 0 0 0 0 0 0 0 0)
(0 0 0 0 0 0 0 0 0)
(0 0 0 0 0 0 0 0 0)
(0 0 0 0 0 0 0 0 0)
(0 0 0 0 0 0 0 0 0)
(0 0 0 0 0 0 0 0 0)
(0 0 0 0 0 0 0 0 0)
(0 0 0 0 0 0 0 0 0)
(0 0 0 0 0 0 0 0 0)
(0 0 0 0 0 0 0 0 0)
(0 0 0 0 0 0 0 0 0)
(0 0 0 0 0 0 0 0 0)
(0 0 0 0 0 0 0 0 0)
(0 0 0 0 0 0 0 0 0)
(0 0 0 0 0 0 0 0 0)
(0 0 0 0 0 0 0 0 0)
(0 0 0 0 0 0 0 0 0)
(0 0 0 0 0 0 0 0 0)
(0 0 0 0 0 0 0 0 0)
(0 0 0 0 0 0 0 0 0)
(0 0 0 0 0 0 0 0 0)
(0 0 0 0 0 0 0 0 0)
(0 0 0 0 0 0 0 0 0)
(0 0 0 0 0 0 0 0 0)
(0 0 0 0 0 0 0 0 0)
(0 0 0 0 0 0 0 0 0)
(0 0 0 0 0 0 0 0 0)
(0 0 0 0 0 0 0 0 0)
(0 0 0 0 0 0 0 0 0)
(0 0 0 0 0 0 0 0 0)
(0 0 0 0 0 0 0 0 0)
(0 0 0 0 0 0 0 0 0)
(0 0 0 0 0 0 0 0 0)
(0 0 0 0 0 0 0 0 0)
(0 0 0 0 0 0 0 0 0)
(0 0 0 0 0 0 0 0 0)
(0 0 0 0 0 0 0 0 0)
(0 0 0 0 0 0 0 0 0)
(0 0 0 0 0 0 0 0 0)
(0 0 0 0 0 0 0 0 0)
(0 0 0 0 0 0 0 0 0)
(0 0 0 0 0 0 0 0 0)
(0 0 0 0 0 0 0 0 0)
(0 0 0 0 0 0 0 0 0)
(0 0 0 0 0 0 0 0 0)
(0 0 0 0 0 0 0 0 0)
(0 0 0 0 0 0 0 0 0)
(0 0 0 0 0 0 0 0 0)
(0 0 0 0 0 0 0 0 0)
(0 0 0 0 0 0 0 0 0)
(0 0 0 0 0 0 0 0 0)
(0 0 0 0 0 0 0 0 0)
(0 0 0 0 0 0 0 0 0)
(0 0 0 0 0 0 0 0 0)
(0 0 0 0 0 0 0 0 0)
(0 0 0 0 0 0 0 0 0)
(0 0 0 0 0 0 0 0 0)
(0 0 0 0 0 0 0 0 0)
(0 0 0 0 0 0 0 0 0)
(0 0 0 0 0 0 0 0 0)
(0 0 0 0 0 0 0 0 0)
(0 0 0 0 0 0 0 0 0)
(0 0 0 0 0 0 0 0 0)
(0 0 0 0 0 0 0 0 0)
(0 0 0 0 0 0 0 0 0)
(0 0 0 0 0 0 0 0 0)
(0 0 0 0 0 0 0 0 0)
(0 0 0 0 0 0 0 0 0)
(0 0 0 0 0 0 0 0 0)
(0 0 0 0 0 0 0 0 0)
(0 0 0 0 0 0 0 0 0)
(0 0 0 0 0 0 0 0 0)
(0 0 0 0 0 0 0 0 0)
(0 0 0 0 0 0 0 0 0)
(0 0 0 0 0 0 0 0 0)
(0 0 0 0 0 0 0 0 0)
(0 0 0 0 0 0 0 0 0)
(0 0 0 0 0 0 0 0 0)
(0 0 0 0 0 0 0 0 0)
(0 0 0 0 0 0 0 0 0)
(0 0 0 0 0 0 0 0 0)
(0 0 0 0 0 0 0 0 0)
(0 0 0 0 0 0 0 0 0)
(0 0 0 0 0 0 0 0 0)
(0 0 0 0 0 0 0 0 0)
(0 0 0 0 0 0 0 0 0)
(0 0 0 0 0 0 0 0 0)
(0 0 0 0 0 0 0 0 0)
(0 0 0 0 0 0 0 0 0)
(0 0 0 0 0 0 0 0 0)
(0 0 0 0 0 0 0 0 0)
(0 0 0 0 0 0 0 0 0)
(0 0 0 0 0 0 0 0 0)
(0 0 0 0 0 0 0 0 0)
(0 0 0 0 0 0 0 0 0)
(0 0 0 0 0 0 0 0 0)
(0 0 0 0 0 0 0 0 0)
(0 0 0 0 0 0 0 0 0)
(0 0 0 0 0 0 0 0 0)
(0 0 0 0 0 0 0 0 0)
(0 0 0 0 0 0 0 0 0)
(0 0 0 0 0 0 0 0 0)
(0 0 0 0 0 0 0 0 0)
(0 0 0 0 0 0 0 0 0)
(0 0 0 0 0 0 0 0 0)
(0 0 0 0 0 0 0 0 0)
(0 0 0 0 0 0 0 0 0)
(0 0 0 0 0 0 0 0 0)
(0 0 0 0 0 0 0 0 0)
(0 0 0 0 0 0 0 0 0)
(0 0 0 0 0 0 0 0 0)
(0 0 0 0 0 0 0 0 0)
(0 0 0 0 0 0 0 0 0)
(0 0 0 0 0 0 0 0 0)
(0 0 0 0 0 0 0 0 0)
(0 0 0 0 0 0 0 0 0)
(0 0 0 0 0 0 0 0 0)
(0 0 0 0 0 0 0 0 0)
(0 0 0 0 0 0 0 0 0)
(0 0 0 0 0 0 0 0 0)
(0 0 0 0 0 0 0 0 0)
(0 0 0 0 0 0 0 0 0)
(0 0 0 0 0 0 0 0 0)
(0 0 0 0 0 0 0 0 0)
(0 0 0 0 0 0 0 0 0)
(0 0 0 0 0 0 0 0 0)
(0 0 0 0 0 0 0 0 0)
(0 0 0 0 0 0 0 0 0)
(0 0 0 0 0 0 0 0 0)
(0 0 0 0 0 0 0 0 0)
(0 0 0 0 0 0 0 0 0)
(0 0 0 0 0 0 0 0 0)
(0 0 0 0 0 0 0 0 0)
(0 0 0 0 0 0 0 0 0)
(0 0 0 0 0 0 0 0 0)
(0 0 0 0 0 0 0 0 0)
(0 0 0 0 0 0 0 0 0)
(0 0 0 0 0 0 0 0 0)
(0 0 0 0 0 0 0 0 0)
(0 0 0 0 0 0 0 0 0)
(0 0 0 0 0 0 0 0 0)
(0 0 0 0 0 0 0 0 0)
(0 0 0 0 0 0 0 0 0)
(0 0 0 0 0 0 0 0 0)
(0 0 0 0 0 0 0 0 0)
(0 0 0 0 0 0 0 0 0)
(0 0 0 0 0 0 0 0 0)
(0 0 0 0 0 0 0 0 0)
(0 0 0 0 0 0 0 0 0)
(0 0 0 0 0 0 0 0 0)
(0 0 0 0 0 0 0 0 0)
(0 0 0 0 0 0 0 0 0)
(0 0 0 0 0 0 0 0 0)
(0 0 0 0 0 0 0 0 0)
(0 0 0 0 0 0 0 0 0)
(0 0 0 0 0 0 0 0 0)
(0 0 0 0 0 0 0 0 0)
(0 0 0 0 0 0 0 0 0)
(0 0 0 0 0 0 0 0 0)
(0 0 0 0 0 0 0 0 0)
(0 0 0 0 0 0 0 0 0)
(0 0 0 0 0 0 0 0 0)
(0 0 0 0 0 0 0 0 0)
(0 0 0 0 0 0 0 0 0)
(0 0 0 0 0 0 0 0 0)
(0 0 0 0 0 0 0 0 0)
(0 0 0 0 0 0 0 0 0)
(0 0 0 0 0 0 0 0 0)
(0 0 0 0 0 0 0 0 0)
(0 0 0 0 0 0 0 0 0)
(0 0 0 0 0 0 0 0 0)
(0 0 0 0 0 0 0 0 0)
(0 0 0 0 0 0 0 0 0)
(0 0 0 0 0 0 0 0 0)
(0 0 0 0 0 0 0 0 0)
(0 0 0 0 0 0 0 0 0)
(0 0 0 0 0 0 0 0 0)
(0 0 0 0 0 0 0 0 0)
(0 0 0 0 0 0 0 0 0)
(0 0 0 0 0 0 0 0 0)
(0 0 0 0 0 0 0 0 0)
(0 0 0 0 0 0 0 0 0)
(0 0 0 0 0 0 0 0 0)
(0 0 0 0 0 0 0 0 0)
(0 0 0 0 0 0 0 0 0)
(0 0 0 0 0 0 0 0 0)
(0 0 0 0 0 0 0 0 0)
(0 0 0 0 0 0 0 0 0)
(0 0 0 0 0 0 0 0 0)
(0 0 0 0 0 0 0 0 0)
(0 0 0 0 0 0 0 0 0)
(0 0 0 0 0 0 0 0 0)
(0 0 0 0 0 0 0 0 0)
(0 0 0 0 0 0 0 0 0)
(0 0 0 0 0 0 0 0 0)
(0 0 0 0 0 0 0 0 0)
(0 0 0 0 0 0 0 0 0)
(0 0 0 0 0 0 0 0 0)
(0 0 0 0 0 0 0 0 0)
(0 0 0 0 0 0 0 0 0)
(0 0 0 0 0 0 0 0 0)
(0 0 0 0 0 0 0 0 0)
(0 0 0 0 0 0 0 0 0)
(0 0 0 0 0 0 0 0 0)
(0 0 0 0 0 0 0 0 0)
(0 0 0 0 0 0 0 0 0)
(0 0 0 0 0 0 0 0 0)
(0 0 0 0 0 0 0 0 0)
(0 0 0 0 0 0 0 0 0)
(0 0 0 0 0 0 0 0 0)
(0 0 0 0 0 0 0 0 0)
(0 0 0 0 0 0 0 0 0)
(0 0 0 0 0 0 0 0 0)
(0 0 0 0 0 0 0 0 0)
(0 0 0 0 0 0 0 0 0)
(0 0 0 0 0 0 0 0 0)
(0 0 0 0 0 0 0 0 0)
(0 0 0 0 0 0 0 0 0)
(0 0 0 0 0 0 0 0 0)
(0 0 0 0 0 0 0 0 0)
(0 0 0 0 0 0 0 0 0)
(0 0 0 0 0 0 0 0 0)
(0 0 0 0 0 0 0 0 0)
(0 0 0 0 0 0 0 0 0)
(0 0 0 0 0 0 0 0 0)
(0 0 0 0 0 0 0 0 0)
(0 0 0 0 0 0 0 0 0)
(0 0 0 0 0 0 0 0 0)
(0 0 0 0 0 0 0 0 0)
(0 0 0 0 0 0 0 0 0)
(0 0 0 0 0 0 0 0 0)
(0 0 0 0 0 0 0 0 0)
(0 0 0 0 0 0 0 0 0)
(0 0 0 0 0 0 0 0 0)
(0 0 0 0 0 0 0 0 0)
(0 0 0 0 0 0 0 0 0)
(0 0 0 0 0 0 0 0 0)
(0 0 0 0 0 0 0 0 0)
(0 0 0 0 0 0 0 0 0)
(0 0 0 0 0 0 0 0 0)
(0 0 0 0 0 0 0 0 0)
(0 0 0 0 0 0 0 0 0)
(0 0 0 0 0 0 0 0 0)
(0 0 0 0 0 0 0 0 0)
(0 0 0 0 0 0 0 0 0)
(0 0 0 0 0 0 0 0 0)
(0 0 0 0 0 0 0 0 0)
(0 0 0 0 0 0 0 0 0)
(0 0 0 0 0 0 0 0 0)
(0 0 0 0 0 0 0 0 0)
(0 0 0 0 0 0 0 0 0)
(0 0 0 0 0 0 0 0 0)
(0 0 0 0 0 0 0 0 0)
(0 0 0 0 0 0 0 0 0)
(0 0 0 0 0 0 0 0 0)
(0 0 0 0 0 0 0 0 0)
(0 0 0 0 0 0 0 0 0)
(0 0 0 0 0 0 0 0 0)
(0 0 0 0 0 0 0 0 0)
(0 0 0 0 0 0 0 0 0)
(0 0 0 0 0 0 0 0 0)
(0 0 0 0 0 0 0 0 0)
(0 0 0 0 0 0 0 0 0)
(0 0 0 0 0 0 0 0 0)
(0 0 0 0 0 0 0 0 0)
(0 0 0 0 0 0 0 0 0)
(0 0 0 0 0 0 0 0 0)
(0 0 0 0 0 0 0 0 0)
(0 0 0 0 0 0 0 0 0)
(0 0 0 0 0 0 0 0 0)
(0 0 0 0 0 0 0 0 0)
(0 0 0 0 0 0 0 0 0)
(0 0 0 0 0 0 0 0 0)
(0 0 0 0 0 0 0 0 0)
(0 0 0 0 0 0 0 0 0)
(0 0 0 0 0 0 0 0 0)
(0 0 0 0 0 0 0 0 0)
(0 0 0 0 0 0 0 0 0)
(0 0 0 0 0 0 0 0 0)
(0 0 0 0 0 0 0 0 0)
(0 0 0 0 0 0 0 0 0)
(0 0 0 0 0 0 0 0 0)
(0 0 0 0 0 0 0 0 0)
(0 0 0 0 0 0 0 0 0)
(0 0 0 0 0 0 0 0 0)
(0 0 0 0 0 0 0 0 0)
(0 0 0 0 0 0 0 0 0)
(0 0 0 0 0 0 0 0 0)
(0 0 0 0 0 0 0 0 0)
(0 0 0 0 0 0 0 0 0)
(0 0 0 0 0 0 0 0 0)
(0 0 0 0 0 0 0 0 0)
(0 0 0 0 0 0 0 0 0)
(0 0 0 0 0 0 0 0 0)
(0 0 0 0 0 0 0 0 0)
(0 0 0 0 0 0 0 0 0)
(0 0 0 0 0 0 0 0 0)
(0 0 0 0 0 0 0 0 0)
(0 0 0 0 0 0 0 0 0)
(0 0 0 0 0 0 0 0 0)
(0 0 0 0 0 0 0 0 0)
(0 0 0 0 0 0 0 0 0)
(0 0 0 0 0 0 0 0 0)
(0 0 0 0 0 0 0 0 0)
(0 0 0 0 0 0 0 0 0)
(0 0 0 0 0 0 0 0 0)
(0 0 0 0 0 0 0 0 0)
(0 0 0 0 0 0 0 0 0)
(0 0 0 0 0 0 0 0 0)
(0 0 0 0 0 0 0 0 0)
(0 0 0 0 0 0 0 0 0)
(0 0 0 0 0 0 0 0 0)
(0 0 0 0 0 0 0 0 0)
(0 0 0 0 0 0 0 0 0)
(0 0 0 0 0 0 0 0 0)
(0 0 0 0 0 0 0 0 0)
(0 0 0 0 0 0 0 0 0)
(0 0 0 0 0 0 0 0 0)
(0 0 0 0 0 0 0 0 0)
(0 0 0 0 0 0 0 0 0)
(0 0 0 0 0 0 0 0 0)
(0 0 0 0 0 0 0 0 0)
(0 0 0 0 0 0 0 0 0)
(0 0 0 0 0 0 0 0 0)
(0 0 0 0 0 0 0 0 0)
(0 0 0 0 0 0 0 0 0)
(0 0 0 0 0 0 0 0 0)
(0 0 0 0 0 0 0 0 0)
(0 0 0 0 0 0 0 0 0)
(0 0 0 0 0 0 0 0 0)
(0 0 0 0 0 0 0 0 0)
(0 0 0 0 0 0 0 0 0)
(0 0 0 0 0 0 0 0 0)
(0 0 0 0 0 0 0 0 0)
(0 0 0 0 0 0 0 0 0)
(0 0 0 0 0 0 0 0 0)
(0 0 0 0 0 0 0 0 0)
(0 0 0 0 0 0 0 0 0)
(0 0 0 0 0 0 0 0 0)
(0 0 0 0 0 0 0 0 0)
(0 0 0 0 0 0 0 0 0)
(0 0 0 0 0 0 0 0 0)
(0 0 0 0 0 0 0 0 0)
(0 0 0 0 0 0 0 0 0)
(0 0 0 0 0 0 0 0 0)
(0 0 0 0 0 0 0 0 0)
(0 0 0 0 0 0 0 0 0)
(0 0 0 0 0 0 0 0 0)
(0 0 0 0 0 0 0 0 0)
(0 0 0 0 0 0 0 0 0)
(0 0 0 0 0 0 0 0 0)
(0 0 0 0 0 0 0 0 0)
(0 0 0 0 0 0 0 0 0)
(0 0 0 0 0 0 0 0 0)
(0 0 0 0 0 0 0 0 0)
(0 0 0 0 0 0 0 0 0)
(0 0 0 0 0 0 0 0 0)
(0 0 0 0 0 0 0 0 0)
(0 0 0 0 0 0 0 0 0)
(0 0 0 0 0 0 0 0 0)
(0 0 0 0 0 0 0 0 0)
(0 0 0 0 0 0 0 0 0)
(0 0 0 0 0 0 0 0 0)
(0 0 0 0 0 0 0 0 0)
(0 0 0 0 0 0 0 0 0)
(0 0 0 0 0 0 0 0 0)
(0 0 0 0 0 0 0 0 0)
(0 0 0 0 0 0 0 0 0)
(0 0 0 0 0 0 0 0 0)
(0 0 0 0 0 0 0 0 0)
(0 0 0 0 0 0 0 0 0)
(0 0 0 0 0 0 0 0 0)
(0 0 0 0 0 0 0 0 0)
(0 0 0 0 0 0 0 0 0)
(0 0 0 0 0 0 0 0 0)
(0 0 0 0 0 0 0 0 0)
(0 0 0 0 0 0 0 0 0)
(0 0 0 0 0 0 0 0 0)
(0 0 0 0 0 0 0 0 0)
(0 0 0 0 0 0 0 0 0)
(0 0 0 0 0 0 0 0 0)
(0 0 0 0 0 0 0 0 0)
(0 0 0 0 0 0 0 0 0)
(0 0 0 0 0 0 0 0 0)
(0 0 0 0 0 0 0 0 0)
(0 0 0 0 0 0 0 0 0)
(0 0 0 0 0 0 0 0 0)
(0 0 0 0 0 0 0 0 0)
(0 0 0 0 0 0 0 0 0)
(0 0 0 0 0 0 0 0 0)
(0 0 0 0 0 0 0 0 0)
(0 0 0 0 0 0 0 0 0)
(0 0 0 0 0 0 0 0 0)
(0 0 0 0 0 0 0 0 0)
(0 0 0 0 0 0 0 0 0)
(0 0 0 0 0 0 0 0 0)
(0 0 0 0 0 0 0 0 0)
(0 0 0 0 0 0 0 0 0)
(0 0 0 0 0 0 0 0 0)
(0 0 0 0 0 0 0 0 0)
(0 0 0 0 0 0 0 0 0)
(0 0 0 0 0 0 0 0 0)
(0 0 0 0 0 0 0 0 0)
(0 0 0 0 0 0 0 0 0)
(0 0 0 0 0 0 0 0 0)
(0 0 0 0 0 0 0 0 0)
(0 0 0 0 0 0 0 0 0)
(0 0 0 0 0 0 0 0 0)
(0 0 0 0 0 0 0 0 0)
(0 0 0 0 0 0 0 0 0)
(0 0 0 0 0 0 0 0 0)
(0 0 0 0 0 0 0 0 0)
(0 0 0 0 0 0 0 0 0)
(0 0 0 0 0 0 0 0 0)
(0 0 0 0 0 0 0 0 0)
(0 0 0 0 0 0 0 0 0)
(0 0 0 0 0 0 0 0 0)
(0 0 0 0 0 0 0 0 0)
(0 0 0 0 0 0 0 0 0)
(0 0 0 0 0 0 0 0 0)
(0 0 0 0 0 0 0 0 0)
(0 0 0 0 0 0 0 0 0)
(0 0 0 0 0 0 0 0 0)
(0 0 0 0 0 0 0 0 0)
(0 0 0 0 0 0 0 0 0)
(0 0 0 0 0 0 0 0 0)
(0 0 0 0 0 0 0 0 0)
(0 0 0 0 0 0 0 0 0)
(0 0 0 0 0 0 0 0 0)
(0 0 0 0 0 0 0 0 0)
(0 0 0 0 0 0 0 0 0)
(0 0 0 0 0 0 0 0 0)
(0 0 0 0 0 0 0 0 0)
(0 0 0 0 0 0 0 0 0)
(0 0 0 0 0 0 0 0 0)
(0 0 0 0 0 0 0 0 0)
(0 0 0 0 0 0 0 0 0)
(0 0 0 0 0 0 0 0 0)
(0 0 0 0 0 0 0 0 0)
(0 0 0 0 0 0 0 0 0)
(0 0 0 0 0 0 0 0 0)
(0 0 0 0 0 0 0 0 0)
(0 0 0 0 0 0 0 0 0)
(0 0 0 0 0 0 0 0 0)
(0 0 0 0 0 0 0 0 0)
(0 0 0 0 0 0 0 0 0)
(0 0 0 0 0 0 0 0 0)
(0 0 0 0 0 0 0 0 0)
(0 0 0 0 0 0 0 0 0)
(0 0 0 0 0 0 0 0 0)
(0 0 0 0 0 0 0 0 0)
(0 0 0 0 0 0 0 0 0)
(0 0 0 0 0 0 0 0 0)
(0 0 0 0 0 0 0 0 0)
(0 0 0 0 0 0 0 0 0)
(0 0 0 0 0 0 0 0 0)
(0 0 0 0 0 0 0 0 0)
(0 0 0 0 0 0 0 0 0)
(0 0 0 0 0 0 0 0 0)
(0 0 0 0 0 0 0 0 0)
(0 0 0 0 0 0 0 0 0)
(0 0 0 0 0 0 0 0 0)
(0 0 0 0 0 0 0 0 0)
(0 0 0 0 0 0 0 0 0)
(0 0 0 0 0 0 0 0 0)
(0 0 0 0 0 0 0 0 0)
(0 0 0 0 0 0 0 0 0)
(0 0 0 0 0 0 0 0 0)
(0 0 0 0 0 0 0 0 0)
(0 0 0 0 0 0 0 0 0)
(0 0 0 0 0 0 0 0 0)
(0 0 0 0 0 0 0 0 0)
(0 0 0 0 0 0 0 0 0)
(0 0 0 0 0 0 0 0 0)
(0 0 0 0 0 0 0 0 0)
(0 0 0 0 0 0 0 0 0)
(0 0 0 0 0 0 0 0 0)
(0 0 0 0 0 0 0 0 0)
(0 0 0 0 0 0 0 0 0)
(0 0 0 0 0 0 0 0 0)
(0 0 0 0 0 0 0 0 0)
(0 0 0 0 0 0 0 0 0)
(0 0 0 0 0 0 0 0 0)
(0 0 0 0 0 0 0 0 0)
(0 0 0 0 0 0 0 0 0)
(0 0 0 0 0 0 0 0 0)
(0 0 0 0 0 0 0 0 0)
(0 0 0 0 0 0 0 0 0)
(0 0 0 0 0 0 0 0 0)
(0 0 0 0 0 0 0 0 0)
(0 0 0 0 0 0 0 0 0)
(0 0 0 0 0 0 0 0 0)
(0 0 0 0 0 0 0 0 0)
(0 0 0 0 0 0 0 0 0)
(0 0 0 0 0 0 0 0 0)
(0 0 0 0 0 0 0 0 0)
(0 0 0 0 0 0 0 0 0)
(0 0 0 0 0 0 0 0 0)
(0 0 0 0 0 0 0 0 0)
(0 0 0 0 0 0 0 0 0)
(0 0 0 0 0 0 0 0 0)
(0 0 0 0 0 0 0 0 0)
(0 0 0 0 0 0 0 0 0)
(0 0 0 0 0 0 0 0 0)
(0 0 0 0 0 0 0 0 0)
(0 0 0 0 0 0 0 0 0)
(0 0 0 0 0 0 0 0 0)
(0 0 0 0 0 0 0 0 0)
(0 0 0 0 0 0 0 0 0)
(0 0 0 0 0 0 0 0 0)
(0 0 0 0 0 0 0 0 0)
(0 0 0 0 0 0 0 0 0)
(0 0 0 0 0 0 0 0 0)
(0 0 0 0 0 0 0 0 0)
(0 0 0 0 0 0 0 0 0)
(0 0 0 0 0 0 0 0 0)
(0 0 0 0 0 0 0 0 0)
(0 0 0 0 0 0 0 0 0)
(0 0 0 0 0 0 0 0 0)
(0 0 0 0 0 0 0 0 0)
(0 0 0 0 0 0 0 0 0)
(0 0 0 0 0 0 0 0 0)
(0 0 0 0 0 0 0 0 0)
(0 0 0 0 0 0 0 0 0)
(0 0 0 0 0 0 0 0 0)
(0 0 0 0 0 0 0 0 0)
(0 0 0 0 0 0 0 0 0)
(0 0 0 0 0 0 0 0 0)
(0 0 0 0 0 0 0 0 0)
(0 0 0 0 0 0 0 0 0)
(0 0 0 0 0 0 0 0 0)
(0 0 0 0 0 0 0 0 0)
(0 0 0 0 0 0 0 0 0)
(0 0 0 0 0 0 0 0 0)
(0 0 0 0 0 0 0 0 0)
(0 0 0 0 0 0 0 0 0)
(0 0 0 0 0 0 0 0 0)
(0 0 0 0 0 0 0 0 0)
(0 0 0 0 0 0 0 0 0)
(0 0 0 0 0 0 0 0 0)
(0 0 0 0 0 0 0 0 0)
(0 0 0 0 0 0 0 0 0)
(0 0 0 0 0 0 0 0 0)
(0 0 0 0 0 0 0 0 0)
(0 0 0 0 0 0 0 0 0)
(0 0 0 0 0 0 0 0 0)
(0 0 0 0 0 0 0 0 0)
(0 0 0 0 0 0 0 0 0)
(0 0 0 0 0 0 0 0 0)
(0 0 0 0 0 0 0 0 0)
(0 0 0 0 0 0 0 0 0)
(0 0 0 0 0 0 0 0 0)
(0 0 0 0 0 0 0 0 0)
(0 0 0 0 0 0 0 0 0)
(0 0 0 0 0 0 0 0 0)
(0 0 0 0 0 0 0 0 0)
(0 0 0 0 0 0 0 0 0)
(0 0 0 0 0 0 0 0 0)
(0 0 0 0 0 0 0 0 0)
(0 0 0 0 0 0 0 0 0)
(0 0 0 0 0 0 0 0 0)
(0 0 0 0 0 0 0 0 0)
(0 0 0 0 0 0 0 0 0)
(0 0 0 0 0 0 0 0 0)
(0 0 0 0 0 0 0 0 0)
(0 0 0 0 0 0 0 0 0)
(0 0 0 0 0 0 0 0 0)
(0 0 0 0 0 0 0 0 0)
(0 0 0 0 0 0 0 0 0)
(0 0 0 0 0 0 0 0 0)
(0 0 0 0 0 0 0 0 0)
(0 0 0 0 0 0 0 0 0)
(0 0 0 0 0 0 0 0 0)
(0 0 0 0 0 0 0 0 0)
(0 0 0 0 0 0 0 0 0)
(0 0 0 0 0 0 0 0 0)
(0 0 0 0 0 0 0 0 0)
(0 0 0 0 0 0 0 0 0)
(0 0 0 0 0 0 0 0 0)
(0 0 0 0 0 0 0 0 0)
(0 0 0 0 0 0 0 0 0)
(0 0 0 0 0 0 0 0 0)
(0 0 0 0 0 0 0 0 0)
(0 0 0 0 0 0 0 0 0)
(0 0 0 0 0 0 0 0 0)
(0 0 0 0 0 0 0 0 0)
(0 0 0 0 0 0 0 0 0)
(0 0 0 0 0 0 0 0 0)
(0 0 0 0 0 0 0 0 0)
(0 0 0 0 0 0 0 0 0)
(0 0 0 0 0 0 0 0 0)
(0 0 0 0 0 0 0 0 0)
(0 0 0 0 0 0 0 0 0)
(0 0 0 0 0 0 0 0 0)
(0 0 0 0 0 0 0 0 0)
(0 0 0 0 0 0 0 0 0)
(0 0 0 0 0 0 0 0 0)
(0 0 0 0 0 0 0 0 0)
(0 0 0 0 0 0 0 0 0)
(0 0 0 0 0 0 0 0 0)
(0 0 0 0 0 0 0 0 0)
(0 0 0 0 0 0 0 0 0)
(0 0 0 0 0 0 0 0 0)
(0 0 0 0 0 0 0 0 0)
(0 0 0 0 0 0 0 0 0)
(0 0 0 0 0 0 0 0 0)
(0 0 0 0 0 0 0 0 0)
(0 0 0 0 0 0 0 0 0)
(0 0 0 0 0 0 0 0 0)
(0 0 0 0 0 0 0 0 0)
(0 0 0 0 0 0 0 0 0)
(0 0 0 0 0 0 0 0 0)
(0 0 0 0 0 0 0 0 0)
(0 0 0 0 0 0 0 0 0)
(0 0 0 0 0 0 0 0 0)
(0 0 0 0 0 0 0 0 0)
(0 0 0 0 0 0 0 0 0)
(0 0 0 0 0 0 0 0 0)
(0 0 0 0 0 0 0 0 0)
(0 0 0 0 0 0 0 0 0)
(0 0 0 0 0 0 0 0 0)
(0 0 0 0 0 0 0 0 0)
(0 0 0 0 0 0 0 0 0)
(0 0 0 0 0 0 0 0 0)
(0 0 0 0 0 0 0 0 0)
(0 0 0 0 0 0 0 0 0)
(0 0 0 0 0 0 0 0 0)
(0 0 0 0 0 0 0 0 0)
(0 0 0 0 0 0 0 0 0)
(0 0 0 0 0 0 0 0 0)
(0 0 0 0 0 0 0 0 0)
(0 0 0 0 0 0 0 0 0)
(0 0 0 0 0 0 0 0 0)
(0 0 0 0 0 0 0 0 0)
(0 0 0 0 0 0 0 0 0)
(0 0 0 0 0 0 0 0 0)
(0 0 0 0 0 0 0 0 0)
(0 0 0 0 0 0 0 0 0)
(0 0 0 0 0 0 0 0 0)
(0 0 0 0 0 0 0 0 0)
(0 0 0 0 0 0 0 0 0)
(0 0 0 0 0 0 0 0 0)
(0 0 0 0 0 0 0 0 0)
(0 0 0 0 0 0 0 0 0)
(0 0 0 0 0 0 0 0 0)
(0 0 0 0 0 0 0 0 0)
(0 0 0 0 0 0 0 0 0)
(0 0 0 0 0 0 0 0 0)
(0 0 0 0 0 0 0 0 0)
(0 0 0 0 0 0 0 0 0)
(0 0 0 0 0 0 0 0 0)
(0 0 0 0 0 0 0 0 0)
(0 0 0 0 0 0 0 0 0)
(0 0 0 0 0 0 0 0 0)
(0 0 0 0 0 0 0 0 0)
(0 0 0 0 0 0 0 0 0)
(0 0 0 0 0 0 0 0 0)
(0 0 0 0 0 0 0 0 0)
(0 0 0 0 0 0 0 0 0)
(0 0 0 0 0 0 0 0 0)
(0 0 0 0 0 0 0 0 0)
(0 0 0 0 0 0 0 0 0)
(0 0 0 0 0 0 0 0 0)
(0 0 0 0 0 0 0 0 0)
(0 0 0 0 0 0 0 0 0)
(0 0 0 0 0 0 0 0 0)
(0 0 0 0 0 0 0 0 0)
(0 0 0 0 0 0 0 0 0)
(0 0 0 0 0 0 0 0 0)
(0 0 0 0 0 0 0 0 0)
(0 0 0 0 0 0 0 0 0)
(0 0 0 0 0 0 0 0 0)
(0 0 0 0 0 0 0 0 0)
(0 0 0 0 0 0 0 0 0)
(0 0 0 0 0 0 0 0 0)
(0 0 0 0 0 0 0 0 0)
(0 0 0 0 0 0 0 0 0)
(0 0 0 0 0 0 0 0 0)
(0 0 0 0 0 0 0 0 0)
(0 0 0 0 0 0 0 0 0)
(0 0 0 0 0 0 0 0 0)
(0 0 0 0 0 0 0 0 0)
(0 0 0 0 0 0 0 0 0)
(0 0 0 0 0 0 0 0 0)
(0 0 0 0 0 0 0 0 0)
(0 0 0 0 0 0 0 0 0)
(0 0 0 0 0 0 0 0 0)
(0 0 0 0 0 0 0 0 0)
(0 0 0 0 0 0 0 0 0)
(0 0 0 0 0 0 0 0 0)
(0 0 0 0 0 0 0 0 0)
(0 0 0 0 0 0 0 0 0)
(0 0 0 0 0 0 0 0 0)
(0 0 0 0 0 0 0 0 0)
(0 0 0 0 0 0 0 0 0)
(0 0 0 0 0 0 0 0 0)
(0 0 0 0 0 0 0 0 0)
(0 0 0 0 0 0 0 0 0)
(0 0 0 0 0 0 0 0 0)
(0 0 0 0 0 0 0 0 0)
(0 0 0 0 0 0 0 0 0)
(0 0 0 0 0 0 0 0 0)
(0 0 0 0 0 0 0 0 0)
(0 0 0 0 0 0 0 0 0)
(0 0 0 0 0 0 0 0 0)
(0 0 0 0 0 0 0 0 0)
(0 0 0 0 0 0 0 0 0)
(0 0 0 0 0 0 0 0 0)
(0 0 0 0 0 0 0 0 0)
(0 0 0 0 0 0 0 0 0)
(0 0 0 0 0 0 0 0 0)
(0 0 0 0 0 0 0 0 0)
(0 0 0 0 0 0 0 0 0)
(0 0 0 0 0 0 0 0 0)
(0 0 0 0 0 0 0 0 0)
(0 0 0 0 0 0 0 0 0)
(0 0 0 0 0 0 0 0 0)
(0 0 0 0 0 0 0 0 0)
(0 0 0 0 0 0 0 0 0)
(0 0 0 0 0 0 0 0 0)
(0 0 0 0 0 0 0 0 0)
(0 0 0 0 0 0 0 0 0)
(0 0 0 0 0 0 0 0 0)
(0 0 0 0 0 0 0 0 0)
(0 0 0 0 0 0 0 0 0)
(0 0 0 0 0 0 0 0 0)
(0 0 0 0 0 0 0 0 0)
(0 0 0 0 0 0 0 0 0)
(0 0 0 0 0 0 0 0 0)
(0 0 0 0 0 0 0 0 0)
(0 0 0 0 0 0 0 0 0)
(0 0 0 0 0 0 0 0 0)
(0 0 0 0 0 0 0 0 0)
(0 0 0 0 0 0 0 0 0)
(0 0 0 0 0 0 0 0 0)
(0 0 0 0 0 0 0 0 0)
(0 0 0 0 0 0 0 0 0)
(0 0 0 0 0 0 0 0 0)
(0 0 0 0 0 0 0 0 0)
(0 0 0 0 0 0 0 0 0)
(0 0 0 0 0 0 0 0 0)
(0 0 0 0 0 0 0 0 0)
(0 0 0 0 0 0 0 0 0)
(0 0 0 0 0 0 0 0 0)
(0 0 0 0 0 0 0 0 0)
(0 0 0 0 0 0 0 0 0)
(0 0 0 0 0 0 0 0 0)
(0 0 0 0 0 0 0 0 0)
(0 0 0 0 0 0 0 0 0)
(0 0 0 0 0 0 0 0 0)
(0 0 0 0 0 0 0 0 0)
(0 0 0 0 0 0 0 0 0)
(0 0 0 0 0 0 0 0 0)
(0 0 0 0 0 0 0 0 0)
(0 0 0 0 0 0 0 0 0)
(0 0 0 0 0 0 0 0 0)
(0 0 0 0 0 0 0 0 0)
(0 0 0 0 0 0 0 0 0)
(0 0 0 0 0 0 0 0 0)
(0 0 0 0 0 0 0 0 0)
(0 0 0 0 0 0 0 0 0)
(0 0 0 0 0 0 0 0 0)
(0 0 0 0 0 0 0 0 0)
(0 0 0 0 0 0 0 0 0)
(0 0 0 0 0 0 0 0 0)
(0 0 0 0 0 0 0 0 0)
(0 0 0 0 0 0 0 0 0)
(0 0 0 0 0 0 0 0 0)
(0 0 0 0 0 0 0 0 0)
(0 0 0 0 0 0 0 0 0)
(0 0 0 0 0 0 0 0 0)
(0 0 0 0 0 0 0 0 0)
(0 0 0 0 0 0 0 0 0)
(0 0 0 0 0 0 0 0 0)
(0 0 0 0 0 0 0 0 0)
(0 0 0 0 0 0 0 0 0)
(0 0 0 0 0 0 0 0 0)
(0 0 0 0 0 0 0 0 0)
(0 0 0 0 0 0 0 0 0)
(0 0 0 0 0 0 0 0 0)
(0 0 0 0 0 0 0 0 0)
(0 0 0 0 0 0 0 0 0)
(0 0 0 0 0 0 0 0 0)
(0 0 0 0 0 0 0 0 0)
(0 0 0 0 0 0 0 0 0)
(0 0 0 0 0 0 0 0 0)
(0 0 0 0 0 0 0 0 0)
(0 0 0 0 0 0 0 0 0)
(0 0 0 0 0 0 0 0 0)
(0 0 0 0 0 0 0 0 0)
(0 0 0 0 0 0 0 0 0)
(0 0 0 0 0 0 0 0 0)
(0 0 0 0 0 0 0 0 0)
(0 0 0 0 0 0 0 0 0)
(0 0 0 0 0 0 0 0 0)
(0 0 0 0 0 0 0 0 0)
(0 0 0 0 0 0 0 0 0)
(0 0 0 0 0 0 0 0 0)
(0 0 0 0 0 0 0 0 0)
(0 0 0 0 0 0 0 0 0)
(0 0 0 0 0 0 0 0 0)
(0 0 0 0 0 0 0 0 0)
(0 0 0 0 0 0 0 0 0)
(0 0 0 0 0 0 0 0 0)
(0 0 0 0 0 0 0 0 0)
(0 0 0 0 0 0 0 0 0)
(0 0 0 0 0 0 0 0 0)
(0 0 0 0 0 0 0 0 0)
(0 0 0 0 0 0 0 0 0)
(0 0 0 0 0 0 0 0 0)
(0 0 0 0 0 0 0 0 0)
(0 0 0 0 0 0 0 0 0)
(0 0 0 0 0 0 0 0 0)
(0 0 0 0 0 0 0 0 0)
(0 0 0 0 0 0 0 0 0)
(0 0 0 0 0 0 0 0 0)
(0 0 0 0 0 0 0 0 0)
(0 0 0 0 0 0 0 0 0)
(0 0 0 0 0 0 0 0 0)
(0 0 0 0 0 0 0 0 0)
(0 0 0 0 0 0 0 0 0)
(0 0 0 0 0 0 0 0 0)
(0 0 0 0 0 0 0 0 0)
(0 0 0 0 0 0 0 0 0)
(0 0 0 0 0 0 0 0 0)
(0 0 0 0 0 0 0 0 0)
(0 0 0 0 0 0 0 0 0)
(0 0 0 0 0 0 0 0 0)
(0 0 0 0 0 0 0 0 0)
(0 0 0 0 0 0 0 0 0)
(0 0 0 0 0 0 0 0 0)
(0 0 0 0 0 0 0 0 0)
(0 0 0 0 0 0 0 0 0)
(0 0 0 0 0 0 0 0 0)
(0 0 0 0 0 0 0 0 0)
(0 0 0 0 0 0 0 0 0)
(0 0 0 0 0 0 0 0 0)
(0 0 0 0 0 0 0 0 0)
(0 0 0 0 0 0 0 0 0)
(0 0 0 0 0 0 0 0 0)
(0 0 0 0 0 0 0 0 0)
(0 0 0 0 0 0 0 0 0)
(0 0 0 0 0 0 0 0 0)
(0 0 0 0 0 0 0 0 0)
(0 0 0 0 0 0 0 0 0)
(0 0 0 0 0 0 0 0 0)
(0 0 0 0 0 0 0 0 0)
(0 0 0 0 0 0 0 0 0)
(0 0 0 0 0 0 0 0 0)
(0 0 0 0 0 0 0 0 0)
(0 0 0 0 0 0 0 0 0)
(0 0 0 0 0 0 0 0 0)
(0 0 0 0 0 0 0 0 0)
(0 0 0 0 0 0 0 0 0)
(0 0 0 0 0 0 0 0 0)
(0 0 0 0 0 0 0 0 0)
(0 0 0 0 0 0 0 0 0)
(0 0 0 0 0 0 0 0 0)
(0 0 0 0 0 0 0 0 0)
(0 0 0 0 0 0 0 0 0)
(0 0 0 0 0 0 0 0 0)
(0 0 0 0 0 0 0 0 0)
(0 0 0 0 0 0 0 0 0)
(0 0 0 0 0 0 0 0 0)
(0 0 0 0 0 0 0 0 0)
(0 0 0 0 0 0 0 0 0)
(0 0 0 0 0 0 0 0 0)
(0 0 0 0 0 0 0 0 0)
(0 0 0 0 0 0 0 0 0)
(0 0 0 0 0 0 0 0 0)
(0 0 0 0 0 0 0 0 0)
(0 0 0 0 0 0 0 0 0)
(0 0 0 0 0 0 0 0 0)
(0 0 0 0 0 0 0 0 0)
(0 0 0 0 0 0 0 0 0)
(0 0 0 0 0 0 0 0 0)
(0 0 0 0 0 0 0 0 0)
(0 0 0 0 0 0 0 0 0)
(0 0 0 0 0 0 0 0 0)
(0 0 0 0 0 0 0 0 0)
(0 0 0 0 0 0 0 0 0)
(0 0 0 0 0 0 0 0 0)
(0 0 0 0 0 0 0 0 0)
(0 0 0 0 0 0 0 0 0)
(0 0 0 0 0 0 0 0 0)
(0 0 0 0 0 0 0 0 0)
(0 0 0 0 0 0 0 0 0)
(0 0 0 0 0 0 0 0 0)
(0 0 0 0 0 0 0 0 0)
(0 0 0 0 0 0 0 0 0)
(0 0 0 0 0 0 0 0 0)
(0 0 0 0 0 0 0 0 0)
(0 0 0 0 0 0 0 0 0)
(0 0 0 0 0 0 0 0 0)
(0 0 0 0 0 0 0 0 0)
(0 0 0 0 0 0 0 0 0)
(0 0 0 0 0 0 0 0 0)
(0 0 0 0 0 0 0 0 0)
(0 0 0 0 0 0 0 0 0)
(0 0 0 0 0 0 0 0 0)
(0 0 0 0 0 0 0 0 0)
(0 0 0 0 0 0 0 0 0)
(0 0 0 0 0 0 0 0 0)
(0 0 0 0 0 0 0 0 0)
(0 0 0 0 0 0 0 0 0)
(0 0 0 0 0 0 0 0 0)
(0 0 0 0 0 0 0 0 0)
(0 0 0 0 0 0 0 0 0)
(0 0 0 0 0 0 0 0 0)
(0 0 0 0 0 0 0 0 0)
(0 0 0 0 0 0 0 0 0)
(0 0 0 0 0 0 0 0 0)
(0 0 0 0 0 0 0 0 0)
(0 0 0 0 0 0 0 0 0)
(0 0 0 0 0 0 0 0 0)
(0 0 0 0 0 0 0 0 0)
(0 0 0 0 0 0 0 0 0)
(0 0 0 0 0 0 0 0 0)
(0 0 0 0 0 0 0 0 0)
(0 0 0 0 0 0 0 0 0)
(0 0 0 0 0 0 0 0 0)
(0 0 0 0 0 0 0 0 0)
(0 0 0 0 0 0 0 0 0)
(0 0 0 0 0 0 0 0 0)
(0 0 0 0 0 0 0 0 0)
(0 0 0 0 0 0 0 0 0)
(0 0 0 0 0 0 0 0 0)
(0 0 0 0 0 0 0 0 0)
(0 0 0 0 0 0 0 0 0)
(0 0 0 0 0 0 0 0 0)
(0 0 0 0 0 0 0 0 0)
(0 0 0 0 0 0 0 0 0)
(0 0 0 0 0 0 0 0 0)
(0 0 0 0 0 0 0 0 0)
(0 0 0 0 0 0 0 0 0)
(0 0 0 0 0 0 0 0 0)
(0 0 0 0 0 0 0 0 0)
(0 0 0 0 0 0 0 0 0)
(0 0 0 0 0 0 0 0 0)
(0 0 0 0 0 0 0 0 0)
(0 0 0 0 0 0 0 0 0)
(0 0 0 0 0 0 0 0 0)
(0 0 0 0 0 0 0 0 0)
(0 0 0 0 0 0 0 0 0)
(0 0 0 0 0 0 0 0 0)
(0 0 0 0 0 0 0 0 0)
(0 0 0 0 0 0 0 0 0)
(0 0 0 0 0 0 0 0 0)
(0 0 0 0 0 0 0 0 0)
(0 0 0 0 0 0 0 0 0)
(0 0 0 0 0 0 0 0 0)
(0 0 0 0 0 0 0 0 0)
(0 0 0 0 0 0 0 0 0)
(0 0 0 0 0 0 0 0 0)
(0 0 0 0 0 0 0 0 0)
(0 0 0 0 0 0 0 0 0)
(0 0 0 0 0 0 0 0 0)
(0 0 0 0 0 0 0 0 0)
(0 0 0 0 0 0 0 0 0)
(0 0 0 0 0 0 0 0 0)
(0 0 0 0 0 0 0 0 0)
(0 0 0 0 0 0 0 0 0)
(0 0 0 0 0 0 0 0 0)
(0 0 0 0 0 0 0 0 0)
(0 0 0 0 0 0 0 0 0)
(0 0 0 0 0 0 0 0 0)
(0 0 0 0 0 0 0 0 0)
(0 0 0 0 0 0 0 0 0)
(0 0 0 0 0 0 0 0 0)
(0 0 0 0 0 0 0 0 0)
(0 0 0 0 0 0 0 0 0)
(0 0 0 0 0 0 0 0 0)
(0 0 0 0 0 0 0 0 0)
(0 0 0 0 0 0 0 0 0)
(0 0 0 0 0 0 0 0 0)
(0 0 0 0 0 0 0 0 0)
(0 0 0 0 0 0 0 0 0)
(0 0 0 0 0 0 0 0 0)
(0 0 0 0 0 0 0 0 0)
(0 0 0 0 0 0 0 0 0)
(0 0 0 0 0 0 0 0 0)
(0 0 0 0 0 0 0 0 0)
(0 0 0 0 0 0 0 0 0)
(0 0 0 0 0 0 0 0 0)
(0 0 0 0 0 0 0 0 0)
(0 0 0 0 0 0 0 0 0)
(0 0 0 0 0 0 0 0 0)
(0 0 0 0 0 0 0 0 0)
(0 0 0 0 0 0 0 0 0)
(0 0 0 0 0 0 0 0 0)
(0 0 0 0 0 0 0 0 0)
(0 0 0 0 0 0 0 0 0)
(0 0 0 0 0 0 0 0 0)
(0 0 0 0 0 0 0 0 0)
(0 0 0 0 0 0 0 0 0)
(0 0 0 0 0 0 0 0 0)
(0 0 0 0 0 0 0 0 0)
(0 0 0 0 0 0 0 0 0)
(0 0 0 0 0 0 0 0 0)
(0 0 0 0 0 0 0 0 0)
(0 0 0 0 0 0 0 0 0)
(0 0 0 0 0 0 0 0 0)
(0 0 0 0 0 0 0 0 0)
(0 0 0 0 0 0 0 0 0)
(0 0 0 0 0 0 0 0 0)
(0 0 0 0 0 0 0 0 0)
(0 0 0 0 0 0 0 0 0)
(0 0 0 0 0 0 0 0 0)
(0 0 0 0 0 0 0 0 0)
(0 0 0 0 0 0 0 0 0)
(0 0 0 0 0 0 0 0 0)
(0 0 0 0 0 0 0 0 0)
(0 0 0 0 0 0 0 0 0)
(0 0 0 0 0 0 0 0 0)
(0 0 0 0 0 0 0 0 0)
(0 0 0 0 0 0 0 0 0)
(0 0 0 0 0 0 0 0 0)
(0 0 0 0 0 0 0 0 0)
(0 0 0 0 0 0 0 0 0)
(0 0 0 0 0 0 0 0 0)
(0 0 0 0 0 0 0 0 0)
(0 0 0 0 0 0 0 0 0)
(0 0 0 0 0 0 0 0 0)
(0 0 0 0 0 0 0 0 0)
(0 0 0 0 0 0 0 0 0)
(0 0 0 0 0 0 0 0 0)
(0 0 0 0 0 0 0 0 0)
(0 0 0 0 0 0 0 0 0)
(0 0 0 0 0 0 0 0 0)
(0 0 0 0 0 0 0 0 0)
(0 0 0 0 0 0 0 0 0)
(0 0 0 0 0 0 0 0 0)
(0 0 0 0 0 0 0 0 0)
(0 0 0 0 0 0 0 0 0)
(0 0 0 0 0 0 0 0 0)
(0 0 0 0 0 0 0 0 0)
(0 0 0 0 0 0 0 0 0)
(0 0 0 0 0 0 0 0 0)
(0 0 0 0 0 0 0 0 0)
(0 0 0 0 0 0 0 0 0)
(0 0 0 0 0 0 0 0 0)
(0 0 0 0 0 0 0 0 0)
(0 0 0 0 0 0 0 0 0)
(0 0 0 0 0 0 0 0 0)
(0 0 0 0 0 0 0 0 0)
(0 0 0 0 0 0 0 0 0)
(0 0 0 0 0 0 0 0 0)
(0 0 0 0 0 0 0 0 0)
(0 0 0 0 0 0 0 0 0)
(0 0 0 0 0 0 0 0 0)
(0 0 0 0 0 0 0 0 0)
(0 0 0 0 0 0 0 0 0)
(0 0 0 0 0 0 0 0 0)
(0 0 0 0 0 0 0 0 0)
(0 0 0 0 0 0 0 0 0)
(0 0 0 0 0 0 0 0 0)
(0 0 0 0 0 0 0 0 0)
(0 0 0 0 0 0 0 0 0)
(0 0 0 0 0 0 0 0 0)
(0 0 0 0 0 0 0 0 0)
(0 0 0 0 0 0 0 0 0)
(0 0 0 0 0 0 0 0 0)
(0 0 0 0 0 0 0 0 0)
(0 0 0 0 0 0 0 0 0)
(0 0 0 0 0 0 0 0 0)
(0 0 0 0 0 0 0 0 0)
(0 0 0 0 0 0 0 0 0)
(0 0 0 0 0 0 0 0 0)
(0 0 0 0 0 0 0 0 0)
(0 0 0 0 0 0 0 0 0)
(0 0 0 0 0 0 0 0 0)
(0 0 0 0 0 0 0 0 0)
(0 0 0 0 0 0 0 0 0)
(0 0 0 0 0 0 0 0 0)
(0 0 0 0 0 0 0 0 0)
(0 0 0 0 0 0 0 0 0)
(0 0 0 0 0 0 0 0 0)
(0 0 0 0 0 0 0 0 0)
(0 0 0 0 0 0 0 0 0)
(0 0 0 0 0 0 0 0 0)
(0 0 0 0 0 0 0 0 0)
(0 0 0 0 0 0 0 0 0)
(0 0 0 0 0 0 0 0 0)
(0 0 0 0 0 0 0 0 0)
(0 0 0 0 0 0 0 0 0)
(0 0 0 0 0 0 0 0 0)
(0 0 0 0 0 0 0 0 0)
(0 0 0 0 0 0 0 0 0)
(0 0 0 0 0 0 0 0 0)
(0 0 0 0 0 0 0 0 0)
(0 0 0 0 0 0 0 0 0)
(0 0 0 0 0 0 0 0 0)
(0 0 0 0 0 0 0 0 0)
(0 0 0 0 0 0 0 0 0)
(0 0 0 0 0 0 0 0 0)
(0 0 0 0 0 0 0 0 0)
(0 0 0 0 0 0 0 0 0)
(0 0 0 0 0 0 0 0 0)
(0 0 0 0 0 0 0 0 0)
(0 0 0 0 0 0 0 0 0)
(0 0 0 0 0 0 0 0 0)
(0 0 0 0 0 0 0 0 0)
(0 0 0 0 0 0 0 0 0)
(0 0 0 0 0 0 0 0 0)
(0 0 0 0 0 0 0 0 0)
(0 0 0 0 0 0 0 0 0)
(0 0 0 0 0 0 0 0 0)
(0 0 0 0 0 0 0 0 0)
(0 0 0 0 0 0 0 0 0)
(0 0 0 0 0 0 0 0 0)
(0 0 0 0 0 0 0 0 0)
(0 0 0 0 0 0 0 0 0)
(0 0 0 0 0 0 0 0 0)
(0 0 0 0 0 0 0 0 0)
(0 0 0 0 0 0 0 0 0)
(0 0 0 0 0 0 0 0 0)
(0 0 0 0 0 0 0 0 0)
(0 0 0 0 0 0 0 0 0)
(0 0 0 0 0 0 0 0 0)
(0 0 0 0 0 0 0 0 0)
(0 0 0 0 0 0 0 0 0)
(0 0 0 0 0 0 0 0 0)
(0 0 0 0 0 0 0 0 0)
(0 0 0 0 0 0 0 0 0)
(0 0 0 0 0 0 0 0 0)
(0 0 0 0 0 0 0 0 0)
(0 0 0 0 0 0 0 0 0)
(0 0 0 0 0 0 0 0 0)
(0 0 0 0 0 0 0 0 0)
(0 0 0 0 0 0 0 0 0)
(0 0 0 0 0 0 0 0 0)
(0 0 0 0 0 0 0 0 0)
(0 0 0 0 0 0 0 0 0)
(0 0 0 0 0 0 0 0 0)
(0 0 0 0 0 0 0 0 0)
(0 0 0 0 0 0 0 0 0)
(0 0 0 0 0 0 0 0 0)
(0 0 0 0 0 0 0 0 0)
(0 0 0 0 0 0 0 0 0)
(0 0 0 0 0 0 0 0 0)
(0 0 0 0 0 0 0 0 0)
(0 0 0 0 0 0 0 0 0)
(0 0 0 0 0 0 0 0 0)
(0 0 0 0 0 0 0 0 0)
(0 0 0 0 0 0 0 0 0)
(0 0 0 0 0 0 0 0 0)
(0 0 0 0 0 0 0 0 0)
(0 0 0 0 0 0 0 0 0)
(0 0 0 0 0 0 0 0 0)
(0 0 0 0 0 0 0 0 0)
(0 0 0 0 0 0 0 0 0)
(0 0 0 0 0 0 0 0 0)
(0 0 0 0 0 0 0 0 0)
(0 0 0 0 0 0 0 0 0)
(0 0 0 0 0 0 0 0 0)
(0 0 0 0 0 0 0 0 0)
(0 0 0 0 0 0 0 0 0)
(0 0 0 0 0 0 0 0 0)
(0 0 0 0 0 0 0 0 0)
(0 0 0 0 0 0 0 0 0)
(0 0 0 0 0 0 0 0 0)
(0 0 0 0 0 0 0 0 0)
(0 0 0 0 0 0 0 0 0)
(0 0 0 0 0 0 0 0 0)
(0 0 0 0 0 0 0 0 0)
(0 0 0 0 0 0 0 0 0)
(0 0 0 0 0 0 0 0 0)
(0 0 0 0 0 0 0 0 0)
(0 0 0 0 0 0 0 0 0)
(0 0 0 0 0 0 0 0 0)
(0 0 0 0 0 0 0 0 0)
(0 0 0 0 0 0 0 0 0)
(0 0 0 0 0 0 0 0 0)
(0 0 0 0 0 0 0 0 0)
(0 0 0 0 0 0 0 0 0)
(0 0 0 0 0 0 0 0 0)
(0 0 0 0 0 0 0 0 0)
(0 0 0 0 0 0 0 0 0)
(0 0 0 0 0 0 0 0 0)
(0 0 0 0 0 0 0 0 0)
(0 0 0 0 0 0 0 0 0)
(0 0 0 0 0 0 0 0 0)
(0 0 0 0 0 0 0 0 0)
(0 0 0 0 0 0 0 0 0)
(0 0 0 0 0 0 0 0 0)
(0 0 0 0 0 0 0 0 0)
(0 0 0 0 0 0 0 0 0)
(0 0 0 0 0 0 0 0 0)
(0 0 0 0 0 0 0 0 0)
(0 0 0 0 0 0 0 0 0)
(0 0 0 0 0 0 0 0 0)
(0 0 0 0 0 0 0 0 0)
(0 0 0 0 0 0 0 0 0)
(0 0 0 0 0 0 0 0 0)
(0 0 0 0 0 0 0 0 0)
(0 0 0 0 0 0 0 0 0)
(0 0 0 0 0 0 0 0 0)
(0 0 0 0 0 0 0 0 0)
(0 0 0 0 0 0 0 0 0)
(0 0 0 0 0 0 0 0 0)
(0 0 0 0 0 0 0 0 0)
(0 0 0 0 0 0 0 0 0)
(0 0 0 0 0 0 0 0 0)
(0 0 0 0 0 0 0 0 0)
(0 0 0 0 0 0 0 0 0)
(0 0 0 0 0 0 0 0 0)
(0 0 0 0 0 0 0 0 0)
(0 0 0 0 0 0 0 0 0)
(0 0 0 0 0 0 0 0 0)
(0 0 0 0 0 0 0 0 0)
(0 0 0 0 0 0 0 0 0)
(0 0 0 0 0 0 0 0 0)
(0 0 0 0 0 0 0 0 0)
(0 0 0 0 0 0 0 0 0)
(0 0 0 0 0 0 0 0 0)
(0 0 0 0 0 0 0 0 0)
(0 0 0 0 0 0 0 0 0)
(0 0 0 0 0 0 0 0 0)
(0 0 0 0 0 0 0 0 0)
(0 0 0 0 0 0 0 0 0)
(0 0 0 0 0 0 0 0 0)
(0 0 0 0 0 0 0 0 0)
(0 0 0 0 0 0 0 0 0)
(0 0 0 0 0 0 0 0 0)
(0 0 0 0 0 0 0 0 0)
(0 0 0 0 0 0 0 0 0)
(0 0 0 0 0 0 0 0 0)
(0 0 0 0 0 0 0 0 0)
(0 0 0 0 0 0 0 0 0)
(0 0 0 0 0 0 0 0 0)
(0 0 0 0 0 0 0 0 0)
(0 0 0 0 0 0 0 0 0)
(0 0 0 0 0 0 0 0 0)
(0 0 0 0 0 0 0 0 0)
(0 0 0 0 0 0 0 0 0)
(0 0 0 0 0 0 0 0 0)
(0 0 0 0 0 0 0 0 0)
(0 0 0 0 0 0 0 0 0)
(0 0 0 0 0 0 0 0 0)
(0 0 0 0 0 0 0 0 0)
(0 0 0 0 0 0 0 0 0)
(0 0 0 0 0 0 0 0 0)
(0 0 0 0 0 0 0 0 0)
(0 0 0 0 0 0 0 0 0)
(0 0 0 0 0 0 0 0 0)
(0 0 0 0 0 0 0 0 0)
(0 0 0 0 0 0 0 0 0)
(0 0 0 0 0 0 0 0 0)
(0 0 0 0 0 0 0 0 0)
(0 0 0 0 0 0 0 0 0)
(0 0 0 0 0 0 0 0 0)
(0 0 0 0 0 0 0 0 0)
(0 0 0 0 0 0 0 0 0)
(0 0 0 0 0 0 0 0 0)
(0 0 0 0 0 0 0 0 0)
(0 0 0 0 0 0 0 0 0)
(0 0 0 0 0 0 0 0 0)
(0 0 0 0 0 0 0 0 0)
(0 0 0 0 0 0 0 0 0)
(0 0 0 0 0 0 0 0 0)
(0 0 0 0 0 0 0 0 0)
(0 0 0 0 0 0 0 0 0)
(0 0 0 0 0 0 0 0 0)
(0 0 0 0 0 0 0 0 0)
(0 0 0 0 0 0 0 0 0)
(0 0 0 0 0 0 0 0 0)
(0 0 0 0 0 0 0 0 0)
(0 0 0 0 0 0 0 0 0)
(0 0 0 0 0 0 0 0 0)
(0 0 0 0 0 0 0 0 0)
(0 0 0 0 0 0 0 0 0)
(0 0 0 0 0 0 0 0 0)
(0 0 0 0 0 0 0 0 0)
(0 0 0 0 0 0 0 0 0)
(0 0 0 0 0 0 0 0 0)
(0 0 0 0 0 0 0 0 0)
(0 0 0 0 0 0 0 0 0)
(0 0 0 0 0 0 0 0 0)
(0 0 0 0 0 0 0 0 0)
(0 0 0 0 0 0 0 0 0)
(0 0 0 0 0 0 0 0 0)
(0 0 0 0 0 0 0 0 0)
(0 0 0 0 0 0 0 0 0)
(0 0 0 0 0 0 0 0 0)
(0 0 0 0 0 0 0 0 0)
(0 0 0 0 0 0 0 0 0)
(0 0 0 0 0 0 0 0 0)
(0 0 0 0 0 0 0 0 0)
(0 0 0 0 0 0 0 0 0)
(0 0 0 0 0 0 0 0 0)
(0 0 0 0 0 0 0 0 0)
(0 0 0 0 0 0 0 0 0)
(0 0 0 0 0 0 0 0 0)
(0 0 0 0 0 0 0 0 0)
(0 0 0 0 0 0 0 0 0)
(0 0 0 0 0 0 0 0 0)
(0 0 0 0 0 0 0 0 0)
(0 0 0 0 0 0 0 0 0)
(0 0 0 0 0 0 0 0 0)
(0 0 0 0 0 0 0 0 0)
(0 0 0 0 0 0 0 0 0)
(0 0 0 0 0 0 0 0 0)
(0 0 0 0 0 0 0 0 0)
(0 0 0 0 0 0 0 0 0)
(0 0 0 0 0 0 0 0 0)
(0 0 0 0 0 0 0 0 0)
(0 0 0 0 0 0 0 0 0)
(0 0 0 0 0 0 0 0 0)
(0 0 0 0 0 0 0 0 0)
(0 0 0 0 0 0 0 0 0)
(0 0 0 0 0 0 0 0 0)
(0 0 0 0 0 0 0 0 0)
(0 0 0 0 0 0 0 0 0)
(0 0 0 0 0 0 0 0 0)
(0 0 0 0 0 0 0 0 0)
(0 0 0 0 0 0 0 0 0)
(0 0 0 0 0 0 0 0 0)
(0 0 0 0 0 0 0 0 0)
(0 0 0 0 0 0 0 0 0)
(0 0 0 0 0 0 0 0 0)
(0 0 0 0 0 0 0 0 0)
(0 0 0 0 0 0 0 0 0)
(0 0 0 0 0 0 0 0 0)
(0 0 0 0 0 0 0 0 0)
(0 0 0 0 0 0 0 0 0)
(0 0 0 0 0 0 0 0 0)
(0 0 0 0 0 0 0 0 0)
(0 0 0 0 0 0 0 0 0)
(0 0 0 0 0 0 0 0 0)
(0 0 0 0 0 0 0 0 0)
(0 0 0 0 0 0 0 0 0)
(0 0 0 0 0 0 0 0 0)
(0 0 0 0 0 0 0 0 0)
(0 0 0 0 0 0 0 0 0)
(0 0 0 0 0 0 0 0 0)
(0 0 0 0 0 0 0 0 0)
(0 0 0 0 0 0 0 0 0)
(0 0 0 0 0 0 0 0 0)
(0 0 0 0 0 0 0 0 0)
(0 0 0 0 0 0 0 0 0)
(0 0 0 0 0 0 0 0 0)
(0 0 0 0 0 0 0 0 0)
(0 0 0 0 0 0 0 0 0)
(0 0 0 0 0 0 0 0 0)
(0 0 0 0 0 0 0 0 0)
(0 0 0 0 0 0 0 0 0)
(0 0 0 0 0 0 0 0 0)
(0 0 0 0 0 0 0 0 0)
(0 0 0 0 0 0 0 0 0)
(0 0 0 0 0 0 0 0 0)
(0 0 0 0 0 0 0 0 0)
(0 0 0 0 0 0 0 0 0)
(0 0 0 0 0 0 0 0 0)
(0 0 0 0 0 0 0 0 0)
(0 0 0 0 0 0 0 0 0)
(0 0 0 0 0 0 0 0 0)
(0 0 0 0 0 0 0 0 0)
(0 0 0 0 0 0 0 0 0)
(0 0 0 0 0 0 0 0 0)
(0 0 0 0 0 0 0 0 0)
(0 0 0 0 0 0 0 0 0)
(0 0 0 0 0 0 0 0 0)
(0 0 0 0 0 0 0 0 0)
(0 0 0 0 0 0 0 0 0)
(0 0 0 0 0 0 0 0 0)
(0 0 0 0 0 0 0 0 0)
(0 0 0 0 0 0 0 0 0)
(0 0 0 0 0 0 0 0 0)
(0 0 0 0 0 0 0 0 0)
(0 0 0 0 0 0 0 0 0)
(0 0 0 0 0 0 0 0 0)
(0 0 0 0 0 0 0 0 0)
(0 0 0 0 0 0 0 0 0)
(0 0 0 0 0 0 0 0 0)
(0 0 0 0 0 0 0 0 0)
(0 0 0 0 0 0 0 0 0)
(0 0 0 0 0 0 0 0 0)
(0 0 0 0 0 0 0 0 0)
(0 0 0 0 0 0 0 0 0)
(0 0 0 0 0 0 0 0 0)
(0 0 0 0 0 0 0 0 0)
(0 0 0 0 0 0 0 0 0)
(0 0 0 0 0 0 0 0 0)
(0 0 0 0 0 0 0 0 0)
(0 0 0 0 0 0 0 0 0)
(0 0 0 0 0 0 0 0 0)
(0 0 0 0 0 0 0 0 0)
(0 0 0 0 0 0 0 0 0)
(0 0 0 0 0 0 0 0 0)
(0 0 0 0 0 0 0 0 0)
(0 0 0 0 0 0 0 0 0)
(0 0 0 0 0 0 0 0 0)
(0 0 0 0 0 0 0 0 0)
(0 0 0 0 0 0 0 0 0)
(0 0 0 0 0 0 0 0 0)
(0 0 0 0 0 0 0 0 0)
(0 0 0 0 0 0 0 0 0)
(0 0 0 0 0 0 0 0 0)
(0 0 0 0 0 0 0 0 0)
(0 0 0 0 0 0 0 0 0)
(0 0 0 0 0 0 0 0 0)
(0 0 0 0 0 0 0 0 0)
(0 0 0 0 0 0 0 0 0)
(0 0 0 0 0 0 0 0 0)
(0 0 0 0 0 0 0 0 0)
(0 0 0 0 0 0 0 0 0)
(0 0 0 0 0 0 0 0 0)
(0 0 0 0 0 0 0 0 0)
(0 0 0 0 0 0 0 0 0)
(0 0 0 0 0 0 0 0 0)
(0 0 0 0 0 0 0 0 0)
(0 0 0 0 0 0 0 0 0)
(0 0 0 0 0 0 0 0 0)
(0 0 0 0 0 0 0 0 0)
(0 0 0 0 0 0 0 0 0)
(0 0 0 0 0 0 0 0 0)
(0 0 0 0 0 0 0 0 0)
(0 0 0 0 0 0 0 0 0)
(0 0 0 0 0 0 0 0 0)
(0 0 0 0 0 0 0 0 0)
(0 0 0 0 0 0 0 0 0)
(0 0 0 0 0 0 0 0 0)
(0 0 0 0 0 0 0 0 0)
(0 0 0 0 0 0 0 0 0)
(0 0 0 0 0 0 0 0 0)
(0 0 0 0 0 0 0 0 0)
(0 0 0 0 0 0 0 0 0)
(0 0 0 0 0 0 0 0 0)
(0 0 0 0 0 0 0 0 0)
(0 0 0 0 0 0 0 0 0)
(0 0 0 0 0 0 0 0 0)
(0 0 0 0 0 0 0 0 0)
(0 0 0 0 0 0 0 0 0)
(0 0 0 0 0 0 0 0 0)
(0 0 0 0 0 0 0 0 0)
(0 0 0 0 0 0 0 0 0)
(0 0 0 0 0 0 0 0 0)
(0 0 0 0 0 0 0 0 0)
(0 0 0 0 0 0 0 0 0)
(0 0 0 0 0 0 0 0 0)
(0 0 0 0 0 0 0 0 0)
(0 0 0 0 0 0 0 0 0)
(0 0 0 0 0 0 0 0 0)
(0 0 0 0 0 0 0 0 0)
(0 0 0 0 0 0 0 0 0)
(0 0 0 0 0 0 0 0 0)
(0 0 0 0 0 0 0 0 0)
(0 0 0 0 0 0 0 0 0)
(0 0 0 0 0 0 0 0 0)
(0 0 0 0 0 0 0 0 0)
(0 0 0 0 0 0 0 0 0)
(0 0 0 0 0 0 0 0 0)
(0 0 0 0 0 0 0 0 0)
(0 0 0 0 0 0 0 0 0)
(0 0 0 0 0 0 0 0 0)
(0 0 0 0 0 0 0 0 0)
(0 0 0 0 0 0 0 0 0)
(0 0 0 0 0 0 0 0 0)
(0 0 0 0 0 0 0 0 0)
(0 0 0 0 0 0 0 0 0)
(0 0 0 0 0 0 0 0 0)
(0 0 0 0 0 0 0 0 0)
(0 0 0 0 0 0 0 0 0)
(0 0 0 0 0 0 0 0 0)
(0 0 0 0 0 0 0 0 0)
(0 0 0 0 0 0 0 0 0)
(0 0 0 0 0 0 0 0 0)
(0 0 0 0 0 0 0 0 0)
(0 0 0 0 0 0 0 0 0)
(0 0 0 0 0 0 0 0 0)
(0 0 0 0 0 0 0 0 0)
(0 0 0 0 0 0 0 0 0)
(0 0 0 0 0 0 0 0 0)
(0 0 0 0 0 0 0 0 0)
(0 0 0 0 0 0 0 0 0)
(0 0 0 0 0 0 0 0 0)
(0 0 0 0 0 0 0 0 0)
(0 0 0 0 0 0 0 0 0)
(0 0 0 0 0 0 0 0 0)
(0 0 0 0 0 0 0 0 0)
(0 0 0 0 0 0 0 0 0)
(0 0 0 0 0 0 0 0 0)
(0 0 0 0 0 0 0 0 0)
(0 0 0 0 0 0 0 0 0)
(0 0 0 0 0 0 0 0 0)
(0 0 0 0 0 0 0 0 0)
(0 0 0 0 0 0 0 0 0)
(0 0 0 0 0 0 0 0 0)
(0 0 0 0 0 0 0 0 0)
(0 0 0 0 0 0 0 0 0)
(0 0 0 0 0 0 0 0 0)
(0 0 0 0 0 0 0 0 0)
(0 0 0 0 0 0 0 0 0)
(0 0 0 0 0 0 0 0 0)
(0 0 0 0 0 0 0 0 0)
(0 0 0 0 0 0 0 0 0)
(0 0 0 0 0 0 0 0 0)
(0 0 0 0 0 0 0 0 0)
(0 0 0 0 0 0 0 0 0)
(0 0 0 0 0 0 0 0 0)
(0 0 0 0 0 0 0 0 0)
(0 0 0 0 0 0 0 0 0)
(0 0 0 0 0 0 0 0 0)
(0 0 0 0 0 0 0 0 0)
(0 0 0 0 0 0 0 0 0)
(0 0 0 0 0 0 0 0 0)
(0 0 0 0 0 0 0 0 0)
(0 0 0 0 0 0 0 0 0)
(0 0 0 0 0 0 0 0 0)
(0 0 0 0 0 0 0 0 0)
(0 0 0 0 0 0 0 0 0)
(0 0 0 0 0 0 0 0 0)
(0 0 0 0 0 0 0 0 0)
(0 0 0 0 0 0 0 0 0)
(0 0 0 0 0 0 0 0 0)
(0 0 0 0 0 0 0 0 0)
(0 0 0 0 0 0 0 0 0)
(0 0 0 0 0 0 0 0 0)
(0 0 0 0 0 0 0 0 0)
(0 0 0 0 0 0 0 0 0)
(0 0 0 0 0 0 0 0 0)
(0 0 0 0 0 0 0 0 0)
(0 0 0 0 0 0 0 0 0)
(0 0 0 0 0 0 0 0 0)
(0 0 0 0 0 0 0 0 0)
(0 0 0 0 0 0 0 0 0)
(0 0 0 0 0 0 0 0 0)
(0 0 0 0 0 0 0 0 0)
(0 0 0 0 0 0 0 0 0)
(0 0 0 0 0 0 0 0 0)
(0 0 0 0 0 0 0 0 0)
(0 0 0 0 0 0 0 0 0)
(0 0 0 0 0 0 0 0 0)
(0 0 0 0 0 0 0 0 0)
(0 0 0 0 0 0 0 0 0)
(0 0 0 0 0 0 0 0 0)
(0 0 0 0 0 0 0 0 0)
(0 0 0 0 0 0 0 0 0)
(0 0 0 0 0 0 0 0 0)
(0 0 0 0 0 0 0 0 0)
(0 0 0 0 0 0 0 0 0)
(0 0 0 0 0 0 0 0 0)
(0 0 0 0 0 0 0 0 0)
(0 0 0 0 0 0 0 0 0)
(0 0 0 0 0 0 0 0 0)
(0 0 0 0 0 0 0 0 0)
(0 0 0 0 0 0 0 0 0)
(0 0 0 0 0 0 0 0 0)
(0 0 0 0 0 0 0 0 0)
(0 0 0 0 0 0 0 0 0)
(0 0 0 0 0 0 0 0 0)
(0 0 0 0 0 0 0 0 0)
(0 0 0 0 0 0 0 0 0)
(0 0 0 0 0 0 0 0 0)
(0 0 0 0 0 0 0 0 0)
(0 0 0 0 0 0 0 0 0)
(0 0 0 0 0 0 0 0 0)
(0 0 0 0 0 0 0 0 0)
(0 0 0 0 0 0 0 0 0)
(0 0 0 0 0 0 0 0 0)
(0 0 0 0 0 0 0 0 0)
(0 0 0 0 0 0 0 0 0)
(0 0 0 0 0 0 0 0 0)
(0 0 0 0 0 0 0 0 0)
(0 0 0 0 0 0 0 0 0)
(0 0 0 0 0 0 0 0 0)
(0 0 0 0 0 0 0 0 0)
(0 0 0 0 0 0 0 0 0)
(0 0 0 0 0 0 0 0 0)
(0 0 0 0 0 0 0 0 0)
(0 0 0 0 0 0 0 0 0)
(0 0 0 0 0 0 0 0 0)
(0 0 0 0 0 0 0 0 0)
(0 0 0 0 0 0 0 0 0)
(0 0 0 0 0 0 0 0 0)
(0 0 0 0 0 0 0 0 0)
(0 0 0 0 0 0 0 0 0)
(0 0 0 0 0 0 0 0 0)
(0 0 0 0 0 0 0 0 0)
(0 0 0 0 0 0 0 0 0)
(0 0 0 0 0 0 0 0 0)
(0 0 0 0 0 0 0 0 0)
(0 0 0 0 0 0 0 0 0)
(0 0 0 0 0 0 0 0 0)
(0 0 0 0 0 0 0 0 0)
(0 0 0 0 0 0 0 0 0)
(0 0 0 0 0 0 0 0 0)
(0 0 0 0 0 0 0 0 0)
(0 0 0 0 0 0 0 0 0)
(0 0 0 0 0 0 0 0 0)
(0 0 0 0 0 0 0 0 0)
(0 0 0 0 0 0 0 0 0)
(0 0 0 0 0 0 0 0 0)
(0 0 0 0 0 0 0 0 0)
(0 0 0 0 0 0 0 0 0)
(0 0 0 0 0 0 0 0 0)
(0 0 0 0 0 0 0 0 0)
(0 0 0 0 0 0 0 0 0)
(0 0 0 0 0 0 0 0 0)
(0 0 0 0 0 0 0 0 0)
(0 0 0 0 0 0 0 0 0)
(0 0 0 0 0 0 0 0 0)
(0 0 0 0 0 0 0 0 0)
(0 0 0 0 0 0 0 0 0)
(0 0 0 0 0 0 0 0 0)
(0 0 0 0 0 0 0 0 0)
(0 0 0 0 0 0 0 0 0)
(0 0 0 0 0 0 0 0 0)
(0 0 0 0 0 0 0 0 0)
(0 0 0 0 0 0 0 0 0)
(0 0 0 0 0 0 0 0 0)
(0 0 0 0 0 0 0 0 0)
(0 0 0 0 0 0 0 0 0)
(0 0 0 0 0 0 0 0 0)
(0 0 0 0 0 0 0 0 0)
(0 0 0 0 0 0 0 0 0)
(0 0 0 0 0 0 0 0 0)
(0 0 0 0 0 0 0 0 0)
(0 0 0 0 0 0 0 0 0)
(0 0 0 0 0 0 0 0 0)
(0 0 0 0 0 0 0 0 0)
(0 0 0 0 0 0 0 0 0)
(0 0 0 0 0 0 0 0 0)
(0 0 0 0 0 0 0 0 0)
(0 0 0 0 0 0 0 0 0)
(0 0 0 0 0 0 0 0 0)
(0 0 0 0 0 0 0 0 0)
(0 0 0 0 0 0 0 0 0)
(0 0 0 0 0 0 0 0 0)
(0 0 0 0 0 0 0 0 0)
(0 0 0 0 0 0 0 0 0)
(0 0 0 0 0 0 0 0 0)
(0 0 0 0 0 0 0 0 0)
(0 0 0 0 0 0 0 0 0)
(0 0 0 0 0 0 0 0 0)
(0 0 0 0 0 0 0 0 0)
(0 0 0 0 0 0 0 0 0)
(0 0 0 0 0 0 0 0 0)
(0 0 0 0 0 0 0 0 0)
(0 0 0 0 0 0 0 0 0)
(0 0 0 0 0 0 0 0 0)
(0 0 0 0 0 0 0 0 0)
(0 0 0 0 0 0 0 0 0)
(0 0 0 0 0 0 0 0 0)
(0 0 0 0 0 0 0 0 0)
(0 0 0 0 0 0 0 0 0)
(0 0 0 0 0 0 0 0 0)
(0 0 0 0 0 0 0 0 0)
(0 0 0 0 0 0 0 0 0)
(0 0 0 0 0 0 0 0 0)
(0 0 0 0 0 0 0 0 0)
(0 0 0 0 0 0 0 0 0)
(0 0 0 0 0 0 0 0 0)
(0 0 0 0 0 0 0 0 0)
(0 0 0 0 0 0 0 0 0)
(0 0 0 0 0 0 0 0 0)
(0 0 0 0 0 0 0 0 0)
(0 0 0 0 0 0 0 0 0)
(0 0 0 0 0 0 0 0 0)
(0 0 0 0 0 0 0 0 0)
(0 0 0 0 0 0 0 0 0)
(0 0 0 0 0 0 0 0 0)
(0 0 0 0 0 0 0 0 0)
(0 0 0 0 0 0 0 0 0)
(0 0 0 0 0 0 0 0 0)
(0 0 0 0 0 0 0 0 0)
(0 0 0 0 0 0 0 0 0)
(0 0 0 0 0 0 0 0 0)
(0 0 0 0 0 0 0 0 0)
(0 0 0 0 0 0 0 0 0)
(0 0 0 0 0 0 0 0 0)
(0 0 0 0 0 0 0 0 0)
(0 0 0 0 0 0 0 0 0)
(0 0 0 0 0 0 0 0 0)
(0 0 0 0 0 0 0 0 0)
(0 0 0 0 0 0 0 0 0)
(0 0 0 0 0 0 0 0 0)
(0 0 0 0 0 0 0 0 0)
(0 0 0 0 0 0 0 0 0)
(0 0 0 0 0 0 0 0 0)
(0 0 0 0 0 0 0 0 0)
(0 0 0 0 0 0 0 0 0)
(0 0 0 0 0 0 0 0 0)
(0 0 0 0 0 0 0 0 0)
(0 0 0 0 0 0 0 0 0)
(0 0 0 0 0 0 0 0 0)
(0 0 0 0 0 0 0 0 0)
(0 0 0 0 0 0 0 0 0)
(0 0 0 0 0 0 0 0 0)
(0 0 0 0 0 0 0 0 0)
(0 0 0 0 0 0 0 0 0)
(0 0 0 0 0 0 0 0 0)
(0 0 0 0 0 0 0 0 0)
(0 0 0 0 0 0 0 0 0)
(0 0 0 0 0 0 0 0 0)
(0 0 0 0 0 0 0 0 0)
(0 0 0 0 0 0 0 0 0)
(0 0 0 0 0 0 0 0 0)
(0 0 0 0 0 0 0 0 0)
(0 0 0 0 0 0 0 0 0)
(0 0 0 0 0 0 0 0 0)
(0 0 0 0 0 0 0 0 0)
(0 0 0 0 0 0 0 0 0)
(0 0 0 0 0 0 0 0 0)
(0 0 0 0 0 0 0 0 0)
(0 0 0 0 0 0 0 0 0)
(0 0 0 0 0 0 0 0 0)
(0 0 0 0 0 0 0 0 0)
(0 0 0 0 0 0 0 0 0)
(0 0 0 0 0 0 0 0 0)
(0 0 0 0 0 0 0 0 0)
(0 0 0 0 0 0 0 0 0)
(0 0 0 0 0 0 0 0 0)
(0 0 0 0 0 0 0 0 0)
(0 0 0 0 0 0 0 0 0)
(0 0 0 0 0 0 0 0 0)
(0 0 0 0 0 0 0 0 0)
(0 0 0 0 0 0 0 0 0)
(0 0 0 0 0 0 0 0 0)
(0 0 0 0 0 0 0 0 0)
(0 0 0 0 0 0 0 0 0)
(0 0 0 0 0 0 0 0 0)
(0 0 0 0 0 0 0 0 0)
(0 0 0 0 0 0 0 0 0)
(0 0 0 0 0 0 0 0 0)
(0 0 0 0 0 0 0 0 0)
(0 0 0 0 0 0 0 0 0)
(0 0 0 0 0 0 0 0 0)
(0 0 0 0 0 0 0 0 0)
(0 0 0 0 0 0 0 0 0)
(0 0 0 0 0 0 0 0 0)
(0 0 0 0 0 0 0 0 0)
(0 0 0 0 0 0 0 0 0)
(0 0 0 0 0 0 0 0 0)
(0 0 0 0 0 0 0 0 0)
(0 0 0 0 0 0 0 0 0)
(0 0 0 0 0 0 0 0 0)
(0 0 0 0 0 0 0 0 0)
(0 0 0 0 0 0 0 0 0)
(0 0 0 0 0 0 0 0 0)
(0 0 0 0 0 0 0 0 0)
(0 0 0 0 0 0 0 0 0)
(0 0 0 0 0 0 0 0 0)
(0 0 0 0 0 0 0 0 0)
(0 0 0 0 0 0 0 0 0)
(0 0 0 0 0 0 0 0 0)
(0 0 0 0 0 0 0 0 0)
(0 0 0 0 0 0 0 0 0)
(0 0 0 0 0 0 0 0 0)
(0 0 0 0 0 0 0 0 0)
(0 0 0 0 0 0 0 0 0)
(0 0 0 0 0 0 0 0 0)
(0 0 0 0 0 0 0 0 0)
(0 0 0 0 0 0 0 0 0)
(0 0 0 0 0 0 0 0 0)
(0 0 0 0 0 0 0 0 0)
(0 0 0 0 0 0 0 0 0)
(0 0 0 0 0 0 0 0 0)
(0 0 0 0 0 0 0 0 0)
(0 0 0 0 0 0 0 0 0)
(0 0 0 0 0 0 0 0 0)
(0 0 0 0 0 0 0 0 0)
(0 0 0 0 0 0 0 0 0)
(0 0 0 0 0 0 0 0 0)
(0 0 0 0 0 0 0 0 0)
(0 0 0 0 0 0 0 0 0)
(0 0 0 0 0 0 0 0 0)
(0 0 0 0 0 0 0 0 0)
(0 0 0 0 0 0 0 0 0)
(0 0 0 0 0 0 0 0 0)
(0 0 0 0 0 0 0 0 0)
(0 0 0 0 0 0 0 0 0)
(0 0 0 0 0 0 0 0 0)
(0 0 0 0 0 0 0 0 0)
(0 0 0 0 0 0 0 0 0)
(0 0 0 0 0 0 0 0 0)
(0 0 0 0 0 0 0 0 0)
(0 0 0 0 0 0 0 0 0)
(0 0 0 0 0 0 0 0 0)
(0 0 0 0 0 0 0 0 0)
(0 0 0 0 0 0 0 0 0)
(0 0 0 0 0 0 0 0 0)
(0 0 0 0 0 0 0 0 0)
(0 0 0 0 0 0 0 0 0)
(0 0 0 0 0 0 0 0 0)
(0 0 0 0 0 0 0 0 0)
(0 0 0 0 0 0 0 0 0)
(0 0 0 0 0 0 0 0 0)
(0 0 0 0 0 0 0 0 0)
(0 0 0 0 0 0 0 0 0)
(0 0 0 0 0 0 0 0 0)
(0 0 0 0 0 0 0 0 0)
(0 0 0 0 0 0 0 0 0)
(0 0 0 0 0 0 0 0 0)
(0 0 0 0 0 0 0 0 0)
(0 0 0 0 0 0 0 0 0)
(0 0 0 0 0 0 0 0 0)
(0 0 0 0 0 0 0 0 0)
(0 0 0 0 0 0 0 0 0)
(0 0 0 0 0 0 0 0 0)
(0 0 0 0 0 0 0 0 0)
(0 0 0 0 0 0 0 0 0)
(0 0 0 0 0 0 0 0 0)
(0 0 0 0 0 0 0 0 0)
(0 0 0 0 0 0 0 0 0)
(0 0 0 0 0 0 0 0 0)
(0 0 0 0 0 0 0 0 0)
(0 0 0 0 0 0 0 0 0)
(0 0 0 0 0 0 0 0 0)
(0 0 0 0 0 0 0 0 0)
(0 0 0 0 0 0 0 0 0)
(0 0 0 0 0 0 0 0 0)
(0 0 0 0 0 0 0 0 0)
(0 0 0 0 0 0 0 0 0)
(0 0 0 0 0 0 0 0 0)
(0 0 0 0 0 0 0 0 0)
(0 0 0 0 0 0 0 0 0)
(0 0 0 0 0 0 0 0 0)
(0 0 0 0 0 0 0 0 0)
(0 0 0 0 0 0 0 0 0)
(0 0 0 0 0 0 0 0 0)
(0 0 0 0 0 0 0 0 0)
(0 0 0 0 0 0 0 0 0)
(0 0 0 0 0 0 0 0 0)
(0 0 0 0 0 0 0 0 0)
(0 0 0 0 0 0 0 0 0)
(0 0 0 0 0 0 0 0 0)
(0 0 0 0 0 0 0 0 0)
(0 0 0 0 0 0 0 0 0)
(0 0 0 0 0 0 0 0 0)
(0 0 0 0 0 0 0 0 0)
(0 0 0 0 0 0 0 0 0)
(0 0 0 0 0 0 0 0 0)
(0 0 0 0 0 0 0 0 0)
(0 0 0 0 0 0 0 0 0)
(0 0 0 0 0 0 0 0 0)
(0 0 0 0 0 0 0 0 0)
(0 0 0 0 0 0 0 0 0)
(0 0 0 0 0 0 0 0 0)
(0 0 0 0 0 0 0 0 0)
(0 0 0 0 0 0 0 0 0)
(0 0 0 0 0 0 0 0 0)
(0 0 0 0 0 0 0 0 0)
(0 0 0 0 0 0 0 0 0)
(0 0 0 0 0 0 0 0 0)
(0 0 0 0 0 0 0 0 0)
(0 0 0 0 0 0 0 0 0)
(0 0 0 0 0 0 0 0 0)
(0 0 0 0 0 0 0 0 0)
(0 0 0 0 0 0 0 0 0)
(0 0 0 0 0 0 0 0 0)
(0 0 0 0 0 0 0 0 0)
(0 0 0 0 0 0 0 0 0)
(0 0 0 0 0 0 0 0 0)
(0 0 0 0 0 0 0 0 0)
(0 0 0 0 0 0 0 0 0)
(0 0 0 0 0 0 0 0 0)
(0 0 0 0 0 0 0 0 0)
(0 0 0 0 0 0 0 0 0)
(0 0 0 0 0 0 0 0 0)
(0 0 0 0 0 0 0 0 0)
(0 0 0 0 0 0 0 0 0)
(0 0 0 0 0 0 0 0 0)
(0 0 0 0 0 0 0 0 0)
(0 0 0 0 0 0 0 0 0)
(0 0 0 0 0 0 0 0 0)
(0 0 0 0 0 0 0 0 0)
(0 0 0 0 0 0 0 0 0)
(0 0 0 0 0 0 0 0 0)
(0 0 0 0 0 0 0 0 0)
(0 0 0 0 0 0 0 0 0)
(0 0 0 0 0 0 0 0 0)
(0 0 0 0 0 0 0 0 0)
(0 0 0 0 0 0 0 0 0)
(0 0 0 0 0 0 0 0 0)
(0 0 0 0 0 0 0 0 0)
(0 0 0 0 0 0 0 0 0)
(0 0 0 0 0 0 0 0 0)
(0 0 0 0 0 0 0 0 0)
(0 0 0 0 0 0 0 0 0)
(0 0 0 0 0 0 0 0 0)
(0 0 0 0 0 0 0 0 0)
(0 0 0 0 0 0 0 0 0)
(0 0 0 0 0 0 0 0 0)
(0 0 0 0 0 0 0 0 0)
(0 0 0 0 0 0 0 0 0)
(0 0 0 0 0 0 0 0 0)
(0 0 0 0 0 0 0 0 0)
(0 0 0 0 0 0 0 0 0)
(0 0 0 0 0 0 0 0 0)
(0 0 0 0 0 0 0 0 0)
(0 0 0 0 0 0 0 0 0)
(0 0 0 0 0 0 0 0 0)
(0 0 0 0 0 0 0 0 0)
(0 0 0 0 0 0 0 0 0)
(0 0 0 0 0 0 0 0 0)
(0 0 0 0 0 0 0 0 0)
(0 0 0 0 0 0 0 0 0)
(0 0 0 0 0 0 0 0 0)
(0 0 0 0 0 0 0 0 0)
(0 0 0 0 0 0 0 0 0)
(0 0 0 0 0 0 0 0 0)
(0 0 0 0 0 0 0 0 0)
(0 0 0 0 0 0 0 0 0)
(0 0 0 0 0 0 0 0 0)
(0 0 0 0 0 0 0 0 0)
(0 0 0 0 0 0 0 0 0)
(0 0 0 0 0 0 0 0 0)
(0 0 0 0 0 0 0 0 0)
(0 0 0 0 0 0 0 0 0)
(0 0 0 0 0 0 0 0 0)
(0 0 0 0 0 0 0 0 0)
(0 0 0 0 0 0 0 0 0)
(0 0 0 0 0 0 0 0 0)
(0 0 0 0 0 0 0 0 0)
(0 0 0 0 0 0 0 0 0)
(0 0 0 0 0 0 0 0 0)
(0 0 0 0 0 0 0 0 0)
(0 0 0 0 0 0 0 0 0)
(0 0 0 0 0 0 0 0 0)
(0 0 0 0 0 0 0 0 0)
(0 0 0 0 0 0 0 0 0)
(0 0 0 0 0 0 0 0 0)
(0 0 0 0 0 0 0 0 0)
(0 0 0 0 0 0 0 0 0)
(0 0 0 0 0 0 0 0 0)
(0 0 0 0 0 0 0 0 0)
(0 0 0 0 0 0 0 0 0)
(0 0 0 0 0 0 0 0 0)
(0 0 0 0 0 0 0 0 0)
(0 0 0 0 0 0 0 0 0)
(0 0 0 0 0 0 0 0 0)
(0 0 0 0 0 0 0 0 0)
(0 0 0 0 0 0 0 0 0)
(0 0 0 0 0 0 0 0 0)
(0 0 0 0 0 0 0 0 0)
(0 0 0 0 0 0 0 0 0)
(0 0 0 0 0 0 0 0 0)
(0 0 0 0 0 0 0 0 0)
(0 0 0 0 0 0 0 0 0)
(0 0 0 0 0 0 0 0 0)
(0 0 0 0 0 0 0 0 0)
(0 0 0 0 0 0 0 0 0)
(0 0 0 0 0 0 0 0 0)
(0 0 0 0 0 0 0 0 0)
(0 0 0 0 0 0 0 0 0)
(0 0 0 0 0 0 0 0 0)
(0 0 0 0 0 0 0 0 0)
(0 0 0 0 0 0 0 0 0)
(0 0 0 0 0 0 0 0 0)
(0 0 0 0 0 0 0 0 0)
(0 0 0 0 0 0 0 0 0)
(0 0 0 0 0 0 0 0 0)
(0 0 0 0 0 0 0 0 0)
(0 0 0 0 0 0 0 0 0)
(0 0 0 0 0 0 0 0 0)
(0 0 0 0 0 0 0 0 0)
(0 0 0 0 0 0 0 0 0)
(0 0 0 0 0 0 0 0 0)
(0 0 0 0 0 0 0 0 0)
(0 0 0 0 0 0 0 0 0)
(0 0 0 0 0 0 0 0 0)
(0 0 0 0 0 0 0 0 0)
(0 0 0 0 0 0 0 0 0)
(0 0 0 0 0 0 0 0 0)
(0 0 0 0 0 0 0 0 0)
(0 0 0 0 0 0 0 0 0)
(0 0 0 0 0 0 0 0 0)
(0 0 0 0 0 0 0 0 0)
(0 0 0 0 0 0 0 0 0)
(0 0 0 0 0 0 0 0 0)
(0 0 0 0 0 0 0 0 0)
(0 0 0 0 0 0 0 0 0)
(0 0 0 0 0 0 0 0 0)
(0 0 0 0 0 0 0 0 0)
(0 0 0 0 0 0 0 0 0)
(0 0 0 0 0 0 0 0 0)
(0 0 0 0 0 0 0 0 0)
(0 0 0 0 0 0 0 0 0)
(0 0 0 0 0 0 0 0 0)
(0 0 0 0 0 0 0 0 0)
(0 0 0 0 0 0 0 0 0)
(0 0 0 0 0 0 0 0 0)
(0 0 0 0 0 0 0 0 0)
(0 0 0 0 0 0 0 0 0)
(0 0 0 0 0 0 0 0 0)
(0 0 0 0 0 0 0 0 0)
(0 0 0 0 0 0 0 0 0)
(0 0 0 0 0 0 0 0 0)
(0 0 0 0 0 0 0 0 0)
(0 0 0 0 0 0 0 0 0)
(0 0 0 0 0 0 0 0 0)
(0 0 0 0 0 0 0 0 0)
(0 0 0 0 0 0 0 0 0)
(0 0 0 0 0 0 0 0 0)
(0 0 0 0 0 0 0 0 0)
(0 0 0 0 0 0 0 0 0)
(0 0 0 0 0 0 0 0 0)
(0 0 0 0 0 0 0 0 0)
(0 0 0 0 0 0 0 0 0)
(0 0 0 0 0 0 0 0 0)
(0 0 0 0 0 0 0 0 0)
(0 0 0 0 0 0 0 0 0)
(0 0 0 0 0 0 0 0 0)
(0 0 0 0 0 0 0 0 0)
(0 0 0 0 0 0 0 0 0)
(0 0 0 0 0 0 0 0 0)
(0 0 0 0 0 0 0 0 0)
(0 0 0 0 0 0 0 0 0)
(0 0 0 0 0 0 0 0 0)
(0 0 0 0 0 0 0 0 0)
(0 0 0 0 0 0 0 0 0)
(0 0 0 0 0 0 0 0 0)
(0 0 0 0 0 0 0 0 0)
(0 0 0 0 0 0 0 0 0)
(0 0 0 0 0 0 0 0 0)
(0 0 0 0 0 0 0 0 0)
(0 0 0 0 0 0 0 0 0)
(0 0 0 0 0 0 0 0 0)
(0 0 0 0 0 0 0 0 0)
(0 0 0 0 0 0 0 0 0)
(0 0 0 0 0 0 0 0 0)
(0 0 0 0 0 0 0 0 0)
(0 0 0 0 0 0 0 0 0)
(0 0 0 0 0 0 0 0 0)
(0 0 0 0 0 0 0 0 0)
(0 0 0 0 0 0 0 0 0)
(0 0 0 0 0 0 0 0 0)
(0 0 0 0 0 0 0 0 0)
(0 0 0 0 0 0 0 0 0)
(0 0 0 0 0 0 0 0 0)
(0 0 0 0 0 0 0 0 0)
(0 0 0 0 0 0 0 0 0)
(0 0 0 0 0 0 0 0 0)
(0 0 0 0 0 0 0 0 0)
(0 0 0 0 0 0 0 0 0)
(0 0 0 0 0 0 0 0 0)
(0 0 0 0 0 0 0 0 0)
(0 0 0 0 0 0 0 0 0)
(0 0 0 0 0 0 0 0 0)
(0 0 0 0 0 0 0 0 0)
(0 0 0 0 0 0 0 0 0)
(0 0 0 0 0 0 0 0 0)
(0 0 0 0 0 0 0 0 0)
(0 0 0 0 0 0 0 0 0)
(0 0 0 0 0 0 0 0 0)
(0 0 0 0 0 0 0 0 0)
(0 0 0 0 0 0 0 0 0)
(0 0 0 0 0 0 0 0 0)
(0 0 0 0 0 0 0 0 0)
(0 0 0 0 0 0 0 0 0)
(0 0 0 0 0 0 0 0 0)
(0 0 0 0 0 0 0 0 0)
(0 0 0 0 0 0 0 0 0)
(0 0 0 0 0 0 0 0 0)
(0 0 0 0 0 0 0 0 0)
(0 0 0 0 0 0 0 0 0)
(0 0 0 0 0 0 0 0 0)
(0 0 0 0 0 0 0 0 0)
(0 0 0 0 0 0 0 0 0)
(0 0 0 0 0 0 0 0 0)
(0 0 0 0 0 0 0 0 0)
(0 0 0 0 0 0 0 0 0)
(0 0 0 0 0 0 0 0 0)
(0 0 0 0 0 0 0 0 0)
(0 0 0 0 0 0 0 0 0)
(0 0 0 0 0 0 0 0 0)
(0 0 0 0 0 0 0 0 0)
(0 0 0 0 0 0 0 0 0)
(0 0 0 0 0 0 0 0 0)
(0 0 0 0 0 0 0 0 0)
(0 0 0 0 0 0 0 0 0)
(0 0 0 0 0 0 0 0 0)
(0 0 0 0 0 0 0 0 0)
(0 0 0 0 0 0 0 0 0)
(0 0 0 0 0 0 0 0 0)
(0 0 0 0 0 0 0 0 0)
(0 0 0 0 0 0 0 0 0)
(0 0 0 0 0 0 0 0 0)
(0 0 0 0 0 0 0 0 0)
(0 0 0 0 0 0 0 0 0)
(0 0 0 0 0 0 0 0 0)
(0 0 0 0 0 0 0 0 0)
(0 0 0 0 0 0 0 0 0)
(0 0 0 0 0 0 0 0 0)
(0 0 0 0 0 0 0 0 0)
(0 0 0 0 0 0 0 0 0)
(0 0 0 0 0 0 0 0 0)
(0 0 0 0 0 0 0 0 0)
(0 0 0 0 0 0 0 0 0)
(0 0 0 0 0 0 0 0 0)
(0 0 0 0 0 0 0 0 0)
(0 0 0 0 0 0 0 0 0)
(0 0 0 0 0 0 0 0 0)
(0 0 0 0 0 0 0 0 0)
(0 0 0 0 0 0 0 0 0)
(0 0 0 0 0 0 0 0 0)
(0 0 0 0 0 0 0 0 0)
(0 0 0 0 0 0 0 0 0)
(0 0 0 0 0 0 0 0 0)
(0 0 0 0 0 0 0 0 0)
(0 0 0 0 0 0 0 0 0)
(0 0 0 0 0 0 0 0 0)
(0 0 0 0 0 0 0 0 0)
(0 0 0 0 0 0 0 0 0)
(0 0 0 0 0 0 0 0 0)
(0 0 0 0 0 0 0 0 0)
(0 0 0 0 0 0 0 0 0)
(0 0 0 0 0 0 0 0 0)
(0 0 0 0 0 0 0 0 0)
(0 0 0 0 0 0 0 0 0)
(0 0 0 0 0 0 0 0 0)
(0 0 0 0 0 0 0 0 0)
(0 0 0 0 0 0 0 0 0)
(0 0 0 0 0 0 0 0 0)
(0 0 0 0 0 0 0 0 0)
(0 0 0 0 0 0 0 0 0)
(0 0 0 0 0 0 0 0 0)
(0 0 0 0 0 0 0 0 0)
(0 0 0 0 0 0 0 0 0)
(0 0 0 0 0 0 0 0 0)
(0 0 0 0 0 0 0 0 0)
(0 0 0 0 0 0 0 0 0)
(0 0 0 0 0 0 0 0 0)
(0 0 0 0 0 0 0 0 0)
(0 0 0 0 0 0 0 0 0)
(0 0 0 0 0 0 0 0 0)
(0 0 0 0 0 0 0 0 0)
(0 0 0 0 0 0 0 0 0)
(0 0 0 0 0 0 0 0 0)
(0 0 0 0 0 0 0 0 0)
(0 0 0 0 0 0 0 0 0)
(0 0 0 0 0 0 0 0 0)
(0 0 0 0 0 0 0 0 0)
(0 0 0 0 0 0 0 0 0)
(0 0 0 0 0 0 0 0 0)
(0 0 0 0 0 0 0 0 0)
(0 0 0 0 0 0 0 0 0)
(0 0 0 0 0 0 0 0 0)
(0 0 0 0 0 0 0 0 0)
(0 0 0 0 0 0 0 0 0)
(0 0 0 0 0 0 0 0 0)
(0 0 0 0 0 0 0 0 0)
(0 0 0 0 0 0 0 0 0)
(0 0 0 0 0 0 0 0 0)
(0 0 0 0 0 0 0 0 0)
(0 0 0 0 0 0 0 0 0)
(0 0 0 0 0 0 0 0 0)
(0 0 0 0 0 0 0 0 0)
(0 0 0 0 0 0 0 0 0)
(0 0 0 0 0 0 0 0 0)
(0 0 0 0 0 0 0 0 0)
(0 0 0 0 0 0 0 0 0)
(0 0 0 0 0 0 0 0 0)
(0 0 0 0 0 0 0 0 0)
(0 0 0 0 0 0 0 0 0)
(0 0 0 0 0 0 0 0 0)
(0 0 0 0 0 0 0 0 0)
(0 0 0 0 0 0 0 0 0)
(0 0 0 0 0 0 0 0 0)
(0 0 0 0 0 0 0 0 0)
(0 0 0 0 0 0 0 0 0)
(0 0 0 0 0 0 0 0 0)
(0 0 0 0 0 0 0 0 0)
(0 0 0 0 0 0 0 0 0)
(0 0 0 0 0 0 0 0 0)
(0 0 0 0 0 0 0 0 0)
(0 0 0 0 0 0 0 0 0)
(0 0 0 0 0 0 0 0 0)
(0 0 0 0 0 0 0 0 0)
(0 0 0 0 0 0 0 0 0)
(0 0 0 0 0 0 0 0 0)
(0 0 0 0 0 0 0 0 0)
(0 0 0 0 0 0 0 0 0)
(0 0 0 0 0 0 0 0 0)
(0 0 0 0 0 0 0 0 0)
(0 0 0 0 0 0 0 0 0)
(0 0 0 0 0 0 0 0 0)
(0 0 0 0 0 0 0 0 0)
(0 0 0 0 0 0 0 0 0)
(0 0 0 0 0 0 0 0 0)
(0 0 0 0 0 0 0 0 0)
(0 0 0 0 0 0 0 0 0)
(0 0 0 0 0 0 0 0 0)
(0 0 0 0 0 0 0 0 0)
(0 0 0 0 0 0 0 0 0)
(0 0 0 0 0 0 0 0 0)
(0 0 0 0 0 0 0 0 0)
(0 0 0 0 0 0 0 0 0)
(0 0 0 0 0 0 0 0 0)
(0 0 0 0 0 0 0 0 0)
(0 0 0 0 0 0 0 0 0)
(0 0 0 0 0 0 0 0 0)
(0 0 0 0 0 0 0 0 0)
(0 0 0 0 0 0 0 0 0)
(0 0 0 0 0 0 0 0 0)
(0 0 0 0 0 0 0 0 0)
(0 0 0 0 0 0 0 0 0)
(0 0 0 0 0 0 0 0 0)
(0 0 0 0 0 0 0 0 0)
(0 0 0 0 0 0 0 0 0)
(0 0 0 0 0 0 0 0 0)
(0 0 0 0 0 0 0 0 0)
(0 0 0 0 0 0 0 0 0)
(0 0 0 0 0 0 0 0 0)
(0 0 0 0 0 0 0 0 0)
(0 0 0 0 0 0 0 0 0)
(0 0 0 0 0 0 0 0 0)
(0 0 0 0 0 0 0 0 0)
(0 0 0 0 0 0 0 0 0)
(0 0 0 0 0 0 0 0 0)
(0 0 0 0 0 0 0 0 0)
(0 0 0 0 0 0 0 0 0)
(0 0 0 0 0 0 0 0 0)
(0 0 0 0 0 0 0 0 0)
(0 0 0 0 0 0 0 0 0)
(0 0 0 0 0 0 0 0 0)
(0 0 0 0 0 0 0 0 0)
(0 0 0 0 0 0 0 0 0)
(0 0 0 0 0 0 0 0 0)
(0 0 0 0 0 0 0 0 0)
(0 0 0 0 0 0 0 0 0)
(0 0 0 0 0 0 0 0 0)
(0 0 0 0 0 0 0 0 0)
(0 0 0 0 0 0 0 0 0)
(0 0 0 0 0 0 0 0 0)
(0 0 0 0 0 0 0 0 0)
(0 0 0 0 0 0 0 0 0)
(0 0 0 0 0 0 0 0 0)
(0 0 0 0 0 0 0 0 0)
(0 0 0 0 0 0 0 0 0)
(0 0 0 0 0 0 0 0 0)
(0 0 0 0 0 0 0 0 0)
(0 0 0 0 0 0 0 0 0)
(0 0 0 0 0 0 0 0 0)
(0 0 0 0 0 0 0 0 0)
(0 0 0 0 0 0 0 0 0)
(0 0 0 0 0 0 0 0 0)
(0 0 0 0 0 0 0 0 0)
(0 0 0 0 0 0 0 0 0)
(0 0 0 0 0 0 0 0 0)
(0 0 0 0 0 0 0 0 0)
(0 0 0 0 0 0 0 0 0)
(0 0 0 0 0 0 0 0 0)
(0 0 0 0 0 0 0 0 0)
(0 0 0 0 0 0 0 0 0)
(0 0 0 0 0 0 0 0 0)
(0 0 0 0 0 0 0 0 0)
(0 0 0 0 0 0 0 0 0)
(0 0 0 0 0 0 0 0 0)
(0 0 0 0 0 0 0 0 0)
(0 0 0 0 0 0 0 0 0)
(0 0 0 0 0 0 0 0 0)
(0 0 0 0 0 0 0 0 0)
(0 0 0 0 0 0 0 0 0)
(0 0 0 0 0 0 0 0 0)
(0 0 0 0 0 0 0 0 0)
(0 0 0 0 0 0 0 0 0)
(0 0 0 0 0 0 0 0 0)
(0 0 0 0 0 0 0 0 0)
(0 0 0 0 0 0 0 0 0)
(0 0 0 0 0 0 0 0 0)
(0 0 0 0 0 0 0 0 0)
(0 0 0 0 0 0 0 0 0)
(0 0 0 0 0 0 0 0 0)
(0 0 0 0 0 0 0 0 0)
(0 0 0 0 0 0 0 0 0)
(0 0 0 0 0 0 0 0 0)
(0 0 0 0 0 0 0 0 0)
(0 0 0 0 0 0 0 0 0)
(0 0 0 0 0 0 0 0 0)
(0 0 0 0 0 0 0 0 0)
(0 0 0 0 0 0 0 0 0)
(0 0 0 0 0 0 0 0 0)
(0 0 0 0 0 0 0 0 0)
(0 0 0 0 0 0 0 0 0)
(0 0 0 0 0 0 0 0 0)
(0 0 0 0 0 0 0 0 0)
(0 0 0 0 0 0 0 0 0)
(0 0 0 0 0 0 0 0 0)
(0 0 0 0 0 0 0 0 0)
(0 0 0 0 0 0 0 0 0)
(0 0 0 0 0 0 0 0 0)
(0 0 0 0 0 0 0 0 0)
(0 0 0 0 0 0 0 0 0)
(0 0 0 0 0 0 0 0 0)
(0 0 0 0 0 0 0 0 0)
(0 0 0 0 0 0 0 0 0)
(0 0 0 0 0 0 0 0 0)
(0 0 0 0 0 0 0 0 0)
(0 0 0 0 0 0 0 0 0)
(0 0 0 0 0 0 0 0 0)
(0 0 0 0 0 0 0 0 0)
(0 0 0 0 0 0 0 0 0)
(0 0 0 0 0 0 0 0 0)
(0 0 0 0 0 0 0 0 0)
(0 0 0 0 0 0 0 0 0)
(0 0 0 0 0 0 0 0 0)
(0 0 0 0 0 0 0 0 0)
(0 0 0 0 0 0 0 0 0)
(0 0 0 0 0 0 0 0 0)
(0 0 0 0 0 0 0 0 0)
(0 0 0 0 0 0 0 0 0)
(0 0 0 0 0 0 0 0 0)
(0 0 0 0 0 0 0 0 0)
(0 0 0 0 0 0 0 0 0)
(0 0 0 0 0 0 0 0 0)
(0 0 0 0 0 0 0 0 0)
(0 0 0 0 0 0 0 0 0)
(0 0 0 0 0 0 0 0 0)
(0 0 0 0 0 0 0 0 0)
(0 0 0 0 0 0 0 0 0)
(0 0 0 0 0 0 0 0 0)
(0 0 0 0 0 0 0 0 0)
(0 0 0 0 0 0 0 0 0)
(0 0 0 0 0 0 0 0 0)
(0 0 0 0 0 0 0 0 0)
(0 0 0 0 0 0 0 0 0)
(0 0 0 0 0 0 0 0 0)
(0 0 0 0 0 0 0 0 0)
(0 0 0 0 0 0 0 0 0)
(0 0 0 0 0 0 0 0 0)
(0 0 0 0 0 0 0 0 0)
(0 0 0 0 0 0 0 0 0)
(0 0 0 0 0 0 0 0 0)
(0 0 0 0 0 0 0 0 0)
(0 0 0 0 0 0 0 0 0)
(0 0 0 0 0 0 0 0 0)
(0 0 0 0 0 0 0 0 0)
(0 0 0 0 0 0 0 0 0)
(0 0 0 0 0 0 0 0 0)
(0 0 0 0 0 0 0 0 0)
(0 0 0 0 0 0 0 0 0)
(0 0 0 0 0 0 0 0 0)
(0 0 0 0 0 0 0 0 0)
(0 0 0 0 0 0 0 0 0)
(0 0 0 0 0 0 0 0 0)
(0 0 0 0 0 0 0 0 0)
(0 0 0 0 0 0 0 0 0)
(0 0 0 0 0 0 0 0 0)
(0 0 0 0 0 0 0 0 0)
(0 0 0 0 0 0 0 0 0)
(0 0 0 0 0 0 0 0 0)
(0 0 0 0 0 0 0 0 0)
(0 0 0 0 0 0 0 0 0)
(0 0 0 0 0 0 0 0 0)
(0 0 0 0 0 0 0 0 0)
(0 0 0 0 0 0 0 0 0)
(0 0 0 0 0 0 0 0 0)
(0 0 0 0 0 0 0 0 0)
(0 0 0 0 0 0 0 0 0)
(0 0 0 0 0 0 0 0 0)
(0 0 0 0 0 0 0 0 0)
(0 0 0 0 0 0 0 0 0)
(0 0 0 0 0 0 0 0 0)
(0 0 0 0 0 0 0 0 0)
(0 0 0 0 0 0 0 0 0)
(0 0 0 0 0 0 0 0 0)
(0 0 0 0 0 0 0 0 0)
(0 0 0 0 0 0 0 0 0)
(0 0 0 0 0 0 0 0 0)
(0 0 0 0 0 0 0 0 0)
(0 0 0 0 0 0 0 0 0)
(0 0 0 0 0 0 0 0 0)
(0 0 0 0 0 0 0 0 0)
(0 0 0 0 0 0 0 0 0)
(0 0 0 0 0 0 0 0 0)
(0 0 0 0 0 0 0 0 0)
(0 0 0 0 0 0 0 0 0)
(0 0 0 0 0 0 0 0 0)
(0 0 0 0 0 0 0 0 0)
(0 0 0 0 0 0 0 0 0)
(0 0 0 0 0 0 0 0 0)
(0 0 0 0 0 0 0 0 0)
(0 0 0 0 0 0 0 0 0)
(0 0 0 0 0 0 0 0 0)
(0 0 0 0 0 0 0 0 0)
(0 0 0 0 0 0 0 0 0)
(0 0 0 0 0 0 0 0 0)
(0 0 0 0 0 0 0 0 0)
(0 0 0 0 0 0 0 0 0)
(0 0 0 0 0 0 0 0 0)
(0 0 0 0 0 0 0 0 0)
(0 0 0 0 0 0 0 0 0)
(0 0 0 0 0 0 0 0 0)
(0 0 0 0 0 0 0 0 0)
(0 0 0 0 0 0 0 0 0)
(0 0 0 0 0 0 0 0 0)
(0 0 0 0 0 0 0 0 0)
(0 0 0 0 0 0 0 0 0)
(0 0 0 0 0 0 0 0 0)
(0 0 0 0 0 0 0 0 0)
(0 0 0 0 0 0 0 0 0)
(0 0 0 0 0 0 0 0 0)
(0 0 0 0 0 0 0 0 0)
(0 0 0 0 0 0 0 0 0)
(0 0 0 0 0 0 0 0 0)
(0 0 0 0 0 0 0 0 0)
(0 0 0 0 0 0 0 0 0)
(0 0 0 0 0 0 0 0 0)
(0 0 0 0 0 0 0 0 0)
(0 0 0 0 0 0 0 0 0)
(0 0 0 0 0 0 0 0 0)
(0 0 0 0 0 0 0 0 0)
(0 0 0 0 0 0 0 0 0)
(0 0 0 0 0 0 0 0 0)
(0 0 0 0 0 0 0 0 0)
(0 0 0 0 0 0 0 0 0)
(0 0 0 0 0 0 0 0 0)
(0 0 0 0 0 0 0 0 0)
(0 0 0 0 0 0 0 0 0)
(0 0 0 0 0 0 0 0 0)
(0 0 0 0 0 0 0 0 0)
(0 0 0 0 0 0 0 0 0)
(0 0 0 0 0 0 0 0 0)
(0 0 0 0 0 0 0 0 0)
(0 0 0 0 0 0 0 0 0)
(0 0 0 0 0 0 0 0 0)
(0 0 0 0 0 0 0 0 0)
(0 0 0 0 0 0 0 0 0)
(0 0 0 0 0 0 0 0 0)
(0 0 0 0 0 0 0 0 0)
(0 0 0 0 0 0 0 0 0)
(0 0 0 0 0 0 0 0 0)
(0 0 0 0 0 0 0 0 0)
(0 0 0 0 0 0 0 0 0)
(0 0 0 0 0 0 0 0 0)
(0 0 0 0 0 0 0 0 0)
(0 0 0 0 0 0 0 0 0)
(0 0 0 0 0 0 0 0 0)
(0 0 0 0 0 0 0 0 0)
(0 0 0 0 0 0 0 0 0)
(0 0 0 0 0 0 0 0 0)
(0 0 0 0 0 0 0 0 0)
(0 0 0 0 0 0 0 0 0)
(0 0 0 0 0 0 0 0 0)
(0 0 0 0 0 0 0 0 0)
(0 0 0 0 0 0 0 0 0)
(0 0 0 0 0 0 0 0 0)
(0 0 0 0 0 0 0 0 0)
(0 0 0 0 0 0 0 0 0)
(0 0 0 0 0 0 0 0 0)
(0 0 0 0 0 0 0 0 0)
(0 0 0 0 0 0 0 0 0)
(0 0 0 0 0 0 0 0 0)
(0 0 0 0 0 0 0 0 0)
(0 0 0 0 0 0 0 0 0)
(0 0 0 0 0 0 0 0 0)
(0 0 0 0 0 0 0 0 0)
(0 0 0 0 0 0 0 0 0)
(0 0 0 0 0 0 0 0 0)
(0 0 0 0 0 0 0 0 0)
(0 0 0 0 0 0 0 0 0)
(0 0 0 0 0 0 0 0 0)
(0 0 0 0 0 0 0 0 0)
(0 0 0 0 0 0 0 0 0)
(0 0 0 0 0 0 0 0 0)
(0 0 0 0 0 0 0 0 0)
(0 0 0 0 0 0 0 0 0)
(0 0 0 0 0 0 0 0 0)
(0 0 0 0 0 0 0 0 0)
(0.00127995 0 0 0 0.000159994 0 0 0 0.000159994)
(0.00128032 0 0 0 0.00016004 0 0 0 0.00016004)
(0.00128092 0 0 0 0.000160115 0 0 0 0.000160115)
(0.0012818 0 0 0 0.000160225 0 0 0 0.000160225)
(0.00128261 0 0 0 0.000160326 0 0 0 0.000160326)
(0.00128337 0 0 0 0.000160422 0 0 0 0.000160422)
(0.00128411 0 0 0 0.000160514 0 0 0 0.000160514)
(0.00128482 0 0 0 0.000160603 0 0 0 0.000160603)
(0.00128553 0 0 0 0.000160691 0 0 0 0.000160691)
(0.00128622 0 0 0 0.000160778 0 0 0 0.000160778)
(0.00128691 0 0 0 0.000160864 0 0 0 0.000160864)
(0.0012876 0 0 0 0.00016095 0 0 0 0.00016095)
(0.00128829 0 0 0 0.000161036 0 0 0 0.000161036)
(0.00128897 0 0 0 0.000161121 0 0 0 0.000161121)
(0.00128965 0 0 0 0.000161207 0 0 0 0.000161207)
(0.00129034 0 0 0 0.000161292 0 0 0 0.000161292)
(0.00129102 0 0 0 0.000161378 0 0 0 0.000161378)
(0.00129171 0 0 0 0.000161463 0 0 0 0.000161463)
(0.00129239 0 0 0 0.000161549 0 0 0 0.000161549)
(0.00129307 0 0 0 0.000161634 0 0 0 0.000161634)
(0.00129375 0 0 0 0.000161719 0 0 0 0.000161719)
(0.00129444 0 0 0 0.000161805 0 0 0 0.000161805)
(0.00129512 0 0 0 0.00016189 0 0 0 0.00016189)
(0.0012958 0 0 0 0.000161975 0 0 0 0.000161975)
(0.00129648 0 0 0 0.00016206 0 0 0 0.00016206)
(0.00129716 0 0 0 0.000162145 0 0 0 0.000162145)
(0.00129784 0 0 0 0.000162229 0 0 0 0.000162229)
(0.00129851 0 0 0 0.000162314 0 0 0 0.000162314)
(0.00129919 0 0 0 0.000162398 0 0 0 0.000162398)
(0.00129986 0 0 0 0.000162482 0 0 0 0.000162482)
(0.00130053 0 0 0 0.000162566 0 0 0 0.000162566)
(0.0013012 0 0 0 0.00016265 0 0 0 0.00016265)
(0.00130186 0 0 0 0.000162733 0 0 0 0.000162733)
(0.00130252 0 0 0 0.000162816 0 0 0 0.000162816)
(0.00130318 0 0 0 0.000162898 0 0 0 0.000162898)
(0.00130384 0 0 0 0.00016298 0 0 0 0.00016298)
(0.00130449 0 0 0 0.000163062 0 0 0 0.000163062)
(0.00130514 0 0 0 0.000163143 0 0 0 0.000163143)
(0.00130579 0 0 0 0.000163224 0 0 0 0.000163224)
(0.00130643 0 0 0 0.000163304 0 0 0 0.000163304)
(0.00130707 0 0 0 0.000163384 0 0 0 0.000163384)
(0.0013077 0 0 0 0.000163463 0 0 0 0.000163463)
(0.00130833 0 0 0 0.000163541 0 0 0 0.000163541)
(0.00130896 0 0 0 0.000163619 0 0 0 0.000163619)
(0.00130957 0 0 0 0.000163697 0 0 0 0.000163697)
(0.00131019 0 0 0 0.000163774 0 0 0 0.000163774)
(0.0013108 0 0 0 0.00016385 0 0 0 0.00016385)
(0.0013114 0 0 0 0.000163925 0 0 0 0.000163925)
(0.001312 0 0 0 0.000164 0 0 0 0.000164)
(0.00131259 0 0 0 0.000164074 0 0 0 0.000164074)
(0.00131318 0 0 0 0.000164147 0 0 0 0.000164147)
(0.00131376 0 0 0 0.00016422 0 0 0 0.00016422)
(0.00131433 0 0 0 0.000164291 0 0 0 0.000164291)
(0.0013149 0 0 0 0.000164362 0 0 0 0.000164362)
(0.00131546 0 0 0 0.000164432 0 0 0 0.000164432)
(0.00131601 0 0 0 0.000164501 0 0 0 0.000164501)
(0.00131656 0 0 0 0.00016457 0 0 0 0.00016457)
(0.0013171 0 0 0 0.000164637 0 0 0 0.000164637)
(0.00131763 0 0 0 0.000164704 0 0 0 0.000164704)
(0.00131815 0 0 0 0.000164769 0 0 0 0.000164769)
(0.00131867 0 0 0 0.000164834 0 0 0 0.000164834)
(0.00131918 0 0 0 0.000164897 0 0 0 0.000164897)
(0.00131968 0 0 0 0.00016496 0 0 0 0.00016496)
(0.00132017 0 0 0 0.000165022 0 0 0 0.000165022)
(0.00132066 0 0 0 0.000165083 0 0 0 0.000165083)
(0.00132114 0 0 0 0.000165142 0 0 0 0.000165142)
(0.00132161 0 0 0 0.000165201 0 0 0 0.000165201)
(0.00132207 0 0 0 0.000165259 0 0 0 0.000165259)
(0.00132252 0 0 0 0.000165315 0 0 0 0.000165315)
(0.00132297 0 0 0 0.000165371 0 0 0 0.000165371)
(0.0013234 0 0 0 0.000165425 0 0 0 0.000165425)
(0.00132383 0 0 0 0.000165479 0 0 0 0.000165479)
(0.00132425 0 0 0 0.000165531 0 0 0 0.000165531)
(0.00132466 0 0 0 0.000165582 0 0 0 0.000165582)
(0.00132506 0 0 0 0.000165632 0 0 0 0.000165632)
(0.00132545 0 0 0 0.000165681 0 0 0 0.000165681)
(0.00132584 0 0 0 0.000165729 0 0 0 0.000165729)
(0.00132621 0 0 0 0.000165776 0 0 0 0.000165776)
(0.00132658 0 0 0 0.000165822 0 0 0 0.000165822)
(0.00132693 0 0 0 0.000165867 0 0 0 0.000165867)
(0.00132728 0 0 0 0.00016591 0 0 0 0.00016591)
(0.00132762 0 0 0 0.000165953 0 0 0 0.000165953)
(0.00132796 0 0 0 0.000165994 0 0 0 0.000165994)
(0.00132828 0 0 0 0.000166035 0 0 0 0.000166035)
(0.00132859 0 0 0 0.000166074 0 0 0 0.000166074)
(0.0013289 0 0 0 0.000166112 0 0 0 0.000166112)
(0.00132919 0 0 0 0.000166149 0 0 0 0.000166149)
(0.00132948 0 0 0 0.000166185 0 0 0 0.000166185)
(0.00132976 0 0 0 0.00016622 0 0 0 0.00016622)
(0.00133003 0 0 0 0.000166254 0 0 0 0.000166254)
(0.0013303 0 0 0 0.000166287 0 0 0 0.000166287)
(0.00133055 0 0 0 0.000166319 0 0 0 0.000166319)
(0.0013308 0 0 0 0.00016635 0 0 0 0.00016635)
(0.00133104 0 0 0 0.00016638 0 0 0 0.00016638)
(0.00133127 0 0 0 0.000166409 0 0 0 0.000166409)
(0.00133149 0 0 0 0.000166437 0 0 0 0.000166437)
(0.00133171 0 0 0 0.000166464 0 0 0 0.000166464)
(0.00133192 0 0 0 0.00016649 0 0 0 0.00016649)
(0.00133212 0 0 0 0.000166515 0 0 0 0.000166515)
(0.00133231 0 0 0 0.000166539 0 0 0 0.000166539)
(0.0013325 0 0 0 0.000166562 0 0 0 0.000166562)
(0.00133268 0 0 0 0.000166585 0 0 0 0.000166585)
(0.00133285 0 0 0 0.000166607 0 0 0 0.000166607)
(0.00133302 0 0 0 0.000166627 0 0 0 0.000166627)
(0.00133318 0 0 0 0.000166647 0 0 0 0.000166647)
(0.00133333 0 0 0 0.000166666 0 0 0 0.000166666)
(0.00133348 0 0 0 0.000166685 0 0 0 0.000166685)
(0.00133362 0 0 0 0.000166702 0 0 0 0.000166702)
(0.00133375 0 0 0 0.000166719 0 0 0 0.000166719)
(0.00133388 0 0 0 0.000166735 0 0 0 0.000166735)
(0.001334 0 0 0 0.00016675 0 0 0 0.00016675)
(0.00133412 0 0 0 0.000166765 0 0 0 0.000166765)
(0.00133423 0 0 0 0.000166779 0 0 0 0.000166779)
(0.00133434 0 0 0 0.000166792 0 0 0 0.000166792)
(0.00133444 0 0 0 0.000166805 0 0 0 0.000166805)
(0.00133454 0 0 0 0.000166817 0 0 0 0.000166817)
(0.00133463 0 0 0 0.000166829 0 0 0 0.000166829)
(0.00133472 0 0 0 0.00016684 0 0 0 0.00016684)
(0.0013348 0 0 0 0.00016685 0 0 0 0.00016685)
(0.00133488 0 0 0 0.00016686 0 0 0 0.00016686)
(0.00133496 0 0 0 0.00016687 0 0 0 0.00016687)
(0.00133503 0 0 0 0.000166879 0 0 0 0.000166879)
(0.0013351 0 0 0 0.000166887 0 0 0 0.000166887)
(0.00133516 0 0 0 0.000166895 0 0 0 0.000166895)
(0.00133523 0 0 0 0.000166903 0 0 0 0.000166903)
(0.00133528 0 0 0 0.00016691 0 0 0 0.00016691)
(0.00133534 0 0 0 0.000166917 0 0 0 0.000166917)
(0.00133539 0 0 0 0.000166924 0 0 0 0.000166924)
(0.00133544 0 0 0 0.00016693 0 0 0 0.00016693)
(0.00133549 0 0 0 0.000166936 0 0 0 0.000166936)
(0.00133553 0 0 0 0.000166942 0 0 0 0.000166942)
(0.00133558 0 0 0 0.000166947 0 0 0 0.000166947)
(0.00133562 0 0 0 0.000166952 0 0 0 0.000166952)
(0.00133566 0 0 0 0.000166957 0 0 0 0.000166957)
(0.00133569 0 0 0 0.000166962 0 0 0 0.000166962)
(0.00133573 0 0 0 0.000166966 0 0 0 0.000166966)
(0.00133577 0 0 0 0.000166971 0 0 0 0.000166971)
(0.0013358 0 0 0 0.000166975 0 0 0 0.000166975)
(0.00133583 0 0 0 0.000166979 0 0 0 0.000166979)
(0.00133586 0 0 0 0.000166983 0 0 0 0.000166983)
(0.00133589 0 0 0 0.000166986 0 0 0 0.000166986)
(0.00133592 0 0 0 0.00016699 0 0 0 0.00016699)
(0.00133595 0 0 0 0.000166994 0 0 0 0.000166994)
(0.00133598 0 0 0 0.000166997 0 0 0 0.000166997)
(0.00133601 0 0 0 0.000167001 0 0 0 0.000167001)
(0.00133603 0 0 0 0.000167004 0 0 0 0.000167004)
(0.00133606 0 0 0 0.000167008 0 0 0 0.000167008)
(0.00133609 0 0 0 0.000167012 0 0 0 0.000167012)
(0.00133612 0 0 0 0.000167015 0 0 0 0.000167015)
(0.00133615 0 0 0 0.000167019 0 0 0 0.000167019)
(0.00133618 0 0 0 0.000167023 0 0 0 0.000167023)
(0.00133621 0 0 0 0.000167027 0 0 0 0.000167027)
(0.00133625 0 0 0 0.000167031 0 0 0 0.000167031)
(0.00133628 0 0 0 0.000167035 0 0 0 0.000167035)
(0.00133632 0 0 0 0.00016704 0 0 0 0.00016704)
(0.00133635 0 0 0 0.000167044 0 0 0 0.000167044)
(0.00133639 0 0 0 0.000167049 0 0 0 0.000167049)
(0.00133643 0 0 0 0.000167054 0 0 0 0.000167054)
(0.00133648 0 0 0 0.00016706 0 0 0 0.00016706)
(0.00133652 0 0 0 0.000167065 0 0 0 0.000167065)
(0.00133657 0 0 0 0.000167071 0 0 0 0.000167071)
(0.00133662 0 0 0 0.000167077 0 0 0 0.000167077)
(0.00133667 0 0 0 0.000167084 0 0 0 0.000167084)
(0.00133673 0 0 0 0.000167091 0 0 0 0.000167091)
(0.00133678 0 0 0 0.000167098 0 0 0 0.000167098)
(0.00133685 0 0 0 0.000167106 0 0 0 0.000167106)
(0.00133691 0 0 0 0.000167114 0 0 0 0.000167114)
(0.00133698 0 0 0 0.000167122 0 0 0 0.000167122)
(0.00133705 0 0 0 0.000167131 0 0 0 0.000167131)
(0.00133712 0 0 0 0.000167141 0 0 0 0.000167141)
(0.0013372 0 0 0 0.00016715 0 0 0 0.00016715)
(0.00133729 0 0 0 0.000167161 0 0 0 0.000167161)
(0.00133737 0 0 0 0.000167172 0 0 0 0.000167172)
(0.00133747 0 0 0 0.000167183 0 0 0 0.000167183)
(0.00133756 0 0 0 0.000167195 0 0 0 0.000167195)
(0.00133766 0 0 0 0.000167208 0 0 0 0.000167208)
(0.00133777 0 0 0 0.000167221 0 0 0 0.000167221)
(0.00133788 0 0 0 0.000167235 0 0 0 0.000167235)
(0.001338 0 0 0 0.00016725 0 0 0 0.00016725)
(0.00133812 0 0 0 0.000167265 0 0 0 0.000167265)
(0.00133825 0 0 0 0.000167281 0 0 0 0.000167281)
(0.00133838 0 0 0 0.000167298 0 0 0 0.000167298)
(0.00133852 0 0 0 0.000167315 0 0 0 0.000167315)
(0.00133867 0 0 0 0.000167334 0 0 0 0.000167334)
(0.00133882 0 0 0 0.000167353 0 0 0 0.000167353)
(0.00133898 0 0 0 0.000167373 0 0 0 0.000167373)
(0.00133915 0 0 0 0.000167393 0 0 0 0.000167393)
(0.00133932 0 0 0 0.000167415 0 0 0 0.000167415)
(0.0013395 0 0 0 0.000167438 0 0 0 0.000167438)
(0.00133969 0 0 0 0.000167461 0 0 0 0.000167461)
(0.00133989 0 0 0 0.000167486 0 0 0 0.000167486)
(0.00134009 0 0 0 0.000167511 0 0 0 0.000167511)
(0.0013403 0 0 0 0.000167538 0 0 0 0.000167538)
(0.00134052 0 0 0 0.000167565 0 0 0 0.000167565)
(0.00134075 0 0 0 0.000167594 0 0 0 0.000167594)
(0.00134099 0 0 0 0.000167623 0 0 0 0.000167623)
(0.00134123 0 0 0 0.000167654 0 0 0 0.000167654)
(0.00134149 0 0 0 0.000167686 0 0 0 0.000167686)
(0.00134175 0 0 0 0.000167719 0 0 0 0.000167719)
(0.00134202 0 0 0 0.000167753 0 0 0 0.000167753)
(0.00134231 0 0 0 0.000167788 0 0 0 0.000167788)
(0.0013426 0 0 0 0.000167825 0 0 0 0.000167825)
(0.0013429 0 0 0 0.000167863 0 0 0 0.000167863)
(0.00134321 0 0 0 0.000167902 0 0 0 0.000167902)
(0.00134353 0 0 0 0.000167942 0 0 0 0.000167942)
(0.00134387 0 0 0 0.000167983 0 0 0 0.000167983)
(0.00134421 0 0 0 0.000168026 0 0 0 0.000168026)
(0.00134456 0 0 0 0.000168071 0 0 0 0.000168071)
(0.00134493 0 0 0 0.000168116 0 0 0 0.000168116)
(0.0013453 0 0 0 0.000168163 0 0 0 0.000168163)
(0.00134569 0 0 0 0.000168211 0 0 0 0.000168211)
(0.00134609 0 0 0 0.000168261 0 0 0 0.000168261)
(0.0013465 0 0 0 0.000168312 0 0 0 0.000168312)
(0.00134692 0 0 0 0.000168365 0 0 0 0.000168365)
(0.00134735 0 0 0 0.000168419 0 0 0 0.000168419)
(0.0013478 0 0 0 0.000168475 0 0 0 0.000168475)
(0.00134825 0 0 0 0.000168532 0 0 0 0.000168532)
(0.00134872 0 0 0 0.00016859 0 0 0 0.00016859)
(0.0013492 0 0 0 0.000168651 0 0 0 0.000168651)
(0.0013497 0 0 0 0.000168712 0 0 0 0.000168712)
(0.0013502 0 0 0 0.000168775 0 0 0 0.000168775)
(0.00135072 0 0 0 0.00016884 0 0 0 0.00016884)
(0.00135125 0 0 0 0.000168906 0 0 0 0.000168906)
(0.00135179 0 0 0 0.000168974 0 0 0 0.000168974)
(0.00135235 0 0 0 0.000169044 0 0 0 0.000169044)
(0.00135292 0 0 0 0.000169115 0 0 0 0.000169115)
(0.0013535 0 0 0 0.000169188 0 0 0 0.000169188)
(0.0013541 0 0 0 0.000169262 0 0 0 0.000169262)
(0.0013547 0 0 0 0.000169338 0 0 0 0.000169338)
(0.00135532 0 0 0 0.000169415 0 0 0 0.000169415)
(0.00135596 0 0 0 0.000169495 0 0 0 0.000169495)
(0.0013566 0 0 0 0.000169575 0 0 0 0.000169575)
(0.00135726 0 0 0 0.000169658 0 0 0 0.000169658)
(0.00135794 0 0 0 0.000169742 0 0 0 0.000169742)
(0.00135862 0 0 0 0.000169828 0 0 0 0.000169828)
(0.00135932 0 0 0 0.000169915 0 0 0 0.000169915)
(0.00136003 0 0 0 0.000170004 0 0 0 0.000170004)
(0.00136076 0 0 0 0.000170095 0 0 0 0.000170095)
(0.0013615 0 0 0 0.000170187 0 0 0 0.000170187)
(0.00136225 0 0 0 0.000170281 0 0 0 0.000170281)
(0.00136301 0 0 0 0.000170377 0 0 0 0.000170377)
(0.00136379 0 0 0 0.000170474 0 0 0 0.000170474)
(0.00136458 0 0 0 0.000170573 0 0 0 0.000170573)
(0.00136538 0 0 0 0.000170673 0 0 0 0.000170673)
(0.0013662 0 0 0 0.000170775 0 0 0 0.000170775)
(0.00136703 0 0 0 0.000170878 0 0 0 0.000170878)
(0.00136787 0 0 0 0.000170983 0 0 0 0.000170983)
(0.00136872 0 0 0 0.00017109 0 0 0 0.00017109)
(0.00136958 0 0 0 0.000171197 0 0 0 0.000171197)
(0.00137045 0 0 0 0.000171306 0 0 0 0.000171306)
(0.00137133 0 0 0 0.000171417 0 0 0 0.000171417)
(0.00137223 0 0 0 0.000171529 0 0 0 0.000171529)
(0.00137313 0 0 0 0.000171641 0 0 0 0.000171641)
(0.00137404 0 0 0 0.000171755 0 0 0 0.000171755)
(0.00137496 0 0 0 0.00017187 0 0 0 0.00017187)
(0.00137589 0 0 0 0.000171986 0 0 0 0.000171986)
(0.00137683 0 0 0 0.000172103 0 0 0 0.000172103)
(0.00137777 0 0 0 0.000172221 0 0 0 0.000172221)
(0.00137871 0 0 0 0.000172339 0 0 0 0.000172339)
(0.00137966 0 0 0 0.000172457 0 0 0 0.000172457)
(0.00138061 0 0 0 0.000172576 0 0 0 0.000172576)
(0.00138156 0 0 0 0.000172695 0 0 0 0.000172695)
(0.00138251 0 0 0 0.000172814 0 0 0 0.000172814)
(0.00138347 0 0 0 0.000172934 0 0 0 0.000172934)
(0.00138442 0 0 0 0.000173053 0 0 0 0.000173053)
(0.00138539 0 0 0 0.000173174 0 0 0 0.000173174)
(0.00138637 0 0 0 0.000173296 0 0 0 0.000173296)
(0.00138738 0 0 0 0.000173423 0 0 0 0.000173423)
(0.00138846 0 0 0 0.000173557 0 0 0 0.000173557)
(0.00138949 0 0 0 0.000173686 0 0 0 0.000173686)
(0.00127996 0 0 0 0.000159995 0 0 0 0.000159995)
(0.00128032 0 0 0 0.00016004 0 0 0 0.00016004)
(0.00128093 0 0 0 0.000160116 0 0 0 0.000160116)
(0.00128181 0 0 0 0.000160226 0 0 0 0.000160226)
(0.00128261 0 0 0 0.000160327 0 0 0 0.000160327)
(0.00128337 0 0 0 0.000160422 0 0 0 0.000160422)
(0.00128411 0 0 0 0.000160514 0 0 0 0.000160514)
(0.00128482 0 0 0 0.000160603 0 0 0 0.000160603)
(0.00128553 0 0 0 0.000160691 0 0 0 0.000160691)
(0.00128622 0 0 0 0.000160778 0 0 0 0.000160778)
(0.00128691 0 0 0 0.000160864 0 0 0 0.000160864)
(0.0012876 0 0 0 0.00016095 0 0 0 0.00016095)
(0.00128829 0 0 0 0.000161036 0 0 0 0.000161036)
(0.00128897 0 0 0 0.000161121 0 0 0 0.000161121)
(0.00128965 0 0 0 0.000161207 0 0 0 0.000161207)
(0.00129034 0 0 0 0.000161292 0 0 0 0.000161292)
(0.00129102 0 0 0 0.000161378 0 0 0 0.000161378)
(0.00129171 0 0 0 0.000161463 0 0 0 0.000161463)
(0.00129239 0 0 0 0.000161549 0 0 0 0.000161549)
(0.00129307 0 0 0 0.000161634 0 0 0 0.000161634)
(0.00129375 0 0 0 0.000161719 0 0 0 0.000161719)
(0.00129444 0 0 0 0.000161805 0 0 0 0.000161805)
(0.00129512 0 0 0 0.00016189 0 0 0 0.00016189)
(0.0012958 0 0 0 0.000161975 0 0 0 0.000161975)
(0.00129648 0 0 0 0.00016206 0 0 0 0.00016206)
(0.00129716 0 0 0 0.000162145 0 0 0 0.000162145)
(0.00129784 0 0 0 0.00016223 0 0 0 0.00016223)
(0.00129851 0 0 0 0.000162314 0 0 0 0.000162314)
(0.00129919 0 0 0 0.000162398 0 0 0 0.000162398)
(0.00129986 0 0 0 0.000162482 0 0 0 0.000162482)
(0.00130053 0 0 0 0.000162566 0 0 0 0.000162566)
(0.0013012 0 0 0 0.00016265 0 0 0 0.00016265)
(0.00130186 0 0 0 0.000162733 0 0 0 0.000162733)
(0.00130252 0 0 0 0.000162816 0 0 0 0.000162816)
(0.00130318 0 0 0 0.000162898 0 0 0 0.000162898)
(0.00130384 0 0 0 0.00016298 0 0 0 0.00016298)
(0.00130449 0 0 0 0.000163062 0 0 0 0.000163062)
(0.00130514 0 0 0 0.000163143 0 0 0 0.000163143)
(0.00130579 0 0 0 0.000163224 0 0 0 0.000163224)
(0.00130643 0 0 0 0.000163304 0 0 0 0.000163304)
(0.00130707 0 0 0 0.000163384 0 0 0 0.000163384)
(0.0013077 0 0 0 0.000163463 0 0 0 0.000163463)
(0.00130833 0 0 0 0.000163541 0 0 0 0.000163541)
(0.00130896 0 0 0 0.000163619 0 0 0 0.000163619)
(0.00130957 0 0 0 0.000163697 0 0 0 0.000163697)
(0.00131019 0 0 0 0.000163774 0 0 0 0.000163774)
(0.0013108 0 0 0 0.00016385 0 0 0 0.00016385)
(0.0013114 0 0 0 0.000163925 0 0 0 0.000163925)
(0.001312 0 0 0 0.000164 0 0 0 0.000164)
(0.00131259 0 0 0 0.000164074 0 0 0 0.000164074)
(0.00131318 0 0 0 0.000164147 0 0 0 0.000164147)
(0.00131376 0 0 0 0.00016422 0 0 0 0.00016422)
(0.00131433 0 0 0 0.000164291 0 0 0 0.000164291)
(0.0013149 0 0 0 0.000164362 0 0 0 0.000164362)
(0.00131546 0 0 0 0.000164432 0 0 0 0.000164432)
(0.00131601 0 0 0 0.000164501 0 0 0 0.000164501)
(0.00131656 0 0 0 0.00016457 0 0 0 0.00016457)
(0.0013171 0 0 0 0.000164637 0 0 0 0.000164637)
(0.00131763 0 0 0 0.000164704 0 0 0 0.000164704)
(0.00131815 0 0 0 0.000164769 0 0 0 0.000164769)
(0.00131867 0 0 0 0.000164834 0 0 0 0.000164834)
(0.00131918 0 0 0 0.000164897 0 0 0 0.000164897)
(0.00131968 0 0 0 0.00016496 0 0 0 0.00016496)
(0.00132017 0 0 0 0.000165022 0 0 0 0.000165022)
(0.00132066 0 0 0 0.000165083 0 0 0 0.000165083)
(0.00132114 0 0 0 0.000165142 0 0 0 0.000165142)
(0.00132161 0 0 0 0.000165201 0 0 0 0.000165201)
(0.00132207 0 0 0 0.000165259 0 0 0 0.000165259)
(0.00132252 0 0 0 0.000165315 0 0 0 0.000165315)
(0.00132297 0 0 0 0.000165371 0 0 0 0.000165371)
(0.0013234 0 0 0 0.000165425 0 0 0 0.000165425)
(0.00132383 0 0 0 0.000165479 0 0 0 0.000165479)
(0.00132425 0 0 0 0.000165531 0 0 0 0.000165531)
(0.00132466 0 0 0 0.000165582 0 0 0 0.000165582)
(0.00132506 0 0 0 0.000165632 0 0 0 0.000165632)
(0.00132545 0 0 0 0.000165681 0 0 0 0.000165681)
(0.00132584 0 0 0 0.000165729 0 0 0 0.000165729)
(0.00132621 0 0 0 0.000165776 0 0 0 0.000165776)
(0.00132658 0 0 0 0.000165822 0 0 0 0.000165822)
(0.00132693 0 0 0 0.000165867 0 0 0 0.000165867)
(0.00132728 0 0 0 0.00016591 0 0 0 0.00016591)
(0.00132762 0 0 0 0.000165953 0 0 0 0.000165953)
(0.00132796 0 0 0 0.000165994 0 0 0 0.000165994)
(0.00132828 0 0 0 0.000166035 0 0 0 0.000166035)
(0.00132859 0 0 0 0.000166074 0 0 0 0.000166074)
(0.0013289 0 0 0 0.000166112 0 0 0 0.000166112)
(0.00132919 0 0 0 0.000166149 0 0 0 0.000166149)
(0.00132948 0 0 0 0.000166185 0 0 0 0.000166185)
(0.00132976 0 0 0 0.00016622 0 0 0 0.00016622)
(0.00133003 0 0 0 0.000166254 0 0 0 0.000166254)
(0.0013303 0 0 0 0.000166287 0 0 0 0.000166287)
(0.00133055 0 0 0 0.000166319 0 0 0 0.000166319)
(0.0013308 0 0 0 0.00016635 0 0 0 0.00016635)
(0.00133104 0 0 0 0.00016638 0 0 0 0.00016638)
(0.00133127 0 0 0 0.000166409 0 0 0 0.000166409)
(0.00133149 0 0 0 0.000166437 0 0 0 0.000166437)
(0.00133171 0 0 0 0.000166464 0 0 0 0.000166464)
(0.00133192 0 0 0 0.00016649 0 0 0 0.00016649)
(0.00133212 0 0 0 0.000166515 0 0 0 0.000166515)
(0.00133231 0 0 0 0.000166539 0 0 0 0.000166539)
(0.0013325 0 0 0 0.000166562 0 0 0 0.000166562)
(0.00133268 0 0 0 0.000166585 0 0 0 0.000166585)
(0.00133285 0 0 0 0.000166607 0 0 0 0.000166607)
(0.00133302 0 0 0 0.000166627 0 0 0 0.000166627)
(0.00133318 0 0 0 0.000166647 0 0 0 0.000166647)
(0.00133333 0 0 0 0.000166666 0 0 0 0.000166666)
(0.00133348 0 0 0 0.000166685 0 0 0 0.000166685)
(0.00133362 0 0 0 0.000166702 0 0 0 0.000166702)
(0.00133375 0 0 0 0.000166719 0 0 0 0.000166719)
(0.00133388 0 0 0 0.000166735 0 0 0 0.000166735)
(0.001334 0 0 0 0.00016675 0 0 0 0.00016675)
(0.00133412 0 0 0 0.000166765 0 0 0 0.000166765)
(0.00133423 0 0 0 0.000166779 0 0 0 0.000166779)
(0.00133434 0 0 0 0.000166792 0 0 0 0.000166792)
(0.00133444 0 0 0 0.000166805 0 0 0 0.000166805)
(0.00133454 0 0 0 0.000166817 0 0 0 0.000166817)
(0.00133463 0 0 0 0.000166829 0 0 0 0.000166829)
(0.00133472 0 0 0 0.00016684 0 0 0 0.00016684)
(0.0013348 0 0 0 0.00016685 0 0 0 0.00016685)
(0.00133488 0 0 0 0.00016686 0 0 0 0.00016686)
(0.00133496 0 0 0 0.00016687 0 0 0 0.00016687)
(0.00133503 0 0 0 0.000166879 0 0 0 0.000166879)
(0.0013351 0 0 0 0.000166887 0 0 0 0.000166887)
(0.00133516 0 0 0 0.000166895 0 0 0 0.000166895)
(0.00133523 0 0 0 0.000166903 0 0 0 0.000166903)
(0.00133528 0 0 0 0.00016691 0 0 0 0.00016691)
(0.00133534 0 0 0 0.000166917 0 0 0 0.000166917)
(0.00133539 0 0 0 0.000166924 0 0 0 0.000166924)
(0.00133544 0 0 0 0.00016693 0 0 0 0.00016693)
(0.00133549 0 0 0 0.000166936 0 0 0 0.000166936)
(0.00133553 0 0 0 0.000166942 0 0 0 0.000166942)
(0.00133558 0 0 0 0.000166947 0 0 0 0.000166947)
(0.00133562 0 0 0 0.000166952 0 0 0 0.000166952)
(0.00133566 0 0 0 0.000166957 0 0 0 0.000166957)
(0.00133569 0 0 0 0.000166962 0 0 0 0.000166962)
(0.00133573 0 0 0 0.000166966 0 0 0 0.000166966)
(0.00133577 0 0 0 0.000166971 0 0 0 0.000166971)
(0.0013358 0 0 0 0.000166975 0 0 0 0.000166975)
(0.00133583 0 0 0 0.000166979 0 0 0 0.000166979)
(0.00133586 0 0 0 0.000166983 0 0 0 0.000166983)
(0.00133589 0 0 0 0.000166986 0 0 0 0.000166986)
(0.00133592 0 0 0 0.00016699 0 0 0 0.00016699)
(0.00133595 0 0 0 0.000166994 0 0 0 0.000166994)
(0.00133598 0 0 0 0.000166997 0 0 0 0.000166997)
(0.00133601 0 0 0 0.000167001 0 0 0 0.000167001)
(0.00133603 0 0 0 0.000167004 0 0 0 0.000167004)
(0.00133606 0 0 0 0.000167008 0 0 0 0.000167008)
(0.00133609 0 0 0 0.000167012 0 0 0 0.000167012)
(0.00133612 0 0 0 0.000167015 0 0 0 0.000167015)
(0.00133615 0 0 0 0.000167019 0 0 0 0.000167019)
(0.00133618 0 0 0 0.000167023 0 0 0 0.000167023)
(0.00133621 0 0 0 0.000167027 0 0 0 0.000167027)
(0.00133625 0 0 0 0.000167031 0 0 0 0.000167031)
(0.00133628 0 0 0 0.000167035 0 0 0 0.000167035)
(0.00133632 0 0 0 0.00016704 0 0 0 0.00016704)
(0.00133635 0 0 0 0.000167044 0 0 0 0.000167044)
(0.00133639 0 0 0 0.000167049 0 0 0 0.000167049)
(0.00133643 0 0 0 0.000167054 0 0 0 0.000167054)
(0.00133648 0 0 0 0.00016706 0 0 0 0.00016706)
(0.00133652 0 0 0 0.000167065 0 0 0 0.000167065)
(0.00133657 0 0 0 0.000167071 0 0 0 0.000167071)
(0.00133662 0 0 0 0.000167077 0 0 0 0.000167077)
(0.00133667 0 0 0 0.000167084 0 0 0 0.000167084)
(0.00133673 0 0 0 0.000167091 0 0 0 0.000167091)
(0.00133678 0 0 0 0.000167098 0 0 0 0.000167098)
(0.00133685 0 0 0 0.000167106 0 0 0 0.000167106)
(0.00133691 0 0 0 0.000167114 0 0 0 0.000167114)
(0.00133698 0 0 0 0.000167122 0 0 0 0.000167122)
(0.00133705 0 0 0 0.000167131 0 0 0 0.000167131)
(0.00133712 0 0 0 0.000167141 0 0 0 0.000167141)
(0.0013372 0 0 0 0.00016715 0 0 0 0.00016715)
(0.00133729 0 0 0 0.000167161 0 0 0 0.000167161)
(0.00133737 0 0 0 0.000167172 0 0 0 0.000167172)
(0.00133747 0 0 0 0.000167183 0 0 0 0.000167183)
(0.00133756 0 0 0 0.000167195 0 0 0 0.000167195)
(0.00133766 0 0 0 0.000167208 0 0 0 0.000167208)
(0.00133777 0 0 0 0.000167221 0 0 0 0.000167221)
(0.00133788 0 0 0 0.000167235 0 0 0 0.000167235)
(0.001338 0 0 0 0.00016725 0 0 0 0.00016725)
(0.00133812 0 0 0 0.000167265 0 0 0 0.000167265)
(0.00133825 0 0 0 0.000167281 0 0 0 0.000167281)
(0.00133838 0 0 0 0.000167298 0 0 0 0.000167298)
(0.00133852 0 0 0 0.000167315 0 0 0 0.000167315)
(0.00133867 0 0 0 0.000167334 0 0 0 0.000167334)
(0.00133882 0 0 0 0.000167353 0 0 0 0.000167353)
(0.00133898 0 0 0 0.000167373 0 0 0 0.000167373)
(0.00133915 0 0 0 0.000167393 0 0 0 0.000167393)
(0.00133932 0 0 0 0.000167415 0 0 0 0.000167415)
(0.0013395 0 0 0 0.000167438 0 0 0 0.000167438)
(0.00133969 0 0 0 0.000167461 0 0 0 0.000167461)
(0.00133989 0 0 0 0.000167486 0 0 0 0.000167486)
(0.00134009 0 0 0 0.000167511 0 0 0 0.000167511)
(0.0013403 0 0 0 0.000167538 0 0 0 0.000167538)
(0.00134052 0 0 0 0.000167565 0 0 0 0.000167565)
(0.00134075 0 0 0 0.000167594 0 0 0 0.000167594)
(0.00134099 0 0 0 0.000167623 0 0 0 0.000167623)
(0.00134123 0 0 0 0.000167654 0 0 0 0.000167654)
(0.00134149 0 0 0 0.000167686 0 0 0 0.000167686)
(0.00134175 0 0 0 0.000167719 0 0 0 0.000167719)
(0.00134202 0 0 0 0.000167753 0 0 0 0.000167753)
(0.00134231 0 0 0 0.000167788 0 0 0 0.000167788)
(0.0013426 0 0 0 0.000167825 0 0 0 0.000167825)
(0.0013429 0 0 0 0.000167863 0 0 0 0.000167863)
(0.00134321 0 0 0 0.000167902 0 0 0 0.000167902)
(0.00134353 0 0 0 0.000167942 0 0 0 0.000167942)
(0.00134387 0 0 0 0.000167983 0 0 0 0.000167983)
(0.00134421 0 0 0 0.000168026 0 0 0 0.000168026)
(0.00134456 0 0 0 0.000168071 0 0 0 0.000168071)
(0.00134493 0 0 0 0.000168116 0 0 0 0.000168116)
(0.00134531 0 0 0 0.000168163 0 0 0 0.000168163)
(0.00134569 0 0 0 0.000168212 0 0 0 0.000168212)
(0.00134609 0 0 0 0.000168261 0 0 0 0.000168261)
(0.0013465 0 0 0 0.000168312 0 0 0 0.000168312)
(0.00134692 0 0 0 0.000168365 0 0 0 0.000168365)
(0.00134735 0 0 0 0.000168419 0 0 0 0.000168419)
(0.0013478 0 0 0 0.000168475 0 0 0 0.000168475)
(0.00134826 0 0 0 0.000168532 0 0 0 0.000168532)
(0.00134872 0 0 0 0.00016859 0 0 0 0.00016859)
(0.0013492 0 0 0 0.000168651 0 0 0 0.000168651)
(0.0013497 0 0 0 0.000168712 0 0 0 0.000168712)
(0.0013502 0 0 0 0.000168775 0 0 0 0.000168775)
(0.00135072 0 0 0 0.00016884 0 0 0 0.00016884)
(0.00135125 0 0 0 0.000168906 0 0 0 0.000168906)
(0.00135179 0 0 0 0.000168974 0 0 0 0.000168974)
(0.00135235 0 0 0 0.000169044 0 0 0 0.000169044)
(0.00135292 0 0 0 0.000169115 0 0 0 0.000169115)
(0.0013535 0 0 0 0.000169188 0 0 0 0.000169188)
(0.0013541 0 0 0 0.000169262 0 0 0 0.000169262)
(0.0013547 0 0 0 0.000169338 0 0 0 0.000169338)
(0.00135532 0 0 0 0.000169415 0 0 0 0.000169415)
(0.00135596 0 0 0 0.000169495 0 0 0 0.000169495)
(0.0013566 0 0 0 0.000169576 0 0 0 0.000169576)
(0.00135726 0 0 0 0.000169658 0 0 0 0.000169658)
(0.00135794 0 0 0 0.000169742 0 0 0 0.000169742)
(0.00135862 0 0 0 0.000169828 0 0 0 0.000169828)
(0.00135932 0 0 0 0.000169915 0 0 0 0.000169915)
(0.00136004 0 0 0 0.000170004 0 0 0 0.000170004)
(0.00136076 0 0 0 0.000170095 0 0 0 0.000170095)
(0.0013615 0 0 0 0.000170187 0 0 0 0.000170187)
(0.00136225 0 0 0 0.000170281 0 0 0 0.000170281)
(0.00136302 0 0 0 0.000170377 0 0 0 0.000170377)
(0.00136379 0 0 0 0.000170474 0 0 0 0.000170474)
(0.00136458 0 0 0 0.000170573 0 0 0 0.000170573)
(0.00136539 0 0 0 0.000170673 0 0 0 0.000170673)
(0.0013662 0 0 0 0.000170775 0 0 0 0.000170775)
(0.00136703 0 0 0 0.000170878 0 0 0 0.000170878)
(0.00136787 0 0 0 0.000170983 0 0 0 0.000170983)
(0.00136872 0 0 0 0.00017109 0 0 0 0.00017109)
(0.00136958 0 0 0 0.000171197 0 0 0 0.000171197)
(0.00137045 0 0 0 0.000171307 0 0 0 0.000171307)
(0.00137134 0 0 0 0.000171417 0 0 0 0.000171417)
(0.00137223 0 0 0 0.000171529 0 0 0 0.000171529)
(0.00137313 0 0 0 0.000171642 0 0 0 0.000171642)
(0.00137405 0 0 0 0.000171756 0 0 0 0.000171756)
(0.00137497 0 0 0 0.000171871 0 0 0 0.000171871)
(0.0013759 0 0 0 0.000171987 0 0 0 0.000171987)
(0.00137683 0 0 0 0.000172104 0 0 0 0.000172104)
(0.00137777 0 0 0 0.000172222 0 0 0 0.000172222)
(0.00137872 0 0 0 0.00017234 0 0 0 0.00017234)
(0.00137967 0 0 0 0.000172459 0 0 0 0.000172459)
(0.00138062 0 0 0 0.000172578 0 0 0 0.000172578)
(0.00138158 0 0 0 0.000172698 0 0 0 0.000172698)
(0.00138254 0 0 0 0.000172817 0 0 0 0.000172817)
(0.0013835 0 0 0 0.000172938 0 0 0 0.000172938)
(0.00138447 0 0 0 0.000173058 0 0 0 0.000173058)
(0.00138544 0 0 0 0.00017318 0 0 0 0.00017318)
(0.00138643 0 0 0 0.000173304 0 0 0 0.000173304)
(0.00138747 0 0 0 0.000173433 0 0 0 0.000173433)
(0.00138856 0 0 0 0.00017357 0 0 0 0.00017357)
(0.00138956 0 0 0 0.000173695 0 0 0 0.000173695)
(0.00127998 0 0 0 0.000159997 0 0 0 0.000159997)
(0.00128033 0 0 0 0.000160041 0 0 0 0.000160041)
(0.00128095 0 0 0 0.000160119 0 0 0 0.000160119)
(0.00128182 0 0 0 0.000160227 0 0 0 0.000160227)
(0.00128262 0 0 0 0.000160327 0 0 0 0.000160327)
(0.00128338 0 0 0 0.000160422 0 0 0 0.000160422)
(0.00128411 0 0 0 0.000160514 0 0 0 0.000160514)
(0.00128483 0 0 0 0.000160603 0 0 0 0.000160603)
(0.00128553 0 0 0 0.000160691 0 0 0 0.000160691)
(0.00128622 0 0 0 0.000160778 0 0 0 0.000160778)
(0.00128691 0 0 0 0.000160864 0 0 0 0.000160864)
(0.0012876 0 0 0 0.00016095 0 0 0 0.00016095)
(0.00128829 0 0 0 0.000161036 0 0 0 0.000161036)
(0.00128897 0 0 0 0.000161121 0 0 0 0.000161121)
(0.00128966 0 0 0 0.000161207 0 0 0 0.000161207)
(0.00129034 0 0 0 0.000161292 0 0 0 0.000161292)
(0.00129102 0 0 0 0.000161378 0 0 0 0.000161378)
(0.00129171 0 0 0 0.000161463 0 0 0 0.000161463)
(0.00129239 0 0 0 0.000161549 0 0 0 0.000161549)
(0.00129307 0 0 0 0.000161634 0 0 0 0.000161634)
(0.00129375 0 0 0 0.000161719 0 0 0 0.000161719)
(0.00129444 0 0 0 0.000161805 0 0 0 0.000161805)
(0.00129512 0 0 0 0.00016189 0 0 0 0.00016189)
(0.0012958 0 0 0 0.000161975 0 0 0 0.000161975)
(0.00129648 0 0 0 0.00016206 0 0 0 0.00016206)
(0.00129716 0 0 0 0.000162145 0 0 0 0.000162145)
(0.00129784 0 0 0 0.00016223 0 0 0 0.00016223)
(0.00129851 0 0 0 0.000162314 0 0 0 0.000162314)
(0.00129919 0 0 0 0.000162398 0 0 0 0.000162398)
(0.00129986 0 0 0 0.000162482 0 0 0 0.000162482)
(0.00130053 0 0 0 0.000162566 0 0 0 0.000162566)
(0.0013012 0 0 0 0.00016265 0 0 0 0.00016265)
(0.00130186 0 0 0 0.000162733 0 0 0 0.000162733)
(0.00130252 0 0 0 0.000162816 0 0 0 0.000162816)
(0.00130318 0 0 0 0.000162898 0 0 0 0.000162898)
(0.00130384 0 0 0 0.00016298 0 0 0 0.00016298)
(0.00130449 0 0 0 0.000163062 0 0 0 0.000163062)
(0.00130514 0 0 0 0.000163143 0 0 0 0.000163143)
(0.00130579 0 0 0 0.000163224 0 0 0 0.000163224)
(0.00130643 0 0 0 0.000163304 0 0 0 0.000163304)
(0.00130707 0 0 0 0.000163384 0 0 0 0.000163384)
(0.0013077 0 0 0 0.000163463 0 0 0 0.000163463)
(0.00130833 0 0 0 0.000163541 0 0 0 0.000163541)
(0.00130896 0 0 0 0.000163619 0 0 0 0.000163619)
(0.00130957 0 0 0 0.000163697 0 0 0 0.000163697)
(0.00131019 0 0 0 0.000163774 0 0 0 0.000163774)
(0.0013108 0 0 0 0.00016385 0 0 0 0.00016385)
(0.0013114 0 0 0 0.000163925 0 0 0 0.000163925)
(0.001312 0 0 0 0.000164 0 0 0 0.000164)
(0.00131259 0 0 0 0.000164074 0 0 0 0.000164074)
(0.00131318 0 0 0 0.000164147 0 0 0 0.000164147)
(0.00131376 0 0 0 0.00016422 0 0 0 0.00016422)
(0.00131433 0 0 0 0.000164291 0 0 0 0.000164291)
(0.0013149 0 0 0 0.000164362 0 0 0 0.000164362)
(0.00131546 0 0 0 0.000164432 0 0 0 0.000164432)
(0.00131601 0 0 0 0.000164501 0 0 0 0.000164501)
(0.00131656 0 0 0 0.00016457 0 0 0 0.00016457)
(0.0013171 0 0 0 0.000164637 0 0 0 0.000164637)
(0.00131763 0 0 0 0.000164704 0 0 0 0.000164704)
(0.00131815 0 0 0 0.000164769 0 0 0 0.000164769)
(0.00131867 0 0 0 0.000164834 0 0 0 0.000164834)
(0.00131918 0 0 0 0.000164897 0 0 0 0.000164897)
(0.00131968 0 0 0 0.00016496 0 0 0 0.00016496)
(0.00132017 0 0 0 0.000165022 0 0 0 0.000165022)
(0.00132066 0 0 0 0.000165083 0 0 0 0.000165083)
(0.00132114 0 0 0 0.000165142 0 0 0 0.000165142)
(0.00132161 0 0 0 0.000165201 0 0 0 0.000165201)
(0.00132207 0 0 0 0.000165259 0 0 0 0.000165259)
(0.00132252 0 0 0 0.000165315 0 0 0 0.000165315)
(0.00132297 0 0 0 0.000165371 0 0 0 0.000165371)
(0.0013234 0 0 0 0.000165425 0 0 0 0.000165425)
(0.00132383 0 0 0 0.000165479 0 0 0 0.000165479)
(0.00132425 0 0 0 0.000165531 0 0 0 0.000165531)
(0.00132466 0 0 0 0.000165582 0 0 0 0.000165582)
(0.00132506 0 0 0 0.000165632 0 0 0 0.000165632)
(0.00132545 0 0 0 0.000165681 0 0 0 0.000165681)
(0.00132584 0 0 0 0.000165729 0 0 0 0.000165729)
(0.00132621 0 0 0 0.000165776 0 0 0 0.000165776)
(0.00132658 0 0 0 0.000165822 0 0 0 0.000165822)
(0.00132693 0 0 0 0.000165867 0 0 0 0.000165867)
(0.00132728 0 0 0 0.00016591 0 0 0 0.00016591)
(0.00132762 0 0 0 0.000165953 0 0 0 0.000165953)
(0.00132796 0 0 0 0.000165994 0 0 0 0.000165994)
(0.00132828 0 0 0 0.000166035 0 0 0 0.000166035)
(0.00132859 0 0 0 0.000166074 0 0 0 0.000166074)
(0.0013289 0 0 0 0.000166112 0 0 0 0.000166112)
(0.00132919 0 0 0 0.000166149 0 0 0 0.000166149)
(0.00132948 0 0 0 0.000166185 0 0 0 0.000166185)
(0.00132976 0 0 0 0.00016622 0 0 0 0.00016622)
(0.00133003 0 0 0 0.000166254 0 0 0 0.000166254)
(0.0013303 0 0 0 0.000166287 0 0 0 0.000166287)
(0.00133055 0 0 0 0.000166319 0 0 0 0.000166319)
(0.0013308 0 0 0 0.00016635 0 0 0 0.00016635)
(0.00133104 0 0 0 0.00016638 0 0 0 0.00016638)
(0.00133127 0 0 0 0.000166409 0 0 0 0.000166409)
(0.00133149 0 0 0 0.000166437 0 0 0 0.000166437)
(0.00133171 0 0 0 0.000166464 0 0 0 0.000166464)
(0.00133192 0 0 0 0.00016649 0 0 0 0.00016649)
(0.00133212 0 0 0 0.000166515 0 0 0 0.000166515)
(0.00133231 0 0 0 0.000166539 0 0 0 0.000166539)
(0.0013325 0 0 0 0.000166562 0 0 0 0.000166562)
(0.00133268 0 0 0 0.000166585 0 0 0 0.000166585)
(0.00133285 0 0 0 0.000166607 0 0 0 0.000166607)
(0.00133302 0 0 0 0.000166627 0 0 0 0.000166627)
(0.00133318 0 0 0 0.000166647 0 0 0 0.000166647)
(0.00133333 0 0 0 0.000166666 0 0 0 0.000166666)
(0.00133348 0 0 0 0.000166685 0 0 0 0.000166685)
(0.00133362 0 0 0 0.000166702 0 0 0 0.000166702)
(0.00133375 0 0 0 0.000166719 0 0 0 0.000166719)
(0.00133388 0 0 0 0.000166735 0 0 0 0.000166735)
(0.001334 0 0 0 0.00016675 0 0 0 0.00016675)
(0.00133412 0 0 0 0.000166765 0 0 0 0.000166765)
(0.00133423 0 0 0 0.000166779 0 0 0 0.000166779)
(0.00133434 0 0 0 0.000166792 0 0 0 0.000166792)
(0.00133444 0 0 0 0.000166805 0 0 0 0.000166805)
(0.00133454 0 0 0 0.000166817 0 0 0 0.000166817)
(0.00133463 0 0 0 0.000166829 0 0 0 0.000166829)
(0.00133472 0 0 0 0.00016684 0 0 0 0.00016684)
(0.0013348 0 0 0 0.00016685 0 0 0 0.00016685)
(0.00133488 0 0 0 0.00016686 0 0 0 0.00016686)
(0.00133496 0 0 0 0.00016687 0 0 0 0.00016687)
(0.00133503 0 0 0 0.000166879 0 0 0 0.000166879)
(0.0013351 0 0 0 0.000166887 0 0 0 0.000166887)
(0.00133516 0 0 0 0.000166895 0 0 0 0.000166895)
(0.00133523 0 0 0 0.000166903 0 0 0 0.000166903)
(0.00133528 0 0 0 0.00016691 0 0 0 0.00016691)
(0.00133534 0 0 0 0.000166917 0 0 0 0.000166917)
(0.00133539 0 0 0 0.000166924 0 0 0 0.000166924)
(0.00133544 0 0 0 0.00016693 0 0 0 0.00016693)
(0.00133549 0 0 0 0.000166936 0 0 0 0.000166936)
(0.00133553 0 0 0 0.000166942 0 0 0 0.000166942)
(0.00133558 0 0 0 0.000166947 0 0 0 0.000166947)
(0.00133562 0 0 0 0.000166952 0 0 0 0.000166952)
(0.00133566 0 0 0 0.000166957 0 0 0 0.000166957)
(0.00133569 0 0 0 0.000166962 0 0 0 0.000166962)
(0.00133573 0 0 0 0.000166966 0 0 0 0.000166966)
(0.00133577 0 0 0 0.000166971 0 0 0 0.000166971)
(0.0013358 0 0 0 0.000166975 0 0 0 0.000166975)
(0.00133583 0 0 0 0.000166979 0 0 0 0.000166979)
(0.00133586 0 0 0 0.000166983 0 0 0 0.000166983)
(0.00133589 0 0 0 0.000166986 0 0 0 0.000166986)
(0.00133592 0 0 0 0.00016699 0 0 0 0.00016699)
(0.00133595 0 0 0 0.000166994 0 0 0 0.000166994)
(0.00133598 0 0 0 0.000166997 0 0 0 0.000166997)
(0.00133601 0 0 0 0.000167001 0 0 0 0.000167001)
(0.00133603 0 0 0 0.000167004 0 0 0 0.000167004)
(0.00133606 0 0 0 0.000167008 0 0 0 0.000167008)
(0.00133609 0 0 0 0.000167012 0 0 0 0.000167012)
(0.00133612 0 0 0 0.000167015 0 0 0 0.000167015)
(0.00133615 0 0 0 0.000167019 0 0 0 0.000167019)
(0.00133618 0 0 0 0.000167023 0 0 0 0.000167023)
(0.00133621 0 0 0 0.000167027 0 0 0 0.000167027)
(0.00133625 0 0 0 0.000167031 0 0 0 0.000167031)
(0.00133628 0 0 0 0.000167035 0 0 0 0.000167035)
(0.00133632 0 0 0 0.00016704 0 0 0 0.00016704)
(0.00133635 0 0 0 0.000167044 0 0 0 0.000167044)
(0.00133639 0 0 0 0.000167049 0 0 0 0.000167049)
(0.00133643 0 0 0 0.000167054 0 0 0 0.000167054)
(0.00133648 0 0 0 0.00016706 0 0 0 0.00016706)
(0.00133652 0 0 0 0.000167065 0 0 0 0.000167065)
(0.00133657 0 0 0 0.000167071 0 0 0 0.000167071)
(0.00133662 0 0 0 0.000167077 0 0 0 0.000167077)
(0.00133667 0 0 0 0.000167084 0 0 0 0.000167084)
(0.00133673 0 0 0 0.000167091 0 0 0 0.000167091)
(0.00133678 0 0 0 0.000167098 0 0 0 0.000167098)
(0.00133685 0 0 0 0.000167106 0 0 0 0.000167106)
(0.00133691 0 0 0 0.000167114 0 0 0 0.000167114)
(0.00133698 0 0 0 0.000167122 0 0 0 0.000167122)
(0.00133705 0 0 0 0.000167131 0 0 0 0.000167131)
(0.00133712 0 0 0 0.000167141 0 0 0 0.000167141)
(0.0013372 0 0 0 0.00016715 0 0 0 0.00016715)
(0.00133729 0 0 0 0.000167161 0 0 0 0.000167161)
(0.00133737 0 0 0 0.000167172 0 0 0 0.000167172)
(0.00133747 0 0 0 0.000167183 0 0 0 0.000167183)
(0.00133756 0 0 0 0.000167195 0 0 0 0.000167195)
(0.00133766 0 0 0 0.000167208 0 0 0 0.000167208)
(0.00133777 0 0 0 0.000167221 0 0 0 0.000167221)
(0.00133788 0 0 0 0.000167235 0 0 0 0.000167235)
(0.001338 0 0 0 0.00016725 0 0 0 0.00016725)
(0.00133812 0 0 0 0.000167265 0 0 0 0.000167265)
(0.00133825 0 0 0 0.000167281 0 0 0 0.000167281)
(0.00133838 0 0 0 0.000167298 0 0 0 0.000167298)
(0.00133852 0 0 0 0.000167315 0 0 0 0.000167315)
(0.00133867 0 0 0 0.000167334 0 0 0 0.000167334)
(0.00133882 0 0 0 0.000167353 0 0 0 0.000167353)
(0.00133898 0 0 0 0.000167373 0 0 0 0.000167373)
(0.00133915 0 0 0 0.000167393 0 0 0 0.000167393)
(0.00133932 0 0 0 0.000167415 0 0 0 0.000167415)
(0.0013395 0 0 0 0.000167438 0 0 0 0.000167438)
(0.00133969 0 0 0 0.000167461 0 0 0 0.000167461)
(0.00133989 0 0 0 0.000167486 0 0 0 0.000167486)
(0.00134009 0 0 0 0.000167511 0 0 0 0.000167511)
(0.0013403 0 0 0 0.000167538 0 0 0 0.000167538)
(0.00134052 0 0 0 0.000167565 0 0 0 0.000167565)
(0.00134075 0 0 0 0.000167594 0 0 0 0.000167594)
(0.00134099 0 0 0 0.000167623 0 0 0 0.000167623)
(0.00134123 0 0 0 0.000167654 0 0 0 0.000167654)
(0.00134149 0 0 0 0.000167686 0 0 0 0.000167686)
(0.00134175 0 0 0 0.000167719 0 0 0 0.000167719)
(0.00134202 0 0 0 0.000167753 0 0 0 0.000167753)
(0.00134231 0 0 0 0.000167788 0 0 0 0.000167788)
(0.0013426 0 0 0 0.000167825 0 0 0 0.000167825)
(0.0013429 0 0 0 0.000167863 0 0 0 0.000167863)
(0.00134321 0 0 0 0.000167902 0 0 0 0.000167902)
(0.00134354 0 0 0 0.000167942 0 0 0 0.000167942)
(0.00134387 0 0 0 0.000167983 0 0 0 0.000167983)
(0.00134421 0 0 0 0.000168026 0 0 0 0.000168026)
(0.00134457 0 0 0 0.000168071 0 0 0 0.000168071)
(0.00134493 0 0 0 0.000168116 0 0 0 0.000168116)
(0.00134531 0 0 0 0.000168163 0 0 0 0.000168163)
(0.00134569 0 0 0 0.000168212 0 0 0 0.000168212)
(0.00134609 0 0 0 0.000168261 0 0 0 0.000168261)
(0.0013465 0 0 0 0.000168313 0 0 0 0.000168313)
(0.00134692 0 0 0 0.000168365 0 0 0 0.000168365)
(0.00134735 0 0 0 0.000168419 0 0 0 0.000168419)
(0.0013478 0 0 0 0.000168475 0 0 0 0.000168475)
(0.00134826 0 0 0 0.000168532 0 0 0 0.000168532)
(0.00134872 0 0 0 0.000168591 0 0 0 0.000168591)
(0.00134921 0 0 0 0.000168651 0 0 0 0.000168651)
(0.0013497 0 0 0 0.000168712 0 0 0 0.000168712)
(0.0013502 0 0 0 0.000168775 0 0 0 0.000168775)
(0.00135072 0 0 0 0.00016884 0 0 0 0.00016884)
(0.00135125 0 0 0 0.000168907 0 0 0 0.000168907)
(0.0013518 0 0 0 0.000168974 0 0 0 0.000168974)
(0.00135235 0 0 0 0.000169044 0 0 0 0.000169044)
(0.00135292 0 0 0 0.000169115 0 0 0 0.000169115)
(0.0013535 0 0 0 0.000169188 0 0 0 0.000169188)
(0.0013541 0 0 0 0.000169262 0 0 0 0.000169262)
(0.0013547 0 0 0 0.000169338 0 0 0 0.000169338)
(0.00135532 0 0 0 0.000169416 0 0 0 0.000169416)
(0.00135596 0 0 0 0.000169495 0 0 0 0.000169495)
(0.0013566 0 0 0 0.000169576 0 0 0 0.000169576)
(0.00135726 0 0 0 0.000169658 0 0 0 0.000169658)
(0.00135794 0 0 0 0.000169742 0 0 0 0.000169742)
(0.00135862 0 0 0 0.000169828 0 0 0 0.000169828)
(0.00135932 0 0 0 0.000169915 0 0 0 0.000169915)
(0.00136004 0 0 0 0.000170005 0 0 0 0.000170005)
(0.00136076 0 0 0 0.000170095 0 0 0 0.000170095)
(0.0013615 0 0 0 0.000170188 0 0 0 0.000170188)
(0.00136225 0 0 0 0.000170282 0 0 0 0.000170282)
(0.00136302 0 0 0 0.000170377 0 0 0 0.000170377)
(0.00136379 0 0 0 0.000170474 0 0 0 0.000170474)
(0.00136458 0 0 0 0.000170573 0 0 0 0.000170573)
(0.00136539 0 0 0 0.000170673 0 0 0 0.000170673)
(0.0013662 0 0 0 0.000170775 0 0 0 0.000170775)
(0.00136703 0 0 0 0.000170879 0 0 0 0.000170879)
(0.00136787 0 0 0 0.000170984 0 0 0 0.000170984)
(0.00136872 0 0 0 0.00017109 0 0 0 0.00017109)
(0.00136958 0 0 0 0.000171198 0 0 0 0.000171198)
(0.00137046 0 0 0 0.000171307 0 0 0 0.000171307)
(0.00137134 0 0 0 0.000171417 0 0 0 0.000171417)
(0.00137223 0 0 0 0.000171529 0 0 0 0.000171529)
(0.00137314 0 0 0 0.000171642 0 0 0 0.000171642)
(0.00137405 0 0 0 0.000171756 0 0 0 0.000171756)
(0.00137497 0 0 0 0.000171872 0 0 0 0.000171872)
(0.0013759 0 0 0 0.000171988 0 0 0 0.000171988)
(0.00137684 0 0 0 0.000172105 0 0 0 0.000172105)
(0.00137778 0 0 0 0.000172223 0 0 0 0.000172223)
(0.00137873 0 0 0 0.000172342 0 0 0 0.000172342)
(0.00137969 0 0 0 0.000172461 0 0 0 0.000172461)
(0.00138064 0 0 0 0.000172581 0 0 0 0.000172581)
(0.00138161 0 0 0 0.000172701 0 0 0 0.000172701)
(0.00138257 0 0 0 0.000172821 0 0 0 0.000172821)
(0.00138354 0 0 0 0.000172943 0 0 0 0.000172943)
(0.00138452 0 0 0 0.000173065 0 0 0 0.000173065)
(0.0013855 0 0 0 0.000173188 0 0 0 0.000173188)
(0.00138651 0 0 0 0.000173314 0 0 0 0.000173314)
(0.00138756 0 0 0 0.000173446 0 0 0 0.000173446)
(0.00138868 0 0 0 0.000173585 0 0 0 0.000173585)
(0.00138965 0 0 0 0.000173706 0 0 0 0.000173706)
(0.00128001 0 0 0 0.000160002 0 0 0 0.000160002)
(0.00128035 0 0 0 0.000160044 0 0 0 0.000160044)
(0.00128099 0 0 0 0.000160123 0 0 0 0.000160123)
(0.00128183 0 0 0 0.000160229 0 0 0 0.000160229)
(0.00128263 0 0 0 0.000160329 0 0 0 0.000160329)
(0.00128339 0 0 0 0.000160423 0 0 0 0.000160423)
(0.00128412 0 0 0 0.000160515 0 0 0 0.000160515)
(0.00128483 0 0 0 0.000160604 0 0 0 0.000160604)
(0.00128553 0 0 0 0.000160691 0 0 0 0.000160691)
(0.00128623 0 0 0 0.000160778 0 0 0 0.000160778)
(0.00128692 0 0 0 0.000160865 0 0 0 0.000160865)
(0.0012876 0 0 0 0.00016095 0 0 0 0.00016095)
(0.00128829 0 0 0 0.000161036 0 0 0 0.000161036)
(0.00128897 0 0 0 0.000161122 0 0 0 0.000161122)
(0.00128966 0 0 0 0.000161207 0 0 0 0.000161207)
(0.00129034 0 0 0 0.000161292 0 0 0 0.000161292)
(0.00129102 0 0 0 0.000161378 0 0 0 0.000161378)
(0.00129171 0 0 0 0.000161463 0 0 0 0.000161463)
(0.00129239 0 0 0 0.000161549 0 0 0 0.000161549)
(0.00129307 0 0 0 0.000161634 0 0 0 0.000161634)
(0.00129376 0 0 0 0.000161719 0 0 0 0.000161719)
(0.00129444 0 0 0 0.000161805 0 0 0 0.000161805)
(0.00129512 0 0 0 0.00016189 0 0 0 0.00016189)
(0.0012958 0 0 0 0.000161975 0 0 0 0.000161975)
(0.00129648 0 0 0 0.00016206 0 0 0 0.00016206)
(0.00129716 0 0 0 0.000162145 0 0 0 0.000162145)
(0.00129784 0 0 0 0.00016223 0 0 0 0.00016223)
(0.00129851 0 0 0 0.000162314 0 0 0 0.000162314)
(0.00129919 0 0 0 0.000162398 0 0 0 0.000162398)
(0.00129986 0 0 0 0.000162482 0 0 0 0.000162482)
(0.00130053 0 0 0 0.000162566 0 0 0 0.000162566)
(0.0013012 0 0 0 0.00016265 0 0 0 0.00016265)
(0.00130186 0 0 0 0.000162733 0 0 0 0.000162733)
(0.00130253 0 0 0 0.000162816 0 0 0 0.000162816)
(0.00130318 0 0 0 0.000162898 0 0 0 0.000162898)
(0.00130384 0 0 0 0.00016298 0 0 0 0.00016298)
(0.00130449 0 0 0 0.000163062 0 0 0 0.000163062)
(0.00130514 0 0 0 0.000163143 0 0 0 0.000163143)
(0.00130579 0 0 0 0.000163224 0 0 0 0.000163224)
(0.00130643 0 0 0 0.000163304 0 0 0 0.000163304)
(0.00130707 0 0 0 0.000163384 0 0 0 0.000163384)
(0.0013077 0 0 0 0.000163463 0 0 0 0.000163463)
(0.00130833 0 0 0 0.000163541 0 0 0 0.000163541)
(0.00130896 0 0 0 0.00016362 0 0 0 0.00016362)
(0.00130958 0 0 0 0.000163697 0 0 0 0.000163697)
(0.00131019 0 0 0 0.000163774 0 0 0 0.000163774)
(0.0013108 0 0 0 0.00016385 0 0 0 0.00016385)
(0.0013114 0 0 0 0.000163925 0 0 0 0.000163925)
(0.001312 0 0 0 0.000164 0 0 0 0.000164)
(0.00131259 0 0 0 0.000164074 0 0 0 0.000164074)
(0.00131318 0 0 0 0.000164147 0 0 0 0.000164147)
(0.00131376 0 0 0 0.00016422 0 0 0 0.00016422)
(0.00131433 0 0 0 0.000164291 0 0 0 0.000164291)
(0.0013149 0 0 0 0.000164362 0 0 0 0.000164362)
(0.00131546 0 0 0 0.000164432 0 0 0 0.000164432)
(0.00131601 0 0 0 0.000164501 0 0 0 0.000164501)
(0.00131656 0 0 0 0.00016457 0 0 0 0.00016457)
(0.0013171 0 0 0 0.000164637 0 0 0 0.000164637)
(0.00131763 0 0 0 0.000164704 0 0 0 0.000164704)
(0.00131815 0 0 0 0.000164769 0 0 0 0.000164769)
(0.00131867 0 0 0 0.000164834 0 0 0 0.000164834)
(0.00131918 0 0 0 0.000164897 0 0 0 0.000164897)
(0.00131968 0 0 0 0.00016496 0 0 0 0.00016496)
(0.00132017 0 0 0 0.000165022 0 0 0 0.000165022)
(0.00132066 0 0 0 0.000165083 0 0 0 0.000165083)
(0.00132114 0 0 0 0.000165142 0 0 0 0.000165142)
(0.00132161 0 0 0 0.000165201 0 0 0 0.000165201)
(0.00132207 0 0 0 0.000165259 0 0 0 0.000165259)
(0.00132252 0 0 0 0.000165315 0 0 0 0.000165315)
(0.00132297 0 0 0 0.000165371 0 0 0 0.000165371)
(0.0013234 0 0 0 0.000165425 0 0 0 0.000165425)
(0.00132383 0 0 0 0.000165479 0 0 0 0.000165479)
(0.00132425 0 0 0 0.000165531 0 0 0 0.000165531)
(0.00132466 0 0 0 0.000165582 0 0 0 0.000165582)
(0.00132506 0 0 0 0.000165632 0 0 0 0.000165632)
(0.00132545 0 0 0 0.000165681 0 0 0 0.000165681)
(0.00132584 0 0 0 0.000165729 0 0 0 0.000165729)
(0.00132621 0 0 0 0.000165776 0 0 0 0.000165776)
(0.00132658 0 0 0 0.000165822 0 0 0 0.000165822)
(0.00132693 0 0 0 0.000165867 0 0 0 0.000165867)
(0.00132728 0 0 0 0.00016591 0 0 0 0.00016591)
(0.00132762 0 0 0 0.000165953 0 0 0 0.000165953)
(0.00132796 0 0 0 0.000165994 0 0 0 0.000165994)
(0.00132828 0 0 0 0.000166035 0 0 0 0.000166035)
(0.00132859 0 0 0 0.000166074 0 0 0 0.000166074)
(0.0013289 0 0 0 0.000166112 0 0 0 0.000166112)
(0.00132919 0 0 0 0.000166149 0 0 0 0.000166149)
(0.00132948 0 0 0 0.000166185 0 0 0 0.000166185)
(0.00132976 0 0 0 0.00016622 0 0 0 0.00016622)
(0.00133003 0 0 0 0.000166254 0 0 0 0.000166254)
(0.0013303 0 0 0 0.000166287 0 0 0 0.000166287)
(0.00133055 0 0 0 0.000166319 0 0 0 0.000166319)
(0.0013308 0 0 0 0.00016635 0 0 0 0.00016635)
(0.00133104 0 0 0 0.00016638 0 0 0 0.00016638)
(0.00133127 0 0 0 0.000166409 0 0 0 0.000166409)
(0.00133149 0 0 0 0.000166437 0 0 0 0.000166437)
(0.00133171 0 0 0 0.000166464 0 0 0 0.000166464)
(0.00133192 0 0 0 0.00016649 0 0 0 0.00016649)
(0.00133212 0 0 0 0.000166515 0 0 0 0.000166515)
(0.00133231 0 0 0 0.000166539 0 0 0 0.000166539)
(0.0013325 0 0 0 0.000166562 0 0 0 0.000166562)
(0.00133268 0 0 0 0.000166585 0 0 0 0.000166585)
(0.00133285 0 0 0 0.000166607 0 0 0 0.000166607)
(0.00133302 0 0 0 0.000166627 0 0 0 0.000166627)
(0.00133318 0 0 0 0.000166647 0 0 0 0.000166647)
(0.00133333 0 0 0 0.000166666 0 0 0 0.000166666)
(0.00133348 0 0 0 0.000166685 0 0 0 0.000166685)
(0.00133362 0 0 0 0.000166702 0 0 0 0.000166702)
(0.00133375 0 0 0 0.000166719 0 0 0 0.000166719)
(0.00133388 0 0 0 0.000166735 0 0 0 0.000166735)
(0.001334 0 0 0 0.00016675 0 0 0 0.00016675)
(0.00133412 0 0 0 0.000166765 0 0 0 0.000166765)
(0.00133423 0 0 0 0.000166779 0 0 0 0.000166779)
(0.00133434 0 0 0 0.000166792 0 0 0 0.000166792)
(0.00133444 0 0 0 0.000166805 0 0 0 0.000166805)
(0.00133454 0 0 0 0.000166817 0 0 0 0.000166817)
(0.00133463 0 0 0 0.000166829 0 0 0 0.000166829)
(0.00133472 0 0 0 0.00016684 0 0 0 0.00016684)
(0.0013348 0 0 0 0.00016685 0 0 0 0.00016685)
(0.00133488 0 0 0 0.00016686 0 0 0 0.00016686)
(0.00133496 0 0 0 0.00016687 0 0 0 0.00016687)
(0.00133503 0 0 0 0.000166879 0 0 0 0.000166879)
(0.0013351 0 0 0 0.000166887 0 0 0 0.000166887)
(0.00133516 0 0 0 0.000166895 0 0 0 0.000166895)
(0.00133523 0 0 0 0.000166903 0 0 0 0.000166903)
(0.00133528 0 0 0 0.00016691 0 0 0 0.00016691)
(0.00133534 0 0 0 0.000166917 0 0 0 0.000166917)
(0.00133539 0 0 0 0.000166924 0 0 0 0.000166924)
(0.00133544 0 0 0 0.00016693 0 0 0 0.00016693)
(0.00133549 0 0 0 0.000166936 0 0 0 0.000166936)
(0.00133553 0 0 0 0.000166942 0 0 0 0.000166942)
(0.00133558 0 0 0 0.000166947 0 0 0 0.000166947)
(0.00133562 0 0 0 0.000166952 0 0 0 0.000166952)
(0.00133566 0 0 0 0.000166957 0 0 0 0.000166957)
(0.00133569 0 0 0 0.000166962 0 0 0 0.000166962)
(0.00133573 0 0 0 0.000166966 0 0 0 0.000166966)
(0.00133577 0 0 0 0.000166971 0 0 0 0.000166971)
(0.0013358 0 0 0 0.000166975 0 0 0 0.000166975)
(0.00133583 0 0 0 0.000166979 0 0 0 0.000166979)
(0.00133586 0 0 0 0.000166983 0 0 0 0.000166983)
(0.00133589 0 0 0 0.000166986 0 0 0 0.000166986)
(0.00133592 0 0 0 0.00016699 0 0 0 0.00016699)
(0.00133595 0 0 0 0.000166994 0 0 0 0.000166994)
(0.00133598 0 0 0 0.000166997 0 0 0 0.000166997)
(0.00133601 0 0 0 0.000167001 0 0 0 0.000167001)
(0.00133603 0 0 0 0.000167004 0 0 0 0.000167004)
(0.00133606 0 0 0 0.000167008 0 0 0 0.000167008)
(0.00133609 0 0 0 0.000167012 0 0 0 0.000167012)
(0.00133612 0 0 0 0.000167015 0 0 0 0.000167015)
(0.00133615 0 0 0 0.000167019 0 0 0 0.000167019)
(0.00133618 0 0 0 0.000167023 0 0 0 0.000167023)
(0.00133621 0 0 0 0.000167027 0 0 0 0.000167027)
(0.00133625 0 0 0 0.000167031 0 0 0 0.000167031)
(0.00133628 0 0 0 0.000167035 0 0 0 0.000167035)
(0.00133632 0 0 0 0.00016704 0 0 0 0.00016704)
(0.00133636 0 0 0 0.000167044 0 0 0 0.000167044)
(0.00133639 0 0 0 0.000167049 0 0 0 0.000167049)
(0.00133643 0 0 0 0.000167054 0 0 0 0.000167054)
(0.00133648 0 0 0 0.00016706 0 0 0 0.00016706)
(0.00133652 0 0 0 0.000167065 0 0 0 0.000167065)
(0.00133657 0 0 0 0.000167071 0 0 0 0.000167071)
(0.00133662 0 0 0 0.000167077 0 0 0 0.000167077)
(0.00133667 0 0 0 0.000167084 0 0 0 0.000167084)
(0.00133673 0 0 0 0.000167091 0 0 0 0.000167091)
(0.00133678 0 0 0 0.000167098 0 0 0 0.000167098)
(0.00133685 0 0 0 0.000167106 0 0 0 0.000167106)
(0.00133691 0 0 0 0.000167114 0 0 0 0.000167114)
(0.00133698 0 0 0 0.000167122 0 0 0 0.000167122)
(0.00133705 0 0 0 0.000167131 0 0 0 0.000167131)
(0.00133712 0 0 0 0.000167141 0 0 0 0.000167141)
(0.0013372 0 0 0 0.00016715 0 0 0 0.00016715)
(0.00133729 0 0 0 0.000167161 0 0 0 0.000167161)
(0.00133737 0 0 0 0.000167172 0 0 0 0.000167172)
(0.00133747 0 0 0 0.000167183 0 0 0 0.000167183)
(0.00133756 0 0 0 0.000167195 0 0 0 0.000167195)
(0.00133766 0 0 0 0.000167208 0 0 0 0.000167208)
(0.00133777 0 0 0 0.000167221 0 0 0 0.000167221)
(0.00133788 0 0 0 0.000167235 0 0 0 0.000167235)
(0.001338 0 0 0 0.00016725 0 0 0 0.00016725)
(0.00133812 0 0 0 0.000167265 0 0 0 0.000167265)
(0.00133825 0 0 0 0.000167281 0 0 0 0.000167281)
(0.00133838 0 0 0 0.000167298 0 0 0 0.000167298)
(0.00133852 0 0 0 0.000167315 0 0 0 0.000167315)
(0.00133867 0 0 0 0.000167334 0 0 0 0.000167334)
(0.00133882 0 0 0 0.000167353 0 0 0 0.000167353)
(0.00133898 0 0 0 0.000167373 0 0 0 0.000167373)
(0.00133915 0 0 0 0.000167393 0 0 0 0.000167393)
(0.00133932 0 0 0 0.000167415 0 0 0 0.000167415)
(0.0013395 0 0 0 0.000167438 0 0 0 0.000167438)
(0.00133969 0 0 0 0.000167461 0 0 0 0.000167461)
(0.00133989 0 0 0 0.000167486 0 0 0 0.000167486)
(0.00134009 0 0 0 0.000167511 0 0 0 0.000167511)
(0.0013403 0 0 0 0.000167538 0 0 0 0.000167538)
(0.00134052 0 0 0 0.000167565 0 0 0 0.000167565)
(0.00134075 0 0 0 0.000167594 0 0 0 0.000167594)
(0.00134099 0 0 0 0.000167623 0 0 0 0.000167623)
(0.00134123 0 0 0 0.000167654 0 0 0 0.000167654)
(0.00134149 0 0 0 0.000167686 0 0 0 0.000167686)
(0.00134175 0 0 0 0.000167719 0 0 0 0.000167719)
(0.00134202 0 0 0 0.000167753 0 0 0 0.000167753)
(0.00134231 0 0 0 0.000167788 0 0 0 0.000167788)
(0.0013426 0 0 0 0.000167825 0 0 0 0.000167825)
(0.0013429 0 0 0 0.000167863 0 0 0 0.000167863)
(0.00134321 0 0 0 0.000167902 0 0 0 0.000167902)
(0.00134354 0 0 0 0.000167942 0 0 0 0.000167942)
(0.00134387 0 0 0 0.000167984 0 0 0 0.000167984)
(0.00134421 0 0 0 0.000168026 0 0 0 0.000168026)
(0.00134457 0 0 0 0.000168071 0 0 0 0.000168071)
(0.00134493 0 0 0 0.000168116 0 0 0 0.000168116)
(0.00134531 0 0 0 0.000168163 0 0 0 0.000168163)
(0.00134569 0 0 0 0.000168212 0 0 0 0.000168212)
(0.00134609 0 0 0 0.000168261 0 0 0 0.000168261)
(0.0013465 0 0 0 0.000168313 0 0 0 0.000168313)
(0.00134692 0 0 0 0.000168365 0 0 0 0.000168365)
(0.00134736 0 0 0 0.000168419 0 0 0 0.000168419)
(0.0013478 0 0 0 0.000168475 0 0 0 0.000168475)
(0.00134826 0 0 0 0.000168532 0 0 0 0.000168532)
(0.00134873 0 0 0 0.000168591 0 0 0 0.000168591)
(0.00134921 0 0 0 0.000168651 0 0 0 0.000168651)
(0.0013497 0 0 0 0.000168712 0 0 0 0.000168712)
(0.0013502 0 0 0 0.000168776 0 0 0 0.000168776)
(0.00135072 0 0 0 0.00016884 0 0 0 0.00016884)
(0.00135125 0 0 0 0.000168907 0 0 0 0.000168907)
(0.0013518 0 0 0 0.000168975 0 0 0 0.000168975)
(0.00135235 0 0 0 0.000169044 0 0 0 0.000169044)
(0.00135292 0 0 0 0.000169115 0 0 0 0.000169115)
(0.0013535 0 0 0 0.000169188 0 0 0 0.000169188)
(0.0013541 0 0 0 0.000169262 0 0 0 0.000169262)
(0.0013547 0 0 0 0.000169338 0 0 0 0.000169338)
(0.00135533 0 0 0 0.000169416 0 0 0 0.000169416)
(0.00135596 0 0 0 0.000169495 0 0 0 0.000169495)
(0.00135661 0 0 0 0.000169576 0 0 0 0.000169576)
(0.00135727 0 0 0 0.000169658 0 0 0 0.000169658)
(0.00135794 0 0 0 0.000169742 0 0 0 0.000169742)
(0.00135863 0 0 0 0.000169828 0 0 0 0.000169828)
(0.00135932 0 0 0 0.000169916 0 0 0 0.000169916)
(0.00136004 0 0 0 0.000170005 0 0 0 0.000170005)
(0.00136076 0 0 0 0.000170095 0 0 0 0.000170095)
(0.0013615 0 0 0 0.000170188 0 0 0 0.000170188)
(0.00136225 0 0 0 0.000170282 0 0 0 0.000170282)
(0.00136302 0 0 0 0.000170377 0 0 0 0.000170377)
(0.0013638 0 0 0 0.000170474 0 0 0 0.000170474)
(0.00136459 0 0 0 0.000170573 0 0 0 0.000170573)
(0.00136539 0 0 0 0.000170674 0 0 0 0.000170674)
(0.0013662 0 0 0 0.000170775 0 0 0 0.000170775)
(0.00136703 0 0 0 0.000170879 0 0 0 0.000170879)
(0.00136787 0 0 0 0.000170984 0 0 0 0.000170984)
(0.00136872 0 0 0 0.00017109 0 0 0 0.00017109)
(0.00136958 0 0 0 0.000171198 0 0 0 0.000171198)
(0.00137046 0 0 0 0.000171307 0 0 0 0.000171307)
(0.00137134 0 0 0 0.000171418 0 0 0 0.000171418)
(0.00137224 0 0 0 0.00017153 0 0 0 0.00017153)
(0.00137314 0 0 0 0.000171643 0 0 0 0.000171643)
(0.00137406 0 0 0 0.000171757 0 0 0 0.000171757)
(0.00137498 0 0 0 0.000171873 0 0 0 0.000171873)
(0.00137591 0 0 0 0.000171989 0 0 0 0.000171989)
(0.00137685 0 0 0 0.000172106 0 0 0 0.000172106)
(0.0013778 0 0 0 0.000172225 0 0 0 0.000172225)
(0.00137875 0 0 0 0.000172344 0 0 0 0.000172344)
(0.00137971 0 0 0 0.000172463 0 0 0 0.000172463)
(0.00138067 0 0 0 0.000172584 0 0 0 0.000172584)
(0.00138164 0 0 0 0.000172705 0 0 0 0.000172705)
(0.00138261 0 0 0 0.000172826 0 0 0 0.000172826)
(0.00138359 0 0 0 0.000172949 0 0 0 0.000172949)
(0.00138458 0 0 0 0.000173072 0 0 0 0.000173072)
(0.00138558 0 0 0 0.000173198 0 0 0 0.000173198)
(0.00138661 0 0 0 0.000173326 0 0 0 0.000173326)
(0.00138768 0 0 0 0.00017346 0 0 0 0.00017346)
(0.00138881 0 0 0 0.000173602 0 0 0 0.000173602)
(0.00138975 0 0 0 0.000173718 0 0 0 0.000173718)
(0.00128007 0 0 0 0.000160009 0 0 0 0.000160009)
(0.00128039 0 0 0 0.000160048 0 0 0 0.000160048)
(0.00128104 0 0 0 0.00016013 0 0 0 0.00016013)
(0.00128187 0 0 0 0.000160233 0 0 0 0.000160233)
(0.00128265 0 0 0 0.000160331 0 0 0 0.000160331)
(0.0012834 0 0 0 0.000160425 0 0 0 0.000160425)
(0.00128413 0 0 0 0.000160516 0 0 0 0.000160516)
(0.00128484 0 0 0 0.000160605 0 0 0 0.000160605)
(0.00128554 0 0 0 0.000160692 0 0 0 0.000160692)
(0.00128623 0 0 0 0.000160779 0 0 0 0.000160779)
(0.00128692 0 0 0 0.000160865 0 0 0 0.000160865)
(0.0012876 0 0 0 0.000160951 0 0 0 0.000160951)
(0.00128829 0 0 0 0.000161036 0 0 0 0.000161036)
(0.00128897 0 0 0 0.000161122 0 0 0 0.000161122)
(0.00128966 0 0 0 0.000161207 0 0 0 0.000161207)
(0.00129034 0 0 0 0.000161293 0 0 0 0.000161293)
(0.00129102 0 0 0 0.000161378 0 0 0 0.000161378)
(0.00129171 0 0 0 0.000161463 0 0 0 0.000161463)
(0.00129239 0 0 0 0.000161549 0 0 0 0.000161549)
(0.00129307 0 0 0 0.000161634 0 0 0 0.000161634)
(0.00129376 0 0 0 0.00016172 0 0 0 0.00016172)
(0.00129444 0 0 0 0.000161805 0 0 0 0.000161805)
(0.00129512 0 0 0 0.00016189 0 0 0 0.00016189)
(0.0012958 0 0 0 0.000161975 0 0 0 0.000161975)
(0.00129648 0 0 0 0.00016206 0 0 0 0.00016206)
(0.00129716 0 0 0 0.000162145 0 0 0 0.000162145)
(0.00129784 0 0 0 0.00016223 0 0 0 0.00016223)
(0.00129851 0 0 0 0.000162314 0 0 0 0.000162314)
(0.00129919 0 0 0 0.000162399 0 0 0 0.000162399)
(0.00129986 0 0 0 0.000162483 0 0 0 0.000162483)
(0.00130053 0 0 0 0.000162566 0 0 0 0.000162566)
(0.0013012 0 0 0 0.00016265 0 0 0 0.00016265)
(0.00130186 0 0 0 0.000162733 0 0 0 0.000162733)
(0.00130253 0 0 0 0.000162816 0 0 0 0.000162816)
(0.00130319 0 0 0 0.000162898 0 0 0 0.000162898)
(0.00130384 0 0 0 0.00016298 0 0 0 0.00016298)
(0.0013045 0 0 0 0.000163062 0 0 0 0.000163062)
(0.00130514 0 0 0 0.000163143 0 0 0 0.000163143)
(0.00130579 0 0 0 0.000163224 0 0 0 0.000163224)
(0.00130643 0 0 0 0.000163304 0 0 0 0.000163304)
(0.00130707 0 0 0 0.000163384 0 0 0 0.000163384)
(0.0013077 0 0 0 0.000163463 0 0 0 0.000163463)
(0.00130833 0 0 0 0.000163542 0 0 0 0.000163542)
(0.00130896 0 0 0 0.00016362 0 0 0 0.00016362)
(0.00130958 0 0 0 0.000163697 0 0 0 0.000163697)
(0.00131019 0 0 0 0.000163774 0 0 0 0.000163774)
(0.0013108 0 0 0 0.00016385 0 0 0 0.00016385)
(0.0013114 0 0 0 0.000163925 0 0 0 0.000163925)
(0.001312 0 0 0 0.000164 0 0 0 0.000164)
(0.00131259 0 0 0 0.000164074 0 0 0 0.000164074)
(0.00131318 0 0 0 0.000164147 0 0 0 0.000164147)
(0.00131376 0 0 0 0.00016422 0 0 0 0.00016422)
(0.00131433 0 0 0 0.000164291 0 0 0 0.000164291)
(0.0013149 0 0 0 0.000164362 0 0 0 0.000164362)
(0.00131546 0 0 0 0.000164432 0 0 0 0.000164432)
(0.00131601 0 0 0 0.000164501 0 0 0 0.000164501)
(0.00131656 0 0 0 0.00016457 0 0 0 0.00016457)
(0.0013171 0 0 0 0.000164637 0 0 0 0.000164637)
(0.00131763 0 0 0 0.000164704 0 0 0 0.000164704)
(0.00131815 0 0 0 0.000164769 0 0 0 0.000164769)
(0.00131867 0 0 0 0.000164834 0 0 0 0.000164834)
(0.00131918 0 0 0 0.000164897 0 0 0 0.000164897)
(0.00131968 0 0 0 0.00016496 0 0 0 0.00016496)
(0.00132018 0 0 0 0.000165022 0 0 0 0.000165022)
(0.00132066 0 0 0 0.000165083 0 0 0 0.000165083)
(0.00132114 0 0 0 0.000165142 0 0 0 0.000165142)
(0.00132161 0 0 0 0.000165201 0 0 0 0.000165201)
(0.00132207 0 0 0 0.000165259 0 0 0 0.000165259)
(0.00132252 0 0 0 0.000165315 0 0 0 0.000165315)
(0.00132297 0 0 0 0.000165371 0 0 0 0.000165371)
(0.0013234 0 0 0 0.000165425 0 0 0 0.000165425)
(0.00132383 0 0 0 0.000165479 0 0 0 0.000165479)
(0.00132425 0 0 0 0.000165531 0 0 0 0.000165531)
(0.00132466 0 0 0 0.000165582 0 0 0 0.000165582)
(0.00132506 0 0 0 0.000165632 0 0 0 0.000165632)
(0.00132545 0 0 0 0.000165682 0 0 0 0.000165682)
(0.00132584 0 0 0 0.00016573 0 0 0 0.00016573)
(0.00132621 0 0 0 0.000165776 0 0 0 0.000165776)
(0.00132658 0 0 0 0.000165822 0 0 0 0.000165822)
(0.00132694 0 0 0 0.000165867 0 0 0 0.000165867)
(0.00132728 0 0 0 0.000165911 0 0 0 0.000165911)
(0.00132762 0 0 0 0.000165953 0 0 0 0.000165953)
(0.00132796 0 0 0 0.000165994 0 0 0 0.000165994)
(0.00132828 0 0 0 0.000166035 0 0 0 0.000166035)
(0.00132859 0 0 0 0.000166074 0 0 0 0.000166074)
(0.0013289 0 0 0 0.000166112 0 0 0 0.000166112)
(0.00132919 0 0 0 0.000166149 0 0 0 0.000166149)
(0.00132948 0 0 0 0.000166185 0 0 0 0.000166185)
(0.00132976 0 0 0 0.00016622 0 0 0 0.00016622)
(0.00133003 0 0 0 0.000166254 0 0 0 0.000166254)
(0.0013303 0 0 0 0.000166287 0 0 0 0.000166287)
(0.00133055 0 0 0 0.000166319 0 0 0 0.000166319)
(0.0013308 0 0 0 0.00016635 0 0 0 0.00016635)
(0.00133104 0 0 0 0.00016638 0 0 0 0.00016638)
(0.00133127 0 0 0 0.000166409 0 0 0 0.000166409)
(0.00133149 0 0 0 0.000166437 0 0 0 0.000166437)
(0.00133171 0 0 0 0.000166464 0 0 0 0.000166464)
(0.00133192 0 0 0 0.00016649 0 0 0 0.00016649)
(0.00133212 0 0 0 0.000166515 0 0 0 0.000166515)
(0.00133231 0 0 0 0.000166539 0 0 0 0.000166539)
(0.0013325 0 0 0 0.000166563 0 0 0 0.000166563)
(0.00133268 0 0 0 0.000166585 0 0 0 0.000166585)
(0.00133285 0 0 0 0.000166607 0 0 0 0.000166607)
(0.00133302 0 0 0 0.000166627 0 0 0 0.000166627)
(0.00133318 0 0 0 0.000166647 0 0 0 0.000166647)
(0.00133333 0 0 0 0.000166666 0 0 0 0.000166666)
(0.00133348 0 0 0 0.000166685 0 0 0 0.000166685)
(0.00133362 0 0 0 0.000166702 0 0 0 0.000166702)
(0.00133375 0 0 0 0.000166719 0 0 0 0.000166719)
(0.00133388 0 0 0 0.000166735 0 0 0 0.000166735)
(0.001334 0 0 0 0.00016675 0 0 0 0.00016675)
(0.00133412 0 0 0 0.000166765 0 0 0 0.000166765)
(0.00133423 0 0 0 0.000166779 0 0 0 0.000166779)
(0.00133434 0 0 0 0.000166792 0 0 0 0.000166792)
(0.00133444 0 0 0 0.000166805 0 0 0 0.000166805)
(0.00133454 0 0 0 0.000166817 0 0 0 0.000166817)
(0.00133463 0 0 0 0.000166829 0 0 0 0.000166829)
(0.00133472 0 0 0 0.00016684 0 0 0 0.00016684)
(0.0013348 0 0 0 0.00016685 0 0 0 0.00016685)
(0.00133488 0 0 0 0.00016686 0 0 0 0.00016686)
(0.00133496 0 0 0 0.00016687 0 0 0 0.00016687)
(0.00133503 0 0 0 0.000166879 0 0 0 0.000166879)
(0.0013351 0 0 0 0.000166887 0 0 0 0.000166887)
(0.00133516 0 0 0 0.000166895 0 0 0 0.000166895)
(0.00133523 0 0 0 0.000166903 0 0 0 0.000166903)
(0.00133528 0 0 0 0.00016691 0 0 0 0.00016691)
(0.00133534 0 0 0 0.000166917 0 0 0 0.000166917)
(0.00133539 0 0 0 0.000166924 0 0 0 0.000166924)
(0.00133544 0 0 0 0.00016693 0 0 0 0.00016693)
(0.00133549 0 0 0 0.000166936 0 0 0 0.000166936)
(0.00133553 0 0 0 0.000166942 0 0 0 0.000166942)
(0.00133558 0 0 0 0.000166947 0 0 0 0.000166947)
(0.00133562 0 0 0 0.000166952 0 0 0 0.000166952)
(0.00133566 0 0 0 0.000166957 0 0 0 0.000166957)
(0.00133569 0 0 0 0.000166962 0 0 0 0.000166962)
(0.00133573 0 0 0 0.000166966 0 0 0 0.000166966)
(0.00133577 0 0 0 0.000166971 0 0 0 0.000166971)
(0.0013358 0 0 0 0.000166975 0 0 0 0.000166975)
(0.00133583 0 0 0 0.000166979 0 0 0 0.000166979)
(0.00133586 0 0 0 0.000166983 0 0 0 0.000166983)
(0.00133589 0 0 0 0.000166986 0 0 0 0.000166986)
(0.00133592 0 0 0 0.00016699 0 0 0 0.00016699)
(0.00133595 0 0 0 0.000166994 0 0 0 0.000166994)
(0.00133598 0 0 0 0.000166997 0 0 0 0.000166997)
(0.00133601 0 0 0 0.000167001 0 0 0 0.000167001)
(0.00133603 0 0 0 0.000167004 0 0 0 0.000167004)
(0.00133606 0 0 0 0.000167008 0 0 0 0.000167008)
(0.00133609 0 0 0 0.000167012 0 0 0 0.000167012)
(0.00133612 0 0 0 0.000167015 0 0 0 0.000167015)
(0.00133615 0 0 0 0.000167019 0 0 0 0.000167019)
(0.00133618 0 0 0 0.000167023 0 0 0 0.000167023)
(0.00133621 0 0 0 0.000167027 0 0 0 0.000167027)
(0.00133625 0 0 0 0.000167031 0 0 0 0.000167031)
(0.00133628 0 0 0 0.000167035 0 0 0 0.000167035)
(0.00133632 0 0 0 0.00016704 0 0 0 0.00016704)
(0.00133636 0 0 0 0.000167044 0 0 0 0.000167044)
(0.00133639 0 0 0 0.000167049 0 0 0 0.000167049)
(0.00133643 0 0 0 0.000167054 0 0 0 0.000167054)
(0.00133648 0 0 0 0.00016706 0 0 0 0.00016706)
(0.00133652 0 0 0 0.000167065 0 0 0 0.000167065)
(0.00133657 0 0 0 0.000167071 0 0 0 0.000167071)
(0.00133662 0 0 0 0.000167077 0 0 0 0.000167077)
(0.00133667 0 0 0 0.000167084 0 0 0 0.000167084)
(0.00133673 0 0 0 0.000167091 0 0 0 0.000167091)
(0.00133678 0 0 0 0.000167098 0 0 0 0.000167098)
(0.00133685 0 0 0 0.000167106 0 0 0 0.000167106)
(0.00133691 0 0 0 0.000167114 0 0 0 0.000167114)
(0.00133698 0 0 0 0.000167122 0 0 0 0.000167122)
(0.00133705 0 0 0 0.000167131 0 0 0 0.000167131)
(0.00133712 0 0 0 0.000167141 0 0 0 0.000167141)
(0.0013372 0 0 0 0.00016715 0 0 0 0.00016715)
(0.00133729 0 0 0 0.000167161 0 0 0 0.000167161)
(0.00133737 0 0 0 0.000167172 0 0 0 0.000167172)
(0.00133747 0 0 0 0.000167183 0 0 0 0.000167183)
(0.00133756 0 0 0 0.000167195 0 0 0 0.000167195)
(0.00133766 0 0 0 0.000167208 0 0 0 0.000167208)
(0.00133777 0 0 0 0.000167221 0 0 0 0.000167221)
(0.00133788 0 0 0 0.000167235 0 0 0 0.000167235)
(0.001338 0 0 0 0.00016725 0 0 0 0.00016725)
(0.00133812 0 0 0 0.000167265 0 0 0 0.000167265)
(0.00133825 0 0 0 0.000167281 0 0 0 0.000167281)
(0.00133838 0 0 0 0.000167298 0 0 0 0.000167298)
(0.00133852 0 0 0 0.000167315 0 0 0 0.000167315)
(0.00133867 0 0 0 0.000167334 0 0 0 0.000167334)
(0.00133882 0 0 0 0.000167353 0 0 0 0.000167353)
(0.00133898 0 0 0 0.000167373 0 0 0 0.000167373)
(0.00133915 0 0 0 0.000167394 0 0 0 0.000167394)
(0.00133932 0 0 0 0.000167415 0 0 0 0.000167415)
(0.0013395 0 0 0 0.000167438 0 0 0 0.000167438)
(0.00133969 0 0 0 0.000167461 0 0 0 0.000167461)
(0.00133989 0 0 0 0.000167486 0 0 0 0.000167486)
(0.00134009 0 0 0 0.000167511 0 0 0 0.000167511)
(0.0013403 0 0 0 0.000167538 0 0 0 0.000167538)
(0.00134052 0 0 0 0.000167565 0 0 0 0.000167565)
(0.00134075 0 0 0 0.000167594 0 0 0 0.000167594)
(0.00134099 0 0 0 0.000167623 0 0 0 0.000167623)
(0.00134123 0 0 0 0.000167654 0 0 0 0.000167654)
(0.00134149 0 0 0 0.000167686 0 0 0 0.000167686)
(0.00134175 0 0 0 0.000167719 0 0 0 0.000167719)
(0.00134202 0 0 0 0.000167753 0 0 0 0.000167753)
(0.00134231 0 0 0 0.000167788 0 0 0 0.000167788)
(0.0013426 0 0 0 0.000167825 0 0 0 0.000167825)
(0.0013429 0 0 0 0.000167863 0 0 0 0.000167863)
(0.00134321 0 0 0 0.000167902 0 0 0 0.000167902)
(0.00134354 0 0 0 0.000167942 0 0 0 0.000167942)
(0.00134387 0 0 0 0.000167984 0 0 0 0.000167984)
(0.00134421 0 0 0 0.000168027 0 0 0 0.000168027)
(0.00134457 0 0 0 0.000168071 0 0 0 0.000168071)
(0.00134493 0 0 0 0.000168116 0 0 0 0.000168116)
(0.00134531 0 0 0 0.000168163 0 0 0 0.000168163)
(0.00134569 0 0 0 0.000168212 0 0 0 0.000168212)
(0.00134609 0 0 0 0.000168262 0 0 0 0.000168262)
(0.0013465 0 0 0 0.000168313 0 0 0 0.000168313)
(0.00134692 0 0 0 0.000168365 0 0 0 0.000168365)
(0.00134736 0 0 0 0.00016842 0 0 0 0.00016842)
(0.0013478 0 0 0 0.000168475 0 0 0 0.000168475)
(0.00134826 0 0 0 0.000168532 0 0 0 0.000168532)
(0.00134873 0 0 0 0.000168591 0 0 0 0.000168591)
(0.00134921 0 0 0 0.000168651 0 0 0 0.000168651)
(0.0013497 0 0 0 0.000168713 0 0 0 0.000168713)
(0.00135021 0 0 0 0.000168776 0 0 0 0.000168776)
(0.00135072 0 0 0 0.00016884 0 0 0 0.00016884)
(0.00135125 0 0 0 0.000168907 0 0 0 0.000168907)
(0.0013518 0 0 0 0.000168975 0 0 0 0.000168975)
(0.00135235 0 0 0 0.000169044 0 0 0 0.000169044)
(0.00135292 0 0 0 0.000169115 0 0 0 0.000169115)
(0.0013535 0 0 0 0.000169188 0 0 0 0.000169188)
(0.0013541 0 0 0 0.000169262 0 0 0 0.000169262)
(0.00135471 0 0 0 0.000169338 0 0 0 0.000169338)
(0.00135533 0 0 0 0.000169416 0 0 0 0.000169416)
(0.00135596 0 0 0 0.000169495 0 0 0 0.000169495)
(0.00135661 0 0 0 0.000169576 0 0 0 0.000169576)
(0.00135727 0 0 0 0.000169658 0 0 0 0.000169658)
(0.00135794 0 0 0 0.000169743 0 0 0 0.000169743)
(0.00135863 0 0 0 0.000169828 0 0 0 0.000169828)
(0.00135933 0 0 0 0.000169916 0 0 0 0.000169916)
(0.00136004 0 0 0 0.000170005 0 0 0 0.000170005)
(0.00136076 0 0 0 0.000170096 0 0 0 0.000170096)
(0.0013615 0 0 0 0.000170188 0 0 0 0.000170188)
(0.00136226 0 0 0 0.000170282 0 0 0 0.000170282)
(0.00136302 0 0 0 0.000170378 0 0 0 0.000170378)
(0.0013638 0 0 0 0.000170475 0 0 0 0.000170475)
(0.00136459 0 0 0 0.000170574 0 0 0 0.000170574)
(0.00136539 0 0 0 0.000170674 0 0 0 0.000170674)
(0.00136621 0 0 0 0.000170776 0 0 0 0.000170776)
(0.00136703 0 0 0 0.000170879 0 0 0 0.000170879)
(0.00136787 0 0 0 0.000170984 0 0 0 0.000170984)
(0.00136873 0 0 0 0.000171091 0 0 0 0.000171091)
(0.00136959 0 0 0 0.000171199 0 0 0 0.000171199)
(0.00137046 0 0 0 0.000171308 0 0 0 0.000171308)
(0.00137135 0 0 0 0.000171419 0 0 0 0.000171419)
(0.00137224 0 0 0 0.000171531 0 0 0 0.000171531)
(0.00137315 0 0 0 0.000171644 0 0 0 0.000171644)
(0.00137407 0 0 0 0.000171758 0 0 0 0.000171758)
(0.00137499 0 0 0 0.000171874 0 0 0 0.000171874)
(0.00137592 0 0 0 0.000171991 0 0 0 0.000171991)
(0.00137687 0 0 0 0.000172108 0 0 0 0.000172108)
(0.00137782 0 0 0 0.000172227 0 0 0 0.000172227)
(0.00137877 0 0 0 0.000172346 0 0 0 0.000172346)
(0.00137973 0 0 0 0.000172467 0 0 0 0.000172467)
(0.0013807 0 0 0 0.000172588 0 0 0 0.000172588)
(0.00138168 0 0 0 0.00017271 0 0 0 0.00017271)
(0.00138266 0 0 0 0.000172833 0 0 0 0.000172833)
(0.00138365 0 0 0 0.000172956 0 0 0 0.000172956)
(0.00138465 0 0 0 0.000173082 0 0 0 0.000173082)
(0.00138567 0 0 0 0.000173209 0 0 0 0.000173209)
(0.00138672 0 0 0 0.00017334 0 0 0 0.00017334)
(0.00138781 0 0 0 0.000173477 0 0 0 0.000173477)
(0.00138897 0 0 0 0.000173621 0 0 0 0.000173621)
(0.00138986 0 0 0 0.000173732 0 0 0 0.000173732)
(0.00128016 0 0 0 0.00016002 0 0 0 0.00016002)
(0.00128046 0 0 0 0.000160058 0 0 0 0.000160058)
(0.00128111 0 0 0 0.000160139 0 0 0 0.000160139)
(0.00128192 0 0 0 0.00016024 0 0 0 0.00016024)
(0.00128268 0 0 0 0.000160336 0 0 0 0.000160336)
(0.00128342 0 0 0 0.000160428 0 0 0 0.000160428)
(0.00128414 0 0 0 0.000160518 0 0 0 0.000160518)
(0.00128485 0 0 0 0.000160606 0 0 0 0.000160606)
(0.00128554 0 0 0 0.000160693 0 0 0 0.000160693)
(0.00128623 0 0 0 0.000160779 0 0 0 0.000160779)
(0.00128692 0 0 0 0.000160865 0 0 0 0.000160865)
(0.00128761 0 0 0 0.000160951 0 0 0 0.000160951)
(0.00128829 0 0 0 0.000161037 0 0 0 0.000161037)
(0.00128898 0 0 0 0.000161122 0 0 0 0.000161122)
(0.00128966 0 0 0 0.000161207 0 0 0 0.000161207)
(0.00129034 0 0 0 0.000161293 0 0 0 0.000161293)
(0.00129103 0 0 0 0.000161378 0 0 0 0.000161378)
(0.00129171 0 0 0 0.000161464 0 0 0 0.000161464)
(0.00129239 0 0 0 0.000161549 0 0 0 0.000161549)
(0.00129307 0 0 0 0.000161634 0 0 0 0.000161634)
(0.00129376 0 0 0 0.00016172 0 0 0 0.00016172)
(0.00129444 0 0 0 0.000161805 0 0 0 0.000161805)
(0.00129512 0 0 0 0.00016189 0 0 0 0.00016189)
(0.0012958 0 0 0 0.000161975 0 0 0 0.000161975)
(0.00129648 0 0 0 0.00016206 0 0 0 0.00016206)
(0.00129716 0 0 0 0.000162145 0 0 0 0.000162145)
(0.00129784 0 0 0 0.00016223 0 0 0 0.00016223)
(0.00129852 0 0 0 0.000162314 0 0 0 0.000162314)
(0.00129919 0 0 0 0.000162399 0 0 0 0.000162399)
(0.00129986 0 0 0 0.000162483 0 0 0 0.000162483)
(0.00130053 0 0 0 0.000162566 0 0 0 0.000162566)
(0.0013012 0 0 0 0.00016265 0 0 0 0.00016265)
(0.00130187 0 0 0 0.000162733 0 0 0 0.000162733)
(0.00130253 0 0 0 0.000162816 0 0 0 0.000162816)
(0.00130319 0 0 0 0.000162898 0 0 0 0.000162898)
(0.00130384 0 0 0 0.00016298 0 0 0 0.00016298)
(0.0013045 0 0 0 0.000163062 0 0 0 0.000163062)
(0.00130515 0 0 0 0.000163143 0 0 0 0.000163143)
(0.00130579 0 0 0 0.000163224 0 0 0 0.000163224)
(0.00130643 0 0 0 0.000163304 0 0 0 0.000163304)
(0.00130707 0 0 0 0.000163384 0 0 0 0.000163384)
(0.0013077 0 0 0 0.000163463 0 0 0 0.000163463)
(0.00130833 0 0 0 0.000163542 0 0 0 0.000163542)
(0.00130896 0 0 0 0.00016362 0 0 0 0.00016362)
(0.00130958 0 0 0 0.000163697 0 0 0 0.000163697)
(0.00131019 0 0 0 0.000163774 0 0 0 0.000163774)
(0.0013108 0 0 0 0.00016385 0 0 0 0.00016385)
(0.0013114 0 0 0 0.000163925 0 0 0 0.000163925)
(0.001312 0 0 0 0.000164 0 0 0 0.000164)
(0.00131259 0 0 0 0.000164074 0 0 0 0.000164074)
(0.00131318 0 0 0 0.000164147 0 0 0 0.000164147)
(0.00131376 0 0 0 0.00016422 0 0 0 0.00016422)
(0.00131433 0 0 0 0.000164291 0 0 0 0.000164291)
(0.0013149 0 0 0 0.000164362 0 0 0 0.000164362)
(0.00131546 0 0 0 0.000164432 0 0 0 0.000164432)
(0.00131601 0 0 0 0.000164502 0 0 0 0.000164502)
(0.00131656 0 0 0 0.00016457 0 0 0 0.00016457)
(0.0013171 0 0 0 0.000164637 0 0 0 0.000164637)
(0.00131763 0 0 0 0.000164704 0 0 0 0.000164704)
(0.00131815 0 0 0 0.000164769 0 0 0 0.000164769)
(0.00131867 0 0 0 0.000164834 0 0 0 0.000164834)
(0.00131918 0 0 0 0.000164898 0 0 0 0.000164898)
(0.00131968 0 0 0 0.00016496 0 0 0 0.00016496)
(0.00132018 0 0 0 0.000165022 0 0 0 0.000165022)
(0.00132066 0 0 0 0.000165083 0 0 0 0.000165083)
(0.00132114 0 0 0 0.000165142 0 0 0 0.000165142)
(0.00132161 0 0 0 0.000165201 0 0 0 0.000165201)
(0.00132207 0 0 0 0.000165259 0 0 0 0.000165259)
(0.00132252 0 0 0 0.000165315 0 0 0 0.000165315)
(0.00132297 0 0 0 0.000165371 0 0 0 0.000165371)
(0.0013234 0 0 0 0.000165425 0 0 0 0.000165425)
(0.00132383 0 0 0 0.000165479 0 0 0 0.000165479)
(0.00132425 0 0 0 0.000165531 0 0 0 0.000165531)
(0.00132466 0 0 0 0.000165582 0 0 0 0.000165582)
(0.00132506 0 0 0 0.000165633 0 0 0 0.000165633)
(0.00132545 0 0 0 0.000165682 0 0 0 0.000165682)
(0.00132584 0 0 0 0.00016573 0 0 0 0.00016573)
(0.00132621 0 0 0 0.000165776 0 0 0 0.000165776)
(0.00132658 0 0 0 0.000165822 0 0 0 0.000165822)
(0.00132694 0 0 0 0.000165867 0 0 0 0.000165867)
(0.00132728 0 0 0 0.000165911 0 0 0 0.000165911)
(0.00132762 0 0 0 0.000165953 0 0 0 0.000165953)
(0.00132796 0 0 0 0.000165994 0 0 0 0.000165994)
(0.00132828 0 0 0 0.000166035 0 0 0 0.000166035)
(0.00132859 0 0 0 0.000166074 0 0 0 0.000166074)
(0.0013289 0 0 0 0.000166112 0 0 0 0.000166112)
(0.0013292 0 0 0 0.000166149 0 0 0 0.000166149)
(0.00132948 0 0 0 0.000166185 0 0 0 0.000166185)
(0.00132976 0 0 0 0.00016622 0 0 0 0.00016622)
(0.00133004 0 0 0 0.000166254 0 0 0 0.000166254)
(0.0013303 0 0 0 0.000166287 0 0 0 0.000166287)
(0.00133055 0 0 0 0.000166319 0 0 0 0.000166319)
(0.0013308 0 0 0 0.00016635 0 0 0 0.00016635)
(0.00133104 0 0 0 0.00016638 0 0 0 0.00016638)
(0.00133127 0 0 0 0.000166409 0 0 0 0.000166409)
(0.0013315 0 0 0 0.000166437 0 0 0 0.000166437)
(0.00133171 0 0 0 0.000166464 0 0 0 0.000166464)
(0.00133192 0 0 0 0.00016649 0 0 0 0.00016649)
(0.00133212 0 0 0 0.000166515 0 0 0 0.000166515)
(0.00133231 0 0 0 0.000166539 0 0 0 0.000166539)
(0.0013325 0 0 0 0.000166563 0 0 0 0.000166563)
(0.00133268 0 0 0 0.000166585 0 0 0 0.000166585)
(0.00133285 0 0 0 0.000166607 0 0 0 0.000166607)
(0.00133302 0 0 0 0.000166627 0 0 0 0.000166627)
(0.00133318 0 0 0 0.000166647 0 0 0 0.000166647)
(0.00133333 0 0 0 0.000166666 0 0 0 0.000166666)
(0.00133348 0 0 0 0.000166685 0 0 0 0.000166685)
(0.00133362 0 0 0 0.000166702 0 0 0 0.000166702)
(0.00133375 0 0 0 0.000166719 0 0 0 0.000166719)
(0.00133388 0 0 0 0.000166735 0 0 0 0.000166735)
(0.001334 0 0 0 0.00016675 0 0 0 0.00016675)
(0.00133412 0 0 0 0.000166765 0 0 0 0.000166765)
(0.00133423 0 0 0 0.000166779 0 0 0 0.000166779)
(0.00133434 0 0 0 0.000166792 0 0 0 0.000166792)
(0.00133444 0 0 0 0.000166805 0 0 0 0.000166805)
(0.00133454 0 0 0 0.000166817 0 0 0 0.000166817)
(0.00133463 0 0 0 0.000166829 0 0 0 0.000166829)
(0.00133472 0 0 0 0.00016684 0 0 0 0.00016684)
(0.0013348 0 0 0 0.00016685 0 0 0 0.00016685)
(0.00133488 0 0 0 0.00016686 0 0 0 0.00016686)
(0.00133496 0 0 0 0.00016687 0 0 0 0.00016687)
(0.00133503 0 0 0 0.000166879 0 0 0 0.000166879)
(0.0013351 0 0 0 0.000166887 0 0 0 0.000166887)
(0.00133516 0 0 0 0.000166895 0 0 0 0.000166895)
(0.00133523 0 0 0 0.000166903 0 0 0 0.000166903)
(0.00133528 0 0 0 0.00016691 0 0 0 0.00016691)
(0.00133534 0 0 0 0.000166917 0 0 0 0.000166917)
(0.00133539 0 0 0 0.000166924 0 0 0 0.000166924)
(0.00133544 0 0 0 0.00016693 0 0 0 0.00016693)
(0.00133549 0 0 0 0.000166936 0 0 0 0.000166936)
(0.00133553 0 0 0 0.000166942 0 0 0 0.000166942)
(0.00133558 0 0 0 0.000166947 0 0 0 0.000166947)
(0.00133562 0 0 0 0.000166952 0 0 0 0.000166952)
(0.00133566 0 0 0 0.000166957 0 0 0 0.000166957)
(0.00133569 0 0 0 0.000166962 0 0 0 0.000166962)
(0.00133573 0 0 0 0.000166966 0 0 0 0.000166966)
(0.00133577 0 0 0 0.000166971 0 0 0 0.000166971)
(0.0013358 0 0 0 0.000166975 0 0 0 0.000166975)
(0.00133583 0 0 0 0.000166979 0 0 0 0.000166979)
(0.00133586 0 0 0 0.000166983 0 0 0 0.000166983)
(0.00133589 0 0 0 0.000166986 0 0 0 0.000166986)
(0.00133592 0 0 0 0.00016699 0 0 0 0.00016699)
(0.00133595 0 0 0 0.000166994 0 0 0 0.000166994)
(0.00133598 0 0 0 0.000166997 0 0 0 0.000166997)
(0.00133601 0 0 0 0.000167001 0 0 0 0.000167001)
(0.00133603 0 0 0 0.000167004 0 0 0 0.000167004)
(0.00133606 0 0 0 0.000167008 0 0 0 0.000167008)
(0.00133609 0 0 0 0.000167012 0 0 0 0.000167012)
(0.00133612 0 0 0 0.000167015 0 0 0 0.000167015)
(0.00133615 0 0 0 0.000167019 0 0 0 0.000167019)
(0.00133618 0 0 0 0.000167023 0 0 0 0.000167023)
(0.00133621 0 0 0 0.000167027 0 0 0 0.000167027)
(0.00133625 0 0 0 0.000167031 0 0 0 0.000167031)
(0.00133628 0 0 0 0.000167035 0 0 0 0.000167035)
(0.00133632 0 0 0 0.00016704 0 0 0 0.00016704)
(0.00133636 0 0 0 0.000167044 0 0 0 0.000167044)
(0.00133639 0 0 0 0.000167049 0 0 0 0.000167049)
(0.00133643 0 0 0 0.000167054 0 0 0 0.000167054)
(0.00133648 0 0 0 0.00016706 0 0 0 0.00016706)
(0.00133652 0 0 0 0.000167065 0 0 0 0.000167065)
(0.00133657 0 0 0 0.000167071 0 0 0 0.000167071)
(0.00133662 0 0 0 0.000167077 0 0 0 0.000167077)
(0.00133667 0 0 0 0.000167084 0 0 0 0.000167084)
(0.00133673 0 0 0 0.000167091 0 0 0 0.000167091)
(0.00133678 0 0 0 0.000167098 0 0 0 0.000167098)
(0.00133685 0 0 0 0.000167106 0 0 0 0.000167106)
(0.00133691 0 0 0 0.000167114 0 0 0 0.000167114)
(0.00133698 0 0 0 0.000167122 0 0 0 0.000167122)
(0.00133705 0 0 0 0.000167131 0 0 0 0.000167131)
(0.00133712 0 0 0 0.000167141 0 0 0 0.000167141)
(0.0013372 0 0 0 0.00016715 0 0 0 0.00016715)
(0.00133729 0 0 0 0.000167161 0 0 0 0.000167161)
(0.00133737 0 0 0 0.000167172 0 0 0 0.000167172)
(0.00133747 0 0 0 0.000167183 0 0 0 0.000167183)
(0.00133756 0 0 0 0.000167195 0 0 0 0.000167195)
(0.00133766 0 0 0 0.000167208 0 0 0 0.000167208)
(0.00133777 0 0 0 0.000167221 0 0 0 0.000167221)
(0.00133788 0 0 0 0.000167235 0 0 0 0.000167235)
(0.001338 0 0 0 0.00016725 0 0 0 0.00016725)
(0.00133812 0 0 0 0.000167265 0 0 0 0.000167265)
(0.00133825 0 0 0 0.000167281 0 0 0 0.000167281)
(0.00133838 0 0 0 0.000167298 0 0 0 0.000167298)
(0.00133852 0 0 0 0.000167315 0 0 0 0.000167315)
(0.00133867 0 0 0 0.000167334 0 0 0 0.000167334)
(0.00133882 0 0 0 0.000167353 0 0 0 0.000167353)
(0.00133898 0 0 0 0.000167373 0 0 0 0.000167373)
(0.00133915 0 0 0 0.000167394 0 0 0 0.000167394)
(0.00133932 0 0 0 0.000167415 0 0 0 0.000167415)
(0.0013395 0 0 0 0.000167438 0 0 0 0.000167438)
(0.00133969 0 0 0 0.000167461 0 0 0 0.000167461)
(0.00133989 0 0 0 0.000167486 0 0 0 0.000167486)
(0.00134009 0 0 0 0.000167511 0 0 0 0.000167511)
(0.0013403 0 0 0 0.000167538 0 0 0 0.000167538)
(0.00134052 0 0 0 0.000167565 0 0 0 0.000167565)
(0.00134075 0 0 0 0.000167594 0 0 0 0.000167594)
(0.00134099 0 0 0 0.000167623 0 0 0 0.000167623)
(0.00134123 0 0 0 0.000167654 0 0 0 0.000167654)
(0.00134149 0 0 0 0.000167686 0 0 0 0.000167686)
(0.00134175 0 0 0 0.000167719 0 0 0 0.000167719)
(0.00134203 0 0 0 0.000167753 0 0 0 0.000167753)
(0.00134231 0 0 0 0.000167789 0 0 0 0.000167789)
(0.0013426 0 0 0 0.000167825 0 0 0 0.000167825)
(0.0013429 0 0 0 0.000167863 0 0 0 0.000167863)
(0.00134321 0 0 0 0.000167902 0 0 0 0.000167902)
(0.00134354 0 0 0 0.000167942 0 0 0 0.000167942)
(0.00134387 0 0 0 0.000167984 0 0 0 0.000167984)
(0.00134421 0 0 0 0.000168027 0 0 0 0.000168027)
(0.00134457 0 0 0 0.000168071 0 0 0 0.000168071)
(0.00134493 0 0 0 0.000168117 0 0 0 0.000168117)
(0.00134531 0 0 0 0.000168164 0 0 0 0.000168164)
(0.0013457 0 0 0 0.000168212 0 0 0 0.000168212)
(0.00134609 0 0 0 0.000168262 0 0 0 0.000168262)
(0.0013465 0 0 0 0.000168313 0 0 0 0.000168313)
(0.00134692 0 0 0 0.000168366 0 0 0 0.000168366)
(0.00134736 0 0 0 0.00016842 0 0 0 0.00016842)
(0.0013478 0 0 0 0.000168475 0 0 0 0.000168475)
(0.00134826 0 0 0 0.000168532 0 0 0 0.000168532)
(0.00134873 0 0 0 0.000168591 0 0 0 0.000168591)
(0.00134921 0 0 0 0.000168651 0 0 0 0.000168651)
(0.0013497 0 0 0 0.000168713 0 0 0 0.000168713)
(0.00135021 0 0 0 0.000168776 0 0 0 0.000168776)
(0.00135073 0 0 0 0.000168841 0 0 0 0.000168841)
(0.00135126 0 0 0 0.000168907 0 0 0 0.000168907)
(0.0013518 0 0 0 0.000168975 0 0 0 0.000168975)
(0.00135236 0 0 0 0.000169044 0 0 0 0.000169044)
(0.00135292 0 0 0 0.000169116 0 0 0 0.000169116)
(0.00135351 0 0 0 0.000169188 0 0 0 0.000169188)
(0.0013541 0 0 0 0.000169263 0 0 0 0.000169263)
(0.00135471 0 0 0 0.000169339 0 0 0 0.000169339)
(0.00135533 0 0 0 0.000169416 0 0 0 0.000169416)
(0.00135596 0 0 0 0.000169495 0 0 0 0.000169495)
(0.00135661 0 0 0 0.000169576 0 0 0 0.000169576)
(0.00135727 0 0 0 0.000169659 0 0 0 0.000169659)
(0.00135794 0 0 0 0.000169743 0 0 0 0.000169743)
(0.00135863 0 0 0 0.000169829 0 0 0 0.000169829)
(0.00135933 0 0 0 0.000169916 0 0 0 0.000169916)
(0.00136004 0 0 0 0.000170005 0 0 0 0.000170005)
(0.00136077 0 0 0 0.000170096 0 0 0 0.000170096)
(0.00136151 0 0 0 0.000170188 0 0 0 0.000170188)
(0.00136226 0 0 0 0.000170282 0 0 0 0.000170282)
(0.00136302 0 0 0 0.000170378 0 0 0 0.000170378)
(0.0013638 0 0 0 0.000170475 0 0 0 0.000170475)
(0.00136459 0 0 0 0.000170574 0 0 0 0.000170574)
(0.00136539 0 0 0 0.000170674 0 0 0 0.000170674)
(0.00136621 0 0 0 0.000170776 0 0 0 0.000170776)
(0.00136704 0 0 0 0.00017088 0 0 0 0.00017088)
(0.00136788 0 0 0 0.000170985 0 0 0 0.000170985)
(0.00136873 0 0 0 0.000171091 0 0 0 0.000171091)
(0.00136959 0 0 0 0.000171199 0 0 0 0.000171199)
(0.00137047 0 0 0 0.000171309 0 0 0 0.000171309)
(0.00137136 0 0 0 0.00017142 0 0 0 0.00017142)
(0.00137225 0 0 0 0.000171532 0 0 0 0.000171532)
(0.00137316 0 0 0 0.000171645 0 0 0 0.000171645)
(0.00137408 0 0 0 0.00017176 0 0 0 0.00017176)
(0.00137501 0 0 0 0.000171876 0 0 0 0.000171876)
(0.00137594 0 0 0 0.000171993 0 0 0 0.000171993)
(0.00137689 0 0 0 0.000172111 0 0 0 0.000172111)
(0.00137784 0 0 0 0.00017223 0 0 0 0.00017223)
(0.0013788 0 0 0 0.00017235 0 0 0 0.00017235)
(0.00137977 0 0 0 0.000172471 0 0 0 0.000172471)
(0.00138074 0 0 0 0.000172593 0 0 0 0.000172593)
(0.00138173 0 0 0 0.000172716 0 0 0 0.000172716)
(0.00138272 0 0 0 0.00017284 0 0 0 0.00017284)
(0.00138373 0 0 0 0.000172966 0 0 0 0.000172966)
(0.00138475 0 0 0 0.000173093 0 0 0 0.000173093)
(0.00138578 0 0 0 0.000173223 0 0 0 0.000173223)
(0.00138685 0 0 0 0.000173357 0 0 0 0.000173357)
(0.00138797 0 0 0 0.000173496 0 0 0 0.000173496)
(0.00138914 0 0 0 0.000173642 0 0 0 0.000173642)
(0.00138999 0 0 0 0.000173749 0 0 0 0.000173749)
(0.00128027 0 0 0 0.000160034 0 0 0 0.000160034)
(0.00128059 0 0 0 0.000160073 0 0 0 0.000160073)
(0.00128124 0 0 0 0.000160155 0 0 0 0.000160155)
(0.001282 0 0 0 0.00016025 0 0 0 0.00016025)
(0.00128274 0 0 0 0.000160342 0 0 0 0.000160342)
(0.00128346 0 0 0 0.000160432 0 0 0 0.000160432)
(0.00128417 0 0 0 0.000160521 0 0 0 0.000160521)
(0.00128486 0 0 0 0.000160608 0 0 0 0.000160608)
(0.00128556 0 0 0 0.000160695 0 0 0 0.000160695)
(0.00128624 0 0 0 0.00016078 0 0 0 0.00016078)
(0.00128693 0 0 0 0.000160866 0 0 0 0.000160866)
(0.00128761 0 0 0 0.000160952 0 0 0 0.000160952)
(0.0012883 0 0 0 0.000161037 0 0 0 0.000161037)
(0.00128898 0 0 0 0.000161122 0 0 0 0.000161122)
(0.00128966 0 0 0 0.000161208 0 0 0 0.000161208)
(0.00129034 0 0 0 0.000161293 0 0 0 0.000161293)
(0.00129103 0 0 0 0.000161378 0 0 0 0.000161378)
(0.00129171 0 0 0 0.000161464 0 0 0 0.000161464)
(0.00129239 0 0 0 0.000161549 0 0 0 0.000161549)
(0.00129308 0 0 0 0.000161635 0 0 0 0.000161635)
(0.00129376 0 0 0 0.00016172 0 0 0 0.00016172)
(0.00129444 0 0 0 0.000161805 0 0 0 0.000161805)
(0.00129512 0 0 0 0.00016189 0 0 0 0.00016189)
(0.0012958 0 0 0 0.000161976 0 0 0 0.000161976)
(0.00129648 0 0 0 0.000162061 0 0 0 0.000162061)
(0.00129716 0 0 0 0.000162145 0 0 0 0.000162145)
(0.00129784 0 0 0 0.00016223 0 0 0 0.00016223)
(0.00129852 0 0 0 0.000162315 0 0 0 0.000162315)
(0.00129919 0 0 0 0.000162399 0 0 0 0.000162399)
(0.00129986 0 0 0 0.000162483 0 0 0 0.000162483)
(0.00130053 0 0 0 0.000162567 0 0 0 0.000162567)
(0.0013012 0 0 0 0.00016265 0 0 0 0.00016265)
(0.00130187 0 0 0 0.000162733 0 0 0 0.000162733)
(0.00130253 0 0 0 0.000162816 0 0 0 0.000162816)
(0.00130319 0 0 0 0.000162899 0 0 0 0.000162899)
(0.00130385 0 0 0 0.000162981 0 0 0 0.000162981)
(0.0013045 0 0 0 0.000163062 0 0 0 0.000163062)
(0.00130515 0 0 0 0.000163144 0 0 0 0.000163144)
(0.00130579 0 0 0 0.000163224 0 0 0 0.000163224)
(0.00130644 0 0 0 0.000163304 0 0 0 0.000163304)
(0.00130707 0 0 0 0.000163384 0 0 0 0.000163384)
(0.00130771 0 0 0 0.000163463 0 0 0 0.000163463)
(0.00130834 0 0 0 0.000163542 0 0 0 0.000163542)
(0.00130896 0 0 0 0.00016362 0 0 0 0.00016362)
(0.00130958 0 0 0 0.000163697 0 0 0 0.000163697)
(0.00131019 0 0 0 0.000163774 0 0 0 0.000163774)
(0.0013108 0 0 0 0.00016385 0 0 0 0.00016385)
(0.00131141 0 0 0 0.000163926 0 0 0 0.000163926)
(0.001312 0 0 0 0.000164 0 0 0 0.000164)
(0.00131259 0 0 0 0.000164074 0 0 0 0.000164074)
(0.00131318 0 0 0 0.000164148 0 0 0 0.000164148)
(0.00131376 0 0 0 0.00016422 0 0 0 0.00016422)
(0.00131433 0 0 0 0.000164292 0 0 0 0.000164292)
(0.0013149 0 0 0 0.000164363 0 0 0 0.000164363)
(0.00131546 0 0 0 0.000164433 0 0 0 0.000164433)
(0.00131601 0 0 0 0.000164502 0 0 0 0.000164502)
(0.00131656 0 0 0 0.00016457 0 0 0 0.00016457)
(0.0013171 0 0 0 0.000164637 0 0 0 0.000164637)
(0.00131763 0 0 0 0.000164704 0 0 0 0.000164704)
(0.00131816 0 0 0 0.000164769 0 0 0 0.000164769)
(0.00131867 0 0 0 0.000164834 0 0 0 0.000164834)
(0.00131918 0 0 0 0.000164898 0 0 0 0.000164898)
(0.00131968 0 0 0 0.00016496 0 0 0 0.00016496)
(0.00132018 0 0 0 0.000165022 0 0 0 0.000165022)
(0.00132066 0 0 0 0.000165083 0 0 0 0.000165083)
(0.00132114 0 0 0 0.000165143 0 0 0 0.000165143)
(0.00132161 0 0 0 0.000165201 0 0 0 0.000165201)
(0.00132207 0 0 0 0.000165259 0 0 0 0.000165259)
(0.00132252 0 0 0 0.000165315 0 0 0 0.000165315)
(0.00132297 0 0 0 0.000165371 0 0 0 0.000165371)
(0.0013234 0 0 0 0.000165425 0 0 0 0.000165425)
(0.00132383 0 0 0 0.000165479 0 0 0 0.000165479)
(0.00132425 0 0 0 0.000165531 0 0 0 0.000165531)
(0.00132466 0 0 0 0.000165582 0 0 0 0.000165582)
(0.00132506 0 0 0 0.000165633 0 0 0 0.000165633)
(0.00132545 0 0 0 0.000165682 0 0 0 0.000165682)
(0.00132584 0 0 0 0.00016573 0 0 0 0.00016573)
(0.00132621 0 0 0 0.000165777 0 0 0 0.000165777)
(0.00132658 0 0 0 0.000165822 0 0 0 0.000165822)
(0.00132694 0 0 0 0.000165867 0 0 0 0.000165867)
(0.00132729 0 0 0 0.000165911 0 0 0 0.000165911)
(0.00132763 0 0 0 0.000165953 0 0 0 0.000165953)
(0.00132796 0 0 0 0.000165995 0 0 0 0.000165995)
(0.00132828 0 0 0 0.000166035 0 0 0 0.000166035)
(0.00132859 0 0 0 0.000166074 0 0 0 0.000166074)
(0.0013289 0 0 0 0.000166112 0 0 0 0.000166112)
(0.0013292 0 0 0 0.000166149 0 0 0 0.000166149)
(0.00132948 0 0 0 0.000166186 0 0 0 0.000166186)
(0.00132976 0 0 0 0.000166221 0 0 0 0.000166221)
(0.00133004 0 0 0 0.000166254 0 0 0 0.000166254)
(0.0013303 0 0 0 0.000166287 0 0 0 0.000166287)
(0.00133055 0 0 0 0.000166319 0 0 0 0.000166319)
(0.0013308 0 0 0 0.00016635 0 0 0 0.00016635)
(0.00133104 0 0 0 0.00016638 0 0 0 0.00016638)
(0.00133127 0 0 0 0.000166409 0 0 0 0.000166409)
(0.0013315 0 0 0 0.000166437 0 0 0 0.000166437)
(0.00133171 0 0 0 0.000166464 0 0 0 0.000166464)
(0.00133192 0 0 0 0.00016649 0 0 0 0.00016649)
(0.00133212 0 0 0 0.000166515 0 0 0 0.000166515)
(0.00133231 0 0 0 0.000166539 0 0 0 0.000166539)
(0.0013325 0 0 0 0.000166563 0 0 0 0.000166563)
(0.00133268 0 0 0 0.000166585 0 0 0 0.000166585)
(0.00133285 0 0 0 0.000166607 0 0 0 0.000166607)
(0.00133302 0 0 0 0.000166627 0 0 0 0.000166627)
(0.00133318 0 0 0 0.000166647 0 0 0 0.000166647)
(0.00133333 0 0 0 0.000166666 0 0 0 0.000166666)
(0.00133348 0 0 0 0.000166685 0 0 0 0.000166685)
(0.00133362 0 0 0 0.000166702 0 0 0 0.000166702)
(0.00133375 0 0 0 0.000166719 0 0 0 0.000166719)
(0.00133388 0 0 0 0.000166735 0 0 0 0.000166735)
(0.001334 0 0 0 0.00016675 0 0 0 0.00016675)
(0.00133412 0 0 0 0.000166765 0 0 0 0.000166765)
(0.00133423 0 0 0 0.000166779 0 0 0 0.000166779)
(0.00133434 0 0 0 0.000166793 0 0 0 0.000166793)
(0.00133444 0 0 0 0.000166805 0 0 0 0.000166805)
(0.00133454 0 0 0 0.000166817 0 0 0 0.000166817)
(0.00133463 0 0 0 0.000166829 0 0 0 0.000166829)
(0.00133472 0 0 0 0.00016684 0 0 0 0.00016684)
(0.0013348 0 0 0 0.00016685 0 0 0 0.00016685)
(0.00133488 0 0 0 0.00016686 0 0 0 0.00016686)
(0.00133496 0 0 0 0.00016687 0 0 0 0.00016687)
(0.00133503 0 0 0 0.000166879 0 0 0 0.000166879)
(0.0013351 0 0 0 0.000166887 0 0 0 0.000166887)
(0.00133516 0 0 0 0.000166896 0 0 0 0.000166896)
(0.00133523 0 0 0 0.000166903 0 0 0 0.000166903)
(0.00133528 0 0 0 0.00016691 0 0 0 0.00016691)
(0.00133534 0 0 0 0.000166917 0 0 0 0.000166917)
(0.00133539 0 0 0 0.000166924 0 0 0 0.000166924)
(0.00133544 0 0 0 0.00016693 0 0 0 0.00016693)
(0.00133549 0 0 0 0.000166936 0 0 0 0.000166936)
(0.00133553 0 0 0 0.000166942 0 0 0 0.000166942)
(0.00133558 0 0 0 0.000166947 0 0 0 0.000166947)
(0.00133562 0 0 0 0.000166952 0 0 0 0.000166952)
(0.00133566 0 0 0 0.000166957 0 0 0 0.000166957)
(0.00133569 0 0 0 0.000166962 0 0 0 0.000166962)
(0.00133573 0 0 0 0.000166966 0 0 0 0.000166966)
(0.00133577 0 0 0 0.000166971 0 0 0 0.000166971)
(0.0013358 0 0 0 0.000166975 0 0 0 0.000166975)
(0.00133583 0 0 0 0.000166979 0 0 0 0.000166979)
(0.00133586 0 0 0 0.000166983 0 0 0 0.000166983)
(0.00133589 0 0 0 0.000166986 0 0 0 0.000166986)
(0.00133592 0 0 0 0.00016699 0 0 0 0.00016699)
(0.00133595 0 0 0 0.000166994 0 0 0 0.000166994)
(0.00133598 0 0 0 0.000166997 0 0 0 0.000166997)
(0.00133601 0 0 0 0.000167001 0 0 0 0.000167001)
(0.00133603 0 0 0 0.000167004 0 0 0 0.000167004)
(0.00133606 0 0 0 0.000167008 0 0 0 0.000167008)
(0.00133609 0 0 0 0.000167012 0 0 0 0.000167012)
(0.00133612 0 0 0 0.000167015 0 0 0 0.000167015)
(0.00133615 0 0 0 0.000167019 0 0 0 0.000167019)
(0.00133618 0 0 0 0.000167023 0 0 0 0.000167023)
(0.00133622 0 0 0 0.000167027 0 0 0 0.000167027)
(0.00133625 0 0 0 0.000167031 0 0 0 0.000167031)
(0.00133628 0 0 0 0.000167035 0 0 0 0.000167035)
(0.00133632 0 0 0 0.00016704 0 0 0 0.00016704)
(0.00133636 0 0 0 0.000167044 0 0 0 0.000167044)
(0.00133639 0 0 0 0.000167049 0 0 0 0.000167049)
(0.00133644 0 0 0 0.000167054 0 0 0 0.000167054)
(0.00133648 0 0 0 0.00016706 0 0 0 0.00016706)
(0.00133652 0 0 0 0.000167065 0 0 0 0.000167065)
(0.00133657 0 0 0 0.000167071 0 0 0 0.000167071)
(0.00133662 0 0 0 0.000167077 0 0 0 0.000167077)
(0.00133667 0 0 0 0.000167084 0 0 0 0.000167084)
(0.00133673 0 0 0 0.000167091 0 0 0 0.000167091)
(0.00133679 0 0 0 0.000167098 0 0 0 0.000167098)
(0.00133685 0 0 0 0.000167106 0 0 0 0.000167106)
(0.00133691 0 0 0 0.000167114 0 0 0 0.000167114)
(0.00133698 0 0 0 0.000167122 0 0 0 0.000167122)
(0.00133705 0 0 0 0.000167131 0 0 0 0.000167131)
(0.00133712 0 0 0 0.000167141 0 0 0 0.000167141)
(0.0013372 0 0 0 0.000167151 0 0 0 0.000167151)
(0.00133729 0 0 0 0.000167161 0 0 0 0.000167161)
(0.00133737 0 0 0 0.000167172 0 0 0 0.000167172)
(0.00133747 0 0 0 0.000167183 0 0 0 0.000167183)
(0.00133756 0 0 0 0.000167195 0 0 0 0.000167195)
(0.00133766 0 0 0 0.000167208 0 0 0 0.000167208)
(0.00133777 0 0 0 0.000167221 0 0 0 0.000167221)
(0.00133788 0 0 0 0.000167235 0 0 0 0.000167235)
(0.001338 0 0 0 0.00016725 0 0 0 0.00016725)
(0.00133812 0 0 0 0.000167265 0 0 0 0.000167265)
(0.00133825 0 0 0 0.000167281 0 0 0 0.000167281)
(0.00133838 0 0 0 0.000167298 0 0 0 0.000167298)
(0.00133852 0 0 0 0.000167315 0 0 0 0.000167315)
(0.00133867 0 0 0 0.000167334 0 0 0 0.000167334)
(0.00133882 0 0 0 0.000167353 0 0 0 0.000167353)
(0.00133898 0 0 0 0.000167373 0 0 0 0.000167373)
(0.00133915 0 0 0 0.000167394 0 0 0 0.000167394)
(0.00133932 0 0 0 0.000167415 0 0 0 0.000167415)
(0.0013395 0 0 0 0.000167438 0 0 0 0.000167438)
(0.00133969 0 0 0 0.000167462 0 0 0 0.000167462)
(0.00133989 0 0 0 0.000167486 0 0 0 0.000167486)
(0.00134009 0 0 0 0.000167511 0 0 0 0.000167511)
(0.0013403 0 0 0 0.000167538 0 0 0 0.000167538)
(0.00134052 0 0 0 0.000167565 0 0 0 0.000167565)
(0.00134075 0 0 0 0.000167594 0 0 0 0.000167594)
(0.00134099 0 0 0 0.000167624 0 0 0 0.000167624)
(0.00134123 0 0 0 0.000167654 0 0 0 0.000167654)
(0.00134149 0 0 0 0.000167686 0 0 0 0.000167686)
(0.00134175 0 0 0 0.000167719 0 0 0 0.000167719)
(0.00134203 0 0 0 0.000167753 0 0 0 0.000167753)
(0.00134231 0 0 0 0.000167789 0 0 0 0.000167789)
(0.0013426 0 0 0 0.000167825 0 0 0 0.000167825)
(0.0013429 0 0 0 0.000167863 0 0 0 0.000167863)
(0.00134322 0 0 0 0.000167902 0 0 0 0.000167902)
(0.00134354 0 0 0 0.000167942 0 0 0 0.000167942)
(0.00134387 0 0 0 0.000167984 0 0 0 0.000167984)
(0.00134422 0 0 0 0.000168027 0 0 0 0.000168027)
(0.00134457 0 0 0 0.000168071 0 0 0 0.000168071)
(0.00134493 0 0 0 0.000168117 0 0 0 0.000168117)
(0.00134531 0 0 0 0.000168164 0 0 0 0.000168164)
(0.0013457 0 0 0 0.000168212 0 0 0 0.000168212)
(0.0013461 0 0 0 0.000168262 0 0 0 0.000168262)
(0.00134651 0 0 0 0.000168313 0 0 0 0.000168313)
(0.00134693 0 0 0 0.000168366 0 0 0 0.000168366)
(0.00134736 0 0 0 0.00016842 0 0 0 0.00016842)
(0.0013478 0 0 0 0.000168476 0 0 0 0.000168476)
(0.00134826 0 0 0 0.000168533 0 0 0 0.000168533)
(0.00134873 0 0 0 0.000168591 0 0 0 0.000168591)
(0.00134921 0 0 0 0.000168651 0 0 0 0.000168651)
(0.0013497 0 0 0 0.000168713 0 0 0 0.000168713)
(0.00135021 0 0 0 0.000168776 0 0 0 0.000168776)
(0.00135073 0 0 0 0.000168841 0 0 0 0.000168841)
(0.00135126 0 0 0 0.000168907 0 0 0 0.000168907)
(0.0013518 0 0 0 0.000168975 0 0 0 0.000168975)
(0.00135236 0 0 0 0.000169045 0 0 0 0.000169045)
(0.00135293 0 0 0 0.000169116 0 0 0 0.000169116)
(0.00135351 0 0 0 0.000169189 0 0 0 0.000169189)
(0.0013541 0 0 0 0.000169263 0 0 0 0.000169263)
(0.00135471 0 0 0 0.000169339 0 0 0 0.000169339)
(0.00135533 0 0 0 0.000169417 0 0 0 0.000169417)
(0.00135597 0 0 0 0.000169496 0 0 0 0.000169496)
(0.00135661 0 0 0 0.000169577 0 0 0 0.000169577)
(0.00135727 0 0 0 0.000169659 0 0 0 0.000169659)
(0.00135795 0 0 0 0.000169743 0 0 0 0.000169743)
(0.00135863 0 0 0 0.000169829 0 0 0 0.000169829)
(0.00135933 0 0 0 0.000169917 0 0 0 0.000169917)
(0.00136005 0 0 0 0.000170006 0 0 0 0.000170006)
(0.00136077 0 0 0 0.000170096 0 0 0 0.000170096)
(0.00136151 0 0 0 0.000170189 0 0 0 0.000170189)
(0.00136226 0 0 0 0.000170283 0 0 0 0.000170283)
(0.00136303 0 0 0 0.000170378 0 0 0 0.000170378)
(0.00136381 0 0 0 0.000170476 0 0 0 0.000170476)
(0.0013646 0 0 0 0.000170575 0 0 0 0.000170575)
(0.0013654 0 0 0 0.000170675 0 0 0 0.000170675)
(0.00136622 0 0 0 0.000170777 0 0 0 0.000170777)
(0.00136705 0 0 0 0.000170881 0 0 0 0.000170881)
(0.00136789 0 0 0 0.000170986 0 0 0 0.000170986)
(0.00136874 0 0 0 0.000171092 0 0 0 0.000171092)
(0.0013696 0 0 0 0.0001712 0 0 0 0.0001712)
(0.00137048 0 0 0 0.00017131 0 0 0 0.00017131)
(0.00137137 0 0 0 0.000171421 0 0 0 0.000171421)
(0.00137227 0 0 0 0.000171533 0 0 0 0.000171533)
(0.00137318 0 0 0 0.000171647 0 0 0 0.000171647)
(0.00137409 0 0 0 0.000171762 0 0 0 0.000171762)
(0.00137502 0 0 0 0.000171878 0 0 0 0.000171878)
(0.00137596 0 0 0 0.000171996 0 0 0 0.000171996)
(0.00137691 0 0 0 0.000172114 0 0 0 0.000172114)
(0.00137787 0 0 0 0.000172234 0 0 0 0.000172234)
(0.00137884 0 0 0 0.000172355 0 0 0 0.000172355)
(0.00137981 0 0 0 0.000172477 0 0 0 0.000172477)
(0.0013808 0 0 0 0.0001726 0 0 0 0.0001726)
(0.00138179 0 0 0 0.000172724 0 0 0 0.000172724)
(0.0013828 0 0 0 0.00017285 0 0 0 0.00017285)
(0.00138382 0 0 0 0.000172977 0 0 0 0.000172977)
(0.00138486 0 0 0 0.000173107 0 0 0 0.000173107)
(0.00138592 0 0 0 0.000173239 0 0 0 0.000173239)
(0.001387 0 0 0 0.000173376 0 0 0 0.000173376)
(0.00138814 0 0 0 0.000173517 0 0 0 0.000173517)
(0.00138932 0 0 0 0.000173665 0 0 0 0.000173665)
(0.00139014 0 0 0 0.000173767 0 0 0 0.000173767)
(0.00128043 0 0 0 0.000160054 0 0 0 0.000160054)
(0.00128076 0 0 0 0.000160094 0 0 0 0.000160094)
(0.00128142 0 0 0 0.000160177 0 0 0 0.000160177)
(0.00128211 0 0 0 0.000160264 0 0 0 0.000160264)
(0.00128281 0 0 0 0.000160352 0 0 0 0.000160352)
(0.00128351 0 0 0 0.000160439 0 0 0 0.000160439)
(0.0012842 0 0 0 0.000160525 0 0 0 0.000160525)
(0.00128489 0 0 0 0.000160611 0 0 0 0.000160611)
(0.00128557 0 0 0 0.000160697 0 0 0 0.000160697)
(0.00128626 0 0 0 0.000160782 0 0 0 0.000160782)
(0.00128694 0 0 0 0.000160867 0 0 0 0.000160867)
(0.00128762 0 0 0 0.000160953 0 0 0 0.000160953)
(0.0012883 0 0 0 0.000161038 0 0 0 0.000161038)
(0.00128898 0 0 0 0.000161123 0 0 0 0.000161123)
(0.00128967 0 0 0 0.000161208 0 0 0 0.000161208)
(0.00129035 0 0 0 0.000161294 0 0 0 0.000161294)
(0.00129103 0 0 0 0.000161379 0 0 0 0.000161379)
(0.00129171 0 0 0 0.000161464 0 0 0 0.000161464)
(0.0012924 0 0 0 0.00016155 0 0 0 0.00016155)
(0.00129308 0 0 0 0.000161635 0 0 0 0.000161635)
(0.00129376 0 0 0 0.00016172 0 0 0 0.00016172)
(0.00129445 0 0 0 0.000161806 0 0 0 0.000161806)
(0.00129513 0 0 0 0.000161891 0 0 0 0.000161891)
(0.00129581 0 0 0 0.000161976 0 0 0 0.000161976)
(0.00129649 0 0 0 0.000162061 0 0 0 0.000162061)
(0.00129717 0 0 0 0.000162146 0 0 0 0.000162146)
(0.00129785 0 0 0 0.000162231 0 0 0 0.000162231)
(0.00129852 0 0 0 0.000162315 0 0 0 0.000162315)
(0.0012992 0 0 0 0.000162399 0 0 0 0.000162399)
(0.00129987 0 0 0 0.000162483 0 0 0 0.000162483)
(0.00130054 0 0 0 0.000162567 0 0 0 0.000162567)
(0.00130121 0 0 0 0.000162651 0 0 0 0.000162651)
(0.00130187 0 0 0 0.000162734 0 0 0 0.000162734)
(0.00130253 0 0 0 0.000162817 0 0 0 0.000162817)
(0.00130319 0 0 0 0.000162899 0 0 0 0.000162899)
(0.00130385 0 0 0 0.000162981 0 0 0 0.000162981)
(0.0013045 0 0 0 0.000163063 0 0 0 0.000163063)
(0.00130515 0 0 0 0.000163144 0 0 0 0.000163144)
(0.0013058 0 0 0 0.000163225 0 0 0 0.000163225)
(0.00130644 0 0 0 0.000163305 0 0 0 0.000163305)
(0.00130708 0 0 0 0.000163385 0 0 0 0.000163385)
(0.00130771 0 0 0 0.000163464 0 0 0 0.000163464)
(0.00130834 0 0 0 0.000163542 0 0 0 0.000163542)
(0.00130896 0 0 0 0.00016362 0 0 0 0.00016362)
(0.00130958 0 0 0 0.000163698 0 0 0 0.000163698)
(0.0013102 0 0 0 0.000163775 0 0 0 0.000163775)
(0.0013108 0 0 0 0.000163851 0 0 0 0.000163851)
(0.00131141 0 0 0 0.000163926 0 0 0 0.000163926)
(0.00131201 0 0 0 0.000164001 0 0 0 0.000164001)
(0.0013126 0 0 0 0.000164075 0 0 0 0.000164075)
(0.00131318 0 0 0 0.000164148 0 0 0 0.000164148)
(0.00131376 0 0 0 0.00016422 0 0 0 0.00016422)
(0.00131434 0 0 0 0.000164292 0 0 0 0.000164292)
(0.0013149 0 0 0 0.000164363 0 0 0 0.000164363)
(0.00131546 0 0 0 0.000164433 0 0 0 0.000164433)
(0.00131602 0 0 0 0.000164502 0 0 0 0.000164502)
(0.00131656 0 0 0 0.00016457 0 0 0 0.00016457)
(0.0013171 0 0 0 0.000164638 0 0 0 0.000164638)
(0.00131763 0 0 0 0.000164704 0 0 0 0.000164704)
(0.00131816 0 0 0 0.00016477 0 0 0 0.00016477)
(0.00131868 0 0 0 0.000164834 0 0 0 0.000164834)
(0.00131918 0 0 0 0.000164898 0 0 0 0.000164898)
(0.00131969 0 0 0 0.000164961 0 0 0 0.000164961)
(0.00132018 0 0 0 0.000165022 0 0 0 0.000165022)
(0.00132067 0 0 0 0.000165083 0 0 0 0.000165083)
(0.00132114 0 0 0 0.000165143 0 0 0 0.000165143)
(0.00132161 0 0 0 0.000165201 0 0 0 0.000165201)
(0.00132207 0 0 0 0.000165259 0 0 0 0.000165259)
(0.00132253 0 0 0 0.000165316 0 0 0 0.000165316)
(0.00132297 0 0 0 0.000165371 0 0 0 0.000165371)
(0.00132341 0 0 0 0.000165426 0 0 0 0.000165426)
(0.00132383 0 0 0 0.000165479 0 0 0 0.000165479)
(0.00132425 0 0 0 0.000165531 0 0 0 0.000165531)
(0.00132466 0 0 0 0.000165583 0 0 0 0.000165583)
(0.00132506 0 0 0 0.000165633 0 0 0 0.000165633)
(0.00132546 0 0 0 0.000165682 0 0 0 0.000165682)
(0.00132584 0 0 0 0.00016573 0 0 0 0.00016573)
(0.00132621 0 0 0 0.000165777 0 0 0 0.000165777)
(0.00132658 0 0 0 0.000165823 0 0 0 0.000165823)
(0.00132694 0 0 0 0.000165867 0 0 0 0.000165867)
(0.00132729 0 0 0 0.000165911 0 0 0 0.000165911)
(0.00132763 0 0 0 0.000165953 0 0 0 0.000165953)
(0.00132796 0 0 0 0.000165995 0 0 0 0.000165995)
(0.00132828 0 0 0 0.000166035 0 0 0 0.000166035)
(0.00132859 0 0 0 0.000166074 0 0 0 0.000166074)
(0.0013289 0 0 0 0.000166112 0 0 0 0.000166112)
(0.0013292 0 0 0 0.00016615 0 0 0 0.00016615)
(0.00132949 0 0 0 0.000166186 0 0 0 0.000166186)
(0.00132977 0 0 0 0.000166221 0 0 0 0.000166221)
(0.00133004 0 0 0 0.000166255 0 0 0 0.000166255)
(0.0013303 0 0 0 0.000166288 0 0 0 0.000166288)
(0.00133056 0 0 0 0.000166319 0 0 0 0.000166319)
(0.0013308 0 0 0 0.00016635 0 0 0 0.00016635)
(0.00133104 0 0 0 0.00016638 0 0 0 0.00016638)
(0.00133127 0 0 0 0.000166409 0 0 0 0.000166409)
(0.0013315 0 0 0 0.000166437 0 0 0 0.000166437)
(0.00133171 0 0 0 0.000166464 0 0 0 0.000166464)
(0.00133192 0 0 0 0.00016649 0 0 0 0.00016649)
(0.00133212 0 0 0 0.000166515 0 0 0 0.000166515)
(0.00133231 0 0 0 0.000166539 0 0 0 0.000166539)
(0.0013325 0 0 0 0.000166563 0 0 0 0.000166563)
(0.00133268 0 0 0 0.000166585 0 0 0 0.000166585)
(0.00133285 0 0 0 0.000166607 0 0 0 0.000166607)
(0.00133302 0 0 0 0.000166627 0 0 0 0.000166627)
(0.00133318 0 0 0 0.000166647 0 0 0 0.000166647)
(0.00133333 0 0 0 0.000166666 0 0 0 0.000166666)
(0.00133348 0 0 0 0.000166685 0 0 0 0.000166685)
(0.00133362 0 0 0 0.000166702 0 0 0 0.000166702)
(0.00133375 0 0 0 0.000166719 0 0 0 0.000166719)
(0.00133388 0 0 0 0.000166735 0 0 0 0.000166735)
(0.001334 0 0 0 0.00016675 0 0 0 0.00016675)
(0.00133412 0 0 0 0.000166765 0 0 0 0.000166765)
(0.00133423 0 0 0 0.000166779 0 0 0 0.000166779)
(0.00133434 0 0 0 0.000166793 0 0 0 0.000166793)
(0.00133444 0 0 0 0.000166805 0 0 0 0.000166805)
(0.00133454 0 0 0 0.000166817 0 0 0 0.000166817)
(0.00133463 0 0 0 0.000166829 0 0 0 0.000166829)
(0.00133472 0 0 0 0.00016684 0 0 0 0.00016684)
(0.0013348 0 0 0 0.000166851 0 0 0 0.000166851)
(0.00133488 0 0 0 0.00016686 0 0 0 0.00016686)
(0.00133496 0 0 0 0.00016687 0 0 0 0.00016687)
(0.00133503 0 0 0 0.000166879 0 0 0 0.000166879)
(0.0013351 0 0 0 0.000166887 0 0 0 0.000166887)
(0.00133516 0 0 0 0.000166896 0 0 0 0.000166896)
(0.00133523 0 0 0 0.000166903 0 0 0 0.000166903)
(0.00133528 0 0 0 0.00016691 0 0 0 0.00016691)
(0.00133534 0 0 0 0.000166917 0 0 0 0.000166917)
(0.00133539 0 0 0 0.000166924 0 0 0 0.000166924)
(0.00133544 0 0 0 0.00016693 0 0 0 0.00016693)
(0.00133549 0 0 0 0.000166936 0 0 0 0.000166936)
(0.00133553 0 0 0 0.000166942 0 0 0 0.000166942)
(0.00133558 0 0 0 0.000166947 0 0 0 0.000166947)
(0.00133562 0 0 0 0.000166952 0 0 0 0.000166952)
(0.00133566 0 0 0 0.000166957 0 0 0 0.000166957)
(0.00133569 0 0 0 0.000166962 0 0 0 0.000166962)
(0.00133573 0 0 0 0.000166966 0 0 0 0.000166966)
(0.00133577 0 0 0 0.000166971 0 0 0 0.000166971)
(0.0013358 0 0 0 0.000166975 0 0 0 0.000166975)
(0.00133583 0 0 0 0.000166979 0 0 0 0.000166979)
(0.00133586 0 0 0 0.000166983 0 0 0 0.000166983)
(0.00133589 0 0 0 0.000166986 0 0 0 0.000166986)
(0.00133592 0 0 0 0.00016699 0 0 0 0.00016699)
(0.00133595 0 0 0 0.000166994 0 0 0 0.000166994)
(0.00133598 0 0 0 0.000166997 0 0 0 0.000166997)
(0.00133601 0 0 0 0.000167001 0 0 0 0.000167001)
(0.00133603 0 0 0 0.000167004 0 0 0 0.000167004)
(0.00133606 0 0 0 0.000167008 0 0 0 0.000167008)
(0.00133609 0 0 0 0.000167012 0 0 0 0.000167012)
(0.00133612 0 0 0 0.000167015 0 0 0 0.000167015)
(0.00133615 0 0 0 0.000167019 0 0 0 0.000167019)
(0.00133618 0 0 0 0.000167023 0 0 0 0.000167023)
(0.00133622 0 0 0 0.000167027 0 0 0 0.000167027)
(0.00133625 0 0 0 0.000167031 0 0 0 0.000167031)
(0.00133628 0 0 0 0.000167035 0 0 0 0.000167035)
(0.00133632 0 0 0 0.00016704 0 0 0 0.00016704)
(0.00133636 0 0 0 0.000167044 0 0 0 0.000167044)
(0.00133639 0 0 0 0.000167049 0 0 0 0.000167049)
(0.00133644 0 0 0 0.000167054 0 0 0 0.000167054)
(0.00133648 0 0 0 0.00016706 0 0 0 0.00016706)
(0.00133652 0 0 0 0.000167065 0 0 0 0.000167065)
(0.00133657 0 0 0 0.000167071 0 0 0 0.000167071)
(0.00133662 0 0 0 0.000167078 0 0 0 0.000167078)
(0.00133667 0 0 0 0.000167084 0 0 0 0.000167084)
(0.00133673 0 0 0 0.000167091 0 0 0 0.000167091)
(0.00133679 0 0 0 0.000167098 0 0 0 0.000167098)
(0.00133685 0 0 0 0.000167106 0 0 0 0.000167106)
(0.00133691 0 0 0 0.000167114 0 0 0 0.000167114)
(0.00133698 0 0 0 0.000167122 0 0 0 0.000167122)
(0.00133705 0 0 0 0.000167131 0 0 0 0.000167131)
(0.00133713 0 0 0 0.000167141 0 0 0 0.000167141)
(0.0013372 0 0 0 0.000167151 0 0 0 0.000167151)
(0.00133729 0 0 0 0.000167161 0 0 0 0.000167161)
(0.00133738 0 0 0 0.000167172 0 0 0 0.000167172)
(0.00133747 0 0 0 0.000167183 0 0 0 0.000167183)
(0.00133756 0 0 0 0.000167195 0 0 0 0.000167195)
(0.00133766 0 0 0 0.000167208 0 0 0 0.000167208)
(0.00133777 0 0 0 0.000167221 0 0 0 0.000167221)
(0.00133788 0 0 0 0.000167235 0 0 0 0.000167235)
(0.001338 0 0 0 0.00016725 0 0 0 0.00016725)
(0.00133812 0 0 0 0.000167265 0 0 0 0.000167265)
(0.00133825 0 0 0 0.000167281 0 0 0 0.000167281)
(0.00133838 0 0 0 0.000167298 0 0 0 0.000167298)
(0.00133852 0 0 0 0.000167316 0 0 0 0.000167316)
(0.00133867 0 0 0 0.000167334 0 0 0 0.000167334)
(0.00133882 0 0 0 0.000167353 0 0 0 0.000167353)
(0.00133898 0 0 0 0.000167373 0 0 0 0.000167373)
(0.00133915 0 0 0 0.000167394 0 0 0 0.000167394)
(0.00133932 0 0 0 0.000167416 0 0 0 0.000167416)
(0.0013395 0 0 0 0.000167438 0 0 0 0.000167438)
(0.00133969 0 0 0 0.000167462 0 0 0 0.000167462)
(0.00133989 0 0 0 0.000167486 0 0 0 0.000167486)
(0.00134009 0 0 0 0.000167512 0 0 0 0.000167512)
(0.0013403 0 0 0 0.000167538 0 0 0 0.000167538)
(0.00134052 0 0 0 0.000167566 0 0 0 0.000167566)
(0.00134075 0 0 0 0.000167594 0 0 0 0.000167594)
(0.00134099 0 0 0 0.000167624 0 0 0 0.000167624)
(0.00134124 0 0 0 0.000167655 0 0 0 0.000167655)
(0.00134149 0 0 0 0.000167686 0 0 0 0.000167686)
(0.00134176 0 0 0 0.000167719 0 0 0 0.000167719)
(0.00134203 0 0 0 0.000167754 0 0 0 0.000167754)
(0.00134231 0 0 0 0.000167789 0 0 0 0.000167789)
(0.0013426 0 0 0 0.000167825 0 0 0 0.000167825)
(0.00134291 0 0 0 0.000167863 0 0 0 0.000167863)
(0.00134322 0 0 0 0.000167902 0 0 0 0.000167902)
(0.00134354 0 0 0 0.000167943 0 0 0 0.000167943)
(0.00134387 0 0 0 0.000167984 0 0 0 0.000167984)
(0.00134422 0 0 0 0.000168027 0 0 0 0.000168027)
(0.00134457 0 0 0 0.000168071 0 0 0 0.000168071)
(0.00134494 0 0 0 0.000168117 0 0 0 0.000168117)
(0.00134531 0 0 0 0.000168164 0 0 0 0.000168164)
(0.0013457 0 0 0 0.000168212 0 0 0 0.000168212)
(0.0013461 0 0 0 0.000168262 0 0 0 0.000168262)
(0.00134651 0 0 0 0.000168313 0 0 0 0.000168313)
(0.00134693 0 0 0 0.000168366 0 0 0 0.000168366)
(0.00134736 0 0 0 0.00016842 0 0 0 0.00016842)
(0.00134781 0 0 0 0.000168476 0 0 0 0.000168476)
(0.00134826 0 0 0 0.000168533 0 0 0 0.000168533)
(0.00134873 0 0 0 0.000168592 0 0 0 0.000168592)
(0.00134921 0 0 0 0.000168652 0 0 0 0.000168652)
(0.00134971 0 0 0 0.000168713 0 0 0 0.000168713)
(0.00135021 0 0 0 0.000168777 0 0 0 0.000168777)
(0.00135073 0 0 0 0.000168841 0 0 0 0.000168841)
(0.00135126 0 0 0 0.000168908 0 0 0 0.000168908)
(0.00135181 0 0 0 0.000168976 0 0 0 0.000168976)
(0.00135236 0 0 0 0.000169045 0 0 0 0.000169045)
(0.00135293 0 0 0 0.000169116 0 0 0 0.000169116)
(0.00135351 0 0 0 0.000169189 0 0 0 0.000169189)
(0.00135411 0 0 0 0.000169263 0 0 0 0.000169263)
(0.00135472 0 0 0 0.000169339 0 0 0 0.000169339)
(0.00135534 0 0 0 0.000169417 0 0 0 0.000169417)
(0.00135597 0 0 0 0.000169496 0 0 0 0.000169496)
(0.00135662 0 0 0 0.000169577 0 0 0 0.000169577)
(0.00135728 0 0 0 0.00016966 0 0 0 0.00016966)
(0.00135795 0 0 0 0.000169744 0 0 0 0.000169744)
(0.00135864 0 0 0 0.00016983 0 0 0 0.00016983)
(0.00135934 0 0 0 0.000169917 0 0 0 0.000169917)
(0.00136005 0 0 0 0.000170006 0 0 0 0.000170006)
(0.00136078 0 0 0 0.000170097 0 0 0 0.000170097)
(0.00136152 0 0 0 0.00017019 0 0 0 0.00017019)
(0.00136227 0 0 0 0.000170284 0 0 0 0.000170284)
(0.00136303 0 0 0 0.000170379 0 0 0 0.000170379)
(0.00136381 0 0 0 0.000170477 0 0 0 0.000170477)
(0.0013646 0 0 0 0.000170576 0 0 0 0.000170576)
(0.00136541 0 0 0 0.000170676 0 0 0 0.000170676)
(0.00136623 0 0 0 0.000170778 0 0 0 0.000170778)
(0.00136705 0 0 0 0.000170882 0 0 0 0.000170882)
(0.0013679 0 0 0 0.000170987 0 0 0 0.000170987)
(0.00136875 0 0 0 0.000171094 0 0 0 0.000171094)
(0.00136962 0 0 0 0.000171202 0 0 0 0.000171202)
(0.00137049 0 0 0 0.000171312 0 0 0 0.000171312)
(0.00137138 0 0 0 0.000171423 0 0 0 0.000171423)
(0.00137228 0 0 0 0.000171535 0 0 0 0.000171535)
(0.00137319 0 0 0 0.000171649 0 0 0 0.000171649)
(0.00137412 0 0 0 0.000171765 0 0 0 0.000171765)
(0.00137505 0 0 0 0.000171881 0 0 0 0.000171881)
(0.00137599 0 0 0 0.000171999 0 0 0 0.000171999)
(0.00137695 0 0 0 0.000172119 0 0 0 0.000172119)
(0.00137791 0 0 0 0.000172239 0 0 0 0.000172239)
(0.00137889 0 0 0 0.000172361 0 0 0 0.000172361)
(0.00137987 0 0 0 0.000172484 0 0 0 0.000172484)
(0.00138087 0 0 0 0.000172608 0 0 0 0.000172608)
(0.00138187 0 0 0 0.000172734 0 0 0 0.000172734)
(0.00138289 0 0 0 0.000172862 0 0 0 0.000172862)
(0.00138393 0 0 0 0.000172991 0 0 0 0.000172991)
(0.00138499 0 0 0 0.000173123 0 0 0 0.000173123)
(0.00138607 0 0 0 0.000173258 0 0 0 0.000173258)
(0.00138718 0 0 0 0.000173397 0 0 0 0.000173397)
(0.00138832 0 0 0 0.00017354 0 0 0 0.00017354)
(0.00138952 0 0 0 0.00017369 0 0 0 0.00017369)
(0.0013903 0 0 0 0.000173787 0 0 0 0.000173787)
(0.00128066 0 0 0 0.000160082 0 0 0 0.000160082)
(0.00128098 0 0 0 0.000160123 0 0 0 0.000160123)
(0.00128161 0 0 0 0.000160201 0 0 0 0.000160201)
(0.00128226 0 0 0 0.000160282 0 0 0 0.000160282)
(0.00128292 0 0 0 0.000160364 0 0 0 0.000160364)
(0.00128358 0 0 0 0.000160448 0 0 0 0.000160448)
(0.00128425 0 0 0 0.000160532 0 0 0 0.000160532)
(0.00128493 0 0 0 0.000160616 0 0 0 0.000160616)
(0.0012856 0 0 0 0.0001607 0 0 0 0.0001607)
(0.00128628 0 0 0 0.000160785 0 0 0 0.000160785)
(0.00128695 0 0 0 0.000160869 0 0 0 0.000160869)
(0.00128763 0 0 0 0.000160954 0 0 0 0.000160954)
(0.00128831 0 0 0 0.000161039 0 0 0 0.000161039)
(0.00128899 0 0 0 0.000161124 0 0 0 0.000161124)
(0.00128967 0 0 0 0.000161209 0 0 0 0.000161209)
(0.00129035 0 0 0 0.000161294 0 0 0 0.000161294)
(0.00129104 0 0 0 0.00016138 0 0 0 0.00016138)
(0.00129172 0 0 0 0.000161465 0 0 0 0.000161465)
(0.0012924 0 0 0 0.00016155 0 0 0 0.00016155)
(0.00129309 0 0 0 0.000161636 0 0 0 0.000161636)
(0.00129377 0 0 0 0.000161721 0 0 0 0.000161721)
(0.00129445 0 0 0 0.000161806 0 0 0 0.000161806)
(0.00129513 0 0 0 0.000161892 0 0 0 0.000161892)
(0.00129581 0 0 0 0.000161977 0 0 0 0.000161977)
(0.00129649 0 0 0 0.000162062 0 0 0 0.000162062)
(0.00129717 0 0 0 0.000162147 0 0 0 0.000162147)
(0.00129785 0 0 0 0.000162231 0 0 0 0.000162231)
(0.00129853 0 0 0 0.000162316 0 0 0 0.000162316)
(0.0012992 0 0 0 0.0001624 0 0 0 0.0001624)
(0.00129987 0 0 0 0.000162484 0 0 0 0.000162484)
(0.00130054 0 0 0 0.000162568 0 0 0 0.000162568)
(0.00130121 0 0 0 0.000162651 0 0 0 0.000162651)
(0.00130188 0 0 0 0.000162735 0 0 0 0.000162735)
(0.00130254 0 0 0 0.000162817 0 0 0 0.000162817)
(0.0013032 0 0 0 0.0001629 0 0 0 0.0001629)
(0.00130385 0 0 0 0.000162982 0 0 0 0.000162982)
(0.00130451 0 0 0 0.000163063 0 0 0 0.000163063)
(0.00130516 0 0 0 0.000163145 0 0 0 0.000163145)
(0.0013058 0 0 0 0.000163225 0 0 0 0.000163225)
(0.00130644 0 0 0 0.000163306 0 0 0 0.000163306)
(0.00130708 0 0 0 0.000163385 0 0 0 0.000163385)
(0.00130772 0 0 0 0.000163464 0 0 0 0.000163464)
(0.00130834 0 0 0 0.000163543 0 0 0 0.000163543)
(0.00130897 0 0 0 0.000163621 0 0 0 0.000163621)
(0.00130959 0 0 0 0.000163698 0 0 0 0.000163698)
(0.0013102 0 0 0 0.000163775 0 0 0 0.000163775)
(0.00131081 0 0 0 0.000163851 0 0 0 0.000163851)
(0.00131141 0 0 0 0.000163927 0 0 0 0.000163927)
(0.00131201 0 0 0 0.000164001 0 0 0 0.000164001)
(0.0013126 0 0 0 0.000164075 0 0 0 0.000164075)
(0.00131319 0 0 0 0.000164148 0 0 0 0.000164148)
(0.00131377 0 0 0 0.000164221 0 0 0 0.000164221)
(0.00131434 0 0 0 0.000164293 0 0 0 0.000164293)
(0.00131491 0 0 0 0.000164363 0 0 0 0.000164363)
(0.00131547 0 0 0 0.000164433 0 0 0 0.000164433)
(0.00131602 0 0 0 0.000164503 0 0 0 0.000164503)
(0.00131657 0 0 0 0.000164571 0 0 0 0.000164571)
(0.00131711 0 0 0 0.000164638 0 0 0 0.000164638)
(0.00131764 0 0 0 0.000164705 0 0 0 0.000164705)
(0.00131816 0 0 0 0.00016477 0 0 0 0.00016477)
(0.00131868 0 0 0 0.000164835 0 0 0 0.000164835)
(0.00131919 0 0 0 0.000164898 0 0 0 0.000164898)
(0.00131969 0 0 0 0.000164961 0 0 0 0.000164961)
(0.00132018 0 0 0 0.000165023 0 0 0 0.000165023)
(0.00132067 0 0 0 0.000165084 0 0 0 0.000165084)
(0.00132115 0 0 0 0.000165143 0 0 0 0.000165143)
(0.00132162 0 0 0 0.000165202 0 0 0 0.000165202)
(0.00132208 0 0 0 0.00016526 0 0 0 0.00016526)
(0.00132253 0 0 0 0.000165316 0 0 0 0.000165316)
(0.00132297 0 0 0 0.000165372 0 0 0 0.000165372)
(0.00132341 0 0 0 0.000165426 0 0 0 0.000165426)
(0.00132384 0 0 0 0.000165479 0 0 0 0.000165479)
(0.00132425 0 0 0 0.000165532 0 0 0 0.000165532)
(0.00132466 0 0 0 0.000165583 0 0 0 0.000165583)
(0.00132507 0 0 0 0.000165633 0 0 0 0.000165633)
(0.00132546 0 0 0 0.000165682 0 0 0 0.000165682)
(0.00132584 0 0 0 0.00016573 0 0 0 0.00016573)
(0.00132622 0 0 0 0.000165777 0 0 0 0.000165777)
(0.00132658 0 0 0 0.000165823 0 0 0 0.000165823)
(0.00132694 0 0 0 0.000165867 0 0 0 0.000165867)
(0.00132729 0 0 0 0.000165911 0 0 0 0.000165911)
(0.00132763 0 0 0 0.000165954 0 0 0 0.000165954)
(0.00132796 0 0 0 0.000165995 0 0 0 0.000165995)
(0.00132828 0 0 0 0.000166035 0 0 0 0.000166035)
(0.0013286 0 0 0 0.000166075 0 0 0 0.000166075)
(0.0013289 0 0 0 0.000166113 0 0 0 0.000166113)
(0.0013292 0 0 0 0.00016615 0 0 0 0.00016615)
(0.00132949 0 0 0 0.000166186 0 0 0 0.000166186)
(0.00132977 0 0 0 0.000166221 0 0 0 0.000166221)
(0.00133004 0 0 0 0.000166255 0 0 0 0.000166255)
(0.0013303 0 0 0 0.000166288 0 0 0 0.000166288)
(0.00133056 0 0 0 0.00016632 0 0 0 0.00016632)
(0.0013308 0 0 0 0.00016635 0 0 0 0.00016635)
(0.00133104 0 0 0 0.00016638 0 0 0 0.00016638)
(0.00133127 0 0 0 0.000166409 0 0 0 0.000166409)
(0.0013315 0 0 0 0.000166437 0 0 0 0.000166437)
(0.00133171 0 0 0 0.000166464 0 0 0 0.000166464)
(0.00133192 0 0 0 0.00016649 0 0 0 0.00016649)
(0.00133212 0 0 0 0.000166515 0 0 0 0.000166515)
(0.00133232 0 0 0 0.000166539 0 0 0 0.000166539)
(0.0013325 0 0 0 0.000166563 0 0 0 0.000166563)
(0.00133268 0 0 0 0.000166585 0 0 0 0.000166585)
(0.00133285 0 0 0 0.000166607 0 0 0 0.000166607)
(0.00133302 0 0 0 0.000166627 0 0 0 0.000166627)
(0.00133318 0 0 0 0.000166647 0 0 0 0.000166647)
(0.00133333 0 0 0 0.000166666 0 0 0 0.000166666)
(0.00133348 0 0 0 0.000166685 0 0 0 0.000166685)
(0.00133362 0 0 0 0.000166702 0 0 0 0.000166702)
(0.00133375 0 0 0 0.000166719 0 0 0 0.000166719)
(0.00133388 0 0 0 0.000166735 0 0 0 0.000166735)
(0.001334 0 0 0 0.000166751 0 0 0 0.000166751)
(0.00133412 0 0 0 0.000166765 0 0 0 0.000166765)
(0.00133423 0 0 0 0.000166779 0 0 0 0.000166779)
(0.00133434 0 0 0 0.000166793 0 0 0 0.000166793)
(0.00133444 0 0 0 0.000166805 0 0 0 0.000166805)
(0.00133454 0 0 0 0.000166818 0 0 0 0.000166818)
(0.00133463 0 0 0 0.000166829 0 0 0 0.000166829)
(0.00133472 0 0 0 0.00016684 0 0 0 0.00016684)
(0.0013348 0 0 0 0.000166851 0 0 0 0.000166851)
(0.00133488 0 0 0 0.000166861 0 0 0 0.000166861)
(0.00133496 0 0 0 0.00016687 0 0 0 0.00016687)
(0.00133503 0 0 0 0.000166879 0 0 0 0.000166879)
(0.0013351 0 0 0 0.000166887 0 0 0 0.000166887)
(0.00133516 0 0 0 0.000166896 0 0 0 0.000166896)
(0.00133523 0 0 0 0.000166903 0 0 0 0.000166903)
(0.00133528 0 0 0 0.000166911 0 0 0 0.000166911)
(0.00133534 0 0 0 0.000166917 0 0 0 0.000166917)
(0.00133539 0 0 0 0.000166924 0 0 0 0.000166924)
(0.00133544 0 0 0 0.00016693 0 0 0 0.00016693)
(0.00133549 0 0 0 0.000166936 0 0 0 0.000166936)
(0.00133553 0 0 0 0.000166942 0 0 0 0.000166942)
(0.00133558 0 0 0 0.000166947 0 0 0 0.000166947)
(0.00133562 0 0 0 0.000166952 0 0 0 0.000166952)
(0.00133566 0 0 0 0.000166957 0 0 0 0.000166957)
(0.0013357 0 0 0 0.000166962 0 0 0 0.000166962)
(0.00133573 0 0 0 0.000166966 0 0 0 0.000166966)
(0.00133577 0 0 0 0.000166971 0 0 0 0.000166971)
(0.0013358 0 0 0 0.000166975 0 0 0 0.000166975)
(0.00133583 0 0 0 0.000166979 0 0 0 0.000166979)
(0.00133586 0 0 0 0.000166983 0 0 0 0.000166983)
(0.00133589 0 0 0 0.000166986 0 0 0 0.000166986)
(0.00133592 0 0 0 0.00016699 0 0 0 0.00016699)
(0.00133595 0 0 0 0.000166994 0 0 0 0.000166994)
(0.00133598 0 0 0 0.000166997 0 0 0 0.000166997)
(0.00133601 0 0 0 0.000167001 0 0 0 0.000167001)
(0.00133604 0 0 0 0.000167004 0 0 0 0.000167004)
(0.00133606 0 0 0 0.000167008 0 0 0 0.000167008)
(0.00133609 0 0 0 0.000167012 0 0 0 0.000167012)
(0.00133612 0 0 0 0.000167015 0 0 0 0.000167015)
(0.00133615 0 0 0 0.000167019 0 0 0 0.000167019)
(0.00133618 0 0 0 0.000167023 0 0 0 0.000167023)
(0.00133622 0 0 0 0.000167027 0 0 0 0.000167027)
(0.00133625 0 0 0 0.000167031 0 0 0 0.000167031)
(0.00133628 0 0 0 0.000167035 0 0 0 0.000167035)
(0.00133632 0 0 0 0.00016704 0 0 0 0.00016704)
(0.00133636 0 0 0 0.000167044 0 0 0 0.000167044)
(0.00133639 0 0 0 0.000167049 0 0 0 0.000167049)
(0.00133644 0 0 0 0.000167054 0 0 0 0.000167054)
(0.00133648 0 0 0 0.00016706 0 0 0 0.00016706)
(0.00133652 0 0 0 0.000167065 0 0 0 0.000167065)
(0.00133657 0 0 0 0.000167071 0 0 0 0.000167071)
(0.00133662 0 0 0 0.000167078 0 0 0 0.000167078)
(0.00133667 0 0 0 0.000167084 0 0 0 0.000167084)
(0.00133673 0 0 0 0.000167091 0 0 0 0.000167091)
(0.00133679 0 0 0 0.000167098 0 0 0 0.000167098)
(0.00133685 0 0 0 0.000167106 0 0 0 0.000167106)
(0.00133691 0 0 0 0.000167114 0 0 0 0.000167114)
(0.00133698 0 0 0 0.000167122 0 0 0 0.000167122)
(0.00133705 0 0 0 0.000167131 0 0 0 0.000167131)
(0.00133713 0 0 0 0.000167141 0 0 0 0.000167141)
(0.00133721 0 0 0 0.000167151 0 0 0 0.000167151)
(0.00133729 0 0 0 0.000167161 0 0 0 0.000167161)
(0.00133738 0 0 0 0.000167172 0 0 0 0.000167172)
(0.00133747 0 0 0 0.000167183 0 0 0 0.000167183)
(0.00133756 0 0 0 0.000167196 0 0 0 0.000167196)
(0.00133767 0 0 0 0.000167208 0 0 0 0.000167208)
(0.00133777 0 0 0 0.000167222 0 0 0 0.000167222)
(0.00133788 0 0 0 0.000167235 0 0 0 0.000167235)
(0.001338 0 0 0 0.00016725 0 0 0 0.00016725)
(0.00133812 0 0 0 0.000167265 0 0 0 0.000167265)
(0.00133825 0 0 0 0.000167281 0 0 0 0.000167281)
(0.00133839 0 0 0 0.000167298 0 0 0 0.000167298)
(0.00133853 0 0 0 0.000167316 0 0 0 0.000167316)
(0.00133867 0 0 0 0.000167334 0 0 0 0.000167334)
(0.00133883 0 0 0 0.000167353 0 0 0 0.000167353)
(0.00133899 0 0 0 0.000167373 0 0 0 0.000167373)
(0.00133915 0 0 0 0.000167394 0 0 0 0.000167394)
(0.00133933 0 0 0 0.000167416 0 0 0 0.000167416)
(0.00133951 0 0 0 0.000167438 0 0 0 0.000167438)
(0.00133969 0 0 0 0.000167462 0 0 0 0.000167462)
(0.00133989 0 0 0 0.000167486 0 0 0 0.000167486)
(0.00134009 0 0 0 0.000167512 0 0 0 0.000167512)
(0.00134031 0 0 0 0.000167538 0 0 0 0.000167538)
(0.00134053 0 0 0 0.000167566 0 0 0 0.000167566)
(0.00134076 0 0 0 0.000167594 0 0 0 0.000167594)
(0.00134099 0 0 0 0.000167624 0 0 0 0.000167624)
(0.00134124 0 0 0 0.000167655 0 0 0 0.000167655)
(0.00134149 0 0 0 0.000167687 0 0 0 0.000167687)
(0.00134176 0 0 0 0.00016772 0 0 0 0.00016772)
(0.00134203 0 0 0 0.000167754 0 0 0 0.000167754)
(0.00134231 0 0 0 0.000167789 0 0 0 0.000167789)
(0.00134261 0 0 0 0.000167826 0 0 0 0.000167826)
(0.00134291 0 0 0 0.000167864 0 0 0 0.000167864)
(0.00134322 0 0 0 0.000167903 0 0 0 0.000167903)
(0.00134354 0 0 0 0.000167943 0 0 0 0.000167943)
(0.00134388 0 0 0 0.000167985 0 0 0 0.000167985)
(0.00134422 0 0 0 0.000168028 0 0 0 0.000168028)
(0.00134457 0 0 0 0.000168072 0 0 0 0.000168072)
(0.00134494 0 0 0 0.000168118 0 0 0 0.000168118)
(0.00134532 0 0 0 0.000168165 0 0 0 0.000168165)
(0.0013457 0 0 0 0.000168213 0 0 0 0.000168213)
(0.0013461 0 0 0 0.000168263 0 0 0 0.000168263)
(0.00134651 0 0 0 0.000168314 0 0 0 0.000168314)
(0.00134693 0 0 0 0.000168367 0 0 0 0.000168367)
(0.00134737 0 0 0 0.000168421 0 0 0 0.000168421)
(0.00134781 0 0 0 0.000168476 0 0 0 0.000168476)
(0.00134827 0 0 0 0.000168534 0 0 0 0.000168534)
(0.00134874 0 0 0 0.000168592 0 0 0 0.000168592)
(0.00134922 0 0 0 0.000168652 0 0 0 0.000168652)
(0.00134971 0 0 0 0.000168714 0 0 0 0.000168714)
(0.00135022 0 0 0 0.000168777 0 0 0 0.000168777)
(0.00135074 0 0 0 0.000168842 0 0 0 0.000168842)
(0.00135127 0 0 0 0.000168908 0 0 0 0.000168908)
(0.00135181 0 0 0 0.000168976 0 0 0 0.000168976)
(0.00135237 0 0 0 0.000169046 0 0 0 0.000169046)
(0.00135294 0 0 0 0.000169117 0 0 0 0.000169117)
(0.00135352 0 0 0 0.00016919 0 0 0 0.00016919)
(0.00135411 0 0 0 0.000169264 0 0 0 0.000169264)
(0.00135472 0 0 0 0.00016934 0 0 0 0.00016934)
(0.00135534 0 0 0 0.000169418 0 0 0 0.000169418)
(0.00135598 0 0 0 0.000169497 0 0 0 0.000169497)
(0.00135662 0 0 0 0.000169578 0 0 0 0.000169578)
(0.00135729 0 0 0 0.000169661 0 0 0 0.000169661)
(0.00135796 0 0 0 0.000169745 0 0 0 0.000169745)
(0.00135865 0 0 0 0.000169831 0 0 0 0.000169831)
(0.00135935 0 0 0 0.000169918 0 0 0 0.000169918)
(0.00136006 0 0 0 0.000170007 0 0 0 0.000170007)
(0.00136079 0 0 0 0.000170098 0 0 0 0.000170098)
(0.00136153 0 0 0 0.000170191 0 0 0 0.000170191)
(0.00136228 0 0 0 0.000170285 0 0 0 0.000170285)
(0.00136304 0 0 0 0.000170381 0 0 0 0.000170381)
(0.00136382 0 0 0 0.000170478 0 0 0 0.000170478)
(0.00136462 0 0 0 0.000170577 0 0 0 0.000170577)
(0.00136542 0 0 0 0.000170678 0 0 0 0.000170678)
(0.00136624 0 0 0 0.00017078 0 0 0 0.00017078)
(0.00136707 0 0 0 0.000170883 0 0 0 0.000170883)
(0.00136791 0 0 0 0.000170989 0 0 0 0.000170989)
(0.00136877 0 0 0 0.000171096 0 0 0 0.000171096)
(0.00136963 0 0 0 0.000171204 0 0 0 0.000171204)
(0.00137051 0 0 0 0.000171314 0 0 0 0.000171314)
(0.0013714 0 0 0 0.000171426 0 0 0 0.000171426)
(0.00137231 0 0 0 0.000171538 0 0 0 0.000171538)
(0.00137322 0 0 0 0.000171653 0 0 0 0.000171653)
(0.00137415 0 0 0 0.000171769 0 0 0 0.000171769)
(0.00137509 0 0 0 0.000171886 0 0 0 0.000171886)
(0.00137604 0 0 0 0.000172004 0 0 0 0.000172004)
(0.001377 0 0 0 0.000172124 0 0 0 0.000172124)
(0.00137797 0 0 0 0.000172246 0 0 0 0.000172246)
(0.00137895 0 0 0 0.000172369 0 0 0 0.000172369)
(0.00137994 0 0 0 0.000172493 0 0 0 0.000172493)
(0.00138095 0 0 0 0.000172619 0 0 0 0.000172619)
(0.00138197 0 0 0 0.000172747 0 0 0 0.000172747)
(0.00138301 0 0 0 0.000172876 0 0 0 0.000172876)
(0.00138406 0 0 0 0.000173008 0 0 0 0.000173008)
(0.00138514 0 0 0 0.000173142 0 0 0 0.000173142)
(0.00138624 0 0 0 0.00017328 0 0 0 0.00017328)
(0.00138737 0 0 0 0.000173421 0 0 0 0.000173421)
(0.00138853 0 0 0 0.000173566 0 0 0 0.000173566)
(0.00138974 0 0 0 0.000173717 0 0 0 0.000173717)
(0.00139046 0 0 0 0.000173808 0 0 0 0.000173808)
(0.00128091 0 0 0 0.000160113 0 0 0 0.000160113)
(0.00128125 0 0 0 0.000160156 0 0 0 0.000160156)
(0.00128182 0 0 0 0.000160227 0 0 0 0.000160227)
(0.00128242 0 0 0 0.000160302 0 0 0 0.000160302)
(0.00128303 0 0 0 0.000160379 0 0 0 0.000160379)
(0.00128367 0 0 0 0.000160459 0 0 0 0.000160459)
(0.00128432 0 0 0 0.00016054 0 0 0 0.00016054)
(0.00128497 0 0 0 0.000160622 0 0 0 0.000160622)
(0.00128564 0 0 0 0.000160704 0 0 0 0.000160704)
(0.0012863 0 0 0 0.000160788 0 0 0 0.000160788)
(0.00128697 0 0 0 0.000160872 0 0 0 0.000160872)
(0.00128765 0 0 0 0.000160956 0 0 0 0.000160956)
(0.00128832 0 0 0 0.000161041 0 0 0 0.000161041)
(0.001289 0 0 0 0.000161125 0 0 0 0.000161125)
(0.00128968 0 0 0 0.00016121 0 0 0 0.00016121)
(0.00129036 0 0 0 0.000161296 0 0 0 0.000161296)
(0.00129105 0 0 0 0.000161381 0 0 0 0.000161381)
(0.00129173 0 0 0 0.000161466 0 0 0 0.000161466)
(0.00129241 0 0 0 0.000161551 0 0 0 0.000161551)
(0.00129309 0 0 0 0.000161637 0 0 0 0.000161637)
(0.00129378 0 0 0 0.000161722 0 0 0 0.000161722)
(0.00129446 0 0 0 0.000161808 0 0 0 0.000161808)
(0.00129514 0 0 0 0.000161893 0 0 0 0.000161893)
(0.00129582 0 0 0 0.000161978 0 0 0 0.000161978)
(0.0012965 0 0 0 0.000162063 0 0 0 0.000162063)
(0.00129718 0 0 0 0.000162148 0 0 0 0.000162148)
(0.00129786 0 0 0 0.000162233 0 0 0 0.000162233)
(0.00129854 0 0 0 0.000162317 0 0 0 0.000162317)
(0.00129921 0 0 0 0.000162401 0 0 0 0.000162401)
(0.00129988 0 0 0 0.000162485 0 0 0 0.000162485)
(0.00130055 0 0 0 0.000162569 0 0 0 0.000162569)
(0.00130122 0 0 0 0.000162653 0 0 0 0.000162653)
(0.00130189 0 0 0 0.000162736 0 0 0 0.000162736)
(0.00130255 0 0 0 0.000162819 0 0 0 0.000162819)
(0.00130321 0 0 0 0.000162901 0 0 0 0.000162901)
(0.00130386 0 0 0 0.000162983 0 0 0 0.000162983)
(0.00130452 0 0 0 0.000163065 0 0 0 0.000163065)
(0.00130517 0 0 0 0.000163146 0 0 0 0.000163146)
(0.00130581 0 0 0 0.000163226 0 0 0 0.000163226)
(0.00130645 0 0 0 0.000163307 0 0 0 0.000163307)
(0.00130709 0 0 0 0.000163386 0 0 0 0.000163386)
(0.00130772 0 0 0 0.000163465 0 0 0 0.000163465)
(0.00130835 0 0 0 0.000163544 0 0 0 0.000163544)
(0.00130898 0 0 0 0.000163622 0 0 0 0.000163622)
(0.0013096 0 0 0 0.000163699 0 0 0 0.000163699)
(0.00131021 0 0 0 0.000163776 0 0 0 0.000163776)
(0.00131082 0 0 0 0.000163852 0 0 0 0.000163852)
(0.00131142 0 0 0 0.000163928 0 0 0 0.000163928)
(0.00131202 0 0 0 0.000164002 0 0 0 0.000164002)
(0.00131261 0 0 0 0.000164076 0 0 0 0.000164076)
(0.0013132 0 0 0 0.000164149 0 0 0 0.000164149)
(0.00131377 0 0 0 0.000164222 0 0 0 0.000164222)
(0.00131435 0 0 0 0.000164293 0 0 0 0.000164293)
(0.00131491 0 0 0 0.000164364 0 0 0 0.000164364)
(0.00131547 0 0 0 0.000164434 0 0 0 0.000164434)
(0.00131603 0 0 0 0.000164503 0 0 0 0.000164503)
(0.00131657 0 0 0 0.000164572 0 0 0 0.000164572)
(0.00131711 0 0 0 0.000164639 0 0 0 0.000164639)
(0.00131764 0 0 0 0.000164705 0 0 0 0.000164705)
(0.00131817 0 0 0 0.000164771 0 0 0 0.000164771)
(0.00131868 0 0 0 0.000164836 0 0 0 0.000164836)
(0.00131919 0 0 0 0.000164899 0 0 0 0.000164899)
(0.00131969 0 0 0 0.000164962 0 0 0 0.000164962)
(0.00132019 0 0 0 0.000165024 0 0 0 0.000165024)
(0.00132067 0 0 0 0.000165084 0 0 0 0.000165084)
(0.00132115 0 0 0 0.000165144 0 0 0 0.000165144)
(0.00132162 0 0 0 0.000165203 0 0 0 0.000165203)
(0.00132208 0 0 0 0.00016526 0 0 0 0.00016526)
(0.00132253 0 0 0 0.000165317 0 0 0 0.000165317)
(0.00132298 0 0 0 0.000165372 0 0 0 0.000165372)
(0.00132341 0 0 0 0.000165427 0 0 0 0.000165427)
(0.00132384 0 0 0 0.00016548 0 0 0 0.00016548)
(0.00132426 0 0 0 0.000165532 0 0 0 0.000165532)
(0.00132467 0 0 0 0.000165584 0 0 0 0.000165584)
(0.00132507 0 0 0 0.000165634 0 0 0 0.000165634)
(0.00132546 0 0 0 0.000165683 0 0 0 0.000165683)
(0.00132585 0 0 0 0.000165731 0 0 0 0.000165731)
(0.00132622 0 0 0 0.000165778 0 0 0 0.000165778)
(0.00132659 0 0 0 0.000165823 0 0 0 0.000165823)
(0.00132694 0 0 0 0.000165868 0 0 0 0.000165868)
(0.00132729 0 0 0 0.000165911 0 0 0 0.000165911)
(0.00132763 0 0 0 0.000165954 0 0 0 0.000165954)
(0.00132796 0 0 0 0.000165995 0 0 0 0.000165995)
(0.00132829 0 0 0 0.000166036 0 0 0 0.000166036)
(0.0013286 0 0 0 0.000166075 0 0 0 0.000166075)
(0.0013289 0 0 0 0.000166113 0 0 0 0.000166113)
(0.0013292 0 0 0 0.00016615 0 0 0 0.00016615)
(0.00132949 0 0 0 0.000166186 0 0 0 0.000166186)
(0.00132977 0 0 0 0.000166221 0 0 0 0.000166221)
(0.00133004 0 0 0 0.000166255 0 0 0 0.000166255)
(0.0013303 0 0 0 0.000166288 0 0 0 0.000166288)
(0.00133056 0 0 0 0.00016632 0 0 0 0.00016632)
(0.00133081 0 0 0 0.000166351 0 0 0 0.000166351)
(0.00133104 0 0 0 0.000166381 0 0 0 0.000166381)
(0.00133128 0 0 0 0.00016641 0 0 0 0.00016641)
(0.0013315 0 0 0 0.000166437 0 0 0 0.000166437)
(0.00133172 0 0 0 0.000166464 0 0 0 0.000166464)
(0.00133192 0 0 0 0.00016649 0 0 0 0.00016649)
(0.00133212 0 0 0 0.000166515 0 0 0 0.000166515)
(0.00133232 0 0 0 0.00016654 0 0 0 0.00016654)
(0.0013325 0 0 0 0.000166563 0 0 0 0.000166563)
(0.00133268 0 0 0 0.000166585 0 0 0 0.000166585)
(0.00133286 0 0 0 0.000166607 0 0 0 0.000166607)
(0.00133302 0 0 0 0.000166628 0 0 0 0.000166628)
(0.00133318 0 0 0 0.000166648 0 0 0 0.000166648)
(0.00133333 0 0 0 0.000166667 0 0 0 0.000166667)
(0.00133348 0 0 0 0.000166685 0 0 0 0.000166685)
(0.00133362 0 0 0 0.000166702 0 0 0 0.000166702)
(0.00133375 0 0 0 0.000166719 0 0 0 0.000166719)
(0.00133388 0 0 0 0.000166735 0 0 0 0.000166735)
(0.00133401 0 0 0 0.000166751 0 0 0 0.000166751)
(0.00133412 0 0 0 0.000166765 0 0 0 0.000166765)
(0.00133423 0 0 0 0.000166779 0 0 0 0.000166779)
(0.00133434 0 0 0 0.000166793 0 0 0 0.000166793)
(0.00133444 0 0 0 0.000166805 0 0 0 0.000166805)
(0.00133454 0 0 0 0.000166818 0 0 0 0.000166818)
(0.00133463 0 0 0 0.000166829 0 0 0 0.000166829)
(0.00133472 0 0 0 0.00016684 0 0 0 0.00016684)
(0.00133481 0 0 0 0.000166851 0 0 0 0.000166851)
(0.00133488 0 0 0 0.000166861 0 0 0 0.000166861)
(0.00133496 0 0 0 0.00016687 0 0 0 0.00016687)
(0.00133503 0 0 0 0.000166879 0 0 0 0.000166879)
(0.0013351 0 0 0 0.000166888 0 0 0 0.000166888)
(0.00133516 0 0 0 0.000166896 0 0 0 0.000166896)
(0.00133523 0 0 0 0.000166903 0 0 0 0.000166903)
(0.00133528 0 0 0 0.000166911 0 0 0 0.000166911)
(0.00133534 0 0 0 0.000166917 0 0 0 0.000166917)
(0.00133539 0 0 0 0.000166924 0 0 0 0.000166924)
(0.00133544 0 0 0 0.00016693 0 0 0 0.00016693)
(0.00133549 0 0 0 0.000166936 0 0 0 0.000166936)
(0.00133553 0 0 0 0.000166942 0 0 0 0.000166942)
(0.00133558 0 0 0 0.000166947 0 0 0 0.000166947)
(0.00133562 0 0 0 0.000166952 0 0 0 0.000166952)
(0.00133566 0 0 0 0.000166957 0 0 0 0.000166957)
(0.0013357 0 0 0 0.000166962 0 0 0 0.000166962)
(0.00133573 0 0 0 0.000166966 0 0 0 0.000166966)
(0.00133577 0 0 0 0.000166971 0 0 0 0.000166971)
(0.0013358 0 0 0 0.000166975 0 0 0 0.000166975)
(0.00133583 0 0 0 0.000166979 0 0 0 0.000166979)
(0.00133586 0 0 0 0.000166983 0 0 0 0.000166983)
(0.00133589 0 0 0 0.000166986 0 0 0 0.000166986)
(0.00133592 0 0 0 0.00016699 0 0 0 0.00016699)
(0.00133595 0 0 0 0.000166994 0 0 0 0.000166994)
(0.00133598 0 0 0 0.000166997 0 0 0 0.000166997)
(0.00133601 0 0 0 0.000167001 0 0 0 0.000167001)
(0.00133604 0 0 0 0.000167004 0 0 0 0.000167004)
(0.00133606 0 0 0 0.000167008 0 0 0 0.000167008)
(0.00133609 0 0 0 0.000167012 0 0 0 0.000167012)
(0.00133612 0 0 0 0.000167015 0 0 0 0.000167015)
(0.00133615 0 0 0 0.000167019 0 0 0 0.000167019)
(0.00133618 0 0 0 0.000167023 0 0 0 0.000167023)
(0.00133622 0 0 0 0.000167027 0 0 0 0.000167027)
(0.00133625 0 0 0 0.000167031 0 0 0 0.000167031)
(0.00133628 0 0 0 0.000167035 0 0 0 0.000167035)
(0.00133632 0 0 0 0.00016704 0 0 0 0.00016704)
(0.00133636 0 0 0 0.000167045 0 0 0 0.000167045)
(0.0013364 0 0 0 0.000167049 0 0 0 0.000167049)
(0.00133644 0 0 0 0.000167055 0 0 0 0.000167055)
(0.00133648 0 0 0 0.00016706 0 0 0 0.00016706)
(0.00133652 0 0 0 0.000167065 0 0 0 0.000167065)
(0.00133657 0 0 0 0.000167071 0 0 0 0.000167071)
(0.00133662 0 0 0 0.000167078 0 0 0 0.000167078)
(0.00133667 0 0 0 0.000167084 0 0 0 0.000167084)
(0.00133673 0 0 0 0.000167091 0 0 0 0.000167091)
(0.00133679 0 0 0 0.000167098 0 0 0 0.000167098)
(0.00133685 0 0 0 0.000167106 0 0 0 0.000167106)
(0.00133691 0 0 0 0.000167114 0 0 0 0.000167114)
(0.00133698 0 0 0 0.000167123 0 0 0 0.000167123)
(0.00133705 0 0 0 0.000167131 0 0 0 0.000167131)
(0.00133713 0 0 0 0.000167141 0 0 0 0.000167141)
(0.00133721 0 0 0 0.000167151 0 0 0 0.000167151)
(0.00133729 0 0 0 0.000167161 0 0 0 0.000167161)
(0.00133738 0 0 0 0.000167172 0 0 0 0.000167172)
(0.00133747 0 0 0 0.000167184 0 0 0 0.000167184)
(0.00133757 0 0 0 0.000167196 0 0 0 0.000167196)
(0.00133767 0 0 0 0.000167208 0 0 0 0.000167208)
(0.00133777 0 0 0 0.000167222 0 0 0 0.000167222)
(0.00133789 0 0 0 0.000167236 0 0 0 0.000167236)
(0.001338 0 0 0 0.00016725 0 0 0 0.00016725)
(0.00133812 0 0 0 0.000167266 0 0 0 0.000167266)
(0.00133825 0 0 0 0.000167282 0 0 0 0.000167282)
(0.00133839 0 0 0 0.000167298 0 0 0 0.000167298)
(0.00133853 0 0 0 0.000167316 0 0 0 0.000167316)
(0.00133867 0 0 0 0.000167334 0 0 0 0.000167334)
(0.00133883 0 0 0 0.000167353 0 0 0 0.000167353)
(0.00133899 0 0 0 0.000167373 0 0 0 0.000167373)
(0.00133915 0 0 0 0.000167394 0 0 0 0.000167394)
(0.00133933 0 0 0 0.000167416 0 0 0 0.000167416)
(0.00133951 0 0 0 0.000167439 0 0 0 0.000167439)
(0.0013397 0 0 0 0.000167462 0 0 0 0.000167462)
(0.00133989 0 0 0 0.000167487 0 0 0 0.000167487)
(0.0013401 0 0 0 0.000167512 0 0 0 0.000167512)
(0.00134031 0 0 0 0.000167539 0 0 0 0.000167539)
(0.00134053 0 0 0 0.000167566 0 0 0 0.000167566)
(0.00134076 0 0 0 0.000167595 0 0 0 0.000167595)
(0.001341 0 0 0 0.000167625 0 0 0 0.000167625)
(0.00134124 0 0 0 0.000167655 0 0 0 0.000167655)
(0.0013415 0 0 0 0.000167687 0 0 0 0.000167687)
(0.00134176 0 0 0 0.00016772 0 0 0 0.00016772)
(0.00134203 0 0 0 0.000167754 0 0 0 0.000167754)
(0.00134232 0 0 0 0.00016779 0 0 0 0.00016779)
(0.00134261 0 0 0 0.000167826 0 0 0 0.000167826)
(0.00134291 0 0 0 0.000167864 0 0 0 0.000167864)
(0.00134323 0 0 0 0.000167903 0 0 0 0.000167903)
(0.00134355 0 0 0 0.000167944 0 0 0 0.000167944)
(0.00134388 0 0 0 0.000167985 0 0 0 0.000167985)
(0.00134423 0 0 0 0.000168028 0 0 0 0.000168028)
(0.00134458 0 0 0 0.000168073 0 0 0 0.000168073)
(0.00134495 0 0 0 0.000168118 0 0 0 0.000168118)
(0.00134532 0 0 0 0.000168165 0 0 0 0.000168165)
(0.00134571 0 0 0 0.000168214 0 0 0 0.000168214)
(0.00134611 0 0 0 0.000168263 0 0 0 0.000168263)
(0.00134652 0 0 0 0.000168315 0 0 0 0.000168315)
(0.00134694 0 0 0 0.000168367 0 0 0 0.000168367)
(0.00134737 0 0 0 0.000168422 0 0 0 0.000168422)
(0.00134782 0 0 0 0.000168477 0 0 0 0.000168477)
(0.00134828 0 0 0 0.000168534 0 0 0 0.000168534)
(0.00134874 0 0 0 0.000168593 0 0 0 0.000168593)
(0.00134923 0 0 0 0.000168653 0 0 0 0.000168653)
(0.00134972 0 0 0 0.000168715 0 0 0 0.000168715)
(0.00135023 0 0 0 0.000168778 0 0 0 0.000168778)
(0.00135074 0 0 0 0.000168843 0 0 0 0.000168843)
(0.00135128 0 0 0 0.000168909 0 0 0 0.000168909)
(0.00135182 0 0 0 0.000168977 0 0 0 0.000168977)
(0.00135238 0 0 0 0.000169047 0 0 0 0.000169047)
(0.00135295 0 0 0 0.000169118 0 0 0 0.000169118)
(0.00135353 0 0 0 0.000169191 0 0 0 0.000169191)
(0.00135412 0 0 0 0.000169265 0 0 0 0.000169265)
(0.00135473 0 0 0 0.000169341 0 0 0 0.000169341)
(0.00135535 0 0 0 0.000169419 0 0 0 0.000169419)
(0.00135599 0 0 0 0.000169498 0 0 0 0.000169498)
(0.00135664 0 0 0 0.000169579 0 0 0 0.000169579)
(0.0013573 0 0 0 0.000169662 0 0 0 0.000169662)
(0.00135797 0 0 0 0.000169746 0 0 0 0.000169746)
(0.00135866 0 0 0 0.000169832 0 0 0 0.000169832)
(0.00135936 0 0 0 0.00016992 0 0 0 0.00016992)
(0.00136007 0 0 0 0.000170009 0 0 0 0.000170009)
(0.0013608 0 0 0 0.0001701 0 0 0 0.0001701)
(0.00136154 0 0 0 0.000170192 0 0 0 0.000170192)
(0.00136229 0 0 0 0.000170287 0 0 0 0.000170287)
(0.00136306 0 0 0 0.000170382 0 0 0 0.000170382)
(0.00136384 0 0 0 0.00017048 0 0 0 0.00017048)
(0.00136463 0 0 0 0.000170579 0 0 0 0.000170579)
(0.00136544 0 0 0 0.00017068 0 0 0 0.00017068)
(0.00136626 0 0 0 0.000170782 0 0 0 0.000170782)
(0.00136709 0 0 0 0.000170886 0 0 0 0.000170886)
(0.00136793 0 0 0 0.000170992 0 0 0 0.000170992)
(0.00136879 0 0 0 0.000171099 0 0 0 0.000171099)
(0.00136966 0 0 0 0.000171207 0 0 0 0.000171207)
(0.00137054 0 0 0 0.000171318 0 0 0 0.000171318)
(0.00137144 0 0 0 0.000171429 0 0 0 0.000171429)
(0.00137234 0 0 0 0.000171543 0 0 0 0.000171543)
(0.00137326 0 0 0 0.000171658 0 0 0 0.000171658)
(0.00137419 0 0 0 0.000171774 0 0 0 0.000171774)
(0.00137514 0 0 0 0.000171892 0 0 0 0.000171892)
(0.00137609 0 0 0 0.000172011 0 0 0 0.000172011)
(0.00137706 0 0 0 0.000172132 0 0 0 0.000172132)
(0.00137804 0 0 0 0.000172255 0 0 0 0.000172255)
(0.00137903 0 0 0 0.000172379 0 0 0 0.000172379)
(0.00138004 0 0 0 0.000172505 0 0 0 0.000172505)
(0.00138106 0 0 0 0.000172632 0 0 0 0.000172632)
(0.0013821 0 0 0 0.000172762 0 0 0 0.000172762)
(0.00138315 0 0 0 0.000172894 0 0 0 0.000172894)
(0.00138422 0 0 0 0.000173028 0 0 0 0.000173028)
(0.00138532 0 0 0 0.000173165 0 0 0 0.000173165)
(0.00138644 0 0 0 0.000173304 0 0 0 0.000173304)
(0.00138758 0 0 0 0.000173448 0 0 0 0.000173448)
(0.00138875 0 0 0 0.000173594 0 0 0 0.000173594)
(0.00138996 0 0 0 0.000173745 0 0 0 0.000173745)
(0.00139063 0 0 0 0.000173829 0 0 0 0.000173829)
(0.00128114 0 0 0 0.000160143 0 0 0 0.000160143)
(0.00128152 0 0 0 0.00016019 0 0 0 0.00016019)
(0.00128203 0 0 0 0.000160253 0 0 0 0.000160253)
(0.00128257 0 0 0 0.000160322 0 0 0 0.000160322)
(0.00128316 0 0 0 0.000160394 0 0 0 0.000160394)
(0.00128376 0 0 0 0.00016047 0 0 0 0.00016047)
(0.00128439 0 0 0 0.000160548 0 0 0 0.000160548)
(0.00128502 0 0 0 0.000160628 0 0 0 0.000160628)
(0.00128568 0 0 0 0.000160709 0 0 0 0.000160709)
(0.00128633 0 0 0 0.000160792 0 0 0 0.000160792)
(0.001287 0 0 0 0.000160875 0 0 0 0.000160875)
(0.00128767 0 0 0 0.000160959 0 0 0 0.000160959)
(0.00128834 0 0 0 0.000161043 0 0 0 0.000161043)
(0.00128902 0 0 0 0.000161127 0 0 0 0.000161127)
(0.0012897 0 0 0 0.000161212 0 0 0 0.000161212)
(0.00129038 0 0 0 0.000161297 0 0 0 0.000161297)
(0.00129106 0 0 0 0.000161383 0 0 0 0.000161383)
(0.00129174 0 0 0 0.000161468 0 0 0 0.000161468)
(0.00129243 0 0 0 0.000161553 0 0 0 0.000161553)
(0.00129311 0 0 0 0.000161639 0 0 0 0.000161639)
(0.00129379 0 0 0 0.000161724 0 0 0 0.000161724)
(0.00129447 0 0 0 0.000161809 0 0 0 0.000161809)
(0.00129516 0 0 0 0.000161895 0 0 0 0.000161895)
(0.00129584 0 0 0 0.00016198 0 0 0 0.00016198)
(0.00129652 0 0 0 0.000162065 0 0 0 0.000162065)
(0.0012972 0 0 0 0.00016215 0 0 0 0.00016215)
(0.00129787 0 0 0 0.000162234 0 0 0 0.000162234)
(0.00129855 0 0 0 0.000162319 0 0 0 0.000162319)
(0.00129922 0 0 0 0.000162403 0 0 0 0.000162403)
(0.0012999 0 0 0 0.000162487 0 0 0 0.000162487)
(0.00130057 0 0 0 0.000162571 0 0 0 0.000162571)
(0.00130123 0 0 0 0.000162654 0 0 0 0.000162654)
(0.0013019 0 0 0 0.000162738 0 0 0 0.000162738)
(0.00130256 0 0 0 0.00016282 0 0 0 0.00016282)
(0.00130322 0 0 0 0.000162903 0 0 0 0.000162903)
(0.00130388 0 0 0 0.000162985 0 0 0 0.000162985)
(0.00130453 0 0 0 0.000163066 0 0 0 0.000163066)
(0.00130518 0 0 0 0.000163147 0 0 0 0.000163147)
(0.00130583 0 0 0 0.000163228 0 0 0 0.000163228)
(0.00130647 0 0 0 0.000163308 0 0 0 0.000163308)
(0.0013071 0 0 0 0.000163388 0 0 0 0.000163388)
(0.00130774 0 0 0 0.000163467 0 0 0 0.000163467)
(0.00130837 0 0 0 0.000163546 0 0 0 0.000163546)
(0.00130899 0 0 0 0.000163624 0 0 0 0.000163624)
(0.00130961 0 0 0 0.000163701 0 0 0 0.000163701)
(0.00131022 0 0 0 0.000163778 0 0 0 0.000163778)
(0.00131083 0 0 0 0.000163854 0 0 0 0.000163854)
(0.00131143 0 0 0 0.000163929 0 0 0 0.000163929)
(0.00131203 0 0 0 0.000164004 0 0 0 0.000164004)
(0.00131262 0 0 0 0.000164078 0 0 0 0.000164078)
(0.00131321 0 0 0 0.000164151 0 0 0 0.000164151)
(0.00131379 0 0 0 0.000164223 0 0 0 0.000164223)
(0.00131436 0 0 0 0.000164295 0 0 0 0.000164295)
(0.00131492 0 0 0 0.000164366 0 0 0 0.000164366)
(0.00131548 0 0 0 0.000164436 0 0 0 0.000164436)
(0.00131604 0 0 0 0.000164505 0 0 0 0.000164505)
(0.00131658 0 0 0 0.000164573 0 0 0 0.000164573)
(0.00131712 0 0 0 0.00016464 0 0 0 0.00016464)
(0.00131765 0 0 0 0.000164707 0 0 0 0.000164707)
(0.00131818 0 0 0 0.000164772 0 0 0 0.000164772)
(0.00131869 0 0 0 0.000164837 0 0 0 0.000164837)
(0.0013192 0 0 0 0.0001649 0 0 0 0.0001649)
(0.0013197 0 0 0 0.000164963 0 0 0 0.000164963)
(0.0013202 0 0 0 0.000165025 0 0 0 0.000165025)
(0.00132068 0 0 0 0.000165085 0 0 0 0.000165085)
(0.00132116 0 0 0 0.000165145 0 0 0 0.000165145)
(0.00132163 0 0 0 0.000165204 0 0 0 0.000165204)
(0.00132209 0 0 0 0.000165261 0 0 0 0.000165261)
(0.00132254 0 0 0 0.000165318 0 0 0 0.000165318)
(0.00132299 0 0 0 0.000165373 0 0 0 0.000165373)
(0.00132342 0 0 0 0.000165428 0 0 0 0.000165428)
(0.00132385 0 0 0 0.000165481 0 0 0 0.000165481)
(0.00132427 0 0 0 0.000165533 0 0 0 0.000165533)
(0.00132467 0 0 0 0.000165584 0 0 0 0.000165584)
(0.00132508 0 0 0 0.000165634 0 0 0 0.000165634)
(0.00132547 0 0 0 0.000165684 0 0 0 0.000165684)
(0.00132585 0 0 0 0.000165731 0 0 0 0.000165731)
(0.00132623 0 0 0 0.000165778 0 0 0 0.000165778)
(0.00132659 0 0 0 0.000165824 0 0 0 0.000165824)
(0.00132695 0 0 0 0.000165869 0 0 0 0.000165869)
(0.0013273 0 0 0 0.000165912 0 0 0 0.000165912)
(0.00132764 0 0 0 0.000165955 0 0 0 0.000165955)
(0.00132797 0 0 0 0.000165996 0 0 0 0.000165996)
(0.00132829 0 0 0 0.000166036 0 0 0 0.000166036)
(0.0013286 0 0 0 0.000166076 0 0 0 0.000166076)
(0.00132891 0 0 0 0.000166114 0 0 0 0.000166114)
(0.00132921 0 0 0 0.000166151 0 0 0 0.000166151)
(0.00132949 0 0 0 0.000166187 0 0 0 0.000166187)
(0.00132977 0 0 0 0.000166222 0 0 0 0.000166222)
(0.00133004 0 0 0 0.000166256 0 0 0 0.000166256)
(0.00133031 0 0 0 0.000166288 0 0 0 0.000166288)
(0.00133056 0 0 0 0.00016632 0 0 0 0.00016632)
(0.00133081 0 0 0 0.000166351 0 0 0 0.000166351)
(0.00133105 0 0 0 0.000166381 0 0 0 0.000166381)
(0.00133128 0 0 0 0.00016641 0 0 0 0.00016641)
(0.0013315 0 0 0 0.000166438 0 0 0 0.000166438)
(0.00133172 0 0 0 0.000166465 0 0 0 0.000166465)
(0.00133193 0 0 0 0.000166491 0 0 0 0.000166491)
(0.00133213 0 0 0 0.000166516 0 0 0 0.000166516)
(0.00133232 0 0 0 0.00016654 0 0 0 0.00016654)
(0.00133251 0 0 0 0.000166563 0 0 0 0.000166563)
(0.00133269 0 0 0 0.000166586 0 0 0 0.000166586)
(0.00133286 0 0 0 0.000166607 0 0 0 0.000166607)
(0.00133302 0 0 0 0.000166628 0 0 0 0.000166628)
(0.00133318 0 0 0 0.000166648 0 0 0 0.000166648)
(0.00133333 0 0 0 0.000166667 0 0 0 0.000166667)
(0.00133348 0 0 0 0.000166685 0 0 0 0.000166685)
(0.00133362 0 0 0 0.000166703 0 0 0 0.000166703)
(0.00133376 0 0 0 0.000166719 0 0 0 0.000166719)
(0.00133388 0 0 0 0.000166736 0 0 0 0.000166736)
(0.00133401 0 0 0 0.000166751 0 0 0 0.000166751)
(0.00133412 0 0 0 0.000166766 0 0 0 0.000166766)
(0.00133424 0 0 0 0.00016678 0 0 0 0.00016678)
(0.00133434 0 0 0 0.000166793 0 0 0 0.000166793)
(0.00133444 0 0 0 0.000166806 0 0 0 0.000166806)
(0.00133454 0 0 0 0.000166818 0 0 0 0.000166818)
(0.00133463 0 0 0 0.000166829 0 0 0 0.000166829)
(0.00133472 0 0 0 0.00016684 0 0 0 0.00016684)
(0.00133481 0 0 0 0.000166851 0 0 0 0.000166851)
(0.00133489 0 0 0 0.000166861 0 0 0 0.000166861)
(0.00133496 0 0 0 0.00016687 0 0 0 0.00016687)
(0.00133503 0 0 0 0.000166879 0 0 0 0.000166879)
(0.0013351 0 0 0 0.000166888 0 0 0 0.000166888)
(0.00133517 0 0 0 0.000166896 0 0 0 0.000166896)
(0.00133523 0 0 0 0.000166903 0 0 0 0.000166903)
(0.00133529 0 0 0 0.000166911 0 0 0 0.000166911)
(0.00133534 0 0 0 0.000166918 0 0 0 0.000166918)
(0.00133539 0 0 0 0.000166924 0 0 0 0.000166924)
(0.00133544 0 0 0 0.00016693 0 0 0 0.00016693)
(0.00133549 0 0 0 0.000166936 0 0 0 0.000166936)
(0.00133554 0 0 0 0.000166942 0 0 0 0.000166942)
(0.00133558 0 0 0 0.000166947 0 0 0 0.000166947)
(0.00133562 0 0 0 0.000166952 0 0 0 0.000166952)
(0.00133566 0 0 0 0.000166957 0 0 0 0.000166957)
(0.0013357 0 0 0 0.000166962 0 0 0 0.000166962)
(0.00133573 0 0 0 0.000166966 0 0 0 0.000166966)
(0.00133577 0 0 0 0.000166971 0 0 0 0.000166971)
(0.0013358 0 0 0 0.000166975 0 0 0 0.000166975)
(0.00133583 0 0 0 0.000166979 0 0 0 0.000166979)
(0.00133586 0 0 0 0.000166983 0 0 0 0.000166983)
(0.00133589 0 0 0 0.000166987 0 0 0 0.000166987)
(0.00133592 0 0 0 0.00016699 0 0 0 0.00016699)
(0.00133595 0 0 0 0.000166994 0 0 0 0.000166994)
(0.00133598 0 0 0 0.000166997 0 0 0 0.000166997)
(0.00133601 0 0 0 0.000167001 0 0 0 0.000167001)
(0.00133604 0 0 0 0.000167004 0 0 0 0.000167004)
(0.00133606 0 0 0 0.000167008 0 0 0 0.000167008)
(0.00133609 0 0 0 0.000167012 0 0 0 0.000167012)
(0.00133612 0 0 0 0.000167015 0 0 0 0.000167015)
(0.00133615 0 0 0 0.000167019 0 0 0 0.000167019)
(0.00133618 0 0 0 0.000167023 0 0 0 0.000167023)
(0.00133622 0 0 0 0.000167027 0 0 0 0.000167027)
(0.00133625 0 0 0 0.000167031 0 0 0 0.000167031)
(0.00133628 0 0 0 0.000167035 0 0 0 0.000167035)
(0.00133632 0 0 0 0.00016704 0 0 0 0.00016704)
(0.00133636 0 0 0 0.000167045 0 0 0 0.000167045)
(0.0013364 0 0 0 0.000167049 0 0 0 0.000167049)
(0.00133644 0 0 0 0.000167055 0 0 0 0.000167055)
(0.00133648 0 0 0 0.00016706 0 0 0 0.00016706)
(0.00133652 0 0 0 0.000167066 0 0 0 0.000167066)
(0.00133657 0 0 0 0.000167072 0 0 0 0.000167072)
(0.00133662 0 0 0 0.000167078 0 0 0 0.000167078)
(0.00133667 0 0 0 0.000167084 0 0 0 0.000167084)
(0.00133673 0 0 0 0.000167091 0 0 0 0.000167091)
(0.00133679 0 0 0 0.000167098 0 0 0 0.000167098)
(0.00133685 0 0 0 0.000167106 0 0 0 0.000167106)
(0.00133691 0 0 0 0.000167114 0 0 0 0.000167114)
(0.00133698 0 0 0 0.000167123 0 0 0 0.000167123)
(0.00133705 0 0 0 0.000167132 0 0 0 0.000167132)
(0.00133713 0 0 0 0.000167141 0 0 0 0.000167141)
(0.00133721 0 0 0 0.000167151 0 0 0 0.000167151)
(0.00133729 0 0 0 0.000167161 0 0 0 0.000167161)
(0.00133738 0 0 0 0.000167172 0 0 0 0.000167172)
(0.00133747 0 0 0 0.000167184 0 0 0 0.000167184)
(0.00133757 0 0 0 0.000167196 0 0 0 0.000167196)
(0.00133767 0 0 0 0.000167209 0 0 0 0.000167209)
(0.00133778 0 0 0 0.000167222 0 0 0 0.000167222)
(0.00133789 0 0 0 0.000167236 0 0 0 0.000167236)
(0.001338 0 0 0 0.000167251 0 0 0 0.000167251)
(0.00133813 0 0 0 0.000167266 0 0 0 0.000167266)
(0.00133826 0 0 0 0.000167282 0 0 0 0.000167282)
(0.00133839 0 0 0 0.000167299 0 0 0 0.000167299)
(0.00133853 0 0 0 0.000167316 0 0 0 0.000167316)
(0.00133868 0 0 0 0.000167335 0 0 0 0.000167335)
(0.00133883 0 0 0 0.000167354 0 0 0 0.000167354)
(0.00133899 0 0 0 0.000167374 0 0 0 0.000167374)
(0.00133916 0 0 0 0.000167395 0 0 0 0.000167395)
(0.00133933 0 0 0 0.000167416 0 0 0 0.000167416)
(0.00133951 0 0 0 0.000167439 0 0 0 0.000167439)
(0.0013397 0 0 0 0.000167463 0 0 0 0.000167463)
(0.0013399 0 0 0 0.000167487 0 0 0 0.000167487)
(0.0013401 0 0 0 0.000167513 0 0 0 0.000167513)
(0.00134031 0 0 0 0.000167539 0 0 0 0.000167539)
(0.00134053 0 0 0 0.000167567 0 0 0 0.000167567)
(0.00134076 0 0 0 0.000167595 0 0 0 0.000167595)
(0.001341 0 0 0 0.000167625 0 0 0 0.000167625)
(0.00134125 0 0 0 0.000167656 0 0 0 0.000167656)
(0.0013415 0 0 0 0.000167688 0 0 0 0.000167688)
(0.00134177 0 0 0 0.000167721 0 0 0 0.000167721)
(0.00134204 0 0 0 0.000167755 0 0 0 0.000167755)
(0.00134232 0 0 0 0.00016779 0 0 0 0.00016779)
(0.00134262 0 0 0 0.000167827 0 0 0 0.000167827)
(0.00134292 0 0 0 0.000167865 0 0 0 0.000167865)
(0.00134323 0 0 0 0.000167904 0 0 0 0.000167904)
(0.00134356 0 0 0 0.000167944 0 0 0 0.000167944)
(0.00134389 0 0 0 0.000167986 0 0 0 0.000167986)
(0.00134423 0 0 0 0.000168029 0 0 0 0.000168029)
(0.00134459 0 0 0 0.000168073 0 0 0 0.000168073)
(0.00134495 0 0 0 0.000168119 0 0 0 0.000168119)
(0.00134533 0 0 0 0.000168166 0 0 0 0.000168166)
(0.00134572 0 0 0 0.000168215 0 0 0 0.000168215)
(0.00134612 0 0 0 0.000168265 0 0 0 0.000168265)
(0.00134653 0 0 0 0.000168316 0 0 0 0.000168316)
(0.00134695 0 0 0 0.000168369 0 0 0 0.000168369)
(0.00134738 0 0 0 0.000168423 0 0 0 0.000168423)
(0.00134783 0 0 0 0.000168479 0 0 0 0.000168479)
(0.00134829 0 0 0 0.000168536 0 0 0 0.000168536)
(0.00134876 0 0 0 0.000168594 0 0 0 0.000168594)
(0.00134924 0 0 0 0.000168655 0 0 0 0.000168655)
(0.00134973 0 0 0 0.000168716 0 0 0 0.000168716)
(0.00135024 0 0 0 0.00016878 0 0 0 0.00016878)
(0.00135076 0 0 0 0.000168845 0 0 0 0.000168845)
(0.00135129 0 0 0 0.000168911 0 0 0 0.000168911)
(0.00135183 0 0 0 0.000168979 0 0 0 0.000168979)
(0.00135239 0 0 0 0.000169049 0 0 0 0.000169049)
(0.00135296 0 0 0 0.00016912 0 0 0 0.00016912)
(0.00135354 0 0 0 0.000169193 0 0 0 0.000169193)
(0.00135414 0 0 0 0.000169267 0 0 0 0.000169267)
(0.00135475 0 0 0 0.000169343 0 0 0 0.000169343)
(0.00135537 0 0 0 0.000169421 0 0 0 0.000169421)
(0.001356 0 0 0 0.0001695 0 0 0 0.0001695)
(0.00135665 0 0 0 0.000169581 0 0 0 0.000169581)
(0.00135731 0 0 0 0.000169664 0 0 0 0.000169664)
(0.00135799 0 0 0 0.000169748 0 0 0 0.000169748)
(0.00135867 0 0 0 0.000169834 0 0 0 0.000169834)
(0.00135938 0 0 0 0.000169922 0 0 0 0.000169922)
(0.00136009 0 0 0 0.000170011 0 0 0 0.000170011)
(0.00136082 0 0 0 0.000170102 0 0 0 0.000170102)
(0.00136156 0 0 0 0.000170195 0 0 0 0.000170195)
(0.00136231 0 0 0 0.000170289 0 0 0 0.000170289)
(0.00136308 0 0 0 0.000170385 0 0 0 0.000170385)
(0.00136386 0 0 0 0.000170483 0 0 0 0.000170483)
(0.00136466 0 0 0 0.000170582 0 0 0 0.000170582)
(0.00136546 0 0 0 0.000170683 0 0 0 0.000170683)
(0.00136628 0 0 0 0.000170785 0 0 0 0.000170785)
(0.00136712 0 0 0 0.00017089 0 0 0 0.00017089)
(0.00136796 0 0 0 0.000170995 0 0 0 0.000170995)
(0.00136882 0 0 0 0.000171103 0 0 0 0.000171103)
(0.0013697 0 0 0 0.000171212 0 0 0 0.000171212)
(0.00137058 0 0 0 0.000171323 0 0 0 0.000171323)
(0.00137148 0 0 0 0.000171435 0 0 0 0.000171435)
(0.00137239 0 0 0 0.000171549 0 0 0 0.000171549)
(0.00137331 0 0 0 0.000171664 0 0 0 0.000171664)
(0.00137425 0 0 0 0.000171781 0 0 0 0.000171781)
(0.0013752 0 0 0 0.0001719 0 0 0 0.0001719)
(0.00137616 0 0 0 0.00017202 0 0 0 0.00017202)
(0.00137714 0 0 0 0.000172143 0 0 0 0.000172143)
(0.00137813 0 0 0 0.000172266 0 0 0 0.000172266)
(0.00137914 0 0 0 0.000172392 0 0 0 0.000172392)
(0.00138016 0 0 0 0.000172519 0 0 0 0.000172519)
(0.00138119 0 0 0 0.000172649 0 0 0 0.000172649)
(0.00138224 0 0 0 0.000172781 0 0 0 0.000172781)
(0.00138332 0 0 0 0.000172914 0 0 0 0.000172914)
(0.00138441 0 0 0 0.000173051 0 0 0 0.000173051)
(0.00138552 0 0 0 0.00017319 0 0 0 0.00017319)
(0.00138666 0 0 0 0.000173332 0 0 0 0.000173332)
(0.00138782 0 0 0 0.000173478 0 0 0 0.000173478)
(0.00138901 0 0 0 0.000173627 0 0 0 0.000173627)
(0.00139018 0 0 0 0.000173772 0 0 0 0.000173772)
(0.00139078 0 0 0 0.000173848 0 0 0 0.000173848)
(0.00128129 0 0 0 0.000160162 0 0 0 0.000160162)
(0.00128169 0 0 0 0.000160212 0 0 0 0.000160212)
(0.00128217 0 0 0 0.000160271 0 0 0 0.000160271)
(0.00128268 0 0 0 0.000160335 0 0 0 0.000160335)
(0.00128324 0 0 0 0.000160405 0 0 0 0.000160405)
(0.00128383 0 0 0 0.000160478 0 0 0 0.000160478)
(0.00128444 0 0 0 0.000160555 0 0 0 0.000160555)
(0.00128507 0 0 0 0.000160633 0 0 0 0.000160633)
(0.00128571 0 0 0 0.000160714 0 0 0 0.000160714)
(0.00128636 0 0 0 0.000160795 0 0 0 0.000160795)
(0.00128702 0 0 0 0.000160878 0 0 0 0.000160878)
(0.00128769 0 0 0 0.000160961 0 0 0 0.000160961)
(0.00128836 0 0 0 0.000161045 0 0 0 0.000161045)
(0.00128904 0 0 0 0.00016113 0 0 0 0.00016113)
(0.00128972 0 0 0 0.000161215 0 0 0 0.000161215)
(0.0012904 0 0 0 0.0001613 0 0 0 0.0001613)
(0.00129108 0 0 0 0.000161385 0 0 0 0.000161385)
(0.00129176 0 0 0 0.00016147 0 0 0 0.00016147)
(0.00129245 0 0 0 0.000161556 0 0 0 0.000161556)
(0.00129313 0 0 0 0.000161641 0 0 0 0.000161641)
(0.00129381 0 0 0 0.000161727 0 0 0 0.000161727)
(0.0012945 0 0 0 0.000161812 0 0 0 0.000161812)
(0.00129518 0 0 0 0.000161897 0 0 0 0.000161897)
(0.00129586 0 0 0 0.000161983 0 0 0 0.000161983)
(0.00129654 0 0 0 0.000162068 0 0 0 0.000162068)
(0.00129722 0 0 0 0.000162152 0 0 0 0.000162152)
(0.0012979 0 0 0 0.000162237 0 0 0 0.000162237)
(0.00129857 0 0 0 0.000162322 0 0 0 0.000162322)
(0.00129925 0 0 0 0.000162406 0 0 0 0.000162406)
(0.00129992 0 0 0 0.00016249 0 0 0 0.00016249)
(0.00130059 0 0 0 0.000162574 0 0 0 0.000162574)
(0.00130126 0 0 0 0.000162657 0 0 0 0.000162657)
(0.00130192 0 0 0 0.00016274 0 0 0 0.00016274)
(0.00130258 0 0 0 0.000162823 0 0 0 0.000162823)
(0.00130324 0 0 0 0.000162905 0 0 0 0.000162905)
(0.0013039 0 0 0 0.000162987 0 0 0 0.000162987)
(0.00130455 0 0 0 0.000163069 0 0 0 0.000163069)
(0.0013052 0 0 0 0.00016315 0 0 0 0.00016315)
(0.00130585 0 0 0 0.000163231 0 0 0 0.000163231)
(0.00130649 0 0 0 0.000163311 0 0 0 0.000163311)
(0.00130712 0 0 0 0.000163391 0 0 0 0.000163391)
(0.00130776 0 0 0 0.00016347 0 0 0 0.00016347)
(0.00130839 0 0 0 0.000163548 0 0 0 0.000163548)
(0.00130901 0 0 0 0.000163626 0 0 0 0.000163626)
(0.00130963 0 0 0 0.000163703 0 0 0 0.000163703)
(0.00131024 0 0 0 0.00016378 0 0 0 0.00016378)
(0.00131085 0 0 0 0.000163856 0 0 0 0.000163856)
(0.00131145 0 0 0 0.000163931 0 0 0 0.000163931)
(0.00131205 0 0 0 0.000164006 0 0 0 0.000164006)
(0.00131264 0 0 0 0.00016408 0 0 0 0.00016408)
(0.00131322 0 0 0 0.000164153 0 0 0 0.000164153)
(0.0013138 0 0 0 0.000164225 0 0 0 0.000164225)
(0.00131438 0 0 0 0.000164297 0 0 0 0.000164297)
(0.00131494 0 0 0 0.000164368 0 0 0 0.000164368)
(0.0013155 0 0 0 0.000164438 0 0 0 0.000164438)
(0.00131605 0 0 0 0.000164507 0 0 0 0.000164507)
(0.0013166 0 0 0 0.000164575 0 0 0 0.000164575)
(0.00131714 0 0 0 0.000164642 0 0 0 0.000164642)
(0.00131767 0 0 0 0.000164709 0 0 0 0.000164709)
(0.00131819 0 0 0 0.000164774 0 0 0 0.000164774)
(0.00131871 0 0 0 0.000164839 0 0 0 0.000164839)
(0.00131922 0 0 0 0.000164902 0 0 0 0.000164902)
(0.00131972 0 0 0 0.000164965 0 0 0 0.000164965)
(0.00132021 0 0 0 0.000165026 0 0 0 0.000165026)
(0.0013207 0 0 0 0.000165087 0 0 0 0.000165087)
(0.00132117 0 0 0 0.000165147 0 0 0 0.000165147)
(0.00132164 0 0 0 0.000165205 0 0 0 0.000165205)
(0.0013221 0 0 0 0.000165263 0 0 0 0.000165263)
(0.00132255 0 0 0 0.000165319 0 0 0 0.000165319)
(0.001323 0 0 0 0.000165375 0 0 0 0.000165375)
(0.00132343 0 0 0 0.000165429 0 0 0 0.000165429)
(0.00132386 0 0 0 0.000165482 0 0 0 0.000165482)
(0.00132428 0 0 0 0.000165535 0 0 0 0.000165535)
(0.00132469 0 0 0 0.000165586 0 0 0 0.000165586)
(0.00132509 0 0 0 0.000165636 0 0 0 0.000165636)
(0.00132548 0 0 0 0.000165685 0 0 0 0.000165685)
(0.00132586 0 0 0 0.000165733 0 0 0 0.000165733)
(0.00132624 0 0 0 0.000165779 0 0 0 0.000165779)
(0.0013266 0 0 0 0.000165825 0 0 0 0.000165825)
(0.00132696 0 0 0 0.00016587 0 0 0 0.00016587)
(0.00132731 0 0 0 0.000165913 0 0 0 0.000165913)
(0.00132765 0 0 0 0.000165956 0 0 0 0.000165956)
(0.00132798 0 0 0 0.000165997 0 0 0 0.000165997)
(0.0013283 0 0 0 0.000166037 0 0 0 0.000166037)
(0.00132861 0 0 0 0.000166076 0 0 0 0.000166076)
(0.00132892 0 0 0 0.000166115 0 0 0 0.000166115)
(0.00132921 0 0 0 0.000166152 0 0 0 0.000166152)
(0.0013295 0 0 0 0.000166188 0 0 0 0.000166188)
(0.00132978 0 0 0 0.000166223 0 0 0 0.000166223)
(0.00133005 0 0 0 0.000166256 0 0 0 0.000166256)
(0.00133031 0 0 0 0.000166289 0 0 0 0.000166289)
(0.00133057 0 0 0 0.000166321 0 0 0 0.000166321)
(0.00133082 0 0 0 0.000166352 0 0 0 0.000166352)
(0.00133105 0 0 0 0.000166382 0 0 0 0.000166382)
(0.00133128 0 0 0 0.000166411 0 0 0 0.000166411)
(0.00133151 0 0 0 0.000166438 0 0 0 0.000166438)
(0.00133172 0 0 0 0.000166465 0 0 0 0.000166465)
(0.00133193 0 0 0 0.000166491 0 0 0 0.000166491)
(0.00133213 0 0 0 0.000166516 0 0 0 0.000166516)
(0.00133232 0 0 0 0.000166541 0 0 0 0.000166541)
(0.00133251 0 0 0 0.000166564 0 0 0 0.000166564)
(0.00133269 0 0 0 0.000166586 0 0 0 0.000166586)
(0.00133286 0 0 0 0.000166608 0 0 0 0.000166608)
(0.00133303 0 0 0 0.000166628 0 0 0 0.000166628)
(0.00133319 0 0 0 0.000166648 0 0 0 0.000166648)
(0.00133334 0 0 0 0.000166667 0 0 0 0.000166667)
(0.00133348 0 0 0 0.000166686 0 0 0 0.000166686)
(0.00133362 0 0 0 0.000166703 0 0 0 0.000166703)
(0.00133376 0 0 0 0.00016672 0 0 0 0.00016672)
(0.00133389 0 0 0 0.000166736 0 0 0 0.000166736)
(0.00133401 0 0 0 0.000166751 0 0 0 0.000166751)
(0.00133413 0 0 0 0.000166766 0 0 0 0.000166766)
(0.00133424 0 0 0 0.00016678 0 0 0 0.00016678)
(0.00133435 0 0 0 0.000166793 0 0 0 0.000166793)
(0.00133445 0 0 0 0.000166806 0 0 0 0.000166806)
(0.00133454 0 0 0 0.000166818 0 0 0 0.000166818)
(0.00133464 0 0 0 0.00016683 0 0 0 0.00016683)
(0.00133472 0 0 0 0.000166841 0 0 0 0.000166841)
(0.00133481 0 0 0 0.000166851 0 0 0 0.000166851)
(0.00133489 0 0 0 0.000166861 0 0 0 0.000166861)
(0.00133496 0 0 0 0.00016687 0 0 0 0.00016687)
(0.00133503 0 0 0 0.000166879 0 0 0 0.000166879)
(0.0013351 0 0 0 0.000166888 0 0 0 0.000166888)
(0.00133517 0 0 0 0.000166896 0 0 0 0.000166896)
(0.00133523 0 0 0 0.000166904 0 0 0 0.000166904)
(0.00133529 0 0 0 0.000166911 0 0 0 0.000166911)
(0.00133534 0 0 0 0.000166918 0 0 0 0.000166918)
(0.00133539 0 0 0 0.000166924 0 0 0 0.000166924)
(0.00133544 0 0 0 0.00016693 0 0 0 0.00016693)
(0.00133549 0 0 0 0.000166936 0 0 0 0.000166936)
(0.00133554 0 0 0 0.000166942 0 0 0 0.000166942)
(0.00133558 0 0 0 0.000166947 0 0 0 0.000166947)
(0.00133562 0 0 0 0.000166952 0 0 0 0.000166952)
(0.00133566 0 0 0 0.000166957 0 0 0 0.000166957)
(0.0013357 0 0 0 0.000166962 0 0 0 0.000166962)
(0.00133573 0 0 0 0.000166967 0 0 0 0.000166967)
(0.00133577 0 0 0 0.000166971 0 0 0 0.000166971)
(0.0013358 0 0 0 0.000166975 0 0 0 0.000166975)
(0.00133583 0 0 0 0.000166979 0 0 0 0.000166979)
(0.00133586 0 0 0 0.000166983 0 0 0 0.000166983)
(0.00133589 0 0 0 0.000166987 0 0 0 0.000166987)
(0.00133592 0 0 0 0.00016699 0 0 0 0.00016699)
(0.00133595 0 0 0 0.000166994 0 0 0 0.000166994)
(0.00133598 0 0 0 0.000166997 0 0 0 0.000166997)
(0.00133601 0 0 0 0.000167001 0 0 0 0.000167001)
(0.00133604 0 0 0 0.000167005 0 0 0 0.000167005)
(0.00133607 0 0 0 0.000167008 0 0 0 0.000167008)
(0.00133609 0 0 0 0.000167012 0 0 0 0.000167012)
(0.00133612 0 0 0 0.000167015 0 0 0 0.000167015)
(0.00133615 0 0 0 0.000167019 0 0 0 0.000167019)
(0.00133619 0 0 0 0.000167023 0 0 0 0.000167023)
(0.00133622 0 0 0 0.000167027 0 0 0 0.000167027)
(0.00133625 0 0 0 0.000167031 0 0 0 0.000167031)
(0.00133628 0 0 0 0.000167036 0 0 0 0.000167036)
(0.00133632 0 0 0 0.00016704 0 0 0 0.00016704)
(0.00133636 0 0 0 0.000167045 0 0 0 0.000167045)
(0.0013364 0 0 0 0.00016705 0 0 0 0.00016705)
(0.00133644 0 0 0 0.000167055 0 0 0 0.000167055)
(0.00133648 0 0 0 0.00016706 0 0 0 0.00016706)
(0.00133653 0 0 0 0.000167066 0 0 0 0.000167066)
(0.00133657 0 0 0 0.000167072 0 0 0 0.000167072)
(0.00133662 0 0 0 0.000167078 0 0 0 0.000167078)
(0.00133668 0 0 0 0.000167084 0 0 0 0.000167084)
(0.00133673 0 0 0 0.000167091 0 0 0 0.000167091)
(0.00133679 0 0 0 0.000167099 0 0 0 0.000167099)
(0.00133685 0 0 0 0.000167106 0 0 0 0.000167106)
(0.00133692 0 0 0 0.000167114 0 0 0 0.000167114)
(0.00133698 0 0 0 0.000167123 0 0 0 0.000167123)
(0.00133705 0 0 0 0.000167132 0 0 0 0.000167132)
(0.00133713 0 0 0 0.000167141 0 0 0 0.000167141)
(0.00133721 0 0 0 0.000167151 0 0 0 0.000167151)
(0.00133729 0 0 0 0.000167162 0 0 0 0.000167162)
(0.00133738 0 0 0 0.000167173 0 0 0 0.000167173)
(0.00133747 0 0 0 0.000167184 0 0 0 0.000167184)
(0.00133757 0 0 0 0.000167196 0 0 0 0.000167196)
(0.00133767 0 0 0 0.000167209 0 0 0 0.000167209)
(0.00133778 0 0 0 0.000167222 0 0 0 0.000167222)
(0.00133789 0 0 0 0.000167236 0 0 0 0.000167236)
(0.00133801 0 0 0 0.000167251 0 0 0 0.000167251)
(0.00133813 0 0 0 0.000167266 0 0 0 0.000167266)
(0.00133826 0 0 0 0.000167282 0 0 0 0.000167282)
(0.00133839 0 0 0 0.000167299 0 0 0 0.000167299)
(0.00133853 0 0 0 0.000167317 0 0 0 0.000167317)
(0.00133868 0 0 0 0.000167335 0 0 0 0.000167335)
(0.00133883 0 0 0 0.000167354 0 0 0 0.000167354)
(0.001339 0 0 0 0.000167374 0 0 0 0.000167374)
(0.00133916 0 0 0 0.000167395 0 0 0 0.000167395)
(0.00133934 0 0 0 0.000167417 0 0 0 0.000167417)
(0.00133952 0 0 0 0.00016744 0 0 0 0.00016744)
(0.00133971 0 0 0 0.000167463 0 0 0 0.000167463)
(0.0013399 0 0 0 0.000167488 0 0 0 0.000167488)
(0.00134011 0 0 0 0.000167513 0 0 0 0.000167513)
(0.00134032 0 0 0 0.00016754 0 0 0 0.00016754)
(0.00134054 0 0 0 0.000167568 0 0 0 0.000167568)
(0.00134077 0 0 0 0.000167596 0 0 0 0.000167596)
(0.00134101 0 0 0 0.000167626 0 0 0 0.000167626)
(0.00134125 0 0 0 0.000167657 0 0 0 0.000167657)
(0.00134151 0 0 0 0.000167689 0 0 0 0.000167689)
(0.00134177 0 0 0 0.000167722 0 0 0 0.000167722)
(0.00134205 0 0 0 0.000167756 0 0 0 0.000167756)
(0.00134233 0 0 0 0.000167792 0 0 0 0.000167792)
(0.00134263 0 0 0 0.000167828 0 0 0 0.000167828)
(0.00134293 0 0 0 0.000167866 0 0 0 0.000167866)
(0.00134324 0 0 0 0.000167905 0 0 0 0.000167905)
(0.00134357 0 0 0 0.000167946 0 0 0 0.000167946)
(0.0013439 0 0 0 0.000167987 0 0 0 0.000167987)
(0.00134424 0 0 0 0.00016803 0 0 0 0.00016803)
(0.0013446 0 0 0 0.000168075 0 0 0 0.000168075)
(0.00134496 0 0 0 0.000168121 0 0 0 0.000168121)
(0.00134534 0 0 0 0.000168168 0 0 0 0.000168168)
(0.00134573 0 0 0 0.000168216 0 0 0 0.000168216)
(0.00134613 0 0 0 0.000168266 0 0 0 0.000168266)
(0.00134654 0 0 0 0.000168318 0 0 0 0.000168318)
(0.00134696 0 0 0 0.00016837 0 0 0 0.00016837)
(0.0013474 0 0 0 0.000168425 0 0 0 0.000168425)
(0.00134784 0 0 0 0.00016848 0 0 0 0.00016848)
(0.0013483 0 0 0 0.000168538 0 0 0 0.000168538)
(0.00134877 0 0 0 0.000168596 0 0 0 0.000168596)
(0.00134925 0 0 0 0.000168657 0 0 0 0.000168657)
(0.00134975 0 0 0 0.000168718 0 0 0 0.000168718)
(0.00135025 0 0 0 0.000168782 0 0 0 0.000168782)
(0.00135077 0 0 0 0.000168847 0 0 0 0.000168847)
(0.00135131 0 0 0 0.000168913 0 0 0 0.000168913)
(0.00135185 0 0 0 0.000168981 0 0 0 0.000168981)
(0.00135241 0 0 0 0.000169051 0 0 0 0.000169051)
(0.00135298 0 0 0 0.000169122 0 0 0 0.000169122)
(0.00135356 0 0 0 0.000169195 0 0 0 0.000169195)
(0.00135416 0 0 0 0.00016927 0 0 0 0.00016927)
(0.00135477 0 0 0 0.000169346 0 0 0 0.000169346)
(0.00135539 0 0 0 0.000169424 0 0 0 0.000169424)
(0.00135603 0 0 0 0.000169503 0 0 0 0.000169503)
(0.00135667 0 0 0 0.000169584 0 0 0 0.000169584)
(0.00135734 0 0 0 0.000169667 0 0 0 0.000169667)
(0.00135801 0 0 0 0.000169751 0 0 0 0.000169751)
(0.0013587 0 0 0 0.000169838 0 0 0 0.000169838)
(0.0013594 0 0 0 0.000169925 0 0 0 0.000169925)
(0.00136012 0 0 0 0.000170015 0 0 0 0.000170015)
(0.00136085 0 0 0 0.000170106 0 0 0 0.000170106)
(0.00136159 0 0 0 0.000170199 0 0 0 0.000170199)
(0.00136234 0 0 0 0.000170293 0 0 0 0.000170293)
(0.00136311 0 0 0 0.000170389 0 0 0 0.000170389)
(0.0013639 0 0 0 0.000170487 0 0 0 0.000170487)
(0.00136469 0 0 0 0.000170586 0 0 0 0.000170586)
(0.0013655 0 0 0 0.000170688 0 0 0 0.000170688)
(0.00136632 0 0 0 0.00017079 0 0 0 0.00017079)
(0.00136716 0 0 0 0.000170895 0 0 0 0.000170895)
(0.00136801 0 0 0 0.000171001 0 0 0 0.000171001)
(0.00136887 0 0 0 0.000171109 0 0 0 0.000171109)
(0.00136975 0 0 0 0.000171218 0 0 0 0.000171218)
(0.00137064 0 0 0 0.000171329 0 0 0 0.000171329)
(0.00137154 0 0 0 0.000171442 0 0 0 0.000171442)
(0.00137245 0 0 0 0.000171557 0 0 0 0.000171557)
(0.00137338 0 0 0 0.000171673 0 0 0 0.000171673)
(0.00137433 0 0 0 0.000171791 0 0 0 0.000171791)
(0.00137529 0 0 0 0.000171911 0 0 0 0.000171911)
(0.00137626 0 0 0 0.000172032 0 0 0 0.000172032)
(0.00137725 0 0 0 0.000172156 0 0 0 0.000172156)
(0.00137825 0 0 0 0.000172281 0 0 0 0.000172281)
(0.00137926 0 0 0 0.000172408 0 0 0 0.000172408)
(0.0013803 0 0 0 0.000172537 0 0 0 0.000172537)
(0.00138135 0 0 0 0.000172669 0 0 0 0.000172669)
(0.00138242 0 0 0 0.000172802 0 0 0 0.000172802)
(0.00138351 0 0 0 0.000172939 0 0 0 0.000172939)
(0.00138462 0 0 0 0.000173077 0 0 0 0.000173077)
(0.00138575 0 0 0 0.000173219 0 0 0 0.000173219)
(0.00138691 0 0 0 0.000173364 0 0 0 0.000173364)
(0.00138809 0 0 0 0.000173512 0 0 0 0.000173512)
(0.00138931 0 0 0 0.000173663 0 0 0 0.000173663)
(0.00139037 0 0 0 0.000173796 0 0 0 0.000173796)
(0.00139092 0 0 0 0.000173864 0 0 0 0.000173864)
(0.00128125 0 0 0 0.000160156 0 0 0 0.000160156)
(0.00128166 0 0 0 0.000160207 0 0 0 0.000160207)
(0.00128214 0 0 0 0.000160267 0 0 0 0.000160267)
(0.00128266 0 0 0 0.000160333 0 0 0 0.000160333)
(0.00128323 0 0 0 0.000160403 0 0 0 0.000160403)
(0.00128382 0 0 0 0.000160478 0 0 0 0.000160478)
(0.00128444 0 0 0 0.000160555 0 0 0 0.000160555)
(0.00128507 0 0 0 0.000160634 0 0 0 0.000160634)
(0.00128572 0 0 0 0.000160715 0 0 0 0.000160715)
(0.00128637 0 0 0 0.000160797 0 0 0 0.000160797)
(0.00128704 0 0 0 0.00016088 0 0 0 0.00016088)
(0.00128771 0 0 0 0.000160964 0 0 0 0.000160964)
(0.00128838 0 0 0 0.000161048 0 0 0 0.000161048)
(0.00128906 0 0 0 0.000161133 0 0 0 0.000161133)
(0.00128974 0 0 0 0.000161218 0 0 0 0.000161218)
(0.00129042 0 0 0 0.000161303 0 0 0 0.000161303)
(0.00129111 0 0 0 0.000161388 0 0 0 0.000161388)
(0.00129179 0 0 0 0.000161474 0 0 0 0.000161474)
(0.00129247 0 0 0 0.000161559 0 0 0 0.000161559)
(0.00129316 0 0 0 0.000161645 0 0 0 0.000161645)
(0.00129384 0 0 0 0.00016173 0 0 0 0.00016173)
(0.00129453 0 0 0 0.000161816 0 0 0 0.000161816)
(0.00129521 0 0 0 0.000161901 0 0 0 0.000161901)
(0.00129589 0 0 0 0.000161986 0 0 0 0.000161986)
(0.00129657 0 0 0 0.000162071 0 0 0 0.000162071)
(0.00129725 0 0 0 0.000162156 0 0 0 0.000162156)
(0.00129793 0 0 0 0.000162241 0 0 0 0.000162241)
(0.0012986 0 0 0 0.000162325 0 0 0 0.000162325)
(0.00129928 0 0 0 0.00016241 0 0 0 0.00016241)
(0.00129995 0 0 0 0.000162494 0 0 0 0.000162494)
(0.00130062 0 0 0 0.000162577 0 0 0 0.000162577)
(0.00130129 0 0 0 0.000162661 0 0 0 0.000162661)
(0.00130195 0 0 0 0.000162744 0 0 0 0.000162744)
(0.00130261 0 0 0 0.000162827 0 0 0 0.000162827)
(0.00130327 0 0 0 0.000162909 0 0 0 0.000162909)
(0.00130393 0 0 0 0.000162991 0 0 0 0.000162991)
(0.00130458 0 0 0 0.000163073 0 0 0 0.000163073)
(0.00130523 0 0 0 0.000163154 0 0 0 0.000163154)
(0.00130587 0 0 0 0.000163234 0 0 0 0.000163234)
(0.00130651 0 0 0 0.000163314 0 0 0 0.000163314)
(0.00130715 0 0 0 0.000163394 0 0 0 0.000163394)
(0.00130778 0 0 0 0.000163473 0 0 0 0.000163473)
(0.00130841 0 0 0 0.000163551 0 0 0 0.000163551)
(0.00130903 0 0 0 0.000163629 0 0 0 0.000163629)
(0.00130965 0 0 0 0.000163707 0 0 0 0.000163707)
(0.00131027 0 0 0 0.000163783 0 0 0 0.000163783)
(0.00131087 0 0 0 0.000163859 0 0 0 0.000163859)
(0.00131148 0 0 0 0.000163934 0 0 0 0.000163934)
(0.00131207 0 0 0 0.000164009 0 0 0 0.000164009)
(0.00131266 0 0 0 0.000164083 0 0 0 0.000164083)
(0.00131325 0 0 0 0.000164156 0 0 0 0.000164156)
(0.00131383 0 0 0 0.000164228 0 0 0 0.000164228)
(0.0013144 0 0 0 0.0001643 0 0 0 0.0001643)
(0.00131496 0 0 0 0.000164371 0 0 0 0.000164371)
(0.00131552 0 0 0 0.00016444 0 0 0 0.00016444)
(0.00131607 0 0 0 0.000164509 0 0 0 0.000164509)
(0.00131662 0 0 0 0.000164578 0 0 0 0.000164578)
(0.00131716 0 0 0 0.000164645 0 0 0 0.000164645)
(0.00131769 0 0 0 0.000164711 0 0 0 0.000164711)
(0.00131821 0 0 0 0.000164777 0 0 0 0.000164777)
(0.00131873 0 0 0 0.000164841 0 0 0 0.000164841)
(0.00131924 0 0 0 0.000164905 0 0 0 0.000164905)
(0.00131974 0 0 0 0.000164967 0 0 0 0.000164967)
(0.00132023 0 0 0 0.000165029 0 0 0 0.000165029)
(0.00132071 0 0 0 0.000165089 0 0 0 0.000165089)
(0.00132119 0 0 0 0.000165149 0 0 0 0.000165149)
(0.00132166 0 0 0 0.000165207 0 0 0 0.000165207)
(0.00132212 0 0 0 0.000165265 0 0 0 0.000165265)
(0.00132257 0 0 0 0.000165321 0 0 0 0.000165321)
(0.00132301 0 0 0 0.000165377 0 0 0 0.000165377)
(0.00132345 0 0 0 0.000165431 0 0 0 0.000165431)
(0.00132387 0 0 0 0.000165484 0 0 0 0.000165484)
(0.00132429 0 0 0 0.000165536 0 0 0 0.000165536)
(0.0013247 0 0 0 0.000165587 0 0 0 0.000165587)
(0.0013251 0 0 0 0.000165638 0 0 0 0.000165638)
(0.00132549 0 0 0 0.000165686 0 0 0 0.000165686)
(0.00132587 0 0 0 0.000165734 0 0 0 0.000165734)
(0.00132625 0 0 0 0.000165781 0 0 0 0.000165781)
(0.00132661 0 0 0 0.000165827 0 0 0 0.000165827)
(0.00132697 0 0 0 0.000165871 0 0 0 0.000165871)
(0.00132732 0 0 0 0.000165915 0 0 0 0.000165915)
(0.00132766 0 0 0 0.000165957 0 0 0 0.000165957)
(0.00132799 0 0 0 0.000165998 0 0 0 0.000165998)
(0.00132831 0 0 0 0.000166039 0 0 0 0.000166039)
(0.00132862 0 0 0 0.000166078 0 0 0 0.000166078)
(0.00132893 0 0 0 0.000166116 0 0 0 0.000166116)
(0.00132922 0 0 0 0.000166153 0 0 0 0.000166153)
(0.00132951 0 0 0 0.000166189 0 0 0 0.000166189)
(0.00132979 0 0 0 0.000166224 0 0 0 0.000166224)
(0.00133006 0 0 0 0.000166257 0 0 0 0.000166257)
(0.00133032 0 0 0 0.00016629 0 0 0 0.00016629)
(0.00133058 0 0 0 0.000166322 0 0 0 0.000166322)
(0.00133082 0 0 0 0.000166353 0 0 0 0.000166353)
(0.00133106 0 0 0 0.000166383 0 0 0 0.000166383)
(0.00133129 0 0 0 0.000166411 0 0 0 0.000166411)
(0.00133151 0 0 0 0.000166439 0 0 0 0.000166439)
(0.00133173 0 0 0 0.000166466 0 0 0 0.000166466)
(0.00133194 0 0 0 0.000166492 0 0 0 0.000166492)
(0.00133214 0 0 0 0.000166517 0 0 0 0.000166517)
(0.00133233 0 0 0 0.000166541 0 0 0 0.000166541)
(0.00133252 0 0 0 0.000166564 0 0 0 0.000166564)
(0.00133269 0 0 0 0.000166587 0 0 0 0.000166587)
(0.00133287 0 0 0 0.000166608 0 0 0 0.000166608)
(0.00133303 0 0 0 0.000166629 0 0 0 0.000166629)
(0.00133319 0 0 0 0.000166649 0 0 0 0.000166649)
(0.00133334 0 0 0 0.000166668 0 0 0 0.000166668)
(0.00133349 0 0 0 0.000166686 0 0 0 0.000166686)
(0.00133363 0 0 0 0.000166704 0 0 0 0.000166704)
(0.00133376 0 0 0 0.00016672 0 0 0 0.00016672)
(0.00133389 0 0 0 0.000166736 0 0 0 0.000166736)
(0.00133401 0 0 0 0.000166752 0 0 0 0.000166752)
(0.00133413 0 0 0 0.000166766 0 0 0 0.000166766)
(0.00133424 0 0 0 0.00016678 0 0 0 0.00016678)
(0.00133435 0 0 0 0.000166794 0 0 0 0.000166794)
(0.00133445 0 0 0 0.000166806 0 0 0 0.000166806)
(0.00133455 0 0 0 0.000166818 0 0 0 0.000166818)
(0.00133464 0 0 0 0.00016683 0 0 0 0.00016683)
(0.00133473 0 0 0 0.000166841 0 0 0 0.000166841)
(0.00133481 0 0 0 0.000166851 0 0 0 0.000166851)
(0.00133489 0 0 0 0.000166861 0 0 0 0.000166861)
(0.00133496 0 0 0 0.000166871 0 0 0 0.000166871)
(0.00133504 0 0 0 0.00016688 0 0 0 0.00016688)
(0.0013351 0 0 0 0.000166888 0 0 0 0.000166888)
(0.00133517 0 0 0 0.000166896 0 0 0 0.000166896)
(0.00133523 0 0 0 0.000166904 0 0 0 0.000166904)
(0.00133529 0 0 0 0.000166911 0 0 0 0.000166911)
(0.00133534 0 0 0 0.000166918 0 0 0 0.000166918)
(0.0013354 0 0 0 0.000166924 0 0 0 0.000166924)
(0.00133544 0 0 0 0.000166931 0 0 0 0.000166931)
(0.00133549 0 0 0 0.000166937 0 0 0 0.000166937)
(0.00133554 0 0 0 0.000166942 0 0 0 0.000166942)
(0.00133558 0 0 0 0.000166948 0 0 0 0.000166948)
(0.00133562 0 0 0 0.000166953 0 0 0 0.000166953)
(0.00133566 0 0 0 0.000166958 0 0 0 0.000166958)
(0.0013357 0 0 0 0.000166962 0 0 0 0.000166962)
(0.00133573 0 0 0 0.000166967 0 0 0 0.000166967)
(0.00133577 0 0 0 0.000166971 0 0 0 0.000166971)
(0.0013358 0 0 0 0.000166975 0 0 0 0.000166975)
(0.00133583 0 0 0 0.000166979 0 0 0 0.000166979)
(0.00133586 0 0 0 0.000166983 0 0 0 0.000166983)
(0.00133589 0 0 0 0.000166987 0 0 0 0.000166987)
(0.00133592 0 0 0 0.00016699 0 0 0 0.00016699)
(0.00133595 0 0 0 0.000166994 0 0 0 0.000166994)
(0.00133598 0 0 0 0.000166998 0 0 0 0.000166998)
(0.00133601 0 0 0 0.000167001 0 0 0 0.000167001)
(0.00133604 0 0 0 0.000167005 0 0 0 0.000167005)
(0.00133607 0 0 0 0.000167008 0 0 0 0.000167008)
(0.0013361 0 0 0 0.000167012 0 0 0 0.000167012)
(0.00133612 0 0 0 0.000167016 0 0 0 0.000167016)
(0.00133615 0 0 0 0.000167019 0 0 0 0.000167019)
(0.00133619 0 0 0 0.000167023 0 0 0 0.000167023)
(0.00133622 0 0 0 0.000167027 0 0 0 0.000167027)
(0.00133625 0 0 0 0.000167031 0 0 0 0.000167031)
(0.00133629 0 0 0 0.000167036 0 0 0 0.000167036)
(0.00133632 0 0 0 0.00016704 0 0 0 0.00016704)
(0.00133636 0 0 0 0.000167045 0 0 0 0.000167045)
(0.0013364 0 0 0 0.00016705 0 0 0 0.00016705)
(0.00133644 0 0 0 0.000167055 0 0 0 0.000167055)
(0.00133648 0 0 0 0.00016706 0 0 0 0.00016706)
(0.00133653 0 0 0 0.000167066 0 0 0 0.000167066)
(0.00133657 0 0 0 0.000167072 0 0 0 0.000167072)
(0.00133662 0 0 0 0.000167078 0 0 0 0.000167078)
(0.00133668 0 0 0 0.000167085 0 0 0 0.000167085)
(0.00133673 0 0 0 0.000167092 0 0 0 0.000167092)
(0.00133679 0 0 0 0.000167099 0 0 0 0.000167099)
(0.00133685 0 0 0 0.000167107 0 0 0 0.000167107)
(0.00133692 0 0 0 0.000167115 0 0 0 0.000167115)
(0.00133699 0 0 0 0.000167123 0 0 0 0.000167123)
(0.00133706 0 0 0 0.000167132 0 0 0 0.000167132)
(0.00133713 0 0 0 0.000167142 0 0 0 0.000167142)
(0.00133721 0 0 0 0.000167152 0 0 0 0.000167152)
(0.0013373 0 0 0 0.000167162 0 0 0 0.000167162)
(0.00133738 0 0 0 0.000167173 0 0 0 0.000167173)
(0.00133748 0 0 0 0.000167185 0 0 0 0.000167185)
(0.00133757 0 0 0 0.000167197 0 0 0 0.000167197)
(0.00133768 0 0 0 0.000167209 0 0 0 0.000167209)
(0.00133778 0 0 0 0.000167223 0 0 0 0.000167223)
(0.00133789 0 0 0 0.000167237 0 0 0 0.000167237)
(0.00133801 0 0 0 0.000167252 0 0 0 0.000167252)
(0.00133814 0 0 0 0.000167267 0 0 0 0.000167267)
(0.00133826 0 0 0 0.000167283 0 0 0 0.000167283)
(0.0013384 0 0 0 0.0001673 0 0 0 0.0001673)
(0.00133854 0 0 0 0.000167317 0 0 0 0.000167317)
(0.00133869 0 0 0 0.000167336 0 0 0 0.000167336)
(0.00133884 0 0 0 0.000167355 0 0 0 0.000167355)
(0.001339 0 0 0 0.000167375 0 0 0 0.000167375)
(0.00133917 0 0 0 0.000167396 0 0 0 0.000167396)
(0.00133934 0 0 0 0.000167418 0 0 0 0.000167418)
(0.00133952 0 0 0 0.000167441 0 0 0 0.000167441)
(0.00133971 0 0 0 0.000167464 0 0 0 0.000167464)
(0.00133991 0 0 0 0.000167489 0 0 0 0.000167489)
(0.00134012 0 0 0 0.000167514 0 0 0 0.000167514)
(0.00134033 0 0 0 0.000167541 0 0 0 0.000167541)
(0.00134055 0 0 0 0.000167569 0 0 0 0.000167569)
(0.00134078 0 0 0 0.000167597 0 0 0 0.000167597)
(0.00134102 0 0 0 0.000167627 0 0 0 0.000167627)
(0.00134126 0 0 0 0.000167658 0 0 0 0.000167658)
(0.00134152 0 0 0 0.00016769 0 0 0 0.00016769)
(0.00134179 0 0 0 0.000167723 0 0 0 0.000167723)
(0.00134206 0 0 0 0.000167757 0 0 0 0.000167757)
(0.00134234 0 0 0 0.000167793 0 0 0 0.000167793)
(0.00134264 0 0 0 0.00016783 0 0 0 0.00016783)
(0.00134294 0 0 0 0.000167868 0 0 0 0.000167868)
(0.00134325 0 0 0 0.000167907 0 0 0 0.000167907)
(0.00134358 0 0 0 0.000167947 0 0 0 0.000167947)
(0.00134391 0 0 0 0.000167989 0 0 0 0.000167989)
(0.00134426 0 0 0 0.000168032 0 0 0 0.000168032)
(0.00134461 0 0 0 0.000168077 0 0 0 0.000168077)
(0.00134498 0 0 0 0.000168122 0 0 0 0.000168122)
(0.00134536 0 0 0 0.00016817 0 0 0 0.00016817)
(0.00134575 0 0 0 0.000168218 0 0 0 0.000168218)
(0.00134615 0 0 0 0.000168268 0 0 0 0.000168268)
(0.00134656 0 0 0 0.00016832 0 0 0 0.00016832)
(0.00134698 0 0 0 0.000168373 0 0 0 0.000168373)
(0.00134741 0 0 0 0.000168427 0 0 0 0.000168427)
(0.00134786 0 0 0 0.000168483 0 0 0 0.000168483)
(0.00134832 0 0 0 0.00016854 0 0 0 0.00016854)
(0.00134879 0 0 0 0.000168599 0 0 0 0.000168599)
(0.00134927 0 0 0 0.000168659 0 0 0 0.000168659)
(0.00134977 0 0 0 0.000168721 0 0 0 0.000168721)
(0.00135028 0 0 0 0.000168785 0 0 0 0.000168785)
(0.0013508 0 0 0 0.00016885 0 0 0 0.00016885)
(0.00135133 0 0 0 0.000168916 0 0 0 0.000168916)
(0.00135187 0 0 0 0.000168984 0 0 0 0.000168984)
(0.00135243 0 0 0 0.000169054 0 0 0 0.000169054)
(0.001353 0 0 0 0.000169125 0 0 0 0.000169125)
(0.00135359 0 0 0 0.000169198 0 0 0 0.000169198)
(0.00135418 0 0 0 0.000169273 0 0 0 0.000169273)
(0.00135479 0 0 0 0.000169349 0 0 0 0.000169349)
(0.00135542 0 0 0 0.000169427 0 0 0 0.000169427)
(0.00135605 0 0 0 0.000169507 0 0 0 0.000169507)
(0.0013567 0 0 0 0.000169588 0 0 0 0.000169588)
(0.00135737 0 0 0 0.000169671 0 0 0 0.000169671)
(0.00135804 0 0 0 0.000169755 0 0 0 0.000169755)
(0.00135873 0 0 0 0.000169842 0 0 0 0.000169842)
(0.00135944 0 0 0 0.00016993 0 0 0 0.00016993)
(0.00136015 0 0 0 0.000170019 0 0 0 0.000170019)
(0.00136088 0 0 0 0.00017011 0 0 0 0.00017011)
(0.00136163 0 0 0 0.000170203 0 0 0 0.000170203)
(0.00136238 0 0 0 0.000170298 0 0 0 0.000170298)
(0.00136315 0 0 0 0.000170394 0 0 0 0.000170394)
(0.00136394 0 0 0 0.000170492 0 0 0 0.000170492)
(0.00136474 0 0 0 0.000170592 0 0 0 0.000170592)
(0.00136555 0 0 0 0.000170693 0 0 0 0.000170693)
(0.00136637 0 0 0 0.000170797 0 0 0 0.000170797)
(0.00136721 0 0 0 0.000170901 0 0 0 0.000170901)
(0.00136806 0 0 0 0.000171008 0 0 0 0.000171008)
(0.00136893 0 0 0 0.000171116 0 0 0 0.000171116)
(0.00136981 0 0 0 0.000171226 0 0 0 0.000171226)
(0.0013707 0 0 0 0.000171338 0 0 0 0.000171338)
(0.00137161 0 0 0 0.000171451 0 0 0 0.000171451)
(0.00137253 0 0 0 0.000171567 0 0 0 0.000171567)
(0.00137347 0 0 0 0.000171684 0 0 0 0.000171684)
(0.00137442 0 0 0 0.000171802 0 0 0 0.000171802)
(0.00137538 0 0 0 0.000171923 0 0 0 0.000171923)
(0.00137637 0 0 0 0.000172046 0 0 0 0.000172046)
(0.00137736 0 0 0 0.00017217 0 0 0 0.00017217)
(0.00137837 0 0 0 0.000172297 0 0 0 0.000172297)
(0.0013794 0 0 0 0.000172426 0 0 0 0.000172426)
(0.00138045 0 0 0 0.000172556 0 0 0 0.000172556)
(0.00138152 0 0 0 0.000172689 0 0 0 0.000172689)
(0.0013826 0 0 0 0.000172825 0 0 0 0.000172825)
(0.0013837 0 0 0 0.000172963 0 0 0 0.000172963)
(0.00138483 0 0 0 0.000173104 0 0 0 0.000173104)
(0.00138598 0 0 0 0.000173247 0 0 0 0.000173247)
(0.00138715 0 0 0 0.000173394 0 0 0 0.000173394)
(0.00138835 0 0 0 0.000173544 0 0 0 0.000173544)
(0.00138958 0 0 0 0.000173698 0 0 0 0.000173698)
(0.00139054 0 0 0 0.000173817 0 0 0 0.000173817)
(0.00139103 0 0 0 0.000173879 0 0 0 0.000173879)
(0.00128102 0 0 0 0.000160128 0 0 0 0.000160128)
(0.00128142 0 0 0 0.000160177 0 0 0 0.000160177)
(0.00128195 0 0 0 0.000160244 0 0 0 0.000160244)
(0.00128252 0 0 0 0.000160315 0 0 0 0.000160315)
(0.00128312 0 0 0 0.00016039 0 0 0 0.00016039)
(0.00128374 0 0 0 0.000160468 0 0 0 0.000160468)
(0.00128438 0 0 0 0.000160548 0 0 0 0.000160548)
(0.00128504 0 0 0 0.000160629 0 0 0 0.000160629)
(0.0012857 0 0 0 0.000160712 0 0 0 0.000160712)
(0.00128637 0 0 0 0.000160796 0 0 0 0.000160796)
(0.00128704 0 0 0 0.00016088 0 0 0 0.00016088)
(0.00128772 0 0 0 0.000160965 0 0 0 0.000160965)
(0.0012884 0 0 0 0.00016105 0 0 0 0.00016105)
(0.00128908 0 0 0 0.000161135 0 0 0 0.000161135)
(0.00128976 0 0 0 0.00016122 0 0 0 0.00016122)
(0.00129045 0 0 0 0.000161306 0 0 0 0.000161306)
(0.00129113 0 0 0 0.000161391 0 0 0 0.000161391)
(0.00129182 0 0 0 0.000161477 0 0 0 0.000161477)
(0.0012925 0 0 0 0.000161563 0 0 0 0.000161563)
(0.00129319 0 0 0 0.000161648 0 0 0 0.000161648)
(0.00129387 0 0 0 0.000161734 0 0 0 0.000161734)
(0.00129455 0 0 0 0.000161819 0 0 0 0.000161819)
(0.00129524 0 0 0 0.000161905 0 0 0 0.000161905)
(0.00129592 0 0 0 0.00016199 0 0 0 0.00016199)
(0.0012966 0 0 0 0.000162075 0 0 0 0.000162075)
(0.00129728 0 0 0 0.00016216 0 0 0 0.00016216)
(0.00129796 0 0 0 0.000162245 0 0 0 0.000162245)
(0.00129863 0 0 0 0.000162329 0 0 0 0.000162329)
(0.00129931 0 0 0 0.000162413 0 0 0 0.000162413)
(0.00129998 0 0 0 0.000162497 0 0 0 0.000162497)
(0.00130065 0 0 0 0.000162581 0 0 0 0.000162581)
(0.00130132 0 0 0 0.000162665 0 0 0 0.000162665)
(0.00130198 0 0 0 0.000162748 0 0 0 0.000162748)
(0.00130264 0 0 0 0.00016283 0 0 0 0.00016283)
(0.0013033 0 0 0 0.000162913 0 0 0 0.000162913)
(0.00130396 0 0 0 0.000162995 0 0 0 0.000162995)
(0.00130461 0 0 0 0.000163076 0 0 0 0.000163076)
(0.00130526 0 0 0 0.000163157 0 0 0 0.000163157)
(0.0013059 0 0 0 0.000163238 0 0 0 0.000163238)
(0.00130654 0 0 0 0.000163318 0 0 0 0.000163318)
(0.00130718 0 0 0 0.000163397 0 0 0 0.000163397)
(0.00130781 0 0 0 0.000163476 0 0 0 0.000163476)
(0.00130844 0 0 0 0.000163555 0 0 0 0.000163555)
(0.00130906 0 0 0 0.000163633 0 0 0 0.000163633)
(0.00130968 0 0 0 0.00016371 0 0 0 0.00016371)
(0.00131029 0 0 0 0.000163786 0 0 0 0.000163786)
(0.0013109 0 0 0 0.000163862 0 0 0 0.000163862)
(0.0013115 0 0 0 0.000163938 0 0 0 0.000163938)
(0.0013121 0 0 0 0.000164012 0 0 0 0.000164012)
(0.00131269 0 0 0 0.000164086 0 0 0 0.000164086)
(0.00131327 0 0 0 0.000164159 0 0 0 0.000164159)
(0.00131385 0 0 0 0.000164231 0 0 0 0.000164231)
(0.00131442 0 0 0 0.000164303 0 0 0 0.000164303)
(0.00131499 0 0 0 0.000164373 0 0 0 0.000164373)
(0.00131554 0 0 0 0.000164443 0 0 0 0.000164443)
(0.0013161 0 0 0 0.000164512 0 0 0 0.000164512)
(0.00131664 0 0 0 0.00016458 0 0 0 0.00016458)
(0.00131718 0 0 0 0.000164647 0 0 0 0.000164647)
(0.00131771 0 0 0 0.000164714 0 0 0 0.000164714)
(0.00131823 0 0 0 0.000164779 0 0 0 0.000164779)
(0.00131875 0 0 0 0.000164843 0 0 0 0.000164843)
(0.00131926 0 0 0 0.000164907 0 0 0 0.000164907)
(0.00131976 0 0 0 0.000164969 0 0 0 0.000164969)
(0.00132025 0 0 0 0.000165031 0 0 0 0.000165031)
(0.00132073 0 0 0 0.000165091 0 0 0 0.000165091)
(0.00132121 0 0 0 0.000165151 0 0 0 0.000165151)
(0.00132168 0 0 0 0.000165209 0 0 0 0.000165209)
(0.00132213 0 0 0 0.000165267 0 0 0 0.000165267)
(0.00132259 0 0 0 0.000165323 0 0 0 0.000165323)
(0.00132303 0 0 0 0.000165379 0 0 0 0.000165379)
(0.00132346 0 0 0 0.000165433 0 0 0 0.000165433)
(0.00132389 0 0 0 0.000165486 0 0 0 0.000165486)
(0.00132431 0 0 0 0.000165538 0 0 0 0.000165538)
(0.00132471 0 0 0 0.000165589 0 0 0 0.000165589)
(0.00132511 0 0 0 0.000165639 0 0 0 0.000165639)
(0.0013255 0 0 0 0.000165688 0 0 0 0.000165688)
(0.00132589 0 0 0 0.000165736 0 0 0 0.000165736)
(0.00132626 0 0 0 0.000165783 0 0 0 0.000165783)
(0.00132663 0 0 0 0.000165828 0 0 0 0.000165828)
(0.00132698 0 0 0 0.000165873 0 0 0 0.000165873)
(0.00132733 0 0 0 0.000165916 0 0 0 0.000165916)
(0.00132767 0 0 0 0.000165959 0 0 0 0.000165959)
(0.001328 0 0 0 0.000166 0 0 0 0.000166)
(0.00132832 0 0 0 0.00016604 0 0 0 0.00016604)
(0.00132863 0 0 0 0.000166079 0 0 0 0.000166079)
(0.00132894 0 0 0 0.000166117 0 0 0 0.000166117)
(0.00132923 0 0 0 0.000166154 0 0 0 0.000166154)
(0.00132952 0 0 0 0.00016619 0 0 0 0.00016619)
(0.0013298 0 0 0 0.000166225 0 0 0 0.000166225)
(0.00133007 0 0 0 0.000166259 0 0 0 0.000166259)
(0.00133033 0 0 0 0.000166291 0 0 0 0.000166291)
(0.00133058 0 0 0 0.000166323 0 0 0 0.000166323)
(0.00133083 0 0 0 0.000166354 0 0 0 0.000166354)
(0.00133107 0 0 0 0.000166384 0 0 0 0.000166384)
(0.0013313 0 0 0 0.000166412 0 0 0 0.000166412)
(0.00133152 0 0 0 0.00016644 0 0 0 0.00016644)
(0.00133174 0 0 0 0.000166467 0 0 0 0.000166467)
(0.00133194 0 0 0 0.000166493 0 0 0 0.000166493)
(0.00133214 0 0 0 0.000166518 0 0 0 0.000166518)
(0.00133234 0 0 0 0.000166542 0 0 0 0.000166542)
(0.00133252 0 0 0 0.000166565 0 0 0 0.000166565)
(0.0013327 0 0 0 0.000166587 0 0 0 0.000166587)
(0.00133287 0 0 0 0.000166609 0 0 0 0.000166609)
(0.00133304 0 0 0 0.00016663 0 0 0 0.00016663)
(0.00133319 0 0 0 0.000166649 0 0 0 0.000166649)
(0.00133335 0 0 0 0.000166668 0 0 0 0.000166668)
(0.00133349 0 0 0 0.000166687 0 0 0 0.000166687)
(0.00133363 0 0 0 0.000166704 0 0 0 0.000166704)
(0.00133377 0 0 0 0.000166721 0 0 0 0.000166721)
(0.00133389 0 0 0 0.000166737 0 0 0 0.000166737)
(0.00133402 0 0 0 0.000166752 0 0 0 0.000166752)
(0.00133413 0 0 0 0.000166767 0 0 0 0.000166767)
(0.00133424 0 0 0 0.000166781 0 0 0 0.000166781)
(0.00133435 0 0 0 0.000166794 0 0 0 0.000166794)
(0.00133445 0 0 0 0.000166807 0 0 0 0.000166807)
(0.00133455 0 0 0 0.000166819 0 0 0 0.000166819)
(0.00133464 0 0 0 0.00016683 0 0 0 0.00016683)
(0.00133473 0 0 0 0.000166841 0 0 0 0.000166841)
(0.00133481 0 0 0 0.000166852 0 0 0 0.000166852)
(0.00133489 0 0 0 0.000166861 0 0 0 0.000166861)
(0.00133497 0 0 0 0.000166871 0 0 0 0.000166871)
(0.00133504 0 0 0 0.00016688 0 0 0 0.00016688)
(0.00133511 0 0 0 0.000166888 0 0 0 0.000166888)
(0.00133517 0 0 0 0.000166896 0 0 0 0.000166896)
(0.00133523 0 0 0 0.000166904 0 0 0 0.000166904)
(0.00133529 0 0 0 0.000166911 0 0 0 0.000166911)
(0.00133534 0 0 0 0.000166918 0 0 0 0.000166918)
(0.0013354 0 0 0 0.000166925 0 0 0 0.000166925)
(0.00133545 0 0 0 0.000166931 0 0 0 0.000166931)
(0.00133549 0 0 0 0.000166937 0 0 0 0.000166937)
(0.00133554 0 0 0 0.000166942 0 0 0 0.000166942)
(0.00133558 0 0 0 0.000166948 0 0 0 0.000166948)
(0.00133562 0 0 0 0.000166953 0 0 0 0.000166953)
(0.00133566 0 0 0 0.000166958 0 0 0 0.000166958)
(0.0013357 0 0 0 0.000166962 0 0 0 0.000166962)
(0.00133573 0 0 0 0.000166967 0 0 0 0.000166967)
(0.00133577 0 0 0 0.000166971 0 0 0 0.000166971)
(0.0013358 0 0 0 0.000166975 0 0 0 0.000166975)
(0.00133583 0 0 0 0.000166979 0 0 0 0.000166979)
(0.00133586 0 0 0 0.000166983 0 0 0 0.000166983)
(0.00133589 0 0 0 0.000166987 0 0 0 0.000166987)
(0.00133592 0 0 0 0.00016699 0 0 0 0.00016699)
(0.00133595 0 0 0 0.000166994 0 0 0 0.000166994)
(0.00133598 0 0 0 0.000166998 0 0 0 0.000166998)
(0.00133601 0 0 0 0.000167001 0 0 0 0.000167001)
(0.00133604 0 0 0 0.000167005 0 0 0 0.000167005)
(0.00133607 0 0 0 0.000167008 0 0 0 0.000167008)
(0.0013361 0 0 0 0.000167012 0 0 0 0.000167012)
(0.00133613 0 0 0 0.000167016 0 0 0 0.000167016)
(0.00133616 0 0 0 0.00016702 0 0 0 0.00016702)
(0.00133619 0 0 0 0.000167023 0 0 0 0.000167023)
(0.00133622 0 0 0 0.000167027 0 0 0 0.000167027)
(0.00133625 0 0 0 0.000167032 0 0 0 0.000167032)
(0.00133629 0 0 0 0.000167036 0 0 0 0.000167036)
(0.00133632 0 0 0 0.00016704 0 0 0 0.00016704)
(0.00133636 0 0 0 0.000167045 0 0 0 0.000167045)
(0.0013364 0 0 0 0.00016705 0 0 0 0.00016705)
(0.00133644 0 0 0 0.000167055 0 0 0 0.000167055)
(0.00133648 0 0 0 0.00016706 0 0 0 0.00016706)
(0.00133653 0 0 0 0.000167066 0 0 0 0.000167066)
(0.00133658 0 0 0 0.000167072 0 0 0 0.000167072)
(0.00133663 0 0 0 0.000167078 0 0 0 0.000167078)
(0.00133668 0 0 0 0.000167085 0 0 0 0.000167085)
(0.00133673 0 0 0 0.000167092 0 0 0 0.000167092)
(0.00133679 0 0 0 0.000167099 0 0 0 0.000167099)
(0.00133685 0 0 0 0.000167107 0 0 0 0.000167107)
(0.00133692 0 0 0 0.000167115 0 0 0 0.000167115)
(0.00133699 0 0 0 0.000167124 0 0 0 0.000167124)
(0.00133706 0 0 0 0.000167133 0 0 0 0.000167133)
(0.00133714 0 0 0 0.000167142 0 0 0 0.000167142)
(0.00133722 0 0 0 0.000167152 0 0 0 0.000167152)
(0.0013373 0 0 0 0.000167162 0 0 0 0.000167162)
(0.00133739 0 0 0 0.000167173 0 0 0 0.000167173)
(0.00133748 0 0 0 0.000167185 0 0 0 0.000167185)
(0.00133758 0 0 0 0.000167197 0 0 0 0.000167197)
(0.00133768 0 0 0 0.00016721 0 0 0 0.00016721)
(0.00133779 0 0 0 0.000167223 0 0 0 0.000167223)
(0.0013379 0 0 0 0.000167237 0 0 0 0.000167237)
(0.00133802 0 0 0 0.000167252 0 0 0 0.000167252)
(0.00133814 0 0 0 0.000167267 0 0 0 0.000167267)
(0.00133827 0 0 0 0.000167284 0 0 0 0.000167284)
(0.0013384 0 0 0 0.0001673 0 0 0 0.0001673)
(0.00133854 0 0 0 0.000167318 0 0 0 0.000167318)
(0.00133869 0 0 0 0.000167337 0 0 0 0.000167337)
(0.00133885 0 0 0 0.000167356 0 0 0 0.000167356)
(0.00133901 0 0 0 0.000167376 0 0 0 0.000167376)
(0.00133917 0 0 0 0.000167397 0 0 0 0.000167397)
(0.00133935 0 0 0 0.000167419 0 0 0 0.000167419)
(0.00133953 0 0 0 0.000167441 0 0 0 0.000167441)
(0.00133972 0 0 0 0.000167465 0 0 0 0.000167465)
(0.00133992 0 0 0 0.00016749 0 0 0 0.00016749)
(0.00134012 0 0 0 0.000167515 0 0 0 0.000167515)
(0.00134034 0 0 0 0.000167542 0 0 0 0.000167542)
(0.00134056 0 0 0 0.00016757 0 0 0 0.00016757)
(0.00134079 0 0 0 0.000167598 0 0 0 0.000167598)
(0.00134103 0 0 0 0.000167628 0 0 0 0.000167628)
(0.00134127 0 0 0 0.000167659 0 0 0 0.000167659)
(0.00134153 0 0 0 0.000167691 0 0 0 0.000167691)
(0.0013418 0 0 0 0.000167724 0 0 0 0.000167724)
(0.00134207 0 0 0 0.000167759 0 0 0 0.000167759)
(0.00134235 0 0 0 0.000167794 0 0 0 0.000167794)
(0.00134265 0 0 0 0.000167831 0 0 0 0.000167831)
(0.00134295 0 0 0 0.000167869 0 0 0 0.000167869)
(0.00134327 0 0 0 0.000167908 0 0 0 0.000167908)
(0.00134359 0 0 0 0.000167949 0 0 0 0.000167949)
(0.00134393 0 0 0 0.000167991 0 0 0 0.000167991)
(0.00134427 0 0 0 0.000168034 0 0 0 0.000168034)
(0.00134463 0 0 0 0.000168078 0 0 0 0.000168078)
(0.00134499 0 0 0 0.000168124 0 0 0 0.000168124)
(0.00134537 0 0 0 0.000168172 0 0 0 0.000168172)
(0.00134576 0 0 0 0.00016822 0 0 0 0.00016822)
(0.00134616 0 0 0 0.00016827 0 0 0 0.00016827)
(0.00134657 0 0 0 0.000168322 0 0 0 0.000168322)
(0.001347 0 0 0 0.000168375 0 0 0 0.000168375)
(0.00134743 0 0 0 0.000168429 0 0 0 0.000168429)
(0.00134788 0 0 0 0.000168485 0 0 0 0.000168485)
(0.00134834 0 0 0 0.000168542 0 0 0 0.000168542)
(0.00134881 0 0 0 0.000168601 0 0 0 0.000168601)
(0.00134929 0 0 0 0.000168662 0 0 0 0.000168662)
(0.00134979 0 0 0 0.000168724 0 0 0 0.000168724)
(0.0013503 0 0 0 0.000168787 0 0 0 0.000168787)
(0.00135082 0 0 0 0.000168852 0 0 0 0.000168852)
(0.00135135 0 0 0 0.000168919 0 0 0 0.000168919)
(0.0013519 0 0 0 0.000168987 0 0 0 0.000168987)
(0.00135246 0 0 0 0.000169057 0 0 0 0.000169057)
(0.00135303 0 0 0 0.000169129 0 0 0 0.000169129)
(0.00135361 0 0 0 0.000169202 0 0 0 0.000169202)
(0.00135421 0 0 0 0.000169276 0 0 0 0.000169276)
(0.00135482 0 0 0 0.000169353 0 0 0 0.000169353)
(0.00135545 0 0 0 0.000169431 0 0 0 0.000169431)
(0.00135608 0 0 0 0.00016951 0 0 0 0.00016951)
(0.00135673 0 0 0 0.000169592 0 0 0 0.000169592)
(0.0013574 0 0 0 0.000169675 0 0 0 0.000169675)
(0.00135808 0 0 0 0.000169759 0 0 0 0.000169759)
(0.00135877 0 0 0 0.000169846 0 0 0 0.000169846)
(0.00135947 0 0 0 0.000169934 0 0 0 0.000169934)
(0.00136019 0 0 0 0.000170023 0 0 0 0.000170023)
(0.00136092 0 0 0 0.000170115 0 0 0 0.000170115)
(0.00136166 0 0 0 0.000170208 0 0 0 0.000170208)
(0.00136242 0 0 0 0.000170303 0 0 0 0.000170303)
(0.00136319 0 0 0 0.000170399 0 0 0 0.000170399)
(0.00136398 0 0 0 0.000170497 0 0 0 0.000170497)
(0.00136478 0 0 0 0.000170597 0 0 0 0.000170597)
(0.00136559 0 0 0 0.000170699 0 0 0 0.000170699)
(0.00136642 0 0 0 0.000170802 0 0 0 0.000170802)
(0.00136726 0 0 0 0.000170908 0 0 0 0.000170908)
(0.00136811 0 0 0 0.000171014 0 0 0 0.000171014)
(0.00136898 0 0 0 0.000171123 0 0 0 0.000171123)
(0.00136987 0 0 0 0.000171233 0 0 0 0.000171233)
(0.00137076 0 0 0 0.000171346 0 0 0 0.000171346)
(0.00137168 0 0 0 0.00017146 0 0 0 0.00017146)
(0.0013726 0 0 0 0.000171575 0 0 0 0.000171575)
(0.00137354 0 0 0 0.000171693 0 0 0 0.000171693)
(0.0013745 0 0 0 0.000171813 0 0 0 0.000171813)
(0.00137547 0 0 0 0.000171934 0 0 0 0.000171934)
(0.00137646 0 0 0 0.000172057 0 0 0 0.000172057)
(0.00137746 0 0 0 0.000172183 0 0 0 0.000172183)
(0.00137848 0 0 0 0.00017231 0 0 0 0.00017231)
(0.00137952 0 0 0 0.00017244 0 0 0 0.00017244)
(0.00138058 0 0 0 0.000172572 0 0 0 0.000172572)
(0.00138165 0 0 0 0.000172706 0 0 0 0.000172706)
(0.00138275 0 0 0 0.000172843 0 0 0 0.000172843)
(0.00138386 0 0 0 0.000172983 0 0 0 0.000172983)
(0.001385 0 0 0 0.000173125 0 0 0 0.000173125)
(0.00138616 0 0 0 0.00017327 0 0 0 0.00017327)
(0.00138734 0 0 0 0.000173418 0 0 0 0.000173418)
(0.00138855 0 0 0 0.000173569 0 0 0 0.000173569)
(0.00138979 0 0 0 0.000173724 0 0 0 0.000173724)
(0.00139067 0 0 0 0.000173833 0 0 0 0.000173833)
(0.00139111 0 0 0 0.000173889 0 0 0 0.000173889)
(0.00128074 0 0 0 0.000160092 0 0 0 0.000160092)
(0.00128112 0 0 0 0.00016014 0 0 0 0.00016014)
(0.00128172 0 0 0 0.000160215 0 0 0 0.000160215)
(0.00128234 0 0 0 0.000160293 0 0 0 0.000160293)
(0.00128299 0 0 0 0.000160374 0 0 0 0.000160374)
(0.00128365 0 0 0 0.000160456 0 0 0 0.000160456)
(0.00128432 0 0 0 0.00016054 0 0 0 0.00016054)
(0.00128499 0 0 0 0.000160624 0 0 0 0.000160624)
(0.00128567 0 0 0 0.000160709 0 0 0 0.000160709)
(0.00128635 0 0 0 0.000160794 0 0 0 0.000160794)
(0.00128703 0 0 0 0.000160879 0 0 0 0.000160879)
(0.00128772 0 0 0 0.000160965 0 0 0 0.000160965)
(0.00128841 0 0 0 0.000161051 0 0 0 0.000161051)
(0.00128909 0 0 0 0.000161136 0 0 0 0.000161136)
(0.00128978 0 0 0 0.000161222 0 0 0 0.000161222)
(0.00129046 0 0 0 0.000161308 0 0 0 0.000161308)
(0.00129115 0 0 0 0.000161394 0 0 0 0.000161394)
(0.00129184 0 0 0 0.00016148 0 0 0 0.00016148)
(0.00129252 0 0 0 0.000161566 0 0 0 0.000161566)
(0.00129321 0 0 0 0.000161651 0 0 0 0.000161651)
(0.00129389 0 0 0 0.000161737 0 0 0 0.000161737)
(0.00129458 0 0 0 0.000161822 0 0 0 0.000161822)
(0.00129526 0 0 0 0.000161908 0 0 0 0.000161908)
(0.00129594 0 0 0 0.000161993 0 0 0 0.000161993)
(0.00129662 0 0 0 0.000162078 0 0 0 0.000162078)
(0.0012973 0 0 0 0.000162163 0 0 0 0.000162163)
(0.00129798 0 0 0 0.000162248 0 0 0 0.000162248)
(0.00129866 0 0 0 0.000162332 0 0 0 0.000162332)
(0.00129933 0 0 0 0.000162417 0 0 0 0.000162417)
(0.0013 0 0 0 0.0001625 0 0 0 0.0001625)
(0.00130067 0 0 0 0.000162584 0 0 0 0.000162584)
(0.00130134 0 0 0 0.000162668 0 0 0 0.000162668)
(0.001302 0 0 0 0.000162751 0 0 0 0.000162751)
(0.00130267 0 0 0 0.000162833 0 0 0 0.000162833)
(0.00130332 0 0 0 0.000162916 0 0 0 0.000162916)
(0.00130398 0 0 0 0.000162998 0 0 0 0.000162998)
(0.00130463 0 0 0 0.000163079 0 0 0 0.000163079)
(0.00130528 0 0 0 0.00016316 0 0 0 0.00016316)
(0.00130592 0 0 0 0.000163241 0 0 0 0.000163241)
(0.00130656 0 0 0 0.000163321 0 0 0 0.000163321)
(0.0013072 0 0 0 0.0001634 0 0 0 0.0001634)
(0.00130783 0 0 0 0.000163479 0 0 0 0.000163479)
(0.00130846 0 0 0 0.000163557 0 0 0 0.000163557)
(0.00130908 0 0 0 0.000163635 0 0 0 0.000163635)
(0.0013097 0 0 0 0.000163712 0 0 0 0.000163712)
(0.00131031 0 0 0 0.000163789 0 0 0 0.000163789)
(0.00131092 0 0 0 0.000163865 0 0 0 0.000163865)
(0.00131152 0 0 0 0.00016394 0 0 0 0.00016394)
(0.00131212 0 0 0 0.000164015 0 0 0 0.000164015)
(0.00131271 0 0 0 0.000164088 0 0 0 0.000164088)
(0.00131329 0 0 0 0.000164161 0 0 0 0.000164161)
(0.00131387 0 0 0 0.000164234 0 0 0 0.000164234)
(0.00131444 0 0 0 0.000164305 0 0 0 0.000164305)
(0.001315 0 0 0 0.000164376 0 0 0 0.000164376)
(0.00131556 0 0 0 0.000164445 0 0 0 0.000164445)
(0.00131611 0 0 0 0.000164514 0 0 0 0.000164514)
(0.00131666 0 0 0 0.000164582 0 0 0 0.000164582)
(0.0013172 0 0 0 0.000164649 0 0 0 0.000164649)
(0.00131773 0 0 0 0.000164716 0 0 0 0.000164716)
(0.00131825 0 0 0 0.000164781 0 0 0 0.000164781)
(0.00131876 0 0 0 0.000164845 0 0 0 0.000164845)
(0.00131927 0 0 0 0.000164909 0 0 0 0.000164909)
(0.00131977 0 0 0 0.000164971 0 0 0 0.000164971)
(0.00132026 0 0 0 0.000165033 0 0 0 0.000165033)
(0.00132075 0 0 0 0.000165093 0 0 0 0.000165093)
(0.00132122 0 0 0 0.000165153 0 0 0 0.000165153)
(0.00132169 0 0 0 0.000165211 0 0 0 0.000165211)
(0.00132215 0 0 0 0.000165269 0 0 0 0.000165269)
(0.0013226 0 0 0 0.000165325 0 0 0 0.000165325)
(0.00132304 0 0 0 0.00016538 0 0 0 0.00016538)
(0.00132348 0 0 0 0.000165434 0 0 0 0.000165434)
(0.0013239 0 0 0 0.000165488 0 0 0 0.000165488)
(0.00132432 0 0 0 0.00016554 0 0 0 0.00016554)
(0.00132473 0 0 0 0.000165591 0 0 0 0.000165591)
(0.00132513 0 0 0 0.000165641 0 0 0 0.000165641)
(0.00132552 0 0 0 0.00016569 0 0 0 0.00016569)
(0.0013259 0 0 0 0.000165737 0 0 0 0.000165737)
(0.00132627 0 0 0 0.000165784 0 0 0 0.000165784)
(0.00132664 0 0 0 0.00016583 0 0 0 0.00016583)
(0.00132699 0 0 0 0.000165874 0 0 0 0.000165874)
(0.00132734 0 0 0 0.000165917 0 0 0 0.000165917)
(0.00132768 0 0 0 0.00016596 0 0 0 0.00016596)
(0.00132801 0 0 0 0.000166001 0 0 0 0.000166001)
(0.00132833 0 0 0 0.000166041 0 0 0 0.000166041)
(0.00132864 0 0 0 0.00016608 0 0 0 0.00016608)
(0.00132894 0 0 0 0.000166118 0 0 0 0.000166118)
(0.00132924 0 0 0 0.000166155 0 0 0 0.000166155)
(0.00132953 0 0 0 0.000166191 0 0 0 0.000166191)
(0.0013298 0 0 0 0.000166226 0 0 0 0.000166226)
(0.00133008 0 0 0 0.000166259 0 0 0 0.000166259)
(0.00133034 0 0 0 0.000166292 0 0 0 0.000166292)
(0.00133059 0 0 0 0.000166324 0 0 0 0.000166324)
(0.00133084 0 0 0 0.000166355 0 0 0 0.000166355)
(0.00133107 0 0 0 0.000166384 0 0 0 0.000166384)
(0.0013313 0 0 0 0.000166413 0 0 0 0.000166413)
(0.00133153 0 0 0 0.000166441 0 0 0 0.000166441)
(0.00133174 0 0 0 0.000166468 0 0 0 0.000166468)
(0.00133195 0 0 0 0.000166494 0 0 0 0.000166494)
(0.00133215 0 0 0 0.000166519 0 0 0 0.000166519)
(0.00133234 0 0 0 0.000166543 0 0 0 0.000166543)
(0.00133253 0 0 0 0.000166566 0 0 0 0.000166566)
(0.0013327 0 0 0 0.000166588 0 0 0 0.000166588)
(0.00133288 0 0 0 0.000166609 0 0 0 0.000166609)
(0.00133304 0 0 0 0.00016663 0 0 0 0.00016663)
(0.0013332 0 0 0 0.00016665 0 0 0 0.00016665)
(0.00133335 0 0 0 0.000166669 0 0 0 0.000166669)
(0.0013335 0 0 0 0.000166687 0 0 0 0.000166687)
(0.00133364 0 0 0 0.000166704 0 0 0 0.000166704)
(0.00133377 0 0 0 0.000166721 0 0 0 0.000166721)
(0.0013339 0 0 0 0.000166737 0 0 0 0.000166737)
(0.00133402 0 0 0 0.000166752 0 0 0 0.000166752)
(0.00133414 0 0 0 0.000166767 0 0 0 0.000166767)
(0.00133425 0 0 0 0.000166781 0 0 0 0.000166781)
(0.00133435 0 0 0 0.000166794 0 0 0 0.000166794)
(0.00133445 0 0 0 0.000166807 0 0 0 0.000166807)
(0.00133455 0 0 0 0.000166819 0 0 0 0.000166819)
(0.00133464 0 0 0 0.00016683 0 0 0 0.00016683)
(0.00133473 0 0 0 0.000166841 0 0 0 0.000166841)
(0.00133481 0 0 0 0.000166852 0 0 0 0.000166852)
(0.00133489 0 0 0 0.000166862 0 0 0 0.000166862)
(0.00133497 0 0 0 0.000166871 0 0 0 0.000166871)
(0.00133504 0 0 0 0.00016688 0 0 0 0.00016688)
(0.00133511 0 0 0 0.000166888 0 0 0 0.000166888)
(0.00133517 0 0 0 0.000166896 0 0 0 0.000166896)
(0.00133523 0 0 0 0.000166904 0 0 0 0.000166904)
(0.00133529 0 0 0 0.000166911 0 0 0 0.000166911)
(0.00133535 0 0 0 0.000166918 0 0 0 0.000166918)
(0.0013354 0 0 0 0.000166925 0 0 0 0.000166925)
(0.00133545 0 0 0 0.000166931 0 0 0 0.000166931)
(0.00133549 0 0 0 0.000166937 0 0 0 0.000166937)
(0.00133554 0 0 0 0.000166942 0 0 0 0.000166942)
(0.00133558 0 0 0 0.000166948 0 0 0 0.000166948)
(0.00133562 0 0 0 0.000166953 0 0 0 0.000166953)
(0.00133566 0 0 0 0.000166958 0 0 0 0.000166958)
(0.0013357 0 0 0 0.000166962 0 0 0 0.000166962)
(0.00133574 0 0 0 0.000166967 0 0 0 0.000166967)
(0.00133577 0 0 0 0.000166971 0 0 0 0.000166971)
(0.0013358 0 0 0 0.000166975 0 0 0 0.000166975)
(0.00133583 0 0 0 0.000166979 0 0 0 0.000166979)
(0.00133586 0 0 0 0.000166983 0 0 0 0.000166983)
(0.00133589 0 0 0 0.000166987 0 0 0 0.000166987)
(0.00133592 0 0 0 0.000166991 0 0 0 0.000166991)
(0.00133595 0 0 0 0.000166994 0 0 0 0.000166994)
(0.00133598 0 0 0 0.000166998 0 0 0 0.000166998)
(0.00133601 0 0 0 0.000167001 0 0 0 0.000167001)
(0.00133604 0 0 0 0.000167005 0 0 0 0.000167005)
(0.00133607 0 0 0 0.000167008 0 0 0 0.000167008)
(0.0013361 0 0 0 0.000167012 0 0 0 0.000167012)
(0.00133613 0 0 0 0.000167016 0 0 0 0.000167016)
(0.00133616 0 0 0 0.00016702 0 0 0 0.00016702)
(0.00133619 0 0 0 0.000167023 0 0 0 0.000167023)
(0.00133622 0 0 0 0.000167028 0 0 0 0.000167028)
(0.00133625 0 0 0 0.000167032 0 0 0 0.000167032)
(0.00133629 0 0 0 0.000167036 0 0 0 0.000167036)
(0.00133632 0 0 0 0.00016704 0 0 0 0.00016704)
(0.00133636 0 0 0 0.000167045 0 0 0 0.000167045)
(0.0013364 0 0 0 0.00016705 0 0 0 0.00016705)
(0.00133644 0 0 0 0.000167055 0 0 0 0.000167055)
(0.00133648 0 0 0 0.000167061 0 0 0 0.000167061)
(0.00133653 0 0 0 0.000167066 0 0 0 0.000167066)
(0.00133658 0 0 0 0.000167072 0 0 0 0.000167072)
(0.00133663 0 0 0 0.000167079 0 0 0 0.000167079)
(0.00133668 0 0 0 0.000167085 0 0 0 0.000167085)
(0.00133674 0 0 0 0.000167092 0 0 0 0.000167092)
(0.00133679 0 0 0 0.000167099 0 0 0 0.000167099)
(0.00133686 0 0 0 0.000167107 0 0 0 0.000167107)
(0.00133692 0 0 0 0.000167115 0 0 0 0.000167115)
(0.00133699 0 0 0 0.000167124 0 0 0 0.000167124)
(0.00133706 0 0 0 0.000167133 0 0 0 0.000167133)
(0.00133714 0 0 0 0.000167142 0 0 0 0.000167142)
(0.00133722 0 0 0 0.000167152 0 0 0 0.000167152)
(0.0013373 0 0 0 0.000167163 0 0 0 0.000167163)
(0.00133739 0 0 0 0.000167174 0 0 0 0.000167174)
(0.00133748 0 0 0 0.000167185 0 0 0 0.000167185)
(0.00133758 0 0 0 0.000167197 0 0 0 0.000167197)
(0.00133768 0 0 0 0.00016721 0 0 0 0.00016721)
(0.00133779 0 0 0 0.000167224 0 0 0 0.000167224)
(0.0013379 0 0 0 0.000167238 0 0 0 0.000167238)
(0.00133802 0 0 0 0.000167252 0 0 0 0.000167252)
(0.00133814 0 0 0 0.000167268 0 0 0 0.000167268)
(0.00133827 0 0 0 0.000167284 0 0 0 0.000167284)
(0.00133841 0 0 0 0.000167301 0 0 0 0.000167301)
(0.00133855 0 0 0 0.000167319 0 0 0 0.000167319)
(0.0013387 0 0 0 0.000167337 0 0 0 0.000167337)
(0.00133885 0 0 0 0.000167356 0 0 0 0.000167356)
(0.00133901 0 0 0 0.000167376 0 0 0 0.000167376)
(0.00133918 0 0 0 0.000167397 0 0 0 0.000167397)
(0.00133935 0 0 0 0.000167419 0 0 0 0.000167419)
(0.00133954 0 0 0 0.000167442 0 0 0 0.000167442)
(0.00133973 0 0 0 0.000167466 0 0 0 0.000167466)
(0.00133992 0 0 0 0.000167491 0 0 0 0.000167491)
(0.00134013 0 0 0 0.000167516 0 0 0 0.000167516)
(0.00134034 0 0 0 0.000167543 0 0 0 0.000167543)
(0.00134056 0 0 0 0.000167571 0 0 0 0.000167571)
(0.00134079 0 0 0 0.000167599 0 0 0 0.000167599)
(0.00134103 0 0 0 0.000167629 0 0 0 0.000167629)
(0.00134128 0 0 0 0.00016766 0 0 0 0.00016766)
(0.00134154 0 0 0 0.000167692 0 0 0 0.000167692)
(0.0013418 0 0 0 0.000167725 0 0 0 0.000167725)
(0.00134208 0 0 0 0.00016776 0 0 0 0.00016776)
(0.00134236 0 0 0 0.000167795 0 0 0 0.000167795)
(0.00134266 0 0 0 0.000167832 0 0 0 0.000167832)
(0.00134296 0 0 0 0.00016787 0 0 0 0.00016787)
(0.00134328 0 0 0 0.00016791 0 0 0 0.00016791)
(0.0013436 0 0 0 0.00016795 0 0 0 0.00016795)
(0.00134394 0 0 0 0.000167992 0 0 0 0.000167992)
(0.00134428 0 0 0 0.000168035 0 0 0 0.000168035)
(0.00134464 0 0 0 0.00016808 0 0 0 0.00016808)
(0.00134501 0 0 0 0.000168126 0 0 0 0.000168126)
(0.00134538 0 0 0 0.000168173 0 0 0 0.000168173)
(0.00134577 0 0 0 0.000168222 0 0 0 0.000168222)
(0.00134617 0 0 0 0.000168272 0 0 0 0.000168272)
(0.00134659 0 0 0 0.000168323 0 0 0 0.000168323)
(0.00134701 0 0 0 0.000168376 0 0 0 0.000168376)
(0.00134745 0 0 0 0.000168431 0 0 0 0.000168431)
(0.00134789 0 0 0 0.000168487 0 0 0 0.000168487)
(0.00134835 0 0 0 0.000168544 0 0 0 0.000168544)
(0.00134883 0 0 0 0.000168603 0 0 0 0.000168603)
(0.00134931 0 0 0 0.000168664 0 0 0 0.000168664)
(0.00134981 0 0 0 0.000168726 0 0 0 0.000168726)
(0.00135031 0 0 0 0.000168789 0 0 0 0.000168789)
(0.00135084 0 0 0 0.000168855 0 0 0 0.000168855)
(0.00135137 0 0 0 0.000168921 0 0 0 0.000168921)
(0.00135192 0 0 0 0.00016899 0 0 0 0.00016899)
(0.00135248 0 0 0 0.00016906 0 0 0 0.00016906)
(0.00135305 0 0 0 0.000169131 0 0 0 0.000169131)
(0.00135363 0 0 0 0.000169204 0 0 0 0.000169204)
(0.00135423 0 0 0 0.000169279 0 0 0 0.000169279)
(0.00135484 0 0 0 0.000169356 0 0 0 0.000169356)
(0.00135547 0 0 0 0.000169434 0 0 0 0.000169434)
(0.00135611 0 0 0 0.000169513 0 0 0 0.000169513)
(0.00135676 0 0 0 0.000169595 0 0 0 0.000169595)
(0.00135742 0 0 0 0.000169678 0 0 0 0.000169678)
(0.0013581 0 0 0 0.000169763 0 0 0 0.000169763)
(0.00135879 0 0 0 0.000169849 0 0 0 0.000169849)
(0.0013595 0 0 0 0.000169937 0 0 0 0.000169937)
(0.00136022 0 0 0 0.000170027 0 0 0 0.000170027)
(0.00136095 0 0 0 0.000170118 0 0 0 0.000170118)
(0.00136169 0 0 0 0.000170212 0 0 0 0.000170212)
(0.00136245 0 0 0 0.000170307 0 0 0 0.000170307)
(0.00136323 0 0 0 0.000170403 0 0 0 0.000170403)
(0.00136401 0 0 0 0.000170502 0 0 0 0.000170502)
(0.00136481 0 0 0 0.000170602 0 0 0 0.000170602)
(0.00136563 0 0 0 0.000170703 0 0 0 0.000170703)
(0.00136646 0 0 0 0.000170807 0 0 0 0.000170807)
(0.0013673 0 0 0 0.000170912 0 0 0 0.000170912)
(0.00136816 0 0 0 0.000171019 0 0 0 0.000171019)
(0.00136903 0 0 0 0.000171128 0 0 0 0.000171128)
(0.00136991 0 0 0 0.000171239 0 0 0 0.000171239)
(0.00137081 0 0 0 0.000171351 0 0 0 0.000171351)
(0.00137173 0 0 0 0.000171466 0 0 0 0.000171466)
(0.00137266 0 0 0 0.000171582 0 0 0 0.000171582)
(0.0013736 0 0 0 0.0001717 0 0 0 0.0001717)
(0.00137456 0 0 0 0.00017182 0 0 0 0.00017182)
(0.00137554 0 0 0 0.000171942 0 0 0 0.000171942)
(0.00137653 0 0 0 0.000172066 0 0 0 0.000172066)
(0.00137754 0 0 0 0.000172192 0 0 0 0.000172192)
(0.00137856 0 0 0 0.00017232 0 0 0 0.00017232)
(0.00137961 0 0 0 0.000172451 0 0 0 0.000172451)
(0.00138067 0 0 0 0.000172584 0 0 0 0.000172584)
(0.00138175 0 0 0 0.000172719 0 0 0 0.000172719)
(0.00138285 0 0 0 0.000172856 0 0 0 0.000172856)
(0.00138397 0 0 0 0.000172996 0 0 0 0.000172996)
(0.00138511 0 0 0 0.000173139 0 0 0 0.000173139)
(0.00138628 0 0 0 0.000173285 0 0 0 0.000173285)
(0.00138747 0 0 0 0.000173434 0 0 0 0.000173434)
(0.00138869 0 0 0 0.000173587 0 0 0 0.000173587)
(0.00138994 0 0 0 0.000173743 0 0 0 0.000173743)
(0.00139076 0 0 0 0.000173845 0 0 0 0.000173845)
(0.00139118 0 0 0 0.000173897 0 0 0 0.000173897)
(0.00128047 0 0 0 0.000160058 0 0 0 0.000160058)
(0.00128083 0 0 0 0.000160104 0 0 0 0.000160104)
(0.00128149 0 0 0 0.000160186 0 0 0 0.000160186)
(0.00128217 0 0 0 0.000160272 0 0 0 0.000160272)
(0.00128286 0 0 0 0.000160358 0 0 0 0.000160358)
(0.00128356 0 0 0 0.000160445 0 0 0 0.000160445)
(0.00128426 0 0 0 0.000160532 0 0 0 0.000160532)
(0.00128495 0 0 0 0.000160619 0 0 0 0.000160619)
(0.00128565 0 0 0 0.000160706 0 0 0 0.000160706)
(0.00128634 0 0 0 0.000160792 0 0 0 0.000160792)
(0.00128703 0 0 0 0.000160879 0 0 0 0.000160879)
(0.00128772 0 0 0 0.000160965 0 0 0 0.000160965)
(0.00128841 0 0 0 0.000161051 0 0 0 0.000161051)
(0.0012891 0 0 0 0.000161138 0 0 0 0.000161138)
(0.00128979 0 0 0 0.000161224 0 0 0 0.000161224)
(0.00129048 0 0 0 0.00016131 0 0 0 0.00016131)
(0.00129117 0 0 0 0.000161396 0 0 0 0.000161396)
(0.00129185 0 0 0 0.000161482 0 0 0 0.000161482)
(0.00129254 0 0 0 0.000161568 0 0 0 0.000161568)
(0.00129323 0 0 0 0.000161653 0 0 0 0.000161653)
(0.00129391 0 0 0 0.000161739 0 0 0 0.000161739)
(0.0012946 0 0 0 0.000161825 0 0 0 0.000161825)
(0.00129528 0 0 0 0.00016191 0 0 0 0.00016191)
(0.00129596 0 0 0 0.000161995 0 0 0 0.000161995)
(0.00129664 0 0 0 0.000162081 0 0 0 0.000162081)
(0.00129732 0 0 0 0.000162165 0 0 0 0.000162165)
(0.001298 0 0 0 0.00016225 0 0 0 0.00016225)
(0.00129868 0 0 0 0.000162335 0 0 0 0.000162335)
(0.00129935 0 0 0 0.000162419 0 0 0 0.000162419)
(0.00130002 0 0 0 0.000162503 0 0 0 0.000162503)
(0.00130069 0 0 0 0.000162587 0 0 0 0.000162587)
(0.00130136 0 0 0 0.00016267 0 0 0 0.00016267)
(0.00130202 0 0 0 0.000162753 0 0 0 0.000162753)
(0.00130268 0 0 0 0.000162836 0 0 0 0.000162836)
(0.00130334 0 0 0 0.000162918 0 0 0 0.000162918)
(0.001304 0 0 0 0.000163 0 0 0 0.000163)
(0.00130465 0 0 0 0.000163081 0 0 0 0.000163081)
(0.0013053 0 0 0 0.000163162 0 0 0 0.000163162)
(0.00130594 0 0 0 0.000163243 0 0 0 0.000163243)
(0.00130658 0 0 0 0.000163323 0 0 0 0.000163323)
(0.00130722 0 0 0 0.000163402 0 0 0 0.000163402)
(0.00130785 0 0 0 0.000163481 0 0 0 0.000163481)
(0.00130848 0 0 0 0.00016356 0 0 0 0.00016356)
(0.0013091 0 0 0 0.000163637 0 0 0 0.000163637)
(0.00130972 0 0 0 0.000163714 0 0 0 0.000163714)
(0.00131033 0 0 0 0.000163791 0 0 0 0.000163791)
(0.00131093 0 0 0 0.000163867 0 0 0 0.000163867)
(0.00131154 0 0 0 0.000163942 0 0 0 0.000163942)
(0.00131213 0 0 0 0.000164016 0 0 0 0.000164016)
(0.00131272 0 0 0 0.00016409 0 0 0 0.00016409)
(0.0013133 0 0 0 0.000164163 0 0 0 0.000164163)
(0.00131388 0 0 0 0.000164235 0 0 0 0.000164235)
(0.00131445 0 0 0 0.000164307 0 0 0 0.000164307)
(0.00131502 0 0 0 0.000164377 0 0 0 0.000164377)
(0.00131558 0 0 0 0.000164447 0 0 0 0.000164447)
(0.00131613 0 0 0 0.000164516 0 0 0 0.000164516)
(0.00131667 0 0 0 0.000164584 0 0 0 0.000164584)
(0.00131721 0 0 0 0.000164651 0 0 0 0.000164651)
(0.00131774 0 0 0 0.000164717 0 0 0 0.000164717)
(0.00131826 0 0 0 0.000164783 0 0 0 0.000164783)
(0.00131878 0 0 0 0.000164847 0 0 0 0.000164847)
(0.00131928 0 0 0 0.00016491 0 0 0 0.00016491)
(0.00131978 0 0 0 0.000164973 0 0 0 0.000164973)
(0.00132027 0 0 0 0.000165034 0 0 0 0.000165034)
(0.00132076 0 0 0 0.000165095 0 0 0 0.000165095)
(0.00132123 0 0 0 0.000165154 0 0 0 0.000165154)
(0.0013217 0 0 0 0.000165212 0 0 0 0.000165212)
(0.00132216 0 0 0 0.00016527 0 0 0 0.00016527)
(0.00132261 0 0 0 0.000165326 0 0 0 0.000165326)
(0.00132305 0 0 0 0.000165381 0 0 0 0.000165381)
(0.00132348 0 0 0 0.000165436 0 0 0 0.000165436)
(0.00132391 0 0 0 0.000165489 0 0 0 0.000165489)
(0.00132433 0 0 0 0.000165541 0 0 0 0.000165541)
(0.00132473 0 0 0 0.000165592 0 0 0 0.000165592)
(0.00132513 0 0 0 0.000165642 0 0 0 0.000165642)
(0.00132552 0 0 0 0.000165691 0 0 0 0.000165691)
(0.00132591 0 0 0 0.000165738 0 0 0 0.000165738)
(0.00132628 0 0 0 0.000165785 0 0 0 0.000165785)
(0.00132664 0 0 0 0.00016583 0 0 0 0.00016583)
(0.001327 0 0 0 0.000165875 0 0 0 0.000165875)
(0.00132735 0 0 0 0.000165918 0 0 0 0.000165918)
(0.00132768 0 0 0 0.000165961 0 0 0 0.000165961)
(0.00132801 0 0 0 0.000166002 0 0 0 0.000166002)
(0.00132833 0 0 0 0.000166042 0 0 0 0.000166042)
(0.00132865 0 0 0 0.000166081 0 0 0 0.000166081)
(0.00132895 0 0 0 0.000166119 0 0 0 0.000166119)
(0.00132925 0 0 0 0.000166156 0 0 0 0.000166156)
(0.00132953 0 0 0 0.000166192 0 0 0 0.000166192)
(0.00132981 0 0 0 0.000166226 0 0 0 0.000166226)
(0.00133008 0 0 0 0.00016626 0 0 0 0.00016626)
(0.00133034 0 0 0 0.000166293 0 0 0 0.000166293)
(0.0013306 0 0 0 0.000166325 0 0 0 0.000166325)
(0.00133084 0 0 0 0.000166355 0 0 0 0.000166355)
(0.00133108 0 0 0 0.000166385 0 0 0 0.000166385)
(0.00133131 0 0 0 0.000166414 0 0 0 0.000166414)
(0.00133153 0 0 0 0.000166441 0 0 0 0.000166441)
(0.00133175 0 0 0 0.000166468 0 0 0 0.000166468)
(0.00133195 0 0 0 0.000166494 0 0 0 0.000166494)
(0.00133215 0 0 0 0.000166519 0 0 0 0.000166519)
(0.00133234 0 0 0 0.000166543 0 0 0 0.000166543)
(0.00133253 0 0 0 0.000166566 0 0 0 0.000166566)
(0.00133271 0 0 0 0.000166588 0 0 0 0.000166588)
(0.00133288 0 0 0 0.00016661 0 0 0 0.00016661)
(0.00133304 0 0 0 0.00016663 0 0 0 0.00016663)
(0.0013332 0 0 0 0.00016665 0 0 0 0.00016665)
(0.00133335 0 0 0 0.000166669 0 0 0 0.000166669)
(0.0013335 0 0 0 0.000166687 0 0 0 0.000166687)
(0.00133364 0 0 0 0.000166705 0 0 0 0.000166705)
(0.00133377 0 0 0 0.000166721 0 0 0 0.000166721)
(0.0013339 0 0 0 0.000166737 0 0 0 0.000166737)
(0.00133402 0 0 0 0.000166753 0 0 0 0.000166753)
(0.00133414 0 0 0 0.000166767 0 0 0 0.000166767)
(0.00133425 0 0 0 0.000166781 0 0 0 0.000166781)
(0.00133436 0 0 0 0.000166794 0 0 0 0.000166794)
(0.00133446 0 0 0 0.000166807 0 0 0 0.000166807)
(0.00133455 0 0 0 0.000166819 0 0 0 0.000166819)
(0.00133464 0 0 0 0.000166831 0 0 0 0.000166831)
(0.00133473 0 0 0 0.000166842 0 0 0 0.000166842)
(0.00133482 0 0 0 0.000166852 0 0 0 0.000166852)
(0.00133489 0 0 0 0.000166862 0 0 0 0.000166862)
(0.00133497 0 0 0 0.000166871 0 0 0 0.000166871)
(0.00133504 0 0 0 0.00016688 0 0 0 0.00016688)
(0.00133511 0 0 0 0.000166889 0 0 0 0.000166889)
(0.00133517 0 0 0 0.000166897 0 0 0 0.000166897)
(0.00133523 0 0 0 0.000166904 0 0 0 0.000166904)
(0.00133529 0 0 0 0.000166911 0 0 0 0.000166911)
(0.00133535 0 0 0 0.000166918 0 0 0 0.000166918)
(0.0013354 0 0 0 0.000166925 0 0 0 0.000166925)
(0.00133545 0 0 0 0.000166931 0 0 0 0.000166931)
(0.0013355 0 0 0 0.000166937 0 0 0 0.000166937)
(0.00133554 0 0 0 0.000166943 0 0 0 0.000166943)
(0.00133558 0 0 0 0.000166948 0 0 0 0.000166948)
(0.00133562 0 0 0 0.000166953 0 0 0 0.000166953)
(0.00133566 0 0 0 0.000166958 0 0 0 0.000166958)
(0.0013357 0 0 0 0.000166963 0 0 0 0.000166963)
(0.00133574 0 0 0 0.000166967 0 0 0 0.000166967)
(0.00133577 0 0 0 0.000166971 0 0 0 0.000166971)
(0.0013358 0 0 0 0.000166975 0 0 0 0.000166975)
(0.00133583 0 0 0 0.000166979 0 0 0 0.000166979)
(0.00133587 0 0 0 0.000166983 0 0 0 0.000166983)
(0.0013359 0 0 0 0.000166987 0 0 0 0.000166987)
(0.00133592 0 0 0 0.000166991 0 0 0 0.000166991)
(0.00133595 0 0 0 0.000166994 0 0 0 0.000166994)
(0.00133598 0 0 0 0.000166998 0 0 0 0.000166998)
(0.00133601 0 0 0 0.000167001 0 0 0 0.000167001)
(0.00133604 0 0 0 0.000167005 0 0 0 0.000167005)
(0.00133607 0 0 0 0.000167009 0 0 0 0.000167009)
(0.0013361 0 0 0 0.000167012 0 0 0 0.000167012)
(0.00133613 0 0 0 0.000167016 0 0 0 0.000167016)
(0.00133616 0 0 0 0.00016702 0 0 0 0.00016702)
(0.00133619 0 0 0 0.000167024 0 0 0 0.000167024)
(0.00133622 0 0 0 0.000167028 0 0 0 0.000167028)
(0.00133625 0 0 0 0.000167032 0 0 0 0.000167032)
(0.00133629 0 0 0 0.000167036 0 0 0 0.000167036)
(0.00133632 0 0 0 0.000167041 0 0 0 0.000167041)
(0.00133636 0 0 0 0.000167045 0 0 0 0.000167045)
(0.0013364 0 0 0 0.00016705 0 0 0 0.00016705)
(0.00133644 0 0 0 0.000167055 0 0 0 0.000167055)
(0.00133649 0 0 0 0.000167061 0 0 0 0.000167061)
(0.00133653 0 0 0 0.000167066 0 0 0 0.000167066)
(0.00133658 0 0 0 0.000167072 0 0 0 0.000167072)
(0.00133663 0 0 0 0.000167079 0 0 0 0.000167079)
(0.00133668 0 0 0 0.000167085 0 0 0 0.000167085)
(0.00133674 0 0 0 0.000167092 0 0 0 0.000167092)
(0.0013368 0 0 0 0.0001671 0 0 0 0.0001671)
(0.00133686 0 0 0 0.000167107 0 0 0 0.000167107)
(0.00133692 0 0 0 0.000167115 0 0 0 0.000167115)
(0.00133699 0 0 0 0.000167124 0 0 0 0.000167124)
(0.00133706 0 0 0 0.000167133 0 0 0 0.000167133)
(0.00133714 0 0 0 0.000167142 0 0 0 0.000167142)
(0.00133722 0 0 0 0.000167152 0 0 0 0.000167152)
(0.0013373 0 0 0 0.000167163 0 0 0 0.000167163)
(0.00133739 0 0 0 0.000167174 0 0 0 0.000167174)
(0.00133748 0 0 0 0.000167186 0 0 0 0.000167186)
(0.00133758 0 0 0 0.000167198 0 0 0 0.000167198)
(0.00133768 0 0 0 0.000167211 0 0 0 0.000167211)
(0.00133779 0 0 0 0.000167224 0 0 0 0.000167224)
(0.0013379 0 0 0 0.000167238 0 0 0 0.000167238)
(0.00133802 0 0 0 0.000167253 0 0 0 0.000167253)
(0.00133815 0 0 0 0.000167268 0 0 0 0.000167268)
(0.00133827 0 0 0 0.000167284 0 0 0 0.000167284)
(0.00133841 0 0 0 0.000167301 0 0 0 0.000167301)
(0.00133855 0 0 0 0.000167319 0 0 0 0.000167319)
(0.0013387 0 0 0 0.000167338 0 0 0 0.000167338)
(0.00133885 0 0 0 0.000167357 0 0 0 0.000167357)
(0.00133902 0 0 0 0.000167377 0 0 0 0.000167377)
(0.00133918 0 0 0 0.000167398 0 0 0 0.000167398)
(0.00133936 0 0 0 0.00016742 0 0 0 0.00016742)
(0.00133954 0 0 0 0.000167443 0 0 0 0.000167443)
(0.00133973 0 0 0 0.000167466 0 0 0 0.000167466)
(0.00133993 0 0 0 0.000167491 0 0 0 0.000167491)
(0.00134013 0 0 0 0.000167517 0 0 0 0.000167517)
(0.00134035 0 0 0 0.000167544 0 0 0 0.000167544)
(0.00134057 0 0 0 0.000167571 0 0 0 0.000167571)
(0.0013408 0 0 0 0.0001676 0 0 0 0.0001676)
(0.00134104 0 0 0 0.00016763 0 0 0 0.00016763)
(0.00134129 0 0 0 0.000167661 0 0 0 0.000167661)
(0.00134154 0 0 0 0.000167693 0 0 0 0.000167693)
(0.00134181 0 0 0 0.000167726 0 0 0 0.000167726)
(0.00134209 0 0 0 0.000167761 0 0 0 0.000167761)
(0.00134237 0 0 0 0.000167796 0 0 0 0.000167796)
(0.00134266 0 0 0 0.000167833 0 0 0 0.000167833)
(0.00134297 0 0 0 0.000167871 0 0 0 0.000167871)
(0.00134328 0 0 0 0.000167911 0 0 0 0.000167911)
(0.00134361 0 0 0 0.000167951 0 0 0 0.000167951)
(0.00134394 0 0 0 0.000167993 0 0 0 0.000167993)
(0.00134429 0 0 0 0.000168036 0 0 0 0.000168036)
(0.00134465 0 0 0 0.000168081 0 0 0 0.000168081)
(0.00134502 0 0 0 0.000168127 0 0 0 0.000168127)
(0.00134539 0 0 0 0.000168174 0 0 0 0.000168174)
(0.00134578 0 0 0 0.000168223 0 0 0 0.000168223)
(0.00134618 0 0 0 0.000168273 0 0 0 0.000168273)
(0.0013466 0 0 0 0.000168325 0 0 0 0.000168325)
(0.00134702 0 0 0 0.000168378 0 0 0 0.000168378)
(0.00134746 0 0 0 0.000168432 0 0 0 0.000168432)
(0.00134791 0 0 0 0.000168488 0 0 0 0.000168488)
(0.00134837 0 0 0 0.000168546 0 0 0 0.000168546)
(0.00134884 0 0 0 0.000168605 0 0 0 0.000168605)
(0.00134932 0 0 0 0.000168665 0 0 0 0.000168665)
(0.00134982 0 0 0 0.000168727 0 0 0 0.000168727)
(0.00135033 0 0 0 0.000168791 0 0 0 0.000168791)
(0.00135085 0 0 0 0.000168856 0 0 0 0.000168856)
(0.00135138 0 0 0 0.000168923 0 0 0 0.000168923)
(0.00135193 0 0 0 0.000168991 0 0 0 0.000168991)
(0.00135249 0 0 0 0.000169061 0 0 0 0.000169061)
(0.00135306 0 0 0 0.000169133 0 0 0 0.000169133)
(0.00135365 0 0 0 0.000169206 0 0 0 0.000169206)
(0.00135425 0 0 0 0.000169281 0 0 0 0.000169281)
(0.00135486 0 0 0 0.000169358 0 0 0 0.000169358)
(0.00135549 0 0 0 0.000169436 0 0 0 0.000169436)
(0.00135612 0 0 0 0.000169516 0 0 0 0.000169516)
(0.00135678 0 0 0 0.000169597 0 0 0 0.000169597)
(0.00135744 0 0 0 0.00016968 0 0 0 0.00016968)
(0.00135812 0 0 0 0.000169765 0 0 0 0.000169765)
(0.00135881 0 0 0 0.000169851 0 0 0 0.000169851)
(0.00135952 0 0 0 0.00016994 0 0 0 0.00016994)
(0.00136024 0 0 0 0.00017003 0 0 0 0.00017003)
(0.00136097 0 0 0 0.000170121 0 0 0 0.000170121)
(0.00136171 0 0 0 0.000170214 0 0 0 0.000170214)
(0.00136247 0 0 0 0.000170309 0 0 0 0.000170309)
(0.00136325 0 0 0 0.000170406 0 0 0 0.000170406)
(0.00136404 0 0 0 0.000170505 0 0 0 0.000170505)
(0.00136484 0 0 0 0.000170605 0 0 0 0.000170605)
(0.00136565 0 0 0 0.000170707 0 0 0 0.000170707)
(0.00136648 0 0 0 0.00017081 0 0 0 0.00017081)
(0.00136733 0 0 0 0.000170916 0 0 0 0.000170916)
(0.00136819 0 0 0 0.000171023 0 0 0 0.000171023)
(0.00136906 0 0 0 0.000171132 0 0 0 0.000171132)
(0.00136994 0 0 0 0.000171243 0 0 0 0.000171243)
(0.00137085 0 0 0 0.000171356 0 0 0 0.000171356)
(0.00137176 0 0 0 0.00017147 0 0 0 0.00017147)
(0.00137269 0 0 0 0.000171587 0 0 0 0.000171587)
(0.00137364 0 0 0 0.000171705 0 0 0 0.000171705)
(0.0013746 0 0 0 0.000171826 0 0 0 0.000171826)
(0.00137558 0 0 0 0.000171948 0 0 0 0.000171948)
(0.00137658 0 0 0 0.000172072 0 0 0 0.000172072)
(0.00137759 0 0 0 0.000172199 0 0 0 0.000172199)
(0.00137862 0 0 0 0.000172327 0 0 0 0.000172327)
(0.00137967 0 0 0 0.000172458 0 0 0 0.000172458)
(0.00138073 0 0 0 0.000172591 0 0 0 0.000172591)
(0.00138182 0 0 0 0.000172727 0 0 0 0.000172727)
(0.00138292 0 0 0 0.000172865 0 0 0 0.000172865)
(0.00138405 0 0 0 0.000173006 0 0 0 0.000173006)
(0.00138519 0 0 0 0.000173149 0 0 0 0.000173149)
(0.00138636 0 0 0 0.000173295 0 0 0 0.000173295)
(0.00138756 0 0 0 0.000173445 0 0 0 0.000173445)
(0.00138878 0 0 0 0.000173598 0 0 0 0.000173598)
(0.00139004 0 0 0 0.000173756 0 0 0 0.000173756)
(0.00139083 0 0 0 0.000173854 0 0 0 0.000173854)
(0.00139123 0 0 0 0.000173904 0 0 0 0.000173904)
(0.00128024 0 0 0 0.000160031 0 0 0 0.000160031)
(0.00128059 0 0 0 0.000160074 0 0 0 0.000160074)
(0.00128129 0 0 0 0.000160161 0 0 0 0.000160161)
(0.00128203 0 0 0 0.000160253 0 0 0 0.000160253)
(0.00128276 0 0 0 0.000160345 0 0 0 0.000160345)
(0.00128349 0 0 0 0.000160436 0 0 0 0.000160436)
(0.00128421 0 0 0 0.000160526 0 0 0 0.000160526)
(0.00128492 0 0 0 0.000160615 0 0 0 0.000160615)
(0.00128563 0 0 0 0.000160703 0 0 0 0.000160703)
(0.00128633 0 0 0 0.000160791 0 0 0 0.000160791)
(0.00128703 0 0 0 0.000160878 0 0 0 0.000160878)
(0.00128772 0 0 0 0.000160965 0 0 0 0.000160965)
(0.00128842 0 0 0 0.000161052 0 0 0 0.000161052)
(0.00128911 0 0 0 0.000161139 0 0 0 0.000161139)
(0.0012898 0 0 0 0.000161225 0 0 0 0.000161225)
(0.00129049 0 0 0 0.000161311 0 0 0 0.000161311)
(0.00129118 0 0 0 0.000161397 0 0 0 0.000161397)
(0.00129187 0 0 0 0.000161483 0 0 0 0.000161483)
(0.00129255 0 0 0 0.000161569 0 0 0 0.000161569)
(0.00129324 0 0 0 0.000161655 0 0 0 0.000161655)
(0.00129393 0 0 0 0.000161741 0 0 0 0.000161741)
(0.00129461 0 0 0 0.000161826 0 0 0 0.000161826)
(0.00129529 0 0 0 0.000161912 0 0 0 0.000161912)
(0.00129598 0 0 0 0.000161997 0 0 0 0.000161997)
(0.00129666 0 0 0 0.000162082 0 0 0 0.000162082)
(0.00129734 0 0 0 0.000162167 0 0 0 0.000162167)
(0.00129801 0 0 0 0.000162252 0 0 0 0.000162252)
(0.00129869 0 0 0 0.000162336 0 0 0 0.000162336)
(0.00129936 0 0 0 0.000162421 0 0 0 0.000162421)
(0.00130004 0 0 0 0.000162505 0 0 0 0.000162505)
(0.0013007 0 0 0 0.000162588 0 0 0 0.000162588)
(0.00130137 0 0 0 0.000162672 0 0 0 0.000162672)
(0.00130204 0 0 0 0.000162755 0 0 0 0.000162755)
(0.0013027 0 0 0 0.000162837 0 0 0 0.000162837)
(0.00130336 0 0 0 0.000162919 0 0 0 0.000162919)
(0.00130401 0 0 0 0.000163001 0 0 0 0.000163001)
(0.00130466 0 0 0 0.000163083 0 0 0 0.000163083)
(0.00130531 0 0 0 0.000163164 0 0 0 0.000163164)
(0.00130595 0 0 0 0.000163244 0 0 0 0.000163244)
(0.00130659 0 0 0 0.000163324 0 0 0 0.000163324)
(0.00130723 0 0 0 0.000163404 0 0 0 0.000163404)
(0.00130786 0 0 0 0.000163483 0 0 0 0.000163483)
(0.00130849 0 0 0 0.000163561 0 0 0 0.000163561)
(0.00130911 0 0 0 0.000163639 0 0 0 0.000163639)
(0.00130973 0 0 0 0.000163716 0 0 0 0.000163716)
(0.00131034 0 0 0 0.000163792 0 0 0 0.000163792)
(0.00131095 0 0 0 0.000163868 0 0 0 0.000163868)
(0.00131155 0 0 0 0.000163943 0 0 0 0.000163943)
(0.00131214 0 0 0 0.000164018 0 0 0 0.000164018)
(0.00131273 0 0 0 0.000164091 0 0 0 0.000164091)
(0.00131332 0 0 0 0.000164164 0 0 0 0.000164164)
(0.00131389 0 0 0 0.000164237 0 0 0 0.000164237)
(0.00131446 0 0 0 0.000164308 0 0 0 0.000164308)
(0.00131503 0 0 0 0.000164379 0 0 0 0.000164379)
(0.00131559 0 0 0 0.000164448 0 0 0 0.000164448)
(0.00131614 0 0 0 0.000164517 0 0 0 0.000164517)
(0.00131668 0 0 0 0.000164585 0 0 0 0.000164585)
(0.00131722 0 0 0 0.000164652 0 0 0 0.000164652)
(0.00131775 0 0 0 0.000164718 0 0 0 0.000164718)
(0.00131827 0 0 0 0.000164784 0 0 0 0.000164784)
(0.00131878 0 0 0 0.000164848 0 0 0 0.000164848)
(0.00131929 0 0 0 0.000164911 0 0 0 0.000164911)
(0.00131979 0 0 0 0.000164974 0 0 0 0.000164974)
(0.00132028 0 0 0 0.000165035 0 0 0 0.000165035)
(0.00132076 0 0 0 0.000165096 0 0 0 0.000165096)
(0.00132124 0 0 0 0.000165155 0 0 0 0.000165155)
(0.00132171 0 0 0 0.000165213 0 0 0 0.000165213)
(0.00132217 0 0 0 0.000165271 0 0 0 0.000165271)
(0.00132262 0 0 0 0.000165327 0 0 0 0.000165327)
(0.00132306 0 0 0 0.000165382 0 0 0 0.000165382)
(0.00132349 0 0 0 0.000165437 0 0 0 0.000165437)
(0.00132392 0 0 0 0.00016549 0 0 0 0.00016549)
(0.00132433 0 0 0 0.000165542 0 0 0 0.000165542)
(0.00132474 0 0 0 0.000165593 0 0 0 0.000165593)
(0.00132514 0 0 0 0.000165643 0 0 0 0.000165643)
(0.00132553 0 0 0 0.000165691 0 0 0 0.000165691)
(0.00132591 0 0 0 0.000165739 0 0 0 0.000165739)
(0.00132628 0 0 0 0.000165786 0 0 0 0.000165786)
(0.00132665 0 0 0 0.000165831 0 0 0 0.000165831)
(0.001327 0 0 0 0.000165876 0 0 0 0.000165876)
(0.00132735 0 0 0 0.000165919 0 0 0 0.000165919)
(0.00132769 0 0 0 0.000165961 0 0 0 0.000165961)
(0.00132802 0 0 0 0.000166002 0 0 0 0.000166002)
(0.00132834 0 0 0 0.000166042 0 0 0 0.000166042)
(0.00132865 0 0 0 0.000166081 0 0 0 0.000166081)
(0.00132895 0 0 0 0.000166119 0 0 0 0.000166119)
(0.00132925 0 0 0 0.000166156 0 0 0 0.000166156)
(0.00132954 0 0 0 0.000166192 0 0 0 0.000166192)
(0.00132981 0 0 0 0.000166227 0 0 0 0.000166227)
(0.00133008 0 0 0 0.000166261 0 0 0 0.000166261)
(0.00133035 0 0 0 0.000166293 0 0 0 0.000166293)
(0.0013306 0 0 0 0.000166325 0 0 0 0.000166325)
(0.00133084 0 0 0 0.000166356 0 0 0 0.000166356)
(0.00133108 0 0 0 0.000166385 0 0 0 0.000166385)
(0.00133131 0 0 0 0.000166414 0 0 0 0.000166414)
(0.00133153 0 0 0 0.000166442 0 0 0 0.000166442)
(0.00133175 0 0 0 0.000166469 0 0 0 0.000166469)
(0.00133195 0 0 0 0.000166494 0 0 0 0.000166494)
(0.00133215 0 0 0 0.000166519 0 0 0 0.000166519)
(0.00133235 0 0 0 0.000166543 0 0 0 0.000166543)
(0.00133253 0 0 0 0.000166566 0 0 0 0.000166566)
(0.00133271 0 0 0 0.000166589 0 0 0 0.000166589)
(0.00133288 0 0 0 0.00016661 0 0 0 0.00016661)
(0.00133305 0 0 0 0.000166631 0 0 0 0.000166631)
(0.0013332 0 0 0 0.00016665 0 0 0 0.00016665)
(0.00133335 0 0 0 0.000166669 0 0 0 0.000166669)
(0.0013335 0 0 0 0.000166688 0 0 0 0.000166688)
(0.00133364 0 0 0 0.000166705 0 0 0 0.000166705)
(0.00133377 0 0 0 0.000166722 0 0 0 0.000166722)
(0.0013339 0 0 0 0.000166738 0 0 0 0.000166738)
(0.00133402 0 0 0 0.000166753 0 0 0 0.000166753)
(0.00133414 0 0 0 0.000166767 0 0 0 0.000166767)
(0.00133425 0 0 0 0.000166781 0 0 0 0.000166781)
(0.00133436 0 0 0 0.000166795 0 0 0 0.000166795)
(0.00133446 0 0 0 0.000166807 0 0 0 0.000166807)
(0.00133455 0 0 0 0.000166819 0 0 0 0.000166819)
(0.00133465 0 0 0 0.000166831 0 0 0 0.000166831)
(0.00133473 0 0 0 0.000166842 0 0 0 0.000166842)
(0.00133482 0 0 0 0.000166852 0 0 0 0.000166852)
(0.0013349 0 0 0 0.000166862 0 0 0 0.000166862)
(0.00133497 0 0 0 0.000166871 0 0 0 0.000166871)
(0.00133504 0 0 0 0.00016688 0 0 0 0.00016688)
(0.00133511 0 0 0 0.000166889 0 0 0 0.000166889)
(0.00133517 0 0 0 0.000166897 0 0 0 0.000166897)
(0.00133523 0 0 0 0.000166904 0 0 0 0.000166904)
(0.00133529 0 0 0 0.000166912 0 0 0 0.000166912)
(0.00133535 0 0 0 0.000166918 0 0 0 0.000166918)
(0.0013354 0 0 0 0.000166925 0 0 0 0.000166925)
(0.00133545 0 0 0 0.000166931 0 0 0 0.000166931)
(0.0013355 0 0 0 0.000166937 0 0 0 0.000166937)
(0.00133554 0 0 0 0.000166943 0 0 0 0.000166943)
(0.00133558 0 0 0 0.000166948 0 0 0 0.000166948)
(0.00133562 0 0 0 0.000166953 0 0 0 0.000166953)
(0.00133566 0 0 0 0.000166958 0 0 0 0.000166958)
(0.0013357 0 0 0 0.000166963 0 0 0 0.000166963)
(0.00133574 0 0 0 0.000166967 0 0 0 0.000166967)
(0.00133577 0 0 0 0.000166971 0 0 0 0.000166971)
(0.0013358 0 0 0 0.000166975 0 0 0 0.000166975)
(0.00133583 0 0 0 0.000166979 0 0 0 0.000166979)
(0.00133587 0 0 0 0.000166983 0 0 0 0.000166983)
(0.0013359 0 0 0 0.000166987 0 0 0 0.000166987)
(0.00133592 0 0 0 0.000166991 0 0 0 0.000166991)
(0.00133595 0 0 0 0.000166994 0 0 0 0.000166994)
(0.00133598 0 0 0 0.000166998 0 0 0 0.000166998)
(0.00133601 0 0 0 0.000167001 0 0 0 0.000167001)
(0.00133604 0 0 0 0.000167005 0 0 0 0.000167005)
(0.00133607 0 0 0 0.000167009 0 0 0 0.000167009)
(0.0013361 0 0 0 0.000167012 0 0 0 0.000167012)
(0.00133613 0 0 0 0.000167016 0 0 0 0.000167016)
(0.00133616 0 0 0 0.00016702 0 0 0 0.00016702)
(0.00133619 0 0 0 0.000167024 0 0 0 0.000167024)
(0.00133622 0 0 0 0.000167028 0 0 0 0.000167028)
(0.00133625 0 0 0 0.000167032 0 0 0 0.000167032)
(0.00133629 0 0 0 0.000167036 0 0 0 0.000167036)
(0.00133632 0 0 0 0.000167041 0 0 0 0.000167041)
(0.00133636 0 0 0 0.000167045 0 0 0 0.000167045)
(0.0013364 0 0 0 0.00016705 0 0 0 0.00016705)
(0.00133644 0 0 0 0.000167055 0 0 0 0.000167055)
(0.00133649 0 0 0 0.000167061 0 0 0 0.000167061)
(0.00133653 0 0 0 0.000167066 0 0 0 0.000167066)
(0.00133658 0 0 0 0.000167072 0 0 0 0.000167072)
(0.00133663 0 0 0 0.000167079 0 0 0 0.000167079)
(0.00133668 0 0 0 0.000167085 0 0 0 0.000167085)
(0.00133674 0 0 0 0.000167092 0 0 0 0.000167092)
(0.0013368 0 0 0 0.0001671 0 0 0 0.0001671)
(0.00133686 0 0 0 0.000167107 0 0 0 0.000167107)
(0.00133692 0 0 0 0.000167116 0 0 0 0.000167116)
(0.00133699 0 0 0 0.000167124 0 0 0 0.000167124)
(0.00133706 0 0 0 0.000167133 0 0 0 0.000167133)
(0.00133714 0 0 0 0.000167143 0 0 0 0.000167143)
(0.00133722 0 0 0 0.000167153 0 0 0 0.000167153)
(0.0013373 0 0 0 0.000167163 0 0 0 0.000167163)
(0.00133739 0 0 0 0.000167174 0 0 0 0.000167174)
(0.00133749 0 0 0 0.000167186 0 0 0 0.000167186)
(0.00133758 0 0 0 0.000167198 0 0 0 0.000167198)
(0.00133769 0 0 0 0.000167211 0 0 0 0.000167211)
(0.00133779 0 0 0 0.000167224 0 0 0 0.000167224)
(0.00133791 0 0 0 0.000167238 0 0 0 0.000167238)
(0.00133802 0 0 0 0.000167253 0 0 0 0.000167253)
(0.00133815 0 0 0 0.000167268 0 0 0 0.000167268)
(0.00133828 0 0 0 0.000167285 0 0 0 0.000167285)
(0.00133841 0 0 0 0.000167302 0 0 0 0.000167302)
(0.00133855 0 0 0 0.000167319 0 0 0 0.000167319)
(0.0013387 0 0 0 0.000167338 0 0 0 0.000167338)
(0.00133886 0 0 0 0.000167357 0 0 0 0.000167357)
(0.00133902 0 0 0 0.000167377 0 0 0 0.000167377)
(0.00133919 0 0 0 0.000167398 0 0 0 0.000167398)
(0.00133936 0 0 0 0.00016742 0 0 0 0.00016742)
(0.00133954 0 0 0 0.000167443 0 0 0 0.000167443)
(0.00133973 0 0 0 0.000167467 0 0 0 0.000167467)
(0.00133993 0 0 0 0.000167492 0 0 0 0.000167492)
(0.00134014 0 0 0 0.000167517 0 0 0 0.000167517)
(0.00134035 0 0 0 0.000167544 0 0 0 0.000167544)
(0.00134057 0 0 0 0.000167572 0 0 0 0.000167572)
(0.0013408 0 0 0 0.000167601 0 0 0 0.000167601)
(0.00134104 0 0 0 0.00016763 0 0 0 0.00016763)
(0.00134129 0 0 0 0.000167661 0 0 0 0.000167661)
(0.00134155 0 0 0 0.000167694 0 0 0 0.000167694)
(0.00134181 0 0 0 0.000167727 0 0 0 0.000167727)
(0.00134209 0 0 0 0.000167761 0 0 0 0.000167761)
(0.00134237 0 0 0 0.000167797 0 0 0 0.000167797)
(0.00134267 0 0 0 0.000167834 0 0 0 0.000167834)
(0.00134297 0 0 0 0.000167872 0 0 0 0.000167872)
(0.00134329 0 0 0 0.000167911 0 0 0 0.000167911)
(0.00134361 0 0 0 0.000167952 0 0 0 0.000167952)
(0.00134395 0 0 0 0.000167994 0 0 0 0.000167994)
(0.0013443 0 0 0 0.000168037 0 0 0 0.000168037)
(0.00134465 0 0 0 0.000168082 0 0 0 0.000168082)
(0.00134502 0 0 0 0.000168128 0 0 0 0.000168128)
(0.0013454 0 0 0 0.000168175 0 0 0 0.000168175)
(0.00134579 0 0 0 0.000168224 0 0 0 0.000168224)
(0.00134619 0 0 0 0.000168274 0 0 0 0.000168274)
(0.0013466 0 0 0 0.000168326 0 0 0 0.000168326)
(0.00134703 0 0 0 0.000168379 0 0 0 0.000168379)
(0.00134747 0 0 0 0.000168433 0 0 0 0.000168433)
(0.00134791 0 0 0 0.000168489 0 0 0 0.000168489)
(0.00134837 0 0 0 0.000168547 0 0 0 0.000168547)
(0.00134885 0 0 0 0.000168606 0 0 0 0.000168606)
(0.00134933 0 0 0 0.000168666 0 0 0 0.000168666)
(0.00134983 0 0 0 0.000168729 0 0 0 0.000168729)
(0.00135034 0 0 0 0.000168792 0 0 0 0.000168792)
(0.00135086 0 0 0 0.000168857 0 0 0 0.000168857)
(0.00135139 0 0 0 0.000168924 0 0 0 0.000168924)
(0.00135194 0 0 0 0.000168993 0 0 0 0.000168993)
(0.0013525 0 0 0 0.000169063 0 0 0 0.000169063)
(0.00135307 0 0 0 0.000169134 0 0 0 0.000169134)
(0.00135366 0 0 0 0.000169208 0 0 0 0.000169208)
(0.00135426 0 0 0 0.000169283 0 0 0 0.000169283)
(0.00135487 0 0 0 0.000169359 0 0 0 0.000169359)
(0.0013555 0 0 0 0.000169437 0 0 0 0.000169437)
(0.00135614 0 0 0 0.000169517 0 0 0 0.000169517)
(0.00135679 0 0 0 0.000169599 0 0 0 0.000169599)
(0.00135745 0 0 0 0.000169682 0 0 0 0.000169682)
(0.00135813 0 0 0 0.000169767 0 0 0 0.000169767)
(0.00135883 0 0 0 0.000169853 0 0 0 0.000169853)
(0.00135953 0 0 0 0.000169941 0 0 0 0.000169941)
(0.00136025 0 0 0 0.000170031 0 0 0 0.000170031)
(0.00136098 0 0 0 0.000170123 0 0 0 0.000170123)
(0.00136173 0 0 0 0.000170216 0 0 0 0.000170216)
(0.00136249 0 0 0 0.000170311 0 0 0 0.000170311)
(0.00136327 0 0 0 0.000170408 0 0 0 0.000170408)
(0.00136405 0 0 0 0.000170507 0 0 0 0.000170507)
(0.00136486 0 0 0 0.000170607 0 0 0 0.000170607)
(0.00136567 0 0 0 0.000170709 0 0 0 0.000170709)
(0.0013665 0 0 0 0.000170813 0 0 0 0.000170813)
(0.00136735 0 0 0 0.000170918 0 0 0 0.000170918)
(0.00136821 0 0 0 0.000171026 0 0 0 0.000171026)
(0.00136908 0 0 0 0.000171135 0 0 0 0.000171135)
(0.00136997 0 0 0 0.000171246 0 0 0 0.000171246)
(0.00137087 0 0 0 0.000171359 0 0 0 0.000171359)
(0.00137179 0 0 0 0.000171474 0 0 0 0.000171474)
(0.00137272 0 0 0 0.00017159 0 0 0 0.00017159)
(0.00137367 0 0 0 0.000171709 0 0 0 0.000171709)
(0.00137463 0 0 0 0.000171829 0 0 0 0.000171829)
(0.00137561 0 0 0 0.000171952 0 0 0 0.000171952)
(0.00137661 0 0 0 0.000172077 0 0 0 0.000172077)
(0.00137763 0 0 0 0.000172203 0 0 0 0.000172203)
(0.00137866 0 0 0 0.000172332 0 0 0 0.000172332)
(0.00137971 0 0 0 0.000172463 0 0 0 0.000172463)
(0.00138077 0 0 0 0.000172597 0 0 0 0.000172597)
(0.00138186 0 0 0 0.000172733 0 0 0 0.000172733)
(0.00138297 0 0 0 0.000172871 0 0 0 0.000172871)
(0.0013841 0 0 0 0.000173012 0 0 0 0.000173012)
(0.00138524 0 0 0 0.000173156 0 0 0 0.000173156)
(0.00138642 0 0 0 0.000173302 0 0 0 0.000173302)
(0.00138761 0 0 0 0.000173451 0 0 0 0.000173451)
(0.00138883 0 0 0 0.000173604 0 0 0 0.000173604)
(0.00139009 0 0 0 0.000173761 0 0 0 0.000173761)
(0.0013909 0 0 0 0.000173863 0 0 0 0.000173863)
(0.00139129 0 0 0 0.000173911 0 0 0 0.000173911)
(0.0012801 0 0 0 0.000160012 0 0 0 0.000160012)
(0.00128043 0 0 0 0.000160053 0 0 0 0.000160053)
(0.0012811 0 0 0 0.000160138 0 0 0 0.000160138)
(0.00128191 0 0 0 0.000160239 0 0 0 0.000160239)
(0.00128269 0 0 0 0.000160336 0 0 0 0.000160336)
(0.00128344 0 0 0 0.00016043 0 0 0 0.00016043)
(0.00128418 0 0 0 0.000160522 0 0 0 0.000160522)
(0.0012849 0 0 0 0.000160613 0 0 0 0.000160613)
(0.00128561 0 0 0 0.000160702 0 0 0 0.000160702)
(0.00128632 0 0 0 0.00016079 0 0 0 0.00016079)
(0.00128702 0 0 0 0.000160878 0 0 0 0.000160878)
(0.00128772 0 0 0 0.000160965 0 0 0 0.000160965)
(0.00128842 0 0 0 0.000161052 0 0 0 0.000161052)
(0.00128911 0 0 0 0.000161139 0 0 0 0.000161139)
(0.00128981 0 0 0 0.000161226 0 0 0 0.000161226)
(0.0012905 0 0 0 0.000161312 0 0 0 0.000161312)
(0.00129119 0 0 0 0.000161398 0 0 0 0.000161398)
(0.00129187 0 0 0 0.000161484 0 0 0 0.000161484)
(0.00129256 0 0 0 0.00016157 0 0 0 0.00016157)
(0.00129325 0 0 0 0.000161656 0 0 0 0.000161656)
(0.00129393 0 0 0 0.000161742 0 0 0 0.000161742)
(0.00129462 0 0 0 0.000161828 0 0 0 0.000161828)
(0.0012953 0 0 0 0.000161913 0 0 0 0.000161913)
(0.00129599 0 0 0 0.000161998 0 0 0 0.000161998)
(0.00129667 0 0 0 0.000162083 0 0 0 0.000162083)
(0.00129735 0 0 0 0.000162168 0 0 0 0.000162168)
(0.00129802 0 0 0 0.000162253 0 0 0 0.000162253)
(0.0012987 0 0 0 0.000162337 0 0 0 0.000162337)
(0.00129937 0 0 0 0.000162422 0 0 0 0.000162422)
(0.00130004 0 0 0 0.000162506 0 0 0 0.000162506)
(0.00130071 0 0 0 0.000162589 0 0 0 0.000162589)
(0.00130138 0 0 0 0.000162673 0 0 0 0.000162673)
(0.00130204 0 0 0 0.000162756 0 0 0 0.000162756)
(0.00130271 0 0 0 0.000162838 0 0 0 0.000162838)
(0.00130336 0 0 0 0.000162921 0 0 0 0.000162921)
(0.00130402 0 0 0 0.000163002 0 0 0 0.000163002)
(0.00130467 0 0 0 0.000163084 0 0 0 0.000163084)
(0.00130532 0 0 0 0.000163165 0 0 0 0.000163165)
(0.00130596 0 0 0 0.000163245 0 0 0 0.000163245)
(0.0013066 0 0 0 0.000163325 0 0 0 0.000163325)
(0.00130724 0 0 0 0.000163405 0 0 0 0.000163405)
(0.00130787 0 0 0 0.000163484 0 0 0 0.000163484)
(0.0013085 0 0 0 0.000163562 0 0 0 0.000163562)
(0.00130912 0 0 0 0.00016364 0 0 0 0.00016364)
(0.00130973 0 0 0 0.000163717 0 0 0 0.000163717)
(0.00131035 0 0 0 0.000163793 0 0 0 0.000163793)
(0.00131095 0 0 0 0.000163869 0 0 0 0.000163869)
(0.00131155 0 0 0 0.000163944 0 0 0 0.000163944)
(0.00131215 0 0 0 0.000164019 0 0 0 0.000164019)
(0.00131274 0 0 0 0.000164092 0 0 0 0.000164092)
(0.00131332 0 0 0 0.000164165 0 0 0 0.000164165)
(0.0013139 0 0 0 0.000164238 0 0 0 0.000164238)
(0.00131447 0 0 0 0.000164309 0 0 0 0.000164309)
(0.00131503 0 0 0 0.000164379 0 0 0 0.000164379)
(0.00131559 0 0 0 0.000164449 0 0 0 0.000164449)
(0.00131614 0 0 0 0.000164518 0 0 0 0.000164518)
(0.00131669 0 0 0 0.000164586 0 0 0 0.000164586)
(0.00131722 0 0 0 0.000164653 0 0 0 0.000164653)
(0.00131775 0 0 0 0.000164719 0 0 0 0.000164719)
(0.00131828 0 0 0 0.000164784 0 0 0 0.000164784)
(0.00131879 0 0 0 0.000164849 0 0 0 0.000164849)
(0.0013193 0 0 0 0.000164912 0 0 0 0.000164912)
(0.0013198 0 0 0 0.000164975 0 0 0 0.000164975)
(0.00132029 0 0 0 0.000165036 0 0 0 0.000165036)
(0.00132077 0 0 0 0.000165096 0 0 0 0.000165096)
(0.00132125 0 0 0 0.000165156 0 0 0 0.000165156)
(0.00132171 0 0 0 0.000165214 0 0 0 0.000165214)
(0.00132217 0 0 0 0.000165271 0 0 0 0.000165271)
(0.00132262 0 0 0 0.000165328 0 0 0 0.000165328)
(0.00132306 0 0 0 0.000165383 0 0 0 0.000165383)
(0.0013235 0 0 0 0.000165437 0 0 0 0.000165437)
(0.00132392 0 0 0 0.00016549 0 0 0 0.00016549)
(0.00132434 0 0 0 0.000165542 0 0 0 0.000165542)
(0.00132475 0 0 0 0.000165593 0 0 0 0.000165593)
(0.00132514 0 0 0 0.000165643 0 0 0 0.000165643)
(0.00132553 0 0 0 0.000165692 0 0 0 0.000165692)
(0.00132592 0 0 0 0.00016574 0 0 0 0.00016574)
(0.00132629 0 0 0 0.000165786 0 0 0 0.000165786)
(0.00132665 0 0 0 0.000165832 0 0 0 0.000165832)
(0.00132701 0 0 0 0.000165876 0 0 0 0.000165876)
(0.00132735 0 0 0 0.000165919 0 0 0 0.000165919)
(0.00132769 0 0 0 0.000165962 0 0 0 0.000165962)
(0.00132802 0 0 0 0.000166003 0 0 0 0.000166003)
(0.00132834 0 0 0 0.000166043 0 0 0 0.000166043)
(0.00132865 0 0 0 0.000166082 0 0 0 0.000166082)
(0.00132896 0 0 0 0.00016612 0 0 0 0.00016612)
(0.00132925 0 0 0 0.000166157 0 0 0 0.000166157)
(0.00132954 0 0 0 0.000166192 0 0 0 0.000166192)
(0.00132982 0 0 0 0.000166227 0 0 0 0.000166227)
(0.00133009 0 0 0 0.000166261 0 0 0 0.000166261)
(0.00133035 0 0 0 0.000166294 0 0 0 0.000166294)
(0.0013306 0 0 0 0.000166325 0 0 0 0.000166325)
(0.00133085 0 0 0 0.000166356 0 0 0 0.000166356)
(0.00133108 0 0 0 0.000166386 0 0 0 0.000166386)
(0.00133131 0 0 0 0.000166414 0 0 0 0.000166414)
(0.00133154 0 0 0 0.000166442 0 0 0 0.000166442)
(0.00133175 0 0 0 0.000166469 0 0 0 0.000166469)
(0.00133196 0 0 0 0.000166495 0 0 0 0.000166495)
(0.00133216 0 0 0 0.00016652 0 0 0 0.00016652)
(0.00133235 0 0 0 0.000166544 0 0 0 0.000166544)
(0.00133253 0 0 0 0.000166567 0 0 0 0.000166567)
(0.00133271 0 0 0 0.000166589 0 0 0 0.000166589)
(0.00133288 0 0 0 0.00016661 0 0 0 0.00016661)
(0.00133305 0 0 0 0.000166631 0 0 0 0.000166631)
(0.0013332 0 0 0 0.000166651 0 0 0 0.000166651)
(0.00133336 0 0 0 0.00016667 0 0 0 0.00016667)
(0.0013335 0 0 0 0.000166688 0 0 0 0.000166688)
(0.00133364 0 0 0 0.000166705 0 0 0 0.000166705)
(0.00133377 0 0 0 0.000166722 0 0 0 0.000166722)
(0.0013339 0 0 0 0.000166738 0 0 0 0.000166738)
(0.00133402 0 0 0 0.000166753 0 0 0 0.000166753)
(0.00133414 0 0 0 0.000166768 0 0 0 0.000166768)
(0.00133425 0 0 0 0.000166781 0 0 0 0.000166781)
(0.00133436 0 0 0 0.000166795 0 0 0 0.000166795)
(0.00133446 0 0 0 0.000166807 0 0 0 0.000166807)
(0.00133455 0 0 0 0.000166819 0 0 0 0.000166819)
(0.00133465 0 0 0 0.000166831 0 0 0 0.000166831)
(0.00133473 0 0 0 0.000166842 0 0 0 0.000166842)
(0.00133482 0 0 0 0.000166852 0 0 0 0.000166852)
(0.0013349 0 0 0 0.000166862 0 0 0 0.000166862)
(0.00133497 0 0 0 0.000166871 0 0 0 0.000166871)
(0.00133504 0 0 0 0.00016688 0 0 0 0.00016688)
(0.00133511 0 0 0 0.000166889 0 0 0 0.000166889)
(0.00133517 0 0 0 0.000166897 0 0 0 0.000166897)
(0.00133523 0 0 0 0.000166904 0 0 0 0.000166904)
(0.00133529 0 0 0 0.000166912 0 0 0 0.000166912)
(0.00133535 0 0 0 0.000166918 0 0 0 0.000166918)
(0.0013354 0 0 0 0.000166925 0 0 0 0.000166925)
(0.00133545 0 0 0 0.000166931 0 0 0 0.000166931)
(0.0013355 0 0 0 0.000166937 0 0 0 0.000166937)
(0.00133554 0 0 0 0.000166943 0 0 0 0.000166943)
(0.00133558 0 0 0 0.000166948 0 0 0 0.000166948)
(0.00133562 0 0 0 0.000166953 0 0 0 0.000166953)
(0.00133566 0 0 0 0.000166958 0 0 0 0.000166958)
(0.0013357 0 0 0 0.000166963 0 0 0 0.000166963)
(0.00133574 0 0 0 0.000166967 0 0 0 0.000166967)
(0.00133577 0 0 0 0.000166971 0 0 0 0.000166971)
(0.0013358 0 0 0 0.000166975 0 0 0 0.000166975)
(0.00133584 0 0 0 0.000166979 0 0 0 0.000166979)
(0.00133587 0 0 0 0.000166983 0 0 0 0.000166983)
(0.0013359 0 0 0 0.000166987 0 0 0 0.000166987)
(0.00133593 0 0 0 0.000166991 0 0 0 0.000166991)
(0.00133595 0 0 0 0.000166994 0 0 0 0.000166994)
(0.00133598 0 0 0 0.000166998 0 0 0 0.000166998)
(0.00133601 0 0 0 0.000167001 0 0 0 0.000167001)
(0.00133604 0 0 0 0.000167005 0 0 0 0.000167005)
(0.00133607 0 0 0 0.000167009 0 0 0 0.000167009)
(0.0013361 0 0 0 0.000167012 0 0 0 0.000167012)
(0.00133613 0 0 0 0.000167016 0 0 0 0.000167016)
(0.00133616 0 0 0 0.00016702 0 0 0 0.00016702)
(0.00133619 0 0 0 0.000167024 0 0 0 0.000167024)
(0.00133622 0 0 0 0.000167028 0 0 0 0.000167028)
(0.00133625 0 0 0 0.000167032 0 0 0 0.000167032)
(0.00133629 0 0 0 0.000167036 0 0 0 0.000167036)
(0.00133633 0 0 0 0.000167041 0 0 0 0.000167041)
(0.00133636 0 0 0 0.000167045 0 0 0 0.000167045)
(0.0013364 0 0 0 0.00016705 0 0 0 0.00016705)
(0.00133644 0 0 0 0.000167055 0 0 0 0.000167055)
(0.00133649 0 0 0 0.000167061 0 0 0 0.000167061)
(0.00133653 0 0 0 0.000167067 0 0 0 0.000167067)
(0.00133658 0 0 0 0.000167073 0 0 0 0.000167073)
(0.00133663 0 0 0 0.000167079 0 0 0 0.000167079)
(0.00133668 0 0 0 0.000167085 0 0 0 0.000167085)
(0.00133674 0 0 0 0.000167092 0 0 0 0.000167092)
(0.0013368 0 0 0 0.0001671 0 0 0 0.0001671)
(0.00133686 0 0 0 0.000167107 0 0 0 0.000167107)
(0.00133692 0 0 0 0.000167116 0 0 0 0.000167116)
(0.00133699 0 0 0 0.000167124 0 0 0 0.000167124)
(0.00133707 0 0 0 0.000167133 0 0 0 0.000167133)
(0.00133714 0 0 0 0.000167143 0 0 0 0.000167143)
(0.00133722 0 0 0 0.000167153 0 0 0 0.000167153)
(0.00133731 0 0 0 0.000167163 0 0 0 0.000167163)
(0.00133739 0 0 0 0.000167174 0 0 0 0.000167174)
(0.00133749 0 0 0 0.000167186 0 0 0 0.000167186)
(0.00133758 0 0 0 0.000167198 0 0 0 0.000167198)
(0.00133769 0 0 0 0.000167211 0 0 0 0.000167211)
(0.00133779 0 0 0 0.000167224 0 0 0 0.000167224)
(0.00133791 0 0 0 0.000167238 0 0 0 0.000167238)
(0.00133803 0 0 0 0.000167253 0 0 0 0.000167253)
(0.00133815 0 0 0 0.000167269 0 0 0 0.000167269)
(0.00133828 0 0 0 0.000167285 0 0 0 0.000167285)
(0.00133841 0 0 0 0.000167302 0 0 0 0.000167302)
(0.00133856 0 0 0 0.000167319 0 0 0 0.000167319)
(0.0013387 0 0 0 0.000167338 0 0 0 0.000167338)
(0.00133886 0 0 0 0.000167357 0 0 0 0.000167357)
(0.00133902 0 0 0 0.000167377 0 0 0 0.000167377)
(0.00133919 0 0 0 0.000167399 0 0 0 0.000167399)
(0.00133936 0 0 0 0.00016742 0 0 0 0.00016742)
(0.00133955 0 0 0 0.000167443 0 0 0 0.000167443)
(0.00133974 0 0 0 0.000167467 0 0 0 0.000167467)
(0.00133993 0 0 0 0.000167492 0 0 0 0.000167492)
(0.00134014 0 0 0 0.000167518 0 0 0 0.000167518)
(0.00134035 0 0 0 0.000167544 0 0 0 0.000167544)
(0.00134058 0 0 0 0.000167572 0 0 0 0.000167572)
(0.00134081 0 0 0 0.000167601 0 0 0 0.000167601)
(0.00134105 0 0 0 0.000167631 0 0 0 0.000167631)
(0.00134129 0 0 0 0.000167662 0 0 0 0.000167662)
(0.00134155 0 0 0 0.000167694 0 0 0 0.000167694)
(0.00134182 0 0 0 0.000167727 0 0 0 0.000167727)
(0.00134209 0 0 0 0.000167762 0 0 0 0.000167762)
(0.00134238 0 0 0 0.000167797 0 0 0 0.000167797)
(0.00134267 0 0 0 0.000167834 0 0 0 0.000167834)
(0.00134298 0 0 0 0.000167872 0 0 0 0.000167872)
(0.00134329 0 0 0 0.000167912 0 0 0 0.000167912)
(0.00134362 0 0 0 0.000167952 0 0 0 0.000167952)
(0.00134395 0 0 0 0.000167994 0 0 0 0.000167994)
(0.0013443 0 0 0 0.000168038 0 0 0 0.000168038)
(0.00134466 0 0 0 0.000168082 0 0 0 0.000168082)
(0.00134503 0 0 0 0.000168128 0 0 0 0.000168128)
(0.0013454 0 0 0 0.000168176 0 0 0 0.000168176)
(0.0013458 0 0 0 0.000168224 0 0 0 0.000168224)
(0.0013462 0 0 0 0.000168275 0 0 0 0.000168275)
(0.00134661 0 0 0 0.000168326 0 0 0 0.000168326)
(0.00134703 0 0 0 0.000168379 0 0 0 0.000168379)
(0.00134747 0 0 0 0.000168434 0 0 0 0.000168434)
(0.00134792 0 0 0 0.00016849 0 0 0 0.00016849)
(0.00134838 0 0 0 0.000168548 0 0 0 0.000168548)
(0.00134885 0 0 0 0.000168607 0 0 0 0.000168607)
(0.00134934 0 0 0 0.000168667 0 0 0 0.000168667)
(0.00134983 0 0 0 0.000168729 0 0 0 0.000168729)
(0.00135034 0 0 0 0.000168793 0 0 0 0.000168793)
(0.00135087 0 0 0 0.000168858 0 0 0 0.000168858)
(0.0013514 0 0 0 0.000168925 0 0 0 0.000168925)
(0.00135195 0 0 0 0.000168994 0 0 0 0.000168994)
(0.00135251 0 0 0 0.000169064 0 0 0 0.000169064)
(0.00135308 0 0 0 0.000169135 0 0 0 0.000169135)
(0.00135367 0 0 0 0.000169209 0 0 0 0.000169209)
(0.00135427 0 0 0 0.000169284 0 0 0 0.000169284)
(0.00135488 0 0 0 0.00016936 0 0 0 0.00016936)
(0.00135551 0 0 0 0.000169438 0 0 0 0.000169438)
(0.00135614 0 0 0 0.000169518 0 0 0 0.000169518)
(0.0013568 0 0 0 0.0001696 0 0 0 0.0001696)
(0.00135746 0 0 0 0.000169683 0 0 0 0.000169683)
(0.00135814 0 0 0 0.000169768 0 0 0 0.000169768)
(0.00135883 0 0 0 0.000169854 0 0 0 0.000169854)
(0.00135954 0 0 0 0.000169943 0 0 0 0.000169943)
(0.00136026 0 0 0 0.000170033 0 0 0 0.000170033)
(0.00136099 0 0 0 0.000170124 0 0 0 0.000170124)
(0.00136174 0 0 0 0.000170218 0 0 0 0.000170218)
(0.0013625 0 0 0 0.000170313 0 0 0 0.000170313)
(0.00136328 0 0 0 0.00017041 0 0 0 0.00017041)
(0.00136407 0 0 0 0.000170508 0 0 0 0.000170508)
(0.00136487 0 0 0 0.000170609 0 0 0 0.000170609)
(0.00136569 0 0 0 0.000170711 0 0 0 0.000170711)
(0.00136652 0 0 0 0.000170815 0 0 0 0.000170815)
(0.00136736 0 0 0 0.00017092 0 0 0 0.00017092)
(0.00136822 0 0 0 0.000171028 0 0 0 0.000171028)
(0.00136909 0 0 0 0.000171137 0 0 0 0.000171137)
(0.00136998 0 0 0 0.000171248 0 0 0 0.000171248)
(0.00137089 0 0 0 0.000171361 0 0 0 0.000171361)
(0.00137181 0 0 0 0.000171476 0 0 0 0.000171476)
(0.00137274 0 0 0 0.000171593 0 0 0 0.000171593)
(0.00137369 0 0 0 0.000171711 0 0 0 0.000171711)
(0.00137465 0 0 0 0.000171832 0 0 0 0.000171832)
(0.00137564 0 0 0 0.000171955 0 0 0 0.000171955)
(0.00137663 0 0 0 0.000172079 0 0 0 0.000172079)
(0.00137765 0 0 0 0.000172206 0 0 0 0.000172206)
(0.00137868 0 0 0 0.000172335 0 0 0 0.000172335)
(0.00137973 0 0 0 0.000172467 0 0 0 0.000172467)
(0.0013808 0 0 0 0.0001726 0 0 0 0.0001726)
(0.00138189 0 0 0 0.000172737 0 0 0 0.000172737)
(0.001383 0 0 0 0.000172875 0 0 0 0.000172875)
(0.00138413 0 0 0 0.000173016 0 0 0 0.000173016)
(0.00138528 0 0 0 0.00017316 0 0 0 0.00017316)
(0.00138645 0 0 0 0.000173306 0 0 0 0.000173306)
(0.00138764 0 0 0 0.000173455 0 0 0 0.000173455)
(0.00138886 0 0 0 0.000173607 0 0 0 0.000173607)
(0.0013901 0 0 0 0.000173762 0 0 0 0.000173762)
(0.00139095 0 0 0 0.000173869 0 0 0 0.000173869)
(0.00139136 0 0 0 0.00017392 0 0 0 0.00017392)
(0.00127999 0 0 0 0.000159999 0 0 0 0.000159999)
(0.00128031 0 0 0 0.000160038 0 0 0 0.000160038)
(0.00128098 0 0 0 0.000160122 0 0 0 0.000160122)
(0.00128183 0 0 0 0.000160229 0 0 0 0.000160229)
(0.00128263 0 0 0 0.000160329 0 0 0 0.000160329)
(0.0012834 0 0 0 0.000160426 0 0 0 0.000160426)
(0.00128415 0 0 0 0.000160519 0 0 0 0.000160519)
(0.00128489 0 0 0 0.000160611 0 0 0 0.000160611)
(0.00128561 0 0 0 0.000160701 0 0 0 0.000160701)
(0.00128632 0 0 0 0.00016079 0 0 0 0.00016079)
(0.00128702 0 0 0 0.000160878 0 0 0 0.000160878)
(0.00128772 0 0 0 0.000160966 0 0 0 0.000160966)
(0.00128842 0 0 0 0.000161053 0 0 0 0.000161053)
(0.00128912 0 0 0 0.00016114 0 0 0 0.00016114)
(0.00128981 0 0 0 0.000161226 0 0 0 0.000161226)
(0.0012905 0 0 0 0.000161313 0 0 0 0.000161313)
(0.00129119 0 0 0 0.000161399 0 0 0 0.000161399)
(0.00129188 0 0 0 0.000161485 0 0 0 0.000161485)
(0.00129257 0 0 0 0.000161571 0 0 0 0.000161571)
(0.00129326 0 0 0 0.000161657 0 0 0 0.000161657)
(0.00129394 0 0 0 0.000161743 0 0 0 0.000161743)
(0.00129463 0 0 0 0.000161828 0 0 0 0.000161828)
(0.00129531 0 0 0 0.000161914 0 0 0 0.000161914)
(0.00129599 0 0 0 0.000161999 0 0 0 0.000161999)
(0.00129667 0 0 0 0.000162084 0 0 0 0.000162084)
(0.00129735 0 0 0 0.000162169 0 0 0 0.000162169)
(0.00129803 0 0 0 0.000162254 0 0 0 0.000162254)
(0.00129871 0 0 0 0.000162338 0 0 0 0.000162338)
(0.00129938 0 0 0 0.000162422 0 0 0 0.000162422)
(0.00130005 0 0 0 0.000162506 0 0 0 0.000162506)
(0.00130072 0 0 0 0.00016259 0 0 0 0.00016259)
(0.00130139 0 0 0 0.000162673 0 0 0 0.000162673)
(0.00130205 0 0 0 0.000162756 0 0 0 0.000162756)
(0.00130271 0 0 0 0.000162839 0 0 0 0.000162839)
(0.00130337 0 0 0 0.000162921 0 0 0 0.000162921)
(0.00130402 0 0 0 0.000163003 0 0 0 0.000163003)
(0.00130468 0 0 0 0.000163085 0 0 0 0.000163085)
(0.00130532 0 0 0 0.000163166 0 0 0 0.000163166)
(0.00130597 0 0 0 0.000163246 0 0 0 0.000163246)
(0.00130661 0 0 0 0.000163326 0 0 0 0.000163326)
(0.00130724 0 0 0 0.000163405 0 0 0 0.000163405)
(0.00130787 0 0 0 0.000163484 0 0 0 0.000163484)
(0.0013085 0 0 0 0.000163563 0 0 0 0.000163563)
(0.00130912 0 0 0 0.00016364 0 0 0 0.00016364)
(0.00130974 0 0 0 0.000163718 0 0 0 0.000163718)
(0.00131035 0 0 0 0.000163794 0 0 0 0.000163794)
(0.00131096 0 0 0 0.00016387 0 0 0 0.00016387)
(0.00131156 0 0 0 0.000163945 0 0 0 0.000163945)
(0.00131215 0 0 0 0.000164019 0 0 0 0.000164019)
(0.00131274 0 0 0 0.000164093 0 0 0 0.000164093)
(0.00131333 0 0 0 0.000164166 0 0 0 0.000164166)
(0.0013139 0 0 0 0.000164238 0 0 0 0.000164238)
(0.00131448 0 0 0 0.000164309 0 0 0 0.000164309)
(0.00131504 0 0 0 0.00016438 0 0 0 0.00016438)
(0.0013156 0 0 0 0.00016445 0 0 0 0.00016445)
(0.00131615 0 0 0 0.000164519 0 0 0 0.000164519)
(0.00131669 0 0 0 0.000164587 0 0 0 0.000164587)
(0.00131723 0 0 0 0.000164654 0 0 0 0.000164654)
(0.00131776 0 0 0 0.00016472 0 0 0 0.00016472)
(0.00131828 0 0 0 0.000164785 0 0 0 0.000164785)
(0.00131879 0 0 0 0.000164849 0 0 0 0.000164849)
(0.0013193 0 0 0 0.000164913 0 0 0 0.000164913)
(0.0013198 0 0 0 0.000164975 0 0 0 0.000164975)
(0.00132029 0 0 0 0.000165036 0 0 0 0.000165036)
(0.00132077 0 0 0 0.000165097 0 0 0 0.000165097)
(0.00132125 0 0 0 0.000165156 0 0 0 0.000165156)
(0.00132172 0 0 0 0.000165215 0 0 0 0.000165215)
(0.00132217 0 0 0 0.000165272 0 0 0 0.000165272)
(0.00132262 0 0 0 0.000165328 0 0 0 0.000165328)
(0.00132307 0 0 0 0.000165383 0 0 0 0.000165383)
(0.0013235 0 0 0 0.000165438 0 0 0 0.000165438)
(0.00132392 0 0 0 0.000165491 0 0 0 0.000165491)
(0.00132434 0 0 0 0.000165543 0 0 0 0.000165543)
(0.00132475 0 0 0 0.000165594 0 0 0 0.000165594)
(0.00132515 0 0 0 0.000165643 0 0 0 0.000165643)
(0.00132554 0 0 0 0.000165692 0 0 0 0.000165692)
(0.00132592 0 0 0 0.00016574 0 0 0 0.00016574)
(0.00132629 0 0 0 0.000165786 0 0 0 0.000165786)
(0.00132666 0 0 0 0.000165832 0 0 0 0.000165832)
(0.00132701 0 0 0 0.000165876 0 0 0 0.000165876)
(0.00132736 0 0 0 0.00016592 0 0 0 0.00016592)
(0.00132769 0 0 0 0.000165962 0 0 0 0.000165962)
(0.00132802 0 0 0 0.000166003 0 0 0 0.000166003)
(0.00132834 0 0 0 0.000166043 0 0 0 0.000166043)
(0.00132866 0 0 0 0.000166082 0 0 0 0.000166082)
(0.00132896 0 0 0 0.00016612 0 0 0 0.00016612)
(0.00132925 0 0 0 0.000166157 0 0 0 0.000166157)
(0.00132954 0 0 0 0.000166193 0 0 0 0.000166193)
(0.00132982 0 0 0 0.000166227 0 0 0 0.000166227)
(0.00133009 0 0 0 0.000166261 0 0 0 0.000166261)
(0.00133035 0 0 0 0.000166294 0 0 0 0.000166294)
(0.0013306 0 0 0 0.000166325 0 0 0 0.000166325)
(0.00133085 0 0 0 0.000166356 0 0 0 0.000166356)
(0.00133109 0 0 0 0.000166386 0 0 0 0.000166386)
(0.00133132 0 0 0 0.000166414 0 0 0 0.000166414)
(0.00133154 0 0 0 0.000166442 0 0 0 0.000166442)
(0.00133175 0 0 0 0.000166469 0 0 0 0.000166469)
(0.00133196 0 0 0 0.000166495 0 0 0 0.000166495)
(0.00133216 0 0 0 0.00016652 0 0 0 0.00016652)
(0.00133235 0 0 0 0.000166544 0 0 0 0.000166544)
(0.00133253 0 0 0 0.000166567 0 0 0 0.000166567)
(0.00133271 0 0 0 0.000166589 0 0 0 0.000166589)
(0.00133288 0 0 0 0.00016661 0 0 0 0.00016661)
(0.00133305 0 0 0 0.000166631 0 0 0 0.000166631)
(0.00133321 0 0 0 0.000166651 0 0 0 0.000166651)
(0.00133336 0 0 0 0.00016667 0 0 0 0.00016667)
(0.0013335 0 0 0 0.000166688 0 0 0 0.000166688)
(0.00133364 0 0 0 0.000166705 0 0 0 0.000166705)
(0.00133377 0 0 0 0.000166722 0 0 0 0.000166722)
(0.0013339 0 0 0 0.000166738 0 0 0 0.000166738)
(0.00133402 0 0 0 0.000166753 0 0 0 0.000166753)
(0.00133414 0 0 0 0.000166768 0 0 0 0.000166768)
(0.00133425 0 0 0 0.000166782 0 0 0 0.000166782)
(0.00133436 0 0 0 0.000166795 0 0 0 0.000166795)
(0.00133446 0 0 0 0.000166807 0 0 0 0.000166807)
(0.00133456 0 0 0 0.000166819 0 0 0 0.000166819)
(0.00133465 0 0 0 0.000166831 0 0 0 0.000166831)
(0.00133473 0 0 0 0.000166842 0 0 0 0.000166842)
(0.00133482 0 0 0 0.000166852 0 0 0 0.000166852)
(0.0013349 0 0 0 0.000166862 0 0 0 0.000166862)
(0.00133497 0 0 0 0.000166871 0 0 0 0.000166871)
(0.00133504 0 0 0 0.00016688 0 0 0 0.00016688)
(0.00133511 0 0 0 0.000166889 0 0 0 0.000166889)
(0.00133517 0 0 0 0.000166897 0 0 0 0.000166897)
(0.00133524 0 0 0 0.000166904 0 0 0 0.000166904)
(0.00133529 0 0 0 0.000166912 0 0 0 0.000166912)
(0.00133535 0 0 0 0.000166919 0 0 0 0.000166919)
(0.0013354 0 0 0 0.000166925 0 0 0 0.000166925)
(0.00133545 0 0 0 0.000166931 0 0 0 0.000166931)
(0.0013355 0 0 0 0.000166937 0 0 0 0.000166937)
(0.00133554 0 0 0 0.000166943 0 0 0 0.000166943)
(0.00133558 0 0 0 0.000166948 0 0 0 0.000166948)
(0.00133562 0 0 0 0.000166953 0 0 0 0.000166953)
(0.00133566 0 0 0 0.000166958 0 0 0 0.000166958)
(0.0013357 0 0 0 0.000166963 0 0 0 0.000166963)
(0.00133574 0 0 0 0.000166967 0 0 0 0.000166967)
(0.00133577 0 0 0 0.000166971 0 0 0 0.000166971)
(0.0013358 0 0 0 0.000166976 0 0 0 0.000166976)
(0.00133584 0 0 0 0.000166979 0 0 0 0.000166979)
(0.00133587 0 0 0 0.000166983 0 0 0 0.000166983)
(0.0013359 0 0 0 0.000166987 0 0 0 0.000166987)
(0.00133593 0 0 0 0.000166991 0 0 0 0.000166991)
(0.00133595 0 0 0 0.000166994 0 0 0 0.000166994)
(0.00133598 0 0 0 0.000166998 0 0 0 0.000166998)
(0.00133601 0 0 0 0.000167001 0 0 0 0.000167001)
(0.00133604 0 0 0 0.000167005 0 0 0 0.000167005)
(0.00133607 0 0 0 0.000167009 0 0 0 0.000167009)
(0.0013361 0 0 0 0.000167012 0 0 0 0.000167012)
(0.00133613 0 0 0 0.000167016 0 0 0 0.000167016)
(0.00133616 0 0 0 0.00016702 0 0 0 0.00016702)
(0.00133619 0 0 0 0.000167024 0 0 0 0.000167024)
(0.00133622 0 0 0 0.000167028 0 0 0 0.000167028)
(0.00133625 0 0 0 0.000167032 0 0 0 0.000167032)
(0.00133629 0 0 0 0.000167036 0 0 0 0.000167036)
(0.00133633 0 0 0 0.000167041 0 0 0 0.000167041)
(0.00133636 0 0 0 0.000167045 0 0 0 0.000167045)
(0.0013364 0 0 0 0.00016705 0 0 0 0.00016705)
(0.00133644 0 0 0 0.000167055 0 0 0 0.000167055)
(0.00133649 0 0 0 0.000167061 0 0 0 0.000167061)
(0.00133653 0 0 0 0.000167067 0 0 0 0.000167067)
(0.00133658 0 0 0 0.000167073 0 0 0 0.000167073)
(0.00133663 0 0 0 0.000167079 0 0 0 0.000167079)
(0.00133668 0 0 0 0.000167085 0 0 0 0.000167085)
(0.00133674 0 0 0 0.000167092 0 0 0 0.000167092)
(0.0013368 0 0 0 0.0001671 0 0 0 0.0001671)
(0.00133686 0 0 0 0.000167108 0 0 0 0.000167108)
(0.00133692 0 0 0 0.000167116 0 0 0 0.000167116)
(0.00133699 0 0 0 0.000167124 0 0 0 0.000167124)
(0.00133707 0 0 0 0.000167133 0 0 0 0.000167133)
(0.00133714 0 0 0 0.000167143 0 0 0 0.000167143)
(0.00133722 0 0 0 0.000167153 0 0 0 0.000167153)
(0.00133731 0 0 0 0.000167163 0 0 0 0.000167163)
(0.00133739 0 0 0 0.000167174 0 0 0 0.000167174)
(0.00133749 0 0 0 0.000167186 0 0 0 0.000167186)
(0.00133758 0 0 0 0.000167198 0 0 0 0.000167198)
(0.00133769 0 0 0 0.000167211 0 0 0 0.000167211)
(0.00133779 0 0 0 0.000167224 0 0 0 0.000167224)
(0.00133791 0 0 0 0.000167239 0 0 0 0.000167239)
(0.00133803 0 0 0 0.000167253 0 0 0 0.000167253)
(0.00133815 0 0 0 0.000167269 0 0 0 0.000167269)
(0.00133828 0 0 0 0.000167285 0 0 0 0.000167285)
(0.00133841 0 0 0 0.000167302 0 0 0 0.000167302)
(0.00133856 0 0 0 0.00016732 0 0 0 0.00016732)
(0.0013387 0 0 0 0.000167338 0 0 0 0.000167338)
(0.00133886 0 0 0 0.000167357 0 0 0 0.000167357)
(0.00133902 0 0 0 0.000167378 0 0 0 0.000167378)
(0.00133919 0 0 0 0.000167399 0 0 0 0.000167399)
(0.00133936 0 0 0 0.000167421 0 0 0 0.000167421)
(0.00133955 0 0 0 0.000167443 0 0 0 0.000167443)
(0.00133974 0 0 0 0.000167467 0 0 0 0.000167467)
(0.00133994 0 0 0 0.000167492 0 0 0 0.000167492)
(0.00134014 0 0 0 0.000167518 0 0 0 0.000167518)
(0.00134036 0 0 0 0.000167544 0 0 0 0.000167544)
(0.00134058 0 0 0 0.000167572 0 0 0 0.000167572)
(0.00134081 0 0 0 0.000167601 0 0 0 0.000167601)
(0.00134105 0 0 0 0.000167631 0 0 0 0.000167631)
(0.0013413 0 0 0 0.000167662 0 0 0 0.000167662)
(0.00134155 0 0 0 0.000167694 0 0 0 0.000167694)
(0.00134182 0 0 0 0.000167727 0 0 0 0.000167727)
(0.00134209 0 0 0 0.000167762 0 0 0 0.000167762)
(0.00134238 0 0 0 0.000167798 0 0 0 0.000167798)
(0.00134268 0 0 0 0.000167835 0 0 0 0.000167835)
(0.00134298 0 0 0 0.000167873 0 0 0 0.000167873)
(0.0013433 0 0 0 0.000167912 0 0 0 0.000167912)
(0.00134362 0 0 0 0.000167953 0 0 0 0.000167953)
(0.00134396 0 0 0 0.000167995 0 0 0 0.000167995)
(0.0013443 0 0 0 0.000168038 0 0 0 0.000168038)
(0.00134466 0 0 0 0.000168083 0 0 0 0.000168083)
(0.00134503 0 0 0 0.000168129 0 0 0 0.000168129)
(0.00134541 0 0 0 0.000168176 0 0 0 0.000168176)
(0.0013458 0 0 0 0.000168225 0 0 0 0.000168225)
(0.0013462 0 0 0 0.000168275 0 0 0 0.000168275)
(0.00134661 0 0 0 0.000168327 0 0 0 0.000168327)
(0.00134704 0 0 0 0.00016838 0 0 0 0.00016838)
(0.00134747 0 0 0 0.000168434 0 0 0 0.000168434)
(0.00134792 0 0 0 0.00016849 0 0 0 0.00016849)
(0.00134838 0 0 0 0.000168548 0 0 0 0.000168548)
(0.00134886 0 0 0 0.000168607 0 0 0 0.000168607)
(0.00134934 0 0 0 0.000168668 0 0 0 0.000168668)
(0.00134984 0 0 0 0.00016873 0 0 0 0.00016873)
(0.00135035 0 0 0 0.000168794 0 0 0 0.000168794)
(0.00135087 0 0 0 0.000168859 0 0 0 0.000168859)
(0.00135141 0 0 0 0.000168926 0 0 0 0.000168926)
(0.00135195 0 0 0 0.000168994 0 0 0 0.000168994)
(0.00135251 0 0 0 0.000169064 0 0 0 0.000169064)
(0.00135309 0 0 0 0.000169136 0 0 0 0.000169136)
(0.00135367 0 0 0 0.000169209 0 0 0 0.000169209)
(0.00135427 0 0 0 0.000169284 0 0 0 0.000169284)
(0.00135489 0 0 0 0.000169361 0 0 0 0.000169361)
(0.00135551 0 0 0 0.000169439 0 0 0 0.000169439)
(0.00135615 0 0 0 0.000169519 0 0 0 0.000169519)
(0.0013568 0 0 0 0.0001696 0 0 0 0.0001696)
(0.00135747 0 0 0 0.000169684 0 0 0 0.000169684)
(0.00135815 0 0 0 0.000169769 0 0 0 0.000169769)
(0.00135884 0 0 0 0.000169855 0 0 0 0.000169855)
(0.00135955 0 0 0 0.000169943 0 0 0 0.000169943)
(0.00136027 0 0 0 0.000170033 0 0 0 0.000170033)
(0.001361 0 0 0 0.000170125 0 0 0 0.000170125)
(0.00136175 0 0 0 0.000170219 0 0 0 0.000170219)
(0.00136251 0 0 0 0.000170314 0 0 0 0.000170314)
(0.00136328 0 0 0 0.000170411 0 0 0 0.000170411)
(0.00136407 0 0 0 0.000170509 0 0 0 0.000170509)
(0.00136488 0 0 0 0.00017061 0 0 0 0.00017061)
(0.00136569 0 0 0 0.000170712 0 0 0 0.000170712)
(0.00136652 0 0 0 0.000170816 0 0 0 0.000170816)
(0.00136737 0 0 0 0.000170921 0 0 0 0.000170921)
(0.00136823 0 0 0 0.000171029 0 0 0 0.000171029)
(0.0013691 0 0 0 0.000171138 0 0 0 0.000171138)
(0.00136999 0 0 0 0.000171249 0 0 0 0.000171249)
(0.0013709 0 0 0 0.000171362 0 0 0 0.000171362)
(0.00137182 0 0 0 0.000171477 0 0 0 0.000171477)
(0.00137275 0 0 0 0.000171594 0 0 0 0.000171594)
(0.0013737 0 0 0 0.000171713 0 0 0 0.000171713)
(0.00137467 0 0 0 0.000171834 0 0 0 0.000171834)
(0.00137565 0 0 0 0.000171956 0 0 0 0.000171956)
(0.00137665 0 0 0 0.000172081 0 0 0 0.000172081)
(0.00137767 0 0 0 0.000172208 0 0 0 0.000172208)
(0.0013787 0 0 0 0.000172338 0 0 0 0.000172338)
(0.00137975 0 0 0 0.000172469 0 0 0 0.000172469)
(0.00138082 0 0 0 0.000172603 0 0 0 0.000172603)
(0.00138191 0 0 0 0.000172739 0 0 0 0.000172739)
(0.00138302 0 0 0 0.000172878 0 0 0 0.000172878)
(0.00138415 0 0 0 0.000173019 0 0 0 0.000173019)
(0.0013853 0 0 0 0.000173162 0 0 0 0.000173162)
(0.00138647 0 0 0 0.000173309 0 0 0 0.000173309)
(0.00138766 0 0 0 0.000173458 0 0 0 0.000173458)
(0.00138887 0 0 0 0.000173609 0 0 0 0.000173609)
(0.00139009 0 0 0 0.000173762 0 0 0 0.000173762)
(0.00139098 0 0 0 0.000173873 0 0 0 0.000173873)
(0.00139142 0 0 0 0.000173928 0 0 0 0.000173928)
(0.0012799 0 0 0 0.000159988 0 0 0 0.000159988)
(0.00128023 0 0 0 0.000160029 0 0 0 0.000160029)
(0.00128091 0 0 0 0.000160114 0 0 0 0.000160114)
(0.00128178 0 0 0 0.000160223 0 0 0 0.000160223)
(0.0012826 0 0 0 0.000160325 0 0 0 0.000160325)
(0.00128338 0 0 0 0.000160423 0 0 0 0.000160423)
(0.00128414 0 0 0 0.000160518 0 0 0 0.000160518)
(0.00128488 0 0 0 0.00016061 0 0 0 0.00016061)
(0.0012856 0 0 0 0.0001607 0 0 0 0.0001607)
(0.00128632 0 0 0 0.000160789 0 0 0 0.000160789)
(0.00128702 0 0 0 0.000160878 0 0 0 0.000160878)
(0.00128772 0 0 0 0.000160966 0 0 0 0.000160966)
(0.00128842 0 0 0 0.000161053 0 0 0 0.000161053)
(0.00128912 0 0 0 0.00016114 0 0 0 0.00016114)
(0.00128981 0 0 0 0.000161227 0 0 0 0.000161227)
(0.0012905 0 0 0 0.000161313 0 0 0 0.000161313)
(0.00129119 0 0 0 0.000161399 0 0 0 0.000161399)
(0.00129188 0 0 0 0.000161486 0 0 0 0.000161486)
(0.00129257 0 0 0 0.000161572 0 0 0 0.000161572)
(0.00129326 0 0 0 0.000161657 0 0 0 0.000161657)
(0.00129394 0 0 0 0.000161743 0 0 0 0.000161743)
(0.00129463 0 0 0 0.000161829 0 0 0 0.000161829)
(0.00129531 0 0 0 0.000161914 0 0 0 0.000161914)
(0.001296 0 0 0 0.000162 0 0 0 0.000162)
(0.00129668 0 0 0 0.000162085 0 0 0 0.000162085)
(0.00129736 0 0 0 0.00016217 0 0 0 0.00016217)
(0.00129803 0 0 0 0.000162254 0 0 0 0.000162254)
(0.00129871 0 0 0 0.000162339 0 0 0 0.000162339)
(0.00129938 0 0 0 0.000162423 0 0 0 0.000162423)
(0.00130005 0 0 0 0.000162507 0 0 0 0.000162507)
(0.00130072 0 0 0 0.000162591 0 0 0 0.000162591)
(0.00130139 0 0 0 0.000162674 0 0 0 0.000162674)
(0.00130205 0 0 0 0.000162757 0 0 0 0.000162757)
(0.00130272 0 0 0 0.00016284 0 0 0 0.00016284)
(0.00130337 0 0 0 0.000162922 0 0 0 0.000162922)
(0.00130403 0 0 0 0.000163004 0 0 0 0.000163004)
(0.00130468 0 0 0 0.000163085 0 0 0 0.000163085)
(0.00130533 0 0 0 0.000163166 0 0 0 0.000163166)
(0.00130597 0 0 0 0.000163246 0 0 0 0.000163246)
(0.00130661 0 0 0 0.000163326 0 0 0 0.000163326)
(0.00130725 0 0 0 0.000163406 0 0 0 0.000163406)
(0.00130788 0 0 0 0.000163485 0 0 0 0.000163485)
(0.0013085 0 0 0 0.000163563 0 0 0 0.000163563)
(0.00130913 0 0 0 0.000163641 0 0 0 0.000163641)
(0.00130974 0 0 0 0.000163718 0 0 0 0.000163718)
(0.00131035 0 0 0 0.000163794 0 0 0 0.000163794)
(0.00131096 0 0 0 0.00016387 0 0 0 0.00016387)
(0.00131156 0 0 0 0.000163945 0 0 0 0.000163945)
(0.00131216 0 0 0 0.00016402 0 0 0 0.00016402)
(0.00131275 0 0 0 0.000164093 0 0 0 0.000164093)
(0.00131333 0 0 0 0.000164166 0 0 0 0.000164166)
(0.00131391 0 0 0 0.000164238 0 0 0 0.000164238)
(0.00131448 0 0 0 0.00016431 0 0 0 0.00016431)
(0.00131504 0 0 0 0.00016438 0 0 0 0.00016438)
(0.0013156 0 0 0 0.00016445 0 0 0 0.00016445)
(0.00131615 0 0 0 0.000164519 0 0 0 0.000164519)
(0.00131669 0 0 0 0.000164587 0 0 0 0.000164587)
(0.00131723 0 0 0 0.000164654 0 0 0 0.000164654)
(0.00131776 0 0 0 0.00016472 0 0 0 0.00016472)
(0.00131828 0 0 0 0.000164785 0 0 0 0.000164785)
(0.0013188 0 0 0 0.00016485 0 0 0 0.00016485)
(0.0013193 0 0 0 0.000164913 0 0 0 0.000164913)
(0.0013198 0 0 0 0.000164975 0 0 0 0.000164975)
(0.00132029 0 0 0 0.000165037 0 0 0 0.000165037)
(0.00132078 0 0 0 0.000165097 0 0 0 0.000165097)
(0.00132125 0 0 0 0.000165156 0 0 0 0.000165156)
(0.00132172 0 0 0 0.000165215 0 0 0 0.000165215)
(0.00132218 0 0 0 0.000165272 0 0 0 0.000165272)
(0.00132263 0 0 0 0.000165328 0 0 0 0.000165328)
(0.00132307 0 0 0 0.000165384 0 0 0 0.000165384)
(0.0013235 0 0 0 0.000165438 0 0 0 0.000165438)
(0.00132393 0 0 0 0.000165491 0 0 0 0.000165491)
(0.00132434 0 0 0 0.000165543 0 0 0 0.000165543)
(0.00132475 0 0 0 0.000165594 0 0 0 0.000165594)
(0.00132515 0 0 0 0.000165644 0 0 0 0.000165644)
(0.00132554 0 0 0 0.000165692 0 0 0 0.000165692)
(0.00132592 0 0 0 0.00016574 0 0 0 0.00016574)
(0.00132629 0 0 0 0.000165787 0 0 0 0.000165787)
(0.00132666 0 0 0 0.000165832 0 0 0 0.000165832)
(0.00132701 0 0 0 0.000165877 0 0 0 0.000165877)
(0.00132736 0 0 0 0.00016592 0 0 0 0.00016592)
(0.0013277 0 0 0 0.000165962 0 0 0 0.000165962)
(0.00132803 0 0 0 0.000166003 0 0 0 0.000166003)
(0.00132835 0 0 0 0.000166043 0 0 0 0.000166043)
(0.00132866 0 0 0 0.000166082 0 0 0 0.000166082)
(0.00132896 0 0 0 0.00016612 0 0 0 0.00016612)
(0.00132926 0 0 0 0.000166157 0 0 0 0.000166157)
(0.00132954 0 0 0 0.000166193 0 0 0 0.000166193)
(0.00132982 0 0 0 0.000166228 0 0 0 0.000166228)
(0.00133009 0 0 0 0.000166261 0 0 0 0.000166261)
(0.00133035 0 0 0 0.000166294 0 0 0 0.000166294)
(0.0013306 0 0 0 0.000166326 0 0 0 0.000166326)
(0.00133085 0 0 0 0.000166356 0 0 0 0.000166356)
(0.00133109 0 0 0 0.000166386 0 0 0 0.000166386)
(0.00133132 0 0 0 0.000166415 0 0 0 0.000166415)
(0.00133154 0 0 0 0.000166442 0 0 0 0.000166442)
(0.00133175 0 0 0 0.000166469 0 0 0 0.000166469)
(0.00133196 0 0 0 0.000166495 0 0 0 0.000166495)
(0.00133216 0 0 0 0.00016652 0 0 0 0.00016652)
(0.00133235 0 0 0 0.000166544 0 0 0 0.000166544)
(0.00133254 0 0 0 0.000166567 0 0 0 0.000166567)
(0.00133271 0 0 0 0.000166589 0 0 0 0.000166589)
(0.00133288 0 0 0 0.000166611 0 0 0 0.000166611)
(0.00133305 0 0 0 0.000166631 0 0 0 0.000166631)
(0.00133321 0 0 0 0.000166651 0 0 0 0.000166651)
(0.00133336 0 0 0 0.00016667 0 0 0 0.00016667)
(0.0013335 0 0 0 0.000166688 0 0 0 0.000166688)
(0.00133364 0 0 0 0.000166705 0 0 0 0.000166705)
(0.00133378 0 0 0 0.000166722 0 0 0 0.000166722)
(0.0013339 0 0 0 0.000166738 0 0 0 0.000166738)
(0.00133402 0 0 0 0.000166753 0 0 0 0.000166753)
(0.00133414 0 0 0 0.000166768 0 0 0 0.000166768)
(0.00133425 0 0 0 0.000166782 0 0 0 0.000166782)
(0.00133436 0 0 0 0.000166795 0 0 0 0.000166795)
(0.00133446 0 0 0 0.000166807 0 0 0 0.000166807)
(0.00133456 0 0 0 0.00016682 0 0 0 0.00016682)
(0.00133465 0 0 0 0.000166831 0 0 0 0.000166831)
(0.00133473 0 0 0 0.000166842 0 0 0 0.000166842)
(0.00133482 0 0 0 0.000166852 0 0 0 0.000166852)
(0.0013349 0 0 0 0.000166862 0 0 0 0.000166862)
(0.00133497 0 0 0 0.000166872 0 0 0 0.000166872)
(0.00133504 0 0 0 0.00016688 0 0 0 0.00016688)
(0.00133511 0 0 0 0.000166889 0 0 0 0.000166889)
(0.00133517 0 0 0 0.000166897 0 0 0 0.000166897)
(0.00133524 0 0 0 0.000166904 0 0 0 0.000166904)
(0.00133529 0 0 0 0.000166912 0 0 0 0.000166912)
(0.00133535 0 0 0 0.000166919 0 0 0 0.000166919)
(0.0013354 0 0 0 0.000166925 0 0 0 0.000166925)
(0.00133545 0 0 0 0.000166931 0 0 0 0.000166931)
(0.0013355 0 0 0 0.000166937 0 0 0 0.000166937)
(0.00133554 0 0 0 0.000166943 0 0 0 0.000166943)
(0.00133558 0 0 0 0.000166948 0 0 0 0.000166948)
(0.00133562 0 0 0 0.000166953 0 0 0 0.000166953)
(0.00133566 0 0 0 0.000166958 0 0 0 0.000166958)
(0.0013357 0 0 0 0.000166963 0 0 0 0.000166963)
(0.00133574 0 0 0 0.000166967 0 0 0 0.000166967)
(0.00133577 0 0 0 0.000166971 0 0 0 0.000166971)
(0.0013358 0 0 0 0.000166976 0 0 0 0.000166976)
(0.00133584 0 0 0 0.00016698 0 0 0 0.00016698)
(0.00133587 0 0 0 0.000166983 0 0 0 0.000166983)
(0.0013359 0 0 0 0.000166987 0 0 0 0.000166987)
(0.00133593 0 0 0 0.000166991 0 0 0 0.000166991)
(0.00133595 0 0 0 0.000166994 0 0 0 0.000166994)
(0.00133598 0 0 0 0.000166998 0 0 0 0.000166998)
(0.00133601 0 0 0 0.000167001 0 0 0 0.000167001)
(0.00133604 0 0 0 0.000167005 0 0 0 0.000167005)
(0.00133607 0 0 0 0.000167009 0 0 0 0.000167009)
(0.0013361 0 0 0 0.000167012 0 0 0 0.000167012)
(0.00133613 0 0 0 0.000167016 0 0 0 0.000167016)
(0.00133616 0 0 0 0.00016702 0 0 0 0.00016702)
(0.00133619 0 0 0 0.000167024 0 0 0 0.000167024)
(0.00133622 0 0 0 0.000167028 0 0 0 0.000167028)
(0.00133625 0 0 0 0.000167032 0 0 0 0.000167032)
(0.00133629 0 0 0 0.000167036 0 0 0 0.000167036)
(0.00133633 0 0 0 0.000167041 0 0 0 0.000167041)
(0.00133636 0 0 0 0.000167045 0 0 0 0.000167045)
(0.0013364 0 0 0 0.00016705 0 0 0 0.00016705)
(0.00133644 0 0 0 0.000167056 0 0 0 0.000167056)
(0.00133649 0 0 0 0.000167061 0 0 0 0.000167061)
(0.00133653 0 0 0 0.000167067 0 0 0 0.000167067)
(0.00133658 0 0 0 0.000167073 0 0 0 0.000167073)
(0.00133663 0 0 0 0.000167079 0 0 0 0.000167079)
(0.00133668 0 0 0 0.000167085 0 0 0 0.000167085)
(0.00133674 0 0 0 0.000167092 0 0 0 0.000167092)
(0.0013368 0 0 0 0.0001671 0 0 0 0.0001671)
(0.00133686 0 0 0 0.000167108 0 0 0 0.000167108)
(0.00133692 0 0 0 0.000167116 0 0 0 0.000167116)
(0.00133699 0 0 0 0.000167124 0 0 0 0.000167124)
(0.00133707 0 0 0 0.000167133 0 0 0 0.000167133)
(0.00133714 0 0 0 0.000167143 0 0 0 0.000167143)
(0.00133722 0 0 0 0.000167153 0 0 0 0.000167153)
(0.00133731 0 0 0 0.000167163 0 0 0 0.000167163)
(0.00133739 0 0 0 0.000167174 0 0 0 0.000167174)
(0.00133749 0 0 0 0.000167186 0 0 0 0.000167186)
(0.00133759 0 0 0 0.000167198 0 0 0 0.000167198)
(0.00133769 0 0 0 0.000167211 0 0 0 0.000167211)
(0.0013378 0 0 0 0.000167224 0 0 0 0.000167224)
(0.00133791 0 0 0 0.000167239 0 0 0 0.000167239)
(0.00133803 0 0 0 0.000167253 0 0 0 0.000167253)
(0.00133815 0 0 0 0.000167269 0 0 0 0.000167269)
(0.00133828 0 0 0 0.000167285 0 0 0 0.000167285)
(0.00133842 0 0 0 0.000167302 0 0 0 0.000167302)
(0.00133856 0 0 0 0.00016732 0 0 0 0.00016732)
(0.00133871 0 0 0 0.000167338 0 0 0 0.000167338)
(0.00133886 0 0 0 0.000167358 0 0 0 0.000167358)
(0.00133902 0 0 0 0.000167378 0 0 0 0.000167378)
(0.00133919 0 0 0 0.000167399 0 0 0 0.000167399)
(0.00133937 0 0 0 0.000167421 0 0 0 0.000167421)
(0.00133955 0 0 0 0.000167444 0 0 0 0.000167444)
(0.00133974 0 0 0 0.000167467 0 0 0 0.000167467)
(0.00133994 0 0 0 0.000167492 0 0 0 0.000167492)
(0.00134014 0 0 0 0.000167518 0 0 0 0.000167518)
(0.00134036 0 0 0 0.000167545 0 0 0 0.000167545)
(0.00134058 0 0 0 0.000167572 0 0 0 0.000167572)
(0.00134081 0 0 0 0.000167601 0 0 0 0.000167601)
(0.00134105 0 0 0 0.000167631 0 0 0 0.000167631)
(0.0013413 0 0 0 0.000167662 0 0 0 0.000167662)
(0.00134155 0 0 0 0.000167694 0 0 0 0.000167694)
(0.00134182 0 0 0 0.000167728 0 0 0 0.000167728)
(0.0013421 0 0 0 0.000167762 0 0 0 0.000167762)
(0.00134238 0 0 0 0.000167798 0 0 0 0.000167798)
(0.00134268 0 0 0 0.000167835 0 0 0 0.000167835)
(0.00134298 0 0 0 0.000167873 0 0 0 0.000167873)
(0.0013433 0 0 0 0.000167912 0 0 0 0.000167912)
(0.00134362 0 0 0 0.000167953 0 0 0 0.000167953)
(0.00134396 0 0 0 0.000167995 0 0 0 0.000167995)
(0.00134431 0 0 0 0.000168038 0 0 0 0.000168038)
(0.00134466 0 0 0 0.000168083 0 0 0 0.000168083)
(0.00134503 0 0 0 0.000168129 0 0 0 0.000168129)
(0.00134541 0 0 0 0.000168176 0 0 0 0.000168176)
(0.0013458 0 0 0 0.000168225 0 0 0 0.000168225)
(0.0013462 0 0 0 0.000168275 0 0 0 0.000168275)
(0.00134662 0 0 0 0.000168327 0 0 0 0.000168327)
(0.00134704 0 0 0 0.00016838 0 0 0 0.00016838)
(0.00134748 0 0 0 0.000168435 0 0 0 0.000168435)
(0.00134793 0 0 0 0.000168491 0 0 0 0.000168491)
(0.00134839 0 0 0 0.000168548 0 0 0 0.000168548)
(0.00134886 0 0 0 0.000168607 0 0 0 0.000168607)
(0.00134934 0 0 0 0.000168668 0 0 0 0.000168668)
(0.00134984 0 0 0 0.00016873 0 0 0 0.00016873)
(0.00135035 0 0 0 0.000168794 0 0 0 0.000168794)
(0.00135087 0 0 0 0.000168859 0 0 0 0.000168859)
(0.00135141 0 0 0 0.000168926 0 0 0 0.000168926)
(0.00135196 0 0 0 0.000168995 0 0 0 0.000168995)
(0.00135252 0 0 0 0.000169065 0 0 0 0.000169065)
(0.00135309 0 0 0 0.000169136 0 0 0 0.000169136)
(0.00135368 0 0 0 0.00016921 0 0 0 0.00016921)
(0.00135428 0 0 0 0.000169285 0 0 0 0.000169285)
(0.00135489 0 0 0 0.000169361 0 0 0 0.000169361)
(0.00135551 0 0 0 0.000169439 0 0 0 0.000169439)
(0.00135615 0 0 0 0.000169519 0 0 0 0.000169519)
(0.00135681 0 0 0 0.000169601 0 0 0 0.000169601)
(0.00135747 0 0 0 0.000169684 0 0 0 0.000169684)
(0.00135815 0 0 0 0.000169769 0 0 0 0.000169769)
(0.00135884 0 0 0 0.000169856 0 0 0 0.000169856)
(0.00135955 0 0 0 0.000169944 0 0 0 0.000169944)
(0.00136027 0 0 0 0.000170034 0 0 0 0.000170034)
(0.00136101 0 0 0 0.000170126 0 0 0 0.000170126)
(0.00136175 0 0 0 0.000170219 0 0 0 0.000170219)
(0.00136251 0 0 0 0.000170314 0 0 0 0.000170314)
(0.00136329 0 0 0 0.000170411 0 0 0 0.000170411)
(0.00136408 0 0 0 0.00017051 0 0 0 0.00017051)
(0.00136488 0 0 0 0.00017061 0 0 0 0.00017061)
(0.0013657 0 0 0 0.000170712 0 0 0 0.000170712)
(0.00136653 0 0 0 0.000170816 0 0 0 0.000170816)
(0.00136738 0 0 0 0.000170922 0 0 0 0.000170922)
(0.00136824 0 0 0 0.00017103 0 0 0 0.00017103)
(0.00136911 0 0 0 0.000171139 0 0 0 0.000171139)
(0.00137 0 0 0 0.00017125 0 0 0 0.00017125)
(0.0013709 0 0 0 0.000171363 0 0 0 0.000171363)
(0.00137182 0 0 0 0.000171478 0 0 0 0.000171478)
(0.00137276 0 0 0 0.000171595 0 0 0 0.000171595)
(0.00137371 0 0 0 0.000171714 0 0 0 0.000171714)
(0.00137468 0 0 0 0.000171835 0 0 0 0.000171835)
(0.00137566 0 0 0 0.000171957 0 0 0 0.000171957)
(0.00137666 0 0 0 0.000172082 0 0 0 0.000172082)
(0.00137768 0 0 0 0.00017221 0 0 0 0.00017221)
(0.00137871 0 0 0 0.000172339 0 0 0 0.000172339)
(0.00137976 0 0 0 0.00017247 0 0 0 0.00017247)
(0.00138083 0 0 0 0.000172604 0 0 0 0.000172604)
(0.00138192 0 0 0 0.00017274 0 0 0 0.00017274)
(0.00138303 0 0 0 0.000172879 0 0 0 0.000172879)
(0.00138416 0 0 0 0.00017302 0 0 0 0.00017302)
(0.00138531 0 0 0 0.000173164 0 0 0 0.000173164)
(0.00138648 0 0 0 0.00017331 0 0 0 0.00017331)
(0.00138767 0 0 0 0.000173459 0 0 0 0.000173459)
(0.00138888 0 0 0 0.00017361 0 0 0 0.00017361)
(0.0013901 0 0 0 0.000173763 0 0 0 0.000173763)
(0.00139098 0 0 0 0.000173873 0 0 0 0.000173873)
(0.00139146 0 0 0 0.000173933 0 0 0 0.000173933)
(0.00127984 0 0 0 0.00015998 0 0 0 0.00015998)
(0.0012802 0 0 0 0.000160025 0 0 0 0.000160025)
(0.00128086 0 0 0 0.000160108 0 0 0 0.000160108)
(0.00128175 0 0 0 0.000160219 0 0 0 0.000160219)
(0.00128258 0 0 0 0.000160323 0 0 0 0.000160323)
(0.00128337 0 0 0 0.000160421 0 0 0 0.000160421)
(0.00128413 0 0 0 0.000160517 0 0 0 0.000160517)
(0.00128487 0 0 0 0.000160609 0 0 0 0.000160609)
(0.0012856 0 0 0 0.0001607 0 0 0 0.0001607)
(0.00128631 0 0 0 0.000160789 0 0 0 0.000160789)
(0.00128702 0 0 0 0.000160878 0 0 0 0.000160878)
(0.00128772 0 0 0 0.000160966 0 0 0 0.000160966)
(0.00128842 0 0 0 0.000161053 0 0 0 0.000161053)
(0.00128912 0 0 0 0.00016114 0 0 0 0.00016114)
(0.00128981 0 0 0 0.000161227 0 0 0 0.000161227)
(0.00129051 0 0 0 0.000161313 0 0 0 0.000161313)
(0.0012912 0 0 0 0.0001614 0 0 0 0.0001614)
(0.00129189 0 0 0 0.000161486 0 0 0 0.000161486)
(0.00129257 0 0 0 0.000161572 0 0 0 0.000161572)
(0.00129326 0 0 0 0.000161658 0 0 0 0.000161658)
(0.00129395 0 0 0 0.000161743 0 0 0 0.000161743)
(0.00129463 0 0 0 0.000161829 0 0 0 0.000161829)
(0.00129532 0 0 0 0.000161915 0 0 0 0.000161915)
(0.001296 0 0 0 0.000162 0 0 0 0.000162)
(0.00129668 0 0 0 0.000162085 0 0 0 0.000162085)
(0.00129736 0 0 0 0.00016217 0 0 0 0.00016217)
(0.00129804 0 0 0 0.000162255 0 0 0 0.000162255)
(0.00129871 0 0 0 0.000162339 0 0 0 0.000162339)
(0.00129939 0 0 0 0.000162423 0 0 0 0.000162423)
(0.00130006 0 0 0 0.000162507 0 0 0 0.000162507)
(0.00130073 0 0 0 0.000162591 0 0 0 0.000162591)
(0.00130139 0 0 0 0.000162674 0 0 0 0.000162674)
(0.00130206 0 0 0 0.000162757 0 0 0 0.000162757)
(0.00130272 0 0 0 0.00016284 0 0 0 0.00016284)
(0.00130338 0 0 0 0.000162922 0 0 0 0.000162922)
(0.00130403 0 0 0 0.000163004 0 0 0 0.000163004)
(0.00130468 0 0 0 0.000163085 0 0 0 0.000163085)
(0.00130533 0 0 0 0.000163166 0 0 0 0.000163166)
(0.00130597 0 0 0 0.000163247 0 0 0 0.000163247)
(0.00130661 0 0 0 0.000163327 0 0 0 0.000163327)
(0.00130725 0 0 0 0.000163406 0 0 0 0.000163406)
(0.00130788 0 0 0 0.000163485 0 0 0 0.000163485)
(0.00130851 0 0 0 0.000163563 0 0 0 0.000163563)
(0.00130913 0 0 0 0.000163641 0 0 0 0.000163641)
(0.00130975 0 0 0 0.000163718 0 0 0 0.000163718)
(0.00131036 0 0 0 0.000163795 0 0 0 0.000163795)
(0.00131096 0 0 0 0.00016387 0 0 0 0.00016387)
(0.00131156 0 0 0 0.000163946 0 0 0 0.000163946)
(0.00131216 0 0 0 0.00016402 0 0 0 0.00016402)
(0.00131275 0 0 0 0.000164094 0 0 0 0.000164094)
(0.00131333 0 0 0 0.000164167 0 0 0 0.000164167)
(0.00131391 0 0 0 0.000164239 0 0 0 0.000164239)
(0.00131448 0 0 0 0.00016431 0 0 0 0.00016431)
(0.00131504 0 0 0 0.000164381 0 0 0 0.000164381)
(0.0013156 0 0 0 0.00016445 0 0 0 0.00016445)
(0.00131615 0 0 0 0.000164519 0 0 0 0.000164519)
(0.0013167 0 0 0 0.000164587 0 0 0 0.000164587)
(0.00131723 0 0 0 0.000164654 0 0 0 0.000164654)
(0.00131776 0 0 0 0.00016472 0 0 0 0.00016472)
(0.00131828 0 0 0 0.000164786 0 0 0 0.000164786)
(0.0013188 0 0 0 0.00016485 0 0 0 0.00016485)
(0.0013193 0 0 0 0.000164913 0 0 0 0.000164913)
(0.0013198 0 0 0 0.000164976 0 0 0 0.000164976)
(0.00132029 0 0 0 0.000165037 0 0 0 0.000165037)
(0.00132078 0 0 0 0.000165097 0 0 0 0.000165097)
(0.00132125 0 0 0 0.000165157 0 0 0 0.000165157)
(0.00132172 0 0 0 0.000165215 0 0 0 0.000165215)
(0.00132218 0 0 0 0.000165272 0 0 0 0.000165272)
(0.00132263 0 0 0 0.000165329 0 0 0 0.000165329)
(0.00132307 0 0 0 0.000165384 0 0 0 0.000165384)
(0.0013235 0 0 0 0.000165438 0 0 0 0.000165438)
(0.00132393 0 0 0 0.000165491 0 0 0 0.000165491)
(0.00132434 0 0 0 0.000165543 0 0 0 0.000165543)
(0.00132475 0 0 0 0.000165594 0 0 0 0.000165594)
(0.00132515 0 0 0 0.000165644 0 0 0 0.000165644)
(0.00132554 0 0 0 0.000165693 0 0 0 0.000165693)
(0.00132592 0 0 0 0.00016574 0 0 0 0.00016574)
(0.00132629 0 0 0 0.000165787 0 0 0 0.000165787)
(0.00132666 0 0 0 0.000165832 0 0 0 0.000165832)
(0.00132701 0 0 0 0.000165877 0 0 0 0.000165877)
(0.00132736 0 0 0 0.00016592 0 0 0 0.00016592)
(0.0013277 0 0 0 0.000165962 0 0 0 0.000165962)
(0.00132803 0 0 0 0.000166003 0 0 0 0.000166003)
(0.00132835 0 0 0 0.000166043 0 0 0 0.000166043)
(0.00132866 0 0 0 0.000166082 0 0 0 0.000166082)
(0.00132896 0 0 0 0.00016612 0 0 0 0.00016612)
(0.00132926 0 0 0 0.000166157 0 0 0 0.000166157)
(0.00132954 0 0 0 0.000166193 0 0 0 0.000166193)
(0.00132982 0 0 0 0.000166228 0 0 0 0.000166228)
(0.00133009 0 0 0 0.000166261 0 0 0 0.000166261)
(0.00133035 0 0 0 0.000166294 0 0 0 0.000166294)
(0.00133061 0 0 0 0.000166326 0 0 0 0.000166326)
(0.00133085 0 0 0 0.000166356 0 0 0 0.000166356)
(0.00133109 0 0 0 0.000166386 0 0 0 0.000166386)
(0.00133132 0 0 0 0.000166415 0 0 0 0.000166415)
(0.00133154 0 0 0 0.000166442 0 0 0 0.000166442)
(0.00133175 0 0 0 0.000166469 0 0 0 0.000166469)
(0.00133196 0 0 0 0.000166495 0 0 0 0.000166495)
(0.00133216 0 0 0 0.00016652 0 0 0 0.00016652)
(0.00133235 0 0 0 0.000166544 0 0 0 0.000166544)
(0.00133254 0 0 0 0.000166567 0 0 0 0.000166567)
(0.00133271 0 0 0 0.000166589 0 0 0 0.000166589)
(0.00133288 0 0 0 0.000166611 0 0 0 0.000166611)
(0.00133305 0 0 0 0.000166631 0 0 0 0.000166631)
(0.00133321 0 0 0 0.000166651 0 0 0 0.000166651)
(0.00133336 0 0 0 0.00016667 0 0 0 0.00016667)
(0.0013335 0 0 0 0.000166688 0 0 0 0.000166688)
(0.00133364 0 0 0 0.000166705 0 0 0 0.000166705)
(0.00133378 0 0 0 0.000166722 0 0 0 0.000166722)
(0.0013339 0 0 0 0.000166738 0 0 0 0.000166738)
(0.00133402 0 0 0 0.000166753 0 0 0 0.000166753)
(0.00133414 0 0 0 0.000166768 0 0 0 0.000166768)
(0.00133425 0 0 0 0.000166782 0 0 0 0.000166782)
(0.00133436 0 0 0 0.000166795 0 0 0 0.000166795)
(0.00133446 0 0 0 0.000166808 0 0 0 0.000166808)
(0.00133456 0 0 0 0.00016682 0 0 0 0.00016682)
(0.00133465 0 0 0 0.000166831 0 0 0 0.000166831)
(0.00133473 0 0 0 0.000166842 0 0 0 0.000166842)
(0.00133482 0 0 0 0.000166852 0 0 0 0.000166852)
(0.0013349 0 0 0 0.000166862 0 0 0 0.000166862)
(0.00133497 0 0 0 0.000166872 0 0 0 0.000166872)
(0.00133504 0 0 0 0.00016688 0 0 0 0.00016688)
(0.00133511 0 0 0 0.000166889 0 0 0 0.000166889)
(0.00133517 0 0 0 0.000166897 0 0 0 0.000166897)
(0.00133524 0 0 0 0.000166905 0 0 0 0.000166905)
(0.00133529 0 0 0 0.000166912 0 0 0 0.000166912)
(0.00133535 0 0 0 0.000166919 0 0 0 0.000166919)
(0.0013354 0 0 0 0.000166925 0 0 0 0.000166925)
(0.00133545 0 0 0 0.000166931 0 0 0 0.000166931)
(0.0013355 0 0 0 0.000166937 0 0 0 0.000166937)
(0.00133554 0 0 0 0.000166943 0 0 0 0.000166943)
(0.00133558 0 0 0 0.000166948 0 0 0 0.000166948)
(0.00133562 0 0 0 0.000166953 0 0 0 0.000166953)
(0.00133566 0 0 0 0.000166958 0 0 0 0.000166958)
(0.0013357 0 0 0 0.000166963 0 0 0 0.000166963)
(0.00133574 0 0 0 0.000166967 0 0 0 0.000166967)
(0.00133577 0 0 0 0.000166971 0 0 0 0.000166971)
(0.0013358 0 0 0 0.000166976 0 0 0 0.000166976)
(0.00133584 0 0 0 0.00016698 0 0 0 0.00016698)
(0.00133587 0 0 0 0.000166983 0 0 0 0.000166983)
(0.0013359 0 0 0 0.000166987 0 0 0 0.000166987)
(0.00133593 0 0 0 0.000166991 0 0 0 0.000166991)
(0.00133595 0 0 0 0.000166994 0 0 0 0.000166994)
(0.00133598 0 0 0 0.000166998 0 0 0 0.000166998)
(0.00133601 0 0 0 0.000167002 0 0 0 0.000167002)
(0.00133604 0 0 0 0.000167005 0 0 0 0.000167005)
(0.00133607 0 0 0 0.000167009 0 0 0 0.000167009)
(0.0013361 0 0 0 0.000167012 0 0 0 0.000167012)
(0.00133613 0 0 0 0.000167016 0 0 0 0.000167016)
(0.00133616 0 0 0 0.00016702 0 0 0 0.00016702)
(0.00133619 0 0 0 0.000167024 0 0 0 0.000167024)
(0.00133622 0 0 0 0.000167028 0 0 0 0.000167028)
(0.00133625 0 0 0 0.000167032 0 0 0 0.000167032)
(0.00133629 0 0 0 0.000167036 0 0 0 0.000167036)
(0.00133633 0 0 0 0.000167041 0 0 0 0.000167041)
(0.00133636 0 0 0 0.000167045 0 0 0 0.000167045)
(0.0013364 0 0 0 0.00016705 0 0 0 0.00016705)
(0.00133644 0 0 0 0.000167056 0 0 0 0.000167056)
(0.00133649 0 0 0 0.000167061 0 0 0 0.000167061)
(0.00133653 0 0 0 0.000167067 0 0 0 0.000167067)
(0.00133658 0 0 0 0.000167073 0 0 0 0.000167073)
(0.00133663 0 0 0 0.000167079 0 0 0 0.000167079)
(0.00133668 0 0 0 0.000167086 0 0 0 0.000167086)
(0.00133674 0 0 0 0.000167092 0 0 0 0.000167092)
(0.0013368 0 0 0 0.0001671 0 0 0 0.0001671)
(0.00133686 0 0 0 0.000167108 0 0 0 0.000167108)
(0.00133693 0 0 0 0.000167116 0 0 0 0.000167116)
(0.00133699 0 0 0 0.000167124 0 0 0 0.000167124)
(0.00133707 0 0 0 0.000167133 0 0 0 0.000167133)
(0.00133714 0 0 0 0.000167143 0 0 0 0.000167143)
(0.00133722 0 0 0 0.000167153 0 0 0 0.000167153)
(0.00133731 0 0 0 0.000167163 0 0 0 0.000167163)
(0.00133739 0 0 0 0.000167174 0 0 0 0.000167174)
(0.00133749 0 0 0 0.000167186 0 0 0 0.000167186)
(0.00133759 0 0 0 0.000167198 0 0 0 0.000167198)
(0.00133769 0 0 0 0.000167211 0 0 0 0.000167211)
(0.0013378 0 0 0 0.000167225 0 0 0 0.000167225)
(0.00133791 0 0 0 0.000167239 0 0 0 0.000167239)
(0.00133803 0 0 0 0.000167253 0 0 0 0.000167253)
(0.00133815 0 0 0 0.000167269 0 0 0 0.000167269)
(0.00133828 0 0 0 0.000167285 0 0 0 0.000167285)
(0.00133842 0 0 0 0.000167302 0 0 0 0.000167302)
(0.00133856 0 0 0 0.00016732 0 0 0 0.00016732)
(0.00133871 0 0 0 0.000167338 0 0 0 0.000167338)
(0.00133886 0 0 0 0.000167358 0 0 0 0.000167358)
(0.00133902 0 0 0 0.000167378 0 0 0 0.000167378)
(0.00133919 0 0 0 0.000167399 0 0 0 0.000167399)
(0.00133937 0 0 0 0.000167421 0 0 0 0.000167421)
(0.00133955 0 0 0 0.000167444 0 0 0 0.000167444)
(0.00133974 0 0 0 0.000167467 0 0 0 0.000167467)
(0.00133994 0 0 0 0.000167492 0 0 0 0.000167492)
(0.00134014 0 0 0 0.000167518 0 0 0 0.000167518)
(0.00134036 0 0 0 0.000167545 0 0 0 0.000167545)
(0.00134058 0 0 0 0.000167572 0 0 0 0.000167572)
(0.00134081 0 0 0 0.000167601 0 0 0 0.000167601)
(0.00134105 0 0 0 0.000167631 0 0 0 0.000167631)
(0.0013413 0 0 0 0.000167662 0 0 0 0.000167662)
(0.00134155 0 0 0 0.000167694 0 0 0 0.000167694)
(0.00134182 0 0 0 0.000167728 0 0 0 0.000167728)
(0.0013421 0 0 0 0.000167762 0 0 0 0.000167762)
(0.00134238 0 0 0 0.000167798 0 0 0 0.000167798)
(0.00134268 0 0 0 0.000167835 0 0 0 0.000167835)
(0.00134298 0 0 0 0.000167873 0 0 0 0.000167873)
(0.0013433 0 0 0 0.000167912 0 0 0 0.000167912)
(0.00134362 0 0 0 0.000167953 0 0 0 0.000167953)
(0.00134396 0 0 0 0.000167995 0 0 0 0.000167995)
(0.00134431 0 0 0 0.000168038 0 0 0 0.000168038)
(0.00134466 0 0 0 0.000168083 0 0 0 0.000168083)
(0.00134503 0 0 0 0.000168129 0 0 0 0.000168129)
(0.00134541 0 0 0 0.000168176 0 0 0 0.000168176)
(0.0013458 0 0 0 0.000168225 0 0 0 0.000168225)
(0.0013462 0 0 0 0.000168275 0 0 0 0.000168275)
(0.00134662 0 0 0 0.000168327 0 0 0 0.000168327)
(0.00134704 0 0 0 0.00016838 0 0 0 0.00016838)
(0.00134748 0 0 0 0.000168435 0 0 0 0.000168435)
(0.00134793 0 0 0 0.000168491 0 0 0 0.000168491)
(0.00134839 0 0 0 0.000168549 0 0 0 0.000168549)
(0.00134886 0 0 0 0.000168608 0 0 0 0.000168608)
(0.00134935 0 0 0 0.000168668 0 0 0 0.000168668)
(0.00134984 0 0 0 0.00016873 0 0 0 0.00016873)
(0.00135035 0 0 0 0.000168794 0 0 0 0.000168794)
(0.00135087 0 0 0 0.000168859 0 0 0 0.000168859)
(0.00135141 0 0 0 0.000168926 0 0 0 0.000168926)
(0.00135196 0 0 0 0.000168995 0 0 0 0.000168995)
(0.00135252 0 0 0 0.000169065 0 0 0 0.000169065)
(0.00135309 0 0 0 0.000169137 0 0 0 0.000169137)
(0.00135368 0 0 0 0.00016921 0 0 0 0.00016921)
(0.00135428 0 0 0 0.000169285 0 0 0 0.000169285)
(0.00135489 0 0 0 0.000169361 0 0 0 0.000169361)
(0.00135552 0 0 0 0.00016944 0 0 0 0.00016944)
(0.00135616 0 0 0 0.00016952 0 0 0 0.00016952)
(0.00135681 0 0 0 0.000169601 0 0 0 0.000169601)
(0.00135747 0 0 0 0.000169684 0 0 0 0.000169684)
(0.00135815 0 0 0 0.000169769 0 0 0 0.000169769)
(0.00135885 0 0 0 0.000169856 0 0 0 0.000169856)
(0.00135955 0 0 0 0.000169944 0 0 0 0.000169944)
(0.00136027 0 0 0 0.000170034 0 0 0 0.000170034)
(0.00136101 0 0 0 0.000170126 0 0 0 0.000170126)
(0.00136176 0 0 0 0.00017022 0 0 0 0.00017022)
(0.00136252 0 0 0 0.000170315 0 0 0 0.000170315)
(0.00136329 0 0 0 0.000170412 0 0 0 0.000170412)
(0.00136408 0 0 0 0.00017051 0 0 0 0.00017051)
(0.00136488 0 0 0 0.000170611 0 0 0 0.000170611)
(0.0013657 0 0 0 0.000170713 0 0 0 0.000170713)
(0.00136653 0 0 0 0.000170817 0 0 0 0.000170817)
(0.00136738 0 0 0 0.000170923 0 0 0 0.000170923)
(0.00136824 0 0 0 0.00017103 0 0 0 0.00017103)
(0.00136911 0 0 0 0.000171139 0 0 0 0.000171139)
(0.00137 0 0 0 0.000171251 0 0 0 0.000171251)
(0.00137091 0 0 0 0.000171364 0 0 0 0.000171364)
(0.00137183 0 0 0 0.000171479 0 0 0 0.000171479)
(0.00137276 0 0 0 0.000171596 0 0 0 0.000171596)
(0.00137371 0 0 0 0.000171714 0 0 0 0.000171714)
(0.00137468 0 0 0 0.000171835 0 0 0 0.000171835)
(0.00137566 0 0 0 0.000171958 0 0 0 0.000171958)
(0.00137666 0 0 0 0.000172083 0 0 0 0.000172083)
(0.00137768 0 0 0 0.00017221 0 0 0 0.00017221)
(0.00137872 0 0 0 0.00017234 0 0 0 0.00017234)
(0.00137977 0 0 0 0.000172471 0 0 0 0.000172471)
(0.00138084 0 0 0 0.000172605 0 0 0 0.000172605)
(0.00138193 0 0 0 0.000172741 0 0 0 0.000172741)
(0.00138304 0 0 0 0.00017288 0 0 0 0.00017288)
(0.00138417 0 0 0 0.000173021 0 0 0 0.000173021)
(0.00138532 0 0 0 0.000173165 0 0 0 0.000173165)
(0.00138649 0 0 0 0.000173311 0 0 0 0.000173311)
(0.00138768 0 0 0 0.00017346 0 0 0 0.00017346)
(0.00138889 0 0 0 0.000173611 0 0 0 0.000173611)
(0.00139011 0 0 0 0.000173764 0 0 0 0.000173764)
(0.00139098 0 0 0 0.000173873 0 0 0 0.000173873)
(0.00139149 0 0 0 0.000173936 0 0 0 0.000173936)
(0.00127981 0 0 0 0.000159976 0 0 0 0.000159976)
(0.00128018 0 0 0 0.000160023 0 0 0 0.000160023)
(0.00128083 0 0 0 0.000160104 0 0 0 0.000160104)
(0.00128173 0 0 0 0.000160217 0 0 0 0.000160217)
(0.00128257 0 0 0 0.000160321 0 0 0 0.000160321)
(0.00128336 0 0 0 0.000160421 0 0 0 0.000160421)
(0.00128413 0 0 0 0.000160516 0 0 0 0.000160516)
(0.00128487 0 0 0 0.000160609 0 0 0 0.000160609)
(0.0012856 0 0 0 0.0001607 0 0 0 0.0001607)
(0.00128631 0 0 0 0.000160789 0 0 0 0.000160789)
(0.00128702 0 0 0 0.000160878 0 0 0 0.000160878)
(0.00128773 0 0 0 0.000160966 0 0 0 0.000160966)
(0.00128842 0 0 0 0.000161053 0 0 0 0.000161053)
(0.00128912 0 0 0 0.00016114 0 0 0 0.00016114)
(0.00128981 0 0 0 0.000161227 0 0 0 0.000161227)
(0.00129051 0 0 0 0.000161313 0 0 0 0.000161313)
(0.0012912 0 0 0 0.0001614 0 0 0 0.0001614)
(0.00129189 0 0 0 0.000161486 0 0 0 0.000161486)
(0.00129258 0 0 0 0.000161572 0 0 0 0.000161572)
(0.00129326 0 0 0 0.000161658 0 0 0 0.000161658)
(0.00129395 0 0 0 0.000161744 0 0 0 0.000161744)
(0.00129463 0 0 0 0.000161829 0 0 0 0.000161829)
(0.00129532 0 0 0 0.000161915 0 0 0 0.000161915)
(0.001296 0 0 0 0.000162 0 0 0 0.000162)
(0.00129668 0 0 0 0.000162085 0 0 0 0.000162085)
(0.00129736 0 0 0 0.00016217 0 0 0 0.00016217)
(0.00129804 0 0 0 0.000162255 0 0 0 0.000162255)
(0.00129871 0 0 0 0.000162339 0 0 0 0.000162339)
(0.00129939 0 0 0 0.000162423 0 0 0 0.000162423)
(0.00130006 0 0 0 0.000162507 0 0 0 0.000162507)
(0.00130073 0 0 0 0.000162591 0 0 0 0.000162591)
(0.00130139 0 0 0 0.000162674 0 0 0 0.000162674)
(0.00130206 0 0 0 0.000162757 0 0 0 0.000162757)
(0.00130272 0 0 0 0.00016284 0 0 0 0.00016284)
(0.00130338 0 0 0 0.000162922 0 0 0 0.000162922)
(0.00130403 0 0 0 0.000163004 0 0 0 0.000163004)
(0.00130468 0 0 0 0.000163085 0 0 0 0.000163085)
(0.00130533 0 0 0 0.000163166 0 0 0 0.000163166)
(0.00130597 0 0 0 0.000163247 0 0 0 0.000163247)
(0.00130661 0 0 0 0.000163327 0 0 0 0.000163327)
(0.00130725 0 0 0 0.000163406 0 0 0 0.000163406)
(0.00130788 0 0 0 0.000163485 0 0 0 0.000163485)
(0.00130851 0 0 0 0.000163564 0 0 0 0.000163564)
(0.00130913 0 0 0 0.000163641 0 0 0 0.000163641)
(0.00130975 0 0 0 0.000163718 0 0 0 0.000163718)
(0.00131036 0 0 0 0.000163795 0 0 0 0.000163795)
(0.00131096 0 0 0 0.000163871 0 0 0 0.000163871)
(0.00131157 0 0 0 0.000163946 0 0 0 0.000163946)
(0.00131216 0 0 0 0.00016402 0 0 0 0.00016402)
(0.00131275 0 0 0 0.000164094 0 0 0 0.000164094)
(0.00131333 0 0 0 0.000164167 0 0 0 0.000164167)
(0.00131391 0 0 0 0.000164239 0 0 0 0.000164239)
(0.00131448 0 0 0 0.00016431 0 0 0 0.00016431)
(0.00131505 0 0 0 0.000164381 0 0 0 0.000164381)
(0.0013156 0 0 0 0.00016445 0 0 0 0.00016445)
(0.00131615 0 0 0 0.000164519 0 0 0 0.000164519)
(0.0013167 0 0 0 0.000164587 0 0 0 0.000164587)
(0.00131723 0 0 0 0.000164654 0 0 0 0.000164654)
(0.00131776 0 0 0 0.00016472 0 0 0 0.00016472)
(0.00131828 0 0 0 0.000164786 0 0 0 0.000164786)
(0.0013188 0 0 0 0.00016485 0 0 0 0.00016485)
(0.00131931 0 0 0 0.000164913 0 0 0 0.000164913)
(0.0013198 0 0 0 0.000164976 0 0 0 0.000164976)
(0.0013203 0 0 0 0.000165037 0 0 0 0.000165037)
(0.00132078 0 0 0 0.000165097 0 0 0 0.000165097)
(0.00132125 0 0 0 0.000165157 0 0 0 0.000165157)
(0.00132172 0 0 0 0.000165215 0 0 0 0.000165215)
(0.00132218 0 0 0 0.000165272 0 0 0 0.000165272)
(0.00132263 0 0 0 0.000165329 0 0 0 0.000165329)
(0.00132307 0 0 0 0.000165384 0 0 0 0.000165384)
(0.0013235 0 0 0 0.000165438 0 0 0 0.000165438)
(0.00132393 0 0 0 0.000165491 0 0 0 0.000165491)
(0.00132434 0 0 0 0.000165543 0 0 0 0.000165543)
(0.00132475 0 0 0 0.000165594 0 0 0 0.000165594)
(0.00132515 0 0 0 0.000165644 0 0 0 0.000165644)
(0.00132554 0 0 0 0.000165693 0 0 0 0.000165693)
(0.00132592 0 0 0 0.00016574 0 0 0 0.00016574)
(0.00132629 0 0 0 0.000165787 0 0 0 0.000165787)
(0.00132666 0 0 0 0.000165832 0 0 0 0.000165832)
(0.00132701 0 0 0 0.000165877 0 0 0 0.000165877)
(0.00132736 0 0 0 0.00016592 0 0 0 0.00016592)
(0.0013277 0 0 0 0.000165962 0 0 0 0.000165962)
(0.00132803 0 0 0 0.000166003 0 0 0 0.000166003)
(0.00132835 0 0 0 0.000166043 0 0 0 0.000166043)
(0.00132866 0 0 0 0.000166082 0 0 0 0.000166082)
(0.00132896 0 0 0 0.00016612 0 0 0 0.00016612)
(0.00132926 0 0 0 0.000166157 0 0 0 0.000166157)
(0.00132954 0 0 0 0.000166193 0 0 0 0.000166193)
(0.00132982 0 0 0 0.000166228 0 0 0 0.000166228)
(0.00133009 0 0 0 0.000166261 0 0 0 0.000166261)
(0.00133035 0 0 0 0.000166294 0 0 0 0.000166294)
(0.00133061 0 0 0 0.000166326 0 0 0 0.000166326)
(0.00133085 0 0 0 0.000166356 0 0 0 0.000166356)
(0.00133109 0 0 0 0.000166386 0 0 0 0.000166386)
(0.00133132 0 0 0 0.000166415 0 0 0 0.000166415)
(0.00133154 0 0 0 0.000166442 0 0 0 0.000166442)
(0.00133175 0 0 0 0.000166469 0 0 0 0.000166469)
(0.00133196 0 0 0 0.000166495 0 0 0 0.000166495)
(0.00133216 0 0 0 0.00016652 0 0 0 0.00016652)
(0.00133235 0 0 0 0.000166544 0 0 0 0.000166544)
(0.00133254 0 0 0 0.000166567 0 0 0 0.000166567)
(0.00133271 0 0 0 0.000166589 0 0 0 0.000166589)
(0.00133288 0 0 0 0.000166611 0 0 0 0.000166611)
(0.00133305 0 0 0 0.000166631 0 0 0 0.000166631)
(0.00133321 0 0 0 0.000166651 0 0 0 0.000166651)
(0.00133336 0 0 0 0.00016667 0 0 0 0.00016667)
(0.0013335 0 0 0 0.000166688 0 0 0 0.000166688)
(0.00133364 0 0 0 0.000166705 0 0 0 0.000166705)
(0.00133378 0 0 0 0.000166722 0 0 0 0.000166722)
(0.0013339 0 0 0 0.000166738 0 0 0 0.000166738)
(0.00133403 0 0 0 0.000166753 0 0 0 0.000166753)
(0.00133414 0 0 0 0.000166768 0 0 0 0.000166768)
(0.00133425 0 0 0 0.000166782 0 0 0 0.000166782)
(0.00133436 0 0 0 0.000166795 0 0 0 0.000166795)
(0.00133446 0 0 0 0.000166808 0 0 0 0.000166808)
(0.00133456 0 0 0 0.00016682 0 0 0 0.00016682)
(0.00133465 0 0 0 0.000166831 0 0 0 0.000166831)
(0.00133474 0 0 0 0.000166842 0 0 0 0.000166842)
(0.00133482 0 0 0 0.000166852 0 0 0 0.000166852)
(0.0013349 0 0 0 0.000166862 0 0 0 0.000166862)
(0.00133497 0 0 0 0.000166872 0 0 0 0.000166872)
(0.00133504 0 0 0 0.00016688 0 0 0 0.00016688)
(0.00133511 0 0 0 0.000166889 0 0 0 0.000166889)
(0.00133517 0 0 0 0.000166897 0 0 0 0.000166897)
(0.00133524 0 0 0 0.000166905 0 0 0 0.000166905)
(0.00133529 0 0 0 0.000166912 0 0 0 0.000166912)
(0.00133535 0 0 0 0.000166919 0 0 0 0.000166919)
(0.0013354 0 0 0 0.000166925 0 0 0 0.000166925)
(0.00133545 0 0 0 0.000166931 0 0 0 0.000166931)
(0.0013355 0 0 0 0.000166937 0 0 0 0.000166937)
(0.00133554 0 0 0 0.000166943 0 0 0 0.000166943)
(0.00133558 0 0 0 0.000166948 0 0 0 0.000166948)
(0.00133562 0 0 0 0.000166953 0 0 0 0.000166953)
(0.00133566 0 0 0 0.000166958 0 0 0 0.000166958)
(0.0013357 0 0 0 0.000166963 0 0 0 0.000166963)
(0.00133574 0 0 0 0.000166967 0 0 0 0.000166967)
(0.00133577 0 0 0 0.000166971 0 0 0 0.000166971)
(0.0013358 0 0 0 0.000166976 0 0 0 0.000166976)
(0.00133584 0 0 0 0.00016698 0 0 0 0.00016698)
(0.00133587 0 0 0 0.000166983 0 0 0 0.000166983)
(0.0013359 0 0 0 0.000166987 0 0 0 0.000166987)
(0.00133593 0 0 0 0.000166991 0 0 0 0.000166991)
(0.00133595 0 0 0 0.000166994 0 0 0 0.000166994)
(0.00133598 0 0 0 0.000166998 0 0 0 0.000166998)
(0.00133601 0 0 0 0.000167002 0 0 0 0.000167002)
(0.00133604 0 0 0 0.000167005 0 0 0 0.000167005)
(0.00133607 0 0 0 0.000167009 0 0 0 0.000167009)
(0.0013361 0 0 0 0.000167012 0 0 0 0.000167012)
(0.00133613 0 0 0 0.000167016 0 0 0 0.000167016)
(0.00133616 0 0 0 0.00016702 0 0 0 0.00016702)
(0.00133619 0 0 0 0.000167024 0 0 0 0.000167024)
(0.00133622 0 0 0 0.000167028 0 0 0 0.000167028)
(0.00133625 0 0 0 0.000167032 0 0 0 0.000167032)
(0.00133629 0 0 0 0.000167036 0 0 0 0.000167036)
(0.00133633 0 0 0 0.000167041 0 0 0 0.000167041)
(0.00133636 0 0 0 0.000167045 0 0 0 0.000167045)
(0.0013364 0 0 0 0.00016705 0 0 0 0.00016705)
(0.00133644 0 0 0 0.000167056 0 0 0 0.000167056)
(0.00133649 0 0 0 0.000167061 0 0 0 0.000167061)
(0.00133653 0 0 0 0.000167067 0 0 0 0.000167067)
(0.00133658 0 0 0 0.000167073 0 0 0 0.000167073)
(0.00133663 0 0 0 0.000167079 0 0 0 0.000167079)
(0.00133668 0 0 0 0.000167086 0 0 0 0.000167086)
(0.00133674 0 0 0 0.000167092 0 0 0 0.000167092)
(0.0013368 0 0 0 0.0001671 0 0 0 0.0001671)
(0.00133686 0 0 0 0.000167108 0 0 0 0.000167108)
(0.00133693 0 0 0 0.000167116 0 0 0 0.000167116)
(0.00133699 0 0 0 0.000167124 0 0 0 0.000167124)
(0.00133707 0 0 0 0.000167133 0 0 0 0.000167133)
(0.00133714 0 0 0 0.000167143 0 0 0 0.000167143)
(0.00133722 0 0 0 0.000167153 0 0 0 0.000167153)
(0.00133731 0 0 0 0.000167163 0 0 0 0.000167163)
(0.00133739 0 0 0 0.000167174 0 0 0 0.000167174)
(0.00133749 0 0 0 0.000167186 0 0 0 0.000167186)
(0.00133759 0 0 0 0.000167198 0 0 0 0.000167198)
(0.00133769 0 0 0 0.000167211 0 0 0 0.000167211)
(0.0013378 0 0 0 0.000167225 0 0 0 0.000167225)
(0.00133791 0 0 0 0.000167239 0 0 0 0.000167239)
(0.00133803 0 0 0 0.000167253 0 0 0 0.000167253)
(0.00133815 0 0 0 0.000167269 0 0 0 0.000167269)
(0.00133828 0 0 0 0.000167285 0 0 0 0.000167285)
(0.00133842 0 0 0 0.000167302 0 0 0 0.000167302)
(0.00133856 0 0 0 0.00016732 0 0 0 0.00016732)
(0.00133871 0 0 0 0.000167338 0 0 0 0.000167338)
(0.00133886 0 0 0 0.000167358 0 0 0 0.000167358)
(0.00133902 0 0 0 0.000167378 0 0 0 0.000167378)
(0.00133919 0 0 0 0.000167399 0 0 0 0.000167399)
(0.00133937 0 0 0 0.000167421 0 0 0 0.000167421)
(0.00133955 0 0 0 0.000167444 0 0 0 0.000167444)
(0.00133974 0 0 0 0.000167467 0 0 0 0.000167467)
(0.00133994 0 0 0 0.000167492 0 0 0 0.000167492)
(0.00134014 0 0 0 0.000167518 0 0 0 0.000167518)
(0.00134036 0 0 0 0.000167545 0 0 0 0.000167545)
(0.00134058 0 0 0 0.000167572 0 0 0 0.000167572)
(0.00134081 0 0 0 0.000167601 0 0 0 0.000167601)
(0.00134105 0 0 0 0.000167631 0 0 0 0.000167631)
(0.0013413 0 0 0 0.000167662 0 0 0 0.000167662)
(0.00134156 0 0 0 0.000167694 0 0 0 0.000167694)
(0.00134182 0 0 0 0.000167728 0 0 0 0.000167728)
(0.0013421 0 0 0 0.000167762 0 0 0 0.000167762)
(0.00134238 0 0 0 0.000167798 0 0 0 0.000167798)
(0.00134268 0 0 0 0.000167835 0 0 0 0.000167835)
(0.00134298 0 0 0 0.000167873 0 0 0 0.000167873)
(0.0013433 0 0 0 0.000167912 0 0 0 0.000167912)
(0.00134362 0 0 0 0.000167953 0 0 0 0.000167953)
(0.00134396 0 0 0 0.000167995 0 0 0 0.000167995)
(0.00134431 0 0 0 0.000168038 0 0 0 0.000168038)
(0.00134466 0 0 0 0.000168083 0 0 0 0.000168083)
(0.00134503 0 0 0 0.000168129 0 0 0 0.000168129)
(0.00134541 0 0 0 0.000168177 0 0 0 0.000168177)
(0.0013458 0 0 0 0.000168225 0 0 0 0.000168225)
(0.0013462 0 0 0 0.000168276 0 0 0 0.000168276)
(0.00134662 0 0 0 0.000168327 0 0 0 0.000168327)
(0.00134704 0 0 0 0.00016838 0 0 0 0.00016838)
(0.00134748 0 0 0 0.000168435 0 0 0 0.000168435)
(0.00134793 0 0 0 0.000168491 0 0 0 0.000168491)
(0.00134839 0 0 0 0.000168549 0 0 0 0.000168549)
(0.00134886 0 0 0 0.000168608 0 0 0 0.000168608)
(0.00134935 0 0 0 0.000168668 0 0 0 0.000168668)
(0.00134984 0 0 0 0.000168731 0 0 0 0.000168731)
(0.00135035 0 0 0 0.000168794 0 0 0 0.000168794)
(0.00135088 0 0 0 0.00016886 0 0 0 0.00016886)
(0.00135141 0 0 0 0.000168926 0 0 0 0.000168926)
(0.00135196 0 0 0 0.000168995 0 0 0 0.000168995)
(0.00135252 0 0 0 0.000169065 0 0 0 0.000169065)
(0.00135309 0 0 0 0.000169137 0 0 0 0.000169137)
(0.00135368 0 0 0 0.00016921 0 0 0 0.00016921)
(0.00135428 0 0 0 0.000169285 0 0 0 0.000169285)
(0.00135489 0 0 0 0.000169362 0 0 0 0.000169362)
(0.00135552 0 0 0 0.00016944 0 0 0 0.00016944)
(0.00135616 0 0 0 0.00016952 0 0 0 0.00016952)
(0.00135681 0 0 0 0.000169601 0 0 0 0.000169601)
(0.00135748 0 0 0 0.000169685 0 0 0 0.000169685)
(0.00135816 0 0 0 0.00016977 0 0 0 0.00016977)
(0.00135885 0 0 0 0.000169856 0 0 0 0.000169856)
(0.00135956 0 0 0 0.000169944 0 0 0 0.000169944)
(0.00136028 0 0 0 0.000170035 0 0 0 0.000170035)
(0.00136101 0 0 0 0.000170126 0 0 0 0.000170126)
(0.00136176 0 0 0 0.00017022 0 0 0 0.00017022)
(0.00136252 0 0 0 0.000170315 0 0 0 0.000170315)
(0.00136329 0 0 0 0.000170412 0 0 0 0.000170412)
(0.00136408 0 0 0 0.00017051 0 0 0 0.00017051)
(0.00136489 0 0 0 0.000170611 0 0 0 0.000170611)
(0.0013657 0 0 0 0.000170713 0 0 0 0.000170713)
(0.00136654 0 0 0 0.000170817 0 0 0 0.000170817)
(0.00136738 0 0 0 0.000170923 0 0 0 0.000170923)
(0.00136824 0 0 0 0.00017103 0 0 0 0.00017103)
(0.00136912 0 0 0 0.00017114 0 0 0 0.00017114)
(0.00137001 0 0 0 0.000171251 0 0 0 0.000171251)
(0.00137091 0 0 0 0.000171364 0 0 0 0.000171364)
(0.00137183 0 0 0 0.000171479 0 0 0 0.000171479)
(0.00137277 0 0 0 0.000171596 0 0 0 0.000171596)
(0.00137372 0 0 0 0.000171715 0 0 0 0.000171715)
(0.00137468 0 0 0 0.000171836 0 0 0 0.000171836)
(0.00137567 0 0 0 0.000171958 0 0 0 0.000171958)
(0.00137667 0 0 0 0.000172084 0 0 0 0.000172084)
(0.00137768 0 0 0 0.000172211 0 0 0 0.000172211)
(0.00137872 0 0 0 0.00017234 0 0 0 0.00017234)
(0.00137977 0 0 0 0.000172472 0 0 0 0.000172472)
(0.00138084 0 0 0 0.000172606 0 0 0 0.000172606)
(0.00138193 0 0 0 0.000172742 0 0 0 0.000172742)
(0.00138304 0 0 0 0.000172881 0 0 0 0.000172881)
(0.00138417 0 0 0 0.000173022 0 0 0 0.000173022)
(0.00138532 0 0 0 0.000173166 0 0 0 0.000173166)
(0.00138649 0 0 0 0.000173312 0 0 0 0.000173312)
(0.00138768 0 0 0 0.000173461 0 0 0 0.000173461)
(0.00138889 0 0 0 0.000173612 0 0 0 0.000173612)
(0.00139012 0 0 0 0.000173765 0 0 0 0.000173765)
(0.00139098 0 0 0 0.000173873 0 0 0 0.000173873)
(0.0013915 0 0 0 0.000173937 0 0 0 0.000173937)
(0.00127979 0 0 0 0.000159974 0 0 0 0.000159974)
(0.00128017 0 0 0 0.000160022 0 0 0 0.000160022)
(0.00128081 0 0 0 0.000160101 0 0 0 0.000160101)
(0.00128172 0 0 0 0.000160216 0 0 0 0.000160216)
(0.00128256 0 0 0 0.000160321 0 0 0 0.000160321)
(0.00128336 0 0 0 0.00016042 0 0 0 0.00016042)
(0.00128413 0 0 0 0.000160516 0 0 0 0.000160516)
(0.00128487 0 0 0 0.000160609 0 0 0 0.000160609)
(0.0012856 0 0 0 0.0001607 0 0 0 0.0001607)
(0.00128631 0 0 0 0.000160789 0 0 0 0.000160789)
(0.00128702 0 0 0 0.000160878 0 0 0 0.000160878)
(0.00128773 0 0 0 0.000160966 0 0 0 0.000160966)
(0.00128842 0 0 0 0.000161053 0 0 0 0.000161053)
(0.00128912 0 0 0 0.00016114 0 0 0 0.00016114)
(0.00128982 0 0 0 0.000161227 0 0 0 0.000161227)
(0.00129051 0 0 0 0.000161314 0 0 0 0.000161314)
(0.0012912 0 0 0 0.0001614 0 0 0 0.0001614)
(0.00129189 0 0 0 0.000161486 0 0 0 0.000161486)
(0.00129258 0 0 0 0.000161572 0 0 0 0.000161572)
(0.00129326 0 0 0 0.000161658 0 0 0 0.000161658)
(0.00129395 0 0 0 0.000161744 0 0 0 0.000161744)
(0.00129463 0 0 0 0.000161829 0 0 0 0.000161829)
(0.00129532 0 0 0 0.000161915 0 0 0 0.000161915)
(0.001296 0 0 0 0.000162 0 0 0 0.000162)
(0.00129668 0 0 0 0.000162085 0 0 0 0.000162085)
(0.00129736 0 0 0 0.00016217 0 0 0 0.00016217)
(0.00129804 0 0 0 0.000162255 0 0 0 0.000162255)
(0.00129871 0 0 0 0.000162339 0 0 0 0.000162339)
(0.00129939 0 0 0 0.000162424 0 0 0 0.000162424)
(0.00130006 0 0 0 0.000162507 0 0 0 0.000162507)
(0.00130073 0 0 0 0.000162591 0 0 0 0.000162591)
(0.0013014 0 0 0 0.000162674 0 0 0 0.000162674)
(0.00130206 0 0 0 0.000162757 0 0 0 0.000162757)
(0.00130272 0 0 0 0.00016284 0 0 0 0.00016284)
(0.00130338 0 0 0 0.000162922 0 0 0 0.000162922)
(0.00130403 0 0 0 0.000163004 0 0 0 0.000163004)
(0.00130468 0 0 0 0.000163086 0 0 0 0.000163086)
(0.00130533 0 0 0 0.000163167 0 0 0 0.000163167)
(0.00130598 0 0 0 0.000163247 0 0 0 0.000163247)
(0.00130661 0 0 0 0.000163327 0 0 0 0.000163327)
(0.00130725 0 0 0 0.000163406 0 0 0 0.000163406)
(0.00130788 0 0 0 0.000163485 0 0 0 0.000163485)
(0.00130851 0 0 0 0.000163564 0 0 0 0.000163564)
(0.00130913 0 0 0 0.000163641 0 0 0 0.000163641)
(0.00130975 0 0 0 0.000163718 0 0 0 0.000163718)
(0.00131036 0 0 0 0.000163795 0 0 0 0.000163795)
(0.00131096 0 0 0 0.000163871 0 0 0 0.000163871)
(0.00131157 0 0 0 0.000163946 0 0 0 0.000163946)
(0.00131216 0 0 0 0.00016402 0 0 0 0.00016402)
(0.00131275 0 0 0 0.000164094 0 0 0 0.000164094)
(0.00131333 0 0 0 0.000164167 0 0 0 0.000164167)
(0.00131391 0 0 0 0.000164239 0 0 0 0.000164239)
(0.00131448 0 0 0 0.00016431 0 0 0 0.00016431)
(0.00131505 0 0 0 0.000164381 0 0 0 0.000164381)
(0.0013156 0 0 0 0.00016445 0 0 0 0.00016445)
(0.00131615 0 0 0 0.000164519 0 0 0 0.000164519)
(0.0013167 0 0 0 0.000164587 0 0 0 0.000164587)
(0.00131723 0 0 0 0.000164654 0 0 0 0.000164654)
(0.00131776 0 0 0 0.00016472 0 0 0 0.00016472)
(0.00131829 0 0 0 0.000164786 0 0 0 0.000164786)
(0.0013188 0 0 0 0.00016485 0 0 0 0.00016485)
(0.00131931 0 0 0 0.000164913 0 0 0 0.000164913)
(0.0013198 0 0 0 0.000164976 0 0 0 0.000164976)
(0.0013203 0 0 0 0.000165037 0 0 0 0.000165037)
(0.00132078 0 0 0 0.000165097 0 0 0 0.000165097)
(0.00132125 0 0 0 0.000165157 0 0 0 0.000165157)
(0.00132172 0 0 0 0.000165215 0 0 0 0.000165215)
(0.00132218 0 0 0 0.000165272 0 0 0 0.000165272)
(0.00132263 0 0 0 0.000165329 0 0 0 0.000165329)
(0.00132307 0 0 0 0.000165384 0 0 0 0.000165384)
(0.0013235 0 0 0 0.000165438 0 0 0 0.000165438)
(0.00132393 0 0 0 0.000165491 0 0 0 0.000165491)
(0.00132434 0 0 0 0.000165543 0 0 0 0.000165543)
(0.00132475 0 0 0 0.000165594 0 0 0 0.000165594)
(0.00132515 0 0 0 0.000165644 0 0 0 0.000165644)
(0.00132554 0 0 0 0.000165693 0 0 0 0.000165693)
(0.00132592 0 0 0 0.00016574 0 0 0 0.00016574)
(0.00132629 0 0 0 0.000165787 0 0 0 0.000165787)
(0.00132666 0 0 0 0.000165832 0 0 0 0.000165832)
(0.00132701 0 0 0 0.000165877 0 0 0 0.000165877)
(0.00132736 0 0 0 0.00016592 0 0 0 0.00016592)
(0.0013277 0 0 0 0.000165962 0 0 0 0.000165962)
(0.00132803 0 0 0 0.000166003 0 0 0 0.000166003)
(0.00132835 0 0 0 0.000166043 0 0 0 0.000166043)
(0.00132866 0 0 0 0.000166082 0 0 0 0.000166082)
(0.00132896 0 0 0 0.00016612 0 0 0 0.00016612)
(0.00132926 0 0 0 0.000166157 0 0 0 0.000166157)
(0.00132954 0 0 0 0.000166193 0 0 0 0.000166193)
(0.00132982 0 0 0 0.000166228 0 0 0 0.000166228)
(0.00133009 0 0 0 0.000166261 0 0 0 0.000166261)
(0.00133035 0 0 0 0.000166294 0 0 0 0.000166294)
(0.00133061 0 0 0 0.000166326 0 0 0 0.000166326)
(0.00133085 0 0 0 0.000166356 0 0 0 0.000166356)
(0.00133109 0 0 0 0.000166386 0 0 0 0.000166386)
(0.00133132 0 0 0 0.000166415 0 0 0 0.000166415)
(0.00133154 0 0 0 0.000166442 0 0 0 0.000166442)
(0.00133175 0 0 0 0.000166469 0 0 0 0.000166469)
(0.00133196 0 0 0 0.000166495 0 0 0 0.000166495)
(0.00133216 0 0 0 0.00016652 0 0 0 0.00016652)
(0.00133235 0 0 0 0.000166544 0 0 0 0.000166544)
(0.00133254 0 0 0 0.000166567 0 0 0 0.000166567)
(0.00133271 0 0 0 0.000166589 0 0 0 0.000166589)
(0.00133288 0 0 0 0.000166611 0 0 0 0.000166611)
(0.00133305 0 0 0 0.000166631 0 0 0 0.000166631)
(0.00133321 0 0 0 0.000166651 0 0 0 0.000166651)
(0.00133336 0 0 0 0.00016667 0 0 0 0.00016667)
(0.0013335 0 0 0 0.000166688 0 0 0 0.000166688)
(0.00133364 0 0 0 0.000166705 0 0 0 0.000166705)
(0.00133378 0 0 0 0.000166722 0 0 0 0.000166722)
(0.0013339 0 0 0 0.000166738 0 0 0 0.000166738)
(0.00133403 0 0 0 0.000166753 0 0 0 0.000166753)
(0.00133414 0 0 0 0.000166768 0 0 0 0.000166768)
(0.00133425 0 0 0 0.000166782 0 0 0 0.000166782)
(0.00133436 0 0 0 0.000166795 0 0 0 0.000166795)
(0.00133446 0 0 0 0.000166808 0 0 0 0.000166808)
(0.00133456 0 0 0 0.00016682 0 0 0 0.00016682)
(0.00133465 0 0 0 0.000166831 0 0 0 0.000166831)
(0.00133474 0 0 0 0.000166842 0 0 0 0.000166842)
(0.00133482 0 0 0 0.000166852 0 0 0 0.000166852)
(0.0013349 0 0 0 0.000166862 0 0 0 0.000166862)
(0.00133497 0 0 0 0.000166872 0 0 0 0.000166872)
(0.00133504 0 0 0 0.00016688 0 0 0 0.00016688)
(0.00133511 0 0 0 0.000166889 0 0 0 0.000166889)
(0.00133517 0 0 0 0.000166897 0 0 0 0.000166897)
(0.00133524 0 0 0 0.000166905 0 0 0 0.000166905)
(0.00133529 0 0 0 0.000166912 0 0 0 0.000166912)
(0.00133535 0 0 0 0.000166919 0 0 0 0.000166919)
(0.0013354 0 0 0 0.000166925 0 0 0 0.000166925)
(0.00133545 0 0 0 0.000166931 0 0 0 0.000166931)
(0.0013355 0 0 0 0.000166937 0 0 0 0.000166937)
(0.00133554 0 0 0 0.000166943 0 0 0 0.000166943)
(0.00133558 0 0 0 0.000166948 0 0 0 0.000166948)
(0.00133562 0 0 0 0.000166953 0 0 0 0.000166953)
(0.00133566 0 0 0 0.000166958 0 0 0 0.000166958)
(0.0013357 0 0 0 0.000166963 0 0 0 0.000166963)
(0.00133574 0 0 0 0.000166967 0 0 0 0.000166967)
(0.00133577 0 0 0 0.000166971 0 0 0 0.000166971)
(0.0013358 0 0 0 0.000166976 0 0 0 0.000166976)
(0.00133584 0 0 0 0.00016698 0 0 0 0.00016698)
(0.00133587 0 0 0 0.000166983 0 0 0 0.000166983)
(0.0013359 0 0 0 0.000166987 0 0 0 0.000166987)
(0.00133593 0 0 0 0.000166991 0 0 0 0.000166991)
(0.00133595 0 0 0 0.000166994 0 0 0 0.000166994)
(0.00133598 0 0 0 0.000166998 0 0 0 0.000166998)
(0.00133601 0 0 0 0.000167002 0 0 0 0.000167002)
(0.00133604 0 0 0 0.000167005 0 0 0 0.000167005)
(0.00133607 0 0 0 0.000167009 0 0 0 0.000167009)
(0.0013361 0 0 0 0.000167012 0 0 0 0.000167012)
(0.00133613 0 0 0 0.000167016 0 0 0 0.000167016)
(0.00133616 0 0 0 0.00016702 0 0 0 0.00016702)
(0.00133619 0 0 0 0.000167024 0 0 0 0.000167024)
(0.00133622 0 0 0 0.000167028 0 0 0 0.000167028)
(0.00133625 0 0 0 0.000167032 0 0 0 0.000167032)
(0.00133629 0 0 0 0.000167036 0 0 0 0.000167036)
(0.00133633 0 0 0 0.000167041 0 0 0 0.000167041)
(0.00133636 0 0 0 0.000167045 0 0 0 0.000167045)
(0.0013364 0 0 0 0.00016705 0 0 0 0.00016705)
(0.00133644 0 0 0 0.000167056 0 0 0 0.000167056)
(0.00133649 0 0 0 0.000167061 0 0 0 0.000167061)
(0.00133653 0 0 0 0.000167067 0 0 0 0.000167067)
(0.00133658 0 0 0 0.000167073 0 0 0 0.000167073)
(0.00133663 0 0 0 0.000167079 0 0 0 0.000167079)
(0.00133668 0 0 0 0.000167086 0 0 0 0.000167086)
(0.00133674 0 0 0 0.000167092 0 0 0 0.000167092)
(0.0013368 0 0 0 0.0001671 0 0 0 0.0001671)
(0.00133686 0 0 0 0.000167108 0 0 0 0.000167108)
(0.00133693 0 0 0 0.000167116 0 0 0 0.000167116)
(0.00133699 0 0 0 0.000167124 0 0 0 0.000167124)
(0.00133707 0 0 0 0.000167133 0 0 0 0.000167133)
(0.00133714 0 0 0 0.000167143 0 0 0 0.000167143)
(0.00133722 0 0 0 0.000167153 0 0 0 0.000167153)
(0.00133731 0 0 0 0.000167163 0 0 0 0.000167163)
(0.00133739 0 0 0 0.000167174 0 0 0 0.000167174)
(0.00133749 0 0 0 0.000167186 0 0 0 0.000167186)
(0.00133759 0 0 0 0.000167198 0 0 0 0.000167198)
(0.00133769 0 0 0 0.000167211 0 0 0 0.000167211)
(0.0013378 0 0 0 0.000167225 0 0 0 0.000167225)
(0.00133791 0 0 0 0.000167239 0 0 0 0.000167239)
(0.00133803 0 0 0 0.000167253 0 0 0 0.000167253)
(0.00133815 0 0 0 0.000167269 0 0 0 0.000167269)
(0.00133828 0 0 0 0.000167285 0 0 0 0.000167285)
(0.00133842 0 0 0 0.000167302 0 0 0 0.000167302)
(0.00133856 0 0 0 0.00016732 0 0 0 0.00016732)
(0.00133871 0 0 0 0.000167338 0 0 0 0.000167338)
(0.00133886 0 0 0 0.000167358 0 0 0 0.000167358)
(0.00133902 0 0 0 0.000167378 0 0 0 0.000167378)
(0.00133919 0 0 0 0.000167399 0 0 0 0.000167399)
(0.00133937 0 0 0 0.000167421 0 0 0 0.000167421)
(0.00133955 0 0 0 0.000167444 0 0 0 0.000167444)
(0.00133974 0 0 0 0.000167467 0 0 0 0.000167467)
(0.00133994 0 0 0 0.000167492 0 0 0 0.000167492)
(0.00134014 0 0 0 0.000167518 0 0 0 0.000167518)
(0.00134036 0 0 0 0.000167545 0 0 0 0.000167545)
(0.00134058 0 0 0 0.000167573 0 0 0 0.000167573)
(0.00134081 0 0 0 0.000167601 0 0 0 0.000167601)
(0.00134105 0 0 0 0.000167631 0 0 0 0.000167631)
(0.0013413 0 0 0 0.000167662 0 0 0 0.000167662)
(0.00134156 0 0 0 0.000167694 0 0 0 0.000167694)
(0.00134182 0 0 0 0.000167728 0 0 0 0.000167728)
(0.0013421 0 0 0 0.000167762 0 0 0 0.000167762)
(0.00134238 0 0 0 0.000167798 0 0 0 0.000167798)
(0.00134268 0 0 0 0.000167835 0 0 0 0.000167835)
(0.00134298 0 0 0 0.000167873 0 0 0 0.000167873)
(0.0013433 0 0 0 0.000167912 0 0 0 0.000167912)
(0.00134362 0 0 0 0.000167953 0 0 0 0.000167953)
(0.00134396 0 0 0 0.000167995 0 0 0 0.000167995)
(0.00134431 0 0 0 0.000168038 0 0 0 0.000168038)
(0.00134466 0 0 0 0.000168083 0 0 0 0.000168083)
(0.00134503 0 0 0 0.000168129 0 0 0 0.000168129)
(0.00134541 0 0 0 0.000168177 0 0 0 0.000168177)
(0.0013458 0 0 0 0.000168225 0 0 0 0.000168225)
(0.0013462 0 0 0 0.000168276 0 0 0 0.000168276)
(0.00134662 0 0 0 0.000168327 0 0 0 0.000168327)
(0.00134704 0 0 0 0.00016838 0 0 0 0.00016838)
(0.00134748 0 0 0 0.000168435 0 0 0 0.000168435)
(0.00134793 0 0 0 0.000168491 0 0 0 0.000168491)
(0.00134839 0 0 0 0.000168549 0 0 0 0.000168549)
(0.00134886 0 0 0 0.000168608 0 0 0 0.000168608)
(0.00134935 0 0 0 0.000168668 0 0 0 0.000168668)
(0.00134984 0 0 0 0.000168731 0 0 0 0.000168731)
(0.00135035 0 0 0 0.000168794 0 0 0 0.000168794)
(0.00135088 0 0 0 0.00016886 0 0 0 0.00016886)
(0.00135141 0 0 0 0.000168926 0 0 0 0.000168926)
(0.00135196 0 0 0 0.000168995 0 0 0 0.000168995)
(0.00135252 0 0 0 0.000169065 0 0 0 0.000169065)
(0.00135309 0 0 0 0.000169137 0 0 0 0.000169137)
(0.00135368 0 0 0 0.00016921 0 0 0 0.00016921)
(0.00135428 0 0 0 0.000169285 0 0 0 0.000169285)
(0.00135489 0 0 0 0.000169362 0 0 0 0.000169362)
(0.00135552 0 0 0 0.00016944 0 0 0 0.00016944)
(0.00135616 0 0 0 0.00016952 0 0 0 0.00016952)
(0.00135681 0 0 0 0.000169601 0 0 0 0.000169601)
(0.00135748 0 0 0 0.000169685 0 0 0 0.000169685)
(0.00135816 0 0 0 0.00016977 0 0 0 0.00016977)
(0.00135885 0 0 0 0.000169856 0 0 0 0.000169856)
(0.00135956 0 0 0 0.000169945 0 0 0 0.000169945)
(0.00136028 0 0 0 0.000170035 0 0 0 0.000170035)
(0.00136101 0 0 0 0.000170126 0 0 0 0.000170126)
(0.00136176 0 0 0 0.00017022 0 0 0 0.00017022)
(0.00136252 0 0 0 0.000170315 0 0 0 0.000170315)
(0.00136329 0 0 0 0.000170412 0 0 0 0.000170412)
(0.00136408 0 0 0 0.000170511 0 0 0 0.000170511)
(0.00136489 0 0 0 0.000170611 0 0 0 0.000170611)
(0.0013657 0 0 0 0.000170713 0 0 0 0.000170713)
(0.00136654 0 0 0 0.000170817 0 0 0 0.000170817)
(0.00136738 0 0 0 0.000170923 0 0 0 0.000170923)
(0.00136824 0 0 0 0.00017103 0 0 0 0.00017103)
(0.00136912 0 0 0 0.00017114 0 0 0 0.00017114)
(0.00137001 0 0 0 0.000171251 0 0 0 0.000171251)
(0.00137091 0 0 0 0.000171364 0 0 0 0.000171364)
(0.00137183 0 0 0 0.000171479 0 0 0 0.000171479)
(0.00137277 0 0 0 0.000171596 0 0 0 0.000171596)
(0.00137372 0 0 0 0.000171715 0 0 0 0.000171715)
(0.00137469 0 0 0 0.000171836 0 0 0 0.000171836)
(0.00137567 0 0 0 0.000171959 0 0 0 0.000171959)
(0.00137667 0 0 0 0.000172084 0 0 0 0.000172084)
(0.00137769 0 0 0 0.000172211 0 0 0 0.000172211)
(0.00137872 0 0 0 0.00017234 0 0 0 0.00017234)
(0.00137977 0 0 0 0.000172472 0 0 0 0.000172472)
(0.00138085 0 0 0 0.000172606 0 0 0 0.000172606)
(0.00138194 0 0 0 0.000172742 0 0 0 0.000172742)
(0.00138305 0 0 0 0.000172881 0 0 0 0.000172881)
(0.00138418 0 0 0 0.000173022 0 0 0 0.000173022)
(0.00138533 0 0 0 0.000173166 0 0 0 0.000173166)
(0.0013865 0 0 0 0.000173312 0 0 0 0.000173312)
(0.00138769 0 0 0 0.000173461 0 0 0 0.000173461)
(0.00138889 0 0 0 0.000173612 0 0 0 0.000173612)
(0.00139012 0 0 0 0.000173765 0 0 0 0.000173765)
(0.00139098 0 0 0 0.000173873 0 0 0 0.000173873)
(0.0013915 0 0 0 0.000173938 0 0 0 0.000173938)
(0.00127979 0 0 0 0.000159973 0 0 0 0.000159973)
(0.00128017 0 0 0 0.000160021 0 0 0 0.000160021)
(0.0012808 0 0 0 0.0001601 0 0 0 0.0001601)
(0.00128172 0 0 0 0.000160215 0 0 0 0.000160215)
(0.00128256 0 0 0 0.00016032 0 0 0 0.00016032)
(0.00128336 0 0 0 0.00016042 0 0 0 0.00016042)
(0.00128412 0 0 0 0.000160516 0 0 0 0.000160516)
(0.00128487 0 0 0 0.000160609 0 0 0 0.000160609)
(0.0012856 0 0 0 0.0001607 0 0 0 0.0001607)
(0.00128631 0 0 0 0.000160789 0 0 0 0.000160789)
(0.00128702 0 0 0 0.000160878 0 0 0 0.000160878)
(0.00128773 0 0 0 0.000160966 0 0 0 0.000160966)
(0.00128842 0 0 0 0.000161053 0 0 0 0.000161053)
(0.00128912 0 0 0 0.00016114 0 0 0 0.00016114)
(0.00128982 0 0 0 0.000161227 0 0 0 0.000161227)
(0.00129051 0 0 0 0.000161314 0 0 0 0.000161314)
(0.0012912 0 0 0 0.0001614 0 0 0 0.0001614)
(0.00129189 0 0 0 0.000161486 0 0 0 0.000161486)
(0.00129258 0 0 0 0.000161572 0 0 0 0.000161572)
(0.00129326 0 0 0 0.000161658 0 0 0 0.000161658)
(0.00129395 0 0 0 0.000161744 0 0 0 0.000161744)
(0.00129463 0 0 0 0.000161829 0 0 0 0.000161829)
(0.00129532 0 0 0 0.000161915 0 0 0 0.000161915)
(0.001296 0 0 0 0.000162 0 0 0 0.000162)
(0.00129668 0 0 0 0.000162085 0 0 0 0.000162085)
(0.00129736 0 0 0 0.00016217 0 0 0 0.00016217)
(0.00129804 0 0 0 0.000162255 0 0 0 0.000162255)
(0.00129871 0 0 0 0.000162339 0 0 0 0.000162339)
(0.00129939 0 0 0 0.000162424 0 0 0 0.000162424)
(0.00130006 0 0 0 0.000162508 0 0 0 0.000162508)
(0.00130073 0 0 0 0.000162591 0 0 0 0.000162591)
(0.0013014 0 0 0 0.000162674 0 0 0 0.000162674)
(0.00130206 0 0 0 0.000162757 0 0 0 0.000162757)
(0.00130272 0 0 0 0.00016284 0 0 0 0.00016284)
(0.00130338 0 0 0 0.000162922 0 0 0 0.000162922)
(0.00130403 0 0 0 0.000163004 0 0 0 0.000163004)
(0.00130468 0 0 0 0.000163086 0 0 0 0.000163086)
(0.00130533 0 0 0 0.000163167 0 0 0 0.000163167)
(0.00130598 0 0 0 0.000163247 0 0 0 0.000163247)
(0.00130662 0 0 0 0.000163327 0 0 0 0.000163327)
(0.00130725 0 0 0 0.000163406 0 0 0 0.000163406)
(0.00130788 0 0 0 0.000163485 0 0 0 0.000163485)
(0.00130851 0 0 0 0.000163564 0 0 0 0.000163564)
(0.00130913 0 0 0 0.000163641 0 0 0 0.000163641)
(0.00130975 0 0 0 0.000163718 0 0 0 0.000163718)
(0.00131036 0 0 0 0.000163795 0 0 0 0.000163795)
(0.00131097 0 0 0 0.000163871 0 0 0 0.000163871)
(0.00131157 0 0 0 0.000163946 0 0 0 0.000163946)
(0.00131216 0 0 0 0.00016402 0 0 0 0.00016402)
(0.00131275 0 0 0 0.000164094 0 0 0 0.000164094)
(0.00131333 0 0 0 0.000164167 0 0 0 0.000164167)
(0.00131391 0 0 0 0.000164239 0 0 0 0.000164239)
(0.00131448 0 0 0 0.00016431 0 0 0 0.00016431)
(0.00131505 0 0 0 0.000164381 0 0 0 0.000164381)
(0.0013156 0 0 0 0.00016445 0 0 0 0.00016445)
(0.00131615 0 0 0 0.000164519 0 0 0 0.000164519)
(0.0013167 0 0 0 0.000164587 0 0 0 0.000164587)
(0.00131723 0 0 0 0.000164654 0 0 0 0.000164654)
(0.00131776 0 0 0 0.00016472 0 0 0 0.00016472)
(0.00131829 0 0 0 0.000164786 0 0 0 0.000164786)
(0.0013188 0 0 0 0.00016485 0 0 0 0.00016485)
(0.00131931 0 0 0 0.000164913 0 0 0 0.000164913)
(0.00131981 0 0 0 0.000164976 0 0 0 0.000164976)
(0.0013203 0 0 0 0.000165037 0 0 0 0.000165037)
(0.00132078 0 0 0 0.000165097 0 0 0 0.000165097)
(0.00132125 0 0 0 0.000165157 0 0 0 0.000165157)
(0.00132172 0 0 0 0.000165215 0 0 0 0.000165215)
(0.00132218 0 0 0 0.000165272 0 0 0 0.000165272)
(0.00132263 0 0 0 0.000165329 0 0 0 0.000165329)
(0.00132307 0 0 0 0.000165384 0 0 0 0.000165384)
(0.0013235 0 0 0 0.000165438 0 0 0 0.000165438)
(0.00132393 0 0 0 0.000165491 0 0 0 0.000165491)
(0.00132434 0 0 0 0.000165543 0 0 0 0.000165543)
(0.00132475 0 0 0 0.000165594 0 0 0 0.000165594)
(0.00132515 0 0 0 0.000165644 0 0 0 0.000165644)
(0.00132554 0 0 0 0.000165693 0 0 0 0.000165693)
(0.00132592 0 0 0 0.00016574 0 0 0 0.00016574)
(0.00132629 0 0 0 0.000165787 0 0 0 0.000165787)
(0.00132666 0 0 0 0.000165832 0 0 0 0.000165832)
(0.00132701 0 0 0 0.000165877 0 0 0 0.000165877)
(0.00132736 0 0 0 0.00016592 0 0 0 0.00016592)
(0.0013277 0 0 0 0.000165962 0 0 0 0.000165962)
(0.00132803 0 0 0 0.000166003 0 0 0 0.000166003)
(0.00132835 0 0 0 0.000166044 0 0 0 0.000166044)
(0.00132866 0 0 0 0.000166082 0 0 0 0.000166082)
(0.00132896 0 0 0 0.00016612 0 0 0 0.00016612)
(0.00132926 0 0 0 0.000166157 0 0 0 0.000166157)
(0.00132954 0 0 0 0.000166193 0 0 0 0.000166193)
(0.00132982 0 0 0 0.000166228 0 0 0 0.000166228)
(0.00133009 0 0 0 0.000166261 0 0 0 0.000166261)
(0.00133035 0 0 0 0.000166294 0 0 0 0.000166294)
(0.00133061 0 0 0 0.000166326 0 0 0 0.000166326)
(0.00133085 0 0 0 0.000166356 0 0 0 0.000166356)
(0.00133109 0 0 0 0.000166386 0 0 0 0.000166386)
(0.00133132 0 0 0 0.000166415 0 0 0 0.000166415)
(0.00133154 0 0 0 0.000166442 0 0 0 0.000166442)
(0.00133175 0 0 0 0.000166469 0 0 0 0.000166469)
(0.00133196 0 0 0 0.000166495 0 0 0 0.000166495)
(0.00133216 0 0 0 0.00016652 0 0 0 0.00016652)
(0.00133235 0 0 0 0.000166544 0 0 0 0.000166544)
(0.00133254 0 0 0 0.000166567 0 0 0 0.000166567)
(0.00133271 0 0 0 0.000166589 0 0 0 0.000166589)
(0.00133288 0 0 0 0.000166611 0 0 0 0.000166611)
(0.00133305 0 0 0 0.000166631 0 0 0 0.000166631)
(0.00133321 0 0 0 0.000166651 0 0 0 0.000166651)
(0.00133336 0 0 0 0.00016667 0 0 0 0.00016667)
(0.0013335 0 0 0 0.000166688 0 0 0 0.000166688)
(0.00133364 0 0 0 0.000166705 0 0 0 0.000166705)
(0.00133378 0 0 0 0.000166722 0 0 0 0.000166722)
(0.0013339 0 0 0 0.000166738 0 0 0 0.000166738)
(0.00133403 0 0 0 0.000166753 0 0 0 0.000166753)
(0.00133414 0 0 0 0.000166768 0 0 0 0.000166768)
(0.00133425 0 0 0 0.000166782 0 0 0 0.000166782)
(0.00133436 0 0 0 0.000166795 0 0 0 0.000166795)
(0.00133446 0 0 0 0.000166808 0 0 0 0.000166808)
(0.00133456 0 0 0 0.00016682 0 0 0 0.00016682)
(0.00133465 0 0 0 0.000166831 0 0 0 0.000166831)
(0.00133474 0 0 0 0.000166842 0 0 0 0.000166842)
(0.00133482 0 0 0 0.000166852 0 0 0 0.000166852)
(0.0013349 0 0 0 0.000166862 0 0 0 0.000166862)
(0.00133497 0 0 0 0.000166872 0 0 0 0.000166872)
(0.00133504 0 0 0 0.00016688 0 0 0 0.00016688)
(0.00133511 0 0 0 0.000166889 0 0 0 0.000166889)
(0.00133517 0 0 0 0.000166897 0 0 0 0.000166897)
(0.00133524 0 0 0 0.000166905 0 0 0 0.000166905)
(0.00133529 0 0 0 0.000166912 0 0 0 0.000166912)
(0.00133535 0 0 0 0.000166919 0 0 0 0.000166919)
(0.0013354 0 0 0 0.000166925 0 0 0 0.000166925)
(0.00133545 0 0 0 0.000166931 0 0 0 0.000166931)
(0.0013355 0 0 0 0.000166937 0 0 0 0.000166937)
(0.00133554 0 0 0 0.000166943 0 0 0 0.000166943)
(0.00133558 0 0 0 0.000166948 0 0 0 0.000166948)
(0.00133562 0 0 0 0.000166953 0 0 0 0.000166953)
(0.00133566 0 0 0 0.000166958 0 0 0 0.000166958)
(0.0013357 0 0 0 0.000166963 0 0 0 0.000166963)
(0.00133574 0 0 0 0.000166967 0 0 0 0.000166967)
(0.00133577 0 0 0 0.000166971 0 0 0 0.000166971)
(0.0013358 0 0 0 0.000166976 0 0 0 0.000166976)
(0.00133584 0 0 0 0.00016698 0 0 0 0.00016698)
(0.00133587 0 0 0 0.000166983 0 0 0 0.000166983)
(0.0013359 0 0 0 0.000166987 0 0 0 0.000166987)
(0.00133593 0 0 0 0.000166991 0 0 0 0.000166991)
(0.00133595 0 0 0 0.000166994 0 0 0 0.000166994)
(0.00133598 0 0 0 0.000166998 0 0 0 0.000166998)
(0.00133601 0 0 0 0.000167002 0 0 0 0.000167002)
(0.00133604 0 0 0 0.000167005 0 0 0 0.000167005)
(0.00133607 0 0 0 0.000167009 0 0 0 0.000167009)
(0.0013361 0 0 0 0.000167012 0 0 0 0.000167012)
(0.00133613 0 0 0 0.000167016 0 0 0 0.000167016)
(0.00133616 0 0 0 0.00016702 0 0 0 0.00016702)
(0.00133619 0 0 0 0.000167024 0 0 0 0.000167024)
(0.00133622 0 0 0 0.000167028 0 0 0 0.000167028)
(0.00133625 0 0 0 0.000167032 0 0 0 0.000167032)
(0.00133629 0 0 0 0.000167036 0 0 0 0.000167036)
(0.00133633 0 0 0 0.000167041 0 0 0 0.000167041)
(0.00133636 0 0 0 0.000167045 0 0 0 0.000167045)
(0.0013364 0 0 0 0.00016705 0 0 0 0.00016705)
(0.00133644 0 0 0 0.000167056 0 0 0 0.000167056)
(0.00133649 0 0 0 0.000167061 0 0 0 0.000167061)
(0.00133653 0 0 0 0.000167067 0 0 0 0.000167067)
(0.00133658 0 0 0 0.000167073 0 0 0 0.000167073)
(0.00133663 0 0 0 0.000167079 0 0 0 0.000167079)
(0.00133668 0 0 0 0.000167086 0 0 0 0.000167086)
(0.00133674 0 0 0 0.000167092 0 0 0 0.000167092)
(0.0013368 0 0 0 0.0001671 0 0 0 0.0001671)
(0.00133686 0 0 0 0.000167108 0 0 0 0.000167108)
(0.00133693 0 0 0 0.000167116 0 0 0 0.000167116)
(0.00133699 0 0 0 0.000167124 0 0 0 0.000167124)
(0.00133707 0 0 0 0.000167133 0 0 0 0.000167133)
(0.00133714 0 0 0 0.000167143 0 0 0 0.000167143)
(0.00133722 0 0 0 0.000167153 0 0 0 0.000167153)
(0.00133731 0 0 0 0.000167163 0 0 0 0.000167163)
(0.0013374 0 0 0 0.000167174 0 0 0 0.000167174)
(0.00133749 0 0 0 0.000167186 0 0 0 0.000167186)
(0.00133759 0 0 0 0.000167198 0 0 0 0.000167198)
(0.00133769 0 0 0 0.000167211 0 0 0 0.000167211)
(0.0013378 0 0 0 0.000167225 0 0 0 0.000167225)
(0.00133791 0 0 0 0.000167239 0 0 0 0.000167239)
(0.00133803 0 0 0 0.000167253 0 0 0 0.000167253)
(0.00133815 0 0 0 0.000167269 0 0 0 0.000167269)
(0.00133828 0 0 0 0.000167285 0 0 0 0.000167285)
(0.00133842 0 0 0 0.000167302 0 0 0 0.000167302)
(0.00133856 0 0 0 0.00016732 0 0 0 0.00016732)
(0.00133871 0 0 0 0.000167338 0 0 0 0.000167338)
(0.00133886 0 0 0 0.000167358 0 0 0 0.000167358)
(0.00133902 0 0 0 0.000167378 0 0 0 0.000167378)
(0.00133919 0 0 0 0.000167399 0 0 0 0.000167399)
(0.00133937 0 0 0 0.000167421 0 0 0 0.000167421)
(0.00133955 0 0 0 0.000167444 0 0 0 0.000167444)
(0.00133974 0 0 0 0.000167467 0 0 0 0.000167467)
(0.00133994 0 0 0 0.000167492 0 0 0 0.000167492)
(0.00134014 0 0 0 0.000167518 0 0 0 0.000167518)
(0.00134036 0 0 0 0.000167545 0 0 0 0.000167545)
(0.00134058 0 0 0 0.000167573 0 0 0 0.000167573)
(0.00134081 0 0 0 0.000167601 0 0 0 0.000167601)
(0.00134105 0 0 0 0.000167631 0 0 0 0.000167631)
(0.0013413 0 0 0 0.000167662 0 0 0 0.000167662)
(0.00134156 0 0 0 0.000167694 0 0 0 0.000167694)
(0.00134182 0 0 0 0.000167728 0 0 0 0.000167728)
(0.0013421 0 0 0 0.000167762 0 0 0 0.000167762)
(0.00134238 0 0 0 0.000167798 0 0 0 0.000167798)
(0.00134268 0 0 0 0.000167835 0 0 0 0.000167835)
(0.00134298 0 0 0 0.000167873 0 0 0 0.000167873)
(0.0013433 0 0 0 0.000167912 0 0 0 0.000167912)
(0.00134362 0 0 0 0.000167953 0 0 0 0.000167953)
(0.00134396 0 0 0 0.000167995 0 0 0 0.000167995)
(0.00134431 0 0 0 0.000168038 0 0 0 0.000168038)
(0.00134466 0 0 0 0.000168083 0 0 0 0.000168083)
(0.00134503 0 0 0 0.000168129 0 0 0 0.000168129)
(0.00134541 0 0 0 0.000168177 0 0 0 0.000168177)
(0.0013458 0 0 0 0.000168225 0 0 0 0.000168225)
(0.0013462 0 0 0 0.000168276 0 0 0 0.000168276)
(0.00134662 0 0 0 0.000168327 0 0 0 0.000168327)
(0.00134704 0 0 0 0.00016838 0 0 0 0.00016838)
(0.00134748 0 0 0 0.000168435 0 0 0 0.000168435)
(0.00134793 0 0 0 0.000168491 0 0 0 0.000168491)
(0.00134839 0 0 0 0.000168549 0 0 0 0.000168549)
(0.00134886 0 0 0 0.000168608 0 0 0 0.000168608)
(0.00134935 0 0 0 0.000168668 0 0 0 0.000168668)
(0.00134984 0 0 0 0.000168731 0 0 0 0.000168731)
(0.00135035 0 0 0 0.000168794 0 0 0 0.000168794)
(0.00135088 0 0 0 0.00016886 0 0 0 0.00016886)
(0.00135141 0 0 0 0.000168927 0 0 0 0.000168927)
(0.00135196 0 0 0 0.000168995 0 0 0 0.000168995)
(0.00135252 0 0 0 0.000169065 0 0 0 0.000169065)
(0.00135309 0 0 0 0.000169137 0 0 0 0.000169137)
(0.00135368 0 0 0 0.00016921 0 0 0 0.00016921)
(0.00135428 0 0 0 0.000169285 0 0 0 0.000169285)
(0.00135489 0 0 0 0.000169362 0 0 0 0.000169362)
(0.00135552 0 0 0 0.00016944 0 0 0 0.00016944)
(0.00135616 0 0 0 0.00016952 0 0 0 0.00016952)
(0.00135681 0 0 0 0.000169601 0 0 0 0.000169601)
(0.00135748 0 0 0 0.000169685 0 0 0 0.000169685)
(0.00135816 0 0 0 0.00016977 0 0 0 0.00016977)
(0.00135885 0 0 0 0.000169856 0 0 0 0.000169856)
(0.00135956 0 0 0 0.000169945 0 0 0 0.000169945)
(0.00136028 0 0 0 0.000170035 0 0 0 0.000170035)
(0.00136101 0 0 0 0.000170126 0 0 0 0.000170126)
(0.00136176 0 0 0 0.00017022 0 0 0 0.00017022)
(0.00136252 0 0 0 0.000170315 0 0 0 0.000170315)
(0.0013633 0 0 0 0.000170412 0 0 0 0.000170412)
(0.00136408 0 0 0 0.000170511 0 0 0 0.000170511)
(0.00136489 0 0 0 0.000170611 0 0 0 0.000170611)
(0.00136571 0 0 0 0.000170713 0 0 0 0.000170713)
(0.00136654 0 0 0 0.000170817 0 0 0 0.000170817)
(0.00136738 0 0 0 0.000170923 0 0 0 0.000170923)
(0.00136824 0 0 0 0.00017103 0 0 0 0.00017103)
(0.00136912 0 0 0 0.00017114 0 0 0 0.00017114)
(0.00137001 0 0 0 0.000171251 0 0 0 0.000171251)
(0.00137091 0 0 0 0.000171364 0 0 0 0.000171364)
(0.00137183 0 0 0 0.000171479 0 0 0 0.000171479)
(0.00137277 0 0 0 0.000171596 0 0 0 0.000171596)
(0.00137372 0 0 0 0.000171715 0 0 0 0.000171715)
(0.00137469 0 0 0 0.000171836 0 0 0 0.000171836)
(0.00137567 0 0 0 0.000171959 0 0 0 0.000171959)
(0.00137667 0 0 0 0.000172084 0 0 0 0.000172084)
(0.00137769 0 0 0 0.000172211 0 0 0 0.000172211)
(0.00137872 0 0 0 0.00017234 0 0 0 0.00017234)
(0.00137977 0 0 0 0.000172472 0 0 0 0.000172472)
(0.00138085 0 0 0 0.000172606 0 0 0 0.000172606)
(0.00138194 0 0 0 0.000172742 0 0 0 0.000172742)
(0.00138305 0 0 0 0.000172881 0 0 0 0.000172881)
(0.00138418 0 0 0 0.000173022 0 0 0 0.000173022)
(0.00138533 0 0 0 0.000173166 0 0 0 0.000173166)
(0.0013865 0 0 0 0.000173312 0 0 0 0.000173312)
(0.00138769 0 0 0 0.000173461 0 0 0 0.000173461)
(0.0013889 0 0 0 0.000173612 0 0 0 0.000173612)
(0.00139012 0 0 0 0.000173765 0 0 0 0.000173765)
(0.00139098 0 0 0 0.000173873 0 0 0 0.000173873)
(0.00139151 0 0 0 0.000173938 0 0 0 0.000173938)
(4.28937e-09 0 0 0 4.28937e-09 0 0 0 4.28937e-09)
(1.55173e-09 0 0 0 1.55173e-09 0 0 0 1.55173e-09)
(7.2542e-10 0 0 0 7.2542e-10 0 0 0 7.2542e-10)
(4.83054e-10 0 0 0 4.83054e-10 0 0 0 4.83054e-10)
(4.12593e-10 0 0 0 4.12593e-10 0 0 0 4.12593e-10)
(3.92186e-10 0 0 0 3.92186e-10 0 0 0 3.92186e-10)
(3.87697e-10 0 0 0 3.87697e-10 0 0 0 3.87697e-10)
(3.8554e-10 0 0 0 3.8554e-10 0 0 0 3.8554e-10)
(3.86219e-10 0 0 0 3.86219e-10 0 0 0 3.86219e-10)
(3.84426e-10 0 0 0 3.84426e-10 0 0 0 3.84426e-10)
(3.82374e-10 0 0 0 3.82374e-10 0 0 0 3.82374e-10)
(3.76671e-10 0 0 0 3.76671e-10 0 0 0 3.76671e-10)
(3.89165e-10 0 0 0 3.89165e-10 0 0 0 3.89165e-10)
(5.28273e-10 0 0 0 5.28273e-10 0 0 0 5.28273e-10)
(5.02137e-10 0 0 0 5.02137e-10 0 0 0 5.02137e-10)
(4.09465e-10 0 0 0 4.09465e-10 0 0 0 4.09465e-10)
(3.84527e-10 0 0 0 3.84527e-10 0 0 0 3.84527e-10)
(3.78188e-10 0 0 0 3.78188e-10 0 0 0 3.78188e-10)
(3.75835e-10 0 0 0 3.75835e-10 0 0 0 3.75835e-10)
(3.77339e-10 0 0 0 3.77339e-10 0 0 0 3.77339e-10)
(3.75671e-10 0 0 0 3.75671e-10 0 0 0 3.75671e-10)
(3.77685e-10 0 0 0 3.77685e-10 0 0 0 3.77685e-10)
(3.75593e-10 0 0 0 3.75593e-10 0 0 0 3.75593e-10)
(3.74448e-10 0 0 0 3.74448e-10 0 0 0 3.74448e-10)
(3.69107e-10 0 0 0 3.69107e-10 0 0 0 3.69107e-10)
(3.80773e-10 0 0 0 3.80773e-10 0 0 0 3.80773e-10)
(4.34065e-10 0 0 0 4.34065e-10 0 0 0 4.34065e-10)
(4.55663e-10 0 0 0 4.55663e-10 0 0 0 4.55663e-10)
(3.88923e-10 0 0 0 3.88923e-10 0 0 0 3.88923e-10)
(3.71093e-10 0 0 0 3.71093e-10 0 0 0 3.71093e-10)
(3.67017e-10 0 0 0 3.67017e-10 0 0 0 3.67017e-10)
(3.65371e-10 0 0 0 3.65371e-10 0 0 0 3.65371e-10)
(3.6641e-10 0 0 0 3.6641e-10 0 0 0 3.6641e-10)
(3.64684e-10 0 0 0 3.64684e-10 0 0 0 3.64684e-10)
(3.66356e-10 0 0 0 3.66356e-10 0 0 0 3.66356e-10)
(3.64341e-10 0 0 0 3.64341e-10 0 0 0 3.64341e-10)
(3.63046e-10 0 0 0 3.63046e-10 0 0 0 3.63046e-10)
(3.57779e-10 0 0 0 3.57779e-10 0 0 0 3.57779e-10)
(3.69315e-10 0 0 0 3.69315e-10 0 0 0 3.69315e-10)
(3.62179e-10 0 0 0 3.62179e-10 0 0 0 3.62179e-10)
(3.99732e-10 0 0 0 3.99732e-10 0 0 0 3.99732e-10)
(3.63528e-10 0 0 0 3.63528e-10 0 0 0 3.63528e-10)
(3.53936e-10 0 0 0 3.53936e-10 0 0 0 3.53936e-10)
(3.5238e-10 0 0 0 3.5238e-10 0 0 0 3.5238e-10)
(3.52042e-10 0 0 0 3.52042e-10 0 0 0 3.52042e-10)
(3.53564e-10 0 0 0 3.53564e-10 0 0 0 3.53564e-10)
(3.51712e-10 0 0 0 3.51712e-10 0 0 0 3.51712e-10)
(3.52797e-10 0 0 0 3.52797e-10 0 0 0 3.52797e-10)
(3.50696e-10 0 0 0 3.50696e-10 0 0 0 3.50696e-10)
(3.49182e-10 0 0 0 3.49182e-10 0 0 0 3.49182e-10)
(3.44003e-10 0 0 0 3.44003e-10 0 0 0 3.44003e-10)
(3.55394e-10 0 0 0 3.55394e-10 0 0 0 3.55394e-10)
(2.86969e-10 0 0 0 2.86969e-10 0 0 0 2.86969e-10)
(3.37558e-10 0 0 0 3.37558e-10 0 0 0 3.37558e-10)
(3.3283e-10 0 0 0 3.3283e-10 0 0 0 3.3283e-10)
(3.33217e-10 0 0 0 3.33217e-10 0 0 0 3.33217e-10)
(3.3389e-10 0 0 0 3.3389e-10 0 0 0 3.3389e-10)
(3.34251e-10 0 0 0 3.34251e-10 0 0 0 3.34251e-10)
(3.36692e-10 0 0 0 3.36692e-10 0 0 0 3.36692e-10)
(3.35838e-10 0 0 0 3.35838e-10 0 0 0 3.35838e-10)
(3.37045e-10 0 0 0 3.37045e-10 0 0 0 3.37045e-10)
(3.34891e-10 0 0 0 3.34891e-10 0 0 0 3.34891e-10)
(3.3281e-10 0 0 0 3.3281e-10 0 0 0 3.3281e-10)
(3.2728e-10 0 0 0 3.2728e-10 0 0 0 3.2728e-10)
(3.38549e-10 0 0 0 3.38549e-10 0 0 0 3.38549e-10)
(2.17832e-10 0 0 0 2.17832e-10 0 0 0 2.17832e-10)
(2.71555e-10 0 0 0 2.71555e-10 0 0 0 2.71555e-10)
(2.96279e-10 0 0 0 2.96279e-10 0 0 0 2.96279e-10)
(3.07631e-10 0 0 0 3.07631e-10 0 0 0 3.07631e-10)
(3.11939e-10 0 0 0 3.11939e-10 0 0 0 3.11939e-10)
(3.12549e-10 0 0 0 3.12549e-10 0 0 0 3.12549e-10)
(3.1394e-10 0 0 0 3.1394e-10 0 0 0 3.1394e-10)
(3.14186e-10 0 0 0 3.14186e-10 0 0 0 3.14186e-10)
(3.16089e-10 0 0 0 3.16089e-10 0 0 0 3.16089e-10)
(3.14932e-10 0 0 0 3.14932e-10 0 0 0 3.14932e-10)
(3.13815e-10 0 0 0 3.13815e-10 0 0 0 3.13815e-10)
(3.07018e-10 0 0 0 3.07018e-10 0 0 0 3.07018e-10)
(3.18194e-10 0 0 0 3.18194e-10 0 0 0 3.18194e-10)
(1.62368e-10 0 0 0 1.62368e-10 0 0 0 1.62368e-10)
(2.0361e-10 0 0 0 2.0361e-10 0 0 0 2.0361e-10)
(2.53742e-10 0 0 0 2.53742e-10 0 0 0 2.53742e-10)
(2.76427e-10 0 0 0 2.76427e-10 0 0 0 2.76427e-10)
(2.8489e-10 0 0 0 2.8489e-10 0 0 0 2.8489e-10)
(2.86589e-10 0 0 0 2.86589e-10 0 0 0 2.86589e-10)
(2.87936e-10 0 0 0 2.87936e-10 0 0 0 2.87936e-10)
(2.87222e-10 0 0 0 2.87222e-10 0 0 0 2.87222e-10)
(2.88117e-10 0 0 0 2.88117e-10 0 0 0 2.88117e-10)
(2.87235e-10 0 0 0 2.87235e-10 0 0 0 2.87235e-10)
(2.88083e-10 0 0 0 2.88083e-10 0 0 0 2.88083e-10)
(2.82513e-10 0 0 0 2.82513e-10 0 0 0 2.82513e-10)
(2.93675e-10 0 0 0 2.93675e-10 0 0 0 2.93675e-10)
(1.28498e-10 0 0 0 1.28498e-10 0 0 0 1.28498e-10)
(1.38158e-10 0 0 0 1.38158e-10 0 0 0 1.38158e-10)
(2.06061e-10 0 0 0 2.06061e-10 0 0 0 2.06061e-10)
(2.39064e-10 0 0 0 2.39064e-10 0 0 0 2.39064e-10)
(2.51741e-10 0 0 0 2.51741e-10 0 0 0 2.51741e-10)
(2.54625e-10 0 0 0 2.54625e-10 0 0 0 2.54625e-10)
(2.56024e-10 0 0 0 2.56024e-10 0 0 0 2.56024e-10)
(2.55498e-10 0 0 0 2.55498e-10 0 0 0 2.55498e-10)
(2.5635e-10 0 0 0 2.5635e-10 0 0 0 2.5635e-10)
(2.55375e-10 0 0 0 2.55375e-10 0 0 0 2.55375e-10)
(2.55508e-10 0 0 0 2.55508e-10 0 0 0 2.55508e-10)
(2.52938e-10 0 0 0 2.52938e-10 0 0 0 2.52938e-10)
(2.64225e-10 0 0 0 2.64225e-10 0 0 0 2.64225e-10)
(1.18553e-10 0 0 0 1.18553e-10 0 0 0 1.18553e-10)
(8.5838e-11 0 0 0 8.5838e-11 0 0 0 8.5838e-11)
(1.55825e-10 0 0 0 1.55825e-10 0 0 0 1.55825e-10)
(1.95436e-10 0 0 0 1.95436e-10 0 0 0 1.95436e-10)
(2.11446e-10 0 0 0 2.11446e-10 0 0 0 2.11446e-10)
(2.15387e-10 0 0 0 2.15387e-10 0 0 0 2.15387e-10)
(2.16856e-10 0 0 0 2.16856e-10 0 0 0 2.16856e-10)
(2.16503e-10 0 0 0 2.16503e-10 0 0 0 2.16503e-10)
(2.17451e-10 0 0 0 2.17451e-10 0 0 0 2.17451e-10)
(2.16921e-10 0 0 0 2.16921e-10 0 0 0 2.16921e-10)
(2.18184e-10 0 0 0 2.18184e-10 0 0 0 2.18184e-10)
(2.17294e-10 0 0 0 2.17294e-10 0 0 0 2.17294e-10)
(2.28983e-10 0 0 0 2.28983e-10 0 0 0 2.28983e-10)
(1.21994e-10 0 0 0 1.21994e-10 0 0 0 1.21994e-10)
(7.2103e-11 0 0 0 7.2103e-11 0 0 0 7.2103e-11)
(1.08931e-10 0 0 0 1.08931e-10 0 0 0 1.08931e-10)
(1.46167e-10 0 0 0 1.46167e-10 0 0 0 1.46167e-10)
(1.63008e-10 0 0 0 1.63008e-10 0 0 0 1.63008e-10)
(1.6745e-10 0 0 0 1.6745e-10 0 0 0 1.6745e-10)
(1.68921e-10 0 0 0 1.68921e-10 0 0 0 1.68921e-10)
(1.68711e-10 0 0 0 1.68711e-10 0 0 0 1.68711e-10)
(1.69921e-10 0 0 0 1.69921e-10 0 0 0 1.69921e-10)
(1.69993e-10 0 0 0 1.69993e-10 0 0 0 1.69993e-10)
(1.73035e-10 0 0 0 1.73035e-10 0 0 0 1.73035e-10)
(1.74354e-10 0 0 0 1.74354e-10 0 0 0 1.74354e-10)
(1.86949e-10 0 0 0 1.86949e-10 0 0 0 1.86949e-10)
(1.26291e-10 0 0 0 1.26291e-10 0 0 0 1.26291e-10)
(9.66495e-11 0 0 0 9.66495e-11 0 0 0 9.66495e-11)
(7.65853e-11 0 0 0 7.65853e-11 0 0 0 7.65853e-11)
(9.26745e-11 0 0 0 9.26745e-11 0 0 0 9.26745e-11)
(1.05419e-10 0 0 0 1.05419e-10 0 0 0 1.05419e-10)
(1.09185e-10 0 0 0 1.09185e-10 0 0 0 1.09185e-10)
(1.10449e-10 0 0 0 1.10449e-10 0 0 0 1.10449e-10)
(1.10324e-10 0 0 0 1.10324e-10 0 0 0 1.10324e-10)
(1.11941e-10 0 0 0 1.11941e-10 0 0 0 1.11941e-10)
(1.12765e-10 0 0 0 1.12765e-10 0 0 0 1.12765e-10)
(1.18217e-10 0 0 0 1.18217e-10 0 0 0 1.18217e-10)
(1.22504e-10 0 0 0 1.22504e-10 0 0 0 1.22504e-10)
(1.37013e-10 0 0 0 1.37013e-10 0 0 0 1.37013e-10)
(1.27265e-10 0 0 0 1.27265e-10 0 0 0 1.27265e-10)
(1.2056e-10 0 0 0 1.2056e-10 0 0 0 1.2056e-10)
(6.76348e-11 0 0 0 6.76348e-11 0 0 0 6.76348e-11)
(3.8743e-11 0 0 0 3.8743e-11 0 0 0 3.8743e-11)
(3.75105e-11 0 0 0 3.75105e-11 0 0 0 3.75105e-11)
(3.85822e-11 0 0 0 3.85822e-11 0 0 0 3.85822e-11)
(3.92261e-11 0 0 0 3.92261e-11 0 0 0 3.92261e-11)
(3.90927e-11 0 0 0 3.90927e-11 0 0 0 3.90927e-11)
(4.11477e-11 0 0 0 4.11477e-11 0 0 0 4.11477e-11)
(4.27622e-11 0 0 0 4.27622e-11 0 0 0 4.27622e-11)
(5.11629e-11 0 0 0 5.11629e-11 0 0 0 5.11629e-11)
(5.93874e-11 0 0 0 5.93874e-11 0 0 0 5.93874e-11)
(7.78598e-11 0 0 0 7.78598e-11 0 0 0 7.78598e-11)
(1.27265e-10 0 0 0 1.27265e-10 0 0 0 1.27265e-10)
(1.20559e-10 0 0 0 1.20559e-10 0 0 0 1.20559e-10)
(6.76333e-11 0 0 0 6.76333e-11 0 0 0 6.76333e-11)
(3.87776e-11 0 0 0 3.87776e-11 0 0 0 3.87776e-11)
(3.75348e-11 0 0 0 3.75348e-11 0 0 0 3.75348e-11)
(3.8819e-11 0 0 0 3.8819e-11 0 0 0 3.8819e-11)
(3.90116e-11 0 0 0 3.90116e-11 0 0 0 3.90116e-11)
(3.92286e-11 0 0 0 3.92286e-11 0 0 0 3.92286e-11)
(3.70136e-11 0 0 0 3.70136e-11 0 0 0 3.70136e-11)
(3.49739e-11 0 0 0 3.49739e-11 0 0 0 3.49739e-11)
(2.43079e-11 0 0 0 2.43079e-11 0 0 0 2.43079e-11)
(1.72655e-11 0 0 0 1.72655e-11 0 0 0 1.72655e-11)
(2.18346e-11 0 0 0 2.18346e-11 0 0 0 2.18346e-11)
(1.2629e-10 0 0 0 1.2629e-10 0 0 0 1.2629e-10)
(9.66469e-11 0 0 0 9.66469e-11 0 0 0 9.66469e-11)
(7.65847e-11 0 0 0 7.65847e-11 0 0 0 7.65847e-11)
(9.27088e-11 0 0 0 9.27088e-11 0 0 0 9.27088e-11)
(1.05438e-10 0 0 0 1.05438e-10 0 0 0 1.05438e-10)
(1.0938e-10 0 0 0 1.0938e-10 0 0 0 1.0938e-10)
(1.10283e-10 0 0 0 1.10283e-10 0 0 0 1.10283e-10)
(1.10508e-10 0 0 0 1.10508e-10 0 0 0 1.10508e-10)
(1.0861e-10 0 0 0 1.0861e-10 0 0 0 1.0861e-10)
(1.0666e-10 0 0 0 1.0666e-10 0 0 0 1.0666e-10)
(9.49457e-11 0 0 0 9.49457e-11 0 0 0 9.49457e-11)
(8.35117e-11 0 0 0 8.35117e-11 0 0 0 8.35117e-11)
(5.70721e-11 0 0 0 5.70721e-11 0 0 0 5.70721e-11)
(1.21994e-10 0 0 0 1.21994e-10 0 0 0 1.21994e-10)
(7.21023e-11 0 0 0 7.21023e-11 0 0 0 7.21023e-11)
(1.08933e-10 0 0 0 1.08933e-10 0 0 0 1.08933e-10)
(1.4619e-10 0 0 0 1.4619e-10 0 0 0 1.4619e-10)
(1.63017e-10 0 0 0 1.63017e-10 0 0 0 1.63017e-10)
(1.67577e-10 0 0 0 1.67577e-10 0 0 0 1.67577e-10)
(1.68801e-10 0 0 0 1.68801e-10 0 0 0 1.68801e-10)
(1.68876e-10 0 0 0 1.68876e-10 0 0 0 1.68876e-10)
(1.67622e-10 0 0 0 1.67622e-10 0 0 0 1.67622e-10)
(1.66021e-10 0 0 0 1.66021e-10 0 0 0 1.66021e-10)
(1.55325e-10 0 0 0 1.55325e-10 0 0 0 1.55325e-10)
(1.44298e-10 0 0 0 1.44298e-10 0 0 0 1.44298e-10)
(1.10599e-10 0 0 0 1.10599e-10 0 0 0 1.10599e-10)
(1.18553e-10 0 0 0 1.18553e-10 0 0 0 1.18553e-10)
(8.58403e-11 0 0 0 8.58403e-11 0 0 0 8.58403e-11)
(1.55827e-10 0 0 0 1.55827e-10 0 0 0 1.55827e-10)
(1.95446e-10 0 0 0 1.95446e-10 0 0 0 1.95446e-10)
(2.11444e-10 0 0 0 2.11444e-10 0 0 0 2.11444e-10)
(2.15439e-10 0 0 0 2.15439e-10 0 0 0 2.15439e-10)
(2.16766e-10 0 0 0 2.16766e-10 0 0 0 2.16766e-10)
(2.16549e-10 0 0 0 2.16549e-10 0 0 0 2.16549e-10)
(2.16083e-10 0 0 0 2.16083e-10 0 0 0 2.16083e-10)
(2.14714e-10 0 0 0 2.14714e-10 0 0 0 2.14714e-10)
(2.06465e-10 0 0 0 2.06465e-10 0 0 0 2.06465e-10)
(1.97373e-10 0 0 0 1.97373e-10 0 0 0 1.97373e-10)
(1.60086e-10 0 0 0 1.60086e-10 0 0 0 1.60086e-10)
(1.28499e-10 0 0 0 1.28499e-10 0 0 0 1.28499e-10)
(1.3816e-10 0 0 0 1.3816e-10 0 0 0 1.3816e-10)
(2.06063e-10 0 0 0 2.06063e-10 0 0 0 2.06063e-10)
(2.39063e-10 0 0 0 2.39063e-10 0 0 0 2.39063e-10)
(2.51729e-10 0 0 0 2.51729e-10 0 0 0 2.51729e-10)
(2.54602e-10 0 0 0 2.54602e-10 0 0 0 2.54602e-10)
(2.55948e-10 0 0 0 2.55948e-10 0 0 0 2.55948e-10)
(2.55337e-10 0 0 0 2.55337e-10 0 0 0 2.55337e-10)
(2.55693e-10 0 0 0 2.55693e-10 0 0 0 2.55693e-10)
(2.54253e-10 0 0 0 2.54253e-10 0 0 0 2.54253e-10)
(2.49339e-10 0 0 0 2.49339e-10 0 0 0 2.49339e-10)
(2.42551e-10 0 0 0 2.42551e-10 0 0 0 2.42551e-10)
(2.05574e-10 0 0 0 2.05574e-10 0 0 0 2.05574e-10)
(1.62369e-10 0 0 0 1.62369e-10 0 0 0 1.62369e-10)
(2.03611e-10 0 0 0 2.03611e-10 0 0 0 2.03611e-10)
(2.53741e-10 0 0 0 2.53741e-10 0 0 0 2.53741e-10)
(2.76415e-10 0 0 0 2.76415e-10 0 0 0 2.76415e-10)
(2.8487e-10 0 0 0 2.8487e-10 0 0 0 2.8487e-10)
(2.865e-10 0 0 0 2.865e-10 0 0 0 2.865e-10)
(2.87865e-10 0 0 0 2.87865e-10 0 0 0 2.87865e-10)
(2.86799e-10 0 0 0 2.86799e-10 0 0 0 2.86799e-10)
(2.87958e-10 0 0 0 2.87958e-10 0 0 0 2.87958e-10)
(2.86409e-10 0 0 0 2.86409e-10 0 0 0 2.86409e-10)
(2.86724e-10 0 0 0 2.86724e-10 0 0 0 2.86724e-10)
(2.79859e-10 0 0 0 2.79859e-10 0 0 0 2.79859e-10)
(2.47335e-10 0 0 0 2.47335e-10 0 0 0 2.47335e-10)
(2.17833e-10 0 0 0 2.17833e-10 0 0 0 2.17833e-10)
(2.71554e-10 0 0 0 2.71554e-10 0 0 0 2.71554e-10)
(2.96277e-10 0 0 0 2.96277e-10 0 0 0 2.96277e-10)
(3.07611e-10 0 0 0 3.07611e-10 0 0 0 3.07611e-10)
(3.11914e-10 0 0 0 3.11914e-10 0 0 0 3.11914e-10)
(3.12402e-10 0 0 0 3.12402e-10 0 0 0 3.12402e-10)
(3.13868e-10 0 0 0 3.13868e-10 0 0 0 3.13868e-10)
(3.13498e-10 0 0 0 3.13498e-10 0 0 0 3.13498e-10)
(3.16234e-10 0 0 0 3.16234e-10 0 0 0 3.16234e-10)
(3.14047e-10 0 0 0 3.14047e-10 0 0 0 3.14047e-10)
(3.16625e-10 0 0 0 3.16625e-10 0 0 0 3.16625e-10)
(3.09738e-10 0 0 0 3.09738e-10 0 0 0 3.09738e-10)
(2.8553e-10 0 0 0 2.8553e-10 0 0 0 2.8553e-10)
(2.8697e-10 0 0 0 2.8697e-10 0 0 0 2.8697e-10)
(3.37557e-10 0 0 0 3.37557e-10 0 0 0 3.37557e-10)
(3.32827e-10 0 0 0 3.32827e-10 0 0 0 3.32827e-10)
(3.33191e-10 0 0 0 3.33191e-10 0 0 0 3.33191e-10)
(3.33861e-10 0 0 0 3.33861e-10 0 0 0 3.33861e-10)
(3.34057e-10 0 0 0 3.34057e-10 0 0 0 3.34057e-10)
(3.36621e-10 0 0 0 3.36621e-10 0 0 0 3.36621e-10)
(3.34858e-10 0 0 0 3.34858e-10 0 0 0 3.34858e-10)
(3.37411e-10 0 0 0 3.37411e-10 0 0 0 3.37411e-10)
(3.33515e-10 0 0 0 3.33515e-10 0 0 0 3.33515e-10)
(3.39048e-10 0 0 0 3.39048e-10 0 0 0 3.39048e-10)
(3.32974e-10 0 0 0 3.32974e-10 0 0 0 3.32974e-10)
(3.20269e-10 0 0 0 3.20269e-10 0 0 0 3.20269e-10)
(3.6218e-10 0 0 0 3.6218e-10 0 0 0 3.6218e-10)
(3.99729e-10 0 0 0 3.99729e-10 0 0 0 3.99729e-10)
(3.63525e-10 0 0 0 3.63525e-10 0 0 0 3.63525e-10)
(3.53906e-10 0 0 0 3.53906e-10 0 0 0 3.53906e-10)
(3.52352e-10 0 0 0 3.52352e-10 0 0 0 3.52352e-10)
(3.51808e-10 0 0 0 3.51808e-10 0 0 0 3.51808e-10)
(3.53492e-10 0 0 0 3.53492e-10 0 0 0 3.53492e-10)
(3.50469e-10 0 0 0 3.50469e-10 0 0 0 3.50469e-10)
(3.53311e-10 0 0 0 3.53311e-10 0 0 0 3.53311e-10)
(3.48628e-10 0 0 0 3.48628e-10 0 0 0 3.48628e-10)
(3.57729e-10 0 0 0 3.57729e-10 0 0 0 3.57729e-10)
(3.50581e-10 0 0 0 3.50581e-10 0 0 0 3.50581e-10)
(3.51618e-10 0 0 0 3.51618e-10 0 0 0 3.51618e-10)
(4.34066e-10 0 0 0 4.34066e-10 0 0 0 4.34066e-10)
(4.55659e-10 0 0 0 4.55659e-10 0 0 0 4.55659e-10)
(3.8892e-10 0 0 0 3.8892e-10 0 0 0 3.8892e-10)
(3.71059e-10 0 0 0 3.71059e-10 0 0 0 3.71059e-10)
(3.66987e-10 0 0 0 3.66987e-10 0 0 0 3.66987e-10)
(3.65106e-10 0 0 0 3.65106e-10 0 0 0 3.65106e-10)
(3.66346e-10 0 0 0 3.66346e-10 0 0 0 3.66346e-10)
(3.63208e-10 0 0 0 3.63208e-10 0 0 0 3.63208e-10)
(3.66964e-10 0 0 0 3.66964e-10 0 0 0 3.66964e-10)
(3.6145e-10 0 0 0 3.6145e-10 0 0 0 3.6145e-10)
(3.73528e-10 0 0 0 3.73528e-10 0 0 0 3.73528e-10)
(3.63587e-10 0 0 0 3.63587e-10 0 0 0 3.63587e-10)
(3.79626e-10 0 0 0 3.79626e-10 0 0 0 3.79626e-10)
(5.28275e-10 0 0 0 5.28275e-10 0 0 0 5.28275e-10)
(5.02133e-10 0 0 0 5.02133e-10 0 0 0 5.02133e-10)
(4.09462e-10 0 0 0 4.09462e-10 0 0 0 4.09462e-10)
(3.8449e-10 0 0 0 3.8449e-10 0 0 0 3.8449e-10)
(3.78159e-10 0 0 0 3.78159e-10 0 0 0 3.78159e-10)
(3.75545e-10 0 0 0 3.75545e-10 0 0 0 3.75545e-10)
(3.77282e-10 0 0 0 3.77282e-10 0 0 0 3.77282e-10)
(3.73989e-10 0 0 0 3.73989e-10 0 0 0 3.73989e-10)
(3.78353e-10 0 0 0 3.78353e-10 0 0 0 3.78353e-10)
(3.7188e-10 0 0 0 3.7188e-10 0 0 0 3.7188e-10)
(3.86438e-10 0 0 0 3.86438e-10 0 0 0 3.86438e-10)
(3.72969e-10 0 0 0 3.72969e-10 0 0 0 3.72969e-10)
(4.04337e-10 0 0 0 4.04337e-10 0 0 0 4.04337e-10)
(4.28937e-09 0 0 0 4.28937e-09 0 0 0 4.28937e-09)
(1.55173e-09 0 0 0 1.55173e-09 0 0 0 1.55173e-09)
(7.2541e-10 0 0 0 7.2541e-10 0 0 0 7.2541e-10)
(4.83014e-10 0 0 0 4.83014e-10 0 0 0 4.83014e-10)
(4.12532e-10 0 0 0 4.12532e-10 0 0 0 4.12532e-10)
(3.91957e-10 0 0 0 3.91957e-10 0 0 0 3.91957e-10)
(3.87582e-10 0 0 0 3.87582e-10 0 0 0 3.87582e-10)
(3.84939e-10 0 0 0 3.84939e-10 0 0 0 3.84939e-10)
(3.8865e-10 0 0 0 3.8865e-10 0 0 0 3.8865e-10)
(3.91386e-10 0 0 0 3.91386e-10 0 0 0 3.91386e-10)
(4.21329e-10 0 0 0 4.21329e-10 0 0 0 4.21329e-10)
(4.90259e-10 0 0 0 4.90259e-10 0 0 0 4.90259e-10)
(7.89246e-10 0 0 0 7.89246e-10 0 0 0 7.89246e-10)
(1.90633e-09 0 0 0 1.90633e-09 0 0 0 1.90633e-09)
(6.89597e-10 0 0 0 6.89597e-10 0 0 0 6.89597e-10)
(3.22373e-10 0 0 0 3.22373e-10 0 0 0 3.22373e-10)
(2.14635e-10 0 0 0 2.14635e-10 0 0 0 2.14635e-10)
(1.83334e-10 0 0 0 1.83334e-10 0 0 0 1.83334e-10)
(1.74198e-10 0 0 0 1.74198e-10 0 0 0 1.74198e-10)
(1.72258e-10 0 0 0 1.72258e-10 0 0 0 1.72258e-10)
(1.71078e-10 0 0 0 1.71078e-10 0 0 0 1.71078e-10)
(1.72728e-10 0 0 0 1.72728e-10 0 0 0 1.72728e-10)
(1.73932e-10 0 0 0 1.73932e-10 0 0 0 1.73932e-10)
(1.87242e-10 0 0 0 1.87242e-10 0 0 0 1.87242e-10)
(2.17862e-10 0 0 0 2.17862e-10 0 0 0 2.17862e-10)
(3.45124e-10 0 0 0 3.45124e-10 0 0 0 3.45124e-10)
(2.34755e-10 0 0 0 2.34755e-10 0 0 0 2.34755e-10)
(2.2311e-10 0 0 0 2.2311e-10 0 0 0 2.2311e-10)
(1.81962e-10 0 0 0 1.81962e-10 0 0 0 1.81962e-10)
(1.70879e-10 0 0 0 1.70879e-10 0 0 0 1.70879e-10)
(1.68071e-10 0 0 0 1.68071e-10 0 0 0 1.68071e-10)
(1.66902e-10 0 0 0 1.66902e-10 0 0 0 1.66902e-10)
(1.6768e-10 0 0 0 1.6768e-10 0 0 0 1.6768e-10)
(1.6621e-10 0 0 0 1.6621e-10 0 0 0 1.6621e-10)
(1.68154e-10 0 0 0 1.68154e-10 0 0 0 1.68154e-10)
(1.65261e-10 0 0 0 1.65261e-10 0 0 0 1.65261e-10)
(1.7174e-10 0 0 0 1.7174e-10 0 0 0 1.7174e-10)
(1.65728e-10 0 0 0 1.65728e-10 0 0 0 1.65728e-10)
(1.76814e-10 0 0 0 1.76814e-10 0 0 0 1.76814e-10)
(1.92905e-10 0 0 0 1.92905e-10 0 0 0 1.92905e-10)
(2.02465e-10 0 0 0 2.02465e-10 0 0 0 2.02465e-10)
(1.72835e-10 0 0 0 1.72835e-10 0 0 0 1.72835e-10)
(1.6491e-10 0 0 0 1.6491e-10 0 0 0 1.6491e-10)
(1.63111e-10 0 0 0 1.63111e-10 0 0 0 1.63111e-10)
(1.62268e-10 0 0 0 1.62268e-10 0 0 0 1.62268e-10)
(1.62818e-10 0 0 0 1.62818e-10 0 0 0 1.62818e-10)
(1.61417e-10 0 0 0 1.61417e-10 0 0 0 1.61417e-10)
(1.63091e-10 0 0 0 1.63091e-10 0 0 0 1.63091e-10)
(1.60627e-10 0 0 0 1.60627e-10 0 0 0 1.60627e-10)
(1.66002e-10 0 0 0 1.66002e-10 0 0 0 1.66002e-10)
(1.61567e-10 0 0 0 1.61567e-10 0 0 0 1.61567e-10)
(1.66004e-10 0 0 0 1.66004e-10 0 0 0 1.66004e-10)
(1.60976e-10 0 0 0 1.60976e-10 0 0 0 1.60976e-10)
(1.77618e-10 0 0 0 1.77618e-10 0 0 0 1.77618e-10)
(1.6155e-10 0 0 0 1.6155e-10 0 0 0 1.6155e-10)
(1.57286e-10 0 0 0 1.57286e-10 0 0 0 1.57286e-10)
(1.56604e-10 0 0 0 1.56604e-10 0 0 0 1.56604e-10)
(1.56361e-10 0 0 0 1.56361e-10 0 0 0 1.56361e-10)
(1.57112e-10 0 0 0 1.57112e-10 0 0 0 1.57112e-10)
(1.55757e-10 0 0 0 1.55757e-10 0 0 0 1.55757e-10)
(1.57021e-10 0 0 0 1.57021e-10 0 0 0 1.57021e-10)
(1.54929e-10 0 0 0 1.54929e-10 0 0 0 1.54929e-10)
(1.58979e-10 0 0 0 1.58979e-10 0 0 0 1.58979e-10)
(1.55795e-10 0 0 0 1.55795e-10 0 0 0 1.55795e-10)
(1.53745e-10 0 0 0 1.53745e-10 0 0 0 1.53745e-10)
(1.27565e-10 0 0 0 1.27565e-10 0 0 0 1.27565e-10)
(1.49997e-10 0 0 0 1.49997e-10 0 0 0 1.49997e-10)
(1.4791e-10 0 0 0 1.4791e-10 0 0 0 1.4791e-10)
(1.48081e-10 0 0 0 1.48081e-10 0 0 0 1.48081e-10)
(1.48384e-10 0 0 0 1.48384e-10 0 0 0 1.48384e-10)
(1.48469e-10 0 0 0 1.48469e-10 0 0 0 1.48469e-10)
(1.49614e-10 0 0 0 1.49614e-10 0 0 0 1.49614e-10)
(1.48826e-10 0 0 0 1.48826e-10 0 0 0 1.48826e-10)
(1.49962e-10 0 0 0 1.49962e-10 0 0 0 1.49962e-10)
(1.48213e-10 0 0 0 1.48213e-10 0 0 0 1.48213e-10)
(1.50684e-10 0 0 0 1.50684e-10 0 0 0 1.50684e-10)
(1.47977e-10 0 0 0 1.47977e-10 0 0 0 1.47977e-10)
(1.40021e-10 0 0 0 1.40021e-10 0 0 0 1.40021e-10)
(9.68472e-11 0 0 0 9.68472e-11 0 0 0 9.68472e-11)
(1.20674e-10 0 0 0 1.20674e-10 0 0 0 1.20674e-10)
(1.3167e-10 0 0 0 1.3167e-10 0 0 0 1.3167e-10)
(1.36714e-10 0 0 0 1.36714e-10 0 0 0 1.36714e-10)
(1.38629e-10 0 0 0 1.38629e-10 0 0 0 1.38629e-10)
(1.38844e-10 0 0 0 1.38844e-10 0 0 0 1.38844e-10)
(1.39495e-10 0 0 0 1.39495e-10 0 0 0 1.39495e-10)
(1.39333e-10 0 0 0 1.39333e-10 0 0 0 1.39333e-10)
(1.40547e-10 0 0 0 1.40547e-10 0 0 0 1.40547e-10)
(1.39573e-10 0 0 0 1.39573e-10 0 0 0 1.39573e-10)
(1.40721e-10 0 0 0 1.40721e-10 0 0 0 1.40721e-10)
(1.37656e-10 0 0 0 1.37656e-10 0 0 0 1.37656e-10)
(1.2483e-10 0 0 0 1.2483e-10 0 0 0 1.2483e-10)
(7.21992e-11 0 0 0 7.21992e-11 0 0 0 7.21992e-11)
(9.04895e-11 0 0 0 9.04895e-11 0 0 0 9.04895e-11)
(1.12771e-10 0 0 0 1.12771e-10 0 0 0 1.12771e-10)
(1.22851e-10 0 0 0 1.22851e-10 0 0 0 1.22851e-10)
(1.2661e-10 0 0 0 1.2661e-10 0 0 0 1.2661e-10)
(1.27333e-10 0 0 0 1.27333e-10 0 0 0 1.27333e-10)
(1.2794e-10 0 0 0 1.2794e-10 0 0 0 1.2794e-10)
(1.27465e-10 0 0 0 1.27465e-10 0 0 0 1.27465e-10)
(1.27979e-10 0 0 0 1.27979e-10 0 0 0 1.27979e-10)
(1.2727e-10 0 0 0 1.2727e-10 0 0 0 1.2727e-10)
(1.27474e-10 0 0 0 1.27474e-10 0 0 0 1.27474e-10)
(1.2438e-10 0 0 0 1.2438e-10 0 0 0 1.2438e-10)
(1.08124e-10 0 0 0 1.08124e-10 0 0 0 1.08124e-10)
(5.71402e-11 0 0 0 5.71402e-11 0 0 0 5.71402e-11)
(6.14118e-11 0 0 0 6.14118e-11 0 0 0 6.14118e-11)
(9.15873e-11 0 0 0 9.15873e-11 0 0 0 9.15873e-11)
(1.06253e-10 0 0 0 1.06253e-10 0 0 0 1.06253e-10)
(1.11881e-10 0 0 0 1.11881e-10 0 0 0 1.11881e-10)
(1.13156e-10 0 0 0 1.13156e-10 0 0 0 1.13156e-10)
(1.13755e-10 0 0 0 1.13755e-10 0 0 0 1.13755e-10)
(1.13483e-10 0 0 0 1.13483e-10 0 0 0 1.13483e-10)
(1.1364e-10 0 0 0 1.1364e-10 0 0 0 1.1364e-10)
(1.13e-10 0 0 0 1.13e-10 0 0 0 1.13e-10)
(1.10814e-10 0 0 0 1.10814e-10 0 0 0 1.10814e-10)
(1.078e-10 0 0 0 1.078e-10 0 0 0 1.078e-10)
(8.98484e-11 0 0 0 8.98484e-11 0 0 0 8.98484e-11)
(5.27129e-11 0 0 0 5.27129e-11 0 0 0 5.27129e-11)
(3.81665e-11 0 0 0 3.81665e-11 0 0 0 3.81665e-11)
(6.92677e-11 0 0 0 6.92677e-11 0 0 0 6.92677e-11)
(8.68706e-11 0 0 0 8.68706e-11 0 0 0 8.68706e-11)
(9.39767e-11 0 0 0 9.39767e-11 0 0 0 9.39767e-11)
(9.57507e-11 0 0 0 9.57507e-11 0 0 0 9.57507e-11)
(9.63407e-11 0 0 0 9.63407e-11 0 0 0 9.63407e-11)
(9.62452e-11 0 0 0 9.62452e-11 0 0 0 9.62452e-11)
(9.6037e-11 0 0 0 9.6037e-11 0 0 0 9.6037e-11)
(9.54305e-11 0 0 0 9.54305e-11 0 0 0 9.54305e-11)
(9.17589e-11 0 0 0 9.17589e-11 0 0 0 9.17589e-11)
(8.77194e-11 0 0 0 8.77194e-11 0 0 0 8.77194e-11)
(6.99429e-11 0 0 0 6.99429e-11 0 0 0 6.99429e-11)
(5.42438e-11 0 0 0 5.42438e-11 0 0 0 5.42438e-11)
(3.20551e-11 0 0 0 3.20551e-11 0 0 0 3.20551e-11)
(4.84293e-11 0 0 0 4.84293e-11 0 0 0 4.84293e-11)
(6.49811e-11 0 0 0 6.49811e-11 0 0 0 6.49811e-11)
(7.24541e-11 0 0 0 7.24541e-11 0 0 0 7.24541e-11)
(7.44793e-11 0 0 0 7.44793e-11 0 0 0 7.44793e-11)
(7.50232e-11 0 0 0 7.50232e-11 0 0 0 7.50232e-11)
(7.50582e-11 0 0 0 7.50582e-11 0 0 0 7.50582e-11)
(7.45004e-11 0 0 0 7.45004e-11 0 0 0 7.45004e-11)
(7.37911e-11 0 0 0 7.37911e-11 0 0 0 7.37911e-11)
(6.90314e-11 0 0 0 6.90314e-11 0 0 0 6.90314e-11)
(6.41285e-11 0 0 0 6.41285e-11 0 0 0 6.41285e-11)
(4.83032e-11 0 0 0 4.83032e-11 0 0 0 4.83032e-11)
(5.61638e-11 0 0 0 5.61638e-11 0 0 0 5.61638e-11)
(4.29548e-11 0 0 0 4.29548e-11 0 0 0 4.29548e-11)
(3.40424e-11 0 0 0 3.40424e-11 0 0 0 3.40424e-11)
(4.12104e-11 0 0 0 4.12104e-11 0 0 0 4.12104e-11)
(4.68632e-11 0 0 0 4.68632e-11 0 0 0 4.68632e-11)
(4.86141e-11 0 0 0 4.86141e-11 0 0 0 4.86141e-11)
(4.90155e-11 0 0 0 4.90155e-11 0 0 0 4.90155e-11)
(4.91178e-11 0 0 0 4.91178e-11 0 0 0 4.91178e-11)
(4.8274e-11 0 0 0 4.8274e-11 0 0 0 4.8274e-11)
(4.74096e-11 0 0 0 4.74096e-11 0 0 0 4.74096e-11)
(4.21972e-11 0 0 0 4.21972e-11 0 0 0 4.21972e-11)
(3.71109e-11 0 0 0 3.71109e-11 0 0 0 3.71109e-11)
(2.49152e-11 0 0 0 2.49152e-11 0 0 0 2.49152e-11)
(5.66079e-11 0 0 0 5.66079e-11 0 0 0 5.66079e-11)
(5.3581e-11 0 0 0 5.3581e-11 0 0 0 5.3581e-11)
(3.00432e-11 0 0 0 3.00432e-11 0 0 0 3.00432e-11)
(1.72317e-11 0 0 0 1.72317e-11 0 0 0 1.72317e-11)
(1.66827e-11 0 0 0 1.66827e-11 0 0 0 1.66827e-11)
(1.72537e-11 0 0 0 1.72537e-11 0 0 0 1.72537e-11)
(1.73397e-11 0 0 0 1.73397e-11 0 0 0 1.73397e-11)
(1.74382e-11 0 0 0 1.74382e-11 0 0 0 1.74382e-11)
(1.64545e-11 0 0 0 1.64545e-11 0 0 0 1.64545e-11)
(1.55493e-11 0 0 0 1.55493e-11 0 0 0 1.55493e-11)
(1.08041e-11 0 0 0 1.08041e-11 0 0 0 1.08041e-11)
(7.67465e-12 0 0 0 7.67465e-12 0 0 0 7.67465e-12)
(9.55705e-12 0 0 0 9.55705e-12 0 0 0 9.55705e-12)
(5.6608e-11 0 0 0 5.6608e-11 0 0 0 5.6608e-11)
(5.35816e-11 0 0 0 5.35816e-11 0 0 0 5.35816e-11)
(3.00438e-11 0 0 0 3.00438e-11 0 0 0 3.00438e-11)
(1.72162e-11 0 0 0 1.72162e-11 0 0 0 1.72162e-11)
(1.66716e-11 0 0 0 1.66716e-11 0 0 0 1.66716e-11)
(1.71472e-11 0 0 0 1.71472e-11 0 0 0 1.71472e-11)
(1.74325e-11 0 0 0 1.74325e-11 0 0 0 1.74325e-11)
(1.73716e-11 0 0 0 1.73716e-11 0 0 0 1.73716e-11)
(1.82839e-11 0 0 0 1.82839e-11 0 0 0 1.82839e-11)
(1.90006e-11 0 0 0 1.90006e-11 0 0 0 1.90006e-11)
(2.27373e-11 0 0 0 2.27373e-11 0 0 0 2.27373e-11)
(2.63986e-11 0 0 0 2.63986e-11 0 0 0 2.63986e-11)
(3.40253e-11 0 0 0 3.40253e-11 0 0 0 3.40253e-11)
(5.61641e-11 0 0 0 5.61641e-11 0 0 0 5.61641e-11)
(4.2956e-11 0 0 0 4.2956e-11 0 0 0 4.2956e-11)
(3.40427e-11 0 0 0 3.40427e-11 0 0 0 3.40427e-11)
(4.1195e-11 0 0 0 4.1195e-11 0 0 0 4.1195e-11)
(4.68544e-11 0 0 0 4.68544e-11 0 0 0 4.68544e-11)
(4.85266e-11 0 0 0 4.85266e-11 0 0 0 4.85266e-11)
(4.90875e-11 0 0 0 4.90875e-11 0 0 0 4.90875e-11)
(4.90307e-11 0 0 0 4.90307e-11 0 0 0 4.90307e-11)
(4.97485e-11 0 0 0 4.97485e-11 0 0 0 4.97485e-11)
(5.01142e-11 0 0 0 5.01142e-11 0 0 0 5.01142e-11)
(5.25386e-11 0 0 0 5.25386e-11 0 0 0 5.25386e-11)
(5.44468e-11 0 0 0 5.44468e-11 0 0 0 5.44468e-11)
(5.98682e-11 0 0 0 5.98682e-11 0 0 0 5.98682e-11)
(5.42441e-11 0 0 0 5.42441e-11 0 0 0 5.42441e-11)
(3.20554e-11 0 0 0 3.20554e-11 0 0 0 3.20554e-11)
(4.84283e-11 0 0 0 4.84283e-11 0 0 0 4.84283e-11)
(6.49709e-11 0 0 0 6.49709e-11 0 0 0 6.49709e-11)
(7.24498e-11 0 0 0 7.24498e-11 0 0 0 7.24498e-11)
(7.44221e-11 0 0 0 7.44221e-11 0 0 0 7.44221e-11)
(7.50756e-11 0 0 0 7.50756e-11 0 0 0 7.50756e-11)
(7.49816e-11 0 0 0 7.49816e-11 0 0 0 7.49816e-11)
(7.55188e-11 0 0 0 7.55188e-11 0 0 0 7.55188e-11)
(7.55506e-11 0 0 0 7.55506e-11 0 0 0 7.55506e-11)
(7.69026e-11 0 0 0 7.69026e-11 0 0 0 7.69026e-11)
(7.74906e-11 0 0 0 7.74906e-11 0 0 0 7.74906e-11)
(8.17031e-11 0 0 0 8.17031e-11 0 0 0 8.17031e-11)
(5.27128e-11 0 0 0 5.27128e-11 0 0 0 5.27128e-11)
(3.81655e-11 0 0 0 3.81655e-11 0 0 0 3.81655e-11)
(6.92666e-11 0 0 0 6.92666e-11 0 0 0 6.92666e-11)
(8.68661e-11 0 0 0 8.68661e-11 0 0 0 8.68661e-11)
(9.39773e-11 0 0 0 9.39773e-11 0 0 0 9.39773e-11)
(9.57274e-11 0 0 0 9.57274e-11 0 0 0 9.57274e-11)
(9.63804e-11 0 0 0 9.63804e-11 0 0 0 9.63804e-11)
(9.62235e-11 0 0 0 9.62235e-11 0 0 0 9.62235e-11)
(9.66448e-11 0 0 0 9.66448e-11 0 0 0 9.66448e-11)
(9.64092e-11 0 0 0 9.64092e-11 0 0 0 9.64092e-11)
(9.69709e-11 0 0 0 9.69709e-11 0 0 0 9.69709e-11)
(9.65762e-11 0 0 0 9.65762e-11 0 0 0 9.65762e-11)
(1.00097e-10 0 0 0 1.00097e-10 0 0 0 1.00097e-10)
(5.71398e-11 0 0 0 5.71398e-11 0 0 0 5.71398e-11)
(6.14108e-11 0 0 0 6.14108e-11 0 0 0 6.14108e-11)
(9.15867e-11 0 0 0 9.15867e-11 0 0 0 9.15867e-11)
(1.06254e-10 0 0 0 1.06254e-10 0 0 0 1.06254e-10)
(1.11886e-10 0 0 0 1.11886e-10 0 0 0 1.11886e-10)
(1.13166e-10 0 0 0 1.13166e-10 0 0 0 1.13166e-10)
(1.13789e-10 0 0 0 1.13789e-10 0 0 0 1.13789e-10)
(1.13555e-10 0 0 0 1.13555e-10 0 0 0 1.13555e-10)
(1.13934e-10 0 0 0 1.13934e-10 0 0 0 1.13934e-10)
(1.13502e-10 0 0 0 1.13502e-10 0 0 0 1.13502e-10)
(1.13566e-10 0 0 0 1.13566e-10 0 0 0 1.13566e-10)
(1.1242e-10 0 0 0 1.1242e-10 0 0 0 1.1242e-10)
(1.15533e-10 0 0 0 1.15533e-10 0 0 0 1.15533e-10)
(7.21985e-11 0 0 0 7.21985e-11 0 0 0 7.21985e-11)
(9.04891e-11 0 0 0 9.04891e-11 0 0 0 9.04891e-11)
(1.12771e-10 0 0 0 1.12771e-10 0 0 0 1.12771e-10)
(1.22856e-10 0 0 0 1.22856e-10 0 0 0 1.22856e-10)
(1.26619e-10 0 0 0 1.26619e-10 0 0 0 1.26619e-10)
(1.27373e-10 0 0 0 1.27373e-10 0 0 0 1.27373e-10)
(1.27973e-10 0 0 0 1.27973e-10 0 0 0 1.27973e-10)
(1.27655e-10 0 0 0 1.27655e-10 0 0 0 1.27655e-10)
(1.28055e-10 0 0 0 1.28055e-10 0 0 0 1.28055e-10)
(1.27641e-10 0 0 0 1.27641e-10 0 0 0 1.27641e-10)
(1.28089e-10 0 0 0 1.28089e-10 0 0 0 1.28089e-10)
(1.25568e-10 0 0 0 1.25568e-10 0 0 0 1.25568e-10)
(1.28424e-10 0 0 0 1.28424e-10 0 0 0 1.28424e-10)
(9.68466e-11 0 0 0 9.68466e-11 0 0 0 9.68466e-11)
(1.20675e-10 0 0 0 1.20675e-10 0 0 0 1.20675e-10)
(1.31671e-10 0 0 0 1.31671e-10 0 0 0 1.31671e-10)
(1.36722e-10 0 0 0 1.36722e-10 0 0 0 1.36722e-10)
(1.3864e-10 0 0 0 1.3864e-10 0 0 0 1.3864e-10)
(1.3891e-10 0 0 0 1.3891e-10 0 0 0 1.3891e-10)
(1.39528e-10 0 0 0 1.39528e-10 0 0 0 1.39528e-10)
(1.39642e-10 0 0 0 1.39642e-10 0 0 0 1.39642e-10)
(1.40486e-10 0 0 0 1.40486e-10 0 0 0 1.40486e-10)
(1.39981e-10 0 0 0 1.39981e-10 0 0 0 1.39981e-10)
(1.39491e-10 0 0 0 1.39491e-10 0 0 0 1.39491e-10)
(1.36462e-10 0 0 0 1.36462e-10 0 0 0 1.36462e-10)
(1.39151e-10 0 0 0 1.39151e-10 0 0 0 1.39151e-10)
(1.27564e-10 0 0 0 1.27564e-10 0 0 0 1.27564e-10)
(1.49998e-10 0 0 0 1.49998e-10 0 0 0 1.49998e-10)
(1.47912e-10 0 0 0 1.47912e-10 0 0 0 1.47912e-10)
(1.48092e-10 0 0 0 1.48092e-10 0 0 0 1.48092e-10)
(1.48396e-10 0 0 0 1.48396e-10 0 0 0 1.48396e-10)
(1.48556e-10 0 0 0 1.48556e-10 0 0 0 1.48556e-10)
(1.49646e-10 0 0 0 1.49646e-10 0 0 0 1.49646e-10)
(1.49267e-10 0 0 0 1.49267e-10 0 0 0 1.49267e-10)
(1.49807e-10 0 0 0 1.49807e-10 0 0 0 1.49807e-10)
(1.48846e-10 0 0 0 1.48846e-10 0 0 0 1.48846e-10)
(1.47926e-10 0 0 0 1.47926e-10 0 0 0 1.47926e-10)
(1.4547e-10 0 0 0 1.4547e-10 0 0 0 1.4547e-10)
(1.48056e-10 0 0 0 1.48056e-10 0 0 0 1.48056e-10)
(1.60975e-10 0 0 0 1.60975e-10 0 0 0 1.60975e-10)
(1.77619e-10 0 0 0 1.77619e-10 0 0 0 1.77619e-10)
(1.61552e-10 0 0 0 1.61552e-10 0 0 0 1.61552e-10)
(1.573e-10 0 0 0 1.573e-10 0 0 0 1.573e-10)
(1.56617e-10 0 0 0 1.56617e-10 0 0 0 1.56617e-10)
(1.56466e-10 0 0 0 1.56466e-10 0 0 0 1.56466e-10)
(1.57145e-10 0 0 0 1.57145e-10 0 0 0 1.57145e-10)
(1.56316e-10 0 0 0 1.56316e-10 0 0 0 1.56316e-10)
(1.56801e-10 0 0 0 1.56801e-10 0 0 0 1.56801e-10)
(1.5587e-10 0 0 0 1.5587e-10 0 0 0 1.5587e-10)
(1.55203e-10 0 0 0 1.55203e-10 0 0 0 1.55203e-10)
(1.52905e-10 0 0 0 1.52905e-10 0 0 0 1.52905e-10)
(1.5544e-10 0 0 0 1.5544e-10 0 0 0 1.5544e-10)
(1.92905e-10 0 0 0 1.92905e-10 0 0 0 1.92905e-10)
(2.02466e-10 0 0 0 2.02466e-10 0 0 0 2.02466e-10)
(1.72836e-10 0 0 0 1.72836e-10 0 0 0 1.72836e-10)
(1.64925e-10 0 0 0 1.64925e-10 0 0 0 1.64925e-10)
(1.63124e-10 0 0 0 1.63124e-10 0 0 0 1.63124e-10)
(1.62387e-10 0 0 0 1.62387e-10 0 0 0 1.62387e-10)
(1.62848e-10 0 0 0 1.62848e-10 0 0 0 1.62848e-10)
(1.6208e-10 0 0 0 1.6208e-10 0 0 0 1.6208e-10)
(1.6283e-10 0 0 0 1.6283e-10 0 0 0 1.6283e-10)
(1.61938e-10 0 0 0 1.61938e-10 0 0 0 1.61938e-10)
(1.61368e-10 0 0 0 1.61368e-10 0 0 0 1.61368e-10)
(1.5903e-10 0 0 0 1.5903e-10 0 0 0 1.5903e-10)
(1.61537e-10 0 0 0 1.61537e-10 0 0 0 1.61537e-10)
(2.34755e-10 0 0 0 2.34755e-10 0 0 0 2.34755e-10)
(2.23112e-10 0 0 0 2.23112e-10 0 0 0 2.23112e-10)
(1.81963e-10 0 0 0 1.81963e-10 0 0 0 1.81963e-10)
(1.70896e-10 0 0 0 1.70896e-10 0 0 0 1.70896e-10)
(1.68085e-10 0 0 0 1.68085e-10 0 0 0 1.68085e-10)
(1.67032e-10 0 0 0 1.67032e-10 0 0 0 1.67032e-10)
(1.67707e-10 0 0 0 1.67707e-10 0 0 0 1.67707e-10)
(1.66965e-10 0 0 0 1.66965e-10 0 0 0 1.66965e-10)
(1.67867e-10 0 0 0 1.67867e-10 0 0 0 1.67867e-10)
(1.6694e-10 0 0 0 1.6694e-10 0 0 0 1.6694e-10)
(1.66437e-10 0 0 0 1.66437e-10 0 0 0 1.66437e-10)
(1.64067e-10 0 0 0 1.64067e-10 0 0 0 1.64067e-10)
(1.66551e-10 0 0 0 1.66551e-10 0 0 0 1.66551e-10)
(1.90633e-09 0 0 0 1.90633e-09 0 0 0 1.90633e-09)
(6.89599e-10 0 0 0 6.89599e-10 0 0 0 6.89599e-10)
(3.22377e-10 0 0 0 3.22377e-10 0 0 0 3.22377e-10)
(2.14653e-10 0 0 0 2.14653e-10 0 0 0 2.14653e-10)
(1.83361e-10 0 0 0 1.83361e-10 0 0 0 1.83361e-10)
(1.74301e-10 0 0 0 1.74301e-10 0 0 0 1.74301e-10)
(1.72312e-10 0 0 0 1.72312e-10 0 0 0 1.72312e-10)
(1.71354e-10 0 0 0 1.71354e-10 0 0 0 1.71354e-10)
(1.7166e-10 0 0 0 1.7166e-10 0 0 0 1.7166e-10)
(1.70867e-10 0 0 0 1.70867e-10 0 0 0 1.70867e-10)
(1.6996e-10 0 0 0 1.6996e-10 0 0 0 1.6996e-10)
(1.6743e-10 0 0 0 1.6743e-10 0 0 0 1.6743e-10)
(1.70223e-10 0 0 0 1.70223e-10 0 0 0 1.70223e-10)
(3.46232e-10 0 0 0 3.46232e-10 0 0 0 3.46232e-10)
(3.68522e-10 0 0 0 3.68522e-10 0 0 0 3.68522e-10)
(3.81488e-10 0 0 0 3.81488e-10 0 0 0 3.81488e-10)
(3.83441e-10 0 0 0 3.83441e-10 0 0 0 3.83441e-10)
(3.86615e-10 0 0 0 3.86615e-10 0 0 0 3.86615e-10)
(3.84081e-10 0 0 0 3.84081e-10 0 0 0 3.84081e-10)
(3.86575e-10 0 0 0 3.86575e-10 0 0 0 3.86575e-10)
(3.84365e-10 0 0 0 3.84365e-10 0 0 0 3.84365e-10)
(3.86089e-10 0 0 0 3.86089e-10 0 0 0 3.86089e-10)
(3.84653e-10 0 0 0 3.84653e-10 0 0 0 3.84653e-10)
(3.85508e-10 0 0 0 3.85508e-10 0 0 0 3.85508e-10)
(3.84526e-10 0 0 0 3.84526e-10 0 0 0 3.84526e-10)
(3.83835e-10 0 0 0 3.83835e-10 0 0 0 3.83835e-10)
(3.38847e-10 0 0 0 3.38847e-10 0 0 0 3.38847e-10)
(3.52147e-10 0 0 0 3.52147e-10 0 0 0 3.52147e-10)
(3.66852e-10 0 0 0 3.66852e-10 0 0 0 3.66852e-10)
(3.71369e-10 0 0 0 3.71369e-10 0 0 0 3.71369e-10)
(3.78136e-10 0 0 0 3.78136e-10 0 0 0 3.78136e-10)
(3.73702e-10 0 0 0 3.73702e-10 0 0 0 3.73702e-10)
(3.78469e-10 0 0 0 3.78469e-10 0 0 0 3.78469e-10)
(3.74461e-10 0 0 0 3.74461e-10 0 0 0 3.74461e-10)
(3.77664e-10 0 0 0 3.77664e-10 0 0 0 3.77664e-10)
(3.75145e-10 0 0 0 3.75145e-10 0 0 0 3.75145e-10)
(3.76847e-10 0 0 0 3.76847e-10 0 0 0 3.76847e-10)
(3.75507e-10 0 0 0 3.75507e-10 0 0 0 3.75507e-10)
(3.7481e-10 0 0 0 3.7481e-10 0 0 0 3.7481e-10)
(3.28712e-10 0 0 0 3.28712e-10 0 0 0 3.28712e-10)
(3.38925e-10 0 0 0 3.38925e-10 0 0 0 3.38925e-10)
(3.477e-10 0 0 0 3.477e-10 0 0 0 3.477e-10)
(3.53109e-10 0 0 0 3.53109e-10 0 0 0 3.53109e-10)
(3.63044e-10 0 0 0 3.63044e-10 0 0 0 3.63044e-10)
(3.61504e-10 0 0 0 3.61504e-10 0 0 0 3.61504e-10)
(3.66718e-10 0 0 0 3.66718e-10 0 0 0 3.66718e-10)
(3.63383e-10 0 0 0 3.63383e-10 0 0 0 3.63383e-10)
(3.66277e-10 0 0 0 3.66277e-10 0 0 0 3.66277e-10)
(3.64104e-10 0 0 0 3.64104e-10 0 0 0 3.64104e-10)
(3.65566e-10 0 0 0 3.65566e-10 0 0 0 3.65566e-10)
(3.64433e-10 0 0 0 3.64433e-10 0 0 0 3.64433e-10)
(3.63943e-10 0 0 0 3.63943e-10 0 0 0 3.63943e-10)
(3.16389e-10 0 0 0 3.16389e-10 0 0 0 3.16389e-10)
(3.26488e-10 0 0 0 3.26488e-10 0 0 0 3.26488e-10)
(3.32557e-10 0 0 0 3.32557e-10 0 0 0 3.32557e-10)
(3.33391e-10 0 0 0 3.33391e-10 0 0 0 3.33391e-10)
(3.42002e-10 0 0 0 3.42002e-10 0 0 0 3.42002e-10)
(3.43577e-10 0 0 0 3.43577e-10 0 0 0 3.43577e-10)
(3.50616e-10 0 0 0 3.50616e-10 0 0 0 3.50616e-10)
(3.48941e-10 0 0 0 3.48941e-10 0 0 0 3.48941e-10)
(3.51957e-10 0 0 0 3.51957e-10 0 0 0 3.51957e-10)
(3.50343e-10 0 0 0 3.50343e-10 0 0 0 3.50343e-10)
(3.51644e-10 0 0 0 3.51644e-10 0 0 0 3.51644e-10)
(3.5076e-10 0 0 0 3.5076e-10 0 0 0 3.5076e-10)
(3.5052e-10 0 0 0 3.5052e-10 0 0 0 3.5052e-10)
(3.01437e-10 0 0 0 3.01437e-10 0 0 0 3.01437e-10)
(3.09893e-10 0 0 0 3.09893e-10 0 0 0 3.09893e-10)
(3.16683e-10 0 0 0 3.16683e-10 0 0 0 3.16683e-10)
(3.16801e-10 0 0 0 3.16801e-10 0 0 0 3.16801e-10)
(3.20626e-10 0 0 0 3.20626e-10 0 0 0 3.20626e-10)
(3.20632e-10 0 0 0 3.20632e-10 0 0 0 3.20632e-10)
(3.28113e-10 0 0 0 3.28113e-10 0 0 0 3.28113e-10)
(3.28684e-10 0 0 0 3.28684e-10 0 0 0 3.28684e-10)
(3.32705e-10 0 0 0 3.32705e-10 0 0 0 3.32705e-10)
(3.32363e-10 0 0 0 3.32363e-10 0 0 0 3.32363e-10)
(3.33975e-10 0 0 0 3.33975e-10 0 0 0 3.33975e-10)
(3.33582e-10 0 0 0 3.33582e-10 0 0 0 3.33582e-10)
(3.33823e-10 0 0 0 3.33823e-10 0 0 0 3.33823e-10)
(2.83343e-10 0 0 0 2.83343e-10 0 0 0 2.83343e-10)
(2.90723e-10 0 0 0 2.90723e-10 0 0 0 2.90723e-10)
(2.95512e-10 0 0 0 2.95512e-10 0 0 0 2.95512e-10)
(2.96742e-10 0 0 0 2.96742e-10 0 0 0 2.96742e-10)
(3.00433e-10 0 0 0 3.00433e-10 0 0 0 3.00433e-10)
(2.97964e-10 0 0 0 2.97964e-10 0 0 0 2.97964e-10)
(3.02193e-10 0 0 0 3.02193e-10 0 0 0 3.02193e-10)
(3.02466e-10 0 0 0 3.02466e-10 0 0 0 3.02466e-10)
(3.06607e-10 0 0 0 3.06607e-10 0 0 0 3.06607e-10)
(3.07551e-10 0 0 0 3.07551e-10 0 0 0 3.07551e-10)
(3.1016e-10 0 0 0 3.1016e-10 0 0 0 3.1016e-10)
(3.1058e-10 0 0 0 3.1058e-10 0 0 0 3.1058e-10)
(3.1215e-10 0 0 0 3.1215e-10 0 0 0 3.1215e-10)
(2.61506e-10 0 0 0 2.61506e-10 0 0 0 2.61506e-10)
(2.67436e-10 0 0 0 2.67436e-10 0 0 0 2.67436e-10)
(2.71787e-10 0 0 0 2.71787e-10 0 0 0 2.71787e-10)
(2.71344e-10 0 0 0 2.71344e-10 0 0 0 2.71344e-10)
(2.74683e-10 0 0 0 2.74683e-10 0 0 0 2.74683e-10)
(2.73493e-10 0 0 0 2.73493e-10 0 0 0 2.73493e-10)
(2.76269e-10 0 0 0 2.76269e-10 0 0 0 2.76269e-10)
(2.74852e-10 0 0 0 2.74852e-10 0 0 0 2.74852e-10)
(2.77259e-10 0 0 0 2.77259e-10 0 0 0 2.77259e-10)
(2.76938e-10 0 0 0 2.76938e-10 0 0 0 2.76938e-10)
(2.79839e-10 0 0 0 2.79839e-10 0 0 0 2.79839e-10)
(2.79876e-10 0 0 0 2.79876e-10 0 0 0 2.79876e-10)
(2.82867e-10 0 0 0 2.82867e-10 0 0 0 2.82867e-10)
(2.35229e-10 0 0 0 2.35229e-10 0 0 0 2.35229e-10)
(2.38969e-10 0 0 0 2.38969e-10 0 0 0 2.38969e-10)
(2.42095e-10 0 0 0 2.42095e-10 0 0 0 2.42095e-10)
(2.41793e-10 0 0 0 2.41793e-10 0 0 0 2.41793e-10)
(2.43863e-10 0 0 0 2.43863e-10 0 0 0 2.43863e-10)
(2.42234e-10 0 0 0 2.42234e-10 0 0 0 2.42234e-10)
(2.45469e-10 0 0 0 2.45469e-10 0 0 0 2.45469e-10)
(2.43853e-10 0 0 0 2.43853e-10 0 0 0 2.43853e-10)
(2.46499e-10 0 0 0 2.46499e-10 0 0 0 2.46499e-10)
(2.44728e-10 0 0 0 2.44728e-10 0 0 0 2.44728e-10)
(2.46752e-10 0 0 0 2.46752e-10 0 0 0 2.46752e-10)
(2.45908e-10 0 0 0 2.45908e-10 0 0 0 2.45908e-10)
(2.47734e-10 0 0 0 2.47734e-10 0 0 0 2.47734e-10)
(2.03718e-10 0 0 0 2.03718e-10 0 0 0 2.03718e-10)
(2.04969e-10 0 0 0 2.04969e-10 0 0 0 2.04969e-10)
(2.06289e-10 0 0 0 2.06289e-10 0 0 0 2.06289e-10)
(2.05004e-10 0 0 0 2.05004e-10 0 0 0 2.05004e-10)
(2.06714e-10 0 0 0 2.06714e-10 0 0 0 2.06714e-10)
(2.0483e-10 0 0 0 2.0483e-10 0 0 0 2.0483e-10)
(2.07456e-10 0 0 0 2.07456e-10 0 0 0 2.07456e-10)
(2.06061e-10 0 0 0 2.06061e-10 0 0 0 2.06061e-10)
(2.07916e-10 0 0 0 2.07916e-10 0 0 0 2.07916e-10)
(2.07442e-10 0 0 0 2.07442e-10 0 0 0 2.07442e-10)
(2.08434e-10 0 0 0 2.08434e-10 0 0 0 2.08434e-10)
(2.08435e-10 0 0 0 2.08435e-10 0 0 0 2.08435e-10)
(2.09131e-10 0 0 0 2.09131e-10 0 0 0 2.09131e-10)
(1.66061e-10 0 0 0 1.66061e-10 0 0 0 1.66061e-10)
(1.63676e-10 0 0 0 1.63676e-10 0 0 0 1.63676e-10)
(1.63149e-10 0 0 0 1.63149e-10 0 0 0 1.63149e-10)
(1.5998e-10 0 0 0 1.5998e-10 0 0 0 1.5998e-10)
(1.61275e-10 0 0 0 1.61275e-10 0 0 0 1.61275e-10)
(1.59692e-10 0 0 0 1.59692e-10 0 0 0 1.59692e-10)
(1.61226e-10 0 0 0 1.61226e-10 0 0 0 1.61226e-10)
(1.6066e-10 0 0 0 1.6066e-10 0 0 0 1.6066e-10)
(1.61325e-10 0 0 0 1.61325e-10 0 0 0 1.61325e-10)
(1.61225e-10 0 0 0 1.61225e-10 0 0 0 1.61225e-10)
(1.61897e-10 0 0 0 1.61897e-10 0 0 0 1.61897e-10)
(1.61915e-10 0 0 0 1.61915e-10 0 0 0 1.61915e-10)
(1.62556e-10 0 0 0 1.62556e-10 0 0 0 1.62556e-10)
(1.21206e-10 0 0 0 1.21206e-10 0 0 0 1.21206e-10)
(1.13665e-10 0 0 0 1.13665e-10 0 0 0 1.13665e-10)
(1.10508e-10 0 0 0 1.10508e-10 0 0 0 1.10508e-10)
(1.05452e-10 0 0 0 1.05452e-10 0 0 0 1.05452e-10)
(1.05811e-10 0 0 0 1.05811e-10 0 0 0 1.05811e-10)
(1.04455e-10 0 0 0 1.04455e-10 0 0 0 1.04455e-10)
(1.05262e-10 0 0 0 1.05262e-10 0 0 0 1.05262e-10)
(1.04992e-10 0 0 0 1.04992e-10 0 0 0 1.04992e-10)
(1.05486e-10 0 0 0 1.05486e-10 0 0 0 1.05486e-10)
(1.05331e-10 0 0 0 1.05331e-10 0 0 0 1.05331e-10)
(1.05742e-10 0 0 0 1.05742e-10 0 0 0 1.05742e-10)
(1.05671e-10 0 0 0 1.05671e-10 0 0 0 1.05671e-10)
(1.06004e-10 0 0 0 1.06004e-10 0 0 0 1.06004e-10)
(6.78692e-11 0 0 0 6.78692e-11 0 0 0 6.78692e-11)
(5.28214e-11 0 0 0 5.28214e-11 0 0 0 5.28214e-11)
(4.61685e-11 0 0 0 4.61685e-11 0 0 0 4.61685e-11)
(3.88012e-11 0 0 0 3.88012e-11 0 0 0 3.88012e-11)
(3.83253e-11 0 0 0 3.83253e-11 0 0 0 3.83253e-11)
(3.6986e-11 0 0 0 3.6986e-11 0 0 0 3.6986e-11)
(3.73336e-11 0 0 0 3.73336e-11 0 0 0 3.73336e-11)
(3.71846e-11 0 0 0 3.71846e-11 0 0 0 3.71846e-11)
(3.73595e-11 0 0 0 3.73595e-11 0 0 0 3.73595e-11)
(3.73485e-11 0 0 0 3.73485e-11 0 0 0 3.73485e-11)
(3.74728e-11 0 0 0 3.74728e-11 0 0 0 3.74728e-11)
(3.74757e-11 0 0 0 3.74757e-11 0 0 0 3.74757e-11)
(3.7568e-11 0 0 0 3.7568e-11 0 0 0 3.7568e-11)
(1.72156e-11 0 0 0 1.72156e-11 0 0 0 1.72156e-11)
(1.94365e-11 0 0 0 1.94365e-11 0 0 0 1.94365e-11)
(2.58053e-11 0 0 0 2.58053e-11 0 0 0 2.58053e-11)
(3.48852e-11 0 0 0 3.48852e-11 0 0 0 3.48852e-11)
(3.59702e-11 0 0 0 3.59702e-11 0 0 0 3.59702e-11)
(3.71985e-11 0 0 0 3.71985e-11 0 0 0 3.71985e-11)
(3.72627e-11 0 0 0 3.72627e-11 0 0 0 3.72627e-11)
(3.72845e-11 0 0 0 3.72845e-11 0 0 0 3.72845e-11)
(3.73809e-11 0 0 0 3.73809e-11 0 0 0 3.73809e-11)
(3.73761e-11 0 0 0 3.73761e-11 0 0 0 3.73761e-11)
(3.74809e-11 0 0 0 3.74809e-11 0 0 0 3.74809e-11)
(3.74824e-11 0 0 0 3.74824e-11 0 0 0 3.74824e-11)
(3.75688e-11 0 0 0 3.75688e-11 0 0 0 3.75688e-11)
(5.24859e-11 0 0 0 5.24859e-11 0 0 0 5.24859e-11)
(8.36248e-11 0 0 0 8.36248e-11 0 0 0 8.36248e-11)
(9.29454e-11 0 0 0 9.29454e-11 0 0 0 9.29454e-11)
(1.02407e-10 0 0 0 1.02407e-10 0 0 0 1.02407e-10)
(1.03911e-10 0 0 0 1.03911e-10 0 0 0 1.03911e-10)
(1.04648e-10 0 0 0 1.04648e-10 0 0 0 1.04648e-10)
(1.0521e-10 0 0 0 1.0521e-10 0 0 0 1.0521e-10)
(1.05083e-10 0 0 0 1.05083e-10 0 0 0 1.05083e-10)
(1.05513e-10 0 0 0 1.05513e-10 0 0 0 1.05513e-10)
(1.05359e-10 0 0 0 1.05359e-10 0 0 0 1.05359e-10)
(1.05751e-10 0 0 0 1.05751e-10 0 0 0 1.05751e-10)
(1.05679e-10 0 0 0 1.05679e-10 0 0 0 1.05679e-10)
(1.06005e-10 0 0 0 1.06005e-10 0 0 0 1.06005e-10)
(1.00852e-10 0 0 0 1.00852e-10 0 0 0 1.00852e-10)
(1.40822e-10 0 0 0 1.40822e-10 0 0 0 1.40822e-10)
(1.49832e-10 0 0 0 1.49832e-10 0 0 0 1.49832e-10)
(1.57966e-10 0 0 0 1.57966e-10 0 0 0 1.57966e-10)
(1.59964e-10 0 0 0 1.59964e-10 0 0 0 1.59964e-10)
(1.59823e-10 0 0 0 1.59823e-10 0 0 0 1.59823e-10)
(1.61198e-10 0 0 0 1.61198e-10 0 0 0 1.61198e-10)
(1.60741e-10 0 0 0 1.60741e-10 0 0 0 1.60741e-10)
(1.61349e-10 0 0 0 1.61349e-10 0 0 0 1.61349e-10)
(1.61243e-10 0 0 0 1.61243e-10 0 0 0 1.61243e-10)
(1.61905e-10 0 0 0 1.61905e-10 0 0 0 1.61905e-10)
(1.61917e-10 0 0 0 1.61917e-10 0 0 0 1.61917e-10)
(1.62551e-10 0 0 0 1.62551e-10 0 0 0 1.62551e-10)
(1.45108e-10 0 0 0 1.45108e-10 0 0 0 1.45108e-10)
(1.89871e-10 0 0 0 1.89871e-10 0 0 0 1.89871e-10)
(1.9753e-10 0 0 0 1.9753e-10 0 0 0 1.9753e-10)
(2.03812e-10 0 0 0 2.03812e-10 0 0 0 2.03812e-10)
(2.05922e-10 0 0 0 2.05922e-10 0 0 0 2.05922e-10)
(2.04863e-10 0 0 0 2.04863e-10 0 0 0 2.04863e-10)
(2.07467e-10 0 0 0 2.07467e-10 0 0 0 2.07467e-10)
(2.06118e-10 0 0 0 2.06118e-10 0 0 0 2.06118e-10)
(2.07914e-10 0 0 0 2.07914e-10 0 0 0 2.07914e-10)
(2.07459e-10 0 0 0 2.07459e-10 0 0 0 2.07459e-10)
(2.08439e-10 0 0 0 2.08439e-10 0 0 0 2.08439e-10)
(2.0845e-10 0 0 0 2.0845e-10 0 0 0 2.0845e-10)
(2.09141e-10 0 0 0 2.09141e-10 0 0 0 2.09141e-10)
(1.85529e-10 0 0 0 1.85529e-10 0 0 0 1.85529e-10)
(2.30904e-10 0 0 0 2.30904e-10 0 0 0 2.30904e-10)
(2.37715e-10 0 0 0 2.37715e-10 0 0 0 2.37715e-10)
(2.40964e-10 0 0 0 2.40964e-10 0 0 0 2.40964e-10)
(2.43496e-10 0 0 0 2.43496e-10 0 0 0 2.43496e-10)
(2.42184e-10 0 0 0 2.42184e-10 0 0 0 2.42184e-10)
(2.45474e-10 0 0 0 2.45474e-10 0 0 0 2.45474e-10)
(2.43863e-10 0 0 0 2.43863e-10 0 0 0 2.43863e-10)
(2.46533e-10 0 0 0 2.46533e-10 0 0 0 2.46533e-10)
(2.44768e-10 0 0 0 2.44768e-10 0 0 0 2.44768e-10)
(2.46767e-10 0 0 0 2.46767e-10 0 0 0 2.46767e-10)
(2.4593e-10 0 0 0 2.4593e-10 0 0 0 2.4593e-10)
(2.47708e-10 0 0 0 2.47708e-10 0 0 0 2.47708e-10)
(2.2243e-10 0 0 0 2.2243e-10 0 0 0 2.2243e-10)
(2.64736e-10 0 0 0 2.64736e-10 0 0 0 2.64736e-10)
(2.70968e-10 0 0 0 2.70968e-10 0 0 0 2.70968e-10)
(2.70546e-10 0 0 0 2.70546e-10 0 0 0 2.70546e-10)
(2.74727e-10 0 0 0 2.74727e-10 0 0 0 2.74727e-10)
(2.73336e-10 0 0 0 2.73336e-10 0 0 0 2.73336e-10)
(2.76277e-10 0 0 0 2.76277e-10 0 0 0 2.76277e-10)
(2.74844e-10 0 0 0 2.74844e-10 0 0 0 2.74844e-10)
(2.77265e-10 0 0 0 2.77265e-10 0 0 0 2.77265e-10)
(2.76888e-10 0 0 0 2.76888e-10 0 0 0 2.76888e-10)
(2.79781e-10 0 0 0 2.79781e-10 0 0 0 2.79781e-10)
(2.79782e-10 0 0 0 2.79782e-10 0 0 0 2.79782e-10)
(2.82768e-10 0 0 0 2.82768e-10 0 0 0 2.82768e-10)
(2.56002e-10 0 0 0 2.56002e-10 0 0 0 2.56002e-10)
(2.91487e-10 0 0 0 2.91487e-10 0 0 0 2.91487e-10)
(2.97935e-10 0 0 0 2.97935e-10 0 0 0 2.97935e-10)
(2.95737e-10 0 0 0 2.95737e-10 0 0 0 2.95737e-10)
(3.00626e-10 0 0 0 3.00626e-10 0 0 0 3.00626e-10)
(2.9766e-10 0 0 0 2.9766e-10 0 0 0 2.9766e-10)
(3.02149e-10 0 0 0 3.02149e-10 0 0 0 3.02149e-10)
(3.02356e-10 0 0 0 3.02356e-10 0 0 0 3.02356e-10)
(3.06505e-10 0 0 0 3.06505e-10 0 0 0 3.06505e-10)
(3.07432e-10 0 0 0 3.07432e-10 0 0 0 3.07432e-10)
(3.10065e-10 0 0 0 3.10065e-10 0 0 0 3.10065e-10)
(3.10487e-10 0 0 0 3.10487e-10 0 0 0 3.10487e-10)
(3.12096e-10 0 0 0 3.12096e-10 0 0 0 3.12096e-10)
(2.86355e-10 0 0 0 2.86355e-10 0 0 0 2.86355e-10)
(3.1248e-10 0 0 0 3.1248e-10 0 0 0 3.1248e-10)
(3.21355e-10 0 0 0 3.21355e-10 0 0 0 3.21355e-10)
(3.15289e-10 0 0 0 3.15289e-10 0 0 0 3.15289e-10)
(3.21009e-10 0 0 0 3.21009e-10 0 0 0 3.21009e-10)
(3.20151e-10 0 0 0 3.20151e-10 0 0 0 3.20151e-10)
(3.27966e-10 0 0 0 3.27966e-10 0 0 0 3.27966e-10)
(3.28496e-10 0 0 0 3.28496e-10 0 0 0 3.28496e-10)
(3.326e-10 0 0 0 3.326e-10 0 0 0 3.326e-10)
(3.32285e-10 0 0 0 3.32285e-10 0 0 0 3.32285e-10)
(3.33934e-10 0 0 0 3.33934e-10 0 0 0 3.33934e-10)
(3.33555e-10 0 0 0 3.33555e-10 0 0 0 3.33555e-10)
(3.33818e-10 0 0 0 3.33818e-10 0 0 0 3.33818e-10)
(3.13562e-10 0 0 0 3.13562e-10 0 0 0 3.13562e-10)
(3.29067e-10 0 0 0 3.29067e-10 0 0 0 3.29067e-10)
(3.39253e-10 0 0 0 3.39253e-10 0 0 0 3.39253e-10)
(3.31526e-10 0 0 0 3.31526e-10 0 0 0 3.31526e-10)
(3.4237e-10 0 0 0 3.4237e-10 0 0 0 3.4237e-10)
(3.42839e-10 0 0 0 3.42839e-10 0 0 0 3.42839e-10)
(3.50447e-10 0 0 0 3.50447e-10 0 0 0 3.50447e-10)
(3.4878e-10 0 0 0 3.4878e-10 0 0 0 3.4878e-10)
(3.5191e-10 0 0 0 3.5191e-10 0 0 0 3.5191e-10)
(3.5031e-10 0 0 0 3.5031e-10 0 0 0 3.5031e-10)
(3.51635e-10 0 0 0 3.51635e-10 0 0 0 3.51635e-10)
(3.50754e-10 0 0 0 3.50754e-10 0 0 0 3.50754e-10)
(3.50526e-10 0 0 0 3.50526e-10 0 0 0 3.50526e-10)
(3.37687e-10 0 0 0 3.37687e-10 0 0 0 3.37687e-10)
(3.40835e-10 0 0 0 3.40835e-10 0 0 0 3.40835e-10)
(3.55831e-10 0 0 0 3.55831e-10 0 0 0 3.55831e-10)
(3.50181e-10 0 0 0 3.50181e-10 0 0 0 3.50181e-10)
(3.63262e-10 0 0 0 3.63262e-10 0 0 0 3.63262e-10)
(3.6067e-10 0 0 0 3.6067e-10 0 0 0 3.6067e-10)
(3.66613e-10 0 0 0 3.66613e-10 0 0 0 3.66613e-10)
(3.63255e-10 0 0 0 3.63255e-10 0 0 0 3.63255e-10)
(3.66254e-10 0 0 0 3.66254e-10 0 0 0 3.66254e-10)
(3.6408e-10 0 0 0 3.6408e-10 0 0 0 3.6408e-10)
(3.65563e-10 0 0 0 3.65563e-10 0 0 0 3.65563e-10)
(3.64429e-10 0 0 0 3.64429e-10 0 0 0 3.64429e-10)
(3.63949e-10 0 0 0 3.63949e-10 0 0 0 3.63949e-10)
(3.58783e-10 0 0 0 3.58783e-10 0 0 0 3.58783e-10)
(3.51224e-10 0 0 0 3.51224e-10 0 0 0 3.51224e-10)
(3.75034e-10 0 0 0 3.75034e-10 0 0 0 3.75034e-10)
(3.67558e-10 0 0 0 3.67558e-10 0 0 0 3.67558e-10)
(3.7853e-10 0 0 0 3.7853e-10 0 0 0 3.7853e-10)
(3.72876e-10 0 0 0 3.72876e-10 0 0 0 3.72876e-10)
(3.78402e-10 0 0 0 3.78402e-10 0 0 0 3.78402e-10)
(3.74334e-10 0 0 0 3.74334e-10 0 0 0 3.74334e-10)
(3.77646e-10 0 0 0 3.77646e-10 0 0 0 3.77646e-10)
(3.7512e-10 0 0 0 3.7512e-10 0 0 0 3.7512e-10)
(3.76844e-10 0 0 0 3.76844e-10 0 0 0 3.76844e-10)
(3.75503e-10 0 0 0 3.75503e-10 0 0 0 3.75503e-10)
(3.74817e-10 0 0 0 3.74817e-10 0 0 0 3.74817e-10)
(7.34062e-10 0 0 0 7.34062e-10 0 0 0 7.34062e-10)
(4.81153e-10 0 0 0 4.81153e-10 0 0 0 4.81153e-10)
(4.20092e-10 0 0 0 4.20092e-10 0 0 0 4.20092e-10)
(3.913e-10 0 0 0 3.913e-10 0 0 0 3.913e-10)
(3.89336e-10 0 0 0 3.89336e-10 0 0 0 3.89336e-10)
(3.84211e-10 0 0 0 3.84211e-10 0 0 0 3.84211e-10)
(3.86597e-10 0 0 0 3.86597e-10 0 0 0 3.86597e-10)
(3.84283e-10 0 0 0 3.84283e-10 0 0 0 3.84283e-10)
(3.86062e-10 0 0 0 3.86062e-10 0 0 0 3.86062e-10)
(3.8463e-10 0 0 0 3.8463e-10 0 0 0 3.8463e-10)
(3.85503e-10 0 0 0 3.85503e-10 0 0 0 3.85503e-10)
(3.84523e-10 0 0 0 3.84523e-10 0 0 0 3.84523e-10)
(3.8384e-10 0 0 0 3.8384e-10 0 0 0 3.8384e-10)
(3.31628e-10 0 0 0 3.31628e-10 0 0 0 3.31628e-10)
(2.16261e-10 0 0 0 2.16261e-10 0 0 0 2.16261e-10)
(1.8725e-10 0 0 0 1.8725e-10 0 0 0 1.8725e-10)
(1.74043e-10 0 0 0 1.74043e-10 0 0 0 1.74043e-10)
(1.73094e-10 0 0 0 1.73094e-10 0 0 0 1.73094e-10)
(1.70802e-10 0 0 0 1.70802e-10 0 0 0 1.70802e-10)
(1.71856e-10 0 0 0 1.71856e-10 0 0 0 1.71856e-10)
(1.70828e-10 0 0 0 1.70828e-10 0 0 0 1.70828e-10)
(1.71618e-10 0 0 0 1.71618e-10 0 0 0 1.71618e-10)
(1.70987e-10 0 0 0 1.70987e-10 0 0 0 1.70987e-10)
(1.71394e-10 0 0 0 1.71394e-10 0 0 0 1.71394e-10)
(1.70994e-10 0 0 0 1.70994e-10 0 0 0 1.70994e-10)
(1.70808e-10 0 0 0 1.70808e-10 0 0 0 1.70808e-10)
(1.6212e-10 0 0 0 1.6212e-10 0 0 0 1.6212e-10)
(1.58415e-10 0 0 0 1.58415e-10 0 0 0 1.58415e-10)
(1.67955e-10 0 0 0 1.67955e-10 0 0 0 1.67955e-10)
(1.6383e-10 0 0 0 1.6383e-10 0 0 0 1.6383e-10)
(1.68391e-10 0 0 0 1.68391e-10 0 0 0 1.68391e-10)
(1.65786e-10 0 0 0 1.65786e-10 0 0 0 1.65786e-10)
(1.68218e-10 0 0 0 1.68218e-10 0 0 0 1.68218e-10)
(1.66407e-10 0 0 0 1.66407e-10 0 0 0 1.66407e-10)
(1.67876e-10 0 0 0 1.67876e-10 0 0 0 1.67876e-10)
(1.66756e-10 0 0 0 1.66756e-10 0 0 0 1.66756e-10)
(1.67535e-10 0 0 0 1.67535e-10 0 0 0 1.67535e-10)
(1.66957e-10 0 0 0 1.66957e-10 0 0 0 1.66957e-10)
(1.66799e-10 0 0 0 1.66799e-10 0 0 0 1.66799e-10)
(1.52588e-10 0 0 0 1.52588e-10 0 0 0 1.52588e-10)
(1.53919e-10 0 0 0 1.53919e-10 0 0 0 1.53919e-10)
(1.60197e-10 0 0 0 1.60197e-10 0 0 0 1.60197e-10)
(1.56869e-10 0 0 0 1.56869e-10 0 0 0 1.56869e-10)
(1.62024e-10 0 0 0 1.62024e-10 0 0 0 1.62024e-10)
(1.60512e-10 0 0 0 1.60512e-10 0 0 0 1.60512e-10)
(1.63025e-10 0 0 0 1.63025e-10 0 0 0 1.63025e-10)
(1.61497e-10 0 0 0 1.61497e-10 0 0 0 1.61497e-10)
(1.62817e-10 0 0 0 1.62817e-10 0 0 0 1.62817e-10)
(1.6185e-10 0 0 0 1.6185e-10 0 0 0 1.6185e-10)
(1.62519e-10 0 0 0 1.62519e-10 0 0 0 1.62519e-10)
(1.62031e-10 0 0 0 1.62031e-10 0 0 0 1.62031e-10)
(1.6193e-10 0 0 0 1.6193e-10 0 0 0 1.6193e-10)
(1.41692e-10 0 0 0 1.41692e-10 0 0 0 1.41692e-10)
(1.48575e-10 0 0 0 1.48575e-10 0 0 0 1.48575e-10)
(1.53011e-10 0 0 0 1.53011e-10 0 0 0 1.53011e-10)
(1.49246e-10 0 0 0 1.49246e-10 0 0 0 1.49246e-10)
(1.53505e-10 0 0 0 1.53505e-10 0 0 0 1.53505e-10)
(1.53079e-10 0 0 0 1.53079e-10 0 0 0 1.53079e-10)
(1.56084e-10 0 0 0 1.56084e-10 0 0 0 1.56084e-10)
(1.55171e-10 0 0 0 1.55171e-10 0 0 0 1.55171e-10)
(1.56487e-10 0 0 0 1.56487e-10 0 0 0 1.56487e-10)
(1.55748e-10 0 0 0 1.55748e-10 0 0 0 1.55748e-10)
(1.56333e-10 0 0 0 1.56333e-10 0 0 0 1.56333e-10)
(1.5595e-10 0 0 0 1.5595e-10 0 0 0 1.5595e-10)
(1.5592e-10 0 0 0 1.5592e-10 0 0 0 1.5592e-10)
(1.29397e-10 0 0 0 1.29397e-10 0 0 0 1.29397e-10)
(1.41136e-10 0 0 0 1.41136e-10 0 0 0 1.41136e-10)
(1.44937e-10 0 0 0 1.44937e-10 0 0 0 1.44937e-10)
(1.42078e-10 0 0 0 1.42078e-10 0 0 0 1.42078e-10)
(1.44503e-10 0 0 0 1.44503e-10 0 0 0 1.44503e-10)
(1.43695e-10 0 0 0 1.43695e-10 0 0 0 1.43695e-10)
(1.46688e-10 0 0 0 1.46688e-10 0 0 0 1.46688e-10)
(1.46559e-10 0 0 0 1.46559e-10 0 0 0 1.46559e-10)
(1.4815e-10 0 0 0 1.4815e-10 0 0 0 1.4815e-10)
(1.47877e-10 0 0 0 1.47877e-10 0 0 0 1.47877e-10)
(1.48537e-10 0 0 0 1.48537e-10 0 0 0 1.48537e-10)
(1.4834e-10 0 0 0 1.4834e-10 0 0 0 1.4834e-10)
(1.4846e-10 0 0 0 1.4846e-10 0 0 0 1.4846e-10)
(1.15678e-10 0 0 0 1.15678e-10 0 0 0 1.15678e-10)
(1.31657e-10 0 0 0 1.31657e-10 0 0 0 1.31657e-10)
(1.34504e-10 0 0 0 1.34504e-10 0 0 0 1.34504e-10)
(1.33311e-10 0 0 0 1.33311e-10 0 0 0 1.33311e-10)
(1.35366e-10 0 0 0 1.35366e-10 0 0 0 1.35366e-10)
(1.3395e-10 0 0 0 1.3395e-10 0 0 0 1.3395e-10)
(1.35755e-10 0 0 0 1.35755e-10 0 0 0 1.35755e-10)
(1.35569e-10 0 0 0 1.35569e-10 0 0 0 1.35569e-10)
(1.37122e-10 0 0 0 1.37122e-10 0 0 0 1.37122e-10)
(1.37299e-10 0 0 0 1.37299e-10 0 0 0 1.37299e-10)
(1.38254e-10 0 0 0 1.38254e-10 0 0 0 1.38254e-10)
(1.38342e-10 0 0 0 1.38342e-10 0 0 0 1.38342e-10)
(1.38896e-10 0 0 0 1.38896e-10 0 0 0 1.38896e-10)
(1.00507e-10 0 0 0 1.00507e-10 0 0 0 1.00507e-10)
(1.1956e-10 0 0 0 1.1956e-10 0 0 0 1.1956e-10)
(1.2231e-10 0 0 0 1.2231e-10 0 0 0 1.2231e-10)
(1.22096e-10 0 0 0 1.22096e-10 0 0 0 1.22096e-10)
(1.23825e-10 0 0 0 1.23825e-10 0 0 0 1.23825e-10)
(1.23045e-10 0 0 0 1.23045e-10 0 0 0 1.23045e-10)
(1.2426e-10 0 0 0 1.2426e-10 0 0 0 1.2426e-10)
(1.23582e-10 0 0 0 1.23582e-10 0 0 0 1.23582e-10)
(1.2451e-10 0 0 0 1.2451e-10 0 0 0 1.2451e-10)
(1.24289e-10 0 0 0 1.24289e-10 0 0 0 1.24289e-10)
(1.25302e-10 0 0 0 1.25302e-10 0 0 0 1.25302e-10)
(1.25268e-10 0 0 0 1.25268e-10 0 0 0 1.25268e-10)
(1.26269e-10 0 0 0 1.26269e-10 0 0 0 1.26269e-10)
(8.38326e-11 0 0 0 8.38326e-11 0 0 0 8.38326e-11)
(1.04298e-10 0 0 0 1.04298e-10 0 0 0 1.04298e-10)
(1.07324e-10 0 0 0 1.07324e-10 0 0 0 1.07324e-10)
(1.08734e-10 0 0 0 1.08734e-10 0 0 0 1.08734e-10)
(1.09807e-10 0 0 0 1.09807e-10 0 0 0 1.09807e-10)
(1.09208e-10 0 0 0 1.09208e-10 0 0 0 1.09208e-10)
(1.10445e-10 0 0 0 1.10445e-10 0 0 0 1.10445e-10)
(1.09761e-10 0 0 0 1.09761e-10 0 0 0 1.09761e-10)
(1.1072e-10 0 0 0 1.1072e-10 0 0 0 1.1072e-10)
(1.10084e-10 0 0 0 1.10084e-10 0 0 0 1.10084e-10)
(1.10766e-10 0 0 0 1.10766e-10 0 0 0 1.10766e-10)
(1.10466e-10 0 0 0 1.10466e-10 0 0 0 1.10466e-10)
(1.11064e-10 0 0 0 1.11064e-10 0 0 0 1.11064e-10)
(6.55721e-11 0 0 0 6.55721e-11 0 0 0 6.55721e-11)
(8.57654e-11 0 0 0 8.57654e-11 0 0 0 8.57654e-11)
(8.92228e-11 0 0 0 8.92228e-11 0 0 0 8.92228e-11)
(9.19814e-11 0 0 0 9.19814e-11 0 0 0 9.19814e-11)
(9.28666e-11 0 0 0 9.28666e-11 0 0 0 9.28666e-11)
(9.24509e-11 0 0 0 9.24509e-11 0 0 0 9.24509e-11)
(9.34056e-11 0 0 0 9.34056e-11 0 0 0 9.34056e-11)
(9.28818e-11 0 0 0 9.28818e-11 0 0 0 9.28818e-11)
(9.35175e-11 0 0 0 9.35175e-11 0 0 0 9.35175e-11)
(9.33227e-11 0 0 0 9.33227e-11 0 0 0 9.33227e-11)
(9.36561e-11 0 0 0 9.36561e-11 0 0 0 9.36561e-11)
(9.36408e-11 0 0 0 9.36408e-11 0 0 0 9.36408e-11)
(9.38713e-11 0 0 0 9.38713e-11 0 0 0 9.38713e-11)
(4.5578e-11 0 0 0 4.5578e-11 0 0 0 4.5578e-11)
(6.36099e-11 0 0 0 6.36099e-11 0 0 0 6.36099e-11)
(6.7658e-11 0 0 0 6.7658e-11 0 0 0 6.7658e-11)
(7.13417e-11 0 0 0 7.13417e-11 0 0 0 7.13417e-11)
(7.21456e-11 0 0 0 7.21456e-11 0 0 0 7.21456e-11)
(7.21237e-11 0 0 0 7.21237e-11 0 0 0 7.21237e-11)
(7.26347e-11 0 0 0 7.26347e-11 0 0 0 7.26347e-11)
(7.24328e-11 0 0 0 7.24328e-11 0 0 0 7.24328e-11)
(7.26641e-11 0 0 0 7.26641e-11 0 0 0 7.26641e-11)
(7.2607e-11 0 0 0 7.2607e-11 0 0 0 7.2607e-11)
(7.28246e-11 0 0 0 7.28246e-11 0 0 0 7.28246e-11)
(7.28173e-11 0 0 0 7.28173e-11 0 0 0 7.28173e-11)
(7.30236e-11 0 0 0 7.30236e-11 0 0 0 7.30236e-11)
(2.37258e-11 0 0 0 2.37258e-11 0 0 0 2.37258e-11)
(3.7779e-11 0 0 0 3.7779e-11 0 0 0 3.7779e-11)
(4.19692e-11 0 0 0 4.19692e-11 0 0 0 4.19692e-11)
(4.62465e-11 0 0 0 4.62465e-11 0 0 0 4.62465e-11)
(4.68813e-11 0 0 0 4.68813e-11 0 0 0 4.68813e-11)
(4.72234e-11 0 0 0 4.72234e-11 0 0 0 4.72234e-11)
(4.74332e-11 0 0 0 4.74332e-11 0 0 0 4.74332e-11)
(4.73717e-11 0 0 0 4.73717e-11 0 0 0 4.73717e-11)
(4.75199e-11 0 0 0 4.75199e-11 0 0 0 4.75199e-11)
(4.74607e-11 0 0 0 4.74607e-11 0 0 0 4.74607e-11)
(4.75896e-11 0 0 0 4.75896e-11 0 0 0 4.75896e-11)
(4.75623e-11 0 0 0 4.75623e-11 0 0 0 4.75623e-11)
(4.76673e-11 0 0 0 4.76673e-11 0 0 0 4.76673e-11)
(7.76519e-12 0 0 0 7.76519e-12 0 0 0 7.76519e-12)
(8.77744e-12 0 0 0 8.77744e-12 0 0 0 8.77744e-12)
(1.16521e-11 0 0 0 1.16521e-11 0 0 0 1.16521e-11)
(1.57503e-11 0 0 0 1.57503e-11 0 0 0 1.57503e-11)
(1.62306e-11 0 0 0 1.62306e-11 0 0 0 1.62306e-11)
(1.67853e-11 0 0 0 1.67853e-11 0 0 0 1.67853e-11)
(1.6802e-11 0 0 0 1.6802e-11 0 0 0 1.6802e-11)
(1.68115e-11 0 0 0 1.68115e-11 0 0 0 1.68115e-11)
(1.6842e-11 0 0 0 1.6842e-11 0 0 0 1.6842e-11)
(1.68377e-11 0 0 0 1.68377e-11 0 0 0 1.68377e-11)
(1.68714e-11 0 0 0 1.68714e-11 0 0 0 1.68714e-11)
(1.68708e-11 0 0 0 1.68708e-11 0 0 0 1.68708e-11)
(1.68985e-11 0 0 0 1.68985e-11 0 0 0 1.68985e-11)
(3.06509e-11 0 0 0 3.06509e-11 0 0 0 3.06509e-11)
(2.3864e-11 0 0 0 2.3864e-11 0 0 0 2.3864e-11)
(2.08527e-11 0 0 0 2.08527e-11 0 0 0 2.08527e-11)
(1.7529e-11 0 0 0 1.7529e-11 0 0 0 1.7529e-11)
(1.72978e-11 0 0 0 1.72978e-11 0 0 0 1.72978e-11)
(1.66926e-11 0 0 0 1.66926e-11 0 0 0 1.66926e-11)
(1.68348e-11 0 0 0 1.68348e-11 0 0 0 1.68348e-11)
(1.67668e-11 0 0 0 1.67668e-11 0 0 0 1.67668e-11)
(1.68318e-11 0 0 0 1.68318e-11 0 0 0 1.68318e-11)
(1.68249e-11 0 0 0 1.68249e-11 0 0 0 1.68249e-11)
(1.68664e-11 0 0 0 1.68664e-11 0 0 0 1.68664e-11)
(1.68664e-11 0 0 0 1.68664e-11 0 0 0 1.68664e-11)
(1.68962e-11 0 0 0 1.68962e-11 0 0 0 1.68962e-11)
(5.47512e-11 0 0 0 5.47512e-11 0 0 0 5.47512e-11)
(5.13527e-11 0 0 0 5.13527e-11 0 0 0 5.13527e-11)
(4.99037e-11 0 0 0 4.99037e-11 0 0 0 4.99037e-11)
(4.76297e-11 0 0 0 4.76297e-11 0 0 0 4.76297e-11)
(4.77387e-11 0 0 0 4.77387e-11 0 0 0 4.77387e-11)
(4.71386e-11 0 0 0 4.71386e-11 0 0 0 4.71386e-11)
(4.74554e-11 0 0 0 4.74554e-11 0 0 0 4.74554e-11)
(4.73254e-11 0 0 0 4.73254e-11 0 0 0 4.73254e-11)
(4.75057e-11 0 0 0 4.75057e-11 0 0 0 4.75057e-11)
(4.74467e-11 0 0 0 4.74467e-11 0 0 0 4.74467e-11)
(4.75842e-11 0 0 0 4.75842e-11 0 0 0 4.75842e-11)
(4.7557e-11 0 0 0 4.7557e-11 0 0 0 4.7557e-11)
(4.76617e-11 0 0 0 4.76617e-11 0 0 0 4.76617e-11)
(7.50159e-11 0 0 0 7.50159e-11 0 0 0 7.50159e-11)
(7.39235e-11 0 0 0 7.39235e-11 0 0 0 7.39235e-11)
(7.36621e-11 0 0 0 7.36621e-11 0 0 0 7.36621e-11)
(7.22555e-11 0 0 0 7.22555e-11 0 0 0 7.22555e-11)
(7.27327e-11 0 0 0 7.27327e-11 0 0 0 7.27327e-11)
(7.20655e-11 0 0 0 7.20655e-11 0 0 0 7.20655e-11)
(7.26419e-11 0 0 0 7.26419e-11 0 0 0 7.26419e-11)
(7.23915e-11 0 0 0 7.23915e-11 0 0 0 7.23915e-11)
(7.26493e-11 0 0 0 7.26493e-11 0 0 0 7.26493e-11)
(7.25902e-11 0 0 0 7.25902e-11 0 0 0 7.25902e-11)
(7.28129e-11 0 0 0 7.28129e-11 0 0 0 7.28129e-11)
(7.28095e-11 0 0 0 7.28095e-11 0 0 0 7.28095e-11)
(7.30162e-11 0 0 0 7.30162e-11 0 0 0 7.30162e-11)
(9.20263e-11 0 0 0 9.20263e-11 0 0 0 9.20263e-11)
(9.25717e-11 0 0 0 9.25717e-11 0 0 0 9.25717e-11)
(9.31648e-11 0 0 0 9.31648e-11 0 0 0 9.31648e-11)
(9.25289e-11 0 0 0 9.25289e-11 0 0 0 9.25289e-11)
(9.32016e-11 0 0 0 9.32016e-11 0 0 0 9.32016e-11)
(9.24359e-11 0 0 0 9.24359e-11 0 0 0 9.24359e-11)
(9.33915e-11 0 0 0 9.33915e-11 0 0 0 9.33915e-11)
(9.28495e-11 0 0 0 9.28495e-11 0 0 0 9.28495e-11)
(9.34948e-11 0 0 0 9.34948e-11 0 0 0 9.34948e-11)
(9.32976e-11 0 0 0 9.32976e-11 0 0 0 9.32976e-11)
(9.3634e-11 0 0 0 9.3634e-11 0 0 0 9.3634e-11)
(9.36152e-11 0 0 0 9.36152e-11 0 0 0 9.36152e-11)
(9.38479e-11 0 0 0 9.38479e-11 0 0 0 9.38479e-11)
(1.06258e-10 0 0 0 1.06258e-10 0 0 0 1.06258e-10)
(1.07933e-10 0 0 0 1.07933e-10 0 0 0 1.07933e-10)
(1.09304e-10 0 0 0 1.09304e-10 0 0 0 1.09304e-10)
(1.09098e-10 0 0 0 1.09098e-10 0 0 0 1.09098e-10)
(1.09938e-10 0 0 0 1.09938e-10 0 0 0 1.09938e-10)
(1.09234e-10 0 0 0 1.09234e-10 0 0 0 1.09234e-10)
(1.10428e-10 0 0 0 1.10428e-10 0 0 0 1.10428e-10)
(1.09732e-10 0 0 0 1.09732e-10 0 0 0 1.09732e-10)
(1.10671e-10 0 0 0 1.10671e-10 0 0 0 1.10671e-10)
(1.10055e-10 0 0 0 1.10055e-10 0 0 0 1.10055e-10)
(1.1073e-10 0 0 0 1.1073e-10 0 0 0 1.1073e-10)
(1.10421e-10 0 0 0 1.10421e-10 0 0 0 1.10421e-10)
(1.1104e-10 0 0 0 1.1104e-10 0 0 0 1.1104e-10)
(1.18123e-10 0 0 0 1.18123e-10 0 0 0 1.18123e-10)
(1.20754e-10 0 0 0 1.20754e-10 0 0 0 1.20754e-10)
(1.22643e-10 0 0 0 1.22643e-10 0 0 0 1.22643e-10)
(1.22446e-10 0 0 0 1.22446e-10 0 0 0 1.22446e-10)
(1.23788e-10 0 0 0 1.23788e-10 0 0 0 1.23788e-10)
(1.23096e-10 0 0 0 1.23096e-10 0 0 0 1.23096e-10)
(1.24229e-10 0 0 0 1.24229e-10 0 0 0 1.24229e-10)
(1.23548e-10 0 0 0 1.23548e-10 0 0 0 1.23548e-10)
(1.24467e-10 0 0 0 1.24467e-10 0 0 0 1.24467e-10)
(1.24262e-10 0 0 0 1.24262e-10 0 0 0 1.24262e-10)
(1.25286e-10 0 0 0 1.25286e-10 0 0 0 1.25286e-10)
(1.25264e-10 0 0 0 1.25264e-10 0 0 0 1.25264e-10)
(1.26279e-10 0 0 0 1.26279e-10 0 0 0 1.26279e-10)
(1.27971e-10 0 0 0 1.27971e-10 0 0 0 1.27971e-10)
(1.31288e-10 0 0 0 1.31288e-10 0 0 0 1.31288e-10)
(1.33402e-10 0 0 0 1.33402e-10 0 0 0 1.33402e-10)
(1.33747e-10 0 0 0 1.33747e-10 0 0 0 1.33747e-10)
(1.35248e-10 0 0 0 1.35248e-10 0 0 0 1.35248e-10)
(1.3405e-10 0 0 0 1.3405e-10 0 0 0 1.3405e-10)
(1.35732e-10 0 0 0 1.35732e-10 0 0 0 1.35732e-10)
(1.35575e-10 0 0 0 1.35575e-10 0 0 0 1.35575e-10)
(1.37128e-10 0 0 0 1.37128e-10 0 0 0 1.37128e-10)
(1.37318e-10 0 0 0 1.37318e-10 0 0 0 1.37318e-10)
(1.38272e-10 0 0 0 1.38272e-10 0 0 0 1.38272e-10)
(1.38363e-10 0 0 0 1.38363e-10 0 0 0 1.38363e-10)
(1.38911e-10 0 0 0 1.38911e-10 0 0 0 1.38911e-10)
(1.36132e-10 0 0 0 1.36132e-10 0 0 0 1.36132e-10)
(1.39935e-10 0 0 0 1.39935e-10 0 0 0 1.39935e-10)
(1.42766e-10 0 0 0 1.42766e-10 0 0 0 1.42766e-10)
(1.42707e-10 0 0 0 1.42707e-10 0 0 0 1.42707e-10)
(1.44286e-10 0 0 0 1.44286e-10 0 0 0 1.44286e-10)
(1.43868e-10 0 0 0 1.43868e-10 0 0 0 1.43868e-10)
(1.46715e-10 0 0 0 1.46715e-10 0 0 0 1.46715e-10)
(1.46615e-10 0 0 0 1.46615e-10 0 0 0 1.46615e-10)
(1.48178e-10 0 0 0 1.48178e-10 0 0 0 1.48178e-10)
(1.479e-10 0 0 0 1.479e-10 0 0 0 1.479e-10)
(1.48549e-10 0 0 0 1.48549e-10 0 0 0 1.48549e-10)
(1.48349e-10 0 0 0 1.48349e-10 0 0 0 1.48349e-10)
(1.48464e-10 0 0 0 1.48464e-10 0 0 0 1.48464e-10)
(1.42876e-10 0 0 0 1.42876e-10 0 0 0 1.42876e-10)
(1.47334e-10 0 0 0 1.47334e-10 0 0 0 1.47334e-10)
(1.49932e-10 0 0 0 1.49932e-10 0 0 0 1.49932e-10)
(1.50037e-10 0 0 0 1.50037e-10 0 0 0 1.50037e-10)
(1.53284e-10 0 0 0 1.53284e-10 0 0 0 1.53284e-10)
(1.53369e-10 0 0 0 1.53369e-10 0 0 0 1.53369e-10)
(1.56137e-10 0 0 0 1.56137e-10 0 0 0 1.56137e-10)
(1.55232e-10 0 0 0 1.55232e-10 0 0 0 1.55232e-10)
(1.56504e-10 0 0 0 1.56504e-10 0 0 0 1.56504e-10)
(1.55761e-10 0 0 0 1.55761e-10 0 0 0 1.55761e-10)
(1.56337e-10 0 0 0 1.56337e-10 0 0 0 1.56337e-10)
(1.55953e-10 0 0 0 1.55953e-10 0 0 0 1.55953e-10)
(1.5592e-10 0 0 0 1.5592e-10 0 0 0 1.5592e-10)
(1.48435e-10 0 0 0 1.48435e-10 0 0 0 1.48435e-10)
(1.52977e-10 0 0 0 1.52977e-10 0 0 0 1.52977e-10)
(1.56412e-10 0 0 0 1.56412e-10 0 0 0 1.56412e-10)
(1.58068e-10 0 0 0 1.58068e-10 0 0 0 1.58068e-10)
(1.61864e-10 0 0 0 1.61864e-10 0 0 0 1.61864e-10)
(1.60859e-10 0 0 0 1.60859e-10 0 0 0 1.60859e-10)
(1.63064e-10 0 0 0 1.63064e-10 0 0 0 1.63064e-10)
(1.61551e-10 0 0 0 1.61551e-10 0 0 0 1.61551e-10)
(1.62827e-10 0 0 0 1.62827e-10 0 0 0 1.62827e-10)
(1.61861e-10 0 0 0 1.61861e-10 0 0 0 1.61861e-10)
(1.62522e-10 0 0 0 1.62522e-10 0 0 0 1.62522e-10)
(1.62034e-10 0 0 0 1.62034e-10 0 0 0 1.62034e-10)
(1.61929e-10 0 0 0 1.61929e-10 0 0 0 1.61929e-10)
(1.53008e-10 0 0 0 1.53008e-10 0 0 0 1.53008e-10)
(1.58428e-10 0 0 0 1.58428e-10 0 0 0 1.58428e-10)
(1.64003e-10 0 0 0 1.64003e-10 0 0 0 1.64003e-10)
(1.65415e-10 0 0 0 1.65415e-10 0 0 0 1.65415e-10)
(1.68184e-10 0 0 0 1.68184e-10 0 0 0 1.68184e-10)
(1.66145e-10 0 0 0 1.66145e-10 0 0 0 1.66145e-10)
(1.68245e-10 0 0 0 1.68245e-10 0 0 0 1.68245e-10)
(1.66462e-10 0 0 0 1.66462e-10 0 0 0 1.66462e-10)
(1.67884e-10 0 0 0 1.67884e-10 0 0 0 1.67884e-10)
(1.66766e-10 0 0 0 1.66766e-10 0 0 0 1.66766e-10)
(1.67538e-10 0 0 0 1.67538e-10 0 0 0 1.67538e-10)
(1.6696e-10 0 0 0 1.6696e-10 0 0 0 1.6696e-10)
(1.66798e-10 0 0 0 1.66798e-10 0 0 0 1.66798e-10)
(1.56341e-10 0 0 0 1.56341e-10 0 0 0 1.56341e-10)
(1.64752e-10 0 0 0 1.64752e-10 0 0 0 1.64752e-10)
(1.69818e-10 0 0 0 1.69818e-10 0 0 0 1.69818e-10)
(1.705e-10 0 0 0 1.705e-10 0 0 0 1.705e-10)
(1.71871e-10 0 0 0 1.71871e-10 0 0 0 1.71871e-10)
(1.70739e-10 0 0 0 1.70739e-10 0 0 0 1.70739e-10)
(1.71845e-10 0 0 0 1.71845e-10 0 0 0 1.71845e-10)
(1.70863e-10 0 0 0 1.70863e-10 0 0 0 1.70863e-10)
(1.7163e-10 0 0 0 1.7163e-10 0 0 0 1.7163e-10)
(1.70998e-10 0 0 0 1.70998e-10 0 0 0 1.70998e-10)
(1.71397e-10 0 0 0 1.71397e-10 0 0 0 1.71397e-10)
(1.70996e-10 0 0 0 1.70996e-10 0 0 0 1.70996e-10)
(1.70808e-10 0 0 0 1.70808e-10 0 0 0 1.70808e-10)
)
;

boundaryField
{
    PNe
    {
        type            calculated;
        value           nonuniform List<tensor> 
270
(
(0.00127979 0 0 0 0.000159973 0 0 0 0.000159973)
(0.00128017 0 0 0 0.000160021 0 0 0 0.000160021)
(0.0012808 0 0 0 0.0001601 0 0 0 0.0001601)
(0.00128172 0 0 0 0.000160215 0 0 0 0.000160215)
(0.00128256 0 0 0 0.00016032 0 0 0 0.00016032)
(0.00128336 0 0 0 0.00016042 0 0 0 0.00016042)
(0.00128412 0 0 0 0.000160516 0 0 0 0.000160516)
(0.00128487 0 0 0 0.000160609 0 0 0 0.000160609)
(0.0012856 0 0 0 0.0001607 0 0 0 0.0001607)
(0.00128631 0 0 0 0.000160789 0 0 0 0.000160789)
(0.00128702 0 0 0 0.000160878 0 0 0 0.000160878)
(0.00128773 0 0 0 0.000160966 0 0 0 0.000160966)
(0.00128842 0 0 0 0.000161053 0 0 0 0.000161053)
(0.00128912 0 0 0 0.00016114 0 0 0 0.00016114)
(0.00128982 0 0 0 0.000161227 0 0 0 0.000161227)
(0.00129051 0 0 0 0.000161314 0 0 0 0.000161314)
(0.0012912 0 0 0 0.0001614 0 0 0 0.0001614)
(0.00129189 0 0 0 0.000161486 0 0 0 0.000161486)
(0.00129258 0 0 0 0.000161572 0 0 0 0.000161572)
(0.00129326 0 0 0 0.000161658 0 0 0 0.000161658)
(0.00129395 0 0 0 0.000161744 0 0 0 0.000161744)
(0.00129463 0 0 0 0.000161829 0 0 0 0.000161829)
(0.00129532 0 0 0 0.000161915 0 0 0 0.000161915)
(0.001296 0 0 0 0.000162 0 0 0 0.000162)
(0.00129668 0 0 0 0.000162085 0 0 0 0.000162085)
(0.00129736 0 0 0 0.00016217 0 0 0 0.00016217)
(0.00129804 0 0 0 0.000162255 0 0 0 0.000162255)
(0.00129871 0 0 0 0.000162339 0 0 0 0.000162339)
(0.00129939 0 0 0 0.000162424 0 0 0 0.000162424)
(0.00130006 0 0 0 0.000162508 0 0 0 0.000162508)
(0.00130073 0 0 0 0.000162591 0 0 0 0.000162591)
(0.0013014 0 0 0 0.000162674 0 0 0 0.000162674)
(0.00130206 0 0 0 0.000162757 0 0 0 0.000162757)
(0.00130272 0 0 0 0.00016284 0 0 0 0.00016284)
(0.00130338 0 0 0 0.000162922 0 0 0 0.000162922)
(0.00130403 0 0 0 0.000163004 0 0 0 0.000163004)
(0.00130468 0 0 0 0.000163086 0 0 0 0.000163086)
(0.00130533 0 0 0 0.000163167 0 0 0 0.000163167)
(0.00130598 0 0 0 0.000163247 0 0 0 0.000163247)
(0.00130662 0 0 0 0.000163327 0 0 0 0.000163327)
(0.00130725 0 0 0 0.000163406 0 0 0 0.000163406)
(0.00130788 0 0 0 0.000163485 0 0 0 0.000163485)
(0.00130851 0 0 0 0.000163564 0 0 0 0.000163564)
(0.00130913 0 0 0 0.000163641 0 0 0 0.000163641)
(0.00130975 0 0 0 0.000163718 0 0 0 0.000163718)
(0.00131036 0 0 0 0.000163795 0 0 0 0.000163795)
(0.00131097 0 0 0 0.000163871 0 0 0 0.000163871)
(0.00131157 0 0 0 0.000163946 0 0 0 0.000163946)
(0.00131216 0 0 0 0.00016402 0 0 0 0.00016402)
(0.00131275 0 0 0 0.000164094 0 0 0 0.000164094)
(0.00131333 0 0 0 0.000164167 0 0 0 0.000164167)
(0.00131391 0 0 0 0.000164239 0 0 0 0.000164239)
(0.00131448 0 0 0 0.00016431 0 0 0 0.00016431)
(0.00131505 0 0 0 0.000164381 0 0 0 0.000164381)
(0.0013156 0 0 0 0.00016445 0 0 0 0.00016445)
(0.00131615 0 0 0 0.000164519 0 0 0 0.000164519)
(0.0013167 0 0 0 0.000164587 0 0 0 0.000164587)
(0.00131723 0 0 0 0.000164654 0 0 0 0.000164654)
(0.00131776 0 0 0 0.00016472 0 0 0 0.00016472)
(0.00131829 0 0 0 0.000164786 0 0 0 0.000164786)
(0.0013188 0 0 0 0.00016485 0 0 0 0.00016485)
(0.00131931 0 0 0 0.000164913 0 0 0 0.000164913)
(0.00131981 0 0 0 0.000164976 0 0 0 0.000164976)
(0.0013203 0 0 0 0.000165037 0 0 0 0.000165037)
(0.00132078 0 0 0 0.000165097 0 0 0 0.000165097)
(0.00132125 0 0 0 0.000165157 0 0 0 0.000165157)
(0.00132172 0 0 0 0.000165215 0 0 0 0.000165215)
(0.00132218 0 0 0 0.000165272 0 0 0 0.000165272)
(0.00132263 0 0 0 0.000165329 0 0 0 0.000165329)
(0.00132307 0 0 0 0.000165384 0 0 0 0.000165384)
(0.0013235 0 0 0 0.000165438 0 0 0 0.000165438)
(0.00132393 0 0 0 0.000165491 0 0 0 0.000165491)
(0.00132434 0 0 0 0.000165543 0 0 0 0.000165543)
(0.00132475 0 0 0 0.000165594 0 0 0 0.000165594)
(0.00132515 0 0 0 0.000165644 0 0 0 0.000165644)
(0.00132554 0 0 0 0.000165693 0 0 0 0.000165693)
(0.00132592 0 0 0 0.00016574 0 0 0 0.00016574)
(0.00132629 0 0 0 0.000165787 0 0 0 0.000165787)
(0.00132666 0 0 0 0.000165832 0 0 0 0.000165832)
(0.00132701 0 0 0 0.000165877 0 0 0 0.000165877)
(0.00132736 0 0 0 0.00016592 0 0 0 0.00016592)
(0.0013277 0 0 0 0.000165962 0 0 0 0.000165962)
(0.00132803 0 0 0 0.000166003 0 0 0 0.000166003)
(0.00132835 0 0 0 0.000166044 0 0 0 0.000166044)
(0.00132866 0 0 0 0.000166082 0 0 0 0.000166082)
(0.00132896 0 0 0 0.00016612 0 0 0 0.00016612)
(0.00132926 0 0 0 0.000166157 0 0 0 0.000166157)
(0.00132954 0 0 0 0.000166193 0 0 0 0.000166193)
(0.00132982 0 0 0 0.000166228 0 0 0 0.000166228)
(0.00133009 0 0 0 0.000166261 0 0 0 0.000166261)
(0.00133035 0 0 0 0.000166294 0 0 0 0.000166294)
(0.00133061 0 0 0 0.000166326 0 0 0 0.000166326)
(0.00133085 0 0 0 0.000166356 0 0 0 0.000166356)
(0.00133109 0 0 0 0.000166386 0 0 0 0.000166386)
(0.00133132 0 0 0 0.000166415 0 0 0 0.000166415)
(0.00133154 0 0 0 0.000166442 0 0 0 0.000166442)
(0.00133175 0 0 0 0.000166469 0 0 0 0.000166469)
(0.00133196 0 0 0 0.000166495 0 0 0 0.000166495)
(0.00133216 0 0 0 0.00016652 0 0 0 0.00016652)
(0.00133235 0 0 0 0.000166544 0 0 0 0.000166544)
(0.00133254 0 0 0 0.000166567 0 0 0 0.000166567)
(0.00133271 0 0 0 0.000166589 0 0 0 0.000166589)
(0.00133288 0 0 0 0.000166611 0 0 0 0.000166611)
(0.00133305 0 0 0 0.000166631 0 0 0 0.000166631)
(0.00133321 0 0 0 0.000166651 0 0 0 0.000166651)
(0.00133336 0 0 0 0.00016667 0 0 0 0.00016667)
(0.0013335 0 0 0 0.000166688 0 0 0 0.000166688)
(0.00133364 0 0 0 0.000166705 0 0 0 0.000166705)
(0.00133378 0 0 0 0.000166722 0 0 0 0.000166722)
(0.0013339 0 0 0 0.000166738 0 0 0 0.000166738)
(0.00133403 0 0 0 0.000166753 0 0 0 0.000166753)
(0.00133414 0 0 0 0.000166768 0 0 0 0.000166768)
(0.00133425 0 0 0 0.000166782 0 0 0 0.000166782)
(0.00133436 0 0 0 0.000166795 0 0 0 0.000166795)
(0.00133446 0 0 0 0.000166808 0 0 0 0.000166808)
(0.00133456 0 0 0 0.00016682 0 0 0 0.00016682)
(0.00133465 0 0 0 0.000166831 0 0 0 0.000166831)
(0.00133474 0 0 0 0.000166842 0 0 0 0.000166842)
(0.00133482 0 0 0 0.000166852 0 0 0 0.000166852)
(0.0013349 0 0 0 0.000166862 0 0 0 0.000166862)
(0.00133497 0 0 0 0.000166872 0 0 0 0.000166872)
(0.00133504 0 0 0 0.00016688 0 0 0 0.00016688)
(0.00133511 0 0 0 0.000166889 0 0 0 0.000166889)
(0.00133517 0 0 0 0.000166897 0 0 0 0.000166897)
(0.00133524 0 0 0 0.000166905 0 0 0 0.000166905)
(0.00133529 0 0 0 0.000166912 0 0 0 0.000166912)
(0.00133535 0 0 0 0.000166919 0 0 0 0.000166919)
(0.0013354 0 0 0 0.000166925 0 0 0 0.000166925)
(0.00133545 0 0 0 0.000166931 0 0 0 0.000166931)
(0.0013355 0 0 0 0.000166937 0 0 0 0.000166937)
(0.00133554 0 0 0 0.000166943 0 0 0 0.000166943)
(0.00133558 0 0 0 0.000166948 0 0 0 0.000166948)
(0.00133562 0 0 0 0.000166953 0 0 0 0.000166953)
(0.00133566 0 0 0 0.000166958 0 0 0 0.000166958)
(0.0013357 0 0 0 0.000166963 0 0 0 0.000166963)
(0.00133574 0 0 0 0.000166967 0 0 0 0.000166967)
(0.00133577 0 0 0 0.000166971 0 0 0 0.000166971)
(0.0013358 0 0 0 0.000166976 0 0 0 0.000166976)
(0.00133584 0 0 0 0.00016698 0 0 0 0.00016698)
(0.00133587 0 0 0 0.000166983 0 0 0 0.000166983)
(0.0013359 0 0 0 0.000166987 0 0 0 0.000166987)
(0.00133593 0 0 0 0.000166991 0 0 0 0.000166991)
(0.00133595 0 0 0 0.000166994 0 0 0 0.000166994)
(0.00133598 0 0 0 0.000166998 0 0 0 0.000166998)
(0.00133601 0 0 0 0.000167002 0 0 0 0.000167002)
(0.00133604 0 0 0 0.000167005 0 0 0 0.000167005)
(0.00133607 0 0 0 0.000167009 0 0 0 0.000167009)
(0.0013361 0 0 0 0.000167012 0 0 0 0.000167012)
(0.00133613 0 0 0 0.000167016 0 0 0 0.000167016)
(0.00133616 0 0 0 0.00016702 0 0 0 0.00016702)
(0.00133619 0 0 0 0.000167024 0 0 0 0.000167024)
(0.00133622 0 0 0 0.000167028 0 0 0 0.000167028)
(0.00133625 0 0 0 0.000167032 0 0 0 0.000167032)
(0.00133629 0 0 0 0.000167036 0 0 0 0.000167036)
(0.00133633 0 0 0 0.000167041 0 0 0 0.000167041)
(0.00133636 0 0 0 0.000167045 0 0 0 0.000167045)
(0.0013364 0 0 0 0.00016705 0 0 0 0.00016705)
(0.00133644 0 0 0 0.000167056 0 0 0 0.000167056)
(0.00133649 0 0 0 0.000167061 0 0 0 0.000167061)
(0.00133653 0 0 0 0.000167067 0 0 0 0.000167067)
(0.00133658 0 0 0 0.000167073 0 0 0 0.000167073)
(0.00133663 0 0 0 0.000167079 0 0 0 0.000167079)
(0.00133668 0 0 0 0.000167086 0 0 0 0.000167086)
(0.00133674 0 0 0 0.000167092 0 0 0 0.000167092)
(0.0013368 0 0 0 0.0001671 0 0 0 0.0001671)
(0.00133686 0 0 0 0.000167108 0 0 0 0.000167108)
(0.00133693 0 0 0 0.000167116 0 0 0 0.000167116)
(0.00133699 0 0 0 0.000167124 0 0 0 0.000167124)
(0.00133707 0 0 0 0.000167133 0 0 0 0.000167133)
(0.00133714 0 0 0 0.000167143 0 0 0 0.000167143)
(0.00133722 0 0 0 0.000167153 0 0 0 0.000167153)
(0.00133731 0 0 0 0.000167163 0 0 0 0.000167163)
(0.0013374 0 0 0 0.000167174 0 0 0 0.000167174)
(0.00133749 0 0 0 0.000167186 0 0 0 0.000167186)
(0.00133759 0 0 0 0.000167198 0 0 0 0.000167198)
(0.00133769 0 0 0 0.000167211 0 0 0 0.000167211)
(0.0013378 0 0 0 0.000167225 0 0 0 0.000167225)
(0.00133791 0 0 0 0.000167239 0 0 0 0.000167239)
(0.00133803 0 0 0 0.000167253 0 0 0 0.000167253)
(0.00133815 0 0 0 0.000167269 0 0 0 0.000167269)
(0.00133828 0 0 0 0.000167285 0 0 0 0.000167285)
(0.00133842 0 0 0 0.000167302 0 0 0 0.000167302)
(0.00133856 0 0 0 0.00016732 0 0 0 0.00016732)
(0.00133871 0 0 0 0.000167338 0 0 0 0.000167338)
(0.00133886 0 0 0 0.000167358 0 0 0 0.000167358)
(0.00133902 0 0 0 0.000167378 0 0 0 0.000167378)
(0.00133919 0 0 0 0.000167399 0 0 0 0.000167399)
(0.00133937 0 0 0 0.000167421 0 0 0 0.000167421)
(0.00133955 0 0 0 0.000167444 0 0 0 0.000167444)
(0.00133974 0 0 0 0.000167467 0 0 0 0.000167467)
(0.00133994 0 0 0 0.000167492 0 0 0 0.000167492)
(0.00134014 0 0 0 0.000167518 0 0 0 0.000167518)
(0.00134036 0 0 0 0.000167545 0 0 0 0.000167545)
(0.00134058 0 0 0 0.000167573 0 0 0 0.000167573)
(0.00134081 0 0 0 0.000167601 0 0 0 0.000167601)
(0.00134105 0 0 0 0.000167631 0 0 0 0.000167631)
(0.0013413 0 0 0 0.000167662 0 0 0 0.000167662)
(0.00134156 0 0 0 0.000167694 0 0 0 0.000167694)
(0.00134182 0 0 0 0.000167728 0 0 0 0.000167728)
(0.0013421 0 0 0 0.000167762 0 0 0 0.000167762)
(0.00134238 0 0 0 0.000167798 0 0 0 0.000167798)
(0.00134268 0 0 0 0.000167835 0 0 0 0.000167835)
(0.00134298 0 0 0 0.000167873 0 0 0 0.000167873)
(0.0013433 0 0 0 0.000167912 0 0 0 0.000167912)
(0.00134362 0 0 0 0.000167953 0 0 0 0.000167953)
(0.00134396 0 0 0 0.000167995 0 0 0 0.000167995)
(0.00134431 0 0 0 0.000168038 0 0 0 0.000168038)
(0.00134466 0 0 0 0.000168083 0 0 0 0.000168083)
(0.00134503 0 0 0 0.000168129 0 0 0 0.000168129)
(0.00134541 0 0 0 0.000168177 0 0 0 0.000168177)
(0.0013458 0 0 0 0.000168225 0 0 0 0.000168225)
(0.0013462 0 0 0 0.000168276 0 0 0 0.000168276)
(0.00134662 0 0 0 0.000168327 0 0 0 0.000168327)
(0.00134704 0 0 0 0.00016838 0 0 0 0.00016838)
(0.00134748 0 0 0 0.000168435 0 0 0 0.000168435)
(0.00134793 0 0 0 0.000168491 0 0 0 0.000168491)
(0.00134839 0 0 0 0.000168549 0 0 0 0.000168549)
(0.00134886 0 0 0 0.000168608 0 0 0 0.000168608)
(0.00134935 0 0 0 0.000168668 0 0 0 0.000168668)
(0.00134984 0 0 0 0.000168731 0 0 0 0.000168731)
(0.00135035 0 0 0 0.000168794 0 0 0 0.000168794)
(0.00135088 0 0 0 0.00016886 0 0 0 0.00016886)
(0.00135141 0 0 0 0.000168927 0 0 0 0.000168927)
(0.00135196 0 0 0 0.000168995 0 0 0 0.000168995)
(0.00135252 0 0 0 0.000169065 0 0 0 0.000169065)
(0.00135309 0 0 0 0.000169137 0 0 0 0.000169137)
(0.00135368 0 0 0 0.00016921 0 0 0 0.00016921)
(0.00135428 0 0 0 0.000169285 0 0 0 0.000169285)
(0.00135489 0 0 0 0.000169362 0 0 0 0.000169362)
(0.00135552 0 0 0 0.00016944 0 0 0 0.00016944)
(0.00135616 0 0 0 0.00016952 0 0 0 0.00016952)
(0.00135681 0 0 0 0.000169601 0 0 0 0.000169601)
(0.00135748 0 0 0 0.000169685 0 0 0 0.000169685)
(0.00135816 0 0 0 0.00016977 0 0 0 0.00016977)
(0.00135885 0 0 0 0.000169856 0 0 0 0.000169856)
(0.00135956 0 0 0 0.000169945 0 0 0 0.000169945)
(0.00136028 0 0 0 0.000170035 0 0 0 0.000170035)
(0.00136101 0 0 0 0.000170126 0 0 0 0.000170126)
(0.00136176 0 0 0 0.00017022 0 0 0 0.00017022)
(0.00136252 0 0 0 0.000170315 0 0 0 0.000170315)
(0.0013633 0 0 0 0.000170412 0 0 0 0.000170412)
(0.00136408 0 0 0 0.000170511 0 0 0 0.000170511)
(0.00136489 0 0 0 0.000170611 0 0 0 0.000170611)
(0.00136571 0 0 0 0.000170713 0 0 0 0.000170713)
(0.00136654 0 0 0 0.000170817 0 0 0 0.000170817)
(0.00136738 0 0 0 0.000170923 0 0 0 0.000170923)
(0.00136824 0 0 0 0.00017103 0 0 0 0.00017103)
(0.00136912 0 0 0 0.00017114 0 0 0 0.00017114)
(0.00137001 0 0 0 0.000171251 0 0 0 0.000171251)
(0.00137091 0 0 0 0.000171364 0 0 0 0.000171364)
(0.00137183 0 0 0 0.000171479 0 0 0 0.000171479)
(0.00137277 0 0 0 0.000171596 0 0 0 0.000171596)
(0.00137372 0 0 0 0.000171715 0 0 0 0.000171715)
(0.00137469 0 0 0 0.000171836 0 0 0 0.000171836)
(0.00137567 0 0 0 0.000171959 0 0 0 0.000171959)
(0.00137667 0 0 0 0.000172084 0 0 0 0.000172084)
(0.00137769 0 0 0 0.000172211 0 0 0 0.000172211)
(0.00137872 0 0 0 0.00017234 0 0 0 0.00017234)
(0.00137977 0 0 0 0.000172472 0 0 0 0.000172472)
(0.00138085 0 0 0 0.000172606 0 0 0 0.000172606)
(0.00138194 0 0 0 0.000172742 0 0 0 0.000172742)
(0.00138305 0 0 0 0.000172881 0 0 0 0.000172881)
(0.00138418 0 0 0 0.000173022 0 0 0 0.000173022)
(0.00138533 0 0 0 0.000173166 0 0 0 0.000173166)
(0.0013865 0 0 0 0.000173312 0 0 0 0.000173312)
(0.00138769 0 0 0 0.000173461 0 0 0 0.000173461)
(0.0013889 0 0 0 0.000173612 0 0 0 0.000173612)
(0.00139012 0 0 0 0.000173765 0 0 0 0.000173765)
(0.00139098 0 0 0 0.000173873 0 0 0 0.000173873)
(0.00139151 0 0 0 0.000173938 0 0 0 0.000173938)
)
;
    }
    PPe
    {
        type            calculated;
        value           nonuniform List<tensor> 
270
(
(0.00425025 0 0 0 0.000531281 0 0 0 0.000531281)
(0.00425136 0 0 0 0.00053142 0 0 0 0.00053142)
(0.00425322 0 0 0 0.000531652 0 0 0 0.000531652)
(0.00425558 0 0 0 0.000531948 0 0 0 0.000531948)
(0.00425787 0 0 0 0.000532234 0 0 0 0.000532234)
(0.0042601 0 0 0 0.000532513 0 0 0 0.000532513)
(0.00426229 0 0 0 0.000532787 0 0 0 0.000532787)
(0.00426446 0 0 0 0.000533058 0 0 0 0.000533058)
(0.00426661 0 0 0 0.000533326 0 0 0 0.000533326)
(0.00426874 0 0 0 0.000533593 0 0 0 0.000533593)
(0.00427087 0 0 0 0.000533859 0 0 0 0.000533859)
(0.00427299 0 0 0 0.000534124 0 0 0 0.000534124)
(0.0042751 0 0 0 0.000534388 0 0 0 0.000534388)
(0.00427722 0 0 0 0.000534652 0 0 0 0.000534652)
(0.00427933 0 0 0 0.000534916 0 0 0 0.000534916)
(0.00428144 0 0 0 0.00053518 0 0 0 0.00053518)
(0.00428355 0 0 0 0.000535444 0 0 0 0.000535444)
(0.00428566 0 0 0 0.000535708 0 0 0 0.000535708)
(0.00428777 0 0 0 0.000535972 0 0 0 0.000535972)
(0.00428989 0 0 0 0.000536236 0 0 0 0.000536236)
(0.004292 0 0 0 0.0005365 0 0 0 0.0005365)
(0.00429411 0 0 0 0.000536764 0 0 0 0.000536764)
(0.00429623 0 0 0 0.000537029 0 0 0 0.000537029)
(0.00429834 0 0 0 0.000537293 0 0 0 0.000537293)
(0.00430046 0 0 0 0.000537557 0 0 0 0.000537557)
(0.00430257 0 0 0 0.000537821 0 0 0 0.000537821)
(0.00430468 0 0 0 0.000538086 0 0 0 0.000538086)
(0.0043068 0 0 0 0.00053835 0 0 0 0.00053835)
(0.00430891 0 0 0 0.000538614 0 0 0 0.000538614)
(0.00431102 0 0 0 0.000538878 0 0 0 0.000538878)
(0.00431313 0 0 0 0.000539142 0 0 0 0.000539142)
(0.00431524 0 0 0 0.000539405 0 0 0 0.000539405)
(0.00431735 0 0 0 0.000539669 0 0 0 0.000539669)
(0.00431946 0 0 0 0.000539933 0 0 0 0.000539933)
(0.00432157 0 0 0 0.000540196 0 0 0 0.000540196)
(0.00432367 0 0 0 0.000540459 0 0 0 0.000540459)
(0.00432577 0 0 0 0.000540722 0 0 0 0.000540722)
(0.00432788 0 0 0 0.000540985 0 0 0 0.000540985)
(0.00432997 0 0 0 0.000541247 0 0 0 0.000541247)
(0.00433207 0 0 0 0.000541509 0 0 0 0.000541509)
(0.00433416 0 0 0 0.000541771 0 0 0 0.000541771)
(0.00433626 0 0 0 0.000542032 0 0 0 0.000542032)
(0.00433834 0 0 0 0.000542293 0 0 0 0.000542293)
(0.00434043 0 0 0 0.000542554 0 0 0 0.000542554)
(0.00434251 0 0 0 0.000542814 0 0 0 0.000542814)
(0.00434459 0 0 0 0.000543074 0 0 0 0.000543074)
(0.00434666 0 0 0 0.000543333 0 0 0 0.000543333)
(0.00434873 0 0 0 0.000543592 0 0 0 0.000543592)
(0.0043508 0 0 0 0.00054385 0 0 0 0.00054385)
(0.00435286 0 0 0 0.000544108 0 0 0 0.000544108)
(0.00435492 0 0 0 0.000544365 0 0 0 0.000544365)
(0.00435697 0 0 0 0.000544622 0 0 0 0.000544622)
(0.00435902 0 0 0 0.000544878 0 0 0 0.000544878)
(0.00436107 0 0 0 0.000545133 0 0 0 0.000545133)
(0.0043631 0 0 0 0.000545388 0 0 0 0.000545388)
(0.00436514 0 0 0 0.000545642 0 0 0 0.000545642)
(0.00436716 0 0 0 0.000545896 0 0 0 0.000545896)
(0.00436919 0 0 0 0.000546148 0 0 0 0.000546148)
(0.0043712 0 0 0 0.0005464 0 0 0 0.0005464)
(0.00437321 0 0 0 0.000546651 0 0 0 0.000546651)
(0.00437521 0 0 0 0.000546902 0 0 0 0.000546902)
(0.00437721 0 0 0 0.000547151 0 0 0 0.000547151)
(0.0043792 0 0 0 0.0005474 0 0 0 0.0005474)
(0.00438118 0 0 0 0.000547647 0 0 0 0.000547647)
(0.00438315 0 0 0 0.000547894 0 0 0 0.000547894)
(0.00438512 0 0 0 0.00054814 0 0 0 0.00054814)
(0.00438708 0 0 0 0.000548385 0 0 0 0.000548385)
(0.00438903 0 0 0 0.000548629 0 0 0 0.000548629)
(0.00439098 0 0 0 0.000548872 0 0 0 0.000548872)
(0.00439291 0 0 0 0.000549114 0 0 0 0.000549114)
(0.00439484 0 0 0 0.000549355 0 0 0 0.000549355)
(0.00439676 0 0 0 0.000549595 0 0 0 0.000549595)
(0.00439867 0 0 0 0.000549834 0 0 0 0.000549834)
(0.00440058 0 0 0 0.000550072 0 0 0 0.000550072)
(0.00440247 0 0 0 0.000550309 0 0 0 0.000550309)
(0.00440436 0 0 0 0.000550545 0 0 0 0.000550545)
(0.00440623 0 0 0 0.000550779 0 0 0 0.000550779)
(0.0044081 0 0 0 0.000551012 0 0 0 0.000551012)
(0.00440996 0 0 0 0.000551245 0 0 0 0.000551245)
(0.0044118 0 0 0 0.000551476 0 0 0 0.000551476)
(0.00441364 0 0 0 0.000551705 0 0 0 0.000551705)
(0.00441547 0 0 0 0.000551934 0 0 0 0.000551934)
(0.00441729 0 0 0 0.000552161 0 0 0 0.000552161)
(0.0044191 0 0 0 0.000552387 0 0 0 0.000552387)
(0.0044209 0 0 0 0.000552612 0 0 0 0.000552612)
(0.00442268 0 0 0 0.000552836 0 0 0 0.000552836)
(0.00442446 0 0 0 0.000553058 0 0 0 0.000553058)
(0.00442623 0 0 0 0.000553279 0 0 0 0.000553279)
(0.00442799 0 0 0 0.000553499 0 0 0 0.000553499)
(0.00442974 0 0 0 0.000553717 0 0 0 0.000553717)
(0.00443147 0 0 0 0.000553934 0 0 0 0.000553934)
(0.0044332 0 0 0 0.00055415 0 0 0 0.00055415)
(0.00443492 0 0 0 0.000554365 0 0 0 0.000554365)
(0.00443662 0 0 0 0.000554578 0 0 0 0.000554578)
(0.00443832 0 0 0 0.00055479 0 0 0 0.00055479)
(0.00444 0 0 0 0.000555001 0 0 0 0.000555001)
(0.00444168 0 0 0 0.00055521 0 0 0 0.00055521)
(0.00444334 0 0 0 0.000555418 0 0 0 0.000555418)
(0.004445 0 0 0 0.000555625 0 0 0 0.000555625)
(0.00444664 0 0 0 0.00055583 0 0 0 0.00055583)
(0.00444828 0 0 0 0.000556035 0 0 0 0.000556035)
(0.0044499 0 0 0 0.000556238 0 0 0 0.000556238)
(0.00445151 0 0 0 0.000556439 0 0 0 0.000556439)
(0.00445312 0 0 0 0.00055664 0 0 0 0.00055664)
(0.00445471 0 0 0 0.000556839 0 0 0 0.000556839)
(0.0044563 0 0 0 0.000557037 0 0 0 0.000557037)
(0.00445787 0 0 0 0.000557234 0 0 0 0.000557234)
(0.00445944 0 0 0 0.00055743 0 0 0 0.00055743)
(0.00446099 0 0 0 0.000557624 0 0 0 0.000557624)
(0.00446254 0 0 0 0.000557818 0 0 0 0.000557818)
(0.00446408 0 0 0 0.00055801 0 0 0 0.00055801)
(0.00446561 0 0 0 0.000558202 0 0 0 0.000558202)
(0.00446714 0 0 0 0.000558392 0 0 0 0.000558392)
(0.00446865 0 0 0 0.000558582 0 0 0 0.000558582)
(0.00447016 0 0 0 0.00055877 0 0 0 0.00055877)
(0.00447166 0 0 0 0.000558958 0 0 0 0.000558958)
(0.00447315 0 0 0 0.000559144 0 0 0 0.000559144)
(0.00447464 0 0 0 0.00055933 0 0 0 0.00055933)
(0.00447612 0 0 0 0.000559516 0 0 0 0.000559516)
(0.0044776 0 0 0 0.0005597 0 0 0 0.0005597)
(0.00447907 0 0 0 0.000559884 0 0 0 0.000559884)
(0.00448054 0 0 0 0.000560067 0 0 0 0.000560067)
(0.004482 0 0 0 0.00056025 0 0 0 0.00056025)
(0.00448346 0 0 0 0.000560433 0 0 0 0.000560433)
(0.00448491 0 0 0 0.000560614 0 0 0 0.000560614)
(0.00448637 0 0 0 0.000560796 0 0 0 0.000560796)
(0.00448782 0 0 0 0.000560977 0 0 0 0.000560977)
(0.00448927 0 0 0 0.000561159 0 0 0 0.000561159)
(0.00449072 0 0 0 0.00056134 0 0 0 0.00056134)
(0.00449217 0 0 0 0.000561521 0 0 0 0.000561521)
(0.00449362 0 0 0 0.000561702 0 0 0 0.000561702)
(0.00449507 0 0 0 0.000561884 0 0 0 0.000561884)
(0.00449652 0 0 0 0.000562065 0 0 0 0.000562065)
(0.00449798 0 0 0 0.000562248 0 0 0 0.000562248)
(0.00449944 0 0 0 0.00056243 0 0 0 0.00056243)
(0.0045009 0 0 0 0.000562613 0 0 0 0.000562613)
(0.00450236 0 0 0 0.000562795 0 0 0 0.000562795)
(0.0045038 0 0 0 0.000562976 0 0 0 0.000562976)
(0.00450524 0 0 0 0.000563156 0 0 0 0.000563156)
(0.00450668 0 0 0 0.000563335 0 0 0 0.000563335)
(0.0045081 0 0 0 0.000563513 0 0 0 0.000563513)
(0.00450953 0 0 0 0.000563691 0 0 0 0.000563691)
(0.00451095 0 0 0 0.000563868 0 0 0 0.000563868)
(0.00451236 0 0 0 0.000564045 0 0 0 0.000564045)
(0.00451377 0 0 0 0.000564222 0 0 0 0.000564222)
(0.00451518 0 0 0 0.000564398 0 0 0 0.000564398)
(0.00451659 0 0 0 0.000564574 0 0 0 0.000564574)
(0.004518 0 0 0 0.000564751 0 0 0 0.000564751)
(0.00451941 0 0 0 0.000564927 0 0 0 0.000564927)
(0.00452083 0 0 0 0.000565103 0 0 0 0.000565103)
(0.00452224 0 0 0 0.00056528 0 0 0 0.00056528)
(0.00452365 0 0 0 0.000565457 0 0 0 0.000565457)
(0.00452507 0 0 0 0.000565634 0 0 0 0.000565634)
(0.0045265 0 0 0 0.000565812 0 0 0 0.000565812)
(0.00452792 0 0 0 0.000565991 0 0 0 0.000565991)
(0.00452935 0 0 0 0.00056617 0 0 0 0.00056617)
(0.00453079 0 0 0 0.000566349 0 0 0 0.000566349)
(0.00453224 0 0 0 0.00056653 0 0 0 0.00056653)
(0.00453369 0 0 0 0.000566711 0 0 0 0.000566711)
(0.00453514 0 0 0 0.000566893 0 0 0 0.000566893)
(0.00453661 0 0 0 0.000567076 0 0 0 0.000567076)
(0.00453808 0 0 0 0.00056726 0 0 0 0.00056726)
(0.00453956 0 0 0 0.000567445 0 0 0 0.000567445)
(0.00454105 0 0 0 0.000567631 0 0 0 0.000567631)
(0.00454255 0 0 0 0.000567819 0 0 0 0.000567819)
(0.00454406 0 0 0 0.000568007 0 0 0 0.000568007)
(0.00454558 0 0 0 0.000568197 0 0 0 0.000568197)
(0.0045471 0 0 0 0.000568388 0 0 0 0.000568388)
(0.00454864 0 0 0 0.000568581 0 0 0 0.000568581)
(0.00455019 0 0 0 0.000568774 0 0 0 0.000568774)
(0.00455176 0 0 0 0.00056897 0 0 0 0.00056897)
(0.00455333 0 0 0 0.000569166 0 0 0 0.000569166)
(0.00455492 0 0 0 0.000569365 0 0 0 0.000569365)
(0.00455651 0 0 0 0.000569564 0 0 0 0.000569564)
(0.00455812 0 0 0 0.000569766 0 0 0 0.000569766)
(0.00455975 0 0 0 0.000569968 0 0 0 0.000569968)
(0.00456138 0 0 0 0.000570173 0 0 0 0.000570173)
(0.00456303 0 0 0 0.000570379 0 0 0 0.000570379)
(0.00456469 0 0 0 0.000570587 0 0 0 0.000570587)
(0.00456637 0 0 0 0.000570796 0 0 0 0.000570796)
(0.00456806 0 0 0 0.000571008 0 0 0 0.000571008)
(0.00456976 0 0 0 0.00057122 0 0 0 0.00057122)
(0.00457148 0 0 0 0.000571435 0 0 0 0.000571435)
(0.00457321 0 0 0 0.000571652 0 0 0 0.000571652)
(0.00457496 0 0 0 0.00057187 0 0 0 0.00057187)
(0.00457672 0 0 0 0.00057209 0 0 0 0.00057209)
(0.00457849 0 0 0 0.000572312 0 0 0 0.000572312)
(0.00458028 0 0 0 0.000572535 0 0 0 0.000572535)
(0.00458209 0 0 0 0.000572761 0 0 0 0.000572761)
(0.0045839 0 0 0 0.000572988 0 0 0 0.000572988)
(0.00458574 0 0 0 0.000573217 0 0 0 0.000573217)
(0.00458759 0 0 0 0.000573448 0 0 0 0.000573448)
(0.00458945 0 0 0 0.000573681 0 0 0 0.000573681)
(0.00459133 0 0 0 0.000573916 0 0 0 0.000573916)
(0.00459322 0 0 0 0.000574153 0 0 0 0.000574153)
(0.00459513 0 0 0 0.000574391 0 0 0 0.000574391)
(0.00459705 0 0 0 0.000574632 0 0 0 0.000574632)
(0.00459899 0 0 0 0.000574874 0 0 0 0.000574874)
(0.00460094 0 0 0 0.000575118 0 0 0 0.000575118)
(0.00460291 0 0 0 0.000575364 0 0 0 0.000575364)
(0.00460489 0 0 0 0.000575612 0 0 0 0.000575612)
(0.00460689 0 0 0 0.000575862 0 0 0 0.000575862)
(0.00460891 0 0 0 0.000576113 0 0 0 0.000576113)
(0.00461093 0 0 0 0.000576367 0 0 0 0.000576367)
(0.00461298 0 0 0 0.000576622 0 0 0 0.000576622)
(0.00461503 0 0 0 0.000576879 0 0 0 0.000576879)
(0.00461711 0 0 0 0.000577138 0 0 0 0.000577138)
(0.00461919 0 0 0 0.000577399 0 0 0 0.000577399)
(0.00462129 0 0 0 0.000577662 0 0 0 0.000577662)
(0.00462341 0 0 0 0.000577926 0 0 0 0.000577926)
(0.00462554 0 0 0 0.000578193 0 0 0 0.000578193)
(0.00462768 0 0 0 0.000578461 0 0 0 0.000578461)
(0.00462984 0 0 0 0.00057873 0 0 0 0.00057873)
(0.00463201 0 0 0 0.000579002 0 0 0 0.000579002)
(0.0046342 0 0 0 0.000579275 0 0 0 0.000579275)
(0.0046364 0 0 0 0.00057955 0 0 0 0.00057955)
(0.00463861 0 0 0 0.000579827 0 0 0 0.000579827)
(0.00464084 0 0 0 0.000580105 0 0 0 0.000580105)
(0.00464308 0 0 0 0.000580386 0 0 0 0.000580386)
(0.00464534 0 0 0 0.000580667 0 0 0 0.000580667)
(0.00464761 0 0 0 0.000580951 0 0 0 0.000580951)
(0.00464989 0 0 0 0.000581236 0 0 0 0.000581236)
(0.00465218 0 0 0 0.000581523 0 0 0 0.000581523)
(0.00465449 0 0 0 0.000581811 0 0 0 0.000581811)
(0.00465681 0 0 0 0.000582101 0 0 0 0.000582101)
(0.00465914 0 0 0 0.000582392 0 0 0 0.000582392)
(0.00466148 0 0 0 0.000582685 0 0 0 0.000582685)
(0.00466384 0 0 0 0.00058298 0 0 0 0.00058298)
(0.00466621 0 0 0 0.000583276 0 0 0 0.000583276)
(0.00466859 0 0 0 0.000583573 0 0 0 0.000583573)
(0.00467098 0 0 0 0.000583873 0 0 0 0.000583873)
(0.00467338 0 0 0 0.000584173 0 0 0 0.000584173)
(0.0046758 0 0 0 0.000584475 0 0 0 0.000584475)
(0.00467823 0 0 0 0.000584778 0 0 0 0.000584778)
(0.00468066 0 0 0 0.000585083 0 0 0 0.000585083)
(0.00468311 0 0 0 0.000585389 0 0 0 0.000585389)
(0.00468557 0 0 0 0.000585697 0 0 0 0.000585697)
(0.00468805 0 0 0 0.000586006 0 0 0 0.000586006)
(0.00469053 0 0 0 0.000586316 0 0 0 0.000586316)
(0.00469302 0 0 0 0.000586628 0 0 0 0.000586628)
(0.00469552 0 0 0 0.000586941 0 0 0 0.000586941)
(0.00469804 0 0 0 0.000587255 0 0 0 0.000587255)
(0.00470056 0 0 0 0.000587571 0 0 0 0.000587571)
(0.0047031 0 0 0 0.000587888 0 0 0 0.000587888)
(0.00470565 0 0 0 0.000588206 0 0 0 0.000588206)
(0.0047082 0 0 0 0.000588525 0 0 0 0.000588525)
(0.00471077 0 0 0 0.000588846 0 0 0 0.000588846)
(0.00471335 0 0 0 0.000589169 0 0 0 0.000589169)
(0.00471594 0 0 0 0.000589492 0 0 0 0.000589492)
(0.00471854 0 0 0 0.000589817 0 0 0 0.000589817)
(0.00472115 0 0 0 0.000590144 0 0 0 0.000590144)
(0.00472377 0 0 0 0.000590471 0 0 0 0.000590471)
(0.0047264 0 0 0 0.0005908 0 0 0 0.0005908)
(0.00472905 0 0 0 0.000591131 0 0 0 0.000591131)
(0.0047317 0 0 0 0.000591463 0 0 0 0.000591463)
(0.00473437 0 0 0 0.000591797 0 0 0 0.000591797)
(0.00473706 0 0 0 0.000592132 0 0 0 0.000592132)
(0.00473975 0 0 0 0.000592469 0 0 0 0.000592469)
(0.00474246 0 0 0 0.000592808 0 0 0 0.000592808)
(0.00474518 0 0 0 0.000593148 0 0 0 0.000593148)
(0.00474792 0 0 0 0.000593491 0 0 0 0.000593491)
(0.00475068 0 0 0 0.000593835 0 0 0 0.000593835)
(0.00475346 0 0 0 0.000594182 0 0 0 0.000594182)
(0.00475625 0 0 0 0.000594532 0 0 0 0.000594532)
(0.00475907 0 0 0 0.000594884 0 0 0 0.000594884)
(0.00476192 0 0 0 0.00059524 0 0 0 0.00059524)
(0.00476479 0 0 0 0.000595599 0 0 0 0.000595599)
(0.00476771 0 0 0 0.000595964 0 0 0 0.000595964)
(0.00476991 0 0 0 0.00059624 0 0 0 0.00059624)
(0.00477127 0 0 0 0.00059641 0 0 0 0.00059641)
)
;
    }
    frontAndBack
    {
        type            empty;
    }
    Outlet1
    {
        type            calculated;
        value           nonuniform List<tensor> 
24
(
(3.83833e-10 0 0 0 3.83833e-10 0 0 0 3.83833e-10)
(3.74804e-10 0 0 0 3.74804e-10 0 0 0 3.74804e-10)
(3.63931e-10 0 0 0 3.63931e-10 0 0 0 3.63931e-10)
(3.50504e-10 0 0 0 3.50504e-10 0 0 0 3.50504e-10)
(3.33802e-10 0 0 0 3.33802e-10 0 0 0 3.33802e-10)
(3.12126e-10 0 0 0 3.12126e-10 0 0 0 3.12126e-10)
(2.82844e-10 0 0 0 2.82844e-10 0 0 0 2.82844e-10)
(2.47714e-10 0 0 0 2.47714e-10 0 0 0 2.47714e-10)
(2.09117e-10 0 0 0 2.09117e-10 0 0 0 2.09117e-10)
(1.62548e-10 0 0 0 1.62548e-10 0 0 0 1.62548e-10)
(1.06001e-10 0 0 0 1.06001e-10 0 0 0 1.06001e-10)
(3.75655e-11 0 0 0 3.75655e-11 0 0 0 3.75655e-11)
(3.75656e-11 0 0 0 3.75656e-11 0 0 0 3.75656e-11)
(1.06001e-10 0 0 0 1.06001e-10 0 0 0 1.06001e-10)
(1.62543e-10 0 0 0 1.62543e-10 0 0 0 1.62543e-10)
(2.09127e-10 0 0 0 2.09127e-10 0 0 0 2.09127e-10)
(2.47688e-10 0 0 0 2.47688e-10 0 0 0 2.47688e-10)
(2.82744e-10 0 0 0 2.82744e-10 0 0 0 2.82744e-10)
(3.12072e-10 0 0 0 3.12072e-10 0 0 0 3.12072e-10)
(3.33797e-10 0 0 0 3.33797e-10 0 0 0 3.33797e-10)
(3.50509e-10 0 0 0 3.50509e-10 0 0 0 3.50509e-10)
(3.63937e-10 0 0 0 3.63937e-10 0 0 0 3.63937e-10)
(3.74811e-10 0 0 0 3.74811e-10 0 0 0 3.74811e-10)
(3.83838e-10 0 0 0 3.83838e-10 0 0 0 3.83838e-10)
)
;
    }
    Outlet2
    {
        type            calculated;
        value           nonuniform List<tensor> 
24
(
(1.70808e-10 0 0 0 1.70808e-10 0 0 0 1.70808e-10)
(1.66797e-10 0 0 0 1.66797e-10 0 0 0 1.66797e-10)
(1.61925e-10 0 0 0 1.61925e-10 0 0 0 1.61925e-10)
(1.55912e-10 0 0 0 1.55912e-10 0 0 0 1.55912e-10)
(1.48451e-10 0 0 0 1.48451e-10 0 0 0 1.48451e-10)
(1.38885e-10 0 0 0 1.38885e-10 0 0 0 1.38885e-10)
(1.26258e-10 0 0 0 1.26258e-10 0 0 0 1.26258e-10)
(1.11055e-10 0 0 0 1.11055e-10 0 0 0 1.11055e-10)
(9.38636e-11 0 0 0 9.38636e-11 0 0 0 9.38636e-11)
(7.30185e-11 0 0 0 7.30185e-11 0 0 0 7.30185e-11)
(4.76645e-11 0 0 0 4.76645e-11 0 0 0 4.76645e-11)
(1.68968e-11 0 0 0 1.68968e-11 0 0 0 1.68968e-11)
(1.68948e-11 0 0 0 1.68948e-11 0 0 0 1.68948e-11)
(4.7659e-11 0 0 0 4.7659e-11 0 0 0 4.7659e-11)
(7.30112e-11 0 0 0 7.30112e-11 0 0 0 7.30112e-11)
(9.38403e-11 0 0 0 9.38403e-11 0 0 0 9.38403e-11)
(1.1103e-10 0 0 0 1.1103e-10 0 0 0 1.1103e-10)
(1.26268e-10 0 0 0 1.26268e-10 0 0 0 1.26268e-10)
(1.389e-10 0 0 0 1.389e-10 0 0 0 1.389e-10)
(1.48454e-10 0 0 0 1.48454e-10 0 0 0 1.48454e-10)
(1.55912e-10 0 0 0 1.55912e-10 0 0 0 1.55912e-10)
(1.61924e-10 0 0 0 1.61924e-10 0 0 0 1.61924e-10)
(1.66796e-10 0 0 0 1.66796e-10 0 0 0 1.66796e-10)
(1.70807e-10 0 0 0 1.70807e-10 0 0 0 1.70807e-10)
)
;
    }
    Inlet1
    {
        type            calculated;
        value           nonuniform List<tensor> 
24
(
(4.30883e-09 0 0 0 4.30883e-09 0 0 0 4.30883e-09)
(5.822e-10 0 0 0 5.822e-10 0 0 0 5.822e-10)
(4.8802e-10 0 0 0 4.8802e-10 0 0 0 4.8802e-10)
(4.19862e-10 0 0 0 4.19862e-10 0 0 0 4.19862e-10)
(3.55969e-10 0 0 0 3.55969e-10 0 0 0 3.55969e-10)
(3.0475e-10 0 0 0 3.0475e-10 0 0 0 3.0475e-10)
(2.68513e-10 0 0 0 2.68513e-10 0 0 0 2.68513e-10)
(2.43306e-10 0 0 0 2.43306e-10 0 0 0 2.43306e-10)
(2.20997e-10 0 0 0 2.20997e-10 0 0 0 2.20997e-10)
(1.93459e-10 0 0 0 1.93459e-10 0 0 0 1.93459e-10)
(1.57528e-10 0 0 0 1.57528e-10 0 0 0 1.57528e-10)
(1.22493e-10 0 0 0 1.22493e-10 0 0 0 1.22493e-10)
(1.22495e-10 0 0 0 1.22495e-10 0 0 0 1.22495e-10)
(1.5753e-10 0 0 0 1.5753e-10 0 0 0 1.5753e-10)
(1.93462e-10 0 0 0 1.93462e-10 0 0 0 1.93462e-10)
(2.20999e-10 0 0 0 2.20999e-10 0 0 0 2.20999e-10)
(2.43308e-10 0 0 0 2.43308e-10 0 0 0 2.43308e-10)
(2.68514e-10 0 0 0 2.68514e-10 0 0 0 2.68514e-10)
(3.04751e-10 0 0 0 3.04751e-10 0 0 0 3.04751e-10)
(3.5597e-10 0 0 0 3.5597e-10 0 0 0 3.5597e-10)
(4.19863e-10 0 0 0 4.19863e-10 0 0 0 4.19863e-10)
(4.8802e-10 0 0 0 4.8802e-10 0 0 0 4.8802e-10)
(5.82201e-10 0 0 0 5.82201e-10 0 0 0 5.82201e-10)
(4.30883e-09 0 0 0 4.30883e-09 0 0 0 4.30883e-09)
)
;
    }
    Inlet2
    {
        type            calculated;
        value           nonuniform List<tensor> 
24
(
(1.91498e-09 0 0 0 1.91498e-09 0 0 0 1.91498e-09)
(2.58728e-10 0 0 0 2.58728e-10 0 0 0 2.58728e-10)
(2.16893e-10 0 0 0 2.16893e-10 0 0 0 2.16893e-10)
(1.86621e-10 0 0 0 1.86621e-10 0 0 0 1.86621e-10)
(1.5824e-10 0 0 0 1.5824e-10 0 0 0 1.5824e-10)
(1.35487e-10 0 0 0 1.35487e-10 0 0 0 1.35487e-10)
(1.19388e-10 0 0 0 1.19388e-10 0 0 0 1.19388e-10)
(1.0819e-10 0 0 0 1.0819e-10 0 0 0 1.0819e-10)
(9.82809e-11 0 0 0 9.82809e-11 0 0 0 9.82809e-11)
(8.60466e-11 0 0 0 8.60466e-11 0 0 0 8.60466e-11)
(7.00777e-11 0 0 0 7.00777e-11 0 0 0 7.00777e-11)
(5.45026e-11 0 0 0 5.45026e-11 0 0 0 5.45026e-11)
(5.45019e-11 0 0 0 5.45019e-11 0 0 0 5.45019e-11)
(7.00764e-11 0 0 0 7.00764e-11 0 0 0 7.00764e-11)
(8.60454e-11 0 0 0 8.60454e-11 0 0 0 8.60454e-11)
(9.828e-11 0 0 0 9.828e-11 0 0 0 9.828e-11)
(1.0819e-10 0 0 0 1.0819e-10 0 0 0 1.0819e-10)
(1.19387e-10 0 0 0 1.19387e-10 0 0 0 1.19387e-10)
(1.35487e-10 0 0 0 1.35487e-10 0 0 0 1.35487e-10)
(1.5824e-10 0 0 0 1.5824e-10 0 0 0 1.5824e-10)
(1.86621e-10 0 0 0 1.86621e-10 0 0 0 1.86621e-10)
(2.16893e-10 0 0 0 2.16893e-10 0 0 0 2.16893e-10)
(2.58728e-10 0 0 0 2.58728e-10 0 0 0 2.58728e-10)
(1.91498e-09 0 0 0 1.91498e-09 0 0 0 1.91498e-09)
)
;
    }
    Walls
    {
        type            calculated;
        value           nonuniform List<tensor> 
132
(
(0 0 0 0 0 0 0 0 0)
(0 0 0 0 0 0 0 0 0)
(0 0 0 0 0 0 0 0 0)
(0 0 0 0 0 0 0 0 0)
(0 0 0 0 0 0 0 0 0)
(0 0 0 0 0 0 0 0 0)
(0 0 0 0 0 0 0 0 0)
(0 0 0 0 0 0 0 0 0)
(0 0 0 0 0 0 0 0 0)
(0 0 0 0 0 0 0 0 0)
(0 0 0 0 0 0 0 0 0)
(0 0 0 0 0 0 0 0 0)
(0 0 0 0 0 0 0 0 0)
(0 0 0 0 0 0 0 0 0)
(0 0 0 0 0 0 0 0 0)
(0 0 0 0 0 0 0 0 0)
(0 0 0 0 0 0 0 0 0)
(0 0 0 0 0 0 0 0 0)
(0 0 0 0 0 0 0 0 0)
(0 0 0 0 0 0 0 0 0)
(0 0 0 0 0 0 0 0 0)
(0 0 0 0 0 0 0 0 0)
(0 0 0 0 0 0 0 0 0)
(0 0 0 0 0 0 0 0 0)
(0 0 0 0 0 0 0 0 0)
(0 0 0 0 0 0 0 0 0)
(0 0 0 0 0 0 0 0 0)
(0 0 0 0 0 0 0 0 0)
(1.55698e-08 0 0 0 1.55698e-08 0 0 0 1.55698e-08)
(4.9334e-09 0 0 0 4.9334e-09 0 0 0 4.9334e-09)
(1.96123e-09 0 0 0 1.96123e-09 0 0 0 1.96123e-09)
(1.09397e-09 0 0 0 1.09397e-09 0 0 0 1.09397e-09)
(8.40411e-10 0 0 0 8.40411e-10 0 0 0 8.40411e-10)
(7.67045e-10 0 0 0 7.67045e-10 0 0 0 7.67045e-10)
(7.46776e-10 0 0 0 7.46776e-10 0 0 0 7.46776e-10)
(7.41834e-10 0 0 0 7.41834e-10 0 0 0 7.41834e-10)
(7.40337e-10 0 0 0 7.40337e-10 0 0 0 7.40337e-10)
(7.37594e-10 0 0 0 7.37594e-10 0 0 0 7.37594e-10)
(7.31818e-10 0 0 0 7.31818e-10 0 0 0 7.31818e-10)
(7.20335e-10 0 0 0 7.20335e-10 0 0 0 7.20335e-10)
(7.45529e-10 0 0 0 7.45529e-10 0 0 0 7.45529e-10)
(1.55698e-08 0 0 0 1.55698e-08 0 0 0 1.55698e-08)
(4.93339e-09 0 0 0 4.93339e-09 0 0 0 4.93339e-09)
(1.9612e-09 0 0 0 1.9612e-09 0 0 0 1.9612e-09)
(1.0939e-09 0 0 0 1.0939e-09 0 0 0 1.0939e-09)
(8.40233e-10 0 0 0 8.40233e-10 0 0 0 8.40233e-10)
(7.66747e-10 0 0 0 7.66747e-10 0 0 0 7.66747e-10)
(7.46439e-10 0 0 0 7.46439e-10 0 0 0 7.46439e-10)
(7.42921e-10 0 0 0 7.42921e-10 0 0 0 7.42921e-10)
(7.48252e-10 0 0 0 7.48252e-10 0 0 0 7.48252e-10)
(7.71816e-10 0 0 0 7.71816e-10 0 0 0 7.71816e-10)
(8.55616e-10 0 0 0 8.55616e-10 0 0 0 8.55616e-10)
(1.14621e-09 0 0 0 1.14621e-09 0 0 0 1.14621e-09)
(2.21029e-09 0 0 0 2.21029e-09 0 0 0 2.21029e-09)
(6.91986e-09 0 0 0 6.91986e-09 0 0 0 6.91986e-09)
(2.19252e-09 0 0 0 2.19252e-09 0 0 0 2.19252e-09)
(8.71569e-10 0 0 0 8.71569e-10 0 0 0 8.71569e-10)
(4.86087e-10 0 0 0 4.86087e-10 0 0 0 4.86087e-10)
(3.73403e-10 0 0 0 3.73403e-10 0 0 0 3.73403e-10)
(3.40768e-10 0 0 0 3.40768e-10 0 0 0 3.40768e-10)
(3.31746e-10 0 0 0 3.31746e-10 0 0 0 3.31746e-10)
(3.30178e-10 0 0 0 3.30178e-10 0 0 0 3.30178e-10)
(3.32539e-10 0 0 0 3.32539e-10 0 0 0 3.32539e-10)
(3.43001e-10 0 0 0 3.43001e-10 0 0 0 3.43001e-10)
(3.80235e-10 0 0 0 3.80235e-10 0 0 0 3.80235e-10)
(5.09389e-10 0 0 0 5.09389e-10 0 0 0 5.09389e-10)
(9.66513e-10 0 0 0 9.66513e-10 0 0 0 9.66513e-10)
(6.91986e-09 0 0 0 6.91986e-09 0 0 0 6.91986e-09)
(2.19252e-09 0 0 0 2.19252e-09 0 0 0 2.19252e-09)
(8.71583e-10 0 0 0 8.71583e-10 0 0 0 8.71583e-10)
(4.86121e-10 0 0 0 4.86121e-10 0 0 0 4.86121e-10)
(3.73483e-10 0 0 0 3.73483e-10 0 0 0 3.73483e-10)
(3.40903e-10 0 0 0 3.40903e-10 0 0 0 3.40903e-10)
(3.31903e-10 0 0 0 3.31903e-10 0 0 0 3.31903e-10)
(3.29712e-10 0 0 0 3.29712e-10 0 0 0 3.29712e-10)
(3.29053e-10 0 0 0 3.29053e-10 0 0 0 3.29053e-10)
(3.27842e-10 0 0 0 3.27842e-10 0 0 0 3.27842e-10)
(3.25283e-10 0 0 0 3.25283e-10 0 0 0 3.25283e-10)
(3.20187e-10 0 0 0 3.20187e-10 0 0 0 3.20187e-10)
(3.26099e-10 0 0 0 3.26099e-10 0 0 0 3.26099e-10)
(6.63204e-10 0 0 0 6.63204e-10 0 0 0 6.63204e-10)
(7.04433e-10 0 0 0 7.04433e-10 0 0 0 7.04433e-10)
(7.29067e-10 0 0 0 7.29067e-10 0 0 0 7.29067e-10)
(7.36861e-10 0 0 0 7.36861e-10 0 0 0 7.36861e-10)
(7.39632e-10 0 0 0 7.39632e-10 0 0 0 7.39632e-10)
(7.399e-10 0 0 0 7.399e-10 0 0 0 7.399e-10)
(7.4013e-10 0 0 0 7.4013e-10 0 0 0 7.4013e-10)
(7.39765e-10 0 0 0 7.39765e-10 0 0 0 7.39765e-10)
(7.39892e-10 0 0 0 7.39892e-10 0 0 0 7.39892e-10)
(7.39524e-10 0 0 0 7.39524e-10 0 0 0 7.39524e-10)
(7.39311e-10 0 0 0 7.39311e-10 0 0 0 7.39311e-10)
(7.38313e-10 0 0 0 7.38313e-10 0 0 0 7.38313e-10)
(7.37196e-10 0 0 0 7.37196e-10 0 0 0 7.37196e-10)
(2.09018e-09 0 0 0 2.09018e-09 0 0 0 2.09018e-09)
(1.14139e-09 0 0 0 1.14139e-09 0 0 0 1.14139e-09)
(8.582e-10 0 0 0 8.582e-10 0 0 0 8.582e-10)
(7.73567e-10 0 0 0 7.73567e-10 0 0 0 7.73567e-10)
(7.48874e-10 0 0 0 7.48874e-10 0 0 0 7.48874e-10)
(7.41974e-10 0 0 0 7.41974e-10 0 0 0 7.41974e-10)
(7.40328e-10 0 0 0 7.40328e-10 0 0 0 7.40328e-10)
(7.39702e-10 0 0 0 7.39702e-10 0 0 0 7.39702e-10)
(7.39823e-10 0 0 0 7.39823e-10 0 0 0 7.39823e-10)
(7.39485e-10 0 0 0 7.39485e-10 0 0 0 7.39485e-10)
(7.39294e-10 0 0 0 7.39294e-10 0 0 0 7.39294e-10)
(7.38309e-10 0 0 0 7.38309e-10 0 0 0 7.38309e-10)
(7.37201e-10 0 0 0 7.37201e-10 0 0 0 7.37201e-10)
(9.44263e-10 0 0 0 9.44263e-10 0 0 0 9.44263e-10)
(5.12985e-10 0 0 0 5.12985e-10 0 0 0 5.12985e-10)
(3.82527e-10 0 0 0 3.82527e-10 0 0 0 3.82527e-10)
(3.44065e-10 0 0 0 3.44065e-10 0 0 0 3.44065e-10)
(3.32942e-10 0 0 0 3.32942e-10 0 0 0 3.32942e-10)
(3.29844e-10 0 0 0 3.29844e-10 0 0 0 3.29844e-10)
(3.29104e-10 0 0 0 3.29104e-10 0 0 0 3.29104e-10)
(3.28824e-10 0 0 0 3.28824e-10 0 0 0 3.28824e-10)
(3.28881e-10 0 0 0 3.28881e-10 0 0 0 3.28881e-10)
(3.28748e-10 0 0 0 3.28748e-10 0 0 0 3.28748e-10)
(3.28705e-10 0 0 0 3.28705e-10 0 0 0 3.28705e-10)
(3.28368e-10 0 0 0 3.28368e-10 0 0 0 3.28368e-10)
(3.28013e-10 0 0 0 3.28013e-10 0 0 0 3.28013e-10)
(2.9947e-10 0 0 0 2.9947e-10 0 0 0 2.9947e-10)
(3.14923e-10 0 0 0 3.14923e-10 0 0 0 3.14923e-10)
(3.24541e-10 0 0 0 3.24541e-10 0 0 0 3.24541e-10)
(3.27649e-10 0 0 0 3.27649e-10 0 0 0 3.27649e-10)
(3.28805e-10 0 0 0 3.28805e-10 0 0 0 3.28805e-10)
(3.28911e-10 0 0 0 3.28911e-10 0 0 0 3.28911e-10)
(3.29012e-10 0 0 0 3.29012e-10 0 0 0 3.29012e-10)
(3.2885e-10 0 0 0 3.2885e-10 0 0 0 3.2885e-10)
(3.28911e-10 0 0 0 3.28911e-10 0 0 0 3.28911e-10)
(3.28765e-10 0 0 0 3.28765e-10 0 0 0 3.28765e-10)
(3.28715e-10 0 0 0 3.28715e-10 0 0 0 3.28715e-10)
(3.28371e-10 0 0 0 3.28371e-10 0 0 0 3.28371e-10)
(3.28013e-10 0 0 0 3.28013e-10 0 0 0 3.28013e-10)
)
;
    }
}


// ************************************************************************* //
