/*--------------------------------*- C++ -*----------------------------------*\
| =========                 |                                                 |
| \\      /  F ield         | OpenFOAM: The Open Source CFD Toolbox           |
|  \\    /   O peration     | Version:  2206                                  |
|   \\  /    A nd           | Website:  www.openfoam.com                      |
|    \\/     M anipulation  |                                                 |
\*---------------------------------------------------------------------------*/
FoamFile
{
    version     2.0;
    format      ascii;
    arch        "LSB;label=32;scalar=64";
    class       volVectorField;
    location    "0.2";
    object      IPe;
}
// * * * * * * * * * * * * * * * * * * * * * * * * * * * * * * * * * * * * * //

dimensions      [0 -2 0 0 0 1 0];

internalField   nonuniform List<vector> 
17988
(
(1.08977e-07 -2.91617 0)
(2.19468e-07 -2.91617 0)
(2.03343e-07 -2.91616 0)
(1.66181e-07 -2.91615 0)
(1.30934e-07 -2.91615 0)
(1.03996e-07 -2.91615 0)
(8.52231e-08 -2.91614 0)
(7.26518e-08 -2.91614 0)
(6.42492e-08 -2.91614 0)
(5.84318e-08 -2.91614 0)
(5.4113e-08 -2.91614 0)
(5.06032e-08 -2.91614 0)
(4.74929e-08 -2.91613 0)
(4.45546e-08 -2.91613 0)
(4.16753e-08 -2.91613 0)
(3.88135e-08 -2.91613 0)
(3.59739e-08 -2.91613 0)
(3.31883e-08 -2.91613 0)
(3.04998e-08 -2.91613 0)
(2.79489e-08 -2.91613 0)
(2.55637e-08 -2.91613 0)
(2.33558e-08 -2.91613 0)
(2.13225e-08 -2.91612 0)
(1.9452e-08 -2.91612 0)
(1.77285e-08 -2.91612 0)
(1.61357e-08 -2.91612 0)
(1.46583e-08 -2.91612 0)
(1.32828e-08 -2.91612 0)
(1.1999e-08 -2.91612 0)
(1.08014e-08 -2.91612 0)
(9.68959e-09 -2.91612 0)
(8.66748e-09 -2.91612 0)
(7.73992e-09 -2.91612 0)
(6.90986e-09 -2.91612 0)
(6.17564e-09 -2.91612 0)
(5.53118e-09 -2.91612 0)
(4.9669e-09 -2.91612 0)
(4.4724e-09 -2.91612 0)
(4.03784e-09 -2.91612 0)
(3.65527e-09 -2.91612 0)
(3.31824e-09 -2.91612 0)
(3.02171e-09 -2.91612 0)
(2.76123e-09 -2.91612 0)
(2.53276e-09 -2.91612 0)
(2.33253e-09 -2.91612 0)
(2.15698e-09 -2.91612 0)
(2.00282e-09 -2.91612 0)
(1.86729e-09 -2.91612 0)
(1.74771e-09 -2.91612 0)
(1.64208e-09 -2.91612 0)
(1.54837e-09 -2.91612 0)
(1.46511e-09 -2.91612 0)
(1.3908e-09 -2.91612 0)
(1.3244e-09 -2.91612 0)
(1.26475e-09 -2.91612 0)
(1.21114e-09 -2.91612 0)
(1.16267e-09 -2.91612 0)
(1.11886e-09 -2.91612 0)
(1.07903e-09 -2.91612 0)
(1.04291e-09 -2.91612 0)
(1.00997e-09 -2.91612 0)
(9.80039e-10 -2.91612 0)
(9.52613e-10 -2.91612 0)
(9.27437e-10 -2.91612 0)
(9.03902e-10 -2.91612 0)
(8.81662e-10 -2.91612 0)
(8.60123e-10 -2.91612 0)
(8.39089e-10 -2.91612 0)
(8.18178e-10 -2.91612 0)
(7.97468e-10 -2.91612 0)
(7.7676e-10 -2.91612 0)
(7.56214e-10 -2.91612 0)
(7.35611e-10 -2.91612 0)
(7.15055e-10 -2.91612 0)
(6.94281e-10 -2.91612 0)
(6.73417e-10 -2.91612 0)
(6.52287e-10 -2.91612 0)
(6.31127e-10 -2.91612 0)
(6.09894e-10 -2.91612 0)
(5.88884e-10 -2.91612 0)
(5.68101e-10 -2.91612 0)
(5.47801e-10 -2.91612 0)
(5.27975e-10 -2.91612 0)
(5.08766e-10 -2.91612 0)
(4.90152e-10 -2.91612 0)
(4.72186e-10 -2.91612 0)
(4.54845e-10 -2.91612 0)
(4.38117e-10 -2.91612 0)
(4.22011e-10 -2.91612 0)
(4.06465e-10 -2.91612 0)
(3.91502e-10 -2.91612 0)
(3.77012e-10 -2.91612 0)
(3.63002e-10 -2.91612 0)
(3.49297e-10 -2.91612 0)
(3.35913e-10 -2.91612 0)
(3.22598e-10 -2.91612 0)
(3.09594e-10 -2.91612 0)
(2.96845e-10 -2.91612 0)
(2.85506e-10 -2.91612 0)
(2.7552e-10 -2.91612 0)
(2.68831e-10 -2.91612 0)
(2.63513e-10 -2.91612 0)
(2.6077e-10 -2.91612 0)
(2.56829e-10 -2.91612 0)
(2.52768e-10 -2.91612 0)
(2.46533e-10 -2.91612 0)
(2.40119e-10 -2.91612 0)
(2.33666e-10 -2.91612 0)
(2.28545e-10 -2.91612 0)
(2.2524e-10 -2.91612 0)
(2.24789e-10 -2.91612 0)
(2.28014e-10 -2.91612 0)
(2.35795e-10 -2.91612 0)
(2.47733e-10 -2.91612 0)
(2.61972e-10 -2.91612 0)
(2.7456e-10 -2.91612 0)
(2.80586e-10 -2.91612 0)
(2.75444e-10 -2.91612 0)
(2.569e-10 -2.91612 0)
(2.26063e-10 -2.91612 0)
(1.87324e-10 -2.91612 0)
(1.46579e-10 -2.91612 0)
(1.09385e-10 -2.91612 0)
(7.89584e-11 -2.91612 0)
(5.61177e-11 -2.91612 0)
(3.93738e-11 -2.91612 0)
(2.67306e-11 -2.91612 0)
(1.59221e-11 -2.91612 0)
(5.88138e-12 -2.91612 0)
(-4.34398e-12 -2.91612 0)
(-1.477e-11 -2.91612 0)
(-2.56348e-11 -2.91612 0)
(-3.71095e-11 -2.91612 0)
(-4.90452e-11 -2.91612 0)
(-6.1579e-11 -2.91612 0)
(-7.43982e-11 -2.91612 0)
(-8.70463e-11 -2.91612 0)
(-9.94877e-11 -2.91612 0)
(-1.11724e-10 -2.91612 0)
(-1.23819e-10 -2.91612 0)
(-1.36498e-10 -2.91612 0)
(-1.49569e-10 -2.91612 0)
(-1.63636e-10 -2.91612 0)
(-1.78351e-10 -2.91612 0)
(-1.93849e-10 -2.91612 0)
(-2.09442e-10 -2.91612 0)
(-2.24727e-10 -2.91612 0)
(-2.38675e-10 -2.91612 0)
(-2.50745e-10 -2.91612 0)
(-2.60236e-10 -2.91612 0)
(-2.67317e-10 -2.91612 0)
(-2.72174e-10 -2.91612 0)
(-2.75918e-10 -2.91612 0)
(-2.79256e-10 -2.91612 0)
(-2.83461e-10 -2.91612 0)
(-2.88913e-10 -2.91612 0)
(-2.96271e-10 -2.91612 0)
(-3.0526e-10 -2.91612 0)
(-3.15943e-10 -2.91612 0)
(-3.27728e-10 -2.91612 0)
(-3.40522e-10 -2.91612 0)
(-3.53812e-10 -2.91612 0)
(-3.67579e-10 -2.91612 0)
(-3.81486e-10 -2.91612 0)
(-3.95531e-10 -2.91612 0)
(-4.0948e-10 -2.91612 0)
(-4.23237e-10 -2.91612 0)
(-4.36653e-10 -2.91612 0)
(-4.49729e-10 -2.91612 0)
(-4.62371e-10 -2.91612 0)
(-4.74892e-10 -2.91612 0)
(-4.87127e-10 -2.91612 0)
(-4.99415e-10 -2.91612 0)
(-5.11536e-10 -2.91612 0)
(-5.23569e-10 -2.91612 0)
(-5.35301e-10 -2.91612 0)
(-5.46738e-10 -2.91612 0)
(-5.57658e-10 -2.91612 0)
(-5.68116e-10 -2.91612 0)
(-5.77955e-10 -2.91612 0)
(-5.87308e-10 -2.91612 0)
(-5.96232e-10 -2.91612 0)
(-6.05057e-10 -2.91612 0)
(-6.14129e-10 -2.91612 0)
(-6.23974e-10 -2.91612 0)
(-6.3506e-10 -2.91612 0)
(-6.47847e-10 -2.91612 0)
(-6.626e-10 -2.91612 0)
(-6.79383e-10 -2.91612 0)
(-6.98027e-10 -2.91612 0)
(-7.18202e-10 -2.91612 0)
(-7.3944e-10 -2.91612 0)
(-7.61327e-10 -2.91612 0)
(-7.83456e-10 -2.91612 0)
(-8.05623e-10 -2.91612 0)
(-8.2767e-10 -2.91612 0)
(-8.49662e-10 -2.91612 0)
(-8.7161e-10 -2.91612 0)
(-8.93715e-10 -2.91612 0)
(-9.1603e-10 -2.91612 0)
(-9.38781e-10 -2.91612 0)
(-9.62021e-10 -2.91612 0)
(-9.85995e-10 -2.91612 0)
(-1.0108e-09 -2.91612 0)
(-1.03673e-09 -2.91612 0)
(-1.06395e-09 -2.91612 0)
(-1.09283e-09 -2.91612 0)
(-1.12362e-09 -2.91612 0)
(-1.15674e-09 -2.91612 0)
(-1.19251e-09 -2.91612 0)
(-1.23142e-09 -2.91612 0)
(-1.27385e-09 -2.91612 0)
(-1.32034e-09 -2.91612 0)
(-1.37139e-09 -2.91612 0)
(-1.42763e-09 -2.91612 0)
(-1.4897e-09 -2.91612 0)
(-1.55838e-09 -2.91612 0)
(-1.63449e-09 -2.91612 0)
(-1.71903e-09 -2.91612 0)
(-1.81306e-09 -2.91612 0)
(-1.91787e-09 -2.91612 0)
(-2.03481e-09 -2.91612 0)
(-2.1655e-09 -2.91612 0)
(-2.31168e-09 -2.91612 0)
(-2.47537e-09 -2.91612 0)
(-2.65876e-09 -2.91612 0)
(-2.86438e-09 -2.91612 0)
(-3.09497e-09 -2.91612 0)
(-3.35372e-09 -2.91612 0)
(-3.64402e-09 -2.91612 0)
(-3.96982e-09 -2.91612 0)
(-4.33531e-09 -2.91612 0)
(-4.74531e-09 -2.91612 0)
(-5.2049e-09 -2.91612 0)
(-5.71985e-09 -2.91612 0)
(-6.2962e-09 -2.91612 0)
(-6.94071e-09 -2.91612 0)
(-7.66046e-09 -2.91612 0)
(-8.46314e-09 -2.91612 0)
(-9.35678e-09 -2.91612 0)
(-1.03499e-08 -2.91612 0)
(-1.1451e-08 -2.91612 0)
(-1.2669e-08 -2.91612 0)
(-1.40123e-08 -2.91612 0)
(-1.54892e-08 -2.91612 0)
(-1.7107e-08 -2.91612 0)
(-1.88718e-08 -2.91612 0)
(-2.07875e-08 -2.91613 0)
(-2.28551e-08 -2.91613 0)
(-2.50726e-08 -2.91613 0)
(-2.74325e-08 -2.91613 0)
(-2.99241e-08 -2.91613 0)
(-3.25303e-08 -2.91613 0)
(-3.52316e-08 -2.91613 0)
(-3.80062e-08 -2.91613 0)
(-4.0837e-08 -2.91613 0)
(-4.37213e-08 -2.91613 0)
(-4.66901e-08 -2.91613 0)
(-4.98395e-08 -2.91614 0)
(-5.33785e-08 -2.91614 0)
(-5.77024e-08 -2.91614 0)
(-6.34898e-08 -2.91614 0)
(-7.18171e-08 -2.91614 0)
(-8.42532e-08 -2.91615 0)
(-1.02782e-07 -2.91615 0)
(-1.2946e-07 -2.91615 0)
(-1.639e-07 -2.91615 0)
(-2.01098e-07 -2.91616 0)
(-2.18172e-07 -2.91617 0)
(-1.08433e-07 -2.91617 0)
(3.33936e-07 -2.88212 0)
(6.77365e-07 -2.88211 0)
(6.33204e-07 -2.88211 0)
(5.19567e-07 -2.8821 0)
(4.10953e-07 -2.8821 0)
(3.27514e-07 -2.88209 0)
(2.69206e-07 -2.88209 0)
(2.30132e-07 -2.88209 0)
(2.04023e-07 -2.88209 0)
(1.85947e-07 -2.88209 0)
(1.72507e-07 -2.88208 0)
(1.61545e-07 -2.88208 0)
(1.51783e-07 -2.88208 0)
(1.42516e-07 -2.88208 0)
(1.33395e-07 -2.88208 0)
(1.243e-07 -2.88208 0)
(1.15254e-07 -2.88208 0)
(1.06364e-07 -2.88208 0)
(9.77733e-08 -2.88207 0)
(8.96158e-08 -2.88207 0)
(8.19837e-08 -2.88207 0)
(7.4916e-08 -2.88207 0)
(6.84052e-08 -2.88207 0)
(6.24138e-08 -2.88207 0)
(5.68915e-08 -2.88207 0)
(5.17865e-08 -2.88207 0)
(4.70496e-08 -2.88207 0)
(4.26381e-08 -2.88207 0)
(3.85194e-08 -2.88207 0)
(3.46759e-08 -2.88207 0)
(3.11069e-08 -2.88207 0)
(2.7825e-08 -2.88207 0)
(2.48464e-08 -2.88207 0)
(2.21808e-08 -2.88207 0)
(1.9823e-08 -2.88207 0)
(1.77536e-08 -2.88207 0)
(1.59419e-08 -2.88207 0)
(1.43543e-08 -2.88207 0)
(1.29592e-08 -2.88207 0)
(1.1731e-08 -2.88207 0)
(1.0649e-08 -2.88207 0)
(9.697e-09 -2.88207 0)
(8.86077e-09 -2.88207 0)
(8.12727e-09 -2.88207 0)
(7.48441e-09 -2.88207 0)
(6.92081e-09 -2.88207 0)
(6.42592e-09 -2.88207 0)
(5.99082e-09 -2.88207 0)
(5.607e-09 -2.88206 0)
(5.2679e-09 -2.88206 0)
(4.96714e-09 -2.88206 0)
(4.69987e-09 -2.88206 0)
(4.4614e-09 -2.88206 0)
(4.24826e-09 -2.88206 0)
(4.05688e-09 -2.88206 0)
(3.88487e-09 -2.88206 0)
(3.72939e-09 -2.88206 0)
(3.58887e-09 -2.88206 0)
(3.46116e-09 -2.88206 0)
(3.34531e-09 -2.88206 0)
(3.23975e-09 -2.88206 0)
(3.1438e-09 -2.88206 0)
(3.05594e-09 -2.88206 0)
(2.97525e-09 -2.88206 0)
(2.89986e-09 -2.88206 0)
(2.82858e-09 -2.88206 0)
(2.75956e-09 -2.88206 0)
(2.6921e-09 -2.88206 0)
(2.62506e-09 -2.88206 0)
(2.55861e-09 -2.88206 0)
(2.49218e-09 -2.88206 0)
(2.42622e-09 -2.88206 0)
(2.3601e-09 -2.88206 0)
(2.29408e-09 -2.88206 0)
(2.22739e-09 -2.88206 0)
(2.16036e-09 -2.88206 0)
(2.0925e-09 -2.88206 0)
(2.0245e-09 -2.88206 0)
(1.95629e-09 -2.88206 0)
(1.88876e-09 -2.88206 0)
(1.82198e-09 -2.88206 0)
(1.75674e-09 -2.88206 0)
(1.69303e-09 -2.88206 0)
(1.63129e-09 -2.88206 0)
(1.57148e-09 -2.88206 0)
(1.51375e-09 -2.88206 0)
(1.45803e-09 -2.88206 0)
(1.40428e-09 -2.88206 0)
(1.35253e-09 -2.88206 0)
(1.30259e-09 -2.88206 0)
(1.25452e-09 -2.88206 0)
(1.208e-09 -2.88206 0)
(1.16302e-09 -2.88206 0)
(1.11907e-09 -2.88206 0)
(1.07612e-09 -2.88206 0)
(1.03348e-09 -2.88206 0)
(9.91785e-10 -2.88206 0)
(9.50991e-10 -2.88206 0)
(9.14444e-10 -2.88206 0)
(8.82153e-10 -2.88206 0)
(8.59755e-10 -2.88206 0)
(8.41893e-10 -2.88206 0)
(8.32052e-10 -2.88206 0)
(8.19477e-10 -2.88206 0)
(8.06897e-10 -2.88206 0)
(7.88286e-10 -2.88206 0)
(7.68824e-10 -2.88206 0)
(7.49018e-10 -2.88206 0)
(7.32967e-10 -2.88206 0)
(7.2254e-10 -2.88206 0)
(7.21228e-10 -2.88206 0)
(7.31848e-10 -2.88206 0)
(7.57187e-10 -2.88206 0)
(7.95986e-10 -2.88206 0)
(8.42219e-10 -2.88206 0)
(8.83142e-10 -2.88206 0)
(9.02864e-10 -2.88206 0)
(8.86512e-10 -2.88206 0)
(8.26847e-10 -2.88206 0)
(7.27469e-10 -2.88206 0)
(6.02551e-10 -2.88206 0)
(4.71164e-10 -2.88206 0)
(3.51245e-10 -2.88206 0)
(2.53203e-10 -2.88206 0)
(1.79662e-10 -2.88206 0)
(1.2583e-10 -2.88206 0)
(8.52258e-11 -2.88206 0)
(5.05628e-11 -2.88206 0)
(1.83498e-11 -2.88206 0)
(-1.4438e-11 -2.88206 0)
(-4.78845e-11 -2.88206 0)
(-8.27071e-11 -2.88206 0)
(-1.19407e-10 -2.88206 0)
(-1.57584e-10 -2.88206 0)
(-1.97596e-10 -2.88206 0)
(-2.38604e-10 -2.88206 0)
(-2.79203e-10 -2.88206 0)
(-3.19238e-10 -2.88206 0)
(-3.58756e-10 -2.88206 0)
(-3.97843e-10 -2.88206 0)
(-4.38693e-10 -2.88206 0)
(-4.80793e-10 -2.88206 0)
(-5.25967e-10 -2.88206 0)
(-5.73252e-10 -2.88206 0)
(-6.23e-10 -2.88206 0)
(-6.73093e-10 -2.88206 0)
(-7.22148e-10 -2.88206 0)
(-7.66922e-10 -2.88206 0)
(-8.05595e-10 -2.88206 0)
(-8.35973e-10 -2.88206 0)
(-8.58534e-10 -2.88206 0)
(-8.73947e-10 -2.88206 0)
(-8.85728e-10 -2.88206 0)
(-8.96241e-10 -2.88206 0)
(-9.09512e-10 -2.88206 0)
(-9.2686e-10 -2.88206 0)
(-9.50322e-10 -2.88206 0)
(-9.79095e-10 -2.88206 0)
(-1.0133e-09 -2.88206 0)
(-1.0511e-09 -2.88206 0)
(-1.09212e-09 -2.88206 0)
(-1.13477e-09 -2.88206 0)
(-1.17893e-09 -2.88206 0)
(-1.22358e-09 -2.88206 0)
(-1.26865e-09 -2.88206 0)
(-1.31347e-09 -2.88206 0)
(-1.35769e-09 -2.88206 0)
(-1.40087e-09 -2.88206 0)
(-1.44297e-09 -2.88206 0)
(-1.48367e-09 -2.88206 0)
(-1.52388e-09 -2.88206 0)
(-1.56314e-09 -2.88206 0)
(-1.60242e-09 -2.88206 0)
(-1.64117e-09 -2.88206 0)
(-1.6796e-09 -2.88206 0)
(-1.7171e-09 -2.88206 0)
(-1.75367e-09 -2.88206 0)
(-1.78861e-09 -2.88206 0)
(-1.82204e-09 -2.88206 0)
(-1.8535e-09 -2.88206 0)
(-1.88336e-09 -2.88206 0)
(-1.91185e-09 -2.88206 0)
(-1.94e-09 -2.88206 0)
(-1.96896e-09 -2.88206 0)
(-2.0004e-09 -2.88206 0)
(-2.03586e-09 -2.88206 0)
(-2.0768e-09 -2.88206 0)
(-2.12411e-09 -2.88206 0)
(-2.17795e-09 -2.88206 0)
(-2.23781e-09 -2.88206 0)
(-2.3026e-09 -2.88206 0)
(-2.37083e-09 -2.88206 0)
(-2.44112e-09 -2.88206 0)
(-2.5122e-09 -2.88206 0)
(-2.58338e-09 -2.88206 0)
(-2.65418e-09 -2.88206 0)
(-2.72477e-09 -2.88206 0)
(-2.79522e-09 -2.88206 0)
(-2.86616e-09 -2.88206 0)
(-2.93777e-09 -2.88206 0)
(-3.01076e-09 -2.88206 0)
(-3.08534e-09 -2.88206 0)
(-3.16225e-09 -2.88206 0)
(-3.24183e-09 -2.88206 0)
(-3.325e-09 -2.88206 0)
(-3.41234e-09 -2.88206 0)
(-3.50498e-09 -2.88206 0)
(-3.60376e-09 -2.88206 0)
(-3.71001e-09 -2.88206 0)
(-3.8248e-09 -2.88206 0)
(-3.94962e-09 -2.88206 0)
(-4.08577e-09 -2.88206 0)
(-4.23494e-09 -2.88207 0)
(-4.39877e-09 -2.88207 0)
(-4.57924e-09 -2.88207 0)
(-4.77843e-09 -2.88207 0)
(-4.99883e-09 -2.88207 0)
(-5.24309e-09 -2.88207 0)
(-5.5144e-09 -2.88207 0)
(-5.8162e-09 -2.88207 0)
(-6.15256e-09 -2.88207 0)
(-6.52787e-09 -2.88207 0)
(-6.9473e-09 -2.88207 0)
(-7.41645e-09 -2.88207 0)
(-7.94179e-09 -2.88207 0)
(-8.53038e-09 -2.88207 0)
(-9.19034e-09 -2.88207 0)
(-9.93044e-09 -2.88207 0)
(-1.07609e-08 -2.88207 0)
(-1.16926e-08 -2.88207 0)
(-1.27382e-08 -2.88207 0)
(-1.39111e-08 -2.88207 0)
(-1.52268e-08 -2.88207 0)
(-1.67017e-08 -2.88207 0)
(-1.83542e-08 -2.88207 0)
(-2.02036e-08 -2.88207 0)
(-2.22717e-08 -2.88207 0)
(-2.45812e-08 -2.88207 0)
(-2.71566e-08 -2.88207 0)
(-3.00237e-08 -2.88207 0)
(-3.32096e-08 -2.88207 0)
(-3.67418e-08 -2.88207 0)
(-4.06483e-08 -2.88207 0)
(-4.49562e-08 -2.88207 0)
(-4.96918e-08 -2.88207 0)
(-5.4878e-08 -2.88207 0)
(-6.05337e-08 -2.88207 0)
(-6.66713e-08 -2.88207 0)
(-7.32932e-08 -2.88207 0)
(-8.03921e-08 -2.88207 0)
(-8.79431e-08 -2.88207 0)
(-9.59099e-08 -2.88207 0)
(-1.04236e-07 -2.88208 0)
(-1.12855e-07 -2.88208 0)
(-1.21693e-07 -2.88208 0)
(-1.30688e-07 -2.88208 0)
(-1.39825e-07 -2.88208 0)
(-1.49193e-07 -2.88208 0)
(-1.59082e-07 -2.88208 0)
(-1.7014e-07 -2.88208 0)
(-1.83599e-07 -2.88209 0)
(-2.01581e-07 -2.88209 0)
(-2.27459e-07 -2.88209 0)
(-2.6614e-07 -2.88209 0)
(-3.23808e-07 -2.88209 0)
(-4.06705e-07 -2.8821 0)
(-5.13758e-07 -2.8821 0)
(-6.2769e-07 -2.88211 0)
(-6.73859e-07 -2.88211 0)
(-3.3233e-07 -2.88212 0)
(5.85273e-07 -2.8402 0)
(1.19557e-06 -2.8402 0)
(1.12741e-06 -2.84019 0)
(9.28593e-07 -2.84019 0)
(7.37007e-07 -2.84019 0)
(5.89414e-07 -2.84018 0)
(4.86133e-07 -2.84018 0)
(4.16888e-07 -2.84018 0)
(3.70621e-07 -2.84018 0)
(3.38576e-07 -2.84018 0)
(3.14698e-07 -2.84017 0)
(2.95142e-07 -2.84017 0)
(2.77631e-07 -2.84017 0)
(2.60916e-07 -2.84017 0)
(2.44389e-07 -2.84017 0)
(2.27851e-07 -2.84017 0)
(2.11358e-07 -2.84017 0)
(1.9512e-07 -2.84017 0)
(1.7941e-07 -2.84016 0)
(1.64479e-07 -2.84016 0)
(1.50501e-07 -2.84016 0)
(1.37551e-07 -2.84016 0)
(1.25618e-07 -2.84016 0)
(1.14634e-07 -2.84016 0)
(1.04506e-07 -2.84016 0)
(9.51404e-08 -2.84016 0)
(8.64473e-08 -2.84016 0)
(7.83488e-08 -2.84016 0)
(7.07848e-08 -2.84016 0)
(6.37239e-08 -2.84016 0)
(5.71652e-08 -2.84016 0)
(5.11329e-08 -2.84016 0)
(4.56573e-08 -2.84016 0)
(4.07569e-08 -2.84016 0)
(3.64228e-08 -2.84016 0)
(3.26191e-08 -2.84016 0)
(2.92894e-08 -2.84016 0)
(2.63717e-08 -2.84016 0)
(2.38079e-08 -2.84016 0)
(2.15509e-08 -2.84016 0)
(1.95625e-08 -2.84016 0)
(1.78131e-08 -2.84016 0)
(1.62763e-08 -2.84016 0)
(1.49283e-08 -2.84016 0)
(1.37469e-08 -2.84016 0)
(1.27111e-08 -2.84016 0)
(1.18017e-08 -2.84016 0)
(1.10021e-08 -2.84016 0)
(1.02969e-08 -2.84016 0)
(9.67375e-09 -2.84016 0)
(9.12115e-09 -2.84016 0)
(8.63007e-09 -2.84016 0)
(8.19197e-09 -2.84015 0)
(7.8004e-09 -2.84015 0)
(7.44889e-09 -2.84015 0)
(7.13295e-09 -2.84015 0)
(6.84748e-09 -2.84015 0)
(6.58946e-09 -2.84015 0)
(6.35508e-09 -2.84015 0)
(6.14245e-09 -2.84015 0)
(5.94881e-09 -2.84015 0)
(5.77278e-09 -2.84015 0)
(5.61165e-09 -2.84015 0)
(5.46366e-09 -2.84015 0)
(5.32545e-09 -2.84015 0)
(5.1947e-09 -2.84015 0)
(5.06813e-09 -2.84015 0)
(4.94432e-09 -2.84015 0)
(4.82129e-09 -2.84015 0)
(4.69923e-09 -2.84015 0)
(4.57725e-09 -2.84015 0)
(4.45605e-09 -2.84015 0)
(4.33459e-09 -2.84015 0)
(4.21324e-09 -2.84015 0)
(4.09068e-09 -2.84015 0)
(3.96741e-09 -2.84015 0)
(3.84265e-09 -2.84015 0)
(3.71757e-09 -2.84015 0)
(3.59212e-09 -2.84015 0)
(3.46789e-09 -2.84015 0)
(3.34506e-09 -2.84015 0)
(3.22502e-09 -2.84015 0)
(3.10783e-09 -2.84015 0)
(2.99425e-09 -2.84015 0)
(2.88423e-09 -2.84015 0)
(2.77802e-09 -2.84015 0)
(2.67553e-09 -2.84015 0)
(2.57666e-09 -2.84015 0)
(2.48147e-09 -2.84015 0)
(2.38962e-09 -2.84015 0)
(2.30121e-09 -2.84015 0)
(2.2157e-09 -2.84015 0)
(2.13303e-09 -2.84015 0)
(2.05235e-09 -2.84015 0)
(1.9735e-09 -2.84015 0)
(1.89536e-09 -2.84015 0)
(1.81886e-09 -2.84015 0)
(1.74415e-09 -2.84015 0)
(1.67673e-09 -2.84015 0)
(1.61692e-09 -2.84015 0)
(1.57397e-09 -2.84015 0)
(1.53948e-09 -2.84015 0)
(1.51913e-09 -2.84015 0)
(1.49574e-09 -2.84015 0)
(1.4732e-09 -2.84015 0)
(1.44152e-09 -2.84015 0)
(1.40818e-09 -2.84015 0)
(1.37391e-09 -2.84015 0)
(1.34554e-09 -2.84015 0)
(1.32693e-09 -2.84015 0)
(1.32482e-09 -2.84015 0)
(1.3448e-09 -2.84015 0)
(1.39202e-09 -2.84015 0)
(1.46421e-09 -2.84015 0)
(1.55018e-09 -2.84015 0)
(1.62638e-09 -2.84015 0)
(1.66336e-09 -2.84015 0)
(1.63361e-09 -2.84015 0)
(1.52371e-09 -2.84015 0)
(1.34032e-09 -2.84015 0)
(1.10967e-09 -2.84015 0)
(8.67065e-10 -2.84015 0)
(6.45687e-10 -2.84015 0)
(4.64816e-10 -2.84015 0)
(3.29267e-10 -2.84015 0)
(2.30199e-10 -2.84015 0)
(1.55559e-10 -2.84015 0)
(9.19293e-11 -2.84015 0)
(3.27676e-11 -2.84015 0)
(-2.74218e-11 -2.84015 0)
(-8.88401e-11 -2.84015 0)
(-1.52731e-10 -2.84015 0)
(-2.19895e-10 -2.84015 0)
(-2.89758e-10 -2.84015 0)
(-3.62833e-10 -2.84015 0)
(-4.37857e-10 -2.84015 0)
(-5.1241e-10 -2.84015 0)
(-5.86145e-10 -2.84015 0)
(-6.59215e-10 -2.84015 0)
(-7.31598e-10 -2.84015 0)
(-8.0703e-10 -2.84015 0)
(-8.84723e-10 -2.84015 0)
(-9.67827e-10 -2.84015 0)
(-1.05482e-09 -2.84015 0)
(-1.14625e-09 -2.84015 0)
(-1.23836e-09 -2.84015 0)
(-1.32848e-09 -2.84015 0)
(-1.41075e-09 -2.84015 0)
(-1.48167e-09 -2.84015 0)
(-1.53732e-09 -2.84015 0)
(-1.57844e-09 -2.84015 0)
(-1.60641e-09 -2.84015 0)
(-1.6276e-09 -2.84015 0)
(-1.64652e-09 -2.84015 0)
(-1.67047e-09 -2.84015 0)
(-1.70204e-09 -2.84015 0)
(-1.74486e-09 -2.84015 0)
(-1.79757e-09 -2.84015 0)
(-1.86025e-09 -2.84015 0)
(-1.92966e-09 -2.84015 0)
(-2.00492e-09 -2.84015 0)
(-2.08329e-09 -2.84015 0)
(-2.16436e-09 -2.84015 0)
(-2.24642e-09 -2.84015 0)
(-2.32923e-09 -2.84015 0)
(-2.41165e-09 -2.84015 0)
(-2.49304e-09 -2.84015 0)
(-2.57261e-09 -2.84015 0)
(-2.65023e-09 -2.84015 0)
(-2.72533e-09 -2.84015 0)
(-2.7993e-09 -2.84015 0)
(-2.87147e-09 -2.84015 0)
(-2.94339e-09 -2.84015 0)
(-3.01427e-09 -2.84015 0)
(-3.08449e-09 -2.84015 0)
(-3.15307e-09 -2.84015 0)
(-3.21995e-09 -2.84015 0)
(-3.2839e-09 -2.84015 0)
(-3.34507e-09 -2.84015 0)
(-3.4026e-09 -2.84015 0)
(-3.45717e-09 -2.84015 0)
(-3.5092e-09 -2.84015 0)
(-3.56059e-09 -2.84015 0)
(-3.61347e-09 -2.84015 0)
(-3.67093e-09 -2.84015 0)
(-3.73584e-09 -2.84015 0)
(-3.81088e-09 -2.84015 0)
(-3.89769e-09 -2.84015 0)
(-3.99659e-09 -2.84015 0)
(-4.10662e-09 -2.84015 0)
(-4.22573e-09 -2.84015 0)
(-4.3512e-09 -2.84015 0)
(-4.48046e-09 -2.84015 0)
(-4.61117e-09 -2.84015 0)
(-4.74202e-09 -2.84015 0)
(-4.87214e-09 -2.84015 0)
(-5.00185e-09 -2.84015 0)
(-5.13131e-09 -2.84015 0)
(-5.26162e-09 -2.84015 0)
(-5.39317e-09 -2.84015 0)
(-5.52724e-09 -2.84015 0)
(-5.66421e-09 -2.84015 0)
(-5.80545e-09 -2.84015 0)
(-5.95161e-09 -2.84015 0)
(-6.10434e-09 -2.84015 0)
(-6.26473e-09 -2.84015 0)
(-6.43483e-09 -2.84015 0)
(-6.61623e-09 -2.84015 0)
(-6.81135e-09 -2.84016 0)
(-7.02216e-09 -2.84016 0)
(-7.25139e-09 -2.84016 0)
(-7.50147e-09 -2.84016 0)
(-7.77546e-09 -2.84016 0)
(-8.07639e-09 -2.84016 0)
(-8.40789e-09 -2.84016 0)
(-8.77381e-09 -2.84016 0)
(-9.17867e-09 -2.84016 0)
(-9.6274e-09 -2.84016 0)
(-1.01258e-08 -2.84016 0)
(-1.06803e-08 -2.84016 0)
(-1.12982e-08 -2.84016 0)
(-1.19877e-08 -2.84016 0)
(-1.27582e-08 -2.84016 0)
(-1.36201e-08 -2.84016 0)
(-1.45852e-08 -2.84016 0)
(-1.56666e-08 -2.84016 0)
(-1.6879e-08 -2.84016 0)
(-1.82388e-08 -2.84016 0)
(-1.97645e-08 -2.84016 0)
(-2.14761e-08 -2.84016 0)
(-2.33969e-08 -2.84016 0)
(-2.55516e-08 -2.84016 0)
(-2.79685e-08 -2.84016 0)
(-3.06778e-08 -2.84016 0)
(-3.37131e-08 -2.84016 0)
(-3.71103e-08 -2.84016 0)
(-4.09089e-08 -2.84016 0)
(-4.51507e-08 -2.84016 0)
(-4.98808e-08 -2.84016 0)
(-5.51463e-08 -2.84016 0)
(-6.09967e-08 -2.84016 0)
(-6.74824e-08 -2.84016 0)
(-7.46544e-08 -2.84016 0)
(-8.25626e-08 -2.84016 0)
(-9.1254e-08 -2.84016 0)
(-1.0077e-07 -2.84016 0)
(-1.11145e-07 -2.84016 0)
(-1.22401e-07 -2.84016 0)
(-1.3454e-07 -2.84016 0)
(-1.47548e-07 -2.84016 0)
(-1.61377e-07 -2.84016 0)
(-1.75957e-07 -2.84016 0)
(-1.9118e-07 -2.84017 0)
(-2.06919e-07 -2.84017 0)
(-2.23028e-07 -2.84017 0)
(-2.39384e-07 -2.84017 0)
(-2.55943e-07 -2.84017 0)
(-2.72845e-07 -2.84017 0)
(-2.90593e-07 -2.84017 0)
(-3.10329e-07 -2.84017 0)
(-3.34246e-07 -2.84018 0)
(-3.66138e-07 -2.84018 0)
(-4.12038e-07 -2.84018 0)
(-4.80721e-07 -2.84018 0)
(-5.83204e-07 -2.84018 0)
(-7.30326e-07 -2.84019 0)
(-9.20185e-07 -2.84019 0)
(-1.1195e-06 -2.84019 0)
(-1.19007e-06 -2.8402 0)
(-5.82617e-07 -2.8402 0)
(8.59204e-07 -2.78862 0)
(1.76899e-06 -2.78862 0)
(1.68475e-06 -2.78861 0)
(1.39386e-06 -2.78861 0)
(1.11027e-06 -2.78861 0)
(8.91295e-07 -2.7886 0)
(7.38168e-07 -2.7886 0)
(6.35665e-07 -2.7886 0)
(5.67249e-07 -2.7886 0)
(5.19822e-07 -2.7886 0)
(4.84347e-07 -2.78859 0)
(4.55105e-07 -2.78859 0)
(4.28723e-07 -2.78859 0)
(4.0336e-07 -2.78859 0)
(3.78136e-07 -2.78859 0)
(3.5278e-07 -2.78859 0)
(3.27412e-07 -2.78859 0)
(3.0238e-07 -2.78859 0)
(2.78123e-07 -2.78859 0)
(2.55046e-07 -2.78858 0)
(2.33428e-07 -2.78858 0)
(2.1339e-07 -2.78858 0)
(1.94917e-07 -2.78858 0)
(1.77907e-07 -2.78858 0)
(1.62218e-07 -2.78858 0)
(1.47703e-07 -2.78858 0)
(1.34226e-07 -2.78858 0)
(1.21664e-07 -2.78858 0)
(1.09926e-07 -2.78858 0)
(9.89643e-08 -2.78858 0)
(8.87784e-08 -2.78858 0)
(7.94073e-08 -2.78858 0)
(7.09001e-08 -2.78858 0)
(6.32864e-08 -2.78858 0)
(5.65531e-08 -2.78858 0)
(5.06446e-08 -2.78858 0)
(4.5473e-08 -2.78858 0)
(4.09418e-08 -2.78858 0)
(3.69604e-08 -2.78858 0)
(3.34552e-08 -2.78858 0)
(3.03674e-08 -2.78858 0)
(2.76504e-08 -2.78858 0)
(2.52638e-08 -2.78858 0)
(2.31704e-08 -2.78858 0)
(2.13356e-08 -2.78858 0)
(1.97269e-08 -2.78858 0)
(1.83146e-08 -2.78858 0)
(1.70728e-08 -2.78858 0)
(1.59777e-08 -2.78858 0)
(1.50101e-08 -2.78858 0)
(1.41521e-08 -2.78858 0)
(1.33896e-08 -2.78858 0)
(1.27095e-08 -2.78858 0)
(1.21016e-08 -2.78858 0)
(1.15561e-08 -2.78858 0)
(1.10657e-08 -2.78858 0)
(1.06229e-08 -2.78858 0)
(1.02226e-08 -2.78858 0)
(9.85916e-09 -2.78858 0)
(9.52948e-09 -2.78858 0)
(9.22941e-09 -2.78858 0)
(8.95664e-09 -2.78858 0)
(8.70713e-09 -2.78858 0)
(8.47792e-09 -2.78858 0)
(8.26395e-09 -2.78858 0)
(8.06141e-09 -2.78858 0)
(7.86538e-09 -2.78858 0)
(7.67346e-09 -2.78858 0)
(7.48275e-09 -2.78858 0)
(7.29338e-09 -2.78858 0)
(7.10415e-09 -2.78858 0)
(6.91599e-09 -2.78858 0)
(6.72746e-09 -2.78858 0)
(6.53897e-09 -2.78858 0)
(6.34864e-09 -2.78858 0)
(6.15708e-09 -2.78858 0)
(5.96323e-09 -2.78858 0)
(5.76877e-09 -2.78858 0)
(5.57378e-09 -2.78858 0)
(5.38059e-09 -2.78858 0)
(5.18964e-09 -2.78858 0)
(5.00295e-09 -2.78858 0)
(4.82074e-09 -2.78858 0)
(4.64413e-09 -2.78858 0)
(4.47306e-09 -2.78858 0)
(4.30791e-09 -2.78858 0)
(4.14854e-09 -2.78858 0)
(3.99482e-09 -2.78858 0)
(3.8468e-09 -2.78858 0)
(3.704e-09 -2.78858 0)
(3.56655e-09 -2.78858 0)
(3.43368e-09 -2.78858 0)
(3.30527e-09 -2.78858 0)
(3.18011e-09 -2.78858 0)
(3.05784e-09 -2.78858 0)
(2.9369e-09 -2.78858 0)
(2.81844e-09 -2.78858 0)
(2.70294e-09 -2.78858 0)
(2.59794e-09 -2.78858 0)
(2.50426e-09 -2.78858 0)
(2.43442e-09 -2.78858 0)
(2.37743e-09 -2.78858 0)
(2.34093e-09 -2.78858 0)
(2.30254e-09 -2.78858 0)
(2.2672e-09 -2.78858 0)
(2.22167e-09 -2.78858 0)
(2.17469e-09 -2.78858 0)
(2.12653e-09 -2.78857 0)
(2.08604e-09 -2.78857 0)
(2.05925e-09 -2.78857 0)
(2.05702e-09 -2.78857 0)
(2.08892e-09 -2.78857 0)
(2.16337e-09 -2.78857 0)
(2.27709e-09 -2.78857 0)
(2.41248e-09 -2.78857 0)
(2.53271e-09 -2.78857 0)
(2.59157e-09 -2.78857 0)
(2.54594e-09 -2.78857 0)
(2.37475e-09 -2.78857 0)
(2.08844e-09 -2.78857 0)
(1.72808e-09 -2.78857 0)
(1.34906e-09 -2.78857 0)
(1.0033e-09 -2.78857 0)
(7.21074e-10 -2.78857 0)
(5.09813e-10 -2.78857 0)
(3.55714e-10 -2.78857 0)
(2.3978e-10 -2.78857 0)
(1.41101e-10 -2.78857 0)
(4.92873e-11 -2.78857 0)
(-4.40871e-11 -2.78857 0)
(-1.39395e-10 -2.78857 0)
(-2.38455e-10 -2.78857 0)
(-3.42248e-10 -2.78857 0)
(-4.50133e-10 -2.78857 0)
(-5.62709e-10 -2.78857 0)
(-6.78418e-10 -2.78857 0)
(-7.93886e-10 -2.78857 0)
(-9.08548e-10 -2.78857 0)
(-1.02278e-09 -2.78857 0)
(-1.13632e-09 -2.78857 0)
(-1.2544e-09 -2.78857 0)
(-1.37592e-09 -2.78857 0)
(-1.50539e-09 -2.78857 0)
(-1.64081e-09 -2.78857 0)
(-1.78286e-09 -2.78857 0)
(-1.92603e-09 -2.78857 0)
(-2.06594e-09 -2.78857 0)
(-2.19365e-09 -2.78857 0)
(-2.30352e-09 -2.78857 0)
(-2.38956e-09 -2.78857 0)
(-2.45277e-09 -2.78857 0)
(-2.49551e-09 -2.78857 0)
(-2.52751e-09 -2.78857 0)
(-2.5561e-09 -2.78857 0)
(-2.59247e-09 -2.78858 0)
(-2.6409e-09 -2.78858 0)
(-2.70682e-09 -2.78858 0)
(-2.78837e-09 -2.78858 0)
(-2.88539e-09 -2.78858 0)
(-2.99305e-09 -2.78858 0)
(-3.10975e-09 -2.78858 0)
(-3.23139e-09 -2.78858 0)
(-3.35715e-09 -2.78858 0)
(-3.48456e-09 -2.78858 0)
(-3.61311e-09 -2.78858 0)
(-3.74122e-09 -2.78858 0)
(-3.86786e-09 -2.78858 0)
(-3.99187e-09 -2.78858 0)
(-4.11299e-09 -2.78858 0)
(-4.2303e-09 -2.78858 0)
(-4.34557e-09 -2.78858 0)
(-4.45788e-09 -2.78858 0)
(-4.56926e-09 -2.78858 0)
(-4.67881e-09 -2.78858 0)
(-4.7871e-09 -2.78858 0)
(-4.89283e-09 -2.78858 0)
(-4.99596e-09 -2.78858 0)
(-5.09468e-09 -2.78858 0)
(-5.18908e-09 -2.78858 0)
(-5.27788e-09 -2.78858 0)
(-5.36201e-09 -2.78858 0)
(-5.4422e-09 -2.78858 0)
(-5.52133e-09 -2.78858 0)
(-5.60281e-09 -2.78858 0)
(-5.69142e-09 -2.78858 0)
(-5.79171e-09 -2.78858 0)
(-5.90784e-09 -2.78858 0)
(-6.04243e-09 -2.78858 0)
(-6.19591e-09 -2.78858 0)
(-6.36685e-09 -2.78858 0)
(-6.55195e-09 -2.78858 0)
(-6.747e-09 -2.78858 0)
(-6.94793e-09 -2.78858 0)
(-7.15108e-09 -2.78858 0)
(-7.3544e-09 -2.78858 0)
(-7.55656e-09 -2.78858 0)
(-7.758e-09 -2.78858 0)
(-7.95903e-09 -2.78858 0)
(-8.1613e-09 -2.78858 0)
(-8.36553e-09 -2.78858 0)
(-8.57359e-09 -2.78858 0)
(-8.78618e-09 -2.78858 0)
(-9.00535e-09 -2.78858 0)
(-9.23216e-09 -2.78858 0)
(-9.46912e-09 -2.78858 0)
(-9.71799e-09 -2.78858 0)
(-9.9819e-09 -2.78858 0)
(-1.02634e-08 -2.78858 0)
(-1.05661e-08 -2.78858 0)
(-1.08933e-08 -2.78858 0)
(-1.1249e-08 -2.78858 0)
(-1.16371e-08 -2.78858 0)
(-1.20623e-08 -2.78858 0)
(-1.25294e-08 -2.78858 0)
(-1.3044e-08 -2.78858 0)
(-1.3612e-08 -2.78858 0)
(-1.42405e-08 -2.78858 0)
(-1.49371e-08 -2.78858 0)
(-1.57108e-08 -2.78858 0)
(-1.65715e-08 -2.78858 0)
(-1.75308e-08 -2.78858 0)
(-1.86011e-08 -2.78858 0)
(-1.97973e-08 -2.78858 0)
(-2.11353e-08 -2.78858 0)
(-2.26335e-08 -2.78858 0)
(-2.43123e-08 -2.78858 0)
(-2.61946e-08 -2.78858 0)
(-2.83056e-08 -2.78858 0)
(-3.06741e-08 -2.78858 0)
(-3.33314e-08 -2.78858 0)
(-3.63131e-08 -2.78858 0)
(-3.9658e-08 -2.78858 0)
(-4.34096e-08 -2.78858 0)
(-4.76149e-08 -2.78858 0)
(-5.2326e-08 -2.78858 0)
(-5.75988e-08 -2.78858 0)
(-6.34943e-08 -2.78858 0)
(-7.00775e-08 -2.78858 0)
(-7.74179e-08 -2.78858 0)
(-8.55887e-08 -2.78858 0)
(-9.46663e-08 -2.78858 0)
(-1.04729e-07 -2.78858 0)
(-1.15854e-07 -2.78858 0)
(-1.28119e-07 -2.78858 0)
(-1.41597e-07 -2.78858 0)
(-1.56349e-07 -2.78858 0)
(-1.72428e-07 -2.78858 0)
(-1.89864e-07 -2.78858 0)
(-2.08661e-07 -2.78858 0)
(-2.28791e-07 -2.78858 0)
(-2.50178e-07 -2.78859 0)
(-2.72707e-07 -2.78859 0)
(-2.96204e-07 -2.78859 0)
(-3.20457e-07 -2.78859 0)
(-3.45228e-07 -2.78859 0)
(-3.70302e-07 -2.78859 0)
(-3.95581e-07 -2.78859 0)
(-4.21239e-07 -2.78859 0)
(-4.47995e-07 -2.78859 0)
(-4.77531e-07 -2.78859 0)
(-5.13114e-07 -2.7886 0)
(-5.60429e-07 -2.7886 0)
(-6.28537e-07 -2.7886 0)
(-7.30608e-07 -2.7886 0)
(-8.83121e-07 -2.7886 0)
(-1.10183e-06 -2.78861 0)
(-1.38355e-06 -2.78861 0)
(-1.67478e-06 -2.78861 0)
(-1.76136e-06 -2.78862 0)
(-8.55398e-07 -2.78862 0)
(1.14769e-06 -2.72514 0)
(2.38377e-06 -2.72514 0)
(2.296e-06 -2.72513 0)
(1.91013e-06 -2.72513 0)
(1.52803e-06 -2.72513 0)
(1.23207e-06 -2.72512 0)
(1.0254e-06 -2.72512 0)
(8.87584e-07 -2.72512 0)
(7.95963e-07 -2.72512 0)
(7.32526e-07 -2.72512 0)
(6.84861e-07 -2.72512 0)
(6.45173e-07 -2.72511 0)
(6.08935e-07 -2.72511 0)
(5.73724e-07 -2.72511 0)
(5.38423e-07 -2.72511 0)
(5.02732e-07 -2.72511 0)
(4.66875e-07 -2.72511 0)
(4.31393e-07 -2.72511 0)
(3.96943e-07 -2.72511 0)
(3.64126e-07 -2.72511 0)
(3.33359e-07 -2.72511 0)
(3.04826e-07 -2.7251 0)
(2.7851e-07 -2.7251 0)
(2.54266e-07 -2.7251 0)
(2.31894e-07 -2.7251 0)
(2.11187e-07 -2.7251 0)
(1.91949e-07 -2.7251 0)
(1.74008e-07 -2.7251 0)
(1.57234e-07 -2.7251 0)
(1.4156e-07 -2.7251 0)
(1.26989e-07 -2.7251 0)
(1.13578e-07 -2.7251 0)
(1.01403e-07 -2.7251 0)
(9.05057e-08 -2.7251 0)
(8.08705e-08 -2.7251 0)
(7.24169e-08 -2.7251 0)
(6.50192e-08 -2.7251 0)
(5.8538e-08 -2.7251 0)
(5.28436e-08 -2.7251 0)
(4.78301e-08 -2.7251 0)
(4.34135e-08 -2.7251 0)
(3.95273e-08 -2.7251 0)
(3.61135e-08 -2.7251 0)
(3.31191e-08 -2.7251 0)
(3.04946e-08 -2.7251 0)
(2.81936e-08 -2.7251 0)
(2.61734e-08 -2.7251 0)
(2.43971e-08 -2.7251 0)
(2.28308e-08 -2.7251 0)
(2.14469e-08 -2.7251 0)
(2.022e-08 -2.7251 0)
(1.91296e-08 -2.7251 0)
(1.81572e-08 -2.7251 0)
(1.72881e-08 -2.7251 0)
(1.65083e-08 -2.7251 0)
(1.58075e-08 -2.7251 0)
(1.51747e-08 -2.7251 0)
(1.46029e-08 -2.7251 0)
(1.4084e-08 -2.7251 0)
(1.36134e-08 -2.7251 0)
(1.31854e-08 -2.7251 0)
(1.27964e-08 -2.7251 0)
(1.24408e-08 -2.7251 0)
(1.21142e-08 -2.7251 0)
(1.18095e-08 -2.7251 0)
(1.15209e-08 -2.7251 0)
(1.12415e-08 -2.7251 0)
(1.09678e-08 -2.7251 0)
(1.06957e-08 -2.7251 0)
(1.04253e-08 -2.7251 0)
(1.0155e-08 -2.7251 0)
(9.88609e-09 -2.7251 0)
(9.61667e-09 -2.7251 0)
(9.34708e-09 -2.7251 0)
(9.07488e-09 -2.7251 0)
(8.80072e-09 -2.7251 0)
(8.5233e-09 -2.7251 0)
(8.24483e-09 -2.7251 0)
(7.96564e-09 -2.7251 0)
(7.68889e-09 -2.7251 0)
(7.41541e-09 -2.7251 0)
(7.14796e-09 -2.7251 0)
(6.88696e-09 -2.7251 0)
(6.63394e-09 -2.7251 0)
(6.38889e-09 -2.7251 0)
(6.15231e-09 -2.7251 0)
(5.924e-09 -2.7251 0)
(5.70379e-09 -2.7251 0)
(5.49173e-09 -2.7251 0)
(5.28718e-09 -2.7251 0)
(5.09027e-09 -2.7251 0)
(4.90004e-09 -2.7251 0)
(4.71627e-09 -2.7251 0)
(4.53742e-09 -2.7251 0)
(4.36283e-09 -2.7251 0)
(4.19056e-09 -2.7251 0)
(4.02186e-09 -2.7251 0)
(3.85762e-09 -2.7251 0)
(3.7073e-09 -2.7251 0)
(3.57247e-09 -2.7251 0)
(3.46817e-09 -2.7251 0)
(3.38119e-09 -2.7251 0)
(3.32008e-09 -2.7251 0)
(3.25883e-09 -2.7251 0)
(3.20383e-09 -2.7251 0)
(3.14073e-09 -2.7251 0)
(3.07978e-09 -2.7251 0)
(3.02038e-09 -2.7251 0)
(2.97168e-09 -2.7251 0)
(2.94058e-09 -2.7251 0)
(2.94185e-09 -2.7251 0)
(2.99022e-09 -2.7251 0)
(3.09882e-09 -2.7251 0)
(3.26407e-09 -2.7251 0)
(3.46088e-09 -2.7251 0)
(3.63617e-09 -2.7251 0)
(3.7229e-09 -2.7251 0)
(3.65865e-09 -2.7251 0)
(3.41277e-09 -2.7251 0)
(3.0004e-09 -2.7251 0)
(2.48093e-09 -2.7251 0)
(1.93458e-09 -2.7251 0)
(1.43644e-09 -2.7251 0)
(1.03031e-09 -2.7251 0)
(7.26812e-10 -2.7251 0)
(5.06002e-10 -2.7251 0)
(3.40193e-10 -2.7251 0)
(1.99315e-10 -2.7251 0)
(6.81174e-11 -2.7251 0)
(-6.52934e-11 -2.7251 0)
(-2.01527e-10 -2.7251 0)
(-3.43008e-10 -2.7251 0)
(-4.90712e-10 -2.7251 0)
(-6.43989e-10 -2.7251 0)
(-8.03397e-10 -2.7251 0)
(-9.67229e-10 -2.7251 0)
(-1.13133e-09 -2.7251 0)
(-1.29502e-09 -2.7251 0)
(-1.45924e-09 -2.7251 0)
(-1.62347e-09 -2.7251 0)
(-1.79431e-09 -2.7251 0)
(-1.97023e-09 -2.7251 0)
(-2.15683e-09 -2.7251 0)
(-2.35162e-09 -2.7251 0)
(-2.5553e-09 -2.7251 0)
(-2.76042e-09 -2.7251 0)
(-2.96052e-09 -2.7251 0)
(-3.14307e-09 -2.7251 0)
(-3.29968e-09 -2.7251 0)
(-3.42201e-09 -2.7251 0)
(-3.51122e-09 -2.7251 0)
(-3.57101e-09 -2.7251 0)
(-3.61515e-09 -2.7251 0)
(-3.65456e-09 -2.7251 0)
(-3.70506e-09 -2.7251 0)
(-3.77323e-09 -2.7251 0)
(-3.8665e-09 -2.7251 0)
(-3.98254e-09 -2.7251 0)
(-4.12077e-09 -2.7251 0)
(-4.27452e-09 -2.7251 0)
(-4.44112e-09 -2.7251 0)
(-4.615e-09 -2.7251 0)
(-4.79463e-09 -2.7251 0)
(-4.97678e-09 -2.7251 0)
(-5.16054e-09 -2.7251 0)
(-5.34389e-09 -2.7251 0)
(-5.52537e-09 -2.7251 0)
(-5.70348e-09 -2.7251 0)
(-5.87774e-09 -2.7251 0)
(-6.0469e-09 -2.7251 0)
(-6.21286e-09 -2.7251 0)
(-6.37442e-09 -2.7251 0)
(-6.53383e-09 -2.7251 0)
(-6.69004e-09 -2.7251 0)
(-6.84379e-09 -2.7251 0)
(-6.99363e-09 -2.7251 0)
(-7.13959e-09 -2.7251 0)
(-7.27941e-09 -2.7251 0)
(-7.41312e-09 -2.7251 0)
(-7.53897e-09 -2.7251 0)
(-7.65812e-09 -2.7251 0)
(-7.77164e-09 -2.7251 0)
(-7.88357e-09 -2.7251 0)
(-7.99891e-09 -2.7251 0)
(-8.12449e-09 -2.7251 0)
(-8.26698e-09 -2.7251 0)
(-8.43233e-09 -2.7251 0)
(-8.62438e-09 -2.7251 0)
(-8.84374e-09 -2.7251 0)
(-9.08833e-09 -2.7251 0)
(-9.35335e-09 -2.7251 0)
(-9.63274e-09 -2.7251 0)
(-9.92051e-09 -2.7251 0)
(-1.02115e-08 -2.7251 0)
(-1.05025e-08 -2.7251 0)
(-1.07919e-08 -2.7251 0)
(-1.10801e-08 -2.7251 0)
(-1.13676e-08 -2.7251 0)
(-1.16568e-08 -2.7251 0)
(-1.19488e-08 -2.7251 0)
(-1.22462e-08 -2.7251 0)
(-1.255e-08 -2.7251 0)
(-1.28632e-08 -2.7251 0)
(-1.31873e-08 -2.7251 0)
(-1.35259e-08 -2.7251 0)
(-1.38815e-08 -2.7251 0)
(-1.42585e-08 -2.7251 0)
(-1.46607e-08 -2.7251 0)
(-1.50933e-08 -2.7251 0)
(-1.55607e-08 -2.7251 0)
(-1.60691e-08 -2.7251 0)
(-1.66237e-08 -2.7251 0)
(-1.72315e-08 -2.7251 0)
(-1.78991e-08 -2.7251 0)
(-1.86347e-08 -2.7251 0)
(-1.94467e-08 -2.7251 0)
(-2.03451e-08 -2.7251 0)
(-2.1341e-08 -2.7251 0)
(-2.24472e-08 -2.7251 0)
(-2.36777e-08 -2.7251 0)
(-2.50492e-08 -2.7251 0)
(-2.65795e-08 -2.7251 0)
(-2.82896e-08 -2.7251 0)
(-3.02025e-08 -2.7251 0)
(-3.23445e-08 -2.7251 0)
(-3.47446e-08 -2.7251 0)
(-3.74357e-08 -2.7251 0)
(-4.04538e-08 -2.7251 0)
(-4.38402e-08 -2.7251 0)
(-4.76394e-08 -2.7251 0)
(-5.19023e-08 -2.7251 0)
(-5.66841e-08 -2.7251 0)
(-6.20471e-08 -2.7251 0)
(-6.80583e-08 -2.7251 0)
(-7.47923e-08 -2.7251 0)
(-8.23287e-08 -2.7251 0)
(-9.07546e-08 -2.7251 0)
(-1.00163e-07 -2.7251 0)
(-1.10653e-07 -2.7251 0)
(-1.22328e-07 -2.7251 0)
(-1.35298e-07 -2.7251 0)
(-1.49673e-07 -2.7251 0)
(-1.65565e-07 -2.7251 0)
(-1.83081e-07 -2.7251 0)
(-2.02322e-07 -2.7251 0)
(-2.23379e-07 -2.7251 0)
(-2.46319e-07 -2.7251 0)
(-2.71184e-07 -2.7251 0)
(-2.97975e-07 -2.72511 0)
(-3.26644e-07 -2.72511 0)
(-3.5708e-07 -2.72511 0)
(-3.89103e-07 -2.72511 0)
(-4.22455e-07 -2.72511 0)
(-4.56813e-07 -2.72511 0)
(-4.91809e-07 -2.72511 0)
(-5.27099e-07 -2.72511 0)
(-5.62484e-07 -2.72511 0)
(-5.98137e-07 -2.72511 0)
(-6.34971e-07 -2.72511 0)
(-6.7522e-07 -2.72512 0)
(-7.23306e-07 -2.72512 0)
(-7.86987e-07 -2.72512 0)
(-8.78674e-07 -2.72512 0)
(-1.0164e-06 -2.72512 0)
(-1.22265e-06 -2.72512 0)
(-1.5183e-06 -2.72513 0)
(-1.8981e-06 -2.72513 0)
(-2.28377e-06 -2.72513 0)
(-2.37364e-06 -2.72514 0)
(-1.14262e-06 -2.72514 0)
(1.43718e-06 -2.64701 0)
(3.01344e-06 -2.64701 0)
(2.93873e-06 -2.64701 0)
(2.46145e-06 -2.647 0)
(1.9799e-06 -2.647 0)
(1.60558e-06 -2.647 0)
(1.34469e-06 -2.647 0)
(1.17156e-06 -2.647 0)
(1.05711e-06 -2.64699 0)
(9.78109e-07 -2.64699 0)
(9.18546e-07 -2.64699 0)
(8.68376e-07 -2.64699 0)
(8.21816e-07 -2.64699 0)
(7.75846e-07 -2.64699 0)
(7.29168e-07 -2.64699 0)
(6.8155e-07 -2.64699 0)
(6.33431e-07 -2.64699 0)
(5.85636e-07 -2.64698 0)
(5.39123e-07 -2.64698 0)
(4.94749e-07 -2.64698 0)
(4.53107e-07 -2.64698 0)
(4.14464e-07 -2.64698 0)
(3.78804e-07 -2.64698 0)
(3.45934e-07 -2.64698 0)
(3.15586e-07 -2.64698 0)
(2.87479e-07 -2.64698 0)
(2.61348e-07 -2.64698 0)
(2.36961e-07 -2.64698 0)
(2.14143e-07 -2.64698 0)
(1.92804e-07 -2.64698 0)
(1.72953e-07 -2.64698 0)
(1.54677e-07 -2.64698 0)
(1.3808e-07 -2.64698 0)
(1.23227e-07 -2.64698 0)
(1.10098e-07 -2.64698 0)
(9.8582e-08 -2.64698 0)
(8.85071e-08 -2.64698 0)
(7.96815e-08 -2.64698 0)
(7.19276e-08 -2.64698 0)
(6.51007e-08 -2.64698 0)
(5.90862e-08 -2.64698 0)
(5.37937e-08 -2.64698 0)
(4.91445e-08 -2.64698 0)
(4.50665e-08 -2.64698 0)
(4.14922e-08 -2.64698 0)
(3.83585e-08 -2.64698 0)
(3.56073e-08 -2.64698 0)
(3.31882e-08 -2.64698 0)
(3.10551e-08 -2.64698 0)
(2.91703e-08 -2.64698 0)
(2.74995e-08 -2.64698 0)
(2.60148e-08 -2.64698 0)
(2.46911e-08 -2.64698 0)
(2.35081e-08 -2.64698 0)
(2.24471e-08 -2.64697 0)
(2.14935e-08 -2.64697 0)
(2.06329e-08 -2.64697 0)
(1.98553e-08 -2.64697 0)
(1.91501e-08 -2.64697 0)
(1.85107e-08 -2.64697 0)
(1.79296e-08 -2.64697 0)
(1.74018e-08 -2.64697 0)
(1.69199e-08 -2.64697 0)
(1.64773e-08 -2.64697 0)
(1.60647e-08 -2.64697 0)
(1.56738e-08 -2.64697 0)
(1.52955e-08 -2.64697 0)
(1.49243e-08 -2.64697 0)
(1.45552e-08 -2.64697 0)
(1.41878e-08 -2.64697 0)
(1.38207e-08 -2.64697 0)
(1.3455e-08 -2.64697 0)
(1.30886e-08 -2.64697 0)
(1.27216e-08 -2.64697 0)
(1.23511e-08 -2.64697 0)
(1.19776e-08 -2.64697 0)
(1.15996e-08 -2.64697 0)
(1.12199e-08 -2.64697 0)
(1.08392e-08 -2.64697 0)
(1.04617e-08 -2.64697 0)
(1.00887e-08 -2.64697 0)
(9.72381e-09 -2.64697 0)
(9.3678e-09 -2.64697 0)
(9.02259e-09 -2.64697 0)
(8.6883e-09 -2.64697 0)
(8.3655e-09 -2.64697 0)
(8.05401e-09 -2.64697 0)
(7.75354e-09 -2.64697 0)
(7.46415e-09 -2.64697 0)
(7.18505e-09 -2.64697 0)
(6.91636e-09 -2.64697 0)
(6.65691e-09 -2.64697 0)
(6.40635e-09 -2.64697 0)
(6.16291e-09 -2.64697 0)
(5.92555e-09 -2.64697 0)
(5.69201e-09 -2.64697 0)
(5.46351e-09 -2.64697 0)
(5.24147e-09 -2.64697 0)
(5.03704e-09 -2.64697 0)
(4.85289e-09 -2.64697 0)
(4.70586e-09 -2.64697 0)
(4.58082e-09 -2.64697 0)
(4.48538e-09 -2.64697 0)
(4.39036e-09 -2.64697 0)
(4.30308e-09 -2.64697 0)
(4.21109e-09 -2.64697 0)
(4.12877e-09 -2.64697 0)
(4.05748e-09 -2.64697 0)
(4.00664e-09 -2.64697 0)
(3.98186e-09 -2.64697 0)
(3.99877e-09 -2.64697 0)
(4.07558e-09 -2.64697 0)
(4.23055e-09 -2.64697 0)
(4.46092e-09 -2.64697 0)
(4.73401e-09 -2.64697 0)
(4.97789e-09 -2.64697 0)
(5.10006e-09 -2.64697 0)
(5.01406e-09 -2.64697 0)
(4.67721e-09 -2.64697 0)
(4.11039e-09 -2.64697 0)
(3.39562e-09 -2.64697 0)
(2.644e-09 -2.64697 0)
(1.95921e-09 -2.64697 0)
(1.40186e-09 -2.64697 0)
(9.86292e-10 -2.64697 0)
(6.84984e-10 -2.64697 0)
(4.59308e-10 -2.64697 0)
(2.67971e-10 -2.64697 0)
(8.95718e-11 -2.64697 0)
(-9.18702e-11 -2.64697 0)
(-2.77295e-10 -2.64697 0)
(-4.6974e-10 -2.64697 0)
(-6.69935e-10 -2.64697 0)
(-8.77259e-10 -2.64697 0)
(-1.09197e-09 -2.64697 0)
(-1.31223e-09 -2.64697 0)
(-1.53329e-09 -2.64697 0)
(-1.75453e-09 -2.64697 0)
(-1.97809e-09 -2.64697 0)
(-2.20353e-09 -2.64697 0)
(-2.43905e-09 -2.64697 0)
(-2.68261e-09 -2.64697 0)
(-2.9404e-09 -2.64697 0)
(-3.20898e-09 -2.64697 0)
(-3.4885e-09 -2.64697 0)
(-3.76926e-09 -2.64697 0)
(-4.04217e-09 -2.64697 0)
(-4.29069e-09 -2.64697 0)
(-4.50305e-09 -2.64697 0)
(-4.66825e-09 -2.64697 0)
(-4.78754e-09 -2.64697 0)
(-4.8665e-09 -2.64697 0)
(-4.92366e-09 -2.64697 0)
(-4.97464e-09 -2.64697 0)
(-5.04074e-09 -2.64697 0)
(-5.13157e-09 -2.64697 0)
(-5.25685e-09 -2.64697 0)
(-5.41381e-09 -2.64697 0)
(-5.60116e-09 -2.64697 0)
(-5.81011e-09 -2.64697 0)
(-6.0365e-09 -2.64697 0)
(-6.27306e-09 -2.64697 0)
(-6.51731e-09 -2.64697 0)
(-6.76516e-09 -2.64697 0)
(-7.01517e-09 -2.64697 0)
(-7.26489e-09 -2.64697 0)
(-7.5124e-09 -2.64697 0)
(-7.7559e-09 -2.64697 0)
(-7.99466e-09 -2.64697 0)
(-8.22716e-09 -2.64697 0)
(-8.45532e-09 -2.64697 0)
(-8.67758e-09 -2.64697 0)
(-8.89603e-09 -2.64697 0)
(-9.10926e-09 -2.64697 0)
(-9.31791e-09 -2.64697 0)
(-9.52024e-09 -2.64697 0)
(-9.71649e-09 -2.64697 0)
(-9.90413e-09 -2.64697 0)
(-1.00834e-08 -2.64697 0)
(-1.02521e-08 -2.64697 0)
(-1.04119e-08 -2.64697 0)
(-1.05642e-08 -2.64697 0)
(-1.07143e-08 -2.64697 0)
(-1.08692e-08 -2.64697 0)
(-1.10382e-08 -2.64697 0)
(-1.12305e-08 -2.64697 0)
(-1.14543e-08 -2.64697 0)
(-1.17149e-08 -2.64697 0)
(-1.20133e-08 -2.64697 0)
(-1.23465e-08 -2.64697 0)
(-1.27079e-08 -2.64697 0)
(-1.30891e-08 -2.64697 0)
(-1.34817e-08 -2.64697 0)
(-1.38787e-08 -2.64697 0)
(-1.42757e-08 -2.64697 0)
(-1.46701e-08 -2.64697 0)
(-1.50628e-08 -2.64697 0)
(-1.54545e-08 -2.64697 0)
(-1.58482e-08 -2.64697 0)
(-1.62457e-08 -2.64697 0)
(-1.66503e-08 -2.64697 0)
(-1.70638e-08 -2.64697 0)
(-1.74899e-08 -2.64697 0)
(-1.79308e-08 -2.64697 0)
(-1.83912e-08 -2.64698 0)
(-1.88749e-08 -2.64698 0)
(-1.93876e-08 -2.64698 0)
(-1.99346e-08 -2.64698 0)
(-2.05229e-08 -2.64698 0)
(-2.11587e-08 -2.64698 0)
(-2.18501e-08 -2.64698 0)
(-2.26047e-08 -2.64698 0)
(-2.34316e-08 -2.64698 0)
(-2.434e-08 -2.64698 0)
(-2.53409e-08 -2.64698 0)
(-2.64459e-08 -2.64698 0)
(-2.76686e-08 -2.64698 0)
(-2.90241e-08 -2.64698 0)
(-3.05296e-08 -2.64698 0)
(-3.22045e-08 -2.64698 0)
(-3.40711e-08 -2.64698 0)
(-3.61541e-08 -2.64698 0)
(-3.84816e-08 -2.64698 0)
(-4.10853e-08 -2.64698 0)
(-4.40007e-08 -2.64698 0)
(-4.72674e-08 -2.64698 0)
(-5.09301e-08 -2.64698 0)
(-5.5038e-08 -2.64698 0)
(-5.96469e-08 -2.64698 0)
(-6.48179e-08 -2.64698 0)
(-7.06197e-08 -2.64698 0)
(-7.71279e-08 -2.64698 0)
(-8.44264e-08 -2.64698 0)
(-9.26067e-08 -2.64698 0)
(-1.0177e-07 -2.64698 0)
(-1.12024e-07 -2.64698 0)
(-1.23487e-07 -2.64698 0)
(-1.36286e-07 -2.64698 0)
(-1.50555e-07 -2.64698 0)
(-1.66436e-07 -2.64698 0)
(-1.84074e-07 -2.64698 0)
(-2.03621e-07 -2.64698 0)
(-2.25225e-07 -2.64698 0)
(-2.49033e-07 -2.64698 0)
(-2.75178e-07 -2.64698 0)
(-3.03779e-07 -2.64698 0)
(-3.34925e-07 -2.64698 0)
(-3.68665e-07 -2.64698 0)
(-4.04992e-07 -2.64698 0)
(-4.43834e-07 -2.64698 0)
(-4.85023e-07 -2.64698 0)
(-5.283e-07 -2.64698 0)
(-5.73289e-07 -2.64699 0)
(-6.19518e-07 -2.64699 0)
(-6.66441e-07 -2.64699 0)
(-7.13523e-07 -2.64699 0)
(-7.60402e-07 -2.64699 0)
(-8.07172e-07 -2.64699 0)
(-8.54874e-07 -2.64699 0)
(-9.06253e-07 -2.64699 0)
(-9.66886e-07 -2.64699 0)
(-1.04669e-06 -2.647 0)
(-1.16161e-06 -2.647 0)
(-1.33487e-06 -2.647 0)
(-1.59533e-06 -2.647 0)
(-1.969e-06 -2.647 0)
(-2.44765e-06 -2.647 0)
(-2.92392e-06 -2.64701 0)
(-3.0004e-06 -2.64701 0)
(-1.43073e-06 -2.64701 0)
(1.70665e-06 -2.55086 0)
(3.61377e-06 -2.55086 0)
(3.57079e-06 -2.55086 0)
(3.01496e-06 -2.55085 0)
(2.44242e-06 -2.55085 0)
(1.99619e-06 -2.55085 0)
(1.68643e-06 -2.55085 0)
(1.48236e-06 -2.55085 0)
(1.34847e-06 -2.55085 0)
(1.25631e-06 -2.55085 0)
(1.18636e-06 -2.55084 0)
(1.12647e-06 -2.55084 0)
(1.06973e-06 -2.55084 0)
(1.01261e-06 -2.55084 0)
(9.53672e-07 -2.55084 0)
(8.92786e-07 -2.55084 0)
(8.3069e-07 -2.55084 0)
(7.68623e-07 -2.55084 0)
(7.07986e-07 -2.55084 0)
(6.50015e-07 -2.55084 0)
(5.95555e-07 -2.55084 0)
(5.44985e-07 -2.55083 0)
(4.98296e-07 -2.55083 0)
(4.55234e-07 -2.55083 0)
(4.15446e-07 -2.55083 0)
(3.78569e-07 -2.55083 0)
(3.44255e-07 -2.55083 0)
(3.12201e-07 -2.55083 0)
(2.82179e-07 -2.55083 0)
(2.54073e-07 -2.55083 0)
(2.27905e-07 -2.55083 0)
(2.03797e-07 -2.55083 0)
(1.819e-07 -2.55083 0)
(1.62307e-07 -2.55083 0)
(1.44994e-07 -2.55083 0)
(1.29817e-07 -2.55083 0)
(1.16543e-07 -2.55083 0)
(1.04918e-07 -2.55083 0)
(9.47054e-08 -2.55083 0)
(8.57126e-08 -2.55083 0)
(7.77894e-08 -2.55083 0)
(7.08168e-08 -2.55083 0)
(6.46916e-08 -2.55083 0)
(5.93188e-08 -2.55083 0)
(5.46095e-08 -2.55083 0)
(5.04807e-08 -2.55083 0)
(4.6856e-08 -2.55083 0)
(4.36687e-08 -2.55083 0)
(4.08583e-08 -2.55083 0)
(3.83749e-08 -2.55083 0)
(3.61735e-08 -2.55083 0)
(3.42172e-08 -2.55083 0)
(3.24734e-08 -2.55083 0)
(3.09154e-08 -2.55083 0)
(2.95186e-08 -2.55083 0)
(2.82635e-08 -2.55083 0)
(2.71315e-08 -2.55083 0)
(2.61087e-08 -2.55083 0)
(2.51817e-08 -2.55083 0)
(2.43414e-08 -2.55083 0)
(2.35785e-08 -2.55083 0)
(2.28861e-08 -2.55083 0)
(2.22547e-08 -2.55083 0)
(2.16753e-08 -2.55083 0)
(2.11357e-08 -2.55083 0)
(2.06246e-08 -2.55083 0)
(2.01298e-08 -2.55083 0)
(1.96438e-08 -2.55083 0)
(1.91603e-08 -2.55083 0)
(1.86784e-08 -2.55083 0)
(1.81965e-08 -2.55083 0)
(1.77159e-08 -2.55083 0)
(1.72344e-08 -2.55083 0)
(1.67516e-08 -2.55083 0)
(1.62639e-08 -2.55083 0)
(1.57718e-08 -2.55083 0)
(1.52737e-08 -2.55083 0)
(1.47728e-08 -2.55083 0)
(1.42707e-08 -2.55083 0)
(1.37724e-08 -2.55083 0)
(1.32801e-08 -2.55083 0)
(1.27984e-08 -2.55083 0)
(1.23285e-08 -2.55083 0)
(1.18728e-08 -2.55083 0)
(1.14315e-08 -2.55083 0)
(1.10053e-08 -2.55083 0)
(1.0594e-08 -2.55083 0)
(1.01973e-08 -2.55083 0)
(9.81507e-09 -2.55083 0)
(9.44646e-09 -2.55083 0)
(9.09156e-09 -2.55083 0)
(8.74901e-09 -2.55083 0)
(8.41833e-09 -2.55083 0)
(8.09751e-09 -2.55083 0)
(7.78518e-09 -2.55083 0)
(7.47881e-09 -2.55083 0)
(7.17957e-09 -2.55083 0)
(6.88947e-09 -2.55083 0)
(6.62097e-09 -2.55083 0)
(6.37824e-09 -2.55083 0)
(6.17923e-09 -2.55083 0)
(6.00794e-09 -2.55083 0)
(5.86923e-09 -2.55083 0)
(5.73049e-09 -2.55083 0)
(5.59691e-09 -2.55083 0)
(5.45815e-09 -2.55083 0)
(5.3346e-09 -2.55083 0)
(5.23567e-09 -2.55083 0)
(5.17732e-09 -2.55083 0)
(5.16743e-09 -2.55083 0)
(5.22084e-09 -2.55083 0)
(5.35397e-09 -2.55083 0)
(5.58441e-09 -2.55083 0)
(5.90684e-09 -2.55083 0)
(6.27945e-09 -2.55083 0)
(6.60973e-09 -2.55083 0)
(6.77624e-09 -2.55083 0)
(6.66414e-09 -2.55083 0)
(6.21588e-09 -2.55083 0)
(5.45928e-09 -2.55083 0)
(4.50437e-09 -2.55083 0)
(3.50065e-09 -2.55083 0)
(2.58729e-09 -2.55083 0)
(1.8457e-09 -2.55083 0)
(1.29452e-09 -2.55083 0)
(8.96688e-10 -2.55083 0)
(5.99745e-10 -2.55083 0)
(3.48616e-10 -2.55083 0)
(1.14126e-10 -2.55083 0)
(-1.24487e-10 -2.55083 0)
(-3.68619e-10 -2.55083 0)
(-6.21884e-10 -2.55083 0)
(-8.8451e-10 -2.55083 0)
(-1.15597e-09 -2.55083 0)
(-1.43593e-09 -2.55083 0)
(-1.72227e-09 -2.55083 0)
(-2.00959e-09 -2.55083 0)
(-2.29731e-09 -2.55083 0)
(-2.58935e-09 -2.55083 0)
(-2.88621e-09 -2.55083 0)
(-3.19844e-09 -2.55083 0)
(-3.52426e-09 -2.55083 0)
(-3.8703e-09 -2.55083 0)
(-4.23153e-09 -2.55083 0)
(-4.60628e-09 -2.55083 0)
(-4.98129e-09 -2.55083 0)
(-5.34368e-09 -2.55083 0)
(-5.6721e-09 -2.55083 0)
(-5.95085e-09 -2.55083 0)
(-6.16611e-09 -2.55083 0)
(-6.31941e-09 -2.55083 0)
(-6.41893e-09 -2.55083 0)
(-6.48904e-09 -2.55083 0)
(-6.55136e-09 -2.55083 0)
(-6.6338e-09 -2.55083 0)
(-6.7499e-09 -2.55083 0)
(-6.91199e-09 -2.55083 0)
(-7.11694e-09 -2.55083 0)
(-7.36231e-09 -2.55083 0)
(-7.63684e-09 -2.55083 0)
(-7.93438e-09 -2.55083 0)
(-8.24564e-09 -2.55083 0)
(-8.56687e-09 -2.55083 0)
(-8.89303e-09 -2.55083 0)
(-9.22197e-09 -2.55083 0)
(-9.55084e-09 -2.55083 0)
(-9.87718e-09 -2.55083 0)
(-1.0199e-08 -2.55083 0)
(-1.05152e-08 -2.55083 0)
(-1.08242e-08 -2.55083 0)
(-1.11279e-08 -2.55083 0)
(-1.14244e-08 -2.55083 0)
(-1.17156e-08 -2.55083 0)
(-1.19993e-08 -2.55083 0)
(-1.22756e-08 -2.55083 0)
(-1.2542e-08 -2.55083 0)
(-1.27983e-08 -2.55083 0)
(-1.30418e-08 -2.55083 0)
(-1.32729e-08 -2.55083 0)
(-1.34899e-08 -2.55083 0)
(-1.3695e-08 -2.55083 0)
(-1.38907e-08 -2.55083 0)
(-1.40839e-08 -2.55083 0)
(-1.42838e-08 -2.55083 0)
(-1.45027e-08 -2.55083 0)
(-1.47529e-08 -2.55083 0)
(-1.50453e-08 -2.55083 0)
(-1.53872e-08 -2.55083 0)
(-1.57795e-08 -2.55083 0)
(-1.62186e-08 -2.55083 0)
(-1.66954e-08 -2.55083 0)
(-1.71988e-08 -2.55083 0)
(-1.77173e-08 -2.55083 0)
(-1.82416e-08 -2.55083 0)
(-1.87657e-08 -2.55083 0)
(-1.92863e-08 -2.55083 0)
(-1.98041e-08 -2.55083 0)
(-2.03205e-08 -2.55083 0)
(-2.08393e-08 -2.55083 0)
(-2.13629e-08 -2.55083 0)
(-2.18957e-08 -2.55083 0)
(-2.24401e-08 -2.55083 0)
(-2.30007e-08 -2.55083 0)
(-2.35808e-08 -2.55083 0)
(-2.41865e-08 -2.55083 0)
(-2.48227e-08 -2.55083 0)
(-2.54971e-08 -2.55083 0)
(-2.62166e-08 -2.55083 0)
(-2.69903e-08 -2.55083 0)
(-2.78268e-08 -2.55083 0)
(-2.87364e-08 -2.55083 0)
(-2.97293e-08 -2.55083 0)
(-3.08173e-08 -2.55083 0)
(-3.20129e-08 -2.55083 0)
(-3.33301e-08 -2.55083 0)
(-3.47847e-08 -2.55083 0)
(-3.63942e-08 -2.55083 0)
(-3.81786e-08 -2.55083 0)
(-4.01607e-08 -2.55083 0)
(-4.23659e-08 -2.55083 0)
(-4.48234e-08 -2.55083 0)
(-4.75659e-08 -2.55083 0)
(-5.06304e-08 -2.55083 0)
(-5.40584e-08 -2.55083 0)
(-5.78968e-08 -2.55083 0)
(-6.21977e-08 -2.55083 0)
(-6.70198e-08 -2.55083 0)
(-7.2428e-08 -2.55083 0)
(-7.84957e-08 -2.55083 0)
(-8.53033e-08 -2.55083 0)
(-9.29411e-08 -2.55083 0)
(-1.01509e-07 -2.55083 0)
(-1.11116e-07 -2.55083 0)
(-1.21884e-07 -2.55083 0)
(-1.33944e-07 -2.55083 0)
(-1.47439e-07 -2.55083 0)
(-1.62524e-07 -2.55083 0)
(-1.79365e-07 -2.55083 0)
(-1.98137e-07 -2.55083 0)
(-2.19026e-07 -2.55083 0)
(-2.42225e-07 -2.55083 0)
(-2.67928e-07 -2.55083 0)
(-2.96331e-07 -2.55083 0)
(-3.27621e-07 -2.55083 0)
(-3.61972e-07 -2.55083 0)
(-3.99534e-07 -2.55083 0)
(-4.40414e-07 -2.55083 0)
(-4.84671e-07 -2.55083 0)
(-5.32283e-07 -2.55084 0)
(-5.83135e-07 -2.55084 0)
(-6.36989e-07 -2.55084 0)
(-6.93471e-07 -2.55084 0)
(-7.52049e-07 -2.55084 0)
(-8.12045e-07 -2.55084 0)
(-8.72662e-07 -2.55084 0)
(-9.33088e-07 -2.55084 0)
(-9.92683e-07 -2.55084 0)
(-1.05134e-06 -2.55084 0)
(-1.11009e-06 -2.55084 0)
(-1.17203e-06 -2.55085 0)
(-1.24377e-06 -2.55085 0)
(-1.33725e-06 -2.55085 0)
(-1.47193e-06 -2.55085 0)
(-1.67621e-06 -2.55085 0)
(-1.98535e-06 -2.55085 0)
(-2.43033e-06 -2.55085 0)
(-2.99921e-06 -2.55086 0)
(-3.55301e-06 -2.55086 0)
(-3.59754e-06 -2.55086 0)
(-1.69881e-06 -2.55086 0)
(1.92511e-06 -2.43253 0)
(4.1154e-06 -2.43253 0)
(4.12031e-06 -2.43252 0)
(3.51159e-06 -2.43252 0)
(2.87176e-06 -2.43252 0)
(2.3734e-06 -2.43252 0)
(2.03042e-06 -2.43252 0)
(1.80729e-06 -2.43252 0)
(1.66267e-06 -2.43252 0)
(1.56347e-06 -2.43252 0)
(1.48713e-06 -2.43252 0)
(1.41985e-06 -2.43251 0)
(1.35396e-06 -2.43251 0)
(1.28575e-06 -2.43251 0)
(1.2139e-06 -2.43251 0)
(1.13862e-06 -2.43251 0)
(1.06107e-06 -2.43251 0)
(9.83003e-07 -2.43251 0)
(9.06323e-07 -2.43251 0)
(8.32731e-07 -2.43251 0)
(7.63416e-07 -2.43251 0)
(6.9895e-07 -2.43251 0)
(6.39373e-07 -2.43251 0)
(5.84388e-07 -2.4325 0)
(5.33551e-07 -2.4325 0)
(4.86391e-07 -2.4325 0)
(4.42465e-07 -2.4325 0)
(4.01382e-07 -2.4325 0)
(3.62851e-07 -2.4325 0)
(3.2673e-07 -2.4325 0)
(2.93059e-07 -2.4325 0)
(2.62014e-07 -2.4325 0)
(2.33809e-07 -2.4325 0)
(2.08578e-07 -2.4325 0)
(1.86296e-07 -2.4325 0)
(1.66775e-07 -2.4325 0)
(1.49713e-07 -2.4325 0)
(1.34774e-07 -2.4325 0)
(1.2165e-07 -2.4325 0)
(1.10094e-07 -2.4325 0)
(9.99111e-08 -2.4325 0)
(9.09493e-08 -2.4325 0)
(8.30763e-08 -2.4325 0)
(7.61703e-08 -2.4325 0)
(7.0117e-08 -2.4325 0)
(6.48097e-08 -2.4325 0)
(6.01502e-08 -2.4325 0)
(5.60528e-08 -2.4325 0)
(5.24402e-08 -2.4325 0)
(4.92475e-08 -2.4325 0)
(4.64175e-08 -2.4325 0)
(4.39023e-08 -2.4325 0)
(4.16605e-08 -2.4325 0)
(3.96575e-08 -2.4325 0)
(3.78624e-08 -2.4325 0)
(3.625e-08 -2.4325 0)
(3.47967e-08 -2.4325 0)
(3.34842e-08 -2.4325 0)
(3.22957e-08 -2.4325 0)
(3.12187e-08 -2.4325 0)
(3.02419e-08 -2.4325 0)
(2.93558e-08 -2.4325 0)
(2.85491e-08 -2.4325 0)
(2.78097e-08 -2.4325 0)
(2.71222e-08 -2.4325 0)
(2.64712e-08 -2.4325 0)
(2.58412e-08 -2.4325 0)
(2.52217e-08 -2.4325 0)
(2.4605e-08 -2.4325 0)
(2.39895e-08 -2.4325 0)
(2.33737e-08 -2.4325 0)
(2.27588e-08 -2.4325 0)
(2.21423e-08 -2.4325 0)
(2.15234e-08 -2.4325 0)
(2.08979e-08 -2.4325 0)
(2.02657e-08 -2.4325 0)
(1.96255e-08 -2.4325 0)
(1.8981e-08 -2.4325 0)
(1.83347e-08 -2.4325 0)
(1.7693e-08 -2.4325 0)
(1.7059e-08 -2.4325 0)
(1.64384e-08 -2.4325 0)
(1.58332e-08 -2.4325 0)
(1.52461e-08 -2.4325 0)
(1.46777e-08 -2.4325 0)
(1.41286e-08 -2.4325 0)
(1.35987e-08 -2.4325 0)
(1.30874e-08 -2.4325 0)
(1.25948e-08 -2.4325 0)
(1.21196e-08 -2.4325 0)
(1.16619e-08 -2.4325 0)
(1.12204e-08 -2.4325 0)
(1.07943e-08 -2.4325 0)
(1.03815e-08 -2.4325 0)
(9.98017e-09 -2.4325 0)
(9.58778e-09 -2.4325 0)
(9.20535e-09 -2.4325 0)
(8.8356e-09 -2.4325 0)
(8.49186e-09 -2.4325 0)
(8.18006e-09 -2.4325 0)
(7.91845e-09 -2.4325 0)
(7.69155e-09 -2.4325 0)
(7.50079e-09 -2.4325 0)
(7.31104e-09 -2.4325 0)
(7.12211e-09 -2.4325 0)
(6.9227e-09 -2.4325 0)
(6.73527e-09 -2.4325 0)
(6.57856e-09 -2.4325 0)
(6.48233e-09 -2.4325 0)
(6.46892e-09 -2.4325 0)
(6.56316e-09 -2.4325 0)
(6.78317e-09 -2.4325 0)
(7.13984e-09 -2.4325 0)
(7.61285e-09 -2.4325 0)
(8.13813e-09 -2.4325 0)
(8.59291e-09 -2.4325 0)
(8.82117e-09 -2.4325 0)
(8.67744e-09 -2.4325 0)
(8.08989e-09 -2.4325 0)
(7.09725e-09 -2.4325 0)
(5.84506e-09 -2.4325 0)
(4.53069e-09 -2.4325 0)
(3.3372e-09 -2.4325 0)
(2.3716e-09 -2.4325 0)
(1.65723e-09 -2.4325 0)
(1.14477e-09 -2.4325 0)
(7.64025e-10 -2.4325 0)
(4.4291e-10 -2.4325 0)
(1.42485e-10 -2.4325 0)
(-1.63517e-10 -2.4325 0)
(-4.77053e-10 -2.4325 0)
(-8.02195e-10 -2.4325 0)
(-1.1384e-09 -2.4325 0)
(-1.48536e-09 -2.4325 0)
(-1.84197e-09 -2.4325 0)
(-2.20571e-09 -2.4325 0)
(-2.57035e-09 -2.4325 0)
(-2.93483e-09 -2.4325 0)
(-3.30494e-09 -2.4325 0)
(-3.68259e-09 -2.4325 0)
(-4.08173e-09 -2.4325 0)
(-4.50267e-09 -2.4325 0)
(-4.95368e-09 -2.4325 0)
(-5.42876e-09 -2.4325 0)
(-5.92325e-09 -2.4325 0)
(-6.41827e-09 -2.4325 0)
(-6.89426e-09 -2.4325 0)
(-7.32278e-09 -2.4325 0)
(-7.68259e-09 -2.4325 0)
(-7.95684e-09 -2.4325 0)
(-8.14785e-09 -2.4325 0)
(-8.26791e-09 -2.4325 0)
(-8.34886e-09 -2.4325 0)
(-8.4203e-09 -2.4325 0)
(-8.51818e-09 -2.4325 0)
(-8.66116e-09 -2.4325 0)
(-8.86451e-09 -2.4325 0)
(-9.12477e-09 -2.4325 0)
(-9.43782e-09 -2.4325 0)
(-9.78946e-09 -2.4325 0)
(-1.01708e-08 -2.4325 0)
(-1.05703e-08 -2.4325 0)
(-1.09824e-08 -2.4325 0)
(-1.14011e-08 -2.4325 0)
(-1.18232e-08 -2.4325 0)
(-1.22456e-08 -2.4325 0)
(-1.26652e-08 -2.4325 0)
(-1.30797e-08 -2.4325 0)
(-1.34878e-08 -2.4325 0)
(-1.38879e-08 -2.4325 0)
(-1.42816e-08 -2.4325 0)
(-1.46675e-08 -2.4325 0)
(-1.50467e-08 -2.4325 0)
(-1.54168e-08 -2.4325 0)
(-1.57768e-08 -2.4325 0)
(-1.61228e-08 -2.4325 0)
(-1.64537e-08 -2.4325 0)
(-1.67651e-08 -2.4325 0)
(-1.70574e-08 -2.4325 0)
(-1.73288e-08 -2.4325 0)
(-1.75829e-08 -2.4325 0)
(-1.78243e-08 -2.4325 0)
(-1.80628e-08 -2.4325 0)
(-1.8311e-08 -2.4325 0)
(-1.85848e-08 -2.4325 0)
(-1.89006e-08 -2.4325 0)
(-1.92722e-08 -2.4325 0)
(-1.97089e-08 -2.4325 0)
(-2.02119e-08 -2.4325 0)
(-2.07764e-08 -2.4325 0)
(-2.13903e-08 -2.4325 0)
(-2.20391e-08 -2.4325 0)
(-2.27076e-08 -2.4325 0)
(-2.33836e-08 -2.4325 0)
(-2.40589e-08 -2.4325 0)
(-2.47296e-08 -2.4325 0)
(-2.53964e-08 -2.4325 0)
(-2.6061e-08 -2.4325 0)
(-2.67284e-08 -2.4325 0)
(-2.74018e-08 -2.4325 0)
(-2.80865e-08 -2.4325 0)
(-2.87859e-08 -2.4325 0)
(-2.95058e-08 -2.4325 0)
(-3.02506e-08 -2.4325 0)
(-3.10278e-08 -2.4325 0)
(-3.18442e-08 -2.4325 0)
(-3.27093e-08 -2.4325 0)
(-3.36324e-08 -2.4325 0)
(-3.4625e-08 -2.4325 0)
(-3.56983e-08 -2.4325 0)
(-3.68654e-08 -2.4325 0)
(-3.81397e-08 -2.4325 0)
(-3.95362e-08 -2.4325 0)
(-4.1071e-08 -2.4325 0)
(-4.27622e-08 -2.4325 0)
(-4.46298e-08 -2.4325 0)
(-4.66966e-08 -2.4325 0)
(-4.89882e-08 -2.4325 0)
(-5.15337e-08 -2.4325 0)
(-5.4366e-08 -2.4325 0)
(-5.75223e-08 -2.4325 0)
(-6.10449e-08 -2.4325 0)
(-6.4981e-08 -2.4325 0)
(-6.93841e-08 -2.4325 0)
(-7.43142e-08 -2.4325 0)
(-7.98383e-08 -2.4325 0)
(-8.60317e-08 -2.4325 0)
(-9.29778e-08 -2.4325 0)
(-1.0077e-07 -2.4325 0)
(-1.09513e-07 -2.4325 0)
(-1.19322e-07 -2.4325 0)
(-1.30323e-07 -2.4325 0)
(-1.4266e-07 -2.4325 0)
(-1.56486e-07 -2.4325 0)
(-1.7197e-07 -2.4325 0)
(-1.89295e-07 -2.4325 0)
(-2.08659e-07 -2.4325 0)
(-2.30273e-07 -2.4325 0)
(-2.54363e-07 -2.4325 0)
(-2.81164e-07 -2.4325 0)
(-3.10921e-07 -2.4325 0)
(-3.43883e-07 -2.4325 0)
(-3.80297e-07 -2.4325 0)
(-4.20399e-07 -2.4325 0)
(-4.64406e-07 -2.4325 0)
(-5.125e-07 -2.4325 0)
(-5.64811e-07 -2.43251 0)
(-6.21396e-07 -2.43251 0)
(-6.8221e-07 -2.43251 0)
(-7.47079e-07 -2.43251 0)
(-8.15665e-07 -2.43251 0)
(-8.87437e-07 -2.43251 0)
(-9.6165e-07 -2.43251 0)
(-1.03734e-06 -2.43251 0)
(-1.11336e-06 -2.43251 0)
(-1.18847e-06 -2.43251 0)
(-1.2616e-06 -2.43251 0)
(-1.33221e-06 -2.43251 0)
(-1.40105e-06 -2.43251 0)
(-1.47126e-06 -2.43252 0)
(-1.55007e-06 -2.43252 0)
(-1.65103e-06 -2.43252 0)
(-1.7966e-06 -2.43252 0)
(-2.01983e-06 -2.43252 0)
(-2.36195e-06 -2.43252 0)
(-2.85856e-06 -2.43252 0)
(-3.49422e-06 -2.43252 0)
(-4.10012e-06 -2.43252 0)
(-4.0967e-06 -2.43253 0)
(-1.91634e-06 -2.43253 0)
(2.04956e-06 -2.28689 0)
(4.4173e-06 -2.28689 0)
(4.47558e-06 -2.28689 0)
(3.85462e-06 -2.28689 0)
(3.19309e-06 -2.28689 0)
(2.68302e-06 -2.28689 0)
(2.33933e-06 -2.28689 0)
(2.12179e-06 -2.28689 0)
(1.98419e-06 -2.28689 0)
(1.89016e-06 -2.28689 0)
(1.81549e-06 -2.28689 0)
(1.74583e-06 -2.28688 0)
(1.67363e-06 -2.28688 0)
(1.59556e-06 -2.28688 0)
(1.51081e-06 -2.28688 0)
(1.42019e-06 -2.28688 0)
(1.32561e-06 -2.28688 0)
(1.22965e-06 -2.28688 0)
(1.13498e-06 -2.28688 0)
(1.04392e-06 -2.28688 0)
(9.58021e-07 -2.28688 0)
(8.77988e-07 -2.28688 0)
(8.03853e-07 -2.28688 0)
(7.35254e-07 -2.28688 0)
(6.71683e-07 -2.28688 0)
(6.12609e-07 -2.28688 0)
(5.57514e-07 -2.28687 0)
(5.05919e-07 -2.28687 0)
(4.57452e-07 -2.28687 0)
(4.11938e-07 -2.28687 0)
(3.69442e-07 -2.28687 0)
(3.3022e-07 -2.28687 0)
(2.94577e-07 -2.28687 0)
(2.62708e-07 -2.28687 0)
(2.34591e-07 -2.28687 0)
(2.09982e-07 -2.28687 0)
(1.88488e-07 -2.28687 0)
(1.69674e-07 -2.28687 0)
(1.53145e-07 -2.28687 0)
(1.38588e-07 -2.28687 0)
(1.2576e-07 -2.28687 0)
(1.14471e-07 -2.28687 0)
(1.04553e-07 -2.28687 0)
(9.58546e-08 -2.28687 0)
(8.823e-08 -2.28687 0)
(8.15445e-08 -2.28687 0)
(7.56749e-08 -2.28687 0)
(7.05126e-08 -2.28687 0)
(6.5961e-08 -2.28687 0)
(6.19379e-08 -2.28687 0)
(5.83717e-08 -2.28687 0)
(5.5202e-08 -2.28687 0)
(5.23769e-08 -2.28687 0)
(4.98527e-08 -2.28687 0)
(4.75908e-08 -2.28687 0)
(4.55592e-08 -2.28687 0)
(4.37289e-08 -2.28687 0)
(4.20767e-08 -2.28687 0)
(4.05821e-08 -2.28687 0)
(3.92291e-08 -2.28687 0)
(3.80035e-08 -2.28687 0)
(3.68932e-08 -2.28687 0)
(3.58838e-08 -2.28687 0)
(3.49599e-08 -2.28687 0)
(3.41019e-08 -2.28687 0)
(3.329e-08 -2.28687 0)
(3.25046e-08 -2.28687 0)
(3.17318e-08 -2.28687 0)
(3.0962e-08 -2.28687 0)
(3.01931e-08 -2.28687 0)
(2.94233e-08 -2.28687 0)
(2.8654e-08 -2.28687 0)
(2.78823e-08 -2.28687 0)
(2.71065e-08 -2.28687 0)
(2.63214e-08 -2.28687 0)
(2.55266e-08 -2.28687 0)
(2.47207e-08 -2.28687 0)
(2.39083e-08 -2.28687 0)
(2.30931e-08 -2.28687 0)
(2.22829e-08 -2.28687 0)
(2.14826e-08 -2.28687 0)
(2.06989e-08 -2.28687 0)
(1.99347e-08 -2.28687 0)
(1.91933e-08 -2.28687 0)
(1.84757e-08 -2.28687 0)
(1.77823e-08 -2.28687 0)
(1.71131e-08 -2.28687 0)
(1.64672e-08 -2.28687 0)
(1.58448e-08 -2.28687 0)
(1.52442e-08 -2.28687 0)
(1.46657e-08 -2.28687 0)
(1.41076e-08 -2.28687 0)
(1.35691e-08 -2.28687 0)
(1.30479e-08 -2.28687 0)
(1.25422e-08 -2.28687 0)
(1.20492e-08 -2.28687 0)
(1.15699e-08 -2.28687 0)
(1.11078e-08 -2.28687 0)
(1.06765e-08 -2.28687 0)
(1.0284e-08 -2.28687 0)
(9.948e-09 -2.28687 0)
(9.65452e-09 -2.28687 0)
(9.40145e-09 -2.28687 0)
(9.15315e-09 -2.28687 0)
(8.90329e-09 -2.28687 0)
(8.638e-09 -2.28687 0)
(8.37598e-09 -2.28687 0)
(8.13916e-09 -2.28687 0)
(7.9679e-09 -2.28687 0)
(7.9049e-09 -2.28687 0)
(8.00081e-09 -2.28687 0)
(8.29605e-09 -2.28687 0)
(8.80944e-09 -2.28687 0)
(9.505e-09 -2.28687 0)
(1.02784e-08 -2.28687 0)
(1.09487e-08 -2.28687 0)
(1.12994e-08 -2.28687 0)
(1.11401e-08 -2.28687 0)
(1.03846e-08 -2.28687 0)
(9.09411e-09 -2.28687 0)
(7.4667e-09 -2.28687 0)
(5.76406e-09 -2.28687 0)
(4.22487e-09 -2.28687 0)
(2.98703e-09 -2.28687 0)
(2.07784e-09 -2.28687 0)
(1.43126e-09 -2.28687 0)
(9.53895e-10 -2.28687 0)
(5.5242e-10 -2.28687 0)
(1.7567e-10 -2.28687 0)
(-2.0881e-10 -2.28687 0)
(-6.03483e-10 -2.28687 0)
(-1.01256e-09 -2.28687 0)
(-1.43441e-09 -2.28687 0)
(-1.86903e-09 -2.28687 0)
(-2.31459e-09 -2.28687 0)
(-2.76825e-09 -2.28687 0)
(-3.22301e-09 -2.28687 0)
(-3.67676e-09 -2.28687 0)
(-4.13658e-09 -2.28687 0)
(-4.60537e-09 -2.28687 0)
(-5.10061e-09 -2.28687 0)
(-5.62632e-09 -2.28687 0)
(-6.19459e-09 -2.28687 0)
(-6.80107e-09 -2.28687 0)
(-7.43927e-09 -2.28687 0)
(-8.08394e-09 -2.28687 0)
(-8.70561e-09 -2.28687 0)
(-9.26445e-09 -2.28687 0)
(-9.72934e-09 -2.28687 0)
(-1.0078e-08 -2.28687 0)
(-1.03131e-08 -2.28687 0)
(-1.04531e-08 -2.28687 0)
(-1.05401e-08 -2.28687 0)
(-1.06149e-08 -2.28687 0)
(-1.07241e-08 -2.28687 0)
(-1.08932e-08 -2.28687 0)
(-1.11408e-08 -2.28687 0)
(-1.14632e-08 -2.28687 0)
(-1.18538e-08 -2.28687 0)
(-1.22948e-08 -2.28687 0)
(-1.27737e-08 -2.28687 0)
(-1.32761e-08 -2.28687 0)
(-1.37942e-08 -2.28687 0)
(-1.43208e-08 -2.28687 0)
(-1.48517e-08 -2.28687 0)
(-1.53833e-08 -2.28687 0)
(-1.59116e-08 -2.28687 0)
(-1.64346e-08 -2.28687 0)
(-1.69502e-08 -2.28687 0)
(-1.7457e-08 -2.28687 0)
(-1.79564e-08 -2.28687 0)
(-1.84471e-08 -2.28687 0)
(-1.89301e-08 -2.28687 0)
(-1.94029e-08 -2.28687 0)
(-1.98638e-08 -2.28687 0)
(-2.03077e-08 -2.28687 0)
(-2.07314e-08 -2.28687 0)
(-2.11285e-08 -2.28687 0)
(-2.14973e-08 -2.28687 0)
(-2.18348e-08 -2.28687 0)
(-2.2145e-08 -2.28687 0)
(-2.24348e-08 -2.28687 0)
(-2.2718e-08 -2.28687 0)
(-2.30132e-08 -2.28687 0)
(-2.3342e-08 -2.28687 0)
(-2.37268e-08 -2.28687 0)
(-2.41855e-08 -2.28687 0)
(-2.47301e-08 -2.28687 0)
(-2.53616e-08 -2.28687 0)
(-2.6073e-08 -2.28687 0)
(-2.68485e-08 -2.28687 0)
(-2.76687e-08 -2.28687 0)
(-2.85141e-08 -2.28687 0)
(-2.93686e-08 -2.28687 0)
(-3.02219e-08 -2.28687 0)
(-3.1069e-08 -2.28687 0)
(-3.19107e-08 -2.28687 0)
(-3.27495e-08 -2.28687 0)
(-3.35914e-08 -2.28687 0)
(-3.44407e-08 -2.28687 0)
(-3.53039e-08 -2.28687 0)
(-3.61852e-08 -2.28687 0)
(-3.70917e-08 -2.28687 0)
(-3.80293e-08 -2.28687 0)
(-3.90069e-08 -2.28687 0)
(-4.00336e-08 -2.28687 0)
(-4.11212e-08 -2.28687 0)
(-4.22816e-08 -2.28687 0)
(-4.35293e-08 -2.28687 0)
(-4.48786e-08 -2.28687 0)
(-4.63461e-08 -2.28687 0)
(-4.79486e-08 -2.28687 0)
(-4.97049e-08 -2.28687 0)
(-5.16356e-08 -2.28687 0)
(-5.37632e-08 -2.28687 0)
(-5.61132e-08 -2.28687 0)
(-5.87139e-08 -2.28687 0)
(-6.15978e-08 -2.28687 0)
(-6.48013e-08 -2.28687 0)
(-6.8366e-08 -2.28687 0)
(-7.23388e-08 -2.28687 0)
(-7.67725e-08 -2.28687 0)
(-8.1727e-08 -2.28687 0)
(-8.72694e-08 -2.28687 0)
(-9.3475e-08 -2.28687 0)
(-1.00428e-07 -2.28687 0)
(-1.08224e-07 -2.28687 0)
(-1.16967e-07 -2.28687 0)
(-1.26775e-07 -2.28687 0)
(-1.37778e-07 -2.28687 0)
(-1.50121e-07 -2.28687 0)
(-1.63966e-07 -2.28687 0)
(-1.79488e-07 -2.28687 0)
(-1.96884e-07 -2.28687 0)
(-2.16363e-07 -2.28687 0)
(-2.38157e-07 -2.28687 0)
(-2.62512e-07 -2.28687 0)
(-2.89694e-07 -2.28687 0)
(-3.19983e-07 -2.28687 0)
(-3.53675e-07 -2.28687 0)
(-3.91073e-07 -2.28687 0)
(-4.32486e-07 -2.28687 0)
(-4.78218e-07 -2.28687 0)
(-5.28561e-07 -2.28688 0)
(-5.83776e-07 -2.28688 0)
(-6.44082e-07 -2.28688 0)
(-7.09625e-07 -2.28688 0)
(-7.80455e-07 -2.28688 0)
(-8.56485e-07 -2.28688 0)
(-9.37458e-07 -2.28688 0)
(-1.02289e-06 -2.28688 0)
(-1.11205e-06 -2.28688 0)
(-1.20389e-06 -2.28688 0)
(-1.29706e-06 -2.28688 0)
(-1.3899e-06 -2.28688 0)
(-1.48055e-06 -2.28688 0)
(-1.56723e-06 -2.28688 0)
(-1.64863e-06 -2.28688 0)
(-1.72474e-06 -2.28688 0)
(-1.79812e-06 -2.28689 0)
(-1.87583e-06 -2.28689 0)
(-1.97204e-06 -2.28689 0)
(-2.11096e-06 -2.28689 0)
(-2.329e-06 -2.28689 0)
(-2.67214e-06 -2.28689 0)
(-3.18039e-06 -2.28689 0)
(-3.83741e-06 -2.28689 0)
(-4.45442e-06 -2.28689 0)
(-4.39695e-06 -2.28689 0)
(-2.0401e-06 -2.28689 0)
(2.02007e-06 -2.10766 0)
(4.37615e-06 -2.10766 0)
(4.474e-06 -2.10766 0)
(3.90028e-06 -2.10766 0)
(3.29298e-06 -2.10766 0)
(2.84061e-06 -2.10766 0)
(2.55225e-06 -2.10766 0)
(2.38287e-06 -2.10766 0)
(2.28351e-06 -2.10766 0)
(2.21685e-06 -2.10766 0)
(2.15902e-06 -2.10766 0)
(2.09681e-06 -2.10766 0)
(2.02416e-06 -2.10766 0)
(1.93926e-06 -2.10765 0)
(1.8427e-06 -2.10765 0)
(1.73653e-06 -2.10765 0)
(1.62379e-06 -2.10765 0)
(1.50816e-06 -2.10765 0)
(1.39339e-06 -2.10765 0)
(1.28269e-06 -2.10765 0)
(1.17824e-06 -2.10765 0)
(1.08101e-06 -2.10765 0)
(9.91009e-07 -2.10765 0)
(9.07668e-07 -2.10765 0)
(8.30243e-07 -2.10765 0)
(7.58023e-07 -2.10765 0)
(6.9038e-07 -2.10765 0)
(6.2678e-07 -2.10765 0)
(5.66836e-07 -2.10765 0)
(5.10399e-07 -2.10765 0)
(4.57611e-07 -2.10765 0)
(4.08848e-07 -2.10765 0)
(3.64539e-07 -2.10765 0)
(3.2496e-07 -2.10765 0)
(2.90097e-07 -2.10765 0)
(2.59631e-07 -2.10765 0)
(2.33051e-07 -2.10764 0)
(2.09792e-07 -2.10764 0)
(1.89354e-07 -2.10764 0)
(1.71344e-07 -2.10764 0)
(1.55468e-07 -2.10764 0)
(1.41495e-07 -2.10764 0)
(1.29222e-07 -2.10764 0)
(1.1846e-07 -2.10764 0)
(1.0903e-07 -2.10764 0)
(1.00761e-07 -2.10764 0)
(9.35018e-08 -2.10764 0)
(8.71163e-08 -2.10764 0)
(8.14852e-08 -2.10764 0)
(7.65069e-08 -2.10764 0)
(7.20934e-08 -2.10764 0)
(6.81699e-08 -2.10764 0)
(6.4673e-08 -2.10764 0)
(6.15484e-08 -2.10764 0)
(5.87489e-08 -2.10764 0)
(5.62345e-08 -2.10764 0)
(5.39695e-08 -2.10764 0)
(5.1925e-08 -2.10764 0)
(5.00764e-08 -2.10764 0)
(4.84042e-08 -2.10764 0)
(4.6892e-08 -2.10764 0)
(4.55249e-08 -2.10764 0)
(4.42854e-08 -2.10764 0)
(4.31534e-08 -2.10764 0)
(4.21039e-08 -2.10764 0)
(4.1111e-08 -2.10764 0)
(4.01499e-08 -2.10764 0)
(3.9203e-08 -2.10764 0)
(3.82592e-08 -2.10764 0)
(3.73156e-08 -2.10764 0)
(3.63713e-08 -2.10764 0)
(3.54275e-08 -2.10764 0)
(3.44808e-08 -2.10764 0)
(3.3528e-08 -2.10764 0)
(3.25626e-08 -2.10764 0)
(3.15831e-08 -2.10764 0)
(3.0588e-08 -2.10764 0)
(2.9583e-08 -2.10764 0)
(2.85734e-08 -2.10764 0)
(2.7569e-08 -2.10764 0)
(2.65765e-08 -2.10764 0)
(2.56043e-08 -2.10764 0)
(2.46564e-08 -2.10764 0)
(2.37368e-08 -2.10764 0)
(2.28468e-08 -2.10764 0)
(2.19868e-08 -2.10764 0)
(2.11568e-08 -2.10764 0)
(2.03556e-08 -2.10764 0)
(1.95832e-08 -2.10764 0)
(1.88378e-08 -2.10764 0)
(1.81195e-08 -2.10764 0)
(1.74264e-08 -2.10764 0)
(1.67579e-08 -2.10764 0)
(1.61114e-08 -2.10764 0)
(1.54849e-08 -2.10764 0)
(1.4876e-08 -2.10764 0)
(1.42854e-08 -2.10764 0)
(1.37177e-08 -2.10764 0)
(1.31863e-08 -2.10764 0)
(1.2701e-08 -2.10764 0)
(1.22782e-08 -2.10764 0)
(1.19063e-08 -2.10764 0)
(1.15796e-08 -2.10764 0)
(1.12636e-08 -2.10764 0)
(1.09465e-08 -2.10764 0)
(1.06122e-08 -2.10764 0)
(1.0274e-08 -2.10764 0)
(9.95193e-09 -2.10764 0)
(9.68912e-09 -2.10764 0)
(9.54146e-09 -2.10764 0)
(9.58606e-09 -2.10764 0)
(9.9e-09 -2.10764 0)
(1.05366e-08 -2.10764 0)
(1.14714e-08 -2.10764 0)
(1.25702e-08 -2.10764 0)
(1.35774e-08 -2.10764 0)
(1.41758e-08 -2.10764 0)
(1.40858e-08 -2.10764 0)
(1.31791e-08 -2.10764 0)
(1.15401e-08 -2.10764 0)
(9.44273e-09 -2.10764 0)
(7.24592e-09 -2.10764 0)
(5.27007e-09 -2.10764 0)
(3.69613e-09 -2.10764 0)
(2.55426e-09 -2.10764 0)
(1.75362e-09 -2.10764 0)
(1.16842e-09 -2.10764 0)
(6.77663e-10 -2.10764 0)
(2.14787e-10 -2.10764 0)
(-2.59439e-10 -2.10764 0)
(-7.47569e-10 -2.10764 0)
(-1.25327e-09 -2.10764 0)
(-1.77332e-09 -2.10764 0)
(-2.30803e-09 -2.10764 0)
(-2.85496e-09 -2.10764 0)
(-3.41121e-09 -2.10764 0)
(-3.9694e-09 -2.10764 0)
(-4.52617e-09 -2.10764 0)
(-5.08949e-09 -2.10764 0)
(-5.66243e-09 -2.10764 0)
(-6.26486e-09 -2.10764 0)
(-6.90468e-09 -2.10764 0)
(-7.59892e-09 -2.10764 0)
(-8.34776e-09 -2.10764 0)
(-9.146e-09 -2.10764 0)
(-9.96441e-09 -2.10764 0)
(-1.07632e-08 -2.10764 0)
(-1.14879e-08 -2.10764 0)
(-1.2092e-08 -2.10764 0)
(-1.2542e-08 -2.10764 0)
(-1.28373e-08 -2.10764 0)
(-1.30018e-08 -2.10764 0)
(-1.30906e-08 -2.10764 0)
(-1.31603e-08 -2.10764 0)
(-1.32722e-08 -2.10764 0)
(-1.34621e-08 -2.10764 0)
(-1.37538e-08 -2.10764 0)
(-1.41431e-08 -2.10764 0)
(-1.46202e-08 -2.10764 0)
(-1.51624e-08 -2.10764 0)
(-1.57527e-08 -2.10764 0)
(-1.6373e-08 -2.10764 0)
(-1.70126e-08 -2.10764 0)
(-1.76631e-08 -2.10764 0)
(-1.83187e-08 -2.10764 0)
(-1.89756e-08 -2.10764 0)
(-1.96291e-08 -2.10764 0)
(-2.02767e-08 -2.10764 0)
(-2.0916e-08 -2.10764 0)
(-2.15457e-08 -2.10764 0)
(-2.21667e-08 -2.10764 0)
(-2.27779e-08 -2.10764 0)
(-2.33804e-08 -2.10764 0)
(-2.39715e-08 -2.10764 0)
(-2.45494e-08 -2.10764 0)
(-2.5108e-08 -2.10764 0)
(-2.56429e-08 -2.10764 0)
(-2.6145e-08 -2.10764 0)
(-2.66098e-08 -2.10764 0)
(-2.70314e-08 -2.10764 0)
(-2.74123e-08 -2.10764 0)
(-2.77597e-08 -2.10764 0)
(-2.80911e-08 -2.10764 0)
(-2.84314e-08 -2.10764 0)
(-2.8811e-08 -2.10764 0)
(-2.92614e-08 -2.10764 0)
(-2.9808e-08 -2.10764 0)
(-3.04677e-08 -2.10764 0)
(-3.1242e-08 -2.10764 0)
(-3.21214e-08 -2.10764 0)
(-3.3084e-08 -2.10764 0)
(-3.41043e-08 -2.10764 0)
(-3.5156e-08 -2.10764 0)
(-3.62184e-08 -2.10764 0)
(-3.7278e-08 -2.10764 0)
(-3.83288e-08 -2.10764 0)
(-3.93721e-08 -2.10764 0)
(-4.04117e-08 -2.10764 0)
(-4.14548e-08 -2.10764 0)
(-4.25072e-08 -2.10764 0)
(-4.35766e-08 -2.10764 0)
(-4.46682e-08 -2.10764 0)
(-4.57903e-08 -2.10764 0)
(-4.69501e-08 -2.10764 0)
(-4.81587e-08 -2.10764 0)
(-4.94271e-08 -2.10764 0)
(-5.07701e-08 -2.10764 0)
(-5.22027e-08 -2.10764 0)
(-5.37428e-08 -2.10764 0)
(-5.54085e-08 -2.10764 0)
(-5.72202e-08 -2.10764 0)
(-5.9199e-08 -2.10764 0)
(-6.1368e-08 -2.10764 0)
(-6.37529e-08 -2.10764 0)
(-6.63813e-08 -2.10764 0)
(-6.92849e-08 -2.10764 0)
(-7.24985e-08 -2.10764 0)
(-7.60623e-08 -2.10764 0)
(-8.00215e-08 -2.10764 0)
(-8.44272e-08 -2.10764 0)
(-8.93374e-08 -2.10764 0)
(-9.48177e-08 -2.10764 0)
(-1.00942e-07 -2.10764 0)
(-1.07792e-07 -2.10764 0)
(-1.15463e-07 -2.10764 0)
(-1.24058e-07 -2.10764 0)
(-1.33694e-07 -2.10764 0)
(-1.445e-07 -2.10764 0)
(-1.56622e-07 -2.10764 0)
(-1.7022e-07 -2.10765 0)
(-1.85474e-07 -2.10765 0)
(-2.02582e-07 -2.10765 0)
(-2.21761e-07 -2.10765 0)
(-2.43252e-07 -2.10765 0)
(-2.67315e-07 -2.10765 0)
(-2.94233e-07 -2.10765 0)
(-3.24309e-07 -2.10765 0)
(-3.57871e-07 -2.10765 0)
(-3.95262e-07 -2.10765 0)
(-4.36842e-07 -2.10765 0)
(-4.82983e-07 -2.10765 0)
(-5.34059e-07 -2.10765 0)
(-5.90439e-07 -2.10765 0)
(-6.5247e-07 -2.10765 0)
(-7.20463e-07 -2.10765 0)
(-7.94666e-07 -2.10765 0)
(-8.75236e-07 -2.10765 0)
(-9.62201e-07 -2.10765 0)
(-1.05541e-06 -2.10765 0)
(-1.15449e-06 -2.10765 0)
(-1.25877e-06 -2.10765 0)
(-1.36721e-06 -2.10765 0)
(-1.47838e-06 -2.10765 0)
(-1.59037e-06 -2.10765 0)
(-1.70081e-06 -2.10765 0)
(-1.80695e-06 -2.10765 0)
(-1.90586e-06 -2.10765 0)
(-1.99491e-06 -2.10766 0)
(-2.07257e-06 -2.10766 0)
(-2.13979e-06 -2.10766 0)
(-2.20205e-06 -2.10766 0)
(-2.27226e-06 -2.10766 0)
(-2.3741e-06 -2.10766 0)
(-2.54471e-06 -2.10766 0)
(-2.83272e-06 -2.10766 0)
(-3.28284e-06 -2.10766 0)
(-3.8848e-06 -2.10766 0)
(-4.45304e-06 -2.10766 0)
(-4.35485e-06 -2.10766 0)
(-2.01011e-06 -2.10766 0)
(1.75372e-06 -1.88707 0)
(3.79408e-06 -1.88707 0)
(3.89023e-06 -1.88707 0)
(3.44788e-06 -1.88708 0)
(3.01299e-06 -1.88708 0)
(2.72865e-06 -1.88708 0)
(2.58441e-06 -1.88708 0)
(2.52951e-06 -1.88708 0)
(2.51595e-06 -1.88708 0)
(2.5102e-06 -1.88708 0)
(2.49282e-06 -1.88708 0)
(2.4547e-06 -1.88708 0)
(2.39304e-06 -1.88707 0)
(2.30857e-06 -1.88707 0)
(2.20399e-06 -1.88707 0)
(2.08336e-06 -1.88707 0)
(1.95176e-06 -1.88707 0)
(1.81484e-06 -1.88707 0)
(1.67806e-06 -1.88707 0)
(1.54586e-06 -1.88707 0)
(1.42111e-06 -1.88707 0)
(1.30506e-06 -1.88707 0)
(1.1977e-06 -1.88707 0)
(1.09835e-06 -1.88707 0)
(1.00612e-06 -1.88707 0)
(9.20081e-07 -1.88707 0)
(8.39336e-07 -1.88707 0)
(7.63064e-07 -1.88707 0)
(6.90683e-07 -1.88707 0)
(6.22031e-07 -1.88707 0)
(5.57441e-07 -1.88707 0)
(4.97597e-07 -1.88707 0)
(4.4323e-07 -1.88707 0)
(3.94792e-07 -1.88707 0)
(3.52277e-07 -1.88707 0)
(3.15243e-07 -1.88707 0)
(2.82992e-07 -1.88707 0)
(2.54783e-07 -1.88707 0)
(2.29978e-07 -1.88707 0)
(2.08099e-07 -1.88707 0)
(1.88799e-07 -1.88707 0)
(1.71808e-07 -1.88707 0)
(1.56885e-07 -1.88707 0)
(1.43803e-07 -1.88707 0)
(1.32342e-07 -1.88707 0)
(1.22297e-07 -1.88707 0)
(1.1348e-07 -1.88707 0)
(1.05724e-07 -1.88707 0)
(9.8885e-08 -1.88707 0)
(9.28369e-08 -1.88707 0)
(8.74735e-08 -1.88706 0)
(8.27042e-08 -1.88706 0)
(7.84525e-08 -1.88706 0)
(7.4653e-08 -1.88706 0)
(7.12491e-08 -1.88706 0)
(6.81919e-08 -1.88706 0)
(6.54385e-08 -1.88706 0)
(6.2953e-08 -1.88706 0)
(6.07059e-08 -1.88706 0)
(5.86735e-08 -1.88706 0)
(5.68374e-08 -1.88706 0)
(5.51804e-08 -1.88706 0)
(5.3683e-08 -1.88706 0)
(5.23205e-08 -1.88706 0)
(5.10614e-08 -1.88706 0)
(4.98715e-08 -1.88706 0)
(4.87188e-08 -1.88706 0)
(4.75799e-08 -1.88706 0)
(4.64418e-08 -1.88706 0)
(4.53024e-08 -1.88706 0)
(4.41623e-08 -1.88706 0)
(4.30239e-08 -1.88706 0)
(4.18832e-08 -1.88706 0)
(4.07351e-08 -1.88706 0)
(3.95709e-08 -1.88706 0)
(3.83872e-08 -1.88706 0)
(3.7182e-08 -1.88706 0)
(3.59621e-08 -1.88706 0)
(3.47344e-08 -1.88706 0)
(3.35113e-08 -1.88706 0)
(3.23021e-08 -1.88706 0)
(3.1117e-08 -1.88706 0)
(2.99618e-08 -1.88706 0)
(2.8841e-08 -1.88706 0)
(2.77565e-08 -1.88706 0)
(2.67087e-08 -1.88706 0)
(2.56974e-08 -1.88706 0)
(2.47211e-08 -1.88706 0)
(2.37797e-08 -1.88706 0)
(2.2871e-08 -1.88706 0)
(2.19951e-08 -1.88706 0)
(2.11497e-08 -1.88706 0)
(2.03344e-08 -1.88706 0)
(1.95464e-08 -1.88706 0)
(1.87837e-08 -1.88706 0)
(1.80443e-08 -1.88706 0)
(1.7329e-08 -1.88706 0)
(1.66431e-08 -1.88706 0)
(1.59999e-08 -1.88706 0)
(1.54106e-08 -1.88706 0)
(1.48898e-08 -1.88706 0)
(1.44285e-08 -1.88706 0)
(1.40177e-08 -1.88706 0)
(1.3625e-08 -1.88706 0)
(1.32337e-08 -1.88706 0)
(1.28265e-08 -1.88706 0)
(1.24108e-08 -1.88706 0)
(1.20044e-08 -1.88706 0)
(1.16498e-08 -1.88706 0)
(1.14093e-08 -1.88706 0)
(1.13781e-08 -1.88706 0)
(1.16658e-08 -1.88706 0)
(1.23693e-08 -1.88706 0)
(1.34999e-08 -1.88706 0)
(1.49244e-08 -1.88706 0)
(1.63311e-08 -1.88706 0)
(1.72921e-08 -1.88706 0)
(1.73982e-08 -1.88706 0)
(1.64285e-08 -1.88706 0)
(1.44555e-08 -1.88706 0)
(1.18285e-08 -1.88706 0)
(9.03191e-09 -1.88706 0)
(6.50792e-09 -1.88706 0)
(4.51051e-09 -1.88706 0)
(3.08302e-09 -1.88706 0)
(2.10355e-09 -1.88706 0)
(1.40096e-09 -1.88706 0)
(8.15507e-10 -1.88706 0)
(2.59543e-10 -1.88706 0)
(-3.14145e-10 -1.88706 0)
(-9.07319e-10 -1.88706 0)
(-1.52192e-09 -1.88706 0)
(-2.15233e-09 -1.88706 0)
(-2.79895e-09 -1.88706 0)
(-3.45887e-09 -1.88706 0)
(-4.12933e-09 -1.88706 0)
(-4.80316e-09 -1.88706 0)
(-5.47585e-09 -1.88706 0)
(-6.15632e-09 -1.88706 0)
(-6.84737e-09 -1.88706 0)
(-7.57023e-09 -1.88706 0)
(-8.33576e-09 -1.88706 0)
(-9.16543e-09 -1.88706 0)
(-1.00649e-08 -1.88706 0)
(-1.10325e-08 -1.88706 0)
(-1.20383e-08 -1.88706 0)
(-1.30348e-08 -1.88706 0)
(-1.39534e-08 -1.88706 0)
(-1.47291e-08 -1.88706 0)
(-1.53123e-08 -1.88706 0)
(-1.56934e-08 -1.88706 0)
(-1.58975e-08 -1.88706 0)
(-1.59919e-08 -1.88706 0)
(-1.60514e-08 -1.88706 0)
(-1.61569e-08 -1.88706 0)
(-1.63592e-08 -1.88706 0)
(-1.66901e-08 -1.88706 0)
(-1.7147e-08 -1.88706 0)
(-1.77164e-08 -1.88706 0)
(-1.83696e-08 -1.88706 0)
(-1.90836e-08 -1.88706 0)
(-1.98356e-08 -1.88706 0)
(-2.06113e-08 -1.88706 0)
(-2.14005e-08 -1.88706 0)
(-2.21958e-08 -1.88706 0)
(-2.29931e-08 -1.88706 0)
(-2.37867e-08 -1.88706 0)
(-2.45743e-08 -1.88706 0)
(-2.53525e-08 -1.88706 0)
(-2.61202e-08 -1.88706 0)
(-2.68777e-08 -1.88706 0)
(-2.76243e-08 -1.88706 0)
(-2.83605e-08 -1.88706 0)
(-2.90841e-08 -1.88706 0)
(-2.97932e-08 -1.88706 0)
(-3.04808e-08 -1.88706 0)
(-3.11417e-08 -1.88706 0)
(-3.17648e-08 -1.88706 0)
(-3.23427e-08 -1.88706 0)
(-3.28665e-08 -1.88706 0)
(-3.33355e-08 -1.88706 0)
(-3.37557e-08 -1.88706 0)
(-3.4146e-08 -1.88706 0)
(-3.45364e-08 -1.88706 0)
(-3.4966e-08 -1.88706 0)
(-3.54777e-08 -1.88706 0)
(-3.61076e-08 -1.88706 0)
(-3.68816e-08 -1.88706 0)
(-3.78046e-08 -1.88706 0)
(-3.88657e-08 -1.88706 0)
(-4.00369e-08 -1.88706 0)
(-4.12839e-08 -1.88706 0)
(-4.25713e-08 -1.88706 0)
(-4.38713e-08 -1.88706 0)
(-4.51659e-08 -1.88706 0)
(-4.64476e-08 -1.88706 0)
(-4.77182e-08 -1.88706 0)
(-4.89832e-08 -1.88706 0)
(-5.02523e-08 -1.88706 0)
(-5.15329e-08 -1.88706 0)
(-5.28342e-08 -1.88706 0)
(-5.41627e-08 -1.88706 0)
(-5.55278e-08 -1.88706 0)
(-5.69382e-08 -1.88706 0)
(-5.84068e-08 -1.88706 0)
(-5.99471e-08 -1.88706 0)
(-6.15768e-08 -1.88706 0)
(-6.33146e-08 -1.88706 0)
(-6.51822e-08 -1.88706 0)
(-6.7202e-08 -1.88706 0)
(-6.93988e-08 -1.88707 0)
(-7.17986e-08 -1.88707 0)
(-7.44297e-08 -1.88707 0)
(-7.7323e-08 -1.88707 0)
(-8.05123e-08 -1.88707 0)
(-8.40359e-08 -1.88707 0)
(-8.79362e-08 -1.88707 0)
(-9.22618e-08 -1.88707 0)
(-9.70675e-08 -1.88707 0)
(-1.02416e-07 -1.88707 0)
(-1.08376e-07 -1.88707 0)
(-1.15029e-07 -1.88707 0)
(-1.22464e-07 -1.88707 0)
(-1.30781e-07 -1.88707 0)
(-1.40093e-07 -1.88707 0)
(-1.50527e-07 -1.88707 0)
(-1.62224e-07 -1.88707 0)
(-1.75342e-07 -1.88707 0)
(-1.90057e-07 -1.88707 0)
(-2.06562e-07 -1.88707 0)
(-2.25076e-07 -1.88707 0)
(-2.45838e-07 -1.88707 0)
(-2.69111e-07 -1.88707 0)
(-2.95186e-07 -1.88707 0)
(-3.24377e-07 -1.88707 0)
(-3.57026e-07 -1.88707 0)
(-3.93499e-07 -1.88707 0)
(-4.3419e-07 -1.88707 0)
(-4.79512e-07 -1.88707 0)
(-5.29897e-07 -1.88707 0)
(-5.8579e-07 -1.88707 0)
(-6.47636e-07 -1.88707 0)
(-7.1587e-07 -1.88707 0)
(-7.90898e-07 -1.88707 0)
(-8.73077e-07 -1.88707 0)
(-9.62679e-07 -1.88707 0)
(-1.05986e-06 -1.88707 0)
(-1.1646e-06 -1.88707 0)
(-1.27667e-06 -1.88707 0)
(-1.39551e-06 -1.88707 0)
(-1.52019e-06 -1.88707 0)
(-1.64929e-06 -1.88707 0)
(-1.78084e-06 -1.88707 0)
(-1.91217e-06 -1.88707 0)
(-2.03992e-06 -1.88707 0)
(-2.16002e-06 -1.88707 0)
(-2.26785e-06 -1.88707 0)
(-2.35862e-06 -1.88708 0)
(-2.42814e-06 -1.88708 0)
(-2.47409e-06 -1.88708 0)
(-2.49813e-06 -1.88708 0)
(-2.50886e-06 -1.88708 0)
(-2.52559e-06 -1.88708 0)
(-2.5819e-06 -1.88708 0)
(-2.72564e-06 -1.88708 0)
(-3.00731e-06 -1.88708 0)
(-3.43632e-06 -1.88708 0)
(-3.87188e-06 -1.88707 0)
(-3.77382e-06 -1.88707 0)
(-1.74402e-06 -1.88707 0)
(1.13937e-06 -1.61559 0)
(2.41427e-06 -1.61559 0)
(2.44253e-06 -1.61559 0)
(2.25125e-06 -1.6156 0)
(2.16007e-06 -1.6156 0)
(2.20399e-06 -1.6156 0)
(2.33245e-06 -1.6156 0)
(2.48743e-06 -1.6156 0)
(2.62715e-06 -1.6156 0)
(2.72856e-06 -1.6156 0)
(2.78298e-06 -1.6156 0)
(2.79049e-06 -1.6156 0)
(2.75528e-06 -1.6156 0)
(2.68272e-06 -1.6156 0)
(2.57839e-06 -1.6156 0)
(2.44843e-06 -1.6156 0)
(2.30006e-06 -1.6156 0)
(2.14153e-06 -1.6156 0)
(1.98107e-06 -1.6156 0)
(1.82549e-06 -1.6156 0)
(1.67902e-06 -1.6156 0)
(1.54325e-06 -1.6156 0)
(1.41788e-06 -1.6156 0)
(1.3018e-06 -1.61559 0)
(1.19388e-06 -1.61559 0)
(1.09316e-06 -1.61559 0)
(9.98714e-07 -1.61559 0)
(9.09502e-07 -1.61559 0)
(8.24579e-07 -1.61559 0)
(7.43476e-07 -1.61559 0)
(6.66487e-07 -1.61559 0)
(5.94589e-07 -1.61559 0)
(5.28986e-07 -1.61559 0)
(4.7055e-07 -1.61559 0)
(4.19465e-07 -1.61559 0)
(3.75211e-07 -1.61559 0)
(3.36844e-07 -1.61559 0)
(3.03347e-07 -1.61559 0)
(2.73876e-07 -1.61559 0)
(2.47842e-07 -1.61559 0)
(2.24844e-07 -1.61559 0)
(2.04583e-07 -1.61559 0)
(1.8679e-07 -1.61559 0)
(1.71196e-07 -1.61559 0)
(1.57539e-07 -1.61559 0)
(1.45571e-07 -1.61559 0)
(1.35068e-07 -1.61559 0)
(1.25832e-07 -1.61559 0)
(1.17689e-07 -1.61559 0)
(1.10487e-07 -1.61559 0)
(1.041e-07 -1.61559 0)
(9.84183e-08 -1.61559 0)
(9.33518e-08 -1.61559 0)
(8.8823e-08 -1.61559 0)
(8.47649e-08 -1.61559 0)
(8.112e-08 -1.61559 0)
(7.78376e-08 -1.61559 0)
(7.48745e-08 -1.61559 0)
(7.21958e-08 -1.61559 0)
(6.97734e-08 -1.61559 0)
(6.75862e-08 -1.61559 0)
(6.5615e-08 -1.61559 0)
(6.38386e-08 -1.61559 0)
(6.22281e-08 -1.61559 0)
(6.07459e-08 -1.61559 0)
(5.93482e-08 -1.61559 0)
(5.79938e-08 -1.61559 0)
(5.66517e-08 -1.61559 0)
(5.53057e-08 -1.61559 0)
(5.39542e-08 -1.61559 0)
(5.26007e-08 -1.61559 0)
(5.12501e-08 -1.61559 0)
(4.98988e-08 -1.61559 0)
(4.85401e-08 -1.61559 0)
(4.7162e-08 -1.61559 0)
(4.57589e-08 -1.61559 0)
(4.43275e-08 -1.61559 0)
(4.28752e-08 -1.61559 0)
(4.14109e-08 -1.61559 0)
(3.99501e-08 -1.61559 0)
(3.85047e-08 -1.61559 0)
(3.70874e-08 -1.61559 0)
(3.57058e-08 -1.61559 0)
(3.43656e-08 -1.61559 0)
(3.30691e-08 -1.61559 0)
(3.18164e-08 -1.61559 0)
(3.06077e-08 -1.61559 0)
(2.94406e-08 -1.61559 0)
(2.83154e-08 -1.61559 0)
(2.72289e-08 -1.61559 0)
(2.61816e-08 -1.61559 0)
(2.51706e-08 -1.61559 0)
(2.41957e-08 -1.61559 0)
(2.32539e-08 -1.61559 0)
(2.23435e-08 -1.61559 0)
(2.14625e-08 -1.61559 0)
(2.06122e-08 -1.61559 0)
(1.97986e-08 -1.61559 0)
(1.90351e-08 -1.61559 0)
(1.83336e-08 -1.61559 0)
(1.77076e-08 -1.61559 0)
(1.71494e-08 -1.61559 0)
(1.6648e-08 -1.61559 0)
(1.61727e-08 -1.61559 0)
(1.57029e-08 -1.61559 0)
(1.52198e-08 -1.61559 0)
(1.47256e-08 -1.61559 0)
(1.42354e-08 -1.61559 0)
(1.37913e-08 -1.61559 0)
(1.34611e-08 -1.61559 0)
(1.33546e-08 -1.61559 0)
(1.36083e-08 -1.61559 0)
(1.43575e-08 -1.61559 0)
(1.56518e-08 -1.61559 0)
(1.73727e-08 -1.61559 0)
(1.9173e-08 -1.61559 0)
(2.05287e-08 -1.61559 0)
(2.08981e-08 -1.61559 0)
(1.99423e-08 -1.61559 0)
(1.76875e-08 -1.61559 0)
(1.45333e-08 -1.61559 0)
(1.10891e-08 -1.61559 0)
(7.93954e-09 -1.61559 0)
(5.44008e-09 -1.61559 0)
(3.66834e-09 -1.61559 0)
(2.47693e-09 -1.61559 0)
(1.64331e-09 -1.61559 0)
(9.58422e-10 -1.61559 0)
(3.05793e-10 -1.61559 0)
(-3.73307e-10 -1.61559 0)
(-1.07974e-09 -1.61559 0)
(-1.81266e-09 -1.61559 0)
(-2.56301e-09 -1.61559 0)
(-3.33083e-09 -1.61559 0)
(-4.11279e-09 -1.61559 0)
(-4.90635e-09 -1.61559 0)
(-5.70502e-09 -1.61559 0)
(-6.50328e-09 -1.61559 0)
(-7.31133e-09 -1.61559 0)
(-8.13161e-09 -1.61559 0)
(-8.98653e-09 -1.61559 0)
(-9.88917e-09 -1.61559 0)
(-1.08647e-08 -1.61559 0)
(-1.19237e-08 -1.61559 0)
(-1.30682e-08 -1.61559 0)
(-1.42688e-08 -1.61559 0)
(-1.54721e-08 -1.61559 0)
(-1.65974e-08 -1.61559 0)
(-1.75622e-08 -1.61559 0)
(-1.82993e-08 -1.61559 0)
(-1.8787e-08 -1.61559 0)
(-1.90481e-08 -1.61559 0)
(-1.9159e-08 -1.61559 0)
(-1.92116e-08 -1.61559 0)
(-1.93082e-08 -1.61559 0)
(-1.9517e-08 -1.61559 0)
(-1.98822e-08 -1.61559 0)
(-2.04042e-08 -1.61559 0)
(-2.10674e-08 -1.61559 0)
(-2.18368e-08 -1.61559 0)
(-2.26824e-08 -1.61559 0)
(-2.35758e-08 -1.61559 0)
(-2.44981e-08 -1.61559 0)
(-2.54372e-08 -1.61559 0)
(-2.63834e-08 -1.61559 0)
(-2.73325e-08 -1.61559 0)
(-2.82777e-08 -1.61559 0)
(-2.92167e-08 -1.61559 0)
(-3.01454e-08 -1.61559 0)
(-3.10625e-08 -1.61559 0)
(-3.19678e-08 -1.61559 0)
(-3.28607e-08 -1.61559 0)
(-3.37417e-08 -1.61559 0)
(-3.46083e-08 -1.61559 0)
(-3.54588e-08 -1.61559 0)
(-3.62855e-08 -1.61559 0)
(-3.70825e-08 -1.61559 0)
(-3.78365e-08 -1.61559 0)
(-3.85382e-08 -1.61559 0)
(-3.91752e-08 -1.61559 0)
(-3.97441e-08 -1.61559 0)
(-4.02489e-08 -1.61559 0)
(-4.07086e-08 -1.61559 0)
(-4.11573e-08 -1.61559 0)
(-4.16414e-08 -1.61559 0)
(-4.22152e-08 -1.61559 0)
(-4.29267e-08 -1.61559 0)
(-4.38129e-08 -1.61559 0)
(-4.4885e-08 -1.61559 0)
(-4.61334e-08 -1.61559 0)
(-4.75246e-08 -1.61559 0)
(-4.90157e-08 -1.61559 0)
(-5.05604e-08 -1.61559 0)
(-5.21217e-08 -1.61559 0)
(-5.36751e-08 -1.61559 0)
(-5.52101e-08 -1.61559 0)
(-5.67288e-08 -1.61559 0)
(-5.82389e-08 -1.61559 0)
(-5.97527e-08 -1.61559 0)
(-6.128e-08 -1.61559 0)
(-6.28325e-08 -1.61559 0)
(-6.44175e-08 -1.61559 0)
(-6.60462e-08 -1.61559 0)
(-6.77282e-08 -1.61559 0)
(-6.94789e-08 -1.61559 0)
(-7.13138e-08 -1.61559 0)
(-7.32541e-08 -1.61559 0)
(-7.53221e-08 -1.61559 0)
(-7.75437e-08 -1.61559 0)
(-7.99459e-08 -1.61559 0)
(-8.25586e-08 -1.61559 0)
(-8.5413e-08 -1.61559 0)
(-8.85427e-08 -1.61559 0)
(-9.19851e-08 -1.61559 0)
(-9.57798e-08 -1.61559 0)
(-9.9973e-08 -1.61559 0)
(-1.04615e-07 -1.61559 0)
(-1.09763e-07 -1.61559 0)
(-1.15483e-07 -1.61559 0)
(-1.21849e-07 -1.61559 0)
(-1.28944e-07 -1.61559 0)
(-1.36863e-07 -1.61559 0)
(-1.45713e-07 -1.61559 0)
(-1.55613e-07 -1.61559 0)
(-1.66698e-07 -1.61559 0)
(-1.79117e-07 -1.61559 0)
(-1.9304e-07 -1.61559 0)
(-2.08654e-07 -1.61559 0)
(-2.26166e-07 -1.61559 0)
(-2.45808e-07 -1.61559 0)
(-2.67839e-07 -1.61559 0)
(-2.92542e-07 -1.61559 0)
(-3.2023e-07 -1.61559 0)
(-3.51246e-07 -1.61559 0)
(-3.85963e-07 -1.61559 0)
(-4.24786e-07 -1.61559 0)
(-4.68146e-07 -1.61559 0)
(-5.16508e-07 -1.61559 0)
(-5.70359e-07 -1.61559 0)
(-6.30206e-07 -1.61559 0)
(-6.96568e-07 -1.61559 0)
(-7.69963e-07 -1.61559 0)
(-8.50894e-07 -1.61559 0)
(-9.39823e-07 -1.61559 0)
(-1.03714e-06 -1.61559 0)
(-1.14315e-06 -1.61559 0)
(-1.25796e-06 -1.61559 0)
(-1.38151e-06 -1.6156 0)
(-1.51342e-06 -1.6156 0)
(-1.6529e-06 -1.6156 0)
(-1.79869e-06 -1.6156 0)
(-1.94886e-06 -1.6156 0)
(-2.10071e-06 -1.6156 0)
(-2.25059e-06 -1.6156 0)
(-2.39378e-06 -1.6156 0)
(-2.52438e-06 -1.6156 0)
(-2.6353e-06 -1.6156 0)
(-2.71853e-06 -1.6156 0)
(-2.76558e-06 -1.6156 0)
(-2.76861e-06 -1.6156 0)
(-2.72218e-06 -1.6156 0)
(-2.62617e-06 -1.6156 0)
(-2.48982e-06 -1.6156 0)
(-2.33664e-06 -1.6156 0)
(-2.20835e-06 -1.6156 0)
(-2.1625e-06 -1.6156 0)
(-2.24836e-06 -1.6156 0)
(-2.43197e-06 -1.61559 0)
(-2.39904e-06 -1.61559 0)
(-1.13136e-06 -1.61559 0)
(1.52222e-07 -1.31602 0)
(2.01276e-07 -1.31603 0)
(1.21977e-07 -1.31603 0)
(3.16176e-07 -1.31603 0)
(7.37762e-07 -1.31604 0)
(1.25834e-06 -1.31604 0)
(1.77373e-06 -1.31604 0)
(2.22112e-06 -1.31604 0)
(2.57167e-06 -1.31604 0)
(2.81942e-06 -1.31604 0)
(2.97186e-06 -1.31604 0)
(3.04258e-06 -1.31604 0)
(3.04611e-06 -1.31604 0)
(2.99498e-06 -1.31604 0)
(2.89919e-06 -1.31604 0)
(2.76746e-06 -1.31604 0)
(2.60898e-06 -1.31604 0)
(2.43416e-06 -1.31604 0)
(2.25387e-06 -1.31604 0)
(2.07751e-06 -1.31604 0)
(1.9113e-06 -1.31604 0)
(1.75772e-06 -1.31604 0)
(1.61639e-06 -1.31604 0)
(1.48566e-06 -1.31604 0)
(1.36394e-06 -1.31604 0)
(1.25006e-06 -1.31604 0)
(1.1431e-06 -1.31603 0)
(1.04202e-06 -1.31603 0)
(9.45732e-07 -1.31603 0)
(8.53554e-07 -1.31603 0)
(7.65663e-07 -1.31603 0)
(6.83144e-07 -1.31603 0)
(6.07507e-07 -1.31603 0)
(5.39983e-07 -1.31603 0)
(4.80984e-07 -1.31603 0)
(4.30016e-07 -1.31603 0)
(3.85977e-07 -1.31603 0)
(3.4762e-07 -1.31603 0)
(3.13898e-07 -1.31603 0)
(2.84089e-07 -1.31603 0)
(2.57731e-07 -1.31603 0)
(2.34496e-07 -1.31603 0)
(2.14088e-07 -1.31603 0)
(1.96205e-07 -1.31603 0)
(1.80546e-07 -1.31603 0)
(1.66826e-07 -1.31603 0)
(1.54786e-07 -1.31603 0)
(1.44201e-07 -1.31603 0)
(1.34868e-07 -1.31603 0)
(1.26616e-07 -1.31603 0)
(1.19297e-07 -1.31603 0)
(1.12786e-07 -1.31603 0)
(1.06979e-07 -1.31603 0)
(1.01787e-07 -1.31603 0)
(9.71335e-08 -1.31603 0)
(9.29527e-08 -1.31603 0)
(8.91869e-08 -1.31603 0)
(8.57868e-08 -1.31603 0)
(8.2713e-08 -1.31603 0)
(7.9934e-08 -1.31603 0)
(7.74273e-08 -1.31603 0)
(7.51721e-08 -1.31603 0)
(7.31456e-08 -1.31603 0)
(7.1314e-08 -1.31603 0)
(6.9633e-08 -1.31603 0)
(6.80494e-08 -1.31603 0)
(6.65129e-08 -1.31603 0)
(6.49856e-08 -1.31603 0)
(6.34485e-08 -1.31603 0)
(6.19013e-08 -1.31603 0)
(6.03503e-08 -1.31603 0)
(5.88033e-08 -1.31603 0)
(5.72569e-08 -1.31603 0)
(5.57031e-08 -1.31603 0)
(5.41266e-08 -1.31603 0)
(5.25199e-08 -1.31603 0)
(5.0878e-08 -1.31603 0)
(4.92098e-08 -1.31603 0)
(4.75256e-08 -1.31603 0)
(4.58439e-08 -1.31603 0)
(4.41792e-08 -1.31603 0)
(4.25466e-08 -1.31603 0)
(4.09553e-08 -1.31603 0)
(3.94116e-08 -1.31603 0)
(3.79189e-08 -1.31603 0)
(3.64766e-08 -1.31603 0)
(3.50854e-08 -1.31603 0)
(3.37419e-08 -1.31603 0)
(3.24468e-08 -1.31603 0)
(3.11962e-08 -1.31603 0)
(2.99908e-08 -1.31603 0)
(2.88273e-08 -1.31603 0)
(2.77056e-08 -1.31603 0)
(2.66226e-08 -1.31603 0)
(2.55765e-08 -1.31603 0)
(2.4566e-08 -1.31603 0)
(2.35922e-08 -1.31603 0)
(2.26621e-08 -1.31603 0)
(2.17894e-08 -1.31603 0)
(2.09866e-08 -1.31603 0)
(2.02666e-08 -1.31603 0)
(1.96225e-08 -1.31603 0)
(1.90417e-08 -1.31603 0)
(1.84943e-08 -1.31603 0)
(1.79566e-08 -1.31603 0)
(1.74076e-08 -1.31603 0)
(1.68452e-08 -1.31603 0)
(1.62812e-08 -1.31603 0)
(1.57582e-08 -1.31603 0)
(1.535e-08 -1.31603 0)
(1.51826e-08 -1.31603 0)
(1.54188e-08 -1.31603 0)
(1.62281e-08 -1.31603 0)
(1.76887e-08 -1.31603 0)
(1.96864e-08 -1.31603 0)
(2.18346e-08 -1.31603 0)
(2.35235e-08 -1.31603 0)
(2.41005e-08 -1.31603 0)
(2.31334e-08 -1.31603 0)
(2.06155e-08 -1.31603 0)
(1.69915e-08 -1.31603 0)
(1.29752e-08 -1.31603 0)
(9.26978e-09 -1.31603 0)
(6.31691e-09 -1.31603 0)
(4.22626e-09 -1.31603 0)
(2.8319e-09 -1.31603 0)
(1.86982e-09 -1.31603 0)
(1.08815e-09 -1.31603 0)
(3.44534e-10 -1.31603 0)
(-4.31958e-10 -1.31603 0)
(-1.24227e-09 -1.31603 0)
(-2.08373e-09 -1.31603 0)
(-2.9442e-09 -1.31603 0)
(-3.8233e-09 -1.31603 0)
(-4.7173e-09 -1.31603 0)
(-5.62374e-09 -1.31603 0)
(-6.53706e-09 -1.31603 0)
(-7.45058e-09 -1.31603 0)
(-8.37615e-09 -1.31603 0)
(-9.31566e-09 -1.31603 0)
(-1.02931e-08 -1.31603 0)
(-1.13234e-08 -1.31603 0)
(-1.24354e-08 -1.31603 0)
(-1.36431e-08 -1.31603 0)
(-1.49514e-08 -1.31603 0)
(-1.63302e-08 -1.31603 0)
(-1.77202e-08 -1.31603 0)
(-1.90296e-08 -1.31603 0)
(-2.01615e-08 -1.31603 0)
(-2.10344e-08 -1.31603 0)
(-2.16174e-08 -1.31603 0)
(-2.19312e-08 -1.31603 0)
(-2.20609e-08 -1.31603 0)
(-2.21118e-08 -1.31603 0)
(-2.22043e-08 -1.31603 0)
(-2.24214e-08 -1.31603 0)
(-2.28181e-08 -1.31603 0)
(-2.3398e-08 -1.31603 0)
(-2.41447e-08 -1.31603 0)
(-2.50179e-08 -1.31603 0)
(-2.59819e-08 -1.31603 0)
(-2.70034e-08 -1.31603 0)
(-2.8059e-08 -1.31603 0)
(-2.91348e-08 -1.31603 0)
(-3.02189e-08 -1.31603 0)
(-3.1307e-08 -1.31603 0)
(-3.2391e-08 -1.31603 0)
(-3.34687e-08 -1.31603 0)
(-3.45352e-08 -1.31603 0)
(-3.5589e-08 -1.31603 0)
(-3.66297e-08 -1.31603 0)
(-3.76563e-08 -1.31603 0)
(-3.86698e-08 -1.31603 0)
(-3.9667e-08 -1.31603 0)
(-4.0647e-08 -1.31603 0)
(-4.16005e-08 -1.31603 0)
(-4.25214e-08 -1.31603 0)
(-4.33942e-08 -1.31603 0)
(-4.42076e-08 -1.31603 0)
(-4.49462e-08 -1.31603 0)
(-4.56042e-08 -1.31603 0)
(-4.6184e-08 -1.31603 0)
(-4.67051e-08 -1.31603 0)
(-4.72057e-08 -1.31603 0)
(-4.77387e-08 -1.31603 0)
(-4.83689e-08 -1.31603 0)
(-4.91544e-08 -1.31603 0)
(-5.01427e-08 -1.31603 0)
(-5.13503e-08 -1.31603 0)
(-5.27692e-08 -1.31603 0)
(-5.4361e-08 -1.31603 0)
(-5.60756e-08 -1.31603 0)
(-5.78566e-08 -1.31603 0)
(-5.96585e-08 -1.31603 0)
(-6.14506e-08 -1.31603 0)
(-6.32194e-08 -1.31603 0)
(-6.4967e-08 -1.31603 0)
(-6.67025e-08 -1.31603 0)
(-6.84412e-08 -1.31603 0)
(-7.01948e-08 -1.31603 0)
(-7.19773e-08 -1.31603 0)
(-7.37969e-08 -1.31603 0)
(-7.56666e-08 -1.31603 0)
(-7.75969e-08 -1.31603 0)
(-7.96052e-08 -1.31603 0)
(-8.17092e-08 -1.31603 0)
(-8.39332e-08 -1.31603 0)
(-8.63026e-08 -1.31603 0)
(-8.88475e-08 -1.31603 0)
(-9.15991e-08 -1.31603 0)
(-9.45915e-08 -1.31603 0)
(-9.78611e-08 -1.31603 0)
(-1.01446e-07 -1.31603 0)
(-1.0539e-07 -1.31603 0)
(-1.09737e-07 -1.31603 0)
(-1.14541e-07 -1.31603 0)
(-1.1986e-07 -1.31603 0)
(-1.25759e-07 -1.31603 0)
(-1.32313e-07 -1.31603 0)
(-1.39608e-07 -1.31603 0)
(-1.47737e-07 -1.31603 0)
(-1.56811e-07 -1.31603 0)
(-1.66951e-07 -1.31603 0)
(-1.78294e-07 -1.31603 0)
(-1.90995e-07 -1.31603 0)
(-2.05224e-07 -1.31603 0)
(-2.21176e-07 -1.31603 0)
(-2.39062e-07 -1.31603 0)
(-2.59123e-07 -1.31603 0)
(-2.81623e-07 -1.31603 0)
(-3.06855e-07 -1.31603 0)
(-3.35144e-07 -1.31603 0)
(-3.6685e-07 -1.31603 0)
(-4.0236e-07 -1.31603 0)
(-4.42102e-07 -1.31603 0)
(-4.86535e-07 -1.31603 0)
(-5.36151e-07 -1.31603 0)
(-5.91477e-07 -1.31603 0)
(-6.53064e-07 -1.31603 0)
(-7.21484e-07 -1.31603 0)
(-7.97324e-07 -1.31603 0)
(-8.81162e-07 -1.31603 0)
(-9.73555e-07 -1.31603 0)
(-1.07501e-06 -1.31604 0)
(-1.18594e-06 -1.31604 0)
(-1.30665e-06 -1.31604 0)
(-1.43722e-06 -1.31604 0)
(-1.57749e-06 -1.31604 0)
(-1.72692e-06 -1.31604 0)
(-1.88448e-06 -1.31604 0)
(-2.04851e-06 -1.31604 0)
(-2.21653e-06 -1.31604 0)
(-2.38505e-06 -1.31604 0)
(-2.54929e-06 -1.31604 0)
(-2.70297e-06 -1.31604 0)
(-2.83806e-06 -1.31604 0)
(-2.94453e-06 -1.31604 0)
(-3.01033e-06 -1.31604 0)
(-3.0215e-06 -1.31604 0)
(-2.96279e-06 -1.31604 0)
(-2.81893e-06 -1.31604 0)
(-2.57706e-06 -1.31604 0)
(-2.23083e-06 -1.31604 0)
(-1.78682e-06 -1.31604 0)
(-1.27368e-06 -1.31604 0)
(-7.53453e-07 -1.31604 0)
(-3.28389e-07 -1.31603 0)
(-1.26547e-07 -1.31603 0)
(-1.97759e-07 -1.31603 0)
(-1.4871e-07 -1.31602 0)
(-9.4272e-07 -1.04453 0)
(-2.20291e-06 -1.04453 0)
(-2.3294e-06 -1.04454 0)
(-1.69582e-06 -1.04454 0)
(-7.40451e-07 -1.04454 0)
(2.55635e-07 -1.04455 0)
(1.14725e-06 -1.04455 0)
(1.87445e-06 -1.04455 0)
(2.42499e-06 -1.04455 0)
(2.81131e-06 -1.04455 0)
(3.05696e-06 -1.04455 0)
(3.18843e-06 -1.04455 0)
(3.22989e-06 -1.04455 0)
(3.20064e-06 -1.04455 0)
(3.11517e-06 -1.04455 0)
(2.98512e-06 -1.04455 0)
(2.82182e-06 -1.04455 0)
(2.63758e-06 -1.04455 0)
(2.44514e-06 -1.04455 0)
(2.25558e-06 -1.04455 0)
(2.07637e-06 -1.04455 0)
(1.91065e-06 -1.04455 0)
(1.75816e-06 -1.04454 0)
(1.61712e-06 -1.04454 0)
(1.48565e-06 -1.04454 0)
(1.36245e-06 -1.04454 0)
(1.24648e-06 -1.04454 0)
(1.13665e-06 -1.04454 0)
(1.03184e-06 -1.04454 0)
(9.31377e-07 -1.04454 0)
(8.35527e-07 -1.04454 0)
(7.4552e-07 -1.04454 0)
(6.63021e-07 -1.04454 0)
(5.89367e-07 -1.04454 0)
(5.24998e-07 -1.04454 0)
(4.69366e-07 -1.04454 0)
(4.21276e-07 -1.04454 0)
(3.7938e-07 -1.04454 0)
(3.42548e-07 -1.04454 0)
(3.10001e-07 -1.04454 0)
(2.81233e-07 -1.04454 0)
(2.5588e-07 -1.04454 0)
(2.33616e-07 -1.04454 0)
(2.14108e-07 -1.04454 0)
(1.97025e-07 -1.04454 0)
(1.82057e-07 -1.04454 0)
(1.68922e-07 -1.04454 0)
(1.57373e-07 -1.04454 0)
(1.47193e-07 -1.04454 0)
(1.38191e-07 -1.04454 0)
(1.30209e-07 -1.04454 0)
(1.23108e-07 -1.04454 0)
(1.16774e-07 -1.04454 0)
(1.1111e-07 -1.04454 0)
(1.06033e-07 -1.04454 0)
(1.0147e-07 -1.04454 0)
(9.73583e-08 -1.04454 0)
(9.3644e-08 -1.04454 0)
(9.02857e-08 -1.04454 0)
(8.72504e-08 -1.04454 0)
(8.45162e-08 -1.04454 0)
(8.2062e-08 -1.04454 0)
(7.98633e-08 -1.04454 0)
(7.78812e-08 -1.04454 0)
(7.60639e-08 -1.04454 0)
(7.43493e-08 -1.04454 0)
(7.26802e-08 -1.04454 0)
(7.10153e-08 -1.04454 0)
(6.93356e-08 -1.04454 0)
(6.76438e-08 -1.04454 0)
(6.59486e-08 -1.04454 0)
(6.42595e-08 -1.04454 0)
(6.25714e-08 -1.04454 0)
(6.08751e-08 -1.04454 0)
(5.91522e-08 -1.04454 0)
(5.73945e-08 -1.04454 0)
(5.55962e-08 -1.04454 0)
(5.37682e-08 -1.04454 0)
(5.19219e-08 -1.04454 0)
(5.00785e-08 -1.04454 0)
(4.82539e-08 -1.04454 0)
(4.64649e-08 -1.04454 0)
(4.47216e-08 -1.04454 0)
(4.30307e-08 -1.04454 0)
(4.1396e-08 -1.04454 0)
(3.98163e-08 -1.04454 0)
(3.8293e-08 -1.04454 0)
(3.68216e-08 -1.04454 0)
(3.54037e-08 -1.04454 0)
(3.40343e-08 -1.04454 0)
(3.27149e-08 -1.04454 0)
(3.14413e-08 -1.04454 0)
(3.0214e-08 -1.04454 0)
(2.90295e-08 -1.04454 0)
(2.78863e-08 -1.04454 0)
(2.67829e-08 -1.04454 0)
(2.5721e-08 -1.04454 0)
(2.47077e-08 -1.04454 0)
(2.37578e-08 -1.04454 0)
(2.28837e-08 -1.04454 0)
(2.20989e-08 -1.04454 0)
(2.1396e-08 -1.04454 0)
(2.07621e-08 -1.04454 0)
(2.01666e-08 -1.04454 0)
(1.95841e-08 -1.04454 0)
(1.89908e-08 -1.04454 0)
(1.83815e-08 -1.04454 0)
(1.77646e-08 -1.04454 0)
(1.71835e-08 -1.04454 0)
(1.67177e-08 -1.04454 0)
(1.651e-08 -1.04454 0)
(1.67482e-08 -1.04454 0)
(1.76311e-08 -1.04454 0)
(1.92529e-08 -1.04454 0)
(2.14873e-08 -1.04454 0)
(2.3898e-08 -1.04454 0)
(2.57976e-08 -1.04454 0)
(2.6457e-08 -1.04454 0)
(2.53997e-08 -1.04454 0)
(2.26274e-08 -1.04454 0)
(1.86408e-08 -1.04454 0)
(1.42307e-08 -1.04454 0)
(1.01691e-08 -1.04454 0)
(6.93542e-09 -1.04454 0)
(4.6451e-09 -1.04454 0)
(3.11409e-09 -1.04454 0)
(2.05491e-09 -1.04454 0)
(1.19358e-09 -1.04454 0)
(3.7619e-10 -1.04454 0)
(-4.75144e-10 -1.04454 0)
(-1.36183e-09 -1.04454 0)
(-2.28166e-09 -1.04454 0)
(-3.22127e-09 -1.04454 0)
(-4.18048e-09 -1.04454 0)
(-5.15542e-09 -1.04454 0)
(-6.14342e-09 -1.04454 0)
(-7.1398e-09 -1.04454 0)
(-8.13666e-09 -1.04454 0)
(-9.14737e-09 -1.04454 0)
(-1.01732e-08 -1.04454 0)
(-1.12399e-08 -1.04454 0)
(-1.2364e-08 -1.04454 0)
(-1.35773e-08 -1.04454 0)
(-1.48963e-08 -1.04454 0)
(-1.63273e-08 -1.04454 0)
(-1.78375e-08 -1.04454 0)
(-1.93619e-08 -1.04454 0)
(-2.07994e-08 -1.04454 0)
(-2.20428e-08 -1.04454 0)
(-2.30019e-08 -1.04454 0)
(-2.36428e-08 -1.04454 0)
(-2.39873e-08 -1.04454 0)
(-2.41286e-08 -1.04454 0)
(-2.41815e-08 -1.04454 0)
(-2.4278e-08 -1.04454 0)
(-2.45087e-08 -1.04454 0)
(-2.4935e-08 -1.04454 0)
(-2.5561e-08 -1.04454 0)
(-2.63699e-08 -1.04454 0)
(-2.7318e-08 -1.04454 0)
(-2.83663e-08 -1.04454 0)
(-2.94788e-08 -1.04454 0)
(-3.06291e-08 -1.04454 0)
(-3.18026e-08 -1.04454 0)
(-3.29855e-08 -1.04454 0)
(-3.41735e-08 -1.04454 0)
(-3.53573e-08 -1.04454 0)
(-3.65347e-08 -1.04454 0)
(-3.77003e-08 -1.04454 0)
(-3.88523e-08 -1.04454 0)
(-3.99902e-08 -1.04454 0)
(-4.11129e-08 -1.04454 0)
(-4.22215e-08 -1.04454 0)
(-4.33126e-08 -1.04454 0)
(-4.43857e-08 -1.04454 0)
(-4.54302e-08 -1.04454 0)
(-4.644e-08 -1.04454 0)
(-4.7397e-08 -1.04454 0)
(-4.8289e-08 -1.04454 0)
(-4.90974e-08 -1.04454 0)
(-4.98153e-08 -1.04454 0)
(-5.04438e-08 -1.04454 0)
(-5.10038e-08 -1.04454 0)
(-5.15374e-08 -1.04454 0)
(-5.21034e-08 -1.04454 0)
(-5.27751e-08 -1.04454 0)
(-5.36177e-08 -1.04454 0)
(-5.46858e-08 -1.04454 0)
(-5.59979e-08 -1.04454 0)
(-5.75463e-08 -1.04454 0)
(-5.92873e-08 -1.04454 0)
(-6.11652e-08 -1.04454 0)
(-6.31163e-08 -1.04454 0)
(-6.50901e-08 -1.04454 0)
(-6.7052e-08 -1.04454 0)
(-6.89873e-08 -1.04454 0)
(-7.08986e-08 -1.04454 0)
(-7.27959e-08 -1.04454 0)
(-7.46968e-08 -1.04454 0)
(-7.66134e-08 -1.04454 0)
(-7.85615e-08 -1.04454 0)
(-8.05495e-08 -1.04454 0)
(-8.25919e-08 -1.04454 0)
(-8.46996e-08 -1.04454 0)
(-8.68921e-08 -1.04454 0)
(-8.91884e-08 -1.04454 0)
(-9.16154e-08 -1.04454 0)
(-9.42007e-08 -1.04454 0)
(-9.69776e-08 -1.04454 0)
(-9.99798e-08 -1.04454 0)
(-1.03245e-07 -1.04454 0)
(-1.06813e-07 -1.04454 0)
(-1.10724e-07 -1.04454 0)
(-1.15027e-07 -1.04454 0)
(-1.19771e-07 -1.04454 0)
(-1.25014e-07 -1.04454 0)
(-1.30817e-07 -1.04454 0)
(-1.37254e-07 -1.04454 0)
(-1.44406e-07 -1.04454 0)
(-1.52365e-07 -1.04454 0)
(-1.61235e-07 -1.04454 0)
(-1.71136e-07 -1.04454 0)
(-1.82199e-07 -1.04454 0)
(-1.94574e-07 -1.04454 0)
(-2.08431e-07 -1.04454 0)
(-2.23954e-07 -1.04454 0)
(-2.41355e-07 -1.04454 0)
(-2.60867e-07 -1.04454 0)
(-2.82748e-07 -1.04454 0)
(-3.07289e-07 -1.04454 0)
(-3.34807e-07 -1.04454 0)
(-3.65657e-07 -1.04454 0)
(-4.00229e-07 -1.04454 0)
(-4.38946e-07 -1.04454 0)
(-4.82272e-07 -1.04454 0)
(-5.30704e-07 -1.04454 0)
(-5.84777e-07 -1.04454 0)
(-6.45062e-07 -1.04454 0)
(-7.12153e-07 -1.04454 0)
(-7.8667e-07 -1.04454 0)
(-8.69243e-07 -1.04454 0)
(-9.6049e-07 -1.04454 0)
(-1.061e-06 -1.04454 0)
(-1.17132e-06 -1.04454 0)
(-1.29186e-06 -1.04454 0)
(-1.42291e-06 -1.04454 0)
(-1.56454e-06 -1.04454 0)
(-1.71648e-06 -1.04455 0)
(-1.87806e-06 -1.04455 0)
(-2.04805e-06 -1.04455 0)
(-2.22446e-06 -1.04455 0)
(-2.40436e-06 -1.04455 0)
(-2.58356e-06 -1.04455 0)
(-2.75636e-06 -1.04455 0)
(-2.91517e-06 -1.04455 0)
(-3.05007e-06 -1.04455 0)
(-3.14848e-06 -1.04455 0)
(-3.19473e-06 -1.04455 0)
(-3.16987e-06 -1.04455 0)
(-3.05176e-06 -1.04455 0)
(-2.81573e-06 -1.04455 0)
(-2.43648e-06 -1.04455 0)
(-1.89184e-06 -1.04455 0)
(-1.17012e-06 -1.04455 0)
(-2.83361e-07 -1.04455 0)
(7.09363e-07 -1.04454 0)
(1.6651e-06 -1.04454 0)
(2.3041e-06 -1.04454 0)
(2.18749e-06 -1.04453 0)
(9.38009e-07 -1.04453 0)
(-1.8986e-06 -0.823924 0)
(-4.24248e-06 -0.823928 0)
(-4.32891e-06 -0.823932 0)
(-3.29868e-06 -0.823935 0)
(-1.90695e-06 -0.823937 0)
(-5.38298e-07 -0.823939 0)
(6.41515e-07 -0.82394 0)
(1.58038e-06 -0.823941 0)
(2.28132e-06 -0.823941 0)
(2.77188e-06 -0.823942 0)
(3.08816e-06 -0.823942 0)
(3.26616e-06 -0.823941 0)
(3.33695e-06 -0.823941 0)
(3.32462e-06 -0.823941 0)
(3.24708e-06 -0.823941 0)
(3.1186e-06 -0.823941 0)
(2.95262e-06 -0.82394 0)
(2.76316e-06 -0.82394 0)
(2.5642e-06 -0.82394 0)
(2.36761e-06 -0.82394 0)
(2.18126e-06 -0.82394 0)
(2.00846e-06 -0.823939 0)
(1.8491e-06 -0.823939 0)
(1.70146e-06 -0.823939 0)
(1.56372e-06 -0.823939 0)
(1.43452e-06 -0.823939 0)
(1.3127e-06 -0.823939 0)
(1.19703e-06 -0.823938 0)
(1.08639e-06 -0.823938 0)
(9.80264e-07 -0.823938 0)
(8.79121e-07 -0.823938 0)
(7.84372e-07 -0.823938 0)
(6.97742e-07 -0.823938 0)
(6.20508e-07 -0.823938 0)
(5.52987e-07 -0.823938 0)
(4.94526e-07 -0.823938 0)
(4.43874e-07 -0.823938 0)
(3.99676e-07 -0.823938 0)
(3.60806e-07 -0.823938 0)
(3.26481e-07 -0.823938 0)
(2.96171e-07 -0.823938 0)
(2.69479e-07 -0.823938 0)
(2.46048e-07 -0.823938 0)
(2.25515e-07 -0.823938 0)
(2.07532e-07 -0.823938 0)
(1.91774e-07 -0.823937 0)
(1.77945e-07 -0.823937 0)
(1.65786e-07 -0.823937 0)
(1.55068e-07 -0.823937 0)
(1.45593e-07 -0.823937 0)
(1.37191e-07 -0.823937 0)
(1.29717e-07 -0.823937 0)
(1.23051e-07 -0.823937 0)
(1.17089e-07 -0.823937 0)
(1.11744e-07 -0.823937 0)
(1.06938e-07 -0.823937 0)
(1.02605e-07 -0.823937 0)
(9.86893e-08 -0.823937 0)
(9.51478e-08 -0.823937 0)
(9.19482e-08 -0.823937 0)
(8.90702e-08 -0.823937 0)
(8.64931e-08 -0.823937 0)
(8.41906e-08 -0.823937 0)
(8.21181e-08 -0.823937 0)
(8.02166e-08 -0.823937 0)
(7.84171e-08 -0.823937 0)
(7.66584e-08 -0.823937 0)
(7.48992e-08 -0.823937 0)
(7.31229e-08 -0.823937 0)
(7.13357e-08 -0.823937 0)
(6.95473e-08 -0.823937 0)
(6.77675e-08 -0.823937 0)
(6.59884e-08 -0.823937 0)
(6.41993e-08 -0.823937 0)
(6.23797e-08 -0.823937 0)
(6.0522e-08 -0.823937 0)
(5.86204e-08 -0.823937 0)
(5.66876e-08 -0.823937 0)
(5.47361e-08 -0.823937 0)
(5.27887e-08 -0.823937 0)
(5.0862e-08 -0.823937 0)
(4.89734e-08 -0.823937 0)
(4.71336e-08 -0.823937 0)
(4.5349e-08 -0.823937 0)
(4.36239e-08 -0.823937 0)
(4.19566e-08 -0.823937 0)
(4.0349e-08 -0.823937 0)
(3.87959e-08 -0.823937 0)
(3.72997e-08 -0.823937 0)
(3.58545e-08 -0.823937 0)
(3.44624e-08 -0.823937 0)
(3.31187e-08 -0.823937 0)
(3.18242e-08 -0.823937 0)
(3.05753e-08 -0.823937 0)
(2.93704e-08 -0.823937 0)
(2.82082e-08 -0.823937 0)
(2.70905e-08 -0.823937 0)
(2.60248e-08 -0.823937 0)
(2.50265e-08 -0.823937 0)
(2.41081e-08 -0.823937 0)
(2.32835e-08 -0.823937 0)
(2.2545e-08 -0.823937 0)
(2.18794e-08 -0.823937 0)
(2.12555e-08 -0.823937 0)
(2.06465e-08 -0.823937 0)
(2.00265e-08 -0.823937 0)
(1.93877e-08 -0.823937 0)
(1.87358e-08 -0.823937 0)
(1.81152e-08 -0.823937 0)
(1.76106e-08 -0.823937 0)
(1.73797e-08 -0.823937 0)
(1.76314e-08 -0.823937 0)
(1.85855e-08 -0.823937 0)
(2.03409e-08 -0.823937 0)
(2.2749e-08 -0.823937 0)
(2.53238e-08 -0.823937 0)
(2.73189e-08 -0.823937 0)
(2.79636e-08 -0.823937 0)
(2.67772e-08 -0.823937 0)
(2.37949e-08 -0.823937 0)
(1.95696e-08 -0.823937 0)
(1.49383e-08 -0.823937 0)
(1.06977e-08 -0.823937 0)
(7.3288e-09 -0.823937 0)
(4.93723e-09 -0.823937 0)
(3.32557e-09 -0.823937 0)
(2.19858e-09 -0.823937 0)
(1.27664e-09 -0.823937 0)
(4.04453e-10 -0.823937 0)
(-4.989e-10 -0.823937 0)
(-1.43584e-09 -0.823937 0)
(-2.40599e-09 -0.823937 0)
(-3.39613e-09 -0.823937 0)
(-4.40662e-09 -0.823937 0)
(-5.43361e-09 -0.823937 0)
(-6.47414e-09 -0.823937 0)
(-7.52419e-09 -0.823937 0)
(-8.57476e-09 -0.823937 0)
(-9.64045e-09 -0.823937 0)
(-1.0722e-08 -0.823937 0)
(-1.18467e-08 -0.823937 0)
(-1.30321e-08 -0.823937 0)
(-1.43126e-08 -0.823937 0)
(-1.57059e-08 -0.823937 0)
(-1.72182e-08 -0.823937 0)
(-1.8814e-08 -0.823937 0)
(-2.04228e-08 -0.823937 0)
(-2.1937e-08 -0.823937 0)
(-2.32433e-08 -0.823937 0)
(-2.42483e-08 -0.823937 0)
(-2.49182e-08 -0.823937 0)
(-2.52781e-08 -0.823937 0)
(-2.54276e-08 -0.823937 0)
(-2.54868e-08 -0.823937 0)
(-2.55937e-08 -0.823937 0)
(-2.58415e-08 -0.823937 0)
(-2.62939e-08 -0.823937 0)
(-2.69541e-08 -0.823937 0)
(-2.78052e-08 -0.823937 0)
(-2.88017e-08 -0.823937 0)
(-2.99034e-08 -0.823937 0)
(-3.10731e-08 -0.823937 0)
(-3.22832e-08 -0.823937 0)
(-3.35185e-08 -0.823937 0)
(-3.4764e-08 -0.823937 0)
(-3.60158e-08 -0.823937 0)
(-3.72633e-08 -0.823937 0)
(-3.85046e-08 -0.823937 0)
(-3.97336e-08 -0.823937 0)
(-4.09484e-08 -0.823937 0)
(-4.21484e-08 -0.823937 0)
(-4.33325e-08 -0.823937 0)
(-4.45022e-08 -0.823937 0)
(-4.56533e-08 -0.823937 0)
(-4.67861e-08 -0.823937 0)
(-4.78888e-08 -0.823937 0)
(-4.89553e-08 -0.823937 0)
(-4.99655e-08 -0.823937 0)
(-5.09064e-08 -0.823937 0)
(-5.17572e-08 -0.823937 0)
(-5.25103e-08 -0.823937 0)
(-5.31666e-08 -0.823937 0)
(-5.37483e-08 -0.823937 0)
(-5.43014e-08 -0.823937 0)
(-5.48888e-08 -0.823937 0)
(-5.55904e-08 -0.823937 0)
(-5.64753e-08 -0.823937 0)
(-5.7602e-08 -0.823937 0)
(-5.89887e-08 -0.823937 0)
(-6.06263e-08 -0.823937 0)
(-6.24666e-08 -0.823937 0)
(-6.445e-08 -0.823937 0)
(-6.65086e-08 -0.823937 0)
(-6.85895e-08 -0.823937 0)
(-7.06571e-08 -0.823937 0)
(-7.26963e-08 -0.823937 0)
(-7.4711e-08 -0.823937 0)
(-7.67112e-08 -0.823937 0)
(-7.87159e-08 -0.823937 0)
(-8.07368e-08 -0.823937 0)
(-8.27911e-08 -0.823937 0)
(-8.48864e-08 -0.823937 0)
(-8.70389e-08 -0.823937 0)
(-8.92593e-08 -0.823937 0)
(-9.1569e-08 -0.823937 0)
(-9.39876e-08 -0.823937 0)
(-9.65441e-08 -0.823937 0)
(-9.92674e-08 -0.823937 0)
(-1.02193e-07 -0.823937 0)
(-1.05356e-07 -0.823937 0)
(-1.08795e-07 -0.823937 0)
(-1.12554e-07 -0.823937 0)
(-1.16675e-07 -0.823937 0)
(-1.21209e-07 -0.823937 0)
(-1.26206e-07 -0.823937 0)
(-1.31728e-07 -0.823937 0)
(-1.37841e-07 -0.823937 0)
(-1.44622e-07 -0.823938 0)
(-1.52154e-07 -0.823938 0)
(-1.60538e-07 -0.823938 0)
(-1.6988e-07 -0.823938 0)
(-1.80308e-07 -0.823938 0)
(-1.91959e-07 -0.823938 0)
(-2.04993e-07 -0.823938 0)
(-2.19585e-07 -0.823938 0)
(-2.35934e-07 -0.823938 0)
(-2.54258e-07 -0.823938 0)
(-2.74805e-07 -0.823938 0)
(-2.97845e-07 -0.823938 0)
(-3.23685e-07 -0.823938 0)
(-3.52658e-07 -0.823938 0)
(-3.85137e-07 -0.823938 0)
(-4.21533e-07 -0.823938 0)
(-4.62289e-07 -0.823938 0)
(-5.07892e-07 -0.823938 0)
(-5.58866e-07 -0.823938 0)
(-6.15771e-07 -0.823938 0)
(-6.79204e-07 -0.823938 0)
(-7.4979e-07 -0.823938 0)
(-8.28174e-07 -0.823938 0)
(-9.15014e-07 -0.823938 0)
(-1.01095e-06 -0.823938 0)
(-1.1166e-06 -0.823939 0)
(-1.23252e-06 -0.823939 0)
(-1.35912e-06 -0.823939 0)
(-1.49669e-06 -0.823939 0)
(-1.64525e-06 -0.823939 0)
(-1.80449e-06 -0.823939 0)
(-1.97364e-06 -0.823939 0)
(-2.15132e-06 -0.82394 0)
(-2.33531e-06 -0.82394 0)
(-2.52235e-06 -0.82394 0)
(-2.70779e-06 -0.82394 0)
(-2.88526e-06 -0.823941 0)
(-3.04622e-06 -0.823941 0)
(-3.17945e-06 -0.823941 0)
(-3.27047e-06 -0.823941 0)
(-3.30102e-06 -0.823941 0)
(-3.24844e-06 -0.823942 0)
(-3.08546e-06 -0.823942 0)
(-2.78037e-06 -0.823942 0)
(-2.29834e-06 -0.823942 0)
(-1.60483e-06 -0.823941 0)
(-6.73271e-07 -0.82394 0)
(4.99393e-07 -0.823939 0)
(1.86151e-06 -0.823938 0)
(3.24959e-06 -0.823935 0)
(4.28174e-06 -0.823932 0)
(4.20581e-06 -0.823928 0)
(1.88429e-06 -0.823924 0)
(-2.66558e-06 -0.644668 0)
(-5.82951e-06 -0.644671 0)
(-5.82047e-06 -0.644675 0)
(-4.46651e-06 -0.644678 0)
(-2.74823e-06 -0.64468 0)
(-1.11052e-06 -0.644681 0)
(2.73756e-07 -0.644682 0)
(1.36142e-06 -0.644683 0)
(2.16776e-06 -0.644683 0)
(2.73153e-06 -0.644684 0)
(3.09781e-06 -0.644684 0)
(3.30907e-06 -0.644684 0)
(3.40082e-06 -0.644683 0)
(3.40033e-06 -0.644683 0)
(3.32801e-06 -0.644683 0)
(3.2003e-06 -0.644683 0)
(3.03253e-06 -0.644683 0)
(2.84015e-06 -0.644683 0)
(2.63789e-06 -0.644682 0)
(2.43782e-06 -0.644682 0)
(2.24772e-06 -0.644682 0)
(2.07085e-06 -0.644682 0)
(1.90722e-06 -0.644682 0)
(1.75535e-06 -0.644682 0)
(1.61358e-06 -0.644682 0)
(1.48053e-06 -0.644681 0)
(1.35487e-06 -0.644681 0)
(1.23526e-06 -0.644681 0)
(1.12062e-06 -0.644681 0)
(1.01064e-06 -0.644681 0)
(9.06031e-07 -0.644681 0)
(8.08359e-07 -0.644681 0)
(7.1932e-07 -0.644681 0)
(6.40046e-07 -0.644681 0)
(5.70691e-07 -0.644681 0)
(5.10502e-07 -0.644681 0)
(4.58219e-07 -0.644681 0)
(4.12525e-07 -0.644681 0)
(3.72333e-07 -0.644681 0)
(3.36868e-07 -0.644681 0)
(3.05586e-07 -0.644681 0)
(2.78057e-07 -0.644681 0)
(2.53896e-07 -0.644681 0)
(2.32722e-07 -0.644681 0)
(2.14176e-07 -0.644681 0)
(1.97922e-07 -0.644681 0)
(1.83658e-07 -0.644681 0)
(1.71117e-07 -0.644681 0)
(1.60062e-07 -0.64468 0)
(1.50291e-07 -0.64468 0)
(1.41626e-07 -0.64468 0)
(1.3392e-07 -0.64468 0)
(1.27046e-07 -0.64468 0)
(1.20898e-07 -0.64468 0)
(1.15384e-07 -0.64468 0)
(1.10425e-07 -0.64468 0)
(1.05952e-07 -0.64468 0)
(1.01907e-07 -0.64468 0)
(9.82481e-08 -0.64468 0)
(9.49441e-08 -0.64468 0)
(9.19768e-08 -0.64468 0)
(8.93253e-08 -0.64468 0)
(8.69611e-08 -0.64468 0)
(8.4834e-08 -0.64468 0)
(8.2879e-08 -0.64468 0)
(8.10225e-08 -0.64468 0)
(7.92019e-08 -0.64468 0)
(7.73778e-08 -0.64468 0)
(7.5537e-08 -0.64468 0)
(7.36883e-08 -0.64468 0)
(7.18411e-08 -0.64468 0)
(7.00044e-08 -0.64468 0)
(6.81673e-08 -0.64468 0)
(6.63182e-08 -0.64468 0)
(6.44351e-08 -0.64468 0)
(6.25119e-08 -0.64468 0)
(6.0543e-08 -0.64468 0)
(5.8543e-08 -0.64468 0)
(5.65246e-08 -0.64468 0)
(5.45118e-08 -0.64468 0)
(5.25212e-08 -0.64468 0)
(5.05704e-08 -0.64468 0)
(4.86704e-08 -0.64468 0)
(4.68271e-08 -0.64468 0)
(4.50455e-08 -0.64468 0)
(4.3323e-08 -0.64468 0)
(4.16625e-08 -0.64468 0)
(4.00579e-08 -0.64468 0)
(3.85125e-08 -0.64468 0)
(3.70194e-08 -0.64468 0)
(3.55817e-08 -0.64468 0)
(3.41938e-08 -0.64468 0)
(3.2857e-08 -0.64468 0)
(3.15677e-08 -0.64468 0)
(3.03241e-08 -0.64468 0)
(2.91251e-08 -0.64468 0)
(2.79725e-08 -0.64468 0)
(2.6874e-08 -0.64468 0)
(2.58456e-08 -0.64468 0)
(2.48998e-08 -0.64468 0)
(2.40509e-08 -0.64468 0)
(2.32909e-08 -0.64468 0)
(2.26063e-08 -0.64468 0)
(2.19654e-08 -0.64468 0)
(2.13405e-08 -0.64468 0)
(2.07038e-08 -0.64468 0)
(2.00459e-08 -0.64468 0)
(1.93705e-08 -0.64468 0)
(1.87227e-08 -0.64468 0)
(1.81922e-08 -0.64468 0)
(1.79493e-08 -0.64468 0)
(1.82194e-08 -0.64468 0)
(1.92357e-08 -0.64468 0)
(2.10944e-08 -0.64468 0)
(2.36209e-08 -0.64468 0)
(2.62869e-08 -0.64468 0)
(2.83056e-08 -0.64468 0)
(2.88905e-08 -0.64468 0)
(2.75773e-08 -0.64468 0)
(2.444e-08 -0.64468 0)
(2.00714e-08 -0.64468 0)
(1.53299e-08 -0.64468 0)
(1.10124e-08 -0.64468 0)
(7.58642e-09 -0.64468 0)
(5.14462e-09 -0.64468 0)
(3.48285e-09 -0.64468 0)
(2.30716e-09 -0.64468 0)
(1.34006e-09 -0.64468 0)
(4.28494e-10 -0.64468 0)
(-5.10066e-10 -0.64468 0)
(-1.47952e-09 -0.64468 0)
(-2.48164e-09 -0.64468 0)
(-3.50378e-09 -0.64468 0)
(-4.54687e-09 -0.64468 0)
(-5.60708e-09 -0.64468 0)
(-6.68117e-09 -0.64468 0)
(-7.76559e-09 -0.64468 0)
(-8.85051e-09 -0.64468 0)
(-9.95136e-09 -0.64468 0)
(-1.10686e-08 -0.64468 0)
(-1.22305e-08 -0.64468 0)
(-1.34559e-08 -0.64468 0)
(-1.47805e-08 -0.64468 0)
(-1.62228e-08 -0.64468 0)
(-1.77881e-08 -0.64468 0)
(-1.94383e-08 -0.64468 0)
(-2.10986e-08 -0.64468 0)
(-2.2657e-08 -0.64468 0)
(-2.39973e-08 -0.64468 0)
(-2.50251e-08 -0.64468 0)
(-2.57091e-08 -0.64468 0)
(-2.60772e-08 -0.64468 0)
(-2.62338e-08 -0.64468 0)
(-2.63017e-08 -0.64468 0)
(-2.64213e-08 -0.64468 0)
(-2.6686e-08 -0.64468 0)
(-2.71597e-08 -0.64468 0)
(-2.78447e-08 -0.64468 0)
(-2.8724e-08 -0.64468 0)
(-2.97514e-08 -0.64468 0)
(-3.08866e-08 -0.64468 0)
(-3.2092e-08 -0.64468 0)
(-3.33394e-08 -0.64468 0)
(-3.46135e-08 -0.64468 0)
(-3.58985e-08 -0.64468 0)
(-3.71905e-08 -0.64468 0)
(-3.84785e-08 -0.64468 0)
(-3.97602e-08 -0.64468 0)
(-4.10295e-08 -0.64468 0)
(-4.22841e-08 -0.64468 0)
(-4.35236e-08 -0.64468 0)
(-4.47466e-08 -0.64468 0)
(-4.5955e-08 -0.64468 0)
(-4.71443e-08 -0.64468 0)
(-4.83151e-08 -0.64468 0)
(-4.94546e-08 -0.64468 0)
(-5.0557e-08 -0.64468 0)
(-5.16005e-08 -0.64468 0)
(-5.25715e-08 -0.64468 0)
(-5.34479e-08 -0.64468 0)
(-5.42216e-08 -0.64468 0)
(-5.48936e-08 -0.64468 0)
(-5.54878e-08 -0.64468 0)
(-5.60532e-08 -0.64468 0)
(-5.66559e-08 -0.64468 0)
(-5.73802e-08 -0.64468 0)
(-5.82971e-08 -0.64468 0)
(-5.94671e-08 -0.64468 0)
(-6.09066e-08 -0.64468 0)
(-6.26048e-08 -0.64468 0)
(-6.45098e-08 -0.64468 0)
(-6.65598e-08 -0.64468 0)
(-6.86846e-08 -0.64468 0)
(-7.08306e-08 -0.64468 0)
(-7.29626e-08 -0.64468 0)
(-7.50658e-08 -0.64468 0)
(-7.7145e-08 -0.64468 0)
(-7.92101e-08 -0.64468 0)
(-8.12808e-08 -0.64468 0)
(-8.33679e-08 -0.64468 0)
(-8.54895e-08 -0.64468 0)
(-8.76527e-08 -0.64468 0)
(-8.98746e-08 -0.64468 0)
(-9.21661e-08 -0.64468 0)
(-9.45498e-08 -0.64468 0)
(-9.70458e-08 -0.64468 0)
(-9.96846e-08 -0.64468 0)
(-1.02496e-07 -0.64468 0)
(-1.05515e-07 -0.64468 0)
(-1.08781e-07 -0.64468 0)
(-1.12332e-07 -0.64468 0)
(-1.16212e-07 -0.64468 0)
(-1.20466e-07 -0.64468 0)
(-1.25146e-07 -0.644681 0)
(-1.30305e-07 -0.644681 0)
(-1.36005e-07 -0.644681 0)
(-1.42314e-07 -0.644681 0)
(-1.49312e-07 -0.644681 0)
(-1.57086e-07 -0.644681 0)
(-1.65738e-07 -0.644681 0)
(-1.75379e-07 -0.644681 0)
(-1.86141e-07 -0.644681 0)
(-1.98165e-07 -0.644681 0)
(-2.11615e-07 -0.644681 0)
(-2.26674e-07 -0.644681 0)
(-2.43543e-07 -0.644681 0)
(-2.62452e-07 -0.644681 0)
(-2.83653e-07 -0.644681 0)
(-3.07427e-07 -0.644681 0)
(-3.34087e-07 -0.644681 0)
(-3.6398e-07 -0.644681 0)
(-3.97488e-07 -0.644681 0)
(-4.35036e-07 -0.644681 0)
(-4.7708e-07 -0.644681 0)
(-5.24122e-07 -0.644681 0)
(-5.76702e-07 -0.644681 0)
(-6.35394e-07 -0.644681 0)
(-7.00814e-07 -0.644681 0)
(-7.73604e-07 -0.644681 0)
(-8.54427e-07 -0.644681 0)
(-9.43957e-07 -0.644681 0)
(-1.04285e-06 -0.644681 0)
(-1.15174e-06 -0.644681 0)
(-1.27117e-06 -0.644681 0)
(-1.40157e-06 -0.644682 0)
(-1.54322e-06 -0.644682 0)
(-1.69613e-06 -0.644682 0)
(-1.85993e-06 -0.644682 0)
(-2.03379e-06 -0.644682 0)
(-2.21622e-06 -0.644682 0)
(-2.40487e-06 -0.644682 0)
(-2.59624e-06 -0.644683 0)
(-2.78537e-06 -0.644683 0)
(-2.96544e-06 -0.644683 0)
(-3.12728e-06 -0.644683 0)
(-3.25875e-06 -0.644683 0)
(-3.34413e-06 -0.644683 0)
(-3.3633e-06 -0.644684 0)
(-3.2911e-06 -0.644684 0)
(-3.09668e-06 -0.644684 0)
(-2.74338e-06 -0.644684 0)
(-2.18964e-06 -0.644684 0)
(-1.3921e-06 -0.644683 0)
(-3.13226e-07 -0.644683 0)
(1.06179e-06 -0.644682 0)
(2.68993e-06 -0.64468 0)
(4.4015e-06 -0.644678 0)
(5.75551e-06 -0.644675 0)
(5.77546e-06 -0.644672 0)
(2.64306e-06 -0.644668 0)
(-3.24108e-06 -0.499011 0)
(-6.98621e-06 -0.499015 0)
(-6.86482e-06 -0.499018 0)
(-5.26797e-06 -0.49902 0)
(-3.32083e-06 -0.499022 0)
(-1.49958e-06 -0.499023 0)
(2.24383e-08 -0.499024 0)
(1.20978e-06 -0.499024 0)
(2.08665e-06 -0.499025 0)
(2.69965e-06 -0.499025 0)
(3.09978e-06 -0.499025 0)
(3.33364e-06 -0.499025 0)
(3.43952e-06 -0.499025 0)
(3.44671e-06 -0.499025 0)
(3.37743e-06 -0.499024 0)
(3.2499e-06 -0.499024 0)
(3.08097e-06 -0.499024 0)
(2.8871e-06 -0.499024 0)
(2.68336e-06 -0.499024 0)
(2.4817e-06 -0.499024 0)
(2.28964e-06 -0.499024 0)
(2.11037e-06 -0.499024 0)
(1.94406e-06 -0.499023 0)
(1.78949e-06 -0.499023 0)
(1.64517e-06 -0.499023 0)
(1.50965e-06 -0.499023 0)
(1.38147e-06 -0.499023 0)
(1.25919e-06 -0.499023 0)
(1.14182e-06 -0.499023 0)
(1.02928e-06 -0.499023 0)
(9.2248e-07 -0.499023 0)
(8.23071e-07 -0.499023 0)
(7.3267e-07 -0.499023 0)
(6.52245e-07 -0.499023 0)
(5.81809e-07 -0.499023 0)
(5.20547e-07 -0.499023 0)
(4.67219e-07 -0.499023 0)
(4.2056e-07 -0.499023 0)
(3.79524e-07 -0.499023 0)
(3.43345e-07 -0.499023 0)
(3.11459e-07 -0.499023 0)
(2.83412e-07 -0.499023 0)
(2.58799e-07 -0.499023 0)
(2.37228e-07 -0.499023 0)
(2.18332e-07 -0.499023 0)
(2.01771e-07 -0.499023 0)
(1.87237e-07 -0.499022 0)
(1.7446e-07 -0.499022 0)
(1.63198e-07 -0.499022 0)
(1.53244e-07 -0.499022 0)
(1.44418e-07 -0.499022 0)
(1.36568e-07 -0.499022 0)
(1.29566e-07 -0.499022 0)
(1.23302e-07 -0.499022 0)
(1.17684e-07 -0.499022 0)
(1.12629e-07 -0.499022 0)
(1.08067e-07 -0.499022 0)
(1.0394e-07 -0.499022 0)
(1.00207e-07 -0.499022 0)
(9.68381e-08 -0.499022 0)
(9.38162e-08 -0.499022 0)
(9.11205e-08 -0.499022 0)
(8.87195e-08 -0.499022 0)
(8.65585e-08 -0.499022 0)
(8.45682e-08 -0.499022 0)
(8.26724e-08 -0.499022 0)
(8.0809e-08 -0.499022 0)
(7.89414e-08 -0.499022 0)
(7.70588e-08 -0.499022 0)
(7.51716e-08 -0.499022 0)
(7.32883e-08 -0.499022 0)
(7.14161e-08 -0.499022 0)
(6.95423e-08 -0.499022 0)
(6.76545e-08 -0.499022 0)
(6.57304e-08 -0.499022 0)
(6.37651e-08 -0.499022 0)
(6.17536e-08 -0.499022 0)
(5.97115e-08 -0.499022 0)
(5.76516e-08 -0.499022 0)
(5.55986e-08 -0.499022 0)
(5.35689e-08 -0.499022 0)
(5.15801e-08 -0.499022 0)
(4.96431e-08 -0.499022 0)
(4.77637e-08 -0.499022 0)
(4.59471e-08 -0.499022 0)
(4.41905e-08 -0.499022 0)
(4.24971e-08 -0.499022 0)
(4.08606e-08 -0.499022 0)
(3.92846e-08 -0.499022 0)
(3.77619e-08 -0.499022 0)
(3.62958e-08 -0.499022 0)
(3.48805e-08 -0.499022 0)
(3.35175e-08 -0.499022 0)
(3.22031e-08 -0.499022 0)
(3.09355e-08 -0.499022 0)
(2.97136e-08 -0.499022 0)
(2.85395e-08 -0.499022 0)
(2.74207e-08 -0.499022 0)
(2.63738e-08 -0.499022 0)
(2.54112e-08 -0.499022 0)
(2.45474e-08 -0.499022 0)
(2.37743e-08 -0.499022 0)
(2.30783e-08 -0.499022 0)
(2.24271e-08 -0.499022 0)
(2.17922e-08 -0.499022 0)
(2.11448e-08 -0.499022 0)
(2.04743e-08 -0.499022 0)
(1.97829e-08 -0.499022 0)
(1.91168e-08 -0.499022 0)
(1.85699e-08 -0.499022 0)
(1.83222e-08 -0.499022 0)
(1.86108e-08 -0.499022 0)
(1.96761e-08 -0.499022 0)
(2.1607e-08 -0.499022 0)
(2.42056e-08 -0.499022 0)
(2.69122e-08 -0.499022 0)
(2.89169e-08 -0.499022 0)
(2.94329e-08 -0.499022 0)
(2.80184e-08 -0.499022 0)
(2.47807e-08 -0.499022 0)
(2.03366e-08 -0.499022 0)
(1.55501e-08 -0.499022 0)
(1.12074e-08 -0.499022 0)
(7.76033e-09 -0.499022 0)
(5.29194e-09 -0.499022 0)
(3.59678e-09 -0.499022 0)
(2.38604e-09 -0.499022 0)
(1.38658e-09 -0.499022 0)
(4.47956e-10 -0.499022 0)
(-5.13674e-10 -0.499022 0)
(-1.50377e-09 -0.499022 0)
(-2.52599e-09 -0.499022 0)
(-3.56824e-09 -0.499022 0)
(-4.63185e-09 -0.499022 0)
(-5.71308e-09 -0.499022 0)
(-6.80841e-09 -0.499022 0)
(-7.9146e-09 -0.499022 0)
(-9.02122e-09 -0.499022 0)
(-1.01443e-08 -0.499022 0)
(-1.12842e-08 -0.499022 0)
(-1.24699e-08 -0.499022 0)
(-1.37209e-08 -0.499022 0)
(-1.50741e-08 -0.499022 0)
(-1.6548e-08 -0.499022 0)
(-1.81469e-08 -0.499022 0)
(-1.98305e-08 -0.499022 0)
(-2.1521e-08 -0.499022 0)
(-2.31039e-08 -0.499022 0)
(-2.44617e-08 -0.499022 0)
(-2.55005e-08 -0.499022 0)
(-2.61916e-08 -0.499022 0)
(-2.65653e-08 -0.499022 0)
(-2.67288e-08 -0.499022 0)
(-2.68059e-08 -0.499022 0)
(-2.69378e-08 -0.499022 0)
(-2.72168e-08 -0.499022 0)
(-2.77068e-08 -0.499022 0)
(-2.84089e-08 -0.499022 0)
(-2.93065e-08 -0.499022 0)
(-3.03533e-08 -0.499022 0)
(-3.15091e-08 -0.499022 0)
(-3.27365e-08 -0.499022 0)
(-3.40069e-08 -0.499022 0)
(-3.53051e-08 -0.499022 0)
(-3.66148e-08 -0.499022 0)
(-3.79321e-08 -0.499022 0)
(-3.92453e-08 -0.499022 0)
(-4.05525e-08 -0.499022 0)
(-4.1847e-08 -0.499022 0)
(-4.31266e-08 -0.499022 0)
(-4.43908e-08 -0.499022 0)
(-4.56383e-08 -0.499022 0)
(-4.68712e-08 -0.499022 0)
(-4.80844e-08 -0.499022 0)
(-4.92791e-08 -0.499022 0)
(-5.04418e-08 -0.499022 0)
(-5.15666e-08 -0.499022 0)
(-5.26307e-08 -0.499022 0)
(-5.36201e-08 -0.499022 0)
(-5.45117e-08 -0.499022 0)
(-5.52975e-08 -0.499022 0)
(-5.59789e-08 -0.499022 0)
(-5.65808e-08 -0.499022 0)
(-5.71549e-08 -0.499022 0)
(-5.77694e-08 -0.499022 0)
(-5.85111e-08 -0.499022 0)
(-5.94521e-08 -0.499022 0)
(-6.06532e-08 -0.499022 0)
(-6.21289e-08 -0.499022 0)
(-6.3867e-08 -0.499022 0)
(-6.58128e-08 -0.499022 0)
(-6.79034e-08 -0.499022 0)
(-7.00678e-08 -0.499022 0)
(-7.22527e-08 -0.499022 0)
(-7.44234e-08 -0.499022 0)
(-7.65657e-08 -0.499022 0)
(-7.86849e-08 -0.499022 0)
(-8.07906e-08 -0.499022 0)
(-8.29027e-08 -0.499022 0)
(-8.50314e-08 -0.499022 0)
(-8.71953e-08 -0.499022 0)
(-8.94008e-08 -0.499022 0)
(-9.16662e-08 -0.499022 0)
(-9.40021e-08 -0.499022 0)
(-9.64323e-08 -0.499022 0)
(-9.89769e-08 -0.499022 0)
(-1.01668e-07 -0.499022 0)
(-1.04534e-07 -0.499022 0)
(-1.07614e-07 -0.499022 0)
(-1.10944e-07 -0.499022 0)
(-1.14565e-07 -0.499022 0)
(-1.18523e-07 -0.499022 0)
(-1.22861e-07 -0.499022 0)
(-1.27633e-07 -0.499022 0)
(-1.32892e-07 -0.499022 0)
(-1.38704e-07 -0.499022 0)
(-1.45137e-07 -0.499023 0)
(-1.52271e-07 -0.499023 0)
(-1.60197e-07 -0.499023 0)
(-1.69018e-07 -0.499023 0)
(-1.78846e-07 -0.499023 0)
(-1.89817e-07 -0.499023 0)
(-2.02075e-07 -0.499023 0)
(-2.15786e-07 -0.499023 0)
(-2.31138e-07 -0.499023 0)
(-2.48334e-07 -0.499023 0)
(-2.67609e-07 -0.499023 0)
(-2.89221e-07 -0.499023 0)
(-3.13454e-07 -0.499023 0)
(-3.40628e-07 -0.499023 0)
(-3.71098e-07 -0.499023 0)
(-4.05251e-07 -0.499023 0)
(-4.4352e-07 -0.499023 0)
(-4.86372e-07 -0.499023 0)
(-5.34314e-07 -0.499023 0)
(-5.87899e-07 -0.499023 0)
(-6.47711e-07 -0.499023 0)
(-7.14375e-07 -0.499023 0)
(-7.88545e-07 -0.499023 0)
(-8.70894e-07 -0.499023 0)
(-9.62106e-07 -0.499023 0)
(-1.06285e-06 -0.499023 0)
(-1.17375e-06 -0.499023 0)
(-1.29538e-06 -0.499023 0)
(-1.42816e-06 -0.499023 0)
(-1.57236e-06 -0.499023 0)
(-1.72796e-06 -0.499023 0)
(-1.89459e-06 -0.499024 0)
(-2.07137e-06 -0.499024 0)
(-2.25674e-06 -0.499024 0)
(-2.44825e-06 -0.499024 0)
(-2.64225e-06 -0.499024 0)
(-2.83358e-06 -0.499024 0)
(-3.01514e-06 -0.499024 0)
(-3.17732e-06 -0.499024 0)
(-3.30741e-06 -0.499025 0)
(-3.38883e-06 -0.499025 0)
(-3.40029e-06 -0.499025 0)
(-3.31492e-06 -0.499025 0)
(-3.0995e-06 -0.499025 0)
(-2.71408e-06 -0.499025 0)
(-2.11261e-06 -0.499025 0)
(-1.24577e-06 -0.499024 0)
(-6.86319e-08 -0.499024 0)
(1.44232e-06 -0.499023 0)
(3.25242e-06 -0.499022 0)
(5.19266e-06 -0.49902 0)
(6.78954e-06 -0.499018 0)
(6.9201e-06 -0.499015 0)
(3.21186e-06 -0.499012 0)
(-3.64819e-06 -0.380657 0)
(-7.78418e-06 -0.38066 0)
(-7.56067e-06 -0.380662 0)
(-5.79386e-06 -0.380664 0)
(-3.69439e-06 -0.380666 0)
(-1.75326e-06 -0.380667 0)
(-1.42001e-07 -0.380667 0)
(1.10973e-06 -0.380668 0)
(2.03225e-06 -0.380668 0)
(2.67726e-06 -0.380668 0)
(3.09951e-06 -0.380668 0)
(3.34813e-06 -0.380668 0)
(3.46305e-06 -0.380668 0)
(3.4749e-06 -0.380668 0)
(3.40725e-06 -0.380668 0)
(3.27964e-06 -0.380668 0)
(3.11005e-06 -0.380668 0)
(2.91554e-06 -0.380667 0)
(2.71129e-06 -0.380667 0)
(2.50897e-06 -0.380667 0)
(2.31586e-06 -0.380667 0)
(2.13513e-06 -0.380667 0)
(1.96712e-06 -0.380667 0)
(1.81087e-06 -0.380667 0)
(1.66495e-06 -0.380667 0)
(1.52787e-06 -0.380667 0)
(1.39802e-06 -0.380667 0)
(1.27394e-06 -0.380667 0)
(1.15476e-06 -0.380667 0)
(1.04056e-06 -0.380667 0)
(9.32435e-07 -0.380667 0)
(8.32031e-07 -0.380667 0)
(7.40875e-07 -0.380666 0)
(6.59797e-07 -0.380666 0)
(5.88709e-07 -0.380666 0)
(5.26772e-07 -0.380666 0)
(4.72776e-07 -0.380666 0)
(4.25507e-07 -0.380666 0)
(3.83945e-07 -0.380666 0)
(3.47325e-07 -0.380666 0)
(3.15071e-07 -0.380666 0)
(2.86708e-07 -0.380666 0)
(2.61819e-07 -0.380666 0)
(2.40006e-07 -0.380666 0)
(2.20895e-07 -0.380666 0)
(2.04148e-07 -0.380666 0)
(1.8945e-07 -0.380666 0)
(1.76529e-07 -0.380666 0)
(1.65142e-07 -0.380666 0)
(1.55076e-07 -0.380666 0)
(1.46153e-07 -0.380666 0)
(1.38216e-07 -0.380666 0)
(1.31136e-07 -0.380666 0)
(1.24802e-07 -0.380666 0)
(1.1912e-07 -0.380666 0)
(1.14005e-07 -0.380666 0)
(1.09388e-07 -0.380666 0)
(1.0521e-07 -0.380666 0)
(1.01431e-07 -0.380666 0)
(9.80215e-08 -0.380666 0)
(9.49669e-08 -0.380666 0)
(9.22447e-08 -0.380666 0)
(8.98213e-08 -0.380666 0)
(8.76385e-08 -0.380666 0)
(8.56243e-08 -0.380666 0)
(8.37015e-08 -0.380666 0)
(8.18095e-08 -0.380666 0)
(7.99137e-08 -0.380666 0)
(7.80051e-08 -0.380666 0)
(7.60946e-08 -0.380666 0)
(7.41893e-08 -0.380666 0)
(7.22954e-08 -0.380666 0)
(7.03984e-08 -0.380666 0)
(6.8486e-08 -0.380666 0)
(6.6536e-08 -0.380666 0)
(6.45445e-08 -0.380666 0)
(6.25066e-08 -0.380666 0)
(6.04389e-08 -0.380666 0)
(5.83541e-08 -0.380666 0)
(5.62769e-08 -0.380666 0)
(5.42238e-08 -0.380666 0)
(5.22121e-08 -0.380666 0)
(5.02529e-08 -0.380666 0)
(4.83516e-08 -0.380666 0)
(4.65138e-08 -0.380666 0)
(4.47364e-08 -0.380666 0)
(4.3023e-08 -0.380666 0)
(4.1367e-08 -0.380666 0)
(3.97724e-08 -0.380666 0)
(3.82315e-08 -0.380666 0)
(3.6748e-08 -0.380666 0)
(3.5316e-08 -0.380666 0)
(3.3937e-08 -0.380666 0)
(3.26072e-08 -0.380666 0)
(3.13249e-08 -0.380666 0)
(3.0089e-08 -0.380666 0)
(2.89016e-08 -0.380666 0)
(2.77704e-08 -0.380666 0)
(2.67122e-08 -0.380666 0)
(2.57393e-08 -0.380666 0)
(2.48665e-08 -0.380666 0)
(2.40854e-08 -0.380666 0)
(2.33822e-08 -0.380666 0)
(2.27245e-08 -0.380666 0)
(2.20833e-08 -0.380666 0)
(2.14288e-08 -0.380666 0)
(2.07499e-08 -0.380666 0)
(2.00479e-08 -0.380666 0)
(1.93701e-08 -0.380666 0)
(1.88134e-08 -0.380666 0)
(1.85651e-08 -0.380666 0)
(1.88695e-08 -0.380666 0)
(1.99693e-08 -0.380666 0)
(2.19456e-08 -0.380666 0)
(2.45823e-08 -0.380666 0)
(2.72995e-08 -0.380666 0)
(2.92767e-08 -0.380666 0)
(2.97339e-08 -0.380666 0)
(2.82501e-08 -0.380666 0)
(2.4955e-08 -0.380666 0)
(2.04776e-08 -0.380666 0)
(1.56789e-08 -0.380666 0)
(1.13328e-08 -0.380666 0)
(7.87867e-09 -0.380666 0)
(5.39445e-09 -0.380666 0)
(3.6763e-09 -0.380666 0)
(2.44101e-09 -0.380666 0)
(1.41947e-09 -0.380666 0)
(4.63039e-10 -0.380666 0)
(-5.13249e-10 -0.380666 0)
(-1.51622e-09 -0.380666 0)
(-2.5509e-09 -0.380666 0)
(-3.60565e-09 -0.380666 0)
(-4.68204e-09 -0.380666 0)
(-5.77638e-09 -0.380666 0)
(-6.88495e-09 -0.380666 0)
(-8.00473e-09 -0.380666 0)
(-9.12488e-09 -0.380666 0)
(-1.02619e-08 -0.380666 0)
(-1.14159e-08 -0.380666 0)
(-1.26166e-08 -0.380666 0)
(-1.38839e-08 -0.380666 0)
(-1.52552e-08 -0.380666 0)
(-1.67488e-08 -0.380666 0)
(-1.83683e-08 -0.380666 0)
(-2.00717e-08 -0.380666 0)
(-2.17792e-08 -0.380666 0)
(-2.33751e-08 -0.380666 0)
(-2.47416e-08 -0.380666 0)
(-2.57859e-08 -0.380666 0)
(-2.6481e-08 -0.380666 0)
(-2.68592e-08 -0.380666 0)
(-2.70293e-08 -0.380666 0)
(-2.71148e-08 -0.380666 0)
(-2.7257e-08 -0.380666 0)
(-2.75469e-08 -0.380666 0)
(-2.80483e-08 -0.380666 0)
(-2.87617e-08 -0.380666 0)
(-2.96708e-08 -0.380666 0)
(-3.07295e-08 -0.380666 0)
(-3.18978e-08 -0.380666 0)
(-3.31386e-08 -0.380666 0)
(-3.4423e-08 -0.380666 0)
(-3.57362e-08 -0.380666 0)
(-3.7061e-08 -0.380666 0)
(-3.83938e-08 -0.380666 0)
(-3.97228e-08 -0.380666 0)
(-4.10457e-08 -0.380666 0)
(-4.23558e-08 -0.380666 0)
(-4.36509e-08 -0.380666 0)
(-4.49305e-08 -0.380666 0)
(-4.61932e-08 -0.380666 0)
(-4.74412e-08 -0.380666 0)
(-4.86694e-08 -0.380666 0)
(-4.98789e-08 -0.380666 0)
(-5.10559e-08 -0.380666 0)
(-5.21946e-08 -0.380666 0)
(-5.32712e-08 -0.380666 0)
(-5.42717e-08 -0.380666 0)
(-5.51726e-08 -0.380666 0)
(-5.59657e-08 -0.380666 0)
(-5.6653e-08 -0.380666 0)
(-5.72603e-08 -0.380666 0)
(-5.78411e-08 -0.380666 0)
(-5.84647e-08 -0.380666 0)
(-5.92198e-08 -0.380666 0)
(-6.01782e-08 -0.380666 0)
(-6.14007e-08 -0.380666 0)
(-6.29002e-08 -0.380666 0)
(-6.46634e-08 -0.380666 0)
(-6.66338e-08 -0.380666 0)
(-6.87484e-08 -0.380666 0)
(-7.09358e-08 -0.380666 0)
(-7.31435e-08 -0.380666 0)
(-7.53372e-08 -0.380666 0)
(-7.75032e-08 -0.380666 0)
(-7.96469e-08 -0.380666 0)
(-8.17777e-08 -0.380666 0)
(-8.39156e-08 -0.380666 0)
(-8.60701e-08 -0.380666 0)
(-8.82601e-08 -0.380666 0)
(-9.04918e-08 -0.380666 0)
(-9.27841e-08 -0.380666 0)
(-9.51474e-08 -0.380666 0)
(-9.76065e-08 -0.380666 0)
(-1.00181e-07 -0.380666 0)
(-1.02904e-07 -0.380666 0)
(-1.05805e-07 -0.380666 0)
(-1.08923e-07 -0.380666 0)
(-1.12293e-07 -0.380666 0)
(-1.15959e-07 -0.380666 0)
(-1.19964e-07 -0.380666 0)
(-1.24354e-07 -0.380666 0)
(-1.29184e-07 -0.380666 0)
(-1.34506e-07 -0.380666 0)
(-1.40387e-07 -0.380666 0)
(-1.46897e-07 -0.380666 0)
(-1.54116e-07 -0.380666 0)
(-1.62136e-07 -0.380666 0)
(-1.71061e-07 -0.380666 0)
(-1.81006e-07 -0.380666 0)
(-1.92107e-07 -0.380666 0)
(-2.0451e-07 -0.380666 0)
(-2.18383e-07 -0.380666 0)
(-2.33915e-07 -0.380666 0)
(-2.51315e-07 -0.380666 0)
(-2.70817e-07 -0.380666 0)
(-2.92683e-07 -0.380666 0)
(-3.172e-07 -0.380666 0)
(-3.44693e-07 -0.380666 0)
(-3.7552e-07 -0.380666 0)
(-4.10072e-07 -0.380666 0)
(-4.48789e-07 -0.380666 0)
(-4.9214e-07 -0.380666 0)
(-5.40641e-07 -0.380666 0)
(-5.94848e-07 -0.380667 0)
(-6.55352e-07 -0.380667 0)
(-7.22787e-07 -0.380667 0)
(-7.97811e-07 -0.380667 0)
(-8.81104e-07 -0.380667 0)
(-9.73356e-07 -0.380667 0)
(-1.07524e-06 -0.380667 0)
(-1.18739e-06 -0.380667 0)
(-1.31038e-06 -0.380667 0)
(-1.44463e-06 -0.380667 0)
(-1.59039e-06 -0.380667 0)
(-1.74766e-06 -0.380667 0)
(-1.91604e-06 -0.380667 0)
(-2.09461e-06 -0.380667 0)
(-2.28179e-06 -0.380667 0)
(-2.47504e-06 -0.380667 0)
(-2.67064e-06 -0.380667 0)
(-2.8633e-06 -0.380668 0)
(-3.04572e-06 -0.380668 0)
(-3.20804e-06 -0.380668 0)
(-3.33717e-06 -0.380668 0)
(-3.41597e-06 -0.380668 0)
(-3.42242e-06 -0.380668 0)
(-3.32856e-06 -0.380668 0)
(-3.09963e-06 -0.380668 0)
(-2.69359e-06 -0.380668 0)
(-2.06151e-06 -0.380668 0)
(-1.15028e-06 -0.380668 0)
(9.00668e-08 -0.380667 0)
(1.68957e-06 -0.380667 0)
(3.62022e-06 -0.380666 0)
(5.71424e-06 -0.380664 0)
(7.48031e-06 -0.380662 0)
(7.7087e-06 -0.38066 0)
(3.61286e-06 -0.380657 0)
(-3.92062e-06 -0.284488 0)
(-8.30777e-06 -0.28449 0)
(-8.00493e-06 -0.284492 0)
(-6.12606e-06 -0.284493 0)
(-3.92952e-06 -0.284494 0)
(-1.91293e-06 -0.284495 0)
(-2.45771e-07 -0.284495 0)
(1.04628e-06 -0.284496 0)
(1.99745e-06 -0.284496 0)
(2.66265e-06 -0.284496 0)
(3.0989e-06 -0.284496 0)
(3.35677e-06 -0.284496 0)
(3.47722e-06 -0.284496 0)
(3.49176e-06 -0.284496 0)
(3.42491e-06 -0.284496 0)
(3.29719e-06 -0.284496 0)
(3.1273e-06 -0.284496 0)
(2.93263e-06 -0.284496 0)
(2.72828e-06 -0.284496 0)
(2.52571e-06 -0.284496 0)
(2.33201e-06 -0.284495 0)
(2.15037e-06 -0.284495 0)
(1.98131e-06 -0.284495 0)
(1.82402e-06 -0.284495 0)
(1.67713e-06 -0.284495 0)
(1.53906e-06 -0.284495 0)
(1.40812e-06 -0.284495 0)
(1.28286e-06 -0.284495 0)
(1.16251e-06 -0.284495 0)
(1.0473e-06 -0.284495 0)
(9.38388e-07 -0.284495 0)
(8.37429e-07 -0.284495 0)
(7.45858e-07 -0.284495 0)
(6.64401e-07 -0.284495 0)
(5.92912e-07 -0.284495 0)
(5.3055e-07 -0.284495 0)
(4.76137e-07 -0.284495 0)
(4.2849e-07 -0.284495 0)
(3.86608e-07 -0.284495 0)
(3.49724e-07 -0.284495 0)
(3.17249e-07 -0.284495 0)
(2.88697e-07 -0.284495 0)
(2.63643e-07 -0.284495 0)
(2.41684e-07 -0.284495 0)
(2.22446e-07 -0.284495 0)
(2.05586e-07 -0.284495 0)
(1.90791e-07 -0.284495 0)
(1.77785e-07 -0.284495 0)
(1.66324e-07 -0.284495 0)
(1.56193e-07 -0.284495 0)
(1.47212e-07 -0.284495 0)
(1.39224e-07 -0.284495 0)
(1.32098e-07 -0.284495 0)
(1.25722e-07 -0.284495 0)
(1.20001e-07 -0.284495 0)
(1.14849e-07 -0.284495 0)
(1.10199e-07 -0.284495 0)
(1.05989e-07 -0.284495 0)
(1.02182e-07 -0.284495 0)
(9.87487e-08 -0.284495 0)
(9.56746e-08 -0.284495 0)
(9.29366e-08 -0.284495 0)
(9.04992e-08 -0.284495 0)
(8.8302e-08 -0.284495 0)
(8.62717e-08 -0.284495 0)
(8.43311e-08 -0.284495 0)
(8.24206e-08 -0.284495 0)
(8.05074e-08 -0.284495 0)
(7.85832e-08 -0.284495 0)
(7.66588e-08 -0.284495 0)
(7.47404e-08 -0.284495 0)
(7.28332e-08 -0.284495 0)
(7.09219e-08 -0.284495 0)
(6.89943e-08 -0.284495 0)
(6.70284e-08 -0.284495 0)
(6.50211e-08 -0.284495 0)
(6.29675e-08 -0.284495 0)
(6.08847e-08 -0.284495 0)
(5.87853e-08 -0.284495 0)
(5.6694e-08 -0.284495 0)
(5.46271e-08 -0.284495 0)
(5.2602e-08 -0.284495 0)
(5.06295e-08 -0.284495 0)
(4.87153e-08 -0.284495 0)
(4.68649e-08 -0.284495 0)
(4.5075e-08 -0.284495 0)
(4.33497e-08 -0.284495 0)
(4.1682e-08 -0.284495 0)
(4.00762e-08 -0.284495 0)
(3.85244e-08 -0.284495 0)
(3.70305e-08 -0.284495 0)
(3.55885e-08 -0.284495 0)
(3.41998e-08 -0.284495 0)
(3.28608e-08 -0.284495 0)
(3.15696e-08 -0.284495 0)
(3.03253e-08 -0.284495 0)
(2.91299e-08 -0.284495 0)
(2.79912e-08 -0.284495 0)
(2.69262e-08 -0.284495 0)
(2.5947e-08 -0.284495 0)
(2.50687e-08 -0.284495 0)
(2.42826e-08 -0.284495 0)
(2.35749e-08 -0.284495 0)
(2.29129e-08 -0.284495 0)
(2.22675e-08 -0.284495 0)
(2.16084e-08 -0.284495 0)
(2.0924e-08 -0.284495 0)
(2.02152e-08 -0.284495 0)
(1.95302e-08 -0.284495 0)
(1.89684e-08 -0.284495 0)
(1.87213e-08 -0.284495 0)
(1.90371e-08 -0.284495 0)
(2.01589e-08 -0.284495 0)
(2.21604e-08 -0.284495 0)
(2.48137e-08 -0.284495 0)
(2.75273e-08 -0.284495 0)
(2.94776e-08 -0.284495 0)
(2.98927e-08 -0.284495 0)
(2.83668e-08 -0.284495 0)
(2.50429e-08 -0.284495 0)
(2.05545e-08 -0.284495 0)
(1.5757e-08 -0.284495 0)
(1.14144e-08 -0.284495 0)
(7.958e-09 -0.284495 0)
(5.46347e-09 -0.284495 0)
(3.72965e-09 -0.284495 0)
(2.47789e-09 -0.284495 0)
(1.44195e-09 -0.284495 0)
(4.74251e-10 -0.284495 0)
(-5.11096e-10 -0.284495 0)
(-1.52194e-09 -0.284495 0)
(-2.56425e-09 -0.284495 0)
(-3.62664e-09 -0.284495 0)
(-4.71085e-09 -0.284495 0)
(-5.81321e-09 -0.284495 0)
(-6.92989e-09 -0.284495 0)
(-8.05799e-09 -0.284495 0)
(-9.18641e-09 -0.284495 0)
(-1.03319e-08 -0.284495 0)
(-1.14946e-08 -0.284495 0)
(-1.27046e-08 -0.284495 0)
(-1.3982e-08 -0.284495 0)
(-1.53644e-08 -0.284495 0)
(-1.687e-08 -0.284495 0)
(-1.85016e-08 -0.284495 0)
(-2.02162e-08 -0.284495 0)
(-2.19329e-08 -0.284495 0)
(-2.35355e-08 -0.284495 0)
(-2.49063e-08 -0.284495 0)
(-2.59535e-08 -0.284495 0)
(-2.66515e-08 -0.284495 0)
(-2.70336e-08 -0.284495 0)
(-2.72091e-08 -0.284495 0)
(-2.73014e-08 -0.284495 0)
(-2.74513e-08 -0.284495 0)
(-2.7749e-08 -0.284495 0)
(-2.8258e-08 -0.284495 0)
(-2.89785e-08 -0.284495 0)
(-2.98947e-08 -0.284495 0)
(-3.09604e-08 -0.284495 0)
(-3.21362e-08 -0.284495 0)
(-3.3385e-08 -0.284495 0)
(-3.46779e-08 -0.284495 0)
(-3.59999e-08 -0.284495 0)
(-3.73339e-08 -0.284495 0)
(-3.86763e-08 -0.284495 0)
(-4.00148e-08 -0.284495 0)
(-4.13473e-08 -0.284495 0)
(-4.26669e-08 -0.284495 0)
(-4.39714e-08 -0.284495 0)
(-4.52604e-08 -0.284495 0)
(-4.65324e-08 -0.284495 0)
(-4.77896e-08 -0.284495 0)
(-4.90269e-08 -0.284495 0)
(-5.02455e-08 -0.284495 0)
(-5.14312e-08 -0.284495 0)
(-5.25782e-08 -0.284495 0)
(-5.36624e-08 -0.284495 0)
(-5.46697e-08 -0.284495 0)
(-5.55761e-08 -0.284495 0)
(-5.63739e-08 -0.284495 0)
(-5.70651e-08 -0.284495 0)
(-5.76765e-08 -0.284495 0)
(-5.82624e-08 -0.284495 0)
(-5.88931e-08 -0.284495 0)
(-5.96578e-08 -0.284495 0)
(-6.06282e-08 -0.284495 0)
(-6.18647e-08 -0.284495 0)
(-6.33791e-08 -0.284495 0)
(-6.51573e-08 -0.284495 0)
(-6.7142e-08 -0.284495 0)
(-6.92702e-08 -0.284495 0)
(-7.14707e-08 -0.284495 0)
(-7.36915e-08 -0.284495 0)
(-7.58988e-08 -0.284495 0)
(-7.8079e-08 -0.284495 0)
(-8.02376e-08 -0.284495 0)
(-8.23837e-08 -0.284495 0)
(-8.45372e-08 -0.284495 0)
(-8.67074e-08 -0.284495 0)
(-8.89133e-08 -0.284495 0)
(-9.11609e-08 -0.284495 0)
(-9.34695e-08 -0.284495 0)
(-9.58497e-08 -0.284495 0)
(-9.83265e-08 -0.284495 0)
(-1.0092e-07 -0.284495 0)
(-1.03663e-07 -0.284495 0)
(-1.06585e-07 -0.284495 0)
(-1.09725e-07 -0.284495 0)
(-1.13121e-07 -0.284495 0)
(-1.16814e-07 -0.284495 0)
(-1.20848e-07 -0.284495 0)
(-1.2527e-07 -0.284495 0)
(-1.30135e-07 -0.284495 0)
(-1.35496e-07 -0.284495 0)
(-1.41419e-07 -0.284495 0)
(-1.47976e-07 -0.284495 0)
(-1.55247e-07 -0.284495 0)
(-1.63324e-07 -0.284495 0)
(-1.72313e-07 -0.284495 0)
(-1.82329e-07 -0.284495 0)
(-1.93509e-07 -0.284495 0)
(-2.06e-07 -0.284495 0)
(-2.19972e-07 -0.284495 0)
(-2.35615e-07 -0.284495 0)
(-2.53138e-07 -0.284495 0)
(-2.72778e-07 -0.284495 0)
(-2.94799e-07 -0.284495 0)
(-3.1949e-07 -0.284495 0)
(-3.47177e-07 -0.284495 0)
(-3.78221e-07 -0.284495 0)
(-4.13017e-07 -0.284495 0)
(-4.52007e-07 -0.284495 0)
(-4.95662e-07 -0.284495 0)
(-5.44503e-07 -0.284495 0)
(-5.9909e-07 -0.284495 0)
(-6.60016e-07 -0.284495 0)
(-7.2792e-07 -0.284495 0)
(-8.03465e-07 -0.284495 0)
(-8.87332e-07 -0.284495 0)
(-9.80219e-07 -0.284495 0)
(-1.0828e-06 -0.284495 0)
(-1.19571e-06 -0.284495 0)
(-1.31952e-06 -0.284495 0)
(-1.45466e-06 -0.284495 0)
(-1.60138e-06 -0.284495 0)
(-1.75966e-06 -0.284495 0)
(-1.9291e-06 -0.284495 0)
(-2.10877e-06 -0.284495 0)
(-2.29703e-06 -0.284496 0)
(-2.49134e-06 -0.284496 0)
(-2.68791e-06 -0.284496 0)
(-2.88137e-06 -0.284496 0)
(-3.0643e-06 -0.284496 0)
(-3.22668e-06 -0.284496 0)
(-3.35519e-06 -0.284496 0)
(-3.43237e-06 -0.284496 0)
(-3.43569e-06 -0.284496 0)
(-3.33655e-06 -0.284496 0)
(-3.09925e-06 -0.284496 0)
(-2.68043e-06 -0.284496 0)
(-2.02939e-06 -0.284496 0)
(-1.09052e-06 -0.284496 0)
(1.89719e-07 -0.284496 0)
(1.84581e-06 -0.284495 0)
(3.85348e-06 -0.284494 0)
(6.04534e-06 -0.284493 0)
(7.92136e-06 -0.284492 0)
(8.22452e-06 -0.28449 0)
(3.88012e-06 -0.284488 0)
(-4.09287e-06 -0.206345 0)
(-8.6344e-06 -0.206346 0)
(-8.2769e-06 -0.206348 0)
(-6.32812e-06 -0.206349 0)
(-4.07226e-06 -0.20635 0)
(-2.0099e-06 -0.20635 0)
(-3.08909e-07 -0.20635 0)
(1.00756e-06 -0.206351 0)
(1.97614e-06 -0.206351 0)
(2.65366e-06 -0.206351 0)
(3.09843e-06 -0.206351 0)
(3.36188e-06 -0.206351 0)
(3.48556e-06 -0.206351 0)
(3.50158e-06 -0.206351 0)
(3.43511e-06 -0.206351 0)
(3.30732e-06 -0.206351 0)
(3.13734e-06 -0.206351 0)
(2.94272e-06 -0.206351 0)
(2.73844e-06 -0.206351 0)
(2.53577e-06 -0.206351 0)
(2.34172e-06 -0.206351 0)
(2.15952e-06 -0.20635 0)
(1.98983e-06 -0.20635 0)
(1.83192e-06 -0.20635 0)
(1.68445e-06 -0.20635 0)
(1.54576e-06 -0.20635 0)
(1.41413e-06 -0.20635 0)
(1.28812e-06 -0.20635 0)
(1.16705e-06 -0.20635 0)
(1.05123e-06 -0.20635 0)
(9.41884e-07 -0.20635 0)
(8.40622e-07 -0.20635 0)
(7.48819e-07 -0.20635 0)
(6.67138e-07 -0.20635 0)
(5.95403e-07 -0.20635 0)
(5.32778e-07 -0.20635 0)
(4.78109e-07 -0.20635 0)
(4.30237e-07 -0.20635 0)
(3.88166e-07 -0.20635 0)
(3.51127e-07 -0.20635 0)
(3.18524e-07 -0.20635 0)
(2.89862e-07 -0.20635 0)
(2.64712e-07 -0.20635 0)
(2.42668e-07 -0.20635 0)
(2.23356e-07 -0.20635 0)
(2.06432e-07 -0.20635 0)
(1.91581e-07 -0.20635 0)
(1.78527e-07 -0.20635 0)
(1.67023e-07 -0.20635 0)
(1.56856e-07 -0.20635 0)
(1.47842e-07 -0.20635 0)
(1.39825e-07 -0.20635 0)
(1.32672e-07 -0.20635 0)
(1.26272e-07 -0.20635 0)
(1.20528e-07 -0.20635 0)
(1.15355e-07 -0.20635 0)
(1.10684e-07 -0.20635 0)
(1.06456e-07 -0.20635 0)
(1.02632e-07 -0.20635 0)
(9.91848e-08 -0.20635 0)
(9.60993e-08 -0.20635 0)
(9.33517e-08 -0.20635 0)
(9.09055e-08 -0.20635 0)
(8.86988e-08 -0.20635 0)
(8.66581e-08 -0.20635 0)
(8.47062e-08 -0.20635 0)
(8.27845e-08 -0.20635 0)
(8.0861e-08 -0.20635 0)
(7.89277e-08 -0.20635 0)
(7.69954e-08 -0.20635 0)
(7.50692e-08 -0.20635 0)
(7.3154e-08 -0.20635 0)
(7.12341e-08 -0.20635 0)
(6.92975e-08 -0.20635 0)
(6.73222e-08 -0.20635 0)
(6.53056e-08 -0.20635 0)
(6.32431e-08 -0.20635 0)
(6.11516e-08 -0.20635 0)
(5.90439e-08 -0.20635 0)
(5.69445e-08 -0.20635 0)
(5.48698e-08 -0.20635 0)
(5.2837e-08 -0.20635 0)
(5.08569e-08 -0.20635 0)
(4.89351e-08 -0.20635 0)
(4.70774e-08 -0.20635 0)
(4.52803e-08 -0.20635 0)
(4.3548e-08 -0.20635 0)
(4.18735e-08 -0.20635 0)
(4.02612e-08 -0.20635 0)
(3.8703e-08 -0.20635 0)
(3.7203e-08 -0.20635 0)
(3.5755e-08 -0.20635 0)
(3.43607e-08 -0.20635 0)
(3.30162e-08 -0.20635 0)
(3.17198e-08 -0.20635 0)
(3.04705e-08 -0.20635 0)
(2.92704e-08 -0.20635 0)
(2.81273e-08 -0.20635 0)
(2.70582e-08 -0.20635 0)
(2.60753e-08 -0.20635 0)
(2.51936e-08 -0.20635 0)
(2.44044e-08 -0.20635 0)
(2.36938e-08 -0.20635 0)
(2.30291e-08 -0.20635 0)
(2.23809e-08 -0.20635 0)
(2.17188e-08 -0.20635 0)
(2.10309e-08 -0.20635 0)
(2.0318e-08 -0.20635 0)
(1.96289e-08 -0.20635 0)
(1.90646e-08 -0.20635 0)
(1.88191e-08 -0.20635 0)
(1.91424e-08 -0.20635 0)
(2.02766e-08 -0.20635 0)
(2.22906e-08 -0.20635 0)
(2.49489e-08 -0.20635 0)
(2.76546e-08 -0.20635 0)
(2.95841e-08 -0.20635 0)
(2.99726e-08 -0.20635 0)
(2.84235e-08 -0.20635 0)
(2.50872e-08 -0.20635 0)
(2.05976e-08 -0.20635 0)
(1.58052e-08 -0.20635 0)
(1.14669e-08 -0.20635 0)
(8.00942e-09 -0.20635 0)
(5.50806e-09 -0.20635 0)
(3.76397e-09 -0.20635 0)
(2.50165e-09 -0.20635 0)
(1.45674e-09 -0.20635 0)
(4.82171e-10 -0.20635 0)
(-5.08613e-10 -0.20635 0)
(-1.52417e-09 -0.20635 0)
(-2.57103e-09 -0.20635 0)
(-3.63798e-09 -0.20635 0)
(-4.72685e-09 -0.20635 0)
(-5.834e-09 -0.20635 0)
(-6.95552e-09 -0.20635 0)
(-8.08857e-09 -0.20635 0)
(-9.22193e-09 -0.20635 0)
(-1.03725e-08 -0.20635 0)
(-1.15405e-08 -0.20635 0)
(-1.2756e-08 -0.20635 0)
(-1.40394e-08 -0.20635 0)
(-1.54285e-08 -0.20635 0)
(-1.6941e-08 -0.20635 0)
(-1.85795e-08 -0.20635 0)
(-2.03002e-08 -0.20635 0)
(-2.20217e-08 -0.20635 0)
(-2.36276e-08 -0.20635 0)
(-2.50006e-08 -0.20635 0)
(-2.60495e-08 -0.20635 0)
(-2.67497e-08 -0.20635 0)
(-2.71348e-08 -0.20635 0)
(-2.73145e-08 -0.20635 0)
(-2.74118e-08 -0.20635 0)
(-2.7567e-08 -0.20635 0)
(-2.78699e-08 -0.20635 0)
(-2.83837e-08 -0.20635 0)
(-2.91085e-08 -0.20635 0)
(-3.00287e-08 -0.20635 0)
(-3.10986e-08 -0.20635 0)
(-3.22787e-08 -0.20635 0)
(-3.35322e-08 -0.20635 0)
(-3.483e-08 -0.20635 0)
(-3.61574e-08 -0.20635 0)
(-3.74968e-08 -0.20635 0)
(-3.88447e-08 -0.20635 0)
(-4.01889e-08 -0.20635 0)
(-4.15271e-08 -0.20635 0)
(-4.28523e-08 -0.20635 0)
(-4.41625e-08 -0.20635 0)
(-4.5457e-08 -0.20635 0)
(-4.67345e-08 -0.20635 0)
(-4.79973e-08 -0.20635 0)
(-4.924e-08 -0.20635 0)
(-5.0464e-08 -0.20635 0)
(-5.16548e-08 -0.20635 0)
(-5.28068e-08 -0.20635 0)
(-5.38955e-08 -0.20635 0)
(-5.49068e-08 -0.20635 0)
(-5.58166e-08 -0.20635 0)
(-5.66174e-08 -0.20635 0)
(-5.73114e-08 -0.20635 0)
(-5.79258e-08 -0.20635 0)
(-5.85156e-08 -0.20635 0)
(-5.91513e-08 -0.20635 0)
(-5.99226e-08 -0.20635 0)
(-6.09007e-08 -0.20635 0)
(-6.21459e-08 -0.20635 0)
(-6.36691e-08 -0.20635 0)
(-6.54558e-08 -0.20635 0)
(-6.74485e-08 -0.20635 0)
(-6.95843e-08 -0.20635 0)
(-7.1792e-08 -0.20635 0)
(-7.40202e-08 -0.20635 0)
(-7.62354e-08 -0.20635 0)
(-7.84239e-08 -0.20635 0)
(-8.05914e-08 -0.20635 0)
(-8.27465e-08 -0.20635 0)
(-8.49094e-08 -0.20635 0)
(-8.70889e-08 -0.20635 0)
(-8.93042e-08 -0.20635 0)
(-9.15612e-08 -0.20635 0)
(-9.38796e-08 -0.20635 0)
(-9.62698e-08 -0.20635 0)
(-9.87572e-08 -0.20635 0)
(-1.01362e-07 -0.20635 0)
(-1.04117e-07 -0.20635 0)
(-1.07052e-07 -0.20635 0)
(-1.10206e-07 -0.20635 0)
(-1.13616e-07 -0.20635 0)
(-1.17325e-07 -0.20635 0)
(-1.21378e-07 -0.20635 0)
(-1.25819e-07 -0.20635 0)
(-1.30704e-07 -0.20635 0)
(-1.36088e-07 -0.20635 0)
(-1.42037e-07 -0.20635 0)
(-1.48621e-07 -0.20635 0)
(-1.55923e-07 -0.20635 0)
(-1.64034e-07 -0.20635 0)
(-1.73061e-07 -0.20635 0)
(-1.8312e-07 -0.20635 0)
(-1.94347e-07 -0.20635 0)
(-2.0689e-07 -0.20635 0)
(-2.20921e-07 -0.20635 0)
(-2.3663e-07 -0.20635 0)
(-2.54227e-07 -0.20635 0)
(-2.73949e-07 -0.20635 0)
(-2.96062e-07 -0.20635 0)
(-3.20856e-07 -0.20635 0)
(-3.48659e-07 -0.20635 0)
(-3.79833e-07 -0.20635 0)
(-4.14774e-07 -0.20635 0)
(-4.53925e-07 -0.20635 0)
(-4.97762e-07 -0.20635 0)
(-5.46805e-07 -0.20635 0)
(-6.01618e-07 -0.20635 0)
(-6.62796e-07 -0.20635 0)
(-7.30979e-07 -0.20635 0)
(-8.06833e-07 -0.20635 0)
(-8.91043e-07 -0.20635 0)
(-9.84307e-07 -0.20635 0)
(-1.0873e-06 -0.20635 0)
(-1.20067e-06 -0.20635 0)
(-1.32497e-06 -0.20635 0)
(-1.46064e-06 -0.20635 0)
(-1.60793e-06 -0.20635 0)
(-1.76681e-06 -0.20635 0)
(-1.93688e-06 -0.20635 0)
(-2.11719e-06 -0.20635 0)
(-2.30611e-06 -0.206351 0)
(-2.50105e-06 -0.206351 0)
(-2.6982e-06 -0.206351 0)
(-2.89213e-06 -0.206351 0)
(-3.07537e-06 -0.206351 0)
(-3.23779e-06 -0.206351 0)
(-3.36593e-06 -0.206351 0)
(-3.44214e-06 -0.206351 0)
(-3.44362e-06 -0.206351 0)
(-3.34133e-06 -0.206351 0)
(-3.09905e-06 -0.206351 0)
(-2.6726e-06 -0.206351 0)
(-2.0101e-06 -0.206351 0)
(-1.05422e-06 -0.206351 0)
(2.50835e-07 -0.206351 0)
(1.94179e-06 -0.20635 0)
(3.99612e-06 -0.20635 0)
(6.24705e-06 -0.206349 0)
(8.19085e-06 -0.206348 0)
(8.54548e-06 -0.206346 0)
(4.04875e-06 -0.206345 0)
(-4.1951e-06 -0.142849 0)
(-8.8268e-06 -0.142851 0)
(-8.43546e-06 -0.142852 0)
(-6.44555e-06 -0.142852 0)
(-4.15516e-06 -0.142853 0)
(-2.06624e-06 -0.142853 0)
(-3.45643e-07 -0.142853 0)
(9.85e-07 -0.142854 0)
(1.96373e-06 -0.142854 0)
(2.64843e-06 -0.142854 0)
(3.09816e-06 -0.142854 0)
(3.36481e-06 -0.142854 0)
(3.49028e-06 -0.142854 0)
(3.50708e-06 -0.142854 0)
(3.4408e-06 -0.142854 0)
(3.31299e-06 -0.142854 0)
(3.14303e-06 -0.142854 0)
(2.9485e-06 -0.142854 0)
(2.74431e-06 -0.142854 0)
(2.5416e-06 -0.142854 0)
(2.34734e-06 -0.142853 0)
(2.16481e-06 -0.142853 0)
(1.99475e-06 -0.142853 0)
(1.8365e-06 -0.142853 0)
(1.68869e-06 -0.142853 0)
(1.54963e-06 -0.142853 0)
(1.41758e-06 -0.142853 0)
(1.29112e-06 -0.142853 0)
(1.16963e-06 -0.142853 0)
(1.05347e-06 -0.142853 0)
(9.43877e-07 -0.142853 0)
(8.42453e-07 -0.142853 0)
(7.50519e-07 -0.142853 0)
(6.68704e-07 -0.142853 0)
(5.96818e-07 -0.142853 0)
(5.34035e-07 -0.142853 0)
(4.79216e-07 -0.142853 0)
(4.31213e-07 -0.142853 0)
(3.89036e-07 -0.142853 0)
(3.51911e-07 -0.142853 0)
(3.19236e-07 -0.142853 0)
(2.90513e-07 -0.142853 0)
(2.6531e-07 -0.142853 0)
(2.43219e-07 -0.142853 0)
(2.23867e-07 -0.142853 0)
(2.06908e-07 -0.142853 0)
(1.92026e-07 -0.142853 0)
(1.78946e-07 -0.142853 0)
(1.6742e-07 -0.142853 0)
(1.57233e-07 -0.142853 0)
(1.48202e-07 -0.142853 0)
(1.40169e-07 -0.142853 0)
(1.33002e-07 -0.142853 0)
(1.26589e-07 -0.142853 0)
(1.20832e-07 -0.142853 0)
(1.15646e-07 -0.142853 0)
(1.10964e-07 -0.142853 0)
(1.06725e-07 -0.142853 0)
(1.02892e-07 -0.142853 0)
(9.94368e-08 -0.142853 0)
(9.63446e-08 -0.142853 0)
(9.35913e-08 -0.142853 0)
(9.11397e-08 -0.142853 0)
(8.89272e-08 -0.142853 0)
(8.68801e-08 -0.142853 0)
(8.49214e-08 -0.142853 0)
(8.29932e-08 -0.142853 0)
(8.10639e-08 -0.142853 0)
(7.91256e-08 -0.142853 0)
(7.71888e-08 -0.142853 0)
(7.52582e-08 -0.142853 0)
(7.33384e-08 -0.142853 0)
(7.14136e-08 -0.142853 0)
(6.94718e-08 -0.142853 0)
(6.74912e-08 -0.142853 0)
(6.54695e-08 -0.142853 0)
(6.3402e-08 -0.142853 0)
(6.13058e-08 -0.142853 0)
(5.91935e-08 -0.142853 0)
(5.70897e-08 -0.142853 0)
(5.50106e-08 -0.142853 0)
(5.29735e-08 -0.142853 0)
(5.09893e-08 -0.142853 0)
(4.90632e-08 -0.142853 0)
(4.72014e-08 -0.142853 0)
(4.54002e-08 -0.142853 0)
(4.3664e-08 -0.142853 0)
(4.19857e-08 -0.142853 0)
(4.03696e-08 -0.142853 0)
(3.88078e-08 -0.142853 0)
(3.73044e-08 -0.142853 0)
(3.58531e-08 -0.142853 0)
(3.44555e-08 -0.142853 0)
(3.31079e-08 -0.142853 0)
(3.18085e-08 -0.142853 0)
(3.05564e-08 -0.142853 0)
(2.93535e-08 -0.142853 0)
(2.82079e-08 -0.142853 0)
(2.71364e-08 -0.142853 0)
(2.61514e-08 -0.142853 0)
(2.52676e-08 -0.142853 0)
(2.44766e-08 -0.142853 0)
(2.37642e-08 -0.142853 0)
(2.30977e-08 -0.142853 0)
(2.24478e-08 -0.142853 0)
(2.17838e-08 -0.142853 0)
(2.10938e-08 -0.142853 0)
(2.03786e-08 -0.142853 0)
(1.96873e-08 -0.142853 0)
(1.91219e-08 -0.142853 0)
(1.88777e-08 -0.142853 0)
(1.92054e-08 -0.142853 0)
(2.03459e-08 -0.142853 0)
(2.23651e-08 -0.142853 0)
(2.50235e-08 -0.142853 0)
(2.77218e-08 -0.142853 0)
(2.96377e-08 -0.142853 0)
(3.00109e-08 -0.142853 0)
(2.84503e-08 -0.142853 0)
(2.51097e-08 -0.142853 0)
(2.06221e-08 -0.142853 0)
(1.58345e-08 -0.142853 0)
(1.14994e-08 -0.142853 0)
(8.04118e-09 -0.142853 0)
(5.53543e-09 -0.142853 0)
(3.78494e-09 -0.142853 0)
(2.51623e-09 -0.142853 0)
(1.46599e-09 -0.142853 0)
(4.87413e-10 -0.142853 0)
(-5.06517e-10 -0.142853 0)
(-1.52479e-09 -0.142853 0)
(-2.57428e-09 -0.142853 0)
(-3.64386e-09 -0.142853 0)
(-4.73541e-09 -0.142853 0)
(-5.84531e-09 -0.142853 0)
(-6.96961e-09 -0.142853 0)
(-8.10549e-09 -0.142853 0)
(-9.24169e-09 -0.142853 0)
(-1.03952e-08 -0.142853 0)
(-1.15662e-08 -0.142853 0)
(-1.27849e-08 -0.142853 0)
(-1.40718e-08 -0.142853 0)
(-1.54646e-08 -0.142853 0)
(-1.6981e-08 -0.142853 0)
(-1.86232e-08 -0.142853 0)
(-2.03471e-08 -0.142853 0)
(-2.2071e-08 -0.142853 0)
(-2.36785e-08 -0.142853 0)
(-2.50527e-08 -0.142853 0)
(-2.61027e-08 -0.142853 0)
(-2.68045e-08 -0.142853 0)
(-2.71918e-08 -0.142853 0)
(-2.73744e-08 -0.142853 0)
(-2.74749e-08 -0.142853 0)
(-2.76336e-08 -0.142853 0)
(-2.79396e-08 -0.142853 0)
(-2.84562e-08 -0.142853 0)
(-2.91835e-08 -0.142853 0)
(-3.01061e-08 -0.142853 0)
(-3.11782e-08 -0.142853 0)
(-3.23608e-08 -0.142853 0)
(-3.36169e-08 -0.142853 0)
(-3.49175e-08 -0.142853 0)
(-3.62478e-08 -0.142853 0)
(-3.75903e-08 -0.142853 0)
(-3.89415e-08 -0.142853 0)
(-4.02889e-08 -0.142853 0)
(-4.16303e-08 -0.142853 0)
(-4.29588e-08 -0.142853 0)
(-4.42722e-08 -0.142853 0)
(-4.55699e-08 -0.142853 0)
(-4.68506e-08 -0.142853 0)
(-4.81166e-08 -0.142853 0)
(-4.93624e-08 -0.142853 0)
(-5.05895e-08 -0.142853 0)
(-5.17833e-08 -0.142853 0)
(-5.29382e-08 -0.142853 0)
(-5.40294e-08 -0.142853 0)
(-5.5043e-08 -0.142853 0)
(-5.59549e-08 -0.142853 0)
(-5.67575e-08 -0.142853 0)
(-5.74534e-08 -0.142853 0)
(-5.807e-08 -0.142853 0)
(-5.86624e-08 -0.142853 0)
(-5.93015e-08 -0.142853 0)
(-6.00769e-08 -0.142853 0)
(-6.10597e-08 -0.142853 0)
(-6.23099e-08 -0.142853 0)
(-6.3838e-08 -0.142853 0)
(-6.56294e-08 -0.142853 0)
(-6.76263e-08 -0.142853 0)
(-6.9766e-08 -0.142853 0)
(-7.19777e-08 -0.142853 0)
(-7.421e-08 -0.142853 0)
(-7.64296e-08 -0.142853 0)
(-7.86228e-08 -0.142853 0)
(-8.07954e-08 -0.142853 0)
(-8.29558e-08 -0.142853 0)
(-8.51239e-08 -0.142853 0)
(-8.73088e-08 -0.142853 0)
(-8.95296e-08 -0.142853 0)
(-9.1792e-08 -0.142853 0)
(-9.4116e-08 -0.142853 0)
(-9.6512e-08 -0.142853 0)
(-9.90055e-08 -0.142853 0)
(-1.01617e-07 -0.142853 0)
(-1.04379e-07 -0.142853 0)
(-1.07321e-07 -0.142853 0)
(-1.10483e-07 -0.142853 0)
(-1.13902e-07 -0.142853 0)
(-1.1762e-07 -0.142853 0)
(-1.21683e-07 -0.142853 0)
(-1.26135e-07 -0.142853 0)
(-1.31033e-07 -0.142853 0)
(-1.3643e-07 -0.142853 0)
(-1.42393e-07 -0.142853 0)
(-1.48993e-07 -0.142853 0)
(-1.56313e-07 -0.142853 0)
(-1.64443e-07 -0.142853 0)
(-1.73492e-07 -0.142853 0)
(-1.83575e-07 -0.142853 0)
(-1.94829e-07 -0.142853 0)
(-2.07403e-07 -0.142853 0)
(-2.21467e-07 -0.142853 0)
(-2.37214e-07 -0.142853 0)
(-2.54853e-07 -0.142853 0)
(-2.74623e-07 -0.142853 0)
(-2.96789e-07 -0.142853 0)
(-3.21642e-07 -0.142853 0)
(-3.49511e-07 -0.142853 0)
(-3.80759e-07 -0.142853 0)
(-4.15783e-07 -0.142853 0)
(-4.55028e-07 -0.142853 0)
(-4.98969e-07 -0.142853 0)
(-5.48128e-07 -0.142853 0)
(-6.03071e-07 -0.142853 0)
(-6.64393e-07 -0.142853 0)
(-7.32736e-07 -0.142853 0)
(-8.08768e-07 -0.142853 0)
(-8.93175e-07 -0.142853 0)
(-9.86656e-07 -0.142853 0)
(-1.08989e-06 -0.142853 0)
(-1.20351e-06 -0.142853 0)
(-1.3281e-06 -0.142853 0)
(-1.46407e-06 -0.142853 0)
(-1.61169e-06 -0.142853 0)
(-1.77092e-06 -0.142853 0)
(-1.94135e-06 -0.142853 0)
(-2.12204e-06 -0.142853 0)
(-2.31133e-06 -0.142853 0)
(-2.50664e-06 -0.142854 0)
(-2.70412e-06 -0.142854 0)
(-2.89834e-06 -0.142854 0)
(-3.08176e-06 -0.142854 0)
(-3.24422e-06 -0.142854 0)
(-3.37217e-06 -0.142854 0)
(-3.44785e-06 -0.142854 0)
(-3.4483e-06 -0.142854 0)
(-3.34425e-06 -0.142854 0)
(-3.09911e-06 -0.142854 0)
(-2.66817e-06 -0.142854 0)
(-1.99879e-06 -0.142854 0)
(-1.03265e-06 -0.142854 0)
(2.8709e-07 -0.142854 0)
(1.99814e-06 -0.142853 0)
(4.07918e-06 -0.142853 0)
(6.36419e-06 -0.142852 0)
(8.34767e-06 -0.142852 0)
(8.73436e-06 -0.142851 0)
(4.14884e-06 -0.142849 0)
(-4.25104e-06 -0.0912562 0)
(-8.93188e-06 -0.0912569 0)
(-8.5218e-06 -0.0912576 0)
(-6.50945e-06 -0.0912581 0)
(-4.20027e-06 -0.0912584 0)
(-2.09692e-06 -0.0912587 0)
(-3.65659e-07 -0.0912588 0)
(9.72705e-07 -0.0912589 0)
(1.95697e-06 -0.091259 0)
(2.6456e-06 -0.091259 0)
(3.09803e-06 -0.091259 0)
(3.36639e-06 -0.091259 0)
(3.4928e-06 -0.091259 0)
(3.50999e-06 -0.091259 0)
(3.4438e-06 -0.091259 0)
(3.316e-06 -0.0912589 0)
(3.14608e-06 -0.0912589 0)
(2.95164e-06 -0.0912589 0)
(2.74752e-06 -0.0912589 0)
(2.54479e-06 -0.0912589 0)
(2.35041e-06 -0.0912588 0)
(2.1677e-06 -0.0912588 0)
(1.99744e-06 -0.0912588 0)
(1.839e-06 -0.0912588 0)
(1.691e-06 -0.0912588 0)
(1.55173e-06 -0.0912587 0)
(1.41944e-06 -0.0912587 0)
(1.29273e-06 -0.0912587 0)
(1.17101e-06 -0.0912587 0)
(1.05467e-06 -0.0912587 0)
(9.44956e-07 -0.0912587 0)
(8.43444e-07 -0.0912587 0)
(7.51435e-07 -0.0912587 0)
(6.6954e-07 -0.0912587 0)
(5.97566e-07 -0.0912587 0)
(5.34693e-07 -0.0912586 0)
(4.7979e-07 -0.0912586 0)
(4.31718e-07 -0.0912586 0)
(3.89484e-07 -0.0912586 0)
(3.52315e-07 -0.0912586 0)
(3.19603e-07 -0.0912586 0)
(2.90848e-07 -0.0912586 0)
(2.65618e-07 -0.0912586 0)
(2.43504e-07 -0.0912586 0)
(2.24131e-07 -0.0912586 0)
(2.07155e-07 -0.0912586 0)
(1.92259e-07 -0.0912586 0)
(1.79166e-07 -0.0912586 0)
(1.67629e-07 -0.0912586 0)
(1.57433e-07 -0.0912586 0)
(1.48394e-07 -0.0912586 0)
(1.40354e-07 -0.0912586 0)
(1.3318e-07 -0.0912586 0)
(1.2676e-07 -0.0912586 0)
(1.20996e-07 -0.0912586 0)
(1.15804e-07 -0.0912586 0)
(1.11116e-07 -0.0912586 0)
(1.06871e-07 -0.0912586 0)
(1.03033e-07 -0.0912586 0)
(9.95736e-08 -0.0912586 0)
(9.64779e-08 -0.0912586 0)
(9.37214e-08 -0.0912586 0)
(9.12665e-08 -0.0912586 0)
(8.90506e-08 -0.0912586 0)
(8.69999e-08 -0.0912586 0)
(8.50376e-08 -0.0912586 0)
(8.31059e-08 -0.0912586 0)
(8.11735e-08 -0.0912586 0)
(7.92326e-08 -0.0912586 0)
(7.72934e-08 -0.0912586 0)
(7.53605e-08 -0.0912586 0)
(7.34382e-08 -0.0912586 0)
(7.15107e-08 -0.0912586 0)
(6.95661e-08 -0.0912586 0)
(6.75828e-08 -0.0912586 0)
(6.55584e-08 -0.0912586 0)
(6.34883e-08 -0.0912586 0)
(6.13897e-08 -0.0912586 0)
(5.9275e-08 -0.0912586 0)
(5.71689e-08 -0.0912586 0)
(5.50876e-08 -0.0912586 0)
(5.30482e-08 -0.0912586 0)
(5.10617e-08 -0.0912586 0)
(4.91334e-08 -0.0912586 0)
(4.72694e-08 -0.0912586 0)
(4.54661e-08 -0.0912586 0)
(4.37278e-08 -0.0912586 0)
(4.20474e-08 -0.0912586 0)
(4.04294e-08 -0.0912586 0)
(3.88657e-08 -0.0912586 0)
(3.73603e-08 -0.0912586 0)
(3.59072e-08 -0.0912586 0)
(3.45079e-08 -0.0912586 0)
(3.31587e-08 -0.0912586 0)
(3.18577e-08 -0.0912586 0)
(3.06039e-08 -0.0912586 0)
(2.93996e-08 -0.0912586 0)
(2.82527e-08 -0.0912586 0)
(2.71798e-08 -0.0912586 0)
(2.61937e-08 -0.0912586 0)
(2.53087e-08 -0.0912586 0)
(2.45166e-08 -0.0912586 0)
(2.38031e-08 -0.0912586 0)
(2.31356e-08 -0.0912586 0)
(2.24846e-08 -0.0912586 0)
(2.18195e-08 -0.0912586 0)
(2.11284e-08 -0.0912586 0)
(2.04119e-08 -0.0912586 0)
(1.97196e-08 -0.0912586 0)
(1.91538e-08 -0.0912586 0)
(1.89105e-08 -0.0912586 0)
(1.92405e-08 -0.0912586 0)
(2.03838e-08 -0.0912586 0)
(2.24047e-08 -0.0912586 0)
(2.50618e-08 -0.0912586 0)
(2.77549e-08 -0.0912586 0)
(2.9663e-08 -0.0912586 0)
(3.00283e-08 -0.0912586 0)
(2.84626e-08 -0.0912586 0)
(2.5121e-08 -0.0912586 0)
(2.06357e-08 -0.0912586 0)
(1.58514e-08 -0.0912586 0)
(1.15182e-08 -0.0912586 0)
(8.05947e-09 -0.0912586 0)
(5.55107e-09 -0.0912586 0)
(3.7969e-09 -0.0912586 0)
(2.52457e-09 -0.0912586 0)
(1.47138e-09 -0.0912586 0)
(4.90585e-10 -0.0912586 0)
(-5.05067e-10 -0.0912586 0)
(-1.52484e-09 -0.0912586 0)
(-2.57575e-09 -0.0912586 0)
(-3.64676e-09 -0.0912586 0)
(-4.73975e-09 -0.0912586 0)
(-5.85114e-09 -0.0912586 0)
(-6.97694e-09 -0.0912586 0)
(-8.11434e-09 -0.0912586 0)
(-9.25207e-09 -0.0912586 0)
(-1.04072e-08 -0.0912586 0)
(-1.15798e-08 -0.0912586 0)
(-1.28003e-08 -0.0912586 0)
(-1.40891e-08 -0.0912586 0)
(-1.54839e-08 -0.0912586 0)
(-1.70023e-08 -0.0912586 0)
(-1.86464e-08 -0.0912586 0)
(-2.03718e-08 -0.0912586 0)
(-2.20969e-08 -0.0912586 0)
(-2.37052e-08 -0.0912586 0)
(-2.50799e-08 -0.0912586 0)
(-2.61306e-08 -0.0912586 0)
(-2.68334e-08 -0.0912586 0)
(-2.72222e-08 -0.0912586 0)
(-2.74066e-08 -0.0912586 0)
(-2.75091e-08 -0.0912586 0)
(-2.76698e-08 -0.0912586 0)
(-2.79775e-08 -0.0912586 0)
(-2.84957e-08 -0.0912586 0)
(-2.92242e-08 -0.0912586 0)
(-3.0148e-08 -0.0912586 0)
(-3.12214e-08 -0.0912586 0)
(-3.24053e-08 -0.0912586 0)
(-3.36628e-08 -0.0912586 0)
(-3.49649e-08 -0.0912586 0)
(-3.62968e-08 -0.0912586 0)
(-3.76409e-08 -0.0912586 0)
(-3.89938e-08 -0.0912586 0)
(-4.03429e-08 -0.0912586 0)
(-4.16861e-08 -0.0912586 0)
(-4.30164e-08 -0.0912586 0)
(-4.43315e-08 -0.0912586 0)
(-4.5631e-08 -0.0912586 0)
(-4.69134e-08 -0.0912586 0)
(-4.81812e-08 -0.0912586 0)
(-4.94286e-08 -0.0912586 0)
(-5.06573e-08 -0.0912586 0)
(-5.18527e-08 -0.0912586 0)
(-5.30092e-08 -0.0912586 0)
(-5.41018e-08 -0.0912586 0)
(-5.51167e-08 -0.0912586 0)
(-5.60298e-08 -0.0912586 0)
(-5.68335e-08 -0.0912586 0)
(-5.75306e-08 -0.0912586 0)
(-5.81485e-08 -0.0912586 0)
(-5.87426e-08 -0.0912586 0)
(-5.93838e-08 -0.0912586 0)
(-6.01616e-08 -0.0912586 0)
(-6.1147e-08 -0.0912586 0)
(-6.23998e-08 -0.0912586 0)
(-6.39304e-08 -0.0912586 0)
(-6.57241e-08 -0.0912586 0)
(-6.77232e-08 -0.0912586 0)
(-6.98648e-08 -0.0912586 0)
(-7.20785e-08 -0.0912586 0)
(-7.4313e-08 -0.0912586 0)
(-7.65349e-08 -0.0912586 0)
(-7.87307e-08 -0.0912586 0)
(-8.0906e-08 -0.0912586 0)
(-8.30692e-08 -0.0912586 0)
(-8.52403e-08 -0.0912586 0)
(-8.7428e-08 -0.0912586 0)
(-8.96517e-08 -0.0912586 0)
(-9.19171e-08 -0.0912586 0)
(-9.42441e-08 -0.0912586 0)
(-9.66433e-08 -0.0912586 0)
(-9.91402e-08 -0.0912586 0)
(-1.01755e-07 -0.0912586 0)
(-1.04521e-07 -0.0912586 0)
(-1.07467e-07 -0.0912586 0)
(-1.10634e-07 -0.0912586 0)
(-1.14057e-07 -0.0912586 0)
(-1.1778e-07 -0.0912586 0)
(-1.21848e-07 -0.0912586 0)
(-1.26307e-07 -0.0912586 0)
(-1.31211e-07 -0.0912586 0)
(-1.36615e-07 -0.0912586 0)
(-1.42586e-07 -0.0912586 0)
(-1.49195e-07 -0.0912586 0)
(-1.56524e-07 -0.0912586 0)
(-1.64665e-07 -0.0912586 0)
(-1.73726e-07 -0.0912586 0)
(-1.83822e-07 -0.0912586 0)
(-1.9509e-07 -0.0912586 0)
(-2.07681e-07 -0.0912586 0)
(-2.21763e-07 -0.0912586 0)
(-2.3753e-07 -0.0912586 0)
(-2.55192e-07 -0.0912586 0)
(-2.74987e-07 -0.0912586 0)
(-2.97182e-07 -0.0912586 0)
(-3.22067e-07 -0.0912586 0)
(-3.49972e-07 -0.0912586 0)
(-3.8126e-07 -0.0912587 0)
(-4.1633e-07 -0.0912587 0)
(-4.55624e-07 -0.0912587 0)
(-4.99622e-07 -0.0912587 0)
(-5.48844e-07 -0.0912587 0)
(-6.03857e-07 -0.0912587 0)
(-6.65257e-07 -0.0912587 0)
(-7.33687e-07 -0.0912587 0)
(-8.09816e-07 -0.0912587 0)
(-8.94329e-07 -0.0912587 0)
(-9.87927e-07 -0.0912587 0)
(-1.09129e-06 -0.0912587 0)
(-1.20505e-06 -0.0912587 0)
(-1.32979e-06 -0.0912587 0)
(-1.46593e-06 -0.0912588 0)
(-1.61373e-06 -0.0912588 0)
(-1.77315e-06 -0.0912588 0)
(-1.94378e-06 -0.0912588 0)
(-2.12467e-06 -0.0912588 0)
(-2.31417e-06 -0.0912588 0)
(-2.50968e-06 -0.0912589 0)
(-2.70735e-06 -0.0912589 0)
(-2.90173e-06 -0.0912589 0)
(-3.08527e-06 -0.0912589 0)
(-3.24777e-06 -0.091259 0)
(-3.37564e-06 -0.091259 0)
(-3.45106e-06 -0.091259 0)
(-3.45097e-06 -0.091259 0)
(-3.34595e-06 -0.091259 0)
(-3.09918e-06 -0.0912591 0)
(-2.66565e-06 -0.091259 0)
(-1.9923e-06 -0.091259 0)
(-1.02045e-06 -0.091259 0)
(3.07169e-07 -0.0912589 0)
(2.02892e-06 -0.0912587 0)
(4.12434e-06 -0.0912584 0)
(6.42786e-06 -0.0912581 0)
(8.43294e-06 -0.0912576 0)
(8.83754e-06 -0.091257 0)
(4.20372e-06 -0.0912563 0)
(-4.27795e-06 -0.0493342 0)
(-8.98254e-06 -0.0493345 0)
(-8.56357e-06 -0.0493349 0)
(-6.54038e-06 -0.0493352 0)
(-4.22211e-06 -0.0493353 0)
(-2.11178e-06 -0.0493355 0)
(-3.75357e-07 -0.0493356 0)
(9.66752e-07 -0.0493356 0)
(1.95371e-06 -0.0493357 0)
(2.64425e-06 -0.0493357 0)
(3.09798e-06 -0.0493357 0)
(3.36715e-06 -0.0493357 0)
(3.494e-06 -0.0493357 0)
(3.51136e-06 -0.0493357 0)
(3.44522e-06 -0.0493356 0)
(3.31744e-06 -0.0493356 0)
(3.14756e-06 -0.0493356 0)
(2.95317e-06 -0.0493356 0)
(2.74909e-06 -0.0493356 0)
(2.54635e-06 -0.0493356 0)
(2.35191e-06 -0.0493356 0)
(2.1691e-06 -0.0493356 0)
(1.99875e-06 -0.0493356 0)
(1.84022e-06 -0.0493355 0)
(1.69213e-06 -0.0493355 0)
(1.55275e-06 -0.0493355 0)
(1.42033e-06 -0.0493355 0)
(1.2935e-06 -0.0493355 0)
(1.17167e-06 -0.0493355 0)
(1.05525e-06 -0.0493355 0)
(9.45477e-07 -0.0493355 0)
(8.4392e-07 -0.0493355 0)
(7.51871e-07 -0.0493355 0)
(6.69933e-07 -0.0493355 0)
(5.97913e-07 -0.0493355 0)
(5.34994e-07 -0.0493355 0)
(4.80051e-07 -0.0493355 0)
(4.31945e-07 -0.0493355 0)
(3.89685e-07 -0.0493355 0)
(3.52495e-07 -0.0493355 0)
(3.19766e-07 -0.0493355 0)
(2.90997e-07 -0.0493355 0)
(2.65755e-07 -0.0493355 0)
(2.43631e-07 -0.0493355 0)
(2.24249e-07 -0.0493355 0)
(2.07265e-07 -0.0493355 0)
(1.92363e-07 -0.0493355 0)
(1.79265e-07 -0.0493355 0)
(1.67725e-07 -0.0493355 0)
(1.57525e-07 -0.0493355 0)
(1.48484e-07 -0.0493355 0)
(1.40441e-07 -0.0493355 0)
(1.33265e-07 -0.0493355 0)
(1.26842e-07 -0.0493355 0)
(1.21075e-07 -0.0493355 0)
(1.1588e-07 -0.0493355 0)
(1.11189e-07 -0.0493355 0)
(1.06942e-07 -0.0493354 0)
(1.03101e-07 -0.0493354 0)
(9.96399e-08 -0.0493354 0)
(9.65424e-08 -0.0493354 0)
(9.37843e-08 -0.0493354 0)
(9.13278e-08 -0.0493354 0)
(8.91101e-08 -0.0493354 0)
(8.70576e-08 -0.0493354 0)
(8.50935e-08 -0.0493354 0)
(8.31602e-08 -0.0493354 0)
(8.12264e-08 -0.0493354 0)
(7.92843e-08 -0.0493354 0)
(7.73439e-08 -0.0493354 0)
(7.54098e-08 -0.0493354 0)
(7.34864e-08 -0.0493354 0)
(7.15576e-08 -0.0493354 0)
(6.96117e-08 -0.0493354 0)
(6.76271e-08 -0.0493354 0)
(6.56015e-08 -0.0493354 0)
(6.35302e-08 -0.0493354 0)
(6.14304e-08 -0.0493354 0)
(5.93146e-08 -0.0493354 0)
(5.72075e-08 -0.0493354 0)
(5.51251e-08 -0.0493354 0)
(5.30847e-08 -0.0493354 0)
(5.10971e-08 -0.0493354 0)
(4.91677e-08 -0.0493354 0)
(4.73027e-08 -0.0493354 0)
(4.54983e-08 -0.0493354 0)
(4.3759e-08 -0.0493354 0)
(4.20776e-08 -0.0493354 0)
(4.04586e-08 -0.0493354 0)
(3.8894e-08 -0.0493354 0)
(3.73878e-08 -0.0493354 0)
(3.59338e-08 -0.0493354 0)
(3.45337e-08 -0.0493354 0)
(3.31836e-08 -0.0493354 0)
(3.18818e-08 -0.0493354 0)
(3.06273e-08 -0.0493354 0)
(2.94223e-08 -0.0493354 0)
(2.82747e-08 -0.0493354 0)
(2.72012e-08 -0.0493354 0)
(2.62144e-08 -0.0493354 0)
(2.53289e-08 -0.0493354 0)
(2.45362e-08 -0.0493354 0)
(2.38221e-08 -0.0493354 0)
(2.31541e-08 -0.0493354 0)
(2.25025e-08 -0.0493354 0)
(2.18369e-08 -0.0493354 0)
(2.11452e-08 -0.0493354 0)
(2.04281e-08 -0.0493354 0)
(1.97354e-08 -0.0493354 0)
(1.91696e-08 -0.0493354 0)
(1.89267e-08 -0.0493354 0)
(1.92577e-08 -0.0493354 0)
(2.04021e-08 -0.0493354 0)
(2.24233e-08 -0.0493354 0)
(2.50792e-08 -0.0493354 0)
(2.77694e-08 -0.0493354 0)
(2.96736e-08 -0.0493354 0)
(3.00354e-08 -0.0493354 0)
(2.84678e-08 -0.0493354 0)
(2.51264e-08 -0.0493354 0)
(2.06427e-08 -0.0493354 0)
(1.58601e-08 -0.0493354 0)
(1.15279e-08 -0.0493354 0)
(8.06882e-09 -0.0493354 0)
(5.55903e-09 -0.0493354 0)
(3.80296e-09 -0.0493354 0)
(2.52881e-09 -0.0493354 0)
(1.47416e-09 -0.0493354 0)
(4.92259e-10 -0.0493354 0)
(-5.04248e-10 -0.0493354 0)
(-1.52475e-09 -0.0493354 0)
(-2.57636e-09 -0.0493354 0)
(-3.64806e-09 -0.0493354 0)
(-4.74176e-09 -0.0493354 0)
(-5.85386e-09 -0.0493354 0)
(-6.98038e-09 -0.0493354 0)
(-8.11852e-09 -0.0493354 0)
(-9.25698e-09 -0.0493354 0)
(-1.04129e-08 -0.0493354 0)
(-1.15863e-08 -0.0493354 0)
(-1.28076e-08 -0.0493354 0)
(-1.40973e-08 -0.0493354 0)
(-1.5493e-08 -0.0493354 0)
(-1.70124e-08 -0.0493354 0)
(-1.86573e-08 -0.0493354 0)
(-2.03835e-08 -0.0493354 0)
(-2.2109e-08 -0.0493354 0)
(-2.37177e-08 -0.0493354 0)
(-2.50927e-08 -0.0493354 0)
(-2.61439e-08 -0.0493354 0)
(-2.68472e-08 -0.0493354 0)
(-2.72367e-08 -0.0493354 0)
(-2.74221e-08 -0.0493354 0)
(-2.75257e-08 -0.0493354 0)
(-2.76873e-08 -0.0493354 0)
(-2.7996e-08 -0.0493354 0)
(-2.85148e-08 -0.0493354 0)
(-2.92441e-08 -0.0493354 0)
(-3.01684e-08 -0.0493354 0)
(-3.12423e-08 -0.0493354 0)
(-3.24268e-08 -0.0493354 0)
(-3.36849e-08 -0.0493354 0)
(-3.49877e-08 -0.0493354 0)
(-3.63204e-08 -0.0493354 0)
(-3.76654e-08 -0.0493354 0)
(-3.90191e-08 -0.0493354 0)
(-4.0369e-08 -0.0493354 0)
(-4.17131e-08 -0.0493354 0)
(-4.30442e-08 -0.0493354 0)
(-4.43601e-08 -0.0493354 0)
(-4.56605e-08 -0.0493354 0)
(-4.69437e-08 -0.0493354 0)
(-4.82123e-08 -0.0493354 0)
(-4.94605e-08 -0.0493354 0)
(-5.06901e-08 -0.0493354 0)
(-5.18863e-08 -0.0493354 0)
(-5.30434e-08 -0.0493354 0)
(-5.41368e-08 -0.0493354 0)
(-5.51524e-08 -0.0493354 0)
(-5.6066e-08 -0.0493354 0)
(-5.68704e-08 -0.0493354 0)
(-5.75681e-08 -0.0493354 0)
(-5.81867e-08 -0.0493354 0)
(-5.87818e-08 -0.0493354 0)
(-5.9424e-08 -0.0493354 0)
(-6.0203e-08 -0.0493354 0)
(-6.11896e-08 -0.0493354 0)
(-6.24437e-08 -0.0493354 0)
(-6.39754e-08 -0.0493354 0)
(-6.57702e-08 -0.0493354 0)
(-6.77701e-08 -0.0493354 0)
(-6.99127e-08 -0.0493354 0)
(-7.21273e-08 -0.0493354 0)
(-7.43628e-08 -0.0493354 0)
(-7.65859e-08 -0.0493354 0)
(-7.87829e-08 -0.0493354 0)
(-8.09595e-08 -0.0493354 0)
(-8.31241e-08 -0.0493354 0)
(-8.52965e-08 -0.0493354 0)
(-8.74856e-08 -0.0493354 0)
(-8.97108e-08 -0.0493354 0)
(-9.19776e-08 -0.0493354 0)
(-9.43061e-08 -0.0493354 0)
(-9.67068e-08 -0.0493355 0)
(-9.92054e-08 -0.0493355 0)
(-1.01822e-07 -0.0493355 0)
(-1.04589e-07 -0.0493355 0)
(-1.07538e-07 -0.0493355 0)
(-1.10706e-07 -0.0493355 0)
(-1.14132e-07 -0.0493355 0)
(-1.17858e-07 -0.0493355 0)
(-1.21929e-07 -0.0493355 0)
(-1.2639e-07 -0.0493355 0)
(-1.31297e-07 -0.0493355 0)
(-1.36704e-07 -0.0493355 0)
(-1.42679e-07 -0.0493355 0)
(-1.49292e-07 -0.0493355 0)
(-1.56626e-07 -0.0493355 0)
(-1.64772e-07 -0.0493355 0)
(-1.73839e-07 -0.0493355 0)
(-1.83941e-07 -0.0493355 0)
(-1.95217e-07 -0.0493355 0)
(-2.07815e-07 -0.0493355 0)
(-2.21906e-07 -0.0493355 0)
(-2.37683e-07 -0.0493355 0)
(-2.55356e-07 -0.0493355 0)
(-2.75164e-07 -0.0493355 0)
(-2.97372e-07 -0.0493355 0)
(-3.22272e-07 -0.0493355 0)
(-3.50195e-07 -0.0493355 0)
(-3.81503e-07 -0.0493355 0)
(-4.16593e-07 -0.0493355 0)
(-4.55913e-07 -0.0493355 0)
(-4.99937e-07 -0.0493355 0)
(-5.4919e-07 -0.0493355 0)
(-6.04237e-07 -0.0493355 0)
(-6.65675e-07 -0.0493355 0)
(-7.34147e-07 -0.0493355 0)
(-8.10322e-07 -0.0493355 0)
(-8.94887e-07 -0.0493355 0)
(-9.88542e-07 -0.0493355 0)
(-1.09197e-06 -0.0493355 0)
(-1.2058e-06 -0.0493355 0)
(-1.33061e-06 -0.0493355 0)
(-1.46684e-06 -0.0493355 0)
(-1.61472e-06 -0.0493355 0)
(-1.77423e-06 -0.0493356 0)
(-1.94496e-06 -0.0493356 0)
(-2.12596e-06 -0.0493356 0)
(-2.31556e-06 -0.0493356 0)
(-2.51118e-06 -0.0493356 0)
(-2.70895e-06 -0.0493356 0)
(-2.90341e-06 -0.0493356 0)
(-3.08702e-06 -0.0493356 0)
(-3.24955e-06 -0.0493356 0)
(-3.37739e-06 -0.0493357 0)
(-3.45268e-06 -0.0493357 0)
(-3.4523e-06 -0.0493357 0)
(-3.34676e-06 -0.0493357 0)
(-3.09912e-06 -0.0493357 0)
(-2.66423e-06 -0.0493357 0)
(-1.98894e-06 -0.0493357 0)
(-1.01438e-06 -0.0493356 0)
(3.16941e-07 -0.0493356 0)
(2.04381e-06 -0.0493355 0)
(4.14619e-06 -0.0493354 0)
(6.45865e-06 -0.0493352 0)
(8.47414e-06 -0.0493349 0)
(8.88734e-06 -0.0493346 0)
(4.23019e-06 -0.0493342 0)
(-4.28758e-06 -0.0152704 0)
(-9.0008e-06 -0.0152706 0)
(-8.57874e-06 -0.0152707 0)
(-6.55162e-06 -0.0152708 0)
(-4.23005e-06 -0.0152708 0)
(-2.11719e-06 -0.0152708 0)
(-3.78889e-07 -0.0152709 0)
(9.64588e-07 -0.0152709 0)
(1.95253e-06 -0.0152709 0)
(2.64376e-06 -0.0152709 0)
(3.09796e-06 -0.0152709 0)
(3.36743e-06 -0.0152709 0)
(3.49443e-06 -0.0152709 0)
(3.51185e-06 -0.0152709 0)
(3.44573e-06 -0.0152709 0)
(3.31795e-06 -0.0152709 0)
(3.1481e-06 -0.0152709 0)
(2.95373e-06 -0.0152709 0)
(2.74966e-06 -0.0152709 0)
(2.54691e-06 -0.0152709 0)
(2.35245e-06 -0.0152709 0)
(2.16961e-06 -0.0152709 0)
(1.99923e-06 -0.0152709 0)
(1.84066e-06 -0.0152709 0)
(1.69253e-06 -0.0152709 0)
(1.55311e-06 -0.0152709 0)
(1.42065e-06 -0.0152709 0)
(1.29378e-06 -0.0152709 0)
(1.17191e-06 -0.0152709 0)
(1.05546e-06 -0.0152709 0)
(9.45663e-07 -0.0152709 0)
(8.4409e-07 -0.0152709 0)
(7.52026e-07 -0.0152709 0)
(6.70071e-07 -0.0152709 0)
(5.98033e-07 -0.0152708 0)
(5.35097e-07 -0.0152708 0)
(4.80139e-07 -0.0152708 0)
(4.32021e-07 -0.0152708 0)
(3.89751e-07 -0.0152708 0)
(3.52554e-07 -0.0152708 0)
(3.19819e-07 -0.0152708 0)
(2.91045e-07 -0.0152708 0)
(2.65798e-07 -0.0152708 0)
(2.4367e-07 -0.0152708 0)
(2.24286e-07 -0.0152708 0)
(2.073e-07 -0.0152708 0)
(1.92396e-07 -0.0152708 0)
(1.79297e-07 -0.0152708 0)
(1.67755e-07 -0.0152708 0)
(1.57556e-07 -0.0152708 0)
(1.48514e-07 -0.0152708 0)
(1.40471e-07 -0.0152708 0)
(1.33294e-07 -0.0152708 0)
(1.26871e-07 -0.0152708 0)
(1.21103e-07 -0.0152708 0)
(1.15908e-07 -0.0152708 0)
(1.11216e-07 -0.0152708 0)
(1.06968e-07 -0.0152708 0)
(1.03126e-07 -0.0152708 0)
(9.9664e-08 -0.0152708 0)
(9.65659e-08 -0.0152708 0)
(9.38071e-08 -0.0152708 0)
(9.135e-08 -0.0152708 0)
(8.91317e-08 -0.0152708 0)
(8.70785e-08 -0.0152708 0)
(8.51138e-08 -0.0152708 0)
(8.31799e-08 -0.0152708 0)
(8.12456e-08 -0.0152708 0)
(7.9303e-08 -0.0152708 0)
(7.73623e-08 -0.0152708 0)
(7.54278e-08 -0.0152708 0)
(7.35039e-08 -0.0152708 0)
(7.15747e-08 -0.0152708 0)
(6.96284e-08 -0.0152708 0)
(6.76432e-08 -0.0152708 0)
(6.56172e-08 -0.0152708 0)
(6.35455e-08 -0.0152708 0)
(6.14453e-08 -0.0152708 0)
(5.93291e-08 -0.0152708 0)
(5.72216e-08 -0.0152708 0)
(5.51389e-08 -0.0152708 0)
(5.30981e-08 -0.0152708 0)
(5.11101e-08 -0.0152708 0)
(4.91803e-08 -0.0152708 0)
(4.73149e-08 -0.0152708 0)
(4.55101e-08 -0.0152708 0)
(4.37705e-08 -0.0152708 0)
(4.20887e-08 -0.0152708 0)
(4.04694e-08 -0.0152708 0)
(3.89045e-08 -0.0152708 0)
(3.73979e-08 -0.0152708 0)
(3.59436e-08 -0.0152708 0)
(3.45431e-08 -0.0152708 0)
(3.31928e-08 -0.0152708 0)
(3.18907e-08 -0.0152708 0)
(3.06359e-08 -0.0152708 0)
(2.94307e-08 -0.0152708 0)
(2.82828e-08 -0.0152708 0)
(2.72091e-08 -0.0152708 0)
(2.62221e-08 -0.0152708 0)
(2.53363e-08 -0.0152708 0)
(2.45434e-08 -0.0152708 0)
(2.38291e-08 -0.0152708 0)
(2.31608e-08 -0.0152708 0)
(2.25091e-08 -0.0152708 0)
(2.18432e-08 -0.0152708 0)
(2.11513e-08 -0.0152708 0)
(2.04341e-08 -0.0152708 0)
(1.97412e-08 -0.0152708 0)
(1.91754e-08 -0.0152708 0)
(1.89327e-08 -0.0152708 0)
(1.9264e-08 -0.0152708 0)
(2.04087e-08 -0.0152708 0)
(2.24298e-08 -0.0152708 0)
(2.50851e-08 -0.0152708 0)
(2.77742e-08 -0.0152708 0)
(2.96769e-08 -0.0152708 0)
(3.00376e-08 -0.0152708 0)
(2.84696e-08 -0.0152708 0)
(2.51283e-08 -0.0152708 0)
(2.06454e-08 -0.0152708 0)
(1.58635e-08 -0.0152708 0)
(1.15316e-08 -0.0152708 0)
(8.07243e-09 -0.0152708 0)
(5.56209e-09 -0.0152708 0)
(3.8053e-09 -0.0152708 0)
(2.53046e-09 -0.0152708 0)
(1.47525e-09 -0.0152708 0)
(4.92929e-10 -0.0152708 0)
(-5.03907e-10 -0.0152708 0)
(-1.52469e-09 -0.0152708 0)
(-2.57657e-09 -0.0152708 0)
(-3.64852e-09 -0.0152708 0)
(-4.74248e-09 -0.0152708 0)
(-5.85484e-09 -0.0152708 0)
(-6.98161e-09 -0.0152708 0)
(-8.12002e-09 -0.0152708 0)
(-9.25875e-09 -0.0152708 0)
(-1.04149e-08 -0.0152708 0)
(-1.15886e-08 -0.0152708 0)
(-1.28103e-08 -0.0152708 0)
(-1.41003e-08 -0.0152708 0)
(-1.54964e-08 -0.0152708 0)
(-1.70161e-08 -0.0152708 0)
(-1.86613e-08 -0.0152708 0)
(-2.03877e-08 -0.0152708 0)
(-2.21134e-08 -0.0152708 0)
(-2.37222e-08 -0.0152708 0)
(-2.50973e-08 -0.0152708 0)
(-2.61486e-08 -0.0152708 0)
(-2.68522e-08 -0.0152708 0)
(-2.7242e-08 -0.0152708 0)
(-2.74278e-08 -0.0152708 0)
(-2.75318e-08 -0.0152708 0)
(-2.76938e-08 -0.0152708 0)
(-2.80028e-08 -0.0152708 0)
(-2.85219e-08 -0.0152708 0)
(-2.92513e-08 -0.0152708 0)
(-3.01759e-08 -0.0152708 0)
(-3.125e-08 -0.0152708 0)
(-3.24346e-08 -0.0152708 0)
(-3.3693e-08 -0.0152708 0)
(-3.49961e-08 -0.0152708 0)
(-3.6329e-08 -0.0152708 0)
(-3.76742e-08 -0.0152708 0)
(-3.90283e-08 -0.0152708 0)
(-4.03785e-08 -0.0152708 0)
(-4.17229e-08 -0.0152708 0)
(-4.30543e-08 -0.0152708 0)
(-4.43705e-08 -0.0152708 0)
(-4.56712e-08 -0.0152708 0)
(-4.69547e-08 -0.0152708 0)
(-4.82236e-08 -0.0152708 0)
(-4.94722e-08 -0.0152708 0)
(-5.0702e-08 -0.0152708 0)
(-5.18985e-08 -0.0152708 0)
(-5.30559e-08 -0.0152708 0)
(-5.41495e-08 -0.0152708 0)
(-5.51653e-08 -0.0152708 0)
(-5.60792e-08 -0.0152708 0)
(-5.68838e-08 -0.0152708 0)
(-5.75818e-08 -0.0152708 0)
(-5.82007e-08 -0.0152708 0)
(-5.87961e-08 -0.0152708 0)
(-5.94388e-08 -0.0152708 0)
(-6.02182e-08 -0.0152708 0)
(-6.12053e-08 -0.0152708 0)
(-6.24598e-08 -0.0152708 0)
(-6.39919e-08 -0.0152708 0)
(-6.5787e-08 -0.0152708 0)
(-6.77873e-08 -0.0152708 0)
(-6.99301e-08 -0.0152708 0)
(-7.21451e-08 -0.0152708 0)
(-7.43809e-08 -0.0152708 0)
(-7.66044e-08 -0.0152708 0)
(-7.88018e-08 -0.0152708 0)
(-8.0979e-08 -0.0152708 0)
(-8.3144e-08 -0.0152708 0)
(-8.5317e-08 -0.0152708 0)
(-8.75066e-08 -0.0152708 0)
(-8.97323e-08 -0.0152708 0)
(-9.19996e-08 -0.0152708 0)
(-9.43287e-08 -0.0152708 0)
(-9.67299e-08 -0.0152708 0)
(-9.92291e-08 -0.0152708 0)
(-1.01846e-07 -0.0152708 0)
(-1.04614e-07 -0.0152708 0)
(-1.07564e-07 -0.0152708 0)
(-1.10733e-07 -0.0152708 0)
(-1.1416e-07 -0.0152708 0)
(-1.17886e-07 -0.0152708 0)
(-1.21958e-07 -0.0152708 0)
(-1.2642e-07 -0.0152708 0)
(-1.31328e-07 -0.0152708 0)
(-1.36737e-07 -0.0152708 0)
(-1.42713e-07 -0.0152708 0)
(-1.49328e-07 -0.0152708 0)
(-1.56663e-07 -0.0152708 0)
(-1.64811e-07 -0.0152708 0)
(-1.7388e-07 -0.0152708 0)
(-1.83984e-07 -0.0152708 0)
(-1.95263e-07 -0.0152708 0)
(-2.07864e-07 -0.0152708 0)
(-2.21958e-07 -0.0152708 0)
(-2.37739e-07 -0.0152708 0)
(-2.55416e-07 -0.0152708 0)
(-2.75228e-07 -0.0152708 0)
(-2.97441e-07 -0.0152708 0)
(-3.22347e-07 -0.0152708 0)
(-3.50276e-07 -0.0152709 0)
(-3.81591e-07 -0.0152709 0)
(-4.1669e-07 -0.0152709 0)
(-4.56018e-07 -0.0152709 0)
(-5.00052e-07 -0.0152709 0)
(-5.49316e-07 -0.0152709 0)
(-6.04375e-07 -0.0152709 0)
(-6.65827e-07 -0.0152709 0)
(-7.34315e-07 -0.0152709 0)
(-8.10508e-07 -0.0152709 0)
(-8.95092e-07 -0.0152709 0)
(-9.88768e-07 -0.0152709 0)
(-1.09222e-06 -0.0152709 0)
(-1.20608e-06 -0.0152709 0)
(-1.33092e-06 -0.0152709 0)
(-1.46717e-06 -0.0152709 0)
(-1.61509e-06 -0.0152709 0)
(-1.77464e-06 -0.0152709 0)
(-1.9454e-06 -0.0152709 0)
(-2.12644e-06 -0.0152709 0)
(-2.31608e-06 -0.0152709 0)
(-2.51174e-06 -0.0152709 0)
(-2.70955e-06 -0.0152709 0)
(-2.90404e-06 -0.0152709 0)
(-3.08767e-06 -0.0152709 0)
(-3.25021e-06 -0.0152709 0)
(-3.37803e-06 -0.0152709 0)
(-3.45326e-06 -0.0152709 0)
(-3.45276e-06 -0.0152709 0)
(-3.347e-06 -0.0152709 0)
(-3.09902e-06 -0.0152709 0)
(-2.66364e-06 -0.0152709 0)
(-1.98766e-06 -0.0152709 0)
(-1.01216e-06 -0.0152709 0)
(3.2049e-07 -0.0152709 0)
(2.04922e-06 -0.0152709 0)
(4.15415e-06 -0.0152708 0)
(6.46985e-06 -0.0152708 0)
(8.48909e-06 -0.0152707 0)
(8.90532e-06 -0.0152706 0)
(4.23971e-06 -0.0152705 0)
(-2.40253e-305 8.89269e-300 0)
(-5.04355e-305 8.89271e-300 0)
(-4.80705e-305 8.89273e-300 0)
(-3.67116e-305 8.89274e-300 0)
(-2.37029e-305 8.89274e-300 0)
(-1.18635e-305 8.89274e-300 0)
(-2.12308e-306 8.89274e-300 0)
(5.40501e-306 8.89274e-300 0)
(1.09409e-305 8.89274e-300 0)
(1.48142e-305 8.89274e-300 0)
(1.73593e-305 8.89274e-300 0)
(1.88692e-305 8.89273e-300 0)
(1.95808e-305 8.89273e-300 0)
(1.96785e-305 8.89272e-300 0)
(1.93079e-305 8.89272e-300 0)
(1.8592e-305 8.89272e-300 0)
(1.76402e-305 8.89271e-300 0)
(1.65511e-305 8.89271e-300 0)
(1.54076e-305 8.89271e-300 0)
(1.42715e-305 8.89271e-300 0)
(1.31818e-305 8.8927e-300 0)
(1.21573e-305 8.8927e-300 0)
(1.12026e-305 8.8927e-300 0)
(1.0314e-305 8.8927e-300 0)
(9.48397e-306 8.8927e-300 0)
(8.70275e-306 8.8927e-300 0)
(7.96054e-306 8.89269e-300 0)
(7.24961e-306 8.89269e-300 0)
(6.56672e-306 8.89269e-300 0)
(5.9142e-306 8.89269e-300 0)
(5.29897e-306 8.89269e-300 0)
(4.72981e-306 8.89269e-300 0)
(4.21393e-306 8.89269e-300 0)
(3.75471e-306 8.89269e-300 0)
(3.35105e-306 8.89269e-300 0)
(2.99839e-306 8.89269e-300 0)
(2.69043e-306 8.89268e-300 0)
(2.42081e-306 8.89268e-300 0)
(2.18395e-306 8.89268e-300 0)
(1.97551e-306 8.89268e-300 0)
(1.79209e-306 8.89268e-300 0)
(1.63085e-306 8.89268e-300 0)
(1.48938e-306 8.89268e-300 0)
(1.36539e-306 8.89268e-300 0)
(1.25677e-306 8.89268e-300 0)
(1.16159e-306 8.89268e-300 0)
(1.07808e-306 8.89268e-300 0)
(1.00468e-306 8.89268e-300 0)
(9.40008e-307 8.89268e-300 0)
(8.82855e-307 8.89268e-300 0)
(8.32191e-307 8.89268e-300 0)
(7.87123e-307 8.89268e-300 0)
(7.46908e-307 8.89268e-300 0)
(7.10913e-307 8.89268e-300 0)
(6.78597e-307 8.89268e-300 0)
(6.49484e-307 8.89268e-300 0)
(6.23192e-307 8.89268e-300 0)
(5.99387e-307 8.89268e-300 0)
(5.77862e-307 8.89268e-300 0)
(5.58461e-307 8.89268e-300 0)
(5.41101e-307 8.89268e-300 0)
(5.25643e-307 8.89268e-300 0)
(5.11875e-307 8.89268e-300 0)
(4.99444e-307 8.89268e-300 0)
(4.8794e-307 8.89268e-300 0)
(4.7693e-307 8.89268e-300 0)
(4.66094e-307 8.89268e-300 0)
(4.55255e-307 8.89268e-300 0)
(4.4437e-307 8.89268e-300 0)
(4.33495e-307 8.89268e-300 0)
(4.22655e-307 8.89268e-300 0)
(4.11875e-307 8.89268e-300 0)
(4.01065e-307 8.89268e-300 0)
(3.90159e-307 8.89268e-300 0)
(3.79035e-307 8.89268e-300 0)
(3.67682e-307 8.89268e-300 0)
(3.56074e-307 8.89268e-300 0)
(3.44305e-307 8.89268e-300 0)
(3.32448e-307 8.89268e-300 0)
(3.20638e-307 8.89268e-300 0)
(3.08968e-307 8.89268e-300 0)
(2.97532e-307 8.89268e-300 0)
(2.86392e-307 8.89268e-300 0)
(2.75579e-307 8.89268e-300 0)
(2.65126e-307 8.89268e-300 0)
(2.55014e-307 8.89268e-300 0)
(2.45266e-307 8.89268e-300 0)
(2.35842e-307 8.89268e-300 0)
(2.26768e-307 8.89268e-300 0)
(2.17999e-307 8.89268e-300 0)
(2.09557e-307 8.89268e-300 0)
(2.01408e-307 8.89268e-300 0)
(1.93561e-307 8.89268e-300 0)
(1.85994e-307 8.89268e-300 0)
(1.78698e-307 8.89268e-300 0)
(1.71667e-307 8.89268e-300 0)
(1.64913e-307 8.89268e-300 0)
(1.58481e-307 8.89268e-300 0)
(1.52464e-307 8.89268e-300 0)
(1.46934e-307 8.89268e-300 0)
(1.41971e-307 8.89268e-300 0)
(1.37527e-307 8.89268e-300 0)
(1.33525e-307 8.89268e-300 0)
(1.2978e-307 8.89268e-300 0)
(1.26128e-307 8.89268e-300 0)
(1.22397e-307 8.89268e-300 0)
(1.1852e-307 8.89268e-300 0)
(1.14501e-307 8.89268e-300 0)
(1.10619e-307 8.89268e-300 0)
(1.07448e-307 8.89268e-300 0)
(1.06088e-307 8.89268e-300 0)
(1.07945e-307 8.89268e-300 0)
(1.14359e-307 8.89268e-300 0)
(1.25684e-307 8.89268e-300 0)
(1.40563e-307 8.89268e-300 0)
(1.55631e-307 8.89268e-300 0)
(1.66293e-307 8.89268e-300 0)
(1.68314e-307 8.89268e-300 0)
(1.59528e-307 8.89268e-300 0)
(1.40805e-307 8.89268e-300 0)
(1.15685e-307 8.89268e-300 0)
(8.88904e-308 8.89268e-300 0)
(6.46168e-308 8.89268e-300 0)
(4.52334e-308 8.89268e-300 0)
(3.11668e-308 8.89268e-300 0)
(2.13228e-308 8.89268e-300 0)
(1.41793e-308 8.89268e-300 0)
(8.26648e-309 8.89268e-300 0)
(2.76209e-309 8.89268e-300 0)
(-2.82362e-309 8.89268e-300 0)
(-8.54354e-309 8.89268e-300 0)
(-1.44377e-308 8.89268e-300 0)
(-2.04443e-308 8.89268e-300 0)
(-2.65742e-308 8.89268e-300 0)
(-3.28072e-308 8.89268e-300 0)
(-3.91211e-308 8.89268e-300 0)
(-4.55001e-308 8.89268e-300 0)
(-5.18809e-308 8.89268e-300 0)
(-5.83595e-308 8.89268e-300 0)
(-6.49362e-308 8.89268e-300 0)
(-7.17816e-308 8.89268e-300 0)
(-7.90102e-308 8.89268e-300 0)
(-8.68329e-308 8.89268e-300 0)
(-9.53487e-308 8.89268e-300 0)
(-1.04567e-307 8.89268e-300 0)
(-1.14241e-307 8.89268e-300 0)
(-1.23911e-307 8.89268e-300 0)
(-1.32926e-307 8.89268e-300 0)
(-1.40631e-307 8.89268e-300 0)
(-1.46522e-307 8.89268e-300 0)
(-1.50465e-307 8.89268e-300 0)
(-1.52649e-307 8.89268e-300 0)
(-1.5369e-307 8.89268e-300 0)
(-1.54273e-307 8.89268e-300 0)
(-1.55181e-307 8.89268e-300 0)
(-1.56912e-307 8.89268e-300 0)
(-1.59821e-307 8.89268e-300 0)
(-1.63908e-307 8.89268e-300 0)
(-1.69089e-307 8.89268e-300 0)
(-1.75108e-307 8.89268e-300 0)
(-1.81746e-307 8.89268e-300 0)
(-1.88797e-307 8.89268e-300 0)
(-1.96098e-307 8.89268e-300 0)
(-2.03568e-307 8.89268e-300 0)
(-2.11106e-307 8.89268e-300 0)
(-2.18693e-307 8.89268e-300 0)
(-2.26259e-307 8.89268e-300 0)
(-2.33792e-307 8.89268e-300 0)
(-2.41252e-307 8.89268e-300 0)
(-2.48628e-307 8.89268e-300 0)
(-2.55916e-307 8.89268e-300 0)
(-2.63108e-307 8.89268e-300 0)
(-2.70218e-307 8.89268e-300 0)
(-2.77215e-307 8.89268e-300 0)
(-2.84106e-307 8.89268e-300 0)
(-2.9081e-307 8.89268e-300 0)
(-2.97296e-307 8.89268e-300 0)
(-3.03424e-307 8.89268e-300 0)
(-3.09116e-307 8.89268e-300 0)
(-3.14237e-307 8.89268e-300 0)
(-3.18745e-307 8.89268e-300 0)
(-3.22656e-307 8.89268e-300 0)
(-3.26125e-307 8.89268e-300 0)
(-3.29461e-307 8.89268e-300 0)
(-3.33062e-307 8.89268e-300 0)
(-3.37429e-307 8.89268e-300 0)
(-3.4296e-307 8.89268e-300 0)
(-3.4999e-307 8.89268e-300 0)
(-3.58575e-307 8.89268e-300 0)
(-3.68634e-307 8.89268e-300 0)
(-3.79842e-307 8.89268e-300 0)
(-3.9185e-307 8.89268e-300 0)
(-4.04261e-307 8.89268e-300 0)
(-4.16789e-307 8.89268e-300 0)
(-4.29248e-307 8.89268e-300 0)
(-4.41562e-307 8.89268e-300 0)
(-4.53761e-307 8.89268e-300 0)
(-4.65893e-307 8.89268e-300 0)
(-4.78069e-307 8.89268e-300 0)
(-4.90338e-307 8.89268e-300 0)
(-5.0281e-307 8.89268e-300 0)
(-5.15514e-307 8.89268e-300 0)
(-5.28565e-307 8.89268e-300 0)
(-5.42021e-307 8.89268e-300 0)
(-5.56025e-307 8.89268e-300 0)
(-5.7069e-307 8.89268e-300 0)
(-5.86201e-307 8.89268e-300 0)
(-6.02727e-307 8.89268e-300 0)
(-6.20486e-307 8.89268e-300 0)
(-6.39688e-307 8.89268e-300 0)
(-6.60569e-307 8.89268e-300 0)
(-6.83383e-307 8.89268e-300 0)
(-7.08387e-307 8.89268e-300 0)
(-7.3589e-307 8.89268e-300 0)
(-7.66199e-307 8.89268e-300 0)
(-7.99685e-307 8.89268e-300 0)
(-8.36749e-307 8.89268e-300 0)
(-8.77854e-307 8.89268e-300 0)
(-9.23511e-307 8.89268e-300 0)
(-9.74328e-307 8.89268e-300 0)
(-1.03095e-306 8.89268e-300 0)
(-1.09414e-306 8.89268e-300 0)
(-1.16475e-306 8.89268e-300 0)
(-1.24373e-306 8.89268e-300 0)
(-1.33216e-306 8.89268e-300 0)
(-1.43121e-306 8.89268e-300 0)
(-1.54222e-306 8.89268e-300 0)
(-1.6667e-306 8.89268e-300 0)
(-1.80625e-306 8.89268e-300 0)
(-1.96275e-306 8.89269e-300 0)
(-2.13822e-306 8.89269e-300 0)
(-2.3349e-306 8.89269e-300 0)
(-2.55527e-306 8.89269e-300 0)
(-2.80201e-306 8.89269e-300 0)
(-3.07806e-306 8.89269e-300 0)
(-3.38658e-306 8.89269e-300 0)
(-3.73092e-306 8.89269e-300 0)
(-4.11469e-306 8.89269e-300 0)
(-4.54163e-306 8.89269e-300 0)
(-5.0156e-306 8.89269e-300 0)
(-5.5405e-306 8.89269e-300 0)
(-6.12017e-306 8.89269e-300 0)
(-6.75818e-306 8.89269e-300 0)
(-7.45772e-306 8.8927e-300 0)
(-8.2212e-306 8.8927e-300 0)
(-9.05004e-306 8.8927e-300 0)
(-9.94407e-306 8.8927e-300 0)
(-1.09009e-305 8.8927e-300 0)
(-1.19154e-305 8.8927e-300 0)
(-1.2978e-305 8.89271e-300 0)
(-1.40744e-305 8.89271e-300 0)
(-1.51828e-305 8.89271e-300 0)
(-1.62726e-305 8.89271e-300 0)
(-1.73016e-305 8.89272e-300 0)
(-1.82124e-305 8.89272e-300 0)
(-1.89286e-305 8.89272e-300 0)
(-1.93502e-305 8.89273e-300 0)
(-1.93473e-305 8.89273e-300 0)
(-1.87547e-305 8.89273e-300 0)
(-1.73652e-305 8.89274e-300 0)
(-1.49256e-305 8.89274e-300 0)
(-1.11377e-305 8.89274e-300 0)
(-5.67156e-306 8.89274e-300 0)
(1.79585e-306 8.89275e-300 0)
(1.14827e-305 8.89275e-300 0)
(2.32775e-305 8.89274e-300 0)
(3.62534e-305 8.89274e-300 0)
(4.75681e-305 8.89273e-300 0)
(4.99004e-305 8.89271e-300 0)
(2.37569e-305 8.89269e-300 0)
(-2.22684e-305 1.77854e-299 0)
(-4.73559e-305 1.77854e-299 0)
(-4.59193e-305 1.77855e-299 0)
(-3.54302e-305 1.77855e-299 0)
(-2.30609e-305 1.77855e-299 0)
(-1.16655e-305 1.77855e-299 0)
(-2.22556e-306 1.77855e-299 0)
(5.10321e-306 1.77855e-299 0)
(1.05106e-305 1.77855e-299 0)
(1.43047e-305 1.77855e-299 0)
(1.68051e-305 1.77855e-299 0)
(1.82945e-305 1.77855e-299 0)
(1.90032e-305 1.77855e-299 0)
(1.9111e-305 1.77854e-299 0)
(1.87611e-305 1.77854e-299 0)
(1.80734e-305 1.77854e-299 0)
(1.7155e-305 1.77854e-299 0)
(1.61015e-305 1.77854e-299 0)
(1.49934e-305 1.77854e-299 0)
(1.38909e-305 1.77854e-299 0)
(1.28321e-305 1.77854e-299 0)
(1.18356e-305 1.77854e-299 0)
(1.09063e-305 1.77854e-299 0)
(1.00412e-305 1.77854e-299 0)
(9.23275e-306 1.77854e-299 0)
(8.47188e-306 1.77854e-299 0)
(7.74913e-306 1.77854e-299 0)
(7.05709e-306 1.77854e-299 0)
(6.39266e-306 1.77854e-299 0)
(5.75803e-306 1.77854e-299 0)
(5.15978e-306 1.77854e-299 0)
(4.60628e-306 1.77854e-299 0)
(4.10441e-306 1.77854e-299 0)
(3.65742e-306 1.77854e-299 0)
(3.26431e-306 1.77854e-299 0)
(2.92072e-306 1.77854e-299 0)
(2.62061e-306 1.77854e-299 0)
(2.35786e-306 1.77854e-299 0)
(2.12706e-306 1.77854e-299 0)
(1.92399e-306 1.77854e-299 0)
(1.7453e-306 1.77854e-299 0)
(1.58824e-306 1.77854e-299 0)
(1.45042e-306 1.77854e-299 0)
(1.32963e-306 1.77854e-299 0)
(1.2238e-306 1.77854e-299 0)
(1.13107e-306 1.77854e-299 0)
(1.0497e-306 1.77854e-299 0)
(9.78188e-307 1.77854e-299 0)
(9.15181e-307 1.77854e-299 0)
(8.59501e-307 1.77854e-299 0)
(8.10144e-307 1.77854e-299 0)
(7.66243e-307 1.77854e-299 0)
(7.2707e-307 1.77854e-299 0)
(6.92011e-307 1.77854e-299 0)
(6.60536e-307 1.77854e-299 0)
(6.32183e-307 1.77854e-299 0)
(6.06579e-307 1.77854e-299 0)
(5.834e-307 1.77854e-299 0)
(5.62444e-307 1.77854e-299 0)
(5.43557e-307 1.77854e-299 0)
(5.26654e-307 1.77854e-299 0)
(5.11599e-307 1.77854e-299 0)
(4.98184e-307 1.77854e-299 0)
(4.86068e-307 1.77854e-299 0)
(4.74853e-307 1.77854e-299 0)
(4.64125e-307 1.77854e-299 0)
(4.53571e-307 1.77854e-299 0)
(4.43021e-307 1.77854e-299 0)
(4.3243e-307 1.77854e-299 0)
(4.21848e-307 1.77854e-299 0)
(4.113e-307 1.77854e-299 0)
(4.00807e-307 1.77854e-299 0)
(3.90284e-307 1.77854e-299 0)
(3.79668e-307 1.77854e-299 0)
(3.68842e-307 1.77854e-299 0)
(3.57794e-307 1.77854e-299 0)
(3.465e-307 1.77854e-299 0)
(3.35052e-307 1.77854e-299 0)
(3.23517e-307 1.77854e-299 0)
(3.12029e-307 1.77854e-299 0)
(3.00675e-307 1.77854e-299 0)
(2.89549e-307 1.77854e-299 0)
(2.7871e-307 1.77854e-299 0)
(2.68189e-307 1.77854e-299 0)
(2.58016e-307 1.77854e-299 0)
(2.48175e-307 1.77854e-299 0)
(2.38688e-307 1.77854e-299 0)
(2.29517e-307 1.77854e-299 0)
(2.20687e-307 1.77854e-299 0)
(2.12153e-307 1.77854e-299 0)
(2.03937e-307 1.77854e-299 0)
(1.96007e-307 1.77854e-299 0)
(1.8837e-307 1.77854e-299 0)
(1.81006e-307 1.77854e-299 0)
(1.73906e-307 1.77854e-299 0)
(1.67065e-307 1.77854e-299 0)
(1.60494e-307 1.77854e-299 0)
(1.54237e-307 1.77854e-299 0)
(1.48384e-307 1.77854e-299 0)
(1.43004e-307 1.77854e-299 0)
(1.38172e-307 1.77854e-299 0)
(1.33845e-307 1.77854e-299 0)
(1.29945e-307 1.77854e-299 0)
(1.26296e-307 1.77854e-299 0)
(1.22738e-307 1.77854e-299 0)
(1.19106e-307 1.77854e-299 0)
(1.15335e-307 1.77854e-299 0)
(1.11433e-307 1.77854e-299 0)
(1.07671e-307 1.77854e-299 0)
(1.04613e-307 1.77854e-299 0)
(1.03324e-307 1.77854e-299 0)
(1.0516e-307 1.77854e-299 0)
(1.11406e-307 1.77854e-299 0)
(1.22388e-307 1.77854e-299 0)
(1.36779e-307 1.77854e-299 0)
(1.51327e-307 1.77854e-299 0)
(1.616e-307 1.77854e-299 0)
(1.63515e-307 1.77854e-299 0)
(1.5499e-307 1.77854e-299 0)
(1.3686e-307 1.77854e-299 0)
(1.12534e-307 1.77854e-299 0)
(8.65634e-308 1.77854e-299 0)
(6.30042e-308 1.77854e-299 0)
(4.41529e-308 1.77854e-299 0)
(3.04403e-308 1.77854e-299 0)
(2.08206e-308 1.77854e-299 0)
(1.3833e-308 1.77854e-299 0)
(8.05427e-309 1.77854e-299 0)
(2.68595e-309 1.77854e-299 0)
(-2.75332e-309 1.77854e-299 0)
(-8.3185e-309 1.77854e-299 0)
(-1.4053e-308 1.77854e-299 0)
(-1.98969e-308 1.77854e-299 0)
(-2.58619e-308 1.77854e-299 0)
(-3.19271e-308 1.77854e-299 0)
(-3.80714e-308 1.77854e-299 0)
(-4.42789e-308 1.77854e-299 0)
(-5.04896e-308 1.77854e-299 0)
(-5.67954e-308 1.77854e-299 0)
(-6.31979e-308 1.77854e-299 0)
(-6.98628e-308 1.77854e-299 0)
(-7.69006e-308 1.77854e-299 0)
(-8.45161e-308 1.77854e-299 0)
(-9.28018e-308 1.77854e-299 0)
(-1.01768e-307 1.77854e-299 0)
(-1.1117e-307 1.77854e-299 0)
(-1.20565e-307 1.77854e-299 0)
(-1.29321e-307 1.77854e-299 0)
(-1.36808e-307 1.77854e-299 0)
(-1.42536e-307 1.77854e-299 0)
(-1.46378e-307 1.77854e-299 0)
(-1.48518e-307 1.77854e-299 0)
(-1.4955e-307 1.77854e-299 0)
(-1.50136e-307 1.77854e-299 0)
(-1.51034e-307 1.77854e-299 0)
(-1.52727e-307 1.77854e-299 0)
(-1.5556e-307 1.77854e-299 0)
(-1.59534e-307 1.77854e-299 0)
(-1.6457e-307 1.77854e-299 0)
(-1.7042e-307 1.77854e-299 0)
(-1.76874e-307 1.77854e-299 0)
(-1.83731e-307 1.77854e-299 0)
(-1.90833e-307 1.77854e-299 0)
(-1.98099e-307 1.77854e-299 0)
(-2.05434e-307 1.77854e-299 0)
(-2.12815e-307 1.77854e-299 0)
(-2.20177e-307 1.77854e-299 0)
(-2.27507e-307 1.77854e-299 0)
(-2.34766e-307 1.77854e-299 0)
(-2.41944e-307 1.77854e-299 0)
(-2.49036e-307 1.77854e-299 0)
(-2.56035e-307 1.77854e-299 0)
(-2.62953e-307 1.77854e-299 0)
(-2.69761e-307 1.77854e-299 0)
(-2.76465e-307 1.77854e-299 0)
(-2.82987e-307 1.77854e-299 0)
(-2.89294e-307 1.77854e-299 0)
(-2.95254e-307 1.77854e-299 0)
(-3.00789e-307 1.77854e-299 0)
(-3.05771e-307 1.77854e-299 0)
(-3.10159e-307 1.77854e-299 0)
(-3.13971e-307 1.77854e-299 0)
(-3.17357e-307 1.77854e-299 0)
(-3.20618e-307 1.77854e-299 0)
(-3.24139e-307 1.77854e-299 0)
(-3.28404e-307 1.77854e-299 0)
(-3.33798e-307 1.77854e-299 0)
(-3.40643e-307 1.77854e-299 0)
(-3.48994e-307 1.77854e-299 0)
(-3.58772e-307 1.77854e-299 0)
(-3.69666e-307 1.77854e-299 0)
(-3.81336e-307 1.77854e-299 0)
(-3.93403e-307 1.77854e-299 0)
(-4.05587e-307 1.77854e-299 0)
(-4.17708e-307 1.77854e-299 0)
(-4.29691e-307 1.77854e-299 0)
(-4.41565e-307 1.77854e-299 0)
(-4.53375e-307 1.77854e-299 0)
(-4.65227e-307 1.77854e-299 0)
(-4.7717e-307 1.77854e-299 0)
(-4.89309e-307 1.77854e-299 0)
(-5.01677e-307 1.77854e-299 0)
(-5.14381e-307 1.77854e-299 0)
(-5.27481e-307 1.77854e-299 0)
(-5.41115e-307 1.77854e-299 0)
(-5.55394e-307 1.77854e-299 0)
(-5.70498e-307 1.77854e-299 0)
(-5.86591e-307 1.77854e-299 0)
(-6.03883e-307 1.77854e-299 0)
(-6.22581e-307 1.77854e-299 0)
(-6.42915e-307 1.77854e-299 0)
(-6.65131e-307 1.77854e-299 0)
(-6.89479e-307 1.77854e-299 0)
(-7.16262e-307 1.77854e-299 0)
(-7.45777e-307 1.77854e-299 0)
(-7.78388e-307 1.77854e-299 0)
(-8.14482e-307 1.77854e-299 0)
(-8.54514e-307 1.77854e-299 0)
(-8.9898e-307 1.77854e-299 0)
(-9.48471e-307 1.77854e-299 0)
(-1.00361e-306 1.77854e-299 0)
(-1.06517e-306 1.77854e-299 0)
(-1.13394e-306 1.77854e-299 0)
(-1.21086e-306 1.77854e-299 0)
(-1.29699e-306 1.77854e-299 0)
(-1.39346e-306 1.77854e-299 0)
(-1.50159e-306 1.77854e-299 0)
(-1.62283e-306 1.77854e-299 0)
(-1.75876e-306 1.77854e-299 0)
(-1.9112e-306 1.77854e-299 0)
(-2.0821e-306 1.77854e-299 0)
(-2.27366e-306 1.77854e-299 0)
(-2.4883e-306 1.77854e-299 0)
(-2.72863e-306 1.77854e-299 0)
(-2.99748e-306 1.77854e-299 0)
(-3.29796e-306 1.77854e-299 0)
(-3.63331e-306 1.77854e-299 0)
(-4.00705e-306 1.77854e-299 0)
(-4.42281e-306 1.77854e-299 0)
(-4.88434e-306 1.77854e-299 0)
(-5.39545e-306 1.77854e-299 0)
(-5.95983e-306 1.77854e-299 0)
(-6.58096e-306 1.77854e-299 0)
(-7.26191e-306 1.77854e-299 0)
(-8.00503e-306 1.77854e-299 0)
(-8.81162e-306 1.77854e-299 0)
(-9.68148e-306 1.77854e-299 0)
(-1.06123e-305 1.77854e-299 0)
(-1.15987e-305 1.77854e-299 0)
(-1.26318e-305 1.77854e-299 0)
(-1.36969e-305 1.77854e-299 0)
(-1.47731e-305 1.77854e-299 0)
(-1.58302e-305 1.77854e-299 0)
(-1.68268e-305 1.77854e-299 0)
(-1.77067e-305 1.77854e-299 0)
(-1.83953e-305 1.77854e-299 0)
(-1.87945e-305 1.77855e-299 0)
(-1.87777e-305 1.77855e-299 0)
(-1.81835e-305 1.77855e-299 0)
(-1.68101e-305 1.77855e-299 0)
(-1.44119e-305 1.77855e-299 0)
(-1.0701e-305 1.77855e-299 0)
(-5.36178e-306 1.77855e-299 0)
(1.90788e-306 1.77855e-299 0)
(1.12958e-305 1.77855e-299 0)
(2.26482e-305 1.77855e-299 0)
(3.49855e-305 1.77855e-299 0)
(4.54352e-305 1.77855e-299 0)
(4.68526e-305 1.77854e-299 0)
(2.20203e-305 1.77854e-299 0)
(-2.00745e-305 1.77854e-299 0)
(-4.34173e-305 1.77854e-299 0)
(-4.30517e-305 1.77855e-299 0)
(-3.36794e-305 1.77855e-299 0)
(-2.21609e-305 1.77855e-299 0)
(-1.13683e-305 1.77855e-299 0)
(-2.34267e-306 1.77855e-299 0)
(4.7079e-306 1.77855e-299 0)
(9.93373e-306 1.77855e-299 0)
(1.36146e-305 1.77855e-299 0)
(1.60499e-305 1.77855e-299 0)
(1.75083e-305 1.77855e-299 0)
(1.82106e-305 1.77855e-299 0)
(1.83311e-305 1.77854e-299 0)
(1.80082e-305 1.77854e-299 0)
(1.73585e-305 1.77854e-299 0)
(1.64852e-305 1.77854e-299 0)
(1.54802e-305 1.77854e-299 0)
(1.44205e-305 1.77854e-299 0)
(1.33641e-305 1.77854e-299 0)
(1.23477e-305 1.77854e-299 0)
(1.139e-305 1.77854e-299 0)
(1.0496e-305 1.77854e-299 0)
(9.66316e-306 1.77854e-299 0)
(8.88478e-306 1.77854e-299 0)
(8.15215e-306 1.77854e-299 0)
(7.45639e-306 1.77854e-299 0)
(6.79053e-306 1.77854e-299 0)
(6.15161e-306 1.77854e-299 0)
(5.54167e-306 1.77854e-299 0)
(4.96684e-306 1.77854e-299 0)
(4.43494e-306 1.77854e-299 0)
(3.95243e-306 1.77854e-299 0)
(3.52238e-306 1.77854e-299 0)
(3.1439e-306 1.77854e-299 0)
(2.8129e-306 1.77854e-299 0)
(2.52372e-306 1.77854e-299 0)
(2.27051e-306 1.77854e-299 0)
(2.04814e-306 1.77854e-299 0)
(1.85252e-306 1.77854e-299 0)
(1.68041e-306 1.77854e-299 0)
(1.52914e-306 1.77854e-299 0)
(1.3964e-306 1.77854e-299 0)
(1.28004e-306 1.77854e-299 0)
(1.1781e-306 1.77854e-299 0)
(1.08876e-306 1.77854e-299 0)
(1.01037e-306 1.77854e-299 0)
(9.41481e-307 1.77854e-299 0)
(8.80785e-307 1.77854e-299 0)
(8.2715e-307 1.77854e-299 0)
(7.79609e-307 1.77854e-299 0)
(7.37326e-307 1.77854e-299 0)
(6.99602e-307 1.77854e-299 0)
(6.6584e-307 1.77854e-299 0)
(6.35532e-307 1.77854e-299 0)
(6.08233e-307 1.77854e-299 0)
(5.83583e-307 1.77854e-299 0)
(5.61272e-307 1.77854e-299 0)
(5.41103e-307 1.77854e-299 0)
(5.22927e-307 1.77854e-299 0)
(5.06659e-307 1.77854e-299 0)
(4.92163e-307 1.77854e-299 0)
(4.79238e-307 1.77854e-299 0)
(4.67561e-307 1.77854e-299 0)
(4.56749e-307 1.77854e-299 0)
(4.46412e-307 1.77854e-299 0)
(4.3625e-307 1.77854e-299 0)
(4.261e-307 1.77854e-299 0)
(4.15914e-307 1.77854e-299 0)
(4.05739e-307 1.77854e-299 0)
(3.95594e-307 1.77854e-299 0)
(3.85498e-307 1.77854e-299 0)
(3.75373e-307 1.77854e-299 0)
(3.65158e-307 1.77854e-299 0)
(3.54744e-307 1.77854e-299 0)
(3.44118e-307 1.77854e-299 0)
(3.33259e-307 1.77854e-299 0)
(3.22252e-307 1.77854e-299 0)
(3.11165e-307 1.77854e-299 0)
(3.0012e-307 1.77854e-299 0)
(2.89205e-307 1.77854e-299 0)
(2.78506e-307 1.77854e-299 0)
(2.68083e-307 1.77854e-299 0)
(2.57964e-307 1.77854e-299 0)
(2.4818e-307 1.77854e-299 0)
(2.38714e-307 1.77854e-299 0)
(2.29589e-307 1.77854e-299 0)
(2.20768e-307 1.77854e-299 0)
(2.12274e-307 1.77854e-299 0)
(2.04066e-307 1.77854e-299 0)
(1.96163e-307 1.77854e-299 0)
(1.88535e-307 1.77854e-299 0)
(1.81189e-307 1.77854e-299 0)
(1.74106e-307 1.77854e-299 0)
(1.67277e-307 1.77854e-299 0)
(1.60698e-307 1.77854e-299 0)
(1.54379e-307 1.77854e-299 0)
(1.48365e-307 1.77854e-299 0)
(1.42737e-307 1.77854e-299 0)
(1.37565e-307 1.77854e-299 0)
(1.32915e-307 1.77854e-299 0)
(1.2875e-307 1.77854e-299 0)
(1.24992e-307 1.77854e-299 0)
(1.21477e-307 1.77854e-299 0)
(1.1805e-307 1.77854e-299 0)
(1.14555e-307 1.77854e-299 0)
(1.10931e-307 1.77854e-299 0)
(1.07188e-307 1.77854e-299 0)
(1.03591e-307 1.77854e-299 0)
(1.00685e-307 1.77854e-299 0)
(9.94886e-308 1.77854e-299 0)
(1.01292e-307 1.77854e-299 0)
(1.07305e-307 1.77854e-299 0)
(1.17816e-307 1.77854e-299 0)
(1.31546e-307 1.77854e-299 0)
(1.45391e-307 1.77854e-299 0)
(1.55139e-307 1.77854e-299 0)
(1.56916e-307 1.77854e-299 0)
(1.48749e-307 1.77854e-299 0)
(1.31424e-307 1.77854e-299 0)
(1.08181e-307 1.77854e-299 0)
(8.33359e-308 1.77854e-299 0)
(6.07572e-308 1.77854e-299 0)
(4.26406e-308 1.77854e-299 0)
(2.94213e-308 1.77854e-299 0)
(2.01171e-308 1.77854e-299 0)
(1.33498e-308 1.77854e-299 0)
(7.75931e-309 1.77854e-299 0)
(2.58082e-309 1.77854e-299 0)
(-2.6558e-309 1.77854e-299 0)
(-8.00678e-309 1.77854e-299 0)
(-1.35207e-308 1.77854e-299 0)
(-1.91395e-308 1.77854e-299 0)
(-2.48765e-308 1.77854e-299 0)
(-3.07095e-308 1.77854e-299 0)
(-3.66193e-308 1.77854e-299 0)
(-4.25897e-308 1.77854e-299 0)
(-4.85648e-308 1.77854e-299 0)
(-5.46316e-308 1.77854e-299 0)
(-6.07925e-308 1.77854e-299 0)
(-6.72075e-308 1.77854e-299 0)
(-7.39806e-308 1.77854e-299 0)
(-8.13094e-308 1.77854e-299 0)
(-8.92766e-308 1.77854e-299 0)
(-9.78942e-308 1.77854e-299 0)
(-1.06922e-307 1.77854e-299 0)
(-1.1594e-307 1.77854e-299 0)
(-1.24339e-307 1.77854e-299 0)
(-1.31526e-307 1.77854e-299 0)
(-1.37029e-307 1.77854e-299 0)
(-1.40732e-307 1.77854e-299 0)
(-1.42807e-307 1.77854e-299 0)
(-1.43824e-307 1.77854e-299 0)
(-1.44412e-307 1.77854e-299 0)
(-1.45296e-307 1.77854e-299 0)
(-1.46935e-307 1.77854e-299 0)
(-1.49662e-307 1.77854e-299 0)
(-1.53481e-307 1.77854e-299 0)
(-1.58316e-307 1.77854e-299 0)
(-1.63934e-307 1.77854e-299 0)
(-1.70133e-307 1.77854e-299 0)
(-1.76722e-307 1.77854e-299 0)
(-1.8355e-307 1.77854e-299 0)
(-1.90536e-307 1.77854e-299 0)
(-1.97588e-307 1.77854e-299 0)
(-2.04686e-307 1.77854e-299 0)
(-2.11766e-307 1.77854e-299 0)
(-2.18815e-307 1.77854e-299 0)
(-2.25796e-307 1.77854e-299 0)
(-2.32699e-307 1.77854e-299 0)
(-2.3952e-307 1.77854e-299 0)
(-2.46251e-307 1.77854e-299 0)
(-2.52904e-307 1.77854e-299 0)
(-2.59451e-307 1.77854e-299 0)
(-2.65897e-307 1.77854e-299 0)
(-2.72167e-307 1.77854e-299 0)
(-2.78228e-307 1.77854e-299 0)
(-2.83956e-307 1.77854e-299 0)
(-2.89275e-307 1.77854e-299 0)
(-2.94064e-307 1.77854e-299 0)
(-2.98287e-307 1.77854e-299 0)
(-3.0196e-307 1.77854e-299 0)
(-3.0523e-307 1.77854e-299 0)
(-3.08385e-307 1.77854e-299 0)
(-3.11794e-307 1.77854e-299 0)
(-3.15916e-307 1.77854e-299 0)
(-3.21118e-307 1.77854e-299 0)
(-3.27706e-307 1.77854e-299 0)
(-3.35734e-307 1.77854e-299 0)
(-3.45125e-307 1.77854e-299 0)
(-3.55585e-307 1.77854e-299 0)
(-3.66792e-307 1.77854e-299 0)
(-3.78383e-307 1.77854e-299 0)
(-3.90093e-307 1.77854e-299 0)
(-4.01747e-307 1.77854e-299 0)
(-4.13273e-307 1.77854e-299 0)
(-4.24697e-307 1.77854e-299 0)
(-4.3606e-307 1.77854e-299 0)
(-4.47464e-307 1.77854e-299 0)
(-4.58956e-307 1.77854e-299 0)
(-4.70635e-307 1.77854e-299 0)
(-4.82535e-307 1.77854e-299 0)
(-4.9476e-307 1.77854e-299 0)
(-5.07366e-307 1.77854e-299 0)
(-5.20488e-307 1.77854e-299 0)
(-5.34232e-307 1.77854e-299 0)
(-5.48771e-307 1.77854e-299 0)
(-5.64262e-307 1.77854e-299 0)
(-5.80909e-307 1.77854e-299 0)
(-5.98909e-307 1.77854e-299 0)
(-6.18484e-307 1.77854e-299 0)
(-6.3987e-307 1.77854e-299 0)
(-6.6331e-307 1.77854e-299 0)
(-6.89093e-307 1.77854e-299 0)
(-7.17508e-307 1.77854e-299 0)
(-7.48904e-307 1.77854e-299 0)
(-7.83655e-307 1.77854e-299 0)
(-8.22198e-307 1.77854e-299 0)
(-8.65011e-307 1.77854e-299 0)
(-9.12664e-307 1.77854e-299 0)
(-9.65761e-307 1.77854e-299 0)
(-1.02503e-306 1.77854e-299 0)
(-1.09125e-306 1.77854e-299 0)
(-1.16533e-306 1.77854e-299 0)
(-1.24826e-306 1.77854e-299 0)
(-1.34116e-306 1.77854e-299 0)
(-1.44529e-306 1.77854e-299 0)
(-1.56204e-306 1.77854e-299 0)
(-1.69294e-306 1.77854e-299 0)
(-1.83973e-306 1.77854e-299 0)
(-2.0043e-306 1.77854e-299 0)
(-2.18877e-306 1.77854e-299 0)
(-2.39546e-306 1.77854e-299 0)
(-2.62687e-306 1.77854e-299 0)
(-2.88575e-306 1.77854e-299 0)
(-3.17507e-306 1.77854e-299 0)
(-3.49796e-306 1.77854e-299 0)
(-3.85778e-306 1.77854e-299 0)
(-4.25804e-306 1.77854e-299 0)
(-4.70233e-306 1.77854e-299 0)
(-5.19431e-306 1.77854e-299 0)
(-5.7375e-306 1.77854e-299 0)
(-6.33525e-306 1.77854e-299 0)
(-6.99048e-306 1.77854e-299 0)
(-7.70539e-306 1.77854e-299 0)
(-8.4812e-306 1.77854e-299 0)
(-9.31765e-306 1.77854e-299 0)
(-1.02124e-305 1.77854e-299 0)
(-1.11603e-305 1.77854e-299 0)
(-1.21524e-305 1.77854e-299 0)
(-1.31747e-305 1.77854e-299 0)
(-1.42066e-305 1.77854e-299 0)
(-1.52189e-305 1.77854e-299 0)
(-1.61713e-305 1.77854e-299 0)
(-1.70093e-305 1.77854e-299 0)
(-1.76607e-305 1.77854e-299 0)
(-1.80304e-305 1.77855e-299 0)
(-1.79961e-305 1.77855e-299 0)
(-1.74019e-305 1.77855e-299 0)
(-1.60538e-305 1.77855e-299 0)
(-1.37162e-305 1.77855e-299 0)
(-1.01155e-305 1.77855e-299 0)
(-4.95552e-306 1.77855e-299 0)
(2.03813e-306 1.77855e-299 0)
(1.1014e-305 1.77855e-299 0)
(2.17656e-305 1.77855e-299 0)
(3.32535e-305 1.77855e-299 0)
(4.25926e-305 1.77855e-299 0)
(4.29545e-305 1.77854e-299 0)
(1.98516e-305 1.77854e-299 0)
(-1.74307e-305 1.77854e-299 0)
(-3.85184e-305 1.77854e-299 0)
(-3.92907e-305 1.77855e-299 0)
(-3.13052e-305 1.77855e-299 0)
(-2.08988e-305 1.77855e-299 0)
(-1.09171e-305 1.77855e-299 0)
(-2.46051e-306 1.77855e-299 0)
(4.20138e-306 1.77855e-299 0)
(9.16956e-306 1.77855e-299 0)
(1.2687e-305 1.77855e-299 0)
(1.5026e-305 1.77855e-299 0)
(1.64365e-305 1.77855e-299 0)
(1.71264e-305 1.77855e-299 0)
(1.72612e-305 1.77854e-299 0)
(1.69734e-305 1.77854e-299 0)
(1.63741e-305 1.77854e-299 0)
(1.55613e-305 1.77854e-299 0)
(1.46217e-305 1.77854e-299 0)
(1.3628e-305 1.77854e-299 0)
(1.26345e-305 1.77854e-299 0)
(1.16766e-305 1.77854e-299 0)
(1.07722e-305 1.77854e-299 0)
(9.9271e-306 1.77854e-299 0)
(9.13924e-306 1.77854e-299 0)
(8.4026e-306 1.77854e-299 0)
(7.70921e-306 1.77854e-299 0)
(7.05091e-306 1.77854e-299 0)
(6.42129e-306 1.77854e-299 0)
(5.81763e-306 1.77854e-299 0)
(5.24174e-306 1.77854e-299 0)
(4.69919e-306 1.77854e-299 0)
(4.19707e-306 1.77854e-299 0)
(3.7413e-306 1.77854e-299 0)
(3.33471e-306 1.77854e-299 0)
(2.97653e-306 1.77854e-299 0)
(2.66307e-306 1.77854e-299 0)
(2.3891e-306 1.77854e-299 0)
(2.1492e-306 1.77854e-299 0)
(1.93857e-306 1.77854e-299 0)
(1.75331e-306 1.77854e-299 0)
(1.59034e-306 1.77854e-299 0)
(1.44711e-306 1.77854e-299 0)
(1.32141e-306 1.77854e-299 0)
(1.21123e-306 1.77854e-299 0)
(1.11469e-306 1.77854e-299 0)
(1.03008e-306 1.77854e-299 0)
(9.55834e-307 1.77854e-299 0)
(8.90587e-307 1.77854e-299 0)
(8.33105e-307 1.77854e-299 0)
(7.82314e-307 1.77854e-299 0)
(7.37297e-307 1.77854e-299 0)
(6.97265e-307 1.77854e-299 0)
(6.61551e-307 1.77854e-299 0)
(6.29592e-307 1.77854e-299 0)
(6.00905e-307 1.77854e-299 0)
(5.75069e-307 1.77854e-299 0)
(5.51743e-307 1.77854e-299 0)
(5.30636e-307 1.77854e-299 0)
(5.11558e-307 1.77854e-299 0)
(4.94368e-307 1.77854e-299 0)
(4.78979e-307 1.77854e-299 0)
(4.65259e-307 1.77854e-299 0)
(4.53017e-307 1.77854e-299 0)
(4.4195e-307 1.77854e-299 0)
(4.31702e-307 1.77854e-299 0)
(4.21909e-307 1.77854e-299 0)
(4.12292e-307 1.77854e-299 0)
(4.02694e-307 1.77854e-299 0)
(3.9307e-307 1.77854e-299 0)
(3.83455e-307 1.77854e-299 0)
(3.73868e-307 1.77854e-299 0)
(3.64323e-307 1.77854e-299 0)
(3.54749e-307 1.77854e-299 0)
(3.45089e-307 1.77854e-299 0)
(3.35245e-307 1.77854e-299 0)
(3.25203e-307 1.77854e-299 0)
(3.14945e-307 1.77854e-299 0)
(3.04549e-307 1.77854e-299 0)
(2.94078e-307 1.77854e-299 0)
(2.83646e-307 1.77854e-299 0)
(2.73336e-307 1.77854e-299 0)
(2.63229e-307 1.77854e-299 0)
(2.5338e-307 1.77854e-299 0)
(2.43818e-307 1.77854e-299 0)
(2.3457e-307 1.77854e-299 0)
(2.25625e-307 1.77854e-299 0)
(2.16999e-307 1.77854e-299 0)
(2.08663e-307 1.77854e-299 0)
(2.00634e-307 1.77854e-299 0)
(1.92876e-307 1.77854e-299 0)
(1.85406e-307 1.77854e-299 0)
(1.78197e-307 1.77854e-299 0)
(1.71254e-307 1.77854e-299 0)
(1.64559e-307 1.77854e-299 0)
(1.58105e-307 1.77854e-299 0)
(1.51888e-307 1.77854e-299 0)
(1.45919e-307 1.77854e-299 0)
(1.40239e-307 1.77854e-299 0)
(1.34923e-307 1.77854e-299 0)
(1.30038e-307 1.77854e-299 0)
(1.25641e-307 1.77854e-299 0)
(1.217e-307 1.77854e-299 0)
(1.18139e-307 1.77854e-299 0)
(1.14809e-307 1.77854e-299 0)
(1.11564e-307 1.77854e-299 0)
(1.0826e-307 1.77854e-299 0)
(1.04838e-307 1.77854e-299 0)
(1.01315e-307 1.77854e-299 0)
(9.7943e-308 1.77854e-299 0)
(9.52414e-308 1.77854e-299 0)
(9.41655e-308 1.77854e-299 0)
(9.59154e-308 1.77854e-299 0)
(1.01601e-307 1.77854e-299 0)
(1.1147e-307 1.77854e-299 0)
(1.24306e-307 1.77854e-299 0)
(1.37206e-307 1.77854e-299 0)
(1.46256e-307 1.77854e-299 0)
(1.47857e-307 1.77854e-299 0)
(1.40179e-307 1.77854e-299 0)
(1.23949e-307 1.77854e-299 0)
(1.02171e-307 1.77854e-299 0)
(7.88582e-308 1.77854e-299 0)
(5.76172e-308 1.77854e-299 0)
(4.05146e-308 1.77854e-299 0)
(2.79808e-308 1.77854e-299 0)
(1.91251e-308 1.77854e-299 0)
(1.26705e-308 1.77854e-299 0)
(7.34961e-309 1.77854e-299 0)
(2.43602e-309 1.77854e-299 0)
(-2.51726e-309 1.77854e-299 0)
(-7.57384e-309 1.77854e-299 0)
(-1.27823e-308 1.77854e-299 0)
(-1.80914e-308 1.77854e-299 0)
(-2.35129e-308 1.77854e-299 0)
(-2.90251e-308 1.77854e-299 0)
(-3.46106e-308 1.77854e-299 0)
(-4.02527e-308 1.77854e-299 0)
(-4.59021e-308 1.77854e-299 0)
(-5.16372e-308 1.77854e-299 0)
(-5.74645e-308 1.77854e-299 0)
(-6.3532e-308 1.77854e-299 0)
(-6.99393e-308 1.77854e-299 0)
(-7.68693e-308 1.77854e-299 0)
(-8.43977e-308 1.77854e-299 0)
(-9.25327e-308 1.77854e-299 0)
(-1.01046e-307 1.77854e-299 0)
(-1.09544e-307 1.77854e-299 0)
(-1.17457e-307 1.77854e-299 0)
(-1.2423e-307 1.77854e-299 0)
(-1.29424e-307 1.77854e-299 0)
(-1.32933e-307 1.77854e-299 0)
(-1.34917e-307 1.77854e-299 0)
(-1.35907e-307 1.77854e-299 0)
(-1.36494e-307 1.77854e-299 0)
(-1.37352e-307 1.77854e-299 0)
(-1.38916e-307 1.77854e-299 0)
(-1.41495e-307 1.77854e-299 0)
(-1.45099e-307 1.77854e-299 0)
(-1.49659e-307 1.77854e-299 0)
(-1.54958e-307 1.77854e-299 0)
(-1.60807e-307 1.77854e-299 0)
(-1.67027e-307 1.77854e-299 0)
(-1.73475e-307 1.77854e-299 0)
(-1.80073e-307 1.77854e-299 0)
(-1.86736e-307 1.77854e-299 0)
(-1.93442e-307 1.77854e-299 0)
(-2.00131e-307 1.77854e-299 0)
(-2.06792e-307 1.77854e-299 0)
(-2.13388e-307 1.77854e-299 0)
(-2.19912e-307 1.77854e-299 0)
(-2.26358e-307 1.77854e-299 0)
(-2.3272e-307 1.77854e-299 0)
(-2.39006e-307 1.77854e-299 0)
(-2.45192e-307 1.77854e-299 0)
(-2.5128e-307 1.77854e-299 0)
(-2.57203e-307 1.77854e-299 0)
(-2.62925e-307 1.77854e-299 0)
(-2.68332e-307 1.77854e-299 0)
(-2.73353e-307 1.77854e-299 0)
(-2.77877e-307 1.77854e-299 0)
(-2.81869e-307 1.77854e-299 0)
(-2.85349e-307 1.77854e-299 0)
(-2.88458e-307 1.77854e-299 0)
(-2.91463e-307 1.77854e-299 0)
(-2.94712e-307 1.77854e-299 0)
(-2.98631e-307 1.77854e-299 0)
(-3.03566e-307 1.77854e-299 0)
(-3.09797e-307 1.77854e-299 0)
(-3.17379e-307 1.77854e-299 0)
(-3.26238e-307 1.77854e-299 0)
(-3.36103e-307 1.77854e-299 0)
(-3.46671e-307 1.77854e-299 0)
(-3.57607e-307 1.77854e-299 0)
(-3.68662e-307 1.77854e-299 0)
(-3.79671e-307 1.77854e-299 0)
(-3.90565e-307 1.77854e-299 0)
(-4.01365e-307 1.77854e-299 0)
(-4.1211e-307 1.77854e-299 0)
(-4.22892e-307 1.77854e-299 0)
(-4.3376e-307 1.77854e-299 0)
(-4.44801e-307 1.77854e-299 0)
(-4.56055e-307 1.77854e-299 0)
(-4.67614e-307 1.77854e-299 0)
(-4.79538e-307 1.77854e-299 0)
(-4.91949e-307 1.77854e-299 0)
(-5.04952e-307 1.77854e-299 0)
(-5.18706e-307 1.77854e-299 0)
(-5.33364e-307 1.77854e-299 0)
(-5.49115e-307 1.77854e-299 0)
(-5.66147e-307 1.77854e-299 0)
(-5.84667e-307 1.77854e-299 0)
(-6.04903e-307 1.77854e-299 0)
(-6.27083e-307 1.77854e-299 0)
(-6.51479e-307 1.77854e-299 0)
(-6.78367e-307 1.77854e-299 0)
(-7.08077e-307 1.77854e-299 0)
(-7.40963e-307 1.77854e-299 0)
(-7.77439e-307 1.77854e-299 0)
(-8.17958e-307 1.77854e-299 0)
(-8.63059e-307 1.77854e-299 0)
(-9.13315e-307 1.77854e-299 0)
(-9.69414e-307 1.77854e-299 0)
(-1.0321e-306 1.77854e-299 0)
(-1.10221e-306 1.77854e-299 0)
(-1.18071e-306 1.77854e-299 0)
(-1.26865e-306 1.77854e-299 0)
(-1.36722e-306 1.77854e-299 0)
(-1.47773e-306 1.77854e-299 0)
(-1.60164e-306 1.77854e-299 0)
(-1.74059e-306 1.77854e-299 0)
(-1.89637e-306 1.77854e-299 0)
(-2.07099e-306 1.77854e-299 0)
(-2.26662e-306 1.77854e-299 0)
(-2.48566e-306 1.77854e-299 0)
(-2.73069e-306 1.77854e-299 0)
(-3.00451e-306 1.77854e-299 0)
(-3.3101e-306 1.77854e-299 0)
(-3.65061e-306 1.77854e-299 0)
(-4.02936e-306 1.77854e-299 0)
(-4.44973e-306 1.77854e-299 0)
(-4.91517e-306 1.77854e-299 0)
(-5.429e-306 1.77854e-299 0)
(-5.99434e-306 1.77854e-299 0)
(-6.61391e-306 1.77854e-299 0)
(-7.28977e-306 1.77854e-299 0)
(-8.02301e-306 1.77854e-299 0)
(-8.81328e-306 1.77854e-299 0)
(-9.65826e-306 1.77854e-299 0)
(-1.0553e-305 1.77854e-299 0)
(-1.14887e-305 1.77854e-299 0)
(-1.24521e-305 1.77854e-299 0)
(-1.34233e-305 1.77854e-299 0)
(-1.43743e-305 1.77854e-299 0)
(-1.52667e-305 1.77854e-299 0)
(-1.60484e-305 1.77854e-299 0)
(-1.66502e-305 1.77854e-299 0)
(-1.69817e-305 1.77855e-299 0)
(-1.69265e-305 1.77855e-299 0)
(-1.63366e-305 1.77855e-299 0)
(-1.50286e-305 1.77855e-299 0)
(-1.27811e-305 1.77855e-299 0)
(-9.33959e-306 1.77855e-299 0)
(-4.434e-306 1.77855e-299 0)
(2.17401e-306 1.77855e-299 0)
(1.05839e-305 1.77855e-299 0)
(2.05272e-305 1.77855e-299 0)
(3.09053e-305 1.77855e-299 0)
(3.88655e-305 1.77855e-299 0)
(3.8106e-305 1.77854e-299 0)
(1.72378e-305 1.77854e-299 0)
(-1.43865e-305 1.77854e-299 0)
(-3.2642e-305 1.77854e-299 0)
(-3.4471e-305 1.77855e-299 0)
(-2.81243e-305 1.77855e-299 0)
(-1.91328e-305 1.77855e-299 0)
(-1.02267e-305 1.77855e-299 0)
(-2.54677e-306 1.77855e-299 0)
(3.57223e-306 1.77855e-299 0)
(8.17306e-306 1.77855e-299 0)
(1.14523e-305 1.77855e-299 0)
(1.36475e-305 1.77855e-299 0)
(1.49829e-305 1.77855e-299 0)
(1.56487e-305 1.77855e-299 0)
(1.57978e-305 1.77854e-299 0)
(1.55539e-305 1.77854e-299 0)
(1.50205e-305 1.77854e-299 0)
(1.42881e-305 1.77854e-299 0)
(1.34363e-305 1.77854e-299 0)
(1.25315e-305 1.77854e-299 0)
(1.16239e-305 1.77854e-299 0)
(1.07461e-305 1.77854e-299 0)
(9.91552e-306 1.77854e-299 0)
(9.13812e-306 1.77854e-299 0)
(8.4127e-306 1.77854e-299 0)
(7.73409e-306 1.77854e-299 0)
(7.09527e-306 1.77854e-299 0)
(6.489e-306 1.77854e-299 0)
(5.9096e-306 1.77854e-299 0)
(5.35465e-306 1.77854e-299 0)
(4.8257e-306 1.77854e-299 0)
(4.32757e-306 1.77854e-299 0)
(3.86648e-306 1.77854e-299 0)
(3.44761e-306 1.77854e-299 0)
(3.07352e-306 1.77854e-299 0)
(2.74357e-306 1.77854e-299 0)
(2.45455e-306 1.77854e-299 0)
(2.20182e-306 1.77854e-299 0)
(1.98051e-306 1.77854e-299 0)
(1.78623e-306 1.77854e-299 0)
(1.6154e-306 1.77854e-299 0)
(1.46516e-306 1.77854e-299 0)
(1.33312e-306 1.77854e-299 0)
(1.21724e-306 1.77854e-299 0)
(1.11565e-306 1.77854e-299 0)
(1.02663e-306 1.77854e-299 0)
(9.486e-307 1.77854e-299 0)
(8.80139e-307 1.77854e-299 0)
(8.1997e-307 1.77854e-299 0)
(7.66966e-307 1.77854e-299 0)
(7.20136e-307 1.77854e-299 0)
(6.78635e-307 1.77854e-299 0)
(6.41734e-307 1.77854e-299 0)
(6.08818e-307 1.77854e-299 0)
(5.79366e-307 1.77854e-299 0)
(5.52932e-307 1.77854e-299 0)
(5.2913e-307 1.77854e-299 0)
(5.07644e-307 1.77854e-299 0)
(4.88207e-307 1.77854e-299 0)
(4.70644e-307 1.77854e-299 0)
(4.54821e-307 1.77854e-299 0)
(4.40651e-307 1.77854e-299 0)
(4.2801e-307 1.77854e-299 0)
(4.16719e-307 1.77854e-299 0)
(4.06505e-307 1.77854e-299 0)
(3.97045e-307 1.77854e-299 0)
(3.88011e-307 1.77854e-299 0)
(3.79151e-307 1.77854e-299 0)
(3.7032e-307 1.77854e-299 0)
(3.61471e-307 1.77854e-299 0)
(3.52631e-307 1.77854e-299 0)
(3.43815e-307 1.77854e-299 0)
(3.35032e-307 1.77854e-299 0)
(3.26223e-307 1.77854e-299 0)
(3.17332e-307 1.77854e-299 0)
(3.08278e-307 1.77854e-299 0)
(2.99043e-307 1.77854e-299 0)
(2.89616e-307 1.77854e-299 0)
(2.80061e-307 1.77854e-299 0)
(2.70441e-307 1.77854e-299 0)
(2.60856e-307 1.77854e-299 0)
(2.51381e-307 1.77854e-299 0)
(2.42091e-307 1.77854e-299 0)
(2.33036e-307 1.77854e-299 0)
(2.24244e-307 1.77854e-299 0)
(2.15739e-307 1.77854e-299 0)
(2.07514e-307 1.77854e-299 0)
(1.99579e-307 1.77854e-299 0)
(1.91914e-307 1.77854e-299 0)
(1.84528e-307 1.77854e-299 0)
(1.77394e-307 1.77854e-299 0)
(1.70523e-307 1.77854e-299 0)
(1.63893e-307 1.77854e-299 0)
(1.57506e-307 1.77854e-299 0)
(1.51349e-307 1.77854e-299 0)
(1.45414e-307 1.77854e-299 0)
(1.39697e-307 1.77854e-299 0)
(1.34211e-307 1.77854e-299 0)
(1.28992e-307 1.77854e-299 0)
(1.24108e-307 1.77854e-299 0)
(1.19618e-307 1.77854e-299 0)
(1.15572e-307 1.77854e-299 0)
(1.11941e-307 1.77854e-299 0)
(1.08657e-307 1.77854e-299 0)
(1.05585e-307 1.77854e-299 0)
(1.02592e-307 1.77854e-299 0)
(9.95513e-308 1.77854e-299 0)
(9.6409e-308 1.77854e-299 0)
(9.31879e-308 1.77854e-299 0)
(9.01207e-308 1.77854e-299 0)
(8.76915e-308 1.77854e-299 0)
(8.67675e-308 1.77854e-299 0)
(8.84302e-308 1.77854e-299 0)
(9.36609e-308 1.77854e-299 0)
(1.02655e-307 1.77854e-299 0)
(1.1429e-307 1.77854e-299 0)
(1.25936e-307 1.77854e-299 0)
(1.34066e-307 1.77854e-299 0)
(1.35447e-307 1.77854e-299 0)
(1.28437e-307 1.77854e-299 0)
(1.13683e-307 1.77854e-299 0)
(9.38797e-308 1.77854e-299 0)
(7.26378e-308 1.77854e-299 0)
(5.32177e-308 1.77854e-299 0)
(3.75114e-308 1.77854e-299 0)
(2.59365e-308 1.77854e-299 0)
(1.77199e-308 1.77854e-299 0)
(1.17151e-308 1.77854e-299 0)
(6.77947e-309 1.77854e-299 0)
(2.238e-309 1.77854e-299 0)
(-2.32174e-309 1.77854e-299 0)
(-6.97212e-309 1.77854e-299 0)
(-1.17593e-308 1.77854e-299 0)
(-1.66409e-308 1.77854e-299 0)
(-2.16258e-308 1.77854e-299 0)
(-2.66946e-308 1.77854e-299 0)
(-3.18315e-308 1.77854e-299 0)
(-3.70194e-308 1.77854e-299 0)
(-4.22176e-308 1.77854e-299 0)
(-4.74933e-308 1.77854e-299 0)
(-5.28583e-308 1.77854e-299 0)
(-5.84438e-308 1.77854e-299 0)
(-6.43439e-308 1.77854e-299 0)
(-7.07208e-308 1.77854e-299 0)
(-7.76428e-308 1.77854e-299 0)
(-8.5112e-308 1.77854e-299 0)
(-9.29193e-308 1.77854e-299 0)
(-1.00705e-307 1.77854e-299 0)
(-1.07951e-307 1.77854e-299 0)
(-1.14157e-307 1.77854e-299 0)
(-1.18927e-307 1.77854e-299 0)
(-1.22163e-307 1.77854e-299 0)
(-1.24016e-307 1.77854e-299 0)
(-1.24961e-307 1.77854e-299 0)
(-1.25538e-307 1.77854e-299 0)
(-1.26353e-307 1.77854e-299 0)
(-1.27808e-307 1.77854e-299 0)
(-1.30182e-307 1.77854e-299 0)
(-1.33492e-307 1.77854e-299 0)
(-1.37673e-307 1.77854e-299 0)
(-1.42534e-307 1.77854e-299 0)
(-1.47902e-307 1.77854e-299 0)
(-1.53613e-307 1.77854e-299 0)
(-1.59538e-307 1.77854e-299 0)
(-1.656e-307 1.77854e-299 0)
(-1.71726e-307 1.77854e-299 0)
(-1.77889e-307 1.77854e-299 0)
(-1.8404e-307 1.77854e-299 0)
(-1.90162e-307 1.77854e-299 0)
(-1.96228e-307 1.77854e-299 0)
(-2.02227e-307 1.77854e-299 0)
(-2.08154e-307 1.77854e-299 0)
(-2.14004e-307 1.77854e-299 0)
(-2.19784e-307 1.77854e-299 0)
(-2.25471e-307 1.77854e-299 0)
(-2.31066e-307 1.77854e-299 0)
(-2.36508e-307 1.77854e-299 0)
(-2.41762e-307 1.77854e-299 0)
(-2.46729e-307 1.77854e-299 0)
(-2.51339e-307 1.77854e-299 0)
(-2.55496e-307 1.77854e-299 0)
(-2.59169e-307 1.77854e-299 0)
(-2.62381e-307 1.77854e-299 0)
(-2.6526e-307 1.77854e-299 0)
(-2.68051e-307 1.77854e-299 0)
(-2.71072e-307 1.77854e-299 0)
(-2.74704e-307 1.77854e-299 0)
(-2.79265e-307 1.77854e-299 0)
(-2.85001e-307 1.77854e-299 0)
(-2.91968e-307 1.77854e-299 0)
(-3.00094e-307 1.77854e-299 0)
(-3.09141e-307 1.77854e-299 0)
(-3.18833e-307 1.77854e-299 0)
(-3.28869e-307 1.77854e-299 0)
(-3.39021e-307 1.77854e-299 0)
(-3.49139e-307 1.77854e-299 0)
(-3.59158e-307 1.77854e-299 0)
(-3.69093e-307 1.77854e-299 0)
(-3.78983e-307 1.77854e-299 0)
(-3.88903e-307 1.77854e-299 0)
(-3.98904e-307 1.77854e-299 0)
(-4.09064e-307 1.77854e-299 0)
(-4.19421e-307 1.77854e-299 0)
(-4.30058e-307 1.77854e-299 0)
(-4.41035e-307 1.77854e-299 0)
(-4.5246e-307 1.77854e-299 0)
(-4.64435e-307 1.77854e-299 0)
(-4.771e-307 1.77854e-299 0)
(-4.90601e-307 1.77854e-299 0)
(-5.05107e-307 1.77854e-299 0)
(-5.20793e-307 1.77854e-299 0)
(-5.37851e-307 1.77854e-299 0)
(-5.56488e-307 1.77854e-299 0)
(-5.76918e-307 1.77854e-299 0)
(-5.99388e-307 1.77854e-299 0)
(-6.24155e-307 1.77854e-299 0)
(-6.51522e-307 1.77854e-299 0)
(-6.81817e-307 1.77854e-299 0)
(-7.1542e-307 1.77854e-299 0)
(-7.52752e-307 1.77854e-299 0)
(-7.94304e-307 1.77854e-299 0)
(-8.4061e-307 1.77854e-299 0)
(-8.923e-307 1.77854e-299 0)
(-9.50059e-307 1.77854e-299 0)
(-1.01467e-306 1.77854e-299 0)
(-1.08701e-306 1.77854e-299 0)
(-1.16804e-306 1.77854e-299 0)
(-1.25887e-306 1.77854e-299 0)
(-1.36071e-306 1.77854e-299 0)
(-1.4749e-306 1.77854e-299 0)
(-1.60294e-306 1.77854e-299 0)
(-1.74651e-306 1.77854e-299 0)
(-1.90741e-306 1.77854e-299 0)
(-2.08769e-306 1.77854e-299 0)
(-2.28952e-306 1.77854e-299 0)
(-2.51529e-306 1.77854e-299 0)
(-2.76757e-306 1.77854e-299 0)
(-3.0491e-306 1.77854e-299 0)
(-3.36278e-306 1.77854e-299 0)
(-3.71164e-306 1.77854e-299 0)
(-4.0988e-306 1.77854e-299 0)
(-4.5274e-306 1.77854e-299 0)
(-5.00047e-306 1.77854e-299 0)
(-5.52087e-306 1.77854e-299 0)
(-6.09104e-306 1.77854e-299 0)
(-6.71282e-306 1.77854e-299 0)
(-7.38714e-306 1.77854e-299 0)
(-8.11358e-306 1.77854e-299 0)
(-8.88988e-306 1.77854e-299 0)
(-9.71127e-306 1.77854e-299 0)
(-1.05696e-305 1.77854e-299 0)
(-1.14521e-305 1.77854e-299 0)
(-1.23404e-305 1.77854e-299 0)
(-1.32082e-305 1.77854e-299 0)
(-1.40196e-305 1.77854e-299 0)
(-1.47259e-305 1.77854e-299 0)
(-1.52628e-305 1.77854e-299 0)
(-1.55463e-305 1.77855e-299 0)
(-1.54682e-305 1.77855e-299 0)
(-1.48919e-305 1.77855e-299 0)
(-1.36487e-305 1.77855e-299 0)
(-1.15368e-305 1.77855e-299 0)
(-8.32729e-306 1.77855e-299 0)
(-3.78443e-306 1.77855e-299 0)
(2.2849e-306 1.77855e-299 0)
(9.92215e-306 1.77855e-299 0)
(1.87937e-305 1.77855e-299 0)
(2.77603e-305 1.77855e-299 0)
(3.40908e-305 1.77855e-299 0)
(3.22901e-305 1.77854e-299 0)
(1.42278e-305 1.77854e-299 0)
(-1.10713e-305 1.77854e-299 0)
(-2.59056e-305 1.77854e-299 0)
(-2.84874e-305 1.77855e-299 0)
(-2.39406e-305 1.77855e-299 0)
(-1.66799e-305 1.77855e-299 0)
(-9.16926e-306 1.77855e-299 0)
(-2.5383e-306 1.77855e-299 0)
(2.82456e-306 1.77855e-299 0)
(6.90006e-306 1.77855e-299 0)
(9.83005e-306 1.77855e-299 0)
(1.18078e-305 1.77855e-299 0)
(1.30238e-305 1.77855e-299 0)
(1.36437e-305 1.77855e-299 0)
(1.3803e-305 1.77854e-299 0)
(1.36118e-305 1.77854e-299 0)
(1.31625e-305 1.77854e-299 0)
(1.25354e-305 1.77854e-299 0)
(1.18001e-305 1.77854e-299 0)
(1.10148e-305 1.77854e-299 0)
(1.02235e-305 1.77854e-299 0)
(9.45544e-306 1.77854e-299 0)
(8.72661e-306 1.77854e-299 0)
(8.04309e-306 1.77854e-299 0)
(7.40446e-306 1.77854e-299 0)
(6.80664e-306 1.77854e-299 0)
(6.2438e-306 1.77854e-299 0)
(5.70987e-306 1.77854e-299 0)
(5.20009e-306 1.77854e-299 0)
(4.71243e-306 1.77854e-299 0)
(4.24811e-306 1.77854e-299 0)
(3.81108e-306 1.77854e-299 0)
(3.40644e-306 1.77854e-299 0)
(3.03851e-306 1.77854e-299 0)
(2.70944e-306 1.77854e-299 0)
(2.41879e-306 1.77854e-299 0)
(2.1639e-306 1.77854e-299 0)
(1.94088e-306 1.77854e-299 0)
(1.74556e-306 1.77854e-299 0)
(1.57414e-306 1.77854e-299 0)
(1.42346e-306 1.77854e-299 0)
(1.29096e-306 1.77854e-299 0)
(1.17452e-306 1.77854e-299 0)
(1.07233e-306 1.77854e-299 0)
(9.82729e-307 1.77854e-299 0)
(9.04204e-307 1.77854e-299 0)
(8.35375e-307 1.77854e-299 0)
(7.74982e-307 1.77854e-299 0)
(7.21905e-307 1.77854e-299 0)
(6.75151e-307 1.77854e-299 0)
(6.33849e-307 1.77854e-299 0)
(5.97251e-307 1.77854e-299 0)
(5.64715e-307 1.77854e-299 0)
(5.35698e-307 1.77854e-299 0)
(5.09739e-307 1.77854e-299 0)
(4.86443e-307 1.77854e-299 0)
(4.65471e-307 1.77854e-299 0)
(4.46543e-307 1.77854e-299 0)
(4.29428e-307 1.77854e-299 0)
(4.13967e-307 1.77854e-299 0)
(4.0004e-307 1.77854e-299 0)
(3.87563e-307 1.77854e-299 0)
(3.76424e-307 1.77854e-299 0)
(3.66463e-307 1.77854e-299 0)
(3.57443e-307 1.77854e-299 0)
(3.49088e-307 1.77854e-299 0)
(3.41116e-307 1.77854e-299 0)
(3.3331e-307 1.77854e-299 0)
(3.2554e-307 1.77854e-299 0)
(3.17763e-307 1.77854e-299 0)
(3.09994e-307 1.77854e-299 0)
(3.02244e-307 1.77854e-299 0)
(2.94517e-307 1.77854e-299 0)
(2.86767e-307 1.77854e-299 0)
(2.78944e-307 1.77854e-299 0)
(2.70982e-307 1.77854e-299 0)
(2.62864e-307 1.77854e-299 0)
(2.54583e-307 1.77854e-299 0)
(2.46192e-307 1.77854e-299 0)
(2.37745e-307 1.77854e-299 0)
(2.29327e-307 1.77854e-299 0)
(2.21004e-307 1.77854e-299 0)
(2.12842e-307 1.77854e-299 0)
(2.04885e-307 1.77854e-299 0)
(1.97158e-307 1.77854e-299 0)
(1.89681e-307 1.77854e-299 0)
(1.8245e-307 1.77854e-299 0)
(1.75474e-307 1.77854e-299 0)
(1.68735e-307 1.77854e-299 0)
(1.6224e-307 1.77854e-299 0)
(1.55969e-307 1.77854e-299 0)
(1.49927e-307 1.77854e-299 0)
(1.44098e-307 1.77854e-299 0)
(1.38483e-307 1.77854e-299 0)
(1.33069e-307 1.77854e-299 0)
(1.27851e-307 1.77854e-299 0)
(1.22827e-307 1.77854e-299 0)
(1.18007e-307 1.77854e-299 0)
(1.13424e-307 1.77854e-299 0)
(1.09136e-307 1.77854e-299 0)
(1.05191e-307 1.77854e-299 0)
(1.01631e-307 1.77854e-299 0)
(9.84333e-308 1.77854e-299 0)
(9.55351e-308 1.77854e-299 0)
(9.28238e-308 1.77854e-299 0)
(9.01836e-308 1.77854e-299 0)
(8.75073e-308 1.77854e-299 0)
(8.47499e-308 1.77854e-299 0)
(8.19388e-308 1.77854e-299 0)
(7.92814e-308 1.77854e-299 0)
(7.72081e-308 1.77854e-299 0)
(7.64684e-308 1.77854e-299 0)
(7.79881e-308 1.77854e-299 0)
(8.2586e-308 1.77854e-299 0)
(9.04012e-308 1.77854e-299 0)
(1.00441e-307 1.77854e-299 0)
(1.1044e-307 1.77854e-299 0)
(1.17378e-307 1.77854e-299 0)
(1.18496e-307 1.77854e-299 0)
(1.1239e-307 1.77854e-299 0)
(9.96085e-308 1.77854e-299 0)
(8.24431e-308 1.77854e-299 0)
(6.39838e-308 1.77854e-299 0)
(4.70345e-308 1.77854e-299 0)
(3.32506e-308 1.77854e-299 0)
(2.3023e-308 1.77854e-299 0)
(1.57218e-308 1.77854e-299 0)
(1.03689e-308 1.77854e-299 0)
(5.98417e-309 1.77854e-299 0)
(1.96692e-309 1.77854e-299 0)
(-2.04694e-309 1.77854e-299 0)
(-6.13604e-309 1.77854e-299 0)
(-1.0342e-308 1.77854e-299 0)
(-1.46328e-308 1.77854e-299 0)
(-1.90143e-308 1.77854e-299 0)
(-2.347e-308 1.77854e-299 0)
(-2.7986e-308 1.77854e-299 0)
(-3.2546e-308 1.77854e-299 0)
(-3.71187e-308 1.77854e-299 0)
(-4.17584e-308 1.77854e-299 0)
(-4.64816e-308 1.77854e-299 0)
(-5.13982e-308 1.77854e-299 0)
(-5.65936e-308 1.77854e-299 0)
(-6.22037e-308 1.77854e-299 0)
(-6.82873e-308 1.77854e-299 0)
(-7.484e-308 1.77854e-299 0)
(-8.16792e-308 1.77854e-299 0)
(-8.84905e-308 1.77854e-299 0)
(-9.48275e-308 1.77854e-299 0)
(-1.00258e-307 1.77854e-299 0)
(-1.04444e-307 1.77854e-299 0)
(-1.073e-307 1.77854e-299 0)
(-1.08959e-307 1.77854e-299 0)
(-1.09828e-307 1.77854e-299 0)
(-1.10375e-307 1.77854e-299 0)
(-1.11121e-307 1.77854e-299 0)
(-1.12419e-307 1.77854e-299 0)
(-1.14509e-307 1.77854e-299 0)
(-1.17414e-307 1.77854e-299 0)
(-1.21076e-307 1.77854e-299 0)
(-1.25336e-307 1.77854e-299 0)
(-1.30043e-307 1.77854e-299 0)
(-1.35054e-307 1.77854e-299 0)
(-1.40256e-307 1.77854e-299 0)
(-1.4558e-307 1.77854e-299 0)
(-1.50963e-307 1.77854e-299 0)
(-1.56377e-307 1.77854e-299 0)
(-1.61782e-307 1.77854e-299 0)
(-1.67162e-307 1.77854e-299 0)
(-1.72494e-307 1.77854e-299 0)
(-1.77767e-307 1.77854e-299 0)
(-1.82977e-307 1.77854e-299 0)
(-1.88119e-307 1.77854e-299 0)
(-1.93198e-307 1.77854e-299 0)
(-1.98197e-307 1.77854e-299 0)
(-2.0311e-307 1.77854e-299 0)
(-2.0789e-307 1.77854e-299 0)
(-2.125e-307 1.77854e-299 0)
(-2.16859e-307 1.77854e-299 0)
(-2.20903e-307 1.77854e-299 0)
(-2.24555e-307 1.77854e-299 0)
(-2.27787e-307 1.77854e-299 0)
(-2.30622e-307 1.77854e-299 0)
(-2.33176e-307 1.77854e-299 0)
(-2.35661e-307 1.77854e-299 0)
(-2.38351e-307 1.77854e-299 0)
(-2.41576e-307 1.77854e-299 0)
(-2.45609e-307 1.77854e-299 0)
(-2.50658e-307 1.77854e-299 0)
(-2.56776e-307 1.77854e-299 0)
(-2.63898e-307 1.77854e-299 0)
(-2.71824e-307 1.77854e-299 0)
(-2.80314e-307 1.77854e-299 0)
(-2.89114e-307 1.77854e-299 0)
(-2.98023e-307 1.77854e-299 0)
(-3.0691e-307 1.77854e-299 0)
(-3.15719e-307 1.77854e-299 0)
(-3.24457e-307 1.77854e-299 0)
(-3.33158e-307 1.77854e-299 0)
(-3.41886e-307 1.77854e-299 0)
(-3.50685e-307 1.77854e-299 0)
(-3.59622e-307 1.77854e-299 0)
(-3.68736e-307 1.77854e-299 0)
(-3.78096e-307 1.77854e-299 0)
(-3.87758e-307 1.77854e-299 0)
(-3.97815e-307 1.77854e-299 0)
(-4.0836e-307 1.77854e-299 0)
(-4.19513e-307 1.77854e-299 0)
(-4.31403e-307 1.77854e-299 0)
(-4.4418e-307 1.77854e-299 0)
(-4.57996e-307 1.77854e-299 0)
(-4.7302e-307 1.77854e-299 0)
(-4.89435e-307 1.77854e-299 0)
(-5.0743e-307 1.77854e-299 0)
(-5.27222e-307 1.77854e-299 0)
(-5.4904e-307 1.77854e-299 0)
(-5.73148e-307 1.77854e-299 0)
(-5.99838e-307 1.77854e-299 0)
(-6.29445e-307 1.77854e-299 0)
(-6.62339e-307 1.77854e-299 0)
(-6.98953e-307 1.77854e-299 0)
(-7.3976e-307 1.77854e-299 0)
(-7.85311e-307 1.77854e-299 0)
(-8.36214e-307 1.77854e-299 0)
(-8.93157e-307 1.77854e-299 0)
(-9.56911e-307 1.77854e-299 0)
(-1.02834e-306 1.77854e-299 0)
(-1.10839e-306 1.77854e-299 0)
(-1.19815e-306 1.77854e-299 0)
(-1.29879e-306 1.77854e-299 0)
(-1.41165e-306 1.77854e-299 0)
(-1.53818e-306 1.77854e-299 0)
(-1.68e-306 1.77854e-299 0)
(-1.83888e-306 1.77854e-299 0)
(-2.01675e-306 1.77854e-299 0)
(-2.2157e-306 1.77854e-299 0)
(-2.43801e-306 1.77854e-299 0)
(-2.68605e-306 1.77854e-299 0)
(-2.9624e-306 1.77854e-299 0)
(-3.26971e-306 1.77854e-299 0)
(-3.61069e-306 1.77854e-299 0)
(-3.9881e-306 1.77854e-299 0)
(-4.40458e-306 1.77854e-299 0)
(-4.8626e-306 1.77854e-299 0)
(-5.36426e-306 1.77854e-299 0)
(-5.91113e-306 1.77854e-299 0)
(-6.50393e-306 1.77854e-299 0)
(-7.14218e-306 1.77854e-299 0)
(-7.82375e-306 1.77854e-299 0)
(-8.54426e-306 1.77854e-299 0)
(-9.29628e-306 1.77854e-299 0)
(-1.00684e-305 1.77854e-299 0)
(-1.08438e-305 1.77854e-299 0)
(-1.15991e-305 1.77854e-299 0)
(-1.23019e-305 1.77854e-299 0)
(-1.29089e-305 1.77854e-299 0)
(-1.33625e-305 1.77854e-299 0)
(-1.35878e-305 1.77855e-299 0)
(-1.34889e-305 1.77855e-299 0)
(-1.29448e-305 1.77855e-299 0)
(-1.18076e-305 1.77855e-299 0)
(-9.90197e-306 1.77855e-299 0)
(-7.03332e-306 1.77855e-299 0)
(-3.00915e-306 1.77855e-299 0)
(2.30992e-306 1.77855e-299 0)
(8.90369e-306 1.77855e-299 0)
(1.63847e-305 1.77855e-299 0)
(2.36255e-305 1.77855e-299 0)
(2.8166e-305 1.77855e-299 0)
(2.56233e-305 1.77854e-299 0)
(1.09493e-305 1.77854e-299 0)
(-7.67712e-306 1.77854e-299 0)
(-1.85737e-305 1.77854e-299 0)
(-2.13507e-305 1.77855e-299 0)
(-1.85793e-305 1.77855e-299 0)
(-1.33209e-305 1.77855e-299 0)
(-7.56513e-306 1.77855e-299 0)
(-2.32769e-306 1.77855e-299 0)
(1.9893e-306 1.77855e-299 0)
(5.31399e-306 1.77855e-299 0)
(7.72957e-306 1.77855e-299 0)
(9.37634e-306 1.77855e-299 0)
(1.04016e-305 1.77855e-299 0)
(1.09373e-305 1.77855e-299 0)
(1.10938e-305 1.77854e-299 0)
(1.09618e-305 1.77854e-299 0)
(1.06172e-305 1.77854e-299 0)
(1.01256e-305 1.77854e-299 0)
(9.54331e-306 1.77854e-299 0)
(8.91719e-306 1.77854e-299 0)
(8.2829e-306 1.77854e-299 0)
(7.66453e-306 1.77854e-299 0)
(7.07577e-306 1.77854e-299 0)
(6.52228e-306 1.77854e-299 0)
(6.00434e-306 1.77854e-299 0)
(5.5191e-306 1.77854e-299 0)
(5.06216e-306 1.77854e-299 0)
(4.62889e-306 1.77854e-299 0)
(4.21569e-306 1.77854e-299 0)
(3.82097e-306 1.77854e-299 0)
(3.44561e-306 1.77854e-299 0)
(3.09253e-306 1.77854e-299 0)
(2.76552e-306 1.77854e-299 0)
(2.46786e-306 1.77854e-299 0)
(2.20122e-306 1.77854e-299 0)
(1.9653e-306 1.77854e-299 0)
(1.75814e-306 1.77854e-299 0)
(1.57675e-306 1.77854e-299 0)
(1.41786e-306 1.77854e-299 0)
(1.27844e-306 1.77854e-299 0)
(1.15592e-306 1.77854e-299 0)
(1.04822e-306 1.77854e-299 0)
(9.53582e-307 1.77854e-299 0)
(8.70517e-307 1.77854e-299 0)
(7.97676e-307 1.77854e-299 0)
(7.33833e-307 1.77854e-299 0)
(6.77868e-307 1.77854e-299 0)
(6.28762e-307 1.77854e-299 0)
(5.85606e-307 1.77854e-299 0)
(5.47593e-307 1.77854e-299 0)
(5.14017e-307 1.77854e-299 0)
(4.84271e-307 1.77854e-299 0)
(4.57832e-307 1.77854e-299 0)
(4.34256e-307 1.77854e-299 0)
(4.13169e-307 1.77854e-299 0)
(3.94249e-307 1.77854e-299 0)
(3.7722e-307 1.77854e-299 0)
(3.61856e-307 1.77854e-299 0)
(3.47969e-307 1.77854e-299 0)
(3.35428e-307 1.77854e-299 0)
(3.24134e-307 1.77854e-299 0)
(3.14011e-307 1.77854e-299 0)
(3.04965e-307 1.77854e-299 0)
(2.96865e-307 1.77854e-299 0)
(2.89523e-307 1.77854e-299 0)
(2.8272e-307 1.77854e-299 0)
(2.76236e-307 1.77854e-299 0)
(2.69898e-307 1.77854e-299 0)
(2.636e-307 1.77854e-299 0)
(2.57304e-307 1.77854e-299 0)
(2.51014e-307 1.77854e-299 0)
(2.44738e-307 1.77854e-299 0)
(2.38477e-307 1.77854e-299 0)
(2.32195e-307 1.77854e-299 0)
(2.25853e-307 1.77854e-299 0)
(2.19404e-307 1.77854e-299 0)
(2.12831e-307 1.77854e-299 0)
(2.06132e-307 1.77854e-299 0)
(1.99344e-307 1.77854e-299 0)
(1.92514e-307 1.77854e-299 0)
(1.85705e-307 1.77854e-299 0)
(1.78973e-307 1.77854e-299 0)
(1.72369e-307 1.77854e-299 0)
(1.65928e-307 1.77854e-299 0)
(1.59673e-307 1.77854e-299 0)
(1.53619e-307 1.77854e-299 0)
(1.47764e-307 1.77854e-299 0)
(1.42113e-307 1.77854e-299 0)
(1.36656e-307 1.77854e-299 0)
(1.31395e-307 1.77854e-299 0)
(1.26317e-307 1.77854e-299 0)
(1.21423e-307 1.77854e-299 0)
(1.16703e-307 1.77854e-299 0)
(1.12155e-307 1.77854e-299 0)
(1.07771e-307 1.77854e-299 0)
(1.03545e-307 1.77854e-299 0)
(9.94782e-308 1.77854e-299 0)
(9.55783e-308 1.77854e-299 0)
(9.18724e-308 1.77854e-299 0)
(8.84038e-308 1.77854e-299 0)
(8.52128e-308 1.77854e-299 0)
(8.23275e-308 1.77854e-299 0)
(7.97314e-308 1.77854e-299 0)
(7.73742e-308 1.77854e-299 0)
(7.5168e-308 1.77854e-299 0)
(7.30213e-308 1.77854e-299 0)
(7.08514e-308 1.77854e-299 0)
(6.86237e-308 1.77854e-299 0)
(6.63675e-308 1.77854e-299 0)
(6.42543e-308 1.77854e-299 0)
(6.26362e-308 1.77854e-299 0)
(6.21073e-308 1.77854e-299 0)
(6.33925e-308 1.77854e-299 0)
(6.71132e-308 1.77854e-299 0)
(7.3351e-308 1.77854e-299 0)
(8.12992e-308 1.77854e-299 0)
(8.91662e-308 1.77854e-299 0)
(9.45854e-308 1.77854e-299 0)
(9.54002e-308 1.77854e-299 0)
(9.05121e-308 1.77854e-299 0)
(8.03424e-308 1.77854e-299 0)
(6.6675e-308 1.77854e-299 0)
(5.19313e-308 1.77854e-299 0)
(3.83236e-308 1.77854e-299 0)
(2.71851e-308 1.77854e-299 0)
(1.8855e-308 1.77854e-299 0)
(1.28694e-308 1.77854e-299 0)
(8.46516e-309 1.77854e-299 0)
(4.87089e-309 1.77854e-299 0)
(1.59398e-309 1.77854e-299 0)
(-1.66207e-309 1.77854e-299 0)
(-4.9746e-309 1.77854e-299 0)
(-8.3785e-309 1.77854e-299 0)
(-1.18526e-308 1.77854e-299 0)
(-1.53998e-308 1.77854e-299 0)
(-1.90075e-308 1.77854e-299 0)
(-2.26645e-308 1.77854e-299 0)
(-2.63564e-308 1.77854e-299 0)
(-3.00619e-308 1.77854e-299 0)
(-3.38209e-308 1.77854e-299 0)
(-3.7652e-308 1.77854e-299 0)
(-4.16396e-308 1.77854e-299 0)
(-4.58549e-308 1.77854e-299 0)
(-5.04016e-308 1.77854e-299 0)
(-5.53261e-308 1.77854e-299 0)
(-6.06189e-308 1.77854e-299 0)
(-6.61336e-308 1.77854e-299 0)
(-7.16171e-308 1.77854e-299 0)
(-7.6717e-308 1.77854e-299 0)
(-8.10903e-308 1.77854e-299 0)
(-8.44733e-308 1.77854e-299 0)
(-8.67961e-308 1.77854e-299 0)
(-8.81691e-308 1.77854e-299 0)
(-8.89084e-308 1.77854e-299 0)
(-8.93904e-308 1.77854e-299 0)
(-9.00224e-308 1.77854e-299 0)
(-9.10918e-308 1.77854e-299 0)
(-9.27866e-308 1.77854e-299 0)
(-9.51338e-308 1.77854e-299 0)
(-9.80872e-308 1.77854e-299 0)
(-1.01525e-307 1.77854e-299 0)
(-1.05325e-307 1.77854e-299 0)
(-1.09373e-307 1.77854e-299 0)
(-1.13579e-307 1.77854e-299 0)
(-1.17885e-307 1.77854e-299 0)
(-1.22241e-307 1.77854e-299 0)
(-1.26622e-307 1.77854e-299 0)
(-1.30997e-307 1.77854e-299 0)
(-1.35351e-307 1.77854e-299 0)
(-1.39667e-307 1.77854e-299 0)
(-1.43936e-307 1.77854e-299 0)
(-1.48154e-307 1.77854e-299 0)
(-1.52318e-307 1.77854e-299 0)
(-1.56429e-307 1.77854e-299 0)
(-1.60476e-307 1.77854e-299 0)
(-1.6445e-307 1.77854e-299 0)
(-1.68315e-307 1.77854e-299 0)
(-1.7204e-307 1.77854e-299 0)
(-1.75562e-307 1.77854e-299 0)
(-1.7883e-307 1.77854e-299 0)
(-1.81784e-307 1.77854e-299 0)
(-1.84403e-307 1.77854e-299 0)
(-1.86712e-307 1.77854e-299 0)
(-1.88802e-307 1.77854e-299 0)
(-1.90843e-307 1.77854e-299 0)
(-1.93056e-307 1.77854e-299 0)
(-1.95697e-307 1.77854e-299 0)
(-1.98985e-307 1.77854e-299 0)
(-2.03081e-307 1.77854e-299 0)
(-2.08028e-307 1.77854e-299 0)
(-2.13774e-307 1.77854e-299 0)
(-2.20166e-307 1.77854e-299 0)
(-2.27014e-307 1.77854e-299 0)
(-2.34116e-307 1.77854e-299 0)
(-2.41315e-307 1.77854e-299 0)
(-2.48505e-307 1.77854e-299 0)
(-2.55638e-307 1.77854e-299 0)
(-2.62718e-307 1.77854e-299 0)
(-2.69771e-307 1.77854e-299 0)
(-2.76844e-307 1.77854e-299 0)
(-2.83977e-307 1.77854e-299 0)
(-2.91219e-307 1.77854e-299 0)
(-2.98607e-307 1.77854e-299 0)
(-3.06195e-307 1.77854e-299 0)
(-3.14031e-307 1.77854e-299 0)
(-3.22188e-307 1.77854e-299 0)
(-3.30743e-307 1.77854e-299 0)
(-3.39794e-307 1.77854e-299 0)
(-3.49443e-307 1.77854e-299 0)
(-3.59812e-307 1.77854e-299 0)
(-3.71025e-307 1.77854e-299 0)
(-3.8322e-307 1.77854e-299 0)
(-3.96542e-307 1.77854e-299 0)
(-4.11148e-307 1.77854e-299 0)
(-4.27212e-307 1.77854e-299 0)
(-4.44923e-307 1.77854e-299 0)
(-4.64493e-307 1.77854e-299 0)
(-4.86162e-307 1.77854e-299 0)
(-5.10199e-307 1.77854e-299 0)
(-5.36909e-307 1.77854e-299 0)
(-5.66641e-307 1.77854e-299 0)
(-5.9978e-307 1.77854e-299 0)
(-6.36774e-307 1.77854e-299 0)
(-6.78117e-307 1.77854e-299 0)
(-7.24366e-307 1.77854e-299 0)
(-7.7615e-307 1.77854e-299 0)
(-8.34165e-307 1.77854e-299 0)
(-8.99191e-307 1.77854e-299 0)
(-9.72099e-307 1.77854e-299 0)
(-1.05385e-306 1.77854e-299 0)
(-1.14552e-306 1.77854e-299 0)
(-1.2483e-306 1.77854e-299 0)
(-1.36349e-306 1.77854e-299 0)
(-1.49253e-306 1.77854e-299 0)
(-1.63699e-306 1.77854e-299 0)
(-1.79856e-306 1.77854e-299 0)
(-1.97908e-306 1.77854e-299 0)
(-2.18048e-306 1.77854e-299 0)
(-2.40482e-306 1.77854e-299 0)
(-2.65426e-306 1.77854e-299 0)
(-2.93099e-306 1.77854e-299 0)
(-3.2372e-306 1.77854e-299 0)
(-3.57503e-306 1.77854e-299 0)
(-3.94642e-306 1.77854e-299 0)
(-4.35306e-306 1.77854e-299 0)
(-4.79612e-306 1.77854e-299 0)
(-5.27613e-306 1.77854e-299 0)
(-5.79258e-306 1.77854e-299 0)
(-6.34361e-306 1.77854e-299 0)
(-6.92548e-306 1.77854e-299 0)
(-7.53193e-306 1.77854e-299 0)
(-8.15339e-306 1.77854e-299 0)
(-8.77594e-306 1.77854e-299 0)
(-9.38005e-306 1.77854e-299 0)
(-9.93897e-306 1.77854e-299 0)
(-1.04168e-305 1.77854e-299 0)
(-1.0766e-305 1.77854e-299 0)
(-1.09252e-305 1.77855e-299 0)
(-1.08155e-305 1.77855e-299 0)
(-1.03387e-305 1.77855e-299 0)
(-9.37517e-306 1.77855e-299 0)
(-7.78571e-306 1.77855e-299 0)
(-5.41968e-306 1.77855e-299 0)
(-2.13684e-306 1.77855e-299 0)
(2.1446e-306 1.77855e-299 0)
(7.35229e-306 1.77855e-299 0)
(1.3085e-305 1.77855e-299 0)
(1.83297e-305 1.77855e-299 0)
(2.11033e-305 1.77855e-299 0)
(1.83683e-305 1.77854e-299 0)
(7.5923e-306 1.77854e-299 0)
(-4.90505e-306 1.77854e-299 0)
(-1.21764e-305 1.77854e-299 0)
(-1.44912e-305 1.77854e-299 0)
(-1.29834e-305 1.77855e-299 0)
(-9.54052e-306 1.77855e-299 0)
(-5.56768e-306 1.77855e-299 0)
(-1.85091e-306 1.77855e-299 0)
(1.26607e-306 1.77855e-299 0)
(3.69557e-306 1.77855e-299 0)
(5.4773e-306 1.77855e-299 0)
(6.70244e-306 1.77855e-299 0)
(7.47318e-306 1.77855e-299 0)
(7.88397e-306 1.77855e-299 0)
(8.01519e-306 1.77854e-299 0)
(7.93357e-306 1.77854e-299 0)
(7.69511e-306 1.77854e-299 0)
(7.34774e-306 1.77854e-299 0)
(6.9325e-306 1.77854e-299 0)
(6.4833e-306 1.77854e-299 0)
(6.02611e-306 1.77854e-299 0)
(5.57871e-306 1.77854e-299 0)
(5.1515e-306 1.77854e-299 0)
(4.74904e-306 1.77854e-299 0)
(4.37192e-306 1.77854e-299 0)
(4.01834e-306 1.77854e-299 0)
(3.68532e-306 1.77854e-299 0)
(3.36969e-306 1.77854e-299 0)
(3.06894e-306 1.77854e-299 0)
(2.78198e-306 1.77854e-299 0)
(2.50937e-306 1.77854e-299 0)
(2.25307e-306 1.77854e-299 0)
(2.01564e-306 1.77854e-299 0)
(1.79933e-306 1.77854e-299 0)
(1.60531e-306 1.77854e-299 0)
(1.4334e-306 1.77854e-299 0)
(1.28229e-306 1.77854e-299 0)
(1.14988e-306 1.77854e-299 0)
(1.03388e-306 1.77854e-299 0)
(9.32104e-307 1.77854e-299 0)
(8.42694e-307 1.77854e-299 0)
(7.64107e-307 1.77854e-299 0)
(6.9506e-307 1.77854e-299 0)
(6.34452e-307 1.77854e-299 0)
(5.813e-307 1.77854e-299 0)
(5.3471e-307 1.77854e-299 0)
(4.93865e-307 1.77854e-299 0)
(4.58026e-307 1.77854e-299 0)
(4.2653e-307 1.77854e-299 0)
(3.98789e-307 1.77854e-299 0)
(3.74289e-307 1.77854e-299 0)
(3.52587e-307 1.77854e-299 0)
(3.333e-307 1.77854e-299 0)
(3.16106e-307 1.77854e-299 0)
(3.00729e-307 1.77854e-299 0)
(2.86934e-307 1.77854e-299 0)
(2.74521e-307 1.77854e-299 0)
(2.63324e-307 1.77854e-299 0)
(2.53207e-307 1.77854e-299 0)
(2.44074e-307 1.77854e-299 0)
(2.35849e-307 1.77854e-299 0)
(2.28474e-307 1.77854e-299 0)
(2.21879e-307 1.77854e-299 0)
(2.15967e-307 1.77854e-299 0)
(2.10604e-307 1.77854e-299 0)
(2.05634e-307 1.77854e-299 0)
(2.009e-307 1.77854e-299 0)
(1.96281e-307 1.77854e-299 0)
(1.91697e-307 1.77854e-299 0)
(1.87118e-307 1.77854e-299 0)
(1.82544e-307 1.77854e-299 0)
(1.7798e-307 1.77854e-299 0)
(1.73424e-307 1.77854e-299 0)
(1.68852e-307 1.77854e-299 0)
(1.64236e-307 1.77854e-299 0)
(1.59545e-307 1.77854e-299 0)
(1.54765e-307 1.77854e-299 0)
(1.49897e-307 1.77854e-299 0)
(1.44965e-307 1.77854e-299 0)
(1.40003e-307 1.77854e-299 0)
(1.35057e-307 1.77854e-299 0)
(1.30166e-307 1.77854e-299 0)
(1.25366e-307 1.77854e-299 0)
(1.20684e-307 1.77854e-299 0)
(1.16136e-307 1.77854e-299 0)
(1.11733e-307 1.77854e-299 0)
(1.07475e-307 1.77854e-299 0)
(1.03365e-307 1.77854e-299 0)
(9.93962e-308 1.77854e-299 0)
(9.55693e-308 1.77854e-299 0)
(9.18762e-308 1.77854e-299 0)
(8.83165e-308 1.77854e-299 0)
(8.48835e-308 1.77854e-299 0)
(8.15752e-308 1.77854e-299 0)
(7.83865e-308 1.77854e-299 0)
(7.53135e-308 1.77854e-299 0)
(7.23564e-308 1.77854e-299 0)
(6.95222e-308 1.77854e-299 0)
(6.68302e-308 1.77854e-299 0)
(6.43104e-308 1.77854e-299 0)
(6.19913e-308 1.77854e-299 0)
(5.98914e-308 1.77854e-299 0)
(5.79994e-308 1.77854e-299 0)
(5.62786e-308 1.77854e-299 0)
(5.46676e-308 1.77854e-299 0)
(5.31009e-308 1.77854e-299 0)
(5.15212e-308 1.77854e-299 0)
(4.99047e-308 1.77854e-299 0)
(4.82772e-308 1.77854e-299 0)
(4.67654e-308 1.77854e-299 0)
(4.56269e-308 1.77854e-299 0)
(4.52855e-308 1.77854e-299 0)
(4.62523e-308 1.77854e-299 0)
(4.89541e-308 1.77854e-299 0)
(5.34318e-308 1.77854e-299 0)
(5.90979e-308 1.77854e-299 0)
(6.46777e-308 1.77854e-299 0)
(6.84979e-308 1.77854e-299 0)
(6.90373e-308 1.77854e-299 0)
(6.55194e-308 1.77854e-299 0)
(5.82358e-308 1.77854e-299 0)
(4.84394e-308 1.77854e-299 0)
(3.78419e-308 1.77854e-299 0)
(2.80171e-308 1.77854e-299 0)
(1.99301e-308 1.77854e-299 0)
(1.38423e-308 1.77854e-299 0)
(9.44434e-309 1.77854e-299 0)
(6.19896e-309 1.77854e-299 0)
(3.55823e-309 1.77854e-299 0)
(1.16062e-309 1.77854e-299 0)
(-1.21109e-309 1.77854e-299 0)
(-3.62103e-309 1.77854e-299 0)
(-6.09555e-309 1.77854e-299 0)
(-8.62189e-309 1.77854e-299 0)
(-1.12012e-308 1.77854e-299 0)
(-1.38247e-308 1.77854e-299 0)
(-1.64843e-308 1.77854e-299 0)
(-1.91689e-308 1.77854e-299 0)
(-2.18653e-308 1.77854e-299 0)
(-2.46004e-308 1.77854e-299 0)
(-2.73906e-308 1.77854e-299 0)
(-3.02946e-308 1.77854e-299 0)
(-3.33651e-308 1.77854e-299 0)
(-3.6674e-308 1.77854e-299 0)
(-4.02539e-308 1.77854e-299 0)
(-4.40946e-308 1.77854e-299 0)
(-4.80902e-308 1.77854e-299 0)
(-5.20582e-308 1.77854e-299 0)
(-5.57476e-308 1.77854e-299 0)
(-5.89135e-308 1.77854e-299 0)
(-6.13697e-308 1.77854e-299 0)
(-6.30659e-308 1.77854e-299 0)
(-6.40827e-308 1.77854e-299 0)
(-6.46429e-308 1.77854e-299 0)
(-6.5017e-308 1.77854e-299 0)
(-6.5494e-308 1.77854e-299 0)
(-6.62825e-308 1.77854e-299 0)
(-6.75168e-308 1.77854e-299 0)
(-6.92207e-308 1.77854e-299 0)
(-7.13612e-308 1.77854e-299 0)
(-7.38535e-308 1.77854e-299 0)
(-7.66098e-308 1.77854e-299 0)
(-7.95481e-308 1.77854e-299 0)
(-8.26031e-308 1.77854e-299 0)
(-8.57316e-308 1.77854e-299 0)
(-8.88974e-308 1.77854e-299 0)
(-9.20813e-308 1.77854e-299 0)
(-9.52616e-308 1.77854e-299 0)
(-9.8427e-308 1.77854e-299 0)
(-1.01565e-307 1.77854e-299 0)
(-1.04669e-307 1.77854e-299 0)
(-1.07737e-307 1.77854e-299 0)
(-1.10765e-307 1.77854e-299 0)
(-1.13753e-307 1.77854e-299 0)
(-1.16695e-307 1.77854e-299 0)
(-1.19582e-307 1.77854e-299 0)
(-1.2239e-307 1.77854e-299 0)
(-1.25094e-307 1.77854e-299 0)
(-1.27651e-307 1.77854e-299 0)
(-1.30022e-307 1.77854e-299 0)
(-1.32169e-307 1.77854e-299 0)
(-1.34076e-307 1.77854e-299 0)
(-1.35762e-307 1.77854e-299 0)
(-1.37296e-307 1.77854e-299 0)
(-1.38799e-307 1.77854e-299 0)
(-1.40429e-307 1.77854e-299 0)
(-1.42369e-307 1.77854e-299 0)
(-1.44773e-307 1.77854e-299 0)
(-1.47756e-307 1.77854e-299 0)
(-1.51349e-307 1.77854e-299 0)
(-1.55516e-307 1.77854e-299 0)
(-1.60148e-307 1.77854e-299 0)
(-1.65111e-307 1.77854e-299 0)
(-1.70263e-307 1.77854e-299 0)
(-1.75489e-307 1.77854e-299 0)
(-1.80713e-307 1.77854e-299 0)
(-1.85901e-307 1.77854e-299 0)
(-1.91052e-307 1.77854e-299 0)
(-1.96185e-307 1.77854e-299 0)
(-2.01333e-307 1.77854e-299 0)
(-2.06524e-307 1.77854e-299 0)
(-2.11795e-307 1.77854e-299 0)
(-2.17173e-307 1.77854e-299 0)
(-2.22696e-307 1.77854e-299 0)
(-2.28403e-307 1.77854e-299 0)
(-2.34343e-307 1.77854e-299 0)
(-2.40576e-307 1.77854e-299 0)
(-2.47169e-307 1.77854e-299 0)
(-2.542e-307 1.77854e-299 0)
(-2.61755e-307 1.77854e-299 0)
(-2.69926e-307 1.77854e-299 0)
(-2.78812e-307 1.77854e-299 0)
(-2.88519e-307 1.77854e-299 0)
(-2.99163e-307 1.77854e-299 0)
(-3.10869e-307 1.77854e-299 0)
(-3.23776e-307 1.77854e-299 0)
(-3.3804e-307 1.77854e-299 0)
(-3.53833e-307 1.77854e-299 0)
(-3.71354e-307 1.77854e-299 0)
(-3.90825e-307 1.77854e-299 0)
(-4.12499e-307 1.77854e-299 0)
(-4.3666e-307 1.77854e-299 0)
(-4.63632e-307 1.77854e-299 0)
(-4.93775e-307 1.77854e-299 0)
(-5.27498e-307 1.77854e-299 0)
(-5.65256e-307 1.77854e-299 0)
(-6.07559e-307 1.77854e-299 0)
(-6.54975e-307 1.77854e-299 0)
(-7.08138e-307 1.77854e-299 0)
(-7.67751e-307 1.77854e-299 0)
(-8.34596e-307 1.77854e-299 0)
(-9.09539e-307 1.77854e-299 0)
(-9.93531e-307 1.77854e-299 0)
(-1.08762e-306 1.77854e-299 0)
(-1.19294e-306 1.77854e-299 0)
(-1.31074e-306 1.77854e-299 0)
(-1.44233e-306 1.77854e-299 0)
(-1.58914e-306 1.77854e-299 0)
(-1.75265e-306 1.77854e-299 0)
(-1.93443e-306 1.77854e-299 0)
(-2.13606e-306 1.77854e-299 0)
(-2.35912e-306 1.77854e-299 0)
(-2.60516e-306 1.77854e-299 0)
(-2.87558e-306 1.77854e-299 0)
(-3.17155e-306 1.77854e-299 0)
(-3.4939e-306 1.77854e-299 0)
(-3.84296e-306 1.77854e-299 0)
(-4.2183e-306 1.77854e-299 0)
(-4.61846e-306 1.77854e-299 0)
(-5.04061e-306 1.77854e-299 0)
(-5.48005e-306 1.77854e-299 0)
(-5.92962e-306 1.77854e-299 0)
(-6.37895e-306 1.77854e-299 0)
(-6.81353e-306 1.77854e-299 0)
(-7.21351e-306 1.77854e-299 0)
(-7.5523e-306 1.77854e-299 0)
(-7.79488e-306 1.77854e-299 0)
(-7.89588e-306 1.77855e-299 0)
(-7.79757e-306 1.77855e-299 0)
(-7.42814e-306 1.77855e-299 0)
(-6.70104e-306 1.77855e-299 0)
(-5.51691e-306 1.77855e-299 0)
(-3.77108e-306 1.77855e-299 0)
(-1.37213e-306 1.77855e-299 0)
(1.71898e-306 1.77855e-299 0)
(5.41436e-306 1.77855e-299 0)
(9.37117e-306 1.77855e-299 0)
(1.28059e-305 1.77855e-299 0)
(1.43194e-305 1.77855e-299 0)
(1.20396e-305 1.77854e-299 0)
(4.8505e-306 1.77854e-299 0)
(-3.09054e-306 1.77854e-299 0)
(-7.77663e-306 1.77854e-299 0)
(-9.42762e-306 1.77854e-299 0)
(-8.58375e-306 1.77855e-299 0)
(-6.39485e-306 1.77855e-299 0)
(-3.78812e-306 1.77855e-299 0)
(-1.30947e-306 1.77855e-299 0)
(7.90166e-307 1.77855e-299 0)
(2.43803e-306 1.77855e-299 0)
(3.65297e-306 1.77855e-299 0)
(4.49239e-306 1.77855e-299 0)
(5.0235e-306 1.77855e-299 0)
(5.30956e-306 1.77855e-299 0)
(5.40501e-306 1.77854e-299 0)
(5.35526e-306 1.77854e-299 0)
(5.19848e-306 1.77854e-299 0)
(4.96722e-306 1.77854e-299 0)
(4.68927e-306 1.77854e-299 0)
(4.38754e-306 1.77854e-299 0)
(4.07963e-306 1.77854e-299 0)
(3.77769e-306 1.77854e-299 0)
(3.4889e-306 1.77854e-299 0)
(3.21653e-306 1.77854e-299 0)
(2.96113e-306 1.77854e-299 0)
(2.72156e-306 1.77854e-299 0)
(2.4959e-306 1.77854e-299 0)
(2.28206e-306 1.77854e-299 0)
(2.07841e-306 1.77854e-299 0)
(1.88422e-306 1.77854e-299 0)
(1.69984e-306 1.77854e-299 0)
(1.52653e-306 1.77854e-299 0)
(1.36596e-306 1.77854e-299 0)
(1.21961e-306 1.77854e-299 0)
(1.08823e-306 1.77854e-299 0)
(9.71757e-307 1.77854e-299 0)
(8.693e-307 1.77854e-299 0)
(7.79499e-307 1.77854e-299 0)
(7.00817e-307 1.77854e-299 0)
(6.31791e-307 1.77854e-299 0)
(5.71158e-307 1.77854e-299 0)
(5.17868e-307 1.77854e-299 0)
(4.71049e-307 1.77854e-299 0)
(4.29951e-307 1.77854e-299 0)
(3.93907e-307 1.77854e-299 0)
(3.62311e-307 1.77854e-299 0)
(3.34611e-307 1.77854e-299 0)
(3.10305e-307 1.77854e-299 0)
(2.88944e-307 1.77854e-299 0)
(2.70132e-307 1.77854e-299 0)
(2.53518e-307 1.77854e-299 0)
(2.38802e-307 1.77854e-299 0)
(2.25726e-307 1.77854e-299 0)
(2.14069e-307 1.77854e-299 0)
(2.03645e-307 1.77854e-299 0)
(1.94295e-307 1.77854e-299 0)
(1.85882e-307 1.77854e-299 0)
(1.78294e-307 1.77854e-299 0)
(1.71441e-307 1.77854e-299 0)
(1.65253e-307 1.77854e-299 0)
(1.59682e-307 1.77854e-299 0)
(1.54686e-307 1.77854e-299 0)
(1.50216e-307 1.77854e-299 0)
(1.46206e-307 1.77854e-299 0)
(1.42567e-307 1.77854e-299 0)
(1.39194e-307 1.77854e-299 0)
(1.35984e-307 1.77854e-299 0)
(1.32853e-307 1.77854e-299 0)
(1.29749e-307 1.77854e-299 0)
(1.2665e-307 1.77854e-299 0)
(1.23554e-307 1.77854e-299 0)
(1.20465e-307 1.77854e-299 0)
(1.1738e-307 1.77854e-299 0)
(1.14283e-307 1.77854e-299 0)
(1.11158e-307 1.77854e-299 0)
(1.07982e-307 1.77854e-299 0)
(1.04747e-307 1.77854e-299 0)
(1.01454e-307 1.77854e-299 0)
(9.81173e-308 1.77854e-299 0)
(9.47613e-308 1.77854e-299 0)
(9.14152e-308 1.77854e-299 0)
(8.8106e-308 1.77854e-299 0)
(8.48583e-308 1.77854e-299 0)
(8.16898e-308 1.77854e-299 0)
(7.8612e-308 1.77854e-299 0)
(7.56318e-308 1.77854e-299 0)
(7.275e-308 1.77854e-299 0)
(6.99678e-308 1.77854e-299 0)
(6.72817e-308 1.77854e-299 0)
(6.46912e-308 1.77854e-299 0)
(6.21914e-308 1.77854e-299 0)
(5.97818e-308 1.77854e-299 0)
(5.74581e-308 1.77854e-299 0)
(5.52187e-308 1.77854e-299 0)
(5.30602e-308 1.77854e-299 0)
(5.09803e-308 1.77854e-299 0)
(4.89791e-308 1.77854e-299 0)
(4.70616e-308 1.77854e-299 0)
(4.52407e-308 1.77854e-299 0)
(4.35362e-308 1.77854e-299 0)
(4.19671e-308 1.77854e-299 0)
(4.05452e-308 1.77854e-299 0)
(3.92629e-308 1.77854e-299 0)
(3.80957e-308 1.77854e-299 0)
(3.70026e-308 1.77854e-299 0)
(3.59401e-308 1.77854e-299 0)
(3.48703e-308 1.77854e-299 0)
(3.37779e-308 1.77854e-299 0)
(3.26819e-308 1.77854e-299 0)
(3.16688e-308 1.77854e-299 0)
(3.09131e-308 1.77854e-299 0)
(3.06983e-308 1.77854e-299 0)
(3.13638e-308 1.77854e-299 0)
(3.31892e-308 1.77854e-299 0)
(3.61958e-308 1.77854e-299 0)
(3.99865e-308 1.77854e-299 0)
(4.37099e-308 1.77854e-299 0)
(4.62516e-308 1.77854e-299 0)
(4.65992e-308 1.77854e-299 0)
(4.42345e-308 1.77854e-299 0)
(3.93483e-308 1.77854e-299 0)
(3.27716e-308 1.77854e-299 0)
(2.56443e-308 1.77854e-299 0)
(1.90195e-308 1.77854e-299 0)
(1.35493e-308 1.77854e-299 0)
(9.41674e-309 1.77854e-299 0)
(6.42287e-309 1.77854e-299 0)
(4.2108e-309 1.77854e-299 0)
(2.41387e-309 1.77854e-299 0)
(7.86162e-310 1.77854e-299 0)
(-8.20399e-310 1.77854e-299 0)
(-2.45185e-309 1.77854e-299 0)
(-4.12651e-309 1.77854e-299 0)
(-5.83646e-309 1.77854e-299 0)
(-7.58221e-309 1.77854e-299 0)
(-9.35789e-309 1.77854e-299 0)
(-1.11581e-308 1.77854e-299 0)
(-1.29751e-308 1.77854e-299 0)
(-1.48006e-308 1.77854e-299 0)
(-1.66525e-308 1.77854e-299 0)
(-1.85426e-308 1.77854e-299 0)
(-2.05098e-308 1.77854e-299 0)
(-2.25899e-308 1.77854e-299 0)
(-2.48304e-308 1.77854e-299 0)
(-2.72527e-308 1.77854e-299 0)
(-2.98488e-308 1.77854e-299 0)
(-3.25475e-308 1.77854e-299 0)
(-3.52257e-308 1.77854e-299 0)
(-3.77156e-308 1.77854e-299 0)
(-3.98532e-308 1.77854e-299 0)
(-4.15146e-308 1.77854e-299 0)
(-4.26657e-308 1.77854e-299 0)
(-4.33609e-308 1.77854e-299 0)
(-4.37486e-308 1.77854e-299 0)
(-4.40105e-308 1.77854e-299 0)
(-4.43397e-308 1.77854e-299 0)
(-4.48772e-308 1.77854e-299 0)
(-4.57132e-308 1.77854e-299 0)
(-4.68651e-308 1.77854e-299 0)
(-4.83111e-308 1.77854e-299 0)
(-4.99952e-308 1.77854e-299 0)
(-5.18582e-308 1.77854e-299 0)
(-5.38449e-308 1.77854e-299 0)
(-5.59113e-308 1.77854e-299 0)
(-5.80276e-308 1.77854e-299 0)
(-6.01696e-308 1.77854e-299 0)
(-6.23239e-308 1.77854e-299 0)
(-6.4476e-308 1.77854e-299 0)
(-6.6618e-308 1.77854e-299 0)
(-6.87417e-308 1.77854e-299 0)
(-7.08427e-308 1.77854e-299 0)
(-7.29188e-308 1.77854e-299 0)
(-7.49682e-308 1.77854e-299 0)
(-7.69908e-308 1.77854e-299 0)
(-7.89812e-308 1.77854e-299 0)
(-8.09343e-308 1.77854e-299 0)
(-8.28336e-308 1.77854e-299 0)
(-8.46619e-308 1.77854e-299 0)
(-8.63908e-308 1.77854e-299 0)
(-8.79941e-308 1.77854e-299 0)
(-8.94462e-308 1.77854e-299 0)
(-9.07379e-308 1.77854e-299 0)
(-9.18824e-308 1.77854e-299 0)
(-9.29259e-308 1.77854e-299 0)
(-9.395e-308 1.77854e-299 0)
(-9.50616e-308 1.77854e-299 0)
(-9.63811e-308 1.77854e-299 0)
(-9.80134e-308 1.77854e-299 0)
(-1.00034e-307 1.77854e-299 0)
(-1.02464e-307 1.77854e-299 0)
(-1.05279e-307 1.77854e-299 0)
(-1.08409e-307 1.77854e-299 0)
(-1.11762e-307 1.77854e-299 0)
(-1.15244e-307 1.77854e-299 0)
(-1.18778e-307 1.77854e-299 0)
(-1.22312e-307 1.77854e-299 0)
(-1.25824e-307 1.77854e-299 0)
(-1.29311e-307 1.77854e-299 0)
(-1.32787e-307 1.77854e-299 0)
(-1.36272e-307 1.77854e-299 0)
(-1.39788e-307 1.77854e-299 0)
(-1.43357e-307 1.77854e-299 0)
(-1.46999e-307 1.77854e-299 0)
(-1.50739e-307 1.77854e-299 0)
(-1.54604e-307 1.77854e-299 0)
(-1.58629e-307 1.77854e-299 0)
(-1.62851e-307 1.77854e-299 0)
(-1.67318e-307 1.77854e-299 0)
(-1.72082e-307 1.77854e-299 0)
(-1.77201e-307 1.77854e-299 0)
(-1.82737e-307 1.77854e-299 0)
(-1.88758e-307 1.77854e-299 0)
(-1.95336e-307 1.77854e-299 0)
(-2.02549e-307 1.77854e-299 0)
(-2.10481e-307 1.77854e-299 0)
(-2.19228e-307 1.77854e-299 0)
(-2.28893e-307 1.77854e-299 0)
(-2.39597e-307 1.77854e-299 0)
(-2.51471e-307 1.77854e-299 0)
(-2.64667e-307 1.77854e-299 0)
(-2.79357e-307 1.77854e-299 0)
(-2.95733e-307 1.77854e-299 0)
(-3.14015e-307 1.77854e-299 0)
(-3.34447e-307 1.77854e-299 0)
(-3.57305e-307 1.77854e-299 0)
(-3.829e-307 1.77854e-299 0)
(-4.11575e-307 1.77854e-299 0)
(-4.43716e-307 1.77854e-299 0)
(-4.79753e-307 1.77854e-299 0)
(-5.20163e-307 1.77854e-299 0)
(-5.65475e-307 1.77854e-299 0)
(-6.16275e-307 1.77854e-299 0)
(-6.73209e-307 1.77854e-299 0)
(-7.36986e-307 1.77854e-299 0)
(-8.08376e-307 1.77854e-299 0)
(-8.88216e-307 1.77854e-299 0)
(-9.77405e-307 1.77854e-299 0)
(-1.0769e-306 1.77854e-299 0)
(-1.18771e-306 1.77854e-299 0)
(-1.31088e-306 1.77854e-299 0)
(-1.4475e-306 1.77854e-299 0)
(-1.59863e-306 1.77854e-299 0)
(-1.76529e-306 1.77854e-299 0)
(-1.94844e-306 1.77854e-299 0)
(-2.14886e-306 1.77854e-299 0)
(-2.3671e-306 1.77854e-299 0)
(-2.60335e-306 1.77854e-299 0)
(-2.8573e-306 1.77854e-299 0)
(-3.12793e-306 1.77854e-299 0)
(-3.41328e-306 1.77854e-299 0)
(-3.7101e-306 1.77854e-299 0)
(-4.01348e-306 1.77854e-299 0)
(-4.3163e-306 1.77854e-299 0)
(-4.60863e-306 1.77854e-299 0)
(-4.87688e-306 1.77854e-299 0)
(-5.10288e-306 1.77854e-299 0)
(-5.26273e-306 1.77854e-299 0)
(-5.3255e-306 1.77855e-299 0)
(-5.25192e-306 1.77855e-299 0)
(-4.99331e-306 1.77855e-299 0)
(-4.49127e-306 1.77855e-299 0)
(-3.67933e-306 1.77855e-299 0)
(-2.48863e-306 1.77855e-299 0)
(-8.61464e-307 1.77855e-299 0)
(1.22066e-306 1.77855e-299 0)
(3.68493e-306 1.77855e-299 0)
(6.2811e-306 1.77855e-299 0)
(8.46513e-306 1.77855e-299 0)
(9.31434e-306 1.77855e-299 0)
(7.68843e-306 1.77854e-299 0)
(3.05598e-306 1.77854e-299 0)
(-1.95536e-306 1.77854e-299 0)
(-4.95154e-306 1.77854e-299 0)
(-6.05527e-306 1.77854e-299 0)
(-5.55594e-306 1.77855e-299 0)
(-4.16663e-306 1.77855e-299 0)
(-2.48584e-306 1.77855e-299 0)
(-8.74782e-307 1.77855e-299 0)
(4.96652e-307 1.77855e-299 0)
(1.57663e-306 1.77855e-299 0)
(2.37491e-306 1.77855e-299 0)
(2.92773e-306 1.77855e-299 0)
(3.27845e-306 1.77855e-299 0)
(3.46829e-306 1.77855e-299 0)
(3.53288e-306 1.77854e-299 0)
(3.50205e-306 1.77854e-299 0)
(3.40085e-306 1.77854e-299 0)
(3.25064e-306 1.77854e-299 0)
(3.0696e-306 1.77854e-299 0)
(2.87275e-306 1.77854e-299 0)
(2.67161e-306 1.77854e-299 0)
(2.47418e-306 1.77854e-299 0)
(2.2852e-306 1.77854e-299 0)
(2.10686e-306 1.77854e-299 0)
(1.93958e-306 1.77854e-299 0)
(1.78263e-306 1.77854e-299 0)
(1.63479e-306 1.77854e-299 0)
(1.49471e-306 1.77854e-299 0)
(1.36133e-306 1.77854e-299 0)
(1.23418e-306 1.77854e-299 0)
(1.11349e-306 1.77854e-299 0)
(1.00006e-306 1.77854e-299 0)
(8.94963e-307 1.77854e-299 0)
(7.9914e-307 1.77854e-299 0)
(7.13101e-307 1.77854e-299 0)
(6.36791e-307 1.77854e-299 0)
(5.6965e-307 1.77854e-299 0)
(5.10792e-307 1.77854e-299 0)
(4.59221e-307 1.77854e-299 0)
(4.1398e-307 1.77854e-299 0)
(3.74241e-307 1.77854e-299 0)
(3.39317e-307 1.77854e-299 0)
(3.08633e-307 1.77854e-299 0)
(2.81698e-307 1.77854e-299 0)
(2.58075e-307 1.77854e-299 0)
(2.37366e-307 1.77854e-299 0)
(2.19211e-307 1.77854e-299 0)
(2.0328e-307 1.77854e-299 0)
(1.8928e-307 1.77854e-299 0)
(1.7695e-307 1.77854e-299 0)
(1.66061e-307 1.77854e-299 0)
(1.56417e-307 1.77854e-299 0)
(1.47847e-307 1.77854e-299 0)
(1.40209e-307 1.77854e-299 0)
(1.33378e-307 1.77854e-299 0)
(1.27251e-307 1.77854e-299 0)
(1.21739e-307 1.77854e-299 0)
(1.16768e-307 1.77854e-299 0)
(1.12278e-307 1.77854e-299 0)
(1.08225e-307 1.77854e-299 0)
(1.04576e-307 1.77854e-299 0)
(1.01302e-307 1.77854e-299 0)
(9.83733e-308 1.77854e-299 0)
(9.57451e-308 1.77854e-299 0)
(9.33593e-308 1.77854e-299 0)
(9.11481e-308 1.77854e-299 0)
(8.90442e-308 1.77854e-299 0)
(8.69929e-308 1.77854e-299 0)
(8.496e-308 1.77854e-299 0)
(8.29307e-308 1.77854e-299 0)
(8.09038e-308 1.77854e-299 0)
(7.88806e-308 1.77854e-299 0)
(7.68599e-308 1.77854e-299 0)
(7.48321e-308 1.77854e-299 0)
(7.2785e-308 1.77854e-299 0)
(7.07054e-308 1.77854e-299 0)
(6.85873e-308 1.77854e-299 0)
(6.64309e-308 1.77854e-299 0)
(6.42469e-308 1.77854e-299 0)
(6.205e-308 1.77854e-299 0)
(5.98595e-308 1.77854e-299 0)
(5.76932e-308 1.77854e-299 0)
(5.55669e-308 1.77854e-299 0)
(5.34924e-308 1.77854e-299 0)
(5.14771e-308 1.77854e-299 0)
(4.95257e-308 1.77854e-299 0)
(4.76387e-308 1.77854e-299 0)
(4.58169e-308 1.77854e-299 0)
(4.4058e-308 1.77854e-299 0)
(4.23616e-308 1.77854e-299 0)
(4.07248e-308 1.77854e-299 0)
(3.91469e-308 1.77854e-299 0)
(3.76253e-308 1.77854e-299 0)
(3.61589e-308 1.77854e-299 0)
(3.47455e-308 1.77854e-299 0)
(3.33835e-308 1.77854e-299 0)
(3.20732e-308 1.77854e-299 0)
(3.08179e-308 1.77854e-299 0)
(2.9626e-308 1.77854e-299 0)
(2.85102e-308 1.77854e-299 0)
(2.7483e-308 1.77854e-299 0)
(2.65517e-308 1.77854e-299 0)
(2.57116e-308 1.77854e-299 0)
(2.49464e-308 1.77854e-299 0)
(2.42298e-308 1.77854e-299 0)
(2.35333e-308 1.77854e-299 0)
(2.28326e-308 1.77854e-299 0)
(2.2118e-308 1.77854e-299 0)
(2.14023e-308 1.77854e-299 0)
(2.07425e-308 1.77854e-299 0)
(2.02528e-308 1.77854e-299 0)
(2.01175e-308 1.77854e-299 0)
(2.05564e-308 1.77854e-299 0)
(2.17499e-308 1.77854e-299 0)
(2.37099e-308 1.77854e-299 0)
(2.61772e-308 1.77854e-299 0)
(2.85982e-308 1.77854e-299 0)
(3.02493e-308 1.77854e-299 0)
(3.04727e-308 1.77854e-299 0)
(2.89308e-308 1.77854e-299 0)
(2.5746e-308 1.77854e-299 0)
(2.14564e-308 1.77854e-299 0)
(1.68031e-308 1.77854e-299 0)
(1.2472e-308 1.77854e-299 0)
(8.89024e-309 1.77854e-299 0)
(6.18005e-309 1.77854e-299 0)
(4.21428e-309 1.77854e-299 0)
(2.7613e-309 1.77854e-299 0)
(1.58201e-309 1.77854e-299 0)
(5.15011e-310 1.77854e-299 0)
(-5.37243e-310 1.77854e-299 0)
(-1.60557e-309 1.77854e-299 0)
(-2.70216e-309 1.77854e-299 0)
(-3.8219e-309 1.77854e-299 0)
(-4.96504e-309 1.77854e-299 0)
(-6.12777e-309 1.77854e-299 0)
(-7.30659e-309 1.77854e-299 0)
(-8.49635e-309 1.77854e-299 0)
(-9.69182e-309 1.77854e-299 0)
(-1.09047e-308 1.77854e-299 0)
(-1.21428e-308 1.77854e-299 0)
(-1.34315e-308 1.77854e-299 0)
(-1.47941e-308 1.77854e-299 0)
(-1.62614e-308 1.77854e-299 0)
(-1.78472e-308 1.77854e-299 0)
(-1.9546e-308 1.77854e-299 0)
(-2.13112e-308 1.77854e-299 0)
(-2.30625e-308 1.77854e-299 0)
(-2.46907e-308 1.77854e-299 0)
(-2.60889e-308 1.77854e-299 0)
(-2.71765e-308 1.77854e-299 0)
(-2.79314e-308 1.77854e-299 0)
(-2.83889e-308 1.77854e-299 0)
(-2.86455e-308 1.77854e-299 0)
(-2.88196e-308 1.77854e-299 0)
(-2.90371e-308 1.77854e-299 0)
(-2.93901e-308 1.77854e-299 0)
(-2.99376e-308 1.77854e-299 0)
(-3.06913e-308 1.77854e-299 0)
(-3.16373e-308 1.77854e-299 0)
(-3.27392e-308 1.77854e-299 0)
(-3.39583e-308 1.77854e-299 0)
(-3.52586e-308 1.77854e-299 0)
(-3.66112e-308 1.77854e-299 0)
(-3.79967e-308 1.77854e-299 0)
(-3.9399e-308 1.77854e-299 0)
(-4.08094e-308 1.77854e-299 0)
(-4.22184e-308 1.77854e-299 0)
(-4.36209e-308 1.77854e-299 0)
(-4.50115e-308 1.77854e-299 0)
(-4.63872e-308 1.77854e-299 0)
(-4.77466e-308 1.77854e-299 0)
(-4.90885e-308 1.77854e-299 0)
(-5.04128e-308 1.77854e-299 0)
(-5.1716e-308 1.77854e-299 0)
(-5.29945e-308 1.77854e-299 0)
(-5.42377e-308 1.77854e-299 0)
(-5.54343e-308 1.77854e-299 0)
(-5.65657e-308 1.77854e-299 0)
(-5.7615e-308 1.77854e-299 0)
(-5.85657e-308 1.77854e-299 0)
(-5.94117e-308 1.77854e-299 0)
(-6.01621e-308 1.77854e-299 0)
(-6.08471e-308 1.77854e-299 0)
(-6.152e-308 1.77854e-299 0)
(-6.22503e-308 1.77854e-299 0)
(-6.31165e-308 1.77854e-299 0)
(-6.41868e-308 1.77854e-299 0)
(-6.55101e-308 1.77854e-299 0)
(-6.7101e-308 1.77854e-299 0)
(-6.8943e-308 1.77854e-299 0)
(-7.09903e-308 1.77854e-299 0)
(-7.31838e-308 1.77854e-299 0)
(-7.54623e-308 1.77854e-299 0)
(-7.77754e-308 1.77854e-299 0)
(-8.00895e-308 1.77854e-299 0)
(-8.23887e-308 1.77854e-299 0)
(-8.46725e-308 1.77854e-299 0)
(-8.69489e-308 1.77854e-299 0)
(-8.92316e-308 1.77854e-299 0)
(-9.15341e-308 1.77854e-299 0)
(-9.38715e-308 1.77854e-299 0)
(-9.62569e-308 1.77854e-299 0)
(-9.87069e-308 1.77854e-299 0)
(-1.01239e-307 1.77854e-299 0)
(-1.03875e-307 1.77854e-299 0)
(-1.06641e-307 1.77854e-299 0)
(-1.09567e-307 1.77854e-299 0)
(-1.12688e-307 1.77854e-299 0)
(-1.16042e-307 1.77854e-299 0)
(-1.19669e-307 1.77854e-299 0)
(-1.23614e-307 1.77854e-299 0)
(-1.27923e-307 1.77854e-299 0)
(-1.32648e-307 1.77854e-299 0)
(-1.37846e-307 1.77854e-299 0)
(-1.43576e-307 1.77854e-299 0)
(-1.49909e-307 1.77854e-299 0)
(-1.56922e-307 1.77854e-299 0)
(-1.64702e-307 1.77854e-299 0)
(-1.73348e-307 1.77854e-299 0)
(-1.82974e-307 1.77854e-299 0)
(-1.93704e-307 1.77854e-299 0)
(-2.05683e-307 1.77854e-299 0)
(-2.19071e-307 1.77854e-299 0)
(-2.34049e-307 1.77854e-299 0)
(-2.5082e-307 1.77854e-299 0)
(-2.6961e-307 1.77854e-299 0)
(-2.90672e-307 1.77854e-299 0)
(-3.14286e-307 1.77854e-299 0)
(-3.40765e-307 1.77854e-299 0)
(-3.70457e-307 1.77854e-299 0)
(-4.03745e-307 1.77854e-299 0)
(-4.41052e-307 1.77854e-299 0)
(-4.82842e-307 1.77854e-299 0)
(-5.29621e-307 1.77854e-299 0)
(-5.81935e-307 1.77854e-299 0)
(-6.40373e-307 1.77854e-299 0)
(-7.05563e-307 1.77854e-299 0)
(-7.78164e-307 1.77854e-299 0)
(-8.58864e-307 1.77854e-299 0)
(-9.48366e-307 1.77854e-299 0)
(-1.04737e-306 1.77854e-299 0)
(-1.15654e-306 1.77854e-299 0)
(-1.27651e-306 1.77854e-299 0)
(-1.40777e-306 1.77854e-299 0)
(-1.55069e-306 1.77854e-299 0)
(-1.70539e-306 1.77854e-299 0)
(-1.87164e-306 1.77854e-299 0)
(-2.04878e-306 1.77854e-299 0)
(-2.2355e-306 1.77854e-299 0)
(-2.42967e-306 1.77854e-299 0)
(-2.62804e-306 1.77854e-299 0)
(-2.82591e-306 1.77854e-299 0)
(-3.01676e-306 1.77854e-299 0)
(-3.19163e-306 1.77854e-299 0)
(-3.33857e-306 1.77854e-299 0)
(-3.44187e-306 1.77854e-299 0)
(-3.48121e-306 1.77855e-299 0)
(-3.43082e-306 1.77855e-299 0)
(-3.25878e-306 1.77855e-299 0)
(-2.92695e-306 1.77855e-299 0)
(-2.39203e-306 1.77855e-299 0)
(-1.60959e-306 1.77855e-299 0)
(-5.43176e-307 1.77855e-299 0)
(8.16789e-307 1.77855e-299 0)
(2.41846e-306 1.77855e-299 0)
(4.09243e-306 1.77855e-299 0)
(5.47877e-306 1.77855e-299 0)
(5.98204e-306 1.77855e-299 0)
(4.89511e-306 1.77854e-299 0)
(1.93342e-306 1.77854e-299 0)
(-1.19115e-306 1.77854e-299 0)
(-3.02504e-306 1.77854e-299 0)
(-3.71403e-306 1.77854e-299 0)
(-3.41983e-306 1.77855e-299 0)
(-2.57249e-306 1.77855e-299 0)
(-1.53978e-306 1.77855e-299 0)
(-5.46216e-307 1.77855e-299 0)
(3.01495e-307 1.77855e-299 0)
(9.70086e-307 1.77855e-299 0)
(1.46487e-306 1.77855e-299 0)
(1.80787e-306 1.77855e-299 0)
(2.02575e-306 1.77855e-299 0)
(2.14395e-306 1.77855e-299 0)
(2.18451e-306 1.77854e-299 0)
(2.16593e-306 1.77854e-299 0)
(2.10372e-306 1.77854e-299 0)
(2.01111e-306 1.77854e-299 0)
(1.89936e-306 1.77854e-299 0)
(1.77774e-306 1.77854e-299 0)
(1.6534e-306 1.77854e-299 0)
(1.53129e-306 1.77854e-299 0)
(1.41437e-306 1.77854e-299 0)
(1.30402e-306 1.77854e-299 0)
(1.20048e-306 1.77854e-299 0)
(1.10334e-306 1.77854e-299 0)
(1.01182e-306 1.77854e-299 0)
(9.25116e-307 1.77854e-299 0)
(8.42567e-307 1.77854e-299 0)
(7.63886e-307 1.77854e-299 0)
(6.89207e-307 1.77854e-299 0)
(6.19024e-307 1.77854e-299 0)
(5.53994e-307 1.77854e-299 0)
(4.94696e-307 1.77854e-299 0)
(4.41446e-307 1.77854e-299 0)
(3.9421e-307 1.77854e-299 0)
(3.52645e-307 1.77854e-299 0)
(3.16207e-307 1.77854e-299 0)
(2.84279e-307 1.77854e-299 0)
(2.5627e-307 1.77854e-299 0)
(2.31668e-307 1.77854e-299 0)
(2.10047e-307 1.77854e-299 0)
(1.91051e-307 1.77854e-299 0)
(1.74375e-307 1.77854e-299 0)
(1.5975e-307 1.77854e-299 0)
(1.46929e-307 1.77854e-299 0)
(1.35689e-307 1.77854e-299 0)
(1.25825e-307 1.77854e-299 0)
(1.17158e-307 1.77854e-299 0)
(1.09524e-307 1.77854e-299 0)
(1.02783e-307 1.77854e-299 0)
(9.68122e-308 1.77854e-299 0)
(9.1507e-308 1.77854e-299 0)
(8.67781e-308 1.77854e-299 0)
(8.25497e-308 1.77854e-299 0)
(7.8757e-308 1.77854e-299 0)
(7.53449e-308 1.77854e-299 0)
(7.22678e-308 1.77854e-299 0)
(6.94887e-308 1.77854e-299 0)
(6.698e-308 1.77854e-299 0)
(6.47211e-308 1.77854e-299 0)
(6.26949e-308 1.77854e-299 0)
(6.08816e-308 1.77854e-299 0)
(5.92543e-308 1.77854e-299 0)
(5.77771e-308 1.77854e-299 0)
(5.6408e-308 1.77854e-299 0)
(5.51054e-308 1.77854e-299 0)
(5.38356e-308 1.77854e-299 0)
(5.25775e-308 1.77854e-299 0)
(5.13217e-308 1.77854e-299 0)
(5.00673e-308 1.77854e-299 0)
(4.88152e-308 1.77854e-299 0)
(4.75645e-308 1.77854e-299 0)
(4.63094e-308 1.77854e-299 0)
(4.50425e-308 1.77854e-299 0)
(4.37555e-308 1.77854e-299 0)
(4.24447e-308 1.77854e-299 0)
(4.11103e-308 1.77854e-299 0)
(3.97589e-308 1.77854e-299 0)
(3.83996e-308 1.77854e-299 0)
(3.70442e-308 1.77854e-299 0)
(3.57036e-308 1.77854e-299 0)
(3.43879e-308 1.77854e-299 0)
(3.31041e-308 1.77854e-299 0)
(3.1857e-308 1.77854e-299 0)
(3.06494e-308 1.77854e-299 0)
(2.94816e-308 1.77854e-299 0)
(2.83542e-308 1.77854e-299 0)
(2.72657e-308 1.77854e-299 0)
(2.62159e-308 1.77854e-299 0)
(2.5203e-308 1.77854e-299 0)
(2.42265e-308 1.77854e-299 0)
(2.32848e-308 1.77854e-299 0)
(2.23773e-308 1.77854e-299 0)
(2.15026e-308 1.77854e-299 0)
(2.06598e-308 1.77854e-299 0)
(1.9849e-308 1.77854e-299 0)
(1.90722e-308 1.77854e-299 0)
(1.83347e-308 1.77854e-299 0)
(1.76443e-308 1.77854e-299 0)
(1.70087e-308 1.77854e-299 0)
(1.64323e-308 1.77854e-299 0)
(1.59122e-308 1.77854e-299 0)
(1.54385e-308 1.77854e-299 0)
(1.49947e-308 1.77854e-299 0)
(1.45634e-308 1.77854e-299 0)
(1.41297e-308 1.77854e-299 0)
(1.36877e-308 1.77854e-299 0)
(1.32455e-308 1.77854e-299 0)
(1.28384e-308 1.77854e-299 0)
(1.25371e-308 1.77854e-299 0)
(1.2455e-308 1.77854e-299 0)
(1.27275e-308 1.77854e-299 0)
(1.34652e-308 1.77854e-299 0)
(1.46752e-308 1.77854e-299 0)
(1.61974e-308 1.77854e-299 0)
(1.76906e-308 1.77854e-299 0)
(1.87088e-308 1.77854e-299 0)
(1.88463e-308 1.77854e-299 0)
(1.78945e-308 1.77854e-299 0)
(1.59281e-308 1.77854e-299 0)
(1.32784e-308 1.77854e-299 0)
(1.04023e-308 1.77854e-299 0)
(7.72342e-309 1.77854e-299 0)
(5.50649e-309 1.77854e-299 0)
(3.82796e-309 1.77854e-299 0)
(2.60994e-309 1.77854e-299 0)
(1.7097e-309 1.77854e-299 0)
(9.79341e-310 1.77854e-299 0)
(3.1885e-310 1.77854e-299 0)
(-3.32389e-310 1.77854e-299 0)
(-9.93514e-310 1.77854e-299 0)
(-1.67221e-309 1.77854e-299 0)
(-2.36517e-309 1.77854e-299 0)
(-3.07264e-309 1.77854e-299 0)
(-3.79223e-309 1.77854e-299 0)
(-4.52172e-309 1.77854e-299 0)
(-5.258e-309 1.77854e-299 0)
(-5.99781e-309 1.77854e-299 0)
(-6.74847e-309 1.77854e-299 0)
(-7.51482e-309 1.77854e-299 0)
(-8.31254e-309 1.77854e-299 0)
(-9.15597e-309 1.77854e-299 0)
(-1.00641e-308 1.77854e-299 0)
(-1.10454e-308 1.77854e-299 0)
(-1.20963e-308 1.77854e-299 0)
(-1.3188e-308 1.77854e-299 0)
(-1.42711e-308 1.77854e-299 0)
(-1.52781e-308 1.77854e-299 0)
(-1.6143e-308 1.77854e-299 0)
(-1.6816e-308 1.77854e-299 0)
(-1.72836e-308 1.77854e-299 0)
(-1.75674e-308 1.77854e-299 0)
(-1.77269e-308 1.77854e-299 0)
(-1.78354e-308 1.77854e-299 0)
(-1.79705e-308 1.77854e-299 0)
(-1.81892e-308 1.77854e-299 0)
(-1.8528e-308 1.77854e-299 0)
(-1.89943e-308 1.77854e-299 0)
(-1.95795e-308 1.77854e-299 0)
(-2.02611e-308 1.77854e-299 0)
(-2.10154e-308 1.77854e-299 0)
(-2.18199e-308 1.77854e-299 0)
(-2.26568e-308 1.77854e-299 0)
(-2.35141e-308 1.77854e-299 0)
(-2.43819e-308 1.77854e-299 0)
(-2.52547e-308 1.77854e-299 0)
(-2.61266e-308 1.77854e-299 0)
(-2.69945e-308 1.77854e-299 0)
(-2.7855e-308 1.77854e-299 0)
(-2.87064e-308 1.77854e-299 0)
(-2.95476e-308 1.77854e-299 0)
(-3.03781e-308 1.77854e-299 0)
(-3.11976e-308 1.77854e-299 0)
(-3.20041e-308 1.77854e-299 0)
(-3.27951e-308 1.77854e-299 0)
(-3.35643e-308 1.77854e-299 0)
(-3.43046e-308 1.77854e-299 0)
(-3.50046e-308 1.77854e-299 0)
(-3.56538e-308 1.77854e-299 0)
(-3.6242e-308 1.77854e-299 0)
(-3.67657e-308 1.77854e-299 0)
(-3.72304e-308 1.77854e-299 0)
(-3.76548e-308 1.77854e-299 0)
(-3.80719e-308 1.77854e-299 0)
(-3.85245e-308 1.77854e-299 0)
(-3.90612e-308 1.77854e-299 0)
(-3.9724e-308 1.77854e-299 0)
(-4.0543e-308 1.77854e-299 0)
(-4.15273e-308 1.77854e-299 0)
(-4.26668e-308 1.77854e-299 0)
(-4.39333e-308 1.77854e-299 0)
(-4.52903e-308 1.77854e-299 0)
(-4.66999e-308 1.77854e-299 0)
(-4.81311e-308 1.77854e-299 0)
(-4.95631e-308 1.77854e-299 0)
(-5.09859e-308 1.77854e-299 0)
(-5.23994e-308 1.77854e-299 0)
(-5.38082e-308 1.77854e-299 0)
(-5.5221e-308 1.77854e-299 0)
(-5.66459e-308 1.77854e-299 0)
(-5.80925e-308 1.77854e-299 0)
(-5.9569e-308 1.77854e-299 0)
(-6.10853e-308 1.77854e-299 0)
(-6.26522e-308 1.77854e-299 0)
(-6.42838e-308 1.77854e-299 0)
(-6.59959e-308 1.77854e-299 0)
(-6.78073e-308 1.77854e-299 0)
(-6.97393e-308 1.77854e-299 0)
(-7.18152e-308 1.77854e-299 0)
(-7.40604e-308 1.77854e-299 0)
(-7.65022e-308 1.77854e-299 0)
(-7.91697e-308 1.77854e-299 0)
(-8.20946e-308 1.77854e-299 0)
(-8.53117e-308 1.77854e-299 0)
(-8.88589e-308 1.77854e-299 0)
(-9.27791e-308 1.77854e-299 0)
(-9.71201e-308 1.77854e-299 0)
(-1.01936e-307 1.77854e-299 0)
(-1.07289e-307 1.77854e-299 0)
(-1.13247e-307 1.77854e-299 0)
(-1.1989e-307 1.77854e-299 0)
(-1.27305e-307 1.77854e-299 0)
(-1.35593e-307 1.77854e-299 0)
(-1.44865e-307 1.77854e-299 0)
(-1.55247e-307 1.77854e-299 0)
(-1.66879e-307 1.77854e-299 0)
(-1.79917e-307 1.77854e-299 0)
(-1.94536e-307 1.77854e-299 0)
(-2.10928e-307 1.77854e-299 0)
(-2.29308e-307 1.77854e-299 0)
(-2.49915e-307 1.77854e-299 0)
(-2.7301e-307 1.77854e-299 0)
(-2.9888e-307 1.77854e-299 0)
(-3.27838e-307 1.77854e-299 0)
(-3.60223e-307 1.77854e-299 0)
(-3.96398e-307 1.77854e-299 0)
(-4.36752e-307 1.77854e-299 0)
(-4.81693e-307 1.77854e-299 0)
(-5.31647e-307 1.77854e-299 0)
(-5.87048e-307 1.77854e-299 0)
(-6.48328e-307 1.77854e-299 0)
(-7.15904e-307 1.77854e-299 0)
(-7.90154e-307 1.77854e-299 0)
(-8.71396e-307 1.77854e-299 0)
(-9.59846e-307 1.77854e-299 0)
(-1.05558e-306 1.77854e-299 0)
(-1.15846e-306 1.77854e-299 0)
(-1.26806e-306 1.77854e-299 0)
(-1.38358e-306 1.77854e-299 0)
(-1.50368e-306 1.77854e-299 0)
(-1.62636e-306 1.77854e-299 0)
(-1.7487e-306 1.77854e-299 0)
(-1.86663e-306 1.77854e-299 0)
(-1.97463e-306 1.77854e-299 0)
(-2.06527e-306 1.77854e-299 0)
(-2.12881e-306 1.77854e-299 0)
(-2.15265e-306 1.77855e-299 0)
(-2.12083e-306 1.77855e-299 0)
(-2.01361e-306 1.77855e-299 0)
(-1.80737e-306 1.77855e-299 0)
(-1.47542e-306 1.77855e-299 0)
(-9.9043e-307 1.77855e-299 0)
(-3.30236e-307 1.77855e-299 0)
(5.10376e-307 1.77855e-299 0)
(1.49814e-306 1.77855e-299 0)
(2.52665e-306 1.77855e-299 0)
(3.37223e-306 1.77855e-299 0)
(3.66899e-306 1.77855e-299 0)
(2.99049e-306 1.77854e-299 0)
(1.17777e-306 1.77854e-299 0)
(-6.56351e-307 1.77854e-299 0)
(-1.66889e-306 1.77854e-299 0)
(-2.05243e-306 1.77854e-299 0)
(-1.89267e-306 1.77855e-299 0)
(-1.42555e-306 1.77855e-299 0)
(-8.54443e-307 1.77855e-299 0)
(-3.04119e-307 1.77855e-299 0)
(1.65873e-307 1.77855e-299 0)
(5.36801e-307 1.77855e-299 0)
(8.11438e-307 1.77855e-299 0)
(1.00191e-306 1.77855e-299 0)
(1.12296e-306 1.77855e-299 0)
(1.18869e-306 1.77855e-299 0)
(1.21134e-306 1.77854e-299 0)
(1.20115e-306 1.77854e-299 0)
(1.16674e-306 1.77854e-299 0)
(1.11545e-306 1.77854e-299 0)
(1.05352e-306 1.77854e-299 0)
(9.86105e-307 1.77854e-299 0)
(9.17163e-307 1.77854e-299 0)
(8.49447e-307 1.77854e-299 0)
(7.84601e-307 1.77854e-299 0)
(7.23389e-307 1.77854e-299 0)
(6.65955e-307 1.77854e-299 0)
(6.12064e-307 1.77854e-299 0)
(5.61295e-307 1.77854e-299 0)
(5.13194e-307 1.77854e-299 0)
(4.67402e-307 1.77854e-299 0)
(4.23757e-307 1.77854e-299 0)
(3.82335e-307 1.77854e-299 0)
(3.43407e-307 1.77854e-299 0)
(3.07337e-307 1.77854e-299 0)
(2.74444e-307 1.77854e-299 0)
(2.44904e-307 1.77854e-299 0)
(2.187e-307 1.77854e-299 0)
(1.95641e-307 1.77854e-299 0)
(1.75425e-307 1.77854e-299 0)
(1.57712e-307 1.77854e-299 0)
(1.42173e-307 1.77854e-299 0)
(1.28524e-307 1.77854e-299 0)
(1.16528e-307 1.77854e-299 0)
(1.05989e-307 1.77854e-299 0)
(9.67378e-308 1.77854e-299 0)
(8.86235e-308 1.77854e-299 0)
(8.15105e-308 1.77854e-299 0)
(7.52742e-308 1.77854e-299 0)
(6.98021e-308 1.77854e-299 0)
(6.49932e-308 1.77854e-299 0)
(6.07579e-308 1.77854e-299 0)
(5.70179e-308 1.77854e-299 0)
(5.37054e-308 1.77854e-299 0)
(5.07622e-308 1.77854e-299 0)
(4.81386e-308 1.77854e-299 0)
(4.57928e-308 1.77854e-299 0)
(4.36887e-308 1.77854e-299 0)
(4.17958e-308 1.77854e-299 0)
(4.00887e-308 1.77854e-299 0)
(3.8547e-308 1.77854e-299 0)
(3.71554e-308 1.77854e-299 0)
(3.59022e-308 1.77854e-299 0)
(3.47782e-308 1.77854e-299 0)
(3.37722e-308 1.77854e-299 0)
(3.28693e-308 1.77854e-299 0)
(3.20496e-308 1.77854e-299 0)
(3.129e-308 1.77854e-299 0)
(3.05674e-308 1.77854e-299 0)
(2.9863e-308 1.77854e-299 0)
(2.91651e-308 1.77854e-299 0)
(2.84684e-308 1.77854e-299 0)
(2.77726e-308 1.77854e-299 0)
(2.7078e-308 1.77854e-299 0)
(2.63842e-308 1.77854e-299 0)
(2.5688e-308 1.77854e-299 0)
(2.49852e-308 1.77854e-299 0)
(2.42712e-308 1.77854e-299 0)
(2.35441e-308 1.77854e-299 0)
(2.2804e-308 1.77854e-299 0)
(2.20545e-308 1.77854e-299 0)
(2.13004e-308 1.77854e-299 0)
(2.05486e-308 1.77854e-299 0)
(1.9805e-308 1.77854e-299 0)
(1.90752e-308 1.77854e-299 0)
(1.83631e-308 1.77854e-299 0)
(1.76713e-308 1.77854e-299 0)
(1.70014e-308 1.77854e-299 0)
(1.63537e-308 1.77854e-299 0)
(1.57283e-308 1.77854e-299 0)
(1.51245e-308 1.77854e-299 0)
(1.45422e-308 1.77854e-299 0)
(1.39803e-308 1.77854e-299 0)
(1.34387e-308 1.77854e-299 0)
(1.29163e-308 1.77854e-299 0)
(1.24129e-308 1.77854e-299 0)
(1.19278e-308 1.77854e-299 0)
(1.14602e-308 1.77854e-299 0)
(1.10105e-308 1.77854e-299 0)
(1.05796e-308 1.77854e-299 0)
(1.01706e-308 1.77854e-299 0)
(9.78763e-309 1.77854e-299 0)
(9.43506e-309 1.77854e-299 0)
(9.11533e-309 1.77854e-299 0)
(8.82679e-309 1.77854e-299 0)
(8.5639e-309 1.77854e-299 0)
(8.31767e-309 1.77854e-299 0)
(8.07837e-309 1.77854e-299 0)
(7.83778e-309 1.77854e-299 0)
(7.59266e-309 1.77854e-299 0)
(7.34758e-309 1.77854e-299 0)
(7.12212e-309 1.77854e-299 0)
(6.95541e-309 1.77854e-299 0)
(6.91038e-309 1.77854e-299 0)
(7.06172e-309 1.77854e-299 0)
(7.47063e-309 1.77854e-299 0)
(8.14097e-309 1.77854e-299 0)
(8.98407e-309 1.77854e-299 0)
(9.81107e-309 1.77854e-299 0)
(1.03751e-308 1.77854e-299 0)
(1.04514e-308 1.77854e-299 0)
(9.92415e-309 1.77854e-299 0)
(8.83457e-309 1.77854e-299 0)
(7.36591e-309 1.77854e-299 0)
(5.77117e-309 1.77854e-299 0)
(4.28541e-309 1.77854e-299 0)
(3.05545e-309 1.77854e-299 0)
(2.12397e-309 1.77854e-299 0)
(1.44801e-309 1.77854e-299 0)
(9.48493e-310 1.77854e-299 0)
(5.43294e-310 1.77854e-299 0)
(1.76931e-310 1.77854e-299 0)
(-1.8431e-310 1.77854e-299 0)
(-5.51042e-310 1.77854e-299 0)
(-9.27563e-310 1.77854e-299 0)
(-1.31196e-309 1.77854e-299 0)
(-1.7044e-309 1.77854e-299 0)
(-2.10356e-309 1.77854e-299 0)
(-2.50822e-309 1.77854e-299 0)
(-2.91664e-309 1.77854e-299 0)
(-3.32701e-309 1.77854e-299 0)
(-3.74344e-309 1.77854e-299 0)
(-4.16856e-309 1.77854e-299 0)
(-4.61112e-309 1.77854e-299 0)
(-5.07901e-309 1.77854e-299 0)
(-5.58278e-309 1.77854e-299 0)
(-6.12707e-309 1.77854e-299 0)
(-6.70991e-309 1.77854e-299 0)
(-7.31532e-309 1.77854e-299 0)
(-7.91596e-309 1.77854e-299 0)
(-8.47437e-309 1.77854e-299 0)
(-8.95403e-309 1.77854e-299 0)
(-9.32739e-309 1.77854e-299 0)
(-9.58688e-309 1.77854e-299 0)
(-9.74447e-309 1.77854e-299 0)
(-9.83316e-309 1.77854e-299 0)
(-9.89347e-309 1.77854e-299 0)
(-9.9685e-309 1.77854e-299 0)
(-1.00899e-308 1.77854e-299 0)
(-1.02778e-308 1.77854e-299 0)
(-1.05364e-308 1.77854e-299 0)
(-1.0861e-308 1.77854e-299 0)
(-1.12391e-308 1.77854e-299 0)
(-1.16574e-308 1.77854e-299 0)
(-1.21036e-308 1.77854e-299 0)
(-1.25679e-308 1.77854e-299 0)
(-1.30434e-308 1.77854e-299 0)
(-1.35247e-308 1.77854e-299 0)
(-1.40089e-308 1.77854e-299 0)
(-1.44925e-308 1.77854e-299 0)
(-1.49739e-308 1.77854e-299 0)
(-1.54512e-308 1.77854e-299 0)
(-1.59235e-308 1.77854e-299 0)
(-1.63902e-308 1.77854e-299 0)
(-1.68508e-308 1.77854e-299 0)
(-1.73054e-308 1.77854e-299 0)
(-1.77527e-308 1.77854e-299 0)
(-1.81915e-308 1.77854e-299 0)
(-1.86181e-308 1.77854e-299 0)
(-1.90288e-308 1.77854e-299 0)
(-1.94169e-308 1.77854e-299 0)
(-1.9777e-308 1.77854e-299 0)
(-2.01033e-308 1.77854e-299 0)
(-2.03938e-308 1.77854e-299 0)
(-2.06516e-308 1.77854e-299 0)
(-2.08872e-308 1.77854e-299 0)
(-2.11187e-308 1.77854e-299 0)
(-2.13699e-308 1.77854e-299 0)
(-2.16678e-308 1.77854e-299 0)
(-2.20355e-308 1.77854e-299 0)
(-2.24898e-308 1.77854e-299 0)
(-2.30358e-308 1.77854e-299 0)
(-2.36678e-308 1.77854e-299 0)
(-2.43702e-308 1.77854e-299 0)
(-2.51228e-308 1.77854e-299 0)
(-2.59047e-308 1.77854e-299 0)
(-2.66986e-308 1.77854e-299 0)
(-2.74929e-308 1.77854e-299 0)
(-2.82821e-308 1.77854e-299 0)
(-2.90662e-308 1.77854e-299 0)
(-2.98477e-308 1.77854e-299 0)
(-3.06313e-308 1.77854e-299 0)
(-3.14218e-308 1.77854e-299 0)
(-3.22243e-308 1.77854e-299 0)
(-3.30433e-308 1.77854e-299 0)
(-3.38844e-308 1.77854e-299 0)
(-3.47537e-308 1.77854e-299 0)
(-3.56588e-308 1.77854e-299 0)
(-3.66086e-308 1.77854e-299 0)
(-3.76135e-308 1.77854e-299 0)
(-3.86853e-308 1.77854e-299 0)
(-3.98369e-308 1.77854e-299 0)
(-4.10824e-308 1.77854e-299 0)
(-4.2437e-308 1.77854e-299 0)
(-4.39169e-308 1.77854e-299 0)
(-4.55396e-308 1.77854e-299 0)
(-4.73242e-308 1.77854e-299 0)
(-4.92921e-308 1.77854e-299 0)
(-5.14669e-308 1.77854e-299 0)
(-5.38752e-308 1.77854e-299 0)
(-5.6547e-308 1.77854e-299 0)
(-5.95164e-308 1.77854e-299 0)
(-6.2822e-308 1.77854e-299 0)
(-6.65071e-308 1.77854e-299 0)
(-7.0621e-308 1.77854e-299 0)
(-7.52189e-308 1.77854e-299 0)
(-8.0363e-308 1.77854e-299 0)
(-8.61228e-308 1.77854e-299 0)
(-9.2576e-308 1.77854e-299 0)
(-9.98093e-308 1.77854e-299 0)
(-1.07919e-307 1.77854e-299 0)
(-1.17013e-307 1.77854e-299 0)
(-1.27211e-307 1.77854e-299 0)
(-1.38643e-307 1.77854e-299 0)
(-1.51456e-307 1.77854e-299 0)
(-1.65808e-307 1.77854e-299 0)
(-1.81873e-307 1.77854e-299 0)
(-1.99839e-307 1.77854e-299 0)
(-2.19908e-307 1.77854e-299 0)
(-2.42295e-307 1.77854e-299 0)
(-2.67227e-307 1.77854e-299 0)
(-2.9494e-307 1.77854e-299 0)
(-3.25674e-307 1.77854e-299 0)
(-3.5967e-307 1.77854e-299 0)
(-3.97157e-307 1.77854e-299 0)
(-4.38346e-307 1.77854e-299 0)
(-4.83414e-307 1.77854e-299 0)
(-5.32478e-307 1.77854e-299 0)
(-5.85581e-307 1.77854e-299 0)
(-6.42645e-307 1.77854e-299 0)
(-7.03438e-307 1.77854e-299 0)
(-7.67508e-307 1.77854e-299 0)
(-8.34117e-307 1.77854e-299 0)
(-9.02147e-307 1.77854e-299 0)
(-9.69982e-307 1.77854e-299 0)
(-1.03537e-306 1.77854e-299 0)
(-1.09522e-306 1.77854e-299 0)
(-1.14543e-306 1.77854e-299 0)
(-1.18058e-306 1.77854e-299 0)
(-1.19369e-306 1.77855e-299 0)
(-1.17589e-306 1.77855e-299 0)
(-1.11624e-306 1.77855e-299 0)
(-1.00163e-306 1.77855e-299 0)
(-8.17281e-307 1.77855e-299 0)
(-5.48072e-307 1.77855e-299 0)
(-1.81803e-307 1.77855e-299 0)
(2.84251e-307 1.77855e-299 0)
(8.31358e-307 1.77855e-299 0)
(1.40014e-306 1.77855e-299 0)
(1.8663e-306 1.77855e-299 0)
(2.0275e-306 1.77855e-299 0)
(1.64981e-306 1.77854e-299 0)
(6.48973e-307 1.77854e-299 0)
(-2.7477e-307 1.77854e-299 0)
(-6.98952e-307 1.77854e-299 0)
(-8.60082e-307 1.77854e-299 0)
(-7.93552e-307 1.77855e-299 0)
(-5.97967e-307 1.77855e-299 0)
(-3.58582e-307 1.77855e-299 0)
(-1.27778e-307 1.77855e-299 0)
(6.94018e-308 1.77855e-299 0)
(2.25056e-307 1.77855e-299 0)
(3.40323e-307 1.77855e-299 0)
(4.20278e-307 1.77855e-299 0)
(4.71102e-307 1.77855e-299 0)
(4.98708e-307 1.77855e-299 0)
(5.0823e-307 1.77854e-299 0)
(5.03972e-307 1.77854e-299 0)
(4.89549e-307 1.77854e-299 0)
(4.68038e-307 1.77854e-299 0)
(4.42062e-307 1.77854e-299 0)
(4.1378e-307 1.77854e-299 0)
(3.84855e-307 1.77854e-299 0)
(3.56443e-307 1.77854e-299 0)
(3.29234e-307 1.77854e-299 0)
(3.0355e-307 1.77854e-299 0)
(2.79449e-307 1.77854e-299 0)
(2.56835e-307 1.77854e-299 0)
(2.35531e-307 1.77854e-299 0)
(2.15347e-307 1.77854e-299 0)
(1.96132e-307 1.77854e-299 0)
(1.77818e-307 1.77854e-299 0)
(1.60437e-307 1.77854e-299 0)
(1.44103e-307 1.77854e-299 0)
(1.28967e-307 1.77854e-299 0)
(1.15165e-307 1.77854e-299 0)
(1.02769e-307 1.77854e-299 0)
(9.17732e-308 1.77854e-299 0)
(8.20968e-308 1.77854e-299 0)
(7.36138e-308 1.77854e-299 0)
(6.61807e-308 1.77854e-299 0)
(5.96601e-308 1.77854e-299 0)
(5.39326e-308 1.77854e-299 0)
(4.88989e-308 1.77854e-299 0)
(4.44763e-308 1.77854e-299 0)
(4.0594e-308 1.77854e-299 0)
(3.7189e-308 1.77854e-299 0)
(3.4204e-308 1.77854e-299 0)
(3.15871e-308 1.77854e-299 0)
(2.92907e-308 1.77854e-299 0)
(2.72727e-308 1.77854e-299 0)
(2.54954e-308 1.77854e-299 0)
(2.3926e-308 1.77854e-299 0)
(2.2536e-308 1.77854e-299 0)
(2.13009e-308 1.77854e-299 0)
(2.01999e-308 1.77854e-299 0)
(1.92155e-308 1.77854e-299 0)
(1.83326e-308 1.77854e-299 0)
(1.75383e-308 1.77854e-299 0)
(1.68219e-308 1.77854e-299 0)
(1.6175e-308 1.77854e-299 0)
(1.55911e-308 1.77854e-299 0)
(1.50652e-308 1.77854e-299 0)
(1.45935e-308 1.77854e-299 0)
(1.41714e-308 1.77854e-299 0)
(1.37925e-308 1.77854e-299 0)
(1.34485e-308 1.77854e-299 0)
(1.31298e-308 1.77854e-299 0)
(1.28265e-308 1.77854e-299 0)
(1.25309e-308 1.77854e-299 0)
(1.2238e-308 1.77854e-299 0)
(1.19458e-308 1.77854e-299 0)
(1.16538e-308 1.77854e-299 0)
(1.13623e-308 1.77854e-299 0)
(1.10711e-308 1.77854e-299 0)
(1.0779e-308 1.77854e-299 0)
(1.04841e-308 1.77854e-299 0)
(1.01845e-308 1.77854e-299 0)
(9.87941e-309 1.77854e-299 0)
(9.56885e-309 1.77854e-299 0)
(9.25428e-309 1.77854e-299 0)
(8.93792e-309 1.77854e-299 0)
(8.62246e-309 1.77854e-299 0)
(8.31042e-309 1.77854e-299 0)
(8.00419e-309 1.77854e-299 0)
(7.70539e-309 1.77854e-299 0)
(7.41512e-309 1.77854e-299 0)
(7.13402e-309 1.77854e-299 0)
(6.86223e-309 1.77854e-299 0)
(6.59982e-309 1.77854e-299 0)
(6.34647e-309 1.77854e-299 0)
(6.10212e-309 1.77854e-299 0)
(5.86633e-309 1.77854e-299 0)
(5.63903e-309 1.77854e-299 0)
(5.41986e-309 1.77854e-299 0)
(5.20865e-309 1.77854e-299 0)
(5.00506e-309 1.77854e-299 0)
(4.80887e-309 1.77854e-299 0)
(4.62014e-309 1.77854e-299 0)
(4.43937e-309 1.77854e-299 0)
(4.26772e-309 1.77854e-299 0)
(4.10707e-309 1.77854e-299 0)
(3.95912e-309 1.77854e-299 0)
(3.82494e-309 1.77854e-299 0)
(3.70386e-309 1.77854e-299 0)
(3.59354e-309 1.77854e-299 0)
(3.49022e-309 1.77854e-299 0)
(3.38979e-309 1.77854e-299 0)
(3.28883e-309 1.77854e-299 0)
(3.18598e-309 1.77854e-299 0)
(3.08317e-309 1.77854e-299 0)
(2.98865e-309 1.77854e-299 0)
(2.91881e-309 1.77854e-299 0)
(2.89997e-309 1.77854e-299 0)
(2.96351e-309 1.77854e-299 0)
(3.13505e-309 1.77854e-299 0)
(3.41615e-309 1.77854e-299 0)
(3.76969e-309 1.77854e-299 0)
(4.11649e-309 1.77854e-299 0)
(4.35306e-309 1.77854e-299 0)
(4.38511e-309 1.77854e-299 0)
(4.16402e-309 1.77854e-299 0)
(3.70703e-309 1.77854e-299 0)
(3.09096e-309 1.77854e-299 0)
(2.42183e-309 1.77854e-299 0)
(1.79836e-309 1.77854e-299 0)
(1.2822e-309 1.77854e-299 0)
(8.9129e-310 1.77854e-299 0)
(6.07617e-310 1.77854e-299 0)
(3.97973e-310 1.77854e-299 0)
(2.27966e-310 1.77854e-299 0)
(7.4271e-311 1.77854e-299 0)
(-7.73291e-311 1.77854e-299 0)
(-2.3119e-310 1.77854e-299 0)
(-3.89188e-310 1.77854e-299 0)
(-5.50519e-310 1.77854e-299 0)
(-7.15202e-310 1.77854e-299 0)
(-8.82673e-310 1.77854e-299 0)
(-1.05248e-309 1.77854e-299 0)
(-1.22386e-309 1.77854e-299 0)
(-1.39603e-309 1.77854e-299 0)
(-1.57078e-309 1.77854e-299 0)
(-1.7492e-309 1.77854e-299 0)
(-1.93491e-309 1.77854e-299 0)
(-2.13125e-309 1.77854e-299 0)
(-2.34264e-309 1.77854e-299 0)
(-2.57101e-309 1.77854e-299 0)
(-2.81557e-309 1.77854e-299 0)
(-3.06957e-309 1.77854e-299 0)
(-3.3216e-309 1.77854e-299 0)
(-3.55588e-309 1.77854e-299 0)
(-3.75713e-309 1.77854e-299 0)
(-3.91382e-309 1.77854e-299 0)
(-4.02272e-309 1.77854e-299 0)
(-4.08886e-309 1.77854e-299 0)
(-4.12611e-309 1.77854e-299 0)
(-4.15144e-309 1.77854e-299 0)
(-4.18295e-309 1.77854e-299 0)
(-4.23385e-309 1.77854e-299 0)
(-4.31269e-309 1.77854e-299 0)
(-4.42122e-309 1.77854e-299 0)
(-4.55739e-309 1.77854e-299 0)
(-4.71603e-309 1.77854e-299 0)
(-4.89161e-309 1.77854e-299 0)
(-5.07886e-309 1.77854e-299 0)
(-5.27363e-309 1.77854e-299 0)
(-5.47316e-309 1.77854e-299 0)
(-5.67513e-309 1.77854e-299 0)
(-5.87828e-309 1.77854e-299 0)
(-6.08124e-309 1.77854e-299 0)
(-6.28322e-309 1.77854e-299 0)
(-6.48351e-309 1.77854e-299 0)
(-6.6817e-309 1.77854e-299 0)
(-6.8775e-309 1.77854e-299 0)
(-7.07083e-309 1.77854e-299 0)
(-7.26156e-309 1.77854e-299 0)
(-7.44923e-309 1.77854e-299 0)
(-7.63336e-309 1.77854e-299 0)
(-7.81237e-309 1.77854e-299 0)
(-7.98467e-309 1.77854e-299 0)
(-8.14754e-309 1.77854e-299 0)
(-8.29861e-309 1.77854e-299 0)
(-8.43553e-309 1.77854e-299 0)
(-8.55742e-309 1.77854e-299 0)
(-8.66562e-309 1.77854e-299 0)
(-8.76448e-309 1.77854e-299 0)
(-8.86167e-309 1.77854e-299 0)
(-8.96711e-309 1.77854e-299 0)
(-9.0921e-309 1.77854e-299 0)
(-9.24645e-309 1.77854e-299 0)
(-9.43709e-309 1.77854e-299 0)
(-9.66616e-309 1.77854e-299 0)
(-9.93137e-309 1.77854e-299 0)
(-1.02261e-308 1.77854e-299 0)
(-1.05419e-308 1.77854e-299 0)
(-1.08699e-308 1.77854e-299 0)
(-1.12031e-308 1.77854e-299 0)
(-1.15364e-308 1.77854e-299 0)
(-1.18675e-308 1.77854e-299 0)
(-1.21965e-308 1.77854e-299 0)
(-1.25245e-308 1.77854e-299 0)
(-1.28533e-308 1.77854e-299 0)
(-1.3185e-308 1.77854e-299 0)
(-1.35217e-308 1.77854e-299 0)
(-1.38654e-308 1.77854e-299 0)
(-1.42184e-308 1.77854e-299 0)
(-1.45831e-308 1.77854e-299 0)
(-1.49629e-308 1.77854e-299 0)
(-1.53615e-308 1.77854e-299 0)
(-1.57832e-308 1.77854e-299 0)
(-1.62329e-308 1.77854e-299 0)
(-1.67161e-308 1.77854e-299 0)
(-1.72388e-308 1.77854e-299 0)
(-1.78073e-308 1.77854e-299 0)
(-1.84283e-308 1.77854e-299 0)
(-1.91091e-308 1.77854e-299 0)
(-1.9858e-308 1.77854e-299 0)
(-2.06838e-308 1.77854e-299 0)
(-2.15965e-308 1.77854e-299 0)
(-2.2607e-308 1.77854e-299 0)
(-2.37282e-308 1.77854e-299 0)
(-2.49743e-308 1.77854e-299 0)
(-2.63614e-308 1.77854e-299 0)
(-2.79078e-308 1.77854e-299 0)
(-2.96341e-308 1.77854e-299 0)
(-3.15635e-308 1.77854e-299 0)
(-3.37222e-308 1.77854e-299 0)
(-3.61392e-308 1.77854e-299 0)
(-3.88471e-308 1.77854e-299 0)
(-4.18824e-308 1.77854e-299 0)
(-4.52857e-308 1.77854e-299 0)
(-4.91019e-308 1.77854e-299 0)
(-5.3381e-308 1.77854e-299 0)
(-5.81783e-308 1.77854e-299 0)
(-6.35549e-308 1.77854e-299 0)
(-6.95776e-308 1.77854e-299 0)
(-7.63191e-308 1.77854e-299 0)
(-8.38582e-308 1.77854e-299 0)
(-9.22799e-308 1.77854e-299 0)
(-1.01674e-307 1.77854e-299 0)
(-1.12136e-307 1.77854e-299 0)
(-1.23765e-307 1.77854e-299 0)
(-1.36662e-307 1.77854e-299 0)
(-1.50928e-307 1.77854e-299 0)
(-1.66658e-307 1.77854e-299 0)
(-1.83942e-307 1.77854e-299 0)
(-2.02853e-307 1.77854e-299 0)
(-2.23442e-307 1.77854e-299 0)
(-2.45724e-307 1.77854e-299 0)
(-2.69669e-307 1.77854e-299 0)
(-2.95177e-307 1.77854e-299 0)
(-3.22061e-307 1.77854e-299 0)
(-3.50009e-307 1.77854e-299 0)
(-3.78552e-307 1.77854e-299 0)
(-4.07012e-307 1.77854e-299 0)
(-4.34443e-307 1.77854e-299 0)
(-4.5955e-307 1.77854e-299 0)
(-4.80608e-307 1.77854e-299 0)
(-4.95346e-307 1.77854e-299 0)
(-5.00829e-307 1.77855e-299 0)
(-4.93339e-307 1.77855e-299 0)
(-4.6828e-307 1.77855e-299 0)
(-4.2016e-307 1.77855e-299 0)
(-3.42773e-307 1.77855e-299 0)
(-2.29783e-307 1.77855e-299 0)
(-7.60836e-308 1.77855e-299 0)
(1.19443e-307 1.77855e-299 0)
(3.48897e-307 1.77855e-299 0)
(5.87308e-307 1.77855e-299 0)
(7.82489e-307 1.77855e-299 0)
(8.49633e-307 1.77855e-299 0)
(6.90956e-307 1.77854e-299 0)
(2.71681e-307 1.77854e-299 0)
(0 8.89272e-300 0)
(0 8.89272e-300 0)
(1.78005e-317 8.89272e-300 0)
(9.18419e-320 8.89273e-300 0)
(-1.77086e-317 8.89273e-300 0)
(-0 8.89274e-300 0)
(0 8.89274e-300 0)
(0 8.89274e-300 0)
(0 8.89274e-300 0)
(0 8.89274e-300 0)
(0 8.89273e-300 0)
(-0 8.89273e-300 0)
(1.69031e-317 8.89273e-300 0)
(8.72075e-320 8.89272e-300 0)
(-1.68159e-317 8.89272e-300 0)
(0 8.89272e-300 0)
(1.65569e-317 8.89272e-300 0)
(8.5424e-320 8.89271e-300 0)
(-8.49941e-320 8.89271e-300 0)
(8.45445e-320 8.89271e-300 0)
(-1.6302e-317 8.89271e-300 0)
(0 8.8927e-300 0)
(-0 8.8927e-300 0)
(-0 8.8927e-300 0)
(-0 8.8927e-300 0)
(-0 8.8927e-300 0)
(-0 8.89269e-300 0)
(-0 8.89269e-300 0)
(-0 8.89269e-300 0)
(-0 8.89269e-300 0)
(-0 8.89269e-300 0)
(-0 8.89269e-300 0)
(0 8.89269e-300 0)
(1.51631e-317 8.89269e-300 0)
(1.51631e-317 8.89269e-300 0)
(-1.50071e-317 8.89269e-300 0)
(-1.50071e-317 8.89269e-300 0)
(-0 8.89268e-300 0)
(-0 8.89268e-300 0)
(1.46997e-317 8.89268e-300 0)
(7.5844e-320 8.89268e-300 0)
(-1.46239e-317 8.89268e-300 0)
(0 8.89268e-300 0)
(0 8.89268e-300 0)
(0 8.89268e-300 0)
(-0 8.89268e-300 0)
(-0 8.89268e-300 0)
(-0 8.89268e-300 0)
(-0 8.89268e-300 0)
(-0 8.89268e-300 0)
(0 8.89268e-300 0)
(0 8.89268e-300 0)
(-0 8.89268e-300 0)
(1.36728e-317 8.89268e-300 0)
(7.05427e-320 8.89268e-300 0)
(-1.36023e-317 8.89268e-300 0)
(-0 8.89268e-300 0)
(-0 8.89268e-300 0)
(-0 8.89268e-300 0)
(-0 8.89268e-300 0)
(0 8.89268e-300 0)
(-0 8.89268e-300 0)
(0 8.89268e-300 0)
(1.29835e-317 8.89268e-300 0)
(6.69854e-320 8.89268e-300 0)
(-1.29166e-317 8.89268e-300 0)
(1.27836e-317 8.89268e-300 0)
(6.59578e-320 8.89268e-300 0)
(-1.27177e-317 8.89268e-300 0)
(0 8.89268e-300 0)
(0 8.89268e-300 0)
(0 8.89268e-300 0)
(0 8.89268e-300 0)
(-0 8.89268e-300 0)
(-0 8.89268e-300 0)
(-0 8.89268e-300 0)
(-0 8.89268e-300 0)
(-0 8.89268e-300 0)
(-0 8.89268e-300 0)
(-0 8.89268e-300 0)
(-0 8.89268e-300 0)
(-0 8.89268e-300 0)
(0 8.89268e-300 0)
(0 8.89268e-300 0)
(-0 8.89268e-300 0)
(-0 8.89268e-300 0)
(-0 8.89268e-300 0)
(0 8.89268e-300 0)
(0 8.89268e-300 0)
(-0 8.89268e-300 0)
(1.12911e-317 8.89268e-300 0)
(5.82553e-320 8.89268e-300 0)
(-1.12329e-317 8.89268e-300 0)
(-0 8.89268e-300 0)
(1.10599e-317 8.89268e-300 0)
(5.70646e-320 8.89268e-300 0)
(-1.10029e-317 8.89268e-300 0)
(0 8.89268e-300 0)
(-0 8.89268e-300 0)
(-0 8.89268e-300 0)
(1.07219e-317 8.89268e-300 0)
(5.53205e-320 8.89268e-300 0)
(-1.06666e-317 8.89268e-300 0)
(0 8.89268e-300 0)
(-0 8.89268e-300 0)
(-0 8.89268e-300 0)
(-0 8.89268e-300 0)
(-0 8.89268e-300 0)
(0 8.89268e-300 0)
(1.02342e-317 8.89268e-300 0)
(5.28008e-320 8.89268e-300 0)
(-1.01814e-317 8.89268e-300 0)
(0 8.89268e-300 0)
(0 8.89268e-300 0)
(0 8.89268e-300 0)
(0 8.89268e-300 0)
(0 8.89268e-300 0)
(0 8.89268e-300 0)
(0 8.89268e-300 0)
(0 8.89268e-300 0)
(0 8.89268e-300 0)
(0 8.89268e-300 0)
(0 8.89268e-300 0)
(0 8.89268e-300 0)
(0 8.89268e-300 0)
(0 8.89268e-300 0)
(0 8.89268e-300 0)
(0 8.89268e-300 0)
(0 8.89268e-300 0)
(0 8.89268e-300 0)
(-0 8.89268e-300 0)
(9.13338e-318 8.89268e-300 0)
(4.7124e-320 8.89268e-300 0)
(-9.08626e-318 8.89268e-300 0)
(0 8.89268e-300 0)
(9.03938e-318 8.89268e-300 0)
(-4.68819e-320 8.89268e-300 0)
(-9.08626e-318 8.89268e-300 0)
(0 8.89268e-300 0)
(-0 8.89268e-300 0)
(-0 8.89268e-300 0)
(0 8.89268e-300 0)
(0 8.89268e-300 0)
(0 8.89268e-300 0)
(-0 8.89268e-300 0)
(-0 8.89268e-300 0)
(-0 8.89268e-300 0)
(-0 8.89268e-300 0)
(0 8.89268e-300 0)
(0 8.89268e-300 0)
(0 8.89268e-300 0)
(0 8.89268e-300 0)
(0 8.89268e-300 0)
(0 8.89268e-300 0)
(0 8.89268e-300 0)
(0 8.89268e-300 0)
(0 8.89268e-300 0)
(0 8.89268e-300 0)
(0 8.89268e-300 0)
(0 8.89268e-300 0)
(-0 8.89268e-300 0)
(-0 8.89268e-300 0)
(-0 8.89268e-300 0)
(-0 8.89268e-300 0)
(-0 8.89268e-300 0)
(-0 8.89268e-300 0)
(-0 8.89268e-300 0)
(-0 8.89268e-300 0)
(-0 8.89268e-300 0)
(1.07775e-317 8.89268e-300 0)
(-5.58936e-320 8.89268e-300 0)
(5.61851e-320 8.89268e-300 0)
(1.08896e-317 8.89268e-300 0)
(-1.10029e-317 8.89268e-300 0)
(-1.10029e-317 8.89268e-300 0)
(0 8.89268e-300 0)
(-0 8.89268e-300 0)
(-0 8.89268e-300 0)
(0 8.89268e-300 0)
(0 8.89268e-300 0)
(0 8.89268e-300 0)
(-0 8.89268e-300 0)
(-0 8.89268e-300 0)
(-0 8.89268e-300 0)
(-0 8.89268e-300 0)
(-0 8.89268e-300 0)
(-0 8.89268e-300 0)
(-0 8.89268e-300 0)
(-0 8.89268e-300 0)
(0 8.89268e-300 0)
(0 8.89268e-300 0)
(-0 8.89268e-300 0)
(1.21392e-317 8.89268e-300 0)
(1.21392e-317 8.89268e-300 0)
(-1.22654e-317 8.89268e-300 0)
(-1.22654e-317 8.89268e-300 0)
(-0 8.89268e-300 0)
(-0 8.89268e-300 0)
(0 8.89268e-300 0)
(0 8.89268e-300 0)
(-0 8.89268e-300 0)
(1.27177e-317 8.89268e-300 0)
(-6.59578e-320 8.89268e-300 0)
(-1.27836e-317 8.89268e-300 0)
(0 8.89268e-300 0)
(-0 8.89268e-300 0)
(0 8.89268e-300 0)
(1.31186e-317 8.89268e-300 0)
(-6.80328e-320 8.89268e-300 0)
(-1.31866e-317 8.89268e-300 0)
(0 8.89268e-300 0)
(0 8.89268e-300 0)
(0 8.89268e-300 0)
(0 8.89268e-300 0)
(0 8.89268e-300 0)
(0 8.89268e-300 0)
(-0 8.89268e-300 0)
(0 8.89268e-300 0)
(0 8.89268e-300 0)
(0 8.89268e-300 0)
(0 8.89268e-300 0)
(0 8.89268e-300 0)
(0 8.89268e-300 0)
(0 8.89268e-300 0)
(0 8.89268e-300 0)
(0 8.89268e-300 0)
(0 8.89268e-300 0)
(0 8.89268e-300 0)
(0 8.89269e-300 0)
(0 8.89269e-300 0)
(0 8.89269e-300 0)
(1.48526e-317 8.89269e-300 0)
(-7.70298e-320 8.89269e-300 0)
(-1.49296e-317 8.89269e-300 0)
(0 8.89269e-300 0)
(1.51631e-317 8.89269e-300 0)
(-7.86404e-320 8.89269e-300 0)
(7.90505e-320 8.89269e-300 0)
(-7.94556e-320 8.89269e-300 0)
(-1.54003e-317 8.89269e-300 0)
(0 8.89269e-300 0)
(0 8.89269e-300 0)
(0 8.89269e-300 0)
(0 8.8927e-300 0)
(0 8.8927e-300 0)
(0 8.8927e-300 0)
(0 8.8927e-300 0)
(0 8.8927e-300 0)
(0 8.8927e-300 0)
(0 8.89271e-300 0)
(0 8.89271e-300 0)
(0 8.89271e-300 0)
(0 8.89271e-300 0)
(-0 8.89272e-300 0)
(1.67291e-317 8.89272e-300 0)
(1.67291e-317 8.89272e-300 0)
(-1.69031e-317 8.89273e-300 0)
(8.76719e-320 8.89273e-300 0)
(-8.81166e-320 8.89273e-300 0)
(-1.70789e-317 8.89273e-300 0)
(-0 8.89274e-300 0)
(0 8.89274e-300 0)
(0 8.89274e-300 0)
(1.75264e-317 8.89274e-300 0)
(-9.08933e-320 8.89274e-300 0)
(-1.76173e-317 8.89274e-300 0)
(0 8.89273e-300 0)
(-0 8.89273e-300 0)
(-0 8.89272e-300 0)
(-0 8.89272e-300 0)
(-9.30687e-35 -1.81815e-35 0)
(2.09342e-33 -1.502e-34 0)
(5.46511e-33 3.25829e-35 0)
(-1.13838e-33 -4.40482e-17 0)
(-6.15176e-33 1.88538e-32 0)
(-1.58974e-33 6.55081e-35 0)
(5.00024e-35 1.04757e-34 0)
(9.28975e-35 1.0168e-35 0)
(1.28747e-34 -7.68524e-35 0)
(9.62529e-34 -4.41976e-35 0)
(1.50867e-33 9.43074e-35 0)
(-4.63155e-34 1.90773e-34 0)
(-2.28713e-33 3.59418e-32 0)
(-1.92195e-34 -4.40482e-17 0)
(-3.27473e-34 3.39722e-32 0)
(-1.006e-33 -4.50337e-34 0)
(6.63255e-33 -3.22492e-32 0)
(4.39001e-34 -4.40481e-17 0)
(-3.42469e-34 3.10537e-33 0)
(2.25122e-33 -4.40481e-17 0)
(-3.35724e-33 3.46427e-32 0)
(-9.33214e-34 -1.28899e-34 0)
(-2.08762e-33 -9.84244e-35 0)
(-1.67387e-33 5.56608e-36 0)
(-6.34022e-34 2.1976e-35 0)
(-2.29792e-34 5.84317e-36 0)
(-3.96065e-34 2.6006e-36 0)
(-7.59055e-34 7.32923e-36 0)
(-1.21032e-33 6.36243e-36 0)
(-1.37953e-33 -1.97016e-35 0)
(-1.07794e-33 -2.55409e-35 0)
(-9.76923e-34 4.05234e-35 0)
(6.42769e-34 -6.23635e-35 0)
(6.81454e-33 -6.19461e-32 0)
(9.03709e-33 -4.4048e-17 0)
(-3.21629e-33 -4.4048e-17 0)
(-1.1355e-32 -4.21718e-34 0)
(-6.67791e-33 -4.05594e-35 0)
(-4.33346e-33 -3.54171e-36 0)
(-4.26983e-33 6.17172e-32 0)
(1.07503e-33 -4.4048e-17 0)
(5.09276e-33 -7.93834e-35 0)
(3.41554e-33 1.904e-34 0)
(2.29842e-33 1.50407e-34 0)
(8.68744e-34 -2.68098e-35 0)
(-9.16016e-34 -5.63431e-35 0)
(-1.41942e-33 -1.1077e-35 0)
(-1.09345e-33 1.22734e-35 0)
(-8.71423e-34 5.67463e-36 0)
(-4.29536e-34 -2.95897e-35 0)
(8.90914e-34 -5.14355e-35 0)
(1.72353e-33 5.17578e-35 0)
(-5.62498e-34 1.96852e-34 0)
(-3.76513e-33 -3.73878e-35 0)
(-3.80541e-34 -4.4048e-17 0)
(2.98443e-33 -1.11939e-31 0)
(-1.75196e-34 -1.87698e-34 0)
(-2.29348e-33 -9.05733e-35 0)
(-1.34374e-33 2.13851e-35 0)
(-1.23984e-34 3.64542e-35 0)
(9.24513e-35 3.63525e-36 0)
(-2.16179e-35 -2.2518e-35 0)
(-2.15041e-34 8.01539e-36 0)
(7.96516e-34 -1.06512e-31 0)
(-1.07882e-33 -4.4048e-17 0)
(-6.03617e-33 -1.05945e-31 0)
(-9.29698e-33 7.15293e-34 0)
(4.47094e-34 -4.4048e-17 0)
(9.34669e-33 1.05457e-31 0)
(4.13461e-33 -2.50417e-35 0)
(5.85392e-34 -9.45342e-36 0)
(3.13782e-35 1.58723e-36 0)
(7.54392e-36 1.19837e-36 0)
(-1.1579e-35 -3.26033e-37 0)
(-3.63595e-35 -4.83867e-37 0)
(-4.39291e-35 -1.42193e-37 0)
(-4.03997e-35 4.01406e-39 0)
(-3.5518e-35 -1.67099e-38 0)
(-3.59968e-35 1.46948e-37 0)
(-4.71634e-35 4.74227e-37 0)
(-6.30949e-35 1.23087e-37 0)
(-5.12714e-35 -1.62552e-36 0)
(8.81248e-36 -2.24184e-36 0)
(3.62184e-35 2.87399e-36 0)
(-8.61829e-35 8.37025e-36 0)
(-2.00023e-34 -3.59107e-36 0)
(-5.70768e-35 -1.85865e-35 0)
(1.16304e-34 3.63072e-36 0)
(2.48533e-35 3.06089e-35 0)
(-3.21758e-34 5.59502e-36 0)
(7.25571e-34 9.36465e-32 0)
(3.38163e-34 -4.4048e-17 0)
(-5.88398e-34 1.07694e-34 0)
(2.28674e-34 5.52937e-36 0)
(3.44377e-34 2.73892e-31 0)
(-3.17305e-34 -4.4048e-17 0)
(-7.0512e-34 1.81606e-31 0)
(-7.84874e-35 -1.20183e-35 0)
(-2.58784e-34 2.7535e-35 0)
(-5.32578e-33 2.09598e-34 0)
(-1.24381e-32 1.77104e-31 0)
(-7.23425e-34 -4.4048e-17 0)
(1.16594e-32 9.47928e-34 0)
(5.03864e-33 -5.95017e-35 0)
(-2.80858e-34 -5.36021e-36 0)
(-7.18786e-34 -1.68694e-36 0)
(-8.03315e-34 3.68919e-36 0)
(-9.27174e-34 1.71684e-36 0)
(1.2129e-33 -9.16657e-35 0)
(4.10683e-33 -2.9405e-35 0)
(-6.52329e-34 -4.4048e-17 0)
(-4.26982e-33 3.36877e-31 0)
(-6.45888e-34 6.68654e-35 0)
(9.87963e-34 4.60374e-36 0)
(7.31264e-34 2.93478e-38 0)
(4.2827e-34 7.03939e-36 0)
(3.46384e-34 1.22894e-36 0)
(2.54184e-34 -2.23474e-36 0)
(2.03368e-34 -9.24285e-37 0)
(2.36182e-34 9.76428e-39 0)
(2.82153e-34 -9.42389e-39 0)
(3.12991e-34 -2.33591e-37 0)
(3.36862e-34 -2.64931e-37 0)
(3.60065e-34 -7.61736e-38 0)
(3.84148e-34 -7.01484e-38 0)
(4.17748e-34 -6.34497e-37 0)
(5.03222e-34 -2.30587e-36 0)
(7.10507e-34 -4.54424e-36 0)
(1.08284e-33 -5.52265e-36 0)
(1.10234e-33 1.37671e-35 0)
(-9.54488e-34 7.46261e-35 0)
(-1.6312e-33 2.7967e-34 0)
(4.98056e-34 -4.4048e-17 0)
(2.38206e-33 1.50511e-31 0)
(1.75426e-33 -2.71973e-35 0)
(6.95493e-34 1.49516e-31 0)
(-7.94763e-34 -4.4048e-17 0)
(-2.09689e-33 1.50385e-31 0)
(-1.19836e-33 -4.00346e-35 0)
(-9.77384e-34 -4.04484e-35 0)
(-5.35302e-34 5.20132e-36 0)
(1.35465e-34 1.55187e-35 0)
(2.83333e-34 3.91448e-36 0)
(6.59198e-35 -2.97322e-36 0)
(-9.52109e-35 -2.20763e-36 0)
(-9.92223e-35 1.06602e-37 0)
(-4.57091e-35 4.50929e-37 0)
(-4.30498e-36 -1.49778e-37 0)
(1.94289e-35 -3.40384e-37 0)
(4.21212e-35 -1.35862e-37 0)
(6.38306e-35 4.79276e-38 0)
(7.85961e-35 7.25606e-38 0)
(8.50947e-35 2.77562e-38 0)
(8.6315e-35 1.7864e-38 0)
(8.50895e-35 3.53232e-38 0)
(8.32908e-35 1.12796e-38 0)
(8.18131e-35 -2.46698e-38 0)
(7.74591e-35 1.34056e-37 0)
(5.98137e-35 5.92602e-37 0)
(2.2741e-35 7.44618e-37 0)
(-1.41394e-35 -3.06714e-37 0)
(-2.95307e-35 -1.04865e-36 0)
(-5.76891e-35 1.47835e-36 0)
(-1.30149e-34 3.38567e-36 0)
(-1.58056e-34 -2.85542e-36 0)
(-1.02331e-34 -6.37681e-36 0)
(-1.76883e-34 8.49582e-36 0)
(-7.70328e-34 2.85654e-35 0)
(-2.72028e-33 4.90046e-35 0)
(-3.66112e-33 3.55826e-31 0)
(1.27022e-33 -4.4048e-17 0)
(9.63363e-34 3.40693e-33 0)
(-2.20976e-33 -4.4048e-17 0)
(1.98299e-33 -4.4048e-17 0)
(5.06188e-33 3.64899e-31 0)
(1.46901e-33 -2.21745e-34 0)
(-2.93419e-33 -1.51566e-34 0)
(-1.8834e-33 2.14348e-35 0)
(3.33065e-34 5.01916e-35 0)
(9.18215e-34 1.25212e-35 0)
(3.58104e-34 -5.50913e-36 0)
(-1.56578e-34 -3.56106e-36 0)
(-3.28579e-34 -3.21125e-37 0)
(-3.52965e-34 2.02979e-40 0)
(-3.65421e-34 2.52916e-37 0)
(-4.66809e-34 4.62653e-36 0)
(-7.51461e-34 9.53559e-36 0)
(-1.05893e-33 -6.37977e-37 0)
(-7.96975e-34 -3.08745e-35 0)
(3.02437e-34 -3.25032e-35 0)
(6.87567e-34 6.45715e-35 0)
(-1.93093e-33 1.60131e-34 0)
(-1.70174e-33 1.0051e-33 0)
(8.31363e-33 -4.4048e-17 0)
(4.09368e-33 -4.4048e-17 0)
(-6.85867e-33 -4.04392e-31 0)
(-4.12769e-33 -4.61692e-35 0)
(-9.34153e-34 1.60368e-35 0)
(6.90868e-34 3.6336e-35 0)
(7.98687e-34 3.19613e-35 0)
(-2.43828e-34 2.25462e-35 0)
(9.88419e-34 4.21179e-31 0)
(5.72967e-34 -4.4048e-17 0)
(-4.8543e-34 7.01298e-34 0)
(1.63076e-34 4.15495e-35 0)
(-1.28866e-33 2.97133e-35 0)
(-2.92618e-33 1.13008e-35 0)
(-3.59868e-33 -4.3254e-31 0)
(2.54824e-34 -4.4048e-17 0)
(3.96304e-33 4.36445e-31 0)
(3.15519e-33 9.27711e-35 0)
(1.69617e-33 -3.02308e-35 0)
(7.32404e-34 -1.04197e-35 0)
(3.74958e-34 2.27732e-35 0)
(3.48596e-34 5.95389e-36 0)
(1.52832e-34 -9.27831e-36 0)
(-1.25282e-35 -4.48334e-36 0)
(1.43854e-35 1.42827e-36 0)
(9.42626e-35 1.34306e-36 0)
(1.21729e-34 2.33665e-37 0)
(1.06874e-34 4.47632e-37 0)
(8.75409e-35 1.45657e-38 0)
(9.59239e-35 -1.89544e-36 0)
(1.41014e-34 -1.93234e-36 0)
(1.6409e-34 3.13695e-36 0)
(1.1063e-34 5.8709e-36 0)
(9.85511e-35 -5.82049e-36 0)
(3.09963e-34 -1.81352e-35 0)
(6.7962e-34 -2.55833e-36 0)
(8.61324e-34 2.71061e-35 0)
(7.63497e-34 8.24254e-36 0)
(3.50637e-33 -4.89757e-31 0)
(1.09891e-33 -4.4048e-17 0)
(-2.90465e-33 9.69707e-34 0)
(-8.92807e-33 4.60687e-34 0)
(-1.93005e-32 -4.99781e-31 0)
(-2.8312e-33 -4.4048e-17 0)
(1.53487e-32 -2.17098e-33 0)
(8.57919e-33 -4.4048e-17 0)
(3.19274e-33 9.46401e-34 0)
(2.69555e-33 1.36475e-34 0)
(2.13768e-33 5.9744e-35 0)
(1.47259e-33 -1.25143e-35 0)
(5.78608e-34 -1.09779e-35 0)
(2.6551e-34 -1.85292e-36 0)
(3.18663e-34 -4.48472e-36 0)
(4.0118e-34 -1.61647e-36 0)
(3.74908e-34 8.725e-36 0)
(1.87734e-34 1.06217e-35 0)
(4.36177e-35 -1.07037e-35 0)
(3.41007e-34 -3.54781e-35 0)
(1.11188e-33 -1.50522e-35 0)
(2.00559e-33 2.68133e-35 0)
(3.33154e-33 -3.18855e-35 0)
(1.07523e-32 1.66032e-30 0)
(-4.11323e-33 -4.40482e-17 0)
(-1.11677e-32 -4.40482e-17 0)
(1.00776e-32 5.15939e-33 0)
(-2.35605e-35 -4.40482e-17 0)
(-1.0411e-32 -5.62268e-31 0)
(-8.48219e-34 2.57032e-34 0)
(2.28232e-33 3.28167e-35 0)
(1.32496e-33 2.29487e-35 0)
(4.96548e-33 2.22411e-33 0)
(1.13179e-33 -4.40483e-17 0)
(-4.25435e-33 1.1645e-30 0)
(-1.08202e-33 -3.39137e-35 0)
(-9.27788e-34 -1.31904e-35 0)
(-4.57634e-34 2.45469e-36 0)
(-1.7567e-34 5.61464e-36 0)
(-1.00119e-34 -3.73996e-35 0)
(2.09747e-33 -2.99754e-34 0)
(4.92107e-33 -4.75069e-34 0)
(-1.09749e-33 -1.41534e-32 0)
(-5.59299e-33 5.92412e-34 0)
(-1.62755e-33 1.95985e-34 0)
(4.56582e-35 2.65485e-34 0)
(7.86239e-35 3.14371e-35 0)
(1.24472e-34 -1.55805e-34 0)
(9.7582e-34 -8.34208e-35 0)
(1.52686e-33 1.68771e-34 0)
(-3.89293e-34 3.5597e-34 0)
(-1.80322e-33 2.31311e-33 0)
(-3.26033e-34 1.09352e-32 0)
(-8.57373e-34 -1.04166e-33 0)
(-8.06131e-34 -8.45243e-34 0)
(5.67362e-33 3.14101e-33 0)
(5.47305e-34 -2.45742e-32 0)
(2.66263e-34 5.99206e-33 0)
(2.0668e-33 -1.07229e-32 0)
(-2.98725e-33 1.74871e-33 0)
(-1.01353e-33 -3.62691e-34 0)
(-2.07785e-33 -2.62786e-34 0)
(-1.66514e-33 2.11367e-35 0)
(-6.33996e-34 6.2223e-35 0)
(-2.31182e-34 1.2764e-35 0)
(-3.95961e-34 -5.81127e-37 0)
(-7.58787e-34 8.6132e-36 0)
(-1.21222e-33 9.76383e-36 0)
(-1.38177e-33 -3.07607e-35 0)
(-1.07375e-33 -3.71851e-35 0)
(-9.79448e-34 8.70729e-35 0)
(6.84271e-34 -8.99094e-35 0)
(6.53701e-33 1.05236e-33 0)
(8.25272e-33 -8.27086e-33 0)
(-2.96809e-33 -2.07116e-32 0)
(-1.06228e-32 -1.27984e-33 0)
(-6.64971e-33 2.55022e-35 0)
(-4.26128e-33 1.40957e-34 0)
(-4.07656e-33 2.04533e-33 0)
(1.00167e-33 5.81031e-33 0)
(4.91356e-33 -4.90579e-35 0)
(3.43066e-33 5.08064e-34 0)
(2.28427e-33 3.82072e-34 0)
(8.55302e-34 -8.7263e-35 0)
(-9.15013e-34 -1.55597e-34 0)
(-1.41501e-33 -2.8168e-35 0)
(-1.09237e-33 3.2674e-35 0)
(-8.74079e-34 1.82443e-35 0)
(-4.3315e-34 -4.75763e-35 0)
(8.96012e-34 -9.2968e-35 0)
(1.73906e-33 7.24492e-35 0)
(-5.67987e-34 3.17422e-34 0)
(-3.31503e-33 2.05552e-34 0)
(-3.54007e-34 1.40262e-32 0)
(2.51311e-33 9.56496e-34 0)
(-2.02491e-34 -5.18946e-34 0)
(-2.28079e-33 -2.36082e-34 0)
(-1.33606e-33 6.64402e-35 0)
(-1.25042e-34 9.2466e-35 0)
(8.89271e-35 1.13768e-35 0)
(-2.13662e-35 -4.24185e-35 0)
(-1.73989e-34 1.88473e-35 0)
(7.0845e-34 1.18783e-33 0)
(-1.07866e-33 -2.85616e-33 0)
(-5.90709e-33 1.25795e-33 0)
(-8.65732e-33 1.82478e-33 0)
(4.36075e-34 2.254e-32 0)
(8.66954e-33 1.37835e-33 0)
(4.10741e-33 -7.52269e-35 0)
(5.86903e-34 -2.90198e-35 0)
(3.19811e-35 3.79776e-36 0)
(7.43666e-36 2.94013e-36 0)
(-1.16731e-35 -1.13766e-36 0)
(-3.63493e-35 -1.39228e-36 0)
(-4.39021e-35 -3.89319e-37 0)
(-4.03928e-35 4.61033e-38 0)
(-3.55102e-35 -7.48511e-39 0)
(-3.59701e-35 2.49313e-37 0)
(-4.71646e-35 8.07705e-37 0)
(-6.32078e-35 1.34969e-37 0)
(-5.13983e-35 -3.00511e-36 0)
(9.05159e-36 -4.01417e-36 0)
(3.67812e-35 5.38382e-36 0)
(-8.65217e-35 1.53681e-35 0)
(-2.01438e-34 -6.68603e-36 0)
(-5.67047e-35 -3.48313e-35 0)
(1.1886e-34 6.56753e-36 0)
(2.49618e-35 5.68493e-35 0)
(-3.01164e-34 2.33431e-35 0)
(6.76192e-34 9.1517e-34 0)
(3.2132e-34 -1.8261e-33 0)
(-5.39137e-34 2.91833e-34 0)
(2.22016e-34 9.36093e-36 0)
(3.10547e-34 -1.36699e-34 0)
(-3.19383e-34 -1.31368e-33 0)
(-6.72358e-34 -1.78654e-34 0)
(-7.40318e-35 -2.91736e-35 0)
(-2.47924e-34 4.94704e-35 0)
(-5.32349e-33 4.01814e-34 0)
(-1.16448e-32 6.22081e-34 0)
(-6.77154e-34 3.18828e-32 0)
(1.08575e-32 2.3664e-33 0)
(4.99292e-33 -1.82799e-34 0)
(-2.78101e-34 -2.32271e-35 0)
(-7.18358e-34 -1.61169e-38 0)
(-8.03154e-34 5.90548e-36 0)
(-9.3163e-34 1.21658e-35 0)
(1.21143e-33 -1.57676e-34 0)
(3.79994e-33 -2.06503e-34 0)
(-6.21928e-34 -1.28985e-32 0)
(-3.95705e-33 1.11839e-33 0)
(-6.76152e-34 2.00478e-34 0)
(9.84921e-34 2.05391e-35 0)
(7.31372e-34 2.18367e-38 0)
(4.28326e-34 1.80181e-35 0)
(3.45969e-34 3.25354e-36 0)
(2.54087e-34 -6.04345e-36 0)
(2.03467e-34 -2.25109e-36 0)
(2.36223e-34 2.69051e-37 0)
(2.82142e-34 1.53751e-37 0)
(3.1298e-34 -3.79276e-37 0)
(3.36869e-34 -4.43024e-37 0)
(3.60073e-34 -6.86083e-38 0)
(3.84124e-34 -7.79694e-38 0)
(4.17653e-34 -1.16805e-36 0)
(5.03056e-34 -4.28556e-36 0)
(7.10371e-34 -8.70363e-36 0)
(1.08361e-33 -1.21072e-35 0)
(1.10569e-33 1.82074e-35 0)
(-9.43443e-34 1.3257e-34 0)
(-1.45093e-33 6.57491e-34 0)
(5.07467e-34 7.28827e-33 0)
(2.19868e-33 1.06865e-33 0)
(1.74521e-33 -1.11534e-34 0)
(6.5062e-34 4.95878e-34 0)
(-7.90546e-34 -2.22823e-33 0)
(-2.05242e-33 6.92773e-34 0)
(-1.21497e-33 -1.07619e-34 0)
(-9.75497e-34 -1.05682e-34 0)
(-5.32966e-34 1.7238e-35 0)
(1.35408e-34 4.19037e-35 0)
(2.82552e-34 9.35399e-36 0)
(6.56607e-35 -8.44505e-36 0)
(-9.50792e-35 -5.5634e-36 0)
(-9.91084e-35 6.75241e-37 0)
(-4.57203e-35 1.51515e-36 0)
(-4.33924e-36 -1.58016e-37 0)
(1.94295e-35 -6.70304e-37 0)
(4.21382e-35 -1.73745e-37 0)
(6.38397e-35 2.37615e-37 0)
(7.85952e-35 2.38072e-37 0)
(8.50923e-35 8.63098e-38 0)
(8.63154e-35 3.48539e-38 0)
(8.50892e-35 6.55364e-38 0)
(8.3288e-35 1.79752e-38 0)
(8.18187e-35 -6.092e-38 0)
(7.74873e-35 2.21848e-37 0)
(5.98416e-35 1.05446e-36 0)
(2.26994e-35 1.31407e-36 0)
(-1.42225e-35 -6.30239e-37 0)
(-2.94471e-35 -1.98486e-36 0)
(-5.74814e-35 2.72923e-36 0)
(-1.30354e-34 6.31214e-36 0)
(-1.58518e-34 -5.6142e-36 0)
(-1.01788e-34 -1.30793e-35 0)
(-1.75211e-34 1.30244e-35 0)
(-7.6838e-34 4.6028e-35 0)
(-2.72507e-33 9.56594e-35 0)
(-3.2496e-33 1.37427e-34 0)
(1.34745e-33 1.5054e-32 0)
(7.27302e-34 3.28512e-33 0)
(-1.74609e-33 7.48258e-33 0)
(1.87654e-33 2.08058e-32 0)
(4.50663e-33 3.49564e-33 0)
(1.38341e-33 -6.20067e-34 0)
(-2.92193e-33 -4.00221e-34 0)
(-1.8732e-33 7.11312e-35 0)
(3.32602e-34 1.38487e-34 0)
(9.15368e-34 3.02301e-35 0)
(3.5728e-34 -1.88265e-35 0)
(-1.5631e-34 -1.14056e-35 0)
(-3.28395e-34 -1.34354e-36 0)
(-3.52935e-34 3.83267e-37 0)
(-3.65178e-34 1.0322e-36 0)
(-4.66319e-34 9.0375e-36 0)
(-7.51742e-34 1.8257e-35 0)
(-1.06109e-33 6.17284e-37 0)
(-7.98679e-34 -5.27202e-35 0)
(3.07593e-34 -5.77447e-35 0)
(6.97998e-34 1.06327e-34 0)
(-1.87963e-33 2.9735e-34 0)
(-1.23017e-33 2.24444e-33 0)
(7.71261e-33 1.62736e-32 0)
(3.64873e-33 -1.85134e-32 0)
(-6.31521e-33 6.83944e-34 0)
(-4.16229e-33 -9.83254e-35 0)
(-9.29526e-34 6.75585e-35 0)
(6.91763e-34 9.97421e-35 0)
(7.97903e-34 6.95542e-35 0)
(-1.76173e-34 6.8206e-35 0)
(9.98906e-34 2.37542e-33 0)
(5.43576e-34 -7.76067e-34 0)
(-4.95427e-34 1.3927e-33 0)
(1.24075e-34 9.63914e-35 0)
(-1.29044e-33 5.41475e-35 0)
(-2.88888e-33 8.41062e-35 0)
(-3.41081e-33 1.55924e-33 0)
(2.73966e-34 6.2525e-33 0)
(3.77857e-33 2.19408e-33 0)
(3.09366e-33 2.61894e-34 0)
(1.68996e-33 -6.99573e-35 0)
(7.35622e-34 -2.98349e-35 0)
(3.75949e-34 5.53521e-35 0)
(3.46631e-34 1.34035e-35 0)
(1.52192e-34 -2.52347e-35 0)
(-1.18647e-35 -1.13768e-35 0)
(1.47473e-35 4.55684e-36 0)
(9.41876e-35 4.00195e-36 0)
(1.21673e-34 4.10882e-37 0)
(1.0686e-34 4.67936e-37 0)
(8.73917e-35 -1.51769e-37 0)
(9.57998e-35 -3.45741e-36 0)
(1.41338e-34 -3.18889e-36 0)
(1.64593e-34 6.44317e-36 0)
(1.10046e-34 1.15348e-35 0)
(9.6985e-35 -1.017e-35 0)
(3.10182e-34 -3.30643e-35 0)
(6.82604e-34 -5.3856e-36 0)
(8.62031e-34 4.30485e-35 0)
(8.08845e-34 1.30727e-35 0)
(3.26958e-33 1.30579e-33 0)
(1.11816e-33 -6.68333e-33 0)
(-2.63653e-33 1.76446e-33 0)
(-8.93016e-33 8.98125e-34 0)
(-1.77079e-32 2.87802e-33 0)
(-2.69374e-33 4.49582e-32 0)
(1.37899e-32 7.12172e-33 0)
(8.43352e-33 2.1461e-33 0)
(3.1266e-33 1.88721e-33 0)
(2.6335e-33 3.76725e-34 0)
(2.12717e-33 1.60511e-34 0)
(1.46759e-33 -4.00978e-35 0)
(5.79369e-34 -3.58967e-35 0)
(2.65973e-34 -6.06677e-36 0)
(3.18681e-34 -9.23395e-36 0)
(4.02137e-34 -3.3553e-36 0)
(3.75797e-34 1.6887e-35 0)
(1.86309e-34 1.98153e-35 0)
(4.02298e-35 -1.8954e-35 0)
(3.40694e-34 -6.07086e-35 0)
(1.1165e-33 -2.12469e-35 0)
(2.00431e-33 4.59384e-35 0)
(3.55709e-33 -5.83982e-35 0)
(9.70576e-33 5.22693e-33 0)
(-3.69427e-33 -2.70774e-32 0)
(-9.94489e-33 1.42305e-32 0)
(8.29542e-33 4.08886e-33 0)
(-5.93523e-35 -2.76543e-32 0)
(-9.25022e-33 2.73251e-33 0)
(-9.78613e-34 7.27956e-34 0)
(2.26407e-33 1.03142e-34 0)
(1.49761e-33 3.8662e-35 0)
(4.65234e-33 3.99309e-33 0)
(1.03549e-33 -8.57845e-33 0)
(-3.94544e-33 1.63239e-33 0)
(-1.16171e-33 -9.35242e-35 0)
(-9.24856e-34 -3.22088e-35 0)
(-4.56112e-34 1.30742e-35 0)
(-1.73177e-34 1.68223e-35 0)
(-1.08007e-34 -3.51191e-35 0)
(2.0488e-33 -2.95338e-34 0)
(4.21908e-33 -1.4679e-33 0)
(-1.04967e-33 -1.33822e-32 0)
(-4.86728e-33 -4.21524e-34 0)
(-1.61308e-33 3.22041e-34 0)
(3.50838e-35 3.74938e-34 0)
(5.54328e-35 5.49289e-35 0)
(1.18617e-34 -1.5646e-34 0)
(9.90487e-34 -7.26447e-35 0)
(1.54633e-33 1.21443e-34 0)
(-2.7748e-34 2.86722e-34 0)
(-1.40332e-33 2.63046e-33 0)
(-4.70872e-34 7.99935e-33 0)
(-1.30702e-33 -2.76479e-34 0)
(-6.64881e-34 -7.02159e-34 0)
(4.67074e-33 1.79918e-33 0)
(6.62017e-34 -2.04654e-32 0)
(7.93828e-34 4.21892e-33 0)
(1.9012e-33 -1.02164e-32 0)
(-2.50233e-33 1.22803e-33 0)
(-1.09615e-33 -5.82148e-34 0)
(-2.05556e-33 -4.003e-34 0)
(-1.64689e-33 3.98475e-35 0)
(-6.34749e-34 1.00234e-34 0)
(-2.35014e-34 1.52945e-35 0)
(-3.96458e-34 -1.29567e-35 0)
(-7.58213e-34 -4.35947e-36 0)
(-1.21328e-33 3.70553e-36 0)
(-1.38307e-33 -1.14379e-35 0)
(-1.06882e-33 -6.48142e-36 0)
(-9.80777e-34 9.95618e-35 0)
(7.1494e-34 -1.94236e-35 0)
(6.18919e-33 5.74458e-34 0)
(7.38816e-33 -8.29513e-33 0)
(-2.69546e-33 -1.86799e-32 0)
(-9.79371e-33 -2.11223e-33 0)
(-6.56649e-33 2.4811e-34 0)
(-4.18408e-33 4.65432e-34 0)
(-3.85013e-33 2.03644e-33 0)
(9.23204e-34 5.84492e-33 0)
(4.70264e-33 2.64417e-34 0)
(3.44699e-33 7.72644e-34 0)
(2.25396e-33 5.48379e-34 0)
(8.28819e-34 -1.57319e-34 0)
(-9.11593e-34 -2.46358e-34 0)
(-1.40554e-33 -4.17791e-35 0)
(-1.09003e-33 4.96175e-35 0)
(-8.77078e-34 3.3229e-35 0)
(-4.37362e-34 -2.20318e-35 0)
(8.9899e-34 -7.1554e-35 0)
(1.75154e-33 2.8603e-36 0)
(-5.5096e-34 1.45427e-34 0)
(-2.82661e-33 7.27186e-34 0)
(-3.24433e-34 1.20354e-32 0)
(1.99344e-33 1.3825e-33 0)
(-2.5876e-34 -8.13213e-34 0)
(-2.25269e-33 -3.52628e-34 0)
(-1.32105e-33 1.15632e-34 0)
(-1.27789e-34 1.34295e-34 0)
(8.33417e-35 2.07275e-35 0)
(-2.11512e-35 -3.61834e-35 0)
(-1.35196e-34 2.26496e-35 0)
(6.09676e-34 8.72016e-34 0)
(-1.07533e-33 -2.57073e-33 0)
(-5.72991e-33 1.03731e-33 0)
(-7.9313e-33 2.60804e-33 0)
(4.25659e-34 2.04677e-32 0)
(7.90391e-33 2.2534e-33 0)
(4.04185e-33 -1.2237e-34 0)
(5.90563e-34 -5.07314e-35 0)
(3.34651e-35 4.93232e-36 0)
(7.2282e-36 4.10134e-36 0)
(-1.18558e-35 -2.15668e-36 0)
(-3.63109e-35 -2.3105e-36 0)
(-4.38374e-35 -6.28975e-37 0)
(-4.03754e-35 1.26269e-37 0)
(-3.55061e-35 5.22319e-38 0)
(-3.59484e-35 1.50423e-37 0)
(-4.71705e-35 4.96875e-37 0)
(-6.33212e-35 -1.05761e-37 0)
(-5.15161e-35 -2.46118e-36 0)
(9.30601e-36 -2.98966e-36 0)
(3.73537e-35 4.56296e-36 0)
(-8.68832e-35 1.23445e-35 0)
(-2.02939e-34 -5.54468e-36 0)
(-5.63224e-35 -2.95973e-35 0)
(1.21576e-34 4.93671e-36 0)
(2.59092e-35 4.6849e-35 0)
(-2.72343e-34 4.83029e-35 0)
(6.21119e-34 1.00326e-33 0)
(3.02221e-34 -1.60946e-33 0)
(-4.85009e-34 4.23265e-34 0)
(2.03625e-34 3.79395e-36 0)
(2.70757e-34 -3.11884e-34 0)
(-3.19767e-34 -1.25296e-33 0)
(-6.34125e-34 -2.7516e-34 0)
(-6.56528e-35 -4.00194e-35 0)
(-2.35298e-34 3.61229e-35 0)
(-5.29187e-33 3.62059e-34 0)
(-1.07438e-32 1.5883e-33 0)
(-6.21008e-34 2.91468e-32 0)
(9.94301e-33 3.30688e-33 0)
(4.90812e-33 -3.14593e-34 0)
(-2.7077e-34 -5.14074e-35 0)
(-7.17185e-34 7.03164e-36 0)
(-8.02646e-34 2.96372e-36 0)
(-9.35552e-34 3.15266e-35 0)
(1.20068e-33 -1.00428e-34 0)
(3.45246e-33 -5.06837e-34 0)
(-5.88051e-34 -1.17061e-32 0)
(-3.6e-33 6.80953e-34 0)
(-7.00696e-34 3.4075e-34 0)
(9.77437e-34 4.63286e-35 0)
(7.31093e-34 2.55578e-37 0)
(4.28441e-34 2.65216e-35 0)
(3.45155e-34 5.03648e-36 0)
(2.53903e-34 -9.43039e-36 0)
(2.03689e-34 -3.14531e-36 0)
(2.36304e-34 7.97172e-37 0)
(2.8212e-34 5.26775e-37 0)
(3.12961e-34 -1.87499e-37 0)
(3.36877e-34 -2.54785e-37 0)
(3.60082e-34 1.1157e-37 0)
(3.84096e-34 5.45311e-38 0)
(4.1755e-34 -9.52177e-37 0)
(5.02866e-34 -3.58091e-36 0)
(7.10132e-34 -7.88987e-36 0)
(1.08405e-33 -1.45374e-35 0)
(1.10901e-33 -2.5405e-36 0)
(-9.24365e-34 9.44932e-35 0)
(-1.30919e-33 8.5564e-34 0)
(5.18399e-34 5.40784e-33 0)
(2.05074e-33 1.24984e-33 0)
(1.72748e-33 -2.36879e-34 0)
(5.99356e-34 4.05112e-34 0)
(-7.85076e-34 -2.18625e-33 0)
(-2.00019e-33 6.09169e-34 0)
(-1.23509e-33 -1.68044e-34 0)
(-9.71411e-34 -1.59123e-34 0)
(-5.2826e-34 3.19971e-35 0)
(1.35062e-34 6.55321e-35 0)
(2.80897e-34 1.27573e-35 0)
(6.52028e-35 -1.38263e-35 0)
(-9.47617e-35 -8.06055e-36 0)
(-9.88755e-35 1.6668e-36 0)
(-4.57511e-35 2.84536e-36 0)
(-4.41352e-36 1.52825e-37 0)
(1.9428e-35 -6.46125e-37 0)
(4.21662e-35 3.91703e-38 0)
(6.38507e-35 5.4557e-37 0)
(7.85881e-35 4.40356e-37 0)
(8.50842e-35 1.53757e-37 0)
(8.63138e-35 3.34635e-38 0)
(8.50886e-35 5.47755e-38 0)
(8.32843e-35 8.14705e-39 0)
(8.18232e-35 -8.62985e-38 0)
(7.75154e-35 1.20686e-37 0)
(5.98688e-35 7.69434e-37 0)
(2.26547e-35 9.35098e-37 0)
(-1.43084e-35 -6.56051e-37 0)
(-2.93564e-35 -1.72533e-36 0)
(-5.72588e-35 2.23094e-36 0)
(-1.30588e-34 5.2982e-36 0)
(-1.59079e-34 -5.38786e-36 0)
(-1.01359e-34 -1.37805e-35 0)
(-1.73788e-34 4.22839e-36 0)
(-7.65885e-34 2.14031e-35 0)
(-2.71374e-33 8.96378e-35 0)
(-2.8595e-33 6.94866e-34 0)
(1.43741e-33 1.24322e-32 0)
(5.62964e-34 3.60195e-33 0)
(-1.25147e-33 7.71716e-33 0)
(1.75938e-33 1.85069e-32 0)
(3.8776e-33 4.15458e-33 0)
(1.2492e-33 -9.93328e-34 0)
(-2.89413e-33 -6.07961e-34 0)
(-1.85225e-33 1.30898e-34 0)
(3.30581e-34 2.20655e-34 0)
(9.08977e-34 4.19952e-35 0)
(3.55668e-34 -3.54677e-35 0)
(-1.55527e-34 -2.07236e-35 0)
(-3.27869e-34 -2.91267e-36 0)
(-3.5282e-34 1.22657e-36 0)
(-3.64917e-34 2.21327e-36 0)
(-4.65803e-34 8.59969e-36 0)
(-7.5195e-34 1.6541e-35 0)
(-1.0631e-33 4.92876e-36 0)
(-8.00423e-34 -3.27345e-35 0)
(3.11822e-34 -4.20003e-35 0)
(7.0883e-34 5.50108e-35 0)
(-1.79923e-33 2.3967e-34 0)
(-7.32648e-34 2.67556e-33 0)
(7.03873e-33 1.36584e-32 0)
(3.14516e-33 -1.60764e-32 0)
(-5.72818e-33 -5.02638e-34 0)
(-4.16192e-33 -1.17864e-34 0)
(-9.21557e-34 1.4361e-34 0)
(6.90789e-34 1.57894e-34 0)
(7.96671e-34 8.18081e-35 0)
(-9.71879e-35 1.14509e-34 0)
(9.25444e-34 2.2473e-33 0)
(5.11037e-34 -1.81174e-33 0)
(-4.21575e-34 1.3521e-33 0)
(7.64005e-35 1.22032e-34 0)
(-1.28913e-33 4.47397e-35 0)
(-2.82555e-33 2.17114e-34 0)
(-3.19255e-33 2.01657e-33 0)
(2.95188e-34 6.01186e-33 0)
(3.56554e-33 2.56047e-33 0)
(3.00236e-33 4.20436e-34 0)
(1.676e-33 -8.55057e-35 0)
(7.41028e-34 -4.82365e-35 0)
(3.7795e-34 7.52748e-35 0)
(3.42969e-34 1.65704e-35 0)
(1.51111e-34 -3.91773e-35 0)
(-1.04096e-35 -1.65548e-35 0)
(1.54772e-35 8.06874e-36 0)
(9.39599e-35 6.80725e-36 0)
(1.21469e-34 3.21431e-37 0)
(1.06833e-34 -4.50299e-37 0)
(8.72676e-35 -5.50866e-37 0)
(9.57144e-35 -2.72178e-36 0)
(1.41724e-34 -1.70556e-36 0)
(1.65143e-34 6.79457e-36 0)
(1.09432e-34 1.10641e-35 0)
(9.53315e-35 -6.90787e-36 0)
(3.10309e-34 -2.60245e-35 0)
(6.8511e-34 -6.29942e-36 0)
(8.62649e-34 1.77209e-35 0)
(8.56814e-34 8.00662e-37 0)
(3.00731e-33 1.07089e-33 0)
(1.13598e-33 -5.96432e-33 0)
(-2.33739e-33 1.37383e-33 0)
(-8.83379e-33 8.29557e-34 0)
(-1.59532e-32 4.81045e-33 0)
(-2.5216e-33 3.98267e-32 0)
(1.20772e-32 9.01597e-33 0)
(8.16668e-33 2.12695e-33 0)
(3.05579e-33 1.8713e-33 0)
(2.56112e-33 5.84821e-34 0)
(2.10394e-33 2.47769e-34 0)
(1.45666e-33 -6.97723e-35 0)
(5.81421e-34 -6.57266e-35 0)
(2.67746e-34 -1.17183e-35 0)
(3.18901e-34 -9.72356e-36 0)
(4.03288e-34 -3.53406e-36 0)
(3.76773e-34 1.5499e-35 0)
(1.84828e-34 1.67121e-35 0)
(3.7117e-35 -1.32737e-35 0)
(3.40889e-34 -3.81098e-35 0)
(1.12056e-33 -2.57526e-36 0)
(2.00243e-33 2.64996e-35 0)
(3.75909e-33 -6.68733e-35 0)
(8.47744e-33 3.54236e-33 0)
(-3.35229e-33 -2.43658e-32 0)
(-8.54007e-33 1.0171e-32 0)
(6.53588e-33 3.17277e-33 0)
(-1.28576e-34 -2.36552e-32 0)
(-7.98402e-33 1.39168e-33 0)
(-1.06948e-33 1.13692e-33 0)
(2.22035e-33 1.87747e-34 0)
(1.66235e-33 1.2601e-35 0)
(4.19582e-33 3.0701e-33 0)
(9.29064e-34 -8.68724e-33 0)
(-3.49518e-33 9.68229e-34 0)
(-1.22754e-33 -1.53752e-34 0)
(-9.17888e-34 -4.49917e-35 0)
(-4.53104e-34 3.00188e-35 0)
(-1.70101e-34 2.88929e-35 0)
(-1.17309e-34 -2.24507e-35 0)
(1.93306e-33 -2.81563e-34 0)
(3.48787e-33 -2.23504e-33 0)
(-9.8919e-34 -1.11539e-32 0)
(-4.09986e-33 -1.15499e-33 0)
(-1.53489e-33 4.3345e-34 0)
(1.62536e-35 4.7048e-34 0)
(2.06881e-35 8.01433e-35 0)
(1.10626e-34 -1.47263e-34 0)
(1.00514e-33 -6.02177e-35 0)
(1.56449e-33 5.6582e-35 0)
(-1.23211e-34 1.77733e-34 0)
(-1.00179e-33 2.74312e-33 0)
(-6.23986e-34 6.30638e-33 0)
(-1.75488e-33 2.8499e-34 0)
(-6.02531e-34 -4.87574e-34 0)
(3.66684e-33 6.47933e-34 0)
(7.80618e-34 -1.61716e-32 0)
(1.3084e-33 2.63792e-33 0)
(1.76294e-33 -8.36813e-33 0)
(-2.02312e-33 6.59004e-34 0)
(-1.17532e-33 -8.11003e-34 0)
(-2.01456e-33 -5.43143e-34 0)
(-1.6144e-33 5.34914e-35 0)
(-6.36458e-34 1.39372e-34 0)
(-2.42589e-34 1.86975e-35 0)
(-3.97977e-34 -2.66705e-35 0)
(-7.57131e-34 -1.88572e-35 0)
(-1.21272e-33 -2.21955e-36 0)
(-1.38256e-33 1.23658e-35 0)
(-1.06319e-33 3.04472e-35 0)
(-9.80441e-34 1.12794e-34 0)
(7.26672e-34 5.13284e-35 0)
(5.75869e-33 9.29488e-35 0)
(6.45946e-33 -8.19163e-33 0)
(-2.40144e-33 -1.64678e-32 0)
(-8.87119e-33 -2.82323e-33 0)
(-6.40562e-33 4.82722e-34 0)
(-4.09811e-33 8.45735e-34 0)
(-3.58674e-33 2.16873e-33 0)
(8.44385e-34 5.90613e-33 0)
(4.45427e-33 7.72366e-34 0)
(3.45529e-33 1.04793e-33 0)
(2.1995e-33 7.12044e-34 0)
(7.83135e-34 -2.3022e-34 0)
(-9.04578e-34 -3.44257e-34 0)
(-1.38837e-33 -5.89853e-35 0)
(-1.08563e-33 6.71682e-35 0)
(-8.80276e-34 5.0546e-35 0)
(-4.42216e-34 8.35086e-36 0)
(8.97666e-34 -4.71225e-35 0)
(1.75673e-33 -8.26199e-35 0)
(-5.0371e-34 -6.64423e-35 0)
(-2.31473e-33 1.13963e-33 0)
(-2.94361e-34 9.84963e-33 0)
(1.43785e-33 1.64392e-33 0)
(-3.50436e-34 -1.10714e-33 0)
(-2.20191e-33 -4.78749e-34 0)
(-1.29489e-33 1.66248e-34 0)
(-1.3301e-34 1.80642e-34 0)
(7.4776e-35 3.26899e-35 0)
(-2.12698e-35 -2.7552e-35 0)
(-1.01786e-34 2.25965e-35 0)
(5.01169e-34 5.70841e-34 0)
(-1.06639e-33 -2.26309e-33 0)
(-5.49084e-33 8.52284e-34 0)
(-7.12401e-33 3.35293e-33 0)
(4.15671e-34 1.81894e-32 0)
(7.05498e-33 3.06041e-33 0)
(3.92297e-33 -1.57187e-34 0)
(5.97001e-34 -7.49184e-35 0)
(3.63385e-35 5.62457e-36 0)
(6.88308e-36 5.37928e-36 0)
(-1.21748e-35 -3.23239e-36 0)
(-3.623e-35 -3.35622e-36 0)
(-4.37128e-35 -9.37321e-37 0)
(-4.03399e-35 2.10419e-37 0)
(-3.55091e-35 1.29753e-37 0)
(-3.59385e-35 3.11505e-38 0)
(-4.7184e-35 1.24788e-37 0)
(-6.34226e-35 -3.80816e-37 0)
(-5.16056e-35 -1.80687e-36 0)
(9.55844e-36 -1.79622e-36 0)
(3.7881e-35 3.52976e-36 0)
(-8.72408e-35 8.73449e-36 0)
(-2.04425e-34 -4.04899e-36 0)
(-5.59758e-35 -2.31234e-35 0)
(1.24248e-34 2.7493e-36 0)
(2.81464e-35 3.39617e-35 0)
(-2.33516e-34 7.3328e-35 0)
(5.61166e-34 1.05616e-33 0)
(2.80092e-34 -1.3741e-33 0)
(-4.27427e-34 5.01132e-34 0)
(1.70155e-34 -7.63629e-36 0)
(2.24468e-34 -4.77294e-34 0)
(-3.16897e-34 -1.18502e-33 0)
(-5.89925e-34 -3.46386e-34 0)
(-5.2673e-35 -5.16016e-35 0)
(-2.20995e-34 1.74446e-35 0)
(-5.21616e-33 3.11625e-34 0)
(-9.73983e-33 2.56054e-33 0)
(-5.54204e-34 2.60815e-32 0)
(8.91894e-33 4.21198e-33 0)
(4.76847e-33 -4.47563e-34 0)
(-2.56574e-34 -8.66572e-35 0)
(-7.14719e-34 1.44148e-35 0)
(-8.0153e-34 3.28606e-37 0)
(-9.38033e-34 5.49553e-35 0)
(1.17596e-33 -3.07458e-35 0)
(3.06701e-33 -8.08445e-34 0)
(-5.51018e-34 -1.03637e-32 0)
(-3.19981e-33 2.35478e-34 0)
(-7.1438e-34 4.90533e-34 0)
(9.6318e-34 7.93472e-35 0)
(7.30068e-34 1.47197e-36 0)
(4.28633e-34 3.61731e-35 0)
(3.43721e-34 7.24573e-36 0)
(2.53575e-34 -1.32388e-35 0)
(2.04102e-34 -4.23363e-36 0)
(2.3645e-34 1.36439e-36 0)
(2.82082e-34 9.50752e-37 0)
(3.12932e-34 3.59496e-38 0)
(3.36887e-34 -3.91621e-38 0)
(3.60092e-34 3.13465e-37 0)
(3.84062e-34 1.98087e-37 0)
(4.17442e-34 -7.13565e-37 0)
(5.02654e-34 -2.7818e-36 0)
(7.09726e-34 -7.02117e-36 0)
(1.08385e-33 -1.77021e-35 0)
(1.11182e-33 -2.78352e-35 0)
(-8.93888e-34 4.6073e-35 0)
(-1.15123e-33 1.05074e-33 0)
(5.30929e-34 4.79691e-33 0)
(1.88224e-33 1.40668e-33 0)
(1.69694e-33 -3.84081e-34 0)
(5.41737e-34 2.75475e-34 0)
(-7.78286e-34 -2.14885e-33 0)
(-1.93921e-33 4.76378e-34 0)
(-1.25835e-33 -2.3906e-34 0)
(-9.63807e-34 -2.19481e-34 0)
(-5.19851e-34 4.87603e-35 0)
(1.34249e-34 9.28268e-35 0)
(2.77861e-34 1.69463e-35 0)
(6.44327e-35 -1.98906e-35 0)
(-9.41502e-35 -1.09482e-35 0)
(-9.84549e-35 2.77313e-36 0)
(-4.58127e-35 4.37185e-36 0)
(-4.55104e-36 5.20773e-37 0)
(1.94226e-35 -6.14281e-37 0)
(4.22108e-35 2.84486e-37 0)
(6.38639e-35 9.00388e-37 0)
(7.85706e-35 6.74582e-37 0)
(8.50668e-35 2.33136e-37 0)
(8.63091e-35 3.33812e-38 0)
(8.50876e-35 4.33851e-38 0)
(8.32792e-35 -2.77119e-39 0)
(8.18254e-35 -1.16144e-37 0)
(7.75401e-35 2.32626e-39 0)
(5.98919e-35 4.38469e-37 0)
(2.26098e-35 5.03649e-37 0)
(-1.43894e-35 -6.53796e-37 0)
(-2.92633e-35 -1.38081e-36 0)
(-5.70346e-35 1.64449e-36 0)
(-1.30846e-34 4.0781e-36 0)
(-1.59756e-34 -5.08232e-36 0)
(-1.01189e-34 -1.45618e-35 0)
(-1.72991e-34 -6.39517e-36 0)
(-7.62727e-34 -8.30292e-36 0)
(-2.67829e-33 8.04172e-35 0)
(-2.42937e-33 1.23645e-33 0)
(1.53776e-33 1.09883e-32 0)
(4.17185e-34 3.79404e-33 0)
(-7.45109e-34 7.77126e-33 0)
(1.63108e-33 1.58891e-32 0)
(3.1812e-33 4.58625e-33 0)
(1.05401e-33 -1.39515e-33 0)
(-2.84251e-33 -8.3802e-34 0)
(-1.81462e-33 1.95269e-34 0)
(3.26162e-34 3.13625e-34 0)
(8.97018e-34 5.69858e-35 0)
(3.52785e-34 -5.37107e-35 0)
(-1.53941e-34 -3.14965e-35 0)
(-3.26791e-34 -4.85507e-36 0)
(-3.52557e-34 2.23089e-36 0)
(-3.64651e-34 3.68475e-36 0)
(-4.65293e-34 8.18864e-36 0)
(-7.51993e-34 1.47225e-35 0)
(-1.06461e-33 1.04729e-35 0)
(-8.0208e-34 -8.63906e-36 0)
(3.13799e-34 -2.38983e-35 0)
(7.1862e-34 -8.71605e-36 0)
(-1.68165e-33 1.55058e-34 0)
(-2.3109e-34 3.00167e-33 0)
(6.29724e-33 1.08463e-32 0)
(2.58897e-33 -1.36028e-32 0)
(-5.11076e-33 -1.65843e-33 0)
(-4.10772e-33 -1.54892e-34 0)
(-9.07968e-34 2.28326e-34 0)
(6.86685e-34 2.23164e-34 0)
(7.94484e-34 9.60664e-35 0)
(-6.88593e-36 1.5944e-34 0)
(8.47226e-34 2.07955e-33 0)
(4.74588e-34 -1.4796e-33 0)
(-3.43826e-34 1.26521e-33 0)
(2.0056e-35 1.44159e-34 0)
(-1.28225e-33 3.96182e-35 0)
(-2.72743e-33 3.68604e-34 0)
(-2.9417e-33 2.42844e-33 0)
(3.16299e-34 5.74646e-33 0)
(3.32206e-33 2.83431e-33 0)
(2.87443e-33 5.84897e-34 0)
(1.65046e-33 -8.98632e-35 0)
(7.49172e-34 -6.60915e-35 0)
(3.8143e-34 9.45197e-35 0)
(3.36849e-34 1.99526e-35 0)
(1.49369e-34 -5.37066e-35 0)
(-7.7671e-36 -2.23603e-35 0)
(1.67759e-35 1.16136e-35 0)
(9.35044e-35 9.88989e-36 0)
(1.21029e-34 3.09078e-37 0)
(1.06782e-34 -1.47944e-36 0)
(8.72011e-35 -1.02559e-36 0)
(9.57085e-35 -1.84113e-36 0)
(1.42177e-34 4.56744e-38 0)
(1.65714e-34 7.1519e-36 0)
(1.08835e-34 1.0461e-35 0)
(9.37015e-35 -2.96386e-36 0)
(3.10223e-34 -1.76965e-35 0)
(6.86394e-34 -8.22201e-36 0)
(8.6259e-34 -1.42428e-35 0)
(9.04298e-34 -2.47303e-35 0)
(2.72313e-33 7.91812e-34 0)
(1.14872e-33 -5.21613e-33 0)
(-2.0116e-33 9.04314e-34 0)
(-8.59728e-33 7.11796e-34 0)
(-1.40677e-32 6.49987e-33 0)
(-2.31357e-33 3.43132e-32 0)
(1.02484e-32 1.0507e-32 0)
(7.74574e-33 2.15644e-33 0)
(2.97968e-33 1.84742e-33 0)
(2.47799e-33 7.83233e-34 0)
(2.06264e-33 3.42631e-34 0)
(1.43656e-33 -9.58885e-35 0)
(5.85172e-34 -9.87226e-35 0)
(2.71623e-34 -1.96389e-35 0)
(3.19524e-34 -1.01319e-35 0)
(4.04639e-34 -3.52129e-36 0)
(3.77796e-34 1.34827e-35 0)
(1.83456e-34 1.3165e-35 0)
(3.48483e-35 -5.75942e-36 0)
(3.41863e-34 -1.116e-35 0)
(1.12283e-33 1.74519e-35 0)
(1.99744e-33 -2.86587e-36 0)
(3.91103e-33 -1.19381e-34 0)
(7.20477e-33 1.82537e-33 0)
(-2.99368e-33 -2.02326e-32 0)
(-7.10362e-33 7.40551e-33 0)
(4.77185e-33 2.19927e-33 0)
(-2.35402e-34 -1.94471e-32 0)
(-6.64443e-33 1.94811e-34 0)
(-1.09969e-33 1.47685e-33 0)
(2.14125e-33 2.90877e-34 0)
(1.80369e-33 -3.52688e-35 0)
(3.71215e-33 2.14222e-33 0)
(8.13917e-34 -7.42678e-33 0)
(-3.02106e-33 3.28797e-34 0)
(-1.26927e-33 -2.29977e-34 0)
(-9.04026e-34 -6.01069e-35 0)
(-4.47759e-34 4.7401e-35 0)
(-1.66481e-34 4.26006e-35 0)
(-1.29058e-34 3.26386e-36 0)
(1.74182e-33 -2.52426e-34 0)
(2.75605e-33 -2.68726e-33 0)
(-9.09415e-34 -8.89914e-33 0)
(-3.3171e-33 -1.54971e-33 0)
(-1.38993e-33 5.15457e-34 0)
(-1.24343e-35 5.33659e-34 0)
(-2.71075e-35 1.04801e-34 0)
(9.98864e-35 -1.22836e-34 0)
(1.01665e-33 -4.62845e-35 0)
(1.57646e-33 -2.91543e-35 0)
(7.15187e-35 2.504e-35 0)
(-6.21448e-34 2.59652e-33 0)
(-7.81119e-34 4.58773e-33 0)
(-2.16548e-33 6.02208e-34 0)
(-6.28946e-34 -1.95373e-34 0)
(2.71577e-33 -1.97012e-34 0)
(8.98657e-34 -1.1918e-32 0)
(1.7657e-33 1.35333e-33 0)
(1.65351e-33 -6.63101e-33 0)
(-1.57411e-33 6.76707e-35 0)
(-1.2423e-33 -1.02546e-33 0)
(-1.94795e-33 -6.76119e-34 0)
(-1.56216e-33 5.66298e-35 0)
(-6.38951e-34 1.74795e-34 0)
(-2.55454e-34 2.31097e-35 0)
(-4.01113e-34 -4.08444e-35 0)
(-7.55235e-34 -3.4093e-35 0)
(-1.20931e-33 -6.90415e-36 0)
(-1.37892e-33 4.14204e-35 0)
(-1.05708e-33 7.42883e-35 0)
(-9.78105e-34 1.26841e-34 0)
(7.09644e-34 1.19269e-34 0)
(5.2357e-33 -3.61725e-34 0)
(5.49262e-33 -7.9093e-33 0)
(-2.09009e-33 -1.41318e-32 0)
(-7.86595e-33 -3.33067e-33 0)
(-6.14244e-33 7.13765e-34 0)
(-3.99384e-33 1.27388e-33 0)
(-3.28346e-33 2.46596e-33 0)
(7.71765e-34 5.97216e-33 0)
(4.16131e-33 1.46248e-33 0)
(3.43789e-33 1.31171e-33 0)
(2.11129e-33 8.47991e-34 0)
(7.11314e-34 -2.99349e-34 0)
(-8.92727e-34 -4.41676e-34 0)
(-1.36019e-33 -8.05642e-35 0)
(-1.07796e-33 8.32503e-35 0)
(-8.83302e-34 6.98744e-35 0)
(-4.47752e-34 4.36099e-35 0)
(8.8862e-34 -2.04787e-35 0)
(1.74807e-33 -1.85051e-34 0)
(-4.20351e-34 -3.16668e-34 0)
(-1.80191e-33 1.38049e-33 0)
(-2.68415e-34 7.54649e-33 0)
(8.67831e-34 1.68246e-33 0)
(-4.79936e-34 -1.36609e-33 0)
(-2.12039e-33 -6.03584e-34 0)
(-1.25271e-33 2.12327e-34 0)
(-1.41488e-34 2.28667e-34 0)
(6.21069e-35 4.79274e-35 0)
(-2.22738e-35 -1.56992e-35 0)
(-7.70918e-35 1.87942e-35 0)
(3.85041e-34 3.06047e-34 0)
(-1.04837e-33 -1.93755e-33 0)
(-5.17543e-33 7.18654e-34 0)
(-6.24923e-33 3.99635e-33 0)
(4.0487e-34 1.57532e-32 0)
(6.13612e-33 3.72392e-33 0)
(3.73508e-33 -1.65683e-34 0)
(6.06296e-34 -9.98244e-35 0)
(4.1272e-35 5.34815e-36 0)
(6.38309e-36 6.66667e-36 0)
(-1.2694e-35 -4.25996e-36 0)
(-3.60924e-35 -4.48789e-36 0)
(-4.34983e-35 -1.33169e-36 0)
(-4.02739e-35 2.85861e-37 0)
(-3.55237e-35 2.28085e-37 0)
(-3.59512e-35 -1.08791e-37 0)
(-4.72088e-35 -3.09667e-37 0)
(-6.34915e-35 -6.80886e-37 0)
(-5.16372e-35 -1.03508e-36 0)
(9.77679e-36 -4.5593e-37 0)
(3.82733e-35 2.22343e-36 0)
(-8.75416e-35 4.50735e-36 0)
(-2.05712e-34 -2.06697e-36 0)
(-5.57519e-35 -1.51097e-35 0)
(1.26487e-34 -1.2423e-37 0)
(3.21912e-35 1.74859e-35 0)
(-1.83555e-34 9.51558e-35 0)
(4.97768e-34 1.05555e-33 0)
(2.53617e-34 -1.13041e-33 0)
(-3.68749e-34 5.0677e-34 0)
(1.19473e-34 -2.81841e-35 0)
(1.7152e-34 -6.15045e-34 0)
(-3.08636e-34 -1.10794e-33 0)
(-5.39415e-34 -3.82344e-34 0)
(-3.51335e-35 -6.29174e-35 0)
(-2.05419e-34 -8.87161e-36 0)
(-5.07833e-33 2.49837e-34 0)
(-8.64698e-33 3.47523e-33 0)
(-4.77078e-34 2.27345e-32 0)
(7.7978e-33 5.00297e-33 0)
(4.55593e-33 -5.62813e-34 0)
(-2.33009e-34 -1.30182e-34 0)
(-7.10053e-34 2.11683e-35 0)
(-7.9936e-34 -1.17718e-36 0)
(-9.37661e-34 8.29296e-35 0)
(1.13153e-33 5.17485e-35 0)
(2.65025e-33 -1.09051e-33 0)
(-5.11315e-34 -8.89129e-33 0)
(-2.76155e-33 -1.90253e-34 0)
(-7.1068e-34 6.38728e-34 0)
(9.39249e-34 1.2163e-34 0)
(7.27668e-34 4.68393e-36 0)
(4.28894e-34 4.66135e-35 0)
(3.41365e-34 9.96588e-36 0)
(2.5302e-34 -1.72722e-35 0)
(2.04799e-34 -5.54468e-36 0)
(2.36697e-34 1.91136e-36 0)
(2.82021e-34 1.4068e-36 0)
(3.12887e-34 2.87115e-37 0)
(3.36897e-34 1.95945e-37 0)
(3.60099e-34 5.2374e-37 0)
(3.84022e-34 3.37415e-37 0)
(4.17338e-34 -4.70403e-37 0)
(5.02417e-34 -1.9288e-36 0)
(7.09052e-34 -6.2062e-36 0)
(1.08247e-33 -2.19079e-35 0)
(1.11331e-33 -5.83343e-35 0)
(-8.47957e-34 -1.42417e-35 0)
(-9.79724e-34 1.22657e-33 0)
(5.44239e-34 4.11053e-33 0)
(1.69378e-33 1.51525e-33 0)
(1.64826e-33 -5.50736e-34 0)
(4.78145e-34 9.67518e-35 0)
(-7.70308e-34 -2.11915e-33 0)
(-1.86838e-33 2.829e-34 0)
(-1.28325e-33 -3.19782e-34 0)
(-9.508e-34 -2.83885e-34 0)
(-5.05905e-34 6.68837e-35 0)
(1.32733e-34 1.23128e-34 0)
(2.7273e-34 2.20866e-35 0)
(6.31818e-35 -2.63325e-35 0)
(-9.30985e-35 -1.41602e-35 0)
(-9.77498e-35 3.92613e-36 0)
(-4.59191e-35 6.04554e-36 0)
(-4.78415e-36 9.4476e-37 0)
(1.94105e-35 -5.72712e-37 0)
(4.22795e-35 5.54667e-37 0)
(6.38795e-35 1.2921e-36 0)
(7.8537e-35 9.35619e-37 0)
(8.50351e-35 3.24102e-37 0)
(8.62992e-35 3.62508e-38 0)
(8.50858e-35 3.28019e-38 0)
(8.32721e-35 -1.396e-38 0)
(8.18232e-35 -1.50166e-37 0)
(7.75569e-35 -1.31418e-37 0)
(5.99063e-35 6.95665e-38 0)
(2.25708e-35 3.95591e-38 0)
(-1.44524e-35 -5.88297e-37 0)
(-2.91773e-35 -9.11799e-37 0)
(-5.68339e-35 9.73759e-37 0)
(-1.31121e-34 2.62453e-36 0)
(-1.60567e-34 -4.66794e-36 0)
(-1.01511e-34 -1.53567e-35 0)
(-1.73417e-34 -1.89789e-35 0)
(-7.58813e-34 -4.3285e-35 0)
(-2.60954e-33 6.69381e-35 0)
(-1.969e-33 1.71854e-33 0)
(1.64305e-33 9.38701e-33 0)
(3.04904e-34 3.79813e-33 0)
(-2.54965e-34 7.56262e-33 0)
(1.4899e-33 1.29957e-32 0)
(2.43344e-33 4.68254e-33 0)
(7.89164e-34 -1.79419e-33 0)
(-2.75661e-33 -1.07546e-33 0)
(-1.75247e-33 2.58858e-34 0)
(3.1839e-34 4.13417e-34 0)
(8.76744e-34 7.61731e-35 0)
(3.47885e-34 -7.21522e-35 0)
(-1.51185e-34 -4.34569e-35 0)
(-3.24857e-34 -7.25047e-36 0)
(-3.5205e-34 3.40042e-36 0)
(-3.64395e-34 5.52302e-36 0)
(-4.64835e-34 7.92658e-36 0)
(-7.51717e-34 1.30328e-35 0)
(-1.06507e-33 1.76849e-35 0)
(-8.03474e-34 1.99474e-35 0)
(3.11366e-34 -3.86381e-36 0)
(7.24674e-34 -8.65289e-35 0)
(-1.52021e-33 3.79517e-35 0)
(2.43366e-34 3.15964e-33 0)
(5.49895e-33 7.93976e-33 0)
(1.99455e-33 -1.12076e-32 0)
(-4.48041e-33 -2.68959e-33 0)
(-3.97827e-33 -2.13041e-34 0)
(-8.85229e-34 3.16919e-34 0)
(6.77788e-34 2.92609e-34 0)
(7.90488e-34 1.12318e-34 0)
(9.33321e-35 1.99594e-34 0)
(7.66843e-34 1.86611e-33 0)
(4.33734e-34 -1.14251e-33 0)
(-2.65288e-34 1.12629e-33 0)
(-4.33187e-35 1.59376e-34 0)
(-1.26611e-33 4.36195e-35 0)
(-2.58577e-33 5.33374e-34 0)
(-2.65732e-33 2.75247e-33 0)
(3.335e-34 5.44545e-33 0)
(3.04708e-33 2.9808e-33 0)
(2.70499e-33 7.41363e-34 0)
(1.60885e-33 -7.34044e-35 0)
(7.60044e-34 -7.96424e-35 0)
(3.86861e-34 1.09898e-34 0)
(3.27442e-34 2.31228e-35 0)
(1.46683e-34 -6.72623e-35 0)
(-3.47581e-36 -2.84926e-35 0)
(1.89102e-35 1.46945e-35 0)
(9.27437e-35 1.30338e-35 0)
(1.20239e-34 4.42508e-37 0)
(1.06688e-34 -2.5657e-36 0)
(8.72397e-35 -1.57001e-36 0)
(9.58442e-35 -8.06941e-37 0)
(1.42698e-34 2.05277e-36 0)
(1.66263e-34 7.46269e-36 0)
(1.0834e-34 9.69115e-36 0)
(9.22832e-35 1.71624e-36 0)
(3.09694e-34 -8.10959e-36 0)
(6.85233e-34 -1.17414e-35 0)
(8.60623e-34 -5.3828e-35 0)
(9.46191e-34 -6.80983e-35 0)
(2.42285e-33 4.715e-34 0)
(1.15109e-33 -4.46894e-33 0)
(-1.66719e-33 3.71453e-34 0)
(-8.17722e-33 5.39283e-34 0)
(-1.21003e-32 7.76651e-33 0)
(-2.07355e-33 2.86046e-32 0)
(8.36494e-33 1.13994e-32 0)
(7.14603e-33 2.24947e-33 0)
(2.89449e-33 1.82019e-33 0)
(2.38377e-33 9.49133e-34 0)
(1.99794e-33 4.36908e-34 0)
(1.40315e-33 -1.1246e-34 0)
(5.90709e-34 -1.32565e-34 0)
(2.78651e-34 -3.06191e-35 0)
(3.20919e-34 -1.05474e-35 0)
(4.06165e-34 -3.20938e-36 0)
(3.78793e-34 1.06621e-35 0)
(1.82516e-34 9.38701e-36 0)
(3.43135e-35 4.19935e-36 0)
(3.43872e-34 2.01385e-35 0)
(1.12116e-33 3.73263e-35 0)
(1.98451e-33 -4.54589e-35 0)
(3.98042e-33 -2.24609e-34 0)
(5.93534e-33 1.72638e-34 0)
(-2.62849e-33 -1.62121e-32 0)
(-5.69787e-33 4.7464e-33 0)
(3.10353e-33 1.21387e-33 0)
(-3.76231e-34 -1.5213e-32 0)
(-5.28193e-33 -7.44986e-34 0)
(-1.04951e-33 1.68568e-33 0)
(2.01856e-33 4.06595e-34 0)
(1.9019e-33 -9.89414e-35 0)
(3.21451e-33 1.25597e-33 0)
(6.93847e-34 -6.19183e-33 0)
(-2.537e-33 -2.4336e-34 0)
(-1.27579e-33 -3.16499e-34 0)
(-8.79412e-34 -7.76305e-35 0)
(-4.38861e-34 6.31569e-35 0)
(-1.62485e-34 5.74883e-35 0)
(-1.44552e-34 4.20411e-35 0)
(1.47787e-33 -2.03873e-34 0)
(2.05876e-33 -2.77494e-33 0)
(-8.04676e-34 -6.72398e-33 0)
(-2.55405e-33 -1.60756e-33 0)
(-1.18785e-33 5.53669e-34 0)
(-5.13388e-35 5.48996e-34 0)
(-8.67374e-35 1.25823e-34 0)
(8.5864e-35 -7.97149e-35 0)
(1.01923e-33 -3.13173e-35 0)
(1.57437e-33 -1.34886e-34 0)
(2.94398e-34 -1.6677e-34 0)
(-2.87672e-34 2.17446e-33 0)
(-9.33596e-34 2.95284e-33 0)
(-2.49326e-33 6.82611e-34 0)
(-7.35042e-34 1.58824e-34 0)
(1.87416e-33 -6.47385e-34 0)
(1.00774e-33 -7.98469e-33 0)
(2.11271e-33 4.35352e-34 0)
(1.56391e-33 -5.10154e-33 0)
(-1.17842e-33 -5.01469e-34 0)
(-1.28523e-33 -1.19705e-33 0)
(-1.84957e-33 -7.79086e-34 0)
(-1.48496e-33 4.40589e-35 0)
(-6.41302e-34 1.99502e-34 0)
(-2.75079e-34 2.8227e-35 0)
(-4.06631e-34 -5.39571e-35 0)
(-7.5206e-34 -4.8575e-35 0)
(-1.2013e-33 -8.62836e-36 0)
(-1.37033e-33 7.6302e-35 0)
(-1.05093e-33 1.25373e-34 0)
(-9.73792e-34 1.42949e-34 0)
(6.53397e-34 1.81484e-34 0)
(4.61692e-33 -7.49782e-34 0)
(4.523e-33 -7.40134e-33 0)
(-1.76597e-33 -1.17516e-32 0)
(-6.79673e-33 -3.56089e-33 0)
(-5.75413e-33 9.23533e-34 0)
(-3.85332e-33 1.72664e-33 0)
(-2.93979e-33 2.91688e-33 0)
(7.11764e-34 6.0028e-33 0)
(3.81543e-33 2.26322e-33 0)
(3.36698e-33 1.53713e-33 0)
(1.97901e-33 9.2528e-34 0)
(6.07306e-34 -3.56688e-34 0)
(-8.751e-34 -5.27073e-34 0)
(-1.31744e-33 -1.06809e-34 0)
(-1.06528e-33 9.48307e-35 0)
(-8.85355e-34 9.04031e-35 0)
(-4.54033e-34 8.29941e-35 0)
(8.66788e-34 6.62669e-36 0)
(1.71619e-33 -3.02663e-34 0)
(-2.99982e-34 -5.94558e-34 0)
(-1.31724e-33 1.39635e-33 0)
(-2.53257e-34 5.24858e-33 0)
(3.14791e-34 1.46676e-33 0)
(-6.41809e-34 -1.54971e-33 0)
(-2.00102e-33 -7.0979e-34 0)
(-1.18909e-33 2.45663e-34 0)
(-1.53633e-34 2.73329e-34 0)
(4.41651e-35 6.68882e-35 0)
(-2.50451e-35 7.47579e-38 0)
(-6.39278e-35 1.24949e-35 0)
(2.6484e-34 9.90938e-35 0)
(-1.01686e-33 -1.59988e-33 0)
(-4.7713e-33 6.4469e-34 0)
(-5.33111e-33 4.46514e-33 0)
(3.90284e-34 1.32362e-32 0)
(5.17083e-33 4.16467e-33 0)
(3.46475e-33 -1.32233e-34 0)
(6.17103e-34 -1.21797e-34 0)
(4.90233e-35 3.49293e-36 0)
(5.7649e-36 7.75328e-36 0)
(-1.3488e-35 -5.08953e-36 0)
(-3.58896e-35 -5.61618e-36 0)
(-4.31564e-35 -1.82112e-36 0)
(-4.01578e-35 3.29053e-37 0)
(-3.55552e-35 3.44897e-37 0)
(-3.60027e-35 -2.64691e-37 0)
(-4.72493e-35 -7.94727e-37 0)
(-6.34964e-35 -9.85292e-37 0)
(-5.15709e-35 -1.57035e-37 0)
(9.90597e-36 9.59783e-37 0)
(3.83946e-35 5.75783e-37 0)
(-8.7688e-35 -2.82867e-37 0)
(-2.06489e-34 5.70657e-37 0)
(-5.58034e-35 -5.24459e-36 0)
(1.27615e-34 -3.7389e-36 0)
(3.84929e-35 -3.0499e-36 0)
(-1.22856e-34 1.09003e-34 0)
(4.32918e-34 9.85027e-34 0)
(2.20976e-34 -8.94104e-34 0)
(-3.12289e-34 4.31175e-34 0)
(5.2238e-35 -6.07978e-35 0)
(1.12534e-34 -7.04337e-34 0)
(-2.92551e-34 -1.01864e-33 0)
(-4.82566e-34 -3.77924e-34 0)
(-1.43709e-35 -7.28084e-35 0)
(-1.89432e-34 -4.52339e-35 0)
(-4.85853e-33 1.78123e-34 0)
(-7.49088e-33 4.2499e-33 0)
(-3.92016e-34 1.91989e-32 0)
(6.60458e-33 5.58487e-33 0)
(4.25257e-33 -6.33719e-34 0)
(-1.98185e-34 -1.81922e-34 0)
(-7.01738e-34 2.56744e-35 0)
(-7.95387e-34 -2.55311e-37 0)
(-9.32398e-34 1.15691e-34 0)
(1.06105e-33 1.45366e-34 0)
(2.2137e-33 -1.32539e-33 0)
(-4.69427e-34 -7.33023e-33 0)
(-2.29549e-33 -5.59395e-34 0)
(-6.82204e-34 7.68356e-34 0)
(9.0253e-34 1.74924e-34 0)
(7.22804e-34 1.15421e-35 0)
(4.29138e-34 5.7154e-35 0)
(3.37708e-34 1.32602e-35 0)
(2.5211e-34 -2.11377e-35 0)
(2.0589e-34 -7.09362e-36 0)
(2.37097e-34 2.32758e-36 0)
(2.81933e-34 1.85083e-36 0)
(3.12821e-34 5.51932e-37 0)
(3.36908e-34 4.3042e-37 0)
(3.60104e-34 7.13192e-37 0)
(3.83974e-34 4.41425e-37 0)
(4.17245e-34 -2.61668e-37 0)
(5.0215e-34 -1.11867e-36 0)
(7.07948e-34 -5.66728e-36 0)
(1.07914e-33 -2.76126e-35 0)
(1.11219e-33 -9.44434e-35 0)
(-7.82171e-34 -8.69584e-35 0)
(-7.99631e-34 1.36184e-33 0)
(5.56459e-34 3.36316e-33 0)
(1.48765e-33 1.54731e-33 0)
(1.57508e-33 -7.30053e-34 0)
(4.09276e-34 -1.38947e-34 0)
(-7.61516e-34 -2.09941e-33 0)
(-1.78635e-33 2.29158e-35 0)
(-1.30626e-33 -4.07501e-34 0)
(-9.29834e-34 -3.46661e-34 0)
(-4.84102e-34 8.50202e-35 0)
(1.30241e-34 1.54744e-34 0)
(2.64573e-34 2.83371e-35 0)
(6.12055e-35 -3.25148e-35 0)
(-9.14283e-35 -1.75168e-35 0)
(-9.66327e-35 4.99137e-36 0)
(-4.6085e-35 7.74768e-36 0)
(-5.15454e-36 1.41024e-36 0)
(1.93871e-35 -5.21585e-37 0)
(4.23822e-35 8.30014e-37 0)
(6.38984e-35 1.69524e-36 0)
(7.848e-35 1.2092e-36 0)
(8.49824e-35 4.24068e-37 0)
(8.62815e-35 4.47881e-38 0)
(8.50828e-35 2.58546e-38 0)
(8.32619e-35 -2.36197e-38 0)
(8.18137e-35 -1.87139e-37 0)
(7.75593e-35 -2.74037e-37 0)
(5.99065e-35 -3.13188e-37 0)
(2.2549e-35 -4.09374e-37 0)
(-1.4476e-35 -3.98818e-37 0)
(-2.91155e-35 -2.60606e-37 0)
(-5.67008e-35 2.42151e-37 0)
(-1.31395e-34 9.22731e-37 0)
(-1.61523e-34 -4.11117e-36 0)
(-1.02675e-34 -1.60299e-35 0)
(-1.75963e-34 -3.34004e-35 0)
(-7.54115e-34 -8.28488e-35 0)
(-2.49838e-33 4.85278e-35 0)
(-1.49521e-33 2.08861e-33 0)
(1.74258e-33 7.6633e-33 0)
(2.40387e-34 3.55645e-33 0)
(1.83314e-34 7.01404e-33 0)
(1.33194e-33 9.92443e-33 0)
(1.66288e-33 4.35634e-33 0)
(4.55347e-34 -2.14485e-33 0)
(-2.62491e-33 -1.29397e-33 0)
(-1.65639e-33 3.13097e-34 0)
(3.06478e-34 5.12031e-34 0)
(8.44768e-34 1.00525e-34 0)
(3.39857e-34 -8.82336e-35 0)
(-1.46878e-34 -5.58824e-35 0)
(-3.2166e-34 -1.01531e-35 0)
(-3.51146e-34 4.72075e-36 0)
(-3.64165e-34 7.82279e-36 0)
(-4.64488e-34 8.04591e-36 0)
(-7.5087e-34 1.1929e-35 0)
(-1.06366e-33 2.71454e-35 0)
(-8.04416e-34 5.30072e-35 0)
(3.01183e-34 1.70564e-35 0)
(7.22484e-34 -1.78582e-34 0)
(-1.31257e-33 -1.13872e-34 0)
(6.51824e-34 3.08926e-33 0)
(4.66088e-33 5.09042e-33 0)
(1.38711e-33 -9.01419e-33 0)
(-3.85656e-33 -3.48845e-33 0)
(-3.75297e-33 -2.92171e-34 0)
(-8.48267e-34 4.00707e-34 0)
(6.62194e-34 3.60835e-34 0)
(7.8339e-34 1.30439e-34 0)
(1.99964e-34 2.31104e-34 0)
(6.87691e-34 1.60596e-33 0)
(3.88025e-34 -8.19165e-34 0)
(-1.90075e-34 9.39673e-34 0)
(-1.09628e-34 1.64745e-34 0)
(-1.23556e-33 6.27826e-35 0)
(-2.39396e-33 7.01456e-34 0)
(-2.34083e-33 2.94681e-33 0)
(3.41645e-34 5.09245e-33 0)
(2.74085e-33 2.98153e-33 0)
(2.49326e-33 8.72865e-34 0)
(1.54666e-33 -2.64288e-35 0)
(7.7225e-34 -8.3153e-35 0)
(3.94457e-34 1.17549e-34 0)
(3.141e-34 2.52985e-35 0)
(1.42738e-34 -7.76252e-35 0)
(2.8915e-36 -3.43619e-35 0)
(2.21989e-35 1.66177e-35 0)
(9.16295e-35 1.58556e-35 0)
(1.18964e-34 7.90202e-37 0)
(1.06514e-34 -3.60842e-36 0)
(8.74485e-35 -2.15529e-36 0)
(9.62091e-35 3.68523e-37 0)
(1.43276e-34 4.24771e-36 0)
(1.66718e-34 7.65203e-36 0)
(1.08089e-34 8.74103e-36 0)
(9.13641e-35 7.09423e-36 0)
(3.08322e-34 2.44522e-36 0)
(6.79734e-34 -1.74988e-35 0)
(8.54489e-34 -1.00928e-34 0)
(9.75114e-34 -1.32451e-34 0)
(2.11436e-33 1.23679e-34 0)
(1.13663e-33 -3.75707e-33 0)
(-1.31579e-33 -1.85915e-34 0)
(-7.53787e-33 3.18853e-34 0)
(-1.01157e-32 8.44014e-33 0)
(-1.81191e-33 2.29594e-32 0)
(6.51107e-33 1.15474e-32 0)
(6.3623e-33 2.40419e-33 0)
(2.79101e-33 1.79586e-33 0)
(2.27732e-33 1.06122e-33 0)
(1.90586e-33 5.17602e-34 0)
(1.35191e-33 -1.13308e-34 0)
(5.9732e-34 -1.63091e-34 0)
(2.90009e-34 -4.50924e-35 0)
(3.23722e-34 -1.13257e-35 0)
(4.0781e-34 -2.57263e-36 0)
(3.79661e-34 7.01849e-36 0)
(1.82588e-34 5.88025e-36 0)
(3.67932e-35 1.7187e-35 0)
(3.47013e-34 5.50085e-35 0)
(1.112e-33 5.49055e-35 0)
(1.95554e-33 -1.02725e-34 0)
(3.93281e-33 -3.8297e-34 0)
(4.72461e-33 -1.28898e-33 0)
(-2.26586e-33 -1.25077e-32 0)
(-4.39333e-33 2.38853e-33 0)
(1.64431e-33 2.89639e-34 0)
(-5.34728e-34 -1.119e-32 0)
(-3.96456e-33 -1.32871e-33 0)
(-9.07498e-34 1.71712e-33 0)
(1.84983e-33 5.17818e-34 0)
(1.93503e-33 -1.66705e-34 0)
(2.71866e-33 4.66321e-34 0)
(5.74807e-34 -5.02964e-33 0)
(-2.05976e-33 -7.04439e-34 0)
(-1.23711e-33 -4.03126e-34 0)
(-8.39511e-34 -9.73311e-35 0)
(-4.24753e-34 7.44485e-35 0)
(-1.58262e-34 7.26468e-35 0)
(-1.64371e-34 8.86695e-35 0)
(1.15934e-33 -1.36953e-34 0)
(1.43313e-33 -2.51615e-33 0)
(-6.74453e-34 -4.74663e-33 0)
(-1.85138e-33 -1.39839e-33 0)
(-9.5182e-34 5.39231e-34 0)
(-9.86411e-35 5.11859e-34 0)
(-1.52975e-34 1.40454e-34 0)
(6.82898e-35 -1.94739e-35 0)
(1.00403e-33 -1.61162e-35 0)
(1.54731e-33 -2.52001e-34 0)
(5.20675e-34 -3.81096e-34 0)
(-2.3066e-35 1.5224e-33 0)
(-1.06515e-33 1.52246e-33 0)
(-2.68872e-33 5.87503e-34 0)
(-8.87453e-34 5.31803e-34 0)
(1.1888e-33 -6.81816e-34 0)
(1.09303e-33 -4.65013e-33 0)
(2.29755e-33 -1.03181e-34 0)
(1.47337e-33 -3.83995e-33 0)
(-8.5256e-34 -9.87684e-34 0)
(-1.29029e-33 -1.30001e-33 0)
(-1.71604e-33 -8.3215e-34 0)
(-1.37974e-33 1.3755e-35 0)
(-6.41454e-34 2.05659e-34 0)
(-3.02211e-34 3.28011e-35 0)
(-4.15331e-34 -6.39838e-35 0)
(-7.46917e-34 -6.00257e-35 0)
(-1.18633e-33 -5.13402e-36 0)
(-1.35435e-33 1.17185e-34 0)
(-1.04535e-33 1.8353e-34 0)
(-9.68114e-34 1.64549e-34 0)
(5.49057e-34 2.36921e-34 0)
(3.91055e-33 -1.02542e-33 0)
(3.59227e-33 -6.64062e-33 0)
(-1.43387e-33 -9.41986e-33 0)
(-5.69018e-33 -3.47196e-33 0)
(-5.22564e-33 1.09654e-33 0)
(-3.64968e-33 2.161e-33 0)
(-2.55961e-33 3.45528e-33 0)
(6.66634e-34 5.94274e-33 0)
(3.4086e-33 3.03807e-33 0)
(3.2065e-33 1.69707e-33 0)
(1.79331e-33 9.17205e-34 0)
(4.68664e-34 -3.95734e-34 0)
(-8.51523e-34 -5.86984e-34 0)
(-1.25717e-33 -1.36737e-34 0)
(-1.04521e-33 9.8506e-35 0)
(-8.84951e-34 1.10733e-34 0)
(-4.61229e-34 1.24571e-34 0)
(8.25258e-34 3.14767e-35 0)
(1.64918e-33 -4.28654e-34 0)
(-1.50465e-34 -8.7713e-34 0)
(-8.92623e-34 1.16412e-33 0)
(-2.56225e-34 3.11322e-33 0)
(-1.81688e-34 1.01556e-33 0)
(-8.19121e-34 -1.62461e-33 0)
(-1.8404e-33 -7.75752e-34 0)
(-1.09942e-33 2.57985e-34 0)
(-1.68895e-34 3.07547e-34 0)
(2.00934e-35 8.92302e-35 0)
(-3.07964e-35 1.98072e-35 0)
(-6.36304e-35 6.1478e-36 0)
(1.45757e-34 -3.4876e-35 0)
(-9.67175e-34 -1.25798e-33 0)
(-4.27243e-33 6.25568e-34 0)
(-4.40414e-33 4.68771e-33 0)
(3.66861e-34 1.07425e-32 0)
(4.19328e-33 4.31795e-33 0)
(3.10551e-33 -4.60809e-35 0)
(6.25495e-34 -1.34852e-34 0)
(6.01772e-35 -2.92286e-37 0)
(5.17219e-36 8.31525e-36 0)
(-1.46243e-35 -5.56544e-36 0)
(-3.56282e-35 -6.59678e-36 0)
(-4.26485e-35 -2.38889e-36 0)
(-3.99634e-35 3.0499e-37 0)
(-3.56079e-35 4.65378e-37 0)
(-3.61145e-35 -4.22982e-37 0)
(-4.73098e-35 -1.29454e-36 0)
(-6.33938e-35 -1.25881e-36 0)
(-5.13584e-35 7.78646e-37 0)
(9.85789e-36 2.30135e-36 0)
(3.80594e-35 -1.47239e-36 0)
(-8.75093e-35 -5.42565e-36 0)
(-2.06266e-34 4.05565e-36 0)
(-5.63782e-35 6.70113e-36 0)
(1.26548e-34 -7.92856e-36 0)
(4.71481e-35 -2.73654e-35 0)
(-5.43956e-35 1.09089e-34 0)
(3.68878e-34 8.36728e-34 0)
(1.80376e-34 -6.84555e-34 0)
(-2.61986e-34 2.83203e-34 0)
(-2.64383e-35 -1.06103e-34 0)
(4.94977e-35 -7.26818e-34 0)
(-2.66754e-34 -9.13263e-34 0)
(-4.19975e-34 -3.37015e-34 0)
(6.5187e-36 -8.06787e-35 0)
(-1.74404e-34 -9.30055e-35 0)
(-4.53827e-33 1.01123e-34 0)
(-6.30885e-33 4.79075e-33 0)
(-3.04476e-34 1.56169e-32 0)
(5.37842e-33 5.86106e-33 0)
(3.84485e-33 -6.31528e-34 0)
(-1.52374e-34 -2.38685e-34 0)
(-6.87611e-34 2.58143e-35 0)
(-7.88357e-34 4.78665e-36 0)
(-9.19584e-34 1.53036e-34 0)
(9.58664e-34 2.45228e-34 0)
(1.77385e-33 -1.48055e-33 0)
(-4.25522e-34 -5.74651e-33 0)
(-1.81796e-33 -8.29858e-34 0)
(-6.21958e-34 8.58558e-34 0)
(8.5053e-34 2.39347e-34 0)
(7.13698e-34 2.43638e-35 0)
(4.29085e-34 6.68456e-35 0)
(3.32321e-34 1.71191e-35 0)
(2.50658e-34 -2.42179e-35 0)
(2.07481e-34 -8.86031e-36 0)
(2.3772e-34 2.44e-36 0)
(2.81822e-34 2.20026e-36 0)
(3.12728e-34 7.98042e-37 0)
(3.36915e-34 6.24002e-37 0)
(3.601e-34 8.28168e-37 0)
(3.83915e-34 4.5519e-37 0)
(4.17171e-34 -1.59116e-37 0)
(5.01831e-34 -5.40451e-37 0)
(7.06152e-34 -5.80531e-36 0)
(1.07272e-33 -3.5467e-35 0)
(1.10654e-33 -1.35961e-34 0)
(-6.9255e-34 -1.7043e-34 0)
(-6.1836e-34 1.4319e-33 0)
(5.64123e-34 2.58288e-33 0)
(1.26818e-33 1.47521e-33 0)
(1.4705e-33 -9.10108e-34 0)
(3.35932e-34 -4.32402e-34 0)
(-7.524e-34 -2.08935e-33 0)
(-1.69142e-33 -2.9711e-34 0)
(-1.32097e-33 -4.97329e-34 0)
(-8.97684e-34 -3.99139e-34 0)
(-4.51857e-34 1.01017e-34 0)
(1.26522e-34 1.84629e-34 0)
(2.52297e-34 3.57796e-35 0)
(5.81638e-35 -3.73808e-35 0)
(-8.89615e-35 -2.06733e-35 0)
(-9.49532e-35 5.75638e-36 0)
(-4.63198e-35 9.26176e-36 0)
(-5.70945e-36 1.87556e-36 0)
(1.93456e-35 -4.69323e-37 0)
(4.25298e-35 1.07183e-36 0)
(6.39219e-35 2.06179e-36 0)
(7.83912e-35 1.46758e-36 0)
(8.49011e-35 5.26698e-37 0)
(8.62531e-35 6.29322e-38 0)
(8.50778e-35 2.74841e-38 0)
(8.32472e-35 -2.83666e-38 0)
(8.17933e-35 -2.24495e-37 0)
(7.75401e-35 -4.11276e-37 0)
(5.98887e-35 -6.58524e-37 0)
(2.25648e-35 -7.50159e-37 0)
(-1.44275e-35 1.04159e-38 0)
(-2.91071e-35 6.50307e-37 0)
(-5.6708e-35 -4.93186e-37 0)
(-1.31639e-34 -1.01073e-36 0)
(-1.62615e-34 -3.38491e-36 0)
(-1.05179e-34 -1.63479e-35 0)
(-1.81864e-34 -4.90191e-35 0)
(-7.48712e-34 -1.2469e-34 0)
(-2.33823e-33 2.55503e-35 0)
(-1.03268e-33 2.29326e-33 0)
(1.819e-33 5.87935e-33 0)
(2.32528e-34 3.03683e-33 0)
(5.30756e-34 6.07845e-33 0)
(1.15115e-33 6.83476e-33 0)
(9.12188e-34 3.58084e-33 0)
(6.94963e-35 -2.39552e-33 0)
(-2.43717e-33 -1.45712e-33 0)
(-1.51699e-33 3.47496e-34 0)
(2.90368e-34 5.97066e-34 0)
(7.97507e-34 1.30468e-34 0)
(3.27113e-34 -9.81758e-35 0)
(-1.40779e-34 -6.73769e-35 0)
(-3.16716e-34 -1.35112e-35 0)
(-3.49613e-34 6.1574e-36 0)
(-3.63956e-34 1.06966e-35 0)
(-4.64302e-34 8.94339e-36 0)
(-7.49048e-34 1.21943e-35 0)
(-1.05921e-33 3.95627e-35 0)
(-8.04807e-34 8.97943e-35 0)
(2.78427e-34 3.70669e-35 0)
(7.05265e-34 -2.81803e-34 0)
(-1.06466e-33 -2.95981e-34 0)
(9.52602e-34 2.75279e-33 0)
(3.80642e-33 2.4892e-33 0)
(8.03581e-34 -7.12798e-33 0)
(-3.25685e-33 -3.95709e-33 0)
(-3.41791e-33 -3.85167e-34 0)
(-7.90539e-34 4.67374e-34 0)
(6.38241e-34 4.20156e-34 0)
(7.71483e-34 1.50191e-34 0)
(3.06829e-34 2.50366e-34 0)
(6.13538e-34 1.30733e-33 0)
(3.37648e-34 -5.30607e-34 0)
(-1.2282e-34 7.23831e-34 0)
(-1.7187e-34 1.59711e-34 0)
(-1.18416e-33 1.02572e-34 0)
(-2.15035e-33 8.58022e-34 0)
(-1.99734e-33 2.98194e-33 0)
(3.356e-34 4.66955e-33 0)
(2.40598e-33 2.84454e-33 0)
(2.24436e-33 9.64256e-34 0)
(1.46063e-33 5.57338e-35 0)
(7.82008e-34 -6.98127e-35 0)
(4.03654e-34 1.14552e-34 0)
(2.96731e-34 2.53783e-35 0)
(1.37278e-34 -8.24251e-35 0)
(1.15415e-35 -3.90596e-35 0)
(2.69564e-35 1.66616e-35 0)
(9.01972e-35 1.78081e-35 0)
(1.17081e-34 1.36933e-36 0)
(1.06205e-34 -4.46291e-36 0)
(8.79059e-35 -2.71602e-36 0)
(9.69158e-35 1.63824e-36 0)
(1.43885e-34 6.48067e-36 0)
(1.66976e-34 7.63285e-36 0)
(1.08295e-34 7.64324e-36 0)
(9.13342e-35 1.29638e-35 0)
(3.0545e-34 1.32962e-35 0)
(6.67233e-34 -2.58698e-35 0)
(8.40559e-34 -1.53187e-34 0)
(9.81892e-34 -2.16689e-34 0)
(1.80691e-33 -2.23468e-34 0)
(1.09926e-33 -3.11138e-33 0)
(-9.71376e-34 -7.0558e-34 0)
(-6.66505e-33 7.35603e-35 0)
(-8.18626e-33 8.40878e-33 0)
(-1.54423e-33 1.76717e-32 0)
(4.78622e-33 1.09114e-32 0)
(5.42008e-33 2.58837e-33 0)
(2.65374e-33 1.77745e-33 0)
(2.15532e-33 1.10784e-33 0)
(1.78535e-33 5.69134e-34 0)
(1.27908e-33 -9.52657e-35 0)
(6.02989e-34 -1.84565e-34 0)
(3.06667e-34 -6.24011e-35 0)
(3.28899e-34 -1.3168e-35 0)
(4.09533e-34 -1.80058e-36 0)
(3.80322e-34 2.86453e-36 0)
(1.84605e-34 3.51916e-36 0)
(4.39474e-35 3.35261e-35 0)
(3.50993e-34 9.16381e-35 0)
(1.09013e-33 6.80533e-35 0)
(1.89887e-33 -1.71426e-34 0)
(3.73982e-33 -5.79653e-34 0)
(3.62778e-33 -2.41886e-33 0)
(-1.91075e-33 -9.30007e-33 0)
(-3.25555e-33 5.2048e-34 0)
(4.99035e-34 -4.77371e-34 0)
(-6.79397e-34 -7.6308e-33 0)
(-2.76996e-33 -1.50897e-33 0)
(-6.79192e-34 1.56718e-33 0)
(1.64195e-33 5.96298e-34 0)
(1.88359e-33 -2.24557e-34 0)
(2.24078e-33 -1.70591e-34 0)
(4.64534e-34 -3.98106e-33 0)
(-1.60686e-33 -1.01904e-33 0)
(-1.14719e-33 -4.76479e-34 0)
(-7.79955e-34 -1.18228e-34 0)
(-4.03315e-34 7.83625e-35 0)
(-1.53511e-34 8.65948e-35 0)
(-1.86512e-34 1.31014e-34 0)
(8.19207e-34 -6.04535e-35 0)
(9.11242e-34 -2.00576e-33 0)
(-5.27132e-34 -3.07697e-33 0)
(-1.24916e-33 -1.04035e-33 0)
(-7.13847e-34 4.73619e-34 0)
(-1.49641e-34 4.32505e-34 0)
(-2.16697e-34 1.47917e-34 0)
(4.72694e-35 4.97486e-35 0)
(9.60062e-34 -1.62144e-36 0)
(1.48241e-33 -3.62885e-34 0)
(7.15403e-34 -5.89065e-34 0)
(1.59128e-34 7.53463e-34 0)
(-1.1501e-33 4.00858e-34 0)
(-2.70967e-33 4.13544e-34 0)
(-1.03166e-33 8.61321e-34 0)
(6.83466e-34 -3.74298e-34 0)
(1.13239e-33 -2.11462e-33 0)
(2.2846e-33 -3.14236e-34 0)
(1.35343e-33 -2.85205e-33 0)
(-6.03034e-34 -1.32576e-33 0)
(-1.24507e-33 -1.31835e-33 0)
(-1.54865e-33 -8.23303e-34 0)
(-1.24792e-33 -3.04299e-35 0)
(-6.36268e-34 1.87341e-34 0)
(-3.35954e-34 3.42707e-35 0)
(-4.27664e-34 -6.89392e-35 0)
(-7.38788e-34 -6.55508e-35 0)
(-1.16139e-33 6.0725e-36 0)
(-1.328e-33 1.63767e-34 0)
(-1.04068e-33 2.48169e-34 0)
(-9.62282e-34 1.97676e-34 0)
(3.92768e-34 2.88655e-34 0)
(3.14084e-33 -1.14486e-33 0)
(2.7425e-33 -5.63765e-33 0)
(-1.09932e-33 -7.22829e-33 0)
(-4.57949e-33 -3.07511e-33 0)
(-4.55684e-33 1.22195e-33 0)
(-3.35176e-33 2.51495e-33 0)
(-2.15307e-33 3.95453e-33 0)
(6.29335e-34 5.73182e-33 0)
(2.93597e-33 3.61098e-33 0)
(2.92044e-33 1.76724e-33 0)
(1.54778e-33 8.14877e-34 0)
(2.99436e-34 -4.14668e-34 0)
(-8.22807e-34 -6.10281e-34 0)
(-1.17824e-33 -1.67275e-34 0)
(-1.01483e-33 9.17931e-35 0)
(-8.79691e-34 1.28961e-34 0)
(-4.69729e-34 1.65093e-34 0)
(7.55634e-34 5.10455e-35 0)
(1.53404e-33 -5.49423e-34 0)
(8.74857e-36 -1.12971e-33 0)
(-5.56241e-34 7.13099e-34 0)
(-2.82143e-34 1.30307e-33 0)
(-5.79679e-34 4.10388e-34 0)
(-9.82452e-34 -1.57884e-33 0)
(-1.64126e-33 -7.81831e-34 0)
(-9.82016e-34 2.44803e-34 0)
(-1.85181e-34 3.23479e-34 0)
(-1.00942e-35 1.12986e-34 0)
(-4.09063e-35 4.21578e-35 0)
(-7.52168e-35 2.72997e-36 0)
(3.45547e-35 -9.34908e-35 0)
(-8.95655e-34 -9.2338e-34 0)
(-3.68476e-33 6.41089e-34 0)
(-3.50999e-33 4.61252e-33 0)
(3.2812e-34 8.39093e-33 0)
(3.24645e-33 4.15607e-33 0)
(2.66312e-33 8.9661e-35 0)
(6.24079e-34 -1.31316e-34 0)
(7.45904e-35 -5.48263e-36 0)
(4.88421e-36 7.99103e-36 0)
(-1.61266e-35 -5.60045e-36 0)
(-3.53391e-35 -7.24863e-36 0)
(-4.1947e-35 -2.97188e-36 0)
(-3.96559e-35 1.75468e-37 0)
(-3.56809e-35 5.5544e-37 0)
(-3.63098e-35 -5.58546e-37 0)
(-4.73931e-35 -1.73666e-36 0)
(-6.31329e-35 -1.4506e-36 0)
(-5.09567e-35 1.66258e-36 0)
(9.50257e-36 3.31464e-36 0)
(3.70479e-35 -3.94554e-36 0)
(-8.67221e-35 -1.04824e-35 0)
(-2.04325e-34 8.57112e-36 0)
(-5.78374e-35 2.07485e-35 0)
(1.21714e-34 -1.20836e-35 0)
(5.74403e-35 -5.37465e-35 0)
(1.5468e-35 9.02951e-35 0)
(3.07654e-34 6.18882e-34 0)
(1.3132e-34 -5.20097e-34 0)
(-2.21514e-34 9.34623e-35 0)
(-1.06276e-34 -1.59769e-34 0)
(-1.36562e-35 -6.7485e-34 0)
(-2.31325e-34 -7.88922e-34 0)
(-3.53391e-34 -2.74246e-34 0)
(2.276e-35 -8.76271e-35 0)
(-1.61984e-34 -1.50811e-34 0)
(-4.10578e-33 2.6698e-35 0)
(-5.14732e-33 5.00957e-33 0)
(-2.23545e-34 1.21686e-32 0)
(4.17167e-33 5.75881e-33 0)
(3.32993e-33 -5.37415e-34 0)
(-1.00017e-34 -2.92005e-34 0)
(-6.64828e-34 1.97807e-35 0)
(-7.76263e-34 1.5629e-35 0)
(-8.9619e-34 1.94048e-34 0)
(8.2087e-34 3.42736e-34 0)
(1.35089e-33 -1.52407e-33 0)
(-3.79068e-34 -4.22692e-33 0)
(-1.35111e-33 -9.63306e-34 0)
(-5.25545e-34 8.90392e-34 0)
(7.82713e-34 3.11322e-34 0)
(6.97717e-34 4.56951e-35 0)
(4.28056e-34 7.48141e-35 0)
(3.24797e-34 2.1391e-35 0)
(2.48406e-34 -2.57459e-35 0)
(2.09624e-34 -1.07575e-35 0)
(2.3865e-34 2.02261e-36 0)
(2.81709e-34 2.32246e-36 0)
(3.12604e-34 9.63503e-37 0)
(3.36911e-34 7.06451e-37 0)
(3.6008e-34 7.81527e-37 0)
(3.8384e-34 2.9256e-37 0)
(4.17114e-34 -2.79599e-37 0)
(5.01393e-34 -5.17525e-37 0)
(7.03245e-34 -7.26599e-36 0)
(1.06164e-33 -4.63096e-35 0)
(1.09386e-33 -1.81552e-34 0)
(-5.76856e-34 -2.59602e-34 0)
(-4.45401e-34 1.41329e-33 0)
(5.61721e-34 1.81218e-33 0)
(1.04169e-33 1.28065e-33 0)
(1.32828e-33 -1.07482e-33 0)
(2.58645e-34 -7.70855e-34 0)
(-7.43097e-34 -2.08437e-33 0)
(-1.58127e-33 -6.51938e-34 0)
(-1.31742e-33 -5.82298e-34 0)
(-8.50622e-34 -4.3102e-34 0)
(-4.06888e-34 1.12153e-34 0)
(1.21484e-34 2.08422e-34 0)
(2.34845e-34 4.42794e-35 0)
(5.36119e-35 -3.95002e-35 0)
(-8.55958e-35 -2.30927e-35 0)
(-9.25662e-35 5.95224e-36 0)
(-4.66166e-35 1.02619e-35 0)
(-6.49041e-36 2.25065e-36 0)
(1.92765e-35 -4.4551e-37 0)
(4.27331e-35 1.21533e-36 0)
(6.3953e-35 2.31638e-36 0)
(7.82642e-35 1.66609e-36 0)
(8.47842e-35 6.20013e-37 0)
(8.62107e-35 9.54647e-38 0)
(8.50697e-35 4.54895e-38 0)
(8.32257e-35 -2.25223e-38 0)
(8.1758e-35 -2.58252e-37 0)
(7.74949e-35 -5.17797e-37 0)
(5.98567e-35 -8.74228e-37 0)
(2.2653e-35 -8.246e-37 0)
(-1.42616e-35 7.76479e-37 0)
(-2.91997e-35 1.91361e-36 0)
(-5.69693e-35 -1.12487e-36 0)
(-1.31813e-34 -3.10151e-36 0)
(-1.63798e-34 -2.48655e-36 0)
(-1.09651e-34 -1.59436e-35 0)
(-1.92625e-34 -6.42962e-35 0)
(-7.42807e-34 -1.64124e-34 0)
(-2.12839e-33 2.32783e-38 0)
(-6.13265e-34 2.29207e-33 0)
(1.84829e-33 4.12497e-33 0)
(2.78752e-34 2.25532e-33 0)
(7.5323e-34 4.77061e-33 0)
(9.41473e-34 3.93564e-33 0)
(2.36028e-34 2.42735e-33 0)
(-3.29697e-34 -2.50449e-33 0)
(-2.18776e-33 -1.5264e-33 0)
(-1.32787e-33 3.53239e-34 0)
(2.71489e-34 6.53325e-34 0)
(7.32199e-34 1.64924e-34 0)
(3.07567e-34 -9.75366e-35 0)
(-1.33069e-34 -7.57224e-35 0)
(-3.09542e-34 -1.70103e-35 0)
(-3.47114e-34 7.67756e-36 0)
(-3.63708e-34 1.42713e-35 0)
(-4.64255e-34 1.12237e-35 0)
(-7.45635e-34 1.50026e-35 0)
(-1.0503e-33 5.56843e-35 0)
(-8.04841e-34 1.28546e-34 0)
(2.36744e-34 5.38358e-35 0)
(6.63939e-34 -3.88067e-34 0)
(-7.94317e-34 -4.94432e-34 0)
(1.11032e-33 2.15918e-33 0)
(2.96514e-33 3.35068e-34 0)
(2.89792e-34 -5.60488e-33 0)
(-2.69275e-33 -4.03985e-33 0)
(-2.97288e-33 -4.75998e-34 0)
(-7.04921e-34 5.03406e-34 0)
(6.05405e-34 4.61825e-34 0)
(7.52856e-34 1.71127e-34 0)
(4.05088e-34 2.55219e-34 0)
(5.47756e-34 9.90884e-34 0)
(2.84426e-34 -2.95337e-34 0)
(-6.76126e-35 5.10331e-34 0)
(-2.2068e-34 1.48337e-34 0)
(-1.10499e-33 1.65005e-34 0)
(-1.8609e-33 9.85255e-34 0)
(-1.6372e-33 2.85339e-33 0)
(3.12787e-34 4.16625e-33 0)
(2.04889e-33 2.60482e-33 0)
(1.96927e-33 1.00842e-33 0)
(1.35003e-33 1.6706e-34 0)
(7.82569e-34 -3.43673e-35 0)
(4.12359e-34 1.01269e-34 0)
(2.76135e-34 2.23473e-35 0)
(1.30283e-34 -8.01039e-35 0)
(2.22309e-35 -4.14832e-35 0)
(3.33749e-35 1.44036e-35 0)
(8.86242e-35 1.8273e-35 0)
(1.14535e-34 2.06971e-36 0)
(1.05692e-34 -4.97388e-36 0)
(8.86922e-35 -3.14226e-36 0)
(9.80883e-35 2.91476e-36 0)
(1.44472e-34 8.50915e-36 0)
(1.66918e-34 7.31259e-36 0)
(1.09247e-34 6.47346e-36 0)
(9.26494e-35 1.88914e-35 0)
(3.00114e-34 2.34073e-35 0)
(6.44436e-34 -3.64342e-35 0)
(8.13811e-34 -2.04975e-34 0)
(9.57321e-34 -3.12172e-34 0)
(1.51021e-33 -5.28298e-34 0)
(1.03573e-33 -2.5498e-33 0)
(-6.47673e-34 -1.11402e-33 0)
(-5.58134e-33 -1.61003e-34 0)
(-6.38113e-33 7.67141e-33 0)
(-1.28616e-33 1.30105e-32 0)
(3.28886e-33 9.59382e-33 0)
(4.38134e-33 2.7363e-33 0)
(2.46383e-33 1.75786e-33 0)
(2.01108e-33 1.09185e-33 0)
(1.63887e-33 5.78758e-34 0)
(1.18349e-33 -6.14236e-35 0)
(6.04282e-34 -1.91165e-34 0)
(3.28762e-34 -8.00612e-35 0)
(3.37658e-34 -1.69078e-35 0)
(4.11438e-34 -1.3981e-36 0)
(3.8085e-34 -1.06917e-36 0)
(1.89929e-34 3.49786e-36 0)
(5.7659e-35 5.30399e-35 0)
(3.54902e-34 1.27332e-34 0)
(1.04904e-33 7.58407e-35 0)
(1.80055e-33 -2.41169e-34 0)
(3.39057e-33 -7.79377e-34 0)
(2.68947e-33 -3.09707e-33 0)
(-1.5623e-33 -6.69812e-33 0)
(-2.32762e-33 -7.29727e-34 0)
(-2.64755e-34 -9.90894e-34 0)
(-7.68099e-34 -4.7428e-33 0)
(-1.76925e-33 -1.32341e-33 0)
(-3.94027e-34 1.28599e-33 0)
(1.41114e-33 6.11743e-34 0)
(1.7381e-33 -2.61904e-34 0)
(1.79506e-33 -6.09928e-34 0)
(3.70984e-34 -3.07244e-33 0)
(-1.19402e-33 -1.17045e-33 0)
(-1.00686e-33 -5.22902e-34 0)
(-6.97887e-34 -1.38015e-34 0)
(-3.72142e-34 7.31432e-35 0)
(-1.4691e-34 9.72807e-35 0)
(-2.04664e-34 1.51765e-34 0)
(4.98646e-34 8.66799e-36 0)
(5.12427e-34 -1.3929e-33 0)
(-3.79971e-34 -1.79224e-33 0)
(-7.77947e-34 -6.6007e-34 0)
(-5.05225e-34 3.70774e-34 0)
(-1.96689e-34 3.32764e-34 0)
(-2.67069e-34 1.50291e-34 0)
(2.31026e-35 1.15149e-34 0)
(8.77187e-34 1.12299e-35 0)
(1.36778e-33 -4.44447e-34 0)
(8.41903e-34 -7.53735e-34 0)
(2.60526e-34 2.46901e-35 0)
(-1.1566e-33 -3.51543e-34 0)
(-2.53501e-33 2.55102e-34 0)
(-1.10682e-33 1.08755e-33 0)
(3.51172e-34 1.11634e-34 0)
(1.1002e-33 -4.40216e-34 0)
(2.06998e-33 -2.99284e-34 0)
(1.17823e-33 -2.09446e-33 0)
(-4.26983e-34 -1.46618e-33 0)
(-1.14405e-33 -1.24902e-33 0)
(-1.35438e-33 -7.54847e-34 0)
(-1.09702e-33 -7.88646e-35 0)
(-6.22442e-34 1.43882e-34 0)
(-3.72936e-34 2.91482e-35 0)
(-4.42977e-34 -6.7739e-35 0)
(-7.26114e-34 -6.21303e-35 0)
(-1.12301e-33 2.72709e-35 0)
(-1.28777e-33 2.154e-34 0)
(-1.03621e-33 3.18534e-34 0)
(-9.57551e-34 2.49672e-34 0)
(1.89822e-34 3.44501e-34 0)
(2.34943e-33 -1.08029e-33 0)
(2.00815e-33 -4.4537e-33 0)
(-7.70293e-34 -5.25518e-33 0)
(-3.50225e-33 -2.4443e-33 0)
(-3.76909e-33 1.29114e-33 0)
(-2.93624e-33 2.71747e-33 0)
(-1.73748e-33 4.25102e-33 0)
(5.80758e-34 5.31991e-33 0)
(2.39994e-33 3.82407e-33 0)
(2.48777e-33 1.72756e-33 0)
(1.24147e-33 6.36448e-34 0)
(1.1144e-34 -4.16779e-34 0)
(-7.90299e-34 -5.93037e-34 0)
(-1.08241e-33 -1.93148e-34 0)
(-9.7111e-34 7.47928e-35 0)
(-8.66238e-34 1.4309e-34 0)
(-4.80235e-34 2.004e-34 0)
(6.4942e-34 6.33828e-35 0)
(1.35969e-33 -6.44976e-34 0)
(1.47319e-34 -1.31215e-33 0)
(-3.24913e-34 1.35309e-34 0)
(-3.29011e-34 -5.46626e-35 0)
(-8.44703e-34 -2.15082e-34 0)
(-1.09428e-33 -1.42839e-33 0)
(-1.41329e-33 -7.19336e-34 0)
(-8.40545e-34 2.08873e-34 0)
(-1.98798e-34 3.14905e-34 0)
(-4.49078e-35 1.33857e-34 0)
(-5.6508e-35 6.39252e-35 0)
(-9.52198e-35 4.23021e-36 0)
(-6.10754e-35 -9.06075e-35 0)
(-8.01393e-34 -6.12606e-34 0)
(-3.03132e-33 6.5971e-34 0)
(-2.69084e-33 4.22981e-33 0)
(2.68434e-34 6.29302e-33 0)
(2.37673e-33 3.70633e-33 0)
(2.15961e-33 2.51977e-34 0)
(6.02521e-34 -1.04342e-34 0)
(9.05445e-35 -1.00128e-35 0)
(5.22714e-36 6.62324e-36 0)
(-1.79254e-35 -5.2376e-36 0)
(-3.50739e-35 -7.40843e-36 0)
(-4.10545e-35 -3.4541e-36 0)
(-3.92031e-35 -7.93823e-38 0)
(-3.57619e-35 5.63899e-37 0)
(-3.66029e-35 -6.35997e-37 0)
(-4.7498e-35 -2.00355e-36 0)
(-6.26725e-35 -1.49398e-36 0)
(-5.0358e-35 2.30496e-36 0)
(8.66644e-36 3.62527e-36 0)
(3.51627e-35 -6.81506e-36 0)
(-8.48813e-35 -1.47591e-35 0)
(-1.99699e-34 1.42662e-35 0)
(-6.06285e-35 3.66572e-35 0)
(1.11117e-34 -1.49406e-35 0)
(6.7297e-35 -7.86487e-35 0)
(7.71762e-35 5.10515e-35 0)
(2.50416e-34 3.60293e-34 0)
(7.63582e-35 -4.1084e-34 0)
(-1.92823e-34 -9.14437e-35 0)
(-1.73363e-34 -2.10925e-34 0)
(-7.09706e-35 -5.59103e-34 0)
(-1.89874e-34 -6.47024e-34 0)
(-2.86428e-34 -2.11646e-34 0)
(2.89506e-35 -9.73516e-35 0)
(-1.53404e-34 -2.13205e-34 0)
(-3.5631e-33 -3.62302e-35 0)
(-4.0557e-33 4.85009e-33 0)
(-1.61055e-34 9.04268e-33 0)
(3.04446e-33 5.26044e-33 0)
(2.72258e-33 -3.57111e-34 0)
(-5.11102e-35 -3.27477e-34 0)
(-6.30427e-34 7.78221e-36 0)
(-7.56148e-34 3.32324e-35 0)
(-8.59431e-34 2.36767e-34 0)
(6.49051e-34 4.26577e-34 0)
(9.65773e-34 -1.43414e-33 0)
(-3.28667e-34 -2.86601e-33 0)
(-9.20706e-34 -9.38946e-34 0)
(-3.94125e-34 8.55339e-34 0)
(7.01958e-34 3.81769e-34 0)
(6.71539e-34 7.70635e-35 0)
(4.24692e-34 8.08376e-35 0)
(3.14823e-34 2.57455e-35 0)
(2.4503e-34 -2.50386e-35 0)
(2.12243e-34 -1.26051e-35 0)
(2.39974e-34 8.42424e-37 0)
(2.8165e-34 2.03249e-36 0)
(3.12454e-34 9.44097e-37 0)
(3.36882e-34 5.6672e-37 0)
(3.60029e-34 4.44752e-37 0)
(3.83738e-34 -1.66858e-37 0)
(4.17036e-34 -7.90199e-37 0)
(5.00667e-34 -1.54144e-36 0)
(6.98565e-34 -1.0975e-35 0)
(1.04399e-33 -6.10555e-35 0)
(1.07131e-33 -2.28103e-34 0)
(-4.36367e-34 -3.45207e-34 0)
(-2.91066e-34 1.29144e-33 0)
(5.4175e-34 1.1038e-33 0)
(8.15647e-34 9.6586e-34 0)
(1.14481e-33 -1.20702e-33 0)
(1.77275e-34 -1.12216e-33 0)
(-7.32476e-34 -2.07385e-33 0)
(-1.45302e-33 -9.95488e-34 0)
(-1.28265e-33 -6.53872e-34 0)
(-7.84836e-34 -4.33805e-34 0)
(-3.48109e-34 1.15818e-34 0)
(1.15365e-34 2.21207e-34 0)
(2.11572e-34 5.3286e-35 0)
(4.70267e-35 -3.73669e-35 0)
(-8.14354e-35 -2.40827e-35 0)
(-8.93957e-35 5.33031e-36 0)
(-4.69398e-35 1.03404e-35 0)
(-7.51176e-36 2.36951e-36 0)
(1.91707e-35 -5.23624e-37 0)
(4.3e-35 1.16385e-36 0)
(6.39987e-35 2.35689e-36 0)
(7.80993e-35 1.74243e-36 0)
(8.46295e-35 6.84172e-37 0)
(8.61532e-35 1.46687e-37 0)
(8.5057e-35 9.11443e-38 0)
(8.31934e-35 2.57275e-39 0)
(8.17053e-35 -2.84014e-37 0)
(7.74303e-35 -5.5518e-37 0)
(5.98361e-35 -8.12885e-37 0)
(2.28708e-35 -3.89257e-37 0)
(-1.3923e-35 2.07778e-36 0)
(-2.94668e-35 3.62434e-36 0)
(-5.7652e-35 -1.48204e-36 0)
(-1.31872e-34 -5.19209e-36 0)
(-1.64949e-34 -1.45502e-36 0)
(-1.16742e-34 -1.42491e-35 0)
(-2.09716e-34 -7.63532e-35 0)
(-7.3671e-34 -1.93697e-34 0)
(-1.8779e-33 -2.41683e-35 0)
(-2.72801e-34 2.07495e-33 0)
(1.80257e-33 2.50934e-33 0)
(3.59761e-34 1.29064e-33 0)
(8.3212e-34 3.1945e-33 0)
(7.02198e-34 1.44953e-33 0)
(-3.06589e-34 1.0778e-33 0)
(-6.82349e-34 -2.45622e-33 0)
(-1.87868e-33 -1.47562e-33 0)
(-1.08958e-33 3.28042e-34 0)
(2.53296e-34 6.66975e-34 0)
(6.48442e-34 2.00256e-34 0)
(2.78867e-34 -8.26116e-35 0)
(-1.24737e-34 -7.79633e-35 0)
(-2.9986e-34 -1.98382e-35 0)
(-3.43213e-34 9.3226e-36 0)
(-3.63223e-34 1.86857e-35 0)
(-4.64144e-34 1.57018e-35 0)
(-7.39729e-34 2.18868e-35 0)
(-1.03536e-33 7.61478e-35 0)
(-8.05311e-34 1.66478e-34 0)
(1.6881e-34 6.52138e-35 0)
(5.88037e-34 -4.83555e-34 0)
(-5.32438e-34 -6.85324e-34 0)
(1.10759e-33 1.38254e-33 0)
(2.17196e-33 -1.21391e-33 0)
(-1.07578e-34 -4.4318e-33 0)
(-2.16694e-33 -3.75097e-33 0)
(-2.43693e-33 -5.41897e-34 0)
(-5.85746e-34 4.98638e-34 0)
(5.65464e-34 4.78194e-34 0)
(7.25892e-34 1.92246e-34 0)
(4.8448e-34 2.46407e-34 0)
(4.92475e-34 6.88763e-34 0)
(2.32851e-34 -1.22844e-34 0)
(-2.64161e-35 3.35519e-34 0)
(-2.46339e-34 1.40236e-34 0)
(-9.92464e-34 2.45941e-34 0)
(-1.54017e-33 1.06655e-33 0)
(-1.27646e-33 2.58828e-33 0)
(2.75796e-34 3.59055e-33 0)
(1.68156e-33 2.31142e-33 0)
(1.68228e-33 1.00974e-33 0)
(1.21738e-33 2.89031e-34 0)
(7.65033e-34 2.30063e-35 0)
(4.16294e-34 8.29369e-35 0)
(2.53914e-34 1.62101e-35 0)
(1.22167e-34 -7.0866e-35 0)
(3.41229e-35 -4.06916e-35 0)
(4.13516e-35 1.00675e-35 0)
(8.72449e-35 1.67619e-35 0)
(1.1142e-34 2.59506e-36 0)
(1.0492e-34 -5.04547e-36 0)
(8.98719e-35 -3.28927e-36 0)
(9.98288e-35 4.08086e-36 0)
(1.44953e-34 1.00089e-35 0)
(1.66428e-34 6.57029e-36 0)
(1.11298e-34 5.28463e-36 0)
(9.57492e-35 2.42251e-35 0)
(2.9112e-34 3.16334e-35 0)
(6.08039e-34 -4.74734e-35 0)
(7.6865e-34 -2.4743e-34 0)
(8.95398e-34 -4.01083e-34 0)
(1.23344e-33 -7.44673e-34 0)
(9.47946e-34 -2.07105e-33 0)
(-3.55445e-34 -1.34957e-33 0)
(-4.35547e-33 -3.48053e-34 0)
(-4.75503e-33 6.36897e-33 0)
(-1.04566e-33 9.15604e-33 0)
(2.09502e-33 7.82964e-33 0)
(3.33825e-33 2.76675e-33 0)
(2.20713e-33 1.71604e-33 0)
(1.83507e-33 1.02767e-33 0)
(1.47137e-33 5.43411e-34 0)
(1.06822e-33 -2.14669e-35 0)
(5.97204e-34 -1.79597e-34 0)
(3.54887e-34 -9.37316e-35 0)
(3.51051e-34 -2.28627e-35 0)
(4.13981e-34 -2.08387e-36 0)
(3.81726e-34 -3.74625e-36 0)
(2.00327e-34 7.09614e-36 0)
(7.97148e-35 7.49421e-35 0)
(3.5719e-34 1.5915e-34 0)
(9.824e-34 7.96991e-35 0)
(1.64844e-33 -2.94596e-34 0)
(2.9028e-33 -9.29196e-34 0)
(1.9347e-33 -3.26847e-33 0)
(-1.21581e-33 -4.70797e-33 0)
(-1.61547e-33 -1.34177e-33 0)
(-6.4195e-34 -1.19315e-33 0)
(-7.62287e-34 -2.62732e-33 0)
(-1.00663e-33 -9.00931e-34 0)
(-1.04153e-34 9.59879e-34 0)
(1.1775e-33 5.48878e-34 0)
(1.50704e-33 -2.7594e-34 0)
(1.39233e-33 -8.3342e-34 0)
(2.99616e-34 -2.31102e-33 0)
(-8.32983e-34 -1.16715e-33 0)
(-8.25573e-34 -5.32358e-34 0)
(-5.93482e-34 -1.52893e-34 0)
(-3.29106e-34 5.95077e-35 0)
(-1.35943e-34 1.02445e-34 0)
(-2.0886e-34 1.35557e-34 0)
(2.35532e-34 4.9813e-35 0)
(2.37772e-34 -8.30598e-34 0)
(-2.53318e-34 -9.15065e-34 0)
(-4.49139e-34 -3.51786e-34 0)
(-3.45911e-34 2.54999e-34 0)
(-2.30297e-34 2.37011e-34 0)
(-2.9524e-34 1.51068e-34 0)
(-4.30145e-36 1.63927e-34 0)
(7.50485e-34 2.1156e-35 0)
(1.19718e-33 -4.77004e-34 0)
(8.75142e-34 -8.39705e-34 0)
(2.9904e-34 -5.14889e-34 0)
(-1.05723e-33 -7.34657e-34 0)
(-2.17615e-33 1.66561e-34 0)
(-1.0694e-33 1.1747e-33 0)
(1.56547e-34 5.74276e-34 0)
(9.77726e-34 4.61439e-34 0)
(1.68971e-33 -1.75057e-34 0)
(9.37829e-34 -1.50198e-33 0)
(-3.16301e-34 -1.39725e-33 0)
(-9.94988e-34 -1.10155e-33 0)
(-1.14581e-33 -6.44379e-34 0)
(-9.40101e-34 -1.20328e-34 0)
(-5.98214e-34 8.19587e-35 0)
(-4.07185e-34 1.47079e-35 0)
(-4.5845e-34 -6.08993e-35 0)
(-7.06358e-34 -4.73953e-35 0)
(-1.06737e-33 6.008e-35 0)
(-1.22969e-33 2.71187e-34 0)
(-1.02897e-33 3.93541e-34 0)
(-9.54042e-34 3.25466e-34 0)
(-4.23321e-35 4.12566e-34 0)
(1.59043e-33 -8.38889e-34 0)
(1.40785e-33 -3.20141e-33 0)
(-4.59534e-34 -3.56338e-33 0)
(-2.49844e-33 -1.70602e-33 0)
(-2.90841e-33 1.29244e-33 0)
(-2.40489e-33 2.70911e-33 0)
(-1.33636e-33 4.20045e-33 0)
(4.93979e-34 4.68461e-33 0)
(1.81399e-33 3.60654e-33 0)
(1.91928e-33 1.56695e-33 0)
(8.82203e-34 4.24194e-34 0)
(-7.79073e-35 -4.06502e-34 0)
(-7.54825e-34 -5.41049e-34 0)
(-9.74473e-34 -2.08208e-34 0)
(-9.11669e-34 5.14506e-35 0)
(-8.40762e-34 1.51952e-34 0)
(-4.93668e-34 2.26315e-34 0)
(5.00706e-34 6.87769e-35 0)
(1.12111e-33 -6.93103e-34 0)
(2.30696e-34 -1.38958e-33 0)
(-1.98262e-34 -4.29501e-34 0)
(-3.85001e-34 -9.0331e-34 0)
(-9.60912e-34 -7.13301e-34 0)
(-1.12011e-33 -1.20992e-33 0)
(-1.17118e-33 -5.98066e-34 0)
(-6.85404e-34 1.60166e-34 0)
(-2.05515e-34 2.80055e-34 0)
(-8.10678e-35 1.45442e-34 0)
(-7.78631e-35 8.03377e-35 0)
(-1.18663e-34 9.86421e-36 0)
(-1.34005e-34 -5.35431e-35 0)
(-6.87742e-34 -3.46752e-34 0)
(-2.35362e-33 6.49495e-34 0)
(-1.98064e-33 3.58732e-33 0)
(1.86794e-34 4.52945e-33 0)
(1.62531e-33 3.05408e-33 0)
(1.6332e-33 4.01667e-34 0)
(5.50481e-34 -5.20509e-35 0)
(1.0393e-34 -1.0137e-35 0)
(6.23797e-36 4.69069e-36 0)
(-1.98439e-35 -4.60554e-36 0)
(-3.48833e-35 -7.00436e-36 0)
(-4.00201e-35 -3.69746e-36 0)
(-3.85953e-35 -4.3318e-37 0)
(-3.58212e-35 4.43308e-37 0)
(-3.69776e-35 -6.14012e-37 0)
(-4.76148e-35 -1.92895e-36 0)
(-6.202e-35 -1.29747e-36 0)
(-4.9649e-35 2.42063e-36 0)
(7.14486e-36 2.71319e-36 0)
(3.23489e-35 -1.0012e-35 0)
(-8.13186e-35 -1.73198e-35 0)
(-1.91182e-34 2.12785e-35 0)
(-6.51687e-35 5.40483e-35 0)
(9.26373e-35 -1.46058e-35 0)
(7.29821e-35 -9.73268e-35 0)
(1.19896e-34 -3.5451e-36 0)
(1.97256e-34 1.06889e-34 0)
(2.22509e-35 -3.51965e-34 0)
(-1.74561e-34 -2.24866e-34 0)
(-2.14611e-34 -2.44091e-34 0)
(-1.15618e-34 -4.0962e-34 0)
(-1.50086e-34 -4.96883e-34 0)
(-2.25157e-34 -1.70254e-34 0)
(2.10815e-35 -1.15599e-34 0)
(-1.4837e-34 -2.71014e-34 0)
(-2.93291e-33 -8.12222e-35 0)
(-3.0776e-33 4.31693e-33 0)
(-1.28349e-34 6.39471e-33 0)
(2.05451e-33 4.42729e-33 0)
(2.05978e-33 -1.2801e-34 0)
(-2.01204e-35 -3.27883e-34 0)
(-5.82701e-34 -5.8087e-36 0)
(-7.24265e-34 5.72357e-35 0)
(-8.07676e-34 2.77765e-34 0)
(4.51945e-34 4.85356e-34 0)
(6.35974e-34 -1.21106e-33 0)
(-2.72586e-34 -1.74546e-33 0)
(-5.51546e-34 -7.67784e-34 0)
(-2.37125e-34 7.61858e-34 0)
(6.15207e-34 4.36374e-34 0)
(6.32006e-34 1.16939e-34 0)
(4.16728e-34 8.58013e-35 0)
(3.02178e-34 2.97596e-35 0)
(2.40167e-34 -2.18561e-35 0)
(2.15048e-34 -1.41513e-35 0)
(2.41744e-34 -1.26233e-36 0)
(2.81747e-34 1.10886e-36 0)
(3.12301e-34 5.82654e-37 0)
(3.36803e-34 4.02166e-38 0)
(3.59925e-34 -3.60143e-37 0)
(3.83585e-34 -1.07181e-36 0)
(4.16823e-34 -1.89111e-36 0)
(4.99289e-34 -4.27987e-36 0)
(6.91116e-34 -1.81133e-35 0)
(1.01776e-33 -8.04607e-35 0)
(1.03651e-33 -2.7015e-34 0)
(-2.77618e-34 -4.13993e-34 0)
(-1.64414e-34 1.07012e-33 0)
(4.95763e-34 5.11092e-34 0)
(5.96896e-34 5.62877e-34 0)
(9.21671e-34 -1.29248e-33 0)
(9.1017e-35 -1.43364e-33 0)
(-7.17113e-34 -2.04038e-33 0)
(-1.30362e-33 -1.26787e-33 0)
(-1.20319e-33 -7.02613e-34 0)
(-6.9712e-34 -4.05397e-34 0)
(-2.76569e-34 1.1038e-34 0)
(1.08908e-34 2.19046e-34 0)
(1.82769e-34 6.16744e-35 0)
(3.79003e-35 -2.99653e-35 0)
(-7.69545e-35 -2.29447e-35 0)
(-8.55388e-35 3.78473e-36 0)
(-4.72217e-35 9.08722e-36 0)
(-8.7305e-36 1.9643e-36 0)
(1.90272e-35 -8.54645e-37 0)
(4.33353e-35 7.8298e-37 0)
(6.40754e-35 2.0608e-36 0)
(7.79124e-35 1.61871e-36 0)
(8.44466e-35 6.88716e-37 0)
(8.60847e-35 2.1808e-37 0)
(8.50385e-35 1.7989e-37 0)
(8.31438e-35 5.91611e-38 0)
(8.16369e-35 -3.00951e-37 0)
(7.73827e-35 -4.74671e-37 0)
(5.99019e-35 -2.57365e-37 0)
(2.33058e-35 9.09347e-37 0)
(-1.33608e-35 4.12846e-36 0)
(-3.00155e-35 5.85534e-36 0)
(-5.89848e-35 -1.32243e-36 0)
(-1.31788e-34 -7.01899e-36 0)
(-1.65799e-34 -3.79251e-37 0)
(-1.26803e-34 -1.03732e-35 0)
(-2.3389e-34 -8.05905e-35 0)
(-7.30821e-34 -2.03732e-34 0)
(-1.6079e-33 -4.15858e-35 0)
(-4.51976e-35 1.67569e-33 0)
(1.65619e-33 1.14287e-33 0)
(4.39135e-34 2.79042e-34 0)
(7.73837e-34 1.54821e-33 0)
(4.45136e-34 -4.38213e-34 0)
(-6.65635e-34 -2.08288e-34 0)
(-9.18639e-34 -2.26679e-33 0)
(-1.52044e-33 -1.30611e-33 0)
(-8.12942e-34 2.78908e-34 0)
(2.40901e-34 6.31333e-34 0)
(5.49838e-34 2.30022e-34 0)
(2.39096e-34 -5.24112e-35 0)
(-1.17877e-34 -7.09371e-35 0)
(-2.87928e-34 -2.04524e-35 0)
(-3.3744e-34 1.13539e-35 0)
(-3.62066e-34 2.40889e-35 0)
(-4.63385e-34 2.33517e-35 0)
(-7.30089e-34 3.46384e-35 0)
(-1.01314e-33 1.01376e-34 0)
(-8.07956e-34 2.00176e-34 0)
(6.77888e-35 7.00958e-35 0)
(4.67806e-34 -5.50965e-34 0)
(-3.18467e-34 -8.38281e-34 0)
(9.5526e-34 5.59022e-34 0)
(1.46469e-33 -2.09004e-33 0)
(-3.53765e-34 -3.53324e-33 0)
(-1.67449e-33 -3.18055e-33 0)
(-1.84888e-33 -5.6151e-34 0)
(-4.31786e-34 4.51117e-34 0)
(5.23406e-34 4.64989e-34 0)
(6.90133e-34 2.11323e-34 0)
(5.3609e-34 2.28554e-34 0)
(4.48135e-34 4.37361e-34 0)
(1.90202e-34 -8.64612e-36 0)
(2.55941e-36 2.27197e-34 0)
(-2.41968e-34 1.48222e-34 0)
(-8.45088e-34 3.34314e-34 0)
(-1.20918e-33 1.09183e-33 0)
(-9.35397e-34 2.23944e-33 0)
(2.32871e-34 2.97526e-33 0)
(1.32214e-33 2.00706e-33 0)
(1.39676e-33 9.80771e-34 0)
(1.06753e-33 3.96143e-34 0)
(7.21069e-34 9.38763e-35 0)
(4.09165e-34 6.85263e-35 0)
(2.31617e-34 9.13752e-36 0)
(1.13798e-34 -5.68141e-35 0)
(4.58907e-35 -3.64332e-35 0)
(5.03254e-35 4.61952e-36 0)
(8.64631e-35 1.31788e-35 0)
(1.08039e-34 2.49813e-36 0)
(1.03919e-34 -4.71845e-36 0)
(9.14782e-35 -3.01461e-36 0)
(1.02158e-34 4.99743e-36 0)
(1.45194e-34 1.05772e-35 0)
(1.65428e-34 5.19623e-36 0)
(1.14822e-34 4.01841e-36 0)
(1.0097e-34 2.81983e-35 0)
(2.77367e-34 3.70965e-35 0)
(5.55918e-34 -5.60578e-35 0)
(7.00968e-34 -2.70497e-34 0)
(7.97147e-34 -4.59573e-34 0)
(9.84793e-34 -8.38416e-34 0)
(8.4363e-34 -1.65735e-33 0)
(-1.01465e-34 -1.38708e-33 0)
(-3.0969e-33 -4.61907e-34 0)
(-3.3414e-33 4.76666e-33 0)
(-8.17377e-34 6.16529e-33 0)
(1.2387e-33 5.92553e-33 0)
(2.39238e-33 2.61892e-33 0)
(1.88478e-33 1.62247e-33 0)
(1.61905e-33 9.32351e-34 0)
(1.28818e-33 4.73833e-34 0)
(9.40827e-34 1.29402e-35 0)
(5.79061e-34 -1.51527e-34 0)
(3.81782e-34 -9.86517e-35 0)
(3.69234e-34 -3.00441e-35 0)
(4.18108e-34 -4.31798e-36 0)
(3.84174e-34 -4.06721e-36 0)
(2.17859e-34 1.53545e-35 0)
(1.11387e-34 9.78883e-35 0)
(3.56059e-34 1.84605e-34 0)
(8.86826e-34 8.33041e-35 0)
(1.43913e-33 -3.12545e-34 0)
(2.32731e-33 -9.75321e-34 0)
(1.36497e-33 -2.97625e-33 0)
(-8.68734e-34 -3.24197e-33 0)
(-1.08594e-33 -1.41908e-33 0)
(-6.97515e-34 -1.10193e-33 0)
(-6.47741e-34 -1.25296e-33 0)
(-4.84224e-34 -4.2449e-34 0)
(1.30168e-34 6.69433e-34 0)
(9.56104e-34 4.21714e-34 0)
(1.21997e-33 -2.70868e-34 0)
(1.04089e-33 -8.6103e-34 0)
(2.50817e-34 -1.68764e-33 0)
(-5.30696e-34 -1.04195e-33 0)
(-6.20694e-34 -5.01872e-34 0)
(-4.70946e-34 -1.58391e-34 0)
(-2.7332e-34 4.12141e-35 0)
(-1.17717e-34 1.00525e-34 0)
(-1.90254e-34 8.00764e-35 0)
(5.31277e-35 5.01479e-35 0)
(7.07005e-35 -4.21296e-34 0)
(-1.61239e-34 -4.03244e-34 0)
(-2.48957e-34 -1.54938e-34 0)
(-2.3832e-34 1.53307e-34 0)
(-2.42023e-34 1.63096e-34 0)
(-2.97902e-34 1.51901e-34 0)
(-3.61585e-35 1.87597e-34 0)
(5.8399e-34 2.50959e-35 0)
(9.75512e-34 -4.5689e-34 0)
(8.14459e-34 -8.29432e-34 0)
(3.04447e-34 -7.82307e-34 0)
(-8.44681e-34 -8.07988e-34 0)
(-1.68059e-33 1.4841e-34 0)
(-9.14295e-34 1.1231e-33 0)
(4.89109e-35 8.54065e-34 0)
(7.66908e-34 7.85307e-34 0)
(1.21442e-33 -3.64245e-35 0)
(6.47238e-34 -1.02139e-33 0)
(-2.6218e-34 -1.15824e-33 0)
(-8.22182e-34 -8.9697e-34 0)
(-9.40402e-34 -5.18014e-34 0)
(-7.92475e-34 -1.48058e-34 0)
(-5.64756e-34 1.41243e-35 0)
(-4.31278e-34 -8.60254e-36 0)
(-4.68166e-34 -5.0348e-35 0)
(-6.75254e-34 -2.04346e-35 0)
(-9.90496e-34 1.05146e-34 0)
(-1.14958e-33 3.29711e-34 0)
(-1.01312e-33 4.70427e-34 0)
(-9.49987e-34 4.21708e-34 0)
(-2.75859e-34 4.90304e-34 0)
(9.17705e-34 -4.79827e-34 0)
(9.38299e-34 -2.02855e-33 0)
(-1.85958e-34 -2.20541e-33 0)
(-1.60771e-33 -1.0078e-33 0)
(-2.0415e-33 1.21224e-33 0)
(-1.79798e-33 2.47125e-33 0)
(-9.76723e-34 3.74903e-33 0)
(3.47638e-34 3.85078e-33 0)
(1.20515e-33 3.01828e-33 0)
(1.26631e-33 1.29598e-33 0)
(4.90163e-34 2.28112e-34 0)
(-2.5138e-34 -3.84178e-34 0)
(-7.16063e-34 -4.67618e-34 0)
(-8.60733e-34 -2.0796e-34 0)
(-8.35589e-34 2.94949e-35 0)
(-8.00087e-34 1.56612e-34 0)
(-5.1096e-34 2.39644e-34 0)
(3.09693e-34 6.87776e-35 0)
(8.23431e-34 -6.78094e-34 0)
(2.32671e-34 -1.34484e-33 0)
(-1.57535e-34 -8.38007e-34 0)
(-4.30062e-34 -1.26999e-33 0)
(-9.38943e-34 -9.7673e-34 0)
(-1.04393e-33 -9.64241e-34 0)
(-9.30832e-34 -4.46844e-34 0)
(-5.32353e-34 1.10795e-34 0)
(-2.0272e-34 2.23564e-34 0)
(-1.13919e-34 1.41297e-34 0)
(-1.03769e-34 8.65834e-35 0)
(-1.41093e-34 1.54497e-35 0)
(-1.79898e-34 -1.40101e-35 0)
(-5.62396e-34 -1.46804e-34 0)
(-1.70607e-33 5.92854e-34 0)
(-1.39722e-33 2.79014e-33 0)
(9.05934e-35 3.1358e-33 0)
(1.01865e-33 2.32463e-33 0)
(1.13165e-33 4.98896e-34 0)
(4.62735e-34 1.87255e-35 0)
(1.08225e-34 -1.54174e-36 0)
(7.02829e-36 3.73789e-36 0)
(-2.17205e-35 -3.69477e-36 0)
(-3.47963e-35 -6.08682e-36 0)
(-3.89401e-35 -3.60806e-36 0)
(-3.78661e-35 -8.03079e-37 0)
(-3.58106e-35 1.83006e-37 0)
(-3.73527e-35 -4.456e-37 0)
(-4.77126e-35 -1.27873e-36 0)
(-6.13082e-35 -6.9703e-37 0)
(-4.91263e-35 1.58783e-36 0)
(4.73558e-36 -2.30659e-37 0)
(2.89245e-35 -1.34817e-35 0)
(-7.50491e-35 -1.68323e-35 0)
(-1.77391e-34 2.98536e-35 0)
(-7.1631e-35 7.25434e-35 0)
(6.44514e-35 -9.19462e-36 0)
(6.95356e-35 -1.06167e-34 0)
(1.35323e-34 -6.09306e-35 0)
(1.47721e-34 -9.09894e-35 0)
(-2.10165e-35 -3.22386e-34 0)
(-1.61537e-34 -2.79074e-34 0)
(-2.23997e-34 -2.45833e-34 0)
(-1.42782e-34 -2.66806e-34 0)
(-1.22112e-34 -3.56563e-34 0)
(-1.77862e-34 -1.60631e-34 0)
(-1.25902e-36 -1.47239e-34 0)
(-1.4392e-34 -3.13878e-34 0)
(-2.26089e-33 -1.05249e-34 0)
(-2.24188e-33 3.49332e-33 0)
(-1.3078e-34 4.31259e-33 0)
(1.24375e-33 3.40061e-33 0)
(1.39887e-33 9.13423e-35 0)
(-2.10138e-35 -2.80806e-34 0)
(-5.23152e-34 -1.14947e-35 0)
(-6.7713e-34 8.61699e-35 0)
(-7.41447e-34 3.11791e-34 0)
(2.46554e-34 5.09981e-34 0)
(3.70978e-34 -8.86339e-34 0)
(-2.10331e-34 -9.14537e-34 0)
(-2.61028e-34 -4.9951e-34 0)
(-7.28532e-35 6.33859e-34 0)
(5.32247e-34 4.59491e-34 0)
(5.77842e-34 1.58786e-34 0)
(4.01165e-34 9.13779e-35 0)
(2.86555e-34 3.31593e-35 0)
(2.33455e-34 -1.67256e-35 0)
(2.17496e-34 -1.52024e-35 0)
(2.43925e-34 -4.3122e-36 0)
(2.82153e-34 -6.67217e-37 0)
(3.12188e-34 -3.37448e-37 0)
(3.36635e-34 -1.11432e-36 0)
(3.59742e-34 -1.87486e-36 0)
(3.83347e-34 -2.5753e-36 0)
(4.162e-34 -3.74622e-36 0)
(4.96531e-34 -9.55621e-36 0)
(6.79473e-34 -3.00736e-35 0)
(9.81529e-34 -1.04933e-34 0)
(9.88978e-34 -2.9953e-34 0)
(-1.13036e-34 -4.49646e-34 0)
(-7.09234e-35 7.78628e-34 0)
(4.16685e-34 7.60289e-35 0)
(3.88998e-34 1.34319e-34 0)
(6.68148e-34 -1.32236e-33 0)
(-6.0872e-37 -1.63987e-33 0)
(-6.911e-34 -1.96065e-33 0)
(-1.13093e-33 -1.41256e-33 0)
(-1.07001e-33 -7.19102e-34 0)
(-5.85889e-34 -3.53237e-34 0)
(-1.95792e-34 9.56066e-35 0)
(1.03409e-34 2.0082e-34 0)
(1.50128e-34 6.78433e-35 0)
(2.59282e-35 -1.74132e-35 0)
(-7.31241e-35 -1.92558e-35 0)
(-8.1399e-35 1.45091e-36 0)
(-4.73923e-35 6.20446e-36 0)
(-1.00191e-35 6.55919e-37 0)
(1.88736e-35 -1.7086e-36 0)
(4.37495e-35 -1.11434e-37 0)
(6.42181e-35 1.29133e-36 0)
(7.77487e-35 1.20404e-36 0)
(8.42685e-35 5.88776e-37 0)
(8.6022e-35 3.0578e-37 0)
(8.50149e-35 3.33836e-37 0)
(8.3064e-35 1.64072e-37 0)
(8.15641e-35 -3.24529e-37 0)
(7.74544e-35 -2.33608e-37 0)
(6.0233e-35 1.10317e-36 0)
(2.40824e-35 3.59681e-36 0)
(-1.25685e-35 7.16818e-36 0)
(-3.09928e-35 8.58284e-36 0)
(-6.12501e-35 -3.1152e-37 0)
(-1.31594e-34 -8.11789e-36 0)
(-1.65795e-34 5.63542e-37 0)
(-1.3919e-34 -3.03337e-36 0)
(-2.64083e-34 -7.04718e-35 0)
(-7.25693e-34 -1.83909e-34 0)
(-1.35064e-33 -4.59507e-35 0)
(4.55351e-35 1.17123e-33 0)
(1.39435e-33 1.1294e-34 0)
(4.72065e-34 -6.14967e-34 0)
(6.13669e-34 9.04486e-35 0)
(1.99126e-34 -1.62265e-33 0)
(-8.16084e-34 -1.172e-33 0)
(-9.8161e-34 -1.97392e-33 0)
(-1.13028e-33 -1.05308e-33 0)
(-5.19089e-34 2.1933e-34 0)
(2.39398e-34 5.51637e-34 0)
(4.44738e-34 2.46784e-34 0)
(1.88031e-34 -1.02357e-35 0)
(-1.15561e-34 -5.24033e-35 0)
(-2.74936e-34 -1.65725e-35 0)
(-3.29495e-34 1.44318e-35 0)
(-3.59423e-34 3.06029e-35 0)
(-4.60702e-34 3.52361e-35 0)
(-7.15098e-34 5.53955e-35 0)
(-9.83292e-34 1.31797e-34 0)
(-8.15765e-34 2.26005e-34 0)
(-7.04263e-35 6.80633e-35 0)
(2.9747e-34 -5.75635e-34 0)
(-1.88925e-34 -9.24361e-34 0)
(6.95412e-34 -1.48559e-34 0)
(8.78451e-34 -2.34191e-33 0)
(-4.39605e-34 -2.80811e-33 0)
(-1.20882e-33 -2.47144e-33 0)
(-1.26016e-33 -5.26728e-34 0)
(-2.48889e-34 3.69234e-34 0)
(4.87254e-34 4.22785e-34 0)
(6.47519e-34 2.24045e-34 0)
(5.56247e-34 2.09233e-34 0)
(4.14008e-34 2.65652e-34 0)
(1.64914e-34 6.5176e-35 0)
(2.54416e-35 1.92921e-34 0)
(-2.06696e-34 1.81919e-34 0)
(-6.68237e-34 4.14031e-34 0)
(-8.90281e-34 1.06117e-33 0)
(-6.3423e-34 1.86809e-33 0)
(1.9454e-34 2.37233e-33 0)
(9.9262e-34 1.71342e-33 0)
(1.12199e-33 9.32573e-34 0)
(9.0547e-34 4.66961e-34 0)
(6.46697e-34 1.6308e-34 0)
(3.84427e-34 6.63318e-35 0)
(2.09278e-34 5.67871e-36 0)
(1.05996e-34 -4.07809e-35 0)
(5.60788e-35 -2.95036e-35 0)
(5.92568e-35 -6.17328e-37 0)
(8.65451e-35 7.9765e-36 0)
(1.0491e-34 1.36632e-36 0)
(1.02902e-34 -4.16556e-36 0)
(9.35086e-35 -2.22634e-36 0)
(1.04914e-34 5.44241e-36 0)
(1.44968e-34 9.64025e-36 0)
(1.6392e-34 2.83556e-36 0)
(1.20182e-34 2.58314e-36 0)
(1.08505e-34 3.01593e-35 0)
(2.58395e-34 3.92885e-35 0)
(4.88609e-34 -5.95312e-35 0)
(6.11126e-34 -2.67607e-34 0)
(6.72869e-34 -4.67533e-34 0)
(7.70951e-34 -8.04688e-34 0)
(7.34101e-34 -1.28865e-33 0)
(1.10447e-34 -1.25136e-33 0)
(-1.93089e-33 -4.94317e-34 0)
(-2.15187e-33 3.18188e-33 0)
(-5.84549e-34 3.98597e-33 0)
(7.02822e-34 4.17175e-33 0)
(1.62451e-33 2.28826e-33 0)
(1.51965e-33 1.45592e-33 0)
(1.36339e-33 8.18043e-34 0)
(1.0938e-33 3.91507e-34 0)
(8.10919e-34 3.56262e-35 0)
(5.50163e-34 -1.13596e-34 0)
(4.05042e-34 -9.23623e-35 0)
(3.90781e-34 -3.61048e-35 0)
(4.2517e-34 -7.61609e-36 0)
(3.90451e-34 -9.8736e-37 0)
(2.44632e-34 2.89183e-35 0)
(1.52963e-34 1.20237e-34 0)
(3.50241e-34 2.01918e-34 0)
(7.65018e-34 8.9971e-35 0)
(1.1847e-33 -2.85184e-34 0)
(1.73967e-33 -8.9211e-34 0)
(9.61322e-34 -2.36364e-33 0)
(-5.2878e-34 -2.1709e-33 0)
(-6.83509e-34 -1.15846e-33 0)
(-5.47333e-34 -8.18618e-34 0)
(-4.49681e-34 -4.79777e-34 0)
(-1.63323e-34 -5.86797e-35 0)
(2.66345e-34 4.50742e-34 0)
(7.51833e-34 2.69822e-34 0)
(9.2046e-34 -2.52511e-34 0)
(7.48182e-34 -7.49873e-34 0)
(2.1978e-34 -1.18679e-33 0)
(-2.89837e-34 -8.43276e-34 0)
(-4.13945e-34 -4.36559e-34 0)
(-3.38259e-34 -1.51028e-34 0)
(-2.06217e-34 2.40284e-35 0)
(-9.08072e-35 9.18033e-35 0)
(-1.55052e-34 2.42121e-36 0)
(-4.56391e-35 1.22266e-35 0)
(-1.59709e-35 -1.89356e-34 0)
(-1.0459e-34 -1.58353e-34 0)
(-1.41312e-34 -5.63905e-35 0)
(-1.68938e-34 8.65645e-35 0)
(-2.28443e-34 1.20085e-34 0)
(-2.79353e-34 1.50192e-34 0)
(-7.56607e-35 1.79367e-34 0)
(3.89819e-34 1.59016e-35 0)
(7.21066e-34 -3.96618e-34 0)
(6.8879e-34 -7.29661e-34 0)
(3.10998e-34 -7.89865e-34 0)
(-5.42571e-34 -6.74313e-34 0)
(-1.12378e-33 1.57496e-34 0)
(-6.79103e-34 9.5319e-34 0)
(-2.09169e-35 8.98687e-34 0)
(4.97789e-34 7.73027e-34 0)
(7.30392e-34 7.26115e-35 0)
(3.43104e-34 -6.27099e-34 0)
(-2.56514e-34 -8.32246e-34 0)
(-6.61976e-34 -6.6787e-34 0)
(-7.59043e-34 -3.98637e-34 0)
(-6.66966e-34 -1.60745e-34 0)
(-5.25649e-34 -4.48213e-35 0)
(-4.38396e-34 -3.55642e-35 0)
(-4.63031e-34 -3.83829e-35 0)
(-6.25837e-34 1.75628e-35 0)
(-8.88474e-34 1.61038e-34 0)
(-1.04384e-33 3.85008e-34 0)
(-9.81185e-34 5.39188e-34 0)
(-9.44147e-34 5.26144e-34 0)
(-4.83242e-34 5.61879e-34 0)
(3.67058e-34 -1.12083e-34 0)
(5.74142e-34 -1.07364e-33 0)
(2.86574e-35 -1.20103e-33 0)
(-8.62588e-34 -4.59512e-34 0)
(-1.24087e-33 1.04365e-33 0)
(-1.19119e-33 2.03806e-33 0)
(-6.85337e-34 2.97892e-33 0)
(1.4307e-34 2.9006e-33 0)
(6.13306e-34 2.23322e-33 0)
(6.10571e-34 9.52551e-34 0)
(9.83225e-35 7.53612e-35 0)
(-3.9852e-34 -3.54012e-34 0)
(-6.73531e-34 -3.92279e-34 0)
(-7.46156e-34 -1.92742e-34 0)
(-7.43374e-34 1.94292e-35 0)
(-7.43597e-34 1.6216e-34 0)
(-5.33627e-34 2.37797e-34 0)
(8.52518e-35 6.17846e-35 0)
(4.84373e-34 -5.94103e-34 0)
(1.49358e-34 -1.17513e-33 0)
(-1.69496e-34 -1.00091e-33 0)
(-4.43674e-34 -1.26428e-33 0)
(-8.16201e-34 -9.86954e-34 0)
(-8.80695e-34 -7.25771e-34 0)
(-7.06694e-34 -3.03647e-34 0)
(-3.97562e-34 7.18891e-35 0)
(-1.91316e-34 1.61423e-34 0)
(-1.38759e-34 1.19987e-34 0)
(-1.31491e-34 7.64616e-35 0)
(-1.60953e-34 1.36073e-35 0)
(-1.99374e-34 5.12705e-36 0)
(-4.34617e-34 -2.46462e-35 0)
(-1.14178e-33 4.97603e-34 0)
(-9.38978e-34 1.97438e-33 0)
(-3.44772e-36 2.0898e-33 0)
(5.61566e-34 1.64286e-33 0)
(6.99104e-34 5.16114e-34 0)
(3.43872e-34 8.73936e-35 0)
(9.61665e-35 1.60074e-35 0)
(5.1067e-36 5.63778e-36 0)
(-2.37914e-35 -2.2763e-36 0)
(-3.48706e-35 -4.84564e-36 0)
(-3.79411e-35 -3.20354e-36 0)
(-3.70994e-35 -1.07143e-36 0)
(-3.56659e-35 -1.88317e-37 0)
(-3.75251e-35 -7.85598e-38 0)
(-4.77023e-35 3.6031e-37 0)
(-6.09551e-35 6.9003e-37 0)
(-4.95659e-35 -1.07072e-36 0)
(1.30846e-36 -6.95591e-36 0)
(2.61085e-35 -1.67413e-35 0)
(-6.45908e-35 -9.72264e-36 0)
(-1.56959e-34 3.96536e-35 0)
(-7.98001e-35 8.7968e-35 0)
(2.51406e-35 2.15904e-36 0)
(5.2309e-35 -9.97727e-35 0)
(1.22638e-34 -1.03934e-34 0)
(1.02278e-34 -1.99283e-34 0)
(-4.43583e-35 -2.94264e-34 0)
(-1.4666e-34 -2.60514e-34 0)
(-2.07464e-34 -2.1485e-34 0)
(-1.5351e-34 -1.62419e-34 0)
(-1.14641e-34 -2.45415e-34 0)
(-1.5313e-34 -1.75199e-34 0)
(-3.38513e-35 -1.91654e-34 0)
(-1.33348e-34 -3.36793e-34 0)
(-1.60946e-33 -1.01222e-34 0)
(-1.5569e-33 2.52836e-33 0)
(-1.61779e-34 2.77879e-33 0)
(6.26168e-34 2.36841e-33 0)
(8.05751e-34 2.36292e-34 0)
(-5.95497e-35 -1.96354e-34 0)
(-4.57796e-34 -5.71692e-37 0)
(-6.13903e-34 1.18603e-34 0)
(-6.64652e-34 3.3423e-34 0)
(5.5718e-35 4.91185e-34 0)
(1.69278e-34 -5.21448e-34 0)
(-1.4513e-34 -3.67794e-34 0)
(-5.28275e-35 -2.1379e-34 0)
(7.52116e-35 5.05689e-34 0)
(4.62466e-34 4.44809e-34 0)
(5.11698e-34 1.91117e-34 0)
(3.75295e-34 9.81289e-35 0)
(2.67238e-34 3.57391e-35 0)
(2.24518e-34 -1.14484e-35 0)
(2.18854e-34 -1.60386e-35 0)
(2.46349e-34 -8.05119e-36 0)
(2.83045e-34 -3.28605e-36 0)
(3.12173e-34 -2.0285e-36 0)
(3.36311e-34 -3.22391e-36 0)
(3.59465e-34 -4.31184e-36 0)
(3.83e-34 -4.63773e-36 0)
(4.14596e-34 -6.2831e-36 0)
(4.91026e-34 -1.83293e-35 0)
(6.6173e-34 -4.8289e-35 0)
(9.35945e-34 -1.34137e-34 0)
(9.32545e-34 -3.03892e-34 0)
(4.07145e-35 -4.31149e-34 0)
(-1.09378e-35 4.65445e-34 0)
(3.01926e-34 -1.94348e-34 0)
(1.89615e-34 -2.3256e-34 0)
(4.02716e-34 -1.2945e-33 0)
(-9.5416e-35 -1.68837e-33 0)
(-6.48173e-34 -1.81254e-33 0)
(-9.35914e-34 -1.40394e-33 0)
(-8.84768e-34 -6.9656e-34 0)
(-4.52577e-34 -2.92795e-34 0)
(-1.1084e-34 7.49947e-35 0)
(1.00669e-34 1.71965e-34 0)
(1.16849e-34 7.05384e-35 0)
(1.12522e-35 -2.12892e-36 0)
(-7.13997e-35 -1.37392e-35 0)
(-7.78e-35 -1.33732e-36 0)
(-4.74648e-35 1.77369e-36 0)
(-1.11649e-35 -1.90452e-36 0)
(1.87996e-35 -3.42713e-36 0)
(4.42871e-35 -1.68222e-36 0)
(6.45028e-35 -1.34912e-38 0)
(7.77018e-35 4.53015e-37 0)
(8.41695e-35 3.45602e-37 0)
(8.60086e-35 4.08962e-37 0)
(8.4993e-35 5.945e-37 0)
(8.29248e-35 3.36399e-37 0)
(8.15102e-35 -4.40991e-37 0)
(7.78869e-35 1.38374e-37 0)
(6.12278e-35 3.73978e-36 0)
(2.53578e-35 8.51625e-36 0)
(-1.17028e-35 1.12036e-35 0)
(-3.2579e-35 1.11077e-35 0)
(-6.46982e-35 2.17262e-36 0)
(-1.31488e-34 -6.92327e-36 0)
(-1.63894e-34 2.87846e-37 0)
(-1.50952e-34 7.2752e-36 0)
(-2.95931e-34 -3.6674e-35 0)
(-7.22358e-34 -1.22212e-34 0)
(-1.14414e-33 -3.42651e-35 0)
(-6.8816e-36 6.51989e-34 0)
(1.02167e-33 -5.37494e-34 0)
(4.24189e-34 -1.22636e-33 0)
(4.12023e-34 -9.54772e-34 0)
(5.02344e-36 -2.13783e-33 0)
(-7.71801e-34 -1.66535e-33 0)
(-8.54828e-34 -1.63298e-33 0)
(-7.29473e-34 -7.78697e-34 0)
(-2.34069e-34 1.68089e-34 0)
(2.51717e-34 4.52392e-34 0)
(3.4501e-34 2.48022e-34 0)
(1.28467e-34 3.50215e-35 0)
(-1.20939e-34 -2.42223e-35 0)
(-2.6325e-34 -6.48153e-36 0)
(-3.19649e-34 1.93617e-35 0)
(-3.53982e-34 3.79263e-35 0)
(-4.53558e-34 5.24391e-35 0)
(-6.92658e-34 8.74912e-35 0)
(-9.47497e-34 1.67578e-34 0)
(-8.33661e-34 2.36334e-34 0)
(-2.45117e-34 5.56461e-35 0)
(7.90396e-35 -5.44394e-34 0)
(-1.61781e-34 -9.14964e-34 0)
(3.93591e-34 -6.17335e-34 0)
(4.35911e-34 -2.13436e-33 0)
(-3.90131e-34 -2.17511e-33 0)
(-7.69492e-34 -1.77735e-33 0)
(-7.21038e-34 -4.45573e-34 0)
(-4.99736e-35 2.7504e-34 0)
(4.66132e-34 3.61874e-34 0)
(6.03604e-34 2.28142e-34 0)
(5.50437e-34 1.96047e-34 0)
(3.89879e-34 1.82941e-34 0)
(1.63019e-34 1.19353e-34 0)
(5.10136e-35 2.11252e-34 0)
(-1.472e-34 2.39094e-34 0)
(-4.75227e-34 4.73581e-34 0)
(-6.00736e-34 9.82385e-34 0)
(-3.87243e-34 1.51743e-33 0)
(1.67008e-34 1.83195e-33 0)
(7.12338e-34 1.431e-33 0)
(8.63846e-34 8.64174e-34 0)
(7.34842e-34 4.92295e-34 0)
(5.44706e-34 2.14136e-34 0)
(3.38388e-34 7.7278e-35 0)
(1.8444e-34 9.57112e-36 0)
(9.83883e-35 -2.54262e-35 0)
(6.33957e-35 -2.18668e-35 0)
(6.68426e-35 -4.72699e-36 0)
(8.74142e-35 2.11167e-36 0)
(1.02673e-34 -7.42934e-37 0)
(1.02352e-34 -3.37242e-36 0)
(9.58861e-35 -9.7272e-37 0)
(1.07562e-34 4.5885e-36 0)
(1.43897e-34 6.16114e-36 0)
(1.62152e-34 -1.08459e-37 0)
(1.27758e-34 2.23356e-36 0)
(1.18295e-34 2.87597e-35 0)
(2.34716e-34 3.5014e-35 0)
(4.10047e-34 -5.7238e-35 0)
(5.0622e-34 -2.35743e-34 0)
(5.40499e-34 -4.17747e-34 0)
(5.95738e-34 -6.76508e-34 0)
(6.30024e-34 -9.62338e-34 0)
(2.78951e-34 -1.00575e-33 0)
(-9.59047e-34 -4.4431e-34 0)
(-1.17901e-33 1.8777e-33 0)
(-3.29892e-34 2.47443e-33 0)
(4.24853e-34 2.75094e-33 0)
(1.06831e-33 1.82434e-33 0)
(1.15158e-33 1.21473e-33 0)
(1.08324e-33 6.87616e-34 0)
(8.93424e-34 3.14736e-34 0)
(6.85772e-34 4.65119e-35 0)
(5.13304e-34 -7.64603e-35 0)
(4.20697e-34 -7.81111e-35 0)
(4.12843e-34 -3.93095e-35 0)
(4.36698e-34 -1.04213e-35 0)
(4.0394e-34 7.35474e-36 0)
(2.82412e-34 4.88895e-35 0)
(2.0311e-34 1.38648e-34 0)
(3.39287e-34 2.06295e-34 0)
(6.26253e-34 1.00134e-34 0)
(9.13249e-34 -2.16015e-34 0)
(1.21871e-33 -7.0088e-34 0)
(6.92051e-34 -1.62844e-33 0)
(-2.17739e-34 -1.37799e-33 0)
(-3.58583e-34 -7.82427e-34 0)
(-3.17851e-34 -4.8724e-34 0)
(-2.26982e-34 -1.11441e-34 0)
(1.58394e-35 1.25377e-34 0)
(3.01318e-34 2.96639e-34 0)
(5.64393e-34 1.38107e-34 0)
(6.5031e-34 -2.22639e-34 0)
(5.20199e-34 -5.7464e-34 0)
(2.00133e-34 -7.96462e-34 0)
(-1.08819e-34 -6.21679e-34 0)
(-2.25861e-34 -3.46792e-34 0)
(-2.05642e-34 -1.28601e-34 0)
(-1.32062e-34 1.47252e-35 0)
(-5.85465e-35 8.09215e-35 0)
(-1.08626e-34 -7.4532e-35 0)
(-7.30126e-35 -3.46726e-35 0)
(-4.17646e-35 -9.38741e-35 0)
(-7.33934e-35 -6.64907e-35 0)
(-8.82181e-35 -1.9062e-35 0)
(-1.2204e-34 5.4262e-35 0)
(-1.9921e-34 1.01624e-34 0)
(-2.5884e-34 1.47425e-34 0)
(-1.2408e-34 1.62003e-34 0)
(2.10461e-34 1.42046e-35 0)
(4.94254e-34 -3.12742e-34 0)
(5.60713e-34 -5.882e-34 0)
(3.40745e-34 -6.64602e-34 0)
(-2.42316e-34 -4.95192e-34 0)
(-6.53114e-34 1.50108e-34 0)
(-4.45582e-34 7.4201e-34 0)
(-6.26181e-35 7.91959e-34 0)
(2.53479e-34 6.49434e-34 0)
(3.50169e-34 1.42971e-34 0)
(9.00236e-35 -3.36138e-34 0)
(-2.89734e-34 -5.30203e-34 0)
(-5.60132e-34 -4.59956e-34 0)
(-6.34728e-34 -2.97328e-34 0)
(-5.80107e-34 -1.57106e-34 0)
(-4.89379e-34 -8.26471e-35 0)
(-4.26467e-34 -5.94857e-35 0)
(-4.35506e-34 -3.25722e-35 0)
(-5.56205e-34 4.95306e-35 0)
(-7.73325e-34 2.09108e-34 0)
(-9.27124e-34 4.27568e-34 0)
(-9.29543e-34 5.9462e-34 0)
(-9.36814e-34 6.24604e-34 0)
(-6.40953e-34 6.42975e-34 0)
(-1.31831e-35 1.92172e-34 0)
(3.20048e-34 -4.16648e-34 0)
(1.57781e-34 -5.61667e-34 0)
(-3.50455e-34 -1.43987e-34 0)
(-6.45243e-34 7.95818e-34 0)
(-7.21101e-34 1.49549e-33 0)
(-5.00044e-34 2.11205e-33 0)
(-6.48889e-35 1.98222e-33 0)
(1.37865e-34 1.46236e-33 0)
(8.8923e-35 5.89229e-34 0)
(-2.19683e-34 -5.1182e-35 0)
(-5.03688e-34 -3.34249e-34 0)
(-6.29227e-34 -3.33935e-34 0)
(-6.40001e-34 -1.69434e-34 0)
(-6.45552e-34 2.47908e-35 0)
(-6.83732e-34 1.76391e-34 0)
(-5.6409e-34 2.43967e-34 0)
(-1.26778e-34 8.12224e-35 0)
(1.77418e-34 -4.52322e-34 0)
(1.74123e-35 -9.2839e-34 0)
(-2.04257e-34 -9.39257e-34 0)
(-4.2185e-34 -1.05762e-33 0)
(-6.61213e-34 -8.25746e-34 0)
(-6.94452e-34 -5.11191e-34 0)
(-5.28225e-34 -1.83915e-34 0)
(-2.98966e-34 5.47884e-35 0)
(-1.78314e-34 1.09513e-34 0)
(-1.55994e-34 8.66242e-35 0)
(-1.5649e-34 4.89652e-35 0)
(-1.76212e-34 -1.59677e-36 0)
(-1.97648e-34 -4.38156e-36 0)
(-3.2285e-34 1.28484e-35 0)
(-7.42034e-34 3.63092e-34 0)
(-6.31692e-34 1.29096e-33 0)
(-6.6962e-35 1.34882e-33 0)
(2.73367e-34 1.10242e-33 0)
(3.95272e-34 4.54691e-34 0)
(2.2501e-34 1.23873e-34 0)
(6.88072e-35 3.20309e-35 0)
(-1.8059e-36 8.91249e-36 0)
(-2.66639e-35 -7.86826e-37 0)
(-3.52472e-35 -3.67447e-36 0)
(-3.72088e-35 -2.59884e-36 0)
(-3.64852e-35 -1.11745e-36 0)
(-3.53467e-35 -6.61035e-37 0)
(-3.70726e-35 1.60772e-37 0)
(-4.73474e-35 2.69056e-36 0)
(-6.20202e-35 3.31235e-36 0)
(-5.26801e-35 -4.26865e-36 0)
(-2.25434e-36 -1.66034e-35 0)
(2.79047e-35 -2.1851e-35 0)
(-5.00061e-35 -4.94776e-37 0)
(-1.34394e-34 4.95669e-35 0)
(-8.78506e-35 1.06178e-34 0)
(-1.72613e-35 2.20087e-35 0)
(2.29679e-35 -7.51407e-35 0)
(9.17332e-35 -1.19481e-34 0)
(6.67795e-35 -2.26351e-34 0)
(-4.6161e-35 -2.55692e-34 0)
(-1.27723e-34 -2.01763e-34 0)
(-1.82255e-34 -1.64614e-34 0)
(-1.5499e-34 -1.00458e-34 0)
(-1.28662e-34 -1.72722e-34 0)
(-1.56871e-34 -1.97576e-34 0)
(-6.78693e-35 -2.33946e-34 0)
(-1.06397e-34 -3.56761e-34 0)
(-1.10036e-33 -1.30048e-34 0)
(-1.07952e-33 1.64778e-33 0)
(-1.94839e-34 1.71063e-33 0)
(2.34327e-34 1.51519e-33 0)
(3.79369e-34 2.66232e-34 0)
(-1.16843e-34 -1.18035e-34 0)
(-3.98691e-34 2.40909e-35 0)
(-5.4509e-34 1.45099e-34 0)
(-5.95792e-34 3.45879e-34 0)
(-8.32609e-35 4.62318e-34 0)
(4.02797e-35 -2.08252e-34 0)
(-9.22464e-35 -4.50846e-35 0)
(6.94257e-35 1.29546e-35 0)
(1.77112e-34 4.08061e-34 0)
(4.13994e-34 4.03489e-34 0)
(4.46737e-34 2.01845e-34 0)
(3.42377e-34 1.00766e-34 0)
(2.45436e-34 3.58464e-35 0)
(2.14075e-34 -8.15639e-36 0)
(2.18665e-34 -1.65993e-35 0)
(2.48617e-34 -1.10891e-35 0)
(2.84385e-34 -5.62866e-36 0)
(3.12216e-34 -3.77494e-36 0)
(3.35798e-34 -5.68834e-36 0)
(3.59234e-34 -7.05195e-36 0)
(3.82641e-34 -6.33474e-36 0)
(4.11235e-34 -7.49468e-36 0)
(4.81428e-34 -2.64004e-35 0)
(6.3833e-34 -6.4666e-35 0)
(8.91836e-34 -1.57888e-34 0)
(8.85545e-34 -2.87413e-34 0)
(1.51564e-34 -3.86222e-34 0)
(1.05273e-35 2.16008e-34 0)
(1.75227e-34 -3.28098e-34 0)
(1.4268e-35 -4.63647e-34 0)
(1.72899e-34 -1.21104e-33 0)
(-1.76571e-34 -1.59291e-33 0)
(-5.92586e-34 -1.59855e-33 0)
(-7.46724e-34 -1.26998e-33 0)
(-6.85025e-34 -6.27611e-34 0)
(-3.17429e-34 -2.30898e-34 0)
(-3.39163e-35 5.81088e-35 0)
(1.01856e-34 1.42103e-34 0)
(8.89066e-35 6.79297e-35 0)
(-3.97353e-36 1.03038e-35 0)
(-7.29819e-35 -8.38486e-36 0)
(-7.59258e-35 -3.62444e-36 0)
(-4.76066e-35 -2.68118e-36 0)
(-1.18817e-35 -4.80844e-36 0)
(1.89697e-35 -5.38508e-36 0)
(4.50091e-35 -3.34603e-36 0)
(6.50144e-35 -1.37877e-36 0)
(7.78928e-35 -3.75503e-37 0)
(8.42616e-35 3.23928e-38 0)
(8.61214e-35 5.03458e-37 0)
(8.4988e-35 9.18693e-37 0)
(8.26663e-35 5.4465e-37 0)
(8.1492e-35 -7.80371e-37 0)
(7.90917e-35 1.49792e-37 0)
(6.3513e-35 6.74457e-36 0)
(2.69767e-35 1.47095e-35 0)
(-1.16041e-35 1.53367e-35 0)
(-3.45404e-35 1.22968e-35 0)
(-6.83239e-35 4.37289e-36 0)
(-1.32368e-34 -5.31457e-36 0)
(-1.6008e-34 -1.79712e-36 0)
(-1.53498e-34 1.88484e-35 0)
(-3.1531e-34 1.37263e-35 0)
(-7.24829e-34 -3.09405e-35 0)
(-1.04225e-33 2.29678e-36 0)
(-1.66136e-34 2.74455e-34 0)
(6.26705e-34 -8.45736e-34 0)
(2.97941e-34 -1.50734e-33 0)
(2.37347e-34 -1.49736e-33 0)
(-8.88928e-35 -2.17863e-33 0)
(-5.99796e-34 -1.72609e-33 0)
(-6.02996e-34 -1.29181e-33 0)
(-3.73699e-34 -5.29516e-34 0)
(-1.08717e-36 1.47639e-34 0)
(2.7334e-34 3.66529e-34 0)
(2.67241e-34 2.338e-34 0)
(7.12364e-35 6.65023e-35 0)
(-1.33783e-34 2.3151e-36 0)
(-2.56218e-34 6.44565e-36 0)
(-3.10123e-34 2.4973e-35 0)
(-3.44717e-34 4.27984e-35 0)
(-4.38411e-34 6.66946e-35 0)
(-6.63646e-34 1.18727e-34 0)
(-9.17204e-34 2.03185e-34 0)
(-8.66983e-34 2.47122e-34 0)
(-4.22821e-34 6.17219e-35 0)
(-1.41966e-34 -4.59345e-34 0)
(-2.25828e-34 -8.14528e-34 0)
(1.37519e-34 -7.91418e-34 0)
(1.72482e-34 -1.72203e-33 0)
(-2.70566e-34 -1.62014e-33 0)
(-4.07693e-34 -1.21214e-33 0)
(-3.08311e-34 -3.29055e-34 0)
(1.28503e-34 2.11782e-34 0)
(4.65874e-34 3.06576e-34 0)
(5.69443e-34 2.23855e-34 0)
(5.342e-34 1.86549e-34 0)
(3.77768e-34 1.60831e-34 0)
(1.79662e-34 1.57979e-34 0)
(8.3713e-35 2.46843e-34 0)
(-7.82414e-35 2.90746e-34 0)
(-3.05234e-34 4.97851e-34 0)
(-3.80097e-34 8.70553e-34 0)
(-2.18222e-34 1.21788e-33 0)
(1.51237e-34 1.39893e-33 0)
(5.12819e-34 1.16973e-33 0)
(6.53109e-34 7.68419e-34 0)
(5.781e-34 4.70947e-34 0)
(4.35939e-34 2.31259e-34 0)
(2.79538e-34 8.73105e-35 0)
(1.56508e-34 1.59223e-35 0)
(8.97956e-35 -1.40222e-35 0)
(6.66197e-35 -1.55984e-35 0)
(7.15906e-35 -7.09944e-36 0)
(8.86348e-35 -2.89382e-36 0)
(1.02107e-34 -3.19662e-36 0)
(1.02838e-34 -2.42345e-36 0)
(9.77186e-35 9.3844e-37 0)
(1.08644e-34 3.35911e-36 0)
(1.42414e-34 1.0501e-36 0)
(1.61885e-34 -4.34216e-36 0)
(1.35913e-34 1.24747e-36 0)
(1.26271e-34 2.55899e-35 0)
(2.11096e-34 3.09496e-35 0)
(3.39628e-34 -4.37821e-35 0)
(4.11875e-34 -1.78315e-34 0)
(4.28244e-34 -3.22431e-34 0)
(4.68356e-34 -5.04397e-34 0)
(5.50362e-34 -6.88994e-34 0)
(4.02155e-34 -7.54663e-34 0)
(-3.04248e-34 -3.8247e-34 0)
(-5.00576e-34 9.87227e-34 0)
(-8.37172e-35 1.47215e-33 0)
(3.34815e-34 1.73354e-33 0)
(7.44607e-34 1.33014e-33 0)
(8.60225e-34 9.31858e-34 0)
(8.37409e-34 5.39924e-34 0)
(7.17143e-34 2.41098e-34 0)
(5.8026e-34 4.14286e-35 0)
(4.7609e-34 -5.28766e-35 0)
(4.26886e-34 -6.4027e-35 0)
(4.31334e-34 -3.95372e-35 0)
(4.53654e-34 -1.21325e-35 0)
(4.27033e-34 1.64245e-35 0)
(3.25222e-34 6.77239e-35 0)
(2.4947e-34 1.51269e-34 0)
(3.26061e-34 2.07598e-34 0)
(5.03241e-34 1.25035e-34 0)
(6.86699e-34 -1.12876e-34 0)
(8.60864e-34 -4.60046e-34 0)
(5.42112e-34 -9.90962e-34 0)
(3.65581e-36 -8.10836e-34 0)
(-1.2072e-34 -4.4801e-34 0)
(-1.18949e-34 -2.20829e-34 0)
(-5.8157e-35 4.15498e-35 0)
(9.57731e-35 1.72696e-34 0)
(2.70854e-34 1.95316e-34 0)
(4.13761e-34 5.52833e-35 0)
(4.55729e-34 -1.83972e-34 0)
(3.73282e-34 -4.07058e-34 0)
(1.89674e-34 -5.183e-34 0)
(7.3185e-36 -4.25895e-34 0)
(-8.55353e-35 -2.49118e-34 0)
(-9.56655e-35 -9.1054e-35 0)
(-6.46306e-35 2.058e-35 0)
(-2.8219e-35 7.8016e-35 0)
(-5.70334e-35 -1.29809e-34 0)
(-6.05383e-35 -6.53551e-35 0)
(-3.89875e-35 -6.89477e-35 0)
(-5.3853e-35 -4.15733e-35 0)
(-5.95481e-35 -1.03379e-35 0)
(-8.81081e-35 3.72479e-35 0)
(-1.67035e-34 8.78529e-35 0)
(-2.39555e-34 1.41984e-34 0)
(-1.62964e-34 1.60026e-34 0)
(7.89478e-35 4.13304e-35 0)
(3.28154e-34 -2.18814e-34 0)
(4.60558e-34 -4.55112e-34 0)
(3.70176e-34 -5.38751e-34 0)
(-2.03904e-35 -3.8949e-34 0)
(-3.32083e-34 1.10148e-34 0)
(-2.70579e-34 5.59886e-34 0)
(-7.98845e-35 6.48274e-34 0)
(8.93816e-35 5.30952e-34 0)
(1.11442e-34 1.74901e-34 0)
(-7.73854e-35 -1.60368e-34 0)
(-3.3255e-34 -3.21061e-34 0)
(-5.16874e-34 -3.07345e-34 0)
(-5.71799e-34 -2.1903e-34 0)
(-5.3492e-34 -1.41211e-34 0)
(-4.66166e-34 -9.79442e-35 0)
(-4.08703e-34 -7.55823e-35 0)
(-3.98631e-34 -3.7757e-35 0)
(-4.82901e-34 5.54802e-35 0)
(-6.6532e-34 2.22633e-34 0)
(-8.17293e-34 4.4134e-34 0)
(-8.66558e-34 6.2544e-34 0)
(-9.16687e-34 6.91205e-34 0)
(-7.35395e-34 7.31091e-34 0)
(-2.48635e-34 4.1569e-34 0)
(1.3898e-34 -3.37926e-35 0)
(1.8775e-34 -2.44709e-34 0)
(-8.33674e-35 -6.42876e-35 0)
(-3.05277e-34 5.05226e-34 0)
(-4.44613e-34 9.59575e-34 0)
(-4.0854e-34 1.36251e-33 0)
(-2.19022e-34 1.23991e-33 0)
(-1.62693e-34 8.54617e-34 0)
(-2.2979e-34 2.77557e-34 0)
(-4.12191e-34 -1.55248e-34 0)
(-5.55035e-34 -3.2494e-34 0)
(-5.84772e-34 -2.92695e-34 0)
(-5.52574e-34 -1.46835e-34 0)
(-5.57996e-34 3.34896e-35 0)
(-6.2681e-34 1.92044e-34 0)
(-5.84158e-34 2.724e-34 0)
(-2.83348e-34 1.51355e-34 0)
(-4.82068e-35 -2.82715e-34 0)
(-1.05304e-34 -6.73295e-34 0)
(-2.3643e-34 -7.59686e-34 0)
(-3.86311e-34 -8.0163e-34 0)
(-5.34729e-34 -6.1195e-34 0)
(-5.51196e-34 -3.30356e-34 0)
(-4.16096e-34 -8.64484e-35 0)
(-2.46896e-34 5.7331e-35 0)
(-1.74761e-34 6.96195e-35 0)
(-1.69192e-34 4.99939e-35 0)
(-1.75616e-34 1.29974e-35 0)
(-1.87586e-34 -2.51973e-35 0)
(-1.92463e-34 -3.2173e-35 0)
(-2.5312e-34 -7.84096e-36 0)
(-5.11853e-34 2.11752e-34 0)
(-4.54035e-34 8.21671e-34 0)
(-9.56389e-35 8.69921e-34 0)
(1.26464e-34 7.35326e-34 0)
(2.25425e-34 3.58238e-34 0)
(1.4131e-34 1.22373e-34 0)
(4.18011e-35 3.70831e-35 0)
(-1.02453e-35 1.02643e-35 0)
(-2.96731e-35 -8.00369e-39 0)
(-3.57131e-35 -2.86075e-36 0)
(-3.67461e-35 -1.95358e-36 0)
(-3.61911e-35 -9.2233e-37 0)
(-3.50789e-35 -1.16877e-36 0)
(-3.60303e-35 -2.17554e-37 0)
(-4.63065e-35 4.40658e-36 0)
(-6.40343e-35 6.74176e-36 0)
(-5.83609e-35 -4.77031e-36 0)
(-6.50606e-36 -2.40641e-35 0)
(3.30589e-35 -3.06931e-35 0)
(-3.32136e-35 -8.66314e-37 0)
(-1.10211e-34 5.48914e-35 0)
(-9.18759e-35 1.33791e-34 0)
(-5.39156e-35 5.03816e-35 0)
(-8.79517e-36 -3.4153e-35 0)
(5.7826e-35 -1.07065e-34 0)
(4.33234e-35 -2.08003e-34 0)
(-3.46398e-35 -2.138e-34 0)
(-1.08109e-34 -1.40147e-34 0)
(-1.64454e-34 -1.15078e-34 0)
(-1.56746e-34 -6.84914e-35 0)
(-1.54597e-34 -1.3173e-34 0)
(-1.77672e-34 -2.14332e-34 0)
(-9.95571e-35 -2.52456e-34 0)
(-9.05247e-35 -3.75146e-34 0)
(-7.83058e-34 -2.19571e-34 0)
(-7.97669e-34 1.01723e-33 0)
(-2.15698e-34 1.02686e-33 0)
(3.6928e-35 9.31283e-34 0)
(1.42239e-34 2.15289e-34 0)
(-1.5728e-34 -7.53761e-35 0)
(-3.52943e-34 4.93234e-35 0)
(-4.86733e-34 1.52485e-34 0)
(-5.39648e-34 3.43377e-34 0)
(-1.6243e-34 4.50713e-34 0)
(-3.11539e-35 -6.56086e-36 0)
(-5.87334e-35 1.2191e-34 0)
(1.24078e-34 1.47448e-34 0)
(2.27264e-34 3.42493e-34 0)
(3.83447e-34 3.51505e-34 0)
(3.96481e-34 1.89926e-34 0)
(3.12695e-34 9.44442e-35 0)
(2.26348e-34 3.25103e-35 0)
(2.04908e-34 -6.84941e-36 0)
(2.17789e-34 -1.60999e-35 0)
(2.50412e-34 -1.19596e-35 0)
(2.85727e-34 -6.40061e-36 0)
(3.1216e-34 -4.40762e-36 0)
(3.3513e-34 -7.13333e-36 0)
(3.59219e-34 -8.91663e-36 0)
(3.82817e-34 -6.8011e-36 0)
(4.07469e-34 -5.59662e-36 0)
(4.70791e-34 -2.76055e-35 0)
(6.15306e-34 -6.75009e-35 0)
(8.57218e-34 -1.62137e-34 0)
(8.52012e-34 -2.64863e-34 0)
(2.17422e-34 -3.55848e-34 0)
(1.12247e-35 8.51082e-35 0)
(6.66711e-35 -3.55302e-34 0)
(-1.14551e-34 -5.45097e-34 0)
(1.37857e-35 -1.07414e-33 0)
(-2.28885e-34 -1.41454e-33 0)
(-5.37256e-34 -1.34993e-33 0)
(-5.99295e-34 -1.07424e-33 0)
(-5.23505e-34 -5.2434e-34 0)
(-2.12639e-34 -1.70968e-34 0)
(2.05105e-35 4.90857e-35 0)
(1.03933e-34 1.1636e-34 0)
(6.98608e-35 5.99789e-35 0)
(-1.59733e-35 1.60916e-35 0)
(-7.62665e-35 -4.66939e-36 0)
(-7.5677e-35 -4.51128e-36 0)
(-4.78879e-35 -5.20656e-36 0)
(-1.21651e-35 -6.38067e-36 0)
(1.93259e-35 -6.31084e-36 0)
(4.57536e-35 -4.15082e-36 0)
(6.55925e-35 -2.12124e-36 0)
(7.8217e-35 -8.83746e-37 0)
(8.44899e-35 -2.01871e-37 0)
(8.6335e-35 5.37433e-37 0)
(8.50065e-35 1.15037e-36 0)
(8.22877e-35 7.20208e-37 0)
(8.13677e-35 -1.23203e-36 0)
(8.07437e-35 -5.8374e-37 0)
(6.67694e-35 8.10764e-36 0)
(2.8662e-35 1.91614e-35 0)
(-1.25888e-35 1.81995e-35 0)
(-3.68409e-35 1.19802e-35 0)
(-7.16168e-35 3.44204e-36 0)
(-1.33874e-34 -7.86665e-36 0)
(-1.54402e-34 -4.98989e-36 0)
(-1.45328e-34 2.85869e-35 0)
(-3.16769e-34 5.42963e-35 0)
(-7.26893e-34 5.30619e-35 0)
(-1.0167e-33 7.36031e-35 0)
(-3.51587e-34 1.47118e-34 0)
(2.91569e-34 -8.86725e-34 0)
(1.58083e-34 -1.51341e-33 0)
(1.30941e-34 -1.60847e-33 0)
(-9.30439e-35 -1.96364e-33 0)
(-4.03297e-34 -1.52646e-33 0)
(-3.52929e-34 -9.81931e-34 0)
(-1.18264e-34 -3.29795e-34 0)
(1.48925e-34 1.52174e-34 0)
(2.88329e-34 3.03538e-34 0)
(2.15338e-34 2.06286e-34 0)
(2.83263e-35 7.48353e-35 0)
(-1.46816e-34 1.6512e-35 0)
(-2.53191e-34 1.58502e-35 0)
(-3.03623e-34 2.85306e-35 0)
(-3.35648e-34 4.18282e-35 0)
(-4.20169e-34 6.62655e-35 0)
(-6.32192e-34 1.26239e-34 0)
(-8.90132e-34 2.22327e-34 0)
(-8.97474e-34 2.73781e-34 0)
(-5.65529e-34 1.13664e-34 0)
(-3.19735e-34 -3.39066e-34 0)
(-3.11448e-34 -6.59089e-34 0)
(-2.7294e-35 -7.30229e-34 0)
(4.90666e-35 -1.30868e-33 0)
(-1.53875e-34 -1.17569e-33 0)
(-1.63119e-34 -8.14503e-34 0)
(-4.87151e-35 -2.08156e-34 0)
(2.50734e-34 1.94898e-34 0)
(4.71333e-34 2.71779e-34 0)
(5.46175e-34 2.15165e-34 0)
(5.20279e-34 1.72287e-34 0)
(3.75716e-34 1.52774e-34 0)
(2.04194e-34 1.7224e-34 0)
(1.15322e-34 2.72688e-34 0)
(-2.40523e-35 3.0815e-34 0)
(-1.8862e-34 4.81413e-34 0)
(-2.42459e-34 7.46591e-34 0)
(-1.2256e-34 9.85947e-34 0)
(1.42214e-34 1.08568e-33 0)
(3.93152e-34 9.48826e-34 0)
(5.09707e-34 6.5397e-34 0)
(4.61743e-34 4.14191e-34 0)
(3.4907e-34 2.13888e-34 0)
(2.28267e-34 8.38927e-35 0)
(1.32351e-34 1.75422e-35 0)
(8.21342e-35 -7.9895e-36 0)
(6.71292e-35 -1.12766e-35 0)
(7.35883e-35 -7.60561e-36 0)
(8.94701e-35 -5.97532e-36 0)
(1.02857e-34 -5.38393e-36 0)
(1.04486e-34 -1.73261e-36 0)
(9.89869e-35 3.77958e-36 0)
(1.07714e-34 4.53022e-36 0)
(1.39811e-34 -2.40892e-36 0)
(1.62243e-34 -1.11609e-35 0)
(1.44033e-34 -5.52776e-36 0)
(1.34463e-34 2.14015e-35 0)
(1.96132e-34 3.5066e-35 0)
(2.93412e-34 -1.88747e-35 0)
(3.50195e-34 -1.12471e-34 0)
(3.56812e-34 -2.15906e-34 0)
(3.88181e-34 -3.35572e-34 0)
(4.88477e-34 -4.70354e-34 0)
(4.56386e-34 -5.61593e-34 0)
(4.78114e-35 -3.58184e-34 0)
(-1.06271e-34 4.76497e-34 0)
(1.01564e-34 8.55571e-34 0)
(3.37296e-34 1.08699e-33 0)
(5.94395e-34 9.18532e-34 0)
(6.84769e-34 6.69437e-34 0)
(6.74149e-34 3.93184e-34 0)
(5.96904e-34 1.68766e-34 0)
(5.09973e-34 2.28361e-35 0)
(4.50058e-34 -4.45218e-35 0)
(4.28944e-34 -5.39716e-35 0)
(4.44354e-34 -3.68384e-35 0)
(4.70562e-34 -1.30508e-35 0)
(4.5243e-34 1.81063e-35 0)
(3.65046e-34 7.20745e-35 0)
(2.89341e-34 1.53257e-34 0)
(3.22391e-34 2.1173e-34 0)
(4.24826e-34 1.59937e-34 0)
(5.43795e-34 -5.57177e-36 0)
(6.59822e-34 -2.44136e-34 0)
(4.68255e-34 -5.71783e-34 0)
(1.3134e-34 -4.54868e-34 0)
(2.18186e-35 -2.24011e-34 0)
(-2.93669e-37 -6.3041e-35 0)
(3.01125e-35 9.43724e-35 0)
(1.18003e-34 1.6001e-34 0)
(2.25405e-34 1.33991e-34 0)
(3.13732e-34 1.7371e-35 0)
(3.42461e-34 -1.44545e-34 0)
(2.96082e-34 -2.84769e-34 0)
(1.87563e-34 -3.42482e-34 0)
(7.34748e-35 -2.844e-34 0)
(1.4105e-36 -1.64529e-34 0)
(-2.20294e-35 -4.85164e-35 0)
(-1.65777e-35 3.78538e-35 0)
(-4.05859e-36 8.43427e-35 0)
(-1.87301e-35 -1.48385e-34 0)
(-3.86256e-35 -7.94493e-35 0)
(-2.88631e-35 -6.38563e-35 0)
(-3.9278e-35 -3.52894e-35 0)
(-4.21161e-35 -9.30922e-36 0)
(-6.5182e-35 2.47168e-35 0)
(-1.39594e-34 6.96067e-35 0)
(-2.1844e-34 1.2581e-34 0)
(-1.82161e-34 1.54924e-34 0)
(-4.86234e-36 6.87744e-35 0)
(2.14276e-34 -1.37699e-34 0)
(3.8222e-34 -3.45804e-34 0)
(3.78514e-34 -4.3935e-34 0)
(1.1905e-34 -3.3853e-34 0)
(-1.268e-34 5.30175e-35 0)
(-1.49505e-34 4.06839e-34 0)
(-7.96545e-35 5.10429e-34 0)
(-5.79521e-36 4.29601e-34 0)
(-2.70428e-35 1.78047e-34 0)
(-1.78838e-34 -6.60513e-35 0)
(-3.67924e-34 -1.94838e-34 0)
(-5.03806e-34 -2.08675e-34 0)
(-5.44666e-34 -1.64312e-34 0)
(-5.14855e-34 -1.22408e-34 0)
(-4.54408e-34 -9.8475e-35 0)
(-3.95243e-34 -8.14531e-35 0)
(-3.68191e-34 -4.55158e-35 0)
(-4.23033e-34 4.30747e-35 0)
(-5.76945e-34 2.03502e-34 0)
(-7.2351e-34 4.16265e-34 0)
(-8.04677e-34 6.09966e-34 0)
(-8.85511e-34 6.97005e-34 0)
(-7.81477e-34 7.65185e-34 0)
(-3.97516e-34 5.331e-34 0)
(-6.50887e-36 1.60087e-34 0)
(1.49523e-34 -1.11963e-34 0)
(2.77315e-35 -9.16981e-35 0)
(-1.35126e-34 2.47668e-34 0)
(-2.97487e-34 5.35774e-34 0)
(-3.61374e-34 8.14548e-34 0)
(-3.11452e-34 7.2481e-34 0)
(-3.29125e-34 4.51164e-34 0)
(-3.99899e-34 7.15985e-35 0)
(-5.10635e-34 -2.12289e-34 0)
(-5.7131e-34 -3.05997e-34 0)
(-5.46535e-34 -2.56125e-34 0)
(-4.87946e-34 -1.27418e-34 0)
(-4.88859e-34 3.54308e-35 0)
(-5.74607e-34 1.92863e-34 0)
(-5.84306e-34 2.90163e-34 0)
(-3.82014e-34 2.2037e-34 0)
(-1.99243e-34 -1.31202e-34 0)
(-1.98279e-34 -4.49144e-34 0)
(-2.61828e-34 -5.621e-34 0)
(-3.56456e-34 -5.74798e-34 0)
(-4.50451e-34 -4.24408e-34 0)
(-4.59956e-34 -1.9722e-34 0)
(-3.54735e-34 -1.91396e-35 0)
(-2.28051e-34 6.38109e-35 0)
(-1.8047e-34 4.08714e-35 0)
(-1.80362e-34 2.02498e-35 0)
(-1.8902e-34 -1.90761e-35 0)
(-1.95675e-34 -4.48227e-35 0)
(-1.90094e-34 -5.70772e-35 0)
(-2.17512e-34 -3.42213e-35 0)
(-3.86467e-34 1.0073e-34 0)
(-3.50937e-34 5.3142e-34 0)
(-1.04386e-34 5.79704e-34 0)
(5.60837e-35 5.05176e-34 0)
(1.36894e-34 2.71105e-34 0)
(9.11654e-35 1.04147e-34 0)
(2.27065e-35 3.42815e-35 0)
(-1.68927e-35 9.57825e-36 0)
(-3.19836e-35 1.51982e-37 0)
(-3.60383e-35 -2.33227e-36 0)
(-3.64281e-35 -1.38477e-36 0)
(-3.61493e-35 -5.93422e-37 0)
(-3.50478e-35 -1.55033e-36 0)
(-3.49149e-35 -1.02179e-36 0)
(-4.47093e-35 5.00731e-36 0)
(-6.55874e-35 9.78039e-36 0)
(-6.44319e-35 -2.82348e-36 0)
(-1.2015e-35 -2.70945e-35 0)
(3.68084e-35 -3.90253e-35 0)
(-1.76292e-35 -8.6272e-36 0)
(-8.40943e-35 5.12567e-35 0)
(-8.99887e-35 1.54887e-34 0)
(-8.0649e-35 7.52539e-35 0)
(-3.5708e-35 1.12161e-35 0)
(2.74982e-35 -7.97146e-35 0)
(2.6935e-35 -1.71139e-34 0)
(-2.17013e-35 -1.74606e-34 0)
(-9.1631e-35 -9.67835e-35 0)
(-1.55559e-34 -7.86094e-35 0)
(-1.60631e-34 -5.4917e-35 0)
(-1.80597e-34 -1.06901e-34 0)
(-1.99587e-34 -2.1582e-34 0)
(-1.2513e-34 -2.43474e-34 0)
(-9.31956e-35 -3.66755e-34 0)
(-6.01391e-34 -2.80577e-34 0)
(-6.33513e-34 6.21414e-34 0)
(-2.25568e-34 6.26022e-34 0)
(-5.49009e-35 5.76572e-34 0)
(2.27174e-35 1.52111e-34 0)
(-1.75904e-34 -5.69903e-35 0)
(-3.20234e-34 6.5199e-35 0)
(-4.44526e-34 1.4281e-34 0)
(-4.94704e-34 3.20852e-34 0)
(-2.03302e-34 4.23289e-34 0)
(-7.23151e-35 9.72052e-35 0)
(-3.98699e-35 1.85216e-34 0)
(1.45106e-34 2.01983e-34 0)
(2.46996e-34 2.90297e-34 0)
(3.63516e-34 2.97542e-34 0)
(3.62035e-34 1.65836e-34 0)
(2.90956e-34 8.23675e-35 0)
(2.12501e-34 2.7477e-35 0)
(1.98327e-34 -6.358e-36 0)
(2.17026e-34 -1.4689e-35 0)
(2.51718e-34 -1.11256e-35 0)
(2.86782e-34 -5.89495e-36 0)
(3.12002e-34 -4.07424e-36 0)
(3.34406e-34 -7.40117e-36 0)
(3.59321e-34 -9.66999e-36 0)
(3.83597e-34 -6.46215e-36 0)
(4.04794e-34 -2.31889e-36 0)
(4.6242e-34 -2.41086e-35 0)
(5.97241e-34 -6.05195e-35 0)
(8.31627e-34 -1.49877e-34 0)
(8.26792e-34 -2.34182e-34 0)
(2.57826e-34 -3.20394e-34 0)
(1.14151e-35 3.3793e-35 0)
(-1.3334e-35 -3.16207e-34 0)
(-2.00329e-34 -5.20911e-34 0)
(-8.67319e-35 -9.04514e-34 0)
(-2.59113e-34 -1.19887e-33 0)
(-4.918e-34 -1.10307e-33 0)
(-4.98763e-34 -8.72815e-34 0)
(-4.12784e-34 -4.19427e-34 0)
(-1.43389e-34 -1.2309e-34 0)
(5.39911e-35 4.30606e-35 0)
(1.05123e-34 9.52874e-35 0)
(5.79089e-35 5.02285e-35 0)
(-2.39878e-35 1.68337e-35 0)
(-7.92788e-35 -2.6955e-36 0)
(-7.60291e-35 -4.43793e-36 0)
(-4.81819e-35 -5.88968e-36 0)
(-1.2244e-35 -6.55094e-36 0)
(1.96674e-35 -6.18941e-36 0)
(4.63372e-35 -4.13393e-36 0)
(6.60539e-35 -2.24933e-36 0)
(7.85034e-35 -1.03787e-36 0)
(8.4714e-35 -3.18288e-37 0)
(8.6553e-35 5.10071e-37 0)
(8.50439e-35 1.23889e-36 0)
(8.18969e-35 8.41805e-37 0)
(8.10871e-35 -1.54596e-36 0)
(8.21693e-35 -1.56857e-36 0)
(6.99942e-35 7.82287e-36 0)
(3.02986e-35 2.09791e-35 0)
(-1.39495e-35 1.93066e-35 0)
(-3.94285e-35 1.06666e-35 0)
(-7.49659e-35 7.42925e-37 0)
(-1.35211e-34 -1.271e-35 0)
(-1.47814e-34 -8.88826e-36 0)
(-1.33701e-34 3.24797e-35 0)
(-3.08023e-34 7.46264e-35 0)
(-7.19187e-34 1.0944e-34 0)
(-1.00797e-33 1.4958e-34 0)
(-5.03959e-34 1.61486e-34 0)
(3.90338e-35 -7.60509e-34 0)
(4.2708e-35 -1.32868e-33 0)
(7.33097e-35 -1.46033e-33 0)
(-6.26679e-35 -1.64265e-33 0)
(-2.45891e-34 -1.24307e-33 0)
(-1.67641e-34 -7.30805e-34 0)
(4.40343e-35 -1.94583e-34 0)
(2.34445e-34 1.54e-34 0)
(2.93775e-34 2.53731e-34 0)
(1.81703e-34 1.74139e-34 0)
(4.88044e-38 6.89245e-35 0)
(-1.55924e-34 2.0364e-35 0)
(-2.51594e-34 2.02579e-35 0)
(-3.00116e-34 2.93517e-35 0)
(-3.30176e-34 3.68586e-35 0)
(-4.06109e-34 5.53831e-35 0)
(-6.041e-34 1.12283e-34 0)
(-8.61217e-34 2.15996e-34 0)
(-9.1061e-34 2.88306e-34 0)
(-6.6368e-34 1.69988e-34 0)
(-4.46209e-34 -2.16033e-34 0)
(-3.79561e-34 -4.90549e-34 0)
(-1.24051e-34 -5.82096e-34 0)
(-8.6855e-36 -9.68755e-34 0)
(-7.1526e-35 -8.51286e-34 0)
(-1.33675e-35 -5.58354e-34 0)
(1.05365e-34 -1.20796e-34 0)
(3.25651e-34 1.91355e-34 0)
(4.7418e-34 2.4649e-34 0)
(5.28535e-34 2.0422e-34 0)
(5.08567e-34 1.5286e-34 0)
(3.77404e-34 1.392e-34 0)
(2.29091e-34 1.63056e-34 0)
(1.40561e-34 2.7405e-34 0)
(1.07587e-35 2.94156e-34 0)
(-1.17096e-34 4.40503e-34 0)
(-1.62089e-34 6.2622e-34 0)
(-7.05615e-35 8.05372e-34 0)
(1.3502e-34 8.56948e-34 0)
(3.2317e-34 7.6651e-34 0)
(4.18323e-34 5.39619e-34 0)
(3.8426e-34 3.45397e-34 0)
(2.89913e-34 1.80819e-34 0)
(1.92424e-34 7.18669e-35 0)
(1.15534e-34 1.54157e-35 0)
(7.68789e-35 -5.23679e-36 0)
(6.68764e-35 -8.3212e-36 0)
(7.41011e-35 -7.0567e-36 0)
(8.9691e-35 -7.48744e-36 0)
(1.0398e-34 -7.035e-36 0)
(1.06903e-34 -1.37551e-36 0)
(1.0053e-34 6.91732e-36 0)
(1.059e-34 7.84929e-36 0)
(1.35396e-34 -3.1078e-36 0)
(1.60664e-34 -1.816e-35 0)
(1.51146e-34 -1.65614e-35 0)
(1.44945e-34 1.31983e-35 0)
(1.9111e-34 3.7691e-35 0)
(2.67933e-34 2.33061e-36 0)
(3.15746e-34 -6.02784e-35 0)
(3.18596e-34 -1.33015e-34 0)
(3.42979e-34 -2.08099e-34 0)
(4.40297e-34 -3.09441e-34 0)
(4.61799e-34 -4.14267e-34 0)
(2.19631e-34 -3.24815e-34 0)
(1.10115e-34 2.14503e-34 0)
(2.22494e-34 5.01923e-34 0)
(3.62978e-34 6.97363e-34 0)
(5.28626e-34 6.27464e-34 0)
(5.89883e-34 4.68291e-34 0)
(5.79425e-34 2.74901e-34 0)
(5.25585e-34 1.10662e-34 0)
(4.69279e-34 4.70105e-36 0)
(4.35842e-34 -4.16391e-35 0)
(4.30867e-34 -4.58689e-35 0)
(4.52859e-34 -3.17145e-35 0)
(4.82579e-34 -1.23102e-35 0)
(4.71918e-34 1.48063e-35 0)
(3.9671e-34 6.34057e-35 0)
(3.23381e-34 1.39848e-34 0)
(3.28432e-34 2.01379e-34 0)
(3.83906e-34 1.73358e-34 0)
(4.64505e-34 6.22966e-35 0)
(5.4796e-34 -1.03277e-34 0)
(4.25909e-34 -3.32871e-34 0)
(1.98465e-34 -2.59572e-34 0)
(9.92653e-35 -1.09985e-34 0)
(6.12164e-35 2.37857e-36 0)
(6.94848e-35 9.59063e-35 0)
(1.19678e-34 1.26563e-34 0)
(1.90357e-34 9.25082e-35 0)
(2.539e-34 1.30914e-36 0)
(2.80728e-34 -1.11223e-34 0)
(2.57642e-34 -2.03243e-34 0)
(1.89622e-34 -2.34198e-34 0)
(1.11802e-34 -1.91465e-34 0)
(5.3339e-35 -1.03513e-34 0)
(2.38149e-35 -1.48852e-35 0)
(1.40836e-35 5.29639e-35 0)
(1.39704e-35 8.9455e-35 0)
(3.83848e-36 -1.37772e-34 0)
(-2.03081e-35 -7.94621e-35 0)
(-1.83605e-35 -5.77548e-35 0)
(-2.80854e-35 -2.98416e-35 0)
(-3.10822e-35 -7.7662e-36 0)
(-5.08428e-35 1.61891e-35 0)
(-1.19874e-34 5.11614e-35 0)
(-2.00281e-34 1.01651e-34 0)
(-1.89908e-34 1.35059e-34 0)
(-5.642e-35 7.46847e-35 0)
(1.37978e-34 -8.58385e-35 0)
(3.23543e-34 -2.64404e-34 0)
(3.74468e-34 -3.56772e-34 0)
(2.02869e-34 -2.98156e-34 0)
(3.76201e-36 6.04443e-36 0)
(-6.61077e-35 2.84625e-34 0)
(-7.06666e-35 3.90799e-34 0)
(-5.88308e-35 3.40747e-34 0)
(-1.08191e-34 1.63725e-34 0)
(-2.41464e-34 -1.81586e-35 0)
(-3.9445e-34 -1.20553e-34 0)
(-5.02738e-34 -1.4608e-34 0)
(-5.33694e-34 -1.26433e-34 0)
(-5.06074e-34 -1.04404e-34 0)
(-4.48442e-34 -9.09708e-35 0)
(-3.86241e-34 -7.83072e-35 0)
(-3.46292e-34 -4.81199e-35 0)
(-3.78876e-34 2.85065e-35 0)
(-5.10339e-34 1.71079e-34 0)
(-6.49663e-34 3.63981e-34 0)
(-7.51766e-34 5.5136e-34 0)
(-8.54121e-34 6.445e-34 0)
(-8.0332e-34 7.25509e-34 0)
(-4.95188e-34 5.49916e-34 0)
(-1.2041e-34 2.37254e-34 0)
(9.02163e-35 -5.29533e-35 0)
(6.51898e-35 -1.19975e-34 0)
(-5.11131e-35 7.65839e-35 0)
(-2.17299e-34 2.61356e-34 0)
(-3.33106e-34 4.60926e-34 0)
(-3.62895e-34 4.04872e-34 0)
(-4.20396e-34 2.14527e-34 0)
(-4.90727e-34 -3.70595e-35 0)
(-5.60453e-34 -2.23704e-34 0)
(-5.73185e-34 -2.72728e-34 0)
(-5.16993e-34 -2.18437e-34 0)
(-4.41931e-34 -1.08879e-34 0)
(-4.37321e-34 3.23417e-35 0)
(-5.31748e-34 1.77645e-34 0)
(-5.74887e-34 2.78205e-34 0)
(-4.41125e-34 2.47463e-34 0)
(-2.97094e-34 -3.01078e-35 0)
(-2.64117e-34 -2.8195e-34 0)
(-2.82241e-34 -3.97971e-34 0)
(-3.36192e-34 -4.02677e-34 0)
(-3.97163e-34 -2.86746e-34 0)
(-4.0396e-34 -1.10955e-34 0)
(-3.21156e-34 1.78727e-35 0)
(-2.24211e-34 6.54969e-35 0)
(-1.89601e-34 2.27251e-35 0)
(-1.9012e-34 2.01171e-36 0)
(-1.98495e-34 -3.90082e-35 0)
(-2.00939e-34 -5.40211e-35 0)
(-1.88765e-34 -6.86587e-35 0)
(-1.97931e-34 -4.5963e-35 0)
(-3.1527e-34 4.09678e-35 0)
(-2.88407e-34 3.54318e-34 0)
(-1.05141e-34 4.00969e-34 0)
(2.02965e-35 3.58347e-34 0)
(8.84186e-35 2.04135e-34 0)
(6.1125e-35 8.39841e-35 0)
(1.00967e-35 2.90317e-35 0)
(-2.15885e-35 8.15736e-36 0)
(-3.3613e-35 9.18977e-38 0)
(-3.62261e-35 -1.93842e-36 0)
(-3.61805e-35 -9.22994e-37 0)
(-3.62299e-35 -2.47328e-37 0)
(-3.51975e-35 -1.71623e-36 0)
(-3.39467e-35 -1.76526e-36 0)
(-4.29276e-35 4.87656e-36 0)
(-6.6533e-35 1.16137e-35 0)
(-6.98915e-35 -6.02717e-37 0)
(-1.77062e-35 -2.69869e-35 0)
(3.88865e-35 -4.27193e-35 0)
(-5.24038e-36 -1.50776e-35 0)
(-6.017e-35 4.1441e-35 0)
(-8.4796e-35 1.57578e-34 0)
(-9.82237e-35 8.60209e-35 0)
(-5.59775e-35 4.36744e-35 0)
(2.79094e-36 -5.28169e-35 0)
(1.46424e-35 -1.3224e-34 0)
(-1.23552e-35 -1.39605e-34 0)
(-7.93997e-35 -6.99424e-35 0)
(-1.51693e-34 -5.44829e-35 0)
(-1.64884e-34 -4.86041e-35 0)
(-2.01646e-34 -8.74846e-35 0)
(-2.17481e-34 -2.01227e-34 0)
(-1.43478e-34 -2.17836e-34 0)
(-1.0075e-34 -3.30707e-34 0)
(-4.95601e-34 -2.80686e-34 0)
(-5.34523e-34 3.82636e-34 0)
(-2.28917e-34 3.95764e-34 0)
(-9.99532e-35 3.66474e-34 0)
(-3.97885e-35 1.04972e-34 0)
(-1.82751e-34 -4.71114e-35 0)
(-2.97007e-34 7.03182e-35 0)
(-4.15523e-34 1.25458e-34 0)
(-4.62018e-34 2.83095e-34 0)
(-2.24679e-34 3.69179e-34 0)
(-9.72281e-35 1.37385e-34 0)
(-2.97156e-35 1.90651e-34 0)
(1.53354e-34 2.06538e-34 0)
(2.53973e-34 2.41481e-34 0)
(3.50047e-34 2.45545e-34 0)
(3.38826e-34 1.38461e-34 0)
(2.75871e-34 6.87152e-35 0)
(2.02858e-34 2.22977e-35 0)
(1.93786e-34 -6.05662e-36 0)
(2.16528e-34 -1.29536e-35 0)
(2.52694e-34 -9.61484e-36 0)
(2.87553e-34 -4.91715e-36 0)
(3.11788e-34 -3.44671e-36 0)
(3.33717e-34 -7.04987e-36 0)
(3.59448e-34 -9.60724e-36 0)
(3.84622e-34 -5.84904e-36 0)
(4.03018e-34 3.69816e-37 0)
(4.56223e-34 -2.00815e-35 0)
(5.83987e-34 -5.16717e-35 0)
(8.14006e-34 -1.31192e-34 0)
(8.09764e-34 -1.95589e-34 0)
(2.83409e-34 -2.68672e-34 0)
(1.25688e-35 1.39176e-35 0)
(-6.85885e-35 -2.57038e-34 0)
(-2.57334e-34 -4.49447e-34 0)
(-1.50643e-34 -7.34728e-34 0)
(-2.77073e-34 -9.79069e-34 0)
(-4.58382e-34 -8.80756e-34 0)
(-4.32209e-34 -6.92808e-34 0)
(-3.39562e-34 -3.29275e-34 0)
(-9.84879e-35 -8.88196e-35 0)
(7.47748e-35 3.71218e-35 0)
(1.05686e-34 7.77932e-35 0)
(5.01842e-35 4.09851e-35 0)
(-2.92955e-35 1.52257e-35 0)
(-8.15994e-35 -1.83182e-36 0)
(-7.64641e-35 -4.07624e-36 0)
(-4.84222e-35 -5.69346e-36 0)
(-1.22477e-35 -6.0685e-36 0)
(1.99452e-35 -5.60566e-36 0)
(4.67712e-35 -3.75132e-36 0)
(6.6396e-35 -2.08001e-36 0)
(7.87202e-35 -1.00081e-36 0)
(8.48944e-35 -3.55912e-37 0)
(8.67423e-35 4.54097e-37 0)
(8.50913e-35 1.22629e-36 0)
(8.1551e-35 9.02493e-37 0)
(8.07404e-35 -1.65093e-36 0)
(8.32678e-35 -2.26786e-36 0)
(7.2822e-35 6.93433e-36 0)
(3.17474e-35 2.09604e-35 0)
(-1.53648e-35 1.88737e-35 0)
(-4.18804e-35 8.77185e-36 0)
(-7.80108e-35 -1.34593e-36 0)
(-1.365e-34 -1.57839e-35 0)
(-1.41885e-34 -1.24323e-35 0)
(-1.22234e-34 3.06385e-35 0)
(-2.95762e-34 8.02578e-35 0)
(-7.06479e-34 1.35829e-34 0)
(-1.00185e-33 1.91977e-34 0)
(-6.1344e-34 1.85814e-34 0)
(-1.38487e-34 -5.89612e-34 0)
(-4.40299e-35 -1.07731e-33 0)
(3.85809e-35 -1.21678e-33 0)
(-3.02509e-35 -1.31543e-33 0)
(-1.34485e-34 -9.73858e-34 0)
(-4.16738e-35 -5.4156e-34 0)
(1.4658e-34 -1.12606e-34 0)
(2.84243e-34 1.4409e-34 0)
(2.9462e-34 2.10071e-34 0)
(1.59259e-34 1.43342e-34 0)
(-1.85506e-35 5.85803e-35 0)
(-1.61728e-34 1.95805e-35 0)
(-2.50428e-34 2.13661e-35 0)
(-2.98404e-34 2.81881e-35 0)
(-3.27422e-34 3.0891e-35 0)
(-3.96559e-34 4.32716e-35 0)
(-5.82055e-34 9.21823e-35 0)
(-8.35341e-34 1.92142e-34 0)
(-9.13052e-34 2.73418e-34 0)
(-7.27117e-34 1.92707e-34 0)
(-5.31611e-34 -1.22359e-34 0)
(-4.28948e-34 -3.48201e-34 0)
(-1.83355e-34 -4.40851e-34 0)
(-3.92996e-35 -7.12539e-34 0)
(-1.88987e-35 -6.2283e-34 0)
(7.87031e-35 -3.94401e-34 0)
(2.00472e-34 -6.975e-35 0)
(3.73116e-34 1.79071e-34 0)
(4.75613e-34 2.18174e-34 0)
(5.14906e-34 1.87048e-34 0)
(4.98599e-34 1.30803e-34 0)
(3.79138e-34 1.2091e-34 0)
(2.49822e-34 1.40432e-34 0)
(1.59944e-34 2.52043e-34 0)
(3.35746e-35 2.61538e-34 0)
(-7.29088e-35 3.8652e-34 0)
(-1.1444e-34 5.14816e-34 0)
(-4.11146e-35 6.53619e-34 0)
(1.28594e-34 6.77287e-34 0)
(2.80145e-34 6.1263e-34 0)
(3.59507e-34 4.35253e-34 0)
(3.33253e-34 2.7972e-34 0)
(2.50676e-34 1.46695e-34 0)
(1.68497e-34 5.84974e-35 0)
(1.0435e-34 1.24736e-35 0)
(7.3465e-35 -3.71964e-36 0)
(6.64922e-35 -6.12936e-36 0)
(7.39562e-35 -6.15518e-36 0)
(8.95194e-35 -8.04399e-36 0)
(1.05096e-34 -8.01321e-36 0)
(1.09585e-34 -1.19109e-36 0)
(1.02356e-34 9.31436e-36 0)
(1.03992e-34 1.10805e-35 0)
(1.30187e-34 -2.18275e-36 0)
(1.5739e-34 -2.22647e-35 0)
(1.56102e-34 -2.58897e-35 0)
(1.55049e-34 2.73909e-36 0)
(1.91386e-34 3.30999e-35 0)
(2.54626e-34 1.16913e-35 0)
(2.96533e-34 -2.92559e-35 0)
(2.97834e-34 -8.19739e-35 0)
(3.17524e-34 -1.29815e-34 0)
(4.06427e-34 -2.0489e-34 0)
(4.52106e-34 -3.03289e-34 0)
(3.05433e-34 -2.72502e-34 0)
(2.31428e-34 8.78266e-35 0)
(2.98728e-34 3.02634e-34 0)
(3.87486e-34 4.59783e-34 0)
(4.98298e-34 4.32895e-34 0)
(5.37484e-34 3.27922e-34 0)
(5.24414e-34 1.91182e-34 0)
(4.83338e-34 7.11853e-35 0)
(4.45601e-34 -6.49261e-36 0)
(4.28476e-34 -3.83963e-35 0)
(4.33062e-34 -3.82113e-35 0)
(4.58665e-34 -2.54436e-35 0)
(4.90536e-34 -9.64923e-36 0)
(4.85083e-34 1.21417e-35 0)
(4.19114e-34 5.15261e-35 0)
(3.49062e-34 1.17247e-34 0)
(3.36459e-34 1.74162e-34 0)
(3.62728e-34 1.58704e-34 0)
(4.20227e-34 8.37526e-35 0)
(4.82779e-34 -3.27707e-35 0)
(3.98604e-34 -2.02291e-34 0)
(2.3291e-34 -1.57368e-34 0)
(1.41331e-34 -6.05597e-35 0)
(9.42004e-35 1.8696e-35 0)
(8.77387e-35 7.7409e-35 0)
(1.16865e-34 9.12853e-35 0)
(1.67502e-34 6.17744e-35 0)
(2.18664e-34 -6.70702e-36 0)
(2.46307e-34 -8.55815e-35 0)
(2.37815e-34 -1.47908e-34 0)
(1.92951e-34 -1.64292e-34 0)
(1.35606e-34 -1.30498e-34 0)
(8.57064e-35 -6.31339e-35 0)
(5.29568e-35 5.95198e-36 0)
(3.36513e-35 5.94638e-35 0)
(2.71787e-35 8.75821e-35 0)
(1.64776e-35 -1.15982e-34 0)
(-7.41998e-36 -7.04864e-35 0)
(-9.78696e-36 -4.85036e-35 0)
(-2.00238e-35 -2.33497e-35 0)
(-2.43379e-35 -5.4768e-36 0)
(-4.24939e-35 1.07956e-35 0)
(-1.0704e-34 3.61464e-35 0)
(-1.86826e-34 7.77581e-35 0)
(-1.92548e-34 1.09527e-34 0)
(-8.7914e-35 6.68391e-35 0)
(8.7786e-35 -5.66838e-35 0)
(2.81959e-34 -2.05544e-34 0)
(3.66574e-34 -2.87595e-34 0)
(2.52762e-34 -2.57072e-34 0)
(8.65872e-35 -2.14403e-35 0)
(-9.66449e-36 1.96441e-34 0)
(-5.98373e-35 2.95228e-34 0)
(-8.80979e-35 2.655e-34 0)
(-1.56197e-34 1.40458e-34 0)
(-2.8043e-34 3.51975e-36 0)
(-4.13154e-34 -7.69785e-35 0)
(-5.0548e-34 -1.05132e-34 0)
(-5.29651e-34 -9.84362e-35 0)
(-5.02231e-34 -8.70844e-35 0)
(-4.45257e-34 -7.91455e-35 0)
(-3.80449e-34 -6.94401e-35 0)
(-3.31585e-34 -4.53819e-35 0)
(-3.48381e-34 1.73543e-35 0)
(-4.63361e-34 1.37251e-34 0)
(-5.95608e-34 3.01793e-34 0)
(-7.10986e-34 4.70316e-34 0)
(-8.27924e-34 5.58073e-34 0)
(-8.13307e-34 6.39328e-34 0)
(-5.5916e-34 5.0489e-34 0)
(-2.04074e-34 2.48279e-34 0)
(3.43716e-35 -2.51626e-35 0)
(7.20255e-35 -1.27536e-34 0)
(-9.63534e-36 -1.57401e-35 0)
(-1.72437e-34 1.05464e-34 0)
(-3.15013e-34 2.51099e-34 0)
(-3.9081e-34 2.18759e-34 0)
(-4.70758e-34 8.63548e-35 0)
(-5.39859e-34 -8.29198e-35 0)
(-5.85818e-34 -2.0731e-34 0)
(-5.70274e-34 -2.31359e-34 0)
(-4.95798e-34 -1.80122e-34 0)
(-4.10461e-34 -9.01794e-35 0)
(-4.00906e-34 2.75583e-35 0)
(-4.99704e-34 1.53828e-34 0)
(-5.63566e-34 2.46226e-34 0)
(-4.75874e-34 2.39078e-34 0)
(-3.59307e-34 2.32497e-35 0)
(-3.08669e-34 -1.72449e-34 0)
(-2.97712e-34 -2.78145e-34 0)
(-3.23427e-34 -2.81285e-34 0)
(-3.64019e-34 -1.9276e-34 0)
(-3.69974e-34 -5.87199e-35 0)
(-3.026e-34 3.40754e-35 0)
(-2.26018e-34 6.17388e-35 0)
(-1.985e-34 1.17977e-35 0)
(-1.9795e-34 -7.03312e-36 0)
(-2.05055e-34 -4.6572e-35 0)
(-2.04159e-34 -5.39702e-35 0)
(-1.87842e-34 -6.85361e-35 0)
(-1.86449e-34 -4.68815e-35 0)
(-2.73612e-34 1.17627e-35 0)
(-2.4988e-34 2.43339e-34 0)
(-1.03478e-34 2.84691e-34 0)
(1.19605e-36 2.59456e-34 0)
(6.08786e-35 1.53447e-34 0)
(4.30122e-35 6.57655e-35 0)
(2.02032e-36 2.33916e-35 0)
(-2.47296e-35 6.56429e-36 0)
(-3.47043e-35 -2.61155e-38 0)
(-3.63166e-35 -1.6083e-36 0)
(-3.59816e-35 -5.68144e-37 0)
(-3.63497e-35 3.88152e-38 0)
(-3.54319e-35 -1.68928e-36 0)
(-3.32028e-35 -2.22834e-36 0)
(-4.12772e-35 4.32827e-36 0)
(-6.70157e-35 1.20788e-35 0)
(-7.42937e-35 1.02844e-36 0)
(-2.26909e-35 -2.4883e-35 0)
(3.98738e-35 -4.17427e-35 0)
(3.66777e-36 -1.77591e-35 0)
(-4.08842e-35 3.06413e-35 0)
(-7.89507e-35 1.45714e-34 0)
(-1.09268e-34 8.39555e-35 0)
(-7.0165e-35 5.80978e-35 0)
(-1.5826e-35 -3.30764e-35 0)
(5.60397e-36 -9.97329e-35 0)
(-6.43475e-36 -1.09675e-34 0)
(-7.0878e-35 -5.19713e-35 0)
(-1.50233e-34 -3.80212e-35 0)
(-1.68475e-34 -4.3073e-35 0)
(-2.17038e-34 -7.02392e-35 0)
(-2.30639e-34 -1.7622e-34 0)
(-1.55835e-34 -1.84744e-34 0)
(-1.07892e-34 -2.81516e-34 0)
(-4.32938e-34 -2.49459e-34 0)
(-4.74085e-34 2.40748e-34 0)
(-2.29513e-34 2.585e-34 0)
(-1.23008e-34 2.39263e-34 0)
(-7.36503e-35 7.30572e-35 0)
(-1.84381e-34 -3.96713e-35 0)
(-2.80914e-34 6.71449e-35 0)
(-3.96293e-34 1.05374e-34 0)
(-4.39711e-34 2.38536e-34 0)
(-2.36187e-34 3.05668e-34 0)
(-1.12531e-34 1.40676e-34 0)
(-2.43062e-35 1.70884e-34 0)
(1.56618e-34 1.86242e-34 0)
(2.55935e-34 1.95656e-34 0)
(3.41038e-34 1.97451e-34 0)
(3.23498e-34 1.11715e-34 0)
(2.65787e-34 5.51389e-35 0)
(1.96386e-34 1.74557e-35 0)
(1.90759e-34 -5.62022e-36 0)
(2.16254e-34 -1.10182e-35 0)
(2.53414e-34 -7.84291e-36 0)
(2.88083e-34 -3.80852e-36 0)
(3.11567e-34 -2.76143e-36 0)
(3.33134e-34 -6.31172e-36 0)
(3.59563e-34 -8.87053e-36 0)
(3.85619e-34 -5.03738e-36 0)
(4.01876e-34 2.11162e-36 0)
(4.51813e-34 -1.62669e-35 0)
(5.74706e-34 -4.27913e-35 0)
(8.02452e-34 -1.10304e-34 0)
(7.99023e-34 -1.56842e-34 0)
(2.99724e-34 -2.14744e-34 0)
(1.39434e-35 6.57767e-36 0)
(-1.053e-34 -2.01007e-34 0)
(-2.94633e-34 -3.67337e-34 0)
(-1.91118e-34 -5.81674e-34 0)
(-2.87878e-34 -7.77896e-34 0)
(-4.3536e-34 -6.894e-34 0)
(-3.89123e-34 -5.39825e-34 0)
(-2.92235e-34 -2.54065e-34 0)
(-6.98523e-35 -6.36328e-35 0)
(8.76375e-35 3.12258e-35 0)
(1.05887e-34 6.25184e-35 0)
(4.51628e-35 3.25398e-35 0)
(-3.27539e-35 1.25983e-35 0)
(-8.32301e-35 -1.46124e-36 0)
(-7.68188e-35 -3.56775e-36 0)
(-4.85938e-35 -5.02928e-36 0)
(-1.2228e-35 -5.23929e-36 0)
(2.01519e-35 -4.77292e-36 0)
(4.70789e-35 -3.17798e-36 0)
(6.66357e-35 -1.75913e-36 0)
(7.88701e-35 -8.61958e-37 0)
(8.50247e-35 -3.39835e-37 0)
(8.6891e-35 3.85992e-37 0)
(8.51385e-35 1.13469e-36 0)
(8.1275e-35 8.8794e-37 0)
(8.04073e-35 -1.5911e-36 0)
(8.40563e-35 -2.57822e-36 0)
(7.50852e-35 5.83134e-36 0)
(3.29171e-35 1.95126e-35 0)
(-1.66357e-35 1.72059e-35 0)
(-4.39182e-35 6.63879e-36 0)
(-8.04586e-35 -2.51155e-36 0)
(-1.37676e-34 -1.63543e-35 0)
(-1.37284e-34 -1.42911e-35 0)
(-1.12688e-34 2.59153e-35 0)
(-2.84206e-34 7.61342e-35 0)
(-6.93835e-34 1.37647e-34 0)
(-9.96527e-34 1.98015e-34 0)
(-6.87258e-34 1.8777e-34 0)
(-2.57843e-34 -4.39568e-34 0)
(-1.05001e-34 -8.40879e-34 0)
(1.65834e-35 -9.68944e-34 0)
(-4.83187e-36 -1.02659e-33 0)
(-5.99867e-35 -7.46865e-34 0)
(4.05211e-35 -3.99597e-34 0)
(2.10846e-34 -6.35125e-35 0)
(3.13536e-34 1.26527e-34 0)
(2.93696e-34 1.70091e-34 0)
(1.44345e-34 1.14756e-34 0)
(-3.06265e-35 4.71668e-35 0)
(-1.65214e-34 1.67665e-35 0)
(-2.4946e-34 2.02551e-35 0)
(-2.9767e-34 2.55166e-35 0)
(-3.26268e-34 2.48748e-35 0)
(-3.90467e-34 3.25971e-35 0)
(-5.6617e-34 7.25036e-35 0)
(-8.15055e-34 1.61189e-34 0)
(-9.11034e-34 2.39627e-34 0)
(-7.66889e-34 1.86206e-34 0)
(-5.87423e-34 -6.35543e-35 0)
(-4.62875e-34 -2.438e-34 0)
(-2.20524e-34 -3.27679e-34 0)
(-5.70043e-35 -5.24918e-34 0)
(1.36358e-35 -4.59214e-34 0)
(1.35384e-34 -2.84059e-34 0)
(2.60132e-34 -4.0749e-35 0)
(4.03552e-34 1.58357e-34 0)
(4.7633e-34 1.85646e-34 0)
(5.04768e-34 1.62809e-34 0)
(4.90599e-34 1.07443e-34 0)
(3.80108e-34 1.00164e-34 0)
(2.65347e-34 1.13405e-34 0)
(1.74124e-34 2.16949e-34 0)
(4.85897e-35 2.19947e-34 0)
(-4.54267e-35 3.25081e-34 0)
(-8.59606e-35 4.13609e-34 0)
(-2.40349e-35 5.21751e-34 0)
(1.23339e-34 5.30189e-34 0)
(2.53194e-34 4.82287e-34 0)
(3.21817e-34 3.43737e-34 0)
(3.00224e-34 2.21191e-34 0)
(2.25184e-34 1.15709e-34 0)
(1.52959e-34 4.59615e-35 0)
(9.71459e-35 9.55047e-36 0)
(7.13458e-35 -2.7485e-36 0)
(6.61608e-35 -4.41002e-36 0)
(7.35628e-35 -5.11386e-36 0)
(8.91628e-35 -7.86563e-36 0)
(1.06037e-34 -8.22731e-36 0)
(1.12094e-34 -1.06332e-36 0)
(1.04202e-34 1.04782e-35 0)
(1.0239e-34 1.29835e-35 0)
(1.25255e-34 -8.00726e-37 0)
(1.53516e-34 -2.30426e-35 0)
(1.59038e-34 -3.05699e-35 0)
(1.63297e-34 -5.51368e-36 0)
(1.93635e-34 2.57794e-35 0)
(2.47848e-34 1.3497e-35 0)
(2.85598e-34 -1.32485e-35 0)
(2.86068e-34 -5.25948e-35 0)
(3.02998e-34 -8.45041e-35 0)
(3.84011e-34 -1.39636e-34 0)
(4.40522e-34 -2.23507e-34 0)
(3.49682e-34 -2.19807e-34 0)
(3.00837e-34 2.80973e-35 0)
(3.46014e-34 1.87786e-34 0)
(4.05898e-34 3.10758e-34 0)
(4.8374e-34 3.02873e-34 0)
(5.07915e-34 2.31767e-34 0)
(4.92125e-34 1.33789e-34 0)
(4.58104e-34 4.56034e-35 0)
(4.31668e-34 -1.19132e-35 0)
(4.24824e-34 -3.40113e-35 0)
(4.35254e-34 -3.09184e-35 0)
(4.62741e-34 -1.92281e-35 0)
(4.95704e-34 -6.33207e-36 0)
(4.93424e-34 1.07688e-35 0)
(4.33786e-34 4.08431e-35 0)
(3.66722e-34 9.3716e-35 0)
(3.42972e-34 1.41788e-34 0)
(3.51184e-34 1.31624e-34 0)
(3.95065e-34 7.94762e-35 0)
(4.43939e-34 -3.21202e-36 0)
(3.80793e-34 -1.30778e-34 0)
(2.50903e-34 -1.02205e-34 0)
(1.64498e-34 -3.83498e-35 0)
(1.12565e-34 1.80149e-35 0)
(9.6764e-35 5.72139e-35 0)
(1.1394e-34 6.31808e-35 0)
(1.53445e-34 4.03839e-35 0)
(1.9802e-34 -1.02647e-35 0)
(2.26836e-34 -6.585e-35 0)
(2.27376e-34 -1.08946e-34 0)
(1.96202e-34 -1.17143e-34 0)
(1.50822e-34 -8.99008e-35 0)
(1.06223e-34 -3.75356e-35 0)
(7.15449e-35 1.64283e-35 0)
(4.60272e-35 5.82961e-35 0)
(3.66586e-35 7.9487e-35 0)
(2.37976e-35 -9.27424e-35 0)
(1.13228e-36 -5.793e-35 0)
(-3.54672e-36 -3.83191e-35 0)
(-1.45739e-35 -1.7176e-35 0)
(-2.03468e-35 -3.43099e-36 0)
(-3.77999e-35 7.41226e-36 0)
(-9.90994e-35 2.53083e-35 0)
(-1.77713e-34 5.78663e-35 0)
(-1.93317e-34 8.47762e-35 0)
(-1.07188e-34 5.38335e-35 0)
(5.53519e-35 -4.02084e-35 0)
(2.53938e-34 -1.6054e-34 0)
(3.59199e-34 -2.27676e-34 0)
(2.8254e-34 -2.13058e-34 0)
(1.38738e-34 -3.20403e-35 0)
(2.75214e-35 1.35743e-34 0)
(-5.05496e-35 2.20799e-34 0)
(-1.04386e-34 2.02953e-34 0)
(-1.84764e-34 1.14105e-34 0)
(-3.04608e-34 1.12045e-35 0)
(-4.25731e-34 -5.09826e-35 0)
(-5.08725e-34 -7.69658e-35 0)
(-5.28379e-34 -7.64029e-35 0)
(-5.00502e-34 -7.05186e-35 0)
(-4.43433e-34 -6.54289e-35 0)
(-3.76765e-34 -5.77988e-35 0)
(-3.22077e-34 -3.91464e-35 0)
(-3.28226e-34 1.0444e-35 0)
(-4.31884e-34 1.0718e-34 0)
(-5.58365e-34 2.40481e-34 0)
(-6.81938e-34 3.8288e-34 0)
(-8.08442e-34 4.58575e-34 0)
(-8.17819e-34 5.31536e-34 0)
(-6.00452e-34 4.28253e-34 0)
(-2.61958e-34 2.23662e-34 0)
(-9.14344e-36 -1.22401e-35 0)
(6.85556e-35 -1.18076e-34 0)
(1.11365e-35 -5.45085e-35 0)
(-1.46833e-34 2.68668e-35 0)
(-3.0339e-34 1.33509e-34 0)
(-4.05995e-34 1.15355e-34 0)
(-4.98909e-34 2.2534e-35 0)
(-5.66875e-34 -9.30441e-35 0)
(-5.98914e-34 -1.77064e-34 0)
(-5.66552e-34 -1.8775e-34 0)
(-4.8137e-34 -1.43168e-34 0)
(-3.89697e-34 -7.16985e-35 0)
(-3.76322e-34 2.29185e-35 0)
(-4.77421e-34 1.27239e-34 0)
(-5.53975e-34 2.04966e-34 0)
(-4.96266e-34 2.09042e-34 0)
(-3.98269e-34 4.36951e-35 0)
(-3.3773e-34 -1.05522e-34 0)
(-3.08625e-34 -1.94443e-34 0)
(-3.15566e-34 -1.97101e-34 0)
(-3.43561e-34 -1.2985e-34 0)
(-3.49493e-34 -2.88205e-35 0)
(-2.92244e-34 3.74378e-35 0)
(-2.2918e-34 5.38695e-35 0)
(-2.05636e-34 5.4779e-36 0)
(-2.03693e-34 -1.03424e-35 0)
(-2.09436e-34 -4.53894e-35 0)
(-2.06051e-34 -4.81284e-35 0)
(-1.87162e-34 -6.10586e-35 0)
(-1.7947e-34 -4.17682e-35 0)
(-2.48842e-34 -7.77962e-37 0)
(-2.26159e-34 1.70774e-34 0)
(-1.01568e-34 2.04843e-34 0)
(-9.38332e-36 1.89303e-34 0)
(4.48668e-35 1.14515e-34 0)
(3.20691e-35 5.02029e-35 0)
(-3.04022e-36 1.81043e-35 0)
(-2.67512e-35 5.03625e-36 0)
(-3.54063e-35 -1.35322e-37 0)
(-3.6349e-35 -1.31155e-36 0)
(-3.58266e-35 -3.09287e-37 0)
(-3.64654e-35 2.30029e-37 0)
(-3.56731e-35 -1.53369e-36 0)
(-3.26726e-35 -2.36388e-36 0)
(-3.99268e-35 3.63096e-36 0)
(-6.7232e-35 1.14213e-35 0)
(-7.75927e-35 1.81487e-36 0)
(-2.65688e-35 -2.18237e-35 0)
(4.03651e-35 -3.74053e-35 0)
(9.69002e-36 -1.67827e-35 0)
(-2.67669e-35 2.17668e-35 0)
(-7.39424e-35 1.25229e-34 0)
(-1.16128e-34 7.39534e-35 0)
(-7.96259e-35 5.82487e-35 0)
(-2.89107e-35 -2.0552e-35 0)
(-6.93621e-37 -7.43165e-35 0)
(-2.83037e-36 -8.44141e-35 0)
(-6.51768e-35 -3.86364e-35 0)
(-1.49853e-34 -2.63553e-35 0)
(-1.71157e-34 -3.70567e-35 0)
(-2.27559e-34 -5.50058e-35 0)
(-2.39723e-34 -1.46278e-34 0)
(-1.63806e-34 -1.50108e-34 0)
(-1.13182e-34 -2.28531e-34 0)
(-3.95444e-34 -2.0572e-34 0)
(-4.37248e-34 1.56022e-34 0)
(-2.29262e-34 1.73042e-34 0)
(-1.35191e-34 1.59866e-34 0)
(-9.25161e-35 5.15647e-35 0)
(-1.84128e-34 -3.26823e-35 0)
(-2.70103e-34 5.86959e-35 0)
(-3.83913e-34 8.54449e-35 0)
(-4.25203e-34 1.92815e-34 0)
(-2.42588e-34 2.42686e-34 0)
(-1.21894e-34 1.25072e-34 0)
(-2.13918e-35 1.41991e-34 0)
(1.57919e-34 1.55607e-34 0)
(2.56122e-34 1.5415e-34 0)
(3.35146e-34 1.54382e-34 0)
(3.13598e-34 8.73412e-35 0)
(2.5925e-34 4.25128e-35 0)
(1.92198e-34 1.31371e-35 0)
(1.8881e-34 -5.02113e-36 0)
(2.16132e-34 -9.02206e-36 0)
(2.53931e-34 -6.04597e-36 0)
(2.88427e-34 -2.7368e-36 0)
(3.11369e-34 -2.12304e-36 0)
(3.32687e-34 -5.37529e-36 0)
(3.59658e-34 -7.67683e-36 0)
(3.86445e-34 -4.08593e-36 0)
(4.01148e-34 2.98424e-36 0)
(4.48774e-34 -1.2886e-35 0)
(5.68459e-34 -3.45908e-35 0)
(7.95177e-34 -8.94268e-35 0)
(7.92582e-34 -1.21376e-34 0)
(3.09982e-34 -1.64971e-34 0)
(1.49612e-35 3.43457e-36 0)
(-1.28971e-34 -1.54536e-34 0)
(-3.18479e-34 -2.89447e-34 0)
(-2.16432e-34 -4.49965e-34 0)
(-2.94317e-34 -6.02667e-34 0)
(-4.20165e-34 -5.27958e-34 0)
(-3.6181e-34 -4.12165e-34 0)
(-2.62257e-34 -1.91873e-34 0)
(-5.19227e-35 -4.4604e-35 0)
(9.54893e-35 2.57024e-35 0)
(1.05892e-34 4.90968e-35 0)
(4.19189e-35 2.50369e-35 0)
(-3.49585e-35 9.62811e-36 0)
(-8.42982e-35 -1.30625e-36 0)
(-7.70623e-35 -2.99792e-36 0)
(-4.87044e-35 -4.14361e-36 0)
(-1.22051e-35 -4.26101e-36 0)
(2.02965e-35 -3.83858e-36 0)
(4.72875e-35 -2.52657e-36 0)
(6.67951e-35 -1.37485e-36 0)
(7.89664e-35 -6.77073e-37 0)
(8.51118e-35 -2.89606e-37 0)
(8.69993e-35 3.18436e-37 0)
(8.51782e-35 9.92714e-37 0)
(8.10704e-35 8.06351e-37 0)
(8.01315e-35 -1.4325e-36 0)
(8.45969e-35 -2.5508e-36 0)
(7.67709e-35 4.74102e-36 0)
(3.37832e-35 1.71396e-35 0)
(-1.76807e-35 1.47193e-35 0)
(-4.5455e-35 4.47739e-36 0)
(-8.22147e-35 -2.95088e-36 0)
(-1.38642e-34 -1.48487e-35 0)
(-1.34053e-34 -1.42679e-35 0)
(-1.05489e-34 2.04128e-35 0)
(-2.75022e-34 6.69991e-35 0)
(-6.83749e-34 1.2459e-34 0)
(-9.92463e-34 1.79013e-34 0)
(-7.35166e-34 1.68061e-34 0)
(-3.3529e-34 -3.23292e-34 0)
(-1.45623e-34 -6.40715e-34 0)
(2.65207e-36 -7.47959e-34 0)
(1.29333e-35 -7.83813e-34 0)
(-1.1885e-35 -5.62251e-34 0)
(9.27098e-35 -2.9201e-34 0)
(2.50641e-34 -3.42656e-35 0)
(3.30764e-34 1.05691e-34 0)
(2.9232e-34 1.33864e-34 0)
(1.34607e-34 8.89547e-35 0)
(-3.83054e-35 3.61236e-35 0)
(-1.67199e-34 1.32181e-35 0)
(-2.48666e-34 1.77873e-35 0)
(-2.97431e-34 2.18658e-35 0)
(-3.2591e-34 1.92045e-35 0)
(-3.86669e-34 2.39368e-35 0)
(-5.55354e-34 5.57149e-35 0)
(-8.00582e-34 1.29638e-34 0)
(-9.08079e-34 1.97541e-34 0)
(-7.9142e-34 1.61921e-34 0)
(-6.2295e-34 -3.10861e-35 0)
(-4.85216e-34 -1.70815e-34 0)
(-2.43824e-34 -2.41318e-34 0)
(-6.76254e-35 -3.86254e-34 0)
(3.35222e-35 -3.38306e-34 0)
(1.70164e-34 -2.05582e-34 0)
(2.97503e-34 -2.36683e-35 0)
(4.22904e-34 1.33163e-34 0)
(4.76595e-34 1.51567e-34 0)
(4.97573e-34 1.34288e-34 0)
(4.84711e-34 8.46301e-35 0)
(3.80518e-34 7.98283e-35 0)
(2.76161e-34 8.77141e-35 0)
(1.83991e-34 1.77218e-34 0)
(5.83169e-35 1.76907e-34 0)
(-2.83864e-35 2.62365e-34 0)
(-6.88921e-35 3.23748e-34 0)
(-1.40136e-35 4.07103e-34 0)
(1.19429e-34 4.07927e-34 0)
(2.36338e-34 3.72177e-34 0)
(2.97967e-34 2.65331e-34 0)
(2.79242e-34 1.70564e-34 0)
(2.08971e-34 8.88391e-35 0)
(1.43104e-34 3.49197e-35 0)
(9.2636e-35 6.94141e-36 0)
(7.00842e-35 -2.07622e-36 0)
(6.59215e-35 -3.07623e-36 0)
(7.31336e-35 -4.07786e-36 0)
(8.87768e-35 -7.14791e-36 0)
(1.06764e-34 -7.7157e-36 0)
(1.14168e-34 -8.5483e-37 0)
(1.058e-34 1.04429e-35 0)
(1.01178e-34 1.3143e-35 0)
(1.21217e-34 1.33457e-37 0)
(1.49994e-34 -2.13623e-35 0)
(1.60624e-34 -3.0431e-35 0)
(1.69372e-34 -9.77571e-36 0)
(1.96114e-34 1.89527e-35 0)
(2.44408e-34 1.20496e-35 0)
(2.7926e-34 -5.59423e-36 0)
(2.79143e-34 -3.5183e-35 0)
(2.9454e-34 -5.75854e-35 0)
(3.69706e-34 -9.79748e-35 0)
(4.31145e-34 -1.65382e-34 0)
(3.73319e-34 -1.72132e-34 0)
(3.41179e-34 2.01228e-36 0)
(3.75043e-34 1.20052e-34 0)
(4.18471e-34 2.14219e-34 0)
(4.76478e-34 2.14147e-34 0)
(4.90932e-34 1.64951e-34 0)
(4.72999e-34 9.4145e-35 0)
(4.42936e-34 2.91924e-35 0)
(4.23408e-34 -1.34745e-35 0)
(4.23104e-34 -2.87694e-35 0)
(4.37156e-34 -2.41774e-35 0)
(4.65578e-34 -1.38403e-35 0)
(4.99048e-34 -3.50339e-36 0)
(4.98575e-34 9.89731e-36 0)
(4.42948e-34 3.22145e-35 0)
(3.78142e-34 7.27137e-35 0)
(3.47369e-34 1.10897e-34 0)
(3.44462e-34 1.02936e-34 0)
(3.80526e-34 6.54976e-35 0)
(4.20665e-34 6.75631e-36 0)
(3.69435e-34 -8.90505e-35 0)
(2.60649e-34 -6.98702e-35 0)
(1.77494e-34 -2.66683e-35 0)
(1.23061e-34 1.35012e-35 0)
(1.01489e-34 4.08015e-35 0)
(1.11772e-34 4.30272e-35 0)
(1.44998e-34 2.61912e-35 0)
(1.85931e-34 -1.09691e-35 0)
(2.15719e-34 -5.02331e-35 0)
(2.21803e-34 -8.03642e-35 0)
(1.9884e-34 -8.4035e-35 0)
(1.60555e-34 -6.23104e-35 0)
(1.19196e-34 -2.18421e-35 0)
(8.3287e-35 1.98197e-35 0)
(5.37185e-35 5.1997e-35 0)
(4.33113e-35 6.74872e-35 0)
(2.82936e-35 -7.14403e-35 0)
(6.64842e-36 -4.49143e-35 0)
(6.61432e-37 -2.87406e-35 0)
(-1.10949e-35 -1.20592e-35 0)
(-1.8047e-35 -2.0355e-36 0)
(-3.5175e-35 5.14275e-36 0)
(-9.43074e-35 1.78078e-35 0)
(-1.71919e-34 4.2308e-35 0)
(-1.93549e-34 6.31654e-35 0)
(-1.18938e-34 4.03077e-35 0)
(3.48876e-35 -2.98747e-35 0)
(2.35933e-34 -1.23608e-34 0)
(3.53791e-34 -1.74832e-34 0)
(3.00333e-34 -1.67831e-34 0)
(1.71011e-34 -3.15507e-35 0)
(5.11782e-35 9.42843e-35 0)
(-4.38055e-35 1.62561e-34 0)
(-1.13593e-34 1.51204e-34 0)
(-2.01736e-34 8.79772e-35 0)
(-3.1941e-34 1.18173e-35 0)
(-4.33822e-34 -3.5007e-35 0)
(-5.11349e-34 -5.65234e-35 0)
(-5.28091e-34 -5.82955e-35 0)
(-4.99665e-34 -5.49869e-35 0)
(-4.42332e-34 -5.14131e-35 0)
(-3.74451e-34 -4.54318e-35 0)
(-3.16095e-34 -3.13144e-35 0)
(-3.15351e-34 6.76663e-36 0)
(-4.11692e-34 8.19872e-35 0)
(-5.34038e-34 1.8489e-34 0)
(-6.62544e-34 2.98383e-34 0)
(-7.95138e-34 3.59315e-34 0)
(-8.19975e-34 4.19263e-34 0)
(-6.26565e-34 3.40355e-34 0)
(-2.99907e-34 1.82532e-34 0)
(-3.94518e-35 -6.64611e-36 0)
(6.32192e-35 -9.90815e-35 0)
(2.17873e-35 -6.22253e-35 0)
(-1.32113e-34 -6.91238e-36 0)
(-2.96135e-34 7.01651e-35 0)
(-4.1438e-34 5.95935e-35 0)
(-5.14806e-34 -5.70572e-36 0)
(-5.81892e-34 -8.51288e-35 0)
(-6.05751e-34 -1.42027e-34 0)
(-5.63391e-34 -1.45787e-34 0)
(-4.71952e-34 -1.09125e-34 0)
(-3.7646e-34 -5.41574e-35 0)
(-3.60411e-34 1.90107e-35 0)
(-4.62841e-34 1.01146e-34 0)
(-5.47128e-34 1.61788e-34 0)
(-5.08266e-34 1.69048e-34 0)
(-4.22207e-34 4.51223e-35 0)
(-3.5601e-34 -6.57997e-35 0)
(-3.15814e-34 -1.35856e-34 0)
(-3.10746e-34 -1.3781e-34 0)
(-3.3107e-34 -8.72197e-35 0)
(-3.37312e-34 -1.24799e-35 0)
(-2.8647e-34 3.38876e-35 0)
(-2.32029e-34 4.37679e-35 0)
(-2.10739e-34 2.01569e-36 0)
(-2.07598e-34 -1.05752e-35 0)
(-2.12231e-34 -3.92883e-35 0)
(-2.07125e-34 -3.95649e-35 0)
(-1.86672e-34 -5.00338e-35 0)
(-1.7519e-34 -3.40238e-35 0)
(-2.34088e-34 -4.76219e-36 0)
(-2.11752e-34 1.20936e-34 0)
(-1.00085e-34 1.47171e-34 0)
(-1.5381e-35 1.37225e-34 0)
(3.54769e-35 8.3974e-35 0)
(2.55049e-35 3.71246e-35 0)
(-6.13337e-36 1.33968e-35 0)
(-2.80033e-35 3.65621e-36 0)
(-3.58387e-35 -2.18612e-37 0)
(-3.63508e-35 -1.0383e-36 0)
(-3.57118e-35 -1.26486e-37 0)
(-3.65606e-35 3.28719e-37 0)
(-3.58782e-35 -1.3131e-36 0)
(-3.23124e-35 -2.2337e-36 0)
(-3.89172e-35 2.93947e-36 0)
(-6.73256e-35 1.00293e-35 0)
(-7.99371e-35 1.88721e-36 0)
(-2.9325e-35 -1.84676e-35 0)
(4.07068e-35 -3.12217e-35 0)
(1.36055e-35 -1.3408e-35 0)
(-1.72142e-35 1.55082e-35 0)
(-7.02578e-35 1.01032e-34 0)
(-1.20393e-34 6.03904e-35 0)
(-8.57062e-35 4.98805e-35 0)
(-3.75341e-35 -1.32071e-35 0)
(-4.81662e-36 -5.45566e-35 0)
(-6.53083e-37 -6.31433e-35 0)
(-6.14976e-35 -2.80906e-35 0)
(-1.49929e-34 -1.78578e-35 0)
(-1.73028e-34 -3.07973e-35 0)
(-2.34356e-34 -4.19952e-35 0)
(-2.4569e-34 -1.15446e-34 0)
(-1.68759e-34 -1.17231e-34 0)
(-1.16627e-34 -1.77255e-34 0)
(-3.73015e-34 -1.59809e-34 0)
(-4.1511e-34 1.04337e-34 0)
(-2.28931e-34 1.16934e-34 0)
(-1.41748e-34 1.08348e-34 0)
(-1.03197e-34 3.64989e-35 0)
(-1.83436e-34 -2.58309e-35 0)
(-2.63078e-34 4.75866e-35 0)
(-3.76167e-34 6.71217e-35 0)
(-4.16173e-34 1.49447e-34 0)
(-2.46245e-34 1.85049e-34 0)
(-1.27514e-34 1.01498e-34 0)
(-1.97821e-35 1.11813e-34 0)
(1.58442e-34 1.2253e-34 0)
(2.55812e-34 1.17802e-34 0)
(3.31389e-34 1.16764e-34 0)
(3.07364e-34 6.59705e-35 0)
(2.55139e-34 3.12238e-35 0)
(1.89595e-34 9.38486e-36 0)
(1.87606e-34 -4.32229e-36 0)
(2.16101e-34 -7.08302e-36 0)
(2.54292e-34 -4.35095e-36 0)
(2.88634e-34 -1.77049e-36 0)
(3.11206e-34 -1.5629e-36 0)
(3.3237e-34 -4.37557e-36 0)
(3.59736e-34 -6.25124e-36 0)
(3.87064e-34 -3.07146e-36 0)
(4.00686e-34 3.2267e-36 0)
(4.46741e-34 -9.9548e-36 0)
(5.64416e-34 -2.7283e-35 0)
(7.90783e-34 -6.97541e-35 0)
(7.88901e-34 -9.04207e-35 0)
(3.1624e-34 -1.21612e-34 0)
(1.54519e-35 1.41875e-36 0)
(-1.43785e-34 -1.17743e-34 0)
(-3.33256e-34 -2.20663e-34 0)
(-2.31941e-34 -3.38875e-34 0)
(-2.98035e-34 -4.53746e-34 0)
(-4.10472e-34 -3.92984e-34 0)
(-3.44909e-34 -3.06347e-34 0)
(-2.43695e-34 -1.40496e-34 0)
(-4.09633e-35 -2.98196e-35 0)
(1.00156e-34 2.07928e-35 0)
(1.05795e-34 3.74115e-35 0)
(3.98499e-35 1.85069e-35 0)
(-3.63241e-35 6.67054e-36 0)
(-8.49491e-35 -1.24369e-36 0)
(-7.7208e-35 -2.42195e-36 0)
(-4.8768e-35 -3.18659e-36 0)
(-1.21862e-35 -3.25635e-36 0)
(2.03927e-35 -2.89803e-36 0)
(4.74226e-35 -1.86732e-36 0)
(6.68953e-35 -9.78928e-37 0)
(7.90237e-35 -4.79343e-37 0)
(8.51661e-35 -2.20769e-37 0)
(8.70733e-35 2.58118e-37 0)
(8.52075e-35 8.26679e-37 0)
(8.09266e-35 6.79062e-37 0)
(7.99255e-35 -1.22913e-36 0)
(8.49562e-35 -2.29468e-36 0)
(7.79541e-35 3.76109e-36 0)
(3.4374e-35 1.4304e-35 0)
(-1.84919e-35 1.18336e-35 0)
(-4.65306e-35 2.43886e-36 0)
(-8.33456e-35 -2.95943e-36 0)
(-1.39357e-34 -1.21068e-35 0)
(-1.31954e-34 -1.28345e-35 0)
(-1.00416e-34 1.51732e-35 0)
(-2.68413e-34 5.5915e-35 0)
(-6.76741e-34 1.04438e-34 0)
(-9.89857e-34 1.46981e-34 0)
(-7.65301e-34 1.35804e-34 0)
(-3.83798e-34 -2.36056e-34 0)
(-1.7139e-34 -4.76354e-34 0)
(-5.93545e-36 -5.60016e-34 0)
(2.45942e-35 -5.82947e-34 0)
(1.82666e-35 -4.13122e-34 0)
(1.24996e-34 -2.08908e-34 0)
(2.74819e-34 -1.66435e-35 0)
(3.40758e-34 8.46161e-35 0)
(2.91006e-34 1.01746e-34 0)
(1.284e-34 6.61829e-35 0)
(-4.30502e-35 2.60335e-35 0)
(-1.68252e-34 9.56883e-36 0)
(-2.48043e-34 1.4633e-35 0)
(-2.97419e-34 1.7756e-35 0)
(-3.25891e-34 1.4073e-35 0)
(-3.84305e-34 1.70692e-35 0)
(-5.48297e-34 4.20658e-35 0)
(-7.90994e-34 1.00472e-34 0)
(-9.05636e-34 1.54231e-34 0)
(-8.06323e-34 1.2968e-34 0)
(-6.44933e-34 -1.50382e-35 0)
(-4.99344e-34 -1.19666e-34 0)
(-2.58202e-34 -1.75393e-34 0)
(-7.39781e-35 -2.81256e-34 0)
(4.55979e-35 -2.45804e-34 0)
(1.91288e-34 -1.46867e-34 0)
(3.2055e-34 -1.26904e-35 0)
(4.34902e-34 1.06997e-34 0)
(4.76544e-34 1.1862e-34 0)
(4.92684e-34 1.04743e-34 0)
(4.80746e-34 6.36566e-35 0)
(3.80689e-34 6.14019e-35 0)
(2.83252e-34 6.56468e-35 0)
(1.90521e-34 1.37912e-34 0)
(6.44453e-35 1.36594e-34 0)
(-1.79812e-35 2.02894e-34 0)
(-5.87132e-35 2.456e-34 0)
(-8.13882e-36 3.084e-34 0)
(1.16729e-34 3.05967e-34 0)
(2.2595e-34 2.79524e-34 0)
(2.83168e-34 1.99032e-34 0)
(2.66217e-34 1.27409e-34 0)
(1.98919e-34 6.59708e-35 0)
(1.3702e-34 2.54274e-35 0)
(8.99051e-35 4.69799e-36 0)
(6.93698e-35 -1.59818e-36 0)
(6.57659e-35 -2.06608e-36 0)
(7.27656e-35 -3.12885e-36 0)
(8.84487e-35 -6.09419e-36 0)
(1.07295e-34 -6.65697e-36 0)
(1.15727e-34 -5.14389e-37 0)
(1.0701e-34 9.53096e-36 0)
(1.00296e-34 1.18303e-35 0)
(1.18237e-34 3.32456e-37 0)
(1.4729e-34 -1.83261e-35 0)
(1.61472e-34 -2.68013e-35 0)
(1.73535e-34 -1.04663e-35 0)
(1.98123e-34 1.36832e-35 0)
(2.42629e-34 9.65277e-36 0)
(2.75569e-34 -2.1769e-36 0)
(2.74997e-34 -2.40254e-35 0)
(2.89536e-34 -4.03341e-35 0)
(3.60836e-34 -6.98259e-35 0)
(4.24632e-34 -1.21453e-34 0)
(3.86337e-34 -1.30383e-34 0)
(3.64751e-34 -7.11407e-36 0)
(3.92603e-34 7.88323e-35 0)
(4.26553e-34 1.49104e-34 0)
(4.72699e-34 1.51469e-34 0)
(4.81081e-34 1.16992e-34 0)
(4.6166e-34 6.59059e-35 0)
(4.33851e-34 1.84556e-35 0)
(4.18537e-34 -1.27869e-35 0)
(4.2236e-34 -2.31488e-35 0)
(4.38632e-34 -1.81064e-35 0)
(4.67474e-34 -9.49401e-36 0)
(5.01181e-34 -1.59069e-36 0)
(5.01728e-34 8.86959e-36 0)
(4.48478e-34 2.52054e-35 0)
(3.85184e-34 5.48432e-35 0)
(3.50073e-34 8.3653e-35 0)
(3.40391e-34 7.71201e-35 0)
(3.72063e-34 4.98455e-35 0)
(4.06825e-34 8.45047e-36 0)
(3.62415e-34 -6.22239e-35 0)
(2.66093e-34 -4.88715e-35 0)
(1.84866e-34 -1.91552e-35 0)
(1.29114e-34 9.21193e-36 0)
(1.04053e-34 2.85419e-35 0)
(1.10331e-34 2.90388e-35 0)
(1.39993e-34 1.69029e-35 0)
(1.78883e-34 -1.00082e-35 0)
(2.0936e-34 -3.75718e-35 0)
(2.18808e-34 -5.86117e-35 0)
(2.00759e-34 -5.98904e-35 0)
(1.66672e-34 -4.30423e-35 0)
(1.2726e-34 -1.24434e-35 0)
(9.05533e-35 1.89642e-35 0)
(5.83691e-35 4.30056e-35 0)
(4.78705e-35 5.38053e-35 0)
(3.11929e-35 -5.28434e-35 0)
(1.01122e-35 -3.28489e-35 0)
(3.32048e-36 -2.0362e-35 0)
(-9.0033e-36 -8.06595e-36 0)
(-1.67645e-35 -1.2276e-36 0)
(-3.36957e-35 3.47736e-36 0)
(-9.14714e-35 1.25529e-35 0)
(-1.68448e-34 3.02074e-35 0)
(-1.93699e-34 4.49528e-35 0)
(-1.2597e-34 2.80662e-35 0)
(2.24295e-35 -2.24078e-35 0)
(2.24944e-34 -9.18804e-35 0)
(3.5039e-34 -1.28265e-34 0)
(3.10859e-34 -1.24004e-34 0)
(1.90368e-34 -2.52085e-35 0)
(6.55592e-35 6.52408e-35 0)
(-3.94548e-35 1.16142e-34 0)
(-1.18857e-34 1.08255e-34 0)
(-2.1168e-34 6.37083e-35 0)
(-3.28234e-34 9.12307e-36 0)
(-4.38778e-34 -2.48067e-35 0)
(-5.13131e-34 -4.09921e-35 0)
(-5.28071e-34 -4.30815e-35 0)
(-4.99203e-34 -4.07909e-35 0)
(-4.4165e-34 -3.80738e-35 0)
(-3.73033e-34 -3.35333e-35 0)
(-3.12436e-34 -2.31917e-35 0)
(-3.07408e-34 5.09011e-36 0)
(-3.99302e-34 6.119e-35 0)
(-5.18992e-34 1.36439e-34 0)
(-6.50361e-34 2.21287e-34 0)
(-7.86699e-34 2.67329e-34 0)
(-8.2117e-34 3.12534e-34 0)
(-6.42624e-34 2.53372e-34 0)
(-3.23465e-34 1.36533e-34 0)
(-5.87897e-35 -4.349e-36 0)
(5.88789e-35 -7.62241e-35 0)
(2.73542e-35 -5.42222e-35 0)
(-1.2375e-34 -1.70905e-35 0)
(-2.91834e-34 3.67792e-35 0)
(-4.19078e-34 2.98079e-35 0)
(-5.23767e-34 -1.56115e-35 0)
(-5.90206e-34 -6.9609e-35 0)
(-6.09294e-34 -1.07372e-34 0)
(-5.61077e-34 -1.07575e-34 0)
(-4.6604e-34 -7.8805e-35 0)
(-3.68341e-34 -3.81274e-35 0)
(-3.50577e-34 1.58492e-35 0)
(-4.53858e-34 7.7081e-35 0)
(-5.4282e-34 1.208e-34 0)
(-5.15306e-34 1.26801e-34 0)
(-4.36483e-34 3.71959e-35 0)
(-3.67024e-34 -4.20737e-35 0)
(-3.20231e-34 -9.36594e-35 0)
(-3.07805e-34 -9.46495e-35 0)
(-3.23601e-34 -5.73723e-35 0)
(-3.30253e-34 -3.87114e-36 0)
(-2.83319e-34 2.7306e-35 0)
(-2.3411e-34 3.30624e-35 0)
(-2.1409e-34 3.0549e-37 0)
(-2.10081e-34 -9.35845e-36 0)
(-2.13922e-34 -3.10801e-35 0)
(-2.07707e-34 -3.03073e-35 0)
(-1.86332e-34 -3.8008e-35 0)
(-1.72595e-34 -2.56564e-35 0)
(-2.25413e-34 -4.67356e-36 0)
(-2.03237e-34 8.50087e-35 0)
(-9.91242e-35 1.03677e-34 0)
(-1.88034e-35 9.71383e-35 0)
(3.0009e-35 5.95538e-35 0)
(2.16453e-35 2.61779e-35 0)
(-7.95812e-36 9.3035e-36 0)
(-2.87417e-35 2.44374e-36 0)
(-3.60899e-35 -2.7826e-37 0)
(-3.63382e-35 -7.88381e-37 0)
(-3.56315e-35 9.8223e-40 0)
(-3.66323e-35 3.56739e-37 0)
(-3.60334e-35 -1.07245e-36 0)
(-3.2076e-35 -1.93471e-36 0)
(-3.82147e-35 2.31627e-36 0)
(-6.73748e-35 8.26131e-36 0)
(-8.1532e-35 1.50226e-36 0)
(-3.11376e-35 -1.51561e-35 0)
(4.10352e-35 -2.43776e-35 0)
(1.60775e-35 -8.94713e-36 0)
(-1.12116e-35 1.14503e-35 0)
(-6.78352e-35 7.63851e-35 0)
(-1.23034e-34 4.60943e-35 0)
(-8.94766e-35 3.7686e-35 0)
(-4.28538e-35 -9.01286e-36 0)
(-7.33681e-36 -3.89315e-35 0)
(6.54541e-37 -4.5236e-35 0)
(-5.92198e-35 -1.95527e-35 0)
(-1.50173e-34 -1.15471e-35 0)
(-1.74283e-34 -2.47395e-35 0)
(-2.38495e-34 -3.11713e-35 0)
(-2.49422e-34 -8.62277e-35 0)
(-1.71713e-34 -8.76656e-35 0)
(-1.18645e-34 -1.30553e-34 0)
(-3.59768e-34 -1.16829e-34 0)
(-4.02185e-34 7.16451e-35 0)
(-2.2875e-34 7.78658e-35 0)
(-1.45273e-34 7.33623e-35 0)
(-1.09244e-34 2.52977e-35 0)
(-1.82826e-34 -1.93295e-35 0)
(-2.58677e-34 3.56973e-35 0)
(-3.71474e-34 5.09677e-35 0)
(-4.10822e-34 1.10314e-34 0)
(-2.48367e-34 1.34605e-34 0)
(-1.30763e-34 7.60581e-35 0)
(-1.88645e-35 8.39057e-35 0)
(1.58652e-34 9.10069e-35 0)
(2.55459e-34 8.67591e-35 0)
(3.29055e-34 8.45165e-35 0)
(3.03558e-34 4.76679e-35 0)
(2.52641e-34 2.13806e-35 0)
(1.88061e-34 6.17743e-36 0)
(1.86901e-34 -3.59524e-36 0)
(2.16121e-34 -5.2823e-36 0)
(2.54536e-34 -2.81857e-36 0)
(2.88746e-34 -9.28081e-37 0)
(3.11079e-34 -1.08082e-36 0)
(3.32161e-34 -3.39837e-36 0)
(3.59801e-34 -4.77399e-36 0)
(3.87493e-34 -2.06941e-36 0)
(4.00393e-34 3.08284e-36 0)
(4.45422e-34 -7.42882e-36 0)
(5.61912e-34 -2.08813e-35 0)
(7.88261e-34 -5.19004e-35 0)
(7.8692e-34 -6.41461e-35 0)
(3.19881e-34 -8.50195e-35 0)
(1.548e-35 -3.83893e-37 0)
(-1.52726e-34 -8.89635e-35 0)
(-3.42021e-34 -1.61813e-34 0)
(-2.41154e-34 -2.45989e-34 0)
(-3.00057e-34 -3.28867e-34 0)
(-4.04493e-34 -2.80659e-34 0)
(-3.34777e-34 -2.18872e-34 0)
(-2.3254e-34 -9.80064e-35 0)
(-3.44926e-35 -1.80465e-35 0)
(1.02804e-34 1.65914e-35 0)
(1.05645e-34 2.73662e-35 0)
(3.85536e-35 1.29084e-35 0)
(-3.71375e-35 3.90786e-36 0)
(-8.53089e-35 -1.22e-36 0)
(-7.72807e-35 -1.87405e-36 0)
(-4.87987e-35 -2.24705e-36 0)
(-1.21728e-35 -2.29676e-36 0)
(2.04536e-35 -2.0082e-36 0)
(4.75057e-35 -1.24159e-36 0)
(6.6954e-35 -6.00313e-37 0)
(7.90541e-35 -2.87242e-37 0)
(8.51973e-35 -1.44776e-37 0)
(8.71207e-35 2.07112e-37 0)
(8.52269e-35 6.56191e-37 0)
(8.08299e-35 5.29085e-37 0)
(7.97833e-35 -1.01585e-36 0)
(8.51888e-35 -1.91605e-36 0)
(7.87414e-35 2.91513e-36 0)
(3.47446e-35 1.13554e-35 0)
(-1.90967e-35 8.88262e-36 0)
(-4.72373e-35 6.18833e-37 0)
(-8.39911e-35 -2.76389e-36 0)
(-1.3984e-34 -8.88636e-36 0)
(-1.30689e-34 -1.06093e-35 0)
(-9.70302e-35 1.05666e-35 0)
(-2.63986e-34 4.45708e-35 0)
(-6.72393e-34 8.20951e-35 0)
(-9.88512e-34 1.10514e-34 0)
(-7.83605e-34 9.91989e-35 0)
(-4.12918e-34 -1.7007e-34 0)
(-1.86885e-34 -3.41888e-34 0)
(-1.10046e-35 -4.0289e-34 0)
(3.18881e-35 -4.17354e-34 0)
(3.65527e-35 -2.9226e-34 0)
(1.44335e-34 -1.43385e-34 0)
(2.89063e-34 -5.66614e-36 0)
(3.46363e-34 6.5023e-35 0)
(2.89905e-34 7.38419e-35 0)
(1.24557e-34 4.64296e-35 0)
(-4.58662e-35 1.7089e-35 0)
(-1.68741e-34 6.11456e-36 0)
(-2.47574e-34 1.1269e-35 0)
(-2.97498e-34 1.36051e-35 0)
(-3.25987e-34 9.56965e-36 0)
(-3.8283e-34 1.16078e-35 0)
(-5.43872e-34 3.10313e-35 0)
(-7.85066e-34 7.46752e-35 0)
(-9.04054e-34 1.13544e-34 0)
(-8.15171e-34 9.58748e-35 0)
(-6.58034e-34 -8.0513e-36 0)
(-5.07873e-34 -8.26952e-35 0)
(-2.66818e-34 -1.24054e-34 0)
(-7.7654e-35 -1.99584e-34 0)
(5.28507e-35 -1.72857e-34 0)
(2.03854e-34 -1.01152e-34 0)
(3.34349e-34 -4.84354e-36 0)
(4.42031e-34 8.2107e-35 0)
(4.76285e-34 8.84968e-35 0)
(4.89494e-34 7.65975e-35 0)
(4.78311e-34 4.51589e-35 0)
(3.80814e-34 4.53417e-35 0)
(2.87627e-34 4.7495e-35 0)
(1.94617e-34 1.01566e-34 0)
(6.8168e-35 1.00733e-34 0)
(-1.18098e-35 1.49174e-34 0)
(-5.27393e-35 1.78718e-34 0)
(-4.74662e-36 2.24358e-34 0)
(1.14977e-34 2.21018e-34 0)
(2.19715e-34 2.01881e-34 0)
(2.74239e-34 1.4341e-34 0)
(2.58377e-34 9.09259e-35 0)
(1.92899e-34 4.66697e-35 0)
(1.33397e-34 1.73451e-35 0)
(8.83282e-35 2.7874e-36 0)
(6.89961e-35 -1.25839e-36 0)
(6.56746e-35 -1.31231e-36 0)
(7.24885e-35 -2.29687e-36 0)
(8.82096e-35 -4.88318e-36 0)
(1.07671e-34 -5.28283e-36 0)
(1.16811e-34 -7.42518e-38 0)
(1.07824e-34 8.11183e-36 0)
(9.96591e-35 9.59867e-36 0)
(1.16212e-34 -5.84959e-38 0)
(1.45472e-34 -1.47543e-35 0)
(1.61963e-34 -2.12574e-35 0)
(1.76214e-34 -8.8188e-36 0)
(1.99506e-34 9.86731e-36 0)
(2.41673e-34 7.22728e-36 0)
(2.73445e-34 -8.31705e-37 0)
(2.72538e-34 -1.62408e-35 0)
(2.86563e-34 -2.82609e-35 0)
(3.55512e-34 -4.95382e-35 0)
(4.20544e-34 -8.70319e-35 0)
(3.93647e-34 -9.43332e-35 0)
(3.78385e-34 -7.95166e-36 0)
(4.02948e-34 5.25971e-35 0)
(4.31466e-34 1.03092e-34 0)
(4.70641e-34 1.05356e-34 0)
(4.75382e-34 8.11933e-35 0)
(4.55021e-34 4.49516e-35 0)
(4.28513e-34 1.11257e-35 0)
(4.1574e-34 -1.09826e-35 0)
(4.22101e-34 -1.75862e-35 0)
(4.39677e-34 -1.27533e-35 0)
(4.6866e-34 -6.08474e-36 0)
(5.02496e-34 -4.97663e-37 0)
(5.03639e-34 7.51767e-36 0)
(4.517e-34 1.93165e-35 0)
(3.89314e-34 3.97921e-35 0)
(3.51635e-34 6.02654e-35 0)
(3.37932e-34 5.52196e-35 0)
(3.67177e-34 3.55793e-35 0)
(3.98772e-34 7.01028e-36 0)
(3.58241e-34 -4.32946e-35 0)
(2.69165e-34 -3.39766e-35 0)
(1.89027e-34 -1.36121e-35 0)
(1.32571e-34 5.89901e-36 0)
(1.05462e-34 1.94637e-35 0)
(1.0943e-34 1.92453e-35 0)
(1.37086e-34 1.07281e-35 0)
(1.74839e-34 -8.23515e-36 0)
(2.05767e-34 -2.71476e-35 0)
(2.17206e-34 -4.15557e-35 0)
(2.02045e-34 -4.1663e-35 0)
(1.70396e-34 -2.9138e-35 0)
(1.32121e-34 -6.87149e-36 0)
(9.49044e-35 1.59148e-35 0)
(6.10634e-35 3.31211e-35 0)
(5.09161e-35 4.00454e-35 0)
(3.31195e-35 -3.69082e-35 0)
(1.22089e-35 -2.22341e-35 0)
(4.8856e-36 -1.32761e-35 0)
(-7.83911e-36 -5.00405e-36 0)
(-1.60883e-35 -8.08576e-37 0)
(-3.28597e-35 2.16923e-36 0)
(-8.9843e-35 8.7006e-36 0)
(-1.66521e-34 2.06103e-35 0)
(-1.93877e-34 2.97315e-35 0)
(-1.30009e-34 1.75846e-35 0)
(1.52587e-35 -1.63641e-35 0)
(2.18671e-34 -6.41448e-35 0)
(3.48552e-34 -8.76535e-35 0)
(3.16907e-34 -8.36527e-35 0)
(2.0138e-34 -1.66239e-35 0)
(7.37557e-35 4.3903e-35 0)
(-3.69541e-35 7.83809e-35 0)
(-1.2186e-34 7.24343e-35 0)
(-2.17316e-34 4.19888e-35 0)
(-3.33257e-34 5.113e-36 0)
(-4.41621e-34 -1.80037e-35 0)
(-5.14178e-34 -2.87882e-35 0)
(-5.28062e-34 -3.02033e-35 0)
(-4.98903e-34 -2.81318e-35 0)
(-4.41231e-34 -2.59437e-35 0)
(-3.72201e-34 -2.26986e-35 0)
(-3.10287e-34 -1.55071e-35 0)
(-3.02725e-34 4.49268e-36 0)
(-3.92115e-34 4.3961e-35 0)
(-5.10291e-34 9.50152e-35 0)
(-6.43224e-34 1.53247e-34 0)
(-7.81749e-34 1.85623e-34 0)
(-8.21961e-34 2.16332e-34 0)
(-6.52094e-34 1.73656e-34 0)
(-3.37148e-34 9.21501e-35 0)
(-7.00642e-35 -3.19755e-36 0)
(5.60867e-35 -5.29453e-35 0)
(3.02434e-35 -3.96605e-35 0)
(-1.19195e-34 -1.61423e-35 0)
(-2.89487e-34 1.90842e-35 0)
(-4.21719e-34 1.35288e-35 0)
(-5.28698e-34 -1.68801e-35 0)
(-5.94672e-34 -5.21337e-35 0)
(-6.11043e-34 -7.56791e-35 0)
(-5.59511e-34 -7.39856e-35 0)
(-4.62489e-34 -5.24409e-35 0)
(-3.63609e-34 -2.39141e-35 0)
(-3.44847e-34 1.32835e-35 0)
(-4.48715e-34 5.56342e-35 0)
(-5.40448e-34 8.39276e-35 0)
(-5.19362e-34 8.66559e-35 0)
(-4.44589e-34 2.57103e-35 0)
(-3.73272e-34 -2.72792e-35 0)
(-3.22728e-34 -6.20389e-35 0)
(-3.06038e-34 -6.2011e-35 0)
(-3.193e-34 -3.5579e-35 0)
(-3.26355e-34 5.61893e-37 0)
(-2.81695e-34 1.99479e-35 0)
(-2.35446e-34 2.28438e-35 0)
(-2.16123e-34 -3.51887e-37 0)
(-2.11555e-34 -7.58303e-36 0)
(-2.14876e-34 -2.24924e-35 0)
(-2.07995e-34 -2.14784e-35 0)
(-1.86104e-34 -2.64322e-35 0)
(-1.7107e-34 -1.77067e-35 0)
(-2.20472e-34 -2.89211e-36 0)
(-1.98438e-34 5.79939e-35 0)
(-9.85948e-35 6.97578e-35 0)
(-2.07285e-35 6.54535e-35 0)
(2.69077e-35 3.97507e-35 0)
(1.94628e-35 1.70229e-35 0)
(-8.97512e-36 5.79032e-36 0)
(-2.91457e-35 1.39451e-36 0)
(-3.62229e-35 -3.21143e-37 0)
(-3.63199e-35 -5.64345e-37 0)
(-3.55786e-35 9.00683e-38 0)
(-3.66836e-35 3.39612e-37 0)
(-3.61412e-35 -8.37894e-37 0)
(-3.19256e-35 -1.55439e-36 0)
(-3.77567e-35 1.77451e-36 0)
(-6.74133e-35 6.38217e-36 0)
(-8.25729e-35 8.93227e-37 0)
(-3.22388e-35 -1.20494e-35 0)
(4.1376e-35 -1.7637e-35 0)
(1.75918e-35 -4.33031e-36 0)
(-7.74997e-36 8.90822e-36 0)
(-6.64071e-35 5.31714e-35 0)
(-1.24641e-34 3.25871e-35 0)
(-9.1713e-35 2.46709e-35 0)
(-4.58795e-35 -6.53932e-36 0)
(-8.74902e-36 -2.63175e-35 0)
(1.42258e-36 -3.01796e-35 0)
(-5.78869e-35 -1.26265e-35 0)
(-1.50456e-34 -6.78539e-36 0)
(-1.75098e-34 -1.91942e-35 0)
(-2.40834e-34 -2.22985e-35 0)
(-2.51625e-34 -5.9919e-35 0)
(-1.7338e-34 -6.1926e-35 0)
(-1.19686e-34 -8.95996e-35 0)
(-3.52169e-34 -7.89063e-35 0)
(-3.95015e-34 4.99601e-35 0)
(-2.2874e-34 4.90842e-35 0)
(-1.4711e-34 4.84513e-35 0)
(-1.12595e-34 1.64914e-35 0)
(-1.82423e-34 -1.34306e-35 0)
(-2.56041e-34 2.41983e-35 0)
(-3.68747e-34 3.70703e-35 0)
(-4.07858e-34 7.61615e-35 0)
(-2.496e-34 9.16303e-35 0)
(-1.3252e-34 5.18586e-35 0)
(-1.83245e-35 5.96021e-35 0)
(1.58728e-34 6.28038e-35 0)
(2.55193e-34 6.0704e-35 0)
(3.27649e-34 5.7257e-35 0)
(3.0133e-34 3.22289e-35 0)
(2.51192e-34 1.29432e-35 0)
(1.87225e-34 3.4659e-36 0)
(1.86521e-34 -2.89367e-36 0)
(2.16168e-34 -3.66525e-36 0)
(2.54695e-34 -1.47058e-36 0)
(2.88797e-34 -2.06204e-37 0)
(3.10982e-34 -6.67392e-37 0)
(3.32032e-34 -2.49226e-36 0)
(3.59854e-34 -3.36389e-36 0)
(3.87772e-34 -1.13536e-36 0)
(4.00208e-34 2.74024e-36 0)
(4.44597e-34 -5.25668e-36 0)
(5.60448e-34 -1.53304e-35 0)
(7.86917e-34 -3.61212e-35 0)
(7.8595e-34 -4.22323e-35 0)
(3.21845e-34 -5.47135e-35 0)
(1.51875e-35 -2.13826e-36 0)
(-1.57852e-34 -6.63998e-35 0)
(-3.46884e-34 -1.12247e-34 0)
(-2.46372e-34 -1.68658e-34 0)
(-3.01037e-34 -2.24992e-34 0)
(-4.00952e-34 -1.87466e-34 0)
(-3.28982e-34 -1.46673e-34 0)
(-2.26122e-34 -6.28416e-35 0)
(-3.08741e-35 -8.49434e-36 0)
(1.04187e-34 1.30877e-35 0)
(1.05473e-34 1.88331e-35 0)
(3.77607e-35 8.16151e-36 0)
(-3.75942e-35 1.42409e-36 0)
(-8.54756e-35 -1.21234e-36 0)
(-7.73037e-35 -1.37324e-36 0)
(-4.88077e-35 -1.3739e-36 0)
(-1.21643e-35 -1.4199e-36 0)
(2.049e-35 -1.19926e-36 0)
(4.75531e-35 -6.71324e-37 0)
(6.69846e-35 -2.53892e-37 0)
(7.90669e-35 -1.1017e-37 0)
(8.5213e-35 -6.92309e-38 0)
(8.71489e-35 1.6505e-37 0)
(8.5238e-35 4.93735e-37 0)
(8.07673e-35 3.74709e-37 0)
(7.9692e-35 -8.12058e-37 0)
(8.53356e-35 -1.49419e-36 0)
(7.92377e-35 2.19528e-36 0)
(3.49542e-35 8.52134e-36 0)
(-1.95345e-35 6.08582e-36 0)
(-4.76738e-35 -9.41541e-37 0)
(-8.42973e-35 -2.50019e-36 0)
(-1.40136e-34 -5.69424e-36 0)
(-1.29995e-34 -8.09402e-36 0)
(-9.48845e-35 6.65109e-36 0)
(-2.61205e-34 3.38251e-35 0)
(-6.70018e-34 6.02662e-35 0)
(-9.88074e-34 7.47001e-35 0)
(-7.94199e-34 6.34748e-35 0)
(-4.29382e-34 -1.18939e-34 0)
(-1.95569e-34 -2.3139e-34 0)
(-1.38149e-35 -2.72324e-34 0)
(3.62218e-35 -2.80839e-34 0)
(4.71582e-35 -1.93776e-34 0)
(1.55388e-34 -9.08111e-35 0)
(2.9704e-34 1.55736e-36 0)
(3.49297e-34 4.76939e-35 0)
(2.89027e-34 4.9991e-35 0)
(1.22267e-34 2.95204e-35 0)
(-4.74378e-35 9.3053e-36 0)
(-1.689e-34 2.98142e-36 0)
(-2.4723e-34 7.99885e-36 0)
(-2.97601e-34 9.6922e-36 0)
(-3.26103e-34 5.70941e-36 0)
(-3.81913e-34 7.21505e-36 0)
(-5.41225e-34 2.20023e-35 0)
(-7.81684e-34 5.23413e-35 0)
(-9.03236e-34 7.7208e-35 0)
(-8.20215e-34 6.40168e-35 0)
(-6.65406e-34 -5.55807e-36 0)
(-5.12704e-34 -5.48237e-35 0)
(-2.71748e-34 -8.31112e-35 0)
(-7.96433e-35 -1.3458e-34 0)
(5.71129e-35 -1.14018e-34 0)
(2.11054e-34 -6.45683e-35 0)
(3.42216e-34 1.28457e-36 0)
(4.45986e-34 5.9664e-35 0)
(4.75911e-34 6.19666e-35 0)
(4.87497e-34 5.12326e-35 0)
(4.76975e-34 2.92991e-35 0)
(3.80962e-34 3.16066e-35 0)
(2.90125e-34 3.27688e-35 0)
(1.97021e-34 6.92281e-35 0)
(7.03234e-35 6.97169e-35 0)
(-8.32265e-36 1.02191e-34 0)
(-4.93448e-35 1.22147e-34 0)
(-2.85465e-36 1.53496e-34 0)
(1.13906e-34 1.50409e-34 0)
(2.16127e-34 1.37078e-34 0)
(2.69075e-34 9.69888e-35 0)
(2.53864e-34 6.0259e-35 0)
(1.89473e-34 3.04536e-35 0)
(1.31356e-34 1.0494e-35 0)
(8.74866e-35 1.15984e-36 0)
(6.883e-35 -1.02008e-36 0)
(6.56286e-35 -7.50393e-37 0)
(7.22987e-35 -1.58221e-36 0)
(8.80562e-35 -3.6475e-36 0)
(1.07931e-34 -3.79902e-36 0)
(1.1751e-34 4.01831e-37 0)
(1.08307e-34 6.48221e-36 0)
(9.91999e-35 6.97561e-36 0)
(1.1494e-34 -7.61084e-37 0)
(1.44401e-34 -1.11352e-35 0)
(1.62288e-34 -1.5039e-35 0)
(1.77824e-34 -6.00657e-36 0)
(2.00337e-34 7.07935e-36 0)
(2.41134e-34 5.05841e-36 0)
(2.7227e-34 -4.63734e-37 0)
(2.71132e-34 -1.04248e-35 0)
(2.84821e-34 -1.91711e-35 0)
(3.52461e-34 -3.40789e-35 0)
(4.18228e-34 -5.93373e-35 0)
(3.9776e-34 -6.35087e-35 0)
(3.86017e-34 -5.06243e-36 0)
(4.08759e-34 3.49052e-35 0)
(4.34249e-34 6.90286e-35 0)
(4.6947e-34 7.0085e-35 0)
(4.72152e-34 5.34685e-35 0)
(4.51256e-34 2.87718e-35 0)
(4.25504e-34 5.83965e-36 0)
(4.14225e-34 -8.77337e-36 0)
(4.2208e-34 -1.23965e-35 0)
(4.40364e-34 -8.12074e-36 0)
(4.6934e-34 -3.41304e-36 0)
(5.03263e-34 5.07352e-38 0)
(5.04773e-34 5.95801e-36 0)
(4.53482e-34 1.42547e-35 0)
(3.91567e-34 2.71272e-35 0)
(3.52481e-34 4.03841e-35 0)
(3.36509e-34 3.69975e-35 0)
(3.64438e-34 2.34931e-35 0)
(3.94278e-34 4.58118e-36 0)
(3.55893e-34 -2.90118e-35 0)
(2.70866e-34 -2.27547e-35 0)
(1.91308e-34 -9.28388e-36 0)
(1.34481e-34 3.41295e-36 0)
(1.06227e-34 1.25882e-35 0)
(1.08899e-34 1.21706e-35 0)
(1.3546e-34 6.47596e-36 0)
(1.72605e-34 -6.18721e-36 0)
(2.03807e-34 -1.8489e-35 0)
(2.16376e-34 -2.78832e-35 0)
(2.02843e-34 -2.74912e-35 0)
(1.7255e-34 -1.8754e-35 0)
(1.34909e-34 -3.54577e-36 0)
(9.73788e-35 1.19875e-35 0)
(6.25165e-35 2.34692e-35 0)
(5.28927e-35 2.7173e-35 0)
(3.44206e-35 -2.33884e-35 0)
(1.34087e-35 -1.31481e-35 0)
(5.71874e-36 -7.37905e-36 0)
(-7.26874e-36 -2.64911e-36 0)
(-1.57702e-35 -6.06419e-37 0)
(-3.23964e-35 1.10099e-36 0)
(-8.89614e-35 5.71173e-36 0)
(-1.65582e-34 1.28082e-35 0)
(-1.94084e-34 1.70137e-35 0)
(-1.32151e-34 8.83325e-36 0)
(1.15109e-35 -1.11522e-35 0)
(2.15449e-34 -3.98944e-35 0)
(3.47774e-34 -5.2685e-35 0)
(3.20171e-34 -4.79305e-35 0)
(2.07077e-34 -7.88386e-36 0)
(7.79534e-35 2.73633e-35 0)
(-3.57325e-35 4.71712e-35 0)
(-1.23527e-34 4.24583e-35 0)
(-2.20305e-34 2.30096e-35 0)
(-3.35891e-34 8.0828e-37 0)
(-4.43087e-34 -1.32566e-35 0)
(-5.1468e-34 -1.89831e-35 0)
(-5.27998e-34 -1.93075e-35 0)
(-4.9868e-34 -1.70785e-35 0)
(-4.4098e-34 -1.52517e-35 0)
(-3.71746e-34 -1.31588e-35 0)
(-3.09103e-34 -8.59918e-36 0)
(-3.00153e-34 4.40418e-36 0)
(-3.88292e-34 2.95759e-35 0)
(-5.05753e-34 5.99513e-35 0)
(-6.39441e-34 9.44551e-35 0)
(-7.79138e-34 1.14932e-34 0)
(-8.2255e-34 1.32479e-34 0)
(-6.5731e-34 1.03847e-34 0)
(-3.44333e-34 5.24783e-35 0)
(-7.58574e-35 -2.17713e-36 0)
(5.46032e-35 -3.10916e-35 0)
(3.16441e-35 -2.35166e-35 0)
(-1.16943e-34 -1.08296e-35 0)
(-2.88391e-34 9.21329e-36 0)
(-4.23175e-34 3.98018e-36 0)
(-5.31246e-34 -1.46393e-35 0)
(-5.96886e-34 -3.54729e-35 0)
(-6.11788e-34 -4.79674e-35 0)
(-5.58504e-34 -4.51479e-35 0)
(-4.6048e-34 -2.99036e-35 0)
(-3.61062e-34 -1.15951e-35 0)
(-3.41805e-34 1.11631e-35 0)
(-4.46088e-34 3.69275e-35 0)
(-5.39397e-34 5.18159e-35 0)
(-5.21598e-34 5.06945e-35 0)
(-4.48805e-34 1.37651e-35 0)
(-3.76476e-34 -1.73399e-35 0)
(-3.23966e-34 -3.74156e-35 0)
(-3.05011e-34 -3.64728e-35 0)
(-3.16986e-34 -1.89968e-35 0)
(-3.24389e-34 2.85381e-36 0)
(-2.80963e-34 1.29655e-35 0)
(-2.3621e-34 1.36933e-35 0)
(-2.17243e-34 -4.02516e-37 0)
(-2.12359e-34 -5.70295e-36 0)
(-2.15356e-34 -1.44442e-35 0)
(-2.08112e-34 -1.35949e-35 0)
(-1.85956e-34 -1.60072e-35 0)
(-1.70224e-34 -1.06308e-35 0)
(-2.17822e-34 -6.18117e-37 0)
(-1.95953e-34 3.70004e-35 0)
(-9.83703e-35 4.26718e-35 0)
(-2.17647e-35 3.99586e-35 0)
(2.52439e-35 2.35451e-35 0)
(1.83155e-35 9.37238e-36 0)
(-9.48625e-36 2.80123e-36 0)
(-2.93377e-35 4.95685e-37 0)
(-3.62809e-35 -3.53311e-37 0)
(-3.63003e-35 -3.67957e-37 0)
(-3.55458e-35 1.53078e-37 0)
(-3.67189e-35 2.98396e-37 0)
(-3.62107e-35 -6.22496e-37 0)
(-3.18333e-35 -1.15508e-36 0)
(-3.74782e-35 1.30855e-36 0)
(-6.74518e-35 4.56076e-36 0)
(-8.32217e-35 2.21243e-37 0)
(-3.2842e-35 -9.21944e-36 0)
(4.17153e-35 -1.14208e-35 0)
(1.8483e-35 -7.56605e-38 0)
(-5.99697e-36 7.29879e-36 0)
(-6.56812e-35 3.23193e-35 0)
(-1.25581e-34 2.05483e-35 0)
(-9.29542e-35 1.24511e-35 0)
(-4.73945e-35 -4.9349e-36 0)
(-9.43642e-36 -1.59687e-35 0)
(1.84958e-36 -1.75547e-35 0)
(-5.71736e-35 -7.03817e-36 0)
(-1.50724e-34 -3.14043e-36 0)
(-1.75615e-34 -1.431e-35 0)
(-2.42002e-34 -1.50724e-35 0)
(-2.52819e-34 -3.7003e-35 0)
(-1.74239e-34 -3.99723e-35 0)
(-1.2011e-34 -5.45653e-35 0)
(-3.48044e-34 -4.65784e-35 0)
(-3.91399e-34 3.47984e-35 0)
(-2.28858e-34 2.68702e-35 0)
(-1.47985e-34 2.99217e-35 0)
(-1.14355e-34 9.28139e-36 0)
(-1.82208e-34 -8.27959e-36 0)
(-2.54557e-34 1.37143e-35 0)
(-3.67261e-34 2.52936e-35 0)
(-4.06391e-34 4.70242e-35 0)
(-2.50304e-34 5.56359e-35 0)
(-1.3335e-34 3.02635e-35 0)
(-1.79978e-35 3.91344e-35 0)
(1.58743e-34 3.84742e-35 0)
(2.55026e-34 3.90911e-35 0)
(3.26836e-34 3.44493e-35 0)
(3.00107e-34 1.93373e-35 0)
(2.50409e-34 5.79815e-36 0)
(1.86831e-34 1.19203e-36 0)
(1.86348e-34 -2.24986e-36 0)
(2.16225e-34 -2.24884e-36 0)
(2.54796e-34 -3.06797e-37 0)
(2.88809e-34 4.06443e-37 0)
(3.1091e-34 -3.12796e-37 0)
(3.3196e-34 -1.6805e-36 0)
(3.59899e-34 -2.08569e-36 0)
(3.87942e-34 -3.00466e-37 0)
(4.00093e-34 2.32213e-36 0)
(4.44105e-34 -3.39374e-36 0)
(5.59665e-34 -1.05553e-35 0)
(7.86294e-34 -2.24449e-35 0)
(7.85562e-34 -2.41607e-35 0)
(3.22764e-34 -2.9903e-35 0)
(1.47116e-35 -3.80624e-36 0)
(-1.60555e-34 -4.85781e-35 0)
(-3.49274e-34 -7.08715e-35 0)
(-2.49098e-34 -1.04461e-34 0)
(-3.01395e-34 -1.39054e-34 0)
(-3.98971e-34 -1.10341e-34 0)
(-3.25914e-34 -8.71692e-35 0)
(-2.22681e-34 -3.37432e-35 0)
(-2.90361e-35 -6.4823e-37 0)
(1.04791e-34 1.02146e-35 0)
(1.05296e-34 1.16563e-35 0)
(3.72917e-35 4.17044e-36 0)
(-3.78254e-35 -7.53269e-37 0)
(-8.55206e-35 -1.21121e-36 0)
(-7.72955e-35 -9.28084e-37 0)
(-4.88034e-35 -5.90537e-37 0)
(-1.21597e-35 -6.41851e-37 0)
(2.05099e-35 -4.83712e-37 0)
(4.75773e-35 -1.65849e-37 0)
(6.69971e-35 5.40134e-38 0)
(7.90688e-35 4.78267e-38 0)
(8.52188e-35 1.38704e-39 0)
(8.71641e-35 1.30677e-37 0)
(8.52432e-35 3.46071e-37 0)
(8.07286e-35 2.27859e-37 0)
(7.96377e-35 -6.2715e-37 0)
(8.54251e-35 -1.07911e-36 0)
(7.9531e-35 1.58507e-36 0)
(3.50541e-35 5.92936e-36 0)
(-1.98442e-35 3.56176e-36 0)
(-4.79242e-35 -2.24212e-36 0)
(-8.4386e-35 -2.23781e-36 0)
(-1.40295e-34 -2.80079e-36 0)
(-1.29671e-34 -5.61226e-36 0)
(-9.36046e-35 3.371e-36 0)
(-2.59581e-34 2.40762e-35 0)
(-6.68973e-34 4.02751e-35 0)
(-9.882e-34 4.20917e-35 0)
(-7.99871e-34 3.12949e-35 0)
(-4.37799e-34 -7.82838e-35 0)
(-1.99902e-34 -1.40135e-34 0)
(-1.52203e-35 -1.64098e-34 0)
(3.86191e-35 -1.68257e-34 0)
(5.28917e-35 -1.13169e-34 0)
(1.6123e-34 -4.80944e-35 0)
(3.01116e-34 6.6438e-36 0)
(3.50618e-34 3.28396e-35 0)
(2.88335e-34 2.98559e-35 0)
(1.20975e-34 1.5194e-35 0)
(-4.8225e-35 2.6177e-36 0)
(-1.68871e-34 2.11142e-37 0)
(-2.46982e-34 4.9919e-36 0)
(-2.97699e-34 6.16947e-36 0)
(-3.26205e-34 2.45693e-36 0)
(-3.81353e-34 3.63933e-36 0)
(-5.39747e-34 1.45023e-35 0)
(-7.79975e-34 3.32313e-35 0)
(-9.02961e-34 4.5742e-35 0)
(-8.22882e-34 3.57058e-35 0)
(-6.69159e-34 -5.02323e-36 0)
(-5.15168e-34 -3.29563e-35 0)
(-2.74357e-34 -4.98118e-35 0)
(-8.0586e-35 -8.19757e-35 0)
(5.95183e-35 -6.58634e-35 0)
(2.14912e-34 -3.47882e-35 0)
(3.46333e-34 6.34065e-36 0)
(4.47921e-34 4.01126e-35 0)
(4.75492e-34 3.91819e-35 0)
(4.8631e-34 2.92042e-35 0)
(4.76371e-34 1.59566e-35 0)
(3.81143e-34 1.99766e-35 0)
(2.91386e-34 2.08216e-35 0)
(1.983e-34 4.11483e-35 0)
(7.14859e-35 4.33245e-35 0)
(-6.51186e-36 6.19908e-35 0)
(-4.75293e-35 7.47071e-35 0)
(-1.86881e-36 9.42209e-35 0)
(1.13296e-34 9.18795e-35 0)
(2.14202e-34 8.31969e-35 0)
(2.66285e-34 5.83996e-35 0)
(2.51449e-34 3.45988e-35 0)
(1.87685e-34 1.68764e-35 0)
(1.30311e-34 4.70554e-36 0)
(8.7103e-35 -2.29166e-37 0)
(6.87873e-35 -8.56271e-37 0)
(6.56129e-35 -3.2717e-37 0)
(7.21794e-35 -9.73273e-37 0)
(8.79711e-35 -2.4722e-36 0)
(1.08107e-34 -2.3507e-36 0)
(1.17927e-34 8.58597e-37 0)
(1.08546e-34 4.84049e-36 0)
(9.88699e-35 4.3364e-36 0)
(1.14211e-34 -1.54126e-36 0)
(1.43877e-34 -7.72557e-36 0)
(1.62531e-34 -8.93541e-36 0)
(1.78702e-34 -2.84815e-36 0)
(2.00757e-34 4.94324e-36 0)
(2.40818e-34 3.19876e-36 0)
(2.7167e-34 -5.21313e-37 0)
(2.70388e-34 -5.87186e-36 0)
(2.83836e-34 -1.19829e-35 0)
(3.50843e-34 -2.18116e-35 0)
(4.17101e-34 -3.66873e-35 0)
(4.00024e-34 -3.73794e-35 0)
(3.89998e-34 -8.10126e-37 0)
(4.11745e-34 2.21972e-35 0)
(4.35658e-34 4.27695e-35 0)
(4.68781e-34 4.22378e-35 0)
(4.70409e-34 3.13628e-35 0)
(4.49256e-34 1.58743e-35 0)
(4.23942e-34 1.81515e-36 0)
(4.13502e-34 -6.562e-36 0)
(4.2217e-34 -7.75934e-36 0)
(4.4078e-34 -4.17606e-36 0)
(4.69678e-34 -1.29319e-36 0)
(5.03668e-34 3.05701e-37 0)
(5.05417e-34 4.36704e-36 0)
(4.54379e-34 9.87528e-36 0)
(3.92644e-34 1.6478e-35 0)
(3.52893e-34 2.35764e-35 0)
(3.35763e-34 2.1903e-35 0)
(3.62998e-34 1.35369e-35 0)
(3.9196e-34 2.01518e-36 0)
(3.54691e-34 -1.77961e-35 0)
(2.71751e-34 -1.39873e-35 0)
(1.92474e-34 -5.85859e-36 0)
(1.35465e-34 1.48857e-36 0)
(1.06624e-34 7.2205e-36 0)
(1.08612e-34 6.85534e-36 0)
(1.34616e-34 3.41795e-36 0)
(1.71464e-34 -4.16407e-36 0)
(2.02818e-34 -1.12656e-35 0)
(2.15977e-34 -1.67581e-35 0)
(2.03295e-34 -1.6218e-35 0)
(1.73697e-34 -1.07532e-35 0)
(1.36379e-34 -1.50612e-36 0)
(9.86668e-35 7.943e-36 0)
(6.31978e-35 1.46512e-35 0)
(5.41311e-35 1.56652e-35 0)
(3.53075e-35 -1.20011e-35 0)
(1.40322e-35 -5.492e-36 0)
(6.08408e-36 -2.51095e-36 0)
(-7.06278e-36 -8.17548e-37 0)
(-1.56602e-35 -5.108e-37 0)
(-3.21561e-35 2.11644e-37 0)
(-8.85402e-35 3.2746e-36 0)
(-1.65251e-34 6.33877e-36 0)
(-1.94296e-34 6.38382e-36 0)
(-1.33104e-34 1.62104e-36 0)
(9.91804e-36 -6.542e-36 0)
(2.14128e-34 -1.8848e-35 0)
(3.47645e-34 -2.29288e-35 0)
(3.21711e-34 -1.71976e-35 0)
(2.09472e-34 1.31496e-39 0)
(7.96552e-35 1.39544e-35 0)
(-3.53257e-35 2.11314e-35 0)
(-1.24388e-34 1.73509e-35 0)
(-2.21681e-34 6.70016e-36 0)
(-3.37049e-34 -3.2944e-36 0)
(-4.43688e-34 -9.79927e-36 0)
(-5.14818e-34 -1.09986e-35 0)
(-5.2788e-34 -1.01252e-35 0)
(-4.985e-34 -7.58841e-36 0)
(-4.40837e-34 -6.03158e-36 0)
(-3.7153e-34 -4.94088e-36 0)
(-3.08527e-34 -2.57937e-36 0)
(-2.98917e-34 4.51136e-36 0)
(-3.8658e-34 1.7492e-35 0)
(-5.03841e-34 3.0454e-35 0)
(-6.3779e-34 4.43844e-35 0)
(-7.78011e-34 5.48167e-35 0)
(-8.23004e-34 6.09914e-35 0)
(-6.59831e-34 4.44328e-35 0)
(-3.47412e-34 1.85721e-35 0)
(-7.81486e-35 -9.23285e-37 0)
(5.40243e-35 -1.15193e-35 0)
(3.21828e-35 -8.22532e-36 0)
(-1.16078e-34 -4.51907e-36 0)
(-2.88062e-34 3.06989e-36 0)
(-4.23934e-34 -2.32486e-36 0)
(-5.32376e-34 -1.14124e-35 0)
(-5.97778e-34 -2.07805e-35 0)
(-6.11963e-34 -2.43953e-35 0)
(-5.57882e-34 -2.07845e-35 0)
(-4.59447e-34 -1.08733e-35 0)
(-3.59887e-34 -1.09633e-36 0)
(-3.40462e-34 9.37864e-36 0)
(-4.4504e-34 2.08536e-35 0)
(-5.39176e-34 2.44282e-35 0)
(-5.2272e-34 1.96195e-35 0)
(-4.50621e-34 2.81432e-36 0)
(-3.77796e-34 -1.00524e-35 0)
(-3.24423e-34 -1.76563e-35 0)
(-3.04452e-34 -1.59717e-35 0)
(-3.159e-34 -5.94677e-36 0)
(-3.23585e-34 4.10465e-36 0)
(-2.80746e-34 6.84621e-36 0)
(-2.3658e-34 5.82577e-36 0)
(-2.17768e-34 -1.28672e-37 0)
(-2.12738e-34 -3.93266e-36 0)
(-2.15545e-34 -7.33848e-36 0)
(-2.0813e-34 -6.81986e-36 0)
(-1.85863e-34 -6.98078e-36 0)
(-1.69804e-34 -4.56311e-36 0)
(-2.16567e-34 1.59034e-36 0)
(-1.94881e-34 2.02996e-35 0)
(-9.83414e-35 2.07087e-35 0)
(-2.22696e-35 1.92163e-35 0)
(2.44488e-35 1.02158e-35 0)
(1.7798e-35 2.98857e-36 0)
(-9.68827e-36 2.75286e-37 0)
(-2.93999e-35 -2.68204e-37 0)
(-3.62933e-35 -3.78817e-37 0)
(-3.62817e-35 -1.99175e-37 0)
(-3.55271e-35 1.98425e-37 0)
(-3.67425e-35 2.47554e-37 0)
(-3.62521e-35 -4.31522e-37 0)
(-3.17795e-35 -7.74428e-37 0)
(-3.73237e-35 9.08643e-37 0)
(-6.74913e-35 2.89033e-36 0)
(-8.36026e-35 -4.21284e-37 0)
(-3.3117e-35 -6.69431e-36 0)
(4.20342e-35 -5.91682e-36 0)
(1.89752e-35 3.59794e-36 0)
(-5.33137e-36 6.22665e-36 0)
(-6.54133e-35 1.41554e-35 0)
(-1.26088e-34 1.01793e-35 0)
(-9.35652e-35 1.72723e-36 0)
(-4.7963e-35 -3.74898e-36 0)
(-9.67392e-36 -7.3962e-36 0)
(2.06e-36 -7.00748e-36 0)
(-5.6854e-35 -2.55663e-36 0)
(-1.50955e-34 -3.13366e-37 0)
(-1.75933e-34 -1.01193e-35 0)
(-2.42441e-34 -9.19926e-36 0)
(-2.53371e-34 -1.74789e-35 0)
(-1.74605e-34 -2.14994e-35 0)
(-1.20168e-34 -2.50879e-35 0)
(-3.46037e-34 -1.95944e-35 0)
(-3.89932e-34 2.36544e-35 0)
(-2.29054e-34 9.14055e-36 0)
(-1.48311e-34 1.56365e-35 0)
(-1.15174e-34 3.23753e-36 0)
(-1.82129e-34 -3.90847e-36 0)
(-2.53805e-34 4.50471e-36 0)
(-3.6654e-34 1.54124e-35 0)
(-4.05831e-34 2.25475e-35 0)
(-2.50688e-34 2.58187e-35 0)
(-1.33622e-34 1.1684e-35 0)
(-1.77958e-35 2.22321e-35 0)
(1.58728e-34 1.79502e-35 0)
(2.54936e-34 2.13027e-35 0)
(3.26394e-34 1.55098e-35 0)
(2.99508e-34 8.64836e-36 0)
(2.5004e-34 -1.98661e-37 0)
(1.86708e-34 -7.03114e-37 0)
(1.863e-34 -1.67896e-36 0)
(2.16284e-34 -1.03079e-36 0)
(2.54858e-34 6.84562e-37 0)
(2.88799e-34 9.23101e-37 0)
(3.10857e-34 -8.97028e-39 0)
(3.31924e-34 -9.70443e-37 0)
(3.59936e-34 -9.65691e-37 0)
(3.88037e-34 4.24038e-37 0)
(4.00025e-34 1.90011e-36 0)
(4.43832e-34 -1.8024e-36 0)
(5.59312e-34 -6.47717e-36 0)
(7.86095e-34 -1.07637e-35 0)
(7.85494e-34 -9.36509e-36 0)
(3.23055e-34 -9.73499e-36 0)
(1.41566e-35 -5.32864e-36 0)
(-1.61759e-34 -3.43886e-35 0)
(-3.50147e-34 -3.65313e-35 0)
(-2.50306e-34 -5.12987e-35 0)
(-3.01396e-34 -6.82334e-35 0)
(-3.97966e-34 -4.66646e-35 0)
(-3.24522e-34 -3.82025e-35 0)
(-2.21073e-34 -9.6881e-36 0)
(-2.82823e-35 5.84117e-36 0)
(1.04932e-34 7.8836e-36 0)
(1.05126e-34 5.66779e-36 0)
(3.70279e-35 8.36689e-37 0)
(-3.79181e-35 -2.62852e-36 0)
(-8.54932e-35 -1.21266e-36 0)
(-7.72694e-35 -5.40342e-37 0)
(-4.87917e-35 9.54975e-38 0)
(-1.21577e-35 3.4378e-38 0)
(2.05192e-35 1.3694e-37 0)
(4.75866e-35 2.73362e-37 0)
(6.69985e-35 3.22169e-37 0)
(7.90644e-35 1.8575e-37 0)
(8.52187e-35 6.48386e-38 0)
(8.71708e-35 1.02627e-37 0)
(8.52443e-35 2.1601e-37 0)
(8.07058e-35 9.49762e-38 0)
(7.96088e-35 -4.64617e-37 0)
(8.54771e-35 -6.97828e-37 0)
(7.96888e-35 1.06831e-36 0)
(3.50841e-35 3.63599e-36 0)
(-2.00594e-35 1.35685e-36 0)
(-4.80525e-35 -3.30643e-36 0)
(-8.43463e-35 -2.00656e-36 0)
(-1.40361e-34 -3.11773e-37 0)
(-1.29573e-34 -3.33786e-36 0)
(-9.29043e-35 6.41173e-37 0)
(-2.58729e-34 1.54714e-35 0)
(-6.68758e-34 2.26462e-35 0)
(-9.88633e-34 1.36746e-35 0)
(-8.02474e-34 3.6381e-36 0)
(-4.41254e-34 -4.52927e-35 0)
(-2.01559e-34 -6.45462e-35 0)
(-1.57828e-35 -7.45393e-35 0)
(3.97889e-35 -7.5436e-35 0)
(5.56065e-35 -4.70163e-35 0)
(1.6387e-34 -1.31125e-35 0)
(3.02816e-34 1.04707e-35 0)
(3.50986e-34 2.03609e-35 0)
(2.8779e-34 1.30151e-35 0)
(1.2031e-34 3.15361e-36 0)
(-4.85319e-35 -3.07256e-36 0)
(-1.68742e-34 -2.19653e-36 0)
(-2.46803e-34 2.32472e-36 0)
(-2.97783e-34 3.09572e-36 0)
(-3.26285e-34 -2.50706e-37 0)
(-3.81024e-34 7.01723e-37 0)
(-5.39015e-34 8.20259e-36 0)
(-7.79315e-34 1.70094e-35 0)
(-9.03025e-34 1.90272e-35 0)
(-8.24086e-34 1.14186e-35 0)
(-6.70684e-34 -5.16892e-36 0)
(-5.16164e-34 -1.52711e-35 0)
(-2.7554e-34 -2.23714e-35 0)
(-8.0898e-35 -3.89549e-35 0)
(6.0777e-35 -2.61326e-35 0)
(2.16717e-34 -1.03166e-35 0)
(3.48135e-34 1.06233e-35 0)
(4.48612e-34 2.34669e-35 0)
(4.75073e-34 1.99458e-35 0)
(4.85653e-34 1.05402e-35 0)
(4.76218e-34 4.87202e-36 0)
(3.81339e-34 1.019e-35 0)
(2.91866e-34 1.10816e-35 0)
(1.98862e-34 1.71692e-35 0)
(7.20377e-35 2.10985e-35 0)
(-5.72412e-36 2.81095e-35 0)
(-4.66699e-35 3.51836e-35 0)
(-1.42434e-36 4.49514e-35 0)
(1.12984e-34 4.34943e-35 0)
(2.13302e-34 3.85561e-35 0)
(2.6496e-34 2.64277e-35 0)
(2.50328e-34 1.32149e-35 0)
(1.86906e-34 5.5449e-36 0)
(1.29877e-34 -1.68769e-37 0)
(8.69958e-35 -1.41484e-36 0)
(6.88148e-35 -7.46394e-37 0)
(6.56165e-35 -3.12484e-39 0)
(7.21118e-35 -4.56093e-37 0)
(8.79345e-35 -1.40386e-36 0)
(1.08222e-34 -1.02221e-36 0)
(1.18148e-34 1.26327e-36 0)
(1.08623e-34 3.30193e-36 0)
(9.86351e-35 1.89754e-36 0)
(1.1385e-34 -2.259e-36 0)
(1.43716e-34 -4.645e-36 0)
(1.62725e-34 -3.36692e-36 0)
(1.79103e-34 1.87494e-37 0)
(2.00902e-34 3.21566e-36 0)
(2.40631e-34 1.63055e-36 0)
(2.71417e-34 -7.30913e-37 0)
(2.70053e-34 -2.20361e-36 0)
(2.83322e-34 -6.13432e-36 0)
(3.50111e-34 -1.18215e-35 0)
(4.16723e-34 -1.79992e-35 0)
(4.01195e-34 -1.54017e-35 0)
(3.91771e-34 3.6339e-36 0)
(4.13003e-34 1.25273e-35 0)
(4.36212e-34 2.18961e-35 0)
(4.68364e-34 1.97502e-35 0)
(4.69561e-34 1.33833e-35 0)
(4.48331e-34 5.36675e-36 0)
(4.23266e-34 -1.38609e-36 0)
(4.13256e-34 -4.54741e-36 0)
(4.22307e-34 -3.74282e-36 0)
(4.41011e-34 -8.60691e-37 0)
(4.698e-34 4.15985e-37 0)
(5.03843e-34 4.33377e-37 0)
(5.05751e-34 2.87714e-36 0)
(4.5474e-34 6.09778e-36 0)
(3.93008e-34 7.54248e-36 0)
(3.53049e-34 9.43719e-36 0)
(3.3545e-34 9.3992e-36 0)
(3.62341e-34 5.41667e-36 0)
(3.90949e-34 -3.65662e-37 0)
(3.54188e-34 -8.80025e-36 0)
(2.72147e-34 -6.99371e-36 0)
(1.92978e-34 -3.15105e-36 0)
(1.35898e-34 -6.82836e-38 0)
(1.06808e-34 2.91874e-36 0)
(1.08482e-34 2.7141e-36 0)
(1.34246e-34 1.12453e-36 0)
(1.70978e-34 -2.31225e-36 0)
(2.02404e-34 -5.23186e-36 0)
(2.15821e-34 -7.62382e-36 0)
(2.03516e-34 -7.10589e-36 0)
(1.74211e-34 -4.43252e-36 0)
(1.37031e-34 -1.94109e-37 0)
(9.92232e-35 4.17215e-36 0)
(6.34132e-35 6.91829e-36 0)
(5.48713e-35 5.67862e-36 0)
(9.7918e-36 -3.4025e-36 0)
(1.42957e-35 -1.00147e-36 0)
(6.16447e-36 -1.56585e-37 0)
(-7.06937e-36 -6.48411e-39 0)
(-1.56675e-35 -2.39794e-37 0)
(-3.20513e-35 -9.69053e-38 0)
(-8.83984e-35 1.08313e-36 0)
(-1.65275e-34 1.69629e-36 0)
(-1.94492e-34 7.72323e-37 0)
(-1.33334e-34 -8.14188e-37 0)
(9.62934e-36 -2.18582e-36 0)
(2.13938e-34 -4.5478e-36 0)
(3.47874e-34 -4.64607e-36 0)
(3.22204e-34 -1.54083e-36 0)
(2.09888e-34 1.82805e-36 0)
(7.9867e-35 3.942e-36 0)
(-3.53994e-35 4.63309e-36 0)
(-1.24764e-34 2.95417e-36 0)
(-2.22095e-34 -4.03517e-37 0)
(-3.37327e-34 -2.62803e-36 0)
(-4.43767e-34 -4.16154e-36 0)
(-5.1473e-34 -3.70232e-36 0)
(-5.27728e-34 -2.96591e-36 0)
(-4.9835e-34 -1.6115e-36 0)
(-4.40762e-34 -8.92276e-37 0)
(-3.71459e-34 -5.78457e-37 0)
(-3.08323e-34 1.0232e-37 0)
(-2.985e-34 2.29366e-36 0)
(-3.86142e-34 5.9842e-36 0)
(-5.03509e-34 8.49848e-36 0)
(-6.37431e-34 1.07176e-35 0)
(-7.77773e-34 1.36502e-35 0)
(-8.23348e-34 1.41309e-35 0)
(-6.60695e-34 8.64522e-36 0)
(-3.48011e-34 1.55005e-36 0)
(-7.83344e-35 -1.10305e-37 0)
(5.39983e-35 -1.18209e-36 0)
(3.22161e-35 -4.90488e-37 0)
(-1.16025e-34 -6.9081e-37 0)
(-2.88181e-34 2.94121e-37 0)
(-4.24276e-34 -2.47767e-36 0)
(-5.32674e-34 -4.87617e-36 0)
(-5.97906e-34 -7e-36 0)
(-6.11822e-34 -6.81359e-36 0)
(-5.57511e-34 -4.83492e-36 0)
(-4.59015e-34 -1.09359e-36 0)
(-3.59541e-34 1.85722e-36 0)
(-3.40151e-34 4.27978e-36 0)
(-4.44934e-34 6.72606e-36 0)
(-5.39433e-34 5.94093e-36 0)
(-5.23166e-34 2.66441e-36 0)
(-4.51004e-34 -1.15289e-36 0)
(-3.77999e-34 -3.44139e-36 0)
(-3.2442e-34 -4.39703e-36 0)
(-3.04186e-34 -3.39289e-36 0)
(-3.15552e-34 -7.45254e-38 0)
(-3.23457e-34 2.28202e-36 0)
(-2.80817e-34 2.01662e-36 0)
(-2.367e-34 1.11087e-36 0)
(-2.17927e-34 3.11173e-38 0)
(-2.12861e-34 -1.54568e-36 0)
(-2.15563e-34 -2.02377e-36 0)
(-2.08094e-34 -1.8571e-36 0)
(-1.85806e-34 -1.41385e-36 0)
(-1.69644e-34 -8.92143e-37 0)
(-2.16142e-34 1.31816e-36 0)
(-1.94642e-34 6.42902e-36 0)
(-9.8427e-35 5.42012e-36 0)
(-2.24597e-35 4.94436e-36 0)
(2.41692e-35 2.09717e-36 0)
(1.76539e-35 4.32076e-38 0)
(-9.70825e-36 -4.39766e-37 0)
(-2.93862e-35 -3.09208e-37 0)
(-3.62794e-35 -1.95143e-37 0)
(-3.62648e-35 -6.07815e-38 0)
(-3.55176e-35 1.08763e-37 0)
(-3.67579e-35 1.10561e-37 0)
(-3.62744e-35 -1.71226e-37 0)
(-3.17505e-35 -2.96043e-37 0)
(-3.72508e-35 3.61986e-37 0)
(-6.75301e-35 1.05028e-36 0)
(-8.38064e-35 -3.63688e-37 0)
(-3.31875e-35 -2.7548e-36 0)
(4.23198e-35 -1.67759e-36 0)
(1.9217e-35 2.63829e-36 0)
(-5.31869e-36 2.89356e-36 0)
(-6.54229e-35 2.87908e-36 0)
(-1.26321e-34 2.70838e-36 0)
(-9.3789e-35 -1.60793e-36 0)
(-4.79704e-35 -1.61173e-36 0)
(-9.64817e-36 -1.75255e-36 0)
(2.13478e-36 -1.10622e-36 0)
(-5.67745e-35 -2.82722e-37 0)
(-1.51146e-34 4.63175e-37 0)
(-1.76121e-34 -4.09789e-36 0)
(-2.4245e-34 -3.28318e-36 0)
(-2.53533e-34 -4.27165e-36 0)
(-1.74683e-34 -6.5425e-36 0)
(-1.20028e-34 -5.83555e-36 0)
(-3.45293e-34 -3.68801e-36 0)
(-3.89721e-34 9.43103e-36 0)
(-2.29285e-34 6.03895e-37 0)
(-1.48328e-34 4.67894e-36 0)
(-1.15444e-34 2.34588e-37 0)
(-1.82135e-34 -9.57895e-37 0)
(-2.53502e-34 1.16674e-37 0)
(-3.66276e-34 5.45739e-36 0)
(-4.05798e-34 5.70698e-36 0)
(-2.5088e-34 6.17198e-36 0)
(-1.33571e-34 1.57937e-36 0)
(-1.76691e-35 7.31008e-36 0)
(1.58697e-34 4.30294e-36 0)
(2.54899e-34 6.64321e-36 0)
(3.26179e-34 3.46682e-36 0)
(2.99285e-34 1.90571e-36 0)
(2.49919e-34 -1.46447e-36 0)
(1.86742e-34 -7.81622e-37 0)
(1.86324e-34 -7.06371e-37 0)
(2.16341e-34 -2.35079e-37 0)
(2.54894e-34 5.69545e-37 0)
(2.88777e-34 5.79551e-37 0)
(3.10818e-34 6.55688e-38 0)
(3.31911e-34 -3.205e-37 0)
(3.59966e-34 -2.23314e-37 0)
(3.88083e-34 3.79161e-37 0)
(3.99986e-34 8.47188e-37 0)
(4.43698e-34 -5.35159e-37 0)
(5.5922e-34 -2.30123e-36 0)
(7.86135e-34 -2.7011e-36 0)
(7.85593e-34 -1.35786e-36 0)
(3.22986e-34 -3.53043e-37 0)
(1.3591e-35 -3.02362e-36 0)
(-1.62068e-34 -1.40421e-35 0)
(-3.50129e-34 -1.04891e-35 0)
(-2.50618e-34 -1.36173e-35 0)
(-3.01204e-34 -1.8135e-35 0)
(-3.97554e-34 -8.94356e-36 0)
(-3.24128e-34 -8.05397e-36 0)
(-2.20559e-34 5.96941e-37 0)
(-2.81653e-35 4.39132e-36 0)
(1.0481e-34 3.421e-36 0)
(1.04968e-34 1.47468e-36 0)
(3.68919e-35 -3.3902e-37 0)
(-3.79292e-35 -1.74628e-36 0)
(-8.54264e-35 -6.06875e-37 0)
(-7.72345e-35 -1.8036e-37 0)
(-4.87765e-35 2.06992e-37 0)
(-1.21575e-35 1.73637e-37 0)
(2.05221e-35 2.11933e-37 0)
(4.75871e-35 2.38293e-37 0)
(6.69935e-35 2.23195e-37 0)
(7.90566e-35 1.24853e-37 0)
(8.52151e-35 4.73029e-38 0)
(8.71721e-35 4.501e-38 0)
(8.5243e-35 7.7769e-38 0)
(8.06935e-35 1.62689e-38 0)
(7.95963e-35 -1.94558e-37 0)
(8.55051e-35 -2.58913e-37 0)
(7.97596e-35 4.15702e-37 0)
(3.50725e-35 1.28374e-36 0)
(-2.02067e-35 1.6821e-37 0)
(-4.81043e-35 -1.89171e-36 0)
(-8.42382e-35 -9.50344e-37 0)
(-1.4037e-34 4.13122e-37 0)
(-1.29607e-34 -1.1332e-36 0)
(-9.2577e-35 -2.98603e-37 0)
(-2.5837e-34 5.73107e-36 0)
(-6.69021e-34 7.22607e-36 0)
(-9.892e-34 2.82797e-37 0)
(-8.03228e-34 -4.50761e-36 0)
(-4.41772e-34 -1.52202e-35 0)
(-2.01647e-34 -1.51413e-35 0)
(-1.58619e-35 -1.70032e-35 0)
(4.02071e-35 -1.67493e-35 0)
(5.65081e-35 -8.59103e-36 0)
(1.64604e-34 1.33176e-36 0)
(3.03119e-34 6.07288e-36 0)
(3.50814e-34 7.34505e-36 0)
(2.87357e-34 2.68134e-36 0)
(1.20028e-34 -1.16657e-36 0)
(-4.85567e-35 -2.84096e-36 0)
(-1.68568e-34 -1.65574e-36 0)
(-2.46674e-34 5.40538e-37 0)
(-2.9785e-34 8.3689e-37 0)
(-3.26345e-34 -7.38627e-37 0)
(-3.80844e-34 -3.13055e-37 0)
(-5.38745e-34 2.65995e-36 0)
(-7.79275e-34 4.78817e-36 0)
(-9.03274e-34 3.40819e-36 0)
(-8.24412e-34 1.45338e-37 0)
(-6.70889e-34 -2.65483e-36 0)
(-5.1629e-34 -3.65299e-36 0)
(-2.75876e-34 -4.96976e-36 0)
(-8.08471e-35 -9.77822e-36 0)
(6.13379e-35 -4.07174e-36 0)
(2.17293e-34 3.71113e-37 0)
(3.48557e-34 6.29772e-36 0)
(4.48571e-34 7.92649e-36 0)
(4.74683e-34 5.58777e-36 0)
(4.85332e-34 1.0143e-36 0)
(4.76323e-34 -7.16768e-38 0)
(3.81535e-34 2.86236e-36 0)
(2.91879e-34 3.34983e-36 0)
(1.98985e-34 3.08408e-36 0)
(7.22267e-35 5.48128e-36 0)
(-5.53993e-36 6.33475e-36 0)
(-4.63771e-35 8.62522e-36 0)
(-1.29581e-36 1.13122e-35 0)
(1.12857e-34 1.08072e-35 0)
(2.13013e-34 9.17466e-36 0)
(2.64515e-34 5.9771e-36 0)
(2.49979e-34 1.75297e-36 0)
(1.86727e-34 1.97422e-37 0)
(1.29806e-34 -1.19733e-36 0)
(8.70478e-35 -9.80347e-37 0)
(6.88794e-35 -3.51353e-37 0)
(6.56314e-35 6.91042e-38 0)
(7.20794e-35 -1.09363e-37 0)
(8.7929e-35 -4.50107e-37 0)
(1.08297e-34 -1.97515e-37 0)
(1.18242e-34 7.24982e-37 0)
(1.086e-34 1.28421e-36 0)
(9.84701e-35 3.73159e-37 0)
(1.13724e-34 -1.29534e-36 0)
(1.43776e-34 -1.59789e-36 0)
(1.62881e-34 -3.74911e-37 0)
(1.79207e-34 8.17556e-37 0)
(2.00878e-34 1.2159e-36 0)
(2.40523e-34 4.57648e-37 0)
(2.71369e-34 -4.25716e-37 0)
(2.69965e-34 -2.78286e-37 0)
(2.83096e-34 -1.74761e-36 0)
(3.49908e-34 -3.65597e-36 0)
(4.16789e-34 -4.76835e-36 0)
(4.01717e-34 -2.69135e-36 0)
(3.92238e-34 2.90488e-36 0)
(4.13236e-34 4.14029e-36 0)
(4.36258e-34 6.29064e-36 0)
(4.68111e-34 4.82506e-36 0)
(4.69246e-34 2.64113e-36 0)
(4.48047e-34 3.13027e-37 0)
(4.23117e-34 -1.41003e-36 0)
(4.1329e-34 -1.80221e-36 0)
(4.22459e-34 -9.46165e-37 0)
(4.41121e-34 3.24131e-37 0)
(4.69794e-34 5.91295e-37 0)
(5.03879e-34 2.40273e-37 0)
(5.05892e-34 1.08491e-36 0)
(4.54787e-34 2.17575e-36 0)
(3.92958e-34 1.73446e-36 0)
(3.53059e-34 1.49329e-36 0)
(3.35405e-34 1.86648e-36 0)
(3.62146e-34 8.86943e-37 0)
(3.90703e-34 -7.44309e-37 0)
(3.54099e-34 -2.38974e-36 0)
(2.72254e-34 -1.9382e-36 0)
(1.93096e-34 -9.78591e-37 0)
(1.36011e-34 -3.86664e-37 0)
(1.06872e-34 4.96059e-37 0)
(1.08449e-34 4.41124e-37 0)
(1.34155e-34 6.4709e-38 0)
(1.70876e-34 -7.20142e-37 0)
(2.02323e-34 -1.24289e-36 0)
(2.158e-34 -1.74891e-36 0)
(2.0359e-34 -1.50869e-36 0)
(1.74345e-34 -8.12387e-37 0)
(1.37192e-34 1.65279e-37 0)
(9.93444e-35 1.19313e-36 0)
(6.33595e-35 1.66887e-36 0)
(2.25841e-35 5.35079e-37 0)
(2.28312e-304 -1.49401e-305 0)
(7.89673e-304 -1.89726e-305 0)
(1.73512e-303 -3.03701e-305 0)
(3.68616e-303 -5.77925e-305 0)
(8.36332e-303 -1.25474e-304 0)
(2.11173e-302 -3.08062e-304 0)
(5.12791e-302 -7.90874e-304 0)
(1.14748e-301 -1.82811e-303 0)
(2.41199e-301 -4.02144e-303 0)
(4.87348e-301 -8.7564e-303 0)
(9.88631e-301 -2.05058e-302 0)
(2.36388e-300 -7.03959e-302 0)
(1.70013e-300 -1.45045e-300 0)
(2.28038e-304 -4.82645e-305 0)
(7.88725e-304 -6.12862e-305 0)
(1.73303e-303 -9.80907e-305 0)
(3.68172e-303 -1.86643e-304 0)
(8.35316e-303 -4.05196e-304 0)
(2.10913e-302 -9.94795e-304 0)
(5.12135e-302 -2.55379e-303 0)
(1.14591e-301 -5.90274e-303 0)
(2.4082e-301 -1.29828e-302 0)
(4.86333e-301 -2.82576e-302 0)
(9.84322e-301 -6.60387e-302 0)
(2.24973e-300 -2.18482e-301 0)
(1.58954e-300 -2.88212e-300 0)
(2.27287e-304 -8.91831e-305 0)
(7.86125e-304 -1.13241e-304 0)
(1.72731e-303 -1.8124e-304 0)
(3.66952e-303 -3.44844e-304 0)
(8.32529e-303 -7.48625e-304 0)
(2.10197e-302 -1.83788e-303 0)
(5.10335e-302 -4.71775e-303 0)
(1.1416e-301 -1.09026e-302 0)
(2.39782e-301 -2.39709e-302 0)
(4.8356e-301 -5.21196e-302 0)
(9.73274e-301 -1.21228e-301 0)
(2.11414e-300 -3.79689e-301 0)
(1.46296e-300 -2.8402e-300 0)
(2.25736e-304 -1.39258e-304 0)
(7.80759e-304 -1.76828e-304 0)
(1.71551e-303 -2.83016e-304 0)
(3.64436e-303 -5.38496e-304 0)
(8.2678e-303 -1.16901e-303 0)
(2.08721e-302 -2.86976e-303 0)
(5.06624e-302 -7.36542e-303 0)
(1.1327e-301 -1.70158e-302 0)
(2.37645e-301 -3.73833e-302 0)
(4.77899e-301 -8.11153e-302 0)
(9.52267e-301 -1.87076e-301 0)
(1.95443e-300 -5.5004e-301 0)
(1.32012e-300 -2.78862e-300 0)
(2.22887e-304 -2.00264e-304 0)
(7.70898e-304 -2.54295e-304 0)
(1.69381e-303 -4.07007e-304 0)
(3.59813e-303 -7.74411e-304 0)
(8.16218e-303 -1.68108e-303 0)
(2.06009e-302 -4.12637e-303 0)
(4.9981e-302 -1.05877e-302 0)
(1.11639e-301 -2.44454e-302 0)
(2.33739e-301 -5.36331e-302 0)
(4.67685e-301 -1.15954e-301 0)
(9.17258e-301 -2.63893e-301 0)
(1.7683e-300 -7.23323e-301 0)
(1.16154e-300 -2.72514e-300 0)
(2.17973e-304 -2.74004e-304 0)
(7.53894e-304 -3.47932e-304 0)
(1.6564e-303 -5.56874e-304 0)
(3.51841e-303 -1.05953e-303 0)
(7.98006e-303 -2.29984e-303 0)
(2.01336e-302 -5.64408e-303 0)
(4.88077e-302 -1.4475e-302 0)
(1.08837e-301 -3.3387e-302 0)
(2.27065e-301 -7.3083e-302 0)
(4.5057e-301 -1.57078e-301 0)
(8.63516e-301 -3.507e-301 0)
(1.55414e-300 -8.90947e-301 0)
(9.88707e-301 -2.64701e-300 0)
(2.09841e-304 -3.61996e-304 0)
(7.25753e-304 -4.59662e-304 0)
(1.59449e-303 -7.35687e-304 0)
(3.3865e-303 -1.39967e-303 0)
(7.67882e-303 -3.03774e-303 0)
(1.9361e-302 -7.45256e-303 0)
(4.68711e-302 -1.90982e-302 0)
(1.04227e-301 -4.39777e-302 0)
(2.16184e-301 -9.59128e-302 0)
(4.23428e-301 -2.04296e-301 0)
(7.85997e-301 -4.44491e-301 0)
(1.31153e-300 -1.04215e-300 0)
(8.04118e-301 -2.55086e-300 0)
(1.96794e-304 -4.64785e-304 0)
(6.80608e-304 -5.90174e-304 0)
(1.49517e-303 -9.44529e-304 0)
(3.17494e-303 -1.79682e-303 0)
(7.19589e-303 -3.89883e-303 0)
(1.81239e-302 -9.56011e-303 0)
(4.37772e-302 -2.44688e-302 0)
(9.69026e-302 -5.61987e-302 0)
(1.99127e-301 -1.21877e-301 0)
(3.82411e-301 -2.56231e-301 0)
(6.80063e-301 -5.3946e-301 0)
(1.04177e-300 -1.16466e-300 0)
(6.11213e-301 -2.43253e-300 0)
(1.76423e-304 -5.80619e-304 0)
(6.10121e-304 -7.37235e-304 0)
(1.34013e-303 -1.1798e-303 0)
(2.84477e-303 -2.24402e-303 0)
(6.44272e-303 -4.86747e-303 0)
(1.61978e-302 -1.19257e-302 0)
(3.89785e-302 -3.04652e-302 0)
(8.56364e-302 -6.96966e-302 0)
(1.73387e-301 -1.49904e-301 0)
(3.23303e-301 -3.09565e-301 0)
(5.4254e-301 -6.26446e-301 0)
(7.48429e-301 -1.24569e-300 0)
(4.14157e-301 -2.28689e-300 0)
(1.45497e-304 -7.03051e-304 0)
(5.03123e-304 -8.92645e-304 0)
(1.10482e-303 -1.42832e-303 0)
(2.34391e-303 -2.71605e-303 0)
(5.30139e-303 -5.88821e-303 0)
(1.32865e-302 -1.44091e-302 0)
(3.17665e-302 -3.67053e-302 0)
(6.89074e-302 -8.34937e-302 0)
(1.36144e-301 -1.77516e-301 0)
(2.42366e-301 -3.582e-301 0)
(3.7306e-301 -6.92905e-301 0)
(4.37683e-301 -1.27312e-300 0)
(2.17568e-301 -2.10766e-300 0)
(1.00131e-304 -8.16954e-304 0)
(3.4618e-304 -1.03718e-303 0)
(7.5979e-304 -1.65929e-303 0)
(1.60999e-303 -3.15408e-303 0)
(3.63165e-303 -6.83254e-303 0)
(9.0438e-303 -1.66909e-302 0)
(2.13411e-302 -4.23468e-302 0)
(4.51247e-302 -9.55678e-302 0)
(8.49245e-302 -2.00119e-301 0)
(1.37782e-301 -3.92638e-301 0)
(1.75465e-301 -7.23656e-301 0)
(1.18683e-301 -1.23629e-300 0)
(2.63669e-302 -1.88707e-300 0)
(3.67004e-305 -8.9275e-304 0)
(1.26781e-304 -1.13328e-303 0)
(2.7766e-304 -1.81255e-303 0)
(5.85489e-304 -3.44363e-303 0)
(1.30606e-303 -7.45184e-303 0)
(3.16647e-303 -1.81605e-302 0)
(7.05951e-303 -4.58275e-302 0)
(1.32434e-302 -1.02369e-301 0)
(1.89336e-302 -2.10404e-301 0)
(1.1715e-302 -3.99991e-301 0)
(-4.09072e-302 -7.02339e-301 0)
(-1.96147e-301 -1.12603e-300 0)
(-1.54016e-301 -1.61559e-300 0)
(-3.70384e-305 -8.92535e-304 0)
(-1.28214e-304 -1.13286e-303 0)
(-2.82351e-304 -1.81134e-303 0)
(-6.02881e-304 -3.43932e-303 0)
(-1.38326e-303 -7.43356e-303 0)
(-3.5817e-303 -1.80679e-302 0)
(-9.10642e-303 -4.53251e-302 0)
(-2.19135e-302 -1.00153e-301 0)
(-5.0708e-302 -2.02005e-301 0)
(-1.12809e-301 -3.72755e-301 0)
(-2.37345e-301 -6.27736e-301 0)
(-4.59862e-301 -9.58037e-301 0)
(-3.00035e-301 -1.31602e-300 0)
(-1.00358e-304 -8.1641e-304 0)
(-3.47128e-304 -1.03612e-303 0)
(-7.62833e-304 -1.65623e-303 0)
(-1.62112e-303 -3.14321e-303 0)
(-3.68074e-303 -6.78654e-303 0)
(-9.30762e-303 -1.64579e-302 0)
(-2.26452e-302 -4.10817e-302 0)
(-5.06924e-302 -8.9973e-302 0)
(-1.05703e-301 -1.78802e-301 0)
(-2.06353e-301 -3.22698e-301 0)
(-3.76559e-301 -5.27883e-301 0)
(-6.37502e-301 -7.80546e-301 0)
(-3.96373e-301 -1.04453e-300 0)
(-1.45587e-304 -7.02356e-304 0)
(-5.03472e-304 -8.91303e-304 0)
(-1.10584e-303 -1.42448e-303 0)
(-2.34732e-303 -2.70242e-303 0)
(-5.31586e-303 -5.83055e-303 0)
(-1.33635e-302 -1.41171e-302 0)
(-3.21503e-302 -3.51171e-302 0)
(-7.05939e-302 -7.64461e-302 0)
(-1.42872e-301 -1.50437e-301 0)
(-2.67682e-301 -2.67697e-301 0)
(-4.64799e-301 -4.30251e-301 0)
(-7.47008e-301 -6.24681e-301 0)
(-4.55109e-301 -8.23924e-301 0)
(-1.76392e-304 -5.79905e-304 0)
(-6.09947e-304 -7.35872e-304 0)
(-1.33936e-303 -1.17593e-303 0)
(-2.84142e-303 -2.23035e-303 0)
(-6.4268e-303 -4.80967e-303 0)
(-1.61105e-302 -1.16328e-302 0)
(-3.855e-302 -2.88707e-302 0)
(-8.38626e-302 -6.2598e-302 0)
(-1.67296e-301 -1.22405e-301 0)
(-3.07229e-301 -2.15875e-301 0)
(-5.20562e-301 -3.43214e-301 0)
(-8.15107e-301 -4.9292e-301 0)
(-4.9141e-301 -6.44668e-301 0)
(-1.96673e-304 -4.64125e-304 0)
(-6.80037e-304 -5.88935e-304 0)
(-1.49306e-303 -9.41052e-304 0)
(-3.16647e-303 -1.78459e-303 0)
(-7.15698e-303 -3.84716e-303 0)
(-1.79123e-302 -9.29834e-303 0)
(-4.27317e-302 -2.30424e-302 0)
(-9.24783e-302 -4.98325e-302 0)
(-1.83009e-301 -9.7049e-302 0)
(-3.32377e-301 -1.70196e-301 0)
(-5.55589e-301 -2.68781e-301 0)
(-8.57477e-301 -3.83482e-301 0)
(-5.13914e-301 -4.99011e-301 0)
(-2.09656e-304 -3.61423e-304 0)
(-7.24908e-304 -4.58608e-304 0)
(-1.59144e-303 -7.32774e-304 0)
(-3.37448e-303 -1.38949e-303 0)
(-7.62397e-303 -2.9948e-303 0)
(-1.9063e-302 -7.23502e-303 0)
(-4.5396e-302 -1.79122e-302 0)
(-9.79461e-302 -3.86746e-302 0)
(-1.92925e-301 -7.51274e-302 0)
(-3.48131e-301 -1.31291e-301 0)
(-5.77368e-301 -2.06485e-301 0)
(-8.8367e-301 -2.93422e-301 0)
(-5.27796e-301 -3.80657e-301 0)
(-2.17747e-304 -2.73529e-304 0)
(-7.52868e-304 -3.47079e-304 0)
(-1.65274e-303 -5.54559e-304 0)
(-3.50407e-303 -1.0515e-303 0)
(-7.91478e-303 -2.26605e-303 0)
(-1.97791e-302 -5.47296e-303 0)
(-4.70514e-302 -1.35417e-302 0)
(-1.01335e-301 -2.92088e-302 0)
(-1.99048e-301 -5.66505e-302 0)
(-3.57818e-301 -9.87883e-302 0)
(-5.90697e-301 -1.54977e-301 0)
(-8.99646e-301 -2.19694e-301 0)
(-5.36253e-301 -2.84488e-301 0)
(-2.22636e-304 -1.99886e-304 0)
(-7.69762e-304 -2.53634e-304 0)
(-1.68978e-303 -4.05255e-304 0)
(-3.58235e-303 -7.68385e-304 0)
(-8.09042e-303 -1.6558e-303 0)
(-2.02114e-302 -3.99843e-303 0)
(-4.80498e-302 -9.88979e-303 0)
(-1.03376e-301 -2.13188e-302 0)
(-2.02728e-301 -4.13088e-302 0)
(-3.63623e-301 -7.19424e-302 0)
(-5.98663e-301 -1.12693e-301 0)
(-9.09175e-301 -1.59521e-301 0)
(-5.41292e-301 -2.06345e-301 0)
(-2.2547e-304 -1.38971e-304 0)
(-7.79557e-304 -1.76343e-304 0)
(-1.71125e-303 -2.81762e-304 0)
(-3.62774e-303 -5.34233e-304 0)
(-8.19224e-303 -1.15119e-303 0)
(-2.04618e-302 -2.77962e-303 0)
(-4.8628e-302 -6.87375e-303 0)
(-1.04557e-301 -1.48121e-302 0)
(-2.04855e-301 -2.86852e-302 0)
(-3.66973e-301 -4.99203e-302 0)
(-6.03253e-301 -7.81288e-302 0)
(-9.14658e-301 -1.10503e-301 0)
(-5.44191e-301 -1.42849e-301 0)
(-2.27012e-304 -8.89818e-305 0)
(-7.84886e-304 -1.12912e-304 0)
(-1.72293e-303 -1.80416e-304 0)
(-3.65243e-303 -3.4208e-304 0)
(-8.24763e-303 -7.37119e-304 0)
(-2.05981e-302 -1.77974e-303 0)
(-4.89424e-302 -4.40065e-303 0)
(-1.05198e-301 -9.48104e-303 0)
(-2.0601e-301 -1.83556e-302 0)
(-3.6879e-301 -3.19308e-302 0)
(-6.05742e-301 -4.99503e-302 0)
(-9.17629e-301 -7.06162e-302 0)
(-5.45762e-301 -9.12562e-302 0)
(-2.2776e-304 -4.81554e-305 0)
(-7.8747e-304 -6.11076e-305 0)
(-1.7286e-303 -9.76432e-305 0)
(-3.6644e-303 -1.85142e-304 0)
(-8.27448e-303 -3.98946e-304 0)
(-2.06641e-302 -9.63221e-304 0)
(-4.90948e-302 -2.38157e-303 0)
(-1.05509e-301 -5.13051e-303 0)
(-2.06569e-301 -9.93135e-303 0)
(-3.6967e-301 -1.72728e-302 0)
(-6.06946e-301 -2.70141e-302 0)
(-9.19066e-301 -3.81822e-302 0)
(-5.46521e-301 -4.93342e-302 0)
(-2.28032e-304 -1.49109e-305 0)
(-7.88411e-304 -1.89219e-305 0)
(-1.73066e-303 -3.02359e-305 0)
(-3.66876e-303 -5.73314e-305 0)
(-8.28426e-303 -1.2354e-304 0)
(-2.06882e-302 -2.98275e-304 0)
(-4.91503e-302 -7.3747e-304 0)
(-1.05623e-301 -1.58865e-303 0)
(-2.06773e-301 -3.07503e-303 0)
(-3.69991e-301 -5.34775e-303 0)
(-6.07384e-301 -8.36294e-303 0)
(-9.19589e-301 -1.18193e-302 0)
(-5.46798e-301 -1.52704e-302 0)
(0 -0 0)
(0 -0 0)
(0 -0 0)
(0 -0 0)
(0 -0 0)
(0 -0 0)
(0 -0 0)
(0 -0 0)
(0 -0 0)
(0 -0 0)
(0 -0 0)
(0 -0 0)
(0 -0 0)
(0 0 0)
(0 0 0)
(0 0 0)
(0 0 0)
(0 0 0)
(0 0 0)
(0 0 0)
(0 0 0)
(0 0 0)
(0 0 0)
(0 0 0)
(0 -0 0)
(0 -0 0)
(0 0 0)
(0 0 0)
(0 0 0)
(0 0 0)
(0 0 0)
(0 0 0)
(0 0 0)
(0 0 0)
(0 0 0)
(0 0 0)
(0 0 0)
(0 0 0)
(0 -0 0)
(0 0 0)
(0 0 0)
(0 0 0)
(0 0 0)
(0 0 0)
(0 0 0)
(0 0 0)
(0 0 0)
(0 0 0)
(0 0 0)
(0 0 0)
(0 0 0)
(0 -0 0)
(0 0 0)
(0 0 0)
(0 0 0)
(0 0 0)
(0 0 0)
(0 0 0)
(0 0 0)
(0 0 0)
(0 0 0)
(0 0 0)
(0 0 0)
(0 0 0)
(0 -0 0)
(0 0 0)
(0 0 0)
(0 0 0)
(0 0 0)
(0 0 0)
(0 0 0)
(0 0 0)
(0 0 0)
(0 0 0)
(0 0 0)
(0 0 0)
(0 0 0)
(0 -0 0)
(0 0 0)
(0 0 0)
(0 0 0)
(0 0 0)
(0 0 0)
(0 0 0)
(0 0 0)
(0 0 0)
(0 0 0)
(0 0 0)
(0 0 0)
(0 0 0)
(0 0 0)
(0 0 0)
(0 0 0)
(0 0 0)
(0 0 0)
(0 0 0)
(0 0 0)
(0 0 0)
(0 0 0)
(0 0 0)
(0 0 0)
(0 0 0)
(0 0 0)
(0 0 0)
(0 0 0)
(0 0 0)
(0 0 0)
(0 0 0)
(0 0 0)
(0 0 0)
(0 0 0)
(0 0 0)
(0 0 0)
(0 0 0)
(0 0 0)
(0 0 0)
(0 0 0)
(0 0 0)
(0 0 0)
(0 0 0)
(0 0 0)
(0 0 0)
(0 0 0)
(0 0 0)
(0 0 0)
(0 0 0)
(0 0 0)
(0 0 0)
(0 0 0)
(0 0 0)
(0 0 0)
(0 0 0)
(0 0 0)
(0 0 0)
(0 0 0)
(0 0 0)
(0 0 0)
(0 0 0)
(0 0 0)
(0 0 0)
(0 0 0)
(0 0 0)
(0 -0 0)
(0 -0 0)
(0 -0 0)
(0 -0 0)
(0 -0 0)
(0 -0 0)
(0 -0 0)
(0 -0 0)
(0 -0 0)
(0 -0 0)
(0 -0 0)
(0 0 0)
(0 0 0)
(0 -0 0)
(0 -0 0)
(0 -0 0)
(0 -0 0)
(0 -0 0)
(0 -0 0)
(0 -0 0)
(0 -0 0)
(0 -0 0)
(0 -0 0)
(0 -0 0)
(0 -0 0)
(0 -0 0)
(0 -0 0)
(0 -0 0)
(0 -0 0)
(0 -0 0)
(0 -0 0)
(0 -0 0)
(0 -0 0)
(0 -0 0)
(0 -0 0)
(0 -0 0)
(0 -0 0)
(0 -0 0)
(0 -0 0)
(0 -0 0)
(0 -0 0)
(0 -0 0)
(0 -0 0)
(0 -0 0)
(0 -0 0)
(0 -0 0)
(0 -0 0)
(0 -0 0)
(0 -0 0)
(0 -0 0)
(0 -0 0)
(0 -0 0)
(0 -0 0)
(0 -0 0)
(0 -0 0)
(0 -0 0)
(0 -0 0)
(0 -0 0)
(0 -0 0)
(0 -0 0)
(0 -0 0)
(0 -0 0)
(0 -0 0)
(0 -0 0)
(0 -0 0)
(0 -0 0)
(0 -0 0)
(0 -0 0)
(0 -0 0)
(0 -0 0)
(0 -0 0)
(0 -0 0)
(0 -0 0)
(0 -0 0)
(0 -0 0)
(0 -0 0)
(0 -0 0)
(0 -0 0)
(0 -0 0)
(0 -0 0)
(0 -0 0)
(0 -0 0)
(0 -0 0)
(0 -0 0)
(0 -0 0)
(0 -0 0)
(0 -0 0)
(0 -0 0)
(0 -0 0)
(0 -0 0)
(0 -0 0)
(0 -0 0)
(0 -0 0)
(0 -0 0)
(0 -0 0)
(0 -0 0)
(0 -0 0)
(0 -0 0)
(0 -0 0)
(0 -0 0)
(0 -0 0)
(0 -0 0)
(0 -0 0)
(0 -0 0)
(0 -0 0)
(0 -0 0)
(0 -0 0)
(0 -0 0)
(0 -0 0)
(0 -0 0)
(0 -0 0)
(0 -0 0)
(0 -0 0)
(0 -0 0)
(0 -0 0)
(0 -0 0)
(0 -0 0)
(0 -0 0)
(0 -0 0)
(0 -0 0)
(0 -0 0)
(0 -0 0)
(0 -0 0)
(0 -0 0)
(0 -0 0)
(0 -0 0)
(0 -0 0)
(0 -0 0)
(0 -0 0)
(0 -0 0)
(0 -0 0)
(0 -0 0)
(0 -0 0)
(0 -0 0)
(0 -0 0)
(0 -0 0)
(0 -0 0)
(0 -0 0)
(0 -0 0)
(0 -0 0)
(0 -0 0)
(0 -0 0)
(0 -0 0)
(0 -0 0)
(0 -0 0)
(0 -0 0)
(0 -0 0)
(0 -0 0)
(0 -0 0)
(0 -0 0)
(0 -0 0)
(0 -0 0)
(0 -0 0)
(0 -0 0)
(0 -0 0)
(0 -0 0)
(0 0 0)
(0 -0 0)
(0 -0 0)
(0 -0 0)
(0 -0 0)
(0 -0 0)
(0 -0 0)
(0 -0 0)
(0 -0 0)
(0 -0 0)
(0 -0 0)
(0 -0 0)
(0 -0 0)
(0 0 0)
(-1.57247e-300 -1.45045e-300 0)
(-2.12853e-300 -5.79014e-302 0)
(-8.00034e-301 -1.54766e-302 0)
(-3.50408e-301 -5.93825e-303 0)
(-1.49988e-301 -2.36297e-303 0)
(-6.00927e-302 -8.84168e-304 0)
(-2.37069e-302 -3.56905e-304 0)
(-1.05655e-302 -1.61707e-304 0)
(-5.11471e-303 -8.02897e-305 0)
(-2.63294e-303 -4.36741e-305 0)
(-1.3858e-303 -2.64472e-305 0)
(-6.76851e-304 -1.84691e-305 0)
(-2.02473e-304 -1.54372e-305 0)
(-1.47787e-300 -2.88212e-300 0)
(-2.03142e-300 -1.80606e-301 0)
(-7.97034e-301 -4.98771e-302 0)
(-3.49757e-301 -1.91672e-302 0)
(-1.4977e-301 -7.62933e-303 0)
(-6.00143e-302 -2.85501e-303 0)
(-2.36774e-302 -1.15251e-303 0)
(-1.05526e-302 -5.22197e-304 0)
(-5.10852e-303 -2.59289e-304 0)
(-2.62977e-303 -1.41051e-304 0)
(-1.38413e-303 -8.54223e-305 0)
(-6.76039e-304 -5.96597e-305 0)
(-2.0223e-304 -4.9869e-305 0)
(-1.36843e-300 -2.8402e-300 0)
(-1.91555e-300 -3.16274e-301 0)
(-7.89265e-301 -9.17088e-302 0)
(-3.47976e-301 -3.53715e-302 0)
(-1.49173e-301 -1.40899e-302 0)
(-5.97992e-302 -5.27402e-303 0)
(-2.35965e-302 -2.12922e-303 0)
(-1.05172e-302 -9.64781e-304 0)
(-5.09155e-303 -4.7906e-304 0)
(-2.62108e-303 -2.60612e-304 0)
(-1.37957e-303 -1.57834e-304 0)
(-6.73809e-304 -1.10236e-304 0)
(-2.01563e-304 -9.2147e-305 0)
(-1.24341e-300 -2.78862e-300 0)
(-1.77833e-300 -4.62374e-301 0)
(-7.74317e-301 -1.41935e-301 0)
(-3.4433e-301 -5.51073e-302 0)
(-1.47943e-301 -2.19845e-302 0)
(-5.93558e-302 -8.23332e-303 0)
(-2.34297e-302 -3.32456e-303 0)
(-1.04443e-302 -1.50652e-303 0)
(-5.05655e-303 -7.48079e-304 0)
(-2.60313e-303 -4.06961e-304 0)
(-1.37014e-303 -2.46465e-304 0)
(-6.69211e-304 -1.72135e-304 0)
(-2.00188e-304 -1.43887e-304 0)
(-1.10269e-300 -2.72514e-300 0)
(-1.6173e-300 -6.14464e-301 0)
(-7.49055e-301 -2.01127e-301 0)
(-3.37717e-301 -7.89212e-302 0)
(-1.45689e-301 -3.15689e-302 0)
(-5.8542e-302 -1.18338e-302 0)
(-2.31232e-302 -4.78003e-303 0)
(-1.03103e-302 -2.16636e-303 0)
(-4.99223e-303 -1.07579e-303 0)
(-2.57016e-303 -5.85253e-304 0)
(-1.35282e-303 -3.54443e-304 0)
(-6.6076e-304 -2.47547e-304 0)
(-1.97661e-304 -2.06922e-304 0)
(-9.46931e-301 -2.64701e-300 0)
(-1.43045e-300 -7.65853e-301 0)
(-7.09631e-301 -2.69043e-301 0)
(-3.26552e-301 -1.07232e-301 0)
(-1.41827e-301 -4.30821e-302 0)
(-5.71415e-302 -1.61753e-302 0)
(-2.25951e-302 -6.53748e-303 0)
(-1.00792e-302 -2.96356e-303 0)
(-4.88133e-303 -1.47183e-303 0)
(-2.5133e-303 -8.00742e-304 0)
(-1.32295e-303 -4.84956e-304 0)
(-6.46185e-304 -3.38699e-304 0)
(-1.93303e-304 -2.83114e-304 0)
(-7.77804e-301 -2.55086e-300 0)
(-1.21663e-300 -9.07486e-301 0)
(-6.51673e-301 -3.44025e-301 0)
(-3.08654e-301 -1.40108e-301 0)
(-1.35498e-301 -5.6677e-302 0)
(-5.48322e-302 -2.13342e-302 0)
(-2.17225e-302 -8.63075e-303 0)
(-9.69717e-303 -3.91402e-303 0)
(-4.69786e-303 -1.94422e-303 0)
(-2.41921e-303 -1.05783e-303 0)
(-1.27353e-303 -6.40681e-304 0)
(-6.22067e-304 -4.47466e-304 0)
(-1.86091e-304 -3.74032e-304 0)
(-5.98021e-301 -2.43253e-300 0)
(-9.76059e-301 -1.02817e-300 0)
(-5.70732e-301 -4.22273e-301 0)
(-2.81208e-301 -1.76899e-301 0)
(-1.25502e-301 -7.22872e-302 0)
(-5.11488e-302 -2.73189e-302 0)
(-2.03257e-302 -1.10685e-302 0)
(-9.08481e-303 -5.02267e-303 0)
(-4.40363e-303 -2.49564e-303 0)
(-2.2683e-303 -1.35804e-303 0)
(-1.19424e-303 -8.22566e-304 0)
(-5.83374e-304 -5.74517e-304 0)
(-1.7452e-304 -4.8024e-304 0)
(-4.11295e-301 -2.28689e-300 0)
(-7.10908e-301 -1.11525e-300 0)
(-4.63085e-301 -4.97114e-301 0)
(-2.40911e-301 -2.1568e-301 0)
(-1.10251e-301 -8.93965e-302 0)
(-4.54493e-302 -3.39863e-302 0)
(-1.81526e-302 -1.38015e-302 0)
(-8.13021e-303 -6.26896e-303 0)
(-3.94457e-303 -3.11629e-303 0)
(-2.03274e-303 -1.69616e-303 0)
(-1.07045e-303 -1.02748e-303 0)
(-5.22961e-304 -7.17681e-304 0)
(-1.56454e-304 -5.99925e-304 0)
(-2.2219e-301 -2.10766e-300 0)
(-4.25923e-301 -1.15554e-300 0)
(-3.2691e-301 -5.58523e-301 0)
(-1.84457e-301 -2.52537e-301 0)
(-8.78528e-302 -1.06674e-301 0)
(-3.69127e-302 -4.08999e-302 0)
(-1.48718e-302 -1.66653e-302 0)
(-6.6846e-303 -7.58072e-303 0)
(-3.24847e-303 -3.77092e-303 0)
(-1.67533e-303 -2.05316e-303 0)
(-8.82575e-304 -1.24396e-303 0)
(-4.31254e-304 -8.68977e-304 0)
(-1.29027e-304 -7.26428e-304 0)
(-3.59672e-302 -1.88707e-300 0)
(-1.29003e-301 -1.13644e-300 0)
(-1.63764e-301 -5.93218e-301 0)
(-1.0955e-301 -2.80825e-301 0)
(-5.64498e-302 -1.21473e-301 0)
(-2.46305e-302 -4.71108e-302 0)
(-1.0098e-302 -1.92874e-302 0)
(-4.57178e-303 -8.79169e-303 0)
(-2.22907e-303 -4.3776e-303 0)
(-1.15142e-303 -2.38466e-303 0)
(-6.07056e-304 -1.4452e-303 0)
(-2.96738e-304 -1.0097e-303 0)
(-8.87948e-305 -8.44117e-304 0)
(1.41347e-301 -1.61559e-300 0)
(1.68171e-301 -1.04652e-300 0)
(1.97574e-302 -5.85549e-301 0)
(-1.65946e-302 -2.90763e-301 0)
(-1.50344e-302 -1.29306e-301 0)
(-7.90588e-303 -5.08791e-302 0)
(-3.49925e-303 -2.0961e-302 0)
(-1.63315e-303 -9.58144e-303 0)
(-8.07263e-304 -4.77726e-303 0)
(-4.19731e-304 -2.60416e-303 0)
(-2.22005e-304 -1.57881e-303 0)
(-1.08686e-304 -1.10327e-303 0)
(-3.25428e-305 -9.22429e-304 0)
(2.85743e-301 -1.31602e-300 0)
(4.20106e-301 -8.97913e-301 0)
(1.90547e-301 -5.31023e-301 0)
(7.79844e-302 -2.75158e-301 0)
(2.98354e-302 -1.25713e-301 0)
(1.08917e-302 -5.02143e-302 0)
(4.05681e-303 -2.08275e-302 0)
(1.75889e-303 -9.54999e-303 0)
(8.40064e-304 -4.76877e-303 0)
(4.2956e-304 -2.60155e-303 0)
(2.25336e-304 -1.57789e-303 0)
(1.09882e-304 -1.10288e-303 0)
(3.2849e-305 -9.22202e-304 0)
(3.81306e-301 -1.04453e-300 0)
(5.91176e-301 -7.3546e-301 0)
(3.13742e-301 -4.51083e-301 0)
(1.50675e-301 -2.40954e-301 0)
(6.60482e-302 -1.12381e-301 0)
(2.65394e-302 -4.54349e-302 0)
(1.04526e-302 -1.89514e-302 0)
(4.65169e-303 -8.71258e-303 0)
(2.24998e-303 -4.35623e-303 0)
(1.15774e-303 -2.37809e-303 0)
(6.09224e-304 -1.44288e-303 0)
(2.97529e-304 -1.00872e-303 0)
(8.89993e-305 -8.43543e-304 0)
(4.39656e-301 -8.23924e-301 0)
(6.97108e-301 -5.9038e-301 0)
(3.92649e-301 -3.69909e-301 0)
(1.9901e-301 -2.01352e-301 0)
(9.08689e-302 -9.5177e-302 0)
(3.74816e-302 -3.87934e-302 0)
(1.49756e-302 -1.62439e-302 0)
(6.70803e-303 -7.48156e-303 0)
(3.25473e-303 -3.74414e-303 0)
(1.67731e-303 -2.04491e-303 0)
(8.83312e-304 -1.24105e-303 0)
(4.31545e-304 -8.67745e-304 0)
(1.29107e-304 -7.25697e-304 0)
(4.75745e-301 -6.44668e-301 0)
(7.63158e-301 -4.66686e-301 0)
(4.4283e-301 -2.96187e-301 0)
(2.30454e-301 -1.63127e-301 0)
(1.07325e-301 -7.7773e-302 0)
(4.48303e-302 -3.18689e-302 0)
(1.80356e-302 -1.33787e-302 0)
(8.10403e-303 -6.16953e-303 0)
(3.93798e-303 -3.08943e-303 0)
(2.03093e-303 -1.68787e-303 0)
(1.06994e-303 -1.02454e-303 0)
(5.22815e-304 -7.16428e-304 0)
(1.56423e-304 -5.99176e-304 0)
(4.98127e-301 -4.99012e-301 0)
(8.04317e-301 -3.63463e-301 0)
(4.74473e-301 -2.3249e-301 0)
(2.5056e-301 -1.28985e-301 0)
(1.17973e-301 -6.18305e-302 0)
(4.96243e-302 -2.5423e-302 0)
(2.00413e-302 -1.06905e-302 0)
(9.02109e-303 -4.93381e-303 0)
(4.38732e-303 -2.47163e-303 0)
(2.26362e-303 -1.35062e-303 0)
(1.19277e-303 -8.19922e-304 0)
(5.82898e-304 -5.73377e-304 0)
(1.74407e-304 -4.79548e-304 0)
(5.11938e-301 -3.80657e-301 0)
(8.29785e-301 -2.78286e-301 0)
(4.94193e-301 -1.78859e-301 0)
(2.63198e-301 -9.96806e-302 0)
(1.24716e-301 -4.79461e-302 0)
(5.26757e-302 -1.97567e-302 0)
(2.13218e-302 -8.31655e-303 0)
(9.6074e-303 -3.84017e-303 0)
(4.6748e-303 -1.92425e-303 0)
(2.41254e-303 -1.05164e-303 0)
(1.2714e-303 -6.38462e-304 0)
(6.21361e-304 -4.46495e-304 0)
(1.8592e-304 -3.73434e-304 0)
(5.20352e-301 -2.84488e-301 0)
(8.45328e-301 -2.08443e-301 0)
(5.06281e-301 -1.34359e-301 0)
(2.70986e-301 -7.50872e-302 0)
(1.28889e-301 -3.61925e-302 0)
(5.45703e-302 -1.49334e-302 0)
(2.21183e-302 -6.29029e-303 0)
(9.97244e-303 -2.90546e-303 0)
(4.85387e-303 -1.45611e-303 0)
(2.50533e-303 -7.95854e-304 0)
(1.3204e-303 -4.83188e-304 0)
(6.4533e-304 -3.37912e-304 0)
(1.93094e-304 -2.8262e-304 0)
(5.25367e-301 -2.06345e-301 0)
(8.54602e-301 -1.51387e-301 0)
(5.13511e-301 -9.77504e-302 0)
(2.75658e-301 -5.47186e-302 0)
(1.314e-301 -2.64078e-302 0)
(5.57126e-302 -1.09049e-302 0)
(2.25991e-302 -4.59521e-303 0)
(1.01929e-302 -2.12291e-303 0)
(4.96204e-303 -1.06402e-303 0)
(2.56138e-303 -5.81578e-304 0)
(1.35e-303 -3.53099e-304 0)
(6.59811e-304 -2.46936e-304 0)
(1.97429e-304 -2.0653e-304 0)
(5.28251e-301 -1.42849e-301 0)
(8.59939e-301 -1.04882e-301 0)
(5.17679e-301 -6.77897e-302 0)
(2.78357e-301 -3.79835e-302 0)
(1.32853e-301 -1.83446e-302 0)
(5.6374e-302 -7.57877e-303 0)
(2.28777e-302 -3.19435e-303 0)
(1.03207e-302 -1.4759e-303 0)
(5.02474e-303 -7.39768e-304 0)
(2.59388e-303 -4.04354e-304 0)
(1.36716e-303 -2.45499e-304 0)
(6.68207e-304 -1.71686e-304 0)
(1.99943e-304 -1.43592e-304 0)
(5.29814e-301 -9.12563e-302 0)
(8.62832e-301 -6.70293e-302 0)
(5.1994e-301 -4.33472e-302 0)
(2.79822e-301 -2.43007e-302 0)
(1.33642e-301 -1.1741e-302 0)
(5.67336e-302 -4.85183e-303 0)
(2.30292e-302 -2.04524e-303 0)
(1.03902e-302 -9.45021e-304 0)
(5.05886e-303 -4.73686e-304 0)
(2.61156e-303 -2.58915e-304 0)
(1.3765e-303 -1.57196e-304 0)
(6.72776e-304 -1.09931e-304 0)
(2.0131e-304 -9.19406e-305 0)
(5.3057e-301 -4.93342e-302 0)
(8.64231e-301 -3.6244e-302 0)
(5.21033e-301 -2.34449e-302 0)
(2.80531e-301 -1.31467e-302 0)
(1.34024e-301 -6.35315e-303 0)
(5.69079e-302 -2.62569e-303 0)
(2.31026e-302 -1.1069e-303 0)
(1.04239e-302 -5.11466e-304 0)
(5.0754e-303 -2.56371e-304 0)
(2.62013e-303 -1.4013e-304 0)
(1.38103e-303 -8.5076e-305 0)
(6.74991e-304 -5.9494e-305 0)
(2.01973e-304 -4.97571e-305 0)
(5.30845e-301 -1.52705e-302 0)
(8.6474e-301 -1.12195e-302 0)
(5.21432e-301 -7.25822e-303 0)
(2.80789e-301 -4.07045e-303 0)
(1.34164e-301 -1.96719e-303 0)
(5.69714e-302 -8.13061e-304 0)
(2.31294e-302 -3.42765e-304 0)
(1.04361e-302 -1.58383e-304 0)
(5.08142e-303 -7.93888e-305 0)
(2.62326e-303 -4.33928e-305 0)
(1.38268e-303 -2.63442e-305 0)
(6.75798e-304 -1.84222e-305 0)
(2.02215e-304 -1.5407e-305 0)
(0 0 0)
(0 0 0)
(0 0 0)
(0 0 0)
(0 -0 0)
(0 -0 0)
(0 -0 0)
(0 -0 0)
(0 -0 0)
(0 -0 0)
(0 -0 0)
(0 -0 0)
(0 -0 0)
(0 0 0)
(0 -0 0)
(0 -0 0)
(0 -0 0)
(0 -0 0)
(0 -0 0)
(0 -0 0)
(0 -0 0)
(0 -0 0)
(0 -0 0)
(0 -0 0)
(0 -0 0)
(0 -0 0)
(0 0 0)
(0 -0 0)
(0 -0 0)
(0 -0 0)
(0 -0 0)
(0 -0 0)
(0 -0 0)
(0 -0 0)
(0 -0 0)
(0 -0 0)
(0 -0 0)
(0 -0 0)
(0 -0 0)
(0 0 0)
(0 -0 0)
(0 -0 0)
(0 -0 0)
(0 -0 0)
(0 -0 0)
(0 -0 0)
(0 -0 0)
(0 -0 0)
(0 -0 0)
(0 -0 0)
(0 -0 0)
(0 -0 0)
(0 0 0)
(0 -0 0)
(0 -0 0)
(0 -0 0)
(0 -0 0)
(0 -0 0)
(0 -0 0)
(0 -0 0)
(0 -0 0)
(0 -0 0)
(0 -0 0)
(0 -0 0)
(0 -0 0)
(0 0 0)
(0 -0 0)
(0 -0 0)
(0 -0 0)
(0 -0 0)
(0 -0 0)
(0 -0 0)
(0 -0 0)
(0 -0 0)
(0 -0 0)
(0 -0 0)
(0 -0 0)
(0 -0 0)
(0 0 0)
(0 -0 0)
(0 -0 0)
(0 -0 0)
(0 -0 0)
(0 -0 0)
(0 -0 0)
(0 -0 0)
(0 -0 0)
(0 -0 0)
(0 -0 0)
(0 -0 0)
(0 -0 0)
(0 0 0)
(0 -0 0)
(0 -0 0)
(0 -0 0)
(0 -0 0)
(0 -0 0)
(0 -0 0)
(0 -0 0)
(0 -0 0)
(0 -0 0)
(0 -0 0)
(0 -0 0)
(0 -0 0)
(0 0 0)
(0 -0 0)
(0 -0 0)
(0 -0 0)
(0 -0 0)
(0 -0 0)
(0 -0 0)
(0 -0 0)
(0 -0 0)
(0 -0 0)
(0 -0 0)
(0 -0 0)
(0 -0 0)
(0 0 0)
(0 -0 0)
(0 -0 0)
(0 -0 0)
(0 -0 0)
(0 -0 0)
(0 -0 0)
(0 -0 0)
(0 -0 0)
(0 -0 0)
(0 -0 0)
(0 -0 0)
(0 -0 0)
(0 0 0)
(0 -0 0)
(0 -0 0)
(0 -0 0)
(0 -0 0)
(0 -0 0)
(0 -0 0)
(0 -0 0)
(0 -0 0)
(0 -0 0)
(0 -0 0)
(0 -0 0)
(0 -0 0)
(0 0 0)
(0 -0 0)
(0 -0 0)
(0 -0 0)
(0 -0 0)
(0 -0 0)
(0 -0 0)
(0 -0 0)
(0 -0 0)
(0 -0 0)
(0 -0 0)
(0 -0 0)
(0 -0 0)
(0 0 0)
(0 0 0)
(0 0 0)
(0 0 0)
(0 0 0)
(0 -0 0)
(0 -0 0)
(0 -0 0)
(0 -0 0)
(0 -0 0)
(0 -0 0)
(0 -0 0)
(0 -0 0)
(0 0 0)
(0 0 0)
(0 0 0)
(0 0 0)
(0 0 0)
(0 0 0)
(0 0 0)
(0 0 0)
(0 0 0)
(0 0 0)
(0 0 0)
(0 0 0)
(0 0 0)
(0 0 0)
(0 0 0)
(0 0 0)
(0 0 0)
(0 0 0)
(0 0 0)
(0 0 0)
(0 0 0)
(0 0 0)
(0 0 0)
(0 0 0)
(0 0 0)
(0 0 0)
(0 0 0)
(0 0 0)
(0 0 0)
(0 0 0)
(0 0 0)
(0 0 0)
(0 0 0)
(0 0 0)
(0 0 0)
(0 0 0)
(0 0 0)
(0 0 0)
(0 0 0)
(0 0 0)
(0 0 0)
(0 0 0)
(0 0 0)
(0 0 0)
(0 0 0)
(0 0 0)
(0 0 0)
(0 0 0)
(0 0 0)
(0 0 0)
(0 0 0)
(0 0 0)
(0 0 0)
(0 0 0)
(0 0 0)
(0 0 0)
(0 0 0)
(0 0 0)
(0 0 0)
(0 0 0)
(0 0 0)
(0 0 0)
(0 0 0)
(0 0 0)
(0 0 0)
(0 0 0)
(0 0 0)
(0 0 0)
(0 0 0)
(0 0 0)
(0 0 0)
(0 0 0)
(0 0 0)
(0 0 0)
(0 0 0)
(0 0 0)
(0 0 0)
(0 0 0)
(0 0 0)
(0 0 0)
(0 0 0)
(0 0 0)
(0 0 0)
(0 0 0)
(0 0 0)
(0 0 0)
(0 0 0)
(0 0 0)
(0 0 0)
(0 0 0)
(0 0 0)
(0 0 0)
(0 0 0)
(0 0 0)
(0 0 0)
(0 0 0)
(0 0 0)
(0 0 0)
(0 0 0)
(0 0 0)
(0 0 0)
(0 0 0)
(0 0 0)
(0 0 0)
(0 0 0)
(0 0 0)
(0 0 0)
(0 0 0)
(0 0 0)
(0 0 0)
(0 0 0)
(0 0 0)
(0 0 0)
(0 0 0)
(0 0 0)
(0 0 0)
(0 0 0)
(0 -0 0)
(0 0 0)
(0 0 0)
(0 0 0)
(0 0 0)
(0 0 0)
(0 0 0)
(0 0 0)
(0 0 0)
(0 0 0)
(0 0 0)
(0 0 0)
(0 0 0)
(0 -0 0)
(0 0 0)
(0 0 0)
(0 0 0)
(0 0 0)
(0 0 0)
(0 0 0)
(0 0 0)
(0 0 0)
(0 0 0)
(0 0 0)
(0 0 0)
(0 0 0)
)
;

boundaryField
{
    PNe
    {
        type            extrapolatedCalculated;
        value           nonuniform List<vector> 
270
(
(9.7918e-36 0 0)
(1.42957e-35 0 0)
(6.16447e-36 0 0)
(-7.06937e-36 0 0)
(-1.56675e-35 0 0)
(-3.20513e-35 0 0)
(-8.83984e-35 0 0)
(-1.65275e-34 0 0)
(-1.94492e-34 0 0)
(-1.33334e-34 0 0)
(9.62934e-36 0 0)
(2.13938e-34 0 0)
(3.47874e-34 0 0)
(3.22204e-34 0 0)
(2.09888e-34 0 0)
(7.9867e-35 0 0)
(-3.53994e-35 0 0)
(-1.24764e-34 0 0)
(-2.22095e-34 0 0)
(-3.37327e-34 0 0)
(-4.43767e-34 0 0)
(-5.1473e-34 0 0)
(-5.27728e-34 0 0)
(-4.9835e-34 0 0)
(-4.40762e-34 0 0)
(-3.71459e-34 0 0)
(-3.08323e-34 0 0)
(-2.985e-34 0 0)
(-3.86142e-34 0 0)
(-5.03509e-34 0 0)
(-6.37431e-34 0 0)
(-7.77773e-34 0 0)
(-8.23348e-34 0 0)
(-6.60695e-34 0 0)
(-3.48011e-34 0 0)
(-7.83344e-35 0 0)
(5.39983e-35 0 0)
(3.22161e-35 0 0)
(-1.16025e-34 0 0)
(-2.88181e-34 0 0)
(-4.24276e-34 0 0)
(-5.32674e-34 0 0)
(-5.97906e-34 0 0)
(-6.11822e-34 0 0)
(-5.57511e-34 0 0)
(-4.59015e-34 0 0)
(-3.59541e-34 0 0)
(-3.40151e-34 0 0)
(-4.44934e-34 0 0)
(-5.39433e-34 0 0)
(-5.23166e-34 0 0)
(-4.51004e-34 0 0)
(-3.77999e-34 0 0)
(-3.2442e-34 0 0)
(-3.04186e-34 0 0)
(-3.15552e-34 0 0)
(-3.23457e-34 0 0)
(-2.80817e-34 0 0)
(-2.367e-34 0 0)
(-2.17927e-34 0 0)
(-2.12861e-34 0 0)
(-2.15563e-34 0 0)
(-2.08094e-34 0 0)
(-1.85806e-34 0 0)
(-1.69644e-34 0 0)
(-2.16142e-34 0 0)
(-1.94642e-34 0 0)
(-9.8427e-35 0 0)
(-2.24597e-35 0 0)
(2.41692e-35 0 0)
(1.76539e-35 0 0)
(-9.70825e-36 0 0)
(-2.93862e-35 0 0)
(-3.62794e-35 0 0)
(-3.62648e-35 0 0)
(-3.55176e-35 0 0)
(-3.67579e-35 0 0)
(-3.62744e-35 0 0)
(-3.17505e-35 0 0)
(-3.72508e-35 0 0)
(-6.75301e-35 0 0)
(-8.38064e-35 0 0)
(-3.31875e-35 0 0)
(4.23198e-35 0 0)
(1.9217e-35 0 0)
(-5.31869e-36 0 0)
(-6.54229e-35 0 0)
(-1.26321e-34 0 0)
(-9.3789e-35 0 0)
(-4.79704e-35 0 0)
(-9.64817e-36 0 0)
(2.13478e-36 0 0)
(-5.67745e-35 0 0)
(-1.51146e-34 0 0)
(-1.76121e-34 0 0)
(-2.4245e-34 0 0)
(-2.53533e-34 0 0)
(-1.74683e-34 0 0)
(-1.20028e-34 0 0)
(-3.45293e-34 0 0)
(-3.89721e-34 0 0)
(-2.29285e-34 0 0)
(-1.48328e-34 0 0)
(-1.15444e-34 0 0)
(-1.82135e-34 0 0)
(-2.53502e-34 0 0)
(-3.66276e-34 0 0)
(-4.05798e-34 0 0)
(-2.5088e-34 0 0)
(-1.33571e-34 0 0)
(-1.76691e-35 0 0)
(1.58697e-34 0 0)
(2.54899e-34 0 0)
(3.26179e-34 0 0)
(2.99285e-34 0 0)
(2.49919e-34 0 0)
(1.86742e-34 0 0)
(1.86324e-34 0 0)
(2.16341e-34 0 0)
(2.54894e-34 0 0)
(2.88777e-34 0 0)
(3.10818e-34 0 0)
(3.31911e-34 0 0)
(3.59966e-34 0 0)
(3.88083e-34 0 0)
(3.99986e-34 0 0)
(4.43698e-34 0 0)
(5.5922e-34 0 0)
(7.86135e-34 0 0)
(7.85593e-34 0 0)
(3.22986e-34 0 0)
(1.3591e-35 0 0)
(-1.62068e-34 0 0)
(-3.50129e-34 0 0)
(-2.50618e-34 0 0)
(-3.01204e-34 0 0)
(-3.97554e-34 0 0)
(-3.24128e-34 0 0)
(-2.20559e-34 0 0)
(-2.81653e-35 0 0)
(1.0481e-34 0 0)
(1.04968e-34 0 0)
(3.68919e-35 0 0)
(-3.79292e-35 0 0)
(-8.54264e-35 0 0)
(-7.72345e-35 0 0)
(-4.87765e-35 0 0)
(-1.21575e-35 0 0)
(2.05221e-35 0 0)
(4.75871e-35 0 0)
(6.69935e-35 0 0)
(7.90566e-35 0 0)
(8.52151e-35 0 0)
(8.71721e-35 0 0)
(8.5243e-35 0 0)
(8.06935e-35 0 0)
(7.95963e-35 0 0)
(8.55051e-35 0 0)
(7.97596e-35 0 0)
(3.50725e-35 0 0)
(-2.02067e-35 0 0)
(-4.81043e-35 0 0)
(-8.42382e-35 0 0)
(-1.4037e-34 0 0)
(-1.29607e-34 0 0)
(-9.2577e-35 0 0)
(-2.5837e-34 0 0)
(-6.69021e-34 0 0)
(-9.892e-34 0 0)
(-8.03228e-34 0 0)
(-4.41772e-34 0 0)
(-2.01647e-34 0 0)
(-1.58619e-35 0 0)
(4.02071e-35 0 0)
(5.65081e-35 0 0)
(1.64604e-34 0 0)
(3.03119e-34 0 0)
(3.50814e-34 0 0)
(2.87357e-34 0 0)
(1.20028e-34 0 0)
(-4.85567e-35 0 0)
(-1.68568e-34 0 0)
(-2.46674e-34 0 0)
(-2.9785e-34 0 0)
(-3.26345e-34 0 0)
(-3.80844e-34 0 0)
(-5.38745e-34 0 0)
(-7.79275e-34 0 0)
(-9.03274e-34 0 0)
(-8.24412e-34 0 0)
(-6.70889e-34 0 0)
(-5.1629e-34 0 0)
(-2.75876e-34 0 0)
(-8.08471e-35 0 0)
(6.13379e-35 0 0)
(2.17293e-34 0 0)
(3.48557e-34 0 0)
(4.48571e-34 0 0)
(4.74683e-34 0 0)
(4.85332e-34 0 0)
(4.76323e-34 0 0)
(3.81535e-34 0 0)
(2.91879e-34 0 0)
(1.98985e-34 0 0)
(7.22267e-35 0 0)
(-5.53993e-36 0 0)
(-4.63771e-35 0 0)
(-1.29581e-36 0 0)
(1.12857e-34 0 0)
(2.13013e-34 0 0)
(2.64515e-34 0 0)
(2.49979e-34 0 0)
(1.86727e-34 0 0)
(1.29806e-34 0 0)
(8.70478e-35 0 0)
(6.88794e-35 0 0)
(6.56314e-35 0 0)
(7.20794e-35 0 0)
(8.7929e-35 0 0)
(1.08297e-34 0 0)
(1.18242e-34 0 0)
(1.086e-34 0 0)
(9.84701e-35 0 0)
(1.13724e-34 0 0)
(1.43776e-34 0 0)
(1.62881e-34 0 0)
(1.79207e-34 0 0)
(2.00878e-34 0 0)
(2.40523e-34 0 0)
(2.71369e-34 0 0)
(2.69965e-34 0 0)
(2.83096e-34 0 0)
(3.49908e-34 0 0)
(4.16789e-34 0 0)
(4.01717e-34 0 0)
(3.92238e-34 0 0)
(4.13236e-34 0 0)
(4.36258e-34 0 0)
(4.68111e-34 0 0)
(4.69246e-34 0 0)
(4.48047e-34 0 0)
(4.23117e-34 0 0)
(4.1329e-34 0 0)
(4.22459e-34 0 0)
(4.41121e-34 0 0)
(4.69794e-34 0 0)
(5.03879e-34 0 0)
(5.05892e-34 0 0)
(4.54787e-34 0 0)
(3.92958e-34 0 0)
(3.53059e-34 0 0)
(3.35405e-34 0 0)
(3.62146e-34 0 0)
(3.90703e-34 0 0)
(3.54099e-34 0 0)
(2.72254e-34 0 0)
(1.93096e-34 0 0)
(1.36011e-34 0 0)
(1.06872e-34 0 0)
(1.08449e-34 0 0)
(1.34155e-34 0 0)
(1.70876e-34 0 0)
(2.02323e-34 0 0)
(2.158e-34 0 0)
(2.0359e-34 0 0)
(1.74345e-34 0 0)
(1.37192e-34 0 0)
(9.93444e-35 0 0)
(6.33595e-35 0 0)
(2.25841e-35 0 0)
)
;
    }
    PPe
    {
        type            extrapolatedCalculated;
        value           nonuniform List<vector> 
270
(
(1.08977e-07 -2.93144 0)
(2.19468e-07 -2.93143 0)
(2.03343e-07 -2.93143 0)
(1.66181e-07 -2.93142 0)
(1.30934e-07 -2.93142 0)
(1.03996e-07 -2.93141 0)
(8.52231e-08 -2.93141 0)
(7.26518e-08 -2.93141 0)
(6.42492e-08 -2.93141 0)
(5.84318e-08 -2.93141 0)
(5.4113e-08 -2.9314 0)
(5.06032e-08 -2.9314 0)
(4.74929e-08 -2.9314 0)
(4.45546e-08 -2.9314 0)
(4.16753e-08 -2.9314 0)
(3.88135e-08 -2.9314 0)
(3.59739e-08 -2.9314 0)
(3.31883e-08 -2.93139 0)
(3.04998e-08 -2.93139 0)
(2.79489e-08 -2.93139 0)
(2.55637e-08 -2.93139 0)
(2.33558e-08 -2.93139 0)
(2.13225e-08 -2.93139 0)
(1.9452e-08 -2.93139 0)
(1.77285e-08 -2.93139 0)
(1.61357e-08 -2.93139 0)
(1.46583e-08 -2.93139 0)
(1.32828e-08 -2.93139 0)
(1.1999e-08 -2.93139 0)
(1.08014e-08 -2.93139 0)
(9.68959e-09 -2.93139 0)
(8.66748e-09 -2.93139 0)
(7.73992e-09 -2.93139 0)
(6.90986e-09 -2.93139 0)
(6.17564e-09 -2.93139 0)
(5.53118e-09 -2.93139 0)
(4.9669e-09 -2.93139 0)
(4.4724e-09 -2.93139 0)
(4.03784e-09 -2.93139 0)
(3.65527e-09 -2.93138 0)
(3.31824e-09 -2.93138 0)
(3.02171e-09 -2.93138 0)
(2.76123e-09 -2.93138 0)
(2.53276e-09 -2.93138 0)
(2.33253e-09 -2.93138 0)
(2.15698e-09 -2.93138 0)
(2.00282e-09 -2.93138 0)
(1.86729e-09 -2.93138 0)
(1.74771e-09 -2.93138 0)
(1.64208e-09 -2.93138 0)
(1.54837e-09 -2.93138 0)
(1.46511e-09 -2.93138 0)
(1.3908e-09 -2.93138 0)
(1.3244e-09 -2.93138 0)
(1.26475e-09 -2.93138 0)
(1.21114e-09 -2.93138 0)
(1.16267e-09 -2.93138 0)
(1.11886e-09 -2.93138 0)
(1.07903e-09 -2.93138 0)
(1.04291e-09 -2.93138 0)
(1.00997e-09 -2.93138 0)
(9.80039e-10 -2.93138 0)
(9.52613e-10 -2.93138 0)
(9.27437e-10 -2.93138 0)
(9.03902e-10 -2.93138 0)
(8.81662e-10 -2.93138 0)
(8.60123e-10 -2.93138 0)
(8.39089e-10 -2.93138 0)
(8.18178e-10 -2.93138 0)
(7.97468e-10 -2.93138 0)
(7.7676e-10 -2.93138 0)
(7.56214e-10 -2.93138 0)
(7.35611e-10 -2.93138 0)
(7.15055e-10 -2.93138 0)
(6.94281e-10 -2.93138 0)
(6.73417e-10 -2.93138 0)
(6.52287e-10 -2.93138 0)
(6.31127e-10 -2.93138 0)
(6.09894e-10 -2.93138 0)
(5.88884e-10 -2.93138 0)
(5.68101e-10 -2.93138 0)
(5.47801e-10 -2.93138 0)
(5.27975e-10 -2.93138 0)
(5.08766e-10 -2.93138 0)
(4.90152e-10 -2.93138 0)
(4.72186e-10 -2.93138 0)
(4.54845e-10 -2.93138 0)
(4.38117e-10 -2.93138 0)
(4.22011e-10 -2.93138 0)
(4.06465e-10 -2.93138 0)
(3.91502e-10 -2.93138 0)
(3.77012e-10 -2.93138 0)
(3.63002e-10 -2.93138 0)
(3.49297e-10 -2.93138 0)
(3.35913e-10 -2.93138 0)
(3.22598e-10 -2.93138 0)
(3.09594e-10 -2.93138 0)
(2.96845e-10 -2.93138 0)
(2.85506e-10 -2.93138 0)
(2.7552e-10 -2.93138 0)
(2.68831e-10 -2.93138 0)
(2.63513e-10 -2.93138 0)
(2.6077e-10 -2.93138 0)
(2.56829e-10 -2.93138 0)
(2.52768e-10 -2.93138 0)
(2.46533e-10 -2.93138 0)
(2.40119e-10 -2.93138 0)
(2.33666e-10 -2.93138 0)
(2.28545e-10 -2.93138 0)
(2.2524e-10 -2.93138 0)
(2.24789e-10 -2.93138 0)
(2.28014e-10 -2.93138 0)
(2.35795e-10 -2.93138 0)
(2.47733e-10 -2.93138 0)
(2.61972e-10 -2.93138 0)
(2.7456e-10 -2.93138 0)
(2.80586e-10 -2.93138 0)
(2.75444e-10 -2.93138 0)
(2.569e-10 -2.93138 0)
(2.26063e-10 -2.93138 0)
(1.87324e-10 -2.93138 0)
(1.46579e-10 -2.93138 0)
(1.09385e-10 -2.93138 0)
(7.89584e-11 -2.93138 0)
(5.61177e-11 -2.93138 0)
(3.93738e-11 -2.93138 0)
(2.67306e-11 -2.93138 0)
(1.59221e-11 -2.93138 0)
(5.88138e-12 -2.93138 0)
(-4.34398e-12 -2.93138 0)
(-1.477e-11 -2.93138 0)
(-2.56348e-11 -2.93138 0)
(-3.71095e-11 -2.93138 0)
(-4.90452e-11 -2.93138 0)
(-6.1579e-11 -2.93138 0)
(-7.43982e-11 -2.93138 0)
(-8.70463e-11 -2.93138 0)
(-9.94877e-11 -2.93138 0)
(-1.11724e-10 -2.93138 0)
(-1.23819e-10 -2.93138 0)
(-1.36498e-10 -2.93138 0)
(-1.49569e-10 -2.93138 0)
(-1.63636e-10 -2.93138 0)
(-1.78351e-10 -2.93138 0)
(-1.93849e-10 -2.93138 0)
(-2.09442e-10 -2.93138 0)
(-2.24727e-10 -2.93138 0)
(-2.38675e-10 -2.93138 0)
(-2.50745e-10 -2.93138 0)
(-2.60236e-10 -2.93138 0)
(-2.67317e-10 -2.93138 0)
(-2.72174e-10 -2.93138 0)
(-2.75918e-10 -2.93138 0)
(-2.79256e-10 -2.93138 0)
(-2.83461e-10 -2.93138 0)
(-2.88913e-10 -2.93138 0)
(-2.96271e-10 -2.93138 0)
(-3.0526e-10 -2.93138 0)
(-3.15943e-10 -2.93138 0)
(-3.27728e-10 -2.93138 0)
(-3.40522e-10 -2.93138 0)
(-3.53812e-10 -2.93138 0)
(-3.67579e-10 -2.93138 0)
(-3.81486e-10 -2.93138 0)
(-3.95531e-10 -2.93138 0)
(-4.0948e-10 -2.93138 0)
(-4.23237e-10 -2.93138 0)
(-4.36653e-10 -2.93138 0)
(-4.49729e-10 -2.93138 0)
(-4.62371e-10 -2.93138 0)
(-4.74892e-10 -2.93138 0)
(-4.87127e-10 -2.93138 0)
(-4.99415e-10 -2.93138 0)
(-5.11536e-10 -2.93138 0)
(-5.23569e-10 -2.93138 0)
(-5.35301e-10 -2.93138 0)
(-5.46738e-10 -2.93138 0)
(-5.57658e-10 -2.93138 0)
(-5.68116e-10 -2.93138 0)
(-5.77955e-10 -2.93138 0)
(-5.87308e-10 -2.93138 0)
(-5.96232e-10 -2.93138 0)
(-6.05057e-10 -2.93138 0)
(-6.14129e-10 -2.93138 0)
(-6.23974e-10 -2.93138 0)
(-6.3506e-10 -2.93138 0)
(-6.47847e-10 -2.93138 0)
(-6.626e-10 -2.93138 0)
(-6.79383e-10 -2.93138 0)
(-6.98027e-10 -2.93138 0)
(-7.18202e-10 -2.93138 0)
(-7.3944e-10 -2.93138 0)
(-7.61327e-10 -2.93138 0)
(-7.83456e-10 -2.93138 0)
(-8.05623e-10 -2.93138 0)
(-8.2767e-10 -2.93138 0)
(-8.49662e-10 -2.93138 0)
(-8.7161e-10 -2.93138 0)
(-8.93715e-10 -2.93138 0)
(-9.1603e-10 -2.93138 0)
(-9.38781e-10 -2.93138 0)
(-9.62021e-10 -2.93138 0)
(-9.85995e-10 -2.93138 0)
(-1.0108e-09 -2.93138 0)
(-1.03673e-09 -2.93138 0)
(-1.06395e-09 -2.93138 0)
(-1.09283e-09 -2.93138 0)
(-1.12362e-09 -2.93138 0)
(-1.15674e-09 -2.93138 0)
(-1.19251e-09 -2.93138 0)
(-1.23142e-09 -2.93138 0)
(-1.27385e-09 -2.93138 0)
(-1.32034e-09 -2.93138 0)
(-1.37139e-09 -2.93138 0)
(-1.42763e-09 -2.93138 0)
(-1.4897e-09 -2.93138 0)
(-1.55838e-09 -2.93138 0)
(-1.63449e-09 -2.93138 0)
(-1.71903e-09 -2.93138 0)
(-1.81306e-09 -2.93138 0)
(-1.91787e-09 -2.93138 0)
(-2.03481e-09 -2.93138 0)
(-2.1655e-09 -2.93138 0)
(-2.31168e-09 -2.93138 0)
(-2.47537e-09 -2.93139 0)
(-2.65876e-09 -2.93139 0)
(-2.86438e-09 -2.93139 0)
(-3.09497e-09 -2.93139 0)
(-3.35372e-09 -2.93139 0)
(-3.64402e-09 -2.93139 0)
(-3.96982e-09 -2.93139 0)
(-4.33531e-09 -2.93139 0)
(-4.74531e-09 -2.93139 0)
(-5.2049e-09 -2.93139 0)
(-5.71985e-09 -2.93139 0)
(-6.2962e-09 -2.93139 0)
(-6.94071e-09 -2.93139 0)
(-7.66046e-09 -2.93139 0)
(-8.46314e-09 -2.93139 0)
(-9.35678e-09 -2.93139 0)
(-1.03499e-08 -2.93139 0)
(-1.1451e-08 -2.93139 0)
(-1.2669e-08 -2.93139 0)
(-1.40123e-08 -2.93139 0)
(-1.54892e-08 -2.93139 0)
(-1.7107e-08 -2.93139 0)
(-1.88718e-08 -2.93139 0)
(-2.07875e-08 -2.93139 0)
(-2.28551e-08 -2.93139 0)
(-2.50726e-08 -2.93139 0)
(-2.74325e-08 -2.93139 0)
(-2.99241e-08 -2.93139 0)
(-3.25303e-08 -2.9314 0)
(-3.52316e-08 -2.9314 0)
(-3.80062e-08 -2.9314 0)
(-4.0837e-08 -2.9314 0)
(-4.37213e-08 -2.9314 0)
(-4.66901e-08 -2.9314 0)
(-4.98395e-08 -2.9314 0)
(-5.33785e-08 -2.9314 0)
(-5.77024e-08 -2.93141 0)
(-6.34898e-08 -2.93141 0)
(-7.18171e-08 -2.93141 0)
(-8.42532e-08 -2.93141 0)
(-1.02782e-07 -2.93141 0)
(-1.2946e-07 -2.93142 0)
(-1.639e-07 -2.93142 0)
(-2.01098e-07 -2.93143 0)
(-2.18172e-07 -2.93143 0)
(-1.08433e-07 -2.93144 0)
)
;
    }
    frontAndBack
    {
        type            empty;
    }
    Outlet1
    {
        type            extrapolatedCalculated;
        value           uniform (0 -1.54372e-305 0);
    }
    Outlet2
    {
        type            extrapolatedCalculated;
        value           uniform (0 -0 0);
    }
    Inlet1
    {
        type            extrapolatedCalculated;
        value           uniform (0 -1.49401e-305 0);
    }
    Inlet2
    {
        type            extrapolatedCalculated;
        value           uniform (0 -0 0);
    }
    Walls
    {
        type            extrapolatedCalculated;
        value           nonuniform List<vector> 
132
(
(0 8.89269e-300 0)
(0 1.77854e-299 0)
(0 1.77854e-299 0)
(0 1.77854e-299 0)
(0 1.77854e-299 0)
(0 1.77854e-299 0)
(0 1.77854e-299 0)
(0 1.77854e-299 0)
(0 1.77854e-299 0)
(0 1.77854e-299 0)
(0 1.77854e-299 0)
(0 1.77854e-299 0)
(0 1.77854e-299 0)
(0 8.89272e-300 0)
(0 8.89269e-300 0)
(0 1.77854e-299 0)
(0 1.77854e-299 0)
(0 1.77854e-299 0)
(0 1.77854e-299 0)
(0 1.77854e-299 0)
(0 1.77854e-299 0)
(0 1.77854e-299 0)
(0 1.77854e-299 0)
(0 1.77854e-299 0)
(0 1.77854e-299 0)
(0 1.77854e-299 0)
(0 1.77854e-299 0)
(0 8.89272e-300 0)
(3.61851e-303 0 0)
(1.25155e-302 0 0)
(2.74998e-302 0 0)
(5.84218e-302 0 0)
(1.3255e-301 0 0)
(3.34687e-301 0 0)
(8.12718e-301 0 0)
(1.81864e-300 0 0)
(3.82275e-300 0 0)
(7.72395e-300 0 0)
(1.56687e-299 0 0)
(3.74649e-299 0 0)
(2.69452e-299 0 0)
(-3.61407e-303 0 0)
(-1.24955e-302 0 0)
(-2.74291e-302 0 0)
(-5.8146e-302 0 0)
(-1.31297e-301 0 0)
(-3.27886e-301 0 0)
(-7.7898e-301 0 0)
(-1.67401e-300 0 0)
(-3.27713e-300 0 0)
(-5.86396e-300 0 0)
(-9.62639e-300 0 0)
(-1.45745e-299 0 0)
(-8.66616e-300 0 0)
(0 0 0)
(0 0 0)
(0 0 0)
(0 0 0)
(0 0 0)
(0 0 0)
(0 0 0)
(0 0 0)
(0 0 0)
(0 0 0)
(0 0 0)
(0 0 0)
(0 0 0)
(0 0 0)
(0 0 0)
(0 0 0)
(0 0 0)
(0 0 0)
(0 0 0)
(0 0 0)
(0 0 0)
(0 0 0)
(0 0 0)
(0 0 0)
(0 0 0)
(0 0 0)
(-2.4922e-299 0 0)
(-3.37349e-299 0 0)
(-1.26797e-299 0 0)
(-5.55359e-300 0 0)
(-2.37716e-300 0 0)
(-9.52405e-301 0 0)
(-3.75729e-301 0 0)
(-1.67451e-301 0 0)
(-8.10626e-302 0 0)
(-4.17294e-302 0 0)
(-2.19634e-302 0 0)
(-1.07274e-302 0 0)
(-3.20898e-303 0 0)
(8.41333e-300 0 0)
(1.37052e-299 0 0)
(8.26414e-300 0 0)
(4.45021e-300 0 0)
(2.12635e-300 0 0)
(9.02935e-301 0 0)
(3.66576e-301 0 0)
(1.65402e-301 0 0)
(8.05352e-302 0 0)
(4.15758e-302 0 0)
(2.19139e-302 0 0)
(1.07107e-302 0 0)
(3.20489e-303 0 0)
(0 0 0)
(0 0 0)
(0 0 0)
(0 0 0)
(0 0 0)
(0 0 0)
(0 0 0)
(0 0 0)
(0 0 0)
(0 0 0)
(0 0 0)
(0 0 0)
(0 0 0)
(0 0 0)
(0 0 0)
(0 0 0)
(0 0 0)
(0 0 0)
(0 0 0)
(0 0 0)
(0 0 0)
(0 0 0)
(0 0 0)
(0 0 0)
(0 0 0)
(0 0 0)
)
;
    }
}


// ************************************************************************* //
