/*--------------------------------*- C++ -*----------------------------------*\
| =========                 |                                                 |
| \\      /  F ield         | OpenFOAM: The Open Source CFD Toolbox           |
|  \\    /   O peration     | Version:  2206                                  |
|   \\  /    A nd           | Website:  www.openfoam.com                      |
|    \\/     M anipulation  |                                                 |
\*---------------------------------------------------------------------------*/
FoamFile
{
    version     2.0;
    format      ascii;
    arch        "LSB;label=32;scalar=64";
    class       volScalarField;
    location    "0.2";
    object      theta;
}
// * * * * * * * * * * * * * * * * * * * * * * * * * * * * * * * * * * * * * //

dimensions      [0 0 0 0 0 0 0];

internalField   nonuniform List<scalar> 
17988
(
0.0170202
0.0170201
0.01702
0.01702
0.01702
0.0170199
0.0170199
0.0170199
0.0170199
0.0170199
0.0170199
0.0170199
0.0170199
0.0170199
0.0170199
0.0170199
0.0170199
0.0170199
0.0170199
0.0170199
0.0170199
0.0170199
0.0170199
0.0170199
0.0170199
0.0170199
0.0170199
0.0170199
0.0170199
0.0170199
0.0170199
0.0170199
0.0170199
0.0170199
0.0170199
0.0170199
0.0170199
0.0170199
0.0170199
0.0170199
0.0170199
0.0170199
0.0170199
0.0170199
0.0170199
0.0170199
0.0170199
0.0170199
0.0170199
0.0170199
0.0170199
0.0170199
0.0170199
0.0170199
0.0170199
0.0170199
0.0170199
0.0170199
0.0170199
0.0170199
0.0170199
0.0170199
0.0170199
0.0170199
0.0170199
0.0170199
0.0170199
0.0170199
0.0170199
0.0170199
0.0170199
0.0170199
0.0170199
0.0170199
0.0170199
0.0170199
0.0170199
0.0170199
0.0170199
0.0170199
0.0170199
0.0170199
0.0170199
0.0170199
0.0170199
0.0170199
0.0170199
0.0170199
0.0170199
0.0170199
0.0170199
0.0170199
0.0170199
0.0170199
0.0170199
0.0170199
0.0170199
0.0170199
0.0170199
0.0170199
0.0170199
0.0170199
0.0170199
0.0170199
0.0170199
0.0170199
0.0170199
0.0170199
0.0170199
0.0170199
0.0170199
0.0170199
0.0170199
0.0170199
0.0170199
0.0170199
0.0170199
0.0170199
0.0170199
0.0170199
0.0170199
0.0170199
0.0170199
0.0170199
0.0170199
0.0170199
0.0170199
0.0170199
0.0170199
0.0170199
0.0170199
0.0170199
0.0170199
0.0170199
0.0170199
0.0170199
0.0170199
0.0170199
0.0170199
0.0170199
0.0170199
0.0170199
0.0170199
0.0170199
0.0170199
0.0170199
0.0170199
0.0170199
0.0170199
0.0170199
0.0170199
0.0170199
0.0170199
0.0170199
0.0170199
0.0170199
0.0170199
0.0170199
0.0170199
0.0170199
0.0170199
0.0170199
0.0170199
0.0170199
0.0170199
0.0170199
0.0170199
0.0170199
0.0170199
0.0170199
0.0170199
0.0170199
0.0170199
0.0170199
0.0170199
0.0170199
0.0170199
0.0170199
0.0170199
0.0170199
0.0170199
0.0170199
0.0170199
0.0170199
0.0170199
0.0170199
0.0170199
0.0170199
0.0170199
0.0170199
0.0170199
0.0170199
0.0170199
0.0170199
0.0170199
0.0170199
0.0170199
0.0170199
0.0170199
0.0170199
0.0170199
0.0170199
0.0170199
0.0170199
0.0170199
0.0170199
0.0170199
0.0170199
0.0170199
0.0170199
0.0170199
0.0170199
0.0170199
0.0170199
0.0170199
0.0170199
0.0170199
0.0170199
0.0170199
0.0170199
0.0170199
0.0170199
0.0170199
0.0170199
0.0170199
0.0170199
0.0170199
0.0170199
0.0170199
0.0170199
0.0170199
0.0170199
0.0170199
0.0170199
0.0170199
0.0170199
0.0170199
0.0170199
0.0170199
0.0170199
0.0170199
0.0170199
0.0170199
0.0170199
0.0170199
0.0170199
0.0170199
0.0170199
0.0170199
0.0170199
0.0170199
0.0170199
0.0170199
0.0170199
0.0170199
0.0170199
0.0170199
0.0170199
0.0170199
0.0170199
0.0170199
0.0170199
0.0170199
0.0170199
0.0170199
0.01702
0.01702
0.01702
0.0170201
0.0170202
0.0170202
0.0170201
0.01702
0.01702
0.01702
0.0170199
0.0170199
0.0170199
0.0170199
0.0170199
0.0170199
0.0170199
0.0170199
0.0170199
0.0170199
0.0170199
0.0170199
0.0170199
0.0170199
0.0170199
0.0170199
0.0170199
0.0170199
0.0170199
0.0170199
0.0170199
0.0170199
0.0170199
0.0170199
0.0170199
0.0170199
0.0170199
0.0170199
0.0170199
0.0170199
0.0170199
0.0170199
0.0170199
0.0170199
0.0170199
0.0170199
0.0170199
0.0170199
0.0170199
0.0170199
0.0170199
0.0170199
0.0170199
0.0170199
0.0170199
0.0170199
0.0170199
0.0170199
0.0170199
0.0170199
0.0170199
0.0170199
0.0170199
0.0170199
0.0170199
0.0170199
0.0170199
0.0170199
0.0170199
0.0170199
0.0170199
0.0170199
0.0170199
0.0170199
0.0170199
0.0170199
0.0170199
0.0170199
0.0170199
0.0170199
0.0170199
0.0170199
0.0170199
0.0170199
0.0170199
0.0170199
0.0170199
0.0170199
0.0170199
0.0170199
0.0170199
0.0170199
0.0170199
0.0170199
0.0170199
0.0170199
0.0170199
0.0170199
0.0170199
0.0170199
0.0170199
0.0170199
0.0170199
0.0170199
0.0170199
0.0170199
0.0170199
0.0170199
0.0170199
0.0170199
0.0170199
0.0170199
0.0170199
0.0170199
0.0170199
0.0170199
0.0170199
0.0170199
0.0170199
0.0170199
0.0170199
0.0170199
0.0170199
0.0170199
0.0170199
0.0170199
0.0170199
0.0170199
0.0170199
0.0170199
0.0170199
0.0170199
0.0170199
0.0170199
0.0170199
0.0170199
0.0170199
0.0170199
0.0170199
0.0170199
0.0170199
0.0170199
0.0170199
0.0170199
0.0170199
0.0170199
0.0170199
0.0170199
0.0170199
0.0170199
0.0170199
0.0170199
0.0170199
0.0170199
0.0170199
0.0170199
0.0170199
0.0170199
0.0170199
0.0170199
0.0170199
0.0170199
0.0170199
0.0170199
0.0170199
0.0170199
0.0170199
0.0170199
0.0170199
0.0170199
0.0170199
0.0170199
0.0170199
0.0170199
0.0170199
0.0170199
0.0170199
0.0170199
0.0170199
0.0170199
0.0170199
0.0170199
0.0170199
0.0170199
0.0170199
0.0170199
0.0170199
0.0170199
0.0170199
0.0170199
0.0170199
0.0170199
0.0170199
0.0170199
0.0170199
0.0170199
0.0170199
0.0170199
0.0170199
0.0170199
0.0170199
0.0170199
0.0170199
0.0170199
0.0170199
0.0170199
0.0170199
0.0170199
0.0170199
0.0170199
0.0170199
0.0170199
0.0170199
0.0170199
0.0170199
0.0170199
0.0170199
0.0170199
0.0170199
0.0170199
0.0170199
0.0170199
0.0170199
0.0170199
0.0170199
0.0170199
0.0170199
0.0170199
0.0170199
0.0170199
0.0170199
0.0170199
0.0170199
0.0170199
0.0170199
0.0170199
0.0170199
0.0170199
0.0170199
0.0170199
0.0170199
0.0170199
0.0170199
0.0170199
0.0170199
0.0170199
0.0170199
0.0170199
0.0170199
0.0170199
0.0170199
0.0170199
0.0170199
0.0170199
0.0170199
0.0170199
0.0170199
0.0170199
0.0170199
0.0170199
0.0170199
0.0170199
0.0170199
0.0170199
0.0170199
0.0170199
0.0170199
0.0170199
0.0170199
0.01702
0.01702
0.01702
0.01702
0.0170201
0.0170202
0.0170202
0.0170201
0.01702
0.01702
0.01702
0.01702
0.0170199
0.0170199
0.0170199
0.0170199
0.0170199
0.0170199
0.0170199
0.0170199
0.0170199
0.0170199
0.0170199
0.0170199
0.0170199
0.0170199
0.0170199
0.0170199
0.0170199
0.0170199
0.0170199
0.0170199
0.0170199
0.0170199
0.0170199
0.0170199
0.0170199
0.0170199
0.0170199
0.0170199
0.0170199
0.0170199
0.0170199
0.0170199
0.0170199
0.0170199
0.0170199
0.0170199
0.0170199
0.0170199
0.0170199
0.0170199
0.0170199
0.0170199
0.0170199
0.0170199
0.0170199
0.0170199
0.0170199
0.0170199
0.0170199
0.0170199
0.0170199
0.0170199
0.0170199
0.0170199
0.0170199
0.0170199
0.0170199
0.0170199
0.0170199
0.0170199
0.0170199
0.0170199
0.0170199
0.0170199
0.0170199
0.0170199
0.0170199
0.0170199
0.0170199
0.0170199
0.0170199
0.0170199
0.0170199
0.0170199
0.0170199
0.0170199
0.0170199
0.0170199
0.0170199
0.0170199
0.0170199
0.0170199
0.0170199
0.0170199
0.0170199
0.0170199
0.0170199
0.0170199
0.0170199
0.0170199
0.0170199
0.0170199
0.0170199
0.0170199
0.0170199
0.0170199
0.0170199
0.0170199
0.0170199
0.0170199
0.0170199
0.0170199
0.0170199
0.0170199
0.0170199
0.0170199
0.0170199
0.0170199
0.0170199
0.0170199
0.0170199
0.0170199
0.0170199
0.0170199
0.0170199
0.0170199
0.0170199
0.0170199
0.0170199
0.0170199
0.0170199
0.0170199
0.0170199
0.0170199
0.0170199
0.0170199
0.0170199
0.0170199
0.0170199
0.0170199
0.0170199
0.0170199
0.0170199
0.0170199
0.0170199
0.0170199
0.0170199
0.0170199
0.0170199
0.0170199
0.0170199
0.0170199
0.0170199
0.0170199
0.0170199
0.0170199
0.0170199
0.0170199
0.0170199
0.0170199
0.0170199
0.0170199
0.0170199
0.0170199
0.0170199
0.0170199
0.0170199
0.0170199
0.0170199
0.0170199
0.0170199
0.0170199
0.0170199
0.0170199
0.0170199
0.0170199
0.0170199
0.0170199
0.0170199
0.0170199
0.0170199
0.0170199
0.0170199
0.0170199
0.0170199
0.0170199
0.0170199
0.0170199
0.0170199
0.0170199
0.0170199
0.0170199
0.0170199
0.0170199
0.0170199
0.0170199
0.0170199
0.0170199
0.0170199
0.0170199
0.0170199
0.0170199
0.0170199
0.0170199
0.0170199
0.0170199
0.0170199
0.0170199
0.0170199
0.0170199
0.0170199
0.0170199
0.0170199
0.0170199
0.0170199
0.0170199
0.0170199
0.0170199
0.0170199
0.0170199
0.0170199
0.0170199
0.0170199
0.0170199
0.0170199
0.0170199
0.0170199
0.0170199
0.0170199
0.0170199
0.0170199
0.0170199
0.0170199
0.0170199
0.0170199
0.0170199
0.0170199
0.0170199
0.0170199
0.0170199
0.0170199
0.0170199
0.0170199
0.0170199
0.0170199
0.0170199
0.0170199
0.0170199
0.0170199
0.0170199
0.0170199
0.0170199
0.0170199
0.0170199
0.0170199
0.0170199
0.0170199
0.0170199
0.0170199
0.0170199
0.0170199
0.0170199
0.0170199
0.0170199
0.0170199
0.0170199
0.0170199
0.0170199
0.01702
0.01702
0.01702
0.01702
0.0170201
0.0170202
0.0170202
0.0170201
0.01702
0.01702
0.01702
0.01702
0.0170199
0.0170199
0.0170199
0.0170199
0.0170199
0.0170199
0.0170199
0.0170199
0.0170199
0.0170199
0.0170199
0.0170199
0.0170199
0.0170199
0.0170199
0.0170199
0.0170199
0.0170199
0.0170199
0.0170199
0.0170199
0.0170199
0.0170199
0.0170199
0.0170199
0.0170199
0.0170199
0.0170199
0.0170199
0.0170199
0.0170199
0.0170199
0.0170199
0.0170199
0.0170199
0.0170199
0.0170199
0.0170199
0.0170199
0.0170199
0.0170199
0.0170199
0.0170199
0.0170199
0.0170199
0.0170199
0.0170199
0.0170199
0.0170199
0.0170199
0.0170199
0.0170199
0.0170199
0.0170199
0.0170199
0.0170199
0.0170199
0.0170199
0.0170199
0.0170199
0.0170199
0.0170199
0.0170199
0.0170199
0.0170199
0.0170199
0.0170199
0.0170199
0.0170199
0.0170199
0.0170199
0.0170199
0.0170199
0.0170199
0.0170199
0.0170199
0.0170199
0.0170199
0.0170199
0.0170199
0.0170199
0.0170199
0.0170199
0.0170199
0.0170199
0.0170199
0.0170199
0.0170199
0.0170199
0.0170199
0.0170199
0.0170199
0.0170199
0.0170199
0.0170199
0.0170199
0.0170199
0.0170199
0.0170199
0.0170199
0.0170199
0.0170199
0.0170199
0.0170199
0.0170199
0.0170199
0.0170199
0.0170199
0.0170199
0.0170199
0.0170199
0.0170199
0.0170199
0.0170199
0.0170199
0.0170199
0.0170199
0.0170199
0.0170199
0.0170199
0.0170199
0.0170199
0.0170199
0.0170199
0.0170199
0.0170199
0.0170199
0.0170199
0.0170199
0.0170199
0.0170199
0.0170199
0.0170199
0.0170199
0.0170199
0.0170199
0.0170199
0.0170199
0.0170199
0.0170199
0.0170199
0.0170199
0.0170199
0.0170199
0.0170199
0.0170199
0.0170199
0.0170199
0.0170199
0.0170199
0.0170199
0.0170199
0.0170199
0.0170199
0.0170199
0.0170199
0.0170199
0.0170199
0.0170199
0.0170199
0.0170199
0.0170199
0.0170199
0.0170199
0.0170199
0.0170199
0.0170199
0.0170199
0.0170199
0.0170199
0.0170199
0.0170199
0.0170199
0.0170199
0.0170199
0.0170199
0.0170199
0.0170199
0.0170199
0.0170199
0.0170199
0.0170199
0.0170199
0.0170199
0.0170199
0.0170199
0.0170199
0.0170199
0.0170199
0.0170199
0.0170199
0.0170199
0.0170199
0.0170199
0.0170199
0.0170199
0.0170199
0.0170199
0.0170199
0.0170199
0.0170199
0.0170199
0.0170199
0.0170199
0.0170199
0.0170199
0.0170199
0.0170199
0.0170199
0.0170199
0.0170199
0.0170199
0.0170199
0.0170199
0.0170199
0.0170199
0.0170199
0.0170199
0.0170199
0.0170199
0.0170199
0.0170199
0.0170199
0.0170199
0.0170199
0.0170199
0.0170199
0.0170199
0.0170199
0.0170199
0.0170199
0.0170199
0.0170199
0.0170199
0.0170199
0.0170199
0.0170199
0.0170199
0.0170199
0.0170199
0.0170199
0.0170199
0.0170199
0.0170199
0.0170199
0.0170199
0.0170199
0.0170199
0.0170199
0.0170199
0.0170199
0.0170199
0.0170199
0.0170199
0.0170199
0.0170199
0.0170199
0.0170199
0.01702
0.01702
0.01702
0.01702
0.0170201
0.0170202
0.0170202
0.0170201
0.01702
0.01702
0.01702
0.01702
0.0170199
0.0170199
0.0170199
0.0170199
0.0170199
0.0170199
0.0170199
0.0170199
0.0170199
0.0170199
0.0170199
0.0170199
0.0170199
0.0170199
0.0170199
0.0170199
0.0170199
0.0170199
0.0170199
0.0170199
0.0170199
0.0170199
0.0170199
0.0170199
0.0170199
0.0170199
0.0170199
0.0170199
0.0170199
0.0170199
0.0170199
0.0170199
0.0170199
0.0170199
0.0170199
0.0170199
0.0170199
0.0170199
0.0170199
0.0170199
0.0170199
0.0170199
0.0170199
0.0170199
0.0170199
0.0170199
0.0170199
0.0170199
0.0170199
0.0170199
0.0170199
0.0170199
0.0170199
0.0170199
0.0170199
0.0170199
0.0170199
0.0170199
0.0170199
0.0170199
0.0170199
0.0170199
0.0170199
0.0170199
0.0170199
0.0170199
0.0170199
0.0170199
0.0170199
0.0170199
0.0170199
0.0170199
0.0170199
0.0170199
0.0170199
0.0170199
0.0170199
0.0170199
0.0170199
0.0170199
0.0170199
0.0170199
0.0170199
0.0170199
0.0170199
0.0170199
0.0170199
0.0170199
0.0170199
0.0170199
0.0170199
0.0170199
0.0170199
0.0170199
0.0170199
0.0170199
0.0170199
0.0170199
0.0170199
0.0170199
0.0170199
0.0170199
0.0170199
0.0170199
0.0170199
0.0170199
0.0170199
0.0170199
0.0170199
0.0170199
0.0170199
0.0170199
0.0170199
0.0170199
0.0170199
0.0170199
0.0170199
0.0170199
0.0170199
0.0170199
0.0170199
0.0170199
0.0170199
0.0170199
0.0170199
0.0170199
0.0170199
0.0170199
0.0170199
0.0170199
0.0170199
0.0170199
0.0170199
0.0170199
0.0170199
0.0170199
0.0170199
0.0170199
0.0170199
0.0170199
0.0170199
0.0170199
0.0170199
0.0170199
0.0170199
0.0170199
0.0170199
0.0170199
0.0170199
0.0170199
0.0170199
0.0170199
0.0170199
0.0170199
0.0170199
0.0170199
0.0170199
0.0170199
0.0170199
0.0170199
0.0170199
0.0170199
0.0170199
0.0170199
0.0170199
0.0170199
0.0170199
0.0170199
0.0170199
0.0170199
0.0170199
0.0170199
0.0170199
0.0170199
0.0170199
0.0170199
0.0170199
0.0170199
0.0170199
0.0170199
0.0170199
0.0170199
0.0170199
0.0170199
0.0170199
0.0170199
0.0170199
0.0170199
0.0170199
0.0170199
0.0170199
0.0170199
0.0170199
0.0170199
0.0170199
0.0170199
0.0170199
0.0170199
0.0170199
0.0170199
0.0170199
0.0170199
0.0170199
0.0170199
0.0170199
0.0170199
0.0170199
0.0170199
0.0170199
0.0170199
0.0170199
0.0170199
0.0170199
0.0170199
0.0170199
0.0170199
0.0170199
0.0170199
0.0170199
0.0170199
0.0170199
0.0170199
0.0170199
0.0170199
0.0170199
0.0170199
0.0170199
0.0170199
0.0170199
0.0170199
0.0170199
0.0170199
0.0170199
0.0170199
0.0170199
0.0170199
0.0170199
0.0170199
0.0170199
0.0170199
0.0170199
0.0170199
0.0170199
0.0170199
0.0170199
0.0170199
0.0170199
0.0170199
0.0170199
0.0170199
0.0170199
0.0170199
0.0170199
0.0170199
0.0170199
0.0170199
0.0170199
0.0170199
0.01702
0.01702
0.01702
0.01702
0.0170201
0.0170202
0.0170202
0.0170201
0.0170201
0.01702
0.01702
0.01702
0.01702
0.0170199
0.0170199
0.0170199
0.0170199
0.0170199
0.0170199
0.0170199
0.0170199
0.0170199
0.0170199
0.0170199
0.0170199
0.0170199
0.0170199
0.0170199
0.0170199
0.0170199
0.0170199
0.0170199
0.0170199
0.0170199
0.0170199
0.0170199
0.0170199
0.0170199
0.0170199
0.0170199
0.0170199
0.0170199
0.0170199
0.0170199
0.0170199
0.0170199
0.0170199
0.0170199
0.0170199
0.0170199
0.0170199
0.0170199
0.0170199
0.0170199
0.0170199
0.0170199
0.0170199
0.0170199
0.0170199
0.0170199
0.0170199
0.0170199
0.0170199
0.0170199
0.0170199
0.0170199
0.0170199
0.0170199
0.0170199
0.0170199
0.0170199
0.0170199
0.0170199
0.0170199
0.0170199
0.0170199
0.0170199
0.0170199
0.0170199
0.0170199
0.0170199
0.0170199
0.0170199
0.0170199
0.0170199
0.0170199
0.0170199
0.0170199
0.0170199
0.0170199
0.0170199
0.0170199
0.0170199
0.0170199
0.0170199
0.0170199
0.0170199
0.0170199
0.0170199
0.0170199
0.0170199
0.0170199
0.0170199
0.0170199
0.0170199
0.0170199
0.0170199
0.0170199
0.0170199
0.0170199
0.0170199
0.0170199
0.0170199
0.0170199
0.0170199
0.0170199
0.0170199
0.0170199
0.0170199
0.0170199
0.0170199
0.0170199
0.0170199
0.0170199
0.0170199
0.0170199
0.0170199
0.0170199
0.0170199
0.0170199
0.0170199
0.0170199
0.0170199
0.0170199
0.0170199
0.0170199
0.0170199
0.0170199
0.0170199
0.0170199
0.0170199
0.0170199
0.0170199
0.0170199
0.0170199
0.0170199
0.0170199
0.0170199
0.0170199
0.0170199
0.0170199
0.0170199
0.0170199
0.0170199
0.0170199
0.0170199
0.0170199
0.0170199
0.0170199
0.0170199
0.0170199
0.0170199
0.0170199
0.0170199
0.0170199
0.0170199
0.0170199
0.0170199
0.0170199
0.0170199
0.0170199
0.0170199
0.0170199
0.0170199
0.0170199
0.0170199
0.0170199
0.0170199
0.0170199
0.0170199
0.0170199
0.0170199
0.0170199
0.0170199
0.0170199
0.0170199
0.0170199
0.0170199
0.0170199
0.0170199
0.0170199
0.0170199
0.0170199
0.0170199
0.0170199
0.0170199
0.0170199
0.0170199
0.0170199
0.0170199
0.0170199
0.0170199
0.0170199
0.0170199
0.0170199
0.0170199
0.0170199
0.0170199
0.0170199
0.0170199
0.0170199
0.0170199
0.0170199
0.0170199
0.0170199
0.0170199
0.0170199
0.0170199
0.0170199
0.0170199
0.0170199
0.0170199
0.0170199
0.0170199
0.0170199
0.0170199
0.0170199
0.0170199
0.0170199
0.0170199
0.0170199
0.0170199
0.0170199
0.0170199
0.0170199
0.0170199
0.0170199
0.0170199
0.0170199
0.0170199
0.0170199
0.0170199
0.0170199
0.0170199
0.0170199
0.0170199
0.0170199
0.0170199
0.0170199
0.0170199
0.0170199
0.0170199
0.0170199
0.0170199
0.0170199
0.0170199
0.0170199
0.0170199
0.0170199
0.0170199
0.0170199
0.0170199
0.0170199
0.0170199
0.0170199
0.0170199
0.0170199
0.0170199
0.0170199
0.01702
0.01702
0.01702
0.01702
0.01702
0.0170201
0.0170202
0.0170202
0.0170201
0.0170201
0.01702
0.01702
0.01702
0.01702
0.01702
0.0170199
0.0170199
0.0170199
0.0170199
0.0170199
0.0170199
0.0170199
0.0170199
0.0170199
0.0170199
0.0170199
0.0170199
0.0170199
0.0170199
0.0170199
0.0170199
0.0170199
0.0170199
0.0170199
0.0170199
0.0170199
0.0170199
0.0170199
0.0170199
0.0170199
0.0170199
0.0170199
0.0170199
0.0170199
0.0170199
0.0170199
0.0170199
0.0170199
0.0170199
0.0170199
0.0170199
0.0170199
0.0170199
0.0170199
0.0170199
0.0170199
0.0170199
0.0170199
0.0170199
0.0170199
0.0170199
0.0170199
0.0170199
0.0170199
0.0170199
0.0170199
0.0170199
0.0170199
0.0170199
0.0170199
0.0170199
0.0170199
0.0170199
0.0170199
0.0170199
0.0170199
0.0170199
0.0170199
0.0170199
0.0170199
0.0170199
0.0170199
0.0170199
0.0170199
0.0170199
0.0170199
0.0170199
0.0170199
0.0170199
0.0170199
0.0170199
0.0170199
0.0170199
0.0170199
0.0170199
0.0170199
0.0170199
0.0170199
0.0170199
0.0170199
0.0170199
0.0170199
0.0170199
0.0170199
0.0170199
0.0170199
0.0170199
0.0170199
0.0170199
0.0170199
0.0170199
0.0170199
0.0170199
0.0170199
0.0170199
0.0170199
0.0170199
0.0170199
0.0170199
0.0170199
0.0170199
0.0170199
0.0170199
0.0170199
0.0170199
0.0170199
0.0170199
0.0170199
0.0170199
0.0170199
0.0170199
0.0170199
0.0170199
0.0170199
0.0170199
0.0170199
0.0170199
0.0170199
0.0170199
0.0170199
0.0170199
0.0170199
0.0170199
0.0170199
0.0170199
0.0170199
0.0170199
0.0170199
0.0170199
0.0170199
0.0170199
0.0170199
0.0170199
0.0170199
0.0170199
0.0170199
0.0170199
0.0170199
0.0170199
0.0170199
0.0170199
0.0170199
0.0170199
0.0170199
0.0170199
0.0170199
0.0170199
0.0170199
0.0170199
0.0170199
0.0170199
0.0170199
0.0170199
0.0170199
0.0170199
0.0170199
0.0170199
0.0170199
0.0170199
0.0170199
0.0170199
0.0170199
0.0170199
0.0170199
0.0170199
0.0170199
0.0170199
0.0170199
0.0170199
0.0170199
0.0170199
0.0170199
0.0170199
0.0170199
0.0170199
0.0170199
0.0170199
0.0170199
0.0170199
0.0170199
0.0170199
0.0170199
0.0170199
0.0170199
0.0170199
0.0170199
0.0170199
0.0170199
0.0170199
0.0170199
0.0170199
0.0170199
0.0170199
0.0170199
0.0170199
0.0170199
0.0170199
0.0170199
0.0170199
0.0170199
0.0170199
0.0170199
0.0170199
0.0170199
0.0170199
0.0170199
0.0170199
0.0170199
0.0170199
0.0170199
0.0170199
0.0170199
0.0170199
0.0170199
0.0170199
0.0170199
0.0170199
0.0170199
0.0170199
0.0170199
0.0170199
0.0170199
0.0170199
0.0170199
0.0170199
0.0170199
0.0170199
0.0170199
0.0170199
0.0170199
0.0170199
0.0170199
0.0170199
0.0170199
0.0170199
0.0170199
0.0170199
0.0170199
0.0170199
0.0170199
0.0170199
0.0170199
0.0170199
0.0170199
0.0170199
0.0170199
0.0170199
0.0170199
0.0170199
0.01702
0.01702
0.01702
0.01702
0.01702
0.0170201
0.0170201
0.0170202
0.0170202
0.0170201
0.0170201
0.01702
0.01702
0.01702
0.01702
0.01702
0.01702
0.01702
0.01702
0.0170199
0.0170199
0.0170199
0.0170199
0.0170199
0.0170199
0.0170199
0.0170199
0.0170199
0.0170199
0.0170199
0.0170199
0.0170199
0.0170199
0.0170199
0.0170199
0.0170199
0.0170199
0.0170199
0.0170199
0.0170199
0.0170199
0.0170199
0.0170199
0.0170199
0.0170199
0.0170199
0.0170199
0.0170199
0.0170199
0.0170199
0.0170199
0.0170199
0.0170199
0.0170199
0.0170199
0.0170199
0.0170199
0.0170199
0.0170199
0.0170199
0.0170199
0.0170199
0.0170199
0.0170199
0.0170199
0.0170199
0.0170199
0.0170199
0.0170199
0.0170199
0.0170199
0.0170199
0.0170199
0.0170199
0.0170199
0.0170199
0.0170199
0.0170199
0.0170199
0.0170199
0.0170199
0.0170199
0.0170199
0.0170199
0.0170199
0.0170199
0.0170199
0.0170199
0.0170199
0.0170199
0.0170199
0.0170199
0.0170199
0.0170199
0.0170199
0.0170199
0.0170199
0.0170199
0.0170199
0.0170199
0.0170199
0.0170199
0.0170199
0.0170199
0.0170199
0.0170199
0.0170199
0.0170199
0.0170199
0.0170199
0.0170199
0.0170199
0.0170199
0.0170199
0.0170199
0.0170199
0.0170199
0.0170199
0.0170199
0.0170199
0.0170199
0.0170199
0.0170199
0.0170199
0.0170199
0.0170199
0.0170199
0.0170199
0.0170199
0.0170199
0.0170199
0.0170199
0.0170199
0.0170199
0.0170199
0.0170199
0.0170199
0.0170199
0.0170199
0.0170199
0.0170199
0.0170199
0.0170199
0.0170199
0.0170199
0.0170199
0.0170199
0.0170199
0.0170199
0.0170199
0.0170199
0.0170199
0.0170199
0.0170199
0.0170199
0.0170199
0.0170199
0.0170199
0.0170199
0.0170199
0.0170199
0.0170199
0.0170199
0.0170199
0.0170199
0.0170199
0.0170199
0.0170199
0.0170199
0.0170199
0.0170199
0.0170199
0.0170199
0.0170199
0.0170199
0.0170199
0.0170199
0.0170199
0.0170199
0.0170199
0.0170199
0.0170199
0.0170199
0.0170199
0.0170199
0.0170199
0.0170199
0.0170199
0.0170199
0.0170199
0.0170199
0.0170199
0.0170199
0.0170199
0.0170199
0.0170199
0.0170199
0.0170199
0.0170199
0.0170199
0.0170199
0.0170199
0.0170199
0.0170199
0.0170199
0.0170199
0.0170199
0.0170199
0.0170199
0.0170199
0.0170199
0.0170199
0.0170199
0.0170199
0.0170199
0.0170199
0.0170199
0.0170199
0.0170199
0.0170199
0.0170199
0.0170199
0.0170199
0.0170199
0.0170199
0.0170199
0.0170199
0.0170199
0.0170199
0.0170199
0.0170199
0.0170199
0.0170199
0.0170199
0.0170199
0.0170199
0.0170199
0.0170199
0.0170199
0.0170199
0.0170199
0.0170199
0.0170199
0.0170199
0.0170199
0.0170199
0.0170199
0.0170199
0.0170199
0.0170199
0.0170199
0.0170199
0.0170199
0.0170199
0.0170199
0.0170199
0.0170199
0.0170199
0.0170199
0.0170199
0.0170199
0.0170199
0.0170199
0.0170199
0.0170199
0.0170199
0.0170199
0.01702
0.01702
0.01702
0.01702
0.01702
0.01702
0.01702
0.01702
0.0170201
0.0170201
0.0170202
0.0170202
0.0170201
0.0170201
0.0170201
0.01702
0.01702
0.01702
0.01702
0.01702
0.01702
0.01702
0.01702
0.01702
0.01702
0.01702
0.01702
0.01702
0.01702
0.01702
0.01702
0.01702
0.01702
0.01702
0.01702
0.01702
0.01702
0.01702
0.01702
0.01702
0.0170199
0.0170199
0.0170199
0.0170199
0.0170199
0.0170199
0.0170199
0.0170199
0.0170199
0.0170199
0.0170199
0.0170199
0.0170199
0.0170199
0.0170199
0.0170199
0.0170199
0.0170199
0.0170199
0.0170199
0.0170199
0.0170199
0.0170199
0.0170199
0.0170199
0.0170199
0.0170199
0.0170199
0.0170199
0.0170199
0.0170199
0.0170199
0.0170199
0.0170199
0.0170199
0.0170199
0.0170199
0.0170199
0.0170199
0.0170199
0.0170199
0.0170199
0.0170199
0.0170199
0.0170199
0.0170199
0.0170199
0.0170199
0.0170199
0.0170199
0.0170199
0.0170199
0.0170199
0.0170199
0.0170199
0.0170199
0.0170199
0.0170199
0.0170199
0.0170199
0.0170199
0.0170199
0.0170199
0.0170199
0.0170199
0.0170199
0.0170199
0.0170199
0.0170199
0.0170199
0.0170199
0.0170199
0.0170199
0.0170199
0.0170199
0.0170199
0.0170199
0.0170199
0.0170199
0.0170199
0.0170199
0.0170199
0.0170199
0.0170199
0.0170199
0.0170199
0.0170199
0.0170199
0.0170199
0.0170199
0.0170199
0.0170199
0.0170199
0.0170199
0.0170199
0.0170199
0.0170199
0.0170199
0.0170199
0.0170199
0.0170199
0.0170199
0.0170199
0.0170199
0.0170199
0.0170199
0.0170199
0.0170199
0.0170199
0.0170199
0.0170199
0.0170199
0.0170199
0.0170199
0.0170199
0.0170199
0.0170199
0.0170199
0.0170199
0.0170199
0.0170199
0.0170199
0.0170199
0.0170199
0.0170199
0.0170199
0.0170199
0.0170199
0.0170199
0.0170199
0.0170199
0.0170199
0.0170199
0.0170199
0.0170199
0.0170199
0.0170199
0.0170199
0.0170199
0.0170199
0.0170199
0.0170199
0.0170199
0.0170199
0.0170199
0.0170199
0.0170199
0.0170199
0.0170199
0.0170199
0.0170199
0.0170199
0.0170199
0.0170199
0.0170199
0.0170199
0.0170199
0.0170199
0.0170199
0.0170199
0.0170199
0.0170199
0.0170199
0.0170199
0.0170199
0.0170199
0.0170199
0.0170199
0.0170199
0.0170199
0.0170199
0.0170199
0.0170199
0.0170199
0.0170199
0.0170199
0.0170199
0.0170199
0.0170199
0.0170199
0.0170199
0.0170199
0.0170199
0.0170199
0.0170199
0.0170199
0.0170199
0.0170199
0.0170199
0.0170199
0.0170199
0.0170199
0.0170199
0.0170199
0.0170199
0.0170199
0.0170199
0.0170199
0.0170199
0.0170199
0.0170199
0.0170199
0.0170199
0.0170199
0.0170199
0.0170199
0.0170199
0.0170199
0.0170199
0.01702
0.01702
0.01702
0.01702
0.01702
0.01702
0.01702
0.01702
0.01702
0.01702
0.01702
0.01702
0.01702
0.01702
0.01702
0.01702
0.01702
0.01702
0.01702
0.01702
0.01702
0.01702
0.01702
0.01702
0.01702
0.01702
0.01702
0.01702
0.0170201
0.0170201
0.0170201
0.0170202
0.0170202
0.0170202
0.0170201
0.0170201
0.0170201
0.0170201
0.0170201
0.0170201
0.01702
0.01702
0.01702
0.01702
0.01702
0.01702
0.01702
0.01702
0.01702
0.01702
0.01702
0.01702
0.01702
0.01702
0.01702
0.01702
0.01702
0.01702
0.01702
0.01702
0.01702
0.01702
0.01702
0.01702
0.01702
0.01702
0.01702
0.01702
0.01702
0.01702
0.01702
0.01702
0.01702
0.01702
0.01702
0.01702
0.01702
0.01702
0.01702
0.01702
0.01702
0.01702
0.01702
0.01702
0.01702
0.01702
0.01702
0.01702
0.01702
0.01702
0.01702
0.01702
0.01702
0.01702
0.01702
0.01702
0.01702
0.01702
0.01702
0.01702
0.01702
0.01702
0.01702
0.01702
0.01702
0.01702
0.01702
0.01702
0.01702
0.01702
0.01702
0.01702
0.01702
0.01702
0.01702
0.01702
0.01702
0.01702
0.01702
0.01702
0.01702
0.01702
0.01702
0.01702
0.01702
0.01702
0.01702
0.01702
0.01702
0.01702
0.01702
0.01702
0.01702
0.01702
0.01702
0.01702
0.01702
0.01702
0.01702
0.01702
0.01702
0.01702
0.01702
0.01702
0.01702
0.01702
0.01702
0.01702
0.01702
0.01702
0.01702
0.01702
0.01702
0.01702
0.01702
0.01702
0.01702
0.01702
0.01702
0.01702
0.01702
0.01702
0.01702
0.01702
0.01702
0.01702
0.01702
0.01702
0.01702
0.01702
0.01702
0.01702
0.01702
0.01702
0.01702
0.01702
0.01702
0.01702
0.01702
0.01702
0.01702
0.01702
0.01702
0.01702
0.01702
0.01702
0.01702
0.01702
0.01702
0.01702
0.01702
0.01702
0.01702
0.01702
0.01702
0.01702
0.01702
0.01702
0.01702
0.01702
0.01702
0.01702
0.01702
0.01702
0.01702
0.01702
0.01702
0.01702
0.01702
0.01702
0.01702
0.01702
0.01702
0.01702
0.01702
0.01702
0.01702
0.01702
0.01702
0.01702
0.01702
0.01702
0.01702
0.01702
0.01702
0.01702
0.01702
0.01702
0.01702
0.01702
0.01702
0.01702
0.01702
0.01702
0.01702
0.01702
0.01702
0.01702
0.01702
0.01702
0.01702
0.01702
0.01702
0.01702
0.01702
0.01702
0.01702
0.01702
0.01702
0.01702
0.01702
0.01702
0.01702
0.01702
0.01702
0.01702
0.01702
0.01702
0.01702
0.01702
0.01702
0.01702
0.01702
0.01702
0.01702
0.01702
0.01702
0.01702
0.01702
0.01702
0.01702
0.01702
0.01702
0.01702
0.01702
0.01702
0.01702
0.01702
0.01702
0.01702
0.01702
0.01702
0.01702
0.01702
0.01702
0.01702
0.01702
0.01702
0.01702
0.01702
0.01702
0.01702
0.01702
0.01702
0.0170201
0.0170201
0.0170201
0.0170201
0.0170201
0.0170201
0.0170202
0.0170202
0.0170203
0.0170202
0.0170202
0.0170202
0.0170202
0.0170201
0.0170201
0.0170201
0.0170201
0.0170201
0.0170201
0.0170201
0.0170201
0.0170201
0.0170201
0.0170201
0.0170201
0.0170201
0.0170201
0.0170201
0.0170201
0.0170201
0.0170201
0.0170201
0.0170201
0.0170201
0.0170201
0.0170201
0.0170201
0.0170201
0.0170201
0.0170201
0.0170201
0.0170201
0.0170201
0.0170201
0.0170201
0.0170201
0.0170201
0.0170201
0.0170201
0.0170201
0.0170201
0.0170201
0.0170201
0.0170201
0.0170201
0.0170201
0.0170201
0.0170201
0.0170201
0.0170201
0.0170201
0.0170201
0.0170201
0.0170201
0.0170201
0.0170201
0.0170201
0.0170201
0.0170201
0.0170201
0.0170201
0.0170201
0.0170201
0.0170201
0.0170201
0.0170201
0.0170201
0.0170201
0.0170201
0.0170201
0.0170201
0.0170201
0.0170201
0.0170201
0.0170201
0.0170201
0.0170201
0.0170201
0.0170201
0.0170201
0.0170201
0.0170201
0.0170201
0.0170201
0.0170201
0.0170201
0.0170201
0.0170201
0.0170201
0.0170201
0.0170201
0.0170201
0.0170201
0.0170201
0.0170201
0.0170201
0.0170201
0.0170201
0.0170201
0.0170201
0.0170201
0.0170201
0.0170201
0.0170201
0.0170201
0.0170201
0.0170201
0.0170201
0.0170201
0.0170201
0.0170201
0.0170201
0.0170201
0.0170201
0.0170201
0.0170201
0.0170201
0.0170201
0.0170201
0.0170201
0.0170201
0.0170201
0.0170201
0.0170201
0.0170201
0.0170201
0.0170201
0.0170201
0.0170201
0.0170201
0.0170201
0.0170201
0.0170201
0.0170201
0.0170201
0.0170201
0.0170201
0.0170201
0.0170201
0.0170201
0.0170201
0.0170201
0.0170201
0.0170201
0.0170201
0.0170201
0.0170201
0.0170201
0.0170201
0.0170201
0.0170201
0.0170201
0.0170201
0.0170201
0.0170201
0.0170201
0.0170201
0.0170201
0.0170201
0.0170201
0.0170201
0.0170201
0.0170201
0.0170201
0.0170201
0.0170201
0.0170201
0.0170201
0.0170201
0.0170201
0.0170201
0.0170201
0.0170201
0.0170201
0.0170201
0.0170201
0.0170201
0.0170201
0.0170201
0.0170201
0.0170201
0.0170201
0.0170201
0.0170201
0.0170201
0.0170201
0.0170201
0.0170201
0.0170201
0.0170201
0.0170201
0.0170201
0.0170201
0.0170201
0.0170201
0.0170201
0.0170201
0.0170201
0.0170201
0.0170201
0.0170201
0.0170201
0.0170201
0.0170201
0.0170201
0.0170201
0.0170201
0.0170201
0.0170201
0.0170201
0.0170201
0.0170201
0.0170201
0.0170201
0.0170201
0.0170201
0.0170201
0.0170201
0.0170201
0.0170201
0.0170201
0.0170201
0.0170201
0.0170201
0.0170201
0.0170201
0.0170201
0.0170201
0.0170201
0.0170201
0.0170201
0.0170201
0.0170201
0.0170201
0.0170201
0.0170201
0.0170201
0.0170201
0.0170201
0.0170201
0.0170201
0.0170201
0.0170201
0.0170201
0.0170201
0.0170201
0.0170201
0.0170201
0.0170201
0.0170201
0.0170201
0.0170201
0.0170201
0.0170201
0.0170201
0.0170201
0.0170201
0.0170201
0.0170201
0.0170201
0.0170201
0.0170201
0.0170201
0.0170202
0.0170202
0.0170202
0.0170202
0.0170203
0.0170204
0.0170203
0.0170203
0.0170203
0.0170203
0.0170203
0.0170203
0.0170203
0.0170202
0.0170202
0.0170202
0.0170202
0.0170202
0.0170202
0.0170202
0.0170202
0.0170202
0.0170202
0.0170202
0.0170202
0.0170202
0.0170202
0.0170202
0.0170202
0.0170202
0.0170202
0.0170202
0.0170202
0.0170202
0.0170202
0.0170202
0.0170202
0.0170202
0.0170202
0.0170202
0.0170202
0.0170202
0.0170202
0.0170202
0.0170202
0.0170202
0.0170202
0.0170202
0.0170202
0.0170202
0.0170202
0.0170202
0.0170202
0.0170202
0.0170202
0.0170202
0.0170202
0.0170202
0.0170202
0.0170202
0.0170202
0.0170202
0.0170202
0.0170202
0.0170202
0.0170202
0.0170202
0.0170202
0.0170202
0.0170202
0.0170202
0.0170202
0.0170202
0.0170202
0.0170202
0.0170202
0.0170202
0.0170202
0.0170202
0.0170202
0.0170202
0.0170202
0.0170202
0.0170202
0.0170202
0.0170202
0.0170202
0.0170202
0.0170202
0.0170202
0.0170202
0.0170202
0.0170202
0.0170202
0.0170202
0.0170202
0.0170202
0.0170202
0.0170202
0.0170202
0.0170202
0.0170202
0.0170202
0.0170202
0.0170202
0.0170202
0.0170202
0.0170202
0.0170202
0.0170202
0.0170202
0.0170202
0.0170202
0.0170202
0.0170202
0.0170202
0.0170202
0.0170202
0.0170202
0.0170202
0.0170202
0.0170202
0.0170202
0.0170202
0.0170202
0.0170202
0.0170202
0.0170202
0.0170202
0.0170202
0.0170202
0.0170202
0.0170202
0.0170202
0.0170202
0.0170202
0.0170202
0.0170202
0.0170202
0.0170202
0.0170202
0.0170202
0.0170202
0.0170202
0.0170202
0.0170202
0.0170202
0.0170202
0.0170202
0.0170202
0.0170202
0.0170202
0.0170202
0.0170202
0.0170202
0.0170202
0.0170202
0.0170202
0.0170202
0.0170202
0.0170202
0.0170202
0.0170202
0.0170202
0.0170202
0.0170202
0.0170202
0.0170202
0.0170202
0.0170202
0.0170202
0.0170202
0.0170202
0.0170202
0.0170202
0.0170202
0.0170202
0.0170202
0.0170202
0.0170202
0.0170202
0.0170202
0.0170202
0.0170202
0.0170202
0.0170202
0.0170202
0.0170202
0.0170202
0.0170202
0.0170202
0.0170202
0.0170202
0.0170202
0.0170202
0.0170202
0.0170202
0.0170202
0.0170202
0.0170202
0.0170202
0.0170202
0.0170202
0.0170202
0.0170202
0.0170202
0.0170202
0.0170202
0.0170202
0.0170202
0.0170202
0.0170202
0.0170202
0.0170202
0.0170202
0.0170202
0.0170202
0.0170202
0.0170202
0.0170202
0.0170202
0.0170202
0.0170202
0.0170202
0.0170202
0.0170202
0.0170202
0.0170202
0.0170202
0.0170202
0.0170202
0.0170202
0.0170202
0.0170202
0.0170202
0.0170202
0.0170202
0.0170202
0.0170202
0.0170202
0.0170202
0.0170202
0.0170202
0.0170202
0.0170202
0.0170202
0.0170202
0.0170202
0.0170202
0.0170202
0.0170202
0.0170202
0.0170202
0.0170202
0.0170202
0.0170202
0.0170202
0.0170202
0.0170202
0.0170202
0.0170202
0.0170202
0.0170202
0.0170202
0.0170202
0.0170202
0.0170202
0.0170203
0.0170203
0.0170203
0.0170203
0.0170203
0.0170203
0.0170203
0.0170204
0.0170205
0.0170205
0.0170204
0.0170204
0.0170204
0.0170204
0.0170204
0.0170204
0.0170204
0.0170204
0.0170204
0.0170204
0.0170204
0.0170204
0.0170204
0.0170204
0.0170204
0.0170204
0.0170204
0.0170204
0.0170204
0.0170204
0.0170204
0.0170204
0.0170204
0.0170204
0.0170204
0.0170204
0.0170204
0.0170204
0.0170204
0.0170204
0.0170204
0.0170204
0.0170204
0.0170204
0.0170204
0.0170204
0.0170204
0.0170204
0.0170204
0.0170204
0.0170204
0.0170204
0.0170204
0.0170204
0.0170204
0.0170204
0.0170204
0.0170204
0.0170204
0.0170204
0.0170204
0.0170204
0.0170204
0.0170204
0.0170204
0.0170204
0.0170204
0.0170204
0.0170204
0.0170204
0.0170204
0.0170204
0.0170204
0.0170204
0.0170204
0.0170204
0.0170204
0.0170204
0.0170204
0.0170204
0.0170204
0.0170204
0.0170204
0.0170204
0.0170204
0.0170204
0.0170204
0.0170204
0.0170204
0.0170204
0.0170204
0.0170204
0.0170204
0.0170204
0.0170204
0.0170204
0.0170204
0.0170204
0.0170204
0.0170204
0.0170204
0.0170204
0.0170204
0.0170204
0.0170204
0.0170204
0.0170204
0.0170204
0.0170204
0.0170204
0.0170204
0.0170204
0.0170204
0.0170204
0.0170204
0.0170204
0.0170204
0.0170204
0.0170204
0.0170204
0.0170204
0.0170204
0.0170204
0.0170204
0.0170204
0.0170204
0.0170204
0.0170204
0.0170204
0.0170204
0.0170204
0.0170204
0.0170204
0.0170204
0.0170204
0.0170204
0.0170204
0.0170204
0.0170204
0.0170204
0.0170204
0.0170204
0.0170204
0.0170204
0.0170204
0.0170204
0.0170204
0.0170204
0.0170204
0.0170204
0.0170204
0.0170204
0.0170204
0.0170204
0.0170204
0.0170204
0.0170204
0.0170204
0.0170204
0.0170204
0.0170204
0.0170204
0.0170204
0.0170204
0.0170204
0.0170204
0.0170204
0.0170204
0.0170204
0.0170204
0.0170204
0.0170204
0.0170204
0.0170204
0.0170204
0.0170204
0.0170204
0.0170204
0.0170204
0.0170204
0.0170204
0.0170204
0.0170204
0.0170204
0.0170204
0.0170204
0.0170204
0.0170204
0.0170204
0.0170204
0.0170204
0.0170204
0.0170204
0.0170204
0.0170204
0.0170204
0.0170204
0.0170204
0.0170204
0.0170204
0.0170204
0.0170204
0.0170204
0.0170204
0.0170204
0.0170204
0.0170204
0.0170204
0.0170204
0.0170204
0.0170204
0.0170204
0.0170204
0.0170204
0.0170204
0.0170204
0.0170204
0.0170204
0.0170204
0.0170204
0.0170204
0.0170204
0.0170204
0.0170204
0.0170204
0.0170204
0.0170204
0.0170204
0.0170204
0.0170204
0.0170204
0.0170204
0.0170204
0.0170204
0.0170204
0.0170204
0.0170204
0.0170204
0.0170204
0.0170204
0.0170204
0.0170204
0.0170204
0.0170204
0.0170204
0.0170204
0.0170204
0.0170204
0.0170204
0.0170204
0.0170204
0.0170204
0.0170204
0.0170204
0.0170204
0.0170204
0.0170204
0.0170204
0.0170204
0.0170204
0.0170204
0.0170204
0.0170204
0.0170204
0.0170204
0.0170204
0.0170204
0.0170204
0.0170204
0.0170204
0.0170204
0.0170204
0.0170204
0.0170204
0.0170204
0.0170204
0.0170205
0.0170205
0.0170206
0.0170206
0.0170206
0.0170206
0.0170206
0.0170206
0.0170206
0.0170206
0.0170206
0.0170206
0.0170206
0.0170206
0.0170206
0.0170206
0.0170206
0.0170206
0.0170206
0.0170206
0.0170206
0.0170206
0.0170206
0.0170206
0.0170206
0.0170206
0.0170206
0.0170206
0.0170206
0.0170206
0.0170206
0.0170206
0.0170206
0.0170206
0.0170206
0.0170206
0.0170206
0.0170206
0.0170206
0.0170206
0.0170206
0.0170206
0.0170206
0.0170206
0.0170206
0.0170206
0.0170206
0.0170206
0.0170206
0.0170206
0.0170206
0.0170206
0.0170206
0.0170206
0.0170206
0.0170206
0.0170206
0.0170206
0.0170206
0.0170206
0.0170206
0.0170206
0.0170206
0.0170206
0.0170206
0.0170206
0.0170206
0.0170206
0.0170206
0.0170206
0.0170206
0.0170206
0.0170206
0.0170206
0.0170206
0.0170206
0.0170206
0.0170206
0.0170206
0.0170206
0.0170206
0.0170206
0.0170206
0.0170206
0.0170206
0.0170206
0.0170206
0.0170206
0.0170206
0.0170206
0.0170206
0.0170206
0.0170206
0.0170206
0.0170206
0.0170206
0.0170206
0.0170206
0.0170206
0.0170206
0.0170206
0.0170206
0.0170206
0.0170206
0.0170206
0.0170206
0.0170206
0.0170206
0.0170206
0.0170206
0.0170206
0.0170206
0.0170206
0.0170206
0.0170206
0.0170206
0.0170206
0.0170206
0.0170206
0.0170206
0.0170206
0.0170206
0.0170206
0.0170206
0.0170206
0.0170206
0.0170206
0.0170206
0.0170206
0.0170206
0.0170206
0.0170206
0.0170206
0.0170206
0.0170206
0.0170206
0.0170206
0.0170206
0.0170206
0.0170206
0.0170206
0.0170206
0.0170206
0.0170206
0.0170206
0.0170206
0.0170206
0.0170206
0.0170206
0.0170206
0.0170206
0.0170206
0.0170206
0.0170206
0.0170206
0.0170206
0.0170206
0.0170206
0.0170206
0.0170206
0.0170206
0.0170206
0.0170206
0.0170206
0.0170206
0.0170206
0.0170206
0.0170206
0.0170206
0.0170206
0.0170206
0.0170206
0.0170206
0.0170206
0.0170206
0.0170206
0.0170206
0.0170206
0.0170206
0.0170206
0.0170206
0.0170206
0.0170206
0.0170206
0.0170206
0.0170206
0.0170206
0.0170206
0.0170206
0.0170206
0.0170206
0.0170206
0.0170206
0.0170206
0.0170206
0.0170206
0.0170206
0.0170206
0.0170206
0.0170206
0.0170206
0.0170206
0.0170206
0.0170206
0.0170206
0.0170206
0.0170206
0.0170206
0.0170206
0.0170206
0.0170206
0.0170206
0.0170206
0.0170206
0.0170206
0.0170206
0.0170206
0.0170206
0.0170206
0.0170206
0.0170206
0.0170206
0.0170206
0.0170206
0.0170206
0.0170206
0.0170206
0.0170206
0.0170206
0.0170206
0.0170206
0.0170206
0.0170206
0.0170206
0.0170206
0.0170206
0.0170206
0.0170206
0.0170206
0.0170206
0.0170206
0.0170206
0.0170206
0.0170206
0.0170206
0.0170206
0.0170206
0.0170206
0.0170206
0.0170206
0.0170206
0.0170206
0.0170206
0.0170206
0.0170206
0.0170206
0.0170206
0.0170206
0.0170206
0.0170206
0.0170206
0.0170206
0.0170206
0.0170206
0.0170206
0.0170206
0.0170206
0.0170206
0.0170206
0.0170206
0.0170206
0.0170206
0.0170207
0.0170207
0.0170208
0.0170208
0.0170208
0.0170208
0.0170208
0.0170208
0.0170208
0.0170208
0.0170208
0.0170208
0.0170208
0.0170208
0.0170208
0.0170208
0.0170208
0.0170208
0.0170208
0.0170208
0.0170208
0.0170208
0.0170208
0.0170208
0.0170208
0.0170208
0.0170208
0.0170208
0.0170208
0.0170208
0.0170207
0.0170207
0.0170207
0.0170207
0.0170207
0.0170207
0.0170207
0.0170207
0.0170207
0.0170207
0.0170207
0.0170207
0.0170207
0.0170207
0.0170207
0.0170207
0.0170207
0.0170207
0.0170207
0.0170207
0.0170207
0.0170207
0.0170207
0.0170207
0.0170207
0.0170207
0.0170207
0.0170207
0.0170207
0.0170207
0.0170207
0.0170207
0.0170207
0.0170207
0.0170207
0.0170207
0.0170207
0.0170207
0.0170207
0.0170207
0.0170207
0.0170207
0.0170207
0.0170207
0.0170207
0.0170207
0.0170207
0.0170207
0.0170207
0.0170207
0.0170207
0.0170207
0.0170207
0.0170207
0.0170207
0.0170207
0.0170207
0.0170207
0.0170207
0.0170207
0.0170207
0.0170207
0.0170207
0.0170207
0.0170207
0.0170207
0.0170207
0.0170207
0.0170207
0.0170207
0.0170207
0.0170207
0.0170207
0.0170207
0.0170207
0.0170207
0.0170207
0.0170207
0.0170207
0.0170207
0.0170207
0.0170207
0.0170207
0.0170207
0.0170207
0.0170207
0.0170207
0.0170207
0.0170207
0.0170207
0.0170207
0.0170207
0.0170207
0.0170207
0.0170207
0.0170207
0.0170207
0.0170207
0.0170207
0.0170207
0.0170207
0.0170207
0.0170207
0.0170207
0.0170207
0.0170207
0.0170207
0.0170207
0.0170207
0.0170207
0.0170207
0.0170207
0.0170207
0.0170207
0.0170207
0.0170207
0.0170207
0.0170207
0.0170207
0.0170207
0.0170207
0.0170207
0.0170207
0.0170207
0.0170207
0.0170207
0.0170207
0.0170207
0.0170207
0.0170207
0.0170207
0.0170207
0.0170207
0.0170207
0.0170207
0.0170207
0.0170207
0.0170207
0.0170207
0.0170207
0.0170207
0.0170207
0.0170207
0.0170207
0.0170207
0.0170207
0.0170207
0.0170207
0.0170207
0.0170207
0.0170207
0.0170207
0.0170207
0.0170207
0.0170207
0.0170207
0.0170207
0.0170207
0.0170207
0.0170207
0.0170207
0.0170207
0.0170207
0.0170207
0.0170207
0.0170207
0.0170207
0.0170207
0.0170207
0.0170207
0.0170207
0.0170207
0.0170207
0.0170207
0.0170207
0.0170207
0.0170207
0.0170207
0.0170207
0.0170207
0.0170207
0.0170207
0.0170207
0.0170207
0.0170207
0.0170207
0.0170207
0.0170207
0.0170207
0.0170207
0.0170207
0.0170207
0.0170207
0.0170207
0.0170207
0.0170207
0.0170207
0.0170207
0.0170207
0.0170207
0.0170207
0.0170207
0.0170207
0.0170207
0.0170207
0.0170207
0.0170207
0.0170208
0.0170208
0.0170208
0.0170208
0.0170208
0.0170208
0.0170208
0.0170208
0.0170208
0.0170208
0.0170208
0.0170208
0.0170208
0.0170208
0.0170208
0.0170208
0.0170208
0.0170208
0.0170208
0.0170208
0.0170208
0.0170208
0.0170208
0.0170208
0.0170208
0.0170208
0.0170208
0.0170208
0.0170208
0.0170208
0.0170208
0.0170207
0.0170207
0.0170208
0.0170209
0.0170209
0.0170209
0.0170209
0.0170209
0.0170209
0.0170209
0.0170209
0.0170209
0.0170209
0.0170209
0.0170209
0.0170209
0.0170209
0.0170209
0.0170209
0.0170209
0.0170209
0.0170209
0.0170209
0.0170209
0.0170209
0.0170209
0.0170209
0.0170209
0.0170209
0.0170209
0.0170209
0.0170209
0.0170209
0.0170209
0.0170209
0.0170209
0.0170209
0.0170209
0.0170209
0.0170209
0.0170209
0.0170209
0.0170209
0.0170209
0.0170209
0.0170209
0.0170209
0.0170209
0.0170209
0.0170209
0.0170209
0.0170209
0.0170209
0.0170209
0.0170209
0.0170209
0.0170209
0.0170209
0.0170209
0.0170209
0.0170209
0.0170209
0.0170209
0.0170209
0.0170209
0.0170209
0.0170209
0.0170209
0.0170209
0.0170209
0.0170209
0.0170209
0.0170209
0.0170209
0.0170209
0.0170209
0.0170209
0.0170209
0.0170209
0.0170209
0.0170209
0.0170209
0.0170209
0.0170209
0.0170209
0.0170209
0.0170209
0.0170209
0.0170209
0.0170209
0.0170209
0.0170209
0.0170209
0.0170209
0.0170209
0.0170209
0.0170209
0.0170209
0.0170209
0.0170209
0.0170209
0.0170209
0.0170209
0.0170209
0.0170209
0.0170209
0.0170209
0.0170209
0.0170209
0.0170209
0.0170209
0.0170209
0.0170209
0.0170209
0.0170209
0.0170209
0.0170209
0.0170209
0.0170209
0.0170209
0.0170209
0.0170209
0.0170209
0.0170209
0.0170209
0.0170209
0.0170209
0.0170209
0.0170209
0.0170209
0.0170209
0.0170209
0.0170209
0.0170209
0.0170209
0.0170209
0.0170209
0.0170209
0.0170209
0.0170209
0.0170209
0.0170209
0.0170209
0.0170209
0.0170209
0.0170209
0.0170209
0.0170209
0.0170209
0.0170209
0.0170209
0.0170209
0.0170209
0.0170209
0.0170209
0.0170209
0.0170209
0.0170209
0.0170209
0.0170209
0.0170209
0.0170209
0.0170209
0.0170209
0.0170209
0.0170209
0.0170209
0.0170209
0.0170209
0.0170209
0.0170209
0.0170209
0.0170209
0.0170209
0.0170209
0.0170209
0.0170209
0.0170209
0.0170209
0.0170209
0.0170209
0.0170209
0.0170209
0.0170209
0.0170209
0.0170209
0.0170209
0.0170209
0.0170209
0.0170209
0.0170209
0.0170209
0.0170209
0.0170209
0.0170209
0.0170209
0.0170209
0.0170209
0.0170209
0.0170209
0.0170209
0.0170209
0.0170209
0.0170209
0.0170209
0.0170209
0.0170209
0.0170209
0.0170209
0.0170209
0.0170209
0.0170209
0.0170209
0.0170209
0.0170209
0.0170209
0.0170209
0.0170209
0.0170209
0.0170209
0.0170209
0.0170209
0.0170209
0.0170209
0.0170209
0.0170209
0.0170209
0.0170209
0.0170209
0.0170209
0.0170209
0.0170209
0.0170209
0.0170209
0.0170209
0.0170209
0.0170209
0.0170209
0.0170209
0.0170209
0.0170209
0.0170209
0.0170209
0.0170209
0.0170209
0.0170209
0.0170209
0.0170209
0.0170209
0.0170209
0.0170209
0.0170209
0.0170209
0.0170209
0.0170209
0.0170209
0.0170209
0.0170209
0.0170209
0.0170209
0.0170209
0.0170209
0.0170209
0.0170209
0.0170209
0.0170209
0.0170209
0.0170209
0.0170209
0.0170209
0.0170209
0.0170208
0.0170209
0.017021
0.017021
0.017021
0.0170211
0.0170211
0.0170211
0.0170211
0.0170211
0.0170211
0.0170211
0.0170211
0.0170211
0.0170211
0.0170211
0.0170211
0.0170211
0.0170211
0.0170211
0.0170211
0.0170211
0.0170211
0.017021
0.017021
0.017021
0.017021
0.017021
0.017021
0.017021
0.017021
0.017021
0.017021
0.017021
0.017021
0.017021
0.017021
0.017021
0.017021
0.017021
0.017021
0.017021
0.017021
0.017021
0.017021
0.017021
0.017021
0.017021
0.017021
0.017021
0.017021
0.017021
0.017021
0.017021
0.017021
0.017021
0.017021
0.017021
0.017021
0.017021
0.017021
0.017021
0.017021
0.017021
0.017021
0.017021
0.017021
0.017021
0.017021
0.017021
0.017021
0.017021
0.017021
0.017021
0.017021
0.017021
0.017021
0.017021
0.017021
0.017021
0.017021
0.017021
0.017021
0.017021
0.017021
0.017021
0.017021
0.017021
0.017021
0.017021
0.017021
0.017021
0.017021
0.017021
0.017021
0.017021
0.017021
0.017021
0.017021
0.017021
0.017021
0.017021
0.017021
0.017021
0.017021
0.017021
0.017021
0.017021
0.017021
0.017021
0.017021
0.017021
0.017021
0.017021
0.017021
0.017021
0.017021
0.017021
0.017021
0.017021
0.017021
0.017021
0.017021
0.017021
0.017021
0.017021
0.017021
0.017021
0.017021
0.017021
0.017021
0.017021
0.017021
0.017021
0.017021
0.017021
0.017021
0.017021
0.017021
0.017021
0.017021
0.017021
0.017021
0.017021
0.017021
0.017021
0.017021
0.017021
0.017021
0.017021
0.017021
0.017021
0.017021
0.017021
0.017021
0.017021
0.017021
0.017021
0.017021
0.017021
0.017021
0.017021
0.017021
0.017021
0.017021
0.017021
0.017021
0.017021
0.017021
0.017021
0.017021
0.017021
0.017021
0.017021
0.017021
0.017021
0.017021
0.017021
0.017021
0.017021
0.017021
0.017021
0.017021
0.017021
0.017021
0.017021
0.017021
0.017021
0.017021
0.017021
0.017021
0.017021
0.017021
0.017021
0.017021
0.017021
0.017021
0.017021
0.017021
0.017021
0.017021
0.017021
0.017021
0.017021
0.017021
0.017021
0.017021
0.017021
0.017021
0.017021
0.017021
0.017021
0.017021
0.017021
0.017021
0.017021
0.017021
0.017021
0.017021
0.017021
0.017021
0.017021
0.017021
0.017021
0.017021
0.017021
0.017021
0.017021
0.017021
0.017021
0.017021
0.017021
0.017021
0.017021
0.017021
0.017021
0.017021
0.017021
0.017021
0.017021
0.017021
0.017021
0.017021
0.017021
0.017021
0.017021
0.017021
0.017021
0.0170211
0.0170211
0.0170211
0.0170211
0.0170211
0.0170211
0.0170211
0.0170211
0.0170211
0.0170211
0.0170211
0.0170211
0.0170211
0.0170211
0.0170211
0.0170211
0.0170211
0.0170211
0.0170211
0.0170211
0.017021
0.017021
0.0170209
0.017021
0.0170211
0.0170211
0.0170212
0.0170212
0.0170212
0.0170212
0.0170212
0.0170212
0.0170212
0.0170212
0.0170212
0.0170212
0.0170212
0.0170212
0.0170212
0.0170212
0.0170212
0.0170212
0.0170212
0.0170212
0.0170212
0.0170212
0.0170212
0.0170212
0.0170212
0.0170212
0.0170212
0.0170212
0.0170212
0.0170212
0.0170212
0.0170212
0.0170212
0.0170212
0.0170212
0.0170212
0.0170212
0.0170212
0.0170212
0.0170212
0.0170212
0.0170212
0.0170212
0.0170212
0.0170212
0.0170212
0.0170212
0.0170212
0.0170212
0.0170212
0.0170212
0.0170212
0.0170212
0.0170212
0.0170212
0.0170212
0.0170212
0.0170212
0.0170212
0.0170212
0.0170212
0.0170212
0.0170212
0.0170212
0.0170212
0.0170212
0.0170212
0.0170212
0.0170212
0.0170212
0.0170212
0.0170212
0.0170212
0.0170212
0.0170212
0.0170212
0.0170212
0.0170212
0.0170212
0.0170212
0.0170212
0.0170212
0.0170212
0.0170212
0.0170212
0.0170212
0.0170212
0.0170212
0.0170212
0.0170212
0.0170212
0.0170212
0.0170212
0.0170212
0.0170212
0.0170212
0.0170212
0.0170212
0.0170212
0.0170212
0.0170212
0.0170212
0.0170212
0.0170212
0.0170212
0.0170212
0.0170212
0.0170212
0.0170212
0.0170212
0.0170212
0.0170212
0.0170212
0.0170212
0.0170212
0.0170212
0.0170212
0.0170212
0.0170212
0.0170212
0.0170212
0.0170212
0.0170212
0.0170212
0.0170212
0.0170212
0.0170212
0.0170212
0.0170212
0.0170212
0.0170212
0.0170212
0.0170212
0.0170212
0.0170212
0.0170212
0.0170212
0.0170212
0.0170212
0.0170212
0.0170212
0.0170212
0.0170212
0.0170212
0.0170212
0.0170212
0.0170212
0.0170212
0.0170212
0.0170212
0.0170212
0.0170212
0.0170212
0.0170212
0.0170212
0.0170212
0.0170212
0.0170212
0.0170212
0.0170212
0.0170212
0.0170212
0.0170212
0.0170212
0.0170212
0.0170212
0.0170212
0.0170212
0.0170212
0.0170212
0.0170212
0.0170212
0.0170212
0.0170212
0.0170212
0.0170212
0.0170212
0.0170212
0.0170212
0.0170212
0.0170212
0.0170212
0.0170212
0.0170212
0.0170212
0.0170212
0.0170212
0.0170212
0.0170212
0.0170212
0.0170212
0.0170212
0.0170212
0.0170212
0.0170212
0.0170212
0.0170212
0.0170212
0.0170212
0.0170212
0.0170212
0.0170212
0.0170212
0.0170212
0.0170212
0.0170212
0.0170212
0.0170212
0.0170212
0.0170212
0.0170212
0.0170212
0.0170212
0.0170212
0.0170212
0.0170212
0.0170212
0.0170212
0.0170212
0.0170212
0.0170212
0.0170212
0.0170212
0.0170212
0.0170212
0.0170212
0.0170212
0.0170212
0.0170212
0.0170212
0.0170212
0.0170212
0.0170212
0.0170212
0.0170212
0.0170212
0.0170212
0.0170212
0.0170212
0.0170212
0.0170212
0.0170212
0.0170212
0.0170212
0.0170212
0.0170212
0.0170212
0.0170212
0.0170212
0.0170212
0.0170212
0.0170212
0.0170212
0.0170212
0.0170212
0.0170212
0.0170212
0.0170212
0.0170212
0.0170212
0.0170212
0.0170212
0.0170212
0.0170212
0.0170212
0.0170212
0.0170211
0.0170211
0.017021
0.017021
0.0170212
0.0170212
0.0170213
0.0170213
0.0170213
0.0170213
0.0170213
0.0170213
0.0170213
0.0170213
0.0170213
0.0170213
0.0170213
0.0170213
0.0170213
0.0170213
0.0170213
0.0170213
0.0170213
0.0170213
0.0170213
0.0170213
0.0170213
0.0170213
0.0170213
0.0170213
0.0170213
0.0170213
0.0170213
0.0170213
0.0170213
0.0170213
0.0170213
0.0170213
0.0170213
0.0170213
0.0170213
0.0170213
0.0170213
0.0170213
0.0170213
0.0170213
0.0170213
0.0170213
0.0170213
0.0170213
0.0170213
0.0170213
0.0170213
0.0170213
0.0170213
0.0170213
0.0170213
0.0170213
0.0170213
0.0170213
0.0170213
0.0170213
0.0170213
0.0170213
0.0170213
0.0170213
0.0170213
0.0170213
0.0170213
0.0170213
0.0170213
0.0170213
0.0170213
0.0170213
0.0170213
0.0170213
0.0170213
0.0170213
0.0170213
0.0170213
0.0170213
0.0170213
0.0170213
0.0170213
0.0170213
0.0170213
0.0170213
0.0170213
0.0170213
0.0170213
0.0170213
0.0170213
0.0170213
0.0170213
0.0170213
0.0170213
0.0170213
0.0170213
0.0170213
0.0170213
0.0170213
0.0170213
0.0170213
0.0170213
0.0170213
0.0170213
0.0170213
0.0170213
0.0170213
0.0170213
0.0170213
0.0170213
0.0170213
0.0170213
0.0170213
0.0170213
0.0170213
0.0170213
0.0170213
0.0170213
0.0170213
0.0170213
0.0170213
0.0170213
0.0170213
0.0170213
0.0170213
0.0170213
0.0170213
0.0170213
0.0170213
0.0170213
0.0170213
0.0170213
0.0170213
0.0170213
0.0170213
0.0170213
0.0170213
0.0170213
0.0170213
0.0170213
0.0170213
0.0170213
0.0170213
0.0170213
0.0170213
0.0170213
0.0170213
0.0170213
0.0170213
0.0170213
0.0170213
0.0170213
0.0170213
0.0170213
0.0170213
0.0170213
0.0170213
0.0170213
0.0170213
0.0170213
0.0170213
0.0170213
0.0170213
0.0170213
0.0170213
0.0170213
0.0170213
0.0170213
0.0170213
0.0170213
0.0170213
0.0170213
0.0170213
0.0170213
0.0170213
0.0170213
0.0170213
0.0170213
0.0170213
0.0170213
0.0170213
0.0170213
0.0170213
0.0170213
0.0170213
0.0170213
0.0170213
0.0170213
0.0170213
0.0170213
0.0170213
0.0170213
0.0170213
0.0170213
0.0170213
0.0170213
0.0170213
0.0170213
0.0170213
0.0170213
0.0170213
0.0170213
0.0170213
0.0170213
0.0170213
0.0170213
0.0170213
0.0170213
0.0170213
0.0170213
0.0170213
0.0170213
0.0170213
0.0170213
0.0170213
0.0170213
0.0170213
0.0170213
0.0170213
0.0170213
0.0170213
0.0170213
0.0170213
0.0170213
0.0170213
0.0170213
0.0170213
0.0170213
0.0170213
0.0170213
0.0170213
0.0170213
0.0170213
0.0170213
0.0170213
0.0170213
0.0170213
0.0170213
0.0170213
0.0170213
0.0170213
0.0170213
0.0170213
0.0170213
0.0170213
0.0170213
0.0170213
0.0170213
0.0170213
0.0170213
0.0170213
0.0170213
0.0170213
0.0170213
0.0170213
0.0170213
0.0170213
0.0170213
0.0170213
0.0170213
0.0170213
0.0170213
0.0170213
0.0170213
0.0170213
0.0170213
0.0170213
0.0170213
0.0170212
0.0170212
0.0170211
0.0170211
0.0170212
0.0170213
0.0170213
0.0170214
0.0170214
0.0170214
0.0170214
0.0170214
0.0170214
0.0170214
0.0170214
0.0170214
0.0170214
0.0170214
0.0170214
0.0170214
0.0170214
0.0170214
0.0170214
0.0170214
0.0170214
0.0170214
0.0170213
0.0170213
0.0170213
0.0170213
0.0170213
0.0170213
0.0170213
0.0170213
0.0170213
0.0170213
0.0170213
0.0170213
0.0170213
0.0170213
0.0170213
0.0170213
0.0170213
0.0170213
0.0170213
0.0170213
0.0170213
0.0170213
0.0170213
0.0170213
0.0170213
0.0170213
0.0170213
0.0170213
0.0170213
0.0170213
0.0170213
0.0170213
0.0170213
0.0170213
0.0170213
0.0170213
0.0170213
0.0170213
0.0170213
0.0170213
0.0170213
0.0170213
0.0170213
0.0170213
0.0170213
0.0170213
0.0170213
0.0170213
0.0170213
0.0170213
0.0170213
0.0170213
0.0170213
0.0170213
0.0170213
0.0170213
0.0170213
0.0170213
0.0170213
0.0170213
0.0170213
0.0170213
0.0170213
0.0170213
0.0170213
0.0170213
0.0170213
0.0170213
0.0170213
0.0170213
0.0170213
0.0170213
0.0170213
0.0170213
0.0170213
0.0170213
0.0170213
0.0170213
0.0170213
0.0170213
0.0170213
0.0170213
0.0170213
0.0170213
0.0170213
0.0170213
0.0170213
0.0170213
0.0170213
0.0170213
0.0170213
0.0170213
0.0170213
0.0170213
0.0170213
0.0170213
0.0170213
0.0170213
0.0170213
0.0170213
0.0170213
0.0170213
0.0170213
0.0170213
0.0170213
0.0170213
0.0170213
0.0170213
0.0170213
0.0170213
0.0170213
0.0170213
0.0170213
0.0170213
0.0170213
0.0170213
0.0170213
0.0170213
0.0170213
0.0170213
0.0170213
0.0170213
0.0170213
0.0170213
0.0170213
0.0170213
0.0170213
0.0170213
0.0170213
0.0170213
0.0170213
0.0170213
0.0170213
0.0170213
0.0170213
0.0170213
0.0170213
0.0170213
0.0170213
0.0170213
0.0170213
0.0170213
0.0170213
0.0170213
0.0170213
0.0170213
0.0170213
0.0170213
0.0170213
0.0170213
0.0170213
0.0170213
0.0170213
0.0170213
0.0170213
0.0170213
0.0170213
0.0170213
0.0170213
0.0170213
0.0170213
0.0170213
0.0170213
0.0170213
0.0170213
0.0170213
0.0170213
0.0170213
0.0170213
0.0170213
0.0170213
0.0170213
0.0170213
0.0170213
0.0170213
0.0170213
0.0170213
0.0170213
0.0170213
0.0170213
0.0170213
0.0170213
0.0170213
0.0170213
0.0170213
0.0170213
0.0170213
0.0170213
0.0170213
0.0170213
0.0170213
0.0170213
0.0170213
0.0170213
0.0170213
0.0170213
0.0170213
0.0170213
0.0170213
0.0170213
0.0170213
0.0170213
0.0170213
0.0170213
0.0170213
0.0170213
0.0170213
0.0170213
0.0170213
0.0170213
0.0170213
0.0170213
0.0170213
0.0170213
0.0170213
0.0170213
0.0170213
0.0170213
0.0170213
0.0170213
0.0170213
0.0170213
0.0170213
0.0170214
0.0170214
0.0170214
0.0170214
0.0170214
0.0170214
0.0170214
0.0170214
0.0170214
0.0170214
0.0170214
0.0170214
0.0170214
0.0170214
0.0170214
0.0170214
0.0170214
0.0170214
0.0170214
0.0170214
0.0170213
0.0170213
0.0170212
0.0170211
0.0170212
0.0170213
0.0170214
0.0170214
0.0170214
0.0170214
0.0170214
0.0170214
0.0170214
0.0170214
0.0170214
0.0170214
0.0170214
0.0170214
0.0170214
0.0170214
0.0170214
0.0170214
0.0170214
0.0170214
0.0170214
0.0170214
0.0170214
0.0170214
0.0170214
0.0170214
0.0170214
0.0170214
0.0170214
0.0170214
0.0170214
0.0170214
0.0170214
0.0170214
0.0170214
0.0170214
0.0170214
0.0170214
0.0170214
0.0170214
0.0170214
0.0170214
0.0170214
0.0170214
0.0170214
0.0170214
0.0170214
0.0170214
0.0170214
0.0170214
0.0170214
0.0170214
0.0170214
0.0170214
0.0170214
0.0170214
0.0170214
0.0170214
0.0170214
0.0170214
0.0170214
0.0170214
0.0170214
0.0170214
0.0170214
0.0170214
0.0170214
0.0170214
0.0170214
0.0170214
0.0170214
0.0170214
0.0170214
0.0170214
0.0170214
0.0170214
0.0170214
0.0170214
0.0170214
0.0170214
0.0170214
0.0170214
0.0170214
0.0170214
0.0170214
0.0170214
0.0170214
0.0170214
0.0170214
0.0170214
0.0170214
0.0170214
0.0170214
0.0170214
0.0170214
0.0170214
0.0170214
0.0170214
0.0170214
0.0170214
0.0170214
0.0170214
0.0170214
0.0170214
0.0170214
0.0170214
0.0170214
0.0170214
0.0170214
0.0170214
0.0170214
0.0170214
0.0170214
0.0170214
0.0170214
0.0170214
0.0170214
0.0170214
0.0170214
0.0170214
0.0170214
0.0170214
0.0170214
0.0170214
0.0170214
0.0170214
0.0170214
0.0170214
0.0170214
0.0170214
0.0170214
0.0170214
0.0170214
0.0170214
0.0170214
0.0170214
0.0170214
0.0170214
0.0170214
0.0170214
0.0170214
0.0170214
0.0170214
0.0170214
0.0170214
0.0170214
0.0170214
0.0170214
0.0170214
0.0170214
0.0170214
0.0170214
0.0170214
0.0170214
0.0170214
0.0170214
0.0170214
0.0170214
0.0170214
0.0170214
0.0170214
0.0170214
0.0170214
0.0170214
0.0170214
0.0170214
0.0170214
0.0170214
0.0170214
0.0170214
0.0170214
0.0170214
0.0170214
0.0170214
0.0170214
0.0170214
0.0170214
0.0170214
0.0170214
0.0170214
0.0170214
0.0170214
0.0170214
0.0170214
0.0170214
0.0170214
0.0170214
0.0170214
0.0170214
0.0170214
0.0170214
0.0170214
0.0170214
0.0170214
0.0170214
0.0170214
0.0170214
0.0170214
0.0170214
0.0170214
0.0170214
0.0170214
0.0170214
0.0170214
0.0170214
0.0170214
0.0170214
0.0170214
0.0170214
0.0170214
0.0170214
0.0170214
0.0170214
0.0170214
0.0170214
0.0170214
0.0170214
0.0170214
0.0170214
0.0170214
0.0170214
0.0170214
0.0170214
0.0170214
0.0170214
0.0170214
0.0170214
0.0170214
0.0170214
0.0170214
0.0170214
0.0170214
0.0170214
0.0170214
0.0170214
0.0170214
0.0170214
0.0170214
0.0170214
0.0170214
0.0170214
0.0170214
0.0170214
0.0170214
0.0170214
0.0170214
0.0170214
0.0170214
0.0170214
0.0170214
0.0170214
0.0170214
0.0170214
0.0170214
0.0170214
0.0170214
0.0170214
0.0170214
0.0170214
0.0170214
0.0170214
0.0170214
0.0170214
0.0170214
0.0170214
0.0170214
0.0170214
0.0170214
0.0170213
0.0170212
0.0170212
0.0170214
0.0170214
0.0170215
0.0170215
0.0170215
0.0170215
0.0170215
0.0170215
0.0170215
0.0170215
0.0170215
0.0170215
0.0170215
0.0170215
0.0170215
0.0170215
0.0170215
0.0170215
0.0170215
0.0170215
0.0170215
0.0170215
0.0170215
0.0170215
0.0170215
0.0170215
0.0170215
0.0170215
0.0170215
0.0170215
0.0170215
0.0170215
0.0170215
0.0170215
0.0170215
0.0170215
0.0170215
0.0170215
0.0170215
0.0170215
0.0170215
0.0170215
0.0170215
0.0170215
0.0170215
0.0170215
0.0170215
0.0170215
0.0170215
0.0170215
0.0170215
0.0170215
0.0170215
0.0170215
0.0170215
0.0170215
0.0170215
0.0170215
0.0170215
0.0170215
0.0170215
0.0170215
0.0170215
0.0170215
0.0170215
0.0170215
0.0170215
0.0170215
0.0170215
0.0170215
0.0170215
0.0170215
0.0170215
0.0170215
0.0170215
0.0170215
0.0170215
0.0170215
0.0170215
0.0170215
0.0170215
0.0170215
0.0170215
0.0170215
0.0170215
0.0170215
0.0170215
0.0170215
0.0170215
0.0170215
0.0170215
0.0170215
0.0170215
0.0170215
0.0170215
0.0170215
0.0170215
0.0170215
0.0170215
0.0170215
0.0170215
0.0170215
0.0170215
0.0170215
0.0170215
0.0170215
0.0170215
0.0170215
0.0170215
0.0170215
0.0170215
0.0170215
0.0170215
0.0170215
0.0170215
0.0170215
0.0170215
0.0170215
0.0170215
0.0170215
0.0170215
0.0170215
0.0170215
0.0170215
0.0170215
0.0170215
0.0170215
0.0170215
0.0170215
0.0170215
0.0170215
0.0170215
0.0170215
0.0170215
0.0170215
0.0170215
0.0170215
0.0170215
0.0170215
0.0170215
0.0170215
0.0170215
0.0170215
0.0170215
0.0170215
0.0170215
0.0170215
0.0170215
0.0170215
0.0170215
0.0170215
0.0170215
0.0170215
0.0170215
0.0170215
0.0170215
0.0170215
0.0170215
0.0170215
0.0170215
0.0170215
0.0170215
0.0170215
0.0170215
0.0170215
0.0170215
0.0170215
0.0170215
0.0170215
0.0170215
0.0170215
0.0170215
0.0170215
0.0170215
0.0170215
0.0170215
0.0170215
0.0170215
0.0170215
0.0170215
0.0170215
0.0170215
0.0170215
0.0170215
0.0170215
0.0170215
0.0170215
0.0170215
0.0170215
0.0170215
0.0170215
0.0170215
0.0170215
0.0170215
0.0170215
0.0170215
0.0170215
0.0170215
0.0170215
0.0170215
0.0170215
0.0170215
0.0170215
0.0170215
0.0170215
0.0170215
0.0170215
0.0170215
0.0170215
0.0170215
0.0170215
0.0170215
0.0170215
0.0170215
0.0170215
0.0170215
0.0170215
0.0170215
0.0170215
0.0170215
0.0170215
0.0170215
0.0170215
0.0170215
0.0170215
0.0170215
0.0170215
0.0170215
0.0170215
0.0170215
0.0170215
0.0170215
0.0170215
0.0170215
0.0170215
0.0170215
0.0170215
0.0170215
0.0170215
0.0170215
0.0170215
0.0170215
0.0170215
0.0170215
0.0170215
0.0170215
0.0170215
0.0170215
0.0170215
0.0170215
0.0170215
0.0170215
0.0170215
0.0170215
0.0170215
0.0170215
0.0170215
0.0170215
0.0170215
0.0170215
0.0170215
0.0170215
0.0170215
0.0170215
0.0170215
0.0170215
0.0170214
0.0170214
0.0170212
0.0170213
0.0170214
0.0170215
0.0170215
0.0170215
0.0170215
0.0170215
0.0170215
0.0170215
0.0170215
0.0170215
0.0170215
0.0170215
0.0170215
0.0170215
0.0170215
0.0170215
0.0170215
0.0170215
0.0170215
0.0170215
0.0170215
0.0170215
0.0170215
0.0170215
0.0170215
0.0170215
0.0170215
0.0170215
0.0170215
0.0170215
0.0170215
0.0170215
0.0170215
0.0170215
0.0170215
0.0170215
0.0170215
0.0170215
0.0170215
0.0170215
0.0170215
0.0170215
0.0170215
0.0170215
0.0170215
0.0170215
0.0170215
0.0170215
0.0170215
0.0170215
0.0170215
0.0170215
0.0170215
0.0170215
0.0170215
0.0170215
0.0170215
0.0170215
0.0170215
0.0170215
0.0170215
0.0170215
0.0170215
0.0170215
0.0170215
0.0170215
0.0170215
0.0170215
0.0170215
0.0170215
0.0170215
0.0170215
0.0170215
0.0170215
0.0170215
0.0170215
0.0170215
0.0170215
0.0170215
0.0170215
0.0170215
0.0170215
0.0170215
0.0170215
0.0170215
0.0170215
0.0170215
0.0170215
0.0170215
0.0170215
0.0170215
0.0170215
0.0170215
0.0170215
0.0170215
0.0170215
0.0170215
0.0170215
0.0170215
0.0170215
0.0170215
0.0170215
0.0170215
0.0170215
0.0170215
0.0170215
0.0170215
0.0170215
0.0170215
0.0170215
0.0170215
0.0170215
0.0170215
0.0170215
0.0170215
0.0170215
0.0170215
0.0170215
0.0170215
0.0170215
0.0170215
0.0170215
0.0170215
0.0170215
0.0170215
0.0170215
0.0170215
0.0170215
0.0170215
0.0170215
0.0170215
0.0170215
0.0170215
0.0170215
0.0170215
0.0170215
0.0170215
0.0170215
0.0170215
0.0170215
0.0170215
0.0170215
0.0170215
0.0170215
0.0170215
0.0170215
0.0170215
0.0170215
0.0170215
0.0170215
0.0170215
0.0170215
0.0170215
0.0170215
0.0170215
0.0170215
0.0170215
0.0170215
0.0170215
0.0170215
0.0170215
0.0170215
0.0170215
0.0170215
0.0170215
0.0170215
0.0170215
0.0170215
0.0170215
0.0170215
0.0170215
0.0170215
0.0170215
0.0170215
0.0170215
0.0170215
0.0170215
0.0170215
0.0170215
0.0170215
0.0170215
0.0170215
0.0170215
0.0170215
0.0170215
0.0170215
0.0170215
0.0170215
0.0170215
0.0170215
0.0170215
0.0170215
0.0170215
0.0170215
0.0170215
0.0170215
0.0170215
0.0170215
0.0170215
0.0170215
0.0170215
0.0170215
0.0170215
0.0170215
0.0170215
0.0170215
0.0170215
0.0170215
0.0170215
0.0170215
0.0170215
0.0170215
0.0170215
0.0170215
0.0170215
0.0170215
0.0170215
0.0170215
0.0170215
0.0170215
0.0170215
0.0170215
0.0170215
0.0170215
0.0170215
0.0170215
0.0170215
0.0170215
0.0170215
0.0170215
0.0170215
0.0170215
0.0170215
0.0170215
0.0170215
0.0170215
0.0170215
0.0170215
0.0170215
0.0170215
0.0170215
0.0170215
0.0170215
0.0170215
0.0170215
0.0170215
0.0170215
0.0170215
0.0170215
0.0170215
0.0170215
0.0170215
0.0170215
0.0170215
0.0170215
0.0170215
0.0170215
0.0170215
0.0170215
0.0170215
0.0170215
0.0170216
0.0170215
0.0170215
0.0170215
0.0170215
0.0170215
0.0170214
0.0170213
0.0170213
0.0170215
0.0170215
0.0170216
0.0170216
0.0170216
0.0170216
0.0170216
0.0170216
0.0170216
0.0170216
0.0170216
0.0170216
0.0170216
0.0170216
0.0170216
0.0170216
0.0170216
0.0170216
0.0170216
0.0170216
0.0170216
0.0170216
0.0170216
0.0170216
0.0170216
0.0170216
0.0170216
0.0170216
0.0170216
0.0170216
0.0170216
0.0170216
0.0170216
0.0170216
0.0170216
0.0170216
0.0170216
0.0170216
0.0170216
0.0170216
0.0170216
0.0170216
0.0170216
0.0170216
0.0170216
0.0170216
0.0170216
0.0170216
0.0170216
0.0170216
0.0170216
0.0170216
0.0170216
0.0170216
0.0170216
0.0170216
0.0170216
0.0170216
0.0170216
0.0170216
0.0170216
0.0170216
0.0170216
0.0170216
0.0170216
0.0170216
0.0170216
0.0170216
0.0170216
0.0170216
0.0170216
0.0170216
0.0170216
0.0170216
0.0170216
0.0170216
0.0170216
0.0170216
0.0170216
0.0170216
0.0170216
0.0170216
0.0170216
0.0170216
0.0170216
0.0170216
0.0170216
0.0170216
0.0170216
0.0170216
0.0170216
0.0170216
0.0170216
0.0170216
0.0170216
0.0170216
0.0170216
0.0170216
0.0170216
0.0170216
0.0170216
0.0170216
0.0170216
0.0170216
0.0170216
0.0170216
0.0170216
0.0170216
0.0170216
0.0170216
0.0170216
0.0170216
0.0170216
0.0170216
0.0170216
0.0170216
0.0170216
0.0170216
0.0170216
0.0170216
0.0170216
0.0170216
0.0170216
0.0170216
0.0170216
0.0170216
0.0170216
0.0170216
0.0170216
0.0170216
0.0170216
0.0170216
0.0170216
0.0170216
0.0170216
0.0170216
0.0170216
0.0170216
0.0170216
0.0170216
0.0170216
0.0170216
0.0170216
0.0170216
0.0170216
0.0170216
0.0170216
0.0170216
0.0170216
0.0170216
0.0170216
0.0170216
0.0170216
0.0170216
0.0170216
0.0170216
0.0170216
0.0170216
0.0170216
0.0170216
0.0170216
0.0170216
0.0170216
0.0170216
0.0170216
0.0170216
0.0170216
0.0170216
0.0170216
0.0170216
0.0170216
0.0170216
0.0170216
0.0170216
0.0170216
0.0170216
0.0170216
0.0170216
0.0170216
0.0170216
0.0170216
0.0170216
0.0170216
0.0170216
0.0170216
0.0170216
0.0170216
0.0170216
0.0170216
0.0170216
0.0170216
0.0170216
0.0170216
0.0170216
0.0170216
0.0170216
0.0170216
0.0170216
0.0170216
0.0170216
0.0170216
0.0170216
0.0170216
0.0170216
0.0170216
0.0170216
0.0170216
0.0170216
0.0170216
0.0170216
0.0170216
0.0170216
0.0170216
0.0170216
0.0170216
0.0170216
0.0170216
0.0170216
0.0170216
0.0170216
0.0170216
0.0170216
0.0170216
0.0170216
0.0170216
0.0170216
0.0170216
0.0170216
0.0170216
0.0170216
0.0170216
0.0170216
0.0170216
0.0170216
0.0170216
0.0170216
0.0170216
0.0170216
0.0170216
0.0170216
0.0170216
0.0170216
0.0170216
0.0170216
0.0170216
0.0170216
0.0170216
0.0170216
0.0170216
0.0170216
0.0170216
0.0170216
0.0170216
0.0170216
0.0170216
0.0170216
0.0170216
0.0170216
0.0170216
0.0170216
0.0170216
0.0170216
0.0170216
0.0170216
0.0170216
0.0170216
0.0170215
0.0170215
0.0170213
0.00113327
0.001133
0.00113253
0.00113191
0.00113131
0.00113073
0.00113016
0.0011296
0.00112904
0.00112849
0.00112793
0.00112738
0.00112683
0.00112628
0.00112573
0.00112518
0.00112463
0.00112408
0.00112353
0.00112298
0.00112243
0.00112188
0.00112133
0.00112078
0.00112024
0.00111969
0.00111914
0.0011186
0.00111805
0.00111751
0.00111696
0.00111642
0.00111588
0.00111533
0.00111479
0.00111425
0.00111371
0.00111318
0.00111264
0.0011121
0.00111157
0.00111104
0.0011105
0.00110997
0.00110944
0.00110892
0.00110839
0.00110786
0.00110734
0.00110682
0.0011063
0.00110578
0.00110526
0.00110475
0.00110423
0.00110372
0.00110321
0.0011027
0.0011022
0.00110169
0.00110119
0.00110069
0.00110019
0.0010997
0.00109921
0.00109871
0.00109823
0.00109774
0.00109726
0.00109677
0.0010963
0.00109582
0.00109535
0.00109487
0.0010944
0.00109394
0.00109348
0.00109301
0.00109256
0.0010921
0.00109165
0.0010912
0.00109075
0.00109031
0.00108986
0.00108943
0.00108899
0.00108856
0.00108813
0.0010877
0.00108728
0.00108685
0.00108644
0.00108602
0.00108561
0.0010852
0.00108479
0.00108438
0.00108398
0.00108358
0.00108319
0.00108279
0.0010824
0.00108202
0.00108163
0.00108125
0.00108087
0.00108049
0.00108011
0.00107974
0.00107937
0.001079
0.00107864
0.00107827
0.00107791
0.00107755
0.00107719
0.00107684
0.00107648
0.00107613
0.00107578
0.00107543
0.00107508
0.00107473
0.00107438
0.00107404
0.00107369
0.00107334
0.001073
0.00107266
0.00107231
0.00107197
0.00107162
0.00107128
0.00107093
0.00107059
0.00107024
0.0010699
0.00106956
0.00106922
0.00106888
0.00106855
0.00106821
0.00106788
0.00106755
0.00106722
0.00106689
0.00106656
0.00106622
0.00106589
0.00106556
0.00106523
0.0010649
0.00106457
0.00106423
0.0010639
0.00106356
0.00106323
0.00106289
0.00106255
0.00106221
0.00106187
0.00106152
0.00106117
0.00106083
0.00106048
0.00106012
0.00105977
0.00105941
0.00105905
0.00105869
0.00105833
0.00105796
0.0010576
0.00105722
0.00105685
0.00105647
0.00105609
0.00105571
0.00105533
0.00105494
0.00105455
0.00105415
0.00105376
0.00105336
0.00105296
0.00105255
0.00105214
0.00105173
0.00105131
0.0010509
0.00105048
0.00105005
0.00104963
0.0010492
0.00104876
0.00104833
0.00104789
0.00104745
0.001047
0.00104655
0.0010461
0.00104565
0.00104519
0.00104473
0.00104427
0.0010438
0.00104333
0.00104286
0.00104239
0.00104191
0.00104143
0.00104095
0.00104046
0.00103997
0.00103948
0.00103899
0.00103849
0.001038
0.0010375
0.00103699
0.00103649
0.00103598
0.00103547
0.00103496
0.00103444
0.00103393
0.00103341
0.00103289
0.00103236
0.00103184
0.00103131
0.00103078
0.00103025
0.00102972
0.00102918
0.00102865
0.00102811
0.00102757
0.00102703
0.00102649
0.00102594
0.0010254
0.00102485
0.0010243
0.00102375
0.00102321
0.00102266
0.00102211
0.00102155
0.001021
0.00102045
0.0010199
0.00101935
0.0010188
0.00101825
0.0010177
0.00101716
0.00101661
0.00101607
0.00101553
0.00101499
0.00101446
0.00101393
0.00101341
0.00101289
0.00101237
0.00101184
0.00101139
0.00101102
0.00113294
0.00113305
0.00113266
0.00113198
0.00113142
0.00113085
0.00113026
0.00112977
0.00112919
0.00112859
0.00112815
0.00112761
0.00112688
0.00112639
0.00112607
0.00112545
0.00112458
0.00112403
0.00112382
0.00112334
0.0011224
0.00112153
0.00112111
0.00112082
0.00112015
0.00111915
0.00111827
0.00111774
0.00111727
0.00111648
0.00111539
0.00111435
0.00111358
0.00111293
0.00111199
0.0011105
0.00110859
0.00110671
0.00110526
0.00110436
0.00110375
0.00110295
0.0011015
0.00109915
0.00109596
0.00109216
0.00108813
0.00108422
0.00108069
0.00107769
0.00107527
0.0010734
0.001072
0.001071
0.00107029
0.00106979
0.00106946
0.00106923
0.00106908
0.00106898
0.00106891
0.00106887
0.00106884
0.00106882
0.0010688
0.00106879
0.00106878
0.00106877
0.00106877
0.00106876
0.00106876
0.00106875
0.00106875
0.00106875
0.00106874
0.00106874
0.00106874
0.00106873
0.00106873
0.00106873
0.00106872
0.00106872
0.00106872
0.00106872
0.00106871
0.00106871
0.00106871
0.00106871
0.0010687
0.0010687
0.0010687
0.0010687
0.0010687
0.0010687
0.00106869
0.00106869
0.00106869
0.00106869
0.00106869
0.00106869
0.00106868
0.00106868
0.00106868
0.00106868
0.00106868
0.00106868
0.00106868
0.00106868
0.00106867
0.00106867
0.00106867
0.00106867
0.00106867
0.00106867
0.00106867
0.00106867
0.00106867
0.00106867
0.00106867
0.00106867
0.00106867
0.00106867
0.00106866
0.00106866
0.00106866
0.00106866
0.00106866
0.00106866
0.00106866
0.00106866
0.00106866
0.00106866
0.00106866
0.00106866
0.00106866
0.00106866
0.00106866
0.00106866
0.00106866
0.00106866
0.00106866
0.00106866
0.00106866
0.00106866
0.00106866
0.00106866
0.00106866
0.00106866
0.00106866
0.00106866
0.00106866
0.00106866
0.00106866
0.00106866
0.00106866
0.00106866
0.00106866
0.00106866
0.00106866
0.00106866
0.00106866
0.00106866
0.00106866
0.00106866
0.00106866
0.00106866
0.00106866
0.00106866
0.00106866
0.00106866
0.00106866
0.00106866
0.00106866
0.00106866
0.00106866
0.00106866
0.00106866
0.00106866
0.00106866
0.00106866
0.00106866
0.00106866
0.00106866
0.00106866
0.00106866
0.00106866
0.00106866
0.00106865
0.00106865
0.00106865
0.00106865
0.00106865
0.00106865
0.00106865
0.00106865
0.00106865
0.00106865
0.00106865
0.00106865
0.00106865
0.00106865
0.00106865
0.00106865
0.00106865
0.00106865
0.00106865
0.00106865
0.00106865
0.00106865
0.00106865
0.00106865
0.00106865
0.00106865
0.00106865
0.00106865
0.00106865
0.00106865
0.00106865
0.00106865
0.00106865
0.00106865
0.00106866
0.00106866
0.00106866
0.00106866
0.00106866
0.00106866
0.00106866
0.00106867
0.00106867
0.00106867
0.00106869
0.0010687
0.0010687
0.0010687
0.0010687
0.0010687
0.0010687
0.0010687
0.0010687
0.0010687
0.0010687
0.0010687
0.0010687
0.0010687
0.0010687
0.0010687
0.0010687
0.0010687
0.0010687
0.0010687
0.0010687
0.0010687
0.0010687
0.0010687
0.0010687
0.0010687
0.0010687
0.0010687
0.0010687
0.0010687
0.0010687
0.0010687
0.0010687
0.0010687
0.0010687
0.0010687
0.0010687
0.0010687
0.0010687
0.00113294
0.00113267
0.00113225
0.00113159
0.001131
0.00113034
0.00112982
0.00112925
0.00112859
0.00112813
0.00112759
0.00112687
0.00112634
0.00112597
0.00112528
0.00112442
0.00112395
0.00112368
0.00112295
0.00112188
0.00112117
0.00112095
0.00112052
0.00111944
0.00111824
0.00111758
0.00111735
0.00111682
0.00111556
0.00111398
0.00111277
0.00111213
0.00111155
0.00111038
0.00110846
0.00110628
0.00110455
0.00110363
0.00110329
0.00110287
0.00110164
0.00109918
0.00109554
0.00109109
0.00108639
0.00108195
0.00107813
0.0010751
0.00107284
0.00107126
0.00107022
0.00106956
0.00106916
0.00106893
0.0010688
0.00106873
0.00106869
0.00106868
0.00106867
0.00106866
0.00106866
0.00106866
0.00106866
0.00106866
0.00106866
0.00106866
0.00106866
0.00106866
0.00106866
0.00106866
0.00106866
0.00106866
0.00106866
0.00106866
0.00106866
0.00106866
0.00106866
0.00106866
0.00106866
0.00106866
0.00106866
0.00106866
0.00106866
0.00106866
0.00106866
0.00106866
0.00106866
0.00106866
0.00106866
0.00106866
0.00106866
0.00106866
0.00106866
0.00106866
0.00106866
0.00106866
0.00106866
0.00106866
0.00106866
0.00106866
0.00106866
0.00106866
0.00106866
0.00106866
0.00106866
0.00106866
0.00106866
0.00106866
0.00106866
0.00106866
0.00106866
0.00106866
0.00106866
0.00106866
0.00106866
0.00106866
0.00106866
0.00106866
0.00106866
0.00106866
0.00106866
0.00106866
0.00106866
0.00106866
0.00106866
0.00106866
0.00106866
0.00106866
0.00106866
0.00106866
0.00106866
0.00106866
0.00106866
0.00106866
0.00106866
0.00106866
0.00106866
0.00106866
0.00106866
0.00106866
0.00106866
0.00106866
0.00106866
0.00106866
0.00106866
0.00106866
0.00106866
0.00106866
0.00106866
0.00106866
0.00106866
0.00106866
0.00106866
0.00106866
0.00106866
0.00106866
0.00106866
0.00106866
0.00106866
0.00106866
0.00106866
0.00106866
0.00106866
0.00106866
0.00106866
0.00106866
0.00106866
0.00106866
0.00106866
0.00106866
0.00106866
0.00106866
0.00106866
0.00106866
0.00106866
0.00106866
0.00106866
0.00106866
0.00106866
0.00106866
0.00106866
0.00106866
0.00106866
0.00106866
0.00106866
0.00106866
0.00106866
0.00106866
0.00106866
0.00106866
0.00106866
0.00106866
0.00106866
0.00106866
0.00106866
0.00106866
0.00106866
0.00106866
0.00106866
0.00106866
0.00106866
0.00106866
0.00106866
0.00106866
0.00106866
0.00106866
0.00106866
0.00106866
0.00106866
0.00106866
0.00106866
0.00106866
0.00106866
0.00106866
0.00106866
0.00106866
0.00106866
0.00106866
0.00106866
0.00106866
0.00106866
0.00106866
0.00106866
0.00106866
0.00106866
0.00106866
0.00106866
0.00106866
0.00106866
0.00106866
0.00106866
0.00106866
0.00106866
0.00106866
0.00106866
0.00106866
0.00106866
0.00106866
0.00106866
0.00106866
0.00106866
0.00106866
0.00106866
0.00106866
0.00106866
0.00106866
0.00106866
0.00106866
0.00106866
0.00106866
0.00106866
0.00106866
0.00106866
0.00106866
0.00106866
0.00106866
0.00106866
0.00106866
0.00106866
0.00106866
0.00106866
0.00106866
0.00106866
0.00106866
0.00106866
0.00106866
0.00106866
0.00106866
0.00106866
0.00106866
0.00113188
0.00113267
0.00113236
0.00113182
0.00113122
0.00113068
0.00113014
0.00112953
0.00112901
0.00112851
0.00112787
0.00112729
0.00112678
0.00112617
0.00112553
0.00112504
0.00112446
0.00112363
0.00112289
0.00112251
0.00112211
0.00112119
0.00111996
0.00111918
0.001119
0.0011187
0.00111754
0.00111569
0.00111408
0.00111334
0.00111316
0.00111261
0.00111101
0.00110856
0.00110609
0.00110438
0.00110359
0.00110321
0.00110239
0.00110046
0.0010972
0.00109287
0.00108804
0.0010833
0.00107912
0.00107574
0.00107322
0.00107145
0.0010703
0.00106958
0.00106915
0.00106891
0.00106878
0.00106872
0.00106869
0.00106867
0.00106866
0.00106866
0.00106866
0.00106866
0.00106866
0.00106866
0.00106866
0.00106866
0.00106866
0.00106866
0.00106866
0.00106866
0.00106866
0.00106866
0.00106866
0.00106866
0.00106866
0.00106866
0.00106866
0.00106866
0.00106866
0.00106866
0.00106866
0.00106866
0.00106866
0.00106866
0.00106866
0.00106866
0.00106866
0.00106866
0.00106866
0.00106866
0.00106866
0.00106866
0.00106866
0.00106866
0.00106866
0.00106866
0.00106866
0.00106866
0.00106866
0.00106866
0.00106866
0.00106866
0.00106866
0.00106866
0.00106866
0.00106866
0.00106866
0.00106866
0.00106866
0.00106866
0.00106866
0.00106866
0.00106866
0.00106866
0.00106866
0.00106866
0.00106866
0.00106866
0.00106866
0.00106866
0.00106866
0.00106866
0.00106866
0.00106866
0.00106866
0.00106866
0.00106866
0.00106866
0.00106866
0.00106866
0.00106866
0.00106866
0.00106866
0.00106866
0.00106866
0.00106866
0.00106866
0.00106866
0.00106866
0.00106866
0.00106866
0.00106866
0.00106866
0.00106866
0.00106866
0.00106866
0.00106866
0.00106866
0.00106866
0.00106866
0.00106866
0.00106866
0.00106866
0.00106866
0.00106866
0.00106866
0.00106866
0.00106866
0.00106866
0.00106866
0.00106866
0.00106866
0.00106866
0.00106866
0.00106866
0.00106866
0.00106866
0.00106866
0.00106866
0.00106866
0.00106866
0.00106866
0.00106866
0.00106866
0.00106866
0.00106866
0.00106866
0.00106866
0.00106866
0.00106866
0.00106866
0.00106866
0.00106866
0.00106866
0.00106866
0.00106866
0.00106866
0.00106866
0.00106866
0.00106866
0.00106866
0.00106866
0.00106866
0.00106866
0.00106866
0.00106866
0.00106866
0.00106866
0.00106866
0.00106866
0.00106866
0.00106866
0.00106866
0.00106866
0.00106866
0.00106866
0.00106866
0.00106866
0.00106866
0.00106866
0.00106866
0.00106866
0.00106866
0.00106866
0.00106866
0.00106866
0.00106866
0.00106866
0.00106866
0.00106866
0.00106866
0.00106866
0.00106866
0.00106866
0.00106866
0.00106866
0.00106866
0.00106866
0.00106866
0.00106866
0.00106866
0.00106866
0.00106866
0.00106866
0.00106866
0.00106866
0.00106866
0.00106866
0.00106866
0.00106866
0.00106866
0.00106866
0.00106866
0.00106866
0.00106866
0.00106866
0.00106866
0.00106866
0.00106866
0.00106866
0.00106866
0.00106866
0.00106866
0.00106866
0.00106866
0.00106866
0.00106866
0.00106866
0.00106866
0.00106866
0.00106866
0.00106866
0.00106866
0.00106866
0.00106866
0.00106866
0.00106866
0.00106866
0.00106866
0.00106866
0.00106866
0.00106866
0.00113086
0.00113136
0.00113127
0.00113073
0.00113008
0.00112945
0.0011288
0.00112819
0.0011276
0.00112697
0.00112631
0.0011257
0.00112511
0.0011245
0.00112383
0.00112304
0.00112231
0.00112179
0.00112132
0.00112049
0.00111935
0.00111845
0.00111809
0.00111777
0.00111673
0.00111492
0.00111316
0.00111225
0.00111207
0.00111166
0.00111015
0.00110756
0.0011048
0.00110291
0.00110229
0.00110223
0.00110226
0.00110146
0.00109926
0.00109566
0.00109109
0.0010862
0.0010816
0.00107768
0.00107462
0.00107241
0.0010709
0.00106994
0.00106936
0.00106903
0.00106884
0.00106875
0.0010687
0.00106868
0.00106867
0.00106866
0.00106866
0.00106866
0.00106866
0.00106866
0.00106866
0.00106866
0.00106866
0.00106866
0.00106866
0.00106866
0.00106866
0.00106866
0.00106866
0.00106866
0.00106866
0.00106866
0.00106866
0.00106866
0.00106866
0.00106866
0.00106866
0.00106866
0.00106866
0.00106866
0.00106866
0.00106866
0.00106866
0.00106866
0.00106866
0.00106866
0.00106866
0.00106866
0.00106866
0.00106866
0.00106866
0.00106866
0.00106866
0.00106866
0.00106866
0.00106866
0.00106866
0.00106866
0.00106866
0.00106866
0.00106866
0.00106866
0.00106866
0.00106866
0.00106866
0.00106866
0.00106866
0.00106866
0.00106866
0.00106866
0.00106866
0.00106866
0.00106866
0.00106866
0.00106866
0.00106866
0.00106866
0.00106866
0.00106866
0.00106866
0.00106866
0.00106866
0.00106866
0.00106866
0.00106866
0.00106866
0.00106866
0.00106866
0.00106866
0.00106866
0.00106866
0.00106866
0.00106866
0.00106866
0.00106866
0.00106866
0.00106866
0.00106866
0.00106866
0.00106866
0.00106866
0.00106866
0.00106866
0.00106866
0.00106866
0.00106866
0.00106866
0.00106866
0.00106866
0.00106866
0.00106866
0.00106866
0.00106866
0.00106866
0.00106866
0.00106866
0.00106866
0.00106866
0.00106866
0.00106866
0.00106866
0.00106866
0.00106866
0.00106866
0.00106866
0.00106866
0.00106866
0.00106866
0.00106866
0.00106866
0.00106866
0.00106866
0.00106866
0.00106866
0.00106866
0.00106866
0.00106866
0.00106866
0.00106866
0.00106866
0.00106866
0.00106866
0.00106866
0.00106866
0.00106866
0.00106866
0.00106866
0.00106866
0.00106866
0.00106866
0.00106866
0.00106866
0.00106866
0.00106866
0.00106866
0.00106866
0.00106866
0.00106866
0.00106866
0.00106866
0.00106866
0.00106866
0.00106866
0.00106866
0.00106866
0.00106866
0.00106866
0.00106866
0.00106866
0.00106866
0.00106866
0.00106866
0.00106866
0.00106866
0.00106866
0.00106866
0.00106866
0.00106866
0.00106866
0.00106866
0.00106866
0.00106866
0.00106866
0.00106866
0.00106866
0.00106866
0.00106866
0.00106866
0.00106866
0.00106866
0.00106866
0.00106866
0.00106866
0.00106866
0.00106866
0.00106866
0.00106866
0.00106866
0.00106866
0.00106866
0.00106866
0.00106866
0.00106866
0.00106866
0.00106866
0.00106866
0.00106866
0.00106866
0.00106866
0.00106866
0.00106866
0.00106866
0.00106866
0.00106866
0.00106866
0.00106866
0.00106866
0.00106866
0.00106866
0.00106866
0.00106866
0.00106866
0.00106866
0.00106866
0.00106866
0.00106866
0.00106866
0.00106866
0.00106866
0.00106866
0.00113136
0.00113137
0.00113136
0.00113137
0.00113104
0.00113061
0.00113011
0.00112959
0.00112903
0.00112846
0.00112789
0.00112733
0.00112675
0.00112611
0.00112544
0.00112487
0.00112435
0.00112373
0.00112289
0.00112198
0.00112126
0.00112068
0.00111987
0.00111859
0.00111706
0.00111579
0.00111504
0.00111446
0.00111346
0.00111171
0.0011095
0.00110752
0.00110632
0.00110589
0.00110565
0.00110479
0.0011027
0.0010992
0.00109459
0.00108946
0.00108443
0.00107997
0.00107635
0.00107364
0.00107173
0.00107046
0.00106967
0.00106921
0.00106894
0.0010688
0.00106873
0.00106869
0.00106867
0.00106866
0.00106866
0.00106866
0.00106866
0.00106866
0.00106866
0.00106866
0.00106866
0.00106866
0.00106866
0.00106866
0.00106866
0.00106866
0.00106866
0.00106866
0.00106866
0.00106866
0.00106866
0.00106866
0.00106866
0.00106866
0.00106866
0.00106866
0.00106866
0.00106866
0.00106866
0.00106866
0.00106866
0.00106866
0.00106866
0.00106866
0.00106866
0.00106866
0.00106866
0.00106866
0.00106866
0.00106866
0.00106866
0.00106866
0.00106866
0.00106866
0.00106866
0.00106866
0.00106866
0.00106866
0.00106866
0.00106866
0.00106866
0.00106866
0.00106866
0.00106866
0.00106866
0.00106866
0.00106866
0.00106866
0.00106866
0.00106866
0.00106866
0.00106866
0.00106866
0.00106866
0.00106866
0.00106866
0.00106866
0.00106866
0.00106866
0.00106866
0.00106866
0.00106866
0.00106866
0.00106866
0.00106866
0.00106866
0.00106866
0.00106866
0.00106866
0.00106866
0.00106866
0.00106866
0.00106866
0.00106866
0.00106866
0.00106866
0.00106866
0.00106866
0.00106866
0.00106866
0.00106866
0.00106866
0.00106866
0.00106866
0.00106866
0.00106866
0.00106866
0.00106866
0.00106866
0.00106866
0.00106866
0.00106866
0.00106866
0.00106866
0.00106866
0.00106866
0.00106866
0.00106866
0.00106866
0.00106866
0.00106866
0.00106866
0.00106866
0.00106866
0.00106866
0.00106866
0.00106866
0.00106866
0.00106866
0.00106866
0.00106866
0.00106866
0.00106866
0.00106866
0.00106866
0.00106866
0.00106866
0.00106866
0.00106866
0.00106866
0.00106866
0.00106866
0.00106866
0.00106866
0.00106866
0.00106866
0.00106866
0.00106866
0.00106866
0.00106866
0.00106866
0.00106866
0.00106866
0.00106866
0.00106866
0.00106866
0.00106866
0.00106866
0.00106866
0.00106866
0.00106866
0.00106866
0.00106866
0.00106866
0.00106866
0.00106866
0.00106866
0.00106866
0.00106866
0.00106866
0.00106866
0.00106866
0.00106866
0.00106866
0.00106866
0.00106866
0.00106866
0.00106866
0.00106866
0.00106866
0.00106866
0.00106866
0.00106866
0.00106866
0.00106866
0.00106866
0.00106866
0.00106866
0.00106866
0.00106866
0.00106866
0.00106866
0.00106866
0.00106866
0.00106866
0.00106866
0.00106866
0.00106866
0.00106866
0.00106866
0.00106866
0.00106866
0.00106866
0.00106866
0.00106866
0.00106866
0.00106866
0.00106866
0.00106866
0.00106866
0.00106866
0.00106866
0.00106866
0.00106866
0.00106866
0.00106866
0.00106866
0.00106866
0.00106866
0.00106866
0.00106866
0.00106866
0.00106866
0.00106866
0.00106866
0.00106866
0.00106866
0.00106866
0.00106866
0.00106866
0.00111803
0.00112293
0.00112379
0.0011238
0.0011235
0.00112309
0.00112256
0.00112198
0.00112135
0.00112069
0.00112
0.00111927
0.00111849
0.0011177
0.00111688
0.00111604
0.00111511
0.00111411
0.0011131
0.00111211
0.00111109
0.00110995
0.00110867
0.00110738
0.0011062
0.0011051
0.00110393
0.00110253
0.00110088
0.00109919
0.00109765
0.00109635
0.00109513
0.0010937
0.00109179
0.00108927
0.00108624
0.00108294
0.00107969
0.00107676
0.00107432
0.00107242
0.00107105
0.00107011
0.0010695
0.00106913
0.00106891
0.00106879
0.00106872
0.00106869
0.00106867
0.00106866
0.00106866
0.00106866
0.00106866
0.00106866
0.00106866
0.00106866
0.00106866
0.00106866
0.00106866
0.00106866
0.00106866
0.00106866
0.00106866
0.00106866
0.00106866
0.00106866
0.00106866
0.00106866
0.00106866
0.00106866
0.00106866
0.00106866
0.00106866
0.00106866
0.00106866
0.00106866
0.00106866
0.00106866
0.00106866
0.00106866
0.00106866
0.00106866
0.00106866
0.00106866
0.00106866
0.00106866
0.00106866
0.00106866
0.00106866
0.00106866
0.00106866
0.00106866
0.00106866
0.00106866
0.00106866
0.00106866
0.00106866
0.00106866
0.00106866
0.00106866
0.00106866
0.00106866
0.00106866
0.00106866
0.00106866
0.00106866
0.00106866
0.00106866
0.00106866
0.00106866
0.00106866
0.00106866
0.00106866
0.00106866
0.00106866
0.00106866
0.00106866
0.00106866
0.00106866
0.00106866
0.00106866
0.00106866
0.00106866
0.00106866
0.00106866
0.00106866
0.00106866
0.00106866
0.00106866
0.00106866
0.00106866
0.00106866
0.00106866
0.00106866
0.00106866
0.00106866
0.00106866
0.00106866
0.00106866
0.00106866
0.00106866
0.00106866
0.00106866
0.00106866
0.00106866
0.00106866
0.00106866
0.00106866
0.00106866
0.00106866
0.00106866
0.00106866
0.00106866
0.00106866
0.00106866
0.00106866
0.00106866
0.00106866
0.00106866
0.00106866
0.00106866
0.00106866
0.00106866
0.00106866
0.00106866
0.00106866
0.00106866
0.00106866
0.00106866
0.00106866
0.00106866
0.00106866
0.00106866
0.00106866
0.00106866
0.00106866
0.00106866
0.00106866
0.00106866
0.00106866
0.00106866
0.00106866
0.00106866
0.00106866
0.00106866
0.00106866
0.00106866
0.00106866
0.00106866
0.00106866
0.00106866
0.00106866
0.00106866
0.00106866
0.00106866
0.00106866
0.00106866
0.00106866
0.00106866
0.00106866
0.00106866
0.00106866
0.00106866
0.00106866
0.00106866
0.00106866
0.00106866
0.00106866
0.00106866
0.00106866
0.00106866
0.00106866
0.00106866
0.00106866
0.00106866
0.00106866
0.00106866
0.00106866
0.00106866
0.00106866
0.00106866
0.00106866
0.00106866
0.00106866
0.00106866
0.00106866
0.00106866
0.00106866
0.00106866
0.00106866
0.00106866
0.00106866
0.00106866
0.00106866
0.00106866
0.00106866
0.00106866
0.00106866
0.00106866
0.00106866
0.00106866
0.00106866
0.00106866
0.00106866
0.00106866
0.00106866
0.00106866
0.00106866
0.00106866
0.00106866
0.00106866
0.00106866
0.00106866
0.00106866
0.00106866
0.00106866
0.00106866
0.00106866
0.00106866
0.00106866
0.00106866
0.00106866
0.00106866
0.00106866
0.00106866
0.00106866
0.00106866
0.00106866
0.00110808
0.00110879
0.00110932
0.0011093
0.0011091
0.00110883
0.00110849
0.00110811
0.0011077
0.00110727
0.00110681
0.00110632
0.00110579
0.00110524
0.00110466
0.00110405
0.00110335
0.00110259
0.00110182
0.00110105
0.00110024
0.00109934
0.00109835
0.00109735
0.00109644
0.0010956
0.00109471
0.00109364
0.00109242
0.00109117
0.00109005
0.0010891
0.0010882
0.00108713
0.00108568
0.00108379
0.00108152
0.00107907
0.00107667
0.00107452
0.00107274
0.00107137
0.00107037
0.00106969
0.00106926
0.00106899
0.00106884
0.00106875
0.0010687
0.00106868
0.00106867
0.00106866
0.00106866
0.00106866
0.00106866
0.00106866
0.00106866
0.00106866
0.00106866
0.00106866
0.00106866
0.00106866
0.00106866
0.00106866
0.00106866
0.00106866
0.00106866
0.00106866
0.00106866
0.00106866
0.00106866
0.00106866
0.00106866
0.00106866
0.00106866
0.00106866
0.00106866
0.00106866
0.00106866
0.00106866
0.00106866
0.00106866
0.00106866
0.00106866
0.00106866
0.00106866
0.00106866
0.00106866
0.00106866
0.00106866
0.00106866
0.00106866
0.00106866
0.00106866
0.00106866
0.00106866
0.00106866
0.00106866
0.00106866
0.00106866
0.00106866
0.00106866
0.00106866
0.00106866
0.00106866
0.00106866
0.00106866
0.00106866
0.00106866
0.00106866
0.00106866
0.00106866
0.00106866
0.00106866
0.00106866
0.00106866
0.00106866
0.00106866
0.00106866
0.00106866
0.00106866
0.00106866
0.00106866
0.00106866
0.00106866
0.00106866
0.00106866
0.00106866
0.00106866
0.00106866
0.00106866
0.00106866
0.00106866
0.00106866
0.00106866
0.00106866
0.00106866
0.00106866
0.00106866
0.00106866
0.00106866
0.00106866
0.00106866
0.00106866
0.00106866
0.00106866
0.00106866
0.00106866
0.00106866
0.00106866
0.00106866
0.00106866
0.00106866
0.00106866
0.00106866
0.00106866
0.00106866
0.00106866
0.00106866
0.00106866
0.00106866
0.00106866
0.00106866
0.00106866
0.00106866
0.00106866
0.00106866
0.00106866
0.00106866
0.00106866
0.00106866
0.00106866
0.00106866
0.00106866
0.00106866
0.00106866
0.00106866
0.00106866
0.00106866
0.00106866
0.00106866
0.00106866
0.00106866
0.00106866
0.00106866
0.00106866
0.00106866
0.00106866
0.00106866
0.00106866
0.00106866
0.00106866
0.00106866
0.00106866
0.00106866
0.00106866
0.00106866
0.00106866
0.00106866
0.00106866
0.00106866
0.00106866
0.00106866
0.00106866
0.00106866
0.00106866
0.00106866
0.00106866
0.00106866
0.00106866
0.00106866
0.00106866
0.00106866
0.00106866
0.00106866
0.00106866
0.00106866
0.00106866
0.00106866
0.00106866
0.00106866
0.00106866
0.00106866
0.00106866
0.00106866
0.00106866
0.00106866
0.00106866
0.00106866
0.00106866
0.00106866
0.00106866
0.00106866
0.00106866
0.00106866
0.00106866
0.00106866
0.00106866
0.00106866
0.00106866
0.00106866
0.00106866
0.00106866
0.00106866
0.00106866
0.00106866
0.00106866
0.00106866
0.00106866
0.00106866
0.00106866
0.00106866
0.00106866
0.00106866
0.00106866
0.00106866
0.00106866
0.00106866
0.00106866
0.00106866
0.00106866
0.00106866
0.00106866
0.00106866
0.00106866
0.00106866
0.00106866
0.00106866
0.00106866
0.00106866
0.00111207
0.00111412
0.00111412
0.00111411
0.00111386
0.00111354
0.00111321
0.00111287
0.0011125
0.00111215
0.00111183
0.00111151
0.00111117
0.0011108
0.00111047
0.0011102
0.00110993
0.00110956
0.00110903
0.00110844
0.00110794
0.00110748
0.00110681
0.00110578
0.00110459
0.00110359
0.00110297
0.00110246
0.00110164
0.0011003
0.00109867
0.00109726
0.00109642
0.00109614
0.00109594
0.00109525
0.00109362
0.00109097
0.00108752
0.00108373
0.00108003
0.00107679
0.00107417
0.00107221
0.00107084
0.00106994
0.00106938
0.00106904
0.00106886
0.00106876
0.0010687
0.00106868
0.00106867
0.00106866
0.00106866
0.00106866
0.00106866
0.00106866
0.00106866
0.00106866
0.00106866
0.00106866
0.00106866
0.00106866
0.00106866
0.00106866
0.00106866
0.00106866
0.00106866
0.00106866
0.00106866
0.00106866
0.00106866
0.00106866
0.00106866
0.00106866
0.00106866
0.00106866
0.00106866
0.00106866
0.00106866
0.00106866
0.00106866
0.00106866
0.00106866
0.00106866
0.00106866
0.00106866
0.00106866
0.00106866
0.00106866
0.00106866
0.00106866
0.00106866
0.00106866
0.00106866
0.00106866
0.00106866
0.00106866
0.00106866
0.00106866
0.00106866
0.00106866
0.00106866
0.00106866
0.00106866
0.00106866
0.00106866
0.00106866
0.00106866
0.00106866
0.00106866
0.00106866
0.00106866
0.00106866
0.00106866
0.00106866
0.00106866
0.00106866
0.00106866
0.00106866
0.00106866
0.00106866
0.00106866
0.00106866
0.00106866
0.00106866
0.00106866
0.00106866
0.00106866
0.00106866
0.00106866
0.00106866
0.00106866
0.00106866
0.00106866
0.00106866
0.00106866
0.00106866
0.00106866
0.00106866
0.00106866
0.00106866
0.00106866
0.00106866
0.00106866
0.00106866
0.00106866
0.00106866
0.00106866
0.00106866
0.00106866
0.00106866
0.00106866
0.00106866
0.00106866
0.00106866
0.00106866
0.00106866
0.00106866
0.00106866
0.00106866
0.00106866
0.00106866
0.00106866
0.00106866
0.00106866
0.00106866
0.00106866
0.00106866
0.00106866
0.00106866
0.00106866
0.00106866
0.00106866
0.00106866
0.00106866
0.00106866
0.00106866
0.00106866
0.00106866
0.00106866
0.00106866
0.00106866
0.00106866
0.00106866
0.00106866
0.00106866
0.00106866
0.00106866
0.00106866
0.00106866
0.00106866
0.00106866
0.00106866
0.00106866
0.00106866
0.00106866
0.00106866
0.00106866
0.00106866
0.00106866
0.00106866
0.00106866
0.00106866
0.00106866
0.00106866
0.00106866
0.00106866
0.00106866
0.00106866
0.00106866
0.00106866
0.00106866
0.00106866
0.00106866
0.00106866
0.00106866
0.00106866
0.00106866
0.00106866
0.00106866
0.00106866
0.00106866
0.00106866
0.00106866
0.00106866
0.00106866
0.00106866
0.00106866
0.00106866
0.00106866
0.00106866
0.00106866
0.00106866
0.00106866
0.00106866
0.00106866
0.00106866
0.00106866
0.00106866
0.00106866
0.00106866
0.00106866
0.00106866
0.00106866
0.00106866
0.00106866
0.00106866
0.00106866
0.00106866
0.00106866
0.00106866
0.00106866
0.00106866
0.00106866
0.00106866
0.00106866
0.00106866
0.00106866
0.00106866
0.00106866
0.00106866
0.00106866
0.00106866
0.00106866
0.00106866
0.00106866
0.00106866
0.00106866
0.00111439
0.00111412
0.00111391
0.00111336
0.00111279
0.00111226
0.00111175
0.00111129
0.00111086
0.00111039
0.00110994
0.00110956
0.00110915
0.00110872
0.00110831
0.00110785
0.00110735
0.001107
0.0011068
0.00110637
0.00110562
0.00110498
0.00110478
0.00110464
0.0011039
0.00110248
0.00110106
0.0011003
0.00110011
0.00109976
0.00109859
0.00109665
0.00109463
0.00109328
0.00109288
0.00109284
0.00109288
0.00109229
0.00109065
0.00108798
0.00108464
0.0010811
0.00107779
0.00107499
0.00107283
0.00107126
0.00107021
0.00106954
0.00106914
0.00106891
0.00106878
0.00106872
0.00106869
0.00106867
0.00106866
0.00106866
0.00106866
0.00106866
0.00106866
0.00106866
0.00106866
0.00106866
0.00106866
0.00106866
0.00106866
0.00106866
0.00106866
0.00106866
0.00106866
0.00106866
0.00106866
0.00106866
0.00106866
0.00106866
0.00106866
0.00106866
0.00106866
0.00106866
0.00106866
0.00106866
0.00106866
0.00106866
0.00106866
0.00106866
0.00106866
0.00106866
0.00106866
0.00106866
0.00106866
0.00106866
0.00106866
0.00106866
0.00106866
0.00106866
0.00106866
0.00106866
0.00106866
0.00106866
0.00106866
0.00106866
0.00106866
0.00106866
0.00106866
0.00106866
0.00106866
0.00106866
0.00106866
0.00106866
0.00106866
0.00106866
0.00106866
0.00106866
0.00106866
0.00106866
0.00106866
0.00106866
0.00106866
0.00106866
0.00106866
0.00106866
0.00106866
0.00106866
0.00106866
0.00106866
0.00106866
0.00106866
0.00106866
0.00106866
0.00106866
0.00106866
0.00106866
0.00106866
0.00106866
0.00106866
0.00106866
0.00106866
0.00106866
0.00106866
0.00106866
0.00106866
0.00106866
0.00106866
0.00106866
0.00106866
0.00106866
0.00106866
0.00106866
0.00106866
0.00106866
0.00106866
0.00106866
0.00106866
0.00106866
0.00106866
0.00106866
0.00106866
0.00106866
0.00106866
0.00106866
0.00106866
0.00106866
0.00106866
0.00106866
0.00106866
0.00106866
0.00106866
0.00106866
0.00106866
0.00106866
0.00106866
0.00106866
0.00106866
0.00106866
0.00106866
0.00106866
0.00106866
0.00106866
0.00106866
0.00106866
0.00106866
0.00106866
0.00106866
0.00106866
0.00106866
0.00106866
0.00106866
0.00106866
0.00106866
0.00106866
0.00106866
0.00106866
0.00106866
0.00106866
0.00106866
0.00106866
0.00106866
0.00106866
0.00106866
0.00106866
0.00106866
0.00106866
0.00106866
0.00106866
0.00106866
0.00106866
0.00106866
0.00106866
0.00106866
0.00106866
0.00106866
0.00106866
0.00106866
0.00106866
0.00106866
0.00106866
0.00106866
0.00106866
0.00106866
0.00106866
0.00106866
0.00106866
0.00106866
0.00106866
0.00106866
0.00106866
0.00106866
0.00106866
0.00106866
0.00106866
0.00106866
0.00106866
0.00106866
0.00106866
0.00106866
0.00106866
0.00106866
0.00106866
0.00106866
0.00106866
0.00106866
0.00106866
0.00106866
0.00106866
0.00106866
0.00106866
0.00106866
0.00106866
0.00106866
0.00106866
0.00106866
0.00106866
0.00106866
0.00106866
0.00106866
0.00106866
0.00106866
0.00106866
0.00106866
0.00106866
0.00106866
0.00106866
0.00106866
0.00106866
0.00106866
0.00106866
0.00106866
0.00106866
0.00106866
0.00106866
0.00106866
0.00111439
0.00111471
0.0011144
0.00111387
0.00111331
0.0011128
0.00111231
0.00111181
0.0011114
0.00111101
0.00111052
0.0011101
0.00110978
0.00110937
0.00110894
0.00110862
0.00110828
0.00110777
0.0011073
0.00110708
0.00110686
0.00110628
0.0011055
0.00110504
0.00110497
0.00110475
0.00110388
0.00110251
0.00110131
0.00110072
0.00110047
0.00109991
0.00109863
0.00109682
0.00109506
0.00109389
0.00109335
0.00109305
0.00109238
0.00109091
0.0010885
0.00108537
0.00108194
0.00107862
0.00107573
0.00107341
0.0010717
0.00107051
0.00106973
0.00106926
0.00106898
0.00106882
0.00106874
0.0010687
0.00106868
0.00106867
0.00106866
0.00106866
0.00106866
0.00106866
0.00106866
0.00106866
0.00106866
0.00106866
0.00106866
0.00106866
0.00106866
0.00106866
0.00106866
0.00106866
0.00106866
0.00106866
0.00106866
0.00106866
0.00106866
0.00106866
0.00106866
0.00106866
0.00106866
0.00106866
0.00106866
0.00106866
0.00106866
0.00106866
0.00106866
0.00106866
0.00106866
0.00106866
0.00106866
0.00106866
0.00106866
0.00106866
0.00106866
0.00106866
0.00106866
0.00106866
0.00106866
0.00106866
0.00106866
0.00106866
0.00106866
0.00106866
0.00106866
0.00106866
0.00106866
0.00106866
0.00106866
0.00106866
0.00106866
0.00106866
0.00106866
0.00106866
0.00106866
0.00106866
0.00106866
0.00106866
0.00106866
0.00106866
0.00106866
0.00106866
0.00106866
0.00106866
0.00106866
0.00106866
0.00106866
0.00106866
0.00106866
0.00106866
0.00106866
0.00106866
0.00106866
0.00106866
0.00106866
0.00106866
0.00106866
0.00106866
0.00106866
0.00106866
0.00106866
0.00106866
0.00106866
0.00106866
0.00106866
0.00106866
0.00106866
0.00106866
0.00106866
0.00106866
0.00106866
0.00106866
0.00106866
0.00106866
0.00106866
0.00106866
0.00106866
0.00106866
0.00106866
0.00106866
0.00106866
0.00106866
0.00106866
0.00106866
0.00106866
0.00106866
0.00106866
0.00106866
0.00106866
0.00106866
0.00106866
0.00106866
0.00106866
0.00106866
0.00106866
0.00106866
0.00106866
0.00106866
0.00106866
0.00106866
0.00106866
0.00106866
0.00106866
0.00106866
0.00106866
0.00106866
0.00106866
0.00106866
0.00106866
0.00106866
0.00106866
0.00106866
0.00106866
0.00106866
0.00106866
0.00106866
0.00106866
0.00106866
0.00106866
0.00106866
0.00106866
0.00106866
0.00106866
0.00106866
0.00106866
0.00106866
0.00106866
0.00106866
0.00106866
0.00106866
0.00106866
0.00106866
0.00106866
0.00106866
0.00106866
0.00106866
0.00106866
0.00106866
0.00106866
0.00106866
0.00106866
0.00106866
0.00106866
0.00106866
0.00106866
0.00106866
0.00106866
0.00106866
0.00106866
0.00106866
0.00106866
0.00106866
0.00106866
0.00106866
0.00106866
0.00106866
0.00106866
0.00106866
0.00106866
0.00106866
0.00106866
0.00106866
0.00106866
0.00106866
0.00106866
0.00106866
0.00106866
0.00106866
0.00106866
0.00106866
0.00106866
0.00106866
0.00106866
0.00106866
0.00106866
0.00106866
0.00106866
0.00106866
0.00106866
0.00106866
0.00106866
0.00106866
0.00106866
0.00106866
0.00106866
0.00106866
0.00106866
0.00106866
0.00106866
0.00106866
0.00106866
0.00106866
0.00111499
0.00111474
0.00111432
0.00111359
0.00111295
0.00111231
0.0011118
0.00111126
0.0011107
0.00111028
0.00110984
0.00110927
0.00110886
0.00110856
0.00110805
0.00110745
0.00110713
0.00110693
0.00110643
0.00110573
0.0011053
0.00110518
0.00110489
0.00110418
0.00110342
0.00110304
0.00110291
0.00110251
0.00110159
0.00110045
0.00109958
0.00109904
0.0010985
0.00109752
0.00109608
0.00109453
0.00109336
0.00109274
0.00109249
0.0010921
0.00109111
0.00108926
0.00108662
0.00108349
0.00108026
0.00107726
0.00107472
0.00107273
0.00107127
0.00107026
0.00106961
0.0010692
0.00106895
0.00106881
0.00106874
0.0010687
0.00106868
0.00106867
0.00106866
0.00106866
0.00106866
0.00106866
0.00106866
0.00106866
0.00106866
0.00106866
0.00106866
0.00106866
0.00106866
0.00106866
0.00106866
0.00106866
0.00106866
0.00106866
0.00106866
0.00106866
0.00106866
0.00106866
0.00106866
0.00106866
0.00106866
0.00106866
0.00106866
0.00106866
0.00106866
0.00106866
0.00106866
0.00106866
0.00106866
0.00106866
0.00106866
0.00106866
0.00106866
0.00106866
0.00106866
0.00106866
0.00106866
0.00106866
0.00106866
0.00106866
0.00106866
0.00106866
0.00106866
0.00106866
0.00106866
0.00106866
0.00106866
0.00106866
0.00106866
0.00106866
0.00106866
0.00106866
0.00106866
0.00106866
0.00106866
0.00106866
0.00106866
0.00106866
0.00106866
0.00106866
0.00106866
0.00106866
0.00106866
0.00106866
0.00106866
0.00106866
0.00106866
0.00106866
0.00106866
0.00106866
0.00106866
0.00106866
0.00106866
0.00106866
0.00106866
0.00106866
0.00106866
0.00106866
0.00106866
0.00106866
0.00106866
0.00106866
0.00106866
0.00106866
0.00106866
0.00106866
0.00106866
0.00106866
0.00106866
0.00106866
0.00106866
0.00106866
0.00106866
0.00106866
0.00106866
0.00106866
0.00106866
0.00106866
0.00106866
0.00106866
0.00106866
0.00106866
0.00106866
0.00106866
0.00106866
0.00106866
0.00106866
0.00106866
0.00106866
0.00106866
0.00106866
0.00106866
0.00106866
0.00106866
0.00106866
0.00106866
0.00106866
0.00106866
0.00106866
0.00106866
0.00106866
0.00106866
0.00106866
0.00106866
0.00106866
0.00106866
0.00106866
0.00106866
0.00106866
0.00106866
0.00106866
0.00106866
0.00106866
0.00106866
0.00106866
0.00106866
0.00106866
0.00106866
0.00106866
0.00106866
0.00106866
0.00106866
0.00106866
0.00106866
0.00106866
0.00106866
0.00106866
0.00106866
0.00106866
0.00106866
0.00106866
0.00106866
0.00106866
0.00106866
0.00106866
0.00106866
0.00106866
0.00106866
0.00106866
0.00106866
0.00106866
0.00106866
0.00106866
0.00106866
0.00106866
0.00106866
0.00106866
0.00106866
0.00106866
0.00106866
0.00106866
0.00106866
0.00106866
0.00106866
0.00106866
0.00106866
0.00106866
0.00106866
0.00106866
0.00106866
0.00106866
0.00106866
0.00106866
0.00106866
0.00106866
0.00106866
0.00106866
0.00106866
0.00106866
0.00106866
0.00106866
0.00106866
0.00106866
0.00106866
0.00106866
0.00106866
0.00106866
0.00106866
0.00106866
0.00106866
0.00106866
0.00106866
0.00106866
0.00106866
0.00106866
0.00106866
0.00106866
0.00106866
0.00106866
0.00106866
0.00111499
0.00111492
0.00111446
0.00111371
0.00111307
0.00111246
0.00111185
0.00111134
0.00111078
0.00111021
0.00110977
0.00110926
0.00110867
0.00110824
0.00110793
0.00110742
0.00110677
0.00110637
0.00110618
0.00110579
0.00110512
0.00110453
0.00110426
0.00110405
0.00110358
0.00110291
0.00110235
0.00110202
0.00110169
0.00110113
0.00110036
0.00109962
0.00109903
0.00109848
0.00109769
0.00109652
0.00109512
0.0010938
0.00109281
0.00109218
0.00109171
0.00109105
0.00108992
0.00108819
0.00108591
0.0010833
0.00108059
0.00107803
0.00107576
0.00107388
0.00107239
0.00107126
0.00107044
0.00106986
0.00106947
0.0010692
0.00106902
0.0010689
0.00106882
0.00106877
0.00106874
0.00106872
0.0010687
0.00106869
0.00106869
0.00106868
0.00106868
0.00106867
0.00106867
0.00106867
0.00106867
0.00106867
0.00106867
0.00106867
0.00106866
0.00106866
0.00106866
0.00106866
0.00106866
0.00106866
0.00106866
0.00106866
0.00106866
0.00106866
0.00106866
0.00106866
0.00106866
0.00106866
0.00106866
0.00106866
0.00106866
0.00106866
0.00106866
0.00106866
0.00106866
0.00106866
0.00106866
0.00106866
0.00106866
0.00106866
0.00106866
0.00106866
0.00106866
0.00106866
0.00106866
0.00106866
0.00106866
0.00106866
0.00106866
0.00106866
0.00106866
0.00106866
0.00106866
0.00106866
0.00106866
0.00106866
0.00106866
0.00106866
0.00106866
0.00106866
0.00106866
0.00106866
0.00106866
0.00106866
0.00106866
0.00106866
0.00106866
0.00106866
0.00106866
0.00106866
0.00106866
0.00106866
0.00106866
0.00106866
0.00106866
0.00106866
0.00106866
0.00106866
0.00106866
0.00106866
0.00106866
0.00106866
0.00106866
0.00106866
0.00106866
0.00106866
0.00106866
0.00106866
0.00106866
0.00106866
0.00106866
0.00106866
0.00106866
0.00106866
0.00106866
0.00106866
0.00106866
0.00106866
0.00106866
0.00106866
0.00106866
0.00106866
0.00106866
0.00106866
0.00106866
0.00106866
0.00106866
0.00106866
0.00106866
0.00106866
0.00106866
0.00106866
0.00106866
0.00106866
0.00106866
0.00106866
0.00106866
0.00106866
0.00106866
0.00106866
0.00106866
0.00106866
0.00106866
0.00106866
0.00106866
0.00106866
0.00106866
0.00106866
0.00106866
0.00106866
0.00106866
0.00106866
0.00106866
0.00106866
0.00106866
0.00106866
0.00106866
0.00106866
0.00106866
0.00106866
0.00106866
0.00106866
0.00106866
0.00106866
0.00106866
0.00106866
0.00106866
0.00106866
0.00106866
0.00106866
0.00106867
0.00106867
0.00106867
0.00106867
0.00106867
0.00106867
0.00106867
0.00106867
0.00106867
0.00106867
0.00106867
0.00106867
0.00106867
0.00106867
0.00106867
0.00106868
0.00106868
0.00106868
0.00106868
0.00106868
0.00106869
0.00106869
0.00106869
0.00106869
0.00106869
0.00106869
0.00106869
0.00106869
0.00106869
0.00106869
0.00106869
0.00106869
0.00106869
0.00106869
0.00106869
0.00106869
0.00106869
0.00106869
0.00106869
0.00106869
0.00106869
0.00106869
0.00106869
0.00106869
0.00106869
0.00106869
0.00106869
0.00106869
0.00106869
0.00106869
0.00106869
0.00106869
0.00106869
0.00106869
0.00106869
0.00106869
0.00106869
0.00106869
0.00106869
0.00106869
0.00111519
0.00111488
0.00111436
0.00111359
0.00111289
0.00111223
0.0011116
0.00111099
0.00111038
0.00110978
0.00110919
0.0011086
0.00110802
0.00110743
0.00110685
0.00110626
0.00110568
0.0011051
0.00110452
0.00110394
0.00110336
0.00110278
0.0011022
0.00110163
0.00110105
0.00110048
0.00109991
0.00109934
0.00109877
0.00109821
0.00109764
0.00109708
0.00109652
0.00109597
0.00109542
0.00109487
0.00109432
0.00109378
0.00109324
0.00109271
0.00109218
0.00109165
0.00109113
0.00109061
0.0010901
0.00108959
0.00108909
0.00108859
0.0010881
0.00108761
0.00108713
0.00108665
0.00108618
0.00108571
0.00108525
0.0010848
0.00108435
0.00108391
0.00108348
0.00108305
0.00108262
0.00108221
0.0010818
0.0010814
0.001081
0.00108061
0.00108023
0.00107986
0.00107949
0.00107913
0.00107877
0.00107843
0.00107809
0.00107776
0.00107743
0.00107711
0.0010768
0.0010765
0.0010762
0.00107592
0.00107564
0.00107536
0.00107509
0.00107483
0.00107458
0.00107434
0.0010741
0.00107387
0.00107364
0.00107342
0.00107321
0.00107301
0.00107281
0.00107262
0.00107243
0.00107225
0.00107208
0.00107191
0.00107175
0.0010716
0.00107145
0.0010713
0.00107117
0.00107103
0.00107091
0.00107078
0.00107067
0.00107055
0.00107045
0.00107034
0.00107025
0.00107015
0.00107006
0.00106998
0.0010699
0.00106982
0.00106974
0.00106967
0.00106961
0.00106954
0.00106948
0.00106943
0.00106937
0.00106932
0.00106927
0.00106923
0.00106918
0.00106914
0.0010691
0.00106906
0.00106903
0.00106899
0.00106896
0.00106893
0.0010689
0.00106887
0.00106884
0.00106882
0.00106879
0.00106877
0.00106874
0.00106872
0.0010687
0.00106867
0.00106865
0.00106863
0.0010686
0.00106858
0.00106856
0.00106853
0.00106851
0.00106848
0.00106846
0.00106843
0.0010684
0.00106837
0.00106834
0.00106831
0.00106828
0.00106824
0.0010682
0.00106816
0.00106812
0.00106808
0.00106803
0.00106798
0.00106793
0.00106788
0.00106782
0.00106776
0.0010677
0.00106763
0.00106756
0.00106749
0.00106741
0.00106733
0.00106725
0.00106716
0.00106707
0.00106697
0.00106687
0.00106676
0.00106665
0.00106654
0.00106642
0.00106629
0.00106616
0.00106602
0.00106588
0.00106573
0.00106557
0.00106541
0.00106524
0.00106507
0.00106489
0.0010647
0.00106451
0.00106431
0.0010641
0.00106388
0.00106366
0.00106343
0.00106319
0.00106295
0.00106269
0.00106243
0.00106216
0.00106188
0.0010616
0.0010613
0.001061
0.00106069
0.00106037
0.00106004
0.0010597
0.00105935
0.00105899
0.00105863
0.00105825
0.00105787
0.00105747
0.00105707
0.00105666
0.00105624
0.0010558
0.00105536
0.00105491
0.00105445
0.00105398
0.0010535
0.00105301
0.00105251
0.001052
0.00105148
0.00105095
0.00105042
0.00104987
0.00104931
0.00104875
0.00104817
0.00104759
0.00104699
0.00104639
0.00104578
0.00104516
0.00104453
0.00104389
0.00104325
0.00104259
0.00104193
0.00104127
0.00104059
0.00103991
0.00103923
0.00103854
0.00103784
0.00103714
0.00103644
0.00103574
0.00103503
0.00103433
0.00103363
0.00103293
0.00103223
0.00103154
0.00103084
0.00103014
0.00102942
0.00102865
0.00102786
0.0170374
0.01704
0.0170413
0.017042
0.0170424
0.0170426
0.0170426
0.0170427
0.0170427
0.0170426
0.0170426
0.0170426
0.0170425
0.0170425
0.0170425
0.0170424
0.0170424
0.0170424
0.0170424
0.0170423
0.0170423
0.0170423
0.0170423
0.0170423
0.0170423
0.0170422
0.0170422
0.0170422
0.0170422
0.0170422
0.0170422
0.0170422
0.0170422
0.0170422
0.0170422
0.0170422
0.0170422
0.0170422
0.0170422
0.0170422
0.0170422
0.0170422
0.0170422
0.0170422
0.0170422
0.0170422
0.0170422
0.0170422
0.0170422
0.0170422
0.0170422
0.0170422
0.0170422
0.0170422
0.0170422
0.0170422
0.0170422
0.0170422
0.0170422
0.0170422
0.0170422
0.0170422
0.0170422
0.0170422
0.0170422
0.0170422
0.0170422
0.0170422
0.0170422
0.0170422
0.0170423
0.0170423
0.0170423
0.0170423
0.0170423
0.0170423
0.0170423
0.0170423
0.0170423
0.0170423
0.0170423
0.0170423
0.0170423
0.0170423
0.0170423
0.0170423
0.0170423
0.0170423
0.0170423
0.0170423
0.0170423
0.0170423
0.0170423
0.0170423
0.0170423
0.0170423
0.0170423
0.0170423
0.0170423
0.0170423
0.0170423
0.0170423
0.0170423
0.0170423
0.0170423
0.0170423
0.0170423
0.0170423
0.0170423
0.0170423
0.0170423
0.0170423
0.0170423
0.0170423
0.0170423
0.0170423
0.0170423
0.0170423
0.0170423
0.0170423
0.0170423
0.0170423
0.0170423
0.0170423
0.0170423
0.0170423
0.0170423
0.0170423
0.0170423
0.0170423
0.0170423
0.0170423
0.0170423
0.0170423
0.0170423
0.0170423
0.0170423
0.0170423
0.0170423
0.0170423
0.0170423
0.0170423
0.0170423
0.0170423
0.0170423
0.0170423
0.0170423
0.0170423
0.0170423
0.0170423
0.0170423
0.0170423
0.0170423
0.0170423
0.0170423
0.0170423
0.0170423
0.0170423
0.0170423
0.0170423
0.0170423
0.0170423
0.0170423
0.0170423
0.0170423
0.0170423
0.0170423
0.0170423
0.0170423
0.0170423
0.0170423
0.0170423
0.0170423
0.0170423
0.0170423
0.0170423
0.0170423
0.0170423
0.0170423
0.0170423
0.0170423
0.0170423
0.0170423
0.0170423
0.0170423
0.0170423
0.0170423
0.0170423
0.0170423
0.0170423
0.0170423
0.0170423
0.0170423
0.0170423
0.0170423
0.0170423
0.0170423
0.0170423
0.0170422
0.0170422
0.0170422
0.0170422
0.0170422
0.0170422
0.0170422
0.0170422
0.0170422
0.0170422
0.0170422
0.0170422
0.0170422
0.0170422
0.0170422
0.0170422
0.0170422
0.0170422
0.0170422
0.0170422
0.0170422
0.0170422
0.0170422
0.0170422
0.0170422
0.0170422
0.0170422
0.0170422
0.0170422
0.0170422
0.0170422
0.0170422
0.0170422
0.0170422
0.0170422
0.0170422
0.0170422
0.0170422
0.0170422
0.0170422
0.0170422
0.0170422
0.0170422
0.0170422
0.0170423
0.0170423
0.0170423
0.0170423
0.0170423
0.0170423
0.0170423
0.0170423
0.0170424
0.0170424
0.0170424
0.0170424
0.0170425
0.0170425
0.0170426
0.0170426
0.0170426
0.0170427
0.0170427
0.0170427
0.0170427
0.0170427
0.0170426
0.0170425
0.0170421
0.0170414
0.0170401
0.0170376
0.0170367
0.0170393
0.0170406
0.0170413
0.0170416
0.0170418
0.0170419
0.0170419
0.0170419
0.0170419
0.0170419
0.0170418
0.0170418
0.0170418
0.0170417
0.0170417
0.0170417
0.0170416
0.0170416
0.0170416
0.0170416
0.0170416
0.0170415
0.0170415
0.0170415
0.0170415
0.0170415
0.0170415
0.0170415
0.0170415
0.0170415
0.0170415
0.0170415
0.0170415
0.0170415
0.0170415
0.0170415
0.0170415
0.0170415
0.0170415
0.0170415
0.0170415
0.0170415
0.0170415
0.0170415
0.0170415
0.0170415
0.0170415
0.0170415
0.0170415
0.0170415
0.0170415
0.0170415
0.0170415
0.0170415
0.0170415
0.0170415
0.0170415
0.0170415
0.0170415
0.0170415
0.0170415
0.0170415
0.0170415
0.0170415
0.0170415
0.0170415
0.0170415
0.0170415
0.0170415
0.0170415
0.0170415
0.0170415
0.0170415
0.0170415
0.0170415
0.0170415
0.0170415
0.0170415
0.0170415
0.0170415
0.0170415
0.0170415
0.0170415
0.0170415
0.0170415
0.0170415
0.0170415
0.0170415
0.0170415
0.0170415
0.0170415
0.0170415
0.0170415
0.0170415
0.0170415
0.0170415
0.0170415
0.0170415
0.0170415
0.0170415
0.0170415
0.0170415
0.0170415
0.0170415
0.0170415
0.0170415
0.0170415
0.0170415
0.0170415
0.0170415
0.0170415
0.0170415
0.0170415
0.0170415
0.0170415
0.0170415
0.0170415
0.0170415
0.0170415
0.0170415
0.0170415
0.0170415
0.0170415
0.0170415
0.0170415
0.0170415
0.0170415
0.0170415
0.0170415
0.0170415
0.0170415
0.0170415
0.0170415
0.0170415
0.0170415
0.0170415
0.0170415
0.0170415
0.0170415
0.0170415
0.0170415
0.0170415
0.0170415
0.0170415
0.0170415
0.0170415
0.0170415
0.0170415
0.0170415
0.0170415
0.0170415
0.0170415
0.0170415
0.0170415
0.0170415
0.0170415
0.0170415
0.0170415
0.0170415
0.0170415
0.0170415
0.0170415
0.0170415
0.0170415
0.0170415
0.0170415
0.0170415
0.0170415
0.0170415
0.0170415
0.0170415
0.0170415
0.0170415
0.0170415
0.0170415
0.0170415
0.0170415
0.0170415
0.0170415
0.0170415
0.0170415
0.0170415
0.0170415
0.0170415
0.0170415
0.0170415
0.0170415
0.0170415
0.0170415
0.0170415
0.0170415
0.0170415
0.0170415
0.0170415
0.0170415
0.0170415
0.0170415
0.0170415
0.0170415
0.0170415
0.0170415
0.0170415
0.0170415
0.0170415
0.0170415
0.0170415
0.0170415
0.0170415
0.0170415
0.0170415
0.0170415
0.0170415
0.0170415
0.0170415
0.0170415
0.0170415
0.0170415
0.0170415
0.0170415
0.0170415
0.0170415
0.0170415
0.0170415
0.0170415
0.0170415
0.0170415
0.0170415
0.0170415
0.0170415
0.0170415
0.0170415
0.0170415
0.0170415
0.0170415
0.0170415
0.0170415
0.0170415
0.0170415
0.0170415
0.0170415
0.0170415
0.0170415
0.0170415
0.0170415
0.0170415
0.0170415
0.0170415
0.0170416
0.0170416
0.0170416
0.0170416
0.0170416
0.0170417
0.0170417
0.0170417
0.0170418
0.0170418
0.0170419
0.0170419
0.017042
0.017042
0.017042
0.017042
0.0170419
0.0170417
0.0170413
0.0170407
0.0170394
0.0170368
0.0170358
0.0170384
0.0170397
0.0170403
0.0170407
0.0170409
0.017041
0.017041
0.017041
0.017041
0.0170409
0.0170409
0.0170409
0.0170408
0.0170408
0.0170408
0.0170407
0.0170407
0.0170407
0.0170407
0.0170406
0.0170406
0.0170406
0.0170406
0.0170406
0.0170406
0.0170406
0.0170406
0.0170406
0.0170406
0.0170405
0.0170405
0.0170405
0.0170405
0.0170405
0.0170405
0.0170405
0.0170405
0.0170405
0.0170405
0.0170405
0.0170405
0.0170405
0.0170405
0.0170405
0.0170405
0.0170405
0.0170405
0.0170405
0.0170405
0.0170405
0.0170405
0.0170405
0.0170405
0.0170405
0.0170405
0.0170405
0.0170405
0.0170405
0.0170405
0.0170405
0.0170405
0.0170406
0.0170406
0.0170406
0.0170406
0.0170406
0.0170406
0.0170406
0.0170406
0.0170406
0.0170406
0.0170406
0.0170406
0.0170406
0.0170406
0.0170406
0.0170406
0.0170406
0.0170406
0.0170406
0.0170406
0.0170406
0.0170406
0.0170406
0.0170406
0.0170406
0.0170406
0.0170406
0.0170406
0.0170406
0.0170406
0.0170406
0.0170406
0.0170406
0.0170406
0.0170406
0.0170406
0.0170406
0.0170406
0.0170406
0.0170406
0.0170406
0.0170406
0.0170406
0.0170406
0.0170406
0.0170406
0.0170406
0.0170406
0.0170406
0.0170406
0.0170406
0.0170406
0.0170406
0.0170406
0.0170406
0.0170406
0.0170406
0.0170406
0.0170406
0.0170406
0.0170406
0.0170406
0.0170406
0.0170406
0.0170406
0.0170406
0.0170406
0.0170406
0.0170406
0.0170406
0.0170406
0.0170406
0.0170406
0.0170406
0.0170406
0.0170406
0.0170406
0.0170406
0.0170406
0.0170406
0.0170406
0.0170406
0.0170406
0.0170406
0.0170406
0.0170406
0.0170406
0.0170406
0.0170406
0.0170406
0.0170406
0.0170406
0.0170406
0.0170406
0.0170406
0.0170406
0.0170406
0.0170406
0.0170406
0.0170406
0.0170406
0.0170406
0.0170406
0.0170406
0.0170406
0.0170406
0.0170406
0.0170406
0.0170406
0.0170406
0.0170406
0.0170406
0.0170406
0.0170406
0.0170406
0.0170406
0.0170406
0.0170406
0.0170406
0.0170406
0.0170406
0.0170406
0.0170406
0.0170406
0.0170406
0.0170406
0.0170406
0.0170406
0.0170406
0.0170406
0.0170406
0.0170406
0.0170406
0.0170406
0.0170406
0.0170406
0.0170406
0.0170406
0.0170406
0.0170406
0.0170406
0.0170406
0.0170406
0.0170405
0.0170405
0.0170405
0.0170405
0.0170405
0.0170405
0.0170405
0.0170405
0.0170405
0.0170405
0.0170405
0.0170405
0.0170405
0.0170405
0.0170405
0.0170405
0.0170405
0.0170405
0.0170405
0.0170405
0.0170405
0.0170405
0.0170405
0.0170405
0.0170405
0.0170405
0.0170405
0.0170405
0.0170405
0.0170405
0.0170405
0.0170405
0.0170405
0.0170405
0.0170405
0.0170406
0.0170406
0.0170406
0.0170406
0.0170406
0.0170406
0.0170406
0.0170406
0.0170406
0.0170406
0.0170407
0.0170407
0.0170407
0.0170407
0.0170408
0.0170408
0.0170408
0.0170409
0.0170409
0.017041
0.017041
0.017041
0.0170411
0.017041
0.017041
0.0170408
0.0170404
0.0170397
0.0170385
0.0170359
0.0170347
0.0170373
0.0170386
0.0170392
0.0170396
0.0170398
0.0170399
0.0170399
0.0170399
0.0170399
0.0170398
0.0170398
0.0170397
0.0170397
0.0170397
0.0170396
0.0170396
0.0170396
0.0170396
0.0170395
0.0170395
0.0170395
0.0170395
0.0170395
0.0170395
0.0170395
0.0170395
0.0170394
0.0170394
0.0170394
0.0170394
0.0170394
0.0170394
0.0170394
0.0170394
0.0170394
0.0170394
0.0170394
0.0170394
0.0170394
0.0170394
0.0170394
0.0170394
0.0170394
0.0170394
0.0170394
0.0170394
0.0170394
0.0170394
0.0170394
0.0170394
0.0170394
0.0170394
0.0170394
0.0170394
0.0170394
0.0170394
0.0170394
0.0170394
0.0170394
0.0170394
0.0170394
0.0170394
0.0170394
0.0170394
0.0170394
0.0170394
0.0170394
0.0170394
0.0170394
0.0170394
0.0170394
0.0170394
0.0170394
0.0170394
0.0170394
0.0170394
0.0170394
0.0170394
0.0170394
0.0170394
0.0170394
0.0170394
0.0170394
0.0170394
0.0170394
0.0170394
0.0170394
0.0170394
0.0170395
0.0170395
0.0170395
0.0170395
0.0170395
0.0170395
0.0170395
0.0170395
0.0170395
0.0170395
0.0170395
0.0170395
0.0170395
0.0170395
0.0170395
0.0170395
0.0170395
0.0170395
0.0170395
0.0170395
0.0170395
0.0170395
0.0170395
0.0170395
0.0170395
0.0170395
0.0170395
0.0170395
0.0170395
0.0170395
0.0170395
0.0170395
0.0170395
0.0170395
0.0170395
0.0170395
0.0170395
0.0170395
0.0170395
0.0170395
0.0170395
0.0170395
0.0170395
0.0170395
0.0170395
0.0170395
0.0170395
0.0170395
0.0170395
0.0170395
0.0170395
0.0170395
0.0170395
0.0170395
0.0170395
0.0170395
0.0170395
0.0170395
0.0170395
0.0170395
0.0170395
0.0170395
0.0170395
0.0170395
0.0170395
0.0170395
0.0170395
0.0170395
0.0170395
0.0170395
0.0170395
0.0170395
0.0170395
0.0170395
0.0170395
0.0170395
0.0170395
0.0170395
0.0170395
0.0170395
0.0170395
0.0170395
0.0170395
0.0170395
0.0170395
0.0170395
0.0170395
0.0170395
0.0170395
0.0170394
0.0170394
0.0170394
0.0170394
0.0170394
0.0170394
0.0170394
0.0170394
0.0170394
0.0170394
0.0170394
0.0170394
0.0170394
0.0170394
0.0170394
0.0170394
0.0170394
0.0170394
0.0170394
0.0170394
0.0170394
0.0170394
0.0170394
0.0170394
0.0170394
0.0170394
0.0170394
0.0170394
0.0170394
0.0170394
0.0170394
0.0170394
0.0170394
0.0170394
0.0170394
0.0170394
0.0170394
0.0170394
0.0170394
0.0170394
0.0170394
0.0170394
0.0170394
0.0170394
0.0170394
0.0170394
0.0170394
0.0170394
0.0170394
0.0170394
0.0170394
0.0170394
0.0170394
0.0170394
0.0170394
0.0170394
0.0170394
0.0170394
0.0170394
0.0170394
0.0170394
0.0170394
0.0170394
0.0170394
0.0170394
0.0170394
0.0170395
0.0170395
0.0170395
0.0170395
0.0170395
0.0170395
0.0170395
0.0170396
0.0170396
0.0170396
0.0170396
0.0170397
0.0170397
0.0170397
0.0170398
0.0170398
0.0170399
0.0170399
0.0170399
0.0170399
0.0170398
0.0170397
0.0170393
0.0170386
0.0170374
0.0170348
0.0170335
0.017036
0.0170372
0.0170379
0.0170383
0.0170384
0.0170385
0.0170385
0.0170385
0.0170385
0.0170385
0.0170384
0.0170384
0.0170384
0.0170383
0.0170383
0.0170383
0.0170382
0.0170382
0.0170382
0.0170382
0.0170382
0.0170381
0.0170381
0.0170381
0.0170381
0.0170381
0.0170381
0.0170381
0.0170381
0.0170381
0.0170381
0.0170381
0.0170381
0.0170381
0.0170381
0.0170381
0.0170381
0.0170381
0.0170381
0.0170381
0.0170381
0.0170381
0.0170381
0.0170381
0.0170381
0.0170381
0.0170381
0.0170381
0.0170381
0.0170381
0.0170381
0.0170381
0.0170381
0.0170381
0.0170381
0.0170381
0.0170381
0.0170381
0.0170381
0.0170381
0.0170381
0.0170381
0.0170381
0.0170381
0.0170381
0.0170381
0.0170381
0.0170381
0.0170381
0.0170381
0.0170381
0.0170381
0.0170381
0.0170381
0.0170381
0.0170381
0.0170381
0.0170381
0.0170381
0.0170381
0.0170381
0.0170381
0.0170381
0.0170381
0.0170381
0.0170381
0.0170381
0.0170381
0.0170381
0.0170381
0.0170381
0.0170381
0.0170381
0.0170381
0.0170381
0.0170381
0.0170381
0.0170381
0.0170381
0.0170381
0.0170381
0.0170381
0.0170381
0.0170381
0.0170381
0.0170381
0.0170381
0.0170381
0.0170381
0.0170381
0.0170381
0.0170381
0.0170381
0.0170381
0.0170381
0.0170381
0.0170381
0.0170381
0.0170381
0.0170381
0.0170381
0.0170381
0.0170381
0.0170381
0.0170381
0.0170381
0.0170381
0.0170381
0.0170381
0.0170381
0.0170381
0.0170381
0.0170381
0.0170381
0.0170381
0.0170381
0.0170381
0.0170381
0.0170381
0.0170381
0.0170381
0.0170381
0.0170381
0.0170381
0.0170381
0.0170381
0.0170381
0.0170381
0.0170381
0.0170381
0.0170381
0.0170381
0.0170381
0.0170381
0.0170381
0.0170381
0.0170381
0.0170381
0.0170381
0.0170381
0.0170381
0.0170381
0.0170381
0.0170381
0.0170381
0.0170381
0.0170381
0.0170381
0.0170381
0.0170381
0.0170381
0.0170381
0.0170381
0.0170381
0.0170381
0.0170381
0.0170381
0.0170381
0.0170381
0.0170381
0.0170381
0.0170381
0.0170381
0.0170381
0.0170381
0.0170381
0.0170381
0.0170381
0.0170381
0.0170381
0.0170381
0.0170381
0.0170381
0.0170381
0.0170381
0.0170381
0.0170381
0.0170381
0.0170381
0.0170381
0.0170381
0.0170381
0.0170381
0.0170381
0.0170381
0.0170381
0.0170381
0.0170381
0.0170381
0.0170381
0.0170381
0.0170381
0.0170381
0.0170381
0.0170381
0.0170381
0.0170381
0.0170381
0.0170381
0.0170381
0.0170381
0.017038
0.017038
0.017038
0.017038
0.017038
0.017038
0.017038
0.017038
0.017038
0.017038
0.017038
0.017038
0.0170381
0.0170381
0.0170381
0.0170381
0.0170381
0.0170381
0.0170381
0.0170381
0.0170381
0.0170381
0.0170381
0.0170381
0.0170381
0.0170381
0.0170381
0.0170382
0.0170382
0.0170382
0.0170382
0.0170383
0.0170383
0.0170383
0.0170383
0.0170384
0.0170384
0.0170385
0.0170385
0.0170385
0.0170386
0.0170385
0.0170385
0.0170383
0.017038
0.0170373
0.0170361
0.0170337
0.0170322
0.0170345
0.0170357
0.0170363
0.0170367
0.0170368
0.0170369
0.0170369
0.0170369
0.0170369
0.0170368
0.0170368
0.0170368
0.0170367
0.0170367
0.0170367
0.0170366
0.0170366
0.0170366
0.0170366
0.0170365
0.0170365
0.0170365
0.0170365
0.0170365
0.0170365
0.0170365
0.0170365
0.0170365
0.0170364
0.0170364
0.0170364
0.0170364
0.0170364
0.0170364
0.0170364
0.0170364
0.0170364
0.0170364
0.0170364
0.0170364
0.0170364
0.0170364
0.0170364
0.0170364
0.0170364
0.0170364
0.0170364
0.0170364
0.0170364
0.0170364
0.0170364
0.0170364
0.0170364
0.0170364
0.0170364
0.0170364
0.0170364
0.0170364
0.0170364
0.0170364
0.0170364
0.0170364
0.0170364
0.0170364
0.0170364
0.0170364
0.0170364
0.0170364
0.0170364
0.0170364
0.0170364
0.0170365
0.0170365
0.0170365
0.0170365
0.0170365
0.0170365
0.0170365
0.0170365
0.0170365
0.0170365
0.0170365
0.0170365
0.0170365
0.0170365
0.0170365
0.0170365
0.0170365
0.0170365
0.0170365
0.0170365
0.0170365
0.0170365
0.0170365
0.0170365
0.0170365
0.0170365
0.0170365
0.0170365
0.0170365
0.0170365
0.0170365
0.0170365
0.0170365
0.0170365
0.0170365
0.0170365
0.0170365
0.0170365
0.0170365
0.0170365
0.0170365
0.0170365
0.0170365
0.0170365
0.0170365
0.0170365
0.0170365
0.0170365
0.0170365
0.0170365
0.0170365
0.0170365
0.0170365
0.0170365
0.0170365
0.0170365
0.0170365
0.0170365
0.0170365
0.0170365
0.0170365
0.0170365
0.0170365
0.0170365
0.0170365
0.0170365
0.0170365
0.0170365
0.0170365
0.0170365
0.0170365
0.0170365
0.0170365
0.0170365
0.0170365
0.0170365
0.0170365
0.0170365
0.0170365
0.0170365
0.0170365
0.0170365
0.0170365
0.0170365
0.0170365
0.0170365
0.0170365
0.0170365
0.0170365
0.0170365
0.0170365
0.0170365
0.0170365
0.0170365
0.0170365
0.0170365
0.0170365
0.0170365
0.0170365
0.0170365
0.0170365
0.0170365
0.0170365
0.0170365
0.0170365
0.0170365
0.0170365
0.0170365
0.0170365
0.0170365
0.0170365
0.0170365
0.0170365
0.0170365
0.0170365
0.0170365
0.0170365
0.0170365
0.0170365
0.0170365
0.0170365
0.0170365
0.0170364
0.0170364
0.0170364
0.0170364
0.0170364
0.0170364
0.0170364
0.0170364
0.0170364
0.0170364
0.0170364
0.0170364
0.0170364
0.0170364
0.0170364
0.0170364
0.0170364
0.0170364
0.0170364
0.0170364
0.0170364
0.0170364
0.0170364
0.0170364
0.0170364
0.0170364
0.0170364
0.0170364
0.0170364
0.0170364
0.0170364
0.0170364
0.0170364
0.0170364
0.0170364
0.0170364
0.0170364
0.0170364
0.0170364
0.0170364
0.0170364
0.0170364
0.0170364
0.0170364
0.0170364
0.0170364
0.0170364
0.0170364
0.0170365
0.0170365
0.0170365
0.0170365
0.0170365
0.0170365
0.0170365
0.0170365
0.0170366
0.0170366
0.0170366
0.0170366
0.0170367
0.0170367
0.0170367
0.0170368
0.0170368
0.0170368
0.0170369
0.0170369
0.0170369
0.0170369
0.0170369
0.0170367
0.0170364
0.0170357
0.0170345
0.0170323
0.0170307
0.0170327
0.0170338
0.0170344
0.0170348
0.0170349
0.017035
0.017035
0.017035
0.017035
0.0170349
0.0170349
0.0170348
0.0170348
0.0170348
0.0170347
0.0170347
0.0170347
0.0170347
0.0170346
0.0170346
0.0170346
0.0170346
0.0170346
0.0170346
0.0170345
0.0170345
0.0170345
0.0170345
0.0170345
0.0170345
0.0170345
0.0170345
0.0170345
0.0170345
0.0170345
0.0170345
0.0170345
0.0170345
0.0170345
0.0170345
0.0170345
0.0170345
0.0170345
0.0170345
0.0170345
0.0170345
0.0170345
0.0170345
0.0170345
0.0170345
0.0170345
0.0170345
0.0170345
0.0170345
0.0170345
0.0170345
0.0170345
0.0170345
0.0170345
0.0170345
0.0170345
0.0170345
0.0170345
0.0170345
0.0170345
0.0170345
0.0170345
0.0170345
0.0170345
0.0170345
0.0170345
0.0170345
0.0170345
0.0170345
0.0170345
0.0170345
0.0170345
0.0170345
0.0170345
0.0170345
0.0170345
0.0170345
0.0170345
0.0170345
0.0170345
0.0170345
0.0170345
0.0170345
0.0170345
0.0170345
0.0170345
0.0170345
0.0170345
0.0170345
0.0170345
0.0170345
0.0170345
0.0170345
0.0170345
0.0170345
0.0170345
0.0170345
0.0170345
0.0170345
0.0170345
0.0170345
0.0170345
0.0170345
0.0170345
0.0170345
0.0170345
0.0170345
0.0170345
0.0170345
0.0170345
0.0170345
0.0170345
0.0170345
0.0170345
0.0170345
0.0170345
0.0170345
0.0170345
0.0170345
0.0170345
0.0170345
0.0170345
0.0170345
0.0170345
0.0170345
0.0170345
0.0170345
0.0170345
0.0170345
0.0170345
0.0170345
0.0170345
0.0170345
0.0170345
0.0170345
0.0170345
0.0170345
0.0170345
0.0170345
0.0170345
0.0170345
0.0170345
0.0170345
0.0170345
0.0170345
0.0170345
0.0170345
0.0170345
0.0170345
0.0170345
0.0170345
0.0170345
0.0170345
0.0170345
0.0170345
0.0170345
0.0170345
0.0170345
0.0170345
0.0170345
0.0170345
0.0170345
0.0170345
0.0170345
0.0170345
0.0170345
0.0170345
0.0170345
0.0170345
0.0170345
0.0170345
0.0170345
0.0170345
0.0170345
0.0170345
0.0170345
0.0170345
0.0170345
0.0170345
0.0170345
0.0170345
0.0170345
0.0170345
0.0170345
0.0170345
0.0170345
0.0170345
0.0170345
0.0170345
0.0170345
0.0170345
0.0170345
0.0170345
0.0170345
0.0170345
0.0170345
0.0170345
0.0170345
0.0170345
0.0170345
0.0170345
0.0170345
0.0170345
0.0170345
0.0170345
0.0170345
0.0170345
0.0170345
0.0170345
0.0170345
0.0170345
0.0170345
0.0170345
0.0170345
0.0170345
0.0170345
0.0170345
0.0170345
0.0170345
0.0170345
0.0170345
0.0170345
0.0170345
0.0170345
0.0170345
0.0170345
0.0170345
0.0170345
0.0170345
0.0170345
0.0170345
0.0170345
0.0170345
0.0170345
0.0170345
0.0170345
0.0170345
0.0170345
0.0170345
0.0170345
0.0170346
0.0170346
0.0170346
0.0170346
0.0170346
0.0170346
0.0170347
0.0170347
0.0170347
0.0170348
0.0170348
0.0170348
0.0170349
0.0170349
0.017035
0.017035
0.017035
0.017035
0.0170349
0.0170348
0.0170345
0.0170339
0.0170328
0.0170308
0.0170291
0.0170307
0.0170317
0.0170322
0.0170325
0.0170327
0.0170327
0.0170327
0.0170327
0.0170327
0.0170326
0.0170326
0.0170326
0.0170325
0.0170325
0.0170324
0.0170324
0.0170324
0.0170324
0.0170323
0.0170323
0.0170323
0.0170323
0.0170323
0.0170323
0.0170323
0.0170322
0.0170322
0.0170322
0.0170322
0.0170322
0.0170322
0.0170322
0.0170322
0.0170322
0.0170322
0.0170322
0.0170322
0.0170322
0.0170322
0.0170322
0.0170322
0.0170322
0.0170322
0.0170322
0.0170322
0.0170322
0.0170322
0.0170322
0.0170322
0.0170322
0.0170322
0.0170322
0.0170322
0.0170322
0.0170322
0.0170322
0.0170322
0.0170322
0.0170322
0.0170322
0.0170322
0.0170322
0.0170322
0.0170322
0.0170322
0.0170322
0.0170322
0.0170322
0.0170322
0.0170322
0.0170322
0.0170322
0.0170322
0.0170322
0.0170322
0.0170322
0.0170322
0.0170322
0.0170322
0.0170322
0.0170322
0.0170322
0.0170322
0.0170322
0.0170322
0.0170322
0.0170322
0.0170322
0.0170322
0.0170322
0.0170322
0.0170322
0.0170322
0.0170322
0.0170322
0.0170322
0.0170322
0.0170322
0.0170322
0.0170322
0.0170322
0.0170322
0.0170322
0.0170322
0.0170322
0.0170322
0.0170322
0.0170322
0.0170322
0.0170322
0.0170322
0.0170322
0.0170322
0.0170322
0.0170322
0.0170322
0.0170322
0.0170322
0.0170322
0.0170322
0.0170322
0.0170323
0.0170323
0.0170323
0.0170323
0.0170323
0.0170323
0.0170323
0.0170323
0.0170323
0.0170323
0.0170323
0.0170323
0.0170323
0.0170323
0.0170323
0.0170323
0.0170323
0.0170323
0.0170323
0.0170323
0.0170323
0.0170322
0.0170322
0.0170322
0.0170322
0.0170322
0.0170322
0.0170322
0.0170322
0.0170322
0.0170322
0.0170322
0.0170322
0.0170322
0.0170322
0.0170322
0.0170322
0.0170322
0.0170322
0.0170322
0.0170322
0.0170322
0.0170322
0.0170322
0.0170322
0.0170322
0.0170322
0.0170322
0.0170322
0.0170322
0.0170322
0.0170322
0.0170322
0.0170322
0.0170322
0.0170322
0.0170322
0.0170322
0.0170322
0.0170322
0.0170322
0.0170322
0.0170322
0.0170322
0.0170322
0.0170322
0.0170322
0.0170322
0.0170322
0.0170322
0.0170322
0.0170322
0.0170322
0.0170322
0.0170322
0.0170322
0.0170322
0.0170322
0.0170322
0.0170322
0.0170322
0.0170322
0.0170322
0.0170322
0.0170322
0.0170322
0.0170322
0.0170322
0.0170322
0.0170322
0.0170322
0.0170322
0.0170322
0.0170322
0.0170322
0.0170322
0.0170322
0.0170322
0.0170322
0.0170322
0.0170322
0.0170322
0.0170322
0.0170322
0.0170322
0.0170322
0.0170322
0.0170322
0.0170322
0.0170322
0.0170322
0.0170322
0.0170322
0.0170322
0.0170322
0.0170322
0.0170322
0.0170322
0.0170322
0.0170322
0.0170322
0.0170322
0.0170322
0.0170323
0.0170323
0.0170323
0.0170323
0.0170323
0.0170323
0.0170324
0.0170324
0.0170324
0.0170324
0.0170325
0.0170325
0.0170326
0.0170326
0.0170326
0.0170327
0.0170327
0.0170327
0.0170327
0.0170327
0.0170325
0.0170322
0.0170317
0.0170308
0.0170292
0.0170273
0.0170285
0.0170292
0.0170297
0.0170299
0.0170301
0.0170301
0.0170301
0.0170301
0.01703
0.01703
0.0170299
0.0170299
0.0170299
0.0170298
0.0170298
0.0170298
0.0170297
0.0170297
0.0170297
0.0170297
0.0170296
0.0170296
0.0170296
0.0170296
0.0170296
0.0170296
0.0170296
0.0170296
0.0170295
0.0170295
0.0170295
0.0170295
0.0170295
0.0170295
0.0170295
0.0170295
0.0170295
0.0170295
0.0170295
0.0170295
0.0170295
0.0170295
0.0170295
0.0170295
0.0170295
0.0170295
0.0170295
0.0170295
0.0170295
0.0170295
0.0170295
0.0170295
0.0170295
0.0170295
0.0170295
0.0170295
0.0170295
0.0170295
0.0170295
0.0170295
0.0170295
0.0170295
0.0170295
0.0170295
0.0170295
0.0170295
0.0170295
0.0170295
0.0170295
0.0170295
0.0170295
0.0170295
0.0170295
0.0170295
0.0170296
0.0170296
0.0170296
0.0170296
0.0170296
0.0170296
0.0170296
0.0170296
0.0170296
0.0170296
0.0170296
0.0170296
0.0170296
0.0170296
0.0170296
0.0170296
0.0170296
0.0170296
0.0170296
0.0170296
0.0170296
0.0170296
0.0170296
0.0170296
0.0170296
0.0170296
0.0170296
0.0170296
0.0170296
0.0170296
0.0170296
0.0170296
0.0170296
0.0170296
0.0170296
0.0170296
0.0170296
0.0170296
0.0170296
0.0170296
0.0170296
0.0170296
0.0170296
0.0170296
0.0170296
0.0170296
0.0170296
0.0170296
0.0170296
0.0170296
0.0170296
0.0170296
0.0170296
0.0170296
0.0170296
0.0170296
0.0170296
0.0170296
0.0170296
0.0170296
0.0170296
0.0170296
0.0170296
0.0170296
0.0170296
0.0170296
0.0170296
0.0170296
0.0170296
0.0170296
0.0170296
0.0170296
0.0170296
0.0170296
0.0170296
0.0170296
0.0170296
0.0170296
0.0170296
0.0170296
0.0170296
0.0170296
0.0170296
0.0170296
0.0170296
0.0170296
0.0170296
0.0170296
0.0170296
0.0170296
0.0170296
0.0170296
0.0170296
0.0170296
0.0170296
0.0170296
0.0170296
0.0170296
0.0170296
0.0170296
0.0170296
0.0170296
0.0170296
0.0170296
0.0170296
0.0170296
0.0170296
0.0170296
0.0170296
0.0170296
0.0170296
0.0170296
0.0170296
0.0170296
0.0170296
0.0170295
0.0170295
0.0170295
0.0170295
0.0170295
0.0170295
0.0170295
0.0170295
0.0170295
0.0170295
0.0170295
0.0170295
0.0170295
0.0170295
0.0170295
0.0170295
0.0170295
0.0170295
0.0170295
0.0170295
0.0170295
0.0170295
0.0170295
0.0170295
0.0170295
0.0170295
0.0170295
0.0170295
0.0170295
0.0170295
0.0170295
0.0170295
0.0170295
0.0170295
0.0170295
0.0170295
0.0170295
0.0170295
0.0170295
0.0170295
0.0170295
0.0170295
0.0170295
0.0170295
0.0170295
0.0170295
0.0170295
0.0170295
0.0170295
0.0170295
0.0170295
0.0170295
0.0170296
0.0170296
0.0170296
0.0170296
0.0170296
0.0170296
0.0170296
0.0170296
0.0170297
0.0170297
0.0170297
0.0170297
0.0170298
0.0170298
0.0170298
0.0170299
0.0170299
0.01703
0.01703
0.0170301
0.0170301
0.0170301
0.0170301
0.0170299
0.0170297
0.0170293
0.0170285
0.0170273
0.0170253
0.017026
0.0170265
0.0170268
0.017027
0.0170271
0.0170271
0.0170271
0.017027
0.017027
0.0170269
0.0170269
0.0170268
0.0170268
0.0170268
0.0170267
0.0170267
0.0170267
0.0170266
0.0170266
0.0170266
0.0170266
0.0170266
0.0170265
0.0170265
0.0170265
0.0170265
0.0170265
0.0170265
0.0170265
0.0170265
0.0170265
0.0170265
0.0170265
0.0170265
0.0170265
0.0170265
0.0170265
0.0170265
0.0170265
0.0170265
0.0170265
0.0170265
0.0170265
0.0170265
0.0170265
0.0170265
0.0170265
0.0170265
0.0170265
0.0170265
0.0170265
0.0170265
0.0170265
0.0170265
0.0170265
0.0170265
0.0170265
0.0170265
0.0170265
0.0170265
0.0170265
0.0170265
0.0170265
0.0170265
0.0170265
0.0170265
0.0170265
0.0170265
0.0170265
0.0170265
0.0170265
0.0170265
0.0170265
0.0170265
0.0170265
0.0170265
0.0170265
0.0170265
0.0170265
0.0170265
0.0170265
0.0170265
0.0170265
0.0170265
0.0170265
0.0170265
0.0170265
0.0170265
0.0170265
0.0170265
0.0170265
0.0170265
0.0170265
0.0170265
0.0170265
0.0170265
0.0170265
0.0170265
0.0170265
0.0170265
0.0170265
0.0170265
0.0170265
0.0170265
0.0170265
0.0170265
0.0170265
0.0170265
0.0170265
0.0170265
0.0170265
0.0170265
0.0170265
0.0170265
0.0170265
0.0170265
0.0170265
0.0170265
0.0170265
0.0170265
0.0170265
0.0170265
0.0170265
0.0170265
0.0170265
0.0170265
0.0170265
0.0170265
0.0170265
0.0170265
0.0170265
0.0170265
0.0170265
0.0170265
0.0170265
0.0170265
0.0170265
0.0170265
0.0170265
0.0170265
0.0170265
0.0170265
0.0170265
0.0170265
0.0170265
0.0170265
0.0170265
0.0170265
0.0170265
0.0170265
0.0170265
0.0170265
0.0170265
0.0170265
0.0170265
0.0170265
0.0170265
0.0170265
0.0170265
0.0170265
0.0170265
0.0170265
0.0170265
0.0170265
0.0170265
0.0170265
0.0170265
0.0170265
0.0170265
0.0170265
0.0170265
0.0170265
0.0170265
0.0170265
0.0170265
0.0170265
0.0170265
0.0170265
0.0170265
0.0170265
0.0170265
0.0170265
0.0170265
0.0170265
0.0170265
0.0170265
0.0170265
0.0170265
0.0170265
0.0170265
0.0170265
0.0170265
0.0170265
0.0170265
0.0170265
0.0170265
0.0170265
0.0170265
0.0170265
0.0170265
0.0170265
0.0170265
0.0170265
0.0170265
0.0170265
0.0170265
0.0170265
0.0170265
0.0170265
0.0170265
0.0170265
0.0170265
0.0170265
0.0170265
0.0170265
0.0170265
0.0170265
0.0170265
0.0170265
0.0170265
0.0170265
0.0170265
0.0170265
0.0170265
0.0170265
0.0170265
0.0170265
0.0170265
0.0170265
0.0170265
0.0170265
0.0170265
0.0170265
0.0170265
0.0170265
0.0170265
0.0170265
0.0170265
0.0170265
0.0170265
0.0170265
0.0170265
0.0170265
0.0170265
0.0170265
0.0170265
0.0170265
0.0170266
0.0170266
0.0170266
0.0170266
0.0170267
0.0170267
0.0170267
0.0170268
0.0170268
0.0170268
0.0170269
0.0170269
0.017027
0.017027
0.0170271
0.0170271
0.0170271
0.017027
0.0170268
0.0170265
0.017026
0.0170253
0.0170232
0.0170234
0.0170236
0.0170237
0.0170238
0.0170238
0.0170237
0.0170237
0.0170237
0.0170236
0.0170235
0.0170235
0.0170234
0.0170234
0.0170233
0.0170233
0.0170233
0.0170232
0.0170232
0.0170232
0.0170232
0.0170231
0.0170231
0.0170231
0.0170231
0.0170231
0.0170231
0.0170231
0.0170231
0.017023
0.017023
0.017023
0.017023
0.017023
0.017023
0.017023
0.017023
0.017023
0.017023
0.017023
0.017023
0.017023
0.017023
0.017023
0.017023
0.017023
0.017023
0.017023
0.017023
0.017023
0.017023
0.017023
0.017023
0.017023
0.017023
0.017023
0.017023
0.017023
0.017023
0.017023
0.017023
0.017023
0.017023
0.017023
0.017023
0.017023
0.017023
0.017023
0.017023
0.017023
0.017023
0.017023
0.017023
0.017023
0.017023
0.017023
0.017023
0.0170231
0.0170231
0.0170231
0.0170231
0.0170231
0.0170231
0.0170231
0.0170231
0.0170231
0.0170231
0.0170231
0.0170231
0.0170231
0.0170231
0.0170231
0.0170231
0.0170231
0.0170231
0.0170231
0.0170231
0.0170231
0.0170231
0.0170231
0.0170231
0.0170231
0.0170231
0.0170231
0.0170231
0.0170231
0.0170231
0.0170231
0.0170231
0.0170231
0.0170231
0.0170231
0.0170231
0.0170231
0.0170231
0.0170231
0.0170231
0.0170231
0.0170231
0.0170231
0.0170231
0.0170231
0.0170231
0.0170231
0.0170231
0.0170231
0.0170231
0.0170231
0.0170231
0.0170231
0.0170231
0.0170231
0.0170231
0.0170231
0.0170231
0.0170231
0.0170231
0.0170231
0.0170231
0.0170231
0.0170231
0.0170231
0.0170231
0.0170231
0.0170231
0.0170231
0.0170231
0.0170231
0.0170231
0.0170231
0.0170231
0.0170231
0.0170231
0.0170231
0.0170231
0.0170231
0.0170231
0.0170231
0.0170231
0.0170231
0.0170231
0.0170231
0.0170231
0.0170231
0.0170231
0.0170231
0.0170231
0.0170231
0.0170231
0.0170231
0.0170231
0.0170231
0.0170231
0.0170231
0.0170231
0.0170231
0.0170231
0.0170231
0.0170231
0.0170231
0.0170231
0.0170231
0.0170231
0.0170231
0.0170231
0.0170231
0.0170231
0.017023
0.017023
0.017023
0.017023
0.017023
0.017023
0.017023
0.017023
0.017023
0.017023
0.017023
0.017023
0.017023
0.017023
0.017023
0.017023
0.017023
0.017023
0.017023
0.017023
0.017023
0.017023
0.017023
0.017023
0.017023
0.017023
0.017023
0.017023
0.017023
0.017023
0.017023
0.017023
0.017023
0.017023
0.017023
0.017023
0.017023
0.017023
0.017023
0.017023
0.017023
0.017023
0.017023
0.017023
0.017023
0.017023
0.017023
0.017023
0.017023
0.017023
0.017023
0.017023
0.017023
0.017023
0.0170231
0.0170231
0.0170231
0.0170231
0.0170231
0.0170231
0.0170231
0.0170231
0.0170232
0.0170232
0.0170232
0.0170232
0.0170233
0.0170233
0.0170233
0.0170234
0.0170234
0.0170235
0.0170235
0.0170236
0.0170236
0.0170237
0.0170237
0.0170238
0.0170238
0.0170237
0.0170235
0.0170233
0.0170231
0.0170209
0.0170206
0.0170205
0.0170204
0.0170203
0.0170202
0.0170201
0.0170201
0.01702
0.0170199
0.0170198
0.0170198
0.0170197
0.0170197
0.0170196
0.0170196
0.0170196
0.0170195
0.0170195
0.0170195
0.0170195
0.0170194
0.0170194
0.0170194
0.0170194
0.0170194
0.0170194
0.0170194
0.0170193
0.0170193
0.0170193
0.0170193
0.0170193
0.0170193
0.0170193
0.0170193
0.0170193
0.0170193
0.0170193
0.0170193
0.0170193
0.0170193
0.0170193
0.0170193
0.0170193
0.0170193
0.0170193
0.0170193
0.0170193
0.0170193
0.0170193
0.0170193
0.0170193
0.0170193
0.0170193
0.0170193
0.0170193
0.0170193
0.0170193
0.0170193
0.0170193
0.0170193
0.0170193
0.0170193
0.0170193
0.0170193
0.0170193
0.0170193
0.0170193
0.0170193
0.0170193
0.0170193
0.0170193
0.0170193
0.0170193
0.0170193
0.0170193
0.0170193
0.0170193
0.0170193
0.0170193
0.0170193
0.0170193
0.0170193
0.0170193
0.0170193
0.0170193
0.0170193
0.0170193
0.0170193
0.0170193
0.0170193
0.0170193
0.0170193
0.0170193
0.0170193
0.0170193
0.0170193
0.0170193
0.0170193
0.0170193
0.0170193
0.0170193
0.0170194
0.0170194
0.0170194
0.0170194
0.0170194
0.0170194
0.0170194
0.0170194
0.0170194
0.0170194
0.0170194
0.0170194
0.0170194
0.0170194
0.0170194
0.0170194
0.0170194
0.0170194
0.0170194
0.0170194
0.0170194
0.0170194
0.0170194
0.0170194
0.0170194
0.0170194
0.0170194
0.0170194
0.0170194
0.0170194
0.0170194
0.0170194
0.0170194
0.0170194
0.0170194
0.0170194
0.0170194
0.0170194
0.0170194
0.0170194
0.0170194
0.0170194
0.0170194
0.0170194
0.0170194
0.0170194
0.0170194
0.0170194
0.0170194
0.0170194
0.0170194
0.0170194
0.0170194
0.0170194
0.0170194
0.0170194
0.0170194
0.0170194
0.0170194
0.0170194
0.0170193
0.0170193
0.0170193
0.0170193
0.0170193
0.0170193
0.0170193
0.0170193
0.0170193
0.0170193
0.0170193
0.0170193
0.0170193
0.0170193
0.0170193
0.0170193
0.0170193
0.0170193
0.0170193
0.0170193
0.0170193
0.0170193
0.0170193
0.0170193
0.0170193
0.0170193
0.0170193
0.0170193
0.0170193
0.0170193
0.0170193
0.0170193
0.0170193
0.0170193
0.0170193
0.0170193
0.0170193
0.0170193
0.0170193
0.0170193
0.0170193
0.0170193
0.0170193
0.0170193
0.0170193
0.0170193
0.0170193
0.0170193
0.0170193
0.0170193
0.0170193
0.0170193
0.0170193
0.0170193
0.0170193
0.0170193
0.0170193
0.0170193
0.0170193
0.0170193
0.0170193
0.0170193
0.0170193
0.0170193
0.0170193
0.0170193
0.0170193
0.0170193
0.0170193
0.0170193
0.0170193
0.0170193
0.0170193
0.0170193
0.0170193
0.0170193
0.0170193
0.0170193
0.0170193
0.0170193
0.0170194
0.0170194
0.0170194
0.0170194
0.0170194
0.0170194
0.0170194
0.0170195
0.0170195
0.0170195
0.0170196
0.0170196
0.0170196
0.0170197
0.0170197
0.0170198
0.0170198
0.0170199
0.01702
0.0170201
0.0170201
0.0170202
0.0170203
0.0170204
0.0170204
0.0170206
0.0170209
0.0170189
0.0170182
0.0170177
0.0170174
0.0170172
0.017017
0.0170169
0.0170167
0.0170166
0.0170166
0.0170165
0.0170164
0.0170163
0.0170163
0.0170162
0.0170162
0.0170162
0.0170161
0.0170161
0.0170161
0.0170161
0.017016
0.017016
0.017016
0.017016
0.017016
0.017016
0.0170159
0.0170159
0.0170159
0.0170159
0.0170159
0.0170159
0.0170159
0.0170159
0.0170159
0.0170159
0.0170159
0.0170159
0.0170159
0.0170159
0.0170159
0.0170159
0.0170159
0.0170159
0.0170159
0.0170159
0.0170159
0.0170159
0.0170159
0.0170159
0.0170159
0.0170159
0.0170159
0.0170159
0.0170159
0.0170159
0.0170159
0.0170159
0.0170159
0.0170159
0.0170159
0.0170159
0.0170159
0.0170159
0.0170159
0.0170159
0.0170159
0.0170159
0.0170159
0.0170159
0.0170159
0.0170159
0.0170159
0.0170159
0.0170159
0.0170159
0.0170159
0.0170159
0.0170159
0.0170159
0.0170159
0.0170159
0.0170159
0.0170159
0.0170159
0.0170159
0.0170159
0.0170159
0.0170159
0.0170159
0.0170159
0.0170159
0.0170159
0.0170159
0.0170159
0.0170159
0.0170159
0.0170159
0.0170159
0.0170159
0.0170159
0.0170159
0.0170159
0.0170159
0.0170159
0.0170159
0.0170159
0.0170159
0.0170159
0.0170159
0.0170159
0.0170159
0.0170159
0.0170159
0.0170159
0.0170159
0.017016
0.017016
0.017016
0.017016
0.017016
0.017016
0.017016
0.017016
0.017016
0.017016
0.017016
0.017016
0.017016
0.017016
0.017016
0.017016
0.017016
0.017016
0.017016
0.017016
0.017016
0.017016
0.017016
0.017016
0.017016
0.017016
0.017016
0.017016
0.017016
0.017016
0.017016
0.017016
0.017016
0.017016
0.0170159
0.0170159
0.0170159
0.0170159
0.0170159
0.0170159
0.0170159
0.0170159
0.0170159
0.0170159
0.0170159
0.0170159
0.0170159
0.0170159
0.0170159
0.0170159
0.0170159
0.0170159
0.0170159
0.0170159
0.0170159
0.0170159
0.0170159
0.0170159
0.0170159
0.0170159
0.0170159
0.0170159
0.0170159
0.0170159
0.0170159
0.0170159
0.0170159
0.0170159
0.0170159
0.0170159
0.0170159
0.0170159
0.0170159
0.0170159
0.0170159
0.0170159
0.0170159
0.0170159
0.0170159
0.0170159
0.0170159
0.0170159
0.0170159
0.0170159
0.0170159
0.0170159
0.0170159
0.0170159
0.0170159
0.0170159
0.0170159
0.0170159
0.0170159
0.0170159
0.0170159
0.0170159
0.0170159
0.0170159
0.0170159
0.0170159
0.0170159
0.0170159
0.0170159
0.0170159
0.0170159
0.0170159
0.0170159
0.0170159
0.0170159
0.0170159
0.0170159
0.0170159
0.0170159
0.0170159
0.0170159
0.0170159
0.0170159
0.0170159
0.0170159
0.0170159
0.0170159
0.0170159
0.0170159
0.0170159
0.0170159
0.0170159
0.017016
0.017016
0.017016
0.017016
0.017016
0.017016
0.017016
0.0170161
0.0170161
0.0170161
0.0170162
0.0170162
0.0170162
0.0170163
0.0170163
0.0170164
0.0170165
0.0170165
0.0170166
0.0170167
0.0170168
0.017017
0.0170172
0.0170174
0.0170177
0.0170181
0.0170189
0.0170175
0.0170165
0.0170157
0.0170153
0.0170149
0.0170147
0.0170145
0.0170144
0.0170142
0.0170141
0.017014
0.017014
0.0170139
0.0170139
0.0170138
0.0170138
0.0170137
0.0170137
0.0170137
0.0170136
0.0170136
0.0170136
0.0170136
0.0170135
0.0170135
0.0170135
0.0170135
0.0170135
0.0170135
0.0170135
0.0170135
0.0170135
0.0170135
0.0170135
0.0170135
0.0170134
0.0170134
0.0170134
0.0170134
0.0170134
0.0170134
0.0170134
0.0170134
0.0170134
0.0170134
0.0170134
0.0170134
0.0170134
0.0170134
0.0170134
0.0170134
0.0170134
0.0170134
0.0170134
0.0170134
0.0170134
0.0170135
0.0170135
0.0170135
0.0170135
0.0170135
0.0170135
0.0170135
0.0170135
0.0170135
0.0170135
0.0170135
0.0170135
0.0170135
0.0170135
0.0170135
0.0170135
0.0170135
0.0170135
0.0170135
0.0170135
0.0170135
0.0170135
0.0170135
0.0170135
0.0170135
0.0170135
0.0170135
0.0170135
0.0170135
0.0170135
0.0170135
0.0170135
0.0170135
0.0170135
0.0170135
0.0170135
0.0170135
0.0170135
0.0170135
0.0170135
0.0170135
0.0170135
0.0170135
0.0170135
0.0170135
0.0170135
0.0170135
0.0170135
0.0170135
0.0170135
0.0170135
0.0170135
0.0170135
0.0170135
0.0170135
0.0170135
0.0170135
0.0170135
0.0170135
0.0170135
0.0170135
0.0170135
0.0170135
0.0170135
0.0170135
0.0170135
0.0170135
0.0170135
0.0170135
0.0170135
0.0170135
0.0170135
0.0170135
0.0170135
0.0170135
0.0170135
0.0170135
0.0170135
0.0170135
0.0170135
0.0170135
0.0170135
0.0170135
0.0170135
0.0170135
0.0170135
0.0170135
0.0170135
0.0170135
0.0170135
0.0170135
0.0170135
0.0170135
0.0170135
0.0170135
0.0170135
0.0170135
0.0170135
0.0170135
0.0170135
0.0170135
0.0170135
0.0170135
0.0170135
0.0170135
0.0170135
0.0170135
0.0170135
0.0170135
0.0170135
0.0170135
0.0170135
0.0170135
0.0170135
0.0170135
0.0170135
0.0170135
0.0170135
0.0170135
0.0170135
0.0170135
0.0170135
0.0170135
0.0170135
0.0170135
0.0170135
0.0170135
0.0170135
0.0170135
0.0170135
0.0170135
0.0170135
0.0170135
0.0170135
0.0170135
0.0170135
0.0170135
0.0170135
0.0170135
0.0170135
0.0170135
0.0170135
0.0170135
0.0170135
0.0170135
0.0170135
0.0170135
0.0170135
0.0170135
0.0170135
0.0170135
0.0170135
0.0170135
0.0170135
0.0170134
0.0170134
0.0170134
0.0170134
0.0170134
0.0170134
0.0170134
0.0170134
0.0170134
0.0170134
0.0170134
0.0170134
0.0170134
0.0170134
0.0170134
0.0170134
0.0170134
0.0170134
0.0170134
0.0170134
0.0170134
0.0170134
0.0170134
0.0170134
0.0170134
0.0170134
0.0170135
0.0170135
0.0170135
0.0170135
0.0170135
0.0170135
0.0170135
0.0170135
0.0170135
0.0170135
0.0170135
0.0170136
0.0170136
0.0170136
0.0170136
0.0170136
0.0170137
0.0170137
0.0170137
0.0170138
0.0170138
0.0170139
0.017014
0.017014
0.0170141
0.0170142
0.0170143
0.0170145
0.0170147
0.0170149
0.0170153
0.0170157
0.0170164
0.0170175
0.0170166
0.0170154
0.0170145
0.0170139
0.0170135
0.0170132
0.017013
0.0170128
0.0170127
0.0170126
0.0170125
0.0170124
0.0170123
0.0170123
0.0170122
0.0170122
0.0170121
0.0170121
0.0170121
0.0170121
0.017012
0.017012
0.017012
0.017012
0.0170119
0.0170119
0.0170119
0.0170119
0.0170119
0.0170119
0.0170119
0.0170119
0.0170119
0.0170119
0.0170119
0.0170119
0.0170119
0.0170119
0.0170119
0.0170119
0.0170119
0.0170119
0.0170119
0.0170119
0.0170119
0.0170119
0.0170119
0.0170119
0.0170119
0.0170119
0.0170119
0.0170119
0.0170119
0.0170119
0.0170119
0.0170119
0.0170119
0.0170119
0.0170119
0.0170119
0.0170119
0.0170119
0.0170119
0.0170119
0.0170119
0.0170119
0.0170119
0.0170119
0.0170119
0.0170119
0.0170119
0.0170119
0.0170119
0.0170119
0.0170119
0.0170119
0.0170119
0.0170119
0.0170119
0.0170119
0.0170119
0.0170119
0.0170119
0.0170119
0.0170119
0.0170119
0.0170119
0.0170119
0.0170119
0.0170119
0.0170119
0.0170119
0.0170119
0.0170119
0.0170119
0.0170119
0.0170119
0.0170119
0.0170119
0.0170119
0.0170119
0.0170119
0.0170119
0.0170119
0.0170119
0.0170119
0.0170119
0.0170119
0.0170119
0.0170119
0.0170119
0.0170119
0.0170119
0.0170119
0.0170119
0.0170119
0.0170119
0.0170119
0.0170119
0.0170119
0.0170119
0.0170119
0.0170119
0.0170119
0.0170119
0.0170119
0.0170119
0.0170119
0.0170119
0.0170119
0.0170119
0.0170119
0.0170119
0.0170119
0.0170119
0.0170119
0.0170119
0.0170119
0.0170119
0.0170119
0.0170119
0.0170119
0.0170119
0.0170119
0.0170119
0.0170119
0.0170119
0.0170119
0.0170119
0.0170119
0.0170119
0.0170119
0.0170119
0.0170119
0.0170119
0.0170119
0.0170119
0.0170119
0.0170119
0.0170119
0.0170119
0.0170119
0.0170119
0.0170119
0.0170119
0.0170119
0.0170119
0.0170119
0.0170119
0.0170119
0.0170119
0.0170119
0.0170119
0.0170119
0.0170119
0.0170119
0.0170119
0.0170119
0.0170119
0.0170119
0.0170119
0.0170119
0.0170119
0.0170119
0.0170119
0.0170119
0.0170119
0.0170119
0.0170119
0.0170119
0.0170119
0.0170119
0.0170119
0.0170119
0.0170119
0.0170119
0.0170119
0.0170119
0.0170119
0.0170119
0.0170119
0.0170119
0.0170119
0.0170119
0.0170119
0.0170119
0.0170119
0.0170119
0.0170119
0.0170119
0.0170119
0.0170119
0.0170119
0.0170119
0.0170119
0.0170119
0.0170119
0.0170119
0.0170119
0.0170119
0.0170119
0.0170119
0.0170119
0.0170119
0.0170119
0.0170119
0.0170119
0.0170119
0.0170119
0.0170119
0.0170119
0.0170119
0.0170119
0.0170119
0.0170119
0.0170119
0.0170119
0.0170119
0.0170119
0.0170119
0.0170119
0.0170119
0.0170119
0.0170119
0.0170119
0.0170119
0.017012
0.017012
0.017012
0.017012
0.017012
0.0170121
0.0170121
0.0170121
0.0170122
0.0170122
0.0170123
0.0170123
0.0170124
0.0170125
0.0170126
0.0170127
0.0170128
0.017013
0.0170132
0.0170135
0.0170139
0.0170145
0.0170153
0.0170166
0.017016
0.0170147
0.0170137
0.0170131
0.0170126
0.0170123
0.017012
0.0170118
0.0170117
0.0170116
0.0170115
0.0170114
0.0170113
0.0170113
0.0170112
0.0170112
0.0170111
0.0170111
0.0170111
0.017011
0.017011
0.017011
0.017011
0.017011
0.0170109
0.0170109
0.0170109
0.0170109
0.0170109
0.0170109
0.0170109
0.0170109
0.0170109
0.0170109
0.0170109
0.0170109
0.0170109
0.0170109
0.0170109
0.0170109
0.0170109
0.0170109
0.0170109
0.0170109
0.0170109
0.0170109
0.0170109
0.0170109
0.0170109
0.0170109
0.0170109
0.0170109
0.0170109
0.0170109
0.0170109
0.0170109
0.0170109
0.0170109
0.0170109
0.0170109
0.0170109
0.0170109
0.0170109
0.0170109
0.0170109
0.0170109
0.0170109
0.0170109
0.0170109
0.0170109
0.0170109
0.0170109
0.0170109
0.0170109
0.0170109
0.0170109
0.0170109
0.0170109
0.0170109
0.0170109
0.0170109
0.0170109
0.0170109
0.0170109
0.0170109
0.0170109
0.0170109
0.0170109
0.0170109
0.0170109
0.0170109
0.0170109
0.0170109
0.0170109
0.0170109
0.0170109
0.0170109
0.0170109
0.0170109
0.0170109
0.0170109
0.0170109
0.0170109
0.0170109
0.0170109
0.0170109
0.0170109
0.0170109
0.0170109
0.0170109
0.0170109
0.0170109
0.0170109
0.0170109
0.0170109
0.0170109
0.0170109
0.0170109
0.0170109
0.0170109
0.0170109
0.0170109
0.0170109
0.0170109
0.0170109
0.0170109
0.0170109
0.0170109
0.0170109
0.0170109
0.0170109
0.0170109
0.0170109
0.0170109
0.0170109
0.0170109
0.0170109
0.0170109
0.0170109
0.0170109
0.0170109
0.0170109
0.0170109
0.0170109
0.0170109
0.0170109
0.0170109
0.0170109
0.0170109
0.0170109
0.0170109
0.0170109
0.0170109
0.0170109
0.0170109
0.0170109
0.0170109
0.0170109
0.0170109
0.0170109
0.0170109
0.0170109
0.0170109
0.0170109
0.0170109
0.0170109
0.0170109
0.0170109
0.0170109
0.0170109
0.0170109
0.0170109
0.0170109
0.0170109
0.0170109
0.0170109
0.0170109
0.0170109
0.0170109
0.0170109
0.0170109
0.0170109
0.0170109
0.0170109
0.0170109
0.0170109
0.0170109
0.0170109
0.0170109
0.0170109
0.0170109
0.0170109
0.0170109
0.0170109
0.0170109
0.0170109
0.0170109
0.0170109
0.0170109
0.0170109
0.0170109
0.0170109
0.0170109
0.0170109
0.0170109
0.0170109
0.0170109
0.0170109
0.0170109
0.0170109
0.0170109
0.0170109
0.0170109
0.0170109
0.0170109
0.0170109
0.0170109
0.0170109
0.0170109
0.0170109
0.0170109
0.0170109
0.0170109
0.0170109
0.0170109
0.0170109
0.0170109
0.0170109
0.0170109
0.0170109
0.0170109
0.0170109
0.0170109
0.0170109
0.0170109
0.0170109
0.0170109
0.0170109
0.0170109
0.0170109
0.0170109
0.0170109
0.0170109
0.0170109
0.0170109
0.0170109
0.017011
0.017011
0.017011
0.017011
0.017011
0.0170111
0.0170111
0.0170111
0.0170112
0.0170112
0.0170113
0.0170113
0.0170114
0.0170115
0.0170116
0.0170117
0.0170118
0.017012
0.0170123
0.0170126
0.0170131
0.0170137
0.0170147
0.017016
0.0170157
0.0170142
0.0170132
0.0170125
0.017012
0.0170117
0.0170114
0.0170112
0.0170111
0.017011
0.0170109
0.0170108
0.0170107
0.0170106
0.0170106
0.0170105
0.0170105
0.0170105
0.0170104
0.0170104
0.0170104
0.0170104
0.0170103
0.0170103
0.0170103
0.0170103
0.0170103
0.0170103
0.0170103
0.0170103
0.0170102
0.0170102
0.0170102
0.0170102
0.0170102
0.0170102
0.0170102
0.0170102
0.0170102
0.0170102
0.0170102
0.0170102
0.0170102
0.0170102
0.0170102
0.0170102
0.0170102
0.0170102
0.0170102
0.0170102
0.0170102
0.0170102
0.0170102
0.0170102
0.0170102
0.0170102
0.0170102
0.0170102
0.0170102
0.0170102
0.0170102
0.0170102
0.0170102
0.0170102
0.0170102
0.0170102
0.0170102
0.0170102
0.0170102
0.0170102
0.0170102
0.0170102
0.0170102
0.0170102
0.0170102
0.0170102
0.0170102
0.0170103
0.0170103
0.0170103
0.0170103
0.0170103
0.0170103
0.0170103
0.0170103
0.0170103
0.0170103
0.0170103
0.0170103
0.0170103
0.0170103
0.0170103
0.0170103
0.0170103
0.0170103
0.0170103
0.0170103
0.0170103
0.0170103
0.0170103
0.0170103
0.0170103
0.0170103
0.0170103
0.0170103
0.0170103
0.0170103
0.0170103
0.0170103
0.0170103
0.0170103
0.0170103
0.0170103
0.0170103
0.0170103
0.0170103
0.0170103
0.0170103
0.0170103
0.0170103
0.0170103
0.0170103
0.0170103
0.0170103
0.0170103
0.0170103
0.0170103
0.0170103
0.0170103
0.0170103
0.0170103
0.0170103
0.0170103
0.0170103
0.0170103
0.0170103
0.0170103
0.0170103
0.0170103
0.0170103
0.0170103
0.0170103
0.0170103
0.0170103
0.0170103
0.0170103
0.0170103
0.0170103
0.0170103
0.0170103
0.0170103
0.0170103
0.0170103
0.0170103
0.0170103
0.0170103
0.0170103
0.0170103
0.0170103
0.0170103
0.0170103
0.0170103
0.0170103
0.0170103
0.0170103
0.0170103
0.0170103
0.0170103
0.0170103
0.0170103
0.0170103
0.0170103
0.0170103
0.0170103
0.0170103
0.0170103
0.0170103
0.0170103
0.0170103
0.0170103
0.0170103
0.0170103
0.0170103
0.0170103
0.0170103
0.0170103
0.0170102
0.0170102
0.0170102
0.0170102
0.0170102
0.0170102
0.0170102
0.0170102
0.0170102
0.0170102
0.0170102
0.0170102
0.0170102
0.0170102
0.0170102
0.0170102
0.0170102
0.0170102
0.0170102
0.0170102
0.0170102
0.0170102
0.0170102
0.0170102
0.0170102
0.0170102
0.0170102
0.0170102
0.0170102
0.0170102
0.0170102
0.0170102
0.0170102
0.0170102
0.0170102
0.0170102
0.0170102
0.0170102
0.0170102
0.0170102
0.0170102
0.0170102
0.0170102
0.0170102
0.0170102
0.0170102
0.0170102
0.0170102
0.0170102
0.0170102
0.0170102
0.0170102
0.0170102
0.0170102
0.0170103
0.0170103
0.0170103
0.0170103
0.0170103
0.0170103
0.0170103
0.0170103
0.0170104
0.0170104
0.0170104
0.0170104
0.0170105
0.0170105
0.0170105
0.0170106
0.0170106
0.0170107
0.0170108
0.0170109
0.017011
0.0170111
0.0170112
0.0170114
0.0170117
0.017012
0.0170125
0.0170132
0.0170142
0.0170157
0.0170155
0.017014
0.0170129
0.0170122
0.0170117
0.0170113
0.017011
0.0170108
0.0170107
0.0170106
0.0170105
0.0170104
0.0170103
0.0170102
0.0170102
0.0170101
0.0170101
0.0170101
0.01701
0.01701
0.01701
0.01701
0.0170099
0.0170099
0.0170099
0.0170099
0.0170099
0.0170099
0.0170099
0.0170099
0.0170098
0.0170098
0.0170098
0.0170098
0.0170098
0.0170098
0.0170098
0.0170098
0.0170098
0.0170098
0.0170098
0.0170098
0.0170098
0.0170098
0.0170098
0.0170098
0.0170098
0.0170098
0.0170098
0.0170098
0.0170098
0.0170098
0.0170098
0.0170098
0.0170098
0.0170098
0.0170098
0.0170098
0.0170098
0.0170098
0.0170098
0.0170098
0.0170098
0.0170098
0.0170098
0.0170098
0.0170098
0.0170098
0.0170098
0.0170098
0.0170098
0.0170098
0.0170098
0.0170098
0.0170098
0.0170099
0.0170099
0.0170099
0.0170099
0.0170099
0.0170099
0.0170099
0.0170099
0.0170099
0.0170099
0.0170099
0.0170099
0.0170099
0.0170099
0.0170099
0.0170099
0.0170099
0.0170099
0.0170099
0.0170099
0.0170099
0.0170099
0.0170099
0.0170099
0.0170099
0.0170099
0.0170099
0.0170099
0.0170099
0.0170099
0.0170099
0.0170099
0.0170099
0.0170099
0.0170099
0.0170099
0.0170099
0.0170099
0.0170099
0.0170099
0.0170099
0.0170099
0.0170099
0.0170099
0.0170099
0.0170099
0.0170099
0.0170099
0.0170099
0.0170099
0.0170099
0.0170099
0.0170099
0.0170099
0.0170099
0.0170099
0.0170099
0.0170099
0.0170099
0.0170099
0.0170099
0.0170099
0.0170099
0.0170099
0.0170099
0.0170099
0.0170099
0.0170099
0.0170099
0.0170099
0.0170099
0.0170099
0.0170099
0.0170099
0.0170099
0.0170099
0.0170099
0.0170099
0.0170099
0.0170099
0.0170099
0.0170099
0.0170099
0.0170099
0.0170099
0.0170099
0.0170099
0.0170099
0.0170099
0.0170099
0.0170099
0.0170099
0.0170099
0.0170099
0.0170099
0.0170099
0.0170099
0.0170099
0.0170099
0.0170099
0.0170099
0.0170099
0.0170099
0.0170099
0.0170099
0.0170099
0.0170099
0.0170099
0.0170099
0.0170099
0.0170099
0.0170099
0.0170099
0.0170099
0.0170098
0.0170098
0.0170098
0.0170098
0.0170098
0.0170098
0.0170098
0.0170098
0.0170098
0.0170098
0.0170098
0.0170098
0.0170098
0.0170098
0.0170098
0.0170098
0.0170098
0.0170098
0.0170098
0.0170098
0.0170098
0.0170098
0.0170098
0.0170098
0.0170098
0.0170098
0.0170098
0.0170098
0.0170098
0.0170098
0.0170098
0.0170098
0.0170098
0.0170098
0.0170098
0.0170098
0.0170098
0.0170098
0.0170098
0.0170098
0.0170098
0.0170098
0.0170098
0.0170098
0.0170098
0.0170098
0.0170098
0.0170098
0.0170098
0.0170098
0.0170098
0.0170099
0.0170099
0.0170099
0.0170099
0.0170099
0.0170099
0.0170099
0.0170099
0.01701
0.01701
0.01701
0.01701
0.0170101
0.0170101
0.0170101
0.0170102
0.0170102
0.0170103
0.0170104
0.0170105
0.0170106
0.0170107
0.0170108
0.017011
0.0170113
0.0170117
0.0170122
0.0170129
0.017014
0.0170154
0.0170153
0.0170138
0.0170127
0.017012
0.0170115
0.0170111
0.0170108
0.0170106
0.0170105
0.0170103
0.0170102
0.0170101
0.0170101
0.01701
0.0170099
0.0170099
0.0170099
0.0170098
0.0170098
0.0170098
0.0170097
0.0170097
0.0170097
0.0170097
0.0170097
0.0170097
0.0170096
0.0170096
0.0170096
0.0170096
0.0170096
0.0170096
0.0170096
0.0170096
0.0170096
0.0170096
0.0170096
0.0170096
0.0170096
0.0170096
0.0170096
0.0170096
0.0170096
0.0170096
0.0170096
0.0170096
0.0170096
0.0170096
0.0170096
0.0170096
0.0170096
0.0170096
0.0170096
0.0170096
0.0170096
0.0170096
0.0170096
0.0170096
0.0170096
0.0170096
0.0170096
0.0170096
0.0170096
0.0170096
0.0170096
0.0170096
0.0170096
0.0170096
0.0170096
0.0170096
0.0170096
0.0170096
0.0170096
0.0170096
0.0170096
0.0170096
0.0170096
0.0170096
0.0170096
0.0170096
0.0170096
0.0170096
0.0170096
0.0170096
0.0170096
0.0170096
0.0170096
0.0170096
0.0170096
0.0170096
0.0170096
0.0170096
0.0170096
0.0170096
0.0170096
0.0170096
0.0170096
0.0170096
0.0170096
0.0170096
0.0170096
0.0170096
0.0170096
0.0170096
0.0170096
0.0170096
0.0170096
0.0170096
0.0170096
0.0170096
0.0170096
0.0170096
0.0170096
0.0170096
0.0170096
0.0170096
0.0170096
0.0170096
0.0170096
0.0170096
0.0170096
0.0170096
0.0170096
0.0170096
0.0170096
0.0170096
0.0170096
0.0170096
0.0170096
0.0170096
0.0170096
0.0170096
0.0170096
0.0170096
0.0170096
0.0170096
0.0170096
0.0170096
0.0170096
0.0170096
0.0170096
0.0170096
0.0170096
0.0170096
0.0170096
0.0170096
0.0170096
0.0170096
0.0170096
0.0170096
0.0170096
0.0170096
0.0170096
0.0170096
0.0170096
0.0170096
0.0170096
0.0170096
0.0170096
0.0170096
0.0170096
0.0170096
0.0170096
0.0170096
0.0170096
0.0170096
0.0170096
0.0170096
0.0170096
0.0170096
0.0170096
0.0170096
0.0170096
0.0170096
0.0170096
0.0170096
0.0170096
0.0170096
0.0170096
0.0170096
0.0170096
0.0170096
0.0170096
0.0170096
0.0170096
0.0170096
0.0170096
0.0170096
0.0170096
0.0170096
0.0170096
0.0170096
0.0170096
0.0170096
0.0170096
0.0170096
0.0170096
0.0170096
0.0170096
0.0170096
0.0170096
0.0170096
0.0170096
0.0170096
0.0170096
0.0170096
0.0170096
0.0170096
0.0170096
0.0170096
0.0170096
0.0170096
0.0170096
0.0170096
0.0170096
0.0170096
0.0170096
0.0170096
0.0170096
0.0170096
0.0170096
0.0170096
0.0170096
0.0170096
0.0170096
0.0170096
0.0170096
0.0170096
0.0170096
0.0170096
0.0170096
0.0170096
0.0170096
0.0170096
0.0170096
0.0170096
0.0170096
0.0170096
0.0170096
0.0170096
0.0170096
0.0170096
0.0170096
0.0170096
0.0170096
0.0170097
0.0170097
0.0170097
0.0170097
0.0170097
0.0170098
0.0170098
0.0170098
0.0170099
0.0170099
0.0170099
0.01701
0.0170101
0.0170101
0.0170102
0.0170103
0.0170104
0.0170106
0.0170108
0.0170111
0.0170115
0.017012
0.0170127
0.0170138
0.0170153
0.0170152
0.0170137
0.0170126
0.0170119
0.0170113
0.017011
0.0170107
0.0170105
0.0170103
0.0170102
0.0170101
0.01701
0.0170099
0.0170099
0.0170098
0.0170098
0.0170097
0.0170097
0.0170096
0.0170096
0.0170096
0.0170096
0.0170096
0.0170095
0.0170095
0.0170095
0.0170095
0.0170095
0.0170095
0.0170095
0.0170095
0.0170095
0.0170094
0.0170094
0.0170094
0.0170094
0.0170094
0.0170094
0.0170094
0.0170094
0.0170094
0.0170094
0.0170094
0.0170094
0.0170094
0.0170094
0.0170094
0.0170094
0.0170094
0.0170094
0.0170094
0.0170094
0.0170094
0.0170094
0.0170094
0.0170094
0.0170094
0.0170094
0.0170094
0.0170094
0.0170094
0.0170094
0.0170094
0.0170094
0.0170094
0.0170095
0.0170095
0.0170095
0.0170095
0.0170095
0.0170095
0.0170095
0.0170095
0.0170095
0.0170095
0.0170095
0.0170095
0.0170095
0.0170095
0.0170095
0.0170095
0.0170095
0.0170095
0.0170095
0.0170095
0.0170095
0.0170095
0.0170095
0.0170095
0.0170095
0.0170095
0.0170095
0.0170095
0.0170095
0.0170095
0.0170095
0.0170095
0.0170095
0.0170095
0.0170095
0.0170095
0.0170095
0.0170095
0.0170095
0.0170095
0.0170095
0.0170095
0.0170095
0.0170095
0.0170095
0.0170095
0.0170095
0.0170095
0.0170095
0.0170095
0.0170095
0.0170095
0.0170095
0.0170095
0.0170095
0.0170095
0.0170095
0.0170095
0.0170095
0.0170095
0.0170095
0.0170095
0.0170095
0.0170095
0.0170095
0.0170095
0.0170095
0.0170095
0.0170095
0.0170095
0.0170095
0.0170095
0.0170095
0.0170095
0.0170095
0.0170095
0.0170095
0.0170095
0.0170095
0.0170095
0.0170095
0.0170095
0.0170095
0.0170095
0.0170095
0.0170095
0.0170095
0.0170095
0.0170095
0.0170095
0.0170095
0.0170095
0.0170095
0.0170095
0.0170095
0.0170095
0.0170095
0.0170095
0.0170095
0.0170095
0.0170095
0.0170095
0.0170095
0.0170095
0.0170095
0.0170095
0.0170095
0.0170095
0.0170095
0.0170095
0.0170095
0.0170095
0.0170095
0.0170095
0.0170095
0.0170095
0.0170095
0.0170095
0.0170095
0.0170095
0.0170095
0.0170095
0.0170095
0.0170095
0.0170095
0.0170095
0.0170095
0.0170095
0.0170095
0.0170095
0.0170095
0.0170095
0.0170095
0.0170095
0.0170095
0.0170094
0.0170094
0.0170094
0.0170094
0.0170094
0.0170094
0.0170094
0.0170094
0.0170094
0.0170094
0.0170094
0.0170094
0.0170094
0.0170094
0.0170094
0.0170094
0.0170094
0.0170094
0.0170094
0.0170094
0.0170094
0.0170094
0.0170094
0.0170094
0.0170094
0.0170094
0.0170094
0.0170094
0.0170094
0.0170094
0.0170094
0.0170094
0.0170094
0.0170094
0.0170094
0.0170094
0.0170094
0.0170094
0.0170095
0.0170095
0.0170095
0.0170095
0.0170095
0.0170095
0.0170095
0.0170095
0.0170095
0.0170095
0.0170096
0.0170096
0.0170096
0.0170096
0.0170097
0.0170097
0.0170098
0.0170098
0.0170099
0.0170099
0.01701
0.0170101
0.0170102
0.0170103
0.0170105
0.0170107
0.0170109
0.0170113
0.0170119
0.0170126
0.0170137
0.0170152
0.0170152
0.0170137
0.0170126
0.0170118
0.0170113
0.0170109
0.0170106
0.0170104
0.0170102
0.0170101
0.01701
0.0170099
0.0170098
0.0170098
0.0170097
0.0170097
0.0170096
0.0170096
0.0170096
0.0170095
0.0170095
0.0170095
0.0170095
0.0170094
0.0170094
0.0170094
0.0170094
0.0170094
0.0170094
0.0170094
0.0170094
0.0170094
0.0170094
0.0170094
0.0170094
0.0170094
0.0170094
0.0170093
0.0170093
0.0170093
0.0170093
0.0170093
0.0170093
0.0170093
0.0170093
0.0170093
0.0170093
0.0170093
0.0170093
0.0170093
0.0170093
0.0170094
0.0170094
0.0170094
0.0170094
0.0170094
0.0170094
0.0170094
0.0170094
0.0170094
0.0170094
0.0170094
0.0170094
0.0170094
0.0170094
0.0170094
0.0170094
0.0170094
0.0170094
0.0170094
0.0170094
0.0170094
0.0170094
0.0170094
0.0170094
0.0170094
0.0170094
0.0170094
0.0170094
0.0170094
0.0170094
0.0170094
0.0170094
0.0170094
0.0170094
0.0170094
0.0170094
0.0170094
0.0170094
0.0170094
0.0170094
0.0170094
0.0170094
0.0170094
0.0170094
0.0170094
0.0170094
0.0170094
0.0170094
0.0170094
0.0170094
0.0170094
0.0170094
0.0170094
0.0170094
0.0170094
0.0170094
0.0170094
0.0170094
0.0170094
0.0170094
0.0170094
0.0170094
0.0170094
0.0170094
0.0170094
0.0170094
0.0170094
0.0170094
0.0170094
0.0170094
0.0170094
0.0170094
0.0170094
0.0170094
0.0170094
0.0170094
0.0170094
0.0170094
0.0170094
0.0170094
0.0170094
0.0170094
0.0170094
0.0170094
0.0170094
0.0170094
0.0170094
0.0170094
0.0170094
0.0170094
0.0170094
0.0170094
0.0170094
0.0170094
0.0170094
0.0170094
0.0170094
0.0170094
0.0170094
0.0170094
0.0170094
0.0170094
0.0170094
0.0170094
0.0170094
0.0170094
0.0170094
0.0170094
0.0170094
0.0170094
0.0170094
0.0170094
0.0170094
0.0170094
0.0170094
0.0170094
0.0170094
0.0170094
0.0170094
0.0170094
0.0170094
0.0170094
0.0170094
0.0170094
0.0170094
0.0170094
0.0170094
0.0170094
0.0170094
0.0170094
0.0170094
0.0170094
0.0170094
0.0170094
0.0170094
0.0170094
0.0170094
0.0170094
0.0170094
0.0170094
0.0170094
0.0170094
0.0170094
0.0170094
0.0170094
0.0170094
0.0170094
0.0170094
0.0170094
0.0170094
0.0170094
0.0170094
0.0170094
0.0170094
0.0170094
0.0170094
0.0170094
0.0170094
0.0170094
0.0170094
0.0170094
0.0170094
0.0170094
0.0170094
0.0170093
0.0170093
0.0170093
0.0170093
0.0170093
0.0170093
0.0170093
0.0170093
0.0170093
0.0170093
0.0170093
0.0170093
0.0170093
0.0170093
0.0170093
0.0170093
0.0170093
0.0170093
0.0170094
0.0170094
0.0170094
0.0170094
0.0170094
0.0170094
0.0170094
0.0170094
0.0170094
0.0170094
0.0170094
0.0170094
0.0170094
0.0170094
0.0170095
0.0170095
0.0170095
0.0170095
0.0170096
0.0170096
0.0170096
0.0170097
0.0170097
0.0170098
0.0170098
0.0170099
0.01701
0.0170101
0.0170102
0.0170104
0.0170106
0.0170109
0.0170113
0.0170118
0.0170126
0.0170136
0.0170152
0.0170152
0.0170136
0.0170125
0.0170118
0.0170112
0.0170108
0.0170105
0.0170103
0.0170102
0.01701
0.0170099
0.0170099
0.0170098
0.0170097
0.0170097
0.0170096
0.0170096
0.0170095
0.0170095
0.0170095
0.0170095
0.0170094
0.0170094
0.0170094
0.0170094
0.0170094
0.0170094
0.0170093
0.0170093
0.0170093
0.0170093
0.0170093
0.0170093
0.0170093
0.0170093
0.0170093
0.0170093
0.0170093
0.0170093
0.0170093
0.0170093
0.0170093
0.0170093
0.0170093
0.0170093
0.0170093
0.0170093
0.0170093
0.0170093
0.0170093
0.0170093
0.0170093
0.0170093
0.0170093
0.0170093
0.0170093
0.0170093
0.0170093
0.0170093
0.0170093
0.0170093
0.0170093
0.0170093
0.0170093
0.0170093
0.0170093
0.0170093
0.0170093
0.0170093
0.0170093
0.0170093
0.0170093
0.0170093
0.0170093
0.0170093
0.0170093
0.0170093
0.0170093
0.0170093
0.0170093
0.0170093
0.0170093
0.0170093
0.0170093
0.0170093
0.0170093
0.0170093
0.0170093
0.0170093
0.0170093
0.0170093
0.0170093
0.0170093
0.0170093
0.0170093
0.0170093
0.0170093
0.0170093
0.0170093
0.0170093
0.0170093
0.0170093
0.0170093
0.0170093
0.0170093
0.0170093
0.0170093
0.0170093
0.0170093
0.0170093
0.0170093
0.0170094
0.0170094
0.0170094
0.0170094
0.0170094
0.0170094
0.0170094
0.0170094
0.0170094
0.0170094
0.0170094
0.0170094
0.0170094
0.0170094
0.0170094
0.0170094
0.0170094
0.0170094
0.0170094
0.0170094
0.0170094
0.0170094
0.0170094
0.0170094
0.0170094
0.0170094
0.0170094
0.0170094
0.0170094
0.0170094
0.0170094
0.0170094
0.0170094
0.0170094
0.0170094
0.0170094
0.0170094
0.0170094
0.0170094
0.0170094
0.0170094
0.0170094
0.0170094
0.0170093
0.0170093
0.0170093
0.0170093
0.0170093
0.0170093
0.0170093
0.0170093
0.0170093
0.0170093
0.0170093
0.0170093
0.0170093
0.0170093
0.0170093
0.0170093
0.0170093
0.0170093
0.0170093
0.0170093
0.0170093
0.0170093
0.0170093
0.0170093
0.0170093
0.0170093
0.0170093
0.0170093
0.0170093
0.0170093
0.0170093
0.0170093
0.0170093
0.0170093
0.0170093
0.0170093
0.0170093
0.0170093
0.0170093
0.0170093
0.0170093
0.0170093
0.0170093
0.0170093
0.0170093
0.0170093
0.0170093
0.0170093
0.0170093
0.0170093
0.0170093
0.0170093
0.0170093
0.0170093
0.0170093
0.0170093
0.0170093
0.0170093
0.0170093
0.0170093
0.0170093
0.0170093
0.0170093
0.0170093
0.0170093
0.0170093
0.0170093
0.0170093
0.0170093
0.0170093
0.0170093
0.0170093
0.0170093
0.0170093
0.0170093
0.0170093
0.0170093
0.0170093
0.0170093
0.0170093
0.0170093
0.0170093
0.0170093
0.0170093
0.0170093
0.0170093
0.0170093
0.0170093
0.0170093
0.0170094
0.0170094
0.0170094
0.0170094
0.0170094
0.0170094
0.0170095
0.0170095
0.0170095
0.0170095
0.0170096
0.0170096
0.0170097
0.0170097
0.0170098
0.0170099
0.0170099
0.01701
0.0170102
0.0170103
0.0170105
0.0170108
0.0170112
0.0170118
0.0170125
0.0170136
0.0170151
0.0170151
0.0170136
0.0170125
0.0170117
0.0170112
0.0170108
0.0170105
0.0170103
0.0170101
0.01701
0.0170099
0.0170098
0.0170098
0.0170097
0.0170096
0.0170096
0.0170095
0.0170095
0.0170095
0.0170095
0.0170094
0.0170094
0.0170094
0.0170094
0.0170094
0.0170093
0.0170093
0.0170093
0.0170093
0.0170093
0.0170093
0.0170093
0.0170093
0.0170093
0.0170093
0.0170093
0.0170093
0.0170093
0.0170093
0.0170093
0.0170093
0.0170093
0.0170093
0.0170093
0.0170093
0.0170093
0.0170093
0.0170093
0.0170093
0.0170093
0.0170093
0.0170093
0.0170093
0.0170093
0.0170093
0.0170093
0.0170093
0.0170093
0.0170093
0.0170093
0.0170093
0.0170093
0.0170093
0.0170093
0.0170093
0.0170093
0.0170093
0.0170093
0.0170093
0.0170093
0.0170093
0.0170093
0.0170093
0.0170093
0.0170093
0.0170093
0.0170093
0.0170093
0.0170093
0.0170093
0.0170093
0.0170093
0.0170093
0.0170093
0.0170093
0.0170093
0.0170093
0.0170093
0.0170093
0.0170093
0.0170093
0.0170093
0.0170093
0.0170093
0.0170093
0.0170093
0.0170093
0.0170093
0.0170093
0.0170093
0.0170093
0.0170093
0.0170093
0.0170093
0.0170093
0.0170093
0.0170093
0.0170093
0.0170093
0.0170093
0.0170093
0.0170093
0.0170093
0.0170093
0.0170093
0.0170093
0.0170093
0.0170093
0.0170093
0.0170093
0.0170093
0.0170093
0.0170093
0.0170093
0.0170093
0.0170093
0.0170093
0.0170093
0.0170093
0.0170093
0.0170093
0.0170093
0.0170093
0.0170093
0.0170093
0.0170093
0.0170093
0.0170093
0.0170093
0.0170093
0.0170093
0.0170093
0.0170093
0.0170093
0.0170093
0.0170093
0.0170093
0.0170093
0.0170093
0.0170093
0.0170093
0.0170093
0.0170093
0.0170093
0.0170093
0.0170093
0.0170093
0.0170093
0.0170093
0.0170093
0.0170093
0.0170093
0.0170093
0.0170093
0.0170093
0.0170093
0.0170093
0.0170093
0.0170093
0.0170093
0.0170093
0.0170093
0.0170093
0.0170093
0.0170093
0.0170093
0.0170093
0.0170093
0.0170093
0.0170093
0.0170093
0.0170093
0.0170093
0.0170093
0.0170093
0.0170093
0.0170093
0.0170093
0.0170093
0.0170093
0.0170093
0.0170093
0.0170093
0.0170093
0.0170093
0.0170093
0.0170093
0.0170093
0.0170093
0.0170093
0.0170093
0.0170093
0.0170093
0.0170093
0.0170093
0.0170093
0.0170093
0.0170093
0.0170093
0.0170093
0.0170093
0.0170093
0.0170093
0.0170093
0.0170093
0.0170093
0.0170093
0.0170093
0.0170093
0.0170093
0.0170093
0.0170093
0.0170093
0.0170093
0.0170093
0.0170093
0.0170093
0.0170093
0.0170093
0.0170093
0.0170093
0.0170093
0.0170093
0.0170093
0.0170093
0.0170093
0.0170093
0.0170093
0.0170093
0.0170093
0.0170093
0.0170093
0.0170093
0.0170093
0.0170093
0.0170094
0.0170094
0.0170094
0.0170094
0.0170094
0.0170095
0.0170095
0.0170095
0.0170095
0.0170096
0.0170096
0.0170097
0.0170098
0.0170098
0.0170099
0.01701
0.0170101
0.0170103
0.0170105
0.0170108
0.0170112
0.0170117
0.0170125
0.0170136
0.0170151
0.0170151
0.0170136
0.0170125
0.0170117
0.0170112
0.0170108
0.0170105
0.0170103
0.0170101
0.01701
0.0170099
0.0170098
0.0170097
0.0170097
0.0170096
0.0170096
0.0170095
0.0170095
0.0170095
0.0170094
0.0170094
0.0170094
0.0170094
0.0170093
0.0170093
0.0170093
0.0170093
0.0170093
0.0170093
0.0170093
0.0170093
0.0170093
0.0170093
0.0170092
0.0170092
0.0170092
0.0170092
0.0170092
0.0170092
0.0170092
0.0170092
0.0170092
0.0170092
0.0170092
0.0170092
0.0170092
0.0170092
0.0170092
0.0170092
0.0170092
0.0170092
0.0170092
0.0170092
0.0170092
0.0170092
0.0170092
0.0170092
0.0170092
0.0170092
0.0170092
0.0170092
0.0170092
0.0170093
0.0170093
0.0170093
0.0170093
0.0170093
0.0170093
0.0170093
0.0170093
0.0170093
0.0170093
0.0170093
0.0170093
0.0170093
0.0170093
0.0170093
0.0170093
0.0170093
0.0170093
0.0170093
0.0170093
0.0170093
0.0170093
0.0170093
0.0170093
0.0170093
0.0170093
0.0170093
0.0170093
0.0170093
0.0170093
0.0170093
0.0170093
0.0170093
0.0170093
0.0170093
0.0170093
0.0170093
0.0170093
0.0170093
0.0170093
0.0170093
0.0170093
0.0170093
0.0170093
0.0170093
0.0170093
0.0170093
0.0170093
0.0170093
0.0170093
0.0170093
0.0170093
0.0170093
0.0170093
0.0170093
0.0170093
0.0170093
0.0170093
0.0170093
0.0170093
0.0170093
0.0170093
0.0170093
0.0170093
0.0170093
0.0170093
0.0170093
0.0170093
0.0170093
0.0170093
0.0170093
0.0170093
0.0170093
0.0170093
0.0170093
0.0170093
0.0170093
0.0170093
0.0170093
0.0170093
0.0170093
0.0170093
0.0170093
0.0170093
0.0170093
0.0170093
0.0170093
0.0170093
0.0170093
0.0170093
0.0170093
0.0170093
0.0170093
0.0170093
0.0170093
0.0170093
0.0170093
0.0170093
0.0170093
0.0170093
0.0170093
0.0170093
0.0170093
0.0170093
0.0170093
0.0170093
0.0170093
0.0170093
0.0170093
0.0170093
0.0170093
0.0170093
0.0170093
0.0170093
0.0170093
0.0170093
0.0170093
0.0170093
0.0170093
0.0170093
0.0170093
0.0170093
0.0170093
0.0170093
0.0170093
0.0170093
0.0170093
0.0170093
0.0170093
0.0170093
0.0170093
0.0170093
0.0170093
0.0170093
0.0170093
0.0170093
0.0170093
0.0170093
0.0170093
0.0170093
0.0170093
0.0170093
0.0170093
0.0170093
0.0170093
0.0170092
0.0170092
0.0170092
0.0170092
0.0170092
0.0170092
0.0170092
0.0170092
0.0170092
0.0170092
0.0170092
0.0170092
0.0170092
0.0170092
0.0170092
0.0170092
0.0170092
0.0170092
0.0170092
0.0170092
0.0170092
0.0170092
0.0170092
0.0170092
0.0170092
0.0170092
0.0170092
0.0170092
0.0170092
0.0170093
0.0170093
0.0170093
0.0170093
0.0170093
0.0170093
0.0170093
0.0170093
0.0170093
0.0170093
0.0170093
0.0170094
0.0170094
0.0170094
0.0170094
0.0170095
0.0170095
0.0170095
0.0170096
0.0170096
0.0170097
0.0170097
0.0170098
0.0170099
0.01701
0.0170101
0.0170103
0.0170105
0.0170108
0.0170112
0.0170117
0.0170125
0.0170136
0.0170151
0.00106866
0.00106866
0.00106979
0.00106996
0.00106893
0.0010687
0.00106866
0.00106866
0.00106866
0.00106866
0.00106866
0.0010686
0.00113369
0.00106866
0.00106866
0.00106918
0.00107054
0.00107042
0.00106922
0.00106879
0.00106869
0.00106866
0.00106866
0.00106866
0.0010686
0.00113364
0.00106866
0.00106866
0.00106865
0.00107009
0.00107164
0.00107134
0.00106984
0.00106909
0.0010688
0.0010687
0.00106867
0.0010686
0.00113363
0.00106866
0.00106866
0.00106865
0.00106865
0.00107088
0.0010729
0.00107309
0.00107139
0.0010701
0.00106935
0.0010689
0.0010686
0.00113357
0.00106866
0.00106866
0.00106866
0.00106865
0.00106865
0.00107075
0.00107412
0.00107493
0.00107473
0.00107332
0.00107097
0.0010686
0.00113355
0.00106866
0.00106866
0.00106866
0.00106866
0.00106866
0.00106866
0.00106883
0.00107277
0.00107566
0.00107694
0.0010771
0.0010686
0.0011335
0.00106866
0.00106866
0.00106866
0.00106866
0.00106866
0.00106866
0.00106866
0.00106866
0.00106866
0.00107018
0.00107605
0.0010686
0.00113343
0.00106866
0.00106866
0.00106866
0.00106866
0.00106866
0.00106866
0.00106866
0.00106866
0.00106866
0.00106865
0.00106905
0.0010686
0.00113333
0.00106866
0.00106866
0.00106866
0.00106866
0.00106866
0.00106866
0.00106866
0.00106866
0.00106866
0.00106865
0.00106867
0.0010686
0.00113323
0.00106866
0.00106866
0.00106866
0.00106866
0.00106866
0.00106866
0.00106866
0.00106866
0.00106866
0.00106865
0.00106865
0.0010686
0.00113306
0.00106866
0.00106866
0.00106866
0.00106866
0.00106866
0.00106866
0.00106866
0.00106866
0.00106866
0.00106866
0.00106866
0.0010686
0.00113289
0.00106866
0.00106866
0.00106866
0.00106866
0.00106866
0.00106866
0.00106866
0.00106866
0.00106866
0.00106866
0.00106866
0.0010686
0.00113274
0.00106866
0.00106866
0.00106866
0.00106866
0.00106866
0.00106866
0.00106866
0.00106866
0.00106866
0.00106866
0.00106866
0.0010686
0.0011327
0.00106866
0.00106866
0.00106866
0.00106866
0.00106866
0.00106866
0.00106866
0.00106866
0.00106866
0.00106866
0.00106866
0.0010686
0.00113282
0.00106866
0.00106866
0.00106866
0.00106866
0.00106866
0.00106866
0.00106866
0.00106866
0.00106866
0.00106866
0.00106866
0.0010686
0.00113298
0.00106866
0.00106866
0.00106866
0.00106866
0.00106866
0.00106866
0.00106866
0.00106866
0.00106866
0.00106866
0.00106865
0.0010686
0.00113314
0.00106866
0.00106866
0.00106866
0.00106866
0.00106866
0.00106866
0.00106866
0.00106866
0.00106865
0.00106865
0.00106871
0.0010686
0.00113326
0.00106866
0.00106866
0.00106866
0.00106866
0.00106866
0.00106866
0.00106866
0.00106866
0.00106865
0.00106979
0.00107558
0.0010686
0.00113337
0.00106866
0.00106866
0.00106866
0.00106866
0.00106866
0.00106866
0.00106883
0.00107283
0.00107557
0.00107689
0.00107712
0.0010686
0.00113342
0.00106866
0.00106866
0.00106866
0.00106865
0.00106865
0.00107075
0.00107412
0.00107495
0.00107467
0.00107333
0.00107173
0.0010686
0.00113349
0.00106866
0.00106866
0.00106865
0.00106865
0.00107088
0.0010729
0.00107308
0.0010714
0.00107009
0.00106942
0.00106903
0.0010686
0.0011335
0.00106866
0.00106866
0.00106865
0.00107009
0.00107163
0.00107134
0.00106984
0.00106909
0.00106881
0.00106871
0.00106868
0.0010686
0.00113353
0.00106866
0.00106866
0.00106918
0.00107054
0.00107042
0.00106922
0.00106879
0.00106869
0.00106866
0.00106866
0.00106866
0.0010686
0.00113353
0.00106866
0.00106866
0.00106979
0.00106996
0.00106893
0.0010687
0.00106866
0.00106866
0.00106866
0.00106866
0.00106866
0.0010686
0.0011336
0.00106866
0.00106866
0.00106978
0.00106982
0.00106886
0.00106868
0.00106866
0.00106866
0.00106866
0.00106866
0.00106866
0.00106861
0.00111552
0.00106866
0.00106866
0.00106917
0.00107055
0.00107041
0.00106919
0.00106877
0.00106868
0.00106866
0.00106866
0.00106866
0.00106861
0.00111546
0.00106866
0.00106866
0.00106865
0.00107009
0.00107166
0.00107134
0.00106981
0.00106907
0.00106879
0.00106871
0.00106868
0.00106861
0.00111545
0.00106866
0.00106866
0.00106865
0.00106865
0.0010709
0.00107293
0.0010731
0.00107139
0.00107006
0.0010694
0.00106902
0.00106861
0.00111535
0.00106866
0.00106866
0.00106866
0.00106865
0.00106865
0.00107076
0.00107415
0.00107498
0.00107471
0.00107329
0.00107176
0.00106861
0.00111524
0.00106866
0.00106866
0.00106866
0.00106866
0.00106866
0.00106866
0.00106881
0.00107285
0.00107558
0.00107692
0.00107718
0.00106861
0.00111518
0.00106866
0.00106866
0.00106866
0.00106866
0.00106866
0.00106866
0.00106866
0.00106866
0.00106865
0.00106963
0.00107598
0.00106861
0.00111511
0.00106866
0.00106866
0.00106866
0.00106866
0.00106866
0.00106866
0.00106866
0.00106866
0.00106865
0.00106865
0.00106873
0.00106861
0.00111485
0.00106866
0.00106866
0.00106866
0.00106866
0.00106866
0.00106866
0.00106866
0.00106866
0.00106866
0.00106866
0.00106865
0.00106861
0.00111447
0.00106866
0.00106866
0.00106866
0.00106866
0.00106866
0.00106866
0.00106866
0.00106866
0.00106866
0.00106866
0.00106866
0.00106861
0.00111407
0.00106866
0.00106866
0.00106866
0.00106866
0.00106866
0.00106866
0.00106866
0.00106866
0.00106866
0.00106866
0.00106866
0.00106861
0.00111372
0.00106866
0.00106866
0.00106866
0.00106866
0.00106866
0.00106866
0.00106866
0.00106866
0.00106866
0.00106866
0.00106866
0.00106861
0.0011135
0.00106866
0.00106866
0.00106866
0.00106866
0.00106866
0.00106866
0.00106866
0.00106866
0.00106866
0.00106866
0.00106866
0.00106861
0.00111356
0.00106866
0.00106866
0.00106866
0.00106866
0.00106866
0.00106866
0.00106866
0.00106866
0.00106866
0.00106866
0.00106866
0.00106861
0.00111387
0.00106866
0.00106866
0.00106866
0.00106866
0.00106866
0.00106866
0.00106866
0.00106866
0.00106866
0.00106865
0.00106865
0.00106861
0.0011143
0.00106866
0.00106866
0.00106866
0.00106866
0.00106866
0.00106866
0.00106866
0.00106866
0.00106866
0.00106865
0.00106867
0.00106861
0.00111472
0.00106866
0.00106866
0.00106866
0.00106866
0.00106866
0.00106866
0.00106866
0.00106866
0.00106866
0.00106865
0.00106908
0.00106861
0.00111509
0.00106866
0.00106866
0.00106866
0.00106866
0.00106866
0.00106866
0.00106866
0.00106866
0.00106866
0.00106998
0.00107644
0.00106861
0.00111528
0.00106866
0.00106866
0.00106866
0.00106866
0.00106865
0.00106865
0.00106881
0.00107279
0.00107564
0.00107699
0.00107718
0.00106861
0.00111535
0.00106866
0.00106866
0.00106866
0.00106865
0.00106865
0.00107076
0.00107415
0.00107496
0.00107476
0.00107331
0.00107097
0.00106861
0.00111539
0.00106866
0.00106866
0.00106865
0.00106865
0.00107089
0.00107293
0.00107311
0.00107138
0.00107007
0.00106933
0.00106888
0.00106861
0.00111552
0.00106866
0.00106866
0.00106865
0.00107009
0.00107166
0.00107134
0.00106982
0.00106907
0.00106879
0.0010687
0.00106867
0.00106861
0.00111561
0.00106866
0.00106866
0.00106917
0.00107055
0.00107041
0.00106919
0.00106877
0.00106868
0.00106866
0.00106866
0.00106866
0.00106861
0.00111563
0.00106866
0.00106866
0.00106978
0.00106982
0.00106886
0.00106868
0.00106866
0.00106866
0.00106866
0.00106866
0.00106866
0.00106861
0.00111567
0.00100993
0.00104489
0.00106407
0.00106796
0.00106856
0.00106865
0.00106866
0.00106866
0.00106866
0.00106866
0.00106866
0.00106866
0.00106866
0.00100993
0.00101843
0.00104345
0.00106021
0.00106667
0.0010683
0.0010686
0.00106865
0.00106866
0.00106866
0.00106866
0.00106866
0.00106866
0.00100993
0.00101106
0.00102015
0.00103895
0.00105607
0.00106473
0.00106762
0.00106838
0.00106859
0.00106864
0.00106865
0.00106866
0.00106866
0.00100993
0.00101282
0.00101475
0.00101936
0.00103456
0.00105127
0.00106134
0.00106573
0.00106754
0.00106823
0.0010685
0.00106859
0.00106864
0.00100993
0.00101044
0.00101595
0.00101772
0.00101982
0.00103052
0.00104429
0.00105441
0.0010609
0.00106454
0.00106655
0.0010675
0.00106819
0.00100993
0.00101065
0.00101144
0.00101677
0.00102002
0.00102117
0.00102665
0.00103466
0.00104349
0.00105052
0.0010568
0.00105983
0.00106402
0.00100994
0.00101083
0.00101278
0.00101278
0.00101674
0.00102086
0.00102331
0.00102401
0.00102866
0.00103043
0.00103903
0.00104019
0.0010492
0.00100994
0.00100995
0.0010114
0.00101377
0.00101495
0.00101593
0.0010226
0.00102075
0.00102835
0.00102318
0.00102977
0.00102682
0.00103216
0.00100996
0.0010106
0.0010106
0.00101278
0.00101495
0.00101324
0.00102025
0.00101734
0.00102375
0.00102298
0.00102621
0.00102644
0.00102798
0.00100997
0.00101042
0.00101133
0.00101092
0.0010147
0.00101324
0.00101769
0.00101734
0.00101936
0.00101976
0.00102248
0.00102262
0.0010251
0.00101
0.00100982
0.00101112
0.00101092
0.00101366
0.00101324
0.00101596
0.00101625
0.00101909
0.00101828
0.00102075
0.00102
0.00102191
0.00101003
0.00100982
0.00101088
0.00101091
0.0010131
0.00101322
0.0010154
0.00101552
0.00101781
0.00101806
0.00101977
0.00101979
0.00102107
0.00101009
0.00100982
0.00101087
0.00101092
0.0010131
0.00101321
0.0010154
0.00101553
0.00101784
0.00101809
0.00101979
0.0010198
0.00102108
0.00101015
0.00100982
0.00101119
0.00101101
0.00101376
0.00101324
0.00101602
0.00101636
0.00101921
0.00101835
0.00102078
0.00102004
0.00102192
0.00101023
0.00101053
0.00101137
0.00101101
0.00101483
0.00101324
0.00101782
0.00101752
0.00101947
0.0010198
0.00102251
0.00102262
0.00102508
0.00101028
0.00101062
0.00101062
0.0010131
0.00101499
0.00101324
0.00102053
0.00101752
0.00102374
0.00102304
0.00102624
0.00102652
0.00102804
0.00101035
0.00101025
0.00101191
0.00101398
0.00101499
0.0010161
0.00102281
0.00102084
0.00102852
0.00102336
0.00102984
0.00102691
0.00103207
0.00101039
0.00101117
0.00101274
0.00101301
0.00101714
0.00102112
0.00102353
0.00102412
0.00102873
0.00103028
0.00103883
0.00103985
0.00104883
0.00101042
0.00101093
0.00101203
0.00101715
0.00102015
0.00102135
0.00102669
0.0010345
0.0010432
0.00105016
0.00105649
0.00105952
0.00106382
0.00101047
0.00101112
0.0010158
0.00101781
0.00102006
0.00103053
0.00104401
0.00105408
0.00106063
0.00106434
0.00106644
0.00106743
0.00106816
0.0010105
0.00101271
0.00101488
0.00101991
0.0010344
0.00105086
0.00106101
0.00106555
0.00106745
0.00106819
0.00106848
0.00106859
0.00106864
0.00101057
0.00101157
0.00101989
0.00103801
0.00105524
0.00106437
0.0010675
0.00106835
0.00106858
0.00106864
0.00106865
0.00106866
0.00106866
0.00101059
0.00101542
0.00103951
0.00105844
0.00106619
0.00106821
0.00106858
0.00106864
0.00106866
0.00106866
0.00106866
0.00106866
0.00106866
0.00101076
0.00103309
0.00106089
0.00106754
0.00106852
0.00106864
0.00106866
0.00106866
0.00106866
0.00106866
0.00106866
0.00106866
0.00106866
0.00102708
0.00104438
0.00106363
0.00106803
0.0010686
0.00106865
0.00106866
0.00106866
0.00106866
0.00106866
0.00106866
0.00106866
0.00106866
0.00102705
0.00103
0.00104709
0.00106115
0.0010669
0.00106836
0.00106861
0.00106865
0.00106866
0.00106866
0.00106866
0.00106866
0.00106866
0.00102701
0.00102739
0.00103275
0.00104589
0.00105871
0.00106552
0.00106783
0.00106844
0.0010686
0.00106864
0.00106865
0.00106866
0.00106866
0.00102697
0.00102838
0.00102956
0.00103272
0.00104322
0.00105545
0.00106302
0.00106638
0.00106779
0.00106833
0.00106854
0.00106861
0.00106864
0.00102693
0.00102715
0.00103049
0.00103163
0.00103287
0.00104041
0.00105038
0.00105787
0.00106273
0.00106549
0.00106704
0.00106776
0.0010683
0.00102682
0.00102702
0.00102767
0.00103131
0.00103326
0.00103385
0.00103763
0.00104337
0.00104981
0.00105499
0.00105968
0.00106192
0.0010651
0.00102675
0.00102717
0.00102824
0.00102832
0.00103123
0.00103396
0.00103552
0.00103582
0.00103915
0.00104029
0.00104661
0.00104738
0.00105402
0.00102665
0.00102643
0.00102765
0.00102921
0.00102962
0.00103064
0.00103517
0.00103354
0.00103906
0.00103532
0.00103997
0.00103777
0.0010416
0.00102657
0.00102684
0.00102684
0.00102848
0.00102968
0.00102856
0.00103354
0.0010314
0.00103582
0.00103523
0.00103746
0.00103759
0.00103866
0.00102649
0.00102676
0.00102733
0.00102713
0.00102963
0.00102855
0.00103167
0.0010314
0.0010328
0.00103303
0.00103487
0.00103487
0.0010366
0.00102642
0.00102621
0.00102716
0.00102712
0.00102893
0.00102855
0.00103043
0.00103065
0.0010326
0.00103199
0.00103368
0.00103312
0.00103441
0.00102636
0.00102621
0.00102696
0.00102703
0.00102852
0.00102855
0.00102998
0.00103006
0.00103164
0.00103181
0.00103297
0.00103296
0.00103382
0.00102631
0.00102621
0.00102696
0.00102702
0.00102846
0.00102854
0.00102995
0.00103002
0.00103158
0.00103177
0.00103293
0.00103295
0.00103381
0.00102628
0.0010262
0.00102708
0.00102703
0.00102874
0.00102854
0.00103032
0.00103042
0.00103244
0.00103189
0.00103364
0.00103307
0.00103432
0.00102625
0.00102651
0.00102713
0.00102703
0.00102939
0.00102854
0.00103145
0.00103114
0.00103263
0.00103287
0.00103473
0.00103479
0.0010365
0.00102623
0.00102668
0.00102669
0.00102825
0.00102939
0.00102855
0.00103316
0.00103114
0.00103556
0.00103497
0.00103722
0.00103731
0.00103839
0.0010262
0.00102609
0.0010272
0.00102893
0.00102926
0.00103051
0.00103482
0.00103322
0.00103857
0.00103505
0.00103963
0.00103735
0.00104134
0.00102617
0.00102669
0.00102805
0.00102805
0.0010307
0.00103355
0.00103508
0.00103539
0.00103876
0.00104004
0.00104647
0.00104733
0.00105408
0.00102607
0.00102668
0.00102709
0.00103087
0.00103292
0.0010334
0.00103728
0.0010432
0.00104981
0.00105509
0.0010598
0.00106207
0.0010652
0.001026
0.0010264
0.00103029
0.00103125
0.00103235
0.00104011
0.0010504
0.001058
0.00106288
0.0010656
0.00106711
0.00106781
0.00106832
0.00102596
0.00102817
0.00102915
0.00103193
0.00104305
0.00105561
0.0010632
0.0010665
0.00106785
0.00106835
0.00106855
0.00106861
0.00106864
0.00102593
0.00102659
0.00103233
0.00104619
0.00105919
0.00106575
0.00106791
0.00106847
0.00106861
0.00106865
0.00106865
0.00106866
0.00106866
0.00102592
0.00103073
0.00104938
0.00106232
0.00106723
0.00106842
0.00106862
0.00106865
0.00106866
0.00106866
0.00106866
0.00106866
0.00106866
0.00102592
0.00105087
0.00106557
0.00106827
0.00106862
0.00106865
0.00106866
0.00106866
0.00106866
0.00106866
0.00106866
0.00106866
0.00106866
)
;

boundaryField
{
    PNe
    {
        type            calculated;
        value           nonuniform List<scalar> 
270
(
0.0170151
0.0170136
0.0170125
0.0170117
0.0170112
0.0170108
0.0170105
0.0170103
0.0170101
0.01701
0.0170099
0.0170098
0.0170097
0.0170097
0.0170096
0.0170096
0.0170095
0.0170095
0.0170095
0.0170094
0.0170094
0.0170094
0.0170094
0.0170093
0.0170093
0.0170093
0.0170093
0.0170093
0.0170093
0.0170093
0.0170093
0.0170093
0.0170093
0.0170092
0.0170092
0.0170092
0.0170092
0.0170092
0.0170092
0.0170092
0.0170092
0.0170092
0.0170092
0.0170092
0.0170092
0.0170092
0.0170092
0.0170092
0.0170092
0.0170092
0.0170092
0.0170092
0.0170092
0.0170092
0.0170092
0.0170092
0.0170092
0.0170092
0.0170092
0.0170092
0.0170092
0.0170092
0.0170093
0.0170093
0.0170093
0.0170093
0.0170093
0.0170093
0.0170093
0.0170093
0.0170093
0.0170093
0.0170093
0.0170093
0.0170093
0.0170093
0.0170093
0.0170093
0.0170093
0.0170093
0.0170093
0.0170093
0.0170093
0.0170093
0.0170093
0.0170093
0.0170093
0.0170093
0.0170093
0.0170093
0.0170093
0.0170093
0.0170093
0.0170093
0.0170093
0.0170093
0.0170093
0.0170093
0.0170093
0.0170093
0.0170093
0.0170093
0.0170093
0.0170093
0.0170093
0.0170093
0.0170093
0.0170093
0.0170093
0.0170093
0.0170093
0.0170093
0.0170093
0.0170093
0.0170093
0.0170093
0.0170093
0.0170093
0.0170093
0.0170093
0.0170093
0.0170093
0.0170093
0.0170093
0.0170093
0.0170093
0.0170093
0.0170093
0.0170093
0.0170093
0.0170093
0.0170093
0.0170093
0.0170093
0.0170093
0.0170093
0.0170093
0.0170093
0.0170093
0.0170093
0.0170093
0.0170093
0.0170093
0.0170093
0.0170093
0.0170093
0.0170093
0.0170093
0.0170093
0.0170093
0.0170093
0.0170093
0.0170093
0.0170093
0.0170093
0.0170093
0.0170093
0.0170093
0.0170093
0.0170093
0.0170093
0.0170093
0.0170093
0.0170093
0.0170093
0.0170093
0.0170093
0.0170093
0.0170093
0.0170093
0.0170093
0.0170093
0.0170093
0.0170093
0.0170093
0.0170093
0.0170093
0.0170093
0.0170093
0.0170093
0.0170093
0.0170093
0.0170093
0.0170093
0.0170093
0.0170093
0.0170093
0.0170093
0.0170093
0.0170093
0.0170093
0.0170093
0.0170093
0.0170093
0.0170093
0.0170093
0.0170093
0.0170093
0.0170093
0.0170093
0.0170093
0.0170093
0.0170093
0.0170093
0.0170093
0.0170093
0.0170093
0.0170092
0.0170092
0.0170092
0.0170092
0.0170092
0.0170092
0.0170092
0.0170092
0.0170092
0.0170092
0.0170092
0.0170092
0.0170092
0.0170092
0.0170092
0.0170092
0.0170092
0.0170092
0.0170092
0.0170092
0.0170092
0.0170092
0.0170092
0.0170092
0.0170092
0.0170092
0.0170092
0.0170092
0.0170092
0.0170093
0.0170093
0.0170093
0.0170093
0.0170093
0.0170093
0.0170093
0.0170093
0.0170093
0.0170093
0.0170093
0.0170094
0.0170094
0.0170094
0.0170094
0.0170095
0.0170095
0.0170095
0.0170096
0.0170096
0.0170097
0.0170097
0.0170098
0.0170099
0.01701
0.0170101
0.0170103
0.0170105
0.0170108
0.0170112
0.0170117
0.0170125
0.0170136
0.0170151
)
;
    }
    PPe
    {
        type            calculated;
        value           nonuniform List<scalar> 
270
(
0.0170202
0.0170201
0.01702
0.01702
0.01702
0.0170199
0.0170199
0.0170199
0.0170199
0.0170199
0.0170199
0.0170199
0.0170199
0.0170199
0.0170199
0.0170199
0.0170199
0.0170199
0.0170199
0.0170199
0.0170199
0.0170199
0.0170199
0.0170199
0.0170199
0.0170199
0.0170199
0.0170199
0.0170199
0.0170199
0.0170199
0.0170199
0.0170199
0.0170199
0.0170199
0.0170199
0.0170199
0.0170199
0.0170199
0.0170199
0.0170199
0.0170199
0.0170199
0.0170199
0.0170199
0.0170199
0.0170199
0.0170199
0.0170199
0.0170199
0.0170199
0.0170199
0.0170199
0.0170199
0.0170199
0.0170199
0.0170199
0.0170199
0.0170199
0.0170199
0.0170199
0.0170199
0.0170199
0.0170199
0.0170199
0.0170199
0.0170199
0.0170199
0.0170199
0.0170199
0.0170199
0.0170199
0.0170199
0.0170199
0.0170199
0.0170199
0.0170199
0.0170199
0.0170199
0.0170199
0.0170199
0.0170199
0.0170199
0.0170199
0.0170199
0.0170199
0.0170199
0.0170199
0.0170199
0.0170199
0.0170199
0.0170199
0.0170199
0.0170199
0.0170199
0.0170199
0.0170199
0.0170199
0.0170199
0.0170199
0.0170199
0.0170199
0.0170199
0.0170199
0.0170199
0.0170199
0.0170199
0.0170199
0.0170199
0.0170199
0.0170199
0.0170199
0.0170199
0.0170199
0.0170199
0.0170199
0.0170199
0.0170199
0.0170199
0.0170199
0.0170199
0.0170199
0.0170199
0.0170199
0.0170199
0.0170199
0.0170199
0.0170199
0.0170199
0.0170199
0.0170199
0.0170199
0.0170199
0.0170199
0.0170199
0.0170199
0.0170199
0.0170199
0.0170199
0.0170199
0.0170199
0.0170199
0.0170199
0.0170199
0.0170199
0.0170199
0.0170199
0.0170199
0.0170199
0.0170199
0.0170199
0.0170199
0.0170199
0.0170199
0.0170199
0.0170199
0.0170199
0.0170199
0.0170199
0.0170199
0.0170199
0.0170199
0.0170199
0.0170199
0.0170199
0.0170199
0.0170199
0.0170199
0.0170199
0.0170199
0.0170199
0.0170199
0.0170199
0.0170199
0.0170199
0.0170199
0.0170199
0.0170199
0.0170199
0.0170199
0.0170199
0.0170199
0.0170199
0.0170199
0.0170199
0.0170199
0.0170199
0.0170199
0.0170199
0.0170199
0.0170199
0.0170199
0.0170199
0.0170199
0.0170199
0.0170199
0.0170199
0.0170199
0.0170199
0.0170199
0.0170199
0.0170199
0.0170199
0.0170199
0.0170199
0.0170199
0.0170199
0.0170199
0.0170199
0.0170199
0.0170199
0.0170199
0.0170199
0.0170199
0.0170199
0.0170199
0.0170199
0.0170199
0.0170199
0.0170199
0.0170199
0.0170199
0.0170199
0.0170199
0.0170199
0.0170199
0.0170199
0.0170199
0.0170199
0.0170199
0.0170199
0.0170199
0.0170199
0.0170199
0.0170199
0.0170199
0.0170199
0.0170199
0.0170199
0.0170199
0.0170199
0.0170199
0.0170199
0.0170199
0.0170199
0.0170199
0.0170199
0.0170199
0.0170199
0.0170199
0.0170199
0.0170199
0.0170199
0.0170199
0.0170199
0.0170199
0.0170199
0.0170199
0.0170199
0.0170199
0.0170199
0.0170199
0.0170199
0.0170199
0.0170199
0.01702
0.01702
0.01702
0.0170201
0.0170202
)
;
    }
    frontAndBack
    {
        type            empty;
    }
    Outlet1
    {
        type            calculated;
        value           nonuniform List<scalar> 
24
(
0.00106866
0.00106866
0.00106866
0.00106864
0.00106819
0.00106402
0.0010492
0.00103216
0.00102798
0.0010251
0.00102191
0.00102107
0.00102108
0.00102192
0.00102508
0.00102804
0.00103207
0.00104883
0.00106382
0.00106816
0.00106864
0.00106866
0.00106866
0.00106866
)
;
    }
    Outlet2
    {
        type            calculated;
        value           nonuniform List<scalar> 
24
(
0.00106866
0.00106866
0.00106866
0.00106864
0.0010683
0.0010651
0.00105402
0.0010416
0.00103866
0.0010366
0.00103441
0.00103382
0.00103381
0.00103432
0.0010365
0.00103839
0.00104134
0.00105408
0.0010652
0.00106832
0.00106864
0.00106866
0.00106866
0.00106866
)
;
    }
    Inlet1
    {
        type            calculated;
        value           uniform 0.00106866;
    }
    Inlet2
    {
        type            calculated;
        value           uniform 0.00106866;
    }
    Walls
    {
        type            calculated;
        value           nonuniform List<scalar> 
132
(
0.00101102
0.0010687
0.00106866
0.00106866
0.00106866
0.00106866
0.00106866
0.00106866
0.00106866
0.00106866
0.00106866
0.00106866
0.00106869
0.00102786
0.00113327
0.00113294
0.00113294
0.00113188
0.00113086
0.00113136
0.00111803
0.00110808
0.00111207
0.00111439
0.00111439
0.00111499
0.00111499
0.00111519
0.00106866
0.00106866
0.00106979
0.00106996
0.00106893
0.0010687
0.00106866
0.00106866
0.00106866
0.00106866
0.00106866
0.0010686
0.00113369
0.00106866
0.00106866
0.00106979
0.00106996
0.00106893
0.0010687
0.00106866
0.00106866
0.00106866
0.00106866
0.00106866
0.0010686
0.0011336
0.00106866
0.00106866
0.00106978
0.00106982
0.00106886
0.00106868
0.00106866
0.00106866
0.00106866
0.00106866
0.00106866
0.00106861
0.00111552
0.00106866
0.00106866
0.00106978
0.00106982
0.00106886
0.00106868
0.00106866
0.00106866
0.00106866
0.00106866
0.00106866
0.00106861
0.00111567
0.00100993
0.00104489
0.00106407
0.00106796
0.00106856
0.00106865
0.00106866
0.00106866
0.00106866
0.00106866
0.00106866
0.00106866
0.00106866
0.00101076
0.00103309
0.00106089
0.00106754
0.00106852
0.00106864
0.00106866
0.00106866
0.00106866
0.00106866
0.00106866
0.00106866
0.00106866
0.00102708
0.00104438
0.00106363
0.00106803
0.0010686
0.00106865
0.00106866
0.00106866
0.00106866
0.00106866
0.00106866
0.00106866
0.00106866
0.00102592
0.00105087
0.00106557
0.00106827
0.00106862
0.00106865
0.00106866
0.00106866
0.00106866
0.00106866
0.00106866
0.00106866
0.00106866
)
;
    }
}


// ************************************************************************* //
